date,stock_id,Trading_Volume,Trading_money,open,max,min,close,spread,Trading_turnover
2016-09-29,1326,6624566,565073520,85.4,85.5,84.9,85.4,0.7,3577
2016-09-30,1326,6442108,544026592,83.7,85.2,83.7,84.3,-1.1,3587
2016-10-03,1326,3227686,273687452,83.7,85.3,83.6,85.2,0.9,2294
2016-10-04,1326,5271889,447590289,85.0,85.2,84.1,85.2,0.0,2787
2016-10-05,1326,2397516,203076465,83.7,85.0,83.7,85.0,-0.2,1305
2016-10-06,1326,4469533,379710359,84.8,85.0,84.7,85.0,0.0,2338
2016-10-07,1326,6379063,545226455,85.0,85.8,84.9,85.6,0.6,3268
2016-10-11,1326,5812283,497359958,85.6,85.8,85.1,85.6,0.0,2539
2016-10-12,1326,9184161,795448945,85.9,87.0,85.9,86.8,1.2,4259
2016-10-13,1326,11344848,995606515,87.1,88.4,86.7,87.7,0.9,5896
2016-10-14,1326,6605056,579433251,87.7,87.9,87.2,87.7,0.0,2978
2016-10-17,1326,8461010,739435949,87.6,88.0,85.9,87.7,0.0,3094
2016-10-18,1326,9352250,828791789,87.9,89.0,87.7,89.0,1.3,3568
2016-10-19,1326,14830144,1364622761,88.9,93.5,88.5,92.0,3.0,6408
2016-10-20,1326,12660383,1182472377,92.0,94.2,91.2,93.0,1.0,6283
2016-10-21,1326,13327203,1231998616,92.2,93.4,91.3,92.5,-0.5,3477
2016-10-24,1326,5075672,469114024,92.4,92.6,92.1,92.5,0.0,2615
2016-10-25,1326,7574605,706061232,92.0,93.8,92.0,93.5,1.0,3723
2016-10-26,1326,8623832,812917008,93.5,94.9,93.3,94.5,1.0,4357
2016-10-27,1326,5941078,555109319,94.5,94.8,92.3,93.2,-1.3,3282
2016-10-28,1326,6704606,631256271,93.2,94.6,92.5,94.4,1.2,2537
2016-10-31,1326,6459574,605774490,93.1,94.3,93.0,93.9,-0.5,2803
2016-11-01,1326,6950945,653551423,92.9,94.6,92.8,94.0,0.1,2698
2016-11-02,1326,4635420,434529060,93.2,94.2,93.1,93.6,-0.4,2221
2016-11-03,1326,4541134,425473453,93.2,94.0,93.2,93.5,-0.1,1894
2016-11-04,1326,5855511,549816663,93.3,94.3,93.2,94.0,0.5,2321
2016-11-07,1326,6497101,617301693,94.2,95.5,94.0,94.8,0.8,3461
2016-11-08,1326,5524627,529176846,95.5,96.2,95.1,96.1,1.3,3121
2016-11-09,1326,8890174,839168871,96.5,97.1,92.2,93.4,-2.7,4234
2016-11-10,1326,10622282,1021486787,96.0,96.5,95.4,96.2,2.8,4604
2016-11-11,1326,11430476,1088132058,95.0,96.0,94.5,95.1,-1.1,5117
2016-11-14,1326,9514250,905656555,95.1,95.7,94.6,95.0,-0.1,3761
2016-11-15,1326,9309913,881814722,95.0,95.1,93.7,94.4,-0.6,3506
2016-11-16,1326,7619999,729237572,94.4,96.3,94.4,96.0,1.6,3802
2016-11-17,1326,6463345,618021332,95.8,96.2,94.7,96.1,0.1,3047
2016-11-18,1326,7726777,734351671,95.2,95.7,94.6,94.6,-1.5,3638
2016-11-21,1326,4147381,393670393,94.6,95.4,94.0,95.1,0.5,2135
2016-11-22,1326,6111543,588337495,95.1,96.9,95.0,96.9,1.8,3038
2016-11-23,1326,6050848,590586548,96.9,98.4,96.3,98.0,1.1,3072
2016-11-24,1326,3632767,354592395,97.6,98.0,97.2,97.2,-0.8,1651
2016-11-25,1326,2603640,253250318,97.2,97.6,96.9,97.6,0.4,1400
2016-11-28,1326,4150272,406431157,98.0,98.4,97.1,98.0,0.4,1758
2016-11-29,1326,5768789,568049861,98.6,98.8,97.9,98.5,0.5,2487
2016-11-30,1326,11084271,1100610595,99.0,99.9,98.4,99.9,1.4,4158
2016-12-01,1326,3935138,392250162,99.9,100.0,99.1,99.5,-0.4,2246
2016-12-02,1326,2859270,282210156,99.1,99.1,98.0,98.7,-0.8,1613
2016-12-05,1326,4530928,444664369,98.7,98.7,97.6,97.8,-0.9,2616
2016-12-06,1326,6840945,677326043,99.4,99.4,98.5,99.0,1.2,4134
2016-12-07,1326,3013809,297345701,99.1,99.1,98.3,98.6,-0.4,1540
2016-12-08,1326,6565429,648785138,99.1,99.1,98.5,98.9,0.3,3172
2016-12-09,1326,4862910,481586095,99.0,99.4,98.8,99.0,0.1,2329
2016-12-12,1326,3747710,370893937,99.2,99.5,98.4,98.8,-0.2,1587
2016-12-13,1326,6033309,591135339,98.1,98.8,97.5,98.8,0.0,3516
2016-12-14,1326,5718975,565419221,98.7,99.2,98.3,98.6,-0.2,3104
2016-12-15,1326,4994994,487486294,98.0,98.3,97.2,97.6,-1.0,2146
2016-12-16,1326,5907022,576251712,97.3,98.0,97.3,97.3,-0.3,2318
2016-12-19,1326,3387914,325751054,97.1,97.3,95.6,96.0,-1.3,1680
2016-12-20,1326,3957875,381365604,95.7,96.9,95.7,96.8,0.8,1836
2016-12-21,1326,4343589,421970055,96.6,97.5,96.6,97.1,0.3,2120
2016-12-22,1326,5698135,541873146,96.8,96.8,94.5,94.5,-2.6,3559
2016-12-23,1326,5532952,516111236,94.5,94.9,92.9,93.2,-1.3,2549
2016-12-26,1326,2689761,251267288,93.0,94.4,92.8,94.2,1.0,1407
2016-12-27,1326,2496176,234022742,94.2,94.4,93.4,93.5,-0.7,1262
2016-12-28,1326,3900880,372096800,93.6,95.8,93.6,95.3,1.8,1870
2016-12-29,1326,4486732,426093966,95.8,95.8,94.0,94.7,-0.6,2199
2016-12-30,1326,6824064,654917512,95.8,96.9,95.1,96.3,1.6,3326
2017-01-03,1326,5092728,495845424,95.8,98.0,95.7,97.3,1.0,2548
2017-01-04,1326,3577580,348231833,97.3,97.7,96.9,97.2,-0.1,2203
2017-01-05,1326,5148936,503185042,97.4,98.1,96.9,98.0,0.8,2802
2017-01-06,1326,4697146,456894562,97.6,98.0,96.8,97.7,-0.3,2239
2017-01-09,1326,4362388,424366144,97.5,97.8,96.7,97.2,-0.5,1870
2017-01-10,1326,8445914,804116484,95.0,95.6,94.8,95.6,-1.6,3703
2017-01-11,1326,4760321,455289713,96.5,96.7,95.2,95.7,0.1,1950
2017-01-12,1326,8764504,854726824,96.2,98.0,95.7,98.0,2.3,4103
2017-01-13,1326,6288410,618630595,98.0,98.7,97.6,98.7,0.7,3194
2017-01-16,1326,3512093,342166421,98.3,98.3,96.8,97.5,-1.2,1696
2017-01-17,1326,3182775,311609052,97.0,98.3,97.0,97.9,0.4,1202
2017-01-18,1326,12706803,1204566080,96.4,96.6,92.4,94.4,-3.5,6560
2017-01-19,1326,5636004,531930574,94.4,95.0,93.4,94.7,0.3,3090
2017-01-20,1326,4267079,408006235,94.9,96.1,93.7,96.0,1.3,2257
2017-01-23,1326,4975902,482065716,96.3,97.1,96.1,96.8,0.8,2576
2017-01-24,1326,3421097,331404853,96.9,97.0,96.2,96.8,0.0,2010
2017-02-02,1326,10007022,963497972,98.0,98.0,95.1,95.2,-1.6,4757
2017-02-03,1326,6624325,633531757,95.4,96.8,95.2,95.7,0.5,3356
2017-02-06,1326,6384222,619408180,95.4,97.6,95.4,96.7,1.0,3335
2017-02-07,1326,7551647,737966559,97.5,98.0,97.1,98.0,1.3,3121
2017-02-08,1326,5493525,531404501,97.2,97.6,95.6,97.4,-0.6,3380
2017-02-09,1326,4147648,402872973,97.7,97.7,96.4,97.0,-0.4,2892
2017-02-10,1326,10072296,990273125,97.2,99.0,97.1,99.0,2.0,4788
2017-02-13,1326,5781256,573768764,99.0,99.7,98.7,99.7,0.7,3433
2017-02-14,1326,5185590,512910700,99.7,99.7,98.6,99.0,-0.7,2473
2017-02-15,1326,8424343,837111857,99.0,99.8,98.8,99.5,0.5,4234
2017-02-16,1326,7261464,715520791,99.6,100.0,97.9,98.5,-1.0,5162
2017-02-17,1326,4372532,428944923,98.5,98.6,97.8,98.6,0.1,1911
2017-02-18,1326,1594850,156349600,98.3,98.4,97.9,98.0,-0.6,407
2017-02-20,1326,3414056,333308843,98.0,98.1,97.0,97.8,-0.2,1331
2017-02-21,1326,5538674,543709166,98.4,98.7,97.7,98.7,0.9,1525
2017-02-22,1326,4622773,456092513,98.8,99.0,98.0,98.5,-0.2,1964
2017-02-23,1326,3367926,329198498,98.2,98.5,97.3,97.5,-1.0,1743
2017-02-24,1326,3740035,364184795,97.1,97.7,96.8,97.2,-0.3,1513
2017-03-01,1326,7050837,673744035,96.8,96.9,94.7,95.0,-2.2,3428
2017-03-02,1326,8622672,814709916,95.9,96.3,93.0,94.7,-0.3,4228
2017-03-03,1326,5280151,496338794,94.6,94.7,93.6,94.1,-0.6,2669
2017-03-06,1326,5840810,551519036,93.6,94.9,93.6,94.9,0.8,2664
2017-03-07,1326,5653779,541196484,94.9,96.5,94.9,96.5,1.6,2891
2017-03-08,1326,5005592,477770245,95.4,96.2,95.2,95.2,-1.3,2523
2017-03-09,1326,7751996,723412311,94.4,95.2,92.7,92.7,-2.5,4456
2017-03-10,1326,5628922,513841124,92.7,92.9,90.1,92.0,-0.7,3086
2017-03-13,1326,2386051,219615592,93.0,93.1,91.5,92.0,0.0,1501
2017-03-14,1326,3524273,325321229,92.2,92.6,92.0,92.3,0.3,2038
2017-03-15,1326,5177250,473823200,90.8,92.3,90.8,92.3,0.0,2401
2017-03-16,1326,5836843,550100362,92.8,95.0,92.6,94.4,2.1,2927
2017-03-17,1326,7914622,744264210,94.3,94.4,93.5,94.2,-0.2,2380
2017-03-20,1326,2487413,234426922,94.2,94.9,93.9,94.1,-0.1,1274
2017-03-21,1326,6017303,571175085,94.4,95.5,94.4,95.5,1.4,3252
2017-03-22,1326,6081223,578283694,95.2,95.5,94.4,95.5,0.0,2435
2017-03-23,1326,5137266,486285441,95.6,95.6,94.4,94.6,-0.9,2790
2017-03-24,1326,4173129,392702183,94.6,94.8,93.9,94.0,-0.6,2151
2017-03-27,1326,4238121,400773702,93.5,94.9,93.4,94.9,0.9,2232
2017-03-28,1326,6366648,601467931,95.2,95.2,93.7,94.5,-0.4,2829
2017-03-29,1326,3754581,353734914,95.0,95.0,93.9,94.0,-0.5,1898
2017-03-30,1326,5959965,556381421,94.0,94.8,92.9,93.1,-0.9,2505
2017-03-31,1326,8003824,753215798,94.0,94.4,93.3,94.4,1.3,3005
2017-04-05,1326,5778887,546936913,94.5,95.0,94.0,95.0,0.6,3238
2017-04-06,1326,5578494,522822816,94.3,94.5,93.5,93.8,-1.2,2486
2017-04-07,1326,8041427,750177108,93.0,93.9,92.7,93.6,-0.2,3709
2017-04-10,1326,4574791,431956225,93.3,94.9,93.3,94.8,1.2,2819
2017-04-11,1326,12772375,1209381608,95.0,95.2,93.5,94.5,-0.3,7473
2017-04-12,1326,7345648,695895846,94.3,95.0,93.9,94.9,0.4,4027
2017-04-13,1326,5696474,539997129,95.0,95.1,94.1,94.9,0.0,3223
2017-04-14,1326,3782490,355493660,94.0,94.6,93.5,94.0,-0.9,2182
2017-04-17,1326,3383463,317907106,94.1,94.6,93.6,94.0,0.0,2432
2017-04-18,1326,3098932,292657608,94.2,94.9,94.1,94.1,0.1,1660
2017-04-19,1326,5310112,497425016,93.5,94.1,93.1,93.1,-1.0,2593
2017-04-20,1326,5123008,473350528,93.1,93.1,92.0,92.0,-1.1,2084
2017-04-21,1326,2236596,207799321,92.4,93.0,92.4,92.9,0.9,1253
2017-04-24,1326,2410464,224348292,93.0,93.3,93.0,93.0,0.1,1325
2017-04-25,1326,7233368,672351315,93.4,94.0,92.3,94.0,1.0,3330
2017-04-26,1326,14601204,1344730619,94.0,94.0,91.0,92.0,-2.0,5258
2017-04-27,1326,6045837,556698678,91.7,92.4,91.7,92.0,0.0,3230
2017-04-28,1326,6438144,596338630,92.0,93.1,91.9,92.8,0.8,2944
2017-05-02,1326,4696735,437394668,93.0,93.5,92.7,93.3,0.5,2592
2017-05-03,1326,3486952,324468642,93.2,93.6,92.7,93.0,-0.3,1703
2017-05-04,1326,2544150,236767285,93.1,93.2,92.9,93.2,0.2,1605
2017-05-05,1326,6172625,566104400,93.0,93.1,91.2,91.5,-1.7,3140
2017-05-08,1326,4508059,413456191,91.8,92.1,91.5,92.1,0.6,2186
2017-05-09,1326,10169895,916294850,91.5,91.6,89.1,89.2,-2.9,5393
2017-05-10,1326,13553219,1201532300,89.0,89.6,88.1,88.6,-0.6,6752
2017-05-11,1326,9919523,895131458,89.1,91.0,89.1,91.0,2.4,3956
2017-05-12,1326,5430938,494135331,90.9,91.4,90.6,91.4,0.4,2525
2017-05-15,1326,4726713,431829916,91.5,91.7,91.2,91.2,-0.2,2745
2017-05-16,1326,13955267,1248419555,89.4,89.9,88.8,89.8,-1.4,6747
2017-05-17,1326,8253981,741139490,89.8,90.3,89.3,90.1,0.3,4155
2017-05-18,1326,7319228,655788383,90.0,90.0,89.0,90.0,-0.1,3440
2017-05-19,1326,7010399,627886036,89.6,89.9,89.4,89.5,-0.5,3327
2017-05-22,1326,8627036,784064876,90.0,91.2,89.5,91.2,1.7,4640
2017-05-23,1326,7562180,688850774,91.0,91.5,90.5,91.1,-0.1,2862
2017-05-24,1326,6417222,578965580,91.1,91.1,89.8,90.0,-1.1,3287
2017-05-25,1326,8059715,731189252,90.0,91.0,89.9,91.0,1.0,2560
2017-05-26,1326,8765671,799764861,91.2,91.5,90.8,91.2,0.2,4192
2017-05-31,1326,30253230,2758398180,90.9,91.3,90.5,91.3,0.1,3979
2017-06-01,1326,8248561,751426660,91.2,91.5,90.6,90.6,-0.7,3398
2017-06-02,1326,12467092,1120630318,90.8,91.1,89.3,89.5,-1.1,6120
2017-06-03,1326,3536362,320444345,89.9,91.0,89.6,90.7,1.2,2642
2017-06-05,1326,8578475,787542525,90.7,92.3,90.7,92.3,1.6,4339
2017-06-06,1326,5181887,477284154,91.6,92.4,91.1,92.3,0.0,2534
2017-06-07,1326,7478770,685211776,91.6,92.3,91.2,91.3,-1.0,3353
2017-06-08,1326,7329616,663371286,90.8,91.2,90.1,90.1,-1.2,3527
2017-06-09,1326,9233600,832899881,90.2,90.9,89.9,90.1,0.0,3723
2017-06-12,1326,5313119,479955110,90.2,90.8,90.0,90.0,-0.1,2958
2017-06-13,1326,4957632,449158595,90.5,90.8,90.2,90.5,0.5,2401
2017-06-14,1326,4633114,419512577,90.5,90.7,90.3,90.6,0.1,2248
2017-06-15,1326,5740058,517516213,90.4,90.5,90.0,90.1,-0.5,2166
2017-06-16,1326,49859124,4486274122,90.1,90.6,89.9,89.9,-0.2,3764
2017-06-19,1326,5497634,501376600,90.1,91.7,90.1,91.6,1.7,3025
2017-06-20,1326,4180156,383115216,91.6,91.7,91.5,91.7,0.1,1566
2017-06-21,1326,8954539,824299230,91.7,92.4,91.5,92.0,0.3,3373
2017-06-22,1326,4561423,419972916,91.9,92.2,91.9,92.1,0.1,1880
2017-06-23,1326,6526627,601381207,92.1,92.5,92.1,92.1,0.0,2600
2017-06-26,1326,34841330,3271035480,92.1,94.0,92.1,94.0,1.9,3434
2017-06-27,1326,10862619,1030788205,94.1,95.5,94.1,95.3,1.3,5644
2017-06-28,1326,9062298,863326491,95.0,96.1,94.8,94.8,-0.5,4226
2017-06-29,1326,7924103,753092644,95.0,95.3,94.6,95.1,0.3,3165
2017-06-30,1326,7448152,710129550,95.1,95.8,95.0,95.5,0.4,2610
2017-07-03,1326,6578227,631629892,95.5,96.2,95.4,96.2,0.7,3378
2017-07-04,1326,14029841,1351803837,96.1,96.7,96.0,96.2,0.0,4953
2017-07-05,1326,14244763,1364427448,96.1,96.1,95.3,96.1,-0.1,3468
2017-07-06,1326,10031338,917496769,91.0,91.1,90.3,90.8,0.0,3973
2017-07-07,1326,4877874,439408660,90.5,90.6,89.9,90.0,-0.8,2861
2017-07-10,1326,4916372,440577121,90.0,90.0,89.1,89.9,-0.1,3218
2017-07-11,1326,3330307,299349676,89.9,90.5,89.5,90.3,0.4,2405
2017-07-12,1326,4478311,408525241,90.2,91.6,90.1,91.6,1.3,2007
2017-07-13,1326,4903006,452883536,91.9,92.6,91.7,92.5,0.9,2807
2017-07-14,1326,4681026,427482852,92.6,92.6,90.7,91.4,-1.1,2277
2017-07-17,1326,2372020,217982113,91.9,92.1,91.5,92.1,0.7,1273
2017-07-18,1326,2128369,195050110,92.1,92.1,91.5,91.7,-0.4,1406
2017-07-19,1326,4241104,390785744,92.0,92.6,91.8,92.2,0.5,2777
2017-07-20,1326,2487667,228322648,91.9,92.2,91.5,91.8,-0.4,1655
2017-07-21,1326,3131783,284854453,91.2,91.5,90.8,90.8,-1.0,1678
2017-07-24,1326,2276664,207757911,90.9,91.6,90.5,91.6,0.8,1286
2017-07-25,1326,1867465,169540810,91.6,91.6,90.5,90.6,-1.0,1352
2017-07-26,1326,3054713,275580970,90.8,91.1,90.0,90.0,-0.6,1910
2017-07-27,1326,3529436,322456586,90.7,91.8,90.3,91.8,1.8,1875
2017-07-28,1326,2171531,197763021,91.5,91.7,90.8,91.0,-0.8,943
2017-07-31,1326,4676739,425350341,91.0,91.1,90.6,91.0,0.0,1227
2017-08-01,1326,2899115,265804613,91.0,92.0,90.9,91.7,0.7,1874
2017-08-02,1326,1849458,169381347,91.9,91.9,91.1,91.5,-0.2,917
2017-08-03,1326,2990732,272199566,90.6,91.7,90.2,91.7,0.2,1609
2017-08-04,1326,2599896,238635436,91.4,92.2,91.1,92.2,0.5,1475
2017-08-07,1326,3224045,298221143,92.2,92.8,92.2,92.7,0.5,2197
2017-08-08,1326,5265814,488389578,92.7,93.2,92.4,92.9,0.2,2969
2017-08-09,1326,4612104,426402810,92.0,93.0,92.0,92.7,-0.2,2476
2017-08-10,1326,3905922,357345933,92.7,92.7,91.1,91.5,-1.2,2093
2017-08-11,1326,3007132,274486465,91.1,91.8,90.5,91.5,0.0,1910
2017-08-14,1326,2133716,195819423,91.5,92.0,91.5,91.6,0.1,1201
2017-08-15,1326,2230949,204902226,91.7,92.1,91.6,91.6,0.0,1323
2017-08-16,1326,4463720,408687395,91.5,91.9,91.0,91.5,-0.1,2318
2017-08-17,1326,3923692,362351510,91.5,93.0,91.5,92.2,0.7,2584
2017-08-18,1326,2586943,237946554,92.2,92.5,91.3,91.8,-0.4,1399
2017-08-21,1326,1735982,159445729,91.4,92.1,91.1,92.0,0.2,1288
2017-08-22,1326,3337117,308999701,92.0,92.9,91.9,92.8,0.8,2120
2017-08-23,1326,3470797,323970921,93.0,93.6,92.9,93.5,0.7,2055
2017-08-24,1326,4180614,391957729,93.5,94.0,93.1,93.8,0.3,2581
2017-08-25,1326,3400582,319195244,93.8,94.1,93.6,93.8,0.0,1802
2017-08-28,1326,3934567,370232298,93.8,94.3,93.8,94.2,0.4,1867
2017-08-29,1326,2424084,228448990,93.7,94.4,93.7,94.4,0.2,1713
2017-08-30,1326,3730978,352859105,94.4,94.9,94.3,94.9,0.5,1868
2017-08-31,1326,5013150,476097963,94.9,95.1,94.9,94.9,0.0,2525
2017-09-01,1326,3624582,344931547,95.0,95.5,95.0,95.0,0.1,1936
2017-09-04,1326,2210685,209713283,95.0,95.3,94.2,94.7,-0.3,1326
2017-09-05,1326,5132617,487657915,95.0,95.5,94.8,95.5,0.8,2551
2017-09-06,1326,4898590,465624456,94.8,95.5,94.6,95.1,-0.4,2487
2017-09-07,1326,3263690,311469166,95.1,95.8,95.1,95.6,0.5,1641
2017-09-08,1326,3859979,368373179,95.3,95.9,95.0,95.9,0.3,2384
2017-09-11,1326,2116595,202667547,95.9,95.9,95.5,95.6,-0.3,1422
2017-09-12,1326,2386393,228712986,95.5,96.0,95.5,96.0,0.4,1729
2017-09-13,1326,2444818,232442430,96.0,96.0,94.8,94.8,-1.2,1487
2017-09-14,1326,2511251,236654797,94.1,94.5,94.1,94.1,-0.7,1771
2017-09-15,1326,8075577,757178841,94.1,94.6,93.6,93.7,-0.4,1920
2017-09-18,1326,2767386,262207170,94.0,95.2,94.0,95.2,1.5,1363
2017-09-19,1326,2537263,239024522,95.0,95.0,94.0,94.1,-1.1,1372
2017-09-20,1326,2709294,253661227,93.7,94.0,93.4,94.0,-0.1,1713
2017-09-21,1326,2351453,219854591,93.6,94.0,93.2,93.5,-0.5,1705
2017-09-22,1326,2300721,213732102,93.3,93.5,92.4,93.2,-0.3,1292
2017-09-25,1326,2118509,196161808,93.6,93.6,92.2,92.7,-0.5,1125
2017-09-26,1326,1914010,177276608,92.7,93.1,92.4,92.6,-0.1,1044
2017-09-27,1326,2229444,206164948,92.9,93.1,92.0,92.0,-0.6,1293
2017-09-28,1326,4398236,401344106,92.1,92.2,90.6,90.8,-1.2,2141
2017-09-29,1326,3364743,309577794,90.9,92.5,90.9,92.2,1.4,1589
2017-09-30,1326,433785,40014389,92.2,92.8,92.0,92.1,-0.1,237
2017-10-02,1326,2228126,204399547,92.1,92.3,91.4,91.9,-0.2,1157
2017-10-03,1326,2432277,222194784,92.1,92.2,91.0,91.6,-0.3,1288
2017-10-05,1326,1810566,165605484,91.6,91.7,91.2,91.4,-0.2,881
2017-10-06,1326,2662579,243877186,91.4,91.9,91.3,91.9,0.5,1470
2017-10-11,1326,6938994,652078604,93.5,94.4,93.3,94.4,2.5,3376
2017-10-12,1326,4332087,408171982,94.4,94.6,93.5,94.3,-0.1,2499
2017-10-13,1326,3105909,291713654,93.7,94.2,93.6,93.9,-0.4,1509
2017-10-16,1326,3395478,320546051,94.2,94.9,93.7,94.8,0.9,1864
2017-10-17,1326,3562371,336891774,94.8,95.0,94.3,94.4,-0.4,1668
2017-10-18,1326,3987167,374635298,94.4,94.4,93.7,94.0,-0.4,2306
2017-10-19,1326,2996388,281277393,94.0,94.4,93.6,93.6,-0.4,1409
2017-10-20,1326,5124502,481053674,93.5,94.0,93.3,94.0,0.4,1251
2017-10-23,1326,4755239,440781421,93.9,94.0,92.0,92.1,-1.9,2243
2017-10-24,1326,2558776,236580882,92.7,92.7,92.2,92.5,0.4,1156
2017-10-25,1326,5438420,501629647,92.5,92.7,92.0,92.4,-0.1,1248
2017-10-26,1326,3218406,297410577,92.0,93.0,91.9,92.2,-0.2,1407
2017-10-27,1326,1943936,179184612,92.4,92.6,91.9,92.0,-0.2,785
2017-10-30,1326,3215306,295440376,92.3,92.4,91.7,91.7,-0.3,1638
2017-10-31,1326,2998506,275253534,91.7,92.4,91.6,91.6,-0.1,1430
2017-11-01,1326,1334194,122767411,92.1,92.6,91.7,91.9,0.3,955
2017-11-02,1326,1511478,138907769,91.9,92.2,91.7,91.7,-0.2,828
2017-11-03,1326,2002036,184302320,91.9,92.5,91.7,92.5,0.8,1007
2017-11-06,1326,3225114,296435088,92.1,92.6,91.7,91.8,-0.7,2302
2017-11-07,1326,4292205,397027689,92.1,93.2,92.1,92.5,0.7,2101
2017-11-08,1326,2332492,216014956,92.6,93.0,92.2,93.0,0.5,1542
2017-11-09,1326,2852701,265400993,93.1,93.2,92.6,93.2,0.2,1524
2017-11-10,1326,1953225,181849839,93.0,93.6,92.4,93.4,0.2,1219
2017-11-13,1326,3947727,371802562,93.4,94.6,93.3,94.2,0.8,2241
2017-11-14,1326,2465924,232431191,93.6,94.8,93.5,94.8,0.6,1397
2017-11-15,1326,3917446,368198424,94.3,94.6,93.7,93.7,-1.1,1969
2017-11-16,1326,1865640,174552234,93.1,93.9,93.1,93.7,0.0,1165
2017-11-17,1326,4287349,399460919,93.6,93.7,92.9,92.9,-0.8,2022
2017-11-20,1326,2575740,240146881,92.9,93.8,92.9,93.8,0.9,1490
2017-11-21,1326,3195126,298852212,93.1,94.0,93.0,93.5,-0.3,1732
2017-11-22,1326,4849341,456660770,93.7,94.5,93.6,94.5,1.0,2519
2017-11-23,1326,2107943,199072323,94.5,94.6,94.0,94.5,0.0,1279
2017-11-24,1326,1944533,182979682,94.5,94.5,93.8,93.8,-0.7,892
2017-11-27,1326,4249130,402942560,94.5,95.3,94.1,94.9,1.1,1951
2017-11-28,1326,2989530,280582088,94.9,94.9,93.6,93.6,-1.3,1572
2017-11-29,1326,3052396,286207850,93.4,94.2,93.4,93.9,0.3,1889
2017-11-30,1326,14468305,1326458152,93.9,93.9,91.0,91.0,-2.9,2900
2017-12-01,1326,5584671,522486328,92.0,94.5,91.9,94.3,3.3,3099
2017-12-04,1326,7072170,671419010,94.7,95.2,94.4,95.0,0.7,2464
2017-12-05,1326,11489759,1100574893,95.0,96.2,94.8,95.8,0.8,4094
2017-12-06,1326,7000010,665303450,94.9,95.5,94.7,95.5,-0.3,1929
2017-12-07,1326,6684337,635287621,95.0,95.7,94.1,94.1,-1.4,2526
2017-12-08,1326,2792690,263764723,94.9,95.1,94.0,94.4,0.3,1243
2017-12-11,1326,2863797,269893939,94.6,94.8,93.8,93.8,-0.6,1131
2017-12-12,1326,3365705,316999170,94.4,94.5,93.6,94.3,0.5,1447
2017-12-13,1326,3480086,327991884,94.0,94.7,94.0,94.3,0.0,1410
2017-12-14,1326,6233047,593757043,94.8,95.6,94.6,95.1,0.8,2151
2017-12-15,1326,10075409,960133601,94.7,95.9,94.5,95.4,0.3,2342
2017-12-18,1326,9590411,939439978,96.1,98.9,96.0,98.3,2.9,5509
2017-12-19,1326,12087541,1191420153,99.0,100.5,96.9,98.5,0.2,5027
2017-12-20,1326,3728079,366082712,98.7,98.7,97.7,98.3,-0.2,1733
2017-12-21,1326,3544352,347998071,98.2,98.7,97.7,97.7,-0.6,1904
2017-12-22,1326,4676091,456483850,98.0,98.0,97.4,97.5,-0.2,1652
2017-12-25,1326,2437011,238281263,98.0,98.1,97.2,97.9,0.4,1242
2017-12-26,1326,2386172,233461195,97.9,98.1,97.5,98.0,0.1,1249
2017-12-27,1326,10496835,1051017400,98.3,101.0,98.1,101.0,3.0,5060
2017-12-28,1326,6996684,703410400,101.0,101.0,100.0,100.5,-0.5,3690
2017-12-29,1326,15586702,1613568914,101.0,105.5,101.0,103.0,2.5,5798
2018-01-02,1326,12491201,1280435273,103.5,104.0,101.5,103.5,0.5,5980
2018-01-03,1326,11340525,1174577575,104.0,105.0,102.5,103.5,0.0,5355
2018-01-04,1326,11594423,1200474492,103.5,104.5,102.5,104.5,1.0,5281
2018-01-05,1326,8476760,882648641,104.5,105.0,103.5,104.0,-0.5,2879
2018-01-08,1326,8961979,935059795,104.5,105.5,103.0,105.5,1.5,4286
2018-01-09,1326,20009646,2178438167,106.0,111.0,105.5,110.0,4.5,7784
2018-01-10,1326,12603975,1371857300,111.0,111.5,107.0,108.0,-2.0,5891
2018-01-11,1326,10511207,1138674435,109.0,109.5,107.0,109.0,1.0,4846
2018-01-12,1326,9617819,1046541840,110.0,110.0,108.5,108.5,-0.5,4169
2018-01-15,1326,5253835,570827075,109.0,109.5,108.0,109.0,0.5,2246
2018-01-16,1326,5358815,581090411,109.0,109.0,108.0,108.5,-0.5,3294
2018-01-17,1326,7050046,760802433,108.5,108.5,107.0,108.0,-0.5,2723
2018-01-18,1326,5828428,633898224,109.0,109.0,108.0,109.0,1.0,3485
2018-01-19,1326,6101455,658866685,108.5,109.0,107.5,107.5,-1.5,2286
2018-01-22,1326,6779445,727568260,107.0,109.0,106.0,109.0,1.5,3246
2018-01-23,1326,5787167,625685602,109.0,109.0,107.5,109.0,0.0,2745
2018-01-24,1326,4854905,521552335,108.5,108.5,107.0,107.5,-1.5,2530
2018-01-25,1326,9864836,1072699124,107.5,110.0,107.5,109.0,1.5,4473
2018-01-26,1326,8746282,961162128,109.0,111.0,108.5,111.0,2.0,3619
2018-01-29,1326,11303360,1275405040,111.5,114.5,110.0,114.5,3.5,4939
2018-01-30,1326,10556241,1175602367,113.0,113.5,109.5,109.5,-5.0,4944
2018-01-31,1326,7132200,774339800,108.5,110.0,107.0,109.0,-0.5,2793
2018-02-01,1326,7275513,800300930,109.5,111.0,109.0,110.5,1.5,4190
2018-02-02,1326,8033761,868273293,109.0,110.0,107.0,107.0,-3.5,3544
2018-02-05,1326,11571559,1223477581,104.0,107.5,104.0,107.5,0.5,4394
2018-02-06,1326,13881537,1437276571,104.0,105.5,101.0,103.0,-4.5,5402
2018-02-07,1326,19087191,2072140014,105.0,110.5,105.0,107.5,4.5,8456
2018-02-08,1326,8584189,926058912,108.0,109.0,106.5,108.5,1.0,3403
2018-02-09,1326,10896973,1148792138,106.0,106.5,104.0,105.5,-3.0,3893
2018-02-12,1326,10433362,1101931182,104.5,106.5,104.0,105.5,0.0,3264
2018-02-21,1326,12663919,1379121590,109.0,110.0,107.5,109.5,4.0,5951
2018-02-22,1326,9499827,1013746989,108.0,108.5,106.0,106.5,-3.0,5532
2018-02-23,1326,5442811,589028480,107.0,109.0,106.5,109.0,2.5,2874
2018-02-26,1326,3889274,424127866,109.0,109.5,108.0,109.0,0.0,2155
2018-02-27,1326,8519085,931992180,109.5,110.5,108.5,108.5,-0.5,3273
2018-03-01,1326,12704938,1342348428,104.5,106.5,104.5,106.0,-2.5,5267
2018-03-02,1326,7242275,759510875,105.0,106.0,104.5,105.0,-1.0,2943
2018-03-05,1326,8052264,846580220,106.0,106.5,104.5,105.0,0.0,2724
2018-03-06,1326,4055138,427487628,105.5,106.0,104.5,106.0,1.0,1366
2018-03-07,1326,7115690,752207787,105.0,106.0,105.0,105.5,-0.5,2186
2018-03-08,1326,5400800,569373760,106.0,106.0,105.0,105.5,0.0,2341
2018-03-09,1326,5573838,586113900,106.0,106.0,104.5,105.5,0.0,3076
2018-03-12,1326,7439988,797473216,106.5,108.0,106.5,107.5,2.0,2541
2018-03-13,1326,6096198,650640686,107.5,108.0,106.0,107.0,-0.5,2654
2018-03-14,1326,6041161,648650227,107.0,108.0,106.0,107.5,0.5,2146
2018-03-15,1326,2495301,268092707,107.0,108.0,106.5,107.0,-0.5,1100
2018-03-16,1326,13936622,1515192798,107.5,110.0,106.5,110.0,3.0,5764
2018-03-19,1326,4131949,451809901,110.0,110.5,108.5,109.5,-0.5,2518
2018-03-20,1326,5426970,598524200,110.0,111.0,109.0,110.5,1.0,3146
2018-03-21,1326,5574116,616879760,110.5,111.5,110.0,111.0,0.5,2854
2018-03-22,1326,13393443,1491598173,112.0,114.0,109.5,111.0,0.0,4563
2018-03-23,1326,9090256,995768160,108.0,110.5,108.0,110.0,-1.0,3722
2018-03-26,1326,3834144,420447840,110.0,111.0,109.0,109.5,-0.5,2241
2018-03-27,1326,4547041,499471977,110.5,110.5,109.5,110.0,0.5,2139
2018-03-28,1326,3952615,430655535,110.0,110.0,108.5,109.0,-1.0,1924
2018-03-29,1326,5464768,594372712,109.5,109.5,108.0,109.0,0.0,2615
2018-03-30,1326,6883510,746136323,109.0,109.5,108.0,108.5,-0.5,2491
2018-03-31,1326,1746585,189100265,109.0,109.0,108.0,108.5,0.0,1059
2018-04-02,1326,4488582,485846557,108.5,109.0,107.5,107.5,-1.0,3048
2018-04-03,1326,5635304,606365172,107.5,108.5,107.0,107.5,0.0,3446
2018-04-09,1326,8449141,935083710,109.5,112.0,109.0,112.0,4.5,4263
2018-04-10,1326,6154860,691164320,112.5,113.0,111.0,112.5,0.5,3434
2018-04-11,1326,8931620,985544320,112.5,112.5,109.0,111.5,-1.0,4386
2018-04-12,1326,6002049,660926399,111.0,111.5,109.5,110.5,-1.0,3218
2018-04-13,1326,6719808,737897380,111.0,111.0,109.0,110.0,-0.5,2875
2018-04-16,1326,5333571,582453015,110.0,110.5,108.5,109.5,-0.5,2332
2018-04-17,1326,9338232,1011044556,110.0,110.0,107.5,108.0,-1.5,4587
2018-04-18,1326,5772486,623935723,108.5,108.5,107.5,108.5,0.5,2675
2018-04-19,1326,7554614,827451226,109.0,110.5,108.5,109.5,1.0,3581
2018-04-20,1326,6646942,722674678,109.0,109.5,108.0,109.0,-0.5,3219
2018-04-23,1326,7166689,776808912,109.5,110.0,107.5,108.0,-1.0,3164
2018-04-24,1326,5997792,644147244,108.5,108.5,107.0,107.0,-1.0,3066
2018-04-25,1326,8772866,931626528,106.0,107.5,105.5,107.5,0.5,3869
2018-04-26,1326,5275595,570532760,108.0,109.0,107.5,108.5,1.0,3376
2018-04-27,1326,5244151,567525880,109.0,109.0,107.5,108.5,0.0,2851
2018-04-30,1326,3554693,387383873,109.0,109.5,108.5,109.5,1.0,1964
2018-05-02,1326,4907825,539814250,109.0,110.5,109.0,110.5,1.0,2461
2018-05-03,1326,6595007,720108770,109.5,110.0,108.5,109.5,-1.0,2674
2018-05-04,1326,6871213,750354717,109.0,110.0,108.5,109.0,-0.5,2826
2018-05-07,1326,6694416,736038260,110.0,110.5,109.5,110.5,1.5,2741
2018-05-08,1326,6544645,726617261,111.0,111.5,110.5,111.0,0.5,3617
2018-05-09,1326,6274031,696177410,111.0,112.0,110.0,110.0,-1.0,3358
2018-05-10,1326,9681775,1068888250,110.5,111.5,110.0,110.5,0.5,4026
2018-05-11,1326,13403084,1520605076,111.0,114.5,111.0,114.5,4.0,5545
2018-05-14,1326,8636804,992941156,115.0,116.0,114.0,114.5,0.0,3966
2018-05-15,1326,11518670,1313768363,115.5,115.5,112.5,112.5,-2.0,4643
2018-05-16,1326,9100305,1044055075,113.0,115.5,113.0,115.5,3.0,3467
2018-05-17,1326,12395551,1456851467,116.0,119.0,115.0,117.5,2.0,4603
2018-05-18,1326,6681463,788994671,117.5,119.5,117.0,117.5,0.0,3456
2018-05-21,1326,5886252,697100591,117.5,119.5,117.5,118.0,0.5,2869
2018-05-22,1326,5460747,639752513,118.0,118.5,116.0,116.5,-1.5,2837
2018-05-23,1326,6666950,777873200,117.0,117.5,116.0,116.5,0.0,3337
2018-05-24,1326,6609089,770141855,117.0,117.0,116.0,117.0,0.5,3195
2018-05-25,1326,8577097,994750155,116.5,117.0,114.5,115.0,-2.0,4064
2018-05-28,1326,9980311,1158545722,115.0,117.0,115.0,117.0,2.0,4993
2018-05-29,1326,8105986,945503862,116.5,117.5,115.5,117.5,0.5,3806
2018-05-30,1326,11672062,1355497219,116.0,117.5,115.0,116.5,-1.0,4494
2018-05-31,1326,51757954,6000733170,117.0,119.5,115.0,115.0,-1.5,7661
2018-06-01,1326,10056907,1156017305,115.0,116.5,114.0,115.0,0.0,4577
2018-06-04,1326,8342042,968197377,115.5,117.0,115.0,117.0,2.0,3634
2018-06-05,1326,6906517,799484703,117.0,117.0,115.0,115.5,-1.5,3096
2018-06-06,1326,5864848,674701920,115.0,115.5,114.5,115.5,0.0,3168
2018-06-07,1326,6532740,755654840,116.0,116.5,115.0,116.5,1.0,3304
2018-06-08,1326,6551614,758381724,116.0,116.5,115.0,116.0,-0.5,2722
2018-06-11,1326,5204773,603218668,116.5,116.5,115.0,116.0,0.0,2753
2018-06-12,1326,7713418,896128488,116.0,117.0,115.5,116.0,0.0,3589
2018-06-13,1326,7725699,888161726,115.0,115.5,114.0,115.5,-0.5,3478
2018-06-14,1326,8289702,945933528,114.5,115.0,113.5,113.5,-2.0,3285
2018-06-15,1326,23088531,2580599723,113.5,114.0,110.5,112.5,-1.0,6655
2018-06-19,1326,14685754,1618880560,111.0,111.5,109.5,111.0,-1.5,6382
2018-06-20,1326,12365187,1403557318,110.5,115.0,110.5,114.5,3.5,5434
2018-06-21,1326,7967264,922255984,115.0,116.5,114.5,115.5,1.0,3321
2018-06-22,1326,8450249,987041133,116.0,117.5,115.0,117.5,2.0,3899
2018-06-25,1326,8019314,945947552,116.0,118.5,116.0,118.0,0.5,3273
2018-06-26,1326,9110248,1077799130,117.0,119.0,116.5,118.0,0.0,3533
2018-06-27,1326,8931649,1060136745,118.0,119.5,118.0,118.0,0.0,3753
2018-06-28,1326,11087342,1303963669,117.0,118.5,116.5,117.5,-0.5,4159
2018-06-29,1326,20144416,2418068602,117.0,122.0,117.0,121.5,4.0,5639
2018-07-02,1326,12263196,1503517489,121.5,124.0,120.5,123.5,2.0,2992
2018-07-03,1326,16075727,1997861760,123.0,125.5,123.0,124.0,0.5,5189
2018-07-04,1326,16552608,2061679774,123.5,127.0,123.0,127.0,3.0,4072
2018-07-05,1326,15163740,1768780686,119.0,119.0,115.5,116.5,0.0,5622
2018-07-06,1326,10676330,1216972790,116.0,116.5,112.5,113.0,-3.5,4772
2018-07-09,1326,10791385,1245820958,115.0,117.0,114.0,115.5,2.5,3435
2018-07-10,1326,4615675,530669780,116.5,116.5,114.0,114.5,-1.0,1668
2018-07-11,1326,5711243,651110202,114.5,115.0,113.5,114.0,-0.5,2898
2018-07-12,1326,6270142,713328188,114.0,114.5,113.0,114.0,0.0,2360
2018-07-13,1326,4412919,508211634,114.5,116.0,114.0,115.5,1.5,2438
2018-07-16,1326,3452593,395467383,116.0,116.0,114.0,114.5,-1.0,1707
2018-07-17,1326,7656650,860855112,114.0,114.0,111.5,112.5,-2.0,3698
2018-07-18,1326,5666462,640720926,113.0,114.0,112.0,113.5,1.0,2716
2018-07-19,1326,3347724,378588812,113.5,114.0,112.5,113.0,-0.5,2011
2018-07-20,1326,3785875,426252375,113.0,113.5,112.0,113.0,0.0,2221
2018-07-23,1326,6205693,700497146,113.0,114.0,112.0,114.0,1.0,3066
2018-07-24,1326,8266640,952749740,114.0,116.5,114.0,116.0,2.0,4011
2018-07-25,1326,5420391,628790900,116.0,117.0,115.5,115.5,-0.5,2730
2018-07-26,1326,5991143,701783231,116.5,118.0,116.0,118.0,2.5,2742
2018-07-27,1326,5940220,702377960,117.5,119.0,117.0,118.5,0.5,2725
2018-07-30,1326,4238280,501418672,119.0,119.0,117.5,118.5,0.0,1525
2018-07-31,1326,7597959,908664580,118.5,120.5,118.5,120.5,2.0,2796
2018-08-01,1326,5005076,598314620,119.5,120.0,119.0,120.0,-0.5,2166
2018-08-02,1326,8399144,993707492,120.0,120.0,117.0,118.0,-2.0,3964
2018-08-03,1326,3398856,402867923,118.5,119.0,118.0,118.5,0.5,1525
2018-08-06,1326,4276771,508527350,119.5,119.5,118.5,119.0,0.5,2200
2018-08-07,1326,8709270,1043344749,119.0,120.5,118.0,120.0,1.0,3400
2018-08-08,1326,5686929,684625980,121.0,121.0,120.0,121.0,1.0,2724
2018-08-09,1326,2535049,304276840,120.0,120.5,119.5,119.5,-1.5,1585
2018-08-10,1326,2085612,247870328,119.0,119.0,118.5,119.0,-0.5,985
2018-08-13,1326,4531196,533875932,118.5,119.0,117.0,117.0,-2.0,2396
2018-08-14,1326,5500974,647216432,117.5,119.0,116.0,118.0,1.0,2843
2018-08-15,1326,3796548,448125383,118.0,119.0,117.0,118.0,0.0,1804
2018-08-16,1326,3812396,448836228,117.5,118.5,117.0,118.5,0.5,1871
2018-08-17,1326,2532624,299454132,118.5,118.5,118.0,118.0,-0.5,1451
2018-08-20,1326,4974598,587000257,118.0,119.0,117.0,117.5,-0.5,2206
2018-08-21,1326,6242077,741432163,117.5,120.0,117.5,119.0,1.5,3402
2018-08-22,1326,4697465,562757057,118.5,120.5,118.5,120.0,1.0,1926
2018-08-23,1326,8018434,973308448,120.0,123.0,119.5,123.0,3.0,3827
2018-08-24,1326,7856929,955857409,123.0,123.5,120.0,121.5,-1.5,3861
2018-08-27,1326,6089733,751256159,122.5,124.0,122.0,123.5,2.0,2887
2018-08-28,1326,3796216,467382568,123.5,124.0,122.5,123.0,-0.5,1806
2018-08-29,1326,3349433,408687826,123.0,123.0,121.5,122.0,-1.0,1897
2018-08-30,1326,4713540,575337840,122.5,123.0,121.5,121.5,-0.5,2495
2018-08-31,1326,8145916,991884252,121.5,123.0,120.0,123.0,1.5,2767
2018-09-03,1326,4904296,591666520,122.0,123.0,120.0,120.0,-3.0,2535
2018-09-04,1326,3603765,434820565,120.0,121.5,120.0,121.5,1.5,2005
2018-09-05,1326,5750148,694340260,120.5,122.5,120.0,120.0,-1.5,2393
2018-09-06,1326,4351622,517971817,119.0,120.0,118.0,119.5,-0.5,1993
2018-09-07,1326,5695144,677597780,118.5,120.5,118.0,120.0,0.5,2365
2018-09-10,1326,7059262,836745799,120.0,120.5,118.0,118.5,-1.5,2559
2018-09-11,1326,5667405,670016695,118.5,119.0,117.5,118.5,0.0,2080
2018-09-12,1326,5484508,645577452,118.5,119.0,117.0,118.0,-0.5,2731
2018-09-13,1326,8498470,1015107281,118.5,120.5,118.0,120.5,2.5,3149
2018-09-14,1326,8274868,1001070449,120.0,122.5,119.0,121.5,1.0,4250
2018-09-17,1326,4249732,516766572,122.0,122.0,121.0,121.0,-0.5,2241
2018-09-18,1326,5725115,693914995,121.0,122.0,120.5,121.0,0.0,3212
2018-09-19,1326,6794368,824723701,121.5,122.0,120.5,122.0,1.0,3226
2018-09-20,1326,8783596,1073534212,122.0,123.0,121.5,122.0,0.0,3600
2018-09-21,1326,25523183,3241920891,122.0,130.0,122.0,128.0,6.0,8708
2018-09-25,1326,9662516,1230732250,128.0,129.0,126.0,126.5,-1.5,3174
2018-09-26,1326,9061238,1138311250,126.5,127.5,124.5,125.0,-1.5,2537
2018-09-27,1326,14731840,1870882680,125.0,128.0,125.0,127.5,2.5,4219
2018-09-28,1326,12149746,1545471094,127.0,128.0,126.0,128.0,0.5,3569
2018-10-01,1326,8645858,1103393824,127.0,128.5,126.5,128.5,0.5,2832
2018-10-02,1326,9040788,1153183463,128.5,129.5,127.0,127.0,-1.5,3063
2018-10-03,1326,6932483,866415120,126.5,127.0,124.0,124.5,-2.5,2768
2018-10-04,1326,8615252,1065409748,123.5,124.5,122.5,124.0,-0.5,2610
2018-10-05,1326,12469603,1499259146,123.0,123.0,117.5,120.5,-3.5,4640
2018-10-08,1326,7373576,891619974,120.0,121.5,120.0,121.5,1.0,3159
2018-10-09,1326,6008225,743521277,122.5,125.0,121.5,124.0,2.5,2751
2018-10-11,1326,21452535,2490135560,120.0,120.0,113.5,114.0,-10.0,8144
2018-10-12,1326,14792377,1717551664,112.0,118.5,112.0,118.5,4.5,5549
2018-10-15,1326,9183490,1061659340,116.0,116.5,115.0,115.5,-3.0,3890
2018-10-16,1326,6519065,749588540,115.0,115.5,114.5,115.5,0.0,2636
2018-10-17,1326,7207811,829399765,116.5,117.5,114.0,114.5,-1.0,2778
2018-10-18,1326,5986459,683420826,114.5,115.5,113.5,114.0,-0.5,3011
2018-10-19,1326,7403272,838742640,113.0,114.5,111.5,113.5,-0.5,2502
2018-10-22,1326,3131908,358835420,113.0,115.5,113.0,114.5,1.0,1323
2018-10-23,1326,8380636,939078424,112.5,113.5,111.0,113.0,-1.5,3787
2018-10-24,1326,7988916,890293542,113.0,113.0,110.5,112.0,-1.0,3582
2018-10-25,1326,10470616,1129289827,107.0,109.5,106.5,107.5,-4.5,4833
2018-10-26,1326,7369843,793280360,108.5,109.5,106.5,107.5,0.0,2592
2018-10-29,1326,3027870,326571884,108.5,109.0,107.0,108.5,1.0,1486
2018-10-30,1326,4588997,498036171,109.0,109.5,108.0,108.0,-0.5,1704
2018-10-31,1326,7777019,862860950,108.5,112.0,108.5,112.0,4.0,2825
2018-11-01,1326,5756463,633640430,110.0,111.0,109.5,110.0,-2.0,2256
2018-11-02,1326,8118929,875688190,107.5,109.0,107.0,109.0,-1.0,4361
2018-11-05,1326,5339802,588062022,108.5,111.5,108.0,111.5,2.5,2468
2018-11-06,1326,3889235,426974350,110.5,111.0,109.0,110.0,-1.5,1526
2018-11-07,1326,3549096,391127604,109.5,111.0,109.5,110.5,0.5,1744
2018-11-08,1326,4661204,514896940,111.0,112.0,110.0,110.0,-0.5,2448
2018-11-09,1326,8523687,916989339,109.5,110.0,107.0,107.5,-2.5,5127
2018-11-12,1326,3650454,391376793,106.0,108.0,106.0,107.5,0.0,1883
2018-11-13,1326,5434370,575882767,105.5,107.0,104.5,106.5,-1.0,2530
2018-11-14,1326,5733127,605435462,105.5,106.5,105.0,106.0,-0.5,3241
2018-11-15,1326,5019242,536335009,106.5,107.5,106.0,107.5,1.5,2144
2018-11-16,1326,3516677,379690270,109.0,109.0,107.5,108.0,0.5,1536
2018-11-19,1326,4150038,447263614,108.5,108.5,107.0,108.0,0.0,2065
2018-11-20,1326,4664068,501356299,108.0,108.0,107.0,107.5,-0.5,2666
2018-11-21,1326,3424653,364648871,106.0,107.0,105.5,107.0,-0.5,2022
2018-11-22,1326,4452503,477479564,107.5,108.0,106.5,107.5,0.5,2456
2018-11-23,1326,3390179,362850239,107.0,108.0,106.5,107.0,-0.5,1961
2018-11-26,1326,4678708,500867256,107.5,109.0,106.0,106.5,-0.5,2531
2018-11-27,1326,7530665,788362825,106.0,106.5,104.0,104.5,-2.0,3505
2018-11-28,1326,9087929,938755545,104.0,104.5,102.0,104.5,0.0,4902
2018-11-29,1326,4805077,503761585,105.0,105.5,104.5,104.5,0.0,3134
2018-11-30,1326,9076837,963123130,105.5,107.0,104.5,106.5,2.0,2638
2018-12-03,1326,4416535,477254006,107.5,109.0,107.0,107.5,1.0,2508
2018-12-04,1326,7083355,761044325,107.0,108.5,106.5,107.0,-0.5,3029
2018-12-05,1326,5855919,621386833,106.5,107.5,104.5,106.0,-1.0,2338
2018-12-06,1326,4693936,495818238,106.5,106.5,105.0,105.5,-0.5,2324
2018-12-07,1326,4219711,445816866,106.0,106.5,105.0,105.5,0.0,2979
2018-12-10,1326,2451749,258096014,104.5,106.0,104.5,105.0,-0.5,1459
2018-12-11,1326,3705455,387892775,105.0,105.0,104.5,104.5,-0.5,2008
2018-12-12,1326,4179543,439935674,104.5,106.5,104.5,105.5,1.0,1634
2018-12-13,1326,2805450,296648310,106.0,106.5,105.5,105.5,0.0,1261
2018-12-14,1326,4050810,425283451,105.5,106.0,104.5,105.0,-0.5,2021
2018-12-17,1326,2399248,253295153,105.5,106.0,105.0,105.5,0.5,897
2018-12-18,1326,4774297,501488825,105.0,105.5,104.5,105.5,0.0,2193
2018-12-19,1326,3843950,406176720,105.5,106.0,105.0,106.0,0.5,1548
2018-12-20,1326,3409886,361311916,105.5,106.5,105.5,106.0,0.0,1161
2018-12-21,1326,4432646,466785830,105.5,106.5,105.0,105.0,-1.0,1186
2018-12-22,1326,741659,77756195,105.0,105.5,104.5,105.0,0.0,293
2018-12-24,1326,7296782,748024427,105.0,105.5,100.5,103.0,-2.0,3674
2018-12-25,1326,4955496,496550392,99.8,101.5,99.6,101.5,-1.5,2702
2018-12-26,1326,1768485,178154234,101.5,102.0,100.0,100.0,-1.5,1117
2018-12-27,1326,4251861,434029239,101.5,103.5,100.5,102.5,2.5,2165
2018-12-28,1326,7070698,733707552,102.5,105.0,102.0,105.0,2.5,2233
2019-01-02,1326,6925220,700130400,104.0,104.5,99.7,99.7,-5.3,3552
2019-01-03,1326,3736079,373236900,99.6,101.0,99.1,100.0,0.3,1800
2019-01-04,1326,3947224,393837300,99.1,100.5,99.0,99.8,-0.2,2199
2019-01-07,1326,5824171,602877784,102.0,105.0,101.5,104.5,4.7,2821
2019-01-08,1326,11407137,1216518522,105.0,107.5,104.0,107.0,2.5,3202
2019-01-09,1326,15933475,1712693552,105.0,109.0,104.0,108.5,1.5,5009
2019-01-10,1326,8043465,856041519,107.0,107.5,105.0,107.0,-1.5,3311
2019-01-11,1326,6616162,703518672,106.0,107.0,105.5,106.0,-1.0,2924
2019-01-14,1326,3607783,381412718,105.0,106.5,105.0,106.0,0.0,1677
2019-01-15,1326,5750603,612325021,106.5,107.0,106.0,106.0,0.0,1965
2019-01-16,1326,5359042,565656922,105.5,106.5,105.0,105.5,-0.5,2124
2019-01-17,1326,4788584,509432984,106.0,107.0,105.5,106.5,1.0,2033
2019-01-18,1326,6450243,688589371,106.0,107.5,106.0,106.5,0.0,3032
2019-01-21,1326,4432654,478236795,108.0,108.5,107.0,108.0,1.5,1668
2019-01-22,1326,2676937,289342718,108.0,108.5,107.5,108.0,0.0,1442
2019-01-23,1326,3127919,333818333,107.5,107.5,106.0,106.5,-1.5,1622
2019-01-24,1326,6136009,646241194,105.5,106.5,104.5,105.0,-1.5,2687
2019-01-25,1326,4766192,508396544,105.0,107.5,105.0,107.5,2.5,2542
2019-01-28,1326,3354360,360402688,107.0,108.0,106.5,107.5,0.0,1630
2019-01-29,1326,7906491,838549537,106.0,107.0,105.5,106.0,-1.5,3382
2019-01-30,1326,5615548,598305907,106.5,107.0,106.0,106.5,0.5,2688
2019-02-11,1326,9312961,977393905,107.0,107.5,103.5,103.5,-3.0,4535
2019-02-12,1326,5212275,544851724,104.0,105.0,104.0,104.5,1.0,2719
2019-02-13,1326,10332381,1071253124,104.5,104.5,103.0,103.5,-1.0,4703
2019-02-14,1326,7533573,787051592,103.5,105.0,103.5,104.0,0.5,3696
2019-02-15,1326,7832145,816102142,104.0,105.5,103.5,104.0,0.0,3316
2019-02-18,1326,9568257,998283845,104.0,105.0,103.5,104.0,0.0,3792
2019-02-19,1326,6112644,638141789,104.5,105.0,104.0,104.5,0.5,2132
2019-02-20,1326,8842883,926693651,104.5,105.5,104.0,105.5,1.0,3384
2019-02-21,1326,7118555,750813041,105.5,106.0,105.0,105.5,0.0,2906
2019-02-22,1326,5687562,602747342,105.5,106.5,105.0,106.0,0.5,3049
2019-02-25,1326,5805647,619761229,106.5,107.5,106.0,107.0,1.0,2488
2019-02-26,1326,6633294,703688664,107.0,107.0,105.5,106.0,-1.0,2505
2019-02-27,1326,7745949,820434062,107.0,107.0,105.5,105.5,-0.5,2540
2019-03-04,1326,7510586,797292399,105.5,107.5,105.5,106.5,1.0,3872
2019-03-05,1326,5829042,621349952,106.0,107.0,106.0,106.5,0.0,2955
2019-03-06,1326,5736501,615192842,107.0,108.0,106.5,107.5,1.0,2670
2019-03-07,1326,6610131,717073201,107.0,109.0,107.0,108.5,1.0,4264
2019-03-08,1326,5006111,543646036,108.5,109.5,107.0,108.5,0.0,2744
2019-03-11,1326,3520261,380368188,108.0,108.5,107.5,108.0,-0.5,1494
2019-03-12,1326,3800651,413932126,109.0,109.5,108.0,108.5,0.5,2011
2019-03-13,1326,2298590,249131220,108.5,109.0,108.0,108.0,-0.5,1498
2019-03-14,1326,2720193,294178237,108.0,109.0,107.5,107.5,-0.5,1823
2019-03-15,1326,5962278,645489524,108.0,109.5,107.5,108.0,0.5,1451
2019-03-18,1326,2803092,306147028,108.5,109.5,108.5,109.5,1.5,1817
2019-03-19,1326,4552171,499589639,110.0,110.0,109.5,109.5,0.0,3380
2019-03-20,1326,5466998,594668772,109.5,110.0,108.0,108.5,-1.0,2162
2019-03-21,1326,2895410,316152690,109.0,109.5,108.5,109.5,1.0,1963
2019-03-22,1326,4114828,450008659,109.5,110.0,109.0,109.0,-0.5,1664
2019-03-25,1326,3211587,349156177,108.5,109.0,108.5,108.5,-0.5,1632
2019-03-26,1326,3984491,435937019,109.0,110.0,109.0,109.0,0.5,1929
2019-03-27,1326,3939598,432486780,109.5,110.0,109.0,110.0,1.0,2084
2019-03-28,1326,4337580,476092502,109.5,110.5,109.0,109.5,-0.5,1925
2019-03-29,1326,6489645,721803907,110.5,112.0,110.0,112.0,2.5,3019
2019-04-01,1326,5547124,614071564,112.0,112.5,110.0,110.0,-2.0,3488
2019-04-02,1326,2509678,276498580,110.5,111.0,110.0,110.0,0.0,1472
2019-04-03,1326,4615419,504344872,110.5,110.5,109.0,109.0,-1.0,2216
2019-04-08,1326,10467390,1139440010,108.5,109.5,108.0,109.0,0.0,4321
2019-04-09,1326,7702188,839347492,108.5,110.0,108.5,109.0,0.0,2996
2019-04-10,1326,6531187,710330770,109.0,109.5,108.5,108.5,-0.5,2504
2019-04-11,1326,5188119,567887471,109.0,110.0,108.5,110.0,1.5,1986
2019-04-12,1326,5981589,651636201,110.0,110.0,108.5,108.5,-1.5,1914
2019-04-15,1326,4665777,508827291,109.0,110.0,108.5,108.5,0.0,2063
2019-04-16,1326,5909188,639976887,108.5,109.0,108.0,108.5,0.0,2687
2019-04-17,1326,7792644,842116360,108.5,109.0,107.5,108.5,0.0,3324
2019-04-18,1326,7071167,768493203,108.0,109.0,108.0,109.0,0.5,1956
2019-04-19,1326,4587555,498866209,109.0,109.5,108.0,108.5,-0.5,2090
2019-04-22,1326,2265649,246701241,109.0,109.5,108.5,109.0,0.5,1277
2019-04-23,1326,4826936,526273985,109.0,109.5,108.5,109.0,0.0,1970
2019-04-24,1326,6360228,693418730,109.5,110.0,108.5,108.5,-0.5,2977
2019-04-25,1326,4598783,503279232,109.0,110.0,108.5,109.5,1.0,2023
2019-04-26,1326,4516030,497856800,109.5,110.5,109.5,110.5,1.0,2031
2019-04-29,1326,5781794,638695134,110.0,111.0,109.5,111.0,0.5,1632
2019-04-30,1326,5331018,592358979,111.0,111.5,110.5,111.0,0.0,2608
2019-05-02,1326,9438645,1061992545,111.0,113.5,111.0,113.0,2.0,2853
2019-05-03,1326,4844212,543083625,112.5,112.5,111.5,112.0,-1.0,1841
2019-05-06,1326,4964756,548193916,110.5,111.0,110.0,111.0,-1.0,2638
2019-05-07,1326,7726693,845633373,110.0,110.5,109.0,109.5,-1.5,3970
2019-05-08,1326,5401104,588047336,109.0,109.5,108.5,108.5,-1.0,2561
2019-05-09,1326,12715045,1358708815,108.0,108.5,106.0,106.0,-2.5,5030
2019-05-10,1326,5203155,560000585,107.0,108.5,106.5,107.0,1.0,1867
2019-05-13,1326,4380676,467793832,106.5,107.5,106.0,106.5,-0.5,1420
2019-05-14,1326,7892906,837687442,106.0,106.5,106.0,106.0,-0.5,3474
2019-05-15,1326,5005009,530800963,106.0,106.5,105.5,106.0,0.0,2436
2019-05-16,1326,6471578,688715548,106.0,107.5,106.0,106.0,0.0,1726
2019-05-17,1326,2766197,294213469,106.5,107.0,106.0,106.0,0.0,1297
2019-05-20,1326,4961739,530290073,106.5,107.5,106.0,107.0,1.0,1598
2019-05-21,1326,7777590,833408417,106.5,108.0,106.5,107.5,0.5,3023
2019-05-22,1326,4042691,433347437,107.0,107.5,107.0,107.0,-0.5,1893
2019-05-23,1326,3749864,399874448,107.0,107.0,106.0,106.5,-0.5,2040
2019-05-24,1326,5181666,545742592,104.5,106.0,104.5,106.0,-0.5,2380
2019-05-27,1326,1740905,185491335,107.0,107.0,106.0,106.5,0.5,1018
2019-05-28,1326,11051925,1176657004,107.0,107.0,106.0,106.5,0.0,1534
2019-05-29,1326,2228952,237568884,106.0,107.0,106.0,106.5,0.0,1158
2019-05-30,1326,3473986,371104991,106.5,107.5,106.5,107.0,0.5,1863
2019-05-31,1326,4314324,463458823,106.5,108.0,106.5,107.5,0.5,1487
2019-06-03,1326,5871096,624963772,107.0,107.5,106.0,106.5,-1.0,2196
2019-06-04,1326,5905297,631339779,106.5,107.5,106.5,106.5,0.0,2204
2019-06-05,1326,4323460,462774945,106.5,107.5,106.5,107.5,1.0,1842
2019-06-06,1326,5005067,537608669,107.0,108.0,107.0,107.5,0.0,1931
2019-06-10,1326,4133699,444708635,107.5,108.0,107.0,107.5,0.0,1591
2019-06-11,1326,3746516,403452728,107.5,108.0,107.0,108.0,0.5,1961
2019-06-12,1326,6047613,655960614,108.0,109.5,107.5,109.5,1.5,2005
2019-06-13,1326,4524591,496973296,109.0,110.5,109.0,110.5,1.0,2059
2019-06-14,1326,4328262,477247944,109.5,110.5,109.5,110.5,0.0,2041
2019-06-17,1326,4854624,535798444,110.5,111.0,110.0,110.5,0.0,1814
2019-06-18,1326,3814367,423088237,110.5,111.5,110.5,111.5,1.0,2012
2019-06-19,1326,8149943,909113128,111.5,112.0,111.0,112.0,0.5,3583
2019-06-20,1326,7069221,787967531,112.0,112.0,111.0,111.0,-1.0,3127
2019-06-21,1326,11649045,1286872950,111.0,111.5,110.0,110.0,-1.0,3168
2019-06-24,1326,9284465,1028948615,110.0,112.0,109.5,111.0,1.0,3629
2019-06-25,1326,13151666,1457093574,111.5,112.0,110.0,110.0,-1.0,4700
2019-06-26,1326,16958712,1742594336,103.0,103.5,102.0,102.0,0.0,6654
2019-06-27,1326,9074561,939452844,102.5,104.5,102.5,104.0,2.0,2761
2019-06-28,1326,3654029,377135492,104.0,104.0,103.0,103.0,-1.0,1609
2019-07-01,1326,7006546,718661192,103.5,103.5,102.0,102.0,-1.0,2856
2019-07-02,1326,7197370,726815040,102.0,102.5,100.5,100.5,-1.5,3524
2019-07-03,1326,4949170,495880241,100.5,101.0,100.0,100.5,0.0,3339
2019-07-04,1326,4750253,476100913,100.5,101.0,100.0,100.0,-0.5,2296
2019-07-05,1326,6152192,614350692,100.0,100.5,99.4,100.0,0.0,2853
2019-07-08,1326,7455327,737872500,99.9,99.9,98.2,99.0,-1.0,3823
2019-07-09,1326,4400728,433423072,99.0,99.0,98.3,98.5,-0.5,2660
2019-07-10,1326,4056577,400546206,98.6,99.3,98.4,98.7,0.2,2481
2019-07-11,1326,6030345,593815993,98.8,98.9,98.3,98.3,-0.4,2574
2019-07-12,1326,5679607,558989945,98.3,98.7,98.1,98.4,0.1,3260
2019-07-15,1326,6307516,617790552,98.5,98.7,97.6,97.8,-0.6,2825
2019-07-16,1326,4138889,404731368,97.8,98.2,97.6,97.9,0.1,2361
2019-07-17,1326,5204990,506086504,97.6,97.7,97.0,97.1,-0.8,2839
2019-07-18,1326,3598141,348712436,97.0,97.3,96.8,96.8,-0.3,1909
2019-07-19,1326,4566427,442115619,97.0,97.4,96.5,96.5,-0.3,2440
2019-07-22,1326,3999415,386331078,96.5,96.9,96.4,96.5,0.0,1904
2019-07-23,1326,3260399,314780044,96.5,96.8,96.4,96.4,-0.1,1958
2019-07-24,1326,5547669,533389446,96.4,96.7,96.0,96.2,-0.2,3551
2019-07-25,1326,4323497,416856744,96.2,97.3,96.1,96.1,-0.1,2532
2019-07-26,1326,6088342,584585793,96.3,96.3,95.9,96.0,-0.1,2627
2019-07-29,1326,8549978,814962763,95.8,96.1,95.0,95.3,-0.7,3129
2019-07-30,1326,4557373,434589609,95.4,95.9,95.0,95.1,-0.2,2696
2019-07-31,1326,6388110,608086592,95.1,95.9,95.0,95.0,-0.1,4144
2019-08-01,1326,6947607,652730269,94.2,94.7,93.5,93.9,-1.1,4558
2019-08-02,1326,10872259,1002970435,92.9,93.3,91.7,92.0,-1.9,5658
2019-08-05,1326,8028760,733638060,92.0,92.8,90.5,90.6,-1.4,5252
2019-08-06,1326,12224205,1085402334,89.0,89.6,88.4,89.2,-1.4,7277
2019-08-07,1326,7944377,709118156,89.2,90.1,88.9,89.1,-0.1,4459
2019-08-08,1326,8574062,761082618,89.0,89.2,88.5,88.6,-0.5,4358
2019-08-12,1326,11323738,982906519,88.0,88.2,86.1,86.1,-2.5,6039
2019-08-13,1326,8212304,702631014,85.5,86.7,85.0,86.3,0.2,4418
2019-08-14,1326,6350103,553803161,86.8,88.2,86.5,86.5,0.2,3607
2019-08-15,1326,7697862,657876426,85.5,85.8,85.3,85.3,-1.2,4894
2019-08-16,1326,7038639,605103909,85.3,86.8,85.0,86.2,0.9,4332
2019-08-19,1326,4678467,403857818,86.9,86.9,85.8,86.2,0.0,2812
2019-08-20,1326,5541569,479994880,86.3,87.1,86.0,87.1,0.9,2741
2019-08-21,1326,4483507,391385184,87.0,87.9,86.9,86.9,-0.2,3025
2019-08-22,1326,4545956,395414372,87.9,87.9,86.6,86.7,-0.2,2649
2019-08-23,1326,2985757,258774367,86.7,87.1,86.5,87.0,0.3,2010
2019-08-26,1326,6722804,574676344,85.5,85.9,85.1,85.6,-1.4,3677
2019-08-27,1326,9514986,814408669,85.8,86.1,85.5,85.5,-0.1,2148
2019-08-28,1326,4530812,386528408,85.3,85.8,85.1,85.1,-0.4,2281
2019-08-29,1326,2663824,227593464,85.1,86.0,85.1,85.9,0.8,1551
2019-08-30,1326,6066272,531461590,86.3,88.2,86.2,88.1,2.2,3306
2019-09-02,1326,2925290,256689320,87.6,88.4,87.3,87.5,-0.6,1743
2019-09-03,1326,5202774,453665146,87.3,87.7,86.8,86.8,-0.7,2219
2019-09-04,1326,4245629,371128852,86.5,88.1,86.4,87.6,0.8,2360
2019-09-05,1326,6538157,582952535,87.7,89.6,87.7,89.5,1.9,3805
2019-09-06,1326,3602043,321984235,89.5,89.9,89.0,89.2,-0.3,2096
2019-09-09,1326,3644299,322276400,88.8,88.9,88.2,88.4,-0.8,2360
2019-09-10,1326,3125965,277143071,88.8,89.2,88.4,88.4,0.0,1648
2019-09-11,1326,5012799,443926486,88.5,89.1,88.3,88.5,0.1,2319
2019-09-12,1326,5577901,497587200,89.1,89.4,88.7,89.2,0.7,2409
2019-09-16,1326,12384941,1137115653,91.7,92.5,91.1,91.5,2.3,7365
2019-09-17,1326,5657525,512074082,91.9,92.0,90.0,90.1,-1.4,3872
2019-09-18,1326,6106977,548926307,90.0,90.7,89.4,90.3,0.2,3898
2019-09-19,1326,2623232,235630680,90.5,90.5,89.5,89.8,-0.5,1595
2019-09-20,1326,7257793,654969253,89.8,90.5,89.6,90.5,0.7,1628
2019-09-23,1326,4351737,391092487,90.5,90.5,89.5,89.6,-0.9,3263
2019-09-24,1326,5931423,526851647,89.5,89.6,88.5,88.8,-0.8,3465
2019-09-25,1326,5177060,455991400,88.7,88.7,87.8,88.3,-0.5,2868
2019-09-26,1326,4042832,356322742,88.4,88.7,87.8,87.8,-0.5,2505
2019-09-27,1326,4388334,382978718,87.5,88.0,86.7,86.7,-1.1,3046
2019-10-01,1326,5326526,464500215,88.0,88.0,86.8,87.2,0.5,3339
2019-10-02,1326,2871749,249974075,86.7,87.3,86.7,87.1,-0.1,2023
2019-10-03,1326,4249030,367508298,86.0,86.8,86.0,86.4,-0.7,2427
2019-10-04,1326,3055787,264249769,86.2,86.9,86.2,86.4,0.0,1723
2019-10-07,1326,1985163,172163081,86.4,87.0,86.4,86.7,0.3,1420
2019-10-08,1326,3845536,337756491,86.7,88.2,86.7,87.9,1.2,2438
2019-10-09,1326,4752778,412499481,87.2,87.5,86.4,86.4,-1.5,3154
2019-10-14,1326,3834913,335494744,87.0,88.0,86.9,88.0,1.6,2324
2019-10-15,1326,2854320,250595811,87.5,88.3,87.3,88.2,0.2,1827
2019-10-16,1326,5183069,455987757,88.2,88.5,87.7,88.0,-0.2,2677
2019-10-17,1326,4079375,358468700,88.0,88.2,87.7,87.9,-0.1,2563
2019-10-18,1326,4024260,355031068,87.9,88.8,87.9,88.1,0.2,2119
2019-10-21,1326,2854425,252422699,88.1,88.9,88.1,88.2,0.1,1731
2019-10-22,1326,4389081,388636709,88.7,89.0,88.2,89.0,0.8,2635
2019-10-23,1326,4259940,378177660,89.0,89.0,88.5,88.5,-0.5,2412
2019-10-24,1326,4751330,423095484,88.7,89.4,88.6,89.4,0.9,2823
2019-10-25,1326,3468568,308555252,89.6,89.6,88.7,88.8,-0.6,1820
2019-10-28,1326,2849923,252653330,89.3,89.3,88.3,88.9,0.1,1875
2019-10-29,1326,3658419,324302194,89.0,89.0,88.4,88.7,-0.2,2329
2019-10-30,1326,4257032,378523832,88.7,89.5,88.3,89.1,0.4,2064
2019-10-31,1326,5348757,476899776,89.5,89.9,88.6,88.6,-0.5,2738
2019-11-01,1326,2967254,263197006,88.6,89.0,88.4,89.0,0.4,2128
2019-11-04,1326,4946147,441779132,89.2,90.1,88.8,90.1,1.1,2958
2019-11-05,1326,6667681,603804340,90.2,91.7,89.9,90.7,0.6,3311
2019-11-06,1326,4618939,414511173,90.3,90.3,89.5,89.9,-0.8,3033
2019-11-07,1326,3398140,303639328,90.1,90.1,89.0,89.4,-0.5,2011
2019-11-08,1326,3616792,321315088,89.6,89.7,88.6,88.7,-0.7,2217
2019-11-11,1326,5094257,446905036,88.7,88.7,87.5,87.5,-1.2,3184
2019-11-12,1326,2669629,234040952,87.6,88.0,87.5,87.7,0.2,1473
2019-11-13,1326,3924352,342471188,87.5,87.6,87.0,87.2,-0.5,2282
2019-11-14,1326,3041682,265518089,87.1,87.8,87.0,87.5,0.3,1823
2019-11-15,1326,4182973,365703721,88.3,88.3,87.1,87.4,-0.1,2791
2019-11-18,1326,3623778,316157312,87.4,87.4,87.1,87.4,0.0,2002
2019-11-19,1326,4463577,388214181,87.0,87.2,86.7,87.0,-0.4,2559
2019-11-20,1326,4492337,389339819,86.9,86.9,86.5,86.5,-0.5,2808
2019-11-21,1326,3584299,310023529,86.3,86.7,86.2,86.6,0.1,1905
2019-11-22,1326,3098882,269867046,86.8,87.4,86.7,87.4,0.8,1646
2019-11-25,1326,3091861,271144457,87.7,87.9,87.4,87.8,0.4,1770
2019-11-26,1326,13686778,1207375063,88.0,88.8,87.8,88.1,0.3,2553
2019-11-27,1326,2298116,202409809,88.4,88.4,87.8,88.3,0.2,1630
2019-11-28,1326,3138477,275876361,88.2,88.2,87.7,87.7,-0.6,2153
2019-11-29,1326,3291716,287948539,87.8,88.0,87.3,87.3,-0.4,1504
2019-12-02,1326,3834526,334042302,87.7,87.8,86.8,87.0,-0.3,2106
2019-12-03,1326,1393793,121390880,87.0,87.3,87.0,87.0,0.0,825
2019-12-04,1326,2939973,255765419,87.0,87.4,86.8,87.1,0.1,1865
2019-12-05,1326,4099091,355995117,87.2,87.3,86.6,86.6,-0.5,2309
2019-12-06,1326,2095372,181771964,87.0,87.0,86.6,86.7,0.1,1338
2019-12-09,1326,2572237,222829653,86.7,86.8,86.5,86.5,-0.2,1690
2019-12-10,1326,1814875,157179925,86.5,86.7,86.5,86.7,0.2,1133
2019-12-11,1326,4401293,380704491,86.5,86.7,86.3,86.7,0.0,2501
2019-12-12,1326,4447836,387649004,87.0,87.7,86.7,87.6,0.9,2305
2019-12-13,1326,4883401,426519976,88.0,88.0,86.9,86.9,-0.7,2565
2019-12-16,1326,3735885,326299636,87.0,87.8,86.9,87.1,0.2,2080
2019-12-17,1326,4707022,412918414,87.2,88.2,87.2,88.2,1.1,2653
2019-12-18,1326,7078921,623879818,88.2,88.5,87.6,88.3,0.1,3504
2019-12-19,1326,4445323,391808996,88.3,88.7,88.0,88.0,-0.3,2376
2019-12-20,1326,8740157,774999923,88.5,88.9,88.0,88.9,0.9,2522
2019-12-23,1326,5144900,458594932,89.1,89.4,88.8,89.4,0.5,2119
2019-12-24,1326,3172920,282889180,89.4,89.7,88.9,89.0,-0.4,1649
2019-12-25,1326,2217826,197000814,89.0,89.2,88.5,88.9,-0.1,1434
2019-12-26,1326,1630957,144578564,89.1,89.1,88.3,88.7,-0.2,883
2019-12-27,1326,2803612,249793911,89.1,89.3,88.7,89.1,0.4,1432
2019-12-30,1326,5000519,443044268,89.3,89.5,88.0,88.0,-1.1,2544
2019-12-31,1326,3120987,274037339,88.2,88.3,87.5,87.5,-0.5,1548
2020-01-02,1326,3161290,277053060,87.7,87.9,87.5,87.7,0.2,1953
2020-01-03,1326,3974444,350200845,88.0,88.7,87.5,88.6,0.9,2501
2020-01-06,1326,4392111,390287421,88.8,89.5,88.5,88.5,-0.1,2523
2020-01-07,1326,5356849,469982811,88.8,88.9,87.3,87.4,-1.1,2916
2020-01-08,1326,5187170,450370790,87.3,87.4,86.6,86.6,-0.8,3450
2020-01-09,1326,2376641,206970778,87.0,87.8,86.6,87.2,0.6,1526
2020-01-10,1326,3401870,295774917,87.1,87.5,86.6,87.1,-0.1,2005
2020-01-13,1326,3248865,284041513,87.3,87.7,87.2,87.5,0.4,2174
2020-01-14,1326,3782226,331367729,87.5,87.9,87.4,87.9,0.4,2111
2020-01-15,1326,4101126,358016361,87.8,87.8,87.0,87.3,-0.6,2057
2020-01-16,1326,1863845,162357022,87.1,87.3,87.0,87.2,-0.1,1233
2020-01-17,1326,3089793,271473284,87.5,88.0,87.5,88.0,0.8,1811
2020-01-20,1326,3587294,317455929,88.1,88.9,88.1,88.2,0.2,2327
2020-01-30,1326,13974469,1192992732,86.5,86.5,84.7,84.7,-3.5,7691
2020-01-31,1326,6492377,552323113,84.7,85.9,84.7,84.9,0.2,3526
2020-02-03,1326,6467054,540449248,83.7,84.5,82.1,83.8,-1.1,3628
2020-02-04,1326,5325485,445991761,83.5,84.3,83.0,83.5,-0.3,3125
2020-02-05,1326,7235889,597585887,83.2,83.2,82.1,82.5,-1.0,4675
2020-02-06,1326,7903463,663550640,83.0,85.1,82.5,84.3,1.8,3845
2020-02-07,1326,3157929,264123036,83.5,84.1,82.5,84.0,-0.3,2256
2020-02-10,1326,2840265,237671365,83.5,84.0,83.1,83.9,-0.1,1751
2020-02-11,1326,2094487,175885236,83.9,84.2,83.5,83.9,0.0,1264
2020-02-12,1326,2803484,237367240,83.9,85.0,83.9,84.9,1.0,1909
2020-02-13,1326,3266716,278454711,84.9,85.6,84.9,85.4,0.5,1547
2020-02-14,1326,2105289,179554170,85.3,85.5,85.1,85.2,-0.2,1201
2020-02-17,1326,2097947,178107095,85.1,85.1,84.7,84.7,-0.5,1206
2020-02-18,1326,3501980,295682477,84.4,84.9,84.2,84.7,0.0,1735
2020-02-19,1326,3098342,264608595,85.0,85.8,84.8,85.4,0.7,1897
2020-02-20,1326,3863877,327846743,85.5,85.6,84.3,84.4,-1.0,2204
2020-02-21,1326,2326481,196875377,84.3,85.6,84.3,84.4,0.0,1449
2020-02-24,1326,6259948,522478020,84.0,84.1,83.1,83.1,-1.3,3665
2020-02-25,1326,6259794,517148502,82.8,82.9,82.4,82.6,-0.5,3907
2020-02-26,1326,10874852,885974464,82.0,82.1,81.2,81.2,-1.4,6262
2020-02-27,1326,6508558,531069420,81.2,82.2,81.0,82.2,1.0,2805
2020-03-02,1326,7641097,619750286,80.3,81.8,80.3,81.0,-1.2,4500
2020-03-03,1326,5974717,484694191,81.7,81.8,80.8,80.8,-0.2,3475
2020-03-04,1326,4776131,388966292,80.8,81.9,80.8,81.8,1.0,2069
2020-03-05,1326,4988917,408305251,81.8,82.0,81.5,82.0,0.2,2375
2020-03-06,1326,5949670,480700170,81.9,82.0,80.5,80.5,-1.5,3951
2020-03-09,1326,13918681,1089134610,79.0,79.3,77.5,77.7,-2.8,7886
2020-03-10,1326,9240779,713373762,76.6,78.3,76.5,77.6,-0.1,4960
2020-03-11,1326,7747392,602794195,77.4,78.8,77.3,77.5,-0.1,4175
2020-03-12,1326,12843144,968212874,77.2,77.2,74.5,75.1,-2.4,6480
2020-03-13,1326,21602749,1512023795,69.3,72.3,69.0,72.3,-2.8,10713
2020-03-16,1326,13046155,912455976,72.3,72.3,69.1,69.2,-3.1,6670
2020-03-17,1326,16677054,1108896351,66.9,67.8,65.5,66.2,-3.0,7875
2020-03-18,1326,20728266,1312997770,65.9,65.9,61.4,61.7,-4.5,10629
2020-03-19,1326,17934468,1066555743,58.9,60.7,58.5,59.3,-2.4,8622
2020-03-20,1326,18298616,1147326528,60.0,65.1,60.0,65.1,5.8,8282
2020-03-23,1326,12800373,798758425,62.0,63.3,60.0,62.0,-3.1,6026
2020-03-24,1326,8837819,577832375,64.8,65.9,64.5,65.2,3.2,4453
2020-03-25,1326,9054638,617350023,67.3,68.5,67.3,68.5,3.3,4976
2020-03-26,1326,6280692,428682048,69.3,69.3,66.7,68.5,0.0,3169
2020-03-27,1326,6513235,446576047,69.4,69.7,68.0,68.0,-0.5,3498
2020-03-30,1326,7178074,481625436,66.4,68.5,65.0,67.7,-0.3,3804
2020-03-31,1326,8233279,555282581,68.6,68.8,67.0,67.0,-0.7,3414
2020-04-01,1326,7105286,474242721,67.4,67.7,66.2,66.2,-0.8,4019
2020-04-06,1326,7492215,507855017,68.4,69.0,67.0,68.0,1.8,4021
2020-04-07,1326,9088300,631559100,69.6,69.9,69.1,69.9,1.9,5044
2020-04-08,1326,7504213,528864267,69.9,71.0,69.4,70.9,1.0,4104
2020-04-09,1326,6120201,433457171,71.0,71.6,70.2,70.6,-0.3,3460
2020-04-10,1326,5620005,398455746,70.5,71.4,70.3,71.0,0.4,3105
2020-04-13,1326,4101839,288311033,70.5,70.6,70.0,70.0,-1.0,2714
2020-04-14,1326,7363657,524676355,70.5,71.6,70.1,71.4,1.4,3612
2020-04-15,1326,7049866,505656778,71.5,72.2,71.4,72.0,0.6,4388
2020-04-16,1326,7817552,553901815,71.0,71.2,70.5,70.8,-1.2,4061
2020-04-17,1326,7377945,528040555,71.4,72.4,70.8,71.1,0.3,4234
2020-04-20,1326,6056145,426322109,71.0,71.1,70.1,70.3,-0.8,3219
2020-04-21,1326,9550668,660244463,69.9,70.0,68.5,68.9,-1.4,6069
2020-04-22,1326,7001216,477874536,68.4,68.9,67.7,68.3,-0.6,4931
2020-04-23,1326,8206717,565372800,68.4,70.2,68.3,68.7,0.4,4480
2020-04-24,1326,5601988,383188855,68.7,69.1,68.2,68.3,-0.4,3290
2020-04-27,1326,8679187,609312339,69.7,70.9,69.4,70.2,1.9,4704
2020-04-28,1326,4982731,350451766,70.7,70.8,70.1,70.4,0.2,2183
2020-04-29,1326,9029030,645709060,70.6,72.0,70.6,71.8,1.4,5015
2020-04-30,1326,15201627,1140789681,72.6,76.6,72.6,75.9,4.1,8607
2020-05-04,1326,12367336,900169639,71.9,73.5,71.9,72.9,-3.0,6828
2020-05-05,1326,5953629,435236723,73.4,73.9,72.5,72.8,-0.1,3435
2020-05-06,1326,6581626,479412498,73.1,73.4,72.2,72.6,-0.2,3362
2020-05-07,1326,5924361,431433511,72.5,73.3,72.4,72.8,0.2,3076
2020-05-08,1326,6301179,464293746,73.7,73.9,73.3,73.7,0.9,3327
2020-05-11,1326,7704787,578482057,75.0,75.9,74.5,74.7,1.0,4406
2020-05-12,1326,7441739,547164486,74.1,74.2,73.3,73.4,-1.3,4349
2020-05-13,1326,4342288,318172645,73.2,73.9,72.8,73.9,0.5,2628
2020-05-14,1326,5895066,428732775,73.4,73.4,72.5,72.6,-1.3,3687
2020-05-15,1326,4802953,348252763,73.1,73.3,72.0,72.3,-0.3,2877
2020-05-18,1326,5125519,370173092,71.5,72.8,71.5,72.1,-0.2,3014
2020-05-19,1326,7811135,572758406,73.5,74.0,72.8,73.2,1.1,3879
2020-05-20,1326,5369645,393389958,73.5,73.6,72.9,73.2,0.0,2581
2020-05-21,1326,4594577,337852213,73.2,73.8,73.2,73.7,0.5,2320
2020-05-22,1326,7423717,539325999,73.2,73.4,72.2,72.2,-1.5,4008
2020-05-25,1326,7189283,513450941,72.3,72.4,70.8,71.9,-0.3,4304
2020-05-26,1326,5753369,419953055,72.2,73.5,71.9,72.7,0.8,2874
2020-05-27,1326,3169823,230569079,72.9,73.3,72.4,72.6,-0.1,1907
2020-05-28,1326,5010710,362416285,72.9,73.2,71.7,72.0,-0.6,2428
2020-05-29,1326,11795161,848814004,71.9,72.5,71.5,72.0,0.0,2601
2020-06-01,1326,5101508,372364513,73.0,73.5,72.5,72.5,0.5,2870
2020-06-02,1326,3364268,245679317,73.0,73.3,72.5,73.2,0.7,1879
2020-06-03,1326,11120773,826642475,73.9,75.0,73.7,74.9,1.7,5959
2020-06-04,1326,7069874,529511309,75.5,75.7,74.4,75.1,0.2,3694
2020-06-05,1326,7201286,541744082,75.2,75.6,74.7,75.6,0.5,3510
2020-06-08,1326,11313524,863462448,76.1,76.8,75.7,76.8,1.2,6444
2020-06-09,1326,7712017,592039687,76.8,77.0,76.0,77.0,0.2,4528
2020-06-10,1326,7800572,600868692,77.0,77.3,76.4,77.1,0.1,3803
2020-06-11,1326,10633956,806998641,76.8,77.0,74.9,75.3,-1.8,6082
2020-06-12,1326,8577773,633160671,73.1,74.5,73.0,74.2,-1.1,4588
2020-06-15,1326,8179693,603075017,74.0,74.4,73.2,73.2,-1.0,4672
2020-06-16,1326,6931623,512479338,73.5,74.4,73.5,73.9,0.7,3223
2020-06-17,1326,6227931,460354262,73.8,74.7,73.5,73.9,0.0,3779
2020-06-18,1326,5933613,437695473,74.0,74.1,73.5,73.8,-0.1,2747
2020-06-19,1326,14625138,1072628424,73.6,73.8,73.1,73.1,-0.7,4904
2020-06-22,1326,10492023,779193690,74.0,75.0,73.5,74.1,1.0,4665
2020-06-23,1326,11191463,838008246,74.5,75.4,74.1,75.0,0.9,5178
2020-06-24,1326,11953692,902264763,75.3,75.8,75.1,75.5,0.5,4417
2020-06-29,1326,15600819,1169879644,75.1,75.3,74.1,75.0,-0.5,4884
2020-06-30,1326,14456021,1092184044,75.5,75.7,75.3,75.7,0.7,4561
2020-07-01,1326,12682996,914224775,71.5,73.0,71.5,72.5,0.0,4394
2020-07-02,1326,3865354,282175357,72.7,73.4,72.6,72.8,0.3,2161
2020-07-03,1326,3377711,247821199,73.7,73.8,73.0,73.4,0.6,1893
2020-07-06,1326,5800867,426042004,73.7,73.8,73.2,73.3,-0.1,2557
2020-07-07,1326,6796426,494817098,73.4,73.6,72.5,72.7,-0.6,3224
2020-07-08,1326,5986400,433427310,72.6,72.9,72.2,72.3,-0.4,2716
2020-07-09,1326,5106855,368310983,72.3,72.5,72.0,72.0,-0.3,2393
2020-07-10,1326,8239781,586282550,71.8,71.9,70.8,71.0,-1.0,3868
2020-07-13,1326,4864844,346347143,71.2,71.6,71.0,71.0,0.0,2319
2020-07-14,1326,4150123,294829832,71.0,71.2,70.9,71.0,0.0,2138
2020-07-15,1326,5313264,377986349,71.3,71.5,70.8,71.4,0.4,2672
2020-07-16,1326,4075088,292148630,71.9,71.9,71.4,71.6,0.2,2151
2020-07-17,1326,4290394,306557911,72.4,72.4,71.0,71.0,-0.6,2142
2020-07-20,1326,3359405,237688955,71.0,71.1,70.5,71.0,0.0,1834
2020-07-21,1326,4217897,301602314,71.6,71.7,71.2,71.4,0.4,1891
2020-07-22,1326,3754937,268460580,71.6,71.9,71.3,71.4,0.0,1618
2020-07-23,1326,4145587,293316584,71.1,71.2,70.5,70.6,-0.8,2191
2020-07-24,1326,6805554,476535272,70.3,70.7,69.7,69.8,-0.8,3692
2020-07-27,1326,9191873,632534029,69.7,69.8,68.4,68.4,-1.4,4471
2020-07-28,1326,9945789,671094152,67.5,67.7,67.3,67.5,-0.9,5651
2020-07-29,1326,7250764,489818369,67.1,68.5,67.1,67.3,-0.2,4725
2020-07-30,1326,5084131,343605993,68.0,68.1,67.3,67.8,0.5,2503
2020-07-31,1326,5349677,361486836,67.6,68.0,67.4,67.4,-0.4,2531
2020-08-03,1326,8334780,556197887,67.4,67.5,66.5,66.6,-0.8,4483
2020-08-04,1326,3728844,249016445,66.7,67.0,66.6,67.0,0.4,2155
2020-08-05,1326,4204442,285155751,67.0,68.4,67.0,68.2,1.2,2606
2020-08-06,1326,5741738,395025936,68.7,69.4,68.2,68.6,0.4,3390
2020-08-07,1326,5155103,356530919,68.6,69.4,68.6,69.1,0.5,2349
2020-08-10,1326,4728467,330661957,69.7,70.8,69.1,70.7,1.6,2517
2020-08-11,1326,6268465,446496234,71.1,71.7,70.9,71.0,0.3,3131
2020-08-12,1326,4480466,316344513,71.1,71.4,69.9,70.7,-0.3,2213
2020-08-13,1326,4165921,296270230,71.3,71.4,70.7,71.4,0.7,1761
2020-08-14,1326,2913672,207455294,70.8,71.5,70.6,71.5,0.1,1462
2020-08-17,1326,5371021,386394283,71.5,72.3,71.5,72.3,0.8,2363
2020-08-18,1326,3778499,272071015,72.3,72.5,71.8,72.0,-0.3,1627
2020-08-19,1326,3292344,235844207,72.0,72.3,71.2,71.2,-0.8,2009
2020-08-20,1326,6529767,455405590,70.9,71.0,69.0,69.3,-1.9,3474
2020-08-21,1326,4201597,293978682,70.4,70.5,69.6,70.0,0.7,2353
2020-08-24,1326,3044053,212232676,70.1,70.2,69.5,69.5,-0.5,1490
2020-08-25,1326,3954340,276548200,69.5,70.6,69.5,69.8,0.3,2261
2020-08-26,1326,3430869,239955470,70.1,70.2,69.7,70.2,0.4,2186
2020-08-27,1326,3052593,212291730,70.0,70.3,69.3,69.5,-0.7,1967
2020-08-28,1326,3199429,222289130,69.2,70.0,69.1,69.9,0.4,2000
2020-08-31,1326,11861387,811434837,70.3,70.3,67.8,67.8,-2.1,5266
2020-09-01,1326,7236586,489791698,67.9,68.3,67.1,68.0,0.2,3188
2020-09-02,1326,4278629,289211672,68.0,68.3,67.2,67.6,-0.4,2449
2020-09-03,1326,4556140,310507699,67.7,68.8,67.5,68.2,0.6,1873
2020-09-04,1326,4001595,271453460,68.0,68.4,67.6,67.7,-0.5,2231
2020-09-07,1326,6594518,453288975,67.7,69.1,67.7,69.0,1.3,2887
2020-09-08,1326,10772773,757737012,69.9,71.0,69.5,70.6,1.6,5861
2020-09-09,1326,4317983,300630810,69.9,70.1,69.3,69.8,-0.8,2574
2020-09-10,1326,3875049,268817899,69.8,70.0,69.1,69.2,-0.6,2028
2020-09-11,1326,5448558,373591402,69.1,69.3,68.2,68.8,-0.4,2795
2020-09-14,1326,8181731,557441425,68.8,68.8,67.9,68.3,-0.5,3592
2020-09-15,1326,5353929,363810723,68.2,68.3,67.8,68.0,-0.3,2471
2020-09-16,1326,4113705,280345907,68.0,68.4,67.8,68.3,0.3,1805
2020-09-17,1326,3654828,248779926,68.1,68.4,67.8,68.2,-0.1,2083
2020-09-18,1326,22688968,1585840937,68.2,70.7,68.2,69.7,1.5,7592
2020-09-21,1326,7721882,542228883,70.0,70.6,69.9,70.2,0.5,3341
2020-09-22,1326,7349279,504864642,69.8,69.8,68.2,68.3,-1.9,4005
2020-09-23,1326,4351923,296287126,68.3,68.6,67.9,68.0,-0.3,2500
2020-09-24,1326,11125294,745857637,67.7,67.7,66.8,66.8,-1.2,5618
2020-09-25,1326,4291941,288020284,66.9,67.5,66.8,67.5,0.7,2023
2020-09-28,1326,3976995,269163897,67.8,68.3,67.4,67.5,0.0,2385
2020-09-29,1326,3841100,260423100,67.9,68.2,67.5,67.8,0.3,1276
2020-09-30,1326,3633956,247186008,67.9,68.5,67.7,67.7,-0.1,1302
2020-10-05,1326,2586385,177326178,68.9,68.9,68.0,68.5,0.8,1388
2020-10-06,1326,3434979,237550006,68.8,69.5,68.8,69.4,0.9,1836
2020-10-07,1326,2332251,160626019,69.1,69.1,68.3,68.8,-0.6,1097
2020-10-08,1326,2661375,183746966,69.0,69.3,68.8,69.2,0.4,1337
2020-10-12,1326,6961669,485976230,69.9,70.2,69.4,70.0,0.8,3351
2020-10-13,1326,4442912,306543157,69.8,69.8,66.6,69.3,-0.7,1864
2020-10-14,1326,5154871,356125099,69.5,69.9,68.8,68.8,-0.5,1409
2020-10-15,1326,4917693,340125553,68.7,69.7,68.7,69.4,0.6,1789
2020-10-16,1326,3791834,263226200,69.9,69.9,69.0,69.0,-0.4,1706
2020-10-19,1326,3232146,223444474,69.1,69.4,69.0,69.0,0.0,1637
2020-10-20,1326,4368627,301533709,69.0,69.4,68.8,69.0,0.0,1797
2020-10-21,1326,4070359,280603671,69.1,69.5,68.7,68.7,-0.3,2666
2020-10-22,1326,7116724,491434460,68.5,69.3,68.5,69.3,0.6,2364
2020-10-23,1326,2573859,178139003,68.9,69.6,68.9,69.3,0.0,907
2020-10-26,1326,7022615,493155973,69.3,70.6,69.3,70.3,1.0,2911
2020-10-27,1326,5634981,396352721,69.5,70.6,69.5,70.3,0.0,2606
2020-10-28,1326,3138040,219863352,70.4,70.4,69.4,70.0,-0.3,1837
2020-10-29,1326,3939352,271946659,68.9,69.6,68.7,68.7,-1.3,2277
2020-10-30,1326,5375436,369130222,68.6,69.0,68.2,68.8,0.1,1796
2020-11-02,1326,2231272,154846785,68.8,69.8,68.8,69.8,1.0,1135
2020-11-03,1326,5274129,371318233,70.4,70.7,70.1,70.4,0.6,2587
2020-11-04,1326,6682353,474834546,70.9,71.4,70.6,71.0,0.6,3580
2020-11-05,1326,4304198,306094848,71.5,71.6,70.8,71.3,0.3,2082
2020-11-06,1326,3256329,231676515,71.3,71.3,71.0,71.2,-0.1,1339
2020-11-09,1326,6210610,446798148,71.6,72.5,71.3,71.9,0.7,3245
2020-11-10,1326,18374778,1356955844,72.6,74.2,72.6,74.2,2.3,9118
2020-11-11,1326,23845267,1827390796,74.7,78.0,74.7,78.0,3.8,12013
2020-11-12,1326,12730148,977933973,78.0,78.0,76.1,76.9,-1.1,5585
2020-11-13,1326,6997726,536654936,76.6,77.0,76.2,76.9,0.0,3344
2020-11-16,1326,14745871,1148669444,77.2,78.9,77.0,77.8,0.9,8281
2020-11-17,1326,9729449,757011888,78.1,78.5,77.3,78.0,0.2,4371
2020-11-18,1326,17845749,1415864462,78.0,80.0,77.8,79.4,1.4,9309
2020-11-19,1326,8792186,700422895,79.0,80.0,78.7,79.8,0.4,4501
2020-11-20,1326,7484999,596645635,79.8,79.8,79.3,79.8,0.0,3140
2020-11-23,1326,8346771,669093439,80.0,81.0,79.7,80.0,0.2,4015
2020-11-24,1326,7445138,589888292,79.9,80.2,78.6,78.9,-1.1,4235
2020-11-25,1326,5564042,442691623,79.2,80.0,79.1,79.3,0.4,3058
2020-11-26,1326,5906408,468712380,79.3,79.8,78.8,79.7,0.4,3714
2020-11-27,1326,7646406,604818038,79.4,79.4,78.8,79.0,-0.7,3458
2020-11-30,1326,19797675,1537647612,79.0,79.7,77.0,77.0,-2.0,5075
2020-12-01,1326,6649935,521984297,77.5,78.9,77.5,78.9,1.9,2996
2020-12-02,1326,7481917,589294075,78.1,79.2,77.6,78.9,0.0,2788
2020-12-03,1326,6717765,534200747,78.5,79.9,78.2,79.6,0.7,3415
2020-12-04,1326,8900668,712915364,80.0,80.4,79.8,80.1,0.5,3932
2020-12-07,1326,6417024,510214852,80.1,80.4,79.1,79.7,-0.4,3038
2020-12-08,1326,5316235,420300369,79.2,79.6,78.6,79.0,-0.7,2362
2020-12-09,1326,5579236,440243015,78.7,79.5,78.2,79.3,0.3,2844
2020-12-10,1326,5621984,445181945,79.0,79.6,78.6,79.3,0.0,2099
2020-12-11,1326,4485346,355175566,79.6,80.0,78.8,79.0,-0.3,2146
2020-12-14,1326,4453819,351774084,78.8,79.6,78.6,78.6,-0.4,2028
2020-12-15,1326,4435550,347879313,78.5,79.1,77.8,78.3,-0.3,2282
2020-12-16,1326,5445492,432273756,78.4,79.9,78.4,79.8,1.5,3246
2020-12-17,1326,4716849,372813612,79.8,79.8,78.7,79.3,-0.5,3008
2020-12-18,1326,8056221,634034428,78.8,79.3,78.3,78.3,-1.0,3043
2020-12-21,1326,11500219,921732940,78.6,81.0,78.6,81.0,2.7,6287
2020-12-22,1326,8235318,664315666,80.5,81.8,79.1,79.7,-1.3,5205
2020-12-23,1326,3790077,299882795,79.4,79.5,78.9,79.1,-0.6,2023
2020-12-24,1326,2912952,230885635,79.2,79.7,78.9,79.1,0.0,1518
2020-12-25,1326,3008961,238626107,79.3,79.6,79.0,79.6,0.5,1698
2020-12-28,1326,5706070,457713819,79.5,80.9,79.3,80.8,1.2,3114
2020-12-29,1326,7800542,633841231,81.0,81.7,80.7,81.4,0.6,4369
2020-12-30,1326,17243881,1441553433,81.5,84.8,81.5,84.5,3.1,9575
2020-12-31,1326,11790491,999390010,84.8,85.4,83.7,84.7,0.2,5700
2021-01-04,1326,8153930,690979370,83.9,85.2,83.9,84.6,-0.1,4382
2021-01-05,1326,6925823,579524185,84.1,84.6,83.0,83.3,-1.3,4277
2021-01-06,1326,7956173,663951611,83.5,84.4,82.7,83.3,0.0,4498
2021-01-07,1326,11152783,948572500,83.9,86.0,83.5,85.8,2.5,6252
2021-01-08,1326,10068574,865843409,85.9,86.6,84.8,86.3,0.5,5167
2021-01-11,1326,6169293,529918036,86.1,86.6,85.1,86.3,0.0,3081
2021-01-12,1326,6809851,583843176,86.6,86.8,85.0,85.5,-0.8,3697
2021-01-13,1326,6371662,548004372,86.4,86.5,85.6,85.9,0.4,2810
2021-01-14,1326,5085114,435245163,85.8,86.0,85.0,85.4,-0.5,3160
2021-01-15,1326,6882135,582195800,85.1,85.7,83.9,83.9,-1.5,3987
2021-01-18,1326,6327336,521248136,83.4,83.6,81.5,82.1,-1.8,3526
2021-01-19,1326,4862113,402713703,81.5,83.3,81.5,83.1,1.0,2459
2021-01-20,1326,12326274,1005325973,82.5,82.8,80.3,81.0,-2.1,6986
2021-01-21,1326,6418074,522616233,81.2,82.5,80.7,80.9,-0.1,3255
2021-01-22,1326,5987019,484723558,81.7,81.7,80.5,80.7,-0.2,2954
2021-01-25,1326,4479925,366228802,80.5,82.4,80.2,82.1,1.4,2189
2021-01-26,1326,6438222,521095976,81.5,81.9,80.5,80.5,-1.6,3257
2021-01-27,1326,4714468,379115012,80.9,81.5,80.1,80.1,-0.4,2130
2021-01-28,1326,6425403,510144403,79.5,80.1,79.0,79.5,-0.6,3326
2021-01-29,1326,8984008,703345336,78.5,79.5,77.4,77.4,-2.1,4381
2021-02-01,1326,3030263,236712142,77.4,78.9,77.3,78.1,0.7,1822
2021-02-02,1326,3922653,310817884,78.1,79.8,77.7,79.4,1.3,2309
2021-02-03,1326,5430579,437443786,80.1,81.1,79.3,80.9,1.5,2276
2021-02-04,1326,3350711,269430798,80.0,80.7,80.0,80.5,-0.4,2030
2021-02-05,1326,4388044,351951489,80.5,81.1,79.6,79.9,-0.6,2167
2021-02-17,1326,10815164,893983195,81.5,83.9,80.4,83.5,3.6,6088
2021-02-18,1326,5561707,464341083,83.5,84.3,83.0,83.3,-0.2,2991
2021-02-19,1326,4713293,389755494,83.1,83.3,82.0,83.0,-0.3,2177
2021-02-22,1326,4656088,389623655,83.7,84.4,83.3,83.3,0.3,2684
2021-02-23,1326,11756678,999157368,83.3,85.9,83.1,85.4,2.1,6263
2021-02-24,1326,11402807,980823398,86.2,86.9,85.6,85.9,0.5,4950
2021-02-25,1326,18565408,1627395451,86.4,89.0,86.4,88.6,2.7,9099
2021-02-26,1326,20079910,1737681676,87.3,87.5,85.5,86.0,-2.6,7032
2021-03-02,1326,7323026,637459314,87.5,88.0,86.3,86.3,0.3,3096
2021-03-03,1326,10912019,958396167,86.8,88.5,86.6,87.9,1.6,4859
2021-03-04,1326,13269207,1169457182,87.8,88.8,87.0,88.3,0.4,7390
2021-03-05,1326,8701219,764441889,88.0,88.5,87.3,87.4,-0.9,3897
2021-03-08,1326,13543117,1204302119,88.2,90.8,87.8,88.0,0.6,6714
2021-03-09,1326,6081900,537807655,88.5,88.8,87.7,88.5,0.5,2673
2021-03-10,1326,4696867,416250151,88.5,89.4,88.1,88.8,0.3,2289
2021-03-11,1326,10523359,944842430,89.0,90.7,88.9,89.0,0.2,4833
2021-03-12,1326,4067111,361567751,89.5,89.6,88.1,89.5,0.5,2187
2021-03-15,1326,5871417,519111659,88.6,89.5,88.1,88.1,-1.4,2760
2021-03-16,1326,6780634,592977082,88.0,88.0,87.0,87.9,-0.2,3739
2021-03-17,1326,7018807,612642621,87.5,87.9,86.8,86.9,-1.0,3431
2021-03-18,1326,8233280,721193652,87.0,88.3,87.0,87.0,0.1,4707
2021-03-19,1326,17521384,1482595974,86.3,86.5,84.0,84.2,-2.8,8737
2021-03-22,1326,4699702,402210958,84.0,86.4,83.7,86.2,2.0,3094
2021-03-23,1326,4683688,405645138,86.2,87.2,85.7,86.1,-0.1,3391
2021-03-24,1326,3804107,325883440,85.9,86.9,85.1,85.1,-1.0,2337
2021-03-25,1326,4223432,361994550,85.2,86.3,85.1,85.9,0.8,2344
2021-03-26,1326,4645655,403407966,86.3,87.5,86.1,87.2,1.3,2828
2021-03-29,1326,3854338,337988889,87.5,87.9,87.2,87.9,0.7,2062
2021-03-30,1326,4299375,377004312,88.0,88.0,87.3,87.7,-0.2,2784
2021-03-31,1326,3773965,330215231,87.8,87.8,87.2,87.6,-0.1,1703
2021-04-01,1326,3939159,343372496,87.5,87.7,86.8,87.0,-0.6,2045
2021-04-06,1326,4009944,351932927,87.6,88.0,87.4,87.8,0.8,2095
2021-04-07,1326,4737062,413298256,87.5,87.8,87.0,87.5,-0.3,3083
2021-04-08,1326,4182262,364417371,87.0,87.4,86.9,87.3,-0.2,2149
2021-04-09,1326,7636511,674696145,87.3,88.9,87.3,88.5,1.2,3967
2021-04-12,1326,10170583,905858722,89.4,90.6,88.2,88.6,0.1,5235
2021-04-13,1326,7298352,648243180,88.9,89.7,88.1,88.4,-0.2,3863
2021-04-14,1326,7472836,658925509,88.4,88.6,87.6,88.3,-0.1,3477
2021-04-15,1326,11865927,1066767595,88.9,90.4,88.9,90.1,1.8,6237
2021-04-16,1326,10753543,981879018,90.1,92.2,89.8,92.0,1.9,6401
2021-04-19,1326,18654960,1760586310,92.0,95.5,92.0,95.2,3.2,9236
2021-04-20,1326,10264648,971918341,95.0,95.4,94.0,94.8,-0.4,6825
2021-04-21,1326,8284804,772847827,93.3,94.8,92.9,93.0,-1.8,4770
2021-04-22,1326,10576969,992785081,93.3,95.0,92.8,93.2,0.2,5990
2021-04-23,1326,6049689,559350278,93.2,93.3,91.8,92.8,-0.4,3841
2021-04-26,1326,4018472,372019679,92.5,93.0,92.1,93.0,0.2,2348
2021-04-27,1326,8060374,748546396,92.3,93.5,92.1,93.0,0.0,4257
2021-04-28,1326,5676592,521816998,92.8,93.0,91.2,91.9,-1.1,3132
2021-04-29,1326,5358308,490240811,91.2,92.3,90.7,90.9,-1.0,2936
2021-05-03,1326,6420099,584117017,90.0,92.1,90.0,90.3,-0.6,3442
2021-05-04,1326,11201699,1016564570,91.5,92.1,89.3,89.6,-0.7,5301
2021-05-05,1326,6790587,621373614,90.0,92.5,89.8,91.1,1.5,3457
2021-05-06,1326,9919254,913840575,91.1,94.0,91.0,94.0,2.9,4897
2021-05-07,1326,13185707,1197492776,93.1,93.4,89.3,90.7,-3.3,8054
2021-05-10,1326,6839164,626335001,90.6,92.2,90.5,91.6,0.9,4163
2021-05-11,1326,8009669,721940740,91.5,92.0,88.7,89.1,-2.5,4748
2021-05-12,1326,14138384,1203373712,89.0,89.9,80.7,83.6,-5.5,8181
2021-05-13,1326,11018861,911340521,82.9,84.3,80.8,81.5,-2.1,6017
2021-05-14,1326,6441066,533620841,82.1,84.3,81.6,82.9,1.4,3531
2021-05-17,1326,9713831,785864756,81.0,81.9,79.7,80.9,-2.0,4024
2021-05-18,1326,4872286,403910219,80.8,83.7,80.7,83.6,2.7,2304
2021-05-19,1326,4977908,418472299,83.1,84.7,82.5,83.7,0.1,2837
2021-05-20,1326,5816513,487838360,83.7,84.5,83.0,84.2,0.5,2985
2021-05-21,1326,6598418,557514102,85.0,86.4,83.5,84.2,0.0,3546
2021-05-24,1326,3604052,301859900,83.5,84.4,83.1,83.7,-0.5,1627
2021-05-25,1326,7619127,652235628,83.7,86.8,83.7,85.4,1.7,4417
2021-05-26,1326,4821775,408196538,86.2,86.2,84.0,84.5,-0.9,3289
2021-05-27,1326,10869625,917005848,84.1,84.7,83.5,84.7,0.2,2966
2021-05-28,1326,6810886,579805893,85.3,85.7,84.6,85.4,0.7,3435
2021-05-31,1326,4956363,425199779,85.8,86.4,84.9,85.6,0.2,3085
2021-06-01,1326,5589404,484424950,85.9,87.4,85.7,87.2,1.6,2879
2021-06-02,1326,9050583,799754908,87.3,89.7,87.3,88.9,1.7,5630
2021-06-03,1326,6902452,612561909,89.2,89.7,88.2,88.5,-0.4,4054
2021-06-04,1326,4079601,357331112,88.0,88.2,87.2,87.7,-0.8,2525
2021-06-07,1326,4142674,362685882,87.7,88.3,86.6,87.6,-0.1,1906
2021-06-08,1326,3865171,335789009,87.8,87.8,86.3,86.4,-1.2,2332
2021-06-09,1326,4592810,392879615,86.9,86.9,85.0,85.6,-0.8,2592
2021-06-10,1326,3848698,330770570,85.4,86.6,85.2,86.6,1.0,1970
2021-06-11,1326,2165103,186426037,86.6,86.6,85.6,85.8,-0.8,1325
2021-06-15,1326,3227431,275541490,86.0,86.3,85.1,85.2,-0.6,2078
2021-06-16,1326,4664111,401126629,85.0,86.5,85.0,86.1,0.9,2845
2021-06-17,1326,3810589,324723016,85.0,85.7,85.0,85.3,-0.8,2582
2021-06-18,1326,12095134,1011079109,85.0,85.0,83.3,83.3,-2.0,5143
2021-06-21,1326,4893070,403977670,83.0,83.7,82.0,82.8,-0.5,2774
2021-06-22,1326,2986909,249421406,83.5,84.1,83.3,83.3,0.5,1950
2021-06-23,1326,5541011,466050406,83.3,84.8,83.3,84.5,1.2,3437
2021-06-24,1326,3040218,255594112,84.5,84.7,83.6,84.4,-0.1,1619
2021-06-25,1326,4259348,361058525,84.4,85.6,84.0,84.6,0.2,2226
2021-06-28,1326,2381752,202293660,85.0,85.4,84.7,85.0,0.4,1675
2021-06-29,1326,3629336,306292756,84.3,84.9,84.0,84.6,-0.4,1908
2021-06-30,1326,2846266,240983734,84.6,84.9,84.2,84.7,0.1,1671
2021-07-01,1326,6844101,582909866,84.2,85.9,84.1,85.0,0.3,3778
2021-07-02,1326,10673880,922116209,85.8,87.4,85.1,85.1,0.1,5238
2021-07-05,1326,6103748,526090415,86.3,86.8,85.6,86.5,1.4,3001
2021-07-06,1326,4976201,431910964,87.2,87.3,86.4,86.8,0.3,2474
2021-07-07,1326,4256429,365803337,86.8,86.9,85.6,85.8,-1.0,2226
2021-07-08,1326,3632062,311373233,86.0,86.7,85.4,85.6,-0.2,1869
2021-07-09,1326,6893059,583024958,84.6,85.5,84.2,85.1,-0.5,3634
2021-07-12,1326,4270853,363930649,85.9,85.9,84.6,85.0,-0.1,2209
2021-07-13,1326,3498346,298090514,85.7,85.7,84.9,85.4,0.4,1629
2021-07-14,1326,3642093,312014468,85.7,85.9,85.2,85.9,0.5,1965
2021-07-15,1326,4395410,375096678,85.5,85.7,85.2,85.3,-0.6,2335
2021-07-16,1326,2473306,211438488,85.3,85.8,85.2,85.7,0.4,1264
2021-07-19,1326,4637605,392730488,84.9,85.2,84.3,85.0,-0.7,2138
2021-07-20,1326,6422060,536624011,84.1,84.4,83.2,83.3,-1.7,4373
2021-07-21,1326,4750638,394073046,83.4,83.6,82.6,82.9,-0.4,3299
2021-07-22,1326,3632227,305078616,83.2,84.3,83.2,84.2,1.3,1888
2021-07-23,1326,3095720,261842023,84.4,85.0,84.2,84.2,0.0,1562
2021-07-26,1326,6860303,573399594,84.4,84.5,83.2,83.2,-1.0,3289
2021-07-27,1326,6911569,558767310,80.7,81.5,80.6,80.6,0.0,4439
2021-07-28,1326,8119950,653655272,80.6,81.4,79.7,81.2,0.6,4342
2021-07-29,1326,2974511,243053489,81.2,82.1,81.2,81.9,0.7,1482
2021-07-30,1326,3905040,321894777,82.0,82.9,81.8,82.2,0.3,2054
2021-08-02,1326,3955949,328986293,82.9,83.5,82.5,83.3,1.1,2037
2021-08-03,1326,2706930,224295314,82.8,83.3,82.4,83.1,-0.2,1279
2021-08-04,1326,3017862,250949186,83.0,83.7,82.7,83.1,0.0,1653
2021-08-05,1326,2645481,219778402,83.1,83.4,82.9,83.1,0.0,1304
2021-08-06,1326,7188413,599247777,83.0,84.0,82.2,83.7,0.6,4078
2021-08-09,1326,4714084,390222790,82.7,83.6,81.7,83.0,-0.7,2269
2021-08-10,1326,2173502,178801169,83.0,83.0,81.9,82.0,-1.0,1150
2021-08-11,1326,2718951,224086560,82.0,82.7,82.0,82.7,0.7,1314
2021-08-12,1326,1338628,110560047,83.0,83.0,82.2,82.7,0.0,822
2021-08-13,1326,2494914,203699791,82.2,82.3,81.2,81.7,-1.0,1322
2021-08-16,1326,2848038,232182810,81.0,82.2,81.0,81.3,-0.4,1353
2021-08-17,1326,3439023,280531885,81.5,82.0,81.4,81.5,0.2,1673
2021-08-18,1326,3208051,260787027,81.4,81.8,80.8,81.7,0.2,1578
2021-08-19,1326,5913161,475357974,81.1,81.7,80.0,80.2,-1.5,3150
2021-08-20,1326,6166310,490489844,80.9,80.9,79.1,79.1,-1.1,3407
2021-08-23,1326,2155298,172678663,80.0,80.5,79.6,80.1,1.0,1237
2021-08-24,1326,3411153,275724407,80.5,81.5,80.2,81.3,1.2,1858
2021-08-25,1326,2705599,219873556,81.5,81.7,80.8,81.6,0.3,1505
2021-08-26,1326,2994249,242047464,81.0,81.5,80.5,80.7,-0.9,1672
2021-08-27,1326,3587464,294746328,80.7,82.7,80.7,82.5,1.8,1955
2021-08-30,1326,3780775,315016323,82.7,83.9,82.3,83.9,1.4,2059
2021-08-31,1326,5941268,496269484,83.4,84.1,82.4,84.1,0.2,2000
2021-09-01,1326,2720503,225721037,82.6,83.6,82.6,83.1,-1.0,1519
2021-09-02,1326,2332801,192283980,82.8,83.1,81.9,81.9,-1.2,1285
2021-09-03,1326,3030269,250719730,82.9,83.0,82.2,83.0,1.1,1596
2021-09-06,1326,1773591,146162969,83.0,83.1,82.0,82.2,-0.8,1286
2021-09-07,1326,1999458,164740491,82.3,82.7,82.0,82.7,0.5,1110
2021-09-08,1326,2737337,224748831,82.7,82.7,81.5,82.2,-0.5,1355
2021-09-09,1326,2371971,193564691,81.6,82.2,81.3,81.5,-0.7,988
2021-09-10,1326,1917993,157203854,81.6,82.4,81.5,82.1,0.6,940
2021-09-13,1326,1625173,133998817,82.1,82.8,81.7,82.8,0.7,852
2021-09-14,1326,2412270,200365625,82.8,83.3,82.7,83.2,0.4,1365
2021-09-15,1326,3675990,305539549,82.7,83.4,82.6,83.3,0.1,2152
2021-09-16,1326,2805655,234352356,83.5,83.8,83.2,83.5,0.2,1602
2021-09-17,1326,7456376,616669765,83.3,83.8,82.3,82.3,-1.2,2613
2021-09-22,1326,6654609,537294762,81.6,81.6,80.1,80.5,-1.8,3671
2021-09-23,1326,3225597,261399235,81.1,81.5,80.7,81.3,0.8,2178
2021-09-24,1326,2429567,199765515,81.6,82.8,81.6,82.2,0.9,1373
2021-09-27,1326,4696092,391860297,82.9,83.7,82.6,83.7,1.5,2407
2021-09-28,1326,4558440,381470947,83.1,84.4,82.4,84.4,0.7,2520
2021-09-29,1326,6631745,554942468,83.5,84.7,83.0,83.5,-0.9,4012
2021-09-30,1326,5356044,446976371,83.4,83.9,82.7,83.9,0.4,2439
2021-10-01,1326,6768235,556020365,82.9,83.7,81.6,82.0,-1.9,3359
2021-10-04,1326,3947188,325489317,82.7,82.8,82.2,82.5,0.5,1778
2021-10-05,1326,5068299,416016396,81.7,82.8,81.5,82.2,-0.3,2474
2021-10-06,1326,8139599,677818230,82.4,83.7,82.4,83.5,1.3,3627
2021-10-07,1326,6916581,582556932,84.0,84.6,83.6,84.2,0.7,4388
2021-10-08,1326,3880124,327845031,84.6,84.7,84.3,84.4,0.2,2174
2021-10-12,1326,11438974,945856700,82.9,84.9,82.0,83.1,-1.3,5089
2021-10-13,1326,5329565,442451507,83.7,84.2,82.3,82.4,-0.7,2342
2021-10-14,1326,3572533,294583668,82.9,83.2,82.1,82.1,-0.3,1713
2021-10-15,1326,3517785,290582013,82.2,83.0,82.0,82.9,0.8,1550
2021-10-18,1326,3216901,265695734,82.9,83.5,82.1,82.3,-0.6,1765
2021-10-19,1326,4541539,374134601,82.8,82.9,82.0,82.0,-0.3,2627
2021-10-20,1326,4495240,368302643,82.1,82.6,81.5,82.2,0.2,2484
2021-10-21,1326,12870750,1057121457,82.2,82.4,81.6,82.2,0.0,2383
2021-10-22,1326,4643574,377887923,82.2,82.2,81.2,81.2,-1.0,2673
2021-10-25,1326,4012798,325156362,81.2,81.4,80.7,80.9,-0.3,1971
2021-10-26,1326,5498497,447000267,81.5,81.7,80.9,81.2,0.3,2058
2021-10-27,1326,4644876,375638966,81.0,81.2,80.5,81.1,-0.1,2554
2021-10-28,1326,3907174,315347675,80.8,81.0,80.5,80.8,-0.3,2111
2021-10-29,1326,5762424,463279118,80.6,80.8,80.0,80.5,-0.3,2559
2021-11-01,1326,3416270,275978717,81.0,81.2,80.4,80.7,0.2,1653
2021-11-02,1326,4442334,357977605,81.2,81.2,80.3,80.3,-0.4,2127
2021-11-03,1326,3857922,309317281,80.1,80.6,80.0,80.4,0.1,2215
2021-11-04,1326,3235818,260085654,80.7,80.8,80.0,80.6,0.2,1624
2021-11-05,1326,2632865,211602060,80.2,80.7,80.1,80.5,-0.1,1468
2021-11-08,1326,3323943,268128603,80.4,80.9,80.3,80.7,0.2,1837
2021-11-09,1326,4577076,368973068,80.7,80.9,80.5,80.6,-0.1,2064
2021-11-10,1326,3187338,257086994,80.6,81.1,80.5,80.5,-0.1,1770
2021-11-11,1326,3504336,281735306,80.5,80.7,80.1,80.4,-0.1,2071
2021-11-12,1326,3038108,246747594,80.8,81.5,80.6,81.5,1.1,1813
2021-11-15,1326,3026180,246594636,81.8,81.8,81.3,81.3,-0.2,1545
2021-11-16,1326,3265574,265295875,81.3,81.5,81.1,81.1,-0.2,1885
2021-11-17,1326,4330408,350006641,81.0,81.1,80.5,81.0,-0.1,2412
2021-11-18,1326,3141863,254325152,80.6,81.4,80.6,81.1,0.1,1978
2021-11-19,1326,2436301,196951646,81.0,81.1,80.8,80.8,-0.3,1498
2021-11-22,1326,3660640,294286422,80.7,80.8,80.2,80.2,-0.6,2052
2021-11-23,1326,2375511,190583688,80.3,80.6,80.0,80.1,-0.1,1557
2021-11-24,1326,2031064,163081236,80.2,80.6,80.1,80.3,0.2,1511
2021-11-25,1326,2140008,171688807,80.5,80.5,80.1,80.1,-0.2,1523
2021-11-26,1326,5752817,458405248,80.0,80.1,79.4,79.4,-0.7,3729
2021-11-29,1326,3742724,296735510,79.3,79.8,78.8,79.3,-0.1,2076
2021-11-30,1326,10672771,838851544,79.3,79.7,78.1,78.1,-1.2,3871
2021-12-01,1326,2298554,181518774,78.1,79.5,78.1,79.4,1.3,1672
2021-12-02,1326,1684102,133716233,78.8,79.7,78.8,79.7,0.3,1249
2021-12-03,1326,2440709,193893738,79.5,79.8,79.3,79.3,-0.4,1500
2021-12-06,1326,2120579,168357370,78.9,79.7,78.6,79.7,0.4,1266
2021-12-07,1326,3101441,248497219,79.7,80.5,79.5,80.5,0.8,1939
2021-12-08,1326,3816335,308716669,80.8,81.2,80.6,80.6,0.1,2541
2021-12-09,1326,1794010,144612692,80.6,80.9,80.3,80.7,0.1,1941
2021-12-10,1326,1707975,136877152,80.3,80.6,80.0,80.0,-0.7,1197
2021-12-13,1326,2080333,166057169,80.0,80.2,79.5,79.8,-0.2,1338
2021-12-14,1326,2424178,192558578,79.1,79.7,79.0,79.4,-0.4,1461
2021-12-15,1326,2841354,225227059,79.4,79.6,79.0,79.3,-0.1,1692
2021-12-16,1326,2226799,176295708,79.4,79.8,79.0,79.0,-0.3,1408
2021-12-17,1326,3259590,258423444,79.0,79.6,79.0,79.3,0.3,1180
2021-12-20,1326,3313853,261715009,79.0,79.6,78.6,78.8,-0.5,2003
2021-12-21,1326,1731581,137777450,78.8,79.9,78.7,79.9,1.1,1069
2021-12-22,1326,1533242,122427531,79.9,80.2,79.5,79.8,-0.1,1296
2021-12-23,1326,2207131,177062903,79.9,80.6,79.9,80.4,0.6,1131
2021-12-24,1326,1201838,96633161,80.6,80.7,80.2,80.4,0.0,939
2021-12-27,1326,1338591,107810861,80.3,80.7,80.2,80.7,0.3,831
2021-12-28,1326,1928234,155787330,80.7,81.0,80.5,81.0,0.3,1510
2021-12-29,1326,1855981,150294904,81.3,81.3,80.8,81.0,0.0,1429
2021-12-30,1326,2474741,200517060,80.9,81.5,80.7,80.8,-0.2,1553
2022-01-03,1326,2352685,190355152,81.0,81.5,80.5,80.8,0.0,2291
2022-01-04,1326,1755983,141402794,80.6,81.0,80.3,80.5,-0.3,1708
2022-01-05,1326,2128875,171258588,80.1,80.9,79.7,80.9,0.4,1201
2022-01-06,1326,2853860,230704143,81.0,81.0,80.5,81.0,0.1,1595
2022-01-07,1326,2568000,207679993,81.1,81.4,80.6,80.6,-0.4,2346
2022-01-10,1326,1638550,132208171,80.8,80.9,80.4,80.9,0.3,1429
2022-01-11,1326,3867415,312819520,80.5,81.2,80.4,81.2,0.3,2027
2022-01-12,1326,3553932,288068434,81.2,81.4,80.8,81.4,0.2,2384
2022-01-13,1326,3624992,295917030,81.4,81.9,81.3,81.7,0.3,2688
2022-01-14,1326,2059607,166761142,81.4,81.5,80.8,80.9,-0.8,2253
2022-01-17,1326,2014058,162264466,80.9,81.0,80.4,80.5,-0.4,1139
2022-01-18,1326,1375968,110887379,80.7,81.0,80.4,80.5,0.0,1064
2022-01-19,1326,3554447,284604237,80.3,80.5,79.8,79.9,-0.6,2660
2022-01-20,1326,2995347,239125233,79.9,80.4,79.5,79.8,-0.1,1827
2022-01-21,1326,4888733,387352936,79.5,80.0,79.0,79.2,-0.6,3056
2022-01-24,1326,2488370,196753659,79.2,79.5,78.6,79.0,-0.2,1650
2022-01-25,1326,6643694,519209257,78.5,78.8,77.7,78.6,-0.4,4238
2022-01-26,1326,2371480,186834144,78.6,79.0,78.4,78.8,0.2,1964
2022-02-07,1326,4670152,371344371,78.3,80.2,78.2,80.1,1.3,3099
2022-02-08,1326,2341509,187335468,80.2,80.3,79.8,79.9,-0.2,1353
2022-02-09,1326,2124997,170319355,80.0,80.4,79.8,80.4,0.5,1503
2022-02-10,1326,2125764,170654576,79.9,80.7,79.9,80.7,0.3,1448
2022-02-11,1326,2015470,162047534,80.6,80.6,80.1,80.6,-0.1,1422
2022-02-14,1326,2585181,207041831,80.4,80.4,79.8,80.2,-0.4,1573
2022-02-15,1326,1820800,145512643,80.0,80.2,79.6,79.6,-0.6,1226
2022-02-16,1326,2111542,169657421,80.1,80.7,79.9,80.6,1.0,1447
2022-02-17,1326,4207401,341088636,80.8,81.3,80.6,81.1,0.5,1745
2022-02-18,1326,1752814,141684253,80.6,81.3,80.6,80.6,-0.5,1470
2022-02-21,1326,2285231,183429348,80.0,80.7,79.8,80.7,0.1,1758
2022-02-22,1326,5501122,437888388,80.0,80.2,79.2,79.9,-0.8,3369
2022-02-23,1326,1839983,147186018,79.7,80.2,79.6,80.1,0.2,1198
2022-02-24,1326,6736633,533981860,79.8,79.8,79.0,79.3,-0.8,4069
2022-02-25,1326,6172220,487773562,79.5,79.6,78.7,79.0,-0.3,2828
2022-03-01,1326,5787647,467962509,80.0,81.2,79.5,81.1,2.1,2819
2022-03-02,1326,4568440,372244868,81.2,81.8,80.8,81.7,0.6,2333
2022-03-03,1326,3514041,287262241,81.8,82.0,81.1,82.0,0.3,2842
2022-03-04,1326,4388501,357288019,81.0,81.9,80.5,81.9,-0.1,2137
2022-03-07,1326,7572397,603944318,80.7,80.9,79.3,79.7,-2.2,7184
2022-03-08,1326,6934460,547268660,79.0,79.8,78.3,78.5,-1.2,4059
2022-03-09,1326,3202107,252552365,79.0,79.5,78.6,78.6,0.1,1590
2022-03-10,1326,4489531,359725306,79.5,80.4,79.4,80.4,1.8,2010
2022-03-11,1326,6921378,548173480,79.5,79.8,79.0,79.2,-1.2,4014
2022-03-14,1326,4249183,336791297,79.5,79.6,79.0,79.4,0.2,2295
2022-03-15,1326,3335785,263923236,79.3,79.4,79.0,79.1,-0.3,2114
2022-03-16,1326,4854563,384354174,79.1,79.7,78.9,79.6,0.5,2640
2022-03-17,1326,6451930,518949547,80.6,81.2,79.7,80.4,0.8,3543
2022-03-18,1326,6995527,559563337,80.5,80.8,79.7,79.9,-0.5,2033
2022-03-21,1326,2102522,168616420,80.0,80.6,79.8,80.2,0.3,1316
2022-03-22,1326,2177793,174637318,80.3,80.4,79.8,80.4,0.2,1186
2022-03-23,1326,4810294,385494258,80.4,80.4,79.8,80.2,-0.2,2135
2022-03-24,1326,4367184,348631413,79.8,80.1,79.7,79.8,-0.4,2465
2022-03-25,1326,5209882,413605751,79.7,80.0,79.2,79.3,-0.5,2708
2022-03-28,1326,4786832,377805892,79.0,79.1,78.7,79.0,-0.3,2612
2022-03-29,1326,4993692,393853935,79.0,79.1,78.7,79.0,0.0,3185
2022-03-30,1326,6284462,496815731,79.1,79.5,78.8,79.0,0.0,3424
2022-03-31,1326,3594560,284119055,79.2,79.4,78.9,79.0,0.0,1877
2022-04-01,1326,3627378,285969341,78.8,79.0,78.6,79.0,0.0,1805
2022-04-06,1326,4252068,337269026,79.0,79.9,78.7,79.9,0.9,2259
2022-04-07,1326,6272118,494554365,79.0,79.3,78.7,78.7,-1.2,3480
2022-04-08,1326,1723322,136314604,79.2,79.3,78.8,79.3,0.6,1072
2022-04-11,1326,3549458,279531284,79.3,79.6,78.5,78.5,-0.8,3216
2022-04-12,1326,3255923,255732384,78.7,78.9,78.3,78.6,0.1,2397
2022-04-13,1326,2909081,230454699,79.2,79.5,78.7,79.5,0.9,2326
2022-04-14,1326,2672611,212724926,79.4,79.8,79.1,79.7,0.2,1853
2022-04-15,1326,2121259,168649661,79.7,79.8,79.1,79.3,-0.4,2030
2022-04-18,1326,1806571,142916715,78.9,79.4,78.9,79.0,-0.3,1794
2022-04-19,1326,3041309,241945455,79.6,79.8,79.0,79.7,0.7,1892
2022-04-20,1326,9974218,799045409,79.6,80.8,79.1,80.0,0.3,5503
2022-04-21,1326,6785537,546263075,80.7,80.9,79.8,80.9,0.9,3542
2022-04-22,1326,6452645,519966378,80.1,81.1,79.7,81.1,0.2,3824
2022-04-25,1326,7063239,563216716,79.9,80.2,79.1,80.2,-0.9,5594
2022-04-26,1326,6156966,494779098,79.6,80.7,79.6,80.7,0.5,3295
2022-04-27,1326,3865748,306861964,79.5,79.9,79.1,79.1,-1.6,2331
2022-04-28,1326,5231022,414638429,79.0,79.9,78.8,79.9,0.8,3829
2022-04-29,1326,2564488,204444527,79.1,80.0,79.1,79.9,0.0,2028
2022-05-03,1326,1138675,91007841,79.8,80.0,79.6,80.0,0.1,1584
2022-05-04,1326,1335955,106956251,80.1,80.5,79.8,80.0,0.0,1016
2022-05-05,1326,2527742,201831854,80.2,80.3,79.6,79.7,-0.3,2531
2022-05-06,1326,4137588,327132421,79.0,79.6,78.8,79.2,-0.5,3581
2022-05-09,1326,2886325,226870597,78.6,78.9,78.4,78.6,-0.6,1618
2022-05-10,1326,3902231,306683135,78.7,78.8,78.2,78.7,0.1,2480
2022-05-11,1326,3262080,255496396,78.3,79.1,78.1,78.2,-0.5,2446
2022-05-12,1326,6166776,475277091,78.2,78.2,76.1,76.1,-2.1,4835
2022-05-13,1326,4435592,342662797,77.7,77.9,77.0,77.2,1.1,3269
2022-05-16,1326,2956716,229167711,78.3,78.3,77.1,77.3,0.1,1949
2022-05-17,1326,3106145,242742377,78.0,78.4,77.6,78.4,1.1,1687
2022-05-18,1326,5262779,415327402,78.1,79.6,78.0,79.2,0.8,4290
2022-05-19,1326,3253329,254263203,78.7,78.7,77.8,78.4,-0.8,2882
2022-05-20,1326,4806246,381023396,78.9,79.8,78.5,79.7,1.3,2944
2022-05-23,1326,4369985,349145140,80.3,80.4,79.6,80.0,0.3,1909
2022-05-24,1326,1922275,153463135,79.3,80.0,79.3,80.0,0.0,1096
2022-05-25,1326,5420070,434801804,80.2,80.5,79.8,80.4,0.4,2488
2022-05-26,1326,4356617,350902498,80.6,81.0,80.3,80.5,0.1,2301
2022-05-27,1326,7048573,570306289,81.0,81.0,80.7,81.0,0.5,3856
2022-05-30,1326,8166409,665558132,81.3,81.7,81.2,81.7,0.7,4378
2022-05-31,1326,21846027,1790848655,81.6,82.2,81.4,82.0,0.3,3335
2022-06-01,1326,2656618,217421076,81.4,82.2,81.4,81.7,-0.3,2349
2022-06-02,1326,2715951,221247306,81.0,81.8,80.4,81.7,0.0,1461
2022-06-06,1326,2707180,221460815,82.2,82.2,81.3,82.0,0.3,1680
2022-06-07,1326,3288484,267756864,81.8,81.8,81.1,81.5,-0.5,1527
2022-06-08,1326,3033690,247985510,82.0,82.0,81.5,81.7,0.2,1717
2022-06-09,1326,6652151,546589643,81.8,82.5,81.6,82.4,0.7,2897
2022-06-10,1326,4034976,331850679,81.4,82.6,81.3,82.5,0.1,1823
2022-06-13,1326,5533611,447506011,80.7,81.5,80.4,81.3,-1.2,3683
2022-06-14,1326,4350891,354204828,81.6,81.8,80.7,81.4,0.1,2253
2022-06-15,1326,6409908,524120390,81.4,82.4,81.3,81.8,0.4,3736
2022-06-16,1326,5436263,445459244,82.5,82.5,81.5,81.5,-0.3,2543
2022-06-17,1326,5519105,448478154,81.0,81.8,80.7,81.3,-0.2,1768
2022-06-20,1326,3431728,275409939,81.2,81.2,79.8,80.0,-1.3,2965
2022-06-21,1326,4960461,401178466,81.3,81.7,80.2,81.2,1.2,2047
2022-06-22,1326,3314907,268570738,81.4,81.4,80.7,80.8,-0.4,1923
2022-06-23,1326,6013828,485700881,81.1,81.6,80.3,80.6,-0.2,3401
2022-06-24,1326,6637635,540498843,81.4,81.8,81.1,81.4,0.8,2979
2022-06-27,1326,11598434,947059187,81.6,81.9,81.5,81.5,0.1,3593
2022-06-28,1326,14721566,1139479142,77.0,77.8,76.7,76.8,0.0,4677
2022-06-29,1326,6781456,518406494,76.8,77.1,76.0,76.3,-0.5,3320
2022-06-30,1326,7453096,559886979,76.1,76.7,74.7,74.7,-1.6,3797
2022-07-01,1326,5118191,379260394,74.5,75.0,73.5,73.7,-1.0,2913
2022-07-04,1326,6214457,462291368,75.4,76.3,73.4,73.8,0.1,2617
2022-07-05,1326,5680632,416254095,75.0,75.3,72.5,72.8,-1.0,2776
2022-07-06,1326,7315131,524581147,73.6,73.6,71.1,71.2,-1.6,3891
2022-07-07,1326,5323758,376457604,71.5,71.6,69.8,70.7,-0.5,3880
2022-07-08,1326,6488473,456466128,70.8,71.3,70.0,70.1,-0.6,3513
2022-07-11,1326,2861778,199375066,70.5,70.5,69.3,69.5,-0.6,2023
2022-07-12,1326,16008408,1049791979,68.7,68.7,64.4,64.6,-4.9,11103
2022-07-13,1326,9662544,642478880,66.1,67.5,66.0,66.3,1.7,4700
2022-07-14,1326,5891580,388678208,66.3,66.3,65.2,66.1,-0.2,3074
2022-07-15,1326,4320119,283764625,65.8,66.1,65.3,65.6,-0.5,2849
2022-07-18,1326,8193412,537408450,65.8,66.0,65.2,65.8,0.2,4582
2022-07-19,1326,7918023,525566044,66.2,67.2,65.6,66.5,0.7,3448
2022-07-20,1326,8382796,561151971,67.1,67.4,66.3,66.8,0.3,3643
2022-07-21,1326,6673470,448999922,66.8,67.8,66.4,67.7,0.9,3966
2022-07-22,1326,6622338,448822258,67.5,68.2,67.1,67.8,0.1,3446
2022-07-25,1326,2603146,178624406,67.8,69.2,67.4,68.9,1.1,1696
2022-07-26,1326,3912505,268181317,68.5,69.4,68.0,68.4,-0.5,2114
2022-07-27,1326,2240802,153701346,68.8,69.2,68.3,68.7,0.3,1119
2022-07-28,1326,3005305,206598346,69.0,69.1,68.4,68.8,0.1,1819
2022-07-29,1326,3265514,227789625,69.7,70.0,69.1,70.0,1.2,1804
2022-08-01,1326,2735940,192225841,70.2,70.8,69.7,70.1,0.1,1610
2022-08-02,1326,4929223,339023743,68.8,69.4,68.5,68.9,-1.2,3135
2022-08-03,1326,3564661,245588777,68.8,69.3,68.3,69.3,0.4,1996
2022-08-04,1326,5508230,378783199,68.9,69.3,67.7,69.0,-0.3,2153
2022-08-05,1326,2785081,193145142,69.9,69.9,69.0,69.1,0.1,1358
2022-08-08,1326,1383398,95177621,69.1,69.3,68.6,68.7,-0.4,1009
2022-08-09,1326,1416447,97122698,68.7,68.8,68.2,68.6,-0.1,1213
2022-08-10,1326,2714827,184854506,68.1,68.4,67.7,68.3,-0.3,1876
2022-08-11,1326,2931926,202805082,69.0,69.4,68.6,69.3,1.0,1650
2022-08-12,1326,3012261,210746873,69.9,70.3,69.3,70.0,0.7,1727
2022-08-15,1326,1894085,133309051,70.6,70.6,70.0,70.5,0.5,1342
2022-08-16,1326,2175826,152559688,70.5,70.5,70.0,70.0,-0.5,1369
2022-08-17,1326,3505400,246652913,70.3,70.6,70.0,70.6,0.6,1973
2022-08-18,1326,1386988,97189810,70.2,70.3,69.6,70.1,-0.5,975
2022-08-19,1326,1698981,119047958,69.6,70.5,69.6,70.3,0.2,1131
2022-08-22,1326,2066699,144890041,69.5,70.5,69.4,70.5,0.2,1147
2022-08-23,1326,2457296,171315106,70.1,70.1,69.5,69.5,-1.0,1668
2022-08-24,1326,2118109,147700768,69.9,70.3,69.4,69.7,0.2,1210
2022-08-25,1326,2076556,145849316,70.0,70.4,69.8,70.2,0.5,982
2022-08-26,1326,1266293,88697870,70.5,70.6,69.8,69.9,-0.3,984
2022-08-29,1326,4046590,277545420,68.5,69.0,68.3,68.6,-1.3,2734
2022-08-30,1326,4164168,284976987,68.3,68.8,68.2,68.4,-0.2,2286
2022-08-31,1326,3613641,247674038,68.5,68.8,68.0,68.7,0.3,1355
2022-09-01,1326,5704457,383951313,67.2,68.3,66.6,67.5,-1.2,3348
2022-09-02,1326,2873571,193116643,67.9,67.9,67.0,67.0,-0.5,1918
2022-09-05,1326,1452365,97998369,67.6,67.7,67.1,67.7,0.7,982
2022-09-06,1326,1893343,128655405,68.3,68.3,67.5,68.2,0.5,1435
2022-09-07,1326,4404216,295755063,67.5,68.0,66.9,67.0,-1.2,3097
2022-09-08,1326,2133772,144773178,67.7,68.3,67.1,68.1,1.1,1308
2022-09-12,1326,2725268,188288750,70.0,70.1,68.3,69.3,1.2,1719
2022-09-13,1326,1951302,135612820,69.9,70.0,69.1,69.5,0.2,1260
2022-09-14,1326,3037759,207517285,67.9,69.0,67.9,68.1,-1.4,2119
2022-09-15,1326,2708355,185017361,67.8,69.0,67.6,68.7,0.6,1418
2022-09-16,1326,6074049,412139632,67.7,68.7,67.7,67.8,-0.9,2056
2022-09-19,1326,2335056,157754055,67.9,68.1,67.3,67.4,-0.4,1587
2022-09-20,1326,1778794,120681850,67.6,68.2,67.4,68.0,0.6,1131
2022-09-21,1326,2604760,176288640,67.8,68.1,67.4,67.7,-0.3,1922
2022-09-22,1326,4388507,295553789,67.4,67.8,67.0,67.7,0.0,1800
2022-09-23,1326,2179646,148265354,67.6,68.3,67.5,68.0,0.3,1214
2022-09-26,1326,4128555,279345345,67.6,68.1,67.0,67.8,-0.2,2031
2022-09-27,1326,3156602,214224545,68.4,68.4,67.6,67.6,-0.2,1692
2022-09-28,1326,3487554,233844714,67.9,67.9,66.7,67.2,-0.4,1725
2022-09-29,1326,5463108,370249346,68.0,68.8,66.8,68.8,1.6,2639
2022-09-30,1326,6045719,415837948,68.6,69.1,67.9,69.1,0.3,2649
2022-10-03,1326,2818694,193975255,67.8,69.3,67.7,68.8,-0.3,1938
2022-10-04,1326,2885976,198779787,68.8,69.5,68.6,68.8,0.0,1719
2022-10-05,1326,2332943,160462720,68.0,69.1,68.0,69.0,0.2,1726
2022-10-06,1326,2769744,190536391,69.0,69.0,68.5,68.8,-0.2,1193
2022-10-07,1326,2134770,145905852,68.3,68.8,68.0,68.1,-0.7,1213
2022-10-11,1326,5415803,365459738,68.0,68.2,67.0,67.3,-0.8,2723
2022-10-12,1326,4945764,330308824,67.5,67.8,66.0,66.7,-0.6,2709
2022-10-13,1326,5248094,344520691,66.0,66.7,65.1,65.4,-1.3,3060
2022-10-14,1326,3523091,232885604,65.9,66.7,65.6,65.8,0.4,1384
2022-10-17,1326,2717659,178444791,65.2,66.5,64.3,66.5,0.7,1614
2022-10-18,1326,3811774,257620937,66.7,68.1,66.6,68.1,1.6,1732
2022-10-19,1326,3586309,244075566,67.8,68.5,67.2,68.1,0.0,2226
2022-10-20,1326,9314232,629153177,66.4,68.4,66.3,67.9,-0.2,2534
2022-10-21,1326,2151845,145832006,67.9,68.1,67.2,68.0,0.1,1218
2022-10-24,1326,3489056,237567463,67.6,68.4,67.6,68.1,0.1,1619
2022-10-25,1326,3652911,249159064,68.3,68.6,67.5,68.6,0.5,1584
2022-10-26,1326,3554847,244149373,68.6,69.0,68.0,69.0,0.4,1840
2022-10-27,1326,4777776,329535705,69.0,69.5,68.4,69.0,0.0,2495
2022-10-28,1326,3992949,271452361,69.0,69.0,67.2,67.7,-1.3,2225
2022-10-31,1326,3620556,249050324,67.8,69.5,67.7,69.5,1.8,1588
2022-11-01,1326,2840458,196445179,68.4,69.6,68.1,69.6,0.1,2153
2022-11-02,1326,1737373,120455006,69.0,69.7,69.0,69.6,0.0,1157
2022-11-03,1326,2544354,174649075,68.9,69.4,68.3,68.7,-0.9,1487
2022-11-04,1326,2113474,144592188,68.1,69.1,67.9,69.1,0.4,1209
2022-11-07,1326,2970477,206179186,69.1,70.0,68.9,69.8,0.7,1689
2022-11-08,1326,2454591,171532984,69.8,70.1,69.5,70.1,0.3,1631
2022-11-09,1326,3815049,268206568,70.1,70.5,69.9,70.5,0.4,2388
2022-11-10,1326,2315293,163306709,70.6,70.9,70.2,70.8,0.3,1442
2022-11-11,1326,6801136,490434462,71.5,72.5,71.2,72.5,1.7,3702
2022-11-14,1326,6378795,468869148,72.6,74.0,72.3,74.0,1.5,3351
2022-11-15,1326,4710300,347489413,73.5,74.4,72.6,74.4,0.4,2780
2022-11-16,1326,5124310,374857782,74.1,74.2,72.4,73.3,-1.1,3899
2022-11-17,1326,1894542,137874890,72.7,73.1,72.4,72.9,-0.4,1694
2022-11-18,1326,2674682,192686389,72.3,72.8,71.6,72.0,-0.9,3422
2022-11-21,1326,2680666,192777607,71.7,72.8,71.4,72.8,0.8,2463
2022-11-22,1326,3721797,268489897,72.8,72.9,71.7,72.5,-0.3,2859
2022-11-23,1326,3296027,238003456,72.9,72.9,71.8,72.5,0.0,1848
2022-11-24,1326,4213790,308743307,73.0,73.8,72.5,73.8,1.3,2182
2022-11-25,1326,5012575,369429820,73.3,74.0,73.0,74.0,0.2,1932
2022-11-28,1326,3559629,259706190,72.7,73.9,72.1,73.4,-0.6,2115
2022-11-29,1326,2747007,202218176,74.0,74.1,72.9,74.0,0.6,1869
2022-11-30,1326,5857041,442307992,74.0,76.1,73.7,76.1,2.1,1979
2022-12-01,1326,4069404,306744469,75.9,76.1,74.8,75.4,-0.7,4327
2022-12-02,1326,1833282,136816871,74.8,75.1,74.3,74.5,-0.9,1375
2022-12-05,1326,1956286,145226777,74.0,74.7,73.9,74.1,-0.4,1181
2022-12-06,1326,2417081,178035079,74.0,74.0,73.2,73.9,-0.2,1188
2022-12-07,1326,4113303,300443782,73.9,73.9,72.7,72.7,-1.2,1698
2022-12-08,1326,3704293,264350993,72.3,72.4,70.9,71.1,-1.6,2514
2022-12-09,1326,2972487,211347360,70.9,71.6,70.9,70.9,-0.2,2080
2022-12-12,1326,1758898,124233899,70.9,71.0,70.3,71.0,0.1,1315
2022-12-13,1326,3582082,252750130,71.0,71.5,70.4,70.4,-0.6,1349
2022-12-14,1326,3178225,227819919,71.8,72.2,70.9,71.5,1.1,1933
2022-12-15,1326,1604705,114879087,71.0,72.0,71.0,71.6,0.1,862
2022-12-16,1326,5563627,393868523,70.4,71.4,70.4,70.8,-0.8,1957
2022-12-19,1326,1589859,111876538,70.1,70.7,70.1,70.4,-0.4,982
2022-12-20,1326,2736184,191114068,70.1,70.6,69.2,69.2,-1.2,1957
2022-12-21,1326,1266831,87849827,69.5,69.8,69.0,69.4,0.2,1022
2022-12-22,1326,1238950,86663794,69.8,70.3,69.5,69.9,0.5,678
2022-12-23,1326,1688588,117186879,69.0,69.9,69.0,69.4,-0.5,1012
2022-12-26,1326,1130558,79466423,69.9,70.5,69.8,70.5,1.1,865
2022-12-27,1326,1244240,88246249,70.9,71.2,70.6,70.8,0.3,728
2022-12-28,1326,1223205,85811079,70.0,70.8,69.5,70.0,-0.8,1070
2022-12-29,1326,2199241,153011266,69.6,69.9,69.3,69.8,-0.2,1264
2022-12-30,1326,1034088,72846971,70.2,70.7,70.1,70.5,0.7,702
2023-01-03,1326,2710957,189634115,69.9,71.1,69.2,70.5,0.0,1706
2023-01-04,1326,2054843,144744674,70.1,71.0,69.8,70.6,0.1,1208
2023-01-05,1326,1761079,125022249,70.6,71.3,70.6,70.9,0.3,1129
2023-01-06,1326,1761565,125607800,71.2,71.6,70.9,71.3,0.4,1162
2023-01-09,1326,5179015,377202283,72.6,73.5,72.0,73.5,2.2,3084
2023-01-10,1326,2812747,203789174,73.1,73.1,72.1,72.5,-1.0,2294
2023-01-11,1326,2909519,207891799,71.9,72.0,71.2,71.2,-1.3,1749
2023-01-12,1326,2272559,162439087,71.6,72.0,71.2,71.2,0.0,1378
2023-01-13,1326,2332423,168555272,72.0,72.5,71.8,72.4,1.2,1600
2023-01-16,1326,3389223,247299720,73.0,73.4,72.4,72.9,0.5,2599
2023-01-17,1326,3172333,230114070,72.7,73.0,72.0,72.6,-0.3,2764
2023-01-30,1326,9301676,685436270,74.0,74.2,72.7,74.0,1.4,4407
2023-01-31,1326,6035048,439528918,73.8,74.0,72.2,72.2,-1.8,3725
2023-02-01,1326,2176152,157796722,72.3,72.8,72.2,72.6,0.4,1127
2023-02-02,1326,3375198,242779791,72.6,72.6,71.6,72.0,-0.6,2198
2023-02-03,1326,1853903,132509393,71.6,71.9,71.2,71.5,-0.5,1409
2023-02-06,1326,2938975,209079885,71.4,71.5,71.0,71.0,-0.5,1614
2023-02-07,1326,2190558,156338059,71.0,71.8,71.0,71.3,0.3,1374
2023-02-08,1326,2023330,144053405,71.2,71.5,71.0,71.2,-0.1,1385
2023-02-09,1326,2188795,155521779,70.7,71.3,70.6,70.9,-0.3,1501
2023-02-10,1326,2305086,162951199,70.6,71.1,70.3,70.9,0.0,1403
2023-02-13,1326,1839324,130224482,70.9,71.1,70.4,70.9,0.0,1161
2023-02-14,1326,1710187,122343533,71.6,71.9,71.0,71.4,0.5,1037
2023-02-15,1326,2321843,165234643,71.8,71.8,70.9,71.0,-0.4,1552
2023-02-16,1326,1548812,110401493,71.1,71.6,71.0,71.2,0.2,964
2023-02-17,1326,997015,71172905,71.2,71.5,71.0,71.5,0.3,822
2023-02-20,1326,1228669,87812898,71.1,71.7,71.1,71.6,0.1,974
2023-02-21,1326,1104494,79012336,71.5,71.7,71.2,71.6,0.0,828
2023-02-22,1326,1780922,126843277,71.3,71.6,71.0,71.6,0.0,1201
2023-02-23,1326,2722415,195524097,71.6,72.2,71.2,71.9,0.3,1515
2023-02-24,1326,3326307,237463841,72.1,72.1,71.2,71.2,-0.7,1136
2023-03-01,1326,3314035,233987076,70.6,71.0,70.4,70.5,-0.7,2427
2023-03-02,1326,2040506,143592985,70.9,70.9,70.1,70.4,-0.1,1443
2023-03-03,1326,1235553,87192610,70.6,70.8,70.4,70.6,0.2,957
2023-03-06,1326,3664815,259139645,70.5,71.2,70.2,70.9,0.3,2056
2023-03-07,1326,1736538,122948143,70.9,71.0,70.5,70.9,0.0,1227
2023-03-08,1326,2319207,164310766,70.6,71.1,70.5,71.1,0.2,1688
2023-03-09,1326,2818885,198351510,71.0,71.0,70.2,70.2,-0.9,2074
2023-03-10,1326,5001984,347710654,70.0,70.0,69.2,69.4,-0.8,3768
2023-03-13,1326,2842902,196084255,69.2,69.3,68.6,69.1,-0.3,1922
2023-03-14,1326,3525956,241482726,68.6,69.0,68.3,68.4,-0.7,2607
2023-03-15,1326,2542580,173765170,68.5,68.7,68.0,68.0,-0.4,2042
2023-03-16,1326,4455796,300253974,67.5,68.0,67.1,67.5,-0.5,3285
2023-03-17,1326,6035674,412596672,67.6,69.2,67.3,68.5,1.0,1978
2023-03-20,1326,1783261,121420819,68.5,68.5,67.8,68.0,-0.5,1361
2023-03-21,1326,1695970,115582011,68.2,68.6,68.0,68.1,0.1,1436
2023-03-22,1326,2353313,161202798,68.5,68.9,68.2,68.3,0.2,1591
2023-03-23,1326,3055169,211603413,68.9,69.7,68.5,69.6,1.3,1889
2023-03-24,1326,2249036,154810715,69.6,69.6,68.6,68.8,-0.8,1687
2023-03-27,1326,1600891,110659378,68.8,69.5,68.7,69.4,0.6,1112
2023-03-28,1326,1760769,122096991,69.4,69.6,69.0,69.5,0.1,1211
2023-03-29,1326,2481389,172669884,69.5,69.9,69.4,69.8,0.3,1323
2023-03-30,1326,2347722,162547408,69.9,69.9,68.9,69.4,-0.4,1613
2023-03-31,1326,2448676,169767944,69.4,69.8,69.0,69.1,-0.3,1269
2023-04-06,1326,1800936,124106377,69.5,69.5,68.5,68.8,-0.3,1388
2023-04-07,1326,1147898,79410681,68.9,69.4,68.8,69.4,0.6,955
2023-04-10,1326,1444564,100118377,69.5,69.8,69.0,69.5,0.1,996
2023-04-11,1326,2332719,162916281,69.5,70.0,69.2,70.0,0.5,1546
2023-04-12,1326,2363889,165545908,70.0,70.2,69.7,70.1,0.1,1361
2023-04-13,1326,1704058,119282030,70.3,70.3,69.8,70.1,0.0,1237
2023-04-14,1326,2038155,142887244,70.2,70.3,69.8,70.2,0.1,1311
2023-04-17,1326,1984453,138379588,70.2,70.2,69.4,69.9,-0.3,1479
2023-04-18,1326,1679478,116557735,69.7,69.9,69.1,69.5,-0.4,1211
2023-04-19,1326,2199034,152397595,69.7,69.8,68.9,69.2,-0.3,1779
2023-04-20,1326,1476707,101440874,68.8,68.9,68.5,68.8,-0.4,1154
2023-04-21,1326,1842625,127230600,68.7,69.3,68.7,69.3,0.5,1175
2023-04-24,1326,1464436,101443617,69.3,69.6,68.6,69.4,0.1,914
2023-04-25,1326,1968064,135520465,69.4,69.6,68.5,68.8,-0.6,1250
2023-04-26,1326,2945334,203658126,68.8,69.4,68.7,69.3,0.5,1542
2023-04-27,1326,1865990,128647015,69.0,69.3,68.6,69.0,-0.3,1268
2023-04-28,1326,1635092,112826756,69.2,69.3,68.9,68.9,-0.1,960
2023-05-02,1326,1932731,133494205,68.9,69.3,68.8,69.3,0.4,1312
2023-05-03,1326,1251810,86098908,69.0,69.0,68.6,68.8,-0.5,952
2023-05-04,1326,1124593,77388717,68.6,69.0,68.6,69.0,0.2,643
2023-05-05,1326,670102,46201269,69.2,69.2,68.7,69.0,0.0,617
2023-05-08,1326,3432020,234481566,69.2,69.3,67.2,68.4,-0.6,1927
2023-05-09,1326,2188034,151054511,68.5,69.4,68.5,69.4,1.0,1136
2023-05-10,1326,2751498,187873050,69.0,69.0,68.0,68.4,-1.0,2074
2023-05-11,1326,1416119,96318289,68.4,68.4,67.8,67.9,-0.5,1096
2023-05-12,1326,2091820,141094738,67.8,67.9,67.3,67.4,-0.5,1572
2023-05-15,1326,1370927,92493855,67.2,67.9,67.0,67.8,0.4,1040
2023-05-16,1326,3008783,206781418,68.2,69.1,67.8,69.1,1.3,1936
2023-05-17,1326,5603042,389455978,69.0,69.8,68.6,69.7,0.6,3618
2023-05-18,1326,3481743,242395348,69.5,69.9,69.3,69.9,0.2,2112
2023-05-19,1326,4943581,346509066,69.9,70.3,69.7,70.3,0.4,2711
2023-05-22,1326,2334825,163550283,70.0,70.5,69.6,70.0,-0.3,1854
2023-05-23,1326,3930832,275557305,70.0,70.3,69.6,70.1,0.1,2210
2023-05-24,1326,2050303,142953198,70.0,70.0,69.5,70.0,-0.1,1421
2023-05-25,1326,2223389,154553758,69.4,69.8,69.3,69.3,-0.7,1042
2023-05-26,1326,1906366,131006415,68.6,69.1,68.2,68.8,-0.5,1499
2023-05-29,1326,2377983,164909489,69.3,69.5,69.0,69.4,0.6,1372
2023-05-30,1326,4262641,293449073,69.5,69.5,68.6,68.6,-0.8,2812
2023-05-31,1326,7581090,519609261,68.6,69.0,68.4,68.4,-0.2,2230
2023-06-01,1326,1686319,115256253,69.0,69.1,68.2,68.2,-0.2,1330
2023-06-02,1326,2481514,170630533,68.6,69.0,68.3,68.7,0.5,1280
2023-06-05,1326,1413537,97394541,69.0,69.1,68.7,69.1,0.4,1014
2023-06-06,1326,3110091,215580623,69.1,69.6,69.0,69.5,0.4,1541
2023-06-07,1326,2149923,149316255,69.7,69.7,69.2,69.5,0.0,1299
2023-06-08,1326,1444584,99524506,69.4,69.4,68.7,68.8,-0.7,1293
2023-06-09,1326,2602710,179796019,68.5,69.4,68.5,69.3,0.5,1273
2023-06-12,1326,1935456,133373934,69.3,69.3,68.7,68.8,-0.5,1151
2023-06-13,1326,4136840,284649868,68.7,69.1,68.6,68.6,-0.2,2108
2023-06-14,1326,2117229,144722787,68.3,68.6,68.1,68.4,0.0,1603
2023-06-15,1326,1875708,127988786,68.4,68.4,68.1,68.4,0.0,1367
2023-06-16,1326,4671677,317994610,68.1,68.4,68.0,68.0,-0.4,2216
2023-06-19,1326,3368192,228494851,67.9,68.1,67.7,67.8,-0.2,2039
2023-06-20,1326,1719075,116708388,68.0,68.1,67.7,67.9,0.1,1251
2023-06-21,1326,2387120,162513821,67.9,68.5,67.7,68.1,0.2,1821
2023-06-26,1326,2635424,178753062,67.8,68.1,67.7,67.8,-0.3,1489
2023-06-27,1326,1559679,105914773,67.7,68.1,67.6,68.1,0.3,1154
2023-06-28,1326,2525767,171055630,67.8,68.0,67.6,67.6,-0.5,1829
2023-06-29,1326,3911690,264655551,68.2,68.3,67.1,67.6,0.0,2767
2023-06-30,1326,4512751,303426396,67.2,67.5,67.1,67.1,-0.5,2856
2023-07-03,1326,2902110,194721862,67.2,67.5,67.0,67.0,-0.1,2106
2023-07-04,1326,4784142,318245384,67.0,67.0,66.3,66.3,-0.7,3752
2023-07-05,1326,5430109,357793948,66.0,66.5,65.6,65.6,-0.7,4511
2023-07-06,1326,8932592,576445281,65.1,65.2,64.3,64.4,-1.2,7192
2023-07-07,1326,5638011,358718361,64.1,64.2,63.2,63.7,-0.7,4199
2023-07-10,1326,4067442,259372178,63.5,64.1,63.5,63.6,-0.1,2941
2023-07-11,1326,2602773,167048927,64.0,64.4,63.9,64.2,0.6,1885
2023-07-12,1326,2468100,158656271,63.9,64.5,63.9,64.3,0.1,1701
2023-07-13,1326,3987954,256818708,64.5,65.0,64.0,64.1,-0.2,2487
2023-07-14,1326,4592907,297695672,64.4,65.0,64.3,65.0,0.9,2411
2023-07-17,1326,1810618,117333289,64.5,65.0,64.5,64.8,-0.2,1445
2023-07-18,1326,3052203,196973781,64.5,64.8,64.4,64.4,-0.4,2153
2023-07-19,1326,2805761,180803490,64.3,64.7,64.3,64.3,-0.1,1878
2023-07-20,1326,2891808,186381404,64.3,64.7,64.3,64.7,0.4,1969
2023-07-21,1326,3729739,239910141,64.6,64.7,64.1,64.1,-0.6,2081
2023-07-24,1326,2787684,179104048,64.7,64.7,64.1,64.1,0.0,1695
2023-07-25,1326,2160384,138588562,64.3,64.3,64.1,64.1,0.0,1445
2023-07-26,1326,2851476,185418714,64.0,65.5,64.0,65.4,1.3,1878
2023-07-27,1326,1633575,106786644,65.4,65.6,65.2,65.3,-0.1,1295
2023-07-28,1326,1533944,99959453,65.0,65.6,65.0,65.1,-0.2,1220
2023-07-31,1326,3218415,211078429,65.3,65.9,65.3,65.4,0.3,1955
2023-08-01,1326,3410554,226765000,65.6,66.8,65.6,66.5,1.1,2497
2023-08-02,1326,4986455,327275018,66.3,66.5,65.2,65.4,-1.1,2903
2023-08-04,1326,5786738,386413918,65.7,67.2,65.7,67.0,1.6,3396
2023-08-07,1326,1960258,130721560,66.9,67.3,66.5,66.5,-0.5,2049
2023-08-08,1326,3303668,216964337,66.2,66.5,65.4,65.4,-1.1,2071
2023-08-09,1326,1417037,93595104,66.1,66.2,65.7,66.2,0.8,1009
2023-08-10,1326,2488105,164111899,66.2,66.3,65.8,65.9,-0.3,1463
2023-08-11,1326,2343333,154113382,65.9,66.2,65.4,65.7,-0.2,1510
2023-08-14,1326,3191357,206594633,65.8,65.8,64.3,64.6,-1.1,2643
2023-08-15,1326,7090490,452287601,64.6,64.6,63.3,63.6,-1.0,4549
2023-08-16,1326,8270246,515735214,63.2,63.3,62.0,62.8,-0.8,6183
2023-08-17,1326,14255733,866626661,61.9,62.2,59.8,62.0,-0.8,8478
2023-08-18,1326,9264029,572583406,61.5,62.5,60.7,62.1,0.1,4569
2023-08-21,1326,5260844,322603620,62.1,62.1,61.0,61.2,-0.9,4026
2023-08-22,1326,6667156,403682163,61.3,61.4,60.3,60.5,-0.7,4682
2023-08-23,1326,4282678,259594069,60.5,61.0,60.3,60.5,0.0,2769
2023-08-24,1326,4720019,286073343,60.7,61.0,60.3,60.7,0.2,2830
2023-08-25,1326,4264321,258814608,60.8,60.9,60.5,60.7,0.0,1974
2023-08-28,1326,1958175,119060849,60.7,61.2,60.5,60.9,0.2,1492
2023-08-29,1326,3619607,221536928,60.9,61.9,60.5,61.8,0.9,2238
2023-08-30,1326,3294348,203029345,62.0,62.0,61.3,61.8,0.0,2227
2023-08-31,1326,9392241,581256856,61.9,62.2,61.2,62.0,0.2,2887
2023-09-01,1326,5116788,321341269,61.9,63.4,61.7,63.3,1.3,3379
2023-09-04,1326,3304495,212178329,63.1,64.6,63.1,64.4,1.1,2119
2023-09-05,1326,1376033,87811951,64.0,64.3,63.6,63.8,-0.6,1414
2023-09-06,1326,3470675,219882105,63.6,63.8,63.0,63.0,-0.8,2067
2023-09-07,1326,3148173,199268315,63.0,63.6,62.9,63.4,0.4,1835
2023-09-08,1326,2057252,130610712,63.9,63.9,63.1,63.5,0.1,1309
2023-09-11,1326,2904399,186236293,63.9,64.4,63.7,64.2,0.7,1856
2023-09-12,1326,2421806,156491768,64.5,64.9,64.2,64.7,0.5,1582
2023-09-13,1326,2409384,156683857,64.9,65.3,64.7,65.1,0.4,2174
2023-09-14,1326,7385389,484513090,65.6,66.1,64.8,66.0,0.9,4322
2023-09-15,1326,8083989,531055669,66.0,66.1,65.2,65.8,-0.2,3608
2023-09-18,1326,3575621,230760824,65.2,65.7,64.0,64.3,-1.5,2666
2023-09-19,1326,3501409,223742483,64.2,64.2,63.4,64.1,-0.2,1817
2023-09-20,1326,3857993,250697176,64.0,65.4,64.0,64.8,0.7,2220
2023-09-21,1326,4507956,289466913,64.4,64.8,63.9,63.9,-0.9,3559
2023-09-22,1326,1952298,124469004,63.9,64.2,63.6,64.1,0.2,1112
2023-09-25,1326,1009250,64775868,64.3,64.5,63.9,64.1,0.0,817
2023-09-26,1326,3128699,198484923,63.6,64.0,63.1,63.2,-0.9,2186
2023-09-27,1326,5946522,368857022,62.9,62.9,61.6,61.7,-1.5,4744
2023-09-28,1326,4033537,248206135,62.1,62.3,61.1,61.5,-0.2,3121
2023-10-02,1326,2673164,164443628,62.2,62.2,61.2,61.4,-0.1,2139
2023-10-03,1326,2867732,175380476,61.0,61.7,61.0,61.0,-0.4,2449
2023-10-04,1326,5565645,335610951,60.5,60.6,60.2,60.2,-0.8,4411
2023-10-05,1326,2949897,179573382,60.4,61.2,60.3,60.9,0.7,1667
2023-10-06,1326,1885149,114994236,61.2,61.2,60.6,61.2,0.3,1252
2023-10-11,1326,4880623,300794173,62.1,62.1,61.2,61.9,0.7,3165
2023-10-12,1326,4583563,287268834,62.3,63.0,62.0,63.0,1.1,2652
2023-10-13,1326,3379002,211241930,62.6,62.8,62.3,62.8,-0.2,2256
2023-10-16,1326,4507806,286491349,63.1,63.9,62.5,63.8,1.0,2857
2023-10-17,1326,3188019,203294950,64.1,64.2,63.5,63.7,-0.1,2526
2023-10-18,1326,15319038,983209993,64.2,64.8,62.8,64.8,1.1,4118
2023-10-19,1326,4285460,271842965,63.8,64.4,62.8,63.2,-1.6,3043
2023-10-20,1326,4261225,264857345,62.5,62.8,61.6,62.0,-1.2,2314
2023-10-23,1326,2369419,146352049,62.0,62.4,61.5,61.6,-0.4,1741
2023-10-24,1326,2099784,129397877,61.6,62.0,61.4,61.6,0.0,1339
2023-10-25,1326,2418161,149146040,61.9,62.1,61.4,61.6,0.0,1496
2023-10-26,1326,4647322,282541180,61.2,61.3,60.6,60.6,-1.0,2895
2023-10-27,1326,1938052,118002362,60.9,61.1,60.7,60.8,0.2,1405
2023-10-30,1326,2631116,159942555,61.0,61.3,60.6,60.8,0.0,1879
2023-10-31,1326,3504791,213890791,60.8,61.5,60.8,60.9,0.1,1727
2023-11-01,1326,2269184,138221845,61.0,61.1,60.8,60.8,-0.1,1473
2023-11-02,1326,2593228,159128016,61.5,61.7,61.2,61.2,0.4,1675
2023-11-03,1326,3596295,223006361,61.4,62.3,61.4,62.3,1.1,1958
2023-11-06,1326,4850992,305231844,63.0,63.2,62.5,63.2,0.9,2308
2023-11-07,1326,2559216,161310389,63.2,63.2,62.7,63.2,0.0,1316
2023-11-08,1326,2692575,168710949,63.0,63.0,62.3,62.8,-0.4,1468
2023-11-09,1326,2272349,142804511,62.5,63.1,62.4,62.8,0.0,1019
2023-11-10,1326,1087329,68097080,62.5,62.8,62.4,62.6,-0.2,862
2023-11-13,1326,1871709,116905854,62.8,63.0,62.2,62.5,-0.1,1060
2023-11-14,1326,2208488,138239421,62.9,62.9,62.4,62.6,0.1,1126
2023-11-15,1326,7899451,503057414,63.3,64.0,63.0,64.0,1.4,4063
2023-11-16,1326,7249856,468190677,64.5,65.0,64.0,65.0,1.0,3615
2023-11-17,1326,3876232,249826616,64.9,64.9,64.2,64.2,-0.8,2846
2023-11-20,1326,2477305,158127751,64.7,64.7,63.5,63.8,-0.4,1571
2023-11-21,1326,5893740,381409731,64.3,65.0,63.9,65.0,1.2,2831
2023-11-22,1326,2021402,130513957,64.5,64.9,64.4,64.5,-0.5,1637
2023-11-23,1326,2641090,168798513,64.1,64.2,63.7,63.7,-0.8,1693
2023-11-24,1326,2786336,177678107,64.2,64.2,63.6,64.0,0.3,1301
2023-11-27,1326,2659883,169433808,64.0,64.4,63.3,63.3,-0.7,1600
2023-11-28,1326,6239023,400092458,63.9,64.5,63.2,64.5,1.2,2975
2023-11-29,1326,4700652,303083092,64.5,64.8,64.2,64.3,-0.2,3038
2023-11-30,1326,6997517,449446992,64.4,64.6,64.0,64.2,-0.1,2153
2023-12-01,1326,1622897,104070303,63.9,64.4,63.9,64.0,-0.2,1221
2023-12-04,1326,3777081,240661277,64.1,64.3,63.3,63.7,-0.3,2331
2023-12-05,1326,4548169,289347185,63.5,64.0,63.3,64.0,0.3,2144
2023-12-06,1326,3176060,201698682,64.0,64.0,63.4,63.4,-0.6,2383
2023-12-07,1326,2812156,178151476,63.4,63.5,63.2,63.3,-0.1,1470
2023-12-08,1326,3360671,212740123,63.5,63.7,63.1,63.3,0.0,1399
2023-12-11,1326,1824941,115391591,63.3,63.4,63.0,63.4,0.1,1105
2023-12-12,1326,3329473,210175203,63.9,63.9,63.0,63.0,-0.4,1710
2023-12-13,1326,3789407,237752970,63.1,63.2,62.5,62.6,-0.4,2186
2023-12-14,1326,4713063,299038914,63.0,63.9,62.6,63.5,0.9,2257
2023-12-15,1326,8630695,550820660,63.9,64.1,63.5,63.7,0.2,2624
2023-12-18,1326,2739274,173626245,63.7,64.0,63.2,63.5,-0.2,3099
2023-12-19,1326,2545956,160223715,63.3,63.5,62.8,62.8,-0.7,1596
2023-12-20,1326,5883569,368728881,63.0,63.2,62.4,63.0,0.2,2877
2023-12-21,1326,2231635,139897599,62.4,62.9,62.4,62.9,-0.1,1677
2023-12-22,1326,7413280,456579880,62.3,62.4,61.2,61.4,-1.5,5563
2023-12-25,1326,2558414,157024012,61.3,61.7,61.0,61.5,0.1,1925
2023-12-26,1326,3585524,221538679,61.9,62.1,61.6,61.7,0.2,1791
2023-12-27,1326,4870382,304631488,61.9,62.8,61.7,62.6,0.9,2515
2023-12-28,1326,3906334,244581651,62.5,62.9,62.2,62.8,0.2,2543
2023-12-29,1326,3371809,210804662,62.8,63.0,62.3,62.3,-0.5,1517
2024-01-02,1326,2243431,139456801,62.3,62.6,61.9,62.3,0.0,1689
2024-01-03,1326,5018371,307337258,61.6,61.7,61.0,61.1,-1.2,3857
2024-01-04,1326,2105946,128585047,61.1,61.3,60.8,61.1,0.0,1579
2024-01-05,1326,1874755,114535186,61.3,61.3,61.0,61.0,-0.1,1366
2024-01-08,1326,2380218,145937252,61.0,61.8,61.0,61.0,0.0,1502
2024-01-09,1326,2161989,131727517,61.3,61.3,60.8,60.8,-0.2,2021
2024-01-10,1326,3554853,214924419,60.8,60.8,60.3,60.3,-0.5,3262
2024-01-11,1326,3399267,204881478,60.5,60.8,60.0,60.3,0.0,2097
2024-01-12,1326,2044794,123129567,60.1,60.4,60.1,60.1,-0.2,1576
2024-01-15,1326,4309781,258025150,60.1,60.3,59.7,59.7,-0.4,3499
2024-01-16,1326,19646596,1128113017,59.3,59.4,57.0,57.0,-2.7,13049
2024-01-17,1326,11675570,655000004,56.7,57.0,55.7,55.8,-1.2,7768
2024-01-18,1326,4429918,247746872,55.8,56.3,55.5,55.8,0.0,3217
2024-01-19,1326,5037029,281716921,55.6,56.3,55.6,55.9,0.1,3216
2024-01-22,1326,4335597,241501412,56.1,56.2,55.5,55.6,-0.3,3419
2024-01-23,1326,4800638,267019444,55.6,56.2,55.4,55.7,0.1,3535
2024-01-24,1326,3411100,192876879,55.8,56.9,55.7,56.8,1.1,2282
2024-01-25,1326,1674438,94756218,56.9,56.9,56.4,56.6,-0.2,1539
2024-01-26,1326,4148765,238175052,56.6,57.7,56.5,57.7,1.1,2521
2024-01-29,1326,4211287,244308199,57.8,58.4,57.8,57.9,0.2,2792
2024-01-30,1326,3639030,207774921,57.9,58.0,56.8,56.8,-1.1,2930
2024-01-31,1326,2566049,145367285,56.5,57.0,56.5,56.6,-0.2,1570
2024-02-01,1326,2810567,161365760,56.9,57.8,56.9,57.7,1.1,1738
2024-02-02,1326,1978367,113950959,57.8,57.9,57.1,57.9,0.2,1655
2024-02-05,1326,3263979,186190610,57.0,57.5,56.9,57.1,-0.8,1777
2024-02-15,1326,7630588,428566644,56.7,56.7,55.6,56.5,-0.6,4843
2024-02-16,1326,2449490,139565624,56.7,57.4,56.5,57.4,0.9,1728
2024-02-19,1326,3108143,180384380,57.9,58.5,57.7,58.1,0.7,2064
2024-02-20,1326,2207942,127771286,58.2,58.2,57.7,57.9,-0.2,1616
2024-02-21,1326,1961688,112952774,58.0,58.1,57.4,57.4,-0.5,1483
2024-02-22,1326,2749319,156657296,57.5,57.7,56.8,56.8,-0.6,2008
2024-02-23,1326,2333693,132295386,56.8,56.9,56.6,56.6,-0.2,1858
2024-02-26,1326,3407081,191564691,56.4,56.7,56.1,56.4,-0.2,2997
2024-02-27,1326,3623152,203179496,56.2,56.5,55.9,56.1,-0.3,2640
2024-02-29,1326,8005475,455546907,56.6,57.2,56.2,57.2,1.1,2813
2024-03-01,1326,3613736,202906440,56.4,56.5,55.9,56.1,-1.1,3043
2024-03-04,1326,3920209,218972504,56.0,56.1,55.7,55.7,-0.4,2926
2024-03-05,1326,6766136,373830109,55.5,55.8,55.0,55.0,-0.7,5270
2024-03-06,1326,3411996,188067638,55.1,55.6,55.0,55.0,0.0,2424
2024-03-07,1326,4671159,255972808,55.0,55.3,54.5,55.0,0.0,3401
2024-03-08,1326,5457535,298129003,54.9,54.9,54.4,54.8,-0.2,3644
2024-03-11,1326,3290262,181254868,54.8,55.7,54.8,55.3,0.5,2288
2024-03-12,1326,2462669,137049801,55.5,55.8,55.5,55.7,0.4,1610
2024-03-13,1326,4563417,251171629,55.7,55.7,54.8,54.9,-0.8,2927
2024-03-14,1326,4594585,255410742,55.1,55.9,55.0,55.9,1.0,2860
2024-03-15,1326,5259116,292080418,56.1,56.2,55.2,55.6,-0.3,1968
2024-03-18,1326,2330713,128707625,55.6,55.6,55.1,55.1,-0.5,1998
2024-03-19,1326,3724201,204326837,54.9,55.1,54.7,54.7,-0.4,2592
2024-03-20,1326,9293148,499300344,54.6,54.7,53.5,53.7,-1.0,6468
2024-03-21,1326,6121453,334115397,53.7,55.2,53.7,54.9,1.2,3385
2024-03-22,1326,3399087,185336329,54.9,54.9,54.3,54.6,-0.3,3075
2024-03-25,1326,2229528,121549615,54.2,54.8,54.1,54.6,0.0,1534
2024-03-26,1326,7368251,408033939,54.7,55.7,54.2,55.6,1.0,3518
2024-03-27,1326,2461787,136064850,55.2,55.6,55.1,55.1,-0.5,1790
2024-03-28,1326,3507842,192135969,55.1,55.4,54.5,54.7,-0.4,2383
2024-03-29,1326,4418381,244618188,55.0,55.7,54.9,55.2,0.5,2116
2024-04-01,1326,5360441,300371432,55.2,56.4,55.2,56.1,0.9,3819
2024-04-02,1326,2929638,163251804,56.0,56.0,55.5,55.9,-0.2,1979
2024-04-03,1326,5103527,282151485,55.8,55.8,55.0,55.1,-0.8,3514
2024-04-08,1326,3257298,179015664,55.1,55.2,54.6,55.1,0.0,2387
2024-04-09,1326,4291367,239313891,55.0,56.1,55.0,55.9,0.8,2434
2024-04-10,1326,3512921,197406773,56.0,56.5,56.0,56.1,0.2,2177
2024-04-11,1326,4464174,247490436,55.8,55.9,55.2,55.5,-0.6,2963
2024-04-12,1326,5220874,287258802,55.1,55.3,54.7,55.3,-0.2,2743
2024-04-15,1326,3937131,217567705,55.3,55.7,55.0,55.0,-0.3,2264
2024-04-16,1326,7798259,421640773,54.7,54.9,53.6,53.9,-1.1,4995
2024-04-17,1326,5466280,293074352,53.9,54.0,53.4,53.6,-0.3,3845
2024-04-18,1326,5089352,272830246,53.5,54.0,53.3,53.6,0.0,3298
2024-04-19,1326,12928967,681845012,53.3,53.9,52.3,52.4,-1.2,7704
2024-04-22,1326,10811833,588766160,53.1,55.3,53.0,55.1,2.7,5303
2024-04-23,1326,4773060,262667591,55.2,55.3,54.7,54.9,-0.2,3634
2024-04-24,1326,2688857,147942632,55.2,55.4,54.8,54.8,-0.1,2039
2024-04-25,1326,4253920,229618653,54.6,54.9,53.7,54.0,-0.8,2764
2024-04-26,1326,3012839,162675830,53.7,54.4,53.7,53.9,-0.1,1515
2024-04-29,1326,6897615,381347648,54.2,55.8,54.2,55.8,1.9,3439
2024-04-30,1326,7443345,414847670,55.6,56.1,55.1,55.5,-0.3,4483
2024-05-02,1326,2686761,149386976,55.5,56.0,55.3,55.7,0.2,2495
2024-05-03,1326,6648207,375416919,56.0,57.0,56.0,56.1,0.4,4240
2024-05-06,1326,4783230,270857486,56.7,57.0,56.2,56.5,0.4,3221
2024-05-07,1326,3444718,193869567,56.7,56.9,56.0,56.3,-0.2,2053
2024-05-08,1326,4810945,272044001,56.6,56.8,56.2,56.4,0.1,2607
2024-05-09,1326,3007164,169139038,56.4,56.6,55.9,56.1,-0.3,1598
2024-05-10,1326,2577532,145213537,56.2,56.7,55.9,56.6,0.5,2051
2024-05-13,1326,3033803,171754108,56.7,57.1,56.2,56.6,0.0,2463
2024-05-14,1326,3716322,210536198,56.6,57.2,56.2,56.4,-0.2,2234
2024-05-15,1326,5797651,329069212,56.7,57.2,56.4,56.4,0.0,3373
2024-05-16,1326,7069719,402672246,57.0,57.4,56.6,57.0,0.6,3793
2024-05-17,1326,6022457,343946729,57.2,57.7,56.6,56.6,-0.4,3299
2024-05-20,1326,3651766,208365223,57.2,57.4,56.6,57.2,0.6,2576
2024-05-21,1326,4717490,266359961,57.4,57.5,56.1,56.3,-0.9,3559
2024-05-22,1326,3624656,203945199,56.2,56.5,56.1,56.2,-0.1,1891
2024-05-23,1326,5860116,323091985,55.6,56.0,54.7,54.8,-1.4,4261
2024-05-24,1326,4412353,239426705,54.7,54.7,54.0,54.2,-0.6,2859
2024-05-27,1326,5814792,312300558,54.0,54.0,53.4,53.9,-0.3,3754
2024-05-28,1326,4267726,233550921,54.0,55.1,54.0,55.0,1.1,2298
2024-05-29,1326,5651347,306352889,54.6,54.8,53.9,53.9,-1.1,3560
2024-05-30,1326,6048937,323671917,53.5,53.9,53.3,53.3,-0.6,4163
2024-05-31,1326,13495417,716781417,53.5,53.9,52.9,52.9,-0.4,4920
2024-06-03,1326,4524585,238867303,53.0,53.2,52.6,52.6,-0.3,3746
2024-06-04,1326,9638443,500646633,52.5,52.6,51.7,51.7,-0.9,7037
2024-06-05,1326,5390757,277120393,51.6,51.8,51.2,51.2,-0.5,3945
2024-06-06,1326,5910421,301447426,50.9,51.4,50.9,50.9,-0.3,4202
2024-06-07,1326,4357034,224994927,51.0,52.1,51.0,52.0,1.1,2723
2024-06-11,1326,6234254,326466120,52.1,52.9,52.0,52.1,0.1,3341
2024-06-12,1326,3631567,188916230,51.9,52.5,51.8,51.8,-0.3,2295
2024-06-13,1326,5513152,285503830,52.0,52.4,51.4,51.7,-0.1,3310
2024-06-14,1326,3588227,186164341,51.6,52.2,51.5,52.1,0.4,2020
2024-06-17,1326,3683381,190673264,52.1,52.1,51.6,51.6,-0.5,2460
2024-06-18,1326,8254402,424286251,51.7,52.2,50.9,51.6,0.0,4738
2024-06-19,1326,10338524,533023468,51.6,52.0,51.2,51.4,-0.2,4657
2024-06-20,1326,9332099,486415781,52.0,52.5,51.6,52.4,1.0,4389
2024-06-21,1326,9228470,484477734,52.5,53.1,52.3,52.4,0.0,3565
2024-06-24,1326,7396715,382147462,52.5,52.6,51.3,51.5,-0.9,4911
2024-06-25,1326,7198255,368183371,52.2,52.2,50.9,51.2,-0.3,4000
2024-06-26,1326,12542283,631542751,51.0,51.1,50.1,50.1,-1.1,7893
2024-06-27,1326,10002768,496461518,49.85,50.4,49.3,49.65,-0.45,6306
2024-06-28,1326,5294091,266530879,49.7,50.8,49.6,50.4,0.75,2655
2024-07-01,1326,7528608,375548626,50.5,50.6,49.55,49.75,-0.65,5278
2024-07-02,1326,13369411,652503523,49.5,49.5,48.5,48.55,-1.2,9600
2024-07-03,1326,10862162,525961163,48.6,48.9,48.05,48.55,0.0,6319
2024-07-04,1326,13471483,663308818,48.7,49.7,48.65,49.4,0.85,5630
2024-07-05,1326,7855079,384964506,49.45,49.5,48.85,49.2,-0.2,5131
2024-07-08,1326,8106949,399128353,49.0,49.55,48.95,49.15,-0.05,4098
2024-07-09,1326,12041419,585808721,49.35,49.4,48.35,48.5,-0.65,6600
2024-07-10,1326,14317598,675863337,47.6,47.65,47.0,47.05,0.0,7656
2024-07-11,1326,12243080,579434750,47.5,47.7,46.85,47.7,0.65,5252
2024-07-12,1326,15363123,750107796,47.8,49.45,47.3,48.65,0.95,7535
2024-07-15,1326,7202148,348498998,49.1,49.15,48.05,48.3,-0.35,4638
2024-07-16,1326,7547638,365188767,48.55,48.75,48.2,48.4,0.1,3580
2024-07-17,1326,16508550,817959865,48.7,50.1,48.45,49.75,1.35,7883
2024-07-18,1326,22598711,1146232592,50.1,51.2,49.6,51.2,1.45,12174
2024-07-19,1326,11968246,603575131,51.0,51.3,49.9,50.5,-0.7,6812
2024-07-22,1326,9881104,495910859,50.2,50.6,49.7,50.5,0.0,4549
2024-07-23,1326,5720699,288183600,50.8,50.9,50.1,50.5,0.0,2775
2024-07-26,1326,5561473,278805019,50.4,50.4,49.95,50.0,-0.5,3591
2024-07-29,1326,7839932,392133859,50.5,50.6,49.8,49.9,-0.1,3072
2024-07-30,1326,4880046,241838137,50.1,50.2,49.0,49.85,-0.05,3166
2024-07-31,1326,4598038,229155652,49.85,50.2,49.4,49.85,0.0,1788
2024-08-01,1326,6212344,309699679,49.85,50.2,49.5,49.85,0.0,2887
2024-08-02,1326,8157613,399585155,49.15,49.45,48.7,49.1,-0.75,5323
2024-08-05,1326,12859282,594169114,47.85,47.85,45.4,46.0,-3.1,7717
2024-08-06,1326,10133719,470152971,46.5,47.5,44.7,47.4,1.4,5731
2024-08-07,1326,4607940,218551746,46.3,47.8,46.3,47.7,0.3,3867
2024-08-08,1326,8267245,380799830,46.5,46.5,45.7,45.85,-1.85,5367
2024-08-09,1326,6943121,324342636,46.0,47.25,46.0,46.7,0.85,3804
2024-08-12,1326,5175134,239917078,46.6,46.8,46.15,46.3,-0.4,3192
2024-08-13,1326,9991297,453757950,46.3,46.3,45.0,45.05,-1.25,6416
2024-08-14,1326,8901744,408284665,45.35,46.65,45.3,45.45,0.4,4319
2024-08-15,1326,7022797,317420470,46.0,46.0,44.9,45.05,-0.4,4490
2024-08-16,1326,7966306,361695352,45.75,45.9,45.05,45.05,0.0,4053
2024-08-19,1326,5372930,241629130,45.1,45.25,44.85,44.9,-0.15,3018
2024-08-20,1326,14715829,649521639,44.9,44.95,43.95,44.0,-0.9,8495
2024-08-21,1326,8372039,367288040,43.8,44.1,43.65,43.95,-0.05,4320
2024-08-22,1326,7725462,341669162,44.0,44.6,43.85,44.3,0.35,3644
2024-08-23,1326,11795076,511302703,44.1,44.1,43.05,43.2,-1.1,7984
2024-08-26,1326,11442908,502442107,43.2,44.25,43.2,44.05,0.85,5296
2024-08-27,1326,6082575,266689035,43.95,44.15,43.35,44.05,0.0,3107
2024-08-28,1326,2828539,124079596,43.95,44.1,43.7,43.95,-0.1,2048
2024-08-29,1326,4621649,202530533,43.5,44.05,43.5,43.7,-0.25,2714
2024-08-30,1326,11736537,514803885,43.7,44.3,43.7,43.8,0.1,3260
2024-09-02,1326,9139887,392291197,43.8,43.8,42.6,42.65,-1.15,6550
2024-09-03,1326,9473574,398344631,42.5,42.6,41.9,41.9,-0.75,5109
2024-09-04,1326,24298606,966814156,40.55,40.7,39.3,39.4,-2.5,14162
2024-09-05,1326,14625547,569539275,39.7,39.75,38.5,38.7,-0.7,9192
2024-09-06,1326,8165281,316884521,38.6,39.3,38.25,38.85,0.15,5064
2024-09-09,1326,19706914,739819339,38.0,38.05,37.35,37.35,-1.5,10840
2024-09-10,1326,18561078,685390695,37.35,37.4,36.7,36.75,-0.6,9861
2024-09-11,1326,9537806,356895463,36.85,37.8,36.8,37.5,0.75,5495
2024-09-12,1326,10789107,408214443,38.35,38.4,37.55,37.9,0.4,5561
2024-09-13,1326,13045604,510823125,37.8,39.95,37.8,39.4,1.5,7407
2024-09-16,1326,17974807,726989495,39.65,41.0,39.35,40.65,1.25,9893
2024-09-18,1326,11923400,487997198,40.9,41.3,40.55,40.65,0.0,7479
2024-09-19,1326,7429911,302267175,40.65,41.0,40.2,41.0,0.35,3962
2024-09-20,1326,13268343,546693373,41.1,41.6,40.8,41.2,0.2,5254
2024-09-23,1326,7707551,316070583,41.6,41.65,40.5,40.8,-0.4,4514
2024-09-24,1326,7047397,286885237,40.55,41.05,40.2,41.0,0.2,3493
2024-09-25,1326,10652235,443834775,41.5,41.95,41.15,41.95,0.95,6320
2024-09-26,1326,5504770,230550689,42.4,42.4,41.55,41.85,-0.1,3736
2024-09-27,1326,20867958,910423139,42.2,44.5,42.05,44.3,2.45,10022
2024-09-30,1326,13235958,581532512,43.85,44.5,43.45,43.45,-0.85,10606
2024-10-01,1326,6473258,279228536,43.45,43.5,42.7,43.35,-0.1,3845
2024-10-04,1326,12892631,568865403,43.05,45.45,43.05,43.35,0.0,6616
2024-10-07,1326,8967085,384999346,43.6,43.95,42.4,43.3,-0.05,4613
2024-10-08,1326,9368968,396248834,42.75,43.2,41.85,42.1,-1.2,4709
2024-10-09,1326,8205949,339575819,42.1,42.1,41.0,41.25,-0.85,3939
2024-10-11,1326,4368669,181321298,41.75,42.05,41.15,41.2,-0.05,2604
2024-10-14,1326,9891246,393606670,40.1,40.25,39.5,39.95,-1.25,5681
2024-10-15,1326,7134120,283729454,39.8,40.1,39.55,39.8,-0.15,3714
2024-10-16,1326,8998016,350745350,39.25,39.45,38.7,39.0,-0.8,5678
2024-10-17,1326,11092385,446163851,39.4,40.65,39.2,40.3,1.3,3846
2024-10-18,1326,5305713,213101557,40.1,40.5,39.9,40.1,-0.2,3137
2024-10-21,1326,10727181,420988954,40.5,40.5,38.85,38.9,-1.2,6167
2024-10-22,1326,4014764,155063128,38.9,38.95,38.4,38.65,-0.25,2805
2024-10-23,1326,4836776,186245608,38.75,39.05,38.3,38.3,-0.35,3223
2024-10-24,1326,5377087,207695642,38.3,38.95,38.1,38.55,0.25,2958
2024-10-25,1326,3510625,135564861,38.85,39.05,38.4,38.5,-0.05,2281
2024-10-28,1326,7311372,287083915,38.8,39.75,38.65,39.65,1.15,4016
2024-10-29,1326,7018403,272941675,39.3,39.5,38.6,38.9,-0.75,4152
2024-10-30,1326,4747834,183983772,39.2,39.3,38.6,38.7,-0.2,2543
2024-11-01,1326,9051874,345802451,38.45,38.6,37.8,38.4,-0.3,5165
2024-11-04,1326,2990055,114748701,38.15,38.5,38.15,38.4,0.0,2013
2024-11-05,1326,5912942,226639014,38.4,38.7,38.05,38.4,0.0,3632
2024-11-06,1326,6003949,230877018,38.3,38.85,38.15,38.35,-0.05,3533
2024-11-07,1326,7320216,286306462,38.15,39.5,38.15,39.35,1.0,4182
2024-11-08,1326,7626826,295335671,39.5,39.5,38.3,38.3,-1.05,5502
2024-11-11,1326,11264325,419160587,38.1,38.1,36.9,37.15,-1.15,7036
2024-11-12,1326,11894990,432494685,36.8,36.8,36.1,36.1,-1.05,7091
2024-11-13,1326,14156619,504210422,35.9,36.0,35.4,35.55,-0.55,7876
2024-11-14,1326,11498766,401581904,35.45,35.6,34.65,34.8,-0.75,6286
2024-11-15,1326,9601533,340591307,34.8,36.2,34.8,35.4,0.6,4158
2024-11-18,1326,17455939,633292084,35.9,36.9,35.75,36.25,0.85,8012
2024-11-19,1326,6729668,242760533,36.25,36.45,35.55,36.45,0.2,4475
2024-11-20,1326,7548732,269937363,36.15,36.25,35.5,35.65,-0.8,4315
2024-11-21,1326,7542941,264726341,35.35,35.45,34.9,35.2,-0.45,3820
2024-11-22,1326,5726424,202316901,35.45,35.9,35.2,35.2,0.0,3204
2024-11-25,1326,16673214,601770862,35.8,36.2,35.6,36.2,1.0,3396
2024-11-26,1326,7541957,270914163,36.15,36.65,35.6,35.65,-0.55,3947
2024-11-27,1326,7256594,255361992,35.8,35.8,34.8,34.8,-0.85,4208
2024-11-28,1326,11429783,394873044,34.95,35.05,34.25,34.8,0.0,4961
2024-11-29,1326,13281234,451312045,34.35,34.35,33.8,33.85,-0.95,6672
2024-12-02,1326,11071956,373708314,34.05,34.25,33.5,33.7,-0.15,4947
2024-12-03,1326,12701939,436595420,33.95,34.85,33.95,34.65,0.95,5163
2024-12-04,1326,7637392,262004412,34.8,34.95,34.05,34.1,-0.55,4255
2024-12-05,1326,7926683,267283549,34.15,34.3,33.5,33.5,-0.6,4136
2024-12-06,1326,9998852,334081723,33.4,33.75,33.2,33.3,-0.2,7770
2024-12-09,1326,14809529,492243869,33.65,33.95,32.7,33.15,-0.15,6879
2024-12-10,1326,12287445,410971423,33.3,34.2,32.9,33.15,0.0,5657
2024-12-11,1326,11142219,362759593,32.95,33.05,32.35,32.35,-0.8,7312
2024-12-12,1326,19830437,627315514,32.45,32.55,31.15,31.2,-1.15,11106
2024-12-13,1326,15405752,472298790,30.9,31.05,30.4,30.45,-0.75,7644
2024-12-16,1326,17110926,516053054,30.3,30.85,29.9,29.9,-0.55,8377
2024-12-17,1326,19067234,569478739,30.0,30.35,29.55,29.55,-0.35,8602
2024-12-18,1326,19812907,595517933,29.6,30.8,29.55,30.35,0.8,8449
2024-12-19,1326,14293009,429193326,30.0,30.4,29.75,30.15,-0.2,6609
2024-12-20,1326,26864898,781757508,29.85,30.0,28.75,28.75,-1.4,11669
2024-12-23,1326,12033325,350620212,28.75,29.5,28.75,29.25,0.5,5435
2024-12-24,1326,11105799,327742295,29.35,29.95,29.15,29.2,-0.05,5281
2024-12-25,1326,10239693,297543777,29.55,29.6,28.8,28.8,-0.4,5782
2024-12-26,1326,11180029,321525643,28.95,29.3,28.5,28.5,-0.3,8173
2024-12-27,1326,14457379,409911148,28.7,28.7,28.05,28.6,0.1,7070
2024-12-30,1326,15893547,444069924,28.6,28.6,27.6,27.6,-1.0,8703
2024-12-31,1326,10995204,301169586,27.6,27.7,27.2,27.3,-0.3,5926
2025-01-02,1326,13814184,373745989,27.1,27.4,26.75,27.05,-0.25,6973
2025-01-03,1326,10061144,273046323,27.05,27.7,26.75,26.8,-0.25,5320
2025-01-06,1326,17659388,489949595,27.05,28.4,26.8,28.05,1.25,8204
2025-01-07,1326,15844718,432272373,28.05,28.1,26.8,26.8,-1.25,9001
2025-01-08,1326,16224478,427155414,26.95,26.95,26.05,26.1,-0.7,8025
2025-01-09,1326,13070585,335805792,25.95,26.05,25.35,25.35,-0.75,7537
2025-01-10,1326,11008004,279690026,25.15,25.8,25.15,25.3,-0.05,4923
2025-01-13,1326,20684709,521876830,25.45,25.85,24.75,25.55,0.25,8871
2025-01-14,1326,27619839,742551060,25.55,27.6,25.55,27.25,1.7,12384
2025-01-15,1326,37704263,1056642877,27.25,28.7,27.2,28.15,0.9,18039
2025-01-16,1326,30574344,872250309,28.35,29.25,28.0,28.2,0.05,14755
2025-01-17,1326,26855558,773220281,28.2,29.4,27.85,29.0,0.8,11623
2025-01-20,1326,16185612,462319229,29.05,29.05,28.2,28.3,-0.7,6371
2025-01-21,1326,12059037,337189955,28.2,28.65,27.8,27.8,-0.5,8324
2025-01-22,1326,13151919,366860054,28.1,28.15,27.5,28.1,0.3,5612
2025-02-03,1326,19528711,538719214,27.7,28.55,26.8,27.7,-0.4,8262
2025-02-04,1326,14470434,390943944,27.8,27.8,26.65,26.65,-1.05,7878
2025-02-05,1326,14942823,398162130,26.85,27.4,26.25,26.4,-0.25,7519
2025-02-06,1326,7570620,201586821,26.4,27.0,26.3,26.9,0.5,4423
2025-02-07,1326,11008192,288979139,26.9,26.9,26.05,26.1,-0.8,7257
2025-02-10,1326,9805701,256555531,26.05,26.5,26.0,26.05,-0.05,4855
2025-02-11,1326,13512854,354758217,26.3,26.75,25.95,26.0,-0.05,7385
2025-02-12,1326,25748381,690526922,26.05,27.35,25.95,26.7,0.7,12923
2025-02-13,1326,27706053,771196609,26.8,28.4,26.6,28.35,1.65,12521
2025-02-14,1326,28572133,815894618,28.5,29.2,27.9,28.8,0.45,10381
2025-02-17,1326,23176561,674149166,29.0,29.5,28.3,29.3,0.5,9111
2025-02-18,1326,16658175,476481182,29.3,29.35,28.25,28.55,-0.75,7852
2025-02-19,1326,15007920,433646829,28.35,29.35,28.35,29.05,0.5,6309
2025-02-20,1326,15366813,447277658,29.2,29.65,28.7,29.0,-0.05,6473
2025-02-21,1326,9293033,270983791,29.0,29.4,28.7,29.4,0.4,4650
2025-02-24,1326,14305164,422571502,29.25,29.85,29.05,29.75,0.35,5386
2025-02-25,1326,29988858,910169238,29.5,30.9,29.35,30.55,0.8,11153
2025-02-26,1326,18659085,561607329,30.55,30.6,29.8,30.05,-0.5,8108
2025-02-27,1326,23572949,699473699,30.05,30.3,29.3,29.7,-0.35,7700
2025-03-03,1326,16852157,489796121,29.45,29.6,28.8,28.8,-0.9,7270
2025-03-04,1326,20064818,561786280,28.35,28.4,27.7,28.1,-0.7,7967
2025-03-05,1326,27138847,797314253,28.15,30.1,28.05,29.95,1.85,10010
2025-03-06,1326,19590123,575743871,29.95,30.0,29.05,29.25,-0.7,10202
2025-03-07,1326,16834534,487760250,29.0,29.3,28.65,29.1,-0.15,6447
2025-03-10,1326,15924328,469874504,29.15,29.9,29.0,29.6,0.5,5774
2025-03-11,1326,21602600,620919683,29.0,29.35,28.2,29.1,-0.5,8589
2025-03-12,1326,12654525,364807342,29.05,29.15,28.6,28.9,-0.2,5499
2025-03-13,1326,19135307,541228548,28.95,29.05,27.85,27.85,-1.05,8382
2025-03-14,1326,16346026,469484972,28.05,29.0,28.0,28.85,1.0,6423
2025-03-17,1326,16966058,498162614,29.05,29.9,28.65,29.3,0.45,6973
2025-03-18,1326,19826655,588599127,29.35,30.25,29.25,29.45,0.15,7976
2025-03-19,1326,15778296,457691203,29.45,29.45,28.75,29.0,-0.45,6830
2025-03-20,1326,12552362,369329168,29.1,29.75,29.05,29.5,0.5,5503
2025-03-21,1326,77418153,2218646377,29.4,29.4,28.45,28.65,-0.85,10020
2025-03-24,1326,13138477,374279499,28.8,28.95,28.2,28.25,-0.4,6676
2025-03-25,1326,10538980,297670389,28.4,28.75,28.0,28.0,-0.25,4855
2025-03-26,1326,9127451,255131888,28.15,28.3,27.8,27.85,-0.15,4090
2025-03-27,1326,9510942,264359135,27.85,28.0,27.5,27.95,0.1,4534
2025-03-28,1326,19550293,530183832,27.9,27.9,26.75,26.9,-1.05,9323
2025-03-31,1326,18575824,486781555,26.15,26.55,26.0,26.05,-0.85,7225
2025-04-01,1326,10782790,290775634,26.15,27.4,26.15,27.2,1.15,4948
2025-04-02,1326,9220334,252268305,27.0,27.7,26.65,27.65,0.45,3742
2025-04-07,1326,5138417,127946094,24.9,24.9,24.9,24.9,-2.75,3293
2025-04-08,1326,27689741,695599594,24.8,25.7,24.7,25.35,0.45,9750
2025-04-09,1326,29358648,692777311,24.7,24.95,22.85,22.85,-2.5,12984
2025-04-10,1326,14031357,351414119,25.05,25.1,24.4,25.1,2.25,4419
2025-04-11,1326,17190863,427013760,24.1,25.15,24.05,25.1,0.0,5576
2025-04-14,1326,14376442,365631267,24.9,25.85,24.9,25.45,0.35,5453
2025-04-15,1326,11867652,309585822,25.55,26.45,25.5,26.45,1.0,5171
2025-04-16,1326,15251182,389437525,26.15,26.25,25.1,25.35,-1.1,7174
2025-04-17,1326,5775869,146720190,25.35,25.7,25.1,25.5,0.15,2318
2025-04-18,1326,4163340,105609643,25.55,25.55,25.25,25.3,-0.2,2183
2025-04-21,1326,7740349,191842545,25.2,25.2,24.6,24.6,-0.7,3360
2025-04-22,1326,5043195,123701681,24.45,24.8,24.15,24.55,-0.05,2396
2025-04-23,1326,6612027,166691717,25.05,25.4,24.85,25.35,0.8,3122
2025-04-24,1326,5967249,149481139,25.3,25.45,24.8,24.85,-0.5,2819
2025-04-25,1326,5326276,134079018,25.2,25.3,25.05,25.05,0.2,2594
2025-04-28,1326,7277957,180195569,25.15,25.2,24.6,24.75,-0.3,3561
2025-04-29,1326,6925120,173536054,24.85,25.35,24.6,25.1,0.35,3228
2025-04-30,1326,6096298,152103786,25.05,25.1,24.85,24.9,-0.2,2514
2025-05-02,1326,6777633,168768529,25.15,25.15,24.65,25.0,0.1,2713
2025-05-05,1326,22836226,590102131,25.1,26.4,25.1,26.2,1.2,8295
2025-05-06,1326,16922046,443464486,26.4,26.8,25.8,26.0,-0.2,6928
2025-05-07,1326,14087825,374456558,26.3,26.8,26.1,26.5,0.5,5503
2025-05-08,1326,14982852,384754903,26.2,26.25,25.35,25.35,-1.15,7718
2025-05-09,1326,7846836,199941950,25.45,25.7,25.2,25.65,0.3,3645
2025-05-12,1326,7128254,185625442,25.9,26.2,25.85,26.0,0.35,2979
2025-05-13,1326,8363872,215913888,26.2,26.2,25.65,25.8,-0.2,3606
2025-05-14,1326,8811282,228837544,26.0,26.2,25.7,26.0,0.2,3485
2025-05-15,1326,5633653,145546058,26.05,26.1,25.7,25.7,-0.3,2546
2025-05-16,1326,7597343,194451715,25.95,25.95,25.4,25.6,-0.1,3678
2025-05-19,1326,5868763,149446842,25.55,25.8,25.2,25.4,-0.2,2844
2025-05-20,1326,3932537,100750790,25.6,25.75,25.5,25.65,0.25,2023
2025-05-21,1326,4889386,125774923,25.7,25.85,25.5,25.8,0.15,2648
2025-05-22,1326,10950548,275554154,25.65,25.65,25.0,25.0,-0.8,4198
2025-05-23,1326,5547684,138693390,25.05,25.2,24.85,24.9,-0.1,2768
2025-05-26,1326,7719783,192622500,25.0,25.4,24.7,24.7,-0.2,3443
2025-05-27,1326,10110421,249636675,24.8,25.3,24.3,24.3,-0.4,4676
2025-05-28,1326,8028861,195599672,24.55,24.85,24.15,24.35,0.05,3865
2025-05-29,1326,12063319,290113657,24.55,24.55,23.9,23.95,-0.4,3740
2025-06-02,1326,13575520,313514368,23.9,23.95,22.9,22.95,-1.0,6917
2025-06-03,1326,8606499,198079449,23.0,23.25,22.85,23.0,0.05,4706
2025-06-04,1326,8655415,203109032,23.15,23.8,23.15,23.3,0.3,3783
2025-06-05,1326,6505905,154413082,23.3,24.05,23.2,23.8,0.5,3397
2025-06-06,1326,10276948,251829287,23.85,24.8,23.75,24.65,0.85,5090
2025-06-09,1326,5753981,142145060,24.9,24.9,24.45,24.65,0.0,2951
2025-06-10,1326,11168477,278866882,24.55,25.4,24.55,24.7,0.05,4228
2025-06-11,1326,6499998,161573901,24.75,25.0,24.6,25.0,0.3,3323
2025-06-12,1326,5976975,150325292,24.95,25.4,24.9,25.05,0.05,2682
2025-06-13,1326,12840075,321156672,24.9,25.3,24.65,25.05,0.0,4896
2025-06-16,1326,10305124,259109311,25.15,25.55,24.65,25.0,-0.05,4483
2025-06-17,1326,14872035,360222613,25.05,25.1,23.8,23.9,-1.1,6569
2025-06-18,1326,8322729,198299971,23.95,24.05,23.7,23.7,-0.2,4782
2025-06-19,1326,14940139,347761571,23.6,23.75,23.0,23.0,-0.7,6172
2025-06-20,1326,26649186,601841011,23.05,23.2,22.4,22.45,-0.55,8521
2025-06-23,1326,14599671,322781096,22.35,22.5,21.75,22.3,-0.15,7005
2025-06-24,1326,8520255,194025030,22.5,22.95,22.35,22.85,0.55,3682
2025-06-25,1326,7458908,171473481,22.9,23.2,22.8,22.8,-0.05,3471
2025-06-26,1326,14899768,352004955,22.85,24.1,22.85,23.4,0.6,6668
2025-06-27,1326,9162650,216040767,23.6,23.95,23.35,23.55,0.15,4147
2025-06-30,1326,10733893,247559881,23.55,23.55,22.9,22.9,-0.65,4142
2025-07-01,1326,7356995,168305843,22.55,23.15,22.5,22.85,0.0,3397
2025-07-02,1326,4898550,112548243,22.65,23.15,22.65,23.1,0.25,1876
2025-07-03,1326,8174539,192504643,22.95,23.75,22.95,23.75,0.65,3269
2025-07-04,1326,10480637,249489415,23.75,23.95,23.65,23.9,0.15,3517
2025-07-07,1326,7671413,183001430,23.8,24.15,23.5,23.8,-0.1,3643
2025-07-08,1326,6712924,156805157,23.85,24.0,23.1,23.2,-0.6,3540
2025-07-09,1326,5681920,129568813,23.05,23.15,22.65,22.7,-0.5,2988
2025-07-10,1326,3616114,82043016,22.65,22.85,22.5,22.7,0.0,1866
2025-07-11,1326,12962785,286338267,22.1,22.4,21.8,22.15,-0.55,5291
2025-07-14,1326,11339957,258126952,22.2,23.05,22.05,22.95,0.8,5114
2025-07-15,1326,15910452,366747808,23.0,23.65,22.6,22.8,-0.15,5900
2025-07-16,1326,13210696,304494031,22.75,23.4,22.6,22.95,0.15,5330
2025-07-17,1326,30475661,738421742,22.95,24.8,22.9,24.65,1.7,11536
2025-07-18,1326,34615314,871134584,24.7,25.6,24.45,25.4,0.75,12508
2025-07-21,1326,21572591,555696606,25.1,26.3,25.0,25.75,0.35,9403
2025-07-22,1326,15280788,390615569,25.7,25.9,25.2,25.5,-0.25,6679
2025-07-23,1326,28184720,743518017,25.7,27.1,25.45,26.8,1.3,12142
2025-07-24,1326,22915762,609666180,27.0,27.15,26.05,26.7,-0.1,9609
2025-07-25,1326,12287148,327247856,26.4,27.0,26.35,26.65,-0.05,4975
2025-07-28,1326,46293261,1301512955,26.8,29.25,26.55,28.4,1.75,18759
2025-07-29,1326,26669772,730248939,28.3,28.3,26.8,26.95,-1.45,11653
2025-07-30,1326,74166989,2140527749,26.95,29.6,26.85,29.5,2.55,26710
2025-07-31,1326,47287740,1363065545,29.15,29.3,28.4,28.85,-0.65,18945
2025-08-01,1326,30018506,837666568,28.2,28.6,27.4,27.85,-1.0,12901
2025-08-04,1326,27961671,730793232,26.85,26.9,25.7,26.3,-1.55,11124
2025-08-05,1326,14209581,371998816,26.45,26.65,26.0,26.05,-0.25,6483
2025-08-06,1326,16963112,454611292,26.05,27.3,26.0,26.75,0.7,7128
2025-08-07,1326,8829373,237647253,27.0,27.2,26.7,26.8,0.05,3995
2025-08-08,1326,8616997,230892003,26.75,27.1,26.55,26.8,0.0,4378
2025-08-11,1326,20489675,564118677,26.55,28.05,26.1,28.0,1.2,7972
2025-08-12,1326,48244429,1419005312,28.2,30.4,28.2,29.2,1.2,20101
2025-08-13,1326,26188592,764433114,29.5,30.0,28.6,28.75,-0.45,14713
2025-08-14,1326,14914912,431103870,28.9,29.45,28.5,28.65,-0.1,6958
2025-08-15,1326,21848275,636917876,28.65,29.7,28.1,29.5,0.85,9377
2025-08-18,1326,22422048,669830873,29.65,30.35,29.5,29.75,0.25,9919
2025-08-19,1326,16547941,484644230,30.0,30.5,28.8,29.0,-0.75,8461
2025-08-20,1326,16952450,480550745,28.75,29.15,28.0,28.1,-0.9,8073
2025-08-21,1326,54655473,1669562175,28.4,30.9,28.35,30.9,2.8,16340
2025-08-22,1326,84179762,2678991202,31.9,32.75,31.0,31.0,0.1,33079
2025-08-25,1326,26571589,823048908,31.6,31.75,30.35,30.95,-0.05,14207
2025-08-26,1326,27065013,835684789,31.1,31.75,30.35,30.45,-0.5,11387
2025-08-27,1326,14236044,438460797,30.7,31.3,30.5,30.5,0.05,5949
2025-08-28,1326,11826938,356021582,30.55,30.6,29.8,29.9,-0.6,5673
2025-08-29,1326,15171688,454069864,30.15,30.45,29.5,30.1,0.2,6068
2025-09-01,1326,13521865,406155062,29.95,30.45,29.5,30.3,0.2,6617
2025-09-02,1326,23781666,710618925,30.8,31.35,29.1,29.2,-1.1,11351
2025-09-03,1326,13737269,396743643,29.2,29.6,28.4,28.7,-0.5,7130
2025-09-04,1326,7045808,204218313,29.0,29.25,28.65,29.0,0.3,3608
2025-09-05,1326,6810279,195362836,29.15,29.3,28.5,28.55,-0.45,4019
2025-09-08,1326,4285097,123273359,28.55,28.95,28.55,28.75,0.2,2290
2025-09-09,1326,6699214,194399017,28.75,29.4,28.65,29.0,0.25,3259
2025-09-10,1326,7380831,212576564,29.0,29.1,28.55,28.7,-0.3,4171
2025-09-11,1326,10784183,306178696,28.65,28.65,28.2,28.35,-0.35,4267
2025-09-12,1326,9384956,270564322,28.5,29.15,28.5,28.9,0.55,3909
2025-09-15,1326,11834066,346159277,29.15,29.75,28.85,28.85,-0.05,5226
2025-09-16,1326,8332290,240014874,29.25,29.45,28.5,28.5,-0.35,4579
2025-09-17,1326,5204746,149930836,28.4,29.15,28.4,28.75,0.25,2773
2025-09-18,1326,4401916,126202957,29.0,29.0,28.55,28.55,-0.2,2629
2025-09-19,1326,16687245,481926836,28.6,29.25,28.45,29.0,0.45,6311
2025-09-22,1326,9432038,273043129,29.25,29.35,28.65,29.1,0.1,5065
2025-09-23,1326,9296538,270730089,29.1,29.45,28.85,28.95,-0.15,4698
2025-09-24,1326,7376309,210943366,29.1,29.15,28.45,28.6,-0.35,3297
2025-09-25,1326,21725927,643872261,28.7,30.0,28.7,29.7,1.1,8776
2025-09-26,1326,11160052,328194276,29.6,29.85,29.05,29.3,-0.4,5376
2025-09-30,1326,11534619,344303447,29.8,30.25,29.55,29.75,0.45,4941
2025-10-01,1326,6964203,204893123,29.3,29.95,29.15,29.2,-0.55,3784
2025-10-02,1326,13136461,376413912,29.4,29.55,28.3,28.35,-0.85,6500
2025-10-03,1326,14948406,413851064,28.25,28.35,27.4,27.5,-0.85,7309
2025-10-07,1326,15434246,441496530,27.5,29.1,27.35,28.7,1.2,6694
2025-10-08,1326,12818829,374766964,28.85,29.55,28.85,29.5,0.8,5868
2025-10-09,1326,14865799,444915203,29.75,30.25,29.5,29.85,0.35,6683
2025-10-13,1326,11054771,320018792,29.15,29.4,28.5,29.2,-0.65,7480
2025-10-14,1326,12345485,355724049,29.35,29.75,28.5,28.55,-0.65,5911
2025-10-15,1326,7458616,212628443,28.6,28.8,28.2,28.55,0.0,3625
2025-10-16,1326,7724094,223929341,28.65,29.2,28.65,29.05,0.5,3498
2025-10-17,1326,17087966,513089131,29.0,30.6,28.95,29.95,0.9,8512
2025-10-20,1326,8503345,254533451,30.2,30.8,29.5,29.8,-0.15,6630
2025-10-21,1326,7307059,216763283,30.0,30.25,29.4,29.55,-0.25,3462
2025-10-22,1326,12465702,377158239,29.8,30.7,29.75,30.2,0.65,5708
2025-10-23,1326,17984053,556133163,30.05,31.5,29.75,30.9,0.7,9451
2025-10-27,1326,12709045,393945725,31.5,31.9,30.55,30.7,-0.2,7165
2025-10-28,1326,13799986,418980337,30.7,31.05,29.85,30.45,-0.25,6877
2025-10-29,1326,5479362,166112851,30.5,30.6,30.05,30.35,-0.1,2972
2025-10-30,1326,7307376,219859003,30.4,30.8,29.85,30.2,-0.15,3841
2025-10-31,1326,15019399,443268127,30.3,30.35,28.95,29.2,-1.0,6723
2025-11-03,1326,8193457,236398794,29.05,29.2,28.6,28.75,-0.45,4128
2025-11-04,1326,9000854,257463271,28.75,29.25,28.3,28.45,-0.3,4010
2025-11-05,1326,17721304,492998080,28.25,28.25,27.5,27.8,-0.65,6473
2025-11-06,1326,10483680,294984449,28.1,28.4,27.7,28.4,0.6,3813
2025-11-07,1326,20682356,599604530,28.4,29.55,27.9,29.1,0.7,8242
2025-11-10,1326,20102436,579456387,28.95,29.5,28.25,29.3,0.2,7191
2025-11-11,1326,47127969,1445581772,29.45,31.7,29.45,30.7,1.4,19578
2025-11-12,1326,48720924,1553087678,30.7,32.65,30.4,32.4,1.7,24988
2025-11-13,1326,101051526,3512641292,32.5,35.6,32.4,35.6,3.2,40806
2025-11-14,1326,80191561,2774036430,35.4,35.95,33.7,34.0,-1.6,27985
2025-11-17,1326,29230664,998754669,34.0,34.8,33.7,34.0,0.0,14479
2025-11-18,1326,28470318,947823733,33.45,34.3,32.7,32.9,-1.1,12563
2025-11-19,1326,19701113,627740561,32.6,32.6,31.35,31.7,-1.2,9228
2025-11-20,1326,23469844,774798868,32.35,33.8,31.95,33.1,1.4,10844
2025-11-21,1326,18594188,601484505,32.2,33.05,31.85,31.9,-1.2,8370
2025-11-24,1326,19365821,617869280,32.25,32.5,31.3,31.95,0.05,7635
2025-11-25,1326,18397504,573811576,32.25,32.35,30.5,30.85,-1.1,8659
2025-11-26,1326,12767779,398780549,31.25,31.6,30.75,31.6,0.75,5345
2025-11-27,1326,21585266,704996069,31.6,33.3,31.6,33.15,1.55,10424
2025-11-28,1326,19686445,656168419,33.15,33.65,32.8,33.4,0.25,8872
2025-12-01,1326,15994026,543008635,33.65,34.5,33.55,33.65,0.25,7769
2025-12-02,1326,43711837,1548880392,34.0,36.5,33.85,35.45,1.8,20526
2025-12-03,1326,33266976,1190901068,35.7,36.4,35.1,35.6,0.15,16266
2025-12-04,1326,22437201,784755781,36.2,36.35,34.2,34.45,-1.15,12427
2025-12-05,1326,12535142,422879411,34.2,34.2,33.4,33.85,-0.6,6207
2025-12-08,1326,10084923,337947517,33.6,33.95,33.2,33.45,-0.4,4832
2025-12-09,1326,15486477,505046541,33.1,33.15,32.2,32.5,-0.95,7431
2025-12-10,1326,9464754,305460663,32.45,32.8,32.05,32.2,-0.3,4771
2025-12-11,1326,11425431,363654952,32.3,32.55,31.5,31.7,-0.5,5920
2025-12-12,1326,8882188,283948128,31.95,32.45,31.7,31.9,0.2,3766
2025-12-15,1326,31955822,1079883563,32.4,34.7,32.35,33.8,1.9,14741
2025-12-16,1326,27260334,906867447,33.85,34.2,32.45,32.45,-1.35,12421
2025-12-17,1326,18847748,605586010,32.45,32.9,31.7,32.05,-0.4,8171
2025-12-18,1326,9692066,308726620,32.0,32.3,31.7,31.7,-0.35,4609
2025-12-19,1326,8208258,264260159,31.8,32.45,31.7,32.3,0.6,3948
2025-12-22,1326,6500830,211745856,32.6,33.0,32.35,32.55,0.25,3163
2025-12-23,1326,15258319,501553219,32.6,33.35,32.0,33.0,0.45,7232
2025-12-24,1326,8820477,286836953,33.05,33.25,32.2,32.2,-0.8,5192
2025-12-26,1326,4927597,158001425,32.45,32.45,31.95,32.05,-0.15,2860
2025-12-29,1326,6839606,220825687,32.05,32.7,32.0,32.05,0.0,3473
2025-12-30,1326,8545384,272864862,32.05,32.4,31.55,32.3,0.25,3991
2025-12-31,1326,7302104,233799008,32.3,32.4,31.75,32.1,-0.2,3251
2026-01-02,1326,20271981,632949858,32.15,32.15,30.8,30.95,-1.15,9811
2026-01-05,1326,12291876,376049954,30.95,31.2,30.3,30.45,-0.5,6382
2026-01-06,1326,14832516,461797235,30.65,31.7,30.65,31.2,0.75,6612
2026-01-07,1326,28080910,911899169,31.4,32.95,31.4,32.5,1.3,11816
2026-01-08,1326,29927780,996376188,33.1,34.1,32.45,32.6,0.1,12959
2026-01-09,1326,19046213,613958525,32.8,33.45,31.6,31.9,-0.7,10085
2026-01-12,1326,12134433,391024268,32.1,32.5,31.95,32.45,0.55,5687
2026-01-13,1326,22505675,700384552,32.2,32.2,30.65,31.0,-1.45,10767
2026-01-14,1326,25893145,820690283,30.95,32.2,30.95,31.9,0.9,9181
2026-01-15,1326,54359221,1823351685,32.05,34.45,32.05,34.45,2.55,21554
2026-01-16,1326,31740157,1094860324,34.55,35.35,33.6,34.5,0.05,16820
2026-01-19,1326,24330408,841632463,34.55,35.2,33.65,34.9,0.4,11525
2026-01-20,1326,14991205,511165740,34.45,34.7,33.85,34.0,-0.9,8586
2026-01-21,1326,15414867,522423641,33.45,34.4,33.35,34.05,0.05,9067
2026-01-22,1326,20742628,724244323,34.15,35.4,34.15,35.0,0.95,10147
2026-01-23,1326,21106329,750740051,35.4,36.45,35.1,35.45,0.45,10439
2026-01-26,1326,44673058,1712310954,35.9,38.95,35.9,38.95,3.5,16043
2026-01-27,1326,116619869,4760130597,40.95,41.95,39.0,40.55,1.6,56978
2026-01-28,1326,97128134,4164631129,40.8,44.6,40.45,44.1,3.55,47481
2026-01-29,1326,86404221,3853656741,45.0,46.5,42.5,44.0,-0.1,50786
2026-01-30,1326,72858983,3199756703,44.25,45.8,42.15,42.35,-1.65,41381
2026-02-02,1326,39014062,1550277538,41.55,41.75,38.5,38.95,-3.4,24596
2026-02-03,1326,24363597,976647428,40.0,41.4,39.25,39.4,0.45,14135
2026-02-04,1326,30429100,1241836314,39.5,42.0,39.1,40.55,1.15,15390
2026-02-05,1326,22982472,933646006,40.6,41.5,39.8,40.25,-0.3,12560
2026-02-06,1326,39424627,1563642319,40.65,40.7,38.8,39.05,-1.2,19507
2026-02-09,1326,44433647,1848377378,40.1,42.95,39.65,42.95,3.9,19954
2026-02-10,1326,66071599,2725126137,44.15,44.15,39.75,40.75,-2.2,33041
2026-02-11,1326,52516808,2225460339,40.7,43.2,40.5,42.25,1.5,26658
2026-02-23,1326,39240781,1697756647,43.35,44.0,42.4,43.25,1.0,21226
2026-02-24,1326,47662091,2099450136,43.25,45.3,42.8,44.75,1.5,25969
2026-02-25,1326,85759716,4141724862,45.7,49.2,45.4,49.2,4.45,31975
2026-02-26,1326,134891641,6793440149,49.2,52.0,48.5,51.0,1.8,65339
2026-03-02,1326,101925500,5083836880,52.0,52.9,48.15,48.2,-2.8,57231
2026-03-03,1326,58455658,2777164248,48.0,49.9,46.05,46.9,-1.3,31854
2026-03-04,1326,49028880,2178470830,46.0,46.45,43.4,43.55,-3.35,23263
2026-03-05,1326,35445956,1564586889,45.2,45.45,43.0,43.9,0.35,17411
2026-03-06,1326,46537129,2106079658,43.3,46.0,43.3,46.0,2.1,23427
2026-03-09,1326,105197422,4694048150,48.3,49.15,41.85,43.05,-2.95,49012
2026-03-10,1326,36177097,1580885756,43.5,44.65,42.55,44.25,1.2,19059
2026-03-11,1326,33549694,1464161061,44.4,44.4,42.95,44.0,-0.25,20087
2026-03-12,1326,33215591,1416121747,44.0,44.3,42.05,42.65,-1.35,17503
2026-03-13,1326,41517030,1722809062,41.85,42.65,40.9,41.7,-0.95,18950
2026-03-16,1326,81769465,3628039960,42.3,45.7,42.25,44.6,2.9,40273
2026-03-17,1326,41420608,1850274914,44.85,45.5,44.05,44.2,-0.4,23107
2026-03-18,1326,43678520,1991930960,44.9,46.2,44.65,45.95,1.75,22977
2026-03-19,1326,71286763,3348007453,46.3,48.5,45.3,46.6,0.65,37551
2026-03-20,1326,52035565,2388075655,46.35,47.55,45.15,45.85,-0.75,24600
2026-03-23,1326,34324848,1509831208,44.8,45.8,43.05,43.1,-2.75,19528
2026-03-24,1326,21526922,928484438,43.7,44.4,42.2,43.0,-0.1,10109
2026-03-25,1326,29588453,1267311414,43.95,44.25,42.25,42.85,-0.15,16472
2026-03-26,1326,46896639,2118917821,43.15,46.35,43.15,45.1,2.25,26780
2026-03-27,1326,28950627,1293592259,45.5,45.85,43.9,44.25,-0.85,15323
2026-03-30,1326,116567725,5568043776,44.55,48.65,44.05,48.65,4.4,52870
2026-03-31,1326,132479035,6169283747,50.2,51.0,44.6,44.95,-3.7,56837
2026-04-01,1326,41315255,1875470258,44.65,46.15,44.6,45.3,0.35,18348
2026-04-02,1326,24161144,1089780322,45.35,45.75,44.65,44.95,-0.35,12305
2026-04-07,1326,33966811,1568473746,45.35,47.3,45.2,45.6,0.65,15115
2026-04-08,1326,35978689,1608406478,45.4,45.4,44.05,45.1,-0.5,18554
2026-04-09,1326,35644440,1638849896,45.3,46.9,45.05,45.6,0.5,16716
2026-04-10,1326,18559421,842226840,46.1,46.2,44.9,45.45,-0.15,11330
2026-04-13,1326,90396267,4409661269,46.1,49.95,46.0,49.95,4.5,42190
2026-04-14,1326,118775741,6375946444,49.9,54.9,49.0,54.6,4.65,53630
2026-04-15,1326,84083454,4289902282,55.0,55.0,49.6,50.4,-4.2,62294
2026-04-16,1326,34183302,1758297128,50.6,52.5,49.95,52.1,1.7,19204
2026-04-17,1326,25759660,1321166645,52.1,53.0,50.5,51.0,-1.1,14517
2026-04-20,1326,20320531,1026347531,51.5,51.9,49.95,50.5,-0.5,11382
2026-04-21,1326,22081649,1111825356,50.7,51.1,49.8,50.5,0.0,11027
2026-04-22,1326,22987267,1164525654,50.8,51.4,50.3,50.6,0.1,10481
2026-04-23,1326,39865978,1953064599,50.6,50.9,47.8,49.4,-1.2,19740
2026-04-24,1326,18958977,929415564,49.5,50.3,48.15,49.35,-0.05,9619
2026-04-27,1326,26837648,1359084472,49.35,51.4,49.25,50.4,1.05,13549
2026-04-28,1326,24399696,1260117540,51.2,52.5,50.7,51.4,1.0,12546
2026-04-29,1326,49498087,2630254464,52.1,54.5,51.7,52.5,1.1,30859
2026-04-30,1326,29865338,1551294912,53.0,53.3,51.2,52.3,-0.2,18738
2026-05-04,1326,21143460,1079926735,52.0,52.0,50.7,50.8,-1.5,11942
2026-05-05,1326,21769575,1124095643,51.0,52.4,50.8,51.8,1.0,9574
2026-05-06,1326,21291741,1098586874,52.3,52.9,50.8,51.0,-0.8,13923
2026-05-07,1326,28788176,1432620764,51.0,51.1,49.4,49.45,-1.55,14692
2026-05-08,1326,42319894,2020243538,50.0,50.1,46.6,46.95,-2.5,22533
2026-05-11,1326,23048519,1103198906,46.3,48.75,46.3,47.8,0.85,10891
2026-05-12,1326,13453186,634459439,48.1,48.2,46.7,47.05,-0.75,8192
2026-05-13,1326,13784781,641521933,47.0,47.4,46.1,46.1,-0.95,7066
2026-05-14,1326,19735831,893112186,46.05,46.1,44.8,44.95,-1.15,10723
2026-05-15,1326,11530955,516640859,45.35,45.35,44.3,44.45,-0.5,6775
2026-05-18,1326,19494877,875320245,44.45,45.3,43.65,45.25,0.8,10011
2026-05-19,1326,15639593,708365468,45.2,45.95,44.9,44.9,-0.35,9309
2026-05-20,1326,12830593,572435411,45.0,45.25,44.25,44.55,-0.35,7707
2026-05-21,1326,10223386,462840726,44.8,45.7,44.8,45.45,0.9,5897
2026-05-22,1326,11219996,509456371,45.5,45.75,45.15,45.55,0.1,6371
2026-05-25,1326,17590321,787143103,45.55,45.55,44.25,44.95,-0.6,10036
2026-05-26,1326,15263951,682883119,44.75,45.75,44.2,44.5,-0.45,8561
2026-05-27,1326,20351059,922916190,45.0,45.85,44.75,45.45,0.95,9975
2026-05-28,1326,29690137,1358396770,46.8,46.85,45.05,45.4,-0.05,15013
2026-05-29,1326,67387982,3298060868,45.95,49.9,45.8,49.9,4.5,30855
2026-06-01,1326,74407426,3956861129,51.4,54.5,50.0,53.8,3.9,39974
2026-06-02,1326,93193844,5104285675,54.0,56.9,52.8,54.4,0.6,45699
2026-06-03,1326,68914458,3880539703,56.5,57.8,53.8,56.5,2.1,34198
2026-06-04,1326,59996221,3407541533,57.0,59.0,55.2,55.2,-1.3,30657
2026-06-05,1326,32740041,1727445617,54.9,55.0,51.6,52.8,-2.4,18006
2026-06-08,1326,29772803,1450522121,49.65,50.7,48.0,48.75,-4.05,16795
2026-06-09,1326,24440661,1185375823,48.6,49.35,48.1,48.25,-0.5,13967
2026-06-10,1326,24802521,1167318406,47.7,48.35,46.15,46.2,-2.05,14627
2026-06-11,1326,16325166,752314805,46.3,47.3,45.25,46.25,0.05,9395
2026-06-12,1326,21758319,1053023764,47.25,49.1,47.2,48.8,2.55,10673
2026-06-15,1326,28349053,1449493773,50.0,51.9,49.5,51.6,2.8,16112
2026-06-16,1326,41063981,2199579000,52.8,55.0,51.8,52.1,0.5,22555
2026-06-17,1326,33486429,1797825929,52.1,55.2,51.1,53.7,1.6,17515
2026-06-18,1326,31267057,1699240459,54.6,55.2,53.7,54.2,0.5,12363
2026-06-22,1326,33297275,1869194444,55.0,57.2,54.1,56.2,2.0,16873
2026-06-23,1326,52379280,2921380635,58.5,59.2,53.0,53.1,-3.1,40634
2026-06-24,1326,67367428,3821277590,52.5,57.7,51.3,57.7,0.0,31039
2026-06-25,1326,83820012,5104043868,58.7,62.3,58.2,59.5,1.8,37909
2026-06-26,1326,46433274,2573876927,58.3,58.3,53.8,54.2,-5.3,29213
2026-06-29,1326,17116244,933891496,54.4,55.5,53.1,54.9,0.7,9399
2026-06-30,1326,22447454,1235551374,55.6,56.7,54.0,54.6,-0.3,11072
2026-07-01,1326,34830146,1977017238,56.1,57.9,55.4,56.3,1.7,18338
2026-07-02,1326,64670626,3903781242,55.5,61.9,55.1,61.9,5.6,27157
2026-07-03,1326,97646905,6449369699,63.0,68.0,62.9,68.0,6.1,31694
2026-07-06,1326,129752660,8944338744,72.8,73.0,67.2,67.6,-0.4,59898
2026-07-07,1326,52450563,3403982520,66.8,66.8,63.3,63.3,-4.3,31903
2026-07-08,1326,74071252,4802263538,63.8,66.4,63.4,64.7,1.4,36959
2026-07-09,1326,59118264,3618075661,64.7,64.7,59.4,60.0,-4.7,34377
2026-07-13,1326,96160170,6244351831,60.0,66.0,60.0,65.0,5.0,41266
2026-07-14,1326,94558841,6204244402,65.3,67.2,63.8,67.0,2.0,44342
2026-07-15,1326,123945119,8713105836,68.1,72.4,67.1,70.8,3.8,65345
2026-07-16,1326,110654348,7855978657,71.0,73.0,68.4,68.9,-1.9,60026
2026-07-17,1326,81696148,5527380970,67.5,70.5,65.4,66.1,-2.8,45444
2026-07-20,1326,52416077,3423309741,67.2,67.4,63.7,64.2,-1.9,28614
2026-07-21,1326,74799490,5086559582,65.0,70.4,64.8,68.6,4.4,42783
2026-07-22,1326,94039267,6749029657,68.8,73.5,68.3,70.6,2.0,49339
2026-07-23,1326,160401362,11983467583,71.7,77.6,70.8,71.7,1.1,90384
2026-07-24,1326,80139162,5537342144,72.0,72.6,66.8,67.5,-4.2,47868
2026-07-27,1326,50802490,3271850457,65.9,67.4,62.6,65.0,-2.5,26589
2026-07-28,1326,39784141,2443624995,61.8,62.8,60.7,60.9,-4.1,21689
2026-07-29,1326,50657550,2962680558,61.4,62.0,56.6,58.5,-2.4,23973
2026-07-30,1326,44369647,2573442969,59.5,59.8,55.8,56.4,-2.1,22955
2026-07-31,1326,47178584,2742588051,60.0,61.3,56.7,57.4,1.0,22252
2026-08-03,1326,28925031,1627300185,56.6,57.3,55.6,56.3,-1.1,16173
2026-08-04,1326,28720049,1657186936,55.5,59.3,55.5,58.2,1.9,16833
2026-08-05,1326,25180356,1490050027,59.4,61.0,58.4,58.6,0.4,13526
2026-08-06,1326,13521600,786174987,58.2,59.1,57.7,58.1,-0.5,7574
2026-08-07,1326,25672952,1519690201,59.3,60.5,58.1,58.9,0.8,13129
2026-08-10,1326,18904137,1110543021,59.7,59.7,57.6,58.8,-0.1,10097
2026-08-11,1326,19953382,1152206458,58.6,58.9,56.8,58.2,-0.6,10911
2026-08-12,1326,20142286,1199151317,58.7,60.0,58.7,59.6,1.4,11089
2026-08-13,1326,21357549,1281080541,60.3,61.1,59.0,59.5,-0.1,13385
2026-08-14,1326,26655899,1612426183,60.1,61.5,59.0,60.5,1.0,14130
2026-08-17,1326,19032496,1144384269,60.4,61.7,59.1,59.3,-1.2,11659
2026-08-18,1326,25250779,1516158224,59.0,61.4,59.0,59.4,0.1,12797
2026-08-19,1326,26991898,1554378747,59.1,59.3,56.6,56.7,-2.7,16899
2026-08-20,1326,23649150,1389793803,57.3,60.1,57.3,58.4,1.7,11907
2026-08-21,1326,19453470,1161079054,59.0,60.3,58.2,60.1,1.7,11101
2026-08-24,1326,33373804,1909124748,59.9,60.5,56.3,57.1,-3.0,18652
2026-08-25,1326,10506144,604469877,56.5,58.3,56.1,58.0,0.9,6548
2026-08-26,1326,28273104,1698320111,57.9,60.9,57.7,60.3,2.3,14985
2026-08-27,1326,38108484,2397549932,61.0,64.2,60.1,63.2,2.9,21736
2026-08-28,1326,23816854,1500741867,63.5,64.2,62.0,62.1,-1.1,15090
2026-08-31,1326,71396602,4730481549,62.0,68.3,61.9,68.3,6.2,38230
2026-09-01,1326,119283939,8733926578,69.3,74.9,67.3,74.3,6.0,66879
2026-09-02,1326,62533246,4528804142,74.5,74.7,70.5,72.8,-1.5,58389
2026-09-03,1326,82419512,5990598233,72.1,78.2,69.3,69.7,-3.1,46158
2026-09-04,1326,41291535,2844287406,70.0,70.8,67.4,69.8,0.1,23371
2026-09-07,1326,57918008,4217436549,70.2,75.1,69.9,71.9,2.1,32953
2026-09-08,1326,24157597,1709253189,72.6,72.6,70.1,70.6,-1.3,18306
2026-09-09,1326,37249918,2685134038,70.9,73.5,70.2,71.8,1.2,20469
2026-09-10,1326,22295065,1585902981,72.0,72.7,70.3,71.3,-0.5,15603
2026-09-11,1326,18556570,1308352945,70.4,71.8,69.8,70.2,-1.1,9932
2026-09-14,1326,27922318,1884480420,70.5,70.5,66.2,67.6,-2.6,16358
2026-09-15,1326,23789944,1558736967,66.6,66.8,64.9,65.8,-1.8,13407
2026-09-16,1326,15902772,1054988376,66.1,67.7,65.4,65.8,0.0,9970
2026-09-17,1326,24043657,1631289158,66.3,68.7,66.1,68.6,2.8,13579
2026-09-18,1326,24373131,1659622487,69.1,69.2,67.1,68.1,-0.5,11009
2026-09-21,1326,9958720,677884939,68.3,69.0,67.6,67.8,-0.3,6287
2026-09-22,1326,20038232,1346614134,68.4,69.2,66.5,66.5,-1.3,12114
2026-09-23,1326,15805076,1039486720,67.0,67.2,65.1,65.4,-1.1,10269
2026-09-24,1326,18734584,1236693837,65.0,67.2,63.8,67.0,1.6,11542
