date,stock_id,Trading_Volume,Trading_money,open,max,min,close,spread,Trading_turnover
2016-09-29,1457,785223,8078193,10.35,10.4,10.25,10.25,-0.1,305
2016-09-30,1457,2038210,21155449,10.3,10.5,10.3,10.3,0.05,730
2016-10-03,1457,720608,7435776,10.35,10.4,10.25,10.3,0.0,348
2016-10-04,1457,760058,7815386,10.25,10.35,10.25,10.25,-0.05,242
2016-10-05,1457,762368,7766265,10.25,10.3,10.15,10.15,-0.1,269
2016-10-06,1457,746283,7599068,10.15,10.25,10.1,10.15,0.0,269
2016-10-07,1457,1045176,10546817,10.2,10.2,10.05,10.1,-0.05,322
2016-10-11,1457,1654709,16506939,10.05,10.1,9.91,9.93,-0.17,494
2016-10-12,1457,489727,4862844,9.95,9.98,9.91,9.91,-0.02,178
2016-10-13,1457,602982,6019129,9.98,10.05,9.92,9.99,0.08,223
2016-10-14,1457,710377,7067183,9.99,10.0,9.91,9.99,0.0,205
2016-10-17,1457,730303,7348490,10.15,10.15,10.0,10.05,0.06,235
2016-10-18,1457,613947,6193920,10.1,10.15,10.05,10.05,0.0,259
2016-10-19,1457,1113860,11282933,10.1,10.2,10.0,10.15,0.1,410
2016-10-20,1457,1281917,13058902,10.25,10.25,10.1,10.2,0.05,508
2016-10-21,1457,962136,9820168,10.25,10.3,10.15,10.2,0.0,329
2016-10-24,1457,434955,4422092,10.25,10.25,10.1,10.15,-0.05,168
2016-10-25,1457,804904,8205523,10.25,10.3,10.15,10.15,0.0,270
2016-10-26,1457,885467,8961513,10.15,10.2,10.1,10.1,-0.05,270
2016-10-27,1457,445682,4498353,10.1,10.15,10.05,10.05,-0.05,207
2016-10-28,1457,617504,6211740,10.1,10.1,10.0,10.05,0.0,224
2016-10-31,1457,566422,5675270,10.05,10.1,10.0,10.0,-0.05,165
2016-11-01,1457,483557,4858670,10.05,10.1,10.0,10.05,0.05,173
2016-11-02,1457,824564,8247450,10.0,10.1,9.97,10.0,-0.05,318
2016-11-03,1457,441083,4399090,10.05,10.05,9.95,9.98,-0.02,232
2016-11-04,1457,499009,4980175,9.94,10.05,9.94,9.99,0.01,243
2016-11-07,1457,512407,5120139,10.05,10.05,9.97,9.98,-0.01,136
2016-11-08,1457,474407,4740920,10.0,10.05,9.98,9.99,0.01,96
2016-11-09,1457,2039110,20173556,9.99,9.99,9.75,9.86,-0.13,382
2016-11-10,1457,534259,5278782,9.9,9.92,9.86,9.86,0.0,229
2016-11-11,1457,1070404,10393983,9.82,9.84,9.6,9.6,-0.26,327
2016-11-14,1457,448060,4309961,9.6,9.7,9.55,9.62,0.02,398
2016-11-15,1457,633532,6093903,9.71,9.71,9.58,9.59,-0.03,289
2016-11-16,1457,1886704,18806092,9.88,10.05,9.85,9.99,0.4,611
2016-11-17,1457,500635,4966653,9.95,9.96,9.87,9.9,-0.09,237
2016-11-18,1457,5362402,55012568,9.98,10.45,9.98,10.15,0.25,1469
2016-11-21,1457,1050343,10666959,10.25,10.3,10.1,10.15,0.0,395
2016-11-22,1457,1750616,18019359,10.2,10.35,10.2,10.25,0.1,560
2016-11-23,1457,1307777,13347623,10.3,10.35,10.1,10.2,-0.05,382
2016-11-24,1457,1573815,16205740,10.25,10.35,10.2,10.3,0.1,485
2016-11-25,1457,3213924,33399902,10.35,10.5,10.2,10.45,0.15,917
2016-11-28,1457,3951421,41495499,10.4,10.65,10.35,10.35,-0.1,989
2016-11-29,1457,1269590,13148974,10.35,10.45,10.25,10.3,-0.05,410
2016-11-30,1457,1206856,12435471,10.35,10.4,10.2,10.3,0.0,426
2016-12-01,1457,5112050,54150913,10.3,10.8,10.3,10.4,0.1,1442
2016-12-02,1457,2845733,30037851,10.6,10.65,10.45,10.5,0.1,761
2016-12-05,1457,1311491,13632802,10.5,10.55,10.3,10.4,-0.1,427
2016-12-06,1457,1125352,11664970,10.4,10.45,10.3,10.35,-0.05,386
2016-12-07,1457,1110102,11423297,10.45,10.45,10.2,10.3,-0.05,470
2016-12-08,1457,2900840,30451576,10.4,10.65,10.35,10.45,0.15,712
2016-12-09,1457,728512,7598442,10.55,10.6,10.35,10.4,-0.05,268
2016-12-12,1457,882592,9155363,10.4,10.45,10.3,10.3,-0.1,317
2016-12-13,1457,1413002,14742618,10.3,10.55,10.3,10.5,0.2,473
2016-12-14,1457,4143596,44166427,10.65,10.75,10.55,10.6,0.1,1073
2016-12-15,1457,1484924,15718100,10.55,10.65,10.5,10.55,-0.05,425
2016-12-16,1457,1301204,13705289,10.6,10.65,10.45,10.5,-0.05,389
2016-12-19,1457,1391876,14491911,10.6,10.6,10.3,10.35,-0.15,375
2016-12-20,1457,1146738,11912085,10.4,10.45,10.3,10.35,0.0,389
2016-12-21,1457,650547,6718344,10.4,10.45,10.3,10.35,0.0,262
2016-12-22,1457,805402,8238178,10.35,10.35,10.15,10.15,-0.2,298
2016-12-23,1457,976737,9850842,10.15,10.2,10.0,10.1,-0.05,310
2016-12-26,1457,498217,4998720,10.1,10.1,10.0,10.0,-0.1,168
2016-12-27,1457,305100,3073200,10.05,10.15,10.0,10.05,0.05,117
2016-12-28,1457,870183,8726265,10.1,10.1,9.99,10.0,-0.05,272
2016-12-29,1457,541797,5419368,10.05,10.1,9.98,10.0,0.0,168
2016-12-30,1457,458445,4596800,10.05,10.1,10.0,10.05,0.05,150
2017-01-03,1457,354829,3566890,10.0,10.1,10.0,10.05,0.0,165
2017-01-04,1457,498213,5037798,10.1,10.15,10.05,10.1,0.05,228
2017-01-05,1457,504955,5147791,10.1,10.25,10.1,10.2,0.1,226
2017-01-06,1457,565130,5780421,10.2,10.3,10.1,10.25,0.05,246
2017-01-09,1457,517288,5274496,10.25,10.3,10.15,10.2,-0.05,215
2017-01-10,1457,714822,7308781,10.2,10.3,10.15,10.25,0.05,225
2017-01-11,1457,468089,4794152,10.25,10.3,10.15,10.2,-0.05,184
2017-01-12,1457,693166,7087597,10.25,10.35,10.2,10.2,0.0,215
2017-01-13,1457,928718,9438684,10.25,10.25,10.1,10.15,-0.05,307
2017-01-16,1457,461284,4655301,10.15,10.2,10.05,10.1,-0.05,189
2017-01-17,1457,1078330,10945828,10.1,10.25,10.1,10.1,0.0,216
2017-01-18,1457,1544472,15872110,10.2,10.35,10.15,10.3,0.2,432
2017-01-19,1457,555933,5684059,10.35,10.35,10.15,10.2,-0.1,158
2017-01-20,1457,1449668,15026486,10.3,10.45,10.25,10.4,0.2,447
2017-01-23,1457,1094539,11231115,10.35,10.35,10.2,10.3,-0.1,333
2017-01-24,1457,1528749,15834049,10.3,10.45,10.25,10.4,0.1,380
2017-02-02,1457,1526206,15882964,10.45,10.5,10.35,10.35,-0.05,399
2017-02-03,1457,1256416,13151838,10.35,10.55,10.35,10.5,0.15,420
2017-02-06,1457,3408656,36290240,10.55,10.8,10.55,10.75,0.25,837
2017-02-07,1457,1674743,17953775,10.8,10.85,10.6,10.8,0.05,468
2017-02-08,1457,5318454,58738763,11.0,11.2,10.95,11.0,0.2,1363
2017-02-09,1457,2041498,22170462,11.0,11.05,10.75,10.75,-0.25,597
2017-02-10,1457,1691058,18042230,10.8,10.85,10.55,10.55,-0.2,576
2017-02-13,1457,746284,7939038,10.6,10.7,10.55,10.65,0.1,316
2017-02-14,1457,2006943,21547862,10.7,10.8,10.6,10.65,0.0,546
2017-02-15,1457,3117418,33361025,10.75,10.8,10.55,10.75,0.1,637
2017-02-16,1457,753272,8049126,10.8,10.8,10.6,10.65,-0.1,293
2017-02-17,1457,1766608,18941273,10.65,10.9,10.6,10.7,0.05,457
2017-02-18,1457,3273830,36177880,11.0,11.2,10.95,11.05,0.35,946
2017-02-20,1457,1963367,21627410,11.15,11.2,10.95,10.95,-0.1,552
2017-02-21,1457,1400377,15285796,10.95,11.05,10.85,11.0,0.05,541
2017-02-22,1457,4372681,48693541,11.0,11.3,10.95,11.05,0.05,1096
2017-02-23,1457,1054452,11608772,11.0,11.1,10.95,11.0,-0.05,451
2017-02-24,1457,2403376,26701236,11.05,11.2,10.95,11.05,0.05,668
2017-03-01,1457,1430161,15865871,11.1,11.2,11.0,11.0,-0.05,658
2017-03-02,1457,1608771,17744011,11.15,11.15,10.95,11.0,0.0,566
2017-03-03,1457,5236769,58802392,11.05,11.35,11.0,11.3,0.3,1206
2017-03-06,1457,15297346,183883902,11.5,12.35,11.5,12.15,0.85,3988
2017-03-07,1457,18477259,231655883,12.4,12.85,12.35,12.45,0.3,4831
2017-03-08,1457,5416405,66161392,12.45,12.45,12.05,12.25,-0.2,1716
2017-03-09,1457,4506023,55101045,12.2,12.35,12.1,12.3,0.05,1223
2017-03-24,1457,4106495,49568118,12.5,12.5,11.85,11.85,0.0,1502
2017-03-27,1457,3450510,40106687,12.0,12.0,11.3,11.35,-0.5,1424
2017-03-28,1457,1854163,20873584,11.4,11.55,11.0,11.1,-0.25,955
2017-03-29,1457,1620954,18345817,11.25,11.5,11.2,11.25,0.15,737
2017-03-30,1457,998703,11206660,11.25,11.35,11.15,11.25,0.0,511
2017-03-31,1457,1080087,12081135,11.15,11.25,11.1,11.15,-0.1,491
2017-04-05,1457,663256,7441857,11.2,11.3,11.15,11.15,0.0,454
2017-04-06,1457,1106809,12223449,11.2,11.2,11.0,11.0,-0.15,513
2017-04-07,1457,1172882,12726682,11.0,11.0,10.75,10.85,-0.15,490
2017-04-10,1457,652335,7054055,10.85,10.95,10.75,10.8,-0.05,349
2017-04-11,1457,2146343,23878891,10.9,11.35,10.9,11.2,0.4,799
2017-04-12,1457,747097,8268267,11.2,11.25,11.0,11.05,-0.15,331
2017-04-13,1457,573913,6301156,11.05,11.15,10.9,10.9,-0.15,277
2017-04-14,1457,1375581,14721239,10.85,10.85,10.6,10.6,-0.3,468
2017-04-17,1457,1201167,12566955,10.6,10.7,10.35,10.35,-0.25,377
2017-04-18,1457,525291,5479260,10.4,10.55,10.35,10.45,0.1,274
2017-04-19,1457,534439,5537231,10.45,10.45,10.35,10.35,-0.1,175
2017-04-20,1457,436038,4493730,10.35,10.4,10.2,10.25,-0.1,197
2017-04-21,1457,782082,8044077,10.3,10.45,10.15,10.25,0.0,340
2017-04-24,1457,361164,3713167,10.3,10.35,10.2,10.25,0.0,152
2017-04-25,1457,333872,3440174,10.25,10.35,10.25,10.3,0.05,187
2017-04-26,1457,346913,3606939,10.35,10.45,10.35,10.4,0.1,181
2017-04-27,1457,461360,4761920,10.4,10.4,10.25,10.25,-0.15,181
2017-04-28,1457,610833,6311784,10.2,10.45,10.2,10.35,0.1,269
2017-05-02,1457,967906,9840045,10.3,10.3,10.05,10.1,-0.25,404
2017-05-03,1457,930158,9393826,10.2,10.2,10.05,10.15,0.05,319
2017-05-04,1457,403300,4088758,10.15,10.2,10.1,10.15,0.0,170
2017-05-05,1457,435077,4429371,10.15,10.25,10.15,10.15,0.0,178
2017-05-08,1457,404852,4110452,10.15,10.25,10.1,10.15,0.0,169
2017-05-09,1457,744541,7489310,10.1,10.2,10.0,10.1,-0.05,305
2017-05-10,1457,265221,2675157,10.1,10.15,10.05,10.1,0.0,161
2017-05-11,1457,381646,3849536,10.05,10.15,10.05,10.1,0.0,164
2017-05-12,1457,339731,3433391,10.15,10.15,10.05,10.1,0.0,160
2017-05-15,1457,572357,5785230,10.1,10.2,10.05,10.1,0.0,214
2017-05-16,1457,243900,2468634,10.1,10.15,10.1,10.15,0.05,128
2017-05-17,1457,566823,5704911,10.1,10.1,10.05,10.1,-0.05,206
2017-05-18,1457,2687418,27808231,10.05,10.5,10.05,10.45,0.35,850
2017-05-19,1457,823649,8558065,10.4,10.5,10.3,10.45,0.0,320
2017-05-22,1457,775404,7932811,10.45,10.45,10.1,10.25,-0.2,265
2017-05-23,1457,421410,4343814,10.25,10.35,10.25,10.35,0.1,148
2017-05-24,1457,399083,4124948,10.35,10.45,10.25,10.35,0.0,164
2017-05-25,1457,843829,8781721,10.3,10.45,10.3,10.4,0.05,260
2017-05-26,1457,2701830,28735073,10.4,10.9,10.4,10.75,0.35,784
2017-05-31,1457,755677,7981121,10.75,10.8,10.5,10.5,-0.25,306
2017-06-01,1457,510332,5351398,10.55,10.6,10.4,10.45,-0.05,233
2017-06-02,1457,565662,5907527,10.45,10.6,10.4,10.45,0.0,224
2017-06-03,1457,854257,9015599,10.5,10.75,10.4,10.65,0.2,294
2017-06-05,1457,549618,5815312,10.65,10.65,10.5,10.6,-0.05,179
2017-06-06,1457,530420,5565982,10.6,10.6,10.4,10.5,-0.1,192
2017-06-07,1457,414065,4337970,10.45,10.5,10.45,10.45,-0.05,140
2017-06-08,1457,567761,5906784,10.45,10.5,10.35,10.35,-0.1,173
2017-06-09,1457,665731,6973974,10.4,10.55,10.35,10.4,0.05,201
2017-06-12,1457,354690,3680806,10.4,10.45,10.35,10.35,-0.05,134
2017-06-13,1457,370931,3846230,10.4,10.45,10.35,10.4,0.05,130
2017-06-14,1457,527351,5438558,10.4,10.4,10.25,10.3,-0.1,171
2017-06-15,1457,286228,2953245,10.3,10.35,10.25,10.35,0.05,136
2017-06-16,1457,266288,2759010,10.35,10.4,10.3,10.35,0.0,117
2017-06-19,1457,649504,6741459,10.35,10.45,10.3,10.4,0.05,173
2017-06-20,1457,334070,3466314,10.3,10.45,10.3,10.4,0.0,142
2017-06-21,1457,1615454,17022460,10.4,10.65,10.35,10.6,0.2,393
2017-06-22,1457,972729,10288001,10.65,10.7,10.55,10.6,0.0,199
2017-06-23,1457,4706405,51092665,10.65,11.05,10.65,10.8,0.2,1149
2017-06-26,1457,1187002,12722315,10.85,10.85,10.6,10.7,-0.1,392
2017-06-27,1457,1632805,17708637,10.75,11.05,10.6,10.9,0.2,433
2017-06-28,1457,2207167,24148937,10.85,11.05,10.75,11.05,0.15,549
2017-06-29,1457,3042061,34061416,11.0,11.35,11.0,11.15,0.1,811
2017-06-30,1457,4069284,45901754,11.15,11.45,11.15,11.25,0.1,1166
2017-07-03,1457,3530838,40449032,11.25,11.55,11.25,11.5,0.25,909
2017-07-04,1457,2170466,24758060,11.5,11.6,11.35,11.4,-0.1,614
2017-07-05,1457,1680859,18865716,11.4,11.45,11.1,11.2,-0.2,452
2017-07-06,1457,3123851,35533058,11.2,11.55,11.15,11.4,0.2,672
2017-07-07,1457,1044158,11791466,11.35,11.35,11.25,11.25,-0.15,303
2017-07-10,1457,1062368,11893658,11.25,11.3,11.1,11.1,-0.15,338
2017-07-11,1457,2513261,28280688,11.1,11.35,11.1,11.15,0.05,519
2017-07-12,1457,4207709,47769516,11.3,11.45,11.25,11.3,0.15,1036
2017-07-13,1457,2356457,25677725,10.9,11.0,10.8,10.85,0.0,723
2017-07-14,1457,4358536,49040345,11.3,11.4,11.15,11.2,0.35,1238
2017-07-17,1457,3485870,39744772,11.35,11.5,11.3,11.4,0.2,936
2017-07-18,1457,1407429,15859670,11.35,11.35,11.2,11.25,-0.15,396
2017-07-19,1457,1459376,16289847,11.25,11.3,11.05,11.05,-0.2,502
2017-07-20,1457,1028600,11397450,11.1,11.15,11.0,11.0,-0.05,331
2017-07-21,1457,575849,6329148,11.05,11.05,10.9,10.95,-0.05,241
2017-07-24,1457,757630,8263549,10.95,11.0,10.85,10.85,-0.1,272
2017-07-25,1457,765430,8374250,10.8,11.0,10.8,10.95,0.1,257
2017-07-26,1457,1268060,13956044,11.0,11.15,10.9,10.9,-0.05,298
2017-07-27,1457,1112155,12230938,10.95,11.1,10.9,11.0,0.1,330
2017-07-28,1457,673580,7387620,11.0,11.05,10.9,10.95,-0.05,178
2017-07-31,1457,807759,8926959,11.05,11.15,11.0,11.0,0.05,259
2017-08-01,1457,2137410,23910353,11.1,11.35,11.05,11.35,0.35,567
2017-08-02,1457,881917,9890615,11.35,11.35,11.15,11.25,-0.1,321
2017-08-03,1457,1001569,11117933,11.25,11.25,11.0,11.1,-0.15,267
2017-08-04,1457,790029,8797411,11.1,11.2,11.1,11.2,0.1,223
2017-08-07,1457,1338150,14938712,11.2,11.25,11.1,11.15,-0.05,287
2017-08-08,1457,710021,7912329,11.15,11.2,11.1,11.15,0.0,163
2017-08-09,1457,1514999,17090584,11.2,11.4,11.1,11.3,0.15,470
2017-08-10,1457,2133921,23503589,11.3,11.3,10.8,10.9,-0.4,602
2017-08-11,1457,669072,7340737,10.75,11.15,10.75,11.15,0.25,247
2017-08-14,1457,1091828,11927440,11.05,11.1,10.8,10.8,-0.35,328
2017-08-15,1457,2369123,25122089,10.7,10.75,10.5,10.5,-0.3,703
2017-08-16,1457,2414065,25048032,10.5,10.55,10.25,10.3,-0.2,742
2017-08-17,1457,876316,9167584,10.4,10.55,10.4,10.45,0.15,250
2017-08-18,1457,1093942,11366339,10.35,10.5,10.3,10.45,0.0,372
2017-08-21,1457,696359,7230827,10.55,10.55,10.35,10.4,-0.05,288
2017-08-22,1457,382573,4001455,10.5,10.55,10.4,10.45,0.05,157
2017-08-23,1457,517879,5425228,10.5,10.55,10.45,10.5,0.05,159
2017-08-24,1457,641286,6710780,10.5,10.5,10.45,10.5,0.0,210
2017-08-25,1457,911666,9641364,10.55,10.65,10.5,10.6,0.1,290
2017-08-28,1457,529557,5597294,10.6,10.6,10.55,10.55,-0.05,189
2017-08-29,1457,1573541,16706833,10.6,10.8,10.5,10.75,0.2,396
2017-08-30,1457,706624,7605819,10.8,10.85,10.65,10.75,0.0,229
2017-08-31,1457,806483,8728909,10.8,10.9,10.7,10.8,0.05,274
2017-09-01,1457,414386,4446153,10.8,10.8,10.7,10.7,-0.1,149
2017-09-04,1457,629308,6693561,10.7,10.7,10.6,10.65,-0.05,191
2017-09-05,1457,352261,3758510,10.75,10.75,10.65,10.65,0.0,135
2017-09-06,1457,416086,4391897,10.65,10.65,10.5,10.55,-0.1,166
2017-09-07,1457,1510269,16203495,10.55,10.9,10.5,10.7,0.15,412
2017-09-08,1457,867335,9352927,10.8,10.9,10.7,10.75,0.05,262
2017-09-11,1457,596893,6389611,10.85,10.85,10.65,10.65,-0.1,195
2017-09-12,1457,707898,7567165,10.65,10.75,10.65,10.65,0.0,178
2017-09-13,1457,596719,6368769,10.7,10.75,10.6,10.65,0.0,188
2017-09-14,1457,988971,10645581,10.7,10.8,10.65,10.8,0.15,290
2017-09-15,1457,3485170,38570020,10.85,11.15,10.85,11.1,0.3,870
2017-09-18,1457,1592876,17659031,11.1,11.2,11.0,11.05,-0.05,373
2017-09-19,1457,954089,10477512,11.2,11.2,10.9,10.95,-0.1,294
2017-09-20,1457,706482,7718352,11.05,11.05,10.85,10.9,-0.05,223
2017-09-21,1457,688611,7590631,10.9,11.15,10.9,11.0,0.1,212
2017-09-22,1457,919473,10001004,11.0,11.0,10.75,10.8,-0.2,235
2017-09-25,1457,1009995,10872483,10.85,10.85,10.7,10.75,-0.05,273
2017-09-26,1457,908794,9928101,10.75,11.0,10.75,10.85,0.1,312
2017-09-27,1457,494690,5389966,10.9,10.95,10.85,10.95,0.1,122
2017-09-28,1457,1433919,15788519,11.1,11.2,10.9,10.9,-0.05,385
2017-09-29,1457,863006,9272910,10.9,10.9,10.6,10.7,-0.2,293
2017-09-30,1457,415397,4461646,10.8,10.8,10.7,10.75,0.05,107
2017-10-02,1457,1891672,20675819,10.75,11.05,10.75,11.0,0.25,487
2017-10-03,1457,839617,9237221,11.1,11.1,10.95,10.95,-0.05,276
2017-10-05,1457,1773127,19653393,11.0,11.2,10.95,11.15,0.2,554
2017-10-06,1457,16847179,196924512,11.15,12.15,11.15,11.85,0.7,4740
2017-10-11,1457,8978313,107479655,11.95,12.3,11.6,11.6,-0.25,2733
2017-10-12,1457,3714103,42198050,11.6,11.7,11.2,11.25,-0.35,1218
2017-10-13,1457,3578608,40767205,11.25,11.6,11.2,11.25,0.0,1107
2017-10-16,1457,3286490,37645100,11.35,11.65,11.2,11.65,0.4,956
2017-10-17,1457,10099034,121283489,11.85,12.3,11.75,11.75,0.1,2801
2017-10-18,1457,13530467,172039810,12.15,12.9,12.15,12.9,1.15,2672
2017-10-19,1457,32881452,427030316,13.05,13.1,12.8,13.1,0.2,7366
2017-10-20,1457,6631293,85621411,13.0,13.05,12.8,12.85,-0.25,1924
2017-10-23,1457,4694213,60111163,12.95,13.0,12.65,12.75,-0.1,1459
2017-10-24,1457,21770495,291018685,12.9,13.65,12.9,13.1,0.35,5518
2017-10-25,1457,5215647,67990234,13.1,13.15,12.95,12.95,-0.15,1527
2017-10-26,1457,3544833,46404497,12.85,13.3,12.85,12.95,0.0,1187
2017-10-27,1457,4067245,52620818,13.1,13.25,12.75,12.75,-0.2,1140
2017-10-30,1457,4397996,55193992,12.9,12.95,12.3,12.4,-0.35,1292
2017-10-31,1457,1863516,23370566,12.45,12.7,12.45,12.5,0.1,621
2017-11-01,1457,2195680,27075857,12.6,12.6,12.2,12.3,-0.2,741
2017-11-02,1457,3531120,44179935,12.3,12.7,12.25,12.55,0.25,894
2017-11-03,1457,2166387,27267749,12.75,12.75,12.45,12.6,0.05,591
2017-11-06,1457,3782917,48333784,12.7,12.95,12.6,12.9,0.3,1099
2017-11-07,1457,3539530,45589153,13.05,13.1,12.7,12.75,-0.15,974
2017-11-08,1457,3361799,43066340,12.75,12.95,12.7,12.7,-0.05,940
2017-11-09,1457,4624155,57348598,12.7,12.75,12.15,12.3,-0.4,1259
2017-11-10,1457,3413070,41666104,12.1,12.45,12.0,12.35,0.05,853
2017-11-13,1457,6134060,77695655,12.35,12.85,12.3,12.8,0.45,1488
2017-11-14,1457,7498961,97513840,12.9,13.2,12.9,12.95,0.15,1779
2017-11-15,1457,25248987,347735368,12.95,14.2,12.8,14.15,1.2,5942
2017-11-16,1457,34866831,508289070,14.1,14.95,13.9,14.05,-0.1,9691
2017-11-17,1457,10730792,149939942,14.2,14.25,13.75,14.0,-0.05,3172
2017-11-20,1457,13864457,198807067,14.1,14.65,14.0,14.2,0.2,3667
2017-11-21,1457,9869372,142206558,14.25,14.7,14.15,14.25,0.05,2857
2017-11-22,1457,10219770,143785590,14.4,14.6,13.65,13.75,-0.5,2918
2017-11-23,1457,3292787,45319177,13.85,13.95,13.65,13.8,0.05,1082
2017-11-24,1457,4264009,58331168,13.8,14.0,13.45,13.55,-0.25,1366
2017-11-27,1457,2800674,38385761,13.65,13.85,13.6,13.7,0.15,900
2017-11-28,1457,2555582,34713873,13.8,13.8,13.5,13.5,-0.2,885
2017-11-29,1457,7855079,109073026,13.6,14.05,13.6,13.95,0.45,1832
2017-11-30,1457,3381987,46438269,13.9,13.9,13.6,13.65,-0.3,1085
2017-12-01,1457,3410367,46283999,13.85,13.9,13.3,13.55,-0.1,1002
2017-12-04,1457,17925094,254683713,13.85,14.55,13.85,14.3,0.75,5217
2017-12-05,1457,8466710,120553290,14.2,14.55,14.0,14.0,-0.3,2776
2017-12-06,1457,4361246,60733137,14.05,14.2,13.7,13.85,-0.15,1490
2017-12-07,1457,2810989,39224240,13.9,14.1,13.85,14.0,0.15,950
2017-12-08,1457,12464530,179932933,14.15,14.7,14.15,14.2,0.2,3574
2017-12-11,1457,14171726,209469265,14.5,15.2,14.45,14.6,0.4,4288
2017-12-12,1457,4682198,67128213,14.7,14.7,14.2,14.3,-0.3,1599
2017-12-13,1457,3786826,54167372,14.35,14.5,14.2,14.25,-0.05,1160
2017-12-14,1457,4397008,63106806,14.4,14.6,14.15,14.15,-0.1,1291
2017-12-15,1457,2143374,30145550,14.15,14.2,14.0,14.15,0.0,813
2017-12-18,1457,1696063,23895831,14.2,14.25,14.05,14.05,-0.1,609
2017-12-19,1457,4874392,69395007,14.1,14.4,14.05,14.3,0.25,1344
2017-12-20,1457,2479220,35193647,14.3,14.3,14.15,14.15,-0.15,713
2017-12-21,1457,0,0,0.0,0.0,0.0,0.0,0.0,0
2017-12-22,1457,16282311,239386230,14.9,15.1,14.4,14.45,0.0,4422
2017-12-25,1457,4123414,58729169,14.5,14.5,14.15,14.2,-0.25,1317
2017-12-26,1457,3805586,53121908,14.25,14.25,13.8,13.85,-0.35,1247
2017-12-27,1457,2893459,40440021,13.9,14.1,13.85,13.9,0.05,1086
2017-12-28,1457,2137256,30100134,14.0,14.2,13.95,14.1,0.2,804
2017-12-29,1457,1960077,27711729,14.2,14.25,14.05,14.1,0.0,703
2018-01-02,1457,2738345,38943260,14.1,14.35,14.0,14.15,0.05,886
2018-01-03,1457,3007775,42868546,14.3,14.3,14.2,14.3,0.15,887
2018-01-04,1457,3435743,49177493,14.4,14.4,14.25,14.25,-0.05,1350
2018-01-05,1457,6120837,88480997,14.4,14.6,14.35,14.45,0.2,1910
2018-01-08,1457,4180398,60664918,14.55,14.65,14.4,14.5,0.05,1287
2018-01-09,1457,7970769,117102060,14.55,14.85,14.5,14.55,0.05,1991
2018-01-10,1457,14460812,215624841,14.7,15.15,14.65,14.7,0.15,3463
2018-01-11,1457,4525814,66151452,14.7,14.85,14.45,14.45,-0.25,1314
2018-01-12,1457,2246366,32575462,14.55,14.65,14.45,14.45,0.0,806
2018-01-15,1457,2043231,29548454,14.5,14.6,14.35,14.35,-0.1,793
2018-01-16,1457,1538902,22090941,14.45,14.5,14.3,14.35,0.0,615
2018-01-17,1457,1641005,23542913,14.4,14.45,14.3,14.35,0.0,675
2018-01-18,1457,2718055,39162973,14.45,14.65,14.25,14.3,-0.05,938
2018-01-19,1457,2599156,36816884,14.25,14.4,14.05,14.1,-0.2,982
2018-01-22,1457,1467503,20768934,14.2,14.25,14.1,14.1,0.0,504
2018-01-23,1457,1896099,26593236,14.15,14.15,13.95,14.0,-0.1,651
2018-01-24,1457,1203626,16925314,14.0,14.15,14.0,14.1,0.1,624
2018-01-25,1457,1469656,20737960,14.1,14.2,14.0,14.05,-0.05,460
2018-01-26,1457,979484,13759026,14.05,14.15,14.0,14.05,0.0,354
2018-01-29,1457,1692370,23596427,14.15,14.15,13.85,13.95,-0.1,605
2018-01-30,1457,1021201,14227470,13.95,14.0,13.85,13.85,-0.1,335
2018-01-31,1457,1814302,24839032,13.8,13.9,13.55,13.7,-0.15,542
2018-02-01,1457,1521306,20727637,13.7,13.75,13.55,13.55,-0.15,542
2018-02-02,1457,1022600,13878948,13.55,13.65,13.5,13.55,0.0,287
2018-02-05,1457,1784583,23527996,13.2,13.35,13.05,13.3,-0.25,617
2018-02-06,1457,3740957,46828882,13.0,13.05,12.2,12.4,-0.9,1057
2018-02-07,1457,1569754,19895863,12.6,12.8,12.55,12.65,0.25,587
2018-02-08,1457,3535653,44294525,12.65,12.75,12.5,12.6,-0.05,324
2018-02-09,1457,2733403,34175069,12.1,13.0,12.1,12.85,0.25,937
2018-02-12,1457,4840544,64867203,13.0,13.75,13.0,13.65,0.8,1555
2018-02-21,1457,4176095,58402157,14.15,14.2,13.8,13.9,0.25,1159
2018-02-22,1457,1049769,14587238,13.95,13.95,13.8,13.95,0.05,391
2018-02-23,1457,3215753,45223292,14.0,14.15,13.95,14.1,0.15,731
2018-02-26,1457,1891006,26813777,14.15,14.35,14.05,14.05,-0.05,568
2018-02-27,1457,1413137,19653731,14.1,14.1,13.85,13.85,-0.2,495
2018-03-01,1457,1874599,26134047,13.75,14.05,13.75,14.0,0.15,585
2018-03-02,1457,974274,13541839,14.0,14.0,13.85,13.85,-0.15,345
2018-03-05,1457,1411760,19735708,14.05,14.15,13.85,13.9,0.05,569
2018-03-06,1457,2109874,29784442,14.05,14.25,14.0,14.0,0.1,631
2018-03-07,1457,1225700,17067320,13.95,14.05,13.85,13.85,-0.15,379
2018-03-08,1457,996336,13981062,13.95,14.1,13.95,14.0,0.15,334
2018-03-09,1457,1481646,20633433,13.9,14.0,13.85,13.9,-0.1,362
2018-03-12,1457,1283590,17794454,13.95,14.0,13.8,13.8,-0.1,486
2018-03-13,1457,713511,9894428,13.85,13.95,13.8,13.9,0.1,330
2018-03-14,1457,1918821,26861568,13.9,14.1,13.85,14.05,0.15,594
2018-03-15,1457,521974,7312051,14.1,14.1,13.95,13.95,-0.1,242
2018-03-16,1457,3683415,52562510,14.05,14.5,14.0,14.1,0.15,1132
2018-03-19,1457,907546,12823494,14.1,14.2,14.05,14.05,-0.05,386
2018-03-20,1457,756306,10535693,14.0,14.0,13.9,13.9,-0.15,386
2018-03-21,1457,1144512,16115318,14.0,14.15,13.95,14.1,0.2,414
2018-03-22,1457,1631435,22817412,14.1,14.2,13.9,13.9,-0.2,527
2018-03-23,1457,2128800,28984013,13.45,14.0,13.4,13.75,-0.15,772
2018-03-26,1457,873113,12014865,13.75,13.85,13.7,13.8,0.05,367
2018-03-27,1457,1857005,25542200,13.95,13.95,13.65,13.65,-0.15,718
2018-03-28,1457,1028735,13968076,13.65,13.75,13.5,13.55,-0.1,381
2018-03-29,1457,1746612,24192177,13.75,13.95,13.75,13.85,0.3,598
2018-03-30,1457,1586583,22189486,13.95,14.15,13.9,13.95,0.1,499
2018-03-31,1457,9000756,129535633,14.05,14.5,13.95,14.45,0.5,2328
2018-04-02,1457,9035238,132563673,14.7,14.85,14.5,14.8,0.35,2911
2018-04-03,1457,9450208,139737020,14.6,14.95,14.55,14.65,-0.15,2805
2018-04-09,1457,23649485,361548875,14.75,15.9,14.75,15.05,0.4,7112
2018-04-10,1457,7121957,104392172,14.95,14.95,14.45,14.5,-0.55,2536
2018-04-11,1457,3697900,53225666,14.45,14.55,14.3,14.3,-0.2,1107
2018-04-12,1457,1964400,27989955,14.35,14.45,14.15,14.2,-0.1,687
2018-04-13,1457,2133129,30444982,14.2,14.4,14.2,14.25,0.05,662
2018-04-16,1457,2442209,35049032,14.3,14.5,14.25,14.4,0.15,773
2018-04-17,1457,2966375,41886074,14.4,14.5,13.9,13.95,-0.45,1082
2018-04-18,1457,1099005,15486961,14.05,14.15,14.0,14.15,0.2,519
2018-04-19,1457,1264245,17914952,14.2,14.25,14.1,14.1,-0.05,412
2018-04-20,1457,1083201,15184598,14.1,14.15,14.0,14.0,-0.1,405
2018-04-23,1457,996735,13987690,14.0,14.1,14.0,14.0,0.0,334
2018-04-24,1457,1794435,24746730,14.0,14.1,13.65,13.7,-0.3,661
2018-04-25,1457,1028261,14033249,13.55,13.75,13.55,13.75,0.05,371
2018-04-26,1457,1154700,15888953,13.85,13.9,13.6,13.6,-0.15,389
2018-04-27,1457,1076113,14568086,13.65,13.7,13.45,13.6,0.0,483
2018-04-30,1457,4132004,57819856,13.6,14.35,13.6,14.05,0.45,1103
2018-05-02,1457,988560,13942790,14.05,14.25,14.0,14.05,0.0,377
2018-05-03,1457,883923,12421022,14.1,14.15,14.0,14.1,0.05,325
2018-05-04,1457,942359,13133271,14.05,14.1,13.85,13.9,-0.2,355
2018-05-07,1457,756387,10640468,14.1,14.15,13.95,14.05,0.15,324
2018-05-08,1457,891723,12637175,14.1,14.3,14.1,14.2,0.15,375
2018-05-09,1457,515024,7277036,14.25,14.25,14.05,14.1,-0.1,223
2018-05-10,1457,870260,12214690,14.1,14.2,13.95,14.0,-0.1,310
2018-05-11,1457,1216494,16955435,14.05,14.1,13.8,13.85,-0.15,452
2018-05-14,1457,1151920,15950544,13.85,14.0,13.75,13.8,-0.05,409
2018-05-15,1457,7128687,102933484,14.2,14.6,14.15,14.45,0.65,2373
2018-05-16,1457,29641495,452138573,14.6,15.8,14.6,15.2,0.75,8252
2018-05-17,1457,7070633,105020912,15.05,15.1,14.7,14.9,-0.3,2229
2018-05-18,1457,5244450,78653208,14.85,15.25,14.75,14.8,-0.1,1592
2018-05-21,1457,3139903,46793709,14.9,15.05,14.75,14.9,0.1,949
2018-05-22,1457,2536292,37410559,14.95,15.0,14.6,14.6,-0.3,892
2018-05-23,1457,2165729,31647689,14.65,14.75,14.55,14.65,0.05,566
2018-05-24,1457,1572959,23169892,14.75,14.8,14.65,14.75,0.1,601
2018-05-25,1457,1543642,22605737,14.8,14.8,14.55,14.55,-0.2,559
2018-05-28,1457,1440626,20976175,14.65,14.7,14.5,14.5,-0.05,492
2018-05-29,1457,983334,14326055,14.6,14.65,14.5,14.6,0.1,397
2018-05-30,1457,1263181,18307672,14.65,14.65,14.45,14.5,-0.1,497
2018-05-31,1457,1899888,27903051,14.6,14.75,14.55,14.7,0.2,614
2018-06-01,1457,4253225,63508236,14.7,15.1,14.7,14.85,0.15,1409
2018-06-04,1457,4023283,60573109,15.05,15.2,14.9,14.95,0.1,1276
2018-06-05,1457,2052264,30435238,15.05,15.05,14.75,14.75,-0.2,750
2018-06-06,1457,1347300,19937418,14.75,14.9,14.75,14.8,0.05,485
2018-06-07,1457,2184537,32261586,14.9,14.9,14.7,14.75,-0.05,635
2018-06-08,1457,1327216,19550500,14.75,14.85,14.65,14.7,-0.05,622
2018-06-11,1457,1719510,25242693,14.9,14.9,14.55,14.6,-0.1,639
2018-06-12,1457,2371399,34380508,14.55,14.6,14.4,14.45,-0.15,766
2018-06-13,1457,1357288,19637094,14.5,14.6,14.4,14.45,0.0,485
2018-06-14,1457,3518617,51557495,14.4,14.85,14.35,14.85,0.4,1131
2018-06-15,1457,7157757,105945399,14.9,15.0,14.6,14.8,-0.05,1858
2018-06-19,1457,1804872,26243643,14.65,14.7,14.45,14.5,-0.3,683
2018-06-20,1457,1431700,20668733,14.45,14.6,14.3,14.55,0.05,518
2018-06-21,1457,749481,10955245,14.6,14.7,14.5,14.6,0.05,296
2018-06-22,1457,873112,12678114,14.6,14.6,14.45,14.5,-0.1,273
2018-06-25,1457,2648880,39183325,14.5,14.9,14.5,14.8,0.3,929
2018-06-26,1457,1352600,19841637,14.65,14.75,14.6,14.65,-0.15,438
2018-06-27,1457,740233,10892949,14.85,14.85,14.65,14.7,0.05,289
2018-06-28,1457,790678,11558761,14.65,14.75,14.55,14.55,-0.15,440
2018-06-29,1457,2536578,37420191,14.6,14.85,14.55,14.75,0.2,841
2018-07-02,1457,5183162,77773942,14.9,15.15,14.85,14.85,0.1,1755
2018-07-03,1457,2261298,33530894,14.95,15.0,14.7,14.75,-0.1,760
2018-07-04,1457,4098672,60923668,14.85,14.95,14.7,14.9,0.15,919
2018-07-05,1457,2332783,33021746,14.25,14.3,14.05,14.05,0.0,749
2018-07-06,1457,3016791,41407543,14.1,14.1,13.5,13.65,-0.4,866
2018-07-09,1457,698189,9574814,13.65,13.85,13.6,13.85,0.2,318
2018-07-10,1457,1122215,15314509,13.9,13.9,13.55,13.55,-0.3,421
2018-07-11,1457,1174653,15761025,13.5,13.5,13.35,13.45,-0.1,439
2018-07-12,1457,490874,6645090,13.45,13.6,13.45,13.55,0.1,199
2018-07-13,1457,500119,6825671,13.65,13.7,13.6,13.65,0.1,228
2018-07-16,1457,1082879,14880590,13.75,13.9,13.65,13.7,0.05,373
2018-07-17,1457,817376,11283167,13.8,13.9,13.7,13.75,0.05,311
2018-07-18,1457,600104,8246767,13.9,13.9,13.65,13.7,-0.05,278
2018-07-19,1457,757855,10402118,13.65,13.85,13.65,13.7,0.0,231
2018-07-20,1457,949501,12996535,13.7,13.75,13.6,13.65,-0.05,260
2018-07-23,1457,661988,8996582,13.75,13.75,13.5,13.55,-0.1,270
2018-07-24,1457,687593,9317480,13.65,13.65,13.5,13.6,0.05,171
2018-07-25,1457,447378,6102504,13.6,13.7,13.6,13.65,0.05,139
2018-07-26,1457,881300,12168287,13.75,13.85,13.75,13.8,0.15,283
2018-07-27,1457,725164,10038670,13.85,13.95,13.75,13.8,0.0,298
2018-07-30,1457,466447,6398898,13.85,13.85,13.65,13.7,-0.1,193
2018-07-31,1457,436343,6016997,13.75,13.85,13.75,13.75,0.05,161
2018-08-01,1457,1460493,20427773,13.85,14.2,13.85,13.95,0.2,510
2018-08-02,1457,726596,10051044,13.95,13.95,13.75,13.8,-0.15,277
2018-08-03,1457,395867,5464225,13.85,13.85,13.8,13.8,0.0,173
2018-08-06,1457,839280,11638761,13.8,13.95,13.8,13.85,0.05,257
2018-08-07,1457,718200,9908910,13.85,13.95,13.7,13.8,-0.05,240
2018-08-08,1457,865934,12064980,13.85,14.1,13.8,13.95,0.15,306
2018-08-09,1457,1214371,17003122,14.0,14.05,13.95,13.95,0.0,411
2018-08-10,1457,1666276,23500264,14.0,14.25,14.0,14.05,0.1,555
2018-08-13,1457,1600685,22279899,14.15,14.2,13.75,13.85,-0.2,527
2018-08-14,1457,1485202,20400621,13.7,13.9,13.7,13.7,-0.15,515
2018-08-15,1457,1896006,25636180,13.8,13.8,13.4,13.45,-0.25,743
2018-08-16,1457,1443207,19182701,13.4,13.4,13.2,13.3,-0.15,554
2018-08-17,1457,1026193,13797172,13.4,13.65,13.3,13.35,0.05,445
2018-08-20,1457,983320,13296335,13.4,13.65,13.4,13.5,0.15,391
2018-08-21,1457,1338821,18344842,13.6,13.8,13.5,13.7,0.2,573
2018-08-22,1457,2500195,34767305,13.75,14.05,13.7,14.0,0.3,794
2018-08-23,1457,1003433,13946216,14.0,14.05,13.8,14.0,0.0,359
2018-08-24,1457,772207,10722952,14.05,14.05,13.8,13.8,-0.2,269
2018-08-27,1457,577792,7996729,13.9,13.9,13.75,13.9,0.1,169
2018-08-28,1457,1230279,16904272,13.9,13.9,13.65,13.75,-0.15,364
2018-08-29,1457,957799,13092914,13.8,13.8,13.6,13.65,-0.1,342
2018-08-30,1457,964609,13317191,13.75,13.9,13.75,13.75,0.1,382
2018-08-31,1457,451750,6236598,13.8,13.85,13.75,13.85,0.1,167
2018-09-03,1457,1401330,19226901,13.85,13.9,13.6,13.6,-0.25,456
2018-09-04,1457,564720,7688639,13.7,13.7,13.55,13.65,0.05,193
2018-09-05,1457,365153,4972937,13.65,13.7,13.55,13.6,-0.05,136
2018-09-06,1457,1103000,14883700,13.65,13.65,13.45,13.45,-0.15,356
2018-09-07,1457,1587832,21174305,13.45,13.55,13.2,13.3,-0.15,516
2018-09-10,1457,1310891,17267720,13.3,13.4,13.0,13.0,-0.3,438
2018-09-11,1457,799391,10562078,13.0,13.35,13.0,13.35,0.35,310
2018-09-12,1457,451048,5992484,13.3,13.35,13.2,13.25,-0.1,215
2018-09-13,1457,452710,6061025,13.25,13.45,13.25,13.45,0.2,237
2018-09-14,1457,797305,10680635,13.45,13.5,13.3,13.4,-0.05,305
2018-09-17,1457,716618,9538878,13.45,13.45,13.25,13.3,-0.1,176
2018-09-18,1457,2163526,29238146,13.3,13.65,13.3,13.4,0.1,599
2018-09-19,1457,2194174,30060363,13.45,13.85,13.45,13.65,0.25,611
2018-09-20,1457,1809900,24672600,13.65,13.75,13.5,13.55,-0.1,305
2018-09-21,1457,1370403,18651259,13.55,13.65,13.55,13.6,0.05,260
2018-09-25,1457,1405894,19395017,13.6,13.9,13.6,13.85,0.25,514
2018-09-26,1457,508900,7013217,13.85,13.85,13.7,13.85,0.0,175
2018-09-27,1457,4157501,58649164,13.95,14.3,13.95,14.05,0.2,1356
2018-09-28,1457,2113295,29686711,14.2,14.2,13.85,13.95,-0.1,801
2018-10-01,1457,1043279,14447934,13.95,13.95,13.8,13.8,-0.15,318
2018-10-02,1457,931924,12854901,13.85,13.9,13.75,13.75,-0.05,390
2018-10-03,1457,978400,13434410,13.75,13.85,13.65,13.65,-0.1,296
2018-10-04,1457,363407,4953932,13.65,13.7,13.6,13.65,0.0,183
2018-10-05,1457,1168686,15688741,13.65,13.65,13.3,13.4,-0.25,432
2018-10-08,1457,395114,5294882,13.25,13.5,13.25,13.45,0.05,152
2018-10-09,1457,549686,7411624,13.45,13.55,13.45,13.5,0.05,202
2018-10-11,1457,2175705,27467468,13.0,13.0,12.3,12.4,-1.1,787
2018-10-12,1457,951102,11927946,12.15,12.75,12.15,12.75,0.35,377
2018-10-15,1457,400814,5090795,12.75,12.8,12.6,12.65,-0.1,156
2018-10-16,1457,341891,4339125,12.75,12.8,12.6,12.65,0.0,186
2018-10-17,1457,1772680,22995085,12.9,13.25,12.65,12.65,0.0,778
2018-10-18,1457,401256,5103037,12.7,12.8,12.65,12.65,0.0,176
2018-10-19,1457,543409,6814523,12.55,12.65,12.4,12.6,-0.05,238
2018-10-22,1457,321935,4055787,12.5,12.7,12.45,12.6,0.0,172
2018-10-23,1457,515364,6420612,12.55,12.6,12.4,12.4,-0.2,198
2018-10-24,1457,522300,6439970,12.5,12.55,12.15,12.3,-0.1,211
2018-10-25,1457,1243735,14793805,11.9,12.1,11.8,11.85,-0.45,427
2018-10-26,1457,1046477,12659174,12.0,12.2,12.0,12.1,0.25,371
2018-10-29,1457,417600,5039960,12.1,12.15,11.95,12.1,0.0,191
2018-10-30,1457,325706,3943292,12.1,12.2,12.05,12.1,0.0,170
2018-10-31,1457,284876,3489036,12.2,12.35,12.15,12.25,0.15,145
2018-11-01,1457,400755,4922348,12.3,12.35,12.25,12.3,0.05,198
2018-11-02,1457,544478,6688080,12.35,12.35,12.2,12.2,-0.1,194
2018-11-05,1457,255024,3103292,12.2,12.3,12.1,12.15,-0.05,141
2018-11-06,1457,177229,2162970,12.15,12.3,12.15,12.15,0.0,112
2018-11-07,1457,250900,3069979,12.25,12.3,12.2,12.3,0.15,131
2018-11-08,1457,470327,5812869,12.3,12.4,12.3,12.35,0.05,188
2018-11-09,1457,749600,9287039,12.4,12.5,12.25,12.4,0.05,228
2018-11-12,1457,477500,5862349,12.3,12.35,12.2,12.3,-0.1,207
2018-11-13,1457,322025,3919803,12.15,12.3,12.0,12.3,0.0,194
2018-11-14,1457,615244,7612976,12.35,12.6,12.2,12.3,0.0,306
2018-11-15,1457,254994,3137575,12.35,12.35,12.25,12.25,-0.05,121
2018-11-16,1457,429150,5272251,12.3,12.35,12.25,12.35,0.1,158
2018-11-19,1457,388449,4827916,12.3,12.5,12.3,12.45,0.1,154
2018-11-20,1457,250277,3094769,12.4,12.4,12.3,12.35,-0.1,108
2018-11-21,1457,438445,5387922,12.3,12.4,12.2,12.3,-0.05,171
2018-11-22,1457,363479,4466393,12.3,12.35,12.25,12.25,-0.05,132
2018-11-23,1457,300322,3669626,12.25,12.25,12.2,12.2,-0.05,152
2018-11-26,1457,213943,2631897,12.25,12.35,12.25,12.3,0.1,120
2018-11-27,1457,264500,3241199,12.3,12.3,12.2,12.25,-0.05,126
2018-11-28,1457,466062,5741960,12.3,12.4,12.3,12.3,0.05,182
2018-11-29,1457,718520,8880245,12.4,12.45,12.3,12.3,0.0,226
2018-11-30,1457,753968,9444149,12.6,12.6,12.45,12.5,0.2,312
2018-12-03,1457,1631256,20891061,12.9,12.95,12.7,12.8,0.3,600
2018-12-04,1457,821396,10461857,12.8,12.85,12.6,12.65,-0.15,393
2018-12-05,1457,624650,7868704,12.45,12.7,12.45,12.6,-0.05,217
2018-12-06,1457,850000,10601650,12.6,12.6,12.3,12.35,-0.25,350
2018-12-07,1457,449800,5619220,12.45,12.55,12.45,12.5,0.15,202
2018-12-10,1457,626383,7871736,12.5,12.65,12.4,12.6,0.1,284
2018-12-11,1457,379470,4787695,12.6,12.7,12.5,12.65,0.05,159
2018-12-12,1457,567878,7178112,12.65,12.7,12.55,12.6,-0.05,282
2018-12-13,1457,1224323,15554801,12.6,12.85,12.5,12.8,0.2,393
2018-12-14,1457,4469322,57871102,12.85,13.05,12.85,13.0,0.2,1184
2018-12-17,1457,1095400,14091748,12.95,13.0,12.75,12.85,-0.15,415
2018-12-18,1457,593103,7490049,12.8,12.8,12.55,12.55,-0.3,279
2018-12-19,1457,629200,7971657,12.75,12.85,12.5,12.65,0.1,228
2018-12-20,1457,450642,5703953,12.65,12.75,12.55,12.6,-0.05,190
2018-12-21,1457,461471,5864504,12.65,12.75,12.55,12.75,0.15,163
2018-12-22,1457,160500,2043123,12.6,12.8,12.6,12.75,0.0,83
2018-12-24,1457,218074,2779889,12.75,12.75,12.7,12.75,0.0,74
2018-12-25,1457,477652,6035882,12.6,12.75,12.55,12.65,-0.1,163
2018-12-26,1457,362110,4627546,12.65,12.95,12.6,12.7,0.05,152
2018-12-27,1457,408720,5214294,12.9,12.9,12.7,12.7,0.0,132
2018-12-28,1457,509113,6513845,12.8,12.85,12.7,12.85,0.15,171
2019-01-02,1457,446019,5680336,13.0,13.0,12.6,12.6,-0.25,217
2019-01-03,1457,220150,2782640,12.6,12.8,12.6,12.65,0.05,110
2019-01-04,1457,266602,3353449,12.6,12.65,12.5,12.6,-0.05,116
2019-01-07,1457,258335,3284212,12.8,12.8,12.65,12.65,0.05,134
2019-01-08,1457,142800,1806819,12.7,12.7,12.6,12.7,0.05,83
2019-01-09,1457,261071,3320047,12.7,12.8,12.65,12.75,0.05,139
2019-01-10,1457,146051,1857392,12.8,12.8,12.65,12.75,0.0,76
2019-01-11,1457,265019,3351337,12.75,12.75,12.6,12.6,-0.15,143
2019-01-14,1457,204367,2575550,12.6,12.7,12.55,12.6,0.0,92
2019-01-15,1457,184204,2329068,12.6,12.7,12.6,12.65,0.05,83
2019-01-16,1457,176301,2227291,12.65,12.7,12.6,12.6,-0.05,114
2019-01-17,1457,358851,4536177,12.7,12.7,12.6,12.6,0.0,138
2019-01-18,1457,776500,9952674,12.7,12.9,12.7,12.7,0.1,292
2019-01-21,1457,230460,2949107,12.75,12.85,12.75,12.8,0.1,163
2019-01-22,1457,296558,3777906,12.85,12.85,12.7,12.8,0.0,91
2019-01-23,1457,138114,1750951,12.75,12.75,12.6,12.75,-0.05,84
2019-01-24,1457,102800,1305818,12.7,12.75,12.7,12.7,-0.05,45
2019-01-25,1457,239186,3043106,12.7,12.8,12.7,12.7,0.0,115
2019-01-28,1457,220184,2797873,12.8,12.8,12.65,12.75,0.05,84
2019-01-29,1457,1017231,13002583,12.65,12.9,12.65,12.7,-0.05,255
2019-01-30,1457,374150,4780418,12.8,12.85,12.7,12.8,0.1,156
2019-02-11,1457,404700,5190508,12.85,12.9,12.75,12.85,0.05,171
2019-02-12,1457,1001313,12772872,12.8,12.8,12.65,12.8,-0.05,208
2019-02-13,1457,386277,4932376,12.8,12.8,12.75,12.8,0.0,142
2019-02-14,1457,1199794,15412100,12.8,12.9,12.75,12.85,0.05,283
2019-02-15,1457,592595,7655104,12.9,13.0,12.85,12.85,0.0,219
2019-02-18,1457,586726,7580535,12.85,13.0,12.85,12.95,0.1,213
2019-02-19,1457,302957,3902549,12.95,12.95,12.85,12.85,-0.1,142
2019-02-20,1457,478560,6176217,12.9,12.95,12.85,12.9,0.05,173
2019-02-21,1457,564010,7228621,12.9,12.9,12.75,12.9,0.0,231
2019-02-22,1457,408310,5233783,12.85,12.85,12.8,12.8,-0.1,147
2019-02-25,1457,477478,6146781,12.85,12.95,12.8,12.9,0.1,158
2019-02-26,1457,778500,9995141,12.9,12.95,12.75,12.85,-0.05,190
2019-02-27,1457,292310,3751848,12.8,12.9,12.8,12.85,0.0,123
2019-03-04,1457,435259,5619482,12.95,12.95,12.85,12.95,0.1,200
2019-03-05,1457,372446,4802680,12.9,12.95,12.85,12.9,-0.05,116
2019-03-06,1457,290900,3749964,12.9,12.95,12.85,12.85,-0.05,89
2019-03-07,1457,428325,5495038,12.9,12.9,12.8,12.8,-0.05,137
2019-03-08,1457,318671,4076148,12.8,12.85,12.75,12.85,0.05,118
2019-03-11,1457,492367,6280870,12.9,12.9,12.7,12.75,-0.1,162
2019-03-12,1457,768449,9863583,12.8,12.9,12.8,12.85,0.1,253
2019-03-13,1457,207084,2653389,12.85,12.85,12.8,12.85,0.0,98
2019-03-14,1457,685306,8822043,12.85,12.9,12.85,12.85,0.0,206
2019-03-15,1457,4996394,67278288,12.9,13.75,12.9,13.45,0.6,1813
2019-03-18,1457,1442324,19505186,13.6,13.65,13.45,13.5,0.05,558
2019-03-19,1457,662328,8947479,13.45,13.55,13.45,13.5,0.0,258
2019-03-20,1457,638979,8586955,13.45,13.5,13.35,13.45,-0.05,254
2019-03-21,1457,788377,10575215,13.45,13.45,13.35,13.45,0.0,285
2019-03-22,1457,823204,11031855,13.45,13.45,13.35,13.35,-0.1,293
2019-03-25,1457,676704,8951497,13.25,13.35,13.1,13.3,-0.05,292
2019-03-26,1457,785618,10431499,13.2,13.35,13.2,13.25,-0.05,270
2019-03-27,1457,1819571,24332603,13.3,13.5,13.15,13.5,0.25,467
2019-03-28,1457,1020288,13753638,13.5,13.55,13.4,13.45,-0.05,271
2019-03-29,1457,1154415,15578048,13.45,13.65,13.4,13.5,0.05,280
2019-04-01,1457,1052682,14271506,13.65,13.65,13.45,13.45,-0.05,340
2019-04-02,1457,1099169,14883275,13.5,13.65,13.45,13.5,0.05,301
2019-04-03,1457,694219,9426203,13.6,13.6,13.55,13.6,0.1,206
2019-04-08,1457,1455703,19948704,13.65,13.75,13.6,13.7,0.1,374
2019-04-09,1457,4346509,61055326,13.7,14.2,13.65,14.05,0.35,1277
2019-04-10,1457,1009470,14091677,13.95,14.0,13.9,14.0,-0.05,276
2019-04-11,1457,1043130,14507834,14.05,14.05,13.8,13.8,-0.2,380
2019-04-12,1457,655101,9055876,13.8,13.95,13.75,13.75,-0.05,280
2019-04-15,1457,1473419,20638587,13.95,14.1,13.9,13.95,0.2,654
2019-04-16,1457,661013,9200224,13.9,14.0,13.85,13.95,0.0,268
2019-04-17,1457,844159,11763806,13.95,14.0,13.9,13.9,-0.05,353
2019-04-18,1457,1104530,15363132,13.95,14.0,13.75,13.75,-0.15,354
2019-04-19,1457,385432,5343057,13.75,13.95,13.75,13.85,0.1,159
2019-04-22,1457,1642234,22985348,14.0,14.1,13.95,13.95,0.1,503
2019-04-23,1457,2079717,29257538,14.0,14.15,13.9,14.05,0.1,656
2019-04-24,1457,665284,9349726,14.15,14.15,13.95,14.0,-0.05,323
2019-04-25,1457,1606342,22652788,14.0,14.2,13.95,14.0,0.0,672
2019-04-26,1457,591357,8258891,14.0,14.0,13.9,13.95,-0.05,256
2019-04-29,1457,973083,13595440,14.0,14.0,13.9,13.95,0.0,255
2019-04-30,1457,583579,8188956,13.95,14.1,13.95,14.1,0.15,197
2019-05-02,1457,1994262,28413964,14.15,14.35,14.15,14.3,0.2,763
2019-05-03,1457,2044280,29496078,14.3,14.55,14.3,14.45,0.15,721
2019-05-06,1457,1295777,18287604,14.3,14.3,14.05,14.1,-0.35,527
2019-05-07,1457,677090,9608725,14.15,14.25,14.1,14.2,0.1,285
2019-05-08,1457,661921,9329944,14.15,14.15,14.05,14.1,-0.1,276
2019-05-09,1457,817929,11447861,14.1,14.1,13.9,13.9,-0.2,357
2019-05-10,1457,1018158,14084477,14.0,14.0,13.65,13.8,-0.1,452
2019-05-13,1457,677369,9389589,13.9,13.95,13.8,13.85,0.05,283
2019-05-14,1457,4258501,60927359,14.0,14.5,14.0,14.3,0.45,1330
2019-05-15,1457,2483716,36003677,14.45,14.6,14.35,14.5,0.2,841
2019-05-16,1457,2368652,34691046,14.55,14.75,14.55,14.65,0.15,784
2019-05-17,1457,1637351,23812832,14.75,14.8,14.4,14.45,-0.2,630
2019-05-20,1457,2020733,29620732,14.5,14.75,14.5,14.7,0.25,655
2019-05-21,1457,1206749,17702431,14.7,14.75,14.6,14.65,-0.05,528
2019-05-22,1457,908434,13276390,14.75,14.75,14.55,14.6,-0.05,315
2019-05-23,1457,691710,10104577,14.6,14.7,14.45,14.65,0.05,385
2019-05-24,1457,1055074,15524124,14.65,14.8,14.65,14.65,0.0,516
2019-05-27,1457,1728119,25542107,14.65,14.9,14.65,14.9,0.25,676
2019-05-28,1457,5960043,90035072,15.05,15.4,14.6,14.65,-0.25,2142
2019-05-29,1457,1178550,17287283,14.6,14.9,14.45,14.75,0.1,558
2019-05-30,1457,1056163,15550640,14.75,14.85,14.6,14.75,0.0,482
2019-05-31,1457,1203230,17867563,14.75,14.9,14.7,14.9,0.15,467
2019-06-03,1457,1912203,28747546,14.95,15.15,14.95,15.15,0.25,789
2019-06-04,1457,1093271,16493415,15.15,15.2,15.0,15.1,-0.05,386
2019-06-05,1457,896310,13508050,15.2,15.2,15.0,15.05,-0.05,383
2019-06-06,1457,1042002,15442074,15.05,15.05,14.75,14.75,-0.3,444
2019-06-10,1457,721371,10663370,14.75,14.85,14.7,14.8,0.05,257
2019-06-11,1457,1441290,21140530,14.8,14.8,14.55,14.6,-0.2,530
2019-06-12,1457,1042070,15152116,14.6,14.6,14.45,14.55,-0.05,362
2019-06-13,1457,701411,10229596,14.55,14.65,14.5,14.6,0.05,252
2019-06-14,1457,394917,5761489,14.6,14.65,14.55,14.55,-0.05,195
2019-06-17,1457,455667,6619118,14.55,14.6,14.5,14.5,-0.05,217
2019-06-18,1457,552735,8016117,14.5,14.55,14.45,14.55,0.05,236
2019-06-19,1457,860251,12518596,14.55,14.6,14.5,14.6,0.05,367
2019-06-20,1457,1340908,19631748,14.6,14.75,14.55,14.75,0.15,485
2019-06-21,1457,654819,9639447,14.8,14.8,14.65,14.7,-0.05,284
2019-06-24,1457,1338499,19715706,14.7,14.8,14.65,14.75,0.05,424
2019-06-25,1457,2095304,30715245,14.7,14.75,14.6,14.65,-0.1,662
2019-06-26,1457,1294023,18019663,13.95,14.0,13.85,13.9,0.0,569
2019-06-27,1457,876625,12184135,13.9,13.95,13.85,13.9,0.0,348
2019-06-28,1457,654469,9095016,13.9,13.95,13.85,13.95,0.05,240
2019-07-01,1457,717499,10005707,14.0,14.0,13.9,13.95,0.0,247
2019-07-02,1457,465937,6473076,13.9,13.95,13.85,13.85,-0.1,206
2019-07-03,1457,490331,6800282,13.9,13.95,13.8,13.85,0.0,209
2019-07-04,1457,584104,8064433,13.9,13.9,13.8,13.8,-0.05,269
2019-07-05,1457,423444,5846873,13.9,13.9,13.8,13.8,0.0,189
2019-07-08,1457,719030,9883606,13.8,13.8,13.7,13.75,-0.05,290
2019-07-09,1457,2138678,28998917,13.75,13.75,13.45,13.45,-0.3,682
2019-07-10,1457,990000,13312996,13.4,13.5,13.4,13.45,0.0,303
2019-07-11,1457,994501,13524485,13.45,13.65,13.45,13.6,0.15,326
2019-07-12,1457,903113,12405989,13.7,13.8,13.65,13.75,0.15,290
2019-07-15,1457,759003,10491036,13.8,13.9,13.8,13.8,0.05,279
2019-07-16,1457,1468854,20533757,13.9,14.1,13.8,14.0,0.2,449
2019-07-17,1457,583024,8153536,14.05,14.05,13.9,14.0,0.0,282
2019-07-18,1457,656880,9130944,14.0,14.0,13.85,13.9,-0.1,218
2019-07-19,1457,922013,12884127,13.85,14.05,13.85,14.05,0.15,270
2019-07-22,1457,712214,10001833,14.05,14.15,13.95,13.95,-0.1,226
2019-07-23,1457,585945,8184786,13.95,14.05,13.9,13.95,0.0,220
2019-07-24,1457,606421,8413308,13.95,13.95,13.85,13.9,-0.05,178
2019-07-25,1457,402148,5576552,13.9,13.95,13.8,13.9,0.0,139
2019-07-26,1457,471316,6537672,13.95,13.95,13.8,13.95,0.05,122
2019-07-29,1457,383683,5348606,13.9,14.0,13.9,13.95,0.0,152
2019-07-30,1457,723426,10102590,13.9,14.0,13.9,14.0,0.05,160
2019-07-31,1457,774101,10848364,14.0,14.1,13.95,14.05,0.05,252
2019-08-01,1457,2298160,32586410,14.15,14.3,14.1,14.1,0.05,589
2019-08-02,1457,1280001,17838562,14.1,14.1,13.85,13.9,-0.2,360
2019-08-05,1457,1076948,14888136,13.85,13.95,13.75,13.75,-0.15,261
2019-08-06,1457,965053,13123417,13.75,13.75,13.45,13.7,-0.05,299
2019-08-07,1457,617128,8475246,13.65,13.85,13.65,13.75,0.05,155
2019-08-08,1457,312321,4290960,13.75,13.8,13.7,13.75,0.0,120
2019-08-12,1457,421645,5768684,13.8,13.8,13.6,13.7,-0.05,178
2019-08-13,1457,787681,10896744,13.8,13.9,13.8,13.8,0.1,300
2019-08-14,1457,919379,12760466,13.85,13.95,13.8,13.9,0.1,242
2019-08-15,1457,1147715,16021660,13.9,14.05,13.75,14.05,0.15,440
2019-08-16,1457,1875588,26552597,14.1,14.25,14.0,14.25,0.2,622
2019-08-19,1457,1919221,27310252,14.25,14.3,14.1,14.15,-0.1,626
2019-08-20,1457,853447,12058828,14.15,14.25,14.0,14.0,-0.15,306
2019-08-21,1457,708404,9965406,14.0,14.2,14.0,14.05,0.05,313
2019-08-22,1457,818497,11489879,14.15,14.15,13.95,14.05,0.0,329
2019-08-23,1457,339886,4789245,14.05,14.15,14.05,14.05,0.0,141
2019-08-26,1457,1077069,15030816,13.95,14.0,13.9,14.0,-0.05,274
2019-08-27,1457,718200,9807388,13.6,13.7,13.6,13.7,0.0,255
2019-08-28,1457,302002,4114476,13.7,13.7,13.55,13.7,0.0,148
2019-08-29,1457,310013,4221322,13.65,13.7,13.5,13.65,-0.05,109
2019-08-30,1457,653262,8935023,13.7,13.75,13.6,13.65,0.0,179
2019-09-02,1457,558028,7645077,13.75,13.75,13.65,13.7,0.05,189
2019-09-03,1457,896298,12388792,13.75,13.9,13.75,13.75,0.05,301
2019-09-04,1457,255600,3522967,13.85,13.85,13.75,13.75,0.0,142
2019-09-05,1457,395452,5479456,13.75,13.95,13.75,13.85,0.1,152
2019-09-06,1457,284859,3946693,13.9,13.9,13.85,13.85,0.0,97
2019-09-09,1457,500501,6929636,13.9,13.9,13.8,13.85,0.0,128
2019-09-10,1457,725365,10030999,13.9,13.9,13.75,13.85,0.0,180
2019-09-11,1457,519061,7194042,13.8,13.9,13.8,13.9,0.05,201
2019-09-12,1457,625141,8702055,13.9,13.95,13.85,13.9,0.0,214
2019-09-16,1457,328420,4583334,13.9,14.05,13.85,13.95,0.05,148
2019-09-17,1457,103796,1446902,13.95,14.0,13.9,13.95,0.0,74
2019-09-18,1457,967949,13589336,13.95,14.1,13.95,14.1,0.15,328
2019-09-19,1457,351018,4941651,14.1,14.15,14.0,14.15,0.05,164
2019-09-20,1457,618144,8688466,14.1,14.15,13.95,14.05,-0.1,254
2019-09-23,1457,373723,5240772,14.05,14.1,13.95,14.0,-0.05,158
2019-09-24,1457,376266,5270524,14.05,14.05,13.95,13.95,-0.05,180
2019-09-25,1457,727237,10176352,13.95,14.05,13.9,13.95,0.0,247
2019-09-26,1457,578350,8089404,14.0,14.05,13.9,14.0,0.05,178
2019-09-27,1457,921235,12807221,14.0,14.05,13.85,13.95,-0.05,215
2019-10-01,1457,173339,2417776,13.95,14.0,13.9,13.95,0.0,84
2019-10-02,1457,228951,3177466,13.95,13.95,13.85,13.85,-0.1,100
2019-10-03,1457,712569,9954316,13.85,14.05,13.8,14.0,0.15,214
2019-10-04,1457,195217,2720366,14.0,14.0,13.85,14.0,0.0,105
2019-10-07,1457,289315,4023159,14.0,14.0,13.85,13.85,-0.15,136
2019-10-08,1457,231750,3207135,13.85,13.9,13.8,13.85,0.0,141
2019-10-09,1457,256143,3552340,13.8,13.95,13.8,13.95,0.1,119
2019-10-14,1457,484122,6764049,14.05,14.05,13.9,13.95,0.0,131
2019-10-15,1457,324675,4520811,13.95,13.95,13.85,13.95,0.0,129
2019-10-16,1457,471577,6583395,13.95,14.0,13.9,14.0,0.05,161
2019-10-17,1457,346331,4848847,14.05,14.05,13.95,14.0,0.0,125
2019-10-18,1457,359597,5024423,14.0,14.0,13.9,14.0,0.0,133
2019-10-21,1457,1813151,25674490,13.95,14.3,13.95,14.25,0.25,509
2019-10-22,1457,783342,11180484,14.35,14.35,14.15,14.25,0.0,283
2019-10-23,1457,426676,6062829,14.25,14.3,14.1,14.25,0.0,165
2019-10-24,1457,297546,4232344,14.25,14.3,14.15,14.2,-0.05,93
2019-10-25,1457,440121,6198850,14.15,14.15,14.05,14.1,-0.1,160
2019-10-28,1457,683972,9711753,14.2,14.25,14.1,14.2,0.1,184
2019-10-29,1457,416067,5886188,14.2,14.2,14.1,14.1,-0.1,134
2019-10-30,1457,527540,7485217,14.2,14.25,14.1,14.25,0.15,179
2019-10-31,1457,0,0,0.0,0.0,0.0,0.0,0.0,0
2019-11-01,1457,6822370,100059099,14.8,15.25,14.35,14.4,0.0,2281
2019-11-04,1457,1352896,19516953,14.3,14.55,14.25,14.5,0.1,463
2019-11-05,1457,669253,9682324,14.65,14.65,14.4,14.4,-0.1,254
2019-11-06,1457,681297,9796558,14.5,14.5,14.3,14.4,0.0,251
2019-11-07,1457,660748,9450257,14.25,14.35,14.25,14.3,-0.1,202
2019-11-08,1457,1013889,14418921,14.2,14.35,14.15,14.25,-0.05,270
2019-11-11,1457,472741,6663524,14.2,14.25,14.05,14.05,-0.2,201
2019-11-12,1457,289871,4083094,14.05,14.15,14.05,14.1,0.05,103
2019-11-13,1457,226011,3180651,14.1,14.1,14.0,14.1,0.0,138
2019-11-14,1457,702392,9822312,14.05,14.05,13.9,13.95,-0.15,327
2019-11-15,1457,222100,3101036,13.95,14.0,13.9,13.9,-0.05,117
2019-11-18,1457,288550,4018914,13.9,13.95,13.9,13.95,0.05,131
2019-11-19,1457,339600,4748487,13.9,14.1,13.9,13.95,0.0,150
2019-11-20,1457,180700,2533100,14.1,14.1,13.95,14.0,0.05,132
2019-11-21,1457,237375,3314390,14.0,14.0,13.9,14.0,0.0,110
2019-11-22,1457,151999,2124986,14.0,14.0,13.95,14.0,0.0,71
2019-11-25,1457,289181,4047822,13.95,14.05,13.95,14.05,0.05,82
2019-11-26,1457,382204,5352542,14.05,14.1,13.95,13.95,-0.1,134
2019-11-27,1457,299426,4189664,13.95,14.05,13.95,14.05,0.1,127
2019-11-28,1457,161634,2262062,14.0,14.05,13.95,14.0,-0.05,86
2019-11-29,1457,388621,5421279,14.0,14.0,13.9,13.9,-0.1,176
2019-12-02,1457,212000,2948246,14.05,14.05,13.9,13.9,0.0,111
2019-12-03,1457,289906,4045937,13.9,14.0,13.9,14.0,0.1,85
2019-12-04,1457,231301,3229432,14.0,14.0,13.9,14.0,0.0,91
2019-12-05,1457,238848,3342885,14.05,14.05,13.95,14.0,0.0,101
2019-12-06,1457,308940,4325612,14.0,14.05,13.95,14.0,0.0,122
2019-12-09,1457,314001,4388712,14.0,14.0,13.95,13.95,-0.05,81
2019-12-10,1457,222000,3101046,13.9,14.05,13.9,14.05,0.1,100
2019-12-11,1457,296392,4159388,14.0,14.1,13.95,14.1,0.05,104
2019-12-12,1457,306843,4310314,14.1,14.1,13.95,14.0,-0.1,109
2019-12-13,1457,224795,3145292,14.0,14.05,13.95,14.0,0.0,98
2019-12-16,1457,596510,8400985,14.0,14.2,13.95,14.2,0.2,216
2019-12-17,1457,404511,5741330,14.25,14.25,14.15,14.25,0.05,169
2019-12-18,1457,401497,5702602,14.2,14.25,14.15,14.25,0.0,146
2019-12-19,1457,378495,5358448,14.2,14.2,14.1,14.15,-0.1,122
2019-12-20,1457,276007,3913498,14.15,14.2,14.1,14.2,0.05,98
2019-12-23,1457,589482,8370545,14.25,14.25,14.15,14.2,0.0,116
2019-12-24,1457,643917,9185218,14.2,14.35,14.2,14.3,0.1,233
2019-12-25,1457,840280,12076150,14.3,14.45,14.3,14.4,0.1,255
2019-12-26,1457,525811,7567793,14.45,14.45,14.3,14.4,0.0,148
2019-12-27,1457,390207,5616955,14.35,14.45,14.35,14.4,0.0,120
2019-12-30,1457,801749,11537407,14.4,14.45,14.3,14.35,-0.05,142
2019-12-31,1457,329102,4720010,14.35,14.4,14.3,14.35,0.0,85
2020-01-02,1457,418782,6036490,14.4,14.45,14.35,14.35,0.0,199
2020-01-03,1457,285669,4109564,14.45,14.45,14.3,14.4,0.05,135
2020-01-06,1457,276183,3946395,14.35,14.35,14.25,14.3,-0.1,122
2020-01-07,1457,293789,4183241,14.35,14.35,14.2,14.25,-0.05,147
2020-01-08,1457,572344,8052747,14.05,14.15,14.0,14.1,-0.15,193
2020-01-09,1457,288380,4083537,14.1,14.25,14.1,14.1,0.0,135
2020-01-10,1457,188874,2669068,14.1,14.2,14.05,14.1,0.0,126
2020-01-13,1457,196040,2775910,14.05,14.25,14.05,14.2,0.1,93
2020-01-14,1457,244704,3476906,14.2,14.3,14.15,14.15,-0.05,111
2020-01-15,1457,420077,5953889,14.15,14.25,14.1,14.25,0.1,132
2020-01-16,1457,303901,4337694,14.25,14.35,14.2,14.3,0.05,124
2020-01-17,1457,293796,4192850,14.3,14.35,14.2,14.3,0.0,122
2020-01-20,1457,424803,6080141,14.3,14.4,14.25,14.3,0.0,151
2020-01-30,1457,1153640,15869582,13.9,13.9,13.6,13.6,-0.7,418
2020-01-31,1457,418284,5720474,13.6,13.8,13.6,13.65,0.05,187
2020-02-03,1457,1349453,18031424,13.6,13.8,13.2,13.75,0.1,402
2020-02-04,1457,836416,11650735,13.85,14.05,13.65,13.9,0.15,322
2020-02-05,1457,394196,5483363,13.9,14.0,13.85,13.9,0.0,172
2020-02-06,1457,544378,7605192,14.0,14.05,13.85,14.0,0.1,135
2020-02-07,1457,523004,7236552,14.0,14.0,13.75,13.9,-0.1,197
2020-02-10,1457,589219,8060895,13.7,13.75,13.65,13.7,-0.2,212
2020-02-11,1457,281456,3855388,13.7,13.8,13.65,13.65,-0.05,107
2020-02-12,1457,238354,3260193,13.7,13.7,13.65,13.7,0.05,118
2020-02-13,1457,479667,6597608,13.7,13.85,13.65,13.75,0.05,131
2020-02-14,1457,159119,2193227,13.8,13.85,13.7,13.75,0.0,78
2020-02-17,1457,176700,2422942,13.7,13.75,13.7,13.75,0.0,109
2020-02-18,1457,130252,1783961,13.7,13.75,13.65,13.7,-0.05,67
2020-02-19,1457,188246,2592972,13.7,13.8,13.7,13.75,0.05,124
2020-02-20,1457,335090,4607327,13.8,13.8,13.7,13.75,0.0,100
2020-02-21,1457,246142,3384387,13.75,13.8,13.7,13.8,0.05,105
2020-02-24,1457,264084,3620196,13.8,13.8,13.65,13.75,-0.05,122
2020-02-25,1457,221004,3018702,13.65,13.75,13.6,13.75,0.0,102
2020-02-26,1457,212113,2895195,13.65,13.65,13.6,13.65,-0.1,81
2020-02-27,1457,678735,9179344,13.65,13.65,13.4,13.4,-0.25,242
2020-03-02,1457,968071,13030304,13.2,13.65,13.2,13.6,0.2,333
2020-03-03,1457,400814,5490049,13.7,13.75,13.65,13.65,0.05,137
2020-03-04,1457,300020,4086813,13.55,13.65,13.55,13.65,0.0,123
2020-03-05,1457,243108,3336859,13.65,13.8,13.65,13.75,0.1,115
2020-03-06,1457,241693,3313066,13.75,13.75,13.65,13.7,-0.05,98
2020-03-09,1457,1067755,14270308,13.65,13.65,13.25,13.25,-0.45,390
2020-03-10,1457,870804,11332019,12.95,13.15,12.95,13.15,-0.1,297
2020-03-11,1457,309549,4075137,13.3,13.35,13.05,13.05,-0.1,149
2020-03-12,1457,881267,11077885,13.0,13.0,12.35,12.45,-0.6,342
2020-03-13,1457,1411474,16042048,11.4,11.6,11.25,11.5,-0.95,447
2020-03-16,1457,1088113,11920198,11.55,11.6,10.4,10.7,-0.8,413
2020-03-17,1457,1090918,11190665,10.1,10.5,10.1,10.1,-0.6,320
2020-03-18,1457,622000,6325650,10.1,10.3,10.1,10.1,0.0,254
2020-03-19,1457,1367697,12891829,9.6,9.66,9.32,9.32,-0.78,484
2020-03-20,1457,720032,7286987,9.53,10.25,9.53,10.2,0.88,275
2020-03-23,1457,372200,3769508,9.68,10.25,9.68,10.25,0.05,153
2020-03-24,1457,662678,6994548,10.25,10.8,10.25,10.8,0.55,220
2020-03-25,1457,604514,6670603,10.85,11.25,10.85,10.9,0.1,252
2020-03-26,1457,487700,5384670,10.85,11.3,10.85,11.25,0.35,185
2020-03-27,1457,637763,7156129,11.35,11.45,11.15,11.15,-0.1,184
2020-03-30,1457,482011,5234220,11.15,11.15,10.7,11.05,-0.1,195
2020-03-31,1457,335628,3749658,11.2,11.3,11.05,11.1,0.05,165
2020-04-01,1457,664669,7347356,11.15,11.15,10.95,11.05,-0.05,214
2020-04-06,1457,606915,6804131,11.2,11.35,11.1,11.25,0.2,199
2020-04-07,1457,636174,7232144,11.35,11.45,11.3,11.4,0.15,196
2020-04-08,1457,943314,11013198,11.5,11.8,11.45,11.8,0.4,383
2020-04-09,1457,541999,6168636,11.4,11.5,11.3,11.3,0.0,254
2020-04-10,1457,721052,8297574,11.35,11.6,11.35,11.55,0.25,222
2020-04-13,1457,345984,3974511,11.55,11.55,11.4,11.5,-0.05,148
2020-04-14,1457,606694,6979851,11.55,11.65,11.45,11.65,0.15,178
2020-04-15,1457,571874,6625882,11.65,11.65,11.5,11.6,-0.05,194
2020-04-16,1457,317869,3674976,11.55,11.65,11.5,11.65,0.05,115
2020-04-17,1457,435615,5070047,11.65,11.75,11.55,11.55,-0.1,178
2020-04-20,1457,247656,2865592,11.55,11.65,11.5,11.55,0.0,100
2020-04-21,1457,661010,7458959,11.5,11.5,11.1,11.15,-0.4,259
2020-04-22,1457,216878,2418126,11.05,11.3,11.0,11.25,0.1,92
2020-04-23,1457,212810,2403918,11.35,11.4,11.25,11.3,0.05,115
2020-04-24,1457,205718,2329874,11.3,11.4,11.25,11.35,0.05,96
2020-04-27,1457,516759,5942462,11.35,11.65,11.35,11.5,0.15,200
2020-04-28,1457,415902,4787264,11.6,11.65,11.45,11.45,-0.05,150
2020-04-29,1457,600814,6966339,11.5,11.65,11.5,11.65,0.2,221
2020-04-30,1457,743716,8693687,11.7,11.8,11.6,11.75,0.1,297
2020-05-04,1457,519311,5982825,11.6,11.6,11.45,11.5,-0.25,189
2020-05-05,1457,268090,3099985,11.55,11.6,11.5,11.55,0.05,105
2020-05-06,1457,471750,5486178,11.65,11.7,11.55,11.7,0.15,164
2020-05-07,1457,980371,11390899,11.75,11.75,11.4,11.7,0.0,333
2020-05-08,1457,3008950,36901598,11.7,12.8,11.7,11.9,0.2,1026
2020-05-11,1457,741781,8941856,11.8,12.2,11.8,12.15,0.25,283
2020-05-12,1457,615666,7469842,12.1,12.25,12.05,12.1,-0.05,176
2020-05-13,1457,647687,7936477,12.15,12.35,12.15,12.3,0.2,229
2020-05-14,1457,697549,8548595,12.3,12.4,12.2,12.2,-0.1,217
2020-05-15,1457,1428140,17166613,12.05,12.15,11.95,12.1,-0.1,384
2020-05-18,1457,230167,2781854,12.1,12.2,12.05,12.1,0.0,91
2020-05-19,1457,346809,4196208,12.15,12.15,12.05,12.05,-0.05,120
2020-05-20,1457,361200,4324458,12.1,12.1,11.85,11.9,-0.15,133
2020-05-21,1457,325517,3906904,11.95,12.05,11.95,12.0,0.1,89
2020-05-22,1457,221587,2638279,11.95,12.0,11.85,11.95,-0.05,125
2020-05-25,1457,457700,5425406,12.0,12.0,11.75,11.85,-0.1,101
2020-05-26,1457,224819,2682228,11.85,12.0,11.85,11.95,0.1,110
2020-05-27,1457,219316,2622057,11.95,12.0,11.9,11.95,0.0,110
2020-05-28,1457,419513,5067350,12.0,12.2,11.95,11.95,0.0,188
2020-05-29,1457,168871,2020463,11.95,12.0,11.9,11.95,0.0,52
2020-06-01,1457,235414,2833968,12.15,12.15,12.0,12.05,0.1,102
2020-06-02,1457,393905,4725884,12.05,12.1,11.95,12.0,-0.05,126
2020-06-03,1457,316727,3823158,12.05,12.15,12.0,12.1,0.1,131
2020-06-04,1457,2057405,25449566,12.2,12.5,12.2,12.5,0.4,663
2020-06-05,1457,707099,8882422,12.6,12.65,12.45,12.55,0.05,324
2020-06-08,1457,515453,6472310,12.55,12.6,12.5,12.6,0.05,182
2020-06-09,1457,537778,6739231,12.6,12.6,12.45,12.55,-0.05,180
2020-06-10,1457,446386,5582784,12.6,12.6,12.45,12.5,-0.05,132
2020-06-11,1457,470973,5795769,12.5,12.5,12.15,12.15,-0.35,202
2020-06-12,1457,372304,4468777,12.0,12.1,11.9,12.1,-0.05,127
2020-06-15,1457,332955,4003660,12.1,12.1,11.95,12.05,-0.05,120
2020-06-16,1457,379642,4592478,12.0,12.25,12.0,12.25,0.2,142
2020-06-17,1457,1591059,19957585,12.3,12.7,12.3,12.7,0.45,547
2020-06-18,1457,3956960,51829386,12.9,13.35,12.8,12.9,0.2,1615
2020-06-19,1457,761378,9745478,12.85,13.0,12.7,12.8,-0.1,366
2020-06-22,1457,2247462,29678984,12.8,13.45,12.8,13.0,0.2,865
2020-06-23,1457,1048799,13730052,13.2,13.3,12.9,12.9,-0.1,418
2020-06-24,1457,596014,7694477,12.9,13.1,12.85,12.9,0.0,216
2020-06-29,1457,390236,4969847,12.65,12.85,12.65,12.75,-0.15,187
2020-06-30,1457,496640,6347537,12.8,12.95,12.65,12.9,0.15,198
2020-07-01,1457,543748,6996070,12.9,12.95,12.75,12.95,0.05,162
2020-07-02,1457,388324,5019747,12.85,13.0,12.85,12.9,-0.05,153
2020-07-03,1457,425465,5510150,12.9,13.05,12.85,12.9,0.0,123
2020-07-06,1457,652668,8472947,13.05,13.1,12.9,13.0,0.1,242
2020-07-07,1457,463589,6024346,13.05,13.05,12.9,13.0,0.0,185
2020-07-08,1457,464100,6068036,13.1,13.15,13.05,13.1,0.1,216
2020-07-09,1457,680406,8944653,13.1,13.25,13.05,13.1,0.0,214
2020-07-10,1457,490105,6356740,13.1,13.1,12.9,12.9,-0.2,196
2020-07-13,1457,338816,4409058,12.95,13.1,12.95,13.05,0.15,137
2020-07-14,1457,448590,5872220,13.05,13.15,13.05,13.1,0.05,151
2020-07-15,1457,341075,4456963,13.15,13.2,13.0,13.0,-0.1,142
2020-07-16,1457,221622,2886966,13.1,13.1,13.0,13.0,0.0,109
2020-07-17,1457,498344,6475566,13.05,13.1,12.9,12.9,-0.1,156
2020-07-20,1457,371606,4781132,12.9,12.95,12.8,12.85,-0.05,112
2020-07-21,1457,391766,5073549,13.0,13.0,12.9,12.9,0.05,146
2020-07-22,1457,272878,3540270,12.9,13.05,12.9,12.95,0.05,110
2020-07-23,1457,469273,6107599,12.95,13.1,12.9,13.1,0.15,136
2020-07-24,1457,710149,9244309,13.05,13.1,12.85,13.0,-0.1,215
2020-07-27,1457,482822,6231608,12.95,13.0,12.85,12.95,-0.05,149
2020-07-28,1457,389280,5014898,12.9,12.9,12.85,12.9,-0.05,128
2020-07-29,1457,492998,6431074,12.9,13.15,12.9,13.1,0.2,157
2020-07-30,1457,638137,8373981,13.1,13.2,13.05,13.1,0.0,188
2020-07-31,1457,1043123,13799815,13.15,13.4,13.1,13.2,0.1,255
2020-08-03,1457,672500,8783116,13.25,13.25,12.95,13.05,-0.15,186
2020-08-04,1457,264642,3447609,13.05,13.1,12.95,12.95,-0.1,96
2020-08-05,1457,353654,4586031,12.95,13.05,12.9,13.0,0.05,93
2020-08-06,1457,375693,4849587,12.95,13.0,12.85,12.95,-0.05,142
2020-08-07,1457,188370,2435068,13.0,13.0,12.9,13.0,0.05,77
2020-08-10,1457,471271,6141353,13.0,13.1,12.95,13.0,0.0,150
2020-08-11,1457,592900,7730351,13.0,13.15,13.0,13.05,0.05,143
2020-08-12,1457,584797,7638361,13.15,13.15,13.0,13.1,0.05,166
2020-08-13,1457,399023,5227198,13.15,13.15,13.05,13.15,0.05,163
2020-08-14,1457,3526617,47851807,13.45,13.75,13.35,13.6,0.45,1047
2020-08-17,1457,3708664,52218808,13.8,14.2,13.8,14.05,0.45,1353
2020-08-18,1457,1418359,19866190,14.05,14.1,13.9,14.05,0.0,588
2020-08-19,1457,3699630,52829541,14.05,14.5,14.0,14.4,0.35,1207
2020-08-20,1457,2750212,38222772,14.3,14.3,13.6,13.8,-0.6,930
2020-08-21,1457,863762,12058835,14.0,14.05,13.85,13.9,0.1,342
2020-08-24,1457,1998507,27634141,13.9,13.95,13.75,13.85,-0.05,492
2020-08-25,1457,1615851,22569615,13.9,14.05,13.9,14.0,0.15,467
2020-08-26,1457,1227010,16697334,13.6,13.7,13.5,13.65,0.0,388
2020-08-27,1457,708197,9600506,13.7,13.7,13.5,13.5,-0.15,238
2020-08-28,1457,531035,7199269,13.6,13.6,13.45,13.6,0.1,159
2020-08-31,1457,600660,8169058,13.65,13.7,13.55,13.55,-0.05,204
2020-09-01,1457,451057,6139317,13.55,13.7,13.55,13.6,0.05,153
2020-09-02,1457,474100,6431054,13.65,13.65,13.55,13.55,-0.05,131
2020-09-03,1457,609127,8275111,13.6,13.65,13.5,13.6,0.05,182
2020-09-04,1457,699192,9456340,13.4,13.6,13.4,13.55,-0.05,166
2020-09-07,1457,1852650,25467904,13.55,13.9,13.55,13.8,0.25,494
2020-09-08,1457,772769,10637078,13.8,13.9,13.7,13.7,-0.1,276
2020-09-09,1457,800402,10877946,13.6,13.75,13.5,13.65,-0.05,236
2020-09-10,1457,665650,9132218,13.65,13.85,13.65,13.65,0.0,221
2020-09-11,1457,340128,4630881,13.6,13.7,13.55,13.55,-0.1,144
2020-09-14,1457,426540,5783941,13.7,13.7,13.5,13.6,0.05,131
2020-09-15,1457,388354,5275476,13.55,13.6,13.55,13.6,0.0,121
2020-09-16,1457,424820,5774851,13.55,13.65,13.55,13.65,0.05,146
2020-09-17,1457,315452,4307217,13.6,13.75,13.55,13.7,0.05,134
2020-09-18,1457,2186260,30339939,13.75,14.0,13.65,14.0,0.3,657
2020-09-21,1457,8742300,125248266,14.2,14.6,14.1,14.3,0.3,2660
2020-09-22,1457,1325822,18431277,14.15,14.15,13.75,13.85,-0.45,538
2020-09-23,1457,1093322,14945772,13.9,13.9,13.55,13.6,-0.25,375
2020-09-24,1457,962470,12978294,13.5,13.55,13.4,13.5,-0.1,256
2020-09-25,1457,1326429,17866069,13.65,13.7,13.2,13.45,-0.05,347
2020-09-28,1457,503735,6825371,13.5,13.65,13.5,13.65,0.2,126
2020-09-29,1457,460632,6262660,13.7,13.7,13.5,13.55,-0.1,105
2020-09-30,1457,370536,5012635,13.5,13.6,13.45,13.55,0.0,109
2020-10-05,1457,437016,5951068,13.5,13.75,13.5,13.7,0.15,126
2020-10-06,1457,345731,4735426,13.7,13.75,13.65,13.7,0.0,133
2020-10-07,1457,219322,2988877,13.7,13.7,13.55,13.7,0.0,105
2020-10-08,1457,350220,4768942,13.7,13.7,13.55,13.7,0.0,118
2020-10-12,1457,475528,6464550,13.7,13.7,13.5,13.65,-0.05,246
2020-10-13,1457,286960,3894805,13.65,13.65,13.5,13.65,0.0,165
2020-10-14,1457,192754,2636354,13.65,13.75,13.6,13.7,0.05,91
2020-10-15,1457,566496,7789768,13.7,13.8,13.7,13.75,0.05,167
2020-10-16,1457,1562139,21804612,13.75,14.1,13.75,13.9,0.15,493
2020-10-19,1457,518331,7195761,13.85,13.95,13.75,13.95,0.05,200
2020-10-20,1457,577378,8062756,13.95,14.0,13.95,14.0,0.05,143
2020-10-21,1457,443955,6192671,14.0,14.0,13.9,14.0,0.0,169
2020-10-22,1457,158720,2206268,14.0,14.0,13.8,13.95,-0.05,98
2020-10-23,1457,165966,2306276,13.95,13.95,13.85,13.95,0.0,81
2020-10-26,1457,1151548,16129840,13.95,14.1,13.95,14.05,0.1,237
2020-10-27,1457,156980,2192900,14.0,14.0,13.9,14.0,-0.05,111
2020-10-28,1457,1792448,25172420,14.0,14.15,13.9,14.05,0.05,260
2020-10-29,1457,324274,4509605,13.9,14.0,13.8,14.0,-0.05,136
2020-10-30,1457,388939,5397546,13.95,14.0,13.85,13.9,-0.1,156
2020-11-02,1457,236843,3284189,13.9,13.95,13.8,13.95,0.05,89
2020-11-03,1457,729796,10220249,13.95,14.1,13.9,14.05,0.1,175
2020-11-04,1457,179192,2503571,14.05,14.05,13.95,14.0,-0.05,66
2020-11-05,1457,259697,3619557,13.95,14.0,13.9,13.95,-0.05,94
2020-11-06,1457,347882,4862199,14.0,14.05,13.95,13.95,0.0,97
2020-11-09,1457,1438885,20295516,14.0,14.25,14.0,14.05,0.1,416
2020-11-10,1457,581102,8167834,14.05,14.15,14.0,14.1,0.05,210
2020-11-11,1457,431514,6079196,14.1,14.15,14.0,14.15,0.05,192
2020-11-12,1457,336333,4726588,14.15,14.15,14.0,14.0,-0.15,155
2020-11-13,1457,3297077,47225351,14.15,14.55,14.05,14.4,0.4,1056
2020-11-16,1457,2423468,34936466,14.45,14.6,14.2,14.25,-0.15,797
2020-11-17,1457,1732205,24538842,14.25,14.3,14.0,14.25,0.0,553
2020-11-18,1457,1753603,25341887,14.25,14.7,14.15,14.7,0.45,525
2020-11-19,1457,3009097,44515459,14.6,15.05,14.5,14.9,0.2,834
2020-11-20,1457,1162317,17230879,14.85,14.9,14.7,14.9,0.0,449
2020-11-23,1457,1386676,20721187,14.9,15.1,14.8,15.0,0.1,456
2020-11-24,1457,1177754,17604503,15.1,15.1,14.85,14.85,-0.15,450
2020-11-25,1457,993953,14741892,14.9,14.95,14.75,14.75,-0.1,364
2020-11-26,1457,612958,9052629,14.75,14.85,14.7,14.8,0.05,246
2020-11-27,1457,1093281,16155666,14.8,14.9,14.6,14.85,0.05,331
2020-11-30,1457,1578358,23714922,14.9,15.2,14.85,15.1,0.25,659
2020-12-01,1457,874062,13143396,15.2,15.25,14.95,15.0,-0.1,325
2020-12-02,1457,595428,8928551,15.0,15.05,14.95,15.0,0.0,259
2020-12-03,1457,688918,10275181,15.05,15.05,14.85,14.9,-0.1,286
2020-12-04,1457,824872,12269403,14.9,15.0,14.8,14.85,-0.05,318
2020-12-07,1457,698727,10332869,14.85,14.9,14.7,14.8,-0.05,279
2020-12-08,1457,357207,5281103,14.8,14.9,14.75,14.75,-0.05,180
2020-12-09,1457,789291,11583170,14.75,14.85,14.55,14.6,-0.15,306
2020-12-10,1457,1125219,16346830,14.5,14.6,14.45,14.55,-0.05,353
2020-12-11,1457,381322,5557784,14.55,14.7,14.5,14.55,0.0,214
2020-12-14,1457,399868,5852521,14.6,14.75,14.55,14.65,0.1,158
2020-12-15,1457,409094,5948381,14.7,14.7,14.45,14.45,-0.2,207
2020-12-16,1457,509048,7484782,14.6,14.8,14.6,14.75,0.3,226
2020-12-17,1457,144282,2118688,14.75,14.75,14.6,14.7,-0.05,89
2020-12-18,1457,328513,4802061,14.7,14.7,14.55,14.6,-0.1,115
2020-12-21,1457,1504052,22371867,14.65,15.1,14.55,14.95,0.35,516
2020-12-22,1457,1191470,17707113,14.9,15.05,14.65,14.65,-0.3,398
2020-12-23,1457,636695,9355993,14.6,14.8,14.6,14.75,0.1,182
2020-12-24,1457,19261886,307315434,14.95,16.2,14.95,16.2,1.45,5200
2020-12-25,1457,19659771,321926233,16.5,16.95,15.65,15.8,-0.4,6775
2020-12-28,1457,3771219,60256625,15.9,16.2,15.85,16.0,0.2,1360
2020-12-29,1457,4607306,73911246,16.05,16.35,15.85,16.05,0.05,1302
2020-12-30,1457,1784346,28593027,16.05,16.2,15.9,15.9,-0.15,626
2020-12-31,1457,11230028,186228344,16.1,17.0,16.05,16.5,0.6,3529
2021-01-04,1457,3316321,53632240,16.45,16.45,16.05,16.15,-0.35,1233
2021-01-05,1457,2111539,33955339,16.05,16.25,15.9,16.05,-0.1,732
2021-01-06,1457,4655707,72602110,16.15,16.3,15.15,15.35,-0.7,1490
2021-01-07,1457,1422487,22075769,15.5,15.7,15.4,15.45,0.1,463
2021-01-08,1457,1242919,18944323,15.5,15.5,15.05,15.3,-0.15,545
2021-01-11,1457,879007,13304534,15.35,15.4,15.05,15.1,-0.2,397
2021-01-12,1457,1844924,27422312,15.25,15.25,14.65,14.7,-0.4,708
2021-01-13,1457,798109,11870836,14.75,14.95,14.75,14.85,0.15,399
2021-01-14,1457,437386,6530463,14.9,15.0,14.85,14.9,0.05,245
2021-01-15,1457,1150395,16841659,14.9,14.9,14.5,14.55,-0.35,497
2021-01-18,1457,703270,10121918,14.55,14.55,14.25,14.4,-0.15,332
2021-01-19,1457,438544,6405562,14.4,14.75,14.4,14.55,0.15,240
2021-01-20,1457,2134430,30119258,14.55,14.55,13.95,14.05,-0.5,771
2021-01-21,1457,851020,12000565,14.15,14.25,14.0,14.0,-0.05,315
2021-01-22,1457,584543,8199979,14.05,14.1,14.0,14.1,0.1,260
2021-01-25,1457,569686,8129517,14.15,14.4,14.1,14.35,0.25,254
2021-01-26,1457,410441,5821358,14.4,14.4,14.1,14.15,-0.2,220
2021-01-27,1457,406454,5761532,14.3,14.3,14.1,14.2,0.05,176
2021-01-28,1457,711378,10047965,14.1,14.35,13.9,14.15,-0.05,239
2021-01-29,1457,445972,6316116,14.2,14.25,14.1,14.1,-0.05,182
2021-02-01,1457,340891,4780995,14.05,14.15,13.95,14.1,0.0,142
2021-02-02,1457,400016,5701553,14.2,14.35,14.15,14.25,0.15,210
2021-02-03,1457,312973,4471461,14.3,14.35,14.25,14.3,0.05,140
2021-02-04,1457,446375,6415209,14.35,14.45,14.3,14.4,0.1,211
2021-02-05,1457,1032820,15003403,14.5,14.65,14.4,14.6,0.2,337
2021-02-17,1457,632366,9275590,14.7,14.8,14.55,14.75,0.15,246
2021-02-18,1457,877419,13107479,14.75,15.05,14.75,14.95,0.2,321
2021-02-19,1457,470262,7005869,14.95,15.0,14.8,14.95,0.0,212
2021-02-22,1457,550781,8347591,15.0,15.2,15.0,15.2,0.25,317
2021-02-23,1457,752724,11519583,15.2,15.4,15.15,15.3,0.1,376
2021-02-24,1457,1064219,16376001,15.35,15.55,15.2,15.2,-0.1,412
2021-02-25,1457,1332170,20694488,15.35,15.7,15.35,15.6,0.4,532
2021-02-26,1457,1227413,19018318,15.55,15.65,15.4,15.45,-0.15,484
2021-03-02,1457,997808,15587701,15.8,15.8,15.5,15.55,0.1,376
2021-03-03,1457,641274,9994298,15.7,15.7,15.5,15.6,0.05,267
2021-03-04,1457,1137971,17845973,15.55,15.85,15.55,15.65,0.05,474
2021-03-05,1457,949354,14911087,15.6,15.8,15.6,15.75,0.1,380
2021-03-08,1457,1277440,20413271,15.8,16.1,15.8,15.95,0.2,590
2021-03-09,1457,3392046,54937397,16.05,16.45,15.95,16.0,0.05,1260
2021-03-10,1457,1528475,24600185,16.1,16.25,15.95,15.95,-0.05,475
2021-03-11,1457,1720375,27748149,15.9,16.25,15.9,16.25,0.3,587
2021-03-12,1457,3179020,51488192,16.3,16.35,16.0,16.3,0.05,955
2021-03-15,1457,3200549,52401793,16.35,16.45,16.3,16.4,0.1,961
2021-03-16,1457,2247373,37080528,16.4,16.6,16.35,16.6,0.2,844
2021-03-17,1457,1448734,24083901,16.65,16.7,16.55,16.55,-0.05,585
2021-03-18,1457,872986,14488953,16.6,16.7,16.55,16.6,0.05,408
2021-03-19,1457,1143048,18870988,16.6,16.65,16.4,16.55,-0.05,514
2021-03-22,1457,1251179,20606614,16.55,16.6,16.35,16.5,-0.05,411
2021-03-23,1457,1551191,25265288,16.55,16.6,16.1,16.25,-0.25,618
2021-03-24,1457,1042954,17048549,16.3,16.45,16.15,16.45,0.2,339
2021-03-25,1457,1059538,17458839,16.45,16.6,16.35,16.6,0.15,347
2021-03-26,1457,12649908,218577289,16.8,17.75,16.7,17.55,0.95,4560
2021-03-29,1457,6595807,116006243,17.8,17.85,17.4,17.45,-0.1,2785
2021-03-30,1457,2624696,45982997,17.95,17.95,17.35,17.4,-0.05,1099
2021-03-31,1457,2094272,36238923,17.5,17.5,17.2,17.25,-0.15,887
2021-04-01,1457,7692875,137022352,17.45,18.15,17.45,17.8,0.55,3437
2021-04-06,1457,4915891,88653946,18.15,18.45,17.8,17.85,0.05,2316
2021-04-07,1457,2675709,47667670,18.0,18.1,17.7,17.85,0.0,1216
2021-04-08,1457,4794863,87266572,18.0,18.45,17.85,18.4,0.55,1835
2021-04-09,1457,4762571,87446799,18.5,18.65,18.2,18.4,0.0,1666
2021-04-12,1457,5962776,113250974,18.5,19.4,18.5,19.4,1.0,2080
2021-04-13,1457,7463631,146197109,19.5,20.0,18.95,19.05,-0.35,2466
2021-04-14,1457,4896373,94114535,19.15,19.7,18.6,19.65,0.6,1666
2021-04-15,1457,3646096,71924029,19.65,19.9,19.45,19.85,0.2,1356
2021-04-16,1457,3711123,74302082,19.9,20.25,19.75,20.0,0.15,1350
2021-04-19,1457,5185480,107965650,20.15,21.2,20.15,21.05,1.05,2101
2021-04-20,1457,3847078,80389377,21.25,21.6,20.6,21.0,-0.05,1762
2021-04-21,1457,2579121,54687240,21.0,21.4,20.8,21.35,0.35,1169
2021-04-22,1457,6581991,144365998,21.6,22.8,21.0,21.5,0.15,2822
2021-04-23,1457,4586309,95335542,21.15,21.5,20.3,20.75,-0.75,2186
2021-04-26,1457,3414918,70803908,20.8,20.9,20.55,20.8,0.05,1280
2021-04-27,1457,4079274,85313883,20.9,21.15,20.65,21.0,0.2,1541
2021-04-28,1457,3549645,70246857,19.95,20.15,19.5,20.05,0.0,1552
2021-04-29,1457,2854325,56356953,20.0,20.25,19.45,19.5,-0.55,1236
2021-05-03,1457,3493512,68820026,19.5,20.1,19.2,19.6,0.1,1395
2021-05-04,1457,16360993,319859513,20.1,21.15,17.65,18.85,-0.75,5851
2021-05-05,1457,3235993,61603712,18.75,19.5,18.3,19.0,0.15,1368
2021-05-06,1457,2999083,56251355,19.05,19.45,18.35,18.5,-0.5,1329
2021-05-07,1457,2572987,47573605,18.7,18.9,18.2,18.5,0.0,849
2021-05-10,1457,11720483,230198161,18.75,20.1,18.75,19.4,0.9,3877
2021-05-11,1457,15698451,314320914,19.6,20.9,18.8,19.3,-0.1,5301
2021-05-12,1457,7671463,139510970,19.65,20.05,17.4,17.4,-1.9,3217
2021-05-13,1457,3883189,63783629,16.25,17.3,15.95,16.15,-1.25,1719
2021-05-14,1457,3689822,59733658,16.65,17.05,15.7,15.9,-0.25,1493
2021-05-17,1457,3749350,56115570,14.85,15.55,14.7,14.8,-1.1,1232
2021-05-18,1457,2268413,35721182,15.0,16.2,15.0,16.2,1.4,971
2021-05-19,1457,1826935,29600882,16.3,16.45,15.85,16.3,0.1,782
2021-05-20,1457,9745475,167236591,16.2,17.65,16.2,16.7,0.4,3544
2021-05-21,1457,11144188,195537410,17.2,18.2,16.6,17.7,1.0,4099
2021-05-24,1457,18084925,336615085,17.3,19.2,17.2,18.65,0.95,6519
2021-05-25,1457,12309452,229206807,18.8,19.45,17.8,18.45,-0.2,4409
2021-05-26,1457,6786697,125863590,18.3,19.25,17.9,18.4,-0.05,2374
2021-05-27,1457,3471944,62853481,18.4,18.5,17.9,18.05,-0.35,1319
2021-05-28,1457,2477894,44929346,18.3,18.4,18.0,18.0,-0.05,1014
2021-05-31,1457,1789873,32359079,18.25,18.25,17.95,18.05,0.05,758
2021-06-01,1457,1680618,30379797,18.25,18.25,17.9,18.05,0.0,789
2021-06-02,1457,2380914,43196935,18.15,18.3,17.9,18.25,0.2,927
2021-06-03,1457,25393848,497175591,18.7,20.05,18.6,20.05,1.8,8092
2021-06-04,1457,51457077,1092885038,20.8,22.0,20.6,21.1,1.05,18845
2021-06-07,1457,19050506,399593336,21.1,21.95,19.75,20.65,-0.45,8060
2021-06-08,1457,7226129,145429428,20.65,20.95,19.8,20.0,-0.65,3317
2021-06-09,1457,5792136,112686090,19.9,20.35,19.0,19.2,-0.8,2807
2021-06-10,1457,4688337,87929141,19.4,19.45,18.45,18.75,-0.45,2011
2021-06-11,1457,2114899,39770402,18.5,19.1,18.5,18.85,0.1,1053
2021-06-15,1457,2869184,53401300,18.9,19.0,18.5,18.55,-0.3,1350
2021-06-16,1457,2731069,49955839,18.55,18.55,18.1,18.2,-0.35,1267
2021-06-17,1457,1625053,29699547,18.05,18.5,18.0,18.35,0.15,786
2021-06-18,1457,1511926,27484355,18.35,18.4,18.1,18.1,-0.25,727
2021-06-21,1457,2810576,50068126,18.0,18.15,17.6,17.65,-0.45,1263
2021-06-22,1457,2326008,42249209,18.0,18.4,17.9,18.15,0.5,1033
2021-06-23,1457,1362285,24693279,18.4,18.4,18.0,18.15,0.0,674
2021-06-24,1457,1285438,23475794,18.1,18.45,18.05,18.3,0.15,567
2021-06-25,1457,1449296,26409105,18.45,18.5,18.1,18.2,-0.1,685
2021-06-28,1457,1878163,33947300,18.4,18.4,17.9,18.25,0.05,795
2021-06-29,1457,1575744,28603535,18.4,18.45,17.95,18.05,-0.2,748
2021-06-30,1457,8504290,161032892,18.05,19.7,18.0,19.6,1.55,3375
2021-07-01,1457,8191312,158201332,19.85,19.95,18.7,19.2,-0.4,3326
2021-07-02,1457,20127675,407388001,19.2,20.9,19.05,19.85,0.65,8275
2021-07-05,1457,3425805,66606642,20.0,20.1,19.2,19.35,-0.5,1736
2021-07-06,1457,2871072,54591359,19.45,19.45,18.8,19.0,-0.35,1391
2021-07-07,1457,1841815,34815298,19.1,19.2,18.8,18.8,-0.2,785
2021-07-08,1457,1549771,29630518,18.95,19.35,18.85,19.15,0.35,766
2021-07-09,1457,1217855,23044256,18.95,19.1,18.8,18.85,-0.3,605
2021-07-12,1457,1383766,25909223,19.05,19.1,18.55,18.65,-0.2,757
2021-07-13,1457,2332227,42649239,18.65,18.8,18.1,18.1,-0.55,1227
2021-07-14,1457,1599607,28995400,18.1,18.45,17.95,18.2,0.1,689
2021-07-15,1457,1408398,26193657,18.3,18.8,18.3,18.75,0.55,643
2021-07-16,1457,623005,11521959,18.75,18.75,18.3,18.5,-0.25,344
2021-07-19,1457,957786,17548486,18.3,18.45,18.2,18.35,-0.15,409
2021-07-20,1457,1329616,24012618,18.1,18.25,17.95,18.05,-0.3,637
2021-07-21,1457,1374671,24622732,18.4,18.4,17.7,17.8,-0.25,677
2021-07-22,1457,1972028,34970447,17.75,18.1,17.6,17.7,-0.1,1049
2021-07-23,1457,2350553,42960986,17.7,18.55,17.7,18.45,0.75,1079
2021-07-26,1457,1068745,19699781,18.9,18.9,18.2,18.3,-0.15,524
2021-07-27,1457,630574,11457987,18.5,18.5,18.05,18.05,-0.25,327
2021-07-28,1457,1116435,20082535,17.95,18.25,17.7,18.0,-0.05,603
2021-07-29,1457,707131,12841033,18.05,18.3,18.0,18.25,0.25,331
2021-07-30,1457,571389,10326515,18.15,18.2,18.0,18.0,-0.25,332
2021-08-02,1457,790688,14209755,18.0,18.15,17.8,18.05,0.05,422
2021-08-03,1457,430063,7743315,18.05,18.2,17.9,18.05,0.0,231
2021-08-04,1457,501694,9066799,18.15,18.15,17.95,18.15,0.1,278
2021-08-05,1457,376347,6791527,18.1,18.15,18.0,18.0,-0.15,228
2021-08-06,1457,769643,14007959,18.05,18.35,18.05,18.15,0.15,433
2021-08-09,1457,475990,8573586,18.15,18.15,17.9,17.95,-0.2,289
2021-08-10,1457,883026,15705543,18.0,18.0,17.7,17.75,-0.2,505
2021-08-11,1457,972961,17186708,17.7,17.85,17.5,17.6,-0.15,468
2021-08-12,1457,631760,11140728,17.55,17.8,17.5,17.7,0.1,254
2021-08-13,1457,538656,9468467,17.7,17.8,17.5,17.5,-0.2,317
2021-08-16,1457,1501561,25624369,17.5,17.55,16.7,16.9,-0.6,669
2021-08-17,1457,1035741,17350344,16.9,16.95,16.55,16.6,-0.3,635
2021-08-18,1457,1265342,20994031,16.5,17.15,16.2,16.9,0.3,677
2021-08-19,1457,658995,10925661,17.05,17.05,16.35,16.4,-0.5,439
2021-08-20,1457,663988,10922198,16.5,16.7,16.25,16.4,0.0,322
2021-08-23,1457,517727,8654989,16.6,16.85,16.5,16.75,0.35,286
2021-08-24,1457,619075,10329923,16.75,16.8,16.55,16.8,0.05,298
2021-08-25,1457,360078,6068711,16.8,16.95,16.7,16.85,0.05,235
2021-08-26,1457,232670,3908848,16.85,16.95,16.7,16.75,-0.1,167
2021-08-27,1457,471263,7929575,16.75,16.9,16.75,16.8,0.05,231
2021-08-30,1457,609451,10218270,16.9,16.9,16.7,16.7,-0.1,293
2021-08-31,1457,550694,9351690,16.8,17.15,16.75,17.1,0.4,419
2021-09-01,1457,400949,6894233,17.15,17.35,17.05,17.15,0.05,254
2021-09-02,1457,531849,9067886,17.2,17.25,16.85,16.9,-0.25,318
2021-09-03,1457,550732,9460988,17.0,17.3,16.95,17.2,0.3,330
2021-09-06,1457,332053,5644181,17.2,17.25,16.85,16.9,-0.3,231
2021-09-07,1457,356128,5990468,16.95,16.95,16.7,16.85,-0.05,189
2021-09-08,1457,406359,6776157,16.9,16.9,16.6,16.6,-0.25,260
2021-09-09,1457,304267,5112590,16.7,16.9,16.6,16.85,0.25,215
2021-09-10,1457,504543,8594200,16.85,17.25,16.85,16.95,0.1,258
2021-09-13,1457,927456,16141465,17.05,17.6,17.05,17.55,0.6,544
2021-09-14,1457,344393,5984410,17.5,17.55,17.3,17.35,-0.2,299
2021-09-15,1457,562920,9744655,17.3,17.45,17.2,17.4,0.05,315
2021-09-16,1457,402856,6973115,17.45,17.5,17.2,17.35,-0.05,315
2021-09-17,1457,408752,7047581,17.3,17.35,17.15,17.3,-0.05,209
2021-09-22,1457,445149,7480788,17.2,17.2,16.7,16.85,-0.45,298
2021-09-23,1457,298890,5044390,16.95,16.95,16.75,16.8,-0.05,193
2021-09-24,1457,362232,6163771,17.0,17.15,16.9,16.95,0.15,203
2021-09-27,1457,477383,8256471,17.0,17.4,17.0,17.35,0.4,272
2021-09-28,1457,590861,10302432,17.25,17.55,17.25,17.4,0.05,335
2021-09-29,1457,647226,11195533,17.25,17.45,17.1,17.2,-0.2,344
2021-09-30,1457,8405521,153606273,17.35,18.6,17.35,18.45,1.25,3394
2021-10-01,1457,2648695,46449770,18.0,18.0,17.15,17.2,-1.25,1201
2021-10-04,1457,1246977,21517797,17.6,17.6,17.0,17.05,-0.15,532
2021-10-05,1457,669910,11418185,17.1,17.4,16.75,17.15,0.1,316
2021-10-06,1457,845900,14756582,17.35,17.75,17.15,17.15,0.0,397
2021-10-07,1457,472955,8266289,17.5,17.6,17.35,17.45,0.3,263
2021-10-08,1457,530444,9258018,17.6,17.6,17.35,17.35,-0.1,271
2021-10-12,1457,754856,12889883,17.35,17.35,16.95,17.0,-0.35,392
2021-10-13,1457,288839,4908384,17.1,17.15,16.9,16.95,-0.05,169
2021-10-14,1457,303745,5151680,16.95,17.1,16.9,17.1,0.15,169
2021-10-15,1457,433767,7386213,17.0,17.2,16.95,17.0,-0.1,256
2021-10-18,1457,544886,9376028,17.0,17.35,17.0,17.35,0.35,267
2021-10-19,1457,347736,6006843,17.4,17.4,17.05,17.3,-0.05,194
2021-10-20,1457,201177,3482353,17.35,17.45,17.15,17.3,0.0,136
2021-10-21,1457,317116,5472356,17.3,17.4,17.1,17.2,-0.1,159
2021-10-22,1457,233795,4044670,17.2,17.45,17.2,17.2,0.0,136
2021-10-25,1457,428900,7376184,17.0,17.35,17.0,17.25,0.05,172
2021-10-26,1457,635180,11009652,17.25,17.4,17.2,17.35,0.1,184
2021-10-27,1457,339727,5868496,17.3,17.35,17.15,17.35,0.0,125
2021-10-28,1457,335367,5824095,17.5,17.5,17.3,17.35,0.0,108
2021-10-29,1457,408016,7044853,17.35,17.35,17.2,17.25,-0.1,164
2021-11-01,1457,667826,11684695,17.4,17.65,17.3,17.5,0.25,264
2021-11-02,1457,364213,6365644,17.5,17.6,17.35,17.5,0.0,166
2021-11-03,1457,610074,10790722,17.5,17.8,17.5,17.75,0.25,303
2021-11-04,1457,293538,5222370,17.85,17.9,17.6,17.65,-0.1,156
2021-11-05,1457,270154,4756493,17.6,17.65,17.55,17.65,0.0,157
2021-11-08,1457,998132,17911856,17.65,18.1,17.6,18.0,0.35,406
2021-11-09,1457,1271474,22948815,18.05,18.3,17.7,18.05,0.05,395
2021-11-10,1457,2313734,42497778,18.05,18.8,18.0,18.0,-0.05,1063
2021-11-11,1457,1212915,21829370,17.9,18.25,17.75,18.0,0.0,434
2021-11-12,1457,463939,8314213,18.1,18.1,17.8,18.0,0.0,247
2021-11-15,1457,889537,15652184,18.0,18.05,17.4,17.5,-0.5,513
2021-11-16,1457,422544,7407836,17.6,17.65,17.45,17.6,0.1,166
2021-11-17,1457,400592,7048315,17.65,17.7,17.5,17.7,0.1,165
2021-11-18,1457,433613,7660710,17.65,17.8,17.55,17.75,0.05,179
2021-11-19,1457,443874,7899080,17.75,17.9,17.7,17.85,0.1,201
2021-11-22,1457,479655,8556879,17.8,17.95,17.7,17.95,0.1,191
2021-11-23,1457,462323,8317595,17.85,18.1,17.85,17.9,-0.05,233
2021-11-24,1457,149254,2673496,17.95,17.95,17.85,17.9,0.0,110
2021-11-25,1457,408058,7341764,17.95,18.05,17.85,18.05,0.15,219
2021-11-26,1457,375304,6696006,18.1,18.1,17.75,17.9,-0.15,216
2021-11-29,1457,425764,7524612,17.6,17.85,17.5,17.85,-0.05,190
2021-11-30,1457,339339,6093694,17.85,18.05,17.8,17.9,0.05,185
2021-12-01,1457,656810,11840476,17.85,18.15,17.8,18.0,0.1,295
2021-12-02,1457,333644,5974127,18.25,18.25,17.75,17.8,-0.2,162
2021-12-03,1457,449890,8087420,17.8,18.1,17.8,17.95,0.15,163
2021-12-06,1457,401896,7238489,18.05,18.05,17.95,18.05,0.1,190
2021-12-07,1457,506141,9178423,18.15,18.3,18.0,18.3,0.25,287
2021-12-08,1457,579829,10602987,18.3,18.45,18.1,18.3,0.0,325
2021-12-09,1457,1110887,20438060,18.3,18.5,18.25,18.35,0.05,480
2021-12-10,1457,301780,5504396,18.45,18.45,18.15,18.2,-0.15,195
2021-12-13,1457,610493,11175865,18.25,18.4,18.2,18.35,0.15,229
2021-12-14,1457,318647,5767901,18.35,18.35,17.95,18.05,-0.3,232
2021-12-15,1457,258586,4672962,18.0,18.2,17.95,18.15,0.1,162
2021-12-16,1457,280430,5102723,18.3,18.35,18.05,18.15,0.0,122
2021-12-17,1457,809889,14860003,18.0,18.5,18.0,18.3,0.15,388
2021-12-20,1457,315831,5757622,18.3,18.4,18.1,18.25,-0.05,146
2021-12-21,1457,241750,4404950,18.15,18.3,18.15,18.3,0.05,117
2021-12-22,1457,993180,18358977,18.3,18.55,18.3,18.55,0.25,536
2021-12-23,1457,677963,12608434,18.65,18.75,18.5,18.6,0.05,302
2021-12-24,1457,649996,12136322,18.65,18.75,18.6,18.6,0.0,325
2021-12-27,1457,6445541,126529456,19.35,20.45,19.0,19.0,0.4,2594
2021-12-28,1457,1195535,22698333,19.05,19.2,18.9,19.0,0.0,599
2021-12-29,1457,6266964,123751195,19.1,19.95,19.1,19.85,0.85,1964
2021-12-30,1457,2126519,41442076,19.5,19.85,19.35,19.55,-0.3,907
2022-01-03,1457,870955,16921259,19.5,19.6,19.35,19.4,-0.15,378
2022-01-04,1457,635406,12332705,19.4,19.55,19.3,19.45,0.05,258
2022-01-05,1457,902202,17683424,19.55,19.75,19.45,19.55,0.1,398
2022-01-06,1457,601102,11706215,19.5,19.55,19.4,19.45,-0.1,212
2022-01-07,1457,714589,13834515,19.45,19.55,19.25,19.3,-0.15,281
2022-01-10,1457,640748,12330865,19.25,19.45,19.15,19.15,-0.15,265
2022-01-11,1457,844644,16054607,19.15,19.2,18.8,19.0,-0.15,459
2022-01-12,1457,756430,14305272,19.0,19.1,18.75,18.95,-0.05,329
2022-01-13,1457,605617,11470194,19.05,19.1,18.9,18.9,-0.05,227
2022-01-14,1457,532090,9952673,18.85,18.9,18.65,18.65,-0.25,261
2022-01-17,1457,363231,6769904,18.65,18.7,18.55,18.65,0.0,182
2022-01-18,1457,395879,7411961,18.7,18.9,18.65,18.65,0.0,199
2022-01-19,1457,296472,5536465,18.65,18.8,18.55,18.6,-0.05,162
2022-01-20,1457,323983,6038028,18.55,18.75,18.55,18.65,0.05,119
2022-01-21,1457,556530,10325205,18.6,18.8,18.45,18.45,-0.2,263
2022-01-24,1457,955122,17284545,18.1,18.2,18.0,18.1,-0.35,332
2022-01-25,1457,910837,16290379,18.1,18.1,17.65,17.75,-0.35,423
2022-01-26,1457,482865,8661636,17.8,18.05,17.75,18.0,0.25,211
2022-02-07,1457,586437,10840483,18.05,18.75,18.05,18.65,0.65,282
2022-02-08,1457,451750,8510346,18.65,18.95,18.65,18.85,0.2,467
2022-02-09,1457,837484,15793550,18.85,18.95,18.7,18.95,0.1,567
2022-02-10,1457,473929,9025646,19.0,19.2,18.95,19.0,0.05,237
2022-02-11,1457,379345,7205319,18.9,19.05,18.9,19.0,0.0,408
2022-02-14,1457,334021,6286113,19.0,19.0,18.7,18.9,-0.1,407
2022-02-15,1457,355732,6766769,19.05,19.1,18.8,18.85,-0.05,313
2022-02-16,1457,331313,6316379,19.05,19.15,18.95,18.95,0.1,216
2022-02-17,1457,425939,8114431,18.95,19.15,18.95,18.95,0.0,182
2022-02-18,1457,312601,5956278,18.95,19.15,18.9,19.1,0.15,186
2022-02-21,1457,270954,5172927,19.0,19.15,19.0,19.1,0.0,166
2022-02-22,1457,464185,8751611,19.1,19.1,18.7,18.85,-0.25,616
2022-02-23,1457,397608,7557882,18.9,19.15,18.9,19.15,0.3,154
2022-02-24,1457,445168,8383244,19.1,19.15,18.6,18.6,-0.55,363
2022-02-25,1457,241398,4513676,18.6,18.9,18.6,18.7,0.1,710
2022-03-01,1457,3074597,59702989,18.85,19.65,18.65,19.4,0.7,1421
2022-03-02,1457,772544,15015114,19.55,19.55,19.35,19.4,0.0,516
2022-03-03,1457,466685,9072760,19.5,19.5,19.3,19.45,0.05,278
2022-03-04,1457,298848,5784481,19.45,19.45,19.3,19.4,-0.05,252
2022-03-07,1457,640956,12163424,19.25,19.3,18.85,19.0,-0.4,398
2022-03-08,1457,677511,12573959,18.5,18.85,18.4,18.5,-0.5,470
2022-03-09,1457,248045,4668641,18.55,18.9,18.55,18.85,0.35,171
2022-03-10,1457,314311,5980321,19.05,19.15,18.95,19.1,0.25,203
2022-03-11,1457,203873,3867970,19.1,19.1,18.9,18.95,-0.15,118
2022-03-14,1457,149522,2825249,19.0,19.0,18.75,18.95,0.0,93
2022-03-15,1457,206229,3865634,18.9,18.9,18.7,18.7,-0.25,153
2022-03-16,1457,170412,3194959,18.8,18.85,18.7,18.75,0.05,130
2022-03-17,1457,290629,5510531,19.0,19.05,18.85,19.0,0.25,175
2022-03-18,1457,561457,10744325,19.0,19.2,19.0,19.2,0.2,256
2022-03-21,1457,366932,7066952,19.25,19.35,19.2,19.25,0.05,183
2022-03-22,1457,278816,5373982,19.3,19.35,19.15,19.3,0.05,138
2022-03-23,1457,569292,11004927,19.4,19.45,19.2,19.3,0.0,200
2022-03-24,1457,3298812,60798570,18.45,18.7,18.2,18.55,-0.75,1455
2022-03-25,1457,487912,9000344,18.5,18.55,18.35,18.5,-0.05,289
2022-03-28,1457,1020599,18774247,18.45,18.5,18.3,18.5,0.0,406
2022-03-29,1457,667477,12296862,18.5,18.5,18.35,18.4,-0.1,240
2022-03-30,1457,503318,9246905,18.4,18.45,18.3,18.35,-0.05,265
2022-03-31,1457,697596,12814588,18.25,18.5,18.25,18.35,0.0,236
2022-04-01,1457,267664,4900672,18.25,18.35,18.25,18.3,-0.05,148
2022-04-06,1457,485715,8899116,18.25,18.4,18.25,18.35,0.05,158
2022-04-07,1457,481132,8860908,18.3,18.5,18.3,18.4,0.05,190
2022-04-08,1457,592770,10955230,18.4,18.65,18.35,18.45,0.05,204
2022-04-11,1457,367364,6786631,18.7,18.7,18.3,18.35,-0.1,184
2022-04-12,1457,359632,6606230,18.35,18.4,18.3,18.35,0.0,122
2022-04-13,1457,335602,6184962,18.5,18.5,18.4,18.45,0.1,181
2022-04-14,1457,252048,4661321,18.45,18.55,18.45,18.55,0.1,144
2022-04-15,1457,259837,4809497,18.55,18.55,18.45,18.5,-0.05,132
2022-04-18,1457,299204,5517049,18.55,18.55,18.35,18.35,-0.15,148
2022-04-19,1457,210086,3865083,18.4,18.45,18.35,18.4,0.05,130
2022-04-20,1457,241563,4444684,18.4,18.45,18.35,18.4,0.0,132
2022-04-21,1457,104486,1931244,18.5,18.55,18.4,18.4,0.0,86
2022-04-22,1457,202369,3727272,18.4,18.5,18.35,18.4,0.0,114
2022-04-25,1457,701193,12791895,18.35,18.35,18.15,18.2,-0.2,291
2022-04-26,1457,211848,3869682,18.3,18.35,18.2,18.3,0.1,97
2022-04-27,1457,446005,8043776,18.1,18.15,17.85,18.15,-0.15,199
2022-04-28,1457,154428,2793576,18.15,18.15,18.05,18.1,-0.05,104
2022-04-29,1457,238500,4335887,18.1,18.25,18.1,18.2,0.1,118
2022-05-03,1457,71686,1300485,18.2,18.2,18.1,18.2,0.0,63
2022-05-04,1457,103607,1894145,18.15,18.35,18.15,18.3,0.1,54
2022-05-05,1457,664371,12342634,18.45,18.7,18.4,18.65,0.35,237
2022-05-06,1457,359037,6665734,18.4,18.6,18.4,18.6,-0.05,133
2022-05-09,1457,535299,9846726,18.5,18.5,18.3,18.4,-0.2,189
2022-05-10,1457,352379,6425577,18.25,18.45,18.1,18.4,0.0,176
2022-05-11,1457,194310,3544796,18.2,18.4,18.15,18.4,0.0,109
2022-05-12,1457,871469,15741685,18.25,18.25,18.0,18.05,-0.35,328
2022-05-13,1457,501032,9126431,18.15,18.4,18.1,18.3,0.25,197
2022-05-16,1457,2170085,40338055,18.5,18.95,18.4,18.65,0.35,816
2022-05-17,1457,2002706,38002148,18.7,19.2,18.65,19.15,0.5,1193
2022-05-18,1457,1167631,22422597,19.25,19.3,19.1,19.2,0.05,517
2022-05-19,1457,486536,9206099,18.8,19.05,18.75,19.0,-0.2,365
2022-05-20,1457,538039,10241610,19.0,19.1,18.95,19.0,0.0,318
2022-05-23,1457,349062,6649292,19.0,19.2,18.9,18.95,-0.05,243
2022-05-24,1457,341163,6452285,19.05,19.05,18.8,18.8,-0.15,241
2022-05-25,1457,534069,10136488,18.9,19.1,18.8,18.95,0.15,209
2022-05-26,1457,440657,8412740,19.05,19.25,19.0,19.05,0.1,232
2022-05-27,1457,367134,7003855,19.15,19.2,18.85,19.05,0.0,171
2022-05-30,1457,533429,10224701,19.25,19.25,19.05,19.15,0.1,247
2022-05-31,1457,992830,19159158,19.15,19.4,19.15,19.3,0.15,350
2022-06-01,1457,915250,17800226,19.3,19.55,19.3,19.45,0.15,380
2022-06-02,1457,611025,11889572,19.5,19.55,19.4,19.55,0.1,243
2022-06-06,1457,702774,13722052,19.6,19.6,19.4,19.45,-0.1,289
2022-06-07,1457,551937,10785199,19.6,19.6,19.45,19.5,0.05,274
2022-06-08,1457,424084,8299310,19.65,19.65,19.5,19.6,0.1,241
2022-06-09,1457,2638022,52379514,19.65,20.1,19.55,19.8,0.2,904
2022-06-10,1457,742862,14725058,19.75,19.9,19.65,19.8,0.0,341
2022-06-13,1457,1083884,21079751,19.65,19.65,19.3,19.35,-0.45,481
2022-06-14,1457,808980,15547178,19.25,19.35,19.15,19.25,-0.1,541
2022-06-15,1457,661466,12755619,19.25,19.4,19.2,19.25,0.0,407
2022-06-16,1457,726825,13937575,19.45,19.5,18.9,18.95,-0.3,421
2022-06-17,1457,400444,7555284,18.8,19.1,18.7,18.95,0.0,282
2022-06-20,1457,771420,14305247,19.05,19.05,18.3,18.4,-0.55,484
2022-06-21,1457,484960,9004170,18.6,18.7,18.35,18.7,0.3,246
2022-06-22,1457,459143,8486465,18.7,18.75,18.35,18.4,-0.3,206
2022-06-23,1457,435497,8001578,18.55,18.65,18.25,18.3,-0.1,321
2022-06-24,1457,412499,7591797,18.35,18.6,18.3,18.45,0.15,199
2022-06-27,1457,396637,7352225,18.65,18.7,18.45,18.5,0.05,237
2022-06-28,1457,334316,6174957,18.55,18.55,18.4,18.55,0.05,153
2022-06-29,1457,256066,4701046,18.35,18.4,18.3,18.35,-0.2,169
2022-06-30,1457,805430,14662691,18.3,18.35,18.1,18.2,-0.15,280
2022-07-01,1457,1109468,19946955,18.2,18.2,17.8,17.8,-0.4,349
2022-07-04,1457,430242,7752020,17.9,18.2,17.9,18.05,0.25,173
2022-07-05,1457,326259,5917379,18.25,18.3,17.95,18.2,0.15,162
2022-07-06,1457,449714,8039802,18.2,18.2,17.7,17.7,-0.5,215
2022-07-07,1457,587800,10458637,17.8,18.0,17.55,17.75,0.05,217
2022-07-08,1457,947296,16867828,17.95,17.95,17.7,17.75,0.0,311
2022-07-11,1457,335712,5651914,16.75,16.9,16.75,16.8,0.0,201
2022-07-12,1457,845142,13997240,16.8,16.8,16.2,16.25,-0.55,292
2022-07-13,1457,286241,4687920,16.65,16.75,16.3,16.35,0.1,160
2022-07-14,1457,229838,3770226,16.35,16.5,16.2,16.4,0.05,120
2022-07-15,1457,170057,2787378,16.3,16.45,16.3,16.35,-0.05,105
2022-07-18,1457,125485,2059931,16.35,16.5,16.3,16.45,0.1,78
2022-07-19,1457,94318,1565419,16.5,16.7,16.45,16.65,0.2,70
2022-07-20,1457,279555,4703814,16.8,16.9,16.7,16.75,0.1,157
2022-07-21,1457,103698,1742967,16.75,16.9,16.75,16.9,0.15,69
2022-07-22,1457,190004,3225630,16.9,17.1,16.8,17.05,0.15,105
2022-07-25,1457,152708,2602534,16.95,17.15,16.9,17.1,0.05,79
2022-07-26,1457,409070,6918785,17.0,17.1,16.55,17.1,0.0,173
2022-07-27,1457,93644,1589515,17.05,17.1,16.9,17.0,-0.1,81
2022-07-28,1457,221760,3796589,17.25,17.25,17.0,17.05,0.05,138
2022-07-29,1457,118506,2019424,17.0,17.15,17.0,17.1,0.05,74
2022-08-01,1457,186768,3203352,17.1,17.2,17.0,17.2,0.1,136
2022-08-02,1457,235926,4019968,17.2,17.2,16.95,17.1,-0.1,178
2022-08-03,1457,230211,3931314,17.0,17.15,17.0,17.05,-0.05,134
2022-08-04,1457,350117,5912291,17.0,17.05,16.65,17.05,0.0,174
2022-08-05,1457,297026,5113247,17.0,17.35,17.0,17.15,0.1,163
2022-08-08,1457,118998,2033440,17.15,17.2,17.0,17.1,-0.05,78
2022-08-09,1457,234229,4043143,17.2,17.35,17.15,17.35,0.25,103
2022-08-10,1457,170271,2955190,17.15,17.45,17.15,17.45,0.1,110
2022-08-11,1457,539371,9469662,17.5,17.65,17.35,17.6,0.15,293
2022-08-12,1457,864754,15197531,17.7,17.9,17.4,17.6,0.0,709
2022-08-15,1457,477976,8432056,17.8,17.8,17.45,17.6,0.0,271
2022-08-16,1457,186694,3307128,17.6,17.8,17.6,17.75,0.15,105
2022-08-17,1457,181489,3220456,17.75,17.8,17.7,17.75,0.0,113
2022-08-18,1457,188550,3342968,17.75,17.8,17.7,17.75,0.0,82
2022-08-19,1457,408236,7282147,17.7,17.95,17.7,17.9,0.15,163
2022-08-22,1457,443708,7992885,17.75,18.15,17.75,18.1,0.2,210
2022-08-23,1457,357124,6448308,18.1,18.15,17.95,18.0,-0.1,169
2022-08-24,1457,304510,5511532,17.95,18.2,17.95,18.1,0.1,91
2022-08-25,1457,559567,10159654,18.1,18.2,18.0,18.2,0.1,130
2022-08-26,1457,440934,8097584,18.2,18.5,18.2,18.4,0.2,209
2022-08-29,1457,252500,4569090,18.0,18.2,18.0,18.1,-0.3,120
2022-08-30,1457,208024,3796046,18.0,18.4,18.0,18.35,0.25,98
2022-08-31,1457,131298,2405917,18.35,18.4,18.25,18.3,-0.05,126
2022-09-01,1457,306311,5536950,18.1,18.2,18.0,18.2,-0.1,260
2022-09-02,1457,145614,2628435,18.2,18.2,18.0,18.0,-0.2,88
2022-09-05,1457,208216,3750913,18.0,18.15,17.9,18.1,0.1,173
2022-09-06,1457,212410,3832771,18.1,18.1,17.95,18.1,0.0,113
2022-09-07,1457,235334,4213567,18.05,18.05,17.85,17.85,-0.25,211
2022-09-08,1457,143485,2582228,17.9,18.05,17.9,18.0,0.15,52
2022-09-12,1457,210680,3832350,18.05,18.25,18.05,18.15,0.15,94
2022-09-13,1457,294031,5382346,18.25,18.35,18.2,18.25,0.1,131
2022-09-14,1457,532987,9598455,17.95,18.2,17.9,18.2,-0.05,138
2022-09-15,1457,446501,8157695,18.25,18.4,18.1,18.25,0.05,134
2022-09-16,1457,293945,5340873,18.05,18.25,18.05,18.25,0.0,117
2022-09-19,1457,246155,4499045,18.25,18.35,18.2,18.25,0.0,148
2022-09-20,1457,165879,3037967,18.35,18.4,18.25,18.25,0.0,95
2022-09-21,1457,85531,1556613,18.35,18.35,18.15,18.15,-0.1,75
2022-09-22,1457,133635,2420536,18.15,18.2,18.05,18.15,0.0,66
2022-09-23,1457,119548,2167511,18.2,18.2,18.1,18.15,0.0,73
2022-09-26,1457,633722,11321989,18.15,18.15,17.75,17.8,-0.35,234
2022-09-27,1457,172010,3072129,17.8,17.95,17.7,17.95,0.15,93
2022-09-28,1457,329159,5827034,17.9,17.9,17.5,17.65,-0.3,160
2022-09-29,1457,222000,3955962,17.9,17.9,17.7,17.75,0.1,83
2022-09-30,1457,119192,2119434,17.75,17.9,17.65,17.9,0.15,76
2022-10-03,1457,112528,2003536,17.85,17.9,17.7,17.75,-0.15,68
2022-10-04,1457,207849,3721403,17.95,18.0,17.75,18.0,0.25,98
2022-10-05,1457,127370,2291122,17.95,18.1,17.9,18.0,0.0,103
2022-10-06,1457,119233,2136388,18.0,18.0,17.85,18.0,0.0,115
2022-10-07,1457,232563,4194797,17.85,18.1,17.85,18.05,0.05,104
2022-10-11,1457,383823,6896369,18.0,18.05,17.65,18.05,0.0,151
2022-10-12,1457,175207,3164136,18.05,18.15,18.0,18.0,-0.05,101
2022-10-13,1457,528700,9511649,18.05,18.15,17.85,17.95,-0.05,256
2022-10-14,1457,555462,10119330,18.05,18.35,18.05,18.2,0.25,229
2022-10-17,1457,212604,3848533,18.1,18.2,18.0,18.2,0.0,103
2022-10-18,1457,837507,15451696,18.3,18.6,18.2,18.5,0.3,302
2022-10-19,1457,742545,13861486,18.6,18.75,18.5,18.5,0.0,284
2022-10-20,1457,296254,5459959,18.5,18.5,18.35,18.5,0.0,186
2022-10-21,1457,213008,3901485,18.4,18.5,18.2,18.25,-0.25,105
2022-10-24,1457,244502,4456238,18.35,18.35,18.1,18.25,0.0,190
2022-10-25,1457,160377,2915251,18.35,18.35,18.05,18.25,0.0,118
2022-10-26,1457,126781,2309223,18.25,18.3,18.1,18.15,-0.1,78
2022-10-27,1457,133665,2443070,18.3,18.35,18.2,18.3,0.15,60
2022-10-28,1457,165398,3011830,18.3,18.35,18.1,18.2,-0.1,78
2022-10-31,1457,74080,1348408,18.3,18.3,18.1,18.2,0.0,59
2022-11-01,1457,106899,1946507,18.3,18.3,18.15,18.25,0.05,69
2022-11-02,1457,173894,3169750,18.25,18.3,18.15,18.3,0.05,101
2022-11-03,1457,170373,3105625,18.2,18.3,18.15,18.3,0.0,74
2022-11-04,1457,310160,5646766,18.3,18.3,18.15,18.25,-0.05,165
2022-11-07,1457,256797,4694417,18.3,18.35,18.25,18.35,0.1,111
2022-11-08,1457,458273,8456017,18.5,18.5,18.35,18.45,0.1,181
2022-11-09,1457,359642,6649483,18.55,18.55,18.3,18.55,0.1,125
2022-11-10,1457,145437,2688575,18.4,18.55,18.4,18.5,-0.05,89
2022-11-11,1457,383243,7091224,18.6,18.6,18.35,18.5,0.0,160
2022-11-14,1457,335943,6233311,18.55,18.65,18.5,18.65,0.15,147
2022-11-15,1457,313183,5844286,18.8,18.8,18.55,18.7,0.05,163
2022-11-16,1457,193343,3585268,18.6,18.65,18.5,18.5,-0.2,113
2022-11-17,1457,121896,2258620,18.5,18.55,18.45,18.55,0.05,86
2022-11-18,1457,205801,3823664,18.5,18.65,18.5,18.55,0.0,87
2022-11-21,1457,178668,3304932,18.55,18.55,18.45,18.5,-0.05,73
2022-11-22,1457,109953,2032558,18.5,18.55,18.4,18.55,0.05,83
2022-11-23,1457,197573,3664212,18.65,18.65,18.5,18.5,-0.05,76
2022-11-24,1457,221883,4118755,18.6,18.6,18.5,18.6,0.1,98
2022-11-25,1457,207228,3848790,18.65,18.65,18.5,18.55,-0.05,109
2022-11-28,1457,85131,1575603,18.5,18.55,18.45,18.55,0.0,53
2022-11-29,1457,151459,2810204,18.55,18.6,18.5,18.55,0.0,54
2022-11-30,1457,319747,5963193,18.55,18.7,18.55,18.7,0.15,133
2022-12-01,1457,465801,8775624,18.9,18.9,18.75,18.9,0.2,201
2022-12-02,1457,1330123,25314464,18.9,19.3,18.8,19.25,0.35,374
2022-12-05,1457,381108,7298186,19.3,19.3,19.05,19.2,-0.05,192
2022-12-06,1457,460461,8718583,19.1,19.15,18.75,18.75,-0.45,217
2022-12-07,1457,825168,15561546,18.7,18.9,18.65,18.9,0.15,153
2022-12-08,1457,226897,4277105,19.0,19.0,18.7,18.9,0.0,146
2022-12-09,1457,229686,4338150,19.0,19.0,18.8,18.9,0.0,103
2022-12-12,1457,164136,3086203,19.0,19.0,18.65,18.8,-0.1,102
2022-12-13,1457,189237,3570005,18.95,18.95,18.8,18.9,0.1,84
2022-12-14,1457,200101,3781009,18.95,19.0,18.8,18.85,-0.05,90
2022-12-15,1457,236196,4455311,18.95,18.95,18.8,18.9,0.05,106
2022-12-16,1457,260433,4932255,18.8,19.0,18.8,19.0,0.1,125
2022-12-19,1457,172035,3238899,19.0,19.0,18.75,18.85,-0.15,80
2022-12-20,1457,310304,5810782,18.85,18.95,18.55,18.55,-0.3,149
2022-12-21,1457,206940,3873826,18.65,18.8,18.65,18.65,0.1,100
2022-12-22,1457,87611,1641913,18.75,18.8,18.65,18.8,0.15,57
2022-12-23,1457,210117,3910193,18.65,18.75,18.5,18.7,-0.1,161
2022-12-26,1457,173327,3227719,18.7,18.7,18.55,18.6,-0.1,145
2022-12-27,1457,94663,1769040,18.65,18.75,18.65,18.75,0.15,51
2022-12-28,1457,115824,2155913,18.7,18.75,18.55,18.6,-0.15,105
2022-12-29,1457,207473,3846360,18.5,18.6,18.45,18.6,0.0,158
2022-12-30,1457,229914,4286994,18.6,18.7,18.6,18.7,0.1,99
2023-01-03,1457,98362,1831273,18.55,18.7,18.55,18.65,-0.05,72
2023-01-04,1457,346136,6432532,18.6,18.7,18.55,18.55,-0.1,67
2023-01-05,1457,134763,2512334,18.55,18.7,18.55,18.65,0.1,103
2023-01-06,1457,80664,1505965,18.55,18.7,18.55,18.65,0.0,66
2023-01-09,1457,290038,5405118,18.7,18.7,18.55,18.7,0.05,175
2023-01-10,1457,94650,1762975,18.7,18.7,18.55,18.6,-0.1,84
2023-01-11,1457,130305,2423664,18.6,18.7,18.55,18.65,0.05,169
2023-01-12,1457,112673,2104137,18.7,18.7,18.6,18.7,0.05,89
2023-01-13,1457,119277,2229731,18.75,18.75,18.65,18.7,0.0,91
2023-01-16,1457,202689,3785842,18.7,18.75,18.55,18.7,0.0,101
2023-01-17,1457,211282,3952415,18.7,18.75,18.6,18.75,0.05,99
2023-01-30,1457,386527,7277667,18.8,18.95,18.75,18.85,0.1,159
2023-01-31,1457,304588,5744302,18.85,18.9,18.8,18.9,0.05,116
2023-02-01,1457,264879,4999287,18.9,18.9,18.8,18.9,0.0,115
2023-02-02,1457,293207,5551740,19.0,19.0,18.85,18.9,0.0,157
2023-02-03,1457,361888,6847230,18.9,19.0,18.9,18.95,0.05,113
2023-02-06,1457,379706,7201054,18.9,19.05,18.8,19.05,0.1,151
2023-02-07,1457,380895,7242579,19.05,19.05,18.9,19.05,0.0,111
2023-02-08,1457,337688,6446796,19.1,19.15,19.0,19.1,0.05,128
2023-02-09,1457,268792,5114309,19.1,19.1,18.95,19.0,-0.1,130
2023-02-10,1457,255048,4833967,18.95,19.0,18.9,19.0,0.0,129
2023-02-13,1457,302070,5726410,19.0,19.0,18.85,18.9,-0.1,133
2023-02-14,1457,415994,7885063,18.95,19.05,18.85,18.95,0.05,128
2023-02-15,1457,216381,4088553,18.85,19.0,18.85,19.0,0.05,114
2023-02-16,1457,176907,3351399,19.0,19.0,18.85,19.0,0.0,111
2023-02-17,1457,66512,1257045,18.95,18.95,18.85,18.9,-0.1,58
2023-02-20,1457,153301,2912109,18.95,19.05,18.95,19.05,0.15,99
2023-02-21,1457,168494,3212079,19.0,19.1,19.0,19.1,0.05,84
2023-02-22,1457,207445,3946155,19.0,19.1,18.95,19.1,0.0,128
2023-02-23,1457,178916,3415467,19.1,19.15,19.0,19.15,0.05,104
2023-02-24,1457,210596,4025355,19.15,19.15,19.0,19.15,0.0,130
2023-03-01,1457,170725,3262991,19.15,19.2,19.05,19.1,-0.05,109
2023-03-02,1457,134316,2565104,19.05,19.15,19.05,19.1,0.0,75
2023-03-03,1457,3433825,67606412,19.15,20.0,19.15,19.7,0.6,1020
2023-03-06,1457,710599,14027817,19.8,19.85,19.65,19.75,0.05,361
2023-03-07,1457,401566,7965664,19.85,19.95,19.7,19.8,0.05,213
2023-03-08,1457,366776,7216542,19.75,19.75,19.55,19.75,-0.05,170
2023-03-09,1457,248896,4907807,19.75,19.85,19.6,19.7,-0.05,178
2023-03-10,1457,333308,6515096,19.7,19.7,19.45,19.45,-0.25,213
2023-03-13,1457,233478,4498338,19.3,19.4,19.15,19.35,-0.1,199
2023-03-14,1457,845631,15748232,18.6,18.75,18.4,18.7,-0.65,431
2023-03-15,1457,237750,4462521,18.75,18.9,18.65,18.7,0.0,197
2023-03-16,1457,327714,6062337,18.55,18.65,18.45,18.5,-0.2,144
2023-03-17,1457,150713,2801166,18.55,18.65,18.5,18.6,0.1,96
2023-03-20,1457,295241,5483615,18.6,18.7,18.5,18.7,0.1,133
2023-03-21,1457,136088,2545089,18.7,18.75,18.65,18.7,0.0,88
2023-03-22,1457,230989,4315657,18.7,18.8,18.6,18.7,0.0,164
2023-03-23,1457,209068,3903992,18.7,18.75,18.6,18.65,-0.05,134
2023-03-24,1457,124791,2327395,18.7,18.7,18.6,18.65,0.0,113
2023-03-27,1457,238150,4428969,18.6,18.65,18.55,18.6,-0.05,187
2023-03-28,1457,159123,2951236,18.6,18.6,18.5,18.6,0.0,150
2023-03-29,1457,161647,3009292,18.6,18.7,18.55,18.7,0.1,74
2023-03-30,1457,131442,2459413,18.8,18.8,18.65,18.75,0.05,123
2023-03-31,1457,133958,2517531,18.75,18.85,18.75,18.8,0.05,80
2023-04-06,1457,148257,2766901,18.6,18.75,18.6,18.75,-0.05,140
2023-04-07,1457,70359,1317902,18.75,18.8,18.65,18.7,-0.05,77
2023-04-10,1457,80838,1511627,18.7,18.8,18.65,18.7,0.0,90
2023-04-11,1457,116230,2172737,18.7,18.75,18.65,18.7,0.0,147
2023-04-12,1457,82550,1541955,18.7,18.75,18.65,18.65,-0.05,81
2023-04-13,1457,278178,5183472,18.65,18.7,18.6,18.6,-0.05,153
2023-04-14,1457,129712,2422030,18.6,18.75,18.6,18.75,0.15,91
2023-04-17,1457,158088,2958395,18.8,18.85,18.65,18.75,0.0,111
2023-04-18,1457,130097,2432700,18.75,18.75,18.65,18.7,-0.05,83
2023-04-19,1457,300483,5617907,18.75,18.75,18.65,18.7,0.0,127
2023-04-20,1457,544831,10155263,18.65,18.7,18.55,18.6,-0.1,101
2023-04-21,1457,190249,3529032,18.6,18.6,18.5,18.55,-0.05,101
2023-04-24,1457,103669,1922011,18.55,18.6,18.5,18.6,0.05,51
2023-04-25,1457,198824,3681378,18.65,18.65,18.45,18.5,-0.1,103
2023-04-26,1457,168111,3104707,18.5,18.6,18.4,18.5,0.0,118
2023-04-27,1457,239754,4440622,18.45,18.65,18.45,18.6,0.1,65
2023-04-28,1457,65731,1221469,18.7,18.7,18.55,18.65,0.05,58
2023-05-02,1457,110081,2053119,18.7,18.7,18.55,18.7,0.05,72
2023-05-03,1457,320436,5939347,18.55,18.65,18.5,18.65,-0.05,114
2023-05-04,1457,126107,2340292,18.65,18.65,18.45,18.65,0.0,82
2023-05-05,1457,150703,2803001,18.6,18.7,18.5,18.7,0.05,93
2023-05-08,1457,146181,2721434,18.7,18.7,18.55,18.7,0.0,80
2023-05-09,1457,321035,5948371,18.65,18.65,18.5,18.6,-0.1,176
2023-05-10,1457,194923,3601174,18.55,18.55,18.4,18.45,-0.15,114
2023-05-11,1457,205864,3786108,18.45,18.5,18.35,18.35,-0.1,130
2023-05-12,1457,98627,1817346,18.4,18.45,18.35,18.45,0.1,66
2023-05-15,1457,98300,1821974,18.4,18.6,18.4,18.6,0.15,67
2023-05-16,1457,153342,2855276,18.65,18.65,18.6,18.65,0.05,113
2023-05-17,1457,191552,3581946,18.7,18.75,18.6,18.7,0.05,158
2023-05-18,1457,92892,1736573,18.75,18.75,18.65,18.7,0.0,71
2023-05-19,1457,59178,1104913,18.7,18.7,18.65,18.7,0.0,47
2023-05-22,1457,72680,1357178,18.75,18.75,18.6,18.7,0.0,55
2023-05-23,1457,82366,1538222,18.75,18.75,18.6,18.7,0.0,72
2023-05-24,1457,135194,2519897,18.7,18.7,18.6,18.7,0.0,95
2023-05-25,1457,78805,1469312,18.55,18.75,18.55,18.75,0.05,67
2023-05-26,1457,129057,2407714,18.7,18.7,18.6,18.65,-0.1,94
2023-05-29,1457,235803,4376698,18.7,18.7,18.5,18.6,-0.05,107
2023-05-30,1457,139326,2586363,18.6,18.65,18.5,18.65,0.05,90
2023-05-31,1457,127936,2373088,18.55,18.6,18.5,18.55,-0.1,130
2023-06-01,1457,127455,2370745,18.6,18.65,18.55,18.6,0.05,76
2023-06-02,1457,177014,3304766,18.6,18.7,18.6,18.7,0.1,113
2023-06-05,1457,524526,9787153,18.75,18.75,18.55,18.7,0.0,180
2023-06-06,1457,152686,2855866,18.7,18.75,18.65,18.75,0.05,96
2023-06-07,1457,248657,4657351,18.75,18.8,18.7,18.8,0.05,149
2023-06-08,1457,238256,4465166,18.8,18.8,18.7,18.7,-0.1,129
2023-06-09,1457,158691,2973853,18.7,18.8,18.65,18.8,0.1,103
2023-06-12,1457,131451,2458759,18.8,18.8,18.65,18.75,-0.05,90
2023-06-13,1457,157036,2940691,18.8,18.8,18.7,18.75,0.0,107
2023-06-14,1457,109451,2048076,18.8,18.8,18.65,18.75,0.0,87
2023-06-15,1457,266179,4991853,18.75,18.8,18.7,18.8,0.05,146
2023-06-16,1457,1799886,33937445,18.8,19.0,18.8,18.8,0.0,497
2023-06-19,1457,1258898,22511858,17.85,18.0,17.8,17.8,0.0,411
2023-06-20,1457,299294,5311182,17.8,17.85,17.7,17.8,0.0,144
2023-06-21,1457,236716,4191899,17.8,17.8,17.65,17.8,0.0,162
2023-06-26,1457,147196,2603933,17.8,17.8,17.65,17.8,0.0,111
2023-06-27,1457,169101,2985280,17.7,17.7,17.6,17.65,-0.15,107
2023-06-28,1457,142900,2516957,17.6,17.7,17.55,17.55,-0.1,90
2023-06-29,1457,277032,4848194,17.6,17.6,17.4,17.6,0.05,130
2023-06-30,1457,170177,2976173,17.5,17.55,17.45,17.5,-0.1,108
2023-07-03,1457,167553,2933089,17.55,17.6,17.45,17.6,0.1,120
2023-07-04,1457,151038,2649765,17.6,17.65,17.45,17.65,0.05,63
2023-07-05,1457,72645,1280623,17.65,17.7,17.55,17.7,0.05,64
2023-07-06,1457,76404,1343264,17.7,17.7,17.55,17.6,-0.1,65
2023-07-07,1457,159237,2781165,17.5,17.5,17.45,17.5,-0.1,124
2023-07-10,1457,203463,3541502,17.4,17.5,17.35,17.35,-0.15,131
2023-07-11,1457,76982,1343055,17.45,17.5,17.4,17.5,0.15,82
2023-07-12,1457,84407,1482267,17.65,17.65,17.5,17.55,0.05,42
2023-07-13,1457,145440,2541543,17.55,17.55,17.45,17.5,-0.05,112
2023-07-14,1457,90150,1577624,17.45,17.55,17.4,17.55,0.05,70
2023-07-17,1457,215353,3758869,17.55,17.55,17.4,17.55,0.0,135
2023-07-18,1457,141399,2465644,17.4,17.5,17.4,17.5,-0.05,119
2023-07-19,1457,140381,2446528,17.6,17.6,17.35,17.35,-0.15,137
2023-07-20,1457,70521,1227216,17.45,17.45,17.35,17.4,0.05,61
2023-07-21,1457,72696,1264638,17.35,17.45,17.3,17.4,0.0,52
2023-07-24,1457,212655,3682743,17.4,17.4,17.3,17.3,-0.1,103
2023-07-25,1457,62513,1086759,17.45,17.45,17.35,17.4,0.1,52
2023-07-26,1457,74872,1299935,17.3,17.4,17.3,17.4,0.0,59
2023-07-27,1457,106229,1850662,17.4,17.5,17.3,17.5,0.1,77
2023-07-28,1457,59716,1041872,17.5,17.5,17.4,17.4,-0.1,55
2023-07-31,1457,90021,1568815,17.5,17.5,17.4,17.4,0.0,62
2023-08-01,1457,75844,1322553,17.5,17.5,17.4,17.5,0.1,51
2023-08-02,1457,131849,2293229,17.5,17.5,17.35,17.35,-0.15,82
2023-08-04,1457,97123,1690900,17.45,17.45,17.35,17.35,0.0,40
2023-08-07,1457,74724,1298609,17.45,17.45,17.3,17.4,0.05,53
2023-08-08,1457,80820,1401501,17.35,17.4,17.3,17.35,-0.05,71
2023-08-09,1457,102380,1774406,17.35,17.4,17.3,17.4,0.05,56
2023-08-10,1457,150615,2599802,17.4,17.4,17.2,17.35,-0.05,86
2023-08-11,1457,67039,1160824,17.4,17.4,17.25,17.3,-0.05,44
2023-08-14,1457,267174,4619761,17.2,17.35,17.15,17.3,0.0,102
2023-08-15,1457,513402,8881177,17.25,17.35,17.25,17.3,0.0,80
2023-08-16,1457,128508,2212045,17.2,17.3,17.15,17.25,-0.05,65
2023-08-17,1457,295269,5116064,17.3,17.45,17.3,17.35,0.1,110
2023-08-18,1457,68543,1186336,17.3,17.35,17.25,17.3,-0.05,29
2023-08-21,1457,194399,3373858,17.3,17.5,17.2,17.5,0.2,88
2023-08-22,1457,91254,1594020,17.55,17.55,17.35,17.35,-0.15,38
2023-08-23,1457,64706,1123776,17.35,17.4,17.3,17.4,0.05,33
2023-08-24,1457,294558,5153533,17.55,17.55,17.35,17.5,0.1,79
2023-08-25,1457,225868,3966608,17.35,17.6,17.35,17.55,0.05,119
2023-08-28,1457,134009,2362019,17.6,17.7,17.6,17.6,0.05,79
2023-08-29,1457,271855,4825448,17.65,17.8,17.65,17.7,0.1,113
2023-08-30,1457,106220,1890139,17.8,17.85,17.75,17.75,0.05,98
2023-08-31,1457,71242,1269090,17.8,17.85,17.75,17.75,0.0,49
2023-09-01,1457,39743,704637,17.75,17.75,17.7,17.75,0.0,42
2023-09-04,1457,58480,1040457,17.8,17.8,17.75,17.8,0.05,44
2023-09-05,1457,130897,2306795,17.6,17.75,17.5,17.75,-0.05,86
2023-09-06,1457,95546,1683878,17.85,17.85,17.6,17.6,-0.15,61
2023-09-07,1457,56280,989148,17.55,17.6,17.55,17.55,-0.05,31
2023-09-08,1457,162205,2848091,17.5,17.65,17.5,17.55,0.0,59
2023-09-11,1457,65960,1157704,17.55,17.65,17.5,17.55,0.0,48
2023-09-12,1457,93084,1637057,17.6,17.7,17.45,17.7,0.15,54
2023-09-13,1457,66722,1177558,17.7,17.75,17.55,17.7,0.0,44
2023-09-14,1457,76708,1349617,17.6,17.7,17.55,17.7,0.0,69
2023-09-15,1457,62731,1107016,17.8,17.8,17.55,17.55,-0.15,56
2023-09-18,1457,119206,2085149,17.55,17.6,17.4,17.5,-0.05,144
2023-09-19,1457,35472,622397,17.5,17.6,17.45,17.6,0.1,42
2023-09-20,1457,151097,2660198,17.55,17.7,17.5,17.7,0.1,107
2023-09-21,1457,135684,2395738,17.7,17.75,17.5,17.5,-0.2,93
2023-09-22,1457,23345,410548,17.65,17.7,17.5,17.6,0.1,21
2023-09-25,1457,104673,1848643,17.8,17.8,17.55,17.7,0.1,70
2023-09-26,1457,127125,2240459,17.75,17.75,17.45,17.6,-0.1,88
2023-09-27,1457,70100,1232762,17.55,17.65,17.55,17.55,-0.05,38
2023-09-28,1457,136974,2404780,17.55,17.65,17.5,17.65,0.1,135
2023-10-02,1457,71248,1251779,17.6,17.7,17.5,17.7,0.05,75
2023-10-03,1457,34326,603365,17.6,17.6,17.55,17.55,-0.15,32
2023-10-04,1457,58197,1015886,17.5,17.5,17.45,17.5,-0.05,43
2023-10-05,1457,46174,806625,17.55,17.55,17.35,17.5,0.0,51
2023-10-06,1457,56549,993813,17.65,17.65,17.5,17.5,0.0,36
2023-10-11,1457,109090,1908610,17.5,17.65,17.4,17.45,-0.05,97
2023-10-12,1457,74025,1297296,17.45,17.7,17.45,17.5,0.05,52
2023-10-13,1457,72351,1268773,17.4,17.65,17.4,17.6,0.1,47
2023-10-16,1457,59499,1048382,17.6,17.7,17.5,17.7,0.1,41
2023-10-17,1457,52063,915159,17.6,17.65,17.5,17.65,-0.05,40
2023-10-18,1457,51417,901946,17.65,17.65,17.5,17.6,-0.05,47
2023-10-19,1457,23333,408709,17.45,17.6,17.45,17.55,-0.05,27
2023-10-20,1457,52420,913990,17.45,17.5,17.4,17.5,-0.05,93
2023-10-23,1457,184565,3184717,17.4,17.4,17.2,17.25,-0.25,234
2023-10-24,1457,64217,1113329,17.3,17.4,17.25,17.4,0.15,54
2023-10-25,1457,46925,816486,17.3,17.45,17.25,17.4,0.0,32
2023-10-26,1457,78107,1360660,17.4,17.55,17.3,17.5,0.1,57
2023-10-27,1457,48008,836688,17.45,17.5,17.3,17.45,-0.05,30
2023-10-30,1457,101273,1755811,17.45,17.45,17.3,17.45,0.0,96
2023-10-31,1457,43204,752671,17.5,17.5,17.3,17.4,-0.05,46
2023-11-01,1457,71040,1238092,17.45,17.45,17.4,17.45,0.05,28
2023-11-02,1457,97623,1701839,17.5,17.5,17.35,17.5,0.05,53
2023-11-03,1457,140512,2447538,17.4,17.55,17.25,17.55,0.05,82
2023-11-06,1457,85484,1496331,17.5,17.55,17.45,17.55,0.0,45
2023-11-07,1457,31656,552945,17.5,17.5,17.4,17.45,-0.1,40
2023-11-08,1457,69060,1204390,17.5,17.5,17.4,17.45,0.0,48
2023-11-09,1457,114064,1997119,17.55,17.55,17.45,17.55,0.1,50
2023-11-10,1457,40890,712375,17.35,17.5,17.35,17.45,-0.1,43
2023-11-13,1457,91824,1599509,17.45,17.45,17.4,17.45,0.0,46
2023-11-14,1457,77157,1343733,17.45,17.5,17.3,17.5,0.05,58
2023-11-15,1457,148289,2588011,17.6,17.6,17.4,17.55,0.05,76
2023-11-16,1457,46847,822508,17.6,17.6,17.5,17.55,0.0,48
2023-11-17,1457,77617,1360192,17.5,17.55,17.5,17.55,0.0,54
2023-11-20,1457,119721,2101100,17.6,17.6,17.5,17.6,0.05,61
2023-11-21,1457,94006,1658715,17.6,17.7,17.6,17.65,0.05,71
2023-11-22,1457,310207,5510485,17.7,17.85,17.7,17.8,0.15,144
2023-11-23,1457,164013,2928638,17.8,17.9,17.8,17.85,0.05,114
2023-11-24,1457,341923,6104548,17.9,17.9,17.75,17.85,0.0,112
2023-11-27,1457,2403818,44613511,17.85,19.2,17.85,19.0,1.15,838
2023-11-28,1457,3073941,59003339,19.75,19.8,18.7,19.0,0.0,1219
2023-11-29,1457,686065,12975960,19.1,19.1,18.75,18.95,-0.05,259
2023-11-30,1457,990260,18926951,18.95,19.2,18.95,19.1,0.15,402
2023-12-01,1457,1225612,23505889,19.15,19.35,19.1,19.1,0.0,395
2023-12-04,1457,517144,9926800,19.2,19.35,19.1,19.15,0.05,240
2023-12-05,1457,413552,7863465,19.15,19.15,18.95,18.95,-0.2,225
2023-12-06,1457,255242,4850266,19.2,19.2,18.95,19.05,0.1,172
2023-12-07,1457,264082,5021864,19.2,19.25,18.85,19.0,-0.05,181
2023-12-08,1457,304861,5749788,19.1,19.1,18.65,19.0,0.0,250
2023-12-11,1457,212492,3999869,18.9,19.0,18.7,18.95,-0.05,115
2023-12-12,1457,163666,3085484,18.95,18.95,18.8,18.9,-0.05,131
2023-12-13,1457,171925,3227765,18.85,18.9,18.7,18.7,-0.2,116
2023-12-14,1457,180369,3394202,18.9,18.9,18.8,18.85,0.15,110
2023-12-15,1457,125495,2366616,18.95,18.95,18.75,18.95,0.1,111
2023-12-18,1457,189692,3610735,19.05,19.15,18.95,19.0,0.05,116
2023-12-19,1457,94533,1783539,19.0,19.1,18.75,18.75,-0.25,104
2023-12-20,1457,207477,3929490,18.75,19.05,18.75,19.05,0.3,118
2023-12-21,1457,86169,1628503,18.95,18.95,18.85,18.95,-0.1,130
2023-12-22,1457,58796,1108798,18.95,18.95,18.8,18.8,-0.15,96
2023-12-25,1457,116934,2186307,18.85,18.85,18.65,18.75,-0.05,90
2023-12-26,1457,95959,1795983,18.7,18.8,18.65,18.75,0.0,72
2023-12-27,1457,100148,1868705,18.7,18.7,18.65,18.7,-0.05,105
2023-12-28,1457,107292,2001346,18.65,18.7,18.6,18.6,-0.1,79
2023-12-29,1457,87463,1627864,18.65,18.65,18.55,18.6,0.0,56
2024-01-02,1457,90048,1666592,18.6,18.6,18.45,18.55,-0.05,84
2024-01-03,1457,59783,1102010,18.4,18.5,18.4,18.5,-0.05,59
2024-01-04,1457,76730,1414932,18.5,18.65,18.35,18.5,0.0,83
2024-01-05,1457,63521,1175789,18.5,18.6,18.45,18.6,0.1,34
2024-01-08,1457,42732,793111,18.7,18.7,18.5,18.6,0.0,45
2024-01-09,1457,68917,1276506,18.5,18.6,18.4,18.55,-0.05,65
2024-01-10,1457,61616,1134072,18.7,18.7,18.35,18.35,-0.2,48
2024-01-11,1457,85453,1572412,18.35,18.45,18.35,18.45,0.1,63
2024-01-12,1457,59208,1087491,18.4,18.4,18.35,18.35,-0.1,52
2024-01-15,1457,99473,1829777,18.45,18.45,18.35,18.45,0.1,65
2024-01-16,1457,230054,4197028,18.35,18.35,18.15,18.2,-0.25,147
2024-01-17,1457,165767,3006752,18.1,18.35,18.05,18.15,-0.05,118
2024-01-18,1457,86114,1562018,18.15,18.2,18.1,18.2,0.05,44
2024-01-19,1457,63768,1159536,18.1,18.35,18.1,18.1,-0.1,54
2024-01-22,1457,93774,1705954,18.1,18.25,18.1,18.25,0.15,46
2024-01-23,1457,21645,395659,18.35,18.35,18.2,18.3,0.05,36
2024-01-24,1457,132061,2443428,18.4,18.6,18.4,18.4,0.1,92
2024-01-25,1457,87573,1618547,18.5,18.6,18.35,18.35,-0.05,146
2024-01-26,1457,55181,1011185,18.35,18.45,18.25,18.25,-0.1,73
2024-01-29,1457,73265,1350687,18.25,18.5,18.25,18.45,0.2,78
2024-01-30,1457,75529,1394146,18.45,18.5,18.45,18.45,0.0,63
2024-01-31,1457,116321,2138699,18.4,18.45,18.3,18.3,-0.15,64
2024-02-01,1457,74339,1365918,18.4,18.4,18.3,18.4,0.1,60
2024-02-02,1457,70843,1303366,18.35,18.45,18.35,18.4,0.0,57
2024-02-05,1457,110324,2010144,18.25,18.35,18.15,18.3,-0.1,125
2024-02-15,1457,218909,4029851,18.4,18.5,18.35,18.45,0.15,74
2024-02-16,1457,153553,2833109,18.45,18.55,18.25,18.55,0.1,121
2024-02-19,1457,263295,4890333,18.5,18.7,18.35,18.6,0.05,159
2024-02-20,1457,152676,2842119,18.75,18.75,18.5,18.6,0.0,102
2024-02-21,1457,92292,1718258,18.6,18.7,18.55,18.65,0.05,127
2024-02-22,1457,121682,2261381,18.7,18.7,18.5,18.7,0.05,113
2024-02-23,1457,151635,2823211,18.65,18.75,18.5,18.6,-0.1,127
2024-02-26,1457,266800,4918166,18.55,18.55,18.35,18.4,-0.2,231
2024-02-27,1457,154506,2846008,18.4,18.5,18.4,18.45,0.05,77
2024-02-29,1457,123954,2288636,18.45,18.55,18.4,18.5,0.05,89
2024-03-01,1457,170420,3144300,18.45,18.5,18.4,18.5,0.0,82
2024-03-04,1457,122912,2268297,18.45,18.5,18.4,18.45,-0.05,161
2024-03-05,1457,181789,3358383,18.45,18.6,18.4,18.55,0.1,122
2024-03-06,1457,128745,2380455,18.5,18.55,18.45,18.5,-0.05,72
2024-03-07,1457,149563,2771661,18.55,18.6,18.5,18.55,0.05,121
2024-03-08,1457,567029,10606366,18.6,18.9,18.6,18.8,0.25,373
2024-03-11,1457,2113596,41326856,19.7,19.75,19.25,19.3,0.5,1009
2024-03-12,1457,1155665,22362220,19.55,19.6,19.05,19.3,0.0,739
2024-03-13,1457,2694032,53658988,19.9,20.25,19.5,19.5,0.2,1472
2024-03-14,1457,682081,13399726,19.6,19.8,19.5,19.65,0.15,500
2024-03-15,1457,1261922,24986364,19.7,19.95,19.65,19.75,0.1,491
2024-03-18,1457,1535937,30657863,19.85,20.1,19.75,20.0,0.25,763
2024-03-19,1457,1061077,21312089,20.05,20.15,19.95,20.1,0.1,584
2024-03-20,1457,822075,16528674,20.15,20.2,20.0,20.15,0.05,381
2024-03-21,1457,988380,20068119,20.25,20.4,20.15,20.4,0.25,538
2024-03-22,1457,2902701,60984815,20.65,21.6,20.65,20.8,0.4,1324
2024-03-25,1457,1584645,32916012,21.1,21.25,20.45,20.7,-0.1,855
2024-03-26,1457,1355639,28286112,21.1,21.2,20.7,20.75,0.05,650
2024-03-27,1457,1693748,35114122,20.8,20.85,20.55,20.55,-0.2,751
2024-03-28,1457,1383347,27240118,19.65,19.85,19.65,19.7,0.0,516
2024-03-29,1457,716299,14248465,19.85,20.0,19.75,19.95,0.25,407
2024-04-01,1457,688332,13892795,20.05,20.25,20.05,20.2,0.25,348
2024-04-02,1457,360595,7286780,20.3,20.3,20.1,20.25,0.05,373
2024-04-03,1457,459077,9227354,20.25,20.25,20.0,20.1,-0.15,345
2024-04-08,1457,319764,6371827,20.1,20.1,19.8,20.0,-0.1,239
2024-04-09,1457,250700,4998858,19.95,20.0,19.9,20.0,0.0,189
2024-04-10,1457,685788,14007996,20.25,20.55,20.15,20.5,0.5,451
2024-04-11,1457,425032,8709758,20.65,20.65,20.3,20.55,0.05,385
2024-04-12,1457,276884,5625583,20.55,20.55,20.15,20.3,-0.25,256
2024-04-15,1457,373889,7559812,20.2,20.3,20.1,20.2,-0.1,320
2024-04-16,1457,803745,16064199,20.15,20.15,19.8,19.9,-0.3,396
2024-04-17,1457,252761,5089765,20.0,20.2,19.9,20.2,0.3,183
2024-04-18,1457,628987,12697479,20.2,20.7,20.0,20.3,0.1,356
2024-04-19,1457,553475,11066853,20.25,20.25,19.85,20.0,-0.3,322
2024-04-22,1457,7518560,160916786,20.2,22.0,20.15,20.7,0.7,2748
2024-04-23,1457,2444027,50660020,20.65,21.35,20.2,21.25,0.55,1171
2024-04-24,1457,5774591,129421553,21.55,23.05,21.5,22.5,1.25,2990
2024-04-25,1457,8183292,187988412,22.45,23.65,21.7,23.15,0.65,3528
2024-04-26,1457,5485151,127567155,22.8,23.75,22.7,23.55,0.4,2459
2024-04-29,1457,7039220,173243091,23.4,25.55,23.15,25.5,1.95,3322
2024-04-30,1457,8434489,211429959,26.3,26.4,24.2,25.0,-0.5,4538
2024-05-02,1457,3365828,83893030,24.95,25.6,24.5,24.8,-0.2,2206
2024-05-03,1457,4487039,113147601,24.95,26.1,24.5,24.7,-0.1,2345
2024-05-06,1457,1720808,42302410,25.05,25.05,24.25,24.3,-0.4,1070
2024-05-07,1457,2285754,54271287,24.4,24.5,23.35,23.45,-0.85,1333
2024-05-08,1457,1776586,40941245,23.5,23.6,22.8,22.8,-0.65,981
2024-05-09,1457,2044815,46219972,22.4,23.1,22.3,22.35,-0.45,882
2024-05-10,1457,1230583,27775384,22.5,22.95,22.3,22.55,0.2,602
2024-05-13,1457,1114360,24922989,22.4,22.55,22.25,22.25,-0.3,579
2024-05-14,1457,607559,13670509,22.3,22.65,22.3,22.55,0.3,339
2024-05-15,1457,2337851,51526574,22.3,22.4,21.85,21.85,-0.7,1069
2024-05-16,1457,2038020,44167915,21.85,22.0,21.5,21.55,-0.3,1020
2024-05-17,1457,5238594,119912552,22.6,23.45,22.4,22.6,1.05,2918
2024-05-20,1457,1336397,29799143,22.45,22.5,22.15,22.3,-0.3,846
2024-05-21,1457,541120,12084077,22.25,22.5,22.2,22.3,0.0,372
2024-05-22,1457,811255,18055880,22.35,22.4,22.15,22.2,-0.1,467
2024-05-23,1457,1364887,29645612,22.15,22.15,21.5,21.55,-0.65,773
2024-05-24,1457,433541,9343845,21.5,21.75,21.45,21.55,0.0,273
2024-05-27,1457,951658,20572335,21.65,21.95,21.45,21.65,0.1,454
2024-05-28,1457,787351,17253257,21.65,22.05,21.65,22.0,0.35,513
2024-05-29,1457,1238331,27201960,22.1,22.25,21.75,22.0,0.0,521
2024-05-30,1457,670727,14691884,22.0,22.15,21.7,21.7,-0.3,445
2024-05-31,1457,1239330,27634685,21.75,22.45,21.7,22.35,0.65,615
2024-06-03,1457,525301,11664877,22.5,22.5,22.1,22.2,-0.15,403
2024-06-04,1457,715570,15643855,22.2,22.2,21.8,21.8,-0.4,336
2024-06-05,1457,306363,6700533,21.8,22.0,21.8,22.0,0.2,191
2024-06-06,1457,348378,7645671,22.05,22.1,21.85,22.0,0.0,197
2024-06-07,1457,1422518,31902932,22.0,22.6,22.0,22.4,0.4,602
2024-06-11,1457,1003321,22639954,22.65,22.85,22.3,22.3,-0.1,517
2024-06-12,1457,663795,14635332,22.3,22.3,21.9,21.95,-0.35,345
2024-06-13,1457,717996,16039621,22.35,22.6,22.1,22.1,0.15,398
2024-06-14,1457,705923,15820522,22.1,22.65,22.05,22.25,0.15,388
2024-06-17,1457,435596,9697938,22.55,22.55,22.1,22.25,0.0,246
2024-06-18,1457,419773,9374139,22.25,22.45,22.2,22.3,0.05,264
2024-06-19,1457,327111,7261378,22.3,22.3,22.05,22.2,-0.1,267
2024-06-20,1457,244838,5451323,22.2,22.35,22.15,22.35,0.15,187
2024-06-21,1457,518913,11502328,22.45,22.45,22.0,22.35,0.0,247
2024-06-24,1457,707783,15677130,22.3,22.5,22.0,22.05,-0.3,361
2024-06-25,1457,396406,8695713,22.3,22.3,21.8,22.05,0.0,210
2024-06-26,1457,596568,13061032,22.05,22.1,21.75,21.75,-0.3,311
2024-06-27,1457,581669,12562527,21.75,21.75,21.5,21.5,-0.25,308
2024-06-28,1457,351590,7551414,21.5,21.65,21.4,21.4,-0.1,268
2024-07-01,1457,535262,11440807,21.4,21.6,21.25,21.55,0.15,266
2024-07-02,1457,471763,10112247,21.5,21.7,21.3,21.35,-0.2,198
2024-07-03,1457,391856,8396018,21.45,21.55,21.35,21.4,0.05,189
2024-07-04,1457,351704,7601151,21.45,21.7,21.4,21.7,0.3,239
2024-07-05,1457,418129,9051604,21.7,21.8,21.5,21.75,0.05,323
2024-07-08,1457,337690,7347002,21.8,21.95,21.65,21.75,0.0,234
2024-07-09,1457,570485,12228611,21.9,21.9,21.15,21.15,-0.6,346
2024-07-10,1457,343184,7291335,21.2,21.35,21.1,21.35,0.2,235
2024-07-11,1457,334660,7143259,21.35,21.45,21.2,21.45,0.1,195
2024-07-12,1457,266907,5719378,21.45,21.55,21.15,21.5,0.05,130
2024-07-15,1457,337565,7203106,21.6,21.6,21.2,21.25,-0.25,186
2024-07-16,1457,242907,5191450,21.25,21.5,21.25,21.4,0.15,163
2024-07-17,1457,292344,6315871,21.55,21.75,21.45,21.5,0.1,185
2024-07-18,1457,391686,8324070,21.35,21.45,21.15,21.2,-0.3,193
2024-07-19,1457,646056,13521132,21.2,21.3,20.75,20.75,-0.45,319
2024-07-22,1457,524316,10748132,20.75,20.75,20.2,20.75,0.0,314
2024-07-23,1457,279462,5858122,20.75,21.05,20.75,21.0,0.25,150
2024-07-26,1457,193037,3988527,20.75,20.8,20.55,20.8,-0.2,249
2024-07-29,1457,214933,4494961,20.75,21.15,20.75,20.75,-0.05,175
2024-07-30,1457,507357,10552119,20.75,21.2,20.4,21.2,0.45,270
2024-07-31,1457,151649,3193482,21.2,21.2,20.9,21.15,-0.05,125
2024-08-01,1457,293422,6241711,21.2,21.45,21.1,21.4,0.25,204
2024-08-02,1457,233076,4873977,21.1,21.1,20.8,20.9,-0.5,328
2024-08-05,1457,867921,16959280,20.6,20.6,19.25,19.3,-1.6,436
2024-08-06,1457,618020,11899456,19.3,19.7,18.6,19.55,0.25,290
2024-08-07,1457,406233,8185902,19.55,20.45,19.55,20.3,0.75,199
2024-08-08,1457,348563,6975316,19.7,20.3,19.7,20.15,-0.15,191
2024-08-09,1457,385773,7959787,20.35,20.9,20.35,20.6,0.45,200
2024-08-12,1457,543367,11396102,20.6,21.2,20.45,20.85,0.25,250
2024-08-13,1457,220270,4535276,20.6,20.7,20.45,20.55,-0.3,131
2024-08-14,1457,381077,7995730,21.0,21.15,20.7,21.05,0.5,214
2024-08-15,1457,149366,3137015,21.15,21.15,20.9,20.9,-0.15,110
2024-08-16,1457,227417,4765464,21.1,21.1,20.85,21.0,0.1,145
2024-08-19,1457,145161,3030556,21.0,21.0,20.7,20.85,-0.15,172
2024-08-20,1457,192739,4024788,20.8,20.95,20.75,20.9,0.05,110
2024-08-21,1457,322711,6778024,20.95,21.15,20.75,21.15,0.25,164
2024-08-22,1457,126878,2679905,21.1,21.15,21.05,21.15,0.0,143
2024-08-23,1457,236607,5022485,21.2,21.45,21.0,21.4,0.25,169
2024-08-26,1457,254791,5480268,21.5,21.7,21.35,21.35,-0.05,193
2024-08-27,1457,478485,10258303,21.35,21.6,21.35,21.4,0.05,278
2024-08-28,1457,283125,5747840,20.4,20.5,20.15,20.3,0.0,289
2024-08-29,1457,152675,3075337,20.2,20.3,20.0,20.1,-0.2,117
2024-08-30,1457,192691,3936094,20.4,20.55,20.2,20.55,0.45,154
2024-09-02,1457,198790,4105088,20.55,20.75,20.5,20.6,0.05,116
2024-09-03,1457,136134,2813087,20.55,20.75,20.55,20.65,0.05,99
2024-09-04,1457,450486,9085111,20.35,20.45,19.7,20.1,-0.55,342
2024-09-05,1457,105308,2140398,20.15,20.55,20.15,20.35,0.25,86
2024-09-06,1457,155297,3159264,20.6,20.6,20.0,20.5,0.15,116
2024-09-09,1457,303388,6129444,19.9,20.75,19.8,20.3,-0.2,198
2024-09-10,1457,387128,7802667,20.15,20.6,19.9,20.1,-0.2,215
2024-09-11,1457,111123,2244100,19.9,20.6,19.9,20.1,0.0,114
2024-09-12,1457,102272,2071936,20.3,20.35,20.15,20.3,0.2,124
2024-09-13,1457,119951,2432001,20.2,20.4,20.15,20.3,0.0,99
2024-09-16,1457,84203,1713982,20.5,20.5,20.25,20.4,0.1,71
2024-09-18,1457,81763,1660243,20.45,20.45,20.2,20.2,-0.2,82
2024-09-19,1457,97538,1974371,20.1,20.3,20.1,20.3,0.1,73
2024-09-20,1457,202680,4116618,20.35,20.5,20.2,20.25,-0.05,138
2024-09-23,1457,168118,3383139,20.3,20.4,20.0,20.1,-0.15,148
2024-09-24,1457,132498,2671712,20.5,20.5,20.1,20.2,0.1,81
2024-09-25,1457,87844,1774143,20.3,20.35,20.1,20.2,0.0,78
2024-09-26,1457,170343,3438697,20.2,20.3,20.1,20.25,0.05,126
2024-09-27,1457,109945,2229661,20.25,20.4,20.2,20.25,0.0,92
2024-09-30,1457,121499,2450201,20.2,20.25,20.1,20.2,-0.05,95
2024-10-01,1457,186408,3737406,20.15,20.15,20.0,20.05,-0.15,106
2024-10-04,1457,263894,5261495,19.95,20.05,19.85,19.85,-0.2,189
2024-10-07,1457,117398,2334280,19.85,20.05,19.8,19.85,0.0,94
2024-10-08,1457,197916,3907880,20.05,20.05,19.65,19.7,-0.15,167
2024-10-09,1457,257126,5045394,19.75,19.8,19.45,19.55,-0.15,235
2024-10-11,1457,130999,2558713,19.6,19.65,19.5,19.5,-0.05,111
2024-10-14,1457,221321,4299961,19.5,19.5,19.35,19.45,-0.05,216
2024-10-15,1457,121584,2365608,19.5,19.5,19.4,19.5,0.05,191
2024-10-16,1457,104462,2032934,19.5,19.5,19.4,19.5,0.0,153
2024-10-17,1457,77816,1525923,19.5,19.7,19.5,19.5,0.0,124
2024-10-18,1457,169251,3304620,19.55,19.6,19.45,19.6,0.1,161
2024-10-21,1457,45394,887803,19.85,19.85,19.5,19.5,-0.1,79
2024-10-22,1457,87731,1706932,19.4,19.55,19.35,19.5,0.0,99
2024-10-23,1457,121712,2375687,19.6,19.65,19.4,19.4,-0.1,88
2024-10-24,1457,116588,2261970,19.35,19.5,19.25,19.3,-0.1,101
2024-10-25,1457,113579,2208341,19.35,19.55,19.35,19.4,0.1,90
2024-10-28,1457,73497,1426686,19.4,19.45,19.35,19.35,-0.05,78
2024-10-29,1457,218612,4214206,19.35,19.5,19.15,19.3,-0.05,138
2024-10-30,1457,76318,1472583,19.3,19.4,19.25,19.25,-0.05,62
2024-11-01,1457,124512,2400479,19.25,19.45,19.15,19.45,0.2,94
2024-11-04,1457,116996,2270646,19.35,19.5,19.3,19.45,0.0,91
2024-11-05,1457,34533,667922,19.35,19.4,19.2,19.35,-0.1,45
2024-11-06,1457,76894,1484656,19.35,19.4,19.2,19.3,-0.05,63
2024-11-07,1457,121049,2340928,19.2,19.45,19.2,19.3,0.0,99
2024-11-08,1457,126452,2452517,19.3,19.6,19.25,19.3,0.0,121
2024-11-11,1457,120145,2307915,19.3,19.35,19.1,19.35,0.05,230
2024-11-12,1457,124026,2382412,19.1,19.4,19.1,19.3,-0.05,87
2024-11-13,1457,105271,2028488,19.15,19.45,19.1,19.35,0.05,78
2024-11-14,1457,120236,2308245,19.15,19.3,19.1,19.1,-0.25,107
2024-11-15,1457,121952,2351929,19.1,19.35,19.1,19.3,0.2,112
2024-11-18,1457,448131,8895737,19.3,20.15,19.3,19.75,0.45,335
2024-11-19,1457,134433,2673478,19.85,19.95,19.8,19.8,0.05,157
2024-11-20,1457,117510,2321413,19.8,19.9,19.6,19.8,0.0,111
2024-11-21,1457,241580,4760677,19.8,20.0,19.35,19.95,0.15,126
2024-11-22,1457,147811,2953131,19.9,20.05,19.8,20.0,0.05,140
2024-11-25,1457,132304,2639388,20.0,20.0,19.85,19.95,-0.05,111
2024-11-26,1457,84572,1677112,19.95,19.95,19.75,19.75,-0.2,105
2024-11-27,1457,123829,2420190,19.65,19.65,19.45,19.5,-0.25,94
2024-11-28,1457,83724,1622525,19.6,19.6,19.25,19.5,0.0,116
2024-11-29,1457,158023,3084860,19.3,19.65,19.3,19.65,0.15,89
2024-12-02,1457,88031,1747343,19.8,20.0,19.6,19.65,0.0,64
2024-12-03,1457,52088,1026848,19.85,19.85,19.6,19.75,0.1,90
2024-12-04,1457,125252,2492745,19.75,20.0,19.6,19.9,0.15,126
2024-12-05,1457,60067,1195501,19.95,19.95,19.85,19.95,0.05,56
2024-12-06,1457,39829,791797,19.95,19.95,19.85,19.9,-0.05,64
2024-12-09,1457,115840,2307040,19.95,19.95,19.85,19.95,0.05,89
2024-12-10,1457,239069,4799400,20.0,20.15,20.0,20.1,0.15,203
2024-12-11,1457,119744,2395622,20.1,20.1,19.85,19.9,-0.2,87
2024-12-12,1457,182601,3666655,19.95,20.15,19.95,20.0,0.1,109
2024-12-13,1457,152740,3049640,20.1,20.1,19.85,19.85,-0.15,132
2024-12-16,1457,73909,1464140,19.95,20.0,19.75,19.75,-0.1,140
2024-12-17,1457,98849,1942348,19.7,19.9,19.6,19.9,0.15,135
2024-12-18,1457,135659,2682112,19.65,19.8,19.65,19.65,-0.25,53
2024-12-19,1457,117240,2276310,19.45,19.5,19.35,19.45,-0.2,121
2024-12-20,1457,124184,2393949,19.4,19.4,19.2,19.25,-0.2,166
2024-12-23,1457,241386,4636671,19.4,19.4,19.1,19.25,0.0,161
2024-12-24,1457,108190,2086237,19.45,19.45,19.2,19.2,-0.05,100
2024-12-25,1457,70640,1359682,19.2,19.3,19.15,19.25,0.05,69
2024-12-26,1457,317505,6111098,19.25,19.25,19.2,19.25,0.0,76
2024-12-27,1457,1145165,22995783,19.35,21.1,19.3,20.1,0.85,525
2024-12-30,1457,394306,7967694,20.1,20.8,19.8,19.95,-0.15,289
2024-12-31,1457,108182,2140411,20.0,20.0,19.65,19.65,-0.3,104
2025-01-02,1457,132882,2629558,19.6,20.0,19.55,20.0,0.35,110
2025-01-03,1457,135884,2676658,19.9,19.95,19.6,19.6,-0.4,125
2025-01-06,1457,105108,2060063,19.6,19.7,19.5,19.7,0.1,94
2025-01-07,1457,60509,1186412,19.85,19.85,19.45,19.45,-0.25,78
2025-01-08,1457,147127,2886161,19.5,19.95,19.4,19.7,0.25,113
2025-01-09,1457,143224,2812618,19.7,19.95,19.45,19.5,-0.2,113
2025-01-10,1457,200275,3885372,19.75,19.75,19.25,19.6,0.1,153
2025-01-13,1457,336555,6525959,19.6,19.8,19.25,19.6,0.0,199
2025-01-14,1457,152040,2993208,19.65,19.85,19.6,19.75,0.15,105
2025-01-15,1457,249162,4847934,19.6,19.65,19.25,19.55,-0.2,153
2025-01-16,1457,118284,2328953,19.65,19.75,19.6,19.7,0.15,75
2025-01-17,1457,102345,2010886,19.7,19.7,19.55,19.65,-0.05,56
2025-01-20,1457,68620,1342785,19.65,19.65,19.5,19.65,0.0,79
2025-01-21,1457,272790,5324617,19.7,19.7,19.4,19.7,0.05,92
2025-01-22,1457,116375,2301086,19.65,19.9,19.55,19.9,0.2,98
2025-02-03,1457,83320,1649811,19.9,19.9,19.7,19.75,-0.15,90
2025-02-04,1457,41773,827686,19.65,19.9,19.65,19.8,0.05,61
2025-02-05,1457,62240,1233694,19.9,19.9,19.75,19.85,0.05,80
2025-02-06,1457,298894,5956715,19.85,20.05,19.85,20.05,0.2,156
2025-02-07,1457,150615,3012775,20.15,20.15,19.9,20.05,0.0,197
2025-02-10,1457,365828,7313364,20.1,20.1,19.9,20.0,-0.05,144
2025-02-11,1457,397858,8065955,20.15,20.5,20.05,20.4,0.4,257
2025-02-12,1457,279350,5671862,20.3,20.5,20.15,20.4,0.0,243
2025-02-13,1457,134655,2744536,20.4,20.5,20.25,20.45,0.05,134
2025-02-14,1457,113580,2311320,20.4,20.4,20.25,20.4,-0.05,102
2025-02-17,1457,144372,2935437,20.25,20.5,20.25,20.25,-0.15,107
2025-02-18,1457,89117,1809438,20.25,20.35,20.25,20.35,0.1,71
2025-02-19,1457,59056,1199931,20.25,20.4,20.25,20.4,0.05,76
2025-02-20,1457,97358,1983580,20.3,20.45,20.3,20.45,0.05,86
2025-02-21,1457,102185,2087110,20.35,20.5,20.35,20.5,0.05,92
2025-02-24,1457,136461,2792066,20.6,20.6,20.4,20.45,-0.05,86
2025-02-25,1457,73148,1494395,20.35,20.6,20.35,20.5,0.05,65
2025-02-26,1457,42763,874423,20.45,20.5,20.4,20.4,-0.1,62
2025-02-27,1457,234007,4791519,20.45,20.5,20.4,20.45,0.05,144
2025-03-03,1457,161005,3290297,20.25,20.55,20.25,20.5,0.05,155
2025-03-04,1457,125743,2567714,20.45,20.45,20.4,20.4,-0.1,73
2025-03-05,1457,137586,2817539,20.4,20.55,20.4,20.5,0.1,95
2025-03-06,1457,290840,5988702,20.55,20.65,20.55,20.55,0.05,140
2025-03-07,1457,263297,5446364,20.6,20.8,20.55,20.65,0.1,159
2025-03-10,1457,349246,7252565,20.8,21.0,20.65,20.85,0.2,199
2025-03-11,1457,277591,5714083,20.75,20.8,20.3,20.8,-0.05,144
2025-03-12,1457,137342,2839278,20.6,20.9,20.55,20.85,0.05,138
2025-03-13,1457,423568,8801414,20.9,20.9,20.55,20.55,-0.3,176
2025-03-14,1457,560814,11326323,20.55,20.55,20.05,20.2,-0.35,294
2025-03-17,1457,219442,4462830,20.3,20.5,20.25,20.35,0.15,178
2025-03-18,1457,247512,5019563,20.25,20.45,20.2,20.25,-0.1,154
2025-03-19,1457,136801,2760532,20.25,20.25,20.1,20.15,-0.1,98
2025-03-20,1457,109066,2207947,20.15,20.35,20.15,20.3,0.15,92
2025-03-21,1457,96992,1966589,20.3,20.3,20.25,20.25,-0.05,101
2025-03-24,1457,133026,2703987,20.25,20.4,20.25,20.25,0.0,93
2025-03-25,1457,302203,6124865,20.3,20.5,20.1,20.1,-0.15,123
2025-03-26,1457,165792,3349381,20.1,20.45,20.1,20.2,0.1,74
2025-03-27,1457,292601,5892933,20.3,20.3,20.05,20.05,-0.15,207
2025-03-28,1457,459263,9178174,20.05,20.25,19.85,20.0,-0.05,285
2025-03-31,1457,600802,11756986,19.85,19.85,19.4,19.4,-0.6,264
2025-04-01,1457,232947,4550701,19.4,19.8,19.4,19.8,0.4,130
2025-04-02,1457,135203,2676939,19.8,19.85,19.75,19.8,0.0,64
2025-04-07,1457,1377089,24649847,17.85,18.5,17.85,17.9,-1.9,530
2025-04-08,1457,739512,13418498,17.9,18.7,17.85,18.2,0.3,397
2025-04-09,1457,1107870,19916152,18.2,18.25,17.7,17.7,-0.5,521
2025-04-10,1457,1559656,27390807,17.4,18.25,17.35,17.4,0.0,641
2025-04-11,1457,263218,4469464,17.35,17.35,16.75,17.0,-0.4,204
2025-04-14,1457,409772,6945927,17.05,17.15,16.75,16.9,-0.1,277
2025-04-15,1457,341383,5857009,17.0,17.35,17.0,17.35,0.45,167
2025-04-16,1457,226567,3890813,17.3,17.3,17.1,17.15,-0.2,122
2025-04-17,1457,138871,2358243,17.0,17.1,16.9,17.0,-0.15,102
2025-04-18,1457,126727,2143375,17.0,17.05,16.8,16.85,-0.15,102
2025-04-21,1457,177917,2972412,16.75,16.8,16.65,16.65,-0.2,106
2025-04-22,1457,227614,3760071,16.5,16.8,16.2,16.75,0.1,132
2025-04-23,1457,105350,1771651,16.8,16.9,16.75,16.75,0.0,75
2025-04-24,1457,142776,2381838,16.8,16.9,16.5,16.8,0.05,122
2025-04-25,1457,111710,1871795,16.8,16.9,16.55,16.85,0.05,64
2025-04-28,1457,40912,690879,16.85,16.95,16.75,16.95,0.1,39
2025-04-29,1457,58698,997573,16.9,17.1,16.9,17.1,0.15,48
2025-04-30,1457,25504,433992,17.1,17.1,16.95,17.0,-0.1,34
2025-05-02,1457,345630,5920453,17.0,17.35,16.85,17.35,0.35,144
2025-05-05,1457,643064,11609971,18.0,18.6,17.5,17.7,0.35,318
2025-05-06,1457,178194,3148729,17.7,17.85,17.35,17.75,0.05,140
2025-05-07,1457,73994,1310138,17.6,17.8,17.6,17.8,0.05,82
2025-05-08,1457,43601,771947,17.75,17.75,17.6,17.7,-0.1,56
2025-05-09,1457,92348,1630075,17.65,17.8,17.5,17.8,0.1,81
2025-05-12,1457,141876,2543857,17.85,18.1,17.75,18.0,0.2,92
2025-05-13,1457,83467,1495262,18.0,18.1,17.8,17.8,-0.2,110
2025-05-14,1457,80310,1439692,17.95,18.0,17.8,18.0,0.2,201
2025-05-15,1457,89747,1608703,17.95,18.05,17.8,18.0,0.0,79
2025-05-16,1457,291057,5241029,18.0,18.1,17.95,18.0,0.0,117
2025-05-19,1457,82063,1469265,18.0,18.1,17.8,17.8,-0.2,85
2025-05-20,1457,38547,688069,17.85,17.95,17.8,17.85,0.05,54
2025-05-21,1457,112607,2010793,18.0,18.0,17.75,18.0,0.15,92
2025-05-22,1457,53348,956141,17.9,18.0,17.8,18.0,0.0,46
2025-05-23,1457,44247,791956,17.85,17.95,17.85,17.95,-0.05,41
2025-05-26,1457,95925,1726318,18.0,18.05,17.9,18.0,0.05,82
2025-05-27,1457,188868,3415414,18.1,18.15,17.8,17.95,-0.05,67
2025-05-28,1457,29674,531113,17.95,18.0,17.85,18.0,0.05,33
2025-05-29,1457,57927,1031386,17.95,17.95,17.75,17.75,-0.25,48
2025-06-02,1457,39743,696118,17.75,17.75,17.4,17.45,-0.3,68
2025-06-03,1457,46911,827030,17.75,17.75,17.6,17.65,0.2,46
2025-06-04,1457,70297,1251740,17.65,17.85,17.65,17.8,0.15,53
2025-06-05,1457,50143,884477,17.9,17.9,17.55,17.7,-0.1,85
2025-06-06,1457,41801,734942,17.8,17.8,17.5,17.7,0.0,43
2025-06-09,1457,60337,1058076,17.6,17.7,17.45,17.7,0.0,60
2025-06-10,1457,92000,1621040,17.55,17.8,17.45,17.8,0.1,100
2025-06-11,1457,43247,762457,17.65,17.7,17.55,17.7,-0.1,66
2025-06-12,1457,32625,573204,17.6,17.6,17.5,17.6,-0.1,37
2025-06-13,1457,62965,1101395,17.4,17.7,17.4,17.5,-0.1,61
2025-06-16,1457,135244,2347363,17.35,17.55,17.3,17.55,0.05,78
2025-06-17,1457,76644,1336676,17.5,17.6,17.35,17.35,-0.2,64
2025-06-18,1457,57939,1009425,17.15,17.6,17.15,17.4,0.05,50
2025-06-19,1457,187466,3229356,17.4,17.4,17.1,17.35,-0.05,105
2025-06-20,1457,71526,1228041,17.15,17.35,17.1,17.15,-0.2,90
2025-06-23,1457,103086,1754429,17.15,17.15,16.95,17.0,-0.15,111
2025-06-24,1457,49879,862854,17.1,17.4,17.1,17.4,0.4,61
2025-06-25,1457,87113,1509647,17.45,17.45,17.1,17.35,-0.05,64
2025-06-26,1457,50146,876460,17.35,17.6,17.25,17.55,0.2,68
2025-06-27,1457,112279,1959259,17.55,17.55,17.3,17.4,-0.15,108
2025-06-30,1457,28674,497344,17.3,17.4,17.3,17.4,0.0,41
2025-07-01,1457,70228,1229021,17.45,17.6,17.45,17.5,0.1,89
2025-07-02,1457,47647,829063,17.5,17.5,17.35,17.5,0.0,74
2025-07-03,1457,44294,774962,17.6,17.6,17.4,17.5,0.0,51
2025-07-04,1457,39222,680525,17.4,17.55,17.3,17.3,-0.2,45
2025-07-07,1457,43956,757610,17.25,17.45,17.15,17.2,-0.1,53
2025-07-08,1457,43950,756950,17.15,17.4,17.15,17.4,0.2,55
2025-07-09,1457,28695,500466,17.5,17.5,17.3,17.4,0.0,56
2025-07-10,1457,14927,258522,17.3,17.45,17.25,17.35,-0.05,30
2025-07-11,1457,22462,388473,17.35,17.35,17.25,17.3,-0.05,22
2025-07-14,1457,45293,782989,17.3,17.35,17.25,17.3,0.0,51
2025-07-15,1457,38121,657141,17.3,17.3,17.2,17.3,0.0,144
2025-07-16,1457,58041,1001225,17.2,17.35,17.1,17.35,0.05,54
2025-07-17,1457,64675,1124494,17.35,17.45,17.3,17.4,0.05,53
2025-07-18,1457,78041,1355163,17.4,17.45,17.25,17.4,0.0,46
2025-07-21,1457,38309,665695,17.45,17.45,17.25,17.45,0.05,47
2025-07-22,1457,24683,429765,17.45,17.5,17.3,17.5,0.05,27
2025-07-23,1457,35619,619789,17.5,17.5,17.3,17.5,0.0,46
2025-07-24,1457,38862,674199,17.45,17.45,17.3,17.35,-0.15,31
2025-07-25,1457,37651,651750,17.35,17.4,17.3,17.3,-0.05,29
2025-07-28,1457,33099,570441,17.25,17.3,17.2,17.25,-0.05,40
2025-07-29,1457,54025,925623,17.15,17.2,17.1,17.1,-0.15,76
2025-07-30,1457,44637,765976,17.1,17.25,17.1,17.2,0.1,48
2025-07-31,1457,39618,677684,17.1,17.1,17.1,17.1,-0.1,75
2025-08-01,1457,71724,1223107,17.0,17.15,16.9,17.1,0.0,62
2025-08-04,1457,87046,1483101,16.8,17.2,16.8,17.2,0.1,60
2025-08-05,1457,111482,1910934,17.25,17.25,17.1,17.2,0.0,83
2025-08-06,1457,34245,587292,17.2,17.2,17.1,17.15,-0.05,50
2025-08-07,1457,90461,1542377,17.05,17.1,17.0,17.05,-0.1,57
2025-08-08,1457,61517,1047687,17.15,17.15,17.0,17.0,-0.05,92
2025-08-11,1457,84090,1427031,17.0,17.05,16.95,16.95,-0.05,66
2025-08-12,1457,160936,2710425,16.95,16.95,16.8,16.85,-0.1,97
2025-08-13,1457,63842,1076035,16.85,16.9,16.8,16.85,0.0,64
2025-08-14,1457,111228,1887206,16.85,17.05,16.85,17.05,0.2,70
2025-08-15,1457,42329,719446,17.0,17.05,16.95,17.0,-0.05,44
2025-08-18,1457,124807,2114624,17.0,17.0,16.85,17.0,0.0,93
2025-08-19,1457,66034,1114803,16.85,17.05,16.85,17.05,0.05,61
2025-08-20,1457,19723,332580,16.95,16.95,16.8,16.85,-0.2,37
2025-08-21,1457,114348,1933158,16.9,16.95,16.9,16.9,0.05,45
2025-08-22,1457,76556,1290221,16.85,16.95,16.8,16.85,-0.05,61
2025-08-25,1457,89729,1513331,16.85,16.95,16.8,16.9,0.05,65
2025-08-26,1457,48153,811432,16.85,16.9,16.85,16.9,0.0,35
2025-08-27,1457,63586,1073232,16.8,16.95,16.8,16.9,0.0,50
2025-08-28,1457,353080,5933271,16.9,16.9,16.75,16.75,-0.15,138
2025-08-29,1457,95751,1608969,16.8,16.85,16.75,16.85,0.1,59
2025-09-01,1457,57363,964971,16.85,16.85,16.8,16.85,0.0,60
2025-09-02,1457,103522,1739572,16.9,16.9,16.75,16.8,-0.05,73
2025-09-03,1457,100308,1681028,16.75,16.9,16.65,16.9,0.1,94
2025-09-04,1457,112447,1910530,16.9,17.05,16.9,17.0,0.1,88
2025-09-05,1457,49093,832054,17.0,17.0,16.9,16.95,-0.05,71
2025-09-08,1457,71801,1225373,17.1,17.1,16.95,17.0,0.05,63
2025-09-09,1457,43756,742960,17.0,17.0,16.95,16.95,-0.05,34
2025-09-10,1457,49570,835489,16.9,16.95,16.7,16.9,-0.05,61
2025-09-11,1457,134700,2258056,16.95,16.95,16.7,16.7,-0.2,118
2025-09-12,1457,78290,1304839,16.75,16.75,16.6,16.65,-0.05,135
2025-09-15,1457,68457,1141511,16.7,16.75,16.65,16.65,0.0,87
2025-09-16,1457,57643,961123,16.7,16.8,16.6,16.6,-0.05,82
2025-09-17,1457,75764,1257721,16.6,16.65,16.55,16.55,-0.05,103
2025-09-18,1457,306167,5020068,16.55,16.55,16.25,16.45,-0.1,222
2025-09-19,1457,81012,1327293,16.4,16.4,16.35,16.35,-0.1,68
2025-09-22,1457,99073,1624663,16.35,16.5,16.35,16.5,0.15,76
2025-09-23,1457,170230,2775857,16.55,16.55,16.2,16.35,-0.15,114
2025-09-24,1457,51712,845985,16.35,16.5,16.35,16.35,0.0,63
2025-09-25,1457,57942,949999,16.5,16.5,16.35,16.35,0.0,62
2025-09-26,1457,163489,2709581,16.85,16.85,16.35,16.5,0.15,139
2025-09-30,1457,43378,720988,16.55,16.7,16.45,16.7,0.2,60
2025-10-01,1457,60119,997874,16.7,16.7,16.55,16.6,-0.1,70
2025-10-02,1457,47104,782336,16.6,16.7,16.55,16.7,0.1,70
2025-10-03,1457,63892,1061009,16.6,16.7,16.55,16.7,0.0,82
2025-10-07,1457,75231,1250789,16.7,16.7,16.55,16.7,0.0,78
2025-10-08,1457,86916,1439529,16.6,16.7,16.5,16.5,-0.2,76
2025-10-09,1457,72443,1199760,16.5,16.7,16.5,16.5,0.0,75
2025-10-13,1457,56128,921171,16.5,16.5,16.35,16.35,-0.15,130
2025-10-14,1457,99853,1636423,16.45,16.45,16.35,16.35,0.0,110
2025-10-15,1457,221851,3646769,16.4,16.5,16.4,16.45,0.1,125
2025-10-16,1457,85047,1403706,16.45,16.6,16.45,16.5,0.05,90
2025-10-17,1457,60180,987096,16.45,16.5,16.35,16.35,-0.15,82
2025-10-20,1457,78089,1277909,16.35,16.5,16.3,16.45,0.1,73
2025-10-21,1457,34870,571362,16.4,16.5,16.3,16.4,-0.05,38
2025-10-22,1457,98612,1628138,16.45,16.55,16.45,16.5,0.1,62
2025-10-23,1457,150044,2473259,16.5,16.5,16.45,16.45,-0.05,57
2025-10-27,1457,76799,1262556,16.4,16.5,16.35,16.45,0.0,75
2025-10-28,1457,167413,2745301,16.45,16.45,16.35,16.4,-0.05,70
2025-10-29,1457,60693,993241,16.45,16.45,16.35,16.35,-0.05,68
2025-10-30,1457,38357,626460,16.3,16.4,16.3,16.3,-0.05,49
2025-10-31,1457,98824,1617023,16.35,16.45,16.3,16.3,0.0,83
2025-11-03,1457,64500,1051625,16.3,16.35,16.25,16.3,0.0,69
2025-11-04,1457,95416,1547463,16.3,16.3,16.2,16.2,-0.1,84
2025-11-05,1457,89278,1437583,16.15,16.15,16.05,16.15,-0.05,78
2025-11-06,1457,37347,607342,16.2,16.35,16.2,16.35,0.2,42
2025-11-07,1457,29413,477265,16.25,16.35,16.2,16.2,-0.15,35
2025-11-10,1457,36339,588159,16.25,16.25,16.15,16.2,0.0,32
2025-11-11,1457,56631,918037,16.25,16.4,16.15,16.15,-0.05,42
2025-11-12,1457,81299,1333429,16.4,16.45,16.3,16.35,0.2,78
2025-11-13,1457,46018,755536,16.4,16.45,16.4,16.45,0.1,42
2025-11-14,1457,229462,3791421,16.4,16.6,16.4,16.45,0.0,205
2025-11-17,1457,71171,1169007,16.5,16.6,16.3,16.35,-0.1,61
2025-11-18,1457,41498,671939,16.3,16.3,16.15,16.2,-0.15,90
2025-11-19,1457,75482,1216514,16.1,16.2,16.05,16.15,-0.05,71
2025-11-20,1457,107885,1741871,16.2,16.2,16.1,16.1,-0.05,53
2025-11-21,1457,57167,915579,16.15,16.15,15.95,16.05,-0.05,84
2025-11-24,1457,47464,757484,16.25,16.25,15.85,16.05,0.0,38
2025-11-25,1457,78215,1255061,16.05,16.1,16.0,16.1,0.05,43
2025-11-26,1457,171601,2758938,15.95,16.2,15.95,16.2,0.1,76
2025-11-27,1457,90066,1445448,16.1,16.15,16.0,16.1,-0.1,54
2025-11-28,1457,87791,1405335,16.05,16.05,15.95,16.0,-0.1,70
2025-12-01,1457,127762,2040687,16.0,16.1,15.95,15.95,-0.05,61
2025-12-02,1457,62226,993996,15.95,16.0,15.9,15.95,0.0,48
2025-12-03,1457,35020,560379,16.0,16.05,16.0,16.0,0.05,32
2025-12-04,1457,75677,1208913,16.0,16.0,15.9,15.95,-0.05,77
2025-12-05,1457,110618,1776260,15.95,16.3,15.9,16.3,0.35,76
2025-12-08,1457,66599,1078439,16.25,16.3,16.1,16.1,-0.2,72
2025-12-09,1457,53061,848541,16.0,16.05,15.9,15.95,-0.15,56
2025-12-10,1457,39963,635908,15.9,16.0,15.9,15.9,-0.05,48
2025-12-11,1457,54764,869684,15.9,15.95,15.85,15.95,0.05,52
2025-12-12,1457,42354,672796,15.95,15.95,15.8,15.9,-0.05,84
2025-12-15,1457,80294,1267823,15.9,15.95,15.7,15.8,-0.1,105
2025-12-16,1457,87932,1382002,15.8,15.8,15.7,15.7,-0.1,114
2025-12-17,1457,56711,890015,15.7,15.7,15.65,15.65,-0.05,74
2025-12-18,1457,62960,987466,15.65,15.7,15.65,15.65,0.0,67
2025-12-19,1457,39685,624658,15.65,15.85,15.65,15.7,0.05,61
2025-12-22,1457,48043,755772,15.7,15.8,15.7,15.8,0.1,61
2025-12-23,1457,40086,632786,15.8,15.8,15.75,15.75,-0.05,40
2025-12-24,1457,55910,881755,15.85,15.85,15.75,15.75,0.0,54
2025-12-26,1457,57400,905237,15.8,15.8,15.75,15.75,0.0,60
2025-12-29,1457,224964,3547526,15.75,15.8,15.55,15.8,0.05,91
2025-12-30,1457,60663,960062,15.8,15.9,15.8,15.85,0.05,64
2025-12-31,1457,90958,1431382,15.8,15.8,15.7,15.8,-0.05,66
2026-01-02,1457,60736,959986,15.85,15.9,15.7,15.9,0.1,100
2026-01-05,1457,114995,1797673,15.95,15.95,15.6,15.6,-0.3,150
2026-01-06,1457,250493,3883099,15.5,15.6,15.45,15.55,-0.05,156
2026-01-07,1457,151615,2351521,15.5,15.6,15.5,15.5,-0.05,96
2026-01-08,1457,118049,1834397,15.55,15.6,15.5,15.5,0.0,99
2026-01-09,1457,84621,1313894,15.5,15.6,15.45,15.6,0.1,60
2026-01-12,1457,114975,1782482,15.5,15.55,15.45,15.5,-0.1,83
2026-01-13,1457,94639,1465135,15.5,15.55,15.45,15.55,0.05,66
2026-01-14,1457,72335,1126054,15.55,15.6,15.5,15.6,0.05,67
2026-01-15,1457,64265,1002767,15.6,15.7,15.5,15.65,0.05,76
2026-01-16,1457,67879,1058423,15.65,15.65,15.55,15.6,-0.05,57
2026-01-19,1457,165046,2552287,15.45,15.6,15.4,15.5,-0.1,115
2026-01-20,1457,127504,1970388,15.45,15.5,15.4,15.45,-0.05,68
2026-01-21,1457,295908,4528064,15.35,15.4,15.2,15.25,-0.2,169
2026-01-22,1457,238104,3613924,15.3,15.3,15.1,15.2,-0.05,216
2026-01-23,1457,294956,4439541,15.15,15.15,15.0,15.0,-0.2,220
2026-01-26,1457,385267,5961545,15.05,15.95,15.05,15.45,0.45,290
2026-01-27,1457,121146,1892282,15.9,15.9,15.45,15.55,0.1,131
2026-01-28,1457,136235,2125147,15.6,15.8,15.45,15.6,0.05,113
2026-01-29,1457,56981,879475,15.65,15.65,15.35,15.5,-0.1,93
2026-01-30,1457,63876,976265,15.4,15.4,15.25,15.25,-0.25,78
2026-02-02,1457,110354,1667795,15.3,15.3,15.0,15.05,-0.2,119
2026-02-03,1457,67807,1021109,15.2,15.2,15.0,15.05,0.0,60
2026-02-04,1457,146240,2201404,15.1,15.15,15.0,15.05,0.0,93
2026-02-05,1457,88287,1329440,15.0,15.1,15.0,15.0,-0.05,66
2026-02-06,1457,56524,846386,15.0,15.05,14.9,14.95,-0.05,63
2026-02-09,1457,73463,1105865,15.2,15.2,14.95,14.95,0.0,79
2026-02-10,1457,48935,737643,15.05,15.15,15.0,15.0,0.05,66
2026-02-11,1457,94772,1433984,15.0,15.3,15.0,15.15,0.15,120
2026-02-23,1457,142487,2178487,15.15,15.35,15.15,15.35,0.2,166
2026-02-24,1457,308243,4847381,15.35,15.9,15.35,15.85,0.5,191
2026-02-25,1457,197859,3169565,15.85,16.1,15.85,16.1,0.25,159
2026-02-26,1457,77655,1244493,16.2,16.2,15.9,16.0,-0.1,108
2026-03-02,1457,165518,2599991,16.05,16.05,15.55,15.85,-0.15,181
2026-03-03,1457,170157,2662010,15.65,15.75,15.55,15.7,-0.15,77
2026-03-04,1457,109258,1672773,15.55,15.55,15.25,15.25,-0.45,116
2026-03-05,1457,173657,2643858,15.45,15.45,15.15,15.3,0.05,178
2026-03-06,1457,33893,518368,15.2,15.35,15.2,15.35,0.05,54
2026-03-09,1457,283709,4326019,14.9,15.5,14.85,15.25,-0.1,230
2026-03-10,1457,72293,1132301,15.25,16.0,15.25,15.65,0.4,95
2026-03-11,1457,149384,2346001,15.65,15.75,15.65,15.65,0.0,50
2026-03-12,1457,89491,1390968,15.55,15.65,15.35,15.35,-0.3,89
2026-03-13,1457,316666,4996678,15.45,15.9,15.45,15.75,0.4,253
2026-03-16,1457,289113,4644812,15.95,16.2,15.95,16.0,0.25,222
2026-03-17,1457,138601,2219539,16.1,16.1,15.95,16.0,0.0,178
2026-03-18,1457,356287,5783867,16.2,16.4,16.05,16.35,0.35,275
2026-03-19,1457,139989,2256035,16.2,16.25,16.05,16.1,-0.25,166
2026-03-20,1457,125055,2009376,16.05,16.15,15.95,16.0,-0.1,208
2026-03-23,1457,275135,4465241,16.0,16.4,15.95,16.2,0.2,246
2026-03-24,1457,138112,2237560,16.25,16.3,16.1,16.2,0.0,139
2026-03-25,1457,305790,4963441,16.25,16.3,16.1,16.3,0.1,180
2026-03-26,1457,427502,6971528,16.35,16.4,16.2,16.3,0.0,299
2026-03-27,1457,228699,3477388,15.05,15.4,15.05,15.15,0.0,207
2026-03-30,1457,219880,3294415,15.05,15.05,14.9,15.0,-0.15,141
2026-03-31,1457,156655,2346970,14.9,15.2,14.85,15.1,0.1,144
2026-04-01,1457,231953,3498958,15.35,15.35,14.9,15.0,-0.1,208
2026-04-02,1457,132050,1966203,15.0,15.0,14.8,14.8,-0.2,136
2026-04-07,1457,522022,7794775,14.9,15.25,14.65,15.15,0.35,285
2026-04-08,1457,413162,6332423,15.25,15.7,15.1,15.25,0.1,258
2026-04-09,1457,247684,3779168,15.4,15.45,15.0,15.35,0.1,191
2026-04-10,1457,551212,8222843,15.1,15.2,14.8,14.85,-0.5,350
2026-04-13,1457,52478,780013,14.95,14.95,14.8,14.85,0.0,90
2026-04-14,1457,117222,1750491,15.05,15.05,14.85,14.85,0.0,135
2026-04-15,1457,120828,1808208,14.85,15.05,14.85,15.0,0.15,138
2026-04-16,1457,156899,2346541,15.0,15.1,14.9,15.0,0.0,124
2026-04-17,1457,127144,1888572,15.0,15.0,14.7,15.0,0.0,148
2026-04-20,1457,120291,1790114,15.05,15.05,14.8,14.85,-0.15,100
2026-04-21,1457,69679,1037283,14.9,14.95,14.85,14.95,0.1,61
2026-04-22,1457,90882,1345725,15.0,15.0,14.75,14.8,-0.15,88
2026-04-23,1457,145439,2131488,14.8,14.8,14.55,14.65,-0.15,121
2026-04-24,1457,130365,1906905,14.8,14.8,14.55,14.65,0.0,85
2026-04-27,1457,207781,3022304,14.6,14.6,14.5,14.6,-0.05,131
2026-04-28,1457,99054,1436074,14.5,14.6,14.45,14.6,0.0,108
2026-04-29,1457,184950,2683770,14.6,14.6,14.4,14.6,0.0,92
2026-04-30,1457,165791,2400902,14.75,14.75,14.4,14.45,-0.15,152
2026-05-04,1457,131395,1892401,14.45,14.45,14.35,14.35,-0.1,89
2026-05-05,1457,151618,2176718,14.35,14.45,14.3,14.45,0.1,106
2026-05-06,1457,215701,3130950,14.45,14.6,14.45,14.6,0.15,129
2026-05-07,1457,119069,1725617,14.5,14.55,14.4,14.55,-0.05,119
2026-05-08,1457,99567,1445959,14.65,14.65,14.5,14.5,-0.05,93
2026-05-11,1457,198751,2874112,14.45,14.55,14.4,14.45,-0.05,111
2026-05-12,1457,175641,2515582,14.4,14.4,14.25,14.3,-0.15,131
2026-05-13,1457,62549,893019,14.3,14.35,14.25,14.3,0.0,58
2026-05-14,1457,138038,1968210,14.25,14.5,14.2,14.2,-0.1,129
2026-05-15,1457,300560,4240596,14.25,14.25,14.05,14.05,-0.15,130
2026-05-18,1457,92536,1302331,14.15,14.15,14.05,14.05,0.0,75
2026-05-19,1457,63163,890424,14.05,14.15,14.05,14.1,0.05,65
2026-05-20,1457,91337,1288576,14.15,14.15,14.05,14.15,0.05,69
2026-05-21,1457,107145,1507763,14.05,14.1,14.05,14.05,-0.1,96
2026-05-22,1457,153555,2160230,14.1,14.1,14.0,14.05,0.0,107
2026-05-25,1457,332845,4597971,14.1,14.1,13.7,13.85,-0.2,215
2026-05-26,1457,183677,2545666,13.85,13.95,13.8,13.95,0.1,96
2026-05-27,1457,135580,1880168,13.9,14.0,13.8,13.95,0.0,88
2026-05-28,1457,104716,1455219,13.95,13.95,13.85,13.95,0.0,74
2026-05-29,1457,160109,2238166,13.95,14.05,13.9,14.0,0.05,102
2026-06-01,1457,208183,2913859,14.0,14.05,13.9,14.0,0.0,135
2026-06-02,1457,257705,3577230,13.95,14.0,13.85,13.95,-0.05,155
2026-06-03,1457,611754,8790634,14.05,14.85,14.0,14.75,0.8,277
2026-06-04,1457,2629815,41623223,15.9,16.2,15.3,15.55,0.8,999
2026-06-05,1457,1087462,16877426,15.75,15.8,15.05,15.5,-0.05,478
2026-06-08,1457,632183,9178739,14.6,14.9,14.0,14.9,-0.6,257
2026-06-09,1457,344737,5087856,14.6,14.95,14.6,14.65,-0.25,168
2026-06-10,1457,879093,13105862,14.85,15.45,14.45,14.65,0.0,464
2026-06-11,1457,242876,3488090,14.65,14.65,14.2,14.35,-0.3,155
2026-06-12,1457,260300,3781616,14.55,14.6,14.4,14.55,0.2,146
2026-06-15,1457,181189,2632035,14.75,14.75,14.45,14.55,0.0,122
2026-06-16,1457,127967,1852543,14.6,14.6,14.45,14.45,-0.1,111
2026-06-17,1457,178639,2572937,14.45,14.5,14.35,14.4,-0.05,104
2026-06-18,1457,379524,5432894,14.4,14.45,14.25,14.3,-0.1,178
2026-06-22,1457,240446,3417861,14.4,14.4,14.15,14.2,-0.1,141
2026-06-23,1457,170059,2404129,14.3,14.3,14.1,14.15,-0.05,104
2026-06-24,1457,126542,1792453,14.05,14.25,14.05,14.2,0.05,86
2026-06-25,1457,141144,1995657,14.1,14.2,14.1,14.2,0.0,82
2026-06-26,1457,198801,2794576,14.1,14.2,14.0,14.05,-0.15,116
2026-06-29,1457,83611,1184011,14.05,14.25,14.05,14.25,0.2,86
2026-06-30,1457,131400,1850031,14.25,14.25,14.0,14.05,-0.2,99
2026-07-01,1457,166250,2336357,14.05,14.1,14.0,14.1,0.05,133
2026-07-02,1457,241378,3457557,14.2,14.45,14.1,14.4,0.3,156
2026-07-03,1457,434729,6400432,14.25,15.0,14.25,14.7,0.3,195
2026-07-06,1457,158035,2327027,14.7,14.9,14.65,14.7,0.0,120
2026-07-07,1457,99590,1439213,14.65,14.8,14.25,14.4,-0.3,85
2026-07-08,1457,69327,997574,14.6,14.6,14.3,14.4,0.0,61
2026-07-09,1457,109035,1551690,14.3,14.35,14.15,14.15,-0.25,64
2026-07-13,1457,84137,1191920,14.15,14.3,14.1,14.25,0.1,70
2026-07-14,1457,103309,1463548,14.25,14.25,14.1,14.1,-0.15,78
2026-07-15,1457,134064,1893948,14.15,14.4,14.0,14.4,0.3,85
2026-07-16,1457,52762,755036,14.4,14.4,14.1,14.4,0.0,53
2026-07-17,1457,66043,940227,14.3,14.4,14.1,14.25,-0.15,81
2026-07-20,1457,102724,1470289,14.3,14.4,14.2,14.25,0.0,74
2026-07-21,1457,90120,1286852,14.2,14.3,14.2,14.3,0.05,39
2026-07-22,1457,122753,1745218,14.3,14.3,14.1,14.25,-0.05,71
2026-07-23,1457,41904,594874,14.25,14.25,14.15,14.25,0.0,51
2026-07-24,1457,140702,1998687,14.2,14.3,14.15,14.3,0.05,80
2026-07-27,1457,85255,1218402,14.3,14.4,14.2,14.35,0.05,75
2026-07-28,1457,152406,2154330,14.35,14.35,14.0,14.35,0.0,104
2026-07-29,1457,169540,2416185,14.35,14.35,14.2,14.3,-0.05,85
2026-07-30,1457,110875,1578324,14.35,14.35,14.15,14.25,-0.05,68
2026-07-31,1457,46664,667390,14.3,14.3,14.25,14.3,0.05,36
2026-08-03,1457,58164,825253,14.15,14.3,14.1,14.3,0.0,86
2026-08-04,1457,160216,2268509,14.1,14.3,14.05,14.3,0.0,150
2026-08-05,1457,71728,1021833,14.3,14.3,14.2,14.25,-0.05,47
2026-08-06,1457,208327,2931096,14.2,14.2,14.0,14.05,-0.2,131
2026-08-07,1457,218406,3057579,14.2,14.2,13.9,14.05,0.0,102
2026-08-10,1457,75762,1069281,14.1,14.15,14.1,14.1,0.05,58
2026-08-11,1457,51178,724449,14.15,14.25,14.1,14.15,0.05,53
2026-08-12,1457,275592,3997152,14.25,14.7,14.25,14.4,0.25,155
2026-08-13,1457,119541,1727184,14.5,14.6,14.35,14.55,0.15,70
2026-08-14,1457,152741,2186317,14.5,14.5,14.0,14.35,-0.2,89
2026-08-17,1457,36090,520198,14.35,14.5,14.35,14.45,0.1,49
2026-08-18,1457,51440,736073,14.25,14.4,14.25,14.35,-0.1,45
2026-08-19,1457,92150,1315942,14.25,14.4,14.2,14.35,0.0,44
2026-08-20,1457,128225,1837875,14.35,14.35,14.3,14.35,0.0,40
2026-08-21,1457,80026,1155268,14.5,14.5,14.35,14.5,0.15,51
2026-08-24,1457,19137,275385,14.25,14.45,14.25,14.45,-0.05,25
2026-08-25,1457,116951,1678722,14.45,14.45,14.25,14.3,-0.15,39
2026-08-26,1457,51687,747173,14.3,14.5,14.3,14.5,0.2,70
2026-08-27,1457,127459,1838891,14.5,14.5,14.35,14.4,-0.1,59
2026-08-28,1457,51405,739938,14.45,14.45,14.35,14.45,0.05,38
2026-08-31,1457,64791,925323,14.35,14.35,14.25,14.35,-0.1,68
2026-09-01,1457,97941,1406196,14.25,14.45,14.25,14.4,0.05,48
2026-09-02,1457,56905,820895,14.3,14.45,14.3,14.45,0.05,38
2026-09-03,1457,122011,1764207,14.5,14.5,14.35,14.4,-0.05,31
2026-09-04,1457,151236,2181956,14.5,14.5,14.35,14.5,0.1,152
2026-09-07,1457,143901,2079761,14.5,14.55,14.3,14.3,-0.2,126
2026-09-08,1457,66266,950925,14.3,14.45,14.3,14.35,0.05,52
2026-09-09,1457,75528,1089716,14.45,14.5,14.35,14.5,0.15,42
2026-09-10,1457,25886,373299,14.4,14.5,14.35,14.45,-0.05,29
2026-09-11,1457,56008,805883,14.3,14.5,14.25,14.5,0.05,32
2026-09-14,1457,153986,2221802,14.5,14.5,14.35,14.45,-0.05,53
2026-09-15,1457,37872,544469,14.35,14.45,14.3,14.35,-0.1,41
2026-09-16,1457,84460,1214165,14.35,14.45,14.25,14.3,-0.05,76
2026-09-17,1457,111847,1615306,14.3,14.5,14.3,14.45,0.15,54
2026-09-18,1457,153691,2228343,14.45,14.55,14.45,14.55,0.1,72
2026-09-21,1457,74546,1075667,14.45,14.55,14.3,14.5,-0.05,45
2026-09-22,1457,67428,975513,14.6,14.6,14.45,14.5,0.0,47
2026-09-23,1457,110638,1594959,14.5,14.55,14.35,14.4,-0.1,66
2026-09-24,1457,45123,647633,14.35,14.45,14.35,14.35,-0.05,32
