date,stock_id,Trading_Volume,Trading_money,open,max,min,close,spread,Trading_turnover
2016-09-29,2208,334319,4591366,13.75,13.8,13.65,13.8,0.05,255
2016-09-30,2208,416705,5673672,13.8,13.8,13.5,13.55,-0.25,275
2016-10-03,2208,593661,8040721,13.6,13.65,13.5,13.5,-0.05,303
2016-10-04,2208,255765,3472974,13.5,13.65,13.5,13.6,0.1,232
2016-10-05,2208,367567,4978330,13.5,13.6,13.45,13.6,0.0,231
2016-10-06,2208,511602,6907275,13.55,13.6,13.45,13.5,-0.1,230
2016-10-07,2208,583752,7828309,13.5,13.6,13.3,13.4,-0.1,326
2016-10-11,2208,715527,9507056,13.4,13.45,13.2,13.2,-0.2,326
2016-10-12,2208,341482,4485230,13.2,13.2,13.1,13.15,-0.05,205
2016-10-13,2208,394605,5168954,13.05,13.15,13.05,13.15,0.0,250
2016-10-14,2208,438547,5783917,13.15,13.3,13.1,13.3,0.15,289
2016-10-17,2208,248862,3286720,13.3,13.35,13.1,13.25,-0.05,154
2016-10-18,2208,449497,5963482,13.25,13.35,13.15,13.25,0.0,208
2016-10-19,2208,475577,6342773,13.25,13.4,13.25,13.4,0.15,194
2016-10-20,2208,305950,4110722,13.4,13.5,13.35,13.5,0.1,186
2016-10-21,2208,685497,9185857,13.5,13.5,13.35,13.35,-0.15,181
2016-10-24,2208,327200,4369956,13.35,13.4,13.25,13.4,0.05,153
2016-10-25,2208,314404,4191919,13.45,13.45,13.25,13.4,0.0,106
2016-10-26,2208,230375,3063433,13.4,13.4,13.25,13.3,-0.1,110
2016-10-27,2208,513110,6757539,13.4,13.4,13.1,13.1,-0.2,214
2016-10-28,2208,221928,2918053,13.1,13.2,13.1,13.2,0.1,131
2016-10-31,2208,274192,3603446,13.1,13.2,13.1,13.1,-0.1,142
2016-11-01,2208,169286,2227145,13.1,13.25,13.1,13.15,0.05,103
2016-11-02,2208,289808,3806311,13.2,13.25,13.05,13.05,-0.1,189
2016-11-03,2208,135278,1770577,13.1,13.2,13.0,13.1,0.05,106
2016-11-04,2208,301439,3922862,13.0,13.1,13.0,13.0,-0.1,200
2016-11-07,2208,313768,4085566,12.95,13.1,12.95,13.05,0.05,125
2016-11-08,2208,190057,2479991,13.0,13.1,13.0,13.0,-0.05,140
2016-11-09,2208,668024,8598105,13.05,13.1,12.65,12.7,-0.3,332
2016-11-10,2208,375209,4829571,12.75,13.05,12.75,12.8,0.1,223
2016-11-11,2208,473321,6020624,12.7,12.8,12.6,12.8,0.0,210
2016-11-14,2208,372583,4765667,12.8,12.95,12.7,12.85,0.05,184
2016-11-15,2208,308703,3961985,12.9,12.95,12.75,12.75,-0.1,194
2016-11-16,2208,563900,7204522,12.8,12.95,12.7,12.7,-0.05,301
2016-11-17,2208,517607,6576836,12.7,12.8,12.65,12.75,0.05,205
2016-11-18,2208,1588344,20969188,12.8,13.4,12.8,13.35,0.6,664
2016-11-21,2208,953690,12836542,13.3,13.6,13.3,13.45,0.1,417
2016-11-22,2208,661326,8901633,13.55,13.6,13.4,13.4,-0.05,285
2016-11-23,2208,609700,8131640,13.45,13.5,13.25,13.3,-0.1,228
2016-11-24,2208,411152,5441710,13.3,13.3,13.15,13.25,-0.05,134
2016-11-25,2208,301365,3998816,13.3,13.4,13.2,13.2,-0.05,122
2016-11-28,2208,304203,4020507,13.2,13.3,13.15,13.2,0.0,127
2016-11-29,2208,237046,3131101,13.2,13.25,13.15,13.25,0.05,132
2016-11-30,2208,376475,5016614,13.15,13.4,13.15,13.4,0.15,197
2016-12-01,2208,469420,6227819,13.4,13.45,13.2,13.25,-0.15,196
2016-12-02,2208,410825,5405389,13.25,13.25,13.1,13.2,-0.05,132
2016-12-05,2208,397021,5183473,13.2,13.2,13.0,13.0,-0.2,282
2016-12-06,2208,417047,5423961,12.9,13.1,12.9,13.1,0.1,268
2016-12-07,2208,251499,3295309,13.1,13.2,13.05,13.05,-0.05,155
2016-12-08,2208,423008,5531804,13.1,13.15,13.0,13.15,0.1,282
2016-12-09,2208,203241,2667253,13.1,13.15,13.05,13.15,0.0,133
2016-12-12,2208,325732,4252116,13.1,13.2,13.0,13.05,-0.1,172
2016-12-13,2208,582233,7554829,13.05,13.1,12.85,13.0,-0.05,301
2016-12-14,2208,600056,7828615,12.9,13.15,12.9,13.0,0.0,352
2016-12-15,2208,476891,6210433,13.0,13.1,13.0,13.0,0.0,327
2016-12-16,2208,839851,10858838,13.0,13.1,12.85,12.9,-0.1,440
2016-12-19,2208,471301,6099680,13.0,13.0,12.9,13.0,0.1,230
2016-12-20,2208,385164,5007386,13.0,13.1,12.9,13.05,0.05,215
2016-12-21,2208,434736,5673418,13.05,13.15,13.0,13.05,0.0,144
2016-12-22,2208,1666883,22088453,13.05,13.35,13.05,13.3,0.25,482
2016-12-23,2208,4210677,58710445,13.55,14.3,13.55,14.1,0.8,1619
2016-12-26,2208,2564251,36767069,14.45,14.6,14.1,14.2,0.1,945
2016-12-27,2208,1158785,16207246,14.2,14.2,13.7,14.0,-0.2,377
2016-12-28,2208,530863,7461434,14.0,14.15,14.0,14.05,0.05,257
2016-12-29,2208,261505,3637768,14.0,14.0,13.85,13.85,-0.2,141
2016-12-30,2208,512731,7073932,13.9,13.95,13.7,13.8,-0.05,286
2017-01-03,2208,289155,3996488,13.85,13.95,13.75,13.85,0.05,143
2017-01-04,2208,243083,3366088,13.95,13.95,13.75,13.8,-0.05,136
2017-01-05,2208,314605,4330806,13.8,13.9,13.7,13.7,-0.1,141
2017-01-06,2208,410283,5603955,13.8,13.8,13.55,13.65,-0.05,217
2017-01-09,2208,551503,7500213,13.65,13.7,13.5,13.55,-0.1,232
2017-01-10,2208,861152,11722364,13.5,13.75,13.45,13.75,0.2,322
2017-01-11,2208,467499,6434783,13.8,13.85,13.65,13.75,0.0,208
2017-01-12,2208,344907,4734074,13.8,13.8,13.65,13.75,0.0,251
2017-01-13,2208,300210,4100104,13.75,13.8,13.55,13.7,-0.05,208
2017-01-16,2208,151500,2071473,13.7,13.75,13.6,13.65,-0.05,90
2017-01-17,2208,402683,5503735,13.7,13.75,13.6,13.65,0.0,145
2017-01-18,2208,395342,5397981,13.8,13.8,13.55,13.7,0.05,257
2017-01-19,2208,377029,5164994,13.7,13.8,13.6,13.75,0.05,216
2017-01-20,2208,338049,4662871,13.8,13.85,13.7,13.8,0.05,198
2017-01-23,2208,490493,6779776,13.8,13.85,13.75,13.85,0.05,265
2017-01-24,2208,639329,8873502,13.85,13.9,13.8,13.85,0.0,318
2017-02-02,2208,555922,7724012,13.9,13.95,13.85,13.9,0.05,307
2017-02-03,2208,602736,8389104,13.9,13.95,13.8,13.9,0.0,292
2017-02-06,2208,606772,8417199,13.95,13.95,13.8,13.9,0.0,311
2017-02-07,2208,496562,6914977,13.9,14.0,13.8,13.95,0.05,242
2017-02-08,2208,597105,8305094,13.9,13.95,13.85,13.95,0.0,310
2017-02-09,2208,670393,9222454,13.95,13.95,13.65,13.75,-0.2,306
2017-02-10,2208,474205,6511550,13.6,13.85,13.6,13.7,-0.05,251
2017-02-13,2208,437302,6008230,13.65,13.8,13.65,13.8,0.1,238
2017-02-14,2208,463948,6360931,13.8,13.85,13.65,13.75,-0.05,272
2017-02-15,2208,594391,8166978,13.65,13.8,13.65,13.7,-0.05,384
2017-02-16,2208,763031,10552824,13.7,13.9,13.7,13.9,0.2,336
2017-02-17,2208,1600496,22824436,13.95,14.5,13.95,14.3,0.4,783
2017-02-18,2208,622663,8874111,14.4,14.4,14.15,14.25,-0.05,218
2017-02-20,2208,493507,7012796,14.25,14.3,14.15,14.2,-0.05,224
2017-02-21,2208,652617,9314752,14.3,14.3,14.15,14.3,0.1,330
2017-02-22,2208,599133,8573636,14.3,14.4,14.25,14.3,0.0,262
2017-02-23,2208,396161,5648379,14.3,14.35,14.2,14.3,0.0,203
2017-02-24,2208,628169,8981804,14.3,14.35,14.25,14.3,0.0,241
2017-03-01,2208,1526979,22152993,14.3,14.75,14.3,14.55,0.25,630
2017-03-02,2208,601298,8706439,14.65,14.65,14.4,14.5,-0.05,310
2017-03-03,2208,303968,4393285,14.5,14.5,14.4,14.45,-0.05,186
2017-03-06,2208,505347,7204090,14.4,14.45,14.1,14.2,-0.25,229
2017-03-07,2208,958184,13441959,14.15,14.15,13.95,14.05,-0.15,422
2017-03-08,2208,530275,7478900,14.05,14.25,14.0,14.1,0.05,263
2017-03-09,2208,306544,4303616,14.1,14.1,14.0,14.05,-0.05,185
2017-03-10,2208,304651,4234795,14.05,14.05,13.8,13.95,-0.1,185
2017-03-13,2208,488364,6854207,14.05,14.15,13.95,14.15,0.2,212
2017-03-14,2208,402995,5725975,14.15,14.25,14.15,14.2,0.05,239
2017-03-15,2208,263128,3698425,14.2,14.2,13.95,14.0,-0.2,179
2017-03-16,2208,425367,6001188,14.1,14.2,13.95,14.1,0.1,241
2017-03-17,2208,882922,12576787,14.1,14.45,14.0,14.45,0.35,461
2017-03-20,2208,643342,9248602,14.45,14.45,14.3,14.45,0.0,234
2017-03-21,2208,1483889,21560487,14.45,14.6,14.4,14.6,0.15,621
2017-03-22,2208,8433994,131642949,14.6,16.05,14.55,15.6,1.0,3309
2017-03-23,2208,2515068,38327066,15.6,15.6,15.0,15.25,-0.35,1095
2017-03-24,2208,1181500,17836450,15.25,15.3,15.0,15.05,-0.2,532
2017-03-27,2208,1144333,16898139,15.05,15.05,14.6,14.6,-0.45,496
2017-03-28,2208,1042003,15213934,14.6,14.8,14.4,14.45,-0.15,454
2017-03-29,2208,921848,13177127,14.45,14.5,14.2,14.35,-0.1,448
2017-03-30,2208,397196,5680197,14.35,14.4,14.2,14.35,0.0,213
2017-03-31,2208,479512,6839138,14.35,14.35,14.2,14.25,-0.1,248
2017-04-05,2208,741876,10538644,14.25,14.3,14.1,14.3,0.05,375
2017-04-06,2208,492972,6967252,14.25,14.25,14.05,14.05,-0.25,259
2017-04-07,2208,556005,7800270,14.1,14.15,13.95,14.0,-0.05,272
2017-04-10,2208,679616,9474940,13.95,14.05,13.85,13.95,-0.05,306
2017-04-11,2208,1286102,17786001,14.0,14.0,13.7,13.8,-0.15,510
2017-04-12,2208,552254,7576885,13.8,13.8,13.65,13.75,-0.05,277
2017-04-13,2208,576930,7971877,13.8,13.95,13.7,13.9,0.15,235
2017-04-14,2208,451418,6208901,13.9,13.9,13.65,13.65,-0.25,177
2017-04-17,2208,608639,8185124,13.6,13.6,13.35,13.5,-0.15,277
2017-04-18,2208,749674,10186299,13.5,13.85,13.35,13.8,0.3,394
2017-04-19,2208,609885,8327926,13.7,13.85,13.5,13.65,-0.15,427
2017-04-20,2208,643400,8826819,13.8,13.85,13.55,13.55,-0.1,419
2017-04-21,2208,345418,4754747,13.7,13.8,13.7,13.75,0.2,200
2017-04-24,2208,314237,4319296,13.8,13.8,13.65,13.8,0.05,167
2017-04-25,2208,406480,5641974,13.8,13.95,13.8,13.9,0.1,265
2017-04-26,2208,435814,6032231,13.85,13.9,13.8,13.9,0.0,220
2017-04-27,2208,322915,4509762,13.9,14.05,13.85,14.05,0.15,192
2017-04-28,2208,331299,4647036,14.1,14.1,13.95,14.05,0.0,157
2017-05-02,2208,439041,6155974,14.05,14.1,13.95,14.1,0.05,219
2017-05-03,2208,366903,5134056,14.0,14.1,13.9,13.95,-0.15,126
2017-05-04,2208,220570,3081169,14.0,14.0,13.9,14.0,0.05,145
2017-05-05,2208,359249,5017595,14.0,14.05,13.85,13.85,-0.15,167
2017-05-08,2208,312138,4337257,13.95,14.0,13.8,13.95,0.1,173
2017-05-09,2208,419787,5863036,13.95,14.05,13.9,13.95,0.0,225
2017-05-10,2208,394912,5497123,13.9,14.0,13.85,14.0,0.05,261
2017-05-11,2208,228206,3178160,13.85,14.0,13.85,14.0,0.0,178
2017-05-12,2208,382192,5322128,14.0,14.1,13.85,13.85,-0.15,211
2017-05-15,2208,637195,8836643,13.85,14.0,13.8,13.95,0.1,272
2017-05-16,2208,447381,6172793,13.95,13.95,13.7,13.7,-0.25,299
2017-05-17,2208,296992,4104336,13.7,13.95,13.7,13.95,0.25,234
2017-05-18,2208,282112,3906495,13.8,13.95,13.7,13.9,-0.05,172
2017-05-19,2208,298224,4130366,13.9,13.9,13.75,13.8,-0.1,170
2017-05-22,2208,222779,3084618,13.9,13.95,13.75,13.8,0.0,168
2017-05-23,2208,311853,4300073,13.8,13.85,13.75,13.8,0.0,190
2017-05-24,2208,871527,11893310,13.75,13.8,13.55,13.55,-0.25,380
2017-05-25,2208,916723,12455006,13.6,13.65,13.5,13.55,0.0,472
2017-05-26,2208,441990,6014611,13.6,13.7,13.55,13.65,0.1,204
2017-05-31,2208,1017256,13978305,13.7,13.8,13.7,13.8,0.15,505
2017-06-01,2208,354820,4865348,13.8,13.8,13.65,13.65,-0.15,176
2017-06-02,2208,1158794,15598417,13.7,13.75,13.35,13.5,-0.15,447
2017-06-03,2208,270593,3664950,13.55,13.6,13.5,13.6,0.1,121
2017-06-05,2208,667030,9141355,13.6,13.85,13.55,13.7,0.1,291
2017-06-06,2208,600859,8138430,13.55,13.7,13.5,13.55,-0.15,376
2017-06-07,2208,476107,6409127,13.55,13.55,13.4,13.4,-0.15,316
2017-06-08,2208,640575,8568693,13.4,13.5,13.3,13.4,0.0,376
2017-06-09,2208,691523,9176624,13.4,13.4,13.2,13.35,-0.05,445
2017-06-12,2208,389480,5127706,13.2,13.25,13.1,13.15,-0.2,248
2017-06-13,2208,246163,3233489,13.15,13.25,13.1,13.15,0.0,135
2017-06-14,2208,636252,8262676,13.15,13.15,12.9,12.95,-0.2,303
2017-06-15,2208,521134,6714924,12.9,12.95,12.8,12.85,-0.1,234
2017-06-16,2208,700426,9013194,12.85,13.0,12.75,12.8,-0.05,314
2017-06-19,2208,316938,4081398,12.8,12.95,12.8,12.85,0.05,152
2017-06-20,2208,373056,4810765,12.85,12.95,12.8,12.9,0.05,151
2017-06-21,2208,715671,9402717,12.9,13.3,12.9,13.25,0.35,427
2017-06-22,2208,651171,8519573,13.3,13.3,12.95,13.1,-0.15,221
2017-06-23,2208,418680,5420166,13.0,13.0,12.9,12.95,-0.15,176
2017-06-26,2208,484759,6279873,12.9,13.05,12.85,12.95,0.0,247
2017-06-27,2208,747506,9643142,12.95,13.0,12.85,12.95,0.0,387
2017-06-28,2208,389701,5021835,12.95,12.95,12.85,12.85,-0.1,261
2017-06-29,2208,689439,8878084,12.85,12.95,12.8,12.85,0.0,322
2017-06-30,2208,981726,12590490,12.85,12.95,12.75,12.9,0.05,464
2017-07-03,2208,622899,8055746,12.9,13.0,12.9,12.9,0.0,298
2017-07-04,2208,809928,10594454,13.0,13.2,12.9,13.1,0.2,409
2017-07-05,2208,368920,4791163,13.1,13.15,12.9,13.05,-0.05,271
2017-07-06,2208,661772,8677836,13.15,13.2,13.05,13.1,0.05,387
2017-07-07,2208,537997,6984658,13.0,13.1,12.85,13.05,-0.05,329
2017-07-10,2208,196882,2552972,13.05,13.05,12.9,12.95,-0.1,109
2017-07-11,2208,769767,10082045,12.95,13.2,12.95,13.2,0.25,323
2017-07-12,2208,421811,5502943,13.2,13.25,12.95,13.05,-0.15,215
2017-07-13,2208,240535,3138577,13.05,13.15,13.0,13.05,0.0,129
2017-07-14,2208,326342,4264896,13.05,13.1,13.05,13.1,0.05,128
2017-07-17,2208,238732,3121016,13.1,13.2,13.05,13.1,0.0,120
2017-07-18,2208,336878,4411952,13.1,13.2,13.0,13.05,-0.05,215
2017-07-19,2208,516518,6789253,13.15,13.2,13.05,13.1,0.05,275
2017-07-20,2208,245496,3223766,13.1,13.2,13.05,13.1,0.0,155
2017-07-21,2208,205953,2703389,13.1,13.2,13.05,13.1,0.0,136
2017-07-24,2208,521474,6831453,13.1,13.2,13.0,13.2,0.1,338
2017-07-25,2208,373116,4904257,13.15,13.2,13.05,13.15,-0.05,226
2017-07-26,2208,415833,5465165,13.05,13.2,13.05,13.1,-0.05,191
2017-07-27,2208,738399,9706952,13.1,13.2,13.05,13.05,-0.05,268
2017-07-28,2208,631042,8289192,13.05,13.2,13.05,13.15,0.1,283
2017-07-31,2208,301949,3967579,13.15,13.2,13.05,13.1,-0.05,193
2017-08-01,2208,389857,5106223,13.15,13.15,13.05,13.15,0.05,224
2017-08-02,2208,439439,5778485,13.1,13.2,13.1,13.15,0.0,164
2017-08-03,2208,365932,4790957,13.15,13.15,13.05,13.15,0.0,129
2017-08-04,2208,720610,9376388,13.15,13.15,12.9,12.95,-0.2,297
2017-08-07,2208,884022,11350175,12.9,12.9,12.8,12.8,-0.15,365
2017-08-08,2208,643334,8255535,12.8,12.9,12.75,12.8,0.0,171
2017-08-09,2208,1542170,19455977,12.85,12.85,12.5,12.55,-0.25,630
2017-08-10,2208,1201955,14825093,12.5,12.5,12.2,12.2,-0.35,489
2017-08-11,2208,989120,12088620,12.2,12.4,12.1,12.3,0.1,396
2017-08-14,2208,775230,9385619,12.15,12.2,12.0,12.05,-0.25,367
2017-08-15,2208,1028971,12441397,12.1,12.25,12.0,12.0,-0.05,265
2017-08-16,2208,1134400,13703337,12.0,12.25,12.0,12.0,0.0,523
2017-08-17,2208,925071,11232908,12.0,12.25,12.0,12.2,0.2,299
2017-08-18,2208,1057671,12885696,12.2,12.3,12.1,12.2,0.0,425
2017-08-21,2208,2264726,28498778,12.2,12.8,12.2,12.7,0.5,738
2017-08-22,2208,767961,9637108,12.7,12.7,12.5,12.5,-0.2,290
2017-08-23,2208,1182701,14749720,12.5,12.6,12.4,12.45,-0.05,318
2017-08-24,2208,2138189,27454746,12.7,13.1,12.5,12.8,0.35,875
2017-08-25,2208,895157,11388628,12.75,12.8,12.65,12.7,-0.1,328
2017-08-28,2208,665728,8392999,12.7,12.7,12.5,12.6,-0.1,250
2017-08-29,2208,804702,10071057,12.6,12.6,12.45,12.5,-0.1,229
2017-08-30,2208,604064,7664504,12.75,12.75,12.6,12.7,0.2,245
2017-08-31,2208,527594,6646680,12.7,12.7,12.55,12.6,-0.1,201
2017-09-01,2208,559971,7094078,12.6,12.8,12.6,12.65,0.05,227
2017-09-04,2208,693753,8780534,12.6,12.75,12.55,12.55,-0.1,246
2017-09-05,2208,550659,6926834,12.7,12.7,12.5,12.5,-0.05,219
2017-09-06,2208,495693,6212178,12.55,12.6,12.5,12.5,0.0,170
2017-09-07,2208,907561,11422457,12.5,12.8,12.4,12.55,0.05,391
2017-09-08,2208,577607,7248586,12.5,12.65,12.45,12.6,0.05,221
2017-09-11,2208,713625,8908625,12.6,12.6,12.4,12.45,-0.15,254
2017-09-12,2208,365434,4573671,12.5,12.6,12.45,12.5,0.05,145
2017-09-13,2208,573459,7115440,12.5,12.6,12.35,12.35,-0.15,237
2017-09-14,2208,1073902,13434678,12.35,12.9,12.3,12.5,0.15,387
2017-09-15,2208,882921,11186253,12.5,12.75,12.5,12.7,0.2,283
2017-09-18,2208,1359957,17197810,12.7,12.8,12.6,12.6,-0.1,250
2017-09-19,2208,406269,5142136,12.65,12.75,12.6,12.65,0.05,148
2017-09-20,2208,496699,6274555,12.75,12.75,12.55,12.6,-0.05,156
2017-09-21,2208,211986,2667169,12.65,12.65,12.55,12.55,-0.05,123
2017-09-22,2208,392759,4898845,12.55,12.55,12.4,12.45,-0.1,181
2017-09-25,2208,671390,8278513,12.45,12.5,12.25,12.35,-0.1,247
2017-09-26,2208,411800,5065908,12.4,12.4,12.2,12.2,-0.15,158
2017-09-27,2208,247644,3040206,12.2,12.45,12.2,12.25,0.05,109
2017-09-28,2208,470672,5759347,12.25,12.3,12.2,12.25,0.0,127
2017-09-29,2208,236920,2897270,12.35,12.35,12.2,12.25,0.0,114
2017-09-30,2208,271429,3325482,12.2,12.3,12.2,12.2,-0.05,92
2017-10-02,2208,222798,2739532,12.2,12.35,12.2,12.3,0.1,102
2017-10-03,2208,326114,3993437,12.4,12.4,12.2,12.2,-0.1,150
2017-10-05,2208,439704,5371097,12.2,12.3,12.15,12.15,-0.05,158
2017-10-06,2208,486226,5942588,12.15,12.25,12.15,12.25,0.1,147
2017-10-11,2208,2407429,30155315,12.2,12.75,12.2,12.5,0.25,514
2017-10-12,2208,344020,4266892,12.5,12.5,12.35,12.4,-0.1,118
2017-10-13,2208,258402,3199642,12.4,12.45,12.35,12.4,0.0,121
2017-10-16,2208,773798,9539060,12.4,12.4,12.25,12.4,0.0,239
2017-10-17,2208,749360,9192989,12.4,12.4,12.25,12.25,-0.15,149
2017-10-18,2208,690699,8570491,12.3,12.45,12.3,12.4,0.15,233
2017-10-19,2208,993208,12476797,12.45,12.65,12.45,12.6,0.2,328
2017-10-20,2208,471357,5927660,12.6,12.65,12.5,12.55,-0.05,171
2017-10-23,2208,507939,6377285,12.55,12.6,12.5,12.5,-0.05,181
2017-10-24,2208,547540,6869247,12.5,12.65,12.45,12.6,0.1,203
2017-10-25,2208,814362,10335824,12.6,12.75,12.6,12.75,0.15,317
2017-10-26,2208,584090,7445135,12.8,12.8,12.7,12.7,-0.05,222
2017-10-27,2208,2696624,35024012,12.7,13.25,12.7,13.05,0.35,1023
2017-10-30,2208,1466420,19142484,13.1,13.2,12.9,12.95,-0.1,442
2017-10-31,2208,742790,9573207,12.9,13.0,12.8,12.9,-0.05,300
2017-11-01,2208,1355007,17704741,13.1,13.15,13.0,13.05,0.15,515
2017-11-02,2208,2538812,33918855,13.05,13.65,13.0,13.55,0.5,894
2017-11-03,2208,1997531,27152134,13.4,13.8,13.4,13.55,0.0,745
2017-11-06,2208,9218375,113033114,12.3,12.6,12.2,12.2,-1.35,2959
2017-11-07,2208,6626699,78521393,12.05,12.2,11.7,11.75,-0.45,1925
2017-11-08,2208,2286262,26988155,11.75,11.85,11.75,11.85,0.1,765
2017-11-09,2208,4323890,49222910,11.85,11.85,11.0,11.2,-0.65,1503
2017-11-10,2208,2894579,31868969,11.2,11.2,10.9,11.0,-0.2,904
2017-11-13,2208,2096685,23479973,11.0,11.45,10.95,11.25,0.25,877
2017-11-14,2208,985423,11051834,11.45,11.45,11.15,11.2,-0.05,420
2017-11-15,2208,1071591,11921454,11.25,11.3,11.05,11.1,-0.1,525
2017-11-16,2208,1581795,17484595,11.1,11.2,10.95,11.0,-0.1,492
2017-11-17,2208,650599,7212411,11.15,11.15,11.0,11.1,0.1,314
2017-11-20,2208,1464133,16154513,11.1,11.15,10.95,11.0,-0.1,459
2017-11-21,2208,1403257,15512227,11.0,11.15,11.0,11.1,0.1,527
2017-11-22,2208,1741754,19307971,11.1,11.15,11.0,11.15,0.05,677
2017-11-23,2208,2813693,32048173,11.2,11.65,11.2,11.55,0.4,978
2017-11-24,2208,1513066,17357001,11.55,11.6,11.35,11.5,-0.05,445
2017-11-27,2208,2983243,35357509,11.65,12.0,11.55,11.85,0.35,1039
2017-11-28,2208,1888679,22146420,11.85,11.9,11.55,11.6,-0.25,495
2017-11-29,2208,811749,9397693,11.6,11.65,11.5,11.6,0.0,246
2017-11-30,2208,1321900,15273787,11.6,11.65,11.45,11.5,-0.1,377
2017-12-01,2208,765558,8890315,11.55,11.7,11.55,11.55,0.05,295
2017-12-04,2208,794326,9321911,11.6,11.8,11.55,11.75,0.2,306
2017-12-05,2208,881357,10386823,11.65,11.9,11.65,11.75,0.0,323
2017-12-06,2208,847768,9840514,11.75,11.8,11.5,11.55,-0.2,324
2017-12-07,2208,753981,8662677,11.55,11.55,11.45,11.45,-0.1,285
2017-12-08,2208,803986,9159233,11.45,11.5,11.35,11.35,-0.1,313
2017-12-11,2208,895229,10132742,11.35,11.4,11.25,11.35,0.0,316
2017-12-12,2208,1008180,11409468,11.35,11.4,11.25,11.25,-0.1,417
2017-12-13,2208,1079213,12302528,11.3,11.55,11.25,11.55,0.3,446
2017-12-14,2208,712136,8215995,11.65,11.65,11.45,11.45,-0.1,338
2017-12-15,2208,634849,7172245,11.45,11.45,11.25,11.25,-0.2,271
2017-12-18,2208,1230087,13826319,11.25,11.3,11.2,11.2,-0.05,282
2017-12-19,2208,681806,7681173,11.2,11.35,11.2,11.3,0.1,251
2017-12-20,2208,973185,11017526,11.3,11.4,11.25,11.35,0.05,283
2017-12-21,2208,1625242,18630355,11.4,11.55,11.4,11.45,0.1,443
2017-12-22,2208,1036982,11690337,11.35,11.4,11.2,11.3,-0.15,362
2017-12-25,2208,715450,8032583,11.3,11.3,11.2,11.3,0.0,233
2017-12-26,2208,935921,10612305,11.3,11.4,11.25,11.4,0.1,239
2017-12-27,2208,588153,6665775,11.35,11.4,11.3,11.35,-0.05,175
2017-12-28,2208,402103,4546059,11.4,11.4,11.25,11.3,-0.05,163
2017-12-29,2208,905166,10286216,11.3,11.4,11.3,11.3,0.0,251
2018-01-02,2208,1003418,11450260,11.35,11.5,11.3,11.45,0.15,326
2018-01-03,2208,339247,3876893,11.4,11.45,11.4,11.4,-0.05,177
2018-01-04,2208,680229,7809152,11.5,11.5,11.45,11.5,0.1,376
2018-01-05,2208,12200020,149985437,11.5,12.65,11.5,12.65,1.15,3378
2018-01-08,2208,9425113,129423274,13.45,13.9,13.2,13.9,1.25,2453
2018-01-09,2208,27399296,413061354,15.25,15.25,14.6,15.25,1.35,7212
2018-01-10,2208,9504786,141606860,15.25,15.25,14.45,14.75,-0.5,2992
2018-01-11,2208,13005927,179561083,14.4,14.55,13.3,13.85,-0.9,4127
2018-01-12,2208,4371583,61016787,14.05,14.2,13.65,13.8,-0.05,1790
2018-01-15,2208,3129158,43312658,13.75,14.15,13.35,13.7,-0.1,1316
2018-01-16,2208,2854697,39900543,13.8,14.2,13.8,13.95,0.25,1014
2018-01-17,2208,16052455,240842053,13.95,15.3,13.95,15.25,1.3,4952
2018-01-18,2208,7097030,104896131,14.5,15.15,14.4,14.8,-0.45,2338
2018-01-19,2208,2754067,40365763,14.95,14.95,14.45,14.55,-0.25,936
2018-01-22,2208,2801385,40555097,14.55,14.8,14.3,14.3,-0.25,928
2018-01-23,2208,1959267,28143735,14.35,14.5,14.15,14.5,0.2,716
2018-01-24,2208,3312715,46751760,14.4,14.5,13.85,14.0,-0.5,1032
2018-01-25,2208,1610232,22689498,14.0,14.35,13.9,14.1,0.1,619
2018-01-26,2208,1138631,16006784,14.1,14.2,13.85,14.1,0.0,426
2018-01-29,2208,1132830,16124370,14.2,14.5,14.1,14.1,0.0,444
2018-01-30,2208,1505053,21003483,14.1,14.15,13.8,13.95,-0.15,517
2018-01-31,2208,1844682,25943575,13.85,14.4,13.7,14.3,0.35,619
2018-02-01,2208,3596443,52194668,14.2,14.8,14.1,14.6,0.3,1052
2018-02-02,2208,2153447,30798697,14.6,14.6,13.95,14.2,-0.4,691
2018-02-05,2208,3053250,42203857,13.8,14.2,13.6,13.75,-0.45,826
2018-02-06,2208,5345447,69137223,13.35,13.45,12.4,12.8,-0.95,1591
2018-02-07,2208,2505829,33686856,13.05,13.7,13.05,13.45,0.65,1058
2018-02-08,2208,872985,11556447,13.45,13.45,13.1,13.25,-0.2,345
2018-02-09,2208,1358577,17522351,12.7,13.1,12.55,13.0,-0.25,419
2018-02-12,2208,883105,11483555,13.0,13.1,12.9,13.0,0.0,398
2018-02-21,2208,1082686,14425572,13.2,13.4,13.1,13.4,0.4,522
2018-02-22,2208,1445985,19099351,13.4,13.4,13.05,13.05,-0.35,373
2018-02-23,2208,3679392,48774942,13.05,14.0,12.8,14.0,0.95,1119
2018-02-26,2208,2594570,36386430,14.2,14.25,13.85,13.9,-0.1,776
2018-02-27,2208,1378502,19029526,13.85,14.05,13.65,13.75,-0.15,458
2018-03-01,2208,1264680,17477282,13.65,14.0,13.5,13.9,0.15,452
2018-03-02,2208,1903682,26586641,13.85,14.1,13.7,13.95,0.05,506
2018-03-05,2208,3629436,51815855,13.9,14.55,13.9,14.35,0.4,1202
2018-03-06,2208,1542725,22081305,14.35,14.5,14.15,14.25,-0.1,550
2018-03-07,2208,1508086,21173381,14.35,14.4,13.9,13.9,-0.35,515
2018-03-08,2208,705837,9798648,13.8,14.0,13.8,13.8,-0.1,297
2018-03-09,2208,819560,11324971,14.1,14.1,13.7,13.8,0.0,267
2018-03-12,2208,3640879,52455783,14.25,14.75,14.1,14.2,0.4,1264
2018-03-13,2208,1144141,16223600,14.2,14.4,14.05,14.2,0.0,438
2018-03-14,2208,1641125,23552870,14.2,14.6,14.1,14.25,0.05,595
2018-03-15,2208,1072199,15394491,14.3,14.45,14.2,14.4,0.15,514
2018-03-16,2208,1545128,22247109,14.6,14.6,14.2,14.2,-0.2,492
2018-03-19,2208,1148896,16364720,14.25,14.4,14.1,14.25,0.05,386
2018-03-20,2208,799042,11411196,14.1,14.35,14.1,14.3,0.05,341
2018-03-21,2208,1071199,15381993,14.35,14.5,14.25,14.3,0.0,340
2018-03-22,2208,1237679,17812153,14.3,14.5,14.3,14.3,0.0,738
2018-03-23,2208,1587026,22607217,14.1,14.45,14.0,14.3,0.0,765
2018-03-26,2208,1787252,25706098,14.1,14.5,14.1,14.4,0.1,630
2018-03-27,2208,17061276,264010060,14.5,15.8,14.45,15.8,1.4,4785
2018-03-28,2208,17674359,284675252,15.8,16.5,15.2,16.2,0.4,5261
2018-03-29,2208,25115377,424498100,16.1,17.8,15.8,17.7,1.5,6836
2018-03-30,2208,26075939,476435849,17.6,19.2,17.2,18.35,0.65,8184
2018-03-31,2208,14109523,262670257,18.8,19.0,18.05,18.6,0.25,4960
2018-04-02,2208,9761107,180946892,18.75,19.0,18.2,18.4,-0.2,3561
2018-04-03,2208,15543605,299786200,18.2,20.2,18.1,20.1,1.7,5258
2018-04-09,2208,11309993,249950791,22.1,22.1,22.1,22.1,2.0,3373
2018-04-10,2208,36911592,869239116,24.3,24.3,22.0,23.7,1.6,11472
2018-04-11,2208,41441000,1004020322,23.7,26.05,21.85,26.05,2.35,14971
2018-04-12,2208,29245283,760562348,25.0,27.0,24.9,26.4,0.35,11523
2018-04-13,2208,16898930,432664344,26.0,26.4,25.0,25.5,-0.9,6957
2018-04-16,2208,9509347,230990978,25.4,25.4,23.5,24.3,-1.2,4538
2018-04-17,2208,8162396,199457921,24.9,24.9,24.0,24.05,-0.25,3486
2018-04-18,2208,7541408,183984643,24.15,24.8,23.8,24.8,0.75,3489
2018-04-19,2208,14718120,384749133,25.0,27.0,25.0,25.9,1.1,6901
2018-04-20,2208,8360851,213417837,25.8,26.25,25.0,25.4,-0.5,4013
2018-04-23,2208,5020748,126455847,25.6,25.8,25.0,25.1,-0.3,2484
2018-04-24,2208,6050588,146564231,25.5,25.5,23.5,24.0,-1.1,2916
2018-04-25,2208,6829523,160340835,23.5,23.8,23.2,23.8,-0.2,2860
2018-04-26,2208,10369333,233819072,24.2,24.2,21.45,21.45,-2.35,4890
2018-04-27,2208,9209082,194577881,21.8,22.0,19.4,22.0,0.55,3874
2018-04-30,2208,15336257,365157642,22.45,24.2,22.4,24.2,2.2,5827
2018-05-02,2208,19611048,479205509,24.9,25.6,23.5,23.7,-0.5,7833
2018-05-03,2208,12404124,269973290,22.35,23.2,21.35,21.4,-2.3,5356
2018-05-04,2208,9808140,200351000,20.8,21.4,20.05,20.05,-1.35,4366
2018-05-07,2208,11586039,247385587,20.9,22.05,20.05,22.0,1.95,5113
2018-05-08,2208,8833436,186067147,21.5,21.55,20.55,20.9,-1.1,3794
2018-05-09,2208,10587284,226136270,20.55,22.4,20.2,21.5,0.6,4631
2018-05-10,2208,5409398,114505036,21.05,21.8,20.9,20.9,-0.6,2540
2018-05-11,2208,4747145,99448477,21.15,21.6,20.6,20.7,-0.2,2283
2018-05-14,2208,4059572,82457100,20.7,20.7,20.1,20.3,-0.4,1711
2018-05-15,2208,6210292,130245302,20.2,21.45,20.2,20.85,0.55,2511
2018-05-16,2208,4241105,86707771,20.65,21.0,20.3,20.3,-0.55,1742
2018-05-17,2208,9355858,182044764,20.2,20.2,18.9,19.15,-1.15,4095
2018-05-18,2208,3222026,62162998,19.0,19.8,18.85,19.5,0.35,1525
2018-05-21,2208,3432791,65999012,19.75,19.85,19.0,19.1,-0.4,1436
2018-05-22,2208,3032187,57703433,19.1,19.3,18.95,18.95,-0.15,1230
2018-05-23,2208,5527868,101467174,18.9,18.95,18.05,18.05,-0.9,2187
2018-05-24,2208,8046314,150291469,17.9,19.5,17.35,19.3,1.25,3663
2018-05-25,2208,3295330,62288865,19.1,19.2,18.7,18.7,-0.6,1537
2018-05-28,2208,2876897,52899324,18.75,18.9,18.2,18.25,-0.45,1276
2018-05-29,2208,3133477,58569869,18.3,19.1,18.3,18.45,0.2,1493
2018-05-30,2208,1955694,36309760,18.3,18.85,18.3,18.5,0.05,935
2018-05-31,2208,2553707,46978959,18.9,18.9,18.2,18.2,-0.3,1152
2018-06-01,2208,5726552,106854597,18.1,19.5,17.9,18.9,0.7,2558
2018-06-04,2208,3816000,72411050,18.95,19.25,18.7,18.85,-0.05,1694
2018-06-05,2208,2524487,47122609,18.85,19.2,18.4,18.5,-0.35,1174
2018-06-06,2208,1950142,36199658,18.55,18.8,18.4,18.4,-0.1,885
2018-06-07,2208,3054309,55953971,18.2,19.05,18.1,18.3,-0.1,1406
2018-06-08,2208,1682943,30582859,18.3,18.4,18.05,18.1,-0.2,760
2018-06-11,2208,1597792,29106842,18.1,18.5,18.05,18.15,0.05,722
2018-06-12,2208,2378400,42797223,18.15,18.3,17.9,17.95,-0.2,883
2018-06-13,2208,12485377,239456560,18.0,19.7,17.8,19.7,1.75,4516
2018-06-14,2208,14075670,281837907,19.8,20.75,19.25,19.7,0.0,5677
2018-06-15,2208,4389445,84586824,19.7,19.7,19.0,19.1,-0.6,1910
2018-06-19,2208,6146891,121846932,19.05,20.4,18.8,19.35,0.25,2650
2018-06-20,2208,3052699,58576231,19.4,19.7,18.85,19.1,-0.25,1459
2018-06-21,2208,2026684,38627222,19.25,19.4,18.9,18.9,-0.2,888
2018-06-22,2208,2433582,45136455,18.9,19.0,18.4,18.4,-0.5,1140
2018-06-25,2208,2638795,48018985,18.6,18.7,18.0,18.15,-0.25,1098
2018-06-26,2208,3560240,63290381,18.0,18.1,17.55,17.65,-0.5,1352
2018-06-27,2208,2662679,48375222,17.95,18.5,17.9,18.05,0.4,1206
2018-06-28,2208,1678842,30028553,18.1,18.1,17.75,17.75,-0.3,845
2018-06-29,2208,1258877,22532209,17.8,18.1,17.8,17.85,0.1,553
2018-07-02,2208,1248234,22196649,17.9,18.1,17.65,17.75,-0.1,535
2018-07-03,2208,3043379,52762170,17.85,17.85,16.95,17.0,-0.75,1196
2018-07-04,2208,5680533,92295474,17.0,17.0,15.95,16.1,-0.9,2039
2018-07-05,2208,4726033,73669045,16.1,16.3,15.05,15.2,-0.9,1653
2018-07-06,2208,3074147,46488126,15.6,15.6,14.8,15.45,0.25,1366
2018-07-09,2208,1945697,29753633,15.4,15.65,15.05,15.3,-0.15,813
2018-07-10,2208,1456634,22445469,15.35,15.7,15.25,15.45,0.15,636
2018-07-11,2208,1710921,26028249,15.45,15.5,15.05,15.15,-0.3,811
2018-07-12,2208,1983288,30023570,15.05,15.35,15.05,15.15,0.0,810
2018-07-13,2208,2557149,39047091,15.3,15.6,15.15,15.5,0.35,1028
2018-07-16,2208,6470084,107174802,16.4,17.0,16.15,16.55,1.05,2510
2018-07-17,2208,5155481,82438258,16.45,16.5,15.6,15.85,-0.7,1677
2018-07-18,2208,3890727,61067955,16.0,16.1,15.4,15.6,-0.25,1407
2018-07-30,2208,1463687,59645025,40.75,40.75,40.75,40.75,0.0,1204
2018-07-31,2208,3424944,143582788,42.8,42.8,41.0,41.1,0.35,2734
2018-08-01,2208,2430585,95260111,40.75,40.75,38.2,38.65,-2.45,1983
2018-08-02,2208,957812,36256713,38.55,38.55,37.65,37.75,-0.9,939
2018-08-03,2208,515302,19533998,38.1,38.1,37.7,37.95,0.2,535
2018-08-06,2208,759936,28391469,38.0,38.0,37.1,37.3,-0.65,589
2018-08-07,2208,502480,18949386,37.3,38.1,37.15,37.85,0.55,474
2018-08-08,2208,364696,13668785,37.65,37.8,37.3,37.35,-0.5,358
2018-08-09,2208,286599,10684585,37.4,37.5,37.2,37.3,-0.05,317
2018-08-10,2208,399248,14838773,37.3,37.45,37.05,37.05,-0.25,356
2018-08-13,2208,829094,29599301,37.15,37.15,34.6,35.1,-1.95,553
2018-08-14,2208,825865,28295407,35.35,35.35,33.8,34.15,-0.95,580
2018-08-15,2208,745454,24973032,34.45,34.45,32.75,33.15,-1.0,538
2018-08-16,2208,569250,18589661,32.5,33.0,32.2,32.85,-0.3,479
2018-08-17,2208,1177098,40863830,33.3,35.6,33.0,35.25,2.4,838
2018-08-20,2208,1361748,49526076,36.8,37.15,35.55,37.1,1.85,853
2018-08-21,2208,745163,27046294,37.0,37.0,35.8,36.1,-1.0,524
2018-08-22,2208,898457,32633865,36.5,36.85,35.7,36.2,0.1,564
2018-08-23,2208,3024479,116637952,36.5,39.6,36.5,38.2,2.0,1765
2018-08-24,2208,1565689,59237964,38.25,39.0,37.05,37.3,-0.9,915
2018-08-27,2208,663716,24650369,37.5,38.05,36.65,37.15,-0.15,503
2018-08-28,2208,681997,25365057,37.0,37.75,36.8,36.85,-0.3,433
2018-08-29,2208,484685,17742882,37.25,37.25,36.35,36.45,-0.4,382
2018-08-30,2208,619133,22710170,36.8,37.2,36.3,36.5,0.05,440
2018-08-31,2208,908063,32545878,36.8,36.8,35.3,35.3,-1.2,534
2018-09-03,2208,1013941,35585132,35.55,35.75,34.3,34.5,-0.8,613
2018-09-04,2208,503382,17585435,34.6,35.3,34.25,35.3,0.8,385
2018-09-05,2208,933802,32632725,35.15,35.35,34.6,35.1,-0.2,625
2018-09-06,2208,1152775,39260894,34.1,34.35,33.85,34.05,-1.05,727
2018-09-07,2208,1428905,48473540,34.0,34.7,33.15,33.55,-0.5,865
2018-09-10,2208,866848,28657708,33.8,33.85,32.7,32.95,-0.6,566
2018-09-11,2208,927469,30250350,32.95,33.1,32.3,32.8,-0.15,593
2018-09-12,2208,2213570,75218948,32.95,35.15,32.5,33.75,0.95,1390
2018-09-13,2208,1541587,52928347,33.75,35.1,33.6,33.6,-0.15,970
2018-09-14,2208,1140382,37836856,33.8,34.0,32.9,33.0,-0.6,746
2018-09-17,2208,821135,27030963,33.0,33.4,32.55,32.9,-0.1,529
2018-09-18,2208,1181763,39279879,32.9,33.7,32.8,33.0,0.1,634
2018-09-19,2208,3849667,133099822,33.6,35.25,33.4,34.15,1.15,2144
2018-09-20,2208,1635091,56729516,34.25,35.2,34.2,34.7,0.55,1125
2018-09-21,2208,2274963,78338615,34.7,35.15,34.0,34.05,-0.65,1221
2018-09-25,2208,3630669,134452434,34.4,37.45,34.2,37.45,3.4,1572
2018-09-26,2208,17657823,710286005,39.0,41.15,39.0,41.15,3.7,8954
2018-09-27,2208,25052952,1050245872,41.5,42.7,40.5,42.7,1.55,12724
2018-09-28,2208,11256757,464731007,42.9,42.9,39.6,39.8,-2.9,6415
2018-10-01,2208,15446575,642128534,40.55,42.5,40.25,41.6,1.8,8874
2018-10-02,2208,6935051,278987528,41.2,41.25,39.8,40.05,-1.55,4117
2018-10-03,2208,7614187,298653417,40.6,41.25,37.45,38.1,-1.95,4693
2018-10-04,2208,3065584,116031412,37.65,38.5,36.9,37.75,-0.35,2028
2018-10-05,2208,5976108,213852996,37.3,37.4,34.35,35.1,-2.65,3421
2018-10-08,2208,2634759,93413329,35.1,36.3,34.65,35.3,0.2,1795
2018-10-09,2208,1902795,66574732,35.05,35.45,34.55,34.95,-0.35,1271
2018-10-11,2208,5582591,176570274,31.6,33.3,31.5,31.5,-3.45,2782
2018-10-12,2208,3017098,94548076,30.05,32.3,29.5,32.2,0.7,1790
2018-10-15,2208,1503593,47554926,31.6,31.95,31.0,31.8,-0.4,1005
2018-10-16,2208,1393556,44416497,32.1,32.6,31.1,31.3,-0.5,881
2018-10-17,2208,1147711,36486885,32.3,32.3,31.35,31.35,0.05,645
2018-10-18,2208,1773479,56823783,31.35,32.65,31.35,32.05,0.7,1218
2018-10-19,2208,1087470,34509970,31.7,32.2,31.05,32.15,0.1,775
2018-10-22,2208,1117124,35980848,31.4,32.75,31.4,32.2,0.05,759
2018-10-23,2208,794401,25349032,32.0,32.15,31.7,31.7,-0.5,494
2018-10-24,2208,1069106,34014658,31.8,32.45,31.25,31.85,0.15,738
2018-10-25,2208,5583704,182185365,31.4,33.8,31.2,31.3,-0.55,3574
2018-10-26,2208,1413119,44741873,32.15,32.3,31.3,31.4,0.1,944
2018-10-29,2208,969284,30547209,31.5,32.0,31.15,31.7,0.3,629
2018-10-30,2208,1858994,59864994,31.4,32.9,31.4,31.9,0.2,1193
2018-10-31,2208,831957,26762506,32.0,32.5,31.95,32.2,0.3,563
2018-11-01,2208,730995,23581626,32.5,32.65,32.05,32.05,-0.15,466
2018-11-02,2208,3901414,128912378,32.3,33.95,31.75,32.95,0.9,2219
2018-11-05,2208,1561768,51701467,32.8,33.9,32.0,32.55,-0.4,990
2018-11-06,2208,1424569,46162993,33.0,33.4,32.0,32.0,-0.55,823
2018-11-07,2208,1413679,46409412,32.4,33.4,32.4,32.6,0.6,899
2018-11-08,2208,814239,26583562,33.0,33.1,32.5,32.5,-0.1,534
2018-11-09,2208,1118850,36369362,32.75,33.0,32.05,33.0,0.5,647
2018-11-12,2208,1157428,37897629,32.7,33.5,32.35,32.35,-0.65,736
2018-11-13,2208,686033,22168011,32.0,32.85,31.7,32.5,0.15,465
2018-11-14,2208,6615930,225251871,32.8,34.85,32.7,33.65,1.15,4017
2018-11-15,2208,1849925,61521005,33.4,34.2,33.05,33.2,-0.45,1133
2018-11-16,2208,1000436,33020369,33.1,33.4,32.85,32.85,-0.35,588
2018-11-19,2208,801232,26447454,33.8,33.8,32.8,32.85,0.0,507
2018-11-20,2208,690755,22852308,32.85,33.7,32.8,33.0,0.15,463
2018-11-21,2208,944550,31210187,32.9,33.45,32.45,33.05,0.05,565
2018-11-22,2208,1229415,40805765,33.55,33.7,32.65,32.65,-0.4,748
2018-11-23,2208,1042659,33670645,32.6,32.9,32.0,32.0,-0.65,615
2018-11-26,2208,3730640,112922200,31.35,32.0,28.9,30.3,-1.7,2116
2018-11-27,2208,1775704,53348820,30.0,30.55,29.9,29.9,-0.4,1197
2018-11-28,2208,1357607,40884260,29.9,30.65,29.5,29.95,0.05,845
2018-11-29,2208,1127228,33858700,30.4,30.55,29.75,29.9,-0.05,803
2018-11-30,2208,3206770,92935385,29.1,29.4,28.7,28.85,-1.05,1919
2018-12-03,2208,1634469,47599495,29.0,29.45,28.85,29.15,0.3,1025
2018-12-04,2208,1306683,38309155,29.0,29.6,29.0,29.1,-0.05,894
2018-12-05,2208,1254263,36026087,29.1,29.1,28.6,28.85,-0.25,817
2018-12-06,2208,1792738,50385743,28.85,29.05,27.55,27.55,-1.3,1017
2018-12-07,2208,661878,18483497,27.65,28.5,27.65,27.8,0.25,446
2018-12-10,2208,538337,14749713,27.05,27.7,27.05,27.4,-0.4,339
2018-12-11,2208,673265,18403273,27.65,27.7,27.1,27.25,-0.15,485
2018-12-12,2208,1626717,45360968,27.25,28.5,27.25,28.3,1.05,899
2018-12-13,2208,1496615,43269889,28.9,29.25,28.35,28.35,0.05,964
2018-12-14,2208,766429,21597543,28.45,28.75,28.0,28.15,-0.2,411
2018-12-17,2208,715543,19919349,28.15,28.15,27.55,27.6,-0.55,499
2018-12-18,2208,1751710,47397220,27.2,27.35,26.7,27.0,-0.6,887
2018-12-19,2208,827312,22192992,27.0,27.1,26.7,26.8,-0.2,562
2018-12-20,2208,1211338,31652573,26.5,26.8,25.75,25.85,-0.95,712
2018-12-21,2208,1380094,34986259,25.5,25.65,25.1,25.2,-0.65,763
2018-12-22,2208,5319667,137353915,24.8,26.6,24.75,26.2,0.0,2241
2018-12-24,2208,2543142,67085255,26.2,26.8,26.0,26.2,0.0,1096
2018-12-25,2208,963241,24494180,25.8,25.8,25.2,25.25,-0.95,594
2018-12-26,2208,929638,23229061,25.25,25.55,24.75,24.75,-0.5,410
2018-12-27,2208,899620,22724250,25.5,25.65,25.0,25.0,0.25,448
2018-12-28,2208,508088,12841464,25.05,25.45,25.05,25.4,0.4,327
2019-01-02,2208,731972,18272844,25.1,25.25,24.75,24.9,-0.5,392
2019-01-03,2208,950985,23259280,24.6,24.9,24.1,24.15,-0.75,616
2019-01-04,2208,1306035,30924113,24.05,24.1,23.4,23.6,-0.55,661
2019-01-07,2208,1245912,30566688,24.45,24.75,24.1,24.6,1.0,664
2019-01-08,2208,1215190,30380817,24.4,25.25,24.4,24.8,0.2,641
2019-01-09,2208,1215945,29912837,24.8,24.9,24.4,24.4,-0.4,741
2019-01-10,2208,1734506,42607827,24.4,25.0,24.25,24.25,-0.15,888
2019-01-11,2208,1999464,49332450,24.85,24.95,24.35,24.4,0.15,981
2019-01-14,2208,732895,17809988,24.5,24.7,24.15,24.2,-0.2,449
2019-01-15,2208,912456,22144169,24.3,24.4,24.0,24.3,0.1,545
2019-01-16,2208,886214,21753500,24.05,24.75,24.05,24.7,0.4,583
2019-01-17,2208,2372676,59801818,24.75,25.6,24.75,25.2,0.5,1368
2019-01-18,2208,879488,22225437,25.2,25.55,25.05,25.25,0.05,523
2019-01-21,2208,1617976,39587452,24.8,24.8,24.2,24.5,-0.75,805
2019-01-22,2208,788957,19297995,24.4,24.65,24.25,24.4,-0.1,449
2019-01-23,2208,1534152,38221924,24.35,25.25,24.35,25.05,0.65,850
2019-01-24,2208,6282263,164499883,25.05,26.8,25.05,26.6,1.55,3074
2019-01-25,2208,2387768,62906618,26.35,26.85,26.0,26.0,-0.6,1320
2019-01-28,2208,1579807,41040167,26.0,26.6,25.55,25.7,-0.3,924
2019-01-29,2208,958937,24576511,25.55,26.0,25.3,26.0,0.3,616
2019-01-30,2208,1049409,27241852,25.8,26.2,25.8,25.8,-0.2,590
2019-02-11,2208,2200416,56989978,26.35,26.7,25.15,25.15,-0.65,1129
2019-02-12,2208,11490671,282085858,24.55,24.6,23.9,24.3,-0.85,6008
2019-02-13,2208,2931497,71748049,24.3,24.7,24.15,24.6,0.3,1812
2019-02-14,2208,1829413,44974768,24.55,24.8,24.4,24.5,-0.1,1099
2019-02-15,2208,12886770,329849867,24.5,26.65,24.5,26.15,1.65,5281
2019-02-18,2208,7691431,204362103,26.35,27.0,26.0,26.7,0.55,2983
2019-02-19,2208,17288236,500242528,27.0,29.35,27.0,29.1,2.4,6932
2019-02-20,2208,7772640,222953798,28.45,29.25,28.2,28.95,-0.15,3172
2019-02-21,2208,4127923,119701405,29.05,29.5,28.6,28.95,0.0,1941
2019-02-22,2208,3277326,93193916,28.5,28.95,28.2,28.2,-0.75,1666
2019-02-25,2208,6114915,177355481,28.45,29.65,28.15,29.35,1.15,2754
2019-02-26,2208,6680423,196331095,29.6,30.15,28.7,28.8,-0.55,2788
2019-02-27,2208,2308572,66463590,28.8,29.2,28.4,28.6,-0.2,1046
2019-03-04,2208,2300513,66560954,28.6,29.35,28.6,28.6,0.0,1124
2019-03-05,2208,1339129,38187168,28.6,28.85,28.3,28.5,-0.1,691
2019-03-06,2208,1595566,45227301,28.6,28.7,28.1,28.25,-0.25,816
2019-03-07,2208,2232770,62028876,28.25,28.5,27.05,27.4,-0.85,1125
2019-03-08,2208,1545211,41950523,27.4,27.45,27.0,27.2,-0.2,724
2019-03-11,2208,1430149,39373167,27.35,28.0,26.9,27.75,0.55,845
2019-03-12,2208,1253320,34806743,28.05,28.15,27.5,27.5,-0.25,601
2019-03-13,2208,707899,19414219,27.5,27.7,27.25,27.35,-0.15,419
2019-03-14,2208,870813,24061953,27.3,27.95,27.3,27.6,0.25,498
2019-03-15,2208,2659314,75265788,27.65,28.8,27.6,28.7,1.1,1338
2019-03-18,2208,1829422,52668370,28.65,29.2,28.5,28.55,-0.15,930
2019-03-19,2208,2001612,57479158,28.85,29.05,28.45,28.45,-0.1,1147
2019-03-20,2208,8391736,246682841,28.6,29.85,28.6,29.25,0.8,3556
2019-03-21,2208,9991056,298973413,29.6,30.6,29.25,29.5,0.25,4399
2019-03-22,2208,5090410,147661272,29.55,29.95,28.5,28.5,-1.0,2264
2019-03-25,2208,2022847,56486230,28.3,28.35,27.75,27.75,-0.75,1073
2019-03-26,2208,1205606,33730368,28.05,28.2,27.8,28.0,0.25,636
2019-03-27,2208,2219418,63110101,28.2,28.7,28.1,28.5,0.5,659
2019-03-28,2208,1255453,35538937,28.6,28.7,28.1,28.3,-0.2,615
2019-03-29,2208,2693610,77347669,28.5,29.2,28.2,28.2,-0.1,1262
2019-04-01,2208,4439050,122358154,28.25,28.4,27.2,27.3,-0.9,2022
2019-04-02,2208,1800942,49441446,27.3,27.8,27.2,27.3,0.0,912
2019-04-03,2208,1323553,36177383,27.3,27.55,27.2,27.3,0.0,678
2019-04-08,2208,912235,25075951,27.5,27.6,27.4,27.4,0.1,567
2019-04-09,2208,1923490,53529555,27.6,28.15,27.55,27.8,0.4,965
2019-04-10,2208,736377,20411809,28.0,28.0,27.55,27.6,-0.2,504
2019-04-11,2208,1070994,29787627,27.6,28.0,27.6,27.65,0.05,537
2019-04-12,2208,1191364,32729165,27.85,27.85,27.2,27.3,-0.35,597
2019-04-15,2208,2065452,56162557,27.35,27.6,26.9,27.05,-0.25,1050
2019-04-16,2208,3608553,95051404,27.1,27.2,25.95,26.35,-0.7,1933
2019-04-17,2208,1166807,30929429,26.45,26.7,26.35,26.4,0.05,722
2019-04-18,2208,1617094,42239823,26.4,26.45,25.8,25.95,-0.45,816
2019-04-19,2208,1240292,32482679,26.0,26.55,25.85,26.5,0.55,828
2019-04-22,2208,808344,21446931,26.65,26.8,26.2,26.4,-0.1,517
2019-04-23,2208,1051246,27775352,26.2,26.7,26.2,26.25,-0.15,491
2019-04-24,2208,1281997,33917304,26.5,26.8,26.25,26.25,0.0,636
2019-04-25,2208,636331,16719761,26.35,26.5,26.1,26.2,-0.05,368
2019-04-26,2208,801389,20941793,26.2,26.35,26.0,26.1,-0.1,414
2019-04-29,2208,1209099,31743668,26.3,26.55,26.1,26.2,0.1,571
2019-04-30,2208,1003084,26144975,26.2,26.3,25.9,26.05,-0.15,522
2019-05-02,2208,1539678,40911635,26.5,26.8,26.3,26.7,0.65,877
2019-05-03,2208,4970356,137704348,27.1,28.35,27.1,27.3,0.6,2779
2019-05-06,2208,6095968,170418746,27.9,28.35,27.55,27.65,0.35,2827
2019-05-07,2208,1668142,45829176,27.7,27.9,27.15,27.4,-0.25,1005
2019-05-08,2208,1365874,36803481,27.0,27.1,26.8,27.05,-0.35,752
2019-05-09,2208,1901633,50619491,27.25,27.25,26.2,26.25,-0.8,1005
2019-05-10,2208,1418168,37318447,26.8,26.9,26.0,26.1,-0.15,841
2019-05-13,2208,1627004,41630194,26.2,26.2,25.4,25.5,-0.6,827
2019-05-14,2208,1258767,31470947,24.8,25.35,24.55,25.3,-0.2,721
2019-05-15,2208,702022,18039809,25.5,25.85,25.5,25.75,0.45,415
2019-05-16,2208,846565,21917544,25.8,26.2,25.5,25.75,0.0,498
2019-05-17,2208,814904,21000838,25.85,26.35,25.5,25.5,-0.25,472
2019-05-20,2208,4293851,115279971,25.7,27.4,25.7,27.4,1.9,2519
2019-05-21,2208,7428072,207592246,28.0,28.6,27.2,27.2,-0.2,3713
2019-05-22,2208,2354021,64237560,27.4,27.8,26.8,27.1,-0.1,1270
2019-05-23,2208,1673957,45394338,27.0,27.45,26.65,27.0,-0.1,845
2019-05-24,2208,1075954,29231208,27.4,27.45,26.9,26.9,-0.1,630
2019-05-27,2208,1589793,43376439,27.0,27.55,26.9,27.3,0.4,862
2019-05-28,2208,1666673,45273280,27.55,27.55,26.9,26.95,-0.35,792
2019-05-29,2208,1612402,42723181,26.9,26.95,26.2,26.35,-0.6,1014
2019-05-30,2208,749569,19736250,26.2,26.55,26.15,26.3,-0.05,499
2019-05-31,2208,1096495,29162909,26.3,26.9,26.3,26.45,0.15,674
2019-06-03,2208,718910,19006680,26.4,26.6,26.2,26.45,0.0,424
2019-06-04,2208,1232572,32328922,26.45,26.55,26.05,26.1,-0.35,680
2019-06-05,2208,2865117,77046509,26.35,27.2,26.3,27.1,1.0,1445
2019-06-06,2208,1898957,50724464,27.0,27.25,26.4,26.4,-0.7,964
2019-06-10,2208,2034654,53273913,26.5,26.7,26.0,26.2,-0.2,1083
2019-06-11,2208,950632,24848682,26.25,26.3,26.05,26.1,-0.1,489
2019-06-12,2208,2111392,55948761,26.3,26.9,26.15,26.2,0.1,1252
2019-06-13,2208,982159,25877723,26.2,26.5,26.1,26.45,0.25,585
2019-06-14,2208,2835634,76202847,26.45,27.4,26.45,26.5,0.05,1588
2019-06-17,2208,637129,16942108,26.5,26.75,26.45,26.55,0.05,366
2019-06-18,2208,872670,22977645,26.5,26.75,26.2,26.2,-0.35,550
2019-06-19,2208,683612,18045461,26.35,26.55,26.25,26.3,0.1,466
2019-06-20,2208,1364217,35810326,26.3,26.5,26.1,26.35,0.05,631
2019-06-21,2208,1516344,40147686,26.45,26.7,26.3,26.6,0.25,774
2019-06-24,2208,489975,12924931,26.5,26.5,26.3,26.4,-0.2,327
2019-06-25,2208,687288,18092175,26.4,26.5,26.2,26.3,-0.1,373
2019-06-26,2208,631844,16661541,26.2,26.55,26.2,26.3,0.0,357
2019-06-27,2208,856564,22697971,26.4,26.65,26.35,26.35,0.05,469
2019-06-28,2208,590330,15607806,26.35,26.55,26.35,26.4,0.05,345
2019-07-01,2208,1179148,31130530,26.45,26.6,26.2,26.4,0.0,505
2019-07-02,2208,2704784,72660072,26.4,27.1,26.4,27.05,0.65,1368
2019-07-03,2208,1913305,51690521,27.3,27.4,26.7,26.8,-0.25,815
2019-07-04,2208,1396112,37685838,26.85,27.25,26.8,26.9,0.1,639
2019-07-05,2208,1371928,36541739,26.95,26.95,26.5,26.6,-0.3,714
2019-07-08,2208,684619,18100651,26.5,26.55,26.35,26.35,-0.25,416
2019-07-09,2208,1526505,40784429,26.4,27.05,26.4,26.45,0.1,726
2019-07-10,2208,847158,22372205,26.5,26.7,26.3,26.35,-0.1,579
2019-07-11,2208,662221,17497613,26.55,26.6,26.35,26.4,0.05,337
2019-07-12,2208,623690,16491443,26.4,26.6,26.35,26.4,0.0,380
2019-07-15,2208,533003,14074415,26.4,26.55,26.25,26.5,0.1,320
2019-07-16,2208,4821963,130853279,26.8,27.45,26.75,27.05,0.55,2306
2019-07-17,2208,4358094,119377694,27.3,27.65,27.1,27.25,0.2,2105
2019-07-18,2208,3997138,110324188,27.55,27.9,27.3,27.3,0.05,1902
2019-07-19,2208,1429341,39056315,27.5,27.65,27.1,27.2,-0.1,803
2019-07-22,2208,1404743,37931215,27.2,27.2,26.85,26.85,-0.35,674
2019-07-23,2208,952328,25529786,27.0,27.05,26.7,26.75,-0.1,535
2019-07-24,2208,1089962,29249825,27.0,27.15,26.7,26.7,-0.05,581
2019-07-25,2208,621185,16630588,26.8,26.9,26.7,26.9,0.2,390
2019-07-26,2208,1290113,34732406,26.9,27.3,26.65,26.7,-0.2,742
2019-07-29,2208,855576,22743549,26.7,26.8,26.5,26.5,-0.2,512
2019-07-30,2208,1429933,37655829,26.5,26.65,26.25,26.3,-0.2,617
2019-07-31,2208,1071994,28145134,26.3,26.45,26.15,26.2,-0.1,504
2019-08-01,2208,551597,14504637,26.1,26.55,26.1,26.35,0.15,295
2019-08-02,2208,799677,20920252,26.35,26.35,26.1,26.15,-0.2,371
2019-08-05,2208,564004,14708848,26.15,26.25,26.0,26.0,-0.15,337
2019-08-06,2208,769089,19721689,25.6,25.9,25.35,25.9,-0.1,439
2019-08-07,2208,2700768,71975942,26.8,27.1,26.2,26.4,0.5,1391
2019-08-08,2208,861372,22640949,26.4,26.7,26.1,26.1,-0.3,511
2019-08-12,2208,540013,14170582,26.4,26.4,26.1,26.1,0.0,333
2019-08-13,2208,483072,12633318,26.15,26.3,26.1,26.2,0.1,322
2019-08-14,2208,709299,18542721,26.35,26.4,26.0,26.0,-0.2,423
2019-08-15,2208,847233,21754264,25.8,25.9,25.55,25.7,-0.3,485
2019-08-16,2208,1613473,41191959,25.75,25.8,25.45,25.5,-0.2,1023
2019-08-19,2208,612960,15670971,25.55,25.65,25.5,25.55,0.05,342
2019-08-20,2208,755945,19359143,25.7,25.8,25.5,25.55,0.0,365
2019-08-21,2208,863966,22354565,25.8,26.05,25.65,25.9,0.35,553
2019-08-22,2208,1084668,27819245,25.95,26.0,25.45,25.65,-0.25,538
2019-08-23,2208,442486,11332155,25.65,25.7,25.5,25.55,-0.1,292
2019-08-26,2208,727041,18414432,25.4,25.45,25.25,25.35,-0.2,350
2019-08-27,2208,627646,15942664,25.4,25.55,25.3,25.35,0.0,323
2019-08-28,2208,1896737,48254323,25.5,25.8,25.2,25.2,-0.15,784
2019-08-29,2208,451872,11438975,25.35,25.5,25.25,25.25,0.05,258
2019-08-30,2208,795338,20126354,25.3,25.5,25.2,25.2,-0.05,462
2019-09-02,2208,913436,23221212,25.15,25.7,25.15,25.7,0.5,542
2019-09-03,2208,500863,12858106,25.7,25.85,25.55,25.6,-0.1,357
2019-09-04,2208,637231,16329071,25.55,25.8,25.5,25.5,-0.1,356
2019-09-05,2208,1162213,29960878,25.75,26.0,25.55,25.55,0.05,594
2019-09-06,2208,565584,14524162,25.65,25.8,25.55,25.65,0.1,323
2019-09-09,2208,453374,11634155,25.75,25.9,25.55,25.55,-0.1,282
2019-09-10,2208,332829,8528440,25.5,25.8,25.5,25.6,0.05,204
2019-09-11,2208,6801042,179121670,25.6,26.7,25.6,26.4,0.8,1950
2019-09-12,2208,1280607,33905504,26.45,26.65,26.3,26.45,0.05,631
2019-09-16,2208,1051025,27957548,26.5,26.8,26.45,26.45,0.0,555
2019-09-17,2208,781317,20734281,26.55,26.7,26.45,26.45,0.0,423
2019-09-18,2208,5122786,139661004,26.75,27.8,26.75,26.95,0.5,2535
2019-09-19,2208,1057012,28401557,27.05,27.25,26.7,26.8,-0.15,587
2019-09-20,2208,774417,20631964,26.8,26.85,26.55,26.65,-0.15,455
2019-09-23,2208,776072,20815661,26.8,27.0,26.6,26.85,0.2,471
2019-09-24,2208,497233,13323864,26.85,26.9,26.7,26.7,-0.15,330
2019-09-25,2208,596257,15828840,26.65,26.85,26.5,26.5,-0.2,346
2019-09-26,2208,608241,16105881,26.6,26.8,26.3,26.3,-0.2,353
2019-09-27,2208,847964,22068958,26.3,26.3,25.9,25.9,-0.4,452
2019-10-01,2208,378169,9837972,26.0,26.1,25.85,26.1,0.2,200
2019-10-02,2208,367610,9591922,26.1,26.35,25.9,26.1,0.0,224
2019-10-03,2208,450224,11709374,25.95,26.15,25.85,26.05,-0.05,296
2019-10-04,2208,501827,13020087,26.05,26.15,25.8,25.85,-0.2,323
2019-10-07,2208,763985,20078198,26.1,26.5,26.0,26.3,0.45,419
2019-10-08,2208,472256,12434075,26.3,26.5,26.15,26.2,-0.1,263
2019-10-09,2208,334078,8736175,26.2,26.25,26.0,26.2,0.0,204
2019-10-14,2208,2767468,74352769,26.4,27.35,26.35,27.1,0.9,1469
2019-10-15,2208,3120805,84913711,27.45,27.5,26.9,27.2,0.1,1524
2019-10-16,2208,1140361,30796351,27.1,27.35,26.9,26.9,-0.3,609
2019-10-17,2208,789136,21291633,26.9,27.15,26.85,26.9,0.0,379
2019-10-18,2208,589584,15910818,27.1,27.2,26.85,26.9,0.0,297
2019-10-21,2208,2572968,70266302,27.0,27.5,26.95,27.5,0.6,1126
2019-10-22,2208,3121099,85854617,27.85,27.9,27.1,27.15,-0.35,1411
2019-10-23,2208,931040,25238880,27.2,27.3,27.0,27.0,-0.15,462
2019-10-24,2208,517098,14000396,27.05,27.2,27.0,27.1,0.1,278
2019-10-25,2208,771988,20871120,27.2,27.2,26.9,26.9,-0.2,361
2019-10-28,2208,489870,13145705,27.0,27.0,26.75,26.8,-0.1,301
2019-10-29,2208,642938,17190044,27.0,27.0,26.55,26.6,-0.2,365
2019-10-30,2208,1114110,30108303,26.65,27.3,26.6,27.1,0.5,591
2019-10-31,2208,620983,16694485,27.0,27.0,26.75,27.0,-0.1,346
2019-11-01,2208,444548,11992733,26.9,27.05,26.9,26.95,-0.05,207
2019-11-04,2208,859496,23280850,27.1,27.2,27.0,27.1,0.15,408
2019-11-05,2208,2289646,62534238,27.25,27.65,27.0,27.0,-0.1,1075
2019-11-06,2208,721118,19543864,27.1,27.25,26.9,27.0,0.0,368
2019-11-07,2208,2726159,74583883,27.2,27.6,27.0,27.6,0.6,1232
2019-11-08,2208,1129495,30840856,27.6,27.6,27.1,27.1,-0.5,652
2019-11-11,2208,1207297,32322051,27.0,27.05,26.65,26.65,-0.45,599
2019-11-12,2208,813964,21757137,26.65,26.95,26.55,26.65,0.0,451
2019-11-13,2208,671530,17836809,26.65,26.75,26.5,26.5,-0.15,316
2019-11-14,2208,1391227,36480823,26.5,26.55,26.0,26.2,-0.3,695
2019-11-15,2208,366417,9637717,26.2,26.4,26.2,26.35,0.15,222
2019-11-18,2208,441005,11640575,26.6,26.6,26.25,26.3,-0.05,292
2019-11-19,2208,243110,6403430,26.45,26.45,26.25,26.3,0.0,169
2019-11-20,2208,286019,7527791,26.2,26.4,26.2,26.3,0.0,192
2019-11-21,2208,328110,8613325,26.2,26.3,26.2,26.25,-0.05,181
2019-11-22,2208,301399,7929168,26.25,26.4,26.2,26.3,0.05,166
2019-11-25,2208,924798,24617346,26.3,26.85,26.3,26.65,0.35,492
2019-11-26,2208,644967,17276660,26.85,26.9,26.6,26.75,0.1,397
2019-11-27,2208,577932,15538825,26.8,27.0,26.75,26.95,0.2,341
2019-11-28,2208,304247,8173586,26.95,26.95,26.8,26.8,-0.15,190
2019-11-29,2208,358065,9553621,26.7,26.9,26.6,26.6,-0.2,192
2019-12-02,2208,339972,9015209,26.6,26.75,26.4,26.4,-0.2,210
2019-12-03,2208,256833,6787437,26.4,26.6,26.35,26.4,0.0,171
2019-12-04,2208,233701,6168433,26.5,26.6,26.3,26.35,-0.05,148
2019-12-05,2208,405756,10698151,26.35,26.5,26.3,26.4,0.05,239
2019-12-06,2208,505340,13444319,26.55,26.8,26.45,26.45,0.05,313
2019-12-09,2208,1155206,30980516,26.55,26.95,26.55,26.8,0.35,578
2019-12-10,2208,412469,11001315,26.9,26.9,26.6,26.6,-0.2,242
2019-12-11,2208,342194,9093393,26.65,26.75,26.5,26.5,-0.1,233
2019-12-12,2208,361090,9568565,26.6,26.6,26.4,26.5,0.0,194
2019-12-13,2208,800856,21236722,26.55,26.7,26.4,26.4,-0.1,410
2019-12-16,2208,581599,15362816,26.4,26.5,26.35,26.45,0.05,367
2019-12-17,2208,950677,25296502,26.6,26.85,26.45,26.75,0.3,550
2019-12-18,2208,1049039,28174735,26.75,27.0,26.7,26.95,0.2,640
2019-12-19,2208,623826,16821191,27.0,27.15,26.8,26.85,-0.1,315
2019-12-20,2208,342737,9172232,26.85,26.85,26.65,26.75,-0.1,205
2019-12-23,2208,1616333,43751111,26.85,27.25,26.75,27.15,0.4,739
2019-12-24,2208,901590,24434009,27.25,27.3,26.95,26.95,-0.2,419
2019-12-25,2208,409943,11015172,27.0,27.0,26.8,26.8,-0.15,221
2019-12-26,2208,297215,7961740,26.85,26.9,26.7,26.7,-0.1,192
2019-12-27,2208,575185,15356866,26.75,26.8,26.6,26.8,0.1,312
2019-12-30,2208,1072180,28974068,27.0,27.2,26.85,26.95,0.15,511
2019-12-31,2208,608897,16349890,26.95,26.95,26.75,26.85,-0.1,284
2020-01-02,2208,1106785,29993071,26.85,27.25,26.85,27.1,0.25,566
2020-01-03,2208,1037755,28058427,27.2,27.35,26.85,26.95,-0.15,544
2020-01-06,2208,785876,21135736,26.8,27.15,26.75,26.8,-0.15,379
2020-01-07,2208,720656,19273721,26.9,26.95,26.55,26.95,0.15,436
2020-01-08,2208,770736,20510199,26.65,26.8,26.5,26.5,-0.45,442
2020-01-09,2208,631252,16892191,26.55,27.0,26.55,26.8,0.3,309
2020-01-10,2208,2966120,78010882,26.8,26.8,26.0,26.25,-0.55,1196
2020-01-13,2208,2895616,77987468,27.15,27.25,26.5,26.5,0.25,1346
2020-01-14,2208,962735,25476104,26.7,26.7,26.35,26.35,-0.15,577
2020-01-15,2208,543628,14347242,26.45,26.5,26.3,26.4,0.05,271
2020-01-16,2208,407693,10760448,26.5,26.5,26.3,26.4,0.0,231
2020-01-17,2208,489243,12934343,26.6,26.6,26.35,26.35,-0.05,245
2020-01-20,2208,1261946,33088419,26.2,26.3,26.2,26.25,-0.1,455
2020-01-30,2208,2573219,64424109,25.2,25.5,24.5,24.5,-1.75,1115
2020-01-31,2208,1449420,35529970,24.55,24.85,24.2,24.6,0.1,772
2020-02-03,2208,1485026,34627997,24.0,24.1,22.8,23.35,-1.25,715
2020-02-04,2208,1091671,25641837,23.5,23.6,23.2,23.55,0.2,471
2020-02-05,2208,863977,20190701,23.65,23.7,23.25,23.3,-0.25,441
2020-02-06,2208,905459,21340470,23.5,23.7,23.35,23.6,0.3,499
2020-02-07,2208,783169,18297285,23.5,23.5,23.25,23.25,-0.35,469
2020-02-10,2208,1002983,22865750,23.05,23.05,22.5,22.8,-0.45,536
2020-02-11,2208,3036643,72982772,23.15,24.85,23.05,24.65,1.85,1638
2020-02-12,2208,1617566,39643613,24.6,24.8,24.3,24.5,-0.15,825
2020-02-13,2208,1748268,43220904,24.5,25.05,24.4,24.5,0.0,813
2020-02-14,2208,599959,14638395,24.5,24.5,24.25,24.35,-0.15,359
2020-02-17,2208,475666,11557027,24.35,24.5,24.2,24.25,-0.1,274
2020-02-18,2208,493244,11915410,24.2,24.4,24.0,24.05,-0.2,289
2020-02-19,2208,648402,15612401,24.15,24.2,24.0,24.05,0.0,408
2020-02-20,2208,295192,7116011,24.1,24.2,24.0,24.05,0.0,190
2020-02-21,2208,661142,16020372,24.1,24.4,24.05,24.15,0.1,388
2020-02-24,2208,576284,13747348,24.05,24.1,23.75,23.8,-0.35,335
2020-02-25,2208,1038626,24591545,23.5,23.9,23.35,23.65,-0.15,408
2020-02-26,2208,946731,22137207,23.2,23.6,23.2,23.3,-0.35,447
2020-02-27,2208,875475,20246564,23.35,23.55,22.95,23.1,-0.2,484
2020-03-02,2208,1089677,25015729,22.6,23.45,22.55,22.8,-0.3,561
2020-03-03,2208,657817,15103197,23.2,23.3,22.85,22.9,0.1,352
2020-03-04,2208,716001,16316962,22.9,22.9,22.7,22.9,0.0,307
2020-03-05,2208,337741,7768640,23.25,23.25,22.95,23.1,0.2,244
2020-03-06,2208,374004,8545724,23.0,23.0,22.75,22.9,-0.2,291
2020-03-09,2208,1407178,32272947,23.2,23.45,22.55,22.55,-0.35,830
2020-03-10,2208,1496701,33203531,22.3,22.4,22.0,22.25,-0.3,721
2020-03-11,2208,861539,19252656,22.45,22.55,22.1,22.1,-0.15,391
2020-03-12,2208,2155142,45440749,22.0,22.0,20.5,20.55,-1.55,1051
2020-03-13,2208,2701368,51016664,18.6,19.3,18.6,19.3,-1.25,1079
2020-03-16,2208,1760007,32872576,18.8,19.35,18.0,18.0,-1.3,763
2020-03-17,2208,2322454,39709353,16.6,18.0,16.5,17.0,-1.0,863
2020-03-18,2208,1226283,21053661,17.45,17.45,17.0,17.0,0.0,643
2020-03-19,2208,2190831,34674621,16.8,16.8,15.3,15.55,-1.45,969
2020-03-20,2208,1487952,24741084,15.8,17.1,15.8,17.1,1.55,752
2020-03-23,2208,844941,13934517,16.6,16.65,16.15,16.45,-0.65,431
2020-03-24,2208,812514,13651643,16.9,17.2,16.45,16.55,0.1,428
2020-03-25,2208,1363896,23665581,17.0,17.65,17.0,17.4,0.85,690
2020-03-26,2208,422958,7278107,17.5,17.5,16.95,17.3,-0.1,306
2020-03-27,2208,781917,13579157,17.7,17.7,17.15,17.25,-0.05,412
2020-03-30,2208,536925,9022418,16.95,17.0,16.5,16.8,-0.45,300
2020-03-31,2208,1835738,32648679,17.15,18.35,17.0,17.6,0.8,1008
2020-04-01,2208,547666,9558279,17.4,17.8,17.3,17.5,-0.1,350
2020-04-06,2208,908217,16047408,17.55,17.85,17.4,17.7,0.2,553
2020-04-07,2208,899935,16332057,18.15,18.4,17.95,18.35,0.65,577
2020-04-08,2208,1037847,19365624,18.6,18.85,18.3,18.85,0.5,573
2020-04-09,2208,1014886,19328734,18.9,19.35,18.75,19.0,0.15,517
2020-04-10,2208,816465,15599351,19.1,19.3,18.9,19.05,0.05,348
2020-04-13,2208,855837,16230595,19.05,19.35,18.7,18.7,-0.35,386
2020-04-14,2208,782805,14728896,18.75,19.0,18.6,19.0,0.3,436
2020-04-15,2208,764530,14710718,19.1,19.45,19.05,19.3,0.3,483
2020-04-16,2208,991438,19274177,19.2,19.7,19.05,19.65,0.35,479
2020-04-17,2208,1296906,25928231,19.95,20.4,19.75,19.85,0.2,724
2020-04-20,2208,1061373,21514003,20.0,20.5,19.75,20.5,0.65,540
2020-04-21,2208,2773259,56279669,20.5,21.4,19.45,19.6,-0.9,1432
2020-04-22,2208,676450,13108239,19.2,19.65,19.05,19.65,0.05,327
2020-04-23,2208,555853,10934894,19.9,19.95,19.4,19.75,0.1,307
2020-04-24,2208,420269,8277695,19.75,19.85,19.5,19.7,-0.05,218
2020-04-27,2208,1173538,23704410,19.8,20.5,19.75,20.5,0.8,500
2020-04-28,2208,1210050,25244132,20.6,21.2,20.6,20.95,0.45,566
2020-04-29,2208,1650554,35367803,21.05,21.7,20.8,21.7,0.75,806
2020-04-30,2208,1393873,30426823,22.0,22.0,21.5,22.0,0.3,673
2020-05-04,2208,1225004,26301979,21.7,21.8,21.2,21.25,-0.75,625
2020-05-05,2208,2765352,63657184,22.0,23.35,21.8,23.35,2.1,1225
2020-05-06,2208,8158368,200619148,24.55,25.2,24.05,24.35,1.0,4080
2020-05-07,2208,2577347,61420622,24.3,24.3,23.55,23.9,-0.45,1311
2020-05-08,2208,2144237,51587456,24.35,24.45,23.7,24.0,0.1,947
2020-05-11,2208,3649958,89946888,24.2,25.0,24.1,25.0,1.0,1560
2020-05-12,2208,2562061,63617602,25.0,25.3,24.4,24.75,-0.25,1502
2020-05-13,2208,2811727,70311853,25.0,25.45,24.7,24.85,0.1,1337
2020-05-14,2208,2155409,52258605,24.9,24.9,23.75,23.75,-1.1,1129
2020-05-15,2208,1483586,35058614,24.4,24.4,23.0,23.5,-0.25,736
2020-05-18,2208,1791728,43657755,24.0,24.7,23.7,24.5,1.0,913
2020-05-19,2208,1261043,30858384,25.0,25.15,24.15,24.5,0.0,809
2020-05-20,2208,3550831,87986343,25.2,25.4,24.2,24.25,-0.25,1847
2020-05-21,2208,895896,21840674,24.35,24.6,24.25,24.3,0.05,553
2020-05-22,2208,1069425,25613999,24.35,24.4,23.8,23.8,-0.5,646
2020-05-25,2208,564530,13429159,23.8,24.0,23.55,24.0,0.2,319
2020-05-26,2208,1121668,26841751,24.35,24.4,23.55,23.8,-0.2,581
2020-05-27,2208,3420197,83932810,24.15,24.95,24.1,24.85,1.05,1685
2020-05-28,2208,2891699,71939799,25.05,25.1,24.5,24.5,-0.35,1506
2020-05-29,2208,3741317,93872736,24.75,25.4,24.45,24.8,0.3,1843
2020-06-01,2208,1888194,47568878,25.35,25.55,24.95,25.1,0.3,925
2020-06-02,2208,1115326,27886800,25.1,25.2,24.75,25.15,0.05,616
2020-06-03,2208,1078573,27012717,25.2,25.35,24.85,25.0,-0.15,664
2020-06-04,2208,814258,20288132,25.05,25.1,24.8,24.8,-0.2,499
2020-06-05,2208,1714880,43043882,25.0,25.2,24.9,25.2,0.4,758
2020-06-08,2208,3160018,80904943,25.7,25.85,25.3,25.55,0.35,1464
2020-06-09,2208,1343375,34005139,25.6,25.65,25.15,25.3,-0.25,805
2020-06-10,2208,1629277,40650485,24.95,25.2,24.85,25.0,-0.3,1026
2020-06-11,2208,3212307,78752571,25.0,25.2,24.0,24.05,-0.95,1406
2020-06-12,2208,1618439,37979351,23.3,23.8,22.85,23.75,-0.3,787
2020-06-15,2208,1075613,25442197,23.75,23.9,23.45,23.5,-0.25,531
2020-06-16,2208,882481,21023042,23.6,23.95,23.6,23.85,0.35,409
2020-06-17,2208,752902,18078135,23.85,24.2,23.7,23.95,0.1,411
2020-06-18,2208,679575,16193904,24.0,24.1,23.7,23.7,-0.25,422
2020-06-19,2208,805693,19071244,23.95,23.95,23.6,23.6,-0.1,418
2020-06-22,2208,997128,23355613,23.4,23.7,23.25,23.25,-0.35,578
2020-06-23,2208,1590639,36644194,23.25,23.4,22.9,22.95,-0.3,713
2020-06-24,2208,1879590,43968313,23.0,24.1,22.85,23.25,0.3,798
2020-06-29,2208,976930,22369835,23.25,23.25,22.6,22.8,-0.45,570
2020-06-30,2208,441831,10209433,23.15,23.3,22.95,23.2,0.4,270
2020-07-01,2208,582172,13476756,23.2,23.3,23.05,23.05,-0.15,324
2020-07-02,2208,638374,14812952,23.35,23.35,23.05,23.1,0.05,383
2020-07-03,2208,522024,12138686,23.2,23.45,23.15,23.15,0.05,313
2020-07-06,2208,1465310,34578929,23.2,23.8,23.2,23.7,0.55,692
2020-07-07,2208,616033,14525735,23.8,23.95,23.2,23.45,-0.25,426
2020-07-08,2208,1076670,25521595,23.15,24.0,23.15,23.65,0.2,638
2020-07-09,2208,3012083,72979746,24.1,24.6,23.7,23.9,0.25,1366
2020-07-10,2208,1177936,27672188,23.9,24.0,23.25,23.3,-0.6,638
2020-07-13,2208,907934,21511688,23.5,23.9,23.4,23.7,0.4,521
2020-07-14,2208,529642,12475688,23.85,23.85,23.45,23.6,-0.1,339
2020-07-15,2208,6209580,152104240,23.8,25.2,23.7,23.8,0.2,2834
2020-07-16,2208,1783594,43300350,24.3,24.65,23.9,24.55,0.75,983
2020-07-17,2208,1514987,36871821,24.65,24.85,23.95,24.1,-0.45,871
2020-07-20,2208,2001708,49053705,24.25,24.85,23.7,24.75,0.65,1061
2020-07-21,2208,1380170,34006985,24.9,24.9,24.45,24.6,-0.15,714
2020-07-22,2208,4005431,99969989,24.7,25.2,24.65,24.7,0.1,1623
2020-07-23,2208,1333608,32660109,24.95,24.95,24.25,24.4,-0.3,716
2020-07-24,2208,1148075,27740588,24.5,24.6,24.0,24.05,-0.35,632
2020-07-27,2208,1394154,33732708,24.2,24.45,23.95,24.0,-0.05,722
2020-07-28,2208,1228950,29215000,24.2,24.35,23.6,23.7,-0.3,604
2020-07-29,2208,4214134,104242632,23.6,25.3,23.3,24.7,1.0,1992
2020-07-30,2208,3971098,99798250,24.7,25.45,24.4,25.15,0.45,2075
2020-07-31,2208,1528954,38021894,25.25,25.25,24.65,24.8,-0.35,847
2020-08-03,2208,5797878,148690873,24.8,26.4,24.55,26.4,1.6,2536
2020-08-04,2208,3946711,101873908,26.2,26.2,25.55,25.65,-0.75,2200
2020-08-05,2208,2193091,55419328,25.65,25.7,25.05,25.25,-0.4,1248
2020-08-06,2208,2184109,55172096,25.25,25.8,24.85,24.9,-0.35,1192
2020-08-07,2208,4583003,118534303,25.15,26.45,25.05,25.7,0.8,2243
2020-08-10,2208,4065157,104455142,25.75,26.4,25.2,25.25,-0.45,1978
2020-08-11,2208,2135217,53649425,25.2,25.45,24.85,25.0,-0.25,967
2020-08-12,2208,1242841,30791029,25.0,25.15,24.5,24.9,-0.1,649
2020-08-13,2208,1396200,34422618,25.0,25.1,24.5,24.55,-0.35,692
2020-08-14,2208,940095,23079307,24.55,24.8,24.4,24.55,0.0,682
2020-08-17,2208,1428371,35534343,24.5,25.3,24.4,24.85,0.3,755
2020-08-18,2208,7699697,198092643,25.1,26.25,24.8,25.35,0.5,3285
2020-08-19,2208,3087939,78910544,25.35,25.95,25.1,25.4,0.05,1810
2020-08-20,2208,3882936,94987679,25.45,25.5,23.75,24.15,-1.25,1941
2020-08-21,2208,1201335,29345289,24.35,24.7,24.2,24.45,0.3,664
2020-08-24,2208,1728562,41872660,24.35,24.65,24.0,24.25,-0.2,814
2020-08-25,2208,1720051,42479275,24.35,25.0,24.35,24.5,0.25,864
2020-08-26,2208,951105,23254947,24.6,24.65,24.2,24.45,-0.05,568
2020-08-27,2208,2484917,61462658,24.6,25.1,24.25,24.35,-0.1,1012
2020-08-28,2208,888747,21630780,24.2,24.6,24.2,24.3,-0.05,440
2020-08-31,2208,4451776,111126580,24.05,25.4,24.05,24.75,0.45,1959
2020-09-01,2208,2239925,54941895,25.0,25.15,24.35,24.45,-0.3,1103
2020-09-02,2208,826066,20222945,24.6,24.75,24.3,24.45,0.0,418
2020-09-03,2208,1263777,31054377,24.6,24.75,24.4,24.45,0.0,576
2020-09-04,2208,1152590,28224844,24.15,24.8,24.15,24.5,0.05,634
2020-09-07,2208,9112864,233751497,24.65,26.2,24.6,25.7,1.2,4003
2020-09-08,2208,3546734,90126968,26.05,26.2,25.05,25.15,-0.55,1749
2020-09-09,2208,1270568,31784250,24.95,25.25,24.7,25.15,0.0,672
2020-09-10,2208,1679818,42550502,25.3,25.75,25.1,25.3,0.15,845
2020-09-11,2208,13140046,341259487,25.35,26.8,25.05,25.25,-0.05,5511
2020-09-14,2208,2202805,55355181,25.3,25.55,24.85,25.1,-0.15,1150
2020-09-15,2208,1025508,25679647,25.15,25.25,24.95,24.95,-0.15,627
2020-09-16,2208,1317059,32852347,25.25,25.25,24.8,24.8,-0.15,764
2020-09-17,2208,858222,21389149,24.85,25.2,24.75,24.85,0.05,568
2020-09-18,2208,1254576,31564833,25.0,25.4,24.95,24.95,0.1,685
2020-09-21,2208,811455,20281849,25.2,25.2,24.85,24.85,-0.1,524
2020-09-22,2208,1388042,34101909,25.05,25.05,24.35,24.45,-0.4,738
2020-09-23,2208,1503026,36463496,24.45,24.6,24.05,24.35,-0.1,775
2020-09-24,2208,1857977,44614629,24.3,24.3,23.9,23.9,-0.45,855
2020-09-25,2208,1524077,36428467,24.05,24.4,23.55,23.8,-0.1,793
2020-09-28,2208,651227,15689315,23.9,24.2,23.9,24.15,0.35,304
2020-09-29,2208,1032658,24999743,24.2,24.45,24.05,24.05,-0.1,368
2020-09-30,2208,520056,12600237,24.05,24.55,24.0,24.1,0.05,286
2020-10-05,2208,924395,22621149,24.5,24.8,24.25,24.35,0.25,467
2020-10-06,2208,1906400,47586485,24.85,25.25,24.55,24.9,0.55,1026
2020-10-07,2208,785962,19427980,24.9,24.95,24.6,24.75,-0.15,466
2020-10-08,2208,648336,16014770,24.95,24.95,24.65,24.85,0.1,351
2020-10-12,2208,2073292,51974750,25.1,25.3,24.85,25.15,0.3,941
2020-10-13,2208,1305043,32395441,25.2,25.3,24.6,24.65,-0.5,629
2020-10-14,2208,1368666,34144123,24.55,25.2,24.55,24.9,0.25,554
2020-10-15,2208,624601,15407972,24.8,24.85,24.6,24.6,-0.3,406
2020-10-16,2208,1002243,24502266,24.75,24.75,24.3,24.35,-0.25,510
2020-10-19,2208,953751,23533721,24.4,25.0,24.35,24.9,0.55,509
2020-10-20,2208,521909,12830408,24.8,24.8,24.5,24.55,-0.35,380
2020-10-21,2208,811824,20140974,24.65,25.05,24.55,24.9,0.35,450
2020-10-22,2208,422965,10474270,24.8,24.95,24.65,24.85,-0.05,258
2020-10-23,2208,740411,18466928,25.0,25.05,24.7,24.95,0.1,433
2020-10-26,2208,2217726,56117953,25.15,25.5,25.05,25.15,0.2,1058
2020-10-27,2208,857752,21650121,25.15,25.4,25.1,25.1,-0.05,534
2020-10-28,2208,1708387,43330735,25.35,25.5,25.2,25.25,0.15,789
2020-10-29,2208,1078204,26891279,25.0,25.15,24.8,24.85,-0.4,457
2020-10-30,2208,1461494,36510693,25.0,25.45,24.55,24.6,-0.25,774
2020-11-02,2208,1222071,29909668,24.9,24.95,24.3,24.5,-0.1,653
2020-11-03,2208,751506,18400844,24.3,24.7,24.3,24.55,0.05,351
2020-11-04,2208,707389,17320617,24.7,24.7,24.4,24.55,0.0,314
2020-11-05,2208,385873,9498845,24.65,24.8,24.45,24.55,0.0,247
2020-11-06,2208,581868,14227949,24.7,24.7,24.3,24.4,-0.15,378
2020-11-09,2208,502230,12307019,24.45,24.65,24.4,24.45,0.05,336
2020-11-10,2208,682627,16781179,24.5,24.8,24.45,24.6,0.15,357
2020-11-11,2208,644141,15821788,24.55,24.7,24.5,24.6,0.0,417
2020-11-12,2208,2872677,68993322,24.6,24.6,23.75,23.85,-0.75,1685
2020-11-13,2208,1138825,27234189,23.85,24.7,23.6,24.05,0.2,610
2020-11-16,2208,851658,20421991,24.05,24.15,23.85,23.95,-0.1,482
2020-11-17,2208,630323,15087353,24.05,24.1,23.85,23.95,0.0,405
2020-11-18,2208,601026,14427213,24.05,24.1,23.9,24.0,0.05,373
2020-11-19,2208,585115,14147660,24.0,24.4,23.95,24.15,0.15,336
2020-11-20,2208,486489,11710002,24.2,24.2,24.0,24.0,-0.15,317
2020-11-23,2208,1773176,43606083,24.5,24.85,24.35,24.6,0.6,976
2020-11-24,2208,1550606,38321772,24.95,24.95,24.45,24.45,-0.15,797
2020-11-25,2208,4882613,122633075,24.85,25.3,24.65,25.05,0.6,2489
2020-11-26,2208,2478967,62681594,25.1,25.5,25.05,25.25,0.2,1100
2020-11-27,2208,1572414,39353160,25.0,25.25,24.85,25.05,-0.2,818
2020-11-30,2208,1442303,36059356,24.9,25.3,24.9,24.9,-0.15,736
2020-12-01,2208,863564,21498585,25.0,25.2,24.75,24.9,0.0,502
2020-12-02,2208,2137667,53735316,25.3,25.4,24.95,25.05,0.15,917
2020-12-03,2208,1116412,27871136,25.2,25.2,24.8,24.85,-0.2,719
2020-12-04,2208,831125,20637310,25.05,25.05,24.75,24.75,-0.1,501
2020-12-07,2208,1132818,28206115,25.0,25.0,24.8,24.9,0.15,550
2020-12-08,2208,2549148,64225724,25.0,25.35,24.95,25.15,0.25,1007
2020-12-09,2208,1585293,39552774,25.3,25.35,24.65,24.85,-0.3,817
2020-12-10,2208,949768,23564149,24.85,25.0,24.6,24.7,-0.15,544
2020-12-11,2208,1180876,29065867,24.7,24.9,24.4,24.6,-0.1,543
2020-12-14,2208,554911,13717913,24.6,24.9,24.45,24.8,0.2,370
2020-12-15,2208,862998,21435038,24.85,25.1,24.65,24.75,-0.05,445
2020-12-16,2208,2630306,66448364,25.0,25.45,24.9,25.3,0.55,1256
2020-12-17,2208,3217168,82438167,25.35,25.85,25.3,25.6,0.3,1574
2020-12-18,2208,17654664,479282494,25.7,28.15,25.7,28.15,2.55,6609
2020-12-21,2208,30362654,924472795,29.8,30.95,29.5,30.95,2.8,8105
2020-12-22,2208,46864509,1436067600,31.95,32.85,28.0,28.05,-2.9,19077
2020-12-23,2208,11856895,333455047,28.2,29.25,27.0,29.0,0.95,5265
2020-12-24,2208,5297753,153401919,28.8,29.7,28.5,28.65,-0.35,2858
2020-12-25,2208,5708451,163633375,28.85,29.4,28.15,28.3,-0.35,2651
2020-12-28,2208,15188723,451290039,28.5,30.7,28.5,29.35,1.05,6702
2020-12-29,2208,8389250,247071313,29.5,30.45,28.65,28.8,-0.55,4132
2020-12-30,2208,2878706,82597197,28.9,29.1,28.5,28.7,-0.1,1570
2020-12-31,2208,2444043,69999096,28.75,29.0,28.45,28.45,-0.25,1315
2021-01-04,2208,4763611,133985673,28.75,28.8,27.7,28.25,-0.2,2525
2021-01-05,2208,3316268,91988779,27.9,28.2,27.55,27.6,-0.65,1779
2021-01-06,2208,5234625,140933239,27.6,27.9,26.3,26.5,-1.1,2538
2021-01-07,2208,2692576,72567210,27.0,27.5,26.6,26.9,0.4,1384
2021-01-08,2208,1951120,51850661,26.9,27.2,26.35,26.45,-0.45,1059
2021-01-11,2208,2328244,62617459,26.45,27.2,26.3,26.75,0.3,1111
2021-01-12,2208,3446875,90090824,26.5,26.6,25.85,25.9,-0.85,1645
2021-01-13,2208,2253473,58643747,25.8,26.35,25.6,26.1,0.2,1014
2021-01-14,2208,1515759,40038651,26.15,27.0,26.15,26.15,0.05,900
2021-01-15,2208,2591994,66426224,26.3,26.35,25.4,25.4,-0.75,1380
2021-01-18,2208,1557103,39038081,25.4,25.45,24.8,25.0,-0.4,896
2021-01-19,2208,1736475,43360051,25.0,25.45,24.7,24.7,-0.3,923
2021-01-20,2208,2868846,69532019,24.7,24.8,24.0,24.05,-0.65,1420
2021-01-21,2208,1699352,40959234,24.05,24.5,23.9,24.0,-0.05,834
2021-01-22,2208,1397459,34297924,24.15,24.8,24.15,24.65,0.65,807
2021-01-25,2208,1001793,24706016,24.4,24.9,24.4,24.75,0.1,504
2021-01-26,2208,1645906,41340398,25.3,25.35,24.9,25.1,0.35,803
2021-01-27,2208,886898,22187897,25.3,25.4,24.7,25.0,-0.1,554
2021-01-28,2208,952212,23382295,24.55,24.9,24.35,24.75,-0.25,531
2021-01-29,2208,1466185,35536462,24.7,24.7,23.95,24.05,-0.7,772
2021-02-01,2208,1629718,38736155,24.1,24.25,23.4,23.9,-0.15,851
2021-02-02,2208,891557,21484088,23.9,24.35,23.85,24.0,0.1,508
2021-02-03,2208,1118064,26940465,24.0,24.3,23.9,24.05,0.05,428
2021-02-04,2208,553000,13299752,23.95,24.2,23.9,24.0,-0.05,330
2021-02-05,2208,1240788,29710264,23.95,24.05,23.75,23.95,-0.05,517
2021-02-17,2208,2273093,55515045,23.9,24.8,23.9,24.4,0.45,898
2021-02-18,2208,4493706,114054718,24.5,26.15,24.5,25.3,0.9,2115
2021-02-19,2208,2243227,55970322,25.3,25.3,24.8,24.9,-0.4,999
2021-02-22,2208,4095472,102155558,24.7,25.35,24.5,25.1,0.2,1581
2021-02-23,2208,2542777,64128902,25.05,25.45,25.0,25.25,0.15,980
2021-02-24,2208,3535704,89654439,25.25,25.6,25.25,25.3,0.05,1275
2021-02-25,2208,8905111,230290356,25.55,26.5,25.5,26.5,1.2,2870
2021-02-26,2208,19631600,462315284,22.5,24.3,22.5,23.95,0.0,6926
2021-03-02,2208,6163914,145676643,24.05,24.1,23.35,23.4,-0.55,3050
2021-03-03,2208,2425659,56914736,23.4,23.75,23.2,23.7,0.3,1087
2021-03-04,2208,2431315,57334238,23.7,23.9,23.3,23.7,0.0,1021
2021-03-05,2208,1518767,35583732,23.45,23.55,23.3,23.4,-0.3,741
2021-03-08,2208,3644989,84131396,23.1,23.3,22.9,22.95,-0.45,1757
2021-03-09,2208,2142000,49257388,22.9,23.15,22.85,23.0,0.05,915
2021-03-10,2208,5581727,126482008,23.05,23.2,22.3,22.45,-0.55,2817
2021-03-11,2208,8596864,188777747,22.4,22.4,21.8,21.9,-0.55,3673
2021-03-12,2208,4785640,105771515,21.9,22.4,21.9,22.0,0.1,2262
2021-03-15,2208,5206006,113334064,22.0,22.0,21.6,21.9,-0.1,2747
2021-03-16,2208,10384438,235588184,22.0,23.2,22.0,23.1,1.2,5103
2021-03-17,2208,9727267,224594396,23.25,23.7,22.8,22.9,-0.2,4371
2021-03-18,2208,5988370,135985510,23.0,23.2,22.5,22.6,-0.3,2804
2021-03-19,2208,4598215,102703544,22.4,22.5,22.2,22.3,-0.3,2016
2021-03-22,2208,5783653,131772369,22.35,23.05,22.3,22.95,0.65,2754
2021-03-23,2208,4148077,94337987,23.2,23.2,22.45,22.75,-0.2,2064
2021-03-24,2208,1768734,39898625,22.45,22.8,22.45,22.55,-0.2,933
2021-03-25,2208,1922044,43254411,22.6,22.65,22.4,22.4,-0.15,954
2021-03-26,2208,2500466,55865683,22.5,22.55,22.25,22.35,-0.05,1315
2021-03-29,2208,4968762,112773862,22.4,22.5,22.1,22.4,0.05,1766
2021-03-30,2208,9436243,214125140,22.4,23.15,22.25,22.25,-0.15,3761
2021-03-31,2208,53809520,1157094900,21.7,21.7,21.2,21.45,-0.8,19241
2021-04-01,2208,24534796,537411059,21.6,22.2,21.6,22.15,0.7,10528
2021-04-06,2208,20122983,453460674,22.45,22.95,22.3,22.4,0.25,7843
2021-04-07,2208,12765076,281743210,22.3,22.35,21.8,22.15,-0.25,5364
2021-04-08,2208,10674490,238539251,22.2,22.5,22.15,22.5,0.35,4260
2021-04-09,2208,11921190,268086336,22.65,22.7,22.2,22.6,0.1,4527
2021-04-12,2208,8609125,192619319,22.6,22.65,22.25,22.3,-0.3,3708
2021-04-13,2208,12819079,284824283,22.35,22.65,21.9,21.9,-0.4,5314
2021-04-14,2208,17019596,376336551,21.9,22.45,21.65,22.35,0.45,5726
2021-04-15,2208,6232625,138413237,22.35,22.4,22.1,22.15,-0.2,2459
2021-04-16,2208,12335198,275193367,22.2,22.5,22.1,22.4,0.25,3928
2021-04-19,2208,52496419,1259516721,22.95,24.6,22.85,24.6,2.2,15530
2021-04-20,2208,69400791,1781529514,26.5,26.6,25.0,25.1,0.5,25956
2021-04-21,2208,92836023,2468996511,24.7,27.6,24.25,27.6,2.5,32303
2021-04-22,2208,117368302,3402371053,28.75,30.2,26.2,27.0,-0.6,45697
2021-04-23,2208,34889892,914798525,27.05,27.75,25.5,25.8,-1.2,14671
2021-04-26,2208,50947921,1392920200,26.0,28.05,26.0,27.3,1.5,19913
2021-04-27,2208,30126507,806706571,27.2,27.9,26.2,26.5,-0.8,13076
2021-04-28,2208,23587989,612181689,26.65,26.8,25.6,25.65,-0.85,10276
2021-04-29,2208,19549698,493147026,25.9,26.1,24.8,25.3,-0.35,8068
2021-05-03,2208,31064217,810715646,25.4,26.8,25.35,25.5,0.2,13109
2021-05-04,2208,35960855,886091920,26.0,26.45,23.05,23.75,-1.75,13240
2021-05-05,2208,11087485,267374576,23.85,24.8,23.3,23.9,0.15,4857
2021-05-06,2208,10755492,259067135,24.1,24.8,23.5,23.75,-0.15,4472
2021-05-07,2208,11965959,289401087,24.15,24.8,23.6,24.75,1.0,4690
2021-05-10,2208,15475307,385059940,24.5,25.4,24.35,24.65,-0.1,6656
2021-05-11,2208,17628939,413638420,24.1,24.5,22.6,23.0,-1.65,7931
2021-05-12,2208,26271670,559143721,22.75,23.0,20.7,20.75,-2.25,10001
2021-05-13,2208,16587336,325699885,19.15,20.55,18.7,19.8,-0.95,6467
2021-05-14,2208,9527868,191888426,20.3,20.75,19.8,20.1,0.3,4026
2021-05-17,2208,12660406,236096093,18.7,19.4,18.15,18.25,-1.85,5073
2021-05-18,2208,10380354,202447379,18.6,20.05,18.55,20.05,1.8,4119
2021-05-19,2208,11093856,226753414,20.3,21.0,19.8,20.45,0.4,4329
2021-05-20,2208,5481504,110688778,20.5,20.75,19.95,19.95,-0.5,2454
2021-05-21,2208,25293629,534557172,20.45,21.9,20.3,21.9,1.95,7512
2021-05-24,2208,38394188,869043240,21.9,23.65,21.4,22.4,0.5,14464
2021-05-25,2208,15369525,339835773,22.0,23.0,21.6,22.0,-0.4,6570
2021-05-26,2208,6885685,152114051,22.3,22.5,21.6,21.95,-0.05,3107
2021-05-27,2208,5511001,121362525,22.1,22.35,21.9,21.9,-0.05,2330
2021-05-28,2208,16686068,378028136,22.0,23.2,22.0,22.65,0.75,6630
2021-05-31,2208,10310957,231128260,22.65,23.0,22.0,22.05,-0.6,4651
2021-06-01,2208,8126416,182149266,22.2,22.85,22.0,22.75,0.7,3472
2021-06-02,2208,39588401,926452622,22.75,24.15,22.4,23.4,0.65,13665
2021-06-03,2208,23168746,552147467,23.4,24.15,23.4,24.0,0.6,9300
2021-06-04,2208,22602291,541822484,23.7,24.2,23.5,24.1,0.1,8276
2021-06-07,2208,12698705,300405264,24.2,24.3,22.8,23.9,-0.2,4998
2021-06-08,2208,37501504,927479041,24.05,25.7,24.05,24.1,0.2,14355
2021-06-09,2208,9693366,229483521,24.1,24.35,23.1,23.45,-0.65,4394
2021-06-10,2208,7686462,180330520,23.7,23.9,23.0,23.45,0.0,3590
2021-06-11,2208,11858995,283448958,23.55,24.35,23.45,23.8,0.35,5014
2021-06-15,2208,83641483,2116540873,24.25,26.15,24.05,26.15,2.35,24539
2021-06-16,2208,153148600,4193392618,26.5,28.3,26.35,26.65,0.5,60595
2021-06-17,2208,46701228,1262038251,26.7,27.7,26.15,27.1,0.45,20966
2021-06-18,2208,132012812,3797952046,27.25,29.4,27.05,28.3,1.2,51246
2021-06-21,2208,175543107,5346365393,28.65,31.1,28.6,31.1,2.8,63153
2021-06-22,2208,251643901,8226684262,32.15,33.8,30.9,31.25,0.15,97707
2021-06-23,2208,94090914,2712615766,30.55,30.6,28.15,28.15,-3.1,41897
2021-06-24,2208,128384787,3672309395,27.0,30.0,26.1,28.45,0.3,52164
2021-06-25,2208,55687969,1591708661,29.1,29.6,27.85,27.9,-0.55,24641
2021-06-28,2208,82022574,2383457354,28.6,29.8,28.2,28.9,1.0,35202
2021-06-29,2208,52256176,1491726275,29.1,29.65,27.9,28.1,-0.8,23276
2021-06-30,2208,51739199,1452575071,27.9,28.95,27.3,27.85,-0.25,23987
2021-07-01,2208,39551144,1101173735,28.3,28.6,27.1,27.1,-0.75,17924
2021-07-02,2208,27612916,739057039,27.25,27.45,26.3,26.6,-0.5,13028
2021-07-05,2208,33205208,871016925,26.5,27.0,25.3,26.95,0.35,14396
2021-07-06,2208,81915608,2288316648,27.25,28.6,26.7,28.25,1.3,30239
2021-07-07,2208,31888671,874894434,27.55,28.2,26.65,27.5,-0.75,15062
2021-07-08,2208,16291207,442238832,27.35,27.7,26.65,27.05,-0.45,7464
2021-07-09,2208,11840470,315085865,27.1,27.1,26.4,26.4,-0.65,5780
2021-07-12,2208,14747616,386051744,26.5,26.95,25.6,25.8,-0.6,7358
2021-07-13,2208,16640637,424987903,26.0,26.1,25.2,25.2,-0.6,7638
2021-07-14,2208,15430844,385623324,25.25,25.85,24.5,24.9,-0.3,6969
2021-07-15,2208,25758418,665979978,25.15,26.6,25.0,25.75,0.85,11875
2021-07-16,2208,13642027,345264836,25.4,25.8,25.1,25.15,-0.6,6361
2021-07-19,2208,9152723,232580617,25.15,25.75,25.0,25.6,0.45,4225
2021-07-20,2208,8570278,213862066,25.3,25.3,24.8,24.8,-0.8,3907
2021-07-21,2208,10392783,255012141,25.25,25.35,24.0,24.1,-0.7,4861
2021-07-22,2208,8068878,197096629,24.55,24.85,24.15,24.35,0.25,3863
2021-07-23,2208,10138821,254096052,24.9,25.4,24.6,25.2,0.85,4794
2021-07-26,2208,6132942,153485691,25.3,25.35,24.75,24.9,-0.3,2754
2021-07-27,2208,6318907,156070923,25.2,25.2,24.35,24.4,-0.5,2995
2021-07-28,2208,7203079,173098446,24.65,24.75,23.65,23.85,-0.55,3384
2021-07-29,2208,6675786,162810491,24.0,24.8,23.85,24.7,0.85,3087
2021-07-30,2208,5772223,139720134,24.7,24.7,24.0,24.05,-0.65,2787
2021-08-02,2208,4579289,110062211,24.1,24.3,23.8,24.2,0.15,2121
2021-08-03,2208,3498618,84583834,24.25,24.45,24.0,24.0,-0.2,1653
2021-08-04,2208,3078028,74337644,24.1,24.35,24.0,24.25,0.25,1393
2021-08-05,2208,3715775,89084890,24.25,24.25,23.85,23.95,-0.3,2406
2021-08-06,2208,4620288,111642075,23.9,24.5,23.8,23.95,0.0,2342
2021-08-09,2208,3348211,80386194,23.9,24.25,23.9,23.9,-0.05,1690
2021-08-10,2208,3028766,72124357,24.1,24.2,23.65,23.75,-0.15,1556
2021-08-11,2208,5217136,121970392,23.75,23.75,23.0,23.35,-0.4,2563
2021-08-12,2208,2359831,55306673,23.45,23.65,23.3,23.45,0.1,1288
2021-08-13,2208,12651962,303245259,23.5,24.35,23.25,23.95,0.5,4981
2021-08-16,2208,6478439,152673985,24.1,24.25,23.2,23.2,-0.75,2942
2021-08-17,2208,3686455,84973445,23.45,23.45,22.8,22.8,-0.4,2024
2021-08-18,2208,11929994,278867442,22.6,24.4,22.35,24.1,1.3,4559
2021-08-19,2208,19900213,482216760,24.1,24.75,23.5,23.5,-0.6,8240
2021-08-20,2208,4954137,115975138,23.65,23.9,23.1,23.1,-0.4,2366
2021-08-23,2208,17095220,415789057,23.55,24.7,23.5,24.0,0.9,7430
2021-08-24,2208,8043223,194671305,24.4,24.7,23.85,23.85,-0.15,3649
2021-08-25,2208,3889035,93736055,24.05,24.3,23.9,24.2,0.35,1836
2021-08-26,2208,4644636,112362442,24.6,24.6,23.85,24.0,-0.2,2389
2021-08-27,2208,2471705,59273147,24.0,24.1,23.8,23.95,-0.05,1194
2021-08-30,2208,3275941,79301952,24.1,24.35,24.0,24.2,0.25,1548
2021-08-31,2208,8544730,209913186,24.3,24.8,24.15,24.65,0.45,3573
2021-09-01,2208,4961540,120487784,24.6,24.7,24.05,24.1,-0.55,1968
2021-09-02,2208,3821073,92657523,24.35,24.6,24.05,24.1,0.0,1807
2021-09-03,2208,5114765,123338627,24.5,24.5,23.8,23.85,-0.25,2435
2021-09-06,2208,4124047,97032324,23.85,23.9,23.3,23.4,-0.45,2305
2021-09-07,2208,4007469,94948185,23.45,24.2,23.4,23.5,0.1,1963
2021-09-08,2208,3093212,72006608,23.6,23.6,23.1,23.2,-0.3,1620
2021-09-09,2208,2480790,57312484,23.05,23.3,23.0,23.1,-0.1,1308
2021-09-10,2208,2875119,67098567,23.15,23.6,23.1,23.5,0.4,1417
2021-09-13,2208,2121209,49548858,23.4,23.55,23.25,23.3,-0.2,1106
2021-09-14,2208,2185396,50666639,23.5,23.5,23.05,23.05,-0.25,1137
2021-09-15,2208,2419965,55572293,23.2,23.2,22.8,22.95,-0.1,1290
2021-09-16,2208,1473736,33862436,23.0,23.1,22.9,23.05,0.1,781
2021-09-17,2208,2059355,47743274,23.0,23.3,23.0,23.3,0.25,987
2021-09-22,2208,3310935,75354937,22.8,22.95,22.65,22.75,-0.55,1783
2021-09-23,2208,1629197,37342786,22.85,23.05,22.8,22.9,0.15,807
2021-09-24,2208,2318579,53748281,23.0,23.45,23.0,23.05,0.15,1103
2021-09-27,2208,1784436,41382641,23.15,23.3,23.1,23.15,0.1,1013
2021-09-28,2208,2093599,47976477,23.2,23.2,22.8,22.9,-0.25,1176
2021-09-29,2208,2402925,54579063,22.6,22.95,22.55,22.7,-0.2,1290
2021-09-30,2208,2883301,65935197,22.65,23.1,22.6,23.1,0.4,1255
2021-10-01,2208,4440182,100429194,23.0,23.0,22.4,22.45,-0.65,1933
2021-10-04,2208,7062711,153873857,22.5,22.6,21.45,21.6,-0.85,3022
2021-10-05,2208,3352447,71538189,21.3,21.7,21.0,21.6,0.0,1622
2021-10-06,2208,2234241,47846763,21.8,21.9,21.15,21.2,-0.4,1475
2021-10-07,2208,3498284,76319362,21.3,22.1,21.3,21.85,0.65,1840
2021-10-08,2208,1433253,31256830,21.95,22.1,21.6,21.65,-0.2,871
2021-10-12,2208,5019922,105152974,21.45,21.5,20.6,20.7,-0.95,2622
2021-10-13,2208,2625510,54294668,20.7,21.15,20.5,20.5,-0.2,1394
2021-10-14,2208,1953324,40564119,20.8,21.0,20.5,20.8,0.3,1115
2021-10-15,2208,1942638,40710237,21.0,21.1,20.8,20.9,0.1,1042
2021-10-18,2208,2143748,45201325,21.05,21.3,20.9,21.15,0.25,1058
2021-10-19,2208,2098852,45172797,21.15,21.7,21.15,21.55,0.4,1147
2021-10-20,2208,1410543,30492043,21.55,21.75,21.45,21.6,0.05,840
2021-10-21,2208,2104879,45887281,21.75,22.1,21.55,21.55,-0.05,1015
2021-10-22,2208,2129527,45548455,21.6,21.75,21.2,21.25,-0.3,939
2021-10-25,2208,2091608,44861737,21.1,21.7,21.05,21.55,0.3,911
2021-10-26,2208,1419680,30521567,21.6,21.65,21.35,21.45,-0.1,799
2021-10-27,2208,1240180,26533520,21.4,21.55,21.25,21.35,-0.1,698
2021-10-28,2208,1945979,42059800,21.3,21.8,21.3,21.55,0.2,1012
2021-10-29,2208,3099464,67598005,21.7,22.1,21.6,21.8,0.25,1331
2021-11-01,2208,2729658,60548961,21.9,22.35,21.9,22.15,0.35,1234
2021-11-02,2208,1959795,43632866,22.3,22.55,22.05,22.15,0.0,1110
2021-11-03,2208,9129819,209181879,22.4,23.25,22.25,22.9,0.75,3466
2021-11-04,2208,3529185,80176452,23.1,23.3,22.35,22.4,-0.5,2242
2021-11-05,2208,2464637,54680624,22.4,22.45,22.05,22.15,-0.25,1364
2021-11-08,2208,2839470,64178668,22.4,22.85,22.25,22.75,0.6,1373
2021-11-09,2208,2686446,60999876,22.9,22.95,22.4,22.7,-0.05,1314
2021-11-10,2208,1595760,36054883,22.7,22.9,22.4,22.5,-0.2,1067
2021-11-11,2208,2703207,60132610,22.45,22.55,22.05,22.1,-0.4,1824
2021-11-12,2208,2234975,50138007,22.2,22.7,22.2,22.4,0.3,1044
2021-11-15,2208,2471402,55877778,22.75,22.9,22.35,22.6,0.2,1508
2021-11-16,2208,2281101,51805232,22.6,22.9,22.5,22.5,-0.1,1322
2021-11-17,2208,2457795,54734663,22.55,22.65,22.15,22.25,-0.25,1463
2021-11-18,2208,1870790,41640945,22.2,22.45,22.1,22.25,0.0,1005
2021-11-19,2208,2206807,49226054,22.35,22.6,22.1,22.15,-0.1,1154
2021-11-22,2208,1779821,39507782,22.2,22.4,22.0,22.35,0.2,954
2021-11-23,2208,1675632,37071614,22.35,22.4,22.0,22.0,-0.35,1234
2021-11-24,2208,2608964,58541546,22.2,22.6,22.1,22.5,0.5,1182
2021-11-25,2208,1724189,38720917,22.5,22.65,22.3,22.3,-0.2,952
2021-11-26,2208,1948977,43089219,22.4,22.45,22.0,22.0,-0.3,1169
2021-11-29,2208,1679845,36402897,21.5,21.85,21.45,21.7,-0.3,1032
2021-11-30,2208,2725309,60329918,21.9,22.4,21.85,22.3,0.6,1259
2021-12-01,2208,1595798,35238462,22.2,22.25,22.0,22.1,-0.2,1078
2021-12-02,2208,2292139,50327557,21.95,22.2,21.8,21.85,-0.25,1233
2021-12-03,2208,1440894,31734159,22.0,22.25,21.9,21.95,0.1,717
2021-12-06,2208,1737595,38518168,21.95,22.35,21.9,22.1,0.15,854
2021-12-07,2208,1919913,42723425,22.15,22.45,22.05,22.2,0.1,1154
2021-12-08,2208,2559543,57363125,22.35,22.8,22.2,22.2,0.0,1375
2021-12-09,2208,2996999,66322366,22.25,22.35,22.0,22.05,-0.15,1295
2021-12-10,2208,1929291,42369990,22.0,22.1,21.9,22.05,0.0,961
2021-12-13,2208,1795954,39429052,22.05,22.1,21.85,21.9,-0.15,1004
2021-12-14,2208,3262215,70329699,21.9,21.95,21.35,21.4,-0.5,2240
2021-12-15,2208,1092255,23460974,21.45,21.65,21.35,21.4,0.0,775
2021-12-16,2208,1443664,31178572,21.6,21.8,21.45,21.5,0.1,953
2021-12-17,2208,1610945,34924995,21.6,21.85,21.5,21.5,0.0,937
2021-12-20,2208,1346278,29188937,21.7,21.85,21.5,21.6,0.1,972
2021-12-21,2208,1424588,30612196,21.55,21.65,21.35,21.45,-0.15,1030
2021-12-22,2208,946928,20349346,21.5,21.65,21.45,21.45,0.0,582
2021-12-23,2208,1268048,27226153,21.45,21.6,21.4,21.45,0.0,759
2021-12-24,2208,899541,19298097,21.5,21.6,21.4,21.45,0.0,670
2021-12-27,2208,1644737,35186116,21.45,21.45,21.3,21.4,-0.05,1124
2021-12-28,2208,1258477,27132317,21.45,21.65,21.45,21.55,0.15,902
2021-12-29,2208,3638037,79743926,21.65,22.15,21.6,21.85,0.3,1823
2021-12-30,2208,1538161,33748556,21.85,22.05,21.85,21.95,0.1,1042
2022-01-03,2208,3176382,70413195,22.05,22.4,21.85,22.15,0.2,1617
2022-01-04,2208,2605513,57686567,22.05,22.35,22.0,22.2,0.05,1423
2022-01-05,2208,2878680,63517952,22.2,22.3,21.9,21.9,-0.3,1476
2022-01-06,2208,2082417,46026330,21.9,22.3,21.9,22.05,0.15,1274
2022-01-07,2208,2242579,49076419,22.05,22.2,21.7,21.8,-0.25,1232
2022-01-10,2208,1238977,26963039,21.8,21.9,21.6,21.8,0.0,812
2022-01-11,2208,1541642,33414639,21.8,21.9,21.55,21.55,-0.25,1127
2022-01-12,2208,1358251,29138242,21.6,21.7,21.3,21.4,-0.15,997
2022-01-13,2208,2724472,57988820,21.5,21.65,21.05,21.15,-0.25,1742
2022-01-14,2208,2677608,55819740,21.2,21.25,20.7,20.9,-0.25,1912
2022-01-17,2208,1211700,25336812,20.9,21.0,20.8,21.0,0.1,813
2022-01-18,2208,1464114,30823525,21.05,21.2,20.9,20.9,-0.1,822
2022-01-19,2208,1078451,22514092,20.95,21.05,20.8,20.8,-0.1,876
2022-01-20,2208,998424,20711545,20.8,20.9,20.65,20.8,0.0,825
2022-01-21,2208,2470203,50666393,20.75,20.75,20.35,20.4,-0.4,1552
2022-01-24,2208,1915014,38467955,20.35,20.35,19.9,20.15,-0.25,1444
2022-01-25,2208,1972587,39543922,20.05,20.15,20.0,20.0,-0.15,1368
2022-01-26,2208,1375839,27610224,20.0,20.15,19.95,20.0,0.0,926
2022-02-07,2208,1667295,34374880,20.2,20.95,20.2,20.9,0.9,1180
2022-02-08,2208,1677442,35380386,20.9,21.25,20.8,21.2,0.3,1240
2022-02-09,2208,1206669,25571451,21.25,21.35,21.05,21.25,0.05,811
2022-02-10,2208,907059,19152919,21.1,21.3,21.05,21.15,-0.1,629
2022-02-11,2208,777666,16255706,20.9,21.0,20.8,20.85,-0.3,661
2022-02-14,2208,1307943,27315841,21.0,21.0,20.8,20.85,0.0,879
2022-02-15,2208,1153811,24082646,21.0,21.0,20.7,20.85,0.0,761
2022-02-16,2208,1910707,40410102,21.05,21.25,21.0,21.25,0.4,1017
2022-02-17,2208,1618861,34474539,21.25,21.45,21.15,21.15,-0.1,1002
2022-02-18,2208,6473592,140475913,21.2,22.05,21.15,21.75,0.6,3386
2022-02-21,2208,2232699,48585603,21.65,22.0,21.5,21.7,-0.05,1846
2022-02-22,2208,1819102,38598365,21.55,21.6,21.0,21.2,-0.5,1172
2022-02-23,2208,1236963,26452627,21.3,21.5,21.25,21.5,0.3,754
2022-02-24,2208,2252440,47542238,21.45,21.5,20.8,20.85,-0.65,1252
2022-02-25,2208,1358933,28548599,21.0,21.4,20.85,20.95,0.1,941
2022-03-01,2208,2648989,56787477,21.2,21.65,21.0,21.6,0.65,1165
2022-03-02,2208,1552955,33513308,21.5,21.75,21.4,21.7,0.1,971
2022-03-03,2208,2569492,56244937,21.7,22.1,21.7,21.9,0.2,1248
2022-03-04,2208,1435342,31197967,21.75,21.95,21.5,21.65,-0.25,903
2022-03-07,2208,2254090,47698657,21.5,21.55,20.9,21.2,-0.45,1445
2022-03-08,2208,3027580,64670756,21.0,21.7,21.0,21.2,0.0,1671
2022-03-09,2208,6821093,150089594,21.6,22.25,21.55,22.1,0.9,3267
2022-03-10,2208,4343706,96243615,22.35,22.45,22.0,22.0,-0.1,2485
2022-03-11,2208,1652213,36216035,21.95,22.05,21.8,21.95,-0.05,974
2022-03-14,2208,1724716,37579815,22.05,22.1,21.6,21.6,-0.35,923
2022-03-15,2208,2940057,62320068,21.7,21.8,21.05,21.1,-0.5,1472
2022-03-16,2208,2127000,44827378,21.3,21.3,20.95,21.0,-0.1,992
2022-03-17,2208,1704349,36300170,21.25,21.45,21.15,21.3,0.3,908
2022-03-18,2208,1695559,36496473,21.4,21.7,21.35,21.7,0.4,797
2022-03-21,2208,1355058,29456836,21.7,21.85,21.6,21.75,0.05,616
2022-03-22,2208,2801340,61588298,21.75,22.15,21.75,22.05,0.3,1325
2022-03-23,2208,1864607,40765067,22.2,22.2,21.7,21.75,-0.3,1018
2022-03-24,2208,1055000,22789045,21.6,21.75,21.4,21.55,-0.2,704
2022-03-25,2208,1761749,37568436,21.6,21.6,21.15,21.3,-0.25,1028
2022-03-28,2208,1499042,31637042,21.1,21.25,21.0,21.2,-0.1,844
2022-03-29,2208,1169952,24745281,21.3,21.3,21.05,21.2,0.0,772
2022-03-30,2208,1374467,29042685,21.2,21.25,21.05,21.15,-0.05,793
2022-03-31,2208,1450529,30859641,21.15,21.45,21.15,21.15,0.0,791
2022-04-01,2208,904979,19089244,21.1,21.15,21.0,21.1,-0.05,637
2022-04-06,2208,1258152,26730806,21.1,21.4,21.0,21.3,0.2,785
2022-04-07,2208,2481463,51972104,21.15,21.25,20.8,20.8,-0.5,1422
2022-04-08,2208,1704042,35350543,20.95,20.95,20.65,20.75,-0.05,1040
2022-04-11,2208,1659749,34134043,20.75,20.95,20.4,20.45,-0.3,1182
2022-04-12,2208,1291842,26301244,20.25,20.5,20.25,20.5,0.05,817
2022-04-13,2208,1049026,21739611,20.7,20.85,20.6,20.8,0.3,601
2022-04-14,2208,2836190,60258044,20.9,21.5,20.85,21.3,0.5,1571
2022-04-15,2208,2611577,55937415,21.3,21.65,21.15,21.45,0.15,1343
2022-04-18,2208,1587495,34039329,21.75,21.75,21.2,21.25,-0.2,1015
2022-04-19,2208,1890791,40800368,21.3,21.75,21.3,21.55,0.3,1145
2022-04-20,2208,2431392,53035127,21.8,22.0,21.6,21.6,0.05,1450
2022-04-21,2208,1139258,24805485,21.75,21.9,21.65,21.65,0.05,687
2022-04-22,2208,1159450,25043485,21.5,21.8,21.4,21.6,-0.05,713
2022-04-25,2208,1795813,38108475,21.6,21.6,21.05,21.1,-0.5,1158
2022-04-26,2208,4758224,103951458,21.2,22.2,21.2,21.65,0.55,2304
2022-04-27,2208,4572090,99066260,21.35,22.05,21.15,21.35,-0.3,2529
2022-04-28,2208,2908242,61416658,21.35,21.6,20.8,20.95,-0.4,1702
2022-04-29,2208,1372112,28968104,21.05,21.4,21.0,21.0,0.05,793
2022-05-03,2208,1643196,34115125,21.0,21.0,20.65,20.75,-0.25,892
2022-05-04,2208,911066,18911978,20.85,20.95,20.65,20.7,-0.05,669
2022-05-05,2208,1685959,34991540,20.85,21.05,20.5,20.7,0.0,879
2022-05-06,2208,2017434,41090555,20.5,20.55,20.3,20.3,-0.4,1141
2022-05-09,2208,2502408,50055340,20.1,20.15,19.9,20.05,-0.25,1386
2022-05-10,2208,2188640,43539398,20.0,20.2,19.6,20.2,0.15,1084
2022-05-11,2208,2908537,57271092,19.7,20.0,19.5,19.7,-0.5,1537
2022-05-12,2208,5101842,97496875,19.5,19.5,18.85,18.85,-0.85,3252
2022-05-13,2208,2787390,52644365,19.0,19.05,18.75,18.95,0.1,1515
2022-05-16,2208,1503589,28432583,19.0,19.1,18.75,18.85,-0.1,866
2022-05-17,2208,1484512,28007592,18.95,19.05,18.8,18.85,0.0,965
2022-05-18,2208,1576767,30020818,18.9,19.2,18.8,19.2,0.35,952
2022-05-19,2208,957177,18122648,18.8,19.05,18.8,19.0,-0.2,752
2022-05-20,2208,1027280,19556918,19.05,19.25,18.95,19.0,0.0,688
2022-05-23,2208,1724891,33374568,19.2,19.55,19.1,19.3,0.3,886
2022-05-24,2208,935424,18050566,19.4,19.55,19.1,19.1,-0.2,773
2022-05-25,2208,930623,18006723,19.55,19.55,19.2,19.35,0.25,641
2022-05-26,2208,1090178,21257439,19.5,19.7,19.3,19.4,0.05,673
2022-05-27,2208,581083,11303946,19.55,19.6,19.35,19.5,0.1,445
2022-05-30,2208,782801,15346629,19.7,19.7,19.5,19.7,0.2,511
2022-05-31,2208,666124,13077796,19.65,19.75,19.5,19.65,-0.05,489
2022-06-01,2208,963258,18964907,19.7,19.85,19.5,19.7,0.05,726
2022-06-02,2208,525786,10328779,19.6,19.75,19.55,19.7,0.0,458
2022-06-06,2208,609746,11964836,19.75,19.75,19.55,19.6,-0.1,496
2022-06-07,2208,504949,9894828,19.6,19.7,19.5,19.5,-0.1,607
2022-06-08,2208,1042382,20303180,19.6,19.6,19.4,19.45,-0.05,830
2022-06-09,2208,612249,11909833,19.4,19.6,19.35,19.4,-0.05,479
2022-06-10,2208,631118,12211807,19.3,19.45,19.25,19.35,-0.05,505
2022-06-13,2208,2375275,44847317,19.05,19.05,18.8,18.85,-0.5,1523
2022-06-14,2208,2393162,44047111,18.85,18.85,18.2,18.45,-0.4,1619
2022-06-15,2208,1494734,28021918,18.5,18.95,18.4,18.75,0.3,1100
2022-06-16,2208,1395426,25808926,18.9,18.95,18.2,18.25,-0.5,1276
2022-06-17,2208,1720044,31303120,18.1,18.4,18.05,18.25,0.0,1795
2022-06-20,2208,2755297,49336885,18.35,18.35,17.6,17.6,-0.65,1861
2022-06-21,2208,1603752,28761529,17.8,18.1,17.7,18.1,0.5,881
2022-06-22,2208,1201495,21346355,18.2,18.2,17.6,17.65,-0.45,1071
2022-06-23,2208,1503159,26695096,17.7,18.05,17.5,17.7,0.05,1100
2022-06-24,2208,1451332,26125625,17.6,18.25,17.6,18.0,0.3,909
2022-06-27,2208,1516150,28027119,18.25,18.6,18.25,18.5,0.5,791
2022-06-28,2208,552309,10150080,18.5,18.6,18.25,18.35,-0.15,452
2022-06-29,2208,537422,9773423,18.15,18.3,18.1,18.15,-0.2,433
2022-06-30,2208,1097252,19619028,18.15,18.15,17.75,17.9,-0.25,886
2022-07-01,2208,1899704,33307481,17.9,18.0,17.2,17.25,-0.65,1509
2022-07-04,2208,1293299,22399572,17.25,17.55,17.05,17.2,-0.05,776
2022-07-05,2208,1300167,22842726,17.45,17.85,17.35,17.8,0.6,696
2022-07-06,2208,557712,9819664,17.8,17.8,17.45,17.45,-0.35,468
2022-07-07,2208,779329,13657665,17.5,17.65,17.3,17.5,0.05,441
2022-07-08,2208,891144,15724202,17.5,17.75,17.5,17.7,0.2,465
2022-07-11,2208,585167,10336788,17.75,17.9,17.55,17.65,-0.05,439
2022-07-12,2208,1461540,25016370,17.5,17.55,16.9,16.95,-0.7,1145
2022-07-13,2208,1844614,32699237,17.2,18.0,17.2,17.95,1.0,1013
2022-07-14,2208,1075541,19423247,17.95,18.25,17.75,18.1,0.15,644
2022-07-15,2208,592177,10649954,18.1,18.25,17.85,17.9,-0.2,577
2022-07-18,2208,969604,17355475,18.0,18.05,17.8,17.8,-0.1,545
2022-07-19,2208,1164404,21251030,18.0,18.4,17.95,18.25,0.45,650
2022-07-20,2208,841977,15381729,18.4,18.45,18.2,18.2,-0.05,467
2022-07-21,2208,1383720,25532641,18.3,18.6,18.25,18.6,0.4,647
2022-07-22,2208,760174,13941721,18.5,18.5,18.2,18.25,-0.35,548
2022-07-25,2208,394629,7176043,18.25,18.3,18.1,18.2,-0.05,358
2022-07-26,2208,780190,14020162,18.2,18.2,17.85,17.9,-0.3,546
2022-07-27,2208,519976,9362447,18.05,18.1,17.85,18.05,0.15,273
2022-07-28,2208,339804,6099790,18.15,18.15,17.9,17.9,-0.15,334
2022-07-29,2208,238946,4296369,18.1,18.1,17.9,17.95,0.05,250
2022-08-01,2208,681842,12311505,18.05,18.15,17.9,18.15,0.2,374
2022-08-02,2208,732154,13181897,18.0,18.15,17.85,17.95,-0.2,441
2022-08-03,2208,3403576,62321011,17.95,18.75,17.95,18.2,0.25,1390
2022-08-04,2208,1630095,29076764,18.1,18.2,17.6,17.8,-0.4,1017
2022-08-05,2208,1961036,36024936,18.05,18.55,17.9,18.35,0.55,951
2022-08-08,2208,882687,16154050,18.3,18.5,18.2,18.35,0.0,441
2022-08-09,2208,448505,8223831,18.25,18.4,18.2,18.4,0.05,353
2022-08-10,2208,1056767,19358770,18.25,18.45,18.2,18.35,-0.05,493
2022-08-11,2208,516004,9511537,18.6,18.6,18.35,18.45,0.1,355
2022-08-12,2208,1323707,24648783,18.55,18.8,18.35,18.7,0.25,647
2022-08-15,2208,1042996,19615431,18.85,18.95,18.7,18.75,0.05,594
2022-08-16,2208,857402,16077424,18.75,18.9,18.65,18.75,0.0,504
2022-08-17,2208,549725,10241758,18.8,18.8,18.55,18.6,-0.15,504
2022-08-18,2208,723472,13353830,18.55,18.55,18.35,18.4,-0.2,482
2022-08-19,2208,619878,11441471,18.4,18.55,18.35,18.5,0.1,390
2022-08-22,2208,392945,7229136,18.45,18.5,18.3,18.35,-0.15,334
2022-08-23,2208,527104,9669414,18.4,18.45,18.3,18.3,-0.05,355
2022-08-24,2208,1159704,21523802,18.35,18.7,18.35,18.6,0.3,682
2022-08-25,2208,670076,12557443,18.6,18.9,18.55,18.65,0.05,503
2022-08-26,2208,535568,10008307,18.8,18.85,18.6,18.65,0.0,483
2022-08-29,2208,1165387,21218604,18.35,18.35,18.05,18.2,-0.45,813
2022-08-30,2208,588955,10727556,18.1,18.3,18.1,18.2,0.0,419
2022-08-31,2208,447510,8171596,18.2,18.35,18.15,18.35,0.15,346
2022-09-01,2208,794021,14402900,18.25,18.3,18.05,18.15,-0.2,625
2022-09-02,2208,429297,7785948,18.15,18.25,18.05,18.2,0.05,396
2022-09-05,2208,627797,11345428,18.3,18.3,18.0,18.0,-0.2,501
2022-09-06,2208,708049,12750465,18.25,18.25,17.85,17.95,-0.05,452
2022-09-07,2208,864210,15559897,18.05,18.25,17.85,17.85,-0.1,600
2022-09-08,2208,449503,8064122,17.9,18.1,17.85,17.95,0.1,315
2022-09-12,2208,741886,13454737,18.0,18.25,17.95,18.25,0.3,400
2022-09-13,2208,380725,6909764,18.2,18.25,18.05,18.1,-0.15,456
2022-09-14,2208,715886,12828966,17.9,18.0,17.85,17.95,-0.15,623
2022-09-15,2208,711625,12816444,18.0,18.1,17.95,17.95,0.0,483
2022-09-16,2208,909587,16225127,17.8,17.95,17.8,17.8,-0.15,722
2022-09-19,2208,977201,17259714,17.85,17.85,17.5,17.55,-0.25,834
2022-09-20,2208,726053,12764616,17.7,17.7,17.5,17.65,0.1,469
2022-09-21,2208,622756,10930184,17.6,17.7,17.5,17.6,-0.05,588
2022-09-22,2208,916724,15944676,17.5,17.5,17.3,17.5,-0.1,688
2022-09-23,2208,1448898,25031207,17.5,17.5,17.1,17.2,-0.3,1065
2022-09-26,2208,1629770,27396131,17.05,17.05,16.6,16.75,-0.45,2355
2022-09-27,2208,1211947,20117469,16.55,16.8,16.45,16.65,-0.1,828
2022-09-28,2208,2960757,47703785,16.7,16.7,15.8,15.9,-0.75,2597
2022-09-29,2208,900192,14488158,16.1,16.3,16.0,16.1,0.2,536
2022-09-30,2208,1386813,21882457,15.95,15.95,15.65,15.85,-0.25,1069
2022-10-03,2208,879205,13934084,15.7,16.0,15.7,16.0,0.15,582
2022-10-04,2208,788388,12798484,16.15,16.4,16.05,16.35,0.35,438
2022-10-05,2208,1184621,19482419,16.5,16.6,16.25,16.25,-0.1,667
2022-10-06,2208,723684,11684841,16.25,16.35,16.0,16.15,-0.1,579
2022-10-07,2208,465984,7559694,16.25,16.3,16.15,16.2,0.05,332
2022-10-11,2208,1379865,21814081,16.25,16.25,15.7,15.7,-0.5,994
2022-10-12,2208,1781799,27573934,15.95,15.95,15.35,15.4,-0.3,2065
2022-10-13,2208,2690588,39913993,15.4,15.45,14.5,14.55,-0.85,2179
2022-10-14,2208,1152765,17238974,14.95,15.1,14.7,15.0,0.45,661
2022-10-17,2208,820686,12074592,14.8,14.95,14.55,14.9,-0.1,607
2022-10-18,2208,678440,10153979,15.05,15.2,14.75,15.0,0.1,567
2022-10-19,2208,786806,11847622,15.0,15.2,14.9,15.0,0.0,450
2022-10-20,2208,1437279,21013133,15.0,15.0,14.5,14.65,-0.35,914
2022-10-21,2208,722231,10609221,14.7,14.85,14.5,14.6,-0.05,459
2022-10-24,2208,1387195,20928050,14.85,15.3,14.85,15.0,0.4,760
2022-10-25,2208,748251,11151980,15.05,15.15,14.75,14.75,-0.25,506
2022-10-26,2208,1215470,18082879,14.95,15.1,14.75,14.8,0.05,645
2022-10-27,2208,647066,9643624,14.95,15.0,14.8,15.0,0.2,378
2022-10-28,2208,399037,5914055,14.9,15.05,14.7,14.7,-0.3,368
2022-10-31,2208,1005021,14835445,14.9,14.95,14.65,14.7,0.0,646
2022-11-01,2208,799181,12022063,14.8,15.15,14.8,15.1,0.4,400
2022-11-02,2208,555409,8442946,15.1,15.3,15.1,15.2,0.1,335
2022-11-03,2208,414027,6228178,14.95,15.15,14.95,15.0,-0.2,368
2022-11-04,2208,5694465,92650287,15.2,16.5,15.1,16.5,1.5,1789
2022-11-07,2208,7263414,129553650,16.9,18.15,16.85,18.15,1.65,2440
2022-11-08,2208,15915211,296230385,19.05,19.4,18.0,18.5,0.35,5598
2022-11-09,2208,5863408,108819354,18.5,18.85,18.2,18.65,0.15,2606
2022-11-10,2208,11373487,217339802,18.55,19.8,18.45,18.95,0.3,4687
2022-11-11,2208,5735569,109414309,19.5,19.6,18.7,18.75,-0.2,2454
2022-11-14,2208,3232889,59879754,18.6,18.75,18.35,18.5,-0.25,1544
2022-11-15,2208,2874437,52450648,18.55,18.65,18.1,18.2,-0.3,1249
2022-11-16,2208,2445317,44602074,18.25,18.5,18.0,18.2,0.0,1160
2022-11-17,2208,3596295,64497070,18.2,18.2,17.75,18.0,-0.2,1456
2022-11-18,2208,1729195,30980350,18.1,18.2,17.75,17.8,-0.2,974
2022-11-21,2208,1646472,28934137,17.85,17.85,17.4,17.4,-0.4,986
2022-11-22,2208,5011068,90035274,17.4,18.3,17.35,18.25,0.85,2118
2022-11-23,2208,6756888,123837897,18.25,18.8,17.85,18.45,0.2,3183
2022-11-24,2208,5160838,95496631,18.6,18.7,18.2,18.4,-0.05,2380
2022-11-25,2208,3060044,56768920,18.5,18.85,18.35,18.35,-0.05,1633
2022-11-28,2208,1894896,34091796,18.0,18.2,17.8,18.05,-0.3,1171
2022-11-29,2208,12166635,235868715,18.1,19.85,17.9,19.85,1.8,4207
2022-11-30,2208,33191075,675613472,20.7,21.2,19.75,19.9,0.05,13917
2022-12-01,2208,7361931,145772949,20.0,20.05,19.5,19.55,-0.35,3531
2022-12-02,2208,10119810,202662574,19.6,20.5,19.5,19.95,0.4,4448
2022-12-05,2208,6511222,131297730,19.85,20.65,19.8,19.9,-0.05,2756
2022-12-06,2208,5085935,100409561,19.95,20.1,19.4,19.55,-0.35,2223
2022-12-07,2208,3752007,73860316,19.65,19.95,19.3,19.65,0.1,1767
2022-12-08,2208,2901610,57289915,19.6,20.1,19.5,19.65,0.0,1207
2022-12-09,2208,5006189,99452634,19.7,20.15,19.45,19.9,0.25,2005
2022-12-12,2208,2702946,53402478,20.15,20.2,19.5,19.55,-0.35,1417
2022-12-13,2208,2749718,54548842,19.8,20.1,19.6,19.7,0.15,1192
2022-12-14,2208,1443200,28523206,19.95,19.95,19.65,19.7,0.0,795
2022-12-15,2208,13734317,280488355,19.9,20.85,19.9,20.3,0.6,6002
2022-12-16,2208,5360523,107437297,19.85,20.3,19.85,20.1,-0.2,2507
2022-12-19,2208,2579558,51406362,20.1,20.3,19.75,19.75,-0.35,1240
2022-12-20,2208,3384484,66025739,19.8,20.15,19.15,19.15,-0.6,1896
2022-12-21,2208,3322386,65266230,19.5,19.95,19.35,19.45,0.3,1406
2022-12-22,2208,2869865,56889046,19.75,20.05,19.6,19.6,0.15,1300
2022-12-23,2208,1938245,37957731,19.7,19.85,19.35,19.5,-0.1,1144
2022-12-26,2208,1172354,22914261,19.6,19.75,19.45,19.55,0.05,539
2022-12-27,2208,5713012,113673508,20.05,20.4,19.5,19.8,0.25,2439
2022-12-28,2208,2813080,55768248,19.8,20.1,19.65,19.7,-0.1,1211
2022-12-29,2208,1617190,31356991,19.6,19.65,19.25,19.3,-0.4,910
2022-12-30,2208,1444711,28176139,19.5,19.6,19.35,19.5,0.2,856
2023-01-03,2208,1398742,26920059,19.4,19.5,19.15,19.2,-0.3,856
2023-01-04,2208,1314003,25282475,19.15,19.35,19.15,19.15,-0.05,696
2023-01-05,2208,1365573,26128331,19.3,19.4,19.0,19.0,-0.15,630
2023-01-06,2208,1480654,28049079,19.2,19.2,18.85,18.85,-0.15,869
2023-01-09,2208,2470746,46287436,18.9,18.95,18.5,18.7,-0.15,1111
2023-01-10,2208,1157816,21672515,18.75,18.9,18.6,18.65,-0.05,666
2023-01-11,2208,1160991,21885101,18.75,18.95,18.75,18.9,0.25,645
2023-01-12,2208,1060646,19881394,18.95,19.0,18.6,18.6,-0.3,705
2023-01-13,2208,1272226,23608306,18.75,18.8,18.4,18.45,-0.15,692
2023-01-16,2208,1183188,21837533,18.7,18.7,18.35,18.4,-0.05,745
2023-01-17,2208,1055170,19553372,18.5,18.7,18.45,18.45,0.05,604
2023-01-30,2208,2768255,51817535,18.6,18.8,18.6,18.7,0.25,1086
2023-01-31,2208,4426542,85482424,18.85,19.65,18.85,19.35,0.65,1922
2023-02-01,2208,3798113,74780528,19.45,19.9,19.35,19.85,0.5,1814
2023-02-02,2208,4905541,98212339,19.9,20.15,19.85,20.1,0.25,2079
2023-02-03,2208,6587298,134523524,20.1,20.6,20.1,20.45,0.35,2930
2023-02-06,2208,4747186,97383012,20.45,20.85,20.2,20.2,-0.25,2145
2023-02-07,2208,2092399,42735059,20.3,20.65,20.3,20.3,0.1,1178
2023-02-08,2208,1700095,34460086,20.5,20.5,20.15,20.25,-0.05,1095
2023-02-09,2208,5016039,102861391,20.15,20.7,20.15,20.5,0.25,1982
2023-02-10,2208,5939993,123453107,20.6,21.0,20.55,20.65,0.15,2640
2023-02-13,2208,6060987,126809279,20.75,21.2,20.45,21.0,0.35,2863
2023-02-14,2208,3403401,70876253,21.2,21.2,20.65,20.65,-0.35,1824
2023-02-15,2208,7120692,150267877,21.05,21.45,20.8,21.0,0.35,2838
2023-02-16,2208,3256353,68115131,21.2,21.2,20.75,20.85,-0.15,1536
2023-02-17,2208,10599287,227724477,20.85,21.75,20.85,21.5,0.65,4097
2023-02-20,2208,22725979,515402962,21.75,23.4,21.6,23.25,1.75,9073
2023-02-21,2208,31399390,745054804,23.5,24.4,23.0,23.9,0.65,13917
2023-02-22,2208,25540480,616337801,23.4,24.8,23.35,24.2,0.3,11104
2023-02-23,2208,18693865,454855574,24.4,24.85,23.85,24.05,-0.15,7726
2023-02-24,2208,14413097,340881105,24.05,24.1,23.35,23.55,-0.5,5663
2023-03-01,2208,9595593,221042788,23.55,23.7,22.75,22.8,-0.75,4371
2023-03-02,2208,4297912,99156589,22.85,23.25,22.85,23.05,0.25,2176
2023-03-03,2208,3950199,90976286,23.3,23.3,22.85,22.9,-0.15,2094
2023-03-06,2208,4255816,98038345,23.1,23.2,22.8,23.05,0.15,1996
2023-03-07,2208,3045068,69977275,23.05,23.15,22.9,22.9,-0.15,1785
2023-03-08,2208,6240488,144285118,22.9,23.3,22.9,23.2,0.3,2827
2023-03-09,2208,8762003,205771428,23.5,23.7,23.15,23.55,0.35,4219
2023-03-10,2208,9331127,212209491,23.2,23.2,22.5,22.55,-1.0,4351
2023-03-13,2208,7628197,167173389,22.05,22.3,21.6,21.85,-0.7,2998
2023-03-14,2208,2832930,61350893,21.7,21.85,21.5,21.55,-0.3,1851
2023-03-15,2208,2950678,63765465,21.8,21.9,21.3,21.4,-0.15,1660
2023-03-16,2208,3751481,79255488,21.4,21.45,20.95,21.05,-0.35,1909
2023-03-17,2208,3638120,78363737,21.2,21.8,21.15,21.65,0.6,2034
2023-03-20,2208,1823592,39582973,21.6,21.95,21.45,21.7,0.05,1186
2023-03-21,2208,2607953,57162877,21.85,22.15,21.75,22.0,0.3,1229
2023-03-22,2208,3218410,71469529,22.25,22.35,22.05,22.25,0.25,1408
2023-03-23,2208,3537619,79414463,22.2,22.65,22.05,22.4,0.15,1613
2023-03-24,2208,3310166,74637985,22.4,22.8,22.3,22.75,0.35,1626
2023-03-27,2208,12213078,287217753,22.75,23.9,22.75,23.5,0.75,5500
2023-03-28,2208,8134304,190542913,23.75,23.9,22.8,23.45,-0.05,3774
2023-03-29,2208,5894852,138979353,23.8,23.9,23.15,23.4,-0.05,2993
2023-03-30,2208,4018726,94272535,23.5,23.6,23.2,23.5,0.1,1607
2023-03-31,2208,3470254,81481962,23.55,23.7,23.35,23.35,-0.15,1467
2023-04-06,2208,32923553,794802086,23.85,24.5,23.75,23.75,0.4,13777
2023-04-07,2208,21018126,482724501,23.6,23.6,22.7,22.8,-0.95,11041
2023-04-10,2208,26368184,629381064,23.05,24.1,23.05,24.05,1.25,10914
2023-04-11,2208,18247789,436736194,24.15,24.4,23.5,23.6,-0.45,10053
2023-04-12,2208,29798527,725543307,24.0,24.75,23.85,24.45,0.85,11266
2023-04-13,2208,77108392,2020754483,25.0,26.85,24.9,26.85,2.4,25954
2023-04-14,2208,105888322,2872427133,28.0,28.45,26.05,26.45,-0.4,44153
2023-04-17,2208,77794180,2149469986,26.45,28.2,26.2,28.0,1.55,35390
2023-04-18,2208,48183866,1309636762,27.9,27.9,26.55,27.3,-0.7,22782
2023-04-19,2208,27027069,719689823,27.05,27.15,26.25,26.35,-0.95,12763
2023-04-20,2208,18132824,474079324,26.4,26.6,25.75,26.0,-0.35,8092
2023-04-21,2208,21144555,545195368,26.0,26.4,25.2,25.9,-0.1,9431
2023-04-24,2208,8768512,229390252,26.25,26.4,25.7,26.2,0.3,4493
2023-04-25,2208,17629420,464384270,26.2,27.1,25.65,25.8,-0.4,8829
2023-04-26,2208,7858472,202175921,26.0,26.2,25.4,25.6,-0.2,4209
2023-04-27,2208,11715673,301823184,25.55,26.15,25.25,25.8,0.2,5416
2023-04-28,2208,12133954,316250305,26.25,26.5,25.8,25.95,0.15,5257
2023-05-02,2208,10624340,277510052,26.25,26.65,25.9,26.0,0.05,5165
2023-05-03,2208,9361697,243095945,26.1,26.35,25.6,25.6,-0.4,4508
2023-05-04,2208,11159558,279955705,25.6,25.7,24.9,24.95,-0.65,5359
2023-05-05,2208,8728897,214615808,24.8,25.0,24.35,24.45,-0.5,4051
2023-05-08,2208,5335771,131524539,24.85,24.95,24.45,24.6,0.15,2472
2023-05-09,2208,7496705,180950837,24.75,24.8,23.85,24.0,-0.6,3561
2023-05-10,2208,4945291,119126860,23.8,24.4,23.8,24.0,0.0,2140
2023-05-11,2208,10369936,243578306,24.0,24.15,23.2,23.3,-0.7,4033
2023-05-12,2208,3943504,92197725,23.25,23.6,23.1,23.45,0.15,1779
2023-05-15,2208,9756654,235276820,23.55,24.45,23.3,24.4,0.95,4746
2023-05-16,2208,6894274,166621360,24.3,24.45,23.9,24.2,-0.2,3025
2023-05-17,2208,6392957,156496674,24.25,24.7,24.2,24.5,0.3,3173
2023-05-18,2208,5493784,135143874,24.7,24.8,24.4,24.55,0.05,2458
2023-05-19,2208,4488083,110560064,24.65,24.9,24.35,24.4,-0.15,2319
2023-05-22,2208,14479061,368229831,24.6,25.9,24.6,25.75,1.35,6611
2023-05-23,2208,9960704,249859185,25.1,25.3,24.75,25.2,-0.55,5429
2023-05-24,2208,5703874,145350797,25.2,25.7,25.2,25.5,0.3,3196
2023-05-25,2208,5675326,142917927,25.5,25.5,25.0,25.0,-0.5,2702
2023-05-26,2208,8028888,196294689,25.0,25.05,24.05,24.15,-0.85,3966
2023-05-29,2208,3677204,90210403,24.4,24.75,24.35,24.45,0.3,1675
2023-05-30,2208,3446453,83603088,24.55,24.6,24.1,24.2,-0.25,1676
2023-05-31,2208,3275530,79335287,24.3,24.4,24.1,24.15,-0.05,1572
2023-06-01,2208,2787845,67962026,24.3,24.6,24.15,24.5,0.35,1511
2023-06-02,2208,3329649,81805960,24.75,24.75,24.4,24.55,0.05,1753
2023-06-05,2208,6808071,171151820,24.75,25.4,24.7,25.25,0.7,3477
2023-06-06,2208,3548526,88982826,25.35,25.45,24.9,25.0,-0.25,2162
2023-06-07,2208,3082014,77251322,25.2,25.35,24.9,25.0,0.0,1637
2023-06-08,2208,3837822,96423611,25.4,25.45,24.95,25.0,0.0,1981
2023-06-09,2208,2829496,70403828,25.1,25.15,24.7,24.85,-0.15,1870
2023-06-12,2208,3176615,77586928,24.85,24.85,24.3,24.4,-0.45,1795
2023-06-13,2208,4539734,109252851,24.35,24.4,23.9,24.0,-0.4,2614
2023-06-14,2208,4858361,115615160,24.35,24.35,23.6,23.8,-0.2,2540
2023-06-15,2208,3748152,89253984,23.85,24.05,23.55,24.0,0.2,1901
2023-06-16,2208,3448847,83276954,24.15,24.3,23.85,24.25,0.25,1605
2023-06-19,2208,6268452,154822723,24.25,24.95,24.15,24.65,0.4,3203
2023-06-20,2208,2502685,61135259,24.75,24.85,24.25,24.3,-0.35,1574
2023-06-21,2208,1760823,42783136,24.4,24.45,24.2,24.35,0.05,1051
2023-06-26,2208,1939426,46841205,24.45,24.45,23.95,24.0,-0.35,1345
2023-06-27,2208,2228962,53129357,24.0,24.1,23.75,23.75,-0.25,1278
2023-06-28,2208,4160469,101479184,24.0,24.65,24.0,24.35,0.6,1847
2023-06-29,2208,4232469,104238893,24.65,24.8,24.35,24.75,0.4,1943
2023-06-30,2208,13269160,333548644,24.95,25.45,24.7,24.75,0.0,5220
2023-07-03,2208,4714625,116656779,25.0,25.1,24.4,24.95,0.2,2390
2023-07-04,2208,4686790,117977689,25.3,25.45,24.95,24.95,0.0,2736
2023-07-05,2208,2930638,72985846,24.95,25.2,24.65,24.7,-0.25,1785
2023-07-06,2208,3007647,74177719,24.55,25.0,24.5,24.5,-0.2,1451
2023-07-07,2208,2218948,53946654,24.55,24.6,24.15,24.15,-0.35,1385
2023-07-10,2208,1962740,47287919,24.3,24.35,23.95,24.0,-0.15,1194
2023-07-11,2208,3101854,76116853,24.5,24.7,24.35,24.45,0.45,1728
2023-07-12,2208,3014415,73339762,24.65,24.8,24.1,24.1,-0.35,1837
2023-07-13,2208,3825402,91723645,24.25,24.25,23.85,23.9,-0.2,1755
2023-07-14,2208,4669712,110817121,24.0,24.0,23.6,23.7,-0.2,2204
2023-07-17,2208,3464228,81372357,23.7,23.7,23.2,23.7,0.0,1596
2023-07-18,2208,4050687,94460167,23.7,23.7,23.2,23.2,-0.5,2027
2023-07-19,2208,3266831,75755747,23.45,23.45,23.0,23.05,-0.15,1564
2023-07-20,2208,2488317,58424925,23.1,23.7,23.1,23.6,0.55,1182
2023-07-21,2208,2572546,60397328,23.65,23.85,23.2,23.4,-0.2,1627
2023-07-24,2208,2306919,53469699,23.6,23.6,23.05,23.05,-0.35,1186
2023-07-25,2208,3059188,70902122,23.4,23.55,23.0,23.1,0.05,1288
2023-07-26,2208,2144020,49770179,23.25,23.4,23.1,23.1,0.0,926
2023-07-27,2208,2319006,54076102,23.15,23.45,23.15,23.35,0.25,1231
2023-07-28,2208,1471328,34204985,23.4,23.45,23.15,23.25,-0.1,914
2023-07-31,2208,3386956,79429642,23.4,23.7,23.1,23.35,0.1,1417
2023-08-01,2208,1346906,31616787,23.5,23.7,23.4,23.45,0.1,787
2023-08-02,2208,2998329,70388591,23.5,23.75,23.15,23.25,-0.2,1418
2023-08-04,2208,1496133,34956367,23.35,23.6,23.15,23.45,0.2,675
2023-08-07,2208,1289657,30153505,23.6,23.6,23.3,23.4,-0.05,622
2023-08-08,2208,1667781,39176979,23.55,23.65,23.3,23.55,0.15,918
2023-08-09,2208,1782348,41996734,23.5,23.7,23.4,23.55,0.0,964
2023-08-10,2208,9537925,207475659,23.05,23.05,21.2,21.65,-1.9,4855
2023-08-11,2208,2734796,59630547,21.65,22.1,21.3,21.85,0.2,1549
2023-08-14,2208,2643597,56334612,22.2,22.2,21.15,21.3,-0.55,1695
2023-08-15,2208,1544636,32826496,21.35,21.4,21.15,21.25,-0.05,912
2023-08-16,2208,2947634,61369113,21.2,21.2,20.5,20.8,-0.45,1649
2023-08-17,2208,2526025,52753413,20.75,21.3,20.45,21.2,0.4,1707
2023-08-18,2208,2435308,52550329,21.25,21.95,21.1,21.45,0.25,1563
2023-08-21,2208,1093513,23400750,21.8,21.8,21.15,21.25,-0.2,1042
2023-08-22,2208,1174318,25092023,21.7,21.8,21.2,21.3,0.05,819
2023-08-23,2208,4382208,96471628,21.35,22.35,21.35,22.2,0.9,2162
2023-08-24,2208,5495253,125571651,22.45,23.2,22.0,22.9,0.7,2866
2023-08-25,2208,2789897,63823608,22.9,23.3,22.6,22.7,-0.2,1630
2023-08-28,2208,1964928,45074184,22.9,23.25,22.6,22.65,-0.05,1251
2023-08-29,2208,1395447,31879210,22.9,23.05,22.5,22.85,0.2,826
2023-08-30,2208,927423,21179901,22.9,22.95,22.7,22.9,0.05,989
2023-08-31,2208,2228126,51345893,23.15,23.2,22.75,23.2,0.3,1033
2023-09-01,2208,1779414,41328827,23.3,23.35,23.0,23.2,0.0,928
2023-09-04,2208,4332102,102855281,23.25,23.95,23.25,23.75,0.55,2159
2023-09-05,2208,4071335,97366230,23.85,24.25,23.65,23.85,0.1,2013
2023-09-06,2208,2592314,62138614,23.85,24.2,23.8,23.8,-0.05,1251
2023-09-07,2208,1155181,27541607,23.7,24.0,23.7,23.8,0.0,754
2023-09-08,2208,2129839,51062564,23.85,24.1,23.8,24.0,0.2,1133
2023-09-11,2208,2719128,65484909,24.25,24.35,23.85,23.9,-0.1,1619
2023-09-12,2208,3286143,77026535,24.0,24.05,23.05,23.25,-0.65,2460
2023-09-13,2208,1229301,28551171,23.3,23.4,23.05,23.2,-0.05,632
2023-09-14,2208,2416032,57048642,23.2,23.8,23.2,23.75,0.55,1011
2023-09-15,2208,3211925,76428739,24.25,24.4,23.45,23.45,-0.3,1663
2023-09-18,2208,1914474,45548964,23.8,23.95,23.6,23.65,0.2,968
2023-09-19,2208,3708059,88945502,23.8,24.2,23.7,23.9,0.25,1543
2023-09-20,2208,18217276,450811003,24.9,25.2,24.35,24.65,0.75,8015
2023-09-21,2208,6152341,147124284,24.5,24.5,23.55,23.65,-1.0,3867
2023-09-22,2208,4081976,97421845,23.65,24.3,23.35,24.2,0.55,1932
2023-09-25,2208,2784160,67062149,24.2,24.4,23.8,23.9,-0.3,1833
2023-09-26,2208,3091954,72890515,23.95,24.1,23.3,23.4,-0.5,1381
2023-09-27,2208,1624950,38045189,23.45,23.6,23.2,23.4,0.0,881
2023-09-28,2208,6020183,140731807,23.9,24.3,22.8,22.85,-0.55,2953
2023-10-02,2208,5570338,124653434,23.0,23.0,22.1,22.25,-0.6,2861
2023-10-03,2208,2713119,60124430,22.3,22.5,22.0,22.0,-0.25,1802
2023-10-04,2208,2295336,50167877,21.8,22.0,21.7,21.9,-0.1,1210
2023-10-05,2208,1988659,43561116,21.9,22.05,21.8,21.85,-0.05,1374
2023-10-06,2208,1614504,35175004,21.9,22.0,21.65,21.75,-0.1,1024
2023-10-11,2208,5532093,120865289,22.0,22.25,21.65,21.7,-0.05,2339
2023-10-12,2208,2954978,63090145,21.65,21.65,21.2,21.35,-0.35,1903
2023-10-13,2208,1993704,42609477,21.4,21.55,21.2,21.45,0.1,1188
2023-10-16,2208,1331644,28262472,21.5,21.5,21.05,21.1,-0.35,1104
2023-10-17,2208,1763434,37029510,21.2,21.25,20.85,20.85,-0.25,1439
2023-10-18,2208,1461023,30291151,20.85,21.0,20.6,20.7,-0.15,1126
2023-10-19,2208,1482372,30744363,20.6,20.9,20.6,20.7,0.0,896
2023-10-20,2208,1676133,34210774,20.8,20.85,20.3,20.3,-0.4,1191
2023-10-23,2208,1098609,22333560,20.1,20.55,20.0,20.25,-0.05,791
2023-10-24,2208,1143369,23180890,20.2,20.45,20.1,20.4,0.15,805
2023-10-25,2208,757874,15616803,20.4,20.7,20.4,20.6,0.2,571
2023-10-26,2208,862937,17656018,20.4,20.7,20.3,20.35,-0.25,832
2023-10-27,2208,790897,16108942,20.45,20.45,20.3,20.35,0.0,637
2023-10-30,2208,585373,11951741,20.35,20.55,20.3,20.4,0.05,439
2023-10-31,2208,1037822,21095070,20.45,20.65,20.15,20.15,-0.25,842
2023-11-01,2208,1098630,22149133,20.15,20.3,20.05,20.25,0.1,645
2023-11-02,2208,883100,18082546,20.45,20.6,20.35,20.5,0.25,537
2023-11-03,2208,1234311,25419020,20.6,20.75,20.5,20.5,0.0,666
2023-11-06,2208,1258624,26171581,20.65,20.95,20.55,20.9,0.4,839
2023-11-07,2208,656090,13654076,20.9,21.0,20.65,20.95,0.05,514
2023-11-08,2208,813502,16855519,21.0,21.0,20.6,20.6,-0.35,560
2023-11-09,2208,893456,18272026,20.85,20.85,20.35,20.45,-0.15,689
2023-11-10,2208,877580,17791338,20.35,20.4,20.2,20.2,-0.25,683
2023-11-13,2208,1411989,28781907,20.4,20.4,20.15,20.3,0.1,577
2023-11-14,2208,1465907,30118152,20.35,20.55,20.3,20.5,0.2,544
2023-11-15,2208,2207390,45743108,20.55,20.85,20.45,20.85,0.35,913
2023-11-16,2208,1302318,27173466,20.9,20.95,20.7,20.9,0.05,597
2023-11-17,2208,870439,18091657,20.9,20.9,20.7,20.8,-0.1,626
2023-11-20,2208,1958268,41328045,20.6,21.2,20.6,21.15,0.35,936
2023-11-21,2208,1139668,24039805,21.35,21.35,20.9,21.15,0.0,860
2023-11-22,2208,1283980,27187451,21.2,21.25,21.1,21.15,0.0,557
2023-11-23,2208,1586567,33705747,21.25,21.4,21.1,21.25,0.1,595
2023-11-24,2208,2469344,53242673,21.35,21.65,21.3,21.6,0.35,1221
2023-11-27,2208,1487724,32301107,22.0,22.0,21.6,21.6,0.0,823
2023-11-28,2208,1255284,27249623,21.75,21.85,21.6,21.7,0.1,667
2023-11-29,2208,1522625,33038998,21.8,21.85,21.45,21.8,0.1,1055
2023-11-30,2208,846233,18312189,21.9,21.9,21.55,21.65,-0.15,748
2023-12-01,2208,825233,17918518,21.75,21.85,21.6,21.6,-0.05,674
2023-12-04,2208,4183892,92419548,21.6,22.3,21.6,22.2,0.6,1982
2023-12-05,2208,1794766,39626571,22.4,22.5,21.85,22.05,-0.15,1386
2023-12-06,2208,1227778,26722328,22.0,22.0,21.65,21.65,-0.4,991
2023-12-07,2208,1502470,32598734,21.7,22.0,21.5,21.55,-0.1,776
2023-12-08,2208,1868061,39879976,21.55,21.65,21.2,21.3,-0.25,1263
2023-12-11,2208,1996583,42558842,21.3,21.5,21.05,21.45,0.15,908
2023-12-12,2208,1344410,28781180,21.45,21.5,21.3,21.35,-0.1,651
2023-12-13,2208,1951571,41810921,21.45,21.55,21.3,21.35,0.0,798
2023-12-14,2208,3449214,74488809,21.4,21.85,21.4,21.8,0.45,1108
2023-12-15,2208,2664257,56928572,21.2,21.6,21.15,21.45,0.0,1273
2023-12-18,2208,1805561,38577941,21.55,21.75,21.2,21.2,-0.25,1156
2023-12-19,2208,2134679,44232361,21.3,21.3,20.6,20.6,-0.6,1854
2023-12-20,2208,1229581,25388528,20.75,20.75,20.55,20.75,0.15,783
2023-12-21,2208,1967536,40737433,20.5,20.85,20.5,20.65,-0.1,818
2023-12-22,2208,2166078,44586866,20.7,20.75,20.5,20.5,-0.15,1040
2023-12-25,2208,2519582,51117428,20.4,20.45,20.05,20.2,-0.3,1260
2023-12-26,2208,3170210,64425257,20.25,20.55,20.2,20.5,0.3,1473
2023-12-27,2208,4404635,90253062,20.5,20.6,20.35,20.45,-0.05,1841
2023-12-28,2208,3674371,74663761,20.45,20.5,20.2,20.25,-0.2,1813
2023-12-29,2208,4512134,91371525,20.3,20.35,20.2,20.3,0.05,2425
2024-01-02,2208,3472982,70008679,20.3,20.3,20.05,20.1,-0.2,2434
2024-01-03,2208,2588849,52010148,20.1,20.2,20.0,20.1,0.0,1366
2024-01-04,2208,3526363,70723736,20.15,20.15,20.0,20.0,-0.1,1618
2024-01-05,2208,4954175,101039510,20.2,20.75,20.1,20.5,0.5,2043
2024-01-08,2208,9534393,199919969,20.7,21.6,20.5,20.9,0.4,3907
2024-01-09,2208,3811165,78571951,21.0,21.1,20.45,20.45,-0.45,2129
2024-01-10,2208,5138974,104474462,20.45,20.85,20.0,20.1,-0.35,1950
2024-01-11,2208,3798533,76301457,20.05,20.2,20.0,20.0,-0.1,1535
2024-01-12,2208,36623137,688476465,18.4,19.15,18.15,18.9,-1.1,14629
2024-01-15,2208,14896349,286448658,19.2,19.7,19.0,19.05,0.15,6608
2024-01-16,2208,7421264,138077619,19.0,19.0,18.5,18.55,-0.5,4355
2024-01-17,2208,7761344,141580773,18.55,18.55,18.05,18.15,-0.4,3941
2024-01-18,2208,5382112,97325362,18.25,18.3,18.0,18.0,-0.15,2132
2024-01-19,2208,4606872,82729392,18.2,18.2,17.85,17.95,-0.05,2298
2024-01-22,2208,3869095,70090856,18.0,18.3,17.95,18.1,0.15,1804
2024-01-23,2208,6335767,116920948,18.45,18.75,18.3,18.45,0.35,2666
2024-01-24,2208,5417174,100830121,18.45,18.75,18.35,18.6,0.15,2183
2024-01-25,2208,2583402,47936889,18.65,18.65,18.5,18.55,-0.05,1376
2024-01-26,2208,1932682,35687049,18.6,18.6,18.4,18.4,-0.15,1031
2024-01-29,2208,2385194,43643886,18.35,18.4,18.2,18.25,-0.15,1313
2024-01-30,2208,3503618,64206083,18.4,18.6,18.2,18.2,-0.05,1658
2024-01-31,2208,2422471,43831632,18.2,18.2,18.0,18.05,-0.15,1426
2024-02-01,2208,1804498,32892573,18.05,18.35,18.05,18.25,0.2,1091
2024-02-02,2208,2748916,49804061,18.3,18.3,18.05,18.05,-0.2,1539
2024-02-05,2208,5164842,91864570,18.1,18.1,17.65,17.9,-0.15,2805
2024-02-15,2208,3408586,61664086,17.85,18.25,17.85,18.15,0.25,1890
2024-02-16,2208,2556029,46478938,18.15,18.35,18.1,18.15,0.0,1810
2024-02-19,2208,6318832,113657177,17.8,18.15,17.75,18.15,0.0,2368
2024-02-20,2208,7220770,130063577,18.15,18.15,17.95,18.0,-0.15,2102
2024-02-21,2208,4178249,74876024,18.05,18.05,17.8,17.9,-0.1,3555
2024-02-22,2208,10435231,189677742,18.0,18.45,17.95,18.2,0.3,3644
2024-02-23,2208,6722369,121815516,18.25,18.3,17.95,17.95,-0.25,2467
2024-02-26,2208,3595659,65113880,17.95,18.25,17.95,18.05,0.1,1563
2024-02-27,2208,4298445,78023878,18.2,18.4,17.95,18.05,0.0,2045
2024-02-29,2208,7447811,136783851,18.2,18.65,18.2,18.35,0.3,3094
2024-03-01,2208,2329234,42392780,18.35,18.35,18.1,18.2,-0.15,1411
2024-03-04,2208,2401830,43398857,18.25,18.25,18.0,18.0,-0.2,1679
2024-03-05,2208,3597946,64739262,18.05,18.1,17.95,17.95,-0.05,1639
2024-03-06,2208,3005112,53897799,17.95,18.1,17.85,17.9,-0.05,1686
2024-03-07,2208,4277257,75941438,17.9,17.9,17.65,17.75,-0.15,2582
2024-03-08,2208,3820661,67291826,17.7,17.75,17.5,17.55,-0.2,2290
2024-03-11,2208,2889007,51136398,17.55,17.85,17.55,17.75,0.2,1671
2024-03-12,2208,3165883,56328372,18.0,18.0,17.7,17.75,0.0,1550
2024-03-13,2208,2857993,50638633,17.75,17.85,17.6,17.65,-0.1,1422
2024-03-14,2208,2013122,35466716,17.6,17.7,17.55,17.6,-0.05,1177
2024-03-15,2208,4075408,72138646,17.6,17.8,17.55,17.75,0.15,1481
2024-03-18,2208,18253662,337892444,17.9,18.9,17.9,18.6,0.85,7055
2024-03-19,2208,25002183,479322489,19.0,19.4,18.8,19.25,0.65,10929
2024-03-20,2208,8976438,169188894,19.3,19.3,18.65,18.75,-0.5,5074
2024-03-21,2208,6775917,127615984,18.75,19.0,18.65,18.9,0.15,2702
2024-03-22,2208,8818027,168197454,19.0,19.3,18.9,19.05,0.15,3298
2024-03-25,2208,5199916,99309183,19.1,19.25,18.95,19.1,0.05,2506
2024-03-26,2208,9223137,176611584,19.25,19.6,18.75,18.8,-0.3,3682
2024-03-27,2208,6423264,123135768,18.9,19.4,18.9,19.1,0.3,2943
2024-03-28,2208,4295737,82010797,19.2,19.35,18.9,18.95,-0.15,2171
2024-03-29,2208,2805578,53113721,19.1,19.1,18.85,18.85,-0.1,1330
2024-04-01,2208,4806905,90660316,18.85,19.0,18.7,18.9,0.05,1918
2024-04-02,2208,2530689,47680940,19.0,19.05,18.7,18.7,-0.2,1270
2024-04-03,2208,2836586,53063356,18.8,18.9,18.5,18.85,0.15,1341
2024-04-08,2208,4294137,81798430,18.95,19.2,18.9,18.9,0.05,1695
2024-04-09,2208,4952331,94327071,18.95,19.2,18.9,19.05,0.15,2055
2024-04-10,2208,17963211,352659547,19.2,20.0,19.2,19.5,0.45,6768
2024-04-11,2208,6621302,127310298,19.6,19.6,19.05,19.15,-0.35,3864
2024-04-12,2208,3219944,61491512,19.2,19.25,19.0,19.05,-0.1,1741
2024-04-15,2208,12191010,239061916,19.05,19.95,19.0,19.4,0.35,4795
2024-04-16,2208,6778753,128982166,19.5,19.6,18.85,18.85,-0.55,3520
2024-04-17,2208,3499949,66215803,18.9,19.05,18.8,19.0,0.15,1724
2024-04-18,2208,3481865,66322214,18.95,19.2,18.8,19.05,0.05,1636
2024-04-19,2208,5337318,99855312,19.05,19.05,18.35,18.7,-0.35,2777
2024-04-22,2208,4110174,76073189,18.75,18.85,18.2,18.45,-0.25,2483
2024-04-23,2208,1960175,35945601,18.45,18.7,18.2,18.3,-0.15,1365
2024-04-24,2208,1781259,32638381,18.35,18.5,18.25,18.3,0.0,1460
2024-04-25,2208,2705541,49079990,18.35,18.35,18.05,18.1,-0.2,1671
2024-04-26,2208,3175919,57601771,18.15,18.25,18.0,18.15,0.05,1494
2024-04-29,2208,2836204,51904608,18.3,18.55,18.15,18.35,0.2,1592
2024-04-30,2208,1402846,25521306,18.3,18.3,18.15,18.2,-0.15,936
2024-05-02,2208,2103990,38213327,18.2,18.3,18.05,18.1,-0.1,994
2024-05-03,2208,2442460,44276380,18.15,18.2,18.05,18.15,0.05,1124
2024-05-06,2208,2014713,36672601,18.2,18.25,18.05,18.25,0.1,963
2024-05-07,2208,1807061,32759123,18.3,18.35,18.05,18.05,-0.2,969
2024-05-08,2208,2662665,48057896,18.1,18.2,17.95,18.0,-0.05,1379
2024-05-09,2208,2103631,37826724,18.05,18.1,17.9,17.9,-0.1,1192
2024-05-10,2208,3490343,63293574,17.95,18.3,17.85,18.25,0.35,1661
2024-05-13,2208,2588936,47217727,18.25,18.45,18.1,18.25,0.0,1392
2024-05-14,2208,6171187,114270648,18.1,18.7,18.1,18.6,0.35,2852
2024-05-15,2208,9637398,183536024,19.0,19.35,18.7,18.8,0.2,4407
2024-05-16,2208,3336262,62454225,19.0,19.0,18.65,18.75,-0.05,2011
2024-05-17,2208,2032818,38100855,18.8,18.9,18.65,18.75,0.0,1210
2024-05-20,2208,4482619,84368213,18.9,19.0,18.65,18.65,-0.1,2046
2024-05-21,2208,4000589,73457087,18.8,18.85,18.2,18.3,-0.35,1956
2024-05-22,2208,2139561,39057258,18.2,18.4,18.15,18.25,-0.05,1203
2024-05-23,2208,2949781,53602377,18.2,18.3,18.1,18.2,-0.05,1539
2024-05-24,2208,2197261,39678366,18.0,18.2,17.9,18.05,-0.15,1326
2024-05-27,2208,3086741,55686286,18.15,18.15,17.95,18.05,0.0,1635
2024-05-28,2208,5622883,102301403,18.1,18.4,18.0,18.3,0.25,2446
2024-05-29,2208,2628505,47707161,18.35,18.35,18.05,18.1,-0.2,1521
2024-05-30,2208,2587928,46553647,18.1,18.1,17.95,17.95,-0.15,1595
2024-05-31,2208,4401061,79267349,18.1,18.1,17.9,18.1,0.15,1769
2024-06-03,2208,1801241,32470651,18.15,18.15,17.95,18.05,-0.05,1042
2024-06-04,2208,2829393,50679798,18.05,18.05,17.85,17.9,-0.15,1662
2024-06-05,2208,2757729,49125922,17.95,18.0,17.75,17.8,-0.1,1750
2024-06-06,2208,4530283,80061555,17.85,17.9,17.6,17.7,-0.1,2369
2024-06-07,2208,3127246,55895402,17.75,18.0,17.7,17.95,0.25,1376
2024-06-11,2208,3145977,55806062,18.05,18.05,17.6,17.65,-0.3,1944
2024-06-12,2208,2899921,50959230,17.65,17.7,17.5,17.5,-0.15,1684
2024-06-13,2208,4285263,74876355,17.65,17.7,17.4,17.45,-0.05,2328
2024-06-14,2208,3056782,53417896,17.5,17.6,17.35,17.5,0.05,1688
2024-06-17,2208,2855455,50204810,17.5,17.7,17.45,17.6,0.1,1504
2024-06-18,2208,2119678,37339816,17.7,17.75,17.55,17.65,0.05,1352
2024-06-19,2208,3254351,56937470,17.65,17.65,17.4,17.4,-0.25,2101
2024-06-20,2208,2338721,40930732,17.45,17.65,17.4,17.5,0.1,1341
2024-06-21,2208,7450569,131815546,17.55,17.75,17.5,17.75,0.25,2021
2024-06-24,2208,4182078,74533826,17.9,18.05,17.7,17.75,0.0,1790
2024-06-25,2208,1856660,32741232,17.9,17.9,17.55,17.6,-0.15,1203
2024-06-26,2208,2321790,40726088,17.55,17.7,17.4,17.45,-0.15,1377
2024-06-27,2208,2357206,41125178,17.5,17.5,17.35,17.45,0.0,1243
2024-06-28,2208,7819602,140813468,17.55,18.3,17.55,17.8,0.35,3251
2024-07-01,2208,2254264,40064868,18.0,18.0,17.6,17.65,-0.15,1370
2024-07-02,2208,1627700,28598564,17.65,17.7,17.5,17.55,-0.1,1115
2024-07-03,2208,1720714,30364681,17.6,17.75,17.6,17.6,0.05,1088
2024-07-04,2208,1895012,33536604,17.65,17.8,17.65,17.7,0.1,1201
2024-07-05,2208,2508741,44670937,17.7,17.95,17.65,17.8,0.1,1281
2024-07-08,2208,2749782,49060519,18.0,18.0,17.7,17.7,-0.1,1534
2024-07-09,2208,3635607,63585114,17.75,17.75,17.4,17.5,-0.2,1837
2024-07-10,2208,2686135,47038163,17.5,17.6,17.45,17.5,0.0,1206
2024-07-11,2208,1862161,32501045,17.45,17.5,17.35,17.45,-0.05,2451
2024-07-12,2208,2458701,42805267,17.45,17.45,17.35,17.4,-0.05,1714
2024-07-15,2208,3619902,62856678,17.45,17.5,17.3,17.35,-0.05,2878
2024-07-16,2208,2191606,38116744,17.4,17.45,17.3,17.3,-0.05,1463
2024-07-17,2208,2304192,39975974,17.35,17.45,17.3,17.35,0.05,1336
2024-07-18,2208,2668212,46518618,17.35,17.55,17.35,17.4,0.05,1442
2024-07-19,2208,2891574,49994462,17.4,17.4,17.2,17.2,-0.2,3534
2024-07-22,2208,2799325,47690624,17.25,17.25,16.95,17.0,-0.2,2756
2024-07-23,2208,2371670,40382855,16.95,17.1,16.95,17.0,0.0,1173
2024-07-26,2208,2254428,37896474,16.9,16.9,16.75,16.8,-0.2,1965
2024-07-29,2208,2659981,44431908,16.8,16.8,16.65,16.7,-0.1,2906
2024-07-30,2208,3453293,57223787,16.65,16.75,16.45,16.65,-0.05,2559
2024-07-31,2208,1638251,27568700,16.65,16.95,16.65,16.8,0.15,985
2024-08-01,2208,1961871,33565887,16.95,17.2,16.85,17.2,0.4,1098
2024-08-02,2208,1668994,28301919,17.0,17.1,16.85,16.85,-0.35,1187
2024-08-05,2208,6930381,108745183,16.6,16.65,15.2,15.4,-1.45,4258
2024-08-06,2208,3812329,58491891,15.55,15.8,14.8,15.55,0.15,2618
2024-08-07,2208,2258777,36565339,15.7,16.4,15.7,16.25,0.7,1171
2024-08-08,2208,1602566,26005693,16.4,16.5,16.05,16.1,-0.15,945
2024-08-09,2208,2038712,33246079,16.25,16.45,16.15,16.25,0.15,964
2024-08-12,2208,3638289,61713115,16.4,17.15,16.4,17.1,0.85,1695
2024-08-13,2208,22820050,413566482,18.4,18.45,17.85,18.0,0.9,9062
2024-08-14,2208,15962467,293901638,18.05,18.75,17.85,18.2,0.2,5845
2024-08-15,2208,4889753,88075029,18.35,18.4,17.85,17.85,-0.35,2997
2024-08-16,2208,5039769,89216885,18.0,18.05,17.45,17.45,-0.4,2693
2024-08-19,2208,2209395,38747932,17.75,17.75,17.4,17.6,0.15,1179
2024-08-20,2208,2052268,36242342,17.7,17.85,17.55,17.6,0.0,1032
2024-08-21,2208,1565460,27425694,17.65,17.7,17.35,17.55,-0.05,887
2024-08-22,2208,6080750,109067114,17.5,18.2,17.45,18.15,0.6,2395
2024-08-23,2208,21843494,407828584,18.5,18.95,18.3,18.6,0.45,7680
2024-08-26,2208,17746429,339786052,18.65,19.55,18.6,18.95,0.35,6469
2024-08-27,2208,14708132,282059966,19.5,19.55,18.85,19.05,0.1,5842
2024-08-28,2208,5755741,108741145,19.15,19.2,18.75,18.8,-0.25,2671
2024-08-29,2208,4541064,85002504,18.75,19.0,18.6,18.7,-0.1,2607
2024-08-30,2208,3884220,72201372,18.7,18.8,18.45,18.6,-0.1,2198
2024-09-02,2208,4037097,74425803,18.6,18.7,18.2,18.2,-0.4,2414
2024-09-03,2208,2755328,50165172,18.2,18.35,18.1,18.15,-0.05,1174
2024-09-04,2208,6678091,116954115,17.8,17.85,17.15,17.35,-0.8,3161
2024-09-05,2208,2829999,49171469,17.45,17.6,17.15,17.15,-0.2,1410
2024-09-06,2208,2279278,39448272,17.25,17.5,17.1,17.3,0.15,1112
2024-09-09,2208,2679674,46140490,17.05,17.5,17.0,17.4,0.1,1123
2024-09-10,2208,2627751,46180318,17.5,17.8,17.4,17.45,0.05,1336
2024-09-11,2208,1731806,29797021,17.45,17.45,17.1,17.1,-0.35,1107
2024-09-12,2208,2152839,36879801,17.3,17.3,17.0,17.05,-0.05,1070
2024-09-13,2208,1319266,22762019,17.05,17.4,17.05,17.3,0.25,805
2024-09-16,2208,1589735,27669148,17.4,17.55,17.3,17.45,0.15,796
2024-09-18,2208,1897849,32834735,17.5,17.5,17.15,17.25,-0.2,1040
2024-09-19,2208,1915494,33428047,17.25,17.55,17.25,17.5,0.25,845
2024-09-20,2208,1868770,32631651,17.6,17.65,17.35,17.5,0.0,838
2024-09-23,2208,2153724,37869931,17.55,17.75,17.5,17.5,0.0,843
2024-09-24,2208,1289743,22413224,17.5,17.5,17.3,17.35,-0.15,713
2024-09-25,2208,1735095,30377246,17.5,17.65,17.35,17.5,0.15,997
2024-09-26,2208,1467676,25619759,17.6,17.6,17.35,17.35,-0.15,836
2024-09-27,2208,3949576,70207711,17.5,17.95,17.45,17.9,0.55,1617
2024-09-30,2208,1617861,28788094,17.95,17.95,17.65,17.65,-0.25,923
2024-10-01,2208,2473605,44068427,17.7,18.1,17.55,17.9,0.25,956
2024-10-04,2208,5588173,102031848,18.0,18.7,17.7,18.25,0.35,2435
2024-10-07,2208,2853252,52405956,18.3,18.5,18.2,18.2,-0.05,1324
2024-10-08,2208,1777899,32127048,18.2,18.2,17.95,18.05,-0.15,1211
2024-10-09,2208,2272937,40451532,18.05,18.15,17.65,17.65,-0.4,1210
2024-10-11,2208,1312737,23135278,17.75,17.75,17.55,17.55,-0.1,701
2024-10-14,2208,2653525,45993982,17.35,17.55,17.25,17.25,-0.3,1070
2024-10-15,2208,1627922,28168972,17.35,17.55,17.25,17.3,0.05,860
2024-10-16,2208,1317437,22829255,17.3,17.55,17.25,17.25,-0.05,714
2024-10-17,2208,1150557,19971568,17.3,17.5,17.25,17.35,0.1,637
2024-10-18,2208,1066953,18478352,17.4,17.5,17.25,17.25,-0.1,641
2024-10-21,2208,2372093,41829401,17.45,17.8,17.4,17.75,0.5,1179
2024-10-22,2208,1271269,22337458,17.8,17.85,17.5,17.55,-0.2,734
2024-10-23,2208,1591402,27870471,17.55,17.75,17.35,17.4,-0.15,848
2024-10-24,2208,1200465,20971281,17.5,17.65,17.4,17.4,0.0,603
2024-10-25,2208,903279,15716745,17.5,17.5,17.35,17.4,0.0,464
2024-10-28,2208,2198010,38921478,17.5,18.05,17.45,17.6,0.2,1094
2024-10-29,2208,1597662,27699598,17.7,17.7,17.25,17.35,-0.25,943
2024-10-30,2208,1219641,21149732,17.5,17.5,17.25,17.25,-0.1,499
2024-11-01,2208,2037213,35654966,17.25,17.7,17.25,17.65,0.4,961
2024-11-04,2208,1911972,33832370,17.7,17.85,17.55,17.55,-0.1,791
2024-11-05,2208,1527909,27050148,17.55,17.8,17.55,17.75,0.2,702
2024-11-06,2208,1435373,25516138,17.85,18.0,17.65,17.65,-0.1,778
2024-11-07,2208,2787635,49945199,17.75,18.05,17.75,17.9,0.25,1211
2024-11-08,2208,4831311,87504321,17.95,18.3,17.9,17.95,0.05,1689
2024-11-11,2208,2371279,42140471,17.9,18.0,17.55,17.75,-0.2,1015
2024-11-12,2208,2387246,41990533,17.7,17.95,17.45,17.45,-0.3,1185
2024-11-13,2208,1740044,30228028,17.45,17.45,17.3,17.3,-0.15,1043
2024-11-14,2208,3865643,65981643,17.3,17.35,16.85,16.85,-0.45,2169
2024-11-15,2208,1350047,23069567,16.9,17.25,16.9,17.0,0.15,647
2024-11-18,2208,1118940,18907330,17.0,17.05,16.8,16.9,-0.1,655
2024-11-19,2208,1152080,19526565,17.0,17.1,16.8,17.0,0.1,592
2024-11-20,2208,1740086,29181442,17.0,17.0,16.65,16.7,-0.3,1028
2024-11-21,2208,5145145,85268265,16.7,16.9,16.45,16.6,-0.1,1554
2024-11-22,2208,2193946,37174982,16.75,17.05,16.7,17.0,0.4,958
2024-11-25,2208,2221143,38129618,17.1,17.3,16.95,17.25,0.25,1202
2024-11-26,2208,1187525,20394246,17.25,17.25,17.05,17.25,0.0,747
2024-11-27,2208,1777128,30158878,17.25,17.25,16.8,16.85,-0.4,968
2024-11-28,2208,1144366,19144373,16.9,17.0,16.6,16.65,-0.2,732
2024-11-29,2208,1218035,20200432,16.65,16.65,16.5,16.65,0.0,771
2024-12-02,2208,1398571,23142936,16.65,16.7,16.5,16.5,-0.15,771
2024-12-03,2208,1021133,16920046,16.55,16.65,16.5,16.55,0.05,643
2024-12-04,2208,658826,10956908,16.6,16.7,16.55,16.65,0.1,463
2024-12-05,2208,1479674,24373800,16.65,16.65,16.35,16.35,-0.3,985
2024-12-06,2208,1176347,19221826,16.4,16.5,16.25,16.25,-0.1,795
2024-12-09,2208,1143585,18492044,16.2,16.3,16.1,16.15,-0.1,775
2024-12-10,2208,892778,14400351,16.15,16.3,16.05,16.15,0.0,597
2024-12-11,2208,1059816,17091343,16.2,16.25,16.05,16.1,-0.05,640
2024-12-12,2208,1248779,20051946,16.1,16.2,16.0,16.0,-0.1,589
2024-12-13,2208,1762414,27796634,16.0,16.15,15.65,15.8,-0.2,1115
2024-12-16,2208,2057123,32004623,15.8,15.85,15.4,15.4,-0.4,1168
2024-12-17,2208,1206938,18663731,15.45,15.6,15.35,15.5,0.1,667
2024-12-18,2208,1129817,17548931,15.5,15.75,15.35,15.65,0.15,663
2024-12-19,2208,1461463,22643214,15.7,15.7,15.35,15.55,-0.1,928
2024-12-20,2208,1989853,31470763,15.55,16.05,15.55,15.75,0.2,1133
2024-12-23,2208,979594,15441811,15.95,15.95,15.65,15.8,0.05,540
2024-12-24,2208,896328,14085862,15.8,15.85,15.6,15.6,-0.2,582
2024-12-25,2208,1437281,22304060,15.9,15.9,15.4,15.5,-0.1,1015
2024-12-26,2208,1114735,17271785,15.5,15.6,15.4,15.45,-0.05,779
2024-12-27,2208,1057472,16294639,15.45,15.5,15.35,15.4,-0.05,559
2024-12-30,2208,845381,13005201,15.4,15.6,15.3,15.3,-0.1,561
2024-12-31,2208,1541768,23253810,15.3,15.3,15.0,15.05,-0.25,1002
2025-01-02,2208,1007632,15242285,15.05,15.25,15.0,15.05,0.0,663
2025-01-03,2208,1796461,26956051,15.1,15.15,14.9,14.95,-0.1,940
2025-01-06,2208,1469235,22076524,14.95,15.15,14.9,15.0,0.05,800
2025-01-07,2208,4989608,77588857,15.4,15.8,15.3,15.3,0.3,2053
2025-01-08,2208,1184952,18034219,15.25,15.3,15.1,15.2,-0.1,680
2025-01-09,2208,2117207,31751357,15.2,15.2,14.85,14.85,-0.35,1014
2025-01-10,2208,1755586,25932578,14.85,14.9,14.7,14.8,-0.05,1058
2025-01-13,2208,2802969,40126577,14.6,14.65,14.2,14.3,-0.5,1782
2025-01-14,2208,1544101,22299919,14.4,14.55,14.35,14.5,0.2,832
2025-01-15,2208,1226690,18070884,14.65,14.85,14.55,14.85,0.35,661
2025-01-16,2208,997471,14841379,15.0,15.05,14.7,14.7,-0.15,802
2025-01-17,2208,1370943,20441225,14.7,15.05,14.7,15.0,0.3,672
2025-01-20,2208,1127790,16940711,15.0,15.2,14.85,15.2,0.2,690
2025-01-21,2208,714353,10857904,15.2,15.3,15.1,15.2,0.0,440
2025-01-22,2208,1162435,17478016,15.3,15.3,14.95,15.05,-0.15,888
2025-02-03,2208,1264222,18867029,15.0,15.1,14.7,14.9,-0.15,911
2025-02-04,2208,1032292,15373754,14.9,15.05,14.8,14.8,-0.1,727
2025-02-05,2208,1170891,17356687,14.8,15.0,14.7,14.8,0.0,905
2025-02-06,2208,857866,12923830,14.8,15.2,14.8,15.15,0.35,615
2025-02-07,2208,851857,12808063,15.15,15.15,14.95,15.0,-0.15,673
2025-02-10,2208,1297258,19485063,14.9,15.15,14.9,14.95,-0.05,771
2025-02-11,2208,679365,10200222,14.95,15.1,14.95,15.0,0.05,454
2025-02-12,2208,1684271,25510968,15.0,15.3,14.95,14.95,-0.05,688
2025-02-13,2208,2923506,44834126,15.1,15.5,15.05,15.45,0.5,1138
2025-02-14,2208,2567164,40034984,15.5,15.75,15.4,15.7,0.25,1216
2025-02-17,2208,1489977,23443062,15.85,15.85,15.6,15.75,0.05,929
2025-02-18,2208,885555,13824693,15.7,15.75,15.55,15.55,-0.2,713
2025-02-19,2208,714862,11183059,15.6,15.75,15.55,15.7,0.15,650
2025-02-20,2208,2759445,44252751,15.7,16.25,15.7,16.0,0.3,1637
2025-02-21,2208,1097256,17557934,16.1,16.15,15.85,16.0,0.0,784
2025-02-24,2208,2163442,35032810,16.1,16.4,16.1,16.15,0.15,1246
2025-02-25,2208,1710489,27653296,16.1,16.4,16.0,16.1,-0.05,1028
2025-02-26,2208,4705741,79236015,16.8,17.2,16.5,16.65,0.55,2261
2025-02-27,2208,3747710,63019326,16.5,17.05,16.45,16.95,0.3,1823
2025-03-03,2208,4066823,70022752,16.9,17.6,16.7,17.25,0.3,2135
2025-03-04,2208,1958147,33193179,17.0,17.2,16.75,17.05,-0.2,1286
2025-03-05,2208,1732716,29481953,17.1,17.2,16.8,17.0,-0.05,860
2025-03-06,2208,1764528,30175156,16.95,17.2,16.9,17.15,0.15,982
2025-03-07,2208,1548416,26344843,17.15,17.2,16.9,17.0,-0.15,968
2025-03-10,2208,1556885,26206055,16.75,16.95,16.75,16.8,-0.2,921
2025-03-11,2208,1789896,29525782,16.65,16.7,16.35,16.7,-0.1,995
2025-03-12,2208,1498677,25289509,17.3,17.3,16.7,16.75,0.05,799
2025-03-13,2208,1816336,29790112,16.9,16.95,16.1,16.1,-0.65,1069
2025-03-14,2208,1136689,18537193,16.1,16.5,16.1,16.5,0.4,636
2025-03-17,2208,3667454,62142912,16.7,17.1,16.7,16.9,0.4,1598
2025-03-18,2208,1924880,32335119,17.1,17.15,16.6,16.75,-0.15,1024
2025-03-19,2208,2303255,39094788,16.75,17.1,16.7,17.0,0.25,1248
2025-03-20,2208,1394785,23651301,17.0,17.05,16.8,16.95,-0.05,808
2025-03-21,2208,969308,16395203,16.9,17.0,16.8,17.0,0.05,686
2025-03-24,2208,5133954,89390167,17.1,17.8,16.95,17.4,0.4,2508
2025-03-25,2208,2798002,48537778,17.5,17.65,17.15,17.2,-0.2,1623
2025-03-26,2208,8074764,144714023,17.8,18.2,17.65,17.85,0.65,3440
2025-03-27,2208,3638724,63839947,17.8,17.95,17.4,17.5,-0.35,1770
2025-03-28,2208,7755145,137880209,17.85,18.2,17.25,17.9,0.4,3456
2025-03-31,2208,6417195,110052149,17.4,17.6,16.8,16.85,-1.05,2632
2025-04-01,2208,4911970,85977046,17.0,17.85,16.85,17.7,0.85,2287
2025-04-02,2208,3383527,59242715,17.7,17.8,17.2,17.65,-0.05,1796
2025-04-07,2208,1065878,16947243,15.9,15.9,15.9,15.9,-1.75,895
2025-04-08,2208,4690396,73877609,14.9,16.5,14.9,16.35,0.45,2381
2025-04-09,2208,5960420,95286869,16.2,16.8,15.15,15.35,-1.0,2576
2025-04-10,2208,4720107,78994436,16.6,16.85,16.2,16.85,1.5,1861
2025-04-11,2208,7194701,124633360,16.8,17.7,16.05,17.5,0.65,3449
2025-04-14,2208,5370059,93823710,17.55,17.8,17.1,17.35,-0.15,2714
2025-04-15,2208,3691082,64877516,17.6,17.8,17.35,17.55,0.2,1830
2025-04-16,2208,5815269,103396517,17.65,18.0,17.35,17.7,0.15,2501
2025-04-17,2208,3971329,68210844,17.75,17.75,16.95,17.15,-0.55,2585
2025-04-18,2208,1471871,25129777,17.15,17.25,16.95,17.05,-0.1,1078
2025-04-21,2208,2509853,41769670,17.1,17.1,16.5,16.5,-0.55,2195
2025-04-22,2208,1363475,22483938,16.25,16.75,16.25,16.5,0.0,1097
2025-04-23,2208,1332277,22274267,16.8,17.0,16.55,16.7,0.2,1321
2025-04-24,2208,1233623,20389537,16.75,16.75,16.4,16.6,-0.1,766
2025-04-25,2208,1910992,32253618,16.8,17.1,16.65,16.85,0.25,1087
2025-04-28,2208,1175157,19693944,17.0,17.0,16.6,16.9,0.05,748
2025-04-29,2208,870096,14653461,16.9,16.95,16.7,16.9,0.0,531
2025-04-30,2208,1487972,25032594,16.9,17.0,16.7,16.8,-0.1,868
2025-05-02,2208,1886010,31713551,16.5,17.0,16.5,17.0,0.2,956
2025-05-05,2208,1566959,26343269,17.05,17.1,16.6,16.85,-0.15,917
2025-05-06,2208,2166460,37060403,16.85,17.3,16.8,17.15,0.3,1068
2025-05-07,2208,1160199,19845273,17.4,17.4,17.0,17.0,-0.15,839
2025-05-08,2208,1510419,25414339,17.0,17.0,16.7,16.8,-0.2,885
2025-05-09,2208,1318083,22176931,16.75,16.95,16.7,16.8,0.0,715
2025-05-12,2208,1847454,31472026,16.95,17.2,16.85,17.0,0.2,805
2025-05-13,2208,1871576,31414317,17.0,17.05,16.65,16.65,-0.35,1139
2025-05-14,2208,1026684,17172907,16.8,16.85,16.65,16.7,0.05,808
2025-05-15,2208,1161398,19541249,16.8,16.9,16.7,16.85,0.15,618
2025-05-16,2208,3453434,59034582,16.95,17.25,16.75,17.2,0.35,1482
2025-05-19,2208,2468338,41976772,17.3,17.45,16.8,16.85,-0.35,1601
2025-05-20,2208,1610785,27137892,17.0,17.15,16.65,16.65,-0.2,1038
2025-05-21,2208,872525,14563845,16.75,16.8,16.6,16.65,0.0,583
2025-05-22,2208,786686,13094579,16.65,16.8,16.6,16.6,-0.05,483
2025-05-23,2208,1227180,20474269,16.6,17.0,16.5,17.0,0.4,666
2025-05-26,2208,1025224,17363240,16.95,17.05,16.85,16.95,-0.05,700
2025-05-27,2208,980868,16528337,17.0,17.05,16.7,16.85,-0.1,575
2025-05-28,2208,664232,11116284,17.0,17.0,16.65,16.65,-0.2,548
2025-05-29,2208,1946283,32101970,16.75,16.8,16.45,16.45,-0.2,702
2025-06-02,2208,1291296,20865068,16.4,16.45,16.0,16.1,-0.35,850
2025-06-03,2208,859257,13771418,16.2,16.3,15.95,16.05,-0.05,739
2025-06-04,2208,603658,9767012,16.05,16.3,16.0,16.25,0.2,416
2025-06-05,2208,475099,7665132,16.2,16.2,16.1,16.15,-0.1,371
2025-06-06,2208,590369,9509833,16.05,16.25,16.05,16.05,-0.1,365
2025-06-09,2208,655982,10496755,16.05,16.1,15.95,15.95,-0.1,459
2025-06-10,2208,1071980,17197906,16.05,16.15,15.95,16.15,0.2,523
2025-06-11,2208,15491532,273478468,17.15,17.75,16.95,17.75,1.6,8849
2025-06-12,2208,14331583,257362247,17.8,18.45,17.5,18.1,0.35,5226
2025-06-13,2208,7972905,144277040,17.9,18.3,17.75,18.15,0.05,3566
2025-06-16,2208,6773094,123942201,18.25,18.5,18.1,18.3,0.15,2955
2025-06-17,2208,8423935,155109225,18.35,18.6,18.05,18.55,0.25,3577
2025-06-18,2208,7634027,142502998,18.65,18.8,18.5,18.75,0.2,3106
2025-06-19,2208,6151318,112019698,18.65,18.7,17.9,18.35,-0.4,4144
2025-06-20,2208,4749154,84556650,18.25,18.25,17.5,17.65,-0.7,2827
2025-06-23,2208,2655325,47288550,17.5,18.05,17.4,18.0,0.35,1314
2025-06-24,2208,3954492,71380232,18.1,18.25,17.8,17.9,-0.1,1389
2025-06-25,2208,2767087,49019908,17.9,18.0,17.6,17.65,-0.25,1123
2025-06-26,2208,2076217,37185059,17.95,18.15,17.75,17.85,0.2,935
2025-06-27,2208,8270199,151839753,17.95,18.55,17.9,18.45,0.6,3119
2025-06-30,2208,3338648,61109298,18.7,18.7,18.15,18.2,-0.25,1296
2025-07-01,2208,2312875,41832667,18.3,18.3,17.9,17.9,-0.3,1168
2025-07-02,2208,1414819,25217177,17.9,18.0,17.7,17.75,-0.15,805
2025-07-03,2208,1229121,21996961,17.75,18.0,17.75,17.85,0.1,691
2025-07-04,2208,3828539,67119019,18.15,18.15,17.35,17.35,-0.5,1561
2025-07-07,2208,1235496,21633460,17.4,17.7,17.3,17.5,0.15,705
2025-07-08,2208,1224096,21241410,17.5,17.5,17.2,17.5,0.0,670
2025-07-09,2208,969252,16999692,17.65,17.65,17.45,17.5,0.0,507
2025-07-10,2208,1515518,26365483,17.4,17.7,17.25,17.6,0.1,970
2025-07-11,2208,2934520,50228453,17.25,17.45,16.95,17.05,-0.55,1695
2025-07-14,2208,2914223,48821545,16.95,16.95,16.65,16.75,-0.3,1312
2025-07-15,2208,1446407,24152380,16.7,16.85,16.6,16.7,-0.05,731
2025-07-16,2208,1867039,31292087,16.7,16.9,16.65,16.65,-0.05,852
2025-07-17,2208,873515,14682804,16.65,16.9,16.65,16.8,0.15,473
2025-07-18,2208,1827788,30489964,16.85,16.9,16.55,16.7,-0.1,882
2025-07-21,2208,1098617,18350630,16.7,16.85,16.6,16.65,-0.05,553
2025-07-22,2208,1533824,25769145,16.65,16.95,16.65,16.65,0.0,770
2025-07-23,2208,1735101,29411779,16.7,17.1,16.7,17.1,0.45,822
2025-07-24,2208,3577164,62432006,17.15,17.7,17.1,17.55,0.45,1560
2025-07-25,2208,1791276,31404618,17.65,17.65,17.45,17.6,0.05,888
2025-07-28,2208,10908022,178229204,16.8,16.8,16.1,16.35,-1.25,4346
2025-07-29,2208,3066263,49885242,16.25,16.5,16.15,16.15,-0.2,1328
2025-07-30,2208,1970263,32175381,16.25,16.55,16.15,16.45,0.3,779
2025-07-31,2208,1798057,29077568,16.45,16.45,16.1,16.15,-0.3,935
2025-08-01,2208,1373675,22194404,16.1,16.25,16.05,16.15,0.0,654
2025-08-04,2208,2269458,36977801,16.05,16.5,16.0,16.4,0.25,971
2025-08-05,2208,1278422,20856677,16.45,16.45,16.2,16.35,-0.05,673
2025-08-06,2208,3863150,64685984,16.3,17.3,16.25,17.3,0.95,1494
2025-08-07,2208,9413398,167786576,18.5,18.5,17.45,17.6,0.3,3416
2025-08-08,2208,3766012,65399960,17.6,17.65,17.15,17.5,-0.1,1750
2025-08-11,2208,3951439,67278300,17.25,17.35,16.8,17.15,-0.35,1586
2025-08-12,2208,2609496,44609996,17.1,17.4,16.85,17.2,0.05,1161
2025-08-13,2208,2451504,41732924,17.2,17.3,16.85,16.9,-0.3,1264
2025-08-14,2208,1416992,23853532,17.0,17.0,16.8,16.8,-0.1,898
2025-08-15,2208,1581682,26496278,16.8,16.85,16.7,16.75,-0.05,846
2025-08-18,2208,1826017,31097481,16.7,17.2,16.7,17.05,0.3,927
2025-08-19,2208,1214235,20583216,16.95,17.05,16.85,16.9,-0.15,744
2025-08-20,2208,2503063,41837548,16.9,16.9,16.5,16.6,-0.3,1194
2025-08-21,2208,2424387,41270822,16.8,17.3,16.65,16.9,0.3,1119
2025-08-22,2208,9364499,164500635,16.85,18.05,16.85,17.65,0.75,3350
2025-08-25,2208,12137556,220657071,17.9,18.75,17.7,18.2,0.55,4962
2025-08-26,2208,17438982,322440365,18.25,19.0,18.0,18.35,0.15,8357
2025-08-27,2208,8599760,156103171,18.3,18.35,18.0,18.05,-0.3,3616
2025-08-28,2208,39483855,770286748,18.2,19.85,18.15,19.85,1.8,12064
2025-08-29,2208,58378121,1212530317,20.8,21.5,20.2,20.6,0.75,22997
2025-09-01,2208,32572982,663227961,21.0,21.45,19.3,19.55,-1.05,19657
2025-09-02,2208,18747506,351028305,19.4,19.4,18.15,18.75,-0.8,8909
2025-09-03,2208,11485086,236590416,20.6,20.6,20.5,20.6,1.85,3681
2025-09-04,2208,29479985,667721206,22.65,22.65,22.65,22.65,2.05,9168
2025-09-05,2208,101247786,2467181886,24.7,24.9,22.9,24.85,2.2,41581
2025-09-08,2208,90112279,2373010546,26.0,27.1,25.0,26.9,2.05,48571
2025-09-09,2208,50379917,1309576935,26.6,26.8,25.3,25.65,-1.25,24985
2025-09-10,2208,53306795,1467104732,25.95,28.2,25.1,28.2,2.55,24489
2025-09-11,2208,91334884,2619041786,28.85,30.0,27.5,28.6,0.4,42143
2025-09-12,2208,72130706,2058001386,28.35,29.8,26.8,29.4,0.8,33812
2025-09-15,2208,62758433,1750738922,29.0,29.35,26.8,27.0,-2.4,32572
2025-09-16,2208,35960237,954412315,26.85,27.9,25.35,27.1,0.1,25010
2025-09-17,2208,23864783,627752130,26.8,26.85,26.0,26.25,-0.85,17768
2025-09-18,2208,44200216,1135442135,26.3,27.25,25.0,25.05,-1.2,23533
2025-09-19,2208,28290877,713722775,25.15,26.0,24.2,25.15,0.1,13960
2025-09-22,2208,31991001,826402000,25.3,26.5,24.3,25.95,0.8,17715
2025-09-23,2208,25590262,638162790,25.6,25.6,24.55,24.55,-1.4,15686
2025-09-24,2208,19818030,475196538,24.3,24.5,23.75,23.75,-0.8,10437
2025-09-25,2208,9759153,233533396,24.0,24.3,23.6,23.6,-0.15,5567
2025-09-26,2208,11319486,267190427,24.0,24.1,23.15,23.5,-0.1,5691
2025-09-30,2208,13237028,313141807,23.6,24.55,23.0,24.2,0.7,6390
2025-10-01,2208,14298449,332656583,23.8,23.8,23.0,23.1,-1.1,8111
2025-10-02,2208,18876008,423643001,23.0,23.15,22.15,22.15,-0.95,9035
2025-10-03,2208,14125148,320492062,22.1,23.15,22.1,22.95,0.8,7108
2025-10-07,2208,11984808,267046367,22.3,22.8,21.9,22.35,-0.6,6314
2025-10-08,2208,6032509,135015704,22.65,22.65,22.15,22.25,-0.1,3273
2025-10-09,2208,7796433,174009115,22.4,22.75,22.1,22.2,-0.05,3652
2025-10-13,2208,21509383,495198193,21.05,24.1,20.35,23.55,1.35,10409
2025-10-14,2208,17996860,411126103,23.7,23.7,22.2,22.25,-1.3,10791
2025-10-15,2208,5713541,125968600,22.3,22.4,21.9,21.95,-0.3,3468
2025-10-16,2208,5635082,126051822,22.15,22.8,22.0,22.3,0.35,3139
2025-10-17,2208,7740083,169810851,22.3,22.35,21.65,21.75,-0.55,4830
2025-10-20,2208,8691684,185139845,21.9,22.0,21.1,21.2,-0.55,4745
2025-10-21,2208,10050394,211340572,21.0,21.3,20.75,21.15,-0.05,4138
2025-10-22,2208,4941618,104028503,21.0,21.4,20.9,20.9,-0.25,2924
2025-10-23,2208,7242690,149217113,20.9,21.0,20.45,20.65,-0.25,3689
2025-10-27,2208,8261527,167271610,20.65,20.75,20.1,20.2,-0.45,3913
2025-10-28,2208,5613852,113294502,20.5,20.5,20.0,20.25,0.05,2868
2025-10-29,2208,4485354,90163683,20.25,20.45,20.0,20.0,-0.25,2546
2025-10-30,2208,5057276,101627683,20.0,20.4,19.9,20.15,0.15,2607
2025-10-31,2208,6557415,130849198,20.15,20.4,19.6,19.6,-0.55,3578
2025-11-03,2208,8118466,165528200,19.7,20.95,19.7,20.3,0.7,3998
2025-11-04,2208,9299580,192257062,20.5,21.0,20.35,20.4,0.1,4416
2025-11-05,2208,5392927,108545966,20.2,20.7,19.85,20.0,-0.4,2694
2025-11-06,2208,4608063,92464844,20.15,20.25,19.8,20.25,0.25,1921
2025-11-07,2208,5332779,105748411,20.15,20.25,19.65,19.7,-0.55,2759
2025-11-10,2208,5155585,99351165,19.7,19.7,19.05,19.1,-0.6,3030
2025-11-11,2208,3272830,62730274,19.1,19.35,19.05,19.15,0.05,1744
2025-11-12,2208,3225686,62916809,19.25,19.7,19.2,19.65,0.5,1842
2025-11-13,2208,3451585,66877266,19.7,19.7,19.2,19.3,-0.35,2044
2025-11-14,2208,8099129,160128600,19.2,20.05,19.1,19.6,0.3,3817
2025-11-17,2208,3331073,64812649,19.65,19.75,19.35,19.35,-0.25,1882
2025-11-18,2208,3566696,68817998,19.35,19.65,19.1,19.1,-0.25,2010
2025-11-19,2208,2850307,54742360,19.15,19.4,19.1,19.1,0.0,1688
2025-11-20,2208,2990985,57726553,19.25,19.45,19.0,19.35,0.25,1511
2025-11-21,2208,4540003,85771105,19.25,19.25,18.7,18.8,-0.55,2572
2025-11-24,2208,5144958,99875711,18.9,19.65,18.9,19.5,0.7,2137
2025-11-25,2208,11412060,232407846,19.6,21.15,19.45,21.15,1.65,3797
2025-11-26,2208,33898427,772004241,21.9,23.25,21.65,23.25,2.1,15006
2025-11-27,2208,24946276,556068684,23.55,23.75,21.45,21.8,-1.45,14974
2025-11-28,2208,10464056,224097449,21.8,22.0,20.8,21.45,-0.35,5814
2025-12-01,2208,6069462,129244720,21.5,21.8,21.05,21.1,-0.35,3248
2025-12-02,2208,4113725,87234163,21.2,21.45,21.0,21.1,0.0,2312
2025-12-03,2208,3815639,80399754,21.05,21.45,20.9,21.0,-0.1,2217
2025-12-04,2208,3887600,83064332,21.1,21.6,21.05,21.3,0.3,2220
2025-12-05,2208,2813151,59231575,21.4,21.4,20.95,21.0,-0.3,1880
2025-12-08,2208,3693892,76050624,21.1,21.1,20.5,20.5,-0.5,2225
2025-12-09,2208,1973204,40748089,20.65,20.8,20.5,20.6,0.1,1237
2025-12-10,2208,4954084,100363941,20.6,20.65,20.0,20.05,-0.55,2642
2025-12-11,2208,2426810,48964433,20.1,20.4,20.0,20.05,0.0,1306
2025-12-12,2208,1516435,30551106,20.25,20.35,20.05,20.05,0.0,1135
2025-12-15,2208,3568504,72949673,19.85,21.0,19.75,20.5,0.45,2123
2025-12-16,2208,4134538,82816249,20.4,20.45,19.8,20.0,-0.5,2549
2025-12-17,2208,2411524,48120330,20.15,20.2,19.85,19.85,-0.15,1545
2025-12-18,2208,1884278,37344668,19.85,20.0,19.7,19.75,-0.1,1252
2025-12-19,2208,2553801,51496361,20.0,20.3,19.9,20.3,0.55,1475
2025-12-22,2208,2155214,43554671,20.45,20.55,20.05,20.15,-0.15,1307
2025-12-23,2208,4009304,82608319,20.3,20.9,20.2,20.5,0.35,2317
2025-12-24,2208,2452752,49532069,20.5,20.5,20.05,20.15,-0.35,1574
2025-12-26,2208,1981655,39672594,20.15,20.2,19.95,20.05,-0.1,1197
2025-12-29,2208,2585179,52423804,20.1,20.45,20.1,20.25,0.2,1383
2025-12-30,2208,3169687,65006605,20.8,20.95,20.25,20.25,0.0,1842
2025-12-31,2208,1991667,39996118,20.25,20.35,20.0,20.0,-0.25,1317
2026-01-02,2208,2104493,42148457,20.05,20.15,19.95,19.95,-0.05,1222
2026-01-05,2208,3041414,60595342,19.95,20.1,19.85,19.85,-0.1,1807
2026-01-06,2208,3308687,65566229,19.85,19.95,19.7,19.85,0.0,1882
2026-01-07,2208,3542719,69691054,19.8,19.85,19.5,19.7,-0.15,2068
2026-01-08,2208,6306133,126719148,19.6,20.4,19.6,20.1,0.4,2689
2026-01-09,2208,3218956,64964314,20.45,20.6,19.95,20.1,0.0,2183
2026-01-12,2208,5951184,121643922,20.05,20.75,19.9,20.65,0.55,2875
2026-01-13,2208,8601727,180303592,21.25,21.5,20.55,21.1,0.45,4402
2026-01-14,2208,8244293,176229325,21.3,21.65,20.85,21.6,0.5,3951
2026-01-15,2208,4736466,101664744,21.5,21.7,21.2,21.65,0.05,2385
2026-01-16,2208,4726565,101670837,21.75,21.85,21.35,21.5,-0.15,2627
2026-01-19,2208,5622969,121688196,21.5,21.95,21.5,21.6,0.1,2424
2026-01-20,2208,17722634,401515897,21.8,23.0,21.8,22.7,1.1,7752
2026-01-21,2208,18508898,424246510,22.0,23.75,21.95,23.3,0.6,8666
2026-01-22,2208,12859096,293803296,23.5,23.55,22.5,22.5,-0.8,9605
2026-01-23,2208,8714479,192432642,22.4,22.45,21.85,22.1,-0.4,4324
2026-01-26,2208,4170467,93075622,22.3,22.7,22.05,22.5,0.4,2201
2026-01-27,2208,5759138,127783728,22.75,22.85,21.95,22.0,-0.5,4420
2026-01-28,2208,5653517,126167303,22.3,22.5,22.05,22.4,0.4,2735
2026-01-29,2208,16042623,371818270,23.0,23.6,22.7,23.0,0.6,7375
2026-01-30,2208,11686712,262864497,23.9,23.9,21.95,22.05,-0.95,8413
2026-02-02,2208,9622672,217078238,22.65,23.3,21.95,22.1,0.05,5621
2026-02-03,2208,7127121,155013732,22.35,22.45,21.35,21.35,-0.75,5565
2026-02-04,2208,2862682,61698688,21.35,21.8,21.2,21.6,0.25,1661
2026-02-05,2208,4217991,89080807,21.3,21.5,20.9,21.0,-0.6,3131
2026-02-06,2208,4872864,103231284,21.0,21.8,20.5,21.8,0.8,2526
2026-02-09,2208,10283820,233971095,23.05,23.05,22.3,22.65,0.85,4559
2026-02-10,2208,6462962,148174603,22.6,23.3,22.5,22.8,0.15,3342
2026-02-11,2208,15027471,351198214,23.0,23.7,22.95,23.5,0.7,6937
2026-02-23,2208,15100967,365476615,24.8,24.9,23.8,23.95,0.45,7951
2026-02-24,2208,13498077,327286758,23.9,24.8,23.5,24.3,0.35,5847
2026-02-25,2208,7142929,172338839,24.45,24.5,23.95,24.1,-0.2,3920
2026-02-26,2208,6723204,162451938,24.1,24.5,23.85,24.35,0.25,3247
2026-03-02,2208,12215373,287608378,24.5,24.8,23.2,23.3,-1.05,10102
2026-03-03,2208,7861675,181779258,23.3,23.65,22.95,22.95,-0.35,4561
2026-03-04,2208,8160269,181983654,22.95,23.25,21.85,21.9,-1.05,5796
2026-03-05,2208,3858496,85835777,22.35,22.55,21.95,22.1,0.2,1949
2026-03-06,2208,3536125,77686958,22.0,22.3,21.75,22.05,-0.05,1723
2026-03-09,2208,7907170,161573642,21.5,21.5,20.1,20.15,-1.9,4304
2026-03-10,2208,3459476,70676013,20.75,20.75,20.25,20.5,0.35,2036
2026-03-11,2208,3610440,76193075,20.4,21.4,20.4,21.35,0.85,1844
2026-03-12,2208,3628157,77578176,21.35,21.65,21.1,21.65,0.3,1698
2026-03-13,2208,3563050,76508080,21.2,21.75,21.05,21.5,-0.15,1781
2026-03-16,2208,4751638,103875334,22.2,22.3,21.5,22.1,0.6,2608
2026-03-17,2208,3711227,81237452,22.1,22.3,21.65,21.95,-0.15,2155
2026-03-18,2208,2945707,64035074,22.05,22.1,21.55,21.6,-0.35,1674
2026-03-19,2208,2657609,57397098,21.5,21.9,21.25,21.5,-0.1,1588
2026-03-20,2208,3728596,80788113,21.5,22.1,21.4,21.6,0.1,1713
2026-03-23,2208,3984937,84183676,21.45,21.9,20.7,20.7,-0.9,2542
2026-03-24,2208,2823358,58401137,20.95,21.0,20.35,20.6,-0.1,1478
2026-03-25,2208,7528483,164017507,21.0,22.1,20.9,22.1,1.5,3019
2026-03-26,2208,5690908,125713680,22.35,22.5,21.7,21.75,-0.35,2806
2026-03-27,2208,3214987,68863678,21.65,21.65,21.2,21.5,-0.25,1667
2026-03-30,2208,3628076,77730267,21.15,21.8,21.1,21.3,-0.2,1937
2026-03-31,2208,6293528,130279927,21.1,21.35,20.35,20.35,-0.95,2658
2026-04-01,2208,2997967,61745844,20.85,20.9,20.35,20.4,0.05,1463
2026-04-02,2208,3024717,61377660,20.5,20.65,20.1,20.2,-0.2,1597
2026-04-07,2208,1710590,34632983,20.35,20.45,20.1,20.25,0.05,1084
2026-04-08,2208,2491171,51562957,20.75,21.0,20.45,20.7,0.45,1607
2026-04-09,2208,2660988,54601931,20.9,20.9,20.35,20.55,-0.15,1400
2026-04-10,2208,2532062,51953094,20.65,20.75,20.4,20.45,-0.1,1313
2026-04-13,2208,5813091,119039242,21.45,21.45,20.1,20.1,-0.35,2182
2026-04-14,2208,3321340,67399127,20.5,20.55,20.1,20.25,0.15,1824
2026-04-15,2208,3020676,61981087,20.5,20.8,20.3,20.45,0.2,1630
2026-04-16,2208,4392764,91863417,20.5,21.2,20.5,20.8,0.35,2058
2026-04-17,2208,3974639,83425501,21.0,21.15,20.7,21.1,0.3,1871
2026-04-20,2208,3808564,80254214,21.15,21.4,20.8,20.85,-0.25,2215
2026-04-21,2208,3136155,65287015,20.85,21.0,20.6,20.7,-0.15,1727
2026-04-22,2208,2973329,61883497,20.95,21.1,20.6,20.7,0.0,1744
2026-04-23,2208,5343068,109332361,20.8,20.95,20.1,20.6,-0.1,2350
2026-04-24,2208,2530222,51583857,20.6,20.65,20.25,20.3,-0.3,1497
2026-04-27,2208,2956664,59911833,20.4,20.4,20.15,20.35,0.05,1540
2026-04-28,2208,3182210,64282696,20.4,20.45,20.1,20.4,0.05,1455
2026-04-29,2208,4116383,83076173,20.45,20.55,20.05,20.1,-0.3,1682
2026-04-30,2208,4440108,88793772,20.15,20.25,19.8,19.8,-0.3,2289
2026-05-04,2208,3848501,77809357,20.1,20.4,20.0,20.15,0.35,1473
2026-05-05,2208,3136136,63287974,20.2,20.4,19.95,20.35,0.2,1432
2026-05-06,2208,3274135,66419970,20.4,20.5,20.15,20.15,-0.2,1506
2026-05-07,2208,4392847,89901536,20.4,20.8,20.1,20.8,0.65,1959
2026-05-08,2208,10171002,218608660,21.25,21.9,21.05,21.7,0.9,4202
2026-05-11,2208,9882198,200532642,21.1,21.1,20.0,20.2,-1.5,4899
2026-05-12,2208,5068206,101706276,20.25,20.3,20.0,20.0,-0.2,2229
2026-05-13,2208,2963102,59210479,20.05,20.25,19.9,19.95,-0.05,1496
2026-05-14,2208,3461234,68671833,20.2,20.2,19.75,19.75,-0.2,2036
2026-05-15,2208,6029090,117125431,19.9,19.9,19.05,19.15,-0.6,3214
2026-05-18,2208,4116617,77477013,19.0,19.0,18.7,18.7,-0.45,2357
2026-05-19,2208,4223738,77578870,18.7,18.7,18.2,18.2,-0.5,2474
2026-05-20,2208,2388246,43790596,18.35,18.7,18.2,18.25,0.05,1459
2026-05-21,2208,2526741,46698417,18.45,18.65,18.25,18.65,0.4,1291
2026-05-22,2208,3365368,62472738,18.8,18.9,18.35,18.55,-0.1,2014
2026-05-25,2208,6580356,119731301,18.6,18.6,18.05,18.15,-0.4,3159
2026-05-26,2208,3417302,62378688,18.4,18.4,18.15,18.25,0.1,1590
2026-05-27,2208,4181369,75925837,18.15,18.3,18.05,18.1,-0.15,1955
2026-05-28,2208,4882773,88396460,18.1,18.3,17.85,18.0,-0.1,2034
2026-05-29,2208,19111096,343289376,18.3,18.6,17.75,17.75,-0.25,4287
2026-06-01,2208,10265142,185343933,17.8,18.4,17.75,18.3,0.55,3766
2026-06-02,2208,8285177,148431766,18.35,18.35,17.7,17.95,-0.35,3636
2026-06-03,2208,6351499,115046266,18.0,18.3,17.85,18.2,0.25,2349
2026-06-04,2208,6205706,113209253,18.25,18.55,18.05,18.15,-0.05,2381
2026-06-05,2208,4199377,75989898,18.15,18.4,17.9,18.35,0.2,1949
2026-06-08,2208,6279521,109816594,17.5,17.65,17.2,17.5,-0.85,3005
2026-06-09,2208,3358502,59724141,17.8,17.95,17.55,17.75,0.25,1812
2026-06-10,2208,2655608,47635350,17.65,18.15,17.65,17.85,0.1,1193
2026-06-11,2208,3832739,67365551,17.85,17.85,17.4,17.65,-0.2,1697
2026-06-12,2208,2689758,48191847,17.75,18.05,17.7,17.9,0.25,1165
2026-06-15,2208,2100995,37805963,18.1,18.1,17.9,18.0,0.1,923
2026-06-16,2208,1881602,33590855,18.0,18.05,17.7,17.7,-0.3,1151
2026-06-17,2208,1661418,29691074,17.7,18.0,17.65,17.85,0.15,813
2026-06-18,2208,1821415,32402301,17.75,17.9,17.7,17.8,-0.05,1117
2026-06-22,2208,4429447,80181596,17.95,18.35,17.85,18.0,0.2,1837
2026-06-23,2208,4483345,79325208,18.15,18.15,17.55,17.55,-0.45,2014
2026-06-24,2208,2645588,46561656,17.55,17.95,17.35,17.7,0.15,1240
2026-06-25,2208,2339151,41282328,17.85,17.85,17.5,17.5,-0.2,1098
2026-06-26,2208,3875186,67023637,17.6,17.6,17.1,17.2,-0.3,2117
2026-06-29,2208,2599727,45895063,17.3,17.9,17.3,17.55,0.35,1125
2026-06-30,2208,14662514,275487408,17.8,19.3,17.65,19.3,1.75,4764
2026-07-01,2208,16966214,327386974,20.1,20.1,18.6,18.75,-0.55,7409
2026-07-02,2208,6152476,117003819,18.45,19.6,18.45,18.95,0.2,3128
2026-07-03,2208,19252042,393110729,19.55,20.8,19.4,20.8,1.85,6806
2026-07-06,2208,30046361,628944214,22.35,22.45,20.25,20.3,-0.5,14201
2026-07-07,2208,8969276,177810592,20.5,20.55,19.3,19.5,-0.8,5546
2026-07-08,2208,11954026,241857500,19.8,20.7,19.5,20.25,0.75,5420
2026-07-09,2208,5747506,115457030,20.0,20.7,19.7,19.75,-0.5,4087
2026-07-13,2208,25957921,546339384,20.0,21.7,19.9,21.7,1.95,10127
2026-07-14,2208,40511085,882055766,22.1,22.85,20.7,21.15,-0.55,20800
2026-07-15,2208,8621283,181977890,21.15,21.65,20.7,21.5,0.35,4547
2026-07-16,2208,6282336,132207493,21.15,21.5,20.7,20.75,-0.75,3425
2026-07-17,2208,9310761,188137891,20.35,21.0,19.9,19.9,-0.85,4541
2026-07-20,2208,8119090,166259795,19.9,21.1,19.8,20.15,0.25,4500
2026-07-21,2208,13532361,289811692,19.95,21.85,19.95,21.35,1.2,6857
2026-07-22,2208,10920880,225353692,21.0,21.7,20.05,20.1,-1.25,8774
2026-07-23,2208,5274666,104633082,20.1,20.3,19.55,19.75,-0.35,4091
2026-07-24,2208,4250700,84770737,19.6,20.3,19.6,19.85,0.1,2595
2026-07-27,2208,4332523,83923482,19.7,19.85,19.1,19.3,-0.55,3446
2026-07-28,2208,3781210,71843764,19.1,19.4,18.85,18.85,-0.45,2884
2026-07-29,2208,6102652,112436959,19.1,19.15,18.0,18.4,-0.45,4619
2026-07-30,2208,2927975,53535983,18.4,18.55,18.1,18.2,-0.2,2321
2026-07-31,2208,3117929,59348421,18.8,19.25,18.65,19.0,0.8,1638
2026-08-03,2208,2084397,39409044,19.0,19.1,18.8,18.85,-0.15,1342
2026-08-04,2208,2192245,41551488,18.6,19.25,18.6,19.0,0.15,1313
2026-08-05,2208,2602615,49931144,19.4,19.4,19.05,19.1,0.1,1432
2026-08-06,2208,1781289,33680718,19.05,19.15,18.8,18.9,-0.2,1247
2026-08-07,2208,1433818,27143823,19.05,19.1,18.85,18.85,-0.05,885
2026-08-10,2208,1544412,29404509,19.05,19.2,18.9,19.0,0.15,810
2026-08-11,2208,2400832,45854688,19.2,19.25,18.9,19.15,0.15,1249
2026-08-12,2208,1798774,34369006,19.15,19.25,19.05,19.05,-0.1,880
2026-08-13,2208,1585015,30304340,19.15,19.25,19.0,19.15,0.1,890
2026-08-14,2208,19145283,386068223,19.3,20.95,19.0,20.3,1.15,9014
2026-08-17,2208,7104943,139685234,20.3,20.3,19.4,19.55,-0.75,5070
2026-08-18,2208,3045989,59361030,19.5,19.85,19.25,19.4,-0.15,1818
2026-08-19,2208,3059574,58490866,19.4,19.45,19.0,19.05,-0.35,1338
2026-08-20,2208,2453720,47523496,19.15,19.6,19.15,19.25,0.2,1214
2026-08-21,2208,1493921,28766934,19.45,19.45,19.1,19.3,0.05,815
2026-08-24,2208,1722872,33254115,19.3,19.45,19.2,19.2,-0.1,786
2026-08-25,2208,1511866,28893889,19.2,19.2,19.05,19.1,-0.1,859
2026-08-26,2208,1803143,34699024,19.2,19.4,19.15,19.2,0.1,946
2026-08-27,2208,4670521,91665727,19.35,19.9,19.3,19.4,0.2,2163
2026-08-28,2208,5181542,99860664,19.75,19.95,19.1,19.2,-0.2,2402
2026-08-31,2208,1708388,32876674,19.35,19.4,19.15,19.3,0.1,854
2026-09-01,2208,1877174,36080869,19.25,19.4,19.1,19.15,-0.15,890
2026-09-02,2208,1857703,35475874,19.2,19.25,19.05,19.05,-0.1,857
2026-09-03,2208,2884242,54648957,19.1,19.2,18.8,18.85,-0.2,1432
2026-09-04,2208,2173173,40901124,18.9,19.05,18.75,18.8,-0.05,1127
2026-09-07,2208,1309960,24743212,19.1,19.1,18.8,18.8,0.0,782
2026-09-08,2208,991788,18690140,18.95,18.95,18.8,18.8,0.0,538
2026-09-09,2208,1384086,26078094,18.8,19.0,18.8,18.9,0.1,652
2026-09-10,2208,1591140,29825935,18.8,18.9,18.7,18.7,-0.2,729
2026-09-11,2208,4230791,80619128,19.05,19.25,18.9,19.1,0.4,1826
2026-09-14,2208,1964179,37464480,19.25,19.25,19.0,19.1,0.0,809
2026-09-15,2208,928659,17528575,19.0,19.05,18.75,18.75,-0.35,717
2026-09-16,2208,608633,11480333,18.8,19.0,18.8,18.85,0.1,406
2026-09-17,2208,1057680,20047154,19.0,19.0,18.9,19.0,0.15,501
2026-09-18,2208,1770149,33753842,19.05,19.15,19.0,19.15,0.15,721
2026-09-21,2208,1615611,30987911,19.2,19.3,19.0,19.2,0.05,746
2026-09-22,2208,2310286,44585573,19.4,19.4,19.2,19.25,0.05,886
2026-09-23,2208,4444705,87004886,19.3,19.7,19.3,19.6,0.35,1713
2026-09-24,2208,1566691,30302268,19.6,19.6,19.25,19.4,-0.2,903
