date,stock_id,Trading_Volume,Trading_money,open,max,min,close,spread,Trading_turnover
2016-09-29,2431,1708979,26901117,16.0,16.0,15.6,15.65,-0.2,758
2016-09-30,2431,3217600,51408409,15.5,16.35,15.5,15.85,0.2,1421
2016-10-03,2431,1713580,26826366,15.9,16.0,15.45,15.55,-0.3,724
2016-10-04,2431,1874506,28666690,15.6,15.65,15.15,15.15,-0.4,769
2016-10-05,2431,3727223,58672167,15.3,16.1,15.3,15.6,0.45,1592
2016-10-06,2431,963270,14962748,15.65,15.75,15.45,15.45,-0.15,438
2016-10-07,2431,917721,14171153,15.55,15.6,15.25,15.45,0.0,378
2016-10-11,2431,1933477,28160339,15.35,15.4,14.05,14.45,-1.0,855
2016-10-12,2431,888828,13101736,14.8,14.95,14.3,14.65,0.2,412
2016-10-13,2431,429000,6223397,14.45,14.65,14.4,14.55,-0.1,210
2016-10-14,2431,989665,13963287,14.55,14.55,13.8,14.0,-0.55,463
2016-10-17,2431,489010,6864040,14.2,14.2,13.7,14.15,0.15,260
2016-10-18,2431,407201,5707414,14.15,14.2,13.95,14.0,-0.15,216
2016-10-19,2431,717688,10251999,14.15,14.55,14.1,14.25,0.25,349
2016-10-20,2431,732501,10610514,14.4,14.75,14.25,14.45,0.2,334
2016-10-21,2431,496625,7094674,14.45,14.55,14.15,14.2,-0.25,270
2016-10-24,2431,242110,3461061,14.35,14.45,14.2,14.25,0.05,134
2016-10-25,2431,411302,5878423,14.25,14.45,14.2,14.2,-0.05,195
2016-10-26,2431,330469,4694334,14.15,14.3,14.1,14.2,0.0,169
2016-10-27,2431,339272,4831124,14.2,14.35,14.15,14.25,0.05,131
2016-10-28,2431,255005,3609520,14.15,14.25,14.1,14.15,-0.1,120
2016-10-31,2431,294978,4099343,14.15,14.15,13.8,13.95,-0.2,170
2016-11-01,2431,265825,3695329,14.0,14.0,13.85,13.9,-0.05,103
2016-11-02,2431,391040,5409343,14.0,14.15,13.6,13.65,-0.25,202
2016-11-03,2431,637076,8592318,13.7,13.7,13.3,13.4,-0.25,229
2016-11-04,2431,261399,3463616,13.3,13.4,13.05,13.2,-0.2,157
2016-11-07,2431,161160,2154625,13.2,13.45,13.2,13.35,0.15,99
2016-11-08,2431,161377,2148426,13.45,13.55,13.1,13.3,-0.05,91
2016-11-09,2431,1149352,14634334,13.1,13.5,12.15,12.55,-0.75,435
2016-11-10,2431,397866,5161070,13.0,13.1,12.8,13.05,0.5,202
2016-11-11,2431,340204,4346357,12.75,12.9,12.7,12.7,-0.35,156
2016-11-14,2431,383003,4831136,12.6,12.8,12.45,12.75,0.05,127
2016-11-15,2431,159003,2033236,12.7,12.85,12.7,12.8,0.05,99
2016-11-16,2431,383673,4934628,13.0,13.0,12.75,12.75,-0.05,172
2016-11-17,2431,175612,2236460,12.8,12.95,12.65,12.65,-0.1,86
2016-11-18,2431,715004,9023849,12.8,12.8,12.5,12.65,0.0,246
2016-11-21,2431,267367,3382640,12.65,12.7,12.6,12.7,0.05,135
2016-11-22,2431,771426,10029349,12.7,13.15,12.7,13.1,0.4,354
2016-11-23,2431,316000,4128200,13.3,13.3,12.9,12.9,-0.2,140
2016-11-24,2431,651876,8278024,12.95,12.95,12.55,12.6,-0.3,294
2016-11-25,2431,408712,5265010,12.65,13.0,12.65,12.9,0.3,216
2016-11-28,2431,525847,6807174,12.9,13.1,12.85,12.95,0.05,253
2016-11-29,2431,3644346,51514213,13.8,14.2,13.8,14.2,1.25,1241
2016-11-30,2431,5194598,74734180,14.7,14.75,13.7,13.7,-0.5,2131
2016-12-01,2431,869490,12057158,13.85,14.05,13.75,13.75,0.05,416
2016-12-02,2431,1554001,21913714,13.75,14.3,13.7,14.05,0.3,686
2016-12-05,2431,718012,10039768,14.05,14.15,13.85,13.95,-0.1,289
2016-12-06,2431,950000,13327250,14.1,14.2,13.85,13.95,0.0,362
2016-12-07,2431,1602000,22894850,14.05,14.5,14.0,14.2,0.25,628
2016-12-08,2431,892818,12718430,14.45,14.45,14.1,14.15,-0.05,386
2016-12-09,2431,514110,7250893,14.3,14.3,14.0,14.1,-0.05,248
2016-12-12,2431,355710,5031475,14.1,14.25,14.05,14.1,0.0,179
2016-12-13,2431,583304,8297416,14.1,14.45,14.05,14.2,0.1,267
2016-12-14,2431,428550,6097232,14.35,14.35,14.15,14.2,0.0,211
2016-12-15,2431,528190,7536616,14.2,14.4,14.15,14.35,0.15,234
2016-12-16,2431,2131690,31276868,14.45,14.9,14.35,14.7,0.35,891
2016-12-19,2431,1428196,20484359,14.75,14.75,13.9,14.7,0.0,579
2016-12-20,2431,1338554,19459212,14.7,14.8,14.35,14.65,-0.05,423
2016-12-21,2431,426160,6176403,14.6,14.65,14.35,14.5,-0.15,172
2016-12-22,2431,418602,5996577,14.4,14.6,14.2,14.4,-0.1,179
2016-12-23,2431,379110,5396000,14.45,14.5,14.1,14.15,-0.25,162
2016-12-26,2431,310217,4354657,14.05,14.25,14.0,14.0,-0.15,155
2016-12-27,2431,301235,4196752,14.05,14.1,13.85,13.9,-0.1,163
2016-12-28,2431,451009,6289676,13.9,14.05,13.9,13.9,0.0,197
2016-12-29,2431,404574,5593390,13.9,13.95,13.75,13.8,-0.1,184
2016-12-30,2431,449387,6290906,13.85,14.15,13.85,14.15,0.35,228
2017-01-03,2431,1551025,22319655,14.2,14.55,14.15,14.4,0.25,615
2017-01-04,2431,297329,4256770,14.4,14.4,14.25,14.25,-0.15,157
2017-01-05,2431,357965,5084303,14.35,14.35,14.15,14.15,-0.1,177
2017-01-06,2431,371006,5275784,14.2,14.3,14.15,14.2,0.05,152
2017-01-09,2431,684275,9742102,14.3,14.4,14.1,14.3,0.1,229
2017-01-10,2431,1551005,22362020,14.35,14.6,14.15,14.15,-0.15,571
2017-01-11,2431,824192,11516645,14.1,14.15,13.85,13.9,-0.25,343
2017-01-12,2431,293032,4092986,13.9,14.05,13.9,13.9,0.0,142
2017-01-13,2431,275837,3805499,13.75,13.9,13.75,13.8,-0.1,154
2017-01-16,2431,142073,1954528,13.8,13.8,13.7,13.7,-0.1,100
2017-01-17,2431,269039,3697307,13.8,13.8,13.7,13.7,0.0,152
2017-01-18,2431,255445,3546280,13.7,14.05,13.7,13.95,0.25,154
2017-01-19,2431,195045,2716663,13.95,14.05,13.85,13.9,-0.05,106
2017-01-20,2431,285007,3956542,13.9,14.0,13.8,13.8,-0.1,131
2017-01-23,2431,263017,3615323,13.9,13.9,13.7,13.7,-0.1,152
2017-01-24,2431,174005,2394515,13.75,13.8,13.7,13.8,0.1,102
2017-02-02,2431,241244,3339752,13.9,13.95,13.75,13.85,0.05,153
2017-02-03,2431,553249,7778542,13.95,14.15,13.9,14.15,0.3,258
2017-02-06,2431,7427819,112617935,14.35,15.55,14.35,15.55,1.4,2481
2017-02-07,2431,9897982,159004602,15.95,16.3,15.7,16.2,0.65,3991
2017-02-08,2431,3628864,58189628,16.3,16.35,15.85,16.05,-0.15,1458
2017-02-09,2431,9911036,162706851,16.05,17.2,15.7,15.7,-0.35,3738
2017-02-10,2431,3009761,48262076,16.4,16.4,15.7,16.1,0.4,1164
2017-02-13,2431,4906603,80410592,16.3,16.75,16.05,16.35,0.25,1841
2017-02-14,2431,2577950,41358784,16.4,16.5,15.85,15.9,-0.45,887
2017-02-15,2431,1205955,19137773,16.1,16.1,15.75,15.9,0.0,507
2017-02-16,2431,3067590,50065690,16.3,16.6,16.0,16.0,0.1,1264
2017-02-17,2431,1161321,18495243,16.1,16.15,15.8,15.95,-0.05,512
2017-02-18,2431,998768,16122261,16.0,16.25,16.0,16.15,0.2,419
2017-02-20,2431,2983713,48884807,16.2,16.55,16.05,16.2,0.05,1166
2017-02-21,2431,1247662,19890960,16.2,16.2,15.8,15.9,-0.3,537
2017-02-22,2431,1628461,26382155,16.0,16.35,16.0,16.3,0.4,670
2017-02-23,2431,1141528,18343369,16.4,16.4,15.95,15.95,-0.35,480
2017-02-24,2431,897044,14250974,15.9,16.1,15.75,15.75,-0.2,439
2017-03-01,2431,597605,9430552,15.7,15.95,15.65,15.65,-0.1,338
2017-03-02,2431,481016,7555290,15.75,15.85,15.65,15.75,0.1,246
2017-03-03,2431,1395119,22231766,15.75,16.1,15.6,15.9,0.15,503
2017-03-06,2431,657438,10317822,16.0,16.05,15.6,15.6,-0.3,394
2017-03-07,2431,488094,7620845,15.6,15.7,15.55,15.6,0.0,224
2017-03-08,2431,354417,5530952,15.6,15.65,15.55,15.55,-0.05,189
2017-03-09,2431,530119,8152156,15.55,15.6,15.3,15.3,-0.25,282
2017-03-10,2431,1100942,16426474,15.35,15.35,14.8,14.85,-0.45,479
2017-03-13,2431,339532,5104703,14.85,15.15,14.85,15.05,0.2,209
2017-03-14,2431,274232,4155300,15.15,15.25,15.1,15.15,0.1,159
2017-03-15,2431,1385637,21130418,15.15,15.45,14.9,15.4,0.25,559
2017-03-16,2431,477047,7280056,15.4,15.45,15.05,15.1,-0.3,272
2017-03-17,2431,410287,6209680,15.15,15.2,15.05,15.15,0.05,204
2017-03-20,2431,299102,4573499,15.15,15.45,15.15,15.3,0.15,186
2017-03-21,2431,325546,4975364,15.45,15.5,15.1,15.1,-0.2,184
2017-03-22,2431,408063,6153002,15.1,15.2,15.0,15.1,0.0,222
2017-03-23,2431,2059288,31785133,15.1,15.7,15.05,15.55,0.45,777
2017-03-24,2431,604306,9389140,15.55,15.65,15.4,15.4,-0.15,297
2017-03-27,2431,423830,6540436,15.55,15.6,15.15,15.15,-0.25,273
2017-03-28,2431,804498,11961603,15.3,15.45,14.55,14.95,-0.2,403
2017-03-29,2431,331070,4948500,14.95,15.05,14.85,14.95,0.0,207
2017-03-30,2431,305502,4569497,15.05,15.05,14.9,14.95,0.0,302
2017-03-31,2431,581069,8837985,15.0,15.4,15.0,15.15,0.2,336
2017-04-05,2431,434948,6687133,15.25,15.5,15.2,15.35,0.2,466
2017-04-06,2431,3237938,51163458,15.35,16.3,15.15,16.0,0.65,1096
2017-04-07,2431,1988755,31665230,16.15,16.2,15.65,15.95,-0.05,837
2017-04-10,2431,827594,13153299,16.0,16.15,15.75,15.85,-0.1,382
2017-04-11,2431,1604039,25331294,15.9,16.1,15.35,15.4,-0.45,576
2017-04-12,2431,518133,8092260,15.4,15.8,15.4,15.55,0.15,294
2017-04-13,2431,579545,8899601,15.5,15.65,15.2,15.2,-0.35,299
2017-04-14,2431,1061209,15692855,15.1,15.1,14.55,14.55,-0.65,470
2017-04-17,2431,440036,6435955,14.75,14.9,14.4,14.55,0.0,244
2017-04-18,2431,218238,3220822,14.7,14.8,14.7,14.8,0.25,163
2017-04-19,2431,241654,3533865,14.7,14.75,14.55,14.55,-0.25,173
2017-04-20,2431,232053,3374251,14.45,14.65,14.45,14.5,-0.05,154
2017-04-21,2431,264065,3865113,14.55,14.75,14.55,14.55,0.05,187
2017-04-24,2431,165339,2404524,14.6,14.65,14.5,14.5,-0.05,224
2017-04-25,2431,167330,2445739,14.7,14.7,14.5,14.7,0.2,378
2017-04-26,2431,422157,6261512,14.7,14.95,14.6,14.8,0.1,349
2017-04-27,2431,803001,12054416,14.8,15.3,14.7,15.0,0.2,353
2017-04-28,2431,8856148,143302218,15.2,16.5,15.2,15.85,0.85,2954
2017-05-02,2431,1730458,27025984,16.05,16.05,15.35,15.45,-0.4,738
2017-05-03,2431,830931,12845744,15.5,15.7,15.3,15.3,-0.15,399
2017-05-04,2431,1994608,31645887,15.4,16.05,15.4,15.8,0.5,869
2017-05-05,2431,596604,9400668,15.7,15.95,15.6,15.7,-0.1,299
2017-05-08,2431,481125,7517384,15.9,15.9,15.5,15.5,-0.2,213
2017-05-09,2431,1298251,19558125,15.5,15.6,14.7,14.8,-0.7,539
2017-05-10,2431,300442,4516822,14.8,15.15,14.8,15.15,0.35,188
2017-05-11,2431,573478,8526499,15.1,15.3,14.7,14.8,-0.35,285
2017-05-12,2431,363360,5432100,14.85,15.1,14.85,14.9,0.1,144
2017-05-15,2431,279164,4184591,15.1,15.2,14.8,14.8,-0.1,132
2017-05-16,2431,238055,3529116,15.0,15.0,14.75,14.85,0.05,113
2017-05-17,2431,620957,9232055,14.9,15.1,14.65,15.1,0.25,243
2017-05-18,2431,5969246,92692124,15.0,16.0,14.95,15.7,0.6,2154
2017-05-19,2431,950310,14697854,15.65,15.7,15.3,15.4,-0.3,452
2017-05-22,2431,1757140,27894445,15.5,16.2,15.45,15.75,0.35,775
2017-05-23,2431,1533177,24156760,15.75,16.05,15.5,15.5,-0.25,633
2017-05-24,2431,799794,12540822,15.5,15.8,15.5,15.75,0.25,346
2017-05-25,2431,603706,9457818,15.75,15.85,15.6,15.6,-0.15,270
2017-05-26,2431,849014,13268415,15.6,15.85,15.45,15.5,-0.1,322
2017-05-31,2431,524069,8071950,15.5,15.55,15.3,15.35,-0.15,211
2017-06-01,2431,323426,4967266,15.35,15.5,15.3,15.35,0.0,170
2017-06-02,2431,1688372,26654216,15.35,16.0,15.35,15.7,0.35,683
2017-06-03,2431,423287,6653638,15.75,15.85,15.65,15.65,-0.05,248
2017-06-05,2431,2583524,41322534,15.9,16.15,15.8,15.95,0.3,943
2017-06-06,2431,680552,10839092,16.0,16.05,15.8,15.9,-0.05,321
2017-06-07,2431,3208002,51980330,16.0,16.5,15.75,15.75,-0.15,1130
2017-06-08,2431,991422,15568710,15.85,15.9,15.5,15.6,-0.15,405
2017-06-09,2431,470385,7308675,15.7,15.75,15.45,15.45,-0.15,260
2017-06-12,2431,1157544,17888672,15.3,15.6,15.2,15.35,-0.1,321
2017-06-13,2431,1503050,23386726,15.4,15.7,15.3,15.45,0.1,394
2017-06-14,2431,776321,11835560,15.55,15.55,15.1,15.15,-0.3,340
2017-06-15,2431,371442,5640694,15.15,15.35,15.1,15.2,0.05,169
2017-06-16,2431,346005,5269425,15.2,15.35,15.15,15.2,0.0,155
2017-06-19,2431,290256,4444225,15.25,15.4,15.25,15.25,0.05,150
2017-06-20,2431,884179,13759237,15.35,15.8,15.35,15.35,0.1,401
2017-06-21,2431,260306,4004396,15.35,15.45,15.3,15.4,0.05,138
2017-06-22,2431,230119,3551031,15.5,15.5,15.35,15.45,0.05,126
2017-06-23,2431,272424,4204508,15.4,15.55,15.4,15.4,-0.05,105
2017-06-26,2431,477332,7307945,15.35,15.45,15.2,15.25,-0.15,232
2017-06-27,2431,337641,5175306,15.3,15.45,15.3,15.3,0.05,144
2017-06-28,2431,251302,3838423,15.25,15.4,15.2,15.2,-0.1,122
2017-06-29,2431,258984,3958905,15.3,15.4,15.2,15.3,0.1,123
2017-06-30,2431,317003,4833195,15.3,15.5,15.1,15.2,-0.1,126
2017-07-03,2431,160892,2458407,15.2,15.4,15.2,15.3,0.1,88
2017-07-04,2431,326235,4959498,15.25,15.35,15.1,15.15,-0.15,142
2017-07-05,2431,339266,5117790,15.2,15.2,15.0,15.05,-0.1,160
2017-07-06,2431,158163,2383103,15.1,15.15,15.0,15.05,0.0,80
2017-07-07,2431,400330,5971466,15.05,15.05,14.8,14.8,-0.25,198
2017-07-10,2431,422002,6273728,14.85,15.1,14.75,14.75,-0.05,162
2017-07-11,2431,341337,5032983,14.85,14.9,14.65,14.7,-0.05,185
2017-07-12,2431,137855,2037407,14.8,14.85,14.7,14.8,0.1,94
2017-07-13,2431,245653,3653293,14.85,15.0,14.75,14.9,0.1,105
2017-07-14,2431,162110,2425088,15.05,15.05,14.9,15.0,0.1,92
2017-07-17,2431,2330123,35544595,15.0,15.4,14.85,15.05,0.05,592
2017-07-18,2431,443463,6714095,15.1,15.3,15.05,15.05,0.0,191
2017-07-19,2431,413421,6224729,15.05,15.2,14.9,14.9,-0.15,179
2017-07-20,2431,238936,3598290,14.95,15.1,14.95,15.05,0.15,116
2017-07-21,2431,533999,7927930,15.15,15.15,14.75,14.8,-0.25,211
2017-07-24,2431,587644,8590986,14.8,14.9,14.5,14.6,-0.2,232
2017-07-25,2431,362174,5288263,14.55,14.7,14.5,14.65,0.05,149
2017-07-26,2431,289602,4270995,14.75,14.85,14.6,14.8,0.15,158
2017-07-27,2431,302346,4485840,14.9,14.95,14.75,14.8,0.0,133
2017-07-28,2431,331110,4944200,14.95,15.0,14.9,15.0,0.2,153
2017-07-31,2431,227002,3403730,15.05,15.1,14.9,14.9,-0.1,91
2017-08-01,2431,220586,3294529,14.9,15.05,14.9,14.9,0.0,109
2017-08-02,2431,230644,3455993,15.0,15.1,14.95,14.95,0.05,114
2017-08-03,2431,240610,3612250,15.05,15.1,14.95,14.95,0.0,129
2017-08-04,2431,126128,1887348,14.95,15.05,14.9,14.9,-0.05,72
2017-08-07,2431,1956733,29898226,14.9,15.45,14.9,15.25,0.35,570
2017-08-08,2431,596095,9092492,15.4,15.45,15.1,15.25,0.0,217
2017-08-09,2431,372849,5585649,15.15,15.15,14.9,14.9,-0.35,184
2017-08-10,2431,694396,10142069,15.0,15.0,14.5,14.5,-0.4,269
2017-08-11,2431,281093,4068541,14.5,14.65,14.3,14.5,0.0,129
2017-08-14,2431,383874,5472272,14.5,14.5,14.1,14.1,-0.4,166
2017-08-15,2431,269300,3826309,14.2,14.35,14.1,14.3,0.2,103
2017-08-16,2431,133621,1917722,14.3,14.45,14.3,14.35,0.05,87
2017-08-17,2431,210371,3044603,14.35,14.55,14.35,14.4,0.05,133
2017-08-18,2431,890677,13048325,14.5,14.85,14.45,14.6,0.2,375
2017-08-21,2431,2263620,32993573,14.0,14.85,14.0,14.8,0.0,940
2017-08-22,2431,2677379,40080211,15.2,15.2,14.7,14.7,-0.1,1021
2017-08-23,2431,668018,9800010,14.7,15.0,14.55,14.55,-0.15,294
2017-08-24,2431,576457,8461041,14.6,14.75,14.55,14.7,0.15,227
2017-08-25,2431,1165019,17389773,14.7,15.1,14.7,14.9,0.2,401
2017-08-28,2431,7179810,112663091,15.05,16.05,15.05,15.55,0.65,2677
2017-08-29,2431,8770939,143223612,16.0,16.7,16.0,16.2,0.65,3454
2017-08-30,2431,3356603,53699810,16.4,16.5,15.7,15.75,-0.45,1377
2017-08-31,2431,1798502,28584675,16.0,16.1,15.6,15.75,0.0,770
2017-09-01,2431,3040192,48401961,15.9,16.3,15.6,15.7,-0.05,1017
2017-09-04,2431,1384263,21830536,15.75,16.0,15.5,15.5,-0.2,585
2017-09-05,2431,777716,12090501,15.5,15.65,15.45,15.6,0.1,369
2017-09-06,2431,1837188,28915361,15.6,15.9,15.45,15.55,-0.05,704
2017-09-07,2431,735002,11367930,15.6,15.75,15.25,15.25,-0.3,348
2017-09-08,2431,710500,10893349,15.25,15.45,15.2,15.45,0.2,290
2017-09-11,2431,1800672,28059580,15.55,15.8,15.3,15.55,0.1,517
2017-09-12,2431,9701088,158877164,15.7,16.9,15.7,16.8,1.25,3307
2017-09-13,2431,22856656,404702350,17.3,18.2,17.2,17.55,0.75,8044
2017-09-14,2431,6399109,109997223,17.45,17.75,16.65,17.2,-0.35,2472
2017-09-15,2431,5718899,99103729,17.2,17.6,16.85,17.6,0.4,2105
2017-09-18,2431,18325798,338808456,17.6,19.25,17.3,18.8,1.2,6378
2017-09-19,2431,4345661,79926996,18.7,18.75,18.0,18.1,-0.7,1753
2017-09-20,2431,3288961,60363389,18.1,18.65,18.1,18.2,0.1,1464
2017-09-21,2431,6800931,128107783,18.2,19.1,18.2,18.95,0.75,2734
2017-09-22,2431,3010708,55558904,18.8,18.8,18.3,18.4,-0.55,1319
2017-09-25,2431,4548111,83776586,18.5,18.95,17.7,18.8,0.4,2103
2017-09-26,2431,3130816,56603218,18.5,18.65,17.5,17.55,-1.25,1381
2017-09-27,2431,1542244,27384266,17.8,17.95,17.45,17.7,0.15,711
2017-09-28,2431,9627143,179321614,18.0,19.1,18.0,18.35,0.65,3859
2017-09-29,2431,2594064,47593862,18.45,18.65,18.05,18.3,-0.05,1190
2017-09-30,2431,8117103,152831560,18.55,19.15,18.4,18.4,0.1,3187
2017-10-02,2431,4140888,77677157,18.5,19.05,18.5,18.65,0.25,1779
2017-10-03,2431,2615554,48490164,18.7,18.9,18.3,18.4,-0.25,1040
2017-10-05,2431,1607527,29638291,18.35,18.6,18.35,18.4,0.0,692
2017-10-06,2431,1680590,30402495,18.6,18.6,17.85,18.05,-0.35,846
2017-10-11,2431,4232406,71908045,17.65,17.65,16.4,16.5,-1.55,1973
2017-10-12,2431,2859131,48150610,16.6,17.15,16.4,17.0,0.5,1259
2017-10-13,2431,8451968,152125456,17.5,18.4,17.35,18.2,1.2,3794
2017-10-16,2431,3205153,58072949,18.2,18.3,17.8,18.05,-0.15,1433
2017-10-17,2431,2229002,40478986,18.25,18.6,17.8,17.8,-0.25,1026
2017-10-18,2431,1338715,23585473,17.8,18.0,17.4,17.45,-0.35,644
2017-10-19,2431,1004001,17629418,17.7,17.75,17.45,17.5,0.05,493
2017-10-20,2431,1319136,22905728,17.3,17.65,17.1,17.2,-0.3,605
2017-10-23,2431,766279,13152055,17.45,17.45,17.05,17.05,-0.15,391
2017-10-24,2431,606964,10379535,17.15,17.2,17.0,17.1,0.05,322
2017-10-25,2431,1074916,18319884,17.15,17.3,16.8,16.85,-0.25,504
2017-10-26,2431,1366784,23704112,17.0,17.55,16.95,17.4,0.55,667
2017-10-27,2431,1108140,18959994,17.55,17.7,16.8,16.8,-0.6,554
2017-10-30,2431,711010,11950213,17.0,17.2,16.6,16.8,0.0,399
2017-10-31,2431,630524,10608525,16.85,16.95,16.65,16.9,0.1,312
2017-11-01,2431,3018612,52479237,17.0,17.55,17.0,17.4,0.5,1127
2017-11-02,2431,790300,13655344,17.45,17.65,17.1,17.25,-0.15,411
2017-11-03,2431,1652367,28677630,17.4,17.55,17.0,17.3,0.05,798
2017-11-06,2431,4982506,89236409,17.55,18.3,17.2,18.0,0.7,2406
2017-11-07,2431,8917276,166265543,18.05,19.1,18.05,18.1,0.1,3761
2017-11-08,2431,2343309,41766066,18.15,18.35,17.55,17.75,-0.35,1184
2017-11-09,2431,2156096,37333340,18.0,18.0,16.9,17.05,-0.7,1029
2017-11-10,2431,784257,13351871,17.15,17.35,16.5,17.35,0.3,450
2017-11-13,2431,1299647,21767087,16.9,16.95,16.6,16.65,-0.7,587
2017-11-14,2431,786500,12989998,16.65,16.8,16.3,16.45,-0.2,423
2017-11-15,2431,485261,7949127,16.45,16.6,16.2,16.35,-0.1,280
2017-11-16,2431,333099,5499530,16.3,16.65,16.3,16.55,0.2,211
2017-11-17,2431,551773,9113235,16.7,16.8,16.35,16.35,-0.2,323
2017-11-20,2431,711877,11511282,16.55,16.55,16.05,16.05,-0.3,341
2017-11-21,2431,848003,13820998,16.1,16.5,16.05,16.5,0.45,397
2017-11-22,2431,6361278,111721659,17.05,18.15,16.75,16.8,0.3,2218
2017-11-23,2431,916980,15407809,16.6,17.0,16.6,17.0,0.2,424
2017-11-24,2431,695251,11913028,17.05,17.25,16.9,17.1,0.1,371
2017-11-27,2431,439202,7463072,17.25,17.3,16.85,16.85,-0.25,266
2017-11-28,2431,439388,7434514,17.0,17.15,16.8,16.85,0.0,224
2017-11-29,2431,693218,11706866,17.2,17.2,16.6,16.7,-0.15,310
2017-11-30,2431,1049506,17476248,16.7,16.95,16.4,16.45,-0.25,442
2017-12-01,2431,634281,10314972,16.55,16.65,16.05,16.15,-0.3,333
2017-12-04,2431,459294,7410044,16.1,16.25,16.0,16.15,0.0,241
2017-12-05,2431,892564,14117736,16.2,16.2,15.5,15.5,-0.65,479
2017-12-06,2431,562183,8684462,15.5,15.75,15.05,15.2,-0.3,302
2017-12-07,2431,370010,5649101,15.3,15.4,15.15,15.2,0.0,198
2017-12-08,2431,426230,6481379,15.25,15.4,15.0,15.4,0.2,195
2017-12-11,2431,431250,6687161,15.5,15.7,15.2,15.7,0.3,226
2017-12-12,2431,1243918,19691429,15.8,16.0,15.45,15.5,-0.2,388
2017-12-13,2431,648148,10290057,15.85,16.1,15.65,15.65,0.15,391
2017-12-14,2431,327075,5141131,15.65,15.9,15.6,15.6,-0.05,199
2017-12-15,2431,159005,2462726,15.7,15.7,15.45,15.45,-0.15,108
2017-12-18,2431,406003,6272198,15.55,15.55,15.3,15.45,0.0,154
2017-12-19,2431,256304,3990396,15.8,15.8,15.5,15.5,0.05,133
2017-12-20,2431,215001,3331566,15.5,15.55,15.45,15.55,0.05,108
2017-12-21,2431,926272,14700952,15.6,16.05,15.6,15.8,0.25,319
2017-12-22,2431,324077,5100046,15.9,15.9,15.6,15.65,-0.15,162
2017-12-25,2431,169013,2661202,15.75,15.85,15.7,15.75,0.1,97
2017-12-26,2431,329341,5081298,15.75,15.75,15.2,15.3,-0.45,194
2017-12-27,2431,281798,4315175,15.35,15.45,15.25,15.25,-0.05,150
2017-12-28,2431,172009,2650485,15.3,15.5,15.3,15.35,0.1,103
2017-12-29,2431,177055,2744049,15.35,15.6,15.35,15.55,0.2,102
2018-01-02,2431,185165,2871606,15.45,15.6,15.3,15.55,0.0,114
2018-01-03,2431,377003,5942301,15.65,15.95,15.65,15.8,0.25,221
2018-01-04,2431,422200,6686209,15.8,16.0,15.7,16.0,0.2,212
2018-01-05,2431,349187,5569860,16.0,16.15,15.8,15.8,-0.2,169
2018-01-08,2431,984299,15710384,15.85,16.2,15.6,15.75,-0.05,318
2018-01-09,2431,206626,3248793,15.85,15.85,15.65,15.7,-0.05,116
2018-01-10,2431,348020,5366509,15.7,15.7,15.3,15.4,-0.3,187
2018-01-11,2431,329851,5024284,15.3,15.3,15.15,15.15,-0.25,170
2018-01-12,2431,258515,3959302,15.2,15.4,15.2,15.25,0.1,139
2018-01-15,2431,230000,3550600,15.5,15.55,15.35,15.35,0.1,116
2018-01-16,2431,145204,2236699,15.5,15.55,15.35,15.45,0.1,86
2018-01-17,2431,169166,2605159,15.45,15.45,15.35,15.45,0.0,104
2018-01-18,2431,961775,15028081,15.45,15.85,15.35,15.45,0.0,309
2018-01-19,2431,361866,5607883,15.5,15.7,15.4,15.5,0.05,182
2018-01-22,2431,593005,9233625,15.5,15.7,15.3,15.4,-0.1,205
2018-01-23,2431,288510,4450649,15.6,15.6,15.3,15.35,-0.05,136
2018-01-24,2431,245477,3745984,15.4,15.4,15.2,15.25,-0.1,176
2018-01-25,2431,259324,3949074,15.3,15.4,15.15,15.15,-0.1,146
2018-01-26,2431,179304,2711610,15.2,15.2,15.05,15.1,-0.05,119
2018-01-29,2431,322309,4861135,15.15,15.2,15.0,15.05,-0.05,167
2018-01-30,2431,327577,4913554,15.15,15.15,14.85,14.85,-0.2,178
2018-01-31,2431,341005,5023420,14.8,14.8,14.7,14.75,-0.1,160
2018-02-01,2431,163003,2418242,14.85,14.9,14.75,14.8,0.05,86
2018-02-02,2431,255011,3731906,14.7,14.8,14.5,14.6,-0.2,136
2018-02-05,2431,311089,4433064,14.5,14.5,14.1,14.25,-0.35,168
2018-02-06,2431,1239023,16215738,14.0,14.0,12.85,12.85,-1.4,513
2018-02-07,2431,669307,8619723,13.15,13.15,12.6,12.7,-0.15,316
2018-02-08,2431,266362,3398863,12.75,12.9,12.65,12.8,0.1,132
2018-02-09,2431,1164003,13637139,11.55,12.05,11.55,11.9,-0.9,486
2018-02-12,2431,475124,5725899,12.2,12.3,11.9,12.2,0.3,266
2018-02-21,2431,447133,5703632,12.45,12.95,12.3,12.85,0.65,237
2018-02-22,2431,270115,3518161,13.0,13.15,12.85,13.1,0.25,166
2018-02-23,2431,200714,2651172,13.1,13.35,13.1,13.1,0.0,147
2018-02-26,2431,2998303,42321012,13.35,14.4,13.3,14.4,1.3,1064
2018-02-27,2431,3449521,51410133,15.15,15.3,14.4,14.6,0.2,1655
2018-03-01,2431,1996181,28905370,14.05,14.8,14.05,14.55,-0.05,669
2018-03-02,2431,640027,9196778,14.4,14.6,14.25,14.3,-0.25,318
2018-03-05,2431,10198181,156412515,14.5,15.7,14.35,14.9,0.6,2937
2018-03-06,2431,1493065,22219646,15.0,15.2,14.65,14.8,-0.1,733
2018-03-07,2431,732385,10934529,14.75,15.2,14.75,14.8,0.0,354
2018-03-08,2431,2050515,31040037,15.0,15.3,14.8,14.9,0.1,693
2018-03-09,2431,685347,10224714,14.95,15.2,14.8,14.85,-0.05,262
2018-03-12,2431,6580359,102308464,14.95,15.8,14.9,15.4,0.55,1470
2018-03-13,2431,988885,15157741,15.2,15.5,15.15,15.4,0.0,561
2018-03-14,2431,524144,8033541,15.4,15.5,15.25,15.3,-0.1,221
2018-03-15,2431,1552550,24203100,15.4,15.7,15.4,15.45,0.15,513
2018-03-16,2431,619250,9596016,15.65,15.7,15.4,15.4,-0.05,266
2018-03-19,2431,384100,5871551,15.4,15.55,15.2,15.2,-0.2,249
2018-03-20,2431,872026,13173790,15.1,15.2,15.05,15.05,-0.15,169
2018-03-21,2431,344540,5195800,15.2,15.2,15.0,15.05,0.0,181
2018-03-22,2431,453195,6826275,15.0,15.2,15.0,15.05,0.0,192
2018-03-23,2431,733065,11004925,15.05,15.1,14.85,15.1,0.05,280
2018-03-26,2431,904502,13796094,15.1,15.35,15.05,15.2,0.1,373
2018-03-27,2431,1715123,26510474,15.4,15.6,15.15,15.4,0.2,518
2018-03-28,2431,748202,11534245,15.4,15.65,15.15,15.15,-0.25,416
2018-03-29,2431,223256,3377663,15.1,15.3,15.05,15.1,-0.05,131
2018-03-30,2431,292014,4408360,15.25,15.25,15.0,15.15,0.05,171
2018-03-31,2431,153319,2299179,15.1,15.1,14.95,15.0,-0.15,112
2018-04-02,2431,557380,8187564,15.0,15.0,14.5,14.55,-0.45,369
2018-04-03,2431,146528,2108694,14.55,14.55,14.25,14.45,-0.1,130
2018-04-09,2431,220139,3181024,14.85,14.85,14.35,14.4,-0.05,163
2018-04-10,2431,343452,4932543,14.4,14.4,14.2,14.4,0.0,206
2018-04-11,2431,276933,3953826,14.4,14.45,14.15,14.15,-0.25,192
2018-04-12,2431,267577,3815198,14.35,14.45,14.15,14.35,0.2,149
2018-04-13,2431,222649,3187632,14.5,14.55,14.2,14.2,-0.15,124
2018-04-16,2431,390330,5499035,14.2,14.25,13.9,13.95,-0.25,191
2018-04-17,2431,262774,3587411,13.95,13.95,13.45,13.45,-0.5,178
2018-04-18,2431,202000,2724650,13.6,13.8,13.3,13.4,-0.05,142
2018-04-19,2431,331750,4615432,13.65,14.15,13.6,13.9,0.5,216
2018-04-20,2431,125644,1730390,13.9,13.95,13.6,13.7,-0.2,68
2018-04-23,2431,167301,2263333,13.7,13.7,13.4,13.4,-0.3,98
2018-04-24,2431,467120,6017811,13.6,13.6,12.7,12.7,-0.7,210
2018-04-25,2431,213004,2716598,12.7,12.85,12.4,12.85,0.15,107
2018-04-26,2431,249030,3243686,12.9,13.2,12.9,13.0,0.15,136
2018-04-27,2431,201158,2644554,13.05,13.35,13.0,13.1,0.1,90
2018-04-30,2431,150689,1978974,13.1,13.25,13.0,13.25,0.15,79
2018-05-02,2431,33081,437717,13.3,13.3,13.2,13.2,-0.05,28
2018-05-03,2431,70001,915713,13.15,13.25,13.0,13.05,-0.15,50
2018-05-04,2431,166440,2168403,13.0,13.2,12.9,12.9,-0.15,92
2018-05-07,2431,218001,2914463,13.5,13.5,13.25,13.25,0.35,136
2018-05-08,2431,176056,2364202,13.5,13.5,13.25,13.5,0.25,110
2018-05-09,2431,120128,1601551,13.5,13.5,13.25,13.25,-0.25,85
2018-05-10,2431,348481,4582898,13.1,13.35,13.0,13.2,-0.05,174
2018-05-11,2431,166012,2200406,13.4,13.4,13.1,13.1,-0.1,94
2018-05-14,2431,353183,4686497,13.15,13.5,13.05,13.2,0.1,133
2018-05-15,2431,213354,2835320,13.2,13.45,13.1,13.35,0.15,123
2018-05-16,2431,236342,3136046,13.35,13.55,13.1,13.1,-0.25,139
2018-05-17,2431,286730,3816557,13.2,13.5,13.1,13.4,0.3,186
2018-05-18,2431,221000,2969900,13.3,13.55,13.3,13.45,0.05,129
2018-05-21,2431,256067,3493003,13.55,13.8,13.55,13.6,0.15,144
2018-05-22,2431,299106,4095331,13.7,13.85,13.6,13.6,0.0,166
2018-05-23,2431,837107,11798936,13.6,14.45,13.6,14.0,0.4,463
2018-05-24,2431,212578,2962074,14.1,14.1,13.85,13.9,-0.1,124
2018-05-25,2431,187478,2625438,13.85,14.1,13.85,14.0,0.1,83
2018-05-28,2431,927097,13248641,14.1,14.6,13.95,14.35,0.35,294
2018-05-29,2431,294733,4205470,14.35,14.45,14.15,14.2,-0.15,144
2018-05-30,2431,276004,3859752,14.15,14.2,13.85,13.95,-0.25,130
2018-05-31,2431,182787,2566037,14.0,14.15,13.95,14.0,0.05,111
2018-06-01,2431,551500,7932923,14.2,14.6,14.15,14.35,0.35,229
2018-06-04,2431,343368,4961998,14.6,14.6,14.3,14.45,0.1,128
2018-06-05,2431,788310,11499662,14.45,14.8,14.3,14.5,0.05,243
2018-06-06,2431,175000,2513800,14.5,14.5,14.25,14.25,-0.25,96
2018-06-07,2431,251369,3604326,14.3,14.5,14.2,14.4,0.15,128
2018-06-08,2431,157305,2244865,14.4,14.4,14.15,14.15,-0.25,86
2018-06-11,2431,675398,9559500,14.05,14.3,13.95,13.95,-0.2,210
2018-06-12,2431,183018,2545499,14.0,14.05,13.85,13.9,-0.05,104
2018-06-13,2431,1056130,14930370,13.9,14.3,13.75,14.05,0.15,378
2018-06-14,2431,262381,3684934,13.95,14.2,13.95,14.0,-0.05,102
2018-06-15,2431,1432533,20712770,14.1,14.6,14.05,14.35,0.35,378
2018-06-19,2431,375003,5350392,14.45,14.45,14.05,14.05,-0.3,158
2018-06-20,2431,233001,3274014,14.05,14.15,13.9,14.1,0.05,124
2018-06-21,2431,96390,1361748,14.3,14.3,14.05,14.15,0.05,58
2018-06-22,2431,145000,2032700,14.0,14.25,13.9,14.05,-0.1,72
2018-06-25,2431,162502,2281428,13.95,14.1,13.95,14.05,0.0,55
2018-06-26,2431,111908,1559378,14.0,14.0,13.85,13.9,-0.15,79
2018-06-27,2431,180011,2513402,13.9,14.05,13.85,13.9,0.0,83
2018-06-28,2431,636048,8934422,13.9,14.25,13.8,14.1,0.2,187
2018-06-29,2431,191502,2699552,14.15,14.15,14.05,14.05,-0.05,106
2018-07-02,2431,266758,3694556,14.2,14.25,13.3,13.5,-0.55,153
2018-07-03,2431,347110,4620690,13.7,13.8,13.0,13.15,-0.35,157
2018-07-04,2431,124001,1606862,13.05,13.15,12.8,12.9,-0.25,80
2018-07-05,2431,109046,1424086,12.9,13.3,12.9,12.9,0.0,62
2018-07-06,2431,252201,3207692,13.1,13.1,12.55,12.7,-0.2,119
2018-07-09,2431,116388,1506865,12.75,13.1,12.75,12.9,0.2,56
2018-07-10,2431,72593,949559,12.95,13.2,12.95,13.05,0.15,51
2018-07-11,2431,92490,1198168,13.0,13.05,12.85,13.0,-0.05,71
2018-07-12,2431,91666,1181339,12.85,13.0,12.8,12.95,-0.05,60
2018-07-13,2431,305837,4048412,13.0,13.4,13.0,13.25,0.3,156
2018-07-16,2431,1272001,17116763,13.25,13.6,13.05,13.5,0.25,264
2018-07-17,2431,208274,2820625,13.6,13.6,13.5,13.55,0.05,105
2018-07-18,2431,225781,3043175,13.7,13.7,13.4,13.4,-0.15,105
2018-07-19,2431,102220,1373947,13.45,13.6,13.4,13.4,0.0,46
2018-07-20,2431,98526,1306844,13.35,13.35,13.15,13.15,-0.25,46
2018-07-23,2431,76934,1014938,13.5,13.5,13.1,13.1,-0.05,49
2018-07-24,2431,58431,763295,13.1,13.2,12.95,13.05,-0.05,44
2018-07-25,2431,176455,2292469,13.0,13.2,12.9,13.0,-0.05,93
2018-07-26,2431,248005,3208365,12.85,13.05,12.85,12.9,-0.1,118
2018-07-27,2431,643433,8344483,13.0,13.1,12.9,12.95,0.05,177
2018-07-30,2431,247096,3157974,12.95,12.95,12.7,12.75,-0.2,124
2018-07-31,2431,209200,2653399,12.75,12.75,12.6,12.7,-0.05,97
2018-08-01,2431,138001,1763712,12.75,12.95,12.7,12.75,0.05,74
2018-08-02,2431,247000,3131250,12.9,12.9,12.5,12.55,-0.2,132
2018-08-03,2431,127715,1615708,12.55,12.7,12.55,12.7,0.15,70
2018-08-06,2431,74279,940755,12.7,12.75,12.6,12.65,-0.05,47
2018-08-07,2431,293000,3663000,12.45,12.55,12.45,12.55,-0.1,139
2018-08-08,2431,119187,1483650,12.45,12.6,12.35,12.35,-0.2,75
2018-08-09,2431,215001,2668812,12.5,12.6,12.25,12.35,0.0,96
2018-08-10,2431,155005,1917660,12.4,12.45,12.3,12.35,0.0,74
2018-08-13,2431,767967,8812370,12.2,12.25,11.15,11.35,-1.0,381
2018-08-14,2431,1187110,12535488,11.35,11.5,10.25,10.35,-1.0,550
2018-08-15,2431,804999,8144539,10.55,10.55,9.85,10.2,-0.15,374
2018-08-16,2431,279003,2838760,10.0,10.35,9.96,10.3,0.1,149
2018-08-17,2431,194320,1992776,10.35,10.4,10.2,10.3,0.0,106
2018-08-20,2431,438183,4413790,10.3,10.3,9.96,10.1,-0.2,170
2018-08-21,2431,166000,1680398,10.05,10.2,10.05,10.15,0.05,107
2018-08-22,2431,228205,2320750,10.2,10.3,10.05,10.05,-0.1,103
2018-08-23,2431,182268,1851406,10.1,10.25,10.1,10.2,0.15,104
2018-08-24,2431,97163,990646,10.2,10.25,10.15,10.2,0.0,54
2018-08-27,2431,829770,8645780,10.2,10.6,10.2,10.4,0.2,261
2018-08-28,2431,266005,2759700,10.5,10.55,10.2,10.35,-0.05,131
2018-08-29,2431,125000,1298150,10.35,10.45,10.35,10.4,0.05,80
2018-08-30,2431,201100,2106860,10.45,10.55,10.35,10.5,0.1,108
2018-08-31,2431,87001,915210,10.4,10.6,10.4,10.6,0.1,55
2018-09-03,2431,81461,853097,10.5,10.6,10.4,10.4,-0.2,54
2018-09-04,2431,1192166,13240092,10.4,11.4,10.4,11.4,1.0,528
2018-09-05,2431,1885695,21837682,11.4,11.8,11.25,11.25,-0.15,866
2018-09-06,2431,477024,5352766,11.2,11.4,11.05,11.2,-0.05,203
2018-09-07,2431,632459,6875369,11.2,11.3,10.4,10.5,-0.7,267
2018-09-10,2431,491146,4972224,10.5,10.6,9.99,10.0,-0.5,217
2018-09-11,2431,200268,2034408,10.0,10.25,10.0,10.2,0.2,107
2018-09-12,2431,245025,2466763,10.25,10.25,9.99,10.05,-0.15,126
2018-09-13,2431,206883,2112305,10.15,10.3,10.05,10.25,0.2,88
2018-09-14,2431,523000,5415100,10.3,10.4,10.15,10.35,0.1,152
2018-09-17,2431,53152,547449,10.35,10.35,10.2,10.25,-0.1,44
2018-09-18,2431,406698,4263164,10.15,10.8,10.15,10.75,0.5,238
2018-09-19,2431,217094,2320184,10.9,10.9,10.55,10.55,-0.2,152
2018-09-20,2431,170774,1769193,10.6,10.6,10.25,10.25,-0.3,93
2018-09-21,2431,94001,975260,10.35,10.45,10.3,10.4,0.15,53
2018-09-25,2431,85003,885280,10.4,10.55,10.35,10.35,-0.05,60
2018-09-26,2431,619380,6525839,10.35,10.7,10.25,10.55,0.2,317
2018-09-27,2431,253113,2677347,10.45,10.7,10.45,10.5,-0.05,121
2018-09-28,2431,119000,1243750,10.5,10.6,10.35,10.4,-0.1,59
2018-10-01,2431,160385,1653532,10.3,10.45,10.2,10.25,-0.15,110
2018-10-02,2431,97110,996427,10.3,10.35,10.2,10.3,0.05,58
2018-10-03,2431,170039,1727797,10.3,10.3,10.1,10.2,-0.1,87
2018-10-04,2431,225003,2260483,10.2,10.2,10.0,10.0,-0.2,112
2018-10-05,2431,274030,2689880,10.0,10.0,9.62,9.66,-0.34,171
2018-10-08,2431,218027,2094584,9.6,9.78,9.5,9.63,-0.03,104
2018-10-09,2431,274000,2575550,9.66,9.67,9.31,9.33,-0.3,120
2018-10-11,2431,880501,7418316,8.61,8.61,8.4,8.4,-0.93,281
2018-10-12,2431,333001,2746999,8.1,8.46,8.09,8.36,-0.04,193
2018-10-15,2431,305228,2639675,8.56,8.86,8.46,8.86,0.5,128
2018-10-16,2431,126012,1107945,8.71,8.9,8.7,8.74,-0.12,70
2018-10-17,2431,245146,2182761,9.18,9.19,8.7,8.7,-0.04,135
2018-10-18,2431,29000,254440,8.8,8.83,8.72,8.75,0.05,19
2018-10-19,2431,140000,1192490,8.51,8.58,8.45,8.56,-0.19,78
2018-10-22,2431,130093,1141819,8.63,8.94,8.63,8.84,0.28,70
2018-10-23,2431,55877,482770,8.64,8.66,8.62,8.63,-0.21,42
2018-10-24,2431,120026,1034840,8.53,8.69,8.51,8.64,0.01,61
2018-10-25,2431,280000,2370210,8.55,8.55,8.15,8.15,-0.49,70
2018-10-26,2431,258000,2107930,8.25,8.35,8.03,8.04,-0.11,105
2018-10-29,2431,130195,1045840,8.06,8.14,8.0,8.0,-0.04,62
2018-10-30,2431,124400,1002896,8.03,8.16,7.98,8.07,0.07,76
2018-10-31,2431,135000,1106640,8.08,8.24,8.08,8.15,0.08,72
2018-11-01,2431,157000,1303500,8.18,8.36,8.18,8.28,0.13,75
2018-11-02,2431,122000,1028000,8.29,8.55,8.29,8.38,0.1,78
2018-11-05,2431,50409,417906,8.28,8.38,8.2,8.31,-0.07,44
2018-11-06,2431,64001,540908,8.33,8.6,8.33,8.35,0.04,44
2018-11-07,2431,70002,599878,8.79,8.79,8.48,8.57,0.22,52
2018-11-08,2431,98004,847146,8.65,8.72,8.61,8.61,0.04,69
2018-11-09,2431,38001,325158,8.58,8.63,8.44,8.5,-0.11,27
2018-11-12,2431,81002,682788,8.36,8.53,8.36,8.37,-0.13,54
2018-11-13,2431,46797,385373,8.25,8.3,8.2,8.25,-0.12,40
2018-11-14,2431,65010,542864,8.25,8.5,8.25,8.3,0.05,45
2018-11-15,2431,40001,333408,8.33,8.35,8.31,8.33,0.03,25
2018-11-16,2431,149003,1264084,8.36,8.55,8.36,8.48,0.15,73
2018-11-19,2431,117000,1007390,8.48,8.67,8.48,8.65,0.17,74
2018-11-20,2431,40000,345270,8.6,8.69,8.59,8.68,0.03,25
2018-11-21,2431,72459,629560,8.65,8.74,8.53,8.74,0.06,55
2018-11-22,2431,273339,2397198,8.5,8.96,8.5,8.7,-0.04,122
2018-11-23,2431,113000,978520,8.7,8.77,8.58,8.72,0.02,65
2018-11-26,2431,575016,5111290,8.7,9.0,8.7,8.81,0.09,154
2018-11-27,2431,236201,2128779,8.81,9.24,8.8,9.0,0.19,120
2018-11-28,2431,201370,1839502,9.18,9.24,9.0,9.22,0.22,112
2018-11-29,2431,288090,2700935,9.26,9.49,9.26,9.42,0.2,135
2018-11-30,2431,195255,1874798,9.5,9.67,9.44,9.67,0.25,104
2018-12-03,2431,201005,1974865,9.71,9.94,9.71,9.78,0.11,109
2018-12-04,2431,131759,1278715,9.82,9.86,9.62,9.7,-0.08,99
2018-12-05,2431,88627,839625,9.42,9.58,9.36,9.42,-0.28,54
2018-12-06,2431,112012,1046028,9.4,9.5,9.05,9.05,-0.37,70
2018-12-07,2431,83316,766292,9.28,9.29,9.11,9.12,0.07,54
2018-12-10,2431,117002,1052257,8.97,9.16,8.94,9.0,-0.12,58
2018-12-11,2431,77001,701739,9.34,9.34,9.03,9.09,0.09,45
2018-12-12,2431,71030,653436,9.1,9.24,9.1,9.24,0.15,47
2018-12-13,2431,39001,360609,9.3,9.3,9.2,9.23,-0.01,29
2018-12-14,2431,54009,499133,9.45,9.45,9.18,9.24,0.01,40
2018-12-17,2431,81024,753899,9.24,9.36,9.24,9.27,0.03,58
2018-12-18,2431,95874,876466,9.16,9.24,9.1,9.1,-0.17,61
2018-12-19,2431,65553,597267,9.24,9.24,9.09,9.11,0.01,42
2018-12-20,2431,58001,517989,9.11,9.11,8.82,8.93,-0.18,30
2018-12-21,2431,65002,580418,8.85,9.2,8.85,8.94,0.01,29
2018-12-22,2431,16009,142111,8.82,9.0,8.82,8.93,-0.01,16
2018-12-24,2431,32000,289280,8.93,9.1,8.93,9.0,0.07,16
2018-12-25,2431,37593,331395,8.83,8.9,8.75,8.88,-0.12,30
2018-12-26,2431,70003,626854,8.88,9.05,8.82,8.82,-0.06,40
2018-12-27,2431,41373,369062,9.0,9.0,8.84,8.85,0.03,25
2018-12-28,2431,23014,205118,8.86,8.96,8.86,8.9,0.05,19
2019-01-02,2431,67007,595936,8.9,8.98,8.83,8.88,-0.02,34
2019-01-03,2431,35478,312743,8.88,8.88,8.8,8.81,-0.07,21
2019-01-04,2431,62002,536136,8.81,8.81,8.52,8.63,-0.18,46
2019-01-07,2431,42287,369325,8.79,8.79,8.66,8.74,0.11,27
2019-01-08,2431,54000,473040,8.95,8.95,8.73,8.73,-0.01,36
2019-01-09,2431,27005,237802,8.77,8.87,8.77,8.85,0.12,17
2019-01-10,2431,110004,971492,8.85,8.91,8.75,8.83,-0.02,49
2019-01-11,2431,64490,566382,8.8,8.88,8.72,8.79,-0.04,46
2019-01-14,2431,81209,712332,8.8,8.81,8.7,8.7,-0.09,41
2019-01-15,2431,52121,458979,8.72,8.87,8.72,8.76,0.06,34
2019-01-16,2431,130329,1151064,8.8,8.95,8.75,8.8,0.04,66
2019-01-17,2431,94225,834529,8.82,8.9,8.81,8.82,0.02,53
2019-01-18,2431,75815,667776,8.72,8.99,8.72,8.85,0.03,57
2019-01-21,2431,718458,6640261,9.03,9.4,9.0,9.28,0.43,309
2019-01-22,2431,177038,1623108,9.38,9.38,9.03,9.05,-0.23,107
2019-01-23,2431,126616,1137163,9.0,9.12,8.95,8.95,-0.1,76
2019-01-24,2431,51024,456366,8.95,9.01,8.92,8.92,-0.03,47
2019-01-25,2431,70002,629216,9.09,9.09,8.95,8.95,0.03,56
2019-01-28,2431,781018,7103102,8.98,9.15,8.98,9.07,0.12,159
2019-01-29,2431,135012,1220558,9.05,9.11,8.98,9.0,-0.07,50
2019-01-30,2431,47325,425833,9.0,9.05,8.97,8.97,-0.03,34
2019-02-11,2431,35021,314459,8.94,9.09,8.94,9.0,0.03,44
2019-02-12,2431,115323,1038337,8.98,9.06,8.9,9.06,0.06,56
2019-02-13,2431,762563,6972885,9.08,9.3,9.06,9.16,0.1,194
2019-02-14,2431,254319,2328951,9.06,9.22,9.06,9.2,0.04,105
2019-02-15,2431,608406,5771494,9.76,9.78,9.3,9.35,0.15,287
2019-02-18,2431,719307,6859527,9.48,9.66,9.46,9.53,0.18,254
2019-02-19,2431,318501,3019829,9.52,9.59,9.4,9.47,-0.06,111
2019-02-20,2431,1379018,13317678,9.47,9.8,9.46,9.64,0.17,307
2019-02-21,2431,548006,5355404,9.7,9.85,9.65,9.81,0.17,234
2019-02-22,2431,1866047,19805731,9.86,10.75,9.86,10.75,0.94,787
2019-02-25,2431,2150116,25355764,11.8,11.8,11.6,11.8,1.05,632
2019-02-26,2431,3327625,39536602,12.1,12.35,11.6,11.7,-0.1,1449
2019-02-27,2431,1184752,13746758,11.85,11.85,11.35,11.8,0.1,548
2019-03-04,2431,751023,8716003,11.9,11.9,11.3,11.55,-0.25,423
2019-03-05,2431,1558203,18450675,11.55,12.1,11.5,11.55,0.0,702
2019-03-06,2431,470180,5381393,11.5,11.7,11.25,11.45,-0.1,298
2019-03-07,2431,533273,5973653,11.45,11.45,11.0,11.05,-0.4,268
2019-03-08,2431,4437000,53027500,11.45,12.15,11.4,12.15,1.1,1713
2019-03-11,2431,7504188,96490656,12.25,13.35,12.05,13.3,1.15,3127
2019-03-12,2431,2774952,35909126,13.05,13.15,12.7,13.1,-0.2,1277
2019-03-13,2431,2661382,35619246,13.05,13.85,12.85,13.6,0.5,1251
2019-03-14,2431,2259372,29807538,13.85,13.85,12.8,12.8,-0.8,1087
2019-03-15,2431,872257,11146657,12.75,12.95,12.55,12.8,0.0,449
2019-03-18,2431,564492,7116739,12.7,12.8,12.55,12.65,-0.15,318
2019-03-19,2431,1155822,14768685,12.75,12.9,12.6,12.6,-0.05,497
2019-03-20,2431,681517,8524604,12.8,12.8,12.25,12.65,0.05,358
2019-03-21,2431,509083,6461141,12.8,12.8,12.5,12.55,-0.1,280
2019-03-22,2431,1612644,20561011,12.75,13.0,12.5,12.5,-0.05,625
2019-03-25,2431,883418,10537181,12.15,12.2,11.75,11.75,-0.75,584
2019-03-26,2431,318703,3783413,11.75,12.0,11.75,11.8,0.05,229
2019-03-27,2431,472060,5609696,11.85,12.0,11.75,11.9,0.1,225
2019-03-28,2431,996187,11717783,11.9,12.0,11.5,11.5,-0.4,403
2019-03-29,2431,409358,4656936,11.5,11.6,11.25,11.4,-0.1,254
2019-04-01,2431,949510,10592310,11.45,11.55,11.0,11.0,-0.4,461
2019-04-02,2431,918731,10176441,11.0,11.25,11.0,11.0,0.0,398
2019-04-03,2431,1368305,15927791,11.1,12.05,11.05,11.75,0.75,809
2019-04-08,2431,734608,8694861,12.05,12.05,11.7,11.8,0.05,440
2019-04-09,2431,454055,5295423,11.9,11.9,11.6,11.65,-0.15,216
2019-04-10,2431,334222,3860040,11.5,11.7,11.45,11.6,-0.05,223
2019-04-11,2431,357076,4132010,11.7,11.8,11.4,11.4,-0.2,201
2019-04-12,2431,203016,2310279,11.4,11.45,11.3,11.35,-0.05,97
2019-04-15,2431,320645,3681315,11.4,11.65,11.3,11.55,0.2,164
2019-04-16,2431,1226786,14549817,11.6,12.0,11.6,11.9,0.35,449
2019-04-17,2431,700119,8300428,12.05,12.1,11.65,11.65,-0.25,327
2019-04-18,2431,383187,4429826,11.65,11.8,11.35,11.5,-0.15,207
2019-04-19,2431,155007,1780027,11.5,11.55,11.4,11.45,-0.05,97
2019-04-22,2431,463011,5268972,11.5,11.55,11.25,11.35,-0.1,201
2019-04-23,2431,1150857,13380124,11.5,11.8,11.35,11.75,0.4,391
2019-04-24,2431,638000,7447150,11.75,11.8,11.5,11.5,-0.25,294
2019-04-25,2431,282601,3287961,11.6,11.75,11.5,11.5,0.0,166
2019-04-26,2431,199001,2259061,11.5,11.5,11.3,11.3,-0.2,108
2019-04-29,2431,335004,3723244,11.25,11.3,10.95,11.15,-0.15,181
2019-04-30,2431,174735,1963894,11.2,11.35,11.15,11.2,0.05,80
2019-05-02,2431,244281,2739709,11.2,11.3,11.15,11.25,0.05,111
2019-05-03,2431,435073,4972581,11.45,11.5,11.3,11.45,0.2,205
2019-05-06,2431,385882,4293052,11.45,11.45,11.0,11.05,-0.4,171
2019-05-07,2431,279001,3115811,11.0,11.3,11.0,11.15,0.1,129
2019-05-08,2431,539171,5832477,11.0,11.15,10.65,10.7,-0.45,271
2019-05-09,2431,647002,6670320,10.65,10.7,9.97,10.15,-0.55,309
2019-05-10,2431,366002,3720920,10.3,10.35,10.0,10.1,-0.05,166
2019-05-13,2431,304003,3008167,10.2,10.2,9.8,9.91,-0.19,146
2019-05-14,2431,266051,2617436,9.8,9.95,9.6,9.95,0.04,124
2019-05-15,2431,171002,1708678,9.95,10.05,9.95,10.0,0.05,91
2019-05-16,2431,162324,1589721,10.0,10.0,9.7,9.79,-0.21,104
2019-05-17,2431,270001,2585059,9.92,9.93,9.39,9.5,-0.29,113
2019-05-20,2431,102061,963304,9.55,9.59,9.31,9.38,-0.12,61
2019-05-21,2431,422409,4146650,9.53,10.25,9.42,10.05,0.67,217
2019-05-22,2431,186129,1860025,10.0,10.05,9.91,9.97,-0.08,102
2019-05-23,2431,198030,1972006,9.97,10.05,9.88,9.95,-0.02,88
2019-05-24,2431,125001,1237869,9.92,10.0,9.83,9.83,-0.12,56
2019-05-27,2431,247315,2426365,9.83,9.98,9.68,9.71,-0.12,137
2019-05-28,2431,65387,643289,9.89,9.9,9.8,9.9,0.19,39
2019-05-29,2431,1196005,12153239,9.9,10.3,9.82,9.94,0.04,328
2019-05-30,2431,185528,1859480,10.05,10.1,10.0,10.0,0.06,88
2019-05-31,2431,237203,2401350,10.1,10.25,10.0,10.15,0.15,148
2019-06-03,2431,149006,1494610,10.05,10.15,9.95,9.98,-0.17,75
2019-06-04,2431,133070,1328327,10.0,10.1,9.91,9.92,-0.06,72
2019-06-05,2431,96146,960571,10.0,10.1,9.92,9.96,0.04,52
2019-06-06,2431,114205,1133448,9.9,9.98,9.84,9.87,-0.09,64
2019-06-10,2431,125185,1241085,9.95,9.95,9.86,9.88,0.01,62
2019-06-11,2431,134875,1346679,9.92,10.05,9.9,9.97,0.09,75
2019-06-12,2431,297161,3005048,10.0,10.3,10.0,10.0,0.03,176
2019-06-13,2431,94760,951474,10.1,10.2,10.0,10.0,0.0,42
2019-06-14,2431,83023,832292,10.0,10.1,9.99,9.99,-0.01,56
2019-06-17,2431,174275,1765575,10.15,10.2,9.96,10.2,0.21,100
2019-06-18,2431,357002,3646168,10.25,10.3,10.0,10.0,-0.2,138
2019-06-19,2431,290001,2914219,10.15,10.15,9.99,10.0,0.0,130
2019-06-20,2431,122180,1234691,10.1,10.15,10.0,10.0,0.0,48
2019-06-21,2431,212322,2141857,10.1,10.2,10.0,10.0,0.0,83
2019-06-24,2431,359171,3641226,10.0,10.2,10.0,10.15,0.15,159
2019-06-25,2431,172633,1750930,10.15,10.25,10.05,10.1,-0.05,75
2019-06-26,2431,66709,666344,10.1,10.1,9.95,9.96,-0.14,47
2019-06-27,2431,70002,700348,10.0,10.05,9.99,10.0,0.04,32
2019-06-28,2431,70002,699488,10.05,10.05,9.95,9.95,-0.05,42
2019-07-01,2431,178076,1781648,10.1,10.1,9.96,9.96,0.01,80
2019-07-02,2431,721010,7290750,10.0,10.2,10.0,10.0,0.04,186
2019-07-03,2431,138018,1385629,10.15,10.15,10.0,10.0,0.0,77
2019-07-04,2431,144348,1453930,10.0,10.1,10.0,10.1,0.1,71
2019-07-05,2431,274128,2794305,10.1,10.3,10.05,10.3,0.2,103
2019-07-08,2431,341282,3467983,10.3,10.3,10.05,10.05,-0.25,148
2019-07-09,2431,211000,2103580,10.05,10.05,9.91,9.94,-0.11,90
2019-07-10,2431,121279,1210018,10.05,10.05,9.92,9.92,-0.02,79
2019-07-11,2431,2153881,22954891,10.0,10.9,9.94,10.9,0.98,890
2019-07-12,2431,1878311,20829521,10.9,11.4,10.75,11.0,0.1,1015
2019-07-15,2431,306052,3363624,11.0,11.15,10.85,10.95,-0.05,162
2019-07-16,2431,816391,9068978,10.9,11.25,10.85,11.1,0.15,326
2019-07-17,2431,245012,2683726,11.1,11.1,10.85,10.85,-0.25,147
2019-07-18,2431,248119,2690577,10.8,11.0,10.7,10.75,-0.1,138
2019-07-19,2431,111263,1208463,10.8,11.0,10.8,10.8,0.05,73
2019-07-22,2431,422960,4587610,10.8,11.05,10.6,11.05,0.25,175
2019-07-23,2431,1081688,12007193,11.1,11.3,10.9,10.95,-0.1,293
2019-07-24,2431,633000,7057800,10.9,11.3,10.9,11.1,0.15,293
2019-07-25,2431,329010,3634302,11.15,11.2,10.95,10.95,-0.15,132
2019-07-26,2431,103625,1129198,10.95,10.95,10.85,10.85,-0.1,68
2019-07-29,2431,117975,1280322,10.85,10.9,10.8,10.9,0.05,77
2019-07-30,2431,237002,2574520,11.0,11.1,10.7,10.7,-0.2,133
2019-07-31,2431,197661,2145854,10.7,11.0,10.7,10.8,0.1,99
2019-08-01,2431,148623,1621478,10.9,11.0,10.75,10.9,0.1,91
2019-08-02,2431,234300,2483919,10.9,10.9,10.45,10.45,-0.45,132
2019-08-05,2431,313003,3202907,10.45,10.45,9.96,10.0,-0.45,145
2019-08-06,2431,208009,2057855,9.7,10.05,9.7,9.97,-0.03,112
2019-08-07,2431,81002,810728,10.05,10.1,9.95,9.95,-0.02,43
2019-08-08,2431,123518,1249320,9.97,10.25,9.97,10.15,0.2,71
2019-08-12,2431,468110,4789166,10.15,10.3,10.0,10.2,0.05,139
2019-08-13,2431,107420,1078833,10.2,10.2,10.0,10.0,-0.2,67
2019-08-14,2431,173002,1735128,10.15,10.15,9.98,9.98,-0.02,79
2019-08-15,2431,131136,1304507,9.8,10.1,9.78,9.92,-0.06,88
2019-08-16,2431,130000,1306660,9.97,10.15,9.95,10.0,0.08,63
2019-08-19,2431,276411,2807410,10.1,10.25,10.05,10.1,0.1,110
2019-08-20,2431,1408477,14894507,10.25,11.0,10.15,10.6,0.5,441
2019-08-21,2431,351905,3617483,10.5,10.55,10.15,10.15,-0.45,152
2019-08-22,2431,265452,2733659,10.3,10.45,10.2,10.25,0.1,138
2019-08-23,2431,127583,1315793,10.25,10.4,10.25,10.25,0.0,76
2019-08-26,2431,213025,2139401,10.1,10.1,9.98,10.1,-0.15,96
2019-08-27,2431,152323,1554762,10.1,10.4,10.1,10.15,0.05,85
2019-08-28,2431,46177,470463,10.15,10.25,10.15,10.15,0.0,29
2019-08-29,2431,62581,635167,10.15,10.2,10.1,10.2,0.05,46
2019-08-30,2431,1082007,11404520,10.25,10.7,10.25,10.35,0.15,301
2019-09-02,2431,166010,1715050,10.45,10.5,10.2,10.25,-0.1,116
2019-09-03,2431,103107,1061740,10.3,10.35,10.25,10.25,0.0,52
2019-09-04,2431,163387,1702654,10.35,10.5,10.35,10.4,0.15,97
2019-09-05,2431,446345,4694335,10.45,10.6,10.45,10.45,0.05,190
2019-09-06,2431,4476477,49871204,10.55,11.45,10.45,11.45,1.0,1202
2019-09-09,2431,4216247,49103510,11.6,11.95,11.4,11.5,0.05,1790
2019-09-10,2431,1010386,11395622,11.5,11.65,11.1,11.25,-0.25,429
2019-09-11,2431,3014081,34771738,11.3,11.8,11.3,11.5,0.25,1092
2019-09-12,2431,622017,7107443,11.5,11.65,11.35,11.35,-0.15,284
2019-09-16,2431,393480,4485599,11.35,11.55,11.3,11.3,-0.05,197
2019-09-17,2431,311002,3503822,11.3,11.4,11.15,11.25,-0.05,153
2019-09-18,2431,1182974,13530603,11.2,11.65,11.2,11.5,0.25,452
2019-09-19,2431,367428,4157398,11.5,11.6,11.2,11.2,-0.3,212
2019-09-20,2431,3789293,45136857,11.2,12.2,11.2,12.1,0.9,1751
2019-09-23,2431,3650284,44497271,12.1,12.45,12.0,12.1,0.0,1511
2019-09-24,2431,5725053,72237901,12.3,12.9,12.25,12.35,0.25,2481
2019-09-25,2431,1332153,16161486,12.15,12.3,12.0,12.05,-0.3,679
2019-09-26,2431,3577452,44649454,12.2,12.75,12.15,12.35,0.3,1441
2019-09-27,2431,1274001,15345062,12.35,12.35,11.8,12.0,-0.35,593
2019-10-01,2431,1657146,20332315,12.2,12.6,11.85,12.2,0.2,728
2019-10-02,2431,2340500,29238099,12.35,12.7,12.1,12.4,0.2,984
2019-10-03,2431,1798154,22742092,12.3,12.8,12.3,12.7,0.3,905
2019-10-04,2431,2690001,33708362,12.65,13.1,12.25,12.3,-0.4,1288
2019-10-07,2431,923100,11099240,12.2,12.3,11.8,11.9,-0.4,507
2019-10-08,2431,1296005,15607108,12.05,12.2,11.75,11.85,-0.05,469
2019-10-09,2431,857060,9811979,11.8,11.8,11.3,11.3,-0.55,447
2019-10-14,2431,5318151,65493719,12.2,12.4,12.0,12.1,0.8,1779
2019-10-15,2431,2170003,26183385,11.9,12.3,11.85,11.9,-0.2,821
2019-10-16,2431,765003,9089683,12.0,12.1,11.75,11.75,-0.15,357
2019-10-17,2431,370650,4373951,11.8,11.9,11.75,11.75,0.0,211
2019-10-18,2431,385102,4543342,11.85,11.9,11.75,11.75,0.0,199
2019-10-21,2431,391485,4657869,11.8,12.05,11.75,11.9,0.15,180
2019-10-22,2431,358845,4256918,11.9,12.0,11.8,11.85,-0.05,161
2019-10-23,2431,1004137,12038430,11.9,12.15,11.85,11.9,0.05,388
2019-10-24,2431,242001,2880511,12.0,12.05,11.85,11.85,-0.05,128
2019-10-25,2431,315146,3731229,12.0,12.0,11.8,11.8,-0.05,157
2019-10-28,2431,553304,6624411,11.9,12.1,11.9,11.95,0.15,231
2019-10-29,2431,352390,4199581,12.15,12.15,11.8,11.8,-0.15,175
2019-10-30,2431,224257,2673845,11.9,12.0,11.85,11.9,0.1,123
2019-10-31,2431,254138,3004764,12.0,12.0,11.75,11.75,-0.15,135
2019-11-01,2431,281920,3301112,11.75,11.8,11.65,11.75,0.0,152
2019-11-04,2431,220319,2595811,11.8,11.95,11.7,11.7,-0.05,115
2019-11-05,2431,1511381,18154244,11.7,12.1,11.7,11.85,0.15,481
2019-11-06,2431,419204,5000674,11.85,12.0,11.85,11.95,0.1,163
2019-11-07,2431,183627,2176396,12.05,12.05,11.75,11.8,-0.15,124
2019-11-08,2431,323395,3796120,11.85,11.9,11.6,11.75,-0.05,154
2019-11-11,2431,345100,3978949,11.75,11.75,11.4,11.5,-0.25,180
2019-11-12,2431,550997,6552962,11.9,12.0,11.8,11.8,0.3,276
2019-11-13,2431,1249266,14307254,11.75,11.85,11.2,11.3,-0.5,694
2019-11-14,2431,421023,4778962,11.45,11.5,11.2,11.45,0.15,220
2019-11-15,2431,204908,2356151,11.4,11.55,11.4,11.45,0.0,95
2019-11-18,2431,335366,3861225,11.35,11.6,11.35,11.6,0.15,155
2019-11-19,2431,353124,4139643,11.6,11.8,11.6,11.7,0.1,183
2019-11-20,2431,192975,2238953,11.75,11.75,11.5,11.6,-0.1,108
2019-11-21,2431,189018,2161056,11.5,11.5,11.35,11.45,-0.15,118
2019-11-22,2431,103001,1187311,11.6,11.6,11.45,11.55,0.1,61
2019-11-25,2431,184564,2149441,11.55,11.7,11.55,11.65,0.1,105
2019-11-26,2431,1059000,12565250,11.75,11.95,11.75,11.9,0.25,353
2019-11-27,2431,540849,6457567,12.0,12.0,11.85,11.85,-0.05,242
2019-11-28,2431,417527,4984719,11.9,12.0,11.8,12.0,0.15,205
2019-11-29,2431,935660,11237268,12.1,12.3,11.8,11.8,-0.2,433
2019-12-02,2431,479551,5587308,12.0,12.0,11.5,11.5,-0.3,229
2019-12-03,2431,205377,2364553,11.5,11.6,11.4,11.6,0.1,86
2019-12-04,2431,117277,1347220,11.5,11.55,11.45,11.5,-0.1,63
2019-12-05,2431,179260,2097040,11.6,11.75,11.6,11.7,0.2,107
2019-12-06,2431,277065,3240503,11.8,11.8,11.6,11.65,-0.05,122
2019-12-09,2431,252301,2959620,11.75,11.8,11.6,11.75,0.1,122
2019-12-10,2431,127004,1489194,11.65,11.75,11.65,11.75,0.0,58
2019-12-11,2431,2859001,33972611,11.6,12.1,11.5,11.8,0.05,609
2019-12-12,2431,654266,7753686,12.0,12.0,11.65,11.9,0.1,267
2019-12-13,2431,1129450,12971850,11.9,11.95,11.35,11.35,-0.55,431
2019-12-16,2431,359000,4087798,11.35,11.5,11.35,11.35,0.0,192
2019-12-17,2431,327881,3758890,11.4,11.6,11.4,11.45,0.1,148
2019-12-18,2431,343649,3913982,11.5,11.5,11.3,11.35,-0.1,157
2019-12-19,2431,230575,2613497,11.35,11.4,11.25,11.35,0.0,116
2019-12-20,2431,206004,2333445,11.3,11.4,11.3,11.4,0.05,100
2019-12-23,2431,167263,1896756,11.35,11.45,11.3,11.3,-0.1,92
2019-12-24,2431,1911394,22091290,11.4,11.65,11.3,11.45,0.15,420
2019-12-25,2431,171147,1951367,11.45,11.45,11.35,11.4,-0.05,77
2019-12-26,2431,250309,2856435,11.4,11.5,11.3,11.35,-0.05,135
2019-12-27,2431,1416499,16693010,11.35,12.1,11.35,11.6,0.25,734
2019-12-30,2431,246404,2838144,11.6,11.6,11.45,11.45,-0.15,144
2019-12-31,2431,167341,1914270,11.45,11.55,11.4,11.4,-0.05,96
2020-01-02,2431,292447,3333619,11.45,11.55,11.35,11.35,-0.05,157
2020-01-03,2431,301997,3429315,11.35,11.45,11.3,11.35,0.0,162
2020-01-06,2431,231001,2576561,11.3,11.3,11.05,11.15,-0.2,136
2020-01-07,2431,274252,3015933,11.2,11.2,10.9,10.95,-0.2,143
2020-01-08,2431,242350,2601930,10.9,10.9,10.55,10.7,-0.25,139
2020-01-09,2431,189423,2044167,10.7,10.85,10.7,10.85,0.15,96
2020-01-10,2431,150646,1626959,10.9,10.9,10.7,10.8,-0.05,86
2020-01-13,2431,184715,2004291,10.85,10.9,10.8,10.9,0.1,102
2020-01-14,2431,268781,2910803,10.95,10.95,10.7,10.8,-0.1,154
2020-01-15,2431,161090,1741771,10.85,10.85,10.75,10.8,0.0,66
2020-01-16,2431,58170,626922,10.8,10.85,10.75,10.75,-0.05,45
2020-01-17,2431,120235,1293835,10.7,10.85,10.7,10.8,0.05,59
2020-01-20,2431,114849,1242121,10.8,10.9,10.8,10.8,0.0,74
2020-01-30,2431,474009,4656935,10.05,10.1,9.72,9.72,-1.08,237
2020-01-31,2431,289011,2804784,9.63,9.9,9.6,9.76,0.04,168
2020-02-03,2431,285036,2653132,9.72,9.72,9.12,9.34,-0.42,138
2020-02-04,2431,187068,1774576,9.42,9.7,9.23,9.59,0.25,137
2020-02-05,2431,227016,2176657,9.73,9.73,9.52,9.55,-0.04,133
2020-02-06,2431,1696404,16308050,9.55,9.82,9.54,9.54,-0.01,433
2020-02-07,2431,252081,2358031,9.54,9.54,9.23,9.24,-0.3,167
2020-02-10,2431,175133,1606164,9.2,9.29,9.06,9.19,-0.05,95
2020-02-11,2431,147008,1363972,9.34,9.34,9.21,9.28,0.09,75
2020-02-12,2431,540072,5019680,9.28,9.43,9.26,9.28,0.0,190
2020-02-13,2431,227010,2112880,9.31,9.39,9.26,9.26,-0.02,110
2020-02-14,2431,193042,1790959,9.2,9.38,9.18,9.29,0.03,96
2020-02-17,2431,332764,3087421,9.29,9.34,9.21,9.26,-0.03,138
2020-02-18,2431,151046,1401374,9.3,9.3,9.22,9.3,0.04,86
2020-02-19,2431,269042,2532257,9.3,9.48,9.3,9.47,0.17,145
2020-02-20,2431,202260,1920405,9.49,9.55,9.42,9.5,0.03,107
2020-02-21,2431,330460,3173496,9.42,9.69,9.41,9.66,0.16,227
2020-02-24,2431,307042,2933223,9.55,9.64,9.44,9.5,-0.16,128
2020-02-25,2431,212017,1994908,9.36,9.65,9.33,9.52,0.02,122
2020-02-26,2431,129011,1226109,9.37,9.57,9.37,9.46,-0.06,53
2020-02-27,2431,353170,3287490,9.5,9.51,9.18,9.21,-0.25,146
2020-03-02,2431,275168,2467874,9.0,9.2,8.66,9.02,-0.19,180
2020-03-03,2431,172198,1585175,9.07,9.33,9.07,9.19,0.17,91
2020-03-04,2431,253160,2332130,9.2,9.36,9.06,9.36,0.17,120
2020-03-05,2431,52223,490625,9.5,9.5,9.36,9.38,0.02,57
2020-03-06,2431,148412,1363927,9.32,9.32,9.06,9.25,-0.13,74
2020-03-09,2431,473035,4241352,9.28,9.28,8.7,8.72,-0.53,259
2020-03-10,2431,1194018,9689514,7.98,8.43,7.98,8.41,-0.31,346
2020-03-11,2431,338031,2826528,8.45,8.51,8.25,8.26,-0.15,159
2020-03-12,2431,729022,5657843,8.2,8.22,7.56,7.61,-0.65,300
2020-03-13,2431,954306,6559850,6.94,6.99,6.85,6.95,-0.66,343
2020-03-16,2431,305001,2081407,6.98,7.18,6.57,6.62,-0.33,118
2020-03-17,2431,1059005,6385675,5.96,6.35,5.96,5.96,-0.66,327
2020-03-18,2431,497000,3088920,6.15,6.48,6.0,6.16,0.2,203
2020-03-19,2431,1123444,6404776,6.16,6.17,5.55,5.64,-0.52,383
2020-03-20,2431,438005,2693840,5.75,6.2,5.75,6.2,0.56,179
2020-03-23,2431,156389,932627,5.6,6.2,5.6,6.1,-0.1,98
2020-03-24,2431,215000,1370690,6.3,6.45,6.3,6.4,0.3,80
2020-03-25,2431,217078,1455421,6.66,6.8,6.53,6.73,0.33,120
2020-03-26,2431,207313,1379539,6.73,6.84,6.51,6.67,-0.06,113
2020-03-27,2431,292037,1985259,6.87,6.93,6.68,6.75,0.08,118
2020-03-30,2431,112058,748148,6.55,6.77,6.51,6.76,0.01,76
2020-03-31,2431,83000,563500,6.76,6.85,6.76,6.78,0.02,41
2020-04-01,2431,283000,1947120,6.62,7.0,6.62,6.89,0.11,100
2020-04-06,2431,210000,1457320,7.0,7.01,6.89,6.96,0.07,78
2020-04-07,2431,341000,2396480,7.02,7.08,6.98,7.02,0.06,137
2020-04-08,2431,571112,4117789,7.02,7.41,7.02,7.36,0.34,257
2020-04-09,2431,587751,4294691,7.37,7.5,7.19,7.22,-0.14,293
2020-04-10,2431,154202,1116247,7.18,7.3,7.18,7.27,0.05,133
2020-04-13,2431,292037,2109605,7.29,7.31,7.13,7.15,-0.12,143
2020-04-14,2431,342239,2480478,7.27,7.28,7.22,7.23,0.08,280
2020-04-15,2431,892000,6526820,7.26,7.36,7.26,7.33,0.1,295
2020-04-16,2431,311576,2277917,7.26,7.37,7.24,7.35,0.02,237
2020-04-17,2431,743581,5538207,7.43,7.51,7.36,7.43,0.08,326
2020-04-20,2431,406794,3102977,7.5,7.8,7.43,7.8,0.37,278
2020-04-21,2431,411537,3105034,7.79,7.85,7.37,7.37,-0.43,286
2020-04-22,2431,188002,1369054,7.26,7.38,7.05,7.34,-0.03,93
2020-04-23,2431,199124,1473834,7.38,7.5,7.34,7.41,0.07,102
2020-04-24,2431,102002,752424,7.42,7.42,7.34,7.36,-0.05,47
2020-04-27,2431,248104,1865953,7.41,7.63,7.4,7.58,0.22,143
2020-04-28,2431,136077,1032966,7.58,7.62,7.53,7.59,0.01,79
2020-04-29,2431,1203251,9551264,7.6,8.11,7.6,7.99,0.4,423
2020-04-30,2431,1013708,8593482,8.61,8.61,8.31,8.43,0.44,376
2020-05-04,2431,315151,2638946,8.27,8.51,8.13,8.45,0.02,156
2020-05-05,2431,393432,3376658,8.46,8.64,8.46,8.6,0.15,161
2020-05-06,2431,256334,2217462,8.6,8.79,8.6,8.64,0.04,117
2020-05-07,2431,663016,5899968,8.61,9.25,8.61,8.81,0.17,314
2020-05-08,2431,316003,2792664,9.0,9.0,8.8,8.8,-0.01,118
2020-05-11,2431,593123,5037161,8.6,8.67,8.37,8.47,-0.33,246
2020-05-12,2431,304136,2548525,8.55,8.55,8.31,8.34,-0.13,134
2020-05-13,2431,93110,784934,8.38,8.5,8.38,8.43,0.09,51
2020-05-14,2431,194001,1624598,8.43,8.48,8.31,8.41,-0.02,102
2020-05-15,2431,163410,1360523,8.45,8.45,8.24,8.29,-0.12,89
2020-05-18,2431,282007,2298396,8.25,8.32,8.1,8.19,-0.1,96
2020-05-19,2431,729248,6025418,8.3,8.32,8.14,8.19,0.0,164
2020-05-20,2431,303074,2479157,8.2,8.24,8.11,8.14,-0.05,115
2020-05-21,2431,574103,4830465,8.25,8.64,8.25,8.45,0.31,229
2020-05-22,2431,245001,2032648,8.45,8.45,8.17,8.18,-0.27,105
2020-05-25,2431,163311,1326416,8.15,8.18,8.04,8.15,-0.03,94
2020-05-26,2431,266261,2188136,8.21,8.26,8.16,8.24,0.09,109
2020-05-27,2431,202001,1666788,8.29,8.3,8.21,8.25,0.01,87
2020-05-28,2431,1961028,16781107,8.35,8.8,8.33,8.65,0.4,666
2020-05-29,2431,2919578,25726455,8.7,8.98,8.57,8.6,-0.05,1084
2020-06-01,2431,375239,3208333,8.61,8.61,8.46,8.55,-0.05,162
2020-06-02,2431,282155,2418126,8.56,8.66,8.52,8.54,-0.01,114
2020-06-03,2431,360946,3110195,8.59,8.7,8.56,8.61,0.07,159
2020-06-04,2431,526281,4564642,8.63,8.72,8.62,8.66,0.05,149
2020-06-05,2431,284247,2479568,8.67,8.78,8.67,8.7,0.04,108
2020-06-08,2431,465157,4074285,8.77,8.8,8.71,8.8,0.1,152
2020-06-09,2431,447151,3917622,8.8,8.86,8.66,8.69,-0.11,156
2020-06-10,2431,376204,3257618,8.69,8.74,8.6,8.63,-0.06,130
2020-06-11,2431,1489141,12843364,8.5,8.79,8.37,8.37,-0.26,347
2020-06-12,2431,275230,2236031,8.1,8.25,7.99,8.2,-0.17,118
2020-06-15,2431,166002,1357676,8.21,8.21,8.15,8.15,-0.05,84
2020-06-16,2431,250317,2063874,8.26,8.32,8.15,8.26,0.11,93
2020-06-17,2431,221031,1836852,8.3,8.37,8.26,8.31,0.05,96
2020-06-18,2431,487251,4091495,8.35,8.5,8.28,8.5,0.19,200
2020-06-19,2431,522255,4440827,8.46,8.6,8.46,8.52,0.02,142
2020-06-22,2431,1093760,9391560,8.52,8.66,8.5,8.52,0.0,264
2020-06-23,2431,363931,3075813,8.55,8.55,8.31,8.38,-0.14,121
2020-06-24,2431,126929,1066282,8.4,8.45,8.38,8.39,0.01,69
2020-06-29,2431,145892,1205559,8.31,8.31,8.23,8.3,-0.09,81
2020-06-30,2431,91248,764010,8.32,8.45,8.3,8.4,0.1,60
2020-07-01,2431,383007,3260068,8.44,8.56,8.44,8.51,0.11,147
2020-07-02,2431,497601,4271438,8.59,8.64,8.51,8.63,0.12,178
2020-07-03,2431,2740128,24169874,8.7,9.14,8.51,8.92,0.29,707
2020-07-06,2431,660009,5890903,9.05,9.05,8.8,8.85,-0.07,287
2020-07-07,2431,1333241,11964338,8.9,9.22,8.8,9.08,0.23,411
2020-07-08,2431,2290689,21723399,9.09,9.7,9.09,9.5,0.42,694
2020-07-09,2431,1125009,10461899,9.69,9.69,9.0,9.14,-0.36,452
2020-07-10,2431,717701,6410095,9.23,9.26,8.78,8.85,-0.29,288
2020-07-13,2431,987545,8998186,9.0,9.25,8.85,9.15,0.3,266
2020-07-14,2431,409120,3710460,9.28,9.28,9.0,9.0,-0.15,176
2020-07-15,2431,753142,6925687,9.02,9.35,8.91,9.35,0.35,239
2020-07-16,2431,862166,7986101,9.4,9.44,9.07,9.15,-0.2,275
2020-07-17,2431,483012,4385238,9.16,9.23,8.94,9.12,-0.03,203
2020-07-20,2431,6199543,60469170,9.21,10.0,8.9,10.0,0.88,1224
2020-07-21,2431,5616555,56437116,9.84,10.6,9.76,9.88,-0.12,1753
2020-07-22,2431,778774,7738008,9.82,10.0,9.82,9.95,0.07,316
2020-07-23,2431,589753,5834420,10.05,10.05,9.73,9.97,0.02,224
2020-07-24,2431,938010,9279934,9.97,10.15,9.65,9.65,-0.32,341
2020-07-27,2431,1026870,9903226,9.81,9.83,9.35,9.38,-0.27,261
2020-07-28,2431,886070,7967483,9.4,9.42,8.8,8.8,-0.58,345
2020-07-29,2431,314490,2821649,8.82,9.08,8.82,8.89,0.09,94
2020-07-30,2431,211120,1892853,8.95,9.01,8.92,8.98,0.09,98
2020-07-31,2431,77629,696591,8.97,9.13,8.91,8.97,-0.01,57
2020-08-03,2431,252351,2269159,8.98,9.09,8.92,9.0,0.03,95
2020-08-04,2431,1438458,13791390,9.02,9.9,9.02,9.8,0.8,573
2020-08-05,2431,4164773,41647931,9.82,10.2,9.8,9.96,0.16,1375
2020-08-06,2431,674366,6637207,9.88,9.96,9.71,9.71,-0.25,272
2020-08-07,2431,365242,3544406,9.7,9.85,9.66,9.66,-0.05,155
2020-08-10,2431,313002,3034338,9.6,9.83,9.58,9.65,-0.01,137
2020-08-11,2431,642003,6275107,9.8,9.92,9.65,9.8,0.15,201
2020-08-12,2431,1098004,10815688,9.85,9.92,9.73,9.8,0.0,289
2020-08-13,2431,275069,2694799,9.85,9.85,9.71,9.71,-0.09,135
2020-08-14,2431,462096,4506585,9.71,9.89,9.61,9.83,0.12,204
2020-08-17,2431,1429009,14218824,9.84,10.05,9.81,9.83,0.0,325
2020-08-18,2431,285095,2812153,9.93,9.94,9.78,9.9,0.07,125
2020-08-19,2431,872341,8698110,9.98,10.2,9.8,9.83,-0.07,345
2020-08-20,2431,644150,6006234,9.83,9.84,9.01,9.14,-0.69,271
2020-08-21,2431,245999,2290009,9.28,9.43,9.24,9.34,0.2,112
2020-08-24,2431,240200,2263687,9.4,9.52,9.37,9.4,0.06,156
2020-08-25,2431,515999,4987880,9.5,9.8,9.5,9.64,0.24,213
2020-08-26,2431,350073,3363193,9.7,9.7,9.43,9.59,-0.05,112
2020-08-27,2431,414888,4028881,9.6,9.8,9.6,9.75,0.16,179
2020-08-28,2431,850147,8338536,9.82,9.9,9.71,9.75,0.0,194
2020-08-31,2431,243076,2374649,9.79,9.84,9.74,9.74,-0.01,90
2020-09-01,2431,1104869,11051162,9.74,10.45,9.7,10.25,0.51,298
2020-09-02,2431,3873151,40282247,10.25,10.75,10.0,10.3,0.05,1159
2020-09-03,2431,4354052,47199425,10.4,11.25,10.35,11.1,0.8,1450
2020-09-04,2431,3842744,42906852,10.65,11.55,10.65,11.55,0.45,1152
2020-09-07,2431,4602327,53769411,11.95,12.15,11.05,11.05,-0.5,1500
2020-09-08,2431,1907734,20881651,11.1,11.35,10.75,10.75,-0.3,587
2020-09-09,2431,2696399,29755595,10.5,11.55,10.35,11.4,0.65,745
2020-09-10,2431,1681129,18673809,11.4,11.4,10.85,11.0,-0.4,610
2020-09-11,2431,5255127,58010911,10.7,11.4,10.4,10.4,-0.6,1121
2020-09-14,2431,3198535,35261243,10.45,11.4,10.35,11.4,1.0,845
2020-09-15,2431,27051000,311417650,11.45,11.8,11.05,11.1,-0.3,3803
2020-09-16,2431,2561090,27600416,11.0,11.25,10.55,10.75,-0.35,962
2020-09-17,2431,730315,7846254,10.75,10.95,10.65,10.65,-0.1,315
2020-09-18,2431,662273,7136219,10.75,10.95,10.65,10.7,0.05,245
2020-09-21,2431,689274,7416403,10.75,10.9,10.65,10.7,0.0,258
2020-09-22,2431,658356,6897016,10.65,10.75,10.4,10.4,-0.3,289
2020-09-23,2431,416092,4352160,10.5,10.55,10.4,10.45,0.05,192
2020-09-24,2431,856452,8621937,10.35,10.35,9.92,9.93,-0.52,350
2020-09-25,2431,911003,8778767,10.1,10.1,9.2,9.3,-0.63,377
2020-09-28,2431,258105,2476110,9.35,9.75,9.35,9.65,0.35,130
2020-09-29,2431,117001,1134449,9.75,9.79,9.62,9.63,-0.02,84
2020-09-30,2431,264121,2579972,9.76,9.89,9.62,9.81,0.18,162
2020-10-05,2431,249110,2463896,9.95,9.95,9.81,9.9,0.09,136
2020-10-06,2431,401203,4050680,10.0,10.2,10.0,10.1,0.2,214
2020-10-07,2431,596483,6004230,10.1,10.2,10.0,10.05,-0.05,160
2020-10-08,2431,227449,2290740,10.1,10.15,10.0,10.05,0.0,89
2020-10-12,2431,456223,4543425,10.0,10.05,9.91,9.91,-0.14,175
2020-10-13,2431,229890,2301877,9.97,10.15,9.85,10.0,0.09,129
2020-10-14,2431,2496548,26688778,10.0,11.0,10.0,11.0,1.0,787
2020-10-15,2431,10279450,119894037,11.2,12.1,11.2,11.3,0.3,3746
2020-10-16,2431,2268492,25327261,11.1,11.4,10.9,11.2,-0.1,765
2020-10-19,2431,4619983,53023205,11.3,11.7,11.15,11.4,0.2,1210
2020-10-20,2431,5025059,58429821,11.3,11.8,11.2,11.5,0.1,1158
2020-10-21,2431,746006,8489316,11.45,11.55,11.25,11.4,-0.1,345
2020-10-22,2431,497658,5622269,11.5,11.5,11.2,11.25,-0.15,238
2020-10-23,2431,611100,6894324,11.25,11.4,11.2,11.2,-0.05,250
2020-10-26,2431,781592,8834229,11.2,11.4,11.2,11.25,0.05,253
2020-10-27,2431,503124,5556014,11.15,11.15,10.95,11.05,-0.2,204
2020-10-28,2431,874484,9542701,11.1,11.15,10.65,10.85,-0.2,309
2020-10-29,2431,429014,4559201,10.65,10.8,10.4,10.75,-0.1,164
2020-10-30,2431,443008,4738634,10.8,10.95,10.4,10.55,-0.2,176
2020-11-02,2431,290921,3020425,10.55,10.55,10.3,10.45,-0.1,139
2020-11-03,2431,580379,6271392,10.5,11.1,10.5,10.85,0.4,250
2020-11-04,2431,4434134,49018299,10.95,11.2,10.7,10.85,0.0,804
2020-11-05,2431,346259,3731792,10.9,10.9,10.7,10.8,-0.05,149
2020-11-06,2431,413156,4484992,10.9,11.0,10.75,10.85,0.05,168
2020-11-09,2431,337326,3638786,10.9,10.95,10.7,10.75,-0.1,147
2020-11-10,2431,486007,5191822,10.85,10.85,10.55,10.75,0.0,246
2020-11-11,2431,559005,6015900,10.7,10.95,10.65,10.8,0.05,245
2020-11-12,2431,308009,3305047,10.8,10.85,10.6,10.65,-0.15,123
2020-11-13,2431,350003,3758331,10.75,10.85,10.65,10.8,0.15,120
2020-11-16,2431,447513,4853709,10.85,10.9,10.75,10.8,0.0,205
2020-11-17,2431,10340757,116265447,10.8,11.4,10.8,11.15,0.35,1373
2020-11-18,2431,1204424,13347703,11.05,11.25,11.0,11.15,0.0,357
2020-11-19,2431,475418,5274695,11.15,11.2,11.0,11.05,-0.1,184
2020-11-20,2431,705869,7905865,11.05,11.35,11.05,11.2,0.15,297
2020-11-23,2431,4026377,46590252,11.3,11.9,11.2,11.65,0.45,1335
2020-11-24,2431,6711560,82106283,12.2,12.6,12.0,12.0,0.35,2182
2020-11-25,2431,4640170,56831939,12.2,12.5,12.0,12.1,0.1,1460
2020-11-26,2431,3243312,40063453,12.45,12.5,12.2,12.3,0.2,1147
2020-11-27,2431,4195068,52864677,12.5,12.75,12.4,12.7,0.4,1372
2020-11-30,2431,2579732,32407795,12.8,12.85,12.4,12.4,-0.3,885
2020-12-01,2431,6417247,82770878,12.7,13.35,12.6,12.75,0.35,2168
2020-12-02,2431,2474278,31525666,12.9,12.95,12.6,12.75,0.0,786
2020-12-03,2431,9027280,118310541,12.85,13.4,12.8,13.0,0.25,2712
2020-12-04,2431,2183734,28156891,13.0,13.1,12.8,12.8,-0.2,770
2020-12-07,2431,2241561,28141958,12.95,12.95,12.35,12.5,-0.3,742
2020-12-08,2431,1515290,19029805,12.7,12.7,12.45,12.5,0.0,499
2020-12-09,2431,1260836,15925402,12.65,12.85,12.55,12.6,0.1,407
2020-12-10,2431,1026610,12739633,12.55,12.65,12.2,12.35,-0.25,399
2020-12-11,2431,1358074,16450289,12.35,12.4,11.9,12.15,-0.2,429
2020-12-14,2431,1135364,14085621,12.3,12.55,12.05,12.5,0.35,388
2020-12-15,2431,857007,10552934,12.55,12.65,12.1,12.1,-0.4,330
2020-12-16,2431,744178,9102197,12.2,12.35,12.1,12.2,0.1,250
2020-12-17,2431,1273846,15915380,12.4,12.6,12.3,12.55,0.35,511
2020-12-18,2431,956026,11938916,12.6,12.7,12.3,12.35,-0.2,377
2020-12-21,2431,2036965,25061721,12.35,12.5,12.0,12.2,-0.15,471
2020-12-22,2431,1042143,12539100,12.1,12.25,11.75,11.95,-0.25,380
2020-12-23,2431,902944,10840415,12.0,12.2,11.8,12.1,0.15,285
2020-12-24,2431,18294478,232411094,12.25,12.85,12.2,12.65,0.55,2427
2020-12-25,2431,3712798,46158350,12.55,12.75,12.15,12.4,-0.25,953
2020-12-28,2431,1920767,24046157,12.5,12.65,12.4,12.45,0.05,661
2020-12-29,2431,948104,11759756,12.55,12.55,12.3,12.4,-0.05,354
2020-12-30,2431,1242669,15517620,12.4,12.65,12.35,12.4,0.0,455
2020-12-31,2431,654060,8076985,12.4,12.5,12.2,12.3,-0.1,289
2021-01-04,2431,857213,10571726,12.4,12.5,12.2,12.4,0.1,298
2021-01-05,2431,2038259,25740745,12.35,12.8,12.35,12.65,0.25,655
2021-01-06,2431,1477940,18238954,12.8,12.85,12.05,12.1,-0.55,593
2021-01-07,2431,703570,8574495,12.25,12.35,12.1,12.15,0.05,240
2021-01-08,2431,848038,10174400,12.25,12.25,11.9,11.9,-0.25,343
2021-01-11,2431,1733784,21444077,12.1,12.7,11.95,12.45,0.55,664
2021-01-12,2431,1287212,15552291,12.4,12.4,11.85,11.9,-0.55,515
2021-01-13,2431,387526,4658086,12.05,12.15,11.95,12.05,0.15,183
2021-01-14,2431,519115,6205919,12.0,12.05,11.9,11.95,-0.1,179
2021-01-15,2431,943491,11261639,11.95,12.05,11.75,11.95,0.0,355
2021-01-18,2431,1476353,17371925,12.0,12.0,11.25,11.8,-0.15,468
2021-01-19,2431,389056,4612840,11.95,12.0,11.65,11.75,-0.05,198
2021-01-20,2431,737098,8385200,11.75,11.8,11.1,11.1,-0.65,280
2021-01-21,2431,510212,5681814,11.15,11.35,10.9,10.95,-0.15,195
2021-01-22,2431,394007,4306071,10.95,11.05,10.8,11.0,0.05,181
2021-01-25,2431,382020,4231315,10.85,11.3,10.8,11.15,0.15,140
2021-01-26,2431,377140,4153040,11.1,11.3,10.8,10.85,-0.3,166
2021-01-27,2431,364143,3975206,10.9,11.0,10.7,10.95,0.1,145
2021-01-28,2431,347860,3735064,10.7,10.95,10.6,10.65,-0.3,138
2021-01-29,2431,379010,4006501,10.75,10.85,10.35,10.4,-0.25,203
2021-02-01,2431,413498,4281078,10.25,10.55,10.25,10.3,-0.1,196
2021-02-02,2431,394309,4132082,10.4,10.75,10.4,10.4,0.1,182
2021-02-03,2431,194006,2026560,10.4,10.55,10.4,10.4,0.0,102
2021-02-04,2431,177270,1832623,10.3,10.4,10.3,10.3,-0.1,96
2021-02-05,2431,485435,5028915,10.45,10.65,10.25,10.3,0.0,206
2021-02-17,2431,317603,3330366,10.4,10.6,10.3,10.5,0.2,134
2021-02-18,2431,376010,4028753,10.65,10.9,10.5,10.75,0.25,156
2021-02-19,2431,496021,5424416,10.95,11.25,10.65,11.05,0.3,243
2021-02-22,2431,358117,4016107,11.15,11.3,11.1,11.25,0.2,177
2021-02-23,2431,366467,4131213,11.35,11.4,11.1,11.2,-0.05,169
2021-02-24,2431,602015,6761014,11.3,11.4,11.05,11.4,0.2,210
2021-02-25,2431,2466423,28309833,11.5,11.65,11.15,11.25,-0.15,491
2021-02-26,2431,324308,3613965,11.15,11.25,11.05,11.1,-0.15,159
2021-03-02,2431,374178,4147253,11.25,11.25,10.9,10.9,-0.2,163
2021-03-03,2431,261493,2844448,10.95,11.05,10.65,10.95,0.05,144
2021-03-04,2431,139042,1508639,10.9,10.95,10.75,10.85,-0.1,111
2021-03-05,2431,216060,2337088,10.9,10.9,10.7,10.75,-0.1,130
2021-03-08,2431,185889,2005781,10.9,10.9,10.7,10.75,0.0,129
2021-03-09,2431,547223,5943066,10.8,10.95,10.75,10.8,0.05,162
2021-03-10,2431,193102,2091690,10.95,10.95,10.75,10.8,0.0,105
2021-03-11,2431,480534,5287266,10.9,11.15,10.9,10.95,0.15,190
2021-03-12,2431,214410,2360618,11.1,11.1,10.95,11.0,0.05,101
2021-03-15,2431,382680,4251646,11.05,11.2,11.0,11.15,0.15,178
2021-03-16,2431,253075,2837896,11.2,11.3,11.1,11.2,0.05,139
2021-03-17,2431,314979,3551224,11.2,11.35,11.2,11.25,0.05,155
2021-03-18,2431,324087,3693748,11.35,11.5,11.3,11.4,0.15,164
2021-03-19,2431,1873511,22172416,11.4,12.3,11.35,11.9,0.5,777
2021-03-22,2431,1237066,14763376,12.0,12.1,11.7,12.05,0.15,414
2021-03-23,2431,3398483,41411743,12.1,12.35,11.8,11.95,-0.1,819
2021-03-24,2431,600637,7174934,11.85,12.15,11.85,11.95,0.0,243
2021-03-25,2431,491592,5850584,12.1,12.1,11.8,11.85,-0.1,205
2021-03-26,2431,686188,8197818,11.9,12.1,11.85,11.9,0.05,210
2021-03-29,2431,16206522,202662506,12.05,12.7,11.9,12.25,0.35,2601
2021-03-30,2431,1332527,16209896,12.2,12.3,12.0,12.25,0.0,492
2021-03-31,2431,1141645,14151528,12.3,12.65,12.2,12.35,0.1,495
2021-04-01,2431,906296,11192846,12.35,12.45,12.25,12.45,0.1,359
2021-04-06,2431,1147285,14392154,12.5,12.65,12.4,12.55,0.1,427
2021-04-07,2431,2424908,31026287,12.7,13.1,12.55,12.85,0.3,913
2021-04-08,2431,2261669,29586767,13.1,13.25,12.95,13.0,0.15,807
2021-04-09,2431,2302621,30294669,13.2,13.4,12.85,13.35,0.35,859
2021-04-12,2431,4405992,61297552,13.6,14.2,13.55,13.85,0.5,1755
2021-04-13,2431,4328852,60661893,13.8,14.4,13.55,13.7,-0.15,1569
2021-04-14,2431,2723952,37603122,14.1,14.25,13.2,14.0,0.3,1176
2021-04-15,2431,1520029,21316160,14.0,14.15,13.75,14.1,0.1,582
2021-04-16,2431,2612450,37497431,14.25,14.65,14.1,14.2,0.1,996
2021-04-19,2431,1968492,28617779,14.3,14.95,14.25,14.65,0.45,814
2021-04-20,2431,3909248,61364339,14.85,16.1,14.85,16.1,1.45,1710
2021-04-21,2431,7675489,120942060,16.5,16.9,15.2,15.8,-0.3,3313
2021-04-22,2431,8604217,133970950,15.55,16.1,14.55,14.6,-1.2,2302
2021-04-23,2431,1602930,24055368,14.45,15.45,14.4,15.35,0.75,670
2021-04-26,2431,1285449,19887680,15.8,15.8,15.3,15.35,0.0,636
2021-04-27,2431,1072201,16272755,15.5,15.65,15.0,15.15,-0.2,533
2021-04-28,2431,1590260,24675356,15.25,15.9,15.2,15.65,0.5,731
2021-04-29,2431,1079320,16421462,15.7,15.8,14.7,14.95,-0.7,569
2021-05-03,2431,1843559,26368651,14.75,14.9,13.8,13.85,-1.1,667
2021-05-04,2431,1456478,18939956,14.0,14.05,12.5,13.15,-0.7,600
2021-05-05,2431,805534,10726618,13.1,13.6,12.8,13.2,0.05,299
2021-05-06,2431,805908,10682305,13.2,13.65,12.95,13.1,-0.1,342
2021-05-07,2431,1271107,16717630,13.1,13.45,13.0,13.4,0.3,450
2021-05-10,2431,296900,3944000,13.45,13.45,13.15,13.2,-0.2,182
2021-05-11,2431,1224106,15153600,13.25,13.25,11.95,12.0,-1.2,527
2021-05-12,2431,22225173,281119379,11.85,13.2,11.15,11.5,-0.5,2558
2021-05-13,2431,2421377,28751076,11.95,12.3,11.6,11.75,0.25,951
2021-05-14,2431,1443172,17281427,12.05,12.2,11.7,11.95,0.2,547
2021-05-17,2431,2249109,26703635,11.2,12.8,11.2,11.6,-0.35,905
2021-05-18,2431,1641464,20149743,11.6,12.75,11.6,12.6,1.0,738
2021-05-19,2431,1188439,15146914,12.6,12.95,12.5,12.8,0.2,453
2021-05-20,2431,1093451,14020034,12.95,13.1,12.6,12.7,-0.1,405
2021-05-21,2431,1025772,13311596,12.8,13.1,12.8,13.1,0.4,398
2021-05-24,2431,1410244,18816842,12.9,13.55,12.9,13.5,0.4,552
2021-05-25,2431,1368569,18779047,13.7,13.9,13.55,13.75,0.25,554
2021-05-26,2431,4390981,64914472,13.9,15.1,13.85,15.05,1.3,1667
2021-05-27,2431,4534141,66534636,15.2,15.45,14.2,14.5,-0.55,2299
2021-05-28,2431,2720385,40789676,14.6,15.25,14.5,14.9,0.4,1120
2021-05-31,2431,2146945,32097681,15.0,15.4,14.6,14.8,-0.1,758
2021-06-01,2431,1473932,21939077,14.95,15.0,14.7,14.9,0.1,507
2021-06-02,2431,1280407,18990399,14.95,15.1,14.6,14.85,-0.05,506
2021-06-03,2431,1502593,22476553,15.0,15.15,14.75,14.9,0.05,543
2021-06-04,2431,715470,10658781,14.9,15.15,14.7,14.9,0.0,314
2021-06-07,2431,725173,10577376,15.0,15.0,14.2,14.6,-0.3,359
2021-06-08,2431,402582,5830065,14.6,14.75,14.3,14.55,-0.05,181
2021-06-09,2431,503324,7232222,14.35,14.7,14.2,14.3,-0.25,228
2021-06-10,2431,599151,8681370,14.4,14.8,14.3,14.4,0.1,289
2021-06-11,2431,2017667,28375610,14.45,14.6,13.65,13.7,-0.7,814
2021-06-15,2431,1126699,15228417,13.85,13.85,13.25,13.7,0.0,531
2021-06-16,2431,450531,6118683,13.75,13.8,13.3,13.45,-0.25,235
2021-06-17,2431,390144,5280729,13.45,13.65,13.35,13.55,0.1,168
2021-06-18,2431,328752,4462440,13.75,13.75,13.45,13.45,-0.1,152
2021-06-21,2431,2059081,27681683,13.4,13.9,12.95,13.2,-0.25,704
2021-06-22,2431,549003,7367151,13.6,13.6,13.3,13.3,0.1,255
2021-06-23,2431,1344787,18607899,13.5,14.25,13.3,14.05,0.75,558
2021-06-24,2431,1311342,18668469,14.15,14.75,13.8,14.3,0.25,624
2021-06-25,2431,1899760,26947071,14.25,14.45,13.85,14.3,0.0,685
2021-06-28,2431,843988,12159726,14.45,14.6,14.1,14.4,0.1,365
2021-06-29,2431,1357465,19546119,14.65,14.65,14.15,14.65,0.25,424
2021-06-30,2431,4482848,65308796,14.65,15.05,14.35,14.35,-0.3,1281
2021-07-01,2431,1823614,25744751,14.4,14.4,13.75,14.2,-0.15,619
2021-07-02,2431,13880554,202965036,14.3,14.8,14.05,14.55,0.35,1971
2021-07-05,2431,1394346,20128654,14.55,14.65,14.3,14.4,-0.15,559
2021-07-06,2431,4021109,59803302,14.7,15.15,14.55,14.65,0.25,1650
2021-07-07,2431,1657736,23942468,14.4,14.75,14.2,14.35,-0.3,703
2021-07-08,2431,1436963,20913498,14.4,14.8,14.35,14.55,0.2,466
2021-07-09,2431,1381822,20185243,14.55,14.75,14.4,14.65,0.1,517
2021-07-12,2431,4588943,69604619,14.9,15.55,14.75,15.3,0.65,1551
2021-07-13,2431,3139791,46848761,15.4,15.4,14.65,14.9,-0.4,1176
2021-07-14,2431,16971542,259467652,15.0,15.75,14.35,14.45,-0.45,2844
2021-07-15,2431,1000649,14466776,14.5,14.6,14.25,14.6,0.15,436
2021-07-16,2431,1083741,15608607,14.6,14.7,14.3,14.3,-0.3,464
2021-07-19,2431,2495353,35797959,14.3,14.5,14.05,14.4,0.1,667
2021-07-20,2431,1313772,18411897,14.15,14.3,13.8,13.85,-0.55,533
2021-07-21,2431,1259692,17339286,14.0,14.1,13.45,13.5,-0.35,471
2021-07-22,2431,1016867,13800041,13.65,13.75,13.4,13.5,0.0,402
2021-07-23,2431,775767,10522902,13.6,13.7,13.4,13.5,0.0,299
2021-07-26,2431,895852,12236441,13.7,13.9,13.55,13.75,0.25,313
2021-07-27,2431,984401,13341896,13.9,13.9,13.35,13.5,-0.25,355
2021-07-28,2431,1151509,15052755,13.4,13.55,12.85,13.0,-0.5,423
2021-07-29,2431,516726,6772582,13.2,13.2,13.0,13.05,0.05,217
2021-07-30,2431,1663840,21425994,13.15,13.15,12.5,12.5,-0.55,626
2021-08-02,2431,1305804,16705944,12.6,13.2,12.35,13.05,0.55,466
2021-08-03,2431,1124073,14287977,13.05,13.2,12.45,12.7,-0.35,434
2021-08-04,2431,793502,10303070,12.8,13.2,12.8,13.2,0.5,328
2021-08-05,2431,628571,8327213,13.5,13.5,13.15,13.2,0.0,225
2021-08-06,2431,953000,12650350,13.25,13.4,13.05,13.3,0.1,276
2021-08-09,2431,359822,4661048,13.2,13.2,12.8,12.8,-0.5,158
2021-08-10,2431,439012,5600949,13.15,13.15,12.6,12.6,-0.2,182
2021-08-11,2431,414541,5174702,12.65,12.7,12.35,12.4,-0.2,192
2021-08-12,2431,351696,4366408,12.6,12.6,12.3,12.3,-0.1,160
2021-08-13,2431,766017,9331106,12.35,12.5,11.7,12.5,0.2,300
2021-08-16,2431,803402,9465665,12.3,12.35,11.55,11.65,-0.85,396
2021-08-17,2431,439337,5138007,11.75,11.8,11.55,11.65,0.0,184
2021-08-18,2431,498102,5849472,11.45,12.1,11.45,11.95,0.3,214
2021-08-19,2431,175308,2055202,11.9,11.9,11.6,11.65,-0.3,103
2021-08-20,2431,287117,3319695,11.7,11.75,11.4,11.5,-0.15,160
2021-08-23,2431,203389,2393686,11.6,11.85,11.6,11.85,0.35,105
2021-08-24,2431,244316,2879314,11.85,12.1,11.65,11.65,-0.2,142
2021-08-25,2431,437609,5262807,11.8,12.3,11.8,12.0,0.35,205
2021-08-26,2431,151088,1799447,12.05,12.05,11.85,11.95,-0.05,78
2021-08-27,2431,259200,3104039,11.95,12.1,11.9,12.0,0.05,77
2021-08-30,2431,155078,1882992,12.1,12.25,12.1,12.15,0.15,92
2021-08-31,2431,126377,1527077,12.05,12.15,12.0,12.05,-0.1,65
2021-09-01,2431,373702,4602412,12.2,12.4,12.15,12.3,0.25,178
2021-09-02,2431,149510,1830808,12.25,12.45,12.05,12.05,-0.25,94
2021-09-03,2431,205402,2512092,12.35,12.35,12.1,12.15,0.1,120
2021-09-06,2431,117120,1410391,12.3,12.3,11.9,11.9,-0.25,73
2021-09-07,2431,266189,3167036,12.1,12.15,11.8,11.85,-0.05,98
2021-09-08,2431,346428,4000950,11.9,11.95,11.15,11.35,-0.5,186
2021-09-09,2431,145003,1666883,11.4,11.6,11.4,11.5,0.15,116
2021-09-10,2431,106683,1250940,11.6,11.8,11.55,11.75,0.25,74
2021-09-13,2431,136342,1601530,11.85,11.85,11.65,11.75,0.0,85
2021-09-14,2431,287126,3308233,11.7,11.7,11.45,11.5,0.0,117
2021-09-15,2431,262110,2976795,11.45,11.5,11.3,11.35,-0.15,130
2021-09-16,2431,152127,1740446,11.5,11.6,11.35,11.45,0.1,88
2021-09-17,2431,247287,2838810,11.45,11.75,11.3,11.75,0.3,112
2021-09-22,2431,865259,9701922,11.0,11.75,10.95,11.1,-0.65,358
2021-09-23,2431,217314,2455075,11.35,11.45,11.1,11.45,0.35,121
2021-09-24,2431,401671,4646241,11.5,11.7,11.4,11.4,-0.05,170
2021-09-27,2431,287361,3301910,11.4,11.55,11.35,11.45,0.05,109
2021-09-28,2431,379756,4346742,11.55,11.55,11.25,11.4,-0.05,131
2021-09-29,2431,88154,992781,11.4,11.4,11.2,11.25,-0.15,67
2021-09-30,2431,336526,3813879,11.25,11.45,11.25,11.45,0.2,66
2021-10-01,2431,419043,4684417,11.45,11.45,11.0,11.0,-0.45,178
2021-10-04,2431,534066,5768853,11.2,11.2,10.6,10.65,-0.35,194
2021-10-05,2431,295406,3104093,10.4,10.75,10.3,10.6,-0.05,150
2021-10-06,2431,245009,2570143,10.6,10.7,10.4,10.55,-0.05,105
2021-10-07,2431,169023,1818256,10.6,10.85,10.6,10.75,0.2,94
2021-10-08,2431,118009,1278447,10.8,10.9,10.7,10.7,-0.05,54
2021-10-12,2431,280635,2935151,10.5,10.7,10.35,10.5,-0.2,155
2021-10-13,2431,161028,1675510,10.65,10.65,10.35,10.4,-0.1,103
2021-10-14,2431,264018,2771984,10.45,10.65,10.35,10.45,0.05,126
2021-10-15,2431,182393,1928711,10.65,10.65,10.5,10.55,0.1,101
2021-10-18,2431,114017,1210177,10.65,10.75,10.55,10.55,0.0,67
2021-10-19,2431,193324,2067277,10.55,10.8,10.55,10.7,0.15,115
2021-10-20,2431,120130,1293339,10.7,10.85,10.7,10.75,0.05,75
2021-10-21,2431,192289,2072401,10.85,10.9,10.7,10.8,0.05,99
2021-10-22,2431,247781,2671866,10.9,10.95,10.7,10.75,-0.05,106
2021-10-25,2431,147166,1595476,10.85,10.9,10.8,10.8,0.05,74
2021-10-26,2431,243787,2668086,10.9,11.05,10.85,11.0,0.2,125
2021-10-27,2431,401603,4506686,10.9,11.35,10.9,11.35,0.35,170
2021-10-28,2431,291293,3326164,11.4,11.6,11.25,11.25,-0.1,117
2021-10-29,2431,224472,2528388,11.3,11.4,11.15,11.3,0.05,91
2021-11-01,2431,305386,3473513,11.3,11.5,11.3,11.35,0.05,93
2021-11-02,2431,167287,1899210,11.25,11.5,11.25,11.3,-0.05,76
2021-11-03,2431,547304,6313686,11.4,11.7,11.35,11.65,0.35,179
2021-11-04,2431,621263,7325562,11.75,11.9,11.65,11.8,0.15,217
2021-11-05,2431,204525,2404532,11.9,11.9,11.7,11.7,-0.1,100
2021-11-08,2431,223572,2590477,11.6,11.7,11.55,11.55,-0.15,95
2021-11-09,2431,5883351,72567581,11.5,12.7,11.45,12.7,1.15,1382
2021-11-10,2431,2979716,36921812,12.7,12.7,12.2,12.3,-0.4,1217
2021-11-11,2431,776404,9542637,12.3,12.45,12.15,12.25,-0.05,345
2021-11-12,2431,645890,7981195,12.3,12.5,12.25,12.3,0.05,261
2021-11-15,2431,1024463,12744915,12.4,12.6,12.2,12.3,0.0,287
2021-11-16,2431,618015,7559777,12.4,12.45,12.05,12.2,-0.1,228
2021-11-17,2431,757090,9336162,12.2,12.45,12.15,12.35,0.15,232
2021-11-18,2431,371792,4593004,12.35,12.45,12.3,12.3,-0.05,149
2021-11-19,2431,475966,5811182,12.3,12.35,12.05,12.25,-0.05,229
2021-11-22,2431,178013,2176454,12.2,12.35,12.15,12.25,0.0,90
2021-11-23,2431,4752731,60818994,12.25,13.35,12.15,12.7,0.45,1543
2021-11-24,2431,802112,10075962,12.5,12.7,12.45,12.6,-0.1,304
2021-11-25,2431,2742922,35971455,12.65,13.5,12.6,12.95,0.35,1217
2021-11-26,2431,886605,11269101,12.9,13.0,12.45,12.5,-0.45,423
2021-11-29,2431,610340,7449306,12.25,12.4,11.9,12.3,-0.2,287
2021-11-30,2431,580128,7194131,12.4,12.55,12.25,12.5,0.2,212
2021-12-01,2431,532287,6710329,12.3,12.8,12.3,12.55,0.05,241
2021-12-02,2431,3125323,40364522,12.55,13.15,12.5,12.9,0.35,842
2021-12-03,2431,7312198,96850381,12.9,13.4,12.8,13.05,0.15,1456
2021-12-06,2431,913989,11867279,13.0,13.15,12.8,12.85,-0.2,365
2021-12-07,2431,3165084,41935695,13.1,13.35,12.9,13.35,0.5,773
2021-12-08,2431,13090368,180613564,13.35,14.1,13.15,13.55,0.2,2326
2021-12-09,2431,1261328,16916345,13.55,13.7,13.2,13.25,-0.3,533
2021-12-10,2431,880793,11540759,13.15,13.35,12.95,13.05,-0.2,347
2021-12-13,2431,1942680,25749094,13.1,13.5,13.0,13.05,0.0,512
2021-12-14,2431,581206,7556427,13.2,13.2,12.8,12.8,-0.25,248
2021-12-15,2431,863305,11193764,12.8,13.15,12.75,13.05,0.25,237
2021-12-16,2431,464240,6060341,13.15,13.15,12.95,12.95,-0.1,166
2021-12-17,2431,465326,6015099,12.9,13.2,12.8,12.85,-0.1,213
2021-12-20,2431,1444772,18923883,12.85,13.4,12.6,13.4,0.55,549
2021-12-21,2431,19203583,265563144,13.5,14.15,13.3,13.3,-0.1,3765
2021-12-22,2431,30604918,433022261,13.3,14.45,13.15,14.1,0.8,4931
2021-12-23,2431,13439058,192058754,14.0,14.65,13.8,14.15,0.05,3185
2021-12-24,2431,1719433,23877972,14.05,14.1,13.75,13.85,-0.3,760
2021-12-27,2431,1619013,22294914,13.8,14.0,13.6,13.65,-0.2,667
2021-12-28,2431,960673,13141162,13.7,13.8,13.55,13.8,0.15,410
2021-12-29,2431,4156353,58551403,13.8,14.3,13.75,14.0,0.2,1047
2021-12-30,2431,678869,9476097,14.25,14.25,13.8,13.85,-0.15,323
2022-01-03,2431,21966184,319033847,13.95,14.85,13.6,14.25,0.4,3308
2022-01-04,2431,1356621,19191763,14.2,14.4,14.0,14.2,-0.05,648
2022-01-05,2431,976258,13622807,14.05,14.1,13.85,13.9,-0.3,418
2022-01-06,2431,595021,8210334,13.9,14.0,13.7,13.75,-0.15,276
2022-01-07,2431,782687,10560437,13.7,13.8,13.3,13.35,-0.4,383
2022-01-10,2431,311808,4129360,13.15,13.4,13.05,13.2,-0.15,188
2022-01-11,2431,818377,10508576,13.1,13.2,12.6,12.65,-0.55,387
2022-01-12,2431,449489,5659861,12.7,12.85,12.45,12.45,-0.2,189
2022-01-13,2431,281764,3527796,12.6,12.65,12.45,12.45,0.0,152
2022-01-14,2431,634326,7650011,12.35,12.35,11.9,12.0,-0.45,294
2022-01-17,2431,287096,3519869,12.0,12.4,12.0,12.4,0.4,147
2022-01-18,2431,138647,1712914,12.4,12.5,12.3,12.3,-0.1,100
2022-01-19,2431,204015,2475382,12.1,12.2,12.0,12.15,-0.15,112
2022-01-20,2431,325147,3975659,12.15,12.35,12.15,12.2,0.05,118
2022-01-21,2431,358249,4338259,12.15,12.25,12.05,12.2,0.0,177
2022-01-24,2431,201306,2384788,12.0,12.0,11.65,11.95,-0.25,148
2022-01-25,2431,267354,3123368,11.9,12.0,11.6,11.6,-0.35,167
2022-01-26,2431,364149,4208777,11.45,11.8,11.4,11.6,0.0,199
2022-02-07,2431,313498,3728960,11.7,12.15,11.55,12.0,0.4,282
2022-02-08,2431,273024,3320540,11.9,12.3,11.9,12.2,0.2,124
2022-02-09,2431,310057,3816872,12.35,12.45,12.2,12.35,0.15,168
2022-02-10,2431,129021,1578903,12.3,12.35,12.2,12.3,-0.05,70
2022-02-11,2431,92005,1124511,12.15,12.25,12.15,12.25,-0.05,58
2022-02-14,2431,304061,3585102,12.0,12.0,11.65,11.65,-0.6,196
2022-02-15,2431,160109,1892576,11.6,11.95,11.6,11.8,0.15,107
2022-02-16,2431,141242,1698290,11.9,12.15,11.9,12.0,0.2,79
2022-02-17,2431,183265,2185831,12.0,12.05,11.8,11.85,-0.15,121
2022-02-18,2431,172763,2051014,11.7,12.0,11.7,11.9,0.05,316
2022-02-21,2431,170299,2029906,11.9,12.0,11.85,11.95,0.05,100
2022-02-22,2431,190215,2229798,11.85,11.95,11.6,11.65,-0.3,133
2022-02-23,2431,249021,2992452,11.8,12.25,11.8,12.1,0.45,133
2022-02-24,2431,232118,2723280,12.1,12.1,11.6,11.65,-0.45,158
2022-02-25,2431,145008,1703645,11.7,11.85,11.6,11.8,0.15,75
2022-03-01,2431,213267,2524746,11.8,11.9,11.8,11.85,0.05,135
2022-03-02,2431,142652,1694023,11.85,12.0,11.7,11.95,0.1,105
2022-03-03,2431,151035,1799675,12.0,12.05,11.8,11.8,-0.15,91
2022-03-04,2431,102897,1214617,11.8,11.85,11.75,11.75,-0.05,83
2022-03-07,2431,251148,2861044,11.75,11.75,11.25,11.35,-0.4,157
2022-03-08,2431,325060,3603214,11.0,11.45,10.95,10.95,-0.4,188
2022-03-09,2431,124142,1384331,11.1,11.25,11.1,11.2,0.25,72
2022-03-10,2431,113060,1283318,11.35,11.4,11.3,11.35,0.15,80
2022-03-11,2431,96017,1072253,11.4,11.4,11.1,11.2,-0.15,67
2022-03-14,2431,117742,1313610,11.3,11.3,11.1,11.15,-0.05,87
2022-03-15,2431,282970,3092081,11.05,11.05,10.85,10.85,-0.3,126
2022-03-16,2431,134021,1460827,10.95,11.0,10.85,10.9,0.05,84
2022-03-17,2431,166213,1850043,11.1,11.2,11.05,11.15,0.25,90
2022-03-18,2431,97027,1084400,11.1,11.25,11.05,11.2,0.05,68
2022-03-21,2431,142306,1607870,11.35,11.35,11.2,11.25,0.05,101
2022-03-22,2431,232018,2616955,11.3,11.35,11.15,11.35,0.1,120
2022-03-23,2431,2450655,30261523,11.5,12.45,11.5,12.45,1.1,746
2022-03-24,2431,2599771,31474546,12.0,12.3,12.0,12.05,-0.4,1085
2022-03-25,2431,619006,7493369,12.25,12.25,12.0,12.05,0.0,303
2022-03-28,2431,481275,5736175,12.1,12.1,11.75,11.95,-0.1,257
2022-03-29,2431,151080,1806910,11.9,12.1,11.85,11.9,-0.05,110
2022-03-30,2431,1086770,13362908,12.1,12.8,11.9,12.3,0.4,479
2022-03-31,2431,470444,5783208,12.45,12.45,12.1,12.15,-0.15,216
2022-04-01,2431,258026,3104510,12.05,12.1,11.95,12.0,-0.15,131
2022-04-06,2431,150577,1803999,12.0,12.1,11.9,12.0,0.0,130
2022-04-07,2431,256826,3045811,11.9,12.05,11.7,11.7,-0.3,649
2022-04-08,2431,142070,1685057,11.9,11.9,11.8,11.9,0.2,466
2022-04-11,2431,310562,3684806,11.8,12.2,11.7,11.75,-0.15,473
2022-04-12,2431,305283,3548779,11.75,11.75,11.55,11.55,-0.2,309
2022-04-13,2431,443880,5299781,11.7,12.1,11.65,11.9,0.35,320
2022-04-14,2431,140445,1675594,12.1,12.1,11.8,11.8,-0.1,223
2022-04-15,2431,93224,1097528,11.8,11.85,11.7,11.8,0.0,157
2022-04-18,2431,206978,2426127,11.7,11.85,11.55,11.65,-0.15,297
2022-04-19,2431,58444,692626,11.95,11.95,11.8,11.8,0.15,251
2022-04-20,2431,129507,1545624,12.1,12.1,11.85,11.9,0.1,314
2022-04-21,2431,191819,2271692,11.9,11.95,11.8,11.85,-0.05,505
2022-04-22,2431,406535,4852534,11.85,12.2,11.7,12.0,0.15,232
2022-04-25,2431,217148,2550484,12.05,12.05,11.65,11.7,-0.3,120
2022-04-26,2431,97134,1137794,11.7,11.8,11.65,11.7,0.0,76
2022-04-27,2431,211636,2400585,11.3,11.65,11.15,11.4,-0.3,112
2022-04-28,2431,130128,1484845,11.4,11.5,11.3,11.4,0.0,62
2022-04-29,2431,74350,859085,11.7,11.7,11.4,11.45,0.05,80
2022-05-03,2431,85013,964993,11.35,11.5,11.3,11.4,-0.05,57
2022-05-04,2431,48013,547793,11.4,11.45,11.35,11.35,-0.05,42
2022-05-05,2431,78015,895712,11.55,11.55,11.4,11.45,0.1,55
2022-05-06,2431,196175,2184339,11.2,11.2,11.05,11.15,-0.3,100
2022-05-09,2431,202219,2220127,11.15,11.15,10.85,10.85,-0.3,93
2022-05-10,2431,106055,1169559,10.7,11.2,10.65,11.2,0.35,65
2022-05-11,2431,104005,1162856,11.2,11.25,11.1,11.2,0.0,41
2022-05-12,2431,87122,949162,11.15,11.15,10.75,10.8,-0.4,59
2022-05-13,2431,180258,1960929,10.8,11.1,10.8,10.8,0.0,79
2022-05-16,2431,170010,1841700,10.7,11.05,10.7,10.85,0.05,93
2022-05-17,2431,173322,1882729,10.9,10.95,10.75,10.9,0.05,53
2022-05-18,2431,341011,3776467,11.1,11.25,11.0,11.0,0.1,124
2022-05-19,2431,165159,1804928,10.8,11.1,10.8,11.05,0.05,68
2022-05-20,2431,147510,1639756,11.15,11.25,11.0,11.1,0.05,71
2022-05-23,2431,204039,2261481,11.05,11.25,11.0,11.2,0.1,97
2022-05-24,2431,159272,1775797,11.35,11.35,11.0,11.0,-0.2,70
2022-05-25,2431,229262,2544735,11.0,11.2,11.0,11.15,0.15,99
2022-05-26,2431,147313,1626570,11.25,11.25,10.95,10.95,-0.2,74
2022-05-27,2431,226071,2495378,11.0,11.15,11.0,11.05,0.1,83
2022-05-30,2431,1929307,21863300,11.15,11.5,11.1,11.25,0.2,393
2022-05-31,2431,147005,1647405,11.15,11.35,11.15,11.2,-0.05,80
2022-06-01,2431,198638,2237362,11.3,11.35,11.2,11.2,0.0,111
2022-06-02,2431,91012,1024384,11.2,11.4,11.2,11.2,0.0,52
2022-06-06,2431,157119,1755969,11.2,11.35,11.15,11.15,-0.05,76
2022-06-07,2431,60005,673305,11.15,11.3,11.15,11.2,0.05,39
2022-06-08,2431,169229,1914854,11.4,11.4,11.25,11.25,0.05,80
2022-06-09,2431,110008,1239288,11.25,11.35,11.2,11.2,-0.05,51
2022-06-10,2431,87012,978783,11.15,11.3,11.15,11.25,0.05,44
2022-06-13,2431,192616,2125062,11.15,11.15,10.9,10.95,-0.3,111
2022-06-14,2431,424367,4700312,10.9,11.25,10.8,11.25,0.3,128
2022-06-15,2431,338447,3794189,11.3,11.3,11.05,11.05,-0.2,154
2022-06-16,2431,111169,1226900,11.2,11.2,10.8,10.8,-0.25,81
2022-06-17,2431,122016,1323319,10.95,10.95,10.75,10.8,0.0,72
2022-06-20,2431,206706,2183656,10.85,10.85,10.4,10.45,-0.35,136
2022-06-21,2431,155244,1636007,10.5,10.75,10.25,10.6,0.15,98
2022-06-22,2431,233160,2408802,10.55,10.6,10.2,10.2,-0.4,97
2022-06-23,2431,435447,4375528,10.1,10.45,9.65,10.0,-0.2,199
2022-06-24,2431,89314,915729,10.25,10.3,10.2,10.2,0.2,65
2022-06-27,2431,306247,3272397,10.35,10.85,10.35,10.75,0.55,171
2022-06-28,2431,133009,1406290,10.7,10.7,10.5,10.55,-0.2,66
2022-06-29,2431,77020,810812,10.65,10.65,10.45,10.45,-0.1,47
2022-06-30,2431,147829,1518892,10.45,10.5,10.1,10.35,-0.1,79
2022-07-01,2431,257021,2627042,10.35,10.5,9.81,10.5,0.15,135
2022-07-04,2431,135080,1402982,10.4,10.5,10.3,10.35,-0.15,68
2022-07-05,2431,370029,3900300,10.5,10.8,10.3,10.4,0.05,142
2022-07-06,2431,322176,3244566,10.4,10.55,9.95,9.98,-0.42,142
2022-07-07,2431,173018,1745521,10.1,10.2,9.95,10.15,0.17,101
2022-07-08,2431,267057,2735133,10.2,10.35,10.15,10.25,0.1,107
2022-07-11,2431,13285,135083,10.2,10.2,10.15,10.15,-0.1,27
2022-07-12,2431,100076,1001332,10.05,10.2,9.96,9.97,-0.18,60
2022-07-13,2431,52022,526272,10.1,10.15,10.0,10.15,0.18,44
2022-07-14,2431,58099,588551,10.0,10.2,10.0,10.15,0.0,49
2022-07-15,2431,55018,556184,10.1,10.25,10.1,10.1,-0.05,41
2022-07-18,2431,69936,714954,10.15,10.3,10.15,10.25,0.15,55
2022-07-19,2431,106014,1087540,10.25,10.3,10.25,10.25,0.0,57
2022-07-20,2431,356478,3697922,10.3,10.5,10.25,10.3,0.05,135
2022-07-21,2431,152105,1583149,10.35,10.5,10.35,10.5,0.2,88
2022-07-22,2431,140008,1462783,10.5,10.55,10.35,10.35,-0.15,71
2022-07-25,2431,312040,3271159,10.35,10.6,10.35,10.55,0.2,117
2022-07-26,2431,96013,1009680,10.55,10.6,10.45,10.45,-0.1,60
2022-07-27,2431,159471,1668905,10.45,10.55,10.35,10.5,0.05,106
2022-07-28,2431,258238,2630563,10.2,10.25,10.1,10.2,0.0,129
2022-07-29,2431,120107,1232204,10.25,10.3,10.2,10.25,0.05,65
2022-08-01,2431,106029,1091799,10.2,10.35,10.2,10.3,0.05,44
2022-08-02,2431,152114,1546203,10.15,10.25,10.1,10.15,-0.15,75
2022-08-03,2431,148046,1493615,10.1,10.15,10.0,10.05,-0.1,82
2022-08-04,2431,73202,733135,10.1,10.15,9.95,10.0,-0.05,67
2022-08-05,2431,221020,2239251,10.05,10.25,10.05,10.15,0.15,98
2022-08-08,2431,98014,1005640,10.15,10.4,10.1,10.3,0.15,75
2022-08-09,2431,195006,2032160,10.3,10.5,10.3,10.5,0.2,100
2022-08-10,2431,254061,2695586,10.35,10.75,10.35,10.6,0.1,112
2022-08-11,2431,615901,6752486,10.9,11.4,10.75,10.85,0.25,311
2022-08-12,2431,626123,6917287,11.0,11.35,10.85,10.85,0.0,251
2022-08-15,2431,270258,2927043,10.95,10.95,10.75,10.8,-0.05,116
2022-08-16,2431,447111,4924659,10.9,11.15,10.9,11.1,0.3,198
2022-08-17,2431,512039,5721793,11.2,11.3,11.1,11.1,0.0,215
2022-08-18,2431,394088,4416579,11.0,11.3,11.0,11.25,0.15,179
2022-08-19,2431,383321,4346340,11.4,11.45,11.25,11.35,0.1,184
2022-08-22,2431,515026,5814291,11.35,11.45,11.2,11.25,-0.1,165
2022-08-23,2431,284009,3162603,11.2,11.25,11.05,11.1,-0.15,115
2022-08-24,2431,400199,4499990,11.2,11.4,11.1,11.3,0.2,132
2022-08-25,2431,751180,8724540,11.45,11.85,11.4,11.6,0.3,304
2022-08-26,2431,334434,3929718,11.75,11.85,11.65,11.65,0.05,189
2022-08-29,2431,235058,2668902,11.45,11.45,11.3,11.3,-0.35,95
2022-08-30,2431,171003,1962033,11.5,11.55,11.35,11.55,0.25,75
2022-08-31,2431,508480,5991454,11.55,11.95,11.55,11.8,0.25,233
2022-09-01,2431,401023,4735413,11.75,12.0,11.65,11.7,-0.1,218
2022-09-02,2431,870172,10467744,11.85,12.2,11.85,12.15,0.45,405
2022-09-05,2431,568171,6741176,12.2,12.2,11.55,12.0,-0.15,301
2022-09-06,2431,291253,3402462,11.9,11.9,11.45,11.45,-0.55,174
2022-09-07,2431,394007,4483527,11.45,11.75,11.05,11.6,0.15,190
2022-09-08,2431,152541,1774813,11.55,11.75,11.55,11.6,0.0,84
2022-09-12,2431,368009,4323049,11.6,12.0,11.6,11.6,0.0,121
2022-09-13,2431,239048,2768048,11.6,11.75,11.45,11.65,0.05,109
2022-09-14,2431,76011,871680,11.55,11.55,11.35,11.5,-0.15,61
2022-09-15,2431,149067,1725324,11.5,11.65,11.45,11.55,0.05,74
2022-09-16,2431,172083,1950721,11.4,11.45,11.25,11.25,-0.3,82
2022-09-19,2431,100006,1123416,11.3,11.3,11.15,11.2,-0.05,53
2022-09-20,2431,83016,927276,11.15,11.25,11.1,11.15,-0.05,50
2022-09-21,2431,36022,401293,11.1,11.2,11.1,11.2,0.05,38
2022-09-22,2431,124153,1363826,11.2,11.2,10.9,11.0,-0.2,86
2022-09-23,2431,97105,1055005,11.0,11.1,10.7,10.75,-0.25,82
2022-09-26,2431,460064,4694749,10.7,10.7,10.0,10.1,-0.65,191
2022-09-27,2431,92278,945430,10.2,10.4,10.15,10.4,0.3,53
2022-09-28,2431,307706,3089440,10.3,10.3,9.92,9.92,-0.48,118
2022-09-29,2431,385106,3959083,10.05,10.5,10.05,10.05,0.13,114
2022-09-30,2431,151005,1537570,10.0,10.3,9.92,10.15,0.1,75
2022-10-03,2431,118182,1215995,10.1,10.4,10.1,10.3,0.15,48
2022-10-04,2431,129278,1353636,10.45,10.55,10.3,10.4,0.1,60
2022-10-05,2431,125007,1318720,10.55,10.7,10.45,10.55,0.15,75
2022-10-06,2431,204023,2204442,10.6,10.9,10.6,10.85,0.3,110
2022-10-07,2431,194005,2114702,10.95,11.1,10.75,10.8,-0.05,107
2022-10-11,2431,344108,3584417,10.7,10.7,10.25,10.25,-0.55,129
2022-10-12,2431,70014,725691,10.25,10.45,10.2,10.45,0.2,42
2022-10-13,2431,356825,3596424,10.5,10.5,9.92,9.93,-0.52,162
2022-10-14,2431,238276,2443237,10.1,10.35,10.1,10.25,0.32,105
2022-10-17,2431,114053,1149188,10.25,10.25,9.99,10.2,-0.05,62
2022-10-18,2431,139103,1410089,10.2,10.2,10.05,10.15,-0.05,73
2022-10-19,2431,170058,1729633,10.2,10.3,10.1,10.1,-0.05,81
2022-10-20,2431,157006,1581130,10.05,10.25,9.96,10.1,0.0,66
2022-10-21,2431,216125,2171824,10.05,10.15,9.96,9.96,-0.14,83
2022-10-24,2431,145020,1458653,10.15,10.2,10.0,10.0,0.04,83
2022-10-25,2431,379111,3817629,10.15,10.25,9.98,10.1,0.1,130
2022-10-26,2431,266005,2698500,10.1,10.3,10.05,10.1,0.0,91
2022-10-27,2431,325322,3362732,10.2,10.7,10.15,10.4,0.3,112
2022-10-28,2431,130429,1360177,10.25,10.5,10.25,10.5,0.1,78
2022-10-31,2431,84009,882941,10.5,10.6,10.45,10.55,0.05,44
2022-11-01,2431,89083,939859,10.55,10.6,10.5,10.55,0.0,45
2022-11-02,2431,73051,765555,10.55,10.55,10.45,10.5,-0.05,41
2022-11-03,2431,112776,1169404,10.4,10.55,10.3,10.35,-0.15,82
2022-11-04,2431,143011,1487266,10.3,10.45,10.25,10.35,0.0,53
2022-11-07,2431,90025,940559,10.5,10.5,10.4,10.4,0.05,54
2022-11-08,2431,124008,1300882,10.55,10.55,10.35,10.35,-0.05,65
2022-11-09,2431,47010,489252,10.4,10.45,10.4,10.4,0.05,35
2022-11-10,2431,65206,672754,10.35,10.45,10.25,10.3,-0.1,43
2022-11-11,2431,291021,3028910,10.5,10.75,10.3,10.4,0.1,148
2022-11-14,2431,98005,1024250,10.5,10.55,10.4,10.45,0.05,54
2022-11-15,2431,191025,2001557,10.5,10.55,10.45,10.5,0.05,67
2022-11-16,2431,169029,1762390,10.7,10.7,10.3,10.3,-0.2,104
2022-11-17,2431,125028,1289285,10.3,10.4,10.25,10.3,0.0,62
2022-11-18,2431,71502,739294,10.4,10.4,10.3,10.3,0.0,43
2022-11-21,2431,77005,793700,10.3,10.35,10.25,10.25,-0.05,36
2022-11-22,2431,83485,859797,10.25,10.4,10.25,10.25,0.0,45
2022-11-23,2431,81200,835170,10.25,10.35,10.25,10.3,0.05,48
2022-11-24,2431,100024,1033951,10.4,10.4,10.3,10.3,0.0,58
2022-11-25,2431,79801,824822,10.35,10.4,10.25,10.25,-0.05,49
2022-11-28,2431,71136,729687,10.2,10.35,10.2,10.3,0.05,57
2022-11-29,2431,159008,1639982,10.3,10.4,10.2,10.35,0.05,77
2022-11-30,2431,101206,1055591,10.4,10.45,10.35,10.45,0.1,58
2022-12-01,2431,448096,4678441,10.5,10.55,10.35,10.4,-0.05,164
2022-12-02,2431,143219,1499186,10.35,10.5,10.35,10.45,0.05,89
2022-12-05,2431,118973,1250979,10.45,10.6,10.45,10.55,0.1,92
2022-12-06,2431,389070,4003124,10.5,10.55,10.15,10.25,-0.3,204
2022-12-07,2431,124134,1264215,10.25,10.3,10.1,10.15,-0.1,98
2022-12-08,2431,66021,670864,10.15,10.2,10.1,10.15,0.0,47
2022-12-09,2431,144475,1477890,10.2,10.3,10.15,10.25,0.1,76
2022-12-12,2431,110154,1116303,10.2,10.2,10.1,10.2,-0.05,82
2022-12-13,2431,131284,1331653,10.2,10.25,10.05,10.25,0.05,81
2022-12-14,2431,67023,685784,10.25,10.3,10.2,10.2,-0.05,46
2022-12-15,2431,101532,1036282,10.2,10.3,10.15,10.2,0.0,60
2022-12-16,2431,139457,1408326,10.1,10.15,10.05,10.15,-0.05,81
2022-12-19,2431,112007,1129671,10.1,10.1,10.05,10.1,-0.05,56
2022-12-20,2431,175140,1756102,10.1,10.1,9.98,10.1,0.0,90
2022-12-21,2431,126063,1273232,10.1,10.15,10.05,10.1,0.0,52
2022-12-22,2431,97383,987074,10.1,10.25,10.05,10.25,0.15,46
2022-12-23,2431,71353,726350,10.15,10.25,10.1,10.25,0.0,38
2022-12-26,2431,15175,154666,10.2,10.2,10.15,10.2,-0.05,14
2022-12-27,2431,78962,797178,10.15,10.15,10.05,10.1,-0.1,54
2022-12-28,2431,175712,1759480,10.05,10.1,9.96,9.97,-0.13,95
2022-12-29,2431,57096,567747,9.95,9.99,9.87,9.95,-0.02,55
2022-12-30,2431,126013,1257117,10.05,10.1,9.91,9.91,-0.04,73
2023-01-03,2431,146005,1447459,9.91,10.0,9.85,9.9,-0.01,62
2023-01-04,2431,35628,353501,9.89,9.99,9.86,9.89,-0.01,54
2023-01-05,2431,201254,1999766,9.99,10.0,9.89,9.94,0.05,56
2023-01-06,2431,23632,235280,9.97,9.97,9.9,9.93,-0.01,21
2023-01-09,2431,1369680,13864250,10.0,10.2,9.99,10.0,0.07,250
2023-01-10,2431,106015,1063131,10.1,10.1,9.98,9.98,-0.02,52
2023-01-11,2431,210032,2091939,9.96,10.05,9.91,9.92,-0.06,107
2023-01-12,2431,129194,1280488,9.93,9.95,9.9,9.94,0.02,92
2023-01-13,2431,148379,1465404,9.95,9.95,9.83,9.83,-0.11,89
2023-01-16,2431,326774,3185539,9.85,9.85,9.7,9.78,-0.05,138
2023-01-17,2431,65500,642455,9.71,9.88,9.71,9.86,0.08,55
2023-01-30,2431,267460,2625477,10.0,10.0,9.68,9.8,-0.06,150
2023-01-31,2431,85217,833294,9.76,9.81,9.71,9.81,0.01,62
2023-02-01,2431,65044,643403,9.81,9.95,9.81,9.92,0.11,68
2023-02-02,2431,260056,2613839,9.99,10.15,9.97,10.05,0.13,137
2023-02-03,2431,149463,1501527,10.1,10.15,10.0,10.1,0.05,104
2023-02-06,2431,84189,846893,10.05,10.1,10.0,10.1,0.0,78
2023-02-07,2431,113732,1139547,10.05,10.1,9.95,9.95,-0.15,94
2023-02-08,2431,194522,1947539,9.97,10.1,9.95,10.0,0.05,98
2023-02-09,2431,64584,649024,10.05,10.1,10.0,10.05,0.05,80
2023-02-10,2431,37129,370943,10.0,10.0,9.97,9.98,-0.07,49
2023-02-13,2431,43085,430429,10.05,10.05,9.95,9.96,-0.02,73
2023-02-14,2431,132241,1320554,10.1,10.1,9.92,10.0,0.04,92
2023-02-15,2431,95631,958559,10.05,10.1,10.0,10.0,0.0,87
2023-02-16,2431,235045,2375353,10.0,10.15,10.0,10.1,0.1,120
2023-02-17,2431,140331,1421546,10.05,10.2,10.05,10.1,0.0,107
2023-02-20,2431,187496,1917950,10.15,10.3,10.15,10.2,0.1,174
2023-02-21,2431,340024,3516194,10.3,10.45,10.25,10.25,0.05,217
2023-02-22,2431,118385,1204780,10.25,10.25,10.15,10.2,-0.05,121
2023-02-23,2431,164412,1696405,10.2,10.4,10.2,10.3,0.1,129
2023-02-24,2431,133090,1360162,10.3,10.3,10.15,10.2,-0.1,98
2023-03-01,2431,186089,1894383,10.2,10.3,10.15,10.15,-0.05,132
2023-03-02,2431,109104,1106917,10.2,10.2,10.1,10.15,0.0,110
2023-03-03,2431,224317,2307773,10.3,10.35,10.2,10.3,0.15,141
2023-03-06,2431,239066,2480006,10.35,10.45,10.3,10.35,0.05,159
2023-03-07,2431,288077,2999592,10.35,10.5,10.25,10.5,0.15,149
2023-03-08,2431,136650,1432766,10.45,10.55,10.4,10.5,0.0,93
2023-03-09,2431,259056,2701555,10.5,10.55,10.35,10.35,-0.15,151
2023-03-10,2431,250050,2564152,10.3,10.35,10.2,10.2,-0.15,155
2023-03-13,2431,212240,2146691,10.25,10.25,10.0,10.2,0.0,128
2023-03-14,2431,229685,2354783,10.1,10.5,10.1,10.2,0.0,142
2023-03-15,2431,111434,1142091,10.25,10.35,10.15,10.15,-0.05,83
2023-03-16,2431,113043,1145993,10.1,10.2,10.1,10.1,-0.05,80
2023-03-17,2431,264913,2670700,10.2,10.2,10.0,10.15,0.05,142
2023-03-20,2431,49044,495014,10.1,10.15,10.05,10.1,-0.05,65
2023-03-21,2431,130075,1326526,10.2,10.25,10.15,10.2,0.1,85
2023-03-22,2431,537237,5431907,10.25,10.25,10.0,10.2,0.0,242
2023-03-23,2431,296582,3049303,10.1,10.35,10.1,10.3,0.1,120
2023-03-24,2431,1044281,10950705,10.3,10.6,10.3,10.6,0.3,920
2023-03-27,2431,1724071,18962222,10.65,11.35,10.65,11.0,0.4,1138
2023-03-28,2431,513552,5534963,11.0,11.0,10.6,10.75,-0.25,474
2023-03-29,2431,246274,2653019,10.9,10.9,10.7,10.7,-0.05,246
2023-03-30,2431,246611,2638652,10.85,10.85,10.6,10.6,-0.1,248
2023-03-31,2431,154493,1650926,10.65,10.75,10.6,10.75,0.15,173
2023-04-06,2431,402330,4387768,10.75,11.1,10.7,10.9,0.15,386
2023-04-07,2431,306749,3364259,10.95,11.05,10.9,10.95,0.05,284
2023-04-10,2431,559001,6179102,11.05,11.2,10.95,11.2,0.25,460
2023-04-11,2431,1145443,13227843,11.3,11.8,11.3,11.4,0.2,762
2023-04-12,2431,339759,3883591,11.5,11.5,11.35,11.4,0.0,451
2023-04-13,2431,538697,6045459,11.25,11.35,11.15,11.2,-0.2,280
2023-04-14,2431,337020,3780115,11.25,11.3,11.15,11.25,0.05,146
2023-04-17,2431,806274,9307454,11.25,11.8,11.25,11.6,0.35,341
2023-04-18,2431,680440,7890651,11.7,11.75,11.5,11.5,-0.1,224
2023-04-19,2431,328414,3801327,11.7,11.7,11.5,11.55,0.05,130
2023-04-20,2431,503109,5766835,11.55,11.65,11.35,11.5,-0.05,186
2023-04-21,2431,1372910,15847382,11.6,11.8,11.3,11.55,0.05,440
2023-04-24,2431,330028,3816819,11.45,11.65,11.45,11.45,-0.1,122
2023-04-25,2431,1008021,11527086,11.45,11.6,11.3,11.5,0.05,292
2023-04-26,2431,190333,2184496,11.55,11.55,11.4,11.5,0.0,88
2023-04-27,2431,340016,3922176,11.5,11.65,11.4,11.5,0.0,141
2023-04-28,2431,467035,5394093,11.65,11.7,11.5,11.5,0.0,152
2023-05-02,2431,213388,2460458,11.55,11.6,11.5,11.55,0.05,134
2023-05-03,2431,368832,4278076,11.6,11.65,11.55,11.65,0.1,152
2023-05-04,2431,331957,3852442,11.7,11.7,11.5,11.6,-0.05,106
2023-05-05,2431,133384,1547980,11.65,11.65,11.55,11.6,0.0,71
2023-05-08,2431,238318,2752116,11.65,11.65,11.5,11.5,-0.1,84
2023-05-09,2431,654527,7228332,11.55,11.55,10.85,10.95,-0.55,248
2023-05-10,2431,448297,4798733,10.85,10.9,10.6,10.75,-0.2,229
2023-05-11,2431,279018,2951484,10.7,11.0,10.35,10.4,-0.35,165
2023-05-12,2431,359004,3753640,10.5,10.55,10.4,10.5,0.1,125
2023-05-15,2431,307112,3276548,10.5,10.85,10.5,10.7,0.2,151
2023-05-16,2431,549592,5844262,10.8,10.8,10.55,10.55,-0.15,191
2023-05-17,2431,329587,3495291,10.55,10.7,10.5,10.6,0.05,124
2023-05-18,2431,842060,8928778,10.65,10.9,10.5,10.5,-0.1,311
2023-05-19,2431,320059,3366969,10.5,10.6,10.45,10.45,-0.05,130
2023-05-22,2431,380159,4057805,10.55,10.8,10.55,10.7,0.25,157
2023-05-23,2431,435164,4709672,10.7,10.95,10.7,10.8,0.1,197
2023-05-24,2431,185468,2023647,10.85,11.0,10.8,10.9,0.1,120
2023-05-25,2431,226817,2464177,10.95,10.95,10.8,10.85,-0.05,89
2023-05-26,2431,3327081,38821827,10.9,11.9,10.9,11.9,1.05,1011
2023-05-29,2431,3853154,46780592,12.2,12.55,11.8,11.9,0.0,1742
2023-05-30,2431,790904,9286784,12.0,12.0,11.6,11.65,-0.25,386
2023-05-31,2431,1234776,14775428,11.65,12.2,11.65,11.95,0.3,635
2023-06-01,2431,1018343,12383007,12.1,12.4,12.0,12.0,0.05,530
2023-06-02,2431,928927,11126497,12.0,12.2,11.9,11.95,-0.05,389
2023-06-05,2431,1123824,13775002,12.05,12.4,12.0,12.2,0.25,412
2023-06-06,2431,542281,6581622,12.25,12.35,12.05,12.05,-0.15,207
2023-06-07,2431,2743370,35051441,12.65,13.15,12.25,12.65,0.6,1160
2023-06-08,2431,1299166,15996820,12.8,12.8,12.2,12.2,-0.45,542
2023-06-09,2431,902214,10964585,12.4,12.4,11.9,12.2,0.0,370
2023-06-12,2431,937625,11184324,12.25,12.3,11.7,11.9,-0.3,343
2023-06-13,2431,404695,4838263,12.0,12.05,11.8,11.95,0.05,160
2023-06-14,2431,225803,2705461,11.95,12.05,11.9,11.95,0.0,110
2023-06-15,2431,419480,5041091,11.95,12.15,11.95,12.0,0.05,174
2023-06-16,2431,740491,9070273,12.05,12.45,12.0,12.3,0.3,354
2023-06-19,2431,923898,11572299,12.3,12.85,12.25,12.55,0.25,469
2023-06-20,2431,846839,10770885,12.55,12.95,12.5,12.75,0.2,343
2023-06-21,2431,498310,6313472,12.7,12.8,12.6,12.6,-0.15,271
2023-06-26,2431,453566,5628386,12.6,12.6,12.25,12.3,-0.3,200
2023-06-27,2431,825640,9907215,12.3,12.3,11.85,11.85,-0.45,271
2023-06-28,2431,138506,1649699,11.95,12.0,11.8,11.85,0.0,72
2023-06-29,2431,284115,3404331,12.05,12.15,11.85,11.85,0.0,109
2023-06-30,2431,193109,2314264,11.85,12.1,11.85,12.0,0.15,102
2023-07-03,2431,415708,5008358,12.05,12.25,11.95,12.2,0.2,166
2023-07-04,2431,233128,2811586,12.3,12.3,12.0,12.0,-0.2,110
2023-07-05,2431,312975,3755476,12.15,12.15,11.9,11.95,-0.05,125
2023-07-06,2431,268686,3234466,11.9,12.2,11.9,12.0,0.05,143
2023-07-07,2431,707625,8236945,12.0,12.0,11.5,11.5,-0.5,331
2023-07-10,2431,428270,4904639,11.55,11.6,11.35,11.5,0.0,273
2023-07-11,2431,115293,1336090,11.55,11.65,11.5,11.55,0.05,73
2023-07-12,2431,264679,3033673,11.55,11.55,11.35,11.35,-0.2,116
2023-07-13,2431,444865,5044353,11.55,11.55,11.2,11.3,-0.05,170
2023-07-14,2431,219255,2500266,11.35,11.5,11.35,11.35,0.05,79
2023-07-17,2431,225234,2608218,11.4,11.7,11.35,11.6,0.25,109
2023-07-18,2431,298621,3443434,11.7,11.7,11.45,11.5,-0.1,135
2023-07-19,2431,603946,7157011,11.65,12.0,11.65,11.75,0.25,273
2023-07-20,2431,213413,2497984,11.75,11.85,11.6,11.7,-0.05,100
2023-07-21,2431,228788,2689510,11.7,11.95,11.5,11.9,0.2,122
2023-07-24,2431,203758,2400624,11.9,12.05,11.65,11.7,-0.2,142
2023-07-25,2431,140756,1659053,11.7,11.85,11.7,11.8,0.1,113
2023-07-26,2431,229926,2709290,11.8,11.9,11.7,11.7,-0.1,96
2023-07-27,2431,196233,2321405,11.85,11.85,11.7,11.85,0.15,109
2023-07-28,2431,581480,6778458,11.85,11.85,11.45,11.65,-0.2,274
2023-07-31,2431,289708,3347136,11.55,11.65,11.5,11.5,0.0,163
2023-08-01,2431,195009,2240700,11.6,11.6,11.4,11.45,-0.05,92
2023-08-02,2431,621002,6998448,11.35,11.45,11.0,11.25,-0.2,299
2023-08-04,2431,108169,1212830,11.25,11.25,11.1,11.2,-0.05,80
2023-08-07,2431,129023,1435301,11.2,11.2,11.05,11.15,-0.05,80
2023-08-08,2431,128039,1424785,11.2,11.25,11.05,11.05,-0.1,78
2023-08-09,2431,174166,1902658,11.05,11.1,10.8,10.85,-0.2,123
2023-08-10,2431,168134,1795112,10.85,10.85,10.6,10.65,-0.2,132
2023-08-11,2431,78004,834941,10.85,10.85,10.6,10.6,-0.05,58
2023-08-14,2431,119620,1244237,10.65,10.65,10.3,10.4,-0.2,117
2023-08-15,2431,48101,506704,10.5,10.6,10.5,10.6,0.2,47
2023-08-16,2431,105010,1102706,10.45,10.6,10.45,10.45,-0.15,66
2023-08-17,2431,105017,1108031,10.55,10.65,10.4,10.55,0.1,62
2023-08-18,2431,71325,757665,10.55,10.7,10.55,10.6,0.05,70
2023-08-21,2431,29343,311328,10.7,10.7,10.5,10.55,-0.05,36
2023-08-22,2431,83020,870751,10.55,10.6,10.4,10.45,-0.1,65
2023-08-23,2431,197994,2097526,10.55,10.75,10.45,10.65,0.2,135
2023-08-24,2431,137473,1464360,10.8,10.85,10.5,10.55,-0.1,92
2023-08-25,2431,80310,847150,10.5,10.65,10.45,10.5,-0.05,70
2023-08-28,2431,46354,491689,10.7,10.7,10.55,10.55,0.05,52
2023-08-29,2431,38067,405251,10.7,10.7,10.6,10.6,0.05,31
2023-08-30,2431,32250,343035,10.6,10.7,10.6,10.65,0.05,29
2023-08-31,2431,74277,799911,10.7,10.85,10.7,10.85,0.2,56
2023-09-01,2431,135146,1486944,10.9,11.2,10.85,11.05,0.2,105
2023-09-04,2431,96035,1064585,11.15,11.2,11.0,11.05,0.0,88
2023-09-05,2431,136902,1523098,11.0,11.2,11.0,11.05,0.0,92
2023-09-06,2431,233006,2620616,11.35,11.35,11.15,11.2,0.15,125
2023-09-07,2431,116008,1289686,11.1,11.15,11.05,11.05,-0.15,77
2023-09-08,2431,126029,1408171,11.15,11.25,11.05,11.1,0.05,79
2023-09-11,2431,166226,1864142,11.1,11.25,11.1,11.2,0.1,116
2023-09-12,2431,350251,3987316,11.25,11.65,11.2,11.3,0.1,215
2023-09-13,2431,136152,1547257,11.35,11.4,11.3,11.35,0.05,97
2023-09-14,2431,123159,1400843,11.45,11.45,11.3,11.4,0.05,72
2023-09-15,2431,158984,1809361,11.4,11.5,11.3,11.35,-0.05,96
2023-09-18,2431,64090,725072,11.35,11.4,11.25,11.3,-0.05,48
2023-09-19,2431,45772,513918,11.3,11.3,11.15,11.2,-0.1,41
2023-09-20,2431,82207,910985,11.2,11.25,11.0,11.0,-0.2,80
2023-09-21,2431,64065,698852,11.0,11.0,10.85,11.0,0.0,62
2023-09-22,2431,73525,806031,11.1,11.1,10.9,10.9,-0.1,66
2023-09-25,2431,77219,851593,11.0,11.15,10.9,11.1,0.2,65
2023-09-26,2431,42109,463458,11.05,11.1,10.95,11.1,0.0,35
2023-09-27,2431,93017,1032388,11.1,11.15,11.05,11.05,-0.05,41
2023-09-28,2431,169734,1886913,11.15,11.2,11.05,11.2,0.15,114
2023-10-02,2431,165243,1843416,11.3,11.3,11.05,11.1,-0.1,159
2023-10-03,2431,55101,611065,11.2,11.2,11.05,11.05,-0.05,27
2023-10-04,2431,231539,2588605,11.05,11.3,11.0,11.25,0.2,106
2023-10-05,2431,161458,1828593,11.25,11.4,11.25,11.3,0.05,114
2023-10-06,2431,48122,543374,11.25,11.3,11.25,11.3,0.0,41
2023-10-11,2431,108799,1209502,11.15,11.3,11.05,11.1,-0.2,91
2023-10-12,2431,65101,722310,11.1,11.15,11.05,11.1,0.0,50
2023-10-13,2431,53218,590515,11.2,11.25,11.05,11.05,-0.05,42
2023-10-16,2431,92108,1005735,11.05,11.05,10.85,10.85,-0.2,65
2023-10-17,2431,71248,771887,10.95,10.95,10.75,10.75,-0.1,69
2023-10-18,2431,45048,479311,10.8,10.8,10.6,10.6,-0.15,41
2023-10-19,2431,71012,754770,10.8,10.8,10.6,10.65,0.05,39
2023-10-20,2431,123025,1293702,10.65,10.7,10.4,10.55,-0.1,91
2023-10-23,2431,98421,1039294,10.55,10.65,10.5,10.5,-0.05,64
2023-10-24,2431,42011,445260,10.65,10.65,10.55,10.6,0.1,36
2023-10-25,2431,61474,657476,10.6,10.75,10.6,10.75,0.15,55
2023-10-26,2431,116015,1255051,10.75,10.95,10.7,10.85,0.1,92
2023-10-27,2431,62071,669852,10.85,10.9,10.7,10.8,-0.05,45
2023-10-30,2431,50293,543193,10.85,10.85,10.75,10.75,-0.05,37
2023-10-31,2431,39107,419474,10.75,10.85,10.65,10.8,0.05,37
2023-11-01,2431,33011,352311,10.65,10.7,10.6,10.6,-0.2,24
2023-11-02,2431,143295,1541626,10.75,10.85,10.7,10.8,0.2,48
2023-11-03,2431,164541,1776483,10.8,10.95,10.7,10.85,0.05,91
2023-11-06,2431,84177,918015,10.85,11.0,10.8,10.95,0.1,78
2023-11-07,2431,63008,686736,10.9,11.0,10.85,11.0,0.05,38
2023-11-08,2431,30346,331597,11.0,11.05,10.9,10.9,-0.1,27
2023-11-09,2431,123712,1355612,11.0,11.1,10.85,11.0,0.1,80
2023-11-10,2431,52147,571244,11.0,11.0,10.85,11.0,0.0,38
2023-11-13,2431,106007,1150465,11.05,11.05,10.75,10.9,-0.1,75
2023-11-14,2431,47115,508848,10.9,10.9,10.75,10.75,-0.15,32
2023-11-15,2431,90014,974498,10.95,10.95,10.8,10.85,0.1,47
2023-11-16,2431,27074,293981,10.9,10.9,10.8,10.8,-0.05,27
2023-11-17,2431,56434,613014,10.8,10.9,10.8,10.85,0.05,48
2023-11-20,2431,62184,679133,10.9,10.95,10.9,10.95,0.1,56
2023-11-21,2431,216334,2397650,11.0,11.2,10.9,11.2,0.25,135
2023-11-22,2431,91902,1034833,11.2,11.35,11.15,11.25,0.05,72
2023-11-23,2431,142641,1619732,11.45,11.45,11.2,11.4,0.15,103
2023-11-24,2431,100112,1136827,11.4,11.45,11.25,11.4,0.0,73
2023-11-27,2431,77422,875183,11.45,11.45,11.15,11.2,-0.2,53
2023-11-28,2431,81097,913709,11.25,11.35,11.15,11.35,0.15,59
2023-11-29,2431,204496,2314181,11.4,11.4,11.25,11.25,-0.1,52
2023-11-30,2431,159084,1801503,11.4,11.45,11.25,11.25,0.0,70
2023-12-01,2431,132206,1494513,11.35,11.4,11.25,11.35,0.1,76
2023-12-04,2431,172302,1961680,11.45,11.5,11.25,11.4,0.05,97
2023-12-05,2431,151690,1721144,11.45,11.45,11.3,11.35,-0.05,71
2023-12-06,2431,139160,1578665,11.45,11.45,11.3,11.3,-0.05,81
2023-12-07,2431,134547,1513963,11.4,11.4,11.15,11.3,0.0,71
2023-12-08,2431,159004,1791696,11.4,11.4,11.2,11.3,0.0,71
2023-12-11,2431,211282,2353413,11.2,11.25,11.0,11.15,-0.15,122
2023-12-12,2431,225348,2510815,11.2,11.2,11.05,11.2,0.05,86
2023-12-13,2431,387339,4383725,11.2,11.4,11.2,11.35,0.15,126
2023-12-14,2431,149202,1711618,11.4,11.5,11.4,11.45,0.1,95
2023-12-15,2431,360495,4151972,11.5,11.7,11.4,11.6,0.15,165
2023-12-18,2431,178029,2050370,11.65,11.65,11.35,11.65,0.05,111
2023-12-19,2431,244333,2789341,11.65,11.65,11.3,11.55,-0.1,124
2023-12-20,2431,163451,1886762,11.55,11.6,11.5,11.6,0.05,66
2023-12-21,2431,235630,2696431,11.5,11.5,11.35,11.4,-0.2,124
2023-12-22,2431,116419,1335433,11.4,11.55,11.4,11.45,0.05,83
2023-12-25,2431,64465,736773,11.5,11.5,11.4,11.4,-0.05,35
2023-12-26,2431,88047,1007987,11.45,11.5,11.4,11.5,0.1,46
2023-12-27,2431,203411,2324529,11.5,11.5,11.3,11.4,-0.1,109
2023-12-28,2431,147215,1687797,11.4,11.5,11.4,11.5,0.1,76
2023-12-29,2431,501745,5747531,11.5,11.55,11.35,11.55,0.05,182
2024-01-02,2431,50066,575298,11.55,11.55,11.45,11.55,0.0,41
2024-01-03,2431,296756,3389540,11.5,11.55,11.3,11.55,0.0,121
2024-01-04,2431,524616,6079454,11.55,11.8,11.45,11.8,0.25,204
2024-01-05,2431,422479,4967837,11.85,12.05,11.5,11.75,-0.05,236
2024-01-08,2431,160097,1863674,11.75,11.75,11.5,11.5,-0.25,103
2024-01-09,2431,260173,2978090,11.55,11.6,11.35,11.55,0.05,129
2024-01-10,2431,226294,2561036,11.5,11.5,11.2,11.3,-0.25,130
2024-01-11,2431,88318,1004464,11.3,11.4,11.3,11.35,0.05,62
2024-01-12,2431,326508,3706140,11.25,11.45,11.25,11.45,0.1,119
2024-01-15,2431,346419,3922848,11.4,11.45,11.25,11.35,-0.1,133
2024-01-16,2431,220015,2479815,11.35,11.35,11.15,11.3,-0.05,112
2024-01-17,2431,132090,1482962,11.25,11.3,11.15,11.15,-0.15,92
2024-01-18,2431,101103,1141572,11.2,11.4,11.2,11.35,0.2,80
2024-01-19,2431,326602,3674624,11.25,11.35,11.15,11.35,0.0,140
2024-01-22,2431,96302,1090851,11.35,11.35,11.3,11.3,-0.05,73
2024-01-23,2431,137134,1553124,11.35,11.35,11.3,11.3,0.0,78
2024-01-24,2431,160045,1821399,11.35,11.45,11.3,11.35,0.05,93
2024-01-25,2431,3311059,40742063,11.4,12.45,11.4,12.45,1.1,950
2024-01-26,2431,8835951,113465474,12.85,13.25,12.25,12.55,0.1,3365
2024-01-29,2431,1834008,22644383,12.55,12.6,12.1,12.55,0.0,882
2024-01-30,2431,3655152,46229718,12.55,12.95,12.35,12.55,0.0,1029
2024-01-31,2431,766330,9668129,12.55,12.75,12.45,12.65,0.1,425
2024-02-01,2431,3158647,41214664,12.7,13.4,12.65,12.75,0.1,1313
2024-02-02,2431,1462849,18702623,12.85,12.95,12.55,12.7,-0.05,546
2024-02-05,2431,952073,11981732,12.9,12.9,12.4,12.4,-0.3,403
2024-02-15,2431,908870,11487735,12.45,12.9,12.4,12.6,0.2,427
2024-02-16,2431,1659148,21601273,12.6,13.25,12.55,12.9,0.3,668
2024-02-19,2431,4317295,60220246,13.0,14.15,13.0,14.15,1.25,1352
2024-02-20,2431,6974967,99210336,14.55,15.1,13.5,13.9,-0.25,3128
2024-02-21,2431,1565454,21868000,14.15,14.15,13.8,13.9,0.0,739
2024-02-22,2431,1917547,27028811,14.1,14.25,13.9,14.0,0.1,773
2024-02-23,2431,1715987,24492101,14.05,14.55,14.05,14.15,0.15,859
2024-02-26,2431,1319453,18607369,14.15,14.45,13.85,14.05,-0.1,632
2024-02-27,2431,1805412,25174360,14.15,14.25,13.7,14.15,0.1,703
2024-02-29,2431,7595814,113671823,14.3,15.55,14.3,14.6,0.45,2799
2024-03-01,2431,1813488,25835410,14.5,14.5,14.05,14.35,-0.25,942
2024-03-04,2431,1860948,26858469,14.55,14.7,14.2,14.25,-0.1,814
2024-03-05,2431,1656284,23645990,14.35,14.45,14.1,14.25,0.0,609
2024-03-06,2431,2021101,29557238,14.3,14.95,14.3,14.7,0.45,889
2024-03-07,2431,2036327,29884267,14.8,15.0,14.4,14.4,-0.3,823
2024-03-08,2431,1651909,23110925,14.6,14.6,13.7,13.8,-0.6,790
2024-03-11,2431,617302,8582198,13.6,14.05,13.6,14.0,0.2,329
2024-03-12,2431,997624,13824432,14.0,14.1,13.6,13.6,-0.4,508
2024-03-13,2431,1809721,23926427,13.6,13.85,12.95,13.1,-0.5,1273
2024-03-14,2431,952721,12500656,13.2,13.25,12.85,13.2,0.1,674
2024-03-15,2431,1259597,16196699,13.3,13.3,12.5,13.15,-0.05,777
2024-03-18,2431,582400,7449511,13.0,13.05,12.65,12.8,-0.35,590
2024-03-19,2431,639935,8193458,12.7,12.9,12.7,12.9,0.1,527
2024-03-20,2431,1073173,13582984,13.0,13.0,12.5,12.7,-0.2,594
2024-03-21,2431,743256,9478337,12.7,13.0,12.55,13.0,0.3,528
2024-03-22,2431,446949,5762024,12.95,13.0,12.75,12.8,-0.2,465
2024-03-25,2431,695294,8970332,12.8,13.15,12.7,13.1,0.3,664
2024-03-26,2431,527884,6928794,13.15,13.35,12.95,13.25,0.15,605
2024-03-27,2431,1582464,21299549,13.5,13.7,13.25,13.35,0.1,896
2024-03-28,2431,678965,8886535,13.35,13.35,12.95,13.1,-0.25,441
2024-03-29,2431,476506,6263940,13.1,13.25,13.0,13.25,0.15,217
2024-04-01,2431,412586,5529216,13.35,13.55,13.25,13.45,0.2,285
2024-04-02,2431,323521,4308142,13.45,13.5,13.25,13.25,-0.2,161
2024-04-03,2431,418254,5475460,13.3,13.3,13.0,13.3,0.05,221
2024-04-08,2431,548472,7170852,13.3,13.3,13.0,13.15,-0.15,283
2024-04-09,2431,592936,7895188,13.4,13.5,13.2,13.25,0.1,239
2024-04-10,2431,1004397,13727044,13.35,13.85,13.35,13.65,0.4,453
2024-04-11,2431,1003640,13257702,13.5,13.5,13.0,13.05,-0.6,407
2024-04-12,2431,542113,7125762,13.05,13.3,12.9,13.25,0.2,242
2024-04-15,2431,347456,4603680,13.25,13.45,13.1,13.15,-0.1,242
2024-04-16,2431,733278,9325436,13.15,13.15,12.5,12.55,-0.6,292
2024-04-17,2431,310531,3975174,12.6,12.9,12.6,12.8,0.25,160
2024-04-18,2431,214120,2735787,12.65,12.9,12.6,12.85,0.05,128
2024-04-19,2431,857455,10771830,12.7,12.9,12.05,12.8,-0.05,333
2024-04-22,2431,839148,10496592,12.8,12.8,12.25,12.35,-0.45,279
2024-04-23,2431,227668,2851453,12.5,12.65,12.4,12.6,0.25,125
2024-04-24,2431,323257,4077743,12.6,12.7,12.55,12.7,0.1,132
2024-04-25,2431,188388,2362758,12.6,12.6,12.5,12.5,-0.2,87
2024-04-26,2431,313653,3906999,12.65,12.65,12.3,12.3,-0.2,154
2024-04-29,2431,205340,2528972,12.3,12.4,12.25,12.35,0.05,180
2024-04-30,2431,331654,4033942,12.4,12.4,12.05,12.1,-0.25,239
2024-05-02,2431,276959,3370693,12.1,12.3,12.05,12.25,0.15,166
2024-05-03,2431,184015,2248181,12.4,12.45,12.15,12.25,0.0,145
2024-05-06,2431,368287,4483783,12.3,12.3,12.05,12.25,0.0,215
2024-05-07,2431,435758,5363487,12.3,12.5,12.1,12.5,0.25,235
2024-05-08,2431,341104,4228734,12.6,12.6,12.25,12.45,-0.05,204
2024-05-09,2431,154415,1914115,12.35,12.45,12.3,12.45,0.0,119
2024-05-10,2431,573360,7014819,12.45,12.45,12.05,12.45,0.0,286
2024-05-13,2431,427406,5196200,12.25,12.3,12.1,12.1,-0.35,261
2024-05-14,2431,366124,4404693,12.1,12.2,11.9,12.1,0.0,210
2024-05-15,2431,215348,2601482,12.1,12.15,12.0,12.1,0.0,143
2024-05-16,2431,254034,3105586,12.2,12.3,12.15,12.3,0.2,151
2024-05-17,2431,721534,9113475,12.3,13.0,12.3,12.6,0.3,333
2024-05-20,2431,436265,5439656,12.75,12.75,12.35,12.45,-0.15,204
2024-05-21,2431,181642,2288293,12.45,12.8,12.45,12.55,0.1,123
2024-05-22,2431,462414,5901216,12.65,12.95,12.6,12.75,0.2,240
2024-05-23,2431,538679,6762652,12.75,12.85,12.4,12.75,0.0,209
2024-05-24,2431,350120,4440615,12.65,12.8,12.5,12.75,0.0,178
2024-05-27,2431,343507,4395899,12.75,12.9,12.7,12.9,0.15,181
2024-05-28,2431,831728,10780815,12.95,13.05,12.85,13.0,0.1,324
2024-05-29,2431,588307,7595607,13.0,13.1,12.8,12.9,-0.1,268
2024-05-30,2431,324150,4156719,12.9,13.0,12.7,12.9,0.0,184
2024-05-31,2431,266748,3448715,12.9,13.0,12.9,13.0,0.1,166
2024-06-03,2431,238086,3088948,13.1,13.1,12.85,12.85,-0.15,145
2024-06-04,2431,429127,5464072,12.9,12.95,12.55,12.8,-0.05,179
2024-06-05,2431,229013,2901762,12.8,12.8,12.6,12.6,-0.2,116
2024-06-06,2431,276269,3466370,12.6,12.7,12.45,12.45,-0.15,143
2024-06-07,2431,137362,1727215,12.45,12.7,12.45,12.55,0.1,87
2024-06-11,2431,509095,6275968,12.55,12.55,12.2,12.35,-0.2,233
2024-06-12,2431,202237,2458974,12.35,12.35,12.05,12.05,-0.3,136
2024-06-13,2431,358653,4332347,12.1,12.2,12.0,12.05,0.0,154
2024-06-14,2431,345636,4195436,12.05,12.25,12.0,12.1,0.05,178
2024-06-17,2431,356891,4362329,12.25,12.3,12.05,12.2,0.1,188
2024-06-18,2431,274066,3324021,12.2,12.2,12.1,12.1,-0.1,148
2024-06-19,2431,738160,9008503,12.1,12.6,12.0,12.2,0.1,347
2024-06-20,2431,244970,3007932,12.3,12.35,12.2,12.25,0.05,159
2024-06-21,2431,555381,6753884,12.25,12.35,12.05,12.2,-0.05,228
2024-06-24,2431,154232,1876730,12.2,12.2,12.1,12.15,-0.05,102
2024-06-25,2431,192344,2330911,12.25,12.25,12.1,12.1,-0.05,86
2024-06-26,2431,228394,2802247,12.2,12.35,12.15,12.15,0.05,147
2024-06-27,2431,211452,2599418,12.1,12.4,12.1,12.25,0.1,151
2024-06-28,2431,322623,3978144,12.3,12.45,12.25,12.3,0.05,158
2024-07-01,2431,270202,3346563,12.3,12.5,12.3,12.5,0.2,154
2024-07-02,2431,406880,5148316,12.65,12.75,12.55,12.55,0.05,208
2024-07-03,2431,210912,2665674,12.7,12.7,12.55,12.65,0.1,117
2024-07-04,2431,1247548,16436022,12.75,13.4,12.7,13.25,0.6,596
2024-07-05,2431,1058409,14231022,13.3,13.65,13.2,13.5,0.25,476
2024-07-08,2431,970478,13208847,13.85,13.85,13.35,13.55,0.05,386
2024-07-09,2431,522665,6895182,13.7,13.7,12.9,13.1,-0.45,280
2024-07-10,2431,750852,10058414,13.1,13.65,13.1,13.4,0.3,285
2024-07-11,2431,280052,3753648,13.4,13.6,13.3,13.35,-0.05,153
2024-07-12,2431,512549,6772717,13.35,13.35,13.1,13.1,-0.25,238
2024-07-15,2431,197204,2581604,13.2,13.2,13.0,13.05,-0.05,101
2024-07-16,2431,2496399,35078469,13.25,14.35,13.1,14.35,1.3,1044
2024-07-17,2431,5681243,84990423,15.7,15.7,14.35,14.45,0.1,2507
2024-07-18,2431,1192553,16804364,14.05,14.3,13.85,14.2,-0.25,605
2024-07-19,2431,1336939,18413106,14.2,14.5,13.45,13.45,-0.75,600
2024-07-22,2431,658265,8669580,13.45,13.45,13.0,13.1,-0.35,359
2024-07-23,2431,602195,8058359,13.25,13.7,13.25,13.35,0.25,286
2024-07-26,2431,486770,6353056,13.05,13.25,12.75,13.15,-0.2,288
2024-07-29,2431,533196,7016123,13.4,13.4,12.95,13.1,-0.05,308
2024-07-30,2431,425695,5599856,13.1,13.35,12.95,13.25,0.15,222
2024-07-31,2431,275490,3658799,13.1,13.5,13.1,13.15,-0.1,187
2024-08-01,2431,332248,4412491,13.25,13.4,13.15,13.3,0.15,209
2024-08-02,2431,703046,9208146,13.1,13.3,13.0,13.0,-0.3,381
2024-08-05,2431,823424,9753280,12.8,12.8,11.7,11.7,-1.3,400
2024-08-06,2431,808313,9014729,11.8,11.95,10.7,11.2,-0.5,469
2024-08-07,2431,417176,4848238,11.4,11.8,11.3,11.6,0.4,225
2024-08-08,2431,221371,2528086,11.55,11.55,11.3,11.4,-0.2,151
2024-08-09,2431,255065,2944742,11.45,11.65,11.4,11.45,0.05,134
2024-08-12,2431,306816,3632596,11.6,12.1,11.6,11.75,0.3,198
2024-08-13,2431,178179,2092891,11.95,11.95,11.65,11.75,0.0,90
2024-08-14,2431,357343,4218379,11.8,12.0,11.7,11.75,0.0,193
2024-08-15,2431,220030,2604198,11.8,11.95,11.75,11.85,0.1,132
2024-08-16,2431,502465,6113530,11.9,12.45,11.85,12.2,0.35,246
2024-08-19,2431,967030,11688960,12.15,12.25,11.95,12.1,-0.1,378
2024-08-20,2431,131130,1599081,12.15,12.3,12.15,12.15,0.05,91
2024-08-21,2431,326157,3934447,12.05,12.2,12.0,12.1,-0.05,139
2024-08-22,2431,313495,3830721,12.2,12.35,12.15,12.2,0.1,193
2024-08-23,2431,105216,1289505,12.2,12.35,12.1,12.35,0.15,72
2024-08-26,2431,335806,4215033,12.4,12.9,12.35,12.45,0.1,174
2024-08-27,2431,182136,2268982,12.45,12.55,12.4,12.55,0.1,108
2024-08-28,2431,938504,12307504,12.55,13.65,12.5,13.1,0.55,551
2024-08-29,2431,822170,10656423,13.2,13.2,12.75,12.9,-0.2,414
2024-08-30,2431,327695,4306202,12.9,13.3,12.8,13.05,0.15,194
2024-09-02,2431,1114738,14328283,13.05,13.25,12.65,13.05,0.0,515
2024-09-03,2431,341401,4463039,13.2,13.4,12.9,12.9,-0.15,250
2024-09-04,2431,565446,7001519,12.4,12.65,12.0,12.25,-0.65,352
2024-09-05,2431,569719,7092231,12.4,12.7,12.2,12.2,-0.05,342
2024-09-06,2431,177409,2186017,12.2,12.5,12.15,12.25,0.05,116
2024-09-09,2431,337549,4167375,12.0,12.6,12.0,12.6,0.35,219
2024-09-10,2431,275129,3419835,12.6,12.9,12.2,12.2,-0.4,180
2024-09-11,2431,137234,1683065,12.2,12.35,12.2,12.3,0.1,88
2024-09-12,2431,249025,3097956,12.4,12.6,12.35,12.35,0.05,142
2024-09-13,2431,1595991,21257673,12.4,13.55,12.4,13.55,1.2,663
2024-09-16,2431,4496913,63668264,14.1,14.5,13.75,14.0,0.45,2120
2024-09-18,2431,2325260,33157729,14.15,14.75,13.95,14.05,0.05,1094
2024-09-19,2431,1236783,17106997,14.2,14.2,13.6,13.85,-0.2,681
2024-09-20,2431,1055441,14411148,14.0,14.0,13.45,13.6,-0.25,482
2024-09-23,2431,1073870,14253125,13.85,13.85,12.95,13.2,-0.4,531
2024-09-24,2431,313802,4139049,13.2,13.4,13.1,13.1,-0.1,240
2024-09-25,2431,360556,4748214,13.25,13.35,13.0,13.15,0.05,216
2024-09-26,2431,490653,6546665,13.25,13.5,13.2,13.25,0.1,306
2024-09-27,2431,153801,2042473,13.4,13.4,13.2,13.25,0.0,120
2024-09-30,2431,249068,3299048,13.3,13.4,13.1,13.3,0.05,149
2024-10-01,2431,246341,3247062,13.3,13.3,13.0,13.2,-0.1,165
2024-10-04,2431,257241,3401079,13.1,13.35,13.1,13.35,0.15,181
2024-10-07,2431,900362,12409213,13.45,14.0,13.45,13.8,0.45,506
2024-10-08,2431,714616,9696913,13.8,13.95,13.4,13.4,-0.4,401
2024-10-09,2431,559337,7334883,13.45,13.65,12.85,12.85,-0.55,319
2024-10-11,2431,335965,4363256,13.05,13.15,12.85,12.9,0.05,223
2024-10-14,2431,383487,5091148,13.1,13.5,12.85,13.45,0.55,223
2024-10-15,2431,555602,7573622,13.75,13.85,13.45,13.45,0.0,269
2024-10-16,2431,1722334,24030942,13.3,14.2,13.3,13.9,0.45,840
2024-10-17,2431,690949,9757765,13.9,14.3,13.9,14.05,0.15,384
2024-10-18,2431,888821,12512124,14.05,14.3,13.85,13.9,-0.15,424
2024-10-21,2431,566667,7921098,13.9,14.1,13.85,14.05,0.15,254
2024-10-22,2431,767251,10758603,14.2,14.3,13.85,13.95,-0.1,345
2024-10-23,2431,12468951,187619078,14.05,15.3,14.0,15.0,1.05,4045
2024-10-24,2431,24043113,388481789,14.95,16.5,14.75,15.95,0.95,7563
2024-10-25,2431,15012201,254332751,16.2,17.5,16.0,17.5,1.55,4886
2024-10-28,2431,13264991,254199246,18.95,19.25,18.3,19.25,1.75,2894
2024-10-29,2431,36515797,671665777,20.25,20.4,17.5,17.6,-1.65,14685
2024-10-30,2431,14610919,250811741,18.2,18.25,16.35,17.05,-0.55,6144
2024-11-01,2431,29185565,520680927,17.0,18.75,16.35,18.75,1.7,11275
2024-11-04,2431,36618598,685492239,18.95,19.7,17.8,18.3,-0.45,16246
2024-11-05,2431,29398811,568448680,18.2,20.1,18.15,20.1,1.8,12651
2024-11-06,2431,52685563,1067107403,20.8,21.25,19.5,19.75,-0.35,22838
2024-11-07,2431,10899630,213279437,19.9,20.1,18.85,19.0,-0.75,5259
2024-11-08,2431,11846143,225437275,19.35,19.9,18.15,18.3,-0.7,5567
2024-11-11,2431,8320047,147328340,18.35,18.4,17.2,17.3,-1.0,3823
2024-11-12,2431,6423621,111015194,17.3,17.7,17.0,17.3,0.0,2900
2024-11-13,2431,4079187,70970570,17.25,17.75,17.1,17.2,-0.1,2092
2024-11-14,2431,7480161,122588933,17.1,17.35,15.85,15.85,-1.35,2963
2024-11-15,2431,4326648,69227313,16.1,16.55,15.65,15.75,-0.1,1973
2024-11-18,2431,7659036,129746471,15.8,17.3,15.65,17.3,1.55,2941
2024-11-19,2431,21844663,381217359,17.8,18.2,16.75,17.3,0.0,9027
2024-11-20,2431,8422030,145851602,17.5,17.6,16.95,17.45,0.15,3888
2024-11-21,2431,7042562,122645118,17.4,17.95,17.05,17.15,-0.3,3685
2024-11-22,2431,6176535,104110658,17.15,17.4,16.4,16.45,-0.7,3011
2024-11-25,2431,3332759,55544239,16.65,17.0,16.4,16.5,0.05,1682
2024-11-26,2431,3939650,63198913,16.5,16.6,15.9,16.1,-0.4,1763
2024-11-27,2431,1974648,31421616,16.25,16.3,15.7,15.7,-0.4,1065
2024-11-28,2431,2400409,37653692,15.9,16.25,15.4,15.4,-0.3,1296
2024-11-29,2431,4179654,66853709,15.5,16.4,15.1,15.95,0.55,2204
2024-12-02,2431,2070275,33078350,16.1,16.25,15.7,15.9,-0.05,1205
2024-12-03,2431,1972551,31521165,15.9,16.3,15.65,15.8,-0.1,922
2024-12-04,2431,1627459,25460398,15.95,16.0,15.5,15.6,-0.2,915
2024-12-05,2431,2828221,42790086,15.55,15.6,14.85,14.85,-0.75,1426
2024-12-06,2431,6516289,100626843,14.95,15.85,14.85,15.6,0.75,2945
2024-12-09,2431,2227811,33781327,15.3,15.55,14.95,14.95,-0.65,1149
2024-12-10,2431,2081337,31353136,15.05,15.55,14.75,14.75,-0.2,1148
2024-12-11,2431,1795542,26074001,14.65,14.75,14.3,14.5,-0.25,971
2024-12-12,2431,1478914,21697675,14.6,15.05,14.4,14.55,0.05,750
2024-12-13,2431,1855688,25962020,14.45,14.45,13.8,13.8,-0.75,946
2024-12-16,2431,3045628,43214173,13.95,14.5,13.85,14.1,0.3,1597
2024-12-17,2431,1287220,18063482,14.2,14.4,13.85,13.9,-0.2,730
2024-12-18,2431,1570400,21917476,13.9,14.2,13.55,14.15,0.25,798
2024-12-19,2431,1237344,17219770,14.0,14.15,13.65,14.0,-0.15,748
2024-12-20,2431,1248333,17287830,14.2,14.3,13.5,13.55,-0.45,748
2024-12-23,2431,979466,13474920,13.65,14.0,13.6,13.65,0.1,596
2024-12-24,2431,1783508,25019774,13.85,14.4,13.8,13.8,0.15,1029
2024-12-25,2431,2073872,29480220,13.95,14.45,13.9,14.15,0.35,1008
2024-12-26,2431,981822,13926277,14.35,14.45,14.0,14.0,-0.15,569
2024-12-27,2431,811036,11284071,14.1,14.1,13.7,13.95,-0.05,414
2024-12-30,2431,773099,10654177,13.95,14.05,13.65,13.65,-0.3,351
2024-12-31,2431,646563,8781175,13.65,13.9,13.4,13.9,0.25,410
2025-01-02,2431,4458790,65667948,13.85,15.25,13.7,15.25,1.35,2141
2025-01-03,2431,6554013,100221124,15.15,15.65,14.8,14.8,-0.45,2687
2025-01-06,2431,6588889,100334833,15.1,15.9,14.55,14.65,-0.15,2745
2025-01-07,2431,1694590,24850268,14.85,15.15,14.3,14.3,-0.35,975
2025-01-08,2431,1101926,15817089,14.15,14.7,14.05,14.5,0.2,602
2025-01-09,2431,1489911,21777124,14.5,14.9,14.3,14.55,0.05,848
2025-01-10,2431,801153,11608350,14.55,14.9,14.2,14.3,-0.25,501
2025-01-13,2431,1291207,18165063,14.25,14.4,13.8,14.3,0.0,630
2025-01-14,2431,802129,11591436,14.2,14.7,14.1,14.7,0.4,464
2025-01-15,2431,761557,11210310,14.7,14.95,14.55,14.55,-0.15,420
2025-01-16,2431,950276,13851782,14.8,14.95,14.35,14.6,0.05,525
2025-01-17,2431,638282,9213819,14.6,14.65,14.2,14.25,-0.35,378
2025-01-20,2431,1039044,14679105,14.3,14.3,13.9,14.1,-0.15,513
2025-01-21,2431,610336,8596688,14.1,14.35,13.95,14.25,0.15,345
2025-01-22,2431,541621,7665667,14.3,14.3,14.0,14.2,-0.05,309
2025-02-03,2431,739837,10441914,14.0,14.4,13.65,14.3,0.1,480
2025-02-04,2431,502069,7174874,14.3,14.55,14.05,14.2,-0.1,348
2025-02-05,2431,618197,8913117,14.25,14.65,14.2,14.5,0.3,411
2025-02-06,2431,530619,7800953,14.5,14.85,14.5,14.8,0.3,403
2025-02-07,2431,702899,10225623,14.75,14.8,14.4,14.4,-0.4,432
2025-02-10,2431,692343,9867901,14.4,14.4,14.05,14.1,-0.3,516
2025-02-11,2431,879886,12624309,14.2,14.65,14.1,14.6,0.5,617
2025-02-12,2431,961697,14114649,14.65,14.95,14.4,14.4,-0.2,701
2025-02-13,2431,878857,12883229,14.5,14.95,14.3,14.7,0.3,655
2025-02-14,2431,842811,12423894,14.8,15.05,14.5,14.85,0.15,537
2025-02-17,2431,547835,8081702,14.85,14.9,14.65,14.7,-0.15,458
2025-02-18,2431,688449,10097062,14.8,14.9,14.5,14.65,-0.05,451
2025-02-19,2431,884289,13063066,14.75,14.9,14.65,14.8,0.15,511
2025-02-20,2431,541641,8021610,14.95,15.0,14.7,14.7,-0.1,399
2025-02-21,2431,1039471,15516772,14.75,15.2,14.6,15.0,0.3,612
2025-02-24,2431,693158,10441662,15.1,15.35,14.9,14.9,-0.1,578
2025-02-25,2431,618347,9179596,14.85,15.0,14.7,14.85,-0.05,404
2025-02-26,2431,1397206,20712846,14.85,14.95,14.65,14.7,-0.15,529
2025-02-27,2431,1522356,21916184,14.75,14.95,14.15,14.15,-0.55,815
2025-03-03,2431,620760,8776691,14.1,14.3,13.95,14.2,0.05,438
2025-03-04,2431,503382,7094671,14.2,14.35,13.85,14.3,0.1,331
2025-03-05,2431,309278,4431298,14.4,14.4,14.15,14.3,0.0,257
2025-03-06,2431,507731,7166759,14.25,14.35,14.0,14.0,-0.3,321
2025-03-07,2431,478429,6678208,14.0,14.1,13.8,13.85,-0.15,284
2025-03-10,2431,426436,5932196,13.9,14.1,13.8,13.85,0.0,297
2025-03-11,2431,855681,11660919,13.95,14.1,13.25,14.0,0.15,529
2025-03-12,2431,2592495,37990706,14.1,15.15,13.9,14.6,0.6,1407
2025-03-13,2431,1747487,24996457,14.75,14.9,13.95,14.35,-0.25,1398
2025-03-14,2431,696879,9996457,14.3,14.55,14.0,14.5,0.15,795
2025-03-17,2431,343162,4943160,14.5,14.7,14.3,14.35,-0.15,660
2025-03-18,2431,480668,6941876,14.4,14.6,14.3,14.5,0.15,551
2025-03-19,2431,395752,5739713,14.5,14.6,14.35,14.5,0.0,493
2025-03-20,2431,1313200,19451462,14.55,15.0,14.55,14.6,0.1,880
2025-03-21,2431,1135075,16940224,14.65,15.15,14.65,14.95,0.35,776
2025-03-24,2431,1305239,19645891,15.1,15.3,14.75,15.0,0.05,1337
2025-03-25,2431,761573,11366594,15.05,15.2,14.7,14.85,-0.15,808
2025-03-26,2431,3323590,53564518,15.2,16.3,15.2,16.3,1.45,1222
2025-03-27,2431,16901792,277932255,17.0,17.15,15.6,15.7,-0.6,7759
2025-03-28,2431,6756302,106057898,15.65,16.5,15.15,15.3,-0.4,3001
2025-03-31,2431,4535661,67878071,15.05,15.7,14.25,14.55,-0.75,2011
2025-04-01,2431,1831585,27188051,14.8,15.3,14.6,14.6,0.05,958
2025-04-02,2431,1479602,21538884,14.45,14.9,14.15,14.9,0.3,792
2025-04-07,2431,123580,1662123,13.45,13.45,13.45,13.45,-1.45,122
2025-04-08,2431,1048042,12743241,12.15,12.4,12.15,12.15,-1.3,426
2025-04-09,2431,1518255,16770782,11.55,11.6,10.95,10.95,-1.2,531
2025-04-10,2431,3052206,36065555,11.8,12.0,11.4,11.8,0.85,1357
2025-04-11,2431,3462842,37330934,10.9,11.05,10.65,10.95,-0.85,1370
2025-04-14,2431,1504865,16883841,11.2,11.6,10.9,11.0,0.05,800
2025-04-15,2431,1922204,22235460,11.25,11.8,11.25,11.7,0.7,895
2025-04-16,2431,1323146,15076335,11.7,11.7,11.1,11.2,-0.5,667
2025-04-17,2431,1196691,13194473,11.05,11.35,10.7,11.05,-0.15,542
2025-04-18,2431,660666,7276262,11.05,11.15,10.9,10.95,-0.1,344
2025-04-21,2431,767646,8194118,11.0,11.0,10.5,10.5,-0.45,453
2025-04-22,2431,678183,7053283,10.3,10.65,10.2,10.3,-0.2,354
2025-04-23,2431,623539,6703899,10.7,10.9,10.6,10.75,0.45,335
2025-04-24,2431,494123,5327251,10.95,10.95,10.65,10.75,0.0,294
2025-04-25,2431,604481,6656223,10.95,11.1,10.95,11.05,0.3,331
2025-04-28,2431,1819549,21077804,11.1,11.8,11.1,11.6,0.55,780
2025-04-29,2431,946015,11219396,11.65,12.1,11.6,12.0,0.4,461
2025-04-30,2431,1244059,14866103,12.25,12.25,11.6,11.6,-0.4,507
2025-05-02,2431,794122,9517181,11.8,12.1,11.8,11.95,0.35,361
2025-05-05,2431,867231,10277521,12.2,12.25,11.55,11.6,-0.35,419
2025-05-06,2431,290597,3399466,11.6,11.85,11.6,11.6,0.0,176
2025-05-07,2431,322158,3741155,11.65,11.75,11.5,11.65,0.05,217
2025-05-08,2431,272112,3221213,11.75,11.9,11.75,11.8,0.15,165
2025-05-09,2431,430502,5123492,11.8,12.0,11.7,11.9,0.1,197
2025-05-12,2431,700601,8530909,11.9,12.45,11.9,12.15,0.25,444
2025-05-13,2431,859491,10657708,12.45,12.8,12.15,12.4,0.25,448
2025-05-14,2431,854718,10682834,12.45,12.7,12.35,12.35,-0.05,515
2025-05-15,2431,644153,7977979,12.4,12.5,12.15,12.45,0.1,438
2025-05-16,2431,403407,4972642,12.55,12.55,12.25,12.25,-0.2,289
2025-05-19,2431,388613,4749988,12.25,12.35,12.05,12.15,-0.1,220
2025-05-20,2431,505984,6087796,12.25,12.3,11.85,11.95,-0.2,237
2025-05-21,2431,278664,3365989,12.1,12.15,12.0,12.1,0.15,164
2025-05-22,2431,198784,2386044,12.0,12.1,11.85,12.0,-0.1,123
2025-05-23,2431,287301,3469066,12.1,12.2,11.95,12.0,0.0,148
2025-05-26,2431,227917,2727676,12.0,12.15,11.85,12.0,0.0,171
2025-05-27,2431,172633,2067926,12.1,12.2,11.85,11.9,-0.1,171
2025-05-28,2431,204698,2463942,12.0,12.1,11.95,12.0,0.1,134
2025-05-29,2431,150446,1808995,12.1,12.1,11.95,12.05,0.05,105
2025-06-02,2431,455097,5220415,12.0,12.0,11.25,11.35,-0.7,281
2025-06-03,2431,301213,3461456,11.4,11.6,11.35,11.45,0.1,164
2025-06-04,2431,308624,3599517,11.65,11.75,11.45,11.65,0.2,225
2025-06-05,2431,194635,2274210,11.6,11.85,11.55,11.65,0.0,146
2025-06-06,2431,334642,3838848,11.7,11.7,11.35,11.5,-0.15,175
2025-06-09,2431,483449,5468709,11.6,11.6,11.15,11.3,-0.2,243
2025-06-10,2431,398992,4632975,11.25,11.8,11.25,11.75,0.45,261
2025-06-11,2431,246095,2876048,11.7,11.8,11.55,11.8,0.05,167
2025-06-12,2431,249499,2926783,11.8,11.85,11.6,11.65,-0.15,164
2025-06-13,2431,531766,5985895,11.5,11.5,11.15,11.3,-0.35,267
2025-06-16,2431,238172,2675577,11.3,11.35,11.1,11.3,0.0,140
2025-06-17,2431,207252,2342902,11.35,11.6,11.2,11.25,-0.05,143
2025-06-18,2431,230252,2588092,11.35,11.35,11.2,11.25,0.0,164
2025-06-19,2431,537001,5903881,11.25,11.25,10.8,10.95,-0.3,253
2025-06-20,2431,435453,4771111,10.95,11.15,10.7,11.05,0.1,234
2025-06-23,2431,254255,2743563,10.9,10.9,10.6,10.8,-0.25,187
2025-06-24,2431,318541,3544005,10.8,11.3,10.8,11.2,0.4,196
2025-06-25,2431,181504,2022010,11.1,11.3,11.0,11.1,-0.1,128
2025-06-26,2431,163689,1836681,11.3,11.3,11.15,11.15,0.05,107
2025-06-27,2431,182231,2034096,11.2,11.25,11.1,11.1,-0.05,132
2025-06-30,2431,847806,9414756,11.15,11.65,10.8,11.65,0.55,398
2025-07-01,2431,962922,10980414,11.45,11.6,11.15,11.2,-0.45,464
2025-07-02,2431,120306,1355498,11.25,11.3,11.2,11.25,0.05,93
2025-07-03,2431,346294,3924741,11.3,11.45,11.15,11.3,0.05,183
2025-07-04,2431,299114,3332873,11.4,11.4,11.05,11.05,-0.25,145
2025-07-07,2431,138095,1521950,11.1,11.2,10.9,11.0,-0.05,107
2025-07-08,2431,329122,3571242,11.0,11.0,10.8,10.85,-0.15,165
2025-07-09,2431,253658,2750220,10.85,10.95,10.8,10.8,-0.05,111
2025-07-10,2431,267862,2881620,10.9,10.9,10.65,10.7,-0.1,147
2025-07-11,2431,270180,2892392,10.75,10.85,10.65,10.7,0.0,141
2025-07-14,2431,249011,2646133,10.65,10.8,10.5,10.55,-0.15,161
2025-07-15,2431,136762,1452966,10.6,10.75,10.55,10.6,0.05,110
2025-07-16,2431,131713,1405582,10.65,10.75,10.6,10.7,0.1,91
2025-07-17,2431,190741,2056469,10.7,10.85,10.7,10.7,0.0,137
2025-07-18,2431,372468,4033764,10.85,11.0,10.75,10.75,0.05,216
2025-07-21,2431,199324,2150876,10.75,10.9,10.65,10.7,-0.05,121
2025-07-22,2431,302310,3203353,10.75,10.75,10.5,10.5,-0.2,147
2025-07-23,2431,160271,1708033,10.55,10.75,10.55,10.65,0.15,118
2025-07-24,2431,210765,2229302,10.7,10.7,10.5,10.55,-0.1,119
2025-07-25,2431,296509,3122495,10.55,10.65,10.45,10.5,-0.05,203
2025-07-28,2431,182408,1920554,10.6,10.65,10.4,10.5,0.0,128
2025-07-29,2431,687685,7098502,10.55,10.7,10.15,10.2,-0.3,404
2025-07-30,2431,4860798,53362731,10.35,11.2,10.35,11.15,0.95,3385
2025-07-31,2431,7190025,83812530,11.45,12.0,11.4,11.5,0.35,3286
2025-08-01,2431,4829429,56738157,11.2,12.35,11.05,11.9,0.4,2264
2025-08-04,2431,2035723,24060129,11.8,12.05,11.5,11.95,0.05,1123
2025-08-05,2431,2404935,29461173,12.4,12.8,11.95,12.1,0.15,1318
2025-08-06,2431,3571820,43984448,12.05,12.55,11.8,12.5,0.4,1538
2025-08-07,2431,2695825,33397254,12.6,12.8,12.05,12.15,-0.35,1333
2025-08-08,2431,1227223,14628721,12.2,12.3,11.75,11.75,-0.4,680
2025-08-11,2431,792803,9333315,11.75,12.0,11.65,11.7,-0.05,514
2025-08-12,2431,876416,10218221,11.7,11.9,11.55,11.6,-0.1,423
2025-08-13,2431,1695880,20291824,11.7,12.2,11.7,11.85,0.25,813
2025-08-14,2431,950512,11400835,11.95,12.25,11.85,11.85,0.0,508
2025-08-15,2431,1556463,18271196,11.95,12.1,11.6,11.75,-0.1,755
2025-08-18,2431,1361433,16571079,11.85,12.4,11.75,12.15,0.4,682
2025-08-19,2431,1626038,19856039,12.15,12.55,12.0,12.1,-0.05,828
2025-08-20,2431,781376,9332845,12.1,12.1,11.8,12.0,-0.1,377
2025-08-21,2431,1695448,21018062,12.05,12.65,12.05,12.2,0.2,759
2025-08-22,2431,1895670,23561859,12.35,12.7,12.25,12.25,0.05,787
2025-08-25,2431,1817048,22875394,12.45,12.75,12.45,12.6,0.35,824
2025-08-26,2431,868000,10781866,12.7,12.7,12.3,12.3,-0.3,402
2025-08-27,2431,850234,10433400,12.3,12.4,12.2,12.2,-0.1,371
2025-08-28,2431,753102,9156444,12.2,12.3,12.05,12.1,-0.1,335
2025-08-29,2431,672690,8069090,12.2,12.2,11.9,11.9,-0.2,267
2025-09-01,2431,1433567,17397856,12.15,12.6,11.85,11.85,-0.05,712
2025-09-02,2431,596270,7058737,11.9,12.0,11.7,11.95,0.1,302
2025-09-03,2431,415519,4955744,11.95,12.15,11.8,11.8,-0.15,215
2025-09-04,2431,827879,9980364,12.0,12.3,11.9,11.95,0.15,325
2025-09-05,2431,347037,4155613,12.1,12.1,11.8,11.95,0.0,187
2025-09-08,2431,282826,3386852,12.0,12.1,11.85,12.1,0.15,169
2025-09-09,2431,744763,9096536,12.1,12.35,12.05,12.2,0.1,352
2025-09-10,2431,6013130,78575317,12.2,13.4,12.15,13.4,1.2,3792
2025-09-11,2431,16771334,241196254,13.85,14.7,13.4,14.4,1.0,7313
2025-09-12,2431,6721489,95414372,14.2,14.85,13.8,13.9,-0.5,3240
2025-09-15,2431,3499204,47224593,13.8,13.9,13.2,13.2,-0.7,1810
2025-09-16,2431,2732173,36531559,13.35,13.8,13.1,13.1,-0.1,1428
2025-09-17,2431,1760047,23143022,13.2,13.4,13.0,13.05,-0.05,854
2025-09-18,2431,1647311,21784433,13.25,13.45,13.05,13.2,0.15,760
2025-09-19,2431,1331291,17287370,13.2,13.2,12.85,12.9,-0.3,693
2025-09-22,2431,1029012,13492102,13.15,13.3,12.9,13.2,0.3,577
2025-09-23,2431,8040023,113438222,13.3,14.5,13.2,14.5,1.3,3363
2025-09-24,2431,14062805,203929695,14.25,15.05,13.8,14.25,-0.25,6597
2025-09-25,2431,3149930,44738892,14.35,14.65,13.85,13.95,-0.3,1594
2025-09-26,2431,2496376,33906896,13.9,14.0,13.2,13.45,-0.5,1196
2025-09-30,2431,1210381,16362837,13.55,13.7,13.4,13.45,0.0,661
2025-10-01,2431,2482628,34148858,13.4,14.15,13.35,13.6,0.15,1270
2025-10-02,2431,2668367,37196549,13.75,14.25,13.7,13.75,0.15,1240
2025-10-03,2431,1791170,24931879,13.85,14.2,13.65,14.0,0.25,886
2025-10-07,2431,1861718,26154679,14.15,14.25,13.9,14.0,0.0,843
2025-10-08,2431,1231774,16716499,14.0,14.0,13.45,13.55,-0.45,609
2025-10-09,2431,1252219,16867807,13.6,13.85,13.25,13.3,-0.25,647
2025-10-13,2431,1411451,17931440,12.35,13.1,12.35,12.95,-0.35,716
2025-10-14,2431,1153350,14788760,13.05,13.25,12.5,12.7,-0.25,545
2025-10-15,2431,452460,5723074,12.75,12.75,12.55,12.6,-0.1,267
2025-10-16,2431,610028,7799519,12.6,13.0,12.6,12.75,0.15,334
2025-10-17,2431,325848,4133344,12.65,12.85,12.6,12.6,-0.15,207
2025-10-20,2431,1793447,23579958,12.9,13.5,12.8,13.2,0.6,936
2025-10-21,2431,883562,11601102,13.4,13.45,12.9,12.95,-0.25,514
2025-10-22,2431,450578,5820513,13.05,13.05,12.8,13.0,0.05,308
2025-10-23,2431,319388,4109223,12.85,12.95,12.8,12.85,-0.15,164
2025-10-27,2431,646369,8217448,12.95,13.0,12.6,12.65,-0.2,368
2025-10-28,2431,699249,8625178,12.7,12.7,12.2,12.3,-0.35,420
2025-10-29,2431,296415,3681481,12.4,12.55,12.35,12.4,0.1,197
2025-10-30,2431,305031,3752760,12.5,12.5,12.2,12.25,-0.15,186
2025-10-31,2431,260704,3194047,12.25,12.35,12.2,12.2,-0.05,140
2025-11-03,2431,315587,3853502,12.35,12.35,12.1,12.2,0.0,225
2025-11-04,2431,477906,5694224,12.2,12.2,11.8,11.8,-0.4,278
2025-11-05,2431,552540,6434325,11.7,12.0,11.25,11.95,0.15,322
2025-11-06,2431,248821,2995490,12.15,12.15,12.0,12.0,0.05,170
2025-11-07,2431,330736,3924610,11.9,12.0,11.75,11.8,-0.2,154
2025-11-10,2431,1078175,13358074,12.3,12.6,12.2,12.4,0.6,558
2025-11-11,2431,610137,7418535,12.3,12.4,12.1,12.1,-0.3,217
2025-11-12,2431,635104,7851665,12.1,12.5,12.1,12.4,0.3,294
2025-11-13,2431,918015,11475978,12.4,12.75,12.2,12.3,-0.1,419
2025-11-14,2431,617890,7469210,12.05,12.3,12.0,12.0,-0.3,359
2025-11-17,2431,953575,11047724,11.95,11.95,11.35,11.35,-0.65,521
2025-11-18,2431,316207,3570973,11.4,11.45,11.2,11.2,-0.15,223
2025-11-19,2431,406844,4583205,11.3,11.4,11.1,11.15,-0.05,215
2025-11-20,2431,329334,3736410,11.35,11.55,11.2,11.2,0.05,170
2025-11-21,2431,324550,3593065,11.1,11.2,11.0,11.1,-0.1,199
2025-11-24,2431,233267,2580413,11.15,11.25,10.95,11.05,-0.05,173
2025-11-25,2431,167291,1874502,11.15,11.3,11.1,11.15,0.1,93
2025-11-26,2431,519701,5985045,11.3,11.7,11.3,11.5,0.35,252
2025-11-27,2431,232235,2674183,11.8,11.8,11.35,11.4,-0.1,137
2025-11-28,2431,186826,2140572,11.4,11.55,11.35,11.45,0.05,129
2025-12-01,2431,231488,2661175,11.5,11.6,11.4,11.45,0.0,151
2025-12-02,2431,224343,2561118,11.45,11.65,11.3,11.4,-0.05,161
2025-12-03,2431,408367,4761692,11.65,11.75,11.6,11.65,0.25,217
2025-12-04,2431,103056,1197941,11.6,11.7,11.6,11.6,-0.05,94
2025-12-05,2431,155184,1795089,11.7,11.7,11.5,11.5,-0.1,116
2025-12-08,2431,389624,4530292,11.65,11.7,11.5,11.65,0.15,200
2025-12-09,2431,210257,2435516,11.65,11.7,11.5,11.5,-0.15,128
2025-12-10,2431,339648,3902982,11.6,11.65,11.35,11.35,-0.15,162
2025-12-11,2431,439674,4920134,11.45,11.45,11.05,11.15,-0.2,274
2025-12-12,2431,354564,3961201,11.25,11.35,11.0,11.2,0.05,221
2025-12-15,2431,476439,5469152,11.3,11.65,11.2,11.5,0.3,234
2025-12-16,2431,269203,3091846,11.5,11.6,11.3,11.6,0.1,200
2025-12-17,2431,302298,3519966,11.6,11.75,11.45,11.5,-0.1,197
2025-12-18,2431,360321,4109153,11.5,11.5,11.35,11.4,-0.1,182
2025-12-19,2431,1253596,14898645,11.45,12.25,11.4,11.9,0.5,602
2025-12-22,2431,498157,5872634,11.8,11.9,11.7,11.85,-0.05,269
2025-12-23,2431,398832,4633632,11.8,11.8,11.5,11.5,-0.35,227
2025-12-24,2431,506925,5942206,11.65,11.95,11.55,11.55,0.05,292
2025-12-26,2431,281773,3261150,11.65,11.75,11.45,11.55,0.0,193
2025-12-29,2431,298094,3462082,11.55,11.7,11.45,11.6,0.05,209
2025-12-30,2431,436627,4974999,11.6,11.6,11.3,11.35,-0.25,284
2025-12-31,2431,611873,7011218,11.4,11.6,11.35,11.35,0.0,284
2026-01-02,2431,407748,4660740,11.35,11.55,11.35,11.45,0.1,227
2026-01-05,2431,849679,9679558,11.55,11.6,11.25,11.35,-0.1,501
2026-01-06,2431,673029,7768260,11.35,11.7,11.3,11.5,0.15,406
2026-01-07,2431,768424,9136585,11.6,12.0,11.6,11.9,0.4,427
2026-01-08,2431,729056,8710468,11.95,12.15,11.8,11.9,0.0,311
2026-01-09,2431,388789,4612646,11.9,12.0,11.65,11.8,-0.1,223
2026-01-12,2431,511769,6134169,11.75,12.1,11.75,12.0,0.2,275
2026-01-13,2431,470472,5590509,12.05,12.05,11.75,11.8,-0.2,361
2026-01-14,2431,1437073,17792313,11.85,12.6,11.85,12.45,0.65,628
2026-01-15,2431,639369,7960515,12.45,12.65,12.35,12.6,0.15,372
2026-01-16,2431,1078045,13698413,12.7,12.95,12.55,12.7,0.1,544
2026-01-19,2431,1290318,16950652,12.7,13.3,12.55,13.2,0.5,613
2026-01-20,2431,1231176,16341574,13.3,13.45,13.05,13.1,-0.1,612
2026-01-21,2431,704795,9082736,13.1,13.15,12.75,12.8,-0.3,408
2026-01-22,2431,2147500,28662190,13.05,13.9,13.0,13.3,0.5,1010
2026-01-23,2431,2154313,31452948,14.6,14.6,14.6,14.6,1.3,747
2026-01-26,2431,2169946,34827613,16.05,16.05,16.05,16.05,1.45,800
2026-01-27,2431,12333306,217603431,17.65,17.65,17.35,17.65,1.6,4090
2026-01-28,2431,9115764,155642273,17.65,17.65,16.55,16.85,-0.8,4806
2026-01-29,2431,5922117,93413621,16.75,16.8,15.2,15.3,-1.55,2723
2026-01-30,2431,9441511,153809882,15.55,16.8,15.05,15.75,0.45,3947
2026-02-02,2431,2606478,39567572,15.65,15.7,14.9,15.1,-0.65,1449
2026-02-03,2431,2607874,40568590,15.45,15.9,15.3,15.3,0.2,1356
2026-02-04,2431,2145794,33130454,15.3,15.75,15.0,15.4,0.1,1172
2026-02-05,2431,8832484,145780132,15.75,16.9,15.5,16.05,0.65,4087
2026-02-06,2431,5163781,84542412,15.8,17.05,15.5,16.45,0.4,3061
2026-02-09,2431,9630887,160967993,17.0,17.65,15.2,15.2,-1.25,4689
2026-02-10,2431,3308799,49606653,15.5,15.55,14.65,14.9,-0.3,1692
2026-02-11,2431,1807898,27106485,14.9,15.25,14.7,15.2,0.3,980
2026-02-23,2431,1086061,16538607,15.25,15.4,15.1,15.2,0.0,653
2026-02-24,2431,1692949,25947544,15.35,15.75,15.1,15.35,0.15,991
2026-02-25,2431,4559109,74177619,15.4,16.85,15.4,16.45,1.1,2550
2026-02-26,2431,2630695,41854190,16.2,16.25,15.7,15.8,-0.65,1682
2026-03-02,2431,4255100,69639007,15.25,17.0,15.1,16.6,0.8,2265
2026-03-03,2431,7477912,114521375,15.85,15.95,14.95,14.95,-1.65,3216
2026-03-04,2431,2590012,35277546,14.1,14.2,13.5,13.5,-1.45,1288
2026-03-05,2431,5928171,77646248,13.3,13.7,12.65,12.7,-0.8,2953
2026-03-06,2431,1823774,23335656,12.7,13.1,12.45,12.85,0.15,1184
2026-03-09,2431,1593245,19259753,12.15,12.35,11.75,12.15,-0.7,1038
2026-03-10,2431,1089715,13349702,12.6,12.6,12.05,12.1,-0.05,756
2026-03-11,2431,1088288,13506526,12.25,12.55,12.25,12.4,0.3,737
2026-03-12,2431,903262,11133079,12.35,12.55,12.2,12.25,-0.15,738
2026-03-13,2431,1045552,12955452,12.15,12.6,12.0,12.5,0.25,862
2026-03-16,2431,1039163,13284222,12.75,13.0,12.45,12.8,0.3,1011
2026-03-17,2431,1136447,14901410,13.0,13.3,12.9,13.1,0.3,963
2026-03-18,2431,850682,11037725,13.3,13.35,12.8,12.8,-0.3,999
2026-03-19,2431,738296,9530988,12.6,13.15,12.6,12.85,0.05,724
2026-03-20,2431,1020323,13324591,12.8,13.4,12.8,12.95,0.1,575
2026-03-23,2431,755019,9506348,12.85,12.9,12.2,12.2,-0.75,528
2026-03-24,2431,399240,4894716,12.4,12.45,12.1,12.1,-0.1,327
2026-03-25,2431,305367,3771612,12.35,12.55,12.2,12.3,0.2,299
2026-03-26,2431,363221,4477545,12.4,12.55,12.2,12.2,-0.1,290
2026-03-27,2431,551002,6642899,12.2,12.2,11.95,12.1,-0.1,277
2026-03-30,2431,376221,4501732,12.0,12.1,11.8,11.85,-0.25,268
2026-03-31,2431,473513,5559375,11.8,11.95,11.55,11.55,-0.3,373
2026-04-01,2431,510848,6085637,11.85,12.05,11.75,11.9,0.35,280
2026-04-02,2431,426112,5008017,12.05,12.05,11.65,11.65,-0.25,308
2026-04-07,2431,228637,2668674,11.8,11.8,11.6,11.65,0.0,146
2026-04-08,2431,367282,4346275,11.7,11.9,11.7,11.9,0.25,235
2026-04-09,2431,591361,6944537,11.9,11.9,11.65,11.65,-0.25,312
2026-04-10,2431,993800,11248047,11.65,11.75,11.15,11.3,-0.35,483
2026-04-13,2431,921601,10231785,11.3,11.3,10.95,11.2,-0.1,377
2026-04-14,2431,722136,8132166,11.2,11.4,11.05,11.25,0.05,297
2026-04-15,2431,543554,6212021,11.25,11.55,11.25,11.45,0.2,295
2026-04-16,2431,394447,4577239,11.6,11.7,11.5,11.65,0.2,250
2026-04-17,2431,428782,4931115,11.7,11.7,11.45,11.5,-0.15,277
2026-04-20,2431,458469,5292392,11.5,11.65,11.3,11.5,0.0,295
2026-04-21,2431,531411,6172886,11.55,11.8,11.45,11.8,0.3,259
2026-04-22,2431,717233,8269294,11.8,11.8,11.4,11.5,-0.3,359
2026-04-23,2431,974954,10936832,11.8,11.8,10.9,11.1,-0.4,382
2026-04-24,2431,292157,3248489,11.1,11.25,11.0,11.2,0.1,188
2026-04-27,2431,710753,7627060,11.0,11.1,10.5,10.8,-0.4,382
2026-04-28,2431,303404,3291250,10.8,11.0,10.75,10.75,-0.05,209
2026-04-29,2431,423076,4605768,10.85,11.05,10.75,10.85,0.1,211
2026-04-30,2431,387727,4245140,11.05,11.05,10.8,10.8,-0.05,189
2026-05-04,2431,298180,3225693,10.65,11.0,10.65,10.75,-0.05,228
2026-05-05,2431,363878,3972377,10.75,11.0,10.75,11.0,0.25,229
2026-05-06,2431,391575,4263609,11.0,11.05,10.8,10.8,-0.2,196
2026-05-07,2431,655393,7039511,10.8,10.9,10.6,10.85,0.05,273
2026-05-08,2431,555230,6068859,10.85,11.15,10.75,10.8,-0.05,253
2026-05-11,2431,633527,6745490,10.8,10.8,10.55,10.55,-0.25,308
2026-05-12,2431,655429,6925776,10.55,10.75,10.45,10.7,0.15,294
2026-05-13,2431,350582,3691937,10.7,10.7,10.45,10.45,-0.25,220
2026-05-14,2431,442418,4604501,10.45,10.55,10.3,10.3,-0.15,239
2026-05-15,2431,430849,4474972,10.3,10.7,10.2,10.25,-0.05,254
2026-05-18,2431,222906,2259731,10.35,10.35,10.05,10.15,-0.1,195
2026-05-19,2431,216693,2192862,10.25,10.25,10.05,10.1,-0.05,153
2026-05-20,2431,432942,4443381,10.35,10.4,10.15,10.35,0.25,206
2026-05-21,2431,205692,2120497,10.35,10.4,10.15,10.3,-0.05,147
2026-05-22,2431,560339,5910340,10.4,10.75,10.3,10.65,0.35,286
2026-05-25,2431,713968,7479752,10.7,10.75,10.3,10.6,-0.05,404
2026-05-26,2431,548893,5713688,10.55,10.65,10.3,10.3,-0.3,229
2026-05-27,2431,375993,3913674,10.5,10.5,10.3,10.35,0.05,254
2026-05-28,2431,676655,7014222,10.35,10.6,10.2,10.2,-0.15,274
2026-05-29,2431,556567,5738419,10.2,10.5,10.2,10.45,0.25,307
2026-06-01,2431,1517803,16532008,10.45,11.2,10.35,10.9,0.45,766
2026-06-02,2431,847826,9045198,10.9,10.95,10.55,10.95,0.05,425
2026-06-03,2431,1879769,21254888,10.95,11.75,10.8,11.55,0.6,670
2026-06-04,2431,777825,8738145,11.5,11.5,11.1,11.15,-0.4,378
2026-06-05,2431,578055,6367849,11.25,11.35,10.75,11.05,-0.1,282
2026-06-08,2431,315113,3327925,10.4,10.85,10.3,10.75,-0.3,240
2026-06-09,2431,423364,4665235,11.0,11.2,10.75,11.05,0.3,199
2026-06-10,2431,470566,5126997,10.85,11.1,10.7,10.7,-0.35,254
2026-06-11,2431,448718,4739240,10.9,10.9,10.45,10.7,0.0,170
2026-06-12,2431,271415,2942096,10.85,10.95,10.8,10.8,0.1,191
2026-06-15,2431,686747,7673202,10.95,11.4,10.95,11.3,0.5,273
2026-06-16,2431,442738,4871432,11.4,11.4,10.85,10.9,-0.4,209
2026-06-17,2431,1633571,19324128,11.0,11.95,11.0,11.95,1.05,581
2026-06-18,2431,2491224,29838409,11.95,12.5,11.65,11.65,-0.3,1078
2026-06-22,2431,846821,9899170,11.75,11.95,11.5,11.75,0.1,373
2026-06-23,2431,464048,5350004,11.75,11.85,11.35,11.35,-0.4,301
2026-06-24,2431,275995,3133463,11.25,11.55,11.05,11.55,0.2,165
2026-06-25,2431,256729,2945379,11.65,11.65,11.4,11.4,-0.15,172
2026-06-26,2431,448696,4985522,11.3,11.35,11.0,11.0,-0.4,225
2026-06-29,2431,397210,4402639,10.9,11.25,10.9,11.15,0.15,149
2026-06-30,2431,494655,5664247,11.5,11.65,11.2,11.6,0.45,219
2026-07-01,2431,310263,3561734,11.55,11.8,11.35,11.35,-0.25,230
2026-07-02,2431,672800,7847113,11.6,11.85,11.35,11.85,0.5,343
2026-07-03,2431,789710,9472591,12.0,12.2,11.85,12.05,0.2,424
2026-07-06,2431,822625,9968882,12.3,12.3,11.9,12.1,0.05,368
2026-07-07,2431,565418,6725051,12.05,12.2,11.6,11.7,-0.4,371
2026-07-08,2431,308658,3549691,11.6,11.8,11.35,11.6,-0.1,160
2026-07-09,2431,282746,3254188,11.6,11.75,11.25,11.45,-0.15,157
2026-07-13,2431,535321,5959135,11.4,11.6,10.9,10.95,-0.5,256
2026-07-14,2431,449658,4798803,10.9,11.05,10.5,10.8,-0.15,222
2026-07-15,2431,231884,2536904,10.85,11.1,10.8,11.05,0.25,138
2026-07-16,2431,169957,1877170,11.2,11.2,10.9,10.9,-0.15,126
2026-07-17,2431,491281,5228377,10.9,10.9,10.5,10.55,-0.35,180
2026-07-20,2431,337367,3534872,10.7,10.7,10.3,10.45,-0.1,203
2026-07-21,2431,170204,1810770,10.7,10.75,10.5,10.65,0.2,81
2026-07-22,2431,231521,2500824,10.75,11.0,10.65,10.7,0.05,110
2026-07-23,2431,175155,1857344,10.7,10.7,10.5,10.65,-0.05,104
2026-07-24,2431,83707,892044,10.65,10.8,10.6,10.7,0.05,63
2026-07-27,2431,176376,1854400,10.7,10.8,10.4,10.5,-0.2,136
2026-07-28,2431,445840,4571292,10.5,10.5,10.1,10.4,-0.1,194
2026-07-29,2431,476107,4795812,10.5,10.5,9.9,10.0,-0.4,255
2026-07-30,2431,243050,2409637,9.8,10.25,9.65,9.96,-0.04,121
2026-07-31,2431,184011,1857110,10.05,10.25,10.0,10.05,0.09,118
2026-08-03,2431,136110,1366244,10.1,10.2,9.85,10.1,0.05,149
2026-08-04,2431,167209,1718961,10.05,10.5,10.05,10.5,0.4,170
2026-08-05,2431,118817,1233465,10.6,10.6,10.25,10.4,-0.1,105
2026-08-06,2431,96646,997372,10.3,10.5,10.25,10.5,0.1,88
2026-08-07,2431,133387,1383752,10.35,10.5,10.3,10.5,0.0,75
2026-08-10,2431,567842,5744527,10.5,10.5,10.0,10.2,-0.3,391
2026-08-11,2431,201848,2088923,10.1,10.5,10.1,10.45,0.25,158
2026-08-12,2431,151877,1576376,10.45,10.5,10.3,10.35,-0.1,109
2026-08-13,2431,139957,1439259,10.35,10.4,10.2,10.35,0.0,92
2026-08-14,2431,168582,1719239,10.3,10.3,10.15,10.25,-0.1,81
2026-08-17,2431,136654,1389746,10.15,10.25,10.1,10.25,0.0,117
2026-08-18,2431,215567,2204438,10.2,10.3,10.15,10.2,-0.05,94
2026-08-19,2431,169074,1723848,10.2,10.3,10.1,10.15,-0.05,79
2026-08-20,2431,186441,1898403,10.3,10.35,10.1,10.3,0.15,104
2026-08-21,2431,142340,1463629,10.2,10.45,10.15,10.3,0.0,129
2026-08-24,2431,62045,640962,10.4,10.4,10.3,10.35,0.05,60
2026-08-25,2431,36187,372745,10.4,10.4,10.2,10.25,-0.1,44
2026-08-26,2431,60871,630267,10.25,10.4,10.25,10.4,0.15,49
2026-08-27,2431,76686,792999,10.4,10.45,10.3,10.35,-0.05,68
2026-08-28,2431,308788,3240558,10.5,10.7,10.3,10.35,0.0,158
2026-08-31,2431,201994,2069931,10.35,10.45,10.15,10.2,-0.15,93
2026-09-01,2431,141155,1440140,10.35,10.35,10.15,10.3,0.1,80
2026-09-02,2431,60035,612100,10.2,10.3,10.15,10.2,-0.1,65
2026-09-03,2431,426536,4295831,10.25,10.35,9.9,10.05,-0.15,236
2026-09-04,2431,64269,648952,10.15,10.15,10.05,10.1,0.05,49
2026-09-07,2431,90689,911933,10.1,10.1,10.0,10.1,0.0,90
2026-09-08,2431,186176,1860093,10.0,10.1,9.93,9.93,-0.17,165
2026-09-09,2431,86679,866478,9.95,10.05,9.95,9.99,0.06,78
2026-09-10,2431,171728,1714164,9.96,10.05,9.95,10.05,0.06,91
2026-09-11,2431,106551,1060925,9.96,9.98,9.93,9.98,-0.07,81
2026-09-14,2431,83220,825816,9.94,9.96,9.9,9.96,-0.02,166
2026-09-15,2431,206137,2035960,9.96,10.0,9.7,9.76,-0.2,128
2026-09-16,2431,63100,618625,9.76,9.9,9.76,9.9,0.14,56
2026-09-17,2431,71083,703097,9.81,9.95,9.81,9.92,0.02,275
2026-09-18,2431,79967,800135,9.93,10.15,9.93,10.15,0.23,109
2026-09-21,2431,96772,986289,10.1,10.25,10.05,10.25,0.1,102
2026-09-22,2431,108271,1107236,10.3,10.4,10.15,10.25,0.0,120
2026-09-23,2431,76665,779712,10.25,10.25,10.1,10.1,-0.15,102
2026-09-24,2431,73469,741736,10.2,10.2,10.05,10.05,-0.05,67
