date,stock_id,Trading_Volume,Trading_money,open,max,min,close,spread,Trading_turnover
2016-09-29,2492,5388242,212336870,40.45,40.5,38.6,39.45,-0.8,2796
2016-09-30,2492,5252282,201728716,38.4,38.95,38.05,38.2,-1.25,2284
2016-10-03,2492,2781340,108040494,38.5,39.1,38.5,39.0,0.8,1479
2016-10-04,2492,1760895,68704077,39.1,39.25,38.7,39.0,0.0,1042
2016-10-05,2492,1111487,43342968,39.0,39.2,38.75,38.8,-0.2,701
2016-10-06,2492,3470142,138077499,39.0,40.3,39.0,39.85,1.05,1796
2016-10-07,2492,4011418,155108192,39.7,39.7,38.0,38.05,-1.8,2484
2016-10-11,2492,4963854,183892300,38.2,38.4,35.5,37.3,-0.75,2439
2016-10-12,2492,3118776,114565366,37.3,37.8,36.0,36.65,-0.65,1736
2016-10-13,2492,1948281,70622256,36.65,36.75,35.9,36.1,-0.55,1252
2016-10-14,2492,3781514,138505844,36.1,37.6,35.6,36.75,0.65,1852
2016-10-17,2492,2374230,88575560,36.9,37.75,36.5,37.2,0.45,1328
2016-10-18,2492,835475,31066452,37.2,37.4,36.9,37.4,0.2,612
2016-10-19,2492,1386140,51571595,37.3,37.45,36.95,37.35,-0.05,969
2016-10-20,2492,796342,29684375,37.1,37.45,37.1,37.25,-0.1,535
2016-10-21,2492,6744663,262893161,37.45,39.7,37.45,38.95,1.7,3368
2016-10-24,2492,3612817,141671611,39.8,39.8,38.6,38.8,-0.15,1783
2016-10-25,2492,2452373,96875209,39.15,39.75,38.9,39.65,0.85,1454
2016-10-26,2492,3774700,151129786,39.25,40.75,39.2,39.65,0.0,2036
2016-10-27,2492,5031073,197998544,40.45,40.45,38.55,38.55,-1.1,2476
2016-10-28,2492,2347933,89241802,38.35,38.5,37.8,37.8,-0.75,1363
2016-10-31,2492,1117489,42524482,38.1,38.3,37.7,38.3,0.5,691
2016-11-01,2492,3212816,124491760,37.8,39.1,37.8,38.8,0.5,1730
2016-11-02,2492,3421595,127505790,38.35,38.4,36.4,36.4,-2.4,2059
2016-11-03,2492,1947952,70995021,36.4,36.9,35.95,36.8,0.4,1227
2016-11-04,2492,3220756,116314599,36.55,36.75,35.65,35.65,-1.15,1697
2016-11-07,2492,3491756,125495726,36.1,36.5,35.45,35.8,0.15,1902
2016-11-08,2492,3251681,113955448,35.75,35.9,34.5,34.8,-1.0,1732
2016-11-09,2492,6466474,217390078,34.65,35.35,32.5,33.5,-1.3,3090
2016-11-10,2492,3162481,110939713,34.8,35.7,34.65,35.3,1.8,1548
2016-11-11,2492,1571716,54374003,33.7,35.0,33.7,34.55,-0.75,1043
2016-11-14,2492,2705270,93608437,34.85,35.45,33.05,35.35,0.8,1503
2016-11-15,2492,1740606,62440663,35.8,36.25,35.45,35.45,0.1,956
2016-11-16,2492,3188081,112938882,35.7,35.75,35.05,35.3,-0.15,1950
2016-11-17,2492,1369348,47985795,35.3,35.6,34.7,34.7,-0.6,783
2016-11-18,2492,1165468,40618440,34.95,35.25,34.5,35.1,0.4,767
2016-11-21,2492,1156467,41063402,35.1,35.8,34.75,35.75,0.65,688
2016-11-22,2492,2942058,106193751,35.7,36.45,35.65,36.1,0.35,1619
2016-11-23,2492,1967179,71416142,36.1,36.9,35.85,35.9,-0.2,1160
2016-11-24,2492,561209,20238832,36.15,36.35,35.9,35.9,0.0,415
2016-11-25,2492,467538,16793365,35.95,36.35,35.7,35.7,-0.2,381
2016-11-28,2492,555006,19757751,35.75,35.9,35.3,35.45,-0.25,408
2016-11-29,2492,1621335,58392197,35.5,36.5,35.3,36.3,0.85,923
2016-11-30,2492,1569469,56481129,36.2,36.8,35.6,35.9,-0.4,921
2016-12-01,2492,1170762,41662761,35.9,35.95,35.5,35.5,-0.4,786
2016-12-02,2492,1263373,44137048,35.15,35.15,34.8,34.85,-0.65,825
2016-12-05,2492,804108,27910155,34.85,35.15,34.6,34.6,-0.25,567
2016-12-06,2492,635955,22284225,35.1,35.2,34.9,34.9,0.3,381
2016-12-07,2492,3188753,115313641,35.35,36.5,35.3,36.4,1.5,1934
2016-12-08,2492,3342992,123367535,36.8,37.4,36.35,36.4,0.0,1805
2016-12-09,2492,836482,30276946,36.55,36.6,36.05,36.05,-0.35,631
2016-12-12,2492,774430,27754249,36.15,36.3,35.55,35.7,-0.35,516
2016-12-13,2492,2336685,85106412,35.9,36.9,35.7,36.9,1.2,1384
2016-12-14,2492,3759965,138936165,37.1,37.4,36.2,36.35,-0.55,1928
2016-12-15,2492,1742044,62938860,36.2,36.5,36.0,36.05,-0.3,1086
2016-12-16,2492,1762773,63982873,36.2,36.65,36.1,36.1,0.05,947
2016-12-19,2492,1384562,49552997,36.1,36.2,35.5,35.55,-0.55,891
2016-12-20,2492,2260754,79183658,35.5,35.55,34.8,34.9,-0.65,1206
2016-12-21,2492,3679899,126364424,35.0,35.0,33.95,34.3,-0.6,1651
2016-12-22,2492,5953017,198431091,34.25,34.3,32.7,32.8,-1.5,2992
2016-12-23,2492,3484774,113712695,32.3,33.3,32.3,32.55,-0.25,1689
2016-12-26,2492,2231985,72931500,32.9,33.2,32.5,32.55,0.0,1166
2016-12-27,2492,1393950,45925798,32.85,33.2,32.55,33.0,0.45,710
2016-12-28,2492,3757748,127915194,33.15,34.3,33.1,34.3,1.3,1879
2016-12-29,2492,2107618,73124010,34.3,35.0,34.0,34.95,0.65,1186
2016-12-30,2492,3299788,116074588,35.0,35.35,34.7,35.35,0.4,1408
2017-01-03,2492,3035676,105254838,35.35,35.6,34.35,34.75,-0.6,1754
2017-01-04,2492,1492115,51681893,34.8,35.0,34.45,34.5,-0.25,886
2017-01-05,2492,2504215,86375476,34.55,34.7,34.25,34.5,0.0,921
2017-01-06,2492,1259682,43889867,34.6,35.0,34.5,34.85,0.35,910
2017-01-09,2492,1508572,52158903,34.9,35.0,34.5,34.5,-0.35,726
2017-01-10,2492,1101898,37967544,34.35,34.6,34.3,34.45,-0.05,588
2017-01-11,2492,1364610,46950885,34.5,34.5,34.35,34.4,-0.05,543
2017-01-12,2492,2019471,70091365,34.45,35.0,34.35,34.45,0.05,1251
2017-01-13,2492,2681701,93460341,34.35,35.15,34.35,34.75,0.3,1428
2017-01-16,2492,1675270,58293467,34.6,35.0,34.4,34.9,0.15,839
2017-01-17,2492,1402394,48846869,34.9,35.0,34.6,34.75,-0.15,836
2017-01-18,2492,6598590,236089498,34.9,36.2,34.75,36.05,1.3,2792
2017-01-19,2492,14651242,559278913,36.6,39.55,36.5,37.9,1.85,6326
2017-01-20,2492,8698919,336494442,38.45,39.25,37.4,38.0,0.1,3496
2017-01-23,2492,4088969,158868641,38.6,39.3,38.3,39.2,1.2,2328
2017-01-24,2492,2805052,108701618,39.0,39.1,38.5,38.55,-0.65,1443
2017-02-02,2492,2478399,95135090,38.6,39.1,38.0,38.3,-0.25,1431
2017-02-03,2492,5905427,234012381,38.7,40.15,38.45,39.75,1.45,2886
2017-02-06,2492,3920718,155983379,40.25,40.25,39.15,40.0,0.25,1936
2017-02-07,2492,2754323,109654427,40.0,40.1,39.3,40.0,0.0,1444
2017-02-08,2492,8179256,314498718,39.5,40.35,37.0,38.0,-2.0,3850
2017-02-09,2492,4391975,166171758,38.0,38.25,37.5,38.1,0.1,2145
2017-02-10,2492,3558973,133703572,38.05,38.5,37.15,37.3,-0.8,2069
2017-02-13,2492,3073737,117630390,37.4,38.7,37.35,38.3,1.0,1732
2017-02-14,2492,1913535,73046786,38.5,38.7,37.7,38.25,-0.05,1027
2017-02-15,2492,1801786,68996499,38.25,38.6,37.8,38.4,0.15,923
2017-02-16,2492,2357197,89006710,38.5,38.6,37.55,37.55,-0.85,1379
2017-02-17,2492,2467798,94357507,37.6,38.45,37.6,38.4,0.85,1420
2017-02-18,2492,6182202,245476958,40.55,40.7,39.05,39.1,0.7,3063
2017-02-20,2492,8964036,360792380,39.7,40.95,39.3,40.5,1.4,4070
2017-02-21,2492,8572982,354504088,41.0,42.5,40.35,40.95,0.45,4028
2017-02-22,2492,8021131,337463072,40.55,43.0,40.55,42.3,1.35,4001
2017-02-23,2492,4973632,210041320,42.8,43.0,41.6,42.35,0.05,2811
2017-02-24,2492,12279354,540115754,43.0,45.3,42.85,43.1,0.75,5940
2017-03-01,2492,13432906,611542641,44.0,47.4,43.75,47.4,4.3,7191
2017-03-02,2492,9441569,442658829,48.0,48.2,45.85,46.4,-1.0,5045
2017-03-03,2492,3885191,177142426,45.95,46.4,45.0,45.5,-0.9,2135
2017-03-06,2492,8269364,395018041,47.1,48.6,46.65,47.8,2.3,4428
2017-03-07,2492,3741540,178043698,47.8,48.2,46.8,47.55,-0.25,2022
2017-03-08,2492,3176462,149159506,47.6,47.8,46.6,47.0,-0.55,1765
2017-03-09,2492,3182832,150519429,47.1,47.7,46.6,47.3,0.3,1924
2017-03-10,2492,3082426,141348903,46.65,47.05,45.6,46.0,-1.3,1953
2017-03-13,2492,2551419,120346908,46.2,47.85,45.85,47.35,1.35,1838
2017-03-14,2492,1754542,81857357,47.15,47.15,46.25,46.65,-0.7,1195
2017-03-15,2492,1970243,93095971,46.65,47.8,46.65,46.85,0.2,1123
2017-03-16,2492,2103962,99685358,47.55,47.75,46.95,47.45,0.6,1188
2017-03-17,2492,3351707,159928749,47.4,48.45,47.25,47.95,0.5,1824
2017-03-20,2492,8084785,403487696,48.9,51.5,48.1,50.8,2.85,4642
2017-03-21,2492,5507364,273190252,50.6,50.6,49.35,49.4,-1.4,2967
2017-03-22,2492,3044695,146947369,48.4,48.7,47.8,48.7,-0.7,1561
2017-03-23,2492,3487001,167450053,48.65,48.8,47.6,47.65,-1.05,1862
2017-03-24,2492,4135753,192448057,47.65,47.7,46.0,46.5,-1.15,2337
2017-03-27,2492,2234638,103085698,46.3,46.5,45.6,46.3,-0.2,1373
2017-03-28,2492,4039507,181440138,46.5,46.75,43.7,44.8,-1.5,2127
2017-03-29,2492,3348823,152724867,45.15,46.5,44.7,46.3,1.5,1848
2017-03-30,2492,1551042,72042110,46.3,46.7,45.8,46.55,0.25,877
2017-03-31,2492,5905685,264363634,46.25,46.25,44.2,44.75,-1.8,2647
2017-04-05,2492,2951905,133734636,45.3,45.95,44.6,44.85,0.1,1764
2017-04-06,2492,3120099,142467136,44.9,46.25,44.9,46.05,1.2,1797
2017-04-07,2492,3404240,157272061,46.0,47.05,45.4,46.7,0.65,1872
2017-04-10,2492,4898191,233902567,46.5,49.0,46.5,47.2,0.5,3250
2017-04-11,2492,2621369,123425004,47.2,47.8,46.6,47.2,0.0,1729
2017-04-12,2492,8620308,422966982,47.2,49.9,47.2,49.7,2.5,4408
2017-04-13,2492,9919965,498878456,50.1,51.1,49.45,50.1,0.4,5354
2017-04-14,2492,3375131,167243324,49.7,50.0,48.75,49.5,-0.6,1648
2017-04-17,2492,5000229,254520113,50.5,52.2,49.9,49.95,0.45,2759
2017-04-18,2492,5679590,291711290,50.1,52.4,50.0,51.2,1.25,3078
2017-04-19,2492,7527214,395129101,50.8,53.6,50.0,52.9,1.7,4020
2017-04-20,2492,6291511,331293392,53.3,54.5,51.2,51.5,-1.4,3229
2017-04-21,2492,15552530,859543745,52.5,56.6,51.6,56.6,5.1,6972
2017-04-24,2492,13184896,765755338,56.7,60.5,55.1,59.1,2.5,7291
2017-04-25,2492,8140453,489512411,59.1,61.7,58.1,60.8,1.7,4872
2017-04-26,2492,6086402,363394087,61.0,61.6,58.3,58.6,-2.2,3688
2017-04-27,2492,5944127,348738266,58.9,59.5,58.1,58.1,-0.5,3896
2017-04-28,2492,5100564,296353060,57.9,59.4,57.0,57.8,-0.3,2916
2017-05-02,2492,4425629,251498233,58.4,58.6,56.1,56.5,-1.3,2598
2017-05-03,2492,2935929,166160418,56.8,57.5,55.6,56.0,-0.5,1656
2017-05-04,2492,3666677,209546601,55.9,57.9,55.8,57.5,1.5,2408
2017-05-05,2492,3006815,168783198,57.5,57.5,55.5,55.5,-2.0,1843
2017-05-08,2492,3709638,203033345,55.4,55.9,54.0,55.3,-0.2,2615
2017-05-09,2492,5000353,266941948,55.2,55.2,52.1,52.7,-2.6,2660
2017-05-10,2492,4046950,220536900,53.2,55.2,53.2,54.1,1.4,2254
2017-05-11,2492,3672660,194713380,54.2,54.4,52.1,53.0,-1.1,2129
2017-05-12,2492,1988706,105131179,53.1,53.6,52.3,52.6,-0.4,1222
2017-05-15,2492,4988627,268098418,52.6,54.5,52.6,54.0,1.4,2429
2017-05-16,2492,3601519,189707679,53.8,54.0,52.2,52.2,-1.8,1974
2017-05-17,2492,7621208,384439522,52.0,52.0,49.5,50.6,-1.6,3953
2017-05-18,2492,3735964,189273080,49.65,51.4,49.6,50.4,-0.2,2325
2017-05-19,2492,3587450,180013629,50.9,51.4,49.8,49.8,-0.6,2013
2017-05-22,2492,3339019,169503198,50.4,51.7,49.85,50.6,0.8,1837
2017-05-23,2492,2357695,120474822,51.1,51.6,50.9,51.0,0.4,1215
2017-05-24,2492,4425192,229828817,51.4,52.6,51.3,51.9,0.9,2042
2017-05-25,2492,4005337,210592078,52.6,53.1,52.0,52.1,0.2,2022
2017-05-26,2492,1743546,90604914,52.3,52.3,51.6,51.7,-0.4,1025
2017-05-31,2492,1920013,98206641,51.7,52.4,50.4,50.4,-1.3,1122
2017-06-01,2492,3193940,160766573,51.3,51.3,49.65,50.7,0.3,1742
2017-06-02,2492,5355539,281773961,50.8,53.7,50.8,53.4,2.7,2948
2017-06-03,2492,2357415,126272546,53.4,54.1,53.0,53.6,0.2,1245
2017-06-05,2492,6220433,341428182,53.8,55.6,53.8,54.2,0.6,3233
2017-06-06,2492,2737301,147646991,54.2,54.7,53.1,54.7,0.5,1609
2017-06-07,2492,2658878,142987434,54.3,54.9,53.1,53.2,-1.5,1415
2017-06-08,2492,7302300,402425540,53.6,55.8,53.6,55.5,2.3,3645
2017-06-09,2492,7806999,435544233,57.0,57.2,54.8,55.0,-0.5,4313
2017-06-12,2492,2344462,126635413,54.2,54.4,53.8,53.8,-1.2,1532
2017-06-13,2492,1981424,106172533,54.4,54.6,52.7,52.7,-1.1,1338
2017-06-14,2492,5364594,272045977,53.0,53.0,49.8,50.7,-2.0,3100
2017-06-15,2492,2786796,139916050,50.7,50.7,49.7,50.3,-0.4,1743
2017-06-16,2492,2083770,106454370,50.4,51.4,50.4,51.2,0.9,1158
2017-06-19,2492,2120079,110615814,51.1,52.6,51.1,52.4,1.2,1420
2017-06-20,2492,2607109,137831582,52.9,53.6,52.1,52.5,0.1,1507
2017-06-21,2492,9550806,529457834,55.6,56.8,54.6,55.1,2.6,4615
2017-06-22,2492,2913130,160204250,55.1,55.5,54.5,55.3,0.2,1375
2017-06-23,2492,3585848,199474351,56.3,56.5,54.5,54.5,-0.8,2164
2017-06-26,2492,3018914,163083192,54.0,54.8,53.4,53.8,-0.7,1690
2017-06-27,2492,3040026,166943791,54.2,55.8,54.2,54.3,0.5,1966
2017-06-28,2492,1799076,96459532,53.9,54.2,53.1,53.5,-0.8,1283
2017-06-29,2492,2212984,120342410,54.0,54.9,53.5,54.5,1.0,1765
2017-06-30,2492,1091793,59346949,53.9,55.0,53.8,54.6,0.1,731
2017-07-03,2492,1381130,74942574,54.4,55.0,53.9,53.9,-0.7,1112
2017-07-04,2492,1827439,99235811,53.9,54.6,53.7,54.1,0.2,1638
2017-07-05,2492,2523426,133872939,54.0,54.2,52.6,52.9,-1.2,1705
2017-07-06,2492,1081688,57810261,53.1,53.8,53.1,53.8,0.9,910
2017-07-07,2492,1622321,87303436,54.1,54.2,53.2,53.3,-0.5,1187
2017-07-10,2492,1454858,76998641,53.3,53.5,52.6,52.8,-0.5,897
2017-07-11,2492,1345015,71040678,52.8,53.4,52.1,52.8,0.0,960
2017-07-12,2492,2173760,116492940,53.3,55.0,52.7,54.2,1.4,1479
2017-07-13,2492,2445792,131887214,54.5,54.7,53.2,54.0,-0.2,1747
2017-07-14,2492,3888386,211178366,53.7,55.0,53.6,54.4,0.4,2098
2017-07-17,2492,2664197,141504249,53.3,53.9,52.7,52.7,0.0,1497
2017-07-18,2492,4070515,211036713,52.8,52.8,51.3,51.8,-0.9,2894
2017-07-19,2492,3977465,210405638,51.8,53.3,51.7,53.0,1.2,2761
2017-07-20,2492,3259254,169764898,52.6,52.8,51.6,51.9,-1.1,2253
2017-07-21,2492,2680914,138590392,51.8,52.2,51.4,51.4,-0.5,1832
2017-07-24,2492,2595411,133861814,51.5,52.0,51.2,51.8,0.4,1897
2017-07-25,2492,3940775,209437053,51.9,53.8,51.9,53.7,1.9,2503
2017-07-26,2492,5772831,317830822,54.3,55.7,54.3,55.0,1.3,3459
2017-07-27,2492,2982941,163830975,55.5,55.5,54.5,54.7,-0.3,2127
2017-07-28,2492,2297116,124622464,54.6,54.9,53.6,54.2,-0.5,1620
2017-07-31,2492,3637790,199125160,54.3,55.5,54.0,54.1,-0.1,1917
2017-08-01,2492,2002729,108995370,54.8,55.4,53.8,53.8,-0.3,1018
2017-08-02,2492,7121382,396597640,54.4,56.8,54.4,56.5,2.7,3796
2017-08-03,2492,3706815,206405541,56.5,56.5,55.0,55.6,-0.9,2361
2017-08-04,2492,9046364,530586512,59.0,60.0,57.9,58.0,2.4,4229
2017-08-07,2492,4033687,235715521,58.9,59.0,57.5,57.7,-0.3,2359
2017-08-08,2492,11393819,691948508,58.2,63.4,57.2,62.5,4.8,6305
2017-08-09,2492,5977013,359361567,61.9,61.9,59.0,59.2,-3.3,3484
2017-08-10,2492,3752057,219685306,60.0,60.3,57.2,58.2,-1.0,2415
2017-08-11,2492,2442745,140984528,57.3,58.5,57.3,57.8,-0.4,1541
2017-08-14,2492,2546825,145442900,58.5,59.0,55.7,56.3,-1.5,1552
2017-08-15,2492,2296582,132994153,57.4,58.8,56.8,58.0,1.7,1539
2017-08-16,2492,3657873,216672962,58.8,60.0,58.0,58.8,0.8,2151
2017-08-17,2492,3001912,178815342,59.3,60.3,58.7,59.8,1.0,1629
2017-08-18,2492,3627027,214114377,59.4,60.0,58.5,59.0,-0.8,2055
2017-08-21,2492,3529918,211766284,59.2,60.5,59.1,60.0,1.0,2282
2017-08-22,2492,2057474,123905141,61.0,61.4,59.6,59.6,-0.4,1461
2017-08-23,2492,2506908,148469799,60.3,60.5,58.2,58.6,-1.0,1586
2017-08-24,2492,2459167,147058820,58.7,60.5,58.3,60.4,1.8,1527
2017-08-25,2492,3447959,210432139,60.9,61.6,60.1,61.0,0.6,2248
2017-08-28,2492,12855389,844545881,61.9,67.1,61.9,67.0,6.0,6219
2017-08-29,2492,6210132,414827735,65.8,68.4,65.4,67.0,0.0,3745
2017-08-30,2492,10346055,733282699,69.0,73.4,67.4,71.0,4.0,6462
2017-08-31,2492,8231308,582280861,71.5,74.0,68.4,68.9,-2.1,4994
2017-09-01,2492,2944114,205383130,69.0,70.6,68.1,70.3,1.4,1971
2017-09-04,2492,2419227,170951971,70.5,71.5,69.8,69.9,-0.4,1687
2017-09-05,2492,3676682,260470240,72.0,72.6,70.0,70.1,0.2,2431
2017-09-06,2492,3530156,248222533,70.1,71.4,69.2,70.7,0.6,2277
2017-09-19,2492,5933302,487073692,82.1,82.1,82.0,82.0,0.0,3405
2017-09-20,2492,4522681,362984459,80.6,82.6,78.6,78.8,-3.2,3279
2017-09-21,2492,2739991,214771848,79.0,79.8,77.3,78.6,-0.2,2303
2017-09-22,2492,2640881,209167789,78.8,79.9,78.6,78.6,0.0,2052
2017-09-25,2492,7395202,529577436,76.0,76.0,70.8,70.8,-7.8,4026
2017-09-26,2492,6691011,465781244,70.3,71.2,67.1,68.0,-2.8,4621
2017-09-27,2492,3162139,224603152,68.8,72.6,68.8,70.7,2.7,2235
2017-09-28,2492,1438245,101938195,71.2,71.5,70.3,71.4,0.7,1047
2017-09-29,2492,6030967,448783767,71.4,75.7,71.4,75.2,3.8,3494
2017-09-30,2492,1538612,116651972,75.2,76.4,74.1,75.9,0.7,1216
2017-10-02,2492,3067670,241072107,79.5,79.7,77.5,79.0,3.1,2127
2017-10-03,2492,1687970,131419924,78.4,78.7,77.3,77.7,-1.3,1356
2017-10-05,2492,1318301,103761364,78.5,79.3,78.1,78.8,1.1,991
2017-10-06,2492,2220880,174216315,79.6,79.8,77.6,78.0,-0.8,1398
2017-10-11,2492,4960448,397267325,78.8,81.4,78.6,80.0,2.0,3499
2017-10-12,2492,1958619,156396924,80.0,80.1,79.1,80.0,0.0,1237
2017-10-13,2492,1342443,106897597,80.1,80.1,79.1,79.2,-0.8,965
2017-10-16,2492,2221017,178713136,79.2,81.5,78.8,80.9,1.7,1744
2017-10-17,2492,6369707,534280974,80.9,86.0,80.9,82.7,1.8,4052
2017-10-18,2492,2136978,174479789,83.6,84.4,80.3,80.5,-2.2,1582
2017-10-19,2492,1424388,116330130,81.1,82.5,81.1,81.4,0.9,1050
2017-10-20,2492,1345664,109626484,81.4,82.4,80.6,81.2,-0.2,990
2017-10-23,2492,1381217,114130645,81.5,83.5,81.5,82.1,0.9,956
2017-10-24,2492,1311618,107365612,82.2,83.4,81.2,81.5,-0.6,1029
2017-10-25,2492,1374586,111165868,81.7,82.4,80.1,80.3,-1.2,989
2017-10-26,2492,3428412,278047521,79.6,82.4,79.6,80.4,0.1,2024
2017-10-27,2492,1529925,121626188,80.7,81.5,78.3,78.5,-1.9,1112
2017-10-30,2492,1255990,97946199,80.0,80.0,77.3,77.8,-0.7,825
2017-10-31,2492,2082283,163535297,78.2,79.9,77.8,77.8,0.0,1447
2017-11-01,2492,6186612,506333294,78.8,83.2,78.6,83.0,5.2,3904
2017-11-02,2492,2140132,174203908,83.0,83.0,80.7,80.8,-2.2,1478
2017-11-03,2492,1231630,98584132,81.2,81.4,79.5,79.7,-1.1,863
2017-11-06,2492,1419196,112564084,80.6,80.6,78.8,79.2,-0.5,1018
2017-11-07,2492,1086911,85684368,79.2,80.0,78.0,79.0,-0.2,844
2017-11-08,2492,1184318,94770140,79.0,80.8,78.8,80.4,1.4,840
2017-11-09,2492,1953389,153501642,80.3,80.4,77.8,78.0,-2.4,1401
2017-11-10,2492,1455302,113042404,78.0,78.5,77.0,77.5,-0.5,1000
2017-11-13,2492,1890289,144001438,77.5,77.7,75.4,75.5,-2.0,1181
2017-11-14,2492,2154608,168624174,75.4,80.1,75.4,79.5,4.0,1357
2017-11-15,2492,2223685,178142938,79.7,81.6,78.6,79.5,0.0,1646
2017-11-16,2492,6940609,581010613,81.8,85.5,81.2,81.6,2.1,4630
2017-11-17,2492,7988245,682665592,82.3,87.0,82.3,86.9,5.3,5354
2017-11-20,2492,4010017,349765226,88.5,89.3,85.1,86.3,-0.6,2835
2017-11-21,2492,2901284,253596683,87.8,89.3,85.5,87.0,0.7,2115
2017-11-22,2492,4919348,434540791,89.0,90.0,86.5,87.0,0.0,3374
2017-11-23,2492,3643781,310656436,87.0,88.0,84.0,84.7,-2.3,2602
2017-11-24,2492,7673694,680458624,85.5,91.0,85.5,88.4,3.7,4875
2017-11-27,2492,7840970,735400783,89.1,97.2,88.2,95.7,7.3,5712
2017-11-28,2492,10320500,1041611100,96.7,104.0,96.5,100.5,4.8,6221
2017-11-29,2492,9141801,968869207,100.5,110.0,100.0,108.0,7.5,5854
2017-11-30,2492,8493815,913179965,104.0,112.0,101.0,112.0,4.0,5961
2017-12-01,2492,6517241,698450168,111.0,111.5,103.0,103.0,-9.0,4230
2017-12-04,2492,3820024,401637948,104.5,107.5,102.5,102.5,-0.5,2650
2017-12-05,2492,5332018,523306928,101.5,101.5,95.4,96.2,-6.3,3315
2017-12-06,2492,3175952,303423651,98.8,98.9,93.1,94.7,-1.5,2206
2017-12-07,2492,2888281,271051393,95.5,97.0,92.0,92.7,-2.0,1997
2017-12-08,2492,5589165,544963370,94.9,101.0,94.0,98.0,5.3,3848
2017-12-11,2492,6703163,682219226,97.8,106.5,96.1,102.0,4.0,3902
2017-12-12,2492,2759016,275320848,102.0,102.5,97.0,97.5,-4.5,1909
2017-12-13,2492,1871762,185141074,97.6,100.5,97.5,98.7,1.2,1321
2017-12-14,2492,6100290,626453200,100.0,105.5,99.8,100.0,1.3,3716
2017-12-15,2492,3109751,316929502,101.5,104.0,99.5,102.0,2.0,2104
2017-12-18,2492,9831655,1079317860,103.0,112.0,103.0,112.0,10.0,5730
2017-12-19,2492,14545390,1680545338,115.0,119.5,110.5,113.0,1.0,9422
2017-12-20,2492,9835645,1137479462,114.0,118.5,112.5,116.0,3.0,6222
2017-12-21,2492,4742284,536656929,114.5,116.0,111.0,113.0,-3.0,2963
2017-12-22,2492,7526676,869530240,115.0,118.0,112.0,115.0,2.0,4599
2017-12-25,2492,2942316,337834892,117.0,118.0,112.5,112.5,-2.5,2039
2017-12-26,2492,6045731,638115907,112.5,112.5,102.0,103.0,-9.5,3708
2017-12-27,2492,9681839,1015494477,105.5,109.0,102.0,103.0,0.0,5511
2017-12-28,2492,3456442,358305616,104.0,106.0,101.5,106.0,3.0,2237
2017-12-29,2492,4464635,473022675,107.0,108.5,104.0,105.0,-1.0,2730
2018-01-02,2492,7228166,735407834,106.0,106.5,99.9,101.5,-3.5,4051
2018-01-03,2492,9884659,1072002649,103.0,111.5,103.0,111.5,10.0,5351
2018-01-04,2492,11810521,1368691655,111.5,118.5,111.5,117.0,5.5,7134
2018-01-05,2492,5540138,642404370,115.5,119.0,113.0,116.0,-1.0,3225
2018-01-08,2492,3468462,387679320,115.0,115.0,108.0,110.0,-6.0,2537
2018-01-09,2492,3538922,388421023,110.5,112.5,108.0,109.0,-1.0,2221
2018-01-10,2492,6445026,670857700,109.0,110.5,101.5,105.0,-4.0,4039
2018-01-11,2492,9913412,1037476211,106.5,110.0,101.5,102.5,-2.5,5660
2018-01-12,2492,6436370,653466870,103.0,104.5,100.0,101.0,-1.5,3930
2018-01-15,2492,11559248,1115992135,102.0,102.5,92.7,96.6,-4.4,6954
2018-01-16,2492,11881724,1155740893,97.3,101.0,94.7,96.3,-0.3,7982
2018-01-17,2492,9161817,872355232,96.5,97.1,93.1,96.4,0.1,5804
2018-01-18,2492,11193260,1124399728,98.0,103.0,97.7,103.0,6.6,6815
2018-01-19,2492,8965565,924965695,104.5,106.5,100.0,103.0,0.0,5386
2018-01-22,2492,9509114,1006484312,102.0,109.0,101.5,108.5,5.5,5634
2018-01-23,2492,10544513,1087784800,107.5,108.5,100.0,100.0,-8.5,6272
2018-01-24,2492,11147935,1098452979,101.0,102.0,97.0,98.3,-1.7,6628
2018-01-25,2492,7072395,683132710,98.7,99.7,94.6,95.4,-2.9,4757
2018-01-26,2492,12419774,1139705036,96.2,96.5,89.1,92.2,-3.2,8074
2018-01-29,2492,8176337,786231566,93.8,98.5,93.0,98.0,5.8,5498
2018-01-30,2492,5858181,569045357,96.5,98.9,95.5,97.5,-0.5,4074
2018-01-31,2492,5066942,497534190,96.5,99.7,95.7,98.3,0.8,3279
2018-02-01,2492,3341234,327169432,98.0,98.8,97.0,98.0,-0.3,2258
2018-02-02,2492,7835781,771687382,99.7,101.5,95.8,95.8,-2.2,5401
2018-02-05,2492,4771180,444931616,91.2,96.2,91.2,96.2,0.4,3182
2018-02-06,2492,10288328,931785564,93.1,95.7,86.6,87.3,-8.9,6283
2018-02-07,2492,7114250,646522256,91.4,93.3,89.1,89.2,1.9,4155
2018-02-08,2492,3916829,345423809,89.3,90.6,86.7,88.0,-1.2,2728
2018-02-09,2492,5284829,442642936,82.4,85.9,81.5,84.2,-3.8,3479
2018-02-12,2492,4294719,362339018,85.9,86.3,82.8,83.6,-0.6,3262
2018-02-21,2492,4795537,414187481,86.8,87.8,85.4,86.4,2.8,2846
2018-02-22,2492,2905052,248785419,86.3,86.7,84.7,85.7,-0.7,2352
2018-02-23,2492,9223918,795399112,88.5,90.0,83.3,83.3,-2.4,6339
2018-02-26,2492,8549378,734335522,85.0,88.0,84.2,87.5,4.2,4936
2018-02-27,2492,6675565,585383645,90.0,90.0,85.5,86.4,-1.1,4690
2018-03-01,2492,6528149,576400477,85.6,89.9,85.0,89.9,3.5,4723
2018-03-02,2492,9747263,882487348,89.0,92.6,88.3,91.1,1.2,6308
2018-03-05,2492,10230522,961854193,93.1,95.5,92.6,93.8,2.7,6752
2018-03-06,2492,8646296,827535220,94.8,96.6,94.5,95.1,1.3,5675
2018-03-07,2492,4816120,454137458,95.0,96.3,92.6,93.1,-2.0,3321
2018-03-08,2492,3137438,294659772,93.6,94.9,93.0,94.0,0.9,2082
2018-03-09,2492,3319116,310039188,94.2,94.4,92.7,93.0,-1.0,2430
2018-03-12,2492,4707365,446089475,94.6,95.5,93.8,95.4,2.4,3098
2018-03-13,2492,3939240,376667777,95.6,96.7,94.2,96.0,0.6,2838
2018-03-14,2492,13612544,1344127534,96.0,101.0,95.2,98.5,2.5,8426
2018-03-15,2492,18833526,1945442056,102.5,108.0,99.5,106.0,7.5,10911
2018-03-16,2492,12448641,1327844305,107.0,108.5,105.0,105.0,-1.0,7441
2018-03-19,2492,11763141,1281407406,106.0,111.0,106.0,110.0,5.0,7238
2018-03-20,2492,13027156,1447547504,109.0,114.0,108.0,109.5,-0.5,8550
2018-03-21,2492,10525067,1184983504,111.0,114.0,111.0,112.5,3.0,6459
2018-03-22,2492,28296443,3448617717,118.0,123.5,118.0,119.5,7.0,12828
2018-03-23,2492,18961280,2192682476,115.0,119.5,112.0,112.5,-7.0,10283
2018-03-26,2492,9276003,1040737833,113.5,114.5,110.0,111.0,-1.5,5556
2018-03-27,2492,14536622,1701845518,114.5,120.0,114.0,119.5,8.5,8366
2018-03-28,2492,9786644,1127900722,117.5,117.5,112.5,115.0,-4.5,6127
2018-03-29,2492,8447187,986385066,117.0,119.5,114.0,118.5,3.5,5565
2018-03-30,2492,17316538,2109942723,119.5,125.0,118.5,119.0,0.5,9818
2018-03-31,2492,6404459,768710325,120.0,122.0,118.5,120.0,1.0,3693
2018-04-02,2492,9868732,1203826421,120.5,124.5,120.0,121.5,1.5,5313
2018-04-03,2492,8590819,1020099358,119.0,120.5,117.0,120.0,-1.5,5025
2018-04-09,2492,5941277,715315141,121.0,122.5,118.0,122.0,2.0,3352
2018-04-10,2492,16797119,2137763351,121.5,131.5,121.0,129.5,7.5,9861
2018-04-11,2492,13838000,1809818475,134.5,136.0,126.0,129.0,-0.5,8081
2018-04-12,2492,5599371,720682790,128.5,131.0,126.5,128.0,-1.0,3555
2018-04-13,2492,8118964,1069789748,131.0,134.0,130.0,132.5,4.5,4957
2018-04-16,2492,19162741,2725877767,137.0,145.5,134.5,145.5,13.0,9484
2018-04-17,2492,43419581,6689232136,150.0,160.0,148.5,157.5,12.0,22914
2018-04-18,2492,25764383,4144141844,156.0,169.0,154.5,169.0,11.5,15433
2018-04-19,2492,35013912,6189079152,167.0,185.5,165.5,181.0,12.0,20534
2018-04-20,2492,27371062,4759405668,178.0,184.0,163.5,164.0,-17.0,16938
2018-04-23,2492,13291565,2382995700,180.0,180.0,175.0,180.0,16.0,5633
2018-04-24,2492,23681878,4259103516,185.5,192.5,170.0,172.0,-8.0,14643
2018-04-25,2492,16888371,2942448828,172.0,181.5,168.0,168.0,-4.0,10195
2018-04-26,2492,14107885,2450300875,172.0,177.5,169.0,171.0,3.0,9241
2018-04-27,2492,19093928,3522413464,177.5,188.0,176.5,188.0,17.0,11527
2018-04-30,2492,27928179,5264310538,190.0,194.0,183.5,187.5,-0.5,17123
2018-05-02,2492,27057000,5425902000,193.0,206.0,192.0,206.0,18.5,16176
2018-05-03,2492,37508669,7943977687,200.5,225.0,200.0,225.0,19.0,24482
2018-05-04,2492,32021650,7363271400,228.5,236.0,225.0,227.0,2.0,21545
2018-05-07,2492,27500837,6645354913,240.0,249.5,234.5,249.5,22.5,18210
2018-05-08,2492,7787226,1822837432,245.0,245.0,227.0,232.0,-17.5,5478
2018-05-09,2492,8663987,2128541815,233.0,254.0,233.0,246.0,14.0,5233
2018-05-10,2492,7156523,1823026503,251.5,261.0,248.0,261.0,15.0,4842
2018-05-11,2492,8253849,2214113391,270.0,283.0,253.5,259.0,-2.0,5623
2018-05-14,2492,5661521,1603414185,284.0,284.5,275.0,284.5,25.5,3033
2018-05-15,2492,10243091,3107420857,288.0,312.5,288.0,312.5,28.0,6322
2018-05-16,2492,8208141,2565598737,305.0,320.0,305.0,312.5,0.0,5111
2018-05-17,2492,6278962,1769166774,282.0,283.0,281.5,281.5,-31.0,3650
2018-05-18,2492,9912920,2825486600,300.0,300.0,271.5,281.5,0.0,6250
2018-05-21,2492,8955530,2667915439,289.0,309.5,282.0,309.5,28.0,5677
2018-05-22,2492,23493319,7794524729,321.0,340.0,317.0,340.0,30.5,17174
2018-05-23,2492,34047307,10940875442,343.5,343.5,306.0,306.0,-34.0,22733
2018-05-24,2492,30235793,9227986002,306.0,316.5,286.0,314.0,8.0,21879
2018-05-25,2492,27836774,9239989386,328.5,342.0,319.0,340.0,26.0,20342
2018-05-28,2492,26246760,9481686220,355.0,374.0,348.0,373.5,33.5,18388
2018-05-29,2492,18044901,6621110766,368.0,375.5,358.0,366.5,-7.0,14063
2018-05-30,2492,25723732,9539523088,364.5,385.5,355.0,385.0,18.5,18790
2018-05-31,2492,47026019,18276118795,397.0,400.5,370.0,387.5,2.5,19717
2018-06-01,2492,15804933,6013456741,377.5,387.0,374.0,378.0,-9.5,11680
2018-06-04,2492,13299941,5101550684,386.0,388.5,378.0,378.0,0.0,9703
2018-06-05,2492,14730439,5387659845,382.0,383.0,351.0,355.0,-23.0,11658
2018-06-06,2492,12855924,4933466766,374.0,390.5,371.0,390.5,35.5,8020
2018-06-07,2492,21980875,9035009375,400.0,420.0,400.0,415.5,25.0,15766
2018-06-08,2492,9821787,4039552647,415.5,416.0,406.5,407.5,-8.0,8007
2018-06-11,2492,10522592,4396250996,416.0,424.5,410.0,414.5,7.0,8021
2018-06-12,2492,14389302,5883228414,422.5,424.0,394.5,407.0,-7.5,10595
2018-06-13,2492,10928694,4367669876,407.5,416.0,388.5,405.0,-2.0,8618
2018-06-14,2492,7261806,2919605258,400.5,410.5,394.0,394.0,-11.0,5809
2018-06-15,2492,14574150,5918392350,395.5,417.0,388.0,411.0,17.0,9755
2018-06-19,2492,7022405,2817807570,410.5,410.5,393.5,394.0,-17.0,5295
2018-06-20,2492,23002601,8343539658,394.0,394.5,355.0,357.0,-37.0,14489
2018-06-21,2492,17212241,6189021697,358.0,372.5,346.0,350.0,-7.0,12619
2018-06-22,2492,16567403,5513231230,337.5,347.0,319.5,320.5,-29.5,12837
2018-06-25,2492,9866052,3224239452,329.0,333.0,318.0,326.0,5.5,7753
2018-06-26,2492,12154101,4127272695,320.0,358.5,319.5,358.5,32.5,9159
2018-06-27,2492,21665656,8200930032,369.0,391.0,366.0,372.5,14.0,16736
2018-06-28,2492,17319377,6646001530,374.5,390.0,374.0,390.0,17.5,12813
2018-06-29,2492,21413057,8732795098,398.0,422.0,396.0,417.0,27.0,15588
2018-07-02,2492,24806673,11053891215,426.0,458.5,425.0,458.5,41.5,17769
2018-07-03,2492,27609482,12862916418,475.0,491.5,439.0,450.0,-8.5,21866
2018-07-04,2492,21739595,9718818345,452.0,458.5,431.5,451.5,1.5,16678
2018-07-05,2492,16302146,7144856028,454.5,454.5,409.5,418.0,-33.5,12338
2018-07-06,2492,29561461,11977267510,430.0,433.0,382.5,410.0,-8.0,21724
2018-07-09,2492,27213176,11329697753,424.0,444.5,396.0,396.0,-14.0,20849
2018-07-10,2492,18052021,7348849175,410.0,414.5,395.5,414.5,18.5,13448
2018-07-11,2492,14507772,5833595660,395.0,408.5,392.0,406.5,-8.0,11129
2018-07-12,2492,20323171,8524606227,409.0,441.0,400.5,438.0,31.5,15729
2018-07-13,2492,16883839,7480258626,449.5,452.0,435.5,435.5,-2.5,12981
2018-07-16,2492,12077193,5099929739,437.5,441.5,398.5,405.5,-30.0,9748
2018-07-17,2492,18610736,7437255848,398.5,412.5,386.5,412.0,6.5,14330
2018-07-18,2492,24526684,9748953156,424.0,425.0,373.0,383.5,-28.5,18428
2018-07-19,2492,20958859,7971448638,386.5,393.0,366.0,382.0,-1.5,16106
2018-07-20,2492,25390175,9169425200,383.0,386.0,344.0,344.0,-38.0,18882
2018-07-23,2492,26163147,9220390795,346.0,369.5,339.0,369.5,25.5,19739
2018-07-24,2492,23816156,9041957496,369.0,392.0,363.0,391.0,21.5,18889
2018-07-25,2492,19725743,7889931602,393.0,415.0,390.0,415.0,24.0,15176
2018-07-26,2492,22684859,9616050562,421.5,431.5,415.0,420.5,5.5,17726
2018-07-27,2492,12765449,5434711478,427.0,431.0,421.0,424.0,3.5,10209
2018-07-30,2492,15846213,6257445366,423.0,423.0,382.0,382.0,-42.0,11901
2018-07-31,2492,33645203,12184476847,376.0,388.0,344.0,347.0,-35.0,24804
2018-08-01,2492,26300103,9065369829,350.0,355.0,333.0,342.5,-4.5,20549
2018-08-02,2492,17831854,5694560403,339.0,339.0,308.5,308.5,-34.0,12188
2018-08-03,2492,31917658,9438873662,305.0,316.0,278.0,289.0,-19.5,23503
2018-08-06,2492,14637868,4403466456,302.0,308.0,291.0,291.5,2.5,10708
2018-08-07,2492,19335175,5973387574,305.0,320.5,299.0,320.5,29.0,12768
2018-08-08,2492,25524376,8040409796,320.0,327.0,292.0,295.0,0.0,19203
2018-08-09,2492,20933475,6293301975,301.0,310.5,292.5,299.0,4.0,16102
2018-08-10,2492,25767975,7285761675,292.0,296.0,269.5,271.0,-28.0,20236
2018-08-13,2492,29440895,7475774380,254.0,266.0,244.0,244.0,-27.0,20172
2018-08-14,2492,39569725,9841235489,249.0,260.0,234.0,252.0,8.0,28409
2018-08-15,2492,27680075,6791000450,249.0,253.0,238.5,245.5,-6.5,20579
2018-08-16,2492,31279941,8196407070,248.0,270.0,248.0,270.0,24.5,20233
2018-08-17,2492,43624160,11979354825,275.0,285.0,259.0,261.0,-9.0,31463
2018-08-20,2492,32150809,8610185520,265.0,286.5,254.5,278.5,17.5,24503
2018-08-21,2492,36743619,10277877796,278.5,285.0,271.0,282.5,4.0,27120
2018-08-22,2492,17687192,4918721684,281.0,282.0,274.0,275.0,-7.5,13367
2018-08-23,2492,21423062,5781805930,276.0,279.0,262.0,264.0,-11.0,16735
2018-08-24,2492,31971892,8801280190,266.5,283.0,266.5,280.5,16.5,23711
2018-08-27,2492,31362397,9412648454,289.5,308.5,289.5,308.5,28.0,21155
2018-08-28,2492,43000322,13316197530,312.0,317.5,301.0,303.0,-5.5,29486
2018-08-29,2492,27041943,8384215602,307.0,315.0,302.5,315.0,12.0,19844
2018-08-30,2492,20292524,6389264678,316.0,319.5,311.5,312.5,-2.5,15222
2018-08-31,2492,18813360,5853475979,309.0,315.0,306.5,314.5,2.0,12691
2018-09-03,2492,23514989,6960657845,314.0,314.5,283.5,283.5,-31.0,17568
2018-09-04,2492,46553148,13155292032,285.0,292.5,270.0,283.5,0.0,33767
2018-09-05,2492,28964025,8011942659,279.0,285.0,267.0,267.0,-16.5,21815
2018-09-06,2492,33614526,8818671682,265.0,269.5,255.5,256.5,-10.5,24860
2018-09-07,2492,37679099,9197555260,252.0,257.0,232.0,238.0,-18.5,27245
2018-09-10,2492,40220836,9722022381,242.0,248.0,230.0,247.0,9.0,29783
2018-09-11,2492,35962951,8993428799,249.0,257.0,245.0,247.0,0.0,25946
2018-09-12,2492,30300499,7246159759,245.5,245.5,233.5,240.5,-6.5,22289
2018-09-13,2492,27053507,6601278138,248.0,251.5,233.5,233.5,-7.0,19881
2018-09-14,2492,41379170,10154660840,240.0,256.0,233.0,251.5,18.0,29254
2018-09-17,2492,20523300,5153139900,250.0,255.0,245.5,253.0,1.5,14883
2018-09-18,2492,30104522,7278944258,247.0,250.0,234.5,234.5,-18.5,22524
2018-09-19,2492,41192036,9629993981,240.0,242.5,221.5,221.5,-13.0,27986
2018-09-20,2492,44399856,9877350388,224.0,229.5,214.5,223.0,1.5,31699
2018-09-21,2492,34915945,8056212575,228.0,235.5,225.0,235.0,12.0,21642
2018-09-25,2492,26461215,6200098900,230.0,242.0,227.5,234.5,-0.5,19508
2018-09-26,2492,21024227,4892065256,232.5,238.5,227.0,227.0,-7.5,15223
2018-09-27,2492,30412205,6679341035,222.0,227.0,212.0,212.0,-15.0,21492
2018-09-28,2492,42761814,9078694382,214.0,217.5,205.5,213.0,1.0,29713
2018-10-01,2492,24242302,5124755222,214.0,214.0,208.0,211.5,-1.5,16552
2018-10-02,2492,27119338,5803523304,215.0,218.0,208.0,208.0,-3.5,18880
2018-10-03,2492,20655371,4275190347,208.0,211.0,202.0,205.0,-3.0,14699
2018-10-04,2492,29518361,6109049783,210.0,212.0,201.0,203.0,-2.0,20305
2018-10-05,2492,47350622,9060698326,201.5,204.0,183.0,183.0,-20.0,31021
2018-10-08,2492,51804186,9009446492,182.0,184.0,165.0,172.0,-11.0,32513
2018-10-09,2492,45962640,7971697720,174.5,180.0,167.0,173.5,1.5,30677
2018-10-11,2492,24009779,3789617392,157.0,161.0,156.5,156.5,-17.0,13355
2018-10-12,2492,43391996,7060123340,157.0,169.0,156.5,165.0,8.5,26809
2018-10-15,2492,36465250,6131222606,164.0,173.5,162.0,168.5,3.5,23926
2018-10-16,2492,35753184,6200486544,170.0,177.0,169.0,171.5,3.0,21159
2018-10-17,2492,30134933,5304180066,181.0,182.0,170.5,170.5,-1.0,19553
2018-10-18,2492,41121138,7216523339,174.0,178.5,173.5,176.5,6.0,21351
2018-10-19,2492,39400329,6527257285,170.0,171.0,161.5,163.0,-13.5,24504
2018-10-22,2492,29740342,4706435746,154.0,163.0,152.5,162.0,-1.0,19832
2018-10-23,2492,33382140,5253533415,161.5,164.5,148.5,148.5,-13.5,21428
2018-10-24,2492,46427894,6808771342,150.0,151.5,142.5,142.5,-6.0,28255
2018-10-25,2492,33715401,4416364501,134.0,135.0,128.5,128.5,-14.0,19692
2018-10-26,2492,48412209,6250944543,134.0,134.5,125.0,127.0,-1.5,27755
2018-10-29,2492,39558897,5067009045,129.5,133.0,124.0,131.5,4.5,23659
2018-10-30,2492,37684420,4684055480,129.0,129.5,119.0,119.0,-12.5,22915
2018-10-31,2492,44124241,5627645918,122.5,130.5,122.5,130.5,11.5,23561
2018-11-01,2492,35008868,4865147549,133.0,143.5,133.0,143.5,13.0,17331
2018-11-02,2492,45803697,7076916252,157.5,157.5,147.0,157.5,14.0,24347
2018-11-05,2492,46039767,7198240453,153.5,161.0,152.0,157.5,0.0,28550
2018-11-06,2492,42870994,6418997648,155.5,159.0,142.0,142.0,-15.5,25824
2018-11-07,2492,58027357,8553713192,141.5,156.0,139.0,156.0,14.0,35232
2018-11-08,2492,59999598,9656899592,165.0,166.5,154.0,154.0,-2.0,35500
2018-11-09,2492,57799833,9131240446,156.0,165.5,152.5,162.0,8.0,34422
2018-11-12,2492,46365989,7175871280,152.0,158.0,152.0,154.0,-8.0,27717
2018-11-13,2492,42621857,6382570466,145.0,157.0,144.0,157.0,3.0,24461
2018-11-14,2492,44720872,7155150276,159.0,162.5,157.0,158.0,1.0,27776
2018-11-15,2492,40216383,6500169195,159.5,164.5,158.5,164.0,6.0,22747
2018-11-16,2492,61592756,10407635496,167.0,174.0,165.5,165.5,1.5,35262
2018-11-19,2492,29834204,4999280068,166.0,170.0,165.5,166.5,1.0,15992
2018-11-20,2492,35427191,5881415910,165.0,169.0,162.5,164.0,-2.5,20096
2018-11-21,2492,35963247,5995541085,162.5,172.5,162.0,172.5,8.5,20347
2018-11-22,2492,42421390,7319431630,175.0,178.5,163.5,165.5,-7.0,26484
2018-11-23,2492,30118914,4958745982,166.5,168.5,161.0,162.0,-3.5,17876
2018-11-26,2492,19230656,3181762396,164.5,168.0,163.0,167.0,5.0,11846
2018-11-27,2492,25303456,4290085645,168.0,173.0,166.0,172.5,5.5,15581
2018-11-28,2492,40266635,7166391530,174.0,185.0,173.5,178.0,5.5,25159
2018-11-29,2492,37160217,6781696843,184.0,186.5,177.5,179.0,1.0,23048
2018-11-30,2492,37154838,6861711606,181.0,187.5,181.0,187.5,8.5,21414
2018-12-03,2492,13382859,2720658454,200.0,206.0,198.5,206.0,18.5,7041
2018-12-04,2492,47054047,9930923861,214.0,215.0,207.0,210.5,4.5,29343
2018-12-05,2492,33124589,6710631337,200.5,206.5,199.5,203.5,-7.0,19990
2018-12-06,2492,38851150,7433290496,200.0,203.0,183.5,183.5,-20.0,22700
2018-12-07,2492,42830845,7869250825,185.0,188.0,177.5,184.5,1.0,25767
2018-12-10,2492,30952243,5304505067,178.0,178.5,166.5,167.5,-17.0,19620
2018-12-11,2492,37684729,6305714097,167.5,170.5,164.0,167.5,0.0,23133
2018-12-12,2492,24846135,4279057355,171.0,174.0,170.5,172.5,5.0,14344
2018-12-13,2492,34152041,5702581772,172.5,172.5,161.0,164.0,-8.5,21659
2018-12-14,2492,29525400,4743231400,160.0,165.5,157.0,165.5,1.5,19033
2018-12-17,2492,20660473,3396574249,162.5,167.5,160.5,165.0,-0.5,13010
2018-12-18,2492,19225797,3090296710,162.0,163.0,158.5,160.5,-4.5,11204
2018-12-19,2492,19133481,3123429922,161.5,165.0,161.5,162.0,1.5,11434
2018-12-20,2492,22296061,3524216539,160.5,162.0,153.0,155.5,-6.5,13571
2018-12-21,2492,28685184,4492026211,155.5,162.5,151.0,160.0,4.5,15912
2018-12-22,2492,8246588,1296513404,157.5,158.5,156.0,158.0,-2.0,5435
2018-12-24,2492,11568346,1836748360,159.0,160.5,156.5,160.0,2.0,7131
2018-12-25,2492,14148963,2176268765,153.5,156.0,152.0,155.0,-5.0,8977
2018-12-26,2492,19084506,2976764637,157.0,160.0,149.5,149.5,-5.5,11160
2018-12-27,2492,20473178,3202949268,156.5,159.0,154.5,156.5,7.0,11942
2018-12-28,2492,12392495,1946762725,158.0,159.5,154.0,154.0,-2.5,7869
2019-01-02,2492,7938079,1227872120,156.0,157.0,152.5,154.0,0.0,5092
2019-01-03,2492,15485915,2320200590,154.0,156.0,144.5,144.5,-9.5,9958
2019-01-04,2492,22548536,3125411797,141.5,141.5,136.0,140.0,-4.5,13465
2019-01-07,2492,12011087,1762870724,147.0,148.0,145.5,148.0,8.0,7120
2019-01-08,2492,8342554,1220263384,147.0,147.5,145.0,146.0,-2.0,5583
2019-01-09,2492,28197846,4391588878,149.0,160.5,148.5,157.5,11.5,15183
2019-01-10,2492,21565372,3346881788,157.0,157.5,152.5,154.5,-3.0,12878
2019-01-11,2492,24650843,3892242735,157.5,161.0,155.0,155.0,0.5,14724
2019-01-14,2492,9181174,1428619044,155.0,157.0,154.0,156.5,1.5,5553
2019-01-15,2492,20243222,3242591464,157.5,162.5,157.5,162.5,6.0,11789
2019-01-16,2492,16500680,2691121669,162.5,164.5,161.5,164.0,1.5,10291
2019-01-17,2492,16796748,2772919176,166.5,168.0,161.0,162.5,-1.5,10329
2019-01-18,2492,14291529,2355753814,164.5,166.5,163.0,166.0,3.5,8034
2019-01-21,2492,13597175,2307889900,170.0,171.5,168.0,168.0,2.0,8481
2019-01-22,2492,11075009,1826081464,167.5,167.5,162.5,163.0,-5.0,6878
2019-01-23,2492,8992121,1467799086,161.5,166.0,161.0,166.0,3.0,5062
2019-01-24,2492,6932713,1148856432,166.5,168.0,164.0,164.0,-2.0,4352
2019-01-25,2492,25490836,4371264464,167.0,176.5,166.5,175.0,11.0,16041
2019-01-28,2492,26113568,4639148602,178.0,181.0,173.0,174.5,-0.5,17197
2019-01-29,2492,14131638,2408424236,172.0,172.0,168.5,171.5,-3.0,8132
2019-01-30,2492,9454521,1626986591,172.5,173.5,171.0,171.0,-0.5,6104
2019-02-11,2492,12778738,2197536198,175.0,175.0,170.0,171.0,0.0,8030
2019-02-12,2492,30044402,5370057541,173.5,181.5,173.5,180.5,9.5,18412
2019-02-13,2492,43842087,8543090746,191.0,198.5,187.5,198.5,18.0,22509
2019-02-14,2492,26617766,5262081636,200.0,201.0,194.5,195.5,-3.0,16449
2019-02-15,2492,25720296,4839176886,194.0,194.5,184.5,184.5,-11.0,15598
2019-02-18,2492,20899586,3944810754,188.0,191.5,186.5,189.0,4.5,13147
2019-02-19,2492,14681662,2785144940,190.0,192.5,187.5,188.5,-0.5,8928
2019-02-20,2492,29477356,5744948208,191.5,199.5,191.5,193.0,4.5,18709
2019-02-21,2492,18689258,3629295936,194.5,197.5,191.0,197.5,4.5,11463
2019-02-22,2492,38916103,7764871894,199.5,204.0,196.5,197.0,-0.5,24664
2019-02-25,2492,21667086,4330916614,200.0,202.0,198.0,199.0,2.0,12734
2019-02-26,2492,26422192,5286116823,199.0,205.0,194.5,194.5,-4.5,17183
2019-02-27,2492,34546469,6358698358,190.0,191.0,180.5,181.0,-13.5,21552
2019-03-04,2492,14750022,2692998614,183.5,186.0,180.0,186.0,5.0,9553
2019-03-05,2492,8944975,1638571900,183.0,184.5,182.0,182.5,-3.5,5436
2019-03-06,2492,9746277,1787537968,183.0,185.0,182.0,183.0,0.5,6040
2019-03-07,2492,12392041,2216180339,182.5,183.5,173.5,178.0,-5.0,8232
2019-03-08,2492,14035007,2445971253,174.5,178.0,172.0,178.0,0.0,8690
2019-03-11,2492,11664925,2083996425,175.0,181.5,174.5,181.0,3.0,7052
2019-03-12,2492,15550045,2839723645,184.0,185.0,180.0,180.0,-1.0,9111
2019-03-13,2492,10840015,1984571855,181.0,185.0,180.5,185.0,5.0,6157
2019-03-14,2492,12885703,2379267995,186.0,187.5,181.5,183.0,-2.0,7977
2019-03-15,2492,20962436,3932548240,185.5,190.5,185.0,187.0,4.0,12837
2019-03-18,2492,12591140,2397850460,191.0,193.0,189.0,189.0,2.0,7934
2019-03-19,2492,8228074,1546754338,190.5,190.5,186.0,187.0,-2.0,5512
2019-03-20,2492,11720992,2225141980,189.0,191.5,188.0,190.0,3.0,7151
2019-03-21,2492,8044786,1533921508,191.0,192.0,189.0,192.0,2.0,5049
2019-03-22,2492,18422654,3587260188,194.0,197.0,192.5,194.5,2.5,11031
2019-03-25,2492,11445805,2153127645,188.0,190.0,186.5,188.0,-6.5,7079
2019-03-26,2492,7435792,1414556480,189.0,191.5,189.0,190.5,2.5,4633
2019-03-27,2492,13966900,2714557800,192.5,197.0,191.0,197.0,6.5,8522
2019-03-28,2492,10684906,2093821170,196.0,197.5,194.5,195.0,-2.0,6591
2019-03-29,2492,13961250,2775689000,197.0,201.0,196.0,200.0,5.0,8826
2019-04-01,2492,22542312,4425595340,202.0,203.5,190.5,193.0,-7.0,15329
2019-04-02,2492,9419692,1818797696,194.5,195.5,190.5,192.0,-1.0,6639
2019-04-03,2492,14252318,2796103328,193.5,198.5,192.0,196.0,4.0,9575
2019-04-08,2492,11363226,2253465570,199.5,201.5,195.0,195.0,-1.0,7625
2019-04-09,2492,28898655,5881256565,197.0,208.5,195.5,206.0,11.0,18736
2019-04-10,2492,15699410,3219238140,206.0,207.5,203.5,204.0,-2.0,10069
2019-04-11,2492,25683871,5375218797,206.0,214.0,205.5,207.0,3.0,16418
2019-04-12,2492,17091901,3549036205,209.5,213.0,203.5,206.0,-1.0,10903
2019-04-15,2492,9332849,1963673988,209.0,212.0,208.5,212.0,6.0,6716
2019-04-16,2492,10998906,2355726478,214.0,217.0,211.5,213.0,1.0,7547
2019-04-17,2492,20533402,4578817852,217.5,231.0,216.0,225.0,12.0,14603
2019-04-18,2492,20160862,4560346541,230.0,233.5,218.0,220.5,-4.5,13787
2019-04-19,2492,11776530,2627339220,225.0,226.5,218.5,224.0,3.5,7693
2019-04-22,2492,11459004,2535379338,226.0,227.5,217.5,218.0,-6.0,7903
2019-04-23,2492,11638887,2475037931,219.0,219.0,210.0,212.5,-5.5,7988
2019-04-24,2492,10137862,2141910080,214.5,216.0,207.5,208.5,-4.0,6741
2019-04-25,2492,15459886,3153445560,203.0,209.0,200.5,209.0,0.5,10159
2019-04-26,2492,9591386,1970467811,206.5,208.5,203.0,204.5,-4.5,6151
2019-04-29,2492,25932272,4973872710,197.0,199.5,185.0,185.0,-19.5,16734
2019-04-30,2492,14812419,2764298610,184.0,190.5,181.5,189.0,4.0,9279
2019-05-02,2492,8466787,1592694604,188.0,190.5,185.5,190.0,1.0,5827
2019-05-03,2492,10008469,1886039641,190.0,191.0,186.0,187.5,-2.5,6749
2019-05-06,2492,13983617,2541513294,182.0,185.0,179.5,180.0,-7.5,8586
2019-05-07,2492,10705940,1957284080,181.5,185.0,180.5,180.5,0.5,6888
2019-05-08,2492,11193100,1993169138,178.0,180.5,175.5,180.5,0.0,7242
2019-05-09,2492,9530033,1685293317,180.5,181.0,173.0,174.0,-6.5,6320
2019-05-10,2492,15093209,2658446202,175.0,180.0,173.0,176.0,2.0,9669
2019-05-13,2492,15348551,2604995415,175.0,177.5,163.0,163.0,-13.0,10575
2019-05-14,2492,18028116,2914357488,159.0,166.0,156.0,166.0,3.0,11940
2019-05-15,2492,12500114,2119181608,168.0,172.0,166.0,170.5,4.5,8499
2019-05-16,2492,11796114,1971436424,169.5,171.0,163.0,164.0,-6.5,8053
2019-05-17,2492,10038059,1655242294,167.0,167.5,162.0,164.0,0.0,6720
2019-05-20,2492,8550830,1416998527,166.5,168.5,163.5,163.5,-0.5,5659
2019-05-21,2492,9134992,1512831652,163.0,168.5,162.5,167.5,4.0,6308
2019-05-22,2492,7903706,1319651990,167.5,169.5,164.0,164.0,-3.5,5478
2019-05-23,2492,10412515,1653985370,161.5,161.5,157.0,157.0,-7.0,7258
2019-05-24,2492,8850181,1389883055,158.5,159.5,154.0,154.0,-3.0,5621
2019-05-27,2492,7071390,1092487560,155.5,156.5,152.0,153.5,-0.5,5096
2019-05-28,2492,5748769,892165464,155.0,156.5,153.0,156.0,2.5,3372
2019-05-29,2492,11245262,1781240682,154.5,161.0,154.0,160.5,4.5,7317
2019-05-30,2492,11148101,1763817357,161.0,162.0,156.0,156.0,-4.5,8157
2019-05-31,2492,10435811,1663439760,156.0,163.0,155.5,159.0,3.0,7334
2019-06-03,2492,8300224,1312241892,158.5,160.0,156.5,157.0,-2.0,5650
2019-06-04,2492,9685857,1547819325,160.0,162.0,158.0,158.5,1.5,6385
2019-06-05,2492,12212794,1933143958,162.0,162.5,154.0,155.0,-3.5,8783
2019-06-06,2492,16032280,2389755940,154.0,154.5,146.0,146.5,-8.5,11166
2019-06-10,2492,9262972,1386751300,150.0,152.0,147.0,150.0,3.5,6210
2019-06-11,2492,9243858,1386130485,148.5,153.0,146.5,151.0,1.0,6347
2019-06-12,2492,5793500,874864000,151.0,153.0,149.0,152.0,1.0,3963
2019-06-13,2492,3905668,586785359,151.0,152.0,149.0,149.5,-2.5,2873
2019-06-14,2492,8347762,1269833062,151.0,154.0,150.0,151.0,1.5,5420
2019-06-17,2492,6942102,1065074810,151.0,155.0,151.0,155.0,4.0,4519
2019-06-18,2492,5195869,798922516,155.0,156.0,152.0,152.0,-3.0,3707
2019-06-19,2492,7743253,1200874715,155.0,156.0,154.0,155.0,3.0,5108
2019-06-20,2492,28393386,4664317362,158.0,167.5,158.0,165.5,10.5,17929
2019-06-21,2492,12708689,2086996447,167.5,167.5,161.5,162.0,-3.5,8564
2019-06-24,2492,8475153,1391463051,162.0,167.0,161.0,167.0,5.0,5846
2019-06-25,2492,8361009,1373394976,167.0,167.5,162.0,162.5,-4.5,5602
2019-06-26,2492,4016553,655795910,162.5,164.5,162.0,163.0,0.5,2976
2019-06-27,2492,6209847,1023855755,163.0,166.0,163.0,164.0,1.0,4257
2019-06-28,2492,4256458,697751337,164.5,166.0,162.5,164.0,0.0,2986
2019-07-01,2492,13820639,2339264296,168.0,171.0,167.0,169.5,5.5,9311
2019-07-02,2492,11614002,1989267844,170.0,173.5,167.5,172.0,2.5,8670
2019-07-03,2492,13964256,2425749044,173.0,175.5,171.0,173.5,1.5,9893
2019-07-04,2492,22063791,3985287171,175.5,183.0,175.0,181.0,7.5,14285
2019-07-05,2492,10865422,1962485665,181.5,183.0,178.5,180.0,-1.0,7056
2019-07-08,2492,7678544,1358967288,178.5,180.0,175.0,175.5,-4.5,5265
2019-07-09,2492,12620621,2139048129,171.5,172.5,168.0,168.0,-7.5,8220
2019-07-10,2492,6806580,1162989760,169.5,172.5,169.5,172.0,4.0,4460
2019-07-11,2492,5522077,953931667,173.5,174.5,170.5,170.5,-1.5,4000
2019-07-12,2492,5856465,1002338445,171.5,173.0,169.0,172.5,2.0,3683
2019-07-15,2492,7470165,1263384628,171.5,172.5,167.5,170.0,-2.5,5572
2019-07-16,2492,9345690,1625960560,171.5,175.5,171.0,174.0,4.0,5945
2019-07-17,2492,4035687,697155001,174.0,174.0,171.5,172.5,-1.5,3000
2019-07-18,2492,6615550,1123709000,172.0,173.0,168.0,168.5,-4.0,4442
2019-07-19,2492,5159981,871627789,170.5,171.5,167.0,169.0,0.5,3826
2019-07-22,2492,6916132,1146417338,168.0,169.0,164.5,165.0,-4.0,4932
2019-07-23,2492,6028119,1006813254,166.0,169.0,165.5,165.5,0.5,4241
2019-07-24,2492,9029507,1529426183,169.5,171.5,168.0,168.5,3.0,5825
2019-07-25,2492,8081729,1372404117,169.0,172.0,167.5,172.0,3.5,5864
2019-07-26,2492,13003721,2267678460,172.0,177.5,171.0,177.5,5.5,9213
2019-07-29,2492,9461761,1685320219,179.0,180.5,176.5,178.0,0.5,6808
2019-07-30,2492,15485139,2788129603,180.5,183.0,177.0,177.0,-1.0,10915
2019-07-31,2492,7582537,1337025306,177.5,178.0,174.5,177.0,0.0,5179
2019-08-01,2492,6970205,1241592487,175.0,180.0,174.5,180.0,3.0,5010
2019-08-02,2492,8400962,1483930714,177.5,179.0,175.0,176.5,-3.5,5576
2019-08-05,2492,10315730,1835411564,177.0,181.0,175.0,175.0,-1.5,6979
2019-08-06,2492,8356389,1433876686,170.0,174.0,168.5,172.0,-3.0,5986
2019-08-07,2492,14588266,2466738422,174.5,175.0,165.5,165.5,-6.5,10858
2019-08-08,2492,11561541,1760830487,152.0,154.5,150.0,151.5,0.0,8136
2019-08-12,2492,5143351,787147554,152.0,154.5,150.5,154.0,2.5,3743
2019-08-13,2492,6212700,937788000,153.5,154.0,149.5,150.0,-4.0,4428
2019-08-14,2492,5230700,789867143,152.5,153.0,149.0,149.0,-1.0,3568
2019-08-15,2492,7703275,1104340100,145.0,145.0,142.0,142.5,-6.5,5549
2019-08-16,2492,5661812,816639240,143.5,145.5,142.5,145.0,2.5,3759
2019-08-19,2492,7022077,1041781079,146.5,150.5,145.5,150.0,5.0,4939
2019-08-20,2492,4505582,676416300,151.0,152.0,148.5,149.0,-1.0,3129
2019-08-21,2492,4527210,673986893,148.5,151.0,147.5,147.5,-1.5,3391
2019-08-22,2492,3366091,496030315,150.0,150.0,146.0,146.0,-1.5,2531
2019-08-23,2492,4784806,706487491,145.5,149.5,145.5,148.5,2.5,3076
2019-08-26,2492,4937184,713839582,145.0,146.5,142.5,144.5,-4.0,3434
2019-08-27,2492,3218148,467043812,146.0,147.0,144.0,144.0,-0.5,1825
2019-08-28,2492,5138865,755376520,146.0,148.5,145.0,148.0,4.0,3245
2019-08-29,2492,3014649,444768220,148.5,149.0,146.0,147.5,-0.5,2130
2019-08-30,2492,27515710,4329679180,150.0,161.5,150.0,158.0,10.5,17107
2019-09-02,2492,15317574,2467363617,159.0,163.5,158.5,160.0,2.0,9803
2019-09-03,2492,6977103,1115434980,160.0,162.0,157.5,160.0,0.0,4653
2019-09-04,2492,6524283,1049951063,161.0,162.5,159.5,161.0,1.0,4184
2019-09-05,2492,11138865,1822551630,163.0,166.0,161.5,162.5,1.5,7339
2019-09-06,2492,7897329,1296252954,165.0,166.0,162.5,163.0,0.5,5060
2019-09-09,2492,10472701,1665222696,164.0,164.5,156.0,156.0,-7.0,7032
2019-09-10,2492,4450256,694586556,156.5,158.0,155.0,156.5,0.5,3244
2019-09-11,2492,3422592,539285036,157.0,158.5,156.5,158.0,1.5,2455
2019-09-12,2492,3762307,600384960,159.5,161.0,158.5,159.5,1.5,2784
2019-09-16,2492,2285217,360650003,159.0,159.5,156.5,159.0,-0.5,1701
2019-09-17,2492,8451064,1375727304,162.0,165.0,161.0,161.0,2.0,5787
2019-09-18,2492,4557204,739586048,162.0,163.0,161.0,163.0,2.0,3641
2019-09-19,2492,3189056,518568072,164.0,164.5,161.0,162.0,-1.0,2381
2019-09-20,2492,3196967,519160154,163.0,164.0,161.5,162.0,0.0,2090
2019-09-23,2492,2920296,473545952,162.5,163.5,161.0,161.5,-0.5,1934
2019-09-24,2492,3073875,494359500,162.5,162.5,159.5,159.5,-2.0,2138
2019-09-25,2492,2720800,429213297,158.5,159.0,156.5,158.0,-1.5,2004
2019-09-26,2492,32172068,5374906356,160.5,169.5,160.5,167.5,9.5,18526
2019-09-27,2492,28740288,4943430112,170.5,174.5,170.0,174.5,7.0,17287
2019-10-01,2492,41868384,7627829772,177.0,188.5,176.5,183.0,8.5,25630
2019-10-02,2492,16851005,3078813410,182.0,185.5,181.0,182.0,-1.0,10937
2019-10-03,2492,9711406,1744133080,178.5,182.0,178.5,179.5,-2.5,6583
2019-10-04,2492,11554549,2065307982,181.0,183.0,175.5,178.0,-1.5,7541
2019-10-07,2492,14543252,2662022616,181.0,185.0,181.0,183.0,5.0,8874
2019-10-08,2492,18579340,3373602880,183.0,184.5,179.0,181.0,-2.0,11179
2019-10-09,2492,18845253,3431430293,181.0,185.0,179.0,180.0,-1.0,11456
2019-10-14,2492,16041088,2967080214,184.0,187.0,182.5,185.0,5.0,9456
2019-10-15,2492,21811228,4105576180,186.5,192.5,184.5,185.5,0.5,13932
2019-10-16,2492,12354700,2246755300,187.0,188.0,178.5,179.0,-6.5,8855
2019-10-17,2492,7142737,1295192725,179.5,184.0,177.5,184.0,5.0,4794
2019-10-18,2492,6553261,1197172621,185.0,185.0,181.0,182.5,-1.5,3914
2019-10-21,2492,8916054,1647734899,183.5,186.5,183.0,183.5,1.0,5742
2019-10-22,2492,5914962,1081637584,185.0,186.0,181.0,182.0,-1.5,4107
2019-10-23,2492,6685933,1208882306,181.5,182.5,178.5,182.0,0.0,4402
2019-10-24,2492,9416560,1736266251,184.0,185.5,183.5,183.5,1.5,5990
2019-10-25,2492,9171989,1697326449,184.0,187.0,182.0,185.5,2.0,5899
2019-10-28,2492,5203830,966896550,187.0,187.5,184.5,185.0,-0.5,3835
2019-10-29,2492,7976043,1469925840,186.5,187.5,181.0,182.0,-3.0,5496
2019-10-30,2492,11793720,2189545264,182.5,187.0,182.0,187.0,5.0,6853
2019-10-31,2492,16106885,3028023340,189.0,191.5,183.0,183.5,-3.5,10643
2019-11-01,2492,17522546,3133366372,182.0,182.0,175.0,181.5,-2.0,11183
2019-11-04,2492,6245543,1135744326,183.0,183.5,180.5,182.0,0.5,3853
2019-11-05,2492,5387346,981014472,183.0,183.5,180.5,182.0,0.0,2931
2019-11-06,2492,8691853,1584003893,182.5,185.5,179.0,180.5,-1.5,5503
2019-11-07,2492,9597156,1698509956,179.5,181.0,174.5,175.0,-5.5,6446
2019-11-08,2492,7864887,1362777384,175.5,176.5,171.0,172.0,-3.0,5452
2019-11-11,2492,16762376,2732611912,171.5,171.5,157.5,160.0,-12.0,10497
2019-11-12,2492,8296251,1347752415,163.0,164.0,161.0,163.5,3.5,4546
2019-11-13,2492,20226271,3417560299,167.0,172.5,166.5,168.0,4.5,11588
2019-11-14,2492,9661679,1622768251,169.0,170.0,165.5,168.5,0.5,5767
2019-11-15,2492,4758079,799560230,170.0,170.5,166.5,166.5,-2.0,3134
2019-11-18,2492,2846705,474258877,169.0,169.0,165.5,166.0,-0.5,1922
2019-11-19,2492,2870903,480746750,166.5,168.5,166.0,167.5,1.5,1963
2019-11-20,2492,3884468,645851416,168.0,168.5,165.0,165.5,-2.0,2606
2019-11-21,2492,5063662,824793056,162.5,165.0,160.5,165.0,-0.5,3232
2019-11-22,2492,2939899,481260436,163.5,165.5,162.5,163.5,-1.5,2132
2019-11-25,2492,6928618,1159716324,165.0,169.0,163.5,168.5,5.0,3952
2019-11-26,2492,12174987,2101153762,173.5,174.5,171.0,171.0,2.5,6669
2019-11-27,2492,10835022,1887905876,172.0,176.5,172.0,176.0,5.0,6789
2019-11-28,2492,6042369,1051957337,176.0,176.0,172.5,172.5,-3.5,4201
2019-11-29,2492,5971036,1026217656,174.5,174.5,169.0,170.0,-2.5,3601
2019-12-02,2492,8573762,1480614088,172.5,174.5,169.0,173.0,3.0,5598
2019-12-03,2492,18954931,3362796218,172.5,181.5,171.5,177.0,4.0,12458
2019-12-04,2492,11100513,1965651540,178.0,180.0,174.5,175.5,-1.5,7606
2019-12-05,2492,8841600,1556630200,177.0,178.0,175.0,176.0,0.5,5471
2019-12-06,2492,17857036,3198828516,178.5,181.0,176.0,181.0,5.0,10279
2019-12-09,2492,18826154,3474342749,185.0,186.0,182.5,184.0,3.0,10824
2019-12-10,2492,5895585,1077279251,183.0,184.5,181.0,182.5,-1.5,3941
2019-12-11,2492,9788157,1800938888,182.5,185.5,181.5,184.0,1.5,5642
2019-12-12,2492,7038938,1291452654,185.0,186.0,182.0,182.5,-1.5,4384
2019-12-13,2492,9458619,1731859777,184.5,185.5,181.0,183.5,1.0,4961
2019-12-16,2492,9697853,1806681011,185.0,187.5,183.5,187.0,3.5,6544
2019-12-17,2492,7033434,1307464058,188.0,188.5,184.5,184.5,-2.5,4805
2019-12-18,2492,6739938,1244794551,184.0,186.5,183.0,183.5,-1.0,4576
2019-12-19,2492,4925693,908414012,185.0,186.5,183.0,184.0,0.5,3162
2019-12-20,2492,24794054,4675278152,186.0,191.5,185.5,189.0,5.0,13540
2019-12-23,2492,10173215,1928907850,190.0,191.0,187.0,190.5,1.5,5043
2019-12-24,2492,48463807,9793690405,195.0,209.5,195.0,208.0,17.5,28596
2019-12-25,2492,25135620,5311851086,210.0,214.0,208.5,211.5,3.5,16988
2019-12-26,2492,15183948,3202917128,212.5,215.0,206.5,208.5,-3.0,10095
2019-12-27,2492,21458721,4643457991,210.5,219.0,210.5,219.0,10.5,14837
2019-12-30,2492,26145775,5945437750,221.5,233.5,221.0,230.0,11.0,17651
2019-12-31,2492,37050848,8749173546,231.0,241.0,230.0,239.0,9.0,23898
2020-01-02,2492,22450765,5379046191,241.5,245.5,235.0,239.5,0.5,14552
2020-01-03,2492,38670405,9753732908,248.0,262.0,245.5,255.5,16.0,26679
2020-01-06,2492,20772960,5272673870,255.0,258.0,250.0,252.5,-3.0,14511
2020-01-07,2492,36594697,8646895904,248.0,249.0,227.5,235.0,-17.5,23843
2020-01-08,2492,32773703,7650673408,226.0,241.0,224.0,236.0,1.0,21146
2020-01-09,2492,18170718,4365048166,242.0,244.5,236.5,236.5,0.5,11816
2020-01-10,2492,13704768,3213248544,237.0,240.0,229.5,232.5,-4.0,9159
2020-01-13,2492,19526856,4414503216,234.0,234.5,221.0,227.5,-5.0,13176
2020-01-14,2492,18939631,4466308547,230.5,238.5,230.5,236.0,8.5,12855
2020-01-15,2492,17760230,4168346630,238.0,240.5,228.0,229.5,-6.5,12625
2020-01-16,2492,11796786,2751026513,229.5,235.5,229.5,233.5,4.0,8026
2020-01-17,2492,10083150,2344886150,236.0,237.5,229.0,229.5,-4.0,6932
2020-01-20,2492,6355193,1465153469,229.5,232.0,228.5,232.0,2.5,4268
2020-01-30,2492,14750201,3115976509,211.0,215.5,209.0,209.0,-23.0,9114
2020-01-31,2492,17147631,3611483303,212.0,214.5,204.5,210.5,1.5,10094
2020-02-03,2492,17291638,3616259946,202.5,217.5,198.0,216.5,6.0,11292
2020-02-04,2492,20886350,4791983100,223.0,237.0,218.5,236.0,19.5,14830
2020-02-05,2492,24263517,5795451714,239.0,244.5,231.5,234.5,-1.5,17861
2020-02-06,2492,17666160,4232562644,240.0,244.0,235.0,238.5,4.0,11912
2020-02-07,2492,11731418,2775057730,236.5,240.0,233.0,235.0,-3.5,7750
2020-02-10,2492,16933958,3888089382,229.0,235.0,224.5,228.5,-6.5,11076
2020-02-11,2492,18814456,4494818641,234.5,241.0,234.0,241.0,12.5,12212
2020-02-12,2492,13071004,3168458968,242.0,244.0,241.0,242.5,1.5,8252
2020-02-13,2492,11760206,2816941616,243.0,244.5,234.5,235.5,-7.0,7951
2020-02-14,2492,12135360,2908134120,236.5,242.0,235.5,242.0,6.5,8337
2020-02-17,2492,9935127,2380728480,239.0,243.5,237.0,239.0,-3.0,6859
2020-02-18,2492,23534927,5696557794,243.0,249.0,235.0,235.0,-4.0,16511
2020-02-19,2492,16849126,3947338988,237.0,238.5,230.0,235.0,0.0,10778
2020-02-20,2492,8976310,2127371970,238.0,239.0,235.0,236.5,1.5,6255
2020-02-21,2492,12450500,2973520231,237.5,240.5,236.0,239.5,3.0,7924
2020-02-24,2492,10551085,2499633985,236.0,241.0,234.0,241.0,1.5,6930
2020-02-25,2492,43764405,10886585604,240.5,256.0,237.0,248.5,7.5,27134
2020-02-26,2492,33961726,8048315277,242.0,245.5,228.5,228.5,-20.0,22374
2020-02-27,2492,25093499,5528986513,229.5,231.5,212.0,213.0,-15.5,17291
2020-03-02,2492,20096819,4344753680,209.5,223.0,206.5,218.0,5.0,13528
2020-03-03,2492,14611573,3238095987,226.0,226.5,217.0,217.0,-1.0,9461
2020-03-04,2492,19678102,4134419267,216.0,217.5,206.0,210.5,-6.5,13283
2020-03-05,2492,13484139,2879002524,214.5,216.5,210.0,214.0,3.5,9310
2020-03-06,2492,10735031,2249614041,210.0,211.5,208.5,209.0,-5.0,7466
2020-03-09,2492,16326036,3287998700,205.0,206.0,198.0,198.5,-10.5,10663
2020-03-10,2492,20421574,4052145013,196.0,206.0,194.0,206.0,7.5,13195
2020-03-11,2492,16189947,3283363968,206.0,208.0,195.5,197.0,-9.0,11195
2020-03-12,2492,23294590,4286883200,194.5,195.5,178.0,178.5,-18.5,14819
2020-03-13,2492,23669427,3849063864,162.5,169.0,161.0,168.0,-10.5,13842
2020-03-16,2492,22424098,3716377017,168.0,175.0,156.5,156.5,-11.5,14870
2020-03-17,2492,25150217,3865213638,153.0,160.5,148.5,150.0,-6.5,16186
2020-03-18,2492,17222330,2586662850,153.5,154.5,144.0,144.5,-5.5,11256
2020-03-19,2492,20716838,2795971339,142.0,144.5,130.5,130.5,-14.0,13177
2020-03-20,2492,13900220,1965964066,138.5,143.5,136.5,143.5,13.0,8468
2020-03-23,2492,12684846,1783778362,138.0,146.5,133.5,146.5,3.0,8647
2020-03-24,2492,14896810,2339881600,155.5,160.0,154.0,159.0,12.5,10472
2020-03-25,2492,19922908,3300262912,166.5,169.5,160.5,164.0,5.0,13663
2020-03-26,2492,15552155,2504388638,162.0,164.5,156.0,164.5,0.5,10525
2020-03-27,2492,17498694,2892028561,170.0,171.0,160.0,160.5,-4.0,12134
2020-03-30,2492,13521795,2133426880,153.0,163.5,152.5,162.0,1.5,8594
2020-03-31,2492,12367084,1999085524,165.5,166.5,158.5,161.0,-1.0,8215
2020-04-01,2492,8982477,1442939497,160.5,162.5,158.0,162.5,1.5,5911
2020-04-06,2492,18759952,3085460485,167.0,167.5,161.0,166.5,4.0,10722
2020-04-07,2492,19076871,3235652199,169.5,171.5,167.5,168.5,2.0,12602
2020-04-08,2492,31978700,5667789000,168.5,185.0,167.5,185.0,16.5,21493
2020-04-09,2492,30823366,5731570612,187.5,193.0,178.5,181.0,-4.0,20808
2020-04-10,2492,7928474,1442781024,182.0,185.5,180.0,180.0,-1.0,6077
2020-04-13,2492,6383805,1126240253,179.0,180.0,173.5,174.5,-5.5,4897
2020-04-14,2492,9031268,1618130508,177.5,181.0,177.0,180.0,5.5,5730
2020-04-15,2492,27969669,5450548962,191.0,198.0,189.0,198.0,18.0,15738
2020-04-16,2492,27515394,5491035061,198.0,202.0,196.5,199.0,1.0,18081
2020-04-17,2492,26940435,5351300325,206.0,207.0,192.0,193.5,-5.5,17539
2020-04-20,2492,18931977,3737085400,195.0,201.0,191.5,200.0,6.5,12401
2020-04-21,2492,16081596,3131876028,197.5,199.5,191.5,192.0,-8.0,11240
2020-04-22,2492,38268748,7695091828,196.5,211.0,192.5,211.0,19.0,25506
2020-04-23,2492,35736355,7459831775,212.5,214.5,204.5,205.0,-6.0,24761
2020-04-24,2492,25876957,5362307056,206.0,211.0,202.5,207.5,2.5,17588
2020-04-27,2492,35599493,7634261495,212.0,221.5,208.5,215.0,7.5,24163
2020-04-28,2492,26753104,5781715300,217.0,219.5,213.0,213.5,-1.5,18436
2020-04-29,2492,15219536,3251928846,214.5,217.0,211.0,211.0,-2.5,9757
2020-04-30,2492,15853381,3388177653,215.0,217.0,211.0,213.0,2.0,10743
2020-05-04,2492,17726211,3629045810,199.0,209.0,199.0,209.0,-4.0,12363
2020-05-05,2492,31804131,6772715670,210.5,218.0,207.5,207.5,-1.5,20718
2020-05-06,2492,12299046,2555815022,210.0,210.5,205.0,207.5,0.0,8291
2020-05-07,2492,10630944,2205794408,209.5,210.5,205.0,207.0,-0.5,6944
2020-05-08,2492,8810104,1807429216,209.5,210.0,203.0,203.5,-3.5,6390
2020-05-11,2492,6848566,1408536030,205.0,208.0,204.0,205.0,1.5,4731
2020-05-12,2492,15956492,3191804145,202.5,205.0,196.0,197.5,-7.5,11196
2020-05-13,2492,13478131,2643773200,196.0,201.0,192.0,199.5,2.0,9402
2020-05-14,2492,12705177,2453407807,198.0,198.0,188.5,189.0,-10.5,9078
2020-05-15,2492,12789324,2423851717,192.5,194.5,185.0,189.0,0.0,8702
2020-05-18,2492,14361890,2643309260,187.0,189.5,180.5,183.0,-6.0,9288
2020-05-19,2492,11917669,2247799448,187.5,192.0,184.5,190.5,7.5,8557
2020-05-20,2492,13771662,2636044780,191.5,194.5,189.0,189.0,-1.5,9317
2020-05-21,2492,6790733,1290415127,191.5,192.5,187.5,190.0,1.0,4705
2020-05-22,2492,7495927,1387956995,190.0,190.0,183.0,184.0,-6.0,5548
2020-05-25,2492,9351126,1719364940,184.0,188.0,179.0,188.0,4.0,6814
2020-05-26,2492,15376878,2953241820,194.5,195.5,188.0,188.0,0.0,10982
2020-05-27,2492,9917908,1893869336,189.5,193.0,188.5,191.0,3.0,7053
2020-05-28,2492,7207969,1369495141,192.5,193.0,187.5,187.5,-3.5,4973
2020-05-29,2492,7697737,1444609921,186.0,190.5,185.0,187.0,-0.5,4617
2020-06-01,2492,9105479,1743331447,188.5,193.5,187.5,192.5,5.5,6287
2020-06-02,2492,7540461,1441540551,193.0,194.0,189.0,190.0,-2.5,4892
2020-06-03,2492,10591684,2051559525,193.0,195.5,190.5,194.5,4.5,7170
2020-06-04,2492,29697459,6035468054,198.0,210.0,196.5,206.0,11.5,19861
2020-06-05,2492,19232042,3864391900,206.0,206.0,198.0,198.5,-7.5,12976
2020-06-08,2492,10525882,2090375136,201.0,201.5,196.5,197.0,-1.5,7453
2020-06-09,2492,5732073,1134357454,196.5,200.5,196.0,197.5,0.5,4163
2020-06-10,2492,7764593,1538726111,198.0,200.5,196.5,196.5,-1.0,5168
2020-06-11,2492,9788719,1877982110,196.0,197.5,188.0,189.5,-7.0,7366
2020-06-12,2492,7230564,1339772875,183.0,188.5,182.5,188.0,-1.5,5320
2020-06-15,2492,5497076,1025434136,187.5,189.5,184.0,184.5,-3.5,4180
2020-06-16,2492,9375865,1772536850,186.5,192.5,185.5,189.5,5.0,6098
2020-06-17,2492,8049044,1511672791,189.0,190.0,186.0,187.5,-2.0,5673
2020-06-18,2492,5321205,1001916950,188.0,190.0,186.5,190.0,2.5,3707
2020-06-19,2492,8538312,1616089802,192.0,193.0,187.0,187.0,-3.0,5546
2020-06-22,2492,8438455,1586989802,187.0,191.0,186.0,187.0,0.0,5381
2020-06-23,2492,8566253,1621096945,190.0,191.5,186.5,189.5,2.5,4948
2020-06-24,2492,9473898,1795648620,191.0,192.5,187.0,188.5,-1.0,5777
2020-06-29,2492,9397631,1730602735,185.5,186.0,182.0,184.0,-4.5,5271
2020-06-30,2492,15144798,2704561938,180.5,182.5,176.0,179.0,-5.0,10811
2020-07-01,2492,6119858,1103037862,180.0,182.5,178.5,179.0,0.0,4646
2020-07-02,2492,3785488,683263328,180.0,182.0,179.0,181.0,2.0,2654
2020-07-03,2492,5144219,927975420,182.0,183.0,179.0,179.0,-2.0,3754
2020-07-06,2492,8399748,1523000884,179.5,184.0,178.0,182.5,3.5,5851
2020-07-07,2492,11518650,2129093750,184.5,186.5,183.0,183.5,1.0,7601
2020-07-08,2492,7236994,1342034878,186.0,187.5,184.0,184.5,1.0,5320
2020-07-09,2492,4485254,820979845,185.0,186.0,181.5,182.0,-2.5,3347
2020-07-10,2492,6800602,1234683045,183.0,185.0,178.0,178.5,-3.5,4809
2020-07-13,2492,4362403,787566132,180.0,182.0,178.5,181.5,3.0,3179
2020-07-14,2492,4477183,802875257,181.0,182.0,178.0,178.0,-3.5,3214
2020-07-15,2492,3894230,697937549,181.0,182.0,177.0,177.5,-0.5,2880
2020-07-16,2492,3266122,582207338,179.0,180.0,177.0,177.5,0.0,2212
2020-07-17,2492,3602770,638968790,179.0,179.5,176.0,176.0,-1.5,2642
2020-07-20,2492,3826097,670348708,176.5,177.5,173.0,177.0,1.0,2767
2020-07-21,2492,4676678,840706697,178.5,181.0,178.0,179.0,2.0,3224
2020-07-22,2492,7913376,1447388060,180.0,185.0,179.5,185.0,6.0,5534
2020-07-23,2492,7303629,1328932978,186.0,186.0,179.5,180.0,-5.0,5254
2020-07-24,2492,6249893,1118971394,180.0,182.5,177.0,177.0,-3.0,4396
2020-07-27,2492,7244139,1302263720,178.5,183.0,175.5,181.5,4.5,5341
2020-07-28,2492,10607532,1902104391,183.0,185.0,175.0,175.0,-6.5,7309
2020-07-29,2492,5233402,910665850,173.0,176.5,172.0,174.0,-1.0,3760
2020-07-30,2492,2955858,518768366,175.5,177.0,173.5,177.0,3.0,2205
2020-07-31,2492,5224832,918364674,175.5,177.5,174.5,175.5,-1.5,3261
2020-08-03,2492,10434605,1892219900,178.5,184.0,178.0,180.0,4.5,6877
2020-08-04,2492,5314648,959320097,181.5,182.5,178.5,181.0,1.0,3378
2020-08-05,2492,12554821,2305932945,182.5,185.0,181.5,184.5,3.5,8052
2020-08-06,2492,6163451,1109139729,181.5,182.0,178.0,178.5,0.0,4426
2020-08-07,2492,9845754,1786726220,182.0,184.5,179.0,179.0,0.5,6646
2020-08-10,2492,3613458,639064331,179.0,179.5,175.5,176.0,-3.0,2674
2020-08-11,2492,11904617,2149640239,179.0,183.0,177.5,179.0,3.0,7501
2020-08-12,2492,9870763,1792215366,180.5,183.5,179.5,182.0,3.0,6641
2020-08-13,2492,5685763,1029283945,184.0,184.5,178.5,179.0,-3.0,4208
2020-08-14,2492,3669136,660906116,179.5,182.0,177.0,181.5,2.5,2476
2020-08-17,2492,9597739,1765215593,183.0,185.5,182.0,183.5,2.0,5708
2020-08-18,2492,7978733,1471713001,185.5,186.0,182.5,184.0,0.5,5260
2020-08-19,2492,12097188,2162624776,184.5,185.0,175.0,176.0,-8.0,8565
2020-08-20,2492,17196963,2812701432,175.0,175.5,158.5,161.5,-14.5,11889
2020-08-21,2492,7797858,1276267286,164.0,166.0,160.5,165.0,3.5,5258
2020-08-24,2492,7015554,1145284560,167.5,167.5,160.5,162.5,-2.5,4723
2020-08-25,2492,3754206,613612376,163.5,164.5,162.0,163.5,1.0,2729
2020-08-26,2492,2990949,486765085,163.5,164.0,161.5,163.5,0.0,2417
2020-08-27,2492,4633654,760028756,164.5,166.0,162.0,163.0,-0.5,3094
2020-08-28,2492,3704496,602860844,163.0,164.5,160.5,163.0,0.0,2601
2020-08-31,2492,4960540,801150940,164.0,165.0,160.0,160.0,-3.0,2949
2020-09-01,2492,4359545,698409290,160.5,162.0,158.0,161.5,1.5,2826
2020-09-02,2492,2795610,450175710,162.5,163.0,159.5,160.5,-1.0,1980
2020-09-03,2492,3116678,504530336,162.5,163.0,161.0,161.5,1.0,1977
2020-09-04,2492,4189781,665913845,159.0,161.0,157.5,159.0,-2.5,2658
2020-09-07,2492,3070071,485326175,159.5,160.5,156.0,156.5,-2.5,2299
2020-09-08,2492,6585522,1050983767,158.5,161.5,157.0,160.0,3.5,4560
2020-09-09,2492,5869029,937354727,159.0,161.5,158.0,161.5,1.5,3592
2020-09-10,2492,3404179,547799819,162.5,163.0,159.5,159.5,-2.0,2391
2020-09-11,2492,2255551,359899211,159.0,161.5,158.5,160.0,0.5,1664
2020-09-14,2492,6456179,1055032035,161.0,166.0,160.0,165.0,5.0,4436
2020-09-15,2492,3631807,595481348,165.0,165.5,163.0,163.0,-2.0,2675
2020-09-16,2492,3265162,531480406,164.0,164.5,161.5,163.0,0.0,2446
2020-09-17,2492,4597637,756649605,162.5,166.5,162.5,164.0,1.0,3274
2020-09-18,2492,2126028,349238098,165.0,165.5,163.0,164.5,0.5,1537
2020-09-21,2492,2253289,365766167,164.5,164.5,161.0,161.0,-3.5,1773
2020-09-22,2492,3234221,514809245,161.0,161.0,158.5,158.5,-2.5,2289
2020-09-23,2492,2972072,468667334,159.0,160.0,156.5,157.0,-1.5,2177
2020-09-24,2492,8055899,1217965249,154.5,155.0,149.0,149.0,-8.0,6069
2020-09-25,2492,6514740,956711520,151.0,152.0,143.0,146.0,-3.0,4589
2020-09-28,2492,3437165,508180250,148.0,149.0,146.5,148.5,2.5,2312
2020-09-29,2492,9673161,1477434047,150.5,156.0,150.0,151.0,2.5,6386
2020-09-30,2492,4880138,745430949,151.5,155.0,149.5,154.5,3.5,3018
2020-10-05,2492,6186136,962142053,154.5,158.0,152.5,156.5,2.0,4027
2020-10-06,2492,4675150,742828150,158.0,160.0,157.0,159.5,3.0,3014
2020-10-07,2492,2512831,400310460,158.5,161.0,158.0,159.0,-0.5,1672
2020-10-08,2492,4027497,651087760,162.5,163.5,160.5,161.0,2.0,3150
2020-10-12,2492,3808317,608756720,162.0,162.5,158.0,159.5,-1.5,2433
2020-10-13,2492,5647370,915642117,160.0,163.5,159.0,162.0,2.5,3866
2020-10-14,2492,2744433,443017146,162.0,163.5,160.0,161.0,-1.0,1913
2020-10-15,2492,2985441,477172501,160.5,161.5,159.0,159.5,-1.5,2032
2020-10-16,2492,6234652,1007963472,160.0,163.5,159.5,161.0,1.5,4188
2020-10-19,2492,3231290,523689770,161.5,163.0,160.5,162.0,1.0,2223
2020-10-20,2492,2410656,390145272,161.0,163.5,160.5,161.5,-0.5,1419
2020-10-21,2492,3704504,602262395,162.0,164.0,161.0,161.5,0.0,2488
2020-10-22,2492,4130548,666308496,162.0,163.0,160.0,161.5,0.0,1773
2020-10-23,2492,2003931,323266322,162.0,162.5,160.5,161.5,0.0,1443
2020-10-26,2492,7840078,1290689722,162.5,166.5,162.0,166.5,5.0,5468
2020-10-27,2492,8742892,1436700079,167.0,167.0,163.0,165.0,-1.5,5121
2020-10-28,2492,5203685,853921356,165.0,166.5,162.0,163.5,-1.5,3284
2020-10-29,2492,4454325,716923599,160.5,163.0,159.0,162.0,-1.5,2679
2020-10-30,2492,6459552,1061489548,162.0,166.0,161.0,163.5,1.5,4084
2020-11-02,2492,3816187,627428974,164.0,165.5,162.5,165.0,1.5,2693
2020-11-03,2492,35521560,6301391742,167.5,181.5,167.5,181.5,16.5,21912
2020-11-04,2492,35159869,6358998089,182.5,183.0,177.5,181.0,-0.5,20623
2020-11-05,2492,13543430,2437411913,181.0,184.0,177.0,179.0,-2.0,9031
2020-11-06,2492,9708403,1745340260,181.5,181.5,178.0,178.0,-1.0,6656
2020-11-09,2492,10517092,1916258633,183.0,184.5,180.0,182.5,4.5,7176
2020-11-10,2492,12880536,2365859432,183.0,187.0,180.0,182.0,-0.5,8982
2020-11-11,2492,11138958,2062797301,183.0,187.0,182.0,186.0,4.0,7615
2020-11-12,2492,12875245,2413589745,187.0,190.5,185.0,185.0,-1.0,8956
2020-11-13,2492,6420099,1194078579,185.0,188.0,183.5,187.0,2.0,4432
2020-11-16,2492,10954090,2071866628,190.0,192.0,187.0,188.0,1.0,7445
2020-11-17,2492,6125580,1152565777,190.0,190.0,187.0,187.0,-1.0,4339
2020-11-18,2492,4778445,897413369,188.0,189.5,186.5,187.5,0.5,3229
2020-11-19,2492,7029645,1332934985,187.5,191.5,186.5,189.0,1.5,4898
2020-11-20,2492,22887366,4436962467,190.0,198.0,189.5,191.5,2.5,15336
2020-11-23,2492,8633269,1661920724,193.0,194.5,190.5,193.5,2.0,5956
2020-11-24,2492,21813624,4264888510,195.0,199.0,191.5,191.5,-2.0,14755
2020-11-25,2492,20607384,3861510709,191.5,192.5,184.0,184.5,-7.0,14677
2020-11-26,2492,6202670,1161185894,184.5,189.5,184.0,188.5,4.0,4660
2020-11-27,2492,6186393,1179865066,188.5,192.5,188.0,192.0,3.5,4545
2020-11-30,2492,10557454,2058278382,193.0,196.5,192.5,194.5,2.5,6077
2020-12-01,2492,24387243,4901024290,199.0,204.5,197.5,202.0,7.5,16749
2020-12-02,2492,10054045,2003641306,203.0,203.5,197.5,199.0,-3.0,7171
2020-12-03,2492,12867476,2597490956,200.5,205.0,199.0,201.5,2.5,8881
2020-12-04,2492,8415472,1701361189,203.0,203.5,200.5,203.0,1.5,5880
2020-12-07,2492,21777274,4570366080,212.0,215.0,205.0,208.5,5.5,14745
2020-12-08,2492,8413368,1765004460,210.0,212.0,207.5,209.5,1.0,6484
2020-12-09,2492,42509518,9543428545,214.5,230.0,212.5,230.0,20.5,26149
2020-12-10,2492,61288537,14434966731,230.0,244.5,228.0,235.0,5.0,40773
2020-12-11,2492,44918327,10805736908,241.0,247.0,229.5,242.0,7.0,31350
2020-12-14,2492,17630917,4222925464,243.0,244.0,237.0,237.5,-4.5,12751
2020-12-15,2492,26487507,6068185562,238.5,239.5,221.0,223.0,-14.5,17602
2020-12-16,2492,15216612,3515468001,229.5,234.0,228.0,230.5,7.5,10609
2020-12-17,2492,17536405,3965051307,230.5,231.5,220.0,230.0,-0.5,12702
2020-12-18,2492,11754142,2642001535,230.0,230.5,222.0,222.5,-7.5,7391
2020-12-21,2492,14510316,3202386275,220.5,225.5,214.5,221.5,-1.0,9783
2020-12-22,2492,10084942,2214378278,220.0,225.0,215.0,215.5,-6.0,7224
2020-12-23,2492,12260908,2692739165,216.5,223.5,215.0,220.5,5.0,7310
2020-12-24,2492,29910501,6914532184,229.0,238.0,226.0,227.0,6.5,19903
2020-12-25,2492,10358642,2328469302,229.0,230.5,221.5,223.0,-4.0,7766
2020-12-28,2492,10065812,2226314120,223.0,224.5,219.0,222.5,-0.5,7547
2020-12-29,2492,11100922,2487370290,223.0,227.0,220.0,224.5,2.0,8087
2020-12-30,2492,8654202,1963948677,225.5,229.0,224.0,228.5,4.0,6319
2020-12-31,2492,10982395,2532793438,231.5,234.0,227.5,230.5,2.0,8208
2021-01-04,2492,6590227,1517179578,231.0,232.5,227.5,230.0,-0.5,5323
2021-01-05,2492,11685484,2725771948,230.0,236.5,228.0,233.0,3.0,8991
2021-01-06,2492,14627325,3328528619,234.5,235.5,220.5,224.0,-9.0,11072
2021-01-07,2492,10123423,2318443880,229.0,232.5,224.5,230.5,6.5,7549
2021-01-08,2492,36689851,8753367461,234.5,246.0,232.0,238.5,8.0,25515
2021-01-11,2492,18819028,4562113546,242.5,246.5,239.0,242.0,3.5,12860
2021-01-12,2492,15223144,3570999896,242.5,243.0,230.0,232.5,-9.5,11646
2021-01-13,2492,16649621,3958001083,235.0,240.5,233.5,238.5,6.0,10627
2021-01-14,2492,19624472,4621861682,238.5,241.0,231.0,240.0,1.5,13305
2021-01-15,2492,14776448,3470095677,242.0,243.0,232.0,232.0,-8.0,10140
2021-01-18,2492,8201721,1891981567,230.5,234.5,223.5,233.5,1.5,6092
2021-01-19,2492,6914224,1627760238,236.0,238.5,233.0,234.5,1.0,4979
2021-01-20,2492,10273461,2348248988,234.5,235.0,224.0,225.5,-9.0,7451
2021-01-21,2492,6567867,1495852749,228.5,230.0,224.5,228.0,2.5,4784
2021-01-22,2492,6946618,1598321249,226.5,233.5,226.5,231.5,3.5,5155
2021-01-25,2492,17662496,4181058597,232.0,240.5,231.0,239.0,7.5,12560
2021-01-26,2492,19127219,4572084925,242.5,245.0,232.0,232.0,-7.0,12818
2021-01-27,2492,7991212,1826168130,234.0,235.5,229.0,233.0,1.0,4534
2021-01-28,2492,7058379,1614050194,229.0,232.5,226.0,227.0,-6.0,5385
2021-01-29,2492,6968802,1577185969,230.0,232.0,220.5,220.5,-6.5,5227
2021-02-01,2492,8907819,1992145053,222.0,229.0,215.5,229.0,8.5,6479
2021-02-02,2492,6737965,1566083585,229.5,235.0,229.5,232.5,3.5,4845
2021-02-03,2492,9951957,2343102674,234.0,237.0,233.0,237.0,4.5,6351
2021-02-04,2492,4976923,1166980144,235.0,237.5,232.0,232.5,-4.5,3366
2021-02-05,2492,5419919,1277155965,235.0,237.5,234.0,236.0,3.5,3829
2021-02-17,2492,28778186,7220242322,243.5,259.5,240.5,259.5,23.5,19451
2021-02-18,2492,24477131,6365648946,260.0,266.5,253.0,255.5,-4.0,18040
2021-02-19,2492,18997452,4975028787,259.0,268.0,255.5,265.0,9.5,14537
2021-02-22,2492,24139086,6716555819,269.5,287.5,267.0,279.0,14.0,18834
2021-02-23,2492,21232153,6019476689,279.0,291.5,273.5,289.0,10.0,15654
2021-02-24,2492,20390969,5676283046,287.5,289.0,270.5,271.5,-17.5,17609
2021-02-25,2492,16969251,4664425040,279.5,283.0,267.0,269.0,-2.5,13494
2021-02-26,2492,20732631,5342507507,259.0,264.0,253.0,254.0,-15.0,16591
2021-03-02,2492,8777220,2252309333,260.5,262.0,250.5,251.0,-3.0,7336
2021-03-03,2492,12062432,3094042899,255.0,261.0,249.0,260.5,9.5,9311
2021-03-04,2492,8016421,2045969353,257.0,259.0,252.5,254.0,-6.5,6456
2021-03-05,2492,8052647,2019174004,248.0,255.0,247.0,249.0,-5.0,6568
2021-03-08,2492,9743947,2388490653,253.0,253.5,240.0,240.5,-8.5,7927
2021-03-09,2492,11484732,2775367923,240.0,247.0,238.0,242.0,1.5,8838
2021-03-10,2492,8765505,2110201399,245.5,246.0,238.0,238.5,-3.5,6911
2021-03-11,2492,21912060,5582049639,244.5,261.0,243.5,258.0,19.5,17395
2021-03-12,2492,13051724,3359857470,260.0,262.5,253.5,254.0,-4.0,10226
2021-03-15,2492,8047334,2059776109,252.0,260.5,250.5,259.0,5.0,6194
2021-03-16,2492,17010200,4483093019,264.0,269.5,258.5,259.0,0.0,12932
2021-03-17,2492,6117148,1575653511,260.0,261.5,254.0,255.5,-3.5,5117
2021-03-18,2492,8819353,2230401837,258.0,258.5,249.0,252.0,-3.5,7827
2021-03-19,2492,7578882,1875755470,248.0,250.0,245.5,249.0,-3.0,5984
2021-03-22,2492,6821671,1708150541,248.0,255.5,245.5,253.0,4.0,5421
2021-03-23,2492,5021519,1258278790,253.5,255.0,248.0,249.0,-4.0,4065
2021-03-24,2492,4164392,1033433748,247.0,252.0,246.5,248.0,-1.0,3469
2021-03-25,2492,9188898,2235503637,248.5,249.5,240.5,241.5,-6.5,7710
2021-03-26,2492,10788126,2690677728,245.5,253.0,245.0,252.5,11.0,8247
2021-03-29,2492,5954502,1502471184,254.0,255.0,250.0,251.5,-1.0,4598
2021-03-30,2492,7307012,1861939408,253.0,258.5,252.0,253.5,2.0,5935
2021-03-31,2492,4707000,1181000939,255.0,255.0,249.5,249.5,-4.0,3487
2021-04-01,2492,5547705,1393678160,252.5,254.0,248.5,253.5,4.0,4324
2021-04-06,2492,5707765,1455956002,257.0,257.0,253.5,255.5,2.0,4743
2021-04-07,2492,9241463,2381981255,257.0,259.5,255.0,259.5,4.0,7296
2021-04-08,2492,14752035,3875573960,265.0,266.5,260.0,261.0,1.5,11434
2021-04-09,2492,8036164,2060987390,262.0,263.0,253.0,254.5,-6.5,6772
2021-04-12,2492,4899924,1235510700,255.5,256.0,250.0,250.5,-4.0,4465
2021-04-13,2492,5897999,1470798827,252.0,254.0,246.5,246.5,-4.0,5348
2021-04-14,2492,8981384,2174353505,247.5,249.0,236.5,243.0,-3.5,7743
2021-04-15,2492,3678987,896989874,244.5,245.5,241.0,245.0,2.0,3263
2021-04-16,2492,5471244,1340988079,246.0,248.0,242.0,246.5,1.5,4458
2021-04-19,2492,5174251,1289221326,248.0,252.0,246.5,250.0,3.5,4165
2021-04-20,2492,9638855,2448167189,250.0,258.0,249.5,251.5,1.5,7615
2021-04-21,2492,4506663,1125394562,252.0,253.0,248.0,248.0,-3.5,4166
2021-04-22,2492,5199797,1274551423,250.0,251.5,240.5,240.5,-7.5,4718
2021-04-23,2492,3906950,956509600,243.0,247.5,243.0,244.0,3.5,3307
2021-04-26,2492,3546376,870991102,246.0,248.0,243.5,244.5,0.5,3187
2021-04-27,2492,3715773,913812817,245.5,249.0,242.0,246.0,1.5,3152
2021-04-28,2492,3494206,854710932,246.5,247.5,242.5,244.0,-2.0,2961
2021-04-29,2492,3027525,738959320,244.0,247.0,242.5,242.5,-1.5,2603
2021-05-03,2492,9246074,2151240823,241.0,242.0,228.5,228.5,-14.0,7956
2021-05-04,2492,10258867,2333874218,234.0,235.0,220.0,224.0,-4.5,8116
2021-05-05,2492,7745337,1702884226,226.0,227.5,213.0,214.0,-10.0,6465
2021-05-06,2492,5758000,1250612204,216.5,222.0,214.0,218.0,4.0,4658
2021-05-07,2492,9080145,2072650306,221.5,232.5,220.5,231.0,13.0,7500
2021-05-10,2492,5911665,1328898753,232.0,232.0,222.0,222.0,-9.0,4718
2021-05-11,2492,10726413,2230012629,214.5,216.0,202.5,205.0,-17.0,8531
2021-05-12,2492,16002881,3107177516,205.5,208.0,184.5,190.0,-15.0,12315
2021-05-13,2492,8769980,1668290528,185.5,196.5,180.5,191.5,1.5,7798
2021-05-14,2492,14005702,2812676917,198.0,209.5,194.0,195.0,3.5,10293
2021-05-17,2492,9421017,1738284487,180.5,193.5,177.5,184.0,-11.0,6978
2021-05-18,2492,9075312,1741832249,192.0,196.0,187.5,194.5,10.5,6389
2021-05-19,2492,5761481,1099701165,190.5,194.0,187.5,192.5,-2.0,4516
2021-05-20,2492,4578477,876508461,193.5,195.5,188.5,189.5,-3.0,3656
2021-05-21,2492,10396671,2025707372,196.0,202.0,190.0,192.0,2.5,7353
2021-05-24,2492,6159870,1194402551,187.5,198.5,187.5,198.5,6.5,4581
2021-05-25,2492,8646075,1755478144,200.5,206.5,198.5,204.5,6.0,6437
2021-05-26,2492,5068285,1034349045,205.5,207.0,201.5,205.5,1.0,3844
2021-05-27,2492,5129827,1037218991,204.0,205.0,201.0,201.0,-4.5,3114
2021-05-28,2492,4792071,990080322,204.0,208.5,203.0,207.5,6.5,3796
2021-05-31,2492,7775134,1627457096,210.0,212.5,205.5,210.0,2.5,6300
2021-06-01,2492,4824391,1015123707,209.0,213.0,208.0,210.5,0.5,3342
2021-06-02,2492,4840905,999389832,211.0,212.5,203.0,204.5,-6.0,3950
2021-06-03,2492,2315997,477040366,206.0,208.0,204.0,206.0,1.5,1729
2021-06-04,2492,3418558,688172545,202.0,203.0,199.0,202.0,-4.0,2711
2021-06-07,2492,3241893,648277051,204.0,204.0,196.5,199.5,-2.5,2468
2021-06-08,2492,2052939,416068532,201.5,204.0,201.0,203.0,3.5,1753
2021-06-09,2492,3291423,674523771,204.5,207.0,202.0,205.5,2.5,2659
2021-06-10,2492,4328048,895348247,206.5,208.5,204.5,207.5,2.0,3131
2021-06-11,2492,4272351,889686661,209.0,210.0,207.0,207.0,-0.5,3283
2021-06-15,2492,11479565,2470521446,208.5,220.0,207.5,218.0,11.0,8749
2021-06-16,2492,7221724,1545245993,216.0,217.5,211.5,212.5,-5.5,5959
2021-06-17,2492,7984248,1725619469,210.0,219.5,209.0,217.0,4.5,6160
2021-06-18,2492,6251067,1349203958,219.0,220.5,213.5,213.5,-3.5,4958
2021-06-21,2492,4364337,909246148,212.0,212.5,206.0,207.0,-6.5,3899
2021-06-22,2492,3131661,650588238,210.0,211.5,206.0,206.0,-1.0,2471
2021-06-23,2492,4288958,903126522,208.0,213.0,207.5,212.0,6.0,3321
2021-06-24,2492,2247303,476558597,214.5,214.5,211.0,211.0,-1.0,1875
2021-06-25,2492,4117456,876820942,213.0,215.5,211.0,212.5,1.5,3497
2021-06-28,2492,2854958,607543578,213.0,214.0,211.0,213.0,0.5,2325
2021-06-29,2492,7768918,1684389542,218.0,220.0,213.5,213.5,0.5,6485
2021-06-30,2492,10112649,2233544402,215.0,227.5,214.5,227.5,14.0,7924
2021-07-01,2492,11891921,2580263338,222.5,222.5,214.0,214.0,-13.5,9983
2021-07-02,2492,5445103,1147494952,213.0,213.5,208.5,211.0,-3.0,4568
2021-07-05,2492,4440287,944463876,212.5,215.0,211.0,212.0,1.0,3307
2021-07-06,2492,5311940,1148235108,214.0,218.5,213.5,216.0,4.0,4323
2021-07-07,2492,7797529,1701697341,217.0,221.0,214.5,218.0,2.0,6287
2021-07-08,2492,5865934,1262549866,217.5,219.0,212.5,213.5,-4.5,4269
2021-07-09,2492,3334333,707070334,212.0,214.5,211.0,211.0,-2.5,2936
2021-07-12,2492,2057591,438306421,215.0,215.5,211.5,211.5,0.5,1809
2021-07-13,2492,4409611,949992327,214.0,217.5,212.5,213.0,1.5,3573
2021-07-14,2492,3341521,720130668,214.5,217.5,213.0,214.5,1.5,2834
2021-07-15,2492,4246241,916853043,216.0,219.0,213.5,215.5,1.0,3562
2021-07-16,2492,2142413,458057513,214.0,215.0,212.5,214.0,-1.5,1803
2021-07-19,2492,3437202,724373773,213.0,213.0,208.5,211.0,-3.0,3062
2021-07-20,2492,3307278,686310075,209.5,210.5,205.0,206.5,-4.5,3083
2021-07-21,2492,4149356,860951447,208.5,211.0,205.0,205.0,-1.5,3440
2021-07-22,2492,5794484,1224549933,209.5,214.5,208.0,210.5,5.5,4103
2021-07-23,2492,3367695,712076624,215.0,215.5,208.0,209.0,-1.5,2855
2021-07-26,2492,2651987,554800989,212.0,212.0,207.0,209.5,0.5,2125
2021-07-27,2492,3591420,749905002,210.5,213.0,205.5,205.5,-4.0,2875
2021-07-28,2492,3936060,792911154,205.5,207.5,197.0,203.5,-2.0,3312
2021-07-29,2492,1813632,370129546,205.0,206.0,201.5,204.5,1.0,1481
2021-07-30,2492,1861492,376202212,203.5,204.5,200.0,200.0,-4.5,1791
2021-08-02,2492,2942714,606118289,202.0,209.0,200.5,209.0,9.0,2492
2021-08-03,2492,2690530,557463765,206.5,211.0,204.5,206.5,-2.5,2231
2021-08-04,2492,1100179,227054297,207.0,208.0,205.5,206.0,-0.5,931
2021-08-05,2492,1624000,337527050,206.5,209.5,205.5,208.0,2.0,1331
2021-08-06,2492,2261806,462864494,208.0,208.0,203.0,204.5,-3.5,1815
2021-08-09,2492,2950589,599680871,205.5,207.0,201.0,201.0,-3.5,2305
2021-08-10,2492,2548031,507488610,202.5,203.0,197.5,197.5,-3.5,2329
2021-08-11,2492,2914495,571494660,200.0,200.0,194.0,194.5,-3.0,2345
2021-08-12,2492,1464209,286319837,196.0,197.5,194.5,195.0,0.5,1129
2021-08-13,2492,3922096,744632962,194.5,195.0,188.0,188.0,-7.0,3414
2021-08-16,2492,2329363,434069220,185.0,189.0,184.0,188.0,0.0,2001
2021-08-17,2492,1960340,364796257,189.0,189.5,183.5,183.5,-4.5,1625
2021-08-18,2492,2844932,529887393,181.5,190.5,180.5,190.0,6.5,2246
2021-08-19,2492,6636718,1195019053,185.0,185.0,176.5,177.0,-13.0,5261
2021-08-20,2492,3110594,552004420,178.0,180.5,173.5,178.0,1.0,2416
2021-08-23,2492,1570245,285804195,180.5,183.0,180.5,183.0,5.0,1389
2021-08-24,2492,2152607,396080076,184.0,186.5,182.5,182.5,-0.5,1696
2021-08-25,2492,2666015,497851771,183.0,190.0,183.0,188.5,6.0,2002
2021-08-26,2492,2209436,411731792,190.0,190.5,184.0,185.0,-3.5,1750
2021-08-27,2492,3162790,598314723,186.0,191.0,185.5,189.0,4.0,2484
2021-08-30,2492,1526089,280632365,185.5,186.5,182.5,183.5,0.0,1355
2021-08-31,2492,2177073,393347436,184.0,184.5,179.0,180.5,-3.0,1842
2021-09-01,2492,2043123,378022691,183.5,187.0,182.0,186.5,6.0,1595
2021-09-02,2492,2073611,379377714,185.0,186.0,181.0,181.0,-5.5,1844
2021-09-03,2492,1032718,188309122,182.5,184.0,181.5,182.0,1.0,819
2021-09-06,2492,1188604,214854470,182.5,183.5,179.0,179.5,-2.5,1068
2021-09-07,2492,1779256,319558382,180.0,181.0,178.0,178.5,-1.0,1237
2021-09-08,2492,2509343,441021211,180.0,180.5,173.5,175.0,-3.5,2144
2021-09-09,2492,2231672,388904052,173.0,176.5,171.5,174.0,-1.0,1688
2021-09-10,2492,1890882,327485224,174.0,175.0,171.0,175.0,1.0,1727
2021-09-13,2492,1579821,273997936,175.0,175.5,172.0,172.5,-2.5,1230
2021-09-14,2492,1477922,255820326,173.5,175.5,171.5,172.0,-0.5,1207
2021-09-15,2492,3002202,505340160,170.5,172.0,167.0,167.5,-4.5,2834
2021-09-16,2492,2684741,453607283,170.0,171.0,167.0,168.5,1.0,1825
2021-09-17,2492,2182162,370861486,167.5,171.0,167.5,170.5,2.0,1597
2021-09-22,2492,2763092,457078144,166.0,167.0,164.0,165.0,-5.5,2377
2021-09-23,2492,1537247,256216248,166.5,168.5,165.5,165.5,0.5,1374
2021-09-24,2492,1265816,211637505,166.5,168.5,166.5,166.5,1.0,1105
2021-09-27,2492,1851818,304773621,166.0,167.5,163.5,163.5,-3.0,1771
2021-09-28,2492,3549903,564800937,162.0,162.5,157.5,158.0,-5.5,3183
2021-09-29,2492,6177047,944911050,154.5,156.0,151.0,155.0,-3.0,5110
2021-09-30,2492,4769683,729090634,155.0,155.0,151.0,153.0,-2.0,3618
2021-10-01,2492,4747767,713380247,152.0,154.0,147.5,149.5,-3.5,3884
2021-10-04,2492,2434726,359943367,150.0,152.0,146.0,146.0,-3.5,2081
2021-10-05,2492,3176048,465370423,143.0,149.5,143.0,149.0,3.0,2347
2021-10-06,2492,3233682,469739268,150.5,150.5,143.0,143.5,-5.5,2943
2021-10-07,2492,5621557,832502482,145.0,151.0,145.0,150.0,6.5,3513
2021-10-08,2492,2629114,392623125,150.0,152.5,147.0,148.0,-2.0,2337
2021-10-12,2492,3823522,553381629,145.5,146.0,143.5,144.0,-4.0,2692
2021-10-13,2492,4560189,639102592,144.5,145.5,138.0,138.5,-5.5,3939
2021-10-14,2492,4229153,595843429,140.0,143.5,138.0,142.0,3.5,2673
2021-10-15,2492,2955416,429200843,144.0,147.0,143.5,146.0,4.0,2637
2021-10-18,2492,2289935,329324243,146.0,147.0,142.0,143.0,-3.0,2069
2021-10-19,2492,3529075,507372231,143.0,146.0,141.0,145.0,2.0,2616
2021-10-20,2492,3286709,481879760,144.5,148.0,144.0,147.5,2.5,2548
2021-10-21,2492,3104897,456368517,146.5,149.0,144.5,147.5,0.0,2405
2021-10-22,2492,2486222,367552911,147.5,149.0,146.0,149.0,1.5,1767
2021-10-25,2492,2042583,305625160,148.0,152.0,146.5,151.5,2.5,1770
2021-10-26,2492,2382115,360262282,151.5,153.0,150.0,150.5,-1.0,2076
2021-10-27,2492,2107473,315651217,150.5,151.5,148.0,151.5,1.0,1705
2021-10-28,2492,4648530,714327327,152.0,156.0,151.5,153.5,2.0,3355
2021-10-29,2492,2645813,402708767,154.0,154.5,150.5,151.0,-2.5,1998
2021-11-01,2492,1921186,289032673,151.5,152.0,149.5,150.0,-1.0,1624
2021-11-02,2492,4992197,725771671,149.0,149.0,142.5,144.0,-6.0,4522
2021-11-03,2492,13795850,2153725068,148.5,158.0,148.0,158.0,14.0,8927
2021-11-04,2492,16073979,2571525520,162.5,164.0,155.5,157.5,-0.5,12247
2021-11-05,2492,4984247,770612083,156.5,157.0,153.0,154.0,-3.5,4042
2021-11-08,2492,4001180,604408192,151.0,153.0,149.0,151.5,-2.5,3139
2021-11-09,2492,7334094,1147473617,151.5,161.0,150.5,159.0,7.5,5999
2021-11-10,2492,4366452,694980752,158.0,161.5,156.5,159.0,0.0,3860
2021-11-11,2492,2758317,433099423,157.0,159.0,156.0,156.5,-2.5,2559
2021-11-12,2492,3949199,613136653,155.0,156.5,154.0,154.5,-2.0,3166
2021-11-15,2492,4613473,734143490,155.0,161.0,155.0,160.0,5.5,3741
2021-11-16,2492,3906382,626349110,160.0,161.5,159.0,160.5,0.5,3502
2021-11-17,2492,11632468,1951534668,161.5,172.0,160.5,171.0,10.5,9491
2021-11-18,2492,11105783,1940279968,172.0,177.5,171.5,175.0,4.0,11048
2021-11-19,2492,7240138,1276689660,178.0,179.5,173.5,177.5,2.5,6522
2021-11-22,2492,8072150,1465919518,178.0,184.0,177.5,183.5,6.0,7548
2021-11-23,2492,6100973,1104360796,183.5,183.5,179.0,180.0,-3.5,5508
2021-11-24,2492,7060560,1259861295,178.0,181.5,174.0,179.5,-0.5,5882
2021-11-25,2492,3620233,650553114,179.0,181.5,178.0,178.5,-1.0,3620
2021-11-26,2492,4636210,811511442,178.0,179.5,172.5,173.0,-5.5,4252
2021-11-29,2492,7287628,1267022026,169.0,178.0,166.5,176.0,3.0,6138
2021-11-30,2492,33080962,5774439704,177.5,181.5,173.0,173.5,-2.5,9064
2021-12-01,2492,6556430,1146369335,174.5,177.5,173.0,174.5,1.0,5102
2021-12-02,2492,5350302,927646424,175.0,176.5,171.0,171.0,-3.5,4580
2021-12-03,2492,3563059,613018339,172.0,173.0,170.5,172.5,1.5,3580
2021-12-06,2492,2869964,488273096,171.0,172.5,169.0,169.0,-3.5,2894
2021-12-07,2492,7779715,1285090235,168.0,168.5,164.0,164.0,-5.0,6515
2021-12-08,2492,4026465,666369326,166.0,167.5,164.0,164.0,0.0,3276
2021-12-09,2492,3014543,500497049,164.0,167.5,164.0,167.0,3.0,2510
2021-12-10,2492,2566761,421534703,166.0,166.0,162.5,164.0,-3.0,2290
2021-12-13,2492,4262825,694201356,163.5,165.0,161.5,162.0,-2.0,3163
2021-12-14,2492,4141494,675026807,161.5,165.0,160.5,162.5,0.5,3118
2021-12-15,2492,7643708,1279709070,163.5,169.5,163.0,167.5,5.0,7030
2021-12-16,2492,4085393,682808363,168.5,169.5,166.0,166.0,-1.5,3145
2021-12-17,2492,2854143,474213198,165.0,167.5,165.0,166.5,0.5,2212
2021-12-20,2492,2105786,348748578,165.0,167.0,164.5,165.0,-1.5,1726
2021-12-21,2492,2411444,401660322,166.0,168.5,164.5,167.0,2.0,1811
2021-12-22,2492,3650597,616162891,168.0,170.0,167.0,169.0,2.0,2809
2021-12-23,2492,3163414,535916300,170.5,171.0,168.5,169.0,0.0,2408
2021-12-24,2492,2719947,455814413,170.0,171.0,166.0,166.0,-3.0,2480
2021-12-27,2492,2381546,399434817,167.0,169.0,165.5,167.0,1.0,2014
2021-12-28,2492,1337580,224465300,168.0,169.5,167.0,167.5,0.5,4886
2021-12-29,2492,1343561,223983187,168.5,168.5,166.0,166.5,-1.0,1676
2021-12-30,2492,1372825,229127336,167.0,168.0,166.0,167.0,0.5,1205
2022-01-03,2492,5291883,898920247,168.0,171.5,166.5,171.0,4.0,4156
2022-01-04,2492,17416803,3084281204,173.5,180.5,173.0,177.0,6.0,17163
2022-01-05,2492,6720168,1170960811,178.0,178.0,172.0,173.0,-4.0,7717
2022-01-06,2492,2641827,452380604,170.0,173.0,170.0,171.5,-1.5,7536
2022-01-07,2492,4151488,699418730,172.0,173.5,166.0,167.0,-4.5,4575
2022-01-10,2492,1686276,281860314,166.0,169.0,164.5,167.5,0.5,1355
2022-01-11,2492,5835689,943569793,166.0,166.0,160.0,160.5,-7.0,6239
2022-01-12,2492,4179870,656968143,161.5,162.0,155.5,156.0,-4.5,4068
2022-01-13,2492,2843417,439478080,156.0,157.0,153.0,154.5,-1.5,2602
2022-01-14,2492,2783308,424671957,154.5,155.0,150.5,154.5,0.0,2493
2022-01-17,2492,2316427,362064835,154.5,158.5,153.0,157.0,2.5,2132
2022-01-18,2492,4332260,694306748,160.0,163.0,157.5,157.5,0.5,3451
2022-01-19,2492,1935551,303779769,156.0,158.5,155.5,156.5,-1.0,1769
2022-01-20,2492,856074,134678615,156.5,158.5,155.5,158.5,2.0,845
2022-01-21,2492,1906752,297064000,157.0,157.0,155.0,155.5,-3.0,1816
2022-01-24,2492,1457178,223037382,154.0,154.5,151.0,154.0,-1.5,1327
2022-01-25,2492,1832068,278180188,152.0,153.5,151.0,151.0,-3.0,1700
2022-01-26,2492,1928088,291130773,151.5,153.0,150.0,150.5,-0.5,1734
2022-02-07,2492,2196365,336897915,151.0,155.5,151.0,153.5,3.0,1778
2022-02-08,2492,1695363,264726779,153.5,157.5,153.5,156.5,3.0,1853
2022-02-09,2492,1681471,265154869,157.5,159.0,156.0,158.5,2.0,1401
2022-02-10,2492,1884635,299087473,159.5,160.0,157.5,158.5,0.0,1539
2022-02-11,2492,1713144,271201935,157.0,159.5,157.0,159.5,1.0,1292
2022-02-14,2492,1638498,254249370,157.0,157.5,154.0,154.5,-5.0,1405
2022-02-15,2492,1285664,200279726,154.5,157.0,154.5,155.0,0.5,1125
2022-02-16,2492,1681473,266093671,157.0,159.0,157.0,158.5,3.5,1389
2022-02-17,2492,1685492,268692758,159.0,162.0,157.5,158.5,0.0,1493
2022-02-18,2492,1852005,289282429,156.0,157.5,155.5,157.0,-1.5,1576
2022-02-21,2492,1323987,207240646,156.0,158.0,154.5,157.5,0.5,1056
2022-02-22,2492,2652620,407002286,157.0,157.0,151.5,153.5,-4.0,2426
2022-02-23,2492,2727984,413856458,152.0,153.5,150.5,151.5,-2.0,2458
2022-02-24,2492,3735905,554414332,150.0,150.5,146.0,146.5,-5.0,3543
2022-02-25,2492,2090307,307520646,148.5,149.0,146.0,146.0,-0.5,1775
2022-03-01,2492,2434897,367611826,149.0,153.0,148.0,151.0,5.0,1878
2022-03-02,2492,1161918,174543364,149.0,151.5,149.0,151.0,0.0,1045
2022-03-03,2492,1469142,221433841,152.0,152.5,150.0,150.0,-1.0,1208
2022-03-04,2492,1336485,198171645,148.0,149.0,147.0,148.0,-2.0,1341
2022-03-07,2492,3588073,511877317,146.5,147.0,141.0,142.0,-6.0,3296
2022-03-08,2492,3118928,435453784,138.0,143.0,138.0,138.0,-4.0,3829
2022-03-09,2492,1960309,273922735,140.5,141.0,138.5,139.5,1.5,3577
2022-03-10,2492,1695240,242215381,142.5,144.0,141.5,142.5,3.0,4330
2022-03-11,2492,957958,135075194,141.5,142.5,140.0,141.5,-1.0,2962
2022-03-14,2492,913627,129076694,141.5,142.5,140.5,141.5,0.0,882
2022-03-15,2492,1766629,244946135,140.0,140.5,138.0,138.5,-3.0,1631
2022-03-16,2492,2749898,377885515,140.0,140.5,135.5,136.0,-2.5,3574
2022-03-17,2492,3553837,506404650,140.0,144.5,139.5,144.5,8.5,3149
2022-03-18,2492,2228232,318139802,142.0,144.0,140.5,144.0,-0.5,1807
2022-03-21,2492,1123948,162382141,145.0,146.0,143.5,144.0,0.0,1323
2022-03-22,2492,1089077,157247640,144.0,145.5,143.5,145.0,1.0,969
2022-03-23,2492,1643304,239216788,146.0,147.5,144.0,145.0,0.0,1661
2022-03-24,2492,1108311,159212868,143.5,144.5,143.0,144.0,-1.0,2053
2022-03-25,2492,1434374,204102599,145.0,145.5,141.0,141.0,-3.0,1883
2022-03-28,2492,1078536,150458433,139.5,141.0,138.0,140.0,-1.0,2453
2022-03-29,2492,1016717,142594094,141.0,141.0,138.5,141.0,1.0,2585
2022-03-30,2492,1679002,241090577,142.0,144.5,142.0,143.5,2.5,1594
2022-03-31,2492,750102,107447796,145.0,145.0,142.0,142.0,-1.5,1408
2022-04-01,2492,747754,104993991,140.5,141.0,139.0,141.0,-1.0,814
2022-04-06,2492,986467,137357798,140.0,140.0,138.5,139.5,-1.5,2573
2022-04-07,2492,1989076,272327507,138.5,139.0,135.5,135.5,-4.0,4948
2022-04-08,2492,1214965,165453618,136.5,137.5,135.5,136.0,0.5,1189
2022-04-11,2492,3494401,456063818,136.0,136.0,128.5,128.5,-7.5,6463
2022-04-12,2492,1876005,239805217,128.0,129.5,126.5,128.0,-0.5,2636
2022-04-13,2492,1267663,165909905,130.0,133.0,129.5,132.0,4.0,1127
2022-04-14,2492,943113,124428358,132.5,133.0,131.0,131.5,-0.5,2265
2022-04-15,2492,1202874,155586287,130.5,130.5,128.0,129.0,-2.5,1086
2022-04-18,2492,1159184,148393142,128.0,129.5,127.0,128.0,-1.0,945
2022-04-19,2492,1417467,183991617,129.5,131.5,128.5,129.5,1.5,1620
2022-04-20,2492,4031609,517850925,130.0,130.5,127.0,129.0,-0.5,5808
2022-04-21,2492,1594580,208646828,130.0,132.0,129.5,132.0,3.0,2309
2022-04-22,2492,1350826,174549274,130.5,131.0,128.0,129.0,-3.0,2089
2022-04-25,2492,3421418,419365295,125.5,126.0,120.5,121.5,-7.5,2857
2022-04-26,2492,1343038,162967023,122.5,123.0,119.5,121.0,-0.5,1982
2022-04-27,2492,2538711,300489428,117.5,121.5,116.0,121.0,0.0,2488
2022-04-28,2492,1494344,182548152,121.0,123.5,120.0,122.5,1.5,1334
2022-04-29,2492,1401730,172225607,124.0,124.5,121.5,122.5,0.0,1956
2022-05-03,2492,1046107,128243415,122.5,124.0,121.0,123.5,1.0,1855
2022-05-04,2492,4251690,503182626,121.0,121.0,117.0,117.5,-6.0,5400
2022-05-05,2492,2297729,271832251,118.5,120.0,117.0,118.0,0.5,1787
2022-05-06,2492,3093893,351007536,114.0,115.0,112.5,113.0,-5.0,2589
2022-05-09,2492,6041350,654453349,111.0,112.0,107.0,108.5,-4.5,3777
2022-05-10,2492,3221724,348344276,106.5,110.0,105.0,109.5,1.0,3162
2022-05-11,2492,3187672,341579431,108.5,109.0,105.5,107.0,-2.5,2929
2022-05-12,2492,2999630,317426382,105.0,108.0,104.0,104.0,-3.0,2723
2022-05-13,2492,1742070,184423452,105.5,106.5,104.0,106.5,2.5,2351
2022-05-16,2492,1378320,147356249,107.5,108.5,106.0,106.5,0.0,2096
2022-05-17,2492,2985070,329940708,107.5,113.0,106.5,112.5,6.0,2837
2022-05-18,2492,3435385,391303799,113.5,115.5,112.0,113.0,0.5,3580
2022-05-19,2492,1430988,157547790,109.5,112.0,109.0,111.0,-2.0,1248
2022-05-20,2492,1114888,124144431,112.5,113.0,110.0,111.5,0.5,891
2022-05-23,2492,667498,74503464,112.5,112.5,110.5,111.5,0.0,638
2022-05-24,2492,1044793,114182087,111.5,112.0,108.0,108.0,-3.5,1225
2022-05-25,2492,1441523,159458870,109.5,112.0,108.0,111.0,3.0,1151
2022-05-26,2492,1384337,155052142,112.0,113.5,110.5,111.0,0.0,1243
2022-05-27,2492,2826988,324840309,112.5,116.5,112.5,116.0,5.0,2508
2022-05-30,2492,4317946,505634759,119.0,120.0,115.5,116.5,0.5,3657
2022-05-31,2492,1430780,165987430,116.0,117.0,115.0,116.0,-0.5,1467
2022-06-01,2492,1409169,164731877,116.0,118.0,115.5,116.5,0.5,1646
2022-06-02,2492,2088502,245769882,115.5,119.0,115.0,118.0,1.5,1497
2022-06-06,2492,2401932,286785627,118.5,121.0,117.0,120.0,2.0,2122
2022-06-07,2492,1181814,140112554,119.0,119.5,118.0,118.0,-2.0,1219
2022-06-08,2492,1033380,122526250,119.5,120.0,117.5,118.0,0.0,1082
2022-06-09,2492,680884,79948431,117.5,118.5,117.0,117.0,-1.0,670
2022-06-10,2492,1497709,170959226,115.5,115.5,113.0,113.5,-3.5,1647
2022-06-13,2492,2081358,225948937,110.5,111.0,107.0,107.0,-6.5,1999
2022-06-14,2492,1474021,156998879,105.0,108.0,105.0,107.5,0.5,1258
2022-06-15,2492,2764274,292341313,107.0,108.0,104.5,105.5,-2.0,2286
2022-06-16,2492,2283322,239843346,107.0,108.0,102.5,103.0,-2.5,1890
2022-06-17,2492,3180251,319769760,100.5,103.0,99.7,100.5,-2.5,2653
2022-06-20,2492,4555970,439494475,100.5,101.0,94.5,94.5,-6.0,3736
2022-06-21,2492,1571527,152320387,94.8,98.3,94.8,97.7,3.2,1833
2022-06-22,2492,2192265,207685413,97.9,97.9,93.1,93.1,-4.6,3327
2022-06-23,2492,2001432,187306487,94.0,94.7,92.6,93.6,0.5,2028
2022-06-24,2492,1589952,151720209,95.0,96.2,94.7,95.0,1.4,2182
2022-06-27,2492,1084937,105528217,96.1,98.3,95.8,97.9,2.9,1819
2022-06-28,2492,1053547,100926033,97.7,97.7,94.8,95.2,-2.7,3125
2022-06-29,2492,1597998,149341373,94.1,94.4,93.0,93.1,-2.1,1688
2022-06-30,2492,2491505,224969909,92.2,92.5,89.4,89.7,-3.4,2085
2022-07-01,2492,5441292,465342278,90.3,90.4,82.7,82.7,-7.0,5813
2022-07-04,2492,3536950,302591866,83.8,87.4,83.6,85.8,3.1,3880
2022-07-05,2492,2465881,216155911,87.6,88.9,86.0,88.6,2.8,2777
2022-07-06,2492,1944470,172077718,88.1,89.8,87.4,87.6,-1.0,3483
2022-07-07,2492,2233642,201034164,88.0,91.5,88.0,91.4,3.8,2781
2022-07-08,2492,4346152,413035430,92.6,97.5,92.2,94.5,3.1,5927
2022-07-11,2492,1914496,176338635,93.8,94.0,91.3,91.5,-3.0,3846
2022-07-12,2492,1930650,175604330,90.9,92.3,90.0,90.0,-1.5,3193
2022-07-13,2492,1511845,140521496,93.8,94.2,92.0,92.0,2.0,2112
2022-07-14,2492,2037125,192701774,91.8,95.9,91.0,95.9,3.9,2874
2022-07-15,2492,1579547,151890770,95.7,97.3,94.9,96.3,0.4,2759
2022-07-18,2492,2376439,232719069,97.1,99.0,96.5,99.0,2.7,2412
2022-07-19,2492,2557949,255288122,98.4,101.0,97.7,99.9,0.9,4371
2022-07-20,2492,2908621,290833718,101.0,102.0,98.7,98.8,-1.1,3993
2022-07-21,2492,3087828,314877451,100.5,103.5,99.8,102.5,3.7,2350
2022-07-22,2492,2181533,223128121,103.0,104.0,101.0,102.0,-0.5,2076
2022-07-25,2492,835308,84608171,101.0,102.5,100.0,102.0,0.0,768
2022-07-26,2492,1390995,139466686,101.5,102.5,99.5,99.5,-2.5,2352
2022-07-27,2492,921763,92370770,99.5,101.5,99.2,101.5,2.0,864
2022-07-28,2492,1291707,130397077,102.5,102.5,99.6,101.0,-0.5,1895
2022-07-29,2492,772035,78453465,102.0,103.0,100.5,101.5,0.5,771
2022-08-01,2492,1151956,114825622,100.5,100.5,99.1,99.4,-2.1,3747
2022-08-02,2492,1833113,176890628,98.0,98.3,95.1,96.0,-3.4,3616
2022-08-03,2492,1093815,106025371,96.7,98.2,96.1,96.4,0.4,1315
2022-08-04,2492,1254622,118884143,96.7,96.8,93.0,94.7,-1.7,1632
2022-08-05,2492,937696,90009851,95.5,96.6,95.1,96.2,1.5,1116
2022-08-08,2492,1518071,143070322,95.2,95.9,93.6,94.0,-2.2,1902
2022-08-09,2492,2191786,205602311,93.9,94.6,92.2,93.9,-0.1,1726
2022-08-10,2492,1686694,151352222,89.4,90.3,89.3,89.5,0.0,1442
2022-08-11,2492,1180774,107727862,90.5,91.9,90.5,91.5,2.0,1031
2022-08-12,2492,1198794,110864911,90.8,93.5,90.7,93.5,2.0,1413
2022-08-15,2492,1166989,110177743,93.9,95.4,93.4,94.7,1.2,2055
2022-08-16,2492,1250681,117279949,94.7,95.1,93.0,93.4,-1.3,2603
2022-08-17,2492,1681051,158723914,94.0,95.0,93.2,94.8,1.4,2247
2022-08-18,2492,2332779,215929726,93.9,94.0,91.4,93.4,-1.4,3210
2022-08-19,2492,1472471,138864485,92.9,95.3,92.9,94.8,1.4,1205
2022-08-22,2492,690658,64959895,94.0,94.5,93.5,93.9,-0.9,1021
2022-08-23,2492,1009870,93494198,93.7,93.7,92.0,92.6,-1.3,2093
2022-08-24,2492,886867,81881398,93.2,93.6,91.5,91.7,-0.9,2033
2022-08-25,2492,969232,90636125,92.5,94.2,92.1,94.0,2.3,1113
2022-08-26,2492,908033,86185614,95.0,95.3,94.4,95.0,1.0,908
2022-08-29,2492,2141447,194306891,92.0,92.5,90.1,90.2,-4.8,3567
2022-08-30,2492,1089461,99205374,90.7,91.7,90.3,91.6,1.4,872
2022-08-31,2492,1225119,113146840,90.8,93.2,90.8,93.0,1.4,1574
2022-09-01,2492,1690351,153610727,92.5,92.5,90.1,90.2,-2.8,1966
2022-09-02,2492,1069967,96515448,90.7,91.1,89.8,89.9,-0.3,984
2022-09-05,2492,1473501,129451778,89.9,89.9,87.0,87.4,-2.5,1742
2022-09-06,2492,1096159,94889926,87.5,88.1,86.0,86.0,-1.4,1177
2022-09-07,2492,1096789,92658966,85.0,85.2,84.1,84.2,-1.8,1113
2022-09-08,2492,3021971,263454943,84.9,89.0,84.3,87.4,3.2,2424
2022-09-12,2492,4303102,395840707,88.5,93.8,88.5,92.9,5.5,3657
2022-09-13,2492,2022584,187956260,93.1,93.6,92.1,92.9,0.0,2280
2022-09-14,2492,1334254,121468290,90.5,91.9,89.5,91.6,-1.3,1716
2022-09-15,2492,1873203,171416029,91.5,92.8,90.5,90.5,-1.1,2913
2022-09-16,2492,1743142,155243132,89.5,90.2,88.4,88.4,-2.1,2005
2022-09-19,2492,1357011,118454219,88.2,88.4,86.5,87.2,-1.2,1304
2022-09-20,2492,1377197,119661690,87.6,88.0,86.3,86.6,-0.6,1240
2022-09-21,2492,2172138,185283748,86.0,86.5,84.8,85.4,-1.2,1831
2022-09-22,2492,1427125,119731412,84.4,84.8,83.2,84.3,-1.1,1507
2022-09-23,2492,1245231,104463944,84.3,85.4,83.1,83.4,-0.9,1393
2022-09-26,2492,3140793,247418838,82.8,82.8,77.0,77.0,-6.4,3007
2022-09-27,2492,1520283,118277187,78.7,78.7,76.6,78.1,1.1,1288
2022-09-28,2492,2021613,151394056,77.5,78.0,73.3,73.3,-4.8,2348
2022-09-29,2492,2599806,195422301,75.4,76.9,73.4,75.2,1.9,1898
2022-09-30,2492,2101331,154053745,72.3,74.7,71.8,74.5,-0.7,1802
2022-10-03,2492,1925494,142369372,73.1,75.3,72.4,74.0,-0.5,1384
2022-10-04,2492,1307098,99786369,75.5,77.1,75.5,76.9,2.9,1266
2022-10-05,2492,1965789,153886817,78.0,79.2,77.5,78.2,1.3,1848
2022-10-06,2492,1378270,108644440,78.5,79.5,77.6,78.9,0.7,1356
2022-10-07,2492,1045438,81936016,78.7,79.4,77.9,78.4,-0.5,1181
2022-10-11,2492,1428704,107742409,76.5,76.6,74.5,74.6,-3.8,1471
2022-10-12,2492,1606191,119723168,74.6,75.7,73.5,74.8,0.2,1257
2022-10-13,2492,1933232,140875118,74.0,74.6,71.6,71.9,-2.9,1836
2022-10-14,2492,2123718,158783378,73.1,75.8,73.1,75.3,3.4,1695
2022-10-17,2492,1990022,148732067,74.2,76.9,72.8,76.9,1.6,1898
2022-10-18,2492,2395044,188127374,77.7,79.9,76.8,79.0,2.1,1980
2022-10-19,2492,2399736,188118312,78.8,79.9,77.6,78.0,-1.0,3112
2022-10-20,2492,2622911,198483747,76.7,76.9,74.8,75.3,-2.7,1814
2022-10-21,2492,1180005,87755836,75.2,75.6,73.5,73.5,-1.8,981
2022-10-24,2492,1853955,142332416,75.8,77.5,75.4,76.8,3.3,1547
2022-10-25,2492,1834576,141587446,76.8,78.6,76.1,77.0,0.2,1712
2022-10-26,2492,1246193,96098194,76.6,77.9,76.3,77.0,0.0,1137
2022-10-27,2492,1336108,105133122,78.2,79.2,77.8,79.0,2.0,1105
2022-10-28,2492,3496431,262261615,78.5,79.3,73.0,73.1,-5.9,4124
2022-10-31,2492,4783441,371417839,74.2,79.3,73.6,79.0,5.9,3747
2022-11-01,2492,4277873,344724793,78.5,81.7,77.8,81.5,2.5,3603
2022-11-02,2492,3876598,308833395,80.6,80.6,78.3,79.5,-2.0,4636
2022-11-03,2492,2659815,213633513,78.0,81.1,78.0,80.6,1.1,2312
2022-11-04,2492,2198323,178183950,80.0,81.7,79.7,81.7,1.1,2167
2022-11-07,2492,2036875,165567219,82.0,82.5,80.2,81.4,-0.3,2497
2022-11-08,2492,2296489,188099152,81.6,82.8,81.0,81.2,-0.2,1781
2022-11-09,2492,4072989,341316994,82.5,84.9,81.7,84.1,2.9,3342
2022-11-10,2492,1748478,147400824,83.5,84.8,83.4,84.7,0.6,1579
2022-11-11,2492,4578578,397282615,88.2,89.7,85.2,85.6,0.9,3655
2022-11-14,2492,1570433,135513589,86.3,87.1,85.3,86.6,1.0,1547
2022-11-15,2492,2362199,207399897,86.0,88.5,86.0,88.4,1.8,2578
2022-11-16,2492,1685336,147190890,88.0,88.2,86.7,87.3,-1.1,2233
2022-11-17,2492,1430298,125626583,86.8,88.8,86.8,88.4,1.1,1273
2022-11-18,2492,1392588,121903303,88.2,88.8,86.6,86.9,-1.5,1281
2022-11-21,2492,1386198,119281411,86.1,87.3,85.2,85.2,-1.7,1378
2022-11-22,2492,875665,74346404,84.8,85.7,84.4,84.7,-0.5,974
2022-11-23,2492,697885,59014871,85.5,86.0,84.2,84.2,-0.5,902
2022-11-24,2492,1050105,90017373,85.0,86.7,84.7,86.4,2.2,933
2022-11-25,2492,833150,71502161,86.6,86.7,85.2,85.2,-1.2,979
2022-11-28,2492,1021794,85840877,84.4,84.8,83.3,84.1,-1.1,950
2022-11-29,2492,1232318,104187807,84.9,85.7,83.0,85.4,1.3,935
2022-11-30,2492,1798517,156165579,85.4,87.7,84.9,87.3,1.9,1828
2022-12-01,2492,1897035,167801544,88.4,89.6,87.7,87.9,0.6,1994
2022-12-02,2492,1263290,111625254,87.6,88.8,87.3,88.4,0.5,1062
2022-12-05,2492,2859909,256627331,89.3,90.6,88.9,89.0,0.6,2466
2022-12-06,2492,2257209,196030417,88.6,88.8,85.4,85.8,-3.2,2129
2022-12-07,2492,2182680,183225855,85.2,85.8,82.9,83.4,-2.4,1685
2022-12-08,2492,1655888,136270698,82.7,82.9,81.6,82.4,-1.0,1490
2022-12-09,2492,1420736,117078687,82.8,83.5,81.9,82.1,-0.3,1214
2022-12-12,2492,2348124,193625356,81.3,84.7,80.6,84.5,2.4,1741
2022-12-13,2492,2184373,180331616,83.4,83.6,81.8,81.9,-2.6,2457
2022-12-14,2492,1083830,89537142,82.4,83.2,81.9,83.2,1.3,903
2022-12-15,2492,837432,69655481,83.0,83.7,82.8,82.8,-0.4,739
2022-12-16,2492,2931623,237316275,81.5,81.7,80.5,81.0,-1.8,2186
2022-12-19,2492,1963144,158190779,80.7,81.5,80.2,80.5,-0.5,1608
2022-12-20,2492,2288202,181384069,80.5,81.3,78.0,78.0,-2.5,2048
2022-12-21,2492,1874793,145852015,78.5,78.8,77.2,77.5,-0.5,1561
2022-12-22,2492,1734796,138064232,79.1,80.3,78.5,79.8,2.3,1529
2022-12-23,2492,847954,66409732,78.1,79.1,77.6,78.7,-1.1,850
2022-12-26,2492,471195,37107438,79.3,79.4,78.1,79.0,0.3,513
2022-12-27,2492,753596,60296732,79.3,80.7,79.2,79.9,0.9,667
2022-12-28,2492,595444,46872153,79.3,79.3,78.4,78.5,-1.4,684
2022-12-29,2492,880896,68753451,78.0,79.1,77.4,78.2,-0.3,819
2022-12-30,2492,632624,50066091,79.4,79.7,78.4,79.0,0.8,683
2023-01-03,2492,551971,43613273,78.8,79.6,78.2,79.2,0.2,605
2023-01-04,2492,1233140,99372540,79.5,81.0,79.5,80.9,1.7,1075
2023-01-05,2492,1103446,89991258,81.4,82.2,81.0,81.0,0.1,955
2023-01-06,2492,1538825,126255954,81.2,82.7,80.5,82.4,1.4,1690
2023-01-09,2492,3057037,259202037,83.7,85.6,83.5,85.6,3.2,2705
2023-01-10,2492,1663271,142291273,86.0,86.0,84.8,86.0,0.4,1940
2023-01-11,2492,1108083,94891385,86.9,86.9,85.0,85.6,-0.4,2427
2023-01-12,2492,1428895,122711275,85.8,86.4,85.2,85.8,0.2,1455
2023-01-13,2492,1074194,91183419,86.8,86.8,84.0,84.1,-1.7,1463
2023-01-16,2492,1050704,89440100,84.9,85.8,84.3,84.5,0.4,1056
2023-01-17,2492,770962,64632806,84.5,84.5,83.2,84.0,-0.5,843
2023-01-30,2492,2697793,234822254,86.5,87.7,85.6,87.7,3.7,2256
2023-01-31,2492,3671898,326768159,87.7,90.0,87.6,89.9,2.2,3325
2023-02-01,2492,12949538,1241291473,91.0,98.8,90.5,98.8,8.9,10599
2023-02-02,2492,14914883,1512623224,102.5,104.5,99.0,101.5,2.7,12708
2023-02-03,2492,4046301,407677288,100.5,102.0,99.9,100.0,-1.5,3521
2023-02-06,2492,3220922,319177813,99.3,101.0,98.3,98.7,-1.3,2835
2023-02-07,2492,1983821,194529262,98.2,98.7,97.0,98.5,-0.2,1830
2023-02-08,2492,2846325,281618039,99.1,99.9,98.3,98.7,0.2,2336
2023-02-09,2492,6245750,595577042,97.7,97.7,94.4,94.8,-3.9,5133
2023-02-10,2492,2238729,209807109,94.8,94.8,93.0,93.0,-1.8,2164
2023-02-13,2492,1566565,145173722,92.6,93.7,91.6,93.7,0.7,1507
2023-02-14,2492,4430715,420679829,94.1,95.8,93.5,95.7,2.0,3630
2023-02-15,2492,3066184,289397208,95.5,96.0,93.4,93.9,-1.8,2612
2023-02-16,2492,11839722,1173336314,94.5,100.5,94.3,100.5,6.6,9363
2023-02-17,2492,8575493,860320051,99.5,102.5,98.6,101.0,0.5,7262
2023-02-20,2492,3937658,398230714,101.5,102.5,100.0,100.5,-0.5,3092
2023-02-21,2492,2448325,248107467,102.0,102.5,100.5,101.0,0.5,2315
2023-02-22,2492,3740314,369071021,99.5,99.8,98.1,98.1,-2.9,3225
2023-02-23,2492,2886840,289003795,99.0,101.5,98.7,101.0,2.9,2311
2023-02-24,2492,3873865,389203910,101.0,101.5,99.4,100.5,-0.5,2629
2023-03-01,2492,5168515,502824397,99.6,99.7,95.8,97.1,-3.4,4548
2023-03-02,2492,2624639,253246656,97.8,98.5,95.9,95.9,-1.2,2319
2023-03-03,2492,2671338,261631357,97.1,98.7,97.0,97.6,1.7,2365
2023-03-06,2492,4229456,425564263,98.8,102.0,98.7,102.0,4.4,3378
2023-03-07,2492,3023552,308580032,102.5,103.0,101.0,102.0,0.0,2402
2023-03-08,2492,2258203,227780326,100.5,102.0,100.0,100.5,-1.5,1716
2023-03-09,2492,2743933,273042971,101.5,101.5,98.3,98.7,-1.8,2428
2023-03-10,2492,3957162,379534389,97.5,97.6,94.5,95.3,-3.4,3715
2023-03-13,2492,1557298,146965472,94.5,95.5,93.2,95.0,-0.3,1552
2023-03-14,2492,1253674,117493446,94.2,94.3,93.2,93.5,-1.5,1641
2023-03-15,2492,2365322,223858925,94.7,95.5,93.9,94.7,1.2,1876
2023-03-16,2492,2712263,252728120,94.3,95.1,91.7,92.9,-1.8,2541
2023-03-17,2492,2408176,224016046,93.6,94.1,92.1,92.9,0.0,1898
2023-03-20,2492,924786,86807502,93.2,94.3,93.2,94.1,1.2,983
2023-03-21,2492,700532,66296707,94.8,95.2,94.2,94.2,0.1,1047
2023-03-22,2492,859952,81681779,94.9,95.4,94.3,95.2,1.0,959
2023-03-23,2492,2123365,204238365,95.4,96.9,94.7,96.2,1.0,1775
2023-03-24,2492,2635562,257411739,97.4,98.4,96.5,98.0,1.8,2283
2023-03-27,2492,1284088,124557828,98.0,98.3,96.5,96.6,-1.4,3070
2023-03-28,2492,1420631,135549462,96.6,96.9,94.4,94.8,-1.8,1547
2023-03-29,2492,1165835,109687985,94.6,95.3,93.3,94.1,-0.7,1251
2023-03-30,2492,957725,91528905,95.0,96.3,95.0,95.5,1.4,943
2023-03-31,2492,3283278,320719631,95.9,99.0,95.5,96.7,1.2,3472
2023-04-06,2492,1882859,177941760,96.7,96.7,93.5,94.7,-2.0,2455
2023-04-07,2492,997496,94209220,94.7,95.2,94.0,94.7,0.0,1029
2023-04-10,2492,10448479,1054370267,96.2,103.5,96.2,100.0,5.3,8034
2023-04-11,2492,6224394,633564563,101.5,103.0,100.0,102.5,2.5,4784
2023-04-12,2492,15525526,1679150042,103.0,112.0,102.0,110.0,7.5,10689
2023-04-13,2492,12707921,1400841335,110.5,113.0,107.5,109.0,-1.0,9298
2023-04-14,2492,9689528,1074893126,111.5,113.5,108.0,110.5,1.5,6936
2023-04-17,2492,5058993,547072558,111.5,111.5,106.5,107.0,-3.5,4513
2023-04-18,2492,4368585,470159405,107.5,110.0,105.5,106.0,-1.0,3310
2023-04-19,2492,4041401,422778782,107.5,108.0,102.5,103.0,-3.0,3311
2023-04-20,2492,3501207,360966180,103.0,105.0,101.5,102.0,-1.0,2807
2023-04-21,2492,5738380,568447073,102.5,103.5,97.0,97.1,-4.9,4740
2023-04-24,2492,3023857,294830413,96.7,98.9,95.9,96.7,-0.4,2539
2023-04-25,2492,3872250,364007179,97.0,97.4,92.2,93.3,-3.4,3920
2023-04-26,2492,2892159,271237284,93.2,94.5,92.6,94.0,0.7,2294
2023-04-27,2492,2015606,188887256,94.0,94.8,92.2,93.7,-0.3,1622
2023-04-28,2492,2901921,277787299,95.6,96.8,95.0,95.4,1.7,2465
2023-05-02,2492,1375327,131741753,95.7,96.3,94.6,95.9,0.5,1621
2023-05-03,2492,1329008,126036678,95.4,95.5,93.8,94.6,-1.3,1158
2023-05-04,2492,1327733,125096565,94.0,94.9,93.6,94.3,-0.3,1288
2023-05-05,2492,12404331,1243795657,96.2,102.5,96.1,102.0,7.7,9641
2023-05-08,2492,9496112,959569197,102.5,104.0,98.5,99.8,-2.2,8235
2023-05-09,2492,4182345,413928628,99.7,101.0,97.6,99.0,-0.8,3294
2023-05-10,2492,2718885,270042094,99.6,100.5,98.5,98.7,-0.3,2187
2023-05-11,2492,3339055,327926107,99.6,100.5,96.6,96.6,-2.1,3008
2023-05-12,2492,2767563,264817973,96.0,96.4,94.7,95.7,-0.9,2401
2023-05-15,2492,2779418,262529965,95.2,95.4,93.8,95.2,-0.5,2421
2023-05-16,2492,3811375,372552063,95.9,99.0,95.9,98.2,3.0,3322
2023-05-17,2492,2620094,258934231,97.8,99.7,97.8,98.4,0.2,3436
2023-05-18,2492,3089656,308470006,99.4,100.5,99.1,100.0,1.6,3281
2023-05-19,2492,2973517,296192039,101.5,102.0,98.5,98.6,-1.4,3658
2023-05-22,2492,2496644,250017908,99.0,101.0,99.0,100.5,1.9,2034
2023-05-23,2492,2139258,213724476,101.0,101.0,99.0,100.0,-0.5,2105
2023-05-24,2492,1490526,148469557,100.0,100.5,99.0,100.0,0.0,1727
2023-05-25,2492,1780578,176921772,100.5,101.0,98.6,99.5,-0.5,1654
2023-05-26,2492,2519678,251644439,100.0,100.5,99.1,100.5,1.0,2126
2023-05-29,2492,2234675,225126346,101.5,101.5,100.0,101.0,0.5,1756
2023-05-30,2492,1758722,176530106,102.0,102.0,99.8,100.0,-1.0,1591
2023-05-31,2492,5821452,600826187,100.5,105.0,100.0,104.0,4.0,4348
2023-06-01,2492,2511209,258987089,104.0,104.0,102.5,102.5,-1.5,2298
2023-06-02,2492,4485490,470962416,104.0,106.0,103.5,105.5,3.0,3417
2023-06-05,2492,5055995,529741197,106.5,106.5,102.5,104.5,-1.0,3028
2023-06-06,2492,5785759,581873587,104.5,104.5,99.0,99.0,-5.5,4344
2023-06-07,2492,3723451,369090274,99.4,99.8,98.2,99.1,0.1,2820
2023-06-08,2492,6576935,631027953,99.0,99.0,95.0,95.1,-4.0,6344
2023-06-09,2492,2084233,199650477,96.0,96.3,95.2,96.1,1.0,1916
2023-06-12,2492,4254406,403134629,95.7,95.7,94.0,94.8,-1.3,3064
2023-06-13,2492,2352186,225004011,95.5,96.4,95.0,96.1,1.3,1981
2023-06-14,2492,2082376,199915347,96.1,96.8,95.4,95.7,-0.4,2413
2023-06-15,2492,1654145,159466488,95.5,96.9,95.5,96.8,1.1,1571
2023-06-16,2492,2403745,230225366,97.1,97.4,94.8,95.8,-1.0,2354
2023-06-19,2492,1033576,98789793,95.9,96.1,95.1,95.3,-0.5,1084
2023-06-20,2492,1385968,131641745,95.6,95.8,94.6,94.8,-0.5,1407
2023-06-21,2492,3037571,290865398,95.6,97.0,94.8,94.9,0.1,2368
2023-06-26,2492,1711532,161931055,94.3,95.4,94.0,94.8,-0.1,1414
2023-06-27,2492,2126538,200082386,94.8,95.2,93.3,93.6,-1.2,1972
2023-06-28,2492,1264034,118496068,94.1,94.6,93.3,93.7,0.1,1198
2023-06-29,2492,4971042,481984081,94.7,98.5,94.2,96.8,3.1,3535
2023-06-30,2492,2381282,228531694,97.1,97.4,95.1,95.4,-1.4,3859
2023-07-03,2492,1329301,128277767,95.9,97.1,95.8,96.5,1.1,1148
2023-07-04,2492,1045314,100690826,96.4,96.9,95.5,96.6,0.1,1138
2023-07-05,2492,1721644,166912127,96.7,98.2,95.9,96.1,-0.5,1453
2023-07-06,2492,1477440,140964654,96.0,96.2,94.8,94.8,-1.3,1587
2023-07-07,2492,1446780,136317612,94.2,95.3,93.3,94.7,-0.1,1335
2023-07-10,2492,866425,82165683,95.0,95.5,94.2,94.3,-0.4,1134
2023-07-11,2492,1527669,147042561,95.1,96.8,95.1,96.6,2.3,1342
2023-07-12,2492,1038672,99800649,96.2,96.9,95.6,95.6,-1.0,1040
2023-07-13,2492,3545765,345668891,96.0,98.9,96.0,96.4,0.8,2868
2023-07-14,2492,2454356,239949924,97.5,98.2,97.1,97.9,1.5,2029
2023-07-17,2492,5165154,513017484,98.5,101.0,96.2,100.5,2.6,4320
2023-07-18,2492,4548693,456122347,102.5,102.5,98.9,99.3,-1.2,3480
2023-07-19,2492,3370061,334454091,100.5,101.0,98.3,98.5,-0.8,2351
2023-07-20,2492,2050519,204163513,98.0,100.5,98.0,99.8,1.3,1689
2023-07-21,2492,2729895,266142868,99.5,99.5,96.7,97.3,-2.5,2500
2023-07-24,2492,3495651,331660450,97.1,97.1,94.0,94.1,-3.2,3286
2023-07-25,2492,1365571,129737091,94.5,96.0,94.4,95.0,0.9,1263
2023-07-26,2492,2210486,207827211,95.6,95.6,93.5,94.0,-1.0,2013
2023-07-27,2492,2165177,206612360,94.5,95.9,94.2,95.9,1.9,1785
2023-07-28,2492,2943703,280836766,93.6,97.0,93.1,95.7,0.0,2485
2023-07-31,2492,2222230,213472451,96.4,97.8,94.7,94.9,-0.8,1873
2023-08-01,2492,1564258,149482764,94.9,97.4,94.6,94.7,-0.2,1641
2023-08-02,2492,2313190,217079869,94.4,95.7,93.2,93.3,-1.4,2273
2023-08-04,2492,4225006,392997257,93.1,93.6,92.2,93.0,-0.3,1173
2023-08-07,2492,1043224,96697719,93.0,93.3,91.8,92.7,-0.3,1072
2023-08-08,2492,2036935,186976630,92.8,93.0,91.3,91.3,-1.4,2119
2023-08-09,2492,1646361,149209596,91.2,91.6,90.0,90.3,-1.0,1774
2023-08-10,2492,1542099,139412527,91.5,91.5,90.0,90.0,-0.3,1359
2023-08-11,2492,1942400,178606845,90.8,93.9,90.4,91.5,1.5,1657
2023-08-14,2492,1525937,139870219,91.5,92.3,90.7,91.1,-0.4,1365
2023-08-15,2492,992646,90703966,92.0,92.2,91.0,91.1,0.0,1383
2023-08-16,2492,1456520,132007889,90.7,91.4,89.3,91.3,0.2,1589
2023-08-17,2492,3079189,288041423,90.3,94.8,90.2,94.0,2.7,2379
2023-08-18,2492,2165356,206337848,93.5,96.8,93.4,94.5,0.5,2670
2023-08-21,2492,1042359,99099248,94.9,95.9,94.4,94.9,0.4,1741
2023-08-22,2492,2847893,274952870,96.2,97.3,95.6,96.3,1.4,2416
2023-08-23,2492,898472,86282119,96.0,96.9,95.5,95.5,-0.8,1332
2023-08-24,2492,1321011,125778101,96.4,96.5,94.3,95.4,-0.1,2774
2023-08-25,2492,832174,79317780,94.4,95.9,94.3,95.0,-0.4,886
2023-08-28,2492,909971,87005764,95.7,96.3,94.8,94.9,-0.1,1224
2023-08-29,2492,748823,71312528,96.0,96.0,94.6,95.8,0.9,1101
2023-08-30,2492,972694,93455534,96.3,96.5,95.8,95.9,0.1,1261
2023-08-31,2492,3630706,354096973,96.0,98.8,95.8,98.6,2.7,3286
2023-09-01,2492,29239104,3119546151,99.9,108.0,99.4,108.0,9.4,17303
2023-09-04,2492,23734324,2593487866,110.0,113.0,106.0,107.0,-1.0,16756
2023-09-05,2492,10902972,1180455739,107.0,110.0,106.0,107.5,0.5,8684
2023-09-06,2492,7181581,778562033,108.5,111.0,105.5,111.0,3.5,4730
2023-09-07,2492,8850396,952590454,109.5,111.0,105.5,106.5,-4.5,6123
2023-09-08,2492,3782945,398540464,106.0,107.0,104.0,106.0,-0.5,2761
2023-09-11,2492,3369247,355373589,106.5,108.0,104.5,105.0,-1.0,2391
2023-09-12,2492,2450675,259173188,105.0,107.0,103.5,106.0,1.0,1901
2023-09-13,2492,3330165,353853016,106.5,108.0,105.0,105.5,-0.5,2313
2023-09-14,2492,2016044,214474926,106.0,107.0,105.5,107.0,1.5,1503
2023-09-15,2492,3434234,369459865,107.0,109.0,106.0,108.0,1.0,2302
2023-09-18,2492,5368122,580135982,108.0,110.0,106.5,108.0,0.0,3371
2023-09-19,2492,6068815,652808629,109.0,111.0,105.0,106.0,-2.0,4192
2023-09-20,2492,5212834,545306222,106.5,108.0,102.5,103.5,-2.5,3263
2023-09-21,2492,4566075,457485925,102.5,102.5,98.9,99.6,-3.9,3677
2023-09-22,2492,3279664,333446582,99.4,104.0,98.4,103.5,3.9,2312
2023-09-25,2492,1034059,106748610,103.5,104.0,102.5,103.0,-0.5,1173
2023-09-26,2492,1149734,117333091,102.5,103.5,101.5,101.5,-1.5,879
2023-09-27,2492,975214,98868452,101.0,102.5,100.0,102.0,0.5,874
2023-09-28,2492,982854,100566380,102.5,103.5,101.5,102.5,0.5,1105
2023-10-02,2492,1107425,114747998,103.5,104.5,103.0,103.5,1.0,874
2023-10-03,2492,1493563,150982783,103.0,103.0,100.5,100.5,-3.0,1429
2023-10-04,2492,1647260,163607294,99.6,100.0,98.8,99.3,-1.2,1504
2023-10-05,2492,1052163,105439330,99.5,101.0,99.5,100.0,0.7,904
2023-10-06,2492,728067,72817614,100.5,100.5,99.7,99.9,-0.1,810
2023-10-11,2492,2187901,221816043,101.5,102.5,100.0,102.0,2.1,1597
2023-10-12,2492,5811815,617258833,102.5,108.0,102.0,108.0,6.0,4311
2023-10-13,2492,3949650,422407727,106.5,108.5,105.5,108.0,0.0,2585
2023-10-16,2492,2582900,278846358,107.0,108.5,106.5,108.5,0.5,1826
2023-10-17,2492,2632177,284131473,109.0,109.5,107.0,107.0,-1.5,2174
2023-10-18,2492,2330171,246027751,107.5,107.5,104.5,105.5,-1.5,1479
2023-10-19,2492,1547603,163801869,105.0,107.0,104.0,106.0,0.5,1194
2023-10-20,2492,2004567,210058014,105.0,106.5,103.0,106.5,0.5,1525
2023-10-23,2492,1440252,153307355,105.5,108.0,105.5,106.5,0.0,1121
2023-10-24,2492,2685727,289087197,107.0,108.5,106.0,108.5,2.0,2572
2023-10-25,2492,1967161,213497417,109.5,110.0,107.5,107.5,-1.0,1419
2023-10-26,2492,2216326,230425735,105.0,105.5,103.0,103.5,-4.0,1947
2023-10-27,2492,1925691,200206260,104.0,106.0,102.5,103.0,-0.5,1420
2023-10-30,2492,1805570,188859392,102.5,106.0,102.5,104.5,1.5,1277
2023-10-31,2492,1983519,209401603,105.0,107.5,104.0,104.5,0.0,1511
2023-11-01,2492,20511650,2316965264,110.0,114.5,109.5,111.0,6.5,11161
2023-11-02,2492,22439437,2634935077,112.5,122.0,111.0,118.5,7.5,15334
2023-11-03,2492,18380511,2247202462,123.0,125.0,120.5,122.0,3.5,12726
2023-11-06,2492,8065144,993354386,123.5,125.0,121.0,123.5,1.5,5548
2023-11-07,2492,6614641,823791787,122.5,127.0,122.0,124.5,1.0,5066
2023-11-08,2492,6795476,846047732,127.0,127.5,122.5,123.5,-1.0,5096
2023-11-09,2492,4624836,574153894,123.5,125.5,123.0,124.0,0.5,3376
2023-11-10,2492,6006139,728505526,123.0,123.5,119.5,121.5,-2.5,4143
2023-11-13,2492,3712240,451452959,123.5,123.5,120.0,121.5,0.0,2370
2023-11-14,2492,7073544,831104213,122.0,122.0,116.0,116.5,-5.0,5847
2023-11-15,2492,4118306,483329137,118.5,118.5,116.5,117.0,0.5,2950
2023-11-16,2492,1995202,234288859,117.5,118.5,116.5,117.0,0.0,1548
2023-11-17,2492,2546290,302118640,117.5,120.0,116.5,119.5,2.5,2171
2023-11-20,2492,4361885,507691620,118.0,118.0,115.5,116.0,-3.5,3558
2023-11-21,2492,2539723,297153126,117.0,118.0,116.0,116.5,0.5,2100
2023-11-22,2492,5368304,637458029,116.5,120.5,115.5,120.0,3.5,4008
2023-11-23,2492,7015031,849404877,120.5,123.0,119.0,122.0,2.0,5006
2023-11-24,2492,18697008,2348739493,122.5,129.0,122.0,124.0,2.0,12574
2023-11-27,2492,5473461,664510915,124.0,125.0,119.5,120.0,-4.0,4268
2023-11-28,2492,9475481,1187195722,120.5,127.5,120.5,127.0,7.0,7156
2023-11-29,2492,31624677,4335020091,133.0,139.5,132.0,139.5,12.5,21098
2023-11-30,2492,20082814,2782700214,140.0,141.0,136.0,136.5,-3.0,15646
2023-12-01,2492,17544793,2468162228,136.5,143.5,135.5,140.0,3.5,12389
2023-12-04,2492,8492640,1200951235,141.5,143.5,139.5,140.5,0.5,6478
2023-12-05,2492,12882565,1786745542,142.0,142.5,136.0,136.5,-4.0,9402
2023-12-06,2492,6749684,911347097,137.5,138.5,133.5,134.0,-2.5,5505
2023-12-07,2492,3931118,526390127,134.5,136.0,132.5,133.0,-1.0,3653
2023-12-08,2492,5964426,788527233,134.0,135.5,129.5,132.5,-0.5,4935
2023-12-11,2492,9465712,1290303868,135.0,139.5,133.5,134.5,2.0,6560
2023-12-12,2492,3954396,527041321,136.0,136.5,131.5,132.0,-2.5,3471
2023-12-13,2492,3900885,521121135,134.0,135.0,132.0,132.5,0.5,2981
2023-12-14,2492,8613080,1171709266,135.5,138.5,133.5,134.0,1.5,6599
2023-12-15,2492,13640842,1786336665,134.5,134.5,130.5,130.5,-3.5,5623
2023-12-18,2492,5354668,691383700,130.5,131.5,127.5,128.5,-2.0,4497
2023-12-19,2492,6441630,808403219,128.5,129.5,124.0,125.0,-3.5,5065
2023-12-20,2492,4086903,509660589,126.0,126.5,123.5,124.5,-0.5,3154
2023-12-21,2492,2314199,286001117,123.0,125.0,122.0,123.5,-1.0,1947
2023-12-22,2492,2907042,356226632,124.5,124.5,121.5,122.0,-1.5,2687
2023-12-25,2492,1975908,245099316,123.0,125.0,123.0,124.0,2.0,1621
2023-12-26,2492,3893894,477813669,124.5,125.5,121.5,122.5,-1.5,3147
2023-12-27,2492,2688709,328517367,122.5,123.5,121.5,122.0,-0.5,2357
2023-12-28,2492,3327341,410215020,123.0,124.5,122.0,123.0,1.0,2545
2023-12-29,2492,2163766,264223776,123.0,123.0,121.0,123.0,0.0,1817
2024-01-02,2492,3005003,369698839,125.0,125.5,121.0,121.0,-2.0,2377
2024-01-03,2492,3710285,439733163,121.0,121.0,117.5,118.0,-3.0,3415
2024-01-04,2492,2616565,305195132,118.0,119.0,115.5,116.0,-2.0,2509
2024-01-05,2492,1833455,212973919,117.0,117.0,115.5,116.0,0.0,1638
2024-01-08,2492,2571952,295982284,116.5,117.5,114.0,114.0,-2.0,2312
2024-01-09,2492,1632313,185027085,115.5,115.5,112.5,113.0,-1.0,1659
2024-01-10,2492,1721581,192335387,113.5,113.5,111.0,111.5,-1.5,1918
2024-01-11,2492,2001031,223829780,112.5,113.0,110.5,112.5,1.0,1972
2024-01-12,2492,3169356,349960554,112.5,112.5,109.0,110.0,-2.5,2782
2024-01-15,2492,4499435,510455904,110.5,115.0,109.5,114.5,4.5,3512
2024-01-16,2492,2521369,281393181,112.5,113.0,111.0,111.0,-3.5,2305
2024-01-17,2492,10835018,1198499452,112.5,116.0,106.5,107.0,-4.0,7744
2024-01-18,2492,3289754,352241602,107.5,108.5,106.0,107.0,0.0,2207
2024-01-19,2492,4282122,455946541,107.5,108.5,105.5,107.5,0.5,3264
2024-01-22,2492,2334617,252650478,108.5,109.0,107.0,108.0,0.5,1813
2024-01-23,2492,1908438,209680053,108.5,110.5,108.5,110.0,2.0,1560
2024-01-24,2492,1874068,205537156,110.0,111.0,109.0,109.0,-1.0,1439
2024-01-25,2492,1296095,141181727,110.0,110.5,108.0,108.5,-0.5,1162
2024-01-26,2492,1492432,161763490,108.0,109.5,107.0,108.0,-0.5,1317
2024-01-29,2492,1869563,205768671,108.0,111.0,107.0,110.5,2.5,1574
2024-01-30,2492,1901296,206453700,110.5,110.5,107.5,108.0,-2.5,1889
2024-01-31,2492,1337880,144122044,108.0,108.5,107.0,108.0,0.0,1147
2024-02-01,2492,862189,93116402,108.5,108.5,107.0,108.0,0.0,855
2024-02-02,2492,1115882,121429968,109.0,109.5,108.0,109.0,1.0,1036
2024-02-05,2492,2059672,222860111,109.5,109.5,107.5,108.0,-1.0,1793
2024-02-15,2492,4221205,465668794,110.0,112.0,108.5,111.5,3.5,3230
2024-02-16,2492,3174854,353148806,112.0,112.5,109.5,112.5,1.0,2515
2024-02-19,2492,4096375,464579234,112.5,115.0,111.5,114.0,1.5,3089
2024-02-20,2492,2605522,293798236,114.0,114.0,112.0,112.5,-1.5,2035
2024-02-21,2492,3206583,362648602,112.5,114.5,112.0,113.0,0.5,2231
2024-02-22,2492,2435255,274367658,113.5,114.0,111.5,113.0,0.0,1718
2024-02-23,2492,2472588,277866787,114.0,114.0,111.5,111.5,-1.5,1776
2024-02-26,2492,3588311,394477722,110.5,111.5,108.5,111.5,0.0,2769
2024-02-27,2492,3347359,368875452,111.0,113.0,108.5,108.5,-3.0,2362
2024-02-29,2492,6247611,700279846,110.0,114.5,109.5,112.0,3.5,4228
2024-03-01,2492,2873474,320264376,112.5,113.0,110.0,110.5,-1.5,2370
2024-03-04,2492,2947576,323863820,112.5,112.5,109.0,109.0,-1.5,2316
2024-03-05,2492,1991481,216122614,109.5,110.5,108.0,108.0,-1.0,1855
2024-03-06,2492,2580817,276820249,107.0,108.5,106.0,107.0,-1.0,2293
2024-03-07,2492,3339292,352150016,107.5,108.0,104.0,104.5,-2.5,3187
2024-03-08,2492,3141397,326125470,104.5,106.5,102.0,102.5,-2.0,2962
2024-03-11,2492,1523588,158477192,102.0,105.0,102.0,104.0,1.5,1253
2024-03-12,2492,1312379,138369237,104.5,106.0,104.0,105.5,1.5,1240
2024-03-13,2492,2076207,215737727,105.5,106.0,103.0,103.5,-2.0,1689
2024-03-14,2492,4865485,521041618,104.5,108.5,102.5,107.5,4.0,3730
2024-03-15,2492,2490118,266659159,106.5,108.0,106.0,106.5,-1.0,2046
2024-03-18,2492,1371938,147565669,107.5,108.5,106.5,107.5,1.0,1279
2024-03-19,2492,1794297,193145969,107.5,108.5,107.0,108.0,0.5,1503
2024-03-20,2492,3899843,423605578,109.0,111.0,107.0,107.0,-1.0,3233
2024-03-21,2492,2551628,276300938,108.0,109.5,107.0,109.0,2.0,2079
2024-03-22,2492,2071795,224031292,108.0,109.5,107.0,109.5,0.5,1869
2024-03-25,2492,4485082,495068256,110.5,112.0,109.0,109.5,0.0,3114
2024-03-26,2492,3296392,360157729,110.0,111.0,107.5,109.0,-0.5,3541
2024-03-27,2492,1495666,163064042,109.5,109.5,108.5,109.0,0.0,1438
2024-03-28,2492,6854918,768844233,109.5,113.5,109.5,111.5,2.5,4998
2024-03-29,2492,12470507,1431654485,113.0,117.5,112.0,113.0,1.5,12048
2024-04-01,2492,24573887,2958061783,113.5,124.0,113.0,124.0,11.0,15768
2024-04-02,2492,19093901,2351360674,125.0,126.0,120.5,120.5,-3.5,14393
2024-04-03,2492,5695462,682131257,119.0,122.0,118.0,119.0,-1.5,4736
2024-04-08,2492,5079460,610831884,121.5,123.0,118.0,118.0,-1.0,4599
2024-04-09,2492,2690469,316378381,118.5,119.5,116.5,117.5,-0.5,2769
2024-04-10,2492,1972425,233108394,118.0,119.5,117.5,117.5,0.0,2112
2024-04-11,2492,3508251,401811759,116.5,116.5,113.5,113.5,-4.0,3485
2024-04-12,2492,2102117,240628586,114.0,116.5,113.5,114.5,1.0,1995
2024-04-15,2492,3533689,393669935,113.0,114.0,110.0,110.0,-4.5,3703
2024-04-16,2492,4383727,464779726,108.5,109.5,104.5,104.5,-5.5,3959
2024-04-17,2492,2705698,285448926,106.0,106.5,104.5,105.0,0.5,2317
2024-04-18,2492,1929444,204648974,104.5,107.5,103.5,106.5,1.5,1534
2024-04-19,2492,3979252,418123010,105.5,108.5,102.5,104.0,-2.5,3166
2024-04-22,2492,2781106,297816736,104.5,109.0,104.0,106.5,2.5,2271
2024-04-23,2492,1951992,208564244,107.5,108.5,105.0,107.5,1.0,1692
2024-04-24,2492,3805978,417037558,108.0,110.5,108.0,110.5,3.0,2556
2024-04-25,2492,1406537,152125878,109.0,109.0,107.5,107.5,-3.0,1344
2024-04-26,2492,1343203,144297778,107.5,108.5,107.0,107.0,-0.5,1230
2024-04-29,2492,6179322,693361388,108.5,114.5,108.5,114.5,7.5,4332
2024-04-30,2492,3244741,364981682,114.0,114.0,111.0,111.5,-3.0,2928
2024-05-02,2492,1098478,122920987,111.5,112.5,110.5,112.5,1.0,1011
2024-05-03,2492,18099717,2146060123,116.5,121.0,115.5,117.0,4.5,11849
2024-05-06,2492,4498596,526015853,118.5,119.0,115.5,116.0,-1.0,6204
2024-05-07,2492,2691672,308278042,117.0,117.5,113.0,115.0,-1.0,2402
2024-05-08,2492,2231725,256352374,115.5,116.5,113.5,115.0,0.0,1806
2024-05-09,2492,1342357,152952205,115.0,115.5,113.0,113.0,-2.0,1293
2024-05-10,2492,1196453,135048311,114.0,114.5,112.0,113.0,0.0,1196
2024-05-13,2492,1549141,176607053,114.0,115.0,113.0,114.5,1.5,1290
2024-05-14,2492,1033582,118660060,114.0,116.0,114.0,115.0,0.5,950
2024-05-15,2492,2870368,323894292,115.5,116.0,111.0,111.5,-3.5,2503
2024-05-16,2492,2276297,258721780,112.5,114.5,112.5,113.5,2.0,1727
2024-05-17,2492,1445867,161968301,114.0,114.0,111.0,112.0,-1.5,1384
2024-05-20,2492,2222476,247600764,113.5,113.5,110.0,110.5,-1.5,1712
2024-05-21,2492,1914014,209905968,111.0,111.0,108.5,110.0,-0.5,1680
2024-05-22,2492,1271006,142683339,111.5,113.0,110.5,113.0,3.0,1220
2024-05-23,2492,4141659,458392597,113.0,113.5,109.0,109.5,-3.5,2651
2024-05-24,2492,2155261,237794337,108.5,111.5,108.0,111.0,1.5,1464
2024-05-27,2492,5773947,667383761,112.5,118.0,112.5,116.5,5.5,4635
2024-05-28,2492,2072045,240526006,117.0,117.5,115.0,116.0,-0.5,1884
2024-05-29,2492,1611763,186409267,117.0,117.0,114.5,114.5,-1.5,1378
2024-05-30,2492,1645913,185881370,113.0,114.0,112.0,112.0,-2.5,1532
2024-05-31,2492,5852316,680173226,113.0,119.0,113.0,114.5,2.5,4151
2024-06-03,2492,2354574,272314121,116.5,117.0,114.5,115.0,0.5,1810
2024-06-04,2492,2188857,246995242,115.0,115.0,111.5,112.5,-2.5,2338
2024-06-05,2492,1108386,125550157,113.0,114.5,112.0,112.5,0.0,1007
2024-06-06,2492,3350186,371592625,113.5,113.5,109.5,110.5,-2.0,2507
2024-06-07,2492,2424123,274947369,111.5,115.0,111.5,113.5,3.0,1695
2024-06-11,2492,2012446,225181977,113.5,114.0,110.5,111.0,-2.5,1467
2024-06-12,2492,2442188,270194429,111.5,112.0,109.5,111.0,0.0,1638
2024-06-13,2492,2500706,280138234,111.5,113.0,111.0,112.5,1.5,1409
2024-06-14,2492,12987310,1535449054,113.5,121.0,113.5,118.0,5.5,8525
2024-06-17,2492,4453795,527955027,117.5,120.0,116.0,119.5,1.5,4637
2024-06-18,2492,3166189,376333530,120.5,120.5,117.5,119.0,-0.5,3750
2024-06-19,2492,2934166,345815756,119.5,120.0,117.0,117.0,-2.0,2194
2024-06-20,2492,1921570,226311532,118.0,118.5,117.0,118.0,1.0,1732
2024-06-21,2492,13840654,1671564758,119.5,123.0,118.5,121.0,3.0,9109
2024-06-24,2492,7096993,862108268,121.5,123.5,119.5,119.5,-1.5,6945
2024-06-25,2492,4002176,476076040,120.5,121.5,117.0,119.5,0.0,2880
2024-06-26,2492,2414280,287112670,120.0,121.5,117.5,118.5,-1.0,2133
2024-06-27,2492,2479411,289771753,117.5,118.5,116.0,116.5,-2.0,1998
2024-06-28,2492,1896127,224671794,116.5,120.0,116.5,118.0,1.5,1469
2024-07-01,2492,1956872,229317997,118.5,119.0,116.0,116.5,-1.5,1471
2024-07-02,2492,1636427,189278174,116.5,117.0,115.0,115.5,-1.0,1537
2024-07-03,2492,3190330,379455327,116.5,120.5,116.5,118.5,3.0,2180
2024-07-04,2492,1905759,226260722,119.5,119.5,117.5,119.0,0.5,1446
2024-07-05,2492,5091615,616218819,120.0,122.0,119.0,121.5,2.5,3980
2024-07-08,2492,3264714,391479564,122.5,122.5,118.5,119.5,-2.0,2345
2024-07-09,2492,3352812,395885718,120.5,121.0,116.5,118.0,-1.5,2261
2024-07-10,2492,4340974,517913519,116.5,121.0,116.5,119.0,0.0,2732
2024-07-11,2492,14386861,1802518190,120.0,130.0,118.0,127.0,8.0,9861
2024-07-12,2492,6350096,789931236,125.0,126.5,122.5,123.5,-3.5,4552
2024-07-15,2492,4323405,530624630,125.0,125.0,121.0,124.0,0.5,2898
2024-07-16,2492,20358873,2628722423,130.0,132.5,125.5,127.0,3.0,12810
2024-07-17,2492,5756668,737520082,127.0,130.0,127.0,128.0,1.0,4099
2024-07-18,2492,5460216,682023127,125.0,128.0,122.5,126.0,-2.0,4111
2024-07-19,2492,4594995,560082338,124.0,125.0,120.0,120.0,-6.0,3614
2024-07-22,2492,4480265,521626252,120.0,121.0,114.0,115.0,-5.0,3545
2024-07-23,2492,1831111,212308663,116.0,117.0,115.0,115.5,0.5,1520
2024-07-26,2492,2050190,231381992,110.5,115.5,109.5,114.5,-1.0,1763
2024-07-29,2492,2104879,237012102,115.5,117.0,111.0,111.0,-3.5,1807
2024-07-30,2492,1608856,178535656,110.5,113.0,109.0,113.0,2.0,1537
2024-07-31,2492,4901958,565227778,112.5,117.0,112.5,114.0,1.0,3387
2024-08-01,2492,1519764,176312956,115.5,117.0,114.5,117.0,3.0,1381
2024-08-02,2492,2818726,322156256,115.0,116.5,112.5,113.0,-4.0,2240
2024-08-05,2492,5006443,516669566,108.5,108.5,102.0,102.0,-11.0,3969
2024-08-06,2492,4279283,429446802,104.5,105.5,95.1,101.0,-1.0,3566
2024-08-07,2492,2754957,285813240,101.0,105.5,100.5,105.0,4.0,2128
2024-08-08,2492,1825640,188876276,103.0,105.0,102.0,102.5,-2.5,1570
2024-08-09,2492,2689017,285335245,106.0,108.0,104.0,104.5,2.0,2149
2024-08-12,2492,1352739,144192450,106.0,108.0,106.0,106.5,2.0,1167
2024-08-13,2492,1798581,192794038,108.5,108.5,106.0,107.0,0.5,1379
2024-08-14,2492,2114123,229510939,108.0,110.0,107.5,109.0,2.0,1700
2024-08-15,2492,1401608,151049088,109.0,109.0,107.0,107.0,-2.0,1176
2024-08-16,2492,2044692,223857040,109.0,111.0,108.5,109.0,2.0,1464
2024-08-19,2492,878933,96030473,109.5,110.0,108.0,109.5,0.5,806
2024-08-20,2492,1506470,164671170,109.5,110.5,108.5,108.5,-1.0,1256
2024-08-21,2492,1717111,183852205,108.0,109.0,106.0,107.0,-1.5,1477
2024-08-22,2492,1325836,141773087,107.5,108.0,106.0,106.5,-0.5,1170
2024-08-23,2492,1102341,117291803,106.0,107.5,105.0,107.5,1.0,975
2024-08-26,2492,1279582,139944093,108.5,110.5,108.0,109.0,1.5,1191
2024-08-27,2492,873026,94780129,109.0,109.5,107.5,109.0,0.0,728
2024-08-28,2492,858182,92979081,110.0,110.0,107.5,108.0,-1.0,809
2024-08-29,2492,959918,104618571,107.5,110.0,107.5,110.0,2.0,857
2024-08-30,2492,1318802,145203714,110.0,111.0,109.0,110.5,0.5,931
2024-09-02,2492,569576,62551878,110.5,110.5,109.0,109.5,-1.0,592
2024-09-03,2492,946086,102237282,110.0,110.0,107.0,107.0,-2.5,819
2024-09-04,2492,2926049,299323649,102.5,103.5,100.0,102.0,-5.0,2233
2024-09-05,2492,1482027,151253983,103.5,104.0,100.5,100.5,-1.5,1292
2024-09-06,2492,870741,88304699,101.5,102.5,100.5,101.0,0.5,827
2024-09-09,2492,1333407,132861928,98.7,101.0,98.6,100.5,-0.5,1301
2024-09-10,2492,1613491,159831377,102.0,102.0,97.5,98.0,-2.5,1687
2024-09-11,2492,1271401,126505656,98.1,101.0,98.1,99.5,1.5,963
2024-09-12,2492,2389889,246485855,103.0,104.5,102.0,102.0,2.5,1557
2024-09-13,2492,716134,73486638,103.0,103.5,102.0,102.5,0.5,774
2024-09-16,2492,544776,56151081,102.5,104.0,102.5,103.0,0.5,887
2024-09-18,2492,1112968,113226463,103.0,103.5,100.5,101.0,-2.0,1137
2024-09-19,2492,1266303,130775656,102.0,104.5,101.5,103.5,2.5,986
2024-09-20,2492,1329428,138837046,105.0,105.5,103.5,104.0,0.5,1043
2024-09-23,2492,1100331,115951514,105.0,106.5,104.5,105.5,1.5,1063
2024-09-24,2492,1493139,158729539,106.0,108.0,104.5,107.5,2.0,1138
2024-09-25,2492,3090296,332372888,106.5,109.5,105.0,109.0,1.5,2138
2024-09-26,2492,4014171,444613566,112.0,113.0,109.0,109.5,0.5,2738
2024-09-27,2492,1535401,167939701,110.5,110.5,108.5,109.5,0.0,1230
2024-09-30,2492,846165,91833964,109.5,110.0,107.5,108.0,-1.5,844
2024-10-01,2492,658092,70513902,108.0,109.0,106.5,107.0,-1.0,660
2024-10-04,2492,885661,93802026,106.5,107.5,105.0,105.5,-1.5,869
2024-10-07,2492,705228,75184731,107.0,107.5,106.0,106.5,1.0,775
2024-10-08,2492,1002834,105356416,106.0,106.5,104.0,105.0,-1.5,857
2024-10-09,2492,843755,88886376,106.0,107.0,104.5,104.5,-0.5,680
2024-10-11,2492,730834,76548551,105.5,105.5,104.0,104.0,-0.5,704
2024-10-14,2492,1494180,156118222,104.5,105.5,103.5,105.0,1.0,1092
2024-10-15,2492,1343462,143385798,106.5,108.0,106.0,106.0,1.0,993
2024-10-16,2492,1041436,108891501,104.5,105.5,104.0,104.5,-1.5,986
2024-10-17,2492,773312,81990319,105.0,107.0,105.0,106.0,1.5,659
2024-10-18,2492,780360,82675877,107.0,107.5,105.0,105.0,-1.0,665
2024-10-21,2492,784544,83457016,105.5,107.0,105.5,106.5,1.5,650
2024-10-22,2492,822042,88021043,107.5,107.5,106.0,107.5,1.0,775
2024-10-23,2492,877024,93370483,107.0,107.5,105.5,105.5,-2.0,804
2024-10-24,2492,853414,89535972,105.0,106.0,104.5,104.5,-1.0,761
2024-10-25,2492,755177,79374454,105.0,106.0,104.5,106.0,1.5,638
2024-10-28,2492,810361,84886532,105.5,106.0,104.0,105.0,-1.0,709
2024-10-29,2492,1305125,134180120,104.5,104.5,102.0,102.5,-2.5,1110
2024-10-30,2492,1884540,191104393,103.0,104.0,100.5,101.0,-1.5,1541
2024-11-01,2492,1781636,177985609,98.5,102.0,98.4,102.0,1.0,1400
2024-11-04,2492,786711,79686243,101.5,102.0,100.5,101.0,-1.0,554
2024-11-05,2492,1556146,155874715,100.5,101.5,99.8,99.8,-1.2,1027
2024-11-06,2492,1154982,115736955,100.0,101.5,99.8,100.0,0.2,966
2024-11-07,2492,1719379,176973459,100.5,105.0,100.5,103.5,3.5,1339
2024-11-08,2492,1117830,115609947,105.0,105.5,102.0,102.5,-1.0,942
2024-11-11,2492,863368,87103173,101.0,101.5,100.0,101.0,-1.5,753
2024-11-12,2492,1992129,197471426,99.6,100.0,98.5,98.9,-2.1,2013
2024-11-13,2492,1460856,143858666,98.9,99.4,97.2,98.6,-0.3,1286
2024-11-14,2492,2811938,271661571,98.7,99.2,95.5,95.5,-3.1,2527
2024-11-15,2492,1597935,154129938,96.5,98.4,95.6,95.9,0.4,1328
2024-11-18,2492,1855736,175260219,95.9,96.0,93.5,93.8,-2.1,2038
2024-11-19,2492,1119514,106088960,94.2,95.6,93.8,95.5,1.7,927
2024-11-20,2492,1455341,137692957,95.5,96.0,94.0,94.0,-1.5,1440
2024-11-21,2492,864580,81888799,94.0,95.6,93.8,94.9,0.9,795
2024-11-22,2492,1170541,113202408,95.5,97.7,95.5,96.5,1.6,1258
2024-11-25,2492,1348941,131973891,97.6,98.5,97.0,98.3,1.8,1142
2024-11-26,2492,1730934,170051920,98.7,99.2,97.0,97.2,-1.1,1514
2024-11-27,2492,1252236,119513448,97.2,97.2,94.1,94.1,-3.1,1371
2024-11-28,2492,1441252,134231168,94.2,94.5,91.9,92.9,-1.2,1408
2024-11-29,2492,819468,76389772,92.6,94.4,91.5,94.2,1.3,833
2024-12-02,2492,1182256,112129556,95.1,95.8,94.1,94.1,-0.1,1128
2024-12-03,2492,1716208,165712358,95.4,97.6,95.1,96.7,2.6,1606
2024-12-04,2492,5059551,507838561,96.7,103.0,96.4,102.0,5.3,4375
2024-12-05,2492,6620705,682809384,103.5,106.0,100.5,100.5,-1.5,6116
2024-12-06,2492,1902716,190243275,100.0,101.0,99.2,99.2,-1.3,1994
2024-12-09,2492,1731479,171384929,99.2,100.5,97.6,97.6,-1.6,1576
2024-12-10,2492,1706620,168472670,97.3,100.5,97.0,97.0,-0.6,1411
2024-12-11,2492,1105215,106771946,96.5,97.8,95.6,96.1,-0.9,1227
2024-12-12,2492,967767,92791517,96.6,97.4,95.0,95.0,-1.1,1037
2024-12-13,2492,1598082,149224365,94.4,94.5,92.4,93.0,-2.0,1727
2024-12-16,2492,1339188,124079707,93.2,94.0,91.5,91.6,-1.4,1609
2024-12-17,2492,1515257,140931427,92.1,94.3,92.1,92.2,0.6,1405
2024-12-18,2492,1150132,106936854,92.3,94.2,91.9,93.4,1.2,1230
2024-12-19,2492,1255095,115545700,91.9,93.0,91.7,91.9,-1.5,1864
2024-12-20,2492,1584960,145210950,91.9,92.6,90.9,91.0,-0.9,1319
2024-12-23,2492,1063548,98891265,92.2,93.8,92.2,93.0,2.0,942
2024-12-24,2492,789100,73599620,94.1,94.1,92.6,92.7,-0.3,758
2024-12-25,2492,541439,50445498,93.0,93.6,92.8,93.2,0.5,537
2024-12-26,2492,1162164,109925152,93.8,95.7,93.8,94.3,1.1,1190
2024-12-27,2492,565003,53124168,94.3,94.5,93.7,94.1,-0.2,626
2024-12-30,2492,825051,76769122,94.2,94.2,92.4,92.6,-1.5,1018
2024-12-31,2492,1069474,98189741,91.8,92.5,91.3,92.5,-0.1,1128
2025-01-02,2492,977453,89926097,92.5,93.1,91.3,91.6,-0.9,2098
2025-01-03,2492,1947738,182848500,92.9,95.4,92.9,93.0,1.4,1872
2025-01-06,2492,1331236,125610863,93.8,95.0,93.2,94.7,1.7,1863
2025-01-07,2492,840828,79383072,95.6,96.0,93.6,93.6,-1.1,3556
2025-01-08,2492,547326,51307925,93.3,94.4,93.2,94.0,0.4,1373
2025-01-09,2492,1916577,175889421,94.5,94.5,90.5,90.7,-3.3,3069
2025-01-10,2492,1232542,111144279,90.2,91.4,89.6,89.7,-1.0,1395
2025-01-13,2492,2205048,190913923,88.6,88.6,85.7,86.6,-3.1,2114
2025-01-14,2492,2066160,183354767,86.6,90.0,86.6,89.5,2.9,2248
2025-01-15,2492,2758692,252074502,90.3,92.2,90.0,91.3,1.8,2885
2025-01-16,2492,2989479,277542633,92.0,93.5,91.3,93.0,1.7,2117
2025-01-17,2492,1816633,170157719,93.0,94.6,91.8,94.0,1.0,1777
2025-01-20,2492,906289,84254239,93.5,93.5,92.4,92.4,-1.6,2792
2025-01-21,2492,733518,68470313,92.9,93.8,92.8,93.1,0.7,884
2025-01-22,2492,594840,55236812,93.8,93.8,92.3,92.9,-0.2,2695
2025-02-03,2492,973097,88204155,91.1,92.3,89.8,90.6,-2.3,2562
2025-02-04,2492,1608021,148970891,91.5,94.6,91.1,92.5,1.9,2116
2025-02-05,2492,4137821,394354434,93.4,97.7,93.3,95.5,3.0,4738
2025-02-06,2492,2573723,247538733,97.0,97.9,95.0,95.4,-0.1,6157
2025-02-07,2492,909774,86583595,94.8,95.9,94.6,95.8,0.4,1428
2025-02-10,2492,1224284,117852130,95.6,97.2,95.2,96.0,0.2,2041
2025-02-11,2492,917582,87821077,96.2,96.9,95.1,95.1,-0.9,1856
2025-02-12,2492,779026,74080830,95.9,96.2,94.2,94.3,-0.8,1038
2025-02-13,2492,2127350,205903881,95.1,97.7,95.1,97.3,3.0,1962
2025-02-14,2492,1016016,98486558,97.3,97.4,96.4,97.0,-0.3,2033
2025-02-17,2492,760456,73784684,97.5,97.8,96.5,97.0,0.0,2773
2025-02-18,2492,790574,76876738,97.6,97.6,96.7,97.5,0.5,832
2025-02-19,2492,1770194,173002500,97.5,98.6,96.8,96.8,-0.7,2417
2025-02-20,2492,704690,68474432,96.9,98.0,96.7,96.8,0.0,1097
2025-02-21,2492,2011829,197683959,98.0,99.0,97.4,98.8,2.0,2108
2025-02-24,2492,948018,93295953,98.5,99.5,97.6,98.3,-0.5,2196
2025-02-25,2492,776547,75528255,97.5,98.0,96.9,97.2,-1.1,1274
2025-02-26,2492,542541,52497069,97.1,97.3,96.2,96.6,-0.6,1079
2025-02-27,2492,1090508,104912726,97.3,97.7,95.4,95.9,-0.7,1102
2025-03-03,2492,778013,73617185,94.8,95.8,94.0,94.7,-1.2,911
2025-03-04,2492,874174,82401747,93.2,95.7,92.6,95.6,0.9,990
2025-03-05,2492,674886,64669985,94.9,96.6,94.6,96.6,1.0,1002
2025-03-06,2492,370687,35656592,96.2,96.8,95.7,96.2,-0.4,1203
2025-03-07,2492,465677,44316817,95.3,96.0,94.9,94.9,-1.3,771
2025-03-10,2492,423255,40057949,94.9,95.1,94.3,94.5,-0.4,549
2025-03-11,2492,1551506,142685717,92.7,93.6,90.6,93.5,-1.0,1830
2025-03-12,2492,1075993,102338812,94.1,96.0,93.4,95.4,1.9,976
2025-03-13,2492,651529,61661964,95.6,96.5,93.3,93.4,-2.0,1600
2025-03-14,2492,802100,75937072,94.0,95.6,93.4,95.2,1.8,793
2025-03-17,2492,576235,55349266,95.5,96.8,95.5,95.6,0.4,660
2025-03-18,2492,763914,73852424,96.5,97.3,96.1,96.5,0.9,1442
2025-03-19,2492,871289,83790108,97.0,97.3,95.3,95.4,-1.1,981
2025-03-20,2492,1017771,98915481,96.7,97.7,96.3,97.7,2.3,973
2025-03-21,2492,966561,94354341,97.4,97.7,96.6,97.7,0.0,895
2025-03-24,2492,526344,50995443,97.7,98.3,96.1,96.4,-1.3,1597
2025-03-25,2492,435234,42002365,97.7,98.0,95.8,95.8,-0.6,892
2025-03-26,2492,382295,36802129,95.8,96.8,95.8,96.8,1.0,445
2025-03-27,2492,627750,59906461,96.7,96.7,94.8,95.6,-1.2,1479
2025-03-28,2492,1023973,95388599,95.5,95.5,91.9,92.1,-3.5,3521
2025-03-31,2492,2562255,223046511,88.6,89.3,86.1,86.5,-5.6,2598
2025-04-01,2492,905687,79632375,87.5,88.6,87.0,88.2,1.7,894
2025-04-02,2492,1371263,123818876,88.1,91.9,87.3,91.1,2.9,1278
2025-04-07,2492,383806,31472092,82.0,82.0,82.0,82.0,-9.1,647
2025-04-08,2492,2835968,210001430,74.0,76.4,73.8,73.8,-8.2,2483
2025-04-09,2492,3175450,216406427,70.3,71.2,66.5,66.5,-7.3,2630
2025-04-10,2492,950595,69460774,73.1,73.1,72.2,73.1,6.6,705
2025-04-11,2492,1719459,123582273,70.2,74.0,67.3,74.0,0.9,1472
2025-04-14,2492,1593210,121829365,75.8,78.3,75.2,76.0,2.0,2216
2025-04-15,2492,1359747,106999605,77.4,79.9,77.0,79.9,3.9,1746
2025-04-16,2492,1028196,80168871,79.2,79.2,77.2,77.2,-2.7,1867
2025-04-17,2492,615325,47129137,76.1,77.6,75.7,77.0,-0.2,778
2025-04-18,2492,1193433,93065512,80.0,80.3,76.8,76.9,-0.1,1255
2025-04-21,2492,620685,47257946,77.5,77.6,75.2,75.2,-1.7,996
2025-04-22,2492,806728,60137426,74.3,75.6,73.6,74.0,-1.2,965
2025-04-23,2492,712398,54526939,76.1,77.1,75.9,76.5,2.5,911
2025-04-24,2492,448285,34313969,77.2,77.2,76.0,76.2,-0.3,697
2025-04-25,2492,622822,48388325,78.4,78.8,77.2,77.5,1.3,676
2025-04-28,2492,666847,51995436,78.0,78.5,77.6,78.0,0.5,1376
2025-04-29,2492,741282,58453074,78.1,79.4,77.8,79.1,1.1,958
2025-04-30,2492,894293,70587550,79.2,80.1,78.0,78.1,-1.0,1059
2025-05-02,2492,599624,47470482,79.3,79.7,78.7,79.3,1.2,596
2025-05-05,2492,1152934,89159624,79.3,80.0,75.2,76.8,-2.5,1199
2025-05-06,2492,1266875,99890593,76.8,80.2,76.6,79.0,2.2,1226
2025-05-07,2492,3230965,265280162,79.7,83.5,79.0,82.2,3.2,2782
2025-05-08,2492,3291697,275897576,83.5,85.4,82.3,82.8,0.6,2851
2025-05-09,2492,896508,73812411,82.5,83.2,81.8,82.3,-0.5,858
2025-05-12,2492,755409,62871044,82.3,83.7,82.3,83.1,0.8,708
2025-05-13,2492,956868,80174607,84.8,84.8,83.1,83.5,0.4,853
2025-05-14,2492,876881,73738092,84.1,84.5,83.5,84.5,1.0,826
2025-05-15,2492,555423,46762327,85.0,85.0,83.7,84.0,-0.5,901
2025-05-16,2492,488007,41147796,84.1,84.7,83.7,84.3,0.3,896
2025-05-19,2492,756149,62494198,83.5,83.8,82.0,82.1,-2.2,1244
2025-05-20,2492,555952,45623581,82.3,82.9,81.6,81.8,-0.3,598
2025-05-21,2492,768800,63759522,82.6,83.2,82.0,83.2,1.4,650
2025-05-22,2492,442862,36372269,82.5,82.6,81.6,82.6,-0.6,790
2025-05-23,2492,387352,31840498,82.6,82.6,81.8,81.9,-0.7,417
2025-05-26,2492,529280,43290692,81.3,82.3,81.3,81.8,-0.1,726
2025-05-27,2492,618992,50609519,81.8,82.6,81.2,81.3,-0.5,610
2025-05-28,2492,542540,44410935,82.3,82.9,80.7,81.5,0.2,565
2025-05-29,2492,679860,55894343,82.3,83.3,81.4,81.8,0.3,615
2025-06-02,2492,986021,77927621,80.7,80.7,78.1,78.5,-3.3,1039
2025-06-03,2492,434968,34214199,79.6,79.6,78.1,78.3,-0.2,498
2025-06-04,2492,919137,73795907,78.5,81.3,78.5,80.7,2.4,769
2025-06-05,2492,515067,41463037,80.3,81.3,79.8,80.1,-0.6,610
2025-06-06,2492,557086,45108270,80.3,81.3,80.2,81.2,1.1,696
2025-06-09,2492,632868,51574127,82.2,82.4,80.5,81.2,0.0,758
2025-06-10,2492,832960,68722226,82.2,83.0,81.9,82.5,1.3,875
2025-06-11,2492,619260,51184290,82.6,83.0,82.0,82.9,0.4,756
2025-06-12,2492,346079,28571221,82.9,82.9,82.1,82.2,-0.7,452
2025-06-13,2492,629235,50995844,81.5,81.9,80.1,80.7,-1.5,701
2025-06-16,2492,495219,40044917,80.0,81.6,79.6,81.5,0.8,667
2025-06-17,2492,2544256,213725557,82.6,85.7,82.5,85.5,4.0,2204
2025-06-18,2492,2209710,184576347,83.8,84.7,82.0,83.4,-2.1,2129
2025-06-19,2492,1196076,97793999,83.0,83.1,81.0,81.0,-2.4,1114
2025-06-20,2492,2466706,194815627,81.0,81.0,78.6,78.6,-2.4,1484
2025-06-23,2492,817971,63261950,77.1,78.5,76.3,77.8,-0.8,862
2025-06-24,2492,928250,74000833,78.1,80.5,78.1,79.9,2.1,749
2025-06-25,2492,516567,41563578,81.0,81.0,79.9,80.6,0.7,645
2025-06-26,2492,728011,59339897,80.6,82.3,80.6,81.2,0.6,746
2025-06-27,2492,1303094,107991307,81.8,84.0,81.6,82.3,1.1,1275
2025-06-30,2492,608152,49453742,82.3,82.3,80.7,81.3,-1.0,613
2025-07-01,2492,737057,60636267,81.6,82.9,81.6,81.7,0.4,637
2025-07-02,2492,436759,35848709,82.2,82.5,81.5,81.9,0.2,367
2025-07-03,2492,953529,79604395,82.8,84.0,82.5,83.5,1.6,916
2025-07-04,2492,706742,58287590,84.6,84.6,81.6,81.6,-1.9,676
2025-07-07,2492,522369,42470429,82.0,82.2,80.3,81.1,-0.5,648
2025-07-08,2492,1116176,89760995,81.5,81.5,79.9,80.3,-0.8,994
2025-07-09,2492,654186,51358521,78.0,79.0,77.9,78.7,0.0,628
2025-07-10,2492,611036,48221817,79.5,79.5,78.2,79.2,0.5,672
2025-07-11,2492,505226,40163309,79.5,79.9,78.7,79.6,0.4,565
2025-07-14,2492,497209,39274662,79.8,79.9,78.5,79.2,-0.4,495
2025-07-15,2492,752792,60131437,78.6,80.7,78.4,80.4,1.2,715
2025-07-16,2492,2377121,196426591,81.1,83.8,80.8,82.5,2.1,2054
2025-07-17,2492,1190745,99181508,82.5,84.0,82.2,84.0,1.5,1886
2025-07-18,2492,829269,69623458,84.4,84.7,83.5,83.9,-0.1,1043
2025-07-21,2492,1949766,167279860,83.9,87.3,83.9,86.6,2.7,2302
2025-07-22,2492,3942594,340458021,86.8,89.2,83.5,84.2,-2.4,5380
2025-07-23,2492,1648473,142129222,84.6,87.5,84.5,86.8,2.6,1994
2025-07-24,2492,798561,68600830,86.8,87.1,85.2,86.1,-0.7,1643
2025-07-25,2492,733951,62712192,85.8,86.3,85.0,85.1,-1.0,718
2025-07-28,2492,900147,77537394,86.0,86.7,84.7,86.0,0.9,822
2025-07-29,2492,1160786,100197316,85.8,87.7,85.5,85.5,-0.5,1041
2025-07-30,2492,736318,63359351,86.4,86.6,85.1,86.3,0.8,1025
2025-07-31,2492,912360,77739751,86.0,86.7,84.6,84.9,-1.4,1130
2025-08-01,2492,1438135,122960230,83.5,87.2,82.3,85.4,0.5,1423
2025-08-04,2492,687351,58143788,84.4,85.6,83.5,85.0,-0.4,1551
2025-08-05,2492,1824368,158761768,85.7,88.2,85.7,86.7,1.7,1702
2025-08-06,2492,870676,75112929,87.0,87.2,85.8,85.8,-0.9,1134
2025-08-07,2492,900877,77328700,86.9,86.9,85.0,85.0,-0.8,1388
2025-08-08,2492,3606370,294964276,83.6,83.6,81.1,81.2,-3.8,3030
2025-08-11,2492,896907,72322295,81.0,81.4,79.9,80.5,-0.7,1056
2025-08-12,2492,762797,61422036,80.5,81.1,80.2,80.3,-0.2,812
2025-08-13,2492,1125946,91557150,80.9,82.1,80.4,81.0,0.7,1197
2025-08-14,2492,766331,62142940,81.1,81.7,80.8,80.8,-0.2,1103
2025-08-15,2492,1082497,86941799,80.8,81.1,79.9,80.8,0.0,987
2025-08-18,2492,1187567,96991602,80.6,82.5,80.2,81.6,0.8,1414
2025-08-19,2492,637474,51769128,81.4,82.0,80.9,80.9,-0.7,757
2025-08-20,2492,1310489,104348122,80.8,81.2,79.0,79.3,-1.6,1266
2025-08-21,2492,985127,79802777,80.1,81.9,80.0,81.2,1.9,826
2025-08-22,2492,771866,62679177,81.5,81.8,80.5,81.8,0.6,1047
2025-08-25,2492,1159744,95425791,81.9,83.3,81.7,81.9,0.1,1844
2025-08-26,2492,704303,57332412,81.6,81.9,81.1,81.1,-0.8,1299
2025-08-27,2492,767654,62680781,81.1,82.0,81.1,81.6,0.5,630
2025-08-28,2492,1007577,82745604,82.1,82.7,81.5,81.8,0.2,922
2025-08-29,2492,658647,54247115,82.8,82.9,81.7,82.4,0.6,1064
2025-09-01,2492,1583140,127578725,82.4,82.5,79.6,80.1,-2.3,1824
2025-09-02,2492,745605,59816762,81.4,81.5,79.2,79.5,-0.6,704
2025-09-03,2492,1023610,81189223,79.5,80.0,79.0,79.0,-0.5,1060
2025-09-04,2492,922330,73685921,79.5,80.5,79.2,79.7,0.7,739
2025-09-05,2492,706061,56581242,80.7,80.7,79.4,80.5,0.8,1112
2025-09-08,2492,863209,70298002,80.5,82.3,80.5,81.3,0.8,1073
2025-09-09,2492,667063,54494411,81.8,82.5,81.1,81.7,0.4,1606
2025-09-10,2492,906596,73773955,81.5,81.9,80.6,81.6,-0.1,1201
2025-09-11,2492,838531,67671708,81.5,81.5,80.0,80.0,-1.6,882
2025-09-12,2492,6301293,529887884,81.4,85.5,80.5,84.1,4.1,5124
2025-09-15,2492,1940342,160242774,83.1,83.7,81.6,82.3,-1.8,4489
2025-09-16,2492,2324822,194258890,83.1,84.4,82.7,84.3,2.0,2214
2025-09-17,2492,4553720,389458359,84.9,86.9,84.4,84.6,0.3,4323
2025-09-18,2492,2818403,242476172,85.2,87.0,84.6,87.0,2.4,4464
2025-09-19,2492,9626416,891931096,87.8,95.7,86.6,95.7,8.7,7809
2025-09-22,2492,21801566,2260698580,100.0,105.0,99.6,105.0,9.3,11525
2025-09-23,2492,26669398,2709059937,105.0,105.0,98.8,99.9,-5.1,16100
2025-09-24,2492,38102110,3895933937,99.9,109.5,95.9,109.5,9.6,22890
2025-09-25,2492,29237019,3033483384,108.0,109.0,98.8,100.5,-9.0,20171
2025-09-26,2492,73115176,7824092423,104.5,110.5,103.5,105.5,5.0,44113
2025-09-30,2492,22204576,2292522864,104.0,106.0,101.0,104.5,-1.0,14458
2025-10-01,2492,23028561,2374939627,105.0,108.0,100.0,101.0,-3.5,14542
2025-10-02,2492,9620296,976914825,102.0,103.0,100.0,102.0,1.0,6382
2025-10-03,2492,20267912,2096387477,102.0,106.0,101.0,102.5,0.5,13054
2025-10-07,2492,15611354,1615928495,101.0,106.0,100.5,103.5,1.0,9467
2025-10-08,2492,8072044,836482503,103.5,105.0,102.5,104.0,0.5,5499
2025-10-09,2492,7718382,803897528,105.0,106.0,103.0,103.5,-0.5,4631
2025-10-13,2492,8540616,843728087,99.0,100.5,97.6,99.3,-4.2,7756
2025-10-14,2492,12155987,1175683262,100.0,101.0,94.1,94.7,-4.6,10173
2025-10-15,2492,4035313,383579661,95.1,95.8,94.3,95.1,0.4,4734
2025-10-16,2492,4985641,488593838,95.5,99.7,95.5,98.3,3.2,4965
2025-10-17,2492,23945426,2458607589,99.0,105.0,98.6,103.5,5.2,17588
2025-10-20,2492,39775334,4314720882,106.0,113.5,104.5,113.5,10.0,25572
2025-10-21,2492,58786425,6856177536,115.5,121.0,113.0,113.5,0.0,37599
2025-10-22,2492,21585350,2480656605,113.5,116.5,113.0,115.0,1.5,14356
2025-10-23,2492,76856836,9386209682,113.5,126.5,112.5,123.0,8.0,47374
2025-10-27,2492,37752396,5074870007,134.5,135.0,132.0,135.0,12.0,18779
2025-10-28,2492,49893290,6801242189,136.0,138.5,133.0,138.0,3.0,31428
2025-10-29,2492,42168472,5677601521,141.5,144.5,130.5,131.5,-6.5,29323
2025-10-30,2492,27380640,3533170789,131.0,134.5,125.5,128.0,-3.5,20790
2025-10-31,2492,13568931,1699940697,128.0,129.0,123.5,124.0,-4.0,11399
2025-11-03,2492,16480040,2052525642,126.0,128.0,121.5,123.5,-0.5,11948
2025-11-04,2492,14142138,1699359467,125.0,125.0,117.5,118.5,-5.0,10648
2025-11-05,2492,11558558,1329682784,113.0,117.0,113.0,116.5,-2.0,7396
2025-11-06,2492,8624820,1016883534,117.5,120.5,115.0,120.5,4.0,6370
2025-11-07,2492,7298135,856623786,118.0,118.5,116.0,117.5,-3.0,4955
2025-11-10,2492,9370744,1063007287,117.5,117.5,111.5,113.0,-4.5,6401
2025-11-11,2492,14369958,1698393092,115.0,120.5,115.0,117.5,4.5,10489
2025-11-12,2492,12219680,1452505315,118.5,121.0,116.0,119.0,1.5,9706
2025-11-13,2492,40116534,5152530489,122.5,130.5,121.5,130.5,11.5,22453
2025-11-14,2492,70282671,9163270381,129.5,134.5,124.0,124.5,-6.0,45142
2025-11-17,2492,26637464,3266128424,126.5,128.0,118.0,118.5,-6.0,17438
2025-11-18,2492,24887963,3010003440,116.5,125.0,116.5,118.5,0.0,16278
2025-11-19,2492,27190727,3235903165,119.5,123.5,114.5,118.0,-0.5,17022
2025-11-20,2492,15226378,1854611671,122.0,124.5,119.0,121.5,3.5,9607
2025-11-21,2492,12071486,1442562498,117.5,122.5,117.5,118.5,-3.0,8159
2025-11-24,2492,6870290,819565292,120.0,121.0,117.5,119.0,0.5,5040
2025-11-25,2492,7379158,867429397,120.5,121.5,115.0,117.0,-2.0,5579
2025-11-26,2492,4889527,572706321,118.0,118.5,116.0,117.0,0.0,3689
2025-11-27,2492,5826511,690846486,118.0,120.0,117.0,119.5,2.5,4328
2025-11-28,2492,10562000,1272929387,122.5,124.0,118.5,119.5,0.0,7226
2025-12-01,2492,5598370,650650470,119.5,120.0,115.0,115.0,-4.5,5145
2025-12-02,2492,3984120,454870491,115.0,116.0,113.0,113.5,-1.5,3732
2025-12-03,2492,5782293,674914112,115.0,118.0,115.0,118.0,4.5,4454
2025-12-04,2492,6912620,821478490,118.5,121.0,117.0,118.0,0.0,4948
2025-12-05,2492,4660778,555913062,118.0,121.0,117.5,120.0,2.0,3346
2025-12-08,2492,5454970,653790140,120.0,121.0,118.0,120.5,0.5,4064
2025-12-09,2492,5235900,628024976,121.5,121.5,119.0,119.0,-1.5,3807
2025-12-10,2492,27528535,3475828627,120.0,129.5,119.5,127.0,8.0,19787
2025-12-11,2492,16140824,2002789956,128.0,128.5,120.5,121.0,-6.0,12616
2025-12-12,2492,6250754,751883724,122.0,122.5,119.0,120.0,-1.0,4566
2025-12-15,2492,5412413,631930422,117.5,119.0,115.5,117.0,-3.0,4990
2025-12-16,2492,5546517,629677021,116.0,116.5,111.0,113.5,-3.5,5376
2025-12-17,2492,3649037,415017441,113.5,115.0,113.0,113.5,0.0,2990
2025-12-18,2492,3574804,410169748,113.0,116.5,113.0,114.5,1.0,2931
2025-12-19,2492,3590259,414819680,116.5,117.5,114.0,115.0,0.5,2753
2025-12-22,2492,2297468,267279554,116.0,117.0,115.5,116.5,1.5,2110
2025-12-23,2492,2518255,294218394,117.5,118.5,115.5,116.0,-0.5,2191
2025-12-24,2492,4268730,498092326,116.5,119.5,115.0,115.5,-0.5,3556
2025-12-26,2492,2919100,339137080,116.5,117.0,115.0,116.5,1.0,2342
2025-12-29,2492,3492668,403425270,117.5,118.5,114.0,114.0,-2.5,3519
2025-12-30,2492,2614882,299071108,114.0,116.0,112.5,115.5,1.5,2328
2025-12-31,2492,3817777,444633621,115.0,118.0,114.5,117.0,1.5,3329
2026-01-02,2492,17737104,2174871575,118.0,126.0,117.5,124.5,7.5,13523
2026-01-05,2492,17278126,2165082834,126.5,128.0,122.0,124.0,-0.5,13572
2026-01-06,2492,19223728,2456252030,124.0,130.5,123.5,129.5,5.5,14351
2026-01-07,2492,21729525,2852121393,130.0,134.0,128.0,132.0,2.5,15222
2026-01-08,2492,11622622,1458101081,132.0,132.5,122.0,122.5,-9.5,10961
2026-01-09,2492,9011470,1108524896,123.5,126.0,120.0,124.0,1.5,6264
2026-01-12,2492,8629727,1094306587,125.0,130.0,124.0,125.0,1.0,6343
2026-01-13,2492,14816098,1890112905,126.0,131.0,123.5,131.0,6.0,11153
2026-01-14,2492,51337837,7013220316,136.0,141.0,132.0,134.5,3.5,34317
2026-01-15,2492,17618642,2377304304,135.0,138.0,133.0,134.0,-0.5,16197
2026-01-16,2492,15123000,2001593401,135.0,136.0,128.5,133.5,-0.5,11364
2026-01-19,2492,41122514,5813931403,134.0,146.5,131.5,146.5,13.0,28394
2026-01-20,2492,38241924,5562688177,146.0,148.5,141.5,148.0,1.5,24370
2026-01-21,2492,37039046,5399438364,146.0,152.5,140.0,143.5,-4.5,24237
2026-01-22,2492,15552685,2426680121,150.5,157.5,150.5,157.5,14.0,8740
2026-01-23,2492,53017890,8241926510,163.5,165.5,148.0,153.5,-4.0,33187
2026-01-26,2492,18360498,2767132637,154.5,155.5,148.0,149.5,-4.0,14179
2026-01-27,2492,15585325,2352248838,150.5,153.5,148.0,152.5,3.0,12611
2026-01-28,2492,18172681,2699832534,155.0,155.5,145.0,146.5,-6.0,16224
2026-01-29,2492,15593660,2199648936,147.0,147.5,138.5,140.5,-6.0,14527
2026-01-30,2492,11625568,1601080149,139.5,142.0,135.0,136.5,-4.0,10803
2026-02-02,2492,9752961,1254522695,132.0,133.0,126.0,126.5,-10.0,8604
2026-02-03,2492,6219531,799938624,132.0,132.5,125.0,129.0,2.5,5895
2026-02-04,2492,6253796,812350570,127.5,131.5,126.5,131.0,2.0,4795
2026-02-05,2492,5267708,670155422,129.0,130.5,125.0,125.0,-6.0,5043
2026-02-06,2492,5298488,644608494,124.0,124.0,119.0,122.0,-3.0,4687
2026-02-09,2492,4637732,572082734,127.0,127.0,121.5,122.0,0.0,3686
2026-02-10,2492,4542402,565967029,126.0,127.0,123.0,123.5,1.5,3697
2026-02-11,2492,3550902,437659739,123.5,124.5,122.0,123.5,0.0,3311
2026-02-23,2492,7575504,1020284183,131.0,135.5,131.0,135.5,12.0,4070
2026-02-24,2492,19827616,2907998038,139.0,149.0,138.0,149.0,13.5,11227
2026-02-25,2492,47272551,7334794468,153.0,159.5,151.0,156.0,7.0,30859
2026-02-26,2492,17845065,2723148627,156.5,157.0,147.0,156.0,0.0,18375
2026-03-02,2492,10645482,1589002148,144.5,154.0,144.5,148.0,-8.0,10799
2026-03-03,2492,13165089,1905647859,149.0,152.0,139.5,140.0,-8.0,11059
2026-03-04,2492,10658665,1389211697,135.5,137.5,126.5,128.0,-12.0,8994
2026-03-05,2492,7384940,980412714,133.5,136.0,129.0,131.5,3.5,5847
2026-03-06,2492,5286985,708878347,131.5,137.0,130.0,134.0,2.5,4458
2026-03-09,2492,6624298,809856680,123.0,125.0,121.0,123.0,-11.0,6114
2026-03-10,2492,5055499,642391183,127.5,128.5,125.5,127.0,4.0,4404
2026-03-11,2492,4373219,571364316,128.5,131.5,128.5,131.0,4.0,4296
2026-03-12,2492,5109468,645427463,129.0,130.0,124.0,125.0,-6.0,5384
2026-03-13,2492,6122436,785301195,122.5,130.5,122.5,129.5,4.5,5498
2026-03-16,2492,3788227,489815387,129.5,131.0,127.5,130.5,1.0,3512
2026-03-17,2492,23460281,3252294504,132.5,143.5,131.0,143.5,13.0,16654
2026-03-18,2492,27760276,3919314182,144.0,146.5,138.0,141.5,-2.0,18112
2026-03-19,2492,8861567,1229552034,138.5,142.5,136.5,137.0,-4.5,7141
2026-03-20,2492,10699040,1439549478,139.0,142.5,130.5,131.5,-5.5,9072
2026-03-23,2492,6028902,749708084,125.5,126.5,123.0,123.5,-8.0,6026
2026-03-24,2492,5476513,680891119,128.0,128.0,120.5,124.0,0.5,4533
2026-03-25,2492,4078190,523851868,127.5,130.0,127.0,128.5,4.5,3656
2026-03-26,2492,4130200,532219852,129.0,131.5,126.0,126.5,-2.0,3694
2026-03-27,2492,3908410,488457914,124.0,128.5,122.5,128.0,1.5,3264
2026-03-30,2492,3656412,450326296,124.5,125.0,121.0,124.5,-3.5,3493
2026-03-31,2492,6897274,826055764,124.5,126.0,116.5,117.0,-7.5,5645
2026-04-01,2492,5680016,680868367,122.0,123.0,117.5,118.0,1.0,4224
2026-04-02,2492,6454502,752905749,120.0,120.5,114.0,114.0,-4.0,4850
2026-04-07,2492,5832059,671724530,114.5,117.0,113.0,114.0,0.0,4094
2026-04-08,2492,7556098,911229113,117.5,122.5,117.0,121.0,7.0,5845
2026-04-09,2492,5906074,726426954,121.5,125.0,120.5,123.5,2.5,5422
2026-04-10,2492,8700780,1122906130,126.5,131.5,126.0,128.5,5.0,7392
2026-04-13,2492,19676347,2683305948,135.5,140.0,132.0,136.0,7.5,14832
2026-04-14,2492,25782293,3641642790,138.0,146.0,137.0,143.0,7.0,18820
2026-04-15,2492,23964264,3490595679,147.0,151.0,141.5,144.5,1.5,17814
2026-04-16,2492,20871920,3108815742,143.5,154.0,138.5,148.5,4.0,16600
2026-04-17,2492,17416192,2607261294,149.0,154.0,146.0,147.0,-1.5,14015
2026-04-20,2492,11547192,1726561322,148.0,152.0,146.5,149.5,2.5,10129
2026-04-21,2492,8594063,1278099593,149.5,151.5,146.5,149.0,-0.5,7816
2026-04-22,2492,9659090,1396315712,149.0,149.0,142.0,142.5,-6.5,9787
2026-04-23,2492,13436034,1790913776,143.0,143.5,128.5,130.0,-12.5,12658
2026-04-24,2492,4973465,647952823,131.0,133.0,127.0,130.0,0.0,5034
2026-04-27,2492,7231292,924180157,130.0,130.5,124.0,129.5,-0.5,5683
2026-04-28,2492,8863372,1236609010,130.5,142.0,129.5,142.0,12.5,6501
2026-04-29,2492,12350388,1690063354,140.0,141.5,134.0,134.5,-7.5,9245
2026-04-30,2492,9215847,1228649452,134.5,136.5,131.0,131.5,-3.0,6546
2026-05-04,2492,11128256,1546473152,134.0,143.5,131.5,138.5,7.0,8686
2026-05-05,2492,18326906,2688874912,138.0,149.5,137.0,148.5,10.0,12841
2026-05-06,2492,19365445,2908707910,153.0,155.0,144.5,147.0,-1.5,13772
2026-05-07,2492,41249198,6549079931,150.0,161.5,146.5,160.0,13.0,30963
2026-05-08,2492,39690340,6311897746,159.5,164.5,152.5,156.0,-4.0,31505
2026-05-11,2492,30310516,5062823576,158.5,171.5,151.5,171.5,15.5,26858
2026-05-12,2492,41347149,7441840402,175.0,188.5,167.5,188.5,17.0,31360
2026-05-13,2492,56730671,11032355176,184.5,205.0,181.5,200.0,11.5,42136
2026-05-14,2492,29663284,6517701634,220.0,220.0,215.5,220.0,20.0,24188
2026-05-15,2492,12674629,2731252996,215.0,222.5,204.5,206.0,-14.0,12998
2026-05-18,2492,9025333,1925725664,210.0,219.0,206.0,217.5,11.5,8951
2026-05-19,2492,8932066,1956824903,213.0,222.0,213.0,220.0,2.5,7929
2026-05-20,2492,9973393,2368693701,224.0,242.0,224.0,242.0,22.0,10576
2026-05-21,2492,7192627,1903420095,259.5,266.0,259.5,266.0,24.0,8074
2026-05-22,2492,11024695,3172668011,280.5,292.5,280.5,292.5,26.5,10674
2026-05-25,2492,5847721,1859499062,306.0,321.5,306.0,321.5,29.0,6902
2026-05-26,2492,14055050,4328309734,303.0,330.0,289.5,328.5,7.0,16365
2026-05-27,2492,5324682,1904385745,345.0,361.0,345.0,361.0,32.5,6122
2026-05-28,2492,5997371,2340952161,355.0,397.0,355.0,390.0,29.0,6519
2026-05-29,2492,4526922,1783218722,410.0,411.5,384.0,394.0,4.0,5157
2026-06-01,2492,4963186,2118928535,408.0,433.0,408.0,416.0,22.0,5018
2026-06-02,2492,8894706,3500145897,391.0,456.0,374.5,456.0,40.0,8946
2026-06-03,2492,3424096,1471557263,446.0,450.5,422.0,423.0,-33.0,6095
2026-06-04,2492,3097523,1237611073,392.0,405.0,392.0,392.0,-31.0,4866
2026-06-05,2492,4462116,1785712578,374.0,422.0,353.5,416.0,24.0,5281
2026-06-08,2492,3269772,1276031255,374.5,412.0,374.5,400.0,-16.0,4430
2026-06-09,2492,4116054,1787924177,410.5,440.0,410.5,440.0,40.0,5198
2026-06-10,2492,5260917,2408901723,450.0,482.5,407.5,407.5,-32.5,7227
2026-06-11,2492,4237024,1651360121,408.0,417.5,371.5,417.5,10.0,6449
2026-06-12,2492,4205903,1801770826,457.5,457.5,409.0,409.0,-8.5,5108
2026-06-15,2492,2578977,1156395999,445.0,449.5,445.0,449.5,40.5,4027
2026-06-16,2492,6902708,3378044109,460.0,494.0,460.0,494.0,44.5,7731
2026-06-17,2492,5978478,3174771699,487.5,542.0,487.5,542.0,48.0,7283
2026-06-18,2492,68149740,37758460036,537.0,590.0,501.0,561.0,19.0,65998
2026-06-22,2492,20258065,12292491153,616.0,617.0,575.0,617.0,56.0,19350
2026-06-23,2492,39042213,23270434941,645.0,645.0,570.0,577.0,-40.0,46723
2026-06-24,2492,3618797,2081874482,554.0,597.0,553.0,590.0,13.0,4789
2026-06-25,2492,2300664,1361927286,605.0,605.0,580.0,599.0,9.0,4070
2026-06-26,2492,3367708,1855222173,579.0,585.0,540.0,540.0,-59.0,8134
2026-06-29,2492,4254951,2160764685,534.0,540.0,487.0,514.0,-26.0,6505
2026-06-30,2492,2030217,1126298456,529.0,565.0,529.0,565.0,51.0,3106
2026-07-01,2492,4309018,2605348964,598.0,611.0,598.0,603.0,38.0,5897
2026-07-02,2492,1657205,949269998,581.0,595.0,561.0,561.0,-42.0,4083
2026-07-03,2492,2138495,1188369369,540.0,584.0,532.0,563.0,2.0,4038
2026-07-06,2492,1492056,824946878,590.0,590.0,530.0,557.0,-6.0,3593
2026-07-07,2492,1961509,1018166978,557.0,565.0,502.0,502.0,-55.0,6168
2026-07-08,2492,23886204,11403779507,510.0,511.0,452.5,474.0,-28.0,27186
2026-07-09,2492,13817712,6667622603,481.0,505.0,462.0,465.5,0.0,17833
2026-07-13,2492,16911261,7333804444,473.5,478.5,419.0,419.0,-46.5,22635
2026-07-14,2492,29328966,11493923094,406.0,422.5,377.5,390.0,-29.0,23882
2026-07-15,2492,23095183,8795388513,395.0,395.0,370.5,379.0,-11.0,25539
2026-07-16,2492,4801640,1704719764,364.0,375.0,341.5,341.5,-37.5,5753
2026-07-17,2492,3561269,1095089740,307.5,307.5,307.5,307.5,-34.0,3413
2026-07-20,2492,1274622,357896686,288.0,288.0,277.0,277.0,-30.5,3274
2026-07-21,2492,12267489,3189802166,260.0,276.0,250.0,273.0,-4.0,8502
2026-07-22,2492,3034681,910404300,300.0,300.0,300.0,300.0,27.0,1898
2026-07-23,2492,5451372,1595085443,293.0,300.0,282.0,300.0,0.0,4976
2026-07-24,2492,4068246,1135488560,291.5,293.0,272.5,274.0,-26.0,4327
2026-07-27,2492,3254875,829808400,270.0,272.0,247.0,272.0,-2.0,3401
2026-07-28,2492,1820437,446583258,247.0,247.0,245.0,245.0,-27.0,2914
2026-07-29,2492,1649731,369611968,234.5,234.5,220.5,220.5,-24.5,2381
2026-07-30,2492,4859472,992990206,204.0,220.5,198.5,198.5,-22.0,5504
2026-07-31,2492,1518226,330867332,218.0,218.0,218.0,218.0,19.5,1883
2026-08-03,2492,2272565,542138381,226.5,239.5,226.5,239.5,21.5,1641
2026-08-04,2492,33258827,8513298893,251.0,263.0,243.5,259.5,20.0,28227
2026-08-05,2492,43709111,11614348943,274.0,283.5,254.0,259.5,0.0,35729
2026-08-06,2492,25568745,6350907686,256.0,259.5,236.5,256.5,-3.0,23827
2026-08-07,2492,11332617,2823365265,254.5,259.0,243.5,251.0,-5.5,13854
2026-08-10,2492,27531473,7275201713,255.0,273.5,255.0,273.5,22.5,26047
2026-08-11,2492,54246797,15892164766,271.0,300.5,270.0,300.5,27.0,47427
2026-08-12,2492,66915986,19864853592,298.0,312.0,288.0,288.0,-12.5,70817
2026-08-13,2492,26770032,8282958144,299.0,316.5,298.0,316.5,28.5,21950
2026-08-14,2492,49331567,15366596985,321.0,322.0,301.0,302.5,-14.0,49690
2026-08-17,2492,26783736,7846084126,298.0,299.5,288.0,291.5,-11.0,27168
2026-08-18,2492,22180113,6435691528,292.0,301.0,281.0,282.0,-9.5,22635
2026-08-19,2492,46494666,13865966935,270.0,308.5,270.0,298.0,16.0,44234
2026-08-20,2492,45606482,12826919540,300.0,301.0,271.0,272.5,-25.5,58710
2026-08-21,2492,24706670,6621196543,274.0,277.0,262.5,266.0,-6.5,25747
2026-08-24,2492,11549095,3120523884,266.0,276.0,264.5,265.0,-1.0,13120
2026-08-25,2492,11953634,3086375307,262.5,268.0,251.0,268.0,3.0,14882
2026-08-26,2492,11351766,3006623315,263.0,270.0,259.5,269.5,1.5,14837
2026-08-27,2492,32253690,8987758331,274.5,290.0,264.5,285.0,15.5,31280
2026-08-28,2492,52649209,16202989324,299.5,313.5,295.5,313.5,28.5,52945
2026-08-31,2492,58056761,17294041457,308.0,316.5,282.5,295.0,-18.5,51865
2026-09-01,2492,35972775,10994933472,295.5,317.0,294.0,302.5,7.5,44795
2026-09-02,2492,17530839,5196955425,296.0,302.5,291.0,293.0,-9.5,32283
2026-09-03,2492,22304424,6290369925,295.5,296.0,270.0,271.5,-21.5,35887
2026-09-04,2492,27375569,8064570394,282.5,298.5,282.5,298.5,27.0,26725
2026-09-07,2492,47400166,15193624450,310.0,328.0,309.5,323.0,24.5,57041
2026-09-08,2492,25418303,7992320153,313.0,320.0,309.5,318.5,-4.5,39491
2026-09-09,2492,26073976,8271112369,319.0,323.0,312.0,319.5,1.0,26199
2026-09-10,2492,42694132,13699211612,316.5,344.0,303.0,334.0,14.5,42611
2026-09-11,2492,57397388,18657849768,320.5,340.0,310.0,311.5,-22.5,56712
2026-09-14,2492,28422433,8525835772,303.0,309.5,291.0,305.5,-6.0,39246
2026-09-15,2492,21610352,6628801351,305.5,315.5,300.0,300.0,-5.5,22569
2026-09-16,2492,15103377,4565724323,304.0,307.5,295.5,307.5,7.5,22137
2026-09-17,2492,21642767,6562759242,309.0,314.5,295.0,297.0,-10.5,29065
2026-09-18,2492,15512592,4756120393,305.0,311.0,300.0,309.5,12.5,17729
2026-09-21,2492,22904042,7219142937,311.5,326.0,307.5,308.5,-1.0,32105
2026-09-22,2492,21974598,6936323892,318.5,324.0,310.5,311.0,2.5,33575
2026-09-23,2492,19018789,5915646644,314.5,322.5,304.0,306.0,-5.0,27572
2026-09-24,2492,15596998,4851808656,305.0,315.5,302.0,311.5,5.5,18075
