date,stock_id,Trading_Volume,Trading_money,open,max,min,close,spread,Trading_turnover
2016-09-29,2705,331656,2903443,8.71,8.81,8.71,8.73,0.02,107
2016-09-30,2705,261764,2300106,8.79,8.82,8.74,8.77,0.04,111
2016-10-03,2705,250879,2207693,8.78,8.82,8.77,8.79,0.02,115
2016-10-04,2705,198203,1738373,8.79,8.83,8.72,8.83,0.04,60
2016-10-05,2705,158841,1403217,8.83,8.85,8.8,8.84,0.01,53
2016-10-06,2705,419092,3733366,8.88,9.0,8.84,8.93,0.09,138
2016-10-07,2705,231117,2060647,8.93,8.98,8.86,8.87,-0.06,97
2016-10-11,2705,165472,1450447,8.87,8.88,8.72,8.74,-0.13,84
2016-10-12,2705,97095,846763,8.65,8.78,8.65,8.74,0.0,42
2016-10-13,2705,225734,1962100,8.66,8.74,8.66,8.7,-0.04,95
2016-10-14,2705,167371,1450930,8.7,8.7,8.6,8.69,-0.01,102
2016-10-17,2705,78479,677290,8.69,8.69,8.6,8.65,-0.04,77
2016-10-18,2705,71799,619118,8.65,8.65,8.61,8.63,-0.02,57
2016-10-19,2705,118709,1022882,8.7,8.7,8.6,8.61,-0.02,81
2016-10-20,2705,160065,1379191,8.6,8.63,8.6,8.61,0.0,80
2016-10-21,2705,220552,1895017,8.61,8.65,8.52,8.62,0.01,94
2016-10-24,2705,58250,501873,8.6,8.65,8.6,8.63,0.01,42
2016-10-25,2705,223206,1921397,8.6,8.63,8.6,8.6,-0.03,62
2016-10-26,2705,115021,986762,8.57,8.61,8.56,8.6,0.0,78
2016-10-27,2705,50552,435239,8.62,8.63,8.6,8.61,0.01,43
2016-10-28,2705,68525,590158,8.62,8.63,8.6,8.61,0.0,61
2016-10-31,2705,254983,2173262,8.61,8.61,8.5,8.54,-0.07,102
2016-11-01,2705,204456,1754045,8.57,8.61,8.53,8.58,0.04,75
2016-11-02,2705,264573,2257050,8.52,8.62,8.51,8.52,-0.06,94
2016-11-03,2705,164832,1404832,8.52,8.56,8.51,8.52,0.0,100
2016-11-04,2705,166327,1415830,8.5,8.53,8.49,8.51,-0.01,63
2016-11-07,2705,149992,1280487,8.52,8.6,8.5,8.51,0.0,82
2016-11-08,2705,423146,3565546,8.51,8.51,8.31,8.34,-0.17,154
2016-11-09,2705,1066091,8458612,8.34,8.37,7.6,7.88,-0.46,363
2016-11-10,2705,362375,2931619,8.05,8.19,8.05,8.14,0.26,123
2016-11-11,2705,325747,2582243,8.14,8.14,7.86,8.0,-0.14,98
2016-11-14,2705,152925,1216887,8.01,8.01,7.92,7.96,-0.04,75
2016-11-15,2705,208105,1660715,7.96,8.05,7.95,8.0,0.04,83
2016-11-16,2705,127447,1021793,8.0,8.05,8.0,8.03,0.03,53
2016-11-17,2705,222022,1765440,8.03,8.03,7.9,7.95,-0.08,78
2016-11-18,2705,125569,1002202,8.0,8.02,7.96,8.01,0.06,46
2016-11-21,2705,152481,1225858,8.03,8.08,8.01,8.02,0.01,81
2016-11-22,2705,158321,1270288,8.02,8.05,8.01,8.02,0.0,76
2016-11-23,2705,231938,1857474,8.01,8.04,7.98,7.98,-0.04,103
2016-11-24,2705,273462,2171443,7.97,7.97,7.91,7.95,-0.03,105
2016-11-25,2705,148031,1171571,7.97,7.97,7.9,7.93,-0.02,65
2016-11-28,2705,274679,2185095,7.93,7.99,7.91,7.99,0.06,125
2016-11-29,2705,262625,2098091,7.93,8.02,7.93,8.0,0.01,121
2016-11-30,2705,619704,5032872,8.0,8.2,7.96,8.16,0.16,240
2016-12-01,2705,337510,2774915,8.23,8.27,8.18,8.24,0.08,150
2016-12-02,2705,226011,1839895,8.2,8.24,8.07,8.11,-0.13,114
2016-12-05,2705,204229,1642202,8.13,8.13,8.01,8.06,-0.05,129
2016-12-06,2705,118199,951549,8.12,8.12,8.02,8.02,-0.04,79
2016-12-07,2705,87512,701801,8.02,8.03,8.01,8.02,0.0,66
2016-12-08,2705,165998,1334574,8.1,8.1,8.02,8.07,0.05,122
2016-12-09,2705,94904,763692,8.05,8.07,8.03,8.05,-0.02,58
2016-12-12,2705,157711,1266107,8.03,8.05,8.01,8.05,0.0,86
2016-12-13,2705,151832,1221646,8.08,8.08,8.02,8.06,0.01,83
2016-12-14,2705,214602,1721358,8.06,8.06,8.0,8.03,-0.03,107
2016-12-15,2705,214861,1714894,8.03,8.03,7.91,8.0,-0.03,107
2016-12-16,2705,106023,849554,8.03,8.04,8.0,8.04,0.04,51
2016-12-19,2705,92985,746156,8.07,8.07,7.97,8.04,0.0,58
2016-12-20,2705,54676,438826,8.04,8.05,8.0,8.02,-0.02,58
2016-12-21,2705,154899,1239832,8.03,8.04,7.98,8.03,0.01,78
2016-12-22,2705,1967921,16041922,8.0,8.28,8.0,8.26,0.23,519
2016-12-23,2705,373242,3061098,8.3,8.34,8.15,8.15,-0.11,141
2016-12-26,2705,203505,1667868,8.16,8.24,8.16,8.21,0.06,97
2016-12-27,2705,168484,1369674,8.21,8.21,8.11,8.11,-0.1,80
2016-12-28,2705,268207,2167003,8.09,8.15,8.02,8.06,-0.05,119
2016-12-29,2705,847507,7027502,8.03,8.5,8.03,8.28,0.22,272
2016-12-30,2705,512707,4222581,8.3,8.32,8.15,8.15,-0.13,183
2017-01-03,2705,193480,1577926,8.15,8.19,8.13,8.16,0.01,79
2017-01-04,2705,226327,1838612,8.16,8.16,8.1,8.16,0.0,90
2017-01-05,2705,208254,1707976,8.16,8.22,8.16,8.18,0.02,74
2017-01-06,2705,172095,1407876,8.19,8.2,8.16,8.18,0.0,65
2017-01-09,2705,226248,1836080,8.18,8.22,8.06,8.15,-0.03,85
2017-01-10,2705,117199,951386,8.1,8.15,8.1,8.12,-0.03,62
2017-01-11,2705,401371,3277101,8.16,8.21,8.13,8.15,0.03,144
2017-01-12,2705,433511,3522013,8.21,8.21,8.08,8.13,-0.02,145
2017-01-13,2705,518185,4168648,8.13,8.13,8.02,8.04,-0.09,200
2017-01-16,2705,309905,2486133,8.02,8.09,8.01,8.03,-0.01,105
2017-01-17,2705,129113,1037120,8.04,8.05,8.01,8.03,0.0,63
2017-01-18,2705,297610,2404438,8.05,8.11,8.05,8.07,0.04,163
2017-01-19,2705,253503,2052037,8.11,8.12,8.07,8.1,0.03,98
2017-01-20,2705,355355,2898282,8.11,8.19,8.11,8.15,0.05,149
2017-01-23,2705,270817,2214001,8.18,8.24,8.15,8.15,0.0,121
2017-01-24,2705,340120,2766548,8.14,8.18,8.11,8.13,-0.02,119
2017-02-02,2705,863339,7123091,8.2,8.35,8.15,8.25,0.12,305
2017-02-03,2705,639560,5304286,8.28,8.33,8.26,8.3,0.05,280
2017-02-06,2705,1511115,12863942,8.3,8.63,8.3,8.55,0.25,560
2017-02-07,2705,913877,7924388,8.55,8.74,8.55,8.68,0.13,599
2017-02-08,2705,2248976,19935764,8.73,8.94,8.73,8.85,0.17,1782
2017-02-09,2705,1606853,14087592,8.93,8.93,8.64,8.68,-0.17,1359
2017-02-10,2705,549663,4767885,8.69,8.77,8.64,8.66,-0.02,490
2017-02-13,2705,396027,3442428,8.68,8.73,8.66,8.69,0.03,404
2017-02-14,2705,496393,4294904,8.72,8.72,8.62,8.65,-0.04,294
2017-02-15,2705,1379796,12257399,8.82,8.99,8.82,8.9,0.25,703
2017-02-16,2705,586909,5157035,8.95,8.95,8.71,8.78,-0.12,367
2017-02-17,2705,303427,2664966,8.77,8.81,8.73,8.79,0.01,211
2017-02-18,2705,217393,1908721,8.8,8.84,8.75,8.82,0.03,190
2017-02-20,2705,298490,2621722,8.83,8.87,8.75,8.75,-0.07,281
2017-02-21,2705,353746,3082500,8.71,8.79,8.69,8.71,-0.04,231
2017-02-22,2705,303116,2643929,8.71,8.77,8.69,8.73,0.02,207
2017-02-23,2705,269360,2350237,8.73,8.76,8.71,8.74,0.01,139
2017-02-24,2705,240458,2094092,8.78,8.78,8.7,8.7,-0.04,177
2017-03-01,2705,331856,2891028,8.76,8.76,8.7,8.71,0.01,195
2017-03-02,2705,255097,2216850,8.78,8.78,8.65,8.67,-0.04,186
2017-03-03,2705,185284,1600528,8.67,8.72,8.61,8.62,-0.05,142
2017-03-06,2705,229248,1971409,8.6,8.62,8.58,8.6,-0.02,246
2017-03-07,2705,336806,2902785,8.6,8.68,8.6,8.65,0.05,187
2017-03-08,2705,111718,966543,8.68,8.68,8.62,8.66,0.01,117
2017-03-09,2705,307776,2645177,8.66,8.66,8.57,8.58,-0.08,227
2017-03-10,2705,236799,2015456,8.58,8.59,8.48,8.51,-0.07,178
2017-03-13,2705,177868,1506506,8.45,8.52,8.42,8.52,0.01,220
2017-03-14,2705,267264,2292090,8.54,8.61,8.53,8.6,0.08,177
2017-03-15,2705,210275,1804551,8.6,8.63,8.52,8.63,0.03,134
2017-03-16,2705,304655,2632149,8.6,8.7,8.58,8.62,-0.01,208
2017-03-17,2705,238625,2054604,8.69,8.69,8.59,8.61,-0.01,160
2017-03-20,2705,235487,2031464,8.61,8.7,8.59,8.6,-0.01,159
2017-03-21,2705,265523,2264786,8.56,8.58,8.5,8.5,-0.1,201
2017-03-22,2705,164142,1396292,8.5,8.53,8.49,8.53,0.03,106
2017-03-23,2705,301510,2564783,8.53,8.57,8.49,8.53,0.0,179
2017-03-24,2705,93902,800330,8.57,8.57,8.5,8.54,0.01,115
2017-03-27,2705,115701,985286,8.51,8.55,8.5,8.5,-0.04,169
2017-03-28,2705,161158,1367920,8.5,8.55,8.45,8.52,0.02,143
2017-03-29,2705,139838,1185179,8.51,8.53,8.45,8.5,-0.02,157
2017-03-30,2705,192439,1625296,8.47,8.5,8.41,8.48,-0.02,134
2017-03-31,2705,225886,1911254,8.48,8.5,8.42,8.48,0.0,151
2017-04-05,2705,316201,2667217,8.5,8.52,8.39,8.41,-0.07,404
2017-04-06,2705,153784,1290841,8.39,8.43,8.37,8.38,-0.03,234
2017-04-07,2705,123682,1038344,8.39,8.45,8.38,8.39,0.01,129
2017-04-10,2705,320498,2663493,8.35,8.42,8.21,8.29,-0.1,364
2017-04-11,2705,597484,4875957,8.3,8.3,8.11,8.13,-0.16,320
2017-04-12,2705,295019,2428198,8.19,8.29,8.15,8.25,0.12,428
2017-04-13,2705,132675,1089509,8.25,8.27,8.18,8.2,-0.05,255
2017-04-14,2705,244468,1990389,8.2,8.2,8.12,8.14,-0.06,198
2017-04-17,2705,155384,1259407,8.14,8.19,8.06,8.12,-0.02,165
2017-04-18,2705,160883,1307827,8.14,8.15,8.12,8.13,0.01,186
2017-04-19,2705,233099,1879490,8.13,8.13,8.0,8.08,-0.05,235
2017-04-20,2705,409945,3289302,8.02,8.07,8.0,8.03,-0.05,162
2017-04-21,2705,145824,1175722,8.06,8.1,8.04,8.07,0.04,100
2017-04-24,2705,66301,533286,8.08,8.08,8.03,8.04,-0.03,54
2017-04-25,2705,254362,2047165,8.04,8.11,8.01,8.08,0.04,113
2017-04-26,2705,120782,973886,8.09,8.09,8.03,8.05,-0.03,76
2017-04-27,2705,235197,1887616,8.05,8.07,7.99,8.03,-0.02,111
2017-04-28,2705,294715,2391637,8.03,8.24,8.01,8.19,0.16,137
2017-05-02,2705,124801,1012873,8.19,8.19,8.05,8.1,-0.09,83
2017-05-03,2705,121390,979430,8.18,8.18,8.04,8.04,-0.06,83
2017-05-04,2705,234613,1893651,8.09,8.1,8.04,8.1,0.06,84
2017-05-05,2705,149246,1203484,8.1,8.1,8.04,8.04,-0.06,85
2017-05-08,2705,132525,1066129,8.06,8.07,8.03,8.04,0.0,76
2017-05-09,2705,303180,2434809,8.02,8.07,8.0,8.02,-0.02,99
2017-05-10,2705,350321,2808498,7.98,8.03,7.98,8.01,-0.01,129
2017-05-11,2705,47257,379526,8.01,8.07,8.01,8.04,0.03,36
2017-05-12,2705,221218,1791941,8.07,8.19,8.03,8.16,0.12,120
2017-05-15,2705,158493,1290567,8.13,8.18,8.11,8.15,-0.01,74
2017-05-16,2705,279650,2273102,8.17,8.18,8.05,8.17,0.02,108
2017-05-17,2705,205924,1673669,8.14,8.19,8.06,8.1,-0.07,95
2017-05-18,2705,65487,531729,8.16,8.16,8.07,8.12,0.02,48
2017-05-19,2705,298696,2429930,8.1,8.17,8.1,8.14,0.02,97
2017-05-22,2705,110883,905710,8.23,8.23,8.11,8.16,0.02,80
2017-05-23,2705,56829,461134,8.16,8.16,8.07,8.14,-0.02,50
2017-05-24,2705,406957,3322407,8.1,8.2,8.08,8.18,0.04,145
2017-05-25,2705,432633,3558541,8.16,8.28,8.16,8.21,0.03,184
2017-05-26,2705,150195,1238044,8.3,8.3,8.21,8.25,0.04,94
2017-05-31,2705,289475,2368293,8.24,8.25,8.12,8.15,-0.1,98
2017-06-01,2705,143646,1167370,8.15,8.2,8.1,8.14,-0.01,93
2017-06-02,2705,178933,1458184,8.14,8.18,8.12,8.14,0.0,107
2017-06-03,2705,254058,2075354,8.15,8.22,8.12,8.19,0.05,103
2017-06-05,2705,398954,3285084,8.2,8.28,8.2,8.22,0.03,167
2017-06-06,2705,202757,1671724,8.25,8.27,8.22,8.23,0.01,92
2017-06-07,2705,200588,1647803,8.23,8.27,8.18,8.18,-0.05,119
2017-06-08,2705,79441,650727,8.18,8.22,8.18,8.21,0.03,67
2017-06-09,2705,301845,2459828,8.2,8.2,8.09,8.15,-0.06,121
2017-06-12,2705,111111,901538,8.07,8.16,8.07,8.14,-0.01,64
2017-06-13,2705,172392,1399331,8.13,8.17,8.1,8.13,-0.01,73
2017-06-14,2705,198277,1608097,8.07,8.16,8.07,8.13,0.0,101
2017-06-15,2705,103328,836013,8.1,8.14,8.08,8.12,-0.01,62
2017-06-16,2705,91832,742960,8.09,8.12,8.08,8.1,-0.02,56
2017-06-19,2705,168864,1366662,8.12,8.13,8.07,8.1,0.0,81
2017-06-20,2705,158111,1283163,8.12,8.15,8.1,8.15,0.05,92
2017-06-21,2705,140559,1144701,8.15,8.19,8.1,8.15,0.0,88
2017-06-22,2705,449461,3672619,8.11,8.22,8.11,8.2,0.05,155
2017-06-23,2705,434420,3580068,8.25,8.28,8.2,8.25,0.05,222
2017-06-26,2705,597099,4973736,8.31,8.38,8.3,8.31,0.06,285
2017-06-27,2705,455147,3764926,8.32,8.32,8.22,8.28,-0.03,156
2017-06-28,2705,207207,1716483,8.28,8.3,8.26,8.29,0.01,98
2017-06-29,2705,321917,2673615,8.38,8.39,8.24,8.24,-0.05,133
2017-06-30,2705,213775,1763820,8.29,8.3,8.22,8.27,0.03,77
2017-07-03,2705,395122,3283514,8.3,8.38,8.28,8.32,0.05,154
2017-07-04,2705,323027,2683686,8.32,8.37,8.26,8.32,0.0,105
2017-07-05,2705,361551,2990957,8.32,8.35,8.21,8.21,-0.11,128
2017-07-06,2705,236753,1947469,8.22,8.27,8.21,8.23,0.02,94
2017-07-07,2705,176016,1446687,8.23,8.25,8.2,8.24,0.01,58
2017-07-10,2705,154429,1272223,8.27,8.28,8.21,8.21,-0.03,85
2017-07-11,2705,302611,2485324,8.22,8.24,8.19,8.22,0.01,107
2017-07-12,2705,154675,1272336,8.25,8.25,8.2,8.23,0.01,80
2017-07-13,2705,267229,2192968,8.21,8.22,8.19,8.21,-0.02,86
2017-07-14,2705,153634,1263414,8.2,8.28,8.2,8.23,0.02,98
2017-07-17,2705,248143,2055081,8.28,8.31,8.23,8.28,0.05,100
2017-07-18,2705,70989,585195,8.28,8.28,8.23,8.23,-0.05,54
2017-07-19,2705,82696,680040,8.23,8.24,8.22,8.23,0.0,61
2017-07-20,2705,154527,1271425,8.23,8.24,8.21,8.24,0.01,65
2017-07-21,2705,692089,5729657,8.22,8.39,8.16,8.34,0.1,317
2017-07-24,2705,833306,7010690,8.34,8.51,8.32,8.36,0.02,327
2017-07-25,2705,137826,1147300,8.38,8.38,8.29,8.31,-0.05,96
2017-07-26,2705,122955,1019544,8.31,8.31,8.26,8.28,-0.03,88
2017-07-27,2705,155339,1282362,8.27,8.28,8.24,8.27,-0.01,100
2017-07-28,2705,197504,1627120,8.28,8.28,8.21,8.24,-0.03,86
2017-07-31,2705,1856087,15488683,8.25,8.41,8.22,8.26,0.02,288
2017-08-01,2705,279966,2309626,8.29,8.29,8.21,8.25,-0.01,98
2017-08-02,2705,172413,1419822,8.24,8.26,8.22,8.24,-0.01,73
2017-08-03,2705,209320,1722062,8.29,8.29,8.21,8.22,-0.02,78
2017-08-04,2705,257399,2113626,8.22,8.25,8.2,8.2,-0.02,103
2017-08-07,2705,140054,1150714,8.28,8.28,8.2,8.24,0.04,92
2017-08-08,2705,224911,1846826,8.21,8.23,8.2,8.22,-0.02,94
2017-08-09,2705,224949,1847463,8.2,8.23,8.18,8.22,0.0,102
2017-08-10,2705,384943,3137172,8.2,8.2,8.09,8.13,-0.09,140
2017-08-11,2705,211275,1715032,8.1,8.15,8.1,8.14,0.01,88
2017-08-14,2705,259471,2090338,8.14,8.14,8.02,8.03,-0.11,114
2017-08-15,2705,275403,2214594,8.03,8.1,8.02,8.07,0.04,101
2017-08-16,2705,130867,1055594,8.12,8.12,8.04,8.06,-0.01,72
2017-08-17,2705,167291,1350338,8.07,8.1,8.06,8.06,0.0,96
2017-08-18,2705,477772,3876739,8.06,8.24,8.02,8.12,0.06,150
2017-08-21,2705,151566,1229050,8.15,8.15,8.07,8.11,-0.01,82
2017-08-22,2705,216054,1753009,8.15,8.15,8.08,8.11,0.0,93
2017-08-23,2705,213209,1728698,8.1,8.12,8.1,8.12,0.01,73
2017-08-24,2705,264739,2140772,8.13,8.13,8.07,8.1,-0.02,134
2017-08-25,2705,212423,1717774,8.08,8.11,8.07,8.1,0.0,81
2017-08-28,2705,447344,3608984,8.09,8.13,8.05,8.09,-0.01,103
2017-08-29,2705,510055,4077419,8.09,8.09,8.02,8.08,-0.01,128
2017-08-30,2705,154954,1250345,8.07,8.09,8.04,8.09,0.01,73
2017-08-31,2705,116299,939802,8.11,8.11,8.06,8.07,-0.02,63
2017-09-01,2705,265133,2138729,8.07,8.09,8.05,8.09,0.02,103
2017-09-04,2705,341617,2752740,8.09,8.09,8.05,8.05,-0.04,93
2017-09-05,2705,332259,2672392,8.06,8.09,8.03,8.05,0.0,138
2017-09-06,2705,448805,3608370,8.04,8.09,8.02,8.09,0.04,106
2017-09-07,2705,624513,5017834,8.05,8.08,8.02,8.08,-0.01,163
2017-09-08,2705,184089,1481426,8.08,8.08,8.04,8.04,-0.04,97
2017-09-11,2705,304249,2445891,8.04,8.06,8.03,8.04,0.0,104
2017-09-12,2705,570799,4588536,8.05,8.09,8.0,8.07,0.03,187
2017-09-13,2705,871628,7082820,8.16,8.17,8.05,8.15,0.08,227
2017-09-14,2705,145626,1183479,8.15,8.15,8.11,8.13,-0.02,73
2017-09-15,2705,262371,2120643,8.11,8.11,8.04,8.11,-0.02,114
2017-09-18,2705,466888,3759975,8.1,8.1,8.02,8.08,-0.03,150
2017-09-19,2705,393170,3157405,8.04,8.08,8.01,8.04,-0.04,122
2017-09-20,2705,473437,3793186,8.03,8.06,7.99,8.03,-0.01,118
2017-09-21,2705,353976,2837318,8.03,8.03,8.0,8.03,0.0,122
2017-09-22,2705,345359,2766282,8.0,8.08,7.99,8.04,0.01,134
2017-09-25,2705,527594,4217592,8.04,8.04,7.97,7.99,-0.05,135
2017-09-26,2705,221893,1776684,7.99,8.03,7.98,7.98,-0.01,78
2017-09-27,2705,182845,1461818,7.99,8.02,7.98,7.99,0.01,72
2017-09-28,2705,638764,5022718,7.98,8.02,7.8,7.9,-0.09,222
2017-09-29,2705,171293,1347936,7.9,7.93,7.84,7.9,0.0,98
2017-09-30,2705,151314,1198101,7.92,7.95,7.9,7.95,0.05,61
2017-10-02,2705,130175,1031167,7.95,7.95,7.91,7.95,0.0,88
2017-10-03,2705,197298,1569376,7.95,7.99,7.93,7.93,-0.02,68
2017-10-05,2705,267089,2115636,7.9,7.99,7.88,7.97,0.04,93
2017-10-06,2705,248067,1979636,8.01,8.02,7.91,7.97,0.0,112
2017-10-11,2705,599923,4751990,8.01,8.01,7.87,7.9,-0.07,136
2017-10-12,2705,384455,3018222,7.9,7.9,7.81,7.87,-0.03,134
2017-10-13,2705,193783,1531120,7.93,7.93,7.85,7.87,0.0,86
2017-10-16,2705,218597,1719913,7.88,7.9,7.85,7.85,-0.02,104
2017-10-17,2705,251578,1976792,7.85,7.9,7.85,7.85,0.0,88
2017-10-18,2705,297171,2339333,7.86,7.94,7.81,7.88,0.03,101
2017-10-19,2705,108482,853371,7.88,7.93,7.85,7.86,-0.02,57
2017-10-20,2705,294890,2322187,7.9,7.91,7.85,7.86,0.0,98
2017-10-23,2705,307081,2424108,7.89,7.94,7.85,7.93,0.07,105
2017-10-24,2705,100375,792295,7.93,7.93,7.88,7.9,-0.03,55
2017-10-25,2705,244263,1928818,7.92,7.95,7.86,7.93,0.03,104
2017-10-26,2705,142002,1119492,7.93,7.93,7.87,7.89,-0.04,51
2017-10-27,2705,313065,2481456,7.93,7.93,7.9,7.92,0.03,86
2017-10-30,2705,5853778,47463204,7.95,8.18,7.9,8.09,0.17,685
2017-10-31,2705,601726,4825775,8.09,8.09,8.0,8.01,-0.08,197
2017-11-01,2705,185312,1481940,8.05,8.05,7.95,8.0,-0.01,114
2017-11-02,2705,176373,1408863,8.0,8.03,7.95,8.02,0.02,104
2017-11-03,2705,396015,3189720,8.05,8.09,8.02,8.08,0.06,169
2017-11-06,2705,85692,687928,8.08,8.08,8.01,8.03,-0.05,61
2017-11-07,2705,192981,1553178,8.07,8.08,8.02,8.06,0.03,85
2017-11-08,2705,138447,1110656,8.07,8.07,8.0,8.02,-0.04,71
2017-11-09,2705,263501,2113708,8.02,8.09,8.0,8.06,0.04,88
2017-11-10,2705,152474,1224052,8.05,8.05,8.02,8.05,-0.01,72
2017-11-13,2705,143547,1152236,8.02,8.08,8.01,8.01,-0.04,76
2017-11-14,2705,295266,2360235,8.01,8.02,7.97,7.98,-0.03,93
2017-11-15,2705,101036,806411,7.99,7.99,7.97,7.98,0.0,66
2017-11-16,2705,156562,1246892,7.96,7.99,7.94,7.98,0.0,64
2017-11-17,2705,113967,911212,8.04,8.04,7.97,7.97,-0.01,58
2017-11-20,2705,100448,799429,7.97,7.97,7.95,7.97,0.0,54
2017-11-21,2705,131468,1044557,7.97,8.0,7.92,7.96,-0.01,87
2017-11-22,2705,135742,1081114,7.99,7.99,7.93,7.95,-0.01,64
2017-11-23,2705,155597,1237159,7.99,7.99,7.93,7.95,0.0,82
2017-11-24,2705,148245,1179920,7.95,7.97,7.94,7.97,0.02,45
2017-11-27,2705,205827,1637047,7.97,7.97,7.94,7.97,0.0,79
2017-11-28,2705,162870,1292618,7.96,7.96,7.93,7.95,-0.02,61
2017-11-29,2705,217638,1735779,7.95,8.03,7.95,7.99,0.04,97
2017-11-30,2705,377721,3001189,8.0,8.0,7.92,7.93,-0.06,131
2017-12-01,2705,680057,5400126,7.96,7.97,7.91,7.97,0.04,109
2017-12-04,2705,206180,1639599,7.99,7.99,7.93,7.99,0.02,91
2017-12-05,2705,69208,551064,7.99,7.99,7.94,7.97,-0.02,42
2017-12-06,2705,191343,1518788,7.98,7.98,7.9,7.96,-0.01,86
2017-12-07,2705,77895,617968,7.97,7.97,7.91,7.96,0.0,57
2017-12-08,2705,107991,854430,7.96,7.96,7.9,7.93,-0.03,56
2017-12-11,2705,259112,2035120,7.93,7.95,7.82,7.89,-0.04,106
2017-12-12,2705,116921,920580,7.88,7.89,7.86,7.89,0.0,49
2017-12-13,2705,178339,1411031,7.9,7.92,7.9,7.92,0.03,112
2017-12-14,2705,228131,1812665,7.93,7.97,7.92,7.96,0.04,84
2017-12-15,2705,669540,5395695,7.95,8.18,7.94,8.05,0.09,212
2017-12-18,2705,122427,980756,8.03,8.03,8.0,8.02,-0.03,60
2017-12-19,2705,112015,898620,8.05,8.05,8.0,8.01,-0.01,70
2017-12-20,2705,86850,693700,8.01,8.01,7.97,7.99,-0.02,43
2017-12-21,2705,31009,247614,7.99,8.0,7.98,8.0,0.01,27
2017-12-22,2705,85905,685844,8.04,8.04,7.95,8.0,0.0,43
2017-12-25,2705,216421,1713339,8.0,8.0,7.85,7.97,-0.03,96
2017-12-26,2705,165912,1314527,7.97,7.97,7.9,7.93,-0.04,74
2017-12-27,2705,164961,1303347,7.96,7.96,7.87,7.93,0.0,72
2017-12-28,2705,199547,1580553,7.94,7.94,7.9,7.94,0.01,82
2017-12-29,2705,228577,1813927,7.95,7.97,7.92,7.95,0.01,104
2018-01-02,2705,585194,4687612,7.99,8.04,7.99,8.02,0.07,151
2018-01-03,2705,380637,3049385,8.05,8.05,8.0,8.01,-0.01,132
2018-01-04,2705,173494,1385863,8.01,8.02,7.97,8.0,-0.01,95
2018-01-05,2705,917592,7391968,8.0,8.14,7.97,8.11,0.11,314
2018-01-08,2705,303626,2453882,8.1,8.1,8.06,8.07,-0.04,143
2018-01-09,2705,302828,2432784,8.05,8.06,8.01,8.01,-0.06,115
2018-01-10,2705,249855,2002050,8.01,8.04,7.97,8.03,0.02,119
2018-01-11,2705,188334,1510142,8.06,8.06,8.0,8.01,-0.02,86
2018-01-12,2705,344329,2765552,8.01,8.05,8.01,8.03,0.02,114
2018-01-15,2705,813293,6582692,8.07,8.13,8.04,8.08,0.05,251
2018-01-16,2705,1093413,8896449,8.1,8.2,8.09,8.2,0.12,341
2018-01-17,2705,1263693,10367324,8.25,8.26,8.14,8.17,-0.03,392
2018-01-18,2705,1123164,9241833,8.22,8.25,8.19,8.19,0.02,342
2018-01-19,2705,559480,4577452,8.19,8.21,8.15,8.21,0.02,167
2018-01-22,2705,877678,7141484,8.2,8.2,8.12,8.13,-0.08,239
2018-01-23,2705,241465,1966082,8.17,8.2,8.11,8.13,0.0,123
2018-01-24,2705,262772,2140331,8.16,8.19,8.12,8.13,0.0,106
2018-01-25,2705,382385,3105986,8.17,8.17,8.11,8.11,-0.02,142
2018-01-26,2705,204616,1664166,8.12,8.16,8.11,8.16,0.05,95
2018-01-29,2705,115321,939957,8.17,8.18,8.14,8.16,0.0,95
2018-01-30,2705,390052,3160773,8.16,8.16,8.08,8.1,-0.06,132
2018-01-31,2705,412648,3322154,8.05,8.1,8.02,8.08,-0.02,152
2018-02-01,2705,151346,1219669,8.05,8.11,8.04,8.1,0.02,83
2018-02-02,2705,98357,794282,8.1,8.1,8.05,8.09,-0.01,55
2018-02-05,2705,249031,1994365,8.03,8.03,7.97,8.02,-0.07,116
2018-02-06,2705,1574521,11906461,7.95,7.95,7.22,7.24,-0.78,437
2018-02-07,2705,573065,4267939,7.46,7.59,7.3,7.5,0.26,248
2018-02-08,2705,183969,1381679,7.59,7.59,7.5,7.5,0.0,97
2018-02-09,2705,544230,3982092,7.4,7.45,7.23,7.35,-0.15,205
2018-02-12,2705,231038,1723613,7.43,7.54,7.39,7.5,0.15,133
2018-02-21,2705,322711,2462619,7.65,7.77,7.58,7.62,0.12,205
2018-02-22,2705,317526,2414551,7.68,7.68,7.5,7.64,0.02,182
2018-02-23,2705,157974,1210671,7.68,7.69,7.64,7.66,0.02,100
2018-02-26,2705,243160,1853198,7.66,7.66,7.6,7.64,-0.02,166
2018-02-27,2705,106231,810925,7.67,7.67,7.61,7.66,0.02,77
2018-03-01,2705,249511,1883385,7.63,7.63,7.5,7.57,-0.09,117
2018-03-02,2705,188337,1420365,7.56,7.58,7.52,7.58,0.01,95
2018-03-05,2705,101548,765757,7.58,7.6,7.51,7.51,-0.07,99
2018-03-06,2705,147556,1116097,7.59,7.59,7.52,7.55,0.04,69
2018-03-07,2705,209575,1589079,7.58,7.61,7.55,7.59,0.04,93
2018-03-08,2705,175306,1335163,7.55,7.65,7.55,7.64,0.05,81
2018-03-09,2705,63149,482413,7.65,7.65,7.6,7.65,0.01,55
2018-03-12,2705,228685,1743049,7.63,7.68,7.56,7.66,0.01,149
2018-03-13,2705,152868,1165702,7.65,7.65,7.6,7.61,-0.05,135
2018-03-14,2705,256561,1950035,7.64,7.64,7.57,7.62,0.01,123
2018-03-15,2705,71786,544960,7.6,7.61,7.57,7.59,-0.03,70
2018-03-16,2705,302070,2289696,7.6,7.62,7.55,7.61,0.02,136
2018-03-19,2705,85937,652980,7.63,7.63,7.57,7.62,0.01,133
2018-03-20,2705,431693,3245863,7.57,7.61,7.48,7.56,-0.06,201
2018-03-21,2705,126511,956511,7.59,7.59,7.53,7.57,0.01,315
2018-03-22,2705,183156,1386355,7.57,7.59,7.55,7.56,-0.01,318
2018-03-23,2705,131857,985350,7.45,7.5,7.45,7.5,-0.06,258
2018-03-26,2705,120671,903528,7.5,7.5,7.47,7.5,0.0,274
2018-03-27,2705,353778,2647718,7.5,7.5,7.47,7.48,-0.02,433
2018-03-28,2705,199686,1483282,7.45,7.47,7.41,7.44,-0.04,316
2018-03-29,2705,101020,752639,7.42,7.48,7.42,7.45,0.01,240
2018-03-30,2705,148885,1110631,7.47,7.49,7.44,7.48,0.03,236
2018-03-31,2705,147310,1106202,7.48,7.55,7.48,7.54,0.06,197
2018-04-02,2705,362686,2742781,7.6,7.6,7.54,7.59,0.05,460
2018-04-03,2705,222110,1661825,7.44,7.55,7.43,7.55,-0.04,191
2018-04-09,2705,434864,3270083,7.55,7.57,7.43,7.5,-0.05,193
2018-04-10,2705,274501,2061001,7.5,7.54,7.47,7.47,-0.03,117
2018-04-11,2705,2495601,17739800,7.22,7.22,7.03,7.12,-0.35,827
2018-04-12,2705,3964364,26791227,7.0,7.01,6.58,6.8,-0.32,1313
2018-04-13,2705,1541040,10623775,6.78,6.98,6.75,6.98,0.18,587
2018-04-16,2705,812299,5679408,7.0,7.05,6.93,6.98,0.0,331
2018-04-17,2705,911101,6405057,7.0,7.12,6.91,7.05,0.07,337
2018-04-18,2705,400877,2805159,7.03,7.03,6.94,7.02,-0.03,151
2018-04-19,2705,497098,3479432,7.04,7.04,6.97,6.99,-0.03,149
2018-04-20,2705,273610,1901416,6.98,7.02,6.92,6.95,-0.04,128
2018-04-23,2705,323724,2248992,6.98,7.0,6.93,6.95,0.0,113
2018-04-24,2705,419545,2874160,6.96,6.96,6.8,6.85,-0.1,134
2018-04-25,2705,257507,1743184,6.82,6.82,6.75,6.82,-0.03,110
2018-04-26,2705,263403,1794772,6.82,6.86,6.76,6.85,0.03,110
2018-04-27,2705,249283,1696371,6.8,6.86,6.78,6.84,-0.01,100
2018-04-30,2705,435330,2935558,6.84,6.84,6.69,6.76,-0.08,162
2018-05-02,2705,175992,1187115,6.76,6.76,6.72,6.75,-0.01,106
2018-05-03,2705,262753,1777642,6.74,6.93,6.7,6.87,0.12,110
2018-05-04,2705,248909,1702947,6.88,6.91,6.78,6.85,-0.02,109
2018-05-07,2705,316574,2154760,6.88,6.88,6.77,6.83,-0.02,108
2018-05-08,2705,166942,1134650,6.8,6.83,6.75,6.79,-0.04,76
2018-05-09,2705,253198,1717647,6.82,6.82,6.76,6.79,0.0,80
2018-05-10,2705,153412,1040253,6.8,6.8,6.77,6.78,-0.01,70
2018-05-11,2705,226078,1528513,6.78,6.78,6.74,6.75,-0.03,91
2018-05-14,2705,541139,3619300,6.77,6.77,6.66,6.67,-0.08,208
2018-05-15,2705,492511,3261978,6.67,6.67,6.58,6.64,-0.03,176
2018-05-16,2705,321136,2129683,6.6,6.69,6.59,6.66,0.02,113
2018-05-17,2705,184609,1228373,6.66,6.69,6.63,6.65,-0.01,78
2018-05-18,2705,205040,1365477,6.65,6.7,6.62,6.68,0.03,91
2018-05-21,2705,261765,1770172,6.69,6.82,6.67,6.74,0.06,135
2018-05-22,2705,172347,1167290,6.74,6.81,6.72,6.77,0.03,94
2018-05-23,2705,167075,1122815,6.77,6.77,6.69,6.71,-0.06,74
2018-05-24,2705,115995,777168,6.72,6.76,6.69,6.71,0.0,67
2018-05-25,2705,174642,1169764,6.72,6.75,6.67,6.73,0.02,91
2018-05-28,2705,221301,1495501,6.77,6.77,6.71,6.76,0.03,82
2018-05-29,2705,170049,1144425,6.77,6.77,6.71,6.72,-0.04,70
2018-05-30,2705,166328,1124247,6.78,6.81,6.72,6.75,0.03,100
2018-05-31,2705,243956,1637774,6.75,6.75,6.7,6.7,-0.05,117
2018-06-01,2705,141340,947947,6.7,6.72,6.69,6.71,0.01,82
2018-06-04,2705,198059,1328618,6.72,6.76,6.68,6.7,-0.01,110
2018-06-05,2705,231461,1545565,6.7,6.73,6.65,6.68,-0.02,123
2018-06-06,2705,324847,2177056,6.68,6.76,6.66,6.7,0.02,132
2018-06-07,2705,399869,2696196,6.71,6.8,6.7,6.8,0.1,154
2018-06-08,2705,149092,1008202,6.8,6.81,6.73,6.79,-0.01,112
2018-06-11,2705,403551,2729915,6.8,6.81,6.73,6.73,-0.06,194
2018-06-12,2705,162803,1094495,6.76,6.76,6.71,6.74,0.01,80
2018-06-13,2705,344919,2319748,6.75,6.76,6.69,6.7,-0.04,118
2018-06-14,2705,233221,1560054,6.7,6.71,6.68,6.7,0.0,97
2018-06-15,2705,119170,798512,6.7,6.75,6.67,6.71,0.01,75
2018-06-19,2705,398813,2653115,6.71,6.73,6.62,6.62,-0.09,141
2018-06-20,2705,236507,1566042,6.61,6.68,6.6,6.6,-0.02,98
2018-06-21,2705,401107,2645304,6.63,6.64,6.57,6.57,-0.03,120
2018-06-22,2705,328038,2142511,6.57,6.63,6.5,6.51,-0.06,149
2018-06-25,2705,791181,5151376,6.51,6.68,6.45,6.6,0.09,158
2018-06-26,2705,125911,819733,6.57,6.58,6.46,6.49,-0.11,75
2018-06-27,2705,286194,1846797,6.46,6.55,6.42,6.55,0.06,127
2018-06-28,2705,216046,1390661,6.48,6.48,6.4,6.42,-0.13,132
2018-06-29,2705,186365,1200181,6.42,6.47,6.42,6.43,0.01,64
2018-07-02,2705,86006,554296,6.45,6.48,6.43,6.47,0.04,46
2018-07-03,2705,210936,1354085,6.47,6.49,6.37,6.43,-0.04,93
2018-07-04,2705,287215,1848869,6.42,6.52,6.38,6.45,0.02,92
2018-07-05,2705,180169,1154826,6.42,6.46,6.38,6.46,0.01,70
2018-07-06,2705,127630,818927,6.42,6.48,6.39,6.41,-0.05,71
2018-07-09,2705,119145,761930,6.41,6.41,6.38,6.4,-0.01,71
2018-07-10,2705,161165,1032852,6.38,6.46,6.38,6.4,0.0,72
2018-07-11,2705,96570,616420,6.4,6.4,6.37,6.4,0.0,54
2018-07-12,2705,140119,895156,6.4,6.45,6.34,6.4,0.0,67
2018-07-13,2705,306265,1955909,6.42,6.42,6.38,6.38,-0.02,94
2018-07-16,2705,103575,661652,6.38,6.4,6.37,6.4,0.02,84
2018-07-17,2705,226021,1451211,6.4,6.45,6.39,6.4,0.0,105
2018-07-18,2705,159916,1025468,6.4,6.44,6.38,6.41,0.01,93
2018-07-19,2705,333430,2136657,6.4,6.45,6.4,6.42,0.01,92
2018-07-20,2705,127208,813540,6.42,6.42,6.38,6.4,-0.02,82
2018-07-23,2705,78812,502586,6.39,6.39,6.37,6.37,-0.03,55
2018-07-24,2705,162482,1033188,6.36,6.39,6.35,6.35,-0.02,71
2018-07-25,2705,478150,3042836,6.38,6.4,6.35,6.35,0.0,132
2018-07-26,2705,192990,1223685,6.35,6.38,6.33,6.38,0.03,105
2018-07-27,2705,398889,2534556,6.36,6.4,6.34,6.35,-0.03,169
2018-07-30,2705,258051,1631718,6.35,6.38,6.3,6.3,-0.05,139
2018-07-31,2705,71545,452219,6.3,6.34,6.3,6.33,0.03,130
2018-08-01,2705,555020,3488480,6.33,6.35,6.26,6.3,-0.03,216
2018-08-02,2705,236494,1488973,6.33,6.33,6.27,6.28,-0.02,153
2018-08-03,2705,258053,1618058,6.28,6.32,6.23,6.23,-0.05,117
2018-08-06,2705,218998,1376413,6.24,6.31,6.24,6.29,0.06,164
2018-08-07,2705,416932,2645643,6.3,6.38,6.3,6.38,0.09,136
2018-08-08,2705,201273,1277037,6.39,6.39,6.32,6.34,-0.04,125
2018-08-09,2705,193589,1232808,6.39,6.39,6.35,6.35,0.01,79
2018-08-10,2705,156943,994083,6.38,6.38,6.31,6.36,0.01,58
2018-08-13,2705,243482,1530245,6.32,6.34,6.24,6.24,-0.12,355
2018-08-14,2705,111379,695821,6.24,6.28,6.24,6.25,0.01,57
2018-08-15,2705,242935,1512341,6.29,6.29,6.2,6.23,-0.02,193
2018-08-16,2705,160354,988951,6.14,6.19,6.14,6.19,-0.04,59
2018-08-17,2705,446803,2742925,6.25,6.25,6.09,6.16,-0.03,140
2018-08-20,2705,272675,1677463,6.16,6.21,6.11,6.14,-0.02,111
2018-08-21,2705,156542,961022,6.18,6.18,6.12,6.15,0.01,84
2018-08-22,2705,79402,488265,6.11,6.17,6.11,6.17,0.02,45
2018-08-23,2705,227033,1411508,6.17,6.28,6.14,6.25,0.08,106
2018-08-24,2705,147812,921183,6.25,6.25,6.21,6.22,-0.03,46
2018-08-27,2705,200278,1246711,6.25,6.27,6.16,6.26,0.04,78
2018-08-28,2705,94132,585843,6.25,6.26,6.18,6.21,-0.05,50
2018-08-29,2705,49648,308234,6.21,6.24,6.2,6.22,0.01,37
2018-08-30,2705,74357,462673,6.24,6.25,6.2,6.2,-0.02,35
2018-08-31,2705,161556,1005523,6.17,6.24,6.17,6.2,0.0,56
2018-09-03,2705,93268,577010,6.2,6.21,6.16,6.17,-0.03,63
2018-09-04,2705,189802,1171930,6.17,6.19,6.13,6.17,0.0,69
2018-09-05,2705,130958,806927,6.15,6.3,6.13,6.16,-0.01,60
2018-09-06,2705,156501,962927,6.17,6.17,6.13,6.13,-0.03,78
2018-09-07,2705,208290,1277737,6.11,6.21,6.11,6.11,-0.02,109
2018-09-10,2705,186114,1137016,6.12,6.18,6.09,6.09,-0.02,90
2018-09-11,2705,294823,1796238,6.08,6.16,6.05,6.15,0.06,103
2018-09-12,2705,173215,1055969,6.1,6.15,6.06,6.11,-0.04,75
2018-09-13,2705,386567,2392243,6.15,6.24,6.12,6.2,0.09,134
2018-09-14,2705,109014,670941,6.22,6.22,6.13,6.19,-0.01,71
2018-09-17,2705,213743,1320236,6.19,6.2,6.14,6.15,-0.04,57
2018-09-18,2705,165192,1015519,6.12,6.18,6.12,6.17,0.02,58
2018-09-19,2705,140249,863322,6.15,6.2,6.13,6.19,0.02,100
2018-09-20,2705,103237,634212,6.15,6.17,6.13,6.13,-0.06,75
2018-09-21,2705,209030,1288931,6.18,6.2,6.12,6.17,0.04,103
2018-09-25,2705,105189,646831,6.16,6.18,6.12,6.16,-0.01,62
2018-09-26,2705,547104,3384596,6.16,6.3,6.13,6.27,0.11,141
2018-09-27,2705,317274,1977218,6.27,6.28,6.18,6.28,0.01,120
2018-09-28,2705,148321,930841,6.28,6.29,6.25,6.28,0.0,78
2018-10-01,2705,119967,748506,6.28,6.28,6.2,6.28,0.0,71
2018-10-02,2705,247732,1551509,6.26,6.29,6.21,6.28,0.0,81
2018-10-03,2705,416355,2612383,6.28,6.31,6.21,6.27,-0.01,75
2018-10-04,2705,84519,527756,6.29,6.29,6.2,6.22,-0.05,45
2018-10-05,2705,230996,1425751,6.22,6.22,6.14,6.17,-0.05,85
2018-10-08,2705,169396,1038545,6.17,6.18,6.09,6.15,-0.02,67
2018-10-09,2705,181907,1111360,6.15,6.15,6.09,6.1,-0.05,92
2018-10-11,2705,727481,4306838,6.08,6.08,5.77,5.79,-0.31,213
2018-10-12,2705,962717,5433860,5.77,5.77,5.51,5.76,-0.03,292
2018-10-15,2705,395148,2238659,5.76,5.76,5.6,5.72,-0.04,116
2018-10-16,2705,640501,3575310,5.72,5.73,5.5,5.62,-0.1,178
2018-10-17,2705,152675,863806,5.62,5.69,5.62,5.64,0.02,62
2018-10-18,2705,153221,868487,5.63,5.7,5.63,5.67,0.03,58
2018-10-19,2705,75152,422338,5.67,5.67,5.57,5.67,0.0,41
2018-10-22,2705,161610,911441,5.67,5.67,5.6,5.66,-0.01,68
2018-10-23,2705,192138,1077478,5.67,5.67,5.58,5.6,-0.06,79
2018-10-24,2705,170124,953417,5.57,5.66,5.57,5.66,0.06,72
2018-10-25,2705,252633,1396410,5.59,5.59,5.5,5.55,-0.11,96
2018-10-26,2705,137777,757051,5.59,5.59,5.46,5.55,0.0,65
2018-10-29,2705,127728,702284,5.48,5.55,5.48,5.49,-0.06,53
2018-10-30,2705,149599,819865,5.49,5.53,5.45,5.53,0.04,94
2018-10-31,2705,109587,607015,5.55,5.62,5.5,5.5,-0.03,54
2018-11-01,2705,122738,678390,5.5,5.58,5.5,5.58,0.08,60
2018-11-02,2705,249537,1377371,5.55,5.61,5.45,5.61,0.03,127
2018-11-05,2705,422619,2382567,5.63,5.7,5.57,5.68,0.07,122
2018-11-06,2705,194442,1106787,5.68,5.71,5.68,5.69,0.01,72
2018-11-07,2705,106781,610682,5.72,5.75,5.67,5.73,0.04,53
2018-11-08,2705,151252,862391,5.77,5.77,5.68,5.7,-0.03,54
2018-11-09,2705,99311,567590,5.7,5.74,5.7,5.7,0.0,44
2018-11-12,2705,37585,214042,5.7,5.73,5.63,5.7,0.0,32
2018-11-13,2705,131801,743900,5.7,5.7,5.61,5.69,-0.01,45
2018-11-14,2705,169058,959625,5.71,5.71,5.63,5.69,0.0,34
2018-11-15,2705,63279,358973,5.72,5.72,5.61,5.67,-0.02,25
2018-11-16,2705,109260,613432,5.67,5.67,5.6,5.6,-0.07,49
2018-11-19,2705,69240,387334,5.6,5.63,5.56,5.6,0.0,27
2018-11-20,2705,105021,588285,5.58,5.69,5.56,5.62,0.02,48
2018-11-21,2705,260081,1475500,5.61,5.7,5.61,5.65,0.03,89
2018-11-22,2705,71456,404576,5.69,5.7,5.63,5.69,0.04,38
2018-11-23,2705,247071,1403245,5.69,5.73,5.61,5.61,-0.08,71
2018-11-26,2705,1220035,7475817,5.74,6.17,5.73,6.17,0.56,335
2018-11-27,2705,3893783,25596187,6.45,6.78,6.33,6.78,0.61,1137
2018-11-28,2705,6717512,47490002,6.79,7.37,6.78,7.18,0.4,2001
2018-11-29,2705,3255664,22852403,7.3,7.3,6.8,6.8,-0.38,1060
2018-11-30,2705,4902513,35728052,6.9,7.47,6.9,7.3,0.5,1504
2018-12-03,2705,4435996,33707831,7.5,7.75,7.42,7.54,0.24,1439
2018-12-04,2705,2833948,21128485,7.54,7.66,7.3,7.35,-0.19,894
2018-12-05,2705,1850703,13365692,7.23,7.29,7.17,7.19,-0.16,573
2018-12-06,2705,2008983,13791997,7.19,7.19,6.8,6.86,-0.33,572
2018-12-07,2705,573945,3962419,6.81,6.99,6.81,6.87,0.01,236
2018-12-10,2705,820911,5525130,6.85,6.85,6.59,6.68,-0.19,282
2018-12-11,2705,695638,4617347,6.49,6.86,6.49,6.53,-0.15,223
2018-12-12,2705,562312,3750463,6.63,6.8,6.58,6.8,0.27,200
2018-12-13,2705,453027,3023216,6.52,6.8,6.52,6.7,-0.1,157
2018-12-14,2705,350383,2315818,6.6,6.68,6.59,6.62,-0.08,145
2018-12-17,2705,667891,4431467,6.42,6.78,6.42,6.64,0.02,207
2018-12-18,2705,316278,2095100,6.63,6.7,6.55,6.66,0.02,150
2018-12-19,2705,343813,2284659,6.7,6.75,6.58,6.6,-0.06,156
2018-12-20,2705,628228,4213250,6.69,6.75,6.61,6.68,0.08,237
2018-12-21,2705,436701,2886700,6.75,6.75,6.52,6.6,-0.08,181
2018-12-22,2705,178054,1177154,6.7,6.7,6.56,6.65,0.05,105
2018-12-24,2705,250965,1676352,6.69,6.71,6.62,6.68,0.03,129
2018-12-25,2705,407117,2657038,6.67,6.7,6.41,6.54,-0.14,176
2018-12-26,2705,589388,3762278,6.53,6.64,6.3,6.3,-0.24,234
2018-12-27,2705,449864,2849209,6.36,6.42,6.3,6.33,0.03,179
2018-12-28,2705,194201,1228465,6.33,6.38,6.31,6.32,-0.01,88
2019-01-02,2705,407393,2615165,6.37,6.5,6.37,6.37,0.05,178
2019-01-03,2705,348731,2232339,6.49,6.49,6.33,6.4,0.03,125
2019-01-04,2705,293497,1831258,6.38,6.38,6.2,6.24,-0.16,144
2019-01-07,2705,191978,1225734,6.44,6.44,6.3,6.36,0.12,105
2019-01-08,2705,158414,1005946,6.35,6.45,6.3,6.39,0.03,82
2019-01-09,2705,234884,1495168,6.33,6.41,6.33,6.35,-0.04,101
2019-01-10,2705,147006,930952,6.35,6.37,6.31,6.33,-0.02,89
2019-01-11,2705,235529,1488757,6.31,6.35,6.3,6.35,0.02,96
2019-01-14,2705,125969,795726,6.34,6.36,6.3,6.3,-0.05,82
2019-01-15,2705,114166,719516,6.36,6.36,6.28,6.31,0.01,69
2019-01-16,2705,221884,1408613,6.38,6.38,6.3,6.32,0.01,107
2019-01-17,2705,275225,1737108,6.35,6.35,6.28,6.34,0.02,100
2019-01-18,2705,159474,1014535,6.42,6.42,6.33,6.35,0.01,91
2019-01-21,2705,297105,1884528,6.37,6.38,6.31,6.33,-0.02,111
2019-01-22,2705,749037,4666795,6.24,6.33,6.19,6.28,-0.05,211
2019-01-23,2705,184851,1151718,6.28,6.28,6.2,6.22,-0.06,99
2019-01-24,2705,122819,768976,6.21,6.29,6.21,6.25,0.03,61
2019-01-25,2705,107199,671672,6.28,6.28,6.25,6.25,0.0,58
2019-01-28,2705,1203514,7521148,6.25,6.28,6.21,6.25,0.0,102
2019-01-29,2705,186767,1165261,6.25,6.27,6.22,6.25,0.0,82
2019-01-30,2705,423283,2659039,6.3,6.31,6.23,6.31,0.06,167
2019-02-11,2705,473701,2965890,6.33,6.35,6.22,6.25,-0.06,236
2019-02-12,2705,167216,1046596,6.25,6.3,6.23,6.29,0.04,108
2019-02-13,2705,234196,1464538,6.29,6.31,6.22,6.24,-0.05,124
2019-02-14,2705,205202,1281921,6.24,6.29,6.21,6.24,0.0,94
2019-02-15,2705,115140,718001,6.27,6.27,6.22,6.24,0.0,68
2019-02-18,2705,166779,1041455,6.22,6.26,6.22,6.23,-0.01,84
2019-02-19,2705,241527,1504323,6.22,6.24,6.21,6.23,0.0,112
2019-02-20,2705,259627,1618006,6.27,6.27,6.21,6.23,0.0,113
2019-02-21,2705,288032,1788776,6.23,6.26,6.2,6.26,0.03,106
2019-02-22,2705,202402,1259395,6.26,6.26,6.2,6.23,-0.03,102
2019-02-25,2705,359153,2236958,6.23,6.27,6.2,6.24,0.01,121
2019-02-26,2705,84349,527006,6.27,6.27,6.24,6.24,0.0,69
2019-02-27,2705,301812,1879541,6.24,6.26,6.21,6.21,-0.03,102
2019-03-04,2705,236352,1469655,6.27,6.27,6.2,6.2,-0.01,104
2019-03-05,2705,252024,1566449,6.2,6.25,6.19,6.22,0.02,121
2019-03-06,2705,145264,904670,6.26,6.26,6.21,6.22,0.0,121
2019-03-07,2705,172986,1072419,6.2,6.22,6.19,6.2,-0.02,174
2019-03-08,2705,156594,967391,6.2,6.22,6.16,6.16,-0.04,92
2019-03-11,2705,207681,1284109,6.15,6.23,6.15,6.18,0.02,124
2019-03-12,2705,218883,1350678,6.22,6.22,6.16,6.16,-0.02,104
2019-03-13,2705,384160,2366723,6.2,6.2,6.14,6.15,-0.01,125
2019-03-14,2705,279755,1718903,6.15,6.16,6.13,6.14,-0.01,128
2019-03-15,2705,805161,4871289,6.12,6.14,5.98,6.06,-0.08,236
2019-03-18,2705,255258,1537637,6.04,6.1,6.0,6.02,-0.04,173
2019-03-19,2705,164720,997313,6.06,6.08,6.02,6.08,0.06,118
2019-03-20,2705,2005534,12820909,6.1,6.66,6.1,6.6,0.52,723
2019-03-21,2705,918617,5922203,6.53,6.56,6.38,6.43,-0.17,354
2019-03-22,2705,455327,2925497,6.43,6.5,6.4,6.44,0.01,169
2019-03-25,2705,387884,2469502,6.43,6.43,6.3,6.35,-0.09,163
2019-03-26,2705,217627,1386829,6.41,6.41,6.35,6.39,0.04,108
2019-03-27,2705,245284,1564770,6.42,6.42,6.36,6.36,-0.03,124
2019-03-28,2705,539773,3464869,6.36,6.48,6.36,6.45,0.09,191
2019-03-29,2705,362028,2320202,6.45,6.48,6.38,6.44,-0.01,152
2019-04-01,2705,250283,1607096,6.44,6.45,6.4,6.45,0.01,222
2019-04-02,2705,258980,1670964,6.45,6.5,6.42,6.5,0.05,133
2019-04-03,2705,997489,6578726,6.5,6.65,6.5,6.55,0.05,308
2019-04-08,2705,414975,2724040,6.59,6.59,6.55,6.56,0.01,173
2019-04-09,2705,482557,3155798,6.59,6.6,6.5,6.58,0.02,136
2019-04-10,2705,557286,3682746,6.61,6.66,6.58,6.58,0.0,193
2019-04-11,2705,346617,2287387,6.66,6.66,6.58,6.59,0.01,100
2019-04-12,2705,356744,2350016,6.63,6.63,6.56,6.6,0.01,105
2019-04-15,2705,282173,1864454,6.6,6.69,6.58,6.6,0.0,124
2019-04-16,2705,296801,1951985,6.6,6.6,6.55,6.59,-0.01,93
2019-04-17,2705,233055,1530062,6.58,6.63,6.54,6.56,-0.03,130
2019-04-18,2705,397504,2596199,6.56,6.61,6.5,6.61,0.05,131
2019-04-19,2705,142866,933741,6.59,6.59,6.51,6.57,-0.04,62
2019-04-22,2705,133366,874384,6.57,6.59,6.53,6.59,0.02,50
2019-04-23,2705,150171,979981,6.53,6.57,6.51,6.52,-0.07,71
2019-04-24,2705,2041337,13020073,6.4,6.49,6.29,6.38,-0.14,505
2019-04-25,2705,1037564,6522592,6.32,6.39,6.19,6.25,-0.13,304
2019-04-26,2705,830010,5152893,6.2,6.25,6.17,6.24,-0.01,168
2019-04-29,2705,410760,2558365,6.24,6.26,6.21,6.23,-0.01,141
2019-04-30,2705,311489,1949254,6.23,6.34,6.21,6.34,0.11,81
2019-05-02,2705,1044937,6802403,6.35,6.6,6.35,6.48,0.14,326
2019-05-03,2705,759721,4871678,6.49,6.49,6.34,6.39,-0.09,205
2019-05-06,2705,1137910,7304232,6.36,6.55,6.3,6.55,0.16,281
2019-05-07,2705,5526013,39297117,7.18,7.18,7.0,7.08,0.53,1299
2019-05-08,2705,1298221,8867731,6.86,6.96,6.76,6.8,-0.28,455
2019-05-09,2705,1613056,10653651,6.81,6.81,6.48,6.51,-0.29,483
2019-05-10,2705,2857240,19476563,6.5,7.05,6.5,6.94,0.43,778
2019-05-13,2705,7178570,53908285,7.31,7.63,7.21,7.63,0.69,1585
2019-05-14,2705,10568746,84904674,8.0,8.3,7.76,7.97,0.34,2618
2019-05-15,2705,3779241,28356893,7.74,7.79,7.25,7.41,-0.56,1165
2019-05-16,2705,1745807,12994449,7.38,7.57,7.35,7.45,0.04,634
2019-05-17,2705,1495725,11117760,7.41,7.55,7.36,7.36,-0.09,460
2019-05-20,2705,2047269,14475783,7.31,7.4,6.9,6.96,-0.4,691
2019-05-21,2705,778817,5517545,6.99,7.16,6.98,7.15,0.19,313
2019-05-22,2705,666102,4695248,7.16,7.17,6.98,6.99,-0.16,233
2019-05-23,2705,651134,4595581,7.05,7.17,6.99,7.05,0.06,268
2019-05-24,2705,368001,2580627,6.99,7.04,6.99,7.0,-0.05,156
2019-05-27,2705,659206,4643604,7.0,7.12,6.99,7.03,0.03,249
2019-05-28,2705,549374,3884235,7.13,7.13,7.02,7.05,0.02,190
2019-05-29,2705,573707,4062768,7.06,7.14,7.03,7.1,0.05,220
2019-05-30,2705,394359,2790646,7.14,7.14,7.05,7.08,-0.02,156
2019-05-31,2705,568018,3993836,7.08,7.08,7.0,7.04,-0.04,190
2019-06-03,2705,791873,5509704,7.01,7.05,6.9,7.0,-0.04,268
2019-06-04,2705,380376,2648022,7.0,7.02,6.92,6.94,-0.06,138
2019-06-05,2705,401956,2797222,6.98,7.02,6.93,6.93,-0.01,134
2019-06-06,2705,419592,2896778,6.95,6.95,6.88,6.89,-0.04,168
2019-06-10,2705,560782,3823892,6.89,6.89,6.79,6.81,-0.08,236
2019-06-11,2705,790672,5309305,6.8,6.82,6.68,6.72,-0.09,271
2019-06-12,2705,310183,2106756,6.7,6.85,6.7,6.81,0.09,134
2019-06-13,2705,493506,3311430,6.8,6.8,6.67,6.75,-0.06,157
2019-06-14,2705,251662,1687359,6.75,6.75,6.69,6.75,0.0,103
2019-06-17,2705,63736,429332,6.78,6.78,6.72,6.75,0.0,52
2019-06-18,2705,251453,1708981,6.75,6.85,6.72,6.79,0.04,116
2019-06-19,2705,579163,3982015,6.8,6.94,6.8,6.86,0.07,173
2019-06-20,2705,361036,2483957,6.9,6.92,6.83,6.9,0.04,120
2019-06-21,2705,873116,6099622,6.94,7.03,6.92,7.03,0.13,282
2019-06-24,2705,649152,4546630,7.05,7.05,6.97,6.98,-0.05,173
2019-06-25,2705,523509,3682313,6.98,7.08,6.98,7.01,0.03,154
2019-06-26,2705,749310,5284588,7.01,7.08,7.01,7.06,0.05,147
2019-06-27,2705,844086,5951632,7.05,7.08,7.03,7.05,-0.01,147
2019-06-28,2705,1154175,8213268,7.09,7.25,7.02,7.2,0.15,326
2019-07-01,2705,1661249,12116895,7.24,7.39,7.22,7.35,0.15,478
2019-07-02,2705,1005747,7375884,7.35,7.4,7.27,7.3,-0.05,297
2019-07-03,2705,920331,6652205,7.28,7.3,7.2,7.22,-0.08,194
2019-07-04,2705,663488,4797751,7.23,7.27,7.21,7.22,0.0,173
2019-07-05,2705,394484,2851189,7.22,7.25,7.21,7.22,0.0,122
2019-07-08,2705,530102,3811845,7.24,7.24,7.14,7.18,-0.04,145
2019-07-09,2705,340730,2435171,7.16,7.2,7.12,7.18,0.0,127
2019-07-10,2705,319848,2289014,7.18,7.18,7.13,7.16,-0.02,114
2019-07-11,2705,560764,3982740,7.16,7.19,7.01,7.07,-0.09,170
2019-07-12,2705,306883,2164604,7.1,7.12,7.0,7.06,-0.01,134
2019-07-15,2705,1121722,8101283,7.14,7.32,7.13,7.24,0.18,342
2019-07-16,2705,477891,3427885,7.24,7.24,7.14,7.14,-0.1,173
2019-07-17,2705,466765,3335154,7.1,7.19,7.1,7.14,0.0,201
2019-07-18,2705,1424140,10176703,7.14,7.21,7.13,7.14,0.0,155
2019-07-19,2705,324866,2327824,7.15,7.19,7.13,7.17,0.03,133
2019-07-22,2705,685279,4922141,7.18,7.22,7.13,7.15,-0.02,178
2019-07-23,2705,417157,2978377,7.2,7.2,7.1,7.1,-0.05,180
2019-07-24,2705,450072,3191984,7.18,7.18,7.07,7.08,-0.02,146
2019-07-25,2705,297322,2102154,7.09,7.14,7.04,7.08,0.0,105
2019-07-26,2705,289808,2054366,7.13,7.13,7.06,7.07,-0.01,115
2019-07-29,2705,498539,3519802,7.07,7.13,7.02,7.02,-0.05,153
2019-07-30,2705,509309,3581697,7.02,7.09,7.0,7.02,0.0,147
2019-07-31,2705,201584,1417565,7.03,7.08,7.01,7.01,-0.01,92
2019-08-01,2705,801356,5557272,6.97,6.97,6.9,6.94,-0.07,217
2019-08-02,2705,851622,5850235,6.93,6.93,6.84,6.86,-0.08,835
2019-08-05,2705,457177,3148785,6.86,6.96,6.86,6.86,0.0,170
2019-08-06,2705,400297,2748995,6.87,6.9,6.83,6.9,0.04,415
2019-08-07,2705,345150,2415993,6.95,7.05,6.95,7.0,0.1,123
2019-08-08,2705,281901,1974397,7.0,7.04,6.98,7.04,0.04,95
2019-08-12,2705,694716,4928067,7.09,7.13,7.05,7.09,0.05,189
2019-08-13,2705,438268,3112150,7.06,7.13,7.06,7.11,0.02,167
2019-08-14,2705,851395,6112020,7.13,7.24,7.1,7.2,0.09,231
2019-08-15,2705,1490034,10403037,6.8,7.03,6.8,7.01,-0.19,326
2019-08-16,2705,309338,2182493,6.94,7.1,6.94,7.03,0.02,99
2019-08-19,2705,794131,5620614,7.09,7.12,7.05,7.12,0.09,243
2019-08-20,2705,762004,5426482,7.15,7.16,7.07,7.12,0.0,176
2019-08-21,2705,724881,5156722,7.14,7.17,7.08,7.12,0.0,230
2019-08-22,2705,459045,3261527,7.15,7.15,7.09,7.11,-0.01,133
2019-08-23,2705,1074333,7561292,7.09,7.11,7.0,7.06,-0.05,212
2019-08-26,2705,417512,2951584,7.07,7.1,7.04,7.05,-0.01,108
2019-08-27,2705,684870,4845358,7.08,7.12,7.05,7.07,0.02,133
2019-08-28,2705,344527,2440446,7.08,7.11,7.06,7.11,0.04,124
2019-08-29,2705,260634,1851638,7.14,7.14,7.08,7.12,0.01,108
2019-08-30,2705,549175,3892215,7.11,7.11,7.06,7.09,-0.03,129
2019-09-02,2705,327749,2329620,7.1,7.13,7.09,7.11,0.02,145
2019-09-03,2705,823012,5905910,7.12,7.25,7.12,7.17,0.06,257
2019-09-04,2705,825484,5945522,7.2,7.24,7.17,7.22,0.05,222
2019-09-05,2705,630631,4562429,7.24,7.28,7.21,7.21,-0.01,157
2019-09-06,2705,1205054,8745798,7.22,7.3,7.22,7.3,0.09,316
2019-09-09,2705,2100703,15668669,7.33,7.55,7.33,7.47,0.17,559
2019-09-10,2705,1631064,12299139,7.5,7.59,7.48,7.5,0.03,422
2019-09-11,2705,1138467,8525275,7.52,7.56,7.45,7.5,0.0,279
2019-09-12,2705,943772,7107099,7.53,7.57,7.5,7.52,0.02,252
2019-09-16,2705,1376186,10550761,7.57,7.74,7.57,7.73,0.21,494
2019-09-17,2705,1721805,13574131,7.76,8.03,7.74,7.85,0.12,528
2019-09-18,2705,1910782,14871122,7.86,7.9,7.69,7.76,-0.09,446
2019-09-19,2705,903775,6974337,7.76,7.79,7.69,7.71,-0.05,305
2019-09-20,2705,856483,6715124,7.73,7.99,7.73,7.83,0.12,345
2019-09-23,2705,871111,6848573,7.86,7.9,7.83,7.88,0.05,268
2019-09-24,2705,1784723,14368886,7.9,8.28,7.88,8.15,0.27,496
2019-09-25,2705,1473541,12055577,8.2,8.24,8.15,8.19,0.04,431
2019-09-26,2705,2380773,19832326,8.24,8.47,8.21,8.47,0.28,716
2019-09-27,2705,2381188,19850040,8.5,8.53,8.18,8.18,-0.29,690
2019-10-01,2705,837139,6799004,8.2,8.36,8.02,8.03,-0.15,294
2019-10-02,2705,1404462,11064298,8.01,8.01,7.79,7.91,-0.12,397
2019-10-03,2705,356932,2816735,7.89,7.92,7.87,7.92,0.01,144
2019-10-04,2705,376661,2974891,8.0,8.0,7.85,7.91,-0.01,163
2019-10-07,2705,664659,5168016,7.93,7.93,7.7,7.79,-0.12,244
2019-10-08,2705,1387990,10635255,7.79,7.79,7.6,7.6,-0.19,389
2019-10-09,2705,725098,5493524,7.59,7.61,7.55,7.61,0.01,305
2019-10-14,2705,1004553,7822102,7.65,8.0,7.64,8.0,0.39,368
2019-10-15,2705,919496,7328949,8.05,8.05,7.92,7.93,-0.07,371
2019-10-16,2705,568327,4504443,7.95,7.97,7.9,7.97,0.04,242
2019-10-17,2705,1282823,10342882,7.99,8.2,7.97,8.2,0.23,475
2019-10-18,2705,1097764,8953706,8.21,8.21,8.1,8.2,0.0,355
2019-10-21,2705,3168049,27026747,8.25,9.02,8.23,9.02,0.82,1097
2019-10-22,2705,3801571,33700084,9.05,9.05,8.65,8.78,-0.24,1307
2019-10-23,2705,2338875,20776315,8.78,8.97,8.75,8.95,0.17,853
2019-10-24,2705,1296527,11614103,9.05,9.05,8.9,8.96,0.01,417
2019-10-25,2705,2068940,18637471,8.91,9.08,8.88,9.02,0.06,625
2019-10-28,2705,1666771,15089528,9.02,9.12,8.98,9.03,0.01,521
2019-10-29,2705,1521829,13666393,9.04,9.05,8.93,8.98,-0.05,420
2019-10-30,2705,1832493,16184902,8.45,9.0,8.45,8.9,-0.08,549
2019-11-11,2705,1106349,18042607,16.6,17.0,15.75,15.8,0.0,591
2019-11-12,2705,1200787,18370790,15.6,15.65,15.05,15.25,-0.55,568
2019-11-13,2705,851499,13546780,15.25,16.5,15.15,15.8,0.55,572
2019-11-14,2705,452403,7087495,15.5,16.1,15.45,15.8,0.0,304
2019-11-15,2705,379449,5846169,15.75,15.75,15.25,15.5,-0.3,282
2019-11-18,2705,417366,6363535,15.5,15.5,15.05,15.15,-0.35,292
2019-11-19,2705,899052,13282173,15.05,15.1,14.65,14.65,-0.5,367
2019-11-20,2705,359271,5244710,14.85,14.9,14.45,14.5,-0.15,221
2019-11-21,2705,285192,4162366,14.45,14.75,14.45,14.7,0.2,167
2019-11-22,2705,251246,3651980,14.7,14.7,14.45,14.5,-0.2,161
2019-11-25,2705,213257,3076267,14.5,14.6,14.35,14.5,0.0,129
2019-11-26,2705,135535,1956732,14.5,14.6,14.35,14.5,0.0,122
2019-11-27,2705,824700,12321133,14.45,15.35,14.45,15.25,0.75,371
2019-11-28,2705,336978,5074220,15.25,15.25,14.9,15.05,-0.2,180
2019-11-29,2705,148764,2227110,15.1,15.1,14.8,15.05,0.0,92
2019-12-02,2705,191926,2878681,14.85,15.15,14.85,15.05,0.0,107
2019-12-03,2705,115953,1744345,14.9,15.15,14.9,15.1,0.05,134
2019-12-04,2705,148423,2231095,15.1,15.15,14.9,15.15,0.05,111
2019-12-05,2705,124981,1886615,15.15,15.15,15.0,15.15,0.0,91
2019-12-06,2705,234799,3563485,15.2,15.3,15.1,15.1,-0.05,114
2019-12-09,2705,285266,4317490,15.1,15.2,15.0,15.0,-0.1,116
2019-12-10,2705,127412,1905564,15.05,15.05,14.9,15.0,0.0,97
2019-12-11,2705,130226,1954911,15.0,15.15,14.9,15.05,0.05,84
2019-12-12,2705,143788,2167045,15.05,15.15,15.0,15.15,0.1,90
2019-12-13,2705,204799,3076986,15.15,15.15,14.9,15.05,-0.1,86
2019-12-16,2705,344488,5253327,15.1,15.4,15.05,15.35,0.3,172
2019-12-17,2705,263419,4076471,15.4,15.55,15.4,15.55,0.2,192
2019-12-18,2705,226863,3514158,15.55,15.55,15.45,15.55,0.0,170
2019-12-19,2705,156091,2426134,15.55,15.6,15.45,15.55,0.0,127
2019-12-20,2705,152627,2378809,15.65,15.65,15.5,15.6,0.05,107
2019-12-23,2705,254123,3958294,15.6,15.7,15.35,15.7,0.1,138
2019-12-24,2705,582259,8947330,15.65,15.7,15.15,15.55,-0.15,206
2019-12-25,2705,282133,4312680,15.55,15.55,15.05,15.5,-0.05,146
2019-12-26,2705,94145,1444403,15.4,15.6,15.3,15.4,-0.1,79
2019-12-27,2705,189035,2898270,15.35,15.45,15.3,15.35,-0.05,82
2019-12-30,2705,303585,4674736,15.35,15.5,15.3,15.4,0.05,98
2019-12-31,2705,120937,1871093,15.5,15.5,15.4,15.5,0.1,155
2020-01-02,2705,190657,2958106,15.5,15.6,15.45,15.45,-0.05,147
2020-01-03,2705,181218,2803880,15.55,15.55,15.4,15.5,0.05,138
2020-01-06,2705,210227,3224498,15.35,15.45,15.3,15.4,-0.1,110
2020-01-07,2705,71577,1101290,15.35,15.45,15.3,15.45,0.05,85
2020-01-08,2705,115595,1776013,15.45,15.45,15.3,15.35,-0.1,113
2020-01-09,2705,83596,1284860,15.35,15.4,15.35,15.4,0.05,69
2020-01-10,2705,398133,6192094,15.4,15.7,15.4,15.6,0.2,238
2020-01-13,2705,531337,8006731,15.25,15.3,14.5,15.3,-0.3,273
2020-01-14,2705,118276,1805187,15.25,15.35,15.2,15.35,0.05,125
2020-01-15,2705,96627,1488250,15.4,15.45,15.35,15.45,0.1,116
2020-01-16,2705,225012,3457770,15.5,15.5,15.25,15.5,0.05,112
2020-01-17,2705,105847,1638072,15.55,15.55,15.4,15.5,0.0,110
2020-01-20,2705,112304,1734849,15.45,15.5,15.4,15.5,0.0,133
2020-01-30,2705,836551,11847964,14.0,14.4,14.0,14.15,-1.35,359
2020-01-31,2705,315750,4478311,14.3,14.3,14.1,14.15,0.0,178
2020-02-03,2705,357858,4878163,13.9,13.9,13.45,13.65,-0.5,222
2020-02-04,2705,676424,8983476,13.65,13.65,13.05,13.25,-0.4,336
2020-02-05,2705,128888,1726932,13.25,13.7,13.25,13.4,0.15,104
2020-02-06,2705,153051,2052310,13.45,13.55,13.35,13.4,0.0,106
2020-02-07,2705,411128,5414411,13.4,13.45,13.0,13.1,-0.3,232
2020-02-10,2705,609055,7659423,13.0,13.0,12.4,12.9,-0.2,357
2020-02-11,2705,701286,8819707,12.65,13.0,12.4,12.9,0.0,278
2020-02-12,2705,119902,1567147,12.75,13.25,12.75,13.25,0.35,168
2020-02-13,2705,200643,2721899,13.45,13.65,13.45,13.55,0.3,201
2020-02-14,2705,57824,782825,13.55,13.6,13.5,13.55,0.0,140
2020-02-17,2705,146177,1964223,13.55,13.55,13.4,13.4,-0.15,153
2020-02-18,2705,49720,668790,13.55,13.55,13.4,13.45,0.05,75
2020-02-19,2705,109349,1476915,13.45,13.6,13.45,13.45,0.0,162
2020-02-20,2705,371350,4992065,13.45,13.55,13.35,13.55,0.1,145
2020-02-21,2705,104228,1390854,13.5,13.5,13.25,13.3,-0.25,133
2020-02-24,2705,70026,921656,13.1,13.25,13.1,13.2,-0.1,211
2020-02-25,2705,70473,924628,13.2,13.2,13.05,13.2,0.0,177
2020-02-26,2705,126049,1635937,13.2,13.2,12.9,13.05,-0.15,158
2020-02-27,2705,101736,1315668,13.05,13.25,12.85,13.05,0.0,176
2020-03-02,2705,154999,2007674,12.6,13.15,12.6,13.05,0.0,345
2020-03-03,2705,42275,550225,13.2,13.2,13.0,13.05,0.0,180
2020-03-04,2705,47481,618932,13.0,13.2,12.95,13.2,0.15,177
2020-03-05,2705,225809,2965795,13.15,13.15,13.05,13.15,-0.05,166
2020-03-06,2705,119921,1573856,13.35,13.35,13.05,13.1,-0.05,168
2020-03-09,2705,810101,10438706,13.1,13.2,12.55,12.8,-0.3,332
2020-03-10,2705,518303,6360685,12.55,12.55,12.0,12.35,-0.45,324
2020-03-11,2705,496016,5975701,12.35,12.35,11.95,11.95,-0.4,277
2020-03-12,2705,972457,10864327,11.9,11.9,10.8,11.1,-0.85,267
2020-03-13,2705,379506,3919742,11.1,11.1,10.2,10.3,-0.8,232
2020-03-16,2705,168575,1721034,10.35,10.4,10.1,10.1,-0.2,189
2020-03-17,2705,478027,4580722,9.95,9.95,9.4,9.66,-0.44,221
2020-03-18,2705,398838,3836384,9.74,9.74,9.5,9.68,0.02,220
2020-03-19,2705,617102,5718113,9.5,9.65,9.08,9.18,-0.5,179
2020-03-20,2705,153777,1489641,9.6,9.86,9.6,9.7,0.52,145
2020-03-23,2705,204430,2012593,10.0,10.0,9.7,9.94,0.24,130
2020-03-24,2705,152965,1534935,9.94,10.2,9.9,10.0,0.06,128
2020-03-25,2705,154820,1615000,10.2,10.55,10.2,10.3,0.3,128
2020-03-26,2705,70701,728711,10.55,10.55,10.2,10.5,0.2,115
2020-03-27,2705,148484,1556267,10.8,10.8,10.3,10.6,0.1,109
2020-03-30,2705,115979,1213007,10.35,10.6,10.2,10.5,-0.1,89
2020-03-31,2705,79835,838266,10.75,10.75,10.45,10.45,-0.05,154
2020-04-01,2705,73927,777574,10.4,10.75,10.3,10.6,0.15,187
2020-04-06,2705,104563,1092672,10.7,10.7,10.05,10.4,-0.2,112
2020-04-07,2705,142806,1473374,10.55,10.55,10.25,10.4,0.0,105
2020-04-08,2705,32108,332705,10.55,10.55,10.3,10.4,0.0,74
2020-04-09,2705,130397,1350653,10.4,10.6,10.2,10.45,0.05,109
2020-04-10,2705,54259,564624,10.5,10.55,10.35,10.4,-0.05,72
2020-04-13,2705,108771,1135378,10.3,10.55,10.25,10.5,0.1,100
2020-04-14,2705,157516,1645924,10.15,10.65,10.15,10.45,-0.05,107
2020-04-15,2705,443190,4550677,10.6,10.6,10.15,10.4,-0.05,260
2020-04-16,2705,547173,5571309,10.4,10.4,10.1,10.3,-0.1,235
2020-04-17,2705,454108,4609183,10.3,10.3,10.1,10.2,-0.1,203
2020-04-20,2705,141345,1430733,10.2,10.2,10.05,10.15,-0.05,168
2020-04-21,2705,356009,3549816,10.15,10.15,9.88,9.94,-0.21,191
2020-04-22,2705,122538,1214623,9.9,9.97,9.89,9.94,0.0,98
2020-04-23,2705,62101,617717,10.0,10.0,9.9,9.96,0.02,51
2020-04-24,2705,74294,738530,9.91,10.0,9.91,10.0,0.04,72
2020-04-27,2705,231032,2306726,10.0,10.05,9.92,10.0,0.0,121
2020-04-28,2705,405311,4106667,10.1,10.2,10.05,10.1,0.1,145
2020-04-29,2705,397559,4104553,10.25,10.5,10.1,10.45,0.35,150
2020-04-30,2705,621004,6745279,10.8,11.0,10.6,11.0,0.55,268
2020-05-04,2705,339274,3677624,10.6,11.2,10.55,10.75,-0.25,172
2020-05-05,2705,154911,1668535,11.0,11.0,10.65,10.8,0.05,75
2020-05-06,2705,134701,1455516,10.75,10.95,10.65,10.85,0.05,70
2020-05-07,2705,156988,1681958,10.8,10.85,10.6,10.8,-0.05,91
2020-05-08,2705,106889,1161543,10.95,10.95,10.8,10.8,0.0,70
2020-05-11,2705,259996,2858556,10.9,11.1,10.85,11.1,0.3,130
2020-05-12,2705,129800,1413622,11.1,11.1,10.8,10.9,-0.2,74
2020-05-13,2705,864024,10007271,10.9,11.95,10.9,11.95,1.05,342
2020-05-14,2705,1160975,14282225,12.2,12.6,11.9,12.45,0.5,510
2020-05-15,2705,576604,6999679,12.2,12.4,12.05,12.2,-0.25,214
2020-05-18,2705,675224,8547245,12.2,12.9,12.2,12.85,0.65,258
2020-05-19,2705,1609481,21591003,12.9,13.75,12.9,13.65,0.8,465
2020-05-20,2705,765386,10523770,13.55,14.15,13.25,14.0,0.35,299
2020-05-21,2705,387128,5364508,13.9,14.0,13.7,14.0,0.0,181
2020-05-22,2705,514464,7060227,13.95,13.95,13.6,13.75,-0.25,202
2020-05-25,2705,1356753,20019981,13.85,15.1,13.7,15.1,1.35,540
2020-05-26,2705,2913880,46801639,15.5,16.4,15.5,16.3,1.2,1380
2020-05-27,2705,1566073,24966297,16.35,16.45,15.5,15.65,-0.65,873
2020-05-28,2705,1204711,18351405,15.3,15.65,14.75,14.9,-0.75,610
2020-05-29,2705,753499,11548675,15.0,15.6,14.9,15.6,0.7,378
2020-06-01,2705,551154,8530272,15.8,15.9,15.25,15.5,-0.1,371
2020-06-02,2705,286147,4402381,15.5,15.5,15.25,15.3,-0.2,175
2020-06-03,2705,505713,7796841,15.35,15.55,15.25,15.4,0.1,343
2020-06-04,2705,751769,11456635,15.45,15.5,14.9,15.3,-0.1,374
2020-06-05,2705,579947,8939438,15.25,15.7,15.25,15.4,0.1,319
2020-06-08,2705,4735420,79025334,16.5,16.9,16.1,16.9,1.5,1484
2020-06-09,2705,6421936,113176567,17.9,17.95,17.1,17.35,0.45,2711
2020-06-10,2705,2588498,41956396,17.05,17.05,15.65,16.3,-1.05,1314
2020-06-11,2705,1709609,27005692,16.2,16.2,15.5,15.75,-0.55,923
2020-06-12,2705,1319633,19861981,15.0,15.65,14.4,15.2,-0.55,657
2020-06-15,2705,465351,7122328,15.55,15.55,15.15,15.35,0.15,308
2020-06-16,2705,606174,9324808,15.35,15.55,15.15,15.4,0.05,333
2020-06-17,2705,645060,10019455,15.65,15.7,15.4,15.5,0.1,301
2020-06-18,2705,688783,10567204,15.45,15.6,15.15,15.6,0.1,335
2020-06-19,2705,796371,12234484,15.55,15.55,15.2,15.3,-0.3,266
2020-06-22,2705,558716,8659216,15.35,15.7,15.35,15.5,0.2,318
2020-06-23,2705,434599,6715930,15.6,15.6,15.3,15.6,0.1,239
2020-06-24,2705,488049,7607651,15.5,15.7,15.5,15.6,0.0,265
2020-06-29,2705,441797,6764197,15.35,15.5,15.15,15.35,-0.25,222
2020-06-30,2705,957569,14971438,15.4,15.8,15.4,15.65,0.3,447
2020-07-01,2705,757568,11746183,15.75,15.75,15.3,15.3,-0.35,327
2020-07-02,2705,373351,5705899,15.3,15.4,15.2,15.35,0.05,211
2020-07-03,2705,545830,8432543,15.7,15.7,15.35,15.4,0.05,270
2020-07-06,2705,618351,9562261,15.35,15.6,15.35,15.4,0.0,308
2020-07-07,2705,407532,6232229,15.4,15.45,15.25,15.45,0.05,209
2020-07-08,2705,533053,8204952,15.3,15.55,15.3,15.45,0.0,253
2020-07-09,2705,2661105,43568028,15.45,16.95,15.45,16.8,1.35,1237
2020-07-10,2705,1924345,31991365,16.8,16.95,16.15,16.85,0.05,736
2020-07-13,2705,1876800,32093450,16.85,17.3,16.8,17.2,0.35,644
2020-07-14,2705,1215923,20817091,17.25,17.3,16.95,17.2,0.0,441
2020-07-15,2705,1051807,18044831,17.2,17.35,17.0,17.1,-0.1,397
2020-07-16,2705,1135322,19449238,17.25,17.3,17.05,17.1,0.0,346
2020-07-17,2705,1505674,25398112,17.1,17.15,16.7,16.9,-0.2,461
2020-07-20,2705,571450,9641205,16.95,17.05,16.8,16.9,0.0,242
2020-07-21,2705,483590,8197205,17.0,17.0,16.85,17.0,0.1,262
2020-07-22,2705,633400,10708621,17.0,17.15,16.8,16.9,-0.1,226
2020-07-23,2705,547504,9293231,16.95,17.1,16.85,17.0,0.1,244
2020-07-24,2705,747527,12611792,17.05,17.05,16.75,16.8,-0.2,227
2020-07-27,2705,726171,12101133,16.85,16.9,16.6,16.8,0.0,214
2020-07-28,2705,1228831,20054503,16.7,16.7,15.95,15.95,-0.85,371
2020-07-29,2705,487035,7988367,15.8,16.95,15.65,16.8,0.85,241
2020-07-30,2705,293896,4891964,16.8,16.85,16.5,16.8,0.0,154
2020-07-31,2705,218552,3645351,16.55,16.8,16.55,16.8,0.0,128
2020-08-03,2705,342677,5671912,16.75,16.75,16.45,16.5,-0.3,197
2020-08-04,2705,311510,5125354,16.45,16.6,16.35,16.5,0.0,162
2020-08-05,2705,262159,4289368,16.4,16.5,16.3,16.3,-0.2,133
2020-08-06,2705,331726,5384729,16.35,16.35,16.2,16.2,-0.1,160
2020-08-07,2705,347400,5605050,16.2,16.35,16.0,16.1,-0.1,161
2020-08-10,2705,891118,14779787,16.1,16.9,16.1,16.8,0.7,365
2020-08-11,2705,482016,7932802,16.85,16.85,16.2,16.4,-0.4,208
2020-08-12,2705,190701,3111850,16.25,16.4,16.2,16.3,-0.1,105
2020-08-13,2705,368182,5932325,16.4,16.4,16.0,16.2,-0.1,147
2020-08-14,2705,211087,3414694,16.1,16.3,16.1,16.3,0.1,111
2020-08-17,2705,389972,6315887,16.3,16.4,16.05,16.3,0.0,151
2020-08-18,2705,216895,3495120,16.2,16.2,16.05,16.15,-0.15,91
2020-08-19,2705,618197,9909816,16.15,16.15,15.9,16.0,-0.15,184
2020-08-20,2705,587973,9389202,16.0,16.5,15.6,16.5,0.5,253
2020-08-21,2705,184254,2989037,16.2,16.35,16.15,16.2,-0.3,87
2020-08-24,2705,169398,2727337,16.25,16.25,16.05,16.05,-0.15,82
2020-08-25,2705,281504,4525264,16.05,16.25,16.0,16.1,0.05,126
2020-08-26,2705,282892,4535222,16.15,16.15,15.95,16.1,0.0,109
2020-08-27,2705,297263,4782008,16.05,16.25,16.0,16.1,0.0,97
2020-08-28,2705,258883,4158228,16.1,16.1,16.05,16.1,0.0,100
2020-08-31,2705,160384,2579709,16.2,16.2,16.05,16.15,0.05,79
2020-09-01,2705,233273,3762468,16.2,16.2,16.05,16.15,0.0,93
2020-09-02,2705,342812,5527392,16.15,16.2,16.1,16.1,-0.05,112
2020-09-03,2705,658597,10694814,16.1,16.35,16.1,16.35,0.25,227
2020-09-04,2705,639891,10476708,16.1,16.5,16.1,16.4,0.05,269
2020-09-07,2705,1644102,27996736,16.4,17.35,16.4,17.3,0.9,725
2020-09-08,2705,1159398,20149177,17.3,17.55,17.3,17.4,0.1,411
2020-09-09,2705,1680708,30362012,17.35,18.5,17.1,18.5,1.1,822
2020-09-10,2705,1515148,27592583,18.55,18.8,17.9,18.0,-0.5,537
2020-09-11,2705,939590,16447780,17.95,18.15,17.25,17.35,-0.65,364
2020-09-14,2705,470044,8264257,17.45,17.8,17.4,17.6,0.25,235
2020-09-15,2705,516170,9146829,17.6,17.85,17.55,17.8,0.2,265
2020-09-16,2705,1197443,21359628,17.8,18.0,17.7,17.95,0.15,392
2020-09-17,2705,371233,6703314,18.2,18.2,17.95,18.1,0.15,171
2020-09-18,2705,456817,8302663,18.15,18.25,18.1,18.2,0.1,269
2020-09-21,2705,286966,5214175,18.2,18.25,18.1,18.2,0.0,152
2020-09-22,2705,215989,3921098,18.2,18.25,18.1,18.15,-0.05,117
2020-09-23,2705,719404,13200194,18.25,18.5,18.15,18.5,0.35,328
2020-09-24,2705,600942,11009391,18.5,18.5,18.15,18.2,-0.3,270
2020-09-25,2705,867211,15598248,18.15,18.25,17.8,17.9,-0.3,256
2020-09-28,2705,682487,12427328,17.9,18.4,17.9,18.25,0.35,285
2020-09-29,2705,350799,6440408,18.5,18.5,18.25,18.4,0.15,194
2020-09-30,2705,1467270,27792430,18.4,19.3,18.4,19.1,0.7,610
2020-10-05,2705,1322377,26064252,19.2,19.95,19.2,19.85,0.75,663
2020-10-06,2705,730747,14393361,19.8,20.05,19.3,19.8,-0.05,445
2020-10-07,2705,746396,14830607,19.7,20.0,19.7,19.85,0.05,321
2020-10-08,2705,880097,17378832,19.85,19.9,19.65,19.7,-0.15,336
2020-10-12,2705,630745,12224191,19.75,19.75,19.25,19.3,-0.4,309
2020-10-13,2705,672263,12860098,19.3,19.35,18.85,19.35,0.05,280
2020-10-14,2705,244605,4691367,19.3,19.3,19.1,19.2,-0.15,131
2020-10-15,2705,321452,6143288,19.2,19.35,19.0,19.15,-0.05,166
2020-10-16,2705,237423,4532835,19.2,19.2,19.0,19.0,-0.15,128
2020-10-19,2705,930630,18465696,20.0,20.0,19.7,19.9,0.9,441
2020-10-20,2705,1576282,31584169,19.9,20.2,19.9,20.2,0.3,542
2020-10-21,2705,2796471,59979656,20.7,22.1,20.55,21.7,1.5,1159
2020-10-22,2705,1002485,21578976,21.45,21.9,20.8,21.6,-0.1,550
2020-10-23,2705,1283733,28733903,21.6,22.95,21.6,22.5,0.9,755
2020-10-26,2705,765116,17044956,22.5,22.6,21.9,22.6,0.1,526
2020-10-27,2705,571512,12873605,22.45,22.7,22.2,22.7,0.1,439
2020-10-28,2705,733963,16711782,22.5,23.05,22.5,22.7,0.0,565
2020-10-29,2705,1159517,25669067,22.3,22.45,21.9,22.2,-0.5,860
2020-10-30,2705,780464,17183328,22.2,22.25,21.95,22.0,-0.2,496
2020-11-02,2705,485510,10646667,22.0,22.05,21.8,22.0,0.0,309
2020-11-03,2705,381591,8458934,22.15,22.4,22.05,22.15,0.15,275
2020-11-04,2705,289972,6413140,22.15,22.45,22.05,22.15,0.0,193
2020-11-05,2705,450744,9974575,22.15,22.3,22.05,22.2,0.05,291
2020-11-06,2705,443131,9811766,22.2,22.4,22.05,22.15,-0.05,242
2020-11-09,2705,362270,8017703,22.2,22.35,22.05,22.1,-0.05,277
2020-11-10,2705,973770,21812660,22.7,22.9,22.05,22.25,0.15,554
2020-11-11,2705,640072,14094155,22.25,22.25,21.95,22.05,-0.2,390
2020-11-12,2705,788768,17157146,22.05,22.05,21.65,21.65,-0.4,423
2020-11-13,2705,638097,14050012,21.55,22.55,21.55,22.3,0.65,392
2020-11-16,2705,1081817,24550616,22.3,22.8,22.3,22.75,0.45,553
2020-11-17,2705,558759,12589319,22.75,22.8,22.35,22.35,-0.4,341
2020-11-18,2705,497130,11077847,22.5,22.5,22.15,22.25,-0.1,353
2020-11-19,2705,269390,5978478,22.2,22.35,22.05,22.2,-0.05,203
2020-11-20,2705,367114,8122004,22.4,22.4,22.0,22.1,-0.1,226
2020-11-23,2705,711780,15554491,22.25,22.25,21.65,21.65,-0.45,432
2020-11-24,2705,652777,13961697,21.6,21.7,21.25,21.4,-0.25,382
2020-11-25,2705,274448,5897927,21.4,21.65,21.3,21.45,0.05,207
2020-11-26,2705,366438,7877134,21.45,21.6,21.35,21.6,0.15,243
2020-11-27,2705,696345,14744250,20.35,21.55,20.35,21.35,-0.25,364
2020-11-30,2705,599008,12879361,21.35,21.65,21.35,21.6,0.25,302
2020-12-01,2705,469727,9998700,21.6,21.6,21.15,21.3,-0.3,262
2020-12-02,2705,472962,9972886,21.15,21.2,21.0,21.1,-0.2,240
2020-12-03,2705,269400,5685808,21.1,21.25,21.05,21.2,0.1,191
2020-12-04,2705,356771,7566735,21.15,21.4,21.1,21.25,0.05,211
2020-12-07,2705,413397,8647131,21.25,21.25,20.85,20.9,-0.35,271
2020-12-08,2705,559671,11515949,20.85,20.85,20.35,20.6,-0.3,300
2020-12-09,2705,405105,8338378,20.6,20.85,20.4,20.65,0.05,267
2020-12-10,2705,1113598,24219511,20.65,22.0,20.55,21.95,1.3,583
2020-12-11,2705,724592,15711788,22.0,22.35,21.2,21.35,-0.6,350
2020-12-14,2705,882064,19106145,21.4,22.0,21.0,22.0,0.65,434
2020-12-15,2705,470698,10171320,22.05,22.05,21.45,21.55,-0.45,256
2020-12-16,2705,248087,5383401,21.55,21.75,21.55,21.75,0.2,179
2020-12-17,2705,210929,4572410,21.75,21.85,21.55,21.75,0.0,145
2020-12-18,2705,475624,10408776,21.7,22.1,21.65,22.0,0.25,291
2020-12-21,2705,1066985,24027313,22.6,22.8,22.2,22.5,0.5,610
2020-12-22,2705,1269075,28315342,22.5,22.65,21.8,21.95,-0.55,654
2020-12-23,2705,470578,10368885,22.0,22.45,21.95,22.0,0.05,272
2020-12-24,2705,417239,9281458,22.0,22.4,22.0,22.35,0.35,242
2020-12-25,2705,307128,6847054,22.35,22.5,22.15,22.2,-0.15,220
2020-12-28,2705,573755,12623860,22.2,22.25,21.9,21.95,-0.25,341
2020-12-29,2705,410241,8945891,21.95,21.95,21.7,21.7,-0.25,266
2020-12-30,2705,261170,5702551,21.8,22.0,21.75,21.95,0.25,214
2020-12-31,2705,275927,6016103,22.0,22.0,21.7,21.8,-0.15,185
2021-01-04,2705,213399,4636075,21.8,21.85,21.65,21.7,-0.1,150
2021-01-05,2705,512123,11004498,21.7,21.7,21.3,21.5,-0.2,290
2021-01-06,2705,588586,12464832,21.35,21.45,21.0,21.05,-0.45,349
2021-01-07,2705,409323,8605052,21.05,21.25,20.9,21.0,-0.05,238
2021-01-08,2705,315047,6590075,21.0,21.2,20.8,20.95,-0.05,243
2021-01-11,2705,701459,14361372,21.0,21.0,20.15,21.0,0.05,456
2021-01-12,2705,632612,12795882,20.55,20.55,20.1,20.1,-0.9,345
2021-01-13,2705,286954,5827566,20.1,20.6,20.1,20.2,0.1,189
2021-01-14,2705,191912,3863373,20.2,20.25,20.05,20.1,-0.1,149
2021-01-15,2705,473592,9492748,20.15,20.15,20.0,20.05,-0.05,306
2021-01-18,2705,333255,6593940,20.0,20.0,19.65,19.9,-0.15,234
2021-01-19,2705,368459,7322223,19.85,20.2,19.7,19.85,-0.05,225
2021-01-20,2705,683485,13239149,19.85,19.85,19.15,19.2,-0.65,405
2021-01-21,2705,307412,5932880,19.2,19.5,19.2,19.35,0.15,224
2021-01-22,2705,204916,3941981,19.5,19.5,19.15,19.25,-0.1,191
2021-01-25,2705,316446,6038381,19.2,19.2,19.05,19.05,-0.2,191
2021-01-26,2705,219443,4197206,19.1,19.3,19.1,19.1,0.05,166
2021-01-27,2705,95594,1834246,19.1,19.3,19.1,19.1,0.0,104
2021-01-28,2705,234996,4464614,19.1,19.1,18.9,19.05,-0.05,136
2021-01-29,2705,687323,13693849,19.0,20.95,18.9,19.9,0.85,399
2021-02-01,2705,216856,4180094,19.9,19.9,19.15,19.2,-0.7,189
2021-02-02,2705,181666,3509937,19.3,19.4,19.3,19.35,0.15,145
2021-02-03,2705,157395,3055860,19.4,19.55,19.4,19.4,0.05,118
2021-02-04,2705,220593,4342411,19.5,20.0,19.5,20.0,0.6,201
2021-02-05,2705,253067,5064440,20.0,20.2,19.95,20.0,0.0,176
2021-02-17,2705,228333,4589854,20.15,20.2,20.0,20.1,0.1,200
2021-02-18,2705,178072,3629973,20.1,20.6,20.1,20.6,0.5,160
2021-02-19,2705,162694,3356424,20.6,20.85,20.6,20.7,0.1,153
2021-02-22,2705,390162,8279492,20.8,21.45,20.8,21.3,0.6,310
2021-02-23,2705,290272,6138971,21.25,21.3,21.0,21.3,0.0,233
2021-02-24,2705,199555,4237868,21.6,21.6,21.05,21.3,0.0,189
2021-02-25,2705,212954,4516053,21.3,21.5,21.1,21.2,-0.1,152
2021-02-26,2705,236429,5003623,21.2,21.4,21.1,21.1,-0.1,202
2021-03-02,2705,374694,7959624,21.25,21.3,21.1,21.25,0.15,229
2021-03-03,2705,867911,18963329,21.3,22.25,21.3,22.05,0.8,523
2021-03-04,2705,424764,9375513,22.1,22.3,22.0,22.0,-0.05,334
2021-03-05,2705,317762,6877012,21.8,21.8,21.55,21.7,-0.3,259
2021-03-08,2705,325547,7024139,21.95,21.95,21.35,21.45,-0.25,302
2021-03-09,2705,132275,2845847,21.75,21.75,21.4,21.7,0.25,185
2021-03-10,2705,228802,4968046,21.7,21.85,21.7,21.75,0.05,194
2021-03-11,2705,119570,2593878,21.85,21.85,21.5,21.75,0.0,180
2021-03-12,2705,175902,3807441,21.7,21.8,21.55,21.75,0.0,164
2021-03-15,2705,208167,4482846,21.55,21.65,21.45,21.5,-0.25,232
2021-03-16,2705,230292,4904579,21.5,21.5,21.15,21.2,-0.3,279
2021-03-17,2705,328994,6904864,21.2,21.2,20.85,21.0,-0.2,427
2021-03-18,2705,118686,2490701,21.05,21.15,20.9,21.0,0.0,283
2021-03-19,2705,148355,3099888,21.0,21.4,20.75,20.8,-0.2,279
2021-03-22,2705,137005,2823797,20.6,20.7,20.55,20.65,-0.15,342
2021-03-23,2705,199955,4085526,20.6,20.65,20.25,20.3,-0.35,335
2021-03-24,2705,96004,1952525,20.3,20.4,20.3,20.35,0.05,245
2021-03-25,2705,75715,1558524,20.5,20.7,20.45,20.6,0.25,275
2021-03-26,2705,153181,3121530,20.6,20.75,20.2,20.5,-0.1,260
2021-03-29,2705,188909,3844282,20.5,20.5,20.2,20.45,-0.05,268
2021-03-30,2705,193456,3923909,20.45,20.45,20.15,20.25,-0.2,404
2021-03-31,2705,222236,4461916,20.25,20.25,20.0,20.15,-0.1,199
2021-04-01,2705,103435,2077158,20.15,20.25,20.0,20.1,-0.05,138
2021-04-06,2705,430083,8473166,20.1,20.1,19.5,19.65,-0.45,303
2021-04-07,2705,247544,4874477,19.55,20.0,19.5,20.0,0.35,172
2021-04-08,2705,171952,3414179,20.0,20.1,19.75,19.8,-0.2,168
2021-04-09,2705,236382,4624760,19.6,19.8,19.5,19.6,-0.2,225
2021-04-12,2705,279857,5460653,19.5,19.65,19.45,19.45,-0.15,183
2021-04-13,2705,377727,7473991,19.45,20.05,19.45,19.9,0.45,241
2021-04-14,2705,392205,7679536,19.9,20.1,19.25,19.35,-0.55,729
2021-04-15,2705,172871,3325889,19.0,19.4,19.0,19.3,-0.05,382
2021-04-16,2705,197321,3824675,19.3,19.45,19.3,19.45,0.15,278
2021-04-19,2705,436494,8445916,19.45,19.6,19.1,19.5,0.05,318
2021-04-20,2705,429410,8369937,19.5,19.65,19.4,19.6,0.1,265
2021-04-21,2705,888385,17819891,19.6,20.6,19.45,20.35,0.75,467
2021-04-22,2705,632756,12795117,20.35,20.45,19.85,20.0,-0.35,379
2021-04-23,2705,219657,4427212,20.4,20.4,20.05,20.1,0.1,167
2021-04-26,2705,248921,4994808,20.1,20.15,20.0,20.1,0.0,185
2021-04-27,2705,1090312,22418996,20.0,21.2,20.0,20.65,0.55,466
2021-04-28,2705,901104,18668591,20.65,21.2,20.4,20.65,0.0,350
2021-04-29,2705,296117,6094002,20.7,20.85,20.4,20.65,0.0,238
2021-05-03,2705,484939,9708243,20.7,20.7,19.8,19.8,-0.85,249
2021-05-04,2705,512438,9896012,19.8,19.8,19.05,19.15,-0.65,269
2021-05-05,2705,324913,6240478,19.15,19.5,19.1,19.3,0.15,188
2021-05-06,2705,172314,3326210,19.2,19.5,19.2,19.3,0.0,110
2021-05-07,2705,187957,3620600,19.3,19.35,19.2,19.3,0.0,120
2021-05-10,2705,257576,4928751,19.15,19.25,18.85,19.2,-0.1,187
2021-05-11,2705,957303,17638079,19.0,19.15,17.8,18.0,-1.2,381
2021-05-12,2705,1444218,24039828,17.85,17.85,16.2,16.25,-1.75,465
2021-05-13,2705,564513,9059971,15.8,16.5,15.7,16.0,-0.25,329
2021-05-14,2705,580106,9262562,16.0,16.35,15.75,15.9,-0.1,283
2021-05-17,2705,479908,7049965,14.55,15.5,14.5,14.5,-1.4,267
2021-05-18,2705,342447,5202629,15.0,15.6,14.65,15.4,0.9,205
2021-05-19,2705,174820,2697476,15.4,15.9,15.1,15.85,0.45,132
2021-05-20,2705,117379,1824074,15.9,15.9,15.4,15.6,-0.25,113
2021-05-21,2705,189767,3036927,15.75,16.1,15.7,16.1,0.5,101
2021-05-24,2705,228876,3741599,16.4,16.5,16.0,16.45,0.35,119
2021-05-25,2705,152853,2480652,16.5,16.5,16.0,16.25,-0.2,107
2021-05-26,2705,151369,2499223,16.25,16.6,16.25,16.6,0.35,82
2021-05-27,2705,153979,2536742,16.7,16.7,16.3,16.6,0.0,82
2021-05-28,2705,145885,2424584,16.7,16.7,16.5,16.7,0.1,112
2021-05-31,2705,275510,4669456,16.7,17.1,16.7,16.95,0.25,161
2021-06-01,2705,141531,2413453,17.15,17.15,16.95,17.05,0.1,121
2021-06-02,2705,198592,3389843,17.1,17.25,16.85,17.0,-0.05,133
2021-06-03,2705,423173,7249776,17.0,17.4,17.0,17.2,0.2,160
2021-06-04,2705,552813,9744375,17.2,17.95,17.2,17.35,0.15,269
2021-06-07,2705,202857,3435812,17.35,17.35,16.75,16.8,-0.55,148
2021-06-08,2705,92787,1576914,17.15,17.15,16.85,16.95,0.15,69
2021-06-09,2705,90059,1529322,16.9,17.0,16.9,16.9,-0.05,76
2021-06-10,2705,93448,1576097,17.0,17.0,16.8,16.9,0.0,77
2021-06-11,2705,59608,1012480,17.0,17.05,16.9,16.95,0.05,79
2021-06-15,2705,315911,5460560,17.0,17.5,17.0,17.5,0.55,209
2021-06-16,2705,144399,2540356,17.8,17.8,17.5,17.6,0.1,115
2021-06-17,2705,284973,5097790,17.6,18.15,17.6,18.0,0.4,225
2021-06-18,2705,131971,2375342,18.0,18.05,17.9,18.05,0.05,111
2021-06-21,2705,810700,15099297,18.05,19.1,18.0,18.95,0.9,485
2021-06-22,2705,469062,8905769,19.1,19.4,18.5,18.85,-0.1,348
2021-06-23,2705,470827,8715183,19.15,19.15,18.3,18.35,-0.5,235
2021-06-24,2705,147328,2698677,18.5,18.5,18.2,18.4,0.05,127
2021-06-25,2705,276323,5008442,18.4,18.4,18.0,18.2,-0.2,153
2021-06-28,2705,230129,4162976,18.2,18.35,18.0,18.15,-0.05,129
2021-06-29,2705,268433,4804487,17.9,18.15,17.75,17.9,-0.25,152
2021-06-30,2705,182258,3291754,18.05,18.15,18.0,18.1,0.2,153
2021-07-01,2705,280271,5057222,18.1,18.2,17.95,18.05,-0.05,180
2021-07-02,2705,292104,5267690,18.1,18.1,17.9,18.0,-0.05,192
2021-07-05,2705,394038,7213750,18.15,18.55,18.0,18.55,0.55,239
2021-07-06,2705,625127,11868567,18.75,19.15,18.75,19.0,0.45,416
2021-07-07,2705,2920401,59597959,19.2,20.9,19.05,20.9,1.9,1677
2021-07-08,2705,2566812,52287696,21.1,21.15,19.1,20.5,-0.4,1595
2021-07-09,2705,1568908,31542676,20.5,20.65,19.55,19.8,-0.7,980
2021-07-12,2705,505255,9726373,19.65,19.65,19.05,19.1,-0.7,427
2021-07-13,2705,748806,14225392,19.15,19.35,18.8,18.8,-0.3,402
2021-07-14,2705,368518,7096434,19.3,19.5,18.85,19.2,0.4,237
2021-07-15,2705,309286,5938913,19.2,19.3,19.0,19.3,0.1,213
2021-07-16,2705,388895,7521897,19.3,19.45,19.1,19.45,0.15,223
2021-07-19,2705,1706246,34192674,19.5,20.3,19.5,20.25,0.8,926
2021-07-20,2705,718709,14086605,20.1,20.1,19.3,19.6,-0.65,473
2021-07-21,2705,585431,11325752,19.85,19.9,19.0,19.5,-0.1,336
2021-07-22,2705,362130,6965111,19.7,19.7,19.05,19.1,-0.4,264
2021-07-23,2705,958857,18811125,19.2,20.0,19.05,19.65,0.55,599
2021-07-26,2705,506787,9728911,19.55,19.55,19.1,19.2,-0.45,359
2021-07-27,2705,728538,13670430,19.4,19.4,18.4,18.5,-0.7,412
2021-07-28,2705,400839,7260856,18.45,18.45,18.0,18.1,-0.4,260
2021-07-29,2705,177122,3222628,18.1,18.35,18.1,18.25,0.15,145
2021-07-30,2705,178582,3245002,18.2,18.35,18.1,18.1,-0.15,176
2021-08-02,2705,436559,7813401,18.0,18.1,17.7,18.1,0.0,291
2021-08-03,2705,81963,1481720,18.15,18.25,18.0,18.0,-0.1,98
2021-08-04,2705,183406,3346291,18.0,18.5,18.0,18.5,0.5,156
2021-08-05,2705,163352,2983316,18.5,18.5,18.0,18.5,0.0,126
2021-08-06,2705,192359,3520078,18.5,18.5,18.1,18.5,0.0,154
2021-08-09,2705,106656,1952963,18.5,18.5,18.15,18.45,-0.05,100
2021-08-10,2705,81202,1483176,18.45,18.45,18.1,18.35,-0.1,70
2021-08-11,2705,189146,3431750,18.35,18.35,18.05,18.2,-0.15,116
2021-08-12,2705,187590,3361092,18.05,18.1,17.85,17.95,-0.25,159
2021-08-13,2705,278161,4918383,17.95,17.95,17.5,17.75,-0.2,186
2021-08-16,2705,151557,2709782,18.85,18.85,17.5,17.75,0.0,117
2021-08-17,2705,139008,2444604,17.75,17.8,17.45,17.7,-0.05,125
2021-08-18,2705,178428,3148454,17.4,17.9,17.35,17.7,0.0,121
2021-08-19,2705,179618,3153659,17.6,17.8,17.45,17.65,-0.05,117
2021-08-20,2705,126241,2219521,17.75,17.8,17.4,17.8,0.15,95
2021-08-23,2705,164376,2921850,17.8,17.9,17.5,17.9,0.1,111
2021-08-24,2705,87219,1566480,17.95,18.1,17.9,18.0,0.1,86
2021-08-25,2705,160569,2910731,18.1,18.25,17.8,18.2,0.2,118
2021-08-26,2705,247861,4535595,18.1,18.45,18.1,18.4,0.2,165
2021-08-27,2705,118713,2166769,18.3,18.35,18.15,18.35,-0.05,106
2021-08-30,2705,259147,4706342,18.3,18.35,18.05,18.35,0.0,125
2021-08-31,2705,85815,1554776,18.35,18.35,18.0,18.1,-0.25,83
2021-09-01,2705,450253,8331676,18.25,18.7,18.25,18.5,0.4,168
2021-09-02,2705,94670,1733692,18.5,18.5,18.25,18.25,-0.25,84
2021-09-03,2705,237712,4337433,18.25,18.6,18.15,18.2,-0.05,137
2021-09-06,2705,169415,3064657,18.15,18.15,17.95,18.15,-0.05,123
2021-09-07,2705,209663,3737692,18.0,18.0,17.75,17.9,-0.25,99
2021-09-08,2705,183166,3227764,18.0,18.0,17.3,17.45,-0.45,122
2021-09-09,2705,174976,3041839,17.45,17.65,17.3,17.4,-0.05,103
2021-09-10,2705,68260,1202074,17.4,17.85,17.4,17.7,0.3,53
2021-09-13,2705,133139,2381844,17.7,18.1,17.65,17.75,0.05,91
2021-09-14,2705,68551,1223189,18.05,18.05,17.65,17.95,0.2,58
2021-09-15,2705,70422,1263001,17.95,18.0,17.85,18.0,0.05,55
2021-09-16,2705,217015,3913372,18.2,18.2,17.85,17.85,-0.15,105
2021-09-17,2705,73624,1320014,17.85,18.0,17.8,17.95,0.1,44
2021-09-22,2705,107536,1920015,17.9,18.0,17.75,17.75,-0.2,76
2021-09-23,2705,90316,1610907,17.8,18.0,17.75,18.0,0.25,59
2021-09-24,2705,60038,1081017,18.0,18.15,17.75,18.0,0.0,56
2021-09-27,2705,126838,2300304,18.0,18.2,18.0,18.05,0.05,143
2021-09-28,2705,88651,1610401,18.2,18.25,18.0,18.25,0.2,67
2021-09-29,2705,145651,2627224,18.2,18.2,17.95,18.05,-0.2,106
2021-09-30,2705,142042,2578914,18.1,18.25,18.1,18.15,0.1,91
2021-10-01,2705,324997,5861662,18.2,18.25,17.8,18.0,-0.15,202
2021-10-04,2705,1282561,24066817,18.15,19.0,18.15,18.8,0.8,700
2021-10-05,2705,505322,9413917,18.85,18.85,18.4,18.6,-0.2,308
2021-10-06,2705,343509,6400417,18.65,18.85,18.3,18.6,0.0,196
2021-10-07,2705,192674,3596392,18.5,18.75,18.5,18.65,0.05,155
2021-10-08,2705,235077,4378399,18.75,18.9,18.4,18.45,-0.2,163
2021-10-12,2705,287429,5211499,18.5,18.5,18.0,18.15,-0.3,147
2021-10-13,2705,210352,3805291,18.2,18.25,17.9,18.15,0.0,176
2021-10-14,2705,152080,2726482,18.15,18.15,17.85,17.95,-0.2,90
2021-10-15,2705,99281,1785929,17.95,18.1,17.95,18.0,0.05,94
2021-10-18,2705,65580,1176585,18.15,18.15,17.85,18.0,0.0,57
2021-10-19,2705,76235,1377869,18.1,18.1,18.0,18.1,0.1,55
2021-10-20,2705,141938,2554993,18.1,18.1,17.95,18.0,-0.1,74
2021-10-21,2705,83687,1501590,17.9,18.0,17.9,18.0,0.0,69
2021-10-22,2705,52912,948579,17.9,18.0,17.9,18.0,0.0,59
2021-10-25,2705,87790,1576851,18.1,18.1,17.9,18.0,0.0,63
2021-10-26,2705,200155,3581784,18.0,18.0,17.85,18.0,0.0,113
2021-10-27,2705,56825,1018981,18.1,18.1,17.85,17.95,-0.05,54
2021-10-28,2705,193355,3501825,17.95,18.25,17.95,18.1,0.15,106
2021-10-29,2705,158816,2873729,18.2,18.2,18.0,18.05,-0.05,93
2021-11-01,2705,92254,1668627,18.05,18.15,18.05,18.15,0.1,92
2021-11-02,2705,168173,3073478,18.2,18.6,18.2,18.2,0.05,125
2021-11-03,2705,45647,830266,18.2,18.35,18.1,18.2,0.0,71
2021-11-04,2705,128752,2323010,18.2,18.2,17.95,18.1,-0.1,95
2021-11-05,2705,48078,870809,18.1,18.2,18.0,18.1,0.0,58
2021-11-08,2705,272582,5000022,18.25,18.4,18.25,18.35,0.25,189
2021-11-09,2705,99037,1815229,18.35,18.4,18.3,18.35,0.0,102
2021-11-10,2705,111684,2054168,18.35,18.45,18.35,18.45,0.1,86
2021-11-11,2705,203749,3757982,18.45,18.5,18.35,18.35,-0.1,124
2021-11-12,2705,222807,4075605,18.5,18.5,18.15,18.25,-0.1,107
2021-11-15,2705,128402,2341182,18.25,18.3,18.2,18.2,-0.05,86
2021-11-16,2705,89354,1632036,18.25,18.45,18.2,18.25,0.05,56
2021-11-17,2705,150076,2734664,18.3,18.3,18.2,18.25,0.0,110
2021-11-18,2705,131727,2398120,18.25,18.25,18.15,18.2,-0.05,82
2021-11-19,2705,108772,1978923,18.25,18.35,18.15,18.2,0.0,95
2021-11-22,2705,137416,2497424,18.2,18.25,18.1,18.2,0.0,77
2021-11-23,2705,76630,1387313,18.1,18.25,18.05,18.15,-0.05,67
2021-11-24,2705,136418,2475225,18.15,18.25,18.05,18.15,0.0,86
2021-11-25,2705,32837,594870,18.15,18.15,18.05,18.15,0.0,58
2021-11-26,2705,142267,2549266,18.1,18.1,17.8,17.85,-0.3,106
2021-11-29,2705,168447,2954131,17.65,17.75,17.3,17.6,-0.25,120
2021-11-30,2705,82729,1463575,17.95,17.95,17.6,17.7,0.1,70
2021-12-01,2705,66591,1176686,17.8,17.8,17.6,17.65,-0.05,69
2021-12-02,2705,125048,2192728,17.7,17.7,17.5,17.55,-0.1,72
2021-12-03,2705,36570,643733,17.55,17.65,17.55,17.65,0.1,49
2021-12-06,2705,103588,1818333,17.65,17.7,17.5,17.7,0.05,87
2021-12-07,2705,46927,830710,17.7,17.75,17.7,17.7,0.0,42
2021-12-08,2705,35301,626473,17.9,17.9,17.65,17.7,0.0,61
2021-12-09,2705,58449,1032839,17.7,17.75,17.6,17.7,0.0,51
2021-12-10,2705,45225,795560,17.8,17.8,17.55,17.6,-0.1,64
2021-12-13,2705,108096,1899987,17.75,17.75,17.5,17.65,0.05,79
2021-12-14,2705,84215,1471495,17.55,17.55,17.45,17.5,-0.15,90
2021-12-15,2705,90150,1569446,17.55,17.55,17.35,17.4,-0.1,68
2021-12-16,2705,205519,3566285,17.35,17.45,17.3,17.4,0.0,107
2021-12-17,2705,171868,2962408,17.35,17.35,17.15,17.25,-0.15,92
2021-12-20,2705,102754,1769164,17.3,17.3,17.1,17.3,0.05,66
2021-12-21,2705,29497,506675,17.15,17.25,17.1,17.25,-0.05,68
2021-12-22,2705,153828,2658137,17.2,17.4,17.2,17.3,0.05,82
2021-12-23,2705,122551,2130916,17.35,17.45,17.3,17.45,0.15,79
2021-12-24,2705,57015,993058,17.45,17.5,17.35,17.35,-0.1,72
2021-12-27,2705,59603,1032219,17.35,17.35,17.3,17.35,0.0,80
2021-12-28,2705,94061,1641786,17.4,17.55,17.4,17.55,0.2,93
2021-12-29,2705,164504,2898254,17.5,17.75,17.45,17.65,0.1,123
2021-12-30,2705,164954,2923339,17.8,17.85,17.55,17.55,-0.1,147
2022-01-03,2705,84139,1472242,17.6,17.6,17.4,17.45,-0.1,119
2022-01-04,2705,61766,1079077,17.5,17.5,17.4,17.45,0.0,85
2022-01-05,2705,41954,732960,17.45,17.5,17.45,17.45,0.0,66
2022-01-06,2705,64212,1111789,17.45,17.45,17.25,17.35,-0.1,86
2022-01-07,2705,187113,3218532,17.35,17.35,17.1,17.25,-0.1,135
2022-01-10,2705,66681,1141312,17.1,17.2,17.0,17.2,-0.05,98
2022-01-11,2705,120599,2101633,17.25,17.6,17.25,17.45,0.25,132
2022-01-12,2705,154834,2695924,17.5,17.5,17.3,17.5,0.05,91
2022-01-13,2705,34217,594717,17.5,17.5,17.35,17.4,-0.1,70
2022-01-14,2705,133774,2301879,17.4,17.4,17.2,17.25,-0.15,85
2022-01-17,2705,109622,1897529,17.15,17.35,17.15,17.3,0.05,83
2022-01-18,2705,80743,1394643,17.4,17.4,17.2,17.25,-0.05,123
2022-01-19,2705,20019,343588,17.1,17.25,17.1,17.15,-0.1,51
2022-01-20,2705,42782,738563,17.25,17.4,17.15,17.3,0.15,53
2022-01-21,2705,142789,2440166,17.3,17.3,17.0,17.25,-0.05,152
2022-01-24,2705,89422,1534573,17.25,17.25,17.05,17.25,0.0,106
2022-01-25,2705,76045,1298769,17.2,17.2,17.05,17.05,-0.2,105
2022-01-26,2705,131300,2235822,17.05,17.1,16.9,17.1,0.05,150
2022-02-07,2705,59722,1015666,17.1,17.1,16.85,17.05,-0.05,174
2022-02-08,2705,129971,2238038,17.0,17.3,17.0,17.3,0.25,73
2022-02-09,2705,70885,1229527,17.4,17.4,17.25,17.4,0.1,88
2022-02-10,2705,67344,1175252,17.5,17.5,17.35,17.5,0.1,71
2022-02-11,2705,65187,1132158,17.4,17.5,17.3,17.35,-0.15,82
2022-02-14,2705,43937,758771,17.35,17.35,17.2,17.3,-0.05,99
2022-02-15,2705,303160,5368457,17.2,18.2,17.2,17.75,0.45,167
2022-02-16,2705,176776,3080879,17.75,17.8,17.25,17.35,-0.4,263
2022-02-17,2705,1134496,20633100,17.7,18.6,17.45,18.2,0.85,858
2022-02-18,2705,1684235,31224627,18.4,18.9,18.0,18.35,0.15,1602
2022-02-21,2705,378909,6852871,18.35,18.35,18.0,18.15,-0.2,312
2022-02-22,2705,293501,5222243,18.15,18.15,17.6,17.8,-0.35,880
2022-02-23,2705,82110,1461807,17.7,18.25,17.7,17.85,0.05,508
2022-02-24,2705,2200558,41651331,17.7,19.55,17.65,18.55,0.7,1401
2022-02-25,2705,2520481,48184695,18.65,19.4,18.65,18.9,0.35,1337
2022-03-01,2705,650646,12173781,18.6,18.9,18.45,18.9,0.0,445
2022-03-02,2705,198300,3699059,18.75,18.75,18.55,18.65,-0.25,195
2022-03-03,2705,517046,9727259,18.7,19.0,18.55,18.85,0.2,312
2022-03-04,2705,323214,5947128,18.85,18.85,18.25,18.3,-0.55,307
2022-03-07,2705,607196,10584409,18.15,18.15,17.1,17.3,-1.0,404
2022-03-08,2705,199707,3459744,17.25,17.7,17.15,17.3,0.0,194
2022-03-09,2705,260681,4518268,17.8,17.8,17.1,17.2,-0.1,224
2022-03-10,2705,640282,11062956,17.5,17.5,17.15,17.3,0.1,349
2022-03-11,2705,177022,3038042,17.25,17.25,17.1,17.15,-0.15,194
2022-03-14,2705,180403,3090808,17.15,17.3,17.05,17.15,0.0,187
2022-03-15,2705,258787,4394906,17.05,17.15,16.85,16.95,-0.2,221
2022-03-16,2705,259148,4451606,17.1,17.3,17.05,17.1,0.15,298
2022-03-17,2705,155416,2690349,17.2,17.4,17.15,17.4,0.3,498
2022-03-18,2705,88265,1534525,17.4,17.5,17.3,17.4,0.0,377
2022-03-21,2705,103342,1796088,17.45,17.5,17.3,17.4,0.0,340
2022-03-22,2705,67136,1168158,17.45,17.45,17.3,17.45,0.05,356
2022-03-23,2705,136878,2392173,17.45,17.55,17.4,17.45,0.0,303
2022-03-24,2705,68848,1195911,17.45,17.45,17.2,17.3,-0.15,298
2022-03-25,2705,108178,1867169,17.35,17.35,17.2,17.3,0.0,324
2022-03-28,2705,125352,2147015,17.15,17.2,17.05,17.2,-0.1,420
2022-03-29,2705,89139,1536161,17.25,17.4,17.05,17.4,0.2,346
2022-03-30,2705,131066,2263263,17.4,17.45,17.2,17.2,-0.2,200
2022-03-31,2705,83354,1436146,17.2,17.3,17.2,17.2,0.0,107
2022-04-01,2705,132165,2269694,17.3,17.3,17.1,17.1,-0.1,102
2022-04-06,2705,157306,2687118,17.05,17.15,17.05,17.15,0.05,138
2022-04-07,2705,158798,2716756,17.15,17.35,17.0,17.2,0.05,135
2022-04-08,2705,33965,584448,17.25,17.3,17.15,17.15,-0.05,78
2022-04-11,2705,223982,3811292,17.15,17.15,16.95,17.0,-0.15,194
2022-04-12,2705,110441,1878984,17.05,17.05,16.95,17.05,0.05,85
2022-04-13,2705,448816,7863318,17.15,17.9,17.15,17.35,0.3,322
2022-04-14,2705,346623,6082632,17.35,17.95,17.25,17.25,-0.1,225
2022-04-15,2705,53917,930854,17.6,17.6,17.15,17.2,-0.05,107
2022-04-18,2705,355219,6067791,17.0,17.25,17.0,17.05,-0.15,120
2022-04-19,2705,41437,710852,17.05,17.3,17.05,17.25,0.2,79
2022-04-20,2705,218700,3754661,17.1,17.35,17.1,17.25,0.0,91
2022-04-21,2705,88601,1532938,17.4,17.4,17.2,17.25,0.0,105
2022-04-22,2705,76475,1317011,17.35,17.4,17.2,17.2,-0.05,60
2022-04-25,2705,121885,2077749,17.05,17.25,17.0,17.15,-0.05,155
2022-04-26,2705,42351,725770,17.35,17.35,17.05,17.1,-0.05,43
2022-04-27,2705,162575,2755266,17.1,17.1,16.9,17.0,-0.1,133
2022-04-28,2705,86261,1463458,17.05,17.05,16.9,17.0,0.0,86
2022-04-29,2705,159183,2712752,17.05,17.15,16.95,17.0,0.0,105
2022-05-03,2705,69501,1180684,17.0,17.2,16.95,17.0,0.0,81
2022-05-04,2705,50580,860354,17.15,17.15,16.95,17.0,0.0,60
2022-05-05,2705,63607,1083268,17.15,17.15,17.0,17.0,0.0,67
2022-05-06,2705,103360,1750155,16.9,17.0,16.9,16.95,-0.05,76
2022-05-09,2705,139302,2353721,17.05,17.05,16.8,16.8,-0.15,136
2022-05-10,2705,98834,1652873,16.9,16.9,16.6,16.85,0.05,98
2022-05-11,2705,101359,1701601,16.85,16.9,16.65,16.8,-0.05,64
2022-05-12,2705,264761,4368954,16.8,16.85,16.15,16.45,-0.35,200
2022-05-13,2705,91614,1498189,16.25,16.45,16.25,16.45,0.0,95
2022-05-16,2705,122488,2003509,16.45,16.5,16.25,16.3,-0.15,91
2022-05-17,2705,44362,728301,16.4,16.5,16.35,16.4,0.1,75
2022-05-18,2705,66552,1100011,16.4,16.8,16.4,16.45,0.05,75
2022-05-19,2705,102914,1678421,16.35,16.75,16.2,16.7,0.25,68
2022-05-20,2705,51859,854032,16.6,16.6,16.35,16.5,-0.2,55
2022-05-23,2705,113139,1870950,16.5,16.7,16.5,16.6,0.1,66
2022-05-24,2705,17906,299219,16.85,16.85,16.65,16.7,0.1,50
2022-05-25,2705,60826,1013070,16.75,16.75,16.5,16.75,0.05,39
2022-05-26,2705,84296,1421170,16.85,16.95,16.8,16.8,0.05,62
2022-05-27,2705,158665,2703038,16.95,17.15,16.95,16.95,0.15,88
2022-05-30,2705,303892,5271941,17.05,17.6,17.05,17.2,0.25,232
2022-05-31,2705,145714,2490150,17.5,17.5,17.0,17.2,0.0,128
2022-06-01,2705,154289,2643151,17.15,17.35,17.0,17.15,-0.05,87
2022-06-02,2705,2898740,53134431,17.3,18.85,17.25,18.1,0.95,1564
2022-06-06,2705,13960280,274555757,18.5,19.9,18.5,19.9,1.8,5102
2022-06-07,2705,10566544,198656419,19.75,19.8,17.95,18.35,-1.55,4797
2022-06-08,2705,5947954,112314172,18.4,19.8,17.9,18.7,0.35,3412
2022-06-09,2705,5370098,102839829,18.6,19.65,18.55,18.95,0.25,3072
2022-06-10,2705,2424160,45943689,19.0,19.2,18.65,19.05,0.1,1586
2022-06-13,2705,6375783,123339125,19.0,19.95,18.8,19.0,-0.05,3417
2022-06-14,2705,1822519,34036075,18.75,19.05,18.4,18.8,-0.2,1095
2022-06-15,2705,1118046,20901056,19.0,19.15,18.35,18.35,-0.45,758
2022-06-16,2705,1021869,18643313,18.65,18.75,17.85,17.9,-0.45,625
2022-06-17,2705,932440,16567581,17.9,18.15,17.4,17.85,-0.05,590
2022-06-20,2705,835371,14517532,17.95,17.95,17.05,17.1,-0.75,526
2022-06-21,2705,902629,15755668,17.3,17.8,17.2,17.4,0.3,545
2022-06-22,2705,877032,14910359,17.5,17.5,16.7,16.75,-0.65,513
2022-06-23,2705,607448,10174688,17.05,17.05,16.55,16.65,-0.1,383
2022-06-24,2705,616722,10539829,16.9,17.3,16.8,17.1,0.45,398
2022-06-27,2705,627449,10908138,17.35,17.65,17.15,17.35,0.25,425
2022-06-28,2705,301733,5204785,17.5,17.5,17.1,17.2,-0.15,231
2022-06-29,2705,279003,4828533,17.2,17.45,17.1,17.35,0.15,215
2022-06-30,2705,453729,7775248,17.4,17.5,17.0,17.15,-0.2,280
2022-07-01,2705,698439,11577126,17.3,17.3,16.2,16.25,-0.9,463
2022-07-04,2705,369752,6083072,16.3,16.85,16.25,16.35,0.1,234
2022-07-05,2705,276466,4544234,16.6,16.7,16.25,16.45,0.1,188
2022-07-06,2705,429978,6917418,16.5,16.5,15.8,15.95,-0.5,293
2022-07-07,2705,404083,6496054,16.15,16.25,15.8,16.1,0.15,250
2022-07-08,2705,246855,4004090,16.2,16.4,16.0,16.15,0.05,203
2022-07-11,2705,174824,2837413,16.3,16.45,16.1,16.2,0.05,130
2022-07-12,2705,269473,4273540,16.0,16.2,15.65,15.8,-0.4,233
2022-07-13,2705,226540,3646513,16.1,16.15,16.0,16.1,0.3,146
2022-07-14,2705,120271,1933431,16.1,16.2,15.85,16.2,0.1,112
2022-07-15,2705,135325,2169235,16.1,16.1,16.0,16.05,-0.15,116
2022-07-18,2705,3420816,59596219,16.3,17.65,16.15,17.55,1.5,1803
2022-07-19,2705,6536396,115890802,17.55,18.35,16.95,16.95,-0.6,3369
2022-07-20,2705,1301271,22047097,17.2,17.3,16.55,16.7,-0.25,815
2022-07-21,2705,575961,9510355,16.8,16.85,16.35,16.6,-0.1,369
2022-07-22,2705,415852,6867337,16.7,16.7,16.4,16.45,-0.15,252
2022-07-25,2705,391417,6416494,16.6,16.65,16.2,16.35,-0.1,241
2022-07-26,2705,1852456,31171947,16.4,17.1,16.4,16.6,0.25,1006
2022-07-27,2705,473633,7794353,16.4,16.75,16.35,16.45,-0.15,373
2022-07-28,2705,388282,6347259,16.45,16.55,16.25,16.35,-0.1,295
2022-07-29,2705,266825,4393886,16.35,16.7,16.35,16.55,0.2,191
2022-08-01,2705,201427,3329976,16.75,16.75,16.45,16.6,0.05,161
2022-08-02,2705,466574,7550316,16.5,16.5,16.05,16.1,-0.5,322
2022-08-03,2705,580153,9127020,16.1,16.1,15.4,15.7,-0.4,400
2022-08-04,2705,460136,7160358,15.6,15.85,15.4,15.8,0.1,290
2022-08-05,2705,301226,4859054,16.1,16.25,15.95,16.25,0.45,191
2022-08-08,2705,146244,2373024,16.15,16.3,16.1,16.25,0.0,120
2022-08-09,2705,236288,3884062,16.4,16.55,16.35,16.45,0.2,162
2022-08-10,2705,820036,13729565,16.6,17.05,16.55,16.7,0.25,418
2022-08-11,2705,391566,6531959,16.85,16.85,16.55,16.55,-0.15,319
2022-08-12,2705,183916,3039766,16.5,16.65,16.45,16.6,0.05,146
2022-08-15,2705,225943,3730192,16.6,16.7,16.05,16.65,0.05,143
2022-08-16,2705,424717,7112458,16.65,16.95,16.6,16.65,0.0,238
2022-08-17,2705,206790,3453593,16.65,16.85,16.65,16.75,0.1,147
2022-08-18,2705,133145,2220160,16.7,16.8,16.55,16.6,-0.15,110
2022-08-19,2705,305857,5071476,16.7,16.75,16.35,16.65,0.05,193
2022-08-22,2705,149384,2476306,16.65,16.7,16.5,16.5,-0.15,106
2022-08-23,2705,138804,2286307,16.65,16.7,16.35,16.45,-0.05,138
2022-08-24,2705,177073,2933132,16.45,16.65,16.45,16.55,0.1,130
2022-08-25,2705,258237,4300691,16.7,16.75,16.5,16.6,0.05,152
2022-08-26,2705,1567565,26493883,16.7,17.3,16.3,16.8,0.2,679
2022-08-29,2705,532598,8795386,16.5,16.9,16.4,16.4,-0.4,324
2022-08-30,2705,174208,2854719,16.45,16.45,16.3,16.45,0.05,163
2022-08-31,2705,300470,4915045,16.45,16.65,16.2,16.3,-0.15,204
2022-09-01,2705,199426,3234887,16.2,16.45,16.15,16.2,-0.1,163
2022-09-02,2705,198889,3213861,16.2,16.3,16.1,16.1,-0.1,119
2022-09-05,2705,207758,3346756,16.15,16.3,16.05,16.05,-0.05,134
2022-09-06,2705,252188,4085123,16.2,16.5,16.0,16.05,0.0,179
2022-09-07,2705,195261,3110038,16.1,16.1,15.85,15.85,-0.2,182
2022-09-08,2705,129518,2083661,16.0,16.2,15.95,16.2,0.35,96
2022-09-12,2705,115939,1887006,16.25,16.35,16.15,16.3,0.1,116
2022-09-13,2705,177678,2943905,16.65,16.8,16.4,16.5,0.2,153
2022-09-14,2705,114875,1881244,16.2,16.5,16.2,16.35,-0.15,111
2022-09-15,2705,138001,2259215,16.35,16.55,16.35,16.35,0.0,90
2022-09-16,2705,129075,2117919,16.35,16.6,16.3,16.35,0.0,115
2022-09-19,2705,121306,1982351,16.55,16.55,16.25,16.25,-0.1,92
2022-09-20,2705,123472,2030978,16.45,16.5,16.35,16.45,0.2,112
2022-09-21,2705,167226,2728353,16.5,16.5,16.2,16.3,-0.15,113
2022-09-22,2705,1173074,19809856,16.3,17.25,16.25,16.8,0.5,735
2022-09-23,2705,779127,13131392,17.15,17.25,16.4,16.4,-0.4,543
2022-09-26,2705,381718,6250061,16.4,16.5,16.3,16.4,0.0,229
2022-09-27,2705,336895,5532634,16.5,16.65,16.25,16.5,0.1,184
2022-09-28,2705,498978,8098804,16.55,16.55,16.0,16.1,-0.4,281
2022-09-29,2705,442274,7322819,16.2,16.75,16.15,16.65,0.55,270
2022-09-30,2705,646792,10788271,16.5,16.85,16.4,16.65,0.0,367
2022-10-03,2705,274423,4575207,16.65,16.9,16.5,16.6,-0.05,197
2022-10-04,2705,278835,4677404,16.7,16.9,16.6,16.7,0.1,160
2022-10-05,2705,200970,3318375,16.75,16.75,16.35,16.45,-0.25,189
2022-10-06,2705,59887,985957,16.5,16.5,16.35,16.5,0.05,52
2022-10-07,2705,3386414,59087758,16.55,17.8,16.5,17.45,0.95,1806
2022-10-11,2705,1168974,20017377,17.45,17.45,16.9,16.9,-0.55,721
2022-10-12,2705,726611,12225954,16.9,17.25,16.5,16.55,-0.35,471
2022-10-13,2705,1493187,23720404,16.55,16.65,15.5,15.6,-0.95,856
2022-10-14,2705,486264,7817738,15.8,16.25,15.8,16.25,0.65,296
2022-10-17,2705,593157,9266033,15.85,15.95,15.4,15.9,-0.35,342
2022-10-18,2705,191884,3050134,15.95,16.15,15.75,15.85,-0.05,322
2022-10-19,2705,203598,3243950,15.85,16.2,15.75,16.0,0.15,130
2022-10-20,2705,183434,2885087,16.0,16.0,15.6,15.8,-0.2,129
2022-10-21,2705,122633,1945355,15.95,16.05,15.7,15.7,-0.1,105
2022-10-24,2705,157261,2508020,15.8,16.05,15.8,15.9,0.2,119
2022-10-25,2705,125143,1977384,16.0,16.0,15.7,15.7,-0.2,81
2022-10-26,2705,96256,1509527,15.65,15.8,15.6,15.65,-0.05,85
2022-10-27,2705,115350,1830129,15.8,15.95,15.75,15.95,0.3,105
2022-10-28,2705,89140,1414658,16.0,16.0,15.75,15.75,-0.2,83
2022-10-31,2705,66693,1057275,15.95,16.05,15.8,15.8,0.05,79
2022-11-01,2705,74853,1193519,15.8,16.05,15.8,15.95,0.15,70
2022-11-02,2705,39886,636175,15.95,16.0,15.9,15.9,-0.05,53
2022-11-03,2705,61884,983118,15.9,15.95,15.85,15.9,0.0,67
2022-11-04,2705,149108,2384629,15.95,16.1,15.9,16.0,0.1,102
2022-11-07,2705,246110,4001423,16.1,16.45,16.1,16.2,0.2,173
2022-11-08,2705,87249,1420922,16.35,16.4,16.2,16.2,0.0,80
2022-11-09,2705,130679,2130252,16.4,16.4,16.25,16.3,0.1,108
2022-11-10,2705,85672,1396272,16.25,16.4,16.2,16.3,0.0,90
2022-11-11,2705,213883,3497903,16.5,16.55,16.25,16.3,0.0,164
2022-11-14,2705,96517,1574324,16.35,16.35,16.25,16.35,0.05,80
2022-11-15,2705,128165,2086542,16.4,16.4,16.2,16.35,0.0,106
2022-11-16,2705,176334,2871248,16.4,16.45,16.2,16.2,-0.15,116
2022-11-17,2705,73326,1197593,16.3,16.45,16.2,16.45,0.25,65
2022-11-18,2705,482479,8006953,16.4,17.0,16.3,16.35,-0.1,310
2022-11-21,2705,108568,1779187,16.5,16.5,16.25,16.4,0.05,82
2022-11-22,2705,63515,1037632,16.4,16.4,16.25,16.4,0.0,89
2022-11-23,2705,132550,2176837,16.35,16.5,16.25,16.5,0.1,100
2022-11-24,2705,106037,1744546,16.5,16.55,16.35,16.55,0.05,103
2022-11-25,2705,103233,1704688,16.55,16.55,16.4,16.45,-0.1,116
2022-11-28,2705,115653,1906058,16.35,16.55,16.35,16.5,0.05,114
2022-11-29,2705,460645,7611007,16.6,16.65,16.4,16.6,0.1,264
2022-11-30,2705,1784343,30418861,16.65,17.4,16.65,16.8,0.2,838
2022-12-01,2705,619858,10445423,17.15,17.15,16.7,16.75,-0.05,367
2022-12-02,2705,135359,2268555,16.75,16.8,16.7,16.8,0.05,110
2022-12-05,2705,156281,2626583,16.8,16.85,16.75,16.8,0.0,102
2022-12-06,2705,387729,6394718,16.8,16.8,16.25,16.55,-0.25,221
2022-12-07,2705,170080,2807210,16.6,16.6,16.35,16.55,0.0,122
2022-12-08,2705,239398,3995987,16.5,16.8,16.5,16.7,0.15,136
2022-12-09,2705,211254,3548270,16.9,16.9,16.7,16.8,0.1,120
2022-12-12,2705,485425,8247974,16.85,17.15,16.8,17.0,0.2,242
2022-12-13,2705,567001,9666237,17.0,17.25,16.9,16.95,-0.05,276
2022-12-14,2705,266960,4537528,16.95,17.1,16.9,16.9,-0.05,127
2022-12-15,2705,960184,16571156,16.9,17.5,16.85,17.1,0.2,470
2022-12-16,2705,434629,7345956,16.95,17.2,16.8,16.8,-0.3,246
2022-12-19,2705,90309,1508001,16.75,16.85,16.6,16.7,-0.1,79
2022-12-20,2705,339840,5594901,16.7,16.8,16.25,16.35,-0.35,191
2022-12-21,2705,133170,2202592,16.4,16.7,16.4,16.55,0.2,100
2022-12-22,2705,133108,2196998,16.6,16.7,16.4,16.5,-0.05,122
2022-12-23,2705,110529,1822234,16.4,16.6,16.4,16.45,-0.05,86
2022-12-26,2705,106030,1769702,16.5,16.8,16.45,16.7,0.25,106
2022-12-27,2705,541240,9286759,16.95,17.5,16.85,16.85,0.15,327
2022-12-28,2705,902545,15878912,16.95,17.4,16.75,16.9,0.05,345
2022-12-29,2705,191727,3210524,17.05,17.05,16.6,16.75,-0.15,119
2022-12-30,2705,101017,1690276,16.75,16.8,16.65,16.7,-0.05,77
2023-01-03,2705,137271,2274334,16.75,16.75,16.4,16.55,-0.15,101
2023-01-04,2705,88875,1475790,16.7,16.75,16.5,16.75,0.2,74
2023-01-05,2705,85020,1424788,16.7,16.8,16.7,16.8,0.05,76
2023-01-06,2705,85972,1446831,16.8,16.9,16.75,16.8,0.0,56
2023-01-09,2705,199200,3366487,16.9,16.95,16.8,16.95,0.15,140
2023-01-10,2705,94815,1599238,16.95,16.95,16.8,16.9,-0.05,80
2023-01-11,2705,57771,975729,16.9,16.95,16.8,16.85,-0.05,61
2023-01-12,2705,60137,1010956,16.85,16.85,16.75,16.8,-0.05,67
2023-01-13,2705,123063,2079260,17.0,17.0,16.8,16.95,0.15,117
2023-01-16,2705,503538,7987151,16.95,16.95,16.6,16.85,-0.1,175
2023-01-17,2705,174234,2950170,16.85,17.0,16.85,16.95,0.1,148
2023-01-30,2705,340425,5764497,17.0,17.05,16.8,16.95,0.0,255
2023-01-31,2705,239408,4074145,17.05,17.05,16.95,17.0,0.05,270
2023-02-01,2705,350645,5996941,17.15,17.3,17.0,17.05,0.05,264
2023-02-02,2705,211242,3586897,17.1,17.1,16.9,17.0,-0.05,133
2023-02-03,2705,288597,4918057,17.0,17.15,16.9,17.1,0.1,195
2023-02-06,2705,182864,3129549,17.05,17.2,17.0,17.1,0.0,188
2023-02-07,2705,174428,2971944,17.1,17.1,17.0,17.0,-0.1,176
2023-02-08,2705,67827,1148347,16.9,17.0,16.9,16.9,-0.1,137
2023-02-09,2705,83974,1419391,16.9,16.95,16.85,16.9,0.0,96
2023-02-10,2705,241844,4067923,16.9,16.9,16.75,16.8,-0.1,182
2023-02-13,2705,108121,1815881,16.8,16.9,16.7,16.8,0.0,97
2023-02-14,2705,251248,4255534,16.8,17.0,16.8,16.9,0.1,170
2023-02-15,2705,1303372,22344688,17.0,17.45,16.95,16.95,0.05,606
2023-02-16,2705,847466,14556198,17.1,17.3,17.05,17.1,0.15,492
2023-02-17,2705,8385301,154513176,17.15,18.8,17.05,18.75,1.65,3369
2023-02-20,2705,7480470,140193780,18.9,19.3,18.2,18.4,-0.35,3726
2023-02-21,2705,1934240,35377875,18.4,18.65,18.05,18.25,-0.15,1020
2023-02-22,2705,11158556,212139709,18.0,19.55,17.85,19.05,0.8,5214
2023-02-23,2705,14345231,280409478,19.1,20.2,19.05,19.25,0.2,6899
2023-02-24,2705,3384855,63773789,19.2,19.25,18.55,18.8,-0.45,1862
2023-03-01,2705,1492105,27250651,18.65,18.7,18.1,18.15,-0.65,1068
2023-03-02,2705,2885162,53982181,18.25,19.2,18.25,18.7,0.55,1547
2023-03-03,2705,1208662,22367169,18.7,18.75,18.35,18.65,-0.05,821
2023-03-06,2705,907063,16782527,18.7,18.7,18.4,18.5,-0.15,636
2023-03-07,2705,894854,16683299,18.65,18.85,18.5,18.6,0.1,705
2023-03-08,2705,1073317,19688874,18.6,18.7,18.2,18.3,-0.3,787
2023-03-09,2705,748860,13633198,18.3,18.4,18.05,18.25,-0.05,590
2023-03-10,2705,1404594,25208260,18.25,18.6,17.6,17.75,-0.5,879
2023-03-13,2705,917870,16135441,17.7,17.95,17.2,17.85,0.1,649
2023-03-14,2705,608291,10767111,17.65,17.85,17.6,17.65,-0.2,389
2023-03-15,2705,256828,4536014,17.9,17.95,17.45,17.45,-0.2,230
2023-03-16,2705,946195,16069035,17.3,17.3,16.8,16.85,-0.6,646
2023-03-17,2705,539271,9288844,17.1,17.45,16.95,17.3,0.45,449
2023-03-20,2705,875161,15433044,17.5,17.9,17.4,17.65,0.35,616
2023-03-21,2705,366583,6508870,18.0,18.0,17.5,17.55,-0.1,358
2023-03-22,2705,373142,6574669,17.8,17.8,17.5,17.55,0.0,310
2023-03-23,2705,286566,4985857,17.5,17.55,17.3,17.35,-0.2,595
2023-03-24,2705,282292,4916880,17.45,17.55,17.3,17.45,0.1,2038
2023-03-27,2705,418805,7334655,17.55,17.7,17.4,17.45,0.0,1483
2023-03-28,2705,507985,8902103,17.6,17.7,17.4,17.55,0.1,1073
2023-03-29,2705,742168,13124620,17.65,17.85,17.55,17.6,0.05,1257
2023-03-30,2705,719083,12471777,17.6,17.6,17.2,17.3,-0.3,662
2023-03-31,2705,673601,11520565,17.2,17.2,16.95,17.1,-0.2,471
2023-04-06,2705,362904,6209889,17.2,17.35,17.0,17.0,-0.1,301
2023-04-07,2705,305249,5206238,17.05,17.15,17.0,17.1,0.1,192
2023-04-10,2705,239832,4086353,17.15,17.2,17.0,17.0,-0.1,181
2023-04-11,2705,305881,5228408,17.1,17.2,17.05,17.05,0.05,188
2023-04-12,2705,612437,10419402,17.15,17.2,16.95,17.0,-0.05,286
2023-04-13,2705,590495,10171318,17.0,17.4,17.0,17.05,0.05,374
2023-04-14,2705,3039386,54282246,17.2,18.15,17.2,17.8,0.75,1586
2023-04-17,2705,1534052,27510829,17.85,18.1,17.7,17.85,0.05,855
2023-04-18,2705,862051,15369915,17.8,18.0,17.65,17.85,0.0,427
2023-04-19,2705,1967258,35867342,17.9,18.45,17.85,18.1,0.25,932
2023-04-20,2705,1118215,19952199,18.05,18.1,17.6,17.9,-0.2,556
2023-04-21,2705,3767216,69219317,17.85,18.75,17.8,18.35,0.45,1747
2023-04-24,2705,1865503,34505913,18.4,18.75,18.3,18.4,0.05,840
2023-04-25,2705,1161619,21085666,18.4,18.5,17.95,18.0,-0.4,620
2023-04-26,2705,1899417,34948818,18.0,18.7,18.0,18.4,0.4,1012
2023-04-27,2705,564491,10296826,18.4,18.45,18.1,18.3,-0.1,317
2023-04-28,2705,769760,14030769,18.3,18.4,18.1,18.3,0.0,534
2023-05-02,2705,964489,17823922,18.25,18.6,18.15,18.6,0.3,528
2023-05-03,2705,596461,11087166,18.5,18.7,18.4,18.5,-0.1,327
2023-05-04,2705,512922,9468987,18.45,18.55,18.3,18.45,-0.05,321
2023-05-05,2705,672742,12455968,18.5,18.7,18.4,18.45,0.0,369
2023-05-08,2705,353271,6540737,18.45,18.6,18.45,18.5,0.05,218
2023-05-09,2705,827242,15311223,18.45,18.7,18.35,18.4,-0.1,380
2023-05-10,2705,312561,5733756,18.4,18.5,18.25,18.3,-0.1,275
2023-05-11,2705,526221,9679247,18.5,18.65,18.25,18.25,-0.05,302
2023-05-12,2705,919368,16866231,18.15,18.55,18.1,18.45,0.2,417
2023-05-15,2705,1241545,23255730,18.45,19.0,18.45,18.65,0.2,716
2023-05-16,2705,934463,17557839,18.6,18.9,18.6,18.7,0.05,495
2023-05-17,2705,1981589,37588542,18.8,19.1,18.75,19.0,0.3,867
2023-05-18,2705,830445,15577427,19.0,19.05,18.55,18.6,-0.4,552
2023-05-19,2705,2639908,49829266,18.6,19.45,18.3,18.5,-0.1,1249
2023-05-22,2705,1124898,21135409,18.65,18.95,18.6,18.7,0.2,622
2023-05-23,2705,14199980,283460937,18.8,20.55,18.75,20.1,1.4,6161
2023-05-24,2705,26267348,551271345,20.1,21.75,20.05,21.25,1.15,14055
2023-05-25,2705,10358856,206068092,21.0,21.0,19.45,19.55,-1.7,5368
2023-05-26,2705,5999745,113208422,19.65,19.65,18.5,18.5,-1.05,2917
2023-05-29,2705,1868477,34732104,18.55,18.85,18.4,18.5,0.0,1017
2023-05-30,2705,1890326,34964732,18.65,18.9,18.25,18.45,-0.05,957
2023-05-31,2705,9160535,178645096,18.4,20.05,18.4,19.55,1.1,4206
2023-06-01,2705,6307023,126195628,19.6,20.4,19.6,19.85,0.3,3442
2023-06-02,2705,3199051,63728849,20.35,20.35,19.65,19.9,0.05,1489
2023-06-05,2705,1531197,30354203,20.15,20.2,19.6,19.7,-0.2,1010
2023-06-06,2705,5293425,106878845,19.85,20.6,19.8,20.1,0.4,2621
2023-06-07,2705,9432528,194874615,20.45,21.1,20.0,20.7,0.6,4065
2023-06-08,2705,21056568,462912469,21.25,22.75,20.95,22.75,2.05,8743
2023-06-09,2705,20030996,493698050,23.9,25.0,23.85,25.0,2.25,6421
2023-06-12,2705,24625138,578859718,24.85,24.85,22.6,22.8,-2.2,10224
2023-06-13,2705,22120402,496188375,22.6,23.3,21.4,23.3,0.5,9499
2023-06-14,2705,29645994,703589446,23.55,24.35,22.95,23.6,0.3,13397
2023-06-15,2705,8988423,206417744,23.2,23.35,22.55,23.1,-0.5,4416
2023-06-16,2705,8592908,200583121,23.45,23.9,22.9,23.05,-0.05,4288
2023-06-19,2705,19753202,476136573,23.2,24.75,23.05,23.8,0.75,9888
2023-06-20,2705,35945402,914922993,23.7,26.15,23.7,26.15,2.35,15251
2023-06-21,2705,66644827,1796314989,26.45,28.45,25.9,26.55,0.4,28673
2023-06-26,2705,17718538,463964096,26.8,27.45,25.35,26.4,-0.15,9110
2023-06-27,2705,10661607,270635818,26.3,26.4,24.8,25.05,-1.35,5354
2023-06-28,2705,8424606,214524466,25.1,26.15,25.0,25.0,-0.05,4176
2023-06-29,2705,3956819,97727217,25.0,25.0,24.4,24.65,-0.35,2210
2023-06-30,2705,2546420,62533896,24.95,24.95,24.2,24.5,-0.15,1727
2023-07-03,2705,4338422,106980400,24.7,25.1,24.3,24.35,-0.15,2301
2023-07-04,2705,4812974,115441987,24.5,24.55,23.8,23.85,-0.5,2518
2023-07-05,2705,4952616,120740636,24.15,24.9,23.9,24.3,0.45,2813
2023-07-06,2705,3846425,91481057,24.35,24.5,23.35,23.45,-0.85,2165
2023-07-07,2705,2852239,66865129,23.45,23.85,22.9,23.35,-0.1,1622
2023-07-10,2705,3179430,72877295,23.45,23.55,22.7,22.8,-0.55,2059
2023-07-11,2705,4460171,103938666,23.1,23.9,23.05,23.25,0.45,2040
2023-07-12,2705,4410551,99930999,23.4,23.4,22.3,22.45,-0.8,2388
2023-07-13,2705,2873413,64052601,22.65,22.7,22.05,22.05,-0.4,1724
2023-07-14,2705,3661856,80930254,22.2,22.5,21.75,21.8,-0.25,1946
2023-07-17,2705,3821802,82054988,22.0,22.0,21.2,21.35,-0.45,2266
2023-07-18,2705,4736281,98938145,21.5,21.5,20.5,20.7,-0.65,2093
2023-07-19,2705,2444252,50328263,20.85,21.0,20.3,20.3,-0.4,1389
2023-07-20,2705,5718018,121586854,20.35,21.65,20.35,21.5,1.2,2931
2023-07-21,2705,5096899,108129065,21.55,21.9,20.8,20.8,-0.7,2463
2023-07-24,2705,2332615,47070264,20.8,20.8,19.9,20.1,-0.7,1258
2023-07-25,2705,2304378,46204938,20.25,20.4,19.75,19.95,-0.15,1159
2023-07-26,2705,2280172,45472790,20.15,20.2,19.7,19.75,-0.2,1264
2023-07-27,2705,1333379,26627132,19.9,20.15,19.75,20.0,0.25,735
2023-07-28,2705,2519711,50718629,20.3,20.55,19.9,19.95,-0.05,1278
2023-07-31,2705,2075390,41333374,20.2,20.25,19.75,19.75,-0.2,986
2023-08-01,2705,903091,17985852,19.9,20.1,19.75,19.8,0.05,553
2023-08-02,2705,1436110,28250742,19.85,20.05,19.5,19.55,-0.25,787
2023-08-04,2705,850754,16655953,19.4,19.85,19.4,19.55,0.0,532
2023-08-07,2705,1329451,25806035,19.65,19.65,19.25,19.4,-0.15,644
2023-08-08,2705,1367548,26747828,19.5,20.0,19.3,19.3,-0.1,809
2023-08-09,2705,1028635,19852265,19.5,19.55,19.1,19.15,-0.15,544
2023-08-10,2705,2179350,41084512,19.2,19.2,18.65,18.75,-0.4,995
2023-08-11,2705,1421775,26665916,18.8,19.0,18.55,18.6,-0.15,717
2023-08-14,2705,1943501,35367781,18.65,18.65,17.95,18.0,-0.6,991
2023-08-15,2705,1244889,22400446,18.1,18.3,17.85,17.9,-0.1,621
2023-08-16,2705,914855,16132576,17.8,17.8,17.4,17.6,-0.3,496
2023-08-17,2705,1243166,21945770,17.7,17.85,17.25,17.7,0.1,588
2023-08-18,2705,1290745,22487252,17.7,17.75,17.15,17.2,-0.5,685
2023-08-21,2705,933776,16054107,17.25,17.4,17.1,17.1,-0.1,507
2023-08-22,2705,1307051,22306342,17.25,17.25,16.95,17.0,-0.1,537
2023-08-23,2705,1295230,22222206,17.05,17.45,16.95,17.0,0.0,592
2023-08-24,2705,911203,15450482,17.1,17.15,16.85,16.95,-0.05,486
2023-08-25,2705,7547629,134079566,17.5,18.1,17.35,17.85,0.9,3561
2023-08-28,2705,2554549,44565096,17.85,17.85,17.2,17.65,-0.2,1245
2023-08-29,2705,981863,17259612,17.4,17.85,17.3,17.75,0.1,571
2023-08-30,2705,601391,10574010,17.8,17.8,17.5,17.55,-0.2,373
2023-08-31,2705,493706,8716962,17.6,17.8,17.55,17.65,0.1,316
2023-09-01,2705,807799,14300370,17.7,17.85,17.45,17.45,-0.2,503
2023-09-04,2705,447773,7803017,17.5,17.55,17.3,17.45,0.0,327
2023-09-05,2705,395117,6883652,17.55,17.55,17.35,17.35,-0.1,862
2023-09-06,2705,614327,10596344,17.3,17.4,17.15,17.2,-0.15,617
2023-09-07,2705,697893,11951125,17.15,17.25,17.0,17.1,-0.1,333
2023-09-08,2705,357227,6119449,17.1,17.25,17.05,17.05,-0.05,260
2023-09-11,2705,938095,15947712,17.15,17.15,16.85,16.95,-0.1,704
2023-09-12,2705,621224,10551496,17.0,17.15,16.9,16.9,-0.05,439
2023-09-13,2705,1277503,22176871,17.0,17.95,16.95,17.45,0.55,667
2023-09-14,2705,435644,7579019,17.4,17.55,17.3,17.3,-0.15,335
2023-09-15,2705,759362,13039670,17.35,17.45,17.05,17.1,-0.2,467
2023-09-18,2705,408103,7042228,17.05,17.35,17.05,17.25,0.15,343
2023-09-19,2705,391435,6707481,17.2,17.25,17.05,17.1,-0.15,272
2023-09-20,2705,362379,6182112,17.1,17.2,17.0,17.0,-0.1,261
2023-09-21,2705,560413,9473470,17.0,17.0,16.8,16.85,-0.15,391
2023-09-22,2705,365979,6236780,16.9,17.15,16.85,17.15,0.3,222
2023-09-25,2705,644705,11129008,17.15,17.4,17.15,17.3,0.15,339
2023-09-26,2705,518816,8872718,17.3,17.3,17.0,17.05,-0.25,393
2023-09-27,2705,252908,4326837,17.05,17.25,17.0,17.05,0.0,225
2023-09-28,2705,444733,7659122,17.2,17.35,17.1,17.15,0.1,304
2023-10-02,2705,580324,9937108,17.15,17.2,17.05,17.15,0.0,329
2023-10-03,2705,943138,16167128,17.2,17.35,16.95,17.15,0.0,344
2023-10-04,2705,334920,5712717,17.15,17.15,17.0,17.0,-0.15,269
2023-10-05,2705,347076,5976933,17.05,17.3,17.05,17.2,0.2,226
2023-10-06,2705,214977,3676968,17.2,17.2,17.05,17.1,-0.1,162
2023-10-11,2705,579126,9834148,17.1,17.1,16.85,16.9,-0.2,339
2023-10-12,2705,400186,6791113,16.9,17.05,16.9,17.05,0.15,228
2023-10-13,2705,554597,9539453,17.05,17.45,17.05,17.1,0.05,352
2023-10-16,2705,427146,7240701,17.0,17.05,16.85,16.85,-0.25,282
2023-10-17,2705,838464,14057432,16.85,16.95,16.6,16.65,-0.2,665
2023-10-18,2705,981821,16146317,16.6,16.7,16.3,16.3,-0.35,624
2023-10-19,2705,297815,4877178,16.4,16.5,16.3,16.4,0.1,262
2023-10-20,2705,359449,5865827,16.35,16.5,16.15,16.35,-0.05,278
2023-10-23,2705,601030,9931582,16.3,16.75,16.3,16.45,0.1,495
2023-10-24,2705,209010,3463106,16.45,16.7,16.4,16.65,0.2,179
2023-10-25,2705,330137,5537425,16.65,16.85,16.65,16.8,0.15,186
2023-10-26,2705,325042,5433417,16.65,16.9,16.6,16.7,-0.1,179
2023-10-27,2705,325334,5478589,16.7,16.95,16.65,16.75,0.05,302
2023-10-30,2705,447059,7501198,16.75,16.85,16.7,16.8,0.05,181
2023-10-31,2705,314688,5309451,16.85,17.05,16.7,16.7,-0.1,216
2023-11-01,2705,1531497,26235246,16.75,17.35,16.75,17.15,0.45,767
2023-11-02,2705,584682,10038182,17.2,17.25,16.85,17.25,0.1,369
2023-11-03,2705,427808,7369915,17.4,17.4,17.1,17.2,-0.05,236
2023-11-06,2705,1713228,30064612,17.4,17.8,17.2,17.5,0.3,996
2023-11-07,2705,3309851,59127880,17.65,18.25,17.3,17.5,0.0,1659
2023-11-08,2705,506735,8797876,17.5,17.55,17.25,17.3,-0.2,418
2023-11-09,2705,300521,5188839,17.35,17.35,17.2,17.2,-0.1,254
2023-11-10,2705,500263,8700228,17.15,17.65,17.15,17.35,0.15,379
2023-11-13,2705,224430,3883431,17.5,17.5,17.2,17.25,-0.1,261
2023-11-14,2705,603293,10309397,17.25,17.3,16.95,17.1,-0.15,436
2023-11-15,2705,684565,11855819,17.2,17.5,17.15,17.4,0.3,322
2023-11-16,2705,4464262,79914077,17.35,18.25,17.35,18.25,0.85,2086
2023-11-17,2705,16407929,314679125,18.1,19.9,18.1,19.65,1.4,7240
2023-11-20,2705,5002071,92593084,18.85,18.95,18.2,18.25,-1.4,2712
2023-11-21,2705,1757427,32289019,18.35,18.55,18.2,18.35,0.1,892
2023-11-22,2705,4080422,76350791,18.6,19.2,18.35,18.5,0.15,2067
2023-11-23,2705,2769161,51638923,18.3,18.95,18.3,18.6,0.1,1442
2023-11-24,2705,2448346,44102552,18.1,18.3,17.85,17.9,-0.7,1217
2023-11-27,2705,989485,17485448,17.75,17.95,17.5,17.6,-0.3,586
2023-11-28,2705,470788,8384366,17.7,17.95,17.65,17.75,0.15,272
2023-11-29,2705,766485,13534412,17.85,17.85,17.5,17.6,-0.15,556
2023-11-30,2705,351625,6250028,17.7,17.9,17.7,17.85,0.25,278
2023-12-01,2705,396057,7047329,17.8,17.85,17.75,17.8,-0.05,293
2023-12-04,2705,906071,16301890,17.9,18.15,17.7,18.05,0.25,538
2023-12-05,2705,431317,7745172,18.05,18.1,17.8,17.9,-0.15,420
2023-12-06,2705,701247,12658471,18.0,18.2,17.9,18.0,0.1,380
2023-12-07,2705,485042,8670313,18.05,18.15,17.75,17.8,-0.2,370
2023-12-08,2705,383459,6805546,17.85,17.9,17.65,17.7,-0.1,327
2023-12-11,2705,354925,6279670,17.8,17.8,17.6,17.75,0.05,392
2023-12-12,2705,616191,10833038,17.65,17.7,17.4,17.65,-0.1,534
2023-12-13,2705,363551,6396989,17.7,17.7,17.5,17.6,-0.05,298
2023-12-14,2705,422268,7460088,17.65,17.8,17.6,17.65,0.05,291
2023-12-15,2705,456101,8107722,17.8,17.9,17.65,17.7,0.05,369
2023-12-18,2705,313134,5550808,17.75,17.85,17.6,17.6,-0.1,326
2023-12-19,2705,492682,8644661,17.65,17.7,17.45,17.45,-0.15,289
2023-12-20,2705,1039592,18724998,17.55,18.15,17.55,18.05,0.6,732
2023-12-21,2705,351601,6296492,18.0,18.05,17.8,17.85,-0.2,403
2023-12-22,2705,375541,6720776,17.9,18.0,17.8,17.95,0.1,247
2023-12-25,2705,276205,4956064,18.0,18.05,17.85,17.95,0.0,210
2023-12-26,2705,709966,12834817,17.95,18.2,17.95,18.2,0.25,387
2023-12-27,2705,514388,9293181,18.2,18.2,17.95,18.1,-0.1,342
2023-12-28,2705,320053,5777991,18.15,18.15,18.0,18.1,0.0,234
2023-12-29,2705,3256672,60178351,18.15,18.85,18.1,18.25,0.15,1700
2024-01-02,2705,667281,12097746,18.25,18.3,17.95,18.15,-0.1,469
2024-01-03,2705,762088,13793349,17.95,18.5,17.95,17.95,-0.2,505
2024-01-04,2705,685411,12243630,18.0,18.05,17.75,17.75,-0.2,429
2024-01-05,2705,799320,14508110,17.9,18.3,17.85,18.1,0.35,611
2024-01-08,2705,799842,14649013,18.15,18.45,18.15,18.25,0.15,554
2024-01-09,2705,577808,10428125,18.3,18.3,17.95,18.05,-0.2,410
2024-01-10,2705,700618,12435455,18.05,18.05,17.65,17.7,-0.35,488
2024-01-11,2705,714236,12850340,17.95,18.25,17.8,17.95,0.25,325
2024-01-12,2705,502652,9108448,17.95,18.2,17.95,18.2,0.25,343
2024-01-15,2705,1468171,26044751,18.0,18.0,17.55,17.75,-0.45,951
2024-01-16,2705,1245010,21613291,17.75,17.75,17.2,17.2,-0.55,990
2024-01-17,2705,643683,11038298,17.25,17.4,17.05,17.1,-0.1,458
2024-01-18,2705,183389,3150522,17.15,17.3,17.05,17.15,0.05,198
2024-01-19,2705,260421,4473640,17.3,17.35,17.1,17.2,0.05,271
2024-01-22,2705,252319,4341108,17.3,17.3,17.1,17.2,0.0,215
2024-01-23,2705,298221,5155974,17.2,17.45,17.2,17.4,0.2,284
2024-01-24,2705,492473,8661081,17.4,17.8,17.4,17.65,0.25,315
2024-01-25,2705,234973,4124106,17.65,17.8,17.45,17.55,-0.1,218
2024-01-26,2705,279779,4938839,17.5,17.75,17.5,17.6,0.05,252
2024-01-29,2705,948627,17026373,17.7,18.15,17.7,17.95,0.35,622
2024-01-30,2705,199914,3558706,17.95,17.95,17.75,17.75,-0.2,350
2024-01-31,2705,265144,4688899,17.85,17.85,17.6,17.7,-0.05,463
2024-02-01,2705,298094,5297910,17.7,17.9,17.65,17.65,-0.05,249
2024-02-02,2705,208835,3711065,17.7,17.95,17.65,17.65,0.0,253
2024-02-05,2705,430775,7583217,17.7,17.75,17.5,17.6,-0.05,357
2024-02-15,2705,769065,13240731,17.5,17.5,17.1,17.25,-0.35,612
2024-02-16,2705,416057,7166390,17.15,17.3,17.15,17.15,-0.1,505
2024-02-19,2705,444797,7674411,17.25,17.4,17.15,17.2,0.05,620
2024-02-20,2705,869539,14835218,17.2,17.25,16.95,17.1,-0.1,1138
2024-02-21,2705,437480,7452675,17.1,17.1,16.95,17.0,-0.1,514
2024-02-22,2705,543050,9193501,17.1,17.1,16.8,16.9,-0.1,767
2024-02-23,2705,587474,9913215,16.9,17.0,16.8,16.85,-0.05,737
2024-02-26,2705,355072,6017788,16.85,17.0,16.85,16.95,0.1,374
2024-02-27,2705,364260,6145088,16.9,17.0,16.75,16.8,-0.15,681
2024-02-29,2705,405257,6850032,16.9,17.0,16.75,16.95,0.15,396
2024-03-01,2705,322913,5438572,16.9,16.95,16.8,16.8,-0.15,427
2024-03-04,2705,307677,5158831,16.75,16.9,16.7,16.75,-0.05,479
2024-03-05,2705,359104,6016182,16.75,16.85,16.7,16.7,-0.05,507
2024-03-06,2705,365248,6102915,16.65,16.8,16.65,16.65,-0.05,448
2024-03-07,2705,423383,7005603,16.65,16.7,16.45,16.6,-0.05,578
2024-03-08,2705,692212,11375258,16.55,16.75,16.3,16.35,-0.25,686
2024-03-11,2705,340457,5682546,16.35,16.8,16.35,16.8,0.45,531
2024-03-12,2705,638579,10821050,16.85,17.15,16.85,16.85,0.05,465
2024-03-13,2705,355918,5998865,16.85,17.0,16.8,16.8,-0.05,548
2024-03-14,2705,345294,5845639,16.9,17.05,16.75,17.0,0.2,394
2024-03-15,2705,391280,6663122,17.05,17.1,16.85,17.1,0.1,510
2024-03-18,2705,180005,3048343,17.1,17.1,16.8,16.95,-0.15,388
2024-03-19,2705,281788,4815678,16.95,17.2,16.95,17.1,0.15,337
2024-03-20,2705,341699,5813842,17.1,17.1,16.95,17.0,-0.1,311
2024-03-21,2705,363719,6240180,17.05,17.25,17.05,17.2,0.2,386
2024-03-22,2705,307650,5239409,17.05,17.15,16.9,17.1,-0.1,336
2024-03-25,2705,1075799,18851730,17.1,17.8,17.1,17.55,0.45,935
2024-03-26,2705,1141388,20303914,17.8,17.95,17.65,17.65,0.1,827
2024-03-27,2705,975256,17579100,17.65,18.25,17.65,18.0,0.35,746
2024-03-28,2705,717155,12994199,18.0,18.25,18.0,18.05,0.05,481
2024-03-29,2705,754173,13751052,18.1,18.4,18.1,18.25,0.2,557
2024-04-01,2705,877712,16234988,18.25,18.7,18.25,18.5,0.25,644
2024-04-02,2705,655890,12107094,18.6,18.7,18.3,18.35,-0.15,1061
2024-04-03,2705,798901,14517895,18.3,18.4,18.0,18.1,-0.25,534
2024-04-08,2705,717626,12768793,18.0,18.05,17.65,17.75,-0.35,702
2024-04-09,2705,173707,3104069,17.85,17.95,17.8,17.85,0.1,227
2024-04-10,2705,199808,3578523,17.85,17.95,17.85,17.9,0.05,234
2024-04-11,2705,1799868,33157685,18.0,18.7,18.0,18.25,0.35,1175
2024-04-12,2705,662515,11985623,18.45,18.45,17.95,18.1,-0.15,397
2024-04-15,2705,315429,5707615,18.15,18.3,18.0,18.05,-0.05,274
2024-04-16,2705,567960,10056116,18.1,18.1,17.5,17.6,-0.45,389
2024-04-17,2705,137932,2454575,17.85,17.9,17.65,17.9,0.3,145
2024-04-18,2705,818269,15021795,17.75,18.55,17.75,18.5,0.6,570
2024-04-19,2705,1116122,20718136,18.45,18.95,18.2,18.25,-0.25,642
2024-04-22,2705,1128963,20939780,18.45,18.7,18.35,18.4,0.15,550
2024-04-23,2705,689995,12862788,18.4,18.9,18.4,18.65,0.25,480
2024-04-24,2705,2532628,48193322,18.9,19.5,18.4,19.0,0.35,1277
2024-04-25,2705,2866554,55348352,19.35,19.8,18.9,19.0,0.0,1713
2024-04-26,2705,4473195,88275046,19.05,20.1,19.05,19.9,0.9,2007
2024-04-29,2705,8358212,173587389,20.6,21.4,19.85,21.3,1.4,4424
2024-04-30,2705,7756917,162901614,21.6,21.6,20.15,21.0,-0.3,4105
2024-05-02,2705,7495248,162289868,21.0,22.45,20.55,21.7,0.7,3852
2024-05-03,2705,9709244,210302255,21.7,22.25,20.85,22.2,0.5,4193
2024-05-06,2705,4367514,93330898,21.6,21.8,21.1,21.1,-1.1,2619
2024-05-07,2705,3964893,80732671,21.15,21.25,20.0,20.1,-1.0,2426
2024-05-08,2705,1585204,31942788,20.35,20.55,20.0,20.05,-0.05,1022
2024-05-09,2705,1134659,22982408,20.1,20.4,20.05,20.15,0.1,682
2024-05-10,2705,1315128,26870496,20.1,20.65,20.1,20.45,0.3,707
2024-05-13,2705,834639,16872689,20.5,20.5,20.1,20.2,-0.25,626
2024-05-14,2705,1561729,31669945,20.3,20.6,20.05,20.2,0.0,827
2024-05-15,2705,1039827,20940804,20.2,20.4,20.0,20.1,-0.1,739
2024-05-16,2705,2077568,42702847,20.15,20.95,20.1,20.95,0.85,1258
2024-05-17,2705,1696590,35575973,21.05,21.35,20.65,20.85,-0.1,1170
2024-05-20,2705,3094088,64747752,20.95,21.6,20.3,20.55,-0.3,1769
2024-05-21,2705,1096518,22330151,20.5,20.65,20.2,20.2,-0.35,946
2024-05-22,2705,847003,17097203,20.4,20.4,20.05,20.15,-0.05,741
2024-05-23,2705,1947224,38255676,20.15,20.15,19.35,19.4,-0.75,1146
2024-05-24,2705,734598,14153409,19.35,19.4,19.1,19.3,-0.1,512
2024-05-27,2705,510739,9991247,19.5,19.7,19.4,19.65,0.35,439
2024-05-28,2705,7916249,168798956,20.15,21.6,20.1,21.05,1.4,3216
2024-05-29,2705,2788642,57879625,20.9,21.35,20.4,20.85,-0.2,1521
2024-05-30,2705,1299146,26501942,20.75,20.75,20.2,20.3,-0.55,966
2024-05-31,2705,876460,17990523,20.25,20.85,20.25,20.3,0.0,611
2024-06-03,2705,751440,15205811,20.5,20.5,20.1,20.15,-0.15,625
2024-06-04,2705,389477,7858482,20.2,20.35,20.1,20.2,0.05,386
2024-06-05,2705,349664,7061481,20.35,20.5,20.05,20.15,-0.05,384
2024-06-06,2705,501185,10087122,20.25,20.4,20.0,20.1,-0.05,335
2024-06-07,2705,804141,16547959,20.2,20.75,20.2,20.5,0.4,556
2024-06-11,2705,544011,11032400,20.6,20.6,20.15,20.15,-0.35,411
2024-06-12,2705,414095,8343553,20.35,20.35,20.05,20.15,0.0,290
2024-06-13,2705,464635,9311462,20.3,20.3,20.0,20.0,-0.15,349
2024-06-14,2705,453436,9173952,20.3,20.4,20.05,20.3,0.3,364
2024-06-17,2705,358362,7275017,20.4,20.45,20.15,20.3,0.0,336
2024-06-18,2705,484529,9757366,20.2,20.3,20.05,20.1,-0.2,367
2024-06-19,2705,517626,10388936,20.1,20.15,20.0,20.05,-0.05,303
2024-06-20,2705,554221,11206589,20.05,20.4,20.0,20.3,0.25,376
2024-06-21,2705,715718,14680784,20.25,20.75,20.25,20.65,0.35,420
2024-06-24,2705,496223,10162096,20.8,20.8,20.35,20.45,-0.2,378
2024-06-25,2705,368288,7501076,20.55,20.55,20.25,20.4,-0.05,215
2024-06-26,2705,398558,8112462,20.5,20.55,20.25,20.45,0.05,278
2024-06-27,2705,309339,6317141,20.35,20.5,20.3,20.45,0.0,261
2024-06-28,2705,243239,4957649,20.35,20.45,20.3,20.35,-0.1,389
2024-07-01,2705,788478,16296351,20.45,20.9,20.45,20.6,0.25,505
2024-07-02,2705,315049,6426471,20.55,20.55,20.3,20.45,-0.15,324
2024-07-03,2705,471182,9595464,20.45,20.7,20.2,20.25,-0.2,513
2024-07-04,2705,337404,6814230,20.45,20.45,20.1,20.15,-0.1,480
2024-07-05,2705,505641,10273482,20.2,20.45,20.2,20.25,0.1,290
2024-07-08,2705,514182,10365601,20.25,20.4,20.05,20.1,-0.15,390
2024-07-09,2705,811339,16095692,20.15,20.15,19.7,19.7,-0.4,572
2024-07-10,2705,465453,9349273,19.8,20.3,19.8,20.15,0.45,320
2024-07-11,2705,392795,7913355,20.25,20.25,20.0,20.2,0.05,333
2024-07-12,2705,418144,8473781,20.2,20.45,20.1,20.15,-0.05,284
2024-07-15,2705,408989,8186789,20.2,20.25,19.85,19.85,-0.3,417
2024-07-16,2705,477478,9435065,19.85,20.0,19.65,19.65,-0.2,352
2024-07-17,2705,399671,7926584,19.95,19.95,19.7,19.75,0.1,230
2024-07-18,2705,234385,4635742,19.9,19.9,19.7,19.8,0.05,178
2024-07-19,2705,965156,18641852,19.65,19.7,19.05,19.15,-0.65,541
2024-07-22,2705,579547,10914240,19.15,19.2,18.7,18.8,-0.35,392
2024-07-23,2705,234581,4484702,18.9,19.2,18.9,19.15,0.35,203
2024-07-26,2705,231407,4393371,19.15,19.15,18.85,19.1,-0.05,312
2024-07-29,2705,231094,4383550,19.25,19.25,18.85,18.85,-0.25,235
2024-07-30,2705,186933,3519817,19.15,19.15,18.7,18.9,0.05,186
2024-07-31,2705,127494,2407874,19.1,19.1,18.8,18.95,0.05,206
2024-08-01,2705,229680,4388285,19.05,19.25,19.0,19.05,0.1,162
2024-08-02,2705,327206,6162676,19.05,19.05,18.7,18.75,-0.3,254
2024-08-05,2705,1275780,22489347,18.7,18.85,17.0,17.2,-1.55,1123
2024-08-06,2705,553827,9433693,17.9,17.9,16.65,17.1,-0.1,644
2024-08-07,2705,204067,3613576,17.2,17.95,17.2,17.85,0.75,316
2024-08-08,2705,115600,2043707,17.55,17.8,17.5,17.65,-0.2,271
2024-08-09,2705,205865,3664916,17.6,18.1,17.6,17.65,0.0,241
2024-08-12,2705,146521,2620173,17.65,18.1,17.65,17.75,0.1,201
2024-08-13,2705,92619,1642978,17.8,17.8,17.7,17.7,-0.05,271
2024-08-14,2705,116662,2073516,18.05,18.05,17.65,17.8,0.1,254
2024-08-15,2705,81870,1453071,17.85,17.9,17.6,17.7,-0.1,146
2024-08-16,2705,183587,3255068,17.8,17.95,17.65,17.65,-0.05,261
2024-08-19,2705,106656,1893469,17.7,17.85,17.65,17.65,0.0,147
2024-08-20,2705,199109,3527103,17.9,17.9,17.6,17.65,0.0,303
2024-08-21,2705,206693,3677464,17.75,17.95,17.7,17.9,0.25,210
2024-08-22,2705,126672,2268883,17.95,18.05,17.8,17.8,-0.1,278
2024-08-23,2705,441572,8022369,17.95,18.65,17.8,18.25,0.45,381
2024-08-26,2705,291004,5273297,18.25,18.25,17.95,18.1,-0.15,415
2024-08-27,2705,214824,3900850,18.15,18.3,18.0,18.15,0.05,262
2024-08-28,2705,57793,1054289,18.3,18.3,18.15,18.2,0.05,217
2024-08-29,2705,200457,3612641,18.15,18.15,17.9,18.05,-0.15,254
2024-08-30,2705,125493,2278685,18.05,18.3,18.05,18.2,0.15,298
2024-09-02,2705,99538,1818164,18.4,18.4,18.15,18.35,0.15,175
2024-09-03,2705,122038,2222238,18.35,18.35,18.1,18.1,-0.25,215
2024-09-04,2705,418867,7439678,17.9,18.0,17.5,17.8,-0.3,433
2024-09-05,2705,182413,3287990,18.1,18.15,17.85,18.05,0.25,143
2024-09-06,2705,152188,2748835,18.1,18.15,17.95,18.05,0.0,148
2024-09-09,2705,252795,4552219,18.05,18.2,17.95,17.95,-0.1,227
2024-09-10,2705,162675,2930696,18.25,18.25,17.9,17.95,0.0,188
2024-09-11,2705,98935,1786786,18.2,18.3,17.95,17.95,0.0,118
2024-09-12,2705,70548,1276387,18.15,18.15,18.0,18.15,0.2,98
2024-09-13,2705,54700,990558,18.0,18.2,18.0,18.15,0.0,113
2024-09-16,2705,57619,1048128,18.25,18.25,18.15,18.15,0.0,102
2024-09-18,2705,124778,2267409,18.15,18.3,18.05,18.2,0.05,210
2024-09-19,2705,144622,2641614,18.4,18.4,18.15,18.35,0.15,156
2024-09-20,2705,222304,4048871,18.45,18.45,18.1,18.15,-0.2,331
2024-09-23,2705,125783,2281931,18.2,18.2,18.1,18.1,-0.05,235
2024-09-24,2705,234585,4225964,18.15,18.2,17.9,18.0,-0.1,228
2024-09-25,2705,302742,5445661,18.0,18.15,17.85,17.95,-0.05,355
2024-09-26,2705,249297,4469362,18.0,18.05,17.8,17.95,0.0,296
2024-09-27,2705,339027,6081972,18.0,18.0,17.85,17.95,0.0,310
2024-09-30,2705,489798,8708826,17.95,17.95,17.7,17.8,-0.15,521
2024-10-01,2705,461523,8180240,17.85,17.85,17.65,17.8,0.0,450
2024-10-04,2705,384036,6779593,17.8,17.8,17.55,17.7,-0.1,418
2024-10-07,2705,856791,15063357,17.75,17.8,17.5,17.55,-0.15,861
2024-10-08,2705,442721,7724337,17.6,17.65,17.3,17.35,-0.2,673
2024-10-09,2705,675468,11601674,17.35,17.5,17.0,17.2,-0.15,665
2024-10-11,2705,252549,4365535,17.25,17.45,17.15,17.4,0.2,284
2024-10-14,2705,91268,1578718,17.4,17.4,17.2,17.25,-0.15,195
2024-10-15,2705,120087,2066541,17.3,17.35,17.15,17.15,-0.1,234
2024-10-16,2705,185755,3187691,17.25,17.25,17.1,17.15,0.0,197
2024-10-17,2705,133305,2293919,17.15,17.3,17.1,17.3,0.15,133
2024-10-18,2705,88418,1527332,17.3,17.35,17.2,17.3,0.0,193
2024-10-21,2705,207846,3580178,17.4,17.4,17.1,17.35,0.05,211
2024-10-22,2705,103982,1806561,17.35,17.45,17.3,17.45,0.1,137
2024-10-23,2705,188575,3289954,17.45,17.5,17.35,17.4,-0.05,189
2024-10-24,2705,105796,1838535,17.4,17.45,17.35,17.4,0.0,137
2024-10-25,2705,166928,2897332,17.4,17.45,17.3,17.35,-0.05,172
2024-10-28,2705,116400,2008873,17.35,17.35,17.2,17.25,-0.1,164
2024-10-29,2705,85407,1475780,17.5,17.5,17.15,17.25,0.0,98
2024-10-30,2705,82966,1438243,17.25,17.4,17.25,17.4,0.15,122
2024-11-01,2705,145569,2532322,17.35,17.6,17.2,17.4,0.0,205
2024-11-04,2705,110051,1928593,17.45,17.65,17.3,17.6,0.2,110
2024-11-05,2705,286680,5126989,17.7,18.0,17.6,18.0,0.4,254
2024-11-06,2705,150141,2682322,18.15,18.2,17.75,17.8,-0.2,172
2024-11-07,2705,112886,2000915,17.8,17.95,17.6,17.75,-0.05,142
2024-11-08,2705,150620,2674604,17.8,17.95,17.6,17.75,0.0,154
2024-11-11,2705,200600,3610761,17.75,18.1,17.75,18.0,0.25,186
2024-11-12,2705,173938,3118954,18.0,18.1,17.85,17.85,-0.15,201
2024-11-13,2705,319626,5707844,17.85,18.0,17.7,17.85,0.0,225
2024-11-14,2705,308196,5488124,17.85,17.95,17.6,17.6,-0.25,267
2024-11-15,2705,155357,2777059,17.9,18.0,17.65,17.7,0.1,233
2024-11-18,2705,152914,2710090,17.8,17.9,17.6,17.8,0.1,178
2024-11-19,2705,106731,1894966,17.95,17.95,17.6,17.8,0.0,103
2024-11-20,2705,65686,1161048,17.65,17.85,17.6,17.6,-0.2,112
2024-11-21,2705,154385,2709569,17.6,17.75,17.2,17.65,0.05,142
2024-11-22,2705,147582,2611378,17.7,17.75,17.6,17.75,0.1,140
2024-11-25,2705,59041,1049373,17.9,17.9,17.7,17.8,0.05,151
2024-11-26,2705,94057,1664333,17.75,17.75,17.65,17.65,-0.15,150
2024-11-27,2705,124473,2191616,17.65,17.85,17.4,17.4,-0.25,150
2024-11-28,2705,288371,4988212,17.5,17.5,17.15,17.25,-0.15,256
2024-11-29,2705,172270,2970944,17.25,17.3,17.2,17.3,0.05,214
2024-12-02,2705,203702,3505802,17.3,17.3,17.15,17.15,-0.15,240
2024-12-03,2705,231211,3986910,17.2,17.4,17.2,17.2,0.05,171
2024-12-04,2705,121282,2090607,17.2,17.4,17.2,17.2,0.0,173
2024-12-05,2705,77010,1328036,17.4,17.4,17.15,17.35,0.15,139
2024-12-06,2705,160436,2777222,17.35,17.4,17.2,17.3,-0.05,170
2024-12-09,2705,94497,1640529,17.35,17.45,17.25,17.35,0.05,117
2024-12-10,2705,106683,1857824,17.45,17.45,17.4,17.45,0.1,97
2024-12-11,2705,166340,2922110,17.45,17.7,17.4,17.7,0.25,163
2024-12-12,2705,135317,2394288,17.65,17.75,17.6,17.7,0.0,124
2024-12-13,2705,125896,2210774,17.65,17.65,17.5,17.55,-0.15,147
2024-12-16,2705,348736,6057636,17.6,17.6,17.25,17.25,-0.3,213
2024-12-17,2705,406133,7180265,17.3,18.1,17.3,17.65,0.4,266
2024-12-18,2705,2078777,38862025,17.9,19.35,17.9,18.25,0.6,1416
2024-12-19,2705,427051,7703097,18.15,18.55,17.8,18.0,-0.25,443
2024-12-20,2705,253686,4510142,18.0,18.0,17.7,17.7,-0.3,266
2024-12-23,2705,138189,2455075,17.7,17.85,17.7,17.75,0.05,179
2024-12-24,2705,107396,1907627,17.75,17.9,17.7,17.7,-0.05,127
2024-12-25,2705,184516,3242973,17.75,17.75,17.5,17.55,-0.15,205
2024-12-26,2705,152581,2684023,17.55,17.7,17.55,17.55,0.0,156
2024-12-27,2705,107501,1887066,17.55,17.6,17.5,17.55,0.0,131
2024-12-30,2705,167435,2935654,17.6,17.6,17.45,17.5,-0.05,161
2024-12-31,2705,83030,1458814,17.55,17.65,17.5,17.6,0.1,132
2025-01-02,2705,1248963,22907015,17.95,18.85,17.8,17.85,0.25,828
2025-01-03,2705,235901,4212643,18.05,18.1,17.7,17.75,-0.1,249
2025-01-06,2705,278054,4902160,17.85,17.85,17.55,17.6,-0.15,238
2025-01-07,2705,128396,2257072,17.7,17.7,17.55,17.65,0.05,134
2025-01-08,2705,80228,1412301,17.65,17.65,17.55,17.65,0.0,111
2025-01-09,2705,271372,4749063,17.75,17.75,17.35,17.35,-0.3,236
2025-01-10,2705,375844,6492938,17.4,17.5,17.2,17.3,-0.05,236
2025-01-13,2705,324952,5542374,17.3,17.3,16.85,17.1,-0.2,332
2025-01-14,2705,143832,2468663,17.05,17.25,17.05,17.25,0.15,174
2025-01-15,2705,125887,2168220,17.25,17.3,17.15,17.2,-0.05,200
2025-01-16,2705,118868,2055016,17.4,17.5,17.2,17.3,0.1,139
2025-01-17,2705,3480257,65003196,17.55,19.0,17.55,18.5,1.2,2212
2025-01-20,2705,2010950,37423386,18.75,19.05,18.25,18.25,-0.25,1518
2025-01-21,2705,430245,7863282,18.35,18.5,18.15,18.3,0.05,468
2025-01-22,2705,223839,4121143,18.3,18.55,18.3,18.5,0.2,260
2025-02-03,2705,291690,5299353,18.45,18.45,18.05,18.05,-0.45,378
2025-02-04,2705,371551,6631268,18.1,18.1,17.8,17.85,-0.2,318
2025-02-05,2705,159278,2866870,18.0,18.1,17.9,17.95,0.1,187
2025-02-06,2705,128724,2311989,18.05,18.05,17.9,18.0,0.05,222
2025-02-07,2705,125158,2244517,18.1,18.1,17.85,18.0,0.0,228
2025-02-10,2705,149996,2679047,17.95,18.0,17.8,17.85,-0.15,270
2025-02-11,2705,240250,4303795,18.0,18.0,17.8,17.85,0.0,254
2025-02-12,2705,123424,2225913,17.95,18.15,17.95,18.1,0.25,195
2025-02-13,2705,195262,3555539,18.25,18.35,18.1,18.15,0.05,313
2025-02-14,2705,159131,2878116,18.15,18.15,18.0,18.15,0.0,265
2025-02-17,2705,147227,2662502,18.25,18.25,18.0,18.1,-0.05,403
2025-02-18,2705,155726,2803806,18.1,18.1,17.95,18.0,-0.1,289
2025-02-19,2705,105453,1905074,18.15,18.25,18.0,18.0,0.0,220
2025-02-20,2705,115177,2072160,18.0,18.05,17.95,18.0,0.0,228
2025-02-21,2705,62443,1123201,18.05,18.1,17.95,18.0,0.0,193
2025-02-24,2705,223750,4028971,18.0,18.1,17.95,18.0,0.0,379
2025-02-25,2705,168176,3055829,18.1,18.3,18.0,18.25,0.25,340
2025-02-26,2705,158427,2898376,18.25,18.45,18.25,18.25,0.0,321
2025-02-27,2705,128229,2334169,18.3,18.3,18.15,18.15,-0.1,322
2025-03-03,2705,144600,2603414,17.95,18.15,17.95,17.95,-0.2,366
2025-03-04,2705,149147,2677943,17.9,18.0,17.75,18.0,0.05,243
2025-03-05,2705,101773,1842142,18.15,18.15,18.05,18.15,0.15,253
2025-03-06,2705,150088,2733877,18.2,18.3,18.1,18.15,0.0,286
2025-03-07,2705,74795,1358092,18.25,18.25,18.1,18.1,-0.05,216
2025-03-10,2705,100512,1815741,18.2,18.2,18.0,18.1,0.0,313
2025-03-11,2705,115085,2066114,18.1,18.1,17.8,18.0,-0.1,259
2025-03-12,2705,160579,2882744,18.0,18.1,17.85,17.9,-0.1,256
2025-03-13,2705,129597,2322863,17.9,18.25,17.85,17.9,0.0,303
2025-03-14,2705,243800,4349009,17.7,17.95,17.7,17.85,-0.05,333
2025-03-17,2705,417421,7656141,18.5,18.55,18.1,18.3,0.45,480
2025-03-18,2705,305200,5606726,18.4,18.45,18.25,18.4,0.1,390
2025-03-19,2705,241537,4461281,18.4,18.5,18.35,18.5,0.1,522
2025-03-20,2705,131691,2435099,18.65,18.65,18.45,18.5,0.0,349
2025-03-21,2705,130141,2392397,18.4,18.45,18.35,18.4,-0.1,323
2025-03-24,2705,131962,2430375,18.4,18.5,18.4,18.45,0.05,437
2025-03-25,2705,134453,2474592,18.5,18.5,18.35,18.4,-0.05,395
2025-03-26,2705,144987,2664283,18.4,18.55,18.3,18.4,0.0,390
2025-03-27,2705,193846,3553558,18.5,18.5,18.25,18.3,-0.1,426
2025-03-28,2705,389074,7018567,18.3,18.35,17.9,18.0,-0.3,496
2025-03-31,2705,380694,6695723,17.8,17.9,17.45,17.5,-0.5,884
2025-04-01,2705,243247,4291247,17.65,17.8,17.55,17.55,0.05,282
2025-04-02,2705,115076,2027755,17.55,17.8,17.55,17.65,0.1,296
2025-04-07,2705,1305404,20792072,15.9,16.45,15.9,15.9,-1.75,930
2025-04-08,2705,748180,11907264,16.35,16.55,15.55,16.0,0.1,594
2025-04-09,2705,779963,11966547,16.1,16.1,14.8,15.0,-1.0,846
2025-04-10,2705,265896,4373650,16.5,16.5,16.05,16.5,1.5,259
2025-04-11,2705,112395,1847094,16.45,16.6,16.15,16.6,0.1,223
2025-04-14,2705,169128,2833206,16.85,16.9,16.65,16.7,0.1,262
2025-04-15,2705,142015,2426909,16.8,17.3,16.8,17.15,0.45,220
2025-04-16,2705,147139,2497621,17.15,17.15,16.85,16.85,-0.3,262
2025-04-17,2705,47428,800679,16.85,16.95,16.7,16.95,0.1,116
2025-04-18,2705,70041,1194891,16.95,17.15,16.95,17.1,0.15,105
2025-04-21,2705,90195,1543970,17.1,17.25,17.05,17.05,-0.05,159
2025-04-22,2705,44567,758748,16.85,17.1,16.85,17.0,-0.05,117
2025-04-23,2705,73737,1256625,17.1,17.1,17.0,17.0,0.0,106
2025-04-24,2705,58742,995537,16.95,17.05,16.85,17.0,0.0,130
2025-04-25,2705,73544,1247705,16.95,17.1,16.85,17.0,0.0,156
2025-04-28,2705,59698,1022654,17.1,17.2,17.0,17.1,0.1,93
2025-04-29,2705,55822,958632,17.0,17.2,17.0,17.2,0.1,113
2025-04-30,2705,51122,879539,17.05,17.3,17.05,17.1,-0.1,86
2025-05-02,2705,126178,2214109,17.35,17.75,17.3,17.7,0.6,182
2025-05-05,2705,1590195,29552362,17.95,19.0,17.9,18.6,0.9,964
2025-05-06,2705,1149904,21323681,18.5,18.95,18.2,18.2,-0.4,1068
2025-05-07,2705,410785,7505606,18.25,18.45,18.15,18.2,0.0,344
2025-05-08,2705,380117,6977404,18.25,18.5,18.25,18.3,0.1,303
2025-05-09,2705,222358,4098067,18.35,18.5,18.25,18.5,0.2,231
2025-05-12,2705,224436,4179431,18.7,18.8,18.45,18.65,0.15,253
2025-05-13,2705,314470,5792126,18.6,18.6,18.25,18.35,-0.3,299
2025-05-14,2705,286256,5235996,18.35,18.5,18.15,18.4,0.05,544
2025-05-15,2705,200607,3674078,18.45,18.45,18.2,18.2,-0.2,277
2025-05-16,2705,238607,4380787,18.2,18.5,18.2,18.4,0.2,268
2025-05-19,2705,218853,4031258,18.5,18.6,18.25,18.45,0.05,219
2025-05-20,2705,134396,2482864,18.55,18.55,18.4,18.55,0.1,127
2025-05-21,2705,143511,2654551,18.6,18.6,18.4,18.55,0.0,159
2025-05-22,2705,144898,2693503,18.5,18.65,18.5,18.6,0.05,152
2025-05-23,2705,611725,11527577,18.6,19.0,18.6,18.95,0.35,333
2025-05-26,2705,345608,6544225,18.9,19.0,18.8,18.9,-0.05,263
2025-05-27,2705,528628,10070634,18.9,19.15,18.85,19.15,0.25,407
2025-05-28,2705,431161,8108761,19.15,19.15,18.6,18.85,-0.3,313
2025-05-29,2705,162781,3060563,18.95,18.95,18.75,18.9,0.05,134
2025-06-02,2705,182348,3387088,18.9,18.9,18.4,18.6,-0.3,213
2025-06-03,2705,139184,2603399,18.65,18.75,18.65,18.7,0.1,140
2025-06-04,2705,257441,4868099,18.8,19.0,18.8,18.8,0.1,254
2025-06-05,2705,256805,4869150,19.0,19.15,18.8,18.85,0.05,223
2025-06-06,2705,318561,6074741,18.9,19.2,18.9,19.1,0.25,264
2025-06-09,2705,253229,4827170,19.1,19.3,19.0,19.1,0.0,262
2025-06-10,2705,112480,2140537,19.1,19.25,18.9,18.9,-0.2,228
2025-06-11,2705,269694,5128895,19.0,19.1,18.95,19.05,0.15,238
2025-06-12,2705,203991,3876719,19.05,19.1,18.95,19.0,-0.05,161
2025-06-13,2705,201598,3817743,19.0,19.1,18.8,18.95,-0.05,222
2025-06-16,2705,385676,7271491,18.95,18.95,18.7,18.95,0.0,276
2025-06-17,2705,227990,4275810,19.0,19.0,18.6,18.7,-0.25,182
2025-06-18,2705,264617,4930660,18.65,18.75,18.5,18.65,-0.05,235
2025-06-19,2705,408338,7407373,18.65,18.65,17.9,17.9,-0.75,396
2025-06-20,2705,261262,4656163,17.85,18.1,17.6,18.0,0.1,266
2025-06-23,2705,167685,2980779,17.95,17.95,17.55,17.7,-0.3,201
2025-06-24,2705,119924,2138674,17.6,18.0,17.6,17.9,0.2,172
2025-06-25,2705,60817,1084670,17.85,18.05,17.75,17.9,0.0,130
2025-06-26,2705,144066,2567048,17.9,18.0,17.55,17.75,-0.15,182
2025-06-27,2705,935445,17396213,17.95,18.9,17.8,18.75,1.0,717
2025-06-30,2705,336170,6196103,18.85,18.85,18.2,18.4,-0.35,354
2025-07-01,2705,447910,8247296,18.35,18.55,18.35,18.45,0.05,430
2025-07-02,2705,216522,3997024,18.4,18.55,18.3,18.45,0.0,195
2025-07-03,2705,355610,6485914,18.4,18.4,18.15,18.3,-0.15,337
2025-07-04,2705,263779,4773609,18.45,18.45,17.95,18.05,-0.25,295
2025-07-07,2705,175818,3136308,17.9,18.0,17.75,17.85,-0.2,163
2025-07-08,2705,248396,4371916,17.85,17.85,17.5,17.6,-0.25,166
2025-07-09,2705,170808,2993535,17.4,17.65,17.4,17.55,-0.05,137
2025-07-10,2705,303281,5264173,17.5,17.6,17.25,17.4,-0.15,179
2025-07-11,2705,103742,1811073,17.4,17.5,17.4,17.5,0.1,116
2025-07-14,2705,98760,1730263,17.55,17.6,17.4,17.45,-0.05,139
2025-07-15,2705,110362,1925122,17.45,17.65,17.35,17.35,-0.1,116
2025-07-16,2705,142399,2467228,17.35,17.45,17.25,17.25,-0.1,152
2025-07-17,2705,109107,1887022,17.3,17.45,17.2,17.25,0.0,160
2025-07-18,2705,159638,2746730,17.25,17.35,17.1,17.15,-0.1,173
2025-07-21,2705,249854,4260891,16.95,17.25,16.95,17.05,-0.1,212
2025-07-22,2705,300329,5089758,17.05,17.15,16.85,16.85,-0.2,265
2025-07-23,2705,143942,2442934,16.85,17.05,16.85,17.0,0.15,142
2025-07-24,2705,139157,2368109,17.05,17.15,16.9,17.05,0.05,165
2025-07-25,2705,80324,1365413,17.05,17.05,16.95,17.0,-0.05,115
2025-07-28,2705,79624,1359362,17.05,17.1,17.0,17.05,0.05,111
2025-07-29,2705,166565,2819474,17.15,17.15,16.75,16.85,-0.2,209
2025-07-30,2705,357685,6069593,17.0,17.1,16.85,17.0,0.15,108
2025-07-31,2705,110805,1870363,17.0,17.0,16.85,16.9,-0.1,125
2025-08-01,2705,67544,1139741,16.7,16.95,16.7,16.85,-0.05,99
2025-08-04,2705,100083,1689144,16.85,17.0,16.8,16.95,0.1,97
2025-08-05,2705,127015,2150393,16.95,17.05,16.9,16.9,-0.05,137
2025-08-06,2705,48547,822450,16.9,17.0,16.9,16.95,0.05,84
2025-08-07,2705,185324,3146307,17.05,17.2,16.8,17.05,0.1,169
2025-08-08,2705,78589,1338722,17.1,17.15,16.95,16.95,-0.1,114
2025-08-11,2705,119406,2015711,16.9,16.95,16.85,16.85,-0.1,154
2025-08-12,2705,134419,2263996,16.85,16.95,16.8,16.85,0.0,144
2025-08-13,2705,101569,1721100,16.95,17.0,16.85,17.0,0.15,283
2025-08-14,2705,91778,1559369,16.9,17.05,16.9,17.05,0.05,209
2025-08-15,2705,135649,2319786,17.05,17.15,17.0,17.15,0.1,167
2025-08-18,2705,124173,2134026,17.15,17.25,17.15,17.2,0.05,121
2025-08-19,2705,219105,3773696,17.15,17.3,17.05,17.25,0.05,185
2025-08-20,2705,97526,1681316,17.25,17.35,17.15,17.3,0.05,142
2025-08-21,2705,111138,1926082,17.3,17.45,17.3,17.35,0.05,123
2025-08-22,2705,53363,922727,17.3,17.5,17.25,17.35,0.0,111
2025-08-25,2705,132792,2301378,17.35,17.45,17.2,17.25,-0.1,176
2025-08-26,2705,127775,2198064,17.2,17.35,17.15,17.35,0.1,123
2025-08-27,2705,79140,1366041,17.45,17.45,17.2,17.2,-0.15,109
2025-08-28,2705,245593,4237439,17.3,17.35,17.2,17.25,0.05,129
2025-08-29,2705,80777,1402022,17.25,17.45,17.25,17.4,0.15,132
2025-09-01,2705,94543,1646384,17.4,17.55,17.35,17.4,0.0,131
2025-09-02,2705,118663,2054687,17.4,17.55,17.25,17.35,-0.05,122
2025-09-03,2705,84491,1460673,17.25,17.45,17.25,17.25,-0.1,118
2025-09-04,2705,91552,1586642,17.25,17.4,17.25,17.4,0.15,124
2025-09-05,2705,84215,1457114,17.4,17.45,17.25,17.25,-0.15,183
2025-09-08,2705,145384,2507796,17.25,17.35,17.1,17.35,0.1,188
2025-09-09,2705,86340,1490272,17.3,17.3,17.2,17.25,-0.1,161
2025-09-10,2705,111389,1916109,17.25,17.25,17.15,17.2,-0.05,134
2025-09-11,2705,164938,2814930,17.2,17.2,16.95,17.0,-0.2,204
2025-09-12,2705,101297,1728602,17.1,17.1,17.0,17.05,0.05,115
2025-09-15,2705,139405,2405626,17.05,17.4,17.05,17.35,0.3,133
2025-09-16,2705,145934,2533980,17.4,17.45,17.2,17.45,0.1,115
2025-09-17,2705,98220,1697155,17.4,17.4,17.2,17.2,-0.25,167
2025-09-18,2705,77497,1332050,17.2,17.25,17.15,17.15,-0.05,109
2025-09-19,2705,97591,1677350,17.35,17.35,17.1,17.3,0.15,108
2025-09-22,2705,51795,889130,17.15,17.3,17.1,17.15,-0.15,128
2025-09-23,2705,175319,2987074,17.15,17.15,16.95,17.05,-0.1,190
2025-09-24,2705,111461,1892669,17.0,17.05,16.95,17.0,-0.05,145
2025-09-25,2705,75658,1289161,17.1,17.1,17.0,17.0,0.0,98
2025-09-26,2705,113194,1919530,17.1,17.1,16.85,16.9,-0.1,127
2025-09-30,2705,29135,494793,16.95,17.05,16.9,17.05,0.15,75
2025-10-01,2705,49532,844820,17.15,17.15,17.0,17.1,0.05,81
2025-10-02,2705,34738,592579,17.15,17.15,17.0,17.1,0.0,95
2025-10-03,2705,227841,4172784,17.0,17.15,17.0,17.0,-0.1,77
2025-10-07,2705,97046,1648852,17.0,17.1,16.95,17.0,0.0,198
2025-10-08,2705,84568,1433613,17.0,17.0,16.9,16.95,-0.05,116
2025-10-09,2705,52710,897401,17.05,17.1,17.0,17.0,0.05,141
2025-10-13,2705,90951,1528242,16.65,16.95,16.65,16.85,-0.15,197
2025-10-14,2705,154934,2619162,16.9,17.0,16.8,16.8,-0.05,197
2025-10-15,2705,91342,1532763,16.85,16.9,16.7,16.75,-0.05,157
2025-10-16,2705,84950,1426867,16.75,16.9,16.75,16.8,0.05,149
2025-10-17,2705,144833,2463838,16.8,17.1,16.8,16.95,0.15,160
2025-10-20,2705,100040,1701861,17.05,17.1,16.95,17.05,0.1,99
2025-10-21,2705,46445,788248,17.1,17.1,16.95,16.95,-0.1,86
2025-10-22,2705,93107,1576384,16.9,17.0,16.9,16.9,-0.05,117
2025-10-23,2705,107084,1805851,16.9,17.05,16.8,16.85,-0.05,153
2025-10-27,2705,424365,6552801,16.9,16.95,16.85,16.9,0.05,138
2025-10-28,2705,51029,863502,16.95,17.0,16.9,16.9,0.0,116
2025-10-29,2705,97342,1644454,16.9,17.0,16.85,16.85,-0.05,104
2025-10-30,2705,91506,1548520,17.0,17.0,16.85,16.85,0.0,125
2025-10-31,2705,83999,1413793,16.85,16.95,16.75,16.85,0.0,136
2025-11-03,2705,87891,1478111,16.8,16.9,16.8,16.8,-0.05,160
2025-11-04,2705,88461,1486647,16.85,16.85,16.75,16.75,-0.05,98
2025-11-05,2705,345005,5885544,16.75,17.35,16.75,16.85,0.1,301
2025-11-06,2705,114635,1956783,17.1,17.15,16.9,16.9,0.05,134
2025-11-07,2705,74758,1270901,16.9,17.15,16.9,16.95,0.05,126
2025-11-10,2705,37421,633794,17.05,17.05,16.85,16.9,-0.05,95
2025-11-11,2705,54116,912511,16.85,16.9,16.85,16.85,-0.05,115
2025-11-12,2705,103234,1744374,16.85,17.0,16.85,16.85,0.0,132
2025-11-13,2705,63074,1065496,17.05,17.05,16.85,16.9,0.05,89
2025-11-14,2705,116325,1967443,17.0,17.0,16.8,16.8,-0.1,146
2025-11-17,2705,52975,891951,16.8,16.9,16.8,16.8,0.0,111
2025-11-18,2705,127934,2147719,16.95,16.95,16.7,16.75,-0.05,182
2025-11-19,2705,98413,1641039,16.7,16.8,16.6,16.65,-0.1,148
2025-11-20,2705,2866835,52356507,16.7,16.8,16.65,16.7,0.05,101
2025-11-21,2705,384847,6329974,16.5,16.65,16.35,16.35,-0.35,299
2025-11-24,2705,116267,1905600,16.4,16.45,16.3,16.35,0.0,210
2025-11-25,2705,109423,1798814,16.55,16.55,16.4,16.5,0.15,80
2025-11-26,2705,69938,1160002,16.5,16.65,16.5,16.65,0.15,97
2025-11-27,2705,87918,1454736,16.65,16.75,16.45,16.5,-0.15,121
2025-11-28,2705,71749,1189235,16.7,16.7,16.5,16.6,0.1,115
2025-12-01,2705,248624,4115424,16.6,16.65,16.5,16.55,-0.05,111
2025-12-02,2705,84057,1397420,16.6,16.7,16.6,16.65,0.1,91
2025-12-03,2705,115037,1914654,16.8,16.8,16.6,16.6,-0.05,119
2025-12-04,2705,48307,803599,16.65,16.7,16.6,16.65,0.05,75
2025-12-05,2705,42725,710747,16.65,16.7,16.6,16.65,0.0,87
2025-12-08,2705,163108,2700703,16.65,16.65,16.5,16.55,-0.1,111
2025-12-09,2705,191383,3180433,16.55,17.05,16.5,16.55,0.0,185
2025-12-10,2705,2883827,43107017,16.6,16.6,16.5,16.5,-0.05,125
2025-12-11,2705,92459,1529069,16.5,16.6,16.5,16.55,0.05,121
2025-12-12,2705,44690,742297,16.65,16.7,16.55,16.55,0.0,103
2025-12-15,2705,116107,1924068,16.5,16.65,16.45,16.65,0.1,101
2025-12-16,2705,3305678,60237596,16.55,16.65,16.4,16.5,-0.15,163
2025-12-17,2705,119508,1978934,16.55,16.6,16.5,16.55,0.05,106
2025-12-18,2705,3207577,47863142,16.5,16.55,16.5,16.55,0.0,108
2025-12-19,2705,73437,1221476,16.6,16.7,16.55,16.65,0.1,118
2025-12-22,2705,981483,14856494,16.65,16.7,16.6,16.65,0.0,152
2025-12-23,2705,3248366,59309247,16.75,16.75,16.65,16.7,0.05,116
2025-12-24,2705,78989,1318360,16.8,16.8,16.6,16.7,0.0,122
2025-12-26,2705,88188,1466704,16.7,16.7,16.5,16.6,-0.1,129
2025-12-29,2705,57436,957070,16.6,16.7,16.5,16.65,0.05,100
2025-12-30,2705,83086,1383059,16.7,16.75,16.6,16.6,-0.05,129
2025-12-31,2705,86249,1432883,16.6,16.7,16.55,16.6,0.0,108
2026-01-02,2705,99919,1660526,16.7,16.7,16.55,16.55,-0.05,145
2026-01-05,2705,164588,2706697,16.55,16.55,16.35,16.45,-0.1,199
2026-01-06,2705,127935,2106669,16.45,16.5,16.4,16.4,-0.05,154
2026-01-07,2705,176161,2897745,16.45,16.55,16.4,16.5,0.1,194
2026-01-08,2705,127312,2095237,16.55,16.55,16.4,16.45,-0.05,132
2026-01-09,2705,68806,1136680,16.6,16.6,16.45,16.5,0.05,65
2026-01-12,2705,129037,2151172,16.5,16.8,16.5,16.65,0.15,184
2026-01-13,2705,204262,3395320,16.7,16.75,16.5,16.55,-0.1,206
2026-01-14,2705,130144,2159870,16.55,16.65,16.55,16.6,0.05,140
2026-01-15,2705,133704,2223739,16.65,16.7,16.6,16.6,0.0,153
2026-01-16,2705,146584,2432726,16.6,16.65,16.55,16.6,0.0,228
2026-01-19,2705,477342,7827919,16.35,16.5,16.3,16.45,-0.15,699
2026-01-20,2705,195406,3209326,16.45,16.45,16.3,16.45,0.0,202
2026-01-21,2705,279220,4554220,16.35,16.4,16.2,16.3,-0.15,423
2026-01-22,2705,367595,5986032,16.3,16.4,16.2,16.25,-0.05,329
2026-01-23,2705,111158,1806065,16.2,16.3,16.2,16.3,0.05,204
2026-01-26,2705,132212,2151492,16.3,16.35,16.25,16.35,0.05,229
2026-01-27,2705,298863,4921817,16.3,16.55,16.3,16.5,0.15,309
2026-01-28,2705,221023,3644273,16.55,16.6,16.4,16.45,-0.05,227
2026-01-29,2705,153253,2514524,16.4,16.45,16.35,16.45,0.0,214
2026-01-30,2705,128918,2107745,16.35,16.4,16.3,16.4,-0.05,188
2026-02-02,2705,194747,3148882,16.3,16.3,16.05,16.15,-0.25,315
2026-02-03,2705,104929,1696631,16.15,16.25,16.1,16.2,0.05,163
2026-02-04,2705,167786,2729470,16.25,16.35,16.2,16.25,0.05,165
2026-02-05,2705,534353,8903491,16.35,17.05,16.35,16.4,0.15,428
2026-02-06,2705,204317,3331122,16.4,16.4,16.2,16.3,-0.1,218
2026-02-09,2705,310557,5035542,16.15,16.3,16.15,16.2,-0.1,274
2026-02-10,2705,310713,5022348,16.2,16.25,16.15,16.15,-0.05,233
2026-02-11,2705,244125,3946967,16.25,16.25,16.1,16.2,0.05,244
2026-02-23,2705,297956,4853398,16.2,16.4,16.2,16.25,0.05,308
2026-02-24,2705,303571,4918239,16.3,16.35,16.15,16.2,-0.05,293
2026-02-25,2705,189752,3074998,16.2,16.25,16.15,16.2,0.0,274
2026-02-26,2705,244786,3968223,16.2,16.25,16.15,16.25,0.05,305
2026-03-02,2705,276626,4449719,16.05,16.2,16.0,16.2,-0.05,977
2026-03-03,2705,227132,3649066,16.1,16.15,16.0,16.1,-0.1,634
2026-03-04,2705,294868,4682013,16.05,16.05,15.8,15.8,-0.3,686
2026-03-05,2705,142997,2296858,15.9,16.15,15.9,16.1,0.3,482
2026-03-06,2705,164044,2649428,16.15,16.25,16.05,16.2,0.1,380
2026-03-09,2705,288928,4585456,15.8,15.95,15.5,15.8,-0.4,772
2026-03-10,2705,199960,3177589,15.85,16.0,15.85,16.0,0.2,460
2026-03-11,2705,150782,2438853,16.1,16.25,16.1,16.2,0.2,386
2026-03-12,2705,220268,3585550,16.15,16.35,16.15,16.3,0.1,717
2026-03-13,2705,183366,3011195,16.3,16.55,16.25,16.5,0.2,563
2026-03-16,2705,162038,2684813,16.5,16.7,16.45,16.65,0.15,695
2026-03-17,2705,307818,5142662,16.65,16.8,16.6,16.75,0.1,631
2026-03-18,2705,262666,4354567,16.75,16.85,16.4,16.6,-0.15,632
2026-03-19,2705,234080,3842043,16.45,16.6,16.3,16.3,-0.3,531
2026-03-20,2705,158832,2595164,16.3,16.45,16.3,16.35,0.05,503
2026-03-23,2705,186235,3006615,16.2,16.25,16.0,16.1,-0.25,649
2026-03-24,2705,126214,2043188,16.3,16.3,16.1,16.2,0.1,585
2026-03-25,2705,105863,1728787,16.3,16.4,16.3,16.4,0.2,688
2026-03-26,2705,133163,2199317,16.4,16.65,16.35,16.6,0.2,382
2026-03-27,2705,88108,1448631,16.45,16.55,16.35,16.5,-0.1,230
2026-03-30,2705,118992,1946920,16.5,16.5,16.2,16.45,-0.05,307
2026-03-31,2705,167582,2754602,16.3,16.5,16.3,16.45,0.0,237
2026-04-01,2705,189600,3153472,16.55,16.7,16.45,16.65,0.2,200
2026-04-02,2705,115773,1921433,16.65,16.65,16.55,16.55,-0.1,167
2026-04-07,2705,184956,3060680,16.55,16.55,16.5,16.5,-0.05,181
2026-04-08,2705,185680,3085115,16.55,16.75,16.45,16.65,0.15,195
2026-04-09,2705,291745,4834715,16.55,16.65,16.5,16.55,-0.1,222
2026-04-10,2705,448592,7518628,16.8,16.85,16.65,16.7,0.15,254
2026-04-13,2705,1601552,28034135,17.15,18.2,17.15,17.35,0.65,996
2026-04-14,2705,3973667,62800349,17.3,17.3,16.7,16.85,-0.5,444
2026-04-15,2705,341858,5777422,16.8,17.05,16.75,16.95,0.1,279
2026-04-16,2705,129429,2203940,17.1,17.15,16.95,17.05,0.1,196
2026-04-17,2705,727609,12689714,17.05,17.8,17.0,17.6,0.55,469
2026-04-20,2705,542532,9498958,17.5,17.7,17.2,17.7,0.1,458
2026-04-21,2705,291123,5061408,17.5,17.7,17.1,17.1,-0.6,378
2026-04-22,2705,342448,5824468,17.2,17.3,16.8,17.05,-0.05,336
2026-04-23,2705,268763,4491339,17.0,17.0,16.45,16.75,-0.3,280
2026-04-24,2705,3597411,55142787,16.75,17.25,16.5,17.2,0.45,350
2026-04-27,2705,209374,3548052,17.15,17.2,16.75,16.75,-0.45,342
2026-04-28,2705,383240,6351309,16.8,17.0,16.35,16.55,-0.2,378
2026-04-29,2705,387961,6317741,16.6,16.6,16.1,16.35,-0.2,349
2026-04-30,2705,298945,4964535,16.35,16.85,16.25,16.65,0.3,306
2026-05-04,2705,355641,5986075,16.7,17.05,16.55,16.8,0.15,307
2026-05-05,2705,599279,9838132,16.75,16.85,16.15,16.35,-0.45,482
2026-05-06,2705,360592,5855154,16.5,16.5,16.1,16.25,-0.1,334
2026-05-07,2705,515606,8274539,16.05,16.35,15.95,16.1,-0.15,460
2026-05-08,2705,512166,8179670,16.05,16.1,15.85,15.9,-0.2,397
2026-05-11,2705,161498,2579803,15.8,16.05,15.8,16.05,0.15,253
2026-05-12,2705,227968,3619689,16.0,16.05,15.75,15.8,-0.25,312
2026-05-13,2705,293206,4594854,15.8,15.8,15.55,15.7,-0.1,299
2026-05-14,2705,530750,8198095,15.6,15.7,15.3,15.3,-0.4,473
2026-05-15,2705,299918,4598168,15.3,15.5,15.2,15.25,-0.05,341
2026-05-18,2705,707776,11645834,15.1,15.35,15.1,15.2,-0.05,209
2026-05-19,2705,151238,2324046,15.2,15.45,15.2,15.35,0.15,142
2026-05-20,2705,142281,2183567,15.45,15.5,15.25,15.35,0.0,180
2026-05-21,2705,144667,2220056,15.3,15.5,15.3,15.4,0.05,180
2026-05-22,2705,266873,4062794,15.4,15.4,15.15,15.15,-0.25,279
2026-05-25,2705,227833,3451096,15.25,15.25,15.05,15.2,0.05,311
2026-05-26,2705,270054,4093006,15.25,15.25,15.0,15.05,-0.15,270
2026-05-27,2705,220216,3310171,15.05,15.15,14.95,15.0,-0.05,308
2026-05-28,2705,3858888,63128793,15.0,15.15,14.9,15.0,0.0,350
2026-05-29,2705,271734,4114014,15.05,15.2,15.05,15.15,0.15,257
2026-06-01,2705,316112,4817986,15.15,15.4,15.1,15.3,0.15,307
2026-06-02,2705,163008,2498105,15.35,15.4,15.2,15.4,0.1,201
2026-06-03,2705,349609,5483897,15.5,15.9,15.45,15.75,0.35,322
2026-06-04,2705,275503,4336112,16.0,16.0,15.55,15.75,0.0,355
2026-06-05,2705,261122,4086163,15.75,15.8,15.5,15.7,-0.05,298
2026-06-08,2705,228680,3525366,15.5,15.6,15.3,15.45,-0.25,307
2026-06-09,2705,177822,2781765,15.55,15.75,15.5,15.65,0.2,240
2026-06-10,2705,164006,2554027,15.65,15.65,15.45,15.6,-0.05,267
2026-06-11,2705,126493,1960598,15.7,15.7,15.4,15.55,-0.05,190
2026-06-12,2705,213762,3359559,15.7,15.95,15.55,15.65,0.1,280
2026-06-15,2705,1215864,20580952,15.85,15.95,15.6,15.95,0.3,461
2026-06-16,2705,393919,6362035,16.1,16.3,15.9,16.25,0.3,402
2026-06-17,2705,368428,6019639,16.3,16.5,16.2,16.35,0.1,359
2026-06-18,2705,258395,4263259,16.45,16.65,16.4,16.5,0.15,299
2026-06-22,2705,184529,2999599,16.4,16.4,16.15,16.3,-0.2,330
2026-06-23,2705,123101,1986571,16.3,16.3,16.1,16.15,-0.15,240
2026-06-24,2705,62960,1015155,16.1,16.2,16.05,16.15,0.0,172
2026-06-25,2705,115243,1866832,16.15,16.3,16.15,16.2,0.05,137
2026-06-26,2705,138931,2234962,16.05,16.2,16.0,16.15,-0.05,226
2026-06-29,2705,103932,1676431,16.15,16.2,16.05,16.15,0.0,173
2026-06-30,2705,90565,1463027,16.2,16.2,16.1,16.2,0.05,123
2026-07-01,2705,209742,3155465,16.2,16.25,16.1,16.2,0.0,119
2026-07-02,2705,1885562,32608885,16.25,16.25,16.1,16.1,-0.1,124
2026-07-03,2705,5513823,85851355,16.2,16.85,16.2,16.65,0.55,375
2026-07-06,2705,1812207,32672282,16.6,16.65,16.2,16.4,-0.25,449
2026-07-07,2705,284902,4642560,16.3,16.55,16.05,16.55,0.15,282
2026-07-08,2705,79076,1291592,16.55,16.55,16.2,16.3,-0.25,173
2026-07-09,2705,120454,1950607,16.45,16.45,16.1,16.15,-0.15,152
2026-07-13,2705,119617,1945967,16.15,16.6,16.1,16.25,0.1,192
2026-07-14,2705,221562,3566963,16.35,16.35,15.95,16.2,-0.05,202
2026-07-15,2705,87317,1416643,16.3,16.3,16.1,16.3,0.1,149
2026-07-16,2705,93135,1514108,16.35,16.4,16.1,16.3,0.0,139
2026-07-17,2705,229547,3733951,16.2,16.55,16.05,16.2,-0.1,254
2026-07-20,2705,107626,1743640,16.3,16.3,16.1,16.2,0.0,133
2026-07-21,2705,223548,3658311,16.15,16.65,16.1,16.5,0.3,191
2026-07-22,2705,72559,1185044,16.55,16.55,16.25,16.25,-0.25,126
2026-07-23,2705,75874,1224430,16.2,16.2,16.1,16.1,-0.15,101
2026-07-24,2705,229651,3742078,16.1,16.5,16.05,16.35,0.25,190
2026-07-27,2705,55665,906258,16.4,16.4,16.2,16.3,-0.05,90
2026-07-28,2705,3282031,48482748,16.25,16.25,16.0,16.1,-0.2,170
2026-07-29,2705,194096,3119774,16.25,16.25,15.9,16.2,0.1,219
2026-07-30,2705,118298,1902500,16.2,16.25,16.0,16.05,-0.15,145
2026-07-31,2705,82279,1327354,16.15,16.25,16.05,16.15,0.1,124
2026-08-03,2705,93464,1508853,16.15,16.35,16.0,16.15,0.0,119
2026-08-04,2705,102987,1656251,16.2,16.2,16.0,16.15,0.0,106
2026-08-05,2705,84833,1366098,16.25,16.25,16.05,16.1,-0.05,112
2026-08-06,2705,50562,812007,16.2,16.2,16.0,16.1,0.0,118
2026-08-07,2705,90101,1453983,16.1,16.25,16.0,16.2,0.1,111
2026-08-10,2705,18624,300921,16.1,16.2,16.1,16.2,0.0,144
2026-08-11,2705,63558,1022017,16.2,16.2,16.05,16.1,-0.1,153
2026-08-12,2705,52770,850563,16.15,16.2,16.05,16.05,-0.05,126
2026-08-13,2705,90123,1443362,16.0,16.1,15.95,16.0,-0.05,161
2026-08-14,2705,130648,2088627,16.05,16.05,15.9,16.05,0.05,172
2026-08-17,2705,74214,1182080,16.1,16.1,15.9,15.9,-0.15,232
2026-08-18,2705,1086621,18722747,15.85,15.9,15.5,15.6,-0.3,177
2026-08-19,2705,164664,2570676,15.7,15.7,15.5,15.5,-0.1,156
2026-08-20,2705,113105,1777123,15.65,15.8,15.65,15.8,0.3,115
2026-08-21,2705,123408,1966604,15.9,16.1,15.8,16.05,0.25,148
2026-08-24,2705,58513,929843,16.05,16.2,15.8,15.9,-0.15,201
2026-08-25,2705,42700,676134,15.9,15.9,15.8,15.8,-0.1,75
2026-08-26,2705,67575,1070389,15.8,15.95,15.75,15.85,0.05,118
2026-08-27,2705,38506,607243,15.75,15.85,15.7,15.75,-0.1,119
2026-08-28,2705,95661,1499944,15.7,15.8,15.6,15.7,-0.05,124
2026-08-31,2705,63667,997419,15.65,15.8,15.6,15.8,0.1,91
2026-09-01,2705,75094,1184764,15.65,15.85,15.65,15.85,0.05,104
2026-09-02,2705,143926,2265905,15.75,15.9,15.55,15.7,-0.15,137
2026-09-03,2705,40692,639964,15.65,15.85,15.65,15.65,-0.05,92
2026-09-04,2705,30427,479105,15.75,15.85,15.65,15.75,0.1,80
2026-09-07,2705,99285,1552381,15.85,15.85,15.55,15.65,-0.1,146
2026-09-08,2705,35841,559616,15.6,15.7,15.55,15.6,-0.05,119
2026-09-09,2705,104624,1632502,15.65,15.7,15.5,15.65,0.05,108
2026-09-10,2705,137651,2141254,15.65,15.65,15.45,15.55,-0.1,112
2026-09-11,2705,81793,1269788,15.5,15.6,15.45,15.5,-0.05,122
2026-09-14,2705,1135152,16085289,15.45,15.5,15.1,15.35,-0.15,201
2026-09-15,2705,113760,1731661,15.15,15.5,15.1,15.25,-0.1,160
2026-09-16,2705,209815,3179913,15.35,15.35,15.0,15.1,-0.15,222
2026-09-17,2705,131184,2010006,15.3,15.4,15.15,15.35,0.25,94
2026-09-18,2705,104453,1582606,15.25,15.35,15.0,15.35,0.0,144
2026-09-21,2705,215671,3271362,15.4,15.4,15.0,15.25,-0.1,172
2026-09-22,2705,106023,1623571,15.35,15.4,15.2,15.25,0.0,107
2026-09-23,2705,102000,1545789,15.35,15.35,15.1,15.15,-0.1,118
2026-09-24,2705,82592,1245615,15.15,15.15,15.0,15.15,0.0,127
