date,stock_id,Trading_Volume,Trading_money,open,max,min,close,spread,Trading_turnover
2016-09-29,2740,3000,109700,36.4,36.9,36.4,36.9,-0.1,3
2016-09-30,2740,5000,182800,36.9,36.9,36.3,36.3,-0.6,4
2016-10-03,2740,7000,253800,36.0,36.4,36.0,36.3,0.0,6
2016-10-04,2740,17000,597350,36.0,36.0,35.0,35.0,-1.3,16
2016-10-05,2740,5024,178204,37.4,37.4,34.0,35.95,0.95,6
2016-10-06,2740,6200,214630,34.1,35.75,34.1,35.75,-0.2,7
2016-10-07,2740,22090,788831,34.0,36.5,34.0,35.65,-0.1,21
2016-10-11,2740,8094,276352,34.0,35.0,33.25,33.25,-2.4,10
2016-10-12,2740,41453,1386380,33.25,33.75,33.25,33.75,0.5,18
2016-10-13,2740,5,165,0.0,0.0,0.0,0.0,0.0,5
2016-10-14,2740,13005,421965,30.8,33.5,30.7,33.4,-0.2,18
2016-10-17,2740,16011,494253,30.55,32.5,30.4,32.5,-0.9,16
2016-10-18,2740,12105,378522,30.7,31.9,30.7,31.05,-1.45,16
2016-10-19,2740,1000,31100,31.1,31.1,31.1,31.1,0.05,1
2016-10-20,2740,5000,155300,30.75,31.6,30.7,31.55,0.45,5
2016-10-21,2740,0,0,0.0,0.0,0.0,0.0,0.0,0
2016-10-24,2740,0,0,0.0,0.0,0.0,0.0,0.0,0
2016-10-25,2740,5000,156400,31.35,31.35,31.0,31.0,-0.3,5
2016-10-26,2740,11000,351100,33.1,33.1,31.0,31.0,0.0,9
2016-10-27,2740,3000,93000,31.0,31.0,31.0,31.0,0.0,3
2016-10-28,2740,4000,123550,31.0,31.0,30.55,31.0,0.0,4
2016-10-31,2740,9000,274250,30.4,31.0,30.4,30.45,-0.55,4
2016-11-01,2740,2000,60900,30.45,30.45,30.45,30.45,0.0,2
2016-11-02,2740,0,0,0.0,0.0,0.0,0.0,0.0,0
2016-11-03,2740,0,0,0.0,0.0,0.0,0.0,0.0,0
2016-11-04,2740,8000,233750,30.0,30.0,28.95,29.95,-0.5,7
2016-11-07,2740,4000,118450,29.95,30.0,29.25,29.25,-0.7,4
2016-11-08,2740,1024,30620,29.9,29.9,29.9,29.9,0.65,2
2016-11-09,2740,5000,144400,29.85,29.9,27.65,29.9,0.0,5
2016-11-10,2740,12365,365667,29.7,29.7,29.5,29.6,-0.3,9
2016-11-11,2740,12004,353366,30.2,30.2,28.55,29.5,-0.1,15
2016-11-14,2740,34365,1047320,29.5,32.35,29.5,32.0,2.5,18
2016-11-15,2740,6897,215955,32.0,32.0,30.65,31.85,-0.15,7
2016-11-16,2740,0,0,0.0,0.0,0.0,0.0,0.0,0
2016-11-17,2740,2000,63700,31.85,31.85,31.85,31.85,0.05,2
2016-11-18,2740,1090,32836,30.1,30.1,30.1,30.1,-1.75,3
2016-11-21,2740,3000,90700,30.2,30.3,30.2,30.3,0.2,3
2016-11-22,2740,17000,516200,30.3,31.0,30.0,30.0,-0.3,11
2016-11-23,2740,11000,322000,29.1,29.6,28.9,28.9,-1.1,9
2016-11-24,2740,11000,320450,30.7,30.7,28.5,29.6,0.7,10
2016-11-25,2740,13000,377100,29.0,29.1,29.0,29.0,-0.6,7
2016-11-28,2740,14000,407950,29.2,29.2,29.0,29.2,0.2,13
2016-11-29,2740,4001,116229,28.9,29.2,28.9,29.2,0.0,5
2016-11-30,2740,3050,87593,28.6,28.95,28.6,28.95,-0.25,6
2016-12-01,2740,18000,532550,28.95,30.0,28.95,29.4,0.45,12
2016-12-02,2740,10,307,0.0,0.0,0.0,0.0,0.0,1
2016-12-05,2740,7006,199818,28.5,28.7,28.15,28.15,-1.25,10
2016-12-06,2740,445,12015,0.0,0.0,0.0,0.0,0.0,1
2016-12-07,2740,24771,735748,29.2,30.0,29.0,30.0,1.25,25
2016-12-08,2740,129000,3890350,30.0,31.0,30.0,31.0,1.0,37
2016-12-09,2740,4000,121400,30.5,30.5,30.3,30.3,-0.7,4
2016-12-12,2740,9228,271108,30.2,30.2,29.05,30.1,-0.2,8
2016-12-13,2740,450,13545,0.0,0.0,0.0,0.0,0.0,1
2016-12-14,2740,50,1495,0.0,0.0,0.0,0.0,0.0,1
2016-12-15,2740,2000,59000,29.5,29.5,29.5,29.5,0.0,2
2016-12-16,2740,6000,176800,29.35,29.65,29.35,29.6,0.1,4
2016-12-19,2740,8050,234810,28.7,30.5,28.7,30.5,0.9,7
2016-12-20,2740,5058,156048,30.5,31.4,30.5,30.55,0.05,6
2016-12-21,2740,1000,30800,30.8,30.8,30.8,30.8,0.25,1
2016-12-22,2740,5150,152190,29.3,30.0,29.3,30.0,-0.8,6
2016-12-23,2740,2000,58900,29.9,29.9,29.0,29.0,-1.0,2
2016-12-26,2740,272,7888,0.0,0.0,0.0,0.0,0.0,3
2016-12-27,2740,1110,32745,29.5,29.5,29.5,29.5,0.5,3
2016-12-28,2740,3300,97700,29.85,29.85,29.5,29.5,0.0,4
2016-12-29,2740,9012,255939,28.1,28.6,28.1,28.3,-1.2,9
2016-12-30,2740,4000,113850,28.5,28.6,28.35,28.35,0.05,4
2017-01-03,2740,4000,114800,28.4,29.0,28.4,29.0,0.65,4
2017-01-04,2740,3000,86700,28.8,29.0,28.8,28.9,-0.1,3
2017-01-05,2740,1272,36760,28.9,28.9,28.9,28.9,0.0,2
2017-01-06,2740,17485,494566,28.8,28.9,28.1,28.9,0.0,9
2017-01-09,2740,1000,28900,28.9,28.9,28.9,28.9,0.0,1
2017-01-10,2740,6485,182516,27.8,28.75,27.8,28.75,-0.15,7
2017-01-11,2740,0,0,0.0,0.0,0.0,0.0,0.0,0
2017-01-12,2740,2830,79189,28.5,28.5,27.7,27.7,-0.8,6
2017-01-13,2740,2000,55900,28.0,28.0,27.9,27.9,0.2,2
2017-01-16,2740,1194,33015,27.7,27.7,27.7,27.7,-0.2,2
2017-01-17,2740,748,19111,0.0,0.0,0.0,0.0,0.0,2
2017-01-18,2740,1748,48195,27.7,27.7,27.7,27.7,0.0,2
2017-01-19,2740,3000,81900,26.8,28.3,26.8,28.3,0.6,3
2017-01-20,2740,8399,232102,28.0,28.0,27.15,27.5,-0.8,9
2017-01-23,2740,35000,969000,27.3,28.0,27.0,27.5,0.0,27
2017-01-24,2740,24728,689915,28.0,28.0,27.25,28.0,0.5,8
2017-02-02,2740,10000,277150,28.3,28.3,27.55,27.55,-0.45,7
2017-02-03,2740,9000,243100,27.1,27.1,27.0,27.0,-0.55,3
2017-02-06,2740,9000,244650,27.05,27.3,27.05,27.2,0.2,8
2017-02-07,2740,7000,190400,27.2,27.2,27.2,27.2,0.0,4
2017-02-08,2740,6040,163988,27.2,27.2,27.0,27.0,-0.2,4
2017-02-09,2740,8000,214150,27.0,27.0,26.3,26.4,-0.6,8
2017-02-10,2740,13376,364064,27.2,27.6,27.0,27.6,1.2,16
2017-02-13,2740,8005,223185,28.3,28.3,27.5,27.5,-0.1,10
2017-02-14,2740,8000,220050,27.6,27.95,27.1,27.95,0.45,8
2017-02-15,2740,51000,1490750,27.9,29.95,27.9,29.0,1.05,29
2017-02-16,2740,12200,357300,29.7,29.7,29.0,29.3,0.3,12
2017-02-17,2740,10000,293500,29.3,29.4,29.3,29.3,0.0,7
2017-02-18,2740,6200,182350,29.85,29.85,29.3,29.3,0.0,5
2017-02-20,2740,37000,1040700,29.0,29.2,27.4,27.8,-1.5,25
2017-02-21,2740,11000,312700,27.75,28.95,27.75,28.95,1.15,10
2017-02-22,2740,13348,389915,28.95,29.85,28.95,29.2,0.25,15
2017-02-23,2740,4068,118694,29.2,29.2,29.0,29.2,0.0,5
2017-02-24,2740,0,0,0.0,0.0,0.0,0.0,0.0,0
2017-03-01,2740,0,0,0.0,0.0,0.0,0.0,0.0,0
2017-03-02,2740,0,0,0.0,0.0,0.0,0.0,0.0,0
2017-03-03,2740,9000,258500,28.9,29.0,28.5,29.0,-0.15,9
2017-03-06,2740,18000,495650,26.95,28.9,26.95,28.9,-0.1,16
2017-03-07,2740,2000,56000,28.0,28.0,28.0,28.0,-0.9,2
2017-03-08,2740,14521,406846,28.0,28.7,27.45,28.7,0.7,13
2017-03-09,2740,8000,222700,27.8,27.95,27.8,27.8,-0.9,7
2017-03-10,2740,1000,28000,28.0,28.0,28.0,28.0,0.2,1
2017-03-13,2740,5000,139100,28.0,28.0,27.65,27.9,-0.1,5
2017-03-14,2740,19000,535150,27.9,28.5,27.9,28.5,0.6,11
2017-03-15,2740,21000,593450,28.2,28.5,28.2,28.5,0.0,10
2017-03-16,2740,46000,1316800,28.05,29.2,28.05,28.5,0.0,20
2017-03-17,2740,17000,485850,28.9,29.0,28.45,28.6,0.1,9
2017-03-20,2740,14100,406030,29.4,29.4,28.6,28.6,0.0,11
2017-03-21,2740,0,0,0.0,0.0,0.0,0.0,0.0,0
2017-03-22,2740,24000,684400,28.65,28.65,28.0,28.6,0.0,10
2017-03-23,2740,4807,135514,28.3,28.3,28.2,28.2,-0.4,7
2017-03-24,2740,23000,663300,29.0,29.2,28.5,29.0,0.8,15
2017-03-27,2740,2000,57600,28.8,28.8,28.8,28.8,-0.2,2
2017-03-28,2740,33000,921000,28.3,28.6,27.4,28.6,-0.2,18
2017-03-29,2740,25000,700650,28.6,28.6,27.8,28.0,-0.6,17
2017-03-30,2740,16000,446300,27.8,28.5,27.6,27.7,-0.3,13
2017-03-31,2740,7001,193728,27.5,27.9,27.5,27.9,0.2,6
2017-04-05,2740,24025,641517,26.1,26.85,26.1,26.7,-1.2,18
2017-04-06,2740,12200,327000,26.5,27.3,26.5,27.25,0.55,10
2017-04-07,2740,7000,188400,27.05,27.1,26.55,27.1,-0.15,7
2017-04-10,2740,17100,457325,27.05,27.05,26.35,26.5,-0.6,9
2017-04-11,2740,41016,1018112,26.5,26.5,23.85,24.45,-2.05,28
2017-04-12,2740,8000,192850,24.45,24.45,23.95,24.25,-0.2,8
2017-04-13,2740,37000,935100,25.0,25.85,25.0,25.4,1.15,25
2017-04-14,2740,14000,352800,25.35,25.35,25.1,25.1,-0.3,9
2017-04-17,2740,15000,377300,25.1,25.9,24.25,25.8,0.7,11
2017-04-18,2740,1000,24700,24.7,24.7,24.7,24.7,-1.1,1
2017-04-19,2740,8000,199950,23.9,25.75,23.9,25.75,1.05,8
2017-04-20,2740,20200,538350,25.8,26.9,25.8,26.25,0.5,13
2017-04-21,2740,84132,2394939,27.0,28.85,27.0,27.5,1.25,70
2017-04-24,2740,33003,886531,27.0,27.9,25.3,27.65,0.15,33
2017-04-25,2740,6006,160056,25.65,27.3,25.65,26.95,-0.7,12
2017-04-26,2740,23011,612088,27.0,27.4,26.0,26.0,-0.95,14
2017-04-27,2740,12045,312366,26.0,26.3,25.7,25.7,-0.3,10
2017-04-28,2740,33000,866850,26.2,26.5,26.0,26.5,0.8,18
2017-05-02,2740,10000,271600,26.0,27.45,26.0,27.45,0.95,5
2017-05-03,2740,4000,108950,27.45,27.45,26.6,27.45,0.0,4
2017-05-04,2740,14000,372900,26.2,27.0,26.2,27.0,-0.45,9
2017-05-05,2740,13002,338100,26.05,26.05,25.9,25.9,-1.1,11
2017-05-08,2740,44000,1179950,26.0,27.5,26.0,26.5,0.6,27
2017-05-09,2740,25001,659326,26.5,26.85,26.0,26.85,0.35,21
2017-05-10,2740,0,0,0.0,0.0,0.0,0.0,0.0,0
2017-05-11,2740,13011,353999,27.9,27.9,27.0,27.0,0.15,4
2017-05-12,2740,5000,133950,26.5,27.45,26.5,27.45,0.45,4
2017-05-15,2740,25000,697350,28.05,28.05,27.5,28.0,0.55,16
2017-05-16,2740,0,0,0.0,0.0,0.0,0.0,0.0,0
2017-05-17,2740,20192,555480,27.9,27.9,26.85,27.8,-0.1,18
2017-05-18,2740,3200,87300,27.3,27.3,27.3,27.3,-0.5,4
2017-05-19,2740,13000,356000,27.9,27.9,27.2,27.3,0.0,12
2017-05-22,2740,13000,350200,26.95,27.4,26.7,27.4,0.1,11
2017-05-23,2740,9000,242200,27.3,27.3,26.6,27.3,-0.1,6
2017-05-24,2740,2000,53550,26.35,27.2,26.35,27.2,-0.1,2
2017-05-25,2740,66000,1724950,26.4,26.5,26.0,26.5,-0.7,43
2017-05-26,2740,6000,158450,26.85,26.85,26.2,26.2,-0.3,6
2017-05-31,2740,4000,105550,26.2,26.45,26.2,26.45,0.25,3
2017-06-01,2740,13000,338700,26.0,26.4,26.0,26.4,-0.05,11
2017-06-02,2740,36605,954851,26.0,26.5,26.0,26.5,0.1,33
2017-06-03,2740,82280,2257500,26.5,29.0,26.5,27.8,1.3,69
2017-06-05,2740,68000,1842300,28.0,28.0,26.55,27.45,-0.35,63
2017-06-06,2740,40254,1064381,27.15,27.15,26.25,26.25,-1.2,37
2017-06-07,2740,12012,312013,26.25,26.25,25.85,25.85,-0.4,12
2017-06-08,2740,26040,667034,25.45,26.1,25.45,25.6,-0.25,9
2017-06-09,2740,23000,585400,25.8,25.8,25.3,25.3,-0.3,20
2017-06-12,2740,15000,388250,25.25,26.9,25.25,26.0,0.7,11
2017-06-13,2740,11009,287277,26.05,26.55,25.55,25.55,-0.45,12
2017-06-14,2740,15272,390336,26.0,26.0,25.25,25.75,0.2,18
2017-06-15,2740,6000,155650,25.75,26.25,25.75,26.25,0.5,6
2017-06-16,2740,0,0,0.0,0.0,0.0,0.0,0.0,0
2017-06-19,2740,6009,151777,25.5,25.6,25.05,25.6,-0.6,7
2017-06-20,2740,8000,205200,25.55,25.9,25.5,25.9,0.3,8
2017-06-21,2740,1001,25925,25.9,25.9,25.9,25.9,0.0,2
2017-06-22,2740,7000,180300,25.9,26.0,25.4,25.4,-0.5,7
2017-06-23,2740,10001,253325,25.4,25.7,25.15,25.7,0.3,11
2017-06-26,2740,30000,752800,25.15,25.5,25.0,25.4,-0.3,30
2017-06-27,2740,11000,283350,26.7,26.7,25.2,25.2,-0.2,9
2017-06-28,2740,11003,280975,26.4,26.4,25.1,25.4,0.2,12
2017-06-29,2740,14000,354400,24.7,25.65,24.6,25.65,0.25,14
2017-06-30,2740,14000,346800,24.65,25.45,24.5,25.25,-0.4,14
2017-07-03,2740,33004,805797,25.25,25.25,24.1,24.4,-0.85,32
2017-07-04,2740,11001,267174,24.4,24.4,24.1,24.35,-0.05,12
2017-07-05,2740,3000,72400,24.0,24.3,24.0,24.3,-0.05,3
2017-07-06,2740,51001,1198973,23.35,23.65,23.35,23.5,-0.8,21
2017-07-07,2740,40199,926186,23.35,23.55,22.55,23.5,0.0,36
2017-07-10,2740,26000,607150,23.35,23.45,22.65,23.45,-0.05,14
2017-07-11,2740,41848,945510,22.75,23.2,22.25,22.5,-0.95,38
2017-07-12,2740,20000,449250,21.8,22.8,21.8,22.8,0.3,17
2017-07-13,2740,48000,1101000,22.7,23.5,22.6,23.2,0.4,37
2017-07-14,2740,21000,488350,23.2,23.6,22.9,23.6,0.4,16
2017-07-17,2740,20000,478400,23.95,24.2,23.6,23.6,0.0,15
2017-07-18,2740,6000,141900,23.6,23.9,23.6,23.9,0.3,5
2017-07-19,2740,24000,568100,23.9,24.05,23.0,23.0,-0.9,21
2017-07-20,2740,16000,370250,22.4,23.5,22.4,23.5,0.5,16
2017-07-21,2740,4000,94250,23.45,23.8,23.45,23.8,0.3,4
2017-07-24,2740,5000,115300,22.0,23.8,22.0,23.8,0.0,5
2017-07-25,2740,2040,46928,23.0,23.0,23.0,23.0,-0.8,3
2017-07-26,2740,2000,45850,22.8,23.05,22.8,23.05,0.05,2
2017-07-27,2740,16000,379100,23.1,24.2,22.5,24.0,0.95,14
2017-07-28,2740,12000,278100,23.1,23.85,22.85,23.85,-0.15,9
2017-07-31,2740,18000,426950,23.85,24.0,23.1,23.9,0.05,15
2017-08-01,2740,10000,238750,23.9,24.0,23.4,24.0,0.1,8
2017-08-02,2740,13000,310650,22.6,24.3,22.6,24.3,0.3,11
2017-08-03,2740,36000,866200,23.55,24.95,23.55,24.5,0.2,18
2017-08-04,2740,11758,288946,24.5,24.8,24.1,24.8,0.3,13
2017-08-07,2740,42000,1047550,24.75,25.8,24.6,24.8,0.0,18
2017-08-08,2740,13001,313774,24.1,24.5,24.0,24.5,-0.3,10
2017-08-09,2740,45001,1088724,24.1,24.6,24.05,24.6,0.1,27
2017-08-10,2740,15000,361500,24.0,24.6,23.95,24.6,0.0,7
2017-08-11,2740,3000,73100,24.0,24.7,24.0,24.7,0.1,3
2017-08-14,2740,3000,71050,23.05,24.0,23.05,24.0,-0.7,3
2017-08-15,2740,6000,143900,23.95,24.0,23.95,24.0,0.0,3
2017-08-16,2740,2000,47950,24.0,24.0,23.95,23.95,-0.05,2
2017-08-17,2740,29200,699140,23.75,24.8,23.2,24.4,0.45,19
2017-08-18,2740,16000,379150,23.5,24.4,23.3,24.4,0.0,16
2017-08-21,2740,5000,125500,25.1,25.1,25.1,25.1,0.7,2
2017-08-22,2740,11000,270800,24.0,25.1,24.0,24.8,-0.3,10
2017-08-23,2740,6000,146500,24.7,24.7,24.0,24.65,-0.15,6
2017-08-24,2740,10000,243550,25.0,25.0,24.0,24.0,-0.65,8
2017-08-25,2740,12000,286750,24.0,24.5,23.55,24.5,0.5,10
2017-08-28,2740,8000,197350,25.0,25.0,23.85,24.1,-0.4,6
2017-08-29,2740,52000,1162700,24.9,24.9,24.1,24.1,0.0,10
2017-08-30,2740,8000,191800,24.05,24.05,23.65,24.0,-0.1,7
2017-08-31,2740,6000,143500,24.0,24.0,23.6,24.0,0.0,5
2017-09-01,2740,7000,168750,23.55,24.25,23.55,24.0,0.0,6
2017-09-04,2740,4000,95900,24.0,24.3,23.8,24.3,0.3,4
2017-09-05,2740,6000,143700,24.3,24.3,23.5,24.3,0.0,6
2017-09-06,2740,5000,124000,24.8,24.8,24.8,24.8,0.5,1
2017-09-07,2740,7000,171100,24.5,24.5,24.3,24.3,-0.5,5
2017-09-08,2740,12000,291700,25.05,25.05,24.0,24.3,0.0,7
2017-09-11,2740,14060,340196,24.3,24.3,23.95,24.3,0.0,9
2017-09-12,2740,3000,72000,24.0,24.15,23.85,24.15,-0.15,3
2017-09-13,2740,7000,172350,25.3,25.3,24.0,24.15,0.0,5
2017-09-14,2740,7000,166600,23.8,23.8,23.8,23.8,-0.35,3
2017-09-15,2740,21001,502174,23.8,24.6,23.8,24.6,0.8,7
2017-09-18,2740,20000,480750,24.6,24.6,23.8,24.05,-0.55,11
2017-09-19,2740,28000,675300,24.0,24.2,24.0,24.05,0.0,12
2017-09-20,2740,3000,72200,24.2,24.25,23.75,23.75,-0.3,3
2017-09-21,2740,345000,8869000,24.25,26.1,24.2,26.1,2.35,134
2017-09-22,2740,240000,6558350,25.95,28.55,25.8,27.0,0.9,131
2017-09-25,2740,50000,1308700,27.0,27.0,25.8,26.5,-0.5,37
2017-09-26,2740,7000,179200,26.0,26.0,25.3,25.3,-1.2,7
2017-09-27,2740,6000,153250,25.3,25.85,25.2,25.8,0.5,6
2017-09-28,2740,5001,128425,25.75,25.75,25.4,25.4,-0.4,4
2017-09-29,2740,22000,569650,25.4,26.5,25.35,26.3,0.9,20
2017-09-30,2740,37000,994050,26.35,27.2,26.35,27.0,0.7,34
2017-10-02,2740,157000,4397600,27.6,28.5,27.45,28.2,1.2,91
2017-10-03,2740,45035,1259788,28.15,28.3,27.8,28.0,-0.2,23
2017-10-05,2740,128000,3583100,28.45,28.45,27.55,28.05,0.05,52
2017-10-06,2740,490020,14698366,28.0,30.85,27.75,30.85,2.8,195
2017-10-11,2740,635039,21222422,32.0,33.9,31.9,33.9,3.05,302
2017-10-12,2740,289085,9552071,33.7,34.8,31.1,32.3,-1.6,174
2017-10-13,2740,420418,14583289,32.2,35.5,32.2,35.5,3.2,247
2017-10-16,2740,278000,9816300,35.5,36.4,34.0,35.0,-0.5,191
2017-10-17,2740,164348,5445824,34.1,34.3,32.3,32.6,-2.4,102
2017-10-18,2740,122002,3885062,32.5,33.95,31.0,31.15,-1.45,61
2017-10-19,2740,12170,382705,31.15,31.9,31.15,31.5,0.35,11
2017-10-20,2740,65000,2018100,31.2,31.4,30.5,30.5,-1.0,44
2017-10-23,2740,80080,2540474,30.5,32.5,30.5,32.5,2.0,50
2017-10-24,2740,24000,772800,32.35,32.5,32.0,32.2,-0.3,17
2017-10-25,2740,44066,1409972,32.2,32.2,31.7,31.7,-0.5,30
2017-10-26,2740,25000,792650,31.75,31.75,31.7,31.7,0.0,20
2017-10-27,2740,89007,3014428,34.85,34.85,32.0,33.0,1.3,54
2017-10-30,2740,69000,2288800,34.7,34.7,32.6,32.9,-0.1,41
2017-10-31,2740,18000,594000,33.2,33.2,32.9,32.95,0.05,13
2017-11-01,2740,25000,816300,32.95,32.95,32.3,32.3,-0.65,21
2017-11-02,2740,30000,962950,32.2,32.4,31.75,32.15,-0.15,21
2017-11-03,2740,1000,31700,31.7,31.7,31.7,31.7,-0.45,1
2017-11-06,2740,33150,1087030,31.7,33.5,31.7,32.5,0.8,24
2017-11-07,2740,40000,1318100,33.7,33.7,32.5,33.0,0.5,27
2017-11-08,2740,49000,1612800,32.95,33.0,32.7,32.7,-0.3,36
2017-11-09,2740,33000,1076000,33.0,33.0,32.2,32.25,-0.45,27
2017-11-10,2740,31080,1024948,32.4,33.7,32.2,33.4,1.15,25
2017-11-13,2740,113000,3739250,33.55,33.55,32.7,33.0,-0.4,82
2017-11-14,2740,24035,791137,33.3,33.3,32.8,32.8,-0.2,21
2017-11-15,2740,101000,3359900,32.8,33.9,32.8,32.85,0.05,70
2017-11-16,2740,74000,2446800,33.0,33.8,32.9,33.05,0.2,42
2017-11-17,2740,48001,1590883,33.05,33.4,33.0,33.15,0.1,35
2017-11-20,2740,41000,1355250,33.15,33.2,32.95,33.0,-0.15,23
2017-11-21,2740,47000,1553950,33.05,33.3,33.0,33.1,0.1,18
2017-11-22,2740,57000,1905800,33.45,33.55,33.25,33.5,0.4,36
2017-11-23,2740,81000,2689000,33.5,33.55,32.9,33.1,-0.4,42
2017-11-24,2740,64300,2147420,33.1,33.65,33.1,33.25,0.15,35
2017-11-27,2740,113075,3678102,33.0,33.1,30.35,33.0,-0.25,61
2017-11-28,2740,64000,2083600,32.45,33.0,32.35,32.95,-0.05,36
2017-11-29,2740,85000,2763750,33.0,33.0,32.3,32.9,-0.05,45
2017-11-30,2740,3000,99800,33.4,33.4,33.1,33.1,0.2,3
2017-12-01,2740,11000,356900,33.35,33.35,32.25,33.3,0.2,6
2017-12-04,2740,2000,65200,32.6,32.6,32.6,32.6,-0.7,2
2017-12-05,2740,23000,741550,32.4,32.75,31.5,32.7,0.1,18
2017-12-06,2740,8000,257950,32.1,32.5,31.9,32.45,-0.25,8
2017-12-07,2740,6000,192200,32.05,32.45,31.9,31.9,-0.55,6
2017-12-08,2740,29075,893325,30.7,31.7,29.3,29.3,-2.6,29
2017-12-11,2740,39004,1133016,29.3,29.5,28.3,28.9,-0.4,30
2017-12-12,2740,20000,563000,28.3,28.9,27.7,28.65,-0.25,17
2017-12-13,2740,15001,434978,28.85,30.0,28.5,28.5,-0.15,14
2017-12-14,2740,12000,351000,29.3,29.9,29.0,29.0,0.5,7
2017-12-15,2740,12000,362400,30.1,30.3,30.1,30.1,1.1,9
2017-12-18,2740,7000,210550,30.15,30.15,30.0,30.0,-0.1,5
2017-12-19,2740,4000,120000,30.0,30.0,30.0,30.0,0.0,2
2017-12-20,2740,9002,269358,30.0,30.0,29.65,29.65,-0.35,8
2017-12-21,2740,10000,298100,29.65,30.0,29.5,30.0,0.35,5
2017-12-22,2740,14000,420700,29.95,30.7,29.95,30.7,0.7,9
2017-12-25,2740,230100,7763674,33.75,33.75,33.0,33.75,3.05,120
2017-12-26,2740,75000,2512500,34.25,34.25,33.0,33.9,0.15,62
2017-12-27,2740,52000,1742150,33.1,33.85,33.1,33.75,-0.15,35
2017-12-28,2740,57000,1910250,33.75,34.25,33.1,33.1,-0.65,42
2017-12-29,2740,74010,2492194,34.85,34.85,33.1,34.25,1.15,50
2018-01-02,2740,46000,1582900,34.5,35.0,34.0,34.55,0.3,38
2018-01-03,2740,30020,1041800,34.55,35.35,34.5,35.35,0.8,26
2018-01-04,2740,38000,1349050,35.4,36.0,35.0,35.5,0.15,30
2018-01-05,2740,17000,612350,35.4,36.4,35.4,36.4,0.9,15
2018-01-08,2740,231086,9213640,36.5,40.0,36.5,40.0,3.6,127
2018-01-09,2740,207070,8910071,43.5,44.0,41.75,42.0,2.0,160
2018-01-10,2740,171000,6886000,42.0,42.2,39.1,39.55,-2.45,119
2018-01-11,2740,159000,6107250,40.0,40.0,37.8,38.1,-1.45,92
2018-01-12,2740,39100,1524895,39.2,39.65,38.5,38.6,0.5,37
2018-01-15,2740,99000,3712500,38.0,38.5,37.1,37.2,-1.4,64
2018-01-16,2740,27000,1005550,36.9,37.8,36.9,37.1,-0.1,23
2018-01-17,2740,67100,2541815,37.0,39.55,36.6,38.35,1.25,33
2018-01-18,2740,43000,1671700,38.2,39.5,38.2,38.9,0.55,27
2018-01-19,2740,16000,622950,39.0,39.2,38.8,38.8,-0.1,16
2018-01-22,2740,22016,865170,40.0,40.0,39.0,39.0,0.2,19
2018-01-23,2740,33000,1296450,39.85,40.0,39.0,39.75,0.75,27
2018-01-24,2740,62000,2394200,38.5,39.4,38.5,38.65,-1.1,48
2018-01-25,2740,36000,1390150,38.8,38.8,38.5,38.5,-0.15,23
2018-01-26,2740,13000,501600,38.6,38.8,38.5,38.8,0.3,13
2018-01-29,2740,26000,1014900,38.9,39.5,38.9,39.05,0.25,19
2018-01-30,2740,64000,2534050,39.0,40.5,39.0,39.2,0.15,46
2018-01-31,2740,24000,938800,39.3,39.5,39.0,39.5,0.3,10
2018-02-01,2740,8000,315500,39.6,39.6,39.3,39.4,-0.1,7
2018-02-02,2740,50653,2015758,40.0,40.2,39.5,40.0,0.6,27
2018-02-05,2740,22000,874500,39.6,40.0,39.0,40.0,0.0,16
2018-02-06,2740,193000,7406750,39.5,39.5,36.05,39.45,-0.55,87
2018-02-07,2740,69000,2718850,40.5,40.5,38.7,40.0,0.55,36
2018-02-08,2740,10000,399500,40.0,40.0,39.6,39.6,-0.4,10
2018-02-09,2740,53000,2047900,39.0,39.85,37.3,39.0,-0.6,42
2018-02-12,2740,23000,896700,38.5,39.5,38.5,39.0,0.0,13
2018-02-21,2740,22000,841650,39.1,39.1,37.8,37.8,-1.2,16
2018-02-22,2740,88000,3244700,37.8,37.8,34.1,37.2,-0.6,41
2018-02-23,2740,72000,2596950,37.1,37.1,35.0,35.55,-1.65,41
2018-02-26,2740,25000,897550,36.0,36.1,35.55,35.55,0.0,10
2018-02-27,2740,44000,1547800,35.55,35.55,34.65,34.65,-0.9,25
2018-03-01,2740,33000,1147050,34.65,35.5,34.3,34.85,0.2,18
2018-03-02,2740,14000,488400,35.4,35.5,34.5,35.5,0.65,13
2018-03-05,2740,9014,333818,37.1,37.1,37.0,37.0,1.5,9
2018-03-06,2740,4000,150100,37.8,37.8,37.3,37.3,0.3,3
2018-03-07,2740,9000,329300,36.0,36.8,36.0,36.5,-0.8,8
2018-03-08,2740,21013,755768,36.0,36.0,35.5,36.0,-0.5,16
2018-03-09,2740,9000,319100,35.5,37.5,35.0,37.5,1.5,8
2018-03-12,2740,11000,407800,37.0,37.7,37.0,37.1,-0.4,10
2018-03-13,2740,4000,146000,36.5,36.9,36.1,36.1,-1.0,4
2018-03-14,2740,3000,110200,36.1,37.1,36.1,37.1,1.0,3
2018-03-15,2740,12000,447800,37.5,38.0,36.6,36.6,-0.5,11
2018-03-16,2740,16000,589200,36.7,37.2,36.5,36.5,-0.1,15
2018-03-19,2740,0,0,0.0,0.0,0.0,0.0,0.0,0
2018-03-20,2740,10045,359611,36.5,36.5,35.2,36.0,-0.4,9
2018-03-21,2740,19001,691236,36.9,37.0,35.8,36.5,0.5,16
2018-03-22,2740,4001,146736,36.8,36.8,36.4,36.7,0.2,4
2018-03-23,2740,8000,292650,36.6,36.9,35.8,36.45,-0.25,7
2018-03-26,2740,17000,608600,36.4,36.4,35.5,35.5,-0.95,14
2018-03-27,2740,23020,841430,36.5,37.0,36.0,36.5,1.0,14
2018-03-28,2740,12000,432000,36.0,36.1,35.9,36.0,-0.5,8
2018-03-29,2740,36000,1252400,35.0,36.0,34.5,34.7,-1.3,31
2018-03-30,2740,10000,348500,36.0,36.0,34.5,34.5,-0.2,10
2018-03-31,2740,14000,481300,35.0,35.0,33.6,33.7,-0.8,14
2018-04-02,2740,11000,373050,33.7,34.05,33.7,33.75,0.05,10
2018-04-03,2740,19000,629300,31.5,33.7,31.5,33.5,-0.25,18
2018-04-09,2740,25000,821400,33.8,34.0,32.1,32.15,-1.35,22
2018-04-10,2740,31005,1007307,31.8,33.0,31.5,31.5,-0.65,24
2018-04-11,2740,21000,685900,31.4,33.3,31.4,31.55,0.05,16
2018-04-12,2740,15000,491000,31.5,33.3,31.5,33.3,1.75,7
2018-04-13,2740,5000,168200,33.5,34.0,33.5,33.7,0.4,5
2018-04-16,2740,9014,308528,33.6,34.5,33.6,34.5,0.8,10
2018-04-17,2740,26020,907240,34.5,35.05,34.5,34.8,0.3,22
2018-04-18,2740,31000,1086650,35.0,35.45,34.5,35.45,0.65,18
2018-04-19,2740,14000,496550,35.45,35.6,35.4,35.5,0.05,13
2018-04-20,2740,19000,676500,35.0,36.0,35.0,35.6,0.1,13
2018-04-23,2740,8000,281650,35.6,35.6,35.0,35.0,-0.6,6
2018-04-24,2740,0,0,0.0,0.0,0.0,0.0,0.0,0
2018-04-25,2740,18000,614300,33.5,35.0,33.0,34.5,-0.5,15
2018-04-26,2740,7000,237950,34.5,34.5,32.0,34.0,-0.5,6
2018-04-27,2740,4000,138300,34.9,34.9,34.0,34.5,0.5,4
2018-04-30,2740,0,0,0.0,0.0,0.0,0.0,0.0,0
2018-05-02,2740,1000,34500,34.5,34.5,34.5,34.5,0.0,1
2018-05-03,2740,2000,67500,33.0,34.5,33.0,34.5,0.0,2
2018-05-04,2740,0,0,0.0,0.0,0.0,0.0,0.0,0
2018-05-07,2740,5000,167450,32.5,34.5,32.0,34.5,0.0,5
2018-05-08,2740,5000,170400,34.0,34.45,33.5,34.45,-0.05,5
2018-05-09,2740,11000,371600,34.45,34.45,33.0,34.0,-0.45,11
2018-05-10,2740,12005,400268,33.05,34.0,32.5,34.0,0.0,12
2018-05-11,2740,3000,101600,33.5,34.1,33.5,34.0,0.0,3
2018-05-14,2740,0,0,0.0,0.0,0.0,0.0,0.0,0
2018-05-15,2740,7000,236950,34.0,34.4,33.0,34.4,0.6,7
2018-05-16,2740,0,0,0.0,0.0,0.0,0.0,0.0,0
2018-05-17,2740,5002,164012,32.5,33.75,31.5,31.5,-2.3,6
2018-05-18,2740,46000,1432550,31.5,33.55,30.1,32.0,0.5,26
2018-05-21,2740,17000,544450,31.5,32.95,31.0,32.0,0.0,15
2018-05-22,2740,8000,255450,33.95,33.95,31.3,31.3,-0.7,7
2018-05-23,2740,2000,65450,32.95,32.95,32.5,32.5,1.2,2
2018-05-24,2740,26000,825950,32.0,32.5,31.0,32.0,-0.5,19
2018-05-25,2740,2139,68059,32.75,32.75,31.0,31.0,-1.0,3
2018-05-28,2740,14000,439700,32.6,32.6,31.0,31.7,0.7,11
2018-05-29,2740,23002,720762,31.3,31.6,31.0,31.5,-0.2,18
2018-05-30,2740,2130,66088,31.5,31.5,30.65,30.65,-0.85,4
2018-05-31,2740,10000,313250,31.3,31.5,31.15,31.5,0.85,9
2018-06-01,2740,0,0,0.0,0.0,0.0,0.0,0.0,0
2018-06-04,2740,7000,224200,31.5,32.4,31.5,32.4,0.9,7
2018-06-05,2740,15000,490600,32.4,33.0,32.4,32.4,0.0,13
2018-06-06,2740,11000,351650,32.05,32.05,31.9,31.9,-0.5,7
2018-06-07,2740,14000,446450,31.9,32.85,31.35,31.9,0.0,14
2018-06-08,2740,3000,94650,31.45,31.7,31.45,31.7,-0.2,3
2018-06-11,2740,10001,316031,31.5,31.8,31.5,31.5,-0.2,11
2018-06-12,2740,7800,245309,31.4,31.55,31.4,31.5,0.0,8
2018-06-13,2740,2000,63100,31.5,31.6,31.5,31.6,0.1,2
2018-06-14,2740,13000,407200,30.5,31.8,30.5,31.6,0.0,12
2018-06-15,2740,6000,189200,31.55,31.6,31.5,31.5,-0.1,4
2018-06-19,2740,15000,464700,31.5,31.5,30.1,31.4,-0.1,11
2018-06-20,2740,15001,469981,31.0,31.7,31.0,31.4,0.0,15
2018-06-21,2740,17000,529350,31.4,31.7,31.0,31.4,0.0,9
2018-06-22,2740,14003,439893,31.4,31.6,31.3,31.4,0.0,15
2018-06-25,2740,5020,157928,31.5,31.5,31.4,31.4,0.0,6
2018-06-26,2740,9005,282307,31.45,31.45,30.85,31.4,0.0,10
2018-06-27,2740,31001,1011531,31.1,34.5,31.1,31.6,0.2,25
2018-06-28,2740,0,0,0.0,0.0,0.0,0.0,0.0,0
2018-06-29,2740,344000,10836700,31.6,32.0,31.05,31.5,-0.1,10
2018-07-02,2740,2000,64000,32.0,32.0,32.0,32.0,0.5,2
2018-07-03,2740,9009,294485,32.8,32.8,32.0,32.0,0.0,8
2018-07-04,2740,11000,343250,31.0,32.0,30.55,32.0,0.0,9
2018-07-05,2740,5000,155200,30.6,32.0,30.6,32.0,0.0,5
2018-07-06,2740,1000,31550,31.55,31.55,31.55,31.55,-0.45,1
2018-07-09,2740,38799,1222778,31.95,31.95,31.3,31.5,-0.05,11
2018-07-10,2740,6000,188800,31.45,31.5,31.4,31.5,0.0,5
2018-07-11,2740,7001,219881,31.15,31.5,31.15,31.5,0.0,8
2018-07-12,2740,27000,847950,31.3,31.5,31.0,31.5,0.0,17
2018-07-13,2740,5000,158900,32.0,32.0,31.5,31.5,0.0,5
2018-07-16,2740,3002,94562,31.55,31.55,31.45,31.45,-0.05,5
2018-07-17,2740,6000,187850,30.7,31.5,30.7,31.45,0.0,6
2018-07-18,2740,9000,282050,31.95,31.95,30.5,31.4,-0.05,8
2018-07-19,2740,7000,220550,31.3,32.0,31.3,31.5,0.1,5
2018-07-20,2740,3000,95300,31.9,31.9,31.5,31.5,0.0,2
2018-07-23,2740,5000,157700,31.8,31.8,31.4,31.4,-0.1,4
2018-07-24,2740,13000,409550,32.1,32.1,31.0,31.45,0.05,8
2018-07-25,2740,13098,407197,30.95,31.4,30.95,31.4,-0.05,13
2018-07-26,2740,7000,218700,30.95,31.35,30.95,31.35,-0.05,6
2018-07-27,2740,19000,587900,31.0,31.35,30.5,31.35,0.0,10
2018-07-30,2740,41050,1243982,30.8,31.35,30.0,31.35,0.0,22
2018-07-31,2740,4000,121400,30.7,30.7,30.0,30.0,-1.35,3
2018-08-01,2740,21005,623745,29.55,30.4,29.0,29.35,-0.65,15
2018-08-02,2740,11000,323050,28.35,30.0,28.35,29.5,0.15,10
2018-08-03,2740,4000,116250,29.2,29.2,29.0,29.0,-0.5,4
2018-08-06,2740,9000,261450,28.95,29.5,28.95,29.0,0.0,7
2018-08-07,2740,5376,156165,29.0,29.15,29.0,29.15,0.15,6
2018-08-08,2740,23006,651918,29.25,29.75,27.0,28.05,-1.1,22
2018-08-09,2740,9000,253450,28.05,28.45,28.0,28.0,-0.05,8
2018-08-10,2740,1000,29000,29.0,29.0,29.0,29.0,1.0,1
2018-08-13,2740,17000,492200,29.0,29.05,28.05,29.0,0.0,10
2018-08-14,2740,0,0,0.0,0.0,0.0,0.0,0.0,0
2018-08-15,2740,3000,84500,28.0,28.5,28.0,28.5,-0.2,3
2018-08-16,2740,6200,175540,28.5,28.5,28.0,28.0,-0.5,7
2018-08-17,2740,1000,28450,28.45,28.45,28.45,28.45,0.45,1
2018-08-20,2740,3001,84927,27.35,29.95,27.35,27.6,-0.85,4
2018-08-21,2740,5000,137950,27.5,27.95,27.5,27.95,0.35,5
2018-08-22,2740,4000,110450,28.4,28.4,27.35,27.35,-0.6,3
2018-08-23,2740,24000,636850,27.35,27.35,26.05,27.35,0.0,22
2018-08-24,2740,11001,294426,26.8,27.05,26.55,26.55,-0.8,11
2018-08-27,2740,3000,79800,26.8,26.8,26.5,26.5,-0.05,3
2018-08-28,2740,5000,132500,26.55,26.55,26.45,26.45,-0.05,5
2018-08-29,2740,9000,237250,26.05,28.3,26.0,26.0,-0.45,9
2018-08-30,2740,1000,25700,25.7,25.7,25.7,25.7,-0.3,1
2018-08-31,2740,8000,204350,25.95,25.95,25.4,25.4,-0.3,8
2018-09-03,2740,13052,325894,25.1,25.1,24.55,24.55,-0.85,14
2018-09-04,2740,6000,149550,25.5,25.5,24.5,24.5,-0.05,4
2018-09-05,2740,20000,492150,24.0,25.0,23.9,24.8,0.3,17
2018-09-06,2740,7000,173050,24.8,24.8,24.65,24.7,-0.1,6
2018-09-07,2740,14000,348300,24.9,25.0,24.8,24.8,0.1,14
2018-09-10,2740,13000,308400,24.5,24.5,23.1,23.1,-1.7,13
2018-09-11,2740,12000,279000,23.3,23.35,23.0,23.3,0.2,12
2018-09-12,2740,5000,114950,22.95,23.0,22.95,23.0,-0.3,4
2018-09-13,2740,4000,95350,24.0,24.0,23.7,23.7,0.7,3
2018-09-14,2740,3000,72000,24.0,24.0,24.0,24.0,0.3,2
2018-09-17,2740,11000,264700,24.0,24.3,24.0,24.0,0.0,9
2018-09-18,2740,1000,23950,23.95,23.95,23.95,23.95,-0.05,1
2018-09-19,2740,4000,96300,24.3,24.3,24.0,24.0,0.05,4
2018-09-20,2740,3000,73050,24.55,24.55,24.0,24.0,0.0,3
2018-09-21,2740,9000,216400,23.95,24.1,23.9,24.1,0.1,6
2018-09-25,2740,10000,241150,24.15,24.2,24.0,24.0,-0.1,10
2018-09-26,2740,6000,144350,24.05,24.1,24.0,24.1,0.1,5
2018-09-27,2740,10000,239750,24.05,24.05,23.9,23.9,-0.2,10
2018-09-28,2740,3000,72000,24.0,24.0,24.0,24.0,0.1,2
2018-10-01,2740,2000,47200,23.6,23.6,23.6,23.6,-0.4,2
2018-10-02,2740,6000,144050,24.0,24.05,24.0,24.0,0.4,6
2018-10-03,2740,6000,143650,24.0,24.0,23.9,23.95,-0.05,5
2018-10-04,2740,0,0,0.0,0.0,0.0,0.0,0.0,0
2018-10-05,2740,0,0,0.0,0.0,0.0,0.0,0.0,0
2018-10-08,2740,1000,23750,23.75,23.75,23.75,23.75,-0.1,1
2018-10-09,2740,1574000,37933300,24.05,24.1,24.05,24.1,0.35,6
2018-10-11,2740,35000,810700,23.7,23.7,23.0,23.6,-0.5,12
2018-10-12,2740,7000,161500,22.0,23.55,22.0,23.3,-0.3,5
2018-10-15,2740,10002,232546,23.3,23.3,23.1,23.3,0.0,6
2018-10-16,2740,2000,46000,23.0,23.0,23.0,23.0,-0.3,1
2018-10-17,2740,17000,383600,22.65,22.65,22.5,22.5,-0.5,12
2018-10-18,2740,67277,1524936,22.5,22.85,22.5,22.85,0.35,34
2018-10-19,2740,23001,529323,22.8,23.7,22.8,23.7,0.85,13
2018-10-22,2740,8000,199300,24.5,25.1,24.5,25.1,1.4,5
2018-10-23,2740,17440,466397,25.25,27.0,25.25,27.0,1.9,17
2018-10-24,2740,27000,779200,27.0,29.4,27.0,29.0,2.0,27
2018-10-25,2740,75345,2226943,29.5,30.0,29.2,29.3,0.3,57
2018-10-26,2740,14004,403413,29.3,29.3,28.0,28.0,-1.3,13
2018-10-29,2740,19001,528778,27.55,28.6,27.5,28.6,0.6,12
2018-10-30,2740,2000,57150,28.6,28.6,28.55,28.55,-0.05,2
2018-10-31,2740,11020,315166,28.6,28.6,28.6,28.6,0.05,4
2018-11-01,2740,4000,112600,28.1,28.3,28.1,28.3,-0.3,4
2018-11-02,2740,11000,315700,28.3,30.0,28.3,28.4,0.1,9
2018-11-05,2740,0,0,0.0,0.0,0.0,0.0,0.0,0
2018-11-06,2740,3000,81000,27.0,27.0,27.0,27.0,-1.4,3
2018-11-07,2740,3000,83500,27.5,28.0,27.5,28.0,1.0,2
2018-11-08,2740,7010,196231,28.0,28.0,27.95,28.0,0.0,8
2018-11-09,2740,3000,85400,28.5,28.5,28.4,28.4,0.4,3
2018-11-12,2740,0,0,0.0,0.0,0.0,0.0,0.0,0
2018-11-13,2740,4000,113000,28.0,28.5,28.0,28.5,0.15,4
2018-11-14,2740,23000,639100,26.1,28.9,26.1,28.2,-0.3,17
2018-11-15,2740,15000,418900,27.7,28.7,27.6,28.4,0.2,13
2018-11-16,2740,11000,310350,28.35,28.4,28.0,28.0,-0.4,7
2018-11-19,2740,8000,224100,27.7,28.3,27.7,28.3,0.3,5
2018-11-20,2740,34000,969500,28.3,29.0,28.3,28.3,0.0,18
2018-11-21,2740,5000,143400,29.5,29.5,28.45,28.45,0.15,3
2018-11-22,2740,9000,255900,28.4,28.5,28.4,28.4,-0.05,6
2018-11-23,2740,6000,169800,28.1,28.4,28.1,28.4,0.0,3
2018-11-26,2740,8000,225500,28.05,28.4,28.05,28.2,-0.2,6
2018-11-27,2740,2000,56800,28.4,28.4,28.4,28.4,0.2,1
2018-11-28,2740,5000,142900,28.4,28.7,28.4,28.6,0.2,5
2018-11-29,2740,14000,400100,28.7,29.0,28.4,28.4,-0.2,9
2018-11-30,2740,15000,424200,28.4,28.8,28.0,28.4,0.0,12
2018-12-03,2740,18000,495150,26.0,28.95,26.0,28.0,-0.4,15
2018-12-04,2740,9194,251834,27.6,27.6,27.2,27.35,-0.65,8
2018-12-05,2740,3000,82000,27.3,27.35,27.3,27.35,0.0,3
2018-12-06,2740,12000,325450,27.05,28.0,27.0,28.0,0.65,11
2018-12-07,2740,1000,28000,28.0,28.0,28.0,28.0,0.0,1
2018-12-10,2740,6000,163800,27.1,28.0,27.0,27.5,-0.5,4
2018-12-11,2740,3000,81300,27.1,27.1,27.1,27.1,-0.4,1
2018-12-12,2740,24000,666500,27.2,28.8,27.1,28.0,0.9,19
2018-12-13,2740,15002,411654,26.15,28.4,26.15,27.0,-1.0,14
2018-12-14,2740,6000,163400,26.95,28.1,26.95,28.1,1.1,6
2018-12-17,2740,8000,220900,27.6,28.1,27.5,28.1,0.0,5
2018-12-18,2740,6000,166750,27.8,27.9,27.65,27.65,-0.45,5
2018-12-19,2740,6000,164050,27.65,27.65,27.0,27.35,-0.3,5
2018-12-20,2740,5000,136500,27.4,27.4,27.0,27.0,-0.35,4
2018-12-21,2740,8000,216550,27.0,27.1,27.0,27.1,0.1,7
2018-12-22,2740,52465,1488566,27.1,28.4,27.1,28.4,1.3,5
2018-12-24,2740,1000,27350,27.35,27.35,27.35,27.35,-1.05,1
2018-12-25,2740,7000,185300,25.6,27.2,25.5,27.2,-0.15,5
2018-12-26,2740,7000,189550,26.95,27.15,26.95,27.15,-0.05,6
2018-12-27,2740,4000,108750,27.1,28.0,26.5,28.0,0.85,4
2018-12-28,2740,40000,1114400,28.0,28.0,27.6,27.6,-0.4,13
2019-01-02,2740,0,0,0.0,0.0,0.0,0.0,0.0,0
2019-01-03,2740,0,0,0.0,0.0,0.0,0.0,0.0,0
2019-01-04,2740,0,0,0.0,0.0,0.0,0.0,0.0,0
2019-01-07,2740,2500,67575,26.95,27.0,26.95,27.0,-0.6,3
2019-01-08,2740,0,0,0.0,0.0,0.0,0.0,0.0,0
2019-01-09,2740,9000,243750,27.0,27.5,27.0,27.0,0.0,6
2019-01-10,2740,1000,27600,27.6,27.6,27.6,27.6,0.6,1
2019-01-11,2740,8100,218805,27.05,27.35,26.8,26.8,-0.8,7
2019-01-14,2740,4114,111893,27.25,27.3,27.0,27.0,0.2,5
2019-01-15,2740,3001,82726,28.0,28.0,26.7,26.7,-0.3,4
2019-01-16,2740,17002,437800,27.45,27.45,24.55,25.6,-1.1,18
2019-01-17,2740,6002,156402,25.95,26.35,25.95,26.35,0.75,8
2019-01-18,2740,0,0,0.0,0.0,0.0,0.0,0.0,0
2019-01-21,2740,4000,104400,26.0,26.2,26.0,26.2,-0.15,4
2019-01-22,2740,3000,77600,25.7,26.3,25.6,26.3,0.1,3
2019-01-23,2740,1000,26100,26.1,26.1,26.1,26.1,-0.2,1
2019-01-24,2740,6000,156600,26.1,26.1,26.1,26.1,0.0,3
2019-01-25,2740,1000,26000,26.0,26.0,26.0,26.0,-0.1,1
2019-01-28,2740,6000,156000,26.0,26.0,26.0,26.0,0.0,2
2019-01-29,2740,23586,614596,25.95,27.0,25.95,27.0,1.0,7
2019-01-30,2740,7000,182050,26.05,26.05,26.0,26.0,-1.0,4
2019-02-11,2740,9000,243750,27.45,27.45,27.0,27.0,1.0,8
2019-02-12,2740,2000,54000,27.0,27.0,27.0,27.0,0.0,2
2019-02-13,2740,3000,81000,27.0,27.0,27.0,27.0,0.0,2
2019-02-14,2740,1000,27000,27.0,27.0,27.0,27.0,0.0,1
2019-02-15,2740,3000,79850,26.35,27.0,26.35,27.0,0.0,3
2019-02-18,2740,6000,160200,26.95,26.95,26.5,26.75,-0.25,5
2019-02-19,2740,8002,212702,26.5,26.65,26.5,26.65,-0.1,9
2019-02-20,2740,4001,106626,26.5,26.7,26.5,26.7,0.05,5
2019-02-21,2740,10000,267050,26.7,26.8,26.5,26.75,0.05,9
2019-02-22,2740,10000,260250,26.05,26.2,26.0,26.0,-0.75,8
2019-02-25,2740,3001,77225,26.0,26.0,25.6,25.6,-0.4,4
2019-02-26,2740,4001,103125,26.0,26.0,25.7,25.7,0.1,4
2019-02-27,2740,18001,462725,25.8,25.8,25.7,25.7,0.0,13
2019-03-04,2740,7001,177575,25.2,25.55,25.2,25.25,-0.45,7
2019-03-05,2740,9000,225500,25.0,25.15,25.0,25.1,-0.15,5
2019-03-06,2740,9002,225500,25.1,25.15,25.0,25.15,0.05,6
2019-03-07,2740,5000,123950,24.8,25.15,24.6,25.15,0.0,5
2019-03-08,2740,11001,270775,24.55,25.1,24.5,25.0,-0.15,9
2019-03-11,2740,6002,147498,24.6,24.6,24.55,24.6,-0.4,7
2019-03-12,2740,23039,555927,24.6,24.6,24.0,24.0,-0.6,23
2019-03-13,2740,7000,170750,25.0,25.0,24.0,24.0,0.0,6
2019-03-14,2740,8081,193960,24.05,24.05,23.9,24.0,0.0,8
2019-03-15,2740,7000,165800,24.0,24.0,23.45,24.0,0.0,7
2019-03-18,2740,3402,79535,23.5,23.5,23.15,23.15,-0.85,6
2019-03-19,2740,12000,277150,23.15,23.25,23.0,23.0,-0.15,10
2019-03-20,2740,1000,23550,23.55,23.55,23.55,23.55,0.55,1
2019-03-21,2740,12000,275450,23.2,23.2,22.6,23.0,-0.55,12
2019-03-22,2740,14083,317916,22.85,22.85,22.5,22.6,-0.4,17
2019-03-25,2740,17062,370529,22.05,22.05,21.15,21.25,-1.35,19
2019-03-26,2740,17012,354846,21.25,21.25,20.65,20.8,-0.45,21
2019-03-27,2740,3001,62420,20.8,20.8,20.8,20.8,0.0,3
2019-03-28,2740,14001,285920,20.75,20.75,20.1,20.7,-0.1,15
2019-03-29,2740,6352,129465,20.65,20.65,20.25,20.55,-0.15,8
2019-04-01,2740,47081,934311,19.95,20.0,19.6,19.75,-0.8,31
2019-04-02,2740,67080,1281532,19.75,19.75,18.05,19.0,-0.75,47
2019-04-03,2740,17000,321550,18.3,19.05,18.3,19.0,0.0,17
2019-04-08,2740,14311,271955,19.0,19.0,19.0,19.0,0.0,9
2019-04-09,2740,11000,202550,18.7,18.7,18.1,18.5,-0.5,9
2019-04-10,2740,22000,399050,18.0,18.5,18.0,18.4,-0.1,17
2019-04-11,2740,24000,428300,18.3,18.3,17.5,17.5,-0.9,18
2019-04-12,2740,5000,87650,17.5,17.55,17.5,17.55,0.05,4
2019-04-15,2740,2000,35100,17.55,17.55,17.55,17.55,0.0,2
2019-04-16,2740,2000,35000,17.5,17.5,17.5,17.5,-0.05,2
2019-04-17,2740,26000,489200,18.35,19.25,18.0,19.25,1.75,24
2019-04-18,2740,135024,2782354,19.85,21.15,19.25,21.15,1.9,104
2019-04-19,2740,152000,3501000,21.7,23.25,21.7,23.25,2.1,109
2019-04-22,2740,128024,3108678,23.75,25.55,23.3,24.35,1.1,102
2019-04-23,2740,64001,1417872,24.0,24.0,21.95,21.95,-2.4,53
2019-04-24,2740,25023,522803,21.85,21.9,20.4,20.6,-1.35,27
2019-04-25,2740,23100,462810,20.6,20.6,19.55,20.1,-0.5,19
2019-04-26,2740,13000,261450,19.95,20.8,19.9,20.0,-0.1,10
2019-04-29,2740,0,0,0.0,0.0,0.0,0.0,0.0,0
2019-04-30,2740,3153,61033,19.2,19.55,19.2,19.55,-0.45,6
2019-05-02,2740,57000,1050550,17.6,20.5,17.6,20.5,0.95,39
2019-05-03,2740,13002,256688,20.0,20.0,19.35,19.8,-0.7,13
2019-05-06,2740,0,0,0.0,0.0,0.0,0.0,0.0,0
2019-05-07,2740,9000,174200,19.35,19.4,19.35,19.35,-0.4,6
2019-05-08,2740,9000,182650,19.35,20.5,19.35,20.2,0.85,9
2019-05-09,2740,15000,300750,20.55,20.55,19.3,19.3,-0.9,13
2019-05-10,2740,8245,157168,18.6,19.5,18.6,19.0,-0.3,9
2019-05-13,2740,15100,287235,18.9,19.95,18.6,19.45,0.45,15
2019-05-14,2740,5001,94918,19.15,19.15,18.8,18.8,-0.65,6
2019-05-15,2740,15000,279350,18.5,19.45,18.5,18.6,-0.2,12
2019-05-16,2740,11002,207436,18.5,19.75,18.5,18.7,0.1,13
2019-05-17,2740,8002,149836,18.45,19.25,18.35,18.35,-0.35,8
2019-05-20,2740,40003,726604,18.15,18.65,18.0,18.45,0.1,24
2019-05-21,2740,41001,745318,18.25,19.35,18.0,18.5,0.05,21
2019-05-22,2740,58006,1063208,18.45,19.25,18.0,18.4,-0.1,37
2019-05-23,2740,25000,453600,18.35,18.4,18.0,18.2,-0.2,16
2019-05-24,2740,28000,505150,18.1,18.2,18.0,18.0,-0.2,16
2019-05-27,2740,0,0,0.0,0.0,0.0,0.0,0.0,0
2019-05-28,2740,0,0,0.0,0.0,0.0,0.0,0.0,0
2019-05-29,2740,2002,35784,17.9,17.9,17.85,17.85,-0.15,4
2019-05-30,2740,20057,350297,17.4,17.6,17.4,17.5,-0.35,19
2019-05-31,2740,5102,89334,17.5,17.55,17.5,17.5,0.0,7
2019-06-03,2740,100,1750,0.0,0.0,0.0,0.0,0.0,1
2019-06-04,2740,7004,120218,17.5,17.5,16.8,17.35,-0.15,9
2019-06-05,2740,1024,17408,17.0,17.0,17.0,17.0,-0.35,3
2019-06-06,2740,10000,168500,17.0,17.3,16.6,16.6,-0.4,7
2019-06-10,2740,4888,81996,16.6,17.15,16.55,17.15,0.55,6
2019-06-11,2740,112,1904,0.0,0.0,0.0,0.0,0.0,1
2019-06-12,2740,3000,51250,17.05,17.1,17.05,17.1,0.0,3
2019-06-13,2740,18000,297800,16.55,17.0,16.5,17.0,-0.1,8
2019-06-14,2740,2001,33916,16.95,16.95,16.95,16.95,-0.05,3
2019-06-17,2740,15341,252108,16.2,16.95,16.2,16.45,-0.5,10
2019-06-18,2740,3002,49232,16.4,16.4,16.4,16.4,-0.05,4
2019-06-19,2740,16008,259578,15.9,16.4,15.9,16.35,-0.05,17
2019-06-20,2740,24006,382996,15.8,16.25,15.8,16.05,-0.3,23
2019-06-21,2740,162123,2476538,15.15,15.7,15.0,15.05,-1.0,855
2019-06-24,2740,66000,1011000,15.4,15.75,15.0,15.0,-0.05,55
2019-06-25,2740,52523,812621,16.1,16.1,15.3,15.45,0.45,2429
2019-06-26,2740,83922,1246939,15.45,15.45,14.45,14.55,-0.9,2340
2019-06-27,2740,61454,865910,14.9,14.9,13.8,13.9,-0.65,1148
2019-06-28,2740,365683,4666488,13.8,13.8,12.55,12.7,-1.2,894
2019-07-01,2740,54105,668109,12.55,12.55,12.15,12.25,-0.45,887
2019-07-02,2740,55780,682107,12.25,12.45,12.1,12.2,-0.05,592
2019-07-03,2740,27859,337665,12.2,12.2,12.05,12.1,-0.1,445
2019-07-04,2740,118530,1397532,12.2,12.2,11.45,11.65,-0.45,479
2019-07-05,2740,230426,2913701,11.65,12.8,11.45,12.8,1.15,128
2019-07-08,2740,269383,3729430,13.8,14.05,13.2,14.05,1.25,155
2019-07-09,2740,469367,7104566,14.2,15.45,14.2,15.45,1.4,303
2019-07-10,2740,424246,6457490,15.8,16.3,14.3,14.7,-0.75,288
2019-07-11,2740,144014,2179960,14.8,15.6,14.8,15.05,0.35,117
2019-07-12,2740,162111,2297330,14.4,14.4,14.05,14.1,-0.95,101
2019-07-15,2740,178140,2318096,13.9,13.9,12.7,12.8,-1.3,142
2019-07-16,2740,120009,1488814,12.8,12.8,12.25,12.35,-0.45,84
2019-07-17,2740,153101,1820263,12.15,12.15,11.75,11.9,-0.45,92
2019-07-18,2740,225369,2907915,11.95,13.05,11.95,13.05,1.15,145
2019-07-19,2740,369008,5244762,14.0,14.35,13.8,14.35,1.3,208
2019-07-22,2740,231382,3264885,14.7,14.7,13.6,14.2,-0.15,161
2019-07-23,2740,69114,948809,13.95,14.0,13.6,13.7,-0.5,56
2019-07-24,2740,93121,1308372,14.2,14.5,13.55,14.25,0.55,77
2019-07-25,2740,57049,804823,14.0,14.4,14.0,14.3,0.05,44
2019-07-26,2740,44071,631765,14.4,14.6,14.1,14.4,0.1,36
2019-07-29,2740,41066,575790,14.0,14.2,13.9,14.0,-0.4,28
2019-07-30,2740,26001,361014,13.9,14.0,13.8,13.8,-0.2,17
2019-07-31,2740,36001,501263,13.95,14.05,13.8,14.0,0.2,24
2019-08-01,2740,32014,442032,14.2,14.2,13.55,13.6,-0.4,40
2019-08-02,2740,25001,338913,13.55,13.85,13.2,13.85,0.25,18
2019-08-05,2740,48004,642356,13.15,14.0,13.1,13.45,-0.4,38
2019-08-06,2740,35001,467914,13.8,13.8,13.25,13.3,-0.15,24
2019-08-07,2740,15001,197163,13.25,13.25,13.1,13.1,-0.2,13
2019-08-08,2740,62000,854350,13.0,14.3,12.75,13.5,0.4,46
2019-08-12,2740,26001,346013,13.6,14.0,13.0,13.05,-0.45,22
2019-08-13,2740,31152,397064,12.7,12.8,12.7,12.7,-0.35,27
2019-08-14,2740,52001,673962,12.8,13.5,12.7,12.8,0.1,37
2019-08-15,2740,49000,610650,12.8,12.8,12.15,12.25,-0.55,34
2019-08-16,2740,89191,1083442,12.25,13.45,11.5,13.45,1.2,82
2019-08-19,2740,60008,743296,12.5,13.05,12.15,12.45,-1.0,51
2019-08-20,2740,108138,1262721,12.4,12.45,11.25,11.4,-1.05,67
2019-08-21,2740,53591,557984,11.25,11.25,10.3,10.3,-1.1,56
2019-08-22,2740,83498,852260,9.52,10.7,9.52,10.35,0.05,93
2019-08-23,2740,34182,374049,10.45,11.25,10.45,11.15,0.8,48
2019-08-26,2740,60416,720942,11.4,12.25,11.2,12.25,1.1,56
2019-08-27,2740,72407,892797,12.9,12.9,12.1,12.4,0.15,60
2019-08-28,2740,97163,1218904,12.55,12.85,12.1,12.75,0.35,65
2019-08-29,2740,47024,620512,12.9,13.5,12.9,13.3,0.55,45
2019-08-30,2740,107201,1452689,13.85,13.85,13.0,13.45,0.15,39
2019-09-02,2740,17007,231191,13.6,13.9,13.1,13.65,0.2,21
2019-09-03,2740,68183,877335,13.6,14.0,12.3,14.0,0.35,61
2019-09-04,2740,23178,294636,12.75,13.25,12.6,12.6,-1.4,40
2019-09-05,2740,45248,526273,12.6,12.6,11.35,12.2,-0.4,51
2019-09-06,2740,16007,189792,11.25,12.65,11.25,12.65,0.45,18
2019-09-09,2740,4003,49236,11.7,12.9,11.7,12.9,0.25,7
2019-09-10,2740,21024,255329,12.85,12.85,11.7,12.6,-0.3,24
2019-09-11,2740,141034,1632008,11.6,13.45,11.35,12.2,-0.4,93
2019-09-12,2740,53008,651338,11.95,12.8,11.55,12.6,0.4,53
2019-09-16,2740,62010,755266,12.5,13.05,11.6,12.0,-0.6,54
2019-09-17,2740,52044,592410,11.9,12.0,11.0,11.9,-0.1,52
2019-09-18,2740,77000,900900,11.3,13.0,11.0,13.0,1.1,55
2019-09-19,2740,75201,894598,12.85,12.85,11.7,11.7,-1.3,56
2019-09-20,2740,15043,175101,11.7,12.05,11.45,11.85,0.15,29
2019-09-23,2740,8033,93233,11.4,11.8,11.4,11.8,-0.05,21
2019-09-24,2740,9022,105149,11.45,11.85,11.45,11.6,-0.2,18
2019-09-25,2740,26018,308898,11.95,12.4,11.55,11.65,0.05,35
2019-09-26,2740,22002,258370,11.25,12.25,11.25,11.6,-0.05,20
2019-09-27,2740,34004,397294,11.65,11.9,11.4,11.9,0.3,29
2019-10-01,2740,31050,364318,11.85,12.3,11.4,12.0,0.1,30
2019-10-02,2740,45500,527800,11.45,12.0,11.15,12.0,0.0,33
2019-10-03,2740,19012,216090,11.45,11.45,11.3,11.4,-0.6,19
2019-10-04,2740,19070,214690,11.7,11.7,11.15,11.15,-0.25,17
2019-10-07,2740,8000,90500,11.1,11.5,11.0,11.5,0.35,7
2019-10-08,2740,17002,193072,11.45,11.7,11.15,11.15,-0.35,16
2019-10-09,2740,22009,247999,11.35,11.45,11.1,11.15,0.0,29
2019-10-14,2740,48012,533878,11.45,11.6,10.75,10.75,-0.4,43
2019-10-15,2740,10013,111132,11.1,11.35,10.9,11.1,0.35,13
2019-10-16,2740,36144,380466,10.8,11.0,10.3,10.55,-0.55,27
2019-10-17,2740,38010,393690,10.55,10.8,10.0,10.0,-0.55,38
2019-10-18,2740,8033,80063,10.3,10.3,9.85,9.99,-0.01,22
2019-10-21,2740,33005,336245,10.2,10.6,10.0,10.0,0.01,35
2019-10-22,2740,33002,334368,10.25,10.4,10.0,10.0,0.0,22
2019-10-23,2740,18010,181793,10.2,10.25,10.0,10.0,0.0,19
2019-10-24,2740,3000,30500,10.15,10.2,10.15,10.2,0.2,2
2019-10-25,2740,1,9,0.0,0.0,0.0,0.0,0.0,1
2019-10-28,2740,15504,155999,10.3,10.45,9.95,9.95,-0.2,18
2019-10-29,2740,9006,90515,9.93,10.15,9.91,10.1,0.15,12
2019-10-30,2740,1944,19540,10.1,10.1,10.1,10.1,0.0,10
2019-10-31,2740,47000,468390,10.3,10.7,9.57,9.82,-0.28,30
2019-11-01,2740,13009,129934,9.99,10.1,9.9,9.94,0.12,16
2019-11-04,2740,11010,110104,10.15,10.3,9.81,10.0,0.06,17
2019-11-05,2740,34007,347120,10.05,10.55,10.0,10.0,0.0,31
2019-11-06,2740,15002,152180,10.35,10.4,9.88,10.0,0.0,13
2019-11-07,2740,15004,150770,10.3,10.35,9.94,10.2,0.2,11
2019-11-08,2740,7003,69537,9.92,9.99,9.92,9.99,-0.21,7
2019-11-11,2740,9003,90008,10.0,10.0,9.99,9.99,0.0,9
2019-11-12,2740,10003,101608,10.05,10.45,9.95,9.95,-0.04,12
2019-11-13,2740,11002,110340,10.25,10.25,9.95,10.05,0.1,7
2019-11-14,2740,3002,29919,10.0,10.0,9.9,9.9,-0.15,4
2019-11-15,2740,1002,9958,9.94,9.94,9.94,9.94,0.04,3
2019-11-18,2740,38016,359120,9.94,9.94,9.0,9.0,-0.94,33
2019-11-19,2740,78018,655916,9.3,9.49,8.1,8.1,-0.9,48
2019-11-20,2740,45016,347401,8.0,8.3,7.35,7.7,-0.4,29
2019-11-21,2740,51000,407370,7.96,8.47,7.8,7.92,0.22,41
2019-11-22,2740,111000,822130,8.2,8.2,7.13,7.39,-0.53,64
2019-11-25,2740,2000,14890,7.48,7.48,7.41,7.41,0.02,2
2019-11-26,2740,14000,100040,7.48,7.48,7.1,7.15,-0.26,6
2019-11-27,2740,62217,417665,7.15,7.15,6.46,6.61,-0.54,39
2019-11-28,2740,22119,152675,6.61,7.14,6.61,6.9,0.29,14
2019-11-29,2740,5002,34244,6.84,6.86,6.84,6.86,-0.04,6
2019-12-02,2740,23136,156500,6.86,6.86,6.62,6.79,-0.07,17
2019-12-03,2740,11192,77095,6.79,7.18,6.79,6.81,0.02,11
2019-12-04,2740,11000,75120,6.81,7.02,6.81,7.02,0.21,4
2019-12-05,2740,6019,43066,7.16,7.16,7.12,7.12,0.1,7
2019-12-06,2740,3000,21550,7.11,7.33,7.11,7.33,0.21,3
2019-12-09,2740,14001,100898,8.05,8.05,7.0,7.3,-0.03,14
2019-12-10,2740,3,21,0.0,0.0,0.0,0.0,0.0,3
2019-12-11,2740,7000,50110,7.25,7.25,7.1,7.19,-0.11,7
2019-12-12,2740,13001,98257,7.78,7.78,7.31,7.31,0.12,11
2019-12-13,2740,16000,120130,7.45,7.68,7.4,7.65,0.34,9
2019-12-16,2740,107000,800730,7.45,7.89,7.45,7.74,0.09,8
2019-12-17,2740,132000,989410,7.51,7.7,7.49,7.7,-0.04,6
2019-12-18,2740,12000,89370,7.76,7.76,7.3,7.3,-0.4,12
2019-12-19,2740,31003,238524,7.48,7.97,7.41,7.7,0.4,32
2019-12-20,2740,2,14,0.0,0.0,0.0,0.0,0.0,2
2019-12-23,2740,6001,45477,7.5,7.65,7.5,7.65,-0.05,7
2019-12-24,2740,3002,24576,8.4,8.4,8.08,8.08,0.43,4
2019-12-25,2740,6002,48184,8.07,8.08,7.95,8.07,-0.01,7
2019-12-26,2740,5001,41067,8.07,8.5,8.07,8.07,0.0,5
2019-12-27,2740,15012,118024,7.95,8.06,7.72,8.06,-0.01,22
2019-12-30,2740,18001,147688,8.38,8.4,8.01,8.01,-0.05,15
2019-12-31,2740,5000,39510,7.81,8.08,7.81,8.0,-0.01,4
2020-01-02,2740,100,876,0.0,0.0,0.0,0.0,0.0,6
2020-01-03,2740,6104,49403,8.75,8.75,7.82,8.47,0.47,22
2020-01-06,2740,4000,34360,9.0,9.0,8.2,8.2,-0.27,4
2020-01-07,2740,2000,15750,7.9,7.9,7.85,7.85,-0.35,2
2020-01-08,2740,10004,78842,8.0,8.19,7.7,8.19,0.34,13
2020-01-09,2740,5007,41079,8.75,8.75,8.0,8.18,-0.01,12
2020-01-10,2740,8020,64360,8.65,8.65,7.9,7.95,-0.23,26
2020-01-13,2740,4029,32249,7.81,8.07,7.81,8.06,0.11,10
2020-01-14,2740,0,0,0.0,0.0,0.0,0.0,0.0,0
2020-01-15,2740,5,35,0.0,0.0,0.0,0.0,0.0,5
2020-01-16,2740,2002,16076,8.06,8.06,8.0,8.0,-0.06,4
2020-01-17,2740,1000,8000,8.0,8.0,8.0,8.0,0.0,1
2020-01-20,2740,48030,373851,7.82,7.99,7.63,7.96,-0.04,44
2020-01-30,2740,7001,54097,7.94,7.95,7.6,7.6,-0.36,8
2020-01-31,2740,6005,47645,8.29,8.29,7.79,7.79,0.19,11
2020-02-03,2740,7010,53320,7.67,7.67,7.55,7.55,-0.24,15
2020-02-04,2740,18005,134945,7.52,7.94,7.36,7.94,0.39,19
2020-02-05,2740,6014,47398,8.48,8.48,7.73,7.78,-0.16,18
2020-02-06,2740,4194,32233,7.68,7.68,7.68,7.68,-0.1,8
2020-02-07,2740,3016,23234,7.68,7.72,7.68,7.72,0.04,16
2020-02-10,2740,1061,8147,7.72,7.72,7.72,7.72,0.0,62
2020-02-11,2740,5001,38968,7.76,7.8,7.76,7.8,0.08,5
2020-02-12,2740,4010,32640,8.15,8.43,7.84,8.14,0.34,14
2020-02-24,2740,8582,123002,14.5,14.5,14.2,14.2,-1.35,29
2020-02-25,2740,41537,582934,15.5,15.5,13.6,14.0,-0.2,63
2020-02-26,2740,13181,185553,14.65,14.65,13.8,14.6,0.6,26
2020-02-27,2740,9769,135895,14.35,14.35,13.8,13.8,-0.8,31
2020-03-02,2740,8568,114524,13.3,13.65,13.3,13.65,-0.15,66
2020-03-03,2740,9522,127951,13.45,13.75,13.3,13.65,0.0,17
2020-03-04,2740,11489,155370,13.75,13.75,13.25,13.6,-0.05,21
2020-03-05,2740,3522,46936,13.35,13.5,13.3,13.5,-0.1,20
2020-03-06,2740,2168,29207,13.7,13.7,13.3,13.3,-0.2,11
2020-03-09,2740,9212,116637,12.9,12.9,12.25,12.6,-0.7,43
2020-03-10,2740,11045,134308,12.2,12.45,11.8,12.45,-0.15,20
2020-03-11,2740,310918,3790903,11.8,12.2,11.55,12.2,-0.25,32
2020-03-12,2740,4076,47560,11.7,11.7,11.65,11.65,-0.55,21
2020-03-13,2740,29813,319116,10.55,11.55,10.5,11.55,-0.1,43
2020-03-16,2740,15395,162853,10.7,10.8,10.4,10.75,-0.8,23
2020-03-17,2740,1010,10594,10.5,10.5,10.5,10.5,-0.25,6
2020-03-18,2740,8573,87713,10.2,10.4,10.2,10.25,-0.25,17
2020-03-19,2740,261106,2676264,10.25,10.25,10.25,10.25,0.0,22
2020-03-20,2740,7390,74118,10.3,10.3,9.56,10.25,0.0,19
2020-03-23,2740,1177,12686,10.9,10.9,10.9,10.9,0.65,10
2020-03-24,2740,6311,65154,10.1,10.65,10.05,10.65,-0.25,16
2020-03-25,2740,23553,242706,10.65,11.0,10.1,10.35,-0.3,33
2020-03-26,2740,36137,362317,10.1,10.25,9.85,10.25,-0.1,28
2020-03-27,2740,2546,26385,10.45,10.45,10.45,10.45,0.2,21
2020-03-30,2740,2916,30615,10.5,10.5,10.5,10.5,0.05,10
2020-03-31,2740,9187,94795,10.75,10.75,10.1,10.4,-0.1,27
2020-04-01,2740,18028,180390,10.1,10.15,9.7,10.1,-0.3,42
2020-04-06,2740,37255,355717,9.81,9.81,9.33,9.72,-0.38,52
2020-04-07,2740,16006,152810,9.55,9.56,9.54,9.56,-0.16,22
2020-04-08,2740,275281,2591202,9.56,9.75,9.41,9.41,-0.15,33
2020-04-09,2740,7012,67118,9.42,9.71,9.37,9.69,0.28,19
2020-04-10,2740,25055,237628,9.47,9.65,9.32,9.5,-0.19,16
2020-04-13,2740,14426,139711,9.69,9.69,9.69,9.69,0.19,5
2020-04-14,2740,4572,44561,9.7,9.88,9.56,9.88,0.19,7
2020-04-15,2740,11101,108980,9.6,9.88,9.55,9.88,0.0,13
2020-04-16,2740,9833,97395,9.88,10.0,9.88,9.9,0.02,15
2020-04-17,2740,3271,32810,10.0,10.05,10.0,10.05,0.15,7
2020-04-20,2740,6001,59590,10.05,10.05,9.73,10.0,-0.05,7
2020-04-21,2740,2029,20442,10.05,10.1,10.05,10.1,0.1,5
2020-04-22,2740,10522,103680,9.78,9.9,9.78,9.9,-0.2,11
2020-04-23,2740,25041,250930,9.66,10.2,9.66,10.0,0.1,14
2020-04-24,2740,2001,19869,9.81,10.05,9.81,10.05,0.05,3
2020-04-27,2740,17519,174689,9.83,10.05,9.83,10.05,0.0,16
2020-04-28,2740,5503,54477,9.7,10.05,9.7,10.05,0.0,8
2020-04-29,2740,13000,130450,10.05,10.1,10.0,10.1,0.05,5
2020-04-30,2740,12999,131589,10.3,10.3,10.1,10.1,0.0,8
2020-05-04,2740,21655,228158,10.55,10.6,10.5,10.55,0.45,18
2020-05-05,2740,26478,289608,10.6,11.1,10.6,11.1,0.55,19
2020-05-06,2740,13000,143700,11.1,11.1,11.0,11.1,0.0,8
2020-05-07,2740,6500,77750,11.9,12.0,11.9,12.0,0.9,5
2020-05-08,2740,7736,94532,12.2,12.3,12.2,12.3,0.3,9
2020-05-11,2740,1252,16599,13.5,13.5,13.5,13.5,1.2,4
2020-05-12,2740,31163,384079,13.05,13.05,12.15,12.15,-1.35,27
2020-05-13,2740,5049,60663,12.1,12.25,12.0,12.2,0.05,10
2020-05-14,2740,4693,55437,12.2,12.2,11.6,11.6,-0.6,14
2020-05-15,2740,1065,13063,12.3,12.3,12.3,12.3,0.7,4
2020-05-18,2740,23321,303623,12.85,13.5,12.85,12.9,0.6,20
2020-05-19,2740,43000,530850,13.0,13.0,12.1,12.3,-0.6,23
2020-05-20,2740,95172,1235207,12.35,13.45,12.35,13.15,0.85,40
2020-05-21,2740,17432,227108,13.05,13.45,12.7,13.1,-0.05,19
2020-05-22,2740,9071,118580,13.1,13.1,13.0,13.1,0.0,13
2020-05-25,2740,17706,244170,13.1,14.0,13.1,13.8,0.7,20
2020-05-26,2740,14064,199246,13.85,14.25,13.85,14.15,0.35,14
2020-05-27,2740,22401,345730,15.25,15.55,15.25,15.55,1.4,36
2020-05-28,2740,149684,2512989,16.0,17.1,16.0,17.1,1.55,108
2020-05-29,2740,105917,1991232,18.8,18.8,18.8,18.8,1.7,63
2020-06-01,2740,92017,1896344,20.55,20.65,20.55,20.65,1.85,64
2020-06-02,2740,44290,1005379,22.7,22.7,22.7,22.7,2.05,30
2020-06-03,2740,41224,1028531,24.95,24.95,24.95,24.95,2.25,44
2020-06-04,2740,36203,991955,27.4,27.4,27.4,27.4,2.45,38
2020-06-05,2740,321179,8891533,30.1,30.1,24.7,27.5,0.1,273
2020-06-08,2740,61000,1697900,30.25,30.25,25.7,26.0,-1.5,48
2020-06-09,2740,30500,726949,24.1,24.1,23.4,23.4,-2.6,34
2020-06-10,2740,60001,1272321,23.4,23.4,21.1,21.1,-2.3,49
2020-06-11,2740,37106,743048,20.9,20.9,19.5,20.3,-0.8,39
2020-06-12,2740,13690,271007,20.25,20.25,19.35,19.85,-0.45,16
2020-06-15,2740,5001,98519,19.7,19.7,19.7,19.7,-0.15,5
2020-06-16,2740,22833,473999,19.7,21.6,19.7,21.4,1.7,22
2020-06-17,2740,42790,988877,21.4,23.45,21.4,23.45,2.05,31
2020-06-18,2740,23068,564966,23.45,25.0,23.45,24.9,1.45,16
2020-06-19,2740,45000,1048050,25.5,25.5,22.7,22.7,-2.2,37
2020-06-22,2740,61116,1285645,20.45,22.0,20.45,21.7,-1.0,53
2020-06-23,2740,49523,1023570,21.7,21.7,20.0,20.5,-1.2,42
2020-06-24,2740,25195,525903,20.5,21.45,20.5,21.0,0.5,23
2020-06-29,2740,15522,340286,21.0,22.55,21.0,22.35,1.35,14
2020-06-30,2740,140403,3412237,22.9,24.55,22.9,24.55,2.2,81
2020-07-01,2740,120804,2999066,25.0,26.4,24.0,24.35,-0.2,91
2020-07-02,2740,60769,1452065,25.7,25.7,23.5,23.5,-0.85,51
2020-07-03,2740,29000,693450,23.55,24.45,23.5,23.95,0.45,23
2020-07-06,2740,19523,473602,24.0,24.5,24.0,24.25,0.3,20
2020-07-07,2740,27104,634873,24.6,24.6,22.7,23.5,-0.75,26
2020-07-08,2740,26100,604890,23.5,23.6,23.0,23.0,-0.5,23
2020-07-09,2740,18417,418794,22.65,23.25,22.45,22.45,-0.55,21
2020-07-10,2740,33030,698533,21.85,22.7,20.4,21.0,-1.45,24
2020-07-13,2740,14492,311078,21.75,21.75,21.0,21.65,0.65,14
2020-07-14,2740,9072,192030,20.55,21.7,20.55,21.25,-0.4,9
2020-07-15,2740,11286,240477,21.25,21.35,21.25,21.35,0.1,12
2020-07-16,2740,25522,548368,21.5,21.5,21.45,21.5,0.15,8
2020-07-17,2740,13000,275550,21.2,21.25,21.15,21.2,-0.3,12
2020-07-20,2740,2052,43281,21.2,21.2,21.0,21.0,-0.2,3
2020-07-21,2740,30613,664019,21.25,22.55,21.0,22.55,1.55,24
2020-07-22,2740,12087,266305,22.05,22.1,21.9,21.9,-0.65,11
2020-07-23,2740,1478,32368,21.9,21.9,21.9,21.9,0.0,2
2020-07-24,2740,9000,191500,21.8,21.9,21.0,21.0,-0.9,8
2020-07-27,2740,10522,205933,19.9,19.9,19.2,19.9,-1.1,11
2020-07-28,2740,8805,170747,19.8,19.8,19.25,19.25,-0.65,10
2020-07-29,2740,12703,245317,19.25,19.5,19.25,19.25,0.0,13
2020-07-30,2740,6551,126134,19.25,19.25,19.25,19.25,0.0,7
2020-07-31,2740,18999,366980,19.25,19.7,19.25,19.6,0.35,14
2020-08-03,2740,2000,38000,19.0,19.0,19.0,19.0,-0.6,2
2020-08-04,2740,7000,131400,19.0,19.0,18.5,18.5,-0.5,7
2020-08-05,2740,19000,342600,18.0,18.5,17.9,18.5,0.0,18
2020-08-06,2740,18001,328218,18.5,18.8,18.05,18.7,0.2,13
2020-08-07,2740,0,0,0.0,0.0,0.0,0.0,0.0,0
2020-08-10,2740,10000,182650,18.6,18.65,18.1,18.65,0.0,9
2020-08-11,2740,7001,128018,18.2,18.55,18.2,18.55,-0.1,5
2020-08-12,2740,3003,54854,18.3,18.3,18.2,18.2,-0.35,4
2020-08-13,2740,8000,145250,18.2,18.2,18.15,18.15,-0.05,4
2020-08-14,2740,3000,54600,18.2,18.2,18.2,18.2,0.05,3
2020-08-17,2740,2000,36500,18.25,18.25,18.25,18.25,0.05,2
2020-08-18,2740,4004,73272,18.3,18.3,18.3,18.3,0.05,5
2020-08-19,2740,16008,295202,18.85,18.9,17.9,18.9,0.6,24
2020-08-20,2740,12568,223517,17.85,18.1,17.5,18.1,-0.8,12
2020-08-21,2740,9363,169919,18.1,18.55,18.1,18.55,0.45,5
2020-08-24,2740,11000,200550,18.55,18.55,18.0,18.0,-0.55,9
2020-08-25,2740,5000,90850,18.15,18.2,18.15,18.15,0.15,4
2020-08-26,2740,2752,50935,18.15,18.8,18.15,18.8,0.65,6
2020-08-27,2740,2044,37227,18.2,18.2,18.2,18.2,-0.6,3
2020-08-28,2740,481,8874,0.0,0.0,0.0,0.0,0.0,1
2020-08-31,2740,8003,144001,18.0,18.0,17.95,17.95,-0.25,9
2020-09-01,2740,3005,54239,18.05,18.05,18.05,18.05,0.1,3
2020-09-02,2740,4001,72668,18.05,18.5,18.05,18.5,0.45,3
2020-09-03,2740,4000,72800,18.15,18.35,18.15,18.35,-0.15,2
2020-09-04,2740,3001,54568,18.1,18.45,18.0,18.45,0.1,4
2020-09-07,2740,2000,36150,18.1,18.1,18.05,18.05,-0.4,2
2020-09-08,2740,3000,54150,18.0,18.15,18.0,18.15,0.1,3
2020-09-09,2740,4049,72886,17.9,18.25,17.85,18.25,0.1,6
2020-09-10,2740,6750,123298,18.25,18.4,18.25,18.4,0.15,6
2020-09-11,2740,3490,63616,18.25,18.25,18.2,18.2,-0.2,8
2020-09-14,2740,2032,37285,18.2,18.5,18.2,18.5,0.3,4
2020-09-15,2740,13004,235472,18.0,18.3,18.0,18.3,-0.2,10
2020-09-16,2740,0,0,0.0,0.0,0.0,0.0,0.0,0
2020-09-17,2740,3000,54850,18.25,18.3,18.25,18.3,0.0,3
2020-09-18,2740,6,108,0.0,0.0,0.0,0.0,0.0,3
2020-09-21,2740,1788,33406,18.75,18.75,18.75,18.75,0.45,2
2020-09-22,2740,2000,37400,18.7,18.7,18.7,18.7,-0.05,2
2020-09-23,2740,6000,108100,18.0,18.05,18.0,18.05,-0.65,6
2020-09-24,2740,2003,35551,17.7,17.8,17.7,17.8,-0.25,5
2020-09-25,2740,13000,230300,17.8,17.95,17.3,17.95,0.15,11
2020-09-28,2740,5000,89700,17.7,18.0,17.7,18.0,0.05,5
2020-09-29,2740,7028,126498,18.0,18.0,18.0,18.0,0.0,4
2020-09-30,2740,1001,18368,18.35,18.35,18.35,18.35,0.35,2
2020-10-05,2740,0,0,0.0,0.0,0.0,0.0,0.0,0
2020-10-06,2740,9000,168450,18.35,18.95,18.35,18.95,0.6,9
2020-10-07,2740,2000,37200,18.3,18.9,18.3,18.9,-0.05,2
2020-10-08,2740,5383,98046,18.1,18.6,18.1,18.6,-0.3,8
2020-10-12,2740,15000,270100,18.0,18.2,17.55,18.0,-0.6,12
2020-10-13,2740,0,0,0.0,0.0,0.0,0.0,0.0,0
2020-10-14,2740,0,0,0.0,0.0,0.0,0.0,0.0,0
2020-10-15,2740,2002,35484,17.5,17.95,17.5,17.95,-0.05,4
2020-10-16,2740,4000,71400,18.0,18.0,17.8,17.8,-0.15,4
2020-10-19,2740,2027,35477,17.5,17.5,17.5,17.5,-0.3,3
2020-10-20,2740,11040,194699,17.4,18.0,17.1,18.0,0.5,12
2020-10-21,2740,10000,180598,18.0,18.2,18.0,18.2,0.2,12
2020-10-22,2740,2482,44229,17.7,17.95,17.7,17.95,-0.25,4
2020-10-23,2740,0,0,0.0,0.0,0.0,0.0,0.0,0
2020-10-26,2740,0,0,0.0,0.0,0.0,0.0,0.0,0
2020-10-27,2740,29000,481350,17.8,17.8,16.2,17.55,-0.4,21
2020-10-28,2740,17001,291266,16.8,17.5,16.7,17.35,-0.2,19
2020-10-29,2740,11526,206418,18.1,18.2,17.0,18.2,0.85,13
2020-10-30,2740,5000,90000,18.0,18.0,18.0,18.0,-0.2,5
2020-11-02,2740,46,909,0.0,0.0,0.0,0.0,0.0,2
2020-11-03,2740,0,0,0.0,0.0,0.0,0.0,0.0,0
2020-11-04,2740,0,0,0.0,0.0,0.0,0.0,0.0,0
2020-11-05,2740,1000,18250,18.25,18.25,18.25,18.25,0.25,1
2020-11-06,2740,5000,92250,18.35,18.5,18.35,18.5,0.25,4
2020-11-09,2740,5611,102384,18.5,18.5,18.5,18.5,0.0,13
2020-11-10,2740,35601,724426,20.35,20.35,20.3,20.35,1.85,25
2020-11-11,2740,65204,1369454,22.3,22.3,20.0,22.0,1.65,51
2020-11-12,2740,15775,327032,22.1,22.1,20.65,20.65,-1.35,21
2020-11-13,2740,2,39,0.0,0.0,0.0,0.0,0.0,1
2020-11-16,2740,8094,174474,22.0,22.0,20.8,20.8,0.15,7
2020-11-17,2740,6001,123919,20.65,20.65,20.65,20.65,-0.15,3
2020-11-18,2740,0,0,0.0,0.0,0.0,0.0,0.0,0
2020-11-19,2740,1,20,0.0,0.0,0.0,0.0,0.0,1
2020-11-20,2740,0,0,0.0,0.0,0.0,0.0,0.0,0
2020-11-23,2740,2092,42864,20.5,20.5,20.5,20.5,-0.15,4
2020-11-24,2740,6950,145731,21.6,21.6,20.75,20.75,0.25,9
2020-11-25,2740,35092,787105,21.1,22.8,21.1,22.05,1.3,33
2020-11-26,2740,2141,47602,22.25,22.25,22.25,22.25,0.2,4
2020-11-27,2740,4102,91864,22.0,22.95,22.0,22.95,0.7,5
2020-11-30,2740,11999,273628,23.7,23.7,22.6,23.15,0.2,13
2020-12-01,2740,2000,46150,22.55,23.6,22.55,23.6,0.45,2
2020-12-02,2740,2104,49081,23.6,23.6,23.1,23.1,-0.5,3
2020-12-03,2740,1040,23470,22.55,22.55,22.55,22.55,-0.55,6
2020-12-04,2740,5025,111562,22.0,22.5,22.0,22.2,-0.35,6
2020-12-07,2740,6000,126700,22.1,22.1,20.5,21.3,-0.9,6
2020-12-08,2740,135,2835,0.0,0.0,0.0,0.0,0.0,3
2020-12-09,2740,3429,70415,20.9,20.9,20.4,20.4,-0.55,7
2020-12-10,2740,50,1022,0.0,0.0,0.0,0.0,0.0,2
2020-12-11,2740,1000,20200,20.2,20.2,20.2,20.2,-0.2,1
2020-12-14,2740,6886,135215,19.6,19.8,19.5,19.8,-0.4,8
2020-12-15,2740,2006,41223,20.4,20.7,20.4,20.7,0.9,4
2020-12-16,2740,2000,41650,20.95,20.95,20.7,20.7,0.0,2
2020-12-17,2740,1,19,0.0,0.0,0.0,0.0,0.0,1
2020-12-18,2740,3003,59660,20.0,20.0,19.75,19.85,-0.65,6
2020-12-21,2740,1,19,0.0,0.0,0.0,0.0,0.0,1
2020-12-22,2740,1003,19957,19.9,19.9,19.9,19.9,0.05,4
2020-12-23,2740,1,19,0.0,0.0,0.0,0.0,0.0,1
2020-12-24,2740,4020,76976,19.05,19.75,18.8,19.75,-0.15,16
2020-12-25,2740,13564,265838,19.05,20.0,19.0,20.0,0.25,15
2020-12-28,2740,7567,147410,19.55,19.55,19.1,19.55,-0.45,22
2020-12-29,2740,1,20,0.0,0.0,0.0,0.0,0.0,1
2020-12-30,2740,0,0,0.0,0.0,0.0,0.0,0.0,0
2020-12-31,2740,62,1206,0.0,0.0,0.0,0.0,0.0,3
2021-01-04,2740,3,60,0.0,0.0,0.0,0.0,0.0,2
2021-01-05,2740,4482,87394,19.55,19.6,19.4,19.4,-0.15,9
2021-01-06,2740,7851,149395,19.0,19.45,18.8,19.45,0.05,12
2021-01-07,2740,3018,57046,19.0,19.15,18.55,19.15,-0.3,5
2021-01-08,2740,0,0,0.0,0.0,0.0,0.0,0.0,0
2021-01-11,2740,8553,154133,17.6,18.1,17.6,18.1,-1.05,19
2021-01-12,2740,10479,189573,18.05,18.1,18.05,18.1,0.0,10
2021-01-13,2740,6522,115893,17.75,18.05,17.6,18.05,-0.05,7
2021-01-14,2740,5045,88905,17.6,18.05,17.25,18.05,0.0,4
2021-01-15,2740,5004,87418,17.55,18.05,17.25,18.05,0.0,9
2021-01-18,2740,1,18,0.0,0.0,0.0,0.0,0.0,1
2021-01-19,2740,7838,133934,16.65,17.3,16.65,17.3,-0.2,12
2021-01-20,2740,4001,67769,16.7,17.65,16.7,17.65,0.35,4
2021-01-21,2740,1523,27308,18.0,18.0,18.0,18.0,0.35,3
2021-01-22,2740,0,0,0.0,0.0,0.0,0.0,0.0,0
2021-01-25,2740,5000,85550,16.7,17.65,16.7,17.65,-0.35,5
2021-01-26,2740,6522,110665,17.05,17.05,16.95,17.0,-0.65,7
2021-01-27,2740,4999,84933,17.0,17.15,16.9,17.15,0.15,6
2021-01-28,2740,1001,17966,17.95,17.95,17.95,17.95,0.8,2
2021-01-29,2740,2009,35452,17.65,17.65,17.65,17.65,-0.3,11
2021-02-01,2740,8814,152438,17.6,17.6,17.0,17.5,-0.15,11
2021-02-02,2740,14473,261492,18.15,18.3,17.4,18.3,0.8,17
2021-02-03,2740,14231,260566,18.3,18.8,18.3,18.8,0.5,11
2021-02-04,2740,1002,18985,18.95,18.95,18.95,18.95,0.15,3
2021-02-05,2740,2000,37450,18.7,18.75,18.7,18.75,-0.2,2
2021-02-17,2740,9006,171608,19.05,19.1,19.05,19.1,0.35,14
2021-02-18,2740,3387,65274,18.7,19.8,18.7,19.8,0.7,10
2021-02-19,2740,8200,158960,19.8,19.95,19.05,19.95,0.15,9
2021-02-22,2740,23103,497363,19.95,21.85,19.95,21.85,1.9,29
2021-02-23,2740,3621,76241,21.0,21.1,21.0,21.1,-0.75,5
2021-02-24,2740,3524,77010,22.75,22.75,21.55,21.55,0.45,6
2021-02-25,2740,1010,21900,21.7,21.7,21.7,21.7,0.15,11
2021-02-26,2740,0,0,0.0,0.0,0.0,0.0,0.0,0
2021-03-02,2740,23005,496804,21.6,21.65,21.05,21.65,0.0,15
2021-03-03,2740,10339,221772,21.05,21.8,21.05,21.8,0.15,8
2021-03-04,2740,1001,21822,21.8,21.8,21.8,21.8,0.0,2
2021-03-05,2740,8199,174014,21.3,21.3,21.1,21.1,-0.7,13
2021-03-08,2740,3530,74782,21.0,21.5,21.0,21.5,0.4,15
2021-03-09,2740,10090,215587,21.5,21.5,21.0,21.5,0.0,16
2021-03-10,2740,1512,32554,21.6,21.6,21.6,21.6,0.1,7
2021-03-11,2740,2523,54297,21.05,21.9,21.05,21.9,0.3,5
2021-03-12,2740,3002,66894,22.4,22.4,22.2,22.2,0.3,5
2021-03-15,2740,7452,169658,22.9,22.9,22.75,22.9,0.7,13
2021-03-16,2740,2,48,0.0,0.0,0.0,0.0,0.0,2
2021-03-17,2740,1003,22816,22.75,22.75,22.75,22.75,-0.05,4
2021-03-18,2740,2911,64175,22.0,22.6,22.0,22.6,-0.15,7
2021-03-19,2740,3708,80339,22.05,22.05,21.3,21.3,-1.3,12
2021-03-22,2740,1049,23124,22.05,22.05,22.05,22.05,0.75,4
2021-03-23,2740,1101,24292,22.05,22.05,22.05,22.05,0.0,4
2021-03-24,2740,1002,22042,22.0,22.0,22.0,22.0,-0.05,3
2021-03-25,2740,3,66,0.0,0.0,0.0,0.0,0.0,3
2021-03-26,2740,2027,43238,20.8,21.85,20.8,21.85,-0.1,29
2021-03-29,2740,5160,109080,21.0,21.9,20.75,21.9,0.05,36
2021-03-30,2740,7833,165219,20.9,21.8,20.9,21.8,-0.1,19
2021-03-31,2740,1023,22329,21.8,21.8,21.8,21.8,0.0,24
2021-04-01,2740,2629,56905,21.75,21.75,21.65,21.65,-0.15,11
2021-04-06,2740,11006,225176,20.5,21.05,20.05,21.05,-0.6,17
2021-04-07,2740,1011,21273,21.05,21.05,21.05,21.05,0.0,9
2021-04-08,2740,7038,143110,20.1,20.9,20.1,20.9,-0.15,45
2021-04-09,2740,13573,291360,20.95,22.0,20.95,21.7,0.8,16
2021-04-12,2740,4026,88046,21.7,21.95,21.7,21.95,0.25,30
2021-04-13,2740,1015,22265,21.95,21.95,21.95,21.95,0.0,16
2021-04-14,2740,3046,66587,21.95,21.95,21.7,21.95,0.0,46
2021-04-15,2740,2000,43900,21.95,21.95,21.95,21.95,0.0,1
2021-04-16,2740,0,0,0.0,0.0,0.0,0.0,0.0,0
2021-04-19,2740,4615,98909,21.2,21.95,21.2,21.95,0.0,7
2021-04-20,2740,7005,153353,22.0,22.05,21.5,21.8,-0.15,8
2021-04-21,2740,5005,106255,21.15,21.8,21.0,21.8,0.0,9
2021-04-22,2740,11006,243776,22.5,22.5,21.55,21.8,0.0,15
2021-04-23,2740,7010,151260,21.8,21.8,21.35,21.5,-0.3,16
2021-04-26,2740,4,85,0.0,0.0,0.0,0.0,0.0,4
2021-04-27,2740,2048,45614,22.25,22.3,22.25,22.3,0.8,5
2021-04-28,2740,2019,45122,22.3,22.4,22.3,22.4,0.1,6
2021-04-29,2740,8715,195113,22.4,22.5,22.2,22.5,0.1,9
2021-05-03,2740,6000,135000,22.5,22.5,22.5,22.5,0.0,2
2021-05-04,2740,2,42,0.0,0.0,0.0,0.0,0.0,2
2021-05-05,2740,2000,45000,22.5,22.5,22.5,22.5,0.0,2
2021-05-06,2740,1000,23000,23.0,23.0,23.0,23.0,0.5,1
2021-05-07,2740,2047,46536,22.5,23.0,22.5,23.0,0.0,5
2021-05-10,2740,2002,45840,23.0,23.0,22.8,22.8,-0.2,4
2021-05-11,2740,13001,281522,22.8,23.0,20.55,23.0,0.2,14
2021-05-12,2740,9001,200322,22.0,23.0,21.0,23.0,0.0,10
2021-05-13,2740,10430,239160,23.0,23.0,22.8,23.0,0.0,9
2021-05-14,2740,3000,68400,23.0,23.0,22.6,22.6,-0.4,3
2021-05-17,2740,9658,206343,21.9,21.9,20.5,21.0,-1.6,12
2021-05-18,2740,1613,32743,20.3,20.3,20.3,20.3,-0.7,3
2021-05-19,2740,0,0,0.0,0.0,0.0,0.0,0.0,0
2021-05-20,2740,571,11133,0.0,0.0,0.0,0.0,0.0,4
2021-05-21,2740,0,0,0.0,0.0,0.0,0.0,0.0,0
2021-05-24,2740,1045,20192,0.0,0.0,0.0,0.0,-20.3,5
2021-05-25,2740,1523,31014,20.4,20.4,20.4,20.4,0.1,4
2021-05-26,2740,0,0,0.0,0.0,0.0,0.0,0.0,0
2021-05-27,2740,2111,43534,18.65,22.4,18.65,22.4,2.0,4
2021-05-28,2740,10006,219025,21.0,22.4,21.0,21.8,-0.6,11
2021-05-31,2740,3500,74950,21.8,21.8,21.6,21.6,-0.2,4
2021-06-01,2740,1876,44554,23.75,23.75,23.75,23.75,2.15,11
2021-06-02,2740,0,0,0.0,0.0,0.0,0.0,0.0,0
2021-06-03,2740,2982,66107,21.8,22.95,21.8,22.95,-0.75,5
2021-06-04,2740,45,1032,0.0,0.0,0.0,0.0,0.0,1
2021-06-07,2740,2111,46716,22.0,22.2,22.0,22.2,-0.6,5
2021-06-08,2740,1003,22065,22.0,22.0,22.0,22.0,-0.2,3
2021-06-09,2740,10,215,0.0,0.0,0.0,0.0,0.0,5
2021-06-10,2740,0,0,0.0,0.0,0.0,0.0,0.0,0
2021-06-11,2740,2002,44644,22.5,22.5,22.1,22.1,0.1,4
2021-06-15,2740,5001,112022,22.0,22.5,22.0,22.5,0.4,5
2021-06-16,2740,0,0,0.0,0.0,0.0,0.0,0.0,0
2021-06-17,2740,2001,44522,22.0,22.5,22.0,22.5,0.0,3
2021-06-18,2740,1,22,0.0,0.0,0.0,0.0,0.0,1
2021-06-21,2740,1001,22322,22.3,22.3,22.3,22.3,-0.2,2
2021-06-22,2740,0,0,0.0,0.0,0.0,0.0,0.0,0
2021-06-23,2740,1478,32467,22.0,22.0,22.0,22.0,-0.3,3
2021-06-24,2740,89816,1885343,21.5,21.5,20.0,21.5,-0.5,10
2021-06-25,2740,2882,62563,22.1,22.1,21.5,21.5,0.0,7
2021-06-28,2740,4370,102440,23.6,23.65,23.45,23.45,1.95,7
2021-06-29,2740,1,21,0.0,0.0,0.0,0.0,0.0,1
2021-06-30,2740,2019,47337,23.45,23.45,23.45,23.45,0.0,20
2021-07-01,2740,4005,94119,23.5,23.5,23.5,23.5,0.05,7
2021-07-02,2740,1,23,0.0,0.0,0.0,0.0,0.0,1
2021-07-05,2740,0,0,0.0,0.0,0.0,0.0,0.0,0
2021-07-06,2740,1,25,0.0,0.0,0.0,0.0,0.0,1
2021-07-07,2740,3002,70542,23.5,23.5,23.5,23.5,0.5,5
2021-07-08,2740,1000,23000,23.0,23.0,23.0,23.0,-0.5,1
2021-07-09,2740,1002,23194,23.15,23.15,23.15,23.15,0.15,3
2021-07-12,2740,1200,27720,23.15,23.15,23.15,23.15,0.0,2
2021-07-13,2740,2524,57755,23.2,23.2,23.0,23.0,-0.15,5
2021-07-14,2740,926,21295,0.0,0.0,0.0,0.0,0.0,5
2021-07-15,2740,11294,259511,23.0,23.0,23.0,23.0,0.0,5
2021-07-16,2740,82,1906,0.0,0.0,0.0,0.0,0.0,1
2021-07-19,2740,0,0,0.0,0.0,0.0,0.0,0.0,0
2021-07-20,2740,4025,94775,23.6,23.6,23.5,23.5,0.5,5
2021-07-21,2740,0,0,0.0,0.0,0.0,0.0,0.0,0
2021-07-22,2740,1501,33722,22.5,22.5,22.5,22.5,-1.0,4
2021-07-23,2740,6686,157339,23.6,23.6,23.45,23.5,1.0,6
2021-07-26,2740,5322,123060,23.5,23.5,23.0,23.0,-0.5,11
2021-07-27,2740,2434,52115,21.5,21.5,21.35,21.35,-1.65,4
2021-07-28,2740,2000,46000,23.0,23.0,23.0,23.0,1.65,2
2021-07-29,2740,2,46,0.0,0.0,0.0,0.0,0.0,2
2021-07-30,2740,1001,22423,22.4,22.4,22.4,22.4,-0.6,2
2021-08-02,2740,2000,44800,22.4,22.4,22.4,22.4,0.0,2
2021-08-03,2740,1001,22524,22.5,22.5,22.5,22.5,0.1,2
2021-08-04,2740,1000,22400,22.4,22.4,22.4,22.4,-0.1,1
2021-08-05,2740,1,21,0.0,0.0,0.0,0.0,0.0,1
2021-08-06,2740,1000,22300,22.3,22.3,22.3,22.3,-0.1,1
2021-08-09,2740,3001,63071,21.05,21.1,20.9,20.9,-1.4,4
2021-08-10,2740,2004,41883,20.9,20.9,20.9,20.9,0.0,4
2021-08-11,2740,1719,35166,20.5,20.5,20.5,20.5,-0.4,4
2021-08-12,2740,2028,42070,20.0,21.5,20.0,21.5,1.0,6
2021-08-13,2740,1501,31821,21.2,21.2,21.2,21.2,-0.3,3
2021-08-16,2740,3001,65171,21.0,23.15,21.0,21.0,-0.2,4
2021-08-17,2740,2013,39876,19.8,19.8,19.8,19.8,-1.2,4
2021-08-18,2740,2000,41600,20.0,21.6,20.0,21.6,1.8,2
2021-08-19,2740,4005,84408,21.6,21.6,20.8,20.8,-0.8,6
2021-08-20,2740,2000,42400,21.4,21.4,21.0,21.0,0.2,2
2021-08-23,2740,4624,97504,21.5,21.5,20.9,21.0,0.0,10
2021-08-24,2740,5002,104793,21.05,21.05,20.8,20.8,-0.2,7
2021-08-25,2740,7215,151879,22.0,22.0,20.8,20.8,0.0,12
2021-08-26,2740,5001,103020,20.8,20.8,20.5,20.5,-0.3,6
2021-08-27,2740,1000,20700,20.7,20.7,20.7,20.7,0.2,1
2021-08-30,2740,12000,253500,22.0,22.0,20.8,21.0,0.3,10
2021-08-31,2740,10001,212971,22.0,22.0,20.9,21.0,0.0,11
2021-09-01,2740,6002,125742,21.0,21.0,20.9,20.9,-0.1,7
2021-09-02,2740,4000,83800,21.0,21.0,20.8,20.8,-0.1,4
2021-09-03,2740,10000,206450,20.9,20.9,20.4,20.4,-0.4,10
2021-09-06,2740,5,104,0.0,0.0,0.0,0.0,0.0,4
2021-09-07,2740,11015,225200,20.5,20.5,20.3,20.4,-0.1,24
2021-09-08,2740,2002,40738,20.4,20.4,20.3,20.3,-0.1,4
2021-09-09,2740,11003,214862,20.0,20.25,19.0,20.25,-0.05,13
2021-09-10,2740,10000,201100,20.4,20.4,20.0,20.0,-0.25,5
2021-09-13,2740,0,0,0.0,0.0,0.0,0.0,0.0,0
2021-09-14,2740,1,20,0.0,0.0,0.0,0.0,0.0,1
2021-09-15,2740,1,21,0.0,0.0,0.0,0.0,0.0,1
2021-09-16,2740,3000,59900,20.0,20.0,19.9,20.0,0.0,3
2021-09-17,2740,7001,139170,19.95,20.0,19.75,20.0,0.0,8
2021-09-22,2740,5002,99541,20.0,20.0,19.8,20.0,0.0,6
2021-09-23,2740,7000,140000,20.1,20.1,19.95,20.0,0.0,7
2021-09-24,2740,3000,59900,20.0,20.0,19.9,20.0,0.0,3
2021-09-27,2740,4000,78450,19.5,19.95,19.5,19.95,-0.05,2
2021-09-28,2740,1001,20020,20.0,20.0,20.0,20.0,0.05,2
2021-09-29,2740,6001,119120,19.95,19.95,19.75,19.95,-0.05,7
2021-09-30,2740,1090,21714,20.0,20.0,20.0,20.0,0.05,2
2021-10-01,2740,3094,60664,19.5,19.9,19.4,19.9,-0.1,7
2021-10-04,2740,5316,105306,19.9,20.0,19.7,20.0,0.1,8
2021-10-05,2740,51836,1060959,20.0,20.6,20.0,20.0,0.0,8
2021-10-06,2740,43525,867362,20.0,20.0,19.8,19.9,-0.1,22
2021-10-07,2740,44795,897143,21.0,21.0,20.0,20.0,0.1,16
2021-10-08,2740,18000,360350,20.0,20.05,20.0,20.0,0.0,3
2021-10-12,2740,2,40,0.0,0.0,0.0,0.0,0.0,2
2021-10-13,2740,501,9969,0.0,0.0,0.0,0.0,0.0,2
2021-10-14,2740,12522,249965,20.0,20.05,20.0,20.05,0.05,5
2021-10-15,2740,12103,244592,20.5,20.95,20.1,20.1,0.05,10
2021-10-18,2740,9000,189000,21.0,21.0,21.0,21.0,0.9,4
2021-10-19,2740,0,0,0.0,0.0,0.0,0.0,0.0,0
2021-10-20,2740,1,23,0.0,0.0,0.0,0.0,0.0,1
2021-10-21,2740,0,0,0.0,0.0,0.0,0.0,0.0,0
2021-10-22,2740,1004,20380,20.3,20.3,20.3,20.3,-0.7,5
2021-10-25,2740,1569,30817,20.0,20.0,20.0,20.0,-0.3,5
2021-10-26,2740,8566,171792,20.2,20.2,20.0,20.0,0.0,10
2021-10-27,2740,3001,60221,20.1,20.1,20.05,20.05,0.05,4
2021-10-28,2740,11004,223579,20.0,20.5,20.0,20.5,0.45,11
2021-10-29,2740,9003,184563,20.5,20.5,20.5,20.5,0.0,6
2021-11-01,2740,7003,143760,20.5,20.6,20.3,20.6,0.1,7
2021-11-02,2740,2000,41200,20.6,20.6,20.6,20.6,0.0,1
2021-11-03,2740,3004,63083,21.0,21.0,21.0,21.0,0.4,5
2021-11-04,2740,2790,58223,21.0,21.0,21.0,21.0,0.0,6
2021-11-05,2740,325,6825,0.0,0.0,0.0,0.0,0.0,2
2021-11-08,2740,2000,44000,21.0,23.0,21.0,23.0,2.0,2
2021-11-09,2740,8027,176476,21.0,25.0,21.0,25.0,2.0,12
2021-11-10,2740,1031,24542,23.8,23.8,23.8,23.8,-1.2,11
2021-11-11,2740,1002,23842,23.8,23.8,23.8,23.8,0.0,2
2021-11-12,2740,0,0,0.0,0.0,0.0,0.0,0.0,0
2021-11-15,2740,6,138,0.0,0.0,0.0,0.0,0.0,6
2021-11-16,2740,1,22,0.0,0.0,0.0,0.0,0.0,1
2021-11-17,2740,0,0,0.0,0.0,0.0,0.0,0.0,0
2021-11-18,2740,27560,578620,21.0,21.0,21.0,21.0,-2.0,15
2021-11-19,2740,6544,134980,21.0,21.1,21.0,21.0,0.0,12
2021-11-22,2740,2998,63056,21.0,21.1,21.0,21.1,0.1,7
2021-11-23,2740,501,10520,0.0,0.0,0.0,0.0,0.0,3
2021-11-24,2740,114,2394,0.0,0.0,0.0,0.0,0.0,3
2021-11-25,2740,1003,21217,21.15,21.15,21.15,21.15,0.0,4
2021-11-26,2740,2000,42200,21.1,21.1,21.1,21.1,-0.05,1
2021-11-29,2740,2840,65885,23.2,23.2,23.2,23.2,2.1,24
2021-11-30,2740,6569,143360,21.1,23.15,21.1,23.15,-0.05,6
2021-12-01,2740,1000,23150,23.15,23.15,23.15,23.15,0.0,1
2021-12-02,2740,0,0,0.0,0.0,0.0,0.0,0.0,0
2021-12-03,2740,5130,116238,23.15,23.15,22.05,23.1,-0.05,4
2021-12-06,2740,0,0,0.0,0.0,0.0,0.0,0.0,0
2021-12-07,2740,4090,94384,23.1,23.1,23.1,23.1,0.0,6
2021-12-08,2740,7183,164044,23.0,23.0,23.0,23.0,-0.1,14
2021-12-09,2740,11005,247308,22.5,22.5,22.4,22.4,-0.6,6
2021-12-10,2740,21132,473310,22.4,22.4,22.4,22.4,0.0,15
2021-12-13,2740,1,22,0.0,0.0,0.0,0.0,0.0,1
2021-12-14,2740,14007,313740,22.4,22.4,22.4,22.4,0.0,18
2021-12-15,2740,4004,89688,22.4,22.4,22.4,22.4,0.0,7
2021-12-16,2740,5538,124350,22.4,22.5,22.4,22.5,0.1,5
2021-12-17,2740,10010,223813,22.4,22.4,22.0,22.0,-0.5,14
2021-12-20,2740,8005,179310,22.4,22.4,22.4,22.4,0.4,11
2021-12-21,2740,9,198,0.0,0.0,0.0,0.0,0.0,9
2021-12-22,2740,5001,112022,22.4,22.4,22.4,22.4,0.0,3
2021-12-23,2740,1000,22200,22.2,22.2,22.2,22.2,-0.2,1
2021-12-24,2740,5579,124623,22.4,22.4,22.4,22.4,0.2,7
2021-12-27,2740,3940,87842,22.45,22.45,22.45,22.45,0.05,3
2021-12-28,2740,28000,631450,24.05,24.5,22.0,24.0,1.55,14
2021-12-29,2740,12953,300422,24.05,24.25,22.5,22.5,-1.5,12
2021-12-30,2740,1086,24375,22.45,22.45,22.45,22.45,-0.05,13
2022-01-03,2740,2569,57672,22.45,22.45,22.45,22.45,0.0,4
2022-01-04,2740,17001,382271,22.45,22.5,22.45,22.5,0.05,7
2022-01-05,2740,21001,472522,22.5,22.5,22.5,22.5,0.0,7
2022-01-06,2740,19372,441546,22.5,24.5,22.5,22.5,0.0,8
2022-01-07,2740,19000,427500,22.5,22.5,22.5,22.5,0.0,4
2022-01-10,2740,31007,697965,22.55,22.55,22.5,22.55,0.05,14
2022-01-11,2740,30003,681672,22.55,23.0,22.55,22.6,0.05,10
2022-01-12,2740,31005,707220,22.65,23.0,22.65,22.7,0.1,12
2022-01-13,2740,94015,2151994,22.75,23.0,22.75,22.85,0.15,30
2022-01-14,2740,81503,1871444,22.85,23.2,22.85,23.2,0.35,15
2022-01-17,2740,25028,593166,23.5,24.0,23.5,24.0,0.8,18
2022-01-18,2740,37568,911162,24.0,24.6,24.0,24.6,0.6,12
2022-01-19,2740,29578,721100,24.2,24.5,24.2,24.2,-0.4,16
2022-01-20,2740,8400,200578,24.0,24.0,23.75,23.75,-0.45,7
2022-01-21,2740,52303,1199169,23.5,23.5,22.8,22.8,-0.95,21
2022-01-24,2740,62009,1436207,23.0,23.5,23.0,23.5,0.7,26
2022-01-25,2740,50003,1175069,23.5,23.5,23.5,23.5,0.0,12
2022-01-26,2740,31714,819800,25.85,25.85,25.85,25.85,2.35,33
2022-02-07,2740,10803,306802,28.4,28.4,28.4,28.4,2.55,29
2022-02-08,2740,211023,6502588,31.2,31.2,30.0,30.25,1.85,103
2022-02-09,2740,65149,2119756,32.95,32.95,31.2,31.2,0.95,51
2022-02-10,2740,74035,2264104,32.0,32.0,29.0,29.0,-2.2,30
2022-02-11,2740,14685,430581,30.0,30.0,29.0,29.0,0.0,17
2022-02-14,2740,14,397,0.0,0.0,0.0,0.0,0.0,14
2022-02-15,2740,81020,2263495,28.9,28.9,27.5,27.5,-1.5,27
2022-02-16,2740,96024,2561320,27.5,27.5,25.5,25.5,-2.0,28
2022-02-17,2740,63132,1573486,26.05,26.05,24.5,24.5,-1.0,35
2022-02-18,2740,50409,1230029,24.5,25.0,24.1,24.1,-0.4,31
2022-02-21,2740,45172,1109130,24.5,24.6,24.5,24.6,0.5,32
2022-02-22,2740,198525,4863871,24.5,24.6,24.5,24.5,-0.1,132
2022-02-23,2740,51024,1257116,22.05,26.45,22.05,25.9,1.4,39
2022-02-24,2740,19242,509652,25.1,28.45,25.1,28.45,2.55,25
2022-02-25,2740,33085,942922,28.5,28.5,28.5,28.5,0.05,24
2022-03-01,2740,48145,1328617,28.5,28.5,27.1,27.1,-1.4,24
2022-03-02,2740,525,14235,0.0,0.0,0.0,0.0,0.0,10
2022-03-03,2740,40233,1005884,25.0,25.0,25.0,25.0,-2.1,20
2022-03-04,2740,76223,1861325,25.0,25.0,24.1,24.1,-0.9,35
2022-03-07,2740,80033,1880830,23.5,23.5,23.5,23.5,-0.6,42
2022-03-08,2740,30007,705171,23.5,23.5,23.5,23.5,0.0,11
2022-03-09,2740,5,125,0.0,0.0,0.0,0.0,0.0,5
2022-03-10,2740,3012,70800,23.5,23.5,23.5,23.5,0.0,13
2022-03-11,2740,86014,2021350,23.5,23.5,23.5,23.5,0.0,22
2022-03-14,2740,25020,587961,23.5,23.5,23.5,23.5,0.0,24
2022-03-15,2740,1379,32719,23.85,23.85,23.85,23.85,0.35,11
2022-03-16,2740,2015,47781,23.55,23.85,23.55,23.85,0.0,17
2022-03-17,2740,2015,48179,23.9,23.9,23.9,23.9,0.05,16
2022-03-18,2740,7,182,0.0,0.0,0.0,0.0,0.0,7
2022-03-21,2740,519,12190,0.0,0.0,0.0,0.0,0.0,19
2022-03-22,2740,9606,225944,24.0,24.0,23.5,23.5,-0.4,10
2022-03-23,2740,35015,822875,23.5,23.5,23.5,23.5,0.0,26
2022-03-24,2740,0,0,0.0,0.0,0.0,0.0,0.0,0
2022-03-25,2740,0,0,0.0,0.0,0.0,0.0,0.0,0
2022-03-28,2740,0,0,0.0,0.0,0.0,0.0,0.0,0
2022-03-29,2740,1207,28470,23.6,23.6,23.6,23.6,0.0,19
2022-03-30,2740,1,25,0.0,0.0,0.0,0.0,0.0,1
2022-03-31,2740,3,69,0.0,0.0,0.0,0.0,0.0,3
2022-04-01,2740,1045,24858,23.8,23.8,23.8,23.8,0.2,18
2022-04-06,2740,1008,24706,24.5,24.5,24.5,24.5,0.7,9
2022-04-07,2740,8,185,0.0,0.0,0.0,0.0,0.0,6
2022-04-08,2740,2007,51276,25.55,25.55,25.55,25.55,0.75,3
2022-04-11,2740,1,25,0.0,0.0,0.0,0.0,0.0,1
2022-04-12,2740,0,0,0.0,0.0,0.0,0.0,0.0,0
2022-04-13,2740,3,84,0.0,0.0,0.0,0.0,0.0,3
2022-04-14,2740,0,0,0.0,0.0,0.0,0.0,0.0,0
2022-04-15,2740,1000,26000,26.0,26.0,26.0,26.0,0.3,1
2022-04-18,2740,0,0,0.0,0.0,0.0,0.0,0.0,0
2022-04-19,2740,90,2388,0.0,0.0,0.0,0.0,0.0,2
2022-04-20,2740,0,0,0.0,0.0,0.0,0.0,0.0,0
2022-04-21,2740,3000,80100,27.5,27.5,26.1,26.1,-0.4,3
2022-04-22,2740,1000,25600,25.6,25.6,25.6,25.6,-0.5,1
2022-04-25,2740,1422,34627,24.9,24.9,24.9,24.9,-0.7,3
2022-04-26,2740,1039,28063,27.0,27.0,27.0,27.0,2.1,6
2022-04-27,2740,4000,102200,25.55,25.55,25.55,25.55,-1.45,2
2022-04-28,2740,1000,26000,26.0,26.0,26.0,26.0,0.45,1
2022-04-29,2740,0,0,0.0,0.0,0.0,0.0,0.0,0
2022-05-03,2740,1,28,0.0,0.0,0.0,0.0,0.0,1
2022-05-04,2740,5569,146361,28.0,28.0,26.0,26.0,0.0,8
2022-05-05,2740,668,16214,0.0,0.0,0.0,0.0,0.0,3
2022-05-06,2740,1000,25800,25.8,25.8,25.8,25.8,-0.2,1
2022-05-09,2740,0,0,0.0,0.0,0.0,0.0,0.0,0
2022-05-10,2740,1,28,0.0,0.0,0.0,0.0,0.0,1
2022-05-11,2740,0,0,0.0,0.0,0.0,0.0,0.0,0
2022-05-12,2740,2003,51279,25.6,25.6,25.6,25.6,-0.2,5
2022-05-13,2740,0,0,0.0,0.0,0.0,0.0,0.0,0
2022-05-16,2740,4001,107823,27.1,27.1,26.5,26.5,0.5,4
2022-05-17,2740,1,26,0.0,0.0,0.0,0.0,0.0,1
2022-05-18,2740,0,0,0.0,0.0,0.0,0.0,0.0,0
2022-05-19,2740,3000,78500,26.2,26.2,26.1,26.1,-0.4,3
2022-05-20,2740,2002,52450,26.2,26.2,26.2,26.2,0.1,3
2022-05-23,2740,0,0,0.0,0.0,0.0,0.0,0.0,0
2022-05-24,2740,1098,30670,28.0,28.0,28.0,28.0,1.5,2
2022-05-25,2740,14463,428459,28.2,30.0,28.2,29.5,1.5,19
2022-05-26,2740,6001,170627,28.5,28.5,28.3,28.3,-1.2,5
2022-05-27,2740,2336,65651,28.3,28.3,28.1,28.1,-0.2,6
2022-05-30,2740,17002,480310,28.25,28.25,28.25,28.25,0.15,11
2022-05-31,2740,4000,112800,28.2,28.2,28.2,28.2,-0.05,2
2022-06-01,2740,1229,35280,28.8,28.8,28.8,28.8,0.6,2
2022-06-02,2740,1000,28800,28.8,28.8,28.8,28.8,0.0,1
2022-06-06,2740,0,0,0.0,0.0,0.0,0.0,0.0,0
2022-06-07,2740,102,2946,0.0,0.0,0.0,0.0,0.0,3
2022-06-08,2740,2004,61120,30.5,30.5,30.5,30.5,0.5,2
2022-06-09,2740,9000,274600,30.5,30.6,30.5,30.6,0.1,8
2022-06-10,2740,4,121,0.0,0.0,0.0,0.0,0.0,3
2022-06-13,2740,3000,91800,30.6,30.6,30.6,30.6,0.0,3
2022-06-14,2740,4001,122430,30.6,30.6,30.6,30.6,0.0,4
2022-06-15,2740,2006,61775,30.8,30.8,30.8,30.8,0.2,3
2022-06-16,2740,13620,418443,30.8,30.8,30.8,30.8,0.0,14
2022-06-17,2740,2000,60800,30.3,30.5,30.3,30.5,-0.3,2
2022-06-20,2740,1001,30529,30.5,30.5,30.5,30.5,0.0,2
2022-06-21,2740,66,2012,0.0,0.0,0.0,0.0,0.0,4
2022-06-22,2740,4001,122030,30.5,30.5,30.5,30.5,0.0,4
2022-06-23,2740,6100,185820,30.5,30.5,30.5,30.5,0.0,5
2022-06-24,2740,5679,170247,30.0,30.0,30.0,30.0,-0.5,9
2022-06-27,2740,7612,232239,30.5,30.8,30.5,30.8,0.8,8
2022-06-28,2740,117,3462,0.0,0.0,0.0,0.0,0.0,6
2022-06-29,2740,4,127,0.0,0.0,0.0,0.0,0.0,4
2022-06-30,2740,0,0,0.0,0.0,0.0,0.0,0.0,0
2022-07-01,2740,5017,153020,30.5,30.5,30.5,30.5,-0.3,9
2022-07-04,2740,3100,94445,30.5,30.5,30.5,30.5,0.0,3
2022-07-05,2740,83,2491,0.0,0.0,0.0,0.0,0.0,2
2022-07-06,2740,0,0,0.0,0.0,0.0,0.0,0.0,0
2022-07-07,2740,1090,33218,30.5,30.5,30.5,30.5,-0.05,2
2022-07-08,2740,9000,276000,30.55,30.7,30.55,30.7,0.2,6
2022-07-11,2740,4000,122800,30.7,30.7,30.7,30.7,0.0,2
2022-07-12,2740,0,0,0.0,0.0,0.0,0.0,0.0,0
2022-07-13,2740,96,2918,0.0,0.0,0.0,0.0,0.0,2
2022-07-14,2740,1,30,0.0,0.0,0.0,0.0,0.0,1
2022-07-15,2740,5147,160498,31.2,31.2,31.2,31.2,0.2,6
2022-07-18,2740,4525,141983,31.5,31.55,31.5,31.55,0.35,5
2022-07-19,2740,183,5755,0.0,0.0,0.0,0.0,0.0,3
2022-07-20,2740,51,1567,0.0,0.0,0.0,0.0,0.0,2
2022-07-21,2740,8060,263674,33.3,33.9,32.0,33.9,1.9,17
2022-07-22,2740,143,4680,0.0,0.0,0.0,0.0,0.0,6
2022-07-25,2740,3197,114976,36.0,36.0,36.0,36.0,0.5,14
2022-07-26,2740,14577,547650,37.8,37.8,37.5,37.5,1.5,17
2022-07-27,2740,4,145,0.0,0.0,0.0,0.0,0.0,3
2022-07-28,2740,11198,414822,35.8,37.5,35.8,37.5,0.0,17
2022-07-29,2740,57,2137,0.0,0.0,0.0,0.0,0.0,2
2022-08-01,2740,290,9787,0.0,0.0,0.0,0.0,0.0,1
2022-08-02,2740,14188,536483,37.8,37.85,37.8,37.85,0.05,17
2022-08-03,2740,5101,192877,37.85,37.9,37.85,37.9,0.05,7
2022-08-04,2740,2,73,0.0,0.0,0.0,0.0,0.0,2
2022-08-05,2740,234,8742,0.0,0.0,0.0,0.0,0.0,4
2022-08-08,2740,1003,37017,36.9,36.9,36.9,36.9,-4.0,3
2022-08-09,2740,2003,73910,36.9,36.9,36.9,36.9,0.0,2
2022-08-10,2740,0,0,0.0,0.0,0.0,0.0,0.0,0
2022-08-11,2740,358,13421,0.0,0.0,0.0,0.0,0.0,7
2022-08-12,2740,1165,47918,41.65,41.65,41.65,41.65,3.75,4
2022-08-15,2740,1754,65993,37.55,37.55,37.55,37.55,-4.1,6
2022-08-16,2740,6528,259369,38.8,40.0,38.8,40.0,2.45,12
2022-08-17,2740,6329,254403,40.1,41.5,40.1,41.5,1.5,27
2022-08-18,2740,20480,849568,43.1,43.1,41.2,41.5,0.0,29
2022-08-19,2740,4022,165911,41.5,41.5,41.0,41.5,0.0,9
2022-08-22,2740,43,1782,0.0,0.0,0.0,0.0,0.0,10
2022-08-23,2740,1001,41041,41.0,41.0,41.0,41.0,-0.4,2
2022-08-24,2740,0,0,0.0,0.0,0.0,0.0,0.0,0
2022-08-25,2740,3590,139723,39.2,39.2,39.0,39.0,-2.0,12
2022-08-26,2740,2017,79556,40.0,40.0,38.9,38.9,-0.1,7
2022-08-29,2740,2001,76738,38.9,38.9,37.8,37.8,-1.1,3
2022-08-30,2740,7219,271648,37.8,37.8,37.5,37.5,-0.3,15
2022-08-31,2740,1000,37500,37.5,37.5,37.5,37.5,0.0,1
2022-09-01,2740,1000,37100,37.1,37.1,37.1,37.1,-0.4,1
2022-09-02,2740,1001,36987,36.95,36.95,36.95,36.95,-0.15,2
2022-09-05,2740,7586,279885,37.0,38.0,36.5,36.5,-0.45,13
2022-09-06,2740,3000,109500,36.5,36.5,36.5,36.5,0.0,2
2022-09-07,2740,82175,3256871,38.0,40.15,38.0,40.15,3.65,49
2022-09-08,2740,63834,2818265,44.15,44.15,44.15,44.15,4.0,60
2022-09-12,2740,77378,3711140,46.0,48.55,46.0,48.55,4.4,74
2022-09-13,2740,85428,4149369,48.85,48.9,47.6,47.6,-0.95,85
2022-09-14,2740,6072,288002,47.15,49.2,46.8,49.2,1.6,12
2022-09-15,2740,18202,859748,49.2,49.2,47.0,47.0,-2.2,26
2022-09-16,2740,8497,404409,47.1,48.0,47.1,48.0,1.0,18
2022-09-19,2740,15522,752266,48.0,48.5,48.0,48.5,0.5,68
2022-09-20,2740,12320,601051,48.6,49.2,48.55,49.2,0.7,14
2022-09-21,2740,5870,282740,47.6,48.5,47.5,48.5,-0.7,13
2022-09-22,2740,9149,449340,48.9,49.45,48.9,49.45,0.95,14
2022-09-23,2740,5214,260434,49.8,51.2,49.5,51.2,1.75,18
2022-09-26,2740,33866,1732513,53.0,53.0,50.2,51.9,0.7,55
2022-09-27,2740,24980,1327167,51.9,53.6,51.9,53.6,1.7,50
2022-09-28,2740,22738,1167215,53.6,53.6,50.8,50.8,-2.8,34
2022-09-29,2740,4549,237916,52.0,52.8,51.8,52.8,2.0,10
2022-09-30,2740,2,114,0.0,0.0,0.0,0.0,0.0,2
2022-10-03,2740,4083,215996,52.8,53.0,52.8,53.0,0.2,9
2022-10-04,2740,16062,868795,54.0,54.9,53.0,53.7,0.7,17
2022-10-05,2740,5691,295075,51.5,52.0,51.5,52.0,-1.7,15
2022-10-06,2740,37813,1928482,50.3,52.0,49.55,52.0,0.0,49
2022-10-07,2740,15052,779170,51.8,51.8,51.5,51.8,-0.2,14
2022-10-11,2740,11052,549369,50.0,50.0,49.3,49.3,-2.5,11
2022-10-12,2740,10112,492041,48.0,49.5,48.0,49.0,-0.3,10
2022-10-13,2740,16851,813171,48.5,48.5,47.7,48.5,-0.5,31
2022-10-14,2740,10021,481079,48.0,48.1,48.0,48.0,-0.5,12
2022-10-17,2740,3,143,0.0,0.0,0.0,0.0,0.0,3
2022-10-18,2740,13006,611281,47.0,47.0,47.0,47.0,-1.0,10
2022-10-19,2740,5003,240145,48.0,48.0,48.0,48.0,1.0,5
2022-10-20,2740,20,960,0.0,0.0,0.0,0.0,0.0,5
2022-10-21,2740,153,7135,0.0,0.0,0.0,0.0,0.0,4
2022-10-24,2740,2,92,0.0,0.0,0.0,0.0,0.0,2
2022-10-25,2740,1046,49138,47.05,47.05,47.05,47.05,-0.95,4
2022-10-26,2740,523,23538,0.0,0.0,0.0,0.0,0.0,3
2022-10-27,2740,1,49,0.0,0.0,0.0,0.0,0.0,1
2022-10-28,2740,3046,141459,47.05,47.05,46.0,46.0,-1.05,6
2022-10-31,2740,0,0,0.0,0.0,0.0,0.0,0.0,0
2022-11-01,2740,1079,49734,46.1,46.1,46.1,46.1,0.05,2
2022-11-02,2740,2,94,0.0,0.0,0.0,0.0,0.0,2
2022-11-03,2740,102,4697,0.0,0.0,0.0,0.0,0.0,5
2022-11-04,2740,7002,341906,48.8,49.0,48.8,49.0,0.2,7
2022-11-07,2740,1011,50557,50.0,50.0,50.0,50.0,1.0,3
2022-11-08,2740,4101,205044,50.0,50.0,50.0,50.0,0.0,6
2022-11-09,2740,14100,719800,50.8,52.3,50.0,50.0,0.0,14
2022-11-10,2740,0,0,0.0,0.0,0.0,0.0,0.0,0
2022-11-11,2740,0,0,0.0,0.0,0.0,0.0,0.0,0
2022-11-14,2740,3,157,0.0,0.0,0.0,0.0,0.0,3
2022-11-15,2740,107,5668,0.0,0.0,0.0,0.0,0.0,19
2022-11-16,2740,0,0,0.0,0.0,0.0,0.0,0.0,0
2022-11-17,2740,1021,55537,54.4,54.4,54.4,54.4,1.9,3
2022-11-18,2740,4860,246240,51.1,51.1,50.3,50.3,-4.1,9
2022-11-21,2740,3532,180227,52.0,52.0,49.6,52.0,1.7,8
2022-11-22,2740,2002,100102,50.0,50.0,50.0,50.0,-2.0,3
2022-11-23,2740,5,250,0.0,0.0,0.0,0.0,0.0,5
2022-11-24,2740,4004,200200,50.0,50.0,50.0,50.0,0.0,7
2022-11-25,2740,223,11216,0.0,0.0,0.0,0.0,0.0,3
2022-11-28,2740,21,1050,0.0,0.0,0.0,0.0,0.0,11
2022-11-29,2740,5000,247750,49.55,49.55,49.55,49.55,-0.45,5
2022-11-30,2740,3106,151572,48.95,48.95,48.5,48.5,-1.05,6
2022-12-01,2740,4509,234709,52.8,52.8,52.0,52.0,3.5,9
2022-12-02,2740,1,51,0.0,0.0,0.0,0.0,0.0,1
2022-12-05,2740,2048,102644,49.8,50.5,49.8,50.5,-1.0,5
2022-12-06,2740,101,5080,0.0,0.0,0.0,0.0,0.0,2
2022-12-07,2740,2097,105379,49.9,50.6,49.9,50.6,0.1,3
2022-12-08,2740,10000,499400,50.4,50.5,49.25,49.25,-1.35,9
2022-12-09,2740,8010,405014,49.3,51.0,49.3,51.0,1.75,9
2022-12-12,2740,3002,149802,50.0,50.0,49.7,49.7,-1.3,5
2022-12-13,2740,8006,395203,49.5,49.9,49.0,49.0,-0.7,8
2022-12-14,2740,1010,51010,50.5,50.5,50.5,50.5,1.5,3
2022-12-15,2740,6102,307215,50.5,50.5,49.7,50.5,0.0,10
2022-12-16,2740,4304,214917,50.0,50.0,49.8,49.8,-0.7,10
2022-12-19,2740,1,49,0.0,0.0,0.0,0.0,0.0,1
2022-12-20,2740,4006,198097,49.5,49.5,49.4,49.4,-0.4,9
2022-12-21,2740,1465,76080,52.8,52.8,52.8,52.8,3.4,9
2022-12-22,2740,10274,508122,49.5,49.5,49.4,49.4,-3.4,14
2022-12-23,2740,0,0,0.0,0.0,0.0,0.0,0.0,0
2022-12-26,2740,0,0,0.0,0.0,0.0,0.0,0.0,0
2022-12-27,2740,4,205,0.0,0.0,0.0,0.0,0.0,4
2022-12-28,2740,1,49,0.0,0.0,0.0,0.0,0.0,1
2022-12-29,2740,293,14162,0.0,0.0,0.0,0.0,0.0,7
2022-12-30,2740,12,555,0.0,0.0,0.0,0.0,0.0,3
2023-01-03,2740,3041,142910,47.0,47.0,47.0,47.0,-2.4,8
2023-01-04,2740,6135,300494,47.2,50.0,47.2,50.0,3.0,12
2023-01-05,2740,9,438,0.0,0.0,0.0,0.0,0.0,9
2023-01-06,2740,6,294,0.0,0.0,0.0,0.0,0.0,6
2023-01-09,2740,1102,54077,49.0,49.0,49.0,49.0,-1.0,5
2023-01-10,2740,0,0,0.0,0.0,0.0,0.0,0.0,0
2023-01-11,2740,3,159,0.0,0.0,0.0,0.0,0.0,3
2023-01-12,2740,1012,50553,49.95,49.95,49.95,49.95,0.95,4
2023-01-13,2740,1634,81383,50.0,50.0,50.0,50.0,0.05,3
2023-01-16,2740,5,265,0.0,0.0,0.0,0.0,0.0,5
2023-01-17,2740,6,300,0.0,0.0,0.0,0.0,0.0,6
2023-01-30,2740,12,605,0.0,0.0,0.0,0.0,0.0,10
2023-01-31,2740,107,4843,0.0,0.0,0.0,0.0,0.0,8
2023-02-01,2740,3,156,0.0,0.0,0.0,0.0,0.0,3
2023-02-02,2740,1,45,0.0,0.0,0.0,0.0,0.0,1
2023-02-03,2740,2,106,0.0,0.0,0.0,0.0,0.0,2
2023-02-06,2740,3,155,0.0,0.0,0.0,0.0,0.0,3
2023-02-07,2740,1,52,0.0,0.0,0.0,0.0,0.0,1
2023-02-08,2740,13,659,0.0,0.0,0.0,0.0,0.0,13
2023-02-09,2740,24,1138,0.0,0.0,0.0,0.0,0.0,9
2023-02-10,2740,246,11070,0.0,0.0,0.0,0.0,0.0,7
2023-02-13,2740,4074,187117,46.45,46.45,45.25,45.55,-4.45,18
2023-02-14,2740,1012,46139,45.55,45.55,45.55,45.55,0.0,13
2023-02-15,2740,3009,142041,46.8,48.0,46.8,48.0,2.45,12
2023-02-16,2740,3,156,0.0,0.0,0.0,0.0,0.0,3
2023-02-17,2740,5,252,0.0,0.0,0.0,0.0,0.0,5
2023-02-20,2740,11,565,0.0,0.0,0.0,0.0,0.0,11
2023-02-21,2740,1361,63271,46.35,46.35,46.35,46.35,-1.65,13
2023-02-22,2740,4,196,0.0,0.0,0.0,0.0,0.0,2
2023-02-23,2740,6,292,0.0,0.0,0.0,0.0,0.0,6
2023-02-24,2740,4009,188435,47.0,47.0,47.0,47.0,0.0,12
2023-03-01,2740,5,241,0.0,0.0,0.0,0.0,0.0,5
2023-03-02,2740,5028,242965,47.0,49.5,46.2,49.45,2.45,22
2023-03-03,2740,212,10385,0.0,0.0,0.0,0.0,0.0,9
2023-03-06,2740,2,98,0.0,0.0,0.0,0.0,0.0,2
2023-03-07,2740,1012,49090,48.5,48.5,48.5,48.5,0.5,10
2023-03-08,2740,38,1875,0.0,0.0,0.0,0.0,0.0,14
2023-03-09,2740,1012,49102,48.5,48.5,48.5,48.5,-0.3,9
2023-03-10,2740,108,4915,0.0,0.0,0.0,0.0,0.0,9
2023-03-13,2740,15,741,0.0,0.0,0.0,0.0,0.0,5
2023-03-14,2740,5053,233024,46.0,46.5,45.95,45.95,-2.55,9
2023-03-15,2740,9,446,0.0,0.0,0.0,0.0,0.0,9
2023-03-16,2740,12,597,0.0,0.0,0.0,0.0,0.0,11
2023-03-17,2740,32,1580,0.0,0.0,0.0,0.0,0.0,14
2023-03-20,2740,13,665,0.0,0.0,0.0,0.0,0.0,12
2023-03-21,2740,7,355,0.0,0.0,0.0,0.0,0.0,7
2023-03-22,2740,215,10338,0.0,0.0,0.0,0.0,0.0,6
2023-03-23,2740,20,910,0.0,0.0,0.0,0.0,0.0,10
2023-03-24,2740,3212,152176,47.0,48.0,47.0,48.0,0.0,7
2023-03-27,2740,6,304,0.0,0.0,0.0,0.0,0.0,6
2023-03-28,2740,6204,288592,46.6,46.6,46.5,46.5,-1.5,12
2023-03-29,2740,1004,46575,46.4,46.4,46.4,46.4,-0.1,5
2023-03-30,2740,2,94,0.0,0.0,0.0,0.0,0.0,2
2023-03-31,2740,3002,139191,46.3,46.4,46.3,46.4,0.0,5
2023-04-06,2740,2045,97988,47.95,47.95,47.95,47.95,1.55,3
2023-04-07,2740,3603,172282,47.95,47.95,47.95,47.95,0.0,9
2023-04-10,2740,4007,194840,48.5,49.0,48.5,48.5,0.55,10
2023-04-11,2740,1003,48644,48.5,48.5,48.5,48.5,0.0,4
2023-04-12,2740,4,200,0.0,0.0,0.0,0.0,0.0,4
2023-04-13,2740,0,0,0.0,0.0,0.0,0.0,0.0,0
2023-04-14,2740,1,49,0.0,0.0,0.0,0.0,0.0,1
2023-04-17,2740,5010,233388,45.9,46.8,45.9,46.6,-2.2,14
2023-04-18,2740,3174,147443,46.7,46.7,46.2,46.2,-0.4,5
2023-04-19,2740,6155,285330,46.2,47.0,46.2,46.3,0.1,9
2023-04-20,2740,4384,201101,46.0,46.0,46.0,46.0,-0.3,11
2023-04-21,2740,1125,51733,46.0,46.0,46.0,46.0,0.0,8
2023-04-24,2740,4012,184752,43.6,48.0,43.6,48.0,2.0,8
2023-04-25,2740,1141,52641,46.0,46.0,46.0,46.0,-2.0,8
2023-04-26,2740,0,0,0.0,0.0,0.0,0.0,0.0,0
2023-04-27,2740,2006,92276,46.0,46.0,46.0,46.0,0.0,4
2023-04-28,2740,146,6716,0.0,0.0,0.0,0.0,0.0,2
2023-05-02,2740,10004,460180,46.0,46.0,46.0,46.0,0.0,14
2023-05-03,2740,1104,49689,45.0,45.0,45.0,45.0,-1.0,4
2023-05-04,2740,145,6525,0.0,0.0,0.0,0.0,0.0,3
2023-05-05,2740,2002,93034,46.5,46.5,46.45,46.45,1.45,4
2023-05-08,2740,1100,50650,46.0,46.0,46.0,46.0,-0.45,2
2023-05-09,2740,1,50,0.0,0.0,0.0,0.0,0.0,1
2023-05-10,2740,1000,45850,45.85,45.85,45.85,45.85,-0.15,1
2023-05-11,2740,0,0,0.0,0.0,0.0,0.0,0.0,0
2023-05-12,2740,521,22246,0.0,0.0,0.0,0.0,0.0,2
2023-05-15,2740,6022,253318,42.1,42.1,42.0,42.1,-3.75,9
2023-05-16,2740,1,42,0.0,0.0,0.0,0.0,0.0,1
2023-05-17,2740,0,0,0.0,0.0,0.0,0.0,0.0,0
2023-05-18,2740,1,51,0.0,0.0,0.0,0.0,0.0,1
2023-05-19,2740,0,0,0.0,0.0,0.0,0.0,0.0,0
2023-05-22,2740,10575,459988,42.2,44.5,42.2,43.25,-2.75,13
2023-05-23,2740,3004,126566,42.0,42.55,41.85,42.55,-0.7,5
2023-05-24,2740,9000,379450,42.2,42.8,42.0,42.8,0.25,6
2023-05-25,2740,8023,337067,42.1,42.1,42.0,42.0,-0.8,14
2023-05-26,2740,4005,167898,42.0,42.0,41.8,41.8,-0.2,5
2023-05-29,2740,2,82,0.0,0.0,0.0,0.0,0.0,2
2023-05-30,2740,0,0,0.0,0.0,0.0,0.0,0.0,0
2023-05-31,2740,101,4338,0.0,0.0,0.0,0.0,0.0,2
2023-06-01,2740,10722,448442,42.0,42.0,41.6,41.75,-1.25,16
2023-06-02,2740,0,0,0.0,0.0,0.0,0.0,0.0,0
2023-06-05,2740,5614,233960,41.85,42.0,41.85,42.0,0.25,6
2023-06-06,2740,1,43,0.0,0.0,0.0,0.0,0.0,1
2023-06-07,2740,4,167,0.0,0.0,0.0,0.0,0.0,1
2023-06-08,2740,2004,84150,42.0,42.0,42.0,42.0,0.0,6
2023-06-09,2740,0,0,0.0,0.0,0.0,0.0,0.0,0
2023-06-12,2740,3,126,0.0,0.0,0.0,0.0,0.0,2
2023-06-13,2740,9,336,0.0,0.0,0.0,0.0,0.0,6
2023-06-14,2740,1,37,0.0,0.0,0.0,0.0,0.0,1
2023-06-15,2740,1000,42000,42.0,42.0,42.0,42.0,0.0,1
2023-06-16,2740,0,0,0.0,0.0,0.0,0.0,0.0,0
2023-06-19,2740,8068,334069,41.25,41.6,41.25,41.6,-3.9,11
2023-06-20,2740,4000,165300,40.65,42.4,40.65,42.4,0.8,4
2023-06-21,2740,0,0,0.0,0.0,0.0,0.0,0.0,0
2023-06-26,2740,3200,138553,43.5,43.5,43.05,43.05,0.85,7
2023-06-27,2740,45,1912,0.0,0.0,0.0,0.0,0.0,1
2023-06-28,2740,0,0,0.0,0.0,0.0,0.0,0.0,0
2023-06-29,2740,1,41,0.0,0.0,0.0,0.0,0.0,1
2023-06-30,2740,0,0,0.0,0.0,0.0,0.0,0.0,0
2023-07-03,2740,1000,42700,42.7,42.7,42.7,42.7,0.0,1
2023-07-04,2740,1000,40603,0.0,0.0,0.0,0.0,0.0,9
2023-07-05,2740,189,8032,0.0,0.0,0.0,0.0,0.0,1
2023-07-06,2740,0,0,0.0,0.0,0.0,0.0,0.0,0
2023-07-07,2740,12,548,0.0,0.0,0.0,0.0,0.0,3
2023-07-10,2740,561,21838,0.0,0.0,0.0,0.0,0.0,3
2023-07-11,2740,0,0,0.0,0.0,0.0,0.0,0.0,0
2023-07-12,2740,0,0,0.0,0.0,0.0,0.0,0.0,0
2023-07-13,2740,5523,215188,38.25,40.2,38.25,40.2,-1.3,11
2023-07-14,2740,7001,277993,39.8,39.8,39.55,39.55,-0.65,8
2023-07-17,2740,1002,39628,39.55,39.55,39.55,39.55,0.0,3
2023-07-18,2740,1001,39589,39.55,39.55,39.55,39.55,0.0,2
2023-07-19,2740,2,75,0.0,0.0,0.0,0.0,0.0,2
2023-07-20,2740,0,0,0.0,0.0,0.0,0.0,0.0,0
2023-07-21,2740,0,0,0.0,0.0,0.0,0.0,0.0,0
2023-07-24,2740,1001,38035,38.0,38.0,38.0,38.0,-1.55,2
2023-07-25,2740,3614,135983,38.0,38.0,37.05,38.0,0.0,6
2023-07-26,2740,5744,216079,37.1,38.5,37.05,38.5,0.5,11
2023-07-27,2740,2442,100213,41.4,41.4,41.0,41.0,2.5,4
2023-07-28,2740,0,0,0.0,0.0,0.0,0.0,0.0,0
2023-07-31,2740,291,11900,0.0,0.0,0.0,0.0,0.0,4
2023-08-01,2740,3,120,0.0,0.0,0.0,0.0,0.0,3
2023-08-02,2740,200,8169,0.0,0.0,0.0,0.0,0.0,3
2023-08-04,2740,202,8260,0.0,0.0,0.0,0.0,0.0,4
2023-08-07,2740,2000,74700,37.3,37.4,37.3,37.4,-3.6,2
2023-08-08,2740,0,0,0.0,0.0,0.0,0.0,0.0,0
2023-08-09,2740,3001,112637,37.6,37.6,37.4,37.4,-0.05,3
2023-08-10,2740,2001,74837,37.4,37.4,37.4,37.4,0.0,3
2023-08-11,2740,3523,132034,37.25,37.8,37.25,37.8,0.4,6
2023-08-14,2740,2002,74332,37.15,37.15,37.1,37.1,-0.7,4
2023-08-15,2740,457,17669,0.0,0.0,0.0,0.0,0.0,8
2023-08-16,2740,2,80,0.0,0.0,0.0,0.0,0.0,2
2023-08-17,2740,503,19365,0.0,0.0,0.0,0.0,0.0,2
2023-08-18,2740,4,163,0.0,0.0,0.0,0.0,0.0,4
2023-08-21,2740,2,81,0.0,0.0,0.0,0.0,0.0,2
2023-08-22,2740,65,2600,0.0,0.0,0.0,0.0,0.0,1
2023-08-23,2740,1200,44479,37.0,37.0,37.0,37.0,-3.0,3
2023-08-24,2740,1000,37100,37.1,37.1,37.1,37.1,0.1,1
2023-08-25,2740,1001,38039,38.0,38.0,38.0,38.0,0.9,2
2023-08-28,2740,0,0,0.0,0.0,0.0,0.0,0.0,0
2023-08-29,2740,1,35,0.0,0.0,0.0,0.0,0.0,1
2023-08-30,2740,38,1444,0.0,0.0,0.0,0.0,0.0,4
2023-08-31,2740,2,82,0.0,0.0,0.0,0.0,0.0,2
2023-09-01,2740,10,364,0.0,0.0,0.0,0.0,0.0,3
2023-09-04,2740,2004,77908,39.3,39.3,38.45,38.45,0.45,6
2023-09-05,2740,3,126,0.0,0.0,0.0,0.0,0.0,3
2023-09-06,2740,1,42,0.0,0.0,0.0,0.0,0.0,1
2023-09-07,2740,0,0,0.0,0.0,0.0,0.0,0.0,0
2023-09-08,2740,59,2365,0.0,0.0,0.0,0.0,0.0,10
2023-09-11,2740,5548,205034,38.1,38.1,36.1,36.1,-2.35,8
2023-09-12,2740,577,21046,0.0,0.0,0.0,0.0,0.0,6
2023-09-13,2740,381,14550,0.0,0.0,0.0,0.0,0.0,3
2023-09-14,2740,3,125,0.0,0.0,0.0,0.0,0.0,3
2023-09-15,2740,4,150,0.0,0.0,0.0,0.0,0.0,4
2023-09-18,2740,6,245,0.0,0.0,0.0,0.0,0.0,4
2023-09-19,2740,200,7550,0.0,0.0,0.0,0.0,0.0,3
2023-09-20,2740,0,0,0.0,0.0,0.0,0.0,0.0,0
2023-09-21,2740,2055,76837,36.75,38.0,36.75,38.0,-2.0,3
2023-09-22,2740,3000,113000,38.0,38.0,37.0,37.0,-1.0,3
2023-09-25,2740,2016,75035,37.25,37.25,37.2,37.2,0.2,4
2023-09-26,2740,2008,75920,37.2,38.4,37.2,38.4,1.2,5
2023-09-27,2740,1002,37584,37.5,37.5,37.5,37.5,-0.9,2
2023-09-28,2740,1003,38663,38.55,38.55,38.55,38.55,1.05,4
2023-10-02,2740,1637,61593,37.3,37.3,37.3,37.3,-1.25,6
2023-10-03,2740,2558,95596,37.5,37.5,37.45,37.45,0.15,4
2023-10-04,2740,100,3754,0.0,0.0,0.0,0.0,0.0,2
2023-10-05,2740,0,0,0.0,0.0,0.0,0.0,0.0,0
2023-10-06,2740,1000,37600,37.6,37.6,37.6,37.6,0.0,1
2023-10-11,2740,18000,720500,37.65,41.35,37.6,41.35,3.75,16
2023-10-12,2740,1002,41432,41.35,41.35,41.35,41.35,0.0,3
2023-10-13,2740,51,1961,0.0,0.0,0.0,0.0,0.0,3
2023-10-16,2740,0,0,0.0,0.0,0.0,0.0,0.0,0
2023-10-17,2740,1000,41350,41.35,41.35,41.35,41.35,0.0,1
2023-10-18,2740,5030,194236,38.15,40.95,37.8,40.95,-0.4,6
2023-10-19,2740,7001,264391,37.8,37.8,37.7,37.7,-3.25,8
2023-10-20,2740,200,7440,0.0,0.0,0.0,0.0,0.0,1
2023-10-23,2740,414,16601,0.0,0.0,0.0,0.0,0.0,2
2023-10-24,2740,2001,74244,37.1,37.1,37.1,37.1,-2.9,3
2023-10-25,2740,1002,37276,37.2,37.2,37.2,37.2,0.1,3
2023-10-26,2740,0,0,0.0,0.0,0.0,0.0,0.0,0
2023-10-27,2740,3004,116450,38.0,39.8,38.0,39.8,2.6,7
2023-10-30,2740,2,86,0.0,0.0,0.0,0.0,0.0,2
2023-10-31,2740,22,960,0.0,0.0,0.0,0.0,0.0,3
2023-11-01,2740,3,105,0.0,0.0,0.0,0.0,0.0,3
2023-11-02,2740,134,5050,0.0,0.0,0.0,0.0,0.0,6
2023-11-03,2740,1001,42441,42.4,42.4,42.4,42.4,1.4,2
2023-11-06,2740,1,46,0.0,0.0,0.0,0.0,0.0,1
2023-11-07,2740,0,0,0.0,0.0,0.0,0.0,0.0,0
2023-11-08,2740,102,3856,0.0,0.0,0.0,0.0,0.0,4
2023-11-09,2740,2,92,0.0,0.0,0.0,0.0,0.0,2
2023-11-10,2740,0,0,0.0,0.0,0.0,0.0,0.0,0
2023-11-13,2740,146,6042,0.0,0.0,0.0,0.0,0.0,3
2023-11-14,2740,1,41,0.0,0.0,0.0,0.0,0.0,1
2023-11-15,2740,1,41,0.0,0.0,0.0,0.0,0.0,1
2023-11-16,2740,0,0,0.0,0.0,0.0,0.0,0.0,0
2023-11-17,2740,561,20794,0.0,0.0,0.0,0.0,0.0,5
2023-11-20,2740,1020,39782,39.0,39.0,39.0,39.0,-1.9,5
2023-11-21,2740,0,0,0.0,0.0,0.0,0.0,0.0,0
2023-11-22,2740,3567,142413,39.05,41.3,39.05,41.3,2.3,8
2023-11-23,2740,3,119,0.0,0.0,0.0,0.0,0.0,3
2023-11-24,2740,1,41,0.0,0.0,0.0,0.0,0.0,1
2023-11-27,2740,1,41,0.0,0.0,0.0,0.0,0.0,1
2023-11-28,2740,1,40,0.0,0.0,0.0,0.0,0.0,1
2023-11-29,2740,1003,40666,40.55,40.55,40.55,40.55,0.05,4
2023-11-30,2740,1320,51996,39.05,39.05,39.05,39.05,-1.5,4
2023-12-01,2740,1000,40000,40.0,40.0,40.0,40.0,0.95,1
2023-12-04,2740,4,160,0.0,0.0,0.0,0.0,0.0,4
2023-12-05,2740,38377,1629714,40.0,44.0,40.0,44.0,4.0,32
2023-12-06,2740,16898,713984,44.0,44.0,41.15,41.2,-2.8,21
2023-12-07,2740,11181,449233,40.6,40.6,40.0,40.15,-1.05,14
2023-12-08,2740,11093,443750,40.15,40.15,39.9,40.0,-0.15,17
2023-12-11,2740,3022,119320,40.0,40.0,38.5,40.0,0.0,6
2023-12-12,2740,1,40,0.0,0.0,0.0,0.0,0.0,1
2023-12-13,2740,1522,60207,40.0,40.0,40.0,40.0,0.0,5
2023-12-14,2740,1,40,0.0,0.0,0.0,0.0,0.0,1
2023-12-15,2740,1050,40529,38.6,38.6,38.6,38.6,-1.4,3
2023-12-18,2740,2010,77636,38.65,38.65,38.6,38.6,0.0,3
2023-12-19,2740,2,80,0.0,0.0,0.0,0.0,0.0,2
2023-12-20,2740,626,24112,0.0,0.0,0.0,0.0,0.0,10
2023-12-21,2740,364,14050,0.0,0.0,0.0,0.0,0.0,2
2023-12-22,2740,8000,316500,39.0,40.0,39.0,40.0,1.4,7
2023-12-25,2740,10001,391139,38.6,39.3,38.6,39.3,-0.7,5
2023-12-26,2740,9000,354300,39.3,39.5,39.3,39.5,0.2,5
2023-12-27,2740,8366,324308,38.8,38.8,38.8,38.8,-0.7,6
2023-12-28,2740,7000,270150,38.5,38.65,38.5,38.65,-0.15,4
2023-12-29,2740,5002,199984,39.95,40.0,39.95,39.95,1.3,7
2024-01-02,2740,0,0,0.0,0.0,0.0,0.0,0.0,0
2024-01-03,2740,1,39,0.0,0.0,0.0,0.0,0.0,1
2024-01-04,2740,0,0,0.0,0.0,0.0,0.0,0.0,0
2024-01-05,2740,2524,98892,40.0,40.0,40.0,40.0,0.05,6
2024-01-08,2740,222,8487,0.0,0.0,0.0,0.0,0.0,10
2024-01-09,2740,2,80,0.0,0.0,0.0,0.0,0.0,2
2024-01-10,2740,1,36,0.0,0.0,0.0,0.0,0.0,1
2024-01-11,2740,1,39,0.0,0.0,0.0,0.0,0.0,1
2024-01-12,2740,1,36,0.0,0.0,0.0,0.0,0.0,1
2024-01-15,2740,0,0,0.0,0.0,0.0,0.0,0.0,0
2024-01-16,2740,0,0,0.0,0.0,0.0,0.0,0.0,0
2024-01-17,2740,9,383,0.0,0.0,0.0,0.0,0.0,9
2024-01-18,2740,4015,152945,38.1,38.1,38.0,38.0,-1.7,19
2024-01-19,2740,2009,76361,38.0,38.0,38.0,38.0,0.0,10
2024-01-22,2740,4008,148670,37.2,37.2,37.0,37.05,-0.95,12
2024-01-23,2740,4,158,0.0,0.0,0.0,0.0,0.0,4
2024-01-24,2740,22,902,0.0,0.0,0.0,0.0,0.0,22
2024-01-25,2740,45,1845,0.0,0.0,0.0,0.0,0.0,45
2024-01-26,2740,17,683,0.0,0.0,0.0,0.0,0.0,17
2024-01-29,2740,1017,38247,37.55,37.55,37.55,37.55,-0.05,18
2024-01-30,2740,6001,223585,37.5,37.9,36.9,37.9,0.35,7
2024-01-31,2740,8,322,0.0,0.0,0.0,0.0,0.0,8
2024-02-01,2740,35,1409,0.0,0.0,0.0,0.0,0.0,35
2024-02-02,2740,15011,585151,38.85,39.0,38.85,39.0,1.1,21
2024-02-05,2740,32,1280,0.0,0.0,0.0,0.0,0.0,32
2024-02-15,2740,1016,39672,39.0,39.0,39.0,39.0,0.0,17
2024-02-16,2740,14,588,0.0,0.0,0.0,0.0,0.0,14
2024-02-19,2740,1022,39918,39.0,39.0,39.0,39.0,0.0,23
2024-02-20,2740,23,969,0.0,0.0,0.0,0.0,0.0,14
2024-02-21,2740,24,1008,0.0,0.0,0.0,0.0,0.0,24
2024-02-22,2740,20,840,0.0,0.0,0.0,0.0,0.0,20
2024-02-23,2740,7028,263457,37.3,38.95,37.1,38.95,-0.05,35
2024-02-26,2740,4638,174979,37.7,37.9,37.25,37.25,-1.7,80
2024-02-27,2740,4025,149603,37.2,37.2,37.1,37.1,-0.15,25
2024-02-29,2740,22782,837921,37.1,39.5,35.95,35.95,-1.15,37
2024-03-01,2740,2631,92939,35.05,35.25,35.05,35.25,-0.7,24
2024-03-04,2740,2142,76763,36.0,36.0,35.65,35.65,0.4,36
2024-03-05,2740,1010,36380,36.0,36.0,36.0,36.0,0.35,11
2024-03-06,2740,3020,109762,36.5,36.5,36.0,36.0,0.0,23
2024-03-07,2740,1211,43564,36.0,36.0,36.0,36.0,0.0,23
2024-03-08,2740,1179,42458,36.0,36.0,36.0,36.0,0.0,12
2024-03-11,2740,136,5253,0.0,0.0,0.0,0.0,0.0,29
2024-03-12,2740,24,871,0.0,0.0,0.0,0.0,0.0,23
2024-03-13,2740,2031,73197,36.0,36.0,36.0,36.0,0.0,33
2024-03-14,2740,7549,267587,35.5,35.5,35.0,35.0,-1.0,56
2024-03-15,2740,2022,72493,36.0,36.0,35.7,35.7,0.7,24
2024-03-18,2740,2130,76441,35.5,36.0,35.5,36.0,0.3,108
2024-03-19,2740,1036,37389,36.0,36.0,36.0,36.0,0.0,36
2024-03-20,2740,1111,42805,38.5,38.5,38.5,38.5,2.5,89
2024-03-21,2740,3019,116495,39.9,39.9,36.8,36.8,-1.7,22
2024-03-22,2740,39,1499,0.0,0.0,0.0,0.0,0.0,26
2024-03-25,2740,1128,42022,37.1,37.1,37.1,37.1,0.0,28
2024-03-26,2740,2129,78782,37.0,37.0,37.0,37.0,-0.1,14
2024-03-27,2740,1022,37864,37.0,37.0,37.0,37.0,0.0,13
2024-03-28,2740,3,117,0.0,0.0,0.0,0.0,0.0,3
2024-03-29,2740,57,1909,0.0,0.0,0.0,0.0,0.0,57
2024-04-01,2740,37,1396,0.0,0.0,0.0,0.0,0.0,19
2024-04-02,2740,2004,77660,38.5,39.0,38.5,39.0,1.8,6
2024-04-03,2740,4141,152347,40.2,40.2,35.45,35.8,-3.2,9
2024-04-08,2740,1011,35729,35.3,35.3,35.3,35.3,-0.5,12
2024-04-09,2740,1,37,0.0,0.0,0.0,0.0,0.0,1
2024-04-10,2740,0,0,0.0,0.0,0.0,0.0,0.0,0
2024-04-11,2740,1046,36793,35.2,35.2,35.2,35.2,-2.5,4
2024-04-12,2740,45,1600,0.0,0.0,0.0,0.0,0.0,2
2024-04-15,2740,9,294,0.0,0.0,0.0,0.0,0.0,9
2024-04-16,2740,8002,288574,34.2,36.5,34.2,36.5,1.1,6
2024-04-17,2740,2010,74380,36.5,37.5,36.5,37.5,1.0,8
2024-04-18,2740,26,940,0.0,0.0,0.0,0.0,0.0,26
2024-04-19,2740,8342,323807,39.0,39.0,38.9,39.0,1.1,13
2024-04-22,2740,46334,1653176,35.1,37.8,35.1,35.7,-3.3,12
2024-04-23,2740,1046,37383,35.7,35.7,35.7,35.7,0.0,3
2024-04-24,2740,1,36,0.0,0.0,0.0,0.0,0.0,1
2024-04-25,2740,1002,36880,36.8,36.8,36.8,36.8,0.1,3
2024-04-26,2740,2303,87265,38.0,39.0,38.0,39.0,2.2,9
2024-04-29,2740,12812,506261,39.9,39.9,38.0,38.0,-1.0,28
2024-04-30,2740,3,106,0.0,0.0,0.0,0.0,0.0,3
2024-05-02,2740,3310,118470,35.8,35.8,35.8,35.8,-2.2,9
2024-05-03,2740,1478,53222,35.8,35.8,35.8,35.8,0.0,3
2024-05-06,2740,525,16940,0.0,0.0,0.0,0.0,0.0,6
2024-05-07,2740,266,9310,0.0,0.0,0.0,0.0,0.0,5
2024-05-08,2740,1001,36032,36.0,36.0,36.0,36.0,0.2,2
2024-05-09,2740,1184,42071,36.0,36.0,36.0,36.0,0.0,6
2024-05-10,2740,3,96,0.0,0.0,0.0,0.0,0.0,3
2024-05-13,2740,696,25056,0.0,0.0,0.0,0.0,0.0,6
2024-05-14,2740,0,0,0.0,0.0,0.0,0.0,0.0,0
2024-05-15,2740,2002,70421,35.3,35.3,35.05,35.05,-0.25,3
2024-05-16,2740,2039,71493,35.1,35.1,35.1,35.1,0.05,8
2024-05-17,2740,191,6726,0.0,0.0,0.0,0.0,0.0,5
2024-05-20,2740,1094,38734,35.5,35.5,35.5,35.5,0.4,5
2024-05-21,2740,4,144,0.0,0.0,0.0,0.0,0.0,4
2024-05-22,2740,4101,142209,34.8,34.8,34.65,34.65,-0.25,10
2024-05-23,2740,2001,69334,34.65,34.65,34.65,34.65,0.0,3
2024-05-24,2740,1,38,0.0,0.0,0.0,0.0,0.0,1
2024-05-27,2740,1,35,0.0,0.0,0.0,0.0,0.0,1
2024-05-28,2740,51,1773,0.0,0.0,0.0,0.0,0.0,2
2024-05-29,2740,1000,34150,34.15,34.15,34.15,34.15,0.05,1
2024-05-30,2740,3,111,0.0,0.0,0.0,0.0,0.0,3
2024-05-31,2740,1005,33970,33.8,33.8,33.8,33.8,-0.35,6
2024-06-03,2740,1013,35132,34.65,34.65,34.65,34.65,0.85,5
2024-06-04,2740,4,148,0.0,0.0,0.0,0.0,0.0,4
2024-06-05,2740,2080,72099,34.65,34.65,34.65,34.65,0.0,8
2024-06-06,2740,1001,34984,34.95,34.95,34.95,34.95,0.3,2
2024-06-07,2740,3057,103996,34.0,34.0,34.0,34.0,-0.95,6
2024-06-11,2740,1000,34000,34.0,34.0,34.0,34.0,0.0,1
2024-06-12,2740,2000,68000,34.0,34.0,34.0,34.0,0.0,2
2024-06-13,2740,9001,305287,33.8,36.85,32.75,36.85,2.85,9
2024-06-14,2740,18,658,0.0,0.0,0.0,0.0,0.0,3
2024-06-17,2740,4103,141889,34.5,34.6,34.5,34.5,-2.35,13
2024-06-18,2740,18,621,0.0,0.0,0.0,0.0,0.0,9
2024-06-19,2740,10,390,0.0,0.0,0.0,0.0,0.0,5
2024-06-20,2740,1,32,0.0,0.0,0.0,0.0,0.0,1
2024-06-21,2740,90,2942,0.0,0.0,0.0,0.0,0.0,2
2024-06-24,2740,2007,65870,32.85,32.85,32.8,32.8,-1.0,9
2024-06-25,2740,0,0,0.0,0.0,0.0,0.0,0.0,0
2024-06-26,2740,1104,37266,33.85,33.85,33.85,33.85,1.05,3
2024-06-27,2740,6001,196582,32.05,33.3,32.0,33.3,-0.55,7
2024-06-28,2740,5002,163418,33.25,33.3,32.25,32.25,-1.05,7
2024-07-01,2740,10002,323617,32.05,33.3,32.05,32.5,0.25,12
2024-07-02,2740,24011,734459,32.0,32.0,29.3,31.8,-0.7,27
2024-07-03,2740,0,0,0.0,0.0,0.0,0.0,0.0,0
2024-07-04,2740,2200,67100,30.05,31.05,30.05,31.05,-0.65,4
2024-07-05,2740,18893,568610,31.95,31.95,29.2,30.35,-0.7,52
2024-07-08,2740,6318,190150,30.1,30.35,30.0,30.0,-0.35,8
2024-07-09,2740,731,21975,0.0,0.0,0.0,0.0,0.0,5
2024-07-10,2740,96,2926,0.0,0.0,0.0,0.0,0.0,2
2024-07-11,2740,16848,476967,28.2,28.3,28.2,28.3,-1.7,18
2024-07-12,2740,14004,394162,28.0,28.3,28.0,28.3,0.0,15
2024-07-15,2740,1472,42244,28.3,28.3,28.3,28.3,0.0,3
2024-07-16,2740,1210,35533,29.8,29.8,29.8,29.8,1.5,6
2024-07-17,2740,3311,97597,29.8,29.8,28.6,28.6,-1.2,10
2024-07-18,2740,0,0,0.0,0.0,0.0,0.0,0.0,0
2024-07-19,2740,303,8004,0.0,0.0,0.0,0.0,0.0,4
2024-07-22,2740,1,31,0.0,0.0,0.0,0.0,0.0,1
2024-07-23,2740,0,0,0.0,0.0,0.0,0.0,0.0,0
2024-07-26,2740,0,0,0.0,0.0,0.0,0.0,0.0,0
2024-07-29,2740,1,31,0.0,0.0,0.0,0.0,0.0,1
2024-07-30,2740,232,6032,0.0,0.0,0.0,0.0,0.0,1
2024-07-31,2740,1000,28500,28.5,28.5,28.5,28.5,0.0,1
2024-08-01,2740,2409,65255,27.55,27.55,26.6,26.6,-1.9,12
2024-08-02,2740,6207,164138,26.6,26.6,26.05,26.05,-0.55,8
2024-08-05,2740,3436,81823,23.55,23.55,23.5,23.5,-2.55,14
2024-08-06,2740,2123,53572,24.6,25.8,24.6,25.8,2.3,11
2024-08-07,2740,74552,1923467,25.8,25.8,25.8,25.8,0.0,7
2024-08-08,2740,101,2603,0.0,0.0,0.0,0.0,0.0,2
2024-08-09,2740,626,17286,0.0,0.0,0.0,0.0,0.0,8
2024-08-12,2740,1137,31205,27.2,27.2,27.2,27.2,-2.8,13
2024-08-13,2740,2123,63443,0.0,0.0,0.0,0.0,0.0,13
2024-08-14,2740,884,26418,0.0,0.0,0.0,0.0,0.0,9
2024-08-15,2740,1095,32560,0.0,0.0,0.0,0.0,0.0,6
2024-08-16,2740,1917,57264,0.0,0.0,0.0,0.0,0.0,13
2024-08-19,2740,11008,305472,27.75,27.75,27.75,27.75,0.55,10
2024-08-20,2740,514,12927,0.0,0.0,0.0,0.0,0.0,1
2024-08-21,2740,1000,24000,24.0,24.0,24.0,24.0,-2.0,1
2024-08-22,2740,0,0,0.0,0.0,0.0,0.0,0.0,0
2024-08-23,2740,501,13822,0.0,0.0,0.0,0.0,0.0,2
2024-08-26,2740,10,276,0.0,0.0,0.0,0.0,0.0,1
2024-08-27,2740,2500,64199,25.2,25.2,25.2,25.2,0.1,4
2024-08-28,2740,9000,246850,26.95,27.7,26.1,26.1,0.9,9
2024-08-29,2740,0,0,0.0,0.0,0.0,0.0,0.0,0
2024-08-30,2740,150,3925,0.0,0.0,0.0,0.0,0.0,4
2024-09-02,2740,0,0,0.0,0.0,0.0,0.0,0.0,0
2024-09-03,2740,0,0,0.0,0.0,0.0,0.0,0.0,0
2024-09-04,2740,0,0,0.0,0.0,0.0,0.0,0.0,0
2024-09-05,2740,100,2659,0.0,0.0,0.0,0.0,0.0,2
2024-09-06,2740,13,375,0.0,0.0,0.0,0.0,0.0,1
2024-09-09,2740,1,26,0.0,0.0,0.0,0.0,0.0,1
2024-09-10,2740,2,57,0.0,0.0,0.0,0.0,0.0,2
2024-09-11,2740,191,5348,0.0,0.0,0.0,0.0,0.0,1
2024-09-12,2740,0,0,0.0,0.0,0.0,0.0,0.0,0
2024-09-13,2740,1005,28138,28.0,28.0,28.0,28.0,0.0,3
2024-09-16,2740,1145,31997,28.05,28.05,28.05,28.05,0.05,3
2024-09-18,2740,41712,1279804,30.0,30.85,30.0,30.0,1.95,43
2024-09-19,2740,40144,1201401,30.0,31.9,28.55,28.7,-1.3,22
2024-09-20,2740,11100,310549,28.05,29.5,27.6,29.5,0.8,13
2024-09-23,2740,5523,167735,30.4,30.9,30.4,30.45,0.95,8
2024-09-24,2740,7150,219000,30.6,30.85,30.55,30.55,0.1,11
2024-09-25,2740,6003,183399,30.55,30.55,30.55,30.55,0.0,6
2024-09-26,2740,8000,243450,30.5,30.55,29.7,29.7,-0.85,4
2024-09-27,2740,7001,207232,29.7,29.7,29.0,29.0,-0.7,5
2024-09-30,2740,2001,58028,29.0,29.0,29.0,29.0,0.0,3
2024-10-01,2740,0,0,0.0,0.0,0.0,0.0,0.0,0
2024-10-04,2740,2,54,0.0,0.0,0.0,0.0,0.0,2
2024-10-07,2740,1,28,0.0,0.0,0.0,0.0,0.0,1
2024-10-08,2740,5003,145079,29.0,29.0,29.0,29.0,0.0,3
2024-10-09,2740,0,0,0.0,0.0,0.0,0.0,0.0,0
2024-10-11,2740,6,171,0.0,0.0,0.0,0.0,0.0,4
2024-10-14,2740,0,0,0.0,0.0,0.0,0.0,0.0,0
2024-10-15,2740,2001,58031,29.0,29.0,29.0,29.0,0.0,3
2024-10-16,2740,101,2916,0.0,0.0,0.0,0.0,0.0,3
2024-10-17,2740,0,0,0.0,0.0,0.0,0.0,0.0,0
2024-10-18,2740,0,0,0.0,0.0,0.0,0.0,0.0,0
2024-10-21,2740,386,10267,0.0,0.0,0.0,0.0,0.0,1
2024-10-22,2740,523,13655,0.0,0.0,0.0,0.0,0.0,2
2024-10-23,2740,2,62,0.0,0.0,0.0,0.0,0.0,2
2024-10-24,2740,2000,58000,29.0,29.0,29.0,29.0,0.0,2
2024-10-25,2740,0,0,0.0,0.0,0.0,0.0,0.0,0
2024-10-28,2740,5,145,0.0,0.0,0.0,0.0,0.0,3
2024-10-29,2740,6000,174000,29.0,29.0,29.0,29.0,0.0,4
2024-10-30,2740,32,926,0.0,0.0,0.0,0.0,0.0,1
2024-11-01,2740,2,52,0.0,0.0,0.0,0.0,0.0,2
2024-11-04,2740,8,209,0.0,0.0,0.0,0.0,0.0,3
2024-11-05,2740,4,104,0.0,0.0,0.0,0.0,0.0,2
2024-11-06,2740,1,27,0.0,0.0,0.0,0.0,0.0,1
2024-11-07,2740,1007,29195,29.0,29.0,29.0,29.0,0.0,8
2024-11-08,2740,1,31,0.0,0.0,0.0,0.0,0.0,1
2024-11-11,2740,9001,236281,26.2,26.45,26.15,26.4,-2.6,10
2024-11-12,2740,3,86,0.0,0.0,0.0,0.0,0.0,1
2024-11-13,2740,1018,28470,27.95,27.95,27.95,27.95,1.55,5
2024-11-14,2740,17,429,0.0,0.0,0.0,0.0,0.0,3
2024-11-15,2740,16,400,0.0,0.0,0.0,0.0,0.0,16
2024-11-18,2740,61,1682,0.0,0.0,0.0,0.0,0.0,22
2024-11-19,2740,559,14417,0.0,0.0,0.0,0.0,0.0,33
2024-11-20,2740,43,1284,0.0,0.0,0.0,0.0,0.0,7
2024-11-21,2740,7098,195965,25.3,28.0,25.3,28.0,0.0,30
2024-11-22,2740,218,5729,0.0,0.0,0.0,0.0,0.0,14
2024-11-25,2740,327,9619,0.0,0.0,0.0,0.0,0.0,11
2024-11-26,2740,1273,32652,25.55,25.55,25.55,25.55,-2.35,19
2024-11-27,2740,343,8593,0.0,0.0,0.0,0.0,0.0,28
2024-11-28,2740,512,14514,0.0,0.0,0.0,0.0,0.0,2
2024-11-29,2740,11522,293010,25.5,25.5,25.5,25.5,-0.3,17
2024-12-02,2740,1020,28589,0.0,0.0,0.0,0.0,0.0,30
2024-12-03,2740,34,834,0.0,0.0,0.0,0.0,0.0,29
2024-12-04,2740,1004,23902,0.0,0.0,0.0,0.0,0.0,7
2024-12-05,2740,558,16999,0.0,0.0,0.0,0.0,0.0,10
2024-12-06,2740,3130,105755,33.85,33.85,33.85,33.85,2.95,37
2024-12-09,2740,11236,375441,37.0,37.0,30.55,30.55,-3.3,38
2024-12-10,2740,1554,44166,28.55,28.55,28.55,28.55,-2.0,37
2024-12-11,2740,5072,157114,0.0,0.0,0.0,0.0,0.0,21
2024-12-12,2740,5008,141719,0.0,0.0,0.0,0.0,0.0,22
2024-12-13,2740,14126,354717,25.0,25.0,23.4,23.5,-2.4,33
2024-12-16,2740,30196,724204,24.6,25.45,23.3,23.5,0.0,40
2024-12-17,2740,36278,816858,22.7,23.0,21.5,22.35,-1.15,63
2024-12-18,2740,12007,260346,20.45,22.3,20.45,22.2,-0.15,38
2024-12-19,2740,17007,384950,23.0,23.0,21.35,23.0,0.8,18
2024-12-20,2740,19013,454602,25.2,25.2,21.8,23.2,0.2,27
2024-12-23,2740,2204,55573,25.0,25.0,25.0,25.0,1.8,9
2024-12-24,2740,2655,71403,27.25,27.25,27.25,27.25,2.25,33
2024-12-25,2740,13144,340272,28.8,28.8,24.55,27.2,-0.05,27
2024-12-26,2740,9572,251657,26.6,26.6,24.55,25.4,-1.8,97
2024-12-27,2740,21259,493859,25.4,25.4,22.9,23.0,-2.4,61
2024-12-30,2740,83362,1736659,23.7,23.7,20.7,20.7,-2.3,131
2024-12-31,2740,65014,1218895,19.0,21.55,18.65,21.55,0.85,183
2025-01-13,2740,7848,294505,35.35,39.9,35.35,39.0,-0.2,33
2025-01-14,2740,6903,262220,39.0,39.45,36.15,38.95,-0.05,57
2025-01-15,2740,5505,206351,40.3,40.3,35.45,38.25,-0.7,45
2025-01-16,2740,7530,279172,38.85,38.85,34.7,37.95,-0.3,35
2025-01-17,2740,9310,335159,34.8,37.35,34.75,37.35,-0.6,61
2025-01-20,2740,16295,584872,38.4,40.6,33.9,34.5,-2.85,117
2025-01-21,2740,2924,101634,34.7,34.7,34.45,34.45,-0.05,44
2025-01-22,2740,1376,47232,34.4,34.4,34.4,34.4,-0.05,52
2025-02-03,2740,4665,158090,31.5,34.35,31.5,32.55,-1.85,24
2025-02-04,2740,2580,84211,31.8,32.5,31.8,32.5,-0.05,20
2025-02-05,2740,4303,139115,30.25,32.4,30.25,32.4,-0.1,35
2025-02-06,2740,2395,81961,33.4,33.4,33.4,33.4,1.0,27
2025-02-07,2740,3246,108122,32.45,33.75,32.45,33.75,0.35,42
2025-02-10,2740,3598,130115,33.8,33.8,33.8,33.8,0.05,40
2025-02-11,2740,67780,2145697,32.8,36.35,30.45,30.55,-3.25,114
2025-02-12,2740,4126,128037,30.95,31.45,30.9,31.45,0.9,23
2025-02-13,2740,14058,447880,31.3,33.85,30.65,31.9,0.45,39
2025-02-14,2740,45070,1465039,30.75,34.75,29.55,34.75,2.85,86
2025-02-17,2740,9538,342324,36.0,36.0,34.25,35.7,0.95,36
2025-02-18,2740,8137,275547,32.75,35.95,32.75,35.95,0.25,67
2025-02-19,2740,1068,38232,35.85,35.85,35.85,35.85,-0.1,67
2025-02-20,2740,10056,352360,34.35,35.75,34.35,35.5,-0.35,66
2025-02-21,2740,3215,110866,35.3,35.3,34.1,34.1,-1.4,36
2025-02-24,2740,16503,566728,33.1,35.9,33.05,34.05,-0.05,54
2025-02-25,2740,4242,148841,35.2,35.5,34.3,35.45,1.4,40
2025-02-26,2740,2045,76093,36.65,37.8,36.65,37.8,2.35,41
2025-02-27,2740,11271,400514,37.45,37.65,34.15,34.6,-3.2,27
2025-03-03,2740,9066,322838,35.8,37.1,33.75,37.1,2.5,56
2025-03-04,2740,11396,427062,37.05,40.0,34.65,39.9,2.8,31
2025-03-05,2740,3442,133834,37.8,39.4,37.8,39.4,-0.5,18
2025-03-06,2740,5964,225517,37.3,42.35,36.0,42.35,2.95,15
2025-03-07,2740,12394,498736,42.3,42.3,38.15,41.75,-0.6,24
2025-03-10,2740,4070,158671,41.7,41.7,37.65,37.65,-4.1,27
2025-03-11,2740,11686,456241,38.95,41.2,35.2,39.4,1.75,32
2025-03-12,2740,11832,461664,40.75,41.95,37.15,39.65,0.25,25
2025-03-13,2740,6674,255428,39.45,39.45,37.1,38.35,-1.3,18
2025-03-14,2740,2013,75886,37.45,37.9,37.45,37.9,-0.45,15
2025-03-17,2740,5020,184314,35.35,38.2,35.35,35.85,-2.05,25
2025-03-18,2740,19021,671439,34.05,37.9,33.95,36.95,1.1,40
2025-03-19,2740,1024,37805,36.9,36.9,36.9,36.9,-0.05,10
2025-03-20,2740,1009,37209,36.85,36.85,36.85,36.85,-0.05,10
2025-03-21,2740,1023,37665,36.8,36.8,36.8,36.8,-0.05,14
2025-03-24,2740,1003,38064,37.95,37.95,37.95,37.95,1.15,4
2025-03-25,2740,10215,366205,37.85,37.85,34.25,36.8,-1.15,24
2025-03-26,2740,1017,37414,36.75,36.75,36.75,36.75,-0.05,18
2025-03-27,2740,7090,252112,37.45,37.45,33.5,35.95,-0.8,20
2025-03-28,2740,2190,78223,35.8,35.8,35.75,35.75,-0.2,11
2025-03-31,2740,26440,862564,36.95,36.95,32.2,33.3,-2.45,45
2025-04-01,2740,51106,1551426,30.05,34.65,30.0,34.6,1.3,56
2025-04-02,2740,11086,352631,33.6,33.6,31.15,31.2,-3.4,17
2025-04-07,2740,11235,318863,31.15,31.15,28.1,28.15,-3.05,20
2025-04-08,2740,16202,441110,28.95,29.9,25.4,27.45,-0.7,20
2025-04-09,2740,7215,201073,28.4,29.85,24.8,24.8,-2.65,15
2025-04-10,2740,2455,66696,27.15,27.15,27.15,27.15,2.35,8
2025-04-11,2740,1000,28100,28.1,28.1,28.1,28.1,0.95,1
2025-04-14,2740,14210,382501,28.95,29.95,25.55,26.25,-1.85,23
2025-04-15,2740,9112,239987,27.15,27.6,25.65,26.0,-0.25,36
2025-04-16,2740,1055,28321,26.9,26.9,26.9,26.9,0.9,8
2025-04-17,2740,1014,28161,27.8,27.8,27.8,27.8,0.9,6
2025-04-18,2740,1022,29324,28.75,28.75,28.75,28.75,0.95,5
2025-04-21,2740,9548,259109,29.7,29.7,26.05,26.5,-2.25,25
2025-04-22,2740,17241,438292,27.25,27.25,24.35,25.55,-0.95,19
2025-04-23,2740,11009,291366,26.4,27.7,25.0,25.95,0.4,12
2025-04-24,2740,10015,252025,26.65,26.65,24.3,25.65,-0.3,11
2025-04-25,2740,12001,315776,25.9,27.75,25.65,25.65,0.0,13
2025-04-28,2740,3100,83715,26.8,27.65,26.7,26.7,1.05,4
2025-04-29,2740,8300,234450,27.6,29.05,27.6,29.05,2.35,9
2025-04-30,2740,3139,91354,30.0,30.0,28.3,29.25,0.2,9
2025-05-02,2740,7052,206861,30.2,30.2,28.15,30.0,0.75,15
2025-05-05,2740,3000,95600,31.05,32.55,31.05,32.55,2.55,3
2025-05-06,2740,14474,445289,32.2,34.3,29.3,30.9,-1.65,28
2025-05-07,2740,24179,689370,30.7,30.7,27.85,28.9,-2.0,28
2025-05-08,2740,7001,198631,28.35,28.75,27.75,28.6,-0.3,8
2025-05-09,2740,1040,30037,28.9,28.9,28.9,28.9,0.3,3
2025-05-12,2740,8079,236541,28.9,29.85,28.9,29.85,0.95,10
2025-05-13,2740,13052,396496,30.85,31.9,29.5,29.9,0.05,15
2025-05-14,2740,1000,30500,30.5,30.5,30.5,30.5,0.6,1
2025-05-15,2740,1421017,43767293,30.8,30.8,30.8,30.8,0.3,21
2025-05-16,2740,6020,185886,30.25,31.55,30.25,31.5,0.7,7
2025-05-19,2740,6280,203694,32.7,33.65,31.5,32.6,1.1,11
2025-05-20,2740,7750,259224,31.45,34.8,31.45,34.8,2.2,11
2025-05-21,2740,8892,299826,33.6,35.65,32.15,35.65,0.85,23
2025-05-22,2740,2183,78256,35.55,36.1,35.55,36.1,0.45,4
2025-05-23,2740,5225,178415,33.05,35.7,33.05,35.7,-0.4,17
2025-05-26,2740,2057,73695,35.65,36.1,35.65,36.1,0.4,6
2025-05-27,2740,2003,73255,36.45,36.7,36.45,36.7,0.6,3
2025-05-28,2740,7145,255375,36.35,36.45,35.0,36.35,-0.35,11
2025-05-29,2740,2000,72400,35.95,36.45,35.95,36.45,0.1,2
2025-06-02,2740,5000,174450,34.75,35.55,33.85,35.45,-1.0,5
2025-06-03,2740,9002,316667,35.45,35.7,33.85,35.4,-0.05,11
2025-06-04,2740,1000,35700,35.7,35.7,35.7,35.7,0.3,1
2025-06-05,2740,3000,104650,35.95,35.95,33.85,34.85,-0.85,3
2025-06-06,2740,3099,108500,35.75,35.75,34.5,34.8,-0.05,4
2025-06-09,2740,1300,46000,35.5,35.5,35.5,35.5,0.7,3
2025-06-10,2740,6001,208485,35.75,35.75,33.6,34.95,-0.55,7
2025-06-11,2740,4002,140118,35.15,35.7,34.05,35.7,0.75,6
2025-06-12,2740,2002,70376,35.6,35.6,34.7,34.7,-1.0,4
2025-06-13,2740,3005,103968,35.1,35.1,33.9,34.8,0.1,6
2025-06-16,2740,7001,241637,35.75,35.75,33.15,33.85,-0.95,8
2025-06-17,2740,1002,35014,34.95,34.95,34.95,34.95,1.1,3
2025-06-18,2740,1002,35667,35.6,35.6,35.6,35.6,0.65,3
2025-06-19,2740,5000,171350,35.5,35.5,33.05,33.95,-1.65,5
2025-06-20,2740,1000,34350,34.35,34.35,34.35,34.35,0.4,1
2025-06-23,2740,1151,40039,34.85,34.85,34.85,34.85,0.5,3
2025-06-24,2740,7456,248542,34.95,34.95,32.0,33.7,-1.15,8
2025-06-25,2740,5450,182522,33.35,34.45,32.5,34.1,0.4,10
2025-06-26,2740,6001,199932,32.5,34.35,32.45,33.45,-0.65,7
2025-06-27,2740,6001,199982,34.1,34.1,32.35,32.6,-0.85,7
2025-06-30,2740,1592,53376,33.7,33.7,33.7,33.7,1.1,12
2025-07-01,2740,2000,66150,33.55,33.55,32.6,32.6,-1.1,2
2025-07-02,2740,2001,67734,33.6,34.1,33.6,34.1,1.5,3
2025-07-03,2740,1862,62008,33.95,33.95,33.95,33.95,-0.15,2
2025-07-04,2740,1000,33800,33.8,33.8,33.8,33.8,-0.15,1
2025-07-07,2740,1001,33833,33.8,33.8,33.8,33.8,0.0,2
2025-07-08,2740,1574,51938,33.8,33.8,33.8,33.8,0.0,3
2025-07-09,2740,1000,33800,33.8,33.8,33.8,33.8,0.0,1
2025-07-10,2740,4202,142581,33.7,34.6,33.45,33.45,-0.35,8
2025-07-11,2740,1000,33400,33.4,33.4,33.4,33.4,-0.05,1
2025-07-14,2740,4288,144927,32.45,34.9,32.45,34.9,1.5,7
2025-07-15,2740,5056,170480,34.75,34.75,32.7,33.85,-1.05,11
2025-07-16,2740,3000,98650,33.3,33.3,32.2,33.15,-0.7,3
2025-07-17,2740,2000,65600,33.1,33.1,32.5,32.5,-0.65,2
2025-07-18,2740,2000,66050,32.5,33.55,32.5,33.55,1.05,2
2025-07-21,2740,6325,202428,33.75,33.75,31.0,31.8,-1.75,11
2025-07-22,2740,5062,161343,32.45,32.45,31.35,31.35,-0.45,6
2025-07-23,2740,1000,31800,31.8,31.8,31.8,31.8,0.45,1
2025-07-24,2740,4000,128600,30.8,33.7,30.8,33.7,1.9,4
2025-07-25,2740,4000,131150,33.55,33.55,31.55,33.4,-0.3,4
2025-07-28,2740,4000,130000,33.25,33.25,31.55,32.6,-0.8,4
2025-07-29,2740,1001,33183,33.15,33.15,33.15,33.15,0.55,2
2025-07-30,2740,1000,33150,33.15,33.15,33.15,33.15,0.0,1
2025-07-31,2740,4000,129650,33.2,33.2,30.65,32.9,-0.25,4
2025-08-01,2740,1000,32850,32.85,32.85,32.85,32.85,-0.05,1
2025-08-04,2740,24028,738344,32.8,32.8,30.0,31.85,-1.0,24
2025-08-05,2740,10390,308783,29.4,30.95,29.4,30.9,-0.95,16
2025-08-06,2740,1000,31450,31.45,31.45,31.45,31.45,0.55,1
2025-08-07,2740,10099,304779,30.05,30.5,30.0,30.5,-0.95,11
2025-08-08,2740,1000,30950,30.95,30.95,30.95,30.95,0.45,1
2025-08-11,2740,1001,30931,30.9,30.9,30.9,30.9,-0.05,2
2025-08-12,2740,12000,352950,29.2,30.5,29.1,29.95,-0.95,11
2025-08-13,2740,1030,30697,29.8,29.8,29.8,29.8,-0.15,2
2025-08-14,2740,6497,189649,29.45,29.9,29.0,29.75,-0.05,11
2025-08-15,2740,14000,417050,31.35,32.35,29.05,29.2,-0.55,12
2025-08-18,2740,20101,587440,29.6,31.6,27.65,31.55,2.35,21
2025-08-19,2740,20217,620396,31.55,33.85,28.6,29.45,-2.1,28
2025-08-20,2740,16682,467655,28.1,29.1,27.5,28.0,-1.45,38
2025-08-21,2740,2000,57450,28.5,28.95,28.5,28.95,0.95,2
2025-08-22,2740,12292,352784,28.2,28.8,28.2,28.8,-0.15,12
2025-08-25,2740,11005,311593,27.8,28.95,27.8,28.75,-0.05,12
2025-08-26,2740,13111,362266,27.6,28.45,26.95,27.85,-0.9,16
2025-08-27,2740,7040,193362,27.5,27.8,26.95,27.8,-0.05,4
2025-08-28,2740,22000,586650,27.8,28.3,26.0,27.3,-0.5,16
2025-08-29,2740,15547,405784,27.25,27.25,25.8,25.95,-1.35,15
2025-09-01,2740,8116,205604,25.9,25.9,25.0,25.8,-0.15,6
2025-09-02,2740,13001,326778,25.2,25.75,25.0,25.75,-0.05,6
2025-09-03,2740,7683,192911,25.7,25.7,24.8,24.85,-0.9,12
2025-09-04,2740,13401,335410,24.25,26.5,24.25,24.8,-0.05,15
2025-09-05,2740,92755,2526528,26.8,27.25,26.8,27.25,2.45,58
2025-09-08,2740,98982,2443628,25.6,25.65,24.55,24.65,-2.6,92
2025-09-09,2740,23080,558899,24.65,24.7,23.95,24.5,-0.15,27
2025-09-10,2740,28179,694711,24.5,25.4,24.2,24.45,-0.05,33
2025-09-11,2740,51000,1228600,24.5,24.95,23.8,24.0,-0.45,27
2025-09-12,2740,13001,308926,24.2,24.35,23.2,23.85,-0.15,13
2025-09-15,2740,25671,608643,23.95,24.75,23.5,23.8,-0.05,36
2025-09-16,2740,21123,497500,23.8,24.6,23.4,23.75,-0.05,28
2025-09-17,2740,3007,70982,23.4,23.7,23.4,23.7,-0.05,10
2025-09-18,2740,19012,437959,23.35,23.45,22.15,23.45,-0.25,28
2025-09-19,2740,1025,23925,23.3,23.3,23.3,23.3,-0.15,26
2025-09-22,2740,10412,255092,23.6,25.2,23.6,24.6,1.3,40
2025-09-23,2740,7261,183229,24.95,25.7,24.95,25.2,0.6,15
2025-09-24,2740,12002,289004,25.05,25.05,23.65,24.45,-0.75,13
2025-09-25,2740,7002,173400,24.45,25.65,24.3,24.55,0.1,9
2025-09-26,2740,1003,24624,24.55,24.55,24.55,24.55,0.0,4
2025-09-30,2740,4015,96826,25.05,25.05,23.8,23.8,-0.75,8
2025-10-01,2740,10082,242555,24.6,24.6,23.55,24.1,0.3,14
2025-10-02,2740,20612,477802,24.05,24.1,22.7,22.95,-1.15,30
2025-10-03,2740,1530,36308,23.75,23.75,23.75,23.75,0.8,6
2025-10-07,2740,4015,95301,24.25,24.25,23.0,23.9,0.15,6
2025-10-08,2740,27001,619976,23.85,23.85,22.5,22.8,-1.1,26
2025-10-09,2740,23730,537181,22.7,22.8,22.6,22.8,0.0,23
2025-10-13,2740,9315,211095,22.15,23.0,22.0,23.0,0.2,13
2025-10-14,2740,9301,214491,23.7,23.7,22.8,23.1,0.1,12
2025-10-15,2740,5002,114897,23.4,23.4,22.75,22.75,-0.35,7
2025-10-16,2740,13000,299300,23.25,23.25,22.85,22.85,0.1,5
2025-10-17,2740,1541,35943,23.5,23.5,23.5,23.5,0.65,4
2025-10-20,2740,37104,834050,23.65,23.65,22.2,22.3,-1.2,53
2025-10-21,2740,9000,200000,22.65,22.65,21.95,22.45,0.15,9
2025-10-22,2740,4549,101008,22.3,22.55,21.65,22.4,-0.05,8
2025-10-23,2740,16742,369070,22.1,22.3,22.0,22.3,-0.1,14
2025-10-27,2740,16808,365966,22.45,22.45,21.35,21.6,-0.7,20
2025-10-28,2740,7835,165670,21.15,21.3,20.6,21.3,-0.3,19
2025-10-29,2740,4000,85800,21.9,21.9,21.1,21.7,0.4,4
2025-10-30,2740,10571,224446,21.7,21.7,20.95,21.3,-0.4,15
2025-10-31,2740,8004,170584,21.25,21.95,21.0,21.95,0.65,10
2025-11-03,2740,13629,288923,21.9,21.9,21.0,21.1,-0.85,20
2025-11-04,2740,18084,365107,20.5,20.75,19.95,20.7,-0.4,21
2025-11-05,2740,3100,62390,19.95,20.4,19.95,20.4,-0.3,5
2025-11-06,2740,17009,362298,20.35,21.75,20.35,21.75,1.35,26
2025-11-07,2740,3007,64615,21.5,21.5,21.45,21.5,-0.25,6
2025-11-10,2740,6010,129886,21.0,22.45,21.0,22.45,0.95,7
2025-11-11,2740,7011,157371,22.4,22.65,22.2,22.65,0.2,8
2025-11-12,2740,81141,1996052,22.6,24.9,22.6,24.1,1.45,88
2025-11-13,2740,66172,1653950,24.0,26.5,23.5,24.35,0.25,69
2025-11-14,2740,37149,840693,24.15,24.95,21.95,22.6,-1.75,47
2025-11-17,2740,70000,1687653,23.2,24.85,23.2,24.3,1.7,51
2025-11-18,2740,44408,1028691,24.3,25.15,22.6,22.6,-1.7,56
2025-11-19,2740,28202,637256,23.45,23.45,21.95,22.9,0.3,29
2025-11-20,2740,12028,275856,22.75,23.4,22.65,22.7,-0.2,19
2025-11-21,2740,4013,92271,23.45,23.45,22.7,22.7,0.0,6
2025-11-24,2740,9001,201824,23.45,23.45,21.55,22.9,0.2,8
2025-11-25,2740,31240,665347,22.9,23.7,20.85,21.55,-1.35,39
2025-11-26,2740,32000,701000,21.5,22.55,21.05,22.3,0.75,30
2025-11-27,2740,1290,29270,22.95,22.95,22.95,22.95,0.65,6
2025-11-28,2740,23667,548483,22.95,24.65,22.5,22.5,-0.45,30
2025-12-01,2740,6203,144858,23.4,23.5,23.25,23.25,0.75,25
2025-12-02,2740,48803,1218890,23.5,25.55,23.45,24.7,1.45,67
2025-12-03,2740,53378,1408768,26.0,27.0,23.6,27.0,2.3,57
2025-12-04,2740,41256,1087959,27.8,28.0,24.85,27.5,0.5,58
2025-12-05,2740,61000,1560250,25.2,28.35,24.9,25.8,-1.7,43
2025-12-08,2740,39014,1009379,25.35,27.2,24.05,26.8,1.0,47
2025-12-09,2740,24240,651073,27.4,27.4,26.05,27.2,0.4,35
2025-12-10,2740,68345,1816497,27.2,27.25,26.1,27.2,0.0,64
2025-12-11,2740,22739,616951,27.1,27.4,26.8,27.35,0.15,24
2025-12-12,2740,66479,1964351,27.5,30.05,27.5,29.9,2.55,98
2025-12-15,2740,46424,1380352,28.85,30.6,28.25,28.25,-1.65,54
2025-12-16,2740,16763,488014,29.2,29.9,28.3,29.55,1.3,44
2025-12-17,2740,45358,1313805,30.5,30.5,28.5,29.45,-0.1,66
2025-12-18,2740,50571,1381152,29.95,29.95,26.55,27.35,-2.1,81
2025-12-19,2740,6109,170866,28.15,28.15,27.8,28.05,0.7,11
2025-12-22,2740,28320,820973,27.55,30.45,27.55,29.7,1.65,32
2025-12-23,2740,67237,1868847,29.55,29.6,26.75,28.85,-0.85,95
2025-12-24,2740,11220,323427,28.8,29.2,28.55,29.2,0.35,16
2025-12-26,2740,17066,476271,28.8,28.8,26.8,28.7,-0.5,40
2025-12-29,2740,7058,195614,27.1,28.15,27.1,27.85,-0.85,13
2025-12-30,2740,74262,1979440,27.85,27.85,26.3,26.95,-0.9,54
2025-12-31,2740,18034,500377,27.85,28.15,26.95,27.7,0.75,26
2026-01-02,2740,20010,559201,28.55,28.65,27.35,28.05,0.35,22
2026-01-05,2740,4004,112570,27.95,28.45,27.95,28.45,0.4,8
2026-01-06,2740,2109,58750,28.4,28.4,27.5,27.5,-0.95,13
2026-01-07,2740,7837,221197,27.9,29.0,27.9,29.0,1.5,20
2026-01-08,2740,50010,1422192,28.0,30.45,27.35,28.65,-0.35,55
2026-01-09,2740,3108,90682,29.2,29.2,29.15,29.2,0.55,13
2026-01-12,2740,14471,419928,28.65,30.0,28.65,29.0,-0.2,22
2026-01-13,2740,3121,88545,29.0,29.0,28.05,28.05,-0.95,22
2026-01-14,2740,20001,570028,28.05,29.85,27.9,28.9,0.85,20
2026-01-15,2740,22003,638085,28.85,29.75,28.75,28.9,0.0,17
2026-01-16,2740,2003,58487,29.2,29.2,29.2,29.2,0.3,4
2026-01-19,2740,18013,528280,29.15,30.0,29.0,29.4,0.2,26
2026-01-20,2740,43462,1319187,29.35,32.2,29.35,29.85,0.45,47
2026-01-21,2740,9533,277891,29.95,29.95,28.45,29.45,-0.4,26
2026-01-22,2740,68598,2114172,29.2,32.35,29.2,30.45,1.0,77
2026-01-23,2740,34053,1046391,30.45,31.5,29.4,31.4,0.95,29
2026-01-26,2740,132679,4420163,30.5,34.5,29.8,34.5,3.1,115
2026-01-27,2740,107165,3954599,34.35,37.95,34.0,37.95,3.45,120
2026-01-28,2740,129168,5312747,37.95,41.7,37.95,41.7,3.75,158
2026-01-29,2740,116133,4785526,40.0,44.45,38.0,40.0,-1.7,126
2026-01-30,2740,39919,1610070,39.3,42.25,37.8,40.45,0.45,215
2026-02-02,2740,34361,1366042,37.85,40.95,37.85,40.6,0.15,54
2026-02-03,2740,44089,1815743,40.95,42.95,39.15,42.6,2.0,71
2026-02-04,2740,20853,938351,46.3,46.4,43.0,45.25,2.65,49
2026-02-05,2740,34168,1565484,47.45,47.45,44.9,45.0,-0.25,42
2026-02-06,2740,17698,807437,44.6,46.5,44.0,45.95,0.95,94
2026-02-09,2740,23837,1056723,42.2,46.8,42.2,45.85,-0.1,41
2026-02-10,2740,20533,907102,46.65,46.65,42.65,44.7,-1.15,100
2026-02-11,2740,19855,835117,44.4,44.4,40.8,42.25,-2.45,43
2026-02-23,2740,20151,860979,42.15,44.4,39.3,43.15,0.9,33
2026-02-24,2740,11014,477153,44.7,44.7,40.35,43.1,-0.05,24
2026-02-25,2740,15130,649399,44.85,44.85,41.05,43.1,0.0,47
2026-02-26,2740,5165,223499,43.1,43.9,43.1,43.2,0.1,54
2026-03-02,2740,21237,868587,44.05,44.05,39.0,41.95,-1.25,45
2026-03-03,2740,16920,662886,38.65,41.3,38.5,41.3,-0.65,35
2026-03-04,2740,9230,353089,40.7,40.7,37.2,37.2,-4.1,23
2026-03-05,2740,15359,595433,38.5,39.6,37.95,39.3,2.1,41
2026-03-06,2740,2717,109003,40.65,40.95,40.65,40.95,1.65,21
2026-03-09,2740,8456,335216,40.95,40.95,37.05,39.9,-1.05,39
2026-03-10,2740,3161,128847,40.85,40.85,40.8,40.8,0.9,29
2026-03-11,2740,2022,84674,41.8,41.95,41.8,41.95,1.15,24
2026-03-12,2740,8019,327802,41.95,41.95,39.5,41.85,-0.1,27
2026-03-13,2740,9105,378802,40.0,44.75,40.0,41.75,-0.1,32
2026-03-16,2740,4020,170415,41.75,43.45,41.45,41.45,-0.3,24
2026-03-17,2740,8222,332632,42.85,42.85,38.7,39.95,-1.5,26
2026-03-18,2740,2366,95285,40.65,40.65,40.0,40.0,0.05,22
2026-03-19,2740,1009,40877,40.5,40.5,40.5,40.5,0.5,10
2026-03-20,2740,6343,261423,42.45,42.45,39.0,42.15,1.65,17
2026-03-23,2740,7345,306617,43.6,43.6,39.95,41.55,-0.6,38
2026-03-24,2740,4218,174598,42.5,42.5,40.0,40.0,-1.55,26
2026-03-25,2740,2221,92122,41.45,41.7,41.45,41.7,1.7,8
2026-03-26,2740,19400,788262,41.65,42.7,39.2,39.9,-1.8,28
2026-03-27,2740,20126,762404,39.95,39.95,37.0,39.3,-0.6,24
2026-03-30,2740,2511,95303,38.55,38.55,38.1,38.1,-1.2,13
2026-03-31,2740,2383,89428,37.95,37.95,37.5,37.5,-0.6,5
2026-04-01,2740,2179,82362,37.95,37.95,37.7,37.7,0.2,3
2026-04-02,2740,1001,38087,38.05,38.05,38.05,38.05,0.35,2
2026-04-07,2740,1202,45977,38.3,38.3,38.3,38.3,0.25,5
2026-04-08,2740,21002,781727,38.0,38.35,35.2,38.0,-0.3,22
2026-04-09,2740,74433,2720263,37.7,38.7,34.8,37.25,-0.75,68
2026-04-10,2740,10202,357322,35.9,35.9,34.0,35.55,-1.7,13
2026-04-13,2740,1277,45094,35.4,35.4,35.4,35.4,-0.15,24
2026-04-14,2740,1067,37678,35.4,35.4,35.4,35.4,0.0,11
2026-04-15,2740,4200,145760,35.35,35.35,33.8,34.65,-0.75,5
2026-04-16,2740,6001,211384,35.2,35.3,35.2,35.3,0.65,6
2026-04-17,2740,48647,1825939,35.3,38.8,35.2,38.5,3.2,52
2026-04-20,2740,5666,224365,37.35,41.8,37.35,41.25,2.75,27
2026-04-21,2740,11224,458054,42.3,43.2,37.9,38.0,-3.25,21
2026-04-22,2740,5001,193239,38.0,39.9,38.0,39.9,1.9,6
2026-04-23,2740,6549,260552,39.0,40.85,39.0,40.85,0.95,16
2026-04-24,2740,10651,447859,41.65,43.2,41.65,42.0,1.15,18
2026-04-27,2740,3299,143209,42.9,44.0,42.9,43.55,1.55,9
2026-04-28,2740,3000,129500,43.5,43.5,43.0,43.0,-0.55,3
2026-04-29,2740,15548,616791,41.95,41.95,38.7,39.45,-3.55,88
2026-04-30,2740,2322,96532,41.95,41.95,41.15,41.15,1.7,13
2026-05-04,2740,1616,64273,41.0,41.0,41.0,41.0,-0.15,7
2026-05-05,2740,2397,98006,41.0,42.15,41.0,42.15,1.15,8
2026-05-06,2740,8454,331967,40.95,40.95,37.95,39.4,-2.75,20
2026-05-07,2740,9811,393610,39.35,41.85,39.0,41.85,2.45,17
2026-05-08,2740,18103,695521,42.65,42.65,37.7,39.85,-2.0,43
2026-05-11,2740,7130,274182,40.45,40.45,38.0,38.9,-0.95,27
2026-05-12,2740,2887,107612,38.9,38.9,38.9,38.9,0.0,17
2026-05-13,2740,46300,1643756,38.85,38.85,35.05,37.95,-0.95,143
2026-05-14,2740,1302,48282,37.5,37.5,37.5,37.5,-0.45,6
2026-05-15,2740,7100,252234,37.9,37.9,33.9,37.2,-0.3,9
2026-05-18,2740,4101,149187,37.0,37.0,35.75,36.75,-0.45,7
2026-05-19,2740,5206,189686,37.9,38.15,33.95,36.7,-0.05,27
2026-05-20,2740,1651,58910,36.65,36.65,36.65,36.65,-0.05,8
2026-05-21,2740,4350,158064,36.65,36.65,36.45,36.45,-0.2,7
2026-05-22,2740,5001,180036,36.2,36.2,35.95,35.95,-0.5,6
2026-05-25,2740,6000,220700,36.95,37.75,35.9,35.9,-0.05,6
2026-05-26,2740,5000,181150,36.8,36.8,35.85,35.85,-0.05,5
2026-05-27,2740,15166,527910,36.45,36.45,33.3,35.7,-0.15,17
2026-05-28,2740,11280,380700,36.2,36.2,32.8,35.5,-0.2,14
2026-05-29,2740,3637,126914,35.45,35.85,34.95,34.95,-0.55,10
2026-06-01,2740,5388,181063,34.85,34.85,31.8,34.35,-0.6,9
2026-06-02,2740,5103,181143,34.75,36.4,34.75,36.4,2.05,12
2026-06-03,2740,13294,453208,37.5,37.5,33.0,33.0,-3.4,45
2026-06-04,2740,52543,1619007,34.0,34.0,29.75,30.0,-3.0,69
2026-06-05,2740,11137,317901,30.0,30.0,27.65,29.35,-0.65,15
2026-06-08,2740,20271,544721,26.45,28.45,26.45,26.95,-2.4,24
2026-06-09,2740,2706,74404,27.75,28.35,27.75,28.35,1.4,11
2026-06-10,2740,1036,29108,28.1,28.1,28.1,28.1,-0.25,3
2026-06-11,2740,5301,146650,27.95,27.95,27.35,27.8,-0.3,7
2026-06-12,2740,15651,437659,27.8,29.7,25.7,29.2,1.4,26
2026-06-15,2740,22927,627825,29.95,29.95,26.65,27.6,-1.6,25
2026-06-16,2740,28285,720653,27.4,27.4,24.85,25.6,-2.0,51
2026-06-17,2740,11144,282927,24.9,26.8,23.9,26.1,0.5,14
2026-06-18,2740,5144,138912,26.0,28.45,26.0,27.45,1.35,9
2026-06-22,2740,2150,60810,27.9,28.65,27.9,28.65,1.2,7
2026-06-23,2740,4303,123728,28.2,29.45,28.2,29.45,0.8,15
2026-06-24,2740,5244,153354,29.0,29.6,29.0,29.6,0.15,13
2026-06-25,2740,7664,228265,29.95,31.3,27.5,30.4,0.8,28
2026-06-26,2740,1021,31006,30.4,30.4,30.4,30.4,0.0,3
2026-06-29,2740,4572,141894,30.35,32.05,30.35,32.05,1.65,14
2026-06-30,2740,1118,35623,31.9,31.9,31.9,31.9,-0.15,5
2026-07-01,2740,6074,180879,31.3,31.3,28.75,30.25,-1.65,8
2026-07-02,2740,28237,843101,30.1,32.6,28.1,31.15,0.9,33
2026-07-03,2740,4047,119836,30.75,30.75,28.15,29.95,-1.2,7
2026-07-06,2740,4121,133732,31.75,32.85,31.75,32.4,2.45,12
2026-07-07,2740,11765,377057,31.4,32.95,31.25,32.45,0.05,28
2026-07-08,2740,2526,83278,32.8,33.2,32.8,33.2,0.75,9
2026-07-09,2740,1385,46995,34.1,34.1,34.1,34.1,0.9,8
2026-07-13,2740,1831,61008,34.1,34.1,34.1,34.1,0.0,14
2026-07-14,2740,1726,58453,34.1,34.1,34.1,34.1,0.0,5
2026-07-15,2740,3081,104725,34.1,34.35,34.1,34.35,0.25,13
2026-07-16,2740,2101,71677,34.3,34.3,34.3,34.3,-0.05,8
2026-07-17,2740,2003,67951,34.2,34.2,34.2,34.2,-0.1,8
2026-07-20,2740,1652,55993,34.15,34.15,34.15,34.15,-0.05,10
2026-07-21,2740,2057,69644,33.9,33.9,33.9,33.9,-0.25,8
2026-07-22,2740,1304,44004,33.85,33.85,33.85,33.85,-0.05,7
2026-07-23,2740,2144,72505,33.8,33.9,33.8,33.9,0.05,8
2026-07-24,2740,1117,37739,33.85,33.85,33.85,33.85,-0.05,7
2026-07-27,2740,1209,40722,33.75,33.75,33.75,33.75,-0.1,4
2026-07-28,2740,1203,40087,33.4,33.4,33.4,33.4,-0.35,6
2026-07-29,2740,1514,50235,33.4,33.4,33.4,33.4,0.0,6
2026-07-30,2740,2304,76142,33.0,33.25,33.0,33.25,-0.15,8
2026-07-31,2740,2101,69883,32.9,33.65,32.9,33.65,0.4,4
2026-08-03,2740,1101,37033,33.65,33.65,33.65,33.65,0.0,5
2026-08-04,2740,1103,36894,33.5,33.5,33.5,33.5,-0.15,5
2026-08-05,2740,8214,257617,32.95,33.35,30.2,33.0,-0.5,13
2026-08-06,2740,2928,93432,32.75,32.75,30.4,30.4,-2.6,14
2026-08-07,2740,1012,31291,30.9,30.9,30.9,30.9,0.5,6
2026-08-10,2740,1105,35018,31.7,31.7,31.7,31.7,0.8,8
2026-08-11,2740,1030,31751,30.85,30.85,30.85,30.85,-0.85,5
2026-08-12,2740,1442,44120,30.75,30.75,30.75,30.75,-0.1,4
2026-08-13,2740,5116,152773,30.75,30.75,28.45,30.25,-0.5,20
2026-08-14,2740,1105,33925,30.75,30.75,30.75,30.75,0.5,8
2026-08-17,2740,5053,147964,30.75,30.75,28.2,29.9,-0.85,10
2026-08-18,2740,5868,171764,29.9,30.15,27.3,30.15,0.25,10
2026-08-19,2740,1110,32958,29.7,29.7,29.7,29.7,-0.45,4
2026-08-20,2740,1555,45696,29.5,29.5,29.5,29.5,-0.2,11
2026-08-21,2740,2637,79964,29.95,30.6,29.95,30.6,1.1,7
2026-08-24,2740,3507,105832,30.6,30.6,30.6,30.6,0.0,13
2026-08-25,2740,6493,202582,30.45,31.55,30.45,31.55,0.95,14
2026-08-26,2740,1736,53942,31.4,31.4,31.4,31.4,-0.15,8
2026-08-27,2740,2528,77439,30.9,30.9,30.9,30.9,-0.5,7
2026-08-28,2740,2061,63250,30.5,30.9,30.5,30.9,0.0,5
2026-08-31,2740,2816,86167,30.5,30.95,30.5,30.95,0.05,26
2026-09-01,2740,1111,34221,30.85,30.85,30.85,30.85,-0.1,5
2026-09-02,2740,1411,43249,30.8,30.8,30.8,30.8,-0.05,8
2026-09-03,2740,4049,122974,30.7,30.7,30.6,30.6,-0.2,11
2026-09-04,2740,6691,206714,31.4,31.45,30.3,30.3,-0.3,13
2026-09-07,2740,7131,207646,30.25,30.25,28.0,30.25,-0.05,12
2026-09-08,2740,7012,209363,29.5,30.95,28.2,30.95,0.7,14
2026-09-09,2740,2339,72607,30.95,31.25,30.95,31.25,0.3,6
2026-09-10,2740,2209,69008,31.2,31.25,31.2,31.25,0.0,5
2026-09-11,2740,2305,71695,31.0,31.15,31.0,31.15,-0.1,5
2026-09-14,2740,6124,195876,31.6,32.15,31.6,32.15,1.0,12
2026-09-15,2740,2505,79250,32.1,32.1,32.1,32.1,-0.05,9
2026-09-16,2740,1388,43498,32.0,32.0,32.0,32.0,-0.1,8
2026-09-17,2740,1303,40888,31.8,31.8,31.8,31.8,-0.2,11
2026-09-18,2740,1111,34950,31.5,31.5,31.5,31.5,-0.3,7
2026-09-21,2740,1101,34238,31.15,31.15,31.15,31.15,-0.35,5
2026-09-22,2740,1619,49838,31.15,31.15,31.15,31.15,0.0,9
2026-09-23,2740,1354,41590,30.85,30.85,30.85,30.85,-0.3,6
2026-09-24,2740,2334,71032,30.25,30.7,30.25,30.7,-0.15,7
