date,stock_id,Trading_Volume,Trading_money,open,max,min,close,spread,Trading_turnover
2016-09-29,3167,178727,4641782,25.65,26.15,25.65,25.7,0.15,112
2016-09-30,3167,129130,3300897,25.6,25.85,25.4,25.5,-0.2,77
2016-10-03,3167,589100,15452310,25.7,26.5,25.7,25.9,0.4,309
2016-10-04,3167,97616,2532972,26.0,26.1,25.85,25.85,-0.05,64
2016-10-05,3167,198151,5082752,25.65,25.75,25.6,25.6,-0.25,114
2016-10-06,3167,110150,2842992,25.65,25.95,25.65,25.7,0.1,66
2016-10-07,3167,127189,3248339,25.65,25.7,25.45,25.5,-0.2,73
2016-10-11,3167,384000,9450150,25.5,25.5,24.3,24.4,-1.1,245
2016-10-12,3167,67675,1654669,24.4,24.65,24.3,24.55,0.15,47
2016-10-13,3167,77187,1879349,24.55,24.6,24.25,24.3,-0.25,64
2016-10-14,3167,182000,4373100,24.25,24.4,23.8,23.95,-0.35,126
2016-10-17,3167,58000,1379300,23.8,23.9,23.7,23.85,-0.1,36
2016-10-18,3167,55085,1324265,23.9,24.3,23.85,24.05,0.2,42
2016-10-19,3167,108000,2637100,24.2,24.7,24.2,24.25,0.2,63
2016-10-20,3167,44605,1084422,24.6,24.6,24.2,24.2,-0.05,38
2016-10-21,3167,137126,3285399,24.2,24.3,23.65,24.0,-0.2,92
2016-10-24,3167,101000,2414650,24.0,24.15,23.85,23.85,-0.15,60
2016-10-25,3167,51300,1228550,23.9,24.2,23.85,23.95,0.1,35
2016-10-26,3167,44110,1056712,23.9,24.1,23.85,24.0,0.05,37
2016-10-27,3167,77730,1871120,24.3,24.3,23.95,24.0,0.0,56
2016-10-28,3167,44440,1061987,24.2,24.2,23.85,23.9,-0.1,34
2016-10-31,3167,77000,1819450,23.7,23.75,23.3,23.6,-0.3,49
2016-11-01,3167,87220,2059757,23.7,23.75,23.5,23.5,-0.1,50
2016-11-02,3167,220000,5082100,23.3,23.55,22.95,22.95,-0.55,133
2016-11-03,3167,126550,2898455,22.8,23.1,22.8,22.8,-0.15,73
2016-11-04,3167,83133,1909581,22.8,23.1,22.8,22.9,0.1,44
2016-11-07,3167,79310,1831437,22.9,23.2,22.9,23.15,0.25,48
2016-11-08,3167,58240,1349736,23.2,23.4,23.0,23.0,-0.15,43
2016-11-09,3167,630117,15070758,23.55,24.75,23.0,23.05,0.05,413
2016-11-10,3167,565169,14032233,23.7,25.35,23.55,25.35,2.3,321
2016-11-11,3167,1916160,51059640,26.5,27.15,26.2,26.5,1.15,1144
2016-11-14,3167,568000,14484400,26.4,26.5,24.7,25.6,-0.9,375
2016-11-15,3167,361660,9042762,25.55,25.55,24.75,25.0,-0.6,258
2016-11-16,3167,169310,4283392,25.0,25.6,25.0,25.45,0.45,124
2016-11-17,3167,283041,7290657,25.7,26.25,25.35,25.6,0.15,211
2016-11-18,3167,177091,4526947,25.8,25.95,25.35,25.45,-0.15,122
2016-11-21,3167,119775,3021897,25.45,25.45,25.15,25.15,-0.3,94
2016-11-22,3167,339600,8531150,25.3,25.5,24.7,24.75,-0.4,213
2016-11-23,3167,158100,3925965,24.8,25.2,24.7,24.75,0.0,98
2016-11-24,3167,139040,3424184,24.6,25.0,24.55,24.65,-0.1,94
2016-11-25,3167,369160,9366489,24.7,25.7,24.7,25.15,0.5,247
2016-11-28,3167,100110,2524860,25.2,25.3,25.1,25.3,0.15,67
2016-11-29,3167,62110,1565205,25.2,25.4,25.1,25.2,-0.1,44
2016-11-30,3167,171596,4391978,25.2,25.8,25.2,25.5,0.3,123
2016-12-01,3167,130000,3333700,25.55,25.95,25.4,25.6,0.1,84
2016-12-02,3167,134170,3399451,25.8,25.8,25.1,25.3,-0.3,86
2016-12-05,3167,87310,2200729,25.2,25.45,25.0,25.1,-0.2,70
2016-12-06,3167,110330,2764033,25.3,25.35,24.9,25.2,0.1,72
2016-12-07,3167,409250,10583699,25.25,26.25,25.25,25.6,0.4,251
2016-12-08,3167,142430,3668329,25.8,25.95,25.6,25.65,0.05,85
2016-12-09,3167,299231,7727571,25.7,26.3,25.45,25.6,-0.05,166
2016-12-12,3167,118055,3036363,26.15,26.15,25.5,25.7,0.1,74
2016-12-13,3167,135510,3509059,25.9,26.1,25.75,25.8,0.1,111
2016-12-14,3167,87010,2257109,25.9,26.0,25.85,25.9,0.1,67
2016-12-15,3167,743000,19841550,26.0,27.15,26.0,26.7,0.8,466
2016-12-16,3167,167510,4451409,26.7,26.9,26.3,26.3,-0.4,127
2016-12-19,3167,168000,4382250,26.4,26.4,25.95,26.0,-0.3,126
2016-12-20,3167,84922,2206056,26.25,26.3,25.8,25.95,-0.05,59
2016-12-21,3167,131000,3423000,25.95,26.3,25.95,26.05,0.1,75
2016-12-22,3167,176131,4621787,26.25,26.35,26.1,26.1,0.05,122
2016-12-23,3167,86620,2238870,26.15,26.15,25.7,25.75,-0.35,71
2016-12-26,3167,74000,1906700,25.75,25.8,25.7,25.8,0.05,39
2016-12-27,3167,31000,799900,25.75,25.9,25.75,25.85,0.05,22
2016-12-28,3167,77155,2003449,25.85,26.2,25.85,26.0,0.15,53
2016-12-29,3167,56760,1459328,25.8,25.8,25.6,25.65,-0.35,44
2016-12-30,3167,107154,2766947,25.95,26.1,25.7,25.7,0.05,61
2017-01-03,3167,112156,2912471,25.8,26.2,25.8,26.1,0.4,71
2017-01-04,3167,64474,1679720,26.1,26.2,25.9,26.1,0.0,40
2017-01-05,3167,116211,3047470,26.1,26.4,26.05,26.3,0.2,80
2017-01-06,3167,193513,5032925,26.35,26.35,25.7,26.0,-0.3,104
2017-01-09,3167,783527,22263969,27.5,28.6,27.5,28.6,2.6,399
2017-01-10,3167,2387875,68547058,28.7,29.2,28.1,28.1,-0.5,1322
2017-01-11,3167,468175,13166945,28.25,28.5,27.9,27.9,-0.2,270
2017-01-12,3167,270350,7487645,28.0,28.25,27.45,27.6,-0.3,181
2017-01-13,3167,276622,7535916,27.7,27.7,27.0,27.25,-0.35,189
2017-01-16,3167,266123,7165564,27.3,27.45,26.6,26.7,-0.55,166
2017-01-17,3167,617960,16985434,26.95,28.15,26.7,28.0,1.3,399
2017-01-18,3167,392017,11023726,28.0,28.3,27.95,28.15,0.15,231
2017-01-19,3167,1503577,43959616,28.6,29.8,28.4,29.0,0.85,891
2017-01-20,3167,385468,11197231,28.6,29.3,28.6,28.9,-0.1,240
2017-01-23,3167,384873,11244867,29.0,29.5,29.0,29.15,0.25,193
2017-01-24,3167,1102700,33123597,29.15,30.5,29.15,29.7,0.55,609
2017-02-02,3167,543960,16417441,30.3,30.5,29.7,30.25,0.55,305
2017-02-03,3167,692717,21266868,30.5,31.1,30.5,30.7,0.45,345
2017-02-06,3167,502605,15437017,30.9,31.45,30.2,30.2,-0.5,288
2017-02-07,3167,359156,10951077,30.15,30.95,29.9,30.65,0.45,223
2017-02-08,3167,234575,7204321,31.1,31.1,30.45,30.65,0.0,159
2017-02-09,3167,1277078,40667967,30.6,32.4,30.6,31.9,1.25,667
2017-02-10,3167,812506,25965638,32.3,32.75,31.3,31.5,-0.4,381
2017-02-13,3167,446907,14151037,31.5,32.2,31.4,31.5,0.0,232
2017-02-14,3167,401394,12776377,31.9,32.2,31.5,32.0,0.5,216
2017-02-15,3167,512796,16583960,32.2,32.65,32.0,32.0,0.0,303
2017-02-16,3167,747006,23584786,32.15,32.3,31.1,31.5,-0.5,308
2017-02-17,3167,221999,7053968,31.35,31.9,31.35,31.7,0.2,121
2017-02-18,3167,388389,12501248,31.8,32.45,31.8,32.05,0.35,202
2017-02-20,3167,343974,11057780,32.75,32.75,31.95,32.0,-0.05,169
2017-02-21,3167,416965,13296829,32.0,32.4,31.55,31.95,-0.05,177
2017-02-22,3167,355816,11352715,31.9,32.1,31.7,32.0,0.05,158
2017-02-23,3167,458333,14486436,32.0,32.0,31.4,31.65,-0.35,223
2017-02-24,3167,371830,11829326,31.55,32.2,31.2,32.15,0.5,186
2017-03-01,3167,304636,9828778,32.65,32.65,32.0,32.4,0.25,171
2017-03-02,3167,233005,7520109,32.85,32.85,31.35,32.4,0.0,143
2017-03-03,3167,151299,4845118,31.6,32.3,31.6,32.1,-0.3,81
2017-03-06,3167,131100,4184830,32.1,32.3,31.65,32.1,0.0,80
2017-03-07,3167,136620,4374053,31.9,32.3,31.9,32.0,-0.1,67
2017-03-08,3167,779256,25620219,32.1,33.3,32.05,32.85,0.85,416
2017-03-09,3167,366800,12040760,33.0,33.0,32.45,33.0,0.15,203
2017-03-10,3167,1196544,39954302,33.9,33.9,32.5,33.2,0.2,640
2017-03-13,3167,548975,18001683,33.65,33.65,32.45,32.8,-0.4,320
2017-03-14,3167,489353,16134927,33.0,33.45,32.6,33.15,0.35,250
2017-03-15,3167,414505,13741810,33.15,33.4,32.9,33.0,-0.15,177
2017-03-16,3167,218036,7183131,33.0,33.05,32.8,32.85,-0.15,120
2017-03-17,3167,301575,9940808,33.0,33.25,32.8,32.95,0.1,141
2017-03-20,3167,429999,14162417,33.4,33.4,32.65,32.8,-0.15,154
2017-03-21,3167,605779,20052351,33.2,33.6,32.7,32.9,0.1,271
2017-03-22,3167,349679,11447251,32.85,33.2,32.45,32.9,0.0,175
2017-03-23,3167,309899,10227817,32.95,33.25,32.65,32.95,0.05,155
2017-03-24,3167,3059475,107441099,33.25,36.2,32.9,34.9,1.95,1575
2017-03-27,3167,4909424,180505063,35.5,38.0,35.1,37.15,2.25,2934
2017-03-28,3167,2698186,94518474,36.9,37.15,33.45,34.0,-3.15,1472
2017-03-29,3167,815374,27503651,34.0,34.65,33.05,33.65,-0.35,484
2017-03-30,3167,740196,25448281,33.65,34.9,33.65,34.35,0.7,446
2017-03-31,3167,1285805,45552465,34.35,36.5,33.85,36.0,1.65,820
2017-04-05,3167,556709,19991140,36.4,36.5,35.5,35.9,-0.1,293
2017-04-06,3167,519999,18482365,36.1,36.15,35.1,35.1,-0.8,293
2017-04-07,3167,435310,15400274,35.1,36.0,34.7,35.6,0.5,306
2017-04-10,3167,1280625,47388650,36.0,38.4,35.45,38.2,2.6,718
2017-04-11,3167,1976565,70836247,38.1,38.1,34.45,34.6,-3.6,1129
2017-04-12,3167,932895,31331201,34.4,35.0,32.8,33.3,-1.3,514
2017-04-13,3167,674900,22677380,33.3,34.35,32.9,32.9,-0.4,351
2017-04-14,3167,788753,25412372,32.9,33.4,31.4,31.4,-1.5,398
2017-04-17,3167,319100,10118390,31.05,32.2,31.05,32.05,0.65,201
2017-04-18,3167,192811,6277168,32.3,32.85,32.3,32.85,0.8,122
2017-04-19,3167,205690,6621712,32.85,32.85,31.95,31.95,-0.9,135
2017-04-20,3167,117491,3785833,31.95,32.5,31.95,32.15,0.2,75
2017-04-21,3167,61310,1991450,32.7,32.7,32.3,32.3,0.15,43
2017-04-24,3167,257245,8188667,32.3,32.4,31.35,31.45,-0.85,150
2017-04-25,3167,117100,3742740,32.0,32.1,31.55,31.9,0.45,74
2017-04-26,3167,139100,4506970,32.1,32.8,32.1,32.65,0.75,100
2017-04-27,3167,183570,5918282,32.45,32.7,32.0,32.05,-0.6,109
2017-04-28,3167,249470,8071122,32.15,32.85,32.0,32.75,0.7,152
2017-05-02,3167,129903,4262978,32.75,32.95,32.5,32.7,-0.05,85
2017-05-03,3167,144167,4706669,32.7,33.0,32.45,32.5,-0.2,77
2017-05-04,3167,92020,2990800,32.75,32.75,32.4,32.5,0.0,33
2017-05-05,3167,260200,8304830,32.75,32.75,31.5,31.6,-0.9,144
2017-05-08,3167,288090,8954931,31.65,31.65,30.4,30.9,-0.7,161
2017-05-09,3167,644082,20583265,32.45,32.6,31.3,31.9,1.0,337
2017-05-10,3167,196020,6303094,32.2,32.55,31.85,32.3,0.4,118
2017-05-11,3167,165000,5345000,32.45,32.5,32.0,32.0,-0.3,118
2017-05-12,3167,714030,21847345,30.0,31.65,30.0,31.5,-0.5,343
2017-05-15,3167,103379,3238724,31.0,31.7,31.0,31.2,-0.3,73
2017-05-16,3167,180680,5566171,31.4,31.5,30.55,30.7,-0.5,115
2017-05-17,3167,128000,3938050,30.6,30.9,30.5,30.75,0.05,66
2017-05-18,3167,52500,1616375,30.5,30.95,30.5,30.85,0.1,43
2017-05-19,3167,70550,2167025,30.7,30.95,30.5,30.65,-0.2,44
2017-05-22,3167,79775,2437725,30.65,30.75,30.45,30.65,0.0,59
2017-05-23,3167,143000,4425200,31.2,31.2,30.8,30.8,0.15,67
2017-05-24,3167,69180,2148444,31.4,31.4,30.85,30.85,0.05,49
2017-05-25,3167,103075,3214382,31.9,31.9,30.9,31.3,0.45,69
2017-05-26,3167,62000,1940050,31.6,31.6,31.1,31.3,0.0,35
2017-05-31,3167,57210,1781591,31.15,31.4,31.0,31.15,-0.15,36
2017-06-01,3167,163300,5110580,30.95,31.6,30.95,31.1,-0.05,110
2017-06-02,3167,155250,4909300,31.1,32.0,31.1,31.8,0.7,96
2017-06-03,3167,601134,19640495,32.15,33.45,32.15,32.9,1.1,297
2017-06-05,3167,149055,4906054,33.3,33.4,32.7,33.0,0.1,95
2017-06-06,3167,165926,5416479,33.0,33.0,32.5,32.95,-0.05,90
2017-06-07,3167,170775,5613152,32.9,32.95,32.7,32.8,-0.15,88
2017-06-08,3167,388201,12981863,33.0,33.75,32.9,33.5,0.7,204
2017-06-09,3167,1121400,38055649,34.35,34.5,33.25,33.25,-0.25,498
2017-06-12,3167,207785,6788684,32.55,32.95,32.5,32.6,-0.65,116
2017-06-13,3167,80550,2621037,32.6,32.8,32.35,32.35,-0.25,60
2017-06-14,3167,246550,7807515,32.35,32.4,31.35,31.5,-0.85,132
2017-06-15,3167,144150,4525125,31.3,31.5,31.2,31.5,0.0,54
2017-06-16,3167,97300,3105654,31.45,32.15,31.45,31.85,0.35,58
2017-06-19,3167,128302,4097316,32.0,32.05,31.75,31.9,0.05,103
2017-06-20,3167,59030,1892613,32.3,32.35,31.9,31.9,0.0,44
2017-06-21,3167,79170,2534508,31.65,32.3,31.65,32.3,0.4,49
2017-06-22,3167,55000,1771950,32.4,32.4,32.05,32.1,-0.2,27
2017-06-23,3167,38615,1248391,32.5,32.5,32.15,32.3,0.2,25
2017-06-26,3167,65535,2112578,32.6,32.6,32.0,32.3,0.0,45
2017-06-27,3167,447250,14861400,32.6,33.7,32.6,33.25,0.95,249
2017-06-28,3167,196000,6461400,33.45,33.5,32.6,32.9,-0.35,87
2017-06-29,3167,78035,2563544,33.0,33.0,32.75,32.8,-0.1,46
2017-06-30,3167,134665,4377711,32.7,32.75,32.45,32.45,-0.35,60
2017-07-03,3167,65165,2120287,32.5,32.7,32.45,32.5,0.05,39
2017-07-04,3167,17310,562012,32.4,32.6,32.4,32.5,0.0,18
2017-07-05,3167,108040,3516646,32.6,32.75,32.45,32.65,0.15,58
2017-07-06,3167,178410,5907389,32.65,33.3,32.65,33.1,0.45,92
2017-07-07,3167,324614,10817126,33.1,33.5,33.05,33.5,0.4,129
2017-07-10,3167,1524187,56119385,36.75,36.85,36.5,36.85,3.35,463
2017-07-11,3167,4529825,165932622,37.5,37.55,35.4,36.95,0.1,2170
2017-07-12,3167,1905827,70099014,36.95,37.25,36.1,36.85,-0.1,749
2017-07-13,3167,6326319,245559933,36.9,39.9,36.6,39.05,2.2,3026
2017-07-14,3167,3322223,131418041,39.2,40.3,39.05,39.6,0.55,1816
2017-07-17,3167,2801600,108413129,39.75,40.05,38.0,38.75,-0.85,1483
2017-07-18,3167,1493749,58424056,38.8,39.5,38.4,39.4,0.65,825
2017-07-19,3167,1227441,53148180,43.3,43.3,43.3,43.3,3.9,549
2017-07-20,3167,1598590,76092872,47.6,47.6,47.6,47.6,4.3,664
2017-07-21,3167,7750848,360194808,46.0,47.55,45.6,46.4,-1.2,4074
2017-07-24,3167,5279490,248571734,47.5,48.05,46.0,46.5,0.1,3036
2017-07-25,3167,4964545,235645887,46.8,48.4,46.55,46.6,0.1,2889
2017-07-26,3167,2385709,110206082,47.0,47.15,45.55,45.7,-0.9,1437
2017-07-27,3167,4483296,210983751,46.15,48.1,45.6,46.5,0.8,2692
2017-07-28,3167,5122952,244087044,46.7,48.65,46.5,47.25,0.75,3053
2017-07-31,3167,1566145,73469368,47.15,47.6,46.3,47.0,-0.25,1029
2017-08-01,3167,4058770,194396590,47.3,48.8,47.1,47.1,0.1,2349
2017-08-02,3167,1507812,71167864,47.05,47.75,46.8,47.6,0.5,922
2017-08-03,3167,7016501,343041687,48.7,50.5,46.1,46.1,-1.5,3969
2017-08-04,3167,3219853,145976335,45.9,46.6,44.3,45.0,-1.1,1913
2017-08-07,3167,1223002,56028890,45.2,46.45,45.2,45.85,0.85,754
2017-08-08,3167,3381822,160343527,48.4,48.45,46.1,46.65,0.8,2006
2017-08-09,3167,1482952,68455394,46.65,47.1,45.6,46.0,-0.65,805
2017-08-10,3167,1420075,64232528,46.15,46.8,44.3,44.7,-1.3,794
2017-08-11,3167,1859278,80988642,44.0,44.65,42.7,43.6,-1.1,1026
2017-08-14,3167,2650246,110657650,44.2,44.5,39.65,39.65,-3.95,1330
2017-08-15,3167,1287512,52573815,40.9,41.45,40.3,41.05,1.4,706
2017-08-16,3167,1034910,43244589,40.5,42.3,40.5,42.0,0.95,663
2017-08-17,3167,1089310,46703780,42.6,43.3,42.2,43.3,1.3,614
2017-08-18,3167,481396,20567319,42.5,43.05,42.15,42.6,-0.7,307
2017-08-21,3167,1017655,44459983,43.0,44.45,42.65,44.1,1.5,669
2017-08-22,3167,863108,37419033,44.4,44.4,42.85,42.85,-1.25,507
2017-08-23,3167,526226,22650199,43.1,43.35,42.8,42.95,0.1,338
2017-08-24,3167,391155,16877025,43.0,43.8,42.7,42.7,-0.25,233
2017-08-25,3167,1191463,52027429,43.0,44.2,42.85,43.8,1.1,769
2017-08-28,3167,926930,41311911,44.35,45.3,43.85,44.35,0.55,563
2017-08-29,3167,732957,31975387,44.6,44.7,43.25,43.25,-1.1,423
2017-08-30,3167,956115,42232469,43.5,44.7,43.35,44.3,1.05,549
2017-08-31,3167,2886408,131507680,45.0,46.05,44.3,46.0,1.7,1605
2017-09-01,3167,1932548,89203138,47.2,47.2,45.05,45.15,-0.85,1183
2017-09-04,3167,789420,35531550,45.15,45.45,44.7,44.8,-0.35,486
2017-09-05,3167,1013776,45944762,45.4,45.9,44.85,45.5,0.7,584
2017-09-06,3167,848350,37270753,44.6,44.8,43.2,43.3,0.0,542
2017-09-07,3167,1005515,44468534,43.4,45.15,43.3,44.25,0.95,613
2017-09-08,3167,1117844,50275980,44.6,45.5,44.3,45.3,1.05,610
2017-09-11,3167,1207466,54229190,45.3,45.55,44.4,44.4,-0.9,613
2017-09-12,3167,1232420,55703614,44.95,45.55,44.6,45.25,0.85,571
2017-09-13,3167,9997307,483085940,45.45,49.75,45.45,49.75,4.5,5427
2017-09-14,3167,5688050,278819854,50.1,50.7,47.8,48.5,-1.25,3403
2017-09-15,3167,4745219,228093024,49.6,50.3,45.6,46.1,-2.4,3014
2017-09-18,3167,1388950,63569608,46.2,46.55,45.15,45.8,-0.3,863
2017-09-19,3167,820300,37745950,46.5,46.65,45.2,45.35,-0.45,503
2017-09-20,3167,1239200,54645817,45.9,45.9,41.5,43.85,-1.5,741
2017-09-21,3167,585301,25805753,44.0,44.6,43.6,43.7,-0.15,351
2017-09-22,3167,659200,28830839,43.8,44.45,43.3,43.35,-0.35,417
2017-09-25,3167,846666,35988386,43.4,43.5,42.0,42.0,-1.35,464
2017-09-26,3167,709104,29841266,42.2,42.85,41.3,41.6,-0.4,386
2017-09-27,3167,513190,21467154,41.95,42.2,41.45,41.45,-0.15,276
2017-09-28,3167,527535,21869868,41.8,42.2,41.0,41.5,0.05,331
2017-09-29,3167,893373,37958264,41.8,43.85,41.6,43.0,1.5,596
2017-09-30,3167,592813,25808432,43.3,44.2,43.15,43.7,0.7,326
2017-10-02,3167,682557,30250329,43.95,45.0,43.85,43.95,0.25,435
2017-10-03,3167,314872,13849917,44.5,44.5,43.8,43.9,-0.05,184
2017-10-05,3167,388749,17007540,44.2,44.2,43.35,43.7,-0.2,233
2017-10-06,3167,320525,14014450,43.75,43.95,43.6,43.6,-0.1,185
2017-10-11,3167,2321123,104799027,44.6,45.9,44.25,45.8,2.2,1485
2017-10-12,3167,713730,32450459,45.85,45.85,45.15,45.7,-0.1,476
2017-10-13,3167,627160,28359000,45.75,45.9,44.9,44.95,-0.75,408
2017-10-16,3167,540310,24349272,45.2,45.45,44.85,44.9,-0.05,295
2017-10-17,3167,716400,32451788,45.1,45.85,44.85,44.85,-0.05,424
2017-10-18,3167,446674,19889043,45.1,45.1,44.0,44.2,-0.65,266
2017-10-19,3167,292130,13005504,44.4,44.8,44.2,44.65,0.45,221
2017-10-20,3167,1961359,90189920,44.85,46.7,44.8,45.8,1.15,1208
2017-10-23,3167,2300309,108158610,46.2,47.6,46.2,47.3,1.5,1438
2017-10-24,3167,9299410,455539871,47.8,50.8,46.25,46.35,-0.95,5055
2017-10-25,3167,1499288,69039623,46.35,47.05,45.55,45.6,-0.75,895
2017-10-26,3167,607506,27722573,45.4,46.2,45.25,45.75,0.15,397
2017-10-27,3167,1228823,55057957,46.0,46.05,44.0,44.25,-1.5,703
2017-10-30,3167,632754,28222149,44.5,45.1,43.75,44.9,0.65,380
2017-10-31,3167,441720,19736461,44.9,44.9,44.5,44.75,-0.15,291
2017-11-01,3167,719203,32715093,45.15,46.2,44.8,45.3,0.55,485
2017-11-02,3167,541870,24334100,45.4,45.5,44.5,45.0,-0.3,319
2017-11-03,3167,728255,33089214,45.35,46.0,44.8,45.5,0.5,400
2017-11-06,3167,1178099,54393564,45.55,46.85,45.35,46.7,1.2,713
2017-11-07,3167,805155,37580751,47.0,47.25,46.25,46.35,-0.35,519
2017-11-08,3167,453364,21008982,46.7,46.75,46.1,46.3,-0.05,271
2017-11-09,3167,3103533,148803464,48.5,49.1,46.3,47.1,0.8,1892
2017-11-10,3167,751390,35110491,47.3,47.45,46.05,46.65,-0.45,513
2017-11-13,3167,880749,41278689,46.75,47.35,46.6,46.65,0.0,488
2017-11-14,3167,713535,33248624,46.9,47.1,46.35,46.5,-0.15,341
2017-11-15,3167,416195,19357957,46.5,46.8,46.3,46.65,0.15,229
2017-11-16,3167,592300,27543760,46.4,46.9,46.15,46.15,-0.5,319
2017-11-17,3167,376224,17435086,46.4,46.6,46.15,46.15,0.0,244
2017-11-20,3167,818500,38356400,46.35,47.3,46.2,47.0,0.85,507
2017-11-21,3167,6474925,319524183,47.35,50.5,47.35,48.8,1.8,3722
2017-11-22,3167,11035198,560774488,48.8,53.0,47.8,49.4,0.6,5965
2017-11-23,3167,5313623,270731136,49.9,52.3,49.55,50.9,1.5,3127
2017-11-24,3167,11437400,617991100,51.9,55.9,51.2,55.0,4.1,6294
2017-11-27,3167,6283835,332111266,55.0,55.0,51.6,51.7,-3.3,3792
2017-11-28,3167,2428719,125519688,52.0,52.3,51.2,51.9,0.2,1489
2017-11-29,3167,4162485,218326374,53.0,54.0,51.3,51.3,-0.6,2453
2017-11-30,3167,2260153,115304491,51.0,52.2,50.3,50.3,-1.0,1337
2017-12-01,3167,1902155,94132444,50.8,51.0,48.5,48.9,-1.4,1153
2017-12-04,3167,1567459,78142905,49.8,50.7,49.0,49.5,0.6,897
2017-12-05,3167,1934371,93394416,49.4,49.4,47.9,48.15,-1.35,948
2017-12-06,3167,1171125,57119361,48.05,49.8,48.05,48.5,0.35,715
2017-12-07,3167,964550,46594839,48.6,48.9,47.9,48.05,-0.45,506
2017-12-08,3167,1431815,71023750,48.6,50.6,48.1,50.2,2.15,851
2017-12-11,3167,3411615,176380445,51.5,52.7,50.2,52.7,2.5,1984
2017-12-12,3167,1314320,67822920,52.2,52.5,50.8,51.3,-1.4,846
2017-12-13,3167,905755,46790505,51.4,52.2,50.9,51.7,0.4,629
2017-12-14,3167,2263016,119099827,52.3,53.5,51.3,51.6,-0.1,1418
2017-12-15,3167,779391,39766441,52.0,52.0,50.5,50.9,-0.7,479
2017-12-18,3167,717805,36718011,51.7,52.1,50.6,51.0,0.1,435
2017-12-19,3167,724155,36887558,51.5,51.6,50.5,50.6,-0.4,414
2017-12-20,3167,1337470,69259076,51.0,52.5,51.0,52.5,1.9,846
2017-12-21,3167,4290530,228738160,53.0,54.8,51.7,51.7,-0.8,2674
2017-12-22,3167,1198991,61263738,51.5,52.0,50.7,51.1,-0.6,763
2017-12-25,3167,589465,30133139,51.3,51.8,50.8,51.2,0.1,398
2017-12-26,3167,1172450,59298754,51.2,51.4,50.1,50.2,-1.0,622
2017-12-27,3167,688153,34990863,50.4,51.5,50.1,51.3,1.1,430
2017-12-28,3167,976710,50788249,51.7,52.5,51.5,52.0,0.7,648
2017-12-29,3167,691968,36075337,52.5,52.8,51.7,51.9,-0.1,444
2018-01-02,3167,2772395,148549181,52.6,54.6,52.0,54.4,2.5,1796
2018-01-03,3167,6567200,361591537,56.5,57.3,52.2,52.5,-1.9,3831
2018-01-04,3167,1971250,105465649,52.7,54.3,52.6,54.0,1.5,1289
2018-01-05,3167,2774478,152905279,54.3,55.9,53.9,55.5,1.5,1644
2018-01-08,3167,4878017,275515536,56.8,58.0,54.5,55.2,-0.3,2967
2018-01-09,3167,1791849,99401393,55.3,56.6,54.2,56.5,1.3,1165
2018-01-10,3167,2924739,157657060,55.0,55.2,52.7,53.2,-3.3,1797
2018-01-11,3167,464635,24825572,53.5,54.0,53.1,53.6,0.4,345
2018-01-12,3167,517765,27838480,53.8,54.3,53.5,53.5,-0.1,343
2018-01-15,3167,735760,39593282,53.8,54.4,53.3,53.8,0.3,462
2018-01-16,3167,740424,40232579,54.1,54.9,53.8,54.5,0.7,451
2018-01-17,3167,2110870,117166841,54.7,56.3,54.6,55.9,1.4,1289
2018-01-18,3167,4537255,256503848,56.6,57.5,55.4,55.5,-0.4,2637
2018-01-19,3167,2741163,155348492,56.5,57.5,55.7,55.8,0.3,1648
2018-01-22,3167,3762820,216081160,56.4,58.3,56.1,58.0,2.2,2238
2018-01-23,3167,2884763,164491121,58.2,59.3,55.9,56.0,-2.0,1802
2018-01-24,3167,816100,45766919,56.0,56.8,55.3,56.4,0.4,595
2018-01-25,3167,1327582,74626042,56.8,57.5,55.0,55.7,-0.7,808
2018-01-26,3167,678610,37745493,55.9,56.2,55.1,55.7,0.0,488
2018-01-29,3167,716887,40191191,56.0,56.5,55.7,55.9,0.2,443
2018-01-30,3167,1539010,83807033,55.9,56.1,53.5,53.7,-2.2,966
2018-01-31,3167,1288105,68591670,53.0,54.6,52.0,54.2,0.5,701
2018-02-01,3167,443359,23950733,54.2,54.8,53.6,53.6,-0.6,314
2018-02-02,3167,559054,29718662,53.6,53.6,52.9,53.0,-0.6,316
2018-02-05,3167,715171,36780772,51.2,52.2,50.3,51.9,-1.1,481
2018-02-06,3167,2053629,99730094,50.2,50.8,46.75,47.0,-4.9,1108
2018-02-07,3167,1013790,48803561,48.3,48.95,47.8,47.8,0.8,592
2018-02-08,3167,1084250,53081411,49.5,49.6,48.35,48.35,0.55,703
2018-02-09,3167,764836,35566143,45.85,47.95,45.1,47.9,-0.45,504
2018-02-12,3167,414215,19976812,48.5,48.6,48.0,48.25,0.35,266
2018-02-21,3167,741680,36502341,49.2,49.65,48.9,49.45,1.2,419
2018-02-22,3167,338115,16736665,49.6,49.75,49.15,49.35,-0.1,253
2018-02-23,3167,793100,40193339,49.55,51.3,49.55,50.8,1.45,555
2018-02-26,3167,759249,39064198,51.3,52.3,50.9,51.1,0.3,487
2018-02-27,3167,652375,33115100,51.6,51.8,50.1,50.4,-0.7,413
2018-03-01,3167,467280,23654498,50.0,51.2,49.85,51.1,0.7,298
2018-03-02,3167,580555,29799381,50.6,52.1,50.3,51.8,0.7,385
2018-03-05,3167,5258560,286512417,52.0,55.3,52.0,54.7,2.9,3135
2018-03-06,3167,3612180,199874673,55.8,56.3,53.8,53.8,-0.9,2310
2018-03-07,3167,1175630,64044034,54.3,55.2,53.9,54.3,0.5,736
2018-03-08,3167,1307020,71628886,54.9,55.8,53.8,53.8,-0.5,869
2018-03-09,3167,862520,46147572,54.1,54.7,52.9,53.1,-0.7,592
2018-03-12,3167,519040,27729023,53.7,53.9,53.1,53.4,0.3,363
2018-03-13,3167,436235,23281972,53.6,53.7,53.1,53.5,0.1,298
2018-03-14,3167,717705,38923411,53.8,55.0,53.7,53.8,0.3,504
2018-03-15,3167,346160,18485672,53.8,53.8,53.1,53.7,-0.1,242
2018-03-16,3167,902890,47833314,53.8,54.3,52.5,52.7,-1.0,583
2018-03-19,3167,375100,19876040,53.0,53.2,52.5,52.9,0.2,256
2018-03-20,3167,300646,15867884,52.9,53.1,52.5,52.9,0.0,193
2018-03-21,3167,556251,29704705,53.1,53.8,52.9,53.7,0.8,354
2018-03-22,3167,675455,36080270,53.8,54.4,52.6,52.6,-1.1,445
2018-03-23,3167,1024156,51871470,50.8,51.5,49.8,50.5,-2.1,670
2018-03-26,3167,386000,19573200,50.4,51.2,50.4,50.6,0.1,242
2018-03-27,3167,540510,27978918,51.4,52.4,51.2,52.0,1.4,390
2018-03-28,3167,239000,12267000,51.3,52.0,50.9,51.5,-0.5,177
2018-03-29,3167,516400,26349240,51.7,51.9,50.5,50.9,-0.6,303
2018-03-30,3167,468310,23854316,51.3,51.6,50.7,50.8,-0.1,274
2018-03-31,3167,260196,13274437,51.4,51.4,50.8,51.0,0.2,171
2018-04-02,3167,435310,22432496,51.1,51.9,51.1,51.6,0.6,319
2018-04-03,3167,236005,12042958,51.2,51.3,50.8,51.1,-0.5,177
2018-04-09,3167,201611,10275853,51.1,51.4,50.8,50.8,-0.3,152
2018-04-10,3167,431580,22352760,50.9,52.4,50.9,52.0,1.2,301
2018-04-11,3167,677259,35230168,52.7,52.8,51.5,52.0,0.0,453
2018-04-12,3167,253000,13079700,52.0,52.0,51.3,51.5,-0.5,180
2018-04-13,3167,216110,11104720,51.5,51.9,51.0,51.1,-0.4,172
2018-04-16,3167,368255,18610777,51.2,51.2,50.3,50.3,-0.8,255
2018-04-17,3167,677885,33470292,50.3,50.3,49.0,49.15,-1.15,424
2018-04-18,3167,463091,22935322,49.2,50.4,49.15,49.2,0.05,280
2018-04-19,3167,209000,10352200,49.2,49.7,49.2,49.5,0.3,137
2018-04-20,3167,166000,8197000,49.5,49.7,49.1,49.4,-0.1,115
2018-04-23,3167,274120,13646296,49.7,50.2,49.45,49.55,0.15,189
2018-04-24,3167,1092200,51821338,49.4,49.4,46.7,47.0,-2.55,637
2018-04-25,3167,527099,24237718,46.8,46.8,45.4,46.35,-0.65,343
2018-04-26,3167,361959,16559299,46.5,46.6,44.8,45.25,-1.1,260
2018-04-27,3167,168000,7660350,45.9,46.0,45.45,45.6,0.35,119
2018-04-30,3167,153920,7003586,45.6,46.2,44.9,46.2,0.6,129
2018-05-02,3167,125200,5745340,46.3,46.35,45.6,45.7,-0.5,95
2018-05-03,3167,168000,7611800,45.7,45.7,45.05,45.45,-0.25,109
2018-05-04,3167,135245,6134308,45.4,45.55,45.1,45.3,-0.15,102
2018-05-07,3167,199310,9068874,45.35,45.8,45.25,45.7,0.4,143
2018-05-08,3167,240000,11139600,45.8,46.7,45.8,46.5,0.8,163
2018-05-09,3167,543010,25895577,47.5,48.1,47.3,47.7,1.2,406
2018-05-10,3167,437200,20931810,47.95,48.2,47.6,47.8,0.1,264
2018-05-11,3167,409280,19783750,48.55,48.7,48.0,48.3,0.5,269
2018-05-14,3167,857135,42750240,49.4,50.3,49.1,50.2,1.9,536
2018-05-15,3167,403000,19901350,50.1,50.1,49.05,49.05,-1.15,292
2018-05-16,3167,473100,23117770,49.05,49.4,48.4,49.2,0.15,245
2018-05-17,3167,241334,11891516,49.55,49.8,49.0,49.3,0.1,175
2018-05-18,3167,251000,12282000,49.4,49.4,48.75,48.8,-0.5,151
2018-05-21,3167,204386,10024273,49.0,49.3,48.8,49.15,0.35,145
2018-05-22,3167,218100,10700560,49.25,49.35,48.85,48.85,-0.3,151
2018-05-23,3167,103205,5036774,48.95,49.0,48.5,48.9,0.05,89
2018-05-24,3167,188000,9165700,49.0,49.05,48.5,48.7,-0.2,142
2018-05-25,3167,245000,12015200,48.9,49.35,48.7,49.3,0.6,167
2018-05-28,3167,688113,34618956,49.5,50.8,49.5,50.5,1.2,471
2018-05-29,3167,362200,18197979,50.7,50.9,49.95,49.95,-0.55,234
2018-05-30,3167,267002,13153799,49.8,49.8,49.1,49.45,-0.5,208
2018-05-31,3167,276094,13593206,49.5,49.5,49.0,49.0,-0.45,200
2018-06-01,3167,463825,23111825,49.4,50.3,49.35,49.8,0.8,314
2018-06-04,3167,780050,39439725,50.7,51.2,50.0,50.0,0.2,520
2018-06-05,3167,425578,21406767,50.2,50.6,50.0,50.2,0.2,308
2018-06-06,3167,766861,39310211,50.7,51.8,50.7,51.2,1.0,516
2018-06-07,3167,362450,18453479,51.7,51.7,50.4,50.6,-0.6,265
2018-06-08,3167,776058,39768669,51.2,51.7,50.9,51.2,0.6,497
2018-06-11,3167,424525,21815579,51.5,51.8,51.0,51.2,0.0,253
2018-06-12,3167,331310,16830117,51.3,51.3,50.3,50.6,-0.6,225
2018-06-13,3167,346000,17420100,50.6,50.8,50.2,50.4,-0.2,222
2018-06-14,3167,312380,15639466,50.2,50.6,49.65,49.65,-0.75,204
2018-06-15,3167,146000,7274200,50.3,50.4,49.6,49.65,0.0,110
2018-06-19,3167,371000,18184300,49.5,49.5,48.6,48.8,-0.85,237
2018-06-20,3167,448305,21585803,48.55,48.7,47.9,48.05,-0.75,294
2018-06-21,3167,207102,10111082,48.55,48.95,48.55,48.95,0.9,156
2018-06-22,3167,176161,8532916,48.85,48.85,48.2,48.25,-0.7,139
2018-06-25,3167,168037,8068827,48.4,48.45,47.7,48.0,-0.25,137
2018-06-26,3167,183255,8697712,47.6,47.7,47.25,47.5,-0.5,141
2018-06-27,3167,147000,7038750,47.65,48.05,47.6,47.6,0.1,90
2018-06-28,3167,208140,9834308,47.6,47.6,47.05,47.2,-0.4,150
2018-06-29,3167,127015,6044470,47.5,47.75,47.4,47.6,0.4,96
2018-07-02,3167,142150,6736170,47.65,47.75,47.1,47.4,-0.2,102
2018-07-03,3167,185015,8678155,47.45,47.45,46.65,46.7,-0.7,153
2018-07-04,3167,244210,11275210,46.7,46.7,45.7,46.05,-0.65,166
2018-07-05,3167,179148,8212204,46.2,46.4,45.5,45.5,-0.55,132
2018-07-06,3167,208036,9361720,45.6,45.95,44.65,45.0,-0.5,172
2018-07-09,3167,419010,19538068,46.5,47.3,46.0,46.5,1.5,301
2018-07-10,3167,183380,8618858,46.9,47.2,46.8,46.9,0.4,127
2018-07-11,3167,117135,5443781,46.8,46.8,46.2,46.45,-0.45,95
2018-07-12,3167,182084,8407489,46.45,46.45,46.05,46.3,-0.15,157
2018-07-13,3167,139200,6475670,46.65,46.7,46.3,46.6,0.3,106
2018-07-16,3167,567120,27096380,46.9,48.4,46.85,47.95,1.35,391
2018-07-17,3167,193566,9185941,48.2,48.2,47.2,47.65,-0.3,148
2018-07-18,3167,158300,7585300,48.0,48.2,47.55,48.0,0.35,120
2018-07-19,3167,496110,24219301,48.5,49.1,48.5,48.65,0.65,365
2018-07-20,3167,230250,11201736,48.8,49.25,48.2,48.35,-0.3,169
2018-07-23,3167,148072,7085198,48.3,48.3,47.55,47.55,-0.8,107
2018-07-24,3167,139000,6692650,47.75,48.45,47.65,48.3,0.75,99
2018-07-25,3167,387300,18959650,48.6,49.3,48.5,48.85,0.55,258
2018-07-26,3167,299420,14678880,49.0,49.3,48.9,49.0,0.15,159
2018-07-27,3167,274065,13472441,49.2,49.35,49.05,49.25,0.25,177
2018-07-30,3167,414500,20530574,49.3,49.8,49.3,49.35,0.1,261
2018-07-31,3167,2492285,129672532,51.8,52.8,51.3,51.8,2.45,1658
2018-08-01,3167,1498993,78274827,52.0,53.0,51.5,53.0,1.2,838
2018-08-02,3167,1336717,70390340,53.8,53.8,51.7,52.5,-0.5,879
2018-08-03,3167,1933437,102904391,52.7,54.3,51.7,53.5,1.0,1236
2018-08-06,3167,1170399,63171905,54.3,54.3,53.6,53.7,0.2,730
2018-08-07,3167,899141,47284973,53.0,53.1,52.2,52.5,-1.2,588
2018-08-08,3167,468335,24709988,52.6,53.2,52.5,52.5,0.0,256
2018-08-09,3167,337235,17591842,52.5,52.5,51.8,52.4,-0.1,243
2018-08-10,3167,930394,49553360,53.0,53.7,52.4,53.0,0.6,591
2018-08-13,3167,939609,48805209,52.9,52.9,51.0,52.4,-0.6,675
2018-08-14,3167,1019554,54095194,52.6,53.7,52.0,53.5,1.1,581
2018-08-15,3167,1007640,53739830,53.4,54.4,52.3,54.1,0.6,649
2018-08-16,3167,845712,45292032,53.4,54.2,52.9,53.7,-0.4,557
2018-08-17,3167,1712644,93227988,54.6,55.2,53.1,53.1,-0.6,1109
2018-08-20,3167,574188,30208264,53.6,53.6,51.9,52.2,-0.9,398
2018-08-21,3167,300220,15871491,52.4,53.1,52.2,53.0,0.8,234
2018-08-22,3167,250485,13256762,53.2,53.3,52.7,52.8,-0.2,169
2018-08-23,3167,672460,35357241,52.8,53.1,52.0,52.2,-0.6,298
2018-08-24,3167,1143341,58785732,51.9,51.9,51.0,51.5,-0.7,538
2018-08-27,3167,845601,41948400,49.5,50.0,49.3,49.85,0.0,313
2018-08-28,3167,302182,15222672,50.6,50.6,50.2,50.3,0.45,214
2018-08-29,3167,267427,13416670,50.6,50.6,49.95,50.3,0.0,189
2018-08-30,3167,248315,12419276,50.5,50.5,49.85,49.95,-0.35,140
2018-08-31,3167,224420,11147100,49.75,49.9,49.5,49.9,-0.05,148
2018-09-03,3167,502095,24951580,50.3,50.4,49.3,49.3,-0.6,352
2018-09-04,3167,151100,7481444,49.35,49.85,49.35,49.6,0.3,116
2018-09-05,3167,335130,16442683,49.4,49.45,48.7,48.7,-0.9,252
2018-09-06,3167,213310,10348040,48.6,48.8,48.2,48.5,-0.2,161
2018-09-07,3167,440285,20872795,48.5,48.5,46.6,47.0,-1.5,326
2018-09-10,3167,461765,20955853,46.95,46.95,44.8,45.1,-1.9,306
2018-09-11,3167,304000,13762850,45.05,45.95,44.6,45.65,0.55,217
2018-09-12,3167,112000,5072750,45.65,45.65,45.05,45.35,-0.3,95
2018-09-13,3167,127100,5817194,45.35,46.15,45.35,45.95,0.6,109
2018-09-14,3167,170001,7871047,46.5,46.7,45.8,46.5,0.55,138
2018-09-17,3167,122270,5656905,46.7,46.7,45.8,46.4,-0.1,97
2018-09-18,3167,247023,11298159,46.4,46.4,45.45,45.8,-0.6,199
2018-09-19,3167,145112,6680650,46.4,46.4,45.85,46.1,0.3,106
2018-09-20,3167,181023,8249756,46.15,46.35,45.3,45.4,-0.7,146
2018-09-21,3167,185024,8389888,45.55,45.55,45.2,45.4,0.0,115
2018-09-25,3167,89191,4087980,45.3,46.2,45.3,46.2,0.8,76
2018-09-26,3167,153055,7059202,46.1,46.4,45.8,45.9,-0.3,99
2018-09-27,3167,163328,7478888,45.8,46.1,45.5,45.85,-0.05,90
2018-09-28,3167,188110,8647382,45.85,46.25,45.8,45.8,-0.05,121
2018-10-01,3167,100178,4596240,45.8,46.1,45.7,46.05,0.25,67
2018-10-02,3167,127000,5826550,46.2,46.5,45.7,46.0,-0.05,73
2018-10-03,3167,115000,5243950,46.1,46.1,45.25,45.4,-0.6,77
2018-10-04,3167,226050,10062850,45.4,45.4,44.25,44.5,-0.9,169
2018-10-05,3167,617000,26080950,43.65,44.1,40.5,42.5,-2.0,441
2018-10-08,3167,162025,6915460,42.7,43.0,42.25,42.85,0.35,125
2018-10-09,3167,193006,8145808,42.5,42.85,41.7,42.15,-0.7,138
2018-10-11,3167,1107000,42386550,39.1,39.7,37.95,38.05,-4.1,545
2018-10-12,3167,367000,14364600,38.0,39.8,37.85,39.6,1.55,270
2018-10-15,3167,407960,16351537,39.7,40.5,39.4,40.5,0.9,223
2018-10-16,3167,190000,7778100,40.7,41.4,40.45,40.65,0.15,159
2018-10-17,3167,368272,14811414,41.3,41.3,39.6,39.6,-1.05,272
2018-10-18,3167,444050,17304155,39.3,39.6,38.6,38.85,-0.75,329
2018-10-19,3167,388185,14610472,37.7,38.0,37.4,38.0,-0.85,280
2018-10-22,3167,263000,10254100,38.25,39.5,38.2,39.2,1.2,208
2018-10-23,3167,151000,5853250,39.0,39.0,38.6,38.7,-0.5,124
2018-10-24,3167,154100,5983110,39.0,39.3,38.2,39.1,0.4,111
2018-10-25,3167,156315,5981246,38.0,38.75,37.75,38.25,-0.85,133
2018-10-26,3167,285050,10892835,39.15,39.15,37.8,37.85,-0.4,147
2018-10-29,3167,69100,2643749,38.4,38.7,37.85,38.3,0.45,70
2018-10-30,3167,118000,4570050,38.3,39.3,38.3,39.25,0.95,95
2018-10-31,3167,564310,22999867,40.2,41.25,40.1,40.95,1.7,431
2018-11-01,3167,316120,13023559,40.6,41.55,40.6,41.35,0.4,227
2018-11-02,3167,355100,14787050,41.7,42.4,40.95,41.1,-0.25,252
2018-11-05,3167,139000,5660150,41.1,41.1,40.55,40.65,-0.45,103
2018-11-06,3167,209025,8566587,40.75,41.4,40.7,40.9,0.25,153
2018-11-07,3167,110200,4540290,40.6,41.5,40.3,41.45,0.55,96
2018-11-08,3167,228000,9544150,41.9,42.2,41.4,41.5,0.05,163
2018-11-09,3167,81215,3358569,41.5,41.65,41.05,41.4,-0.1,60
2018-11-12,3167,241000,9742100,40.2,40.7,40.1,40.55,-0.85,152
2018-11-13,3167,120003,4869623,39.75,41.3,39.3,41.0,0.45,95
2018-11-14,3167,126001,5194341,41.3,41.35,41.05,41.2,0.2,86
2018-11-15,3167,138051,5646663,41.1,41.15,40.65,40.8,-0.4,90
2018-11-16,3167,110000,4532600,41.25,41.6,40.9,41.6,0.8,78
2018-11-19,3167,193055,8059804,41.85,41.9,41.3,41.9,0.3,140
2018-11-20,3167,133000,5541850,41.8,41.9,41.5,41.6,-0.3,103
2018-11-21,3167,103000,4265100,41.45,41.8,41.0,41.8,0.2,72
2018-11-22,3167,440170,18742061,42.0,42.9,42.0,42.5,0.7,310
2018-11-23,3167,421120,18155324,43.0,43.85,42.6,42.6,0.1,334
2018-11-26,3167,692208,30537085,43.0,44.95,43.0,43.95,1.35,522
2018-11-27,3167,275000,12170700,44.5,44.6,43.95,44.3,0.35,203
2018-11-28,3167,219155,9688966,44.5,44.6,43.75,44.3,0.0,158
2018-11-29,3167,232000,10274600,44.65,44.7,44.05,44.05,-0.25,139
2018-11-30,3167,141000,6260350,44.4,44.55,44.2,44.55,0.5,111
2018-12-03,3167,423000,19264500,45.5,45.75,45.25,45.6,1.05,269
2018-12-04,3167,128000,5801050,45.6,45.6,45.15,45.15,-0.45,106
2018-12-05,3167,169100,7510500,44.6,44.6,44.2,44.4,-0.75,135
2018-12-06,3167,336000,14591250,44.4,44.4,42.7,42.7,-1.7,242
2018-12-07,3167,182000,7883900,43.0,43.85,43.0,43.4,0.7,121
2018-12-10,3167,277200,11562550,41.6,41.9,41.6,41.7,-1.7,206
2018-12-11,3167,119002,4998934,41.5,42.3,41.5,41.9,0.2,98
2018-12-12,3167,120121,5084961,41.95,42.5,41.95,42.35,0.45,79
2018-12-13,3167,102200,4329690,42.5,42.5,42.25,42.35,0.0,81
2018-12-14,3167,136260,5691717,41.65,42.1,41.5,41.9,-0.45,114
2018-12-17,3167,30000,1257150,41.9,41.95,41.8,41.95,0.05,26
2018-12-18,3167,62000,2567200,41.2,41.6,41.2,41.4,-0.55,51
2018-12-19,3167,204180,8311808,41.85,41.85,40.3,40.55,-0.85,153
2018-12-20,3167,334350,13172950,40.5,40.5,39.0,39.4,-1.15,246
2018-12-21,3167,98120,3889708,38.9,39.9,38.9,39.8,0.4,75
2018-12-22,3167,49000,1941850,39.7,39.9,39.2,39.9,0.1,33
2018-12-24,3167,162050,6571000,39.9,41.0,39.8,40.75,0.85,124
2018-12-25,3167,91123,3626120,40.3,40.3,39.6,39.8,-0.95,76
2018-12-26,3167,120000,4770600,39.5,40.1,39.3,39.3,-0.5,81
2018-12-27,3167,65061,2594121,40.25,40.25,39.7,39.7,0.4,45
2018-12-28,3167,112120,4441564,39.6,40.05,39.45,39.95,0.25,64
2019-01-02,3167,54000,2145050,40.15,40.25,39.45,39.6,-0.35,49
2019-01-03,3167,135005,5301649,39.6,39.65,38.9,39.05,-0.55,100
2019-01-04,3167,123002,4760382,38.85,38.95,38.3,38.6,-0.45,73
2019-01-07,3167,44400,1745569,39.1,39.5,39.1,39.3,0.7,46
2019-01-08,3167,80000,3148700,39.5,39.5,39.2,39.3,0.0,47
2019-01-09,3167,132100,5253175,39.5,40.1,39.35,39.8,0.5,97
2019-01-10,3167,999223,40691350,39.5,42.0,38.8,41.95,2.15,735
2019-01-11,3167,1136060,47230318,42.3,42.35,40.3,40.3,-1.65,850
2019-01-14,3167,138349,5588543,40.8,40.8,40.15,40.2,-0.1,128
2019-01-15,3167,170500,6902299,40.3,41.15,40.2,40.35,0.15,151
2019-01-16,3167,152716,6192448,40.4,40.8,40.35,40.5,0.15,119
2019-01-17,3167,77414,3142815,40.85,40.85,40.4,40.55,0.05,71
2019-01-18,3167,228100,9359965,40.45,41.25,40.45,41.1,0.55,169
2019-01-21,3167,190400,7879150,41.5,41.6,41.1,41.4,0.3,121
2019-01-22,3167,69000,2830750,41.4,41.4,40.75,40.85,-0.55,51
2019-01-23,3167,96055,3886771,40.65,40.65,40.3,40.4,-0.45,78
2019-01-24,3167,132120,5329106,40.4,40.6,40.15,40.3,-0.1,107
2019-01-25,3167,220000,8869050,40.7,40.7,40.15,40.45,0.15,142
2019-01-28,3167,180025,7232050,40.4,40.4,40.0,40.1,-0.35,126
2019-01-29,3167,177000,7018750,40.25,40.25,39.45,39.55,-0.55,132
2019-01-30,3167,99050,3932950,39.85,39.85,39.6,39.75,0.2,55
2019-02-11,3167,186255,7360248,40.25,40.25,39.2,39.6,-0.15,133
2019-02-12,3167,342000,13800400,39.95,40.7,39.55,40.6,1.0,239
2019-02-13,3167,294120,12032390,40.9,41.25,40.65,40.8,0.2,165
2019-02-14,3167,169000,6889050,40.9,40.9,40.6,40.75,-0.05,106
2019-02-15,3167,1219325,47820586,39.9,39.9,38.75,39.05,-1.7,762
2019-02-18,3167,345000,13569200,39.3,39.6,39.2,39.25,0.2,226
2019-02-19,3167,890120,35914878,39.9,40.75,39.8,40.75,1.5,631
2019-02-20,3167,663125,27305212,41.1,41.4,40.85,40.85,0.1,470
2019-02-21,3167,582912,24149070,40.9,41.95,40.85,41.95,1.1,400
2019-02-22,3167,526100,22077879,41.8,42.3,41.5,41.65,-0.3,362
2019-02-25,3167,335091,14094453,42.5,42.5,41.85,41.9,0.25,234
2019-02-26,3167,395308,16593276,42.4,42.4,41.7,41.9,0.0,320
2019-02-27,3167,283100,11882920,42.1,42.2,41.8,42.1,0.2,183
2019-03-04,3167,612565,26106408,42.1,43.1,42.0,42.85,0.75,413
2019-03-05,3167,233147,9914934,42.85,43.1,42.25,42.35,-0.5,198
2019-03-06,3167,435003,18325676,42.35,42.5,41.9,42.05,-0.3,262
2019-03-07,3167,290520,12066332,42.0,42.0,41.2,41.2,-0.85,187
2019-03-08,3167,172005,7032656,41.25,41.25,40.7,41.0,-0.2,112
2019-03-11,3167,344150,13844071,40.4,40.45,40.05,40.25,-0.75,263
2019-03-12,3167,253004,10217810,40.2,40.6,40.2,40.25,0.0,170
2019-03-13,3167,223036,8947145,40.4,40.4,39.95,39.95,-0.3,158
2019-03-14,3167,164002,6571180,40.2,40.2,39.95,40.05,0.1,109
2019-03-15,3167,154275,6213537,40.05,40.5,40.05,40.45,0.4,119
2019-03-18,3167,154210,6239643,40.6,40.7,40.3,40.35,-0.1,106
2019-03-19,3167,115100,4639500,40.35,40.6,40.05,40.25,-0.1,73
2019-03-20,3167,158175,6371720,40.3,40.45,40.1,40.35,0.1,113
2019-03-21,3167,165005,6672555,40.5,40.65,40.3,40.5,0.15,126
2019-03-22,3167,247400,10122640,40.5,41.25,40.5,41.1,0.6,208
2019-03-25,3167,521000,21450850,41.3,41.8,40.6,40.65,-0.45,359
2019-03-26,3167,175155,7186255,40.7,41.2,40.7,41.0,0.35,119
2019-03-27,3167,100465,4126454,41.0,41.2,40.95,41.15,0.15,77
2019-03-28,3167,75050,3077730,41.25,41.25,40.8,40.95,-0.2,56
2019-03-29,3167,154313,6282714,40.65,40.85,40.65,40.8,-0.15,112
2019-04-01,3167,195854,8058818,40.85,41.35,40.8,40.95,0.15,140
2019-04-02,3167,171340,7082124,41.1,41.55,41.1,41.25,0.3,132
2019-04-03,3167,2060351,88878120,42.2,44.15,42.2,42.8,1.55,1419
2019-04-08,3167,679100,29337650,43.0,43.8,42.65,43.4,0.6,467
2019-04-09,3167,472359,20449916,43.7,43.7,43.0,43.5,0.1,229
2019-04-10,3167,3212406,143355833,43.9,45.3,43.7,44.3,0.8,2013
2019-04-11,3167,1267450,54812137,43.8,43.9,42.8,43.0,-1.3,794
2019-04-12,3167,580036,24649274,43.1,43.3,42.2,42.25,-0.75,371
2019-04-15,3167,272331,11549083,42.5,42.75,42.3,42.3,0.05,173
2019-04-16,3167,289226,12222547,42.7,42.7,42.0,42.35,0.05,194
2019-04-17,3167,214339,9111672,42.4,42.9,42.25,42.45,0.1,171
2019-04-18,3167,227493,9600105,42.45,42.5,41.9,41.9,-0.55,160
2019-04-19,3167,133000,5601100,42.0,42.3,42.0,42.3,0.4,94
2019-04-22,3167,164975,6963796,42.35,42.5,42.05,42.05,-0.25,113
2019-04-23,3167,211255,8819010,42.0,42.1,41.55,41.65,-0.4,142
2019-04-24,3167,111400,4663400,42.1,42.1,41.8,41.9,0.25,82
2019-04-25,3167,152255,6414109,41.9,42.3,41.9,42.2,0.3,114
2019-04-26,3167,152000,6394000,42.2,42.3,42.0,42.0,-0.2,114
2019-04-29,3167,144071,6038345,42.1,42.3,41.7,41.8,-0.2,104
2019-04-30,3167,119400,4969778,42.2,42.2,41.5,41.7,-0.1,75
2019-05-02,3167,94000,3918200,41.3,41.95,41.3,41.8,0.1,65
2019-05-03,3167,81155,3397994,41.5,42.05,41.5,42.05,0.25,65
2019-05-06,3167,231063,9613717,42.15,42.15,41.45,41.5,-0.55,131
2019-05-07,3167,67050,2786779,41.55,41.75,41.5,41.6,0.1,61
2019-05-08,3167,85000,3516950,41.4,41.5,41.35,41.35,-0.25,53
2019-05-09,3167,220000,8988150,41.3,41.45,40.5,40.5,-0.85,148
2019-05-10,3167,163000,6628650,40.35,41.0,40.35,40.55,0.05,127
2019-05-13,3167,226000,9187550,40.55,40.95,40.3,40.45,-0.1,164
2019-05-14,3167,143001,5715740,39.4,40.15,39.4,40.05,-0.4,93
2019-05-15,3167,91767,3684481,39.9,40.3,39.9,40.15,0.1,75
2019-05-16,3167,154302,6165187,40.15,40.15,39.7,39.7,-0.45,117
2019-05-17,3167,267625,10651306,40.25,40.25,39.4,39.4,-0.3,180
2019-05-20,3167,195001,7697890,39.45,39.75,39.3,39.3,-0.1,84
2019-05-21,3167,102003,4021417,39.6,39.6,39.2,39.5,0.2,76
2019-05-22,3167,132000,5251750,40.2,40.2,39.5,39.5,0.0,61
2019-05-23,3167,73000,2862850,39.2,39.4,39.15,39.15,-0.35,64
2019-05-24,3167,104731,4146083,39.0,39.95,39.0,39.5,0.35,89
2019-05-27,3167,89000,3546050,39.95,40.0,39.7,39.7,0.2,74
2019-05-28,3167,67020,2662196,39.5,39.8,39.5,39.7,0.0,57
2019-05-29,3167,88001,3485739,39.6,39.85,39.35,39.6,-0.1,86
2019-05-30,3167,116072,4647723,39.85,40.15,39.85,40.05,0.45,85
2019-05-31,3167,227111,9226906,40.1,40.95,40.1,40.9,0.85,153
2019-06-03,3167,207117,8412947,40.8,40.8,40.4,40.6,-0.3,123
2019-06-04,3167,112080,4558080,40.6,40.9,40.6,40.65,0.05,64
2019-06-05,3167,153324,6274498,40.9,41.15,40.75,40.9,0.25,90
2019-06-06,3167,174400,7139480,41.05,41.1,40.8,40.8,-0.1,102
2019-06-10,3167,307604,12575838,41.0,41.05,40.7,40.8,0.0,180
2019-06-11,3167,338405,13652144,40.4,40.5,40.2,40.5,-0.3,213
2019-06-12,3167,334322,13474660,40.3,40.55,40.2,40.55,0.05,190
2019-06-13,3167,789746,32265074,40.55,41.35,40.5,41.0,0.45,478
2019-06-14,3167,1143462,41958844,36.6,37.1,36.3,36.6,0.0,503
2019-06-17,3167,153000,5637800,36.75,37.0,36.7,36.8,0.2,108
2019-06-18,3167,179380,6592122,36.9,37.0,36.55,36.55,-0.25,109
2019-06-19,3167,225432,8243682,36.85,36.85,36.5,36.55,0.0,126
2019-06-20,3167,107000,3912200,36.55,36.7,36.5,36.5,-0.05,86
2019-06-21,3167,126500,4620799,36.55,36.65,36.45,36.45,-0.05,96
2019-06-24,3167,193900,7016270,36.5,36.5,36.05,36.2,-0.25,136
2019-06-25,3167,251100,9000180,36.2,36.2,35.6,35.6,-0.6,148
2019-06-26,3167,144030,5099005,35.6,35.6,35.25,35.55,-0.05,90
2019-06-27,3167,102255,3654564,35.5,35.85,35.5,35.75,0.2,77
2019-06-28,3167,104002,3728721,36.2,36.2,35.65,35.65,-0.1,72
2019-07-01,3167,136100,4884430,35.75,36.0,35.75,35.9,0.25,73
2019-07-02,3167,89000,3211000,35.9,36.2,35.9,36.2,0.3,56
2019-07-03,3167,141544,5154586,36.35,36.6,36.3,36.55,0.35,98
2019-07-04,3167,112260,4087464,36.6,36.6,36.3,36.35,-0.2,78
2019-07-05,3167,42100,1528679,36.35,36.4,36.15,36.3,-0.05,37
2019-07-08,3167,53010,1927668,36.3,36.55,36.3,36.3,0.0,41
2019-07-09,3167,192000,6853450,36.3,36.3,35.4,35.65,-0.65,119
2019-07-10,3167,198518,6993490,35.7,35.7,35.05,35.2,-0.45,133
2019-07-11,3167,140508,4949356,35.2,35.45,35.1,35.35,0.15,84
2019-07-12,3167,122000,4352550,35.7,35.8,35.55,35.8,0.45,93
2019-07-15,3167,50000,1788500,35.95,35.95,35.65,35.7,-0.1,33
2019-07-16,3167,81800,2916258,35.7,35.7,35.6,35.7,0.0,60
2019-07-17,3167,80100,2846180,35.6,35.6,35.5,35.55,-0.15,58
2019-07-18,3167,69250,2461762,35.6,35.7,35.5,35.65,0.1,53
2019-07-19,3167,83000,2964150,36.0,36.0,35.6,35.75,0.1,55
2019-07-22,3167,68000,2447200,36.15,36.15,35.8,35.85,0.1,56
2019-07-23,3167,62155,2227545,36.0,36.0,35.7,35.75,-0.1,50
2019-07-24,3167,89000,3186250,35.75,35.95,35.65,35.7,-0.05,52
2019-07-25,3167,46000,1638000,35.7,35.7,35.55,35.55,-0.15,44
2019-07-26,3167,140000,4943350,35.55,35.55,35.15,35.2,-0.35,114
2019-07-29,3167,161000,5647450,35.2,35.25,35.0,35.25,0.05,108
2019-07-30,3167,40000,1406850,35.25,35.3,35.1,35.1,-0.15,33
2019-07-31,3167,114000,3990950,35.1,35.15,34.85,34.9,-0.2,75
2019-08-01,3167,43000,1505400,34.9,35.15,34.9,35.0,0.1,35
2019-08-02,3167,109000,3769650,34.9,34.9,34.45,34.7,-0.3,78
2019-08-05,3167,123000,4182150,34.6,34.6,33.55,33.8,-0.9,93
2019-08-06,3167,172155,5668775,33.5,33.7,32.6,33.0,-0.8,114
2019-08-07,3167,103116,3395886,33.1,33.25,32.65,32.7,-0.3,65
2019-08-08,3167,71000,2331250,32.75,33.05,32.6,32.75,0.05,48
2019-08-12,3167,275000,8724600,32.5,32.5,31.5,31.8,-0.95,175
2019-08-13,3167,108000,3389700,31.75,31.75,31.2,31.35,-0.45,78
2019-08-14,3167,59100,1864450,31.4,31.7,31.4,31.5,0.15,43
2019-08-15,3167,116010,3688439,31.3,32.05,31.3,31.9,0.4,87
2019-08-16,3167,183181,5964454,31.9,32.9,31.9,32.9,1.0,133
2019-08-19,3167,141000,4693150,33.4,33.45,33.0,33.05,0.15,107
2019-08-20,3167,71000,2336200,33.2,33.2,32.7,32.75,-0.3,55
2019-08-21,3167,76000,2475600,33.1,33.1,32.45,32.55,-0.2,68
2019-08-22,3167,83055,2686748,32.6,32.65,32.1,32.5,-0.05,69
2019-08-23,3167,35167,1135109,32.2,32.4,32.15,32.4,-0.1,35
2019-08-26,3167,77309,2477388,32.4,32.4,31.9,32.0,-0.4,72
2019-08-27,3167,17300,557894,32.0,32.5,32.0,32.15,0.15,20
2019-08-28,3167,48000,1540850,32.25,32.3,31.95,31.95,-0.2,37
2019-08-29,3167,39050,1256315,31.9,32.3,31.9,32.2,0.25,30
2019-08-30,3167,23000,742750,32.25,32.35,32.25,32.35,0.15,18
2019-09-02,3167,48201,1553462,32.2,32.4,32.2,32.35,0.0,32
2019-09-03,3167,58311,1876377,32.35,32.35,32.0,32.25,-0.1,44
2019-09-04,3167,35000,1131500,32.2,32.45,32.15,32.45,0.2,25
2019-09-05,3167,62945,2054910,32.35,32.9,32.35,32.8,0.35,59
2019-09-06,3167,78155,2573299,33.0,33.1,32.8,32.8,0.0,66
2019-09-09,3167,39000,1281400,33.0,33.05,32.65,32.65,-0.15,30
2019-09-10,3167,42000,1361050,32.65,32.65,32.25,32.3,-0.35,36
2019-09-11,3167,54070,1735550,32.3,32.3,32.0,32.05,-0.25,39
2019-09-12,3167,36100,1158185,32.1,32.2,32.05,32.05,0.0,27
2019-09-16,3167,48552,1554124,32.05,32.05,32.0,32.05,0.0,29
2019-09-17,3167,60835,1938552,31.9,32.15,31.8,32.0,-0.05,43
2019-09-18,3167,148882,4826783,31.9,32.95,31.9,32.75,0.75,131
2019-09-19,3167,159000,5257400,32.8,33.25,32.8,33.05,0.3,115
2019-09-20,3167,92180,3038616,33.15,33.15,32.8,32.85,-0.2,53
2019-09-23,3167,35146,1158097,32.85,33.1,32.85,32.9,0.05,22
2019-09-24,3167,64255,2121102,33.15,33.15,32.75,32.9,0.0,57
2019-09-25,3167,20200,661650,32.75,33.0,32.7,32.7,-0.2,19
2019-09-26,3167,35761,1166557,32.7,32.7,32.55,32.55,-0.15,33
2019-09-27,3167,46231,1495076,32.95,32.95,32.1,32.15,-0.4,37
2019-10-01,3167,22110,711218,32.15,32.2,32.1,32.1,-0.05,20
2019-10-02,3167,7367,237516,32.25,32.3,32.2,32.2,0.1,16
2019-10-03,3167,48001,1547583,32.3,32.45,32.1,32.15,-0.05,42
2019-10-04,3167,92000,2943850,32.05,32.15,31.9,31.9,-0.25,50
2019-10-07,3167,54550,1758904,32.2,32.3,32.1,32.25,0.35,42
2019-10-08,3167,30030,965519,32.3,32.3,32.05,32.1,-0.15,21
2019-10-09,3167,29310,939801,32.05,32.2,32.0,32.15,0.05,22
2019-10-14,3167,66331,2120724,32.25,32.25,31.9,32.0,-0.15,46
2019-10-15,3167,76128,2428269,32.1,32.2,31.5,31.8,-0.2,51
2019-10-16,3167,76020,2404990,31.8,31.95,31.55,31.95,0.15,43
2019-10-17,3167,20065,637430,31.95,31.95,31.65,31.75,-0.2,19
2019-10-18,3167,59215,1878886,31.7,31.8,31.7,31.75,0.0,37
2019-10-21,3167,30033,953249,31.75,31.85,31.65,31.75,0.0,26
2019-10-22,3167,193313,6190156,31.8,32.15,31.8,32.15,0.4,83
2019-10-23,3167,269140,8839812,32.2,33.0,32.2,32.95,0.8,214
2019-10-24,3167,411238,13879968,33.0,34.35,32.8,33.9,0.95,302
2019-10-25,3167,296030,10133335,34.1,34.7,33.9,34.7,0.8,174
2019-10-28,3167,546848,19235249,35.0,35.45,34.8,35.4,0.7,308
2019-10-29,3167,1042523,37936412,35.5,36.9,35.5,36.65,1.25,608
2019-10-30,3167,241507,8731373,36.6,36.6,36.0,36.05,-0.6,157
2019-10-31,3167,475003,16894755,36.15,36.3,35.2,35.45,-0.6,187
2019-11-01,3167,401290,14447648,35.4,36.4,35.3,36.2,0.75,202
2019-11-04,3167,202603,7384937,36.1,36.8,36.0,36.0,-0.2,149
2019-11-05,3167,183715,6685754,36.35,36.5,36.0,36.5,0.5,102
2019-11-06,3167,118578,4297158,36.5,36.5,36.1,36.25,-0.25,96
2019-11-07,3167,895099,33453694,36.1,38.0,36.0,37.6,1.35,494
2019-11-08,3167,497363,18869520,37.6,38.3,37.5,38.0,0.4,282
2019-11-11,3167,199103,7389700,38.0,38.0,36.75,36.95,-1.05,160
2019-11-12,3167,320716,12105664,37.0,38.1,37.0,37.65,0.7,168
2019-11-13,3167,81376,3058612,38.0,38.0,37.3,37.5,-0.15,61
2019-11-14,3167,107100,3996550,37.5,37.7,37.0,37.4,-0.1,74
2019-11-15,3167,372235,14133958,37.4,38.15,37.4,37.9,0.5,157
2019-11-18,3167,71614,2696443,37.9,37.9,37.5,37.75,-0.15,48
2019-11-19,3167,56350,2119507,37.85,37.9,37.4,37.45,-0.3,45
2019-11-20,3167,112050,4163212,37.4,37.6,37.0,37.3,-0.15,56
2019-11-21,3167,127463,4710181,37.0,37.25,36.5,37.2,-0.1,74
2019-11-22,3167,64082,2372842,36.85,37.2,36.85,37.1,-0.1,42
2019-11-25,3167,43100,1589540,36.8,37.0,36.8,36.9,-0.2,36
2019-11-26,3167,342360,12961515,36.8,38.15,36.65,38.1,1.2,216
2019-11-27,3167,422150,16268679,38.0,39.3,37.55,38.4,0.3,299
2019-11-28,3167,263598,10219759,38.45,39.1,37.9,39.1,0.7,136
2019-11-29,3167,311805,12217123,39.0,39.5,38.95,39.3,0.2,217
2019-12-02,3167,157187,6115035,39.3,39.3,38.4,38.9,-0.4,114
2019-12-03,3167,202300,7834984,38.9,38.95,38.45,38.5,-0.4,90
2019-12-04,3167,211030,8169474,38.4,39.05,38.35,39.0,0.5,115
2019-12-05,3167,337765,13354907,39.2,40.15,39.0,40.0,1.0,221
2019-12-06,3167,169453,6735849,40.0,40.0,39.6,39.95,-0.05,107
2019-12-09,3167,132069,5253731,39.6,40.1,39.55,39.8,-0.15,96
2019-12-10,3167,337000,13484850,39.8,40.4,39.55,40.0,0.2,153
2019-12-11,3167,279000,11069300,39.75,40.0,39.45,40.0,0.0,167
2019-12-12,3167,197000,7870500,40.0,40.2,39.5,40.05,0.05,117
2019-12-13,3167,234628,9385304,40.1,40.2,39.65,39.65,-0.4,120
2019-12-16,3167,295210,11909712,39.65,40.8,39.65,40.55,0.9,198
2019-12-17,3167,196266,7970646,40.55,40.8,40.3,40.65,0.1,107
2019-12-18,3167,1037095,43308671,40.7,42.9,40.6,42.0,1.35,561
2019-12-19,3167,281062,11797796,42.3,42.6,41.5,42.0,0.0,207
2019-12-20,3167,221282,9141407,41.7,41.8,41.05,41.4,-0.6,156
2019-12-23,3167,99206,4095386,41.45,41.5,41.05,41.3,-0.1,63
2019-12-24,3167,549606,23110481,41.2,42.8,41.2,42.55,1.25,291
2019-12-25,3167,300046,12772495,42.55,43.05,41.8,42.55,0.0,208
2019-12-26,3167,524310,22382582,42.55,42.9,42.5,42.5,-0.05,137
2019-12-27,3167,259180,11098590,42.4,43.2,42.4,42.6,0.1,153
2019-12-30,3167,167100,7124084,42.6,43.0,42.45,42.6,0.0,101
2019-12-31,3167,158200,6771100,42.45,43.1,42.45,42.6,0.0,87
2020-01-02,3167,153800,6523159,42.9,42.9,42.25,42.6,0.0,89
2020-01-03,3167,205103,8721556,42.8,42.8,42.2,42.5,-0.1,116
2020-01-06,3167,206220,8789584,42.3,43.45,42.05,42.45,-0.05,120
2020-01-07,3167,223730,9316161,42.2,42.3,41.25,41.45,-1.0,166
2020-01-08,3167,219050,8955529,41.45,41.6,40.25,40.8,-0.65,159
2020-01-09,3167,44301,1825991,40.45,41.5,40.45,41.25,0.45,42
2020-01-10,3167,187031,7934191,41.4,42.95,41.4,42.0,0.75,155
2020-01-13,3167,91000,3852600,42.2,42.95,41.8,41.95,-0.05,65
2020-01-14,3167,46003,1920124,42.0,42.0,41.55,41.7,-0.25,39
2020-01-15,3167,23003,957274,41.7,41.75,41.5,41.5,-0.2,21
2020-01-16,3167,26100,1081805,41.5,41.8,41.2,41.2,-0.3,24
2020-01-17,3167,78369,3204554,41.25,41.25,40.7,40.85,-0.35,48
2020-01-20,3167,193103,7779415,40.9,40.95,39.9,40.5,-0.35,122
2020-01-30,3167,278565,10588520,39.0,39.0,37.3,38.25,-2.25,182
2020-01-31,3167,279000,10827600,38.25,39.7,38.15,38.7,0.45,122
2020-02-03,3167,96003,3693764,37.8,38.9,37.3,38.3,-0.4,67
2020-02-04,3167,180197,6910905,39.0,39.0,38.1,38.1,-0.2,101
2020-02-05,3167,143000,5504100,38.1,38.8,37.95,38.45,0.35,78
2020-02-06,3167,63236,2461637,38.5,39.15,38.5,39.15,0.7,45
2020-02-07,3167,73031,2804851,38.8,38.8,37.95,38.75,-0.4,60
2020-02-10,3167,34035,1309454,38.75,38.95,37.6,38.75,0.0,28
2020-02-11,3167,119359,4541092,38.05,38.35,37.8,37.9,-0.85,95
2020-02-12,3167,70100,2708294,37.9,39.15,37.9,38.95,1.05,53
2020-02-13,3167,185000,7154650,38.25,38.95,38.25,38.95,0.0,93
2020-02-14,3167,173003,6760167,38.95,39.4,38.75,39.0,0.05,72
2020-02-17,3167,57351,2234168,39.0,39.0,38.65,39.0,0.0,43
2020-02-18,3167,77300,3016910,39.0,39.25,38.85,38.95,-0.05,48
2020-02-19,3167,33254,1302680,38.5,39.3,38.5,39.15,0.2,27
2020-02-20,3167,144067,5741157,39.0,40.05,39.0,39.9,0.75,119
2020-02-21,3167,41000,1633550,39.9,40.0,39.45,39.9,0.0,30
2020-02-24,3167,79155,3157286,40.2,40.2,39.55,39.85,-0.05,57
2020-02-25,3167,154001,6134439,38.7,40.1,38.7,39.95,0.1,78
2020-02-26,3167,293310,11711706,39.85,39.95,39.65,39.95,0.0,101
2020-02-27,3167,175100,6979870,38.85,40.05,38.85,39.95,0.0,114
2020-03-02,3167,218144,8814317,39.7,40.75,39.3,40.5,0.55,145
2020-03-03,3167,100030,4107473,41.0,41.5,40.7,41.0,0.5,69
2020-03-04,3167,32455,1324295,41.5,41.5,40.3,40.3,-0.7,30
2020-03-05,3167,49000,1976100,40.6,40.65,40.15,40.35,0.05,37
2020-03-06,3167,87007,3502681,40.25,40.4,39.85,40.35,0.0,54
2020-03-09,3167,570089,22638033,40.35,40.4,39.2,39.7,-0.65,178
2020-03-10,3167,145001,5734640,39.5,40.1,37.8,40.0,0.3,90
2020-03-11,3167,76100,3022030,39.0,39.9,39.0,39.8,-0.2,59
2020-03-12,3167,370103,14522896,39.75,39.75,38.5,39.5,-0.3,187
2020-03-13,3167,260583,9680637,35.8,38.5,35.8,38.0,-1.5,172
2020-03-16,3167,701030,24780215,37.05,38.05,34.2,34.25,-3.75,256
2020-03-17,3167,201735,6871440,34.25,34.55,33.2,34.25,0.0,139
2020-03-18,3167,200001,6827884,34.25,34.4,33.9,34.1,-0.15,161
2020-03-19,3167,321000,9939700,31.85,32.0,30.7,30.7,-3.4,125
2020-03-20,3167,164008,5155652,30.8,32.2,30.8,31.5,0.8,109
2020-03-23,3167,57000,1731450,31.5,31.5,30.0,30.0,-1.5,36
2020-03-24,3167,45005,1381605,31.95,31.95,30.05,30.8,0.8,32
2020-03-25,3167,140322,4490020,31.05,32.3,31.05,31.75,0.95,89
2020-03-26,3167,71000,2253300,31.65,31.9,31.45,31.9,0.15,40
2020-03-27,3167,64001,2042732,31.9,32.5,31.8,31.8,-0.1,52
2020-03-30,3167,19015,609192,31.8,33.2,31.5,32.5,0.7,18
2020-03-31,3167,50200,1615610,32.6,32.6,31.9,32.0,-0.5,34
2020-04-01,3167,51030,1660184,32.0,33.0,31.85,33.0,1.0,40
2020-04-06,3167,66024,2174543,32.9,33.4,32.3,33.3,0.3,43
2020-04-07,3167,81650,2726545,33.6,33.7,33.0,33.6,0.3,48
2020-04-08,3167,102040,3508050,33.6,34.9,33.25,34.9,1.3,65
2020-04-09,3167,66000,2313400,34.8,35.2,34.8,35.15,0.25,40
2020-04-10,3167,30031,1062750,35.15,35.6,35.05,35.4,0.25,24
2020-04-13,3167,74000,2648600,35.8,36.0,35.1,35.9,0.5,42
2020-04-14,3167,86032,3131077,35.9,37.0,35.9,37.0,1.1,48
2020-04-15,3167,146265,5529359,37.2,38.25,37.05,38.15,1.15,93
2020-04-16,3167,100000,3881200,37.05,39.1,37.05,39.1,0.95,73
2020-04-17,3167,179030,7128391,39.2,40.0,38.3,39.95,0.85,109
2020-04-20,3167,34115,1347486,39.4,39.6,39.4,39.45,-0.5,26
2020-04-21,3167,116251,4528263,39.45,39.6,38.2,38.9,-0.55,75
2020-04-22,3167,101023,3949353,38.8,39.6,38.35,39.5,0.6,33
2020-04-23,3167,126414,5049737,40.0,40.2,39.4,39.95,0.45,86
2020-04-24,3167,5000,197400,39.4,39.6,39.4,39.6,-0.35,5
2020-04-27,3167,67000,2675850,40.0,40.0,39.65,39.9,0.3,32
2020-04-28,3167,29000,1159250,39.7,40.1,39.7,40.0,0.1,17
2020-04-29,3167,98520,3909496,39.7,40.0,39.55,40.0,0.0,67
2020-04-30,3167,141979,5692803,39.6,40.5,39.6,40.5,0.5,82
2020-05-04,3167,95502,3836830,40.2,40.5,39.75,40.5,0.0,69
2020-05-05,3167,65025,2622215,40.5,40.55,40.0,40.2,-0.3,43
2020-05-06,3167,62575,2511600,40.0,40.45,40.0,40.25,0.05,44
2020-05-07,3167,47155,1908164,40.4,40.65,40.3,40.3,0.05,29
2020-05-08,3167,53100,2160739,40.3,41.1,40.3,41.1,0.8,39
2020-05-11,3167,124397,5144153,41.1,41.7,40.95,41.7,0.6,76
2020-05-12,3167,64000,2656000,41.45,42.0,41.0,41.7,0.0,41
2020-05-13,3167,328025,13906067,41.6,42.7,41.6,42.7,1.0,161
2020-05-14,3167,122554,5181781,42.7,42.7,41.8,42.55,-0.15,89
2020-05-15,3167,433371,18590140,42.5,43.25,42.3,43.05,0.5,234
2020-05-18,3167,125100,5375055,42.65,43.15,42.3,43.1,0.05,81
2020-05-19,3167,76222,3195340,43.1,43.1,41.35,41.35,-1.75,61
2020-05-20,3167,74162,3049662,41.35,41.6,40.4,40.4,-0.95,35
2020-05-21,3167,70465,2856339,40.5,40.85,40.4,40.5,0.1,34
2020-05-22,3167,222300,8739160,40.5,40.65,39.15,39.2,-1.3,47
2020-05-25,3167,43121,1686874,39.2,39.3,39.0,39.15,-0.05,30
2020-05-26,3167,26129,1033119,39.5,39.8,39.25,39.5,0.35,21
2020-05-27,3167,10015,396047,40.35,40.35,39.45,39.45,-0.05,9
2020-05-28,3167,29130,1151027,40.15,40.15,39.3,39.3,-0.15,20
2020-05-29,3167,35005,1385249,40.0,40.0,39.3,39.5,0.2,17
2020-06-01,3167,30465,1226207,39.5,40.7,39.5,40.0,0.5,25
2020-06-02,3167,54200,2174629,39.9,40.65,39.9,40.15,0.15,37
2020-06-03,3167,102849,4131528,40.15,40.8,39.9,40.45,0.3,61
2020-06-04,3167,20000,812800,40.45,40.9,40.4,40.85,0.4,18
2020-06-05,3167,21010,849507,40.3,40.75,40.3,40.75,-0.1,15
2020-06-08,3167,44000,1779650,40.15,40.75,40.05,40.5,-0.25,26
2020-06-09,3167,145000,5907250,40.5,41.4,40.5,41.2,0.7,81
2020-06-10,3167,120675,5005490,41.1,41.7,41.1,41.4,0.2,85
2020-06-11,3167,90100,3687840,41.0,41.15,40.5,41.1,-0.3,51
2020-06-12,3167,43297,1749437,39.25,40.95,39.25,40.95,-0.15,39
2020-06-15,3167,139240,5696015,40.95,41.2,40.25,40.95,0.0,80
2020-06-16,3167,102110,4046650,39.1,40.9,39.1,40.25,0.0,70
2020-06-17,3167,103000,4145450,39.95,40.5,39.95,40.45,0.2,60
2020-06-18,3167,34085,1383367,40.45,40.8,40.2,40.5,0.05,25
2020-06-19,3167,207696,8553949,39.7,42.3,39.7,41.15,0.65,136
2020-06-22,3167,59055,2422763,41.85,41.85,40.65,41.3,0.15,48
2020-06-23,3167,96065,3963484,41.3,41.35,40.8,41.35,0.05,42
2020-06-24,3167,144350,5983905,41.3,41.75,41.0,41.5,0.15,80
2020-06-29,3167,84960,3533177,41.5,42.0,41.3,42.0,0.5,45
2020-06-30,3167,74980,3130318,42.0,42.0,41.0,41.85,-0.15,52
2020-07-01,3167,158280,6656387,41.5,42.4,41.3,42.1,0.25,90
2020-07-02,3167,124775,5239856,42.35,42.35,41.6,42.0,-0.1,62
2020-07-03,3167,174756,7333629,42.0,42.5,41.5,42.5,0.5,95
2020-07-06,3167,300659,12841859,42.5,43.7,42.0,42.0,-0.5,166
2020-07-07,3167,231184,9462157,42.1,42.1,40.2,40.8,-1.2,98
2020-07-08,3167,47125,1922105,40.25,41.0,40.25,40.9,0.1,45
2020-07-09,3167,581561,24812053,42.25,43.65,41.2,42.8,1.9,373
2020-07-10,3167,143229,5921989,43.0,43.0,40.6,41.25,-1.55,80
2020-07-13,3167,85090,3567653,42.1,42.45,41.4,41.7,0.45,55
2020-07-14,3167,61015,2539527,41.85,41.85,41.4,41.7,0.0,41
2020-07-15,3167,962008,42363707,41.7,45.8,41.7,45.45,3.75,569
2020-07-16,3167,1064806,49387382,46.0,47.45,44.55,46.95,1.5,763
2020-07-17,3167,989835,46522791,47.1,48.0,44.9,48.0,1.05,830
2020-07-20,3167,618605,29347872,48.0,48.45,46.4,46.4,-1.6,419
2020-07-21,3167,253250,11755699,46.6,47.6,45.2,45.7,-0.7,192
2020-07-22,3167,242461,10992373,46.0,46.1,44.9,44.95,-0.75,171
2020-07-23,3167,151451,6747144,45.0,45.4,44.1,44.35,-0.6,117
2020-07-24,3167,103600,4542670,44.35,44.35,43.0,43.5,-0.85,87
2020-07-27,3167,172500,7399974,43.5,44.5,42.3,42.3,-1.2,119
2020-07-28,3167,113155,4756567,43.0,43.0,41.6,41.6,-0.7,87
2020-07-29,3167,35100,1478059,41.25,42.9,41.25,42.05,0.45,37
2020-07-30,3167,27250,1159050,42.15,43.0,42.1,42.6,0.55,24
2020-07-31,3167,107005,4647617,42.8,43.75,42.8,43.6,1.0,88
2020-08-03,3167,86000,3714400,43.6,44.3,42.8,44.0,0.4,60
2020-08-04,3167,74102,3255272,44.1,44.1,43.6,43.85,-0.15,49
2020-08-05,3167,33107,1447958,43.85,44.0,43.4,44.0,0.15,30
2020-08-06,3167,176000,7789500,44.55,44.6,44.0,44.6,0.6,121
2020-08-07,3167,64000,2846200,44.8,44.9,44.35,44.6,0.0,56
2020-08-10,3167,85100,3771450,44.65,45.05,43.35,44.15,-0.45,68
2020-08-11,3167,54200,2363099,43.5,44.0,43.35,43.35,-0.8,40
2020-08-12,3167,86193,3739816,43.5,43.6,43.25,43.45,0.1,51
2020-08-13,3167,107000,4691650,43.5,44.25,43.45,43.6,0.15,78
2020-08-14,3167,37549,1639407,43.7,43.75,43.6,43.7,0.1,30
2020-08-17,3167,63400,2796739,44.6,44.6,43.55,44.15,0.45,47
2020-08-18,3167,42000,1845000,44.45,44.45,43.8,43.95,-0.2,35
2020-08-19,3167,96050,4186945,44.0,44.0,43.5,43.5,-0.45,64
2020-08-20,3167,140000,5962200,43.6,43.6,42.1,42.5,-1.0,106
2020-08-21,3167,63134,2722696,43.0,44.0,42.95,44.0,1.5,46
2020-08-24,3167,27011,1188286,43.6,44.2,43.6,44.0,0.0,22
2020-08-25,3167,18155,797835,44.0,44.05,43.8,43.9,-0.1,15
2020-08-26,3167,137310,6061402,43.9,44.65,43.9,44.3,0.4,83
2020-08-27,3167,45300,2013309,44.6,45.0,44.15,44.35,0.05,41
2020-08-28,3167,30000,1324550,44.3,44.35,44.0,44.35,0.0,20
2020-08-31,3167,48000,2127750,44.35,44.75,44.1,44.2,-0.15,31
2020-09-01,3167,26000,1144450,44.1,44.1,43.9,44.0,-0.2,17
2020-09-02,3167,26000,1142650,44.1,44.1,43.85,43.9,-0.1,24
2020-09-03,3167,36100,1585470,44.6,44.6,43.8,43.8,-0.1,29
2020-09-04,3167,53738,2321453,42.8,43.8,42.8,43.6,-0.2,34
2020-09-07,3167,175450,7870192,44.4,45.5,44.15,44.25,0.65,144
2020-09-08,3167,34000,1503550,44.25,44.3,44.0,44.0,-0.25,32
2020-09-09,3167,26765,1162677,42.85,43.8,42.85,43.7,-0.3,29
2020-09-10,3167,52150,2288662,43.7,44.5,43.65,43.7,0.0,46
2020-09-11,3167,69000,2986600,43.0,43.5,43.0,43.45,-0.25,49
2020-09-14,3167,24000,1041250,42.95,43.9,42.95,43.5,0.05,18
2020-09-15,3167,30150,1321777,43.9,43.9,43.3,43.85,0.35,16
2020-09-16,3167,17820,782616,43.85,44.4,43.85,43.9,0.05,18
2020-09-17,3167,40070,1759859,43.75,44.1,43.75,44.0,0.1,30
2020-09-18,3167,63182,2793830,44.0,44.75,44.0,44.65,0.65,54
2020-09-21,3167,127000,5691050,44.65,45.3,44.4,45.1,0.45,73
2020-09-22,3167,125184,5638716,44.55,45.6,44.15,44.9,-0.2,93
2020-09-23,3167,2604736,123066172,45.8,48.95,43.85,43.85,-1.05,1897
2020-09-24,3167,494000,21169000,43.8,43.85,42.35,42.5,-1.35,328
2020-09-25,3167,225200,9619940,42.5,43.85,41.85,42.3,-0.2,154
2020-09-28,3167,178000,7697250,42.85,43.8,42.55,43.8,1.5,109
2020-09-29,3167,42050,1833550,43.65,43.8,43.4,43.6,-0.2,35
2020-09-30,3167,56809,2475522,43.6,43.7,43.4,43.7,0.1,40
2020-10-05,3167,89030,3839735,43.75,43.75,42.85,42.85,-0.85,73
2020-10-06,3167,57050,2463917,42.95,43.75,42.9,43.35,0.5,47
2020-10-07,3167,26534,1143997,43.0,43.3,42.9,43.3,-0.05,21
2020-10-08,3167,63104,2773426,43.85,44.5,43.5,44.0,0.7,54
2020-10-12,3167,56002,2478938,44.05,44.8,44.05,44.1,0.1,49
2020-10-13,3167,39000,1735500,44.85,44.9,44.2,44.25,0.15,37
2020-10-14,3167,30100,1321000,44.25,44.25,43.6,43.95,-0.3,27
2020-10-15,3167,53055,2314703,43.95,43.95,43.55,43.65,-0.3,33
2020-10-16,3167,37170,1627520,43.65,44.0,43.65,43.7,0.05,31
2020-10-19,3167,51230,2259747,44.0,44.4,43.9,44.2,0.5,44
2020-10-20,3167,62080,2752236,44.4,44.5,44.2,44.25,0.05,34
2020-10-21,3167,25000,1102900,44.25,44.3,43.95,44.15,-0.1,24
2020-10-22,3167,19000,834900,44.15,44.15,43.85,43.85,-0.3,17
2020-10-23,3167,24105,1057028,43.9,44.0,43.75,43.85,0.0,19
2020-10-26,3167,69000,3022300,43.9,43.9,43.7,43.75,-0.1,53
2020-10-27,3167,60100,2622300,43.75,44.0,43.2,43.75,0.0,45
2020-10-28,3167,83000,3587000,43.25,43.6,42.95,43.1,-0.65,66
2020-10-29,3167,25000,1075100,43.8,43.8,42.9,42.9,-0.2,25
2020-10-30,3167,39000,1666550,43.1,43.1,42.55,42.55,-0.35,24
2020-11-02,3167,35663,1507016,42.55,42.55,42.0,42.0,-0.55,34
2020-11-03,3167,11000,469600,43.15,43.15,42.5,42.6,0.6,10
2020-11-04,3167,11065,475495,43.1,43.1,42.75,42.75,0.15,11
2020-11-05,3167,17055,729697,42.65,42.9,42.65,42.7,-0.05,13
2020-11-06,3167,37000,1579700,42.6,42.7,42.6,42.65,-0.05,27
2020-11-09,3167,18100,776280,42.85,43.0,42.8,42.9,0.25,15
2020-11-10,3167,42000,1797050,42.9,42.9,42.65,42.75,-0.15,25
2020-11-11,3167,60709,2602495,42.65,43.2,42.4,43.05,0.3,42
2020-11-12,3167,70000,3005950,43.05,43.4,42.6,43.05,0.0,49
2020-11-13,3167,80000,3425100,43.05,43.05,42.35,43.05,0.0,48
2020-11-16,3167,88465,3796275,43.1,43.45,42.6,42.8,-0.25,63
2020-11-17,3167,59315,2550919,42.85,43.2,42.85,42.95,0.15,40
2020-11-18,3167,134300,5846010,43.1,44.0,43.1,44.0,1.05,70
2020-11-19,3167,71590,3152360,44.0,44.25,43.7,44.1,0.1,42
2020-11-20,3167,49630,2191333,44.1,44.4,43.95,44.35,0.25,36
2020-11-23,3167,113310,5007842,44.55,44.55,44.0,44.05,-0.3,58
2020-11-24,3167,24209,1063656,44.3,44.3,43.8,43.85,-0.2,18
2020-11-25,3167,101000,4389150,43.85,43.85,43.1,43.15,-0.7,50
2020-11-26,3167,25440,1099377,43.2,43.3,43.15,43.3,0.15,25
2020-11-27,3167,35055,1528081,43.5,43.8,43.3,43.8,0.5,24
2020-11-30,3167,69000,3053000,44.25,44.5,44.0,44.0,0.2,52
2020-12-01,3167,100377,4457291,44.35,44.6,44.05,44.35,0.35,79
2020-12-02,3167,77120,3426878,44.7,44.7,44.3,44.45,0.1,53
2020-12-03,3167,115466,5180093,44.45,45.2,44.45,44.6,0.15,91
2020-12-04,3167,105000,4699850,45.0,45.1,44.6,44.7,0.1,63
2020-12-07,3167,76005,3383021,44.95,45.0,44.15,44.4,-0.3,45
2020-12-08,3167,119316,5297652,44.5,44.55,44.3,44.4,0.0,60
2020-12-09,3167,411247,18764252,44.4,47.0,44.4,46.2,1.8,251
2020-12-10,3167,174052,7961451,46.2,46.2,45.3,45.6,-0.6,115
2020-12-11,3167,50713,2312460,45.7,45.8,45.4,45.75,0.15,43
2020-12-14,3167,145223,6710141,46.0,46.55,45.95,46.1,0.35,92
2020-12-15,3167,156090,7235489,46.15,46.65,45.9,45.95,-0.15,85
2020-12-16,3167,315644,14904973,46.6,48.0,46.6,47.2,1.25,213
2020-12-17,3167,146150,6918979,47.2,48.0,47.05,47.2,0.0,88
2020-12-18,3167,99130,4673176,47.2,47.5,46.9,47.2,0.0,54
2020-12-21,3167,110245,5192860,47.25,47.8,46.95,47.1,-0.1,72
2020-12-22,3167,225106,10401715,47.1,47.1,45.5,45.5,-1.6,131
2020-12-23,3167,50660,2330160,45.6,46.3,45.3,46.0,0.5,32
2020-12-24,3167,27000,1245500,46.1,46.2,46.0,46.1,0.1,19
2020-12-25,3167,55600,2568889,46.2,46.55,45.9,46.15,0.05,38
2020-12-28,3167,112130,5165214,46.2,46.25,45.7,46.2,0.05,69
2020-12-29,3167,185030,8667286,46.35,47.25,46.35,47.1,0.9,123
2020-12-30,3167,288325,13656592,48.05,48.2,46.0,46.6,-0.5,169
2020-12-31,3167,61000,2831000,46.4,46.7,46.1,46.5,-0.1,51
2021-01-04,3167,78535,3649202,46.5,46.6,46.4,46.4,-0.1,68
2021-01-05,3167,181100,8404130,46.4,46.6,46.3,46.4,0.0,117
2021-01-06,3167,603056,27175469,46.4,46.7,43.45,44.6,-1.8,308
2021-01-07,3167,141232,6356189,44.7,45.8,44.6,45.8,1.2,102
2021-01-08,3167,217000,10117100,46.8,47.05,46.3,46.35,0.55,166
2021-01-11,3167,66192,3061120,46.4,46.5,46.0,46.35,0.0,60
2021-01-12,3167,225052,10285658,45.85,46.35,45.1,45.1,-1.25,109
2021-01-13,3167,95585,4308256,45.25,45.4,45.0,45.0,-0.1,70
2021-01-14,3167,241266,10856121,45.0,45.35,44.8,44.8,-0.2,138
2021-01-15,3167,132247,5905714,44.8,45.05,44.3,44.3,-0.5,82
2021-01-18,3167,56449,2486124,44.3,44.3,43.7,44.0,-0.3,45
2021-01-19,3167,25024,1112334,44.9,44.9,44.15,44.15,0.15,24
2021-01-20,3167,110057,4809378,44.15,44.15,43.5,43.55,-0.6,83
2021-01-21,3167,78171,3400244,43.55,43.8,43.35,43.45,-0.1,56
2021-01-22,3167,54426,2357200,43.25,43.5,43.2,43.5,0.05,40
2021-01-25,3167,23315,1023841,43.5,44.1,43.5,44.1,0.6,19
2021-01-26,3167,33000,1442650,44.0,44.0,43.6,43.65,-0.45,25
2021-01-27,3167,48993,2155542,43.85,44.2,43.8,44.05,0.4,25
2021-01-28,3167,71010,3132641,43.7,44.25,43.7,44.2,0.15,37
2021-01-29,3167,101000,4452450,44.2,44.4,43.6,44.05,-0.15,58
2021-02-01,3167,65000,2863300,43.65,44.75,43.5,44.3,0.25,48
2021-02-02,3167,42001,1872744,44.6,45.0,44.5,44.5,0.2,25
2021-02-03,3167,96000,4281950,44.65,44.75,44.4,44.6,0.1,55
2021-02-04,3167,83174,3707457,44.4,44.6,44.4,44.55,-0.05,29
2021-02-05,3167,70001,3137194,44.6,44.9,44.6,44.85,0.3,51
2021-02-17,3167,348134,16301609,47.0,47.3,46.3,47.15,2.3,226
2021-02-18,3167,500968,23980256,48.0,48.2,47.0,47.2,0.05,306
2021-02-19,3167,439200,21101096,47.35,48.6,47.35,48.6,1.4,272
2021-02-22,3167,501762,25085232,49.15,51.4,49.15,50.2,1.6,367
2021-02-23,3167,151250,7532469,50.2,50.2,49.2,49.9,-0.3,136
2021-02-24,3167,129604,6449521,49.5,50.1,49.5,49.75,-0.15,112
2021-02-25,3167,270477,13547660,50.8,50.8,49.6,49.9,0.15,163
2021-02-26,3167,256500,12814327,49.9,50.5,48.55,49.9,0.0,175
2021-03-02,3167,420837,21789496,52.3,52.9,50.9,51.0,1.1,320
2021-03-03,3167,306649,15863522,51.6,52.3,51.2,51.8,0.8,214
2021-03-04,3167,207032,10625055,52.0,52.0,50.8,51.4,-0.4,159
2021-03-05,3167,173360,8891377,51.4,51.8,50.5,51.5,0.1,117
2021-03-08,3167,3184795,178026923,52.6,56.6,52.6,56.2,4.7,1942
2021-03-09,3167,1905025,107235096,56.5,58.0,55.0,56.3,0.1,1347
2021-03-10,3167,395229,22115320,55.9,56.6,55.5,56.3,0.0,294
2021-03-11,3167,497931,28277137,56.3,57.6,56.3,56.7,0.4,360
2021-03-12,3167,949911,54622570,57.0,58.8,55.8,57.8,1.1,657
2021-03-15,3167,479763,27910838,59.2,59.2,57.8,58.0,0.2,339
2021-03-16,3167,707499,40523689,57.6,58.0,56.7,56.7,-1.3,463
2021-03-17,3167,363053,20781021,56.8,57.7,56.7,57.0,0.3,249
2021-03-18,3167,304748,17594254,57.7,58.3,57.2,58.3,1.3,225
2021-03-19,3167,249430,14418785,58.3,58.3,57.4,57.9,-0.4,181
2021-03-22,3167,162260,9388848,58.5,58.5,57.6,57.6,-0.3,132
2021-03-23,3167,225265,13072698,57.7,58.5,57.7,57.8,0.2,170
2021-03-24,3167,327740,19176220,57.9,59.0,57.9,58.4,0.6,234
2021-03-25,3167,1466172,89523471,58.8,63.3,58.8,59.5,1.1,1095
2021-03-26,3167,384250,23157634,61.4,61.4,59.4,60.7,1.2,285
2021-03-29,3167,475323,29348663,61.9,62.5,61.3,62.2,1.5,309
2021-03-30,3167,259051,16078521,62.8,62.9,61.6,62.5,0.3,204
2021-03-31,3167,356337,22376540,62.5,63.7,61.8,63.0,0.5,274
2021-04-01,3167,1243671,81693382,63.6,67.8,63.6,66.8,3.8,908
2021-04-06,3167,1597114,114191420,69.0,73.4,67.6,73.4,6.6,1077
2021-04-07,3167,2477922,191309891,73.4,79.4,73.3,79.4,6.0,1713
2021-04-08,3167,2079730,166296926,80.0,83.5,77.0,79.4,0.0,1493
2021-04-09,3167,1480233,113915868,77.6,79.7,75.5,75.5,-3.9,1022
2021-04-12,3167,850701,63765132,76.0,76.8,74.1,74.8,-0.7,596
2021-04-13,3167,749167,55863756,74.8,76.1,72.8,72.9,-1.9,533
2021-04-14,3167,1131023,78746306,73.0,73.4,66.9,69.0,-3.9,819
2021-04-15,3167,980138,71504956,70.8,74.8,70.0,73.6,4.6,767
2021-04-16,3167,1332144,100253777,74.5,77.1,73.3,74.1,0.5,1023
2021-04-19,3167,376071,27407644,74.1,74.2,72.0,72.7,-1.4,317
2021-04-20,3167,338542,24997088,72.7,74.6,72.1,74.3,1.6,253
2021-04-21,3167,381232,28060169,75.2,75.2,73.0,73.4,-0.9,284
2021-04-22,3167,651421,46771381,73.5,73.9,70.3,70.6,-2.8,454
2021-04-23,3167,394333,28503098,70.8,73.7,70.6,73.4,2.8,304
2021-04-26,3167,362184,26319572,74.0,74.0,72.2,73.0,-0.4,249
2021-04-27,3167,375653,27657173,74.0,74.9,72.5,72.6,-0.4,284
2021-04-28,3167,519585,36938872,72.2,72.2,70.5,71.3,-1.3,372
2021-04-29,3167,263976,18737432,71.3,72.0,70.4,70.4,-0.9,196
2021-05-03,3167,368317,25641602,70.4,71.8,68.0,68.1,-2.3,293
2021-05-04,3167,436338,29400977,69.0,69.4,65.1,68.5,0.4,329
2021-05-05,3167,489054,34403730,70.0,71.8,68.7,68.7,0.2,405
2021-05-06,3167,220365,15033462,70.9,70.9,66.6,67.7,-1.0,195
2021-05-07,3167,155432,10729384,68.3,69.7,67.9,69.7,2.0,128
2021-05-10,3167,118146,8089401,69.5,69.5,67.8,68.0,-1.7,174
2021-05-11,3167,386261,25464039,68.0,68.0,64.5,64.7,-3.3,296
2021-05-12,3167,638131,38615568,63.5,63.5,58.4,60.8,-3.9,462
2021-05-13,3167,306813,18944200,58.6,64.0,58.5,61.1,0.3,237
2021-05-14,3167,195449,12073045,63.0,63.0,60.7,61.2,0.1,134
2021-05-17,3167,324193,18529776,55.2,59.8,55.2,56.8,-4.4,230
2021-05-18,3167,306310,18303264,56.0,61.0,56.0,60.3,3.5,224
2021-05-19,3167,220912,13685427,60.7,63.5,60.7,61.8,1.5,134
2021-05-20,3167,49000,2998100,62.0,62.1,60.6,60.9,-0.9,40
2021-05-21,3167,210650,13072719,61.6,63.4,61.0,62.0,1.1,131
2021-05-24,3167,106000,6614000,62.0,63.0,61.5,63.0,1.0,66
2021-05-25,3167,159104,10122666,64.0,64.4,63.2,63.7,0.7,112
2021-05-26,3167,124213,7935378,64.9,64.9,63.1,63.1,-0.6,119
2021-05-27,3167,64168,4012246,63.1,63.1,62.0,63.0,-0.1,65
2021-05-28,3167,41101,2602763,64.0,64.0,63.0,63.3,0.3,42
2021-05-31,3167,69331,4396438,62.8,63.6,62.8,63.4,0.1,63
2021-06-01,3167,189337,12337438,63.6,67.1,63.5,66.7,3.3,160
2021-06-02,3167,333109,22007497,68.6,68.6,64.5,65.6,-1.1,252
2021-06-03,3167,498319,33845331,67.5,69.2,66.2,68.8,3.2,387
2021-06-04,3167,495923,34298929,69.3,71.0,68.0,68.2,-0.6,392
2021-06-07,3167,294968,20107278,69.3,69.3,67.2,68.0,-0.2,222
2021-06-08,3167,305440,20823315,68.6,68.6,67.7,68.1,0.1,230
2021-06-09,3167,214372,13971159,65.0,65.6,64.7,64.9,0.0,161
2021-06-10,3167,245171,15696641,64.9,64.9,63.1,63.9,-1.0,188
2021-06-11,3167,423701,26464375,62.8,63.1,62.0,62.4,-1.5,342
2021-06-15,3167,106938,6714781,63.0,63.2,62.2,63.0,0.6,85
2021-06-16,3167,86342,5426246,63.2,63.2,62.3,62.3,-0.7,75
2021-06-17,3167,39599,2488735,63.1,63.1,62.6,62.8,0.5,43
2021-06-18,3167,90485,5650073,63.2,63.2,62.2,62.5,-0.3,79
2021-06-21,3167,93061,5808713,63.0,63.0,61.8,61.9,-0.6,74
2021-06-22,3167,161030,9889460,61.9,62.0,60.6,61.1,-0.8,132
2021-06-23,3167,114712,7083644,62.0,62.2,61.2,61.4,0.3,87
2021-06-24,3167,157235,9756805,61.4,62.8,61.4,62.1,0.7,118
2021-06-25,3167,396145,25501936,62.9,65.3,62.8,64.8,2.7,304
2021-06-28,3167,172934,11223809,65.5,65.5,64.5,64.5,-0.3,147
2021-06-29,3167,119117,7579536,64.6,64.6,63.0,63.2,-1.3,95
2021-06-30,3167,118055,7444370,62.7,64.4,62.6,63.0,-0.2,91
2021-07-01,3167,142153,8878417,63.5,63.5,61.8,62.0,-1.0,117
2021-07-02,3167,62575,3904083,62.5,63.0,61.9,62.6,0.6,66
2021-07-05,3167,152155,9667402,63.0,64.5,62.7,64.3,1.7,121
2021-07-06,3167,427395,28248988,67.7,67.7,65.2,65.2,0.9,361
2021-07-07,3167,215210,14068192,65.2,65.7,64.8,65.4,0.2,133
2021-07-08,3167,97482,6339715,65.3,65.5,64.4,64.9,-0.5,79
2021-07-09,3167,109040,6983564,65.3,65.3,63.6,64.1,-0.8,88
2021-07-12,3167,133210,8508145,64.3,64.3,63.5,63.6,-0.5,105
2021-07-13,3167,317595,20517518,65.0,65.6,63.6,63.6,0.0,248
2021-07-14,3167,149173,9401603,64.5,64.5,62.6,63.1,-0.5,123
2021-07-15,3167,265532,17160749,63.9,65.5,63.3,65.0,1.9,188
2021-07-16,3167,417030,27569039,65.3,67.0,65.0,65.8,0.8,321
2021-07-19,3167,206111,13633784,66.8,66.8,65.4,66.1,0.3,175
2021-07-20,3167,183107,11940792,66.1,66.1,64.8,65.1,-1.0,144
2021-07-21,3167,164495,10612611,65.9,65.9,64.1,64.2,-0.9,152
2021-07-22,3167,1377779,94152209,65.3,70.4,64.7,70.0,5.8,990
2021-07-23,3167,2287043,172439108,73.0,77.0,72.3,77.0,7.0,1308
2021-07-26,3167,6842427,565209007,84.7,84.7,78.5,80.0,3.0,3160
2021-07-27,3167,3062609,239070434,81.0,82.7,73.3,74.0,-6.0,2127
2021-07-28,3167,1728348,124693231,76.0,76.0,66.8,75.1,1.1,1274
2021-07-29,3167,895960,66550080,76.9,76.9,72.5,73.3,-1.8,638
2021-07-30,3167,1979517,156147260,74.1,80.6,73.7,80.6,7.3,1186
2021-08-02,3167,3315292,260187676,82.1,83.7,74.1,77.5,-3.1,2032
2021-08-03,3167,834841,65188035,77.4,80.2,76.1,77.5,0.0,650
2021-08-04,3167,488004,37252492,78.5,79.4,75.3,75.3,-2.2,414
2021-08-05,3167,701697,51748788,75.5,75.7,72.3,73.3,-2.0,513
2021-08-06,3167,1474817,113251857,74.0,78.7,73.6,76.1,2.8,1065
2021-08-09,3167,825368,63452473,77.9,78.6,74.9,75.8,-0.3,541
2021-08-10,3167,365184,27008972,76.0,76.3,73.2,73.7,-2.1,298
2021-08-11,3167,555998,39410455,72.5,73.3,69.0,69.0,-4.7,459
2021-08-12,3167,205168,14316764,70.0,70.6,69.0,69.1,0.1,181
2021-08-13,3167,312758,21591444,69.5,70.6,67.3,68.8,-0.3,252
2021-08-16,3167,285296,19171193,67.1,70.0,65.5,67.2,-1.6,234
2021-08-17,3167,128842,8665183,67.6,68.7,66.2,66.3,-0.9,108
2021-08-18,3167,402903,26590194,64.3,68.1,64.2,67.9,1.6,245
2021-08-19,3167,253250,16835878,67.7,67.7,65.7,65.7,-2.2,165
2021-08-20,3167,112304,7359487,66.0,66.8,65.0,65.0,-0.7,103
2021-08-23,3167,186468,12475456,66.2,67.8,66.1,67.0,2.0,133
2021-08-24,3167,162318,10749147,67.5,67.7,65.4,65.5,-1.5,127
2021-08-25,3167,139804,9331266,65.4,67.9,65.4,67.0,1.5,133
2021-08-26,3167,137000,9118900,66.9,67.2,66.0,66.0,-1.0,109
2021-08-27,3167,52635,3491500,66.0,66.7,65.8,66.3,0.3,54
2021-08-30,3167,69769,4631099,66.4,67.0,66.0,66.2,-0.1,59
2021-08-31,3167,92112,6088913,66.2,66.4,65.9,65.9,-0.3,73
2021-09-01,3167,101042,6763633,65.7,67.6,65.7,67.6,1.7,91
2021-09-02,3167,754195,53402801,68.2,73.3,68.0,71.0,3.4,628
2021-09-03,3167,385285,27521405,73.3,73.4,70.0,70.6,-0.4,327
2021-09-06,3167,197438,13601822,71.2,71.2,66.8,66.8,-3.8,176
2021-09-07,3167,239015,15765901,67.0,67.9,64.0,66.0,-0.8,174
2021-09-08,3167,121245,7966242,65.5,66.8,65.0,65.8,-0.2,96
2021-09-09,3167,73110,4775194,64.2,66.4,64.2,65.3,-0.5,55
2021-09-10,3167,47065,3097740,66.2,66.4,65.3,66.4,1.1,42
2021-09-13,3167,40101,2653505,65.9,66.5,65.9,66.1,-0.3,36
2021-09-14,3167,179300,12154140,66.1,68.5,66.1,67.1,1.0,145
2021-09-15,3167,104005,6971035,67.4,68.9,66.3,66.4,-0.7,78
2021-09-16,3167,76257,5093563,67.9,67.9,66.4,66.8,0.4,55
2021-09-17,3167,526181,36864549,66.8,71.5,66.8,70.9,4.1,412
2021-09-22,3167,177020,12159580,69.3,69.7,67.5,68.2,-2.7,137
2021-09-23,3167,711611,51449097,70.0,74.0,70.0,72.4,4.2,661
2021-09-24,3167,1023082,76194740,73.8,75.6,73.0,75.0,2.6,797
2021-09-27,3167,742888,55699380,76.4,76.8,73.5,74.0,-1.0,517
2021-09-28,3167,303490,21762916,74.0,74.0,70.8,71.6,-2.4,252
2021-09-29,3167,1075540,77806848,69.0,74.4,69.0,70.8,-0.8,624
2021-09-30,3167,236746,16841380,71.5,71.9,70.3,71.9,1.1,174
2021-10-01,3167,483579,34436043,71.9,72.4,70.2,70.5,-1.4,336
2021-10-04,3167,256817,17906578,71.6,71.9,68.8,68.8,-1.7,230
2021-10-05,3167,457030,32221144,68.5,72.4,67.5,71.6,2.8,320
2021-10-06,3167,196000,13934400,72.7,72.7,70.4,70.6,-1.0,149
2021-10-07,3167,263389,18830276,72.5,72.5,70.5,71.1,0.5,201
2021-10-08,3167,181857,13007107,71.9,72.7,70.8,71.1,0.0,228
2021-10-12,3167,268503,18693972,71.0,71.0,69.1,69.3,-1.8,226
2021-10-13,3167,157247,10824435,70.0,70.0,68.2,68.5,-0.8,129
2021-10-14,3167,144000,9965900,69.4,70.1,68.7,69.1,0.6,86
2021-10-15,3167,574794,41497673,70.1,73.7,69.6,72.6,3.5,501
2021-10-18,3167,174341,12568054,73.4,73.4,71.0,71.6,-1.0,173
2021-10-19,3167,169000,12251800,73.0,73.1,71.1,73.0,1.4,122
2021-10-20,3167,161596,11793260,73.1,73.7,72.2,73.5,0.5,128
2021-10-21,3167,317769,23332489,73.8,74.5,72.8,72.9,-0.6,171
2021-10-22,3167,406642,30124773,73.0,75.0,72.5,74.5,1.6,433
2021-10-25,3167,126202,9371476,74.3,75.0,73.6,74.7,0.2,121
2021-10-26,3167,480298,36498730,78.0,78.0,75.1,75.5,0.8,371
2021-10-27,3167,1617020,127764099,75.5,81.0,75.5,81.0,5.5,1054
2021-10-28,3167,923632,74222904,81.2,82.0,79.4,80.5,-0.5,655
2021-10-29,3167,803667,65029373,80.5,82.6,79.8,80.8,0.3,657
2021-11-01,3167,12714451,1107195430,86.3,88.8,80.5,80.5,-0.3,4206
2021-11-02,3167,1849742,142726616,80.1,80.1,74.0,76.1,-4.4,1230
2021-11-03,3167,1461480,116935798,77.6,82.0,77.3,81.6,5.5,1647
2021-11-04,3167,1140595,94446432,82.0,84.2,80.3,83.0,1.4,907
2021-11-05,3167,1514373,129321577,83.8,88.0,83.5,86.4,3.4,1165
2021-11-08,3167,1203191,101449219,85.1,86.3,82.9,84.8,-1.6,879
2021-11-09,3167,1005107,85315831,84.8,86.9,83.0,85.0,0.2,928
2021-11-10,3167,2037886,179862944,85.0,90.6,85.0,87.9,2.9,1395
2021-11-11,3167,647308,56525400,87.9,88.6,86.2,87.0,-0.9,431
2021-11-12,3167,1756556,158606097,87.8,91.9,87.8,91.2,4.2,1141
2021-11-15,3167,3732682,332454553,91.2,95.1,91.2,95.0,3.8,1141
2021-11-16,3167,2042403,193371267,92.3,96.6,92.0,96.3,1.3,1128
2021-11-17,3167,3669233,374573434,95.6,105.5,95.4,105.0,8.7,2669
2021-11-18,3167,2160997,224559621,105.0,107.0,100.0,103.5,-1.5,1529
2021-11-19,3167,1036804,106912917,103.5,106.0,101.0,103.0,-0.5,708
2021-11-22,3167,1005497,101321672,104.0,105.0,98.6,100.0,-3.0,908
2021-11-23,3167,909615,90450377,100.0,102.5,97.7,97.7,-2.3,958
2021-11-24,3167,430901,42608011,98.0,100.5,97.5,98.3,0.6,345
2021-11-25,3167,443058,43342017,99.6,99.6,96.7,97.1,-1.2,356
2021-11-26,3167,826773,79447129,97.8,98.4,93.0,96.9,-0.2,602
2021-11-29,3167,770045,73872609,95.2,98.5,93.8,95.8,-1.1,486
2021-11-30,3167,421016,41393762,97.1,99.4,97.0,98.3,2.5,305
2021-12-01,3167,323731,31589630,99.2,99.2,96.6,97.5,-0.8,234
2021-12-02,3167,564634,53961434,98.0,98.0,94.5,94.8,-2.7,454
2021-12-03,3167,239250,22828660,95.7,96.6,94.5,94.7,-0.1,508
2021-12-06,3167,303288,28931277,95.2,97.0,93.9,95.2,0.5,244
2021-12-07,3167,789058,73572253,95.2,95.2,92.0,92.2,-3.0,843
2021-12-08,3167,373665,34655662,93.9,94.2,92.2,92.6,0.4,296
2021-12-09,3167,622053,57915692,93.0,95.7,91.8,92.5,-0.1,501
2021-12-10,3167,451136,41315168,92.7,92.7,91.0,92.1,-0.4,520
2021-12-13,3167,759533,71802261,92.5,96.5,92.5,94.1,2.0,661
2021-12-14,3167,534755,49472706,94.2,94.2,91.5,92.1,-2.0,660
2021-12-15,3167,482414,45382622,92.9,95.4,92.8,93.0,0.9,554
2021-12-16,3167,1620610,156342778,94.0,98.2,93.8,98.2,5.2,1033
2021-12-17,3167,1213207,114945532,97.3,97.3,93.0,93.2,-5.0,938
2021-12-20,3167,367854,34032773,92.4,94.0,92.0,92.0,-1.2,274
2021-12-21,3167,243601,22605808,92.1,94.2,91.3,92.7,0.7,162
2021-12-22,3167,4564243,457839612,93.6,101.5,93.2,101.5,8.8,1907
2021-12-23,3167,6777379,741209934,103.0,111.5,102.5,111.5,10.0,3078
2021-12-24,3167,6356027,665461545,111.0,111.0,101.0,104.0,-7.5,3701
2021-12-27,3167,2030388,212324487,104.0,106.5,102.0,105.5,1.5,1437
2021-12-28,3167,1927473,204924737,105.5,109.0,103.0,105.0,-0.5,1321
2021-12-29,3167,1264216,133253392,104.5,107.5,102.5,106.5,1.5,836
2021-12-30,3167,1497373,159779953,108.0,109.0,104.5,106.0,-0.5,1012
2022-01-03,3167,1965534,205885258,107.0,107.5,102.0,103.5,-2.5,1073
2022-01-04,3167,607362,62534651,104.5,105.0,102.0,102.5,-1.0,499
2022-01-05,3167,1575806,156245136,102.0,102.0,97.7,98.8,-3.7,944
2022-01-06,3167,1042804,99865695,96.0,97.6,94.0,95.4,-3.4,799
2022-01-07,3167,2126352,193345679,94.2,95.4,88.8,90.6,-4.8,1615
2022-01-10,3167,735322,65868425,90.6,91.6,88.5,88.6,-2.0,450
2022-01-11,3167,1564104,134319936,87.3,88.0,84.7,85.2,-3.4,967
2022-01-12,3167,951963,80745422,86.2,86.5,83.8,84.2,-1.0,516
2022-01-13,3167,448413,37665483,84.7,85.4,82.8,84.3,0.1,268
2022-01-14,3167,1373819,111321416,84.0,84.0,79.9,82.0,-2.3,898
2022-01-17,3167,381944,31689757,83.1,84.5,82.0,82.8,0.8,248
2022-01-18,3167,1661649,140633243,83.3,87.0,83.0,83.0,0.2,1029
2022-01-19,3167,1608707,129361639,81.7,82.2,78.9,80.9,-2.1,1065
2022-01-20,3167,698910,56152636,81.9,81.9,79.8,80.3,-0.6,433
2022-01-21,3167,741409,58011724,79.9,79.9,77.4,77.5,-2.8,624
2022-01-24,3167,493955,37648248,77.5,77.9,74.7,77.6,0.1,330
2022-01-25,3167,347104,26408553,76.6,78.0,75.4,75.4,-2.2,424
2022-01-26,3167,464326,35108713,75.5,77.2,74.9,75.2,-0.2,271
2022-02-07,3167,393680,30894382,77.5,79.3,77.1,79.0,3.8,285
2022-02-08,3167,440900,34839950,79.0,79.6,78.5,79.1,0.1,273
2022-02-09,3167,346000,27290700,78.1,79.6,78.1,78.6,-0.5,223
2022-02-10,3167,520403,40119753,79.0,79.0,76.1,76.6,-2.0,368
2022-02-11,3167,360002,27606853,76.0,77.8,75.5,76.8,0.2,193
2022-02-14,3167,740281,54714995,76.0,76.0,73.0,74.3,-2.5,474
2022-02-15,3167,318969,24121489,74.8,76.5,74.8,75.0,0.7,235
2022-02-16,3167,298016,22499103,77.0,77.0,74.8,75.0,0.0,252
2022-02-17,3167,282162,21061163,75.8,76.0,73.6,73.6,-1.4,307
2022-02-18,3167,141636,10415179,73.6,74.0,73.0,73.6,0.0,107
2022-02-21,3167,257856,18665603,73.6,73.6,71.8,72.6,-1.0,215
2022-02-22,3167,386494,27504352,73.0,73.0,70.6,71.0,-1.6,300
2022-02-23,3167,267895,19326991,71.0,73.1,71.0,72.3,1.3,216
2022-02-24,3167,478191,33555481,71.2,71.2,69.2,69.5,-2.8,344
2022-02-25,3167,192100,13613420,70.0,71.5,69.9,71.2,1.7,147
2022-03-01,3167,145564,10551162,71.4,73.0,71.4,72.5,1.3,115
2022-03-02,3167,145264,10406986,72.5,72.7,70.9,71.6,-0.9,113
2022-03-03,3167,330234,23457781,71.5,72.6,70.5,70.7,-0.9,255
2022-03-04,3167,436826,31695149,71.0,73.8,70.8,71.8,1.1,359
2022-03-07,3167,597237,41567884,71.0,71.0,68.5,68.8,-3.0,378
2022-03-08,3167,884248,58595478,66.0,69.4,64.0,66.3,-2.5,514
2022-03-09,3167,212067,14317447,67.1,68.4,66.7,67.4,1.1,166
2022-03-10,3167,216273,15058236,68.0,70.4,68.0,69.9,2.5,169
2022-03-11,3167,167200,11475059,70.3,70.3,68.0,68.3,-1.6,129
2022-03-14,3167,144088,9789784,68.0,68.7,67.5,68.0,-0.3,111
2022-03-15,3167,512273,33565123,67.8,68.1,64.9,64.9,-3.1,368
2022-03-16,3167,245356,16217575,66.5,66.8,65.3,66.1,1.2,167
2022-03-17,3167,234051,15775249,67.1,68.4,67.0,67.3,1.2,194
2022-03-18,3167,88102,5960616,67.8,68.1,67.3,67.8,0.5,68
2022-03-21,3167,285220,19444747,68.3,69.0,67.6,68.5,0.7,172
2022-03-22,3167,138350,9563757,69.2,69.6,68.3,69.5,1.0,117
2022-03-23,3167,204306,14192473,69.8,70.5,68.2,69.0,-0.5,174
2022-03-24,3167,72282,4944053,69.0,69.0,67.9,68.8,-0.2,66
2022-03-25,3167,67136,4593727,68.9,68.9,67.9,68.6,-0.2,73
2022-03-28,3167,197343,13265151,67.7,67.8,66.8,67.3,-1.3,140
2022-03-29,3167,905896,64144756,67.4,73.0,67.4,72.0,4.7,662
2022-03-30,3167,1374274,99535417,73.0,74.3,71.0,71.3,-0.7,1156
2022-03-31,3167,392303,27437715,71.1,71.1,69.0,69.0,-2.3,361
2022-04-01,3167,795155,56927458,69.0,72.9,69.0,72.0,3.0,681
2022-04-06,3167,380955,26886366,72.0,72.0,70.2,70.4,-1.6,356
2022-04-07,3167,394169,27288016,69.1,70.5,68.1,68.5,-1.9,335
2022-04-08,3167,356946,24051976,67.8,69.1,66.8,67.3,-1.2,302
2022-04-11,3167,552210,36009547,67.3,67.3,64.3,64.3,-3.0,438
2022-04-12,3167,550130,34466606,63.5,63.8,61.8,62.0,-2.3,439
2022-04-13,3167,235340,14896513,62.3,64.0,62.3,63.5,1.5,178
2022-04-14,3167,193366,12198618,63.9,64.0,62.7,63.0,-0.5,155
2022-04-15,3167,293976,18106240,62.7,62.9,60.8,61.4,-1.6,244
2022-04-18,3167,364636,21943000,61.4,61.4,59.5,60.0,-1.4,302
2022-04-19,3167,214103,12966170,60.1,61.8,60.0,60.7,0.7,158
2022-04-20,3167,95028,5817840,61.6,61.9,60.7,61.7,1.0,92
2022-04-21,3167,143464,8751884,62.6,62.6,60.5,60.6,-1.1,132
2022-04-22,3167,247258,14792717,60.0,60.2,59.5,59.7,-0.9,199
2022-04-25,3167,421820,24341609,59.7,59.7,57.0,57.9,-1.8,300
2022-04-26,3167,126130,7311040,58.3,58.4,57.6,57.6,-0.3,107
2022-04-27,3167,350039,19450471,56.0,56.5,55.0,55.9,-1.7,265
2022-04-28,3167,146214,8368199,56.7,57.9,56.1,57.4,1.5,118
2022-04-29,3167,92070,5331463,57.7,58.8,57.4,57.7,0.3,88
2022-05-03,3167,73910,4223382,57.3,57.6,56.7,57.6,-0.1,73
2022-05-04,3167,50410,2899380,57.3,57.9,57.3,57.4,-0.2,109
2022-05-05,3167,111220,6453860,57.8,58.6,57.4,57.4,0.0,86
2022-05-06,3167,68072,3849483,56.6,57.0,56.0,57.0,-0.4,73
2022-05-09,3167,317490,17552647,57.0,57.0,54.3,55.7,-1.3,199
2022-05-10,3167,69170,3804220,54.4,55.6,54.3,55.3,-0.4,59
2022-05-11,3167,175080,9709280,55.0,56.6,54.5,55.9,0.6,109
2022-05-12,3167,92240,5092851,55.6,56.2,54.2,54.2,-1.7,84
2022-05-13,3167,512196,29087842,55.9,57.8,54.9,56.9,2.7,243
2022-05-16,3167,213556,12289560,59.3,59.3,56.2,57.0,0.1,138
2022-05-17,3167,241226,13964376,57.0,58.4,57.0,58.1,1.1,130
2022-05-18,3167,281486,16597869,59.0,59.5,58.5,59.3,1.2,246
2022-05-19,3167,208360,12329227,58.9,59.8,57.7,59.6,0.3,160
2022-05-20,3167,284726,17355184,60.0,61.6,59.9,61.2,1.6,192
2022-05-23,3167,212173,13008436,62.5,62.5,60.4,61.2,0.0,151
2022-05-24,3167,294085,18182143,62.2,62.7,61.1,61.3,0.1,214
2022-05-25,3167,257333,15981840,62.5,62.8,61.4,62.2,0.9,181
2022-05-26,3167,293593,18278434,62.2,62.8,61.8,62.4,0.2,200
2022-05-27,3167,269684,17075943,62.9,63.8,62.8,63.1,0.7,179
2022-05-30,3167,247399,15893650,63.9,64.8,63.8,64.5,1.4,145
2022-05-31,3167,456318,29597413,64.5,65.8,64.4,65.0,0.5,171
2022-06-01,3167,179819,11727348,65.1,65.9,64.7,65.7,0.7,135
2022-06-02,3167,225427,14896302,64.8,66.7,64.8,66.4,0.7,161
2022-06-06,3167,321665,21384178,66.6,67.3,65.5,66.7,0.3,232
2022-06-07,3167,114141,7514241,66.3,66.5,65.5,65.9,-0.8,95
2022-06-08,3167,212506,13832916,65.8,65.9,64.7,64.9,-1.0,134
2022-06-09,3167,194221,12461970,64.7,64.7,63.9,64.0,-0.9,76
2022-06-10,3167,175188,11289935,64.0,65.3,63.5,64.7,0.7,123
2022-06-13,3167,134100,8498076,63.8,64.0,63.1,63.7,-1.0,83
2022-06-14,3167,163353,10160165,63.0,63.7,61.0,62.8,-0.9,135
2022-06-15,3167,83223,5217428,62.9,63.6,61.7,62.8,0.0,84
2022-06-16,3167,125034,7777027,64.0,64.0,61.1,61.5,-1.3,89
2022-06-17,3167,135016,8164763,62.0,62.3,59.5,59.5,-2.0,109
2022-06-20,3167,173235,9966588,59.5,59.5,56.8,56.8,-2.7,120
2022-06-21,3167,151036,8774199,55.8,58.9,55.8,58.8,2.0,118
2022-06-22,3167,125054,7102173,59.0,59.0,56.1,56.5,-2.3,99
2022-06-23,3167,121008,6841252,57.0,57.8,55.5,56.3,-0.2,89
2022-06-24,3167,88087,5057911,57.8,58.1,56.7,57.2,0.9,76
2022-06-27,3167,184193,10723587,57.9,59.3,57.7,58.2,1.0,143
2022-06-28,3167,139083,8037128,58.4,58.4,57.0,57.8,-0.4,105
2022-06-29,3167,144001,8363858,58.0,58.9,57.5,58.2,0.4,105
2022-06-30,3167,171396,9866916,58.8,58.8,56.8,57.0,-1.2,127
2022-07-01,3167,542444,28713768,56.6,56.7,51.3,51.3,-5.7,365
2022-07-04,3167,247251,12319120,51.5,51.7,49.05,49.3,-2.0,159
2022-07-05,3167,252264,12632083,51.1,51.2,49.15,49.9,0.6,162
2022-07-06,3167,156366,7737996,49.7,50.5,48.5,48.5,-1.4,142
2022-07-07,3167,189966,9263859,47.6,50.3,47.1,49.7,1.2,184
2022-07-08,3167,158120,8038810,50.4,51.9,50.0,50.8,1.1,125
2022-07-11,3167,44020,2237518,51.1,51.2,50.3,51.0,0.2,42
2022-07-12,3167,143156,6991995,50.3,50.3,48.3,48.3,-2.7,93
2022-07-13,3167,70190,3516372,49.8,51.2,49.5,50.0,1.7,69
2022-07-14,3167,72300,3624678,50.0,51.0,49.4,50.8,0.8,54
2022-07-15,3167,573097,30712040,51.6,55.8,51.6,53.1,2.3,496
2022-07-18,3167,148145,7862748,53.0,53.7,52.7,52.8,-0.3,146
2022-07-19,3167,52199,2750175,52.5,53.2,52.3,53.2,0.4,51
2022-07-20,3167,124723,6732650,53.8,54.5,53.2,53.2,0.0,110
2022-07-21,3167,123581,6667443,54.0,54.6,53.0,54.5,1.3,118
2022-07-22,3167,235596,13072914,54.5,56.6,54.5,55.9,1.4,200
2022-07-25,3167,127452,7026342,56.0,56.0,55.0,55.1,-0.8,109
2022-07-26,3167,164559,8898387,55.0,55.0,53.8,54.4,-0.7,124
2022-07-27,3167,158028,8509820,53.1,54.6,53.1,54.4,0.0,94
2022-07-28,3167,139136,7626230,54.6,55.9,54.3,54.5,0.1,119
2022-07-29,3167,241546,13244366,55.0,55.3,54.3,54.9,0.4,189
2022-08-01,3167,581944,32507357,55.1,56.6,54.6,56.6,1.7,413
2022-08-02,3167,518268,26075556,50.1,51.8,48.9,50.6,0.0,380
2022-08-03,3167,171050,8494227,50.5,50.5,49.2,49.35,-1.25,151
2022-08-04,3167,156351,7584951,49.35,49.35,48.05,48.6,-0.75,124
2022-08-05,3167,117142,5847858,48.75,50.5,48.75,50.2,1.6,100
2022-08-08,3167,75444,3751597,50.5,50.5,49.2,49.45,-0.75,66
2022-08-09,3167,52430,2591817,49.45,49.95,48.8,49.95,0.5,54
2022-08-10,3167,137186,6945447,49.9,51.6,49.3,51.4,1.45,98
2022-08-11,3167,231964,11803475,50.9,51.5,50.6,50.8,-0.6,188
2022-08-12,3167,120494,6196464,50.8,51.8,50.8,51.7,0.9,108
2022-08-15,3167,201934,10670416,52.8,53.5,52.0,53.2,1.5,176
2022-08-16,3167,98958,5245245,53.2,53.5,52.7,53.2,0.0,81
2022-08-17,3167,80137,4260914,53.2,53.6,52.9,52.9,-0.3,70
2022-08-18,3167,90221,4745835,52.3,53.3,51.7,53.1,0.2,82
2022-08-19,3167,106095,5698694,53.8,54.1,53.1,53.4,0.3,84
2022-08-22,3167,51511,2717280,52.6,53.2,52.6,52.8,-0.6,64
2022-08-23,3167,71608,3722824,52.4,52.4,51.8,52.4,-0.4,69
2022-08-24,3167,45851,2401658,52.4,52.6,52.2,52.3,-0.1,49
2022-08-25,3167,93287,4947225,53.7,53.7,52.6,53.0,0.7,81
2022-08-26,3167,57082,3040286,53.4,53.5,53.0,53.0,0.0,55
2022-08-29,3167,93193,4802626,51.9,52.3,51.0,52.1,-0.9,90
2022-08-30,3167,62000,3240000,51.4,52.8,51.4,52.5,0.4,56
2022-08-31,3167,64011,3350482,52.5,52.7,52.0,52.5,0.0,52
2022-09-01,3167,102601,5316671,51.7,52.5,51.4,51.5,-1.0,81
2022-09-02,3167,120020,6124022,51.7,51.9,50.6,50.6,-0.9,81
2022-09-05,3167,169050,8456810,50.5,50.5,49.8,49.8,-0.8,117
2022-09-06,3167,175256,8542892,49.95,49.95,48.4,48.5,-1.3,150
2022-09-07,3167,102600,4911719,48.15,48.35,47.35,47.5,-1.0,93
2022-09-08,3167,64126,3082509,47.8,48.45,47.7,48.15,0.65,60
2022-09-12,3167,145068,6967233,48.3,48.3,47.8,47.85,-0.3,108
2022-09-13,3167,120220,5776889,47.85,48.3,47.85,48.0,0.15,83
2022-09-14,3167,78000,3755250,47.7,48.85,47.7,48.5,0.5,72
2022-09-15,3167,50003,2434847,48.5,48.9,48.5,48.7,0.2,40
2022-09-16,3167,130404,6275198,48.15,48.7,47.85,47.9,-0.8,88
2022-09-19,3167,57300,2731212,48.0,48.0,47.35,47.45,-0.45,63
2022-09-20,3167,38000,1808400,47.6,47.75,47.55,47.6,0.15,30
2022-09-21,3167,133257,6247540,47.3,47.6,46.5,46.5,-1.1,109
2022-09-22,3167,54030,2494205,47.25,47.25,45.55,46.15,-0.35,49
2022-09-23,3167,65154,3002480,47.2,47.2,45.7,45.9,-0.25,50
2022-09-26,3167,106904,4785695,45.7,45.7,44.3,44.4,-1.5,103
2022-09-27,3167,61080,2690612,44.4,44.7,43.65,44.35,-0.05,55
2022-09-28,3167,129665,5514264,43.9,43.9,41.7,41.85,-2.5,104
2022-09-29,3167,51201,2201836,42.1,43.55,42.1,42.9,1.05,47
2022-09-30,3167,68050,2895500,41.85,43.2,41.3,43.15,0.25,55
2022-10-03,3167,43295,1892920,43.15,44.0,43.1,44.0,0.85,33
2022-10-04,3167,78845,3543025,44.15,45.7,43.7,45.7,1.7,85
2022-10-05,3167,104476,4856616,46.9,46.9,45.8,46.5,0.8,86
2022-10-06,3167,21007,972674,46.5,46.7,45.75,46.7,0.2,22
2022-10-07,3167,27145,1259129,47.35,47.35,45.6,46.65,-0.05,27
2022-10-11,3167,81313,3601387,45.2,45.2,43.8,43.8,-2.85,88
2022-10-12,3167,24148,1046927,44.0,44.0,43.1,43.5,-0.3,23
2022-10-13,3167,102374,4250156,42.5,43.1,40.3,40.6,-2.9,149
2022-10-14,3167,158008,6551180,41.15,42.1,40.65,41.15,0.55,112
2022-10-17,3167,56046,2271336,39.85,41.75,39.85,41.2,0.05,52
2022-10-18,3167,72402,2973570,41.2,41.4,40.65,41.0,-0.2,56
2022-10-19,3167,74313,3038563,40.8,41.1,40.7,40.9,-0.1,46
2022-10-20,3167,139374,5541657,40.25,40.5,39.0,39.9,-1.0,106
2022-10-21,3167,79133,3169474,39.9,40.5,39.75,39.75,-0.15,50
2022-10-24,3167,99259,3999770,41.0,41.45,40.0,40.2,0.45,61
2022-10-25,3167,136071,5412939,40.2,40.7,39.4,39.5,-0.7,80
2022-10-26,3167,74023,2934422,40.15,40.15,39.35,39.45,-0.05,56
2022-10-27,3167,61101,2448440,39.8,40.5,39.65,40.2,0.75,46
2022-10-28,3167,62036,2504097,40.9,40.9,39.6,40.8,0.6,48
2022-10-31,3167,322465,13123662,41.25,41.25,40.0,40.8,0.0,138
2022-11-01,3167,138426,5591500,40.7,40.9,39.6,40.7,-0.1,114
2022-11-02,3167,72020,2949520,40.4,41.4,40.35,40.95,0.25,57
2022-11-03,3167,53003,2161172,40.8,41.0,40.65,40.85,-0.1,38
2022-11-04,3167,92147,3774054,40.95,41.5,40.5,41.2,0.35,75
2022-11-07,3167,89485,3703344,41.25,41.8,41.0,41.4,0.2,72
2022-11-08,3167,166110,6975644,41.6,42.8,41.6,41.8,0.4,78
2022-11-09,3167,58141,2476376,42.1,42.75,42.1,42.65,0.85,47
2022-11-10,3167,73145,3100426,42.5,43.25,42.0,42.0,-0.65,59
2022-11-11,3167,157753,6627415,42.15,42.9,41.7,42.0,0.0,111
2022-11-14,3167,134370,5720208,42.0,43.05,41.6,42.9,0.9,88
2022-11-15,3167,224267,9840554,42.6,44.25,42.6,44.15,1.25,135
2022-11-16,3167,144195,6268407,44.0,44.05,43.0,43.0,-1.15,100
2022-11-17,3167,23006,994559,43.05,43.5,43.05,43.2,0.2,21
2022-11-18,3167,58160,2497620,43.75,43.85,42.55,42.55,-0.65,52
2022-11-21,3167,189296,7925384,42.7,42.7,40.75,42.5,-0.05,149
2022-11-22,3167,25042,1068418,42.9,43.0,42.1,42.8,0.3,24
2022-11-23,3167,47702,2051304,42.4,43.45,42.4,43.1,0.3,35
2022-11-24,3167,30155,1304225,42.95,43.5,42.95,43.35,0.25,29
2022-11-25,3167,72571,3137280,43.4,43.5,43.0,43.0,-0.35,87
2022-11-28,3167,85277,3628741,43.0,43.4,42.3,42.7,-0.3,65
2022-11-29,3167,29000,1235500,42.05,43.0,42.05,42.7,0.0,27
2022-11-30,3167,112112,4816042,42.5,43.3,42.35,43.05,0.35,52
2022-12-01,3167,107050,4676838,43.2,44.95,43.2,43.7,0.65,79
2022-12-02,3167,59143,2584304,44.1,44.1,43.5,43.75,0.05,42
2022-12-05,3167,52956,2329099,43.9,44.25,43.75,43.8,0.05,48
2022-12-06,3167,54277,2371497,43.85,43.85,43.5,43.55,-0.25,65
2022-12-07,3167,33210,1428843,43.8,43.8,42.85,42.95,-0.6,24
2022-12-08,3167,12040,517413,43.0,43.0,42.85,43.0,0.05,19
2022-12-09,3167,20000,855850,42.85,42.95,42.65,42.65,-0.35,19
2022-12-12,3167,17035,720078,42.25,42.55,42.25,42.25,-0.4,20
2022-12-13,3167,115240,4926119,42.5,43.0,42.3,42.4,0.15,22
2022-12-14,3167,12301,524619,42.4,42.9,42.4,42.85,0.45,15
2022-12-15,3167,29251,1250469,43.0,43.0,42.35,42.7,-0.15,42
2022-12-16,3167,62202,2623102,42.1,42.6,42.1,42.1,-0.6,86
2022-12-19,3167,54070,2278607,42.05,42.4,42.0,42.3,0.2,32
2022-12-20,3167,78318,3254898,42.25,42.25,40.7,41.25,-1.05,63
2022-12-21,3167,67026,2745423,41.0,41.5,40.8,40.9,-0.35,44
2022-12-22,3167,63040,2566548,40.9,40.9,40.65,40.65,-0.25,52
2022-12-23,3167,73358,2952360,40.55,40.6,39.8,40.6,-0.05,44
2022-12-26,3167,7157,289794,40.65,40.65,40.3,40.55,-0.05,11
2022-12-27,3167,38755,1562154,40.9,40.9,40.1,40.3,-0.25,36
2022-12-28,3167,40263,1615423,40.5,40.7,40.0,40.25,-0.05,39
2022-12-29,3167,12154,487762,40.05,40.35,40.0,40.2,-0.05,17
2022-12-30,3167,15045,604865,40.2,40.25,40.1,40.2,0.0,15
2023-01-03,3167,12254,495311,40.2,40.7,40.1,40.7,0.5,12
2023-01-04,3167,30300,1244264,40.7,41.2,40.7,41.15,0.45,29
2023-01-05,3167,17063,701689,41.1,41.4,41.0,41.3,0.15,20
2023-01-06,3167,17040,700319,41.1,41.2,41.0,41.2,-0.1,17
2023-01-09,3167,20207,835696,41.2,41.8,41.2,41.5,0.3,28
2023-01-10,3167,21060,868690,41.25,41.5,41.1,41.5,0.0,23
2023-01-11,3167,35089,1453247,41.9,41.9,40.9,41.8,0.3,34
2023-01-12,3167,23675,988679,41.9,42.2,41.45,42.0,0.2,34
2023-01-13,3167,28087,1159678,41.5,41.55,41.05,41.4,-0.6,29
2023-01-16,3167,18213,749369,41.4,41.4,41.05,41.3,-0.1,28
2023-01-17,3167,13089,539700,40.95,41.35,40.95,41.3,0.0,16
2023-01-30,3167,46070,1923431,41.4,41.85,41.4,41.85,0.55,38
2023-01-31,3167,69205,2928826,41.95,42.8,41.85,42.5,0.65,55
2023-02-01,3167,47181,2021017,42.6,43.35,42.6,43.35,0.85,40
2023-02-02,3167,99977,4418033,43.8,45.0,43.5,45.0,1.65,106
2023-02-03,3167,81860,3626719,45.0,45.0,43.95,44.7,-0.3,127
2023-02-06,3167,65296,2892780,44.7,44.7,44.15,44.2,-0.5,56
2023-02-07,3167,50260,2221503,44.4,44.4,44.0,44.0,-0.2,48
2023-02-08,3167,60474,2676377,43.95,44.8,43.9,44.4,0.4,52
2023-02-09,3167,29257,1298419,44.45,44.6,44.2,44.4,0.0,41
2023-02-10,3167,31189,1374427,44.0,44.7,43.8,43.8,-0.6,37
2023-02-13,3167,29120,1268052,43.8,44.1,43.1,43.3,-0.5,34
2023-02-14,3167,63293,2734790,43.3,43.45,43.0,43.45,0.15,59
2023-02-15,3167,22366,966435,43.45,43.45,43.1,43.45,0.0,33
2023-02-16,3167,34616,1511465,43.75,43.95,43.5,43.95,0.5,37
2023-02-17,3167,31104,1371463,43.5,44.5,43.5,44.5,0.55,33
2023-02-20,3167,69698,3121683,44.4,45.4,44.1,44.9,0.4,71
2023-02-21,3167,73687,3325677,44.9,45.3,44.9,45.3,0.4,73
2023-02-22,3167,33397,1504487,45.0,45.5,44.8,45.5,0.2,61
2023-02-23,3167,61543,2803125,45.75,45.75,45.05,45.55,0.05,60
2023-02-24,3167,51280,2322535,45.8,45.95,45.0,45.35,-0.2,68
2023-03-01,3167,14253,637867,44.8,45.0,44.5,45.0,-0.35,21
2023-03-02,3167,17537,786201,44.75,45.0,44.75,44.8,-0.2,26
2023-03-03,3167,95205,4301077,45.0,45.9,44.5,45.8,1.0,87
2023-03-06,3167,49903,2284491,45.8,45.95,45.4,45.85,0.05,69
2023-03-07,3167,138526,6387847,45.9,46.4,45.85,46.4,0.55,94
2023-03-08,3167,50180,2305094,46.0,46.0,45.8,46.0,-0.4,64
2023-03-09,3167,79453,3632993,46.0,46.0,45.3,45.75,-0.25,96
2023-03-10,3167,85089,3802488,45.25,45.25,44.4,44.95,-0.8,76
2023-03-13,3167,68740,3017575,44.4,44.5,43.25,44.05,-0.9,78
2023-03-14,3167,32279,1403443,43.5,43.85,43.4,43.45,-0.6,32
2023-03-15,3167,49215,2138447,43.95,43.95,43.2,43.65,0.2,46
2023-03-16,3167,66892,2880008,43.3,43.45,42.95,43.4,-0.25,62
2023-03-17,3167,23261,1020854,43.4,44.0,43.4,44.0,0.6,27
2023-03-20,3167,10142,444251,43.55,44.05,43.55,44.0,0.0,13
2023-03-21,3167,36097,1583964,43.2,44.25,43.2,44.0,0.0,34
2023-03-22,3167,40191,1773543,44.0,44.3,43.9,44.2,0.2,29
2023-03-23,3167,41539,1817212,44.0,44.05,43.55,43.7,-0.5,48
2023-03-24,3167,76595,3338779,43.8,44.0,43.35,44.0,0.3,66
2023-03-27,3167,57145,2502821,44.1,44.1,43.5,43.9,-0.1,41
2023-03-28,3167,43000,1867350,43.55,43.6,43.3,43.45,-0.45,30
2023-03-29,3167,22020,953922,43.4,43.5,43.2,43.5,0.05,25
2023-03-30,3167,46019,2003891,43.6,43.8,43.4,43.45,-0.05,28
2023-03-31,3167,30200,1313749,43.9,43.9,43.25,43.6,0.15,26
2023-04-06,3167,32099,1396552,43.6,43.6,43.45,43.5,-0.1,45
2023-04-07,3167,36155,1573191,43.4,43.7,43.35,43.5,0.0,33
2023-04-10,3167,14399,625015,43.3,43.55,43.3,43.55,0.05,19
2023-04-11,3167,52000,2288750,43.75,44.3,43.7,44.25,0.7,39
2023-04-12,3167,305259,13371826,44.4,45.15,43.0,43.7,-0.55,212
2023-04-13,3167,35266,1535806,43.6,43.65,43.5,43.65,-0.05,37
2023-04-14,3167,47061,2058680,43.6,43.95,43.6,43.7,0.05,37
2023-04-17,3167,68449,3013115,44.1,44.2,43.9,43.9,0.2,64
2023-04-18,3167,52150,2293371,43.55,44.1,43.55,43.95,0.05,31
2023-04-19,3167,86200,3764801,43.8,44.1,43.4,43.4,-0.55,76
2023-04-20,3167,98062,4238367,43.4,43.5,43.1,43.2,-0.2,82
2023-04-21,3167,130202,5610377,43.35,43.35,42.9,42.9,-0.3,141
2023-04-24,3167,27270,1172267,42.8,43.3,42.8,43.05,0.15,28
2023-04-25,3167,123582,5192519,43.05,43.05,41.35,41.6,-1.45,108
2023-04-26,3167,119388,4955446,42.0,42.15,41.2,41.55,-0.05,92
2023-04-27,3167,251730,10334907,41.2,41.5,40.8,41.3,-0.25,125
2023-04-28,3167,170000,7190200,41.8,42.95,41.3,42.3,1.0,102
2023-05-02,3167,71505,3017673,42.2,42.8,41.95,42.3,0.0,65
2023-05-03,3167,147471,6182828,42.0,42.5,41.6,42.0,-0.3,77
2023-05-04,3167,108347,4530075,42.0,42.3,41.6,42.1,0.1,67
2023-05-05,3167,145309,6047167,42.1,42.1,41.45,41.55,-0.55,84
2023-05-08,3167,44248,1844359,41.5,41.9,41.5,41.9,0.35,40
2023-05-09,3167,27142,1129051,41.95,41.95,41.5,41.55,-0.35,23
2023-05-10,3167,17032,707864,41.55,41.9,41.3,41.55,0.0,15
2023-05-11,3167,66326,2729803,41.3,41.35,40.8,40.95,-0.6,68
2023-05-12,3167,28150,1155367,41.2,41.25,40.8,40.8,-0.15,24
2023-05-15,3167,11120,452785,40.8,40.8,40.5,40.8,0.0,20
2023-05-16,3167,29074,1206522,41.6,41.6,41.1,41.45,0.65,26
2023-05-17,3167,121737,5168890,41.75,43.0,41.65,42.6,1.15,113
2023-05-18,3167,23406,996172,42.6,42.7,42.1,42.6,0.0,21
2023-05-19,3167,26119,1111285,42.8,42.85,42.05,42.05,-0.55,39
2023-05-22,3167,88433,3657754,42.5,42.5,41.0,41.45,-0.6,97
2023-05-23,3167,23372,974893,41.75,41.95,41.5,41.95,0.5,35
2023-05-24,3167,22146,929071,41.95,42.35,41.65,42.2,0.25,26
2023-05-25,3167,31519,1341809,42.1,42.75,42.1,42.4,0.2,30
2023-05-26,3167,20040,849196,42.0,42.5,42.0,42.4,0.0,17
2023-05-29,3167,29063,1233765,42.7,42.7,42.1,42.1,-0.3,31
2023-05-30,3167,27374,1148031,41.85,42.1,41.8,42.1,0.0,27
2023-05-31,3167,36107,1514615,42.1,42.1,41.8,41.85,-0.25,50
2023-06-01,3167,21341,895088,41.85,42.2,41.85,42.0,0.15,25
2023-06-02,3167,65115,2762559,42.2,42.75,42.2,42.2,0.2,57
2023-06-05,3167,61953,2606643,42.0,42.4,41.85,42.3,0.1,44
2023-06-06,3167,87074,3644676,42.0,42.0,41.7,41.7,-0.6,76
2023-06-07,3167,20301,853711,42.0,42.15,41.85,42.1,0.4,25
2023-06-08,3167,16136,676410,42.0,42.0,41.8,41.8,-0.3,21
2023-06-09,3167,129803,5468809,41.8,43.0,41.65,43.0,1.2,90
2023-06-12,3167,154134,6603909,42.05,44.2,42.05,42.65,-0.35,205
2023-06-13,3167,52268,2251549,42.55,43.3,42.55,43.15,0.5,67
2023-06-14,3167,34565,1483100,43.15,43.15,42.75,42.75,-0.4,48
2023-06-15,3167,107107,4617074,43.6,43.7,42.8,42.85,0.1,94
2023-06-16,3167,87399,3748361,42.95,43.2,42.7,43.05,0.2,59
2023-06-19,3167,26261,1123085,42.9,42.9,42.7,42.75,-0.3,53
2023-06-20,3167,60198,2565356,42.6,42.75,42.0,42.7,-0.05,58
2023-06-21,3167,69045,2971870,42.7,43.5,42.7,43.5,0.8,68
2023-06-26,3167,31138,1345196,43.5,43.7,42.8,43.2,-0.3,36
2023-06-27,3167,18079,772759,42.85,42.85,42.6,42.6,-0.6,20
2023-06-28,3167,40247,1706497,42.45,42.8,42.05,42.15,-0.45,39
2023-06-29,3167,16063,686167,42.15,42.9,42.15,42.5,0.35,20
2023-06-30,3167,17046,725202,42.5,42.8,42.4,42.75,0.25,24
2023-07-03,3167,30691,1311961,42.75,43.0,42.5,42.65,-0.1,38
2023-07-04,3167,27100,1158089,43.05,43.4,42.5,42.6,-0.05,27
2023-07-05,3167,37010,1577622,42.9,43.1,42.4,42.4,-0.2,33
2023-07-06,3167,46214,1958308,42.6,42.6,42.2,42.2,-0.2,49
2023-07-07,3167,14078,590229,41.9,42.0,41.85,41.95,-0.25,29
2023-07-10,3167,24363,1014825,41.75,41.9,41.35,41.9,-0.05,30
2023-07-11,3167,37912,1575270,41.7,41.7,41.4,41.5,-0.4,39
2023-07-12,3167,49854,2064435,41.2,42.1,41.15,41.4,-0.1,44
2023-07-13,3167,127337,5222457,41.4,41.4,40.65,40.9,-0.5,74
2023-07-14,3167,122549,5019616,41.0,41.1,40.5,40.85,-0.05,58
2023-07-17,3167,152384,6271123,41.0,41.6,40.8,41.45,0.6,89
2023-07-18,3167,31120,1286485,41.5,41.7,41.25,41.3,-0.15,30
2023-07-19,3167,59002,2428585,41.05,41.65,41.0,41.0,-0.3,40
2023-07-20,3167,27233,1112709,40.8,41.4,40.5,41.0,0.0,29
2023-07-21,3167,62526,2543103,40.75,40.85,40.5,40.75,-0.25,58
2023-07-24,3167,32062,1297528,40.75,40.75,40.3,40.4,-0.35,28
2023-07-25,3167,67218,2720235,40.35,40.9,40.05,40.45,0.05,56
2023-07-26,3167,33148,1338222,40.1,40.6,40.1,40.35,-0.1,26
2023-07-27,3167,156907,6306895,40.35,40.5,40.0,40.05,-0.3,138
2023-07-28,3167,32000,1293750,40.3,40.55,40.2,40.55,0.5,31
2023-07-31,3167,16072,650659,40.75,40.8,40.1,40.25,-0.3,18
2023-08-01,3167,25004,1005861,40.25,40.35,40.1,40.3,0.05,28
2023-08-02,3167,42101,1696578,40.35,40.55,40.1,40.3,0.0,37
2023-08-04,3167,28081,1134215,40.35,40.5,40.3,40.4,0.1,30
2023-08-07,3167,42395,1706025,40.4,40.5,40.15,40.45,0.05,41
2023-08-08,3167,70028,2808530,40.3,40.3,40.0,40.2,-0.25,50
2023-08-09,3167,25662,1024669,40.15,40.3,39.6,40.3,0.1,35
2023-08-10,3167,36032,1428484,39.7,40.0,39.5,39.8,-0.5,70
2023-08-11,3167,17178,680790,39.8,39.8,39.5,39.8,0.0,22
2023-08-14,3167,103384,4034296,39.55,39.85,38.5,38.5,-1.3,103
2023-08-15,3167,71714,2744622,38.5,38.8,38.0,38.5,0.0,85
2023-08-16,3167,56078,2122088,38.5,38.5,37.2,38.25,-0.25,59
2023-08-17,3167,26581,1009098,38.25,38.25,37.45,38.0,-0.25,26
2023-08-18,3167,29218,1118296,38.0,38.85,37.7,38.2,0.2,31
2023-08-21,3167,5308,203522,38.2,38.5,38.15,38.15,-0.05,22
2023-08-22,3167,26010,993990,38.2,38.4,38.1,38.1,-0.05,27
2023-08-23,3167,18130,698510,38.1,38.7,38.1,38.55,0.45,17
2023-08-24,3167,52114,2037717,38.7,40.0,38.5,39.7,1.15,58
2023-08-25,3167,149617,6108356,39.35,41.6,39.35,41.0,1.3,138
2023-08-28,3167,107437,4390230,41.75,41.75,40.55,40.55,-0.45,67
2023-08-29,3167,52183,2095958,40.25,40.3,40.0,40.15,-0.4,43
2023-08-30,3167,48127,1940960,40.15,40.55,40.15,40.55,0.4,32
2023-08-31,3167,23177,948399,40.8,41.05,40.8,40.95,0.4,37
2023-09-01,3167,536560,23993050,43.2,45.0,43.2,45.0,4.05,301
2023-09-04,3167,2404871,117512115,49.5,49.5,47.5,48.0,3.0,1519
2023-09-05,3167,711662,33920990,48.9,48.95,46.6,47.95,-0.05,583
2023-09-06,3167,631275,28770632,44.55,47.15,44.5,44.6,0.0,537
2023-09-07,3167,110325,4918305,43.8,45.0,43.75,44.6,0.0,125
2023-09-08,3167,140350,6245684,44.45,44.85,44.2,44.6,0.0,142
2023-09-11,3167,253997,11663046,44.4,46.9,44.4,45.7,1.1,243
2023-09-12,3167,73835,3345664,45.6,45.65,45.0,45.45,-0.25,81
2023-09-13,3167,51541,2334259,45.75,45.75,44.85,45.3,-0.15,52
2023-09-14,3167,142057,6553112,45.4,47.1,45.4,46.5,1.2,131
2023-09-15,3167,159055,7311796,46.95,46.95,45.7,45.7,-0.8,139
2023-09-18,3167,584061,29002553,47.3,50.2,47.25,50.2,4.5,399
2023-09-19,3167,1862288,99299927,54.5,54.6,51.7,52.7,2.5,1348
2023-09-20,3167,382024,19736022,52.0,53.5,50.6,51.8,-0.9,481
2023-09-21,3167,378916,19117306,52.2,52.2,49.7,50.7,-1.1,440
2023-09-22,3167,208588,10598057,50.1,51.3,50.0,51.0,0.3,180
2023-09-25,3167,108917,5595779,51.0,51.7,51.0,51.3,0.3,101
2023-09-26,3167,208243,10434256,51.2,51.2,49.7,49.75,-1.55,204
2023-09-27,3167,126392,6266702,49.25,50.1,49.2,49.8,0.05,87
2023-09-28,3167,92470,4640803,50.0,51.0,49.6,50.8,1.0,85
2023-10-02,3167,199732,10269243,51.5,52.0,50.8,51.5,0.7,144
2023-10-03,3167,121091,6153024,51.5,51.5,50.4,50.9,-0.6,173
2023-10-04,3167,106173,5366358,49.95,51.0,49.95,50.7,-0.2,100
2023-10-05,3167,74260,3784768,51.2,51.2,50.6,51.2,0.5,85
2023-10-06,3167,115345,5909610,51.4,51.7,50.3,51.5,0.3,100
2023-10-11,3167,112439,5736262,52.4,52.4,50.8,50.8,-0.7,88
2023-10-12,3167,61914,3141690,50.3,51.3,50.3,51.3,0.5,55
2023-10-13,3167,41967,2124641,51.2,51.2,50.4,50.7,-0.6,53
2023-10-16,3167,150389,7499325,50.2,50.6,49.65,49.75,-0.95,257
2023-10-17,3167,144539,7123867,49.75,50.2,48.7,48.7,-1.05,227
2023-10-18,3167,212119,10115977,48.7,48.85,47.05,47.05,-1.65,223
2023-10-19,3167,77494,3670158,47.0,48.3,46.6,47.7,0.65,112
2023-10-20,3167,139371,6443818,46.95,46.95,45.85,46.2,-1.5,158
2023-10-23,3167,69325,3205578,46.05,46.75,45.9,45.95,-0.25,116
2023-10-24,3167,41240,1922315,45.65,48.05,45.6,46.35,0.4,117
2023-10-25,3167,46417,2204795,46.8,47.85,46.8,47.55,1.2,62
2023-10-26,3167,66540,3103297,47.2,47.2,46.0,46.35,-1.2,171
2023-10-27,3167,104324,4803041,46.35,46.65,45.4,45.45,-0.9,122
2023-10-30,3167,10136,465365,45.8,46.75,45.7,45.7,0.25,25
2023-10-31,3167,68073,3098479,47.05,47.05,45.0,45.1,-0.6,74
2023-11-01,3167,59024,2659643,45.1,45.95,44.6,44.8,-0.3,58
2023-11-02,3167,41540,1894091,44.85,45.8,44.85,45.8,1.0,49
2023-11-03,3167,70498,3212025,45.8,46.0,45.4,45.4,-0.4,72
2023-11-06,3167,252588,12511778,47.0,49.9,47.0,49.9,4.5,245
2023-11-07,3167,780277,39486442,50.1,51.9,48.5,48.5,-1.4,684
2023-11-08,3167,100584,4944020,48.85,49.7,48.6,49.2,0.7,130
2023-11-09,3167,126446,6104940,49.1,49.1,47.25,48.4,-0.8,225
2023-11-10,3167,118731,5736643,48.2,48.75,48.0,48.4,0.0,91
2023-11-13,3167,46458,2240158,48.6,48.8,47.7,48.1,-0.3,65
2023-11-14,3167,93922,4502078,48.25,48.7,47.55,47.8,-0.3,126
2023-11-15,3167,115684,5629815,47.4,49.3,47.4,49.2,1.4,126
2023-11-16,3167,31605,1550237,49.2,49.3,48.8,48.95,-0.25,69
2023-11-17,3167,77166,3743655,49.0,49.05,48.1,48.1,-0.85,85
2023-11-20,3167,57633,2770615,48.0,48.4,47.9,47.9,-0.2,67
2023-11-21,3167,185699,8964667,48.0,49.25,47.0,48.55,0.65,142
2023-11-22,3167,79606,3897820,49.5,49.5,48.5,48.7,0.15,83
2023-11-23,3167,120165,5939593,49.0,49.85,48.75,49.35,0.65,136
2023-11-24,3167,95353,4715917,49.5,49.9,48.9,49.4,0.05,181
2023-11-27,3167,86402,4304784,49.55,50.6,49.4,49.5,0.1,97
2023-11-28,3167,178375,8972820,49.55,50.8,49.55,50.5,1.0,161
2023-11-29,3167,69866,3509671,50.5,50.6,50.0,50.0,-0.5,91
2023-11-30,3167,83167,4128489,49.95,49.95,49.4,49.65,-0.35,121
2023-12-01,3167,371847,18977976,50.3,52.2,49.45,51.3,1.65,328
2023-12-04,3167,232023,11958138,51.6,52.1,51.2,51.9,0.6,271
2023-12-05,3167,311406,16277131,51.9,53.0,51.3,52.5,0.6,552
2023-12-06,3167,266677,14095444,53.3,53.6,52.4,52.5,0.0,334
2023-12-07,3167,187396,9706238,52.2,52.5,51.1,51.3,-1.2,203
2023-12-08,3167,92100,4747033,52.3,52.3,51.1,52.0,0.7,83
2023-12-11,3167,80179,4096187,52.0,52.0,50.6,50.7,-1.3,144
2023-12-12,3167,77485,3914534,50.7,51.0,50.2,50.2,-0.5,99
2023-12-13,3167,67337,3377406,50.2,50.7,50.0,50.2,0.0,77
2023-12-14,3167,98647,4923770,51.0,51.0,49.6,49.7,-0.5,576
2023-12-15,3167,73422,3679971,51.7,51.7,49.7,50.2,0.5,138
2023-12-18,3167,77354,3834288,49.9,49.9,49.45,49.55,-0.65,131
2023-12-19,3167,174480,8377559,49.2,49.2,47.3,48.45,-1.1,190
2023-12-20,3167,137737,6704095,48.4,49.0,48.1,48.6,0.15,227
2023-12-21,3167,22400,1092246,48.6,49.1,48.6,49.1,0.5,31
2023-12-22,3167,61113,3052660,49.1,50.5,49.1,49.45,0.35,67
2023-12-25,3167,44652,2211698,50.3,50.3,49.1,49.45,0.0,37
2023-12-26,3167,46383,2287484,49.45,49.7,49.05,49.4,-0.05,192
2023-12-27,3167,120471,5989367,49.55,50.5,48.85,50.4,1.0,114
2023-12-28,3167,528930,27453846,51.9,53.5,50.8,51.0,0.6,536
2023-12-29,3167,1048706,56157107,51.2,55.0,51.0,53.1,2.1,823
2024-01-02,3167,1214107,66695547,55.0,56.0,53.9,54.2,1.1,1259
2024-01-03,3167,503358,27218602,54.2,55.5,52.9,53.7,-0.5,581
2024-01-04,3167,399260,21062409,54.4,54.4,51.7,52.3,-1.4,364
2024-01-05,3167,605947,32852806,52.3,55.0,52.3,54.9,2.6,570
2024-01-08,3167,1086748,61122834,55.0,57.6,54.9,55.3,0.4,1131
2024-01-09,3167,607810,33871359,55.3,57.0,53.4,57.0,1.7,580
2024-01-10,3167,356627,19945276,56.8,56.9,55.2,55.5,-1.5,395
2024-01-11,3167,258490,14171874,55.0,55.9,54.1,54.2,-1.3,264
2024-01-12,3167,181399,9750400,54.2,54.9,53.0,53.7,-0.5,206
2024-01-15,3167,475088,26526435,53.7,56.6,53.6,55.7,2.0,430
2024-01-16,3167,698862,39664366,56.5,58.2,55.5,55.9,0.2,703
2024-01-17,3167,360936,19637841,55.0,55.9,53.5,53.8,-2.1,428
2024-01-18,3167,294625,16195105,53.8,56.1,53.8,55.1,1.3,252
2024-01-19,3167,317716,17808354,55.7,56.6,55.3,55.4,0.3,315
2024-01-22,3167,300229,16742572,55.8,56.7,54.5,55.4,0.0,410
2024-01-23,3167,166827,9115269,55.9,55.9,54.1,54.5,-0.9,163
2024-01-24,3167,310416,17123192,55.4,56.3,54.1,55.7,1.2,275
2024-01-25,3167,143730,7882514,55.7,55.7,54.5,54.6,-1.1,176
2024-01-26,3167,562218,29614983,54.6,54.6,51.5,51.7,-2.9,527
2024-01-29,3167,261746,13980091,51.9,54.2,51.3,54.2,2.5,238
2024-01-30,3167,533382,29690230,54.2,56.4,54.2,56.2,2.0,452
2024-01-31,3167,450359,25443163,56.5,57.2,55.6,55.8,-0.4,578
2024-02-01,3167,243137,13617010,55.0,56.6,55.0,55.8,0.0,332
2024-02-02,3167,1034121,59885579,56.8,59.1,56.5,58.5,2.7,1194
2024-02-05,3167,825335,48503106,59.9,60.0,57.1,57.8,-0.7,901
2024-02-15,3167,1706199,105682114,58.6,63.5,58.4,62.3,4.5,1350
2024-02-16,3167,1472022,93572897,62.3,64.8,62.0,64.1,1.8,1183
2024-02-19,3167,1451328,96190769,64.3,68.1,63.3,67.1,3.0,1251
2024-02-20,3167,1088000,73164864,67.8,68.6,66.1,67.5,0.4,1442
2024-02-21,3167,1017148,67162001,66.1,67.3,64.6,66.4,-1.1,825
2024-02-22,3167,552366,37032456,67.0,67.7,66.1,67.4,1.0,576
2024-02-23,3167,596802,40161177,67.5,68.2,66.2,67.1,-0.3,546
2024-02-26,3167,699000,47691162,67.6,69.4,67.3,68.4,1.3,903
2024-02-27,3167,1152934,76037357,69.3,69.4,64.2,64.4,-4.0,1468
2024-02-29,3167,1305300,80993883,64.7,65.1,60.8,62.6,-1.8,1311
2024-03-01,3167,487841,29956158,62.6,62.7,60.8,61.5,-1.1,739
2024-03-04,3167,553995,34769600,62.0,63.9,62.0,62.3,0.8,617
2024-03-05,3167,270205,16702751,62.3,62.5,61.2,61.8,-0.5,333
2024-03-06,3167,350047,21920858,61.5,63.4,61.3,63.4,1.6,301
2024-03-07,3167,582222,36012433,63.5,64.2,60.9,61.0,-2.4,715
2024-03-08,3167,750107,44523753,60.9,61.0,58.2,58.4,-2.6,690
2024-03-11,3167,423773,25719865,59.2,61.7,59.2,60.8,2.4,416
2024-03-12,3167,190373,11530962,60.2,61.6,60.0,60.1,-0.7,341
2024-03-13,3167,471902,27503653,60.0,60.0,57.3,58.0,-2.1,494
2024-03-14,3167,435249,24812772,58.0,58.0,56.1,57.0,-1.0,398
2024-03-15,3167,352962,19770163,56.9,56.9,55.3,55.8,-1.2,425
2024-03-18,3167,470381,26087466,55.8,56.4,54.6,55.6,-0.2,421
2024-03-19,3167,497923,28421211,55.9,57.9,55.9,57.2,1.6,606
2024-03-20,3167,270495,15206655,57.5,57.5,55.8,56.2,-1.0,444
2024-03-21,3167,149779,8384577,56.2,56.4,55.8,55.8,-0.4,286
2024-03-22,3167,363934,20287746,55.5,56.9,55.0,56.7,0.9,249
2024-03-25,3167,682242,41406175,58.3,62.0,58.3,61.6,4.9,808
2024-03-26,3167,446373,26524574,61.2,61.2,58.1,59.0,-2.6,681
2024-03-27,3167,514804,31315070,59.0,61.9,58.8,60.9,1.9,457
2024-03-28,3167,232732,14047564,60.9,61.7,59.7,59.8,-1.1,479
2024-03-29,3167,279351,16832873,60.5,61.4,59.7,60.2,0.4,313
2024-04-01,3167,307068,18650752,60.8,61.7,60.0,60.2,0.0,432
2024-04-02,3167,343519,21016534,60.4,61.8,60.3,61.0,0.8,323
2024-04-03,3167,466823,28792796,60.6,63.2,60.0,61.6,0.6,444
2024-04-08,3167,1286273,82397331,64.5,65.6,62.6,64.3,2.7,1499
2024-04-09,3167,6235521,424704103,64.6,70.7,64.3,65.5,1.2,4062
2024-04-10,3167,7824938,554618007,66.1,72.0,66.1,72.0,6.5,4481
2024-04-11,3167,4584343,312550514,72.1,72.2,65.0,66.3,-5.7,3755
2024-04-12,3167,1705366,110450508,66.3,66.3,63.3,65.4,-0.9,1581
2024-04-15,3167,658110,42111920,64.0,64.8,63.4,63.8,-1.6,779
2024-04-16,3167,950541,58875061,63.6,63.6,61.3,62.1,-1.7,931
2024-04-17,3167,374581,23755335,62.0,63.8,62.0,63.6,1.5,629
2024-04-18,3167,365693,22934058,63.6,63.6,62.1,62.5,-1.1,625
2024-04-19,3167,864841,52149634,61.1,61.5,58.5,60.0,-2.5,889
2024-04-22,3167,697147,40496895,60.0,61.0,57.1,57.5,-2.5,753
2024-04-23,3167,339835,19596820,57.7,59.0,56.9,57.5,0.0,497
2024-04-24,3167,298020,17501753,58.4,59.3,58.0,59.1,1.6,421
2024-04-25,3167,249046,14436817,58.7,58.7,57.6,57.9,-1.2,508
2024-04-26,3167,719997,43889754,58.9,62.0,58.9,60.6,2.7,1132
2024-04-29,3167,313544,19191567,61.0,62.1,60.4,61.3,0.7,419
2024-04-30,3167,229040,14056945,61.0,62.0,60.1,62.0,0.7,206
2024-05-02,3167,644221,40829263,62.0,64.6,61.8,64.5,2.5,561
2024-05-03,3167,488586,31438896,65.2,65.2,63.7,64.0,-0.5,576
2024-05-06,3167,303198,19351831,63.9,64.8,63.3,63.5,-0.5,370
2024-05-07,3167,301772,18815445,63.0,63.5,61.9,62.6,-0.9,466
2024-05-08,3167,162551,10258047,62.4,63.7,62.4,63.1,0.5,248
2024-05-09,3167,316046,19537445,64.1,64.1,61.1,61.2,-1.9,398
2024-05-10,3167,167585,10122487,61.0,61.1,59.9,60.5,-0.7,175
2024-05-13,3167,1123768,62845933,58.8,58.9,55.0,55.1,-5.4,987
2024-05-14,3167,315635,17470886,55.1,55.8,54.8,55.4,0.3,368
2024-05-15,3167,376621,21158778,58.0,58.0,55.3,55.6,0.2,641
2024-05-16,3167,261088,14534343,55.8,56.3,55.1,56.0,0.4,250
2024-05-17,3167,160599,8953654,55.9,56.5,55.5,55.7,-0.3,167
2024-05-20,3167,180656,10122221,56.7,56.7,55.1,55.7,0.0,183
2024-05-21,3167,136199,7607918,55.8,56.7,55.2,56.5,0.8,123
2024-05-22,3167,148430,8365942,56.6,57.2,55.7,56.0,-0.5,242
2024-05-23,3167,530539,28929866,55.6,55.6,53.9,53.9,-2.1,579
2024-05-24,3167,211966,11303308,53.0,53.9,52.6,53.5,-0.4,247
2024-05-27,3167,172410,9389871,55.0,55.0,53.5,54.6,1.1,367
2024-05-28,3167,446292,25309579,54.6,58.5,54.6,57.3,2.7,495
2024-05-29,3167,287488,16407431,58.3,58.3,56.6,56.9,-0.4,241
2024-05-30,3167,133189,7455310,56.5,56.6,55.3,55.3,-1.6,153
2024-05-31,3167,892060,51719421,56.8,59.5,56.8,57.9,2.6,636
2024-06-03,3167,1135985,68739417,59.3,62.2,59.2,59.2,1.3,879
2024-06-04,3167,431787,24839843,59.2,59.3,56.5,56.6,-2.6,496
2024-06-05,3167,412638,24013797,57.6,59.4,57.3,58.6,2.0,308
2024-06-06,3167,337082,19782694,59.0,60.4,57.6,57.6,-1.0,329
2024-06-07,3167,134564,7691807,58.6,58.6,56.5,57.3,-0.3,146
2024-06-11,3167,194141,11099032,57.8,57.8,56.6,56.7,-0.6,181
2024-06-12,3167,347079,19330959,56.6,56.7,55.0,55.6,-1.1,288
2024-06-13,3167,184172,10299146,55.8,56.4,55.5,56.1,0.5,170
2024-06-14,3167,340943,19529953,56.1,57.8,56.1,57.6,1.5,271
2024-06-17,3167,209362,12022421,57.6,58.2,56.8,57.7,0.1,205
2024-06-18,3167,161560,9326999,57.9,58.4,57.3,57.8,0.1,149
2024-06-19,3167,281654,16037284,57.8,57.9,56.5,56.6,-1.2,445
2024-06-20,3167,167923,9612736,56.8,57.8,56.5,57.4,0.8,155
2024-06-21,3167,144665,8305031,56.8,58.0,56.7,57.7,0.3,175
2024-06-24,3167,1369283,85416787,58.5,63.4,57.7,63.4,5.7,841
2024-06-25,3167,3344028,209781869,64.1,65.6,60.5,62.3,-1.1,2390
2024-06-26,3167,655369,41414307,62.3,64.2,62.0,63.0,0.7,660
2024-06-27,3167,1556666,102695615,63.3,68.5,62.1,65.6,2.6,1957
2024-06-28,3167,922071,60895400,65.3,67.8,64.1,66.5,0.9,953
2024-07-01,3167,2224471,152143943,66.4,69.5,66.0,67.2,0.7,2071
2024-07-02,3167,3455013,244548273,67.4,73.2,67.4,69.9,2.7,3095
2024-07-03,3167,7705676,585334720,71.1,76.8,71.1,76.8,6.9,4826
2024-07-04,3167,6148151,468205964,77.5,78.0,73.4,73.6,-3.2,4367
2024-07-05,3167,2414017,179940394,74.5,76.6,72.6,74.1,0.5,1861
2024-07-08,3167,3149932,229289867,75.7,77.7,69.7,69.7,-4.4,2476
2024-07-09,3167,2727060,181676936,69.7,71.8,64.5,67.3,-2.4,1953
2024-07-10,3167,2229254,156339004,68.2,71.5,68.2,70.2,2.9,1647
2024-07-11,3167,1328000,91382678,71.0,71.1,67.0,67.2,0.0,1113
2024-07-12,3167,699133,46867813,66.0,68.0,65.8,66.6,-0.6,573
2024-07-15,3167,890860,58774155,66.9,67.2,65.0,65.2,-1.4,1207
2024-07-16,3167,1375626,94331854,66.1,71.3,65.1,70.5,5.3,1224
2024-07-17,3167,1683730,118709010,70.5,72.2,68.9,69.1,-1.4,1388
2024-07-18,3167,2527801,166418210,68.6,68.6,64.8,65.3,-3.8,2700
2024-07-19,3167,4597590,306198245,65.4,68.2,62.9,66.9,1.6,3003
2024-07-22,3167,1610868,105000113,67.4,67.4,63.6,64.2,-2.7,1286
2024-07-23,3167,5871286,408410188,66.1,70.6,66.1,70.5,6.3,4142
2024-07-26,3167,6207510,434070130,68.0,72.1,65.2,69.6,-0.9,4349
2024-07-29,3167,6854457,477188462,70.8,72.5,67.0,68.0,-1.6,4733
2024-07-30,3167,14207510,1035426926,69.1,74.8,68.8,74.8,6.8,9557
2024-07-31,3167,16508639,1232694403,73.9,78.0,72.3,72.8,-2.0,12254
2024-08-01,3167,7134908,526601227,73.4,75.5,72.1,74.1,1.3,5165
2024-08-02,3167,3551580,254399043,71.3,73.4,70.6,70.6,-3.5,3053
2024-08-05,3167,2315379,148451154,66.0,66.9,63.6,63.6,-7.0,1798
2024-08-06,3167,4561073,271209342,64.3,66.2,57.3,58.9,-4.7,3387
2024-08-07,3167,1107071,71235280,63.0,64.7,63.0,64.7,5.8,625
2024-08-08,3167,4071031,283180062,64.6,71.1,64.6,71.1,6.4,2302
2024-08-09,3167,15877823,1232709812,74.6,78.2,74.6,78.2,7.1,7825
2024-08-12,3167,19353332,1523318967,80.4,81.7,75.5,80.1,1.9,13018
2024-08-13,3167,11843564,961632393,82.7,83.5,78.4,81.1,1.0,8448
2024-08-14,3167,10480853,866409050,82.8,85.2,80.5,82.2,1.1,7495
2024-08-15,3167,7239081,586867234,81.0,82.8,79.3,80.7,-1.5,4612
2024-08-16,3167,13106180,1108189939,83.1,86.5,81.6,84.6,3.9,9820
2024-08-19,3167,14902694,1320616410,84.8,92.5,84.2,87.8,3.2,11057
2024-08-20,3167,15903472,1497571806,88.6,96.5,88.6,96.5,8.7,10307
2024-08-21,3167,27425067,2638561697,97.5,99.5,93.5,93.5,-3.0,16571
2024-08-22,3167,10560236,977101654,95.0,95.5,90.5,90.6,-2.9,7465
2024-08-23,3167,10086090,928245712,90.1,95.9,88.3,93.8,3.2,7337
2024-08-26,3167,6581894,611884445,94.5,95.3,90.3,90.6,-3.2,6228
2024-08-27,3167,6891993,645917020,90.9,95.6,90.9,94.9,4.3,6481
2024-08-28,3167,12196225,1164575352,96.0,98.8,92.5,94.1,-0.8,9164
2024-08-29,3167,5312658,501049889,93.7,96.1,93.0,93.0,-1.1,4268
2024-08-30,3167,6820865,616832011,94.1,94.9,88.0,88.1,-4.9,5233
2024-09-02,3167,3470105,301877545,88.6,89.2,85.8,85.8,-2.3,2674
2024-09-03,3167,5042301,436356324,87.0,89.4,83.6,83.7,-2.1,4078
2024-09-04,3167,4538558,356983019,76.5,81.8,75.4,78.8,-4.9,3232
2024-09-05,3167,3948009,321905187,82.6,83.7,79.6,80.0,1.2,3049
2024-09-06,3167,3656223,301806279,80.7,84.0,80.6,81.6,1.6,2745
2024-09-09,3167,2090436,169416668,80.2,82.3,80.2,80.6,-1.0,1718
2024-09-10,3167,2588477,205978527,81.5,82.0,77.9,79.0,-1.6,2113
2024-09-11,3167,1711561,134353396,77.7,79.8,77.6,77.6,-1.4,1348
2024-09-12,3167,4128493,345364375,79.3,85.3,79.1,85.3,7.7,3070
2024-09-13,3167,14877329,1338432867,87.0,93.1,86.9,90.3,5.0,12179
2024-09-16,3167,11485461,1071578845,91.9,95.0,91.0,92.5,2.2,10392
2024-09-18,3167,16038366,1529373362,92.0,98.5,91.9,96.7,4.2,12757
2024-09-19,3167,29451521,2979594539,97.6,106.0,96.8,106.0,9.3,18029
2024-09-20,3167,21320122,2441342339,110.0,116.5,108.5,116.5,10.5,9006
2024-09-23,3167,29112968,3564204871,122.0,128.0,114.5,128.0,11.5,15753
2024-09-24,3167,37346829,4780898965,129.0,132.5,124.5,127.0,-1.0,22892
2024-09-25,3167,3242998,404034732,126.0,126.0,123.0,124.0,-3.0,2849
2024-09-26,3167,2192143,278269397,125.5,129.0,124.0,128.0,4.0,1767
2024-09-27,3167,4465502,619823598,136.0,140.5,136.0,140.5,12.5,2531
2024-09-30,3167,5058778,726883453,143.0,151.0,136.0,144.0,3.5,3820
2024-10-01,3167,2995925,442139818,149.0,152.0,142.0,150.0,6.0,2651
2024-10-04,3167,1977879,285901681,149.5,149.5,141.5,143.0,-7.0,1859
2024-10-07,3167,2813469,402840359,144.0,148.0,139.0,148.0,5.0,2227
2024-10-08,3167,1418179,207216972,149.0,149.0,142.5,148.5,0.5,1254
2024-10-09,3167,2976952,467793198,157.0,162.0,152.5,153.5,5.0,2555
2024-10-11,3167,2009402,314860018,154.0,162.0,150.0,158.5,5.0,1939
2024-10-14,3167,2176263,353173131,158.5,168.5,153.0,168.0,9.5,2150
2024-10-15,3167,3730322,598304128,166.5,169.0,153.5,153.5,-14.5,3359
2024-10-16,3167,13905459,2042057890,148.0,154.5,141.0,147.5,-6.0,12715
2024-10-17,3167,12598416,1807551257,148.5,150.5,136.5,147.0,-0.5,8859
2024-10-18,3167,14983571,2183868367,149.0,155.0,139.0,141.5,-5.5,11014
2024-10-21,3167,7174423,1052624352,141.0,150.0,140.5,148.5,7.0,5288
2024-10-22,3167,6913482,1013161579,148.5,150.5,143.0,147.0,-1.5,6133
2024-10-23,3167,17600587,2737442894,148.0,161.5,147.0,161.5,14.5,11905
2024-10-24,3167,21148290,3259902456,162.0,165.0,145.5,145.5,-16.0,15384
2024-10-25,3167,13261441,1960854675,145.5,152.0,144.5,147.0,1.5,9199
2024-10-28,3167,10163636,1456807370,147.0,148.5,137.0,146.0,-1.0,6714
2024-10-29,3167,19659275,2949701310,146.0,156.5,142.5,149.0,3.0,13092
2024-10-30,3167,11620682,1744506540,149.0,153.5,145.5,149.5,0.5,8574
2024-11-01,3167,13286661,1978942153,147.5,155.0,144.0,145.5,-4.0,9014
2024-11-04,3167,12014897,1738204817,145.5,150.0,139.0,150.0,4.5,8138
2024-11-05,3167,12597344,1919156862,149.0,157.0,148.5,152.5,2.5,8909
2024-11-06,3167,6797941,1039094342,155.0,156.0,150.5,152.5,0.0,4829
2024-11-07,3167,14415668,2237000749,153.5,161.0,152.0,153.0,0.5,10166
2024-11-08,3167,7171624,1089689004,155.0,157.0,149.0,150.0,-3.0,5734
2024-11-11,3167,17891755,2724298751,155.5,160.0,144.0,146.5,-3.5,12405
2024-11-12,3167,10422018,1483790497,144.5,147.0,138.5,143.0,-3.5,8513
2024-11-13,3167,9148874,1265165748,143.5,145.0,132.5,133.0,-10.0,6506
2024-11-14,3167,6597450,879620649,134.5,136.0,131.0,132.5,-0.5,4722
2024-11-15,3167,3813106,503225751,133.0,135.5,129.5,130.5,-2.0,2825
2024-11-18,3167,8245758,1027297706,130.0,130.5,120.0,122.5,-8.0,5075
2024-11-19,3167,8393134,1091789192,126.0,134.5,122.0,134.5,12.0,4550
2024-11-20,3167,15635827,2030610476,136.0,139.0,126.0,126.0,-8.5,10269
2024-11-21,3167,7458436,927114249,125.5,126.5,122.5,124.0,-2.0,4994
2024-11-22,3167,9170763,1150211369,127.0,130.5,122.5,122.5,-1.5,6501
2024-11-25,3167,7415833,949429107,124.0,132.0,123.5,128.0,5.5,5293
2024-11-26,3167,6724236,824425377,125.0,125.5,120.5,122.5,-5.5,4650
2024-11-27,3167,6978274,832017272,124.0,124.0,117.0,117.0,-5.5,4381
2024-11-28,3167,5037124,581933263,118.0,118.0,114.0,115.0,-2.0,3384
2024-11-29,3167,3025592,351588654,115.5,118.0,114.5,115.5,0.5,2189
2024-12-02,3167,2681737,310453004,119.0,119.0,114.0,114.0,-1.5,2103
2024-12-03,3167,2355805,272439571,116.0,117.5,114.0,115.0,1.0,1792
2024-12-04,3167,5393522,637568570,116.0,120.5,116.0,118.0,3.0,3845
2024-12-05,3167,5176096,616007048,120.0,122.0,116.0,118.5,0.5,3939
2024-12-06,3167,3438141,402465361,118.5,120.5,114.0,115.0,-3.5,2654
2024-12-09,3167,3914660,433284487,115.0,115.0,108.5,109.0,-6.0,3205
2024-12-10,3167,3438450,383315750,109.5,114.5,109.0,112.0,3.0,2733
2024-12-11,3167,1857310,206304921,110.5,113.0,109.5,111.5,-0.5,1747
2024-12-12,3167,2017516,227693764,112.0,114.5,111.5,113.0,1.5,1596
2024-12-13,3167,1530448,168109380,113.0,113.0,109.0,109.0,-4.0,1433
2024-12-16,3167,1649366,178229135,110.5,111.0,105.5,108.0,-1.0,1623
2024-12-17,3167,1193711,129824727,108.5,110.0,107.0,109.0,1.0,1305
2024-12-18,3167,1091114,117423667,109.0,109.5,106.5,108.0,-1.0,1208
2024-12-19,3167,1391045,146236952,105.5,106.5,104.0,105.5,-2.5,1290
2024-12-20,3167,2391283,256232050,106.0,110.5,104.0,104.0,-1.5,2318
2024-12-23,3167,2128472,228980043,106.5,109.0,106.0,107.5,3.5,1733
2024-12-24,3167,15101620,1742128999,111.0,118.0,109.5,118.0,10.5,10869
2024-12-25,3167,17610507,2034627680,119.5,120.0,113.0,114.5,-3.5,11710
2024-12-26,3167,7373848,844296810,115.0,117.5,111.5,111.5,-3.0,5186
2024-12-27,3167,7490588,854184121,112.5,117.0,111.5,112.0,0.5,5365
2024-12-30,3167,5668789,609262518,111.5,113.5,104.0,104.0,-8.0,4602
2024-12-31,3167,4478440,468175528,105.0,108.5,101.5,107.5,3.5,3332
2025-01-02,3167,2337828,244331871,106.5,107.0,103.0,103.0,-4.5,1967
2025-01-03,3167,2299780,234315219,104.0,104.0,100.0,100.5,-2.5,1958
2025-01-06,3167,2132492,219145093,103.0,105.0,101.0,103.0,2.5,1729
2025-01-07,3167,7755148,833549422,104.5,111.0,104.0,106.5,3.5,5399
2025-01-08,3167,2478868,262050969,107.0,107.5,104.5,104.5,-2.0,2032
2025-01-09,3167,2131410,216694320,104.5,105.0,100.0,100.0,-4.5,1924
2025-01-10,3167,4170599,406796014,100.0,101.5,95.8,96.0,-4.0,3371
2025-01-13,3167,3221926,302139877,95.8,95.9,92.0,93.6,-2.4,3131
2025-01-14,3167,2022692,189947361,93.6,95.2,92.5,95.0,1.4,2192
2025-01-15,3167,1506964,143761320,95.0,97.2,94.5,94.8,-0.2,1809
2025-01-16,3167,2395617,234351792,97.4,99.3,96.1,98.8,4.0,2021
2025-01-17,3167,3076136,299559388,99.2,101.5,95.4,95.7,-3.1,2783
2025-01-20,3167,1262075,121903559,95.8,97.7,95.0,97.7,2.0,1329
2025-01-21,3167,953922,91898367,97.7,98.1,95.5,95.5,-2.2,1413
2025-01-22,3167,1056258,101433318,96.1,96.8,95.5,95.7,0.2,1522
2025-02-03,3167,1659451,151927262,92.5,94.5,89.7,92.4,-3.3,1964
2025-02-04,3167,1560680,140200465,94.3,94.3,88.7,89.4,-3.0,1939
2025-02-05,3167,1439788,133099146,91.0,93.7,90.5,93.7,4.3,1540
2025-02-06,3167,2008244,193739898,94.1,98.6,94.1,95.6,1.9,2008
2025-02-07,3167,883092,84564185,95.6,96.8,94.1,96.3,0.7,1167
2025-02-10,3167,3527632,344786298,96.2,100.5,95.2,95.2,-1.1,3578
2025-02-11,3167,1471338,141594436,96.5,97.6,95.5,95.6,0.4,1655
2025-02-12,3167,3222593,316783889,97.5,101.0,96.3,97.5,1.9,3430
2025-02-13,3167,2371718,235277687,97.3,101.0,97.3,99.6,2.1,3440
2025-02-14,3167,1604642,158400033,99.9,100.5,97.7,97.9,-1.7,2589
2025-02-17,3167,1681985,167144815,99.1,101.0,98.1,99.7,1.8,1492
2025-02-18,3167,1526506,152553233,99.5,101.0,99.1,99.7,0.0,1526
2025-02-19,3167,5704852,610730035,103.0,109.5,102.0,109.5,9.8,3879
2025-02-20,3167,24590854,2770016705,111.0,117.5,108.0,108.5,-1.0,15632
2025-02-21,3167,3343295,360640407,108.5,110.0,106.0,107.5,-1.0,2971
2025-02-24,3167,2010285,210305965,105.5,106.5,103.0,103.5,-4.0,1934
2025-02-25,3167,1466686,148151432,102.0,103.0,100.0,100.0,-3.5,1409
2025-02-26,3167,854944,86229993,100.5,102.0,100.0,100.5,0.5,843
2025-02-27,3167,1352160,134695356,101.5,102.0,98.3,98.5,-2.0,1290
2025-03-03,3167,1242164,119039848,97.1,98.8,94.5,94.5,-4.0,1263
2025-03-04,3167,1078463,100527646,92.1,95.0,91.5,93.9,-0.6,901
2025-03-05,3167,1059799,100678777,94.5,96.4,93.5,95.1,1.2,1019
2025-03-06,3167,645354,60884689,95.1,95.8,93.7,93.7,-1.4,844
2025-03-07,3167,1991500,190866568,93.5,98.3,93.1,94.3,0.6,1771
2025-03-10,3167,2424549,220840184,94.1,95.0,89.3,89.5,-4.8,2523
2025-03-11,3167,2405533,205136854,87.4,87.4,82.4,86.7,-2.8,1995
2025-03-12,3167,891753,78242278,87.5,89.0,86.6,87.1,0.4,1209
2025-03-13,3167,942376,82631030,89.9,89.9,86.1,86.1,-1.0,830
2025-03-14,3167,916427,78646137,87.4,87.4,84.6,87.0,0.9,804
2025-03-17,3167,594498,52188859,88.3,88.7,86.8,87.8,0.8,846
2025-03-18,3167,790341,70590499,88.8,90.8,87.8,90.8,3.0,889
2025-03-19,3167,1350295,119625026,90.7,91.5,86.7,86.8,-4.0,2056
2025-03-20,3167,611024,54110921,88.0,89.5,87.7,88.7,1.9,550
2025-03-21,3167,358168,31614565,89.3,89.7,87.9,88.1,-0.6,654
2025-03-24,3167,406267,35531358,89.3,89.4,86.4,86.5,-1.6,450
2025-03-25,3167,370698,32478010,88.7,88.7,87.1,87.2,0.7,357
2025-03-26,3167,345961,30522829,88.8,88.8,87.4,88.2,1.0,415
2025-03-27,3167,394942,34625287,87.1,89.0,86.9,87.1,-1.1,514
2025-03-28,3167,1055137,90543126,88.0,89.2,84.0,84.0,-3.1,978
2025-03-31,3167,2249654,174711624,78.8,81.4,75.6,75.8,-8.2,1745
2025-04-01,3167,1144595,90104197,76.6,80.0,76.6,79.6,3.8,1035
2025-04-02,3167,815070,65968550,80.1,82.2,78.4,81.3,1.7,786
2025-04-07,3167,87255,6387048,73.2,73.2,73.2,73.2,-8.1,113
2025-04-08,3167,356270,23478161,65.9,65.9,65.9,65.9,-7.3,338
2025-04-09,3167,398115,23648060,59.4,59.4,59.4,59.4,-6.5,405
2025-04-10,3167,3868892,250103252,64.5,65.3,63.0,65.3,5.9,2535
2025-04-11,3167,2007148,119676986,58.8,61.3,58.8,60.9,-4.4,1570
2025-04-14,3167,1660626,107789922,64.0,66.3,63.3,64.5,3.6,1991
2025-04-15,3167,992986,66508715,66.0,68.0,65.0,67.4,2.9,1375
2025-04-16,3167,933232,61266136,67.2,67.2,63.9,64.2,-3.2,1204
2025-04-17,3167,785978,50177726,64.2,65.1,62.5,64.7,0.5,677
2025-04-18,3167,648181,42266603,65.3,66.0,64.1,65.9,1.2,556
2025-04-21,3167,731343,46252798,66.3,66.6,61.4,61.5,-4.4,676
2025-04-22,3167,1016457,64067573,60.5,64.5,59.7,63.0,1.5,883
2025-04-23,3167,2689205,179182356,66.4,68.6,63.9,66.8,3.8,2371
2025-04-24,3167,1236418,82678716,67.3,67.8,66.0,66.5,-0.3,1133
2025-04-25,3167,939573,63754828,68.2,68.5,67.3,67.8,1.3,890
2025-04-28,3167,739645,50830651,68.0,69.3,67.8,69.2,1.4,613
2025-04-29,3167,964423,68279483,69.5,72.0,68.6,71.9,2.7,953
2025-04-30,3167,1786784,131112091,71.9,76.0,71.4,71.5,-0.4,1646
2025-05-02,3167,663329,47779836,73.9,73.9,71.3,71.6,0.1,663
2025-05-05,3167,1053624,72530950,72.9,73.0,66.5,69.0,-2.6,911
2025-05-06,3167,495812,34396648,67.6,70.3,67.6,69.3,0.3,405
2025-05-07,3167,319085,21948162,70.3,70.3,68.3,68.6,-0.7,299
2025-05-08,3167,4000931,299215140,74.5,75.4,73.3,75.4,6.8,5828
2025-05-09,3167,4944445,370189468,76.5,77.2,72.5,74.6,-0.8,3785
2025-05-12,3167,3388582,263459957,75.4,80.0,75.4,77.1,2.5,2752
2025-05-13,3167,3381829,283240832,81.9,84.8,81.2,84.8,7.7,2573
2025-05-14,3167,11651472,998178101,86.3,88.0,83.3,85.4,0.6,8403
2025-05-15,3167,5634993,487995225,85.4,88.5,84.8,85.6,0.2,4323
2025-05-16,3167,2633229,226282596,88.0,88.0,85.0,85.4,-0.2,2407
2025-05-19,3167,2039307,172451133,84.2,86.3,83.5,84.1,-1.3,1595
2025-05-20,3167,1968274,165511081,85.5,86.2,82.5,82.9,-1.2,1531
2025-05-21,3167,2665409,226378738,83.7,86.4,83.1,85.0,2.1,2218
2025-05-22,3167,1444205,121097533,84.2,85.3,82.9,84.5,-0.5,1396
2025-05-23,3167,5572837,486983180,85.3,89.0,85.2,85.8,1.3,4347
2025-05-26,3167,1248559,106983830,86.3,86.6,85.0,85.5,-0.3,1172
2025-05-27,3167,3807371,334149611,85.5,89.2,85.4,87.8,2.3,3243
2025-05-28,3167,12212301,1106740068,89.5,95.5,86.0,86.6,-1.2,10462
2025-05-29,3167,3171479,275353861,88.0,88.4,85.6,87.2,0.6,3215
2025-06-02,3167,2574785,218915329,86.4,87.2,83.0,85.6,-1.6,2050
2025-06-03,3167,4052104,357293355,86.5,89.8,86.3,89.2,3.6,3789
2025-06-04,3167,12875559,1217862095,90.4,98.1,89.2,98.1,8.9,12671
2025-06-05,3167,28226586,2831642443,99.3,104.5,96.8,100.0,1.9,22298
2025-06-06,3167,9970854,1083851440,106.0,110.0,105.0,110.0,10.0,5169
2025-06-09,3167,50913955,5826800815,112.5,121.0,109.0,121.0,11.0,28755
2025-06-10,3167,33426147,3932915781,121.5,121.5,115.0,115.5,-5.5,19401
2025-06-11,3167,39866336,4714408581,118.0,122.0,112.5,121.0,5.5,24500
2025-06-12,3167,16504342,1967248478,121.0,121.5,117.0,119.0,-2.0,10014
2025-06-13,3167,42774271,5467493230,122.0,130.5,120.0,130.0,11.0,24920
2025-06-16,3167,39138658,5092095100,129.0,133.0,126.0,131.0,1.0,23304
2025-06-17,3167,13930381,1805587214,132.0,132.5,127.0,129.0,-2.0,11697
2025-06-18,3167,31389307,4054704513,127.5,136.0,119.0,124.0,-5.0,21590
2025-06-19,3167,25059293,3100290878,123.5,128.0,118.5,125.0,1.0,14922
2025-06-20,3167,13243771,1610020140,124.0,125.0,118.5,121.5,-3.5,8912
2025-06-23,3167,12730662,1525047854,119.0,123.0,116.5,120.5,-1.0,7513
2025-06-24,3167,12164534,1479466967,122.0,123.5,120.0,121.5,1.0,7621
2025-06-25,3167,10404388,1266197738,123.0,125.0,119.0,120.0,-1.5,6311
2025-06-26,3167,14042218,1726673628,121.0,125.5,119.0,122.5,2.5,9147
2025-06-27,3167,7518779,922939167,123.5,124.5,121.5,122.0,-0.5,5138
2025-06-30,3167,32247031,4126305669,124.5,133.0,120.5,129.5,7.5,21414
2025-07-01,3167,27093704,3478967390,131.5,134.0,124.0,125.5,-4.0,17477
2025-07-02,3167,15273848,2063474524,129.0,138.0,129.0,138.0,12.5,8199
2025-07-03,3167,62592168,8771181478,140.5,145.5,135.5,136.0,-2.0,37912
2025-07-04,3167,17342412,2311178880,137.0,137.5,129.0,129.0,-7.0,11441
2025-07-07,3167,13398842,1682604532,129.0,131.5,122.0,123.0,-6.0,8827
2025-07-08,3167,9187452,1121552860,123.5,124.5,119.0,122.0,-1.0,6441
2025-07-09,3167,9901429,1232990204,122.0,128.0,119.5,128.0,6.0,6730
2025-07-10,3167,31329895,4277471901,129.0,140.5,126.5,140.5,12.5,20538
2025-07-11,3167,76242713,11252559844,141.0,154.0,141.0,149.0,8.5,47401
2025-07-14,3167,50866017,7756038395,152.0,155.5,149.5,154.0,5.0,31457
2025-07-15,3167,37404619,5904519248,154.0,160.0,153.0,160.0,6.0,24628
2025-07-16,3167,29577873,4674009603,162.0,164.5,154.5,156.5,-3.5,19038
2025-07-17,3167,37696717,5969718555,159.0,162.5,154.0,156.0,-0.5,23951
2025-07-18,3167,25581982,4066258164,158.0,162.0,155.5,161.0,5.0,18490
2025-07-21,3167,34153214,5633687732,161.5,171.5,159.0,166.5,5.5,22480
2025-07-22,3167,63175307,11091454340,167.5,183.0,167.0,170.0,3.5,36687
2025-07-23,3167,46115717,7998323321,174.0,179.5,168.0,172.0,2.0,30536
2025-07-24,3167,34941964,6024434403,173.0,177.5,166.5,168.0,-4.0,22623
2025-07-25,3167,13535098,2258733065,168.0,169.0,165.0,168.0,0.0,8888
2025-07-28,3167,26559653,4581260179,168.0,177.0,167.5,169.5,1.5,21088
2025-07-29,3167,15828712,2626113530,169.5,172.0,162.5,165.0,-4.5,10780
2025-07-30,3167,7218095,1184635656,166.0,166.5,162.5,162.5,-2.5,5454
2025-07-31,3167,18671725,3130450879,162.5,173.0,159.5,170.0,7.5,14211
2025-08-01,3167,41252636,7506489560,166.5,187.0,165.0,187.0,17.0,24211
2025-08-04,3167,33859557,6148719311,189.0,191.0,175.0,175.5,-11.5,22427
2025-08-05,3167,13939423,2427903769,177.0,178.0,171.5,172.0,-3.5,9828
2025-08-06,3167,35084912,6259247351,174.5,185.5,171.5,179.5,7.5,26222
2025-08-07,3167,44796830,8452660563,183.0,193.5,182.0,190.0,10.5,32602
2025-08-08,3167,30571108,5877466231,193.0,197.5,188.0,188.0,-2.0,22150
2025-08-11,3167,22613187,4364195665,188.5,200.0,183.5,200.0,12.0,15997
2025-08-12,3167,26029376,5096521464,200.0,201.0,191.0,194.5,-5.5,19160
2025-08-13,3167,42800989,8712601453,199.0,213.0,195.5,201.0,6.5,33916
2025-08-14,3167,20095545,4109418691,203.0,210.0,197.5,199.5,-1.5,18691
2025-08-15,3167,26424186,5514358348,202.0,216.5,199.0,212.5,13.0,25366
2025-08-18,3167,27613989,5938658212,212.0,224.5,206.0,216.0,3.5,22730
2025-08-19,3167,26256066,5771931230,221.5,231.5,213.5,215.5,-0.5,20584
2025-08-20,3167,16876010,3556143533,215.0,219.0,205.0,206.0,-9.5,19372
2025-08-21,3167,27881413,6158766761,212.5,226.5,212.0,226.5,20.5,27055
2025-08-22,3167,18599859,4083132745,227.0,228.5,212.0,215.0,-11.5,15472
2025-08-25,3167,11478062,2502244625,223.0,226.5,209.5,211.0,-4.0,27211
2025-08-26,3167,7759499,1592008533,213.5,214.0,200.5,200.5,-10.5,7913
2025-08-27,3167,9979789,2092706629,205.5,214.0,205.5,210.5,10.0,11813
2025-08-28,3167,10161654,2166329221,210.5,217.5,209.5,209.5,0.0,8175
2025-08-29,3167,13170142,2864894742,214.0,225.5,212.5,213.0,3.5,10774
2025-09-01,3167,9869047,2002510491,210.5,211.5,196.5,200.0,-13.0,9437
2025-09-02,3167,10022659,1940907963,203.0,204.5,188.0,191.0,-9.0,13994
2025-09-03,3167,8695603,1712207455,192.0,202.0,190.0,196.0,5.0,7554
2025-09-04,3167,15527671,2989736065,205.5,207.5,180.5,185.0,-11.0,13214
2025-09-05,3167,9953831,1900422949,190.0,195.0,186.5,191.5,6.5,9220
2025-09-08,3167,5351403,1025711448,193.0,195.0,189.5,193.0,1.5,4654
2025-09-09,3167,11861527,2343424438,193.0,202.0,192.0,199.0,6.0,8913
2025-09-10,3167,2204862,429204997,199.0,199.0,193.0,193.5,-5.5,2434
2025-09-11,3167,1723079,324984239,194.0,195.0,183.0,185.0,-8.5,2450
2025-09-12,3167,967564,183355262,187.0,191.0,187.0,189.5,4.5,1246
2025-09-15,3167,932392,172866505,190.0,190.0,183.5,184.0,-5.5,1340
2025-09-16,3167,983470,181440219,185.0,188.0,181.5,186.0,2.0,1247
2025-09-17,3167,685138,126749962,186.0,188.0,184.0,184.0,-2.0,851
2025-09-18,3167,802760,149832050,185.5,188.0,184.5,185.0,1.0,1059
2025-09-19,3167,686202,128114169,186.5,188.5,185.5,185.5,0.5,946
2025-09-22,3167,2525309,490219133,190.0,199.0,188.0,199.0,13.5,3015
2025-09-23,3167,2959453,601294883,204.0,205.5,199.5,205.0,6.0,3701
2025-09-24,3167,8194549,1620107444,203.0,205.0,193.5,197.0,-8.0,7465
2025-09-25,3167,4740695,925401599,194.5,202.0,190.5,190.5,-6.5,4766
2025-09-26,3167,6383487,1140121451,190.0,190.0,172.5,174.0,-16.5,8039
2025-09-30,3167,3290598,587196460,174.5,183.0,174.0,178.5,4.5,3597
2025-10-01,3167,3304653,596668106,178.5,184.5,177.5,178.5,0.0,4100
2025-10-02,3167,2326544,418790743,182.0,182.5,177.5,179.0,0.5,2502
2025-10-03,3167,2070349,373266254,180.5,184.5,178.0,184.5,5.5,2115
2025-10-07,3167,3638444,685455195,188.0,191.5,184.5,189.5,5.0,4177
2025-10-08,3167,2955273,542763354,186.0,187.0,181.5,182.0,-7.5,7544
2025-10-09,3167,4858405,851028261,182.0,183.5,170.5,171.0,-11.0,5492
2025-10-13,3167,9942898,1749842107,158.0,183.0,156.0,183.0,12.0,8453
2025-10-14,3167,6951716,1223145905,187.0,187.0,168.5,169.0,-14.0,18800
2025-10-15,3167,2579716,442119291,171.0,174.0,167.0,172.5,3.5,4643
2025-10-16,3167,1985200,343063136,173.0,175.5,170.0,172.0,-0.5,4557
2025-10-17,3167,2649212,438847523,169.5,170.0,164.0,164.0,-8.0,6135
2025-10-20,3167,4139895,670910167,167.0,168.5,158.0,161.5,-2.5,3910
2025-10-21,3167,2520722,407320017,163.0,164.0,159.5,161.0,-0.5,2408
2025-10-22,3167,1456858,233608813,161.0,164.0,158.0,160.0,-1.0,1548
2025-10-23,3167,1254322,197843868,159.5,159.5,156.5,157.5,-2.5,1437
2025-10-27,3167,1990232,321208400,163.0,163.5,158.5,162.5,5.0,2275
2025-10-28,3167,2078526,334549625,162.0,164.0,158.0,162.5,0.0,2246
2025-10-29,3167,1976966,325719731,165.5,167.5,162.5,164.5,2.0,2508
2025-10-30,3167,2406726,387034349,164.0,166.5,158.5,161.0,-3.5,2509
2025-10-31,3167,3209166,529018285,160.0,168.0,159.5,166.0,5.0,2766
2025-11-03,3167,9005111,1605127796,166.0,182.5,165.0,182.5,16.5,8358
2025-11-04,3167,24584537,4831905239,188.5,200.5,188.5,193.5,11.0,31291
2025-11-05,3167,37907286,7511999857,190.0,206.0,188.0,202.5,9.0,80471
2025-11-06,3167,17887970,3582128342,205.0,207.5,195.0,199.5,-3.0,14373
2025-11-07,3167,16857859,3381883265,197.0,205.0,194.5,199.0,-0.5,14000
2025-11-10,3167,8509418,1659321606,202.5,202.5,191.0,193.5,-5.5,47294
2025-11-11,3167,11277705,2193050577,193.0,198.5,189.0,195.5,2.0,15393
2025-11-12,3167,26102163,5392553065,198.0,214.5,197.0,208.0,12.5,22850
2025-11-13,3167,29228159,6279454066,213.5,224.0,209.5,210.0,2.0,52875
2025-11-14,3167,13172482,2743472650,207.0,214.0,204.0,205.0,-5.0,13467
2025-11-17,3167,25063369,5601611492,216.0,225.5,214.0,225.5,20.5,15470
2025-11-18,3167,32714399,7334271454,228.0,232.0,214.0,215.5,-10.0,37139
2025-11-19,3167,13675602,2898633097,215.0,219.0,206.5,206.5,-9.0,11465
2025-11-20,3167,12039359,2582055752,215.0,222.0,207.5,211.0,4.5,10140
2025-11-21,3167,9288658,1805219432,199.5,203.0,190.0,190.0,-21.0,12829
2025-11-24,3167,11436333,2227499399,191.0,199.5,186.5,197.0,7.0,9603
2025-11-25,3167,8029054,1612049356,201.5,203.5,198.0,198.0,1.0,8254
2025-11-26,3167,7424488,1472045210,201.5,203.5,193.0,193.5,-4.5,7317
2025-11-27,3167,3847906,750364146,197.0,197.0,192.5,196.5,3.0,3843
2025-11-28,3167,8100215,1628086978,197.0,207.5,194.0,203.5,7.0,7835
2025-12-01,3167,6540020,1318312368,205.0,206.0,197.0,202.0,-1.5,8342
2025-12-02,3167,4674933,929625949,204.5,204.5,195.0,198.0,-4.0,6848
2025-12-03,3167,2303902,455499923,199.5,200.0,196.0,196.0,-2.0,2486
2025-12-04,3167,10306741,2110367385,197.0,211.0,197.0,201.0,5.0,9515
2025-12-05,3167,21672010,4667881717,204.5,221.0,203.5,221.0,20.0,22120
2025-12-08,3167,24376943,5299206123,222.0,224.0,210.5,218.5,-2.5,17740
2025-12-09,3167,36816329,8651158326,226.5,240.0,225.5,234.5,16.0,59815
2025-12-10,3167,17744622,4222652623,237.5,242.5,231.5,240.5,6.0,18935
2025-12-11,3167,14269230,3405001519,242.5,246.0,231.0,232.0,-8.5,12499
2025-12-12,3167,7467299,1721072161,234.0,234.0,226.5,233.0,1.0,38453
2025-12-15,3167,6099472,1404005627,226.0,236.0,223.0,236.0,3.0,14457
2025-12-16,3167,7062388,1607309987,234.0,235.0,221.5,225.5,-10.5,7701
2025-12-17,3167,4108802,919862000,228.0,229.0,220.5,220.5,-5.0,4298
2025-12-18,3167,3451741,747586471,220.0,221.0,214.0,214.5,-6.0,3726
2025-12-19,3167,8100964,1792654922,219.0,228.5,216.5,217.0,2.5,9589
2025-12-22,3167,9625873,2171390630,226.5,234.0,220.0,224.0,7.0,8360
2025-12-23,3167,7987638,1810953835,225.0,231.5,221.0,223.0,-1.0,7233
2025-12-24,3167,6943521,1564759781,223.0,230.5,221.0,224.0,1.0,6139
2025-12-26,3167,16584522,3934890638,227.0,242.0,226.5,240.0,16.0,14282
2025-12-29,3167,14841030,3588982027,242.0,247.5,234.5,240.0,0.0,17965
2025-12-30,3167,21984681,5403245326,245.0,253.5,237.0,241.5,1.5,43620
2025-12-31,3167,7788922,1891840466,241.5,246.0,239.0,244.0,2.5,6611
2026-01-02,3167,9973440,2348086502,246.0,246.5,228.0,231.5,-12.5,10028
2026-01-05,3167,7254062,1651380338,236.5,238.0,222.0,223.0,-8.5,17189
2026-01-06,3167,6126377,1398816008,231.5,232.0,225.0,225.0,2.0,7155
2026-01-07,3167,8914501,1938984671,226.0,227.0,212.5,214.0,-11.0,10615
2026-01-08,3167,6537537,1414529615,214.5,220.0,213.0,214.0,0.0,6482
2026-01-09,3167,6513852,1429593653,215.5,223.0,214.5,220.5,6.5,6250
2026-01-12,3167,12189501,2819632946,223.5,238.5,221.5,232.0,11.5,14883
2026-01-13,3167,19481661,4702412278,237.0,246.5,235.0,241.5,9.5,23668
2026-01-14,3167,11367259,2671607475,245.0,245.5,230.0,230.5,-11.0,71567
2026-01-15,3167,8552424,1960251012,229.5,237.0,224.0,227.0,-3.5,11240
2026-01-16,3167,4186915,949956835,228.5,232.0,225.0,225.5,-1.5,6468
2026-01-19,3167,6438625,1424875179,225.0,227.0,216.0,220.0,-5.5,7133
2026-01-20,3167,7287327,1669845720,220.0,234.5,218.5,230.0,10.0,7708
2026-01-21,3167,4662230,1038632606,230.0,230.0,219.0,219.0,-11.0,11301
2026-01-22,3167,3984581,895877174,223.0,229.0,221.5,223.5,4.5,3799
2026-01-23,3167,5843321,1331805165,226.0,232.0,221.0,228.0,4.5,9614
2026-01-26,3167,8841052,2080811600,229.0,240.0,227.0,236.0,8.0,13453
2026-01-27,3167,4805060,1127635547,238.5,238.5,232.0,233.0,-3.0,13404
2026-01-28,3167,3096389,717957268,233.5,235.0,228.5,232.5,-0.5,10682
2026-01-29,3167,5693622,1298891125,235.0,238.5,221.0,222.0,-10.5,29989
2026-01-30,3167,3807336,821832037,221.5,221.5,212.0,216.5,-5.5,7234
2026-02-02,3167,3302527,680746413,213.0,213.0,202.0,205.0,-11.5,4836
2026-02-03,3167,2696764,555829394,211.0,213.5,201.0,205.5,0.5,3947
2026-02-04,3167,3142938,661470753,205.5,215.0,202.0,212.5,7.0,3629
2026-02-05,3167,2433797,514308364,211.0,217.0,206.5,208.5,-4.0,2695
2026-02-06,3167,15327208,3388081221,213.5,229.0,201.0,229.0,20.5,13240
2026-02-09,3167,8704699,2179850089,246.0,251.5,246.0,251.5,22.5,5992
2026-02-10,3167,27096754,7376148404,261.0,276.5,260.0,275.5,24.0,28318
2026-02-11,3167,10013137,2710661114,279.0,279.5,263.0,271.5,-4.0,10366
2026-02-23,3167,10762065,3057319645,281.5,292.0,276.0,278.0,6.5,9573
2026-02-24,3167,2736914,783746834,274.5,299.0,274.5,292.0,14.0,3152
2026-02-25,3167,1528660,446223248,297.0,297.0,286.5,295.0,3.0,2089
2026-02-26,3167,1499069,445116606,295.0,302.5,288.0,297.0,2.0,2196
2026-03-02,3167,1655695,501569776,285.5,314.0,285.5,309.0,12.0,2512
2026-03-03,3167,1654658,497428477,312.0,319.0,290.0,290.0,-19.0,2620
2026-03-04,3167,1873981,505760495,282.0,282.5,265.0,266.0,-24.0,2722
2026-03-05,3167,1273685,353043294,279.0,288.0,265.0,276.0,10.0,1684
2026-03-06,3167,1083309,308031023,273.5,291.0,271.5,291.0,15.0,1746
2026-03-09,3167,1406700,375539080,262.0,289.0,262.0,278.0,-13.0,2026
2026-03-10,3167,1460942,429683958,293.0,300.0,288.0,294.0,16.0,2473
2026-03-11,3167,6044143,1917645618,311.5,323.0,306.0,323.0,29.0,23301
2026-03-12,3167,1197889,425250595,355.0,355.0,355.0,355.0,32.0,1524
2026-03-13,3167,8981729,3431795810,368.0,390.5,356.0,390.5,35.5,6422
2026-03-16,3167,15891345,5735556577,366.5,380.0,351.5,367.0,-23.5,14381
2026-03-17,3167,1639074,557072078,355.0,357.0,330.5,331.0,-36.0,2916
2026-03-18,3167,744811,259856731,342.0,352.0,342.0,349.0,18.0,1323
2026-03-19,3167,812647,295000198,345.0,370.5,345.0,357.0,8.0,1285
2026-03-20,3167,651737,229721388,369.0,369.0,343.0,345.0,-12.0,984
2026-03-23,3167,758047,244927280,310.5,337.5,310.5,325.0,-20.0,1147
2026-03-24,3167,836731,263158967,330.0,330.0,304.0,317.0,-8.0,1222
2026-03-25,3167,789926,274849998,341.0,348.5,341.0,348.5,31.5,840
2026-03-26,3167,639669,228220957,365.0,365.0,349.0,349.5,1.0,975
2026-03-27,3167,1192090,428940221,349.0,372.0,333.0,372.0,22.5,1390
2026-03-30,3167,1846054,726021219,373.5,409.0,373.5,409.0,37.0,2263
2026-03-31,3167,11917699,4638571693,409.0,435.5,368.5,368.5,-40.5,14760
2026-04-01,3167,8949577,3538580090,396.5,405.0,376.0,405.0,36.5,8144
2026-04-02,3167,12708323,5565802147,418.0,445.5,416.0,445.5,40.5,10174
2026-04-07,3167,7050218,3444395218,484.0,490.0,480.0,490.0,44.5,4615
2026-04-08,3167,1809219,946514171,507.0,539.0,490.0,539.0,49.0,1986
2026-04-09,3167,1465989,861433372,558.0,592.0,558.0,576.0,37.0,2055
2026-04-10,3167,1083007,657042558,580.0,633.0,561.0,633.0,57.0,1958
2026-04-13,3167,1466234,962056896,645.0,696.0,614.0,614.0,-19.0,2396
2026-04-14,3167,961146,620720916,641.0,672.0,617.0,672.0,58.0,1701
2026-04-15,3167,711123,501217201,707.0,716.0,691.0,701.0,29.0,1545
2026-04-16,3167,738091,507716634,680.0,715.0,670.0,670.0,-31.0,1822
2026-04-17,3167,603534,422480779,670.0,720.0,670.0,685.0,15.0,1390
2026-04-20,3167,772848,519000157,668.0,675.0,668.0,670.0,-15.0,1796
2026-04-21,3167,1526904,962378142,670.0,670.0,615.0,626.0,-44.0,3252
2026-04-22,3167,628619,422506600,646.0,688.0,637.0,680.0,54.0,1515
2026-04-23,3167,1058514,670576894,705.0,716.0,612.0,639.0,-41.0,2115
2026-04-24,3167,1121807,773303804,665.0,702.0,660.0,702.0,63.0,1708
2026-04-27,3167,1063275,704710048,734.0,734.0,634.0,675.0,-27.0,1644
2026-04-28,3167,925008,679373936,700.0,742.0,700.0,742.0,67.0,1832
2026-04-29,3167,1315797,1044273333,761.0,816.0,748.0,814.0,72.0,2001
2026-04-30,3167,8033647,6818682787,818.0,894.0,790.0,861.0,47.0,10906
2026-05-04,3167,7507096,6232069993,869.0,871.0,805.0,854.0,-7.0,13186
2026-05-05,3167,2047918,1598695440,823.0,823.0,770.0,770.0,-84.0,4579
2026-05-06,3167,1298480,979470900,782.0,795.0,714.0,795.0,25.0,2835
2026-05-07,3167,1395858,1048362764,818.0,818.0,723.0,755.0,-40.0,3499
2026-05-08,3167,1641282,1144098189,745.0,745.0,684.0,684.0,-71.0,4240
2026-05-11,3167,2048876,1367548849,656.0,728.0,624.0,728.0,44.0,4005
2026-05-12,3167,785860,588813692,736.0,770.0,736.0,760.0,32.0,1872
2026-05-13,3167,598520,442711104,718.0,759.0,718.0,753.0,-7.0,1615
2026-05-14,3167,678884,512360368,782.0,782.0,738.0,765.0,12.0,1465
2026-05-15,3167,821078,623421360,787.0,787.0,735.0,735.0,-30.0,1762
2026-05-18,3167,680373,478716622,735.0,735.0,662.0,713.0,-22.0,1629
2026-05-19,3167,6069129,4730275075,756.0,784.0,756.0,784.0,71.0,5934
2026-05-20,3167,7865181,6204114109,793.0,828.0,753.0,780.0,-4.0,10216
2026-05-21,3167,7858857,6262864481,821.0,853.0,755.0,756.0,-24.0,16729
2026-05-22,3167,6220520,4993077789,770.0,831.0,753.0,831.0,75.0,11873
2026-05-25,3167,7980653,7094428905,860.0,914.0,845.0,879.0,48.0,15325
2026-05-26,3167,871800,728886192,865.0,865.0,826.0,831.0,-48.0,2838
2026-05-27,3167,875130,717219710,835.0,835.0,801.0,820.0,-11.0,2318
2026-05-28,3167,502280,403786552,835.0,835.0,784.0,795.0,-25.0,2967
2026-05-29,3167,478772,382571091,828.0,828.0,790.0,795.0,0.0,1540
2026-06-01,3167,667935,526739716,809.0,809.0,780.0,786.0,-9.0,1874
2026-06-02,3167,833751,685964122,797.0,845.0,784.0,840.0,54.0,1700
2026-06-03,3167,970743,860870099,860.0,920.0,860.0,920.0,80.0,2280
2026-06-04,3167,652920,603994978,950.0,950.0,901.0,901.0,-19.0,1775
2026-06-05,3167,670386,605853774,899.0,950.0,857.0,950.0,49.0,1690
2026-06-08,3167,1407302,1230145875,855.0,905.0,855.0,865.0,-85.0,2237
2026-06-09,3167,3705458,3461302759,910.0,951.0,893.0,951.0,86.0,4611
2026-06-10,3167,8216266,7773491797,940.0,1015.0,856.0,858.0,-93.0,14576
2026-06-11,3167,4560391,3757407278,873.0,886.0,776.0,847.0,-11.0,10066
2026-06-12,3167,5642987,4745890776,891.0,905.0,802.0,806.0,-41.0,9503
2026-06-15,3167,3240007,2671772195,829.0,853.0,800.0,839.0,33.0,5953
2026-06-16,3167,5850620,4706410604,835.0,845.0,767.0,800.0,-39.0,11107
2026-06-17,3167,448656,355489124,795.0,807.0,773.0,807.0,7.0,1223
2026-06-18,3167,409819,329317132,810.0,820.0,788.0,820.0,13.0,1242
2026-06-22,3167,566499,458457535,829.0,829.0,805.0,805.0,-15.0,1722
2026-06-23,3167,506628,406262757,815.0,819.0,780.0,780.0,-25.0,1475
2026-06-24,3167,317799,251680799,774.0,800.0,774.0,793.0,13.0,1158
2026-06-25,3167,277631,218858748,786.0,798.0,783.0,785.0,-8.0,1419
2026-06-26,3167,398263,310800863,792.0,800.0,765.0,765.0,-20.0,1466
2026-06-29,3167,357349,277930995,774.0,785.0,774.0,774.0,9.0,880
2026-06-30,3167,580900,479134894,796.0,842.0,796.0,842.0,68.0,1678
2026-07-01,3167,536816,450810407,831.0,850.0,830.0,842.0,0.0,1579
2026-07-02,3167,3330618,2735914939,845.0,859.0,789.0,798.0,-44.0,6981
2026-07-03,3167,3805175,3274374226,802.0,877.0,780.0,877.0,79.0,5347
2026-07-06,3167,6786865,6344773436,911.0,964.0,884.0,905.0,28.0,14354
2026-07-07,3167,3969823,3482626592,913.0,921.0,830.0,834.0,-71.0,16438
2026-07-08,3167,3286253,2731363931,841.0,888.0,788.0,810.0,-24.0,8125
2026-07-09,3167,2359277,1878182795,810.0,825.0,775.0,775.0,0.0,5970
2026-07-13,3167,3797081,3013270176,790.0,834.0,731.0,826.0,51.0,7886
2026-07-14,3167,6122340,5127886718,820.0,900.0,784.0,870.0,44.0,11390
2026-07-15,3167,5816977,5192957058,873.0,928.0,851.0,892.0,22.0,9214
2026-07-16,3167,3917746,3422577740,879.0,905.0,846.0,851.0,-41.0,7475
2026-07-17,3167,3085624,2417240495,802.0,821.0,766.0,766.0,-85.0,6669
2026-07-20,3167,2621566,1908922628,770.0,770.0,690.0,733.0,-33.0,4476
2026-07-21,3167,2924355,2209507907,735.0,791.0,722.0,729.0,-4.0,4468
2026-07-22,3167,5765897,4135689294,745.0,760.0,694.0,699.0,-30.0,10386
2026-07-23,3167,3644611,2502019235,702.0,709.0,664.0,688.0,-11.0,6341
2026-07-24,3167,923776,581927087,648.0,663.0,620.0,620.0,-68.0,2269
2026-07-27,3167,1190265,678110980,605.0,605.0,558.0,595.0,-25.0,2165
2026-07-28,3167,1275933,693375192,577.0,577.0,536.0,536.0,-59.0,1987
2026-07-29,3167,739278,357645795,536.0,536.0,482.5,482.5,-53.5,1256
2026-07-30,3167,3135566,1382780434,434.5,472.0,434.5,442.0,-40.5,3119
2026-07-31,3167,2178087,1046730654,486.0,486.0,460.5,486.0,44.0,1494
2026-08-03,3167,945883,499706048,513.0,534.0,513.0,534.0,48.0,1212
2026-08-04,3167,469794,275769078,587.0,587.0,587.0,587.0,53.0,511
2026-08-05,3167,228001,147060645,645.0,645.0,645.0,645.0,58.0,465
2026-08-06,3167,912521,622095908,645.0,709.0,645.0,705.0,60.0,1873
2026-08-07,3167,418520,289955317,725.0,725.0,665.0,691.0,-14.0,1082
2026-08-10,3167,4318212,2975090181,714.0,736.0,655.0,655.0,-36.0,7168
2026-08-11,3167,429408,279395789,650.0,665.0,635.0,635.0,-20.0,1232
2026-08-12,3167,417464,276242460,642.0,673.0,635.0,672.0,37.0,901
2026-08-13,3167,458638,313087819,699.0,699.0,670.0,674.0,2.0,1345
2026-08-14,3167,402106,274652360,695.0,695.0,673.0,675.0,1.0,1003
2026-08-17,3167,517030,355208830,680.0,700.0,675.0,700.0,25.0,1134
2026-08-18,3167,5862980,4505738241,762.0,770.0,753.0,770.0,70.0,7635
2026-08-19,3167,8196456,5964231151,728.0,774.0,693.0,693.0,-77.0,11812
2026-08-20,3167,9929286,7234036941,696.0,762.0,655.0,762.0,69.0,15783
2026-08-21,3167,7094273,5256866651,770.0,795.0,714.0,725.0,-37.0,12375
2026-08-24,3167,5852675,4128788079,715.0,753.0,665.0,665.0,-60.0,9958
2026-08-25,3167,4245733,2800135348,660.0,683.0,635.0,674.0,9.0,6735
2026-08-26,3167,4154654,2905198803,671.0,723.0,670.0,716.0,42.0,6605
2026-08-27,3167,4258684,3138498462,722.0,761.0,710.0,742.0,26.0,7658
2026-08-28,3167,5596237,4305344215,745.0,797.0,740.0,783.0,41.0,10044
2026-08-31,3167,4296669,3359697022,764.0,805.0,763.0,794.0,11.0,9038
2026-09-01,3167,4499806,3663553030,794.0,839.0,789.0,800.0,6.0,8912
2026-09-02,3167,2843504,2258484230,785.0,813.0,774.0,774.0,-26.0,10277
2026-09-03,3167,4103594,3074739627,779.0,785.0,724.0,730.0,-44.0,9557
2026-09-04,3167,4823725,3725304965,752.0,803.0,719.0,803.0,73.0,7779
2026-09-07,3167,1836229,1621328207,883.0,883.0,878.0,883.0,80.0,3539
2026-09-08,3167,16040426,14952181089,871.0,971.0,871.0,938.0,55.0,29290
2026-09-09,3167,7407855,6782061931,939.0,952.0,880.0,900.0,-38.0,25877
2026-09-10,3167,5673336,4841264743,897.0,902.0,841.0,848.0,-52.0,21855
2026-09-11,3167,4549544,3754095330,828.0,859.0,806.0,828.0,-20.0,8084
2026-09-14,3167,3957928,3201473949,810.0,832.0,781.0,810.0,-18.0,8222
2026-09-15,3167,3934764,3187683130,805.0,834.0,785.0,792.0,-18.0,7065
2026-09-16,3167,2994886,2453151218,810.0,832.0,805.0,824.0,32.0,5187
2026-09-17,3167,4546506,3734857946,830.0,843.0,795.0,817.0,-7.0,7106
2026-09-18,3167,7060893,5868799989,833.0,855.0,810.0,834.0,17.0,9130
2026-09-21,3167,3127531,2542818372,834.0,836.0,805.0,806.0,-28.0,10084
2026-09-22,3167,5538268,4665193142,815.0,868.0,812.0,864.0,58.0,10869
2026-09-23,3167,6389970,5600336584,873.0,903.0,860.0,890.0,26.0,11700
2026-09-24,3167,8378906,7774261332,889.0,968.0,871.0,949.0,59.0,16819
