date,stock_id,Trading_Volume,Trading_money,open,max,min,close,spread,Trading_turnover
2016-09-29,3260,7996905,403034939,52.0,52.0,49.4,49.5,-1.5,4115
2016-09-30,3260,4981454,248133345,49.6,50.6,49.0,49.9,0.4,2886
2016-10-03,3260,3180907,158504849,50.6,50.6,49.2,49.9,0.0,1674
2016-10-04,3260,9522533,490446083,51.0,52.3,50.6,50.7,0.8,5281
2016-10-05,3260,3456982,175957782,50.7,51.4,50.3,51.3,0.6,1957
2016-10-06,3260,4756447,245001858,52.4,52.4,50.9,50.9,-0.4,2753
2016-10-07,3260,2542922,129547122,51.3,51.5,50.6,50.7,-0.2,1719
2016-10-11,3260,6752137,343283056,51.4,52.4,49.2,51.2,0.5,3412
2016-10-12,3260,2697371,136093821,50.9,51.1,49.65,51.1,-0.1,1662
2016-10-13,3260,2319239,117910664,51.2,51.6,50.4,50.5,-0.6,1256
2016-10-14,3260,6357982,310953174,50.4,50.5,47.85,48.0,-2.5,3416
2016-10-17,3260,3259936,157295032,48.2,48.85,47.35,48.85,0.85,1944
2016-10-18,3260,2045881,98684133,48.55,48.7,47.9,48.1,-0.75,1061
2016-10-19,3260,2989053,144887287,48.7,49.15,47.3,49.05,0.95,1851
2016-10-20,3260,7010503,352724537,49.3,51.1,49.3,50.1,1.05,3777
2016-10-21,3260,3736374,188022576,50.3,50.9,49.8,50.1,0.0,1918
2016-10-24,3260,1939931,97551752,50.7,50.7,50.0,50.2,0.1,987
2016-10-25,3260,1401052,70057800,50.2,50.4,49.8,50.0,-0.2,828
2016-10-26,3260,2052465,103085492,50.3,50.8,49.85,49.95,-0.05,1074
2016-10-27,3260,2227727,111813539,50.3,50.6,49.6,50.5,0.55,1224
2016-10-28,3260,1688666,84260423,50.4,50.4,49.5,49.5,-1.0,936
2016-10-31,3260,1843621,89711240,49.0,49.4,48.0,49.1,-0.4,1041
2016-11-01,3260,1475739,72219019,48.8,49.4,48.5,48.55,-0.55,864
2016-11-02,3260,2827518,135985434,48.55,48.8,47.7,47.8,-0.75,1520
2016-11-03,3260,3751023,183204770,48.5,49.5,48.3,48.95,1.15,1889
2016-11-04,3260,1558083,75954724,49.0,49.1,48.35,48.7,-0.25,997
2016-11-07,3260,1250485,61546900,49.1,49.8,48.8,49.8,1.1,745
2016-11-08,3260,5138511,260028550,50.9,51.1,50.0,50.1,0.3,2547
2016-11-09,3260,5420116,261442846,50.5,50.6,46.6,47.05,-3.05,2943
2016-11-10,3260,4171616,207100703,50.0,50.0,49.3,49.45,2.4,2209
2016-11-11,3260,2374866,115426694,48.95,48.95,48.25,48.65,-0.8,1370
2016-11-14,3260,1709604,82734423,49.1,49.15,47.8,48.8,0.15,1197
2016-11-15,3260,876642,42550244,48.25,48.9,48.25,48.55,-0.25,600
2016-11-16,3260,1428494,69344512,49.0,49.0,48.15,48.2,-0.35,1002
2016-11-17,3260,1175739,56407788,48.4,48.45,47.75,48.1,-0.1,787
2016-11-18,3260,4820162,239804363,49.0,50.3,48.95,49.75,1.65,2743
2016-11-21,3260,3345742,167771650,50.2,50.5,49.6,50.4,0.65,2012
2016-11-22,3260,5557577,282552350,50.6,51.4,50.3,50.4,0.0,2668
2016-11-23,3260,6581403,340068553,51.5,52.2,51.0,51.2,0.8,3502
2016-11-24,3260,12911665,684563456,51.0,54.4,50.8,53.6,2.4,6773
2016-11-25,3260,8039231,430860554,54.4,54.9,52.6,52.7,-0.9,4568
2016-11-28,3260,16823681,925674004,53.5,56.7,53.4,54.7,2.0,9035
2016-11-29,3260,5176653,284909351,55.3,55.5,54.3,55.1,0.4,2982
2016-11-30,3260,3252488,177808090,55.4,55.4,54.3,54.4,-0.7,1809
2016-12-01,3260,7942669,439425583,55.5,56.4,54.2,54.4,0.0,4368
2016-12-02,3260,4102664,219595456,53.6,54.0,52.8,54.0,-0.4,2431
2016-12-05,3260,2049823,110455342,54.4,54.5,53.3,53.9,-0.1,1296
2016-12-06,3260,2268532,123011428,54.5,54.6,53.9,54.0,0.1,1287
2016-12-07,3260,5257068,281862921,54.5,54.8,52.9,53.2,-0.8,3018
2016-12-08,3260,4411102,233565454,53.9,54.0,52.5,52.6,-0.6,2333
2016-12-09,3260,3783701,200023377,52.6,53.6,52.1,53.2,0.6,2062
2016-12-12,3260,4232335,225421382,53.2,54.0,52.6,53.2,0.0,2284
2016-12-13,3260,4872299,253340409,52.5,52.9,51.5,51.6,-1.6,2743
2016-12-14,3260,2870217,148387308,51.9,52.1,51.2,51.6,0.0,1752
2016-12-15,3260,2240609,116525136,51.6,52.4,51.2,51.7,0.1,1322
2016-12-16,3260,3608775,189294488,52.0,53.1,51.7,52.9,1.2,2185
2016-12-19,3260,7505276,403327761,53.5,54.4,53.2,53.2,0.3,3825
2016-12-20,3260,5987519,323635054,54.5,54.9,53.6,53.7,0.5,3075
2016-12-21,3260,3237236,171747455,53.7,53.8,52.7,52.7,-1.0,1716
2016-12-22,3260,3858009,205561069,53.2,53.7,52.8,53.6,0.9,1995
2016-12-23,3260,4121461,221129318,53.9,54.0,53.2,53.2,-0.4,2084
2016-12-26,3260,2091860,109688281,53.0,53.2,52.0,52.4,-0.8,1179
2016-12-27,3260,1709483,88762516,52.2,52.7,51.7,51.7,-0.7,1037
2016-12-28,3260,1462484,76042710,52.1,52.3,51.8,52.0,0.3,870
2016-12-29,3260,984584,51146745,52.0,52.4,51.6,52.0,0.0,578
2016-12-30,3260,2301955,120664936,52.3,52.7,52.0,52.7,0.7,1255
2017-01-03,3260,2767639,143153885,52.7,52.7,51.1,52.0,-0.7,1603
2017-01-04,3260,1493699,77515782,52.0,52.2,51.6,51.8,-0.2,875
2017-01-05,3260,2928590,153786161,52.2,52.9,52.1,52.5,0.7,1723
2017-01-06,3260,3047259,159810168,52.9,53.1,51.9,52.0,-0.5,1642
2017-01-09,3260,1572595,81451759,52.0,52.4,51.5,51.9,-0.1,936
2017-01-10,3260,2133504,111365653,52.0,52.7,51.8,51.9,0.0,1292
2017-01-11,3260,1654700,86266900,52.4,52.6,51.8,52.3,0.4,1076
2017-01-12,3260,2567331,132889833,52.5,52.5,51.4,51.4,-0.9,1523
2017-01-13,3260,3896121,196614412,51.3,51.4,49.95,50.2,-1.2,2018
2017-01-16,3260,2475811,124718133,50.5,50.9,49.85,50.0,-0.2,1377
2017-01-17,3260,12030444,635853740,53.5,53.7,52.3,52.5,2.5,6023
2017-01-18,3260,2433214,127334183,52.4,52.7,52.0,52.2,-0.3,1358
2017-01-19,3260,2447030,127458760,52.5,52.6,51.8,51.9,-0.3,1428
2017-01-20,3260,1644605,85487390,52.0,52.4,51.6,51.6,-0.3,869
2017-01-23,3260,1443613,74842130,51.7,52.1,51.6,52.0,0.4,750
2017-01-24,3260,1446071,75460493,52.4,52.4,52.0,52.2,0.2,846
2017-02-02,3260,3983409,210818291,52.7,53.5,52.2,52.7,0.5,2106
2017-02-03,3260,2376309,125753996,52.9,53.2,52.8,52.9,0.2,1231
2017-02-06,3260,2315358,122661880,53.2,53.5,52.6,53.0,0.1,1192
2017-02-07,3260,8026096,436673728,54.2,55.1,53.6,53.6,0.6,3965
2017-02-08,3260,2457134,131713297,53.8,54.1,53.4,53.5,-0.1,1375
2017-02-09,3260,2305978,123015115,53.7,53.8,53.1,53.2,-0.3,1208
2017-02-10,3260,4656363,251672300,53.8,54.8,53.5,53.5,0.3,2578
2017-02-13,3260,1838799,98838123,54.0,54.0,53.6,53.7,0.2,1077
2017-02-14,3260,2710285,144436505,54.0,54.0,53.0,53.0,-0.7,1396
2017-02-15,3260,2064550,109958850,53.4,53.5,53.0,53.1,0.1,1006
2017-02-16,3260,2727313,146400214,53.3,54.0,53.1,54.0,0.9,1378
2017-02-17,3260,3093656,167244501,54.0,54.5,53.5,53.7,-0.3,1631
2017-02-18,3260,1827864,97878569,53.8,54.0,53.3,53.4,-0.3,925
2017-02-20,3260,3862912,203381173,53.4,53.6,51.7,52.1,-1.3,2073
2017-02-21,3260,1601675,83794221,52.5,52.6,52.0,52.5,0.4,860
2017-02-22,3260,3934768,210554640,52.8,54.0,52.6,53.5,1.0,2288
2017-02-23,3260,3759625,202922476,53.7,54.5,53.3,53.6,0.1,1985
2017-02-24,3260,1279823,68445479,54.0,54.1,53.3,53.3,-0.3,713
2017-03-01,3260,1909834,102703236,53.8,54.1,53.5,53.7,0.4,1010
2017-03-02,3260,14094603,782485531,54.7,56.4,54.4,55.5,1.8,6814
2017-03-03,3260,3834678,211131911,55.2,55.7,54.6,55.3,-0.2,1862
2017-03-06,3260,18012971,1049027627,57.0,59.8,56.8,58.9,3.6,8622
2017-03-07,3260,6045334,352192878,58.4,59.2,57.5,58.4,-0.5,3372
2017-03-08,3260,15699935,953855348,60.5,62.4,59.6,60.2,1.8,8247
2017-03-09,3260,14575853,904455636,61.9,63.0,61.0,62.3,2.1,7235
2017-03-10,3260,9734138,604252883,62.6,63.2,60.9,62.7,0.4,5119
2017-03-13,3260,6304214,393333865,62.9,63.1,61.8,62.8,0.1,3245
2017-03-14,3260,5022443,316692445,64.0,64.0,62.5,62.5,-0.3,2761
2017-03-15,3260,3214282,200066095,62.8,62.8,62.0,62.0,-0.5,1736
2017-03-16,3260,12567396,809523339,62.7,65.7,62.6,65.0,3.0,6780
2017-03-17,3260,11094947,732687475,64.9,67.3,64.1,67.3,2.3,5918
2017-03-20,3260,29294602,2121897322,69.5,74.0,69.5,72.5,5.2,13929
2017-03-21,3260,13514446,988747828,72.9,74.6,71.6,73.5,1.0,7525
2017-03-22,3260,10991047,809871117,72.5,74.5,71.7,74.5,1.0,5860
2017-03-23,3260,22861493,1785528532,76.0,80.5,75.8,76.8,2.3,12326
2017-03-24,3260,14268942,1111387734,79.0,79.8,76.6,77.0,0.2,7557
2017-03-27,3260,15923565,1263133700,78.8,80.4,78.1,80.0,3.0,8639
2017-03-28,3260,18551081,1438916718,80.7,80.7,74.1,78.0,-2.0,9839
2017-03-29,3260,9035380,710691384,79.3,79.6,77.1,79.4,1.4,4914
2017-03-30,3260,10902095,876039705,79.5,81.5,79.0,79.0,-0.4,5942
2017-03-31,3260,6353682,500871554,80.0,80.1,78.0,78.2,-0.8,3397
2017-04-05,3260,8253241,659246104,78.8,81.2,78.5,80.9,2.7,4884
2017-04-06,3260,12319307,1011132667,82.3,83.4,81.0,81.0,0.1,6617
2017-04-07,3260,10655499,846254114,80.5,81.0,78.1,79.6,-1.4,5552
2017-04-10,3260,6839792,535042135,78.7,79.4,77.7,77.8,-1.8,3779
2017-04-11,3260,8735731,668084063,77.8,78.6,75.1,75.1,-2.7,4890
2017-04-12,3260,7325060,557225860,75.4,77.3,74.6,76.0,0.9,4060
2017-04-13,3260,8306551,619171302,75.3,76.4,73.6,73.7,-2.3,4612
2017-04-14,3260,8435539,625969149,73.5,75.5,72.8,73.6,-0.1,4538
2017-04-17,3260,10859345,775530049,74.0,74.4,69.5,71.2,-2.4,5597
2017-04-18,3260,7334339,538536038,73.1,74.6,72.1,74.5,3.3,3873
2017-04-19,3260,7568688,563308951,73.8,75.6,73.5,73.5,-1.0,4156
2017-04-20,3260,4824246,350514167,72.9,73.9,71.2,72.0,-1.5,2700
2017-04-21,3260,3004358,219662294,73.2,73.7,72.5,72.7,0.7,1678
2017-04-24,3260,16742365,1147886520,70.0,70.7,66.1,68.9,-3.8,8511
2017-04-25,3260,12373699,882032840,71.7,72.4,70.4,70.8,1.9,6077
2017-04-26,3260,8146741,588323593,71.6,73.3,71.1,73.0,2.2,4334
2017-04-27,3260,4998556,362919104,73.5,73.5,71.8,72.7,-0.3,2728
2017-04-28,3260,6048494,438325908,73.0,73.8,71.3,71.5,-1.2,3228
2017-05-02,3260,2856072,205012617,72.2,72.4,71.2,71.2,-0.3,1546
2017-05-03,3260,2233147,159712402,71.6,71.8,71.3,71.5,0.3,1169
2017-05-04,3260,7271297,532208030,72.3,74.1,71.8,72.9,1.4,4171
2017-05-05,3260,3826225,275319800,72.5,72.6,71.5,71.7,-1.2,2101
2017-05-08,3260,2436172,174508570,72.2,72.3,71.3,71.3,-0.4,1260
2017-05-09,3260,6835975,474305575,71.3,71.7,68.4,68.8,-2.5,3791
2017-05-10,3260,3961904,276313654,69.4,70.5,69.0,70.0,1.2,2157
2017-05-11,3260,3645084,255829196,70.0,71.0,69.5,69.5,-0.5,2016
2017-05-12,3260,3107503,218324554,70.0,70.7,69.7,70.3,0.8,1635
2017-05-15,3260,8043621,585514631,71.1,73.8,70.8,73.7,3.4,4857
2017-05-16,3260,9681162,718820326,74.1,75.4,72.9,72.9,-0.8,5138
2017-05-17,3260,4895132,358557280,72.9,74.2,72.1,74.2,1.3,2867
2017-05-18,3260,16720630,1263141484,73.2,76.5,73.1,76.2,2.0,9456
2017-05-19,3260,7374032,559507093,76.6,76.7,75.2,75.2,-1.0,4261
2017-05-22,3260,4418452,331364610,75.8,75.9,74.5,74.6,-0.6,2538
2017-05-23,3260,3393775,252720492,75.0,75.2,74.1,74.1,-0.5,2013
2017-05-24,3260,4974200,374140649,74.6,76.2,74.3,74.4,0.3,2985
2017-05-25,3260,3904495,290046867,75.0,75.2,73.9,73.9,-0.5,2225
2017-05-26,3260,2763843,205382996,74.4,74.8,73.8,74.5,0.6,1799
2017-05-31,3260,5471439,413237157,75.4,76.1,75.0,75.1,0.6,3300
2017-06-01,3260,4378518,331444140,76.0,76.2,75.2,75.8,0.7,2512
2017-06-02,3260,4655010,353741146,76.1,76.5,75.4,75.6,-0.2,2520
2017-06-03,3260,3517104,264221210,76.1,76.2,74.5,75.1,-0.5,1920
2017-06-05,3260,8465685,648665187,75.6,77.3,75.2,76.5,1.4,4645
2017-06-06,3260,3122387,238296794,76.5,76.8,75.9,76.7,0.2,1947
2017-06-07,3260,5138040,387830294,76.7,76.7,75.0,75.1,-1.6,2889
2017-06-08,3260,7834845,600821878,76.5,77.3,76.0,76.0,0.9,4195
2017-06-09,3260,4036365,304695574,76.3,76.5,75.1,75.2,-0.8,2253
2017-06-12,3260,2450434,183232250,74.4,75.2,74.2,75.0,-0.2,1406
2017-06-13,3260,2202812,165794500,75.5,75.9,74.9,74.9,-0.1,1273
2017-06-14,3260,4888657,360378806,75.5,75.5,72.7,73.6,-1.3,2760
2017-06-15,3260,2908987,211959551,73.6,73.9,72.2,72.7,-0.9,1697
2017-06-16,3260,2501204,184189796,72.9,74.2,72.8,74.0,1.3,1554
2017-06-19,3260,2391872,177601986,73.9,74.9,73.4,74.2,0.2,1327
2017-06-20,3260,2381562,177542590,75.0,75.2,74.1,74.2,0.0,1336
2017-06-21,3260,1675121,124344587,74.0,74.6,74.0,74.5,0.3,961
2017-06-22,3260,1661749,123974065,74.9,74.9,74.3,74.6,0.1,938
2017-06-23,3260,3247018,244484650,74.6,75.7,74.6,75.1,0.5,1792
2017-06-26,3260,3187259,240408264,75.5,75.7,75.2,75.5,0.4,1518
2017-06-27,3260,4164834,316527684,75.8,76.5,75.4,76.0,0.5,2162
2017-06-28,3260,3747928,284750907,76.2,76.4,75.5,76.1,0.1,1804
2017-06-29,3260,3985915,300980630,76.5,76.6,74.7,74.7,-1.4,2009
2017-06-30,3260,3743739,279127081,74.4,74.9,73.9,74.7,0.0,1258
2017-07-03,3260,7162232,537079925,75.2,75.5,74.7,74.8,0.1,2489
2017-07-04,3260,9254939,663070586,71.0,72.8,71.0,72.1,0.0,3463
2017-07-05,3260,11719968,865705917,73.6,74.3,73.3,73.8,1.7,5752
2017-07-06,3260,9484186,709452389,75.3,75.4,74.3,74.8,1.0,4483
2017-07-07,3260,3839678,285455929,74.9,74.9,74.1,74.3,-0.5,1890
2017-07-10,3260,5109482,382534436,74.9,75.2,74.3,74.8,0.5,2270
2017-07-11,3260,3773841,282893791,75.1,75.4,74.6,74.8,0.0,1970
2017-07-12,3260,7392654,561169368,75.1,76.6,75.1,76.6,1.8,4008
2017-07-13,3260,17480848,1379194073,77.4,80.3,76.9,79.5,2.9,8744
2017-07-14,3260,7916414,628465927,80.0,80.0,78.7,79.9,0.4,3844
2017-07-17,3260,9698857,790969737,80.9,82.4,80.9,81.3,1.4,5204
2017-07-18,3260,6693672,546293168,81.7,82.1,80.9,81.5,0.2,3423
2017-07-19,3260,10955278,903409637,82.0,83.3,81.4,81.8,0.3,5845
2017-07-20,3260,8592015,693470466,82.3,82.3,79.6,79.8,-2.0,4868
2017-07-21,3260,8329532,670375470,80.2,81.7,79.1,81.7,1.9,4386
2017-07-24,3260,3767091,305544471,81.4,81.5,80.6,81.3,-0.4,1976
2017-07-25,3260,4133322,333466797,81.1,81.5,80.2,80.7,-0.6,2222
2017-07-26,3260,7360465,603485918,81.0,82.9,80.9,81.3,0.6,3935
2017-07-27,3260,3323866,270370104,81.6,81.8,81.0,81.3,0.0,1838
2017-07-28,3260,5259763,421635184,81.3,81.4,79.5,79.7,-1.6,2904
2017-07-31,3260,10042459,781295065,79.0,79.0,77.0,77.1,-2.6,4936
2017-08-01,3260,4208154,328035712,77.1,78.5,77.1,78.0,0.9,2370
2017-08-02,3260,3445356,268705868,78.7,78.8,77.6,77.7,-0.3,2138
2017-08-03,3260,3702502,289641887,77.7,78.9,77.0,78.1,0.4,2199
2017-08-04,3260,2943410,229781545,78.1,78.8,77.3,78.1,0.0,1656
2017-08-07,3260,8381282,672251198,78.8,81.4,78.2,80.7,2.6,4833
2017-08-08,3260,5552543,442735394,81.1,81.1,78.7,79.2,-1.5,2969
2017-08-09,3260,3422422,269131477,78.7,79.5,78.0,78.4,-0.8,1868
2017-08-10,3260,14135710,1079774909,78.3,78.3,74.6,75.3,-3.1,7489
2017-08-11,3260,4024866,302921322,74.2,75.9,74.2,75.7,0.4,2344
2017-08-14,3260,7434090,551472003,75.9,76.5,72.7,72.7,-3.0,3933
2017-08-15,3260,4362234,321986259,74.1,74.7,73.2,73.4,0.7,2368
2017-08-16,3260,6905369,518931520,74.0,76.3,73.4,76.0,2.6,3848
2017-08-17,3260,4559447,347112172,76.7,76.8,75.4,75.8,-0.2,2598
2017-08-18,3260,3985997,298073575,75.1,75.2,74.5,74.6,-1.2,2318
2017-08-21,3260,3398181,254203275,75.0,75.6,73.8,75.0,0.4,1623
2017-08-22,3260,3303236,248749440,75.7,75.8,74.9,75.1,0.1,1742
2017-08-23,3260,3900232,295674007,75.5,76.7,75.1,75.1,0.0,2150
2017-08-24,3260,3113089,235962913,75.4,76.3,75.1,75.5,0.4,1710
2017-08-25,3260,4104195,310234217,75.8,76.3,75.1,75.3,-0.2,1946
2017-08-28,3260,3078615,233682286,75.6,76.4,75.3,75.6,0.3,1772
2017-08-29,3260,3267904,245372404,76.0,76.0,74.8,74.9,-0.7,1735
2017-08-30,3260,1809070,136434050,75.5,75.8,75.2,75.2,0.3,1098
2017-08-31,3260,2318023,174339014,75.5,75.7,74.8,75.1,-0.1,1297
2017-09-01,3260,2458462,183578355,75.2,75.3,74.3,74.5,-0.6,1428
2017-09-04,3260,2926318,216550387,74.1,74.5,73.6,73.6,-0.9,1658
2017-09-05,3260,4177527,313873652,74.0,76.0,73.6,75.6,2.0,2297
2017-09-06,3260,3737724,279285071,75.4,75.4,74.2,74.6,-1.0,1984
2017-09-07,3260,3510433,263465689,75.1,75.8,74.6,74.6,0.0,1823
2017-09-08,3260,2100945,157887175,75.1,75.5,74.7,75.0,0.4,1221
2017-09-11,3260,2752622,205113035,75.4,75.5,74.1,74.1,-0.9,1599
2017-09-12,3260,4954915,373528987,74.7,75.8,74.5,75.3,1.2,2690
2017-09-13,3260,18742437,1462103449,76.0,79.2,76.0,77.2,1.9,9752
2017-09-14,3260,11251802,886516486,79.0,79.4,77.9,78.7,1.5,5549
2017-09-15,3260,5685816,446274699,78.7,79.3,78.0,78.2,-0.5,2468
2017-09-18,3260,40046197,3382782942,80.6,86.0,80.6,86.0,7.8,18314
2017-09-19,3260,23341050,2008583432,86.5,87.3,84.6,85.3,-0.7,11643
2017-09-20,3260,24609204,2150307973,86.9,88.7,86.0,86.3,1.0,12416
2017-09-21,3260,17844182,1580359454,88.4,89.8,87.5,87.9,1.6,9499
2017-09-22,3260,9920631,861060307,88.4,88.5,86.0,86.4,-1.5,5300
2017-09-25,3260,11453237,964003278,87.3,87.4,82.6,83.0,-3.4,6120
2017-09-26,3260,9800354,805732028,83.1,84.2,80.2,81.2,-1.8,5026
2017-09-27,3260,7702672,638371448,83.0,84.0,81.4,84.0,2.8,4304
2017-09-28,3260,13667548,1166561498,85.5,86.7,84.0,84.0,0.0,7202
2017-09-29,3260,6874519,566552409,83.3,83.6,81.5,82.3,-1.7,3954
2017-09-30,3260,2909900,242600264,83.3,83.8,82.8,83.0,0.7,1751
2017-10-02,3260,5273761,445523495,83.7,85.3,83.1,84.9,1.9,3165
2017-10-03,3260,4456553,374389987,85.0,85.0,83.7,83.7,-1.2,2362
2017-10-05,3260,3261056,274446504,83.7,84.8,83.6,84.2,0.5,1838
2017-10-06,3260,13448665,1169459795,87.5,88.0,86.0,86.1,1.9,7278
2017-10-11,3260,4894239,421790154,87.1,87.1,85.3,85.7,-0.4,2848
2017-10-12,3260,3826076,329843324,86.2,86.8,85.8,86.0,0.3,2279
2017-10-13,3260,6203886,535858511,86.0,87.4,85.1,86.7,0.7,3499
2017-10-16,3260,4629645,403647796,87.4,87.9,86.6,86.8,0.1,2677
2017-10-17,3260,20770778,1896150876,93.8,93.8,89.6,89.6,2.8,11227
2017-10-18,3260,7327136,655022700,90.6,90.8,88.6,89.0,-0.6,4523
2017-10-19,3260,4829359,432109596,89.6,90.4,88.6,88.9,-0.1,3048
2017-10-20,3260,4211291,373464543,88.8,89.4,88.1,88.5,-0.4,2597
2017-10-23,3260,3776879,336297783,89.2,89.9,88.4,88.4,-0.1,2290
2017-10-24,3260,3377137,299892026,89.2,89.4,88.5,88.7,0.3,1871
2017-10-25,3260,3437800,305031193,89.5,89.5,88.2,88.2,-0.5,1995
2017-10-26,3260,4164474,368710265,88.1,89.3,87.2,89.2,1.0,2355
2017-10-27,3260,10365446,924726183,89.7,90.9,87.2,87.3,-1.9,5678
2017-10-30,3260,3392255,297507903,88.5,89.0,86.9,87.4,0.1,1978
2017-10-31,3260,2706983,237213686,87.5,88.5,86.7,87.7,0.3,1608
2017-11-01,3260,4700459,417200758,88.6,89.4,88.3,88.6,0.9,2613
2017-11-02,3260,3317035,291660093,88.9,88.9,87.5,87.6,-1.0,1887
2017-11-03,3260,2186060,191328558,87.7,88.2,87.2,87.4,-0.2,1202
2017-11-06,3260,1978638,173765342,87.6,88.5,87.5,87.5,0.1,1081
2017-11-07,3260,5398188,480244332,88.5,89.8,88.2,89.0,1.5,3159
2017-11-08,3260,4819118,428679453,89.2,89.6,88.2,89.4,0.4,2628
2017-11-09,3260,12423830,1116540570,90.5,91.3,87.7,87.8,-1.6,7309
2017-11-10,3260,4961691,430802064,87.0,87.8,86.0,86.8,-1.0,2877
2017-11-13,3260,6611614,560876076,86.5,86.8,83.7,83.7,-3.1,3862
2017-11-14,3260,2798836,235578938,84.5,84.9,83.6,83.8,0.1,1739
2017-11-15,3260,1730861,145025128,83.8,84.2,83.2,83.8,0.0,1210
2017-11-16,3260,2413517,203983129,83.6,85.2,83.6,84.5,0.7,1418
2017-11-17,3260,3022568,258489717,85.5,86.2,84.8,85.8,1.3,1755
2017-11-20,3260,1577366,134275710,86.0,86.0,84.8,84.9,-0.9,892
2017-11-21,3260,1955584,167319627,85.4,86.2,85.3,85.5,0.6,1145
2017-11-22,3260,11313748,995766276,88.9,89.0,86.5,87.0,1.5,5920
2017-11-23,3260,4683904,411116672,87.6,88.5,87.0,87.5,0.5,2780
2017-11-24,3260,2028379,177706156,88.0,88.1,87.2,87.3,-0.2,1322
2017-11-27,3260,2472253,216281175,87.5,87.8,87.2,87.3,0.0,1352
2017-11-28,3260,3753123,323319278,87.3,87.4,85.5,85.7,-1.6,2226
2017-11-29,3260,4033575,342346549,85.5,86.0,84.3,84.3,-1.4,2590
2017-11-30,3260,8351460,684449414,83.3,83.3,81.0,81.4,-2.9,4717
2017-12-01,3260,3429646,280111068,82.2,82.6,80.3,81.2,-0.2,2138
2017-12-04,3260,2664499,214707963,81.2,81.6,80.2,80.4,-0.8,1617
2017-12-05,3260,4968050,404653579,80.9,82.4,80.8,80.9,0.5,2881
2017-12-06,3260,2673356,216226720,81.4,81.7,80.1,80.5,-0.4,1654
2017-12-07,3260,2746248,220887159,81.6,81.6,79.9,80.0,-0.5,1528
2017-12-08,3260,4512408,358620742,80.3,80.8,78.3,80.2,0.2,2604
2017-12-11,3260,2203158,178826737,80.6,81.5,80.5,81.2,1.0,1306
2017-12-12,3260,1674298,135769138,81.8,81.9,80.3,80.3,-0.9,1034
2017-12-13,3260,2184553,175198967,80.1,80.8,79.5,80.0,-0.3,1203
2017-12-14,3260,1641326,132420666,81.0,81.3,80.2,80.2,0.2,960
2017-12-15,3260,2949031,233835132,79.8,79.8,79.0,79.1,-1.1,1675
2017-12-18,3260,3363866,263734348,79.3,79.6,78.0,78.0,-1.1,2023
2017-12-19,3260,4323355,336456801,78.0,78.5,77.2,77.6,-0.4,2480
2017-12-20,3260,2098836,164524631,78.0,78.6,78.0,78.5,0.9,1332
2017-12-21,3260,1536457,120753081,78.4,79.2,78.1,78.1,-0.4,1049
2017-12-22,3260,1531188,119098416,78.2,78.5,77.5,77.7,-0.4,972
2017-12-25,3260,8606044,645100525,76.0,76.5,73.5,73.6,-4.1,4996
2017-12-26,3260,11633653,819863163,72.5,72.5,69.4,69.6,-4.0,6613
2017-12-27,3260,3415294,239214482,69.1,70.8,69.1,70.3,0.7,2125
2017-12-28,3260,3287782,233767322,70.6,71.8,70.5,70.9,0.6,2099
2017-12-29,3260,2146284,151743195,71.2,71.5,70.3,70.5,-0.4,1357
2018-01-02,3260,2701121,192656492,70.3,72.1,70.0,71.8,1.3,1725
2018-01-03,3260,4567543,336622759,72.4,74.5,72.4,73.8,2.0,2889
2018-01-04,3260,2307522,170261228,74.0,74.5,73.1,74.0,0.2,1408
2018-01-05,3260,2378974,176111576,74.4,74.9,73.6,73.6,-0.4,1380
2018-01-08,3260,2537401,185357769,73.7,74.1,72.6,72.6,-1.0,1530
2018-01-09,3260,2785944,203740881,73.7,73.8,72.6,73.2,0.6,1725
2018-01-10,3260,3157127,225873142,73.1,73.1,70.8,71.0,-2.2,1881
2018-01-11,3260,1319124,94331028,71.2,71.8,71.2,71.3,0.3,759
2018-01-12,3260,2006104,145359235,71.8,73.0,71.7,72.5,1.2,1179
2018-01-15,3260,1132321,82545991,72.7,73.4,72.6,72.8,0.3,728
2018-01-16,3260,2091689,151734415,72.9,73.0,72.3,72.5,-0.3,1022
2018-01-17,3260,2869153,207785583,72.8,73.4,71.6,72.5,0.0,1625
2018-01-18,3260,3610661,265309471,73.4,73.8,73.1,73.2,0.7,2091
2018-01-19,3260,5513817,410637178,73.7,75.1,73.3,74.9,1.7,3284
2018-01-22,3260,5123143,389237734,75.6,76.6,75.3,75.9,1.0,2960
2018-01-23,3260,3095168,233293742,76.0,76.1,75.0,75.3,-0.6,1744
2018-01-24,3260,1995135,150751692,75.5,76.0,75.0,75.8,0.5,1289
2018-01-25,3260,2597220,196905662,75.8,76.5,75.2,75.3,-0.5,1465
2018-01-26,3260,1801833,135317789,75.7,75.7,74.6,75.3,0.0,1005
2018-01-29,3260,6418126,462026554,71.1,72.7,71.0,72.5,-2.8,3936
2018-01-30,3260,2029311,146501272,72.3,72.7,71.9,72.0,-0.5,1195
2018-01-31,3260,1555338,111743561,71.7,72.3,71.2,71.9,-0.1,882
2018-02-01,3260,1544081,111945549,71.8,72.8,71.8,72.5,0.6,975
2018-02-02,3260,1057390,76348209,72.5,72.7,72.0,72.2,-0.3,634
2018-02-05,3260,1428865,101273110,70.2,71.3,70.2,71.2,-1.0,895
2018-02-06,3260,5860836,400546522,69.5,70.0,66.3,68.0,-3.2,3171
2018-02-07,3260,2404642,168789013,70.0,70.7,69.8,69.9,1.9,1444
2018-02-08,3260,1568973,109990781,70.4,70.8,69.2,70.3,0.4,1139
2018-02-09,3260,2359823,164952121,68.4,71.0,68.1,71.0,0.7,1438
2018-02-12,3260,1640115,117346224,71.8,72.0,71.2,71.6,0.6,958
2018-02-21,3260,2826990,206365554,72.4,73.9,72.0,73.9,2.3,1896
2018-02-22,3260,1293351,95034790,73.4,73.9,73.1,73.5,-0.4,891
2018-02-23,3260,2075227,152886647,73.8,74.3,73.1,73.1,-0.4,1295
2018-02-26,3260,1108116,81377315,73.7,73.8,73.2,73.4,0.3,742
2018-02-27,3260,1958176,144809838,73.9,74.4,73.5,73.5,0.1,1283
2018-03-01,3260,1222593,89717518,73.0,73.8,72.8,73.4,-0.1,796
2018-03-02,3260,1119928,81725311,73.0,73.3,72.8,72.9,-0.5,700
2018-03-05,3260,1677856,121266430,73.2,73.3,71.5,71.5,-1.4,1063
2018-03-06,3260,1529189,110470336,72.4,72.8,71.9,72.0,0.5,940
2018-03-07,3260,1077534,77628275,72.0,72.5,71.6,71.6,-0.4,736
2018-03-08,3260,7306603,542427015,73.5,74.7,73.5,74.2,2.6,4152
2018-03-09,3260,2746070,205151815,75.5,75.5,74.2,74.5,0.3,1721
2018-03-12,3260,2135362,158388188,74.6,74.9,73.8,73.8,-0.7,1314
2018-03-13,3260,4546109,341871642,74.2,76.3,74.2,76.0,2.2,2686
2018-03-14,3260,2321360,175065563,75.6,75.7,75.0,75.5,-0.5,1385
2018-03-15,3260,2138644,160304159,75.1,75.4,74.4,75.2,-0.3,1259
2018-03-16,3260,2971969,225460928,75.4,76.3,75.4,75.7,0.5,1742
2018-03-19,3260,1922890,145708356,76.0,76.2,75.3,75.3,-0.4,1209
2018-03-20,3260,1222430,91490650,75.2,75.2,74.5,74.6,-0.7,865
2018-03-21,3260,1366957,102305858,74.7,75.2,74.6,74.7,0.1,990
2018-03-22,3260,2166717,162831506,75.1,76.0,74.4,74.5,-0.2,1143
2018-03-23,3260,2254437,165100492,72.6,74.2,72.5,73.3,-1.2,1307
2018-03-26,3260,3224058,242365042,75.0,75.8,74.8,75.0,1.7,2025
2018-03-27,3260,1896795,143288797,76.0,76.0,75.2,75.2,0.2,1180
2018-03-28,3260,1096625,82232346,75.0,75.3,74.6,75.2,0.0,734
2018-03-29,3260,2483266,188390649,75.8,76.5,75.3,75.4,0.2,1406
2018-03-30,3260,1497595,113104015,75.6,76.0,75.2,75.5,0.1,889
2018-03-31,3260,850854,64267470,75.9,75.9,75.3,75.6,0.1,507
2018-04-02,3260,956435,72214537,75.9,76.1,75.2,75.3,-0.3,574
2018-04-03,3260,1280637,95948575,74.7,75.3,74.6,75.0,-0.3,713
2018-04-09,3260,1662735,125414047,75.4,76.2,74.7,75.6,0.6,1063
2018-04-10,3260,1098795,83018426,75.6,76.0,75.1,75.6,0.0,792
2018-04-11,3260,4224892,324014001,76.8,77.3,76.2,76.3,0.7,2535
2018-04-12,3260,1275291,97530214,76.8,76.8,76.1,76.6,0.3,964
2018-04-13,3260,1754371,134493830,77.1,77.1,76.2,76.4,-0.2,1201
2018-04-16,3260,1511945,114853340,76.8,76.9,75.5,75.5,-0.9,969
2018-04-17,3260,1995324,148463759,75.5,75.8,73.6,73.9,-1.6,1386
2018-04-18,3260,1559360,115770023,74.4,74.9,73.9,74.2,0.3,1121
2018-04-19,3260,1455481,107948920,74.3,74.6,73.9,74.1,-0.1,998
2018-04-20,3260,1218206,90018523,73.3,74.5,73.3,74.0,-0.1,817
2018-04-23,3260,1244406,91415944,74.4,74.4,73.0,73.3,-0.7,909
2018-04-24,3260,1944326,139788199,73.3,73.3,70.5,71.9,-1.4,1291
2018-04-25,3260,1117368,80060978,71.1,72.5,70.5,72.4,0.5,766
2018-04-26,3260,1514962,108339081,73.5,73.5,70.5,70.7,-1.7,1019
2018-04-27,3260,733877,52136001,71.5,71.5,70.5,71.2,0.5,511
2018-04-30,3260,929298,66414600,71.7,71.9,70.8,71.9,0.7,615
2018-05-02,3260,1424794,103473339,72.1,74.0,71.7,72.6,0.7,932
2018-05-03,3260,1412206,100876864,72.0,72.0,71.0,71.1,-1.5,954
2018-05-04,3260,703830,50087842,71.2,71.5,71.0,71.1,0.0,466
2018-05-07,3260,2298065,161972383,71.8,71.8,69.5,70.2,-0.9,1484
2018-05-08,3260,11940489,776516627,68.0,68.0,63.6,63.9,-6.3,6781
2018-05-09,3260,4141676,260452889,63.8,63.8,62.1,63.1,-0.8,2700
2018-05-10,3260,1835138,116556032,63.1,63.9,63.1,63.6,0.5,1195
2018-05-11,3260,1372901,87460563,63.9,64.2,63.2,63.2,-0.4,951
2018-05-14,3260,4683667,286758841,62.5,62.7,60.2,60.7,-2.5,2959
2018-05-15,3260,1786162,108817491,60.5,61.4,60.5,60.8,0.1,1160
2018-05-16,3260,4258542,268532754,61.5,64.2,60.9,63.2,2.4,2854
2018-05-17,3260,2653236,168604458,63.8,64.4,62.5,62.6,-0.6,1705
2018-05-18,3260,1327819,82199278,62.5,62.5,61.5,61.8,-0.8,883
2018-05-21,3260,1594845,99865669,62.1,63.3,62.0,63.1,1.3,921
2018-05-22,3260,1100700,69241827,63.5,63.7,62.5,62.5,-0.6,777
2018-05-23,3260,577230,36210764,63.0,63.2,62.5,62.5,0.0,438
2018-05-24,3260,1197788,75845548,63.0,64.0,62.6,63.8,1.3,812
2018-05-25,3260,1134007,72384643,64.0,64.1,63.4,63.8,0.0,762
2018-05-28,3260,1542734,99303867,64.0,64.9,64.0,64.1,0.3,899
2018-05-29,3260,1090237,69538068,64.1,64.3,63.5,63.5,-0.6,680
2018-05-30,3260,2982767,192140269,63.3,65.4,62.8,64.9,1.4,1772
2018-05-31,3260,9254466,624920185,65.9,69.5,65.8,67.6,2.7,5709
2018-06-01,3260,2784405,185831807,66.9,67.5,66.0,66.6,-1.0,1840
2018-06-04,3260,1700865,114129795,66.8,67.7,66.7,67.1,0.5,961
2018-06-05,3260,1226321,82172171,67.5,67.5,66.8,66.9,-0.2,728
2018-06-06,3260,2153599,145987642,68.0,68.3,67.2,67.3,0.4,1355
2018-06-07,3260,1387283,93203180,67.7,67.7,66.8,67.0,-0.3,845
2018-06-08,3260,808701,54182004,67.0,67.4,66.8,66.8,-0.2,571
2018-06-11,3260,943291,62612051,66.8,66.9,66.1,66.2,-0.6,643
2018-06-12,3260,3922794,267381003,66.3,69.2,66.3,67.9,1.7,2577
2018-06-13,3260,3867552,264549462,67.9,69.4,67.0,68.5,0.6,2492
2018-06-14,3260,2565288,176240827,68.5,69.4,67.9,68.1,-0.4,1705
2018-06-15,3260,1717000,116930595,68.4,69.0,67.9,67.9,-0.2,987
2018-06-19,3260,1099026,73868162,67.9,67.9,67.0,67.0,-0.9,755
2018-06-20,3260,2518638,170345684,67.4,68.3,66.5,67.8,0.8,1885
2018-06-21,3260,943040,63675708,67.8,68.0,67.1,67.3,-0.5,662
2018-06-22,3260,1311738,87649216,67.4,67.7,66.5,66.5,-0.8,822
2018-06-25,3260,562257,37407433,66.5,67.0,66.3,66.3,-0.2,399
2018-06-26,3260,1921900,123899006,65.5,65.5,63.9,64.4,-1.9,1250
2018-06-27,3260,999600,65076036,65.3,65.6,64.8,64.8,0.4,696
2018-06-28,3260,1527144,99504317,64.9,65.5,64.4,65.0,0.2,919
2018-06-29,3260,1005136,65850912,65.0,66.1,65.0,65.7,0.7,607
2018-07-02,3260,3012031,204439408,66.3,68.8,66.0,67.8,2.1,1822
2018-07-03,3260,1729847,116716805,68.4,68.4,67.0,67.0,-0.8,1020
2018-07-04,3260,794581,53187173,66.8,67.4,66.6,66.9,-0.1,454
2018-07-05,3260,1406798,93338382,66.9,66.9,66.0,66.4,-0.5,817
2018-07-06,3260,2321497,152267898,66.6,66.8,64.6,65.1,-1.3,1103
2018-07-09,3260,1939749,127069554,65.5,66.0,65.3,65.3,0.2,836
2018-07-10,3260,3417684,224779628,65.4,66.8,65.4,65.7,0.4,1613
2018-07-11,3260,4948495,289489650,59.0,59.1,57.5,58.1,0.0,1988
2018-07-12,3260,987370,57378041,57.9,58.6,57.7,58.1,0.0,713
2018-07-13,3260,840300,48960212,58.5,58.5,58.1,58.2,0.1,561
2018-07-16,3260,847405,49331208,58.5,58.8,58.0,58.0,-0.2,534
2018-07-17,3260,1440406,82534059,58.0,58.0,57.0,57.0,-1.0,908
2018-07-18,3260,1463898,82848000,57.2,57.5,56.1,56.4,-0.6,1088
2018-07-19,3260,2321165,128874575,56.7,56.8,54.7,54.8,-1.6,1529
2018-07-20,3260,2865791,154769830,54.8,55.0,53.2,53.2,-1.6,1884
2018-07-23,3260,3849235,197838750,52.9,53.0,50.4,50.4,-2.8,2296
2018-07-24,3260,4025765,212068355,50.6,54.2,50.6,53.9,3.5,2585
2018-07-25,3260,1540573,83424751,53.7,54.7,53.2,54.2,0.3,1072
2018-07-26,3260,629238,33904445,54.3,54.4,53.6,54.0,-0.2,467
2018-07-27,3260,608932,32724711,54.3,54.3,53.6,53.7,-0.3,442
2018-07-30,3260,906481,48261331,53.9,54.0,52.7,52.9,-0.8,632
2018-07-31,3260,1201676,64735401,53.4,54.3,53.3,54.0,1.1,776
2018-08-01,3260,995987,53664772,54.0,54.2,53.5,54.0,0.0,608
2018-08-02,3260,4880169,271257873,54.0,56.7,54.0,56.3,2.3,2788
2018-08-03,3260,5631682,320997478,56.9,57.5,56.4,57.4,1.1,3372
2018-08-06,3260,1923065,109937702,57.2,57.7,56.6,57.4,0.0,1197
2018-08-07,3260,2429400,140794375,57.7,58.3,57.6,57.7,0.3,1434
2018-08-08,3260,1326019,76208094,58.0,58.1,57.2,57.2,-0.5,896
2018-08-09,3260,1457881,82012463,57.0,57.0,55.8,56.0,-1.2,1017
2018-08-10,3260,2269476,125429819,56.0,56.4,54.7,54.7,-1.3,1506
2018-08-13,3260,4886522,249950566,52.1,52.4,50.5,51.8,-2.9,2785
2018-08-14,3260,1873733,96339304,52.2,52.3,50.6,51.6,-0.2,1041
2018-08-15,3260,1556940,79750783,51.5,51.9,50.6,51.3,-0.3,1121
2018-08-16,3260,1538095,79076595,51.2,52.2,50.3,51.6,0.3,987
2018-08-17,3260,1427678,73148346,51.6,52.2,50.7,50.7,-0.9,897
2018-08-20,3260,2472010,122298444,50.7,51.3,48.1,48.8,-1.9,1598
2018-08-21,3260,2260498,109684124,48.8,49.1,48.0,48.55,-0.25,1477
2018-08-22,3260,1203073,59233500,48.85,49.9,48.65,49.55,1.0,772
2018-08-23,3260,1236335,62300313,50.1,50.9,49.9,50.3,0.75,873
2018-08-24,3260,791232,39923115,50.0,51.5,50.0,50.2,-0.1,565
2018-08-27,3260,1308324,66859877,50.3,51.6,50.3,51.6,1.4,815
2018-08-28,3260,2569859,135843048,53.0,53.3,52.3,52.4,0.8,1686
2018-08-29,3260,950216,49803577,52.4,52.9,52.0,52.7,0.3,717
2018-08-30,3260,624758,32823985,52.7,53.1,52.2,52.3,-0.4,468
2018-08-31,3260,707610,36843909,52.3,52.5,51.8,52.3,0.0,478
2018-09-03,3260,821458,42361912,52.3,52.5,50.9,50.9,-1.4,551
2018-09-04,3260,597302,30555513,51.5,51.5,50.6,51.0,0.1,345
2018-09-05,3260,4609020,245696665,53.0,54.1,52.8,52.8,1.8,2839
2018-09-06,3260,2097638,108715537,52.4,52.5,51.2,51.6,-1.2,1263
2018-09-07,3260,2629077,131869134,51.0,51.2,49.0,49.75,-1.85,1701
2018-09-10,3260,1551103,75448904,50.0,50.3,48.0,48.3,-1.45,1045
2018-09-11,3260,931329,45746095,48.7,49.8,48.6,49.4,1.1,593
2018-09-12,3260,671420,33038308,49.9,49.9,48.65,49.45,0.05,486
2018-09-13,3260,559407,27845753,49.85,50.1,49.5,49.5,0.05,405
2018-09-14,3260,1512470,76188669,49.5,51.0,49.5,50.7,1.2,895
2018-09-17,3260,942363,47815213,50.8,51.3,50.2,50.9,0.2,630
2018-09-18,3260,806523,41034476,50.3,51.2,50.2,51.1,0.2,554
2018-09-19,3260,1280669,66260747,51.6,52.4,51.3,51.7,0.6,894
2018-09-20,3260,1022638,51773117,51.9,51.9,50.0,50.1,-1.6,681
2018-09-21,3260,1000100,50024327,50.2,50.8,49.2,50.3,0.2,667
2018-09-25,3260,867376,43917445,50.1,51.3,50.0,50.3,0.0,491
2018-09-26,3260,718201,35816300,50.1,50.1,49.7,49.75,-0.55,509
2018-09-27,3260,646836,31973512,49.3,49.75,49.3,49.3,-0.45,486
2018-09-28,3260,593686,29263006,49.7,49.8,49.1,49.1,-0.2,359
2018-10-01,3260,382321,18939950,49.1,49.8,49.1,49.6,0.5,283
2018-10-02,3260,394600,19501718,49.75,49.8,49.15,49.3,-0.3,285
2018-10-03,3260,783745,38603274,49.4,49.8,48.6,48.6,-0.7,493
2018-10-04,3260,751096,36382813,48.6,49.0,48.25,48.3,-0.3,487
2018-10-05,3260,2187571,101420146,48.0,48.0,44.8,46.0,-2.3,1340
2018-10-08,3260,1052606,48310682,46.0,46.6,45.2,45.55,-0.45,658
2018-10-09,3260,1057642,48388143,45.7,46.4,45.1,45.55,0.0,590
2018-10-11,3260,3817531,157538202,41.1,43.0,41.0,41.0,-4.55,1721
2018-10-12,3260,1652381,67669685,39.8,41.8,39.8,41.35,0.35,918
2018-10-15,3260,1698438,68194960,40.3,40.9,39.8,40.0,-1.35,1077
2018-10-16,3260,1273534,51773135,39.8,41.2,39.6,40.35,0.35,777
2018-10-17,3260,1267511,51454835,41.2,41.35,40.0,40.4,0.05,862
2018-10-18,3260,522100,21023423,40.6,40.9,40.0,40.05,-0.35,395
2018-10-19,3260,825507,32403605,39.3,39.5,38.9,39.5,-0.55,565
2018-10-22,3260,390508,15571641,39.5,40.25,39.2,40.1,0.6,294
2018-10-23,3260,603023,23670344,39.8,39.9,39.0,39.0,-1.1,471
2018-10-24,3260,1167323,45349547,39.0,39.3,38.55,38.55,-0.45,719
2018-10-25,3260,1574944,56635765,35.6,36.8,35.0,35.15,-3.4,884
2018-10-26,3260,1977554,69550810,35.8,36.6,34.05,35.15,0.0,1074
2018-10-29,3260,939812,33180022,35.2,35.9,34.8,35.6,0.45,520
2018-10-30,3260,740292,26713427,35.6,36.5,35.6,36.2,0.6,555
2018-10-31,3260,1027993,38433630,36.6,37.8,36.6,37.7,1.5,722
2018-11-01,3260,744163,28524455,38.95,38.95,37.75,38.5,0.8,513
2018-11-02,3260,1150451,44637039,38.85,39.25,38.15,38.55,0.05,750
2018-11-05,3260,470401,18117157,38.5,38.85,38.1,38.7,0.15,316
2018-11-06,3260,476585,18279873,39.0,39.0,38.05,38.15,-0.55,319
2018-11-07,3260,810622,31328459,38.0,39.0,38.0,38.85,0.7,455
2018-11-08,3260,2856968,106762451,38.3,38.6,36.5,37.1,-1.75,1816
2018-11-09,3260,1005200,36835624,36.8,37.4,36.3,36.55,-0.55,633
2018-11-12,3260,774276,28524470,36.1,37.35,36.0,37.2,0.65,526
2018-11-13,3260,764151,28477229,37.2,37.6,36.45,37.6,0.4,520
2018-11-14,3260,2065379,80254381,37.8,39.3,37.8,38.95,1.35,1280
2018-11-15,3260,825686,32226454,39.0,39.55,38.5,39.0,0.05,603
2018-11-16,3260,669782,26151321,39.3,39.35,38.8,39.0,0.0,425
2018-11-19,3260,1280805,51170617,39.5,40.65,39.2,40.45,1.45,883
2018-11-20,3260,905193,36359306,40.25,40.6,39.85,40.15,-0.3,523
2018-11-21,3260,1776500,72445250,39.75,41.2,39.7,41.0,0.85,1137
2018-11-22,3260,945269,38414194,41.2,41.2,40.15,40.4,-0.6,652
2018-11-23,3260,799172,32367913,40.7,41.1,40.2,40.25,-0.15,566
2018-11-26,3260,672512,27276066,39.5,41.0,39.5,41.0,0.75,449
2018-11-27,3260,847553,34754226,41.05,41.35,40.5,41.1,0.1,594
2018-11-28,3260,1224748,50281538,41.4,41.4,40.65,41.4,0.3,825
2018-11-29,3260,1459904,61424342,42.4,42.7,41.1,41.2,-0.2,963
2018-11-30,3260,1441392,59188683,41.25,42.25,39.8,39.8,-1.4,770
2018-12-03,3260,2767917,117262832,41.1,43.5,41.0,43.5,3.7,1657
2018-12-04,3260,4913588,220840226,44.1,45.35,44.05,45.3,1.8,2527
2018-12-05,3260,3117849,138434009,44.1,45.55,43.05,45.55,0.25,1648
2018-12-06,3260,2167841,95044470,45.6,45.7,42.15,42.4,-3.15,1287
2018-12-07,3260,705453,30640432,43.1,43.9,43.1,43.4,1.0,502
2018-12-10,3260,956103,39695434,41.6,42.5,41.0,41.15,-2.25,702
2018-12-11,3260,584678,24092040,41.5,41.95,40.55,40.7,-0.45,453
2018-12-12,3260,669269,27734012,40.9,41.7,40.9,41.7,1.0,444
2018-12-13,3260,514417,21568313,42.0,42.2,41.7,41.9,0.2,358
2018-12-14,3260,649280,26564392,41.3,41.3,40.4,40.9,-1.0,443
2018-12-17,3260,543226,22071850,40.7,40.95,40.4,40.5,-0.4,311
2018-12-18,3260,741405,29604598,40.05,40.3,39.6,39.8,-0.7,548
2018-12-19,3260,404123,16141502,40.0,40.15,39.75,39.85,0.05,321
2018-12-20,3260,423610,16758653,39.8,40.0,39.05,39.1,-0.75,316
2018-12-21,3260,381625,14989859,38.55,39.75,38.55,39.75,0.65,238
2018-12-22,3260,192201,7579689,39.75,39.75,39.3,39.3,-0.45,131
2018-12-24,3260,396095,15760578,39.5,40.15,39.25,40.1,0.8,261
2018-12-25,3260,379183,15092436,39.9,39.95,39.55,39.85,-0.25,239
2018-12-26,3260,600311,24093471,40.2,40.75,39.55,39.55,-0.3,380
2018-12-27,3260,439308,17625988,40.45,40.5,39.85,39.85,0.3,246
2018-12-28,3260,287589,11471864,39.95,40.15,39.7,39.8,-0.05,198
2019-01-02,3260,261750,10375913,40.0,40.0,39.5,39.5,-0.3,199
2019-01-03,3260,396503,15661525,39.6,39.85,39.0,39.0,-0.5,270
2019-01-04,3260,566004,21669668,38.1,38.8,37.95,38.6,-0.4,315
2019-01-07,3260,370593,14622035,38.8,39.85,38.8,39.55,0.95,279
2019-01-08,3260,418540,16666618,39.6,40.15,39.4,40.15,0.6,280
2019-01-09,3260,1000567,40811654,40.3,41.15,40.3,40.7,0.55,656
2019-01-10,3260,210015,8499057,40.8,40.8,40.35,40.5,-0.2,167
2019-01-11,3260,278759,11274509,40.8,40.9,40.0,40.2,-0.3,235
2019-01-14,3260,332309,13340968,40.2,40.4,39.8,40.2,0.0,255
2019-01-15,3260,307231,12429874,40.3,40.75,40.2,40.6,0.4,228
2019-01-16,3260,500318,20309153,40.6,40.85,40.4,40.4,-0.2,363
2019-01-17,3260,327179,13302602,40.8,40.9,40.4,40.5,0.1,249
2019-01-18,3260,359273,14600625,40.5,40.85,40.45,40.7,0.2,298
2019-01-21,3260,918545,38198124,41.5,42.0,41.3,41.55,0.85,608
2019-01-22,3260,369479,15357694,41.75,41.75,41.4,41.6,0.05,285
2019-01-23,3260,562349,23420408,41.2,42.0,41.1,42.0,0.4,415
2019-01-24,3260,1326213,56443945,42.35,43.1,42.0,42.0,0.0,908
2019-01-25,3260,499327,20900945,42.2,42.45,41.2,41.55,-0.45,363
2019-01-28,3260,454309,18798822,41.7,41.9,41.15,41.35,-0.2,381
2019-01-29,3260,345183,14114068,41.0,41.25,40.7,40.85,-0.5,268
2019-01-30,3260,399273,16345207,41.0,41.05,40.85,40.9,0.05,221
2019-02-11,3260,264982,10864601,41.4,41.45,40.7,40.9,0.0,214
2019-02-12,3260,510801,21006916,41.0,41.4,40.75,41.35,0.45,320
2019-02-13,3260,2058884,88029556,41.5,43.8,41.45,43.8,2.45,1342
2019-02-14,3260,1391540,60117674,43.6,43.65,42.8,43.1,-0.7,963
2019-02-15,3260,561849,23935659,43.1,43.1,42.3,42.45,-0.65,411
2019-02-18,3260,815532,35199409,42.85,43.8,42.45,43.6,1.15,591
2019-02-19,3260,1489068,65475864,44.0,44.5,43.6,43.8,0.2,958
2019-02-20,3260,1089329,46889841,43.6,43.6,42.8,42.9,-0.9,744
2019-02-21,3260,630601,27264884,43.1,43.5,42.9,43.35,0.45,397
2019-02-22,3260,854867,37434312,43.35,44.5,43.35,43.5,0.15,639
2019-02-25,3260,694924,30351151,43.5,44.0,43.35,43.7,0.2,475
2019-02-26,3260,1181292,51648473,43.7,44.45,43.05,43.95,0.25,827
2019-02-27,3260,1170025,51102326,44.0,44.4,43.2,43.55,-0.4,763
2019-03-04,3260,837288,36092472,43.5,43.5,42.95,43.0,-0.55,501
2019-03-05,3260,348238,14873902,42.95,42.95,42.6,42.7,-0.3,297
2019-03-06,3260,285491,12225096,42.6,42.95,42.6,42.75,0.05,262
2019-03-07,3260,426095,18236234,42.9,43.1,42.5,42.5,-0.25,317
2019-03-08,3260,531208,22533953,42.5,43.0,42.0,42.8,0.3,411
2019-03-11,3260,447183,19158709,42.8,43.15,42.6,42.9,0.1,355
2019-03-12,3260,465507,19891126,43.0,43.15,42.4,42.45,-0.45,341
2019-03-13,3260,479391,20194899,42.45,42.45,42.0,42.0,-0.45,342
2019-03-14,3260,690716,28813622,42.0,42.3,41.55,41.6,-0.4,469
2019-03-15,3260,622444,25795711,41.6,41.65,41.2,41.5,-0.1,465
2019-03-18,3260,604551,25023051,41.6,41.85,41.2,41.25,-0.25,452
2019-03-19,3260,3316851,130705037,40.55,40.55,39.1,39.3,-1.95,2134
2019-03-20,3260,1119166,44105356,39.3,39.65,39.2,39.5,0.2,826
2019-03-21,3260,1465009,58607994,39.65,40.25,39.6,39.95,0.45,925
2019-03-22,3260,1041103,41926138,40.45,40.9,39.95,40.15,0.2,728
2019-03-25,3260,513571,20389308,39.9,39.9,39.3,39.75,-0.4,414
2019-03-26,3260,740007,29197909,40.0,40.1,39.25,39.3,-0.45,529
2019-03-27,3260,656963,26079958,39.3,40.15,39.25,40.1,0.8,520
2019-03-28,3260,821240,33128650,40.1,40.6,40.0,40.0,-0.1,581
2019-03-29,3260,423086,16881341,40.05,40.4,39.8,39.85,-0.15,306
2019-04-01,3260,1348298,54244909,39.85,40.75,39.7,40.4,0.55,764
2019-04-02,3260,734303,29616877,40.6,40.65,40.15,40.15,-0.25,430
2019-04-03,3260,1169486,47195654,40.45,40.5,40.2,40.35,0.2,626
2019-04-08,3260,5653693,241492667,40.9,43.9,40.8,43.7,3.35,3512
2019-04-09,3260,2730040,118538165,44.0,44.0,42.7,43.3,-0.4,1737
2019-04-10,3260,1229490,52526629,43.1,43.1,42.45,42.65,-0.65,739
2019-04-11,3260,933537,39596545,42.55,43.1,41.55,42.0,-0.65,714
2019-04-12,3260,1248006,51580946,42.0,42.0,40.85,40.9,-1.1,769
2019-04-15,3260,1045350,42844716,41.0,41.45,40.7,40.7,-0.2,665
2019-04-16,3260,1315049,54619258,41.0,41.8,41.0,41.75,1.05,797
2019-04-17,3260,2636928,111995764,42.0,43.1,41.6,42.55,0.8,1412
2019-04-18,3260,1834970,77197957,43.0,43.0,41.0,41.35,-1.2,1103
2019-04-19,3260,9343151,408521415,41.8,44.7,41.8,44.4,3.05,5194
2019-04-22,3260,15438706,730809700,45.5,48.7,45.5,48.0,3.6,8814
2019-04-23,3260,10716218,511167935,48.05,48.65,46.3,47.9,-0.1,6079
2019-04-24,3260,8646537,420938021,48.15,49.4,47.1,48.85,0.95,4899
2019-04-25,3260,10675880,534558700,48.7,51.2,48.15,50.2,1.35,6121
2019-04-26,3260,8418096,423580501,50.2,51.5,49.25,49.75,-0.45,4544
2019-04-29,3260,7300450,352805010,50.3,50.7,46.0,47.15,-2.6,4227
2019-04-30,3260,7503126,367560975,47.8,50.0,47.8,50.0,2.85,4707
2019-05-02,3260,5186914,260659664,50.0,50.9,49.15,50.5,0.5,3072
2019-05-03,3260,9686665,502464428,50.5,52.7,50.2,51.8,1.3,5743
2019-05-06,3260,7318402,363596717,50.4,50.8,48.7,49.25,-2.55,4063
2019-05-07,3260,4599112,230931762,49.8,50.9,49.6,49.9,0.65,3063
2019-05-08,3260,4172693,207059500,48.9,50.4,48.85,49.75,-0.15,2719
2019-05-09,3260,6508530,313656614,49.4,50.3,46.6,48.2,-1.55,3874
2019-05-10,3260,4590793,223094321,48.5,49.2,47.65,48.85,0.65,2671
2019-05-13,3260,2151514,103728180,48.85,49.2,47.6,47.6,-1.25,1437
2019-05-14,3260,4284287,199022467,46.4,48.4,44.2,48.3,0.7,2414
2019-05-15,3260,5692153,274868078,48.35,48.9,47.4,48.0,-0.3,2533
2019-05-16,3260,3683388,172315329,47.6,48.2,45.65,45.8,-2.2,2197
2019-05-17,3260,4078510,181794931,46.25,46.75,43.8,43.8,-2.0,2348
2019-05-20,3260,2680973,114221852,43.0,44.0,42.0,42.0,-1.8,1533
2019-05-21,3260,2054440,87399318,41.9,43.65,41.1,43.25,1.25,1323
2019-05-22,3260,1055109,45525687,43.0,43.6,42.8,43.0,-0.25,691
2019-05-23,3260,1967653,81626462,42.45,42.45,40.8,41.55,-1.45,1344
2019-05-24,3260,1425485,60102914,41.7,42.75,41.7,41.9,0.35,915
2019-05-27,3260,721794,30265836,41.95,42.4,41.6,41.85,-0.05,471
2019-05-28,3260,1991339,84941894,42.3,43.15,42.1,42.5,0.65,1209
2019-05-29,3260,1348552,56289616,42.0,42.0,41.6,41.65,-0.85,921
2019-05-30,3260,849656,35635629,41.65,42.15,41.65,41.9,0.25,667
2019-05-31,3260,1014061,42879688,42.0,42.55,41.95,42.25,0.35,629
2019-06-03,3260,872678,36218464,42.2,42.2,41.3,41.5,-0.75,619
2019-06-04,3260,2419167,97659475,41.75,41.75,39.75,40.1,-1.4,1603
2019-06-05,3260,1158072,46784152,40.7,40.9,40.1,40.1,0.0,750
2019-06-06,3260,750318,30117504,40.0,40.5,39.9,40.2,0.1,492
2019-06-10,3260,697178,28120168,40.5,40.65,40.05,40.5,0.3,415
2019-06-11,3260,1111916,45574206,40.35,41.3,40.35,41.15,0.65,737
2019-06-12,3260,905612,37551967,41.3,41.85,41.15,41.55,0.4,609
2019-06-13,3260,442241,18289824,41.4,41.75,41.15,41.3,-0.25,320
2019-06-14,3260,427175,17634108,41.3,41.5,41.1,41.1,-0.2,261
2019-06-17,3260,365150,14984072,41.1,41.25,40.9,40.9,-0.2,250
2019-06-18,3260,395245,16265845,41.0,41.4,40.95,41.0,0.1,280
2019-06-19,3260,1269799,53130264,41.4,42.25,41.35,41.95,0.95,805
2019-06-20,3260,688567,28764803,42.0,42.05,41.65,41.8,-0.15,454
2019-06-21,3260,5024315,215786929,42.15,43.6,42.05,43.6,1.8,2362
2019-06-24,3260,8238655,374452748,44.65,46.25,44.1,45.65,2.05,5232
2019-06-25,3260,3196615,144471152,45.8,46.1,44.7,44.95,-0.7,1976
2019-06-26,3260,6075438,280912748,45.65,47.0,45.65,45.8,0.85,3797
2019-06-27,3260,3489623,159942651,46.55,46.6,45.4,45.55,-0.25,2105
2019-06-28,3260,1685256,75973620,45.65,45.8,44.8,44.8,-0.75,1026
2019-07-01,3260,2464992,113015726,45.6,46.6,45.25,45.9,1.1,1445
2019-07-02,3260,1986032,89754542,45.6,45.8,44.95,45.1,-0.8,1276
2019-07-03,3260,1654601,74299931,45.3,45.45,44.6,44.85,-0.25,963
2019-07-04,3260,2307161,105117209,44.95,45.95,44.95,45.6,0.75,1241
2019-07-05,3260,8684794,410748778,45.8,48.7,45.8,48.7,3.1,5192
2019-07-08,3260,6339309,309761779,49.55,49.55,48.1,48.9,0.2,3968
2019-07-09,3260,12396886,626397590,49.8,51.6,49.55,49.6,0.7,7059
2019-07-10,3260,4170592,208486941,50.7,50.9,49.1,50.5,0.9,2438
2019-07-11,3260,9077347,468722896,50.9,52.3,50.7,51.6,1.1,4874
2019-07-12,3260,8766519,457712930,52.0,53.2,51.1,52.7,1.1,4693
2019-07-15,3260,7801700,410790131,52.7,53.3,52.1,52.2,0.0,3668
2019-07-16,3260,7634538,389970351,52.5,52.7,50.1,50.1,-2.1,3978
2019-07-17,3260,4728610,237917660,50.1,51.0,49.85,50.0,-0.1,2459
2019-07-18,3260,5493666,271783634,50.8,50.8,48.7,49.0,-1.0,2846
2019-07-19,3260,5112507,256931100,49.55,51.0,49.5,50.9,1.9,2487
2019-07-22,3260,3806045,192866585,51.4,51.4,49.95,51.0,0.1,2121
2019-07-23,3260,10904180,571403198,51.9,53.3,51.5,51.7,0.7,5991
2019-07-24,3260,9957486,525416010,52.8,54.1,51.6,52.2,0.5,5520
2019-07-25,3260,7844903,418710073,52.8,53.7,52.6,53.7,1.5,4071
2019-07-26,3260,3851076,204534245,53.3,53.5,52.7,53.3,-0.4,2130
2019-07-29,3260,7959499,436295885,54.3,55.3,54.1,55.0,1.7,4562
2019-07-30,3260,7532290,407366748,55.5,55.9,53.1,53.3,-1.7,3985
2019-07-31,3260,5342641,282524800,53.4,53.7,52.2,52.9,-0.4,2971
2019-08-01,3260,3110573,165136075,52.2,53.8,52.1,53.2,0.3,1720
2019-08-02,3260,6727763,342300155,52.5,52.5,50.0,50.3,-2.9,3660
2019-08-05,3260,3149316,157640798,50.0,50.8,49.15,49.2,-1.1,1758
2019-08-06,3260,4374218,207708400,45.2,49.3,45.2,49.3,0.1,2391
2019-08-07,3260,3120220,153702686,49.6,50.4,48.3,48.5,-0.8,1617
2019-08-08,3260,2611280,127111583,48.5,49.2,48.35,48.55,0.05,1369
2019-08-12,3260,1829066,87413699,48.4,48.4,47.1,47.6,-0.95,1048
2019-08-13,3260,1182274,55995058,47.5,47.9,47.15,47.15,-0.45,704
2019-08-14,3260,2157299,104526587,48.15,48.9,48.15,48.4,1.25,1180
2019-08-15,3260,1533538,72970085,47.5,48.0,47.0,47.65,-0.75,841
2019-08-16,3260,973244,46460362,47.8,48.1,47.25,47.9,0.25,656
2019-08-19,3260,1010715,48912696,48.3,48.7,48.15,48.4,0.5,652
2019-08-20,3260,2586484,127752145,48.9,49.9,48.8,49.75,1.35,1544
2019-08-21,3260,1547346,76699853,50.1,50.2,49.2,49.3,-0.45,959
2019-08-22,3260,1717259,83881757,49.5,49.7,48.45,48.7,-0.6,1014
2019-08-23,3260,2455013,121558550,49.2,49.95,49.15,49.6,0.9,1530
2019-08-26,3260,1406498,67972550,48.2,48.7,48.0,48.1,-1.5,930
2019-08-27,3260,2312086,113402742,48.25,49.6,48.25,48.35,0.25,1536
2019-08-28,3260,1097515,53348123,48.5,49.2,48.35,48.6,0.25,747
2019-08-29,3260,1272453,62392138,48.8,49.5,48.7,48.8,0.2,864
2019-08-30,3260,1324464,64920301,49.3,49.35,48.7,48.7,-0.1,780
2019-09-02,3260,5659659,287633518,48.7,52.0,48.7,52.0,3.3,3480
2019-09-03,3260,3820027,196563591,52.3,52.3,51.0,51.6,-0.4,2314
2019-09-04,3260,1931468,99579701,52.2,52.2,51.2,51.3,-0.3,1142
2019-09-05,3260,3718471,193518899,51.7,52.7,51.3,51.8,0.5,2094
2019-09-06,3260,2368001,123130246,52.7,52.7,51.5,51.6,-0.2,1419
2019-09-09,3260,1391309,71048259,51.9,52.0,50.6,50.8,-0.8,848
2019-09-10,3260,1186575,60063223,51.0,51.3,50.1,51.1,0.3,766
2019-09-11,3260,625269,32022187,51.2,51.7,50.9,51.2,0.1,441
2019-09-12,3260,1238087,63724881,51.3,51.8,51.1,51.6,0.4,682
2019-09-16,3260,1920130,99412990,51.7,52.2,51.3,51.5,-0.1,1053
2019-09-17,3260,3232412,168772282,51.6,52.7,51.3,52.6,1.1,1971
2019-09-18,3260,3242784,170470168,52.5,53.1,52.1,52.4,-0.2,1836
2019-09-19,3260,1876788,97647913,52.4,52.5,51.6,51.8,-0.6,1011
2019-09-20,3260,1366724,71002323,51.8,52.3,51.4,52.0,0.2,737
2019-09-23,3260,3987730,211311229,52.1,53.5,51.8,53.4,1.4,2475
2019-09-24,3260,6157231,327504752,53.5,54.4,52.1,52.4,-1.0,3073
2019-09-25,3260,2362836,122500681,52.0,52.5,51.3,51.3,-1.1,1174
2019-09-26,3260,1223129,62975402,51.5,51.9,51.3,51.3,0.0,651
2019-09-27,3260,2064298,104069454,51.3,51.4,49.9,50.3,-1.0,1214
2019-10-01,3260,777978,39343676,50.3,51.0,50.3,51.0,0.7,473
2019-10-02,3260,947071,47845687,50.8,51.2,50.2,50.4,-0.6,649
2019-10-03,3260,1215591,60713282,49.95,50.2,49.75,49.95,-0.45,675
2019-10-04,3260,714465,35866089,50.3,50.6,49.95,49.95,0.0,473
2019-10-07,3260,935748,46634418,50.0,50.4,49.55,49.6,-0.35,540
2019-10-08,3260,1150929,56866180,49.5,49.8,49.0,49.7,0.1,615
2019-10-09,3260,1688682,82617078,49.4,49.4,48.6,48.7,-1.0,835
2019-10-14,3260,627796,30975626,49.2,49.6,49.1,49.15,0.45,424
2019-10-15,3260,803152,39647529,49.25,49.65,49.1,49.25,0.1,425
2019-10-16,3260,1337541,66454359,49.5,50.2,49.1,49.35,0.1,955
2019-10-17,3260,566704,27927195,49.35,49.65,49.2,49.25,-0.1,403
2019-10-18,3260,1566968,78293486,49.25,50.4,49.25,50.4,1.15,1040
2019-10-21,3260,2671671,136068349,50.6,51.5,50.2,51.5,1.1,1467
2019-10-22,3260,1061395,54572378,51.7,52.0,51.0,51.1,-0.4,714
2019-10-23,3260,960588,49087788,51.1,51.6,50.8,50.9,-0.2,521
2019-10-24,3260,620961,31657911,51.2,51.3,50.7,51.1,0.2,399
2019-10-25,3260,744877,38065973,51.5,51.6,50.8,50.9,-0.2,486
2019-10-28,3260,541108,27497659,50.9,51.1,50.5,50.9,0.0,355
2019-10-29,3260,750371,38216332,51.0,51.4,50.6,50.8,-0.1,458
2019-10-30,3260,1561882,80375067,50.8,51.9,50.8,51.6,0.8,934
2019-10-31,3260,983169,50269845,51.7,52.0,50.5,50.6,-1.0,672
2019-11-01,3260,1133460,56827537,50.6,50.8,49.85,50.0,-0.6,785
2019-11-04,3260,997358,50618041,50.1,51.3,50.1,50.7,0.7,653
2019-11-05,3260,5906009,308750065,50.7,53.1,50.5,52.7,2.0,3600
2019-11-06,3260,3527966,184226632,52.5,52.8,51.5,52.2,-0.5,2189
2019-11-07,3260,1739169,89523233,52.2,52.3,50.8,51.7,-0.5,1023
2019-11-08,3260,1626201,84799229,51.8,52.6,51.7,52.0,0.3,925
2019-11-11,3260,7087425,376073765,52.5,54.1,51.7,52.6,0.6,3833
2019-11-12,3260,8894617,474825422,54.3,54.3,52.5,52.9,0.3,4801
2019-11-13,3260,4054841,216201335,52.9,53.9,52.5,53.8,0.9,2082
2019-11-14,3260,3325318,174599099,53.3,53.9,51.7,51.7,-2.1,1878
2019-11-15,3260,1600400,83317053,51.7,52.5,51.7,52.0,0.3,1016
2019-11-18,3260,7610030,409749007,52.5,54.7,52.5,53.9,1.9,4449
2019-11-19,3260,4290000,231395791,53.2,54.4,53.2,54.3,0.4,2477
2019-11-20,3260,3825607,205666171,54.4,54.9,52.8,52.9,-1.4,2151
2019-11-21,3260,2124465,112161645,52.5,53.3,52.2,52.7,-0.2,1181
2019-11-22,3260,1664490,88080770,52.9,53.4,52.6,52.8,0.1,807
2019-11-25,3260,1714497,89492032,53.0,53.1,51.8,51.8,-1.0,1174
2019-11-26,3260,1231847,64056026,52.3,52.4,51.8,52.1,0.3,756
2019-11-27,3260,1083788,56685906,52.1,52.5,51.9,52.5,0.4,580
2019-11-28,3260,1018186,52993272,52.5,52.6,51.8,52.0,-0.5,529
2019-11-29,3260,1050708,54344701,52.2,52.2,51.5,51.8,-0.2,552
2019-12-02,3260,1907704,96820771,51.7,51.8,50.1,50.6,-1.2,1180
2019-12-03,3260,771614,39431632,50.5,51.3,50.5,51.3,0.7,523
2019-12-04,3260,779220,39607682,51.2,51.2,50.6,50.9,-0.4,440
2019-12-05,3260,3021843,158630804,51.1,53.1,51.1,53.0,2.1,1829
2019-12-06,3260,6896572,372368888,54.4,54.6,53.2,54.0,1.0,4159
2019-12-09,3260,8952614,494115184,54.6,56.2,53.9,56.0,2.0,4592
2019-12-10,3260,19128012,1107897085,56.0,59.2,55.7,59.2,3.2,10858
2019-12-11,3260,22427344,1366324444,60.2,61.7,60.0,61.5,2.3,13196
2019-12-12,3260,11084655,683165177,61.5,62.3,60.9,61.5,0.0,6565
2019-12-13,3260,17232037,1088804719,63.0,64.5,61.9,63.4,1.9,9973
2019-12-16,3260,23354207,1545533498,64.5,67.9,63.7,67.8,4.4,13812
2019-12-17,3260,14244298,978242564,69.5,69.5,67.9,68.1,0.3,8819
2019-12-18,3260,11819359,801186163,68.8,69.1,66.5,66.8,-1.3,7398
2019-12-19,3260,18182931,1240637167,67.8,69.2,67.0,68.2,1.4,10944
2019-12-20,3260,14623462,1011936539,69.2,70.0,68.5,68.5,0.3,9290
2019-12-23,3260,10556860,711935233,69.2,69.5,66.4,66.8,-1.7,5977
2019-12-24,3260,9502554,649718193,66.9,69.5,66.9,69.5,2.7,5607
2019-12-25,3260,7600466,527805119,70.1,70.1,68.9,69.6,0.1,4532
2019-12-26,3260,4927881,341420582,69.6,69.9,68.4,69.7,0.1,3128
2019-12-27,3260,18669866,1327995690,71.5,73.0,69.7,70.4,0.7,10730
2019-12-30,3260,7029075,483464017,70.0,70.0,68.1,68.3,-2.1,4099
2019-12-31,3260,4549424,310632161,67.7,69.0,67.4,68.7,0.4,2632
2020-01-02,3260,13816369,974996023,69.8,71.5,69.5,70.3,1.6,7953
2020-01-03,3260,7978338,553286215,70.0,70.7,68.3,69.3,-1.0,4466
2020-01-06,3260,5447591,372287361,68.5,69.6,67.2,67.7,-1.6,3354
2020-01-07,3260,8553731,584378400,68.6,69.5,66.6,69.1,1.4,5372
2020-01-08,3260,29208627,2084075321,70.8,72.6,69.7,71.4,2.3,16868
2020-01-09,3260,26279250,1920640587,73.2,74.5,71.2,71.2,-0.2,15239
2020-01-10,3260,11792868,848345664,71.6,73.0,70.1,73.0,1.8,7380
2020-01-13,3260,27135780,2028061580,74.3,76.0,73.0,76.0,3.0,16692
2020-01-14,3260,8192937,620595590,76.4,76.6,75.1,75.9,-0.1,5316
2020-01-15,3260,7388330,554167105,76.1,76.4,74.1,74.2,-1.7,5166
2020-01-16,3260,7469894,560060350,74.2,75.7,74.2,74.9,0.7,4761
2020-01-17,3260,7664343,581168337,75.9,76.8,75.1,75.1,0.2,4405
2020-01-20,3260,6648380,505429406,75.7,76.5,75.5,76.0,0.9,3895
2020-01-30,3260,12472221,885862549,71.3,73.3,68.8,69.0,-7.0,6935
2020-01-31,3260,10575437,745057879,71.0,71.9,68.5,70.7,1.7,6182
2020-02-03,3260,11794708,815890276,67.7,71.6,66.0,71.6,0.9,7144
2020-02-04,3260,7447454,535492211,72.1,72.8,71.0,71.9,0.3,4641
2020-02-05,3260,12020239,884456898,72.5,74.5,71.5,74.0,2.1,7421
2020-02-06,3260,8815302,656796909,75.0,75.4,73.9,74.6,0.6,5197
2020-02-07,3260,7987668,586483724,74.1,74.6,72.2,72.2,-2.4,4937
2020-02-10,3260,6828263,494164005,70.4,73.7,70.3,72.2,0.0,4309
2020-02-11,3260,8157952,602239428,73.2,74.5,73.2,73.9,1.7,4446
2020-02-12,3260,18354836,1390129151,74.7,76.6,74.7,75.2,1.3,10734
2020-02-13,3260,9028962,679582940,76.0,76.5,74.4,74.5,-0.7,6308
2020-02-14,3260,6257966,470124716,74.9,75.8,74.1,75.8,1.3,3883
2020-02-17,3260,20015247,1520443245,75.4,77.5,74.2,74.2,-1.6,12022
2020-02-18,3260,11390156,826373112,74.1,75.0,71.1,71.3,-2.9,7635
2020-02-19,3260,7444724,534654928,71.3,72.9,70.5,71.7,0.4,4674
2020-02-20,3260,4414474,319660105,72.5,73.0,71.8,72.3,0.6,2933
2020-02-21,3260,4014113,288671581,72.4,72.6,71.4,71.7,-0.6,2270
2020-02-24,3260,5113348,368367956,71.2,72.7,71.0,71.7,0.0,3118
2020-02-25,3260,6550048,466413261,71.2,72.4,70.3,72.3,0.6,4082
2020-02-26,3260,3704516,266274977,71.6,72.5,71.4,71.5,-0.8,2449
2020-02-27,3260,12217611,839228565,71.8,72.1,67.0,67.2,-4.3,6843
2020-03-02,3260,7208509,479157634,65.0,67.9,64.6,66.1,-1.1,4202
2020-03-03,3260,8877199,618955230,68.8,70.6,68.3,70.0,3.9,5462
2020-03-04,3260,3797381,263651983,70.0,70.0,68.6,69.5,-0.5,2341
2020-03-05,3260,16001187,1169361411,71.8,74.1,71.0,73.5,4.0,8607
2020-03-06,3260,12767762,942577143,74.3,74.8,72.9,72.9,-0.6,7600
2020-03-09,3260,10125313,718708245,72.1,73.4,68.4,69.2,-3.7,5945
2020-03-10,3260,11180962,770561302,69.0,70.5,67.1,70.2,1.0,6534
2020-03-11,3260,7656537,529284687,70.0,70.6,66.9,67.3,-2.9,4828
2020-03-12,3260,13340232,843656284,66.6,66.7,61.0,61.4,-5.9,7423
2020-03-13,3260,12673956,708827785,55.3,58.3,55.3,58.2,-3.2,6395
2020-03-16,3260,8164257,464227207,57.5,59.8,53.9,53.9,-4.3,4916
2020-03-17,3260,17952626,892403572,49.55,53.1,48.55,48.55,-5.35,8286
2020-03-18,3260,24423659,1109248996,49.95,49.95,43.7,43.7,-4.85,11896
2020-03-19,3260,10563682,424168714,42.15,42.25,39.35,39.35,-4.35,4418
2020-03-20,3260,16993624,711700432,41.15,43.15,40.2,42.3,2.95,8259
2020-03-23,3260,7981147,307777761,38.65,39.95,38.1,38.2,-4.1,4649
2020-03-24,3260,9498975,388878850,39.9,41.75,39.8,41.6,3.4,5304
2020-03-25,3260,12288808,554087262,44.5,45.75,44.2,45.75,4.15,6332
2020-03-26,3260,13222083,600123888,46.5,46.55,44.25,46.1,0.35,7784
2020-03-27,3260,15802154,748004588,48.3,49.4,45.5,45.55,-0.55,9181
2020-03-30,3260,15301284,646023515,42.0,43.25,41.15,43.15,-2.4,8744
2020-03-31,3260,13178450,559285592,43.4,44.05,41.1,41.75,-1.4,7383
2020-04-01,3260,10726987,443287132,41.8,42.4,40.65,42.4,0.65,6485
2020-04-06,3260,16942678,752788084,43.1,46.6,42.05,46.6,4.2,9722
2020-04-07,3260,22820273,1113398250,48.5,49.5,48.1,49.35,2.75,12776
2020-04-08,3260,16123210,800778903,48.5,51.4,48.05,50.9,1.55,8948
2020-04-09,3260,21134912,1090163459,51.0,53.4,50.4,51.5,0.6,11672
2020-04-10,3260,10805508,558544416,51.5,52.5,50.8,52.0,0.5,6047
2020-04-13,3260,8397562,434550424,52.0,52.6,51.0,51.0,-1.0,4478
2020-04-14,3260,10216745,525903740,51.5,52.1,51.0,51.0,0.0,5938
2020-04-15,3260,15655449,827593697,52.0,54.5,51.5,52.9,1.9,8314
2020-04-16,3260,7628637,404146118,52.3,53.8,51.7,52.8,-0.1,4024
2020-04-17,3260,11843913,633814758,53.8,54.9,52.4,52.9,0.1,6202
2020-04-20,3260,9228288,495524574,53.2,54.5,52.7,53.9,1.0,4659
2020-04-21,3260,35507436,2024770039,57.6,58.6,55.6,56.1,2.2,18697
2020-04-22,3260,15448917,846890314,55.0,55.6,54.0,55.0,-1.1,8940
2020-04-23,3260,10800546,597492108,55.3,55.9,54.7,55.7,0.7,5594
2020-04-24,3260,22301720,1271758851,56.1,57.9,56.1,56.5,0.8,11922
2020-04-27,3260,8935022,509894776,57.3,57.6,56.6,57.2,0.7,4575
2020-04-28,3260,6680342,381201894,57.5,57.8,56.6,56.7,-0.5,3646
2020-04-29,3260,7214636,409950755,57.3,57.4,56.2,56.2,-0.5,3762
2020-04-30,3260,11418186,655329968,57.2,58.0,57.0,57.2,1.0,5985
2020-05-04,3260,6105386,345820009,56.1,57.6,55.9,57.2,0.0,3294
2020-05-05,3260,9566488,553262804,58.0,58.5,57.1,57.4,0.2,5139
2020-05-06,3260,5808214,333010898,57.8,58.0,56.8,56.8,-0.6,3051
2020-05-07,3260,5336773,304691508,57.3,57.4,56.7,56.9,0.1,2690
2020-05-08,3260,9821641,567206919,57.5,58.4,57.1,58.1,1.2,5029
2020-05-11,3260,10809822,628116584,58.8,59.2,57.2,57.2,-0.9,6045
2020-05-12,3260,16028089,878337966,56.8,56.9,53.1,53.4,-3.8,9016
2020-05-13,3260,7754816,415021623,53.4,54.1,52.5,54.0,0.6,4615
2020-05-14,3260,5072558,269587474,53.2,54.0,52.5,52.7,-1.3,3195
2020-05-15,3260,7102972,369538944,53.3,53.7,50.7,51.7,-1.0,4214
2020-05-18,3260,3838861,199488700,51.7,52.6,51.1,51.9,0.2,2383
2020-05-19,3260,5255729,280383183,53.1,54.0,52.3,53.8,1.9,3329
2020-05-20,3260,3422163,183216468,54.0,54.2,52.8,53.3,-0.5,2186
2020-05-21,3260,3870686,208701878,53.5,54.5,53.4,54.4,1.1,2309
2020-05-22,3260,22090815,1262261055,57.2,58.0,56.2,56.9,2.5,12512
2020-05-25,3260,6542078,365348270,56.9,57.0,55.0,56.0,-0.9,3945
2020-05-26,3260,3940959,221891304,56.8,56.9,56.0,56.0,0.0,2456
2020-05-27,3260,4834155,273553437,56.4,57.2,56.1,56.4,0.4,2704
2020-05-28,3260,5422252,306899980,57.4,57.6,55.4,55.5,-0.9,3324
2020-05-29,3260,3849873,211134823,55.0,55.4,54.3,54.5,-1.0,2244
2020-06-01,3260,3394715,189043008,54.9,56.1,54.9,56.0,1.5,2051
2020-06-02,3260,2743168,153536838,56.2,56.3,55.6,56.2,0.2,1667
2020-06-03,3260,3561839,201479223,56.7,57.0,56.3,56.6,0.4,2135
2020-06-04,3260,9364935,537885530,57.2,58.0,56.8,57.7,1.1,5016
2020-06-05,3260,16598845,984579281,58.9,60.0,58.9,59.0,1.3,9138
2020-06-08,3260,10057811,596349483,59.6,59.8,58.4,59.1,0.1,5528
2020-06-09,3260,20432588,1255044541,59.8,63.1,59.3,60.9,1.8,11786
2020-06-10,3260,5996135,364189412,60.9,61.5,60.2,60.9,0.0,3606
2020-06-11,3260,8738551,516619358,60.9,61.0,57.7,57.7,-3.2,5242
2020-06-12,3260,6410784,362618223,55.7,58.0,55.3,58.0,0.3,3633
2020-06-15,3260,3292378,189177215,58.0,58.0,57.0,57.0,-1.0,1888
2020-06-16,3260,3387927,196277753,58.0,58.4,57.5,58.1,1.1,1807
2020-06-17,3260,2611289,151094101,58.4,58.4,57.5,57.6,-0.5,1553
2020-06-18,3260,3932466,225087728,57.6,57.9,56.8,57.7,0.1,2403
2020-06-19,3260,3080201,177654233,57.7,58.2,57.1,57.1,-0.6,1885
2020-06-22,3260,2181082,124072152,56.7,57.5,56.6,56.6,-0.5,1334
2020-06-23,3260,2440489,138192572,57.0,57.3,56.0,56.2,-0.4,1337
2020-06-24,3260,2378684,135036410,56.5,57.2,56.3,56.9,0.7,1334
2020-06-29,3260,2496446,141568694,56.3,57.4,56.1,56.9,0.0,1465
2020-06-30,3260,2536423,144984489,57.3,57.4,56.9,57.2,0.3,1347
2020-07-01,3260,6901720,404251049,57.6,59.2,57.5,58.9,1.7,3738
2020-07-02,3260,10974106,660638814,59.9,60.8,59.3,60.6,1.7,6333
2020-07-03,3260,8063393,483848728,60.7,61.0,59.3,59.9,-0.7,4643
2020-07-06,3260,6720096,404483776,59.9,60.9,59.5,60.3,0.4,3774
2020-07-07,3260,13493457,829927060,62.5,62.8,60.5,61.0,0.7,7340
2020-07-08,3260,5623723,343130858,60.9,61.5,60.5,61.3,0.3,3295
2020-07-09,3260,12244625,768478945,63.0,64.5,61.6,61.6,0.3,7072
2020-07-10,3260,7057750,422725198,61.4,61.5,59.1,59.1,-2.5,3981
2020-07-13,3260,7614760,466367630,60.0,62.0,59.9,61.4,2.3,4359
2020-07-14,3260,6970953,430071286,61.8,62.3,60.7,62.0,0.6,3800
2020-07-15,3260,12988118,810977550,62.2,63.3,61.3,61.5,-0.5,6976
2020-07-16,3260,7039756,437815212,61.7,62.8,61.6,61.8,0.3,3902
2020-07-17,3260,5240273,318842854,62.1,62.2,59.6,60.2,-1.6,3141
2020-07-20,3260,4102681,246539491,60.7,60.8,59.6,60.0,-0.2,2039
2020-07-21,3260,4280892,254435988,59.2,59.9,59.1,59.3,0.0,2171
2020-07-22,3260,3345177,200947984,59.4,60.5,59.4,60.3,1.0,1891
2020-07-23,3260,6171199,377160988,60.5,61.9,60.3,61.8,1.5,3504
2020-07-24,3260,7034180,429189920,61.5,62.0,60.4,60.5,-1.3,3886
2020-07-27,3260,3716879,221191928,60.7,61.0,59.1,59.4,-1.1,2166
2020-07-28,3260,6019836,349470860,59.8,60.2,56.7,56.7,-2.7,3388
2020-07-29,3260,2338314,134733867,56.7,58.4,56.7,58.2,1.5,1461
2020-07-30,3260,2584988,152478682,58.6,59.5,58.2,59.4,1.2,1527
2020-07-31,3260,5425777,328006506,59.4,61.3,58.6,60.8,1.4,3045
2020-08-03,3260,3995470,243109073,61.1,61.9,60.1,60.3,-0.5,2347
2020-08-04,3260,8994962,525342261,59.5,60.0,57.5,58.3,-2.0,5208
2020-08-05,3260,3170896,186250824,58.5,59.3,57.8,59.3,1.0,1948
2020-08-06,3260,3100153,183776767,59.7,60.1,58.7,58.9,-0.4,1893
2020-08-07,3260,2136926,124818849,58.7,58.8,58.2,58.2,-0.7,1380
2020-08-10,3260,2951964,170027608,57.7,58.2,57.2,57.3,-0.9,1770
2020-08-11,3260,2083705,120066301,57.3,58.2,57.3,57.5,0.2,1140
2020-08-12,3260,6383394,354854150,57.3,57.3,54.5,56.5,-1.0,3745
2020-08-13,3260,3153827,176356052,56.8,57.0,55.5,55.7,-0.8,1794
2020-08-14,3260,2880832,158482702,55.4,55.4,54.7,55.1,-0.6,1640
2020-08-17,3260,5563070,316590858,56.1,57.6,56.0,56.6,1.5,3175
2020-08-18,3260,2362253,132324868,56.8,56.9,55.7,55.9,-0.7,1442
2020-08-19,3260,8132639,440624289,55.0,55.4,53.2,53.7,-2.2,4201
2020-08-20,3260,6078699,310735344,53.1,53.2,49.55,50.7,-3.0,3354
2020-08-21,3260,3070310,156926771,51.3,51.9,50.5,51.0,0.3,1717
2020-08-24,3260,1645492,84154860,51.1,51.7,50.5,51.7,0.7,1041
2020-08-25,3260,2722504,144074804,52.2,53.5,52.2,53.2,1.5,1739
2020-08-26,3260,1778187,94269380,53.2,53.4,52.7,52.9,-0.3,1007
2020-08-27,3260,1755442,93485168,53.3,53.9,52.8,53.1,0.2,1020
2020-08-28,3260,1488263,78328905,53.0,53.2,52.3,52.3,-0.8,872
2020-08-31,3260,1338370,70029356,52.8,53.1,52.0,52.0,-0.3,781
2020-09-01,3260,1073924,56140804,52.0,52.7,51.6,52.4,0.4,620
2020-09-02,3260,2979563,159386017,52.8,54.0,52.7,53.5,1.1,1964
2020-09-03,3260,2465677,133505926,54.2,54.5,53.9,54.1,0.6,1502
2020-09-04,3260,2152718,115729425,53.0,54.5,52.5,54.5,0.4,1321
2020-09-07,3260,2185794,119513051,54.7,55.2,54.1,54.1,-0.4,1306
2020-09-08,3260,1468304,79296244,54.3,54.7,53.5,53.6,-0.5,885
2020-09-09,3260,1472202,78554922,53.0,54.0,52.9,53.7,0.1,909
2020-09-10,3260,1481031,79417652,54.2,54.5,53.0,53.0,-0.7,935
2020-09-11,3260,1288730,68251133,53.1,53.5,52.5,53.0,0.0,739
2020-09-14,3260,2122049,114501467,53.7,54.4,53.3,54.4,1.4,1166
2020-09-15,3260,2559672,140869581,54.6,55.3,54.6,54.9,0.5,1761
2020-09-16,3260,3578587,199051085,56.3,56.3,55.0,55.0,0.1,2144
2020-09-17,3260,7013995,393449113,55.0,56.8,54.8,56.5,1.5,3509
2020-09-18,3260,4575821,260205122,57.0,57.5,56.1,56.8,0.3,2368
2020-09-21,3260,2593581,147680399,57.0,57.6,56.2,56.8,0.0,1525
2020-09-22,3260,2102511,117968117,56.3,56.6,55.4,56.1,-0.7,1261
2020-09-23,3260,1650665,91727671,56.6,56.6,55.0,55.2,-0.9,1006
2020-09-24,3260,2060151,111857334,54.5,55.0,53.9,53.9,-1.3,1267
2020-09-25,3260,2191081,116619680,54.6,54.9,52.1,52.9,-1.0,1344
2020-09-28,3260,1868968,100640774,53.4,54.6,53.1,53.7,0.8,1089
2020-09-29,3260,3216401,175999253,54.3,55.4,53.9,54.6,0.9,1806
2020-09-30,3260,1189799,64938201,54.3,55.0,54.0,55.0,0.4,782
2020-10-05,3260,1256473,69128915,55.0,55.7,54.6,54.7,-0.3,737
2020-10-06,3260,10628951,611199358,56.4,58.3,56.2,58.0,3.3,5817
2020-10-07,3260,6565760,381790376,58.0,59.0,57.2,58.4,0.4,3679
2020-10-08,3260,4982825,290906635,59.3,59.3,57.8,58.4,0.0,2949
2020-10-12,3260,5754181,338107779,58.8,59.2,58.2,59.1,0.7,3100
2020-10-13,3260,3125621,183329559,59.1,59.2,58.1,59.2,0.1,1972
2020-10-14,3260,8817304,527672491,59.5,60.6,59.2,59.3,0.1,5341
2020-10-15,3260,4246569,247082186,58.5,59.0,57.7,57.8,-1.5,2645
2020-10-16,3260,2550309,146262071,57.5,58.0,57.0,57.0,-0.8,1583
2020-10-19,3260,2379463,137627669,57.0,58.5,56.9,58.4,1.4,1580
2020-10-20,3260,2023575,117832991,58.3,58.7,57.8,58.5,0.1,1206
2020-10-21,3260,2482425,145158761,58.9,59.2,57.6,57.6,-0.9,1524
2020-10-22,3260,1252475,72100018,57.9,58.2,57.1,57.6,0.0,782
2020-10-23,3260,1404520,81480618,58.0,58.4,57.4,58.0,0.4,854
2020-10-26,3260,1365591,78898192,58.2,58.5,57.5,57.5,-0.5,845
2020-10-27,3260,1885717,107425410,57.2,57.4,56.7,56.9,-0.6,1088
2020-10-28,3260,1793708,101133197,57.0,57.1,56.0,56.0,-0.9,1171
2020-10-29,3260,1814387,100222270,55.2,55.7,54.7,55.6,-0.4,1148
2020-10-30,3260,1532298,84483806,55.3,55.5,54.9,55.0,-0.6,901
2020-11-02,3260,1088091,59674874,55.1,55.5,54.5,54.7,-0.3,649
2020-11-03,3260,1516273,84803956,55.3,56.4,55.2,56.2,1.5,952
2020-11-04,3260,1418110,79709921,56.8,56.8,55.8,56.0,-0.2,839
2020-11-05,3260,1018502,57433360,56.3,56.8,56.1,56.4,0.4,620
2020-11-06,3260,3533823,202768395,56.8,58.1,56.3,58.0,1.6,2055
2020-11-09,3260,4286528,250928716,58.4,58.9,58.2,58.6,0.6,2466
2020-11-10,3260,6612170,389842677,59.4,59.8,58.4,58.6,0.0,3590
2020-11-11,3260,4520898,262198146,58.7,58.9,57.7,57.7,-0.9,2553
2020-11-12,3260,2823740,163913516,58.0,58.4,57.5,57.8,0.1,1553
2020-11-13,3260,1888408,109368379,58.0,58.3,57.3,58.2,0.4,1062
2020-11-16,3260,3026940,177235067,58.7,58.9,58.2,58.4,0.2,1576
2020-11-17,3260,11416194,681613645,58.9,60.3,58.6,59.5,1.1,6271
2020-11-18,3260,4464695,265702945,60.0,60.1,59.2,59.2,-0.3,2442
2020-11-19,3260,2842852,168254773,59.0,59.6,58.8,59.4,0.2,1482
2020-11-20,3260,6239069,374865495,59.7,60.6,59.5,59.7,0.3,3352
2020-11-23,3260,7935298,483194912,60.3,61.5,60.1,61.0,1.3,4194
2020-11-24,3260,8415560,517218198,61.9,62.4,60.5,60.5,-0.5,4964
2020-11-25,3260,5623070,338244383,61.2,61.6,59.0,59.4,-1.1,3282
2020-11-26,3260,7313983,444696449,59.7,61.4,59.6,61.3,1.9,4166
2020-11-27,3260,6166481,380167567,61.7,62.3,61.0,61.4,0.1,3617
2020-11-30,3260,6130297,378060296,62.0,62.3,60.9,61.0,-0.4,3383
2020-12-01,3260,39051330,2548817513,61.4,67.1,61.4,67.1,6.1,18075
2020-12-02,3260,80640385,5742386633,69.0,73.7,68.6,72.7,5.6,40245
2020-12-03,3260,27227034,1968369102,73.4,73.5,71.1,72.2,-0.5,15921
2020-12-04,3260,39924065,3018540855,75.0,77.0,74.2,74.3,2.1,22245
2020-12-07,3260,25057531,1872502015,76.0,77.0,73.1,74.5,0.2,13745
2020-12-08,3260,14919968,1109588519,75.0,76.0,73.5,75.0,0.5,9031
2020-12-09,3260,23210492,1774263231,75.7,77.8,74.7,76.3,1.3,12952
2020-12-10,3260,16879631,1281615523,75.9,77.0,74.2,74.7,-1.6,9528
2020-12-11,3260,18276303,1368974276,75.9,77.0,72.2,75.1,0.4,10500
2020-12-14,3260,9308704,700910428,75.5,76.1,74.0,74.9,-0.2,5391
2020-12-15,3260,18673972,1338736471,74.4,74.7,69.6,69.7,-5.2,11050
2020-12-16,3260,7679296,547468115,71.9,72.0,70.6,71.1,1.4,4563
2020-12-17,3260,6175722,443042617,71.6,72.4,71.2,71.7,0.6,3556
2020-12-18,3260,6153668,435703219,72.0,72.1,70.0,70.5,-1.2,3665
2020-12-21,3260,6211502,438455315,71.1,71.8,68.5,71.2,0.7,3906
2020-12-22,3260,7049758,497250437,70.8,71.9,68.9,68.9,-2.3,4191
2020-12-23,3260,7485551,531521988,69.8,72.1,69.7,72.1,3.2,4424
2020-12-24,3260,11723349,856593211,72.6,73.9,71.9,73.3,1.2,6751
2020-12-25,3260,7352983,541759995,73.7,74.5,72.9,73.3,0.0,4369
2020-12-28,3260,20300726,1534092554,73.8,76.3,73.8,75.4,2.1,11727
2020-12-29,3260,10180134,760657326,76.3,76.7,73.6,73.7,-1.7,6200
2020-12-30,3260,5510644,405383565,73.8,74.5,72.6,73.6,-0.1,3613
2020-12-31,3260,5723396,421233524,73.8,74.9,72.7,73.0,-0.6,3482
2021-01-04,3260,6516557,472480273,73.7,73.8,72.0,72.8,-0.2,3882
2021-01-05,3260,5447870,395466838,72.2,73.9,71.8,72.0,-0.8,3597
2021-01-06,3260,7446766,528485208,72.6,72.9,69.3,70.9,-1.1,4500
2021-01-07,3260,4454303,319547494,71.8,72.6,70.6,71.8,0.9,2790
2021-01-08,3260,4713388,340065798,72.4,72.8,71.5,72.3,0.5,2843
2021-01-11,3260,27295229,2079106667,73.3,78.6,73.1,75.2,2.9,15752
2021-01-12,3260,12045610,902960771,75.3,76.9,73.0,74.0,-1.2,7516
2021-01-13,3260,5968269,445555223,74.2,75.4,74.2,74.4,0.4,3494
2021-01-14,3260,8078412,601916872,74.0,75.6,73.1,75.0,0.6,4892
2021-01-15,3260,6790788,499697103,75.1,75.5,72.4,72.8,-2.2,4030
2021-01-18,3260,6303613,444718837,72.0,72.0,69.0,71.0,-1.8,3952
2021-01-19,3260,3685433,263330992,71.5,72.3,71.0,71.1,0.1,2230
2021-01-20,3260,5965830,416387812,71.5,71.8,69.0,69.0,-2.1,3725
2021-01-21,3260,4983477,345759349,69.8,70.4,68.3,69.0,0.0,2671
2021-01-22,3260,3615349,253015280,69.0,71.0,69.0,70.8,1.8,2373
2021-01-25,3260,5973249,423852352,70.1,72.3,69.1,72.3,1.5,3571
2021-01-26,3260,7568516,548033438,72.1,72.9,72.1,72.4,0.1,4618
2021-01-27,3260,5507930,397767384,73.0,73.5,71.4,71.7,-0.7,3395
2021-01-28,3260,3007308,211672864,70.2,71.0,70.0,70.1,-1.6,1874
2021-01-29,3260,3115070,217803445,70.8,71.2,69.0,69.5,-0.6,1777
2021-02-01,3260,3545545,249780715,69.5,71.5,69.1,71.2,1.7,2066
2021-02-02,3260,2945115,211002006,71.6,72.2,71.2,71.3,0.1,1787
2021-02-03,3260,3032171,218022976,72.1,72.3,71.3,71.5,0.2,1723
2021-02-04,3260,14423479,1064159136,73.6,75.0,73.0,73.0,1.5,8217
2021-02-05,3260,4483113,327323504,73.5,73.8,72.5,72.9,-0.1,2696
2021-02-17,3260,10295232,767478315,74.8,75.2,73.8,75.2,2.3,5619
2021-02-18,3260,20461436,1573732919,76.2,78.0,75.5,77.5,2.3,11294
2021-02-19,3260,29525838,2365479302,78.0,82.2,77.8,79.6,2.1,15818
2021-02-22,3260,19051510,1574782266,82.5,84.2,81.4,82.0,2.4,9949
2021-02-23,3260,32721561,2780487899,81.5,88.8,80.0,86.7,4.7,17944
2021-02-24,3260,54937934,4902122148,87.6,91.8,87.1,87.8,1.1,28698
2021-02-25,3260,23278845,2042383052,90.0,90.0,85.5,86.1,-1.7,13422
2021-02-26,3260,12259713,1053847815,83.3,87.5,83.3,86.3,0.2,6920
2021-03-02,3260,17854765,1531260631,88.7,89.4,82.8,83.5,-2.8,9913
2021-03-03,3260,12679306,1040354627,84.0,84.6,80.7,82.0,-1.5,7265
2021-03-04,3260,9247733,751335861,82.0,83.1,79.7,80.3,-1.7,5327
2021-03-05,3260,7900423,628751886,79.5,80.7,78.6,79.0,-1.3,4603
2021-03-08,3260,8911545,721941036,80.8,82.6,79.5,79.8,0.8,4835
2021-03-09,3260,8709850,700742833,80.0,81.5,79.0,81.5,1.7,5269
2021-03-10,3260,8247143,674834142,82.1,82.9,80.6,80.7,-0.8,4691
2021-03-11,3260,6284750,515442539,81.0,82.7,80.8,82.5,1.8,3584
2021-03-12,3260,6100950,501685191,83.0,83.4,81.6,82.0,-0.5,3407
2021-03-15,3260,3636855,296367251,82.0,82.2,81.0,81.3,-0.7,2325
2021-03-16,3260,9687344,804790581,81.9,84.3,81.6,83.1,1.8,5751
2021-03-17,3260,6681210,554035291,83.2,83.9,82.1,82.3,-0.8,4222
2021-03-18,3260,7218882,600023771,82.8,84.0,82.4,82.7,0.4,4045
2021-03-19,3260,5343049,435500977,82.0,82.4,81.0,81.2,-1.5,3160
2021-03-22,3260,3733886,302406215,81.8,81.8,80.2,81.0,-0.2,2304
2021-03-23,3260,4941727,402476219,81.5,82.7,80.3,80.3,-0.7,3018
2021-03-24,3260,2480450,199241795,79.8,80.9,79.7,80.4,0.1,1457
2021-03-25,3260,4338626,351474414,81.3,81.8,80.3,80.4,0.0,2837
2021-03-26,3260,2945003,239688640,80.8,81.9,80.7,81.6,1.2,1866
2021-03-29,3260,12802185,1075216992,82.4,85.6,82.0,84.8,3.2,7523
2021-03-30,3260,9977804,845960610,85.2,85.7,84.0,85.0,0.2,5146
2021-03-31,3260,12230156,1053272608,86.4,87.3,85.1,85.8,0.8,6448
2021-04-01,3260,9966491,859512488,86.8,87.4,85.1,85.9,0.1,5350
2021-04-06,3260,12353528,1080302878,87.3,88.4,86.5,87.1,1.2,7039
2021-04-07,3260,21839512,1932486875,89.0,90.5,87.0,87.0,-0.1,12454
2021-04-08,3260,11690176,1002802789,87.1,87.3,85.3,85.3,-1.7,7199
2021-04-09,3260,9770064,837616198,85.8,86.9,84.4,85.9,0.6,5717
2021-04-12,3260,6613359,567939927,86.7,87.0,84.6,85.3,-0.6,3911
2021-04-13,3260,10991436,949089565,85.9,87.7,84.1,84.3,-1.0,6122
2021-04-14,3260,12897640,1064707471,84.9,85.3,80.5,81.8,-2.5,7491
2021-04-15,3260,4096998,338593927,81.8,83.5,81.5,83.5,1.7,2575
2021-04-16,3260,13432697,1153715576,83.7,87.2,83.0,86.7,3.2,7752
2021-04-19,3260,16896802,1478572997,87.1,88.5,86.2,88.3,1.6,9611
2021-04-20,3260,32739336,2947099894,89.5,91.5,87.6,90.1,1.8,17821
2021-04-21,3260,66888809,6392824118,92.0,99.1,90.8,99.1,9.0,35379
2021-04-22,3260,70451652,7049441294,102.5,105.5,92.0,94.5,-4.6,40719
2021-04-23,3260,42681790,4315194136,98.3,103.5,95.6,103.5,9.0,18734
2021-04-26,3260,62848079,6964894259,111.0,113.5,106.0,113.5,10.0,32279
2021-04-27,3260,38489081,4298611656,112.0,116.0,108.0,109.5,-4.0,24894
2021-04-28,3260,40828917,4664253530,114.0,119.0,109.0,110.0,0.5,25597
2021-04-29,3260,53483632,6189672750,113.0,121.0,107.0,121.0,11.0,30984
2021-05-03,3260,91088891,11434621269,124.5,131.0,120.0,121.0,0.0,51722
2021-05-04,3260,71913161,8334220008,123.0,125.5,109.0,113.0,-8.0,42441
2021-05-05,3260,42544101,4627885338,111.0,114.0,102.5,102.5,-10.5,25009
2021-05-06,3260,40988821,4297254814,105.0,108.5,100.0,103.0,0.5,24465
2021-05-07,3260,40047275,4382265382,106.5,113.0,104.5,111.5,8.5,23519
2021-05-10,3260,41409583,4592288340,113.5,117.0,105.5,106.5,-5.0,25364
2021-05-11,3260,30369680,2965064740,100.0,102.0,95.9,95.9,-10.6,19291
2021-05-12,3260,36962867,3294070513,94.7,95.0,86.4,86.5,-9.4,21025
2021-05-13,3260,35360557,2993651661,84.8,88.5,78.8,84.1,-2.4,20045
2021-05-14,3260,33553166,2936293806,87.9,90.7,84.6,86.0,1.9,20421
2021-05-17,3260,31040903,2506304234,79.5,85.9,77.4,77.6,-8.4,17572
2021-05-18,3260,17345390,1452800990,81.5,85.3,80.8,85.3,7.7,9237
2021-05-19,3260,38808286,3440581313,87.5,91.7,86.5,89.6,4.3,22850
2021-05-20,3260,21185915,1830246795,87.0,88.4,84.2,85.5,-4.1,13220
2021-05-21,3260,18563138,1628934478,88.6,89.5,86.5,87.5,2.0,10639
2021-05-24,3260,31864408,2907683205,86.3,95.5,85.6,93.0,5.5,19952
2021-05-25,3260,46712082,4620328520,95.6,102.0,94.5,102.0,9.0,23987
2021-05-26,3260,46565850,4684198787,102.0,104.5,98.1,98.2,-3.8,27185
2021-05-27,3260,25183592,2513796984,97.5,102.5,96.6,98.8,0.6,15805
2021-05-28,3260,25180613,2575733826,102.0,104.0,100.5,101.0,2.2,14683
2021-05-31,3260,17504325,1769623638,101.0,103.0,99.3,102.5,1.5,10730
2021-06-01,3260,41262347,4410790112,105.5,110.0,104.0,105.0,2.5,23330
2021-06-02,3260,21712996,2205745134,105.5,106.0,98.8,100.5,-4.5,14206
2021-06-03,3260,12824637,1298574936,102.0,102.5,99.3,101.5,1.0,8097
2021-06-04,3260,23508619,2433652958,103.5,105.5,102.0,102.0,0.5,14139
2021-06-07,3260,15630166,1559820136,103.0,103.0,96.8,99.6,-2.4,10056
2021-06-08,3260,9922916,988167413,100.0,101.5,98.0,99.6,0.0,6651
2021-06-09,3260,9263803,923625149,99.0,101.0,98.5,100.0,0.4,6006
2021-06-10,3260,8904098,893089291,100.5,102.0,99.2,99.5,-0.5,5488
2021-06-11,3260,14570038,1441262039,100.0,101.5,97.5,97.7,-1.8,9172
2021-06-15,3260,17905421,1805360144,99.2,102.5,98.3,102.0,4.3,10173
2021-06-16,3260,12342638,1233579896,102.5,102.5,98.1,99.0,-3.0,8365
2021-06-17,3260,6804470,681068306,98.5,101.5,98.3,101.5,2.5,4688
2021-06-18,3260,7340924,738433465,102.0,102.0,99.7,100.0,-1.5,4618
2021-06-21,3260,12729700,1236601776,99.0,99.9,96.1,96.3,-3.7,8942
2021-06-22,3260,10043563,962867105,97.5,98.3,93.8,94.0,-2.3,7014
2021-06-23,3260,29226879,2921560787,94.7,103.0,94.6,100.5,6.5,17230
2021-06-24,3260,13387845,1324986189,101.5,101.5,97.7,98.6,-1.9,8482
2021-06-25,3260,32314701,3286624646,99.7,104.0,99.4,101.0,2.4,19170
2021-06-28,3260,66886016,7259827820,104.5,111.0,104.0,110.5,9.5,36881
2021-06-29,3260,57962790,6492889945,112.5,115.0,108.5,109.5,-1.0,36368
2021-06-30,3260,29013868,3169715192,110.0,113.0,105.5,111.5,2.0,18961
2021-07-01,3260,30460062,3352960281,112.5,114.5,105.5,106.5,-5.0,19606
2021-07-02,3260,27907819,3056631930,106.0,113.0,105.0,112.0,5.5,18537
2021-07-05,3260,15804571,1943962233,123.0,123.0,123.0,123.0,11.0,6070
2021-07-06,3260,71506269,8938114214,123.5,129.0,120.0,124.5,1.5,42203
2021-07-07,3260,50442273,6437806181,126.5,132.0,123.5,125.5,1.0,30357
2021-07-08,3260,21502348,2706131840,127.0,128.0,123.5,126.0,0.5,12911
2021-07-09,3260,19055382,2355370322,124.0,126.0,121.0,123.0,-3.0,12126
2021-07-12,3260,22434742,2794018935,126.0,128.0,121.5,122.0,-1.0,14293
2021-07-13,3260,27747883,3384870683,123.5,127.0,116.0,118.0,-4.0,17496
2021-07-14,3260,20799234,2502133871,122.0,123.5,116.5,118.5,0.5,13049
2021-07-15,3260,12303780,1461307187,119.5,120.5,116.0,119.5,1.0,7872
2021-07-16,3260,14362535,1742251960,120.0,123.5,119.0,120.0,0.5,9308
2021-07-19,3260,9177653,1084301784,119.0,120.0,117.0,118.0,-2.0,5747
2021-07-20,3260,14193781,1662486501,116.5,120.0,115.0,115.5,-2.5,9427
2021-07-21,3260,20226728,2297771324,117.5,119.5,109.5,111.5,-4.0,13760
2021-07-22,3260,27966053,3308708400,114.0,122.5,112.0,120.0,8.5,17924
2021-07-23,3260,21001101,2483953418,120.5,122.0,115.0,117.0,-3.0,13854
2021-07-26,3260,12740789,1517661462,117.0,121.0,116.0,121.0,4.0,7689
2021-07-27,3260,14462760,1711644174,122.0,122.5,114.5,115.0,-6.0,9457
2021-07-28,3260,16978960,1850451648,114.0,115.0,105.0,108.0,-7.0,10952
2021-07-29,3260,6693215,738364944,111.0,112.0,108.0,111.5,3.5,4739
2021-07-30,3260,5549364,614911692,112.0,113.0,108.5,109.0,-2.5,4012
2021-08-02,3260,11727113,1340995308,111.0,117.0,110.0,115.5,6.5,6850
2021-08-03,3260,5716503,653879761,115.0,116.0,112.5,115.0,-0.5,3714
2021-08-04,3260,12028814,1411056009,116.0,119.5,114.0,119.0,4.0,7078
2021-08-05,3260,46051739,5686146872,124.0,126.5,119.0,119.0,0.0,28577
2021-08-06,3260,11820997,1404693118,120.0,121.0,117.0,117.5,-1.5,7947
2021-08-09,3260,10257808,1163391491,117.0,117.5,110.0,110.5,0.0,6891
2021-08-10,3260,12714392,1363225483,110.0,111.0,105.5,106.0,-4.5,8198
2021-08-11,3260,25847148,2592295870,103.0,104.5,96.3,99.4,-6.6,16578
2021-08-12,3260,13240903,1300562249,98.6,99.4,97.3,97.4,-2.0,8457
2021-08-13,3260,30500536,2772595977,96.0,96.0,88.5,88.7,-8.7,19556
2021-08-16,3260,20779379,1872253784,88.5,92.4,87.8,90.0,1.3,12527
2021-08-17,3260,15477629,1372539516,91.0,91.9,85.9,87.5,-2.5,9464
2021-08-18,3260,17036641,1545153564,87.5,94.3,86.1,93.9,6.4,11623
2021-08-19,3260,11147352,1012141733,92.0,92.7,89.1,89.1,-4.8,7492
2021-08-20,3260,9896435,884959481,89.0,90.9,88.0,88.4,-0.7,6261
2021-08-23,3260,8496053,772236047,90.5,91.9,89.6,91.3,2.9,5454
2021-08-24,3260,13096393,1167411172,92.2,92.4,87.6,88.0,-3.3,8680
2021-08-25,3260,9258712,825364297,87.9,90.2,87.7,89.2,1.2,5955
2021-08-26,3260,8819600,786581280,90.4,90.8,88.0,88.3,-0.9,5352
2021-08-27,3260,5592924,493198897,88.0,89.1,87.3,88.3,0.0,3823
2021-08-30,3260,5627573,495915742,89.1,89.2,87.6,87.6,-0.7,3553
2021-08-31,3260,5309857,467036846,87.6,88.8,87.2,87.8,0.2,3511
2021-09-01,3260,13513368,1218396251,88.3,91.9,88.0,91.7,3.9,9023
2021-09-02,3260,11782801,1069153419,92.0,92.7,89.2,89.3,-2.4,7850
2021-09-03,3260,5137273,459295825,90.1,90.3,88.9,88.9,-0.4,3607
2021-09-06,3260,8172635,714266930,89.1,89.5,85.9,85.9,-3.0,5701
2021-09-07,3260,8423782,711347342,86.2,86.6,83.2,83.9,-2.0,6035
2021-09-08,3260,7236467,613284987,84.9,85.8,83.7,84.0,0.1,4874
2021-09-09,3260,3282831,278353845,83.3,85.5,83.3,85.4,1.4,2192
2021-09-10,3260,5094198,438851412,85.8,87.5,84.8,87.3,1.9,3237
2021-09-13,3260,3778058,326699689,87.2,87.6,85.7,85.7,-1.6,2515
2021-09-14,3260,2853796,244308644,86.0,86.6,84.9,85.1,-0.6,2145
2021-09-15,3260,4209886,353310197,84.8,84.8,83.6,83.6,-1.5,2948
2021-09-16,3260,4345528,359640089,84.0,84.2,82.0,82.0,-1.6,3310
2021-09-17,3260,4687778,391278081,81.9,84.9,81.7,84.6,2.6,3098
2021-09-22,3260,3450949,284144534,82.1,83.3,81.8,82.2,-2.4,2722
2021-09-23,3260,2716475,225839802,82.7,84.1,82.4,83.2,1.0,1904
2021-09-24,3260,2401604,200267431,83.7,83.9,82.9,83.1,-0.1,1718
2021-09-27,3260,2427076,203437312,83.3,84.7,82.8,83.9,0.8,1712
2021-09-28,3260,2387335,197911705,83.6,83.8,82.5,82.8,-1.1,1631
2021-09-29,3260,4600868,370531208,81.2,81.3,80.0,80.1,-2.7,3289
2021-09-30,3260,2163306,174795220,80.4,81.5,80.1,81.4,1.3,1668
2021-10-01,3260,4953147,389526828,80.1,80.8,76.8,77.7,-3.7,3673
2021-10-04,3260,8315731,625771010,78.1,78.6,73.7,74.2,-3.5,4684
2021-10-05,3260,6724983,511945143,73.5,78.5,72.6,78.2,4.0,4128
2021-10-06,3260,3636971,283456448,78.2,79.6,76.6,77.1,-1.1,2601
2021-10-07,3260,3680447,292232366,78.0,80.4,77.7,80.0,2.9,2863
2021-10-08,3260,2619490,208571510,80.0,80.6,78.8,79.2,-0.8,2062
2021-10-12,3260,5960993,475575445,79.3,81.8,77.9,78.2,-1.0,3700
2021-10-13,3260,4829606,366503171,78.1,78.2,74.6,74.8,-3.4,3388
2021-10-14,3260,3524094,267624030,75.8,77.3,74.5,76.3,1.5,2120
2021-10-15,3260,2672862,206986331,78.0,78.4,76.9,77.3,1.0,2034
2021-10-18,3260,1803216,139814899,77.6,78.4,76.3,77.5,0.2,1310
2021-10-19,3260,3038600,240073945,78.8,79.5,78.1,78.9,1.4,2246
2021-10-20,3260,3764851,298859909,80.5,80.5,78.3,79.7,0.8,3029
2021-10-21,3260,5659897,457575617,79.7,82.4,79.0,79.6,-0.1,3852
2021-10-22,3260,4388438,355222939,80.3,81.8,79.8,81.6,2.0,3185
2021-10-25,3260,3478388,283609108,82.6,82.7,80.5,82.1,0.5,2842
2021-10-26,3260,4710919,386799856,82.5,83.5,80.8,80.8,-1.3,3260
2021-10-27,3260,4524538,373061837,81.6,83.0,81.3,82.7,1.9,3306
2021-10-28,3260,4837477,403448040,83.1,84.2,82.5,83.8,1.1,3215
2021-10-29,3260,3153929,262757821,83.9,84.3,82.9,83.0,-0.8,2486
2021-11-01,3260,3295941,276642247,83.4,84.4,83.2,83.8,0.8,2096
2021-11-02,3260,6675522,557643987,84.6,85.7,81.5,81.9,-1.9,4955
2021-11-03,3260,10231825,874306120,82.0,87.5,82.0,86.8,4.9,7285
2021-11-04,3260,6390478,548451254,87.0,87.5,84.8,85.4,-1.4,6576
2021-11-05,3260,4062847,341390808,85.5,85.7,83.5,83.8,-1.6,3492
2021-11-08,3260,4672013,398256261,84.9,85.9,84.6,85.2,1.4,3269
2021-11-09,3260,8687804,752056711,86.2,87.6,85.6,86.1,0.9,6056
2021-11-10,3260,16197470,1309073921,79.3,82.4,79.3,81.3,-4.8,10073
2021-11-11,3260,3768488,304479959,80.6,81.4,80.1,80.7,-0.6,3055
2021-11-12,3260,2670790,215818870,80.9,81.4,80.5,80.7,0.0,2109
2021-11-15,3260,3624457,294816550,81.1,82.1,80.6,82.0,1.3,2412
2021-11-16,3260,11570822,981360737,84.0,86.2,83.5,84.1,2.1,7885
2021-11-17,3260,8501634,726740642,84.6,86.8,83.7,86.8,2.7,6075
2021-11-18,3260,11976994,1052783400,87.7,88.7,87.0,88.5,1.7,8457
2021-11-19,3260,8415246,728410338,88.5,88.5,84.5,85.5,-3.0,5618
2021-11-22,3260,35842355,3328425894,86.4,94.0,86.4,94.0,8.5,15998
2021-11-23,3260,51872088,4897424895,94.8,96.0,90.6,91.8,-2.2,30550
2021-11-24,3260,11123748,1025376289,92.6,93.3,90.7,92.9,1.1,7964
2021-11-25,3260,12698725,1153947420,93.2,93.7,88.8,88.9,-4.0,9058
2021-11-26,3260,8126852,708931906,88.2,89.8,86.0,86.1,-2.8,6147
2021-11-29,3260,6895220,580443040,84.2,85.8,82.5,84.8,-1.3,4851
2021-11-30,3260,3463157,298841742,85.8,87.3,85.8,86.1,1.3,2712
2021-12-01,3260,3175041,272508677,86.0,86.7,84.8,86.7,0.6,2286
2021-12-02,3260,24794707,2256227528,88.2,93.3,88.0,89.4,2.7,16421
2021-12-03,3260,13432839,1231654205,91.0,93.0,90.5,93.0,3.6,11123
2021-12-06,3260,15910651,1486559717,94.7,96.0,92.0,92.2,-0.8,12810
2021-12-07,3260,10048047,939726294,94.4,94.5,92.6,92.8,0.6,7799
2021-12-08,3260,8597770,805613294,95.0,95.3,92.3,92.8,0.0,8303
2021-12-09,3260,6369738,582353785,92.8,93.4,90.1,90.2,-2.6,5241
2021-12-10,3260,3620554,325883351,90.1,90.9,89.5,89.7,-0.5,3529
2021-12-13,3260,8124969,748904856,90.2,93.8,89.8,92.5,2.8,5648
2021-12-14,3260,5045635,457102161,91.6,91.9,89.9,89.9,-2.6,5192
2021-12-15,3260,2816357,256235169,90.5,91.5,90.1,91.5,1.6,2389
2021-12-16,3260,5303538,483041007,92.2,92.8,90.3,90.6,-0.9,4454
2021-12-17,3260,5076599,452007465,90.0,90.1,88.1,88.7,-1.9,3923
2021-12-20,3260,2640582,236237683,89.5,90.4,88.8,89.1,0.4,1822
2021-12-21,3260,4935259,446730523,90.5,91.7,89.6,89.9,0.8,3354
2021-12-22,3260,11111669,1021965937,92.3,93.0,90.7,90.8,0.9,7889
2021-12-23,3260,4958819,451233061,91.6,91.6,90.5,91.2,0.4,3741
2021-12-24,3260,3238185,295490141,92.4,92.4,90.5,90.5,-0.7,2337
2021-12-27,3260,4259421,389410980,90.7,91.8,90.6,91.4,0.9,3136
2021-12-28,3260,2991690,273159558,91.8,92.1,90.8,90.8,-0.6,2984
2021-12-29,3260,5313017,487941666,91.2,92.6,90.8,92.2,1.4,3392
2021-12-30,3260,17246415,1616181571,94.5,95.2,92.3,92.3,0.1,11059
2022-01-03,3260,3735554,340516096,92.3,92.8,90.6,90.7,-1.6,3374
2022-01-04,3260,3118261,281670889,91.5,91.5,89.8,90.0,-0.7,2321
2022-01-05,3260,4177249,371428223,90.1,90.2,88.4,88.8,-1.2,3174
2022-01-06,3260,2136871,189635656,88.1,89.6,87.9,88.6,-0.2,1617
2022-01-07,3260,3122015,273278177,89.0,89.2,86.8,87.3,-1.3,2433
2022-01-10,3260,2824847,247035380,87.3,88.5,87.0,87.3,0.0,2303
2022-01-11,3260,1980469,172534501,88.0,88.0,86.6,87.2,-0.1,1508
2022-01-12,3260,1296025,112718388,88.0,88.0,86.7,86.7,-0.5,1389
2022-01-13,3260,2696558,237316612,87.3,88.9,87.3,87.5,0.8,2037
2022-01-14,3260,3461799,296213697,87.6,87.9,84.9,85.2,-2.3,3204
2022-01-17,3260,1234446,105594799,85.9,86.1,85.0,85.8,0.6,957
2022-01-18,3260,1378154,119128785,86.2,87.1,86.0,86.3,0.5,1266
2022-01-19,3260,1711904,146594401,85.7,86.3,85.1,85.5,-0.8,1617
2022-01-20,3260,1761650,149362014,85.6,85.8,84.4,84.6,-0.9,1428
2022-01-21,3260,2772380,230659741,84.1,84.2,82.5,82.5,-2.1,2054
2022-01-24,3260,2648961,214357563,81.8,82.5,79.5,82.3,-0.2,2534
2022-01-25,3260,2243462,184882186,82.2,83.1,81.5,83.1,0.8,1811
2022-01-26,3260,1844089,153766126,82.0,83.8,82.0,83.6,0.5,1811
2022-02-07,3260,2003522,171324208,84.1,86.3,84.1,86.2,2.6,1999
2022-02-08,3260,1850081,160382576,86.2,87.5,86.0,86.3,0.1,3617
2022-02-09,3260,2047707,178460072,86.5,87.8,86.1,87.5,1.2,1767
2022-02-10,3260,11983312,1078679502,88.4,91.2,87.4,91.1,3.6,8393
2022-02-11,3260,5381596,485716406,90.0,90.8,89.4,90.4,-0.7,4374
2022-02-14,3260,3355912,297939162,88.9,90.2,87.7,89.6,-0.8,3686
2022-02-15,3260,2345711,210100923,90.2,90.5,88.6,88.6,-1.0,3640
2022-02-16,3260,9567700,869393706,91.0,92.0,89.4,91.1,2.5,7469
2022-02-17,3260,27632008,2564215988,91.1,94.3,91.0,91.3,0.2,17522
2022-02-18,3260,46694592,4459590560,92.0,99.0,91.8,99.0,7.7,29801
2022-02-21,3260,43499380,4328862077,100.5,102.5,96.5,96.5,-2.5,32719
2022-02-22,3260,34306072,3335668663,97.5,98.9,95.1,96.4,-0.1,25168
2022-02-23,3260,18534104,1814585308,97.4,99.5,96.5,99.5,3.1,13848
2022-02-24,3260,25506354,2413823937,96.8,97.2,91.0,92.3,-7.2,19331
2022-02-25,3260,12629522,1196186664,95.0,96.2,92.9,92.9,0.6,8485
2022-03-01,3260,6889666,657541467,94.8,96.6,94.0,95.9,3.0,4947
2022-03-02,3260,9397764,901221561,95.0,98.2,93.7,97.4,1.5,6627
2022-03-03,3260,22722104,2245278522,99.4,100.5,97.1,97.6,0.2,15159
2022-03-04,3260,10373706,999515295,96.0,98.2,94.8,94.8,-2.8,7614
2022-03-07,3260,10109541,918533389,93.3,93.3,89.0,90.5,-4.3,7866
2022-03-08,3260,8172944,732979885,89.5,91.4,88.6,88.6,-1.9,5477
2022-03-09,3260,4644028,415856976,89.6,90.4,88.8,88.9,0.3,3624
2022-03-10,3260,3702011,337134205,90.7,91.7,90.5,90.9,2.0,3160
2022-03-11,3260,2423380,217728827,90.5,91.0,89.3,89.4,-1.5,2404
2022-03-14,3260,3631322,322578159,90.3,90.4,88.1,88.7,-0.7,2910
2022-03-15,3260,5820644,500534641,88.7,88.7,85.1,85.1,-3.6,5062
2022-03-16,3260,8799869,746798670,86.5,87.2,83.8,84.1,-1.0,5821
2022-03-17,3260,5515949,480240896,86.6,88.2,85.8,88.0,3.9,4491
2022-03-18,3260,3195611,278012949,87.7,87.7,86.2,87.7,-0.3,2690
2022-03-21,3260,2548968,223754404,87.9,88.3,87.4,87.8,0.1,2360
2022-03-22,3260,1869622,164139014,87.8,88.3,87.2,88.0,0.2,1309
2022-03-23,3260,3374203,298507558,88.5,89.4,87.5,88.1,0.1,2968
2022-03-24,3260,4356721,376219862,87.5,87.5,85.6,86.2,-1.9,3686
2022-03-25,3260,5630177,477052798,86.3,86.5,84.0,84.6,-1.6,4764
2022-03-28,3260,3003689,249894386,83.9,84.6,82.2,84.6,0.0,2614
2022-03-29,3260,2236379,188349501,85.0,85.3,83.7,83.7,-0.9,2106
2022-03-30,3260,1905303,160862078,84.7,85.1,83.9,84.6,0.9,1730
2022-03-31,3260,939035,79349994,84.7,85.0,84.2,84.5,-0.1,914
2022-04-01,3260,2147203,180730740,83.9,85.4,82.7,85.4,0.9,1622
2022-04-06,3260,2455187,211479945,85.2,87.2,84.3,87.1,1.7,1981
2022-04-07,3260,2905099,250098257,86.5,87.6,84.5,84.5,-2.6,3346
2022-04-08,3260,1407838,119176101,85.3,85.4,84.0,84.5,0.0,1774
2022-04-11,3260,6123544,494427789,83.7,83.7,79.2,79.2,-5.3,5008
2022-04-12,3260,3276320,253689864,79.0,79.0,76.6,76.8,-2.4,2841
2022-04-13,3260,2773109,214394976,78.4,78.4,76.9,77.2,0.4,2264
2022-04-14,3260,4930001,370706831,77.2,77.4,74.5,74.5,-2.7,3907
2022-04-15,3260,1902129,139834158,74.0,74.4,73.1,73.2,-1.3,1577
2022-04-18,3260,2324447,167948303,73.1,73.5,71.6,71.8,-1.4,1780
2022-04-19,3260,1877328,135956926,72.5,73.1,71.8,72.0,0.2,1663
2022-04-20,3260,2517694,185179798,73.2,74.2,72.8,73.6,1.6,1972
2022-04-21,3260,2563682,192234414,75.1,75.5,74.3,75.3,1.7,2615
2022-04-22,3260,1779815,132699539,74.7,75.1,74.1,74.4,-0.9,1365
2022-04-25,3260,2183705,156956852,72.7,72.7,71.4,71.7,-2.7,1801
2022-04-26,3260,1319572,95077338,72.4,72.7,71.6,71.9,0.2,1088
2022-04-27,3260,2907498,201878606,69.0,70.4,68.6,70.0,-1.9,2353
2022-04-28,3260,1231270,86334973,70.2,70.8,69.0,69.9,-0.1,1249
2022-04-29,3260,1438123,102358111,71.5,72.2,70.5,70.6,0.7,1244
2022-05-03,3260,972266,69317510,70.6,72.2,70.2,71.9,1.3,847
2022-05-04,3260,936845,67493458,72.1,72.5,71.5,71.9,0.0,1273
2022-05-05,3260,1378448,100956703,72.8,73.8,72.8,73.0,1.1,1059
2022-05-06,3260,1197736,86132195,71.6,72.5,71.1,72.5,-0.5,938
2022-05-09,3260,1566952,111016551,71.6,71.9,69.9,69.9,-2.6,1311
2022-05-10,3260,1431906,100402713,68.5,71.3,68.5,71.1,1.2,1024
2022-05-11,3260,978603,69101562,71.4,71.4,70.0,70.7,-0.4,1058
2022-05-12,3260,1141388,79938171,70.1,71.2,69.1,69.1,-1.6,1071
2022-05-13,3260,1155724,81049919,69.8,70.5,69.4,70.4,1.3,818
2022-05-16,3260,1221589,86924026,71.2,72.0,70.5,70.6,0.2,1327
2022-05-17,3260,1221982,87681605,71.3,72.3,71.0,72.1,1.5,961
2022-05-18,3260,1559147,114078525,74.0,74.0,72.7,73.2,1.1,1525
2022-05-19,3260,1498642,108262057,71.8,73.0,71.6,73.0,-0.2,1153
2022-05-20,3260,1075712,78129434,73.4,73.5,72.3,72.3,-0.7,1076
2022-05-23,3260,1120695,81186930,73.3,73.3,71.8,72.0,-0.3,883
2022-05-24,3260,995066,71301456,72.5,72.5,70.9,71.5,-0.5,741
2022-05-25,3260,806820,57537926,71.7,71.8,70.7,71.5,0.0,652
2022-05-26,3260,1383574,99919379,72.5,72.9,71.5,71.6,0.1,1051
2022-05-27,3260,942376,67981025,72.4,72.6,71.9,71.9,0.3,699
2022-05-30,3260,1953527,143242540,72.8,73.8,72.5,73.7,1.8,1449
2022-05-31,3260,4486542,338146399,73.3,76.2,73.2,75.9,2.2,3449
2022-06-01,3260,1899506,144214705,75.5,76.3,75.5,75.9,0.0,1753
2022-06-02,3260,1232013,92718718,75.5,75.8,75.0,75.0,-0.9,1355
2022-06-06,3260,1010814,75038844,74.6,74.8,73.6,74.3,-0.7,831
2022-06-07,3260,1169408,86199602,74.3,74.3,73.5,73.5,-0.8,1310
2022-06-08,3260,1363246,99839556,74.0,74.0,72.6,72.6,-0.9,1131
2022-06-09,3260,1154897,84410894,72.8,74.0,72.6,72.6,0.0,1006
2022-06-10,3260,807609,58100369,71.8,72.3,71.6,72.1,-0.5,820
2022-06-13,3260,1096857,77608758,71.0,71.3,70.3,70.8,-1.3,916
2022-06-14,3260,1154441,81039821,70.1,70.9,69.6,70.8,0.0,890
2022-06-15,3260,4862252,351292642,70.9,73.3,70.0,71.6,0.8,3823
2022-06-16,3260,1853673,130950737,72.0,72.4,69.6,69.7,-1.9,1811
2022-06-17,3260,2284423,155939876,68.8,68.9,67.8,68.4,-1.3,1719
2022-06-20,3260,3631615,238302097,68.3,68.3,63.6,63.6,-4.8,2725
2022-06-21,3260,2092226,134597893,64.0,65.4,63.3,64.0,0.4,1524
2022-06-22,3260,3811304,234059502,64.0,64.1,60.0,60.5,-3.5,2728
2022-06-23,3260,2308120,139203370,60.7,61.2,59.6,60.0,-0.5,1556
2022-06-24,3260,1261698,76959302,60.5,61.8,60.5,60.6,0.6,1473
2022-06-27,3260,2084173,130968128,61.6,63.7,61.3,63.3,2.7,1481
2022-06-28,3260,1113199,69719622,63.9,63.9,62.0,62.9,-0.4,1157
2022-06-29,3260,995163,61887903,62.0,62.7,61.7,62.0,-0.9,862
2022-06-30,3260,1721504,103858182,61.8,61.8,60.0,60.1,-1.9,1348
2022-07-01,3260,3287174,192226658,59.9,60.5,56.8,56.8,-3.3,2582
2022-07-04,3260,1464670,83793513,57.3,58.5,56.4,56.7,-0.1,1508
2022-07-05,3260,1459206,83235787,57.6,58.0,56.0,57.6,0.9,1342
2022-07-06,3260,1527924,87937529,57.4,58.3,56.8,56.8,-0.8,1450
2022-07-07,3260,1364207,78816032,57.8,58.5,56.9,58.4,1.6,1232
2022-07-08,3260,1999330,119306947,59.0,60.4,58.8,59.9,1.5,1812
2022-07-11,3260,939571,55782053,60.2,60.4,58.8,59.6,-0.3,1090
2022-07-12,3260,1108261,64845674,59.0,59.0,58.1,58.3,-1.3,1034
2022-07-13,3260,1192896,71478418,59.5,60.7,59.5,59.9,1.6,947
2022-07-14,3260,1224424,73750611,59.9,60.6,59.1,60.3,0.4,1122
2022-07-15,3260,2044906,125092425,61.8,61.8,60.6,61.4,1.1,1777
2022-07-18,3260,1723973,107214664,62.0,62.7,61.9,62.0,0.6,1427
2022-07-19,3260,1404440,87196774,62.0,62.4,61.6,62.2,0.2,825
2022-07-20,3260,4277612,269636501,63.2,63.6,62.6,62.8,0.6,2546
2022-07-21,3260,3742571,219412049,58.6,59.2,58.0,59.1,0.0,2280
2022-07-22,3260,1999444,119673555,59.7,60.5,59.5,59.7,0.6,1794
2022-07-25,3260,1213640,71466971,59.4,59.4,58.4,58.9,-0.8,862
2022-07-26,3260,1358130,78907931,59.3,59.3,57.8,58.0,-0.9,1096
2022-07-27,3260,907983,52500336,58.0,58.5,57.2,58.3,0.3,696
2022-07-28,3260,919127,53519099,58.6,59.0,57.7,57.7,-0.6,935
2022-07-29,3260,1145452,67112502,58.5,59.0,58.1,58.4,0.7,871
2022-08-01,3260,1046531,60628817,58.4,58.6,57.5,57.9,-0.5,941
2022-08-02,3260,1052273,60054661,57.6,57.6,56.9,56.9,-1.0,786
2022-08-03,3260,845150,48155573,57.0,57.5,56.6,56.7,-0.2,603
2022-08-04,3260,1349863,76936412,57.0,57.6,56.4,57.4,0.7,708
2022-08-05,3260,1137058,66297839,57.7,58.6,57.7,58.4,1.0,817
2022-08-08,3260,774742,44569088,57.5,58.0,57.1,58.0,-0.4,606
2022-08-09,3260,691252,39813248,57.8,58.0,57.3,57.5,-0.5,453
2022-08-10,3260,596339,34028887,57.2,57.3,56.8,57.2,-0.3,499
2022-08-11,3260,1262448,73572762,58.0,58.8,57.7,58.5,1.3,877
2022-08-12,3260,2103123,123377345,57.5,59.4,57.5,59.2,0.7,1610
2022-08-15,3260,1589173,95245503,60.0,60.2,59.6,60.0,0.8,1209
2022-08-16,3260,1463176,87992272,60.3,60.8,59.7,60.1,0.1,1004
2022-08-17,3260,1139665,67979122,60.1,60.2,59.3,59.3,-0.8,1187
2022-08-18,3260,1123733,67016081,59.1,60.1,58.9,60.0,0.7,770
2022-08-19,3260,1728491,105692219,60.3,61.7,60.2,61.4,1.4,1289
2022-08-22,3260,1313228,80455738,61.4,61.8,60.7,60.8,-0.6,1032
2022-08-23,3260,611540,36902191,60.8,60.8,60.1,60.3,-0.5,508
2022-08-24,3260,560074,33856414,60.7,61.0,60.1,60.3,0.0,511
2022-08-25,3260,825653,50376048,61.0,61.4,60.5,61.1,0.8,598
2022-08-26,3260,1208061,74354543,61.5,62.2,60.9,60.9,-0.2,977
2022-08-29,3260,986613,58881823,60.0,60.0,59.5,59.5,-1.4,722
2022-08-30,3260,407202,24344998,60.0,60.1,59.5,59.8,0.3,335
2022-08-31,3260,720504,43689034,59.8,61.2,59.5,61.1,1.3,573
2022-09-01,3260,670177,40396573,60.5,60.7,60.0,60.0,-1.1,858
2022-09-02,3260,638187,38508720,60.1,60.8,60.0,60.2,0.2,465
2022-09-05,3260,955209,57143226,60.5,61.0,59.1,59.6,-0.6,763
2022-09-06,3260,1467575,85388482,59.2,59.5,57.5,58.0,-1.6,1266
2022-09-07,3260,715855,40928264,57.6,57.7,56.5,57.3,-0.7,619
2022-09-08,3260,811089,47479642,57.8,59.4,57.7,59.1,1.8,598
2022-09-12,3260,719117,43088726,59.6,60.3,59.6,60.0,0.9,721
2022-09-13,3260,1011370,61237712,60.3,61.2,60.1,60.5,0.5,762
2022-09-14,3260,952764,57527360,59.5,61.0,59.2,60.8,0.3,752
2022-09-15,3260,2924768,181733171,61.0,63.1,60.9,61.6,0.8,2102
2022-09-16,3260,1451416,89581843,61.6,62.7,61.0,61.5,-0.1,1152
2022-09-19,3260,890764,53733242,61.5,61.5,59.7,60.5,-1.0,817
2022-09-20,3260,721927,43826670,61.3,61.8,60.0,60.2,-0.3,573
2022-09-21,3260,962222,56957762,60.3,60.3,58.7,58.8,-1.4,811
2022-09-22,3260,1325673,76149963,58.0,58.1,56.6,57.8,-1.0,997
2022-09-23,3260,709499,40861164,57.5,58.3,57.2,57.3,-0.5,574
2022-09-26,3260,2222480,122223302,56.6,56.8,54.0,54.0,-3.3,1778
2022-09-27,3260,1410607,74714068,53.0,53.9,52.2,53.8,-0.2,1171
2022-09-28,3260,1642494,84748704,53.8,53.8,50.7,50.7,-3.1,1304
2022-09-29,3260,967946,50014035,51.9,52.2,51.1,51.5,0.8,795
2022-09-30,3260,1144739,57785351,50.0,51.9,49.5,51.9,0.4,971
2022-10-03,3260,716699,36895867,51.9,52.0,50.6,51.9,0.0,572
2022-10-04,3260,835806,44308637,53.1,53.5,52.4,53.4,1.5,686
2022-10-05,3260,1285602,69874007,55.5,55.5,53.3,53.3,-0.1,1109
2022-10-06,3260,639786,34246884,54.0,54.2,53.1,53.5,0.2,414
2022-10-07,3260,3272598,182604025,53.5,56.7,53.5,56.5,3.0,2400
2022-10-11,3260,2191333,121332060,56.6,56.6,54.5,55.5,-1.0,2139
2022-10-12,3260,3071823,173743253,55.9,57.8,54.2,56.8,1.3,2346
2022-10-13,3260,2166772,119816684,56.4,56.4,54.1,54.5,-2.3,2036
2022-10-14,3260,1546094,87436948,56.0,57.2,56.0,56.5,2.0,1175
2022-10-17,3260,2506126,142948033,55.1,58.2,54.5,58.1,1.6,2106
2022-10-18,3260,3824231,228284922,59.5,60.4,58.7,59.6,1.5,3652
2022-10-19,3260,2602364,153835099,60.0,60.0,58.2,58.7,-0.9,2543
2022-10-20,3260,2456766,144464312,58.8,59.8,58.1,58.1,-0.6,1822
2022-10-21,3260,1611393,93114308,57.9,58.9,57.2,57.5,-0.6,1498
2022-10-24,3260,1092145,63903128,58.5,59.4,57.6,58.0,0.5,1202
2022-10-25,3260,1050586,60208316,57.8,58.3,56.3,56.7,-1.3,959
2022-10-26,3260,1319517,74006084,56.9,57.4,55.4,55.5,-1.2,1513
2022-10-27,3260,736086,41467441,55.6,56.8,55.6,56.5,1.0,550
2022-10-28,3260,3776748,201300762,55.5,56.1,52.0,52.8,-3.7,3058
2022-10-31,3260,1641763,88393393,53.7,54.5,53.1,53.9,1.1,1111
2022-11-01,3260,452866,24562500,54.3,54.4,54.0,54.1,0.2,440
2022-11-02,3260,897046,49240993,54.3,55.4,54.0,54.8,0.7,751
2022-11-03,3260,581242,32011224,54.0,55.5,53.9,55.2,0.4,535
2022-11-04,3260,517444,28520831,54.5,55.6,54.5,55.3,0.1,515
2022-11-07,3260,1073375,60484860,55.2,57.0,55.2,56.6,1.3,1004
2022-11-08,3260,1004607,56945980,56.6,57.5,55.7,55.9,-0.7,870
2022-11-09,3260,1153977,65574681,56.6,57.4,56.3,56.4,0.5,1110
2022-11-10,3260,729776,41038795,55.6,56.9,55.6,56.1,-0.3,628
2022-11-11,3260,2751945,159189178,57.5,58.5,56.7,58.1,2.0,1954
2022-11-14,3260,2801343,165525209,57.5,59.9,57.5,59.7,1.6,1948
2022-11-15,3260,3304155,199576970,60.0,61.2,59.5,60.4,0.7,2598
2022-11-16,3260,9313870,587229973,60.7,64.8,60.4,63.3,2.9,6458
2022-11-17,3260,7523938,486509682,63.0,65.9,62.7,64.4,1.1,5046
2022-11-18,3260,4530522,290438075,64.1,64.9,63.0,64.3,-0.1,2968
2022-11-21,3260,2371936,151414765,64.9,65.2,63.0,63.2,-1.1,1958
2022-11-22,3260,1426207,89397763,63.2,63.4,62.2,62.4,-0.8,1454
2022-11-23,3260,845977,53029065,63.0,63.3,62.4,62.5,0.1,668
2022-11-24,3260,1241981,78673018,62.9,63.9,62.6,63.8,1.3,951
2022-11-25,3260,1240662,78573584,63.7,64.3,62.5,62.5,-1.3,1516
2022-11-28,3260,1206827,74700555,62.5,62.5,61.5,61.8,-0.7,827
2022-11-29,3260,1330190,81334514,61.8,61.9,60.7,61.4,-0.4,1000
2022-11-30,3260,971007,59976632,61.0,62.2,61.0,61.7,0.3,788
2022-12-01,3260,1614857,100967188,62.9,63.5,62.0,62.0,0.3,1178
2022-12-02,3260,923633,58019334,62.5,63.2,62.4,62.9,0.9,958
2022-12-05,3260,1625098,103214713,63.5,64.2,62.7,63.7,0.8,1211
2022-12-06,3260,2343763,144703465,63.6,63.7,60.8,61.0,-2.7,1937
2022-12-07,3260,2497349,148522847,60.6,60.7,58.4,59.0,-2.0,1999
2022-12-08,3260,802730,47258493,59.0,59.4,58.4,59.0,0.0,898
2022-12-09,3260,579169,34313826,59.6,59.6,58.9,59.2,0.2,454
2022-12-12,3260,1159532,69278765,58.5,60.7,57.7,60.4,1.2,1034
2022-12-13,3260,668472,40227129,60.5,60.6,59.8,60.1,-0.3,771
2022-12-14,3260,1185176,71860327,60.7,61.3,60.1,60.3,0.2,948
2022-12-15,3260,861058,51939681,60.2,60.8,59.6,60.6,0.3,699
2022-12-16,3260,1321327,78818300,59.0,60.3,59.0,59.8,-0.8,995
2022-12-19,3260,891879,52654938,59.7,59.7,58.8,59.2,-0.6,624
2022-12-20,3260,1194501,70147764,59.1,59.8,58.1,58.2,-1.0,915
2022-12-21,3260,1509029,87821369,58.5,59.0,57.8,57.8,-0.4,1344
2022-12-22,3260,1521049,88393250,58.2,59.1,57.6,57.7,-0.1,936
2022-12-23,3260,970314,55239618,57.0,57.7,56.0,57.6,-0.1,874
2022-12-26,3260,322586,18506733,57.8,58.0,57.1,57.2,-0.4,343
2022-12-27,3260,404486,23181669,57.6,57.7,57.0,57.2,0.0,310
2022-12-28,3260,823172,46536865,57.8,57.8,56.1,56.2,-1.0,669
2022-12-29,3260,637130,35775069,56.0,57.0,55.3,57.0,0.8,473
2022-12-30,3260,422728,24178137,57.5,57.7,57.0,57.0,0.0,405
2023-01-03,3260,440048,25299993,57.0,58.1,56.6,57.8,0.8,517
2023-01-04,3260,920337,53661981,57.8,58.8,57.8,58.7,0.9,652
2023-01-05,3260,3072275,185750146,60.0,61.2,59.8,60.3,1.6,1982
2023-01-06,3260,2148064,131445681,60.3,61.8,60.3,61.6,1.3,1450
2023-01-09,3260,1668697,103589052,62.5,62.5,61.5,62.2,0.6,1108
2023-01-10,3260,2080245,130257520,62.0,63.1,60.9,62.7,0.5,1683
2023-01-11,3260,1802084,113832589,63.5,63.5,62.7,63.4,0.7,1304
2023-01-12,3260,1520577,94954466,64.0,64.0,61.6,61.6,-1.8,1474
2023-01-13,3260,940663,58055164,61.3,62.2,61.3,61.9,0.3,774
2023-01-16,3260,1680995,104278894,61.9,62.8,60.7,62.6,0.7,1212
2023-01-17,3260,662208,41279859,62.8,62.8,62.2,62.2,-0.4,535
2023-01-30,3260,5272434,342933905,63.7,65.9,63.6,65.4,3.2,3259
2023-01-31,3260,2088850,136576117,64.8,65.9,64.8,65.5,0.1,1601
2023-02-01,3260,2171403,142061166,65.7,66.8,64.5,65.0,-0.5,1998
2023-02-02,3260,3481333,230507377,65.5,66.8,65.3,66.7,1.7,2365
2023-02-03,3260,1802092,119553273,66.7,66.9,65.8,65.9,-0.8,1599
2023-02-06,3260,2099538,138433278,66.0,67.0,64.9,65.1,-0.8,1894
2023-02-07,3260,1385071,91415490,64.8,66.4,64.8,66.1,1.0,1017
2023-02-08,3260,1149726,76618850,66.9,67.1,66.3,66.3,0.2,1243
2023-02-09,3260,928116,61459053,66.3,66.6,65.8,66.0,-0.3,951
2023-02-10,3260,1323490,87226736,65.7,66.6,65.3,65.6,-0.4,1316
2023-02-13,3260,1131280,73280269,65.3,65.4,64.3,64.6,-1.0,933
2023-02-14,3260,5353191,361224661,65.3,68.4,65.3,68.2,3.6,4029
2023-02-15,3260,4461387,303046853,68.1,69.0,67.3,67.8,-0.4,3956
2023-02-16,3260,4048100,276192646,67.8,69.6,66.8,69.6,1.8,2338
2023-02-17,3260,2337529,161064222,68.3,69.4,68.3,69.2,-0.4,2063
2023-02-20,3260,1903002,131934694,69.0,69.7,68.4,69.7,0.5,1316
2023-02-21,3260,2395224,164747584,70.0,70.0,68.1,68.2,-1.5,1862
2023-02-22,3260,1526975,102862049,67.5,67.8,67.1,67.1,-1.1,1338
2023-02-23,3260,1861167,126420976,69.1,69.1,67.4,67.4,0.3,1376
2023-02-24,3260,1418508,94677002,67.5,67.8,66.1,66.3,-1.1,1189
2023-03-01,3260,1495380,99060184,65.8,67.1,65.1,66.5,0.2,1203
2023-03-02,3260,2243871,152417558,67.5,68.3,67.2,67.9,1.4,1940
2023-03-03,3260,3778177,260751074,68.5,69.6,68.1,69.3,1.4,2778
2023-03-06,3260,5213250,369104846,70.0,71.6,70.0,70.6,1.3,3840
2023-03-07,3260,1638663,115078056,71.2,71.2,69.9,70.4,-0.2,1238
2023-03-08,3260,2018648,142646412,70.8,71.0,69.5,71.0,0.6,1559
2023-03-09,3260,2310816,165205281,72.0,72.0,71.1,71.2,0.2,1866
2023-03-10,3260,2343724,164598646,71.5,71.5,69.4,70.2,-1.0,2164
2023-03-13,3260,1689705,116804830,68.5,69.9,68.5,69.9,-0.3,1553
2023-03-14,3260,2305025,157777142,70.0,70.1,67.5,67.5,-2.4,2005
2023-03-15,3260,1529798,103889600,68.3,68.5,67.2,67.3,-0.2,1481
2023-03-16,3260,1938068,129625648,67.5,67.7,66.3,66.7,-0.6,1559
2023-03-17,3260,2128729,144788573,68.3,68.6,67.3,68.4,1.7,1125
2023-03-20,3260,873927,59810602,68.4,68.7,68.1,68.6,0.2,838
2023-03-21,3260,3327672,234287517,69.1,71.0,69.0,70.6,2.0,2644
2023-03-22,3260,7197197,520166080,71.0,73.4,70.3,73.3,2.7,5110
2023-03-23,3260,12518193,955866488,73.5,78.2,72.8,76.8,3.5,8812
2023-03-24,3260,9247588,721976225,77.2,79.3,75.4,78.5,1.7,6913
2023-03-27,3260,5674490,438152599,79.0,79.4,75.8,75.8,-2.7,7660
2023-03-28,3260,3807647,283711124,75.4,76.5,73.7,73.7,-2.1,3686
2023-03-29,3260,2137865,157458207,74.1,74.5,73.0,74.0,0.3,2025
2023-03-30,3260,9678179,744474521,77.2,78.2,76.0,76.0,2.0,7372
2023-03-31,3260,18769685,1502568509,77.1,81.7,77.1,79.5,3.5,12870
2023-04-06,3260,5446037,429988719,79.5,79.8,77.4,79.6,0.1,3794
2023-04-07,3260,8648439,698581516,80.4,81.9,80.0,80.0,0.4,6265
2023-04-10,3260,4154473,325623078,80.0,80.5,77.7,78.1,-1.9,4456
2023-04-11,3260,11133304,910911000,82.4,83.0,80.7,81.3,3.2,8020
2023-04-12,3260,7500644,617060810,82.4,83.0,81.0,82.4,1.1,6925
2023-04-13,3260,4842166,388550937,81.2,81.8,79.5,79.6,-2.8,5629
2023-04-14,3260,2778977,220598013,80.2,80.3,79.0,79.1,-0.5,2434
2023-04-17,3260,3754853,293241783,78.3,78.5,77.5,78.3,-0.8,3036
2023-04-18,3260,6083458,465008611,78.4,78.8,75.5,76.2,-2.1,5172
2023-04-19,3260,6515337,486195589,76.9,76.9,73.8,74.3,-1.9,5780
2023-04-20,3260,2894809,213056187,74.3,74.6,73.0,73.1,-1.2,2330
2023-04-21,3260,2985823,218148241,73.9,74.1,72.1,72.7,-0.4,2256
2023-04-24,3260,1150344,84648868,72.8,74.0,72.8,73.6,0.9,1020
2023-04-25,3260,2613818,188998797,73.6,74.2,70.8,71.0,-2.6,1811
2023-04-26,3260,1380121,97869851,70.4,71.7,70.4,71.2,0.2,1248
2023-04-27,3260,5504175,407943691,72.6,75.3,72.3,75.0,3.8,3519
2023-04-28,3260,4673812,352303395,76.2,76.4,74.6,75.0,0.0,3498
2023-05-02,3260,2440976,184195229,75.1,76.0,74.4,75.8,0.8,1865
2023-05-03,3260,2032221,151861188,75.7,75.7,74.2,75.2,-0.6,1931
2023-05-04,3260,1520633,113687895,75.1,75.6,74.3,74.7,-0.5,1330
2023-05-05,3260,2105093,154538680,73.9,74.2,72.5,73.7,-1.0,1912
2023-05-08,3260,1451350,106647055,74.3,74.6,73.0,73.5,-0.2,1357
2023-05-09,3260,1413011,103493367,73.8,74.3,72.5,73.5,0.0,1188
2023-05-10,3260,517758,37856251,73.5,73.6,72.7,73.1,-0.4,795
2023-05-11,3260,2361723,168052039,73.2,73.3,70.4,70.6,-2.5,2203
2023-05-12,3260,1541931,111159550,70.4,73.0,70.2,72.8,2.2,1267
2023-05-15,3260,839675,60409863,72.2,72.6,71.4,72.2,-0.6,1145
2023-05-16,3260,1503642,110077593,73.9,74.4,72.4,72.4,0.2,1114
2023-05-17,3260,3323177,247231697,72.4,75.2,72.4,74.7,2.3,2265
2023-05-18,3260,8704008,669899837,76.0,77.8,75.4,77.4,2.7,5839
2023-05-19,3260,4671151,361206284,79.0,79.1,76.3,76.5,-0.9,3980
2023-05-22,3260,2336540,180287955,77.5,78.3,76.3,76.6,0.1,1686
2023-05-23,3260,2124640,161629717,76.7,76.8,75.3,76.8,0.2,1614
2023-05-24,3260,2416022,186256335,76.9,77.9,76.4,76.7,-0.1,2255
2023-05-25,3260,2208624,168894020,77.0,77.4,75.7,76.7,0.0,1968
2023-05-26,3260,1987075,152888060,77.1,77.7,76.3,77.0,0.3,1750
2023-05-29,3260,7885015,624590608,77.7,80.5,77.6,79.9,2.9,5529
2023-05-30,3260,8650003,699868116,80.0,82.0,79.2,81.2,1.3,5507
2023-05-31,3260,45982543,4055427413,81.9,89.3,81.8,89.3,8.1,22005
2023-06-01,3260,23231745,2005926247,89.1,89.2,84.7,85.6,-3.7,16073
2023-06-02,3260,9517014,815700344,85.7,86.5,85.1,85.6,0.0,5901
2023-06-05,3260,5716655,484749881,86.1,86.2,84.2,84.2,-1.4,3840
2023-06-06,3260,8813664,721615737,84.2,84.2,80.9,81.8,-2.4,5971
2023-06-07,3260,7528639,631723625,82.3,85.1,82.2,84.0,2.2,5103
2023-06-08,3260,5553436,468121554,84.3,85.2,83.4,84.3,0.3,3970
2023-06-09,3260,6586491,551471164,85.0,85.7,82.5,84.0,-0.3,5054
2023-06-12,3260,13741778,1181119692,85.5,87.2,84.5,85.5,1.5,7618
2023-06-13,3260,10073861,874748939,87.7,88.3,85.5,86.0,0.5,6439
2023-06-14,3260,16015197,1414268782,86.9,89.6,86.2,89.4,3.4,10219
2023-06-15,3260,13907738,1234372333,90.0,91.5,87.5,87.8,-1.6,8594
2023-06-16,3260,37452998,3437213268,88.8,94.5,88.0,92.1,4.3,21369
2023-06-19,3260,19193543,1777459622,92.0,94.3,89.8,92.5,0.4,11213
2023-06-20,3260,10980796,999807902,93.0,93.5,89.8,90.4,-2.1,6666
2023-06-21,3260,6116321,552030513,90.5,91.1,89.1,90.6,0.2,4111
2023-06-26,3260,9725982,853224238,89.5,90.0,86.6,86.9,-3.7,6377
2023-06-27,3260,9890705,852296515,84.9,88.3,83.5,86.4,0.0,6305
2023-06-28,3260,18571612,1675084547,87.4,92.5,87.4,88.2,1.8,11974
2023-06-29,3260,23861498,2187970244,90.6,92.7,89.7,92.3,4.1,15603
2023-06-30,3260,15126704,1347527858,90.4,90.7,88.3,89.0,-3.3,12335
2023-07-03,3260,7012089,624731893,89.0,90.0,87.6,89.7,0.7,5073
2023-07-04,3260,14919612,1370930833,91.0,92.9,90.5,92.9,3.2,10475
2023-07-05,3260,16546681,1525478859,94.7,95.6,90.2,90.4,-2.5,11898
2023-07-06,3260,9516197,844041511,89.5,90.7,87.4,87.4,-3.0,6630
2023-07-07,3260,12138301,1022044149,86.8,86.9,82.4,83.3,-4.1,8761
2023-07-10,3260,5973430,490709847,83.1,83.7,81.4,81.8,-1.5,3993
2023-07-11,3260,5552245,458051802,82.2,83.7,81.6,82.2,0.4,3893
2023-07-12,3260,5195948,424699434,82.5,82.8,81.2,81.6,-0.6,3808
2023-07-13,3260,5691760,476341951,82.0,84.5,82.0,83.3,1.7,4017
2023-07-14,3260,6107885,519932022,84.3,85.9,83.3,85.7,2.4,5145
2023-07-17,3260,4854490,411386023,85.5,85.8,83.8,84.8,-0.9,3720
2023-07-18,3260,6087615,502830966,85.2,85.4,81.7,81.9,-2.9,4684
2023-07-19,3260,4466117,371909531,82.1,84.5,82.0,82.5,0.6,3167
2023-07-20,3260,5421182,441391286,82.4,82.5,80.2,81.0,-1.5,4476
2023-07-21,3260,4985818,394883599,79.0,80.3,78.2,79.8,-1.2,3476
2023-07-24,3260,4231829,331453207,80.1,80.1,77.5,78.6,-1.2,3385
2023-07-25,3260,3353655,262123913,79.0,79.4,77.3,78.1,-0.5,3317
2023-07-26,3260,4266445,327556004,78.0,78.1,76.0,76.8,-1.3,3538
2023-07-27,3260,9044462,734248032,79.3,82.4,78.3,81.3,4.5,5880
2023-07-28,3260,9339031,774339872,82.9,83.8,81.7,83.7,2.4,6759
2023-07-31,3260,5890659,490561775,84.9,85.2,81.6,81.9,-1.8,4347
2023-08-01,3260,4036954,337134620,82.7,84.5,82.6,82.6,0.7,3503
2023-08-02,3260,3692377,298972225,82.6,82.9,79.6,80.0,-2.6,3587
2023-08-04,3260,2911098,230644420,79.5,79.9,78.3,79.6,-0.4,2763
2023-08-07,3260,1594463,128016096,79.9,80.9,79.3,80.5,0.9,1130
2023-08-08,3260,2783369,219658240,80.6,80.6,78.3,78.7,-1.8,2489
2023-08-09,3260,9923537,806430898,81.8,84.2,79.1,79.5,0.8,6822
2023-08-10,3260,5912952,455438579,78.9,78.9,76.3,76.7,-2.8,4319
2023-08-11,3260,3654445,279063778,77.0,77.6,75.4,76.0,-0.7,2399
2023-08-14,3260,5227355,384232513,75.4,75.7,72.1,74.3,-1.7,3933
2023-08-15,3260,3196660,244999963,75.5,77.3,75.3,77.0,2.7,2240
2023-08-16,3260,2962464,222519726,75.8,75.9,74.7,74.8,-2.2,2963
2023-08-17,3260,5122891,393885857,73.8,78.4,72.9,78.0,3.2,3776
2023-08-18,3260,3069540,235670833,77.8,78.1,75.5,76.0,-2.0,2416
2023-08-21,3260,955963,73265384,76.8,77.2,76.1,76.7,0.7,678
2023-08-22,3260,2049129,159092617,77.3,78.4,76.7,77.6,0.9,1676
2023-08-23,3260,1980149,155100874,77.8,78.8,77.3,78.5,0.9,1448
2023-08-24,3260,5660104,456668848,79.7,82.0,79.2,79.5,1.0,3754
2023-08-25,3260,2586946,204286312,78.8,80.2,77.9,79.2,-0.3,2331
2023-08-28,3260,4652137,356648988,78.2,78.9,75.8,75.9,-3.3,3405
2023-08-29,3260,1643146,127053306,76.7,78.2,76.5,77.6,1.7,1209
2023-08-30,3260,12478921,1026946038,78.4,83.9,78.1,83.8,6.2,7771
2023-08-31,3260,26786791,2339032268,85.0,89.5,84.5,86.8,3.0,19221
2023-09-01,3260,17457236,1536694183,86.8,88.9,86.5,87.9,0.0,13214
2023-09-04,3260,7958297,691488352,89.0,89.4,86.0,86.0,-1.9,9473
2023-09-05,3260,7577885,658660872,86.4,88.2,85.7,87.4,1.4,5503
2023-09-06,3260,5295538,462949506,88.5,89.1,86.5,86.8,-0.6,4324
2023-09-07,3260,17359335,1551073928,86.5,91.2,86.1,88.8,2.0,10634
2023-09-08,3260,6433712,561640655,88.3,88.5,86.5,86.9,-1.9,4798
2023-09-11,3260,14981706,1338006895,88.4,90.4,88.1,88.6,1.7,10288
2023-09-12,3260,34223527,3090217631,89.5,92.0,87.5,90.4,1.8,21707
2023-09-13,3260,14899628,1339406716,90.4,91.0,88.1,90.7,0.3,9563
2023-09-14,3260,12979705,1186340290,92.0,92.2,90.3,90.8,0.1,9566
2023-09-15,3260,23783188,2209825251,91.9,93.8,91.1,93.4,2.6,16047
2023-09-18,3260,7432200,683055119,91.9,92.9,91.3,91.4,-2.0,5809
2023-09-19,3260,8762708,797768653,91.9,92.8,89.8,90.3,-1.1,6328
2023-09-20,3260,11905043,1055370964,90.3,91.1,87.1,87.2,-3.1,8782
2023-09-21,3260,6100610,530107256,86.9,87.6,86.0,87.6,0.4,4218
2023-09-22,3260,5842234,512966594,86.6,89.3,86.2,89.3,1.7,4303
2023-09-25,3260,4343749,387636537,89.8,90.3,88.6,88.7,-0.6,3463
2023-09-26,3260,4951994,431440975,88.3,88.6,86.2,86.2,-2.5,3702
2023-09-27,3260,3818460,330265500,86.2,87.6,85.0,87.2,1.0,2448
2023-09-28,3260,10228210,868806153,86.2,86.4,84.2,84.5,-2.7,8349
2023-10-02,3260,8612521,753878677,85.9,88.7,85.7,88.4,3.9,7292
2023-10-03,3260,37858273,3529230893,89.1,95.5,89.1,92.9,4.5,24621
2023-10-04,3260,26371914,2460002519,92.5,95.2,91.9,92.5,-0.4,26379
2023-10-05,3260,12500208,1148115387,93.8,93.9,90.7,91.0,-1.5,20302
2023-10-06,3260,16243883,1518320645,92.4,94.8,91.9,93.0,2.0,15219
2023-10-11,3260,12606022,1174340106,94.1,94.7,92.1,92.2,-0.8,10772
2023-10-12,3260,11610239,1082806424,93.6,94.5,91.5,93.6,1.4,10150
2023-10-13,3260,26063817,2521207730,93.3,98.9,92.7,96.7,3.1,23382
2023-10-16,3260,12142485,1166535089,97.2,97.9,94.6,96.1,-0.6,13374
2023-10-17,3260,31407836,3141595731,97.9,103.0,96.3,100.0,3.9,20688
2023-10-18,3260,40007410,4051793735,101.5,105.0,98.0,101.5,1.5,26208
2023-10-19,3260,34361504,3593714144,100.0,107.5,99.7,104.0,2.5,21880
2023-10-20,3260,20617622,2131640504,103.0,105.5,100.0,105.0,1.0,12957
2023-10-23,3260,15937840,1679392912,105.0,107.0,103.5,106.0,1.0,9408
2023-10-24,3260,28529314,2928124708,107.5,109.0,99.9,101.5,-4.5,17827
2023-10-25,3260,17062481,1696728577,101.0,102.0,98.0,99.1,-2.4,12097
2023-10-26,3260,10832965,1067710521,97.8,100.0,96.6,97.5,-1.6,9798
2023-10-27,3260,15449233,1473872079,97.7,98.3,94.0,94.1,-3.4,12340
2023-10-30,3260,13150038,1286071264,97.0,98.8,96.1,98.5,4.4,9400
2023-10-31,3260,15146006,1494696981,99.3,101.0,96.9,97.4,-1.1,11964
2023-11-01,3260,13363114,1296401640,98.3,99.5,95.0,96.2,-1.2,8917
2023-11-02,3260,18495591,1836929513,99.0,101.5,96.8,99.3,3.1,12649
2023-11-03,3260,13710868,1367797528,100.0,101.0,98.3,100.5,1.2,8765
2023-11-06,3260,13533764,1370119331,102.0,104.5,99.7,101.5,1.0,7888
2023-11-07,3260,16857234,1745934550,101.0,105.0,100.5,105.0,3.5,10357
2023-11-08,3260,13076323,1353179468,105.5,105.5,102.0,103.0,-2.0,6613
2023-11-09,3260,16211386,1637613086,103.5,104.0,99.5,101.0,-2.0,9099
2023-11-10,3260,8400598,861155253,101.0,104.0,100.5,101.5,0.5,5414
2023-11-13,3260,17936641,1890431831,103.5,107.5,103.0,105.0,3.5,10975
2023-11-14,3260,9469864,990812697,107.0,107.0,102.5,105.0,0.0,7426
2023-11-15,3260,14603219,1522161220,106.0,107.5,101.5,102.0,-3.0,8964
2023-11-16,3260,9293578,935217987,102.5,103.0,99.5,99.8,-2.2,6169
2023-11-17,3260,13883932,1363374314,100.0,100.5,97.5,97.7,-2.1,9811
2023-11-20,3260,9067523,902050207,97.8,100.5,97.8,99.1,1.4,6361
2023-11-21,3260,7787368,773594516,99.9,100.0,98.6,98.9,-0.2,5088
2023-11-22,3260,5981574,587167238,98.9,99.0,97.7,98.2,-0.7,4474
2023-11-23,3260,12820595,1277069967,98.8,101.5,98.1,98.2,0.0,8364
2023-11-24,3260,8391581,815003090,99.0,99.6,96.2,96.3,-1.9,6308
2023-11-27,3260,10629824,1010080255,96.8,96.8,94.0,94.1,-2.2,8297
2023-11-28,3260,7320771,700798265,94.5,96.8,94.2,96.7,2.6,5234
2023-11-29,3260,8967788,883045294,96.8,99.4,96.8,98.9,2.2,6334
2023-11-30,3260,12939020,1308262408,100.5,102.5,100.0,100.0,1.1,10153
2023-12-01,3260,7689062,764823161,100.5,101.5,98.7,99.6,-0.4,7189
2023-12-04,3260,14481803,1475429143,101.0,104.0,100.0,101.0,1.4,8952
2023-12-05,3260,9647944,951001956,100.5,100.5,97.5,98.3,-2.7,7172
2023-12-06,3260,10972035,1103825266,99.0,102.5,98.6,102.5,4.2,7307
2023-12-07,3260,16831397,1723868748,104.5,105.0,100.5,100.5,-2.0,9957
2023-12-08,3260,18244595,1892071233,102.0,105.0,101.5,104.0,3.5,11232
2023-12-11,3260,10820650,1133348977,104.5,106.0,103.0,104.5,0.5,6855
2023-12-12,3260,13726457,1448134808,106.5,107.5,104.0,104.0,-0.5,9015
2023-12-13,3260,9395380,967568176,105.5,105.5,101.0,102.5,-1.5,6196
2023-12-14,3260,7084701,734027628,104.0,105.5,102.5,103.0,0.5,4174
2023-12-15,3260,15915164,1665564414,105.5,107.0,102.0,102.0,-1.0,9803
2023-12-18,3260,5901474,603211385,102.5,104.0,100.5,102.5,0.5,4077
2023-12-19,3260,6066311,608253033,101.5,102.0,99.7,100.0,-2.5,4384
2023-12-20,3260,6137466,613657775,100.5,101.5,99.1,99.4,-0.6,4336
2023-12-21,3260,6847436,687067306,99.0,101.5,98.2,100.5,1.1,4003
2023-12-22,3260,14431287,1483927604,102.5,105.0,100.5,101.0,0.5,8905
2023-12-25,3260,3308304,333351747,102.0,102.5,100.0,100.0,-1.0,2468
2023-12-26,3260,3495472,354727072,100.5,102.0,100.5,101.5,1.5,2346
2023-12-27,3260,12020470,1245890577,102.0,104.5,102.0,104.5,3.0,7213
2023-12-28,3260,11905780,1244985486,105.5,106.0,102.5,105.5,1.0,6710
2023-12-29,3260,31410311,3326580729,107.5,109.5,103.0,103.0,-2.5,17548
2024-01-02,3260,8132213,821233392,103.0,103.5,100.0,100.5,-2.5,5717
2024-01-03,3260,15612545,1530940832,99.8,100.0,96.8,98.3,-2.2,10875
2024-01-04,3260,9154859,892935673,98.6,99.7,96.4,96.7,-1.6,6694
2024-01-05,3260,5852533,567891845,97.1,98.1,96.3,97.0,0.3,4219
2024-01-08,3260,12379244,1204123419,96.0,98.9,95.2,98.2,1.2,7959
2024-01-09,3260,10146302,981746907,98.6,99.2,95.3,95.3,-2.9,7979
2024-01-10,3260,3825277,364890554,95.3,96.3,94.1,96.2,0.9,2812
2024-01-11,3260,3221619,308338597,96.1,96.6,95.2,95.6,-0.6,2908
2024-01-12,3260,4468480,424335987,95.7,96.0,94.4,94.4,-1.2,3440
2024-01-15,3260,11039814,1076045110,95.0,99.1,94.5,98.0,3.6,7139
2024-01-16,3260,3945632,382271696,97.5,97.5,96.3,96.8,-1.2,3294
2024-01-17,3260,7804134,739551667,96.6,97.5,93.2,93.7,-3.1,5823
2024-01-18,3260,7534966,697307994,94.0,94.7,91.2,93.0,-0.7,5521
2024-01-19,3260,3540760,332259896,94.2,94.7,93.2,94.0,1.0,2238
2024-01-22,3260,5852684,555808236,95.0,95.7,94.3,95.3,1.3,3526
2024-01-23,3260,4036571,388149554,95.6,97.0,94.7,96.2,0.9,2819
2024-01-24,3260,20625782,2031067798,99.8,101.0,96.4,96.6,0.4,12822
2024-01-25,3260,4661340,448104850,97.1,97.3,95.6,95.6,-1.0,4533
2024-01-26,3260,3982092,378602654,95.6,96.0,94.5,94.5,-1.1,2826
2024-01-29,3260,4124587,395446641,94.5,96.8,94.0,96.8,2.3,2912
2024-01-30,3260,3282434,315287967,96.9,97.0,95.5,95.7,-1.1,2369
2024-01-31,3260,2551761,244679275,94.9,96.7,94.7,95.9,0.2,1813
2024-02-01,3260,1983612,190215049,95.7,96.4,95.2,96.0,0.1,1574
2024-02-02,3260,2195275,210898221,96.5,96.9,95.4,96.0,0.0,1791
2024-02-05,3260,2862838,272500477,96.3,96.4,94.8,95.1,-0.9,2106
2024-02-15,3260,7116073,691661244,96.5,97.8,96.5,97.4,2.3,4697
2024-02-16,3260,5030781,485781330,97.2,97.4,96.0,97.3,-0.1,5086
2024-02-19,3260,15205850,1510035361,97.1,101.0,96.4,99.9,2.6,8460
2024-02-20,3260,12999551,1292684188,100.0,101.0,98.0,99.8,-0.1,8963
2024-02-21,3260,11054104,1111561226,100.0,101.5,99.6,100.0,0.2,7204
2024-02-22,3260,6502825,653829809,101.5,102.0,99.5,101.0,1.0,4208
2024-02-23,3260,12621361,1282903138,102.5,104.0,99.9,100.0,-1.0,8030
2024-02-26,3260,7529008,741092759,100.5,100.5,97.8,98.0,-2.0,6115
2024-02-27,3260,11846831,1181571621,99.5,102.0,97.7,98.5,0.5,7371
2024-02-29,3260,5906596,587768164,98.6,100.5,97.8,100.0,1.5,4563
2024-03-01,3260,5251846,523068688,100.5,101.0,99.0,99.2,-0.8,3807
2024-03-04,3260,7962227,800580167,102.0,102.0,99.3,99.5,0.3,4863
2024-03-05,3260,9974234,975022807,99.2,100.0,96.8,97.4,-2.1,8082
2024-03-06,3260,3464872,337028350,97.5,98.0,96.8,97.1,-0.3,2644
2024-03-07,3260,10539853,1029978476,98.5,100.0,96.2,96.2,-0.9,7435
2024-03-08,3260,9172014,869042093,96.7,97.6,93.0,94.2,-2.0,6924
2024-03-11,3260,5866322,567771767,95.2,97.8,95.2,97.2,3.0,4128
2024-03-12,3260,3371011,327793251,97.1,97.8,96.6,97.8,0.6,2928
2024-03-13,3260,6011639,583227007,98.2,99.1,95.6,95.7,-2.1,4534
2024-03-14,3260,2804018,267145237,95.8,96.4,94.6,94.9,-0.8,2318
2024-03-15,3260,3782407,362529666,94.6,96.8,94.5,95.6,0.7,2616
2024-03-18,3260,3104103,299397025,96.5,97.3,95.8,96.2,0.6,2390
2024-03-19,3260,2572029,248692878,96.5,97.3,95.6,96.9,0.7,2558
2024-03-20,3260,3911072,379504022,97.7,98.2,96.0,96.0,-0.9,3462
2024-03-21,3260,21419673,2136941198,99.5,101.0,98.3,100.5,4.5,14164
2024-03-22,3260,10750615,1074067621,101.0,102.0,98.7,98.7,-1.8,9848
2024-03-25,3260,4684004,460579519,98.7,99.1,97.8,98.3,-0.4,3498
2024-03-26,3260,7695560,757352521,99.7,100.5,96.2,96.9,-1.4,5937
2024-03-27,3260,4222104,416211309,97.4,99.6,96.9,98.8,1.9,3549
2024-03-28,3260,6842098,682110466,99.5,100.5,98.8,98.8,0.0,5748
2024-03-29,3260,4755138,472621171,100.0,100.5,98.6,98.7,-0.1,5211
2024-04-01,3260,8757790,877615352,99.6,101.0,98.9,100.5,1.8,5486
2024-04-02,3260,9791438,986952223,102.0,103.0,99.5,99.9,-0.6,8737
2024-04-03,3260,3369785,335469873,99.0,100.5,98.5,100.0,0.1,2633
2024-04-08,3260,5052380,508071384,99.6,101.5,99.6,101.0,1.0,3360
2024-04-09,3260,15250860,1561894722,103.0,104.0,100.5,103.0,2.0,9425
2024-04-10,3260,60344938,6682680232,103.0,113.0,103.0,113.0,10.0,33227
2024-04-11,3260,29086288,3197639260,113.0,113.0,107.5,108.5,-4.5,16969
2024-04-12,3260,30403456,3431858316,111.0,116.0,110.0,113.0,4.5,18606
2024-04-15,3260,21797330,2469267164,111.5,117.0,110.5,115.5,2.5,13516
2024-04-16,3260,29321185,3116531835,112.0,113.0,104.0,104.0,-11.5,18542
2024-04-17,3260,14641032,1523266128,105.5,106.0,102.5,103.5,-0.5,10420
2024-04-18,3260,8812233,894708118,102.0,103.0,99.9,102.5,-1.0,5559
2024-04-19,3260,16272859,1587149855,100.0,101.5,94.0,96.2,-6.3,12134
2024-04-22,3260,9035118,855791566,96.3,97.6,93.1,93.1,-3.1,7507
2024-04-23,3260,4823660,455014733,94.6,95.2,93.1,94.5,1.4,3510
2024-04-24,3260,12066862,1194628945,96.0,101.0,96.0,99.5,5.0,7545
2024-04-25,3260,5334382,530294483,99.7,101.0,98.2,98.7,-0.8,5648
2024-04-26,3260,4052032,403839843,99.9,100.5,99.0,99.1,0.4,3573
2024-04-29,3260,3327738,334523332,100.0,101.0,100.0,101.0,1.9,2360
2024-04-30,3260,3305843,331783485,101.5,101.5,99.9,100.0,-1.0,2125
2024-05-02,3260,2983269,298974562,99.8,101.0,98.5,101.0,1.0,2223
2024-05-03,3260,9050672,934161385,102.0,104.5,101.0,104.0,3.0,5994
2024-05-06,3260,25683703,2808440436,109.0,112.0,106.0,109.0,5.0,16745
2024-05-07,3260,51099362,5907771814,113.0,118.5,112.5,114.5,5.5,28114
2024-05-08,3260,31264290,3643954148,116.0,120.0,113.0,120.0,5.5,18003
2024-05-09,3260,34899051,4057650641,121.0,121.5,112.0,113.5,-6.5,21340
2024-05-10,3260,27913648,3263114331,115.0,119.5,112.0,118.0,4.5,15738
2024-05-13,3260,35616327,3933946090,119.0,119.0,107.0,107.5,-10.5,21524
2024-05-14,3260,11279018,1215035573,108.0,109.5,106.0,107.5,0.0,6894
2024-05-15,3260,8312381,907956470,110.0,111.5,107.5,108.5,1.0,5460
2024-05-16,3260,8567170,934840795,110.0,110.5,107.5,110.0,1.5,4889
2024-05-17,3260,8010293,876688644,109.0,112.0,107.5,108.0,-2.0,5151
2024-05-20,3260,5304515,575341000,108.5,110.0,107.0,108.0,0.0,3638
2024-05-21,3260,12958979,1441819600,109.5,112.5,109.0,112.0,4.0,8407
2024-05-22,3260,9876062,1111707532,113.0,114.5,111.0,113.0,1.0,6485
2024-05-23,3260,8596169,956402596,113.0,114.0,110.0,110.0,-3.0,5592
2024-05-24,3260,10449934,1171902027,109.5,114.0,109.0,113.0,3.0,6832
2024-05-27,3260,7757913,879367431,114.0,114.5,112.0,113.5,0.5,4990
2024-05-28,3260,6031202,675491422,113.0,113.5,111.0,111.5,-2.0,4059
2024-05-29,3260,19226893,2205259956,112.0,117.5,110.5,115.5,4.0,12517
2024-05-30,3260,12333904,1406905194,114.5,116.5,112.0,113.5,-2.0,7748
2024-05-31,3260,7598179,864201062,114.0,115.0,112.5,114.0,0.5,4645
2024-06-03,3260,15984501,1856493774,114.5,118.5,113.0,117.0,3.0,10483
2024-06-04,3260,22111896,2503972539,118.0,118.0,110.0,110.5,-6.5,14330
2024-06-05,3260,6621572,740350363,111.5,113.0,110.0,112.0,1.5,4222
2024-06-06,3260,8254158,924328474,113.5,114.5,110.0,110.0,-2.0,5535
2024-06-07,3260,9019494,991375355,109.0,111.5,107.5,109.5,-0.5,5970
2024-06-11,3260,9555434,1031701111,109.0,110.5,106.5,107.5,-2.0,6552
2024-06-12,3260,7933353,871692277,108.5,111.5,108.0,111.5,4.0,5299
2024-06-13,3260,12689515,1436938367,112.5,114.5,111.5,113.5,2.0,7664
2024-06-14,3260,6852595,779697821,113.5,115.0,112.5,113.5,0.0,4177
2024-06-17,3260,6249833,696651999,113.0,113.0,111.0,111.0,-2.5,4470
2024-06-18,3260,5975730,673867861,112.0,113.5,111.5,113.5,2.5,4081
2024-06-19,3260,7439399,839081531,114.0,115.0,111.5,112.5,-1.0,4875
2024-06-20,3260,6473450,737374951,113.0,114.5,112.5,114.0,1.5,4287
2024-06-21,3260,3640563,409577654,113.0,113.5,111.5,112.5,-1.5,2691
2024-06-24,3260,6142670,680217451,112.5,112.5,109.5,110.0,-2.5,4740
2024-06-25,3260,5074487,551777088,109.5,110.5,107.0,110.0,0.0,3679
2024-06-26,3260,4650532,508327979,111.0,111.0,108.5,108.5,-1.5,3249
2024-06-27,3260,12150711,1295001326,106.5,109.5,103.0,108.0,0.0,6526
2024-06-28,3260,6425513,697619270,108.5,109.5,107.5,108.0,0.0,3588
2024-07-01,3260,6948000,758594347,108.5,110.5,106.5,109.5,1.5,4170
2024-07-02,3260,4416787,483096430,110.5,110.5,108.5,109.0,-0.5,2708
2024-07-03,3260,6598518,734750376,110.0,112.5,109.5,111.5,2.5,4126
2024-07-04,3260,4940649,548998581,112.5,113.0,110.0,110.5,-1.0,3012
2024-07-05,3260,4577099,506991665,111.0,112.0,110.0,110.0,-0.5,2917
2024-07-08,3260,4049426,448930519,111.0,112.0,110.0,110.0,0.0,2671
2024-07-09,3260,13123785,1386771448,108.0,108.0,104.0,104.5,-5.5,8903
2024-07-10,3260,3516555,367681805,105.0,106.0,104.0,104.0,-0.5,2935
2024-07-11,3260,7777229,797940854,105.5,105.5,101.5,101.5,-2.5,6245
2024-07-12,3260,3311633,336449882,101.0,103.0,100.0,102.0,0.5,2469
2024-07-15,3260,9044442,905511773,103.0,103.0,99.3,99.3,-2.7,6611
2024-07-16,3260,2709092,272784150,99.5,101.5,99.5,101.5,2.2,1964
2024-07-17,3260,4060556,410102178,101.5,102.0,100.0,100.5,-1.0,2710
2024-07-18,3260,4738986,469097929,99.0,100.0,98.2,100.0,-0.5,3500
2024-07-19,3260,6428984,629807893,100.0,100.0,97.0,97.0,-3.0,4983
2024-07-22,3260,5150726,489262486,96.8,97.1,93.3,94.5,-2.5,3909
2024-07-23,3260,2387233,227830834,95.5,96.2,95.0,95.4,0.9,1902
2024-07-26,3260,3593521,328852882,90.6,92.5,90.0,92.3,-3.1,3355
2024-07-29,3260,2356859,218124063,93.5,93.9,91.7,91.8,-0.5,1834
2024-07-30,3260,2316117,212635888,92.3,93.3,90.7,92.9,1.1,2006
2024-07-31,3260,1862401,173887855,92.6,94.2,91.7,93.3,0.4,1535
2024-08-01,3260,2431723,230765721,94.8,95.8,94.2,94.6,1.3,1892
2024-08-02,3260,5126264,474473600,92.0,94.3,91.4,91.9,-2.7,3379
2024-08-05,3260,6859096,574956173,89.0,89.0,82.8,82.8,-9.1,5143
2024-08-06,3260,5219514,431831135,84.1,85.3,79.0,84.3,1.5,3700
2024-08-07,3260,4614441,400913666,84.8,88.9,84.2,88.8,4.5,3201
2024-08-08,3260,2786920,246744072,87.5,89.8,87.0,88.2,-0.6,2203
2024-08-09,3260,9713017,919778867,96.0,96.3,92.7,93.1,4.9,6107
2024-08-12,3260,6384703,591453332,93.7,94.0,91.7,92.0,-1.1,5669
2024-08-13,3260,4697527,439664972,92.0,94.9,92.0,94.8,2.8,3242
2024-08-14,3260,5703211,544512938,95.6,96.7,94.4,94.7,-0.1,3737
2024-08-15,3260,4558602,438469059,95.5,97.5,95.0,95.5,0.8,3203
2024-08-16,3260,4580896,445315934,97.5,98.3,96.3,96.5,1.0,3211
2024-08-19,3260,2270082,220536821,96.5,97.6,96.5,97.2,0.7,2478
2024-08-20,3260,4520482,435030079,97.6,97.8,95.2,95.3,-1.9,3671
2024-08-21,3260,2790307,264897043,95.3,96.0,94.2,94.9,-0.4,2121
2024-08-22,3260,2057372,196107640,95.4,96.3,94.6,94.6,-0.3,1493
2024-08-23,3260,2694027,252124969,94.0,94.5,92.8,94.2,-0.4,2408
2024-08-26,3260,9306467,904952936,95.7,98.6,95.5,96.1,1.9,6369
2024-08-27,3260,6440752,623508227,97.5,98.0,95.6,96.0,-0.1,5849
2024-08-28,3260,3547526,339197109,96.9,96.9,95.0,95.0,-1.0,3012
2024-08-29,3260,3255574,306796418,94.1,94.8,93.9,94.5,-0.5,2503
2024-08-30,3260,4027283,381966389,94.5,95.7,94.2,94.6,0.1,2356
2024-09-02,3260,5311624,496907019,94.9,95.0,93.0,93.2,-1.4,4667
2024-09-03,3260,2927930,271393679,93.5,93.7,92.1,92.1,-1.1,2231
2024-09-04,3260,4590373,405913028,88.0,89.3,86.6,88.6,-3.5,3888
2024-09-05,3260,3444978,304538280,89.3,89.5,87.4,87.8,-0.8,2718
2024-09-06,3260,2056613,182073131,88.1,89.4,87.3,89.0,1.2,1580
2024-09-09,3260,2124017,186620366,87.1,88.6,87.1,88.4,-0.6,1569
2024-09-10,3260,3411730,297436910,88.6,88.7,85.2,86.1,-2.3,2474
2024-09-11,3260,1427798,122609404,86.1,86.4,85.5,85.8,-0.3,1235
2024-09-12,3260,2326094,204217566,87.0,88.5,87.0,87.9,2.1,1516
2024-09-13,3260,1242992,109345975,88.2,88.5,87.5,88.1,0.2,862
2024-09-16,3260,1372571,121215205,88.5,88.8,88.0,88.2,0.1,1076
2024-09-18,3260,4328023,385584831,88.0,90.0,87.8,88.6,0.4,3164
2024-09-19,3260,3364250,297576420,88.5,89.0,87.9,88.7,0.1,2208
2024-09-20,3260,2278539,202747233,89.6,89.7,88.5,89.0,0.3,1744
2024-09-23,3260,1300487,115770959,89.0,89.5,88.7,89.0,0.0,1603
2024-09-24,3260,1500124,133817097,89.3,89.6,89.0,89.1,0.1,1042
2024-09-25,3260,2341701,210135170,89.5,90.2,89.3,89.6,0.5,1875
2024-09-26,3260,10400165,967556608,94.2,95.0,91.3,91.4,1.8,7015
2024-09-27,3260,3935025,359814065,92.0,92.4,90.5,90.6,-0.8,2957
2024-09-30,3260,3045903,270153054,89.1,89.3,88.1,88.7,-1.9,2465
2024-10-01,3260,1856850,164413317,88.8,89.2,88.0,88.8,0.1,1563
2024-10-04,3260,1555498,137670593,89.1,89.2,88.1,88.9,0.1,1149
2024-10-07,3260,1477374,131295127,89.2,89.5,88.6,89.0,0.1,1114
2024-10-08,3260,1475913,131422309,89.3,89.7,88.6,89.0,0.0,1123
2024-10-09,3260,1927788,170402864,89.3,89.7,88.0,88.1,-0.9,1709
2024-10-11,3260,1746898,154136792,88.7,88.8,87.8,87.9,-0.2,1238
2024-10-14,3260,1632871,142838298,87.9,88.0,87.2,87.3,-0.6,1379
2024-10-15,3260,1292777,113557711,87.5,88.2,87.5,87.9,0.6,1091
2024-10-16,3260,1342249,117291490,87.1,87.9,86.5,87.7,-0.2,1071
2024-10-17,3260,1213676,107446190,88.1,88.8,88.1,88.5,0.8,928
2024-10-18,3260,1511784,133623636,89.0,89.0,88.0,88.5,0.0,1253
2024-10-21,3260,1377913,122573358,88.5,89.5,88.0,89.3,0.8,1110
2024-10-22,3260,1410405,125509575,89.3,89.4,88.7,89.4,0.1,892
2024-10-23,3260,1527882,136332139,88.8,89.9,88.8,88.8,-0.6,1033
2024-10-24,3260,1498491,132066837,88.5,88.8,87.8,87.9,-0.9,1121
2024-10-25,3260,1376482,120514723,88.1,88.4,87.3,87.6,-0.3,996
2024-10-28,3260,1715158,148290531,87.6,87.6,86.0,86.1,-1.5,1502
2024-10-29,3260,1739884,147518353,86.1,86.1,84.2,84.5,-1.6,1614
2024-10-30,3260,1100925,93489386,85.0,85.7,84.4,85.7,1.2,925
2024-11-01,3260,1505970,127585661,84.4,86.1,83.6,86.1,0.4,1298
2024-11-04,3260,918833,78162159,85.6,85.8,84.5,84.8,-1.3,953
2024-11-05,3260,1118657,95849717,84.5,86.2,84.5,85.8,1.0,941
2024-11-06,3260,3795909,335427134,86.3,89.1,86.0,88.8,3.0,2962
2024-11-07,3260,4874151,440051585,89.8,91.0,89.5,90.1,1.3,3708
2024-11-08,3260,2554102,229707138,90.5,90.7,89.5,90.0,-0.1,1963
2024-11-11,3260,4640076,423732479,92.1,92.3,90.4,90.4,0.4,3120
2024-11-12,3260,2318564,207266699,89.0,90.2,88.7,89.2,-1.2,2544
2024-11-13,3260,1800207,161914739,88.8,90.5,88.8,89.9,0.7,1293
2024-11-14,3260,1506052,133995061,90.0,90.2,88.6,88.9,-1.0,2327
2024-11-15,3260,1335421,118837726,89.0,89.6,88.7,88.8,-0.1,1001
2024-11-18,3260,1538996,136304803,88.5,89.2,87.5,88.8,0.0,1297
2024-11-19,3260,1485134,132853728,89.3,89.9,88.9,89.6,0.8,1202
2024-11-20,3260,1723792,154040970,89.9,90.0,89.0,89.2,-0.4,1394
2024-11-21,3260,1786374,160696953,88.8,90.7,88.5,90.4,1.2,1558
2024-11-22,3260,1923773,175066576,91.1,91.4,90.7,90.9,0.5,1913
2024-11-25,3260,1658737,150103561,91.2,91.2,90.1,90.4,-0.5,2714
2024-11-26,3260,1271118,114776469,90.1,90.9,89.6,90.2,-0.2,1932
2024-11-27,3260,2318677,206025129,90.6,90.6,87.7,87.7,-2.5,2327
2024-11-28,3260,1613121,141025040,87.7,88.9,86.8,87.5,-0.2,1316
2024-11-29,3260,866255,75539916,87.5,87.8,86.4,87.2,-0.3,954
2024-12-02,3260,889118,77801486,87.4,88.2,87.0,87.1,-0.1,810
2024-12-03,3260,1793098,156271321,87.6,88.3,86.6,86.8,-0.3,1543
2024-12-04,3260,1565498,137270330,87.4,88.4,87.2,87.6,0.8,1305
2024-12-05,3260,1535347,134491904,88.0,88.5,87.1,87.1,-0.5,1331
2024-12-06,3260,1321068,114933965,87.4,87.7,86.6,86.6,-0.5,1174
2024-12-09,3260,1137103,98599165,87.3,87.4,86.3,86.3,-0.3,970
2024-12-10,3260,2826529,241051139,86.6,86.6,84.9,85.0,-1.3,2151
2024-12-11,3260,3589674,299957022,84.0,84.6,82.8,82.8,-2.2,2995
2024-12-12,3260,3200867,262810884,83.1,83.3,81.5,81.5,-1.3,2928
2024-12-13,3260,2918775,234255322,81.4,81.4,80.0,80.1,-1.4,2432
2024-12-16,3260,4235877,332077722,79.8,80.1,77.0,77.0,-3.1,3340
2024-12-17,3260,2924490,229645875,77.5,79.3,77.4,78.3,1.3,2296
2024-12-18,3260,3723662,300343044,78.9,81.9,78.5,81.2,2.9,3273
2024-12-19,3260,2224948,177788398,79.6,80.5,78.9,80.0,-1.2,2337
2024-12-20,3260,1785668,141057605,79.5,79.7,78.5,78.9,-1.1,1562
2024-12-23,3260,1064692,84110027,79.4,79.5,78.8,79.0,0.1,981
2024-12-24,3260,1068773,85220393,79.5,80.2,79.4,79.6,0.6,977
2024-12-25,3260,864006,68937051,80.0,80.1,79.6,79.7,0.1,734
2024-12-26,3260,1014876,81332966,80.2,80.5,79.8,80.0,0.3,862
2024-12-27,3260,858443,68499900,80.6,80.6,79.3,79.3,-0.7,746
2024-12-30,3260,689754,54590571,79.3,79.5,78.8,79.0,-0.3,630
2024-12-31,3260,1960681,153026072,78.6,78.9,77.6,78.4,-0.6,1386
2025-01-02,3260,2023810,157425631,78.4,78.4,77.3,77.5,-0.9,1563
2025-01-03,3260,2183192,170366663,78.0,79.3,77.5,77.8,0.3,1463
2025-01-06,3260,1913528,149969226,78.7,78.9,78.0,78.3,0.5,1270
2025-01-07,3260,4051709,321761706,79.3,80.9,78.6,78.8,0.5,2868
2025-01-08,3260,3848630,306290350,79.3,80.4,79.1,79.5,0.7,2773
2025-01-09,3260,3210009,250999218,80.0,80.0,77.3,77.3,-2.2,2463
2025-01-10,3260,2633858,201464955,77.4,77.6,76.0,76.3,-1.0,1950
2025-01-13,3260,4424103,322036861,75.7,75.7,71.4,71.5,-4.8,3423
2025-01-14,3260,3380208,252781058,72.5,76.3,72.0,76.3,4.8,2853
2025-01-15,3260,2915478,223490413,75.6,77.3,75.6,76.3,0.0,3138
2025-01-16,3260,1599820,124086532,77.7,77.9,77.2,77.6,1.3,1840
2025-01-17,3260,1026435,79453667,77.9,77.9,76.7,77.2,-0.4,1248
2025-01-20,3260,1018575,79176651,77.2,78.0,77.2,78.0,0.8,1182
2025-01-21,3260,1588571,122371703,78.0,78.2,76.4,76.8,-1.2,3486
2025-01-22,3260,1334805,102871238,77.2,77.4,76.7,77.0,0.2,1072
2025-02-03,3260,1719678,128781165,75.8,76.0,74.2,75.0,-2.0,1894
2025-02-04,3260,1125774,85325098,75.8,76.5,75.2,76.4,1.4,1112
2025-02-05,3260,1280853,97667172,75.7,76.6,75.6,76.5,0.0,2050
2025-02-06,3260,1288713,99116696,76.9,77.2,76.6,77.2,0.7,1029
2025-02-07,3260,1444442,110382850,76.8,77.0,76.0,76.5,-0.7,1045
2025-02-10,3260,969080,73835336,76.0,76.7,75.5,76.7,0.2,917
2025-02-11,3260,1920375,148703517,77.0,78.0,76.5,77.9,1.2,1938
2025-02-12,3260,1766693,137768656,78.3,78.5,77.4,78.4,0.5,2040
2025-02-13,3260,8184187,659593361,78.1,81.7,77.7,81.3,2.9,6287
2025-02-14,3260,4006671,325671058,81.3,82.0,80.3,81.5,0.2,4611
2025-02-17,3260,5548581,458760365,82.0,83.5,81.9,83.5,2.0,4356
2025-02-18,3260,9187617,786041294,84.0,86.9,83.3,86.6,3.1,8659
2025-02-19,3260,8698811,762638732,88.0,88.5,86.6,86.7,0.1,10512
2025-02-20,3260,4208107,363712595,87.4,88.0,85.8,86.1,-0.6,6738
2025-02-21,3260,2612386,224837875,86.2,87.0,85.0,86.4,0.3,7978
2025-02-24,3260,1501253,129641569,85.4,86.9,85.2,86.5,0.1,3725
2025-02-25,3260,3240142,282268887,86.4,88.0,85.6,87.6,1.1,3868
2025-02-26,3260,2192639,190783070,87.7,87.8,86.5,86.7,-0.9,3466
2025-02-27,3260,2019076,174211222,86.8,87.7,85.6,85.7,-1.0,2258
2025-03-03,3260,4084418,346229420,85.0,85.5,83.9,84.6,-1.1,4322
2025-03-04,3260,2567175,215038341,84.0,84.9,82.7,84.9,0.3,6292
2025-03-05,3260,2351369,201382352,84.9,86.4,84.5,86.1,1.2,2424
2025-03-06,3260,2061338,177060777,86.2,86.7,85.1,85.2,-0.9,6018
2025-03-07,3260,5996989,521434156,84.5,87.7,84.5,87.1,1.9,5650
2025-03-10,3260,27559412,2493915436,88.4,92.6,87.8,90.6,3.5,23168
2025-03-11,3260,16258161,1470956349,88.5,93.0,88.1,93.0,2.4,14929
2025-03-12,3260,20750880,1932827198,93.0,94.5,91.6,92.5,-0.5,16445
2025-03-13,3260,20692513,1941846963,93.9,96.3,90.6,90.6,-1.9,20211
2025-03-14,3260,21668180,2029449031,92.2,94.8,92.0,93.8,3.2,14670
2025-03-17,3260,24851422,2403696420,95.0,97.6,94.9,97.6,3.8,16511
2025-03-18,3260,16802521,1629749432,98.8,98.9,95.8,96.3,-1.3,18983
2025-03-19,3260,10297086,985549195,96.3,97.2,94.2,94.5,-1.8,12417
2025-03-20,3260,6906821,661683664,95.6,96.8,94.7,95.3,0.8,5745
2025-03-21,3260,7091873,670176119,95.8,96.1,93.8,93.9,-1.4,8493
2025-03-24,3260,7230297,666040888,94.5,94.6,90.9,90.9,-3.0,10233
2025-03-25,3260,4158874,379182609,92.6,92.6,90.5,90.5,-0.4,7548
2025-03-26,3260,2188394,199902237,91.0,91.9,90.8,91.2,0.7,4808
2025-03-27,3260,5082180,468592047,91.0,92.9,90.7,91.6,0.4,5600
2025-03-28,3260,6029971,538528721,92.0,92.2,87.9,87.9,-3.7,8150
2025-03-31,3260,3953753,336401412,84.7,86.3,84.2,85.1,-2.8,3520
2025-04-01,3260,4427767,387958955,85.6,88.8,85.6,88.6,3.5,3713
2025-04-02,3260,6042209,547344060,88.6,91.8,87.8,90.7,2.1,4946
2025-04-07,3260,482720,39438056,81.7,81.7,81.7,81.7,-9.0,631
2025-04-08,3260,10376027,773895728,75.4,77.6,73.6,74.2,-7.5,8013
2025-04-09,3260,8776209,612693890,73.8,74.9,66.8,66.8,-7.4,10120
2025-04-10,3260,1089500,79969271,73.4,73.4,73.4,73.4,6.6,680
2025-04-11,3260,7468594,557100759,71.9,76.5,69.8,76.4,3.0,8737
2025-04-14,3260,5603132,445389493,80.4,81.4,78.1,78.8,2.4,4933
2025-04-15,3260,3778634,302707493,79.3,81.0,78.7,80.7,1.9,3306
2025-04-16,3260,2821830,223570440,80.5,80.9,78.0,78.3,-2.4,5868
2025-04-17,3260,3069785,241097249,78.2,79.3,77.5,78.5,0.2,3307
2025-04-18,3260,5721720,460095862,79.3,81.4,79.2,80.0,1.5,4845
2025-04-21,3260,8732456,707905593,79.7,82.7,78.8,80.0,0.0,7294
2025-04-22,3260,4135012,330352609,79.3,81.3,79.0,79.3,-0.7,4445
2025-04-23,3260,3671618,297235801,81.3,81.5,80.4,80.8,1.5,2941
2025-04-24,3260,3337946,270985747,81.1,82.1,80.5,80.8,0.0,2977
2025-04-25,3260,5536102,458462159,82.1,83.5,82.0,82.6,1.8,5072
2025-04-28,3260,3321980,272358160,83.4,83.4,81.2,81.8,-0.8,4988
2025-04-29,3260,3736931,310720936,81.8,83.9,81.8,83.8,2.0,2836
2025-04-30,3260,2360912,198270072,84.2,84.6,83.5,83.7,-0.1,1998
2025-05-02,3260,2764358,236352219,85.0,85.8,84.7,85.7,2.0,2479
2025-05-05,3260,3269486,272813672,86.4,86.4,82.1,82.9,-2.8,10322
2025-05-06,3260,1478162,122621171,82.5,83.4,82.1,83.3,0.4,1951
2025-05-07,3260,1256940,104527052,83.3,83.6,82.5,83.4,0.1,1073
2025-05-08,3260,5979471,516662874,85.2,87.6,85.2,86.5,3.1,5062
2025-05-09,3260,2786859,240519402,86.6,87.5,85.5,86.3,-0.2,3577
2025-05-12,3260,2341323,203212672,86.6,87.1,86.4,87.1,0.8,2143
2025-05-13,3260,5232120,461783472,88.9,89.3,87.5,87.6,0.5,4940
2025-05-14,3260,7977381,718911400,88.6,91.4,88.6,90.5,2.9,6140
2025-05-15,3260,15357334,1417976367,91.1,93.6,90.7,93.3,2.8,10229
2025-05-16,3260,3970483,366410832,92.3,92.8,91.9,92.2,-1.1,5037
2025-05-19,3260,4234382,389857853,91.7,93.6,90.8,92.4,0.2,3288
2025-05-20,3260,7526940,698654584,93.0,93.4,92.0,92.7,0.3,5790
2025-05-21,3260,5934844,555357931,93.0,94.6,92.9,93.0,0.3,4827
2025-05-22,3260,5011731,462768837,92.7,93.4,91.3,92.4,-0.6,4570
2025-05-23,3260,2112108,195671077,92.9,93.4,92.2,92.5,0.1,1648
2025-05-26,3260,1652201,152021109,92.3,92.5,91.7,91.8,-0.7,1456
2025-05-27,3260,2200789,201324179,92.3,92.5,90.7,91.9,0.1,1732
2025-05-28,3260,3869977,357855751,92.5,93.6,91.0,91.0,-0.9,5850
2025-05-29,3260,3531565,326470932,92.1,92.9,91.5,92.8,1.8,3243
2025-06-02,3260,3289654,298993955,92.3,92.3,90.1,90.3,-2.5,5109
2025-06-03,3260,2223153,202148662,91.1,91.4,90.3,91.3,1.0,2468
2025-06-04,3260,3351714,310627048,92.2,93.2,91.6,93.0,1.7,2598
2025-06-05,3260,5111136,481111018,94.3,94.8,93.4,93.7,0.7,6135
2025-06-06,3260,15044616,1462907106,94.1,99.0,93.7,99.0,5.3,10437
2025-06-09,3260,18352965,1811644129,100.5,102.5,96.7,97.5,-1.5,31674
2025-06-10,3260,13021197,1283224501,98.1,100.5,97.3,98.1,0.6,13346
2025-06-11,3260,8479299,835920869,99.5,100.5,97.4,97.8,-0.3,11765
2025-06-12,3260,5420030,528318761,97.8,98.7,96.7,96.7,-1.1,4604
2025-06-13,3260,3974183,382580598,96.8,97.4,95.6,95.7,-1.0,5914
2025-06-16,3260,2754872,264117652,96.2,97.0,95.4,95.4,-0.3,3829
2025-06-17,3260,3314639,315973795,96.0,96.9,94.4,94.7,-0.7,3023
2025-06-18,3260,25006518,2486478925,95.3,101.5,95.3,99.0,4.3,16600
2025-06-19,3260,9676164,947504508,100.0,100.5,96.6,96.6,-2.4,10146
2025-06-20,3260,7265448,682966607,96.6,96.7,92.3,93.8,-2.8,6225
2025-06-23,3260,19166569,1877917478,93.8,101.0,93.8,98.9,5.1,13734
2025-06-24,3260,17650144,1722172867,100.5,100.5,95.5,95.7,-3.2,13368
2025-06-25,3260,6137326,589052441,97.0,97.1,95.2,95.9,0.2,5051
2025-06-26,3260,7594859,723120759,95.9,96.7,94.4,94.4,-1.5,5992
2025-06-27,3260,5246459,493978885,95.6,95.7,93.6,93.8,-0.6,4434
2025-06-30,3260,3691571,346421780,94.1,94.6,92.9,93.6,-0.2,2902
2025-07-01,3260,3857948,361996736,94.0,94.4,93.4,93.8,0.2,3002
2025-07-02,3260,4975680,469605989,93.8,95.2,93.2,94.6,0.8,3637
2025-07-03,3260,6549734,626517772,95.0,96.4,94.3,96.3,1.7,4725
2025-07-04,3260,7054013,664024431,96.9,96.9,93.2,93.6,-2.7,5430
2025-07-07,3260,5069682,472828642,93.6,94.3,92.1,94.0,0.4,4063
2025-07-08,3260,5996970,565717349,95.6,95.8,93.4,93.5,-0.5,4742
2025-07-09,3260,10907202,1051698025,94.0,97.7,93.8,97.2,3.7,7575
2025-07-10,3260,10431325,994888751,97.2,97.3,94.5,94.7,-2.5,6232
2025-07-11,3260,11525539,1091199278,94.5,95.6,93.6,94.7,0.0,8201
2025-07-14,3260,7750407,697507710,90.4,90.7,88.5,90.0,0.0,3912
2025-07-15,3260,3918199,354153574,90.2,90.8,89.8,90.7,0.7,2524
2025-07-16,3260,7041062,653927537,94.5,94.5,91.7,91.7,1.0,6008
2025-07-17,3260,5820534,541931041,92.5,93.8,92.1,93.4,1.7,3874
2025-07-18,3260,4701465,435009146,93.9,94.1,91.9,91.9,-1.5,6276
2025-07-21,3260,4744373,436918060,92.0,93.0,91.2,91.2,-0.7,3342
2025-07-22,3260,4062967,365829514,91.3,92.0,88.9,89.2,-2.0,3903
2025-07-23,3260,4721519,426771569,89.9,91.0,89.9,90.8,1.6,2005
2025-07-24,3260,3025099,276427984,91.2,91.8,90.8,91.7,0.9,2330
2025-07-25,3260,1370333,124984808,91.8,91.8,90.8,90.9,-0.8,1357
2025-07-28,3260,1101818,100667544,91.5,91.7,90.5,91.3,0.4,1085
2025-07-29,3260,2327710,213395475,91.8,92.6,90.8,91.0,-0.3,2367
2025-07-30,3260,1854373,170051293,91.2,92.2,90.7,92.0,1.0,2368
2025-07-31,3260,2050857,187307600,92.1,92.3,90.7,91.3,-0.7,3566
2025-08-01,3260,1683003,153670640,90.5,91.8,89.9,91.8,0.5,2608
2025-08-04,3260,1378410,125901385,91.4,92.0,90.4,92.0,0.2,1683
2025-08-05,3260,3321689,309108370,92.2,93.5,92.2,93.2,1.2,2698
2025-08-06,3260,1611401,149730194,93.4,93.5,92.4,92.4,-0.8,2405
2025-08-07,3260,5417228,495200787,93.2,94.0,90.7,90.7,-1.7,9302
2025-08-08,3260,5346371,496602862,90.8,94.1,90.8,92.8,2.1,4995
2025-08-11,3260,2213328,205803860,93.0,93.4,92.2,93.4,0.6,3780
2025-08-12,3260,9208892,880133034,94.4,96.4,94.4,95.5,2.1,7964
2025-08-13,3260,4020794,384392711,96.5,96.8,94.0,95.3,-0.2,5939
2025-08-14,3260,23235148,2315430366,98.8,101.0,97.4,99.9,4.6,15793
2025-08-15,3260,7569408,752277399,100.5,101.0,98.2,99.4,-0.5,16321
2025-08-18,3260,3867388,382141120,99.0,100.0,98.1,98.6,-0.8,5529
2025-08-19,3260,4536197,440953671,99.3,99.3,96.4,96.5,-2.1,13259
2025-08-20,3260,3244407,308152878,96.0,96.5,94.2,94.3,-2.2,6798
2025-08-21,3260,1879094,179305233,94.4,95.8,94.4,95.5,1.2,1599
2025-08-22,3260,2930505,283600630,96.2,97.8,95.0,96.4,0.9,2509
2025-08-25,3260,5588501,552966545,97.9,99.8,97.7,98.8,2.4,5635
2025-08-26,3260,7235184,723998916,99.9,100.5,99.3,100.5,1.7,5898
2025-08-27,3260,4459612,448094532,101.0,101.5,100.0,100.5,0.0,3111
2025-08-28,3260,5967975,605975228,100.5,102.0,100.5,101.5,1.0,4542
2025-08-29,3260,10161357,1056113239,102.5,106.5,102.0,102.5,1.0,8626
2025-09-01,3260,5074253,518783610,102.5,104.5,100.5,101.0,-1.5,4919
2025-09-02,3260,3365693,338846036,102.0,103.0,99.3,100.5,-0.5,3462
2025-09-03,3260,5362639,553791419,101.5,104.0,101.0,103.5,3.0,4084
2025-09-04,3260,14438115,1541960903,105.0,109.0,105.0,105.0,1.5,11688
2025-09-05,3260,14876204,1617837694,107.0,110.0,105.5,110.0,5.0,11464
2025-09-08,3260,17717346,1987784525,113.0,116.5,108.5,111.0,1.0,17112
2025-09-09,3260,9825885,1110212518,115.0,115.0,111.5,113.0,2.0,7383
2025-09-10,3260,14625811,1698981993,114.0,118.0,113.0,117.0,4.0,11952
2025-09-11,3260,12720396,1494337514,119.5,120.0,115.5,116.5,-0.5,10700
2025-09-12,3260,17407488,2115271759,120.0,124.0,119.5,120.5,4.0,16924
2025-09-15,3260,29894787,3802205907,129.5,130.0,122.0,128.5,8.0,25461
2025-09-16,3260,30516912,3950273075,125.5,132.5,123.0,132.0,3.5,20556
2025-09-17,3260,17204146,2292232122,133.0,135.0,131.0,134.0,2.0,12120
2025-09-18,3260,34197395,4697133982,136.0,142.0,132.0,137.0,3.0,25201
2025-09-19,3260,16275650,2242965785,138.5,140.0,134.5,139.0,2.0,11311
2025-09-22,3260,27617987,4094915708,141.0,152.5,139.0,152.5,13.5,19262
2025-09-23,3260,28681085,4304116571,152.5,154.0,146.5,148.5,-4.0,16804
2025-09-24,3260,22446950,3358624948,151.0,155.0,144.5,151.0,2.5,17021
2025-09-25,3260,12993154,1938599417,150.5,152.5,147.0,148.0,-3.0,10998
2025-09-26,3260,16666469,2384279891,148.0,149.0,139.5,143.0,-5.0,11821
2025-09-30,3260,24565504,3821973045,153.5,157.0,152.0,157.0,14.0,19144
2025-10-01,3260,0,0,0.0,0.0,0.0,0.0,0.0,0
2025-10-02,3260,37841912,6280194777,166.5,170.5,160.0,167.5,10.5,23636
2025-10-03,3260,28160953,4780841794,168.0,174.0,162.0,173.0,5.5,20636
2025-10-07,3260,30536265,5372683249,175.0,182.0,171.0,174.0,1.0,23059
2025-10-08,3260,21377548,3735141816,171.0,178.0,170.0,175.5,1.5,14946
2025-10-09,3260,33372948,6050733820,179.5,187.5,174.5,179.5,4.0,24386
2025-10-13,3260,20182739,3502894114,165.0,178.0,165.0,176.5,-3.0,15293
2025-10-14,3260,54659081,10135526582,185.0,194.0,176.5,179.0,2.5,38029
2025-10-15,3260,31585832,5749378199,183.0,188.0,174.0,182.5,3.5,33559
2025-10-16,3260,39596975,7525986535,183.0,196.5,182.0,188.5,6.0,27151
2025-10-17,3260,17682372,3343816283,188.5,191.0,187.0,188.0,-0.5,15030
2025-10-20,3260,14111771,2646063211,191.0,191.5,183.5,188.5,0.5,10149
2025-10-21,3260,17470817,3187382268,189.0,189.0,180.0,180.5,-8.0,14650
2025-10-22,3260,12875103,2300502340,178.5,182.0,175.0,181.0,0.5,9780
2025-10-23,3260,9289111,1699478220,179.0,186.5,178.5,186.5,5.5,8319
2025-10-27,3260,26407142,5340016947,199.0,205.0,197.0,205.0,18.5,18511
2025-10-28,3260,42003892,8255355704,204.5,207.0,189.0,191.5,-13.5,40385
2025-10-29,3260,16442680,3135244564,192.0,194.5,188.0,189.5,-2.0,13681
2025-10-30,3260,34360346,6827764689,193.5,204.0,193.0,199.0,9.5,27627
2025-10-31,3260,13269306,2616575520,200.0,201.0,193.0,198.0,-1.0,22862
2025-11-03,3260,11425655,2251579506,200.0,201.5,194.0,194.5,-3.5,11018
2025-11-04,3260,20433339,3793365119,197.5,198.0,180.0,181.0,-13.5,17240
2025-11-05,3260,13950791,2531007881,173.0,187.5,172.0,187.0,6.0,11007
2025-11-06,3260,14134891,2697605143,190.5,194.0,187.0,192.5,5.5,10667
2025-11-07,3260,12321132,2369998350,190.5,195.0,187.5,195.0,2.5,11322
2025-11-10,3260,35459173,7196610642,201.0,208.5,195.0,205.0,10.0,27411
2025-11-11,3260,26436242,5413963653,205.5,210.5,199.0,202.5,-2.5,23848
2025-11-12,3260,32445912,6956851091,203.5,222.5,200.0,221.5,19.0,29360
2025-11-13,3260,37197977,8358888377,227.0,233.5,214.0,220.5,-1.0,30658
2025-11-14,3260,13785423,2926968763,213.0,218.0,205.0,213.5,-7.0,17175
2025-11-17,3260,22739590,4885351725,223.0,225.0,204.0,208.0,-5.5,17720
2025-11-18,3260,13327161,2695866597,205.0,208.5,197.5,202.0,-6.0,11882
2025-11-19,3260,13408380,2629765855,198.0,203.5,190.5,191.0,-11.0,15025
2025-11-20,3260,18459891,3519673619,200.0,200.0,184.0,190.5,-0.5,20739
2025-11-21,3260,17513949,3054769151,174.5,179.0,171.5,173.5,-17.0,15331
2025-11-24,3260,9131415,1610838737,176.5,179.5,173.0,178.5,5.0,7012
2025-11-25,3260,16765124,3062445781,189.0,191.5,177.0,178.5,0.0,13474
2025-11-26,3260,9246308,1623779312,180.0,181.0,173.5,174.5,-4.0,7902
2025-11-27,3260,8676838,1528713533,178.0,180.0,173.0,176.0,1.5,6306
2025-11-28,3260,9417901,1674687149,177.0,181.0,175.0,177.5,1.5,7227
2025-12-01,3260,8074192,1421909338,178.5,179.0,172.5,175.0,-2.5,5974
2025-12-02,3260,5523114,974966161,178.5,179.0,175.0,176.0,1.0,4550
2025-12-03,3260,12485010,2220920999,178.5,183.0,174.0,174.5,-1.5,9757
2025-12-04,3260,10259165,1793183124,176.0,178.0,171.5,176.0,1.5,7034
2025-12-05,3260,8812320,1548170147,176.0,178.0,173.0,177.0,1.0,6582
2025-12-08,3260,13132486,2377962552,178.5,185.0,178.0,181.0,4.0,9659
2025-12-09,3260,15832503,2907385130,185.0,187.0,180.0,186.5,5.5,11756
2025-12-10,3260,10848901,1977497815,185.0,185.0,180.5,180.5,-6.0,8851
2025-12-11,3260,7607202,1383097858,182.5,184.5,179.5,182.0,1.5,5689
2025-12-12,3260,22311372,4183700064,183.5,191.0,183.5,185.5,3.5,16126
2025-12-15,3260,16110560,2935136555,180.5,187.5,176.0,186.0,0.5,11120
2025-12-16,3260,10860198,1968012898,183.5,187.5,177.5,179.5,-6.5,8888
2025-12-17,3260,27545914,5296457288,181.0,197.0,180.5,196.5,17.0,22363
2025-12-18,3260,37650738,7397105992,198.5,202.0,191.5,191.5,-5.0,32175
2025-12-19,3260,16219001,3127702985,198.0,199.5,188.5,188.5,-3.0,12950
2025-12-22,3260,21231104,4212581348,195.5,200.5,194.5,200.0,11.5,15853
2025-12-23,3260,16551092,3356445760,202.0,206.0,198.0,203.5,3.5,16226
2025-12-24,3260,36506092,7957803824,204.0,223.5,200.5,223.5,20.0,31795
2025-12-26,3260,40963954,9243127405,225.0,233.0,219.0,221.5,-2.0,45846
2025-12-29,3260,33919960,7917745798,223.5,243.0,219.5,241.0,19.5,33545
2025-12-30,3260,38678199,9688689794,240.0,263.0,239.0,260.5,19.5,34276
2025-12-31,3260,57998264,15811298643,260.5,286.0,260.5,279.5,19.0,47487
2026-01-02,3260,7201242,1994834270,278.5,282.0,270.5,280.5,1.0,7893
2026-01-05,3260,6942695,2013849445,295.0,295.0,287.0,290.0,9.5,8023
2026-01-06,3260,6822420,1970308718,285.0,291.5,284.0,289.0,-1.0,8362
2026-01-07,3260,3711944,1095829696,299.5,299.5,289.0,290.0,1.0,3003
2026-01-08,3260,2388872,687941258,289.0,291.0,286.0,286.0,-4.0,2476
2026-01-09,3260,5088358,1342988088,283.0,283.0,257.5,257.5,-28.5,5232
2026-01-12,3260,2988894,804211475,265.0,274.0,263.5,274.0,16.5,2712
2026-01-13,3260,2262931,602879019,275.5,275.5,262.0,267.0,-7.0,2383
2026-01-14,3260,1713281,467431346,268.0,275.0,268.0,273.5,6.5,1552
2026-01-15,3260,1669394,461449792,275.0,280.0,273.5,280.0,6.5,1478
2026-01-16,3260,2818511,824268338,281.5,300.0,281.5,294.5,14.5,2859
2026-01-19,3260,2372506,746102868,310.0,319.5,310.0,319.5,25.0,3109
2026-01-20,3260,2894818,864233942,288.0,303.5,288.0,298.0,-21.5,2959
2026-01-21,3260,5137869,1425772013,298.0,298.0,270.0,271.5,-26.5,3963
2026-01-22,3260,4174350,1244793514,296.5,298.5,296.5,296.5,25.0,2542
2026-01-23,3260,32094254,10020115231,307.0,326.0,294.5,314.5,18.0,28769
2026-01-26,3260,13129497,4499586896,345.0,345.5,333.0,345.5,31.0,9732
2026-01-27,3260,33580775,11847291824,350.0,360.0,343.5,356.0,10.5,29796
2026-01-28,3260,27062419,10165598911,369.5,389.5,367.5,369.0,13.0,24297
2026-01-29,3260,22540248,8207723839,379.0,379.5,352.5,360.0,-9.0,21943
2026-01-30,3260,19757392,7146658974,360.5,371.0,350.0,363.5,3.5,18535
2026-02-02,3260,16039816,5402195082,350.0,352.0,327.5,331.0,-32.5,18414
2026-02-03,3260,23943409,7854402263,355.0,361.5,303.5,312.5,-18.5,24142
2026-02-04,3260,19216094,6222435539,307.5,337.5,307.0,333.0,20.5,18082
2026-02-05,3260,26864143,9011629331,327.0,346.5,325.5,333.5,0.5,21470
2026-02-06,3260,26486262,8088098589,319.5,319.5,300.5,306.5,-27.0,21652
2026-02-09,3260,17612683,5517234499,324.0,325.0,304.0,310.5,4.0,14964
2026-02-10,3260,12576796,3776594614,312.0,312.0,292.5,297.0,-13.5,14910
2026-02-11,3260,10436479,3067962616,294.5,300.0,290.0,294.0,-3.0,12946
2026-02-23,3260,28208801,8585443805,304.0,316.0,293.0,300.5,6.5,23856
2026-02-24,3260,13484188,4161849013,302.0,316.0,298.0,313.0,12.5,14973
2026-02-25,3260,20502802,6087175653,312.5,312.5,291.0,298.0,-15.0,30255
2026-02-26,3260,17804996,5119742035,292.0,295.0,280.5,285.5,-12.5,18949
2026-03-02,3260,16080570,4566866761,262.5,299.0,261.5,291.5,6.0,15480
2026-03-03,3260,19188674,5324461451,293.0,297.0,267.0,271.0,-20.5,20980
2026-03-04,3260,16580922,4374921557,263.0,274.0,253.0,262.0,-9.0,15312
2026-03-05,3260,12585077,3573639431,287.5,288.0,277.5,285.0,23.0,11829
2026-03-06,3260,33315858,9633820149,288.5,297.0,284.0,287.5,2.5,29143
2026-03-09,3260,48460237,14189564631,265.0,305.0,264.5,304.0,16.5,38799
2026-03-10,3260,37570938,11851465821,330.0,330.0,305.5,319.0,15.0,32100
2026-03-11,3260,33229224,11356745905,327.0,350.5,325.5,350.5,31.5,32851
2026-03-12,3260,36319912,12890858759,353.5,365.0,345.5,348.5,-2.0,34836
2026-03-13,3260,26635206,9417711427,345.0,361.5,340.5,359.5,11.0,24148
2026-03-16,3260,28665743,11131440048,375.0,395.0,374.5,395.0,35.5,25286
2026-03-17,3260,11857200,5051675516,410.5,434.5,409.0,434.5,39.5,8645
2026-03-18,3260,2326969,1111127450,477.5,477.5,477.5,477.5,43.0,2389
2026-03-19,3260,21361515,10816638315,486.5,525.0,486.5,525.0,47.5,26836
2026-03-20,3260,19033774,8913894129,516.0,516.0,457.5,457.5,0.0,31034
2026-03-23,3260,9006489,3735321903,412.0,427.0,412.0,412.0,-45.5,20303
2026-03-24,3260,12505889,4766147181,412.0,412.0,371.0,386.5,-25.5,18477
2026-03-25,3260,8287523,3296869984,388.0,408.0,388.0,405.0,18.5,11405
2026-03-26,3260,9605911,3673783222,390.0,403.0,370.0,371.0,-34.0,17975
2026-03-27,3260,11235685,3931353577,339.0,391.0,334.0,390.5,19.5,17241
2026-03-30,3260,9364453,3579496549,378.0,397.5,370.0,370.0,-20.5,14452
2026-03-31,3260,9430206,3223917279,342.5,362.0,335.0,335.0,-35.0,13819
2026-04-01,3260,5690774,2071526517,362.5,368.5,360.0,368.5,33.5,8320
2026-04-02,3260,30146770,11320075788,379.0,395.0,361.0,361.5,-7.0,31746
2026-04-07,3260,23395751,8581280963,378.0,384.0,356.0,363.0,1.5,21194
2026-04-08,3260,25912532,9977492237,391.0,397.5,374.0,389.0,26.0,24125
2026-04-09,3260,21322068,7943688433,387.0,387.0,362.0,366.0,-23.0,27810
2026-04-10,3260,21557022,8105851228,373.5,387.5,367.0,372.0,6.0,20837
2026-04-13,3260,19973503,7451196203,374.5,386.5,365.5,365.5,-6.5,22065
2026-04-14,3260,28227581,10746757877,375.0,392.5,373.0,376.0,10.5,29614
2026-04-15,3260,21735250,8174972062,388.5,390.0,366.0,368.5,-7.5,25263
2026-04-16,3260,15452833,5601468481,371.0,374.0,355.0,360.5,-8.0,22480
2026-04-17,3260,25017828,9286722862,365.0,381.5,362.0,368.5,8.0,24178
2026-04-20,3260,24246512,8616926166,368.0,368.0,346.0,358.0,-10.5,29057
2026-04-21,3260,33331763,12793506408,366.5,393.5,366.5,393.5,35.5,32028
2026-04-22,3260,50928526,20738067381,403.0,422.5,386.5,421.5,28.0,52546
2026-04-23,3260,53060807,22173769360,447.0,452.0,384.0,397.5,-24.0,60447
2026-04-24,3260,33638786,13481899125,407.5,411.5,387.0,400.0,2.5,35682
2026-04-27,3260,42857086,18407314609,416.5,440.0,411.0,440.0,40.0,44695
2026-04-28,3260,60055827,28074347452,456.0,484.0,450.5,484.0,44.0,60747
2026-04-29,3260,52249494,24531166765,464.5,482.0,455.0,455.0,-29.0,63258
2026-04-30,3260,38088261,17211780113,468.0,471.0,433.0,436.0,-19.0,48358
2026-05-04,3260,27963681,12387931051,446.5,451.0,432.0,441.0,5.0,29565
2026-05-05,3260,30279399,13466756498,445.0,454.5,436.5,448.0,7.0,29012
2026-05-06,3260,48526091,22886297720,473.5,487.0,455.5,461.5,13.5,49807
2026-05-07,3260,51186257,24306454572,478.5,494.0,461.5,461.5,0.0,55150
2026-05-08,3260,24933703,11259446235,454.0,466.5,435.0,448.5,-13.0,31131
2026-05-11,3260,25976196,11985638552,464.5,469.0,454.5,457.0,8.5,28577
2026-05-12,3260,21420581,9648328191,461.0,464.5,444.0,445.5,-11.5,30666
2026-05-13,3260,17213179,7413924548,436.0,437.5,426.0,434.0,-11.5,24771
2026-05-14,3260,19349242,8621756008,446.0,452.5,438.0,447.0,13.0,21498
2026-05-15,3260,17143130,7451268334,452.0,452.0,424.5,425.0,-22.0,24774
2026-05-18,3260,11796950,4840662605,413.0,420.0,402.0,418.0,-7.0,16302
2026-05-19,3260,14928893,5967912659,415.5,415.5,389.0,390.0,-28.0,24740
2026-05-20,3260,14745687,5891881250,394.5,410.0,385.0,405.5,15.5,17421
2026-05-21,3260,13560716,5680719405,425.0,426.5,413.0,413.0,7.5,15386
2026-05-22,3260,14177806,5967420447,419.5,428.0,414.0,417.5,4.5,16306
2026-05-25,3260,18643249,7654179969,421.5,421.5,405.0,407.5,-10.0,31187
2026-05-26,3260,12227050,5030813374,410.5,416.0,406.5,410.0,2.5,14494
2026-05-27,3260,19524285,8264662625,430.0,437.5,410.5,412.5,2.5,21112
2026-05-28,3260,14016906,5784035238,414.5,421.0,403.0,404.5,-8.0,19671
2026-05-29,3260,12937393,5385585876,413.5,420.0,411.0,415.0,10.5,14319
2026-06-01,3260,16050729,6848245671,422.0,432.5,420.5,427.0,12.0,18799
2026-06-02,3260,60149383,27472666390,434.0,469.5,430.0,469.5,42.5,59196
2026-06-03,3260,36794427,17242545766,480.5,481.0,456.5,462.0,-7.5,42565
2026-06-04,3260,23101128,10707018580,457.0,476.0,451.5,458.0,-4.0,23847
2026-06-05,3260,19137836,8163608694,444.5,444.5,414.5,421.5,-36.5,25656
2026-06-08,3260,14874856,5770586951,379.5,404.5,379.5,403.0,-18.5,19384
2026-06-09,3260,11034108,4619172024,425.0,425.0,412.0,421.0,18.0,13408
2026-06-10,3260,11852645,4810882742,412.0,420.5,390.0,390.0,-31.0,20178
2026-06-11,3260,14205704,5542300820,388.0,399.5,378.0,394.5,4.5,16835
2026-06-12,3260,12274351,5066956263,416.0,422.0,405.5,405.5,11.0,13610
2026-06-15,3260,16533087,7047296191,414.5,435.0,413.0,423.0,17.5,17647
2026-06-16,3260,14239672,6037545960,430.0,434.0,417.0,417.0,-6.0,15875
2026-06-17,3260,8515726,3508847098,412.0,417.0,405.5,416.0,-1.0,11189
2026-06-18,3260,12436665,5223893942,420.0,425.0,412.0,423.0,7.0,13540
2026-06-22,3260,16075294,7004037834,434.0,443.0,427.5,434.0,11.0,19149
2026-06-23,3260,14007462,5858876364,436.0,436.0,410.0,412.0,-22.0,20447
2026-06-24,3260,8583489,3473922143,402.0,410.0,399.0,408.5,-3.5,12392
2026-06-25,3260,9168977,3796573344,421.0,423.0,407.5,409.5,1.0,9474
2026-06-26,3260,11069539,4504102021,409.5,421.0,396.0,397.5,-12.0,14807
2026-06-29,3260,5568094,2233407709,399.0,406.5,394.5,404.0,6.5,6839
2026-06-30,3260,11388411,4637519628,407.5,415.0,396.0,409.0,5.0,13706
2026-07-01,3260,14892940,5961057166,411.5,412.0,392.0,398.5,-10.5,22531
2026-07-02,3260,7981096,3166845559,384.0,408.0,382.5,408.0,9.5,9951
2026-07-03,3260,6005253,2454945592,404.0,411.5,403.0,411.5,3.5,7459
2026-07-06,3260,7218855,2992431410,416.0,420.0,408.0,410.5,-1.0,8860
2026-07-07,3260,8699270,3567806491,417.0,418.0,404.0,404.0,-6.5,10718
2026-07-08,3260,5955078,2406105366,408.0,413.0,397.0,404.0,0.0,7507
2026-07-09,3260,7975024,3285776814,408.0,418.0,405.5,410.0,6.0,9615
2026-07-13,3260,6297953,2575695743,416.5,417.0,402.0,405.0,-5.0,7901
2026-07-14,3260,7617965,3043647465,406.0,409.0,389.0,403.0,-2.0,9672
2026-07-15,3260,9726123,4008109675,409.0,419.5,408.0,408.0,5.0,10375
2026-07-16,3260,4995452,1995039898,403.0,403.0,396.5,400.5,-7.5,6876
2026-07-17,3260,11512395,4361611804,387.5,392.0,366.0,366.5,-34.0,17664
2026-07-20,3260,8795993,3084215645,368.5,371.0,334.0,348.5,-18.0,11003
2026-07-21,3260,4377606,1582401172,357.0,368.5,354.0,368.5,20.0,5415
2026-07-22,3260,6355537,2435257295,379.0,389.0,378.0,379.5,11.0,7458
2026-07-23,3260,4469898,1673109262,383.0,383.0,368.0,378.5,-1.0,6381
2026-07-24,3260,11129328,4315370770,378.0,398.0,375.5,383.0,4.5,11818
2026-07-27,3260,6929030,2704757191,386.0,403.0,378.5,402.0,19.0,8666
2026-07-28,3260,10435910,3907143216,379.0,383.0,368.0,369.0,-33.0,12586
2026-07-29,3260,31063623,11610215414,367.0,405.0,350.0,394.0,25.0,30128
2026-07-30,3260,21435607,8451258435,394.0,408.5,376.0,378.5,-15.5,22793
2026-07-31,3260,24346980,9852513446,409.0,413.5,395.0,398.5,20.0,22857
2026-08-03,3260,13913673,5481732595,391.5,402.0,384.5,391.5,-7.0,15494
2026-08-04,3260,10453103,4141752350,392.5,406.0,386.5,398.5,7.0,11557
2026-08-05,3260,13936761,5651908275,409.5,412.5,396.0,396.0,-2.5,14721
2026-08-06,3260,21658060,8976870412,397.5,426.5,394.0,421.0,25.0,25680
2026-08-07,3260,20171502,8547394071,427.0,437.0,413.5,416.0,-5.0,22887
2026-08-10,3260,11689800,4865774977,421.0,424.0,411.0,411.0,-5.0,14428
2026-08-11,3260,7618181,3084038786,409.5,409.5,400.5,405.5,-5.5,9677
2026-08-12,3260,12197805,5046025772,408.5,422.0,408.5,409.5,4.0,12926
2026-08-13,3260,8090417,3336608874,416.0,419.0,409.0,409.0,-0.5,10633
2026-08-14,3260,10482087,4301061011,415.5,419.0,400.0,402.0,-7.0,13139
2026-08-17,3260,4939923,1978779318,404.0,404.0,397.0,400.0,-2.0,6983
2026-08-18,3260,9599488,3764952895,404.0,406.0,386.0,387.0,-13.0,15041
2026-08-19,3260,6354257,2449349841,377.5,395.0,375.0,395.0,8.0,8170
2026-08-20,3260,6487803,2582054277,396.0,404.0,391.0,401.0,6.0,7127
2026-08-21,3260,21407025,8912571832,400.5,422.5,399.0,422.5,21.5,24843
2026-08-24,3260,32345699,14354203516,425.5,459.5,421.5,438.5,16.0,41862
2026-08-25,3260,17221847,7189087559,437.5,437.5,407.0,418.5,-20.0,22626
2026-08-26,3260,8197102,3405237781,421.0,422.0,411.0,416.0,-2.5,10354
2026-08-27,3260,5844482,2437548375,416.0,422.0,414.0,415.5,-0.5,8097
2026-08-28,3260,6969224,2871850152,418.0,418.5,407.0,412.0,-3.5,9919
2026-08-31,3260,4710862,1943455856,408.5,416.5,407.0,413.5,1.5,5890
2026-09-01,3260,4084544,1683927502,416.5,417.5,410.5,412.0,-1.5,6387
2026-09-02,3260,3623728,1497720338,411.0,415.5,409.0,412.5,0.5,4890
2026-09-03,3260,10472516,4249454241,417.0,419.5,394.0,395.0,-17.5,16628
2026-09-04,3260,4877257,1935858237,401.0,404.5,390.5,400.5,5.5,7136
2026-09-07,3260,6454193,2669902804,410.0,419.0,410.0,412.0,11.5,7411
2026-09-08,3260,13197551,5567725822,418.5,428.0,414.0,414.0,2.0,15836
2026-09-09,3260,7258739,3033035586,417.5,424.5,413.5,414.5,0.5,9414
2026-09-10,3260,5027934,2056046494,412.5,414.0,406.0,407.0,-7.5,7421
2026-09-11,3260,5226941,2091341234,401.0,406.0,396.5,402.5,-4.5,7905
2026-09-14,3260,4599130,1829347829,400.0,401.5,394.0,398.0,-4.5,7180
2026-09-15,3260,6137629,2388307429,395.0,395.0,385.0,388.5,-9.5,9796
2026-09-16,3260,3365120,1326390669,389.5,399.5,389.0,399.5,11.0,4263
2026-09-17,3260,3657298,1457512336,405.5,405.5,395.0,395.0,-4.5,6001
2026-09-18,3260,7024044,2786113034,399.5,401.5,395.0,396.5,1.5,7689
2026-09-21,3260,4765216,1846910985,385.5,392.0,383.0,389.0,0.0,6896
2026-09-22,3260,4853407,1875838359,392.0,393.0,384.0,384.0,-5.0,8724
2026-09-23,3260,3408294,1310818154,388.5,389.5,382.5,383.0,-1.0,5021
2026-09-24,3260,4449380,1672905545,381.0,381.0,373.5,378.0,-5.0,9335
