date,stock_id,Trading_Volume,Trading_money,open,max,min,close,spread,Trading_turnover
2016-09-29,3322,21002,171996,8.07,8.48,8.07,8.48,-0.02,18
2016-09-30,3322,10000,83350,8.26,8.46,8.25,8.45,-0.03,8
2016-10-03,3322,38330,316568,8.37,8.38,8.22,8.38,-0.07,12
2016-10-04,3322,30223,248230,8.15,8.46,8.12,8.39,0.01,16
2016-10-05,3322,40013,327907,8.14,8.35,8.14,8.34,-0.05,28
2016-10-06,3322,96260,781282,8.19,8.27,8.02,8.25,-0.09,54
2016-10-07,3322,95000,763520,8.25,8.25,8.01,8.05,-0.2,32
2016-10-11,3322,117008,948624,8.14,8.3,8.0,8.0,-0.05,56
2016-10-12,3322,36013,288944,8.02,8.08,8.0,8.03,0.03,22
2016-10-13,3322,47581,383578,8.05,8.17,8.03,8.03,0.0,18
2016-10-14,3322,82039,647362,8.01,8.03,7.5,8.03,0.0,40
2016-10-17,3322,61008,490154,8.09,8.3,7.9,8.2,0.17,37
2016-10-18,3322,65884,527120,7.91,8.2,7.9,8.2,0.0,37
2016-10-19,3322,25001,200058,7.96,8.16,7.96,8.1,-0.1,11
2016-10-20,3322,15005,120350,8.0,8.14,7.94,8.1,0.0,14
2016-10-21,3322,26015,205146,7.72,8.09,7.72,8.0,-0.1,22
2016-10-24,3322,12494,97924,7.79,8.0,7.79,8.0,0.0,14
2016-10-25,3322,85962,670453,7.76,7.99,7.76,7.8,-0.2,40
2016-10-26,3322,49078,386108,7.8,8.0,7.8,7.98,0.18,37
2016-10-27,3322,21006,169308,8.0,8.14,8.0,8.0,0.02,10
2016-10-28,3322,8004,64732,8.14,8.14,8.0,8.0,0.0,6
2016-10-31,3322,0,0,0.0,0.0,0.0,0.0,0.0,0
2016-11-01,3322,24323,190464,7.85,7.9,7.8,7.85,-0.09,23
2016-11-02,3322,53006,408612,7.49,7.85,7.49,7.65,-0.2,24
2016-11-03,3322,29054,225139,7.42,7.8,7.42,7.78,0.13,19
2016-11-04,3322,5002,38806,7.57,8.06,7.57,7.99,0.21,6
2016-11-07,3322,14004,109282,7.75,7.99,7.71,7.99,0.0,11
2016-11-08,3322,2003,16004,7.99,7.99,7.99,7.99,0.0,4
2016-11-09,3322,30005,228495,7.73,7.91,7.5,7.6,-0.39,22
2016-11-10,3322,22002,174006,7.91,8.08,7.62,7.99,0.39,18
2016-11-11,3322,10201,78364,7.9,7.9,7.57,7.79,-0.2,14
2016-11-14,3322,19025,143700,7.45,7.93,7.45,7.93,0.14,38
2016-11-15,3322,8018,62776,7.89,7.89,7.65,7.65,-0.28,14
2016-11-16,3322,79039,615422,7.55,7.93,7.55,7.89,0.24,24
2016-11-17,3322,32010,250055,7.61,7.89,7.61,7.89,0.0,23
2016-11-18,3322,30007,234202,7.88,7.88,7.67,7.85,-0.04,12
2016-11-21,3322,19052,147569,7.85,7.85,7.7,7.83,-0.02,40
2016-11-22,3322,59039,461604,7.83,7.83,7.7,7.83,0.0,39
2016-11-23,3322,75660,588543,7.78,7.83,7.72,7.82,-0.01,47
2016-11-24,3322,10013,76989,7.74,7.8,7.63,7.8,-0.02,11
2016-11-25,3322,46026,355500,7.8,7.8,7.6,7.8,0.0,26
2016-11-28,3322,29001,220747,7.53,7.78,7.53,7.78,-0.02,15
2016-11-29,3322,16221,124047,7.6,7.77,7.6,7.64,-0.14,13
2016-11-30,3322,20065,155049,7.64,7.78,7.6,7.75,0.11,12
2016-12-01,3322,23299,179288,7.75,7.77,7.65,7.77,0.02,16
2016-12-02,3322,49156,375521,7.63,7.77,7.61,7.77,0.0,25
2016-12-05,3322,40575,310474,7.65,7.73,7.6,7.7,-0.07,30
2016-12-06,3322,12052,91945,7.68,7.69,7.59,7.69,-0.01,29
2016-12-07,3322,45024,341478,7.6,7.7,7.51,7.69,0.0,50
2016-12-08,3322,28030,214148,7.69,7.72,7.59,7.7,0.01,39
2016-12-09,3322,56486,429327,7.69,7.69,7.54,7.55,-0.15,65
2016-12-12,3322,181072,1368377,7.6,7.68,7.51,7.52,-0.03,62
2016-12-13,3322,10026,76551,7.65,7.65,7.57,7.65,0.13,17
2016-12-14,3322,62059,481186,7.77,7.8,7.66,7.68,0.03,25
2016-12-15,3322,2002,15054,7.52,7.52,7.52,7.52,-0.16,3
2016-12-16,3322,65003,488591,7.53,7.69,7.5,7.63,0.11,23
2016-12-19,3322,28003,211001,7.52,7.67,7.5,7.57,-0.06,17
2016-12-20,3322,18005,136336,7.57,7.69,7.5,7.69,0.12,13
2016-12-21,3322,3005,23015,7.66,7.66,7.66,7.66,-0.03,6
2016-12-22,3322,20037,151231,7.58,7.62,7.5,7.62,-0.04,11
2016-12-23,3322,38015,288057,7.6,7.68,7.51,7.51,-0.11,19
2016-12-26,3322,18006,135412,7.5,7.6,7.5,7.6,0.09,17
2016-12-27,3322,33007,249080,7.51,7.62,7.5,7.6,0.0,26
2016-12-28,3322,48009,362873,7.52,7.6,7.51,7.6,0.0,21
2016-12-29,3322,6006,45393,7.55,7.6,7.55,7.6,0.0,7
2016-12-30,3322,28005,211217,7.61,7.61,7.5,7.61,0.01,20
2017-01-03,3322,99007,744600,7.5,7.63,7.5,7.52,-0.09,27
2017-01-04,3322,179016,1351468,7.52,7.7,7.51,7.64,0.12,76
2017-01-05,3322,60017,456672,7.65,7.65,7.6,7.6,-0.04,39
2017-01-06,3322,135400,1019650,7.53,7.65,7.51,7.56,-0.04,78
2017-01-09,3322,58018,437190,7.56,7.59,7.52,7.52,-0.04,32
2017-01-10,3322,25065,189356,7.52,7.61,7.51,7.6,0.08,16
2017-01-11,3322,71472,536734,7.63,7.63,7.5,7.51,-0.09,29
2017-01-12,3322,65009,488236,7.51,7.59,7.5,7.59,0.08,27
2017-01-13,3322,44016,331458,7.5,7.6,7.5,7.6,0.01,26
2017-01-16,3322,27010,201092,7.51,7.53,7.31,7.5,-0.1,25
2017-01-17,3322,4014,30340,7.56,7.56,7.56,7.56,0.06,11
2017-01-18,3322,57650,424369,7.34,7.48,7.32,7.36,-0.2,43
2017-01-19,3322,31010,232212,7.36,7.54,7.36,7.5,0.14,17
2017-01-20,3322,56442,418873,7.48,7.54,7.36,7.37,-0.13,28
2017-01-23,3322,39039,291652,7.4,7.54,7.38,7.42,0.05,35
2017-01-24,3322,55195,412946,7.42,7.56,7.42,7.54,0.12,35
2017-02-02,3322,60016,452344,7.54,7.55,7.5,7.5,-0.04,39
2017-02-03,3322,220281,1637447,7.5,7.52,7.36,7.52,0.02,75
2017-02-06,3322,106034,800594,7.8,7.8,7.51,7.59,0.07,71
2017-02-07,3322,122028,925544,7.61,7.61,7.55,7.56,-0.03,60
2017-02-08,3322,214210,1618034,7.59,7.6,7.5,7.59,0.03,87
2017-02-09,3322,75088,569066,7.58,7.6,7.55,7.58,-0.01,68
2017-02-10,3322,346031,2655071,7.58,7.78,7.58,7.77,0.19,139
2017-02-13,3322,827454,6905913,7.85,8.54,7.85,8.54,0.77,311
2017-02-14,3322,748454,6580810,8.88,9.09,8.6,8.69,0.15,374
2017-02-15,3322,300520,2581876,8.54,8.68,8.54,8.61,-0.08,137
2017-02-16,3322,168335,1432699,8.67,8.67,8.42,8.5,-0.11,114
2017-02-17,3322,107056,912681,8.5,8.55,8.5,8.55,0.05,96
2017-02-18,3322,102222,858954,8.51,8.51,8.36,8.46,-0.09,67
2017-02-20,3322,317273,2700969,8.59,8.63,8.41,8.58,0.12,138
2017-02-21,3322,59140,503574,8.6,8.6,8.42,8.51,-0.07,71
2017-02-22,3322,74019,629613,8.51,8.59,8.43,8.59,0.08,45
2017-02-23,3322,106255,911062,8.59,8.62,8.45,8.6,0.01,53
2017-02-24,3322,130272,1114504,8.59,8.6,8.45,8.55,-0.05,72
2017-03-01,3322,104080,874762,8.55,8.55,8.31,8.4,-0.15,117
2017-03-02,3322,97034,805898,8.31,8.37,8.27,8.33,-0.07,67
2017-03-03,3322,58080,479104,8.26,8.27,8.23,8.25,-0.08,86
2017-03-06,3322,34049,281331,8.29,8.29,8.2,8.25,0.0,61
2017-03-07,3322,34155,280264,8.22,8.22,8.18,8.22,-0.03,57
2017-03-08,3322,117043,951307,8.15,8.23,8.08,8.15,-0.07,83
2017-03-09,3322,21054,170962,8.15,8.16,8.1,8.16,0.01,58
2017-03-10,3322,46124,371772,8.16,8.16,8.0,8.0,-0.16,52
2017-03-13,3322,84502,677566,8.24,8.24,7.91,7.95,-0.05,231
2017-03-14,3322,46078,364294,7.91,7.95,7.89,7.95,0.0,85
2017-03-15,3322,86338,697624,7.95,8.25,7.95,8.08,0.13,133
2017-03-16,3322,70104,574322,8.2,8.34,8.04,8.11,0.03,100
2017-03-17,3322,38755,313250,8.19,8.19,8.04,8.17,0.06,113
2017-03-20,3322,28749,233162,8.17,8.2,8.04,8.1,-0.07,127
2017-03-21,3322,64261,518649,8.15,8.15,8.04,8.12,0.02,76
2017-03-22,3322,37078,298514,8.05,8.12,8.0,8.05,-0.07,63
2017-03-23,3322,82251,658778,8.1,8.1,7.98,8.01,-0.04,198
2017-03-24,3322,216542,1790509,8.01,8.7,8.0,8.2,0.19,454
2017-03-27,3322,43577,353779,8.2,8.21,8.05,8.07,-0.13,425
2017-03-28,3322,56186,451291,8.07,8.17,8.0,8.1,0.03,191
2017-03-29,3322,20208,164273,8.02,8.16,8.02,8.14,0.04,181
2017-03-30,3322,70012,568185,8.12,8.12,8.1,8.1,-0.04,76
2017-03-31,3322,81111,653975,8.1,8.11,8.0,8.05,-0.05,123
2017-04-05,3322,83499,669279,8.0,8.03,7.98,8.0,-0.05,428
2017-04-06,3322,40197,322631,8.05,8.05,8.0,8.01,0.01,167
2017-04-07,3322,54199,434682,8.02,8.13,7.98,7.98,-0.03,183
2017-04-10,3322,66284,530020,8.0,8.09,7.98,8.09,0.11,217
2017-04-11,3322,70326,559781,8.09,8.09,7.83,7.97,-0.12,156
2017-04-12,3322,32494,256642,7.97,7.99,7.84,7.85,-0.12,380
2017-04-13,3322,77067,601881,7.85,7.85,7.78,7.8,-0.05,75
2017-04-14,3322,76027,581317,7.77,7.81,7.5,7.81,0.01,57
2017-04-17,3322,140469,1056105,7.53,7.9,7.38,7.4,-0.41,104
2017-04-18,3322,129016,948705,7.42,7.49,7.3,7.49,0.09,53
2017-04-19,3322,25016,187172,7.43,7.5,7.43,7.49,0.0,28
2017-04-20,3322,3005,22390,7.37,7.5,7.37,7.48,-0.01,8
2017-04-21,3322,53027,403068,7.53,7.68,7.5,7.68,0.2,45
2017-04-24,3322,23011,177491,7.69,7.78,7.59,7.77,0.09,25
2017-04-25,3322,21004,162742,7.79,7.79,7.64,7.78,0.01,22
2017-04-26,3322,52010,401580,7.79,7.79,7.7,7.79,0.01,31
2017-04-27,3322,48146,375580,7.8,7.94,7.71,7.93,0.14,32
2017-04-28,3322,125006,995158,7.9,8.14,7.9,8.0,0.07,48
2017-05-02,3322,240050,1914660,7.99,8.07,7.8,8.04,0.04,52
2017-05-03,3322,92008,738954,8.04,8.07,7.9,8.05,0.01,37
2017-05-04,3322,71007,571466,8.0,8.06,8.0,8.05,0.0,34
2017-05-05,3322,11331,92107,8.08,8.08,8.0,8.0,-0.05,15
2017-05-08,3322,79112,624633,8.05,8.05,7.72,7.73,-0.27,47
2017-05-09,3322,79015,617017,8.02,8.02,7.7,7.86,0.13,43
2017-05-10,3322,57001,447337,7.74,7.94,7.74,7.88,0.02,30
2017-05-11,3322,58001,449037,7.71,7.98,7.7,7.88,0.0,24
2017-05-12,3322,12321,97386,7.9,7.94,7.78,7.78,-0.1,13
2017-05-15,3322,38040,298165,8.02,8.02,7.79,7.91,0.13,20
2017-05-16,3322,83119,654095,7.91,8.0,7.8,7.8,-0.11,37
2017-05-17,3322,28364,220969,7.91,7.91,7.75,7.85,0.05,19
2017-05-18,3322,47011,370436,7.89,7.92,7.81,7.92,0.07,28
2017-05-19,3322,38002,299294,7.96,7.98,7.81,7.81,-0.11,14
2017-05-22,3322,123003,942151,7.89,7.9,7.5,7.69,-0.12,51
2017-05-23,3322,51002,395224,7.88,7.88,7.69,7.8,0.11,17
2017-05-24,3322,1391,11026,7.94,7.94,7.94,7.94,0.14,6
2017-05-25,3322,36002,281185,7.92,7.92,7.7,7.85,-0.09,19
2017-05-26,3322,33002,260154,7.85,7.93,7.85,7.9,0.05,18
2017-05-31,3322,56005,441956,7.97,7.97,7.8,7.9,0.0,31
2017-06-01,3322,66050,520914,7.95,7.95,7.86,7.88,-0.02,24
2017-06-02,3322,45001,355077,7.98,7.98,7.81,7.91,0.03,21
2017-06-03,3322,42499,333101,7.94,7.94,7.8,7.88,-0.03,31
2017-06-05,3322,56026,438070,7.88,7.9,7.7,7.8,-0.08,37
2017-06-06,3322,56143,435984,7.8,7.85,7.72,7.82,0.02,28
2017-06-07,3322,68143,532752,7.87,7.87,7.73,7.82,0.0,27
2017-06-08,3322,19966,156052,7.85,7.88,7.75,7.88,0.06,20
2017-06-09,3322,44176,347390,7.88,7.89,7.8,7.89,0.01,23
2017-06-12,3322,19000,151420,7.96,7.97,7.96,7.97,0.08,10
2017-06-13,3322,26002,204075,7.83,7.91,7.82,7.91,-0.06,18
2017-06-14,3322,79225,621954,7.82,7.94,7.8,7.91,0.0,44
2017-06-15,3322,27000,212310,7.7,7.91,7.7,7.91,0.0,11
2017-06-16,3322,78039,612436,7.93,7.93,7.75,7.91,0.0,35
2017-06-19,3322,35082,277654,7.91,7.94,7.84,7.92,0.01,18
2017-06-20,3322,40004,314610,7.92,7.93,7.78,7.9,-0.02,28
2017-06-21,3322,43004,336460,7.9,7.9,7.78,7.87,-0.03,25
2017-06-22,3322,24003,189101,7.87,7.92,7.87,7.92,0.05,8
2017-06-23,3322,75164,592614,7.9,7.91,7.86,7.91,-0.01,20
2017-06-26,3322,74050,579809,7.8,7.9,7.73,7.89,-0.02,41
2017-06-27,3322,32003,251042,7.88,7.89,7.8,7.88,-0.01,17
2017-06-28,3322,50005,392955,7.88,7.88,7.82,7.86,-0.02,24
2017-06-29,3322,80011,627613,7.8,7.88,7.77,7.88,0.02,34
2017-06-30,3322,25001,196357,7.87,7.87,7.8,7.87,-0.01,9
2017-07-03,3322,29003,227242,7.88,7.88,7.76,7.88,0.01,21
2017-07-04,3322,3756,29515,7.87,7.88,7.87,7.88,0.0,5
2017-07-05,3322,59001,459017,7.84,7.87,7.71,7.87,-0.01,36
2017-07-06,3322,25027,194778,7.81,7.87,7.74,7.85,-0.02,23
2017-07-07,3322,2002,15714,7.85,7.85,7.85,7.85,0.0,3
2017-07-10,3322,26130,204329,7.85,7.88,7.79,7.8,-0.05,16
2017-07-11,3322,14067,109699,7.85,7.85,7.76,7.85,0.05,13
2017-07-12,3322,37358,290495,7.8,7.82,7.75,7.76,-0.09,24
2017-07-13,3322,61001,473347,7.79,7.8,7.71,7.79,0.03,32
2017-07-14,3322,53260,410039,7.72,7.77,7.66,7.77,-0.02,31
2017-07-17,3322,21013,160607,7.78,7.78,7.6,7.65,-0.12,18
2017-07-18,3322,45001,343837,7.69,7.69,7.56,7.59,-0.06,24
2017-07-19,3322,19577,148561,7.52,7.65,7.52,7.65,0.06,19
2017-07-20,3322,27066,206950,7.64,7.74,7.58,7.7,0.05,22
2017-07-21,3322,20002,152124,7.58,7.69,7.57,7.63,-0.07,19
2017-07-24,3322,26004,196590,7.63,7.65,7.53,7.61,-0.02,17
2017-07-25,3322,20004,149389,7.45,7.61,7.44,7.61,0.0,16
2017-07-26,3322,55013,411095,7.46,7.6,7.42,7.6,-0.01,35
2017-07-27,3322,68001,508257,7.53,7.59,7.43,7.53,-0.07,30
2017-07-28,3322,123003,917981,7.43,7.59,7.38,7.54,0.01,63
2017-07-31,3322,49221,379126,7.64,7.98,7.5,7.78,0.24,45
2017-08-01,3322,26065,202138,7.79,7.79,7.68,7.78,0.0,19
2017-08-02,3322,45249,345957,7.61,7.77,7.53,7.77,-0.01,27
2017-08-03,3322,4003,30811,7.77,7.77,7.6,7.6,-0.17,7
2017-08-04,3322,50052,381603,7.6,7.75,7.56,7.65,0.05,31
2017-08-07,3322,32001,241647,7.57,7.65,7.45,7.65,0.0,27
2017-08-08,3322,33003,250391,7.64,7.65,7.51,7.56,-0.09,22
2017-08-09,3322,54001,411837,7.65,7.89,7.6,7.65,0.09,23
2017-08-10,3322,34004,255058,7.56,7.57,7.45,7.54,-0.11,24
2017-08-11,3322,44066,330561,7.43,7.65,7.43,7.56,0.02,35
2017-08-14,3322,68411,503394,7.57,7.57,7.22,7.22,-0.34,41
2017-08-15,3322,49032,363106,7.51,7.51,7.21,7.42,0.2,25
2017-08-16,3322,5000,37350,7.5,7.5,7.4,7.48,0.06,4
2017-08-17,3322,24001,179157,7.45,7.58,7.42,7.58,0.1,11
2017-08-18,3322,19001,143047,7.41,7.57,7.41,7.55,-0.03,9
2017-08-21,3322,33261,249705,7.41,7.6,7.41,7.52,-0.03,26
2017-08-22,3322,32372,242500,7.49,7.52,7.47,7.52,0.0,19
2017-08-23,3322,95065,707829,7.54,7.54,7.4,7.5,-0.02,45
2017-08-24,3322,89132,663184,7.5,7.5,7.41,7.45,-0.05,31
2017-08-25,3322,152349,1138531,7.45,7.49,7.43,7.48,0.03,38
2017-08-28,3322,44005,327957,7.46,7.5,7.42,7.48,0.0,14
2017-08-29,3322,10039,74375,7.4,7.46,7.37,7.45,-0.03,18
2017-08-30,3322,40118,297028,7.41,7.45,7.38,7.45,0.0,28
2017-08-31,3322,42002,310314,7.38,7.44,7.37,7.43,-0.02,21
2017-09-01,3322,83014,614044,7.38,7.43,7.37,7.43,0.0,29
2017-09-04,3322,70202,518754,7.4,7.43,7.36,7.43,0.0,33
2017-09-05,3322,144026,1060130,7.38,7.4,7.33,7.39,-0.04,42
2017-09-06,3322,425009,3226363,7.4,8.1,7.31,8.1,0.71,140
2017-09-07,3322,1840006,16338857,8.35,8.91,8.35,8.91,0.81,462
2017-09-08,3322,1510508,13861304,9.2,9.47,8.91,9.2,0.29,492
2017-09-11,3322,757859,6672641,9.2,9.26,8.54,8.72,-0.48,274
2017-09-12,3322,149421,1295721,8.72,8.8,8.57,8.67,-0.05,80
2017-09-13,3322,146200,1250904,8.6,8.67,8.48,8.58,-0.09,86
2017-09-14,3322,331501,2754918,8.6,8.6,8.21,8.3,-0.28,147
2017-09-15,3322,214401,1782206,8.35,8.46,8.24,8.3,0.0,84
2017-09-18,3322,720466,6297999,8.88,9.1,8.5,8.6,0.3,278
2017-09-19,3322,894899,8215666,9.0,9.34,8.91,9.27,0.67,385
2017-09-20,3322,681129,6239463,9.35,9.37,8.92,9.13,-0.14,276
2017-09-21,3322,344785,3175803,9.17,9.26,9.14,9.22,0.09,141
2017-09-22,3322,275156,2499799,9.22,9.24,9.0,9.15,-0.07,112
2017-09-25,3322,261302,2381998,9.16,9.25,8.96,9.2,0.05,123
2017-09-26,3322,226200,2049880,9.23,9.23,9.0,9.0,-0.2,59
2017-09-27,3322,128000,1153040,9.13,9.13,8.95,9.03,0.03,40
2017-09-28,3322,123002,1105238,9.03,9.08,8.9,9.08,0.05,41
2017-09-29,3322,77052,695463,9.08,9.14,8.95,9.13,0.05,35
2017-09-30,3322,99002,894518,9.18,9.18,9.0,9.06,-0.07,41
2017-10-02,3322,72156,653634,9.05,9.09,9.01,9.06,0.0,43
2017-10-03,3322,493068,4616846,9.06,9.63,9.06,9.45,0.39,179
2017-10-05,3322,1319656,13450217,9.6,10.35,9.6,10.35,0.9,417
2017-10-06,3322,4148235,46055549,10.85,11.35,10.7,10.7,0.35,1210
2017-10-11,3322,733391,7596824,10.7,10.7,10.05,10.4,-0.3,324
2017-10-12,3322,1939765,21601170,10.8,11.4,10.45,11.4,1.0,683
2017-10-13,3322,1600339,18280044,11.4,11.8,11.0,11.8,0.4,616
2017-10-16,3322,2145419,25776906,11.95,12.3,11.75,11.95,0.15,606
2017-10-17,3322,1185481,14242572,11.85,12.15,11.85,11.9,-0.05,325
2017-10-18,3322,1043480,12280313,12.0,12.15,11.3,11.8,-0.1,376
2017-10-19,3322,681855,8020180,12.0,12.0,11.4,11.4,-0.4,228
2017-10-20,3322,459782,5195229,11.1,11.45,11.05,11.15,-0.25,153
2017-10-23,3322,860378,9265774,11.15,11.15,10.55,10.55,-0.6,275
2017-10-24,3322,588026,6452580,10.9,11.2,10.8,10.85,0.3,193
2017-10-25,3322,637520,7065068,11.0,11.2,11.0,11.0,0.15,160
2017-10-26,3322,193001,2105209,10.8,11.0,10.8,10.95,-0.05,70
2017-10-27,3322,291001,3170060,10.8,11.0,10.8,10.8,-0.15,82
2017-10-30,3322,197289,2110863,10.8,10.85,10.6,10.65,-0.15,76
2017-10-31,3322,2479709,28847144,10.85,11.7,10.85,11.7,1.05,660
2017-11-01,3322,1622013,19261196,12.1,12.25,11.35,11.65,-0.05,591
2017-11-02,3322,791026,9292101,11.5,12.2,11.45,11.7,0.05,232
2017-11-03,3322,432000,4959350,11.9,11.9,11.2,11.45,-0.25,143
2017-11-06,3322,196710,2251722,11.65,11.65,11.35,11.4,-0.05,67
2017-11-07,3322,285067,3265455,11.4,11.7,11.25,11.4,0.0,117
2017-11-08,3322,546005,6298457,11.55,11.8,11.4,11.5,0.1,166
2017-11-09,3322,288001,3306511,11.4,11.65,11.35,11.4,-0.1,85
2017-11-10,3322,135130,1535768,11.5,11.5,11.3,11.4,0.0,60
2017-11-13,3322,112001,1251711,11.15,11.3,11.1,11.1,-0.3,47
2017-11-14,3322,1117481,11372513,10.7,10.85,9.99,10.4,-0.7,394
2017-11-15,3322,258003,2699230,10.4,10.8,10.1,10.55,0.15,101
2017-11-16,3322,270010,2827351,10.55,10.65,10.3,10.3,-0.25,96
2017-11-17,3322,285130,3020448,10.35,10.75,10.35,10.4,0.1,75
2017-11-20,3322,280300,2868959,10.25,10.35,10.15,10.2,-0.2,105
2017-11-21,3322,214792,2183816,10.2,10.2,10.1,10.2,0.0,93
2017-11-22,3322,294666,3041442,10.3,10.5,10.15,10.3,0.1,71
2017-11-23,3322,63525,653253,10.3,10.3,10.25,10.3,0.0,43
2017-11-24,3322,304078,3227179,10.4,10.75,10.4,10.7,0.4,111
2017-11-27,3322,531000,5864500,10.75,11.1,10.75,11.1,0.4,175
2017-11-28,3322,111325,1214173,11.1,11.1,10.8,10.9,-0.2,55
2017-11-29,3322,173585,1866358,10.9,10.9,10.7,10.7,-0.2,67
2017-11-30,3322,174091,1835295,10.7,10.7,10.5,10.5,-0.2,59
2017-12-01,3322,156002,1647620,11.0,11.0,10.35,10.5,0.0,60
2017-12-04,3322,83430,884613,10.85,10.85,10.5,10.55,0.05,31
2017-12-05,3322,110007,1145621,10.55,10.55,10.3,10.3,-0.25,45
2017-12-06,3322,128011,1322710,10.55,10.55,10.25,10.25,-0.05,54
2017-12-07,3322,39046,402473,10.5,10.5,10.15,10.35,0.1,20
2017-12-08,3322,78052,796285,10.1,10.3,10.1,10.3,-0.05,34
2017-12-11,3322,121508,1266683,10.35,10.6,10.3,10.6,0.3,49
2017-12-12,3322,81008,838531,10.4,10.6,10.2,10.25,-0.35,38
2017-12-13,3322,87079,891997,10.25,10.35,10.2,10.2,-0.05,38
2017-12-14,3322,103016,1049860,10.25,10.25,10.15,10.2,0.0,61
2017-12-15,3322,79665,801697,10.15,10.2,10.0,10.2,0.0,41
2017-12-18,3322,56527,576927,10.2,10.25,10.2,10.2,0.0,31
2017-12-19,3322,52418,529312,10.15,10.2,10.0,10.0,-0.2,30
2017-12-20,3322,267000,2633430,10.1,10.15,9.62,9.8,-0.2,94
2017-12-21,3322,186049,1845770,9.8,10.4,9.75,10.0,0.2,77
2017-12-22,3322,82006,816255,10.0,10.0,9.81,9.81,-0.19,24
2017-12-25,3322,183052,1799235,9.8,9.96,9.8,9.96,0.15,48
2017-12-26,3322,114013,1133767,10.1,10.15,9.85,9.85,-0.11,47
2017-12-27,3322,57910,572676,9.85,9.94,9.82,9.93,0.08,29
2017-12-28,3322,53004,522106,10.0,10.0,9.82,9.83,-0.1,28
2017-12-29,3322,105750,1053248,9.9,10.0,9.9,9.9,0.07,56
2018-01-02,3322,64005,630158,9.83,9.9,9.82,9.82,-0.08,33
2018-01-03,3322,83002,817138,9.97,9.97,9.8,9.82,0.0,35
2018-01-04,3322,77691,755860,9.8,9.89,9.66,9.89,0.07,46
2018-01-05,3322,67231,654031,9.8,9.81,9.66,9.79,-0.1,33
2018-01-08,3322,169204,1619387,9.66,9.73,9.5,9.71,-0.08,79
2018-01-09,3322,69500,661059,9.51,9.67,9.48,9.49,-0.22,40
2018-01-10,3322,88130,819892,9.5,9.5,9.16,9.16,-0.33,56
2018-01-11,3322,265367,2340321,9.01,9.01,8.58,8.94,-0.22,124
2018-01-12,3322,135001,1214129,8.93,9.18,8.93,9.12,0.18,40
2018-01-15,3322,196737,1752184,9.11,9.11,8.81,8.9,-0.22,65
2018-01-16,3322,127000,1121790,8.9,8.9,8.8,8.86,-0.04,56
2018-01-17,3322,145053,1267572,8.8,8.82,8.71,8.81,-0.05,73
2018-01-18,3322,240130,2163854,8.83,9.21,8.78,9.21,0.4,95
2018-01-19,3322,119009,1089821,9.25,9.25,9.05,9.05,-0.16,43
2018-01-22,3322,107209,957359,9.06,9.06,8.89,8.92,-0.13,58
2018-01-23,3322,115156,1026957,8.92,8.99,8.9,8.9,-0.02,45
2018-01-24,3322,81026,720758,8.86,8.98,8.85,8.86,-0.04,65
2018-01-25,3322,159014,1391627,8.86,8.86,8.71,8.85,-0.01,63
2018-01-26,3322,53013,470598,8.8,9.0,8.8,8.85,0.0,35
2018-01-29,3322,51008,452768,8.9,8.9,8.85,8.85,0.0,28
2018-01-30,3322,196104,1709579,8.85,8.85,8.68,8.78,-0.07,60
2018-01-31,3322,33112,290108,8.7,8.99,8.7,8.97,0.19,26
2018-02-01,3322,69009,605124,8.76,8.86,8.63,8.81,-0.16,37
2018-02-02,3322,26003,229134,8.79,8.88,8.77,8.85,0.04,21
2018-02-05,3322,129011,1103068,8.25,8.73,8.25,8.6,-0.25,57
2018-02-06,3322,168321,1434781,8.41,8.9,8.25,8.89,0.29,66
2018-02-07,3322,83007,715868,8.8,8.98,8.5,8.51,-0.38,47
2018-02-08,3322,72008,632618,8.92,8.92,8.6,8.66,0.15,41
2018-02-09,3322,97004,818662,8.6,8.6,8.33,8.6,-0.06,46
2018-02-12,3322,89004,764772,8.76,8.78,8.47,8.47,-0.13,32
2018-02-21,3322,84020,718003,8.77,8.77,8.5,8.55,0.08,43
2018-02-22,3322,45009,386492,8.6,8.7,8.54,8.67,0.12,31
2018-02-23,3322,77171,662039,8.67,8.69,8.48,8.69,0.02,42
2018-02-26,3322,457195,4282631,8.7,9.55,8.7,9.55,0.86,150
2018-02-27,3322,751046,7546558,10.0,10.4,9.8,9.9,0.35,348
2018-03-01,3322,129100,1262683,10.0,10.0,9.6,9.73,-0.17,75
2018-03-02,3322,95041,912922,9.78,9.8,9.5,9.8,0.07,67
2018-03-05,3322,140143,1382684,9.99,10.0,9.66,9.66,-0.14,93
2018-03-06,3322,68018,657643,9.7,9.7,9.62,9.66,0.0,39
2018-03-07,3322,25065,239195,9.79,9.79,9.42,9.65,-0.01,31
2018-03-08,3322,80012,765362,9.78,9.78,9.44,9.57,-0.08,38
2018-03-09,3322,43017,416051,9.6,9.78,9.6,9.78,0.21,32
2018-03-12,3322,58065,560943,9.82,9.82,9.55,9.55,-0.23,59
2018-03-13,3322,94024,902762,9.56,9.81,9.5,9.56,0.01,47
2018-03-14,3322,25124,239181,9.56,9.59,9.5,9.59,0.03,27
2018-03-15,3322,128010,1246992,9.59,9.82,9.59,9.62,0.03,55
2018-03-16,3322,99342,965591,9.89,9.89,9.65,9.7,0.08,59
2018-03-19,3322,57104,554876,9.8,9.8,9.65,9.8,0.1,87
2018-03-20,3322,21027,202617,9.79,9.79,9.6,9.75,-0.05,25
2018-03-21,3322,28054,272717,9.88,9.88,9.7,9.7,-0.05,44
2018-03-22,3322,67048,634782,9.61,9.69,9.16,9.16,-0.54,72
2018-03-23,3322,148058,1331192,9.16,9.19,8.91,9.1,-0.06,114
2018-03-26,3322,60050,534772,8.9,9.03,8.85,8.89,-0.21,86
2018-03-27,3322,60011,536638,9.03,9.03,8.85,8.85,-0.04,37
2018-03-28,3322,53044,467900,8.78,9.03,8.65,8.79,-0.06,66
2018-03-29,3322,56005,496452,8.85,9.02,8.71,8.8,0.01,27
2018-03-30,3322,21012,186338,8.81,8.97,8.81,8.95,0.15,26
2018-03-31,3322,70007,612007,8.95,8.95,8.6,8.9,-0.05,34
2018-04-02,3322,59052,509139,8.77,8.77,8.6,8.7,-0.2,80
2018-04-03,3322,27020,235933,8.7,8.91,8.66,8.66,-0.04,38
2018-04-09,3322,43111,375800,8.66,8.95,8.61,8.95,0.29,98
2018-04-10,3322,77017,673206,8.95,8.95,8.61,8.88,-0.07,52
2018-04-11,3322,83055,719304,8.87,9.15,8.6,8.62,-0.26,82
2018-04-12,3322,41004,354232,8.7,8.7,8.61,8.63,0.01,21
2018-04-13,3322,19023,163707,8.47,8.64,8.47,8.62,-0.01,33
2018-04-16,3322,54130,456828,8.4,8.72,8.36,8.6,-0.02,40
2018-04-17,3322,38209,329826,8.6,8.7,8.59,8.63,0.03,22
2018-04-18,3322,64327,548669,8.63,8.7,8.48,8.7,0.07,32
2018-04-19,3322,42002,357816,8.7,8.7,8.42,8.69,-0.01,29
2018-04-20,3322,75750,634833,8.33,8.45,8.33,8.4,-0.29,29
2018-04-23,3322,40677,342975,8.4,8.5,8.4,8.5,0.1,33
2018-04-24,3322,8013,68990,8.65,8.65,8.58,8.58,0.08,7
2018-04-25,3322,25000,211370,8.42,8.57,8.4,8.4,-0.18,19
2018-04-26,3322,119001,994388,8.45,8.45,8.28,8.29,-0.11,35
2018-04-27,3322,78001,637758,8.3,8.39,8.08,8.39,0.1,39
2018-04-30,3322,5393,46139,8.56,8.56,8.56,8.56,0.17,9
2018-05-02,3322,25015,208743,8.5,8.5,8.3,8.5,-0.06,25
2018-05-03,3322,36001,300138,8.4,8.46,8.3,8.45,-0.05,26
2018-05-04,3322,16000,132790,8.3,8.4,8.23,8.4,-0.05,11
2018-05-07,3322,28114,231584,8.29,8.3,8.21,8.21,-0.19,26
2018-05-08,3322,67195,554048,8.2,8.3,8.2,8.2,-0.01,16
2018-05-09,3322,50002,410996,8.19,8.31,8.19,8.3,0.1,26
2018-05-10,3322,59011,485451,8.25,8.3,8.2,8.3,0.0,20
2018-05-11,3322,25004,206192,8.26,8.26,8.24,8.25,-0.05,11
2018-05-14,3322,121003,959734,8.05,8.74,7.75,8.2,-0.05,48
2018-05-15,3322,15001,120798,7.95,8.19,7.95,7.96,-0.24,12
2018-05-16,3322,133000,1037790,7.86,7.86,7.74,7.74,-0.22,38
2018-05-17,3322,40000,311580,7.86,7.86,7.75,7.77,0.03,19
2018-05-18,3322,7003,54831,7.77,7.89,7.77,7.86,0.09,10
2018-05-21,3322,15001,116867,7.81,7.81,7.75,7.8,-0.06,11
2018-05-22,3322,67002,518395,7.8,7.8,7.68,7.79,-0.01,20
2018-05-23,3322,51000,396770,7.79,7.97,7.56,7.97,0.18,25
2018-05-24,3322,51001,392587,7.7,7.96,7.64,7.96,-0.01,23
2018-05-25,3322,28002,218355,7.96,7.96,7.7,7.9,-0.06,20
2018-05-28,3322,54100,417266,7.84,7.84,7.65,7.79,-0.11,30
2018-05-29,3322,56001,425427,7.8,7.8,7.56,7.64,-0.15,30
2018-05-30,3322,52001,399067,7.69,7.7,7.64,7.7,0.06,20
2018-05-31,3322,88039,745690,8.47,8.47,8.47,8.47,0.77,46
2018-06-01,3322,106880,995052,9.31,9.31,9.31,9.31,0.84,46
2018-06-04,3322,1845003,18628304,10.2,10.2,9.73,10.0,0.69,525
2018-06-05,3322,561011,5524217,9.81,9.98,9.78,9.81,-0.19,193
2018-06-06,3322,559012,5362485,9.61,9.89,9.5,9.6,-0.21,166
2018-06-07,3322,623535,5794004,9.7,9.7,9.0,9.17,-0.43,188
2018-06-08,3322,188344,1689131,9.17,9.17,8.9,8.99,-0.18,79
2018-06-11,3322,81002,735068,9.06,9.15,9.0,9.13,0.14,53
2018-06-12,3322,171027,1562888,9.25,9.3,9.04,9.16,0.03,71
2018-06-13,3322,172051,1582919,9.38,9.4,9.1,9.11,-0.05,69
2018-06-14,3322,70040,635314,9.11,9.25,9.04,9.15,0.04,27
2018-06-15,3322,38405,350355,9.17,9.17,9.03,9.15,0.0,26
2018-06-19,3322,51000,463810,9.0,9.18,9.0,9.09,-0.06,23
2018-06-20,3322,72065,654855,9.2,9.2,9.03,9.05,-0.04,39
2018-06-21,3322,68001,616479,9.06,9.14,9.05,9.14,0.09,30
2018-06-22,3322,49000,443240,9.1,9.1,9.02,9.03,-0.11,18
2018-06-25,3322,56001,505659,9.03,9.15,8.9,9.01,-0.02,28
2018-06-26,3322,59002,530928,9.18,9.18,8.98,9.0,-0.01,29
2018-06-27,3322,87182,774602,9.0,9.05,8.7,8.7,-0.3,42
2018-06-28,3322,131001,1127478,8.65,8.82,8.48,8.64,-0.06,68
2018-06-29,3322,63117,540546,8.5,8.62,8.5,8.62,-0.02,30
2018-07-02,3322,33088,282085,8.62,8.62,8.5,8.5,-0.12,19
2018-07-03,3322,22040,186641,8.49,8.6,8.4,8.4,-0.1,18
2018-07-04,3322,34001,285428,8.41,8.41,8.33,8.33,-0.07,17
2018-07-05,3322,115034,1011528,9.15,9.15,8.54,8.54,0.21,44
2018-07-06,3322,81003,680124,8.54,8.54,8.3,8.54,0.0,36
2018-07-09,3322,73007,608526,8.42,8.42,8.28,8.28,-0.26,32
2018-07-10,3322,34484,287266,8.43,8.43,8.27,8.41,0.13,23
2018-07-11,3322,15001,125868,8.21,8.48,8.21,8.41,0.0,10
2018-07-12,3322,7013,58907,8.4,8.4,8.4,8.4,-0.01,3
2018-07-13,3322,74364,620911,8.44,8.44,8.32,8.38,-0.02,33
2018-07-16,3322,44004,375022,8.35,8.68,8.35,8.68,0.3,35
2018-07-17,3322,20300,172667,8.36,8.67,8.36,8.66,-0.02,16
2018-07-18,3322,30000,257450,8.6,8.6,8.47,8.6,-0.06,14
2018-07-19,3322,37001,312388,8.6,8.6,8.39,8.39,-0.21,19
2018-07-20,3322,13004,108902,8.39,8.39,8.35,8.35,-0.04,12
2018-07-23,3322,5002,41786,8.36,8.36,8.35,8.35,0.0,4
2018-07-24,3322,38000,318150,8.37,8.58,8.36,8.58,0.23,8
2018-07-25,3322,56513,478789,8.58,8.6,8.42,8.45,-0.13,29
2018-07-26,3322,13000,109730,8.41,8.45,8.41,8.43,-0.02,10
2018-07-27,3322,76000,644140,8.41,8.68,8.38,8.6,0.17,28
2018-07-30,3322,116000,1016160,9.12,9.12,8.68,8.7,0.1,37
2018-07-31,3322,14001,122308,8.68,8.85,8.65,8.85,0.15,14
2018-08-01,3322,86001,766918,8.83,9.0,8.78,8.88,0.03,25
2018-08-02,3322,171011,1546469,8.89,9.3,8.8,9.19,0.31,60
2018-08-03,3322,1178261,11276874,9.2,10.1,9.05,10.1,0.91,280
2018-08-06,3322,721299,7281589,10.1,10.6,9.72,10.4,0.3,220
2018-08-07,3322,770002,7927990,10.6,10.9,9.97,10.1,-0.3,198
2018-08-08,3322,200595,1974114,10.05,10.1,9.7,9.7,-0.4,82
2018-08-09,3322,290336,2834367,9.7,9.93,9.7,9.89,0.19,70
2018-08-10,3322,174069,1728089,9.86,10.0,9.8,9.86,-0.03,95
2018-08-13,3322,255000,2388660,9.75,9.75,9.0,9.32,-0.54,96
2018-08-14,3322,37001,342019,9.29,9.32,9.08,9.2,-0.12,24
2018-08-15,3322,48001,434379,9.2,9.2,8.89,9.2,0.0,31
2018-08-16,3322,202000,1701350,8.33,8.8,8.28,8.79,-0.41,97
2018-08-17,3322,24000,207920,8.59,8.77,8.59,8.77,-0.02,17
2018-08-20,3322,74338,636816,8.65,8.76,8.5,8.58,-0.19,29
2018-08-21,3322,58002,498348,8.58,8.75,8.54,8.75,0.17,24
2018-08-22,3322,45285,387121,8.59,8.6,8.51,8.6,-0.15,26
2018-08-23,3322,23000,194330,8.33,8.51,8.33,8.5,-0.1,13
2018-08-24,3322,29001,246408,8.5,8.59,8.48,8.59,0.09,13
2018-08-27,3322,25002,213916,8.55,8.68,8.52,8.68,0.09,10
2018-08-28,3322,16004,138452,8.52,8.77,8.52,8.77,0.09,15
2018-08-29,3322,65402,565497,8.6,9.0,8.55,8.7,-0.07,29
2018-08-30,3322,66350,571721,8.57,8.7,8.55,8.7,0.0,31
2018-08-31,3322,13053,113995,8.62,8.9,8.62,8.9,0.2,9
2018-09-03,3322,25003,223346,8.9,8.99,8.89,8.99,0.09,8
2018-09-04,3322,27001,242019,8.94,9.1,8.89,9.1,0.11,19
2018-09-05,3322,39052,349331,9.0,9.05,8.9,9.0,-0.1,24
2018-09-06,3322,45001,397939,8.83,8.93,8.76,8.93,-0.07,19
2018-09-07,3322,29000,256350,8.89,8.89,8.75,8.89,-0.04,14
2018-09-10,3322,65009,555607,8.63,8.63,8.48,8.6,-0.29,34
2018-09-11,3322,80001,684418,8.6,8.79,8.5,8.7,0.1,37
2018-09-12,3322,48012,411021,8.89,8.89,8.41,8.51,-0.19,26
2018-09-13,3322,112001,955138,8.6,8.7,8.5,8.55,0.04,36
2018-09-14,3322,11026,95253,8.56,8.7,8.56,8.7,0.15,12
2018-09-17,3322,28065,245653,8.71,8.99,8.7,8.71,0.01,21
2018-09-18,3322,33026,289845,8.72,8.97,8.7,8.96,0.25,27
2018-09-19,3322,62005,562735,8.97,9.15,8.97,9.05,0.09,41
2018-09-20,3322,58027,523203,9.05,9.1,8.82,9.1,0.05,29
2018-09-21,3322,444412,4166597,9.1,9.85,9.0,9.82,0.72,251
2018-09-25,3322,208002,1990108,9.75,9.75,9.4,9.4,-0.42,118
2018-09-26,3322,67365,623030,9.29,9.34,9.19,9.34,-0.06,37
2018-09-27,3322,88000,822820,9.32,9.42,9.21,9.21,-0.13,29
2018-09-28,3322,47000,427350,9.16,9.16,9.02,9.02,-0.19,23
2018-10-01,3322,12027,109295,9.1,9.12,9.03,9.12,0.1,11
2018-10-02,3322,34011,306850,9.01,9.03,9.01,9.01,-0.11,17
2018-10-03,3322,52179,470241,9.0,9.1,9.0,9.1,0.09,21
2018-10-04,3322,8002,72018,9.0,9.0,9.0,9.0,-0.1,6
2018-10-05,3322,87400,755948,8.72,8.86,8.52,8.68,-0.32,49
2018-10-08,3322,20007,173706,8.68,8.71,8.68,8.7,0.02,19
2018-10-09,3322,120156,1025777,9.2,9.2,8.4,8.78,0.08,45
2018-10-11,3322,122005,1014440,8.29,8.77,8.0,8.76,-0.02,78
2018-10-12,3322,82004,698722,8.41,8.79,8.4,8.79,0.03,54
2018-10-15,3322,23007,198458,8.79,8.79,8.51,8.69,-0.1,22
2018-10-16,3322,49003,422634,8.61,8.7,8.51,8.7,0.01,25
2018-10-17,3322,62003,534254,8.61,8.75,8.6,8.7,0.0,31
2018-10-18,3322,38002,327767,8.69,8.74,8.51,8.55,-0.15,18
2018-10-19,3322,31001,265468,8.55,8.65,8.51,8.59,0.04,16
2018-10-22,3322,38016,324745,8.4,8.6,8.4,8.6,0.01,23
2018-10-23,3322,34579,295340,8.53,8.65,8.45,8.6,0.0,18
2018-10-24,3322,16003,137605,8.6,8.61,8.5,8.61,0.01,11
2018-10-25,3322,24009,201823,8.33,8.6,8.33,8.55,-0.06,21
2018-10-26,3322,116223,968652,8.37,8.57,8.0,8.57,0.02,55
2018-10-29,3322,44010,375473,8.57,8.6,8.5,8.6,0.03,27
2018-10-30,3322,38019,325453,8.6,8.72,8.42,8.72,0.12,21
2018-10-31,3322,22065,193855,8.68,8.84,8.68,8.72,0.0,15
2018-11-01,3322,9000,78950,8.83,8.84,8.75,8.76,0.04,7
2018-11-02,3322,32000,286230,8.9,9.0,8.8,8.88,0.12,12
2018-11-05,3322,51007,439877,8.6,8.74,8.51,8.65,-0.23,31
2018-11-06,3322,59001,501678,8.79,8.79,8.4,8.62,-0.03,33
2018-11-07,3322,25570,222980,8.78,8.8,8.55,8.7,0.08,26
2018-11-08,3322,350000,3228240,9.4,9.4,8.85,9.15,0.45,142
2018-11-09,3322,64000,582260,9.1,9.4,8.96,9.12,-0.03,37
2018-11-12,3322,63001,573569,9.12,9.32,9.05,9.05,-0.07,30
2018-11-13,3322,124002,1141268,9.1,9.39,9.03,9.39,0.34,54
2018-11-14,3322,127001,1193040,9.39,9.42,9.32,9.4,0.01,45
2018-11-15,3322,371068,3656690,10.0,10.0,9.65,9.88,0.48,163
2018-11-16,3322,287020,2844385,9.95,10.0,9.82,9.91,0.03,140
2018-11-19,3322,104101,1028573,9.97,9.97,9.78,9.84,-0.07,56
2018-11-20,3322,2297151,23670488,9.89,10.8,9.84,10.8,0.96,691
2018-11-21,3322,3539359,39192438,11.1,11.55,10.4,10.8,0.0,1510
2018-11-22,3322,1204250,12582273,10.9,10.9,10.1,10.15,-0.65,526
2018-11-23,3322,589000,5956020,10.15,10.35,9.93,9.96,-0.19,217
2018-11-26,3322,482062,4805262,9.89,10.15,9.89,9.99,0.03,174
2018-11-27,3322,449005,4579000,10.1,10.35,10.0,10.1,0.11,190
2018-11-28,3322,295001,2970690,10.1,10.3,9.95,10.0,-0.1,123
2018-11-29,3322,342099,3429540,10.1,10.15,9.95,9.99,-0.01,106
2018-11-30,3322,140001,1402599,10.1,10.1,9.97,9.98,-0.01,71
2018-12-03,3322,691006,7121560,10.15,10.5,10.15,10.3,0.32,244
2018-12-04,3322,339012,3496270,10.3,10.4,10.2,10.25,-0.05,134
2018-12-05,3322,684047,7137194,9.98,10.7,9.96,10.45,0.2,276
2018-12-06,3322,5729137,65379063,10.5,11.45,10.5,11.45,1.0,1250
2018-12-07,3322,9648761,118008650,12.55,12.55,11.9,12.0,0.55,3288
2018-12-10,3322,4445354,53568998,11.85,12.45,11.65,12.1,0.1,1840
2018-12-11,3322,5904706,73967410,12.4,12.95,12.1,12.1,0.0,2412
2018-12-12,3322,2652550,32952164,12.4,12.65,12.25,12.3,0.2,1116
2018-12-13,3322,1789660,22064033,12.65,12.65,12.1,12.15,-0.15,676
2018-12-14,3322,2038053,24928500,12.25,12.55,11.8,12.4,0.25,868
2018-12-17,3322,1723151,21415026,12.65,12.65,12.2,12.2,-0.2,626
2018-12-18,3322,1247500,14959800,12.05,12.3,11.7,12.05,-0.15,457
2018-12-19,3322,1330977,15737275,12.05,12.15,11.7,11.7,-0.35,480
2018-12-20,3322,984283,11357738,11.7,11.75,11.3,11.35,-0.35,359
2018-12-21,3322,861078,9899965,11.3,11.8,11.2,11.7,0.35,337
2018-12-22,3322,544002,6295722,11.7,11.7,11.4,11.6,-0.1,180
2018-12-24,3322,3267171,40929726,11.6,12.75,11.6,12.75,1.15,1113
2018-12-25,3322,4662665,57912468,12.7,12.9,12.0,12.05,-0.7,1560
2018-12-26,3322,922287,11152894,11.85,12.3,11.85,12.05,0.0,438
2018-12-27,3322,2020276,25347391,12.45,12.75,12.3,12.4,0.35,847
2018-12-28,3322,11865645,160100962,12.6,13.6,12.55,13.6,1.2,3237
2019-01-02,3322,12427497,173210001,14.2,14.65,13.4,14.5,0.9,5039
2019-01-03,3322,7460572,105268224,14.25,14.6,13.65,13.7,-0.8,3194
2019-01-04,3322,3475431,46275320,13.55,13.55,12.9,13.3,-0.4,1618
2019-01-07,3322,3549079,48928012,13.7,14.05,13.55,13.55,0.25,1570
2019-01-08,3322,1589494,21214618,13.5,13.55,13.2,13.4,-0.15,786
2019-01-09,3322,1714131,22937028,13.6,13.75,13.2,13.25,-0.15,755
2019-01-10,3322,1266005,16885961,13.1,13.55,13.05,13.35,0.1,662
2019-01-11,3322,4842663,66258129,13.7,14.1,13.4,13.45,0.1,2056
2019-01-14,3322,1815416,24063750,13.45,13.55,13.15,13.25,-0.2,764
2019-01-15,3322,1249822,16453116,13.35,13.35,13.1,13.2,-0.05,494
2019-01-16,3322,1667515,22507445,13.3,13.65,13.2,13.5,0.3,856
2019-01-17,3322,972413,13030719,13.65,13.65,13.25,13.25,-0.25,419
2019-01-18,3322,810143,10814736,13.35,13.5,13.25,13.3,0.05,352
2019-01-21,3322,1824130,24671498,13.5,13.8,13.25,13.6,0.3,802
2019-01-22,3322,1913542,25880898,13.6,13.85,13.25,13.25,-0.35,808
2019-01-23,3322,1237312,16562876,13.25,13.55,13.2,13.45,0.2,532
2019-01-24,3322,5777548,79994406,13.7,14.0,13.65,13.7,0.25,2224
2019-01-25,3322,4076873,56884532,13.7,14.2,13.65,14.2,0.5,1381
2019-01-28,3322,13490230,199033616,14.4,15.5,13.8,13.8,-0.4,5600
2019-01-29,3322,2507698,34008960,13.7,13.8,13.4,13.45,-0.35,1089
2019-01-30,3322,3264228,43641346,13.6,13.7,13.15,13.2,-0.25,1220
2019-02-11,3322,1326246,17587363,13.35,13.4,13.15,13.25,0.05,565
2019-02-12,3322,1118093,14741714,13.25,13.35,13.1,13.25,0.0,483
2019-02-13,3322,1670600,22365805,13.35,13.55,13.3,13.35,0.1,571
2019-02-14,3322,999123,13357885,13.4,13.45,13.25,13.35,0.0,378
2019-02-15,3322,2941621,37771779,13.35,13.35,12.35,13.1,-0.25,1102
2019-02-18,3322,1751232,22553211,13.1,13.25,12.65,12.7,-0.4,641
2019-02-19,3322,904100,11621863,12.65,13.0,12.65,12.8,0.1,349
2019-02-20,3322,969044,12439290,12.8,12.95,12.75,12.85,0.05,441
2019-02-21,3322,734019,9440129,12.95,12.95,12.8,12.8,-0.05,281
2019-02-22,3322,618231,7883474,12.8,12.85,12.65,12.8,0.0,254
2019-02-25,3322,1258056,15879478,12.8,12.8,12.55,12.55,-0.25,537
2019-02-26,3322,1482460,19086167,12.6,13.05,12.6,12.85,0.3,586
2019-02-27,3322,790527,10030776,12.85,12.9,12.6,12.6,-0.25,352
2019-03-04,3322,515050,6492956,12.75,12.75,12.5,12.6,0.0,277
2019-03-05,3322,959137,12193270,12.65,12.8,12.6,12.75,0.15,364
2019-03-06,3322,828260,10474992,12.75,12.75,12.55,12.55,-0.2,369
2019-03-07,3322,1033033,12828796,12.65,12.65,12.35,12.35,-0.2,425
2019-03-08,3322,709045,8693590,12.35,12.35,12.15,12.25,-0.1,338
2019-03-11,3322,753043,9204966,12.35,12.35,12.15,12.2,-0.05,311
2019-03-12,3322,656527,8085421,12.3,12.45,12.2,12.25,0.05,267
2019-03-13,3322,7141386,90027298,12.25,12.8,12.25,12.75,0.5,1565
2019-03-14,3322,2610717,33339703,12.75,12.95,12.55,12.65,-0.1,1038
2019-03-15,3322,1351019,17014181,12.75,12.85,12.45,12.45,-0.2,544
2019-03-18,3322,926033,11527596,12.5,12.6,12.35,12.35,-0.1,417
2019-03-19,3322,3162412,39855262,12.55,12.75,12.5,12.55,0.2,896
2019-03-20,3322,2538833,31624920,12.55,12.7,12.3,12.35,-0.2,661
2019-03-21,3322,1126519,13932603,12.4,12.4,12.3,12.35,0.0,353
2019-03-22,3322,3023774,36788756,12.25,12.35,12.1,12.15,-0.2,767
2019-03-25,3322,3183365,36639875,12.0,12.0,11.05,11.25,-0.9,1287
2019-03-26,3322,820559,9286089,11.45,11.45,11.2,11.3,0.05,390
2019-03-27,3322,493744,5555117,11.4,11.45,11.15,11.2,-0.1,256
2019-03-28,3322,886970,9792970,11.3,11.3,10.9,10.95,-0.25,402
2019-03-29,3322,1085253,11643018,10.95,11.0,10.6,10.7,-0.25,511
2019-04-01,3322,1536653,17189193,10.8,11.4,10.8,11.15,0.45,720
2019-04-02,3322,724194,8149267,11.3,11.45,11.1,11.1,-0.05,352
2019-04-03,3322,513424,5765806,11.15,11.35,11.1,11.25,0.15,252
2019-04-08,3322,842851,9417144,11.3,11.3,11.1,11.1,-0.15,370
2019-04-09,3322,529652,5908505,11.2,11.2,11.1,11.15,0.05,214
2019-04-10,3322,351153,3925742,11.25,11.3,11.15,11.15,0.0,259
2019-04-11,3322,542171,6049146,11.25,11.25,11.05,11.15,0.0,189
2019-04-12,3322,519443,5771890,11.1,11.2,11.0,11.0,-0.15,174
2019-04-15,3322,563639,6150094,11.1,11.15,10.85,10.85,-0.15,220
2019-04-16,3322,480104,5276344,10.95,11.1,10.85,11.0,0.15,210
2019-04-17,3322,694178,7719493,11.1,11.2,11.05,11.1,0.1,230
2019-04-18,3322,4018679,46161776,11.15,11.9,11.1,11.8,0.7,1424
2019-04-19,3322,4933903,59476429,11.85,12.3,11.6,12.1,0.3,1889
2019-04-22,3322,1669552,19713801,12.3,12.3,11.55,11.6,-0.5,691
2019-04-23,3322,622003,7143033,11.6,11.65,11.3,11.45,-0.15,289
2019-04-24,3322,503114,5741204,11.45,11.5,11.35,11.45,0.0,186
2019-04-25,3322,281002,3213372,11.45,11.5,11.4,11.4,-0.05,115
2019-04-26,3322,440030,5006991,11.4,11.5,11.25,11.4,0.0,134
2019-04-29,3322,746001,8242960,11.45,11.5,10.85,10.9,-0.5,306
2019-04-30,3322,377002,4087870,10.85,11.0,10.75,11.0,0.1,171
2019-05-02,3322,486073,5462071,10.9,11.4,10.9,11.4,0.4,240
2019-05-03,3322,3093501,36461908,11.55,12.05,11.45,11.85,0.45,1320
2019-05-06,3322,839146,9657799,11.65,11.65,11.3,11.4,-0.45,310
2019-05-07,3322,478001,5553411,11.4,11.8,11.4,11.5,0.1,209
2019-05-08,3322,326002,3749572,11.35,11.75,11.35,11.4,-0.1,174
2019-05-09,3322,926745,10188268,11.4,11.45,10.65,10.95,-0.45,325
2019-05-10,3322,1277681,13566849,10.8,10.95,10.35,10.4,-0.55,453
2019-05-13,3322,1533001,15408399,10.4,10.4,9.73,9.75,-0.65,468
2019-05-14,3322,504002,4913370,9.58,9.93,9.42,9.9,0.15,212
2019-05-15,3322,574003,5676627,9.9,10.05,9.78,9.79,-0.11,283
2019-05-16,3322,333066,3235956,9.9,9.9,9.53,9.53,-0.26,156
2019-05-17,3322,1091000,10119600,9.67,9.67,9.02,9.07,-0.46,400
2019-05-20,3322,690003,6232437,8.91,9.16,8.91,9.08,0.01,238
2019-05-21,3322,383015,3471175,9.03,9.18,8.95,9.09,0.01,149
2019-05-22,3322,269003,2470927,9.11,9.25,9.11,9.13,0.04,129
2019-05-23,3322,305001,2766059,9.12,9.19,8.99,9.06,-0.07,145
2019-05-24,3322,265081,2405626,9.09,9.14,9.02,9.02,-0.04,91
2019-05-27,3322,376299,3388351,9.02,9.05,8.98,9.0,-0.02,120
2019-05-28,3322,352000,3158030,9.01,9.01,8.81,8.96,-0.04,131
2019-05-29,3322,87002,779617,8.95,9.0,8.91,9.0,0.04,53
2019-05-30,3322,262203,2377033,9.01,9.13,9.0,9.08,0.08,76
2019-05-31,3322,329002,2989848,9.2,9.2,9.05,9.05,-0.03,114
2019-06-03,3322,223000,1995630,9.0,9.01,8.92,8.93,-0.12,110
2019-06-04,3322,346100,3118246,8.93,9.22,8.91,8.98,0.05,136
2019-06-05,3322,171002,1537336,9.04,9.05,8.93,8.95,-0.03,81
2019-06-06,3322,457012,4030734,8.95,8.95,8.71,8.8,-0.15,184
2019-06-10,3322,135251,1200057,8.81,8.97,8.81,8.83,0.03,61
2019-06-11,3322,230002,2029866,8.99,8.99,8.76,8.8,-0.03,119
2019-06-12,3322,141000,1240560,8.88,8.88,8.76,8.82,0.02,59
2019-06-13,3322,104002,914966,8.82,8.83,8.76,8.8,-0.02,60
2019-06-14,3322,179001,1567848,8.8,8.8,8.71,8.71,-0.09,95
2019-06-17,3322,97016,844127,8.71,8.75,8.66,8.69,-0.02,53
2019-06-18,3322,539001,4594948,8.67,8.67,8.41,8.45,-0.24,229
2019-06-19,3322,345015,2929566,8.45,8.52,8.45,8.52,0.07,132
2019-06-20,3322,292499,2512570,8.71,8.71,8.52,8.63,0.11,113
2019-06-21,3322,293226,2511515,8.63,8.64,8.5,8.63,0.0,105
2019-06-24,3322,226900,1947764,8.63,8.68,8.53,8.68,0.05,97
2019-06-25,3322,140013,1204261,8.68,8.68,8.53,8.66,-0.02,56
2019-06-26,3322,152065,1304838,8.66,8.67,8.52,8.66,0.0,68
2019-06-27,3322,154001,1329158,8.72,8.72,8.58,8.68,0.02,70
2019-06-28,3322,259000,2241790,8.67,8.73,8.6,8.67,-0.01,65
2019-07-01,3322,283002,2468386,8.72,8.79,8.7,8.75,0.08,88
2019-07-02,3322,191002,1678716,8.75,8.87,8.71,8.75,0.0,116
2019-07-03,3322,92015,806749,8.75,8.8,8.73,8.8,0.05,50
2019-07-04,3322,175002,1561756,8.8,8.99,8.8,8.89,0.09,85
2019-07-05,3322,952101,8730629,8.91,9.48,8.89,9.3,0.41,433
2019-07-08,3322,415002,3863608,9.55,9.55,9.15,9.16,-0.14,217
2019-07-09,3322,283000,2590760,9.12,9.24,9.11,9.24,0.08,101
2019-07-10,3322,178001,1628669,9.24,9.24,9.1,9.2,-0.04,104
2019-07-11,3322,337042,3063341,9.11,9.15,9.05,9.14,-0.06,114
2019-07-12,3322,146000,1326860,9.14,9.14,9.05,9.14,0.0,59
2019-07-15,3322,70976,648607,9.15,9.15,9.06,9.14,0.0,23
2019-07-16,3322,178002,1616198,9.08,9.14,9.05,9.08,-0.06,70
2019-07-17,3322,60496,548934,9.07,9.1,9.06,9.06,-0.02,37
2019-07-18,3322,156004,1419676,9.06,9.28,9.04,9.16,0.1,82
2019-07-19,3322,128026,1160695,9.1,9.1,9.04,9.1,-0.06,60
2019-07-22,3322,215138,1957095,9.05,9.15,9.03,9.13,0.03,95
2019-07-23,3322,946517,8756617,9.15,9.33,9.1,9.23,0.1,248
2019-07-24,3322,220130,2035356,9.34,9.35,9.15,9.15,-0.08,99
2019-07-25,3322,224166,2053167,9.15,9.22,9.1,9.11,-0.04,87
2019-07-26,3322,137003,1241387,9.11,9.11,9.01,9.09,-0.02,58
2019-07-29,3322,213102,1941604,9.02,9.18,9.01,9.18,0.09,76
2019-07-30,3322,1809002,16873798,9.14,9.47,9.14,9.23,0.05,423
2019-07-31,3322,138003,1260147,9.27,9.27,9.1,9.12,-0.11,86
2019-08-01,3322,189001,1717929,9.12,9.17,9.03,9.04,-0.08,75
2019-08-02,3322,187000,1683890,9.02,9.04,8.97,8.99,-0.05,71
2019-08-05,3322,420007,3686048,8.96,8.96,8.72,8.72,-0.27,125
2019-08-06,3322,359003,3016434,8.5,8.5,8.3,8.4,-0.32,153
2019-08-07,3322,200007,1679888,8.63,8.63,8.3,8.32,-0.08,83
2019-08-08,3322,56002,473366,8.32,8.5,8.32,8.48,0.16,29
2019-08-12,3322,177001,1506528,8.45,8.62,8.43,8.59,0.11,76
2019-08-13,3322,135002,1150026,8.59,8.61,8.5,8.5,-0.09,48
2019-08-14,3322,85036,722964,8.51,8.55,8.47,8.48,-0.02,43
2019-08-15,3322,2008003,17350064,8.35,8.79,8.35,8.44,-0.04,326
2019-08-16,3322,93000,794040,8.49,8.6,8.49,8.6,0.16,52
2019-08-19,3322,338005,2998353,8.82,8.98,8.75,8.96,0.36,252
2019-08-20,3322,261000,2385060,9.19,9.2,9.04,9.1,0.14,161
2019-08-21,3322,76001,688559,9.14,9.14,9.0,9.0,-0.1,48
2019-08-22,3322,49001,439318,9.0,9.1,8.88,8.9,-0.1,35
2019-08-23,3322,92100,812302,9.08,9.08,8.79,8.79,-0.11,41
2019-08-26,3322,112001,964208,8.7,8.79,8.56,8.69,-0.1,46
2019-08-27,3322,109179,948184,8.69,8.78,8.66,8.69,0.0,38
2019-08-28,3322,429000,3761400,8.75,8.81,8.68,8.77,0.08,97
2019-08-29,3322,63203,549884,8.67,8.75,8.66,8.75,-0.02,35
2019-08-30,3322,72077,627098,8.75,8.85,8.62,8.75,0.0,51
2019-09-02,3322,69201,601146,8.66,8.74,8.63,8.73,-0.02,36
2019-09-03,3322,713000,6274760,8.8,8.87,8.65,8.82,0.09,125
2019-09-04,3322,95897,843970,8.85,8.85,8.76,8.8,-0.02,41
2019-09-05,3322,611017,5510788,8.85,9.18,8.82,8.82,0.02,252
2019-09-06,3322,98010,871206,8.96,9.05,8.84,8.9,0.08,40
2019-09-09,3322,77002,681836,9.0,9.0,8.81,8.9,0.0,42
2019-09-10,3322,156002,1362806,8.93,8.93,8.68,8.71,-0.19,61
2019-09-11,3322,48033,420159,8.86,8.86,8.7,8.79,0.08,29
2019-09-12,3322,65002,570526,8.8,8.8,8.75,8.8,0.01,31
2019-09-16,3322,298119,2646552,8.8,8.95,8.8,8.88,0.08,90
2019-09-17,3322,359017,3155108,8.89,8.94,8.73,8.75,-0.13,105
2019-09-18,3322,184009,1566986,8.62,8.62,8.48,8.5,0.0,72
2019-09-19,3322,104002,878726,8.5,8.5,8.42,8.49,-0.01,45
2019-09-20,3322,60006,509188,8.45,8.52,8.45,8.5,0.01,40
2019-09-23,3322,486513,4207220,8.5,8.78,8.5,8.78,0.28,115
2019-09-24,3322,5462286,50525779,8.8,9.65,8.8,9.65,0.87,1375
2019-09-25,3322,4131289,40785777,9.77,10.3,9.62,9.62,-0.03,1675
2019-09-26,3322,835218,7940600,9.61,9.88,9.32,9.42,-0.2,413
2019-09-27,3322,441000,4066450,9.44,9.45,9.11,9.17,-0.25,209
2019-10-01,3322,140065,1288757,9.39,9.39,9.13,9.22,0.05,75
2019-10-02,3322,164000,1516400,9.23,9.34,9.18,9.29,0.07,64
2019-10-03,3322,322001,2961549,9.29,9.3,9.12,9.16,-0.13,133
2019-10-04,3322,113010,1034600,9.16,9.28,9.11,9.19,0.03,65
2019-10-07,3322,924182,8608390,9.26,9.44,9.13,9.3,0.11,218
2019-10-08,3322,143000,1315670,9.39,9.39,9.08,9.17,-0.13,79
2019-10-09,3322,238182,2168360,9.18,9.25,9.04,9.18,0.01,74
2019-10-14,3322,1516065,14063185,9.25,9.4,9.09,9.18,0.0,343
2019-10-15,3322,270004,2449622,9.16,9.18,9.0,9.0,-0.18,116
2019-10-16,3322,99250,896540,9.01,9.16,8.99,9.01,0.01,56
2019-10-17,3322,67002,603718,9.0,9.1,8.99,9.05,0.04,36
2019-10-18,3322,99004,890026,9.09,9.09,8.93,9.0,-0.05,53
2019-10-21,3322,111027,986258,9.0,9.0,8.8,8.85,-0.15,64
2019-10-22,3322,325028,2920634,8.86,9.08,8.86,9.08,0.23,91
2019-10-23,3322,201073,1812893,9.09,9.1,8.9,8.9,-0.18,81
2019-10-24,3322,98013,872302,8.98,8.98,8.86,8.93,0.03,51
2019-10-25,3322,49000,434800,8.93,8.93,8.86,8.91,-0.02,27
2019-10-28,3322,78093,694296,8.91,9.07,8.81,8.89,-0.02,43
2019-10-29,3322,120007,1064413,8.85,8.95,8.83,8.95,0.06,49
2019-10-30,3322,125003,1116377,8.95,8.96,8.87,8.94,-0.01,40
2019-10-31,3322,83000,733440,8.88,8.94,8.81,8.94,0.0,31
2019-11-01,3322,83499,741041,8.98,8.98,8.85,8.94,0.0,38
2019-11-04,3322,92002,813148,8.81,8.95,8.81,8.95,0.01,45
2019-11-05,3322,224002,1978808,8.83,9.0,8.79,9.0,0.05,79
2019-11-06,3322,63213,561790,8.85,8.98,8.85,8.98,-0.02,32
2019-11-07,3322,141000,1248450,8.99,8.99,8.82,8.9,-0.08,54
2019-11-08,3322,113027,998843,8.85,8.89,8.82,8.89,-0.01,39
2019-11-11,3322,68053,600771,8.95,8.95,8.75,8.76,-0.13,43
2019-11-12,3322,117289,1023574,8.72,8.88,8.71,8.71,-0.05,57
2019-11-13,3322,138017,1199485,8.75,8.75,8.65,8.66,-0.05,55
2019-11-14,3322,118000,1006580,8.64,8.64,8.46,8.53,-0.13,49
2019-11-15,3322,37005,315952,8.55,8.55,8.53,8.53,0.0,22
2019-11-18,3322,121000,1038180,8.84,8.84,8.53,8.55,0.02,33
2019-11-19,3322,22039,187731,8.55,8.55,8.51,8.52,-0.03,12
2019-11-20,3322,37365,318072,8.52,8.6,8.44,8.6,0.08,19
2019-11-21,3322,150001,1266168,8.5,8.57,8.4,8.57,-0.03,51
2019-11-22,3322,108671,918823,8.45,8.53,8.43,8.53,-0.04,37
2019-11-25,3322,150002,1285697,8.53,8.66,8.43,8.66,0.13,53
2019-11-26,3322,120000,1025210,8.69,8.7,8.5,8.5,-0.16,54
2019-11-27,3322,47001,399928,8.51,8.56,8.49,8.5,0.0,23
2019-11-28,3322,48076,407037,8.5,8.52,8.45,8.52,0.02,28
2019-11-29,3322,119026,1016657,8.65,8.66,8.46,8.5,-0.02,52
2019-12-02,3322,80003,675054,8.5,8.54,8.41,8.48,-0.02,35
2019-12-03,3322,210000,1756690,8.42,8.45,8.32,8.35,-0.13,141
2019-12-04,3322,261004,2202732,8.35,8.55,8.35,8.45,0.1,93
2019-12-05,3322,338000,2815130,8.45,8.45,8.25,8.33,-0.12,112
2019-12-06,3322,97098,809893,8.28,8.44,8.28,8.33,0.0,42
2019-12-09,3322,185002,1549306,8.35,8.47,8.33,8.35,0.02,65
2019-12-10,3322,199001,1679198,8.35,8.57,8.32,8.41,0.06,64
2019-12-11,3322,78000,657410,8.48,8.49,8.37,8.47,0.06,35
2019-12-12,3322,306027,2557076,8.48,8.48,8.3,8.44,-0.03,100
2019-12-13,3322,195000,1622860,8.44,8.44,8.3,8.33,-0.11,66
2019-12-16,3322,82005,687550,8.4,8.43,8.31,8.39,0.06,34
2019-12-17,3322,170734,1422491,8.39,8.42,8.3,8.41,0.02,58
2019-12-18,3322,250130,2070048,8.38,8.38,8.25,8.33,-0.08,89
2019-12-19,3322,183357,1521082,8.33,8.39,8.25,8.31,-0.02,67
2019-12-20,3322,108434,900187,8.34,8.35,8.22,8.29,-0.02,42
2019-12-23,3322,214016,1767059,8.29,8.34,8.2,8.2,-0.09,77
2019-12-24,3322,309006,2535818,8.22,8.29,8.18,8.19,-0.01,68
2019-12-25,3322,140437,1151602,8.19,8.25,8.17,8.21,0.02,58
2019-12-26,3322,276010,2262380,8.2,8.27,8.18,8.2,-0.01,96
2019-12-27,3322,172003,1414634,8.2,8.28,8.19,8.2,0.0,70
2019-12-30,3322,80002,657086,8.33,8.33,8.19,8.21,0.01,36
2019-12-31,3322,128002,1048506,8.21,8.21,8.17,8.19,-0.02,39
2020-01-02,3322,174065,1422908,8.2,8.2,8.12,8.2,0.01,72
2020-01-03,3322,195484,1593720,8.2,8.2,8.08,8.12,-0.08,69
2020-01-06,3322,170279,1373312,8.13,8.13,8.02,8.02,-0.1,57
2020-01-07,3322,173226,1380595,8.02,8.05,7.91,7.94,-0.08,69
2020-01-08,3322,84300,666126,8.0,8.0,7.87,7.9,-0.04,55
2020-01-09,3322,110279,869293,7.9,7.93,7.85,7.85,-0.05,41
2020-01-10,3322,42065,331035,7.85,7.89,7.85,7.88,0.03,23
2020-01-13,3322,198003,1571631,7.89,8.08,7.89,7.89,0.01,70
2020-01-14,3322,139014,1108063,8.02,8.02,7.93,7.96,0.07,92
2020-01-15,3322,75004,597968,7.94,8.01,7.94,7.96,0.0,41
2020-01-16,3322,59417,473908,7.95,7.98,7.95,7.98,0.02,26
2020-01-17,3322,103109,813356,7.98,8.01,7.8,7.97,-0.01,51
2020-01-20,3322,42153,335182,7.98,7.98,7.91,7.98,0.01,34
2020-01-30,3322,392008,2867727,7.62,7.63,7.19,7.19,-0.79,131
2020-01-31,3322,162416,1167670,7.19,7.25,7.17,7.2,0.01,69
2020-02-03,3322,360017,2432055,7.1,7.1,6.62,6.72,-0.48,132
2020-02-04,3322,148067,1023934,6.74,7.08,6.74,7.05,0.33,62
2020-02-05,3322,112001,787147,7.1,7.1,7.0,7.0,-0.05,42
2020-02-06,3322,99002,694634,7.03,7.09,7.0,7.08,0.08,37
2020-02-07,3322,90002,627844,7.08,7.08,6.94,6.95,-0.13,37
2020-02-10,3322,188026,1333952,7.04,7.2,7.02,7.08,0.13,78
2020-02-11,3322,34039,241993,7.1,7.19,7.03,7.08,0.0,39
2020-02-12,3322,38041,271990,7.1,7.24,7.1,7.16,0.08,34
2020-02-13,3322,71022,510134,7.18,7.24,7.11,7.2,0.04,53
2020-02-14,3322,49019,352923,7.22,7.22,7.16,7.2,0.0,35
2020-02-17,3322,108026,773239,7.2,7.21,7.1,7.2,0.0,52
2020-02-18,3322,20080,144305,7.2,7.2,7.16,7.16,-0.04,51
2020-02-19,3322,72000,518120,7.16,7.28,7.15,7.19,0.03,30
2020-02-20,3322,59033,421931,7.19,7.19,7.13,7.19,0.0,62
2020-02-21,3322,26018,186577,7.25,7.25,7.15,7.15,-0.04,22
2020-02-24,3322,37014,263243,7.13,7.13,7.1,7.1,-0.05,31
2020-02-25,3322,35002,246924,7.1,7.1,7.01,7.1,0.0,25
2020-02-26,3322,98000,688050,7.03,7.09,7.0,7.09,-0.01,32
2020-02-27,3322,111005,774815,7.04,7.04,6.93,6.93,-0.16,54
2020-03-02,3322,48106,326397,6.84,6.84,6.71,6.78,-0.15,67
2020-03-03,3322,80028,551017,6.86,7.0,6.81,6.83,0.05,62
2020-03-04,3322,34019,234908,6.98,6.98,6.81,6.92,0.09,34
2020-03-05,3322,198016,1362908,6.98,6.98,6.84,6.93,0.01,80
2020-03-06,3322,62160,425748,6.87,6.89,6.84,6.84,-0.09,45
2020-03-09,3322,148008,988467,6.63,6.91,6.63,6.67,-0.17,58
2020-03-10,3322,159014,1030528,6.5,6.67,6.36,6.67,0.0,69
2020-03-11,3322,148000,965250,6.67,6.67,6.48,6.5,-0.17,67
2020-03-12,3322,353007,2177619,6.37,6.48,6.01,6.06,-0.44,113
2020-03-13,3322,678339,3740175,5.54,5.99,5.46,5.99,-0.07,246
2020-03-16,3322,199042,1123701,6.05,6.05,5.43,5.43,-0.56,105
2020-03-17,3322,409010,2082480,5.1,5.48,4.92,5.2,-0.23,147
2020-03-18,3322,272141,1387240,5.2,5.2,5.0,5.15,-0.05,97
2020-03-19,3322,543338,2532543,5.01,5.01,4.64,4.84,-0.31,116
2020-03-20,3322,359007,1756109,4.84,4.98,4.84,4.87,0.03,114
2020-03-23,3322,110096,513381,4.83,4.83,4.6,4.6,-0.27,116
2020-03-24,3322,64517,306346,4.57,4.79,4.57,4.76,0.16,96
2020-03-25,3322,128148,634007,4.95,4.98,4.9,4.91,0.15,121
2020-03-26,3322,97071,486115,5.23,5.23,4.95,4.96,0.05,99
2020-03-27,3322,102064,515740,5.01,5.13,5.0,5.05,0.09,99
2020-03-30,3322,142094,695960,4.97,5.04,4.85,4.97,-0.08,112
2020-03-31,3322,102086,514612,5.1,5.1,4.98,5.06,0.09,80
2020-04-01,3322,106034,541124,5.05,5.19,4.98,5.11,0.05,83
2020-04-06,3322,87001,437565,5.12,5.12,4.97,5.09,-0.02,44
2020-04-07,3322,110000,565430,5.1,5.22,5.09,5.16,0.07,60
2020-04-08,3322,299003,1550115,5.07,5.35,5.04,5.3,0.14,123
2020-04-09,3322,259002,1396910,5.35,5.55,5.3,5.4,0.1,107
2020-04-10,3322,188000,1030820,5.41,5.7,5.39,5.65,0.25,77
2020-04-13,3322,189000,1046410,5.65,5.65,5.4,5.48,-0.17,70
2020-04-14,3322,161001,908486,5.48,5.74,5.48,5.74,0.26,72
2020-04-15,3322,198000,1164280,5.75,6.1,5.7,6.02,0.28,92
2020-04-16,3322,117006,697926,6.06,6.08,5.82,6.08,0.06,65
2020-04-17,3322,118085,721687,6.09,6.19,6.0,6.09,0.01,68
2020-04-20,3322,41039,248374,6.05,6.09,6.01,6.09,0.0,40
2020-04-21,3322,120024,700148,6.02,6.02,5.65,5.78,-0.31,44
2020-04-22,3322,869000,5417250,5.6,6.35,5.58,6.25,0.47,334
2020-04-23,3322,764001,4974086,6.3,6.8,6.2,6.48,0.23,276
2020-04-24,3322,408003,2643011,6.49,6.62,6.34,6.54,0.06,147
2020-04-27,3322,148224,973877,6.54,6.64,6.48,6.56,0.02,59
2020-04-28,3322,124077,817912,6.55,6.66,6.54,6.54,-0.02,51
2020-04-29,3322,973031,6877571,6.6,7.19,6.6,6.84,0.3,331
2020-04-30,3322,147029,1006246,6.84,6.94,6.8,6.86,0.02,66
2020-05-04,3322,161210,1082102,6.8,6.8,6.61,6.61,-0.25,74
2020-05-05,3322,92005,602190,6.6,6.6,6.52,6.52,-0.09,46
2020-05-06,3322,61002,396902,6.52,6.59,6.38,6.51,-0.01,36
2020-05-07,3322,136015,893060,6.52,6.73,6.52,6.71,0.2,44
2020-05-08,3322,66504,444074,6.7,6.8,6.57,6.63,-0.08,32
2020-05-11,3322,111001,735196,6.6,6.72,6.56,6.72,0.09,43
2020-05-12,3322,46066,306740,6.75,6.75,6.57,6.58,-0.14,22
2020-05-13,3322,693090,4873820,6.58,7.23,6.56,7.06,0.48,300
2020-05-14,3322,259061,1780742,7.06,7.06,6.71,6.73,-0.33,86
2020-05-15,3322,172002,1171152,6.73,6.98,6.69,6.97,0.24,56
2020-05-18,3322,75010,513414,6.78,6.97,6.61,6.81,-0.16,29
2020-05-19,3322,77014,521112,6.81,6.81,6.72,6.72,-0.09,40
2020-05-20,3322,46001,308866,6.72,6.75,6.66,6.73,0.01,23
2020-05-21,3322,213029,1460887,6.75,6.94,6.75,6.92,0.19,54
2020-05-22,3322,156006,1082470,6.9,7.07,6.8,6.85,-0.07,60
2020-05-25,3322,60067,408646,6.81,6.88,6.74,6.74,-0.11,37
2020-05-26,3322,46001,310746,6.86,6.86,6.71,6.77,0.03,24
2020-05-27,3322,119003,805248,6.63,6.79,6.63,6.77,0.0,44
2020-05-28,3322,75004,501705,6.76,6.84,6.6,6.74,-0.03,32
2020-05-29,3322,14200,94594,6.7,6.7,6.65,6.66,-0.08,10
2020-06-01,3322,61201,409470,6.7,6.77,6.66,6.66,0.0,31
2020-06-02,3322,64423,432598,6.75,6.75,6.67,6.7,0.04,28
2020-06-03,3322,100067,671817,6.7,6.75,6.67,6.75,0.05,36
2020-06-04,3322,163001,1097826,6.75,6.75,6.7,6.7,-0.05,60
2020-06-05,3322,90002,612622,6.7,6.85,6.7,6.8,0.1,28
2020-06-08,3322,106068,720358,6.8,6.85,6.36,6.81,0.01,63
2020-06-09,3322,60002,408992,6.87,6.87,6.79,6.79,-0.02,26
2020-06-10,3322,196078,1353563,6.8,7.0,6.8,6.99,0.2,96
2020-06-11,3322,224009,1554209,7.0,7.0,6.82,6.82,-0.17,67
2020-06-12,3322,84003,559298,6.46,6.75,6.44,6.75,-0.07,46
2020-06-15,3322,58104,385645,6.61,6.74,6.56,6.72,-0.03,29
2020-06-16,3322,63612,428077,6.72,6.78,6.72,6.74,0.02,39
2020-06-17,3322,137013,921587,6.74,6.8,6.65,6.74,0.0,42
2020-06-18,3322,35000,234980,6.66,6.77,6.66,6.7,-0.04,21
2020-06-19,3322,48250,323203,6.71,6.74,6.67,6.74,0.04,34
2020-06-22,3322,354101,2340479,6.7,6.92,6.49,6.55,-0.19,131
2020-06-23,3322,125022,824644,6.6,6.66,6.52,6.62,0.07,56
2020-06-24,3322,114111,753905,6.6,6.67,6.58,6.6,-0.02,38
2020-06-29,3322,170011,1127472,6.6,6.81,6.57,6.62,0.02,87
2020-06-30,3322,156021,1039347,6.74,6.74,6.63,6.64,0.02,60
2020-07-01,3322,177000,1190710,6.67,6.81,6.67,6.81,0.17,68
2020-07-02,3322,180400,1264860,6.85,7.19,6.83,7.03,0.22,91
2020-07-03,3322,260335,1831186,7.08,7.16,6.93,6.99,-0.04,112
2020-07-06,3322,202005,1418535,6.99,7.06,6.95,7.04,0.05,80
2020-07-07,3322,96203,671046,7.09,7.09,6.9,7.02,-0.02,57
2020-07-08,3322,957026,7209780,7.03,7.72,7.02,7.72,0.7,310
2020-07-09,3322,1858293,15603826,8.4,8.49,8.23,8.45,0.73,677
2020-07-10,3322,849001,6615757,8.0,8.19,7.61,7.66,-0.79,336
2020-07-13,3322,318051,2504645,8.0,8.05,7.67,7.9,0.24,151
2020-07-14,3322,155130,1223713,7.99,8.0,7.79,7.82,-0.08,86
2020-07-15,3322,312213,2457371,7.79,8.1,7.64,7.85,0.03,105
2020-07-16,3322,120062,947559,7.9,8.0,7.83,7.85,0.0,52
2020-07-17,3322,159598,1231721,7.86,7.86,7.55,7.55,-0.3,65
2020-07-20,3322,112210,865967,7.86,7.86,7.6,7.69,0.14,60
2020-07-21,3322,113065,863384,7.69,7.8,7.52,7.61,-0.08,66
2020-07-22,3322,92400,700975,7.62,7.69,7.55,7.6,-0.01,50
2020-07-23,3322,91003,678232,7.65,7.65,7.4,7.45,-0.15,47
2020-07-24,3322,135001,987717,7.45,7.45,7.21,7.4,-0.05,57
2020-07-27,3322,63023,458877,7.4,7.5,7.12,7.38,-0.02,45
2020-07-28,3322,240003,1715411,7.4,7.4,7.04,7.04,-0.34,74
2020-07-29,3322,70661,500565,6.79,7.17,6.79,7.15,0.11,34
2020-07-30,3322,47111,341665,7.38,7.38,7.15,7.26,0.11,23
2020-07-31,3322,191013,1347912,7.05,7.16,7.0,7.16,-0.1,76
2020-08-03,3322,231001,1660827,7.02,7.25,7.01,7.16,0.0,32
2020-08-04,3322,83109,593728,7.17,7.18,7.11,7.15,-0.01,35
2020-08-05,3322,51494,370726,7.37,7.37,7.11,7.17,0.02,29
2020-08-06,3322,154001,1101667,7.24,7.29,7.1,7.12,-0.05,52
2020-08-07,3322,117240,831455,7.12,7.17,7.02,7.04,-0.08,51
2020-08-10,3322,145146,1038091,7.2,7.26,7.0,7.1,0.06,50
2020-08-11,3322,257618,1871911,7.46,7.46,7.02,7.02,-0.08,95
2020-08-12,3322,65335,467871,7.06,7.25,7.05,7.22,0.2,33
2020-08-13,3322,49122,353720,7.22,7.25,7.18,7.23,0.01,25
2020-08-14,3322,157002,1151994,7.39,7.39,7.24,7.36,0.13,60
2020-08-17,3322,146068,1081017,7.36,7.45,7.35,7.39,0.03,66
2020-08-18,3322,127347,947526,7.48,7.52,7.37,7.45,0.06,64
2020-08-19,3322,173731,1269533,7.49,7.49,7.2,7.38,-0.07,62
2020-08-20,3322,327200,2318869,7.23,7.23,6.99,7.19,-0.19,94
2020-08-21,3322,149300,1092768,7.31,7.42,7.23,7.36,0.17,56
2020-08-24,3322,78156,573782,7.36,7.39,7.3,7.3,-0.06,36
2020-08-25,3322,182143,1345567,7.4,7.42,7.2,7.42,0.12,45
2020-08-26,3322,103531,766317,7.42,7.44,7.34,7.42,0.0,56
2020-08-27,3322,669081,5184149,7.47,8.0,7.42,7.8,0.38,263
2020-08-28,3322,422092,3276695,7.79,7.93,7.66,7.79,-0.01,155
2020-08-31,3322,293882,2290839,7.86,8.1,7.7,7.78,-0.01,120
2020-09-01,3322,204194,1576016,7.78,7.79,7.66,7.79,0.01,82
2020-09-02,3322,188321,1457673,7.85,7.85,7.67,7.8,0.01,83
2020-09-03,3322,118364,919677,7.99,7.99,7.72,7.8,0.0,56
2020-09-04,3322,105004,802638,7.68,7.79,7.52,7.79,-0.01,45
2020-09-07,3322,100003,774441,7.79,7.79,7.7,7.79,0.0,47
2020-09-08,3322,167002,1301344,7.85,7.96,7.73,7.84,0.05,71
2020-09-09,3322,158017,1240770,7.92,7.92,7.78,7.9,0.06,69
2020-09-10,3322,117002,920954,7.95,7.95,7.8,7.85,-0.05,47
2020-09-11,3322,865001,6983778,7.85,8.2,7.85,8.02,0.17,320
2020-09-14,3322,518738,4161054,8.01,8.1,7.9,8.07,0.05,165
2020-09-15,3322,451446,3693202,8.11,8.3,8.07,8.12,0.05,189
2020-09-16,3322,267002,2154956,8.1,8.18,7.92,8.1,-0.02,118
2020-09-17,3322,1164223,9982421,8.15,8.89,8.13,8.58,0.48,476
2020-09-18,3322,565781,4799572,8.5,8.59,8.39,8.53,-0.05,236
2020-09-21,3322,252000,2140560,8.5,8.65,8.37,8.39,-0.14,132
2020-09-22,3322,280107,2308504,8.39,8.39,8.15,8.28,-0.11,125
2020-09-23,3322,197013,1613566,8.3,8.3,8.1,8.25,-0.03,89
2020-09-24,3322,229001,1845688,8.14,8.14,8.01,8.04,-0.21,91
2020-09-25,3322,323098,2533388,8.25,8.25,7.51,7.8,-0.24,129
2020-09-28,3322,49001,386077,7.8,8.01,7.75,7.8,0.0,28
2020-09-29,3322,25000,195160,7.85,7.89,7.78,7.79,-0.01,13
2020-09-30,3322,29072,228611,7.85,7.9,7.83,7.89,0.1,24
2020-10-05,3322,71104,560269,7.89,8.0,7.63,7.89,0.0,39
2020-10-06,3322,113443,911044,7.92,8.09,7.92,8.08,0.19,52
2020-10-07,3322,105002,848946,8.08,8.1,8.05,8.1,0.02,40
2020-10-08,3322,177150,1442051,8.1,8.3,8.08,8.2,0.1,97
2020-10-12,3322,81015,655321,8.19,8.2,8.0,8.13,-0.07,38
2020-10-13,3322,38001,303997,8.15,8.15,7.97,7.97,-0.16,21
2020-10-14,3322,84400,684385,8.38,8.38,8.02,8.05,0.08,40
2020-10-15,3322,56142,449121,8.15,8.15,7.95,8.04,-0.01,30
2020-10-16,3322,68001,543617,8.12,8.12,7.96,7.99,-0.05,28
2020-10-19,3322,62005,496150,8.0,8.04,7.96,8.04,0.05,30
2020-10-20,3322,52005,414825,8.03,8.03,7.88,7.97,-0.07,33
2020-10-21,3322,42028,334868,8.0,8.0,7.88,7.94,-0.03,22
2020-10-22,3322,89003,701871,7.88,7.94,7.85,7.9,-0.04,49
2020-10-23,3322,25005,197135,7.94,7.94,7.83,7.85,-0.05,23
2020-10-26,3322,89716,715445,8.15,8.15,7.88,7.93,0.08,43
2020-10-27,3322,108001,853958,7.87,8.1,7.81,8.1,0.17,57
2020-10-28,3322,54014,433642,8.08,8.1,7.95,8.07,-0.03,43
2020-10-29,3322,39019,308746,8.01,8.01,7.84,7.95,-0.12,38
2020-10-30,3322,21006,166076,7.99,8.08,7.86,7.9,-0.05,18
2020-11-02,3322,28018,220065,8.0,8.0,7.83,7.83,-0.07,28
2020-11-03,3322,51005,400319,8.05,8.05,7.8,7.87,0.04,23
2020-11-04,3322,77006,616977,8.25,8.25,7.88,8.02,0.15,27
2020-11-05,3322,15006,120118,8.02,8.02,7.95,8.01,-0.01,15
2020-11-06,3322,161088,1278520,8.0,8.04,7.82,7.95,-0.06,63
2020-11-09,3322,143070,1124008,7.85,7.88,7.85,7.86,-0.09,56
2020-11-10,3322,22005,172847,8.0,8.0,7.8,7.89,0.03,20
2020-11-11,3322,82103,646970,7.95,7.95,7.85,7.86,-0.03,38
2020-11-12,3322,57008,449145,7.9,7.95,7.7,7.88,0.02,29
2020-11-13,3322,66427,516973,7.8,7.9,7.73,7.88,0.0,30
2020-11-16,3322,36136,281281,7.99,7.99,7.75,7.86,-0.02,30
2020-11-17,3322,82000,637850,7.79,7.88,7.73,7.75,-0.11,38
2020-11-18,3322,56003,434821,7.76,7.84,7.75,7.76,0.01,26
2020-11-19,3322,40010,310583,7.8,7.8,7.75,7.75,-0.01,28
2020-11-20,3322,33005,258428,7.77,7.99,7.77,7.8,0.05,26
2020-11-23,3322,113078,882085,7.8,7.87,7.77,7.8,0.0,78
2020-11-24,3322,139261,1083394,7.78,7.86,7.75,7.84,0.04,74
2020-11-25,3322,174069,1354719,7.84,7.88,7.77,7.82,-0.02,83
2020-11-26,3322,146180,1138898,7.85,7.85,7.77,7.85,0.03,86
2020-11-27,3322,45908,359457,7.75,7.97,7.75,7.85,0.0,33
2020-11-30,3322,176062,1385074,7.85,7.94,7.82,7.92,0.07,76
2020-12-01,3322,379508,3048755,7.99,8.1,7.97,8.09,0.17,135
2020-12-02,3322,960140,8087429,8.23,8.7,8.23,8.3,0.21,319
2020-12-03,3322,390135,3248745,8.3,8.41,8.25,8.28,-0.02,138
2020-12-04,3322,332563,2752024,8.3,8.46,8.2,8.26,-0.02,128
2020-12-07,3322,235005,1938680,8.38,8.38,8.18,8.25,-0.01,75
2020-12-08,3322,594032,4965766,8.26,8.5,8.25,8.36,0.11,185
2020-12-09,3322,232040,1931349,8.37,8.4,8.28,8.3,-0.06,83
2020-12-10,3322,2922197,25912807,8.7,9.13,8.4,9.13,0.83,657
2020-12-11,3322,2679545,24424764,9.2,9.3,8.76,9.3,0.17,855
2020-12-14,3322,2015320,19717904,9.45,10.15,9.2,9.99,0.69,785
2020-12-15,3322,1014086,9900766,9.95,9.99,9.58,9.86,-0.13,450
2020-12-16,3322,2007277,20416939,9.81,10.45,9.75,10.3,0.44,700
2020-12-17,3322,5212022,57810231,10.2,11.3,10.15,11.3,1.0,1415
2020-12-18,3322,6149580,71538784,11.3,12.05,11.3,11.55,0.25,1878
2020-12-21,3322,1707585,18986497,11.5,11.5,11.0,11.15,-0.4,742
2020-12-22,3322,3140871,35769342,11.15,11.9,10.7,11.7,0.55,1043
2020-12-23,3322,6579861,81276760,11.7,12.85,11.05,12.85,1.15,1977
2020-12-24,3322,12364380,166868152,12.45,14.1,12.2,13.85,1.0,3499
2020-12-25,3322,6697790,91286684,13.65,14.2,13.2,13.3,-0.55,2437
2020-12-28,3322,2531299,33505312,13.45,13.5,13.05,13.1,-0.2,1028
2020-12-29,3322,6568005,79484881,13.1,13.1,11.8,11.9,-1.2,2558
2020-12-30,3322,1868376,22462306,11.9,12.3,11.8,12.0,0.1,756
2020-12-31,3322,1599598,19206761,12.15,12.3,11.8,11.9,-0.1,645
2021-01-04,3322,1516736,17921871,12.0,12.1,11.55,11.7,-0.2,566
2021-01-05,3322,1592234,18185667,11.75,11.75,11.2,11.45,-0.25,625
2021-01-06,3322,1519509,16911125,11.45,11.65,10.7,10.85,-0.6,665
2021-01-07,3322,1044008,11355024,10.85,11.35,10.6,10.9,0.05,420
2021-01-08,3322,771957,8316699,11.2,11.2,10.65,10.7,-0.2,334
2021-01-11,3322,1561841,17526534,11.0,11.75,10.55,11.75,1.05,610
2021-01-12,3322,2161962,25904235,12.2,12.4,11.6,11.8,0.05,879
2021-01-13,3322,2854478,35443736,11.85,12.95,11.6,12.95,1.15,945
2021-01-14,3322,9604634,132198589,12.8,14.2,12.5,14.1,1.15,3545
2021-01-15,3322,3820861,51548210,13.5,14.0,13.05,13.3,-0.8,1768
2021-01-18,3322,1482169,18795992,13.4,13.45,12.0,12.75,-0.55,774
2021-01-19,3322,1283899,16544624,12.55,13.5,12.5,12.85,0.1,645
2021-01-20,3322,2587594,32992370,12.9,13.3,12.1,13.0,0.15,1000
2021-01-21,3322,5532085,74893178,13.1,14.0,12.8,13.7,0.7,2039
2021-01-22,3322,2187311,28178960,12.9,13.4,12.5,12.75,-0.95,982
2021-01-25,3322,1287532,15927795,12.65,12.7,12.25,12.35,-0.4,572
2021-01-26,3322,660281,8170750,12.5,12.55,12.3,12.35,0.0,306
2021-01-27,3322,906642,11456571,12.5,13.0,12.35,12.8,0.45,414
2021-01-28,3322,813584,10231732,12.4,12.85,12.25,12.4,-0.4,346
2021-01-29,3322,901330,11313892,12.55,12.85,12.3,12.45,0.05,380
2021-02-01,3322,786289,9477483,12.45,12.45,11.9,12.0,-0.45,337
2021-02-02,3322,2350725,29754514,12.0,13.2,11.9,13.2,1.2,754
2021-02-03,3322,3489837,46729359,13.5,13.8,12.8,13.2,0.0,1422
2021-02-04,3322,1433371,18451585,13.05,13.1,12.65,12.65,-0.55,644
2021-02-05,3322,1265492,15763553,12.75,12.75,12.3,12.3,-0.35,508
2021-02-17,3322,1509039,19552160,13.05,13.1,12.7,13.0,0.7,576
2021-02-18,3322,2480293,33198816,13.1,13.8,12.95,13.6,0.6,917
2021-02-19,3322,7576864,109028667,13.75,14.9,13.5,14.85,1.25,2452
2021-02-22,3322,6034013,88938398,14.85,15.2,14.2,14.95,0.1,2332
2021-02-23,3322,4155796,62958989,14.95,16.3,14.45,16.2,1.25,1671
2021-02-24,3322,6575329,107545529,16.1,17.05,15.55,16.8,0.6,2956
2021-02-25,3322,5835875,94791831,16.6,16.85,15.8,15.8,-1.0,2639
2021-02-26,3322,2582280,39615197,15.0,15.75,14.9,15.2,-0.6,1254
2021-03-02,3322,2411916,36445390,15.5,15.6,14.8,14.85,-0.35,1094
2021-03-03,3322,2949478,44944368,14.45,16.0,14.4,15.6,0.75,1308
2021-03-04,3322,1595176,24615314,15.55,15.7,15.2,15.3,-0.3,683
2021-03-05,3322,1204183,18374382,15.0,15.7,14.9,15.1,-0.2,554
2021-03-08,3322,1634611,25229162,15.55,15.7,15.25,15.25,0.15,692
2021-03-09,3322,2954989,46929687,15.5,16.4,15.2,16.4,1.15,1327
2021-03-10,3322,2494766,40179325,16.5,16.5,15.85,15.95,-0.45,993
2021-03-11,3322,6541060,109295701,16.0,17.5,15.65,17.45,1.5,2615
2021-03-12,3322,5975111,104659026,17.35,18.3,16.75,17.95,0.5,2801
2021-03-15,3322,4278689,77486597,18.1,18.5,17.75,17.85,-0.1,2010
2021-03-16,3322,3197922,57141049,17.95,18.4,17.5,18.0,0.15,1501
2021-03-17,3322,2291892,41239561,18.0,18.2,17.8,17.8,-0.2,982
2021-03-18,3322,5365912,99549713,18.0,19.15,17.9,18.5,0.7,2205
2021-03-19,3322,2504691,46039783,18.15,18.75,18.1,18.3,-0.2,1188
2021-03-22,3322,3174053,57923818,18.7,18.7,18.0,18.05,-0.25,1458
2021-03-23,3322,3528824,62113675,18.3,18.35,17.2,17.35,-0.7,1690
2021-03-24,3322,3993852,72299255,17.2,18.6,17.05,18.5,1.15,1697
2021-03-25,3322,3362046,61493421,18.3,18.8,17.7,17.8,-0.7,1524
2021-03-26,3322,1738348,31588035,18.0,18.5,17.9,18.15,0.35,723
2021-03-29,3322,12799885,248810061,18.4,19.95,18.15,19.95,1.8,4710
2021-03-30,3322,17810644,363958258,20.0,21.5,19.5,20.05,0.1,7745
2021-03-31,3322,7580667,157742427,20.05,21.4,19.7,20.85,0.8,3380
2021-04-01,3322,10232688,226616202,20.9,22.9,20.9,22.9,2.05,4741
2021-04-06,3322,9940235,244834431,24.0,25.15,23.75,25.1,2.2,4775
2021-04-07,3322,9845347,248702558,25.2,26.9,24.0,24.0,-1.1,5274
2021-04-08,3322,3239280,78725654,24.9,25.0,23.8,24.3,0.3,1829
2021-04-09,3322,4304315,102977158,24.8,24.9,23.0,23.7,-0.6,2155
2021-04-12,3322,2747938,65493710,24.5,24.6,23.4,23.5,-0.2,1502
2021-04-13,3322,4121113,99036249,23.9,24.85,23.25,23.25,-0.25,1964
2021-04-14,3322,4017325,91131645,23.6,24.0,21.0,22.6,-0.65,2122
2021-04-15,3322,2629848,61523977,23.55,24.0,22.8,23.9,1.3,1185
2021-04-16,3322,2144443,50964695,24.2,24.3,23.3,23.3,-0.6,1071
2021-04-19,3322,2672865,60925481,23.55,23.55,22.35,22.6,-0.7,1360
2021-04-20,3322,1626326,36852001,22.8,23.0,22.2,22.7,0.1,779
2021-04-21,3322,1874780,41826115,22.95,22.95,22.05,22.05,-0.65,1048
2021-04-22,3322,5343565,112545719,22.05,22.45,20.0,20.3,-1.75,2471
2021-04-23,3322,5546351,121595431,20.75,22.3,20.7,22.3,2.0,1982
2021-04-26,3322,7170078,169252046,23.75,24.4,22.65,23.4,1.1,3264
2021-04-27,3322,2424088,55621386,23.4,23.95,22.65,22.65,-0.75,1304
2021-04-28,3322,2332336,51990417,22.65,22.85,21.9,22.0,-0.65,1200
2021-04-29,3322,1919016,41176340,22.2,22.2,21.05,21.3,-0.7,982
2021-05-03,3322,2191078,44666260,21.5,21.55,19.95,20.1,-1.2,974
2021-05-04,3322,2935254,56554803,20.5,21.0,18.1,19.3,-0.8,1233
2021-05-05,3322,1189622,23630727,19.45,20.5,19.2,19.55,0.25,593
2021-05-06,3322,1235768,24906116,20.1,20.7,19.6,19.9,0.35,572
2021-05-07,3322,1274889,26307775,20.2,20.95,20.2,20.9,1.0,536
2021-05-10,3322,1272865,25834824,21.2,21.2,19.75,20.05,-0.85,630
2021-05-11,3322,2071756,39185825,19.9,19.9,18.1,18.15,-1.9,935
2021-05-12,3322,2723867,46392646,18.1,18.45,16.35,16.4,-1.75,1225
2021-05-13,3322,2162454,35950075,15.5,17.95,15.2,17.5,1.1,883
2021-05-14,3322,1260055,21958055,18.35,18.4,16.55,17.15,-0.35,644
2021-05-17,3322,1609733,25471931,15.6,16.7,15.45,15.45,-1.7,585
2021-05-18,3322,1427115,23655290,15.7,16.95,15.65,16.8,1.35,589
2021-05-19,3322,622257,10697285,17.05,17.65,16.6,17.25,0.45,299
2021-05-20,3322,427239,7277354,17.25,17.55,16.5,16.6,-0.65,248
2021-05-21,3322,651236,11316339,17.35,17.85,16.9,17.4,0.8,370
2021-05-24,3322,1080818,19439884,17.3,18.4,17.05,18.2,0.8,496
2021-05-25,3322,4181317,82134617,18.25,20.0,18.25,20.0,1.8,1643
2021-05-26,3322,2977609,58866913,20.8,20.95,19.15,19.25,-0.75,1421
2021-05-27,3322,695786,13224915,19.1,19.3,18.8,18.9,-0.35,396
2021-05-28,3322,952629,18182238,19.1,19.4,18.8,19.0,0.1,483
2021-05-31,3322,842956,15744496,19.0,19.0,18.35,18.5,-0.5,479
2021-06-01,3322,625343,11637310,18.5,18.95,18.35,18.65,0.15,353
2021-06-02,3322,1415400,25453294,18.85,18.85,17.5,17.8,-0.85,746
2021-06-03,3322,1075387,19452101,17.8,18.4,17.55,18.05,0.25,347
2021-06-04,3322,714473,12548018,18.05,18.05,17.3,17.35,-0.7,393
2021-06-07,3322,512311,8901650,17.45,17.75,17.0,17.55,0.2,286
2021-06-08,3322,392065,6845573,17.7,17.7,17.2,17.6,0.05,214
2021-06-09,3322,383102,6798586,17.7,18.05,17.35,18.05,0.45,248
2021-06-10,3322,1174703,21057581,18.15,18.45,17.55,17.6,-0.45,519
2021-06-11,3322,341357,6036922,17.6,17.9,17.6,17.65,0.05,200
2021-06-15,3322,638442,11192751,17.95,18.0,17.3,17.4,-0.25,314
2021-06-16,3322,867620,14814804,17.3,17.45,16.7,16.85,-0.55,447
2021-06-17,3322,852717,14215904,16.9,16.9,16.5,16.8,-0.05,453
2021-06-18,3322,1450317,24512989,16.9,17.45,16.45,17.15,0.35,579
2021-06-21,3322,939212,15479680,17.0,17.0,16.25,16.25,-0.9,444
2021-06-22,3322,636107,10335551,16.4,16.75,16.1,16.2,-0.05,346
2021-06-23,3322,1048148,17146353,16.35,16.5,16.1,16.25,0.05,315
2021-06-24,3322,454104,7449737,16.4,16.65,16.15,16.45,0.2,246
2021-06-25,3322,618125,10162728,16.7,16.7,16.2,16.3,-0.15,312
2021-06-28,3322,1711729,28279421,16.4,16.85,16.15,16.7,0.4,533
2021-06-29,3322,996399,16200337,16.85,16.85,16.1,16.15,-0.55,447
2021-06-30,3322,511364,8295794,16.3,16.5,16.1,16.2,0.05,268
2021-07-01,3322,999895,15980887,16.3,16.3,15.8,15.85,-0.35,512
2021-07-02,3322,1365356,21873302,16.05,16.35,15.6,16.15,0.3,484
2021-07-05,3322,2680598,43712242,16.25,16.55,15.9,16.45,0.3,776
2021-07-06,3322,804134,13005896,16.6,16.6,15.95,16.0,-0.45,385
2021-07-07,3322,610311,9680915,16.0,16.2,15.7,15.75,-0.25,340
2021-07-08,3322,2864982,45726811,15.85,16.2,15.5,15.9,0.15,738
2021-07-09,3322,880275,13769599,15.9,15.9,15.5,15.55,-0.35,416
2021-07-12,3322,1595855,25648589,15.9,16.5,15.65,16.4,0.85,670
2021-07-13,3322,3019282,51424915,16.7,17.6,16.5,16.5,0.1,1425
2021-07-14,3322,846319,13683993,16.6,16.8,15.8,16.15,-0.35,395
2021-07-15,3322,837154,13753058,16.3,16.8,16.0,16.7,0.55,342
2021-07-16,3322,902133,15299600,16.8,17.3,16.6,16.75,0.05,419
2021-07-19,3322,973674,16682444,17.2,17.35,16.8,17.1,0.35,481
2021-07-20,3322,3372244,58312171,17.0,17.75,16.55,17.3,0.2,958
2021-07-21,3322,1201498,20444141,17.45,17.55,16.7,16.7,-0.6,581
2021-07-22,3322,3533859,63182593,17.0,18.35,16.85,18.35,1.65,1512
2021-07-23,3322,8007113,154001138,19.2,20.15,18.1,18.7,0.35,3997
2021-07-26,3322,2831858,53311845,19.35,19.35,18.3,18.85,0.15,1116
2021-07-27,3322,1515680,27921325,19.0,19.0,17.9,17.95,-0.9,743
2021-07-28,3322,4064997,71941170,17.55,18.3,16.5,17.0,-0.95,1065
2021-07-29,3322,568562,9779317,17.2,17.75,17.0,17.1,0.1,314
2021-07-30,3322,689641,11684728,17.2,17.3,16.75,16.8,-0.3,429
2021-08-02,3322,853604,14475701,17.0,17.2,16.6,16.9,0.1,318
2021-08-03,3322,841379,14355950,16.9,17.35,16.8,16.95,0.05,320
2021-08-04,3322,1087670,18698397,17.2,17.45,16.85,17.0,0.05,369
2021-08-05,3322,489421,8342833,17.05,17.35,16.85,16.9,-0.1,261
2021-08-06,3322,3269805,56837753,17.05,18.0,16.4,17.75,0.85,1353
2021-08-09,3322,1295941,22538151,17.95,18.0,16.85,16.9,-0.85,709
2021-08-10,3322,711371,12185599,16.9,17.5,16.75,16.75,-0.15,390
2021-08-11,3322,752223,12455476,16.85,17.05,16.15,16.3,-0.45,391
2021-08-12,3322,400464,6614541,16.4,16.75,16.35,16.45,0.15,202
2021-08-13,3322,476923,7783497,16.6,16.8,16.1,16.15,-0.3,294
2021-08-16,3322,777313,12482672,16.3,16.4,15.7,16.0,-0.15,281
2021-08-17,3322,265163,4244710,16.0,16.5,15.85,15.85,-0.15,128
2021-08-18,3322,309053,4948348,15.75,16.25,15.75,16.1,0.25,183
2021-08-19,3322,261015,4133285,16.1,16.15,15.7,15.75,-0.35,159
2021-08-20,3322,240463,3760778,15.85,16.1,15.5,15.5,-0.25,147
2021-08-23,3322,337248,5312476,15.5,15.9,15.5,15.75,0.25,144
2021-08-24,3322,308032,4857454,16.0,16.0,15.6,15.6,-0.15,163
2021-08-25,3322,237302,3738796,15.8,15.9,15.6,15.8,0.2,125
2021-08-26,3322,543941,8601931,15.8,16.05,15.7,15.7,-0.1,181
2021-08-27,3322,317303,5005003,15.9,16.05,15.6,15.65,-0.05,178
2021-08-30,3322,208096,3277309,15.7,15.9,15.7,15.75,0.1,108
2021-08-31,3322,254283,3995463,15.85,15.9,15.6,15.65,-0.1,153
2021-09-01,3322,652894,10522185,15.75,16.35,15.7,16.15,0.5,316
2021-09-02,3322,402862,6478043,16.25,16.4,15.9,15.9,-0.25,198
2021-09-03,3322,237605,3794259,16.1,16.3,15.85,15.9,0.0,137
2021-09-06,3322,347112,5475323,15.95,16.1,15.6,15.6,-0.3,155
2021-09-07,3322,282112,4395545,15.65,15.65,15.5,15.55,-0.05,145
2021-09-08,3322,315201,4862917,15.55,15.85,15.2,15.2,-0.35,132
2021-09-09,3322,191013,2928200,15.25,15.4,15.2,15.4,0.2,94
2021-09-10,3322,209552,3257577,15.5,15.65,15.4,15.5,0.1,119
2021-09-13,3322,274466,4265155,15.5,15.9,15.4,15.65,0.15,147
2021-09-14,3322,223211,3490841,15.85,15.9,15.5,15.5,-0.15,110
2021-09-15,3322,605304,9408494,15.6,15.75,15.2,15.3,-0.2,151
2021-09-16,3322,132066,2023906,15.65,15.65,15.2,15.25,-0.05,85
2021-09-17,3322,204103,3115325,15.6,15.6,15.15,15.15,-0.1,112
2021-09-22,3322,387917,5725542,15.0,15.0,14.65,14.65,-0.5,180
2021-09-23,3322,195333,2895042,15.1,15.2,14.7,14.75,0.1,123
2021-09-24,3322,136410,2028085,15.0,15.0,14.75,14.8,0.05,90
2021-09-27,3322,7325188,118546973,14.95,16.25,14.9,16.25,1.45,1173
2021-09-28,3322,1260628,20225155,16.2,16.45,15.65,16.25,0.0,772
2021-09-29,3322,1945792,31773590,16.0,16.95,15.75,15.75,-0.5,610
2021-09-30,3322,291032,4605706,15.9,16.15,15.7,15.9,0.15,186
2021-10-01,3322,1153007,18383357,15.7,16.3,15.3,15.4,-0.5,379
2021-10-04,3322,701189,10251929,15.5,15.8,14.05,14.05,-1.35,399
2021-10-05,3322,635371,8932345,14.05,14.4,13.15,14.1,0.05,306
2021-10-06,3322,348247,4865436,14.25,14.25,13.7,13.9,-0.2,167
2021-10-07,3322,4059632,60998560,14.0,15.25,13.95,14.95,1.05,674
2021-10-08,3322,324205,4817419,14.9,15.2,14.6,15.05,0.1,172
2021-10-12,3322,123787,1821444,15.15,15.15,14.65,14.7,-0.35,99
2021-10-13,3322,358917,5383889,15.2,15.3,14.8,14.8,0.1,231
2021-10-14,3322,107006,1586836,15.05,15.05,14.75,14.8,0.0,78
2021-10-15,3322,214005,3204778,15.0,15.15,14.85,14.95,0.15,119
2021-10-18,3322,228047,3391448,15.1,15.1,14.65,14.85,-0.1,126
2021-10-19,3322,1789505,28338409,14.95,16.3,14.85,16.1,1.25,785
2021-10-20,3322,872007,13925911,16.1,16.3,15.5,16.0,-0.1,454
2021-10-21,3322,220059,3481239,16.1,16.1,15.7,15.7,-0.3,131
2021-10-22,3322,563721,8952032,15.8,16.25,15.7,15.8,0.1,288
2021-10-25,3322,247458,3919408,16.0,16.0,15.7,15.7,-0.1,119
2021-10-26,3322,699756,11293403,15.95,16.5,15.9,15.9,0.2,368
2021-10-27,3322,718102,11717846,16.15,16.55,16.0,16.3,0.4,401
2021-10-28,3322,778127,12805822,16.3,16.8,16.25,16.3,0.0,344
2021-10-29,3322,301103,4885366,16.5,16.5,16.1,16.2,-0.1,168
2021-11-01,3322,488009,7994998,16.5,16.5,16.2,16.25,0.05,256
2021-11-02,3322,398623,6507754,16.45,16.6,16.05,16.1,-0.15,214
2021-11-03,3322,457474,7491377,16.3,16.6,16.05,16.55,0.45,230
2021-11-04,3322,526213,8740812,16.65,16.8,16.5,16.5,-0.05,229
2021-11-05,3322,418542,6902191,16.75,16.75,16.3,16.5,0.0,180
2021-11-08,3322,890796,14941467,16.65,16.9,16.6,16.65,0.15,364
2021-11-09,3322,660125,11192790,16.9,17.15,16.8,17.0,0.35,319
2021-11-10,3322,996490,17315763,17.1,17.55,17.1,17.45,0.45,504
2021-11-11,3322,851391,14953295,17.4,17.75,17.15,17.6,0.15,416
2021-11-12,3322,1267479,22689121,17.75,18.25,17.55,17.55,-0.05,587
2021-11-15,3322,1172916,21044677,17.8,18.15,17.6,18.15,0.6,543
2021-11-16,3322,1260537,23203209,18.5,18.7,17.95,18.2,0.05,607
2021-11-17,3322,897335,16037116,18.35,18.45,17.55,17.7,-0.5,474
2021-11-18,3322,802801,14035088,17.7,18.0,17.15,17.8,0.1,421
2021-11-19,3322,2140820,38031111,18.15,18.75,17.15,17.15,-0.65,1072
2021-11-22,3322,426406,7342174,17.15,17.5,16.95,17.45,0.3,221
2021-11-23,3322,579885,9849428,17.45,17.45,16.8,16.95,-0.5,383
2021-11-24,3322,428078,7184815,16.95,17.25,16.65,16.8,-0.15,216
2021-11-25,3322,334010,5713520,17.1,17.4,16.95,16.95,0.15,198
2021-11-26,3322,298396,4938286,17.0,17.0,16.2,16.45,-0.5,198
2021-11-29,3322,437010,7094460,16.15,16.75,15.75,16.4,-0.05,192
2021-11-30,3322,833231,14286358,16.6,17.75,16.6,17.2,0.8,357
2021-12-01,3322,390424,6765514,17.15,17.45,17.15,17.25,0.05,226
2021-12-02,3322,506703,8720120,17.25,17.5,16.95,17.1,-0.15,212
2021-12-03,3322,227017,3920088,17.35,17.4,17.15,17.3,0.2,128
2021-12-06,3322,376295,6555322,17.3,17.6,17.25,17.45,0.15,182
2021-12-07,3322,17329060,323521281,17.45,19.15,17.2,18.8,1.35,2867
2021-12-08,3322,3129513,57870749,18.85,19.0,18.0,18.05,-0.75,1472
2021-12-09,3322,16051968,310185473,18.1,19.85,18.1,18.15,0.1,6165
2021-12-10,3322,9775786,189950781,18.5,19.95,18.35,19.95,1.8,4236
2021-12-13,3322,4290147,93755706,21.8,21.9,21.2,21.9,1.95,1230
2021-12-14,3322,42914974,1004858583,23.65,24.05,21.8,24.05,2.15,16492
2021-12-15,3322,52507771,1268112410,24.2,25.3,23.3,23.5,-0.55,22043
2021-12-16,3322,40058532,995504101,24.3,25.85,23.7,23.7,0.2,16251
2021-12-17,3322,13623096,314035132,23.5,24.3,22.25,22.45,-1.25,6688
2021-12-20,3322,7185904,158827295,22.35,22.95,21.4,21.7,-0.75,3316
2021-12-21,3322,3618202,86294097,23.85,23.85,23.85,23.85,2.15,1060
2021-12-22,3322,6879122,180232980,26.2,26.2,26.2,26.2,2.35,1320
2021-12-23,3322,25498008,729395145,28.8,28.8,27.6,28.8,2.6,5642
2021-12-24,3322,57323195,1660166654,28.8,30.5,27.55,28.95,0.15,25183
2021-12-27,3322,50844072,1550132702,29.1,31.8,28.5,29.4,0.45,19175
2021-12-28,3322,22145987,646237242,29.4,29.9,28.4,29.2,-0.2,10399
2021-12-29,3322,21292378,632198252,29.2,30.5,29.1,29.5,0.3,9929
2021-12-30,3322,13991300,405585029,29.1,29.9,28.3,28.6,-0.9,6997
2022-01-03,3322,14104420,389740985,28.5,28.8,26.6,27.75,-0.85,6596
2022-01-04,3322,22717162,656485326,28.9,29.8,27.85,27.85,0.1,10899
2022-01-05,3322,19240950,530341405,27.55,28.4,26.7,26.85,-1.0,6880
2022-01-06,3322,7757235,210328249,26.3,27.6,26.3,26.95,0.1,3439
2022-01-07,3322,9972827,266217342,26.95,27.55,26.1,26.1,-0.85,4492
2022-01-10,3322,10652643,272106949,25.9,26.8,24.25,24.3,-1.8,4411
2022-01-11,3322,10788154,255652339,24.8,24.85,23.0,23.2,-1.1,4655
2022-01-12,3322,6275616,146771737,23.5,24.1,22.85,22.9,-0.3,3047
2022-01-13,3322,5546627,126044749,22.8,23.25,22.0,22.95,0.05,2689
2022-01-14,3322,6015470,133371820,22.7,23.0,21.6,22.35,-0.6,2684
2022-01-17,3322,4522195,103750906,22.5,23.6,22.5,23.0,0.65,2467
2022-01-18,3322,4223063,97678812,23.2,23.4,22.9,23.2,0.2,2094
2022-01-19,3322,1629833,37099309,23.15,23.15,22.55,22.55,-0.65,947
2022-01-20,3322,15868708,372962873,22.55,24.25,22.55,22.9,0.35,6439
2022-01-21,3322,4271170,94361695,22.55,22.65,21.8,21.85,-1.05,2153
2022-01-24,3322,4442186,93202372,21.55,21.7,20.0,21.45,-0.4,2115
2022-01-25,3322,2906651,60965772,21.7,21.75,20.4,20.4,-1.05,1643
2022-01-26,3322,2761573,57410595,20.4,21.2,20.4,20.75,0.35,1309
2022-02-07,3322,3330366,71847216,22.0,22.2,20.75,22.05,1.3,1758
2022-02-08,3322,1896352,41896706,21.85,22.5,21.65,22.2,0.15,1040
2022-02-09,3322,9574880,222479856,22.6,23.8,22.3,23.2,1.0,3900
2022-02-10,3322,6005426,141454840,23.25,24.0,23.0,23.9,0.7,3039
2022-02-11,3322,3149547,73738343,23.2,23.8,23.05,23.5,-0.4,1799
2022-02-14,3322,2784317,62226062,22.55,22.9,22.0,22.15,-1.35,1352
2022-02-15,3322,1741842,39285804,22.0,22.8,22.0,22.7,0.55,1064
2022-02-16,3322,4989582,117805966,23.35,24.3,23.1,23.15,0.45,2708
2022-02-17,3322,2760957,64094792,23.3,23.85,22.6,22.85,-0.3,1478
2022-02-18,3322,1233869,27998827,22.65,22.95,22.45,22.75,-0.1,732
2022-02-21,3322,2422449,53927455,22.6,22.65,21.9,22.4,-0.35,1312
2022-02-22,3322,3405822,72793449,22.1,22.3,21.0,21.05,-1.35,1791
2022-02-23,3322,4799417,108240963,21.4,23.15,21.3,23.15,2.1,2534
2022-02-24,3322,31508382,758591730,23.0,25.1,22.55,23.05,-0.1,15650
2022-02-25,3322,29386676,734204692,23.75,25.35,23.7,25.35,2.3,11696
2022-03-01,3322,30863366,782576027,25.75,26.35,24.55,24.55,-0.8,14496
2022-03-02,3322,8674793,209362103,24.6,24.95,23.5,24.95,0.4,4804
2022-03-03,3322,6994400,173990051,25.25,25.7,24.0,24.8,-0.15,3642
2022-03-04,3322,3415208,82244433,24.6,24.6,23.75,23.75,-1.05,1938
2022-03-07,3322,3388470,76201281,23.2,23.3,22.0,22.1,-1.65,1953
2022-03-08,3322,3927683,86756151,22.1,22.8,21.55,21.65,-0.45,2014
2022-03-09,3322,4621479,105338318,22.1,23.6,21.9,23.6,1.95,2590
2022-03-10,3322,6342737,151262076,24.1,24.9,23.1,23.45,-0.15,3312
2022-03-11,3322,1997174,45643184,23.05,23.2,22.65,22.7,-0.75,1143
2022-03-14,3322,1169065,26742854,22.9,23.35,22.7,22.7,0.0,753
2022-03-15,3322,1594081,35562580,22.8,22.85,22.05,22.05,-0.65,907
2022-03-16,3322,1878343,42379080,22.65,23.0,22.1,22.3,0.25,1100
2022-03-17,3322,3709170,86333147,22.8,23.6,22.75,23.5,1.2,1944
2022-03-18,3322,4471391,104183634,23.75,23.85,22.75,22.95,-0.55,2416
2022-03-21,3322,1272202,29129149,23.1,23.25,22.7,22.7,-0.25,1376
2022-03-22,3322,918682,20933317,22.65,23.0,22.6,22.9,0.2,932
2022-03-23,3322,2475835,57839267,23.1,23.6,23.1,23.45,0.55,1533
2022-03-24,3322,2039540,48063704,23.4,23.8,23.2,23.6,0.15,1399
2022-03-25,3322,7856596,194299967,24.0,25.75,23.85,25.75,2.15,4140
2022-03-28,3322,5711749,144030010,25.2,26.1,24.6,26.0,0.25,3226
2022-03-29,3322,8323954,220081779,26.0,26.95,25.65,26.2,0.2,4503
2022-03-30,3322,4905337,125044891,26.05,26.3,25.0,25.05,-1.15,2879
2022-03-31,3322,3620068,88697653,24.85,25.1,24.1,24.2,-0.85,2232
2022-04-01,3322,1827092,43734164,23.95,24.2,23.65,24.0,-0.2,1143
2022-04-06,3322,1331368,31499538,23.5,24.15,23.45,23.85,-0.15,1044
2022-04-07,3322,1609220,38008684,23.95,24.05,23.25,23.25,-0.6,1018
2022-04-08,3322,1973488,45509071,23.55,23.65,22.8,23.1,-0.15,1296
2022-04-11,3322,3562853,78705882,22.95,22.95,21.6,21.9,-1.2,2080
2022-04-12,3322,1811361,39584625,21.7,22.15,21.5,21.7,-0.2,1262
2022-04-13,3322,1240292,27449244,22.0,22.45,21.95,22.05,0.35,1037
2022-04-14,3322,1175465,25966008,22.1,22.5,21.85,21.9,-0.15,744
2022-04-15,3322,1621015,34605227,21.7,21.75,21.1,21.2,-0.7,995
2022-04-18,3322,1394548,28831677,21.0,21.0,20.35,20.6,-0.6,763
2022-04-19,3322,1145208,23963242,20.95,21.3,20.65,20.75,0.15,612
2022-04-20,3322,1123419,23865160,20.8,21.65,20.7,21.45,0.7,667
2022-04-21,3322,900123,19164860,21.5,21.65,21.0,21.15,-0.3,513
2022-04-22,3322,806787,16771937,20.75,21.2,20.7,20.8,-0.35,442
2022-04-25,3322,2056619,41120750,20.3,20.4,19.8,20.0,-0.8,826
2022-04-26,3322,933772,18753996,20.5,20.55,19.9,19.9,-0.1,449
2022-04-27,3322,1535749,29318001,19.1,19.65,18.75,19.05,-0.85,714
2022-04-28,3322,533881,10275391,19.5,19.6,18.9,19.05,0.0,347
2022-04-29,3322,725594,14088691,19.5,19.8,19.15,19.3,0.25,389
2022-05-03,3322,314423,6046903,19.65,19.65,19.1,19.2,-0.1,230
2022-05-04,3322,573713,11313057,19.55,20.05,19.5,19.95,0.75,370
2022-05-05,3322,1051108,21372021,20.4,20.7,20.0,20.2,0.25,535
2022-05-06,3322,454792,9000651,19.7,20.0,19.6,19.9,-0.3,287
2022-05-09,3322,729810,14181700,19.9,19.9,19.1,19.1,-0.8,355
2022-05-10,3322,551369,10633365,19.0,19.85,18.7,19.5,0.4,309
2022-05-11,3322,2081323,42132130,19.05,21.45,18.7,21.45,1.95,1096
2022-05-12,3322,3403127,71140671,21.0,21.65,19.7,19.85,-1.6,1864
2022-05-13,3322,3031165,63621121,20.05,21.35,20.05,20.8,0.95,1428
2022-05-16,3322,1713518,35845368,21.0,21.5,20.3,20.7,-0.1,1016
2022-05-17,3322,1526603,32083982,20.75,21.45,20.65,20.75,0.05,864
2022-05-18,3322,986576,20567590,21.35,21.35,20.6,20.7,-0.05,586
2022-05-19,3322,722622,14584001,20.0,20.5,19.9,20.35,-0.35,387
2022-05-20,3322,556719,11288858,20.75,20.75,20.1,20.15,-0.2,342
2022-05-23,3322,1360180,28144592,20.15,21.1,20.15,20.45,0.3,802
2022-05-24,3322,6615251,139108165,21.1,21.7,20.1,20.1,-0.35,3643
2022-05-25,3322,933758,18783149,20.2,20.35,19.9,20.1,0.0,563
2022-05-26,3322,1030586,20615716,20.35,20.4,19.85,19.95,-0.15,494
2022-05-27,3322,411840,8248152,20.3,20.3,19.95,19.95,0.0,252
2022-05-30,3322,619648,12520062,20.1,20.4,20.05,20.25,0.3,366
2022-05-31,3322,479181,9754629,20.25,20.55,20.2,20.3,0.05,291
2022-06-01,3322,881043,18193360,20.5,20.95,20.35,20.4,0.1,546
2022-06-02,3322,331832,6767808,20.55,20.65,20.25,20.25,-0.15,268
2022-06-06,3322,332007,6724239,20.3,20.45,20.15,20.15,-0.1,204
2022-06-07,3322,502852,10060122,20.25,20.3,19.9,19.9,-0.25,333
2022-06-08,3322,540401,10780508,20.1,20.15,19.85,19.9,0.0,260
2022-06-09,3322,474261,9438029,19.9,20.0,19.8,19.85,-0.05,263
2022-06-10,3322,382555,7591667,19.95,20.0,19.7,19.95,0.1,232
2022-06-13,3322,816844,15711356,19.45,19.85,19.0,19.0,-0.95,527
2022-06-14,3322,733159,13754904,19.0,19.05,18.5,18.8,-0.2,363
2022-06-15,3322,301109,5721071,18.9,19.35,18.75,18.95,0.15,230
2022-06-16,3322,831640,15296864,19.35,19.35,17.7,17.7,-1.25,428
2022-06-17,3322,812214,14322147,17.3,18.0,17.15,17.7,0.0,392
2022-06-20,3322,937600,15972545,17.75,17.8,16.6,16.65,-1.05,505
2022-06-21,3322,628390,10742960,17.15,17.4,16.75,17.3,0.65,279
2022-06-22,3322,548514,9171518,17.45,17.45,16.5,16.5,-0.8,323
2022-06-23,3322,691661,11349292,16.5,16.8,16.0,16.3,-0.2,338
2022-06-24,3322,513645,8657854,16.6,17.15,16.55,16.7,0.4,315
2022-06-27,3322,244354,4205392,17.25,17.3,17.0,17.2,0.5,180
2022-06-28,3322,305286,5162841,17.2,17.2,16.7,17.05,-0.15,199
2022-06-29,3322,176098,2954292,17.05,17.05,16.65,16.8,-0.25,120
2022-06-30,3322,572793,9245134,16.8,16.8,15.95,16.05,-0.75,363
2022-07-01,3322,808362,12473579,16.0,16.05,14.95,14.95,-1.1,434
2022-07-04,3322,414315,6282239,15.5,15.5,14.95,15.25,0.3,259
2022-07-05,3322,447959,6950797,15.5,15.8,15.05,15.8,0.55,269
2022-07-06,3322,277389,4291040,15.8,15.9,15.1,15.1,-0.7,188
2022-07-07,3322,379889,5812772,15.65,15.65,14.95,15.5,0.4,243
2022-07-08,3322,2654516,44746693,15.6,17.05,15.6,17.05,1.55,805
2022-07-11,3322,2238684,38021180,17.75,17.8,16.35,16.4,-0.65,1035
2022-07-12,3322,588261,9186854,16.05,16.2,15.4,15.4,-1.0,362
2022-07-13,3322,391060,6146089,16.0,16.0,15.5,15.6,0.2,255
2022-07-14,3322,401198,6399687,15.6,16.15,15.3,15.95,0.35,246
2022-07-15,3322,3759432,65329999,16.2,17.5,16.1,17.5,1.55,1332
2022-07-18,3322,7626454,139209263,17.8,18.85,17.5,17.65,0.15,3789
2022-07-19,3322,2069596,36975939,17.65,18.35,17.05,17.95,0.3,1062
2022-07-20,3322,3381436,62202575,18.3,18.65,17.85,18.25,0.3,1683
2022-07-21,3322,1141561,20818614,18.3,18.55,18.0,18.15,-0.1,679
2022-07-22,3322,614047,11154566,18.4,18.4,18.0,18.0,-0.15,381
2022-07-25,3322,556459,9991212,18.15,18.15,17.8,17.8,-0.2,324
2022-07-26,3322,526224,9266860,17.85,18.0,17.45,17.45,-0.35,295
2022-07-27,3322,549481,9796826,17.35,18.15,17.35,17.95,0.5,320
2022-07-28,3322,297453,5306545,18.05,18.2,17.65,17.65,-0.3,205
2022-07-29,3322,543454,9777709,17.85,18.2,17.85,18.05,0.4,297
2022-08-01,3322,332664,6033272,18.15,18.3,18.05,18.1,0.05,241
2022-08-02,3322,388712,6827659,18.0,18.0,17.45,17.45,-0.65,246
2022-08-03,3322,544501,9334989,17.5,17.65,16.95,17.0,-0.45,287
2022-08-04,3322,543135,9076779,17.0,17.1,16.35,16.8,-0.2,274
2022-08-05,3322,536003,9172454,17.1,17.35,16.8,17.15,0.35,270
2022-08-08,3322,486524,8582125,17.15,17.85,17.15,17.65,0.5,280
2022-08-09,3322,295149,5254293,17.75,17.95,17.6,17.9,0.25,166
2022-08-10,3322,295245,5247630,18.0,18.0,17.6,17.8,-0.1,206
2022-08-11,3322,335590,6010451,18.1,18.3,17.75,17.75,-0.05,240
2022-08-12,3322,521427,9411581,17.85,18.2,17.75,18.1,0.35,288
2022-08-15,3322,966167,17818857,18.15,18.6,18.15,18.5,0.4,438
2022-08-16,3322,1224353,23007319,18.65,19.0,18.55,18.95,0.45,589
2022-08-17,3322,885281,16874669,19.1,19.3,18.9,18.95,0.0,424
2022-08-18,3322,418645,8011882,19.0,19.3,18.8,19.2,0.25,262
2022-08-19,3322,1136339,22437397,19.5,20.25,19.2,19.85,0.65,634
2022-08-22,3322,2462648,50603503,20.2,21.0,19.9,20.85,1.0,1292
2022-08-23,3322,2699189,56845575,20.85,21.4,20.4,21.15,0.3,1125
2022-08-24,3322,1986220,42190675,21.4,21.7,20.8,21.0,-0.15,797
2022-08-25,3322,2025489,43465551,21.35,21.8,21.1,21.5,0.5,855
2022-08-26,3322,5049701,113826107,21.55,23.3,21.55,22.65,1.15,2332
2022-08-29,3322,3144700,71355874,22.15,23.15,21.65,22.9,0.25,1652
2022-08-30,3322,3072883,71237031,23.1,23.6,22.8,23.3,0.4,1510
2022-08-31,3322,2682016,62552407,23.3,23.6,22.95,23.45,0.15,1155
2022-09-01,3322,1567949,36702998,23.4,23.65,23.2,23.3,-0.15,777
2022-09-02,3322,1674384,38876242,23.2,23.5,23.05,23.05,-0.25,746
2022-09-05,3322,3894688,85432895,23.2,23.2,20.95,21.7,-1.35,1874
2022-09-06,3322,1615764,35885790,22.7,22.7,21.7,21.9,0.2,854
2022-09-07,3322,698431,15297406,21.8,22.4,21.4,21.9,0.0,408
2022-09-08,3322,694529,15328069,22.0,22.45,21.65,22.15,0.25,431
2022-09-12,3322,1324895,29781545,22.3,23.0,21.9,23.0,0.85,701
2022-09-13,3322,2530860,55381409,22.8,22.8,21.55,21.55,0.0,1341
2022-09-14,3322,1104717,22991766,21.0,21.15,20.35,20.75,-0.8,612
2022-09-15,3322,1538428,31222621,20.8,20.8,20.0,20.0,-0.75,845
2022-09-16,3322,709365,14183981,19.8,20.25,19.75,20.0,0.0,350
2022-09-19,3322,955070,18519032,19.9,19.9,19.0,19.45,-0.55,563
2022-09-20,3322,303883,5958376,19.8,19.8,19.4,19.65,0.2,223
2022-09-21,3322,767444,14917699,19.65,19.7,19.15,19.6,-0.05,256
2022-09-22,3322,357077,6915166,19.5,19.6,19.1,19.45,-0.15,222
2022-09-23,3322,583602,11140935,19.55,19.55,18.8,19.0,-0.45,328
2022-09-26,3322,962290,17353879,18.6,18.75,17.65,17.7,-1.3,552
2022-09-27,3322,538201,9586506,17.8,18.25,17.55,18.25,0.55,269
2022-09-28,3322,898889,15494229,18.3,18.3,16.75,16.8,-1.45,529
2022-09-29,3322,475212,8249895,17.05,17.75,17.05,17.2,0.4,254
2022-09-30,3322,561233,9696256,16.8,17.75,16.7,17.6,0.4,291
2022-10-03,3322,379511,6819554,17.4,18.25,17.35,18.25,0.65,233
2022-10-04,3322,473276,8641357,18.5,18.6,18.05,18.15,-0.1,288
2022-10-05,3322,417980,7677282,18.6,18.65,18.1,18.1,-0.05,235
2022-10-06,3322,281413,5168749,18.4,18.55,18.2,18.45,0.35,169
2022-10-07,3322,184021,3393586,18.45,18.65,18.3,18.4,-0.05,126
2022-10-11,3322,211251,3734726,18.0,18.05,17.5,17.6,-0.8,170
2022-10-12,3322,379976,6555101,17.6,17.65,16.95,17.5,-0.1,213
2022-10-13,3322,1006891,16495986,17.8,17.8,15.8,16.15,-1.35,488
2022-10-14,3322,338024,5636850,16.45,16.95,16.45,16.8,0.65,202
2022-10-17,3322,213314,3499810,16.7,16.7,16.1,16.65,-0.15,137
2022-10-18,3322,267165,4486346,17.45,17.45,16.6,16.9,0.25,151
2022-10-19,3322,142202,2431023,17.0,17.3,17.0,17.0,0.1,94
2022-10-20,3322,184125,3079772,16.8,17.0,16.5,16.75,-0.25,148
2022-10-21,3322,257384,4219322,16.75,16.75,16.1,16.2,-0.55,169
2022-10-24,3322,202253,3360328,16.3,16.8,16.3,16.4,0.2,133
2022-10-25,3322,178013,2918762,16.5,16.65,16.2,16.3,-0.1,105
2022-10-26,3322,139157,2280106,16.5,16.6,16.2,16.2,-0.1,104
2022-10-27,3322,247079,4061346,16.35,16.6,16.3,16.4,0.2,99
2022-10-28,3322,180182,2918414,16.45,16.5,16.05,16.1,-0.3,137
2022-10-31,3322,562173,9550765,16.5,17.5,16.3,16.65,0.55,409
2022-11-01,3322,455407,7851526,16.8,17.4,16.6,17.3,0.65,289
2022-11-02,3322,641376,11451929,17.5,18.1,17.3,18.0,0.7,393
2022-11-03,3322,348223,6236634,17.8,18.1,17.6,18.05,0.05,248
2022-11-04,3322,290589,5271178,18.05,18.4,17.9,18.35,0.3,201
2022-11-07,3322,438524,8110321,19.0,19.0,18.15,18.35,0.0,269
2022-11-08,3322,333275,6185675,18.45,18.85,18.35,18.4,0.05,233
2022-11-09,3322,355246,6646866,18.75,18.9,18.6,18.65,0.25,225
2022-11-10,3322,502325,9431558,18.7,19.05,18.55,18.75,0.1,262
2022-11-11,3322,730494,13514523,19.1,19.45,17.9,17.9,-0.85,418
2022-11-14,3322,380367,6834340,18.15,18.2,17.7,18.05,0.15,200
2022-11-15,3322,356729,6534586,18.05,18.65,18.05,18.55,0.5,210
2022-11-16,3322,3288184,65182076,18.55,20.4,18.55,19.75,1.2,1777
2022-11-17,3322,1462837,29550012,19.65,20.5,19.65,20.4,0.65,807
2022-11-18,3322,1537227,31967977,20.45,21.1,20.45,20.8,0.4,841
2022-11-21,3322,8018811,179451566,22.4,22.85,21.75,22.15,1.35,3682
2022-11-22,3322,2802138,62108892,21.85,22.45,21.75,22.4,0.25,1424
2022-11-23,3322,2011346,44847258,22.55,22.6,22.0,22.0,-0.4,1047
2022-11-24,3322,2069247,44863013,22.4,22.45,21.25,21.5,-0.5,1047
2022-11-25,3322,1028979,21918457,21.9,21.9,20.9,21.0,-0.5,657
2022-11-28,3322,1353353,28970475,20.9,21.95,20.7,21.15,0.15,785
2022-11-29,3322,669990,14365271,20.95,21.7,20.85,21.45,0.3,408
2022-11-30,3322,468721,10088724,21.45,21.7,21.35,21.35,-0.1,278
2022-12-01,3322,1400501,30530580,21.5,22.15,21.45,21.6,0.25,731
2022-12-02,3322,932060,20269252,21.9,21.95,21.55,21.6,0.0,501
2022-12-05,3322,931468,20423323,21.9,22.15,21.7,21.8,0.2,488
2022-12-06,3322,1192508,25308937,21.8,21.9,20.85,20.9,-0.9,583
2022-12-07,3322,762423,15690255,20.9,21.25,20.2,20.25,-0.65,413
2022-12-08,3322,691513,14361527,20.2,21.25,20.15,20.95,0.7,337
2022-12-09,3322,482601,10006805,21.3,21.3,20.55,20.6,-0.35,303
2022-12-12,3322,523258,10606006,20.65,20.65,20.05,20.25,-0.35,223
2022-12-13,3322,605297,12084243,20.15,20.25,19.85,20.0,-0.25,338
2022-12-14,3322,325253,6559212,20.15,20.25,20.0,20.1,0.1,173
2022-12-15,3322,218808,4400918,20.0,20.25,20.0,20.1,0.0,152
2022-12-16,3322,506015,9969428,20.1,20.1,19.55,19.55,-0.55,264
2022-12-19,3322,296334,5774254,19.6,19.7,19.3,19.4,-0.15,136
2022-12-20,3322,492672,9529576,19.5,20.0,19.0,19.0,-0.4,300
2022-12-21,3322,346200,6542379,19.05,19.25,18.6,18.8,-0.2,255
2022-12-22,3322,259484,4928062,19.05,19.15,18.85,18.95,0.15,159
2022-12-23,3322,248127,4627814,18.65,18.95,18.4,18.95,0.0,153
2022-12-26,3322,281277,5368499,19.0,19.3,18.8,19.05,0.1,150
2022-12-27,3322,191279,3687050,19.25,19.4,19.1,19.35,0.3,145
2022-12-28,3322,292978,5552747,19.35,19.35,18.75,18.8,-0.55,215
2022-12-29,3322,164118,3061392,18.6,18.8,18.45,18.7,-0.1,120
2022-12-30,3322,137110,2561100,18.9,18.9,18.6,18.6,-0.1,106
2023-01-03,3322,317339,5964681,18.65,19.1,18.4,19.0,0.4,187
2023-01-04,3322,220709,4217908,19.0,19.3,18.9,19.05,0.05,174
2023-01-05,3322,131070,2497690,19.2,19.2,19.0,19.1,0.05,114
2023-01-06,3322,118281,2258402,19.1,19.2,19.0,19.15,0.05,165
2023-01-09,3322,250097,4786007,19.15,19.25,19.05,19.1,-0.05,170
2023-01-10,3322,1634614,32667919,19.4,20.7,19.3,19.75,0.65,1026
2023-01-11,3322,513112,9986619,19.7,19.85,19.25,19.35,-0.4,340
2023-01-12,3322,438101,8331959,19.4,19.45,18.8,18.8,-0.55,307
2023-01-13,3322,303542,5702529,19.2,19.2,18.6,18.65,-0.15,227
2023-01-16,3322,172578,3206395,18.5,18.75,18.5,18.6,-0.05,179
2023-01-17,3322,155078,2873318,18.4,18.65,18.4,18.65,0.05,127
2023-01-30,3322,318383,6042906,18.7,19.15,18.7,19.0,0.35,216
2023-01-31,3322,354274,6824018,19.0,19.4,19.0,19.15,0.15,220
2023-02-01,3322,444700,8615243,19.3,19.8,19.0,19.6,0.45,310
2023-02-02,3322,298055,5864738,19.7,19.8,19.55,19.6,0.0,241
2023-02-03,3322,9093147,190624411,19.8,21.3,19.65,21.2,1.6,2850
2023-02-06,3322,5799312,123704970,21.3,21.75,21.1,21.45,0.25,2710
2023-02-07,3322,1660616,34962233,21.5,21.5,20.8,20.95,-0.5,885
2023-02-08,3322,1212529,25072594,20.9,21.1,20.5,20.55,-0.4,733
2023-02-09,3322,1344105,28108725,20.7,21.2,20.35,20.75,0.2,678
2023-02-10,3322,571193,11759565,20.75,21.0,20.35,20.45,-0.3,403
2023-02-13,3322,562116,11303924,20.2,20.3,19.95,20.25,-0.2,351
2023-02-14,3322,368609,7510519,20.35,20.6,20.15,20.15,-0.1,253
2023-02-15,3322,345302,6961128,20.2,20.5,20.0,20.2,0.05,256
2023-02-16,3322,394136,8031197,20.15,20.5,20.1,20.45,0.25,261
2023-02-17,3322,456155,9371021,20.45,20.75,20.25,20.45,0.0,279
2023-02-20,3322,1609223,33757546,20.6,21.3,20.6,20.9,0.45,869
2023-02-21,3322,2095236,44476816,21.25,21.45,21.0,21.25,0.35,963
2023-02-22,3322,2710073,57449818,21.25,21.7,20.75,20.95,-0.3,1029
2023-02-23,3322,1120295,23432924,21.0,21.2,20.7,20.95,0.0,585
2023-02-24,3322,778468,16155423,20.9,21.0,20.55,20.8,-0.15,398
2023-03-01,3322,1302579,27397461,21.0,21.2,20.75,20.8,0.0,584
2023-03-02,3322,1396030,29092221,20.95,21.25,20.5,20.55,-0.25,679
2023-03-03,3322,791381,16208819,20.7,20.75,20.35,20.35,-0.2,443
2023-03-06,3322,745506,15333242,20.55,20.75,20.45,20.55,0.2,436
2023-03-07,3322,654619,13585029,20.6,20.9,20.55,20.75,0.2,405
2023-03-08,3322,500736,10392830,20.75,20.9,20.55,20.85,0.1,322
2023-03-09,3322,1731258,36672305,20.95,21.5,20.9,21.0,0.15,1010
2023-03-10,3322,1065603,21721633,20.65,20.95,20.1,20.1,-0.9,664
2023-03-13,3322,808677,16242814,20.0,20.6,19.5,20.4,0.3,475
2023-03-14,3322,331189,6703704,20.1,20.5,20.1,20.1,-0.3,232
2023-03-15,3322,501458,10029321,20.4,20.4,19.75,19.8,-0.3,336
2023-03-16,3322,595445,11677926,20.0,20.0,19.4,19.45,-0.35,343
2023-03-17,3322,681032,13623145,19.65,20.4,19.65,20.1,0.65,272
2023-03-20,3322,572479,11716179,20.1,20.8,19.8,20.5,0.4,447
2023-03-21,3322,5933450,126729642,20.5,21.85,20.5,21.7,1.2,2724
2023-03-22,3322,28356064,666325871,22.35,23.85,22.0,23.85,2.15,7518
2023-03-23,3322,35479152,853438498,24.2,24.8,23.4,23.4,-0.45,14609
2023-03-24,3322,9245953,215697105,23.7,23.8,22.95,23.45,0.05,4057
2023-03-27,3322,4228081,99208572,23.6,23.75,23.25,23.4,-0.05,2597
2023-03-28,3322,6886452,158261467,23.5,24.0,22.15,22.2,-1.2,3547
2023-03-29,3322,3427878,75885960,22.25,22.55,21.85,22.2,0.0,1816
2023-03-30,3322,4401407,99911631,22.5,23.0,22.35,22.75,0.55,1929
2023-03-31,3322,6207055,145018078,23.1,23.75,22.95,23.55,0.8,2950
2023-04-06,3322,2809718,65509527,23.45,23.7,23.1,23.4,-0.15,1543
2023-04-07,3322,1915031,44448869,23.6,23.6,22.9,23.25,-0.15,1287
2023-04-10,3322,1589704,37088646,23.35,23.5,23.05,23.15,-0.1,1265
2023-04-11,3322,3663052,86481338,23.2,23.8,23.2,23.45,0.3,2085
2023-04-12,3322,1836430,43056882,23.5,23.65,23.3,23.3,-0.15,1508
2023-04-13,3322,2184640,49943565,23.3,23.45,22.6,22.8,-0.5,1334
2023-04-14,3322,1348867,30925237,23.05,23.2,22.65,22.75,-0.05,792
2023-04-17,3322,2284204,53403523,22.9,23.65,22.9,23.55,0.8,1198
2023-04-18,3322,3417794,80418218,23.75,24.1,23.0,23.1,-0.45,1799
2023-04-19,3322,2803662,66092910,23.45,23.8,23.15,23.7,0.6,1199
2023-04-20,3322,4522474,103818980,24.0,24.1,22.25,22.25,-1.45,2382
2023-04-21,3322,2608671,56813832,22.5,22.6,21.3,21.3,-0.95,1314
2023-04-24,3322,1428416,31468959,21.1,22.45,21.1,21.9,0.6,775
2023-04-25,3322,1544263,33129756,21.9,21.95,21.15,21.25,-0.65,760
2023-04-26,3322,1171880,24669591,21.2,21.4,20.7,21.2,-0.05,546
2023-04-27,3322,589309,12459828,21.35,21.35,20.95,21.1,-0.1,397
2023-04-28,3322,764481,16359909,21.35,21.55,21.25,21.4,0.3,438
2023-05-02,3322,779363,17069793,21.8,22.2,21.55,22.05,0.65,470
2023-05-03,3322,564020,12329329,22.05,22.15,21.7,21.7,-0.35,348
2023-05-04,3322,501856,10942652,21.8,22.0,21.5,21.85,0.15,279
2023-05-05,3322,928337,20421395,21.9,22.3,21.6,21.8,-0.05,436
2023-05-08,3322,503408,11084982,22.15,22.25,21.8,21.8,0.0,291
2023-05-09,3322,850357,18170342,21.8,21.9,21.1,21.1,-0.7,474
2023-05-10,3322,443117,9342616,21.15,21.25,20.95,21.15,0.05,266
2023-05-11,3322,6224989,121683422,21.35,21.35,19.05,19.05,-2.1,2229
2023-05-12,3322,1777676,33793764,19.0,19.2,18.7,19.15,0.1,757
2023-05-15,3322,804677,15310207,19.1,19.2,18.85,19.1,-0.05,391
2023-05-16,3322,491400,9524990,19.2,19.5,19.2,19.4,0.3,257
2023-05-17,3322,806579,15650028,19.4,19.65,19.0,19.55,0.15,358
2023-05-18,3322,789533,15544167,19.7,19.95,19.45,19.8,0.25,377
2023-05-19,3322,870241,17206663,19.95,20.05,19.6,19.6,-0.2,443
2023-05-22,3322,683564,13665005,19.8,20.1,19.8,20.05,0.45,339
2023-05-23,3322,567573,11419785,20.3,20.35,20.0,20.15,0.1,302
2023-05-24,3322,566349,11308872,20.1,20.1,19.85,20.0,-0.15,270
2023-05-25,3322,354651,7069076,20.1,20.1,19.85,19.9,-0.1,223
2023-05-26,3322,781967,15424932,20.05,20.05,19.55,19.6,-0.3,399
2023-05-29,3322,736798,14724956,19.8,20.15,19.7,20.1,0.5,375
2023-05-30,3322,377692,7533897,20.2,20.25,19.85,19.85,-0.25,212
2023-05-31,3322,399256,8019291,20.0,20.2,19.9,20.05,0.2,237
2023-06-01,3322,372172,7503021,20.45,20.45,20.05,20.15,0.1,202
2023-06-02,3322,899879,18006749,20.4,20.4,19.9,19.95,-0.2,484
2023-06-05,3322,725558,14610678,19.95,20.25,19.95,20.15,0.2,352
2023-06-06,3322,500324,10029443,20.4,20.4,19.95,20.0,-0.15,272
2023-06-07,3322,671062,13425808,20.05,20.2,19.95,20.0,0.0,257
2023-06-08,3322,627266,12443720,20.0,20.05,19.7,19.75,-0.25,341
2023-06-09,3322,385468,7606537,19.8,19.85,19.65,19.7,-0.05,235
2023-06-12,3322,581407,11493587,19.85,20.0,19.55,19.9,0.2,324
2023-06-13,3322,1005271,20300945,20.0,20.4,19.95,20.3,0.4,510
2023-06-14,3322,433942,8763111,20.3,20.45,20.0,20.1,-0.2,283
2023-06-15,3322,660689,13290647,20.05,20.25,20.0,20.25,0.15,294
2023-06-16,3322,543509,10958854,20.45,20.45,20.05,20.05,-0.2,313
2023-06-19,3322,425390,8496108,20.1,20.2,19.9,19.95,-0.1,275
2023-06-20,3322,490473,9725567,20.0,20.15,19.7,19.85,-0.1,277
2023-06-21,3322,282198,5583334,19.8,19.9,19.65,19.75,-0.1,196
2023-06-26,3322,503975,9866333,19.9,19.9,19.45,19.55,-0.2,337
2023-06-27,3322,940305,18134680,19.55,19.55,19.2,19.2,-0.35,420
2023-06-28,3322,240157,4637997,19.2,19.4,19.1,19.35,0.15,137
2023-06-29,3322,809253,16070392,19.4,20.2,19.4,19.85,0.5,427
2023-06-30,3322,466514,9291580,20.05,20.05,19.7,20.0,0.15,237
2023-07-03,3322,663904,13396556,20.0,20.3,20.0,20.15,0.15,294
2023-07-04,3322,811280,16442262,20.2,20.4,20.15,20.2,0.05,423
2023-07-05,3322,662080,13520990,20.2,20.6,20.2,20.5,0.3,330
2023-07-06,3322,613295,12544140,20.5,20.7,20.2,20.4,-0.1,318
2023-07-07,3322,629593,12689093,20.4,20.4,19.95,20.25,-0.15,311
2023-07-10,3322,313769,6279371,20.2,20.2,19.9,20.05,-0.2,181
2023-07-11,3322,1291495,26540518,20.2,20.75,20.15,20.7,0.65,689
2023-07-12,3322,5753504,124412452,21.0,22.15,21.0,21.2,0.5,3088
2023-07-13,3322,2197805,46265869,21.0,21.6,20.65,20.7,-0.5,1162
2023-07-14,3322,940864,19819793,21.1,21.3,20.8,21.0,0.3,495
2023-07-17,3322,991945,21050617,21.3,21.5,20.7,21.1,0.1,483
2023-07-18,3322,2679854,57860001,21.5,22.0,20.85,21.65,0.55,1249
2023-07-19,3322,1972579,42704589,21.65,22.05,21.3,21.65,0.0,874
2023-07-20,3322,2237075,49178334,21.8,22.35,21.7,21.85,0.2,1000
2023-07-21,3322,992833,21675326,21.7,22.15,21.45,21.85,0.0,514
2023-07-24,3322,1455661,31575480,22.15,22.2,21.3,21.65,-0.2,663
2023-07-25,3322,2797601,62499758,21.8,22.8,21.4,22.2,0.55,1411
2023-07-26,3322,1701309,38190639,22.5,22.75,22.05,22.2,0.0,913
2023-07-27,3322,1980677,44983664,22.45,23.0,22.4,22.75,0.55,1055
2023-07-28,3322,1921932,43933472,22.85,23.15,22.35,22.95,0.2,949
2023-07-31,3322,2371296,54997187,23.25,23.65,22.75,22.95,0.0,1148
2023-08-01,3322,1407368,31974646,22.95,23.3,22.35,22.6,-0.35,717
2023-08-02,3322,1457561,32424603,22.8,22.95,21.85,22.1,-0.5,845
2023-08-04,3322,791502,17511198,22.15,22.4,21.65,22.35,0.25,456
2023-08-07,3322,642910,14427027,22.5,22.7,22.15,22.7,0.35,371
2023-08-08,3322,603010,13603788,22.75,22.9,22.3,22.7,0.0,397
2023-08-09,3322,705959,15716540,22.6,22.7,22.0,22.1,-0.6,440
2023-08-10,3322,1712224,38564761,22.55,23.1,22.15,22.45,0.35,955
2023-08-11,3322,1865168,40116403,22.3,22.4,21.0,21.0,-1.45,1143
2023-08-14,3322,2419144,50944259,20.85,21.9,20.25,21.3,0.3,792
2023-08-15,3322,659973,14246828,21.65,21.9,21.4,21.4,0.1,288
2023-08-16,3322,835780,18081700,21.3,21.9,21.0,21.8,0.4,331
2023-08-17,3322,495437,10946618,21.55,22.25,21.5,22.15,0.35,269
2023-08-18,3322,646435,14327979,22.15,22.6,21.8,21.9,-0.25,385
2023-08-21,3322,177153,3861657,22.05,22.05,21.7,21.8,-0.1,125
2023-08-22,3322,382337,8250454,22.05,22.05,21.45,21.55,-0.25,239
2023-08-23,3322,244017,5252014,21.65,21.9,21.35,21.4,-0.15,172
2023-08-24,3322,1068795,22373972,21.5,21.5,20.6,20.9,-0.5,505
2023-08-25,3322,302279,6310018,20.9,21.2,20.7,20.7,-0.2,187
2023-08-28,3322,536756,10965672,20.7,20.8,20.2,20.25,-0.45,347
2023-08-29,3322,281025,5729111,20.35,20.8,20.1,20.4,0.15,210
2023-08-30,3322,334214,6967736,21.0,21.1,20.5,20.85,0.45,230
2023-08-31,3322,448379,9456535,21.05,21.35,20.85,21.25,0.4,266
2023-09-01,3322,291500,6164770,21.45,21.45,21.05,21.25,0.0,182
2023-09-04,3322,988724,21357866,21.4,21.9,21.0,21.8,0.55,501
2023-09-05,3322,727190,15620859,21.2,21.8,21.2,21.35,0.0,412
2023-09-06,3322,260929,5558983,21.4,21.5,21.15,21.3,-0.05,212
2023-09-07,3322,2108774,46637319,21.35,22.95,21.35,21.55,0.25,1182
2023-09-08,3322,469063,10091949,21.6,22.0,21.25,21.4,-0.15,326
2023-09-11,3322,351798,7496618,21.45,21.6,21.15,21.15,-0.25,234
2023-09-12,3322,9783098,226230437,22.75,23.25,22.4,23.25,2.1,3365
2023-09-13,3322,16218352,375806763,23.3,23.9,22.3,23.9,0.65,7646
2023-09-14,3322,6122193,144351828,24.15,24.25,23.0,23.1,-0.8,3436
2023-09-15,3322,2925811,67384906,23.1,23.55,22.7,22.75,-0.35,1627
2023-09-18,3322,1532361,35116440,22.7,23.25,22.65,22.75,0.0,838
2023-09-19,3322,1641144,37590031,22.95,23.4,22.6,22.6,-0.15,899
2023-09-20,3322,3597766,83892016,22.6,23.8,22.55,23.05,0.45,2028
2023-09-21,3322,1557964,35376246,23.15,23.25,22.4,22.4,-0.65,958
2023-09-22,3322,8547988,202399787,22.2,24.2,22.15,23.8,1.4,3731
2023-09-25,3322,22574986,552818694,24.0,25.6,23.3,23.35,-0.45,11127
2023-09-26,3322,3922303,90176314,23.2,23.55,22.75,22.8,-0.55,2048
2023-09-27,3322,4275743,100379416,22.8,23.8,22.75,23.4,0.6,2285
2023-09-28,3322,13064601,320615636,23.75,24.95,23.75,24.95,1.55,6331
2023-10-02,3322,13263094,333302745,25.3,25.65,24.45,25.05,0.1,6564
2023-10-03,3322,19549869,501379787,25.05,26.15,24.8,25.8,0.75,8700
2023-10-04,3322,12808428,330810951,25.65,26.15,25.4,25.65,-0.15,5935
2023-10-05,3322,7557334,191607849,25.6,25.9,25.0,25.1,-0.55,3942
2023-10-06,3322,5267200,130232787,25.2,25.2,24.3,24.35,-0.75,2540
2023-10-11,3322,3244576,79566108,24.75,24.8,24.1,24.45,0.1,1548
2023-10-12,3322,4730778,113625326,23.6,24.75,23.1,24.55,0.1,2318
2023-10-13,3322,2039411,49082842,24.4,24.4,23.8,24.0,-0.55,1130
2023-10-16,3322,1745029,42088481,23.85,24.65,23.8,23.95,-0.05,1016
2023-10-17,3322,2637661,64625434,24.1,24.9,24.1,24.25,0.3,1493
2023-10-18,3322,2368229,56087540,24.6,24.6,23.25,23.35,-0.9,1361
2023-10-19,3322,886272,20887256,23.2,23.8,23.15,23.6,0.25,617
2023-10-20,3322,1214288,28112223,23.35,23.5,22.75,23.5,-0.1,810
2023-10-23,3322,1055936,24587257,23.05,23.6,23.0,23.2,-0.3,637
2023-10-24,3322,1289392,30335405,23.25,23.9,23.0,23.75,0.55,814
2023-10-25,3322,3689151,90487537,23.9,24.9,23.9,24.8,1.05,1954
2023-10-26,3322,4648492,115643654,24.5,25.35,24.35,24.4,-0.4,2442
2023-10-27,3322,6105265,152810355,24.6,25.45,24.55,24.8,0.4,3065
2023-10-30,3322,6227187,157330180,24.8,25.65,24.75,25.2,0.4,3162
2023-10-31,3322,7573215,190414503,25.35,25.65,24.45,24.85,-0.35,3325
2023-11-01,3322,15014653,386038300,25.05,26.1,25.05,26.1,1.25,5725
2023-11-02,3322,16773208,430439587,26.1,26.15,25.1,26.15,0.05,7415
2023-11-03,3322,17883638,466984936,26.3,27.8,25.1,25.1,-1.05,8657
2023-11-06,3322,4053895,101494436,25.2,25.6,24.65,25.0,-0.1,2088
2023-11-07,3322,2419838,60952792,25.15,25.5,24.85,25.05,0.05,1378
2023-11-08,3322,7678632,197322949,25.5,26.2,25.1,25.1,0.05,3672
2023-11-09,3322,2757600,68471118,25.4,25.4,24.5,24.5,-0.6,1520
2023-11-10,3322,2591868,64710930,24.4,25.35,24.35,25.15,0.65,1332
2023-11-13,3322,4778997,116555605,24.5,24.8,24.05,24.3,-0.85,2090
2023-11-14,3322,1797922,43513890,24.45,24.5,24.05,24.05,-0.25,1008
2023-11-15,3322,1588315,38527108,24.3,24.55,24.0,24.05,0.0,867
2023-11-16,3322,2176433,53762808,24.35,25.0,24.3,24.95,0.9,1303
2023-11-17,3322,5057597,127875818,25.0,25.75,25.0,25.0,0.05,2421
2023-11-20,3322,1732412,43422435,25.4,25.4,24.85,24.85,-0.15,989
2023-11-21,3322,3001529,73403475,25.15,25.15,24.1,24.2,-0.65,1703
2023-11-22,3322,1618388,39087187,24.3,24.4,24.0,24.05,-0.15,875
2023-11-23,3322,2789319,67768286,24.05,24.7,23.8,24.05,0.0,1251
2023-11-24,3322,1039986,25025095,24.05,24.3,23.95,24.05,0.0,671
2023-11-27,3322,3118630,72837229,24.15,24.15,23.0,23.0,-1.05,1726
2023-11-28,3322,983736,22730677,23.0,23.3,23.0,23.1,0.1,620
2023-11-29,3322,1337712,31539077,23.35,23.7,23.35,23.7,0.6,826
2023-11-30,3322,903870,21373169,23.8,23.95,23.55,23.55,-0.15,563
2023-12-01,3322,1286367,29930704,23.55,23.55,23.2,23.2,-0.35,668
2023-12-04,3322,1162680,26921941,23.2,23.4,23.0,23.05,-0.15,686
2023-12-05,3322,2806786,64317873,23.05,23.5,22.45,23.5,0.45,1437
2023-12-06,3322,1165940,27338401,23.5,23.7,23.2,23.45,-0.05,651
2023-12-07,3322,942238,21822594,23.45,23.5,23.0,23.0,-0.45,565
2023-12-08,3322,927369,21352892,23.25,23.25,22.9,22.95,-0.05,509
2023-12-11,3322,588208,13627996,23.0,23.35,22.95,23.25,0.3,370
2023-12-12,3322,1302446,29904699,23.25,23.25,22.85,22.9,-0.35,826
2023-12-13,3322,1004216,23018187,23.3,23.3,22.85,22.95,0.05,677
2023-12-14,3322,1496683,34147229,23.05,23.2,22.6,22.6,-0.35,896
2023-12-15,3322,810144,18332887,22.75,22.9,22.5,22.5,-0.1,473
2023-12-18,3322,739129,16574151,22.5,22.7,22.25,22.25,-0.25,438
2023-12-19,3322,1217402,26742061,22.2,22.35,21.75,22.0,-0.25,630
2023-12-20,3322,593723,13091207,22.0,22.3,21.95,22.1,0.1,366
2023-12-21,3322,527845,11657227,22.0,22.3,21.95,21.95,-0.15,348
2023-12-22,3322,1284994,27942766,22.2,22.2,21.5,21.5,-0.45,666
2023-12-25,3322,628445,13661988,21.6,21.95,21.55,21.85,0.35,374
2023-12-26,3322,509784,11132654,22.0,22.0,21.75,21.85,0.0,315
2023-12-27,3322,602715,13275039,21.85,22.2,21.85,22.05,0.2,354
2023-12-28,3322,585926,12939153,22.05,22.3,21.9,21.9,-0.15,366
2023-12-29,3322,422258,9254747,21.9,22.05,21.8,21.95,0.05,264
2024-01-02,3322,759260,16930384,22.05,22.45,22.05,22.4,0.45,497
2024-01-03,3322,615299,13603133,22.35,22.35,21.9,21.9,-0.5,364
2024-01-04,3322,487619,10667927,22.0,22.1,21.8,21.8,-0.1,318
2024-01-05,3322,285254,6230179,21.95,22.0,21.7,21.8,0.0,188
2024-01-08,3322,364836,7926625,21.95,21.95,21.6,21.6,-0.2,238
2024-01-09,3322,857802,18210714,21.75,21.75,21.05,21.1,-0.5,455
2024-01-10,3322,644913,13607540,21.1,21.25,21.0,21.05,-0.05,283
2024-01-11,3322,311079,6602010,21.0,21.4,21.0,21.3,0.25,179
2024-01-12,3322,2024293,44946236,21.3,22.7,21.3,22.05,0.75,1115
2024-01-15,3322,542873,11910960,22.2,22.2,21.75,21.75,-0.3,417
2024-01-16,3322,564229,12407602,21.9,22.2,21.75,21.9,0.15,354
2024-01-17,3322,390213,8467566,22.15,22.15,21.6,21.6,-0.3,349
2024-01-18,3322,494842,10577940,21.6,21.7,21.05,21.4,-0.2,357
2024-01-19,3322,321350,6930219,21.65,21.75,21.4,21.55,0.15,235
2024-01-22,3322,648751,14259201,21.6,22.3,21.45,22.1,0.55,445
2024-01-23,3322,343784,7579445,22.1,22.3,21.9,22.1,0.0,243
2024-01-24,3322,1111670,24936789,22.2,22.6,22.2,22.45,0.35,563
2024-01-25,3322,545989,12131888,22.55,22.65,22.0,22.2,-0.25,341
2024-01-26,3322,384058,8521342,22.25,22.35,22.0,22.05,-0.15,279
2024-01-29,3322,497055,11013302,22.05,22.3,22.05,22.25,0.2,257
2024-01-30,3322,498616,11120829,22.25,22.5,22.15,22.45,0.2,321
2024-01-31,3322,720542,16223114,22.45,22.7,22.35,22.45,0.0,563
2024-02-01,3322,502284,11308384,22.45,22.75,22.3,22.6,0.15,375
2024-02-02,3322,472183,10611689,22.7,22.75,22.35,22.4,-0.2,294
2024-02-05,3322,437108,9772320,22.4,22.55,22.15,22.35,-0.05,364
2024-02-15,3322,1560825,35902924,22.25,23.35,22.25,23.05,0.7,714
2024-02-16,3322,3044620,72115649,23.65,23.95,23.4,23.6,0.55,1440
2024-02-19,3322,3619142,88381309,24.25,24.8,23.85,24.15,0.55,2217
2024-02-20,3322,2918847,71730081,24.3,24.75,24.3,24.5,0.35,1575
2024-02-21,3322,1197812,29291584,24.8,24.95,24.0,24.35,-0.15,868
2024-02-22,3322,1279593,31162907,24.4,24.7,24.15,24.15,-0.2,733
2024-02-23,3322,1435799,35082311,24.75,24.75,24.1,24.4,0.25,846
2024-02-26,3322,2044796,50705770,24.85,24.95,24.55,24.65,0.25,1126
2024-02-27,3322,1234504,29915324,24.85,24.9,23.9,24.3,-0.35,884
2024-02-29,3322,2430661,60464018,24.5,25.05,24.4,24.8,0.5,1140
2024-03-01,3322,7902471,202713134,25.0,26.4,25.0,25.05,0.25,4156
2024-03-04,3322,6711281,174292344,25.55,26.5,25.4,25.5,0.45,3527
2024-03-05,3322,3004238,77153549,25.95,26.15,25.25,25.4,-0.1,1724
2024-03-06,3322,2085950,53264432,24.85,25.9,24.8,25.55,0.15,1205
2024-03-07,3322,3154137,80509274,26.0,26.0,25.05,25.35,-0.2,1426
2024-03-08,3322,3654469,90028016,25.7,25.7,23.75,24.65,-0.7,2090
2024-03-11,3322,2198236,55394159,24.75,25.55,24.75,25.15,0.5,1165
2024-03-12,3322,2836776,69138031,24.65,24.7,23.85,24.5,-0.65,1422
2024-03-13,3322,3766470,90464077,24.7,24.7,23.35,24.5,0.0,1714
2024-03-14,3322,4686088,119040416,24.7,25.95,24.35,25.6,1.1,2355
2024-03-15,3322,7279908,188902876,25.6,26.4,25.35,26.0,0.4,3041
2024-03-18,3322,5375430,140627431,26.25,26.5,25.75,26.15,0.15,2241
2024-03-19,3322,3955991,102043654,26.25,26.25,25.4,25.4,-0.75,1680
2024-03-20,3322,9433241,249139500,25.5,26.8,25.25,26.2,0.8,3947
2024-03-21,3322,15581519,424993396,26.55,27.95,26.05,27.85,1.65,7015
2024-03-22,3322,15543095,417454219,28.0,28.1,25.7,26.6,-1.25,6704
2024-03-25,3322,6664015,171904145,26.7,26.75,25.35,25.45,-1.15,3459
2024-03-26,3322,4168440,103462392,25.45,25.8,24.25,24.4,-1.05,2261
2024-03-27,3322,1802436,44185491,24.75,24.8,24.25,24.45,0.05,992
2024-03-28,3322,1896719,45873935,24.5,24.6,23.85,23.9,-0.55,1043
2024-03-29,3322,1295875,31131600,24.0,24.25,23.75,23.95,0.05,807
2024-04-01,3322,1094844,26312594,24.1,24.35,23.8,23.8,-0.15,840
2024-04-02,3322,1671006,39581923,24.1,24.1,23.5,23.55,-0.25,990
2024-04-03,3322,1649291,38230254,23.4,23.6,23.0,23.2,-0.35,1043
2024-04-08,3322,1978761,45459956,23.2,23.25,22.8,22.95,-0.25,1073
2024-04-09,3322,2105239,49137147,23.0,24.0,22.75,24.0,1.05,1257
2024-04-10,3322,1078506,25727800,23.95,24.2,23.7,23.7,-0.3,964
2024-04-11,3322,1834206,42570163,23.45,23.5,23.0,23.25,-0.45,831
2024-04-12,3322,2981121,72678059,23.2,25.1,23.2,24.6,1.35,1708
2024-04-15,3322,1230797,29796331,24.4,24.5,24.0,24.1,-0.5,812
2024-04-16,3322,1569460,36436764,23.75,23.8,23.0,23.05,-1.05,1009
2024-04-17,3322,1804020,41576376,23.2,23.4,22.9,22.9,-0.15,937
2024-04-18,3322,1475375,33750590,22.85,23.2,22.6,22.95,0.05,687
2024-04-19,3322,9298391,197078369,22.75,22.95,20.7,21.3,-1.65,3357
2024-04-22,3322,1733921,37748312,21.35,22.4,21.35,21.5,0.2,993
2024-04-23,3322,754902,16346593,21.85,22.05,21.4,21.65,0.15,370
2024-04-24,3322,1168163,25612484,21.85,22.15,21.65,22.15,0.5,555
2024-04-25,3322,554189,12136798,22.2,22.3,21.7,21.7,-0.45,322
2024-04-26,3322,410170,8974219,21.7,22.0,21.7,21.85,0.15,280
2024-04-29,3322,642925,14054603,21.9,22.1,21.65,21.9,0.05,470
2024-04-30,3322,456226,9969441,22.0,22.0,21.75,21.75,-0.15,315
2024-05-02,3322,845860,18838678,21.7,22.45,21.7,22.3,0.55,538
2024-05-03,3322,789896,17558607,22.55,22.55,22.0,22.1,-0.2,545
2024-05-06,3322,512982,11321805,22.25,22.25,21.8,22.2,0.1,400
2024-05-07,3322,634076,14103979,22.35,22.35,22.0,22.3,0.1,431
2024-05-08,3322,905104,20447927,22.3,22.8,22.3,22.75,0.45,580
2024-05-09,3322,628353,14113127,22.9,22.9,22.2,22.2,-0.55,443
2024-05-10,3322,664549,14605681,22.05,22.2,21.85,21.95,-0.25,376
2024-05-13,3322,570543,12741923,22.45,22.5,22.05,22.5,0.55,365
2024-05-14,3322,417635,9337618,22.3,22.55,22.25,22.3,-0.2,258
2024-05-15,3322,927732,21000007,22.45,22.8,22.35,22.5,0.2,512
2024-05-16,3322,488056,10982393,22.8,22.8,22.4,22.5,0.0,309
2024-05-17,3322,402325,9051374,22.6,22.65,22.4,22.5,0.0,302
2024-05-20,3322,551340,12404843,22.55,22.65,22.35,22.5,0.0,245
2024-05-21,3322,470612,10571973,22.45,22.65,22.35,22.5,0.0,281
2024-05-22,3322,1260964,29034056,22.65,23.35,22.6,22.85,0.35,734
2024-05-23,3322,1044046,23697692,23.55,23.55,22.4,22.4,-0.45,602
2024-05-24,3322,426819,9614118,22.3,22.7,22.05,22.5,0.1,264
2024-05-27,3322,1112066,25729820,22.75,23.35,22.75,23.1,0.6,647
2024-05-28,3322,2899452,69162081,23.25,24.3,23.2,23.8,0.7,1484
2024-05-29,3322,3336548,81276274,24.2,24.8,23.6,24.3,0.5,1660
2024-05-30,3322,1154418,27614793,24.25,24.25,23.6,23.65,-0.65,857
2024-05-31,3322,750008,17640182,23.95,23.95,23.3,23.35,-0.3,525
2024-06-03,3322,987194,23665349,23.75,24.45,23.45,23.8,0.45,634
2024-06-04,3322,580344,13609378,23.55,23.8,23.2,23.2,-0.6,381
2024-06-05,3322,987723,22796848,23.3,23.35,22.85,23.0,-0.2,456
2024-06-06,3322,549646,12596930,23.05,23.15,22.65,23.0,0.0,342
2024-06-07,3322,611002,14299492,22.9,23.75,22.9,23.7,0.7,333
2024-06-11,3322,553068,12901800,24.05,24.05,23.1,23.1,-0.6,328
2024-06-12,3322,1669310,39782522,23.65,24.3,23.5,23.5,0.4,939
2024-06-13,3322,560092,13194383,23.6,23.8,23.25,23.65,0.15,372
2024-06-14,3322,695179,16495520,23.7,23.9,23.6,23.65,0.0,409
2024-06-17,3322,602413,14336642,23.85,24.15,23.6,23.7,0.05,464
2024-06-18,3322,400968,9479621,23.9,23.95,23.4,23.55,-0.15,341
2024-06-19,3322,569358,13269500,23.7,23.7,23.2,23.2,-0.35,484
2024-06-20,3322,547386,12756312,23.1,23.5,23.1,23.25,0.05,344
2024-06-21,3322,532508,12420169,23.35,23.5,23.1,23.3,0.05,315
2024-06-24,3322,618213,14570830,23.35,23.75,23.35,23.5,0.2,415
2024-06-25,3322,1049521,24486682,23.7,23.85,22.7,23.75,0.25,458
2024-06-26,3322,767269,18128074,23.75,23.9,23.4,23.4,-0.35,320
2024-06-27,3322,574018,13332322,23.4,23.5,23.0,23.2,-0.2,336
2024-06-28,3322,578851,13599402,23.2,23.7,23.2,23.5,0.3,339
2024-07-01,3322,619162,14494741,23.6,23.65,23.15,23.15,-0.35,300
2024-07-02,3322,694200,16212098,23.25,23.7,23.0,23.6,0.45,378
2024-07-03,3322,1332536,31753567,23.6,24.0,23.6,23.8,0.2,579
2024-07-04,3322,2010824,48508556,23.95,24.45,23.85,24.05,0.25,911
2024-07-05,3322,2160196,52453504,24.05,24.65,24.0,24.05,0.0,978
2024-07-08,3322,997709,24030765,24.3,24.45,23.9,24.05,0.0,511
2024-07-09,3322,1118124,26607408,24.25,24.25,23.35,23.75,-0.3,560
2024-07-10,3322,812348,19486003,24.05,24.15,23.85,23.95,0.2,471
2024-07-11,3322,1919980,44693088,23.45,23.65,23.1,23.1,0.0,938
2024-07-12,3322,694216,15973258,22.95,23.4,22.75,22.9,-0.2,405
2024-07-15,3322,1389410,31332800,23.05,23.05,22.25,22.3,-0.6,721
2024-07-16,3322,517856,11597101,22.45,22.6,22.3,22.3,0.0,336
2024-07-17,3322,424663,9489974,22.5,22.6,22.25,22.25,-0.05,316
2024-07-18,3322,924192,20196634,22.25,22.25,21.6,21.8,-0.45,545
2024-07-19,3322,893069,19082782,21.85,21.85,21.15,21.2,-0.6,536
2024-07-22,3322,1347362,28768682,21.25,21.8,20.8,21.7,0.5,645
2024-07-23,3322,695228,15123120,21.7,22.2,21.4,22.1,0.4,409
2024-07-26,3322,463679,10045288,21.75,21.95,21.5,21.5,-0.6,329
2024-07-29,3322,1767594,36857068,21.9,21.9,20.2,20.3,-1.2,783
2024-07-30,3322,1825379,36108543,20.0,20.2,19.45,20.05,-0.25,886
2024-07-31,3322,479375,9657472,19.9,20.4,19.8,20.2,0.15,276
2024-08-01,3322,504694,10287627,20.2,20.5,20.2,20.4,0.2,284
2024-08-02,3322,552041,11001854,20.25,20.25,19.8,19.85,-0.55,342
2024-08-05,3322,2014890,36531885,19.5,19.5,17.9,17.9,-1.95,933
2024-08-06,3322,1462807,25938188,18.35,18.6,16.6,18.1,0.2,683
2024-08-07,3322,2365073,45532580,18.55,19.9,18.55,19.9,1.8,1023
2024-08-08,3322,2055720,40692979,20.25,20.4,19.35,19.5,-0.4,651
2024-08-09,3322,3011780,63389254,20.05,21.45,20.05,21.4,1.9,1276
2024-08-12,3322,1729977,37478097,21.15,22.45,21.15,21.2,-0.2,900
2024-08-13,3322,434917,9095474,20.8,21.2,20.8,21.0,-0.2,334
2024-08-14,3322,2947348,63574122,21.1,22.0,20.9,21.5,0.5,939
2024-08-15,3322,2382628,51618526,21.55,22.0,20.9,20.9,-0.6,1010
2024-08-16,3322,2479176,54984442,21.5,22.8,21.25,22.0,1.1,1159
2024-08-19,3322,1399174,30888846,22.25,22.3,21.7,22.0,0.0,558
2024-08-20,3322,4449814,104189278,22.5,24.1,22.3,23.1,1.1,2192
2024-08-21,3322,1607907,37313057,23.15,23.65,22.8,23.2,0.1,1008
2024-08-22,3322,1365952,31645116,23.4,23.55,22.7,22.95,-0.25,692
2024-08-23,3322,600369,13775502,22.95,23.15,22.7,23.1,0.15,461
2024-08-26,3322,648189,15054698,23.45,23.55,23.0,23.0,-0.1,521
2024-08-27,3322,575433,13145701,22.9,23.2,22.55,22.65,-0.35,437
2024-08-28,3322,602674,13633725,22.7,22.9,22.45,22.5,-0.15,394
2024-08-29,3322,414674,9378541,22.15,22.8,22.15,22.7,0.2,260
2024-08-30,3322,1328603,31074473,22.75,23.7,22.75,23.0,0.3,839
2024-09-02,3322,3007289,71563909,23.3,24.45,23.2,23.2,0.2,1701
2024-09-03,3322,875449,19997034,23.3,23.4,22.5,22.5,-0.7,770
2024-09-04,3322,3478048,74771236,20.9,22.1,20.5,20.7,-1.8,1150
2024-09-05,3322,1066532,22342564,21.0,21.7,20.3,20.7,0.0,687
2024-09-06,3322,667327,13902049,20.7,21.3,20.4,20.8,0.1,416
2024-09-09,3322,584813,11978600,20.2,20.75,20.2,20.6,0.0,242
2024-09-10,3322,569570,11646437,20.85,21.0,20.0,20.05,-0.55,327
2024-09-11,3322,698414,13848188,20.1,20.15,19.65,19.7,-0.35,459
2024-09-12,3322,309298,6136035,19.9,20.05,19.7,19.7,0.0,227
2024-09-13,3322,257575,5134316,19.75,20.15,19.75,20.0,0.3,183
2024-09-16,3322,232622,4682243,20.0,20.25,20.0,20.1,0.1,204
2024-09-18,3322,366899,7297064,20.4,20.4,19.7,19.7,-0.4,296
2024-09-19,3322,249998,4953281,20.1,20.1,19.6,19.95,0.25,192
2024-09-20,3322,376713,7565040,20.05,20.6,19.8,19.85,-0.1,259
2024-09-23,3322,339887,6760933,19.95,20.05,19.65,19.65,-0.2,200
2024-09-24,3322,178359,3515448,19.95,19.95,19.6,19.65,0.0,147
2024-09-25,3322,524240,10541349,19.7,20.45,19.7,20.0,0.35,359
2024-09-26,3322,354475,7094835,20.15,20.2,19.85,19.85,-0.15,230
2024-09-27,3322,294226,5865275,20.05,20.1,19.75,19.95,0.1,210
2024-09-30,3322,210036,4191712,19.85,20.1,19.8,19.9,-0.05,163
2024-10-01,3322,479732,9666119,20.0,20.45,19.95,20.2,0.3,300
2024-10-04,3322,455894,9249231,20.25,20.5,20.0,20.25,0.05,287
2024-10-07,3322,481115,9715056,20.6,20.65,20.0,20.05,-0.2,316
2024-10-08,3322,288666,5732794,20.05,20.1,19.75,19.75,-0.3,211
2024-10-09,3322,548853,10691167,19.9,19.9,19.2,19.3,-0.45,381
2024-10-11,3322,494601,9452927,19.45,19.5,18.9,18.95,-0.35,336
2024-10-14,3322,280559,5458050,19.6,19.65,19.25,19.35,0.4,210
2024-10-15,3322,294931,5751593,19.6,20.0,19.1,19.15,-0.2,219
2024-10-16,3322,248924,4753955,19.25,19.25,19.0,19.05,-0.1,176
2024-10-17,3322,381421,7325283,19.1,19.4,19.05,19.2,0.15,198
2024-10-18,3322,484842,9221344,19.3,19.3,18.85,18.9,-0.3,277
2024-10-21,3322,597407,11758075,19.1,19.95,19.1,19.75,0.85,358
2024-10-22,3322,307912,6039710,19.75,19.85,19.45,19.5,-0.25,237
2024-10-23,3322,485720,9675828,19.65,20.35,19.6,19.9,0.4,337
2024-10-24,3322,229018,4509996,19.95,19.95,19.5,19.5,-0.4,202
2024-10-25,3322,237622,4659917,19.75,19.75,19.5,19.55,0.05,169
2024-10-28,3322,305173,5862145,19.75,19.75,19.1,19.2,-0.35,192
2024-10-29,3322,343181,6490684,19.2,19.2,18.75,18.95,-0.25,206
2024-10-30,3322,195182,3704199,19.1,19.2,18.85,18.9,-0.05,113
2024-11-01,3322,155828,2957317,18.9,19.15,18.7,19.0,0.1,123
2024-11-04,3322,99562,1890088,19.3,19.3,18.9,18.9,-0.1,89
2024-11-05,3322,154126,2908640,19.2,19.2,18.7,18.75,-0.15,141
2024-11-06,3322,190327,3546757,18.8,18.8,18.55,18.65,-0.1,173
2024-11-07,3322,184013,3467295,18.9,19.05,18.6,18.8,0.15,124
2024-11-08,3322,481273,8890977,18.95,18.95,18.2,18.4,-0.4,360
2024-11-11,3322,169882,3147963,18.4,18.9,18.35,18.5,0.1,132
2024-11-12,3322,373090,6792067,18.65,18.8,18.0,18.0,-0.5,288
2024-11-13,3322,801722,14678466,18.3,18.7,17.8,18.35,0.35,245
2024-11-14,3322,331798,5991880,18.6,18.6,17.85,17.9,-0.45,246
2024-11-15,3322,144276,2603573,18.0,18.2,17.8,18.0,0.1,100
2024-11-18,3322,858881,15319094,18.0,18.15,17.55,17.95,-0.05,259
2024-11-19,3322,289015,5148450,17.8,18.0,17.7,17.75,-0.2,218
2024-11-20,3322,871269,15061534,17.75,17.75,16.85,16.85,-0.9,480
2024-11-21,3322,2531365,45408581,16.9,18.5,16.7,18.5,1.65,796
2024-11-22,3322,1813033,33579485,18.85,19.2,18.15,18.2,-0.3,1053
2024-11-25,3322,363224,6569290,18.45,18.45,18.0,18.1,-0.1,240
2024-11-26,3322,462481,8319627,18.1,18.1,17.85,17.95,-0.15,192
2024-11-27,3322,1143148,20240700,18.0,18.05,17.6,17.6,-0.35,285
2024-11-28,3322,699551,12341758,17.95,17.95,17.2,17.6,0.0,204
2024-11-29,3322,174412,3106910,17.75,18.0,17.6,17.7,0.1,160
2024-12-02,3322,127753,2260066,17.8,17.95,17.6,17.6,-0.1,107
2024-12-03,3322,172074,3034818,17.65,17.95,17.55,17.65,0.05,140
2024-12-04,3322,181626,3233035,17.85,17.95,17.7,17.85,0.2,111
2024-12-05,3322,263173,4722083,17.85,18.05,17.8,17.85,0.0,176
2024-12-06,3322,135226,2412478,17.85,18.0,17.75,17.8,-0.05,109
2024-12-09,3322,1277637,22551070,17.85,18.0,17.35,17.8,0.0,234
2024-12-10,3322,162036,2859246,17.8,17.85,17.55,17.6,-0.2,123
2024-12-11,3322,87715,1538631,17.65,17.65,17.5,17.55,-0.05,95
2024-12-12,3322,147711,2592954,17.6,17.6,17.5,17.5,-0.05,113
2024-12-13,3322,1630742,27601209,17.5,17.5,16.5,16.95,-0.55,468
2024-12-16,3322,1228401,20217623,16.85,17.2,16.2,16.5,-0.45,367
2024-12-17,3322,141995,2348879,16.35,16.7,16.35,16.6,0.1,128
2024-12-18,3322,244793,4116792,16.4,17.15,16.4,17.0,0.4,183
2024-12-19,3322,226265,3815891,16.95,17.05,16.65,17.0,0.0,168
2024-12-20,3322,149774,2522215,17.0,17.0,16.75,16.75,-0.25,123
2024-12-23,3322,117679,1976551,16.8,16.9,16.7,16.9,0.15,115
2024-12-24,3322,114507,1935276,16.9,17.0,16.8,16.9,0.0,106
2024-12-25,3322,273911,4682537,16.85,17.5,16.85,17.3,0.4,192
2024-12-26,3322,2586871,45909920,17.35,18.15,17.35,17.75,0.45,691
2024-12-27,3322,1479236,26034301,17.7,17.95,17.1,17.4,-0.35,510
2024-12-30,3322,113342,1965541,17.55,17.6,17.15,17.15,-0.25,118
2024-12-31,3322,150737,2579408,17.1,17.3,16.85,17.15,0.0,111
2025-01-02,3322,75256,1292857,17.15,17.25,17.1,17.15,0.0,92
2025-01-03,3322,123092,2141676,17.15,17.55,17.1,17.3,0.15,129
2025-01-06,3322,241194,4262512,17.45,17.85,17.4,17.85,0.55,262
2025-01-07,3322,213908,3742372,17.9,17.9,17.3,17.4,-0.45,210
2025-01-08,3322,278199,4790374,17.6,17.6,17.1,17.2,-0.2,189
2025-01-09,3322,237386,4068521,17.2,17.4,16.95,17.1,-0.1,189
2025-01-10,3322,225427,3817135,17.0,17.05,16.85,16.9,-0.2,150
2025-01-13,3322,286966,4754843,16.8,16.95,16.35,16.6,-0.3,226
2025-01-14,3322,133308,2225086,16.65,16.8,16.6,16.75,0.15,110
2025-01-15,3322,150209,2485805,16.6,16.85,16.5,16.65,-0.1,115
2025-01-16,3322,70242,1174634,16.8,16.95,16.55,16.55,-0.1,95
2025-01-17,3322,69605,1151765,16.55,16.6,16.5,16.6,0.05,104
2025-01-20,3322,165554,2771550,16.65,16.95,16.55,16.8,0.2,162
2025-01-21,3322,90042,1513031,16.8,16.95,16.7,16.75,-0.05,117
2025-01-22,3322,121913,2042373,16.85,16.85,16.7,16.75,0.0,116
2025-02-03,3322,154629,2597018,16.7,17.0,16.65,17.0,0.25,197
2025-02-04,3322,147535,2517147,17.05,17.15,16.9,17.05,0.05,182
2025-02-05,3322,397230,6947632,17.1,17.85,17.1,17.55,0.5,332
2025-02-06,3322,221877,3965019,17.6,18.05,17.55,17.9,0.35,221
2025-02-07,3322,636521,11605183,18.15,18.45,17.9,18.3,0.4,437
2025-02-10,3322,443715,8206433,18.4,18.7,18.3,18.35,0.05,461
2025-02-11,3322,417107,7731829,18.65,18.8,18.3,18.3,-0.05,402
2025-02-12,3322,267310,4908066,18.65,18.65,18.0,18.0,-0.3,378
2025-02-13,3322,258629,4675823,18.0,18.4,17.95,18.15,0.15,257
2025-02-14,3322,154620,2796296,18.2,18.2,18.0,18.1,-0.05,211
2025-02-17,3322,171419,3086790,18.1,18.2,17.9,18.05,-0.05,280
2025-02-18,3322,145480,2627932,18.05,18.3,17.95,17.95,-0.1,232
2025-02-19,3322,101852,1831460,17.95,18.1,17.9,18.05,0.1,211
2025-02-20,3322,121235,2186740,18.1,18.15,17.9,18.0,-0.05,240
2025-02-21,3322,138035,2492153,18.1,18.15,18.0,18.15,0.15,229
2025-02-24,3322,482762,8904266,18.15,18.8,18.1,18.55,0.4,428
2025-02-25,3322,149572,2767223,18.6,18.6,18.4,18.55,0.0,203
2025-02-26,3322,128237,2386207,18.55,18.65,18.55,18.6,0.05,186
2025-02-27,3322,260298,4788432,18.55,18.65,18.25,18.25,-0.35,302
2025-03-03,3322,214090,3958846,18.4,18.7,18.2,18.5,0.25,312
2025-03-04,3322,136923,2530453,18.45,18.6,18.3,18.4,-0.1,199
2025-03-05,3322,171269,3140078,18.35,18.65,18.15,18.25,-0.15,264
2025-03-06,3322,226532,4070946,18.3,18.3,17.75,17.75,-0.5,264
2025-03-07,3322,218617,3848323,17.8,17.8,17.45,17.45,-0.3,247
2025-03-10,3322,69521,1213407,17.5,17.55,17.4,17.45,0.0,187
2025-03-11,3322,286394,5020032,17.35,17.85,17.0,17.75,0.3,999
2025-03-12,3322,98163,1756005,17.95,18.05,17.65,17.85,0.1,678
2025-03-13,3322,145819,2568583,17.85,18.0,17.4,17.45,-0.4,522
2025-03-14,3322,287993,4954815,17.45,17.5,17.0,17.3,-0.15,490
2025-03-17,3322,448316,7633786,17.2,17.4,16.85,16.95,-0.35,768
2025-03-18,3322,341612,5843159,16.8,17.25,16.8,17.25,0.3,503
2025-03-19,3322,112024,1930906,17.1,17.35,17.1,17.25,0.0,417
2025-03-20,3322,86663,1501378,17.25,17.45,17.2,17.4,0.15,356
2025-03-21,3322,314041,5377367,17.35,17.35,16.8,17.15,-0.25,488
2025-03-24,3322,118900,2026998,17.0,17.2,16.95,17.05,-0.1,752
2025-03-25,3322,135543,2313426,17.05,17.2,16.8,16.95,-0.1,673
2025-03-26,3322,225218,3809521,16.95,17.15,16.6,16.95,0.0,1105
2025-03-27,3322,299075,4991522,16.8,16.9,16.5,16.6,-0.35,406
2025-03-28,3322,277675,4551064,16.95,16.95,16.25,16.25,-0.35,287
2025-03-31,3322,1509408,22396810,14.9,15.95,14.65,14.75,-1.5,761
2025-04-01,3322,320168,4809492,14.8,15.2,14.8,15.05,0.3,257
2025-04-02,3322,321506,4796411,15.05,15.15,14.8,14.85,-0.2,232
2025-04-07,3322,104819,1404831,13.4,13.4,13.4,13.4,-1.45,199
2025-04-08,3322,1188443,14388547,12.1,12.25,12.1,12.1,-1.3,419
2025-04-09,3322,997747,10945222,10.9,11.95,10.9,10.9,-1.2,454
2025-04-10,3322,1240383,14709542,11.9,11.95,11.45,11.95,1.05,422
2025-04-11,3322,551317,6245023,11.75,11.75,11.0,11.55,-0.4,385
2025-04-14,3322,274993,3273152,11.8,12.25,11.65,11.8,0.25,223
2025-04-15,3322,371204,4681857,11.8,12.95,11.8,12.95,1.15,629
2025-04-16,3322,240039,3070172,13.25,13.25,12.55,12.6,-0.35,253
2025-04-17,3322,138856,1723197,12.35,12.6,12.2,12.45,-0.15,143
2025-04-18,3322,71704,887770,12.45,12.45,12.25,12.45,0.0,90
2025-04-21,3322,154544,1875331,12.5,12.5,11.8,11.8,-0.65,163
2025-04-22,3322,84510,993701,11.7,11.95,11.6,11.6,-0.2,89
2025-04-23,3322,106126,1266852,12.1,12.1,11.8,11.95,0.35,110
2025-04-24,3322,144662,1731077,11.85,12.2,11.85,12.0,0.05,131
2025-04-25,3322,142222,1738183,12.2,12.4,12.1,12.15,0.15,127
2025-04-28,3322,210975,2641665,12.25,12.7,12.25,12.65,0.5,164
2025-04-29,3322,195692,2505605,12.7,13.05,12.55,12.75,0.1,139
2025-04-30,3322,92235,1166398,12.65,12.75,12.5,12.6,-0.15,118
2025-05-02,3322,199312,2586847,12.6,13.2,12.6,12.95,0.35,163
2025-05-05,3322,218553,2728034,13.4,13.4,12.1,12.2,-0.75,207
2025-05-06,3322,88031,1075377,12.05,12.45,12.05,12.35,0.15,81
2025-05-07,3322,159382,1941330,12.35,12.5,12.1,12.2,-0.15,148
2025-05-08,3322,155097,1908788,12.25,12.45,12.2,12.25,0.05,97
2025-05-09,3322,264279,3299579,12.3,12.75,12.25,12.6,0.35,131
2025-05-12,3322,334029,4424262,12.85,13.55,12.65,13.2,0.6,291
2025-05-13,3322,203554,2696781,13.35,13.5,13.0,13.15,-0.05,156
2025-05-14,3322,168096,2215730,13.15,13.4,13.1,13.25,0.1,104
2025-05-15,3322,54623,713952,13.15,13.15,13.0,13.05,-0.2,101
2025-05-16,3322,59540,782667,13.2,13.35,13.05,13.05,0.0,96
2025-05-19,3322,113606,1468209,13.1,13.25,12.7,12.7,-0.35,123
2025-05-20,3322,46549,599888,12.8,13.1,12.75,12.9,0.2,66
2025-05-21,3322,39303,510115,12.85,13.15,12.85,12.95,0.05,66
2025-05-22,3322,48817,626096,13.0,13.0,12.7,12.8,-0.15,53
2025-05-23,3322,49497,635693,13.05,13.05,12.75,12.8,0.0,78
2025-05-26,3322,92155,1183089,13.05,13.05,12.8,12.8,0.0,79
2025-05-27,3322,89972,1135650,13.05,13.05,12.35,12.35,-0.45,101
2025-05-28,3322,106216,1312872,12.5,12.65,12.2,12.2,-0.15,87
2025-05-29,3322,57165,705928,12.55,12.55,12.25,12.35,0.15,66
2025-06-02,3322,98628,1185913,12.3,12.3,11.9,12.0,-0.35,83
2025-06-03,3322,73861,879339,12.05,12.05,11.75,11.95,-0.05,84
2025-06-04,3322,113288,1377406,11.95,12.25,11.95,12.25,0.3,95
2025-06-05,3322,148004,1849900,12.35,12.75,12.35,12.45,0.2,127
2025-06-06,3322,83952,1039936,12.65,12.65,12.3,12.5,0.05,74
2025-06-09,3322,62181,760666,12.4,12.4,12.1,12.25,-0.25,72
2025-06-10,3322,319749,4143345,12.4,13.4,12.4,12.55,0.3,284
2025-06-11,3322,3407870,46642905,13.0,13.8,13.0,13.8,1.25,1567
2025-06-12,3322,3821780,54028133,14.0,14.65,13.8,13.85,0.05,1783
2025-06-13,3322,623083,8347980,13.85,13.85,13.2,13.35,-0.5,409
2025-06-16,3322,316643,4166970,13.5,13.5,13.0,13.35,0.0,211
2025-06-17,3322,428658,5648991,13.25,13.35,12.85,13.35,0.0,258
2025-06-18,3322,381158,5055514,13.15,13.45,13.15,13.25,-0.1,208
2025-06-19,3322,332454,4341890,13.5,13.5,12.85,12.9,-0.35,184
2025-06-20,3322,295827,3724046,12.95,12.95,12.25,12.7,-0.2,176
2025-06-23,3322,138087,1720583,12.8,12.8,12.2,12.55,-0.15,107
2025-06-24,3322,169005,2168106,12.75,13.0,12.65,12.75,0.2,121
2025-06-25,3322,147820,1886687,12.95,13.05,12.6,12.6,-0.15,119
2025-06-26,3322,117406,1494672,12.8,12.85,12.65,12.65,0.05,79
2025-06-27,3322,131734,1678320,12.7,12.9,12.65,12.8,0.15,104
2025-06-30,3322,298929,3860517,12.95,13.3,12.65,13.0,0.2,234
2025-07-01,3322,679250,9148397,13.1,13.9,13.1,13.25,0.25,486
2025-07-02,3322,202869,2700394,13.2,13.55,13.1,13.25,0.0,202
2025-07-03,3322,133991,1796519,13.5,13.5,13.3,13.5,0.25,164
2025-07-04,3322,231983,3050821,13.6,13.6,13.0,13.2,-0.3,157
2025-07-07,3322,170821,2224422,13.7,13.7,12.75,12.8,-0.4,169
2025-07-08,3322,226875,2820857,12.75,12.75,12.25,12.35,-0.45,161
2025-07-09,3322,153014,1884832,12.3,12.45,12.2,12.4,0.05,120
2025-07-10,3322,74557,918107,12.4,12.4,12.2,12.25,-0.15,60
2025-07-11,3322,110182,1360772,12.25,12.45,12.25,12.4,0.15,70
2025-07-14,3322,123769,1498331,12.2,12.2,12.05,12.1,-0.3,107
2025-07-15,3322,156969,1894738,12.1,12.25,11.95,12.05,-0.05,126
2025-07-16,3322,159005,1938910,12.05,12.35,12.0,12.15,0.1,85
2025-07-17,3322,85019,1045670,12.4,12.45,12.1,12.3,0.15,68
2025-07-18,3322,76503,943430,12.4,12.45,12.2,12.4,0.1,65
2025-07-21,3322,195234,2436498,12.35,12.75,12.3,12.5,0.1,110
2025-07-22,3322,165027,2067031,12.55,12.65,12.4,12.5,0.0,129
2025-07-23,3322,78232,983152,12.5,12.75,12.45,12.6,0.1,71
2025-07-24,3322,61298,774007,12.75,12.75,12.55,12.65,0.05,64
2025-07-25,3322,104232,1326691,12.65,12.8,12.6,12.65,0.0,101
2025-07-28,3322,146971,1860086,12.7,12.85,12.6,12.7,0.05,69
2025-07-29,3322,69388,875335,12.9,12.9,12.5,12.5,-0.2,69
2025-07-30,3322,112947,1403273,12.5,12.55,12.35,12.4,-0.1,84
2025-07-31,3322,151105,1882984,12.6,12.7,12.35,12.35,-0.05,107
2025-08-01,3322,53836,665934,12.35,12.45,12.25,12.45,0.1,57
2025-08-04,3322,926937,12490791,12.5,13.65,12.4,13.65,1.2,571
2025-08-05,3322,4659632,68615627,14.0,15.0,14.0,15.0,1.35,4637
2025-08-06,3322,1396581,20407919,14.95,14.95,14.4,14.7,-0.3,896
2025-08-07,3322,551159,7982694,14.6,14.8,14.3,14.35,-0.35,382
2025-08-08,3322,3120031,48483730,14.6,15.75,14.6,15.3,0.95,2217
2025-08-11,3322,1949672,30017723,15.25,15.9,15.0,15.15,-0.15,1200
2025-08-12,3322,968243,14737266,15.2,15.5,15.1,15.4,0.25,516
2025-08-13,3322,1088566,17257711,15.85,16.25,15.5,15.85,0.45,661
2025-08-14,3322,659093,10207749,15.75,15.75,15.3,15.35,-0.5,437
2025-08-15,3322,550527,8561707,15.85,15.85,15.35,15.35,0.0,338
2025-08-18,3322,387264,5988803,15.7,15.7,15.35,15.5,0.15,219
2025-08-19,3322,660003,9771602,15.5,15.5,14.6,14.7,-0.8,433
2025-08-20,3322,571135,8051624,14.5,14.5,13.95,14.0,-0.7,372
2025-08-21,3322,347421,4968920,14.35,14.5,14.05,14.5,0.5,234
2025-08-22,3322,2128633,33185791,14.65,15.95,14.5,15.25,0.75,2191
2025-08-25,3322,758877,11599507,15.7,15.8,14.95,14.95,-0.3,474
2025-08-26,3322,220767,3300517,15.0,15.1,14.85,15.0,0.05,153
2025-08-27,3322,427975,6429040,15.05,15.35,14.85,14.9,-0.1,225
2025-08-28,3322,242178,3603765,15.1,15.1,14.8,14.85,-0.05,185
2025-08-29,3322,5363802,85462996,15.2,16.3,15.1,15.15,0.3,2029
2025-09-01,3322,907426,13201680,15.05,15.05,14.3,14.3,-0.85,571
2025-09-02,3322,303809,4303487,14.35,14.35,14.0,14.1,-0.2,238
2025-09-03,3322,374115,5423193,14.15,14.85,14.15,14.55,0.45,275
2025-09-04,3322,287017,4152260,14.65,14.8,14.1,14.35,-0.2,215
2025-09-05,3322,231116,3291678,14.65,14.65,14.1,14.45,0.1,160
2025-09-08,3322,193501,2771820,14.5,14.5,14.2,14.3,-0.15,139
2025-09-09,3322,207555,2969475,14.3,14.4,14.2,14.35,0.05,130
2025-09-10,3322,254118,3655181,14.5,14.55,14.25,14.5,0.15,163
2025-09-11,3322,440337,6256975,14.8,14.8,14.0,14.0,-0.5,294
2025-09-12,3322,328047,4629173,14.1,14.25,14.0,14.1,0.1,162
2025-09-15,3322,400939,5579669,14.25,14.25,13.8,13.85,-0.25,230
2025-09-16,3322,453185,6225550,13.85,13.85,13.6,13.8,-0.05,272
2025-09-17,3322,2285154,33755893,13.9,15.15,13.85,14.65,0.85,2466
2025-09-18,3322,688710,10062591,14.45,14.85,14.3,14.75,0.1,520
2025-09-19,3322,456433,6685195,14.85,14.85,14.5,14.6,-0.15,261
2025-09-22,3322,391846,5768573,14.6,14.95,14.6,14.75,0.15,245
2025-09-23,3322,254026,3678815,14.9,14.9,14.35,14.45,-0.3,233
2025-09-24,3322,192307,2750209,14.45,14.45,14.2,14.35,-0.1,135
2025-09-25,3322,196888,2829412,14.3,14.6,14.15,14.25,-0.1,153
2025-09-26,3322,332977,4623645,14.25,14.25,13.7,13.9,-0.35,200
2025-09-30,3322,234761,3282999,14.0,14.1,13.85,13.9,0.0,124
2025-10-01,3322,131753,1845589,14.15,14.15,13.95,13.95,0.05,119
2025-10-02,3322,359626,5116564,13.95,14.4,13.95,14.2,0.25,187
2025-10-03,3322,216905,3073618,14.35,14.35,14.05,14.2,0.0,140
2025-10-07,3322,358576,5110813,14.1,14.35,14.05,14.25,0.05,174
2025-10-08,3322,276492,3900052,14.3,14.3,14.05,14.1,-0.15,159
2025-10-09,3322,292270,4160012,14.15,14.5,14.05,14.1,0.0,209
2025-10-13,3322,304275,4122496,13.55,13.75,13.2,13.65,-0.45,245
2025-10-14,3322,322907,4439387,13.85,14.2,13.5,13.5,-0.15,237
2025-10-15,3322,87522,1183727,13.5,13.55,13.5,13.5,0.0,89
2025-10-16,3322,173907,2376841,13.6,13.8,13.55,13.65,0.15,125
2025-10-17,3322,157903,2151641,13.6,13.8,13.5,13.55,-0.1,111
2025-10-20,3322,189396,2565923,13.6,13.75,13.5,13.5,-0.05,124
2025-10-21,3322,287439,4006944,13.6,14.1,13.6,14.0,0.5,198
2025-10-22,3322,130657,1813735,14.1,14.1,13.85,13.85,-0.15,127
2025-10-23,3322,109857,1520523,13.85,13.9,13.8,13.85,0.0,95
2025-10-27,3322,326514,4457863,13.9,14.0,13.5,13.5,-0.35,283
2025-10-28,3322,219332,2938854,13.55,13.6,13.3,13.35,-0.15,146
2025-10-29,3322,381379,5012121,13.45,13.45,13.0,13.05,-0.3,304
2025-10-30,3322,289387,3786697,13.1,13.3,13.0,13.0,-0.05,173
2025-10-31,3322,183172,2382108,13.15,13.15,12.9,13.0,0.0,111
2025-11-03,3322,203840,2642549,13.0,13.1,12.85,12.9,-0.1,161
2025-11-04,3322,207622,2643569,12.95,12.95,12.4,12.65,-0.25,172
2025-11-05,3322,227677,2854075,12.55,12.7,12.35,12.6,-0.05,149
2025-11-06,3322,490921,6512158,12.65,13.8,12.65,13.2,0.6,390
2025-11-07,3322,123013,1612742,13.4,13.4,13.0,13.15,-0.05,134
2025-11-10,3322,253438,3272729,13.15,13.15,12.75,13.1,-0.05,208
2025-11-11,3322,222386,2930964,13.15,13.6,13.0,13.05,-0.05,136
2025-11-12,3322,433324,5809860,13.15,13.7,13.15,13.25,0.2,248
2025-11-13,3322,367258,4810522,13.25,13.25,13.0,13.1,-0.15,224
2025-11-14,3322,165939,2145503,13.15,13.15,12.8,12.9,-0.2,144
2025-11-17,3322,287425,3631032,12.9,12.9,12.5,12.6,-0.3,232
2025-11-18,3322,183383,2262904,12.55,12.65,12.2,12.25,-0.35,163
2025-11-19,3322,194568,2364284,12.25,12.3,12.05,12.1,-0.15,139
2025-11-20,3322,111753,1370937,12.4,12.55,12.2,12.2,0.1,102
2025-11-21,3322,151782,1820375,12.15,12.2,11.9,11.95,-0.25,146
2025-11-24,3322,80768,976489,12.15,12.35,12.0,12.05,0.1,88
2025-11-25,3322,185547,2286780,12.2,12.45,12.2,12.3,0.25,105
2025-11-26,3322,179015,2236730,12.3,12.6,12.3,12.55,0.25,114
2025-11-27,3322,65156,818345,12.7,12.7,12.45,12.6,0.05,81
2025-11-28,3322,54671,687385,12.55,12.65,12.5,12.6,0.0,72
2025-12-01,3322,98053,1215181,12.6,12.6,12.3,12.3,-0.3,125
2025-12-02,3322,95487,1179918,12.5,12.6,12.3,12.45,0.15,85
2025-12-03,3322,243394,3033444,12.65,12.65,12.25,12.6,0.15,172
2025-12-04,3322,270569,3497017,12.6,13.2,12.5,13.2,0.6,198
2025-12-05,3322,176562,2308613,13.35,13.45,12.9,13.05,-0.15,242
2025-12-08,3322,85837,1123687,13.4,13.4,13.0,13.0,-0.05,96
2025-12-09,3322,134980,1762715,13.15,13.35,13.0,13.1,0.1,112
2025-12-10,3322,293353,3836174,13.1,13.15,13.0,13.15,0.05,125
2025-12-11,3322,468116,6133005,13.0,13.35,13.0,13.2,0.05,176
2025-12-12,3322,814818,11057416,13.45,13.85,13.25,13.8,0.6,400
2025-12-15,3322,3591374,53900767,14.65,15.15,14.5,15.15,1.35,1413
2025-12-16,3322,4674899,72215995,15.15,16.05,14.95,15.25,0.1,2362
2025-12-17,3322,2373537,36584648,15.2,15.75,14.75,15.3,0.05,1539
2025-12-18,3322,3297301,51997886,15.1,16.4,14.9,15.75,0.45,2035
2025-12-19,3322,2064774,32367622,16.15,16.25,15.2,15.65,-0.1,1321
2025-12-22,3322,3250582,52446942,15.65,16.45,15.35,16.2,0.55,1773
2025-12-23,3322,927900,14755985,16.2,16.2,15.8,15.9,-0.3,621
2025-12-24,3322,822919,12845471,15.8,15.9,15.4,15.8,-0.1,562
2025-12-26,3322,575803,9037008,15.95,15.95,15.5,15.95,0.15,396
2025-12-29,3322,394539,6221035,15.95,16.0,15.55,15.55,-0.4,357
2025-12-30,3322,462931,7111532,15.4,15.55,15.15,15.55,0.0,291
2025-12-31,3322,484744,7522339,15.65,15.85,15.3,15.45,-0.1,334
2026-01-02,3322,755445,11925485,15.5,16.05,15.35,15.75,0.3,452
2026-01-05,3322,614871,9573648,15.85,15.95,15.2,15.2,-0.55,448
2026-01-06,3322,323118,4958060,15.25,15.6,15.2,15.25,0.05,262
2026-01-07,3322,815523,12736526,15.45,15.95,15.3,15.7,0.45,432
2026-01-08,3322,672875,10489027,16.15,16.15,15.35,15.4,-0.3,439
2026-01-09,3322,449504,7056349,15.55,15.85,15.4,15.65,0.25,302
2026-01-12,3322,1160147,18932896,16.2,16.9,15.9,16.1,0.45,696
2026-01-13,3322,636566,10141779,16.3,16.4,15.75,15.8,-0.3,510
2026-01-14,3322,1023839,16794885,15.9,16.7,15.9,16.7,0.9,582
2026-01-15,3322,815049,13592071,17.0,17.0,16.4,16.8,0.1,601
2026-01-16,3322,1580776,26735304,16.8,17.4,16.4,17.25,0.45,727
2026-01-19,3322,2846997,51260698,17.4,18.5,17.05,18.0,0.75,1731
2026-01-20,3322,1667429,29390344,18.1,18.25,17.25,17.35,-0.65,1085
2026-01-21,3322,1521770,25998742,17.15,17.55,16.7,16.8,-0.55,793
2026-01-22,3322,647714,11013036,17.25,17.35,16.7,16.7,-0.1,466
2026-01-23,3322,664908,11062375,16.8,17.0,16.35,16.75,0.05,453
2026-01-26,3322,376001,6364916,16.75,17.05,16.75,17.0,0.25,328
2026-01-27,3322,379067,6376649,17.0,17.0,16.65,16.8,-0.2,292
2026-01-28,3322,346021,5833291,17.0,17.05,16.7,16.8,0.0,265
2026-01-29,3322,473047,7842248,16.95,17.25,16.4,16.4,-0.4,348
2026-01-30,3322,1033940,16205257,16.3,16.3,15.3,15.5,-0.9,664
2026-02-02,3322,469806,7128564,15.25,15.45,15.0,15.05,-0.45,375
2026-02-03,3322,304646,4685085,15.4,15.7,15.2,15.45,0.4,235
2026-02-04,3322,223152,3506551,15.45,16.0,15.4,16.0,0.55,178
2026-02-05,3322,234779,3749954,15.85,16.3,15.7,15.8,-0.2,237
2026-02-06,3322,266041,4098535,15.9,15.9,15.2,15.55,-0.25,209
2026-02-09,3322,349875,5460310,15.8,15.85,15.45,15.6,0.05,266
2026-02-10,3322,303472,4668959,15.65,15.75,15.2,15.3,-0.3,251
2026-02-11,3322,402526,6342281,15.55,16.2,15.5,15.55,0.25,353
2026-02-23,3322,1384097,22079628,15.6,16.15,15.6,15.85,0.3,457
2026-02-24,3322,471799,7551745,16.0,16.2,15.85,15.9,0.05,383
2026-02-25,3322,823704,13006807,15.8,16.0,15.65,15.7,-0.2,435
2026-02-26,3322,710186,11322882,15.9,16.15,15.7,15.95,0.25,439
2026-03-02,3322,1203811,19691411,15.6,16.65,15.4,16.3,0.35,737
2026-03-03,3322,848077,13640880,16.3,16.8,15.65,15.65,-0.65,571
2026-03-04,3322,872007,12963659,15.55,15.55,14.6,14.6,-1.05,718
2026-03-05,3322,579544,8820506,14.95,15.55,14.95,15.15,0.55,443
2026-03-06,3322,480646,7281984,15.15,15.3,14.9,15.2,0.05,385
2026-03-09,3322,657401,9286373,14.8,14.8,13.85,14.15,-1.05,648
2026-03-10,3322,952555,14350799,14.4,15.55,14.4,14.85,0.7,745
2026-03-11,3322,1232736,17505557,14.4,14.45,14.0,14.2,0.0,957
2026-03-12,3322,345614,4887634,14.3,14.3,14.05,14.05,-0.15,384
2026-03-13,3322,688120,9464398,13.9,13.9,13.6,13.7,-0.35,623
2026-03-16,3322,556323,7569342,13.8,13.95,13.35,13.35,-0.35,581
2026-03-17,3322,590833,8037594,13.25,13.85,13.25,13.5,0.15,505
2026-03-18,3322,453676,6126623,13.5,13.7,13.35,13.55,0.05,464
2026-03-19,3322,463328,6177582,13.55,13.6,13.15,13.15,-0.4,1278
2026-03-20,3322,477397,6374832,13.3,13.6,13.05,13.3,0.15,1022
2026-03-23,3322,470094,6092292,13.15,13.2,12.85,12.9,-0.4,1270
2026-03-24,3322,509832,6552186,13.0,13.15,12.6,12.85,-0.05,827
2026-03-25,3322,514983,6706514,13.05,13.2,12.85,13.2,0.35,701
2026-03-26,3322,665103,8752298,13.3,13.4,12.9,12.9,-0.3,728
2026-03-27,3322,494327,6303447,12.9,12.9,12.6,12.75,-0.15,637
2026-03-30,3322,455506,5716996,12.75,12.75,12.4,12.65,-0.1,776
2026-03-31,3322,520394,6560086,12.65,12.95,12.3,12.3,-0.35,744
2026-04-01,3322,264605,3357245,12.8,12.85,12.6,12.65,0.35,410
2026-04-02,3322,426311,5534730,12.8,13.25,12.75,13.25,0.6,605
2026-04-07,3322,1356631,18279811,13.1,14.15,12.7,13.55,0.3,1414
2026-04-08,3322,3207384,42658430,13.4,13.5,13.05,13.3,-0.25,1931
2026-04-09,3322,861572,11262097,13.3,13.35,12.95,12.95,-0.35,1646
2026-04-10,3322,1010489,13304256,13.05,13.45,12.9,13.4,0.45,948
2026-04-13,3322,753942,9891582,13.45,13.45,12.95,13.05,-0.35,546
2026-04-14,3322,543990,7187433,13.2,13.35,13.1,13.1,0.05,367
2026-04-15,3322,892996,11761885,13.2,13.3,13.0,13.2,0.1,527
2026-04-16,3322,1231654,16684813,13.25,13.9,13.1,13.6,0.4,803
2026-04-17,3322,753758,10173813,13.55,13.7,13.35,13.7,0.1,411
2026-04-20,3322,2550315,37296684,13.7,15.0,13.7,14.6,0.9,1576
2026-04-21,3322,1468434,21371533,14.6,15.0,14.2,14.25,-0.35,934
2026-04-22,3322,1463289,21315341,14.55,15.0,14.25,14.8,0.55,860
2026-04-23,3322,1828560,25775199,15.0,15.0,13.55,13.95,-0.85,1111
2026-04-24,3322,2847525,41974006,14.35,15.25,14.2,14.5,0.55,1864
2026-04-27,3322,1420919,20142632,14.8,14.8,13.8,13.8,-0.7,812
2026-04-28,3322,1018803,14046620,14.1,14.1,13.6,13.75,-0.05,694
2026-04-29,3322,804682,11050980,13.75,14.0,13.55,13.7,-0.05,574
2026-04-30,3322,1013035,13732863,13.7,13.9,13.3,13.5,-0.2,715
2026-05-04,3322,1231857,16496252,13.6,13.9,13.0,13.05,-0.45,787
2026-05-05,3322,700712,9232042,13.3,13.6,13.0,13.25,0.2,515
2026-05-06,3322,941721,12425761,13.5,13.55,13.0,13.05,-0.2,604
2026-05-07,3322,753832,10033148,13.35,13.45,13.15,13.45,0.4,454
2026-05-08,3322,1194623,15770439,13.5,13.6,13.0,13.1,-0.35,592
2026-05-11,3322,540992,7148109,13.2,13.4,13.05,13.15,0.05,343
2026-05-12,3322,997969,13452828,13.35,13.8,13.15,13.8,0.65,563
2026-05-13,3322,3659703,50460190,13.65,14.05,13.3,13.85,0.05,962
2026-05-14,3322,4011705,55662559,14.05,14.2,13.35,13.55,-0.3,971
2026-05-15,3322,1306121,17259518,13.7,13.8,12.85,12.9,-0.65,677
2026-05-18,3322,598734,7518489,12.6,12.8,12.25,12.7,-0.2,415
2026-05-19,3322,1235453,15399882,12.5,12.9,12.2,12.2,-0.5,659
2026-05-20,3322,432036,5331164,12.5,12.5,12.2,12.3,0.1,308
2026-05-21,3322,578415,7300382,12.6,12.8,12.4,12.8,0.5,319
2026-05-22,3322,1202879,16038229,12.85,13.65,12.8,13.45,0.65,580
2026-05-25,3322,1556892,20267294,13.75,13.75,12.8,12.95,-0.5,863
2026-05-26,3322,751275,9596024,13.1,13.1,12.65,12.75,-0.2,401
2026-05-27,3322,1368189,18067934,13.05,13.5,12.9,13.2,0.45,629
2026-05-28,3322,790736,10421130,13.4,13.55,12.9,12.9,-0.3,425
2026-05-29,3322,566462,7402959,13.05,13.15,12.95,13.1,0.2,321
2026-06-01,3322,1023447,13750143,13.1,13.6,13.1,13.5,0.4,490
2026-06-02,3322,1998710,27713684,13.5,14.3,13.3,14.3,0.8,917
2026-06-03,3322,1700633,24390375,14.5,14.55,14.1,14.35,0.05,753
2026-06-04,3322,1568093,22914874,14.65,14.9,14.4,14.55,0.2,804
2026-06-05,3322,1057275,15060494,14.6,14.95,14.0,14.25,-0.3,557
2026-06-08,3322,1280474,17766419,13.5,14.5,13.05,14.25,0.0,697
2026-06-09,3322,2521808,38032119,14.5,15.65,14.1,15.65,1.4,1340
2026-06-10,3322,3462139,53712851,15.65,16.0,15.0,15.05,-0.6,1903
2026-06-11,3322,1587691,23245982,15.05,15.2,14.2,14.65,-0.4,905
2026-06-12,3322,2639356,40616348,15.15,16.0,14.8,15.35,0.7,1293
2026-06-15,3322,2114440,33123513,15.6,16.0,15.4,15.5,0.15,1185
2026-06-16,3322,2201624,33110712,15.5,15.8,14.3,14.5,-1.0,1227
2026-06-17,3322,659874,9582054,14.5,14.7,14.3,14.7,0.2,420
2026-06-18,3322,776297,11585627,14.75,15.2,14.7,14.85,0.15,477
2026-06-22,3322,1338834,20442559,14.9,15.65,14.85,15.35,0.5,717
2026-06-23,3322,1119010,16704648,15.55,15.55,14.6,14.6,-0.75,686
2026-06-24,3322,800204,11620331,14.45,14.9,14.35,14.6,0.0,479
2026-06-25,3322,643470,9277715,14.7,14.85,14.3,14.3,-0.3,334
2026-06-26,3322,814559,11398763,14.3,14.35,13.75,13.75,-0.55,407
2026-06-29,3322,843212,11776089,14.0,14.1,13.75,13.8,0.05,269
2026-06-30,3322,613097,8713538,14.05,14.55,13.8,14.3,0.5,385
2026-07-01,3322,782579,11182546,14.4,14.65,14.0,14.05,-0.25,486
2026-07-02,3322,352945,4964206,13.9,14.25,13.9,14.0,-0.05,207
2026-07-03,3322,835407,11971105,13.9,14.5,13.9,14.5,0.5,448
2026-07-06,3322,665497,9732204,14.75,15.15,14.3,14.35,-0.15,394
2026-07-07,3322,1059092,14851681,14.35,14.6,13.6,13.6,-0.75,549
2026-07-08,3322,438954,5858716,13.6,13.6,13.1,13.45,-0.15,311
2026-07-09,3322,417079,5676777,13.45,13.9,13.4,13.5,0.05,218
2026-07-13,3322,439870,5845588,13.65,13.65,13.15,13.35,-0.15,298
2026-07-14,3322,773104,9919990,13.1,13.2,12.6,12.8,-0.55,441
2026-07-15,3322,318387,4135966,12.8,13.2,12.8,13.2,0.4,168
2026-07-16,3322,241099,3132073,13.0,13.2,12.9,12.9,-0.3,182
2026-07-17,3322,954230,11773570,12.9,12.9,12.1,12.15,-0.75,556
2026-07-20,3322,593551,7155427,12.15,12.3,11.8,11.95,-0.2,329
2026-07-21,3322,378804,4695913,12.3,12.5,12.2,12.45,0.5,185
2026-07-22,3322,250728,3164994,12.55,12.7,12.5,12.6,0.15,187
2026-07-23,3322,227511,2828596,12.6,12.6,12.35,12.35,-0.25,148
2026-07-24,3322,351904,4400172,12.45,13.05,12.2,12.3,-0.05,237
2026-07-27,3322,199462,2437474,12.3,12.4,12.1,12.4,0.1,147
2026-07-28,3322,2087741,24306752,12.35,12.35,11.45,11.6,-0.8,573
2026-07-29,3322,2332158,25037637,11.6,11.65,10.45,10.9,-0.7,896
2026-07-30,3322,999076,10590506,10.55,11.15,10.35,10.5,-0.4,522
2026-07-31,3322,508026,5561526,11.0,11.1,10.85,10.9,0.4,251
2026-08-03,3322,345401,3833901,10.85,11.2,10.7,11.15,0.25,188
2026-08-04,3322,312229,3494515,11.15,11.3,11.05,11.25,0.1,170
2026-08-05,3322,321428,3689239,11.4,11.9,11.35,11.4,0.15,189
2026-08-06,3322,187283,2126875,11.4,11.5,11.15,11.4,0.0,125
2026-08-07,3322,386168,4369668,11.4,11.45,11.25,11.25,-0.15,199
2026-08-10,3322,226189,2583115,11.45,11.5,11.3,11.4,0.15,140
2026-08-11,3322,151945,1729183,11.5,11.5,11.25,11.45,0.05,122
2026-08-12,3322,426637,4876388,11.5,11.55,11.3,11.35,-0.1,215
2026-08-13,3322,226232,2617941,11.5,11.65,11.5,11.6,0.25,150
2026-08-14,3322,294660,3384614,11.7,11.7,11.4,11.4,-0.2,139
2026-08-17,3322,260635,2961625,11.4,11.5,11.25,11.45,0.05,135
2026-08-18,3322,282768,3174808,11.65,11.65,11.15,11.15,-0.3,198
2026-08-19,3322,165137,1858317,11.15,11.4,11.1,11.25,0.1,91
2026-08-20,3322,110325,1241523,11.35,11.4,11.2,11.3,0.05,82
2026-08-21,3322,163583,1829784,11.15,11.35,11.1,11.2,-0.1,99
2026-08-24,3322,167298,1858122,11.2,11.2,11.0,11.1,-0.1,114
2026-08-25,3322,302019,3308420,11.15,11.15,10.85,11.05,-0.05,169
2026-08-26,3322,253270,2836051,11.25,11.3,11.0,11.2,0.15,155
2026-08-27,3322,124090,1393508,11.1,11.3,11.1,11.25,0.05,107
2026-08-28,3322,83987,944793,11.25,11.35,11.2,11.2,-0.05,60
2026-08-31,3322,474468,5367975,10.95,11.95,10.95,11.5,0.3,283
2026-09-01,3322,290669,3293728,11.4,11.4,11.2,11.25,-0.25,183
2026-09-02,3322,177321,1986767,11.25,11.35,11.1,11.15,-0.1,122
2026-09-03,3322,172850,1943233,11.2,11.35,11.15,11.15,0.0,94
2026-09-04,3322,147844,1652614,11.4,11.4,11.1,11.1,-0.05,113
2026-09-07,3322,165380,1829798,11.15,11.2,11.0,11.05,-0.05,115
2026-09-08,3322,182241,2005410,11.05,11.1,10.95,11.0,-0.05,111
2026-09-09,3322,73166,809800,11.2,11.2,11.0,11.05,0.05,60
2026-09-10,3322,184207,2047118,11.05,11.2,10.95,11.2,0.15,102
2026-09-11,3322,399795,4356644,11.0,11.05,10.85,10.85,-0.35,204
2026-09-14,3322,278071,2978197,10.85,10.85,10.6,10.65,-0.2,220
2026-09-15,3322,396772,4196934,10.65,10.9,10.45,10.55,-0.1,216
2026-09-16,3322,118320,1262145,10.6,10.75,10.6,10.75,0.2,105
2026-09-17,3322,197720,2128932,10.85,10.95,10.65,10.65,-0.1,133
2026-09-18,3322,502467,5411491,10.9,11.0,10.75,10.95,0.3,141
2026-09-21,3322,177611,1962637,11.4,11.4,10.7,11.1,0.15,131
2026-09-22,3322,177985,1963715,11.35,11.35,10.9,11.0,-0.1,144
2026-09-23,3322,248350,2761558,11.05,11.25,10.95,11.25,0.25,152
2026-09-24,3322,123934,1363880,11.05,11.15,10.85,11.1,-0.15,87
