date,stock_id,Trading_Volume,Trading_money,open,max,min,close,spread,Trading_turnover
2016-09-29,3552,2838447,1283601544,463.0,465.0,447.5,448.0,-18.5,1434
2016-09-30,3552,1344222,596336337,441.0,452.5,438.0,439.0,-9.0,1238
2016-10-03,3552,1210030,542089044,443.5,454.0,439.0,451.5,12.5,1112
2016-10-04,3552,1431210,645937390,457.5,460.0,445.5,450.0,-1.5,1261
2016-10-05,3552,1718955,750003790,447.0,448.0,431.5,435.0,-15.0,1598
2016-10-06,3552,3204786,1505464096,461.0,478.0,460.0,474.0,39.0,2782
2016-10-07,3552,911712,426319792,472.0,474.0,462.0,468.5,-5.5,826
2016-10-11,3552,844041,392428860,472.0,475.5,457.0,461.0,-7.5,786
2016-10-12,3552,664218,305922013,458.0,466.5,454.0,459.0,-2.0,626
2016-10-13,3552,462485,212736175,460.0,464.5,456.0,457.5,-1.5,450
2016-10-14,3552,1575535,710188610,456.0,467.5,437.0,446.0,-11.5,1474
2016-10-17,3552,959356,422043382,444.5,448.0,433.0,443.5,-2.5,888
2016-10-18,3552,813600,365633500,444.5,454.5,444.5,447.0,3.5,745
2016-10-19,3552,953628,422364600,448.0,450.0,438.0,445.0,-2.0,868
2016-10-20,3552,746507,336116164,451.5,453.0,445.0,452.5,7.5,684
2016-10-21,3552,561512,254299972,452.5,456.0,447.0,456.0,3.5,528
2016-10-24,3552,1058185,495272525,463.5,473.0,460.0,467.0,11.0,948
2016-10-25,3552,1339700,624259600,475.0,476.5,458.0,458.0,-9.0,1170
2016-10-26,3552,849220,386716320,458.5,463.5,450.0,453.5,-4.5,651
2016-10-27,3552,756070,348632060,457.0,465.0,457.0,460.5,7.0,697
2016-10-28,3552,686567,310684717,461.0,461.0,448.0,451.0,-9.5,641
2016-10-31,3552,802600,366959000,451.0,463.0,450.0,462.0,11.0,704
2016-11-01,3552,424190,195695350,459.0,465.0,457.5,462.0,0.0,383
2016-11-02,3552,1283550,570238900,455.0,455.0,433.5,433.5,-28.5,1195
2016-11-03,3552,3298035,1346427185,429.0,435.0,390.5,390.5,-43.0,3009
2016-11-04,3552,1988206,771268752,388.0,397.0,378.0,390.0,-0.5,1815
2016-11-07,3552,4145460,1533734360,397.0,401.5,351.0,364.0,-26.0,3617
2016-11-08,3552,4667790,1582565297,365.0,365.0,328.0,328.0,-36.0,4141
2016-11-09,3552,4431681,1432343015,332.0,338.5,305.0,312.5,-15.5,3804
2016-11-10,3552,3876138,1282208592,329.0,340.0,318.5,331.0,18.5,3358
2016-11-11,3552,884493,283693467,320.0,325.5,315.5,325.5,-5.5,770
2016-11-14,3552,676586,220575950,328.0,330.0,320.0,325.5,0.0,598
2016-11-15,3552,1182096,367859308,322.5,324.0,305.0,309.5,-16.0,953
2016-11-16,3552,1288956,389007020,305.0,316.5,291.0,292.0,-17.5,1144
2016-11-17,3552,1955501,573638301,292.0,302.0,285.0,296.0,4.0,1611
2016-11-18,3552,1300222,393080764,300.0,308.5,295.0,304.0,8.0,1027
2016-11-21,3552,1048638,319290624,304.0,310.0,297.0,297.0,-7.0,949
2016-11-22,3552,1011216,305309800,301.0,306.5,297.0,302.0,5.0,847
2016-11-23,3552,1059221,326462010,305.0,311.5,305.0,306.5,4.5,890
2016-11-24,3552,924947,283475335,306.5,311.0,303.5,307.0,0.5,713
2016-11-25,3552,2100563,655033030,312.0,316.5,308.0,309.0,2.0,1648
2016-11-28,3552,1726827,539763242,309.0,316.0,307.0,316.0,7.0,1470
2016-11-29,3552,4472602,1309045274,308.0,308.0,284.5,284.5,-31.5,3752
2016-11-30,3552,3800540,1049988967,278.0,282.0,272.0,275.0,-9.5,2987
2016-12-01,3552,2053760,566243520,277.0,279.5,273.0,276.5,1.5,1680
2016-12-02,3552,4210582,1129166230,277.0,281.0,256.5,260.0,-16.5,3462
2016-12-05,3552,3063262,814154550,259.5,271.5,256.5,271.5,11.5,2506
2016-12-06,3552,5732061,1674586205,285.0,298.5,285.0,298.5,27.0,4137
2016-12-07,3552,3816643,1143775257,301.5,305.0,296.0,296.0,-2.5,3198
2016-12-08,3552,2517515,746640741,302.0,303.5,288.0,291.0,-5.0,2167
2016-12-09,3552,1685406,492877470,292.5,296.5,289.0,294.0,3.0,1444
2016-12-12,3552,1665014,482713018,296.0,298.5,286.0,286.0,-8.0,1481
2016-12-13,3552,2167100,609720500,286.5,287.5,276.5,286.0,0.0,1852
2016-12-14,3552,3241713,958537122,290.0,303.0,286.5,293.5,7.5,2784
2016-12-15,3552,1547530,455202500,290.5,297.5,288.5,295.5,2.0,1377
2016-12-16,3552,1501996,436735832,291.0,294.0,287.0,290.5,-5.0,1344
2016-12-19,3552,1860069,543894803,291.5,297.0,287.0,287.0,-3.5,1565
2016-12-20,3552,3708575,1022603850,287.0,289.5,271.0,273.0,-14.0,3232
2016-12-21,3552,2231930,621980141,279.5,282.5,275.0,275.0,2.0,1954
2016-12-22,3552,5889907,1702241885,280.0,296.5,280.0,290.5,15.5,4863
2016-12-23,3552,1865366,534458042,290.5,290.5,283.5,285.0,-5.5,1551
2016-12-26,3552,1148140,329654890,288.0,291.0,284.0,284.5,-0.5,1010
2016-12-27,3552,679800,192204499,286.0,286.0,281.0,281.5,-3.0,598
2016-12-28,3552,1806235,518866150,282.5,291.5,282.0,285.5,4.0,1614
2016-12-29,3552,2108155,612709295,286.0,294.0,284.5,288.5,3.0,1854
2016-12-30,3552,1293770,376640000,293.0,294.5,289.0,289.5,1.0,1128
2017-01-03,3552,3452680,1033450339,292.5,304.5,291.0,300.5,11.0,2884
2017-01-04,3552,2765523,833910923,305.0,307.0,297.0,298.0,-2.5,2412
2017-01-05,3552,1779275,534896375,301.5,304.5,296.5,300.0,2.0,1577
2017-01-06,3552,2385070,727065630,302.5,309.5,301.0,302.5,2.5,2027
2017-01-09,3552,2847866,825640774,299.0,299.0,284.0,286.5,-16.0,2469
2017-01-10,3552,1075692,309846600,285.0,290.0,285.0,289.5,3.0,936
2017-01-11,3552,908566,263043640,290.5,292.5,288.0,288.0,-1.5,823
2017-01-12,3552,1453515,424421380,291.0,295.0,289.5,292.0,4.0,1257
2017-01-13,3552,2175700,640552100,294.0,299.0,289.5,292.0,0.0,1882
2017-01-16,3552,2110672,627228590,295.5,300.0,294.0,297.5,5.5,1834
2017-01-17,3552,1822600,548990000,300.5,304.5,298.0,298.0,0.5,1571
2017-01-18,3552,1170135,348722850,295.0,301.5,294.5,300.0,2.0,1054
2017-01-19,3552,1271465,382634220,302.5,304.0,298.5,298.5,-1.5,1040
2017-01-20,3552,895199,265269404,299.0,300.0,295.0,295.0,-3.5,784
2017-01-23,3552,1211585,363158290,297.5,303.5,296.0,300.0,5.0,927
2017-01-24,3552,1880919,562274605,303.0,305.0,293.0,294.0,-6.0,1494
2017-02-02,3552,1820308,542867900,297.0,302.0,292.0,302.0,8.0,1556
2017-02-03,3552,5150146,1673240972,307.0,332.0,307.0,332.0,30.0,3603
2017-02-06,3552,4504958,1524600472,342.0,344.5,330.0,331.0,-1.0,3597
2017-02-07,3552,1892349,633432113,336.0,339.5,329.0,334.0,3.0,1584
2017-02-08,3552,1284255,422846150,333.0,334.0,326.5,328.0,-6.0,1118
2017-02-09,3552,4251322,1460148101,330.5,354.5,330.5,342.0,14.0,3802
2017-02-10,3552,3179517,1103941139,348.0,352.0,340.5,344.0,2.0,2769
2017-02-13,3552,1050074,360302956,346.0,349.0,339.0,344.0,0.0,937
2017-02-14,3552,3070203,1087200847,352.0,362.0,346.5,347.0,3.0,2698
2017-02-15,3552,971236,337521892,350.0,351.5,345.5,347.0,0.0,877
2017-02-16,3552,1539895,522181220,348.0,349.0,335.5,336.0,-11.0,1400
2017-02-17,3552,1192870,396265901,336.0,338.5,330.0,330.5,-5.5,1051
2017-02-18,3552,959963,323940011,335.0,340.0,333.0,337.5,7.0,840
2017-02-20,3552,965687,325235897,337.0,343.0,330.5,330.5,-7.0,875
2017-02-21,3552,884191,290137339,332.5,334.0,325.0,329.0,-1.5,814
2017-02-22,3552,696251,230420703,332.5,334.5,327.5,328.5,-0.5,665
2017-02-23,3552,697658,230082140,331.5,331.5,328.0,329.0,0.5,641
2017-02-24,3552,1624091,518546474,330.0,330.0,315.0,318.5,-10.5,1481
2017-03-01,3552,1219400,380789000,318.0,318.0,308.0,314.0,-4.5,1029
2017-03-02,3552,1249960,391585997,319.0,320.0,308.0,308.0,-6.0,1089
2017-03-03,3552,1044154,319122432,309.0,309.5,304.0,304.5,-3.5,870
2017-03-06,3552,800379,246311369,304.5,310.0,304.5,309.5,5.0,720
2017-03-07,3552,621920,192287300,310.0,311.5,306.5,309.5,0.0,557
2017-03-08,3552,1652179,462534441,282.0,282.5,279.0,279.0,-30.5,1149
2017-03-09,3552,6703992,1737568856,260.0,266.5,252.0,265.0,-14.0,5389
2017-03-10,3552,2340958,623743618,265.0,271.0,261.5,267.0,2.0,2007
2017-03-13,3552,1299429,346686043,271.0,271.5,262.5,264.5,-2.5,1127
2017-03-14,3552,951532,254674140,268.0,270.0,266.0,267.0,2.5,830
2017-03-15,3552,1333490,363682770,271.0,276.0,270.0,271.0,4.0,1213
2017-03-16,3552,1174710,323851460,277.5,279.0,274.0,274.0,3.0,1048
2017-03-17,3552,1522600,410999700,275.0,276.0,267.0,271.0,-3.0,1295
2017-03-20,3552,823465,221805050,271.5,273.0,267.0,269.0,-2.0,747
2017-03-21,3552,1673010,441264150,270.0,270.0,261.5,262.0,-7.0,1400
2017-03-22,3552,2021130,519107560,255.5,260.0,254.5,259.0,-3.0,1726
2017-03-23,3552,1280530,340230980,265.0,269.0,263.0,264.0,5.0,1135
2017-03-24,3552,562640,147608138,264.5,266.0,261.0,261.0,-3.0,512
2017-03-27,3552,569168,149022848,260.0,264.5,259.0,260.0,-1.0,527
2017-03-28,3552,1297714,332632640,263.5,263.5,251.5,260.0,0.0,1188
2017-03-29,3552,1525450,405021450,261.5,271.0,258.5,264.5,4.5,1378
2017-03-30,3552,683679,180292256,264.0,266.5,262.5,262.5,-2.0,623
2017-03-31,3552,511205,134535415,265.0,265.5,261.5,261.5,-1.0,440
2017-04-05,3552,879259,231509726,264.0,267.5,261.0,261.5,0.0,784
2017-04-06,3552,606400,157028000,263.0,263.0,257.0,257.0,-4.5,561
2017-04-07,3552,898103,228123074,258.5,259.0,251.5,253.0,-4.0,770
2017-04-10,3552,1490166,363715004,253.0,255.5,232.0,239.0,-14.0,1347
2017-04-11,3552,3785105,848632641,239.0,242.0,216.0,216.0,-23.0,3153
2017-04-12,3552,3543676,735899255,210.0,213.0,202.5,204.0,-12.0,2964
2017-04-13,3552,2658195,543533585,205.0,210.0,199.0,200.0,-4.0,2361
2017-04-14,3552,2077897,424421988,200.0,209.5,198.5,202.5,2.5,1906
2017-04-17,3552,2024487,419751283,207.5,210.0,204.0,206.0,3.5,1755
2017-04-18,3552,2248196,455169788,208.0,208.0,199.5,201.5,-4.5,1866
2017-04-19,3552,7970700,1629728641,197.5,218.5,189.0,214.5,13.0,6650
2017-04-20,3552,7255850,1544435972,212.5,223.0,202.0,202.0,-12.5,6009
2017-04-21,3552,2272262,467360075,206.0,208.5,202.5,204.5,2.5,1949
2017-04-24,3552,1820330,378153972,207.0,211.0,203.5,206.5,2.0,1582
2017-04-25,3552,2251458,460125198,208.5,209.5,201.0,202.0,-4.5,2000
2017-04-26,3552,1407164,287539537,205.0,206.5,202.5,203.5,1.5,1207
2017-04-27,3552,3674307,776433277,205.5,215.5,205.0,210.0,6.5,3132
2017-04-28,3552,2275099,479857191,213.0,215.5,207.0,207.0,-3.0,1896
2017-05-02,3552,1546620,319407100,208.5,210.5,203.0,203.0,-4.0,1294
2017-05-03,3552,3091413,642862230,204.5,213.5,202.0,208.5,5.5,2628
2017-05-04,3552,5765803,1240961645,211.0,219.0,209.5,214.0,5.5,4626
2017-05-05,3552,2411094,511192646,215.0,217.0,207.0,207.0,-7.0,2053
2017-05-08,3552,7084935,1359994345,196.0,198.5,186.5,186.5,-20.5,5745
2017-05-09,3552,4519334,836231285,186.5,189.5,179.0,189.0,2.5,3664
2017-05-10,3552,2987668,563477249,191.0,192.0,186.5,187.0,-2.0,2544
2017-05-11,3552,2169801,409675088,189.5,192.5,184.5,187.0,0.0,1827
2017-05-12,3552,2421932,456440284,189.0,192.0,185.5,185.5,-1.5,1870
2017-05-15,3552,1680381,318555198,187.5,192.0,187.5,188.0,2.5,1360
2017-05-16,3552,1978575,377701959,190.0,193.5,188.0,188.5,0.5,1654
2017-05-17,3552,2212250,408231250,190.0,190.5,182.0,182.5,-6.0,1839
2017-05-18,3552,3502384,630390540,178.5,186.0,172.5,186.0,3.5,2885
2017-05-19,3552,1011940,186593520,187.5,187.5,182.5,182.5,-3.5,855
2017-05-22,3552,1301741,234107380,183.0,183.5,178.0,180.0,-2.5,1065
2017-05-23,3552,1574960,282725397,180.0,184.0,176.5,176.5,-3.5,1280
2017-05-24,3552,1588416,280345548,178.0,179.0,174.0,175.0,-1.5,1219
2017-05-25,3552,2013560,358127300,176.0,180.5,175.0,178.0,3.0,1645
2017-05-26,3552,879029,157052142,179.0,180.5,177.0,177.0,-1.0,771
2017-05-31,3552,1004064,176692200,180.5,180.5,173.5,173.5,-3.5,845
2017-06-01,3552,962500,168571249,174.5,176.5,174.0,175.5,2.0,769
2017-06-02,3552,1572400,279461100,177.5,179.5,176.0,178.5,3.0,1219
2017-06-03,3552,1326605,240534715,179.5,184.0,177.0,181.0,2.5,1114
2017-06-05,3552,4188162,788934442,182.5,192.5,181.5,191.0,10.0,3515
2017-06-06,3552,2034909,380475751,189.0,189.0,185.5,185.5,-5.5,1688
2017-06-07,3552,5053436,977333520,185.5,196.5,185.5,193.5,8.0,3970
2017-06-08,3552,4944986,984976188,195.0,203.0,192.0,200.5,7.0,4074
2017-06-09,3552,3689633,743475834,200.0,206.0,196.0,196.0,-4.5,3018
2017-06-12,3552,1359315,267093870,196.0,198.5,194.0,196.5,0.5,1137
2017-06-13,3552,1715610,336598840,198.0,201.0,191.0,192.0,-4.5,1484
2017-06-14,3552,2984206,557841552,193.5,194.0,184.0,184.5,-7.5,2414
2017-06-15,3552,1355182,247867716,185.5,187.0,180.5,182.5,-2.0,1183
2017-06-16,3552,1047560,193579220,183.5,186.5,182.0,186.5,4.0,864
2017-06-19,3552,1243302,231492624,188.0,189.5,184.0,184.0,-2.5,1015
2017-06-20,3552,870360,161998680,186.0,188.0,184.5,185.0,1.0,741
2017-06-21,3552,882132,164178816,185.0,187.5,184.0,186.0,1.0,782
2017-06-22,3552,3055690,585876480,187.0,194.5,186.0,191.5,5.5,2487
2017-06-23,3552,1217054,232951868,193.0,193.5,189.0,191.5,0.0,998
2017-06-26,3552,2386349,466287228,193.5,198.0,193.0,195.5,4.0,1926
2017-06-27,3552,1472350,285585400,197.5,197.5,190.5,190.5,-5.0,1140
2017-06-28,3552,1029766,195303656,190.0,191.5,188.5,189.0,-1.5,805
2017-06-29,3552,1012480,191400500,191.5,191.5,186.5,186.5,-2.5,760
2017-06-30,3552,1152010,215146900,184.5,189.0,184.5,189.0,2.5,923
2017-07-03,3552,686547,129294383,189.5,190.0,187.0,187.0,-2.0,545
2017-07-04,3552,1213486,224864652,188.0,189.0,183.5,183.5,-3.5,904
2017-07-05,3552,891113,165905187,185.5,187.5,183.5,187.5,4.0,753
2017-07-06,3552,712623,132536870,188.0,188.0,185.0,186.0,-1.5,606
2017-07-07,3552,4147299,739585021,184.0,184.0,174.5,175.0,-11.0,3103
2017-07-10,3552,2778335,483793460,175.0,178.5,170.0,172.0,-3.0,2093
2017-07-11,3552,1756298,300808054,173.5,174.0,170.0,170.5,-1.5,1283
2017-07-12,3552,1720100,298015300,172.0,176.0,171.5,172.0,1.5,1345
2017-07-13,3552,1307842,226204008,173.0,175.0,171.0,171.5,-0.5,913
2017-07-14,3552,746697,128980581,172.0,174.0,171.5,172.5,1.0,610
2017-07-17,3552,816310,142472560,174.5,175.5,173.5,174.5,2.0,678
2017-07-18,3552,677232,117378868,175.0,175.5,172.0,172.0,-2.5,505
2017-07-19,3552,6878051,1270246139,174.0,189.0,173.5,189.0,17.0,4834
2017-07-20,3552,7208911,1399777095,192.5,198.0,189.5,195.5,6.5,5397
2017-07-21,3552,2969536,580319324,197.5,198.0,193.0,193.5,-2.0,2342
2017-07-24,3552,1280911,247175364,195.0,195.5,191.5,192.0,-1.5,1009
2017-07-25,3552,9846251,2003605455,193.5,210.0,193.5,204.5,12.5,7432
2017-07-26,3552,3528645,724630400,206.0,208.5,202.0,202.5,-2.0,2906
2017-07-27,3552,4987564,1044285632,203.5,213.0,203.5,206.5,4.0,3801
2017-07-28,3552,3335920,693642555,206.0,212.0,204.0,205.5,-1.0,2709
2017-07-31,3552,5193922,1106239152,208.0,216.5,207.5,215.0,9.5,4124
2017-08-01,3552,3716698,795581174,215.5,217.5,210.5,213.0,-2.0,2893
2017-08-02,3552,2610646,557953452,217.0,217.0,211.0,211.5,-1.5,1990
2017-08-03,3552,6020056,1311181040,215.0,221.0,212.5,212.5,1.0,4640
2017-08-04,3552,2106277,451542001,215.5,217.5,212.5,213.0,0.5,1795
2017-08-07,3552,2175817,467525926,215.5,217.5,213.0,213.5,0.5,1856
2017-08-08,3552,2757614,591936396,216.0,217.5,211.5,211.5,-2.0,2123
2017-08-09,3552,4106513,813580100,204.0,204.0,193.0,195.0,-16.5,3435
2017-08-10,3552,3962758,739899004,196.0,197.5,178.0,183.5,-11.5,3243
2017-08-11,3552,2063149,380946661,180.0,188.0,180.0,187.5,4.0,1700
2017-08-14,3552,1721731,314572004,189.0,189.0,178.0,180.0,-7.5,1410
2017-08-15,3552,5506700,960246800,183.0,184.0,170.0,174.5,-5.5,4356
2017-08-16,3552,1488500,260713120,173.0,177.5,172.5,175.5,1.0,1216
2017-08-17,3552,4068535,757012720,177.0,190.0,175.5,188.0,12.5,3367
2017-08-18,3552,1614657,298390526,185.0,186.5,181.0,186.5,-1.5,1362
2017-08-21,3552,1636791,312694499,189.0,194.0,187.0,188.0,1.5,1425
2017-08-22,3552,956795,179135560,191.0,191.0,186.0,186.0,-2.0,840
2017-08-23,3552,1922958,354246331,189.5,189.5,181.0,181.0,-5.0,1516
2017-08-24,3552,1388620,247160100,177.0,180.0,176.5,178.0,0.0,1158
2017-08-25,3552,553445,98320600,180.0,180.0,175.5,178.0,0.0,509
2017-08-28,3552,832380,147179760,179.5,179.5,175.0,175.0,-3.0,710
2017-08-29,3552,1086200,190477000,174.5,178.5,172.5,176.0,1.0,958
2017-08-30,3552,687500,120995000,177.0,178.0,175.0,175.0,-1.0,606
2017-08-31,3552,3497288,639980057,176.0,186.5,176.0,182.5,7.5,2807
2017-09-01,3552,1386733,251034639,183.5,183.5,179.5,181.5,-1.0,1197
2017-09-04,3552,1314222,239087959,179.5,185.5,178.5,179.5,-2.0,1122
2017-09-05,3552,2224754,407184490,182.0,185.0,179.5,185.0,5.5,1716
2017-09-06,3552,1672450,306327750,185.5,188.0,180.0,180.5,-4.5,1381
2017-09-07,3552,1549095,281092100,184.5,186.0,178.5,178.5,-2.0,1269
2017-09-08,3552,937801,169273078,179.0,183.0,178.5,180.5,2.0,798
2017-09-11,3552,1532530,278619164,182.5,184.5,179.0,180.0,-0.5,1152
2017-09-12,3552,10765974,2069545352,182.0,198.0,180.0,198.0,18.0,7548
2017-09-13,3552,12532373,2575709265,201.5,210.5,200.0,203.5,5.5,9502
2017-09-14,3552,4525108,937832856,207.5,209.5,204.5,207.0,3.5,3550
2017-09-15,3552,7000481,1467508662,210.0,215.5,201.5,201.5,-5.5,5408
2017-09-18,3552,3791143,751689239,203.0,203.5,195.0,197.0,-4.5,3035
2017-09-19,3552,4415551,884624496,199.0,206.5,193.0,194.0,-3.0,3511
2017-09-20,3552,3061674,610041974,196.5,203.0,194.5,202.0,8.0,2563
2017-09-21,3552,7918085,1672537555,205.5,215.0,205.0,212.5,10.5,6111
2017-09-22,3552,6593936,1405807804,214.5,216.5,209.0,214.0,1.5,5130
2017-09-25,3552,6678466,1448340224,220.0,222.0,212.0,214.0,0.0,5219
2017-09-26,3552,4771655,981857171,213.0,213.5,196.0,199.5,-14.5,3739
2017-09-27,3552,3143800,643283600,201.5,208.0,200.5,205.0,5.5,2463
2017-09-28,3552,1477454,301679570,205.0,207.5,201.0,203.0,-2.0,1298
2017-09-29,3552,1916878,382209658,203.5,203.5,196.5,198.0,-5.0,1657
2017-09-30,3552,934550,189388150,203.0,204.0,201.5,201.5,3.5,802
2017-10-02,3552,3883750,817525370,205.0,213.5,202.5,212.5,11.0,3060
2017-10-03,3552,2367185,500028035,211.0,212.5,209.0,212.5,0.0,1915
2017-10-05,3552,10775373,2452464593,215.0,233.5,215.0,233.5,21.0,7075
2017-10-06,3552,7625405,1758988245,235.0,236.5,225.0,227.5,-6.0,5853
2017-10-11,3552,5520643,1211100174,223.0,226.0,215.0,216.0,-11.5,4245
2017-10-12,3552,4331952,955486962,218.0,224.5,213.5,219.5,3.5,3504
2017-10-13,3552,2023983,443886766,219.5,222.0,217.5,217.5,-2.0,1595
2017-10-16,3552,1629715,358520223,220.0,223.5,218.0,218.0,0.5,1344
2017-10-17,3552,5847774,1316383780,221.5,229.5,219.0,219.0,1.0,4711
2017-10-18,3552,2760730,605003140,222.5,224.0,215.0,217.0,-2.0,2333
2017-10-19,3552,1662267,367211902,219.0,223.5,219.0,222.5,5.5,1445
2017-10-20,3552,1553364,344067444,221.5,225.0,219.0,221.0,-1.5,1323
2017-10-23,3552,1890031,421882851,223.0,226.0,220.5,221.5,0.5,1537
2017-10-24,3552,2402858,524029902,223.0,224.0,216.0,216.5,-5.0,1952
2017-10-25,3552,1967521,422131973,218.5,219.0,210.0,210.0,-6.5,1635
2017-10-26,3552,2478318,506825508,206.0,208.0,202.5,204.0,-6.0,2142
2017-10-27,3552,2655155,536998345,206.5,208.5,196.0,197.0,-7.0,2207
2017-10-30,3552,2380320,461660220,200.0,201.5,189.5,193.5,-3.5,1877
2017-10-31,3552,1121114,218984800,196.0,197.5,193.0,195.5,2.0,984
2017-11-01,3552,2383374,481182609,199.0,205.0,197.0,202.0,6.5,2060
2017-11-02,3552,2299420,445628790,198.5,198.5,190.0,195.5,-6.5,1934
2017-11-03,3552,874135,170147595,196.0,197.5,193.0,194.0,-1.5,754
2017-11-06,3552,581269,112978031,196.0,196.0,192.0,195.0,1.0,499
2017-11-07,3552,1849081,350240928,196.5,196.5,187.0,188.0,-7.0,1612
2017-11-08,3552,3006612,555311332,190.0,191.0,181.0,183.0,-5.0,2495
2017-11-09,3552,6127320,1071305151,178.0,181.0,170.0,173.5,-9.5,4696
2017-11-10,3552,7430153,1206341659,171.0,171.0,157.0,162.0,-11.5,5547
2017-11-13,3552,4585803,702310147,159.5,159.5,148.0,148.0,-14.0,3638
2017-11-14,3552,3670920,553388080,150.5,154.5,148.0,148.0,0.0,2810
2017-11-15,3552,4678870,673290208,143.5,147.0,141.5,143.5,-4.5,3187
2017-11-16,3552,3985197,579293868,146.5,148.5,143.0,143.0,-0.5,2666
2017-11-17,3552,2600490,377434560,146.0,147.5,143.5,143.5,0.5,1937
2017-11-20,3552,1774984,258671664,146.0,147.5,144.0,145.0,1.5,1309
2017-11-21,3552,2577900,384098300,146.0,151.5,145.5,148.5,3.5,1985
2017-11-22,3552,1896734,286880965,151.0,153.0,150.0,150.0,1.5,1538
2017-11-23,3552,2594244,375998746,150.5,150.5,142.5,143.5,-6.5,2030
2017-11-24,3552,4734504,709006361,144.0,154.5,142.0,149.5,6.0,3543
2017-11-27,3552,1670696,253970638,152.0,154.0,150.5,151.5,2.0,1355
2017-11-28,3552,4032060,632613567,154.0,160.5,151.5,157.5,6.0,3150
2017-11-29,3552,2046340,319534380,159.0,159.0,154.0,154.5,-3.0,1592
2017-11-30,3552,2052213,320557228,155.0,159.0,152.5,154.0,-0.5,1535
2017-12-01,3552,2126322,327257910,157.5,158.0,149.0,153.0,-1.0,1681
2017-12-04,3552,1145300,176347550,154.0,156.5,151.5,151.5,-1.5,943
2017-12-05,3552,1465901,218536895,152.0,152.0,146.0,146.5,-5.0,1220
2017-12-06,3552,2301981,338729715,146.5,151.0,144.0,146.0,-0.5,1824
2017-12-07,3552,1379580,200299130,147.0,148.0,142.0,146.0,0.0,1026
2017-12-08,3552,2848351,456797335,160.5,160.5,159.0,160.5,14.5,1794
2017-12-11,3552,8106461,1386760675,169.5,175.0,168.5,173.5,13.0,5531
2017-12-12,3552,2594895,440894593,170.5,172.0,168.0,169.5,-4.0,2105
2017-12-13,3552,5432019,949601755,176.0,179.5,170.0,170.5,1.0,4231
2017-12-14,3552,2011434,345595929,171.5,174.0,170.5,170.5,0.0,1660
2017-12-15,3552,2357599,391321934,170.5,170.5,163.5,165.5,-5.0,1823
2017-12-18,3552,2187603,371047010,167.0,172.5,166.5,168.0,2.5,1730
2017-12-19,3552,1322011,219232342,167.5,169.0,164.0,164.5,-3.5,1009
2017-12-20,3552,1524500,255902248,167.0,169.5,165.0,168.5,4.0,1225
2017-12-21,3552,1643765,278130050,170.0,171.5,166.0,167.0,-1.5,1337
2017-12-22,3552,1148100,194438500,170.5,171.0,168.0,169.0,2.0,944
2017-12-25,3552,2224382,381618204,169.5,174.0,169.0,169.5,0.5,1659
2017-12-26,3552,1775187,296433695,170.0,170.5,164.0,166.5,-3.0,1251
2017-12-27,3552,2232623,380807464,167.5,173.0,166.0,172.5,6.0,1704
2017-12-28,3552,5870538,1039735917,178.0,179.5,174.0,174.5,2.0,4536
2017-12-29,3552,1414105,245282611,175.5,176.0,172.0,172.0,-2.5,1125
2018-01-02,3552,877066,152174918,172.0,175.5,171.5,172.5,0.5,747
2018-01-03,3552,1009590,174766570,174.0,174.5,172.0,174.0,1.5,796
2018-01-04,3552,1148410,198733930,175.0,175.0,171.5,171.5,-2.5,896
2018-01-05,3552,6096977,1088513416,174.5,182.0,174.5,178.5,7.0,4640
2018-01-08,3552,2979196,518099300,177.0,177.5,171.5,173.0,-5.5,2213
2018-01-09,3552,1999811,340804897,174.5,175.0,167.0,168.0,-5.0,1620
2018-01-10,3552,1377913,228093100,169.5,169.5,164.0,164.5,-3.5,1144
2018-01-11,3552,1242549,200723810,164.5,164.5,160.0,160.0,-4.5,1051
2018-01-12,3552,915814,148654682,160.5,164.0,160.5,161.5,1.5,741
2018-01-15,3552,1227188,202217520,163.0,167.5,161.5,165.0,3.5,1078
2018-01-16,3552,1028260,166754620,164.0,164.0,161.0,162.0,-3.0,904
2018-01-17,3552,648425,105845562,162.5,164.5,162.0,162.5,0.5,582
2018-01-18,3552,516102,84333728,164.0,164.5,162.5,163.5,1.0,457
2018-01-19,3552,1126600,186807400,164.5,168.0,163.0,165.0,1.5,966
2018-01-22,3552,989244,160739516,165.0,165.0,160.5,163.0,-2.0,765
2018-01-23,3552,1477507,235894620,162.5,164.5,157.0,158.0,-5.0,1195
2018-01-24,3552,865404,138916948,158.0,162.5,158.0,161.5,3.5,732
2018-01-25,3552,591026,95468686,160.0,164.5,160.0,160.0,-1.5,504
2018-01-26,3552,584706,93915519,160.0,162.0,159.0,161.5,1.5,519
2018-01-29,3552,528244,85357028,162.0,163.5,160.5,161.0,-0.5,458
2018-01-30,3552,914865,146107600,161.0,162.0,157.0,157.5,-3.5,770
2018-01-31,3552,1571082,249978956,156.5,162.5,156.0,158.0,0.5,1278
2018-02-01,3552,1083300,172904850,160.0,161.5,157.5,158.0,0.0,910
2018-02-02,3552,730608,114933259,159.0,159.5,156.5,156.5,-1.5,629
2018-02-05,3552,1364470,204294380,150.0,152.5,146.0,152.5,-4.0,1179
2018-02-06,3552,2880354,408746733,148.5,149.5,137.5,140.0,-12.5,2355
2018-02-07,3552,1545119,222085255,146.0,146.0,142.0,142.0,2.0,1030
2018-02-08,3552,1169381,165879340,144.0,145.5,139.5,139.5,-2.5,1034
2018-02-09,3552,2023933,265077821,128.0,134.5,128.0,133.0,-6.5,1648
2018-02-12,3552,869001,116600635,135.5,136.0,133.0,134.0,1.0,668
2018-02-21,3552,1778788,255148336,138.5,147.0,137.5,146.5,12.5,1470
2018-02-22,3552,2456981,368020150,147.0,152.5,145.0,148.0,1.5,1946
2018-02-23,3552,1170167,174721550,151.5,152.0,147.0,147.5,-0.5,932
2018-02-26,3552,654032,97079715,149.5,151.0,146.0,147.5,0.0,540
2018-02-27,3552,1138035,169356160,149.5,151.0,146.5,147.5,0.0,830
2018-03-01,3552,769205,111384250,146.5,146.5,143.0,146.0,-1.5,620
2018-03-02,3552,392500,57107250,143.5,147.0,143.5,145.5,-0.5,344
2018-03-05,3552,417354,60840007,147.5,147.5,144.5,144.5,-1.0,361
2018-03-06,3552,647548,94371184,147.0,148.0,144.5,144.5,0.0,462
2018-03-07,3552,1546965,229252355,144.5,150.5,144.5,147.5,3.0,1206
2018-03-08,3552,1146240,169750760,148.0,149.5,147.0,148.5,1.0,859
2018-03-09,3552,1635525,235935625,144.5,146.0,143.0,144.0,-4.5,1218
2018-03-12,3552,1266430,182420280,145.0,146.0,141.0,145.0,1.0,1002
2018-03-13,3552,2549214,383044704,145.0,153.5,145.0,149.5,4.5,2033
2018-03-14,3552,871872,130236991,151.0,151.5,148.0,148.0,-1.5,711
2018-03-15,3552,706711,103655306,146.0,148.5,146.0,146.0,-2.0,584
2018-03-16,3552,540000,78946000,148.0,148.0,145.0,145.5,-0.5,464
2018-03-19,3552,585500,86309000,147.0,148.5,145.5,147.0,1.5,510
2018-03-20,3552,4052778,558179529,139.0,139.5,136.0,138.5,-8.5,3079
2018-03-21,3552,2721912,364690620,136.0,136.5,132.0,134.0,-4.5,2203
2018-03-22,3552,1044356,139375668,134.0,135.5,132.0,132.0,-2.0,922
2018-03-23,3552,1101231,141568337,128.0,131.0,125.0,131.0,-1.0,893
2018-03-26,3552,535616,70808464,133.5,133.5,131.0,132.0,1.0,455
2018-03-27,3552,512017,67774744,134.0,134.5,131.0,131.5,-0.5,451
2018-03-28,3552,582343,75570590,132.0,132.5,128.5,128.5,-3.0,498
2018-03-29,3552,1576406,197440250,129.0,129.5,123.0,124.5,-4.0,1165
2018-03-30,3552,1333507,172192162,127.0,131.0,125.5,129.5,5.0,1101
2018-03-31,3552,394864,50918456,131.0,131.0,128.0,128.5,-1.0,327
2018-04-02,3552,320192,41149978,129.5,130.0,127.5,127.5,-1.0,260
2018-04-03,3552,475388,59538388,125.5,126.0,124.5,125.0,-2.5,400
2018-04-09,3552,1447611,190415985,127.0,134.0,127.0,131.5,6.5,1211
2018-04-10,3552,642766,84577080,132.0,134.0,129.5,130.5,-1.0,555
2018-04-11,3552,542022,70921870,133.0,133.0,129.5,130.0,-0.5,464
2018-04-12,3552,508060,66254889,130.0,131.5,129.5,131.5,1.5,432
2018-04-13,3552,1026095,137368586,131.0,137.0,131.0,132.0,0.5,884
2018-04-16,3552,480134,63711754,133.5,134.5,131.5,132.0,0.0,400
2018-04-17,3552,433273,56377990,132.0,132.5,128.5,129.5,-2.5,367
2018-04-18,3552,500324,64186281,129.5,132.0,126.5,127.5,-2.0,428
2018-04-19,3552,314730,40505940,129.5,130.0,128.0,129.0,1.5,262
2018-04-20,3552,447043,56925961,129.0,129.5,126.0,126.5,-2.5,378
2018-04-23,3552,499787,61859693,126.0,126.5,123.0,123.0,-3.5,425
2018-04-24,3552,827637,97502206,124.0,124.0,115.5,116.5,-6.5,677
2018-04-25,3552,441816,51004156,114.0,118.0,113.5,115.5,-1.0,382
2018-04-26,3552,620577,70374332,117.0,118.0,110.0,110.0,-5.5,532
2018-04-27,3552,1094126,119482364,112.5,114.0,107.0,108.0,-2.0,886
2018-04-30,3552,585370,63606200,109.0,110.0,107.5,109.0,1.0,499
2018-05-02,3552,451521,48960528,110.0,110.0,107.5,108.0,-1.0,412
2018-05-03,3552,1104559,115881636,107.5,107.5,103.5,103.5,-4.5,868
2018-05-04,3552,1069318,113059708,103.5,108.0,103.5,105.0,1.5,933
2018-05-07,3552,955159,98660377,104.5,106.0,102.0,102.5,-2.5,875
2018-05-08,3552,1614101,170465812,103.0,108.0,103.0,105.5,3.0,1271
2018-05-09,3552,794546,82376330,105.0,106.0,102.5,102.5,-3.0,664
2018-05-10,3552,2185924,234179792,104.0,109.5,103.0,108.5,6.0,1741
2018-05-11,3552,1772412,188624996,108.0,108.5,105.0,107.0,-1.5,1334
2018-05-14,3552,1835623,189019415,106.0,106.0,102.0,102.0,-5.0,1546
2018-05-15,3552,2907208,287206984,102.5,105.0,95.8,95.8,-6.2,2405
2018-05-16,3552,2269561,213532440,94.5,95.7,93.1,93.1,-2.7,1891
2018-05-17,3552,1716626,162121444,94.7,95.6,93.5,93.5,0.4,1419
2018-05-18,3552,980700,92784956,93.3,95.5,93.3,95.5,2.0,846
2018-05-21,3552,3195582,323421751,97.0,104.5,96.7,103.0,7.5,2512
2018-05-22,3552,2044591,210875373,105.0,105.0,101.5,102.5,-0.5,1561
2018-05-23,3552,1583700,164464500,104.0,105.5,102.0,103.5,1.0,1200
2018-05-24,3552,1743250,184758624,105.0,107.5,104.0,105.0,1.5,1352
2018-05-25,3552,814150,84227800,104.0,104.5,103.0,103.0,-2.0,657
2018-05-28,3552,919660,95815640,104.0,105.5,103.0,104.0,1.0,707
2018-05-29,3552,1605253,170980944,106.0,108.5,105.0,105.5,1.5,1261
2018-05-30,3552,667156,69227724,104.5,104.5,103.0,103.5,-2.0,536
2018-05-31,3552,758333,78637962,105.5,106.0,102.0,102.0,-1.5,590
2018-06-01,3552,508000,52233000,102.5,103.5,102.0,103.0,1.0,407
2018-06-04,3552,1464034,154522172,104.0,107.5,103.0,105.0,2.0,1065
2018-06-05,3552,680082,71215274,106.5,106.5,103.5,104.5,-0.5,518
2018-06-06,3552,1450451,155158708,105.5,108.5,105.0,107.5,3.0,1091
2018-06-07,3552,3128707,362452426,112.0,118.0,112.0,118.0,10.5,1881
2018-06-08,3552,8330795,1006207605,119.5,124.5,116.0,116.0,-2.0,5892
2018-06-11,3552,1593152,180545676,115.0,116.0,112.0,113.0,-3.0,1300
2018-06-12,3552,1471268,167396516,115.0,116.5,112.0,112.0,-1.0,1176
2018-06-13,3552,1576859,179913637,113.5,116.0,112.0,112.0,0.0,1150
2018-06-14,3552,1379000,150422500,112.5,112.5,107.0,107.0,-5.0,1181
2018-06-15,3552,991190,108806755,108.5,111.0,107.5,111.0,4.0,821
2018-06-19,3552,798864,86864877,110.5,112.5,107.0,107.0,-4.0,653
2018-06-20,3552,935200,97300400,106.0,107.0,102.5,103.0,-4.0,739
2018-06-21,3552,467029,48287487,104.0,104.5,102.0,102.0,-1.0,414
2018-06-22,3552,702489,70482889,102.0,103.0,99.1,99.5,-2.5,588
2018-06-25,3552,428944,42969115,99.2,102.5,99.2,99.3,-0.2,384
2018-06-26,3552,701503,67975190,98.9,98.9,95.8,97.2,-2.1,614
2018-06-27,3552,442652,43069692,98.1,98.6,96.0,96.0,-1.2,418
2018-06-28,3552,416200,40282500,96.6,97.8,95.5,96.7,0.7,339
2018-06-29,3552,2133649,220971494,98.0,106.0,97.5,106.0,9.3,1616
2018-07-02,3552,1285026,132964688,105.5,105.5,102.0,102.5,-3.5,1011
2018-07-03,3552,517002,52637704,103.0,104.5,100.0,100.5,-2.0,465
2018-07-04,3552,589900,59581718,101.0,103.0,99.2,99.4,-1.1,520
2018-07-05,3552,673591,66466062,99.5,101.5,96.9,97.0,-2.4,538
2018-07-06,3552,721500,70176847,98.0,99.0,96.0,98.2,1.2,605
2018-07-09,3552,1512629,156216343,100.0,107.0,100.0,100.0,1.8,1292
2018-07-10,3552,634528,63707184,101.5,102.0,99.1,101.0,1.0,533
2018-07-11,3552,771829,78665929,99.5,104.0,99.5,100.5,-0.5,687
2018-07-12,3552,465196,47363188,100.5,103.0,100.5,103.0,2.5,405
2018-07-13,3552,479230,49233690,104.0,104.0,102.0,102.5,-0.5,437
2018-07-16,3552,684650,71273450,104.0,105.5,102.5,103.0,0.5,586
2018-07-17,3552,2969201,315898002,104.0,109.5,102.5,109.0,6.0,2253
2018-07-18,3552,5804272,641887280,111.0,114.0,107.0,114.0,5.0,4148
2018-07-19,3552,2598838,290865769,111.5,114.0,109.5,109.5,-4.5,2007
2018-07-20,3552,1534094,169334884,110.5,112.5,108.5,110.5,1.0,1262
2018-07-23,3552,1371961,150342788,111.0,112.5,106.5,107.0,-3.5,1136
2018-07-24,3552,1030075,109603212,107.5,108.0,105.0,108.0,1.0,789
2018-07-25,3552,1427880,154115180,106.5,111.5,105.0,111.0,3.0,1105
2018-07-26,3552,2487988,282344156,111.0,115.5,111.0,112.0,1.0,1896
2018-07-27,3552,1048351,117291663,112.0,113.5,110.0,112.5,0.5,861
2018-07-30,3552,1181833,132628045,112.0,115.0,110.0,110.0,-2.5,929
2018-07-31,3552,1605907,181290305,110.5,114.5,109.0,114.0,4.0,1206
2018-08-01,3552,5822584,694488698,117.0,122.0,117.0,117.5,3.5,4390
2018-08-02,3552,3357706,398087570,117.5,121.5,115.0,120.5,3.0,2768
2018-08-03,3552,3588371,435684278,124.0,125.5,118.0,118.0,-2.5,2776
2018-08-06,3552,2828305,344798515,119.0,124.0,118.5,122.0,4.0,2211
2018-08-07,3552,1804275,216592325,122.0,122.0,118.5,121.0,-1.0,1402
2018-08-08,3552,2171567,260212619,122.0,123.5,117.0,117.0,-4.0,1712
2018-08-09,3552,2783225,310408809,112.5,114.0,110.0,110.0,-7.0,2286
2018-08-10,3552,3183852,358337536,110.0,116.0,107.0,115.0,5.0,2577
2018-08-13,3552,1940173,213744722,112.5,113.5,108.0,108.5,-6.5,1574
2018-08-14,3552,835284,91704808,110.0,111.0,108.5,109.5,1.0,682
2018-08-15,3552,1558013,167620367,110.0,111.0,105.0,105.5,-4.0,1234
2018-08-16,3552,2001066,197671530,98.6,101.0,95.0,99.2,0.0,1626
2018-08-17,3552,1065882,106992200,101.0,102.0,98.8,98.8,-0.4,894
2018-08-20,3552,3540072,323926124,93.3,94.9,90.0,90.4,-8.4,2836
2018-08-21,3552,1500701,137518693,90.0,93.7,89.9,92.0,1.6,1266
2018-08-22,3552,1122004,102565480,92.0,92.9,90.7,90.8,-1.2,929
2018-08-23,3552,1478069,134488052,91.0,92.4,89.8,90.4,-0.4,1107
2018-08-24,3552,2741902,234484325,90.2,91.0,83.6,84.5,-5.9,2266
2018-08-27,3552,1472697,128194436,86.0,88.6,85.5,87.9,3.4,1218
2018-08-28,3552,1372258,119180204,88.2,88.5,85.5,87.1,-0.8,1140
2018-08-29,3552,1766496,157795536,87.4,90.5,87.4,90.2,3.1,1356
2018-08-30,3552,1418650,130253475,91.9,93.1,90.5,90.8,0.6,1194
2018-08-31,3552,871740,77946740,89.6,90.5,88.6,90.5,-0.3,724
2018-09-03,3552,1034103,91258451,91.5,91.5,86.2,86.2,-4.3,832
2018-09-04,3552,574501,50098388,87.0,87.8,86.6,87.6,1.4,496
2018-09-05,3552,770942,68107865,86.9,89.8,86.8,87.7,0.1,704
2018-09-06,3552,758604,67163056,88.0,89.5,86.8,88.3,0.6,650
2018-09-07,3552,1110636,95809070,88.3,88.9,84.3,85.5,-2.8,907
2018-09-10,3552,1978168,159761582,85.9,85.9,77.8,77.8,-7.7,1589
2018-09-11,3552,1050003,82992136,78.5,80.7,77.9,79.2,1.4,874
2018-09-12,3552,806938,63041164,79.2,79.3,77.1,77.9,-1.3,654
2018-09-13,3552,532400,42181200,78.5,80.0,78.5,79.2,1.3,451
2018-09-14,3552,916620,74990680,81.1,83.5,80.4,83.0,3.8,789
2018-09-17,3552,561296,46336149,81.1,83.3,81.1,83.3,0.3,491
2018-09-18,3552,2176637,186159871,83.6,88.5,81.7,81.7,-1.6,1804
2018-09-19,3552,649362,53555546,82.6,83.2,82.0,82.0,0.3,576
2018-09-20,3552,1071684,85655801,82.5,82.8,78.5,78.6,-3.4,931
2018-09-21,3552,794212,62888415,79.2,80.2,77.2,79.8,1.2,659
2018-09-25,3552,770100,63141200,79.8,83.0,79.8,82.0,2.2,625
2018-09-26,3552,359101,29521542,82.2,83.3,81.6,82.0,0.0,309
2018-09-27,3552,342011,28020702,81.7,82.8,81.3,81.3,-0.7,286
2018-09-28,3552,494001,39726382,81.6,81.6,79.0,80.1,-1.2,393
2018-10-01,3552,657525,54167935,80.8,83.4,80.8,83.0,2.9,545
2018-10-02,3552,1121067,94451995,85.4,85.9,83.0,83.1,0.1,967
2018-10-03,3552,703030,57249830,83.1,83.1,80.0,80.0,-3.1,538
2018-10-04,3552,1051222,85869682,81.0,83.2,80.5,80.5,0.5,891
2018-10-05,3552,1275133,98837207,79.3,80.1,74.1,76.6,-3.9,1013
2018-10-08,3552,825977,62168955,74.8,77.8,73.6,74.9,-1.7,693
2018-10-09,3552,1668746,119336684,74.9,74.9,69.1,71.1,-3.8,1297
2018-10-11,3552,1641793,105451145,64.2,67.9,64.0,64.0,-7.1,1123
2018-10-12,3552,1044221,67280970,64.5,65.7,63.3,64.7,0.7,764
2018-10-15,3552,726009,47663594,65.1,66.7,64.4,65.2,0.5,590
2018-10-16,3552,566375,37632399,66.5,67.2,65.6,65.9,0.7,481
2018-10-17,3552,761138,50996084,67.2,67.6,66.3,66.6,0.7,638
2018-10-18,3552,1698026,116834661,67.0,70.7,67.0,67.3,0.7,1316
2018-10-19,3552,814303,53049634,65.0,65.9,64.2,65.5,-1.8,613
2018-10-22,3552,463664,30431424,64.2,66.8,64.2,66.0,0.5,378
2018-10-23,3552,527516,34210894,65.1,66.0,64.2,64.2,-1.8,394
2018-10-24,3552,720550,46687284,64.2,65.7,63.3,64.6,0.4,560
2018-10-25,3552,1484790,90654904,63.0,63.7,58.7,60.7,-3.9,1140
2018-10-26,3552,1478426,86478517,60.8,62.2,56.0,56.0,-4.7,1136
2018-10-29,3552,1172447,65012052,57.0,57.3,54.7,55.8,-0.2,841
2018-10-30,3552,1744751,100314604,56.4,59.6,55.5,58.6,2.8,1070
2018-10-31,3552,3152482,196666466,58.6,64.4,58.6,63.0,4.4,2004
2018-11-01,3552,1355016,84838207,62.5,64.0,61.1,63.1,0.1,1166
2018-11-02,3552,1457538,93494015,63.5,65.3,62.7,63.2,0.1,1088
2018-11-05,3552,1275440,81741578,61.4,64.9,61.4,64.8,1.6,944
2018-11-06,3552,1415247,88836286,64.8,64.8,61.5,61.5,-3.3,1135
2018-11-07,3552,1276592,80806224,62.0,64.5,61.2,64.4,2.9,1019
2018-11-08,3552,1122611,65111438,58.0,58.0,58.0,58.0,-6.4,629
2018-11-09,3552,4095337,229080485,56.0,58.0,54.2,57.6,-0.4,3156
2018-11-12,3552,888234,50404438,55.7,57.6,55.7,56.2,-1.4,682
2018-11-13,3552,1205934,68021497,54.2,57.8,54.2,57.6,1.4,915
2018-11-14,3552,1025741,59028764,58.1,59.2,55.9,56.0,-1.6,872
2018-11-15,3552,958604,53195557,56.0,56.6,54.8,55.4,-0.6,774
2018-11-16,3552,694032,38753176,56.4,56.9,55.2,55.2,-0.2,569
2018-11-19,3552,715649,40215006,55.2,56.8,55.2,56.1,0.9,599
2018-11-20,3552,4755898,288066804,55.7,61.7,55.7,61.7,5.6,2737
2018-11-21,3552,7772156,488617755,61.7,64.7,61.1,62.6,0.9,5217
2018-11-22,3552,1988138,123923294,62.2,63.8,61.0,62.0,-0.6,1495
2018-11-23,3552,2922188,185426152,62.8,64.8,61.2,62.6,0.6,2240
2018-11-26,3552,2215151,142461038,63.4,66.4,63.0,63.8,1.2,1690
2018-11-27,3552,1197225,76799296,63.9,64.9,63.3,64.1,0.3,883
2018-11-28,3552,1143000,73473800,64.5,65.3,63.7,64.0,-0.1,860
2018-11-29,3552,2842099,187863785,64.8,67.9,64.3,64.5,0.5,2147
2018-11-30,3552,2441460,157447322,65.0,66.3,63.6,63.6,-0.9,1222
2018-12-03,3552,2316282,153862194,65.2,67.9,64.5,67.0,3.4,1639
2018-12-04,3552,4149625,288668346,67.9,72.0,67.2,68.4,1.4,3047
2018-12-05,3552,1568539,104937358,66.8,68.3,65.6,66.3,-2.1,1188
2018-12-06,3552,1744831,111954517,66.8,67.8,62.3,62.3,-4.0,1289
2018-12-07,3552,662177,42165549,63.5,64.3,62.9,64.1,1.8,554
2018-12-10,3552,972243,60301217,63.7,64.4,60.0,60.7,-3.4,753
2018-12-11,3552,454157,28155579,62.5,62.5,61.5,61.9,1.2,349
2018-12-12,3552,1259320,81854300,63.8,66.3,63.3,65.1,3.2,994
2018-12-13,3552,2267700,152068600,64.9,68.4,64.8,67.4,2.3,1669
2018-12-14,3552,2552293,174205217,68.3,69.7,66.7,66.7,-0.7,1862
2018-12-17,3552,1942545,133670660,67.4,69.9,67.2,67.7,1.0,1450
2018-12-18,3552,2433082,167007576,67.9,69.8,67.6,67.8,0.1,1791
2018-12-19,3552,1613022,107837360,68.6,68.9,65.7,66.3,-1.5,1240
2018-12-20,3552,1199600,77454518,65.6,66.8,62.1,62.7,-3.6,962
2018-12-21,3552,857844,53741789,61.7,63.6,61.5,63.3,0.6,697
2018-12-22,3552,407005,25707015,63.2,64.1,62.7,62.7,-0.6,280
2018-12-24,3552,707361,44828343,63.5,64.1,62.7,63.0,0.3,511
2018-12-25,3552,853206,52109185,61.8,62.4,60.2,61.0,-2.0,698
2018-12-26,3552,517235,31716305,62.1,62.4,60.2,60.3,-0.7,426
2018-12-27,3552,489109,30104602,62.1,62.4,61.0,61.0,0.7,414
2018-12-28,3552,679520,40804200,61.0,61.6,59.2,59.6,-1.4,560
2019-01-02,3552,391032,23298161,60.7,60.7,58.5,58.8,-0.8,308
2019-01-03,3552,664004,39166640,59.1,60.7,57.6,57.6,-1.2,527
2019-01-04,3552,596530,33465240,57.0,57.0,55.1,56.8,-0.8,520
2019-01-07,3552,464215,27043468,59.0,59.3,57.8,58.1,1.3,374
2019-01-08,3552,492255,28860710,58.5,59.2,58.2,59.2,1.1,397
2019-01-09,3552,944090,57910414,61.1,62.0,60.3,61.1,1.9,763
2019-01-10,3552,520026,31053286,59.5,60.2,59.2,59.7,-1.4,424
2019-01-11,3552,392011,23536182,59.8,60.6,59.7,60.0,0.3,328
2019-01-14,3552,305600,18484600,60.1,61.4,59.7,60.0,0.0,277
2019-01-15,3552,758823,46611426,60.6,62.0,60.3,62.0,2.0,634
2019-01-16,3552,1357123,85899918,63.2,64.3,62.6,62.6,0.6,1075
2019-01-17,3552,474008,29431104,63.5,63.5,61.3,61.3,-1.3,366
2019-01-18,3552,381751,23648480,62.1,62.5,61.5,61.5,0.2,311
2019-01-21,3552,315082,19388645,62.0,62.7,61.0,61.2,-0.3,260
2019-01-22,3552,188500,11463339,61.5,61.5,60.3,60.5,-0.7,193
2019-01-23,3552,253372,15449685,60.6,61.3,60.5,60.8,0.3,232
2019-01-24,3552,392044,24209572,60.9,62.6,60.9,62.1,1.3,301
2019-01-25,3552,541259,33885326,63.3,63.3,62.1,62.7,0.6,401
2019-01-28,3552,402759,25346458,63.1,63.3,62.4,62.4,-0.3,373
2019-01-29,3552,441092,27739434,62.4,63.7,61.9,63.7,1.3,356
2019-01-30,3552,1482024,95989817,64.6,66.1,63.5,63.5,-0.2,1214
2019-02-11,3552,431056,27234684,64.1,64.2,62.7,63.1,-0.4,389
2019-02-12,3552,756049,48457653,63.2,65.0,63.2,65.0,1.9,607
2019-02-13,3552,1399477,92555440,66.0,67.4,65.1,65.1,0.1,1103
2019-02-14,3552,546391,35652249,64.4,65.9,64.4,65.0,-0.1,457
2019-02-15,3552,571600,36933355,65.5,66.4,63.6,64.0,-1.0,503
2019-02-18,3552,390213,25036907,65.0,65.0,63.8,63.9,-0.1,356
2019-02-19,3552,1628395,106832365,64.4,67.0,63.5,65.8,1.9,1213
2019-02-20,3552,779481,51382882,66.2,66.8,65.2,65.2,-0.6,620
2019-02-21,3552,3059223,207797331,65.6,69.1,65.4,68.5,3.3,2267
2019-02-22,3552,1007431,67803891,68.0,68.3,66.4,67.3,-1.2,898
2019-02-25,3552,664252,44835938,67.8,68.6,67.0,67.4,0.1,572
2019-02-26,3552,824087,54838671,68.1,68.2,65.4,65.5,-1.9,711
2019-02-27,3552,742605,47643108,65.6,66.0,63.5,64.3,-1.2,629
2019-03-04,3552,383658,24917294,64.6,66.0,64.0,65.7,1.4,380
2019-03-05,3552,455053,29528857,65.6,65.6,64.5,64.5,-1.2,419
2019-03-06,3552,331627,21343010,64.5,64.9,64.1,64.3,-0.2,330
2019-03-07,3552,536053,34255701,64.6,65.1,63.1,63.4,-0.9,450
2019-03-08,3552,560065,35005360,62.9,62.9,62.2,62.3,-1.1,439
2019-03-11,3552,319052,19971636,62.4,63.4,62.3,62.4,0.1,293
2019-03-12,3552,297500,18803045,64.0,64.0,62.8,62.9,0.5,265
2019-03-13,3552,278227,17427401,63.0,63.3,62.3,62.7,-0.2,244
2019-03-14,3552,412326,25635212,62.9,63.4,61.5,61.8,-0.9,363
2019-03-15,3552,326783,20255176,61.8,62.5,61.8,61.8,0.0,299
2019-03-18,3552,440278,27429392,62.2,63.0,61.6,63.0,1.2,393
2019-03-19,3552,780030,49571120,63.6,64.2,63.0,63.0,0.0,624
2019-03-20,3552,361151,22685269,63.6,63.6,62.4,63.0,0.0,317
2019-03-21,3552,271212,17069408,63.1,63.1,62.8,62.8,-0.2,236
2019-03-22,3552,469500,29325286,63.1,63.5,61.8,62.5,-0.3,401
2019-03-25,3552,288241,17637407,61.1,61.6,61.0,61.0,-1.5,273
2019-03-26,3552,413565,25385268,61.1,62.2,60.8,61.1,0.1,370
2019-03-27,3552,520870,31535620,61.0,61.4,60.2,60.2,-0.9,431
2019-03-28,3552,717863,43872964,61.2,62.0,59.9,61.9,1.7,683
2019-03-29,3552,698420,43625940,62.4,63.2,61.8,62.1,0.2,574
2019-04-01,3552,528542,32767004,62.3,62.8,61.5,62.0,-0.1,452
2019-04-02,3552,786036,49283458,63.2,63.3,62.2,62.5,0.5,582
2019-04-03,3552,468070,29294410,62.9,63.1,62.0,62.5,0.0,369
2019-04-08,3552,573901,36103270,62.8,63.4,62.5,63.2,0.7,450
2019-04-09,3552,3997362,271775856,63.7,69.5,63.7,69.5,6.3,2453
2019-04-10,3552,18960054,1378677080,71.0,76.4,70.1,76.4,6.9,11559
2019-04-11,3552,14214063,1131144549,78.9,82.6,77.3,77.4,1.0,10581
2019-04-12,3552,4040489,314500035,76.7,79.8,76.4,79.2,1.8,3394
2019-04-15,3552,4708808,381767960,80.5,82.6,80.0,80.6,1.4,3769
2019-04-16,3552,3281177,262799697,80.0,82.3,78.7,82.3,1.7,2425
2019-04-17,3552,7228549,615521867,83.6,87.7,82.2,82.3,0.0,5455
2019-04-18,3552,3039189,249327745,83.1,84.3,80.3,80.6,-1.7,2279
2019-04-19,3552,1956256,160385350,81.0,83.3,80.6,83.2,2.6,1505
2019-04-22,3552,1615946,133427272,84.4,84.4,80.5,80.5,-2.7,1385
2019-04-23,3552,1346668,107304940,80.7,81.2,78.6,79.2,-1.3,1108
2019-04-24,3552,940085,74997777,79.4,81.0,79.0,80.1,0.9,775
2019-04-25,3552,1752290,136775071,80.0,80.0,77.1,77.1,-3.0,1222
2019-04-26,3552,2114451,163639536,78.4,78.7,75.5,77.2,0.1,1417
2019-04-29,3552,2928082,212731159,75.7,75.7,70.6,71.5,-5.7,2172
2019-04-30,3552,1764005,125141065,69.9,73.0,68.9,72.7,1.2,1327
2019-05-02,3552,727844,52297732,71.0,72.6,71.0,71.6,-1.1,561
2019-05-03,3552,2382434,178050709,72.0,76.5,71.6,74.5,2.9,1889
2019-05-06,3552,1198461,86631196,72.5,73.2,71.3,73.0,-1.5,896
2019-05-07,3552,930206,68713040,74.1,74.8,72.7,72.9,-0.1,692
2019-05-08,3552,947251,67419821,71.0,72.6,70.4,70.5,-2.4,723
2019-05-09,3552,1664080,114622840,70.6,71.8,66.3,67.2,-3.3,1209
2019-05-10,3552,1510756,102952879,68.3,69.7,66.3,68.0,0.8,1086
2019-05-13,3552,1379738,94301186,67.2,69.5,67.2,68.1,0.1,791
2019-05-14,3552,997014,66877157,66.8,67.9,65.2,67.9,-0.2,761
2019-05-15,3552,1162402,79154333,67.8,68.8,67.3,67.5,-0.4,947
2019-05-16,3552,1319034,90093961,67.9,69.6,66.6,66.7,-0.8,1050
2019-05-17,3552,1481781,95682758,67.3,68.2,62.7,63.0,-3.7,1163
2019-05-20,3552,1190567,72633221,63.4,63.9,59.9,61.0,-2.0,890
2019-05-21,3552,572100,35209900,60.8,62.7,60.4,62.4,1.4,439
2019-05-22,3552,503564,31264241,62.8,63.6,60.9,61.3,-1.1,408
2019-05-23,3552,460033,27787946,60.4,61.1,60.0,60.5,-0.8,365
2019-05-24,3552,453481,27392401,60.3,61.2,60.0,60.0,-0.5,359
2019-05-27,3552,672035,39012617,60.2,60.5,57.2,57.9,-2.1,535
2019-05-28,3552,312100,18153500,58.5,58.6,57.6,58.2,0.3,265
2019-05-29,3552,527033,31183029,58.0,60.5,57.6,59.1,0.9,426
2019-05-30,3552,316593,18871180,59.5,60.1,59.3,59.4,0.3,249
2019-05-31,3552,382042,22889220,59.4,60.3,59.4,59.9,0.5,319
2019-06-03,3552,339210,19930815,59.2,59.3,58.5,58.5,-1.4,281
2019-06-04,3552,242032,14176538,58.8,59.1,58.1,58.3,-0.2,202
2019-06-05,3552,601601,35948477,60.0,60.4,59.1,59.6,1.3,503
2019-06-06,3552,1086100,65814800,59.8,61.2,59.7,60.9,1.3,896
2019-06-10,3552,515148,31446341,61.8,62.3,60.5,60.7,-0.2,450
2019-06-11,3552,566409,34111518,60.8,60.9,59.8,60.1,-0.6,428
2019-06-12,3552,382251,23148660,60.3,61.0,60.0,61.0,0.9,328
2019-06-13,3552,994101,61480830,61.4,62.5,61.4,61.6,0.6,810
2019-06-14,3552,329000,20098600,61.6,61.8,60.7,60.7,-0.9,269
2019-06-17,3552,186350,11311641,60.7,61.1,60.4,60.7,0.0,167
2019-06-18,3552,199001,12051361,61.2,61.4,60.2,60.3,-0.4,170
2019-06-19,3552,471000,28793400,61.1,61.7,60.6,61.6,1.3,373
2019-06-20,3552,1006396,62810890,62.5,63.2,61.9,62.0,0.4,774
2019-06-21,3552,425199,26292637,62.6,62.6,61.2,61.2,-0.8,346
2019-06-24,3552,223054,13661002,61.8,61.8,61.0,61.2,0.0,169
2019-06-25,3552,173213,10557448,61.2,61.4,60.7,60.8,-0.4,147
2019-06-26,3552,164000,9937900,60.3,60.9,60.3,60.6,-0.2,138
2019-06-27,3552,267221,16337723,60.9,61.6,60.8,61.0,0.4,222
2019-06-28,3552,182009,11122100,61.3,61.6,60.7,61.5,0.5,152
2019-07-01,3552,485200,30155700,62.6,62.6,61.8,62.0,0.5,370
2019-07-02,3552,3016882,200154851,62.3,68.2,62.2,68.2,6.2,2308
2019-07-03,3552,9252673,665210429,69.0,73.9,69.0,73.0,4.8,6633
2019-07-04,3552,4454260,325881248,74.1,75.3,71.6,72.5,-0.5,3241
2019-07-05,3552,1679300,122356467,73.0,73.9,71.8,72.9,0.4,1276
2019-07-08,3552,1220206,86942732,72.5,72.6,70.5,70.9,-2.0,952
2019-07-09,3552,1884101,128991269,70.8,71.0,66.8,67.2,-3.7,1450
2019-07-10,3552,911101,62378170,67.8,69.1,67.8,68.1,0.9,742
2019-07-11,3552,725137,49705621,68.7,69.2,67.8,69.0,0.9,540
2019-07-12,3552,441100,30149770,68.7,68.9,68.0,68.3,-0.7,364
2019-07-15,3552,1214051,84832714,68.3,71.9,67.2,71.9,3.6,977
2019-07-16,3552,1297300,92210408,72.2,72.2,70.5,70.5,-1.4,984
2019-07-17,3552,587002,40882044,70.0,70.4,69.1,69.3,-1.2,451
2019-07-18,3552,2490500,177629800,69.4,72.6,69.3,69.3,0.0,1921
2019-07-19,3552,737150,51408100,70.0,70.4,69.4,69.7,0.4,514
2019-07-22,3552,1347697,96577930,70.2,72.8,70.0,72.5,2.8,1054
2019-07-23,3552,1348000,97239000,72.8,73.5,71.3,71.4,-1.1,1017
2019-07-24,3552,640140,45794051,71.4,72.2,71.0,71.5,0.1,517
2019-07-25,3552,2461408,180232678,72.0,74.2,71.7,72.5,1.0,1967
2019-07-26,3552,692000,49954000,72.3,73.0,71.5,72.1,-0.4,516
2019-07-29,3552,687001,49546578,72.5,73.0,71.4,71.7,-0.4,550
2019-07-30,3552,2315116,169132614,72.2,74.5,71.7,71.7,0.0,1861
2019-07-31,3552,1010042,71514582,72.2,72.4,70.0,70.4,-1.3,815
2019-08-01,3552,446210,31342382,69.2,71.0,69.2,70.4,0.0,352
2019-08-02,3552,691000,47397200,69.5,69.9,68.0,68.0,-2.4,530
2019-08-05,3552,628250,41812248,66.8,68.0,65.2,65.2,-2.8,521
2019-08-06,3552,617133,38954409,62.4,64.5,61.5,64.1,-1.1,471
2019-08-07,3552,490545,31698221,64.9,65.5,63.8,63.9,-0.2,403
2019-08-08,3552,296031,19098504,64.2,65.2,64.0,64.5,0.6,225
2019-08-12,3552,382030,24609232,64.5,65.0,63.5,64.1,-0.4,293
2019-08-13,3552,465883,29269051,63.7,64.0,62.1,62.7,-1.4,398
2019-08-14,3552,372540,23464820,63.5,64.0,62.1,62.1,-0.6,298
2019-08-15,3552,417034,25454593,60.1,61.9,60.1,61.6,-0.5,345
2019-08-16,3552,502572,31681690,62.6,64.2,61.5,63.8,2.2,439
2019-08-19,3552,670100,43197609,64.1,65.4,64.0,64.5,0.7,529
2019-08-20,3552,328315,21030118,64.5,64.7,63.6,63.9,-0.6,287
2019-08-21,3552,250171,16111991,64.2,64.6,64.0,64.5,0.6,226
2019-08-22,3552,478561,30947152,65.2,65.4,63.7,65.0,0.5,411
2019-08-23,3552,4028215,282210068,65.9,71.5,65.9,71.5,6.5,2703
2019-08-26,3552,7140227,504400647,71.7,72.3,67.5,67.5,-4.0,4430
2019-08-27,3552,1344110,92585590,68.7,69.6,68.3,68.4,0.9,998
2019-08-28,3552,957184,66209176,68.1,70.5,68.1,68.7,0.3,712
2019-08-29,3552,776042,53559010,69.2,69.7,68.2,69.3,0.6,536
2019-08-30,3552,693445,47961790,70.4,70.4,68.2,68.8,-0.5,533
2019-09-02,3552,716170,49789970,68.4,70.3,68.0,70.0,1.2,524
2019-09-03,3552,485197,33707590,70.5,70.5,69.0,69.0,-1.0,389
2019-09-04,3552,440101,30657848,69.5,70.2,69.0,69.5,0.5,345
2019-09-05,3552,2581000,185163400,70.1,74.1,69.5,69.7,0.2,2055
2019-09-06,3552,661084,46076636,70.3,70.5,69.1,69.5,-0.2,538
2019-09-09,3552,474000,32586100,69.5,69.9,68.2,68.2,-1.3,379
2019-09-10,3552,551120,37933655,67.6,69.7,67.6,68.8,0.6,454
2019-09-11,3552,940066,66326499,69.7,71.4,69.0,70.3,1.5,814
2019-09-12,3552,515201,36312168,71.3,71.3,69.8,70.3,0.0,406
2019-09-16,3552,320068,22309060,70.6,70.8,69.2,69.4,-0.9,274
2019-09-17,3552,556110,39124164,69.4,71.0,69.3,71.0,1.6,441
2019-09-18,3552,1197010,85189740,71.3,72.2,70.4,70.8,-0.2,906
2019-09-19,3552,390308,27377660,70.8,71.0,69.5,70.0,-0.8,331
2019-09-20,3552,765108,54326319,70.7,71.9,70.2,70.4,0.4,612
2019-09-23,3552,545278,38811278,70.6,71.6,70.6,70.8,0.4,413
2019-09-24,3552,1974050,142729714,71.2,73.4,71.2,71.8,1.0,1565
2019-09-25,3552,870001,61304272,71.8,71.8,69.4,69.8,-2.0,658
2019-09-26,3552,462061,32155570,70.2,70.5,68.8,69.0,-0.8,404
2019-09-27,3552,881157,59777033,69.6,69.7,66.7,67.7,-1.3,697
2019-10-01,3552,475007,32564514,68.2,69.4,67.7,68.3,0.6,394
2019-10-02,3552,1201200,84159100,69.4,71.3,68.5,69.9,1.6,951
2019-10-03,3552,338004,23458080,69.0,70.1,68.5,69.6,-0.3,253
2019-10-04,3552,265087,18323990,69.7,70.3,68.5,68.9,-0.7,230
2019-10-07,3552,309610,21437495,68.8,69.9,68.8,69.5,0.6,251
2019-10-08,3552,593132,41309008,69.6,70.2,69.0,69.0,-0.5,434
2019-10-09,3552,308000,21264400,69.1,69.7,68.7,68.8,-0.2,236
2019-10-14,3552,666400,46650758,70.0,70.8,69.2,70.5,1.7,521
2019-10-15,3552,1793101,127622238,70.6,72.2,70.6,70.7,0.2,1269
2019-10-16,3552,494070,34853300,71.0,71.4,69.8,69.9,-0.8,406
2019-10-17,3552,309631,21735495,70.1,70.7,69.9,70.0,0.1,264
2019-10-18,3552,4183421,303682551,70.9,74.0,70.4,71.8,1.8,3089
2019-10-21,3552,4247472,317432876,71.9,78.0,71.2,77.5,5.7,3260
2019-10-22,3552,2840964,216271272,76.8,77.4,75.2,75.6,-1.9,2233
2019-10-23,3552,1559757,116790670,75.5,76.2,74.1,74.4,-1.2,1193
2019-10-24,3552,6555653,510365581,76.3,80.0,76.3,76.6,2.2,5054
2019-10-25,3552,1650303,125554928,76.6,77.5,75.2,75.9,-0.7,1268
2019-10-28,3552,1028675,78541730,76.2,77.3,75.8,75.9,0.0,770
2019-10-29,3552,1537834,114455061,76.3,76.5,72.9,73.7,-2.2,1163
2019-10-30,3552,740709,54853446,73.8,74.7,73.3,74.1,0.4,573
2019-10-31,3552,930483,68768359,75.1,75.2,72.8,72.8,-1.3,727
2019-11-01,3552,478667,34953056,72.9,73.6,72.2,73.4,0.6,397
2019-11-04,3552,596533,44044174,73.7,74.5,73.2,73.5,0.1,461
2019-11-05,3552,569322,41717006,73.7,73.9,72.8,72.8,-0.7,433
2019-11-06,3552,502150,36485220,73.2,73.5,72.1,72.3,-0.5,359
2019-11-07,3552,647722,46270114,72.5,72.7,70.6,70.8,-1.5,509
2019-11-08,3552,441145,31623182,71.5,72.3,70.8,71.6,0.8,383
2019-11-11,3552,1057171,76739377,73.5,73.9,71.4,71.5,-0.1,825
2019-11-12,3552,683229,48794294,70.2,73.0,70.2,72.9,1.4,572
2019-11-13,3552,792304,56657809,72.8,72.8,70.8,71.0,-1.9,602
2019-11-14,3552,383585,27349700,71.5,72.1,70.8,71.0,0.0,327
2019-11-15,3552,639094,45176547,71.5,71.5,70.1,70.4,-0.6,500
2019-11-18,3552,422160,29863660,70.6,71.2,70.1,70.8,0.4,355
2019-11-19,3552,662505,46959155,71.0,71.6,70.4,70.4,-0.4,528
2019-11-20,3552,758384,52427555,70.7,70.7,68.6,68.8,-1.6,587
2019-11-21,3552,360030,24776597,68.6,69.4,67.9,69.2,0.4,279
2019-11-22,3552,252210,17517529,69.6,70.1,69.0,69.1,-0.1,210
2019-11-25,3552,271154,18849180,69.2,69.9,69.0,69.9,0.8,209
2019-11-26,3552,787230,55699376,70.1,71.3,70.1,70.5,0.6,599
2019-11-27,3552,318704,22615771,70.5,71.5,70.5,70.7,0.2,269
2019-11-28,3552,307001,21740571,70.7,71.4,70.4,70.6,-0.1,206
2019-11-29,3552,362001,25465471,71.3,71.3,69.6,69.6,-1.0,285
2019-12-02,3552,548065,37531752,70.3,70.3,68.0,68.3,-1.3,413
2019-12-03,3552,259005,17733143,67.5,69.3,67.3,68.6,0.3,226
2019-12-04,3552,393130,27227070,68.8,70.0,68.3,69.4,0.8,329
2019-12-05,3552,785124,55179692,69.9,70.9,69.8,70.1,0.7,620
2019-12-06,3552,199027,13909990,70.8,70.8,69.4,69.4,-0.7,177
2019-12-09,3552,325003,22690328,70.1,70.5,69.3,69.3,-0.1,243
2019-12-10,3552,209001,14556971,69.8,70.0,69.4,69.5,0.2,187
2019-12-11,3552,703249,49620730,69.9,71.4,69.8,69.8,0.3,560
2019-12-12,3552,274559,19190481,70.0,70.5,69.5,69.6,-0.2,228
2019-12-13,3552,407102,28157938,70.4,70.6,68.2,68.6,-1.0,309
2019-12-16,3552,384100,26652270,68.7,70.1,68.7,69.1,0.5,294
2019-12-17,3552,679258,47349631,69.9,70.4,69.0,69.1,0.0,534
2019-12-18,3552,286319,19835430,69.9,69.9,68.9,69.3,0.2,218
2019-12-19,3552,2105076,150172464,69.6,72.6,69.4,71.8,2.5,1696
2019-12-20,3552,1971292,143039416,72.6,73.5,71.4,71.4,-0.4,1544
2019-12-23,3552,398620,28426742,71.0,71.9,70.8,71.4,0.0,333
2019-12-24,3552,1396151,101731017,71.9,73.5,71.9,72.2,0.8,1124
2019-12-25,3552,899601,65567273,72.9,73.8,72.0,73.1,0.9,732
2019-12-26,3552,963641,70890295,73.6,74.4,72.6,72.6,-0.5,758
2019-12-27,3552,1129456,83385893,73.1,74.3,73.1,73.9,1.3,897
2019-12-30,3552,820430,60532031,74.2,74.8,73.0,73.1,-0.8,675
2019-12-31,3552,572640,41456170,73.1,73.1,71.9,72.3,-0.8,483
2020-01-02,3552,790858,57460103,72.7,73.5,71.7,73.2,0.9,635
2020-01-03,3552,1192227,87134647,73.9,74.3,71.8,71.9,-1.3,942
2020-01-06,3552,757130,53600346,71.6,72.2,69.9,69.9,-2.0,585
2020-01-07,3552,486549,33829042,70.0,70.7,69.0,69.2,-0.7,398
2020-01-08,3552,412184,28515454,68.6,70.0,68.5,68.8,-0.4,346
2020-01-09,3552,401309,27972798,69.4,70.4,69.3,69.4,0.6,291
2020-01-10,3552,263028,18261952,69.5,70.1,68.9,68.9,-0.5,203
2020-01-13,3552,241049,16822928,69.5,70.2,69.2,70.1,1.2,192
2020-01-14,3552,580391,41402837,71.2,71.8,70.8,71.4,1.3,459
2020-01-15,3552,480062,34289713,71.6,72.2,70.7,70.9,-0.5,402
2020-01-16,3552,232300,16451900,71.0,71.4,70.5,70.6,-0.3,194
2020-01-17,3552,239366,16871647,70.9,71.0,70.2,70.3,-0.3,159
2020-01-20,3552,365198,25498660,70.3,70.5,69.5,69.5,-0.8,314
2020-01-30,3552,1126057,70737111,62.6,64.5,62.6,62.6,-6.9,752
2020-01-31,3552,642255,39534833,62.2,64.0,60.4,61.3,-1.3,507
2020-02-03,3552,1350193,75101163,56.1,56.8,55.2,56.0,-5.3,898
2020-02-04,3552,655143,38174100,56.8,59.5,56.8,58.9,2.9,545
2020-02-05,3552,484101,28852411,60.0,60.5,58.7,59.1,0.2,404
2020-02-06,3552,424503,25626195,60.5,61.3,59.3,61.0,1.9,334
2020-02-07,3552,680052,41810959,61.5,63.0,60.1,61.1,0.1,534
2020-02-10,3552,311590,18887470,60.2,61.4,59.9,60.8,-0.3,270
2020-02-11,3552,308801,18711968,60.4,61.4,60.3,60.3,-0.5,260
2020-02-12,3552,310304,18979599,60.6,61.4,60.6,61.2,0.9,259
2020-02-13,3552,346017,21014971,61.5,61.8,60.0,60.0,-1.2,291
2020-02-14,3552,309728,18925415,60.7,61.4,60.7,60.8,0.8,291
2020-02-17,3552,318500,19465534,60.8,61.7,60.4,61.2,0.4,270
2020-02-18,3552,282017,17245871,61.4,62.0,60.7,60.8,-0.4,228
2020-02-19,3552,388521,23975752,61.5,62.2,61.1,61.8,1.0,295
2020-02-20,3552,193100,11895579,62.0,62.4,61.1,61.5,-0.3,181
2020-02-21,3552,265031,16343299,61.8,62.2,61.2,61.2,-0.3,223
2020-02-24,3552,369500,22173637,60.9,60.9,59.3,60.1,-1.1,315
2020-02-25,3552,290000,17105682,58.1,59.7,58.1,59.2,-0.9,271
2020-02-26,3552,147800,8764371,58.6,59.6,58.6,59.4,0.2,144
2020-02-27,3552,463019,26791759,59.8,59.8,56.5,56.6,-2.8,395
2020-03-02,3552,344685,19194091,55.0,57.0,54.0,56.1,-0.5,325
2020-03-03,3552,164011,9428860,57.2,58.0,57.1,57.2,1.1,149
2020-03-04,3552,211368,11831281,57.3,57.3,55.4,56.3,-0.9,214
2020-03-05,3552,269680,15615320,57.0,59.0,56.9,58.1,1.8,253
2020-03-06,3552,391024,22565716,58.5,58.5,57.2,57.2,-0.9,301
2020-03-09,3552,381050,21367850,56.7,56.7,55.6,55.7,-1.5,317
2020-03-10,3552,513013,27681654,53.3,54.9,53.2,54.8,-0.9,413
2020-03-11,3552,611200,32617954,55.0,55.5,51.8,51.8,-3.0,501
2020-03-12,3552,1177870,55826668,51.0,51.0,46.65,46.65,-5.15,885
2020-03-13,3552,410596,17245032,42.0,42.0,42.0,42.0,-4.65,282
2020-03-16,3552,1380053,54239323,42.0,42.85,37.8,37.8,-4.2,964
2020-03-17,3552,1019400,35343049,34.2,36.5,34.05,34.05,-3.75,718
2020-03-18,3552,804400,25547650,34.15,34.2,30.65,30.65,-3.4,582
2020-03-19,3552,504020,13910997,27.6,27.6,27.6,27.6,-3.05,343
2020-03-20,3552,1368066,37972840,25.1,29.95,25.1,27.6,0.0,891
2020-03-23,3552,154036,3853443,26.2,26.2,24.85,24.85,-2.75,92
2020-03-24,3552,468016,11721016,24.7,25.25,24.7,25.0,0.15,251
2020-03-25,3552,108000,2970000,27.5,27.5,27.5,27.5,2.5,80
2020-03-26,3552,319080,9309719,29.95,29.95,28.45,29.55,2.05,219
2020-03-27,3552,184000,5432400,29.55,29.7,28.55,28.55,-1.0,117
2020-03-30,3552,168100,4476650,25.7,27.6,25.7,27.6,-0.95,130
2020-03-31,3552,217050,6479967,29.2,30.35,29.2,30.35,2.75,157
2020-04-01,3552,176000,5321500,30.15,30.6,29.5,30.6,0.25,118
2020-04-06,3552,104000,3136400,30.8,30.8,30.0,30.2,-0.4,60
2020-04-07,3552,182290,5888727,30.4,33.2,30.4,33.2,3.0,114
2020-04-08,3552,560296,20093603,34.15,36.5,34.15,36.5,3.3,373
2020-04-09,3552,752040,30047054,39.9,40.15,38.65,40.15,3.65,428
2020-04-10,3552,2455443,101756606,42.4,42.5,40.4,41.7,1.55,1860
2020-04-13,3552,899035,36268432,40.85,41.0,39.5,40.65,-1.05,730
2020-04-14,3552,1315873,56928122,41.1,44.7,41.1,44.7,4.05,936
2020-04-15,3552,1318492,63716829,47.0,49.15,46.5,49.15,4.45,868
2020-04-16,3552,3955471,191452488,46.9,49.65,46.7,48.55,-0.6,2738
2020-04-17,3552,803002,39575446,49.0,50.7,48.0,48.4,-0.15,447
2020-04-20,3552,468022,22743944,47.8,49.8,47.8,49.3,0.9,258
2020-04-21,3552,403014,19601506,49.1,49.1,48.3,48.35,-0.95,255
2020-04-22,3552,290002,12733106,46.65,46.65,43.55,43.55,-4.8,170
2020-04-23,3552,544001,22863645,42.9,45.55,39.7,45.55,2.0,349
2020-04-24,3552,168000,7424950,43.0,45.5,43.0,45.2,-0.35,132
2020-04-27,3552,143000,6485300,45.2,46.5,45.0,46.5,1.3,102
2020-04-28,3552,80001,3694651,46.5,46.5,45.75,46.2,-0.3,68
2020-04-29,3552,112301,5255946,46.0,47.7,46.0,46.65,0.45,92
2020-04-30,3552,337152,16320502,47.1,48.9,47.1,48.9,2.25,212
2020-05-04,3552,1016303,46432344,47.9,47.9,44.1,45.75,-3.15,778
2020-05-05,3552,627110,29236690,47.0,47.5,46.0,46.2,0.45,480
2020-05-06,3552,450152,21111618,46.5,47.5,46.3,46.5,0.3,351
2020-05-07,3552,422424,19955152,47.05,48.4,46.5,48.0,1.5,350
2020-05-08,3552,950973,49550823,49.95,52.8,49.35,52.8,4.8,546
2020-05-11,3552,1383543,80245494,58.0,58.0,58.0,58.0,5.2,648
2020-05-12,3552,7867726,490725614,62.0,63.8,59.8,63.8,5.8,5407
2020-05-13,3552,7701614,506416324,66.6,67.9,64.0,65.0,1.2,5785
2020-05-14,3552,2735183,170067300,64.0,64.1,60.8,61.8,-3.2,2047
2020-05-15,3552,417027,23821822,58.3,58.3,55.7,55.7,-6.1,238
2020-05-18,3552,892190,46077813,50.2,55.7,50.2,51.0,-4.7,544
2020-05-19,3552,525119,27228275,52.0,53.5,51.0,53.5,2.5,320
2020-05-20,3552,324973,17872420,53.5,56.1,53.2,54.8,1.3,248
2020-05-21,3552,169000,9366400,56.5,56.5,54.9,55.8,1.0,126
2020-05-22,3552,234384,12862544,56.8,56.8,54.3,54.5,-1.3,154
2020-05-25,3552,282196,15592376,55.4,56.6,53.4,56.6,2.1,206
2020-05-26,3552,413076,24383725,56.7,62.0,56.7,62.0,5.4,290
2020-05-27,3552,361400,21961800,62.0,62.0,59.2,61.0,-1.0,253
2020-05-28,3552,543364,33644395,61.7,62.9,61.4,61.8,0.8,332
2020-05-29,3552,1833696,106415819,60.0,60.2,56.5,58.4,-3.4,1286
2020-06-01,3552,743426,43375162,58.4,59.5,57.2,58.6,0.2,548
2020-06-02,3552,628410,36366250,59.0,59.3,56.6,57.1,-1.5,496
2020-06-03,3552,1977503,120101631,58.3,62.6,57.3,60.6,3.5,1532
2020-06-04,3552,1157002,69954321,60.9,62.0,59.7,59.8,-0.8,896
2020-06-05,3552,756001,45771462,59.5,61.9,59.5,59.7,-0.1,576
2020-06-08,3552,695389,41441675,60.5,60.8,58.6,58.6,-1.1,535
2020-06-09,3552,746129,44499948,59.4,60.6,58.4,59.0,0.4,618
2020-06-10,3552,1046076,62370435,59.8,60.4,58.5,59.2,0.2,712
2020-06-11,3552,1887104,105450412,59.6,59.8,53.8,54.1,-5.1,1421
2020-06-12,3552,879033,46293272,51.2,56.0,50.2,55.2,1.1,686
2020-06-15,3552,664003,36831177,56.0,56.7,54.4,54.6,-0.6,455
2020-06-16,3552,453001,25228657,56.2,56.9,55.2,55.2,0.6,342
2020-06-17,3552,281250,15601798,55.9,56.2,55.0,55.1,-0.1,243
2020-06-18,3552,409020,22343714,54.1,55.4,54.1,55.1,0.0,300
2020-06-19,3552,306196,16787857,55.8,55.8,54.4,54.4,-0.7,248
2020-06-22,3552,237500,12952499,54.2,55.7,54.0,54.1,-0.3,185
2020-06-23,3552,371730,19860660,55.0,55.0,52.8,53.0,-1.1,287
2020-06-24,3552,535091,27812377,53.9,53.9,51.0,51.5,-1.5,406
2020-06-29,3552,318366,16223872,51.0,51.7,50.5,51.0,-0.5,249
2020-06-30,3552,740061,39911425,52.6,55.0,52.1,54.2,3.2,581
2020-07-01,3552,452480,24264220,54.0,54.0,53.3,53.5,-0.7,363
2020-07-02,3552,452032,24611643,53.9,55.1,53.8,54.2,0.7,355
2020-07-03,3552,462007,25230785,55.8,55.8,53.8,53.9,-0.3,359
2020-07-06,3552,560222,30534310,54.6,55.3,53.9,54.7,0.8,429
2020-07-07,3552,2147995,120824920,55.5,57.4,54.5,56.3,1.6,1594
2020-07-08,3552,2891915,173823537,56.3,61.9,55.6,61.9,5.6,1687
2020-07-09,3552,8658442,567482772,63.0,67.9,62.8,66.0,4.1,6011
2020-07-10,3552,3328756,205156582,66.1,67.2,59.4,60.1,-5.9,2326
2020-07-13,3552,3582604,230976222,62.5,66.1,61.5,66.1,6.0,2441
2020-07-14,3552,9049190,639888996,66.0,72.7,65.1,72.7,6.6,6260
2020-07-15,3552,12415433,890671144,74.6,76.5,65.6,66.2,-6.5,8480
2020-07-16,3552,8185240,579655566,67.2,72.8,67.2,72.8,6.6,5676
2020-07-17,3552,15178225,1134087344,73.9,77.5,70.9,75.8,3.0,10710
2020-07-20,3552,6980806,531958790,75.9,78.4,73.9,75.8,0.0,4909
2020-07-21,3552,4347956,328552060,75.6,77.5,74.1,75.8,0.0,2737
2020-07-22,3552,7919854,622577623,77.0,81.0,76.5,77.8,2.0,5678
2020-07-23,3552,3217601,250667436,77.8,79.5,76.8,78.4,0.6,2010
2020-07-24,3552,4378002,327817644,78.4,78.4,72.0,72.5,-5.9,3032
2020-07-27,3552,3901330,272227970,72.8,74.2,67.8,68.5,-4.0,2659
2020-07-28,3552,2850469,188277607,68.5,69.2,62.6,64.6,-3.9,1819
2020-07-29,3552,4226893,289646403,63.6,71.0,63.3,71.0,6.4,2880
2020-07-30,3552,3847896,266473468,71.0,72.0,67.5,69.9,-1.1,2828
2020-07-31,3552,5822570,424932487,69.5,75.5,68.2,74.2,4.3,3983
2020-08-03,3552,13313398,1054897375,74.3,81.6,73.3,81.6,7.4,8176
2020-08-04,3552,8284814,727526211,84.8,89.7,83.7,89.7,8.1,4796
2020-08-05,3552,22886527,2183374548,95.3,98.6,90.7,98.6,8.9,14597
2020-08-06,3552,12470064,1318008912,102.0,108.0,102.0,108.0,9.4,7856
2020-08-07,3552,22728678,2347685456,112.0,113.5,97.2,98.4,-9.6,16195
2020-08-10,3552,5154353,488103500,96.0,97.4,92.0,93.5,-4.9,3333
2020-08-11,3552,4572198,443471304,95.0,98.5,94.0,95.6,2.1,2902
2020-08-12,3552,2387443,231312633,97.0,98.4,94.7,94.7,-0.9,1672
2020-08-13,3552,2108211,204198661,99.0,99.0,95.1,95.1,0.4,1443
2020-08-14,3552,5914551,603093476,95.1,104.5,95.1,104.5,9.4,3747
2020-08-17,3552,5616003,595043808,105.5,111.0,100.5,102.0,-2.5,3993
2020-08-18,3552,3928482,405774956,104.5,107.5,99.0,107.5,5.5,2780
2020-08-19,3552,4794666,483803561,105.5,106.0,96.8,96.8,-10.7,3542
2020-08-20,3552,4391896,395195112,94.5,95.5,87.2,95.5,-1.3,2944
2020-08-21,3552,3450072,326306040,94.5,96.9,92.5,93.5,-2.0,2445
2020-08-24,3552,6743873,583705033,92.7,92.7,84.3,85.0,-8.5,4938
2020-08-25,3552,7297291,657507206,85.9,93.5,85.9,93.5,8.5,5244
2020-08-26,3552,13337341,1320701809,96.5,102.0,96.0,98.3,4.8,9783
2020-08-27,3552,7042412,694201841,98.7,101.0,96.4,97.2,-1.1,5231
2020-08-28,3552,5423259,538127282,98.0,101.5,97.0,98.0,0.8,3836
2020-08-31,3552,7368015,695076180,99.4,100.0,92.0,92.1,-5.9,5545
2020-09-01,3552,4193110,386273178,92.7,94.5,89.2,91.6,-0.5,3105
2020-09-02,3552,2338900,216205035,92.3,93.7,90.5,91.7,0.1,1718
2020-09-03,3552,3051541,285082457,92.0,95.7,91.7,91.8,0.1,2395
2020-09-04,3552,2887612,259623804,88.2,92.0,88.0,91.0,-0.8,2025
2020-09-07,3552,2382503,210680122,91.0,92.0,86.5,86.7,-4.3,1744
2020-09-08,3552,1419601,125190589,87.2,89.3,87.1,87.9,1.2,1096
2020-09-09,3552,2621335,233461316,86.5,92.5,85.0,90.4,2.5,1988
2020-09-10,3552,2096340,188094293,91.0,91.9,87.8,88.0,-2.4,1627
2020-09-11,3552,1554114,135289530,87.9,89.3,85.5,86.3,-1.7,1193
2020-09-14,3552,1604150,141729728,86.8,89.3,86.8,88.4,2.1,1183
2020-09-15,3552,7781379,738592834,89.1,97.2,89.0,97.2,8.8,5199
2020-09-16,3552,24257589,2483958802,101.0,106.0,98.6,98.7,1.5,15381
2020-09-17,3552,8536928,846174228,97.8,101.5,95.7,100.5,1.8,6416
2020-09-18,3552,4217077,421741570,100.5,102.0,98.0,99.4,-1.1,3085
2020-09-21,3552,11178722,1150424798,99.5,105.5,99.5,102.5,3.1,7416
2020-09-22,3552,4416601,441384803,101.0,102.5,98.2,98.7,-3.8,3285
2020-09-23,3552,3246236,320294528,99.5,101.0,97.0,97.0,-1.7,2514
2020-09-24,3552,5874828,535083914,94.1,94.5,88.5,89.0,-8.0,4272
2020-09-25,3552,4731471,414156648,89.7,91.7,82.0,86.7,-2.3,3358
2020-09-28,3552,2224539,197803244,88.5,91.0,87.2,88.8,2.1,1667
2020-09-29,3552,1442601,127960246,89.5,89.9,87.3,88.8,0.0,1039
2020-09-30,3552,8421800,781888200,89.6,94.8,89.4,92.1,3.3,5759
2020-10-05,3552,1787290,162843980,90.8,93.3,89.8,91.9,-0.2,1417
2020-10-06,3552,3855874,363896456,92.5,96.4,92.5,93.3,1.4,2906
2020-10-07,3552,1815452,170156559,92.7,94.8,92.4,93.3,0.0,1438
2020-10-08,3552,4856680,465471804,94.5,97.4,94.3,95.1,1.8,3617
2020-10-12,3552,3555861,370056472,102.5,104.5,102.0,104.5,9.4,1881
2020-10-13,3552,25187096,2732379488,109.0,114.5,103.0,114.5,10.0,15160
2020-10-14,3552,29843854,3624080172,117.5,125.5,115.0,125.5,11.0,19091
2020-10-15,3552,26368297,3243223140,128.0,129.5,118.0,119.0,-6.5,16952
2020-10-16,3552,29099529,3570032538,118.0,126.5,117.5,122.0,3.0,18535
2020-10-19,3552,28699579,3587777081,122.5,130.0,119.0,122.0,0.0,17830
2020-10-20,3552,10939560,1341102740,122.0,124.5,120.0,124.0,2.0,7056
2020-10-21,3552,9845957,1220750184,125.0,126.5,121.0,122.5,-1.5,6227
2020-10-22,3552,6229080,754726840,123.5,124.0,119.0,122.5,0.0,3856
2020-10-23,3552,31717739,4099731390,127.0,134.5,125.0,134.5,12.0,19755
2020-10-26,3552,27284880,3630009359,135.0,137.0,126.0,126.0,-8.5,17198
2020-10-27,3552,15929785,2011279906,126.5,130.5,123.0,130.0,4.0,10298
2020-10-28,3552,11935742,1516670222,129.0,130.5,123.0,123.0,-7.0,7543
2020-10-29,3552,9451592,1149036327,119.0,126.0,118.0,123.5,0.5,6201
2020-10-30,3552,12767656,1580033044,125.5,126.0,120.5,124.0,0.5,7522
2020-11-02,3552,8889867,1115064391,124.0,128.0,123.0,125.5,1.5,5619
2020-11-03,3552,6855245,862216839,128.0,128.0,124.0,125.0,-0.5,4470
2020-11-04,3552,22706835,2997080120,124.0,137.5,123.5,137.5,12.5,14555
2020-11-05,3552,20101856,2767798900,138.0,140.5,135.0,136.5,-1.0,13245
2020-11-06,3552,27482821,3992283198,137.5,149.5,137.5,147.5,11.0,18880
2020-11-09,3552,26988008,4106277540,149.5,158.5,147.0,154.0,6.5,18232
2020-11-10,3552,18098131,2778161819,152.5,158.5,148.0,150.0,-4.0,12629
2020-11-11,3552,19875741,3092859790,155.0,159.0,152.5,157.5,7.5,13440
2020-11-12,3552,14415751,2153636632,155.0,157.5,142.0,142.0,-15.5,9986
2020-11-13,3552,21517280,3030702340,140.5,144.5,136.0,143.0,1.0,14330
2020-11-16,3552,12565325,1752030533,144.0,144.5,136.0,137.5,-5.5,8772
2020-11-17,3552,18242800,2626913188,139.5,148.5,138.0,144.5,7.0,12745
2020-11-18,3552,22348606,3318856713,146.0,152.5,143.5,148.0,3.5,15031
2020-11-19,3552,15463350,2333909334,148.0,154.0,148.0,149.5,1.5,10596
2020-11-20,3552,10054107,1519317022,150.0,154.5,147.5,151.0,1.5,6698
2020-11-23,3552,12596111,1902599612,152.0,155.0,147.5,148.5,-2.5,8676
2020-11-24,3552,9728645,1474328823,151.5,154.0,149.0,149.0,0.5,6591
2020-11-25,3552,21555195,3486791528,155.0,163.5,154.5,163.5,14.5,10594
2020-11-26,3552,26499380,4373450091,165.5,169.0,162.0,166.0,2.5,16496
2020-11-27,3552,8116086,1333730848,165.5,167.0,162.0,163.0,-3.0,5805
2020-11-30,3552,12641210,2107318439,165.0,171.0,163.0,163.0,0.0,8684
2020-12-01,3552,6811620,1128080707,165.5,168.5,163.0,165.5,2.5,5010
2020-12-02,3552,5878350,970897702,165.5,168.0,163.0,164.0,-1.5,4320
2020-12-03,3552,12360345,1959503910,165.0,167.0,150.5,157.5,-6.5,8438
2020-12-04,3552,12131319,1954028124,159.0,165.0,156.5,165.0,7.5,8425
2020-12-07,3552,27358210,4778406268,165.5,181.5,162.5,181.5,16.5,17353
2020-12-08,3552,20910552,3795385833,179.5,187.0,177.0,177.0,-4.5,15113
2020-12-09,3552,7311918,1308865502,179.5,182.5,177.0,177.5,0.5,5505
2020-12-10,3552,8571736,1482674672,176.5,177.5,168.0,176.0,-1.5,6568
2020-12-11,3552,26954640,5000465381,181.5,192.5,178.5,181.0,5.0,19094
2020-12-14,3552,10641604,1935975394,182.5,187.0,178.0,180.5,-0.5,7925
2020-12-15,3552,12358102,2238092083,181.5,185.5,176.0,177.0,-3.5,8857
2020-12-16,3552,6322781,1141111686,180.5,183.5,177.0,181.0,4.0,4652
2020-12-17,3552,11768796,2161880884,183.0,187.5,180.0,180.0,-1.0,8539
2020-12-18,3552,6883565,1234462589,182.5,183.0,176.0,178.5,-1.5,4731
2020-12-21,3552,4613845,810085605,179.0,180.0,173.0,174.5,-4.0,3521
2020-12-22,3552,10075430,1803152657,172.0,183.0,170.5,177.5,3.0,7644
2020-12-23,3552,6941201,1240588123,179.5,182.5,176.0,177.5,0.0,4862
2020-12-24,3552,9508256,1740658123,179.5,186.0,178.0,184.0,6.5,6845
2020-12-25,3552,9324537,1694525578,186.0,186.5,178.0,179.5,-4.5,6553
2020-12-28,3552,5608283,1010915304,178.0,183.5,175.0,183.0,3.5,4199
2020-12-29,3552,6747075,1234478343,183.0,185.5,179.5,179.5,-3.5,4465
2020-12-30,3552,3112511,563885363,181.0,183.5,179.0,181.0,1.5,2216
2020-12-31,3552,27987708,5468137167,185.0,199.0,183.5,199.0,18.0,16358
2021-01-04,3552,21336518,4495086683,201.0,218.5,199.0,218.5,19.5,14874
2021-01-05,3552,15795803,3701617980,227.5,240.0,226.0,240.0,21.5,10840
2021-01-06,3552,28330491,6840907860,257.5,263.0,221.5,226.0,-14.0,21326
2021-01-07,3552,13562099,3262439978,231.0,248.5,231.0,248.5,22.5,9669
2021-01-08,3552,9956917,2680399225,263.5,273.0,262.0,273.0,24.5,6949
2021-01-11,3552,27263600,7721504998,287.0,296.0,275.0,276.0,3.0,20528
2021-01-12,3552,6992601,1805931290,270.0,270.0,248.5,248.5,-27.5,5394
2021-01-13,3552,4057032,1073509958,257.0,270.0,257.0,267.0,18.5,3270
2021-01-14,3552,2771050,713423155,263.0,263.0,250.0,259.5,-7.5,2381
2021-01-15,3552,4634566,1143710420,255.0,255.0,239.0,250.0,-9.5,3415
2021-01-18,3552,3051072,770552733,252.0,263.0,239.0,260.0,10.0,2539
2021-01-19,3552,2580960,672871074,265.5,265.5,255.0,258.0,-2.0,2102
2021-01-20,3552,2595871,652811666,258.0,260.0,242.0,252.5,-5.5,2155
2021-01-21,3552,3221119,847722662,258.0,268.0,258.0,263.5,11.0,2757
2021-01-22,3552,4812581,1333734806,264.5,284.0,264.5,283.0,19.5,4349
2021-01-25,3552,3377804,935084242,283.0,283.0,268.0,283.0,0.0,2898
2021-01-26,3552,20881307,6420944334,295.0,311.0,293.0,311.0,28.0,11412
2021-01-27,3552,22820916,7619211163,328.5,342.0,320.5,342.0,31.0,18071
2021-01-28,3552,36044377,12085548205,328.5,357.0,309.0,312.0,-30.0,29622
2021-01-29,3552,29046924,8953930956,312.0,330.0,289.0,296.0,-16.0,23787
2021-02-01,3552,18580783,5585781551,300.0,308.0,289.5,300.5,4.5,15085
2021-02-02,3552,1828187,542626894,297.0,304.0,291.0,304.0,3.5,1297
2021-02-03,3552,1129944,347522128,310.0,310.0,299.0,303.0,-1.0,761
2021-02-04,3552,810071,243572307,303.0,303.0,297.5,300.0,-3.0,603
2021-02-05,3552,788323,241786172,306.0,309.5,303.0,309.5,9.5,713
2021-02-17,3552,1551707,494306481,303.0,331.0,303.0,331.0,21.5,1153
2021-02-18,3552,1741333,601859609,338.0,350.0,337.0,348.0,17.0,1554
2021-02-19,3552,971553,331724812,350.0,350.0,337.0,345.0,-3.0,929
2021-02-22,3552,1710185,636154822,360.0,379.5,360.0,375.0,30.0,1545
2021-02-23,3552,889006,327744284,360.0,375.0,355.0,375.0,0.0,936
2021-02-24,3552,1805774,628893030,371.0,371.0,337.5,337.5,-37.5,1590
2021-02-25,3552,16126021,5740660973,352.0,371.0,336.0,338.0,0.5,12178
2021-02-26,3552,10219855,3392198847,317.5,348.0,317.0,330.0,-8.0,8748
2021-03-02,3552,9964180,3333578571,348.0,351.5,310.5,314.0,-16.0,8709
2021-03-03,3552,9427066,2912457013,318.5,324.5,297.0,304.5,-9.5,8174
2021-03-04,3552,6796974,2064775657,299.5,310.0,294.0,304.5,0.0,5657
2021-03-05,3552,1607729,461990577,291.0,296.0,280.0,281.0,-23.5,1228
2021-03-08,3552,2326750,611158400,283.0,283.0,254.5,256.0,-25.0,1664
2021-03-09,3552,1254075,327064337,251.0,269.0,251.0,268.5,12.5,1009
2021-03-10,3552,820626,227587026,280.0,280.0,273.0,276.0,7.5,749
2021-03-11,3552,723528,206584220,277.0,288.5,277.0,286.0,10.0,605
2021-03-12,3552,677841,189480411,290.0,290.0,276.0,280.0,-6.0,542
2021-03-15,3552,718351,207736592,285.5,298.0,283.0,298.0,18.0,656
2021-03-16,3552,621858,188277607,302.0,308.0,298.5,302.0,4.0,626
2021-03-17,3552,572882,172775434,300.0,305.0,297.5,305.0,3.0,489
2021-03-18,3552,769080,241200804,312.5,322.0,304.0,322.0,17.0,780
2021-03-19,3552,7291136,2234278939,315.0,322.5,295.5,299.0,-23.0,6415
2021-03-22,3552,4648096,1325646892,299.5,300.0,277.0,277.0,-22.0,4459
2021-03-23,3552,4489280,1281461946,282.0,293.0,278.5,281.0,4.0,3992
2021-03-24,3552,2144060,607507370,282.0,287.0,280.0,286.0,5.0,1937
2021-03-25,3552,5690811,1557559643,277.0,281.5,267.5,272.5,-13.5,5179
2021-03-26,3552,3406722,942510315,278.0,284.5,269.5,284.5,12.0,3032
2021-03-29,3552,7759703,2345883728,285.5,312.5,280.0,312.5,28.0,6477
2021-03-30,3552,17992350,5708076245,315.0,329.0,302.5,310.5,-2.0,14817
2021-03-31,3552,766504,232802447,310.5,310.5,301.0,302.0,-8.5,714
2021-04-01,3552,595742,181144845,306.5,308.0,300.0,308.0,6.0,541
2021-04-06,3552,747590,233913026,312.0,314.0,311.5,314.0,6.0,645
2021-04-07,3552,544161,169474107,315.0,315.0,308.0,312.5,-1.5,486
2021-04-08,3552,789035,247606922,314.0,316.0,310.5,316.0,3.5,706
2021-04-09,3552,531418,166662586,318.0,318.0,309.0,309.0,-7.0,470
2021-04-12,3552,728791,202970664,278.5,278.5,278.5,278.5,-30.5,703
2021-04-13,3552,2270335,580237744,255.0,260.0,251.0,251.0,-27.5,1787
2021-04-14,3552,3012671,692830328,242.0,242.0,226.0,226.0,-25.0,1997
2021-04-15,3552,1363957,317193041,233.0,239.0,226.0,238.5,12.5,1083
2021-04-16,3552,6936114,1740481499,234.0,261.0,232.0,256.0,17.5,6268
2021-04-19,3552,4481928,1143436966,256.0,266.0,244.0,247.0,-9.0,4307
2021-04-20,3552,3463793,832693358,245.0,248.0,233.0,242.0,-5.0,3225
2021-04-21,3552,3248919,775349396,242.0,250.0,232.5,233.0,-9.0,3123
2021-04-22,3552,6805308,1496745709,234.5,238.5,210.5,210.5,-22.5,6115
2021-04-23,3552,5984818,1233709326,214.0,220.0,199.5,205.5,-5.0,5008
2021-04-26,3552,2476112,518392644,211.0,215.5,204.5,206.0,0.5,2511
2021-04-27,3552,6219818,1378849584,213.0,226.5,207.5,226.5,20.5,4155
2021-04-28,3552,7442866,1603710885,227.5,228.0,205.0,205.5,-21.0,5986
2021-04-29,3552,3008646,623784669,206.0,214.0,201.0,205.0,-0.5,2716
2021-05-03,3552,7434774,1428907336,202.0,207.5,184.5,184.5,-20.5,6019
2021-05-04,3552,7331666,1272923859,182.0,187.0,166.5,176.5,-8.0,5892
2021-05-05,3552,7553864,1280774190,178.5,184.0,160.0,162.5,-14.0,6499
2021-05-06,3552,11459311,1923639554,165.0,177.5,158.0,170.0,7.5,8920
2021-05-07,3552,6167962,1119025234,176.0,187.0,173.5,187.0,17.0,4776
2021-05-10,3552,9753845,1829010279,190.5,197.0,179.0,185.0,-2.0,8305
2021-05-11,3552,7357804,1313607650,170.0,189.5,167.0,183.0,-2.0,5713
2021-05-12,3552,6036316,1042179793,183.0,187.0,165.0,165.0,-18.0,6712
2021-05-13,3552,7795646,1320229244,155.0,181.0,150.5,174.0,9.0,7498
2021-05-14,3552,8162028,1425398394,180.0,182.0,166.0,171.0,-3.0,6254
2021-05-17,3552,6003469,962494544,160.0,172.5,154.0,155.5,-15.5,4438
2021-05-18,3552,4349908,729901808,163.5,171.0,159.0,171.0,15.5,3095
2021-05-19,3552,7146679,1268330370,172.5,184.5,172.0,179.0,8.0,5399
2021-05-20,3552,5313346,938315328,173.5,184.0,170.5,171.0,-8.0,4078
2021-05-21,3552,5531420,981713479,177.0,183.0,173.0,179.5,8.5,4194
2021-05-24,3552,9041892,1701593197,175.0,197.0,175.0,194.0,14.5,7057
2021-05-25,3552,14122742,2848223665,199.0,211.0,195.0,196.0,2.0,10917
2021-05-26,3552,6366036,1265925831,195.5,204.5,193.0,198.0,2.0,5079
2021-05-27,3552,6319934,1274540796,195.5,205.0,195.5,203.5,5.5,4456
2021-05-28,3552,12733440,2719394428,206.0,223.0,203.5,212.0,8.5,9701
2021-05-31,3552,6529527,1418775086,215.0,222.5,212.0,214.5,2.5,5502
2021-06-01,3552,5615555,1229550392,216.5,224.5,215.0,216.5,2.0,4500
2021-06-02,3552,7033738,1471578005,217.0,221.0,198.5,205.0,-11.5,5719
2021-06-03,3552,4084036,841137757,206.0,210.0,201.0,205.5,0.5,3198
2021-06-04,3552,3482205,701290485,205.0,206.5,198.5,199.0,-6.5,2937
2021-06-07,3552,3427841,687788271,202.0,207.0,196.5,199.5,0.5,2750
2021-06-08,3552,1852560,370178763,199.0,203.5,197.5,197.5,-2.0,1525
2021-06-09,3552,2828837,562771854,198.5,203.0,195.5,198.5,1.0,2206
2021-06-10,3552,7216973,1493248596,203.0,213.0,201.0,208.5,10.0,5446
2021-06-11,3552,5601290,1182685049,212.0,218.0,206.0,206.5,-2.0,4257
2021-06-15,3552,3383462,715763921,208.0,214.5,208.0,213.0,6.5,2810
2021-06-16,3552,2864849,598399443,215.0,215.0,204.5,205.0,-8.0,2529
2021-06-17,3552,2950706,619525274,205.0,214.0,203.5,211.0,6.0,2305
2021-06-18,3552,10916697,2424459541,214.5,231.0,211.5,222.5,11.5,8469
2021-06-21,3552,19369630,4513897843,224.5,244.5,217.5,244.0,21.5,14541
2021-06-22,3552,15931928,4040582711,247.0,263.0,244.0,244.0,0.0,13235
2021-06-23,3552,18171475,4728534005,253.0,268.0,250.0,268.0,24.0,13845
2021-06-24,3552,22424766,6155774768,278.0,283.0,262.5,263.0,-5.0,17587
2021-06-25,3552,9195148,2421879010,268.0,273.5,256.0,257.5,-5.5,8304
2021-06-28,3552,6028119,1584651541,261.5,267.0,259.0,264.5,7.0,5032
2021-06-29,3552,7604573,1925131249,265.0,265.5,246.0,247.0,-17.5,6726
2021-06-30,3552,6203733,1597412177,251.5,262.5,250.5,256.0,9.0,5461
2021-07-01,3552,5824033,1510255315,256.0,265.0,254.0,254.0,-2.0,4640
2021-07-02,3552,7333889,1928360461,256.5,268.0,256.0,262.0,8.0,6161
2021-07-05,3552,5298336,1417644081,267.5,273.0,264.0,264.5,2.5,4629
2021-07-06,3552,4298134,1144204488,265.0,271.0,258.5,267.0,2.5,3805
2021-07-07,3552,9253589,2545582211,269.5,281.0,268.0,272.5,5.5,7904
2021-07-08,3552,6141985,1687366645,275.0,283.0,267.0,270.0,-2.5,5392
2021-07-09,3552,3979365,1058860804,270.0,274.0,257.0,259.5,-10.5,3768
2021-07-12,3552,6571203,1724640674,263.0,272.0,251.5,272.0,12.5,5785
2021-07-13,3552,6335214,1703156599,273.5,278.5,255.0,260.5,-11.5,5423
2021-07-14,3552,2621479,677541016,261.5,264.0,254.5,256.5,-4.0,2407
2021-07-15,3552,2308559,593812011,258.0,261.5,255.0,256.0,-0.5,1947
2021-07-16,3552,2571395,660359807,254.5,263.0,251.5,252.0,-4.0,2315
2021-07-19,3552,5990162,1453014753,253.0,253.0,233.5,245.0,-7.0,5331
2021-07-20,3552,4163006,994065275,239.5,249.0,231.0,231.0,-14.0,3678
2021-07-21,3552,3400540,800643970,236.5,242.0,229.5,232.0,1.0,3008
2021-07-22,3552,4264279,1033985739,237.5,249.5,235.5,244.5,12.5,3522
2021-07-23,3552,3466292,837070147,243.0,250.0,235.5,239.0,-5.5,3106
2021-07-26,3552,1868882,450736228,242.0,245.5,238.5,239.5,0.5,1539
2021-07-27,3552,2926344,712429437,245.0,248.0,239.5,240.0,0.5,2460
2021-07-28,3552,2875611,666176176,240.0,243.0,220.0,231.0,-9.0,2651
2021-07-29,3552,2690766,648956528,236.0,248.0,232.5,247.0,16.0,2401
2021-07-30,3552,2181153,528902303,248.0,249.5,237.0,239.0,-8.0,2076
2021-08-02,3552,1055667,251766394,240.0,243.0,233.5,239.0,0.0,986
2021-08-03,3552,1642450,395272457,241.5,246.0,236.0,236.0,-3.0,1538
2021-08-04,3552,2085871,481669989,236.0,237.5,228.0,228.0,-8.0,1998
2021-08-05,3552,4823147,1048000731,228.0,229.5,212.0,214.0,-14.0,4814
2021-08-06,3552,4124400,900554032,212.0,225.0,206.5,221.0,7.0,3606
2021-08-09,3552,2112207,450615068,218.5,219.0,209.0,209.0,-12.0,2007
2021-08-10,3552,2242116,476209138,209.5,216.5,207.0,209.5,0.5,2114
2021-08-11,3552,3402209,681677395,211.5,212.5,193.0,194.5,-15.0,3107
2021-08-12,3552,3176463,632596679,196.0,205.0,193.0,204.5,10.0,2636
2021-08-13,3552,1923922,380878969,202.5,202.5,193.0,199.0,-5.5,1752
2021-08-16,3552,3249193,614432997,195.5,200.5,182.5,188.5,-10.5,2718
2021-08-17,3552,3233581,611129882,189.5,195.0,183.0,187.0,-1.5,2581
2021-08-18,3552,7413326,1447217108,185.0,205.5,184.5,205.5,18.5,5686
2021-08-19,3552,6085890,1248056559,199.0,212.5,198.5,199.5,-6.0,4615
2021-08-20,3552,4434524,874033603,200.0,204.0,192.5,194.5,-5.0,3491
2021-08-23,3552,3172603,646003320,197.5,208.0,197.0,207.5,13.0,2401
2021-08-24,3552,2391563,486814618,209.5,210.0,200.0,201.0,-6.5,1902
2021-08-25,3552,3458961,710693857,202.0,210.0,199.0,207.0,6.0,2545
2021-08-26,3552,1638936,334179090,208.0,209.5,200.5,202.5,-4.5,1342
2021-08-27,3552,1206957,243042783,201.0,205.0,199.0,199.5,-3.0,949
2021-08-30,3552,2217025,433203438,201.5,202.5,192.0,198.5,-1.0,2076
2021-08-31,3552,1547174,306479616,197.0,203.0,193.5,203.0,4.5,1341
2021-09-01,3552,1698769,347365962,201.5,207.0,201.0,205.5,2.5,1434
2021-09-02,3552,1738935,352295172,206.5,208.5,197.5,200.0,-5.5,1455
2021-09-03,3552,6938302,1486022178,203.0,220.0,202.0,220.0,20.0,5645
2021-09-06,3552,8400596,1757297137,221.0,222.0,201.5,203.0,-17.0,6507
2021-09-07,3552,4862998,946003424,205.0,207.5,186.0,189.0,-14.0,4340
2021-09-08,3552,3308354,636977745,190.5,199.5,186.0,186.5,-2.5,2807
2021-09-09,3552,1154837,220353975,192.0,193.0,188.0,190.0,3.5,1005
2021-09-10,3552,1779331,330866615,188.0,189.0,184.0,184.0,-6.0,1688
2021-09-13,3552,1895047,339610975,184.0,184.5,176.0,177.0,0.0,1738
2021-09-14,3552,3012451,558925487,178.5,189.0,178.0,186.0,9.0,2512
2021-09-15,3552,1734649,319382380,186.0,188.5,181.0,184.5,-1.5,2135
2021-09-16,3552,1041709,188746099,185.0,186.5,178.5,180.5,-4.0,1001
2021-09-17,3552,1291042,231662916,181.0,182.5,176.5,182.0,1.5,1124
2021-09-22,3552,1018165,180667915,177.0,179.5,175.5,179.0,-3.0,917
2021-09-23,3552,1450453,259730281,181.0,183.0,176.0,178.0,-1.0,1198
2021-09-24,3552,1194221,217456673,180.0,185.0,179.5,180.5,2.5,1245
2021-09-27,3552,1065452,194503443,181.5,186.0,180.0,180.0,-0.5,890
2021-09-28,3552,1030101,181950416,179.0,179.5,175.0,177.0,-3.0,946
2021-09-29,3552,1152951,196454093,171.5,173.5,168.0,168.5,-8.5,1142
2021-09-30,3552,812278,138961436,170.0,174.0,167.5,173.5,5.0,736
2021-10-01,3552,2155866,351125857,172.0,172.0,158.5,159.0,-14.5,2005
2021-10-04,3552,2592994,419385467,161.0,169.0,156.5,157.0,-2.0,2209
2021-10-05,3552,1579940,251336427,154.5,164.0,151.5,164.0,7.0,2064
2021-10-06,3552,1544625,248160814,167.0,167.0,156.5,156.5,-7.5,1603
2021-10-07,3552,1552843,252310857,163.5,166.0,159.0,163.5,7.0,1359
2021-10-08,3552,1928727,322575396,164.0,171.0,164.0,167.0,3.5,1584
2021-10-12,3552,751194,123333678,163.5,166.5,163.0,165.0,-2.0,719
2021-10-13,3552,1254515,206011831,166.5,170.0,159.0,159.5,-5.5,1537
2021-10-14,3552,1007449,164417712,162.0,166.5,158.0,165.5,6.0,1045
2021-10-15,3552,1061833,178674401,168.5,170.0,165.5,170.0,4.5,1261
2021-10-18,3552,1850730,317337004,171.5,176.0,168.0,171.0,1.0,2530
2021-10-19,3552,5419724,981204806,172.5,186.5,172.5,180.0,9.0,4811
2021-10-20,3552,1688006,306587427,180.0,184.0,178.0,183.0,3.0,2495
2021-10-21,3552,1532299,279809557,181.0,187.0,179.0,179.5,-3.5,1349
2021-10-22,3552,941682,171404086,183.0,185.0,180.0,181.5,2.0,996
2021-10-25,3552,1485900,275038527,183.5,189.0,182.0,184.0,2.5,1539
2021-10-26,3552,4346516,858892649,187.0,202.0,187.0,202.0,18.0,3236
2021-10-27,3552,8813195,1814118886,204.0,211.0,200.0,204.5,2.5,7019
2021-10-28,3552,2501867,510107105,205.0,208.5,200.0,200.0,-4.5,2190
2021-10-29,3552,2304208,469934241,204.5,207.0,200.5,200.5,0.5,2524
2021-11-01,3552,3857821,808368586,204.5,216.0,203.0,208.0,7.5,3323
2021-11-02,3552,5992961,1277612028,217.0,225.0,202.0,203.5,-4.5,6594
2021-11-03,3552,3258965,681615928,209.0,213.0,205.0,210.0,6.5,2928
2021-11-04,3552,1826122,379896823,210.0,213.5,205.0,207.0,-3.0,3251
2021-11-05,3552,1521958,309859147,208.0,209.0,199.0,206.0,-1.0,1544
2021-11-08,3552,1333195,267839929,206.0,207.0,197.5,199.0,-7.0,1730
2021-11-09,3552,1072917,216337407,199.5,204.5,199.5,200.5,1.5,1391
2021-11-10,3552,2128472,434509925,203.0,207.5,199.5,205.0,4.5,2569
2021-11-11,3552,1109546,224860685,201.0,206.0,200.5,201.0,-4.0,1038
2021-11-12,3552,1263738,253276821,202.0,205.0,197.0,198.0,-3.0,2803
2021-11-15,3552,850723,170347099,200.0,202.5,198.0,200.5,2.5,1145
2021-11-16,3552,1542790,302575511,201.0,202.0,191.5,191.5,-9.0,2631
2021-11-17,3552,1229240,238888385,194.0,197.0,191.5,193.5,2.0,1286
2021-11-18,3552,872633,169082141,194.0,196.5,192.0,192.0,-1.5,2495
2021-11-19,3552,1389496,262745079,191.5,194.0,186.0,187.5,-4.5,1339
2021-11-22,3552,1218263,232255908,188.0,194.0,185.5,193.5,6.0,1049
2021-11-23,3552,921873,175035838,193.0,193.0,188.0,190.0,-3.5,871
2021-11-24,3552,777517,145580724,190.0,191.0,185.5,186.5,-3.5,739
2021-11-25,3552,1995340,385062043,190.5,197.0,190.0,191.0,4.5,1746
2021-11-26,3552,936419,174945377,190.0,190.5,185.5,185.5,-5.5,859
2021-11-29,3552,1134343,204509956,181.0,185.5,174.5,182.5,-3.0,1072
2021-11-30,3552,676932,124964037,188.0,188.5,182.0,183.0,0.5,633
2021-12-01,3552,1211236,215623600,183.0,183.0,176.5,178.0,-5.0,1751
2021-12-02,3552,1177358,208039496,181.0,181.5,175.0,175.0,-3.0,993
2021-12-03,3552,669211,119726619,177.0,181.0,177.0,179.5,4.5,607
2021-12-06,3552,313816,55895467,179.5,179.5,177.0,179.0,-0.5,784
2021-12-07,3552,525579,94687080,181.0,183.0,178.0,179.5,0.5,495
2021-12-08,3552,372024,67197791,182.5,182.5,179.5,180.0,0.5,715
2021-12-09,3552,397475,71337280,182.5,182.5,177.5,179.0,-1.0,469
2021-12-10,3552,325686,57999829,179.0,180.0,176.5,177.5,-1.5,590
2021-12-13,3552,1277152,219418561,177.5,178.0,170.0,170.0,-7.5,1326
2021-12-14,3552,779119,130152940,169.0,169.5,165.0,168.0,-2.0,903
2021-12-15,3552,600173,102655600,166.5,173.0,166.5,171.5,3.5,605
2021-12-16,3552,838914,145707888,173.0,176.0,170.5,173.5,2.0,1077
2021-12-17,3552,364962,62449560,171.5,174.0,169.0,170.5,-3.0,395
2021-12-20,3552,570477,95557830,170.5,170.5,166.5,167.0,-3.5,826
2021-12-21,3552,622110,103721245,167.0,169.0,164.0,167.5,0.5,1009
2021-12-22,3552,635484,108446084,169.5,172.5,169.0,169.5,2.0,843
2021-12-23,3552,2821260,505272336,172.5,183.5,172.0,180.5,11.0,2894
2021-12-24,3552,1585394,284336408,182.5,184.0,176.0,176.5,-4.0,2200
2021-12-27,3552,409516,72628262,174.0,179.0,173.5,178.0,1.5,423
2021-12-28,3552,764778,136456512,180.0,182.5,176.0,177.0,-1.0,1422
2021-12-29,3552,305570,53840598,177.0,177.5,175.0,177.0,0.0,366
2021-12-30,3552,363311,63788943,177.0,178.0,175.0,175.0,-2.0,511
2022-01-03,3552,570131,101587239,177.5,181.0,176.5,176.5,1.5,572
2022-01-04,3552,421053,74508994,180.0,180.0,175.0,175.0,-1.5,452
2022-01-05,3552,532456,91383785,175.5,176.0,170.0,170.5,-4.5,888
2022-01-06,3552,411496,69045631,169.0,169.0,166.5,167.5,-3.0,408
2022-01-07,3552,634434,104467578,168.0,168.5,162.0,164.0,-3.5,699
2022-01-10,3552,413101,68168454,164.0,168.5,161.0,165.5,1.5,394
2022-01-11,3552,1128228,189568588,168.5,172.0,164.0,164.0,-1.5,1053
2022-01-12,3552,1106295,176701300,164.0,166.0,157.0,158.5,-5.5,1182
2022-01-13,3552,620251,98907293,159.0,162.0,156.5,161.5,3.0,568
2022-01-14,3552,1504609,231400894,159.5,159.5,151.5,153.0,-8.5,1482
2022-01-17,3552,845787,129275943,152.5,155.0,150.5,154.5,1.5,757
2022-01-18,3552,465668,71613614,154.5,156.0,152.0,152.0,-2.5,616
2022-01-19,3552,1418305,208073934,149.5,150.0,144.0,145.5,-6.5,1495
2022-01-20,3552,1446739,214209299,145.0,154.5,142.0,154.5,9.0,1285
2022-01-21,3552,1192992,179531591,150.5,153.5,147.5,147.5,-7.0,1666
2022-01-24,3552,829780,119526932,147.0,147.5,140.5,145.5,-2.0,1232
2022-01-25,3552,1116173,157242141,144.5,145.0,138.0,138.5,-7.0,1173
2022-01-26,3552,723847,101763668,138.5,143.0,138.5,140.5,2.0,1139
2022-02-07,3552,480515,69399318,142.5,147.0,141.0,147.0,6.5,582
2022-02-08,3552,860909,130883877,147.0,154.0,147.0,152.0,5.0,1516
2022-02-09,3552,667623,101910413,152.0,155.0,150.0,153.5,1.5,1047
2022-02-10,3552,412899,62844199,155.0,155.5,150.5,151.0,-2.5,900
2022-02-11,3552,348112,52585659,150.0,153.0,149.0,151.0,0.0,334
2022-02-14,3552,531165,77257636,148.0,148.0,144.0,144.5,-6.5,949
2022-02-15,3552,2921040,459491616,151.0,158.5,150.0,158.5,14.0,2021
2022-02-16,3552,7976679,1276631491,166.0,167.5,155.0,156.5,-2.0,6241
2022-02-17,3552,2157958,332921552,157.0,159.5,150.0,150.5,-6.0,1969
2022-02-18,3552,910379,136153646,148.0,153.5,145.5,153.5,3.0,901
2022-02-21,3552,450642,67938655,151.5,152.0,149.5,150.5,-3.0,466
2022-02-22,3552,646233,95080333,149.5,150.0,145.5,146.5,-4.0,913
2022-02-23,3552,479271,70296380,147.0,148.5,145.0,147.0,0.5,482
2022-02-24,3552,1449702,204991650,145.0,145.5,139.0,140.0,-7.0,1520
2022-02-25,3552,458041,64859174,142.0,143.5,140.0,142.0,2.0,471
2022-03-01,3552,725413,106128510,144.0,148.5,143.5,146.0,4.0,638
2022-03-02,3552,397242,57448367,145.5,146.5,143.0,146.0,0.0,601
2022-03-03,3552,506112,74129096,148.5,149.0,144.5,145.5,-0.5,788
2022-03-04,3552,430080,61438033,144.0,144.5,142.0,142.5,-3.0,977
2022-03-07,3552,1003928,135841450,140.5,140.5,131.5,133.5,-9.0,1538
2022-03-08,3552,875397,114307038,128.5,134.0,128.5,129.0,-4.5,1295
2022-03-09,3552,534900,69832604,132.5,132.5,129.0,130.5,1.5,1027
2022-03-10,3552,475753,64152146,134.5,138.0,133.0,134.0,3.5,1007
2022-03-11,3552,415677,54669592,131.0,132.5,131.0,131.5,-2.5,400
2022-03-14,3552,414365,54763205,133.5,135.0,130.5,132.0,0.5,411
2022-03-15,3552,764475,97301778,132.5,132.5,124.5,124.5,-7.5,800
2022-03-16,3552,579969,73067362,128.0,128.5,124.5,126.0,1.5,599
2022-03-17,3552,1094611,140821824,129.0,131.0,127.0,128.0,2.0,1272
2022-03-18,3552,725191,91583353,128.0,129.0,125.0,126.0,-2.0,710
2022-03-21,3552,643959,82267518,128.0,129.0,126.5,127.0,1.0,627
2022-03-22,3552,676478,88043629,128.0,131.5,127.5,130.0,3.0,697
2022-03-23,3552,777988,102318380,133.0,133.0,130.0,130.5,0.5,617
2022-03-24,3552,702213,92529294,130.5,134.0,129.0,132.5,2.0,680
2022-03-25,3552,593372,78851685,134.5,135.0,131.0,131.0,-1.5,590
2022-03-28,3552,484171,61701339,130.0,130.0,126.5,127.5,-3.5,821
2022-03-29,3552,2416509,332904137,129.5,140.0,129.0,140.0,12.5,1886
2022-03-30,3552,14683027,2186867788,142.5,154.0,142.0,152.0,12.0,11876
2022-03-31,3552,5605860,846225933,149.0,153.5,148.0,151.0,-1.0,4904
2022-04-01,3552,2605087,387382930,149.5,150.5,147.0,150.5,-0.5,2580
2022-04-06,3552,9778432,1545559848,150.0,165.5,148.0,165.5,15.0,8125
2022-04-07,3552,22362586,3730778205,167.0,171.5,162.0,162.5,-3.0,18454
2022-04-08,3552,8446980,1361611460,163.0,167.5,156.5,156.5,-6.0,9114
2022-04-11,3552,4481729,672737778,155.0,155.0,146.0,147.5,-9.0,5586
2022-04-12,3552,8214506,1296135690,149.0,162.0,148.5,162.0,14.5,6204
2022-04-13,3552,19110529,3163923616,167.0,169.5,162.0,168.0,6.0,15326
2022-04-14,3552,19662252,3446336682,170.0,180.0,168.5,175.5,7.5,17264
2022-04-15,3552,9957598,1712016292,172.0,177.5,166.5,176.5,1.0,14982
2022-04-18,3552,7869852,1324757126,166.5,172.5,163.5,164.0,-12.5,11611
2022-04-19,3552,6455316,1093261070,166.5,172.5,166.0,166.0,2.0,7497
2022-04-20,3552,6263424,1069092521,170.0,175.0,166.5,174.5,8.5,6069
2022-04-21,3552,6825533,1183562906,174.5,177.0,170.5,171.5,-3.0,12298
2022-04-22,3552,4437777,743521472,168.5,171.0,164.5,167.0,-4.5,7232
2022-04-25,3552,2951897,465031440,165.0,165.0,152.0,152.5,-14.5,4138
2022-04-26,3552,2939571,460528398,157.5,161.5,150.0,150.0,-2.5,3159
2022-04-27,3552,3010690,447105404,137.5,155.5,137.5,151.5,1.5,3626
2022-04-28,3552,2486796,384052766,152.0,157.5,151.0,151.0,-0.5,3064
2022-04-29,3552,1589935,245938761,155.0,157.0,152.0,153.0,2.0,1357
2022-05-03,3552,3253731,507883675,153.0,159.0,152.5,158.5,5.5,2979
2022-05-04,3552,2861758,459103472,161.0,163.0,158.5,159.0,0.5,2354
2022-05-05,3552,2888846,472505895,164.0,167.0,160.5,163.0,4.0,2384
2022-05-06,3552,1499141,237576590,157.0,160.5,156.5,158.0,-5.0,1238
2022-05-09,3552,2225889,335496996,157.5,157.5,147.5,147.5,-10.5,1967
2022-05-10,3552,2176548,322886845,141.0,153.0,141.0,153.0,5.5,1772
2022-05-11,3552,1428337,214045343,151.0,152.5,148.0,148.0,-5.0,1224
2022-05-12,3552,1412259,207686791,146.5,151.0,144.0,144.0,-4.0,1171
2022-05-13,3552,3310606,502793267,148.0,156.5,148.0,151.5,7.5,2552
2022-05-16,3552,1883786,288062849,155.5,156.5,150.5,151.0,-0.5,1595
2022-05-17,3552,1624139,250388560,153.0,156.5,151.5,155.5,4.5,1246
2022-05-18,3552,1329074,207732749,158.5,159.0,154.0,154.5,-1.0,1286
2022-05-19,3552,1372319,211937268,150.5,157.5,150.0,157.0,2.5,1084
2022-05-20,3552,13632776,2316259638,159.5,172.5,157.5,171.5,14.5,10781
2022-05-23,3552,11954573,2059279431,170.0,175.0,168.0,173.5,2.0,9762
2022-05-24,3552,5971723,1009511006,173.5,174.0,164.5,166.0,-7.5,10990
2022-05-25,3552,13825270,2406698713,170.0,179.5,167.5,173.0,7.0,12121
2022-05-26,3552,11543372,2035004432,173.0,179.0,172.5,177.5,4.5,8640
2022-05-27,3552,22344182,4137119319,183.0,190.5,180.5,182.5,5.0,18461
2022-05-30,3552,12825829,2407007257,186.0,192.0,183.0,188.5,6.0,10862
2022-05-31,3552,9584478,1738500326,180.5,184.5,178.5,180.5,-8.0,13327
2022-06-01,3552,8507744,1556572737,180.0,187.5,177.5,179.0,-1.5,11147
2022-06-02,3552,5988708,1067749448,178.5,181.5,174.0,178.0,-1.0,6532
2022-06-06,3552,4994160,860868374,178.5,178.5,169.0,172.0,-6.0,7794
2022-06-07,3552,2741044,472657741,170.0,175.5,170.0,170.0,-2.0,3205
2022-06-08,3552,3963567,691833633,172.5,178.5,171.0,171.0,1.0,5356
2022-06-09,3552,3654147,638085999,171.0,178.0,170.0,178.0,7.0,4366
2022-06-10,3552,2550106,445246515,175.0,176.0,173.0,175.0,-3.0,3054
2022-06-13,3552,2284802,390006508,169.0,173.0,168.0,172.5,-2.5,2223
2022-06-14,3552,4337611,728241149,172.0,173.5,163.5,170.5,-2.0,8555
2022-06-15,3552,2207495,375543428,169.0,172.5,168.5,169.5,-1.0,1907
2022-06-16,3552,3755184,639824905,174.5,177.0,162.5,162.5,-7.0,4138
2022-06-17,3552,2927462,480108064,162.0,167.0,161.0,165.0,2.5,4618
2022-06-20,3552,4948965,773479481,167.5,167.5,150.5,151.0,-14.0,4006
2022-06-21,3552,1824176,282324820,154.0,158.0,151.0,157.0,6.0,1970
2022-06-22,3552,2180483,333739263,159.0,159.0,150.0,152.0,-5.0,1917
2022-06-23,3552,2579502,403260464,154.0,161.0,150.5,158.5,6.5,2555
2022-06-24,3552,2108630,336285563,159.0,162.5,157.0,160.0,1.5,2267
2022-06-27,3552,2002996,332524576,163.0,168.5,162.5,166.5,6.5,2255
2022-06-28,3552,2942540,494843159,167.5,172.0,165.0,168.5,2.0,2887
2022-06-29,3552,1868786,305774196,166.0,166.5,160.5,164.0,-4.5,3701
2022-06-30,3552,2451027,381746765,163.5,163.5,153.0,153.0,-11.0,2443
2022-07-01,3552,3551783,533809527,153.5,158.5,143.5,144.0,-9.0,4439
2022-07-04,3552,1614916,236235814,146.5,149.5,144.0,145.0,1.0,1629
2022-07-05,3552,2178847,314849118,149.5,150.5,140.0,147.0,2.0,1728
2022-07-06,3552,3333280,457907498,148.0,148.0,132.5,132.5,-14.5,3033
2022-07-07,3552,6420532,857998961,131.5,140.5,126.0,139.5,7.0,5431
2022-07-08,3552,4573580,659879354,140.5,149.5,138.0,146.5,7.0,4341
2022-07-11,3552,2811100,417398352,148.5,151.0,145.0,151.0,4.5,2358
2022-07-12,3552,2556386,373813105,148.5,149.5,143.0,148.0,-3.0,1944
2022-07-13,3552,2691391,402045360,153.0,154.0,145.5,145.5,-2.5,2573
2022-07-14,3552,2028733,300142232,145.0,150.5,143.0,150.5,5.0,1685
2022-07-15,3552,1905076,287403818,151.5,153.0,148.0,152.5,2.0,1650
2022-07-18,3552,1547437,238074996,154.0,156.5,152.5,154.0,1.5,1263
2022-07-19,3552,838192,128024156,153.5,155.0,151.5,152.0,-2.0,969
2022-07-20,3552,1929822,297962163,156.0,156.5,152.5,153.5,1.5,1975
2022-07-21,3552,1915720,297929215,155.0,158.0,152.0,156.5,3.0,1465
2022-07-22,3552,5607918,898192139,161.0,166.0,154.0,154.0,-2.5,4703
2022-07-25,3552,1959965,294230257,153.0,154.0,147.5,150.0,-4.0,3018
2022-07-26,3552,1901426,275769983,149.0,149.0,143.0,144.0,-6.0,1886
2022-07-27,3552,1374442,201831152,145.0,149.5,143.5,149.0,5.0,1219
2022-07-28,3552,1556124,232144521,151.0,152.5,146.5,147.5,-1.5,1342
2022-07-29,3552,1172154,176101375,150.5,151.5,148.0,150.0,2.5,1015
2022-08-01,3552,929575,137475918,150.0,150.0,146.0,149.0,-1.0,962
2022-08-02,3552,1094544,159602213,149.0,149.0,144.0,146.5,-2.5,868
2022-08-03,3552,915101,131863301,146.5,148.0,142.5,144.0,-2.5,796
2022-08-04,3552,1526912,214295791,145.0,145.0,137.0,141.0,-3.0,1751
2022-08-05,3552,1704848,247788462,142.0,149.0,141.5,148.5,7.5,1663
2022-08-08,3552,1275824,185609572,146.5,148.5,142.5,147.5,-1.0,1120
2022-08-09,3552,1444910,215786302,147.5,151.0,146.5,150.0,2.5,1202
2022-08-10,3552,1000262,150877810,148.5,153.0,148.0,150.0,0.0,803
2022-08-11,3552,1223863,185508991,153.5,154.5,150.0,150.0,0.0,1095
2022-08-12,3552,747635,113799660,152.0,154.0,150.5,152.0,2.0,1336
2022-08-15,3552,3286864,520360206,153.5,162.5,152.5,161.5,9.5,3742
2022-08-16,3552,2948445,470883310,161.5,163.5,157.0,157.0,0.0,3184
2022-08-17,3552,906018,143352872,158.5,160.5,156.5,157.0,0.0,1213
2022-08-18,3552,1379584,217256421,155.5,161.0,153.0,159.0,2.0,1120
2022-08-19,3552,3142209,512750583,160.5,166.0,160.0,162.0,3.0,3403
2022-08-22,3552,1592620,253153605,160.0,161.5,156.0,156.5,-5.5,1617
2022-08-23,3552,9210410,1544191481,155.5,172.0,154.5,172.0,15.5,6642
2022-08-24,3552,18233842,3167576999,174.0,177.5,167.0,173.0,1.0,15566
2022-08-25,3552,6679671,1175390566,175.0,178.5,173.0,178.0,5.0,5400
2022-08-26,3552,7544236,1337136904,179.0,184.0,172.0,173.0,-5.0,7985
2022-08-29,3552,5910512,1029767932,167.5,178.5,166.0,175.0,2.0,5111
2022-08-30,3552,7865926,1409981797,176.0,183.5,173.5,183.5,8.5,6999
2022-08-31,3552,7359505,1351148416,185.0,186.5,180.5,182.5,-1.0,7258
2022-09-01,3552,5426838,998833922,181.0,187.5,181.0,186.0,3.5,4971
2022-09-02,3552,5953512,1103542685,187.0,188.5,182.5,185.0,-1.0,7535
2022-09-05,3552,3638017,663955198,188.0,188.0,179.0,179.0,-6.0,3885
2022-09-06,3552,4234627,769586945,181.5,184.5,178.5,181.0,2.0,4154
2022-09-07,3552,8000785,1466328534,179.0,189.0,173.5,186.0,5.0,7419
2022-09-08,3552,12764625,2410355765,192.0,193.0,185.0,191.5,5.5,13597
2022-09-12,3552,6450096,1228417123,191.5,193.0,186.5,193.0,1.5,5095
2022-09-13,3552,7024214,1368165283,194.5,197.5,192.0,194.5,1.5,5167
2022-09-14,3552,6909029,1335673959,189.0,197.5,188.0,195.5,1.0,6603
2022-09-15,3552,5847946,1118047348,195.0,197.0,186.0,186.0,-9.5,8311
2022-09-16,3552,7046050,1314460658,185.5,192.0,181.5,185.0,-1.0,6213
2022-09-19,3552,2869945,526218808,183.5,186.5,181.0,183.0,-2.0,3229
2022-09-20,3552,8512020,1498719356,184.0,186.0,170.0,176.0,-7.0,8399
2022-09-21,3552,4429314,783306322,173.0,180.0,172.0,180.0,4.0,3400
2022-09-22,3552,4795543,859839760,177.0,183.0,175.0,182.0,2.0,4382
2022-09-23,3552,3792843,667229612,180.0,181.0,172.0,173.0,-9.0,4208
2022-09-26,3552,3856551,651924388,169.5,174.0,164.5,165.5,-7.5,4052
2022-09-27,3552,3199792,540784731,168.0,172.5,166.5,172.0,6.5,5066
2022-09-28,3552,3625322,612113207,169.5,172.5,166.0,167.0,-5.0,4781
2022-09-29,3552,3418451,591940926,172.0,175.5,170.5,173.0,6.0,3899
2022-09-30,3552,7491872,1265672539,170.0,179.5,158.5,178.0,5.0,7045
2022-10-03,3552,3854030,672864392,174.5,178.5,172.0,172.0,-6.0,3793
2022-10-04,3552,4488370,782258104,176.5,177.5,170.5,175.5,3.5,4433
2022-10-05,3552,11279532,1907848465,172.5,175.0,166.0,166.0,-9.5,8360
2022-10-06,3552,9360022,1517762896,165.0,168.0,159.0,161.5,-4.5,7251
2022-10-07,3552,5618369,910010021,162.5,165.5,159.5,159.5,-2.0,5460
2022-10-11,3552,5243963,797503372,155.0,156.5,148.0,150.0,-9.5,4291
2022-10-12,3552,4685650,717029614,150.5,157.5,147.5,156.0,6.0,3455
2022-10-13,3552,5458790,808928614,154.5,155.5,142.0,144.0,-12.0,4481
2022-10-14,3552,4543654,679243627,150.0,153.0,146.5,146.5,2.5,3473
2022-10-17,3552,4367490,612483748,141.0,143.5,135.5,142.5,-4.0,3769
2022-10-18,3552,3000119,425917655,146.0,147.0,139.5,140.0,-2.5,2660
2022-10-19,3552,2522837,357022226,141.5,144.5,139.0,139.0,-1.0,2113
2022-10-20,3552,3211373,431678391,137.5,137.5,131.5,135.0,-4.0,2414
2022-10-21,3552,3082316,412519056,133.5,137.5,131.0,132.0,-3.0,2460
2022-10-24,3552,2328731,314154058,136.0,138.0,132.0,133.0,1.0,1737
2022-10-25,3552,1678967,219998383,134.0,134.5,129.5,129.5,-3.5,1886
2022-10-26,3552,2383980,306744163,131.0,131.0,126.5,128.5,-1.0,1719
2022-10-27,3552,1954226,259179184,130.0,135.0,130.0,134.0,5.5,1502
2022-10-28,3552,1677335,217989239,133.0,133.5,128.0,128.5,-5.5,1707
2022-10-31,3552,1519801,202354039,131.0,134.5,130.5,134.0,5.5,1264
2022-11-01,3552,2628224,362823492,133.0,140.0,132.5,140.0,6.0,2154
2022-11-02,3552,2284871,319475486,139.5,142.5,138.0,139.5,-0.5,2214
2022-11-03,3552,1738125,244057061,137.0,142.0,136.5,142.0,2.5,1328
2022-11-04,3552,1551236,221398480,141.0,144.5,140.0,144.0,2.0,1275
2022-11-07,3552,1540172,220679087,145.5,145.5,141.0,144.0,0.0,1335
2022-11-08,3552,1925277,277091894,145.0,146.5,140.5,141.5,-2.5,1588
2022-11-09,3552,1553765,222228241,143.5,145.0,141.5,142.0,0.5,1340
2022-11-10,3552,1589498,223322729,141.5,144.0,138.5,139.0,-3.0,1874
2022-11-11,3552,2273289,323319667,144.5,145.5,139.0,139.0,0.0,2039
2022-11-14,3552,6289103,928019284,141.0,152.5,139.5,151.5,12.5,4861
2022-11-15,3552,5757877,876816990,153.0,156.0,149.0,150.0,-1.5,5321
2022-11-16,3552,3049164,453420878,150.5,152.0,145.5,151.5,1.5,3066
2022-11-17,3552,4241927,651441312,151.5,156.0,149.0,153.5,2.0,3511
2022-11-18,3552,3236286,497996896,156.5,158.0,151.0,151.0,-2.5,3022
2022-11-21,3552,1237332,188878135,152.0,154.5,150.0,152.0,1.0,1012
2022-11-22,3552,1695871,257170752,154.0,154.5,150.0,150.5,-1.5,1879
2022-11-23,3552,1007394,152717651,152.0,153.0,150.5,150.5,0.0,811
2022-11-24,3552,1944106,297668865,153.5,154.5,151.5,153.0,2.5,1544
2022-11-25,3552,1407532,214006176,153.5,154.5,149.5,150.0,-3.0,1815
2022-11-28,3552,1849529,283905082,149.5,156.0,149.0,155.0,5.0,1532
2022-11-29,3552,1382788,211738432,155.0,155.0,152.0,152.5,-2.5,1247
2022-11-30,3552,1117735,172218702,152.0,155.5,152.0,154.0,1.5,910
2022-12-01,3552,2137834,335014543,157.5,158.5,155.0,155.5,1.5,1828
2022-12-02,3552,5492284,883424614,157.5,165.5,157.5,159.5,4.0,5150
2022-12-05,3552,1394083,223388507,161.5,162.0,159.0,159.5,0.0,1365
2022-12-06,3552,1291564,202867197,159.0,161.0,154.0,154.5,-5.0,1280
2022-12-07,3552,1789241,273420587,154.0,157.0,149.0,150.0,-4.5,1824
2022-12-08,3552,1101136,166388298,151.5,153.0,149.5,151.0,1.0,951
2022-12-09,3552,1105356,167076305,152.5,153.5,149.5,150.0,-1.0,971
2022-12-12,3552,4248180,669600120,151.0,162.5,150.5,157.0,7.0,3745
2022-12-13,3552,2858033,444646728,159.0,160.0,153.0,154.0,-3.0,3112
2022-12-14,3552,2015722,317116407,155.5,160.0,155.0,158.0,4.0,1872
2022-12-15,3552,1329702,209894262,158.0,160.0,156.0,156.5,-1.5,1219
2022-12-16,3552,1418845,216812893,153.5,156.0,151.0,153.0,-3.5,1603
2022-12-19,3552,1047452,157125325,153.0,153.0,149.0,149.0,-4.0,1289
2022-12-20,3552,1750589,252868543,149.0,150.0,140.0,140.5,-8.5,1688
2022-12-21,3552,1143344,160398685,141.5,143.0,138.0,138.5,-2.0,1071
2022-12-22,3552,691715,96966621,141.0,142.5,138.5,140.0,1.5,676
2022-12-23,3552,902311,125179584,138.0,142.0,134.0,141.5,1.5,939
2022-12-26,3552,784914,108618700,141.5,142.0,137.0,137.0,-4.5,1391
2022-12-27,3552,670669,93684833,137.5,141.5,137.5,141.0,4.0,732
2022-12-28,3552,890154,121867971,139.0,140.0,135.5,135.5,-5.5,1331
2022-12-29,3552,656293,88906574,136.0,137.0,132.5,135.5,0.0,538
2022-12-30,3552,639001,87826228,139.0,140.5,136.0,136.0,0.5,850
2023-01-03,3552,517146,70898827,136.5,138.5,134.5,138.0,2.0,463
2023-01-04,3552,506054,69627974,136.5,138.5,136.5,138.0,0.0,446
2023-01-05,3552,1673809,235553001,139.5,143.5,137.0,142.5,4.5,1598
2023-01-06,3552,1688564,241990524,142.5,144.5,141.0,144.5,2.0,1525
2023-01-09,3552,2018947,287812379,145.5,147.5,140.5,143.0,-1.5,1778
2023-01-10,3552,1027140,147792011,144.0,145.5,142.5,143.0,0.0,1239
2023-01-11,3552,889632,125295951,142.5,143.0,139.0,140.0,-3.0,1504
2023-01-12,3552,694921,97537393,141.5,141.5,139.0,140.0,0.0,601
2023-01-13,3552,629381,87928048,142.0,142.5,138.0,138.0,-2.0,964
2023-01-16,3552,486604,67439786,139.0,139.5,136.5,139.5,1.5,456
2023-01-17,3552,541732,75471288,140.0,140.5,138.5,138.5,-1.0,460
2023-01-30,3552,1537873,221266005,143.5,145.5,142.0,143.5,5.0,1300
2023-01-31,3552,1557402,229009547,144.0,149.0,144.0,148.0,4.5,1574
2023-02-01,3552,1504619,224299174,149.0,151.5,147.0,151.0,3.0,1456
2023-02-02,3552,1437784,217841852,153.0,153.0,150.0,151.5,0.5,1589
2023-02-03,3552,1896714,290852713,152.5,155.5,150.5,152.5,1.0,2614
2023-02-06,3552,1071250,162945232,153.0,155.0,150.0,150.0,-2.5,1460
2023-02-07,3552,619412,93414476,151.0,152.0,149.0,151.5,1.5,660
2023-02-08,3552,713127,108267185,153.0,153.5,150.5,151.5,0.0,801
2023-02-09,3552,4395451,694187226,151.5,161.5,151.5,156.5,5.0,4704
2023-02-10,3552,1960991,306338117,156.5,159.5,153.0,154.5,-2.0,1776
2023-02-13,3552,921976,142422088,153.0,156.0,153.0,154.5,0.0,1122
2023-02-14,3552,1084929,166963217,155.5,157.0,152.0,152.5,-2.0,1813
2023-02-15,3552,1372727,211249597,153.0,156.0,151.5,154.0,1.5,1341
2023-02-16,3552,1026653,160062450,156.0,157.0,155.0,156.0,2.0,925
2023-02-17,3552,3729270,593769652,156.0,163.0,155.5,157.5,1.5,3998
2023-02-20,3552,2292493,367413023,160.0,163.0,158.5,159.0,1.5,2296
2023-02-21,3552,934533,147813478,160.0,160.0,157.0,158.0,-1.0,1669
2023-02-22,3552,1186728,181741274,156.0,156.0,152.0,152.0,-6.0,1303
2023-02-23,3552,460363,70859763,153.0,154.5,153.0,154.0,2.0,511
2023-02-24,3552,499021,76446797,155.0,155.5,152.0,153.0,-1.0,515
2023-03-01,3552,428258,64737062,151.0,152.0,150.5,151.0,-2.0,768
2023-03-02,3552,347277,52663041,152.5,153.0,151.0,151.5,0.5,445
2023-03-03,3552,379324,57678917,152.0,153.0,151.0,151.5,0.0,454
2023-03-06,3552,560034,85639046,153.0,154.0,152.0,152.5,1.0,794
2023-03-07,3552,9864907,1604492176,153.0,166.5,153.0,163.5,11.0,8028
2023-03-08,3552,6728105,1116298397,163.5,168.5,163.0,166.0,2.5,8292
2023-03-09,3552,2401979,396113849,166.0,167.0,163.5,166.0,0.0,2249
2023-03-10,3552,2004137,329935348,164.5,166.0,163.5,164.0,-2.0,3049
2023-03-13,3552,2104205,337342264,162.0,164.5,156.5,160.0,-4.0,2197
2023-03-14,3552,1368546,216729018,159.0,161.5,156.5,157.0,-3.0,1991
2023-03-15,3552,2689961,436912686,160.0,165.5,159.0,161.5,4.5,2505
2023-03-16,3552,2030872,320980517,161.0,163.0,155.0,155.5,-6.0,2349
2023-03-17,3552,912710,144561314,157.5,160.5,156.5,159.0,3.5,1070
2023-03-20,3552,506047,80528164,161.0,161.0,158.0,159.5,0.5,851
2023-03-21,3552,1227885,199246875,160.5,163.5,160.5,162.0,2.5,1274
2023-03-22,3552,1320700,216239587,165.0,165.5,162.0,162.0,0.0,1275
2023-03-23,3552,1022825,166143263,161.0,164.5,160.5,162.0,0.0,996
2023-03-24,3552,3853183,641741213,164.0,168.5,163.5,165.5,3.5,4115
2023-03-27,3552,6766823,1053431137,157.5,159.5,150.0,157.0,-8.5,7557
2023-03-28,3552,3359969,515147106,153.5,157.0,152.0,153.5,-3.5,3032
2023-03-29,3552,1158756,178090344,153.5,155.0,152.5,154.5,1.0,1121
2023-03-30,3552,2192997,333461516,154.5,155.0,151.0,151.0,-3.5,2574
2023-03-31,3552,743066,113119361,151.5,153.0,151.5,152.0,1.0,734
2023-04-06,3552,935309,141963049,150.5,153.5,150.0,153.0,1.0,1084
2023-04-07,3552,658719,100259394,153.5,153.5,151.0,151.5,-1.5,1065
2023-04-10,3552,430244,65823365,153.0,153.5,152.0,153.5,2.0,675
2023-04-11,3552,647910,99735893,154.5,154.5,153.0,153.5,0.0,676
2023-04-12,3552,514653,78976082,155.0,155.0,152.5,153.0,-0.5,987
2023-04-13,3552,1465279,227489949,154.5,157.5,153.0,154.0,1.0,1387
2023-04-14,3552,510034,78792417,156.0,156.0,153.5,153.5,-0.5,670
2023-04-17,3552,512025,79050851,155.5,156.0,153.0,153.5,0.0,867
2023-04-18,3552,504327,77727187,154.5,155.0,153.5,154.0,0.5,512
2023-04-19,3552,2043299,313631309,155.5,156.0,151.0,155.0,1.0,2275
2023-04-20,3552,909796,137656679,154.0,154.5,150.0,150.0,-5.0,941
2023-04-21,3552,1484787,215492410,150.0,150.5,142.5,142.5,-7.5,2103
2023-04-24,3552,371537,53043540,143.0,144.0,141.0,143.0,0.5,1069
2023-04-25,3552,609093,85512097,143.0,143.5,139.0,140.5,-2.5,1019
2023-04-26,3552,385425,54593693,141.5,143.5,140.0,143.5,3.0,854
2023-04-27,3552,396792,56166912,143.5,143.5,140.0,141.0,-2.5,1153
2023-04-28,3552,523145,74119712,143.0,143.5,141.0,141.0,0.0,696
2023-05-02,3552,604414,85629224,141.0,144.0,139.0,141.5,0.5,657
2023-05-03,3552,482839,69084713,141.5,145.0,140.5,144.5,3.0,1060
2023-05-04,3552,334064,47895816,143.0,144.5,142.0,143.0,-1.5,602
2023-05-05,3552,283439,40799640,144.0,144.5,143.0,144.0,1.0,678
2023-05-08,3552,274613,39591374,145.5,145.5,143.0,143.0,-1.0,378
2023-05-09,3552,275513,38911594,143.0,144.0,140.0,140.5,-2.5,325
2023-05-10,3552,526573,74565361,139.5,144.0,137.5,143.5,3.0,530
2023-05-11,3552,424898,60077081,144.5,144.5,140.0,140.5,-3.0,925
2023-05-12,3552,320053,45598202,140.0,144.0,140.0,143.5,3.0,346
2023-05-15,3552,180986,25658392,142.5,143.0,140.5,142.0,-1.5,430
2023-05-16,3552,532333,77363892,143.5,147.0,143.5,144.5,2.5,756
2023-05-17,3552,848005,125211948,146.0,149.5,145.0,148.0,3.5,1022
2023-05-18,3552,440161,64813154,148.5,149.0,146.0,146.5,-1.5,601
2023-05-19,3552,266996,39136033,146.5,148.0,145.5,146.0,-0.5,294
2023-05-22,3552,216074,31804933,145.5,148.5,145.5,147.0,1.0,229
2023-05-23,3552,1060875,158825803,147.5,151.5,147.5,148.5,1.5,1056
2023-05-24,3552,379598,56662309,148.0,151.0,147.5,149.0,0.5,601
2023-05-25,3552,304080,45427536,150.0,150.5,149.0,149.0,0.0,305
2023-05-26,3552,385501,56874180,150.5,150.5,146.5,146.5,-2.5,409
2023-05-29,3552,243116,36084858,147.5,149.5,147.5,148.5,2.0,282
2023-05-30,3552,1829848,279681214,151.0,155.0,150.5,151.5,3.0,1600
2023-05-31,3552,745217,114138313,152.5,154.0,152.5,153.5,2.0,878
2023-06-01,3552,1077574,166481693,154.0,156.0,152.0,153.5,0.0,1218
2023-06-02,3552,831240,128485944,155.5,156.0,153.0,154.5,1.0,818
2023-06-05,3552,343993,53099760,155.5,155.5,153.5,154.0,-0.5,369
2023-06-06,3552,438236,66806574,155.5,155.5,151.0,151.5,-2.5,434
2023-06-07,3552,332590,50613334,151.5,153.0,151.0,152.0,0.5,330
2023-06-08,3552,516190,78737020,152.0,154.0,151.5,151.5,-0.5,503
2023-06-09,3552,698177,107499248,154.0,155.5,152.5,153.0,1.5,648
2023-06-12,3552,1287732,200162112,154.0,157.0,154.0,154.5,1.5,1112
2023-06-13,3552,773914,120349608,155.5,156.0,154.5,156.0,1.5,726
2023-06-14,3552,1489139,232762723,157.5,159.0,153.5,154.0,-2.0,1354
2023-06-15,3552,673140,102382884,154.0,154.0,151.0,151.5,-2.5,674
2023-06-16,3552,467583,70604703,151.5,152.0,150.0,151.5,0.0,415
2023-06-19,3552,558113,83600883,152.0,152.0,148.5,149.0,-2.5,596
2023-06-20,3552,437164,64609538,149.0,149.0,147.0,147.0,-2.0,501
2023-06-21,3552,1270807,191310584,147.5,153.0,147.0,151.0,4.0,939
2023-06-26,3552,358490,53017192,147.0,149.0,147.0,147.5,-3.5,407
2023-06-27,3552,617025,89711015,147.5,148.0,144.0,144.0,-3.5,689
2023-06-28,3552,220636,31882081,146.0,146.0,143.5,144.0,0.0,250
2023-06-29,3552,267155,38776325,145.5,146.5,144.0,145.0,1.0,250
2023-06-30,3552,314243,45998158,145.5,148.0,144.5,145.5,0.5,326
2023-07-03,3552,433730,64062269,146.0,149.0,145.5,147.5,2.0,487
2023-07-04,3552,329164,48858486,149.0,149.5,147.5,148.0,0.5,328
2023-07-05,3552,219404,32562756,149.0,149.5,147.5,147.5,-0.5,244
2023-07-06,3552,411835,61434378,147.5,150.5,147.0,148.0,0.5,393
2023-07-07,3552,381406,55629073,148.0,148.0,144.5,145.5,-2.5,418
2023-07-10,3552,482074,71321973,145.0,150.0,145.0,147.0,1.5,421
2023-07-11,3552,303077,45117208,150.0,150.0,148.0,148.5,1.5,311
2023-07-12,3552,735093,110591637,148.5,153.0,148.5,149.5,1.0,639
2023-07-13,3552,477948,71097075,151.0,151.5,146.5,146.5,-3.0,494
2023-07-14,3552,270235,39950152,148.0,148.5,147.0,148.0,1.5,267
2023-07-17,3552,357515,52550311,149.0,149.5,146.0,146.0,-2.0,389
2023-07-18,3552,1002012,142832284,146.5,147.0,140.5,141.0,-5.0,1073
2023-07-19,3552,483816,68153490,143.0,143.0,139.5,140.0,-1.0,526
2023-07-20,3552,470243,65549185,139.0,141.0,138.5,139.0,-1.0,525
2023-07-21,3552,550563,75145536,137.5,137.5,136.0,136.0,-3.0,644
2023-07-24,3552,499006,66541321,135.5,136.0,132.5,133.0,-3.0,626
2023-07-25,3552,452226,61489721,135.5,138.0,134.0,137.0,4.0,474
2023-07-26,3552,384178,53062785,136.5,139.5,136.5,138.0,1.0,417
2023-07-27,3552,205152,28458070,139.5,140.0,138.0,138.0,0.0,250
2023-07-28,3552,273264,37869186,140.5,140.5,137.5,137.5,-0.5,267
2023-07-31,3552,226661,31329795,138.0,139.0,137.0,138.0,0.5,245
2023-08-01,3552,332663,46657258,138.5,141.5,138.5,140.5,2.5,333
2023-08-02,3552,476615,65529766,140.0,140.0,135.5,135.5,-5.0,453
2023-08-04,3552,229588,31169122,136.5,137.0,134.5,136.5,1.0,291
2023-08-07,3552,211712,28615913,137.5,137.5,134.5,134.5,-2.0,250
2023-08-08,3552,261646,35049736,135.5,136.0,133.0,133.0,-1.5,324
2023-08-09,3552,416063,55883098,133.0,135.5,133.0,135.0,2.0,391
2023-08-10,3552,521949,67295749,131.5,131.5,127.0,127.0,0.0,661
2023-08-11,3552,277045,34971123,127.5,128.0,125.5,125.5,-1.5,373
2023-08-14,3552,818975,98261615,124.0,124.0,117.5,120.0,-5.5,870
2023-08-15,3552,255532,31390184,122.0,124.0,121.0,124.0,4.0,281
2023-08-16,3552,217306,27173327,122.5,127.0,122.0,126.0,2.0,243
2023-08-17,3552,166971,21091709,126.5,127.5,124.0,127.5,1.5,195
2023-08-18,3552,164654,20868728,128.0,128.5,125.0,126.0,-1.5,230
2023-08-21,3552,120636,15153095,126.0,127.0,124.5,126.0,0.0,132
2023-08-22,3552,160075,19993152,125.5,126.5,124.0,125.0,-1.0,189
2023-08-23,3552,191525,24025469,126.0,127.0,124.5,127.0,2.0,160
2023-08-24,3552,179145,22570104,127.5,128.0,124.5,125.5,-1.5,199
2023-08-25,3552,163679,20452143,125.5,126.0,124.5,124.5,-1.0,186
2023-08-28,3552,198872,24465825,125.5,126.0,122.0,122.5,-2.0,240
2023-08-29,3552,267570,33537024,123.5,127.5,122.5,127.5,5.0,262
2023-08-30,3552,182823,23414732,128.5,128.5,127.0,128.5,1.0,217
2023-08-31,3552,333730,43548675,128.5,132.0,128.5,130.0,1.5,340
2023-09-01,3552,155570,20358198,130.0,131.5,129.5,131.5,1.5,182
2023-09-04,3552,129553,16947377,131.5,132.0,129.0,132.0,0.5,174
2023-09-05,3552,131061,17338605,131.5,133.0,131.5,132.5,0.5,160
2023-09-06,3552,110155,14428447,132.0,132.0,130.5,130.5,-2.0,153
2023-09-07,3552,120353,15841046,130.5,132.0,130.5,131.5,1.0,147
2023-09-08,3552,1374011,189279328,132.5,142.0,130.0,140.0,8.5,1171
2023-09-11,3552,1513962,213965928,142.0,144.0,139.0,139.0,-1.0,1265
2023-09-12,3552,1174970,166242268,140.5,145.0,138.0,140.0,1.0,1095
2023-09-13,3552,454717,63163645,138.0,140.5,138.0,138.0,-2.0,445
2023-09-14,3552,724277,99004245,137.5,138.5,134.5,137.5,-0.5,721
2023-09-15,3552,297997,41036860,138.5,139.0,137.0,137.5,0.0,297
2023-09-18,3552,221905,30521631,137.0,139.0,135.5,137.5,0.0,252
2023-09-19,3552,269528,36617570,138.0,138.5,134.5,135.0,-2.5,294
2023-09-20,3552,365969,49677359,135.5,137.0,134.5,135.0,0.0,354
2023-09-21,3552,262283,34826699,135.0,135.0,131.5,132.5,-2.5,307
2023-09-22,3552,180340,23793903,132.0,133.5,130.5,132.5,0.0,206
2023-09-25,3552,184582,24843214,132.5,136.0,132.5,135.0,2.5,189
2023-09-26,3552,205140,27111879,135.0,135.0,131.0,131.0,-4.0,261
2023-09-27,3552,185230,24168138,131.0,132.5,129.5,130.0,-1.0,235
2023-09-28,3552,95147,12488369,130.0,132.0,130.0,131.0,1.0,127
2023-10-02,3552,392395,53335766,133.0,138.5,132.0,135.5,4.5,463
2023-10-03,3552,149198,20259668,136.0,137.5,134.0,134.0,-1.5,167
2023-10-04,3552,128889,17085372,133.0,133.0,132.0,133.0,-1.0,154
2023-10-05,3552,169768,22848672,134.0,136.0,133.0,133.5,0.5,189
2023-10-06,3552,240793,32201690,135.5,135.5,133.0,133.0,-0.5,192
2023-10-11,3552,1405603,198614891,145.5,145.5,138.5,139.0,6.0,1056
2023-10-12,3552,1350819,193030277,143.0,145.5,140.0,142.5,3.5,1185
2023-10-13,3552,1042252,149960778,140.0,146.5,140.0,143.5,1.0,970
2023-10-16,3552,307956,43789698,142.5,144.0,141.5,141.5,-2.0,318
2023-10-17,3552,329199,46790747,144.5,144.5,141.0,142.0,0.5,352
2023-10-18,3552,484182,67857004,142.5,144.0,138.0,139.0,-3.0,498
2023-10-19,3552,207214,28462375,137.5,138.5,136.0,137.5,-1.5,332
2023-10-20,3552,236508,32470073,137.5,139.5,134.5,138.0,0.5,267
2023-10-23,3552,365570,50297506,136.0,140.0,135.0,138.5,0.5,337
2023-10-24,3552,196879,27248439,139.0,139.5,137.5,138.0,-0.5,204
2023-10-25,3552,180887,25080587,139.0,140.0,138.0,138.0,0.0,364
2023-10-26,3552,429886,58897031,137.0,139.5,134.5,134.5,-3.5,375
2023-10-27,3552,190166,25632141,135.5,136.5,134.0,135.5,1.0,181
2023-10-30,3552,131600,17895647,136.0,137.5,135.0,136.0,0.5,145
2023-10-31,3552,278600,37590037,137.0,138.0,132.5,132.5,-3.5,325
2023-11-01,3552,242386,32204131,133.5,135.0,132.0,132.5,0.0,212
2023-11-02,3552,283066,38043434,134.0,136.5,133.0,133.0,0.5,277
2023-11-03,3552,587404,80962640,135.0,140.0,134.0,139.0,6.0,587
2023-11-06,3552,398674,55752753,140.5,141.0,138.0,141.0,2.0,417
2023-11-07,3552,201614,28289129,140.0,141.5,139.5,140.5,-0.5,313
2023-11-08,3552,270532,38105334,142.0,142.0,140.0,140.5,0.0,274
2023-11-09,3552,269666,37821572,140.5,141.5,138.5,141.0,0.5,307
2023-11-10,3552,351150,49671825,141.0,143.0,140.0,141.0,0.0,361
2023-11-13,3552,443950,61506975,139.0,140.0,137.0,138.5,-2.5,538
2023-11-14,3552,285279,39290982,139.5,141.0,136.5,137.0,-1.5,330
2023-11-15,3552,352665,48684465,138.0,139.5,137.0,137.5,0.5,333
2023-11-16,3552,177714,24550560,139.0,139.0,137.0,138.0,0.5,160
2023-11-17,3552,350227,48831386,138.0,140.5,138.0,140.0,2.0,316
2023-11-20,3552,520184,73789542,141.5,143.0,140.0,142.5,2.5,466
2023-11-21,3552,565087,80540570,144.0,144.5,141.5,141.5,-1.0,474
2023-11-22,3552,449948,64255957,141.5,144.0,140.5,143.5,2.0,479
2023-11-23,3552,531063,75623508,143.5,144.0,141.0,142.0,-1.5,441
2023-11-24,3552,445922,63982145,142.5,145.0,142.5,143.5,1.5,512
2023-11-27,3552,584506,84259710,143.5,146.0,142.0,142.0,-1.5,572
2023-11-28,3552,248023,35590526,143.5,144.5,142.0,144.5,2.5,268
2023-11-29,3552,362818,52553819,144.5,145.5,144.0,144.5,0.0,371
2023-11-30,3552,1856422,276198029,146.0,151.5,144.5,150.0,5.5,1500
2023-12-01,3552,2786333,422812880,152.5,153.0,150.0,151.5,1.5,2527
2023-12-04,3552,662288,99191388,151.5,151.5,149.0,149.0,-2.5,823
2023-12-05,3552,344945,51047162,149.0,149.0,147.0,148.0,-1.0,399
2023-12-06,3552,300594,44804658,149.0,150.5,147.5,147.5,-0.5,322
2023-12-07,3552,275436,40535109,148.0,149.5,146.0,146.0,-1.5,344
2023-12-08,3552,899228,134315584,153.0,153.0,146.5,147.0,1.0,888
2023-12-11,3552,320709,47371586,148.5,148.5,147.0,147.0,0.0,416
2023-12-12,3552,224688,33132503,148.5,148.5,146.5,147.0,0.0,269
2023-12-13,3552,313996,46040793,146.5,148.0,146.0,146.0,-1.0,345
2023-12-14,3552,429138,62857004,147.0,148.0,145.0,145.5,-0.5,461
2023-12-15,3552,474646,69927397,147.0,149.0,145.5,147.5,2.0,609
2023-12-18,3552,215808,31869996,148.5,149.0,146.5,147.5,0.0,294
2023-12-19,3552,536752,77367073,147.5,147.5,142.5,144.0,-3.5,554
2023-12-20,3552,358062,51327596,144.5,145.0,142.0,143.0,-1.0,428
2023-12-21,3552,159099,22761075,141.5,144.0,141.5,143.5,0.5,244
2023-12-22,3552,173490,25011168,144.0,145.0,143.0,144.5,1.0,204
2023-12-25,3552,146617,21112538,144.0,144.5,143.0,144.5,0.0,185
2023-12-26,3552,160372,23149236,144.5,145.5,143.0,144.0,-0.5,216
2023-12-27,3552,122200,17662000,145.0,145.5,144.0,145.0,1.0,150
2023-12-28,3552,204702,29585711,145.0,145.5,144.0,145.0,0.0,218
2023-12-29,3552,247531,35971265,144.0,146.5,144.0,145.5,0.5,286
2024-01-02,3552,122023,17672518,145.0,146.5,144.0,144.0,-1.5,164
2024-01-03,3552,141913,20287781,143.5,144.0,142.0,143.0,-1.0,218
2024-01-04,3552,404892,56716367,142.5,142.5,138.5,138.5,-4.5,430
2024-01-05,3552,168925,23461456,140.0,140.0,138.0,138.5,0.0,259
2024-01-08,3552,181056,25014508,138.5,139.5,137.0,138.0,-0.5,275
2024-01-09,3552,236826,32234530,138.5,138.5,135.0,135.5,-2.5,371
2024-01-10,3552,160373,21499282,134.5,135.5,133.0,133.5,-2.0,298
2024-01-11,3552,188110,25565671,134.0,137.5,134.0,136.0,2.5,243
2024-01-12,3552,120062,16221213,135.5,137.0,134.5,134.5,-1.5,499
2024-01-15,3552,131429,17740087,135.0,136.0,134.5,135.0,0.5,161
2024-01-16,3552,133913,17907130,135.0,135.0,132.5,133.0,-2.0,188
2024-01-17,3552,465130,60643182,133.0,134.0,128.5,129.0,-4.0,531
2024-01-18,3552,147253,19243071,130.0,132.0,129.5,131.5,2.5,189
2024-01-19,3552,253544,33172358,132.0,133.0,129.5,129.5,-2.0,350
2024-01-22,3552,137116,18003714,132.5,134.0,130.0,131.0,1.5,211
2024-01-23,3552,110425,14489769,131.0,132.0,130.5,131.0,0.0,169
2024-01-24,3552,119619,15811853,131.0,133.0,131.0,131.5,0.5,186
2024-01-25,3552,136364,17842203,131.5,131.5,130.0,130.0,-1.5,171
2024-01-26,3552,73183,9536495,130.0,131.0,129.5,130.5,0.5,127
2024-01-29,3552,160486,21233706,130.5,133.0,130.0,133.0,2.5,231
2024-01-30,3552,102875,13507532,131.0,132.5,130.5,131.0,-2.0,192
2024-01-31,3552,102960,13448051,131.5,131.5,130.0,130.0,-1.0,161
2024-02-01,3552,146836,18977558,129.5,130.5,128.5,129.5,-0.5,281
2024-02-02,3552,137408,17858622,129.5,130.5,129.0,129.5,0.0,194
2024-02-05,3552,235710,30038240,128.5,129.0,127.0,127.5,-2.0,411
2024-02-15,3552,300106,39085589,128.0,132.0,128.0,131.0,3.5,372
2024-02-16,3552,323207,42837174,131.0,134.0,131.0,133.5,2.5,395
2024-02-19,3552,246007,33040938,133.5,135.0,133.5,134.0,0.5,392
2024-02-20,3552,309595,41219538,133.5,134.5,132.0,133.0,-1.0,363
2024-02-21,3552,175803,23444248,132.0,134.5,132.0,133.0,0.0,258
2024-02-22,3552,172071,22878445,133.5,134.0,132.5,133.0,0.0,251
2024-02-23,3552,190009,25105066,133.5,133.5,131.5,131.5,-1.5,269
2024-02-26,3552,172386,22877966,131.5,134.0,131.5,133.5,2.0,330
2024-02-27,3552,195258,25850953,134.0,134.0,131.0,132.0,-1.5,290
2024-02-29,3552,163313,21624404,132.0,133.0,132.0,133.0,1.0,259
2024-03-01,3552,126036,16619006,133.0,133.0,131.0,131.5,-1.5,242
2024-03-04,3552,198884,26030538,131.5,132.0,130.0,130.0,-1.5,380
2024-03-05,3552,189681,24577386,130.0,130.5,129.0,129.0,-1.0,286
2024-03-06,3552,130433,16946376,129.0,130.5,129.0,129.0,0.0,242
2024-03-07,3552,246244,31518381,129.0,129.0,127.5,128.0,-1.0,440
2024-03-08,3552,398313,50245890,128.0,128.5,124.5,125.0,-3.0,548
2024-03-11,3552,234615,29494774,125.5,127.5,124.5,125.5,0.5,403
2024-03-12,3552,163857,20689734,125.5,127.0,125.5,126.0,0.5,275
2024-03-13,3552,229371,28686944,127.0,127.0,124.0,124.0,-2.0,388
2024-03-14,3552,849069,102425058,124.5,124.5,118.5,119.5,-4.5,1036
2024-03-15,3552,437138,52319208,119.5,122.0,118.5,118.5,-1.0,539
2024-03-18,3552,299951,35987657,119.5,121.5,119.0,120.0,1.5,338
2024-03-19,3552,147214,17741622,121.5,121.5,120.0,120.0,0.0,255
2024-03-20,3552,234829,28311315,121.5,121.5,119.5,120.5,0.5,283
2024-03-21,3552,276586,33658240,120.5,122.5,120.5,121.5,1.0,312
2024-03-22,3552,166656,20262399,122.0,122.5,121.0,122.5,1.0,260
2024-03-25,3552,114960,14106610,122.5,123.5,122.0,122.5,0.0,193
2024-03-26,3552,423899,50944883,123.5,123.5,118.5,119.0,-3.5,492
2024-03-27,3552,129490,15585868,119.5,121.0,118.5,121.0,2.0,195
2024-03-28,3552,272521,33101658,121.5,123.0,120.0,120.5,-0.5,288
2024-03-29,3552,151585,18285897,122.5,122.5,119.5,120.5,0.0,201
2024-04-01,3552,164488,19877037,120.5,122.0,120.0,122.0,1.5,355
2024-04-02,3552,148807,17993077,121.5,122.0,120.0,120.5,-1.5,309
2024-04-03,3552,150649,17963999,120.0,120.0,118.5,119.0,-1.5,286
2024-04-08,3552,412667,48206763,118.5,119.0,116.0,116.5,-2.5,684
2024-04-09,3552,201281,23457500,117.0,117.0,116.0,117.0,0.5,304
2024-04-10,3552,226102,26420079,116.5,117.5,116.0,116.5,-0.5,372
2024-04-11,3552,186223,21524507,116.5,116.5,115.0,115.5,-1.0,365
2024-04-12,3552,652000,73307238,116.0,116.0,111.0,112.5,-3.0,1030
2024-04-15,3552,516303,56704228,112.5,112.5,108.5,109.0,-3.5,952
2024-04-16,3552,494711,51893644,107.5,107.5,103.5,105.0,-4.0,859
2024-04-17,3552,324300,34451207,105.0,107.5,105.0,106.5,1.5,849
2024-04-18,3552,130291,13932537,107.0,108.0,106.0,107.0,0.5,696
2024-04-19,3552,337613,34723856,106.0,106.0,100.5,102.0,-5.0,532
2024-04-22,3552,235832,24320786,102.0,104.5,101.5,102.0,0.0,350
2024-04-23,3552,145762,15083187,102.5,104.5,102.5,104.5,2.5,185
2024-04-24,3552,138683,14716343,107.0,107.0,105.5,106.0,1.5,195
2024-04-25,3552,145047,15092629,104.5,105.5,103.0,103.5,-2.5,204
2024-04-26,3552,224387,23290742,104.0,105.0,103.0,104.5,1.0,318
2024-04-29,3552,293807,31445585,104.5,109.5,104.5,109.5,5.0,497
2024-04-30,3552,1927670,221152129,112.0,117.0,112.0,113.5,4.0,1933
2024-05-02,3552,347781,38439300,111.5,111.5,109.5,110.5,-3.0,519
2024-05-03,3552,766483,88848361,113.0,118.5,112.5,116.5,6.0,839
2024-05-06,3552,394015,45168169,116.5,116.5,113.0,114.0,-2.5,554
2024-05-07,3552,250610,28212203,114.5,114.5,111.5,112.5,-1.5,345
2024-05-08,3552,218795,24548985,112.5,113.0,111.0,112.0,-0.5,251
2024-05-09,3552,139517,15632220,112.0,113.5,111.5,111.5,-0.5,205
2024-05-10,3552,222283,25094919,113.0,114.0,112.0,113.0,1.5,405
2024-05-13,3552,197377,21970908,112.5,113.0,110.5,110.5,-2.5,285
2024-05-14,3552,134429,14893363,110.5,111.5,110.0,110.5,0.0,189
2024-05-15,3552,322951,35612190,111.5,111.5,108.5,111.0,0.5,344
2024-05-16,3552,213456,23703688,111.0,112.0,110.0,111.0,0.0,251
2024-05-17,3552,209198,23104258,111.0,112.0,110.0,110.0,-1.0,221
2024-05-20,3552,241257,26369834,109.5,110.0,108.5,109.0,-1.0,293
2024-05-21,3552,295510,32126585,109.5,109.5,107.5,109.5,0.5,378
2024-05-22,3552,181650,20025182,109.0,111.0,109.0,110.0,0.5,256
2024-05-23,3552,166514,18181808,110.5,110.5,108.5,109.5,-0.5,239
2024-05-24,3552,290174,31989940,109.0,112.5,108.0,112.5,3.0,374
2024-05-27,3552,463532,51137181,112.5,112.5,109.5,110.5,-2.0,564
2024-05-28,3552,412701,46414241,110.5,113.5,110.5,112.5,2.0,430
2024-05-29,3552,1352900,159251470,114.5,119.5,114.5,117.0,4.5,1300
2024-05-30,3552,1211995,144396820,116.0,122.0,115.0,119.0,2.0,1289
2024-05-31,3552,2281690,263064476,118.0,119.5,114.5,114.5,-4.5,947
2024-06-03,3552,409782,47029609,114.5,116.0,114.0,115.5,1.0,420
2024-06-04,3552,228246,26134602,115.0,115.5,113.5,114.5,-1.0,362
2024-06-05,3552,212630,24213944,114.5,115.5,113.0,113.0,-1.5,259
2024-06-06,3552,340875,38028369,113.0,114.0,110.5,111.0,-2.0,407
2024-06-07,3552,309128,34578524,111.0,113.0,110.5,111.5,0.5,290
2024-06-11,3552,285062,31515829,111.5,111.5,109.5,109.5,-2.0,303
2024-06-12,3552,422797,45759788,110.0,110.5,107.0,107.0,-2.5,483
2024-06-13,3552,323886,34858223,108.0,109.0,107.0,107.0,0.0,367
2024-06-14,3552,247349,26894078,108.0,109.5,107.5,109.0,2.0,266
2024-06-17,3552,208939,22841277,109.5,110.0,108.5,109.5,0.5,246
2024-06-18,3552,171384,18804489,110.5,110.5,109.0,109.5,0.0,214
2024-06-19,3552,306508,33336012,110.5,110.5,108.0,108.0,-1.5,371
2024-06-20,3552,205847,22502974,108.0,110.5,108.0,109.5,1.5,253
2024-06-21,3552,155912,17098331,109.5,110.0,109.5,109.5,0.0,185
2024-06-24,3552,179061,19494218,109.5,110.0,108.0,108.0,-1.5,228
2024-06-25,3552,403396,42684527,107.5,108.0,105.0,106.0,-2.0,451
2024-06-26,3552,168900,17978094,105.5,107.0,105.5,106.5,0.5,201
2024-06-27,3552,294665,31382951,107.0,108.0,105.5,106.0,-0.5,279
2024-06-28,3552,194719,20585790,106.0,106.5,105.5,105.5,-0.5,218
2024-07-01,3552,244265,25641776,106.0,106.0,104.0,104.5,-1.0,352
2024-07-02,3552,145895,15151343,104.5,105.0,103.5,103.5,-1.0,266
2024-07-03,3552,393713,42279926,104.5,108.5,104.5,108.0,4.5,428
2024-07-04,3552,181219,19690164,108.5,109.0,108.0,108.5,0.5,221
2024-07-05,3552,288650,31577555,108.0,110.5,107.5,110.5,2.0,318
2024-07-08,3552,305759,33598942,111.0,111.5,108.5,109.0,-1.5,309
2024-07-09,3552,218430,23306878,109.0,109.5,106.0,106.0,-3.0,309
2024-07-10,3552,169093,18076720,106.0,108.0,105.5,107.0,1.0,196
2024-07-11,3552,207432,22411782,107.0,109.0,106.5,108.0,1.0,233
2024-07-12,3552,551907,61077571,108.0,112.0,107.5,111.5,3.5,548
2024-07-15,3552,452848,50474057,112.0,113.0,110.0,110.5,-1.0,454
2024-07-16,3552,449275,50701317,111.5,114.0,111.5,112.5,2.0,496
2024-07-17,3552,296243,33292393,112.5,113.0,112.0,112.0,-0.5,354
2024-07-18,3552,176095,19462592,111.5,111.5,109.5,111.0,-1.0,228
2024-07-19,3552,276277,30079585,110.5,110.5,108.0,108.0,-3.0,299
2024-07-22,3552,354414,36970634,109.0,109.0,103.0,103.0,-5.0,505
2024-07-23,3552,189438,19688008,104.0,105.0,103.0,104.0,1.0,263
2024-07-26,3552,269622,26819950,99.0,100.0,98.6,99.1,-2.9,394
2024-07-29,3552,624409,59730755,99.9,99.9,92.9,93.0,-6.1,862
2024-07-30,3552,286325,26327974,94.2,94.2,90.1,94.0,1.0,365
2024-07-31,3552,85148,8001498,93.1,94.6,93.0,94.1,0.1,165
2024-08-01,3552,177219,17149899,94.7,97.7,94.7,96.9,2.8,228
2024-08-02,3552,134608,12704546,95.0,96.4,93.1,93.1,-3.8,327
2024-08-05,3552,521487,43973609,90.5,90.5,83.8,83.8,-9.3,696
2024-08-06,3552,462053,36897329,85.6,85.6,75.5,80.8,-3.0,545
2024-08-07,3552,362281,31515140,82.6,88.8,82.6,88.6,7.8,406
2024-08-08,3552,140836,12245176,88.0,88.0,86.0,86.7,-1.9,541
2024-08-09,3552,145137,12911518,89.6,90.0,88.3,88.3,1.6,195
2024-08-12,3552,85642,7687658,88.3,90.5,88.3,90.0,1.7,144
2024-08-13,3552,157180,14072418,88.8,90.3,88.5,90.1,0.1,167
2024-08-14,3552,183298,16725045,90.6,92.9,90.6,90.9,0.8,464
2024-08-15,3552,133397,12156404,91.2,91.8,89.7,91.3,0.4,196
2024-08-16,3552,238146,22072343,91.9,93.4,91.8,92.7,1.4,291
2024-08-19,3552,301470,25316307,83.7,85.0,83.0,83.6,0.0,434
2024-08-20,3552,152391,12868183,83.6,85.0,83.6,84.1,0.5,197
2024-08-21,3552,248786,21002703,84.2,85.4,83.3,84.0,-0.1,286
2024-08-22,3552,331247,28496805,84.7,87.1,84.7,85.0,1.0,378
2024-08-23,3552,119662,10075677,84.1,85.2,83.6,84.8,-0.2,166
2024-08-26,3552,138210,11747071,84.8,85.7,84.1,84.1,-0.7,252
2024-08-27,3552,104260,8865460,84.3,85.7,84.2,85.4,1.3,168
2024-08-28,3552,107181,9082348,85.4,85.4,84.4,84.4,-1.0,184
2024-08-29,3552,97400,8241764,83.9,85.3,83.9,85.2,0.8,122
2024-08-30,3552,237111,20484650,84.4,87.3,84.4,86.8,1.6,251
2024-09-02,3552,139356,12023828,86.2,87.3,85.6,85.6,-1.2,153
2024-09-03,3552,82967,7102210,86.5,86.5,84.8,85.0,-0.6,124
2024-09-04,3552,337573,27500103,83.0,83.0,80.5,80.5,-4.5,459
2024-09-05,3552,280566,23539309,81.8,85.5,81.8,83.3,2.8,304
2024-09-06,3552,111045,9188992,84.0,84.0,82.1,82.7,-0.6,166
2024-09-09,3552,111767,9152118,82.6,82.7,81.1,81.8,-0.9,150
2024-09-10,3552,136320,11119686,82.4,83.0,80.0,80.7,-1.1,163
2024-09-11,3552,99977,8128674,81.0,82.3,80.6,80.9,0.2,138
2024-09-12,3552,115138,9333636,81.5,81.6,80.7,81.1,0.2,133
2024-09-13,3552,190304,15853312,81.5,84.4,81.5,83.4,2.3,251
2024-09-16,3552,84519,7083519,83.5,84.5,83.0,83.6,0.2,149
2024-09-18,3552,181534,15046339,83.1,84.0,81.9,81.9,-1.7,245
2024-09-19,3552,78497,6504172,82.0,83.9,81.1,83.8,1.9,99
2024-09-20,3552,104474,8760310,84.0,84.2,83.3,83.5,-0.3,191
2024-09-23,3552,199126,16947591,84.0,85.7,84.0,85.0,1.5,318
2024-09-24,3552,81502,6935254,86.0,86.0,84.7,84.7,-0.3,321
2024-09-25,3552,96966,8345977,85.2,86.5,85.2,85.9,1.2,182
2024-09-26,3552,115346,9826788,86.1,86.1,84.8,85.1,-0.8,162
2024-09-27,3552,201715,17463983,85.8,88.1,85.5,86.4,1.3,253
2024-09-30,3552,90043,7795894,86.2,87.3,85.4,86.8,0.4,171
2024-10-01,3552,197023,17289220,86.4,88.7,86.3,87.5,0.7,234
2024-10-04,3552,155442,13440500,87.2,87.2,85.8,86.0,-1.5,340
2024-10-07,3552,247130,21848679,87.0,89.3,87.0,88.6,2.6,434
2024-10-08,3552,181525,15669498,87.2,88.0,85.6,86.2,-2.4,2175
2024-10-09,3552,148959,12644732,87.4,87.4,84.1,84.3,-1.9,447
2024-10-11,3552,115823,9723432,84.7,85.1,83.5,83.5,-0.8,191
2024-10-14,3552,159101,13334679,83.8,85.1,82.8,83.5,0.0,373
2024-10-15,3552,116414,9901188,84.0,85.7,84.0,84.2,0.7,310
2024-10-16,3552,127028,10600740,83.8,84.0,83.1,83.1,-1.1,415
2024-10-17,3552,92520,7768249,83.2,84.9,83.1,83.5,0.4,155
2024-10-18,3552,244184,20059197,83.9,83.9,81.3,81.6,-1.9,444
2024-10-21,3552,127324,10505138,82.1,83.5,82.0,82.3,0.7,164
2024-10-22,3552,63541,5235644,82.4,83.0,82.1,82.2,-0.1,374
2024-10-23,3552,103252,8572507,82.4,83.8,82.4,82.7,0.5,162
2024-10-24,3552,116547,9597454,83.7,83.7,81.7,82.0,-0.7,241
2024-10-25,3552,1095004,97469184,82.5,90.2,82.5,90.2,8.2,968
2024-10-28,3552,7693374,750672294,95.7,99.2,94.1,99.2,9.0,5980
2024-10-29,3552,6935087,690801482,98.1,106.0,95.1,103.0,3.8,6807
2024-10-30,3552,2641542,266205220,101.0,104.0,99.1,99.7,-3.3,3971
2024-11-01,3552,1199355,116436265,97.9,98.5,95.9,95.9,-3.8,2400
2024-11-04,3552,1529366,140329095,95.6,95.6,90.1,90.1,-5.8,1761
2024-11-05,3552,1547409,144863506,90.2,96.5,90.2,92.4,2.3,1577
2024-11-06,3552,1587196,160138444,97.7,101.5,97.7,101.5,9.1,1348
2024-11-07,3552,7666908,815201782,107.0,110.5,103.5,103.5,2.0,6345
2024-11-08,3552,2308989,237923623,104.0,105.5,101.0,101.0,-2.5,2034
2024-11-11,3552,2866168,301059099,103.0,107.5,102.0,103.5,2.5,2850
2024-11-12,3552,2267107,236319930,102.0,107.0,100.5,100.5,-3.0,2354
2024-11-13,3552,1334608,132739261,99.1,101.5,98.5,98.5,-2.0,1363
2024-11-14,3552,1211231,120782953,99.1,103.0,97.4,98.5,0.0,1206
2024-11-15,3552,788873,78326143,98.1,102.0,97.8,98.7,0.2,1069
2024-11-18,3552,744264,71023184,97.8,98.4,93.7,93.7,-5.0,968
2024-11-19,3552,2215277,226226131,95.5,103.0,95.5,103.0,9.3,1495
2024-11-20,3552,8479259,907578339,105.0,110.0,103.5,105.5,2.5,7121
2024-11-21,3552,2909783,305042696,104.5,107.5,101.5,107.5,2.0,2473
2024-11-22,3552,2460972,263361930,108.5,109.0,105.0,107.0,-0.5,2318
2024-11-25,3552,1351849,143502750,107.5,109.0,104.0,104.0,-3.0,1278
2024-11-26,3552,1456930,152063167,104.5,107.5,102.0,104.0,0.0,1278
2024-11-27,3552,1180364,119741953,104.0,105.0,100.0,100.0,-4.0,1087
2024-11-28,3552,961739,94422493,99.8,100.0,96.3,98.5,-1.5,979
2024-11-29,3552,429843,42614448,98.6,100.5,97.3,100.0,1.5,503
2024-12-02,3552,438040,43571289,102.0,102.0,98.6,98.8,-1.2,481
2024-12-03,3552,295388,29492994,99.7,101.0,99.3,99.4,0.6,598
2024-12-04,3552,705499,72083355,99.6,103.5,99.6,102.5,3.1,1073
2024-12-05,3552,460670,47127176,104.0,104.5,101.0,101.5,-1.0,658
2024-12-06,3552,395823,40134678,103.0,103.5,100.0,100.0,-1.5,404
2024-12-09,3552,977402,98860437,102.0,105.0,98.2,98.4,-1.6,989
2024-12-10,3552,426524,42505447,99.3,101.5,98.5,98.5,0.1,848
2024-12-11,3552,378135,37060466,100.0,100.0,96.6,96.9,-1.6,715
2024-12-12,3552,922577,92398406,98.9,103.0,98.1,99.0,2.1,837
2024-12-13,3552,550761,53530848,99.8,99.8,96.2,96.3,-2.7,1056
2024-12-16,3552,424956,40221883,97.0,97.5,93.2,93.2,-3.1,497
2024-12-17,3552,259275,24445451,94.2,95.3,93.8,93.8,0.6,519
2024-12-18,3552,302511,28127068,93.9,93.9,92.5,93.5,-0.3,401
2024-12-19,3552,363341,33072867,90.7,92.0,90.3,91.2,-2.3,478
2024-12-20,3552,484311,45298495,93.1,95.1,92.0,92.2,1.0,495
2024-12-23,3552,229964,21494437,94.8,94.8,93.0,93.2,1.0,429
2024-12-24,3552,330330,31164201,94.3,95.6,93.1,93.2,0.0,418
2024-12-25,3552,263695,24952837,95.2,96.0,94.0,94.1,0.9,585
2024-12-26,3552,175374,16569822,95.4,95.4,94.1,94.1,0.0,216
2024-12-27,3552,246530,22829147,94.5,94.5,91.5,91.7,-2.4,425
2024-12-30,3552,147763,13412713,90.3,91.3,90.2,90.5,-1.2,460
2024-12-31,3552,388814,34507689,90.5,90.5,87.6,88.7,-1.8,538
2025-01-02,3552,194842,17317107,88.8,89.9,88.2,88.8,0.1,522
2025-01-03,3552,218556,19418071,88.8,90.9,87.5,87.5,-1.3,582
2025-01-06,3552,154979,13832364,87.8,89.8,87.8,89.5,2.0,301
2025-01-07,3552,218193,19232942,90.0,90.0,87.4,87.5,-2.0,1016
2025-01-08,3552,135966,11849401,87.5,88.0,86.5,87.1,-0.4,368
2025-01-09,3552,192798,16534128,86.9,87.6,84.5,84.6,-2.5,519
2025-01-10,3552,179027,15216477,84.6,85.9,84.4,84.5,-0.1,233
2025-01-13,3552,269191,21989734,84.2,84.3,80.9,81.5,-3.0,963
2025-01-14,3552,148637,12338938,82.9,84.5,81.9,84.5,3.0,254
2025-01-15,3552,180349,15309567,84.4,86.3,83.5,84.9,0.4,812
2025-01-16,3552,132534,11325971,86.3,87.5,84.2,84.2,-0.7,482
2025-01-17,3552,107367,9061625,84.7,85.0,83.6,83.6,-0.6,333
2025-01-20,3552,117860,9980701,84.5,85.4,83.9,85.1,1.5,333
2025-01-21,3552,85312,7220596,85.2,85.8,84.2,84.9,-0.2,278
2025-01-22,3552,226082,19187071,85.4,85.4,84.1,84.7,-0.2,329
2025-02-03,3552,137024,11369513,82.8,83.9,82.0,83.9,-0.8,298
2025-02-04,3552,119686,10103229,83.9,85.4,83.7,84.9,1.0,236
2025-02-05,3552,85589,7341487,85.4,86.3,85.3,86.0,1.1,267
2025-02-06,3552,67322,5796348,86.0,86.8,85.6,86.2,0.2,208
2025-02-07,3552,186237,16286965,86.2,88.3,86.2,87.9,1.7,324
2025-02-10,3552,74993,6574504,88.0,88.2,86.8,87.8,-0.1,421
2025-02-11,3552,164716,14569044,87.8,89.1,87.7,88.3,0.5,472
2025-02-12,3552,128002,11266376,88.2,89.2,87.2,87.2,-1.1,511
2025-02-13,3552,154955,13754220,87.8,89.2,87.8,88.7,1.5,329
2025-02-14,3552,116157,10343262,89.6,89.6,88.5,89.3,0.6,435
2025-02-17,3552,274471,24792932,89.3,91.1,89.1,90.8,1.5,1119
2025-02-18,3552,111169,10063747,91.1,91.1,90.1,90.6,-0.2,777
2025-02-19,3552,188619,17233268,90.9,92.3,90.6,90.7,0.1,631
2025-02-20,3552,98401,8869930,91.7,91.7,89.6,90.2,-0.5,417
2025-02-21,3552,87213,7892220,90.2,91.0,89.7,91.0,0.8,479
2025-02-24,3552,165723,14954114,90.9,91.2,89.9,90.0,-1.0,599
2025-02-25,3552,86315,7697365,90.0,90.0,88.5,89.0,-1.0,612
2025-02-26,3552,61794,5513998,88.8,89.7,88.8,89.0,0.0,266
2025-02-27,3552,91761,8150786,89.1,90.0,88.2,88.3,-0.7,432
2025-03-03,3552,108963,9479821,89.0,89.2,86.3,86.5,-1.8,328
2025-03-04,3552,71792,6209808,85.8,87.5,84.8,86.9,0.4,242
2025-03-05,3552,42529,3730788,87.9,88.0,87.0,88.0,1.1,220
2025-03-06,3552,63840,5611003,88.6,88.6,87.4,87.4,-0.6,193
2025-03-07,3552,49605,4321358,87.8,88.2,86.7,86.9,-0.5,210
2025-03-10,3552,63276,5443588,86.9,87.4,85.6,85.8,-1.1,299
2025-03-11,3552,165702,13759218,85.1,85.1,81.7,84.1,-1.7,338
2025-03-12,3552,136589,11496488,84.8,84.9,82.9,84.3,0.2,252
2025-03-13,3552,161923,13659330,84.5,86.1,82.7,82.8,-1.5,287
2025-03-14,3552,206201,16783461,81.1,82.2,80.7,82.2,-0.6,392
2025-03-17,3552,119636,9755387,82.2,82.3,81.0,81.2,-1.0,323
2025-03-18,3552,90031,7328955,82.0,82.0,81.0,81.4,0.2,206
2025-03-19,3552,196953,16121572,81.5,83.6,80.8,81.5,0.1,345
2025-03-20,3552,146522,12098625,81.7,83.3,81.7,82.9,1.4,353
2025-03-21,3552,59293,4875214,83.2,83.2,81.8,81.8,-1.1,223
2025-03-24,3552,84994,6911917,82.0,82.0,80.9,80.9,-0.9,346
2025-03-25,3552,232936,19053671,82.0,83.2,80.0,83.0,2.1,390
2025-03-26,3552,226444,18853725,83.7,84.9,81.8,81.9,-1.1,394
2025-03-27,3552,79528,6433612,81.0,81.6,80.6,80.7,-1.2,187
2025-03-28,3552,347235,26992823,80.7,81.0,76.0,76.0,-4.7,566
2025-03-31,3552,384063,27312441,73.0,73.6,69.6,70.3,-5.7,604
2025-04-01,3552,189226,13894932,71.0,75.0,71.0,75.0,4.7,332
2025-04-02,3552,129813,9545076,75.5,75.5,72.8,73.8,-1.2,232
2025-04-07,3552,54412,3618342,66.5,66.5,66.5,66.5,-7.3,207
2025-04-08,3552,278391,16688991,59.9,60.9,59.9,59.9,-6.6,425
2025-04-09,3552,572859,31139431,54.3,56.0,54.0,54.0,-5.9,629
2025-04-10,3552,266419,15753601,58.3,59.4,58.3,59.4,5.4,325
2025-04-11,3552,429100,24975301,59.4,59.6,55.8,58.9,-0.5,493
2025-04-14,3552,379355,23130439,60.0,63.0,59.9,61.1,2.2,663
2025-04-15,3552,299748,19090643,63.1,64.2,62.8,64.2,3.1,883
2025-04-16,3552,266534,16816287,64.0,64.5,62.2,62.5,-1.7,598
2025-04-17,3552,132759,8260170,61.1,63.4,60.8,63.0,0.5,342
2025-04-18,3552,96171,6059403,63.2,63.6,62.6,62.8,-0.2,454
2025-04-21,3552,226395,14312323,66.8,66.8,61.7,61.7,-1.1,1048
2025-04-22,3552,86508,5273274,61.8,61.8,60.2,60.4,-1.3,687
2025-04-23,3552,108834,6866522,64.0,64.0,62.4,63.4,3.0,514
2025-04-24,3552,56754,3603011,65.0,65.0,63.0,63.3,-0.1,978
2025-04-25,3552,147312,9504762,65.2,65.5,63.7,63.9,0.6,516
2025-04-28,3552,169518,11021751,64.9,65.4,64.7,65.2,1.3,535
2025-04-29,3552,102354,6786514,65.3,67.0,65.3,66.9,1.7,173
2025-04-30,3552,95519,6409487,67.3,67.9,66.2,66.5,-0.4,485
2025-05-02,3552,129015,8775957,67.8,68.3,67.5,68.2,1.7,244
2025-05-05,3552,166388,11071430,68.8,68.8,65.1,65.8,-2.4,321
2025-05-06,3552,65520,4364514,65.8,67.4,65.8,67.0,1.2,108
2025-05-07,3552,41293,2780127,67.8,67.9,66.7,67.5,0.5,86
2025-05-08,3552,41833,2847384,68.2,68.8,67.4,67.4,-0.1,131
2025-05-09,3552,38300,2588344,68.0,68.1,67.2,67.4,0.0,252
2025-05-12,3552,108010,7444209,68.0,69.6,68.0,69.3,1.9,199
2025-05-13,3552,92310,6474773,70.3,70.8,69.2,69.2,-0.1,347
2025-05-14,3552,67683,4695388,69.2,70.0,69.1,69.4,0.2,176
2025-05-15,3552,145178,9944828,69.6,69.6,67.8,68.1,-1.3,631
2025-05-16,3552,111961,7602253,68.2,68.6,67.3,68.0,-0.1,288
2025-05-19,3552,127007,8441541,67.3,67.4,66.0,66.0,-2.0,188
2025-05-20,3552,100086,6508972,66.6,66.7,64.3,64.6,-1.4,217
2025-05-21,3552,112877,7536759,65.9,67.3,65.9,67.1,2.5,166
2025-05-22,3552,59250,3928212,66.4,67.5,66.0,66.1,-1.0,86
2025-05-23,3552,60350,4009245,66.1,67.3,66.0,66.0,-0.1,92
2025-05-26,3552,54740,3592442,65.0,66.2,65.0,65.2,-0.8,133
2025-05-27,3552,74898,4874751,65.1,66.8,64.2,64.2,-1.0,163
2025-05-28,3552,43680,2812711,65.0,65.5,63.8,63.8,-0.4,86
2025-05-29,3552,40807,2593182,65.1,65.1,63.3,63.5,-0.3,120
2025-06-02,3552,75045,4650045,63.5,63.5,61.0,61.5,-2.0,188
2025-06-03,3552,66799,4066764,61.5,61.7,60.2,60.4,-1.1,151
2025-06-04,3552,84025,5145842,61.7,61.7,60.7,61.5,1.1,93
2025-06-05,3552,63483,3892909,61.5,61.9,61.0,61.1,-0.4,138
2025-06-06,3552,80467,4870488,61.1,61.1,60.3,60.3,-0.8,185
2025-06-09,3552,91191,5430493,60.5,60.5,59.1,59.2,-1.1,207
2025-06-10,3552,168938,10165559,60.5,60.7,58.3,60.2,1.0,185
2025-06-11,3552,131432,7954073,60.4,61.3,59.7,60.3,0.1,231
2025-06-12,3552,77036,4685780,60.5,61.1,60.5,60.6,0.3,113
2025-06-13,3552,137447,8207700,60.6,60.8,59.2,59.2,-1.4,349
2025-06-16,3552,89158,5158877,58.1,58.6,57.2,58.2,-1.0,201
2025-06-17,3552,126776,7551301,59.5,60.4,58.6,59.1,0.9,165
2025-06-18,3552,84843,4990540,58.8,59.5,58.5,58.7,-0.4,120
2025-06-19,3552,114670,6595563,58.5,58.6,57.0,57.3,-1.4,157
2025-06-20,3552,104812,5908851,58.1,58.1,55.7,56.2,-1.1,211
2025-06-23,3552,85677,4667458,55.2,55.3,53.4,54.9,-1.3,174
2025-06-24,3552,141058,8046744,56.2,57.7,56.2,57.7,2.8,179
2025-06-25,3552,87124,5024528,58.3,58.3,57.0,57.6,-0.1,232
2025-06-26,3552,131215,7678944,58.4,59.1,57.6,58.0,0.4,205
2025-06-27,3552,67023,3878266,58.2,58.2,57.5,57.5,-0.5,168
2025-06-30,3552,79066,4482469,57.1,57.5,56.4,56.5,-1.0,137
2025-07-01,3552,36523,2079288,56.5,57.3,56.5,56.7,0.2,80
2025-07-02,3552,38176,2162924,56.6,57.1,56.4,56.7,0.0,59
2025-07-03,3552,121855,6998248,56.9,57.8,56.9,57.4,0.7,144
2025-07-04,3552,76785,4342345,57.5,57.5,56.1,56.1,-1.3,157
2025-07-07,3552,78354,4364364,56.1,57.1,54.5,56.5,0.4,127
2025-07-08,3552,67429,3736064,56.1,56.1,55.1,55.3,-1.2,170
2025-07-09,3552,85905,4717913,55.1,55.6,53.6,55.4,0.1,129
2025-07-10,3552,80805,4413167,55.4,55.4,54.3,54.5,-0.9,169
2025-07-11,3552,504962,29574234,54.6,59.9,54.5,59.9,5.4,483
2025-07-14,3552,1127852,67795976,61.0,62.0,57.7,57.7,-2.2,1146
2025-07-15,3552,258122,15200536,58.3,59.6,58.0,59.1,1.4,299
2025-07-16,3552,169655,10119525,59.1,60.5,59.1,59.2,0.1,295
2025-07-17,3552,260756,15866165,59.9,61.5,59.7,61.5,2.3,435
2025-07-18,3552,212460,12934012,61.7,61.7,60.5,60.6,-0.9,481
2025-07-21,3552,129462,7816791,60.0,60.7,60.0,60.2,0.0,161
2025-07-22,3552,208720,12337529,60.3,60.5,58.0,58.0,-2.2,561
2025-07-23,3552,151899,9059944,58.1,60.3,58.1,59.9,1.9,139
2025-07-24,3552,105986,6341575,60.7,60.7,58.8,60.5,0.6,190
2025-07-25,3552,64425,3860325,60.5,60.5,59.4,59.6,-0.9,174
2025-07-28,3552,58850,3492797,59.3,59.8,58.9,59.4,-0.2,124
2025-07-29,3552,95102,5623043,59.5,60.4,58.7,58.7,-0.7,182
2025-07-30,3552,71078,4153921,59.0,59.0,58.0,58.5,-0.2,113
2025-07-31,3552,106662,6137298,58.5,58.5,57.1,57.3,-1.2,174
2025-08-01,3552,98790,5674291,56.0,57.9,56.0,57.6,0.3,124
2025-08-04,3552,92494,5343339,56.1,58.2,56.1,57.8,0.2,141
2025-08-05,3552,672306,41955133,58.0,63.5,58.0,63.5,5.7,1150
2025-08-06,3552,2783488,187234603,65.0,69.0,65.0,68.2,4.7,2853
2025-08-07,3552,621240,41407298,68.2,68.2,66.0,66.6,-1.6,1099
2025-08-08,3552,288041,18979258,66.0,67.1,65.1,65.7,-0.9,374
2025-08-11,3552,421265,28067812,65.7,68.4,64.5,66.8,1.1,442
2025-08-12,3552,349005,23418230,66.8,67.8,65.9,67.5,0.7,499
2025-08-13,3552,287361,19248837,68.0,68.2,65.8,66.6,-0.9,399
2025-08-14,3552,499455,34139215,66.4,69.9,66.4,69.7,3.1,613
2025-08-15,3552,1066396,76359964,69.3,72.9,68.7,71.9,2.2,1280
2025-08-18,3552,387905,27543255,71.9,72.2,70.6,71.0,-0.9,1119
2025-08-19,3552,285628,19818566,71.9,71.9,68.8,68.8,-2.2,507
2025-08-20,3552,261309,17547062,67.7,68.5,66.7,67.0,-1.8,340
2025-08-21,3552,139804,9466101,67.9,68.8,67.3,67.3,0.3,249
2025-08-22,3552,171572,10995288,64.7,64.7,63.5,64.3,0.0,239
2025-08-25,3552,111229,7199930,64.8,66.0,64.0,64.0,-0.3,175
2025-08-26,3552,203998,13374269,64.1,67.5,64.0,65.0,1.0,418
2025-08-27,3552,146309,9597237,66.1,66.1,65.0,65.7,0.7,195
2025-08-28,3552,188676,12467502,65.7,66.7,65.1,66.3,0.6,346
2025-08-29,3552,192828,12926245,66.3,67.9,66.3,67.7,1.4,231
2025-09-01,3552,252205,16814586,67.3,68.3,65.4,66.4,-1.3,295
2025-09-02,3552,89354,5851262,66.3,66.8,64.8,64.9,-1.5,296
2025-09-03,3552,177012,11649522,64.5,66.9,64.5,65.5,0.6,330
2025-09-04,3552,740406,51021138,66.1,70.9,66.1,67.4,1.9,1223
2025-09-05,3552,228322,15143281,68.4,68.4,65.6,66.2,-1.2,639
2025-09-08,3552,106062,6966591,66.1,66.1,65.2,65.5,-0.7,354
2025-09-09,3552,157441,10215537,66.8,67.0,64.5,64.6,-0.9,334
2025-09-10,3552,203911,13071350,64.6,64.9,63.3,64.1,-0.5,211
2025-09-11,3552,279100,17640249,64.4,65.7,61.8,62.0,-2.1,608
2025-09-12,3552,150785,9607551,63.9,64.4,63.0,64.0,2.0,283
2025-09-15,3552,58739,3751857,64.0,64.8,63.4,63.8,-0.2,216
2025-09-16,3552,307802,20373338,63.9,67.0,63.9,67.0,3.2,569
2025-09-17,3552,615686,42646808,67.8,70.8,67.5,69.0,2.0,1187
2025-09-18,3552,279377,19344125,70.0,70.5,67.9,69.7,0.7,590
2025-09-19,3552,289762,20137368,70.1,70.2,68.8,69.4,-0.3,623
2025-09-22,3552,779979,56213804,70.5,73.5,70.0,71.5,2.1,1127
2025-09-23,3552,319666,22085666,71.5,71.5,68.2,68.5,-3.0,899
2025-09-24,3552,129395,8743850,68.5,68.5,67.0,67.5,-1.0,316
2025-09-25,3552,117300,7977129,67.4,68.7,67.3,67.5,0.0,132
2025-09-26,3552,142408,9381567,68.0,68.0,65.0,65.8,-1.7,199
2025-09-30,3552,80517,5330259,65.7,67.1,65.5,67.1,1.3,112
2025-10-01,3552,62960,4175223,67.3,67.3,65.7,66.1,-1.0,128
2025-10-02,3552,72539,4749063,66.1,66.2,65.0,65.1,-1.0,149
2025-10-03,3552,78642,5147966,65.1,66.2,64.8,65.6,0.5,128
2025-10-07,3552,105053,6904853,65.6,66.5,64.9,65.7,0.1,274
2025-10-08,3552,91314,6016041,65.5,66.8,65.0,66.7,1.0,339
2025-10-09,3552,116921,7781481,66.7,67.9,65.5,66.5,-0.2,366
2025-10-13,3552,186878,11815711,64.0,64.1,62.5,63.6,-2.9,324
2025-10-14,3552,236556,15099277,63.8,65.9,61.6,62.2,-1.4,315
2025-10-15,3552,199654,12562878,62.2,63.7,62.2,63.2,1.0,222
2025-10-16,3552,80730,5117017,63.8,64.3,62.8,63.3,0.1,174
2025-10-17,3552,58409,3693302,63.1,63.6,63.0,63.2,-0.1,155
2025-10-20,3552,182039,11381010,62.8,62.9,62.1,62.5,-0.7,255
2025-10-21,3552,180670,11592212,62.6,64.8,62.6,64.8,2.3,233
2025-10-22,3552,597223,40649751,64.8,69.6,64.8,68.5,3.7,1507
2025-10-23,3552,218753,14890911,68.5,69.3,67.3,67.8,-0.7,1375
2025-10-27,3552,182230,12214656,68.6,68.6,66.4,66.8,-1.0,850
2025-10-28,3552,133575,8867065,67.7,67.7,65.8,65.8,-1.0,471
2025-10-29,3552,183007,12201918,66.1,68.0,65.4,68.0,2.2,324
2025-10-30,3552,691915,47636361,68.7,71.1,67.2,68.3,0.3,1028
2025-10-31,3552,1294457,92647900,68.3,73.6,68.3,73.1,4.8,1851
2025-11-03,3552,1528833,114882893,73.3,77.9,73.0,74.5,1.4,5705
2025-11-04,3552,1451580,111316304,74.5,78.8,74.5,76.5,2.0,2835
2025-11-05,3552,851271,64054849,75.2,77.3,74.1,75.3,-1.2,2951
2025-11-06,3552,1041372,78105279,74.8,77.0,72.6,73.5,-1.8,2139
2025-11-07,3552,622855,43955934,72.2,72.8,69.2,70.4,-3.1,1458
2025-11-10,3552,310420,21751809,70.8,71.8,69.1,70.2,-0.2,1015
2025-11-11,3552,455207,33003196,71.2,73.2,71.2,72.5,2.3,592
2025-11-12,3552,345140,24841584,73.3,73.5,71.1,71.1,-1.4,1434
2025-11-13,3552,471493,33566368,72.2,72.6,69.7,70.4,-0.7,655
2025-11-14,3552,185526,12991935,68.9,70.9,68.8,70.0,-0.4,373
2025-11-17,3552,296588,20352402,69.9,70.2,67.6,68.3,-1.7,407
2025-11-18,3552,319770,21229327,67.8,67.8,65.5,65.5,-2.8,542
2025-11-19,3552,227262,14658423,65.4,66.7,63.8,64.0,-1.5,528
2025-11-20,3552,123806,8082405,65.0,66.2,64.6,64.9,0.9,182
2025-11-21,3552,264013,16760604,64.0,64.9,62.7,63.2,-1.7,482
2025-11-24,3552,165895,10460962,63.2,64.4,62.6,62.6,-0.6,237
2025-11-25,3552,123620,7859776,63.0,64.4,63.0,63.6,1.0,160
2025-11-26,3552,145364,9384215,63.5,65.3,63.5,64.5,0.9,224
2025-11-27,3552,62139,4019144,65.0,65.5,64.3,64.5,0.0,126
2025-11-28,3552,108664,7020211,64.4,65.9,63.9,64.8,0.3,192
2025-12-01,3552,231911,14751426,64.8,64.8,63.0,63.4,-1.4,282
2025-12-02,3552,113924,7317289,63.4,64.9,63.2,64.8,1.4,186
2025-12-03,3552,197585,13004415,65.8,66.4,65.1,65.6,0.8,246
2025-12-04,3552,76956,5003850,65.7,65.9,64.7,64.7,-0.9,364
2025-12-05,3552,102702,6579723,64.7,65.2,63.6,63.6,-1.1,293
2025-12-08,3552,84439,5466161,63.5,65.2,63.5,64.7,1.1,163
2025-12-09,3552,61703,3957490,64.6,64.6,63.9,64.4,-0.3,181
2025-12-10,3552,234382,15429265,64.3,66.5,64.3,66.4,2.0,269
2025-12-11,3552,199327,13065053,66.8,67.2,64.5,64.6,-1.8,283
2025-12-12,3552,111475,7247907,65.0,65.9,64.6,65.0,0.4,160
2025-12-15,3552,431643,28573709,65.0,67.9,65.0,65.2,0.2,430
2025-12-16,3552,185353,11901309,65.7,66.1,63.1,63.7,-1.5,298
2025-12-17,3552,170467,11011262,65.0,65.8,63.7,63.8,0.1,177
2025-12-18,3552,117854,7460406,64.5,64.5,62.5,63.3,-0.5,161
2025-12-19,3552,70242,4475084,64.0,64.2,63.2,63.7,0.4,108
2025-12-22,3552,143576,9153274,64.3,64.3,63.4,64.0,0.3,203
2025-12-23,3552,188636,11906816,63.8,63.8,62.8,62.9,-1.1,257
2025-12-24,3552,85816,5412154,63.3,63.3,62.8,63.3,0.4,120
2025-12-26,3552,255506,15937754,63.0,63.1,61.8,63.0,-0.3,349
2025-12-29,3552,317143,20417812,63.0,65.7,63.0,64.1,1.1,353
2025-12-30,3552,227000,14348899,64.4,64.4,62.9,63.2,-0.9,504
2025-12-31,3552,115348,7357322,64.0,64.3,63.2,63.5,0.3,156
2026-01-02,3552,172464,10895331,63.5,63.5,62.8,62.8,-0.7,358
2026-01-05,3552,337113,20538184,62.8,62.9,60.2,60.4,-2.4,529
2026-01-06,3552,120221,7294032,60.0,61.0,60.0,60.9,0.5,199
2026-01-07,3552,127517,7889334,61.0,62.2,61.0,62.1,1.2,239
2026-01-08,3552,91102,5612602,62.2,62.6,61.0,61.0,-1.1,359
2026-01-09,3552,233250,14079479,61.0,61.7,59.9,60.4,-0.6,283
2026-01-12,3552,133652,8075737,60.1,60.8,60.1,60.4,0.0,239
2026-01-13,3552,197375,11842096,60.9,60.9,59.6,59.8,-0.6,462
2026-01-14,3552,212673,12969982,60.0,61.3,60.0,61.3,1.5,271
2026-01-15,3552,119528,7241193,61.6,61.6,60.3,60.5,-0.8,623
2026-01-16,3552,304268,18849511,60.2,62.5,60.2,62.0,1.5,434
2026-01-19,3552,208617,13081135,62.8,63.5,61.9,62.4,0.4,483
2026-01-20,3552,1053896,67932219,62.7,66.0,61.6,63.5,1.1,952
2026-01-21,3552,282091,17390313,63.0,63.0,60.8,60.8,-2.7,800
2026-01-22,3552,184095,11172907,60.9,61.5,60.2,60.8,0.0,312
2026-01-23,3552,230836,13955008,61.1,61.1,60.0,60.3,-0.5,314
2026-01-26,3552,122304,7404401,60.4,60.9,60.1,60.4,0.1,275
2026-01-27,3552,345364,20670649,60.6,60.7,59.2,59.2,-1.2,629
2026-01-28,3552,312970,18373884,59.5,59.9,58.4,58.5,-0.7,566
2026-01-29,3552,423709,24209063,58.5,58.5,56.8,57.1,-1.4,519
2026-01-30,3552,256637,14307024,56.9,56.9,55.3,56.4,-0.7,422
2026-02-02,3552,293765,15950257,56.2,56.2,53.7,53.9,-2.5,521
2026-02-03,3552,236343,12674147,54.3,54.6,53.1,53.7,-0.2,344
2026-02-04,3552,214771,11564366,53.7,54.4,53.5,54.3,0.6,339
2026-02-05,3552,226696,12164836,54.6,54.6,53.3,53.3,-1.0,426
2026-02-06,3552,247435,12801273,52.8,52.8,50.9,51.8,-1.5,355
2026-02-09,3552,200215,10277350,52.5,52.5,51.0,51.5,-0.3,328
2026-02-10,3552,175294,9078678,51.5,52.2,51.3,52.2,0.7,285
2026-02-11,3552,120675,6278807,52.0,52.4,51.7,51.9,-0.3,281
2026-02-23,3552,174644,9089630,51.9,52.6,51.2,52.4,0.5,316
2026-02-24,3552,217373,11425712,52.7,52.9,52.3,52.8,0.4,331
2026-02-25,3552,259401,13578452,53.4,53.4,51.9,52.0,-0.8,400
2026-02-26,3552,205032,10582249,51.9,52.0,51.2,51.6,-0.4,400
2026-03-02,3552,222274,11289926,50.9,51.3,50.2,50.9,-0.7,479
2026-03-03,3552,295107,14790686,51.0,51.5,49.6,49.8,-1.1,615
2026-03-04,3552,379934,17969750,49.0,49.0,46.4,46.8,-3.0,636
2026-03-05,3552,216444,10510755,47.45,48.95,47.45,48.65,1.85,352
2026-03-06,3552,94323,4595614,48.6,49.2,47.95,48.8,0.15,270
2026-03-09,3552,256976,11951997,47.3,47.3,45.65,46.8,-2.0,571
2026-03-10,3552,113509,5400438,49.5,49.5,47.0,47.5,0.7,300
2026-03-11,3552,154298,7558921,48.0,49.4,48.0,49.1,1.6,302
2026-03-12,3552,145168,7179625,49.1,50.0,48.6,50.0,0.9,371
2026-03-13,3552,94287,4610614,48.35,49.4,48.35,48.7,-1.3,328
2026-03-16,3552,125530,6043388,48.7,48.7,47.8,48.25,-0.45,367
2026-03-17,3552,137537,6656714,48.25,48.7,48.1,48.4,0.15,376
2026-03-18,3552,252109,12057178,49.0,49.0,47.4,47.7,-0.7,575
2026-03-19,3552,248935,11597860,47.7,47.7,46.0,46.05,-1.65,521
2026-03-20,3552,262134,11973027,46.05,46.3,45.1,45.65,-0.4,410
2026-03-23,3552,232268,10604603,45.1,46.1,44.5,45.95,0.3,402
2026-03-24,3552,109681,4997417,46.05,46.45,45.05,45.55,-0.4,270
2026-03-25,3552,129308,5909745,45.7,46.3,45.15,45.95,0.4,260
2026-03-26,3552,193993,9083134,45.6,47.75,45.6,46.85,0.9,317
2026-03-27,3552,162670,7649709,47.0,47.8,46.0,47.8,0.95,338
2026-03-30,3552,668931,34474257,47.8,52.5,47.5,52.5,4.7,648
2026-03-31,3552,1969354,110164710,52.5,57.7,52.3,57.7,5.2,1681
2026-04-01,3552,5875031,354511337,58.8,63.3,58.1,59.6,1.9,8328
2026-04-02,3552,1322500,74691367,58.8,59.4,54.9,55.4,-4.2,2011
2026-04-07,3552,503212,27413703,56.0,56.4,52.8,53.7,-1.7,1202
2026-04-08,3552,461324,25068515,54.9,55.6,53.6,53.8,0.1,1553
2026-04-09,3552,282242,14972518,54.3,54.5,52.4,52.9,-0.9,1637
2026-04-10,3552,1169313,67277156,54.4,58.1,53.9,57.0,4.1,979
2026-04-13,3552,976684,53072772,56.7,56.7,53.0,53.8,-3.2,3605
2026-04-14,3552,513201,28158676,54.5,55.4,54.0,55.2,1.4,690
2026-04-15,3552,346425,18952984,55.6,55.8,54.1,54.1,-1.1,900
2026-04-16,3552,340874,18709915,54.6,56.0,54.0,54.1,0.0,1458
2026-04-17,3552,951650,54278299,54.6,59.5,54.0,59.5,5.4,1139
2026-04-20,3552,2161238,137165649,59.8,65.0,59.3,63.0,3.5,4028
2026-04-21,3552,834831,51651846,63.7,63.7,60.6,61.2,-1.8,2779
2026-04-22,3552,741713,46376723,62.0,64.3,61.0,61.2,0.0,2386
2026-04-23,3552,842495,50418114,62.4,62.4,56.0,60.2,-1.0,1446
2026-04-24,3552,528643,30560501,61.7,61.7,56.2,57.2,-3.0,797
2026-04-27,3552,377923,20910183,57.4,57.4,54.5,55.2,-2.0,463
2026-04-28,3552,210363,11527828,54.7,55.5,54.1,54.5,-0.7,274
2026-04-29,3552,196488,10673925,54.5,54.9,54.0,54.2,-0.3,249
2026-04-30,3552,211305,11617831,54.4,55.8,54.4,54.8,0.6,283
2026-05-04,3552,293571,16039480,55.2,56.0,54.0,54.1,-0.7,422
2026-05-05,3552,286070,15799480,54.7,56.0,54.7,55.1,1.0,456
2026-05-06,3552,306600,16636378,55.5,55.5,53.8,53.9,-1.2,459
2026-05-07,3552,273897,14988862,54.3,55.4,53.8,55.1,1.2,381
2026-05-08,3552,530989,29729634,55.8,58.0,54.5,54.6,-0.5,1076
2026-05-11,3552,245218,13402528,53.8,55.4,53.8,55.0,0.4,286
2026-05-12,3552,342181,18984157,55.8,56.4,54.4,56.4,1.4,360
2026-05-13,3552,282075,15617381,56.4,56.4,54.8,55.2,-1.2,302
2026-05-14,3552,216157,12011375,55.7,56.9,55.1,55.5,0.3,347
2026-05-15,3552,524105,28557133,55.5,56.6,53.0,53.0,-2.5,634
2026-05-18,3552,272776,14195150,52.0,52.5,51.6,52.0,-1.0,290
2026-05-19,3552,192236,9958697,52.9,52.9,51.3,51.7,-0.3,262
2026-05-20,3552,128470,6645210,51.4,52.8,51.2,51.6,-0.1,214
2026-05-21,3552,232915,12322759,53.4,53.4,52.3,52.9,1.3,271
2026-05-22,3552,181488,9618857,53.2,53.3,52.6,53.3,0.4,266
2026-05-25,3552,363564,19416689,53.5,54.1,53.0,53.1,-0.2,423
2026-05-26,3552,229741,12131975,53.3,53.9,52.4,52.7,-0.4,341
2026-05-27,3552,370535,19353374,53.5,54.1,51.6,51.8,-0.9,627
2026-05-28,3552,1362748,75380618,52.6,56.7,52.6,56.0,4.2,1283
2026-05-29,3552,670883,37394391,57.6,57.6,54.9,55.5,-0.5,752
2026-06-01,3552,511737,27770913,56.4,56.4,53.3,54.5,-1.0,628
2026-06-02,3552,278478,14982050,54.2,54.2,53.5,53.8,-0.7,320
2026-06-03,3552,521949,28605727,54.1,55.7,53.9,55.6,1.8,596
2026-06-04,3552,281569,15474243,55.4,55.7,54.5,54.8,-0.8,518
2026-06-05,3552,166173,9009370,55.2,55.3,53.7,54.0,-0.8,248
2026-06-08,3552,539614,26323748,48.6,49.25,48.6,48.85,-5.15,658
2026-06-09,3552,254249,12610131,49.4,50.1,49.05,50.0,1.15,371
2026-06-10,3552,204252,10054428,49.0,50.2,48.6,48.65,-1.35,325
2026-06-11,3552,200721,9670046,48.75,49.0,47.5,48.6,-0.05,289
2026-06-12,3552,153359,7589073,49.1,50.0,49.1,49.6,1.0,221
2026-06-15,3552,230428,11460497,50.0,50.1,49.45,49.5,-0.1,276
2026-06-16,3552,116930,5816876,49.7,50.0,49.2,49.95,0.45,186
2026-06-17,3552,82797,4131672,49.9,50.3,49.55,50.3,0.35,171
2026-06-18,3552,199478,10277507,50.5,52.8,50.5,52.0,1.7,323
2026-06-22,3552,247507,12885268,53.5,53.5,51.5,51.8,-0.2,535
2026-06-23,3552,238476,12046866,52.0,52.0,50.2,50.3,-1.5,332
2026-06-24,3552,127569,6470679,50.3,51.7,49.95,50.3,0.0,207
2026-06-25,3552,183899,9239066,51.4,51.4,49.8,49.8,-0.5,226
2026-06-26,3552,370723,17950410,49.8,49.9,47.55,47.6,-2.2,503
2026-06-29,3552,98356,4723630,47.95,48.5,47.65,48.0,0.4,165
2026-06-30,3552,329209,15707729,48.85,48.85,47.45,47.7,-0.3,415
2026-07-01,3552,128648,6143675,48.05,48.05,47.5,47.65,-0.05,198
2026-07-02,3552,130949,6238013,47.55,47.9,47.25,47.7,0.05,315
2026-07-03,3552,289496,14052247,47.7,48.95,47.7,48.7,1.0,326
2026-07-06,3552,250216,12452890,49.25,50.8,49.05,49.05,0.35,301
2026-07-07,3552,281904,13526412,49.4,49.4,47.25,47.5,-1.55,513
2026-07-08,3552,96024,4555911,47.6,47.65,47.15,47.5,0.0,135
2026-07-09,3552,93166,4438828,47.55,48.1,47.4,47.5,0.0,119
2026-07-13,3552,172390,8110015,48.5,48.55,46.75,46.75,-0.75,552
2026-07-14,3552,302183,13724181,46.75,46.75,44.8,45.75,-1.0,419
2026-07-15,3552,75970,3505797,46.0,46.8,45.55,46.5,0.75,119
2026-07-16,3552,59252,2737668,46.5,46.7,45.8,46.0,-0.5,109
2026-07-17,3552,257875,11591615,45.95,45.95,44.65,44.65,-1.35,329
2026-07-20,3552,122356,5468895,45.05,45.5,44.0,45.05,0.4,202
2026-07-21,3552,57554,2629748,45.0,46.0,45.0,45.5,0.45,125
2026-07-22,3552,80349,3717636,47.55,47.55,46.0,46.15,0.65,119
2026-07-23,3552,84468,3895708,46.05,46.3,45.85,46.2,0.05,126
2026-07-24,3552,268287,12667866,47.0,48.15,46.1,47.8,1.6,346
2026-07-27,3552,107277,5003263,47.3,47.6,46.0,46.5,0.0,201
2026-07-28,3552,77947,3548985,45.0,46.7,45.0,45.6,-0.9,216
2026-07-29,3552,354724,15603111,45.1,45.15,42.4,44.2,-1.4,531
2026-07-30,3552,222790,9781479,42.55,45.35,42.55,44.5,0.3,233
2026-07-31,3552,91948,4158145,45.8,46.2,44.8,44.8,0.3,119
2026-08-03,3552,147549,6765121,44.7,47.2,44.5,46.3,1.5,176
2026-08-04,3552,83943,3859482,46.3,46.5,45.45,45.7,-0.6,208
2026-08-05,3552,144241,6587562,45.7,46.35,45.0,45.35,-0.35,226
2026-08-06,3552,100644,4520047,45.55,45.55,44.35,45.0,-0.35,365
2026-08-07,3552,145462,6460167,45.05,45.05,44.15,44.2,-0.8,225
2026-08-10,3552,59021,2638965,44.5,45.2,44.3,44.8,0.6,108
2026-08-11,3552,55753,2469724,44.75,44.75,44.1,44.35,-0.45,107
2026-08-12,3552,76477,3414965,45.0,45.0,44.5,44.8,0.45,123
2026-08-13,3552,125816,5720418,45.2,45.7,44.9,45.5,0.7,167
2026-08-14,3552,72767,3269732,45.5,45.5,44.35,45.0,-0.5,214
2026-08-17,3552,114583,5113909,45.7,45.7,44.5,44.7,-0.3,183
2026-08-18,3552,67932,3041395,45.5,45.5,44.4,44.8,0.1,160
2026-08-19,3552,226449,10381340,45.1,46.5,44.7,45.75,0.95,290
2026-08-20,3552,80598,3676443,46.1,46.1,45.3,46.0,0.25,180
2026-08-21,3552,54031,2462012,46.9,46.9,45.25,45.7,-0.3,237
2026-08-24,3552,35529,1614699,46.5,46.5,45.3,45.3,-0.4,154
2026-08-25,3552,125431,5587240,45.5,45.5,44.2,44.9,-0.4,175
2026-08-26,3552,99439,4440008,45.05,45.05,44.1,44.85,-0.05,175
2026-08-27,3552,241431,10757984,45.25,45.3,44.3,44.5,-0.35,271
2026-08-28,3552,300863,13308418,44.5,45.1,44.0,44.0,-0.5,276
2026-08-31,3552,229727,9924842,44.0,44.0,42.95,43.3,-0.7,292
2026-09-01,3552,92745,4003465,43.0,43.7,43.0,43.05,-0.25,196
2026-09-02,3552,69027,2988816,43.1,43.5,43.1,43.45,0.4,175
2026-09-03,3552,122527,5278468,43.7,43.7,42.95,42.95,-0.5,293
2026-09-04,3552,49674,2137227,43.1,43.15,42.95,43.0,0.05,206
2026-09-07,3552,40708,1746163,43.2,43.2,42.75,42.9,-0.1,136
2026-09-08,3552,75995,3244066,43.0,43.0,42.5,42.5,-0.4,159
2026-09-09,3552,156753,6601333,42.5,42.6,41.95,42.3,-0.2,251
2026-09-10,3552,99352,4173784,42.1,42.2,41.95,42.05,-0.25,160
2026-09-11,3552,99672,4204168,42.55,43.0,41.8,42.3,0.25,177
2026-09-14,3552,94557,3947233,42.1,42.1,41.55,41.75,-0.55,244
2026-09-15,3552,169479,6927086,41.3,41.45,40.3,40.3,-1.45,277
2026-09-16,3552,139698,5732268,41.95,41.95,40.45,41.5,1.2,218
2026-09-17,3552,86297,3564196,41.5,41.6,40.85,41.15,-0.35,255
2026-09-18,3552,3733440,147020317,41.1,41.5,39.3,39.3,-1.85,792
2026-09-21,3552,1051841,41376478,39.35,39.7,38.8,39.3,0.0,765
2026-09-22,3552,502469,19777684,39.55,39.55,39.15,39.15,-0.15,347
2026-09-23,3552,1288942,54970988,39.55,43.05,39.55,43.05,3.9,889
2026-09-24,3552,3305578,147874723,43.5,46.55,42.75,45.4,2.35,2630
