date,stock_id,Trading_Volume,Trading_money,open,max,min,close,spread,Trading_turnover
2016-09-29,4104,124553,5830733,46.9,47.1,46.55,46.9,0.1,105
2016-09-30,4104,100100,4683178,47.0,47.0,46.65,46.7,-0.2,81
2016-10-03,4104,127230,5958960,46.9,47.0,46.55,46.8,0.1,97
2016-10-04,4104,84578,3950411,46.8,46.95,46.6,46.65,-0.15,77
2016-10-05,4104,77405,3612561,46.65,46.85,46.6,46.7,0.05,70
2016-10-06,4104,100281,4683178,46.8,46.8,46.65,46.8,0.1,71
2016-10-07,4104,128978,6027123,46.95,46.95,46.6,46.7,-0.1,108
2016-10-11,4104,282200,12984226,46.8,46.8,45.6,45.7,-1.0,212
2016-10-12,4104,130400,5959467,45.3,46.0,45.3,45.75,0.05,112
2016-10-13,4104,138749,6309064,45.45,45.65,45.35,45.55,-0.2,125
2016-10-14,4104,374628,16844545,45.5,45.5,44.7,44.7,-0.85,257
2016-10-17,4104,131201,5868195,45.1,45.1,44.55,44.7,0.0,124
2016-10-18,4104,69514,3118048,45.0,45.0,44.75,44.85,0.15,67
2016-10-19,4104,115662,5198421,45.1,45.1,44.85,44.85,0.0,102
2016-10-20,4104,157064,7067894,44.9,45.2,44.8,45.1,0.25,105
2016-10-21,4104,124001,5592395,45.15,45.2,45.0,45.1,0.0,87
2016-10-24,4104,86420,3908902,45.15,45.3,45.15,45.25,0.15,64
2016-10-25,4104,192252,8770513,45.35,45.85,45.35,45.75,0.5,150
2016-10-26,4104,73002,3334542,45.85,45.85,45.55,45.6,-0.15,53
2016-10-27,4104,77167,3515797,45.85,45.85,45.4,45.5,-0.1,59
2016-10-28,4104,36552,1656404,45.3,45.5,45.25,45.3,-0.2,38
2016-10-31,4104,63454,2870230,45.0,45.35,45.0,45.1,-0.2,41
2016-11-01,4104,47513,2148326,45.4,45.4,45.15,45.15,0.05,50
2016-11-02,4104,125141,5616245,45.4,45.4,44.75,44.75,-0.4,105
2016-11-03,4104,127600,5693889,45.0,45.0,44.3,44.4,-0.35,105
2016-11-04,4104,68955,3068039,44.4,44.55,44.4,44.5,0.1,72
2016-11-07,4104,140746,6258393,44.5,44.6,44.3,44.3,-0.2,106
2016-11-08,4104,115000,5101800,44.4,44.55,44.2,44.3,0.0,73
2016-11-09,4104,249761,10912402,44.35,44.4,43.15,43.3,-1.0,207
2016-11-10,4104,161359,7099360,43.75,44.15,43.75,44.0,0.7,131
2016-11-11,4104,141041,6197104,44.0,44.15,43.65,43.85,-0.15,115
2016-11-14,4104,113091,4951186,43.85,44.05,43.3,44.0,0.15,93
2016-11-15,4104,87309,3841160,44.0,44.15,43.7,43.95,-0.05,74
2016-11-16,4104,100010,4406590,44.3,44.3,43.95,44.15,0.2,87
2016-11-17,4104,112125,4909661,43.65,44.0,43.65,43.9,-0.25,83
2016-11-18,4104,142260,6259711,43.9,44.15,43.85,44.1,0.2,122
2016-11-21,4104,58176,2564661,44.3,44.3,43.95,44.1,0.0,52
2016-11-22,4104,264033,11719321,44.15,44.8,44.0,44.6,0.5,171
2016-11-23,4104,78329,3486520,44.7,44.7,44.35,44.35,-0.25,75
2016-11-24,4104,68301,3039047,44.35,44.6,44.35,44.4,0.05,55
2016-11-25,4104,185111,8272945,44.4,44.9,44.3,44.85,0.45,123
2016-11-28,4104,126146,5637207,44.55,44.9,44.55,44.65,-0.2,100
2016-11-29,4104,87660,3909870,44.7,44.7,44.5,44.55,-0.1,79
2016-11-30,4104,94094,4198653,44.55,44.8,44.5,44.6,0.05,94
2016-12-01,4104,199059,8892405,44.5,44.9,44.5,44.6,0.0,143
2016-12-02,4104,293080,12967601,44.55,44.6,44.1,44.2,-0.4,217
2016-12-05,4104,161543,7090530,44.1,44.2,43.75,43.85,-0.35,152
2016-12-06,4104,231353,10133407,44.0,44.0,43.7,43.75,-0.1,173
2016-12-07,4104,92050,4038100,43.8,43.9,43.8,43.9,0.15,72
2016-12-08,4104,163000,7169748,43.9,44.1,43.9,43.9,0.0,124
2016-12-09,4104,870878,39129177,44.55,45.25,44.4,45.2,1.3,629
2016-12-12,4104,449087,20286165,45.65,45.65,44.7,44.9,-0.3,307
2016-12-13,4104,141924,6386480,44.9,45.2,44.8,45.0,0.1,128
2016-12-14,4104,187218,8399034,45.0,45.0,44.75,44.9,-0.1,137
2016-12-15,4104,264255,11756318,44.6,44.8,44.25,44.6,-0.3,202
2016-12-16,4104,165242,7413501,44.8,45.1,44.6,44.9,0.3,137
2016-12-19,4104,107556,4819757,44.9,45.05,44.65,44.8,-0.1,87
2016-12-20,4104,99200,4436550,44.6,44.95,44.55,44.95,0.15,82
2016-12-21,4104,120001,5382444,44.95,44.95,44.65,44.85,-0.1,83
2016-12-22,4104,220300,9882994,44.7,45.05,44.55,44.85,0.0,149
2016-12-23,4104,143415,6428444,44.85,45.1,44.65,44.85,0.0,122
2016-12-26,4104,88515,3973663,44.9,45.1,44.7,45.0,0.15,87
2016-12-27,4104,83003,3723685,45.0,45.0,44.75,44.85,-0.15,76
2016-12-28,4104,183460,8258850,44.75,45.2,44.75,45.0,0.15,149
2016-12-29,4104,116499,5233151,44.8,45.1,44.7,44.95,-0.05,90
2016-12-30,4104,194379,8767829,44.95,45.25,44.8,45.2,0.25,143
2017-01-03,4104,297768,13590979,45.35,45.9,45.1,45.75,0.55,224
2017-01-04,4104,171698,7847025,45.85,45.85,45.6,45.65,-0.1,139
2017-01-05,4104,147902,6745844,45.55,45.7,45.5,45.7,0.05,127
2017-01-06,4104,214566,9773431,45.65,45.75,45.45,45.75,0.05,158
2017-01-09,4104,135520,6168878,45.75,45.9,45.35,45.4,-0.35,117
2017-01-10,4104,104415,4723639,45.4,45.4,45.1,45.15,-0.25,90
2017-01-11,4104,151968,6837360,45.15,45.15,44.9,44.9,-0.25,128
2017-01-12,4104,113425,5083504,44.8,44.9,44.75,44.85,-0.05,102
2017-01-13,4104,112686,5061320,45.0,45.0,44.8,44.9,0.05,95
2017-01-16,4104,104064,4663462,44.9,44.9,44.75,44.8,-0.1,87
2017-01-17,4104,113236,5074266,44.8,45.1,44.75,44.8,0.0,98
2017-01-18,4104,103719,4649261,44.8,44.95,44.7,44.95,0.15,101
2017-01-19,4104,90525,4056507,44.9,44.9,44.75,44.85,-0.1,88
2017-01-20,4104,83268,3728952,44.8,44.85,44.7,44.8,-0.05,78
2017-01-23,4104,112221,5022316,44.8,44.8,44.7,44.75,-0.05,89
2017-01-24,4104,108070,4848559,44.75,45.0,44.7,45.0,0.25,83
2017-02-02,4104,126396,5696546,45.0,45.2,44.95,45.15,0.15,101
2017-02-03,4104,121049,5467555,45.3,45.35,45.05,45.2,0.05,101
2017-02-06,4104,221002,10018679,45.2,45.6,45.15,45.6,0.4,177
2017-02-07,4104,134983,6139922,45.4,45.6,45.4,45.5,-0.1,98
2017-02-08,4104,245184,11183420,45.5,45.85,45.4,45.8,0.3,185
2017-02-09,4104,203450,9295168,45.9,45.9,45.5,45.65,-0.15,156
2017-02-10,4104,289614,13258751,45.7,46.1,45.65,45.7,0.05,196
2017-02-13,4104,249143,11403518,45.85,45.9,45.65,45.8,0.1,173
2017-02-14,4104,208102,9500036,45.8,45.8,45.45,45.45,-0.35,148
2017-02-15,4104,209406,9534206,45.45,45.7,45.4,45.6,0.15,140
2017-02-16,4104,883163,41049675,45.6,47.15,45.5,46.8,1.2,683
2017-02-17,4104,352204,16472075,47.0,47.0,46.55,46.75,-0.05,261
2017-02-18,4104,1186658,56362502,46.75,48.0,46.6,47.8,1.05,821
2017-02-20,4104,577594,27558250,48.0,48.2,47.4,47.45,-0.35,391
2017-02-21,4104,290582,13674530,47.45,47.45,46.9,47.05,-0.4,237
2017-02-22,4104,250272,11740388,47.05,47.1,46.8,46.9,-0.15,191
2017-02-23,4104,266320,12468674,47.0,47.05,46.65,46.7,-0.2,211
2017-02-24,4104,183736,8595530,46.7,46.95,46.7,46.8,0.1,150
2017-03-01,4104,203005,9539547,47.35,47.35,46.8,47.0,0.2,184
2017-03-02,4104,247559,11551838,47.0,47.2,46.35,46.5,-0.5,205
2017-03-03,4104,118352,5496960,46.2,46.65,46.2,46.5,0.0,111
2017-03-06,4104,84288,3906755,46.5,46.5,46.3,46.35,-0.15,83
2017-03-07,4104,257295,12045452,46.5,47.15,46.4,47.15,0.8,238
2017-03-08,4104,141496,6642559,47.15,47.15,46.8,46.95,-0.2,109
2017-03-09,4104,115355,5386501,46.95,46.95,46.6,46.65,-0.3,108
2017-03-10,4104,235574,10957512,46.9,46.9,46.2,46.7,0.05,160
2017-03-13,4104,117865,5517384,46.9,46.9,46.7,46.8,0.1,213
2017-03-14,4104,152972,7173784,46.8,47.1,46.7,47.0,0.2,179
2017-03-15,4104,86500,4056272,47.0,47.0,46.8,46.85,-0.15,125
2017-03-16,4104,202889,9533259,46.9,47.25,46.8,47.0,0.15,188
2017-03-17,4104,191649,9014284,47.35,47.35,46.9,46.95,-0.05,169
2017-03-20,4104,150149,7046039,46.95,47.05,46.85,46.9,-0.05,169
2017-03-21,4104,200737,9430982,46.9,47.1,46.9,47.0,0.1,159
2017-03-22,4104,192149,8997856,46.9,46.95,46.75,46.8,-0.2,152
2017-03-23,4104,173270,8106574,46.8,46.85,46.7,46.8,0.0,146
2017-03-24,4104,101825,4769339,46.75,46.9,46.75,46.8,0.0,90
2017-03-27,4104,313991,14749319,46.8,47.45,46.6,46.6,-0.2,325
2017-03-28,4104,352384,16329688,46.6,46.85,45.8,46.0,-0.6,336
2017-03-29,4104,105973,4882541,46.0,46.15,46.0,46.05,0.05,185
2017-03-30,4104,105943,4878516,46.1,46.2,46.0,46.05,0.0,188
2017-03-31,4104,116023,5341553,46.0,46.1,46.0,46.05,0.0,208
2017-04-05,4104,137787,6354779,46.1,46.25,46.05,46.15,0.1,213
2017-04-06,4104,85382,3940605,46.3,46.3,46.05,46.25,0.1,150
2017-04-07,4104,120622,5564764,46.35,46.35,46.05,46.1,-0.15,170
2017-04-10,4104,358618,16383154,46.0,46.1,45.35,45.55,-0.55,399
2017-04-11,4104,254666,11538004,45.55,45.55,45.1,45.15,-0.4,240
2017-04-12,4104,295931,13301455,45.15,45.35,44.7,45.3,0.15,303
2017-04-13,4104,86310,3905343,45.2,45.5,45.1,45.45,0.15,231
2017-04-14,4104,170288,7672289,45.4,45.4,45.0,45.0,-0.45,139
2017-04-17,4104,105109,4706764,45.0,45.0,44.7,44.75,-0.25,101
2017-04-18,4104,79871,3590766,44.75,45.15,44.75,45.15,0.4,76
2017-04-19,4104,71911,3233288,45.0,45.1,44.7,44.9,-0.25,61
2017-04-20,4104,71686,3221345,44.9,45.0,44.9,44.95,0.05,72
2017-04-21,4104,85579,3849455,44.95,45.15,44.9,45.1,0.15,88
2017-04-24,4104,128725,5797575,45.1,45.15,44.95,44.95,-0.15,80
2017-04-25,4104,108713,4896535,45.0,45.3,44.95,45.05,0.1,85
2017-04-26,4104,96103,4334194,45.1,45.25,45.0,45.1,0.05,83
2017-04-27,4104,109340,4930683,45.5,45.5,45.0,45.1,0.0,80
2017-04-28,4104,234103,10553685,45.1,45.25,45.0,45.15,0.05,125
2017-05-02,4104,192853,8782388,45.15,45.85,45.15,45.7,0.55,154
2017-05-03,4104,150119,6842271,45.8,45.8,45.45,45.5,-0.2,109
2017-05-04,4104,82861,3760986,45.5,45.5,45.3,45.35,-0.15,76
2017-05-05,4104,155606,7036318,45.35,45.35,45.15,45.2,-0.15,85
2017-05-08,4104,89052,4023190,45.5,45.5,45.1,45.15,-0.05,76
2017-05-09,4104,174010,7822002,45.15,45.2,44.75,44.85,-0.3,128
2017-05-10,4104,132148,5921490,44.8,44.85,44.75,44.85,0.0,102
2017-05-11,4104,118174,5296280,45.0,45.0,44.7,44.8,-0.05,82
2017-05-12,4104,311865,14193946,45.25,45.7,45.25,45.55,0.75,208
2017-05-15,4104,720708,33331602,45.6,46.65,45.6,46.45,0.9,505
2017-05-16,4104,311902,14453472,46.5,46.6,46.15,46.25,-0.2,224
2017-05-17,4104,224058,10355074,46.2,46.4,46.1,46.15,-0.1,133
2017-05-18,4104,264906,12210154,45.75,46.2,45.75,46.2,0.05,154
2017-05-19,4104,400602,18629043,46.2,46.65,46.2,46.5,0.3,255
2017-05-22,4104,1732665,82825431,47.45,48.25,47.35,47.6,1.1,1102
2017-05-23,4104,437262,20743292,47.25,47.8,47.1,47.5,-0.1,312
2017-05-24,4104,354303,16803380,47.55,47.6,47.35,47.4,-0.1,214
2017-05-25,4104,602146,28834697,47.45,48.2,47.4,47.85,0.45,414
2017-05-26,4104,456079,21776160,48.15,48.2,47.55,47.65,-0.2,284
2017-05-31,4104,403603,19095309,47.65,47.9,47.1,47.15,-0.5,249
2017-06-01,4104,300200,14124220,47.2,47.35,46.95,47.0,-0.15,214
2017-06-02,4104,201266,9515962,47.2,47.4,47.15,47.25,0.25,162
2017-06-03,4104,231198,10945984,47.2,47.45,47.15,47.4,0.15,153
2017-06-05,4104,423204,20214034,47.4,47.9,47.4,47.85,0.45,305
2017-06-06,4104,306508,14667405,48.1,48.1,47.7,47.9,0.05,181
2017-06-07,4104,149055,7096914,47.7,47.8,47.5,47.55,-0.35,119
2017-06-08,4104,173097,8237255,47.65,47.75,47.5,47.55,0.0,141
2017-06-09,4104,247594,11804255,47.7,47.95,47.55,47.65,0.1,184
2017-06-12,4104,1047930,50702572,47.9,48.7,47.85,48.3,0.65,675
2017-06-13,4104,977883,47582578,48.7,49.0,48.4,48.5,0.2,569
2017-06-14,4104,645397,31039484,48.5,48.6,47.5,47.7,-0.8,360
2017-06-15,4104,210759,10082625,47.8,48.05,47.7,47.8,0.1,165
2017-06-16,4104,298221,14290409,47.8,48.05,47.8,48.0,0.2,178
2017-06-19,4104,269896,13013136,48.05,48.3,48.05,48.3,0.3,192
2017-06-20,4104,408237,19746772,48.45,48.6,48.0,48.25,-0.05,264
2017-06-21,4104,314417,15190448,48.25,48.55,48.15,48.5,0.25,204
2017-06-22,4104,1198659,58929120,48.7,49.35,48.7,49.3,0.8,771
2017-06-23,4104,680802,33611285,49.5,49.8,49.0,49.4,0.1,459
2017-06-26,4104,735180,36391948,49.7,49.75,49.15,49.2,-0.2,454
2017-06-27,4104,500188,24670618,49.2,49.5,49.1,49.3,0.1,272
2017-06-28,4104,557333,27202348,49.2,49.2,48.55,48.6,-0.7,341
2017-06-29,4104,369509,17972460,48.8,48.8,48.45,48.6,0.0,231
2017-06-30,4104,274224,13295178,48.4,48.6,48.3,48.5,-0.1,166
2017-07-03,4104,260823,12722567,48.6,48.9,48.6,48.75,0.25,147
2017-07-04,4104,301548,14627874,48.8,48.8,48.4,48.45,-0.3,172
2017-07-05,4104,186057,9005616,48.5,48.55,48.3,48.45,0.0,115
2017-07-06,4104,126118,6122925,48.45,48.75,48.4,48.55,0.1,98
2017-07-07,4104,446293,21415551,48.4,48.4,47.55,47.7,-0.85,278
2017-07-10,4104,392319,18564769,47.35,47.5,47.2,47.25,-0.45,241
2017-07-11,4104,315874,14996209,47.25,47.75,47.2,47.6,0.35,149
2017-07-12,4104,129987,6198680,47.6,47.8,47.6,47.65,0.05,89
2017-07-13,4104,186690,8935842,47.8,47.95,47.7,47.95,0.3,112
2017-07-14,4104,203621,9723077,48.0,48.0,47.65,47.8,-0.15,124
2017-07-17,4104,172792,8232435,47.8,47.8,47.5,47.8,0.0,104
2017-07-18,4104,219650,10452671,47.7,47.7,47.55,47.65,-0.15,126
2017-07-19,4104,221012,10498820,47.6,47.6,47.45,47.5,-0.15,151
2017-07-20,4104,214216,10193071,47.5,47.9,47.45,47.7,0.2,176
2017-07-21,4104,358157,17201939,47.75,48.4,47.75,48.15,0.45,254
2017-07-24,4104,445125,21552864,48.55,48.65,48.15,48.25,0.1,281
2017-07-25,4104,171886,8290278,48.5,48.5,48.1,48.1,-0.15,122
2017-07-26,4104,244652,11790259,48.2,48.4,48.0,48.15,0.05,168
2017-07-27,4104,332145,15998827,48.25,48.35,48.1,48.1,-0.05,205
2017-07-28,4104,470129,22605392,48.1,48.25,47.95,48.0,-0.1,245
2017-07-31,4104,743704,35807766,48.15,48.4,48.0,48.05,0.05,377
2017-08-01,4104,1257884,60539822,48.15,48.25,48.0,48.25,0.2,605
2017-08-02,4104,998450,45793200,45.8,46.05,45.8,46.0,0.0,459
2017-08-03,4104,296212,13566844,46.0,46.0,45.6,45.75,-0.25,171
2017-08-04,4104,276600,12637234,45.75,45.8,45.6,45.65,-0.1,192
2017-08-07,4104,258932,11780745,45.65,45.7,45.4,45.4,-0.25,202
2017-08-08,4104,110264,5015516,45.4,45.65,45.4,45.55,0.15,103
2017-08-09,4104,153401,6979130,45.55,45.75,45.35,45.35,-0.2,122
2017-08-10,4104,716582,32043947,45.4,45.4,44.3,44.3,-1.05,462
2017-08-11,4104,378501,16641217,44.0,44.2,43.7,44.0,-0.3,255
2017-08-14,4104,314068,13798570,44.1,44.15,43.75,43.75,-0.25,242
2017-08-15,4104,239371,10482646,43.8,44.0,43.7,44.0,0.25,187
2017-08-16,4104,111644,4924594,43.9,44.4,43.8,44.2,0.2,96
2017-08-17,4104,108252,4824137,44.3,44.7,44.3,44.5,0.3,89
2017-08-18,4104,128846,5704837,44.3,44.4,44.15,44.3,-0.2,82
2017-08-21,4104,93623,4165211,44.3,44.6,44.3,44.5,0.2,80
2017-08-22,4104,96107,4283815,44.5,44.7,44.5,44.65,0.15,90
2017-08-23,4104,135857,6065182,44.7,44.75,44.5,44.5,-0.15,110
2017-08-24,4104,93386,4160174,44.5,44.75,44.5,44.5,0.0,89
2017-08-25,4104,171227,7653179,44.5,44.8,44.5,44.65,0.15,118
2017-08-28,4104,112164,5012916,44.65,44.8,44.6,44.7,0.05,91
2017-08-29,4104,166282,7308834,44.6,44.7,44.55,44.65,-0.05,105
2017-08-30,4104,177454,7914993,44.65,44.7,44.5,44.7,0.05,127
2017-08-31,4104,364824,16487883,45.0,45.4,44.8,45.2,0.5,283
2017-09-01,4104,842008,38633159,45.5,46.25,45.4,45.9,0.7,549
2017-09-04,4104,226200,10295610,45.9,46.0,45.35,45.35,-0.55,160
2017-09-05,4104,214757,9768821,45.35,45.95,45.25,45.55,0.2,149
2017-09-06,4104,180932,8187918,45.55,45.55,45.1,45.15,-0.4,136
2017-09-07,4104,151784,6875121,45.2,45.4,45.2,45.4,0.25,92
2017-09-08,4104,127484,5785866,45.45,45.45,45.3,45.4,0.0,111
2017-09-11,4104,274740,12515919,45.45,45.7,45.45,45.55,0.15,186
2017-09-12,4104,148590,6757364,45.55,45.75,45.35,45.35,-0.2,111
2017-09-13,4104,123401,5616623,45.75,45.75,45.4,45.5,0.15,98
2017-09-14,4104,188879,8590254,45.6,45.65,45.4,45.45,-0.05,129
2017-09-15,4104,120409,5468208,45.5,45.6,45.35,45.4,-0.05,79
2017-09-18,4104,181124,8213969,45.4,45.4,45.3,45.4,0.0,119
2017-09-19,4104,77200,3500028,45.35,45.55,45.25,45.25,-0.15,70
2017-09-20,4104,158413,7149894,45.25,45.4,45.05,45.1,-0.15,108
2017-09-21,4104,143613,6471535,45.05,45.2,44.95,45.0,-0.1,99
2017-09-22,4104,177778,7969388,45.05,45.05,44.7,44.75,-0.25,136
2017-09-25,4104,161253,7164365,44.75,44.75,44.35,44.35,-0.4,125
2017-09-26,4104,104100,4618139,44.35,44.5,44.2,44.35,0.0,80
2017-09-27,4104,139719,6196833,44.35,44.5,44.3,44.4,0.05,106
2017-09-28,4104,92569,4119939,44.4,44.7,44.3,44.45,0.05,78
2017-09-29,4104,72000,3192150,44.5,44.5,44.25,44.45,0.0,51
2017-09-30,4104,42369,1886769,44.6,44.6,44.45,44.5,0.05,34
2017-10-02,4104,132249,5899528,44.5,44.7,44.5,44.7,0.2,75
2017-10-03,4104,96100,4286303,44.8,44.8,44.5,44.55,-0.15,55
2017-10-05,4104,106033,4734780,44.55,44.75,44.55,44.75,0.2,62
2017-10-06,4104,89938,4024019,44.75,44.8,44.7,44.75,0.0,72
2017-10-11,4104,92064,4111254,44.75,44.85,44.6,44.7,-0.05,85
2017-10-12,4104,77902,3483277,44.7,44.8,44.65,44.75,0.05,63
2017-10-13,4104,97181,4335234,44.65,44.65,44.55,44.6,-0.15,66
2017-10-16,4104,142096,6339987,44.6,44.75,44.5,44.7,0.1,99
2017-10-17,4104,97206,4330455,44.6,44.6,44.5,44.55,-0.15,75
2017-10-18,4104,88379,3936681,44.5,44.7,44.45,44.55,0.0,75
2017-10-19,4104,82154,3669626,44.6,44.75,44.5,44.6,0.05,59
2017-10-20,4104,90300,4018239,44.55,44.6,44.45,44.5,-0.1,59
2017-10-23,4104,83935,3741400,44.5,44.8,44.5,44.55,0.05,59
2017-10-24,4104,450760,20303385,44.55,45.35,44.55,45.3,0.75,225
2017-10-25,4104,158593,7180085,45.5,45.5,45.1,45.1,-0.2,106
2017-10-26,4104,89585,4031825,45.05,45.15,44.95,45.0,-0.1,67
2017-10-27,4104,105001,4722495,44.9,45.1,44.85,44.9,-0.1,71
2017-10-30,4104,139834,6274280,45.0,45.1,44.75,45.0,0.1,96
2017-10-31,4104,93800,4215338,44.9,45.05,44.85,44.95,-0.05,67
2017-11-01,4104,49336,2218496,45.0,45.05,44.9,44.95,0.0,43
2017-11-02,4104,157131,7060328,45.0,45.1,44.85,44.9,-0.05,91
2017-11-03,4104,121305,5448389,44.9,45.1,44.85,44.9,0.0,79
2017-11-06,4104,139854,6292330,44.9,45.1,44.9,45.1,0.2,111
2017-11-07,4104,129868,5863149,45.15,45.4,45.05,45.2,0.1,96
2017-11-08,4104,131400,5939830,45.2,45.35,45.1,45.15,-0.05,70
2017-11-09,4104,159009,7167655,45.0,45.2,44.95,44.95,-0.2,104
2017-11-10,4104,176789,7989493,45.05,45.3,45.05,45.25,0.3,138
2017-11-13,4104,264078,11962782,45.4,45.4,45.2,45.3,0.05,153
2017-11-14,4104,130596,5901108,45.3,45.3,45.05,45.1,-0.2,79
2017-11-15,4104,149507,6736088,45.1,45.15,44.95,45.15,0.05,102
2017-11-16,4104,162889,7318755,45.1,45.1,44.85,45.0,-0.15,117
2017-11-17,4104,121599,5462861,44.9,45.0,44.85,44.85,-0.15,96
2017-11-20,4104,1655887,76115814,45.0,46.45,44.95,46.3,1.45,1097
2017-11-21,4104,492821,22730466,46.3,46.5,45.8,46.05,-0.25,352
2017-11-22,4104,345200,15812326,46.0,46.3,45.35,45.45,-0.6,262
2017-11-23,4104,163310,7445637,45.45,45.8,45.4,45.6,0.15,140
2017-11-24,4104,182234,8287730,45.6,45.7,45.4,45.45,-0.15,149
2017-11-27,4104,104209,4730515,45.45,45.45,45.3,45.35,-0.1,76
2017-11-28,4104,134303,6080617,45.35,45.35,45.2,45.25,-0.1,102
2017-11-29,4104,253200,11425968,45.25,45.5,44.95,44.95,-0.3,172
2017-11-30,4104,162801,7327899,44.95,45.15,44.95,44.95,0.0,125
2017-12-01,4104,307100,13785000,45.0,45.1,44.8,44.85,-0.1,178
2017-12-04,4104,116998,5262702,45.0,45.1,44.9,44.95,0.1,85
2017-12-05,4104,212996,9616120,44.95,45.4,44.85,45.0,0.05,166
2017-12-06,4104,786221,35910216,45.9,46.2,45.05,45.15,0.15,566
2017-12-07,4104,267650,12119947,45.25,45.5,45.15,45.15,0.0,197
2017-12-08,4104,295105,13262228,45.2,45.2,44.65,45.0,-0.15,191
2017-12-11,4104,373395,16967031,45.0,45.8,44.85,45.5,0.5,244
2017-12-12,4104,165150,7503316,45.7,45.7,45.15,45.45,-0.05,129
2017-12-13,4104,1016556,46594857,45.7,46.05,45.45,45.7,0.25,567
2017-12-14,4104,320102,14613969,45.8,45.85,45.45,45.6,-0.1,193
2017-12-15,4104,266268,12065225,45.7,45.7,45.15,45.4,-0.2,191
2017-12-18,4104,110364,5001452,45.7,45.7,45.15,45.15,-0.25,110
2017-12-19,4104,167007,7522757,45.1,45.2,44.95,44.95,-0.2,131
2017-12-20,4104,88389,3986192,44.95,45.25,44.9,45.1,0.15,85
2017-12-21,4104,151261,6842563,45.35,45.4,45.1,45.3,0.2,121
2017-12-22,4104,139352,6277925,45.4,45.4,45.0,45.05,-0.25,103
2017-12-25,4104,134249,6042605,45.2,45.2,44.95,44.95,-0.1,97
2017-12-26,4104,252544,11322646,45.0,45.0,44.75,44.8,-0.15,152
2017-12-27,4104,121721,5454943,44.8,45.05,44.75,44.8,0.0,84
2017-12-28,4104,134128,6013824,44.85,45.0,44.8,44.8,0.0,120
2017-12-29,4104,204381,9169290,44.8,45.1,44.8,44.9,0.1,128
2018-01-02,4104,200867,9022313,44.9,45.0,44.85,44.95,0.05,120
2018-01-03,4104,101626,4573282,45.2,45.2,44.9,44.95,0.0,88
2018-01-04,4104,110061,4947367,44.95,45.05,44.9,44.9,-0.05,91
2018-01-05,4104,148388,6684497,45.0,45.25,44.9,45.2,0.3,100
2018-01-08,4104,202811,9185003,45.4,45.4,45.2,45.2,0.0,155
2018-01-09,4104,87252,3944599,45.2,45.35,45.15,45.15,-0.05,76
2018-01-10,4104,181373,8205640,45.2,45.35,45.15,45.3,0.15,162
2018-01-11,4104,82260,3719720,45.3,45.3,45.15,45.2,-0.1,68
2018-01-12,4104,185624,8382530,45.1,45.4,45.05,45.3,0.1,131
2018-01-15,4104,1491454,68639354,45.3,46.35,45.25,46.15,0.85,947
2018-01-16,4104,741530,34143291,46.0,46.3,45.8,45.8,-0.35,411
2018-01-17,4104,366486,16738473,45.75,45.8,45.55,45.65,-0.15,229
2018-01-18,4104,316071,14463992,45.8,46.0,45.55,45.55,-0.1,190
2018-01-19,4104,184107,8401323,45.75,45.75,45.5,45.65,0.1,134
2018-01-22,4104,483684,22267428,45.7,46.25,45.7,46.05,0.4,325
2018-01-23,4104,267945,12323126,46.25,46.3,45.8,45.9,-0.15,179
2018-01-24,4104,224200,10293683,46.0,46.0,45.7,46.0,0.1,132
2018-01-25,4104,202315,9294500,46.0,46.2,45.7,45.95,-0.05,118
2018-01-26,4104,284280,13087863,46.45,46.45,45.8,45.9,-0.05,180
2018-01-29,4104,195551,8988304,46.2,46.2,45.85,45.85,-0.05,174
2018-01-30,4104,170441,7806721,45.85,45.9,45.65,45.7,-0.15,125
2018-01-31,4104,132557,6058099,45.55,45.9,45.5,45.75,0.05,130
2018-02-01,4104,114500,5254446,45.8,46.1,45.7,45.85,0.1,93
2018-02-02,4104,67697,3100882,45.7,45.9,45.7,45.8,-0.05,50
2018-02-05,4104,209200,9490926,45.4,45.45,45.25,45.35,-0.45,141
2018-02-06,4104,620157,27523933,45.05,45.05,43.95,44.0,-1.35,426
2018-02-07,4104,202492,9000441,44.2,44.55,44.2,44.35,0.35,148
2018-02-08,4104,121650,5383289,44.1,44.4,44.1,44.3,-0.05,96
2018-02-09,4104,295452,12920343,43.95,43.95,43.5,43.95,-0.35,223
2018-02-12,4104,154606,6852714,44.1,44.45,44.1,44.4,0.45,129
2018-02-21,4104,107671,4811563,44.6,44.8,44.6,44.8,0.4,128
2018-02-22,4104,77641,3462917,44.6,44.8,44.45,44.75,-0.05,82
2018-02-23,4104,73303,3287889,44.8,44.9,44.8,44.85,0.1,78
2018-02-26,4104,97674,4384512,44.95,45.0,44.85,44.95,0.1,118
2018-02-27,4104,98452,4421581,45.0,45.0,44.85,44.9,-0.05,104
2018-03-01,4104,91633,4104111,44.8,44.9,44.65,44.9,0.0,92
2018-03-02,4104,67400,3010259,44.6,44.75,44.6,44.7,-0.2,75
2018-03-05,4104,89249,3997605,44.7,44.9,44.7,44.7,0.0,71
2018-03-06,4104,38100,1706600,44.8,44.85,44.75,44.8,0.1,37
2018-03-07,4104,94182,4237756,44.95,45.15,44.8,44.9,0.1,85
2018-03-08,4104,179400,8101306,45.1,45.25,45.05,45.15,0.25,134
2018-03-09,4104,131800,5959030,45.25,45.35,45.05,45.35,0.2,110
2018-03-12,4104,306996,14025744,45.4,45.9,45.4,45.7,0.35,223
2018-03-13,4104,143360,6551933,45.7,45.85,45.6,45.7,0.0,109
2018-03-14,4104,116634,5326629,45.7,45.85,45.6,45.65,-0.05,92
2018-03-15,4104,132429,6048753,45.6,45.8,45.6,45.75,0.1,110
2018-03-16,4104,181312,8302508,45.75,45.9,45.7,45.85,0.1,127
2018-03-19,4104,526202,24247113,45.95,46.4,45.75,46.3,0.45,335
2018-03-20,4104,1120836,52310664,46.3,47.0,46.05,46.55,0.25,763
2018-03-21,4104,705537,32967408,46.8,47.15,46.4,46.4,-0.15,440
2018-03-22,4104,412118,19073793,46.9,46.9,45.9,45.9,-0.5,290
2018-03-23,4104,384292,17421358,45.05,45.8,45.05,45.75,-0.15,250
2018-03-26,4104,1181150,55144259,45.65,47.1,45.65,46.8,1.05,690
2018-03-27,4104,615612,28765202,47.2,47.3,46.3,46.75,-0.05,416
2018-03-28,4104,1703018,80771641,47.15,47.7,47.0,47.6,0.85,1018
2018-03-29,4104,2185960,105790656,47.7,48.9,47.7,48.35,0.75,1258
2018-03-30,4104,987630,47658690,48.45,48.9,48.0,48.25,-0.1,513
2018-03-31,4104,1243675,60327982,48.2,49.0,48.0,48.7,0.45,611
2018-04-02,4104,729613,35509029,48.9,49.3,48.2,48.2,-0.5,503
2018-04-03,4104,533487,25750741,48.0,48.65,47.7,48.2,0.0,374
2018-04-09,4104,3375796,167401538,48.25,50.4,48.25,49.65,1.45,1967
2018-04-10,4104,1287548,63204012,49.9,50.1,48.5,48.9,-0.75,985
2018-04-11,4104,509726,24789385,48.9,49.15,48.25,48.7,-0.2,339
2018-04-12,4104,303149,14827873,49.25,49.25,48.55,48.8,0.1,265
2018-04-13,4104,398112,19365878,48.8,49.25,48.3,48.8,0.0,312
2018-04-16,4104,444454,21429951,48.5,48.6,48.05,48.3,-0.5,357
2018-04-17,4104,483551,23082222,48.05,48.1,47.5,47.65,-0.65,321
2018-04-18,4104,279202,13365872,47.8,48.1,47.6,48.0,0.35,205
2018-04-19,4104,394355,19145365,48.0,48.9,48.0,48.5,0.5,280
2018-04-20,4104,193400,9375227,48.5,48.7,48.3,48.4,-0.1,137
2018-04-23,4104,2191272,108456114,48.4,50.0,48.4,50.0,1.6,1374
2018-04-24,4104,1190570,58056243,50.0,50.2,47.1,48.5,-1.5,836
2018-04-25,4104,591263,28363726,48.0,48.5,47.7,48.5,0.0,315
2018-04-26,4104,710295,34146344,48.6,48.85,47.4,47.8,-0.7,475
2018-04-27,4104,503149,24197664,47.65,48.4,47.65,48.2,0.4,226
2018-04-30,4104,785353,38407447,48.5,49.45,48.25,49.1,0.9,543
2018-05-02,4104,688894,33995942,49.5,49.6,49.15,49.2,0.1,460
2018-05-03,4104,2240350,111522362,49.2,50.5,48.65,49.2,0.0,1346
2018-05-04,4104,2813191,139987448,49.2,50.6,48.1,50.5,1.3,1422
2018-05-07,4104,6479524,336166123,51.6,52.8,51.2,51.8,1.3,3860
2018-05-08,4104,1568839,79907097,51.3,51.4,50.5,50.9,-0.9,1032
2018-05-09,4104,2308017,119768566,51.5,52.5,51.2,51.5,0.6,1533
2018-05-10,4104,888097,45487264,51.5,51.5,50.9,51.2,-0.3,568
2018-05-11,4104,1019317,51817636,51.8,51.8,50.5,50.5,-0.7,702
2018-05-14,4104,671359,34035716,51.0,51.0,50.3,50.5,0.0,427
2018-05-15,4104,650970,33131968,50.9,51.5,50.5,50.9,0.4,486
2018-05-16,4104,919897,46327063,50.9,50.9,49.85,50.3,-0.6,572
2018-05-17,4104,542836,27215819,50.4,50.6,49.9,49.9,-0.4,329
2018-05-18,4104,816896,41268096,50.0,51.0,49.95,50.5,0.6,541
2018-05-21,4104,433287,21862226,50.9,50.9,50.1,50.4,-0.1,291
2018-05-22,4104,386201,19388609,50.4,50.7,50.0,50.1,-0.3,249
2018-05-23,4104,560317,28336300,50.1,50.9,50.1,50.8,0.7,393
2018-05-24,4104,496196,25251334,51.0,51.2,50.6,50.8,0.0,345
2018-05-25,4104,469789,23766764,51.1,51.2,50.1,50.4,-0.4,327
2018-05-28,4104,720653,35945800,50.3,50.3,49.7,50.0,-0.4,459
2018-05-29,4104,313105,15586369,49.85,49.95,49.65,49.9,-0.1,258
2018-05-30,4104,694740,34630245,49.7,50.3,49.4,50.2,0.3,377
2018-05-31,4104,369255,18552901,50.2,50.7,49.85,50.7,0.5,259
2018-06-01,4104,384250,19462325,50.7,50.8,50.4,50.6,-0.1,264
2018-06-04,4104,370735,18751788,50.7,50.9,50.3,50.6,0.0,254
2018-06-05,4104,274516,13811055,50.7,50.8,50.1,50.3,-0.3,189
2018-06-06,4104,228809,11515091,50.6,50.6,50.2,50.3,0.0,141
2018-06-07,4104,355881,17992389,50.4,50.7,50.3,50.6,0.3,297
2018-06-08,4104,397115,19996157,50.6,51.0,50.1,50.2,-0.4,297
2018-06-11,4104,182166,9144312,50.4,50.5,50.0,50.2,0.0,143
2018-06-12,4104,808693,40941412,50.1,51.0,49.9,50.7,0.5,550
2018-06-13,4104,3139872,164014751,50.9,53.5,50.9,51.9,1.2,2055
2018-06-14,4104,815258,41827985,51.9,52.1,51.0,51.4,-0.5,530
2018-06-15,4104,363933,18614154,51.4,51.7,50.8,51.4,0.0,241
2018-06-19,4104,298431,15175681,51.4,51.4,50.6,50.8,-0.6,204
2018-06-20,4104,631778,32048978,50.8,51.2,50.1,50.8,0.0,404
2018-06-21,4104,250384,12744784,50.9,51.2,50.6,50.8,0.0,191
2018-06-22,4104,437133,22128912,50.8,51.1,50.3,50.5,-0.3,282
2018-06-25,4104,272500,13845248,50.6,51.1,50.4,50.7,0.2,193
2018-06-26,4104,364201,18360870,50.7,50.7,50.1,50.6,-0.1,286
2018-06-27,4104,216900,10942278,50.6,50.7,50.2,50.5,-0.1,132
2018-06-28,4104,119573,6020835,50.5,50.6,50.2,50.5,0.0,107
2018-06-29,4104,200478,10110484,50.5,50.6,50.3,50.6,0.1,133
2018-07-02,4104,270114,13747989,50.8,51.3,50.6,50.6,0.0,210
2018-07-03,4104,492986,24699150,50.6,50.8,49.9,50.0,-0.6,306
2018-07-04,4104,367035,18183576,50.0,50.1,49.35,49.4,-0.6,310
2018-07-05,4104,502500,24577019,49.4,49.4,48.75,48.8,-0.6,343
2018-07-06,4104,498692,24031433,48.85,48.9,47.9,48.65,-0.15,369
2018-07-09,4104,249425,12249385,48.65,49.6,48.6,49.45,0.8,233
2018-07-10,4104,344971,17158661,49.45,50.1,49.1,49.6,0.15,272
2018-07-11,4104,293210,14446721,49.3,49.6,48.9,49.55,-0.05,200
2018-07-12,4104,1583589,80383955,50.1,51.0,50.1,51.0,1.45,1070
2018-07-13,4104,599098,30662798,51.5,51.5,50.9,51.2,0.2,403
2018-07-16,4104,309650,15755513,51.2,51.2,50.7,50.8,-0.4,217
2018-07-17,4104,290644,14793844,50.8,51.1,50.6,51.1,0.3,210
2018-07-18,4104,369690,18744295,51.1,51.2,50.4,50.8,-0.3,250
2018-07-19,4104,243701,12314360,50.8,50.8,50.3,50.5,-0.3,162
2018-07-20,4104,165751,8363096,50.5,50.7,50.3,50.4,-0.1,146
2018-07-23,4104,382250,19080624,50.4,50.4,49.7,49.85,-0.55,245
2018-07-24,4104,183600,9188288,49.85,50.4,49.5,50.4,0.55,125
2018-07-25,4104,68919,3457040,50.3,50.3,50.1,50.1,-0.3,69
2018-07-26,4104,228600,11486158,50.2,50.5,50.1,50.2,0.1,178
2018-07-27,4104,165500,8308700,50.2,50.3,50.1,50.2,0.0,118
2018-07-30,4104,176730,8849400,50.2,50.3,49.95,50.2,0.0,122
2018-07-31,4104,115981,5804894,50.0,50.2,49.9,50.2,0.0,102
2018-08-01,4104,347126,17383074,50.2,50.4,49.95,50.1,-0.1,203
2018-08-02,4104,423050,21140810,50.1,50.3,49.75,49.8,-0.3,260
2018-08-03,4104,257434,12839381,49.8,50.0,49.8,49.95,0.15,196
2018-08-06,4104,805064,40749673,49.95,51.1,49.8,50.9,0.95,573
2018-08-07,4104,327470,16568723,50.5,50.9,50.5,50.7,-0.2,260
2018-08-08,4104,922758,46678373,50.7,50.8,50.5,50.5,-0.2,516
2018-08-09,4104,648174,31137010,47.95,48.3,47.75,48.05,0.0,424
2018-08-10,4104,431468,20793280,48.05,48.35,48.0,48.15,0.1,309
2018-08-13,4104,894942,43250552,49.0,49.0,47.4,48.15,0.0,644
2018-08-14,4104,272693,13099800,48.15,48.2,47.9,48.0,-0.15,173
2018-08-15,4104,827608,39099434,48.15,48.15,47.05,47.3,-0.7,405
2018-08-16,4104,351250,16624009,47.2,47.6,46.85,47.5,0.2,242
2018-08-17,4104,148546,7063204,47.6,47.75,47.45,47.55,0.05,129
2018-08-20,4104,122382,5788054,47.55,47.55,47.1,47.2,-0.35,112
2018-08-21,4104,152761,7209619,47.2,47.35,47.1,47.3,0.1,140
2018-08-22,4104,91900,4352909,47.4,47.45,47.3,47.35,0.05,81
2018-08-23,4104,164004,7748439,47.3,47.4,47.15,47.15,-0.2,128
2018-08-24,4104,162252,7652943,47.25,47.25,47.1,47.15,0.0,106
2018-08-27,4104,68001,3223898,47.25,47.5,47.2,47.4,0.25,60
2018-08-28,4104,144300,6861028,47.5,47.65,47.45,47.55,0.15,85
2018-08-29,4104,106555,5090000,47.95,47.95,47.65,47.75,0.2,90
2018-08-30,4104,94340,4475998,47.7,47.7,47.05,47.45,-0.3,81
2018-08-31,4104,101250,4800175,47.55,47.55,47.3,47.45,0.0,80
2018-09-03,4104,118303,5615810,47.4,47.55,47.35,47.35,-0.1,92
2018-09-04,4104,91988,4350031,47.4,47.4,47.25,47.25,-0.1,82
2018-09-05,4104,214857,10116162,47.25,47.3,46.95,47.0,-0.25,166
2018-09-06,4104,186090,8757893,46.9,47.2,46.9,47.05,0.05,116
2018-09-07,4104,197911,9288420,47.0,47.15,46.8,46.9,-0.15,146
2018-09-10,4104,283601,13130175,46.9,46.95,46.0,46.15,-0.75,193
2018-09-11,4104,172002,7958144,46.2,46.65,46.15,46.3,0.15,123
2018-09-12,4104,106752,4948148,46.35,46.45,46.2,46.3,0.0,88
2018-09-13,4104,123701,5748797,46.45,46.6,46.35,46.6,0.3,98
2018-09-14,4104,73909,3458879,46.8,46.9,46.65,46.8,0.2,65
2018-09-17,4104,53202,2487582,46.8,46.9,46.7,46.85,0.05,52
2018-09-18,4104,132349,6155643,46.7,46.7,46.4,46.55,-0.3,110
2018-09-19,4104,123233,5749725,46.6,46.75,46.55,46.6,0.05,116
2018-09-20,4104,641872,30516254,46.8,47.85,46.8,47.6,1.0,496
2018-09-21,4104,548903,26374316,47.8,48.45,47.6,47.7,0.1,406
2018-09-25,4104,162002,7701996,47.55,47.8,47.4,47.45,-0.25,121
2018-09-26,4104,80497,3817556,47.5,47.6,47.35,47.35,-0.1,68
2018-09-27,4104,120775,5706207,47.35,47.5,47.1,47.4,0.05,100
2018-09-28,4104,191330,9009825,47.35,47.35,47.0,47.1,-0.3,126
2018-10-01,4104,346200,16550309,47.1,48.1,47.1,47.8,0.7,268
2018-10-02,4104,91201,4350547,48.1,48.1,47.5,47.5,-0.3,76
2018-10-03,4104,203100,9608917,47.75,47.75,47.0,47.15,-0.35,130
2018-10-04,4104,133001,6258347,47.15,47.2,47.0,47.05,-0.1,96
2018-10-05,4104,226742,10584561,47.0,47.0,46.3,46.6,-0.45,167
2018-10-08,4104,114909,5348054,46.6,46.6,46.5,46.55,-0.05,100
2018-10-09,4104,177664,8257323,46.6,46.65,46.35,46.65,0.1,125
2018-10-11,4104,710300,32057699,45.8,45.8,44.8,44.9,-1.75,443
2018-10-12,4104,313873,14068717,44.7,45.15,44.5,45.15,0.25,220
2018-10-15,4104,245056,10995377,45.1,45.15,44.7,44.7,-0.45,208
2018-10-16,4104,223850,10082188,44.7,45.3,44.7,45.1,0.4,138
2018-10-17,4104,137012,6174289,45.45,45.45,44.95,45.0,-0.1,98
2018-10-18,4104,137385,6168275,44.9,45.0,44.8,44.85,-0.15,105
2018-10-19,4104,235001,10461645,44.6,44.75,44.4,44.75,-0.1,143
2018-10-22,4104,94507,4240239,44.75,45.1,44.75,45.05,0.3,73
2018-10-23,4104,210640,9525027,45.0,45.5,44.9,45.1,0.05,170
2018-10-24,4104,144410,6492931,45.1,45.2,44.7,44.9,-0.2,93
2018-10-25,4104,202377,9056056,44.5,45.0,44.4,44.6,-0.3,180
2018-10-26,4104,335502,14880611,44.6,44.95,44.05,44.05,-0.55,232
2018-10-29,4104,133327,5888852,44.2,44.3,44.1,44.15,0.1,75
2018-10-30,4104,99660,4400472,44.1,44.3,44.1,44.3,0.15,88
2018-10-31,4104,131196,5830410,44.4,44.6,44.35,44.4,0.1,98
2018-11-01,4104,101100,4501624,44.7,44.75,44.45,44.55,0.15,84
2018-11-02,4104,59020,2634059,44.45,44.75,44.45,44.6,0.05,54
2018-11-05,4104,54001,2409496,44.6,44.7,44.6,44.65,0.05,43
2018-11-06,4104,84583,3789073,44.65,44.9,44.65,44.85,0.2,68
2018-11-07,4104,113187,5106249,44.95,45.25,44.95,45.15,0.3,96
2018-11-08,4104,118500,5366848,45.2,45.4,45.1,45.3,0.15,95
2018-11-09,4104,119604,5392447,45.3,45.3,45.0,45.1,-0.2,86
2018-11-12,4104,109918,4993990,45.3,45.6,45.2,45.2,0.1,96
2018-11-13,4104,61100,2744903,44.8,45.25,44.75,45.25,0.05,58
2018-11-14,4104,79100,3581825,45.2,45.45,45.15,45.35,0.1,64
2018-11-15,4104,111246,5045641,45.4,45.55,45.15,45.35,0.0,79
2018-11-16,4104,74429,3369375,45.35,45.4,45.2,45.3,-0.05,57
2018-11-19,4104,108076,4917563,45.4,45.65,45.35,45.55,0.25,77
2018-11-20,4104,89560,4066387,45.25,45.6,45.25,45.25,-0.3,68
2018-11-21,4104,80043,3613797,45.25,45.25,45.05,45.1,-0.15,60
2018-11-22,4104,102320,4615881,45.05,45.25,45.05,45.1,0.0,71
2018-11-23,4104,93080,4196108,45.1,45.2,45.05,45.05,-0.05,57
2018-11-26,4104,83023,3749693,45.1,45.45,45.05,45.05,0.0,72
2018-11-27,4104,62225,2807919,45.1,45.2,45.1,45.15,0.1,56
2018-11-28,4104,102930,4675204,45.45,45.5,45.3,45.4,0.25,82
2018-11-29,4104,183401,8351183,45.5,45.7,45.4,45.5,0.1,139
2018-11-30,4104,89181,4077976,45.35,45.9,45.35,45.8,0.3,77
2018-12-03,4104,192483,8859415,45.8,46.2,45.8,45.9,0.1,144
2018-12-04,4104,117112,5371172,45.9,46.15,45.7,45.85,-0.05,115
2018-12-05,4104,108301,4934625,45.6,45.65,45.45,45.5,-0.35,79
2018-12-06,4104,192222,8722356,45.35,45.6,45.2,45.2,-0.3,121
2018-12-07,4104,90583,4115371,45.3,45.6,45.3,45.55,0.35,76
2018-12-10,4104,95600,4350477,45.5,45.55,45.4,45.55,0.0,72
2018-12-11,4104,90035,4130086,45.9,45.95,45.8,45.9,0.35,74
2018-12-12,4104,185400,8588496,45.95,46.5,45.95,46.5,0.6,158
2018-12-13,4104,67220,3123990,46.5,46.6,46.4,46.4,-0.1,61
2018-12-14,4104,101105,4699300,46.4,46.65,46.35,46.6,0.2,88
2018-12-17,4104,68500,3180597,46.4,46.6,46.25,46.45,-0.15,63
2018-12-18,4104,86350,3988533,46.3,46.5,46.0,46.1,-0.35,83
2018-12-19,4104,114101,5251365,46.1,46.35,45.85,46.15,0.05,90
2018-12-20,4104,79321,3638497,46.15,46.15,45.75,45.75,-0.4,78
2018-12-21,4104,217174,9958583,45.75,45.9,45.5,45.9,0.15,57
2018-12-22,4104,32131,1470747,45.7,46.0,45.65,45.75,-0.15,33
2018-12-24,4104,61001,2799745,45.75,46.05,45.75,45.8,0.05,52
2018-12-25,4104,90483,4103017,45.0,45.7,45.0,45.55,-0.25,82
2018-12-26,4104,51688,2352820,45.55,45.7,45.4,45.55,0.0,53
2018-12-27,4104,70120,3217661,45.75,46.1,45.75,45.95,0.4,64
2018-12-28,4104,46579,2139651,45.8,46.0,45.8,46.0,0.05,43
2019-01-02,4104,94300,4338610,46.0,46.1,45.95,46.0,0.0,64
2019-01-03,4104,98459,4531654,46.0,46.15,45.85,45.9,-0.1,75
2019-01-04,4104,894890,41881754,45.85,47.2,45.85,46.7,0.8,644
2019-01-07,4104,242370,11352003,47.15,47.35,46.6,46.75,0.05,192
2019-01-08,4104,208800,9780250,46.65,47.15,46.5,47.0,0.25,173
2019-01-09,4104,259948,12265406,47.05,47.3,47.05,47.2,0.2,191
2019-01-10,4104,148481,6986230,47.2,47.2,46.9,47.15,-0.05,129
2019-01-11,4104,206100,9707864,46.9,47.3,46.85,47.15,0.0,144
2019-01-14,4104,515763,24592588,47.2,47.9,47.2,47.7,0.55,363
2019-01-15,4104,166486,7922132,47.7,47.7,47.5,47.5,-0.2,125
2019-01-16,4104,204232,9754287,47.5,47.95,47.5,47.7,0.2,171
2019-01-17,4104,129340,6166379,47.7,47.9,47.5,47.6,-0.1,105
2019-01-18,4104,109901,5225983,47.6,47.75,47.5,47.5,-0.1,85
2019-01-21,4104,95481,4543089,47.7,47.7,47.5,47.6,0.1,82
2019-01-22,4104,60806,2892270,47.6,47.75,47.5,47.55,-0.05,63
2019-01-23,4104,182814,8751672,47.7,48.0,47.5,48.0,0.45,154
2019-01-24,4104,255476,12315448,48.0,48.35,48.0,48.15,0.15,199
2019-01-25,4104,195363,9414144,48.25,48.4,48.0,48.2,0.05,146
2019-01-28,4104,350015,16919566,48.1,48.5,48.0,48.15,-0.05,288
2019-01-29,4104,293195,14166137,48.15,48.45,48.05,48.2,0.05,214
2019-01-30,4104,267133,12920909,48.2,48.45,48.15,48.3,0.1,197
2019-02-11,4104,199972,9670536,48.4,48.5,48.15,48.5,0.2,197
2019-02-12,4104,150571,7271720,48.5,48.5,48.2,48.3,-0.2,143
2019-02-13,4104,108599,5245898,48.4,48.45,48.2,48.25,-0.05,80
2019-02-14,4104,136203,6561498,48.1,48.3,48.05,48.25,0.0,113
2019-02-15,4104,562550,27406934,48.25,49.4,48.1,48.65,0.4,427
2019-02-18,4104,125861,6131853,48.7,48.95,48.6,48.75,0.1,123
2019-02-19,4104,138300,6739188,48.75,49.0,48.65,48.65,-0.1,105
2019-02-20,4104,141200,6863333,48.7,48.75,48.5,48.6,-0.05,118
2019-02-21,4104,251680,12243570,48.6,48.9,48.55,48.6,0.0,175
2019-02-22,4104,112204,5427445,48.65,48.7,48.2,48.3,-0.3,116
2019-02-25,4104,97744,4729801,48.3,48.45,48.3,48.4,0.1,89
2019-02-26,4104,135412,6544441,48.4,48.5,48.25,48.3,-0.1,116
2019-02-27,4104,210944,10149101,48.3,48.3,48.0,48.1,-0.2,166
2019-03-04,4104,170623,8194713,48.15,48.15,47.9,48.1,0.0,149
2019-03-05,4104,126736,6078189,48.15,48.15,47.9,47.95,-0.15,125
2019-03-06,4104,166729,8002125,48.0,48.05,47.95,48.05,0.1,116
2019-03-07,4104,78230,3763355,47.8,48.3,47.8,48.1,0.05,85
2019-03-08,4104,261180,12647106,48.4,48.8,48.25,48.35,0.25,170
2019-03-11,4104,160955,7806556,48.65,48.65,48.4,48.5,0.15,166
2019-03-12,4104,86651,4196719,48.75,48.75,48.35,48.35,-0.15,85
2019-03-13,4104,67856,3275045,48.35,48.35,48.2,48.25,-0.1,68
2019-03-14,4104,112400,5422354,48.3,48.4,48.15,48.25,0.0,109
2019-03-15,4104,120385,5806382,48.35,48.35,48.1,48.15,-0.1,111
2019-03-18,4104,110400,5311838,48.15,48.2,48.05,48.05,-0.1,93
2019-03-19,4104,203205,9756940,48.05,48.1,47.95,47.95,-0.1,176
2019-03-20,4104,115200,5531662,47.95,48.1,47.95,48.1,0.15,105
2019-03-21,4104,582714,28473386,48.8,48.95,48.75,48.9,0.8,396
2019-03-22,4104,249265,12189485,49.0,49.2,48.65,49.0,0.1,196
2019-03-25,4104,170350,8314833,48.85,48.95,48.7,48.85,-0.15,148
2019-03-26,4104,254183,12510750,49.0,49.35,49.0,49.35,0.5,216
2019-03-27,4104,564178,28112059,49.35,50.2,49.2,49.8,0.45,453
2019-03-28,4104,299066,14849205,49.8,50.0,49.45,49.55,-0.25,211
2019-03-29,4104,187030,9258270,49.55,49.6,49.4,49.5,-0.05,168
2019-04-01,4104,223545,11110840,49.6,49.9,49.55,49.65,0.15,169
2019-04-02,4104,111992,5553899,49.65,49.85,49.5,49.5,-0.15,97
2019-04-03,4104,185233,9135733,49.45,49.6,49.2,49.3,-0.2,156
2019-04-08,4104,139779,6905462,49.4,49.5,49.3,49.4,0.1,128
2019-04-09,4104,120287,5939003,49.45,49.5,49.3,49.4,0.0,86
2019-04-10,4104,122041,6021973,49.45,49.45,49.25,49.4,0.0,96
2019-04-11,4104,117649,5835456,49.8,49.8,49.35,49.4,0.0,101
2019-04-12,4104,83738,4128976,49.4,49.4,49.2,49.3,-0.1,79
2019-04-15,4104,69072,3410185,49.35,49.5,49.3,49.3,0.0,101
2019-04-16,4104,108064,5331650,49.35,49.5,49.3,49.4,0.1,123
2019-04-17,4104,119468,5901330,49.4,49.55,49.3,49.45,0.05,121
2019-04-18,4104,152934,7568643,49.45,49.65,49.4,49.4,-0.05,133
2019-04-19,4104,82423,4071243,49.4,49.6,49.35,49.4,0.0,64
2019-04-22,4104,133659,6593836,49.4,49.5,49.2,49.25,-0.15,99
2019-04-23,4104,108506,5335593,49.3,49.3,49.05,49.15,-0.1,83
2019-04-24,4104,133250,6586814,49.2,49.6,49.1,49.5,0.35,117
2019-04-25,4104,103135,5101632,49.5,49.6,49.3,49.6,0.1,77
2019-04-26,4104,76380,3771950,49.5,49.5,49.3,49.35,-0.25,58
2019-04-29,4104,109066,5371834,49.35,49.4,49.15,49.2,-0.15,92
2019-04-30,4104,117398,5776310,49.2,49.3,49.1,49.15,-0.05,88
2019-05-02,4104,119873,5910736,49.2,49.35,49.2,49.3,0.15,69
2019-05-03,4104,86982,4287510,49.2,49.4,49.2,49.4,0.1,72
2019-05-06,4104,119029,5859081,49.2,49.35,49.15,49.2,-0.2,94
2019-05-07,4104,69181,3412027,49.2,49.4,49.2,49.35,0.15,67
2019-05-08,4104,95435,4703914,49.3,49.4,49.2,49.3,-0.05,74
2019-05-09,4104,353370,17293983,49.3,49.3,48.5,48.75,-0.55,235
2019-05-10,4104,119075,5825200,48.8,49.05,48.8,48.95,0.2,79
2019-05-13,4104,189287,9238521,48.9,48.95,48.65,48.7,-0.25,100
2019-05-14,4104,193275,9383506,48.6,48.85,48.3,48.85,0.15,138
2019-05-15,4104,200121,9907135,49.05,49.7,49.05,49.5,0.65,151
2019-05-16,4104,552433,27594829,49.65,50.5,49.5,50.1,0.6,333
2019-05-17,4104,236399,11836506,50.2,50.4,49.85,50.1,0.0,165
2019-05-20,4104,128512,6420166,50.3,50.3,49.7,49.9,-0.2,118
2019-05-21,4104,186309,9334400,49.8,50.3,49.6,50.2,0.3,134
2019-05-22,4104,107973,5419850,50.2,50.3,50.0,50.3,0.1,90
2019-05-23,4104,159313,7968467,50.3,50.3,49.9,50.1,-0.2,117
2019-05-24,4104,189875,9521050,50.2,50.3,50.0,50.2,0.1,131
2019-05-27,4104,482989,24333242,50.4,50.7,50.1,50.7,0.5,282
2019-05-28,4104,194158,9855694,50.8,50.9,50.6,50.8,0.1,153
2019-05-29,4104,156434,7929743,50.7,50.8,50.6,50.8,0.0,106
2019-05-30,4104,144433,7327651,50.6,50.9,50.6,50.8,0.0,102
2019-05-31,4104,183568,9337507,50.8,51.0,50.8,50.9,0.1,149
2019-06-03,4104,209033,10623666,50.8,51.0,50.7,50.9,0.0,143
2019-06-04,4104,318400,16262178,50.9,51.2,50.9,51.0,0.1,208
2019-06-05,4104,145245,7393967,51.1,51.1,50.8,50.9,-0.1,111
2019-06-06,4104,114591,5811720,50.7,50.9,50.5,50.7,-0.2,106
2019-06-10,4104,138041,7018978,50.7,51.0,50.7,50.8,0.1,95
2019-06-11,4104,614573,30917118,51.0,51.1,50.0,50.3,-0.5,245
2019-06-12,4104,122810,6183504,50.4,50.5,50.3,50.3,0.0,98
2019-06-13,4104,111102,5588758,50.3,50.4,50.2,50.4,0.1,74
2019-06-14,4104,154816,7780841,50.3,50.5,50.1,50.2,-0.2,134
2019-06-17,4104,98973,4979436,50.2,50.5,50.1,50.4,0.2,77
2019-06-18,4104,343490,17414390,50.4,51.1,50.3,51.0,0.6,212
2019-06-19,4104,239395,12207145,51.2,51.2,50.7,51.0,0.0,159
2019-06-20,4104,202563,10358976,51.0,51.3,51.0,51.3,0.3,158
2019-06-21,4104,326359,16796922,51.3,51.7,51.1,51.6,0.3,185
2019-06-24,4104,289727,14963636,51.8,51.8,51.4,51.6,0.0,178
2019-06-25,4104,185831,9561593,51.6,51.6,51.3,51.5,-0.1,120
2019-06-26,4104,119002,6112702,51.5,51.6,51.2,51.6,0.1,85
2019-06-27,4104,83759,4311235,51.4,51.6,51.3,51.5,-0.1,67
2019-06-28,4104,68025,3500986,51.5,51.6,51.3,51.6,0.1,65
2019-07-01,4104,260177,13402395,51.7,51.8,51.1,51.7,0.1,169
2019-07-02,4104,224612,11599775,51.7,51.8,51.5,51.6,-0.1,131
2019-07-03,4104,216101,11146309,51.5,51.7,51.5,51.7,0.1,111
2019-07-04,4104,536970,27878334,51.9,52.1,51.7,52.1,0.4,314
2019-07-05,4104,333024,17427249,52.2,52.5,52.2,52.4,0.3,225
2019-07-08,4104,287110,15094475,52.4,52.8,52.3,52.6,0.2,232
2019-07-09,4104,351398,18584349,52.5,53.0,52.5,52.9,0.3,257
2019-07-10,4104,318309,16739137,52.7,52.9,52.2,52.6,-0.3,212
2019-07-11,4104,193136,10184364,52.8,52.8,52.6,52.7,0.1,107
2019-07-12,4104,196660,10377145,52.7,52.9,52.7,52.8,0.1,127
2019-07-15,4104,270842,14321651,52.8,53.1,52.7,52.8,0.0,219
2019-07-16,4104,713436,38160160,53.1,53.8,53.0,53.6,0.8,513
2019-07-17,4104,408854,21930786,53.9,53.9,53.5,53.5,-0.1,302
2019-07-18,4104,2376943,130238170,53.8,55.5,53.8,54.8,1.3,1606
2019-07-19,4104,932880,51284118,55.4,55.6,54.6,54.9,0.1,686
2019-07-22,4104,1266382,69922386,55.0,55.8,54.7,54.7,-0.2,841
2019-07-23,4104,989149,53775771,55.0,55.0,54.0,54.1,-0.6,584
2019-07-24,4104,1242559,67643711,54.2,54.8,54.0,54.7,0.6,733
2019-07-25,4104,1507831,77235886,51.8,51.8,50.8,50.9,0.0,920
2019-07-26,4104,501148,25394929,51.1,51.1,50.5,50.9,0.0,354
2019-07-29,4104,358366,18117514,50.8,50.8,50.4,50.4,-0.5,275
2019-07-30,4104,670241,33443050,50.4,50.6,49.55,49.75,-0.65,481
2019-07-31,4104,247146,12377751,49.8,50.3,49.8,50.2,0.45,209
2019-08-01,4104,204201,10235769,50.0,50.4,49.8,50.2,0.0,150
2019-08-02,4104,555600,27496458,50.0,50.0,49.2,49.35,-0.85,395
2019-08-05,4104,259899,12804503,49.35,49.5,49.1,49.25,-0.1,206
2019-08-06,4104,469223,23105609,48.95,50.1,48.6,50.1,0.85,379
2019-08-07,4104,416478,20975188,50.1,50.8,50.1,50.3,0.2,296
2019-08-08,4104,197769,9969553,50.6,50.6,50.2,50.3,0.0,146
2019-08-12,4104,199309,10011441,50.0,50.5,49.9,50.2,-0.1,135
2019-08-13,4104,239809,11983688,50.1,50.2,49.85,50.2,0.0,171
2019-08-14,4104,208353,10525766,50.4,50.6,50.4,50.6,0.4,154
2019-08-15,4104,249057,12583207,50.3,50.9,49.85,50.7,0.1,171
2019-08-16,4104,201867,10223924,50.7,50.9,50.4,50.9,0.2,152
2019-08-19,4104,520445,26833290,51.2,52.0,50.9,51.8,0.9,393
2019-08-20,4104,426585,22186220,52.0,52.3,51.6,51.7,-0.1,334
2019-08-21,4104,244757,12713564,51.7,52.2,51.6,52.0,0.3,203
2019-08-22,4104,408841,21340413,52.2,52.3,52.1,52.3,0.3,318
2019-08-23,4104,473609,24902189,52.3,52.9,52.2,52.7,0.4,376
2019-08-26,4104,352151,18347128,52.3,52.5,51.8,51.9,-0.8,263
2019-08-27,4104,530926,28061278,52.2,53.2,52.2,53.0,1.1,451
2019-08-28,4104,289116,15277722,53.3,53.3,52.4,52.6,-0.4,227
2019-08-29,4104,404835,21525832,53.1,53.4,52.8,53.3,0.7,318
2019-08-30,4104,273139,14562119,53.5,53.7,53.1,53.4,0.1,223
2019-09-02,4104,278082,14914290,53.5,53.9,53.3,53.7,0.3,233
2019-09-03,4104,203870,10862610,53.7,53.7,53.0,53.2,-0.5,191
2019-09-04,4104,323450,17041313,53.0,53.0,52.4,52.7,-0.5,274
2019-09-05,4104,189312,9969176,52.7,52.9,52.5,52.5,-0.2,157
2019-09-06,4104,146835,7720465,52.6,52.8,52.4,52.6,0.1,121
2019-09-09,4104,125571,6623741,52.6,53.0,52.5,52.8,0.2,109
2019-09-10,4104,270155,14113687,52.8,52.8,52.0,52.1,-0.7,212
2019-09-11,4104,177198,9278073,52.6,52.7,52.2,52.3,0.2,131
2019-09-12,4104,127409,6678953,52.4,52.6,52.2,52.5,0.2,114
2019-09-16,4104,374609,19911277,52.7,53.7,52.7,53.1,0.6,275
2019-09-17,4104,208805,11063994,53.0,53.3,52.9,53.1,0.0,183
2019-09-18,4104,196441,10459943,53.1,53.4,53.1,53.4,0.3,170
2019-09-19,4104,194786,10405389,53.5,53.6,53.3,53.4,0.0,149
2019-09-20,4104,115206,6145775,53.4,53.5,53.3,53.3,-0.1,119
2019-09-23,4104,283060,15128514,53.3,53.7,53.1,53.5,0.2,225
2019-09-24,4104,257052,13606056,53.5,53.5,52.7,52.8,-0.7,219
2019-09-25,4104,117201,6192572,52.7,53.0,52.7,52.9,0.1,94
2019-09-26,4104,128134,6741485,53.0,53.0,52.3,52.4,-0.5,105
2019-09-27,4104,412331,21435372,52.4,52.6,51.5,52.0,-0.4,306
2019-10-01,4104,139419,7256298,52.2,52.4,51.8,51.8,-0.2,134
2019-10-02,4104,86388,4498989,51.8,52.3,51.8,52.2,0.4,73
2019-10-03,4104,97995,5110139,52.0,52.4,51.9,52.1,-0.1,67
2019-10-04,4104,79381,4144762,52.6,52.6,52.0,52.3,0.2,61
2019-10-07,4104,264629,14019637,52.4,53.3,52.4,52.8,0.5,215
2019-10-08,4104,146103,7720559,53.1,53.2,52.5,52.7,-0.1,107
2019-10-09,4104,97263,5129239,52.7,52.9,52.5,52.8,0.1,97
2019-10-14,4104,210408,11099239,52.9,53.1,52.5,52.8,0.0,139
2019-10-15,4104,185554,9812001,53.0,53.0,52.7,52.9,0.1,170
2019-10-16,4104,272188,14456416,53.0,53.3,52.9,53.2,0.3,203
2019-10-17,4104,129065,6874753,53.2,53.4,53.2,53.3,0.1,123
2019-10-18,4104,157720,8394709,53.4,53.4,53.1,53.1,-0.2,121
2019-10-21,4104,142403,7556359,53.2,53.2,52.9,53.0,-0.1,107
2019-10-22,4104,197162,10453486,53.1,53.2,52.9,53.0,0.0,152
2019-10-23,4104,158771,8409063,53.0,53.1,52.8,52.8,-0.2,94
2019-10-24,4104,92960,4919882,52.8,53.0,52.8,52.9,0.1,78
2019-10-25,4104,184966,9763803,52.9,53.0,52.6,52.8,-0.1,137
2019-10-28,4104,166418,8795306,52.8,53.1,52.7,52.9,0.1,137
2019-10-29,4104,200940,10590531,53.1,53.1,52.5,52.8,-0.1,157
2019-10-30,4104,770561,41385494,52.8,54.1,52.7,54.0,1.2,625
2019-10-31,4104,351038,18937847,54.7,54.7,53.4,53.5,-0.5,289
2019-11-01,4104,123264,6592968,53.5,53.7,53.2,53.7,0.2,114
2019-11-04,4104,161251,8684472,54.0,54.0,53.7,53.7,0.0,146
2019-11-05,4104,250803,13524597,53.8,54.2,53.7,53.7,0.0,186
2019-11-06,4104,140399,7537603,53.7,53.9,53.6,53.6,-0.1,111
2019-11-07,4104,160154,8596767,53.7,53.8,53.6,53.7,0.1,130
2019-11-08,4104,919891,48420850,53.7,53.7,52.2,52.6,-1.1,677
2019-11-11,4104,435307,22685653,52.4,52.6,51.9,52.1,-0.5,320
2019-11-12,4104,298458,15815463,52.4,53.4,52.4,53.0,0.9,250
2019-11-13,4104,162899,8661614,53.0,53.6,53.0,53.3,0.3,127
2019-11-14,4104,129736,6888980,53.4,53.5,53.0,53.0,-0.3,118
2019-11-15,4104,142981,7595685,53.1,53.3,53.0,53.1,0.1,120
2019-11-18,4104,186690,9948115,53.2,53.5,53.1,53.2,0.1,133
2019-11-19,4104,129088,6891194,53.3,53.5,53.3,53.4,0.2,117
2019-11-20,4104,117801,6276731,53.4,53.4,53.1,53.4,0.0,106
2019-11-21,4104,234536,12571834,53.4,53.9,53.2,53.8,0.4,197
2019-11-22,4104,447895,24281305,54.0,54.4,54.0,54.3,0.5,349
2019-11-25,4104,279604,15150572,54.6,54.6,53.9,54.0,-0.3,210
2019-11-26,4104,129900,7011900,54.0,54.0,53.8,53.9,-0.1,104
2019-11-27,4104,259781,13980414,53.9,54.0,53.6,53.6,-0.3,170
2019-11-28,4104,461334,25028701,53.6,54.6,53.5,54.5,0.9,309
2019-11-29,4104,1026097,56124521,54.6,55.4,53.7,53.9,-0.6,694
2019-12-02,4104,181249,9719014,53.9,53.9,53.3,53.7,-0.2,166
2019-12-03,4104,97023,5214525,53.7,54.0,53.5,53.6,-0.1,87
2019-12-04,4104,151513,8100144,53.5,53.6,53.4,53.4,-0.2,118
2019-12-05,4104,134845,7208372,53.4,53.6,53.3,53.4,0.0,102
2019-12-06,4104,125703,6714478,53.5,53.7,53.3,53.3,-0.1,114
2019-12-09,4104,159705,8551686,53.3,53.7,53.3,53.6,0.3,114
2019-12-10,4104,149235,7991686,53.6,53.7,53.4,53.6,0.0,121
2019-12-11,4104,204101,10968431,53.6,53.9,53.5,53.7,0.1,135
2019-12-12,4104,316919,16993753,53.8,53.8,53.4,53.5,-0.2,239
2019-12-13,4104,273162,14610064,53.6,53.6,53.3,53.3,-0.2,190
2019-12-16,4104,316947,16872562,53.4,53.5,53.0,53.3,0.0,217
2019-12-17,4104,388896,20911586,53.5,54.2,53.5,53.8,0.5,208
2019-12-18,4104,123190,6598696,53.8,53.8,53.4,53.7,-0.1,111
2019-12-19,4104,173703,9304605,53.7,53.7,53.5,53.5,-0.2,154
2019-12-20,4104,207995,11143230,53.9,53.9,53.4,53.5,0.0,140
2019-12-23,4104,196051,10538232,53.9,53.9,53.6,53.8,0.3,162
2019-12-24,4104,297545,16082478,53.8,54.2,53.8,54.1,0.3,258
2019-12-25,4104,166788,8966852,53.8,53.9,53.6,53.8,0.0,139
2019-12-26,4104,113903,6121556,53.5,54.0,53.5,53.9,0.1,111
2019-12-27,4104,226596,12220016,54.0,54.0,53.8,53.9,0.0,185
2019-12-30,4104,217591,11760747,53.9,54.3,53.9,54.1,0.2,168
2019-12-31,4104,141435,7632305,54.1,54.2,53.8,53.9,-0.2,114
2020-01-02,4104,299675,16092773,53.9,54.1,53.5,53.5,-0.4,250
2020-01-03,4104,283251,15164614,53.6,53.7,53.4,53.5,0.0,265
2020-01-06,4104,364094,19348372,53.4,53.4,53.0,53.1,-0.4,290
2020-01-07,4104,166954,8867362,53.2,53.3,53.0,53.1,0.0,165
2020-01-08,4104,215630,11404818,53.1,53.1,52.8,52.9,-0.2,206
2020-01-09,4104,178335,9454005,53.0,53.1,52.9,52.9,0.0,173
2020-01-10,4104,207150,11019058,53.3,53.3,53.0,53.2,0.3,172
2020-01-13,4104,319650,17264762,53.4,54.7,53.4,53.8,0.6,253
2020-01-14,4104,159643,8594449,54.0,54.0,53.7,53.8,0.0,133
2020-01-15,4104,163480,8775916,53.8,53.8,53.6,53.7,-0.1,117
2020-01-16,4104,115002,6182308,53.7,53.9,53.6,53.9,0.2,95
2020-01-17,4104,267870,14397880,54.0,54.1,53.6,53.6,-0.3,216
2020-01-20,4104,808132,43110046,53.0,53.6,53.0,53.5,-0.1,778
2020-01-30,4104,902751,48210952,53.5,54.3,53.0,53.0,-0.5,737
2020-01-31,4104,315521,16710213,53.0,53.2,52.8,52.9,-0.1,299
2020-02-03,4104,586112,30739436,52.5,53.1,51.7,52.9,0.0,380
2020-02-04,4104,180220,9546960,52.9,53.1,52.9,52.9,0.0,173
2020-02-05,4104,224670,11899410,53.0,53.4,52.8,52.9,0.0,191
2020-02-06,4104,260843,13806879,52.8,53.3,52.8,52.9,0.0,211
2020-02-07,4104,217468,11514504,53.0,53.1,52.7,53.0,0.1,200
2020-02-10,4104,180825,9568025,53.0,53.1,52.8,52.8,-0.2,147
2020-02-11,4104,104734,5538802,52.8,53.0,52.8,52.9,0.1,120
2020-02-12,4104,209824,11095372,52.9,53.0,52.7,52.9,0.0,188
2020-02-13,4104,231198,12230752,52.9,53.0,52.8,52.8,-0.1,170
2020-02-14,4104,215769,11411382,52.8,53.2,52.7,52.7,-0.1,174
2020-02-17,4104,358371,18818828,52.7,52.7,52.3,52.3,-0.4,314
2020-02-18,4104,135811,7135105,52.5,52.8,52.4,52.6,0.3,122
2020-02-19,4104,183543,9702407,52.9,53.1,52.6,52.9,0.3,182
2020-02-20,4104,310873,16560402,53.0,53.5,53.0,53.4,0.5,241
2020-02-21,4104,118903,6321704,53.2,53.3,53.1,53.2,-0.2,133
2020-02-24,4104,166954,8842648,53.1,53.2,52.7,52.9,-0.3,143
2020-02-25,4104,108095,5709635,52.8,53.0,52.7,52.8,-0.1,98
2020-02-26,4104,286866,15246776,53.0,53.5,52.7,53.1,0.3,181
2020-02-27,4104,273809,14499475,53.1,53.3,52.6,52.6,-0.5,181
2020-03-02,4104,381899,19954497,51.9,52.9,51.9,52.3,-0.3,339
2020-03-03,4104,127653,6716758,52.9,52.9,52.5,52.8,0.5,126
2020-03-04,4104,95461,5021826,52.5,52.9,52.5,52.7,-0.1,96
2020-03-05,4104,237924,12647148,52.9,53.5,52.7,53.3,0.6,181
2020-03-06,4104,201182,10694501,53.0,53.5,52.7,53.4,0.1,185
2020-03-09,4104,437244,23151421,53.2,53.5,52.5,52.6,-0.8,336
2020-03-10,4104,567001,29420342,52.1,52.3,51.6,52.3,-0.3,365
2020-03-11,4104,512544,27295753,52.8,53.8,52.8,53.0,0.7,420
2020-03-12,4104,600382,31209263,52.5,52.5,51.7,51.8,-1.2,471
2020-03-13,4104,1008348,50227521,50.0,50.8,49.3,50.6,-1.2,756
2020-03-16,4104,474951,24144804,50.7,51.5,50.5,50.6,0.0,381
2020-03-17,4104,723444,35966799,49.5,50.5,49.45,49.6,-1.0,548
2020-03-18,4104,298311,14827169,49.8,50.1,49.5,49.6,0.0,245
2020-03-19,4104,956488,44988536,48.6,48.6,46.0,46.4,-3.2,717
2020-03-20,4104,479203,23308636,47.1,49.35,47.1,48.8,2.4,395
2020-03-23,4104,253659,12282933,47.7,49.15,47.5,48.5,-0.3,209
2020-03-24,4104,203825,10060360,48.85,49.8,48.85,49.4,0.9,188
2020-03-25,4104,315922,15829290,50.5,50.5,49.8,49.85,0.45,279
2020-03-26,4104,197966,9902225,50.1,50.5,49.5,50.4,0.55,170
2020-03-27,4104,305304,15396155,50.9,50.9,50.1,50.1,-0.3,230
2020-03-30,4104,226681,11383812,50.1,50.8,49.5,50.7,0.6,189
2020-03-31,4104,295960,15005260,51.0,51.1,50.5,50.7,0.0,209
2020-04-01,4104,118076,5969032,50.4,50.8,50.4,50.5,-0.2,123
2020-04-06,4104,213587,10863537,50.7,51.2,50.6,51.0,0.5,202
2020-04-07,4104,311440,15983453,51.3,51.6,51.2,51.4,0.4,227
2020-04-08,4104,257115,13225518,51.4,51.7,51.2,51.5,0.1,204
2020-04-09,4104,178322,9187244,51.5,51.8,51.3,51.6,0.1,136
2020-04-10,4104,162887,8420640,51.6,51.9,51.5,51.7,0.1,130
2020-04-13,4104,320945,16765726,52.0,52.7,51.9,52.1,0.4,253
2020-04-14,4104,299525,15742025,52.1,53.0,52.1,53.0,0.9,251
2020-04-15,4104,292238,15429314,53.0,53.1,52.6,52.7,-0.3,233
2020-04-16,4104,222316,11673583,52.8,52.8,52.2,52.4,-0.3,196
2020-04-17,4104,266269,14021866,52.8,53.0,52.4,52.6,0.2,203
2020-04-20,4104,172607,9120871,52.6,53.0,52.6,52.9,0.3,130
2020-04-21,4104,397241,20718220,52.6,53.0,51.7,51.7,-1.2,306
2020-04-22,4104,225429,11725220,51.7,52.5,51.3,52.5,0.8,181
2020-04-23,4104,169252,8915973,52.6,52.9,52.5,52.6,0.1,138
2020-04-24,4104,89440,4716225,52.8,52.8,52.6,52.8,0.2,74
2020-04-27,4104,469199,24977217,52.7,53.5,52.5,53.4,0.6,354
2020-04-28,4104,244037,13055072,53.7,53.8,53.3,53.4,0.0,205
2020-04-29,4104,233915,12479950,53.4,53.6,53.1,53.5,0.1,205
2020-04-30,4104,389009,20953874,53.6,54.2,53.6,53.9,0.4,274
2020-05-04,4104,261276,13944704,53.2,53.8,52.8,53.2,-0.7,211
2020-05-05,4104,376313,20276102,53.8,54.1,53.5,54.0,0.8,268
2020-05-06,4104,855237,46637298,54.2,55.3,54.0,54.0,0.0,676
2020-05-07,4104,1759627,98038300,54.2,56.7,54.2,56.0,2.0,1303
2020-05-08,4104,802730,44635704,56.0,56.5,54.9,55.5,-0.5,616
2020-05-11,4104,394059,21845745,55.3,55.8,55.1,55.3,-0.2,317
2020-05-12,4104,444600,24445900,55.7,55.7,54.6,54.7,-0.6,321
2020-05-13,4104,352206,19258498,54.5,55.0,54.3,54.9,0.2,288
2020-05-14,4104,494207,27287355,54.8,55.8,54.5,54.9,0.0,401
2020-05-15,4104,394693,21531469,55.0,55.3,53.9,54.9,0.0,280
2020-05-18,4104,627674,34978832,55.4,56.3,55.0,55.4,0.5,436
2020-05-19,4104,467167,25876613,56.0,56.2,55.0,55.1,-0.3,334
2020-05-20,4104,252231,13967116,55.3,55.6,55.1,55.4,0.3,204
2020-05-21,4104,705484,39549901,55.7,56.4,55.7,55.8,0.4,461
2020-05-22,4104,1753581,99635488,56.0,57.7,55.8,57.0,1.2,1107
2020-05-25,4104,1322379,76497754,57.3,58.4,56.8,58.0,1.0,966
2020-05-26,4104,1002406,57647670,58.3,58.4,56.9,57.1,-0.9,707
2020-05-27,4104,491621,27905862,57.1,57.3,56.4,56.6,-0.5,389
2020-05-28,4104,534714,30065090,56.6,56.8,55.8,56.1,-0.5,415
2020-05-29,4104,368680,20756147,56.1,56.6,55.8,56.2,0.1,249
2020-06-01,4104,852464,49077362,57.2,57.9,57.1,57.7,1.5,617
2020-06-02,4104,476229,27489900,57.8,58.0,57.5,57.9,0.2,347
2020-06-03,4104,430272,24928804,58.0,58.1,57.7,57.8,-0.1,327
2020-06-04,4104,559368,32167226,58.0,58.0,57.1,57.7,-0.1,377
2020-06-05,4104,249868,14417170,57.7,57.9,57.5,57.8,0.1,213
2020-06-08,4104,551120,32035632,58.0,58.3,57.9,58.0,0.2,370
2020-06-09,4104,439956,25649643,58.1,58.5,58.1,58.3,0.3,313
2020-06-10,4104,723808,42581713,58.3,59.3,58.2,58.9,0.6,544
2020-06-11,4104,999608,57780360,58.9,58.9,57.0,57.2,-1.7,720
2020-06-12,4104,649946,36886304,56.1,57.3,55.7,57.2,0.0,454
2020-06-15,4104,765976,44608705,57.8,58.8,57.4,58.0,0.8,512
2020-06-16,4104,415519,24286896,58.6,58.8,58.2,58.3,0.3,295
2020-06-17,4104,549120,32167644,58.6,58.9,58.1,58.8,0.5,389
2020-06-18,4104,1317609,78528042,59.3,60.3,59.1,59.6,0.8,889
2020-06-19,4104,758935,45008565,60.0,60.0,58.8,59.1,-0.5,481
2020-06-22,4104,451851,26611140,59.3,59.6,58.6,58.7,-0.4,383
2020-06-23,4104,625274,36436105,58.7,59.1,57.9,58.1,-0.6,475
2020-06-24,4104,435006,25221043,58.5,58.5,57.5,58.3,0.2,307
2020-06-29,4104,1140233,67786922,58.5,60.0,58.3,59.4,1.1,848
2020-06-30,4104,437734,26007114,59.8,59.8,59.1,59.4,0.0,353
2020-07-01,4104,287897,17095576,59.6,59.6,59.2,59.5,0.1,210
2020-07-02,4104,383572,22909386,59.4,60.0,59.4,59.7,0.2,285
2020-07-03,4104,396067,23648882,59.8,60.0,59.5,59.6,-0.1,284
2020-07-06,4104,795522,47671000,59.7,60.2,59.6,60.0,0.4,502
2020-07-07,4104,2143396,131855496,60.9,62.9,60.7,61.6,1.6,1493
2020-07-08,4104,707938,43740861,61.6,62.2,61.1,62.0,0.4,545
2020-07-09,4104,1389162,87277343,62.4,63.8,61.8,63.1,1.1,967
2020-07-10,4104,1159021,71772973,63.6,63.6,60.8,61.7,-1.4,848
2020-07-13,4104,544008,33569177,61.6,62.3,61.2,61.9,0.2,418
2020-07-14,4104,654081,40502594,61.7,62.3,61.5,62.0,0.1,412
2020-07-15,4104,377624,23350988,62.0,62.2,61.7,61.7,-0.3,324
2020-07-16,4104,322899,19856784,61.7,61.9,61.2,61.6,-0.1,275
2020-07-17,4104,922298,56074485,61.4,61.6,60.2,60.4,-1.2,726
2020-07-20,4104,612326,36998513,60.4,61.4,59.5,61.1,0.7,437
2020-07-21,4104,423468,25871693,61.1,61.4,60.8,61.1,0.0,285
2020-07-22,4104,353920,21620720,61.0,61.3,60.8,61.0,-0.1,250
2020-07-23,4104,366002,22223710,61.0,61.1,60.5,60.7,-0.3,311
2020-07-24,4104,436327,26305439,60.5,60.6,60.0,60.1,-0.6,334
2020-07-27,4104,1149466,68120716,59.8,60.0,58.7,58.9,-1.2,774
2020-07-28,4104,930943,54751434,58.6,59.5,58.5,58.8,-0.1,515
2020-07-29,4104,1302943,77348376,58.9,59.8,58.9,59.7,0.9,735
2020-07-30,4104,1420982,80519074,56.7,57.1,56.2,56.9,0.0,586
2020-07-31,4104,1321948,76415867,57.1,58.4,57.0,57.7,0.8,824
2020-08-03,4104,631036,35925436,57.7,57.7,56.6,56.7,-1.0,480
2020-08-04,4104,285806,16234142,57.2,57.2,56.6,56.8,0.1,235
2020-08-05,4104,318222,18195063,56.8,57.5,56.8,57.4,0.6,242
2020-08-06,4104,361387,20669838,57.4,57.8,56.8,56.9,-0.5,282
2020-08-07,4104,191106,10885692,57.0,57.1,56.9,56.9,0.0,151
2020-08-10,4104,291759,16575363,57.0,57.1,56.5,56.6,-0.3,217
2020-08-11,4104,372893,20956841,56.6,56.6,56.0,56.1,-0.5,286
2020-08-12,4104,159085,8925199,56.0,56.4,56.0,56.1,0.0,147
2020-08-13,4104,198786,11230641,56.2,56.7,56.2,56.5,0.4,168
2020-08-14,4104,338278,19281219,56.5,57.5,56.3,57.3,0.8,265
2020-08-17,4104,911274,53222822,57.9,58.9,57.9,58.4,1.1,681
2020-08-18,4104,526869,30683944,58.5,58.8,57.9,58.2,-0.2,325
2020-08-19,4104,326356,18955448,58.7,58.7,57.8,57.9,-0.3,250
2020-08-20,4104,789566,44875306,57.9,57.9,56.3,57.5,-0.4,504
2020-08-21,4104,276128,15865381,57.8,57.9,57.2,57.6,0.1,223
2020-08-24,4104,244309,14013697,57.6,57.7,57.1,57.3,-0.3,196
2020-08-25,4104,274875,15714510,57.6,57.6,57.0,57.2,-0.1,211
2020-08-26,4104,230856,13202371,57.1,57.4,57.1,57.1,-0.1,204
2020-08-27,4104,337563,19213791,57.2,57.4,56.7,56.7,-0.4,262
2020-08-28,4104,277384,15738122,56.7,56.9,56.6,56.8,0.1,204
2020-08-31,4104,275409,15570913,57.0,57.0,56.3,56.5,-0.3,220
2020-09-01,4104,372530,20933642,56.5,56.6,56.1,56.2,-0.3,304
2020-09-02,4104,174112,9790327,56.2,56.5,56.1,56.3,0.1,162
2020-09-03,4104,342938,19348296,56.6,56.9,56.2,56.2,-0.1,299
2020-09-04,4104,872723,49624015,56.0,57.7,55.9,56.4,0.2,715
2020-09-07,4104,376350,21315466,56.6,57.0,56.4,56.7,0.3,301
2020-09-08,4104,227837,12900305,56.8,56.9,56.4,56.7,0.0,177
2020-09-09,4104,261814,14772728,56.4,56.8,56.2,56.7,0.0,198
2020-09-10,4104,295977,16678694,56.7,56.7,56.2,56.4,-0.3,223
2020-09-11,4104,197674,11098041,56.4,56.4,56.0,56.1,-0.3,183
2020-09-14,4104,247202,13869612,56.5,56.5,55.9,56.2,0.1,158
2020-09-15,4104,123408,6935663,56.2,56.3,56.1,56.2,0.0,109
2020-09-16,4104,133074,7481367,56.2,56.4,56.1,56.3,0.1,118
2020-09-17,4104,130513,7374731,56.5,56.7,56.4,56.5,0.2,104
2020-09-18,4104,115413,6541841,56.5,56.8,56.5,56.7,0.2,108
2020-09-21,4104,330162,18818811,56.7,57.3,56.7,56.8,0.1,281
2020-09-22,4104,202613,11428531,56.8,56.8,56.2,56.4,-0.4,162
2020-09-23,4104,171904,9655484,56.4,56.4,56.1,56.1,-0.3,132
2020-09-24,4104,495835,27457760,56.0,56.0,55.0,55.2,-0.9,399
2020-09-25,4104,310725,17138880,55.3,55.5,54.8,55.1,-0.1,276
2020-09-28,4104,153525,8475083,55.2,55.5,55.1,55.1,0.0,140
2020-09-29,4104,130102,7202777,55.3,55.5,55.2,55.4,0.3,98
2020-09-30,4104,165088,9166615,55.4,55.9,55.2,55.4,0.0,125
2020-10-05,4104,200702,11194158,55.2,56.1,55.2,56.0,0.6,166
2020-10-06,4104,128150,7179550,56.0,56.3,55.8,55.9,-0.1,107
2020-10-07,4104,102604,5720941,55.8,55.9,55.6,55.9,0.0,91
2020-10-08,4104,169680,9490748,56.2,56.2,55.7,56.2,0.3,124
2020-10-12,4104,113121,6349105,56.3,56.3,56.0,56.1,-0.1,98
2020-10-13,4104,133941,7504159,56.1,56.3,55.8,56.1,0.0,110
2020-10-14,4104,235281,13297526,56.0,56.6,56.0,56.5,0.4,187
2020-10-15,4104,119280,6734617,56.6,56.7,56.2,56.3,-0.2,105
2020-10-16,4104,128314,7229062,56.2,56.6,56.1,56.4,0.1,121
2020-10-19,4104,288616,16411612,56.7,57.0,56.6,56.9,0.5,236
2020-10-20,4104,129128,7338296,56.8,57.0,56.6,56.9,0.0,132
2020-10-21,4104,169525,9648425,56.9,57.0,56.5,57.0,0.1,169
2020-10-22,4104,899177,51522740,57.0,57.9,56.8,56.9,-0.1,501
2020-10-23,4104,213311,12192083,57.9,57.9,56.8,57.2,0.3,180
2020-10-26,4104,117529,6706609,57.2,57.2,56.9,57.0,-0.2,106
2020-10-27,4104,125163,7142932,57.0,57.3,56.9,57.0,0.0,128
2020-10-28,4104,129201,7343537,57.0,57.1,56.6,56.7,-0.3,131
2020-10-29,4104,166643,9412689,56.4,56.6,56.2,56.5,-0.2,136
2020-10-30,4104,128190,7236220,56.3,56.9,56.2,56.2,-0.3,113
2020-11-02,4104,103169,5804759,56.1,56.5,56.1,56.3,0.1,88
2020-11-03,4104,68342,3863013,56.3,56.7,56.3,56.6,0.3,81
2020-11-04,4104,49921,2830630,56.8,56.8,56.6,56.7,0.1,62
2020-11-05,4104,88687,5032942,56.7,56.9,56.7,56.8,0.1,91
2020-11-06,4104,125217,7110539,56.8,57.0,56.7,56.7,-0.1,110
2020-11-09,4104,197387,11204210,56.7,57.0,56.6,56.8,0.1,172
2020-11-10,4104,219120,12470785,56.9,57.1,56.7,56.9,0.1,176
2020-11-11,4104,260438,14863904,56.9,57.3,56.8,57.3,0.4,223
2020-11-12,4104,243166,13853787,57.3,57.3,56.6,56.8,-0.5,188
2020-11-13,4104,92164,5245622,56.8,57.1,56.6,57.1,0.3,114
2020-11-16,4104,256188,14573107,57.1,57.1,56.6,56.8,-0.3,212
2020-11-17,4104,317249,18070831,56.9,57.2,56.7,57.1,0.3,214
2020-11-18,4104,180548,10310791,57.2,57.2,57.0,57.0,-0.1,151
2020-11-19,4104,208879,11918913,57.0,57.2,57.0,57.0,0.0,141
2020-11-20,4104,83349,4755730,57.0,57.1,57.0,57.1,0.1,102
2020-11-23,4104,315867,18033424,57.1,57.2,57.0,57.1,0.0,226
2020-11-24,4104,204703,11684333,57.1,57.2,57.0,57.0,-0.1,149
2020-11-25,4104,151467,8642125,57.0,57.2,57.0,57.0,0.0,140
2020-11-26,4104,174849,9979827,57.0,57.2,57.0,57.0,0.0,138
2020-11-27,4104,169609,9687173,57.0,57.2,56.9,57.2,0.2,145
2020-11-30,4104,270834,15563393,57.2,57.7,57.2,57.4,0.2,212
2020-12-01,4104,155655,8916724,57.4,57.4,57.1,57.3,-0.1,134
2020-12-02,4104,180160,10306810,57.3,57.3,57.1,57.2,-0.1,154
2020-12-03,4104,199664,11414713,57.2,57.3,57.0,57.2,0.0,151
2020-12-04,4104,199348,11409108,57.3,57.3,57.1,57.2,0.0,156
2020-12-07,4104,309173,17618281,57.3,57.3,56.8,57.0,-0.2,235
2020-12-08,4104,131925,7513568,57.0,57.0,56.9,56.9,-0.1,120
2020-12-09,4104,311125,17653764,56.9,56.9,56.6,56.7,-0.2,280
2020-12-10,4104,286309,16181693,56.7,56.7,56.4,56.5,-0.2,255
2020-12-11,4104,245108,13810716,56.5,56.5,56.2,56.5,0.0,192
2020-12-14,4104,155348,8784093,56.3,56.7,56.3,56.6,0.1,139
2020-12-15,4104,290557,16333053,56.6,56.6,56.0,56.1,-0.5,242
2020-12-16,4104,297052,16668730,56.1,56.3,56.0,56.3,0.2,242
2020-12-17,4104,119291,6698072,56.3,56.4,56.0,56.2,-0.1,109
2020-12-18,4104,170025,9535742,56.2,56.3,56.0,56.1,-0.1,154
2020-12-21,4104,228444,12840707,56.1,56.5,56.0,56.3,0.2,175
2020-12-22,4104,137025,7708687,56.3,56.4,56.1,56.3,0.0,128
2020-12-23,4104,135201,7592728,56.3,56.6,56.0,56.1,-0.2,113
2020-12-24,4104,114574,6434037,56.1,56.3,56.0,56.3,0.2,117
2020-12-25,4104,168633,9495616,56.3,56.5,56.1,56.2,-0.1,104
2020-12-28,4104,147552,8300054,56.2,56.4,56.1,56.4,0.2,142
2020-12-29,4104,169314,9554347,56.4,56.6,56.4,56.5,0.1,129
2020-12-30,4104,173062,9774159,56.5,56.6,56.4,56.5,0.0,156
2020-12-31,4104,517343,29058602,56.5,56.6,56.0,56.1,-0.4,417
2021-01-04,4104,373192,20909134,56.2,56.2,55.9,56.1,0.0,252
2021-01-05,4104,352892,19748528,56.1,56.1,55.9,55.9,-0.2,258
2021-01-06,4104,575880,32087562,56.0,56.2,55.5,55.8,-0.1,465
2021-01-07,4104,273281,15189643,55.6,55.8,55.5,55.6,-0.2,239
2021-01-08,4104,384523,21511624,55.6,56.4,55.5,56.2,0.6,252
2021-01-11,4104,261138,14646720,56.4,56.4,55.8,56.1,-0.1,227
2021-01-12,4104,241656,13524944,56.0,56.4,55.7,55.8,-0.3,178
2021-01-13,4104,200845,11190791,55.7,55.9,55.5,55.7,-0.1,212
2021-01-14,4104,124988,6980239,55.7,56.0,55.6,55.9,0.2,126
2021-01-15,4104,345353,19202402,56.1,56.1,55.4,55.7,-0.2,280
2021-01-18,4104,166063,9208315,55.7,55.7,55.3,55.6,-0.1,177
2021-01-19,4104,169031,9380822,55.6,55.8,55.4,55.6,0.0,158
2021-01-20,4104,509708,28120926,55.5,55.5,55.0,55.0,-0.6,379
2021-01-21,4104,273074,15026460,55.1,55.2,54.9,54.9,-0.1,255
2021-01-22,4104,241255,13191822,54.9,54.9,54.5,54.6,-0.3,261
2021-01-25,4104,121083,6637838,54.6,55.0,54.6,54.9,0.3,115
2021-01-26,4104,119249,6546010,55.0,55.0,54.8,54.8,-0.1,124
2021-01-27,4104,64900,3570671,54.8,55.2,54.8,55.1,0.3,60
2021-01-28,4104,124277,6823642,54.9,55.1,54.7,54.9,-0.2,107
2021-01-29,4104,117720,6454298,54.9,55.1,54.6,54.6,-0.3,123
2021-02-01,4104,316718,17196693,54.5,54.5,54.1,54.3,-0.3,319
2021-02-02,4104,197715,10794282,54.5,55.0,54.3,54.4,0.1,188
2021-02-03,4104,148122,8073565,54.4,54.8,54.3,54.5,0.1,151
2021-02-04,4104,130116,7084595,54.4,54.6,54.3,54.4,-0.1,133
2021-02-05,4104,148463,8088276,54.5,54.6,54.4,54.5,0.1,137
2021-02-17,4104,269976,14821664,54.6,55.0,54.6,54.9,0.4,230
2021-02-18,4104,181749,10027808,54.9,55.5,54.9,55.5,0.6,188
2021-02-19,4104,203814,11278390,55.4,55.6,55.2,55.6,0.1,192
2021-02-22,4104,293237,16390466,55.6,56.1,55.6,56.0,0.4,264
2021-02-23,4104,232552,13031181,56.2,56.2,55.9,56.2,0.2,186
2021-02-24,4104,180848,10119404,56.2,56.2,55.7,55.8,-0.4,155
2021-02-25,4104,236282,13172953,55.8,55.9,55.6,55.8,0.0,180
2021-02-26,4104,198707,11043839,55.4,55.7,55.4,55.6,-0.2,172
2021-03-02,4104,177494,9872806,55.7,55.8,55.4,55.4,-0.2,169
2021-03-03,4104,92100,5119156,55.6,55.7,55.4,55.6,0.2,88
2021-03-04,4104,110958,6175130,55.4,55.8,55.4,55.8,0.2,130
2021-03-05,4104,108568,6058557,55.8,55.9,55.7,55.8,0.0,116
2021-03-08,4104,193130,10815923,55.9,56.1,55.8,55.9,0.1,212
2021-03-09,4104,215190,12045929,55.9,56.1,55.7,56.1,0.2,206
2021-03-10,4104,290103,16284433,56.1,56.3,55.9,56.1,0.0,231
2021-03-11,4104,221858,12449231,56.0,56.3,56.0,56.2,0.1,179
2021-03-12,4104,270516,15150849,56.2,56.3,55.8,55.9,-0.3,218
2021-03-15,4104,1139922,65481362,56.8,57.9,56.7,57.8,1.9,954
2021-03-16,4104,364440,21027498,57.8,57.9,57.5,57.8,0.0,306
2021-03-17,4104,280310,16214879,57.8,58.0,57.8,57.9,0.1,277
2021-03-18,4104,365932,21203459,58.0,58.1,57.8,58.0,0.1,294
2021-03-19,4104,263351,15261553,57.9,58.2,57.8,57.9,-0.1,246
2021-03-22,4104,210062,12163689,58.2,58.2,57.7,58.0,0.1,194
2021-03-23,4104,260348,15113942,58.0,58.2,57.9,58.1,0.1,222
2021-03-24,4104,302074,17618535,58.1,58.5,58.0,58.4,0.3,223
2021-03-25,4104,199877,11648720,58.4,58.4,58.2,58.4,0.0,178
2021-03-26,4104,212196,12375786,58.5,58.5,58.2,58.5,0.1,189
2021-03-29,4104,294644,17263350,58.5,58.8,58.5,58.6,0.1,268
2021-03-30,4104,233836,13692148,58.6,58.8,58.4,58.8,0.2,193
2021-03-31,4104,253338,14908024,58.6,59.0,58.6,58.8,0.0,209
2021-04-01,4104,204612,12021916,58.8,59.0,58.6,58.8,0.0,181
2021-04-06,4104,302223,17703982,58.8,58.9,58.3,58.4,-0.4,271
2021-04-07,4104,260263,15159670,58.4,58.4,58.1,58.3,-0.1,251
2021-04-08,4104,566803,32953870,58.3,58.4,57.9,58.2,-0.1,413
2021-04-09,4104,298159,17449804,58.2,58.8,58.2,58.7,0.5,271
2021-04-12,4104,364304,21350553,58.7,58.9,58.4,58.6,-0.1,292
2021-04-13,4104,301513,17666643,58.6,58.8,58.3,58.7,0.1,261
2021-04-14,4104,419269,24369287,58.7,58.7,57.8,58.1,-0.6,335
2021-04-15,4104,179129,10425882,58.2,58.4,58.0,58.3,0.2,158
2021-04-16,4104,236066,13783600,58.2,58.6,58.1,58.6,0.3,183
2021-04-19,4104,518767,30580151,58.6,59.5,58.5,59.3,0.7,463
2021-04-20,4104,223809,13225524,58.8,59.3,58.8,59.2,-0.1,227
2021-04-21,4104,261285,15500353,59.2,59.5,59.2,59.2,0.0,258
2021-04-22,4104,445332,26349901,59.3,59.6,58.5,58.6,-0.6,352
2021-04-23,4104,238828,13960174,58.7,58.8,58.2,58.4,-0.2,214
2021-04-26,4104,441072,26005687,58.6,59.2,58.6,58.9,0.5,387
2021-04-27,4104,543319,32239454,59.0,59.5,59.0,59.4,0.5,392
2021-04-28,4104,298827,17683431,59.5,59.5,58.8,59.5,0.1,253
2021-04-29,4104,230342,13607280,59.5,59.5,58.8,59.0,-0.5,200
2021-05-03,4104,569603,33579140,59.0,59.5,58.6,58.6,-0.4,414
2021-05-04,4104,792675,45979177,58.6,58.8,57.4,57.9,-0.7,625
2021-05-05,4104,274535,15954322,57.9,58.4,57.7,58.3,0.4,216
2021-05-06,4104,327240,19114991,58.3,58.9,58.1,58.2,-0.1,172
2021-05-07,4104,139379,8142419,58.3,58.7,58.2,58.6,0.4,149
2021-05-10,4104,237491,13926651,58.6,58.8,58.5,58.8,0.2,207
2021-05-11,4104,387918,22597928,58.7,58.8,57.9,58.0,-0.8,329
2021-05-12,4104,1221171,69636767,58.0,58.5,55.7,56.9,-1.1,849
2021-05-13,4104,412354,23296219,56.7,57.0,55.6,56.6,-0.3,366
2021-05-14,4104,254787,14528725,56.6,57.5,56.6,56.9,0.3,263
2021-05-17,4104,521535,29250143,55.5,56.8,55.5,55.9,-1.0,413
2021-05-18,4104,215016,12119664,55.9,56.7,55.9,56.6,0.7,186
2021-05-19,4104,186270,10511374,56.6,56.7,56.2,56.4,-0.2,184
2021-05-20,4104,263645,14825118,56.8,56.8,56.0,56.2,-0.2,240
2021-05-21,4104,95113,5362789,56.6,56.7,56.2,56.4,0.2,119
2021-05-24,4104,242474,13204432,56.4,56.8,56.2,56.8,0.4,125
2021-05-25,4104,168361,9579806,56.9,57.1,56.7,56.8,0.0,191
2021-05-26,4104,221929,12583042,56.9,56.9,56.6,56.8,0.0,187
2021-05-27,4104,210527,12023254,56.8,57.8,56.7,57.6,0.8,186
2021-05-28,4104,187853,10872169,57.7,58.4,57.6,57.8,0.2,179
2021-05-31,4104,148346,8551436,58.2,58.3,57.5,57.6,-0.2,164
2021-06-01,4104,116885,6726806,57.5,57.9,57.3,57.8,0.2,134
2021-06-02,4104,132926,7647958,57.8,57.8,57.5,57.6,-0.2,134
2021-06-03,4104,175130,10047891,57.5,57.7,57.1,57.3,-0.3,155
2021-06-04,4104,138974,7991751,57.5,57.8,57.1,57.5,0.2,113
2021-06-07,4104,221094,12775731,57.8,58.3,57.3,57.6,0.1,177
2021-06-08,4104,100374,5789797,58.0,58.0,57.6,57.6,0.0,85
2021-06-09,4104,86052,4952099,58.0,58.0,57.4,57.6,0.0,99
2021-06-10,4104,92101,5315938,58.0,58.0,57.5,57.8,0.2,109
2021-06-11,4104,118054,6833876,57.7,58.1,57.6,57.8,0.0,97
2021-06-15,4104,127080,7337230,58.0,58.0,57.5,57.7,-0.1,129
2021-06-16,4104,117021,6743999,57.7,57.7,57.5,57.7,0.0,109
2021-06-17,4104,101081,5828272,57.7,57.8,57.5,57.6,-0.1,102
2021-06-18,4104,129379,7454604,57.6,57.8,57.5,57.8,0.2,125
2021-06-21,4104,170877,9819527,57.8,57.8,57.3,57.4,-0.4,164
2021-06-22,4104,84540,4861030,57.5,57.8,57.4,57.5,0.1,104
2021-06-23,4104,70731,4086219,57.5,57.9,57.5,57.8,0.3,96
2021-06-24,4104,129693,7501106,57.8,57.9,57.6,57.9,0.1,103
2021-06-25,4104,171837,9969169,58.0,58.2,57.9,57.9,0.0,163
2021-06-28,4104,240051,13919443,58.0,58.2,57.8,58.2,0.3,182
2021-06-29,4104,120058,6961894,58.2,58.2,57.9,58.0,-0.2,109
2021-06-30,4104,204952,11927528,58.1,58.3,58.0,58.2,0.2,142
2021-07-01,4104,459234,26961694,58.3,58.9,58.3,58.6,0.4,295
2021-07-02,4104,132967,7797685,58.7,58.8,58.5,58.6,0.0,119
2021-07-05,4104,283619,16629806,58.7,59.0,58.4,58.6,0.0,195
2021-07-06,4104,99623,5835202,58.6,58.8,58.4,58.5,-0.1,114
2021-07-07,4104,98986,5773045,58.4,58.5,58.2,58.3,-0.2,102
2021-07-08,4104,155177,9054686,58.3,58.5,58.2,58.5,0.2,160
2021-07-09,4104,306574,17810687,58.5,58.5,57.8,58.1,-0.4,257
2021-07-12,4104,235500,13665770,58.4,58.4,57.9,58.0,-0.1,205
2021-07-13,4104,226531,13129183,58.0,58.3,57.8,58.0,0.0,217
2021-07-14,4104,238290,13820928,58.0,58.5,57.8,58.0,0.0,158
2021-07-15,4104,167966,9800186,58.0,58.5,58.0,58.3,0.3,134
2021-07-16,4104,145869,8523547,58.4,58.5,58.3,58.4,0.1,140
2021-07-19,4104,267986,15627323,58.4,58.6,58.2,58.3,-0.1,187
2021-07-20,4104,432236,25279196,58.2,58.7,58.2,58.5,0.2,249
2021-07-21,4104,479250,28209503,58.8,59.1,58.6,58.7,0.2,360
2021-07-22,4104,318452,18733760,58.7,59.0,58.6,58.7,0.0,248
2021-07-23,4104,308068,18182784,58.8,59.1,58.8,59.1,0.4,247
2021-07-26,4104,426816,25295341,59.3,59.4,59.1,59.2,0.1,342
2021-07-27,4104,405935,23971887,59.3,59.3,58.9,59.1,-0.1,313
2021-07-28,4104,632862,37189580,59.1,59.1,58.4,58.8,-0.3,501
2021-07-29,4104,626262,35048615,55.3,56.3,55.3,56.0,0.0,617
2021-07-30,4104,257008,14376399,55.8,56.1,55.8,56.0,0.0,254
2021-08-02,4104,224659,12550160,56.0,56.0,55.7,56.0,0.0,208
2021-08-03,4104,162352,9062649,55.7,56.0,55.7,55.9,-0.1,177
2021-08-04,4104,131160,7338399,55.9,56.0,55.9,56.0,0.1,127
2021-08-05,4104,185040,10365504,56.1,56.2,55.9,56.1,0.1,163
2021-08-06,4104,100881,5654538,56.1,56.1,55.9,56.1,0.0,111
2021-08-09,4104,137666,7696999,56.0,56.0,55.8,55.8,-0.3,153
2021-08-10,4104,413088,22839547,55.9,55.9,55.0,55.2,-0.6,424
2021-08-11,4104,194898,10759452,55.2,55.5,55.0,55.2,0.0,199
2021-08-12,4104,81825,4520623,55.2,55.4,55.1,55.3,0.1,80
2021-08-13,4104,226891,12478830,55.3,55.3,54.9,54.9,-0.4,235
2021-08-16,4104,171702,9396623,55.0,55.0,54.6,54.6,-0.3,207
2021-08-17,4104,121240,6642441,55.0,55.0,54.6,54.7,0.1,126
2021-08-18,4104,159073,8687948,54.9,55.0,54.4,55.0,0.3,149
2021-08-19,4104,218213,11937603,55.0,55.0,54.5,54.8,-0.2,208
2021-08-20,4104,101136,5520839,54.8,54.8,54.5,54.5,-0.3,96
2021-08-23,4104,129134,7048107,54.5,54.7,54.5,54.6,0.1,148
2021-08-24,4104,92969,5086414,55.0,55.0,54.5,54.7,0.1,117
2021-08-25,4104,127068,6969085,54.7,55.0,54.6,54.8,0.1,114
2021-08-26,4104,87063,4773055,54.9,55.0,54.7,54.8,0.0,117
2021-08-27,4104,149571,8231093,54.8,55.3,54.7,55.1,0.3,121
2021-08-30,4104,124756,6924381,55.3,55.7,55.2,55.7,0.6,130
2021-08-31,4104,96831,5397493,55.6,55.9,55.6,55.9,0.2,117
2021-09-01,4104,92402,5161859,55.9,55.9,55.7,55.9,0.0,92
2021-09-02,4104,167053,9292806,55.9,55.9,55.2,55.5,-0.4,189
2021-09-03,4104,63044,3506574,55.5,55.8,55.5,55.8,0.3,71
2021-09-06,4104,65077,3619731,55.8,55.8,55.5,55.5,-0.3,78
2021-09-07,4104,86976,4831983,55.5,55.7,55.5,55.6,0.1,91
2021-09-08,4104,103166,5711678,55.6,55.6,55.2,55.2,-0.4,125
2021-09-09,4104,55503,3064508,55.1,55.3,55.0,55.1,-0.1,56
2021-09-10,4104,98131,5405389,55.1,55.3,55.0,55.2,0.1,107
2021-09-13,4104,108386,5993302,55.4,55.4,55.1,55.3,0.1,115
2021-09-14,4104,79524,4418761,55.8,55.8,55.4,55.4,0.1,94
2021-09-15,4104,61050,3387406,55.5,55.7,55.2,55.5,0.1,88
2021-09-16,4104,64821,3596149,55.6,55.6,55.4,55.4,-0.1,79
2021-09-17,4104,71321,3956099,55.4,55.6,55.3,55.5,0.1,78
2021-09-22,4104,107409,5936328,55.5,55.5,55.0,55.2,-0.3,132
2021-09-23,4104,103583,5722971,55.3,55.5,55.0,55.1,-0.1,118
2021-09-24,4104,123317,6813016,55.2,55.4,55.1,55.2,0.1,108
2021-09-27,4104,62050,3442102,55.5,55.6,55.4,55.4,0.2,91
2021-09-28,4104,43464,2410513,55.6,55.6,55.3,55.5,0.1,59
2021-09-29,4104,85863,4744024,55.5,55.5,55.1,55.3,-0.2,106
2021-09-30,4104,56938,3150777,55.1,55.5,55.1,55.3,0.0,67
2021-10-01,4104,155675,8581616,55.1,55.4,55.0,55.0,-0.3,166
2021-10-04,4104,152534,8382717,55.0,55.1,54.8,54.8,-0.2,132
2021-10-05,4104,129855,7141824,54.8,55.2,54.6,55.1,0.3,116
2021-10-06,4104,122012,6718429,55.5,55.5,54.8,55.3,0.2,119
2021-10-07,4104,78361,4337935,55.2,55.5,55.0,55.4,0.1,78
2021-10-08,4104,48771,2692460,55.4,55.4,55.1,55.3,-0.1,66
2021-10-12,4104,138905,7636968,55.3,55.3,54.9,54.9,-0.4,149
2021-10-13,4104,105970,5814532,54.9,55.1,54.8,54.8,-0.1,117
2021-10-14,4104,103598,5678401,54.8,55.0,54.7,54.9,0.1,108
2021-10-15,4104,94734,5200015,55.0,55.0,54.8,55.0,0.1,117
2021-10-18,4104,77012,4230646,55.0,55.0,54.8,55.0,0.0,92
2021-10-19,4104,152304,8408260,55.0,55.5,55.0,55.2,0.2,119
2021-10-20,4104,94370,5191074,55.2,55.3,54.7,55.1,-0.1,96
2021-10-21,4104,835065,46319113,55.1,56.2,54.6,56.2,1.1,437
2021-10-22,4104,159248,8849596,56.0,56.0,55.4,55.6,-0.6,170
2021-10-25,4104,93301,5172477,55.6,55.6,55.3,55.6,0.0,95
2021-10-26,4104,294000,16371714,55.8,55.8,55.5,55.7,0.1,100
2021-10-27,4104,85663,4752531,55.5,55.6,55.4,55.5,-0.2,83
2021-10-28,4104,69242,3844124,55.5,55.6,55.4,55.5,0.0,80
2021-10-29,4104,62248,3445861,55.6,55.6,55.2,55.3,-0.2,70
2021-11-01,4104,57477,3180989,55.4,55.5,55.2,55.5,0.2,99
2021-11-02,4104,64404,3569774,55.5,55.5,55.2,55.5,0.0,60
2021-11-03,4104,55382,3069109,55.4,55.5,55.3,55.5,0.0,44
2021-11-04,4104,76046,4227981,55.7,55.7,55.5,55.7,0.2,91
2021-11-05,4104,93860,5209197,55.5,55.7,55.3,55.5,-0.2,139
2021-11-08,4104,139852,7775942,55.7,55.7,55.5,55.6,0.1,110
2021-11-09,4104,123695,6896065,55.8,55.8,55.7,55.8,0.2,139
2021-11-10,4104,283803,15953687,56.0,56.5,55.9,56.5,0.7,259
2021-11-11,4104,369186,21047544,56.5,57.6,56.5,57.4,0.9,344
2021-11-12,4104,222090,12745113,57.4,57.8,57.2,57.2,-0.2,193
2021-11-15,4104,221160,12719995,57.5,57.8,57.3,57.5,0.3,192
2021-11-16,4104,412525,23915064,57.8,58.2,57.7,58.1,0.6,331
2021-11-17,4104,140582,8123750,58.1,58.1,57.6,57.7,-0.4,154
2021-11-18,4104,112523,6506475,57.9,58.0,57.7,57.9,0.2,128
2021-11-19,4104,131834,7605255,58.0,58.1,57.5,57.7,-0.2,118
2021-11-22,4104,165664,9543586,58.0,58.0,57.4,57.7,0.0,158
2021-11-23,4104,134081,7711882,57.5,57.7,57.4,57.7,0.0,116
2021-11-24,4104,122551,7016530,57.5,57.5,57.1,57.3,-0.4,148
2021-11-25,4104,111373,6414645,57.4,57.8,57.4,57.7,0.4,108
2021-11-26,4104,89956,5158939,57.6,57.6,57.1,57.2,-0.5,125
2021-11-29,4104,161698,9212005,57.0,57.2,56.8,57.0,-0.2,142
2021-11-30,4104,202879,11506071,57.3,57.7,56.1,56.1,-0.9,195
2021-12-01,4104,118636,6752743,56.7,57.3,56.5,57.2,1.1,133
2021-12-02,4104,85972,4889891,56.6,57.1,56.6,56.9,-0.3,117
2021-12-03,4104,53003,3033964,57.4,57.4,57.0,57.1,0.2,65
2021-12-06,4104,72380,4131047,57.4,57.4,56.9,56.9,-0.2,61
2021-12-07,4104,51172,2911864,56.8,57.1,56.7,56.9,0.0,72
2021-12-08,4104,68269,3891360,57.1,57.1,56.9,57.0,0.1,72
2021-12-09,4104,72021,4097746,57.0,57.1,56.8,56.8,-0.2,94
2021-12-10,4104,72677,4143595,57.3,57.3,56.9,57.0,0.2,100
2021-12-13,4104,166977,9558768,57.0,57.5,56.9,57.3,0.3,145
2021-12-14,4104,61753,3530339,57.3,57.3,57.0,57.2,-0.1,133
2021-12-15,4104,46277,2639105,57.0,57.1,57.0,57.0,-0.2,67
2021-12-16,4104,53514,3064689,57.7,57.7,57.1,57.1,0.1,66
2021-12-17,4104,92090,5255781,57.1,57.2,57.0,57.0,-0.1,113
2021-12-20,4104,130801,7455889,57.1,57.2,56.8,57.1,0.1,107
2021-12-21,4104,83562,4763846,57.1,57.1,56.9,57.1,0.0,78
2021-12-22,4104,133508,7621519,57.1,57.2,57.0,57.1,0.0,82
2021-12-23,4104,58945,3367969,57.1,57.3,57.0,57.0,-0.1,77
2021-12-24,4104,52275,2985413,57.0,57.2,57.0,57.2,0.2,79
2021-12-27,4104,87584,5011478,57.1,57.4,57.1,57.1,-0.1,97
2021-12-28,4104,87457,5022812,57.3,57.5,57.3,57.5,0.4,105
2021-12-29,4104,64836,3727000,57.5,57.6,57.4,57.6,0.1,102
2021-12-30,4104,122488,7056975,57.7,57.8,57.5,57.6,0.0,124
2022-01-03,4104,86081,4950574,57.6,57.7,57.4,57.5,-0.1,122
2022-01-04,4104,78693,4514448,57.5,57.5,57.2,57.5,0.0,162
2022-01-05,4104,61241,3510231,57.3,57.4,57.2,57.4,-0.1,89
2022-01-06,4104,76703,4401731,57.3,57.5,57.3,57.3,-0.1,75
2022-01-07,4104,97323,5579721,57.4,57.5,57.1,57.3,0.0,152
2022-01-10,4104,82647,4731324,57.0,57.5,57.0,57.3,0.0,168
2022-01-11,4104,122798,7058466,57.4,57.6,57.4,57.4,0.1,217
2022-01-12,4104,99978,5752397,57.5,57.6,57.4,57.6,0.2,159
2022-01-13,4104,133388,7699944,57.6,57.9,57.6,57.9,0.3,133
2022-01-14,4104,128232,7415071,58.0,58.0,57.7,57.9,0.0,118
2022-01-17,4104,71926,4151527,57.8,57.9,57.6,57.8,-0.1,87
2022-01-18,4104,77900,4497911,57.8,57.9,57.6,57.9,0.1,101
2022-01-19,4104,65330,3765356,57.7,57.8,57.6,57.6,-0.3,77
2022-01-20,4104,65491,3773063,57.6,57.7,57.5,57.7,0.1,90
2022-01-21,4104,403830,23076278,57.6,57.6,57.0,57.1,-0.6,347
2022-01-24,4104,116753,6665639,57.0,57.4,56.8,57.2,0.1,109
2022-01-25,4104,105168,6012965,57.2,57.3,57.1,57.3,0.1,160
2022-01-26,4104,76442,4383433,57.3,57.5,57.2,57.4,0.1,133
2022-02-07,4104,142937,8232187,57.4,57.9,57.4,57.8,0.4,362
2022-02-08,4104,244256,14191357,57.8,58.3,57.8,58.3,0.5,326
2022-02-09,4104,152765,8918622,58.3,58.8,58.1,58.2,-0.1,298
2022-02-10,4104,170621,9964561,58.4,58.6,58.1,58.6,0.4,143
2022-02-11,4104,153480,8940431,58.6,58.6,58.0,58.2,-0.4,166
2022-02-14,4104,123747,7172779,58.2,58.2,57.7,58.2,0.0,136
2022-02-15,4104,287380,16753160,58.1,58.6,58.1,58.2,0.0,205
2022-02-16,4104,114569,6688569,58.3,58.5,58.2,58.3,0.1,144
2022-02-17,4104,200292,11730374,58.5,58.7,58.4,58.7,0.4,174
2022-02-18,4104,410541,24212803,58.8,59.2,58.5,58.8,0.1,593
2022-02-21,4104,284424,16838484,58.8,59.5,58.8,59.5,0.7,275
2022-02-22,4104,391856,23016949,59.5,59.5,58.3,58.8,-0.7,347
2022-02-23,4104,323793,19168637,58.8,59.5,58.8,59.5,0.7,277
2022-02-24,4104,390785,23045940,59.3,59.3,58.8,59.1,-0.4,336
2022-02-25,4104,114484,6769335,59.2,59.4,59.0,59.1,0.0,136
2022-03-01,4104,175828,10412600,59.3,59.4,59.1,59.3,0.2,180
2022-03-02,4104,114686,6793450,59.3,59.4,59.1,59.4,0.1,129
2022-03-03,4104,382883,22948735,59.5,60.3,59.5,60.2,0.8,334
2022-03-04,4104,376394,22576049,60.2,60.6,59.7,60.0,-0.2,285
2022-03-07,4104,359214,21265655,59.7,59.7,58.9,59.2,-0.8,358
2022-03-08,4104,336585,19769844,58.5,59.1,58.4,58.8,-0.4,312
2022-03-09,4104,157133,9307566,59.0,59.8,59.0,59.3,0.5,132
2022-03-10,4104,207720,12446414,59.8,60.1,59.8,59.8,0.5,239
2022-03-11,4104,259843,15515444,60.0,60.0,59.4,59.9,0.1,226
2022-03-14,4104,1508290,94553528,61.1,63.5,61.1,62.6,2.7,1194
2022-03-15,4104,1080488,68056586,62.8,63.9,62.2,62.6,0.0,985
2022-03-16,4104,486601,30499090,63.4,63.5,62.1,62.8,0.2,471
2022-03-17,4104,1342640,85488400,62.7,64.4,62.7,64.3,1.5,895
2022-03-18,4104,530334,34303454,64.1,65.0,64.1,64.9,0.6,527
2022-03-21,4104,617796,40260201,65.6,65.9,64.3,64.9,0.0,557
2022-03-22,4104,332429,21484396,64.9,64.9,64.4,64.6,-0.3,296
2022-03-23,4104,342192,22106786,64.6,65.1,64.3,64.8,0.2,300
2022-03-24,4104,435981,28297256,64.8,65.4,64.2,65.3,0.5,355
2022-03-25,4104,545445,35819336,65.9,66.7,64.7,65.0,-0.3,507
2022-03-28,4104,307335,20124976,65.0,65.9,65.0,65.5,0.5,331
2022-03-29,4104,204112,13398679,65.5,65.9,65.3,65.8,0.3,290
2022-03-30,4104,309038,20268348,65.8,65.9,65.3,65.7,-0.1,284
2022-03-31,4104,410436,27095358,65.9,66.3,65.7,66.2,0.5,359
2022-04-01,4104,633963,42387454,66.5,67.3,66.1,67.3,1.1,602
2022-04-06,4104,921818,63311316,67.5,69.6,67.5,68.8,1.5,899
2022-04-07,4104,803457,54406946,68.6,69.2,66.9,67.5,-1.3,921
2022-04-08,4104,400577,27324285,67.5,68.8,67.5,68.4,0.9,399
2022-04-11,4104,700020,48187760,68.5,69.6,68.3,68.9,0.5,731
2022-04-12,4104,393952,26893327,68.5,68.7,67.9,68.0,-0.9,478
2022-04-13,4104,393105,26637910,68.2,68.5,67.2,67.6,-0.4,428
2022-04-14,4104,520216,34924998,68.0,68.0,66.8,67.6,0.0,576
2022-04-15,4104,412721,27755041,67.5,67.9,67.0,67.0,-0.6,442
2022-04-18,4104,644031,42785425,67.0,67.0,66.0,66.6,-0.4,737
2022-04-19,4104,511930,34647101,66.8,68.2,66.8,68.1,1.5,500
2022-04-20,4104,376046,25639878,68.4,68.8,67.7,68.0,-0.1,518
2022-04-21,4104,355922,24398306,68.0,69.2,67.9,68.9,0.9,417
2022-04-22,4104,323998,22351668,68.7,69.2,68.5,69.1,0.2,444
2022-04-25,4104,1527455,105435630,69.3,71.2,67.2,67.5,-1.6,1440
2022-04-26,4104,958458,65866050,67.5,69.5,67.5,69.0,1.5,854
2022-04-27,4104,880049,59870616,68.0,68.8,67.5,68.0,-1.0,802
2022-04-28,4104,1173795,81531197,68.0,70.2,68.0,69.8,1.8,923
2022-04-29,4104,679918,47043342,70.0,70.3,68.1,69.4,-0.4,672
2022-05-03,4104,1495301,102152320,70.4,70.9,67.3,67.4,-2.0,1382
2022-05-04,4104,625130,41870302,67.5,67.7,66.6,67.2,-0.2,658
2022-05-05,4104,541453,36784184,68.0,68.3,67.3,67.8,0.6,463
2022-05-06,4104,368940,24890704,66.8,68.0,66.8,67.9,0.1,392
2022-05-09,4104,432342,29013384,68.0,68.0,66.8,66.9,-1.0,417
2022-05-10,4104,357559,23928690,66.9,67.5,66.5,67.2,0.3,363
2022-05-11,4104,334928,22662540,67.2,68.1,66.9,67.7,0.5,333
2022-05-12,4104,651321,43250086,67.7,67.7,65.1,65.1,-2.6,760
2022-05-13,4104,418578,27681373,65.5,66.9,65.4,66.2,1.1,412
2022-05-16,4104,294180,19570606,66.6,67.0,66.0,66.3,0.1,286
2022-05-17,4104,235127,15782632,66.4,67.6,66.4,67.6,1.3,271
2022-05-18,4104,208260,14039877,67.6,67.8,67.0,67.5,-0.1,238
2022-05-19,4104,232844,15523468,66.7,67.0,66.2,67.0,-0.5,278
2022-05-20,4104,89825,5999123,66.7,66.9,66.6,66.9,-0.1,145
2022-05-23,4104,163213,10897151,67.0,67.0,66.4,66.7,-0.2,216
2022-05-24,4104,236638,15697391,66.7,66.9,65.9,66.3,-0.4,272
2022-05-25,4104,143380,9580027,66.3,67.1,66.3,67.0,0.7,174
2022-05-26,4104,184478,12385256,67.1,67.4,66.8,67.0,0.0,215
2022-05-27,4104,136815,9166910,67.4,67.4,66.8,67.1,0.1,166
2022-05-30,4104,241774,16355080,67.3,68.0,67.1,67.8,0.7,288
2022-05-31,4104,188567,12761237,67.6,67.9,67.5,67.7,-0.1,206
2022-06-01,4104,160852,10874363,67.8,67.8,67.4,67.8,0.1,190
2022-06-02,4104,136325,9170127,67.4,67.7,67.1,67.1,-0.7,194
2022-06-06,4104,141584,9460205,67.0,67.0,66.6,66.9,-0.2,202
2022-06-07,4104,185217,12355121,66.8,67.0,66.5,66.8,-0.1,216
2022-06-08,4104,178539,11916388,66.8,66.9,66.6,66.8,0.0,206
2022-06-09,4104,176005,11886222,66.8,67.9,66.8,67.9,1.1,224
2022-06-10,4104,291064,19882242,67.3,68.9,67.3,68.8,0.9,370
2022-06-13,4104,242635,16561247,68.0,68.6,67.9,68.2,-0.6,683
2022-06-14,4104,297054,19965647,68.2,68.2,66.7,67.3,-0.9,341
2022-06-15,4104,226610,15183928,67.3,67.3,66.8,67.3,0.0,255
2022-06-16,4104,193943,13047587,67.2,67.8,66.8,67.0,-0.3,201
2022-06-17,4104,161559,10804546,66.5,67.2,66.4,66.9,-0.1,186
2022-06-20,4104,350087,23196059,66.9,66.9,65.8,66.0,-0.9,415
2022-06-21,4104,152705,10153824,66.1,67.0,66.0,67.0,1.0,190
2022-06-22,4104,94195,6281103,67.2,67.3,66.4,66.5,-0.5,120
2022-06-23,4104,185695,12433060,67.1,67.4,66.5,67.1,0.6,217
2022-06-24,4104,195966,13207823,67.3,68.0,67.0,67.2,0.1,301
2022-06-27,4104,310126,21068783,67.6,68.3,67.3,68.0,0.8,306
2022-06-28,4104,217636,14860041,68.0,68.6,67.8,68.1,0.1,279
2022-06-29,4104,613271,42285698,68.0,69.3,68.0,69.3,1.2,520
2022-06-30,4104,427271,29142849,69.5,69.5,67.5,67.9,-1.4,504
2022-07-01,4104,467261,31299570,68.0,68.0,66.2,66.3,-1.6,539
2022-07-04,4104,184589,12277824,66.3,67.1,66.0,66.5,0.2,219
2022-07-05,4104,232358,15611188,67.9,67.9,66.6,67.1,0.6,248
2022-07-06,4104,338038,22528562,66.7,67.1,66.2,66.3,-0.8,322
2022-07-07,4104,297797,19789734,66.3,66.8,66.1,66.6,0.3,298
2022-07-08,4104,462227,30768523,66.6,67.2,66.1,66.5,-0.1,412
2022-07-11,4104,317000,21052753,67.1,67.1,66.1,66.4,-0.1,398
2022-07-12,4104,610671,40093336,66.2,66.2,65.3,65.7,-0.7,763
2022-07-13,4104,285734,17993139,62.9,63.3,62.8,62.9,0.0,431
2022-07-14,4104,148979,9345788,62.9,63.0,62.4,62.9,0.0,250
2022-07-15,4104,285627,17943090,63.0,63.4,62.3,63.0,0.1,326
2022-07-18,4104,139751,8886073,63.6,64.1,63.0,64.1,1.1,187
2022-07-19,4104,132767,8537365,63.8,64.5,63.8,64.3,0.2,169
2022-07-20,4104,255998,16447385,64.5,64.8,63.9,63.9,-0.4,298
2022-07-21,4104,112135,7130588,63.9,64.1,63.4,63.6,-0.3,195
2022-07-22,4104,107073,6803836,63.4,63.7,63.4,63.7,0.1,131
2022-07-25,4104,93717,6004895,63.6,64.3,63.6,64.1,0.4,136
2022-07-26,4104,172659,11146515,64.0,64.9,64.0,64.4,0.3,226
2022-07-27,4104,124981,8009197,64.3,64.4,63.6,64.4,0.0,132
2022-07-28,4104,136680,8779720,64.6,64.8,63.9,64.2,-0.2,165
2022-07-29,4104,131192,8421910,64.3,64.3,64.1,64.3,0.1,156
2022-08-01,4104,134194,8604489,64.3,64.3,63.7,64.3,0.0,170
2022-08-02,4104,229127,14687056,64.3,64.3,63.8,64.3,0.0,215
2022-08-03,4104,189954,12133023,64.5,64.5,63.7,63.7,-0.6,237
2022-08-04,4104,205724,13125308,63.7,64.2,63.3,64.0,0.3,251
2022-08-05,4104,137361,8834913,64.4,64.5,64.1,64.4,0.4,173
2022-08-08,4104,148292,9483482,63.9,64.1,63.8,63.9,-0.5,227
2022-08-09,4104,86348,5529423,64.0,64.1,63.9,63.9,0.0,122
2022-08-10,4104,129821,8358026,63.9,64.5,63.9,64.4,0.5,175
2022-08-11,4104,225030,14604968,64.5,65.3,64.4,65.0,0.6,354
2022-08-12,4104,273624,17930690,65.0,65.8,65.0,65.7,0.7,273
2022-08-15,4104,314859,20737558,65.9,66.3,65.4,65.9,0.2,321
2022-08-16,4104,182955,12043773,65.3,66.3,65.3,65.8,-0.1,209
2022-08-17,4104,242480,16072353,66.2,66.4,66.1,66.2,0.4,275
2022-08-18,4104,317269,21238527,66.6,67.5,66.4,67.3,1.1,332
2022-08-19,4104,258140,17252302,67.3,67.3,66.5,67.0,-0.3,256
2022-08-22,4104,306072,20620653,67.0,67.8,67.0,67.2,0.2,339
2022-08-23,4104,130748,8795422,67.4,67.6,67.0,67.1,-0.1,192
2022-08-24,4104,222218,14871819,67.4,67.4,66.6,66.8,-0.3,283
2022-08-25,4104,177841,11929289,67.0,67.3,66.8,67.1,0.3,231
2022-08-26,4104,178861,12065966,67.3,67.7,67.2,67.5,0.4,247
2022-08-29,4104,645780,43980488,67.0,68.5,67.0,68.5,1.0,692
2022-08-30,4104,604828,40576166,66.8,67.7,66.4,67.2,0.0,711
2022-08-31,4104,307948,20888403,67.5,68.3,67.3,67.8,0.6,347
2022-09-01,4104,367028,24948711,67.4,69.0,67.2,68.0,0.2,423
2022-09-02,4104,158560,10735840,68.1,68.1,67.5,67.7,-0.3,237
2022-09-05,4104,332478,22282789,67.5,67.5,66.8,67.0,-0.7,410
2022-09-06,4104,299347,19876893,67.0,67.3,66.0,66.1,-0.9,536
2022-09-07,4104,205119,13466035,65.8,66.0,65.5,65.6,-0.5,375
2022-09-08,4104,164049,10796272,65.8,66.2,65.6,65.9,0.3,249
2022-09-12,4104,243310,16239239,66.2,67.4,66.2,66.8,0.9,275
2022-09-13,4104,96141,6436035,66.8,67.1,66.8,66.8,0.0,151
2022-09-14,4104,164456,10966882,66.2,66.9,66.0,66.8,0.0,238
2022-09-15,4104,142889,9582922,66.7,67.4,66.7,66.9,0.1,208
2022-09-16,4104,117662,7864421,67.0,67.0,66.6,66.7,-0.2,193
2022-09-19,4104,135368,9026520,66.8,67.1,66.4,66.7,0.0,203
2022-09-20,4104,118305,7866060,66.8,66.8,66.1,66.6,-0.1,240
2022-09-21,4104,301930,19910824,66.6,66.6,65.6,65.7,-0.9,627
2022-09-22,4104,570312,37066423,65.3,65.5,64.5,65.5,-0.2,704
2022-09-23,4104,150143,9823364,65.5,65.8,65.1,65.6,0.1,221
2022-09-26,4104,338220,21846284,65.2,65.2,64.3,64.5,-1.1,670
2022-09-27,4104,255784,16439062,64.8,65.0,63.8,64.8,0.3,331
2022-09-28,4104,435802,27706741,64.7,64.7,63.2,63.3,-1.5,660
2022-09-29,4104,227192,14495436,63.6,64.3,63.1,64.0,0.7,266
2022-09-30,4104,105302,6706952,63.5,64.3,63.1,64.0,0.0,187
2022-10-03,4104,184342,11757002,63.3,64.1,63.3,64.0,0.0,240
2022-10-04,4104,293248,18969147,64.4,65.2,64.2,64.7,0.7,259
2022-10-05,4104,193673,12514297,64.9,65.2,64.3,64.3,-0.4,252
2022-10-06,4104,111370,7190578,64.5,64.7,64.1,64.7,0.4,114
2022-10-07,4104,55693,3611442,64.7,65.0,64.7,64.9,0.2,122
2022-10-11,4104,214390,13750663,64.7,64.7,64.0,64.2,-0.7,332
2022-10-12,4104,247448,15990875,64.6,65.5,63.8,64.9,0.7,253
2022-10-13,4104,423414,26907775,64.5,64.5,63.0,63.1,-1.8,647
2022-10-14,4104,160441,10184796,63.2,63.8,63.2,63.3,0.2,249
2022-10-17,4104,438224,27279117,63.1,63.1,61.7,62.4,-0.9,649
2022-10-18,4104,140288,8766066,62.6,62.8,62.1,62.5,0.1,225
2022-10-19,4104,184143,11503066,62.5,63.0,61.9,62.0,-0.5,279
2022-10-20,4104,308138,18865123,62.0,62.0,61.0,61.1,-0.9,686
2022-10-21,4104,399817,24132582,61.0,61.0,60.0,60.5,-0.6,689
2022-10-24,4104,189175,11549545,60.9,61.6,60.7,60.7,0.2,309
2022-10-25,4104,245298,14785692,61.1,61.1,60.0,60.2,-0.5,409
2022-10-26,4104,136705,8260702,60.2,60.7,60.0,60.5,0.3,214
2022-10-27,4104,112405,6874722,60.9,61.4,60.9,61.2,0.7,190
2022-10-28,4104,100709,6145940,61.2,61.3,60.7,60.8,-0.4,215
2022-10-31,4104,96947,5930643,60.8,61.8,60.8,61.7,0.9,168
2022-11-01,4104,181439,11175558,61.3,62.0,61.2,61.4,-0.3,314
2022-11-02,4104,107221,6588004,61.5,61.7,61.2,61.4,0.0,209
2022-11-03,4104,161087,9895889,61.1,61.8,61.0,61.6,0.2,225
2022-11-04,4104,96394,5920240,61.5,61.5,61.2,61.5,-0.1,152
2022-11-07,4104,215840,13396891,61.7,62.6,61.6,62.4,0.9,283
2022-11-08,4104,199517,12545303,62.6,63.2,62.5,62.6,0.2,275
2022-11-09,4104,214404,13447349,63.0,63.0,62.6,62.6,0.0,262
2022-11-10,4104,196142,12200964,62.7,62.7,61.9,62.0,-0.6,279
2022-11-11,4104,192684,12018251,63.0,63.0,62.0,62.3,0.3,278
2022-11-14,4104,215279,13440325,62.3,62.7,62.2,62.5,0.2,340
2022-11-15,4104,289961,18024978,62.5,62.5,62.0,62.3,-0.2,447
2022-11-16,4104,251122,15593272,62.3,62.4,61.9,61.9,-0.4,397
2022-11-17,4104,186660,11711519,62.0,63.1,62.0,62.8,0.9,257
2022-11-18,4104,193921,12181918,63.0,63.2,62.6,62.6,-0.2,227
2022-11-21,4104,129846,8194619,63.5,63.5,62.7,63.1,0.5,172
2022-11-22,4104,126136,7959075,63.0,63.3,62.9,63.0,-0.1,218
2022-11-23,4104,114438,7242269,62.9,63.6,62.9,63.3,0.3,161
2022-11-24,4104,194987,12436671,63.3,64.0,63.3,64.0,0.7,266
2022-11-25,4104,235219,14977000,64.0,64.0,63.3,63.5,-0.5,239
2022-11-28,4104,69840,4440093,63.6,63.8,63.3,63.6,0.1,114
2022-11-29,4104,160078,10192748,63.6,64.1,63.1,64.1,0.5,207
2022-11-30,4104,293641,18992691,64.1,65.1,63.8,65.0,0.9,348
2022-12-01,4104,277296,18030442,65.2,65.4,64.6,65.2,0.2,485
2022-12-02,4104,498236,32546152,65.2,65.8,65.1,65.2,0.0,647
2022-12-05,4104,194608,12664181,65.4,65.5,64.8,65.0,-0.2,490
2022-12-06,4104,190788,12420185,65.0,65.6,64.6,64.8,-0.2,260
2022-12-07,4104,189345,12220989,64.6,65.0,64.2,64.4,-0.4,310
2022-12-08,4104,136933,8838598,64.4,64.8,64.2,64.8,0.4,158
2022-12-09,4104,237759,15581796,65.2,65.8,65.0,65.8,1.0,306
2022-12-12,4104,338658,22450301,65.8,66.8,65.4,66.5,0.7,423
2022-12-13,4104,419382,27816558,66.6,67.2,65.6,65.7,-0.8,558
2022-12-14,4104,212486,14044856,66.3,66.5,65.7,65.7,0.0,280
2022-12-15,4104,157360,10424714,65.5,66.5,65.5,66.3,0.6,224
2022-12-16,4104,246773,16369944,65.6,66.7,65.6,66.5,0.2,327
2022-12-19,4104,1453056,99498056,66.4,69.4,66.4,67.6,1.1,1359
2022-12-20,4104,486340,32503623,68.0,68.1,65.8,66.0,-1.6,1433
2022-12-21,4104,160011,10649550,66.5,67.4,66.2,66.3,0.3,217
2022-12-22,4104,143814,9546071,66.6,66.7,66.0,66.7,0.4,255
2022-12-23,4104,100977,6746238,66.6,67.2,66.1,67.2,0.5,196
2022-12-26,4104,275563,18701105,67.2,68.1,67.2,67.8,0.6,370
2022-12-27,4104,318095,21591959,68.0,68.6,67.1,68.4,0.6,382
2022-12-28,4104,1377513,95327652,68.4,70.0,68.0,69.2,0.8,1140
2022-12-29,4104,1047041,71234899,68.8,69.9,67.1,67.5,-1.7,1296
2022-12-30,4104,238526,16104900,67.9,67.9,67.2,67.6,0.1,441
2023-01-03,4104,297772,20290872,67.6,68.9,67.3,68.0,0.4,397
2023-01-04,4104,159164,10785047,68.0,68.3,67.6,67.6,-0.4,239
2023-01-05,4104,143197,9691122,67.4,68.1,67.3,67.3,-0.3,222
2023-01-06,4104,163057,11006701,67.5,67.8,67.2,67.5,0.2,195
2023-01-09,4104,310885,21184767,68.0,68.5,67.8,68.3,0.8,408
2023-01-10,4104,673851,46214630,68.5,69.1,68.0,68.7,0.4,676
2023-01-11,4104,321932,22165428,69.0,69.3,68.5,68.6,-0.1,449
2023-01-12,4104,232018,15870276,68.6,68.7,68.1,68.6,0.0,393
2023-01-13,4104,175752,12034101,68.6,69.0,68.2,68.4,-0.2,259
2023-01-16,4104,885316,61788422,68.8,70.5,68.7,69.7,1.3,913
2023-01-17,4104,312857,21914873,69.9,70.4,69.8,70.0,0.3,1394
2023-01-30,4104,622774,44262637,70.1,71.7,70.1,71.4,1.4,1276
2023-01-31,4104,344480,24610772,71.0,72.2,70.8,71.0,-0.4,814
2023-02-01,4104,262551,18747049,70.9,71.7,70.8,71.6,0.6,413
2023-02-02,4104,360036,25701640,72.0,72.0,71.0,71.3,-0.3,536
2023-02-03,4104,553859,39076747,71.1,71.4,69.9,70.1,-1.2,1023
2023-02-06,4104,501400,35415280,70.0,71.2,69.9,70.5,0.4,493
2023-02-07,4104,1305602,95469218,70.9,73.8,70.9,73.3,2.8,1387
2023-02-08,4104,619408,45347620,73.4,73.7,72.8,73.1,-0.2,737
2023-02-09,4104,356050,25943013,73.1,73.2,72.6,72.9,-0.2,486
2023-02-10,4104,937226,69574943,73.3,75.0,72.8,74.8,1.9,1028
2023-02-13,4104,862683,64879761,74.9,75.9,74.0,75.4,0.6,1212
2023-02-14,4104,455144,34261312,75.4,75.8,74.7,75.5,0.1,617
2023-02-15,4104,527467,40032175,74.9,76.6,74.9,75.6,0.1,606
2023-02-16,4104,406519,30567377,75.6,75.9,74.9,75.2,-0.4,668
2023-02-17,4104,543812,40656751,75.2,75.7,74.0,75.5,0.3,664
2023-02-20,4104,447785,34136033,75.5,77.0,75.5,76.7,1.2,586
2023-02-21,4104,1170469,92084785,76.7,79.8,76.5,79.8,3.1,1270
2023-02-22,4104,856253,68063266,79.0,80.2,78.1,79.7,-0.1,1043
2023-02-23,4104,673132,53409340,79.3,80.0,78.8,79.3,-0.4,868
2023-02-24,4104,836321,65216995,79.5,79.7,77.2,77.9,-1.4,1196
2023-03-01,4104,663842,51533172,77.7,78.5,76.6,77.7,-0.2,820
2023-03-02,4104,489967,38575579,77.7,79.5,77.7,79.0,1.3,610
2023-03-03,4104,278545,22022984,79.2,79.5,78.7,79.1,0.1,467
2023-03-06,4104,452376,35925251,79.1,80.0,78.5,79.7,0.6,628
2023-03-07,4104,345025,27485804,79.9,80.5,79.1,79.5,-0.2,549
2023-03-08,4104,317050,25251740,79.1,80.4,78.9,79.5,0.0,423
2023-03-09,4104,338802,26766642,79.6,79.6,78.5,79.2,-0.3,574
2023-03-10,4104,574575,45002153,78.5,79.1,77.9,78.4,-0.8,910
2023-03-13,4104,437161,34180323,77.8,79.4,77.2,78.9,0.5,634
2023-03-14,4104,206835,16340228,78.1,79.6,78.0,78.9,0.0,308
2023-03-15,4104,254845,20201259,78.9,79.7,78.6,79.3,0.4,361
2023-03-16,4104,457505,35768694,79.3,79.4,77.5,78.0,-1.3,765
2023-03-17,4104,1311142,105793937,78.8,82.1,78.8,82.0,4.0,1489
2023-03-20,4104,771770,62385116,83.0,83.0,80.1,80.4,-1.6,1669
2023-03-21,4104,470806,37907316,80.6,81.1,80.0,80.8,0.4,546
2023-03-22,4104,472953,38642601,81.2,82.2,80.5,81.8,1.0,563
2023-03-23,4104,353854,28977243,81.5,82.4,81.4,82.1,0.3,576
2023-03-24,4104,339042,27565895,82.1,82.1,80.7,81.5,-0.6,512
2023-03-27,4104,355981,28893313,81.5,81.6,80.6,81.3,-0.2,478
2023-03-28,4104,341528,27469233,81.3,81.3,80.1,80.1,-1.2,679
2023-03-29,4104,630496,50192891,79.9,80.4,79.0,79.1,-1.0,1058
2023-03-30,4104,385389,30807964,80.0,80.3,79.3,80.1,1.0,482
2023-03-31,4104,341484,27213323,80.4,80.4,79.4,79.7,-0.4,566
2023-04-06,4104,455301,36272856,80.2,80.2,79.1,79.6,-0.1,657
2023-04-07,4104,565934,45804408,79.7,81.7,79.6,81.6,2.0,599
2023-04-10,4104,351772,28683956,82.2,82.2,80.9,81.7,0.1,647
2023-04-11,4104,263663,21423878,81.7,81.7,81.0,81.2,-0.5,413
2023-04-12,4104,260504,21215955,81.2,81.9,81.0,81.5,0.3,343
2023-04-13,4104,1981631,169491329,83.0,87.6,83.0,86.2,4.7,2232
2023-04-14,4104,688259,58898226,85.4,86.5,84.7,85.5,-0.7,1895
2023-04-17,4104,573918,49647559,86.4,87.5,85.5,86.6,1.1,1255
2023-04-18,4104,477213,40957275,86.6,86.6,85.2,85.4,-1.2,1009
2023-04-19,4104,329352,28422586,85.5,87.0,85.5,86.3,0.9,660
2023-04-20,4104,538597,46646354,86.4,87.7,85.6,85.7,-0.6,913
2023-04-21,4104,530286,45002662,85.3,86.2,84.1,84.5,-1.2,913
2023-04-24,4104,403679,34679315,84.5,87.0,83.7,87.0,2.5,592
2023-04-25,4104,508625,43626987,87.3,87.3,85.0,85.2,-1.8,891
2023-04-26,4104,274462,23331965,84.5,85.6,84.2,85.6,0.4,467
2023-04-27,4104,198695,16963484,85.9,86.0,85.0,85.5,-0.1,327
2023-04-28,4104,602703,52497845,85.6,87.8,85.6,87.3,1.8,677
2023-05-02,4104,819807,73128708,88.1,90.5,87.8,89.8,2.5,1373
2023-05-03,4104,2949168,277608843,90.9,96.6,90.8,95.7,5.9,3011
2023-05-04,4104,1706402,163872296,96.0,97.1,94.6,95.7,0.0,2343
2023-05-05,4104,1240628,116887034,96.9,96.9,92.9,93.5,-2.2,2128
2023-05-08,4104,880867,83040479,93.8,95.7,92.5,94.7,1.2,1121
2023-05-09,4104,836750,77717821,94.7,94.7,92.1,92.1,-2.6,1450
2023-05-10,4104,597209,55538139,91.7,93.6,91.5,93.0,0.9,673
2023-05-11,4104,1075605,97435509,93.1,94.0,89.5,90.1,-2.9,1691
2023-05-12,4104,564204,51146081,90.2,91.7,89.4,91.5,1.4,788
2023-05-15,4104,532447,48502184,92.3,92.4,90.4,90.7,-0.8,777
2023-05-16,4104,356647,32498023,91.6,92.1,90.6,91.1,0.4,441
2023-05-17,4104,911911,84859828,91.1,94.2,90.9,93.6,2.5,992
2023-05-18,4104,503565,46943432,93.6,93.9,92.5,93.0,-0.6,670
2023-05-19,4104,716120,65908943,93.2,94.0,91.4,91.5,-1.5,1069
2023-05-22,4104,255635,23529593,91.6,92.6,91.3,92.3,0.8,481
2023-05-23,4104,302454,28147201,92.3,93.5,92.1,93.2,0.9,417
2023-05-24,4104,416266,38428804,93.1,93.1,91.6,92.9,-0.3,641
2023-05-25,4104,368975,34013266,92.9,92.9,92.0,92.0,-0.9,602
2023-05-26,4104,662590,60271384,92.0,92.0,90.5,90.6,-1.4,1194
2023-05-29,4104,461740,41720000,90.6,91.0,89.4,90.7,0.1,809
2023-05-30,4104,213045,19351618,90.7,91.4,90.4,90.8,0.1,384
2023-05-31,4104,173987,15855301,90.8,91.4,90.7,91.2,0.4,296
2023-06-01,4104,237217,21678788,91.3,92.0,90.8,91.6,0.4,396
2023-06-02,4104,266733,24547309,91.4,92.3,91.4,92.0,0.4,479
2023-06-05,4104,440841,40631326,92.9,93.1,91.4,91.7,-0.3,599
2023-06-06,4104,440332,40295855,92.2,92.7,90.9,92.1,0.4,572
2023-06-07,4104,935572,87838274,92.8,95.0,92.0,95.0,2.9,1115
2023-06-08,4104,731002,67970474,95.0,95.6,92.0,92.0,-3.0,1103
2023-06-09,4104,310708,28937775,92.0,94.0,92.0,93.3,1.3,445
2023-06-12,4104,457599,42297783,93.2,93.9,91.9,91.9,-1.4,858
2023-06-13,4104,476308,43777387,92.4,92.4,91.2,92.1,0.2,648
2023-06-14,4104,332298,30545617,92.8,92.8,91.6,91.7,-0.4,402
2023-06-15,4104,335742,30797819,91.7,92.3,91.3,91.7,0.0,433
2023-06-16,4104,397064,36794621,91.7,93.2,91.5,92.5,0.8,495
2023-06-19,4104,258489,23984605,92.5,93.2,92.3,93.1,0.6,352
2023-06-20,4104,341241,31454541,93.1,93.1,91.8,91.9,-1.2,511
2023-06-21,4104,222555,20428971,91.9,92.1,91.6,91.8,-0.1,383
2023-06-26,4104,193739,17832466,91.8,92.5,91.2,92.3,0.5,336
2023-06-27,4104,663655,61939950,92.2,94.1,92.0,93.4,1.1,761
2023-06-28,4104,448714,42023373,93.3,94.4,93.0,93.5,0.1,521
2023-06-29,4104,3556996,351107832,94.2,102.0,93.5,100.0,6.5,3193
2023-06-30,4104,3257931,332396853,101.0,107.0,98.8,99.7,-0.3,3134
2023-07-03,4104,1297424,131993348,99.8,104.5,99.4,100.5,0.8,1335
2023-07-04,4104,539823,54057690,101.0,101.5,99.8,100.0,-0.5,710
2023-07-05,4104,784651,78356246,100.0,101.5,98.9,99.2,-0.8,987
2023-07-06,4104,662710,66305240,100.0,101.5,99.1,100.0,0.8,699
2023-07-07,4104,882395,88983916,100.5,102.0,99.2,102.0,2.0,920
2023-07-10,4104,1008649,102582689,103.0,103.0,100.5,102.0,0.0,1147
2023-07-11,4104,852838,84790438,100.0,101.0,98.6,98.9,0.0,1139
2023-07-12,4104,1204741,116159611,99.0,99.0,95.1,95.4,-3.5,2419
2023-07-13,4104,637369,60498920,96.0,96.0,94.2,94.6,-0.8,1232
2023-07-14,4104,428595,41106731,95.6,96.8,94.6,95.6,1.0,639
2023-07-17,4104,488474,47832200,96.4,98.8,96.0,98.5,2.9,693
2023-07-18,4104,811620,78379924,98.1,98.5,95.5,95.6,-2.9,1207
2023-07-19,4104,929036,89728043,96.6,98.7,95.4,95.4,-0.2,982
2023-07-20,4104,1276336,119819055,96.2,96.3,93.0,94.0,-1.4,2000
2023-07-21,4104,376412,35353858,94.0,95.0,93.5,93.9,-0.1,629
2023-07-24,4104,785370,72504812,93.8,93.8,91.7,92.0,-1.9,1449
2023-07-25,4104,458888,42380267,92.0,93.5,91.5,92.0,0.0,856
2023-07-26,4104,363145,33312323,92.0,92.3,91.3,91.5,-0.5,787
2023-07-27,4104,285046,26225326,91.5,92.4,91.4,92.0,0.5,513
2023-07-28,4104,313243,28654268,92.3,92.3,91.2,91.4,-0.6,741
2023-07-31,4104,318410,29208790,91.5,92.4,91.1,91.4,0.0,593
2023-08-01,4104,269144,24575998,92.0,92.0,91.0,91.2,-0.2,575
2023-08-02,4104,971424,87531128,91.0,91.1,89.5,89.8,-1.4,1947
2023-08-04,4104,340051,31142155,90.0,92.3,90.0,92.0,2.2,543
2023-08-07,4104,200222,18307084,93.0,93.0,91.0,91.2,-0.8,533
2023-08-08,4104,231576,20976383,91.3,91.3,90.2,90.5,-0.7,640
2023-08-09,4104,210113,19198067,90.5,92.0,90.4,91.5,1.0,323
2023-08-10,4104,377900,34195745,90.7,91.3,90.1,90.2,-1.3,745
2023-08-11,4104,150580,13586179,90.2,90.5,89.9,90.4,0.2,295
2023-08-14,4104,423047,37768638,90.0,90.3,88.7,89.6,-0.8,1010
2023-08-15,4104,259622,23505354,89.6,91.2,89.1,90.9,1.3,360
2023-08-16,4104,220415,19959833,90.5,91.3,89.7,90.9,0.0,347
2023-08-17,4104,185400,16900251,91.1,91.5,90.4,91.4,0.5,285
2023-08-18,4104,230341,21108279,91.4,92.2,90.9,90.9,-0.5,429
2023-08-21,4104,113031,10286547,90.6,91.8,90.6,90.8,-0.1,208
2023-08-22,4104,322975,29101147,90.7,91.0,89.6,89.9,-0.9,602
2023-08-23,4104,235178,21123939,90.0,90.5,89.6,89.9,0.0,370
2023-08-24,4104,208589,18802331,89.9,90.9,89.7,90.1,0.2,411
2023-08-25,4104,239954,21838132,90.1,91.5,89.7,91.4,1.3,426
2023-08-28,4104,420912,37026815,89.0,89.7,87.2,87.7,0.0,917
2023-08-29,4104,137838,12121731,87.7,88.3,87.3,88.0,0.3,314
2023-08-30,4104,158343,14047192,88.0,89.0,88.0,88.8,0.8,292
2023-08-31,4104,105632,9429012,88.8,89.5,88.8,89.2,0.4,241
2023-09-01,4104,73005,6517021,88.8,89.4,88.8,89.3,0.1,238
2023-09-04,4104,156569,13927545,89.3,89.3,88.8,88.8,-0.5,394
2023-09-05,4104,88704,7907258,88.8,89.6,88.8,89.0,0.2,217
2023-09-06,4104,197939,17557336,88.8,89.0,88.5,88.7,-0.3,448
2023-09-07,4104,165754,14640775,88.5,88.7,88.0,88.3,-0.4,357
2023-09-08,4104,69521,6158268,88.3,89.0,88.2,88.6,0.3,198
2023-09-11,4104,148633,13187492,88.6,89.4,88.4,88.4,-0.2,281
2023-09-12,4104,99762,8898234,88.8,89.5,88.7,89.3,0.9,168
2023-09-13,4104,118647,10598964,89.3,89.6,89.0,89.3,0.0,213
2023-09-14,4104,168963,15085664,89.3,89.5,89.2,89.4,0.1,202
2023-09-15,4104,140122,12537984,89.5,89.8,89.2,89.3,-0.1,310
2023-09-18,4104,74300,6639787,89.3,89.5,89.2,89.4,0.1,179
2023-09-19,4104,91909,8243344,89.7,89.9,89.4,89.5,0.1,209
2023-09-20,4104,108872,9741971,89.3,89.8,89.2,89.4,-0.1,215
2023-09-21,4104,170881,15188321,89.2,89.2,88.7,89.0,-0.4,338
2023-09-22,4104,71469,6331960,89.0,89.0,88.4,88.7,-0.3,180
2023-09-25,4104,147850,13211661,88.7,89.7,88.7,89.3,0.6,236
2023-09-26,4104,83531,7435690,88.8,89.4,88.8,88.8,-0.5,238
2023-09-27,4104,142119,12580795,88.2,89.2,88.2,88.4,-0.4,272
2023-09-28,4104,105566,9375710,88.4,89.2,88.4,89.2,0.8,225
2023-10-02,4104,110138,9811483,89.2,89.3,88.8,89.1,-0.1,290
2023-10-03,4104,79439,7051686,89.1,89.1,88.6,88.6,-0.5,255
2023-10-04,4104,168196,14829224,88.6,88.6,87.9,88.0,-0.6,547
2023-10-05,4104,88380,7808817,88.2,88.5,88.2,88.2,0.2,223
2023-10-06,4104,209018,18425781,88.7,88.7,87.8,88.1,-0.1,374
2023-10-11,4104,304774,26781168,88.8,88.8,87.5,87.6,-0.5,691
2023-10-12,4104,686117,59305575,87.5,87.5,85.6,86.5,-1.1,1569
2023-10-13,4104,756808,64714388,86.5,86.5,85.0,85.0,-1.5,1935
2023-10-16,4104,271513,23118845,85.0,86.0,84.5,85.4,0.4,725
2023-10-17,4104,137866,11840576,85.4,86.3,85.4,85.8,0.4,399
2023-10-18,4104,238310,20442247,86.4,86.4,85.2,85.2,-0.6,858
2023-10-19,4104,182747,15549029,84.8,85.5,84.8,84.9,-0.3,607
2023-10-20,4104,138044,11699500,84.8,85.1,84.3,85.1,0.2,578
2023-10-23,4104,89148,7616917,84.9,85.7,84.9,85.4,0.3,347
2023-10-24,4104,108907,9349139,85.4,86.2,85.4,85.9,0.5,336
2023-10-25,4104,265547,23141488,86.1,88.0,86.1,87.9,2.0,601
2023-10-26,4104,197735,17239432,87.4,87.9,86.5,86.8,-1.1,508
2023-10-27,4104,105142,9168028,87.0,87.6,86.8,87.0,0.2,282
2023-10-30,4104,74551,6526087,87.0,88.1,87.0,87.6,0.6,263
2023-10-31,4104,112090,9758417,87.6,87.6,86.2,86.3,-1.3,496
2023-11-01,4104,105131,9125170,86.7,87.3,85.8,86.8,0.5,284
2023-11-02,4104,166318,14434096,87.0,87.1,86.4,86.6,-0.2,461
2023-11-03,4104,99174,8617014,86.9,87.1,86.8,86.9,0.3,258
2023-11-06,4104,162655,14214003,87.3,87.7,87.1,87.5,0.6,382
2023-11-07,4104,113295,9899944,87.9,87.9,86.8,87.5,0.0,247
2023-11-08,4104,105932,9259923,87.4,88.0,87.0,87.5,0.0,262
2023-11-09,4104,125562,10981340,87.5,87.6,87.3,87.3,-0.2,328
2023-11-10,4104,147815,12830436,87.3,87.3,86.5,86.7,-0.6,390
2023-11-13,4104,160155,13796049,86.7,86.7,86.0,86.0,-0.7,422
2023-11-14,4104,135250,11628677,86.0,86.2,85.8,85.8,-0.2,333
2023-11-15,4104,263456,22630525,85.8,86.3,85.7,85.9,0.1,466
2023-11-16,4104,140476,12127451,86.4,87.0,85.9,87.0,1.1,255
2023-11-17,4104,132198,11447616,87.0,87.0,86.1,86.5,-0.5,299
2023-11-20,4104,159193,13724914,86.0,86.5,86.0,86.3,-0.2,333
2023-11-21,4104,139121,12057912,86.2,86.8,86.2,86.8,0.5,300
2023-11-22,4104,99079,8620217,86.4,87.3,86.4,86.9,0.1,236
2023-11-23,4104,140580,12219364,86.9,87.3,86.8,86.8,-0.1,262
2023-11-24,4104,77734,6746265,86.6,87.0,86.6,86.8,0.0,265
2023-11-27,4104,202590,17659060,86.5,87.5,86.5,86.9,0.1,334
2023-11-28,4104,169821,14780438,87.8,87.8,86.7,87.0,0.1,310
2023-11-29,4104,142564,12405726,87.4,87.5,86.8,86.8,-0.2,279
2023-11-30,4104,85412,7434729,87.3,87.3,86.9,87.0,0.2,256
2023-12-01,4104,133438,11628621,86.9,87.5,86.9,87.0,0.0,254
2023-12-04,4104,156103,13658325,87.0,87.9,87.0,87.5,0.5,332
2023-12-05,4104,181280,15793912,87.7,87.7,86.8,87.1,-0.4,380
2023-12-06,4104,176363,15326934,87.0,87.0,86.8,86.9,-0.2,294
2023-12-07,4104,122348,10633665,87.0,87.1,86.7,86.8,-0.1,230
2023-12-08,4104,246490,21373069,86.8,87.0,86.4,86.7,-0.1,452
2023-12-11,4104,517210,45738712,87.6,88.9,87.5,88.9,2.2,904
2023-12-12,4104,262070,23293902,89.1,89.2,88.6,89.1,0.2,532
2023-12-13,4104,163961,14515521,89.1,89.1,88.1,88.1,-1.0,432
2023-12-14,4104,174895,15483350,88.3,89.0,88.2,89.0,0.9,362
2023-12-15,4104,191747,16939240,88.8,88.8,88.1,88.4,-0.6,507
2023-12-18,4104,147125,13034109,88.5,88.8,88.3,88.5,0.1,324
2023-12-19,4104,138801,12214226,88.5,88.5,87.8,87.8,-0.7,334
2023-12-20,4104,139121,12271816,87.8,88.6,87.8,88.5,0.7,223
2023-12-21,4104,204279,17964432,88.0,88.3,87.5,87.9,-0.6,371
2023-12-22,4104,87641,7691423,87.7,87.9,87.6,87.7,-0.2,187
2023-12-25,4104,73498,6449071,87.7,88.2,87.5,87.8,0.1,215
2023-12-26,4104,110795,9776086,88.6,88.6,87.9,88.5,0.7,224
2023-12-27,4104,158615,14017910,88.5,88.6,88.0,88.1,-0.4,347
2023-12-28,4104,147011,12942076,88.1,88.5,87.8,88.4,0.3,275
2023-12-29,4104,97027,8549088,88.2,88.4,87.9,88.4,0.0,272
2024-01-02,4104,187983,16675801,88.4,89.2,88.3,88.6,0.2,312
2024-01-03,4104,131174,11589379,88.6,88.7,88.1,88.2,-0.4,354
2024-01-04,4104,126591,11135870,87.6,88.4,87.6,88.0,-0.2,222
2024-01-05,4104,118830,10500005,88.1,88.7,88.0,88.3,0.3,238
2024-01-08,4104,153994,13563118,88.1,88.7,87.7,87.8,-0.5,308
2024-01-09,4104,103197,9047838,87.8,88.0,87.5,87.5,-0.3,240
2024-01-10,4104,121323,10611108,87.5,87.6,87.3,87.5,0.0,245
2024-01-11,4104,118007,10345923,87.5,87.8,87.5,87.8,0.3,208
2024-01-12,4104,102472,8990792,87.7,88.0,87.5,88.0,0.2,201
2024-01-15,4104,126510,11116424,88.3,88.3,87.6,87.7,-0.3,297
2024-01-16,4104,212316,18529566,87.8,87.8,87.0,87.1,-0.6,490
2024-01-17,4104,413946,35683219,86.9,86.9,85.6,86.0,-1.1,985
2024-01-18,4104,132596,11439921,86.0,86.7,85.9,86.3,0.3,269
2024-01-19,4104,109829,9530743,86.3,87.0,86.3,86.9,0.6,253
2024-01-22,4104,118031,10306088,87.0,87.6,87.0,87.5,0.6,223
2024-01-23,4104,92826,8114336,87.5,87.5,87.3,87.4,-0.1,181
2024-01-24,4104,87576,7659420,87.4,87.7,87.3,87.4,0.0,196
2024-01-25,4104,77172,6740578,87.2,87.5,87.1,87.4,0.0,193
2024-01-26,4104,54119,4726597,87.4,87.5,87.2,87.2,-0.2,141
2024-01-29,4104,76880,6706467,87.2,87.5,87.1,87.2,0.0,214
2024-01-30,4104,114629,9964006,87.2,87.2,86.7,86.9,-0.3,300
2024-01-31,4104,64548,5605642,86.7,87.3,86.7,86.7,-0.2,231
2024-02-01,4104,78404,6836847,87.6,87.6,87.0,87.2,0.5,256
2024-02-02,4104,86592,7537084,87.2,87.2,86.9,87.1,-0.1,261
2024-02-05,4104,92792,8072324,87.1,87.1,86.8,87.0,-0.1,267
2024-02-15,4104,231175,20046266,87.0,87.0,86.5,86.8,-0.2,467
2024-02-16,4104,164004,14319579,87.3,87.5,87.0,87.4,0.6,304
2024-02-19,4104,259370,22768224,87.4,88.0,87.2,88.0,0.6,447
2024-02-20,4104,140991,12433594,88.4,88.4,87.9,88.3,0.3,322
2024-02-21,4104,171161,15152291,88.3,88.8,88.3,88.4,0.1,367
2024-02-22,4104,143575,12659049,88.6,88.7,88.0,88.0,-0.4,324
2024-02-23,4104,135442,11905531,88.0,88.0,87.6,87.8,-0.2,341
2024-02-26,4104,248250,21948208,88.0,88.8,87.9,88.5,0.7,432
2024-02-27,4104,225527,19956018,88.5,88.9,88.2,88.4,-0.1,370
2024-02-29,4104,354240,31351071,88.2,88.8,88.2,88.2,-0.2,425
2024-03-01,4104,705870,63554634,88.6,91.2,88.6,91.2,3.0,1030
2024-03-04,4104,561921,51142254,91.2,92.2,90.2,90.3,-0.9,959
2024-03-05,4104,234559,21268875,90.4,91.0,90.4,90.5,0.2,470
2024-03-06,4104,341089,30698554,90.5,90.6,89.6,89.8,-0.7,600
2024-03-07,4104,293176,26190793,89.8,89.9,89.0,89.6,-0.2,638
2024-03-08,4104,395489,35208394,89.5,89.8,88.3,89.2,-0.4,676
2024-03-11,4104,1148577,106148225,90.6,93.3,90.6,92.8,3.6,1535
2024-03-12,4104,510295,47580247,92.8,93.9,92.5,92.9,0.1,1784
2024-03-13,4104,400115,37133760,92.9,93.6,92.2,92.3,-0.6,644
2024-03-14,4104,306626,28460169,92.2,93.7,92.2,92.2,-0.1,531
2024-03-15,4104,441028,41085726,92.5,94.0,92.0,93.8,1.6,728
2024-03-18,4104,306452,28638313,94.1,94.5,93.0,93.2,-0.6,953
2024-03-19,4104,244332,22866295,93.9,93.9,93.2,93.5,0.3,408
2024-03-20,4104,372653,35054387,93.5,94.5,93.5,94.1,0.6,541
2024-03-21,4104,299403,28174229,94.4,94.6,93.7,94.3,0.2,970
2024-03-22,4104,219838,20743149,94.3,94.8,94.0,94.2,-0.1,497
2024-03-25,4104,205171,19443158,94.4,95.0,94.4,94.8,0.6,412
2024-03-26,4104,299951,28424162,94.6,95.5,94.1,94.4,-0.4,544
2024-03-27,4104,464676,44500027,94.4,96.7,94.4,95.4,1.0,652
2024-03-28,4104,251900,24285907,95.8,96.7,95.8,96.4,1.0,820
2024-03-29,4104,218930,21088576,97.3,97.4,96.0,96.2,-0.2,567
2024-04-01,4104,337050,32842465,96.7,97.9,96.5,97.4,1.2,662
2024-04-02,4104,194907,18998015,98.0,98.2,97.0,97.1,-0.3,458
2024-04-03,4104,156572,15182594,97.1,97.5,96.5,97.0,-0.1,337
2024-04-08,4104,259124,25235301,97.2,98.1,96.6,97.1,0.1,519
2024-04-09,4104,324534,31368463,97.5,97.8,96.0,96.3,-0.8,769
2024-04-10,4104,425315,40805218,97.2,97.2,95.3,95.4,-0.9,951
2024-04-11,4104,554655,52464423,95.0,96.0,94.0,95.0,-0.4,917
2024-04-12,4104,263138,25337200,95.6,96.6,95.6,96.3,1.3,626
2024-04-15,4104,499168,48095514,96.4,97.2,95.8,96.2,-0.1,836
2024-04-16,4104,690664,65217026,96.3,96.3,93.5,94.0,-2.2,1536
2024-04-17,4104,441877,41818854,94.3,95.0,94.3,94.6,0.6,736
2024-04-18,4104,554026,52359517,94.6,95.4,93.7,94.6,0.0,1112
2024-04-19,4104,1016771,91820340,90.8,91.5,88.9,90.0,0.0,2172
2024-04-22,4104,289902,26135249,90.0,90.6,89.7,90.5,0.5,683
2024-04-23,4104,363783,33480488,90.5,93.0,90.5,92.6,2.1,585
2024-04-24,4104,246940,22768645,92.6,92.9,91.9,92.1,-0.5,538
2024-04-25,4104,110895,10159238,92.0,92.2,91.3,91.8,-0.3,313
2024-04-26,4104,263016,24125930,91.8,92.8,91.2,91.6,-0.2,417
2024-04-29,4104,134077,12274276,91.6,91.9,91.3,91.4,-0.2,358
2024-04-30,4104,158599,14451619,91.4,91.6,90.9,91.1,-0.3,322
2024-05-02,4104,240207,22099750,91.2,92.8,90.9,92.8,1.7,386
2024-05-03,4104,306794,28412231,92.9,93.8,91.7,91.9,-0.9,541
2024-05-06,4104,124132,11431102,91.9,92.4,91.5,92.4,0.5,284
2024-05-07,4104,140816,12972947,92.4,92.4,91.8,92.3,-0.1,237
2024-05-08,4104,93445,8605541,92.1,92.3,91.8,91.8,-0.5,224
2024-05-09,4104,103914,9549747,91.8,92.1,91.5,91.9,0.1,217
2024-05-10,4104,159380,14622130,91.9,92.0,91.5,91.8,-0.1,370
2024-05-13,4104,210698,19174620,91.8,91.8,90.6,90.8,-1.0,576
2024-05-14,4104,218835,19850824,90.8,91.2,90.3,90.5,-0.3,441
2024-05-15,4104,109945,9971803,90.5,91.2,90.5,90.9,0.4,304
2024-05-16,4104,324344,29338381,90.9,90.9,90.1,90.4,-0.5,738
2024-05-17,4104,96838,8770906,90.5,90.8,90.2,90.7,0.3,220
2024-05-20,4104,136160,12405190,91.0,91.5,90.5,91.3,0.6,324
2024-05-21,4104,119990,10932618,91.4,91.7,90.7,90.8,-0.5,476
2024-05-22,4104,147051,13334941,91.0,91.0,90.5,90.5,-0.3,352
2024-05-23,4104,320379,28902168,90.5,90.6,89.9,90.0,-0.5,703
2024-05-24,4104,185028,16646996,89.8,90.3,89.5,90.0,0.0,440
2024-05-27,4104,146084,13146226,90.0,90.1,89.8,89.9,-0.1,478
2024-05-28,4104,163807,14728835,89.9,90.5,89.7,90.2,0.3,654
2024-05-29,4104,211644,18992008,90.0,90.0,89.6,89.9,-0.3,605
2024-05-30,4104,288250,25753571,89.5,89.8,89.0,89.1,-0.8,752
2024-05-31,4104,129589,11569794,89.1,89.5,89.0,89.2,0.1,355
2024-06-03,4104,118740,10600055,89.2,89.5,89.0,89.2,0.0,380
2024-06-04,4104,93223,8336254,89.2,89.7,89.2,89.4,0.2,251
2024-06-05,4104,93609,8390323,89.5,89.9,89.5,89.9,0.5,203
2024-06-06,4104,125866,11285869,90.0,90.0,89.5,89.7,-0.2,278
2024-06-07,4104,86658,7791484,89.9,90.1,89.7,89.9,0.2,194
2024-06-11,4104,150123,13529250,89.9,90.7,89.7,90.0,0.1,329
2024-06-12,4104,89985,8082728,89.9,90.0,89.7,90.0,0.0,272
2024-06-13,4104,95989,8621886,90.0,90.0,89.7,89.7,-0.3,287
2024-06-14,4104,145407,13085084,90.3,90.3,89.7,90.2,0.5,256
2024-06-17,4104,144408,13053352,90.4,90.6,90.1,90.4,0.2,282
2024-06-18,4104,137174,12405917,90.4,90.7,90.1,90.6,0.2,286
2024-06-19,4104,148978,13455554,90.4,90.6,90.1,90.2,-0.4,304
2024-06-20,4104,110712,9999494,90.1,90.5,90.1,90.5,0.3,237
2024-06-21,4104,110367,10017002,91.3,91.3,90.5,90.9,0.4,206
2024-06-24,4104,177179,15990828,90.8,90.8,90.1,90.2,-0.7,272
2024-06-25,4104,95249,8577702,90.5,90.5,89.9,90.0,-0.2,209
2024-06-26,4104,135336,12241864,90.1,90.7,90.0,90.2,0.2,223
2024-06-27,4104,80052,7213092,90.1,90.2,90.0,90.1,-0.1,769
2024-06-28,4104,136627,12297509,90.1,90.2,89.9,89.9,-0.2,262
2024-07-01,4104,66541,5988495,90.2,90.2,89.9,90.0,0.1,247
2024-07-02,4104,189251,16963999,89.9,89.9,89.5,89.5,-0.5,407
2024-07-03,4104,138043,12428256,89.7,90.2,89.7,90.1,0.6,243
2024-07-04,4104,140256,12651720,90.1,90.5,90.0,90.2,0.1,249
2024-07-05,4104,99280,8941971,90.0,90.2,90.0,90.0,-0.2,200
2024-07-08,4104,121066,10894024,90.0,90.2,89.8,90.0,0.0,283
2024-07-09,4104,190816,17076741,90.0,90.0,89.2,89.4,-0.6,545
2024-07-10,4104,113276,10145583,89.4,89.9,89.4,89.5,0.1,299
2024-07-11,4104,163376,14596573,89.6,89.6,89.2,89.3,-0.2,485
2024-07-12,4104,107213,9573637,89.3,89.4,89.2,89.3,0.0,342
2024-07-15,4104,88201,7872520,89.3,89.4,89.1,89.3,0.0,278
2024-07-16,4104,130932,11776176,89.5,90.3,89.4,89.9,0.6,258
2024-07-17,4104,102921,9254547,90.2,90.2,89.7,89.8,-0.1,312
2024-07-18,4104,129633,11586691,90.0,90.0,89.1,89.4,-0.4,380
2024-07-19,4104,175527,15647696,89.2,89.3,89.0,89.2,-0.2,440
2024-07-22,4104,384993,33932545,89.1,89.1,87.8,88.1,-1.1,874
2024-07-23,4104,142998,12671706,88.3,89.0,88.2,88.3,0.2,362
2024-07-26,4104,139812,12281543,88.0,88.3,87.5,88.3,0.0,389
2024-07-29,4104,100891,8914444,88.5,88.8,88.0,88.8,0.5,255
2024-07-30,4104,114855,10141314,88.8,88.9,87.6,88.8,0.0,268
2024-07-31,4104,54768,4853272,88.7,88.9,88.4,88.9,0.1,214
2024-08-01,4104,110280,9861612,88.9,89.8,88.8,89.8,0.9,245
2024-08-02,4104,108732,9706780,88.8,90.0,88.8,89.4,-0.4,284
2024-08-05,4104,475904,41203605,88.3,88.3,85.7,86.1,-3.3,1167
2024-08-06,4104,382667,32830302,86.0,86.9,84.7,86.9,0.8,696
2024-08-07,4104,114170,9954872,87.0,87.6,86.9,87.1,0.2,519
2024-08-08,4104,76278,6636043,87.1,87.4,86.3,87.4,0.3,195
2024-08-09,4104,121177,10636960,87.0,88.1,87.0,87.5,0.1,251
2024-08-12,4104,197609,17686822,88.3,90.0,88.3,89.5,2.0,320
2024-08-13,4104,105530,9474844,90.0,90.0,89.5,89.9,0.4,693
2024-08-14,4104,177846,16083783,90.2,90.7,90.1,90.6,0.7,325
2024-08-15,4104,458412,42041344,90.6,92.3,90.6,92.3,1.7,702
2024-08-16,4104,196654,18097142,92.4,92.4,91.6,92.3,0.0,1021
2024-08-19,4104,151872,13940549,92.4,92.4,91.5,91.6,-0.7,597
2024-08-20,4104,177618,16221390,91.6,92.0,90.8,91.8,0.2,801
2024-08-21,4104,175864,16165389,92.0,92.2,91.7,92.0,0.2,758
2024-08-22,4104,81172,7453690,92.0,92.0,91.6,91.8,-0.2,417
2024-08-23,4104,153340,14063425,91.5,92.0,91.5,91.6,-0.2,876
2024-08-26,4104,215531,19098129,87.1,89.5,87.1,88.8,0.0,2119
2024-08-27,4104,99238,8809642,88.8,89.2,88.6,88.6,-0.2,272
2024-08-28,4104,101196,8958902,88.6,88.8,88.1,88.2,-0.4,327
2024-08-29,4104,88376,7785688,88.3,88.6,87.7,88.0,-0.2,238
2024-08-30,4104,58068,5135444,88.0,88.9,88.0,88.6,0.6,180
2024-09-02,4104,35152,3107206,88.3,88.4,88.2,88.3,-0.3,176
2024-09-03,4104,96045,8476279,88.2,88.7,88.1,88.1,-0.2,176
2024-09-04,4104,177689,15479717,87.7,87.7,86.1,87.1,-1.0,471
2024-09-05,4104,121675,10617927,87.3,88.2,86.8,86.9,-0.2,335
2024-09-06,4104,42627,3727270,87.0,88.0,87.0,87.8,0.9,160
2024-09-09,4104,100641,8779667,86.9,87.7,86.1,87.5,-0.3,241
2024-09-10,4104,77586,6761828,87.5,87.5,86.8,86.9,-0.6,206
2024-09-11,4104,39715,3455628,87.1,87.2,86.8,86.8,-0.1,146
2024-09-12,4104,67100,5839298,87.0,87.3,86.8,86.9,0.1,164
2024-09-13,4104,50665,4416160,87.4,87.5,86.9,87.2,0.3,152
2024-09-16,4104,88749,7761898,87.2,87.8,87.2,87.3,0.1,194
2024-09-18,4104,92223,8054624,87.3,87.5,87.1,87.3,0.0,200
2024-09-19,4104,86939,7601370,87.3,87.7,87.1,87.7,0.4,154
2024-09-20,4104,73290,6431028,87.5,87.9,87.1,87.9,0.2,158
2024-09-23,4104,56113,4929474,88.1,88.1,87.6,87.6,-0.3,139
2024-09-24,4104,39700,3479196,87.6,87.9,87.2,87.9,0.3,127
2024-09-25,4104,76494,6730556,88.0,88.3,87.8,87.9,0.0,202
2024-09-26,4104,89251,7859430,88.0,88.5,87.8,88.1,0.2,168
2024-09-27,4104,111055,9790188,88.2,88.5,87.9,88.2,0.1,170
2024-09-30,4104,123870,10849973,88.2,88.3,87.0,87.8,-0.4,165
2024-10-01,4104,35085,3082644,87.9,88.0,87.5,88.0,0.2,117
2024-10-04,4104,92416,8101046,88.0,88.0,87.3,87.5,-0.5,448
2024-10-07,4104,104836,9197073,88.2,88.2,87.5,87.6,0.1,415
2024-10-08,4104,97547,8533185,87.6,87.8,87.1,87.2,-0.4,314
2024-10-09,4104,79184,6926190,87.3,87.6,87.3,87.4,0.2,274
2024-10-11,4104,104531,9147901,87.6,88.0,87.1,87.2,-0.2,308
2024-10-14,4104,96051,8384265,87.2,87.4,87.1,87.2,0.0,235
2024-10-15,4104,73467,6428008,87.3,87.6,87.2,87.6,0.4,254
2024-10-16,4104,80678,7056283,87.6,87.6,87.3,87.4,-0.2,270
2024-10-17,4104,111079,9766284,87.4,88.2,87.4,88.0,0.6,231
2024-10-18,4104,126242,11110191,88.0,88.3,87.8,87.8,-0.2,266
2024-10-21,4104,81005,7121388,88.4,88.4,87.8,87.8,0.0,218
2024-10-22,4104,55399,4859624,87.9,87.9,87.5,87.8,0.0,174
2024-10-23,4104,80001,7016259,88.0,88.0,87.5,87.7,-0.1,269
2024-10-24,4104,65701,5756373,87.5,87.8,87.3,87.8,0.1,162
2024-10-25,4104,86334,7548085,87.8,87.8,87.2,87.5,-0.3,239
2024-10-28,4104,98119,8606456,87.7,87.8,87.6,87.7,0.2,200
2024-10-29,4104,110548,9646503,87.7,87.7,87.1,87.1,-0.6,252
2024-10-30,4104,75592,6598322,87.7,87.7,87.1,87.1,0.0,200
2024-11-01,4104,98117,8533363,87.0,87.6,86.5,86.9,-0.2,264
2024-11-04,4104,64682,5621113,86.8,87.1,86.6,87.0,0.1,161
2024-11-05,4104,44469,3871163,86.8,87.4,86.8,87.1,0.1,171
2024-11-06,4104,81109,7073552,87.4,87.4,87.0,87.0,-0.1,164
2024-11-07,4104,59539,5196107,87.0,87.8,87.0,87.3,0.3,132
2024-11-08,4104,51741,4520800,87.3,87.8,87.2,87.3,0.0,160
2024-11-11,4104,88615,7739271,87.3,87.6,87.2,87.5,0.2,182
2024-11-12,4104,116383,10134988,87.0,87.5,86.9,87.0,-0.5,311
2024-11-13,4104,168663,14645225,86.8,87.0,86.6,86.7,-0.3,341
2024-11-14,4104,191177,16532117,86.6,86.7,86.3,86.3,-0.4,410
2024-11-15,4104,236392,20338913,86.0,86.4,85.6,86.1,-0.2,574
2024-11-18,4104,77995,6707475,85.7,86.6,85.7,86.1,0.0,326
2024-11-19,4104,57749,4995295,86.1,86.9,86.1,86.5,0.4,157
2024-11-20,4104,54583,4727418,86.6,86.7,86.5,86.6,0.1,145
2024-11-21,4104,36795,3193774,86.7,86.9,86.6,86.8,0.2,115
2024-11-22,4104,51356,4465020,87.1,87.1,86.8,87.0,0.2,171
2024-11-25,4104,68524,5977847,86.7,87.6,86.7,87.4,0.4,239
2024-11-26,4104,32875,2869766,87.0,87.5,87.0,87.4,0.0,109
2024-11-27,4104,80204,6975322,86.9,87.1,86.8,87.0,-0.4,218
2024-11-28,4104,59532,5164292,86.7,86.9,86.6,86.7,-0.3,155
2024-11-29,4104,47968,4158156,86.7,86.9,86.4,86.7,0.0,127
2024-12-02,4104,62838,5447513,86.7,87.0,86.5,86.6,-0.1,168
2024-12-03,4104,56905,4945370,86.7,87.0,86.6,86.9,0.3,152
2024-12-04,4104,63525,5529223,87.2,87.2,86.9,87.1,0.2,128
2024-12-05,4104,63702,5535085,87.1,87.1,86.4,87.1,0.0,182
2024-12-06,4104,79826,6936344,87.1,87.1,86.6,86.9,-0.2,167
2024-12-09,4104,142315,12460628,87.1,88.0,87.1,87.6,0.7,278
2024-12-10,4104,99213,8666790,87.7,87.7,87.1,87.4,-0.2,182
2024-12-11,4104,103072,8980558,87.3,87.3,86.9,87.3,-0.1,216
2024-12-12,4104,62541,5462378,87.0,87.6,87.0,87.3,0.0,175
2024-12-13,4104,74046,6450893,87.0,87.5,86.9,87.0,-0.3,209
2024-12-16,4104,81247,7038488,87.0,87.0,86.5,86.5,-0.5,245
2024-12-17,4104,71583,6182249,86.5,86.5,86.2,86.3,-0.2,208
2024-12-18,4104,58682,5068799,86.2,86.5,86.2,86.4,0.1,142
2024-12-19,4104,113311,9757793,86.0,86.5,86.0,86.1,-0.3,269
2024-12-20,4104,109282,9392215,86.0,86.2,85.7,85.9,-0.2,317
2024-12-23,4104,100167,8616480,86.0,86.3,85.8,85.9,0.0,224
2024-12-24,4104,38151,3287590,86.4,86.4,86.0,86.0,0.1,143
2024-12-25,4104,87355,7511748,86.0,86.1,85.9,86.0,0.0,185
2024-12-26,4104,73560,6328019,86.0,86.3,85.8,85.9,-0.1,158
2024-12-27,4104,50152,4313893,85.9,86.3,85.7,86.0,0.1,175
2024-12-30,4104,82605,7103868,86.0,86.1,85.8,86.0,0.0,148
2024-12-31,4104,75395,6475914,86.0,86.0,85.7,86.0,0.0,170
2025-01-02,4104,68010,5835691,86.0,86.0,85.7,85.8,-0.2,234
2025-01-03,4104,102928,8815455,86.0,86.0,85.5,85.6,-0.2,311
2025-01-06,4104,151154,12900596,85.5,85.5,85.1,85.5,-0.1,583
2025-01-07,4104,133791,11412635,85.5,85.5,85.1,85.1,-0.4,314
2025-01-08,4104,118313,10049417,85.0,85.0,84.8,85.0,-0.1,344
2025-01-09,4104,111577,9499162,85.1,85.6,84.9,85.0,0.0,209
2025-01-10,4104,98662,8401125,84.9,85.6,84.9,85.0,0.0,427
2025-01-13,4104,147556,12469435,85.0,85.0,84.1,84.9,-0.1,399
2025-01-14,4104,48229,4089900,84.9,85.0,84.6,84.8,-0.1,238
2025-01-15,4104,48212,4096073,84.9,85.2,84.7,84.9,0.1,136
2025-01-16,4104,54393,4627473,85.0,85.3,84.9,85.0,0.1,137
2025-01-17,4104,76966,6606501,85.0,86.5,85.0,86.1,1.1,184
2025-01-20,4104,50877,4367003,86.1,86.1,85.6,85.9,-0.2,531
2025-01-21,4104,26668,2292274,85.8,86.0,85.8,85.9,0.0,97
2025-01-22,4104,76720,6603827,85.8,86.4,85.6,85.9,0.0,177
2025-02-03,4104,102616,8804462,85.9,86.5,85.5,85.5,-0.4,538
2025-02-04,4104,137497,11716486,85.5,85.6,85.0,85.1,-0.4,655
2025-02-05,4104,58328,5006358,85.4,86.3,85.4,85.8,0.7,142
2025-02-06,4104,112864,9696647,86.0,86.3,85.4,85.6,-0.2,243
2025-02-07,4104,41268,3549742,85.8,86.2,85.8,86.1,0.5,364
2025-02-10,4104,76487,6614247,86.1,86.8,86.0,86.4,0.3,227
2025-02-11,4104,42822,3702858,86.4,86.6,86.4,86.4,0.0,606
2025-02-12,4104,191265,16380020,86.6,86.7,85.0,86.0,-0.4,279
2025-02-13,4104,63379,5470538,86.4,86.7,86.0,86.3,0.3,201
2025-02-14,4104,53035,4580838,86.0,86.5,86.0,86.3,0.0,394
2025-02-17,4104,103735,8960840,86.5,86.6,86.1,86.4,0.1,236
2025-02-18,4104,47636,4119536,86.3,86.6,86.3,86.5,0.1,166
2025-02-19,4104,134712,11588378,86.5,86.6,85.6,86.2,-0.3,207
2025-02-20,4104,34858,3013076,86.2,86.6,86.2,86.4,0.2,110
2025-02-21,4104,114159,9885653,86.4,86.8,86.1,86.7,0.3,235
2025-02-24,4104,159600,13898531,86.7,87.5,86.6,87.4,0.7,305
2025-02-25,4104,62451,5432665,87.4,87.4,86.8,86.9,-0.5,832
2025-02-26,4104,79610,6915022,86.8,87.1,86.6,86.7,-0.2,566
2025-02-27,4104,91432,7960080,86.7,87.3,86.7,87.1,0.4,392
2025-03-03,4104,174244,15248913,87.1,87.9,87.1,87.8,0.7,343
2025-03-04,4104,123085,10788096,87.8,87.9,87.5,87.8,0.0,829
2025-03-05,4104,138750,12210864,87.8,88.3,87.8,88.0,0.2,389
2025-03-06,4104,88999,7809097,88.0,88.0,87.6,87.7,-0.3,740
2025-03-07,4104,71321,6253479,87.8,87.9,87.5,87.5,-0.2,168
2025-03-10,4104,484084,43200188,88.0,89.8,88.0,89.5,2.0,794
2025-03-11,4104,232744,20724902,89.5,89.6,88.5,89.2,-0.3,1682
2025-03-12,4104,156672,13952838,89.4,89.4,88.8,89.0,-0.2,962
2025-03-13,4104,184490,16394937,89.4,89.5,88.5,88.5,-0.5,1511
2025-03-14,4104,90492,8005987,88.3,88.8,88.3,88.4,-0.1,1004
2025-03-17,4104,74832,6635782,88.6,89.0,88.5,88.5,0.1,335
2025-03-18,4104,143255,12790809,88.9,89.6,88.9,89.5,1.0,411
2025-03-19,4104,330702,29809162,89.5,90.9,89.4,89.8,0.3,564
2025-03-20,4104,131556,11900361,90.2,90.7,90.2,90.5,0.7,281
2025-03-21,4104,101527,9151704,90.5,90.8,89.8,90.4,-0.1,1021
2025-03-24,4104,101778,9176909,90.7,90.7,89.9,90.1,-0.3,219
2025-03-25,4104,94747,8523708,90.2,90.5,89.7,89.9,-0.2,933
2025-03-26,4104,86697,7780610,90.4,90.4,89.5,89.8,-0.1,804
2025-03-27,4104,81484,7278689,89.8,89.8,88.8,89.4,-0.4,241
2025-03-28,4104,170749,15172839,89.4,89.5,88.5,88.8,-0.6,381
2025-03-31,4104,257423,22612984,87.5,88.5,87.5,87.7,-1.1,616
2025-04-01,4104,223857,19758897,87.8,88.8,87.8,88.1,0.4,295
2025-04-02,4104,106563,9390246,88.0,88.3,87.8,88.3,0.2,256
2025-04-07,4104,1192629,96389893,79.5,82.9,79.5,79.9,-8.4,2115
2025-04-08,4104,784786,65540995,80.0,86.0,80.0,84.9,5.0,1146
2025-04-09,4104,658434,55779866,84.2,86.0,83.4,83.6,-1.3,1507
2025-04-10,4104,660087,58059942,88.0,89.0,86.7,87.2,3.6,869
2025-04-11,4104,314307,27490807,85.0,88.2,85.0,87.3,0.1,494
2025-04-14,4104,341961,29838609,87.3,87.7,86.5,86.8,-0.5,508
2025-04-15,4104,183730,16080950,86.7,88.3,86.7,88.2,1.4,459
2025-04-16,4104,175131,15421333,88.2,88.4,87.8,88.0,-0.2,284
2025-04-17,4104,167634,14796206,88.0,88.5,87.8,88.5,0.5,309
2025-04-18,4104,194944,17314446,88.6,89.3,88.5,88.6,0.1,711
2025-04-21,4104,181707,16025627,88.3,88.6,87.6,87.6,-1.0,1446
2025-04-22,4104,201719,17704029,87.2,88.2,87.2,87.5,-0.1,737
2025-04-23,4104,334215,29464478,88.8,88.8,87.8,88.2,0.7,723
2025-04-24,4104,564184,47842968,84.2,85.8,84.2,84.4,0.0,1071
2025-04-25,4104,368033,31124245,84.7,84.9,84.4,84.6,0.2,762
2025-04-28,4104,182791,15588047,85.1,85.6,84.9,85.6,1.0,501
2025-04-29,4104,124620,10784381,86.0,86.8,86.0,86.4,0.8,257
2025-04-30,4104,146160,12665839,86.6,87.1,86.1,87.0,0.6,235
2025-05-02,4104,148762,12941756,87.4,87.4,86.6,87.0,0.0,253
2025-05-05,4104,172402,14970606,87.5,87.5,86.3,86.8,-0.2,312
2025-05-06,4104,177276,15503509,87.2,88.0,86.8,87.6,0.8,313
2025-05-07,4104,266600,23459488,88.0,88.4,87.6,88.2,0.6,299
2025-05-08,4104,195389,17351793,88.6,89.2,88.6,89.0,0.8,296
2025-05-09,4104,114615,10180047,89.4,89.4,88.3,88.7,-0.3,190
2025-05-12,4104,356578,31110376,88.5,88.5,86.6,86.7,-2.0,1278
2025-05-13,4104,147878,12761758,87.1,87.1,85.9,86.2,-0.5,400
2025-05-14,4104,100174,8673835,87.0,87.2,86.1,86.7,0.5,317
2025-05-15,4104,55443,4796280,86.7,86.7,86.3,86.5,-0.2,155
2025-05-16,4104,247428,21253915,85.6,86.5,85.4,86.1,-0.4,489
2025-05-19,4104,79528,6844199,86.0,86.2,85.6,85.9,-0.2,197
2025-05-20,4104,74213,6393513,85.9,86.6,85.7,86.4,0.5,160
2025-05-21,4104,79410,6878581,86.9,87.0,86.4,86.4,0.0,162
2025-05-22,4104,49125,4254476,86.4,86.8,86.4,86.6,0.2,176
2025-05-23,4104,69938,6045768,86.4,86.6,86.3,86.3,-0.3,159
2025-05-26,4104,116881,10113695,86.2,87.0,86.2,86.5,0.2,182
2025-05-27,4104,110301,9498788,86.1,86.5,85.9,86.0,-0.5,223
2025-05-28,4104,88659,7632620,85.8,87.0,85.8,85.8,-0.2,199
2025-05-29,4104,135421,11613894,85.8,85.9,85.6,85.6,-0.2,224
2025-06-02,4104,95814,8191189,85.6,85.7,85.3,85.4,-0.2,256
2025-06-03,4104,103601,8856949,85.4,85.8,85.3,85.3,-0.1,198
2025-06-04,4104,76106,6534291,85.5,86.3,85.4,85.8,0.5,150
2025-06-05,4104,55745,4784750,85.5,86.2,85.5,85.7,-0.1,143
2025-06-06,4104,66963,5759449,85.4,86.3,85.4,85.7,0.0,138
2025-06-09,4104,72969,6253452,85.7,86.4,85.5,85.6,-0.1,120
2025-06-10,4104,101792,8722489,85.5,86.3,85.4,85.6,0.0,215
2025-06-11,4104,72921,6230073,85.6,85.7,85.1,85.6,0.0,196
2025-06-12,4104,131872,11248402,85.1,85.5,85.1,85.2,-0.4,351
2025-06-13,4104,162977,13817901,85.0,85.1,84.1,84.7,-0.5,386
2025-06-16,4104,79695,6764497,84.7,85.2,84.2,84.9,0.2,173
2025-06-17,4104,135417,11479154,84.5,85.0,84.5,84.6,-0.3,323
2025-06-18,4104,58844,4989151,84.3,85.0,84.3,84.8,0.2,165
2025-06-19,4104,92665,7835936,84.4,84.9,84.4,84.5,-0.3,202
2025-06-20,4104,90427,7638471,84.4,84.7,84.2,84.3,-0.2,214
2025-06-23,4104,179336,15049854,84.1,84.2,83.7,83.8,-0.5,325
2025-06-24,4104,129021,10861463,83.8,84.7,83.5,84.1,0.3,202
2025-06-25,4104,40207,3397780,84.6,84.6,84.3,84.3,0.2,130
2025-06-26,4104,45309,3835366,84.2,85.0,84.2,84.7,0.4,137
2025-06-27,4104,43018,3654242,85.0,85.0,84.8,84.9,0.2,151
2025-06-30,4104,59103,5001971,84.9,84.9,84.4,84.6,-0.3,182
2025-07-01,4104,352558,29499046,84.6,84.9,82.0,84.7,0.1,389
2025-07-02,4104,48458,4091055,84.7,84.7,84.2,84.3,-0.4,194
2025-07-03,4104,101629,8560806,84.3,84.3,84.1,84.1,-0.2,193
2025-07-04,4104,68817,5786281,84.0,84.1,84.0,84.0,-0.1,175
2025-07-07,4104,49851,4190842,84.0,84.2,84.0,84.1,0.1,135
2025-07-08,4104,100868,8450756,84.0,84.0,83.5,83.9,-0.2,309
2025-07-09,4104,94199,7883241,83.9,83.9,83.6,83.6,-0.3,333
2025-07-10,4104,127762,10697499,83.6,84.0,83.6,83.7,0.1,242
2025-07-11,4104,54163,4550264,83.7,84.2,83.7,84.0,0.3,149
2025-07-14,4104,45732,3840258,84.0,84.2,83.8,83.8,-0.2,149
2025-07-15,4104,73617,6165998,83.8,84.0,83.7,83.7,-0.1,207
2025-07-16,4104,76668,6416415,83.7,83.8,83.5,83.6,-0.1,203
2025-07-17,4104,86002,7272399,84.0,84.9,84.0,84.5,0.9,153
2025-07-18,4104,52243,4412294,84.9,84.9,84.3,84.6,0.1,110
2025-07-21,4104,27738,2344886,84.6,84.8,84.4,84.6,0.0,125
2025-07-22,4104,59088,4978234,84.6,84.6,84.0,84.0,-0.6,183
2025-07-23,4104,61348,5173740,84.0,84.5,84.0,84.2,0.2,135
2025-07-24,4104,49167,4147725,84.2,84.5,84.0,84.3,0.1,121
2025-07-25,4104,41208,3480212,84.2,84.6,84.1,84.3,0.0,98
2025-07-28,4104,44557,3750473,84.3,84.5,84.0,84.1,-0.2,152
2025-07-29,4104,55090,4631803,83.9,84.3,83.9,84.0,-0.1,133
2025-07-30,4104,56871,4783745,84.5,84.5,84.0,84.1,0.1,128
2025-07-31,4104,68959,5798742,84.0,84.3,83.9,83.9,-0.2,127
2025-08-01,4104,47034,3960968,84.1,84.3,84.1,84.2,0.3,120
2025-08-04,4104,79847,6758789,84.2,85.0,84.0,84.9,0.7,178
2025-08-05,4104,78517,6692644,85.0,85.5,85.0,85.3,0.4,147
2025-08-06,4104,42925,3662861,85.3,85.4,85.2,85.3,0.0,150
2025-08-07,4104,71186,6102313,85.3,85.9,85.3,85.7,0.4,170
2025-08-08,4104,94741,8151908,85.8,86.2,85.8,86.0,0.3,390
2025-08-11,4104,128168,11127420,86.0,87.2,86.0,86.8,0.8,258
2025-08-12,4104,97661,8399777,86.9,86.9,85.6,85.8,-1.0,749
2025-08-13,4104,79557,6857219,87.1,87.1,85.7,86.3,0.5,161
2025-08-14,4104,80571,6950469,86.2,86.5,86.1,86.3,0.0,225
2025-08-15,4104,57526,4976140,86.9,87.0,86.3,86.3,0.0,153
2025-08-18,4104,62944,5426045,86.3,86.4,86.0,86.2,-0.1,136
2025-08-19,4104,105233,9108473,86.0,86.8,86.0,86.8,0.6,190
2025-08-20,4104,123492,10685390,86.7,86.9,86.2,86.2,-0.6,657
2025-08-21,4104,65674,5674534,86.3,86.8,86.3,86.3,0.1,832
2025-08-22,4104,90571,7819080,86.0,86.7,86.0,86.2,-0.1,154
2025-08-25,4104,65180,5650037,86.2,86.9,86.2,86.7,0.5,169
2025-08-26,4104,59498,5156423,86.3,87.1,86.3,86.6,-0.1,107
2025-08-27,4104,101957,8846969,86.4,87.0,86.4,87.0,0.4,184
2025-08-28,4104,137609,11984379,87.0,87.2,86.6,87.2,0.2,218
2025-08-29,4104,113211,9868644,87.2,87.3,87.1,87.2,0.0,493
2025-09-01,4104,125952,10975722,87.2,87.4,87.0,87.1,-0.1,286
2025-09-02,4104,111385,9710158,87.3,87.3,87.0,87.3,0.2,262
2025-09-03,4104,178062,15643822,87.4,88.1,87.4,88.1,0.8,287
2025-09-04,4104,204257,18024064,88.5,88.5,88.0,88.4,0.3,274
2025-09-05,4104,196754,17304932,88.7,88.7,87.5,88.1,-0.3,1347
2025-09-08,4104,178454,15739538,88.5,88.5,88.0,88.4,0.3,628
2025-09-09,4104,443958,37755469,85.0,85.4,84.7,84.8,0.0,1467
2025-09-10,4104,249076,21306321,84.8,86.2,84.8,85.7,0.9,351
2025-09-11,4104,340752,29387730,85.6,86.8,85.5,86.1,0.4,437
2025-09-12,4104,131088,11318800,86.7,86.8,86.0,86.0,-0.1,320
2025-09-15,4104,136286,11661940,85.8,85.9,85.3,85.4,-0.6,260
2025-09-16,4104,103394,8822578,85.5,85.5,85.2,85.3,-0.1,234
2025-09-17,4104,121574,10372186,85.3,85.8,85.0,85.1,-0.2,284
2025-09-18,4104,182880,15525762,85.0,85.2,84.7,84.9,-0.2,325
2025-09-19,4104,160457,13591147,84.9,84.9,84.6,84.7,-0.2,284
2025-09-22,4104,69612,5906597,84.9,85.0,84.7,84.9,0.2,209
2025-09-23,4104,228450,19338298,84.8,85.0,84.5,84.6,-0.3,357
2025-09-24,4104,81544,6921381,84.6,85.1,84.6,84.9,0.3,172
2025-09-25,4104,71856,6112616,84.9,85.2,84.9,85.0,0.1,128
2025-09-26,4104,109726,9369675,85.0,85.7,85.0,85.3,0.3,184
2025-09-30,4104,68024,5830073,85.9,86.0,85.5,85.8,0.5,275
2025-10-01,4104,98473,8464910,86.0,86.2,85.7,86.0,0.2,315
2025-10-02,4104,142071,12222060,86.2,86.2,85.8,85.9,-0.1,375
2025-10-03,4104,110684,9479710,85.7,85.8,85.5,85.6,-0.3,318
2025-10-07,4104,93219,7954791,85.6,85.6,85.1,85.2,-0.4,275
2025-10-08,4104,83180,7080217,84.7,85.6,84.7,85.4,0.2,166
2025-10-09,4104,98124,8350859,85.4,85.9,84.8,85.1,-0.3,214
2025-10-13,4104,86046,7315740,84.7,85.3,84.7,85.1,0.0,193
2025-10-14,4104,258929,21984624,85.1,85.1,84.7,85.0,-0.1,358
2025-10-15,4104,90482,7685916,85.5,85.5,84.8,84.9,-0.1,200
2025-10-16,4104,71254,6057989,86.0,86.0,84.9,84.9,0.0,227
2025-10-17,4104,139098,11801420,84.7,85.1,84.7,85.0,0.1,248
2025-10-20,4104,97374,8269354,85.0,85.2,84.8,85.2,0.2,365
2025-10-21,4104,87651,7461668,85.2,85.4,85.0,85.0,-0.2,256
2025-10-22,4104,126081,10713062,85.0,85.2,84.8,84.8,-0.2,909
2025-10-23,4104,85103,7227657,84.7,85.3,84.7,85.0,0.2,137
2025-10-27,4104,146619,12495753,85.1,85.5,85.0,85.1,0.1,241
2025-10-28,4104,94174,8019031,85.2,85.4,85.0,85.0,-0.1,135
2025-10-29,4104,99924,8486395,85.0,85.0,84.8,84.9,-0.1,692
2025-10-30,4104,128382,10912581,84.9,85.2,84.9,84.9,0.0,274
2025-10-31,4104,71266,6058022,84.9,85.1,84.9,84.9,0.0,417
2025-11-03,4104,92700,7886545,85.6,85.6,84.9,85.2,0.3,283
2025-11-04,4104,106439,9065602,85.6,85.6,85.0,85.3,0.1,466
2025-11-05,4104,87135,7416168,85.2,85.3,84.9,85.2,-0.1,698
2025-11-06,4104,63590,5429761,85.5,85.6,85.2,85.4,0.2,200
2025-11-07,4104,176818,15031974,85.2,85.2,84.9,85.1,-0.3,736
2025-11-10,4104,487585,40921562,84.7,84.7,83.0,83.9,-1.2,1324
2025-11-11,4104,273936,22884422,83.9,84.1,83.3,83.6,-0.3,804
2025-11-12,4104,164207,13777917,83.5,84.4,83.5,83.8,0.2,423
2025-11-13,4104,134792,11278247,83.8,83.9,83.5,83.7,-0.1,517
2025-11-14,4104,147757,12367386,83.8,84.0,83.4,83.7,0.0,293
2025-11-17,4104,330399,27455682,83.7,83.7,82.9,83.1,-0.6,878
2025-11-18,4104,565271,46317663,83.0,83.0,81.5,81.7,-1.4,1180
2025-11-19,4104,232400,18962016,81.7,82.0,81.2,81.2,-0.5,527
2025-11-20,4104,133410,10918150,81.2,82.1,81.2,81.8,0.6,288
2025-11-21,4104,142845,11703124,81.8,82.2,81.5,81.9,0.1,275
2025-11-24,4104,76201,6263654,82.1,82.4,82.0,82.4,0.5,189
2025-11-25,4104,148266,12153145,81.9,82.3,81.8,82.0,-0.4,296
2025-11-26,4104,108674,8934076,82.0,82.4,82.0,82.3,0.3,195
2025-11-27,4104,105297,8637157,82.1,82.3,81.8,82.1,-0.2,209
2025-11-28,4104,69424,5700841,82.1,82.3,82.0,82.1,0.0,151
2025-12-01,4104,163647,13393856,82.0,82.3,81.5,81.5,-0.6,438
2025-12-02,4104,97867,8000482,82.2,82.2,81.5,81.6,0.1,260
2025-12-03,4104,86100,7042077,81.8,82.0,81.6,81.7,0.1,208
2025-12-04,4104,105228,8599933,81.7,81.9,81.5,81.6,-0.1,251
2025-12-05,4104,114754,9364411,81.5,81.7,81.5,81.6,0.0,196
2025-12-08,4104,109942,8964115,81.8,81.8,81.4,81.4,-0.2,366
2025-12-09,4104,504968,40665362,81.4,81.4,80.2,80.5,-0.9,1434
2025-12-10,4104,112047,9070062,81.4,81.4,80.8,81.2,0.7,299
2025-12-11,4104,87937,7128614,81.3,81.5,80.8,81.3,0.1,265
2025-12-12,4104,64359,5239773,81.5,81.5,81.3,81.5,0.2,179
2025-12-15,4104,66527,5419126,81.1,81.7,81.0,81.7,0.2,289
2025-12-16,4104,66061,5377383,81.1,81.7,81.1,81.5,-0.2,302
2025-12-17,4104,108850,8854424,81.8,81.8,81.0,81.1,-0.4,243
2025-12-18,4104,72543,5919876,81.5,81.9,81.1,81.4,0.3,171
2025-12-19,4104,56640,4621308,81.5,81.9,81.4,81.7,0.3,691
2025-12-22,4104,101712,8295852,81.9,81.9,81.2,81.6,-0.1,238
2025-12-23,4104,85360,6962529,81.5,81.8,81.4,81.6,0.0,247
2025-12-24,4104,88356,7209765,81.7,81.8,81.4,81.8,0.2,164
2025-12-26,4104,123795,10170066,81.8,82.4,81.8,82.1,0.3,271
2025-12-29,4104,105930,8685279,82.1,82.3,81.8,82.0,-0.1,258
2025-12-30,4104,88546,7258369,82.0,82.4,81.7,82.0,0.0,218
2025-12-31,4104,151101,12336430,81.7,82.0,81.5,81.6,-0.4,292
2026-01-02,4104,352500,28594786,81.6,81.7,80.7,80.8,-0.8,856
2026-01-05,4104,642490,51310114,80.5,80.5,79.6,79.9,-0.9,1260
2026-01-06,4104,632470,49976113,79.6,79.6,78.8,79.1,-0.8,1477
2026-01-07,4104,353776,27882253,79.0,79.1,78.5,79.1,0.0,785
2026-01-08,4104,223824,17672760,79.0,79.2,78.7,79.1,0.0,535
2026-01-09,4104,204968,16184107,79.1,79.3,78.6,79.2,0.1,486
2026-01-12,4104,189888,15010605,79.2,79.5,78.9,79.2,0.0,403
2026-01-13,4104,284596,22424259,79.5,79.5,78.5,79.0,-0.2,506
2026-01-14,4104,184731,14683769,79.0,80.0,79.0,79.9,0.9,316
2026-01-15,4104,120403,9573194,79.1,79.8,79.1,79.7,-0.2,378
2026-01-16,4104,280238,22213164,79.7,80.0,78.9,79.4,-0.3,594
2026-01-19,4104,371083,29277718,79.2,79.2,78.6,78.8,-0.6,749
2026-01-20,4104,272266,21525438,78.8,79.5,78.6,79.4,0.6,498
2026-01-21,4104,249094,19667198,79.4,79.4,78.8,78.9,-0.5,1115
2026-01-22,4104,240544,18958207,78.9,79.1,78.5,78.9,0.0,462
2026-01-23,4104,100281,7933706,79.4,79.4,78.9,79.0,0.1,256
2026-01-26,4104,163291,12994395,79.0,79.9,79.0,79.7,0.7,568
2026-01-27,4104,151060,12016688,79.6,79.7,79.4,79.5,-0.2,1067
2026-01-28,4104,177029,13998531,79.5,79.5,78.8,79.2,-0.3,407
2026-01-29,4104,197560,15571394,79.0,79.0,78.5,78.8,-0.4,391
2026-01-30,4104,212660,16696578,78.7,78.7,78.3,78.7,-0.1,532
2026-02-02,4104,280572,21866400,78.2,78.2,77.7,78.0,-0.7,685
2026-02-03,4104,1269049,96853686,76.7,77.0,75.2,76.4,-1.6,2664
2026-02-04,4104,443280,33740375,76.1,76.5,75.6,76.2,-0.2,934
2026-02-05,4104,229923,17490725,76.1,76.3,75.8,76.2,0.0,642
2026-02-06,4104,272441,20724600,76.2,76.6,75.4,76.4,0.2,530
2026-02-09,4104,351086,26712117,76.8,76.8,75.8,76.1,-0.3,743
2026-02-10,4104,452345,34794686,76.4,77.7,76.1,77.6,1.5,646
2026-02-11,4104,219231,17008104,77.1,77.9,77.1,77.7,0.1,889
2026-02-23,4104,278821,21825896,78.0,78.6,77.8,78.5,0.8,1263
2026-02-24,4104,224934,17701113,78.3,78.9,78.3,78.9,0.4,1457
2026-02-25,4104,251451,19772464,79.0,79.0,78.4,78.5,-0.4,495
2026-02-26,4104,522445,40773010,78.5,78.5,77.8,78.1,-0.4,1050
2026-03-02,4104,244885,19060075,77.6,78.1,77.3,78.1,0.0,504
2026-03-03,4104,221426,17242170,77.8,78.2,77.6,77.8,-0.3,390
2026-03-04,4104,358156,27574710,77.4,77.4,76.6,77.1,-0.7,730
2026-03-05,4104,142014,11022431,77.9,77.9,77.4,77.8,0.7,299
2026-03-06,4104,107791,8386859,77.3,78.0,77.3,78.0,0.2,290
2026-03-09,4104,559005,42879558,76.7,77.1,76.3,76.5,-1.5,1001
2026-03-10,4104,266531,20442242,76.8,77.3,76.3,76.6,0.1,516
2026-03-11,4104,274496,21042697,76.8,77.1,76.4,76.5,-0.1,493
2026-03-12,4104,342798,26061092,76.2,76.4,75.7,76.3,-0.2,617
2026-03-13,4104,486045,36786301,76.0,76.0,75.4,75.7,-0.6,1036
2026-03-16,4104,231475,17492350,75.7,75.9,75.2,75.8,0.1,536
2026-03-17,4104,312673,23680407,75.8,76.1,75.4,75.8,0.0,626
2026-03-18,4104,272916,20709832,75.8,76.2,75.6,75.8,0.0,535
2026-03-19,4104,259537,19616023,75.8,75.8,75.4,75.5,-0.3,484
2026-03-20,4104,249028,18959221,75.5,76.6,75.5,76.3,0.8,374
2026-03-23,4104,223497,16918803,76.3,76.3,75.5,75.6,-0.7,454
2026-03-24,4104,171761,12983803,75.7,76.0,75.3,75.7,0.1,374
2026-03-25,4104,152873,11669732,76.6,76.6,75.8,76.4,0.7,322
2026-03-26,4104,202558,15557381,76.7,77.0,76.5,76.9,0.5,428
2026-03-27,4104,169706,13104574,76.9,77.6,76.7,77.5,0.6,292
2026-03-30,4104,202313,15739874,77.0,78.2,77.0,77.9,0.4,379
2026-03-31,4104,182480,14122515,77.5,78.0,77.0,77.0,-0.9,338
2026-04-01,4104,158445,12307428,77.7,77.9,77.2,77.5,0.5,360
2026-04-02,4104,251402,19585201,77.5,78.0,77.5,77.9,0.4,419
2026-04-07,4104,159877,12453158,77.9,78.1,77.6,77.8,-0.1,425
2026-04-08,4104,339303,26297057,77.8,77.9,77.2,77.5,-0.3,2853
2026-04-09,4104,190340,14794651,77.6,78.1,77.5,77.8,0.3,391
2026-04-10,4104,269581,21008194,78.0,78.1,77.7,78.0,0.2,417
2026-04-13,4104,227843,17845831,78.0,78.6,77.9,78.5,0.5,578
2026-04-14,4104,261031,20518674,78.8,78.8,78.4,78.6,0.1,433
2026-04-15,4104,249772,19676918,78.7,79.0,78.6,78.6,0.0,562
2026-04-16,4104,214266,16972939,78.8,79.4,78.8,79.4,0.8,585
2026-04-17,4104,288195,22795162,79.5,79.5,78.8,79.1,-0.3,1282
2026-04-20,4104,394511,31171752,78.7,79.1,78.7,79.1,0.0,1259
2026-04-21,4104,711273,55930670,79.3,79.3,78.2,78.6,-0.5,1096
2026-04-22,4104,808489,63382094,78.6,78.6,78.1,78.6,0.0,1327
2026-04-23,4104,965685,71610376,74.4,74.6,73.8,74.0,0.0,2951
2026-04-24,4104,528261,38719874,74.0,74.0,73.0,73.3,-0.7,1197
2026-04-27,4104,609388,43831516,73.2,73.2,71.0,72.4,-0.9,1108
2026-04-28,4104,344151,24731893,73.0,73.0,71.5,72.5,0.1,664
2026-04-29,4104,277810,20030326,73.2,73.2,71.8,71.9,-0.6,459
2026-04-30,4104,356158,25467145,71.9,71.9,71.3,71.4,-0.5,676
2026-05-04,4104,444567,31555870,71.5,71.5,70.7,70.9,-0.5,918
2026-05-05,4104,297651,21045672,70.9,70.9,70.4,70.8,-0.1,634
2026-05-06,4104,362585,25572153,70.8,70.8,70.4,70.6,-0.2,711
2026-05-07,4104,408358,28709861,70.5,70.7,70.1,70.6,0.0,761
2026-05-08,4104,369575,26167840,70.5,71.2,70.4,70.6,0.0,531
2026-05-11,4104,529630,37253254,70.6,70.8,70.0,70.2,-0.4,924
2026-05-12,4104,565881,39457444,70.2,70.2,69.5,69.7,-0.5,1111
2026-05-13,4104,660003,45558636,69.7,69.7,68.8,69.3,-0.4,1127
2026-05-14,4104,578798,39847551,69.2,69.4,68.5,68.5,-0.8,1213
2026-05-15,4104,611889,41760078,68.5,68.8,68.0,68.1,-0.4,1057
2026-05-18,4104,361372,24537314,68.0,68.4,67.3,68.1,0.0,534
2026-05-19,4104,379199,26090663,68.1,69.3,67.9,68.7,0.6,495
2026-05-20,4104,428022,29865788,69.4,70.6,68.9,70.6,1.9,823
2026-05-21,4104,199258,14045485,70.6,70.8,70.1,70.8,0.2,619
2026-05-22,4104,159361,11210034,70.8,70.8,70.0,70.4,-0.4,326
2026-05-25,4104,385689,26874095,70.2,70.2,69.1,70.0,-0.4,744
2026-05-26,4104,315856,22021367,70.0,70.4,69.3,70.0,0.0,457
2026-05-27,4104,396511,27971134,70.3,70.8,70.1,70.4,0.4,481
2026-05-28,4104,373431,26012594,70.8,70.8,69.4,69.5,-0.9,700
2026-05-29,4104,296029,20714810,69.5,70.3,69.5,70.1,0.6,370
2026-06-01,4104,344270,24069204,70.1,70.1,69.5,70.1,0.0,462
2026-06-02,4104,394596,27645181,70.1,70.4,69.5,70.4,0.3,428
2026-06-03,4104,343308,24354860,70.4,71.3,70.1,71.2,0.8,487
2026-06-04,4104,324013,23181713,71.2,71.9,71.0,71.5,0.3,419
2026-06-05,4104,149148,10640620,71.5,71.6,71.0,71.5,0.0,253
2026-06-08,4104,413466,29011017,70.2,70.8,69.5,70.4,-1.1,512
2026-06-09,4104,232098,16486948,70.0,71.6,70.0,70.9,0.5,330
2026-06-10,4104,463863,32424677,70.0,70.4,69.2,69.7,-1.2,1246
2026-06-11,4104,290057,20198510,70.4,70.4,69.4,69.7,0.0,467
2026-06-12,4104,273721,19099674,70.1,70.3,69.5,69.7,0.0,474
2026-06-15,4104,315818,21926384,69.7,69.7,69.2,69.6,-0.1,463
2026-06-16,4104,174145,12130029,69.9,70.4,69.5,69.5,-0.1,245
2026-06-17,4104,183140,12742052,69.6,69.7,69.5,69.5,0.0,305
2026-06-18,4104,202913,14106974,69.5,69.9,69.4,69.5,0.0,334
2026-06-22,4104,477973,32878032,69.5,69.5,68.6,68.8,-0.7,766
2026-06-23,4104,269098,18482241,68.8,69.0,68.3,68.9,0.1,503
2026-06-24,4104,242698,16719039,68.9,69.3,68.6,68.8,-0.1,480
2026-06-25,4104,267666,18452855,68.8,69.2,68.7,68.9,0.1,312
2026-06-26,4104,278951,19150748,69.3,69.3,68.4,68.7,-0.2,455
2026-06-29,4104,171255,11796675,68.6,69.2,68.5,69.2,0.5,258
2026-06-30,4104,151744,10442681,69.0,69.0,68.6,68.7,-0.5,285
2026-07-01,4104,198908,13710208,69.1,69.1,68.8,69.0,0.3,383
2026-07-02,4104,146229,10069641,69.0,69.0,68.8,69.0,0.0,219
2026-07-03,4104,337321,23365519,69.0,69.6,69.0,69.5,0.5,373
2026-07-06,4104,333579,23209397,69.6,69.8,69.3,69.7,0.2,383
2026-07-07,4104,246020,17088079,69.9,69.9,69.1,69.5,-0.2,345
2026-07-08,4104,183133,12667507,69.8,69.8,69.0,69.3,-0.2,237
2026-07-09,4104,255436,17692647,69.6,70.0,69.0,69.8,0.5,293
2026-07-13,4104,320094,22599759,70.1,70.8,70.1,70.7,0.9,397
2026-07-14,4104,399816,28374342,71.0,71.4,70.4,71.3,0.6,514
2026-07-15,4104,309196,22155904,71.2,72.3,71.1,72.3,1.0,423
2026-07-16,4104,227304,16359614,72.0,72.3,71.7,72.0,-0.3,286
2026-07-17,4104,287245,20402600,72.0,72.0,70.6,70.7,-1.3,414
2026-07-20,4104,221351,15786655,71.4,72.0,70.8,71.2,0.5,293
2026-07-21,4104,175576,12533078,71.1,71.8,71.0,71.5,0.3,220
2026-07-22,4104,142616,10130197,71.5,71.5,70.9,70.9,-0.6,218
2026-07-23,4104,166767,11728292,70.9,70.9,70.1,70.5,-0.4,298
2026-07-24,4104,110825,7817824,70.5,70.9,70.2,70.9,0.4,148
2026-07-27,4104,77714,5506177,71.6,71.6,70.4,70.7,-0.2,136
2026-07-28,4104,191035,13514400,70.7,71.2,70.4,70.8,0.1,263
2026-07-29,4104,330922,23509049,71.4,71.5,70.4,71.3,0.5,746
2026-07-30,4104,249747,17799333,71.4,71.7,70.9,71.0,-0.3,769
2026-07-31,4104,167718,11908401,71.2,71.3,70.6,70.8,-0.2,711
2026-08-03,4104,230392,16175124,70.9,70.9,70.0,70.0,-0.8,659
2026-08-04,4104,220345,15315944,69.8,69.8,69.2,69.7,-0.3,1789
2026-08-05,4104,122375,8527995,69.6,69.8,69.2,69.7,0.0,329
2026-08-06,4104,119439,8319474,69.7,69.9,69.5,69.9,0.2,217
2026-08-07,4104,132194,9274945,69.7,70.5,69.5,70.4,0.5,176
2026-08-10,4104,209529,14893749,70.7,71.4,70.7,71.2,0.8,282
2026-08-11,4104,236489,16906046,71.2,71.9,71.2,71.5,0.3,329
2026-08-12,4104,162836,11592220,71.5,71.7,70.9,71.2,-0.3,659
2026-08-13,4104,105474,7508924,71.5,71.5,70.9,71.3,0.1,554
2026-08-14,4104,88898,6330278,71.3,71.5,71.0,71.3,0.0,414
2026-08-17,4104,137101,9811948,71.3,71.9,71.1,71.8,0.5,371
2026-08-18,4104,99099,7074576,71.3,71.9,71.2,71.5,-0.3,480
2026-08-19,4104,113553,8118249,71.5,71.7,71.1,71.4,-0.1,205
2026-08-20,4104,158217,11348512,71.6,71.9,71.5,71.7,0.3,248
2026-08-21,4104,88059,6306528,71.7,71.9,71.5,71.7,0.0,369
2026-08-24,4104,51607,3691954,71.7,71.8,71.3,71.8,0.1,615
2026-08-25,4104,51689,3697604,71.4,71.8,71.4,71.5,-0.3,258
2026-08-26,4104,85182,6077380,71.7,71.7,71.2,71.5,0.0,762
2026-08-27,4104,158853,11293380,71.3,71.4,70.9,71.0,-0.5,248
2026-08-28,4104,126932,8999220,71.1,71.1,70.7,71.0,0.0,212
2026-08-31,4104,106124,7550973,71.0,71.3,71.0,71.2,0.2,154
2026-09-01,4104,121856,8651089,70.9,71.2,70.9,71.1,-0.1,199
2026-09-02,4104,87811,6229216,70.9,71.2,70.7,71.2,0.1,143
2026-09-03,4104,104429,7410251,71.4,71.4,70.7,70.8,-0.4,214
2026-09-04,4104,81530,5785622,70.8,71.3,70.7,70.9,0.1,166
2026-09-07,4104,106508,7554477,71.5,71.5,70.6,71.2,0.3,196
2026-09-08,4104,76342,5422910,71.0,71.2,70.9,71.1,-0.1,277
2026-09-09,4104,67344,4780255,70.8,71.2,70.8,71.0,-0.1,138
2026-09-10,4104,698714,50585425,71.4,73.0,71.4,72.8,1.8,799
2026-09-11,4104,203411,14684127,72.8,72.8,71.9,72.6,-0.2,733
2026-09-14,4104,138144,9941586,72.5,72.5,71.7,72.1,-0.5,509
2026-09-15,4104,115452,8293396,71.9,72.0,71.7,71.7,-0.4,267
2026-09-16,4104,90605,6514438,72.0,72.0,71.7,71.9,0.2,175
2026-09-17,4104,162201,11688626,72.0,72.2,71.8,72.2,0.3,175
2026-09-18,4104,128646,9292370,72.2,72.7,71.9,72.7,0.5,460
2026-09-21,4104,124068,8946040,72.5,72.5,72.0,72.2,-0.5,202
2026-09-22,4104,144184,10361245,72.4,72.4,71.7,72.2,0.0,301
2026-09-23,4104,88410,6366213,72.2,72.3,71.7,72.2,0.0,191
2026-09-24,4104,71688,5158807,72.2,72.2,71.8,71.9,-0.3,186
