date,stock_id,Trading_Volume,Trading_money,open,max,min,close,spread,Trading_turnover
2016-09-29,4413,0,0,0.0,0.0,0.0,0.0,0.0,0
2016-09-30,4413,0,0,0.0,0.0,0.0,0.0,0.0,0
2016-10-03,4413,0,0,0.0,0.0,0.0,0.0,0.0,0
2016-10-04,4413,0,0,0.0,0.0,0.0,0.0,0.0,0
2016-10-05,4413,0,0,0.0,0.0,0.0,0.0,0.0,0
2016-10-06,4413,0,0,0.0,0.0,0.0,0.0,0.0,0
2016-10-07,4413,0,0,0.0,0.0,0.0,0.0,0.0,0
2016-10-11,4413,0,0,0.0,0.0,0.0,0.0,0.0,0
2016-10-12,4413,0,0,0.0,0.0,0.0,0.0,0.0,0
2016-10-13,4413,0,0,0.0,0.0,0.0,0.0,0.0,0
2016-10-14,4413,0,0,0.0,0.0,0.0,0.0,0.0,0
2016-10-17,4413,0,0,0.0,0.0,0.0,0.0,0.0,0
2016-10-18,4413,0,0,0.0,0.0,0.0,0.0,0.0,0
2016-10-19,4413,0,0,0.0,0.0,0.0,0.0,0.0,0
2016-10-20,4413,0,0,0.0,0.0,0.0,0.0,0.0,0
2016-10-21,4413,0,0,0.0,0.0,0.0,0.0,0.0,0
2016-10-24,4413,0,0,0.0,0.0,0.0,0.0,0.0,0
2016-10-25,4413,0,0,0.0,0.0,0.0,0.0,0.0,0
2016-10-26,4413,0,0,0.0,0.0,0.0,0.0,0.0,0
2016-10-27,4413,0,0,0.0,0.0,0.0,0.0,0.0,0
2016-10-28,4413,0,0,0.0,0.0,0.0,0.0,0.0,0
2016-10-31,4413,0,0,0.0,0.0,0.0,0.0,0.0,0
2016-11-01,4413,0,0,0.0,0.0,0.0,0.0,0.0,0
2016-11-02,4413,0,0,0.0,0.0,0.0,0.0,0.0,0
2016-11-03,4413,0,0,0.0,0.0,0.0,0.0,0.0,0
2016-11-04,4413,0,0,0.0,0.0,0.0,0.0,0.0,0
2016-11-07,4413,0,0,0.0,0.0,0.0,0.0,0.0,0
2016-11-08,4413,0,0,0.0,0.0,0.0,0.0,0.0,0
2016-11-09,4413,0,0,0.0,0.0,0.0,0.0,0.0,0
2016-11-10,4413,0,0,0.0,0.0,0.0,0.0,0.0,0
2016-11-11,4413,0,0,0.0,0.0,0.0,0.0,0.0,0
2016-11-14,4413,0,0,0.0,0.0,0.0,0.0,0.0,0
2016-11-15,4413,0,0,0.0,0.0,0.0,0.0,0.0,0
2016-11-16,4413,0,0,0.0,0.0,0.0,0.0,0.0,0
2016-11-17,4413,0,0,0.0,0.0,0.0,0.0,0.0,0
2016-11-18,4413,0,0,0.0,0.0,0.0,0.0,0.0,0
2016-11-21,4413,0,0,0.0,0.0,0.0,0.0,0.0,0
2016-11-22,4413,0,0,0.0,0.0,0.0,0.0,0.0,0
2016-11-23,4413,0,0,0.0,0.0,0.0,0.0,0.0,0
2016-11-24,4413,0,0,0.0,0.0,0.0,0.0,0.0,0
2016-11-25,4413,0,0,0.0,0.0,0.0,0.0,0.0,0
2016-11-28,4413,0,0,0.0,0.0,0.0,0.0,0.0,0
2016-11-29,4413,0,0,0.0,0.0,0.0,0.0,0.0,0
2016-11-30,4413,0,0,0.0,0.0,0.0,0.0,0.0,0
2016-12-01,4413,0,0,0.0,0.0,0.0,0.0,0.0,0
2016-12-02,4413,0,0,0.0,0.0,0.0,0.0,0.0,0
2016-12-05,4413,0,0,0.0,0.0,0.0,0.0,0.0,0
2016-12-06,4413,0,0,0.0,0.0,0.0,0.0,0.0,0
2016-12-07,4413,0,0,0.0,0.0,0.0,0.0,0.0,0
2016-12-08,4413,0,0,0.0,0.0,0.0,0.0,0.0,0
2016-12-09,4413,0,0,0.0,0.0,0.0,0.0,0.0,0
2016-12-12,4413,0,0,0.0,0.0,0.0,0.0,0.0,0
2016-12-13,4413,0,0,0.0,0.0,0.0,0.0,0.0,0
2016-12-14,4413,0,0,0.0,0.0,0.0,0.0,0.0,0
2016-12-15,4413,0,0,0.0,0.0,0.0,0.0,0.0,0
2016-12-16,4413,0,0,0.0,0.0,0.0,0.0,0.0,0
2016-12-19,4413,0,0,0.0,0.0,0.0,0.0,0.0,0
2016-12-20,4413,0,0,0.0,0.0,0.0,0.0,0.0,0
2016-12-21,4413,0,0,0.0,0.0,0.0,0.0,0.0,0
2016-12-22,4413,0,0,0.0,0.0,0.0,0.0,0.0,0
2016-12-23,4413,0,0,0.0,0.0,0.0,0.0,0.0,0
2016-12-26,4413,0,0,0.0,0.0,0.0,0.0,0.0,0
2016-12-27,4413,0,0,0.0,0.0,0.0,0.0,0.0,0
2016-12-28,4413,0,0,0.0,0.0,0.0,0.0,0.0,0
2016-12-29,4413,0,0,0.0,0.0,0.0,0.0,0.0,0
2016-12-30,4413,0,0,0.0,0.0,0.0,0.0,0.0,0
2017-01-03,4413,0,0,0.0,0.0,0.0,0.0,0.0,0
2017-01-04,4413,0,0,0.0,0.0,0.0,0.0,0.0,0
2017-01-05,4413,0,0,0.0,0.0,0.0,0.0,0.0,0
2017-01-06,4413,0,0,0.0,0.0,0.0,0.0,0.0,0
2017-01-09,4413,0,0,0.0,0.0,0.0,0.0,0.0,0
2017-01-10,4413,0,0,0.0,0.0,0.0,0.0,0.0,0
2017-01-11,4413,0,0,0.0,0.0,0.0,0.0,0.0,0
2017-01-12,4413,0,0,0.0,0.0,0.0,0.0,0.0,0
2017-01-13,4413,0,0,0.0,0.0,0.0,0.0,0.0,0
2017-01-16,4413,0,0,0.0,0.0,0.0,0.0,0.0,0
2017-01-17,4413,2000,21400,10.7,10.7,10.7,10.7,-1.15,1
2017-01-18,4413,3000,29100,9.7,9.7,9.7,9.7,-1.0,2
2017-01-19,4413,48593,424220,8.73,8.73,8.73,8.73,-0.97,16
2017-01-20,4413,2000,18960,9.48,9.48,9.48,9.48,0.75,1
2017-01-23,4413,300,2583,0.0,0.0,0.0,0.0,0.0,2
2017-01-24,4413,0,0,0.0,0.0,0.0,0.0,0.0,0
2017-02-02,4413,0,0,0.0,0.0,0.0,0.0,0.0,0
2017-02-03,4413,0,0,0.0,0.0,0.0,0.0,0.0,0
2017-02-06,4413,0,0,0.0,0.0,0.0,0.0,0.0,0
2017-02-07,4413,3000,28200,9.4,9.4,9.4,9.4,-0.08,3
2017-02-08,4413,0,0,0.0,0.0,0.0,0.0,0.0,0
2017-02-09,4413,0,0,0.0,0.0,0.0,0.0,0.0,0
2017-02-10,4413,1270,12703,10.3,10.3,10.3,10.3,0.9,3
2017-02-13,4413,0,0,0.0,0.0,0.0,0.0,0.0,0
2017-02-14,4413,1000,9270,9.27,9.27,9.27,9.27,-1.03,1
2017-02-15,4413,2275,19662,8.35,9.0,8.35,9.0,-0.27,3
2017-02-16,4413,2000,18000,9.0,9.0,9.0,9.0,0.0,1
2017-02-17,4413,0,0,0.0,0.0,0.0,0.0,0.0,0
2017-02-18,4413,0,0,0.0,0.0,0.0,0.0,0.0,0
2017-02-20,4413,275,2340,0.0,0.0,0.0,0.0,0.0,1
2017-02-21,4413,0,0,0.0,0.0,0.0,0.0,0.0,0
2017-02-22,4413,309,2518,0.0,0.0,0.0,0.0,0.0,2
2017-02-23,4413,750,6112,0.0,0.0,0.0,0.0,0.0,2
2017-02-24,4413,5000,44400,8.88,8.88,8.88,8.88,-0.12,3
2017-03-01,4413,0,0,0.0,0.0,0.0,0.0,0.0,0
2017-03-02,4413,500,4305,0.0,0.0,0.0,0.0,0.0,1
2017-03-03,4413,1495,14215,9.76,9.76,9.76,9.76,0.88,2
2017-03-06,4413,0,0,0.0,0.0,0.0,0.0,0.0,0
2017-03-07,4413,0,0,0.0,0.0,0.0,0.0,0.0,0
2017-03-08,4413,6000,52740,8.79,8.79,8.79,8.79,-0.97,3
2017-03-09,4413,0,0,0.0,0.0,0.0,0.0,0.0,0
2017-03-10,4413,0,0,0.0,0.0,0.0,0.0,0.0,0
2017-03-13,4413,0,0,0.0,0.0,0.0,0.0,0.0,0
2017-03-14,4413,0,0,0.0,0.0,0.0,0.0,0.0,0
2017-03-15,4413,5045,42854,8.5,8.5,8.5,8.5,-0.2,2
2017-03-16,4413,1000,8400,8.4,8.4,8.4,8.4,-0.1,1
2017-03-17,4413,10000,83000,8.3,8.3,8.3,8.3,-0.1,2
2017-03-20,4413,2,16,0.0,0.0,0.0,0.0,0.0,2
2017-03-21,4413,1000,8300,8.3,8.3,8.3,8.3,0.0,1
2017-03-22,4413,1000,7500,7.5,7.5,7.5,7.5,-0.8,1
2017-03-23,4413,5007,37552,7.5,7.5,7.5,7.5,0.0,3
2017-03-24,4413,3200,21700,6.75,6.8,6.75,6.8,-0.7,3
2017-03-27,4413,0,0,0.0,0.0,0.0,0.0,0.0,0
2017-03-28,4413,0,0,0.0,0.0,0.0,0.0,0.0,0
2017-03-29,4413,1425,8725,6.12,6.12,6.12,6.12,-0.68,2
2017-03-30,4413,0,0,0.0,0.0,0.0,0.0,0.0,0
2017-03-31,4413,6845,50145,7.4,7.4,7.4,7.4,0.67,8
2017-04-05,4413,450,3328,0.0,0.0,0.0,0.0,0.0,3
2017-04-06,4413,5000,33400,6.68,6.68,6.68,6.68,-0.72,3
2017-04-07,4413,3000,21480,7.16,7.16,7.16,7.16,0.48,2
2017-04-10,4413,2125,15511,7.3,7.3,7.3,7.3,0.14,4
2017-04-11,4413,0,0,0.0,0.0,0.0,0.0,0.0,0
2017-04-12,4413,0,0,0.0,0.0,0.0,0.0,0.0,0
2017-04-13,4413,0,0,0.0,0.0,0.0,0.0,0.0,0
2017-04-14,4413,1314,10550,8.03,8.03,8.03,8.03,0.73,3
2017-04-17,4413,1000,8830,8.83,8.83,8.83,8.83,0.8,1
2017-04-18,4413,14314,134745,9.71,9.71,9.0,9.01,0.18,14
2017-04-19,4413,190,1841,0.0,0.0,0.0,0.0,0.0,1
2017-04-20,4413,0,0,0.0,0.0,0.0,0.0,0.0,0
2017-04-21,4413,2075,20562,9.91,9.91,9.91,9.91,0.9,4
2017-04-24,4413,38,414,0.0,0.0,0.0,0.0,0.0,1
2017-04-25,4413,4326,47143,10.9,10.9,10.9,10.9,0.99,16
2017-04-26,4413,4000,43600,10.9,10.9,10.9,10.9,0.0,4
2017-04-27,4413,1000,10900,10.9,10.9,10.9,10.9,0.0,1
2017-04-28,4413,0,0,0.0,0.0,0.0,0.0,0.0,0
2017-05-02,4413,0,0,0.0,0.0,0.0,0.0,0.0,0
2017-05-03,4413,0,0,0.0,0.0,0.0,0.0,0.0,0
2017-05-04,4413,0,0,0.0,0.0,0.0,0.0,0.0,0
2017-05-05,4413,0,0,0.0,0.0,0.0,0.0,0.0,0
2017-05-08,4413,0,0,0.0,0.0,0.0,0.0,0.0,0
2017-05-09,4413,1000,9830,9.83,9.83,9.83,9.83,-1.07,1
2017-05-10,4413,3,24,0.0,0.0,0.0,0.0,0.0,3
2017-05-11,4413,0,0,0.0,0.0,0.0,0.0,0.0,0
2017-05-12,4413,3000,27620,9.22,9.22,9.2,9.2,-0.63,3
2017-05-15,4413,0,0,0.0,0.0,0.0,0.0,0.0,0
2017-05-16,4413,2000,18600,9.4,9.4,9.2,9.2,-0.2,2
2017-05-17,4413,0,0,0.0,0.0,0.0,0.0,0.0,0
2017-05-18,4413,15000,138000,9.2,9.2,9.2,9.2,0.0,1
2017-05-19,4413,0,0,0.0,0.0,0.0,0.0,0.0,0
2017-05-22,4413,0,0,0.0,0.0,0.0,0.0,0.0,0
2017-05-23,4413,0,0,0.0,0.0,0.0,0.0,0.0,0
2017-05-24,4413,0,0,0.0,0.0,0.0,0.0,0.0,0
2017-05-25,4413,0,0,0.0,0.0,0.0,0.0,0.0,0
2017-05-26,4413,0,0,0.0,0.0,0.0,0.0,0.0,0
2017-05-31,4413,0,0,0.0,0.0,0.0,0.0,0.0,0
2017-06-01,4413,2000,18600,9.3,9.3,9.3,9.3,0.0,1
2017-06-02,4413,0,0,0.0,0.0,0.0,0.0,0.0,0
2017-06-03,4413,247,2089,0.0,0.0,0.0,0.0,0.0,1
2017-06-05,4413,0,0,0.0,0.0,0.0,0.0,0.0,0
2017-06-06,4413,99,836,0.0,0.0,0.0,0.0,0.0,1
2017-06-07,4413,0,0,0.0,0.0,0.0,0.0,0.0,0
2017-06-08,4413,0,0,0.0,0.0,0.0,0.0,0.0,0
2017-06-09,4413,0,0,0.0,0.0,0.0,0.0,0.0,0
2017-06-12,4413,0,0,0.0,0.0,0.0,0.0,0.0,0
2017-06-13,4413,0,0,0.0,0.0,0.0,0.0,0.0,0
2017-06-14,4413,0,0,0.0,0.0,0.0,0.0,0.0,0
2017-06-15,4413,1000,8550,8.55,8.55,8.55,8.55,-0.75,1
2017-06-16,4413,2030,19055,9.4,9.4,9.4,9.4,0.85,3
2017-06-19,4413,2955,30436,10.3,10.3,10.3,10.3,0.9,5
2017-06-20,4413,0,0,0.0,0.0,0.0,0.0,0.0,0
2017-06-21,4413,1000,9370,9.37,9.37,9.37,9.37,-0.93,1
2017-06-22,4413,0,0,0.0,0.0,0.0,0.0,0.0,0
2017-06-23,4413,1000,8550,8.55,8.55,8.55,8.55,-0.82,1
2017-06-26,4413,0,0,0.0,0.0,0.0,0.0,0.0,0
2017-06-27,4413,0,0,0.0,0.0,0.0,0.0,0.0,0
2017-06-28,4413,0,0,0.0,0.0,0.0,0.0,0.0,0
2017-06-29,4413,0,0,0.0,0.0,0.0,0.0,0.0,0
2017-06-30,4413,2060,19487,9.46,9.46,9.46,9.46,0.86,2
2017-07-03,4413,1450,13715,9.46,9.46,9.46,9.46,0.0,4
2017-07-04,4413,1000,8750,8.75,8.75,8.75,8.75,-0.71,1
2017-07-05,4413,1064,10235,9.62,9.62,9.62,9.62,0.87,3
2017-07-06,4413,1000,8750,8.75,8.75,8.75,8.75,-0.87,1
2017-07-07,4413,1000,8000,8.0,8.0,8.0,8.0,-0.75,1
2017-07-10,4413,0,0,0.0,0.0,0.0,0.0,0.0,0
2017-07-11,4413,3189,30869,9.68,9.68,9.68,9.68,0.88,4
2017-07-12,4413,1004,10542,10.5,10.5,10.5,10.5,0.82,2
2017-07-13,4413,19027,216978,11.55,11.55,10.3,10.3,-0.2,7
2017-07-14,4413,2015,19545,9.7,9.7,9.7,9.7,-0.6,3
2017-07-17,4413,2495,24136,9.7,9.72,9.7,9.72,0.02,4
2017-07-18,4413,1000,8900,8.9,8.9,8.9,8.9,-0.82,1
2017-07-19,4413,19054,166427,8.53,9.78,8.53,9.78,0.88,7
2017-07-20,4413,2000,19700,9.8,9.9,9.8,9.9,0.12,2
2017-07-21,4413,8000,83950,10.85,10.85,9.9,10.3,0.4,8
2017-07-24,4413,7004,74881,9.84,11.3,9.84,11.3,1.0,7
2017-07-25,4413,21000,243750,12.25,12.25,10.2,10.2,-1.1,6
2017-07-26,4413,2090,22004,10.55,10.55,10.55,10.55,0.35,3
2017-07-27,4413,6000,66450,10.5,11.25,10.5,11.0,0.45,5
2017-07-28,4413,2000,20850,10.0,10.85,10.0,10.85,-0.15,2
2017-07-31,4413,1000,9900,9.9,9.9,9.9,9.9,-0.95,1
2017-08-01,4413,1022,9178,8.98,8.98,8.98,8.98,-0.92,2
2017-08-02,4413,13000,106550,8.09,8.32,8.09,8.32,-0.66,7
2017-08-03,4413,7075,64646,9.08,9.15,9.08,9.15,0.83,6
2017-08-04,4413,225,1923,0.0,0.0,0.0,0.0,0.0,1
2017-08-07,4413,153,1309,0.0,0.0,0.0,0.0,0.0,3
2017-08-08,4413,0,0,0.0,0.0,0.0,0.0,0.0,0
2017-08-09,4413,2000,16210,7.86,8.35,7.86,8.35,-0.22,2
2017-08-10,4413,0,0,0.0,0.0,0.0,0.0,0.0,0
2017-08-11,4413,2000,18720,9.36,9.36,9.36,9.36,0.85,2
2017-08-14,4413,0,0,0.0,0.0,0.0,0.0,0.0,0
2017-08-15,4413,5000,46450,9.36,9.37,9.0,9.37,0.01,3
2017-08-16,4413,999,9340,0.0,0.0,0.0,0.0,0.0,1
2017-08-17,4413,7000,65670,8.9,9.97,8.9,9.97,0.6,5
2017-08-18,4413,0,0,0.0,0.0,0.0,0.0,0.0,0
2017-08-21,4413,0,0,0.0,0.0,0.0,0.0,0.0,0
2017-08-22,4413,6000,62900,10.35,10.75,10.3,10.75,0.7,5
2017-08-23,4413,245,2572,0.0,0.0,0.0,0.0,0.0,1
2017-08-24,4413,2000,22650,11.6,11.6,11.05,11.05,0.0,2
2017-08-25,4413,2015,21556,10.2,11.2,10.2,11.2,0.15,3
2017-08-28,4413,6770,76584,10.85,11.9,10.85,11.9,0.7,9
2017-08-29,4413,9,100,0.0,0.0,0.0,0.0,0.0,2
2017-08-30,4413,8000,88550,11.15,11.15,10.8,10.8,-1.15,5
2017-08-31,4413,2090,21700,10.05,10.75,10.05,10.75,-0.05,3
2017-09-01,4413,0,0,0.0,0.0,0.0,0.0,0.0,0
2017-09-04,4413,0,0,0.0,0.0,0.0,0.0,0.0,0
2017-09-05,4413,75,735,0.0,0.0,0.0,0.0,0.0,1
2017-09-06,4413,0,0,0.0,0.0,0.0,0.0,0.0,0
2017-09-07,4413,150,1461,0.0,0.0,0.0,0.0,0.0,2
2017-09-08,4413,0,0,0.0,0.0,0.0,0.0,0.0,0
2017-09-11,4413,8575,87076,9.71,11.7,9.71,11.7,0.95,5
2017-09-12,4413,1020,10811,10.6,10.6,10.6,10.6,-1.1,2
2017-09-13,4413,1000,9800,9.8,9.8,9.8,9.8,-0.8,1
2017-09-14,4413,5265,50553,9.53,9.8,9.53,9.8,0.0,7
2017-09-15,4413,0,0,0.0,0.0,0.0,0.0,0.0,0
2017-09-18,4413,3006,30054,10.0,10.0,10.0,10.0,0.2,3
2017-09-19,4413,2000,20900,10.45,10.45,10.45,10.45,0.45,1
2017-09-20,4413,0,0,0.0,0.0,0.0,0.0,0.0,0
2017-09-21,4413,0,0,0.0,0.0,0.0,0.0,0.0,0
2017-09-22,4413,0,0,0.0,0.0,0.0,0.0,0.0,0
2017-09-25,4413,3000,27950,9.33,9.33,9.31,9.31,-0.94,3
2017-09-26,4413,1000,8440,8.44,8.44,8.44,8.44,-0.87,1
2017-09-27,4413,45,405,0.0,0.0,0.0,0.0,0.0,1
2017-09-28,4413,0,0,0.0,0.0,0.0,0.0,0.0,0
2017-09-29,4413,3100,30930,9.95,10.0,9.95,10.0,0.72,4
2017-09-30,4413,0,0,0.0,0.0,0.0,0.0,0.0,0
2017-10-02,4413,0,0,0.0,0.0,0.0,0.0,0.0,0
2017-10-03,4413,0,0,0.0,0.0,0.0,0.0,0.0,0
2017-10-05,4413,275,2502,0.0,0.0,0.0,0.0,0.0,2
2017-10-06,4413,1295,13864,10.9,10.9,10.9,10.9,0.9,5
2017-10-11,4413,2165,24298,11.6,11.6,10.9,10.9,0.0,3
2017-10-12,4413,0,0,0.0,0.0,0.0,0.0,0.0,0
2017-10-13,4413,31231,337108,10.6,10.9,10.6,10.9,0.97,20
2017-10-16,4413,26925,316619,11.5,11.95,11.5,11.95,1.05,27
2017-10-17,4413,33025,422840,11.95,13.0,11.95,13.0,1.05,20
2017-10-18,4413,5814,71568,12.2,12.7,12.2,12.7,-0.3,7
2017-10-19,4413,13125,166848,12.5,13.9,12.35,13.9,1.2,14
2017-10-20,4413,19084,244502,13.55,13.55,12.55,12.55,-1.35,15
2017-10-23,4413,14090,171088,11.7,12.4,11.7,12.2,-0.35,14
2017-10-24,4413,2404,28145,11.65,11.65,11.65,11.65,-0.55,5
2017-10-25,4413,7000,84250,12.5,12.5,11.4,11.9,0.25,7
2017-10-26,4413,3635,43193,12.15,12.15,11.6,11.6,-0.3,5
2017-10-27,4413,19100,209200,10.95,10.95,10.95,10.95,-0.65,2
2017-10-30,4413,19920,235240,11.05,12.0,11.05,12.0,1.05,22
2017-10-31,4413,6000,75450,12.4,12.75,12.4,12.4,0.4,5
2017-11-01,4413,31220,399662,12.95,12.95,12.15,12.3,-0.1,12
2017-11-02,4413,0,0,0.0,0.0,0.0,0.0,0.0,0
2017-11-03,4413,12135,156576,13.25,13.25,12.2,12.2,0.15,9
2017-11-06,4413,17300,228115,12.4,13.4,12.4,13.4,1.2,17
2017-11-07,4413,7005,99467,13.7,14.7,13.7,13.85,0.45,9
2017-11-08,4413,1135,15149,13.3,13.3,13.3,13.3,-0.55,2
2017-11-09,4413,4025,52327,12.6,13.5,12.6,13.5,0.2,6
2017-11-10,4413,20000,246000,12.3,12.3,12.3,12.3,-1.2,1
2017-11-13,4413,1636,21758,13.3,13.3,13.3,13.3,1.0,3
2017-11-14,4413,7075,91751,12.4,13.4,12.4,13.4,0.1,6
2017-11-15,4413,2086,30663,14.7,14.7,14.7,14.7,1.3,5
2017-11-16,4413,1012,16343,16.15,16.15,16.15,16.15,1.45,2
2017-11-17,4413,12280,213506,17.7,17.7,16.8,16.9,0.75,16
2017-11-20,4413,1787,28484,16.05,16.05,16.05,16.05,-0.85,3
2017-11-21,4413,5375,87230,16.1,17.0,14.7,16.3,0.25,8
2017-11-22,4413,7037,113716,17.25,17.25,15.7,16.65,0.35,6
2017-11-23,4413,7000,112250,16.9,16.9,15.7,15.7,-0.95,5
2017-11-24,4413,5325,80312,15.8,15.8,14.2,14.2,-1.5,6
2017-11-27,4413,6100,94860,15.6,15.6,15.5,15.6,1.4,6
2017-11-28,4413,1000,16900,16.9,16.9,16.9,16.9,1.3,1
2017-11-29,4413,16007,289176,18.15,18.15,17.45,17.45,0.55,12
2017-11-30,4413,1000,16100,16.1,16.1,16.1,16.1,-1.35,1
2017-12-01,4413,1063,18799,17.7,17.7,17.7,17.7,1.6,2
2017-12-04,4413,3155,60005,19.2,19.2,19.0,19.0,1.3,3
2017-12-05,4413,0,0,0.0,0.0,0.0,0.0,0.0,0
2017-12-06,4413,5000,87850,18.1,18.1,17.05,17.05,-1.4,5
2017-12-07,4413,6035,100186,16.6,16.6,16.6,16.6,-0.45,4
2017-12-08,4413,0,0,0.0,0.0,0.0,0.0,0.0,0
2017-12-11,4413,9595,145944,15.1,15.3,15.1,15.2,-1.4,13
2017-12-12,4413,2000,31600,15.2,16.4,15.2,16.4,1.2,2
2017-12-13,4413,6000,92150,15.45,15.55,15.1,15.55,-0.85,6
2017-12-14,4413,1015,15775,15.55,15.55,15.55,15.55,0.0,2
2017-12-15,4413,1332,19096,14.15,14.15,14.15,14.15,-1.4,2
2017-12-18,4413,1000,15550,15.55,15.55,15.55,15.55,1.4,1
2017-12-19,4413,2642,43022,16.75,16.75,16.0,16.0,0.45,5
2017-12-20,4413,3000,48650,15.7,16.75,15.7,16.75,0.75,3
2017-12-21,4413,37000,653350,18.3,18.3,15.7,15.7,-1.05,11
2017-12-22,4413,2005,31386,16.0,16.0,15.3,15.3,-0.4,3
2017-12-25,4413,3005,45978,14.9,15.7,14.9,15.7,0.4,4
2017-12-26,4413,1000,15350,15.35,15.35,15.35,15.35,-0.35,1
2017-12-27,4413,2135,32481,14.95,15.5,14.95,15.5,0.15,4
2017-12-28,4413,2012,31175,15.5,15.5,15.5,15.5,0.0,2
2017-12-29,4413,90,1354,0.0,0.0,0.0,0.0,0.0,1
2018-01-02,4413,2000,30400,15.2,15.2,15.2,15.2,0.15,2
2018-01-03,4413,3000,46450,15.5,15.55,15.4,15.55,0.35,3
2018-01-04,4413,3015,48434,16.0,16.1,16.0,16.1,0.55,4
2018-01-05,4413,15,235,0.0,0.0,0.0,0.0,0.0,1
2018-01-08,4413,1495,22873,15.3,15.3,15.3,15.3,-0.8,2
2018-01-09,4413,0,0,0.0,0.0,0.0,0.0,0.0,0
2018-01-10,4413,1000,15050,15.05,15.05,15.05,15.05,-0.25,1
2018-01-11,4413,1000,15800,15.8,15.8,15.8,15.8,0.75,1
2018-01-12,4413,0,0,0.0,0.0,0.0,0.0,0.0,0
2018-01-15,4413,0,0,0.0,0.0,0.0,0.0,0.0,0
2018-01-16,4413,4000,67850,17.1,17.1,16.55,16.55,0.75,4
2018-01-17,4413,0,0,0.0,0.0,0.0,0.0,0.0,0
2018-01-18,4413,4000,61600,15.15,15.55,15.15,15.55,-1.0,4
2018-01-19,4413,2000,31100,15.55,15.55,15.55,15.55,0.0,2
2018-01-22,4413,7000,114100,16.0,16.55,16.0,16.5,0.95,7
2018-01-23,4413,3375,54887,16.05,16.85,16.05,16.85,0.35,4
2018-01-24,4413,4100,69160,16.55,17.3,16.55,17.3,0.45,4
2018-01-25,4413,0,0,0.0,0.0,0.0,0.0,0.0,0
2018-01-26,4413,1000,16850,16.85,16.85,16.85,16.85,-0.45,1
2018-01-29,4413,0,0,0.0,0.0,0.0,0.0,0.0,0
2018-01-30,4413,8500,138950,16.55,17.45,16.0,17.45,0.2,9
2018-01-31,4413,0,0,0.0,0.0,0.0,0.0,0.0,0
2018-02-01,4413,1000,15800,15.8,15.8,15.8,15.8,-1.0,1
2018-02-02,4413,1000,15800,15.8,15.8,15.8,15.8,0.0,1
2018-02-05,4413,1000,16050,16.05,16.05,16.05,16.05,0.25,1
2018-02-06,4413,154,2310,0.0,0.0,0.0,0.0,0.0,1
2018-02-07,4413,190,3030,0.0,0.0,0.0,0.0,0.0,1
2018-02-08,4413,90,1314,0.0,0.0,0.0,0.0,0.0,1
2018-02-09,4413,0,0,0.0,0.0,0.0,0.0,0.0,0
2018-02-12,4413,0,0,0.0,0.0,0.0,0.0,0.0,0
2018-02-21,4413,8522,132943,15.9,16.1,15.2,15.4,-0.85,9
2018-02-22,4413,5045,78806,15.7,15.7,15.5,15.7,0.3,6
2018-02-23,4413,343,5316,0.0,0.0,0.0,0.0,0.0,1
2018-02-26,4413,2200,33479,15.0,15.05,15.0,15.05,-0.65,4
2018-02-27,4413,15199,233485,16.0,16.0,15.1,15.1,0.05,17
2018-03-01,4413,8858,134720,15.2,15.65,15.1,15.65,0.55,10
2018-03-02,4413,0,0,0.0,0.0,0.0,0.0,0.0,0
2018-03-05,4413,0,0,0.0,0.0,0.0,0.0,0.0,0
2018-03-06,4413,200,3420,0.0,0.0,0.0,0.0,0.0,2
2018-03-07,4413,27,405,0.0,0.0,0.0,0.0,0.0,1
2018-03-08,4413,2000,30700,15.2,15.5,15.2,15.5,0.0,2
2018-03-09,4413,4,57,0.0,0.0,0.0,0.0,0.0,1
2018-03-12,4413,10022,147325,14.55,14.8,14.55,14.8,-0.7,8
2018-03-13,4413,90,1350,0.0,0.0,0.0,0.0,0.0,1
2018-03-14,4413,3000,44000,14.7,14.7,14.65,14.65,-0.15,3
2018-03-15,4413,7000,102350,14.65,14.8,14.55,14.65,0.0,7
2018-03-16,4413,0,0,0.0,0.0,0.0,0.0,0.0,0
2018-03-19,4413,5000,71400,13.5,14.7,13.5,14.7,0.05,4
2018-03-20,4413,1000,14100,14.1,14.1,14.1,14.1,-0.6,1
2018-03-21,4413,6000,87950,14.7,14.8,14.55,14.8,0.7,6
2018-03-22,4413,2000,29150,14.6,14.6,14.55,14.55,-0.25,2
2018-03-23,4413,3000,43800,14.6,14.6,14.6,14.6,0.05,2
2018-03-26,4413,1000,14150,14.15,14.15,14.15,14.15,-0.45,1
2018-03-27,4413,1297,19484,15.0,15.0,15.0,15.0,0.85,2
2018-03-28,4413,0,0,0.0,0.0,0.0,0.0,0.0,0
2018-03-29,4413,2247,33008,14.8,14.8,14.8,14.8,-0.2,3
2018-03-30,4413,0,0,0.0,0.0,0.0,0.0,0.0,0
2018-03-31,4413,0,0,0.0,0.0,0.0,0.0,0.0,0
2018-04-02,4413,11000,178000,16.1,16.25,16.0,16.0,1.2,9
2018-04-03,4413,5525,86187,15.2,15.8,15.2,15.55,-0.45,6
2018-04-09,4413,0,0,0.0,0.0,0.0,0.0,0.0,0
2018-04-10,4413,4000,60800,15.25,15.25,15.1,15.1,0.05,3
2018-04-11,4413,0,0,0.0,0.0,0.0,0.0,0.0,0
2018-04-12,4413,4000,60800,15.3,15.3,15.1,15.1,0.0,3
2018-04-13,4413,2390,33260,13.9,13.9,13.9,13.9,-1.2,2
2018-04-16,4413,6365,90936,14.25,14.35,14.25,14.35,0.45,9
2018-04-17,4413,1600,23299,15.2,15.2,15.2,15.2,0.85,3
2018-04-18,4413,1000,15000,15.0,15.0,15.0,15.0,-0.2,1
2018-04-19,4413,2000,30900,15.45,15.45,15.45,15.45,0.45,2
2018-04-20,4413,3015,45517,15.2,15.2,15.0,15.0,-0.45,4
2018-04-23,4413,0,0,0.0,0.0,0.0,0.0,0.0,0
2018-04-24,4413,2000,29850,14.55,15.3,14.55,15.3,0.3,2
2018-04-25,4413,0,0,0.0,0.0,0.0,0.0,0.0,0
2018-04-26,4413,0,0,0.0,0.0,0.0,0.0,0.0,0
2018-04-27,4413,0,0,0.0,0.0,0.0,0.0,0.0,0
2018-04-30,4413,11000,168450,17.5,17.5,14.65,14.65,-1.6,8
2018-05-02,4413,0,0,0.0,0.0,0.0,0.0,0.0,0
2018-05-03,4413,0,0,0.0,0.0,0.0,0.0,0.0,0
2018-05-04,4413,0,0,0.0,0.0,0.0,0.0,0.0,0
2018-05-07,4413,0,0,0.0,0.0,0.0,0.0,0.0,0
2018-05-08,4413,0,0,0.0,0.0,0.0,0.0,0.0,0
2018-05-09,4413,30,420,0.0,0.0,0.0,0.0,0.0,1
2018-05-10,4413,0,0,0.0,0.0,0.0,0.0,0.0,0
2018-05-11,4413,3000,43950,14.65,14.65,14.65,14.65,0.0,2
2018-05-14,4413,4000,52800,13.2,13.2,13.2,13.2,-1.45,2
2018-11-09,4413,129045,1690444,14.5,14.5,11.95,12.2,-1.0,121
2018-11-12,4413,101059,1128563,11.65,11.8,11.0,11.2,-1.0,76
2018-11-13,4413,43177,455720,10.4,11.0,10.3,11.0,-0.2,37
2018-11-14,4413,75000,883600,10.55,12.1,10.55,12.1,1.1,42
2018-11-15,4413,72549,890270,12.9,12.9,11.75,12.3,0.2,52
2018-11-16,4413,24549,301519,12.3,12.5,12.1,12.1,-0.2,25
2018-11-19,4413,15000,179550,12.45,12.45,11.65,12.0,-0.1,15
2018-11-20,4413,15003,177635,11.7,12.0,11.7,12.0,0.0,17
2018-11-21,4413,19000,227050,11.95,12.0,11.85,12.0,0.0,18
2018-11-22,4413,19000,233600,12.35,12.5,12.1,12.25,0.25,14
2018-11-23,4413,20000,243150,12.25,12.25,11.85,12.0,-0.25,17
2018-11-26,4413,13012,157546,11.8,12.3,11.8,12.2,0.2,13
2018-11-27,4413,1000,12200,12.2,12.2,12.2,12.2,0.0,1
2018-11-28,4413,5090,61507,12.0,12.2,11.95,11.95,-0.25,6
2018-11-29,4413,16060,194166,12.2,12.2,11.95,12.0,0.05,14
2018-11-30,4413,13500,159875,11.8,12.1,11.65,11.65,-0.35,14
2018-12-03,4413,53342,642884,12.15,12.15,11.9,11.9,0.25,37
2018-12-04,4413,36450,440155,12.25,12.25,11.9,12.15,0.25,24
2018-12-05,4413,5000,59700,12.0,12.0,11.9,12.0,-0.15,4
2018-12-06,4413,10000,118100,11.6,11.9,11.6,11.9,-0.1,9
2018-12-07,4413,5350,62897,11.55,11.8,11.55,11.8,-0.1,7
2018-12-10,4413,6000,70450,11.5,12.0,11.45,12.0,0.2,6
2018-12-11,4413,2210,25967,11.55,11.95,11.55,11.95,-0.05,4
2018-12-12,4413,3000,35950,12.0,12.0,11.95,11.95,0.0,3
2018-12-13,4413,8500,102400,12.1,12.1,11.8,12.1,0.15,9
2018-12-14,4413,6000,72600,12.25,12.25,11.75,12.15,0.05,6
2018-12-17,4413,20000,243550,12.2,12.2,12.05,12.2,0.05,16
2018-12-18,4413,5000,59850,12.05,12.05,11.75,12.05,-0.15,5
2018-12-19,4413,5000,60150,12.05,12.05,12.0,12.05,0.0,5
2018-12-20,4413,3390,39952,11.9,11.9,11.7,11.7,-0.35,4
2018-12-21,4413,6000,72900,12.5,12.5,11.8,11.8,0.1,4
2018-12-22,4413,4250,50037,11.6,11.95,11.6,11.95,0.15,5
2018-12-24,4413,4000,48200,12.0,12.1,12.0,12.1,0.15,4
2018-12-25,4413,2000,24200,12.1,12.1,12.1,12.1,0.0,2
2018-12-26,4413,2000,23200,11.6,11.6,11.6,11.6,-0.5,2
2018-12-27,4413,5000,59050,11.7,11.95,11.65,11.95,0.35,5
2018-12-28,4413,4000,48000,12.0,12.0,12.0,12.0,0.05,4
2019-01-02,4413,3000,35700,12.0,12.05,11.65,12.05,0.05,3
2019-01-03,4413,3000,35000,11.35,12.0,11.35,11.65,-0.4,3
2019-01-04,4413,5000,56650,10.85,11.9,10.85,11.15,-0.5,5
2019-01-07,4413,15060,176158,10.5,11.9,10.5,11.8,0.65,11
2019-01-08,4413,4000,48100,12.15,12.15,11.95,11.95,0.15,3
2019-01-09,4413,0,0,0.0,0.0,0.0,0.0,0.0,0
2019-01-10,4413,2000,23900,12.05,12.05,11.85,11.85,-0.1,2
2019-01-11,4413,11000,128200,11.55,11.95,11.5,11.75,-0.1,6
2019-01-14,4413,4013,46353,11.85,11.85,11.45,11.45,-0.3,6
2019-01-15,4413,14525,168396,11.85,11.85,11.35,11.8,0.35,12
2019-01-16,4413,1000,11550,11.55,11.55,11.55,11.55,-0.25,1
2019-01-17,4413,0,0,0.0,0.0,0.0,0.0,0.0,0
2019-01-18,4413,2000,23900,11.95,11.95,11.95,11.95,0.4,2
2019-01-21,4413,10000,116100,11.4,11.7,11.4,11.7,-0.25,6
2019-01-22,4413,0,0,0.0,0.0,0.0,0.0,0.0,0
2019-01-23,4413,1000,11650,11.65,11.65,11.65,11.65,0.0,1
2019-01-24,4413,7000,81750,11.7,11.7,11.55,11.55,-0.1,4
2019-01-25,4413,11000,127500,11.8,11.8,10.95,11.7,0.15,10
2019-01-28,4413,19149,216405,11.15,11.6,11.15,11.6,-0.1,12
2019-01-29,4413,2000,23200,11.6,11.6,11.6,11.6,0.0,1
2019-01-30,4413,27000,312050,11.25,11.75,11.25,11.45,-0.15,15
2019-02-11,4413,0,0,0.0,0.0,0.0,0.0,0.0,0
2019-02-12,4413,10000,117100,11.85,11.9,11.5,11.5,0.0,7
2019-02-13,4413,14630,173145,11.85,11.9,11.7,11.9,0.4,15
2019-02-14,4413,4000,45750,11.25,11.6,11.25,11.6,-0.3,3
2019-02-15,4413,2540,28902,11.4,11.4,11.4,11.4,-0.2,3
2019-02-18,4413,9000,102850,11.4,11.5,11.4,11.45,0.05,6
2019-02-19,4413,4000,47000,11.55,11.95,11.55,11.95,0.5,4
2019-02-20,4413,1024,11792,11.5,11.5,11.5,11.5,-0.45,3
2019-02-21,4413,1052,12237,11.6,11.6,11.6,11.6,0.1,5
2019-02-22,4413,12000,139200,11.6,11.6,11.6,11.6,0.0,6
2019-02-25,4413,4000,45950,11.5,11.5,11.45,11.45,-0.15,2
2019-02-26,4413,2000,22900,11.45,11.45,11.45,11.45,0.0,2
2019-02-27,4413,1000,11500,11.5,11.5,11.5,11.5,0.05,1
2019-03-04,4413,0,0,0.0,0.0,0.0,0.0,0.0,0
2019-03-05,4413,6090,70221,11.55,11.6,11.5,11.5,-0.05,7
2019-03-06,4413,30,330,0.0,0.0,0.0,0.0,0.0,1
2019-03-07,4413,1000,11200,11.2,11.2,11.2,11.2,-0.3,1
2019-03-08,4413,0,0,0.0,0.0,0.0,0.0,0.0,0
2019-03-11,4413,1000,11450,11.45,11.45,11.45,11.45,0.0,1
2019-03-12,4413,1000,11400,11.4,11.4,11.4,11.4,-0.05,1
2019-03-13,4413,18090,204535,11.35,11.75,11.05,11.65,0.25,11
2019-03-14,4413,13300,150450,12.05,12.05,11.15,11.15,-0.5,11
2019-03-15,4413,2090,23399,11.2,11.2,11.2,11.2,0.05,2
2019-03-18,4413,3000,33300,11.0,11.3,11.0,11.3,0.1,3
2019-03-19,4413,1000,11300,11.3,11.3,11.3,11.3,0.0,1
2019-03-20,4413,0,0,0.0,0.0,0.0,0.0,0.0,0
2019-03-21,4413,9000,100250,10.9,11.25,10.9,11.25,-0.05,9
2019-03-22,4413,4750,51636,10.75,11.1,10.75,11.1,-0.15,7
2019-03-25,4413,9775,107275,11.0,11.05,10.9,11.05,-0.05,11
2019-03-26,4413,8031,88264,10.5,11.2,10.5,11.1,0.05,8
2019-03-27,4413,4000,44350,11.1,11.1,11.05,11.05,-0.05,3
2019-03-28,4413,14000,154700,11.25,11.45,10.9,11.45,0.4,9
2019-03-29,4413,13027,145570,11.25,11.25,11.1,11.1,-0.35,15
2019-04-01,4413,2028,22532,11.1,11.1,11.1,11.1,0.0,4
2019-04-02,4413,1122,12497,11.15,11.15,11.15,11.15,0.05,3
2019-04-03,4413,5000,55200,11.0,11.05,11.0,11.05,-0.1,5
2019-04-08,4413,4015,44565,11.0,11.15,11.0,11.15,0.1,5
2019-04-09,4413,7009,77499,11.05,11.1,11.05,11.1,-0.05,5
2019-04-10,4413,3750,41400,11.0,11.1,11.0,11.1,0.0,4
2019-04-11,4413,11000,121400,11.0,11.1,11.0,11.0,-0.1,8
2019-04-12,4413,40904,485888,11.4,12.1,11.4,12.1,1.1,28
2019-04-15,4413,58750,781375,13.3,13.3,13.3,13.3,1.2,43
2019-04-16,4413,161325,2215789,14.2,14.3,12.75,12.75,-0.55,103
2019-04-17,4413,29525,381353,12.6,13.2,12.6,12.85,0.1,26
2019-04-18,4413,30353,379712,12.1,12.95,12.1,12.5,-0.35,27
2019-04-19,4413,24410,304504,12.45,12.7,12.4,12.4,-0.1,15
2019-04-22,4413,18000,228150,12.25,12.85,12.25,12.6,0.2,15
2019-04-23,4413,32998,408724,12.35,12.7,12.25,12.65,0.05,25
2019-04-24,4413,9359,114579,12.3,12.3,12.2,12.2,-0.45,9
2019-04-25,4413,5000,60850,12.2,12.25,12.0,12.25,0.05,5
2019-04-26,4413,1000,12100,12.1,12.1,12.1,12.1,-0.15,1
2019-04-29,4413,5000,61000,11.9,12.3,11.9,12.25,0.15,3
2019-04-30,4413,10000,122550,11.85,12.45,11.85,12.25,0.0,9
2019-05-02,4413,15509,192010,11.7,12.95,11.7,12.95,0.7,17
2019-05-03,4413,8000,100000,12.7,12.7,12.4,12.65,-0.3,7
2019-05-06,4413,18358,227628,12.3,12.75,12.3,12.75,0.1,15
2019-05-07,4413,13000,164400,12.75,13.0,12.45,12.45,-0.3,10
2019-05-08,4413,5000,61650,12.1,12.5,12.1,12.5,0.05,3
2019-05-09,4413,4997,61361,11.9,12.45,11.9,12.45,-0.05,6
2019-05-10,4413,8477,106560,12.05,12.9,12.05,12.85,0.4,6
2019-05-13,4413,12000,145800,12.25,12.3,12.0,12.3,-0.55,8
2019-05-14,4413,1001,12862,12.85,12.85,12.85,12.85,0.55,2
2019-05-15,4413,8000,99650,12.75,12.75,12.25,12.25,-0.6,8
2019-05-16,4413,3000,36400,12.1,12.2,12.1,12.2,-0.05,2
2019-05-17,4413,8000,100200,13.25,13.25,12.05,12.4,0.2,7
2019-05-20,4413,2997,36861,0.0,0.0,0.0,0.0,-12.4,6
2019-05-21,4413,9000,111900,12.25,12.9,12.25,12.3,0.15,6
2019-05-22,4413,0,0,0.0,0.0,0.0,0.0,0.0,0
2019-05-23,4413,0,0,0.0,0.0,0.0,0.0,0.0,0
2019-05-24,4413,0,0,0.0,0.0,0.0,0.0,0.0,0
2019-05-27,4413,0,0,0.0,0.0,0.0,0.0,0.0,0
2019-05-28,4413,2000,24650,12.35,12.35,12.3,12.3,0.0,2
2019-05-29,4413,6000,73500,12.15,12.35,12.15,12.35,0.05,6
2019-05-30,4413,19997,249162,12.35,12.8,12.35,12.35,0.0,13
2019-05-31,4413,4000,48800,11.9,12.3,11.9,12.3,-0.05,4
2019-06-03,4413,19000,233050,12.1,12.5,12.1,12.5,0.2,13
2019-06-04,4413,9000,112100,12.85,12.85,12.3,12.55,0.05,7
2019-06-05,4413,4000,49700,12.45,12.55,12.35,12.55,0.0,3
2019-06-06,4413,21976,268413,12.75,12.75,11.85,11.85,-0.7,12
2019-06-10,4413,3000,35700,11.55,12.2,11.55,11.95,0.1,3
2019-06-11,4413,3000,35850,11.6,12.2,11.6,12.05,0.1,3
2019-06-12,4413,9000,106400,11.05,12.2,11.05,12.0,-0.05,9
2019-06-13,4413,0,0,0.0,0.0,0.0,0.0,0.0,0
2019-06-14,4413,4000,47850,12.0,12.3,11.6,11.95,-0.05,4
2019-06-17,4413,4000,47750,11.85,12.05,11.85,12.05,0.1,4
2019-06-18,4413,24,279,0.0,0.0,0.0,0.0,0.0,1
2019-06-19,4413,13000,156200,11.45,12.2,11.45,12.1,0.05,11
2019-06-20,4413,2500,30050,12.1,12.1,12.1,12.1,0.0,3
2019-06-21,4413,2332,28050,12.0,12.1,12.0,12.1,0.0,4
2019-06-24,4413,16000,192300,12.0,12.1,12.0,12.1,0.0,14
2019-06-25,4413,22500,270250,12.0,12.2,11.85,12.2,0.1,17
2019-06-26,4413,7000,84000,12.0,12.0,12.0,12.0,-0.2,5
2019-06-27,4413,4300,51105,11.95,11.95,11.85,11.85,-0.15,5
2019-06-28,4413,6000,71950,11.8,12.45,11.8,12.45,0.6,4
2019-07-01,4413,6000,72850,12.45,12.45,12.0,12.4,-0.05,3
2019-07-02,4413,5875,71268,12.1,12.55,12.1,12.55,0.15,7
2019-07-03,4413,1375,17112,12.5,12.5,12.5,12.5,-0.05,2
2019-07-04,4413,2198,27535,12.5,12.6,12.5,12.6,0.1,3
2019-07-05,4413,17000,205750,12.5,12.5,12.05,12.05,-0.55,5
2019-07-08,4413,8090,99839,12.05,12.55,12.05,12.35,0.3,5
2019-07-09,4413,39495,470015,12.4,12.4,11.5,11.5,-0.85,7
2019-07-10,4413,6114,73350,12.0,12.0,12.0,12.0,0.5,5
2019-07-11,4413,1000,12000,12.0,12.0,12.0,12.0,0.0,1
2019-07-12,4413,2000,24000,12.0,12.0,12.0,12.0,0.0,1
2019-07-15,4413,0,0,0.0,0.0,0.0,0.0,0.0,0
2019-07-16,4413,3000,36000,12.0,12.0,12.0,12.0,0.0,1
2019-07-17,4413,0,0,0.0,0.0,0.0,0.0,0.0,0
2019-07-18,4413,431,5172,0.0,0.0,0.0,0.0,0.0,2
2019-07-19,4413,3000,35050,11.5,11.8,11.5,11.8,-0.2,3
2019-07-22,4413,0,0,0.0,0.0,0.0,0.0,0.0,0
2019-07-23,4413,2000,23600,11.8,11.8,11.8,11.8,0.0,1
2019-07-24,4413,0,0,0.0,0.0,0.0,0.0,0.0,0
2019-07-25,4413,1000,11500,11.5,11.5,11.5,11.5,-0.3,1
2019-07-26,4413,1225,14042,11.5,11.5,11.5,11.5,0.0,3
2019-07-29,4413,0,0,0.0,0.0,0.0,0.0,0.0,0
2019-07-30,4413,1000,11350,11.35,11.35,11.35,11.35,-0.15,1
2019-07-31,4413,0,0,0.0,0.0,0.0,0.0,0.0,0
2019-08-01,4413,0,0,0.0,0.0,0.0,0.0,0.0,0
2019-08-02,4413,1000,11650,11.65,11.65,11.65,11.65,0.05,1
2019-08-05,4413,3000,35400,11.8,11.8,11.8,11.8,0.15,2
2019-08-06,4413,0,0,0.0,0.0,0.0,0.0,0.0,0
2019-08-07,4413,5000,58400,11.45,11.8,11.45,11.8,0.0,5
2019-08-08,4413,1000,11650,11.65,11.65,11.65,11.65,-0.15,1
2019-08-12,4413,87319,1101219,12.65,12.8,12.5,12.8,1.15,47
2019-08-13,4413,65195,814255,12.15,12.9,12.05,12.9,0.1,46
2019-08-14,4413,76646,979509,13.0,13.0,12.35,12.5,-0.4,37
2019-08-15,4413,7000,84950,12.25,12.25,12.05,12.05,-0.45,5
2019-08-16,4413,10000,121050,11.9,12.3,11.9,12.3,0.25,7
2019-08-19,4413,9000,113300,12.5,12.7,12.2,12.2,-0.1,9
2019-08-20,4413,19000,237550,12.2,12.7,12.2,12.7,0.5,19
2019-08-21,4413,4060,51300,12.3,12.75,12.3,12.75,0.05,4
2019-08-22,4413,8000,98600,12.4,12.4,12.3,12.3,-0.45,4
2019-08-23,4413,2000,24800,12.4,12.4,12.4,12.4,0.1,1
2019-08-26,4413,0,0,0.0,0.0,0.0,0.0,0.0,0
2019-08-27,4413,3000,37450,12.55,12.55,12.35,12.35,-0.05,3
2019-08-28,4413,2000,24700,12.35,12.35,12.35,12.35,0.0,1
2019-08-29,4413,5000,61550,12.4,12.4,12.25,12.25,-0.1,4
2019-08-30,4413,750,9037,0.0,0.0,0.0,0.0,0.0,1
2019-09-02,4413,0,0,0.0,0.0,0.0,0.0,0.0,0
2019-09-03,4413,13000,161700,12.5,12.5,12.4,12.4,0.0,7
2019-09-04,4413,2006,24772,12.35,12.35,12.35,12.35,-0.05,2
2019-09-05,4413,3165,39829,12.45,12.85,12.45,12.85,0.5,4
2019-09-06,4413,12500,157650,12.5,13.0,12.5,12.95,0.1,8
2019-09-09,4413,1000,12850,12.85,12.85,12.85,12.85,-0.1,1
2019-09-10,4413,6000,74150,12.15,12.65,12.15,12.65,-0.2,4
2019-09-11,4413,0,0,0.0,0.0,0.0,0.0,0.0,0
2019-09-12,4413,0,0,0.0,0.0,0.0,0.0,0.0,0
2019-09-16,4413,4150,50650,12.2,12.25,12.2,12.25,-0.25,4
2019-09-17,4413,5000,61250,12.25,12.25,12.25,12.25,0.0,2
2019-09-18,4413,2200,26940,12.25,12.25,12.25,12.25,0.0,2
2019-09-19,4413,8000,98050,12.25,12.45,12.2,12.45,0.2,5
2019-09-20,4413,13000,165250,12.45,13.15,12.35,12.35,-0.1,13
2019-09-23,4413,19000,232550,12.35,12.35,12.2,12.2,-0.15,8
2019-09-24,4413,0,0,0.0,0.0,0.0,0.0,0.0,0
2019-09-25,4413,20000,246650,12.3,12.6,12.2,12.6,0.3,10
2019-09-26,4413,25000,313900,12.4,12.6,12.35,12.6,0.0,10
2019-09-27,4413,302710,4178733,12.85,13.85,12.85,13.85,1.25,142
2019-10-01,4413,280750,3992000,14.4,14.9,13.6,14.9,1.05,170
2019-10-02,4413,130000,1888800,15.05,15.05,14.0,14.1,-0.8,86
2019-10-03,4413,23000,319700,13.8,14.2,13.6,14.1,0.0,19
2019-10-04,4413,50000,671400,13.6,13.75,12.9,13.2,-0.9,41
2019-10-07,4413,43045,556417,13.25,13.25,12.8,12.8,-0.4,29
2019-10-08,4413,14000,177150,12.8,12.8,12.6,12.75,-0.05,12
2019-10-09,4413,31045,385051,12.5,12.7,12.3,12.35,-0.4,22
2019-10-14,4413,103000,1373950,12.65,13.55,12.55,13.55,1.2,75
2019-10-15,4413,69007,923739,13.9,13.9,13.05,13.2,-0.35,49
2019-10-16,4413,27884,366324,13.0,13.35,13.0,13.35,0.15,24
2019-10-17,4413,7000,94100,13.25,13.6,13.2,13.6,0.25,7
2019-10-18,4413,49079,702405,13.6,14.9,13.6,14.8,1.2,45
2019-10-21,4413,48050,686756,14.5,14.6,14.0,14.3,-0.5,40
2019-10-22,4413,36000,511700,14.3,14.4,14.1,14.1,-0.2,28
2019-10-23,4413,12375,173412,14.1,14.25,13.75,14.2,0.1,13
2019-10-24,4413,45500,656450,14.3,14.6,14.2,14.2,0.0,29
2019-10-25,4413,37000,506300,14.0,14.0,13.5,13.5,-0.7,27
2019-10-28,4413,29000,384000,13.45,13.45,13.0,13.3,-0.2,22
2019-10-29,4413,7225,96098,12.9,13.75,12.9,13.75,0.45,8
2019-10-30,4413,6000,80050,13.65,13.65,13.15,13.55,-0.2,5
2019-10-31,4413,1000,13400,13.4,13.4,13.4,13.4,-0.15,1
2019-11-01,4413,6625,86918,13.0,13.6,13.0,13.6,0.2,6
2019-11-04,4413,9750,130762,13.3,13.7,13.3,13.7,0.1,8
2019-11-05,4413,15500,223249,13.85,14.8,13.85,14.7,1.0,15
2019-11-06,4413,16006,220832,13.9,14.4,13.55,14.05,-0.65,18
2019-11-07,4413,155,2077,0.0,0.0,0.0,0.0,0.0,1
2019-11-08,4413,2000,27600,13.8,13.8,13.8,13.8,0.05,2
2019-11-11,4413,3000,40600,13.1,13.8,13.1,13.8,0.0,3
2019-11-12,4413,1000,13750,13.75,13.75,13.75,13.75,-0.05,1
2019-11-13,4413,1000,13750,13.75,13.75,13.75,13.75,0.0,1
2019-11-14,4413,58270,748646,12.8,13.15,12.75,13.15,-0.6,36
2019-11-15,4413,7000,92450,13.15,13.5,13.15,13.5,0.35,5
2019-11-18,4413,3000,39200,13.0,13.2,13.0,13.2,-0.3,3
2019-11-19,4413,4000,52950,13.2,13.35,13.2,13.35,0.15,3
2019-11-20,4413,1000,13600,13.6,13.6,13.6,13.6,0.25,1
2019-11-21,4413,1038,14054,13.55,13.55,13.55,13.55,-0.05,3
2019-11-22,4413,1000,13550,13.55,13.55,13.55,13.55,0.0,1
2019-11-25,4413,1000,13550,13.55,13.55,13.55,13.55,0.0,1
2019-11-26,4413,1075,14812,13.8,13.8,13.8,13.8,0.25,2
2019-11-27,4413,225,2868,0.0,0.0,0.0,0.0,0.0,1
2019-11-28,4413,7000,93550,13.45,13.45,12.85,12.85,-0.55,4
2019-11-29,4413,53000,686350,13.3,13.3,12.8,13.3,0.45,21
2019-12-02,4413,1045,13885,13.3,13.3,13.3,13.3,0.0,2
2019-12-03,4413,8090,107683,13.3,13.4,13.3,13.4,0.1,8
2019-12-04,4413,1000,13500,13.5,13.5,13.5,13.5,0.1,1
2019-12-05,4413,1000,13500,13.5,13.5,13.5,13.5,0.0,1
2019-12-06,4413,3000,39450,13.0,13.45,13.0,13.45,-0.05,2
2019-12-09,4413,1000,13500,13.5,13.5,13.5,13.5,0.05,1
2019-12-10,4413,1000,13500,13.5,13.5,13.5,13.5,0.0,1
2019-12-11,4413,3000,40500,13.5,13.5,13.5,13.5,0.0,3
2019-12-12,4413,2000,27000,13.5,13.5,13.5,13.5,0.0,2
2019-12-13,4413,7000,94800,13.45,13.8,13.45,13.8,0.3,7
2019-12-16,4413,10000,135350,13.9,13.9,13.15,13.75,-0.05,9
2019-12-17,4413,37000,484350,13.15,13.65,12.85,13.4,-0.35,20
2019-12-18,4413,53000,686700,13.45,13.45,12.75,12.75,-0.65,35
2019-12-19,4413,27000,347500,12.75,13.05,12.75,12.8,0.05,13
2019-12-20,4413,1000,12850,12.85,12.85,12.85,12.85,0.05,1
2019-12-23,4413,2000,25950,12.85,13.1,12.85,13.1,0.25,2
2019-12-24,4413,0,0,0.0,0.0,0.0,0.0,0.0,0
2019-12-25,4413,0,0,0.0,0.0,0.0,0.0,0.0,0
2019-12-26,4413,3000,38400,12.65,12.95,12.65,12.8,-0.15,3
2019-12-27,4413,1000,12700,12.7,12.7,12.7,12.7,-0.1,1
2019-12-30,4413,1000,12800,12.8,12.8,12.8,12.8,0.1,1
2019-12-31,4413,6000,76000,12.7,12.7,12.65,12.65,-0.15,6
2020-01-02,4413,2000,26350,13.25,13.25,13.1,13.1,0.45,2
2020-01-03,4413,5090,64270,12.65,12.7,12.5,12.7,-0.4,6
2020-01-06,4413,3250,41600,12.55,13.25,12.55,13.25,0.55,3
2020-01-07,4413,4000,50800,12.7,12.7,12.7,12.7,-0.55,3
2020-01-08,4413,1225,15367,12.6,12.6,12.6,12.6,-0.1,2
2020-01-09,4413,2000,25300,12.65,12.65,12.65,12.65,0.05,2
2020-01-10,4413,4000,50550,12.65,12.65,12.6,12.6,-0.05,4
2020-01-13,4413,10013,129263,13.0,13.0,12.85,12.9,0.3,8
2020-01-14,4413,3090,40052,12.9,13.1,12.9,13.1,0.2,4
2020-01-15,4413,4000,51800,13.0,13.0,12.9,12.9,-0.2,4
2020-01-16,4413,12000,156000,13.0,13.0,13.0,13.0,0.1,5
2020-01-17,4413,11099,145972,13.1,13.2,13.05,13.05,0.05,7
2020-01-20,4413,8000,104950,13.05,13.2,13.05,13.15,0.1,7
2020-01-30,4413,66300,938345,13.2,14.45,13.2,13.9,0.75,40
2020-01-31,4413,36031,510680,14.0,14.45,13.9,14.0,0.1,22
2020-02-03,4413,20730,287680,14.1,14.1,13.5,14.0,0.0,17
2020-02-04,4413,21269,313139,15.2,15.2,14.0,14.0,0.0,15
2020-02-05,4413,2003,28042,14.0,14.0,14.0,14.0,0.0,4
2020-02-06,4413,26031,353415,13.95,13.95,13.5,13.6,-0.4,19
2020-02-07,4413,15000,202100,13.6,13.6,13.2,13.2,-0.4,9
2020-02-10,4413,11000,145250,13.2,13.25,13.2,13.2,0.0,7
2020-02-11,4413,1000,13200,13.2,13.2,13.2,13.2,0.0,1
2020-02-12,4413,8000,106400,13.4,13.4,13.2,13.2,0.0,6
2020-02-13,4413,15090,199270,13.25,13.25,13.2,13.2,0.0,8
2020-02-14,4413,15900,209700,13.2,13.2,13.2,13.2,0.0,8
2020-02-17,4413,19090,252470,13.3,13.3,13.0,13.0,-0.2,10
2020-02-18,4413,12882,169698,13.2,13.2,13.05,13.05,0.05,6
2020-02-19,4413,4450,59035,13.25,13.3,13.25,13.25,0.2,4
2020-02-20,4413,6365,84018,13.2,13.2,13.2,13.2,-0.05,5
2020-02-21,4413,6000,79400,13.3,13.3,13.2,13.2,0.0,4
2020-02-24,4413,6000,77400,12.55,13.3,12.55,13.3,0.1,6
2020-02-25,4413,2000,27349,13.75,13.75,13.75,13.75,0.45,4
2020-02-26,4413,4000,54100,14.1,14.1,13.1,13.1,-0.65,4
2020-02-27,4413,8000,102550,12.65,13.5,12.65,13.5,0.4,5
2020-03-02,4413,69,993,0.0,0.0,0.0,0.0,0.0,1
2020-03-03,4413,15000,205450,14.0,14.0,13.5,13.5,0.0,10
2020-03-04,4413,3000,39700,13.2,13.3,13.2,13.3,-0.2,3
2020-03-05,4413,6105,84012,13.9,13.9,13.5,13.5,0.2,8
2020-03-06,4413,105000,1546550,14.25,14.85,14.25,14.6,1.1,57
2020-03-09,4413,78000,1063050,13.85,14.0,13.3,13.3,-1.3,49
2020-03-10,4413,9000,124950,13.95,14.35,13.75,13.8,0.5,5
2020-03-11,4413,11000,152100,13.95,13.95,13.7,13.85,0.05,10
2020-03-12,4413,8000,107350,13.8,13.85,13.1,13.85,0.0,7
2020-03-13,4413,3005,44570,15.1,15.1,14.5,14.5,0.65,5
2020-03-16,4413,11000,148900,13.95,13.95,13.05,13.85,-0.65,9
2020-03-17,4413,4000,52750,12.65,13.7,12.65,13.7,-0.15,4
2020-03-18,4413,6000,81600,12.6,14.6,12.6,14.6,0.9,6
2020-03-19,4413,5895,78232,13.15,13.55,13.15,13.55,-1.05,7
2020-03-20,4413,7000,95150,14.15,14.15,13.0,13.3,-0.25,5
2020-03-23,4413,30,370,0.0,0.0,0.0,0.0,0.0,1
2020-03-24,4413,3500,49200,13.7,14.35,13.7,14.35,1.05,4
2020-03-25,4413,6500,88150,13.7,13.7,13.15,13.55,-0.8,7
2020-03-26,4413,23000,296700,13.75,13.75,12.6,13.1,-0.45,21
2020-03-27,4413,21000,271800,13.55,13.55,12.7,13.15,0.05,18
2020-03-30,4413,1500,20200,13.55,13.55,13.55,13.55,0.4,2
2020-03-31,4413,30045,381305,13.0,13.35,12.35,12.35,-1.2,27
2020-04-01,4413,20000,265050,13.35,13.35,12.9,13.25,0.9,13
2020-04-06,4413,51750,659224,13.65,13.65,12.5,13.15,-0.1,45
2020-04-07,4413,4225,55107,13.0,13.3,12.95,13.0,-0.15,5
2020-04-08,4413,24000,303950,13.05,13.05,12.5,12.85,-0.15,20
2020-04-09,4413,19000,241450,12.8,13.05,12.55,12.8,-0.05,13
2020-04-10,4413,29000,367600,12.9,12.9,12.55,12.8,0.0,22
2020-04-13,4413,19000,241550,13.05,13.05,12.6,12.8,0.0,15
2020-04-14,4413,27000,343350,13.2,13.2,12.6,12.65,-0.15,26
2020-04-15,4413,23015,291636,12.95,12.95,12.6,12.7,0.05,14
2020-04-16,4413,17000,215800,13.1,13.1,12.55,12.7,0.0,17
2020-04-17,4413,36000,458700,12.65,12.95,12.6,12.8,0.1,24
2020-04-20,4413,10005,126363,12.65,12.75,12.6,12.6,-0.2,8
2020-04-21,4413,19018,238521,12.65,12.75,12.15,12.5,-0.1,14
2020-04-22,4413,3200,39400,12.15,12.45,12.15,12.45,-0.05,4
2020-04-23,4413,14000,176000,12.6,12.65,12.45,12.6,0.15,7
2020-04-24,4413,9000,114000,12.7,12.8,12.55,12.7,0.1,7
2020-04-27,4413,8000,100300,12.3,12.65,12.3,12.6,-0.1,6
2020-04-28,4413,6000,75150,12.4,12.65,12.4,12.6,0.0,6
2020-04-29,4413,13078,164690,12.3,12.75,12.3,12.6,0.0,15
2020-04-30,4413,13000,163400,12.4,12.7,12.4,12.6,0.0,7
2020-05-04,4413,2000,25100,12.35,12.75,12.35,12.75,0.15,2
2020-05-05,4413,13000,162250,12.6,12.6,12.4,12.55,-0.2,11
2020-05-06,4413,6264,79159,12.55,12.8,12.5,12.5,-0.05,8
2020-05-07,4413,14000,177850,12.9,13.1,12.55,12.55,0.05,11
2020-05-08,4413,19000,240150,12.85,12.85,12.55,12.6,0.05,15
2020-05-11,4413,60225,782391,12.6,13.35,12.6,13.05,0.45,31
2020-05-12,4413,34000,447500,13.5,13.5,12.95,13.2,0.15,22
2020-05-13,4413,9000,118600,13.15,13.35,13.1,13.35,0.15,8
2020-05-14,4413,25078,337083,13.35,13.65,13.35,13.45,0.1,17
2020-05-15,4413,8788,118138,13.3,13.6,13.3,13.45,0.0,9
2020-05-18,4413,64250,804300,13.05,13.15,12.15,12.45,-1.0,49
2020-05-19,4413,8080,100358,12.05,12.6,12.05,12.5,0.05,9
2020-05-20,4413,12375,154662,12.35,12.65,12.35,12.6,0.1,13
2020-05-21,4413,4000,50150,12.45,12.7,12.4,12.6,0.0,4
2020-05-22,4413,18000,226250,12.35,12.75,12.3,12.7,0.1,17
2020-05-25,4413,10000,124450,12.4,12.55,12.35,12.5,-0.2,7
2020-05-26,4413,3000,38500,12.9,12.9,12.8,12.8,0.3,2
2020-05-27,4413,3000,38200,12.95,12.95,12.5,12.75,-0.05,3
2020-05-28,4413,1000,13150,13.15,13.15,13.15,13.15,0.4,1
2020-05-29,4413,1375,18175,13.3,13.3,13.3,13.3,0.15,2
2020-06-01,4413,6049,77762,12.85,12.9,12.8,12.8,-0.5,7
2020-06-02,4413,6000,76550,12.55,12.95,12.55,12.95,0.15,6
2020-06-03,4413,1045,13732,13.15,13.15,13.15,13.15,0.2,2
2020-06-04,4413,750,8925,0.0,0.0,0.0,0.0,0.0,1
2020-06-05,4413,2000,26000,13.0,13.0,13.0,13.0,0.0,2
2020-06-08,4413,22000,293350,13.4,13.65,13.15,13.35,0.35,17
2020-06-09,4413,13297,169427,13.0,13.0,12.65,12.75,-0.6,10
2020-06-10,4413,4000,51400,12.75,13.15,12.75,13.15,0.4,3
2020-06-11,4413,7000,88450,12.7,12.9,12.5,12.7,-0.45,7
2020-06-12,4413,1000,13100,13.1,13.1,13.1,13.1,0.4,1
2020-06-15,4413,1500,19900,13.35,13.35,13.35,13.35,0.25,2
2020-06-16,4413,12000,152950,12.75,12.85,12.7,12.7,-0.65,10
2020-06-17,4413,16000,197700,12.8,12.8,12.1,12.4,-0.3,12
2020-06-18,4413,27000,336150,12.5,12.55,12.4,12.45,0.05,16
2020-06-19,4413,9200,117150,12.7,13.0,12.5,12.8,0.35,8
2020-06-22,4413,41000,509100,12.2,12.75,12.1,12.45,-0.35,25
2020-06-23,4413,15000,184950,12.55,12.55,12.2,12.45,0.0,11
2020-06-24,4413,4000,49750,12.6,12.6,12.35,12.45,0.0,3
2020-06-29,4413,1000,12750,12.75,12.75,12.75,12.75,0.3,1
2020-06-30,4413,25080,306338,12.3,12.3,12.1,12.25,-0.5,16
2020-07-01,4413,17000,208000,12.2,12.3,12.1,12.25,0.0,9
2020-07-02,4413,36250,444237,12.4,12.4,12.1,12.35,0.1,21
2020-07-03,4413,17000,207300,12.4,12.4,12.15,12.15,-0.2,8
2020-07-06,4413,7000,85350,12.25,12.25,12.05,12.2,0.05,6
2020-07-07,4413,14049,170390,12.25,12.25,12.05,12.05,-0.15,10
2020-07-08,4413,11200,133650,12.0,12.0,11.85,12.0,-0.05,10
2020-07-09,4413,18393,218917,11.95,12.1,11.8,11.9,-0.1,13
2020-07-10,4413,19000,224700,11.8,12.0,11.8,12.0,0.1,9
2020-07-13,4413,6000,70950,12.0,12.0,11.7,11.7,-0.3,6
2020-07-14,4413,11000,133150,11.9,12.25,11.85,12.05,0.35,8
2020-07-15,4413,4045,49290,12.15,12.25,12.15,12.15,0.1,5
2020-07-16,4413,1000,12300,12.3,12.3,12.3,12.3,0.15,1
2020-07-17,4413,13000,154950,12.2,12.25,11.7,12.1,-0.2,10
2020-07-20,4413,1000,12000,12.0,12.0,12.0,12.0,-0.1,1
2020-07-21,4413,9153,109913,12.0,12.3,11.75,11.75,-0.25,10
2020-07-22,4413,39000,452800,11.55,11.9,11.5,11.75,0.0,17
2020-07-23,4413,7027,81617,11.75,11.75,11.55,11.55,-0.2,7
2020-07-24,4413,11000,131100,11.9,11.95,11.85,11.95,0.4,8
2020-07-27,4413,114000,1443450,12.1,13.1,12.0,13.0,1.05,76
2020-07-28,4413,122565,1677011,13.05,14.2,13.05,13.75,0.75,105
2020-07-29,4413,42565,596811,13.9,14.35,13.8,13.9,0.15,38
2020-07-30,4413,27999,379336,13.9,13.95,13.35,13.6,-0.3,18
2020-07-31,4413,57249,752624,13.85,13.85,12.75,13.35,-0.25,52
2020-08-03,4413,65670,945081,13.6,14.65,13.6,14.5,1.15,58
2020-08-04,4413,75000,1105750,14.5,15.0,14.45,14.85,0.35,54
2020-08-05,4413,228332,3545594,14.85,16.25,14.85,16.2,1.35,103
2020-08-06,4413,498000,8241849,16.25,17.25,16.0,17.25,1.05,180
2020-08-07,4413,542522,9923939,17.25,18.95,17.2,18.95,1.7,231
2020-08-10,4413,384058,6980191,20.0,20.0,17.1,17.1,-1.85,184
2020-08-11,4413,362443,5833038,16.7,16.75,15.5,16.15,-0.95,234
2020-08-12,4413,311000,5365800,16.2,17.75,16.2,17.75,1.6,180
2020-08-13,4413,422304,7743127,17.8,19.0,17.6,18.35,0.6,280
2020-08-14,4413,258532,4912613,18.15,19.5,18.15,19.5,1.15,172
2020-08-17,4413,344325,6951015,19.85,20.65,19.65,20.0,0.5,213
2020-08-18,4413,337000,6239250,20.0,20.1,18.0,18.0,-2.0,176
2020-08-19,4413,175300,3197420,18.2,18.75,17.55,18.0,0.0,105
2020-08-20,4413,247058,4339758,18.0,18.45,16.2,18.45,0.45,145
2020-08-21,4413,414000,7802150,18.4,19.8,18.15,19.7,1.25,210
2020-08-24,4413,377000,7192500,18.9,19.65,18.6,19.15,-0.55,194
2020-08-25,4413,426175,8398797,19.4,20.1,19.0,20.0,0.85,220
2020-08-26,4413,690000,14461150,20.35,22.0,19.95,21.7,1.7,395
2020-08-27,4413,584000,11882250,21.7,21.85,19.55,21.2,-0.5,340
2020-08-28,4413,167000,3384250,20.3,20.85,19.85,19.85,-1.35,121
2020-08-31,4413,304000,6246300,20.0,21.25,19.6,20.5,0.65,203
2020-09-01,4413,143300,2968353,20.6,21.6,20.25,20.85,0.35,113
2020-09-02,4413,39450,803572,20.9,20.9,20.0,20.45,-0.4,36
2020-09-03,4413,216038,4161660,20.45,20.45,18.55,18.55,-1.9,153
2020-09-04,4413,238287,4296780,18.55,18.9,17.5,18.4,-0.15,149
2020-09-07,4413,130660,2392258,18.3,18.8,17.6,18.6,0.2,102
2020-09-08,4413,192300,3640070,18.7,19.1,18.5,19.0,0.4,119
2020-09-09,4413,484024,9533722,19.0,20.0,19.0,19.6,0.6,276
2020-09-10,4413,187049,3704270,19.7,20.3,19.55,19.8,0.2,134
2020-09-11,4413,460405,9486517,19.5,21.6,19.5,21.6,1.8,313
2020-09-14,4413,321000,6659100,22.0,22.0,20.0,20.5,-1.1,230
2020-09-15,4413,309016,6372726,20.45,21.3,19.8,20.0,-0.5,198
2020-09-16,4413,124000,2434300,20.3,20.3,19.25,19.35,-0.65,75
2020-09-17,4413,69350,1344000,19.65,19.7,19.2,19.4,0.05,55
2020-09-18,4413,133000,2634450,19.75,20.15,19.2,20.0,0.6,108
2020-09-21,4413,46163,916962,20.2,20.25,19.55,19.75,-0.25,41
2020-09-22,4413,190030,3826097,19.8,20.85,19.5,20.35,0.6,125
2020-09-23,4413,226030,4610965,20.4,20.7,19.75,20.7,0.35,147
2020-09-24,4413,227000,4597550,20.8,20.95,19.5,20.35,-0.35,148
2020-09-25,4413,296000,6016750,20.35,20.55,19.85,20.25,-0.1,155
2020-09-28,4413,634875,13482825,20.65,21.75,20.5,21.1,0.85,403
2020-09-29,4413,352777,7137323,20.8,21.1,19.5,20.2,-0.9,240
2020-09-30,4413,94000,1909100,20.15,20.5,20.0,20.45,0.25,65
2020-10-05,4413,111225,2289890,20.7,20.85,20.2,20.7,0.25,73
2020-10-06,4413,253000,5288400,20.75,21.05,20.75,20.85,0.15,164
2020-10-07,4413,80000,1665300,20.9,21.1,20.5,20.9,0.05,66
2020-10-08,4413,167000,3362750,20.95,20.95,19.8,20.2,-0.7,121
2020-10-12,4413,71000,1407500,20.45,20.45,19.6,19.6,-0.6,54
2020-10-13,4413,80000,1542600,19.95,19.95,18.55,19.55,-0.05,66
2020-10-14,4413,172004,3470732,19.65,20.9,19.15,20.7,1.15,111
2020-10-15,4413,327315,6949133,21.7,21.7,20.9,21.0,0.3,203
2020-10-16,4413,56225,1168373,21.25,21.25,20.55,20.65,-0.35,45
2020-10-19,4413,40000,812800,20.85,20.85,20.05,20.35,-0.3,31
2020-10-20,4413,91000,1813250,20.45,20.45,19.6,19.85,-0.5,68
2020-10-21,4413,169071,3341891,20.05,20.05,19.5,19.8,-0.05,143
2020-10-22,4413,141000,2780400,19.8,19.9,19.5,19.9,0.1,90
2020-10-23,4413,102000,1994650,20.05,20.05,19.3,19.7,-0.2,78
2020-10-26,4413,17000,331950,19.75,19.75,19.35,19.5,-0.2,17
2020-10-27,4413,32000,614950,18.95,19.65,18.9,19.35,-0.15,27
2020-10-28,4413,31000,594750,19.3,19.5,18.8,19.35,0.0,25
2020-10-29,4413,43000,802650,18.5,18.9,18.5,18.8,-0.55,36
2020-10-30,4413,90003,1632253,19.15,19.15,17.5,17.5,-1.3,66
2020-11-02,4413,74000,1267650,17.65,17.65,16.8,17.15,-0.35,58
2020-11-03,4413,29000,497200,17.45,17.45,16.8,17.15,0.0,28
2020-11-04,4413,35000,603400,17.45,17.45,17.0,17.35,0.2,19
2020-11-05,4413,36000,622200,17.5,17.5,17.05,17.35,0.0,30
2020-11-06,4413,41204,699313,17.55,17.55,16.65,16.9,-0.45,38
2020-11-09,4413,37107,622215,17.25,17.25,16.5,16.7,-0.2,33
2020-11-10,4413,135000,2167850,16.8,16.8,15.8,16.1,-0.6,74
2020-11-11,4413,86000,1390150,16.3,16.45,15.7,16.35,0.25,66
2020-11-12,4413,17024,276279,16.5,16.5,16.0,16.35,0.0,16
2020-11-13,4413,117150,1843105,16.25,16.25,15.5,15.85,-0.5,102
2020-11-16,4413,44006,691994,15.95,15.95,15.5,15.8,-0.05,41
2020-11-17,4413,83108,1256798,15.8,15.95,14.7,15.05,-0.75,67
2020-11-18,4413,184215,2662763,15.0,15.25,14.15,14.25,-0.8,122
2020-11-19,4413,182000,2461500,14.05,14.25,13.2,13.6,-0.65,128
2020-11-20,4413,321100,4667594,13.75,14.95,13.6,14.95,1.35,206
2020-11-23,4413,404178,6404893,14.95,16.4,14.95,16.4,1.45,285
2020-11-24,4413,252100,3876909,16.4,16.4,14.85,15.1,-1.3,186
2020-11-25,4413,77000,1151650,15.25,15.25,14.7,15.05,-0.05,54
2020-11-26,4413,80280,1207122,15.0,15.15,14.8,15.15,0.1,53
2020-11-27,4413,183401,2898571,15.15,16.6,14.85,16.55,1.4,140
2020-11-30,4413,114184,1825891,16.3,16.3,15.8,16.0,-0.55,85
2020-12-01,4413,43000,676700,16.25,16.25,15.5,15.9,-0.1,35
2020-12-02,4413,159010,2541409,16.0,16.1,15.85,16.0,0.1,77
2020-12-03,4413,23375,372650,16.15,16.15,15.8,15.9,-0.1,19
2020-12-04,4413,74490,1149499,16.15,16.15,15.2,15.3,-0.6,54
2020-12-07,4413,46000,690900,15.55,15.55,14.75,15.1,-0.2,31
2020-12-08,4413,58000,871800,15.05,15.4,14.75,14.95,-0.15,40
2020-12-09,4413,19033,284084,15.25,15.25,14.65,15.0,0.05,18
2020-12-10,4413,15303,226393,14.95,14.95,14.65,14.8,-0.2,13
2020-12-11,4413,26000,375700,14.95,14.95,14.3,14.55,-0.25,22
2020-12-14,4413,42031,600688,14.5,14.5,14.1,14.25,-0.3,23
2020-12-15,4413,47000,680800,14.4,14.95,14.1,14.35,0.1,28
2020-12-16,4413,114098,1733937,14.75,15.75,14.3,15.05,0.7,76
2020-12-17,4413,65387,995783,14.8,15.9,14.8,15.9,0.85,51
2020-12-18,4413,171715,2750951,16.0,16.3,15.75,16.25,0.35,90
2020-12-21,4413,40859,652157,16.4,16.4,15.7,16.2,-0.05,34
2020-12-22,4413,51000,795600,15.9,15.9,15.3,15.5,-0.7,34
2020-12-23,4413,61000,922700,15.4,15.6,15.0,15.35,-0.15,46
2020-12-24,4413,25000,375150,15.0,15.15,15.0,15.15,-0.2,20
2020-12-25,4413,25001,375614,15.45,15.45,14.95,15.05,-0.1,20
2020-12-28,4413,41103,613613,14.95,15.2,14.85,15.05,0.0,31
2020-12-29,4413,30180,450196,14.9,15.05,14.85,14.95,-0.1,23
2020-12-30,4413,102923,1573711,15.1,15.45,15.0,15.2,0.25,69
2020-12-31,4413,19078,288270,15.35,15.35,14.9,15.1,-0.1,17
2021-01-04,4413,38000,561400,14.85,15.0,14.7,14.7,-0.4,25
2021-01-05,4413,19100,278790,14.65,15.05,14.35,14.65,-0.05,20
2021-01-06,4413,16000,230900,14.75,14.75,14.25,14.25,-0.4,11
2021-01-07,4413,19000,268100,14.55,14.55,13.85,14.25,0.0,16
2021-01-08,4413,1120,16057,14.4,14.4,14.4,14.4,0.15,4
2021-01-11,4413,17000,238650,14.5,14.5,13.85,14.0,-0.4,15
2021-01-12,4413,14097,194019,14.25,14.25,13.6,13.85,-0.15,12
2021-01-13,4413,21091,292037,14.05,14.05,13.6,13.9,0.05,23
2021-01-14,4413,22000,302650,14.1,14.1,13.5,13.75,-0.15,19
2021-01-15,4413,9011,122050,13.75,13.75,13.3,13.5,-0.25,9
2021-01-18,4413,37125,479850,13.1,13.1,12.8,13.1,-0.4,31
2021-01-19,4413,17000,221400,13.0,13.2,12.75,13.1,0.0,17
2021-01-20,4413,27900,351734,13.2,13.2,12.35,12.75,-0.35,24
2021-01-21,4413,5550,70552,13.05,13.05,12.5,12.8,0.05,8
2021-01-22,4413,15000,185500,13.0,13.0,12.05,12.8,0.0,10
2021-01-25,4413,4000,51500,12.95,12.95,12.85,12.85,0.05,4
2021-01-26,4413,14180,176382,13.0,13.0,12.2,12.7,-0.15,13
2021-01-27,4413,9175,115020,12.65,12.65,12.3,12.65,-0.05,8
2021-01-28,4413,5015,63737,12.5,12.95,12.5,12.8,0.15,4
2021-01-29,4413,4000,51500,12.85,13.0,12.8,12.8,0.0,4
2021-02-01,4413,8000,100750,12.9,12.9,12.3,12.6,-0.2,6
2021-02-02,4413,4055,50776,12.75,12.75,12.4,12.55,-0.05,4
2021-02-03,4413,2000,25150,12.55,12.6,12.55,12.6,0.05,2
2021-02-04,4413,7225,91040,12.7,12.7,12.5,12.7,0.1,8
2021-02-05,4413,19175,241270,12.75,12.8,12.4,12.7,0.0,16
2021-02-17,4413,69900,908874,12.7,13.3,12.7,13.2,0.5,45
2021-02-18,4413,44000,592650,13.2,13.75,13.2,13.65,0.45,27
2021-02-19,4413,14050,189680,13.7,13.7,13.4,13.5,-0.15,13
2021-02-22,4413,69000,942700,13.5,14.2,13.5,14.15,0.65,54
2021-02-23,4413,26000,364800,14.3,14.3,13.85,14.1,-0.05,17
2021-02-24,4413,24135,336213,14.1,14.1,13.75,14.05,-0.05,17
2021-02-25,4413,24000,340800,13.85,14.35,13.85,14.35,0.3,18
2021-02-26,4413,18000,252250,14.05,14.25,13.9,14.2,-0.15,18
2021-03-02,4413,10000,140450,14.05,14.1,14.0,14.1,-0.1,9
2021-03-03,4413,21000,293250,13.95,14.1,13.9,14.05,-0.05,17
2021-03-04,4413,68418,996106,14.2,15.45,14.1,15.0,0.95,48
2021-03-05,4413,231530,3616760,15.0,15.9,15.0,15.9,0.9,156
2021-03-08,4413,125105,1967590,15.95,16.25,15.45,15.6,-0.3,78
2021-03-09,4413,197003,3128897,15.9,16.2,15.5,16.2,0.6,88
2021-03-10,4413,157000,2571550,16.5,16.9,16.2,16.5,0.3,83
2021-03-11,4413,125000,2031500,16.55,16.65,16.0,16.0,-0.5,75
2021-03-12,4413,116000,1810900,16.1,16.1,15.45,15.85,-0.15,68
2021-03-15,4413,28000,440150,16.0,16.0,15.55,15.85,0.0,21
2021-03-16,4413,16125,252982,15.95,15.95,15.65,15.8,-0.05,15
2021-03-17,4413,13000,203300,15.85,15.85,15.5,15.8,0.0,12
2021-03-18,4413,19225,301515,16.0,16.0,15.6,15.7,-0.1,17
2021-03-19,4413,55174,888749,15.65,16.35,15.65,16.1,0.4,29
2021-03-22,4413,38009,604292,16.25,16.25,15.8,16.15,0.05,23
2021-03-23,4413,67010,1070306,16.25,16.25,15.75,15.9,-0.25,38
2021-03-24,4413,23225,362558,15.8,15.8,15.5,15.7,-0.2,16
2021-03-25,4413,34625,539105,15.85,15.85,15.5,15.7,0.0,23
2021-03-26,4413,14000,218800,15.75,15.75,15.55,15.7,0.0,9
2021-03-29,4413,17006,264444,15.9,15.9,15.3,15.7,0.0,10
2021-03-30,4413,7012,110236,15.95,15.95,15.65,15.7,0.0,10
2021-03-31,4413,9440,147171,15.7,15.7,15.35,15.35,-0.35,6
2021-04-01,4413,15450,240767,15.65,15.65,15.55,15.6,0.25,8
2021-04-06,4413,11040,171424,15.75,15.75,15.15,15.6,0.0,11
2021-04-07,4413,12015,184022,15.65,15.65,15.2,15.5,-0.1,10
2021-04-08,4413,20001,309715,15.65,15.65,15.25,15.55,0.05,15
2021-04-09,4413,31000,484100,15.65,15.7,15.35,15.65,0.1,16
2021-04-12,4413,16375,252100,15.65,15.65,15.2,15.5,-0.15,12
2021-04-13,4413,13000,197450,15.55,15.55,15.0,15.3,-0.2,9
2021-04-14,4413,36119,536394,15.55,15.55,14.6,14.85,-0.45,24
2021-04-15,4413,2074,31060,15.0,15.0,14.95,14.95,0.1,4
2021-04-16,4413,15046,216857,14.9,14.9,14.25,14.55,-0.4,13
2021-04-19,4413,20790,295744,14.55,14.55,14.05,14.35,-0.2,20
2021-04-20,4413,17100,240979,14.45,14.45,14.0,14.25,-0.1,14
2021-04-21,4413,26007,368599,14.6,14.6,13.75,14.25,0.0,17
2021-04-22,4413,20000,283000,14.4,14.4,13.85,14.15,-0.1,10
2021-04-23,4413,7000,98900,14.3,14.3,13.85,14.25,0.1,7
2021-04-26,4413,8060,115555,14.4,14.4,14.2,14.25,0.0,6
2021-04-27,4413,17104,236838,14.4,14.4,13.7,13.9,-0.35,14
2021-04-28,4413,17000,238600,14.2,14.2,13.8,14.05,0.15,13
2021-04-29,4413,10225,142682,14.15,14.15,13.9,13.95,-0.1,7
2021-05-03,4413,9000,123200,14.15,14.15,13.55,13.6,-0.35,8
2021-05-04,4413,19000,254200,13.85,13.85,12.7,13.7,0.1,13
2021-05-05,4413,24975,334425,13.7,13.75,13.05,13.5,-0.2,20
2021-05-06,4413,32049,448081,14.2,14.2,13.55,13.85,0.35,20
2021-05-07,4413,112316,1631131,13.8,15.2,13.8,14.75,0.9,71
2021-05-10,4413,184200,2789009,14.85,16.2,14.25,16.15,1.4,97
2021-05-11,4413,268262,4326386,15.9,16.85,15.5,16.2,0.05,162
2021-05-12,4413,119701,1824032,16.45,16.6,14.6,15.25,-0.95,77
2021-05-13,4413,50100,711290,14.05,14.9,13.85,14.55,-0.7,45
2021-05-14,4413,39000,531800,14.55,14.55,13.2,14.15,-0.4,32
2021-05-17,4413,15000,199700,14.2,14.2,13.05,13.45,-0.7,13
2021-05-18,4413,15143,206693,13.9,13.9,13.2,13.65,0.2,12
2021-05-19,4413,8000,105750,13.75,13.75,13.0,13.5,-0.15,7
2021-05-20,4413,5000,67500,13.6,13.6,13.45,13.45,-0.05,5
2021-05-21,4413,4000,53250,13.55,13.55,13.1,13.5,0.05,3
2021-05-24,4413,9000,120600,13.65,13.65,13.05,13.5,0.0,9
2021-05-25,4413,13000,172050,13.65,13.65,13.05,13.05,-0.45,10
2021-05-26,4413,39001,515863,13.3,13.35,13.05,13.25,0.2,28
2021-05-27,4413,15000,196350,13.4,13.4,13.0,13.15,-0.1,11
2021-05-28,4413,14001,183713,13.25,13.25,13.05,13.1,-0.05,14
2021-05-31,4413,17000,220850,13.2,13.2,12.9,13.0,-0.1,11
2021-06-01,4413,17000,223650,13.1,13.6,13.0,13.35,0.35,14
2021-06-02,4413,22000,290300,13.6,13.6,13.05,13.2,-0.15,15
2021-06-03,4413,22000,290450,13.2,13.35,13.1,13.15,-0.05,14
2021-06-04,4413,192000,2727750,13.35,14.45,13.35,14.45,1.3,104
2021-06-07,4413,92003,1288293,14.45,14.45,13.7,13.75,-0.7,58
2021-06-08,4413,16002,217130,13.7,13.7,13.45,13.7,-0.05,15
2021-06-09,4413,7000,94250,13.6,13.6,13.3,13.45,-0.25,7
2021-06-10,4413,27000,355450,13.2,13.4,13.05,13.1,-0.35,22
2021-06-11,4413,25000,327650,13.35,13.35,12.9,13.15,0.05,17
2021-06-15,4413,23000,305100,13.3,13.4,13.1,13.35,0.2,14
2021-06-16,4413,8000,106800,13.5,13.5,13.2,13.3,-0.05,7
2021-06-17,4413,2000,26450,13.25,13.25,13.2,13.2,-0.1,2
2021-06-18,4413,5010,65732,13.35,13.35,13.0,13.25,0.05,6
2021-06-21,4413,10000,131350,13.3,13.35,12.95,13.2,-0.05,9
2021-06-22,4413,3000,39800,13.2,13.35,13.2,13.25,0.05,3
2021-06-23,4413,5000,65850,13.35,13.35,13.0,13.25,0.0,5
2021-06-24,4413,9000,118850,13.3,13.35,13.1,13.1,-0.15,8
2021-06-25,4413,16000,209100,13.3,13.3,12.95,13.1,0.0,12
2021-06-28,4413,11023,141988,13.35,13.35,12.55,12.55,-0.55,12
2021-06-29,4413,7000,89700,12.9,12.9,12.8,12.8,0.25,6
2021-06-30,4413,33170,428932,13.15,13.15,12.85,13.0,0.2,19
2021-07-01,4413,11000,142850,13.2,13.2,12.8,13.1,0.1,10
2021-07-02,4413,40144,549599,13.35,14.3,13.35,13.5,0.4,28
2021-07-05,4413,24000,316900,13.75,13.75,13.05,13.35,-0.15,19
2021-07-06,4413,2800,37100,13.5,13.5,13.4,13.4,0.05,4
2021-07-07,4413,5019,65693,13.45,13.45,13.0,13.0,-0.4,7
2021-07-08,4413,16020,207760,13.45,13.45,12.75,13.0,0.0,14
2021-07-09,4413,13000,167750,13.05,13.05,12.85,12.95,-0.05,11
2021-07-12,4413,34000,431600,13.3,13.3,12.55,12.9,-0.05,17
2021-07-13,4413,12000,153200,12.95,12.95,12.6,12.85,-0.05,10
2021-07-14,4413,2025,25920,12.8,12.8,12.8,12.8,-0.05,3
2021-07-15,4413,6000,77850,12.8,13.2,12.7,13.0,0.2,6
2021-07-16,4413,19000,243700,13.25,13.25,12.65,13.1,0.1,13
2021-07-19,4413,2064,26937,13.05,13.05,13.05,13.05,-0.05,4
2021-07-20,4413,14000,180500,13.0,13.05,12.65,12.9,-0.15,11
2021-07-21,4413,10000,127350,12.6,13.0,12.6,12.8,-0.1,7
2021-07-22,4413,2000,25950,13.0,13.0,12.95,12.95,0.15,2
2021-07-23,4413,2000,25850,12.9,12.95,12.9,12.95,0.0,2
2021-07-26,4413,3000,39250,13.1,13.1,13.05,13.05,0.1,3
2021-07-27,4413,18000,229950,13.2,13.2,12.6,12.9,-0.15,13
2021-07-28,4413,21000,265650,13.0,13.0,12.55,12.85,-0.05,14
2021-07-29,4413,1000,13050,13.05,13.05,13.05,13.05,0.2,1
2021-07-30,4413,2000,25800,12.9,12.9,12.9,12.9,-0.15,1
2021-08-02,4413,14000,174550,12.3,12.8,12.3,12.75,-0.15,9
2021-08-03,4413,6000,75250,12.5,12.65,12.45,12.5,-0.25,6
2021-08-04,4413,28700,356270,12.55,12.55,12.35,12.5,0.0,16
2021-08-05,4413,11700,145980,12.5,12.65,12.35,12.65,0.15,11
2021-08-06,4413,27278,337619,12.35,12.55,12.25,12.55,-0.1,18
2021-08-09,4413,20000,244900,12.5,12.5,12.15,12.4,-0.15,10
2021-08-10,4413,4000,49350,12.35,12.35,12.3,12.3,-0.1,4
2021-08-11,4413,21450,258274,12.15,12.25,11.85,12.1,-0.2,19
2021-08-12,4413,6020,72288,12.1,12.1,12.05,12.1,0.0,10
2021-08-13,4413,6748,82095,12.15,12.15,12.05,12.05,-0.05,11
2021-08-16,4413,7004,83447,12.2,12.2,11.8,11.95,-0.1,8
2021-08-17,4413,5000,59400,11.9,11.9,11.8,11.9,-0.05,5
2021-08-18,4413,17000,197850,11.8,11.8,11.2,11.8,-0.1,12
2021-08-19,4413,16001,186361,11.75,11.75,11.45,11.7,-0.1,15
2021-08-20,4413,43000,498800,11.85,11.85,11.45,11.8,0.1,22
2021-08-23,4413,4000,47000,11.75,11.75,11.75,11.75,-0.05,4
2021-08-24,4413,5275,61215,11.65,11.65,11.45,11.65,-0.1,8
2021-08-25,4413,8000,93000,11.8,11.8,11.5,11.7,0.05,8
2021-08-26,4413,37020,433987,11.7,11.85,11.65,11.85,0.15,21
2021-08-27,4413,11000,131050,11.9,12.05,11.85,11.9,0.05,7
2021-08-30,4413,4001,48361,12.15,12.15,12.05,12.1,0.2,4
2021-08-31,4413,1000,12050,12.05,12.05,12.05,12.05,-0.05,1
2021-09-01,4413,6823,81528,12.15,12.15,11.75,12.05,0.0,10
2021-09-02,4413,4075,49323,12.3,12.3,12.0,12.05,0.0,6
2021-09-03,4413,233270,3023680,12.2,13.25,12.1,13.25,1.2,127
2021-09-06,4413,128044,1579154,13.05,13.15,11.95,12.25,-1.0,82
2021-09-07,4413,25000,297400,11.9,12.1,11.75,11.8,-0.45,22
2021-09-08,4413,8016,94991,11.75,11.95,11.75,11.85,0.05,9
2021-09-09,4413,10000,119000,11.9,11.95,11.85,11.95,0.1,7
2021-09-10,4413,25000,301950,12.0,12.15,12.0,12.15,0.2,19
2021-09-13,4413,10000,122450,12.25,12.3,12.2,12.2,0.05,8
2021-09-14,4413,19000,229300,12.2,12.2,11.95,12.05,-0.15,13
2021-09-15,4413,20000,239050,12.15,12.15,11.9,12.0,-0.05,9
2021-09-16,4413,14036,167530,12.15,12.15,11.8,12.05,0.05,14
2021-09-17,4413,13000,154300,12.1,12.1,11.7,11.95,-0.1,10
2021-09-22,4413,23000,266450,11.9,11.9,11.5,11.8,-0.15,16
2021-09-23,4413,14015,164474,11.95,11.95,11.6,11.85,0.05,11
2021-09-24,4413,13000,153050,12.1,12.1,11.7,12.0,0.15,7
2021-09-27,4413,9000,108650,12.05,12.15,12.0,12.15,0.15,9
2021-09-28,4413,21000,252250,12.2,12.25,11.8,12.25,0.1,8
2021-09-29,4413,10000,118400,12.05,12.05,11.7,11.9,-0.35,10
2021-09-30,4413,11000,129850,12.05,12.05,11.7,12.0,0.1,7
2021-10-01,4413,47000,563450,11.95,12.15,11.75,12.0,0.0,26
2021-10-04,4413,14000,165700,12.05,12.05,11.7,11.95,-0.05,10
2021-10-05,4413,13000,151800,11.65,11.8,11.6,11.8,-0.15,6
2021-10-06,4413,30000,346250,11.85,11.85,11.35,11.75,-0.05,17
2021-10-07,4413,30000,344400,11.75,11.75,11.35,11.6,-0.15,20
2021-10-08,4413,10000,114750,11.35,11.65,11.35,11.65,0.05,10
2021-10-12,4413,7000,80800,11.65,11.65,11.5,11.55,-0.1,6
2021-10-13,4413,8001,91312,11.6,11.6,11.35,11.6,0.05,5
2021-10-14,4413,78000,944850,11.55,12.75,11.35,11.95,0.35,32
2021-10-15,4413,4000,47750,12.05,12.05,11.7,11.7,-0.25,3
2021-10-18,4413,89013,1047259,11.7,12.75,11.45,12.6,0.9,29
2021-10-19,4413,40000,486950,12.25,12.25,11.75,12.15,-0.45,14
2021-10-20,4413,10040,120486,12.1,12.15,11.8,12.0,-0.15,10
2021-10-21,4413,10000,119150,12.0,12.05,11.8,11.95,-0.05,8
2021-10-22,4413,100000,1245350,11.95,13.1,11.95,12.65,0.7,44
2021-10-25,4413,30007,366186,12.2,12.6,12.1,12.35,-0.3,25
2021-10-26,4413,16015,192930,12.0,12.25,12.0,12.15,-0.2,12
2021-10-27,4413,2000,24450,12.25,12.25,12.2,12.2,0.05,2
2021-10-28,4413,15000,179350,12.25,12.25,11.85,12.1,-0.1,12
2021-10-29,4413,1000,12150,12.15,12.15,12.15,12.15,0.05,1
2021-11-01,4413,18000,215600,12.2,12.2,11.85,12.15,0.0,13
2021-11-02,4413,46001,536061,12.3,12.3,11.3,11.85,-0.3,30
2021-11-03,4413,87000,997400,11.75,11.75,11.35,11.5,-0.35,50
2021-11-04,4413,23000,264950,11.55,11.6,11.45,11.55,0.05,19
2021-11-05,4413,28060,324179,11.65,11.65,11.4,11.6,0.05,23
2021-11-08,4413,7525,87011,11.7,11.75,11.4,11.65,0.05,8
2021-11-09,4413,5111,59588,11.65,11.7,11.65,11.65,0.0,7
2021-11-10,4413,28048,331768,11.75,12.0,11.65,11.95,0.3,21
2021-11-11,4413,12500,148474,12.0,12.05,11.75,11.9,-0.05,15
2021-11-12,4413,10005,117458,11.95,11.95,11.65,11.65,-0.25,10
2021-11-15,4413,19000,222800,11.75,11.8,11.65,11.75,0.1,15
2021-11-16,4413,69200,838090,11.9,12.25,11.9,12.05,0.3,23
2021-11-17,4413,43112,520838,12.1,12.2,11.85,12.15,0.1,30
2021-11-18,4413,18000,218550,12.2,12.2,11.8,12.1,-0.05,14
2021-11-19,4413,10000,119100,12.15,12.15,11.8,12.05,-0.05,10
2021-11-22,4413,17001,204762,12.0,12.15,11.85,12.05,0.0,12
2021-11-23,4413,6001,71712,12.05,12.05,11.8,12.05,0.0,6
2021-11-24,4413,23001,269012,12.1,12.1,11.6,12.0,-0.05,12
2021-11-25,4413,30001,351562,11.95,11.95,11.6,11.9,-0.1,19
2021-11-26,4413,14001,164511,11.65,12.05,11.6,11.95,0.05,8
2021-11-29,4413,29001,335811,11.85,11.85,11.5,11.7,-0.25,11
2021-11-30,4413,24000,278200,11.85,11.85,11.5,11.75,0.05,17
2021-12-01,4413,22001,252761,11.75,11.75,11.4,11.75,0.0,14
2021-12-02,4413,31429,359811,11.6,11.65,11.35,11.65,-0.1,23
2021-12-03,4413,17203,198094,11.65,11.7,11.4,11.65,0.0,13
2021-12-06,4413,11000,126450,11.7,11.7,11.4,11.65,0.0,7
2021-12-07,4413,3025,35088,11.7,11.7,11.45,11.65,0.0,4
2021-12-08,4413,13000,151750,11.65,11.7,11.6,11.7,0.05,11
2021-12-09,4413,19090,219944,11.6,11.6,11.45,11.6,-0.1,12
2021-12-10,4413,19000,220400,11.6,11.65,11.5,11.6,0.0,12
2021-12-13,4413,20266,234783,11.7,11.7,11.55,11.6,0.0,15
2021-12-14,4413,24030,275140,11.55,11.6,11.35,11.55,-0.05,12
2021-12-15,4413,49000,564350,11.55,11.6,11.4,11.6,0.05,17
2021-12-16,4413,11681,136033,11.65,11.7,11.6,11.7,0.1,12
2021-12-17,4413,17020,200689,11.8,11.9,11.5,11.85,0.15,14
2021-12-20,4413,18043,213813,11.85,11.9,11.8,11.85,0.0,11
2021-12-21,4413,7324,85492,11.75,11.85,11.75,11.85,0.0,8
2021-12-22,4413,38176,442141,11.85,11.85,11.5,11.75,-0.1,18
2021-12-23,4413,6071,70962,11.75,11.75,11.6,11.7,-0.05,6
2021-12-24,4413,24000,278950,11.7,11.75,11.5,11.7,0.0,15
2021-12-27,4413,21214,247560,11.7,11.75,11.55,11.7,0.0,15
2021-12-28,4413,18000,207700,11.75,11.75,11.45,11.65,-0.05,14
2021-12-29,4413,21084,246032,11.7,11.85,11.55,11.7,0.05,12
2021-12-30,4413,20000,229600,11.85,11.85,11.35,11.65,-0.05,13
2022-01-03,4413,31000,356500,11.5,11.65,11.4,11.6,-0.05,20
2022-01-04,4413,38561,449689,11.65,11.85,11.6,11.85,0.25,24
2022-01-05,4413,20330,237193,11.9,11.9,11.55,11.75,-0.1,18
2022-01-06,4413,17000,196500,11.75,11.75,11.5,11.65,-0.1,10
2022-01-07,4413,14850,171018,11.5,11.6,11.45,11.55,-0.1,14
2022-01-10,4413,8000,91050,11.35,11.55,11.35,11.55,0.0,5
2022-01-11,4413,3000,34700,11.55,11.6,11.55,11.6,0.05,3
2022-01-12,4413,17000,193550,11.55,11.55,11.35,11.5,-0.1,10
2022-01-13,4413,12000,137800,11.5,11.55,11.4,11.55,0.05,8
2022-01-14,4413,64090,712967,11.4,11.55,10.9,11.4,-0.15,31
2022-01-17,4413,13933,160134,11.35,11.6,11.35,11.6,0.2,13
2022-01-18,4413,9000,102050,11.45,11.5,11.15,11.5,-0.1,8
2022-01-19,4413,12150,136000,11.35,11.35,11.15,11.35,-0.15,10
2022-01-20,4413,2000,22600,11.4,11.4,11.2,11.2,-0.15,2
2022-01-21,4413,12000,134900,11.25,11.3,11.2,11.2,0.0,8
2022-01-24,4413,2225,24975,11.25,11.25,11.25,11.25,0.05,4
2022-01-25,4413,3040,34200,11.25,11.25,11.25,11.25,0.0,4
2022-01-26,4413,2000,22700,11.35,11.35,11.35,11.35,0.1,2
2022-02-07,4413,2018,23163,11.5,11.5,11.45,11.45,0.1,4
2022-02-08,4413,2000,23100,11.55,11.55,11.55,11.55,0.1,2
2022-02-09,4413,1000,11550,11.55,11.55,11.55,11.55,0.0,1
2022-02-10,4413,1000,11500,11.5,11.5,11.5,11.5,-0.05,1
2022-02-11,4413,10000,112500,11.55,11.55,11.15,11.45,-0.05,8
2022-02-14,4413,1030,11780,11.45,11.45,11.45,11.45,0.0,2
2022-02-15,4413,12000,133800,11.35,11.35,11.05,11.1,-0.35,9
2022-02-16,4413,18499,207488,11.35,11.35,11.2,11.2,0.1,11
2022-02-17,4413,45200,498100,11.2,11.25,11.0,11.15,-0.05,22
2022-02-18,4413,61000,663200,11.15,11.15,10.8,11.05,-0.1,16
2022-02-21,4413,7045,77442,11.1,11.1,10.85,11.05,0.0,9
2022-02-22,4413,385920,4647572,11.2,12.15,11.2,12.15,1.1,156
2022-02-23,4413,257945,2979381,11.9,11.9,11.2,11.5,-0.65,137
2022-02-24,4413,120119,1324458,11.1,11.25,10.85,10.95,-0.55,73
2022-02-25,4413,38000,419600,10.9,11.2,10.9,11.1,0.15,27
2022-03-01,4413,28099,311438,11.1,11.15,10.9,11.15,0.05,17
2022-03-02,4413,23070,256334,11.2,11.25,11.0,11.25,0.1,13
2022-03-03,4413,5000,55900,11.1,11.2,11.1,11.2,-0.05,4
2022-03-04,4413,12000,132650,11.2,11.2,10.9,11.05,-0.15,9
2022-03-07,4413,89012,1007741,11.1,11.5,11.05,11.5,0.45,66
2022-03-08,4413,55001,617260,11.5,11.5,11.1,11.4,-0.1,27
2022-03-09,4413,3000,34100,11.4,11.4,11.35,11.35,-0.05,2
2022-03-10,4413,4000,45750,11.55,11.55,11.4,11.4,0.05,3
2022-03-11,4413,2000,22700,11.35,11.35,11.35,11.35,-0.05,2
2022-03-14,4413,7000,80000,11.4,11.45,11.4,11.45,0.1,6
2022-03-15,4413,7325,82790,11.45,11.45,11.1,11.45,0.0,8
2022-03-16,4413,33051,377236,11.4,11.45,11.3,11.45,0.0,22
2022-03-17,4413,74750,864937,11.55,11.65,11.45,11.6,0.15,40
2022-03-18,4413,24055,276038,11.65,11.65,11.35,11.55,-0.05,18
2022-03-21,4413,6000,69250,11.65,11.65,11.5,11.5,-0.05,4
2022-03-22,4413,28093,322519,11.55,11.55,11.35,11.55,0.05,13
2022-03-23,4413,95808,1139977,11.55,12.65,11.55,12.0,0.45,54
2022-03-24,4413,76000,933250,12.9,12.9,11.8,11.85,-0.15,40
2022-03-25,4413,11800,140139,12.25,12.25,11.7,11.9,0.05,11
2022-03-28,4413,11000,132100,12.05,12.05,12.0,12.0,0.1,9
2022-03-29,4413,35000,415700,12.25,12.25,11.8,11.95,-0.05,13
2022-03-30,4413,45797,532952,12.0,12.0,11.55,11.55,-0.4,23
2022-03-31,4413,39012,446635,11.55,11.55,11.4,11.4,-0.15,22
2022-04-01,4413,32000,361500,11.2,11.45,11.2,11.45,0.05,19
2022-04-06,4413,20020,227875,11.45,11.45,11.35,11.45,0.0,13
2022-04-07,4413,34050,384152,11.45,11.45,11.2,11.2,-0.25,18
2022-04-08,4413,11001,124711,11.3,11.4,11.3,11.4,0.2,10
2022-04-11,4413,77178,891772,11.55,11.65,11.35,11.6,0.2,42
2022-04-12,4413,555010,7031526,11.8,12.75,11.8,12.75,1.15,218
2022-04-13,4413,349827,4247964,12.2,12.5,11.75,12.5,-0.25,165
2022-04-14,4413,101000,1243650,12.55,12.6,12.2,12.3,-0.2,58
2022-04-15,4413,116019,1393983,12.2,12.2,11.85,12.05,-0.25,60
2022-04-18,4413,27099,323118,12.05,12.1,11.85,12.0,-0.05,23
2022-04-19,4413,44008,536796,12.05,12.25,12.05,12.15,0.15,29
2022-04-20,4413,62224,751093,12.3,12.3,11.95,12.0,-0.15,28
2022-04-21,4413,10000,120300,12.2,12.2,11.95,12.15,0.15,9
2022-04-22,4413,28001,337312,12.1,12.15,11.95,12.1,-0.05,14
2022-04-25,4413,9000,106800,11.85,12.0,11.85,12.0,-0.1,8
2022-04-26,4413,11000,133150,12.15,12.15,12.1,12.1,0.1,2
2022-04-27,4413,21045,246469,11.95,11.95,11.65,11.65,-0.45,11
2022-04-28,4413,36301,425520,11.7,11.9,11.65,11.9,0.25,24
2022-04-29,4413,15056,178312,12.05,12.05,11.8,11.95,0.05,8
2022-05-03,4413,15000,178000,11.95,12.0,11.65,12.0,0.05,5
2022-05-04,4413,13000,154200,12.0,12.15,11.75,12.0,0.0,6
2022-05-05,4413,21000,248250,12.05,12.05,11.7,11.95,-0.05,12
2022-05-06,4413,17000,199850,11.8,11.9,11.7,11.9,-0.05,8
2022-05-09,4413,18100,214350,11.5,11.9,11.5,11.9,0.0,11
2022-05-10,4413,321800,4182336,12.3,13.05,12.25,13.05,1.15,147
2022-05-11,4413,312179,4342366,13.5,14.35,13.45,14.35,1.3,148
2022-05-12,4413,1030910,16074976,15.0,15.75,14.95,15.75,1.4,419
2022-05-13,4413,610053,9186964,16.8,16.8,14.2,15.1,-0.65,358
2022-05-16,4413,395227,5486283,14.7,14.95,13.6,13.65,-1.45,232
2022-05-17,4413,294326,4049636,13.2,14.35,13.1,13.9,0.25,168
2022-05-18,4413,230002,3153077,13.85,14.45,13.45,13.45,-0.45,130
2022-05-19,4413,274252,3855336,13.1,14.75,13.1,14.75,1.3,164
2022-05-20,4413,349660,5664489,16.2,16.2,16.2,16.2,1.45,119
2022-05-23,4413,667387,11388125,16.8,17.8,15.8,17.8,1.6,403
2022-05-24,4413,579877,9503780,17.3,17.35,16.05,16.3,-1.5,375
2022-05-25,4413,266705,4253993,15.85,16.65,15.5,16.3,0.0,202
2022-05-26,4413,184902,2964042,16.45,16.45,15.8,16.15,-0.15,124
2022-05-27,4413,157180,2469807,16.15,16.15,15.35,15.7,-0.45,93
2022-05-30,4413,469786,7964306,15.65,17.25,15.65,17.25,1.55,290
2022-05-31,4413,266352,4474213,17.25,17.5,16.4,16.6,-0.65,177
2022-06-01,4413,533360,9536572,16.55,18.25,16.55,18.25,1.65,306
2022-06-02,4413,327401,5642104,17.25,17.8,16.9,17.45,-0.8,187
2022-06-06,4413,168223,2848109,17.45,17.45,16.55,16.95,-0.5,105
2022-06-07,4413,138452,2387705,17.1,17.55,17.0,17.1,0.15,96
2022-06-08,4413,92020,1541191,17.15,17.25,16.4,16.65,-0.45,61
2022-06-09,4413,261970,4062190,15.55,15.95,15.3,15.4,-1.25,152
2022-06-10,4413,125513,1891446,15.35,15.45,14.75,15.15,-0.25,79
2022-06-13,4413,162010,2407950,15.0,15.1,14.4,14.9,-0.25,64
2022-06-14,4413,53167,762422,14.9,14.9,14.2,14.55,-0.35,33
2022-06-15,4413,58250,855290,14.75,14.8,14.55,14.6,0.05,35
2022-06-16,4413,100614,1430690,14.45,14.85,14.0,14.15,-0.45,67
2022-06-17,4413,59069,818676,14.05,14.05,13.55,14.05,-0.1,26
2022-06-20,4413,120250,1765293,14.2,15.05,14.2,14.4,0.35,89
2022-06-21,4413,145593,2157447,14.5,15.3,14.3,15.2,0.8,79
2022-06-22,4413,112310,1694525,15.0,15.3,14.9,15.15,-0.05,68
2022-06-23,4413,57108,868336,15.25,15.55,14.95,15.15,0.0,34
2022-06-24,4413,88160,1341178,15.25,15.45,15.05,15.2,0.05,40
2022-06-27,4413,52000,798450,15.3,15.55,15.1,15.5,0.3,27
2022-06-28,4413,18150,277187,15.5,15.5,15.2,15.25,-0.25,13
2022-06-29,4413,51085,777125,15.35,15.35,15.05,15.25,0.0,26
2022-06-30,4413,45146,678927,15.2,15.2,14.9,15.05,-0.2,32
2022-07-01,4413,87200,1294429,15.0,15.25,14.5,14.85,-0.2,51
2022-07-04,4413,47000,690700,14.75,14.95,14.6,14.7,-0.15,29
2022-07-05,4413,15010,221496,14.7,14.8,14.7,14.8,0.1,12
2022-07-06,4413,27000,400350,14.6,14.9,14.6,14.75,-0.05,19
2022-07-07,4413,9000,132600,15.0,15.0,14.6,14.8,0.05,8
2022-07-08,4413,10400,153085,14.95,14.95,14.55,14.8,0.0,10
2022-07-11,4413,166002,2588480,15.6,15.8,15.25,15.7,0.9,101
2022-07-12,4413,88030,1349120,15.7,15.7,15.1,15.4,-0.3,65
2022-07-13,4413,68649,1065495,15.6,15.65,15.35,15.6,0.2,50
2022-07-14,4413,426157,7196488,15.55,17.15,15.5,17.15,1.55,255
2022-07-15,4413,355595,6159380,17.15,17.8,17.1,17.25,0.1,249
2022-07-18,4413,493490,8788435,17.45,18.95,17.25,18.5,1.25,341
2022-07-19,4413,168377,3040310,18.0,18.5,17.7,18.05,-0.45,157
2022-07-20,4413,232783,4168813,18.3,18.3,17.7,17.8,-0.25,135
2022-07-21,4413,213101,3712917,17.95,18.0,17.05,17.3,-0.5,133
2022-07-22,4413,60225,1039791,17.55,17.55,17.1,17.35,0.05,49
2022-07-25,4413,89323,1533480,17.25,17.65,16.85,17.65,0.3,75
2022-07-26,4413,277462,5262313,17.55,19.4,17.45,19.35,1.7,191
2022-07-27,4413,194329,3736544,19.35,20.15,18.7,19.2,-0.15,168
2022-07-28,4413,200100,3776544,19.8,20.0,18.0,18.8,-0.4,118
2022-07-29,4413,85221,1568750,18.25,18.8,18.25,18.45,-0.35,54
2022-08-01,4413,98351,1886940,18.45,19.9,18.35,19.5,1.05,93
2022-08-02,4413,190848,3850627,19.65,20.8,19.15,20.2,0.7,171
2022-08-03,4413,339158,7169663,20.8,21.75,20.4,21.75,1.55,224
2022-08-04,4413,181637,3651228,21.5,21.5,19.6,20.1,-1.65,146
2022-08-05,4413,81010,1647954,20.2,21.0,19.65,21.0,0.9,66
2022-08-08,4413,196355,4308972,22.6,22.6,21.0,21.4,0.4,135
2022-08-09,4413,124241,2526688,21.55,21.75,19.6,20.55,-0.85,78
2022-08-10,4413,107300,2284974,20.9,21.7,20.85,21.5,0.95,96
2022-08-11,4413,264291,6087003,21.5,23.65,21.5,23.65,2.15,122
2022-08-12,4413,472214,12203764,25.0,26.0,24.85,26.0,2.35,292
2022-08-15,4413,353049,9615170,26.9,28.6,25.3,28.6,2.6,259
2022-08-16,4413,330224,9934860,29.25,31.0,27.85,31.0,2.4,259
2022-08-17,4413,297840,8802706,31.3,31.4,28.55,29.9,-1.1,240
2022-08-18,4413,155764,4713970,31.05,31.05,29.0,30.75,0.85,133
2022-08-19,4413,144870,4391713,30.75,30.8,29.95,30.3,-0.45,133
2022-08-22,4413,98975,2873863,30.15,30.15,28.55,29.45,-0.85,80
2022-08-23,4413,81951,2455248,29.25,30.6,29.25,29.7,0.25,75
2022-08-24,4413,83302,2477006,29.95,30.2,29.15,29.5,-0.2,60
2022-08-25,4413,112311,3367765,29.9,30.4,29.05,30.35,0.85,88
2022-08-26,4413,74300,2223836,30.5,30.5,29.3,29.7,-0.65,67
2022-08-29,4413,239057,6459107,27.5,27.55,26.75,26.8,-2.9,163
2022-08-30,4413,109284,2884710,25.5,26.9,25.5,26.85,0.05,80
2022-08-31,4413,137205,3633841,25.9,27.0,25.9,27.0,0.15,100
2022-09-01,4413,1333757,39252276,27.2,29.7,27.2,29.7,2.7,545
2022-09-02,4413,1406011,40495093,31.0,31.2,26.75,26.75,-2.95,987
2022-09-05,4413,446535,11086334,26.2,26.5,24.1,24.1,-2.65,305
2022-09-06,4413,339234,8011217,23.85,24.6,22.85,23.0,-1.1,268
2022-09-07,4413,128604,2976192,22.7,23.8,22.4,23.35,0.35,118
2022-09-08,4413,139150,3296166,23.6,24.0,23.4,23.7,0.35,99
2022-09-12,4413,97768,2248978,23.2,23.3,22.75,22.85,-0.85,90
2022-09-13,4413,337030,8150772,22.85,25.05,22.75,24.35,1.5,226
2022-09-14,4413,166024,3858811,23.5,23.7,23.0,23.4,-0.95,127
2022-09-15,4413,70171,1649251,23.8,23.9,23.25,23.25,-0.15,63
2022-09-16,4413,33421,767998,23.25,23.25,22.85,22.9,-0.35,35
2022-09-19,4413,32141,729877,23.15,23.15,22.5,22.5,-0.4,33
2022-09-20,4413,57045,1264067,22.85,22.85,21.7,22.05,-0.45,55
2022-09-21,4413,16023,354856,22.2,22.7,22.0,22.0,-0.05,13
2022-09-22,4413,48051,1056665,22.15,22.15,21.8,21.8,-0.2,35
2022-09-23,4413,43070,917684,21.85,21.95,20.9,21.0,-0.8,35
2022-09-26,4413,106445,2060448,21.0,21.0,18.9,18.9,-2.1,89
2022-09-27,4413,133220,2465439,19.15,19.15,18.05,18.55,-0.35,109
2022-09-28,4413,319857,5459808,17.95,18.25,16.7,16.7,-1.85,183
2022-09-29,4413,319561,5140842,16.0,17.05,15.55,16.1,-0.6,227
2022-09-30,4413,225009,3865703,16.1,17.7,16.1,17.7,1.6,161
2022-10-03,4413,399741,7650130,18.55,19.45,18.55,19.45,1.75,265
2022-10-04,4413,661648,12849033,20.4,20.95,18.65,18.85,-0.6,458
2022-10-05,4413,175156,3238666,18.8,19.05,18.05,18.2,-0.65,128
2022-10-06,4413,114488,2031477,18.35,18.4,17.4,17.5,-0.7,89
2022-10-07,4413,296502,4944918,17.65,17.75,16.2,16.45,-1.05,216
2022-10-11,4413,287166,4425695,16.3,16.3,14.85,15.05,-1.4,144
2022-10-12,4413,179105,2674884,15.0,15.35,14.4,15.15,0.1,142
2022-10-13,4413,151056,2172823,15.2,15.25,13.75,14.0,-1.15,100
2022-10-14,4413,263075,3933368,14.65,15.4,14.45,14.7,0.7,195
2022-10-17,4413,132091,1876869,14.3,14.5,13.95,14.25,-0.45,98
2022-10-18,4413,127051,1868592,14.5,14.95,14.5,14.55,0.3,88
2022-10-19,4413,61000,896200,14.75,14.85,14.55,14.6,0.05,45
2022-10-20,4413,46001,667514,14.55,14.65,14.4,14.55,-0.05,43
2022-10-21,4413,33036,468361,14.55,14.55,14.0,14.1,-0.45,32
2022-10-24,4413,131031,1947099,14.5,15.3,14.4,14.4,0.3,82
2022-10-25,4413,63038,889097,14.65,14.65,13.9,14.05,-0.35,50
2022-10-26,4413,41000,573600,14.25,14.25,13.8,13.95,-0.1,37
2022-10-27,4413,32021,459750,14.4,14.55,13.95,14.55,0.6,26
2022-10-28,4413,22000,310600,14.45,14.45,14.05,14.1,-0.45,18
2022-10-31,4413,56014,798796,14.3,14.5,14.15,14.2,0.1,49
2022-11-01,4413,147001,2182164,14.35,15.3,14.15,14.8,0.6,118
2022-11-02,4413,168127,2546963,14.95,15.35,14.95,15.2,0.4,106
2022-11-03,4413,365918,5945633,15.45,16.7,15.05,16.7,1.5,203
2022-11-04,4413,569198,9505816,16.9,17.2,16.2,16.45,-0.25,350
2022-11-07,4413,262001,4299868,16.45,17.0,15.9,16.3,-0.15,171
2022-11-08,4413,145160,2399170,16.35,16.8,16.2,16.55,0.25,114
2022-11-09,4413,114200,1902520,17.0,17.0,16.4,16.4,-0.15,78
2022-11-10,4413,68000,1095650,16.55,16.55,16.0,16.0,-0.4,45
2022-11-11,4413,68000,1105600,16.3,16.4,16.05,16.2,0.2,43
2022-11-14,4413,170000,2735850,15.85,16.45,15.85,16.45,0.25,119
2022-11-15,4413,710904,12701666,16.95,18.05,16.95,18.05,1.6,309
2022-11-16,4413,863188,16074260,18.65,19.2,18.3,18.3,0.25,533
2022-11-17,4413,223065,4076667,18.3,18.75,17.8,18.7,0.4,158
2022-11-18,4413,322168,6141033,19.0,19.75,18.5,19.25,0.55,195
2022-11-21,4413,249602,4840763,19.85,19.85,18.95,19.5,0.25,157
2022-11-22,4413,179045,3438070,19.7,19.7,18.8,18.9,-0.6,102
2022-11-23,4413,74020,1417400,18.95,19.5,18.65,18.65,-0.25,51
2022-11-24,4413,131031,2392268,18.65,18.65,18.1,18.2,-0.45,80
2022-11-25,4413,51055,927750,18.25,18.25,18.1,18.25,0.05,47
2022-11-28,4413,129804,2339773,18.05,18.5,17.7,18.1,-0.15,88
2022-11-29,4413,116873,2154868,18.15,18.95,18.1,18.45,0.35,89
2022-11-30,4413,95377,1759284,18.6,18.7,18.3,18.4,-0.05,56
2022-12-01,4413,73020,1340017,18.6,18.6,18.2,18.35,-0.05,50
2022-12-02,4413,74000,1366500,18.35,18.65,18.3,18.45,0.1,42
2022-12-05,4413,251112,4824915,18.5,20.0,18.5,18.9,0.45,169
2022-12-06,4413,105050,1974972,18.7,19.3,18.5,18.6,-0.3,83
2022-12-07,4413,99000,1796850,18.75,18.75,18.0,18.1,-0.5,67
2022-12-08,4413,31409,566912,18.1,18.15,17.9,18.1,0.0,31
2022-12-09,4413,42100,764816,18.25,18.35,18.0,18.15,0.05,44
2022-12-12,4413,119043,2036428,18.15,18.15,16.6,16.6,-1.55,102
2022-12-13,4413,53052,868254,16.7,16.7,16.25,16.25,-0.35,47
2022-12-14,4413,44106,720239,16.35,16.45,16.25,16.35,0.1,31
2022-12-15,4413,46000,757900,16.45,16.55,16.35,16.55,0.2,38
2022-12-16,4413,47500,768851,16.45,16.45,15.85,16.3,-0.25,36
2022-12-19,4413,22498,366767,16.6,16.6,16.2,16.25,-0.05,19
2022-12-20,4413,58035,947863,16.4,16.65,15.9,16.1,-0.15,34
2022-12-21,4413,34000,552150,16.25,16.45,16.1,16.25,0.15,21
2022-12-22,4413,31000,502700,16.45,16.5,16.1,16.25,0.0,24
2022-12-23,4413,5000,81000,16.25,16.25,16.1,16.1,-0.15,5
2022-12-26,4413,3000,49100,16.4,16.4,16.35,16.35,0.25,3
2022-12-27,4413,10000,163350,16.4,16.4,16.2,16.3,-0.05,7
2022-12-28,4413,14543,234879,16.4,16.4,16.0,16.15,-0.15,18
2022-12-29,4413,3001,47716,15.6,16.1,15.6,16.0,-0.15,4
2022-12-30,4413,12069,193804,16.35,16.35,16.0,16.2,0.2,9
2023-01-03,4413,7001,112516,16.3,16.3,16.0,16.0,-0.2,8
2023-01-04,4413,11001,176765,16.25,16.25,16.0,16.1,0.1,8
2023-01-05,4413,20030,322283,16.35,16.35,15.9,16.15,0.05,12
2023-01-06,4413,16034,254336,16.2,16.2,15.8,15.8,-0.35,12
2023-01-09,4413,45025,721943,16.3,16.3,15.85,16.1,0.3,38
2023-01-10,4413,10025,161603,16.25,16.25,16.05,16.2,0.1,11
2023-01-11,4413,38096,616054,16.45,16.45,16.05,16.25,0.05,33
2023-01-12,4413,29030,467484,16.2,16.2,16.0,16.1,-0.15,21
2023-01-13,4413,17000,272200,16.15,16.15,15.9,16.1,0.0,13
2023-01-16,4413,8109,130494,16.25,16.25,15.9,16.15,0.05,9
2023-01-17,4413,12026,193842,16.2,16.2,15.85,16.2,0.05,13
2023-01-30,4413,8020,129873,16.25,16.3,16.1,16.2,0.0,8
2023-01-31,4413,23000,373700,16.2,16.4,16.2,16.3,0.1,15
2023-02-01,4413,38005,620081,16.4,16.5,16.2,16.3,0.0,32
2023-02-02,4413,153505,2630223,16.4,17.85,16.3,16.8,0.5,110
2023-02-03,4413,75125,1274462,16.95,17.3,16.75,16.85,0.05,55
2023-02-06,4413,7000,117250,16.55,16.8,16.55,16.8,-0.05,5
2023-02-07,4413,14091,238478,17.0,17.0,16.8,17.0,0.2,14
2023-02-08,4413,28112,476464,16.8,17.15,16.75,16.75,-0.25,27
2023-02-09,4413,28580,481370,16.85,17.15,16.65,17.0,0.25,27
2023-02-10,4413,5076,86844,17.0,17.25,17.0,17.1,0.1,9
2023-02-13,4413,286303,5129123,18.6,18.6,17.6,17.65,0.55,217
2023-02-14,4413,86092,1507219,17.85,17.85,17.35,17.4,-0.25,70
2023-02-15,4413,23213,404455,17.45,17.55,17.3,17.45,0.05,24
2023-02-16,4413,20026,348454,17.55,17.55,17.35,17.35,-0.1,22
2023-02-17,4413,24000,413350,17.25,17.4,17.15,17.2,-0.15,24
2023-02-20,4413,16000,275700,17.2,17.35,17.2,17.25,0.05,11
2023-02-21,4413,43000,734100,17.05,17.25,17.0,17.05,-0.2,28
2023-02-22,4413,28022,473228,16.9,16.95,16.8,16.9,-0.15,23
2023-02-23,4413,24615,419689,17.2,17.2,16.95,16.95,0.05,30
2023-02-24,4413,149078,2634883,17.2,18.3,17.0,18.0,1.05,120
2023-03-01,4413,84283,1494476,18.0,18.05,17.5,17.55,-0.45,89
2023-03-02,4413,46086,802914,17.6,17.6,17.3,17.35,-0.2,37
2023-03-03,4413,33005,577236,17.55,17.6,17.4,17.45,0.1,30
2023-03-06,4413,29175,511718,17.45,17.6,17.45,17.5,0.05,39
2023-03-07,4413,44187,771749,17.5,17.65,17.25,17.65,0.15,45
2023-03-08,4413,15099,264738,17.7,17.7,17.4,17.45,-0.2,29
2023-03-09,4413,17000,295050,17.5,17.5,17.25,17.35,-0.1,14
2023-03-10,4413,28000,481650,17.4,17.4,17.1,17.1,-0.25,19
2023-03-13,4413,186549,2981628,16.05,16.4,15.8,15.9,-1.2,132
2023-03-14,4413,19199,301513,15.9,15.9,15.6,15.65,-0.25,17
2023-03-15,4413,14033,221816,15.8,15.95,15.65,15.85,0.2,16
2023-03-16,4413,6060,95658,15.8,15.95,15.6,15.6,-0.25,8
2023-03-17,4413,9023,141904,15.3,15.8,15.3,15.8,0.2,9
2023-03-20,4413,1181,18442,15.7,15.7,15.7,15.7,-0.1,9
2023-03-21,4413,13000,204550,15.7,15.85,15.55,15.8,0.1,13
2023-03-22,4413,20174,321988,15.9,16.05,15.85,16.05,0.25,25
2023-03-23,4413,10048,160090,15.95,15.95,15.85,15.85,-0.2,10
2023-03-24,4413,13004,205663,15.5,16.0,15.5,15.8,-0.05,14
2023-03-27,4413,1350,21201,15.9,15.9,15.9,15.9,0.1,4
2023-03-28,4413,2071,32662,15.95,15.95,15.6,15.6,-0.3,5
2023-03-29,4413,11000,171850,15.85,15.85,15.5,15.55,-0.05,11
2023-03-30,4413,9000,140650,15.75,15.75,15.55,15.6,0.05,9
2023-03-31,4413,9100,143304,15.9,15.9,15.55,15.75,0.15,11
2023-04-06,4413,9000,141050,15.55,15.85,15.55,15.65,-0.1,7
2023-04-07,4413,10000,155600,15.55,15.65,15.55,15.55,-0.1,8
2023-04-10,4413,10043,156552,15.55,15.65,15.55,15.65,0.1,12
2023-04-11,4413,14002,216430,15.5,15.5,15.45,15.5,-0.15,7
2023-04-12,4413,11000,170400,15.6,15.6,15.45,15.45,-0.05,10
2023-04-13,4413,9000,139400,15.6,15.6,15.45,15.5,0.05,7
2023-04-14,4413,14000,215700,15.55,15.55,15.25,15.4,-0.1,13
2023-04-17,4413,5000,77000,15.4,15.55,15.35,15.55,0.15,4
2023-04-18,4413,12031,186023,15.55,15.55,15.4,15.4,-0.15,12
2023-04-19,4413,7014,107761,15.55,15.55,15.3,15.3,-0.1,7
2023-04-20,4413,21048,315819,15.3,15.3,14.85,14.9,-0.4,20
2023-04-21,4413,20670,302787,14.7,14.85,14.5,14.65,-0.25,63
2023-04-24,4413,1000,14950,14.95,14.95,14.95,14.95,0.3,1
2023-04-25,4413,8002,120630,15.15,15.15,14.9,14.9,-0.05,7
2023-04-26,4413,5033,75044,14.9,14.95,14.85,14.9,0.0,8
2023-04-27,4413,11010,162848,14.7,14.85,14.65,14.85,-0.05,11
2023-04-28,4413,9000,134700,14.85,15.1,14.8,15.05,0.2,9
2023-05-02,4413,10100,150875,15.05,15.15,14.8,14.8,-0.25,10
2023-05-03,4413,9174,135011,14.55,15.0,14.55,14.8,0.0,14
2023-05-04,4413,8099,119470,14.5,14.9,14.5,14.8,0.0,14
2023-05-05,4413,14000,206400,14.8,14.8,14.7,14.75,-0.05,9
2023-05-08,4413,8000,118450,14.75,14.9,14.75,14.85,0.1,7
2023-05-09,4413,12000,177050,14.85,14.85,14.7,14.7,-0.15,9
2023-05-10,4413,4000,58900,14.6,14.85,14.6,14.85,0.15,4
2023-05-11,4413,4000,58900,14.7,14.85,14.65,14.65,-0.2,4
2023-05-12,4413,7050,104595,14.65,15.0,14.65,15.0,0.35,7
2023-05-15,4413,10000,148350,14.85,14.95,14.8,14.9,-0.1,9
2023-05-16,4413,6030,89542,14.85,14.85,14.85,14.85,-0.05,5
2023-05-17,4413,6020,89299,14.6,14.95,14.6,14.95,0.1,7
2023-05-18,4413,13000,193350,15.0,15.0,14.8,14.95,0.0,10
2023-05-19,4413,5000,74250,14.8,14.95,14.8,14.95,0.0,4
2023-05-22,4413,6000,93000,15.3,15.75,15.3,15.35,0.4,6
2023-05-23,4413,9100,138329,15.05,15.4,15.05,15.25,-0.1,11
2023-05-24,4413,8001,120114,15.2,15.2,14.95,14.95,-0.3,9
2023-05-25,4413,15000,223350,14.95,14.95,14.85,14.85,-0.1,10
2023-05-26,4413,12006,181037,15.15,15.15,15.05,15.05,0.2,10
2023-05-29,4413,7000,105150,15.25,15.25,14.95,15.0,-0.05,6
2023-05-30,4413,5105,78056,15.35,15.35,15.25,15.25,0.25,4
2023-05-31,4413,1000,15200,15.2,15.2,15.2,15.2,-0.05,1
2023-06-01,4413,194098,3229271,16.25,16.7,16.0,16.7,1.5,154
2023-06-02,4413,339440,5915756,17.4,18.0,16.8,16.8,0.1,199
2023-06-05,4413,141715,2296400,16.8,16.9,16.05,16.2,-0.6,62
2023-06-06,4413,2065,33397,16.25,16.25,16.1,16.1,-0.1,5
2023-06-07,4413,11010,178160,16.25,16.3,16.1,16.1,0.0,9
2023-06-08,4413,29000,467250,16.3,16.3,16.0,16.0,-0.1,13
2023-06-09,4413,34000,545300,16.2,16.25,15.9,15.9,-0.1,25
2023-06-12,4413,16090,255967,15.85,16.15,15.8,15.85,-0.05,14
2023-06-13,4413,11013,174408,15.95,15.95,15.8,15.85,0.0,12
2023-06-14,4413,7080,113364,15.85,16.05,15.85,16.05,0.2,8
2023-06-15,4413,3000,48150,16.15,16.15,15.95,16.05,0.0,3
2023-06-16,4413,28189,447229,16.15,16.15,15.8,15.9,-0.15,28
2023-06-19,4413,94422,1550747,15.75,16.8,15.7,16.2,0.0,69
2023-06-20,4413,56526,906656,16.4,16.4,15.65,15.7,-0.5,46
2023-06-21,4413,20064,319147,15.6,16.25,15.55,16.25,0.55,19
2023-06-26,4413,352347,6109345,17.7,17.8,16.6,16.6,0.35,244
2023-06-27,4413,36258,594362,16.45,16.5,16.25,16.25,-0.35,34
2023-06-28,4413,9000,146050,16.3,16.3,16.1,16.1,-0.15,9
2023-06-29,4413,7000,113900,16.25,16.3,16.25,16.25,0.15,6
2023-06-30,4413,14004,228964,16.05,16.45,16.05,16.4,0.15,11
2023-07-03,4413,2000,33200,16.65,16.65,16.55,16.55,0.15,2
2023-07-04,4413,9060,145942,16.1,16.35,16.05,16.35,-0.2,9
2023-07-05,4413,8132,130907,16.05,16.15,16.05,16.15,-0.2,10
2023-07-06,4413,13000,205450,16.0,16.0,15.55,15.65,-0.5,11
2023-07-07,4413,10457,166319,15.7,16.0,15.7,15.85,0.2,10
2023-07-10,4413,2000,32500,16.3,16.3,16.2,16.2,0.35,2
2023-07-11,4413,5009,81039,16.1,16.2,16.1,16.2,0.0,5
2023-07-12,4413,9000,144550,16.15,16.15,16.0,16.0,-0.2,8
2023-07-13,4413,4000,63700,15.9,15.95,15.9,15.95,-0.05,4
2023-07-14,4413,5000,79100,15.75,15.95,15.75,15.85,-0.1,4
2023-07-17,4413,52000,810300,15.8,15.8,15.45,15.5,-0.35,29
2023-07-18,4413,1000,15400,15.4,15.4,15.4,15.4,-0.1,1
2023-07-19,4413,19010,291854,15.4,15.45,15.2,15.45,0.05,13
2023-07-20,4413,1106,17325,15.55,15.55,15.55,15.55,0.1,4
2023-07-21,4413,5023,78474,15.6,15.65,15.6,15.65,0.1,8
2023-07-24,4413,13000,203100,15.3,15.8,15.3,15.35,-0.3,11
2023-07-25,4413,7000,109150,15.55,15.6,15.55,15.6,0.25,6
2023-07-26,4413,5000,78450,15.7,15.8,15.55,15.55,-0.05,5
2023-07-27,4413,9000,139000,15.65,15.65,15.35,15.55,0.0,7
2023-07-28,4413,1000,15600,15.6,15.6,15.6,15.6,0.05,1
2023-07-31,4413,5000,77350,15.4,15.65,15.4,15.5,-0.1,4
2023-08-01,4413,3218,50365,15.5,15.65,15.5,15.65,0.15,6
2023-08-02,4413,3000,46650,15.55,15.55,15.55,15.55,-0.1,2
2023-08-04,4413,10033,157101,15.75,15.75,15.3,15.7,0.15,11
2023-08-07,4413,15426,239483,15.6,15.7,15.4,15.4,-0.3,15
2023-08-08,4413,11000,167900,15.4,15.4,15.2,15.2,-0.2,5
2023-08-09,4413,2000,30400,15.05,15.35,15.05,15.35,0.15,2
2023-08-10,4413,5000,75700,15.1,15.3,15.1,15.1,-0.25,5
2023-08-11,4413,12000,184700,15.3,15.5,15.1,15.45,0.35,9
2023-08-14,4413,2000,30750,15.45,15.45,15.3,15.3,-0.15,2
2023-08-15,4413,9000,137550,15.15,15.45,15.15,15.45,0.15,6
2023-08-16,4413,12000,186600,15.55,15.55,15.55,15.55,0.1,5
2023-08-17,4413,15000,237500,15.75,16.05,15.65,15.85,0.3,12
2023-08-18,4413,11000,173850,15.95,16.0,15.6,15.65,-0.2,10
2023-08-21,4413,7000,108800,15.75,15.75,15.45,15.6,-0.05,6
2023-08-22,4413,16000,251150,15.7,15.85,15.65,15.65,0.05,11
2023-08-23,4413,23000,361750,15.65,16.0,15.5,16.0,0.35,20
2023-08-24,4413,11055,176335,16.0,16.0,15.7,15.7,-0.3,10
2023-08-25,4413,12265,191401,15.55,15.85,15.35,15.6,-0.1,8
2023-08-28,4413,2000,31250,15.7,15.7,15.55,15.55,-0.05,2
2023-08-29,4413,2375,36812,15.75,15.75,15.55,15.55,0.0,3
2023-08-30,4413,6000,93150,15.5,15.55,15.5,15.5,-0.05,3
2023-08-31,4413,1002,15532,15.5,15.5,15.5,15.5,0.0,3
2023-09-01,4413,5001,77664,15.55,15.6,15.5,15.6,0.1,5
2023-09-04,4413,1,15,0.0,0.0,0.0,0.0,0.0,1
2023-09-05,4413,7000,108100,15.4,15.45,15.4,15.45,-0.15,6
2023-09-06,4413,8000,123900,15.3,15.75,15.3,15.4,-0.05,8
2023-09-07,4413,0,0,0.0,0.0,0.0,0.0,0.0,0
2023-09-08,4413,6125,94987,15.25,15.75,15.25,15.7,0.3,7
2023-09-11,4413,5066,77980,15.35,15.65,15.3,15.3,-0.4,6
2023-09-12,4413,2105,32200,15.3,15.3,15.3,15.3,0.0,5
2023-09-13,4413,5000,76200,15.25,15.25,15.2,15.2,-0.1,5
2023-09-14,4413,5033,76625,15.2,15.35,15.2,15.35,0.15,4
2023-09-15,4413,2028,30870,15.2,15.25,15.2,15.25,-0.1,3
2023-09-18,4413,2000,30450,15.1,15.35,15.1,15.35,0.1,2
2023-09-19,4413,4000,61600,15.55,15.55,15.15,15.15,-0.2,3
2023-09-20,4413,5028,76374,15.05,15.3,15.05,15.2,0.05,6
2023-09-21,4413,3059,45897,15.0,15.05,15.0,15.05,-0.15,5
2023-09-22,4413,2000,30600,15.3,15.3,15.3,15.3,0.25,2
2023-09-25,4413,5000,76200,15.15,15.4,15.1,15.25,-0.05,5
2023-09-26,4413,2000,30200,15.1,15.1,15.1,15.1,-0.15,2
2023-09-27,4413,6000,90550,15.3,15.3,15.0,15.25,0.15,6
2023-09-28,4413,3072,46501,15.1,15.2,15.1,15.1,-0.15,4
2023-10-02,4413,2135,32175,14.9,15.25,14.9,15.25,0.15,3
2023-10-03,4413,14050,210012,15.05,15.05,14.8,14.9,-0.35,12
2023-10-04,4413,14010,207996,15.15,15.15,14.75,14.75,-0.15,15
2023-10-05,4413,10000,150150,15.0,15.1,14.8,15.05,0.3,8
2023-10-06,4413,4300,64875,15.2,15.2,15.05,15.2,0.15,5
2023-10-11,4413,2000,30300,15.0,15.3,15.0,15.3,0.1,2
2023-10-12,4413,3000,45800,15.15,15.35,15.15,15.35,0.05,3
2023-10-13,4413,1000,15300,15.3,15.3,15.3,15.3,-0.05,1
2023-10-16,4413,3100,47260,15.3,15.3,15.15,15.3,0.0,4
2023-10-17,4413,9000,135750,15.15,15.15,15.0,15.15,-0.15,8
2023-10-18,4413,7000,105100,15.05,15.25,14.95,14.95,-0.2,6
2023-10-19,4413,1100,16720,15.2,15.2,15.2,15.2,0.25,3
2023-10-20,4413,3000,45200,15.25,15.25,14.8,15.15,-0.05,3
2023-10-23,4413,2000,30000,14.75,15.25,14.75,15.25,0.1,2
2023-10-24,4413,1001,15315,15.3,15.3,15.3,15.3,0.05,2
2023-10-25,4413,11181,167175,14.95,15.15,14.8,14.95,-0.35,12
2023-10-26,4413,3169,46824,14.6,15.0,14.6,14.75,-0.2,5
2023-10-27,4413,11041,161044,14.65,14.65,14.5,14.5,-0.25,9
2023-10-30,4413,0,0,0.0,0.0,0.0,0.0,0.0,0
2023-10-31,4413,3000,43650,14.4,14.65,14.4,14.6,0.1,3
2023-11-01,4413,2000,29150,14.55,14.6,14.55,14.6,0.0,2
2023-11-02,4413,5001,73464,14.6,14.85,14.6,14.85,0.25,6
2023-11-03,4413,10000,149500,15.0,15.0,14.9,14.95,0.1,8
2023-11-06,4413,9000,134400,15.0,15.0,14.85,14.95,0.0,7
2023-11-07,4413,123810,2022217,15.15,16.4,15.15,16.4,1.45,83
2023-11-08,4413,314053,5351318,17.0,17.7,15.85,15.85,-0.55,228
2023-11-09,4413,24581,386327,15.9,15.9,15.5,15.6,-0.25,25
2023-11-10,4413,24000,368650,15.4,15.75,15.2,15.3,-0.3,17
2023-11-13,4413,5000,76750,15.5,15.5,15.3,15.35,0.05,4
2023-11-14,4413,109550,1809004,15.5,16.85,15.3,16.85,1.5,78
2023-11-15,4413,395854,7180182,17.05,18.5,17.05,18.5,1.65,174
2023-11-16,4413,637251,11532095,18.85,18.85,16.8,17.2,-1.3,388
2023-11-17,4413,255306,4464680,17.1,17.9,17.1,17.55,0.35,191
2023-11-20,4413,233272,4240481,17.55,18.6,17.3,17.9,0.35,194
2023-11-21,4413,322711,6036659,18.15,19.35,18.15,18.75,0.85,223
2023-11-22,4413,272475,5107980,19.2,19.2,18.4,18.75,0.0,189
2023-11-23,4413,96070,1788008,18.75,18.95,18.3,18.6,-0.15,80
2023-11-24,4413,274111,5315320,18.7,19.95,18.7,19.4,0.8,232
2023-11-27,4413,148032,2875131,18.9,20.0,18.9,19.3,-0.1,133
2023-11-28,4413,82000,1548800,19.6,19.6,18.3,18.75,-0.55,69
2023-11-29,4413,86110,1610515,18.8,19.2,18.15,18.4,-0.35,70
2023-11-30,4413,79000,1423050,18.25,18.6,17.8,17.8,-0.6,58
2023-12-01,4413,30000,537100,17.8,18.1,17.75,18.1,0.3,22
2023-12-04,4413,19255,346620,18.1,18.1,17.9,17.9,-0.2,20
2023-12-05,4413,343380,6695233,18.75,19.65,18.45,19.65,1.75,142
2023-12-06,4413,1399500,29273513,20.15,21.6,19.7,21.0,1.35,738
2023-12-07,4413,564660,12745574,21.2,23.1,21.0,23.1,2.1,304
2023-12-08,4413,897409,21960710,24.8,25.35,23.35,24.3,1.2,647
2023-12-11,4413,496295,12039857,24.5,25.1,23.65,24.8,0.5,316
2023-12-12,4413,372990,9348357,24.75,26.0,24.3,24.75,-0.05,265
2023-12-13,4413,86625,2096401,24.55,24.75,23.9,24.25,-0.5,76
2023-12-14,4413,62252,1526066,24.35,24.8,24.3,24.75,0.5,56
2023-12-15,4413,55131,1353516,24.75,24.85,24.35,24.8,0.05,41
2023-12-18,4413,19338,477144,24.8,24.8,24.55,24.65,-0.15,19
2023-12-19,4413,31011,761414,24.8,24.8,24.4,24.4,-0.25,28
2023-12-20,4413,56280,1358846,24.4,24.4,23.8,24.4,0.0,37
2023-12-21,4413,46033,1098654,24.35,24.35,23.25,24.3,-0.1,38
2023-12-22,4413,29051,695540,23.8,24.15,23.65,23.65,-0.65,36
2023-12-25,4413,84000,2044550,23.3,24.75,23.3,24.1,0.45,49
2023-12-26,4413,256060,6656878,24.55,26.5,24.3,26.5,2.4,183
2023-12-27,4413,1863840,50955195,27.85,29.15,25.05,25.05,-1.45,737
2023-12-28,4413,523906,13376003,24.45,27.2,24.0,26.65,1.6,284
2023-12-29,4413,1530852,42190790,26.7,29.0,25.6,27.0,0.35,766
2024-01-02,4413,200652,5300024,27.95,27.95,25.8,26.1,-0.9,133
2024-01-03,4413,921745,26128077,26.2,28.7,26.2,28.7,2.6,518
2024-01-04,4413,588411,16162065,28.6,28.6,26.7,26.7,-2.0,384
2024-01-05,4413,365010,9730008,26.95,27.45,25.85,25.85,-0.85,219
2024-01-08,4413,136449,3525677,25.85,26.65,25.25,25.45,-0.4,111
2024-01-09,4413,2598107,66160977,26.1,27.95,22.95,22.95,-2.5,1251
2024-01-10,4413,530942,11478032,21.6,22.15,21.3,21.45,-1.5,310
2024-01-11,4413,898340,20304721,21.75,23.35,21.7,21.95,0.5,568
2024-01-12,4413,111011,2406736,22.15,22.15,21.4,21.5,-0.45,92
2024-01-15,4413,265371,5914141,21.95,22.9,21.4,22.9,1.4,190
2024-01-16,4413,204745,4665800,22.85,23.2,22.5,22.55,-0.35,129
2024-01-17,4413,297447,6660822,22.55,23.2,21.95,22.0,-0.55,143
2024-01-18,4413,77000,1705100,22.1,22.55,21.8,22.0,0.0,46
2024-01-19,4413,219017,4841471,22.2,22.8,21.6,22.4,0.4,124
2024-01-22,4413,351184,7591564,23.0,23.0,21.1,21.25,-1.15,203
2024-01-23,4413,74327,1571099,21.35,21.5,20.8,21.1,-0.15,61
2024-01-24,4413,119365,2503241,21.15,21.25,20.8,20.9,-0.2,62
2024-01-25,4413,2402566,53270826,20.9,22.95,20.9,21.0,0.1,1122
2024-01-26,4413,411276,8623398,21.0,21.65,20.2,20.5,-0.5,290
2024-01-29,4413,234418,4785667,20.35,20.8,20.0,20.0,-0.5,193
2024-01-30,4413,143557,2857162,20.05,20.25,19.6,19.75,-0.25,119
2024-01-31,4413,156110,3027205,20.0,20.0,19.25,19.25,-0.5,107
2024-02-01,4413,112262,2204978,20.1,20.1,19.4,19.4,0.15,82
2024-02-02,4413,91356,1759881,19.4,19.5,19.1,19.15,-0.25,74
2024-02-05,4413,89816,1746785,19.2,19.8,19.2,19.4,0.25,75
2024-02-15,4413,66465,1315728,19.6,20.05,19.45,19.65,0.25,73
2024-02-16,4413,92578,1776228,18.25,19.55,18.25,19.35,-0.3,98
2024-02-19,4413,81086,1587185,19.55,19.8,19.4,19.4,0.05,55
2024-02-20,4413,417306,8503875,19.85,21.1,19.45,20.2,0.8,288
2024-02-21,4413,118335,2390234,20.15,20.6,19.8,19.8,-0.4,91
2024-02-22,4413,62885,1250775,19.85,20.05,19.55,19.85,0.05,76
2024-02-23,4413,47000,933450,20.1,20.1,19.7,19.7,-0.15,27
2024-02-26,4413,46200,902755,19.95,19.95,19.3,19.4,-0.3,38
2024-02-27,4413,38138,733956,19.6,19.6,19.15,19.15,-0.25,26
2024-02-29,4413,23000,440850,19.35,19.5,19.1,19.15,0.0,15
2024-03-01,4413,53000,1030150,19.15,19.7,19.15,19.25,0.1,31
2024-03-04,4413,189978,3837070,19.25,20.7,19.25,20.1,0.85,140
2024-03-05,4413,87006,1746920,20.4,20.4,19.8,19.9,-0.2,68
2024-03-06,4413,80000,1614050,19.9,20.5,19.9,20.15,0.25,60
2024-03-07,4413,76105,1537700,20.2,20.45,20.0,20.15,0.0,51
2024-03-08,4413,70030,1370221,20.05,20.2,19.15,19.15,-1.0,53
2024-03-11,4413,95463,1931770,19.5,20.55,19.5,20.35,1.2,85
2024-03-12,4413,100000,2012650,20.45,20.55,19.95,20.0,-0.35,73
2024-03-13,4413,78090,1541900,20.05,20.05,19.45,19.45,-0.55,52
2024-03-14,4413,93041,1786679,19.0,19.75,19.0,19.0,-0.45,67
2024-03-15,4413,98000,1815250,18.95,18.95,18.2,18.4,-0.6,63
2024-03-18,4413,22080,410192,18.35,18.7,18.3,18.7,0.3,28
2024-03-19,4413,32010,594635,19.2,19.2,18.45,18.55,-0.15,23
2024-03-20,4413,25016,463392,18.6,18.8,18.3,18.5,-0.05,22
2024-03-21,4413,6046,111844,18.5,18.5,18.5,18.5,0.0,6
2024-03-22,4413,61098,1146493,18.45,19.1,18.35,19.1,0.6,52
2024-03-25,4413,38000,719350,19.1,19.2,18.75,18.9,-0.2,25
2024-03-26,4413,27000,504050,18.85,18.85,18.5,18.7,-0.2,20
2024-03-27,4413,41435,770389,18.7,18.75,18.45,18.75,0.05,31
2024-03-28,4413,23000,427000,18.5,18.65,18.5,18.55,-0.2,19
2024-03-29,4413,14043,258342,18.5,18.5,18.3,18.35,-0.2,12
2024-04-01,4413,17000,311700,18.4,18.45,18.2,18.4,0.05,15
2024-04-02,4413,47187,859660,18.65,18.65,18.0,18.0,-0.4,37
2024-04-03,4413,27050,482930,18.05,18.05,17.5,17.95,-0.05,21
2024-04-08,4413,31116,558321,17.85,18.2,17.7,17.85,-0.1,65
2024-04-09,4413,18558,329642,17.85,18.1,17.55,18.0,0.15,18
2024-04-10,4413,14656,261708,17.65,18.1,17.6,17.85,-0.15,53
2024-04-11,4413,21168,380548,17.85,18.15,17.85,18.05,0.2,23
2024-04-12,4413,53370,972696,18.1,18.5,17.85,18.5,0.45,78
2024-04-15,4413,7000,128450,18.5,18.5,18.25,18.3,-0.2,7
2024-04-16,4413,1556,28088,18.3,18.3,18.3,18.3,0.0,38
2024-04-17,4413,35601,640138,18.05,18.25,17.65,18.25,-0.05,19
2024-04-18,4413,15070,268481,17.85,17.85,17.8,17.8,-0.45,16
2024-04-19,4413,29546,513213,17.4,17.5,17.2,17.45,-0.35,30
2024-04-22,4413,2284,39257,17.25,17.25,17.25,17.25,-0.2,9
2024-04-23,4413,4016,71834,17.25,18.1,17.25,18.1,0.85,5
2024-04-24,4413,9016,163188,18.2,18.2,17.85,17.85,-0.25,8
2024-04-25,4413,6225,111221,17.8,18.2,17.75,18.2,0.35,7
2024-04-26,4413,22601,404971,17.85,18.1,17.8,18.1,-0.1,48
2024-04-29,4413,7002,125685,18.1,18.1,17.7,17.85,-0.25,8
2024-04-30,4413,8001,142817,17.8,18.05,17.8,17.8,-0.05,9
2024-05-02,4413,1000,17800,17.8,17.8,17.8,17.8,0.0,1
2024-05-03,4413,8000,146100,18.4,18.4,18.0,18.0,0.2,7
2024-05-06,4413,26001,466719,17.75,18.1,17.7,18.1,0.1,26
2024-05-07,4413,0,0,0.0,0.0,0.0,0.0,0.0,0
2024-05-08,4413,3431,60519,17.7,17.75,17.7,17.75,-0.15,8
2024-05-09,4413,7376,132544,17.7,18.0,17.7,18.0,0.25,11
2024-05-10,4413,4030,71690,17.8,17.8,17.75,17.8,-0.2,5
2024-05-13,4413,2003,34904,17.3,17.55,17.3,17.55,-0.25,5
2024-05-14,4413,28000,494650,17.4,18.0,17.3,17.65,0.1,26
2024-05-15,4413,12402,223207,17.65,18.2,17.65,18.1,0.45,26
2024-05-16,4413,34114,619652,18.5,18.5,18.0,18.0,-0.1,25
2024-05-17,4413,8000,145450,18.35,18.35,17.95,18.05,0.05,7
2024-05-20,4413,46003,845504,18.45,18.95,18.1,18.25,0.2,34
2024-05-21,4413,23059,423489,18.4,18.7,18.2,18.2,-0.05,23
2024-05-22,4413,7154,130652,18.2,18.45,18.2,18.2,0.0,13
2024-05-23,4413,8820,158663,18.2,18.2,18.0,18.0,-0.2,13
2024-05-24,4413,9169,163030,17.55,17.9,17.55,17.9,-0.1,12
2024-05-27,4413,19000,336700,17.75,17.85,17.7,17.85,-0.05,17
2024-05-28,4413,17360,311758,18.0,18.2,17.8,17.95,0.1,23
2024-05-29,4413,82000,1480300,18.5,18.5,17.85,18.2,0.25,52
2024-05-30,4413,12102,219590,18.1,18.55,17.95,17.95,-0.25,14
2024-05-31,4413,41496,750857,18.2,18.3,17.95,18.3,0.35,31
2024-06-03,4413,54150,1005258,17.85,19.0,17.85,18.85,0.55,43
2024-06-04,4413,22159,416289,18.95,18.95,18.6,18.65,-0.2,19
2024-06-05,4413,6001,111168,18.65,18.65,18.35,18.35,-0.3,6
2024-06-06,4413,10027,183506,18.45,18.45,18.2,18.2,-0.15,13
2024-06-07,4413,21100,395859,18.9,19.0,18.4,19.0,0.8,20
2024-06-11,4413,41060,761845,18.75,19.15,18.35,18.6,-0.4,36
2024-06-12,4413,12000,220550,18.45,18.5,18.3,18.5,-0.1,11
2024-06-13,4413,12148,225590,18.6,18.65,18.4,18.4,-0.1,14
2024-06-14,4413,26144,483741,18.7,18.8,18.25,18.8,0.4,25
2024-06-17,4413,12370,227973,18.5,18.55,18.35,18.35,-0.45,13
2024-06-18,4413,16175,298987,18.65,18.65,18.4,18.5,0.15,15
2024-06-19,4413,50064,920630,18.5,18.5,18.2,18.5,0.0,41
2024-06-20,4413,13025,236636,18.25,18.25,18.1,18.1,0.0,12
2024-06-21,4413,5125,93628,18.2,18.45,18.15,18.45,0.35,7
2024-06-24,4413,19040,346778,18.05,18.45,18.0,18.35,-0.1,14
2024-06-25,4413,11376,207630,18.1,18.35,18.1,18.35,0.0,12
2024-06-26,4413,47000,865600,18.35,18.8,18.1,18.8,0.45,42
2024-06-27,4413,23369,434404,19.1,19.15,18.35,18.35,-0.45,20
2024-06-28,4413,16000,292750,18.4,18.4,18.2,18.25,-0.1,15
2024-07-01,4413,16000,289700,18.25,18.25,18.0,18.1,-0.15,14
2024-07-02,4413,30090,536652,18.05,18.05,17.75,17.75,-0.35,21
2024-07-03,4413,24235,428257,17.75,17.8,17.55,17.8,0.05,22
2024-07-04,4413,146433,2761050,17.8,19.55,17.8,18.6,0.8,103
2024-07-05,4413,53428,1006339,18.75,19.2,18.55,19.0,0.4,46
2024-07-08,4413,43428,835522,19.2,20.1,18.8,18.85,-0.15,45
2024-07-09,4413,10050,186946,18.85,18.85,18.45,18.45,-0.4,11
2024-07-10,4413,13000,239250,18.35,18.5,18.3,18.5,0.05,13
2024-07-11,4413,23550,433755,18.45,18.5,18.25,18.5,0.0,26
2024-07-12,4413,35000,638750,18.3,18.4,18.1,18.1,-0.4,22
2024-07-15,4413,33150,616941,18.4,19.1,18.35,18.5,0.4,26
2024-07-16,4413,9012,166725,18.55,18.75,18.45,18.45,-0.05,8
2024-07-17,4413,2221,41165,18.6,18.6,18.4,18.4,-0.05,3
2024-07-18,4413,19130,347220,18.35,18.35,17.85,18.3,-0.1,16
2024-07-19,4413,17737,321706,18.1,18.3,18.05,18.05,-0.25,30
2024-07-22,4413,18498,326762,17.6,17.9,17.6,17.9,-0.15,20
2024-07-23,4413,26661,481962,17.95,18.3,17.9,18.1,0.2,22
2024-07-26,4413,2000,36500,18.25,18.25,18.25,18.25,0.15,2
2024-07-29,4413,23300,420905,18.4,18.8,17.7,17.7,-0.55,31
2024-07-30,4413,10000,176400,17.7,17.7,17.55,17.7,0.0,9
2024-07-31,4413,19000,334200,17.6,17.8,17.5,17.55,-0.15,17
2024-08-01,4413,3000,55150,18.5,18.5,18.2,18.2,0.65,3
2024-08-02,4413,12068,215917,17.9,18.1,17.7,18.1,-0.1,12
2024-08-05,4413,14100,237356,18.05,18.05,16.45,17.0,-1.1,17
2024-08-06,4413,10010,168216,17.05,17.7,15.95,16.55,-0.45,10
2024-08-07,4413,11000,189500,17.0,17.5,17.0,17.5,0.95,6
2024-08-08,4413,21010,360625,17.5,17.5,16.9,17.2,-0.3,12
2024-08-09,4413,37034,632628,17.4,17.4,17.0,17.15,-0.05,20
2024-08-12,4413,12000,207750,17.35,17.35,17.25,17.35,0.2,10
2024-08-13,4413,7750,133550,17.4,17.4,17.1,17.3,-0.05,11
2024-08-14,4413,22604,390429,17.6,17.6,17.1,17.15,-0.15,20
2024-08-15,4413,13009,228152,18.2,18.2,17.3,17.5,0.35,12
2024-08-16,4413,19076,333344,17.6,17.75,17.3,17.75,0.25,19
2024-08-19,4413,7010,121870,17.5,17.5,17.3,17.3,-0.45,9
2024-08-20,4413,32011,560137,17.5,17.65,17.35,17.35,0.05,20
2024-08-21,4413,6010,104372,17.4,17.4,17.3,17.35,0.0,8
2024-08-22,4413,1000,17300,17.3,17.3,17.3,17.3,-0.05,1
2024-08-23,4413,4310,74463,17.15,17.45,17.15,17.45,0.15,11
2024-08-26,4413,22392,383358,17.2,17.2,17.0,17.05,-0.4,28
2024-08-27,4413,51256,910817,17.3,18.15,17.25,17.55,0.5,45
2024-08-28,4413,15750,279250,17.9,17.9,17.35,17.65,0.1,14
2024-08-29,4413,17075,299143,17.9,17.9,17.35,17.35,-0.3,17
2024-08-30,4413,8000,139650,17.45,17.6,17.3,17.6,0.25,8
2024-09-02,4413,2006,35595,17.95,17.95,17.55,17.55,-0.05,3
2024-09-03,4413,3000,52450,17.25,17.6,17.25,17.6,0.05,3
2024-09-04,4413,22000,378100,17.1,17.4,17.1,17.15,-0.45,16
2024-09-05,4413,31100,531738,17.45,17.45,17.0,17.05,-0.1,20
2024-09-06,4413,8358,143067,17.05,17.2,17.05,17.15,0.1,10
2024-09-09,4413,0,0,0.0,0.0,0.0,0.0,0.0,0
2024-09-10,4413,30000,515850,17.1,17.55,17.05,17.1,-0.05,19
2024-09-11,4413,70000,1177600,17.5,17.5,16.65,16.95,-0.15,42
2024-09-12,4413,24006,415052,16.9,17.45,16.9,17.45,0.5,16
2024-09-13,4413,31206,540354,17.4,17.75,17.15,17.5,0.05,17
2024-09-16,4413,7000,123600,17.7,17.7,17.5,17.5,0.0,5
2024-09-18,4413,12500,215499,17.3,17.4,17.25,17.25,-0.25,13
2024-09-19,4413,64046,1135114,17.25,18.2,17.25,18.2,0.95,43
2024-09-20,4413,172231,3140908,18.0,18.55,17.95,18.35,0.15,70
2024-09-23,4413,43345,782672,18.2,18.2,17.95,18.0,-0.35,23
2024-09-24,4413,23001,413369,18.0,18.1,17.9,18.0,0.0,13
2024-09-25,4413,20106,361135,18.0,18.05,17.9,17.9,-0.1,14
2024-09-26,4413,17000,309400,17.9,18.35,17.9,18.35,0.45,15
2024-09-27,4413,122674,2267594,18.25,18.85,18.25,18.4,0.05,55
2024-09-30,4413,39345,732765,18.8,18.8,18.45,18.7,0.3,29
2024-10-01,4413,10067,188212,19.15,19.15,18.6,18.6,-0.1,8
2024-10-04,4413,11074,206882,18.5,18.8,18.5,18.8,0.2,10
2024-10-07,4413,21271,403103,19.0,19.35,18.8,18.8,0.0,14
2024-10-08,4413,8000,148400,18.5,18.7,18.5,18.7,-0.1,4
2024-10-09,4413,20000,370200,18.6,18.6,18.3,18.6,-0.1,8
2024-10-11,4413,2219,40728,18.45,18.45,18.45,18.45,-0.15,6
2024-10-14,4413,6135,111093,18.2,18.2,18.0,18.15,-0.3,9
2024-10-15,4413,54075,994560,18.35,18.4,18.25,18.25,0.1,17
2024-10-16,4413,33000,604400,18.35,18.35,18.2,18.3,0.05,12
2024-10-17,4413,8000,147400,18.2,18.5,18.2,18.5,0.2,7
2024-10-18,4413,32000,581100,18.4,18.4,18.05,18.1,-0.4,13
2024-10-21,4413,11150,199717,17.7,18.1,17.7,18.0,-0.1,11
2024-10-22,4413,14150,254335,18.1,18.1,17.75,17.8,-0.2,10
2024-10-23,4413,10000,180400,17.75,18.25,17.6,18.25,0.45,9
2024-10-24,4413,15200,274899,18.4,18.4,17.95,17.95,-0.3,15
2024-10-25,4413,7000,124800,17.85,17.9,17.7,17.85,-0.1,7
2024-10-28,4413,8088,144890,17.7,18.15,17.6,18.15,0.3,13
2024-10-29,4413,19004,339024,18.2,18.2,17.65,17.8,-0.35,13
2024-10-30,4413,3040,53603,17.6,17.75,17.6,17.75,-0.05,6
2024-11-01,4413,2004,35370,17.7,17.7,17.6,17.6,-0.15,3
2024-11-04,4413,2000,35200,17.6,17.6,17.6,17.6,0.0,1
2024-11-05,4413,1003,17799,17.75,17.75,17.75,17.75,0.15,2
2024-11-06,4413,4010,70424,17.9,17.9,17.4,17.4,-0.35,5
2024-11-07,4413,17100,304955,17.55,18.05,17.55,18.05,0.65,12
2024-11-08,4413,5000,89200,17.95,17.95,17.75,17.85,-0.2,5
2024-11-11,4413,2000,35700,17.95,17.95,17.75,17.75,-0.1,2
2024-11-12,4413,5000,93500,18.7,18.7,18.7,18.7,0.95,5
2024-11-13,4413,10000,184700,18.7,18.7,18.2,18.6,-0.1,10
2024-11-14,4413,12001,217868,18.35,18.35,18.0,18.1,-0.5,7
2024-11-15,4413,44000,772750,17.8,17.85,17.45,17.5,-0.6,25
2024-11-18,4413,31000,535500,17.25,17.4,17.15,17.35,-0.15,16
2024-11-19,4413,3460,61276,17.7,17.85,17.7,17.85,0.5,16
2024-11-20,4413,176,3163,0.0,0.0,0.0,0.0,0.0,8
2024-11-21,4413,4754,82731,17.6,17.6,17.35,17.35,0.0,8
2024-11-22,4413,3000,52550,17.55,17.55,17.5,17.5,0.15,2
2024-11-25,4413,15000,262450,17.15,17.95,16.95,17.85,0.35,14
2024-11-26,4413,5000,89250,17.85,17.85,17.85,17.85,0.0,4
2024-11-27,4413,9550,171381,17.85,18.25,17.7,17.7,-0.15,13
2024-11-28,4413,5000,88800,17.75,17.8,17.7,17.7,0.0,4
2024-11-29,4413,28000,497750,17.75,17.9,17.7,17.85,0.15,12
2024-12-02,4413,15000,266000,17.8,17.9,17.5,17.9,0.05,12
2024-12-03,4413,17000,303350,17.8,17.95,17.8,17.85,-0.05,14
2024-12-04,4413,13002,231834,18.25,18.25,17.7,17.95,0.1,10
2024-12-05,4413,112021,2087797,18.6,19.35,18.15,18.5,0.55,83
2024-12-06,4413,10485,192469,18.5,18.85,18.25,18.25,-0.25,16
2024-12-09,4413,10445,190876,18.35,18.45,18.2,18.45,0.2,8
2024-12-10,4413,13000,237100,18.45,18.45,18.0,18.0,-0.45,10
2024-12-11,4413,4000,72600,18.1,18.4,18.05,18.05,0.05,4
2024-12-12,4413,5450,99182,18.1,18.45,18.05,18.45,0.4,5
2024-12-13,4413,10000,181000,18.45,18.45,17.95,17.95,-0.5,9
2024-12-16,4413,10450,184007,17.8,17.8,17.45,17.55,-0.4,9
2024-12-17,4413,6011,105436,17.55,17.6,17.45,17.45,-0.1,6
2024-12-18,4413,9011,154688,17.15,17.25,17.0,17.25,-0.2,8
2024-12-19,4413,0,0,0.0,0.0,0.0,0.0,0.0,0
2024-12-20,4413,8100,137265,17.25,17.25,16.85,16.85,-0.4,8
2024-12-23,4413,2000,34600,17.3,17.3,17.3,17.3,0.45,2
2024-12-24,4413,9000,152950,16.8,17.25,16.7,17.2,-0.1,8
2024-12-25,4413,7010,122077,17.2,17.7,17.2,17.7,0.5,5
2024-12-26,4413,6000,105600,17.7,17.7,17.55,17.55,-0.15,5
2024-12-27,4413,954,15449,0.0,0.0,0.0,0.0,0.0,4
2024-12-30,4413,2899,50787,17.55,17.55,17.55,17.55,0.0,3
2024-12-31,4413,2000,35100,17.55,17.55,17.55,17.55,0.0,2
2025-01-02,4413,20800,358138,17.6,17.6,16.85,17.05,-0.5,18
2025-01-03,4413,5000,86100,17.5,17.5,16.95,16.95,-0.1,5
2025-01-06,4413,80,1286,0.0,0.0,0.0,0.0,0.0,2
2025-01-07,4413,16320,277244,16.95,17.1,16.85,17.1,0.1,16
2025-01-08,4413,1000,16900,16.9,16.9,16.9,16.9,-0.2,1
2025-01-09,4413,14000,237400,16.9,17.0,16.9,16.9,0.0,12
2025-01-10,4413,2000,32791,16.9,16.9,16.9,16.9,0.0,7
2025-01-13,4413,6003,101954,16.9,17.3,16.9,17.3,0.4,8
2025-01-14,4413,3001,51717,17.3,17.5,16.9,17.5,0.2,4
2025-01-15,4413,3000,52300,17.0,17.65,17.0,17.65,0.15,3
2025-01-16,4413,9000,156200,17.75,17.75,17.25,17.25,-0.4,7
2025-01-17,4413,6700,114059,17.05,17.15,17.0,17.15,-0.1,21
2025-01-20,4413,0,0,0.0,0.0,0.0,0.0,0.0,0
2025-01-21,4413,1000,17150,17.15,17.15,17.15,17.15,0.0,1
2025-01-22,4413,444,7992,0.0,0.0,0.0,0.0,0.0,5
2025-02-03,4413,4,71,0.0,0.0,0.0,0.0,0.0,2
2025-02-04,4413,7007,121172,17.4,17.65,17.15,17.15,0.0,11
2025-02-05,4413,5000,86600,17.5,17.5,17.2,17.4,0.25,5
2025-02-06,4413,11003,191807,17.4,17.55,17.3,17.3,-0.1,11
2025-02-07,4413,14003,242351,17.4,17.45,17.15,17.45,0.15,12
2025-02-10,4413,15501,276567,17.5,18.2,17.45,17.95,0.5,16
2025-02-11,4413,23175,421685,18.0,18.4,17.95,18.4,0.45,22
2025-02-12,4413,43083,797524,18.9,18.9,18.25,18.65,0.25,28
2025-02-13,4413,10002,186087,18.4,18.8,18.4,18.5,-0.15,9
2025-02-14,4413,6000,112300,18.85,18.85,18.65,18.65,0.15,5
2025-02-17,4413,193051,3647408,18.05,19.95,18.05,18.4,-0.25,146
2025-02-18,4413,27015,504528,18.5,18.85,18.5,18.55,0.15,26
2025-02-19,4413,11027,206713,18.65,18.9,18.65,18.9,0.35,13
2025-02-20,4413,16167,306063,19.2,19.2,18.75,18.9,0.0,18
2025-02-21,4413,4299,80933,18.4,19.0,18.4,18.95,0.05,10
2025-02-24,4413,7094,132279,18.9,18.9,18.55,18.65,-0.3,11
2025-02-25,4413,5000,92950,18.65,18.65,18.55,18.55,-0.1,3
2025-02-26,4413,4000,74400,18.6,18.6,18.6,18.6,0.05,2
2025-02-27,4413,0,0,0.0,0.0,0.0,0.0,0.0,0
2025-03-03,4413,3037,55366,18.2,18.3,18.2,18.3,-0.3,6
2025-03-04,4413,2032,37741,18.3,18.85,18.3,18.85,0.55,7
2025-03-05,4413,1000,18850,18.85,18.85,18.85,18.85,0.0,1
2025-03-06,4413,3000,55200,18.3,18.5,18.3,18.5,-0.35,3
2025-03-07,4413,0,0,0.0,0.0,0.0,0.0,0.0,0
2025-03-10,4413,5004,90626,18.05,18.3,18.0,18.2,-0.3,8
2025-03-11,4413,7202,134209,19.1,19.1,18.45,18.45,0.25,16
2025-03-12,4413,4012,74028,18.5,18.5,18.4,18.4,-0.05,10
2025-03-13,4413,4000,72650,18.1,18.4,18.05,18.4,0.0,4
2025-03-14,4413,8502,155137,18.15,18.7,18.1,18.7,0.3,13
2025-03-17,4413,2553,47686,18.7,18.7,18.7,18.7,0.0,11
2025-03-18,4413,4010,73796,18.7,18.7,18.3,18.3,-0.4,12
2025-03-19,4413,1007,19236,19.1,19.1,19.1,19.1,0.8,6
2025-03-20,4413,9469,177134,19.1,19.1,18.2,18.2,-0.9,10
2025-03-21,4413,128,2186,0.0,0.0,0.0,0.0,0.0,4
2025-03-24,4413,6000,110000,18.2,18.7,18.2,18.3,0.1,5
2025-03-25,4413,1001,18717,18.7,18.7,18.7,18.7,0.4,2
2025-03-26,4413,11218,206217,18.35,18.4,18.35,18.4,-0.3,10
2025-03-27,4413,1060,19395,18.3,18.3,18.3,18.3,-0.1,2
2025-03-28,4413,5006,90208,18.05,18.05,18.0,18.0,-0.3,4
2025-03-31,4413,2153,38646,17.95,17.95,17.95,17.95,-0.05,6
2025-04-01,4413,28,502,0.0,0.0,0.0,0.0,0.0,1
2025-04-02,4413,7,117,0.0,0.0,0.0,0.0,0.0,7
2025-04-07,4413,2090,33760,16.15,16.15,16.15,16.15,-1.75,13
2025-04-08,4413,5100,74209,14.55,14.55,14.55,14.55,-1.6,6
2025-04-09,4413,32034,425949,13.4,13.8,13.1,13.1,-1.45,26
2025-04-10,4413,41270,584050,14.0,14.35,13.9,14.25,1.15,35
2025-04-11,4413,5000,70100,13.7,14.25,13.7,14.2,-0.05,5
2025-04-14,4413,141069,2116139,14.6,15.6,14.1,14.1,-0.1,84
2025-04-15,4413,10011,142956,14.1,14.5,14.1,14.2,0.1,10
2025-04-16,4413,0,0,0.0,0.0,0.0,0.0,0.0,0
2025-04-17,4413,109,1514,0.0,0.0,0.0,0.0,0.0,2
2025-04-18,4413,6002,83976,13.8,14.05,13.8,14.05,-0.05,8
2025-04-21,4413,1213,16874,14.15,14.15,14.15,14.15,0.1,6
2025-04-22,4413,1,12,0.0,0.0,0.0,0.0,0.0,1
2025-04-23,4413,4008,58610,14.4,14.8,14.4,14.65,0.5,6
2025-04-24,4413,0,0,0.0,0.0,0.0,0.0,0.0,0
2025-04-25,4413,6335,92693,14.7,14.7,14.7,14.7,0.05,11
2025-04-28,4413,55,797,0.0,0.0,0.0,0.0,0.0,1
2025-04-29,4413,3410,52758,15.8,15.8,15.35,15.35,0.7,11
2025-04-30,4413,2018,30973,15.35,15.35,15.35,15.35,0.0,4
2025-05-02,4413,5335,82641,15.55,15.55,15.5,15.5,0.15,13
2025-05-05,4413,64,972,0.0,0.0,0.0,0.0,0.0,1
2025-05-06,4413,4310,67632,15.6,15.8,15.6,15.7,0.2,9
2025-05-07,4413,7,108,0.0,0.0,0.0,0.0,0.0,2
2025-05-08,4413,14492,229334,16.8,16.8,15.6,16.05,0.35,24
2025-05-09,4413,8105,129129,15.85,16.1,15.85,16.1,0.05,9
2025-05-12,4413,25199,415940,16.1,17.3,16.1,16.8,0.7,25
2025-05-13,4413,16097,268584,16.45,17.4,16.25,17.35,0.55,16
2025-05-14,4413,36412,657743,17.35,18.55,17.3,18.15,0.8,39
2025-05-15,4413,16500,304413,18.2,18.85,17.75,17.75,-0.4,19
2025-05-16,4413,11056,194542,18.0,18.0,17.4,17.4,-0.35,10
2025-05-19,4413,2000,34800,17.4,17.4,17.4,17.4,0.0,2
2025-05-20,4413,20308,365704,17.95,18.6,17.4,17.7,0.3,22
2025-05-21,4413,11001,194467,17.55,17.8,17.55,17.6,-0.1,12
2025-05-22,4413,4000,70750,17.8,17.8,17.55,17.8,0.2,4
2025-05-23,4413,11000,194700,18.0,18.0,17.55,17.6,-0.2,7
2025-05-26,4413,6000,105150,18.0,18.0,17.2,17.6,0.0,6
2025-05-27,4413,9000,161150,17.9,18.0,17.8,17.9,0.3,9
2025-05-28,4413,4000,70900,17.9,17.9,17.55,17.9,0.0,4
2025-05-29,4413,5000,89050,18.1,18.1,17.5,17.95,0.05,5
2025-06-02,4413,21000,378000,17.85,18.2,17.85,18.2,0.25,17
2025-06-03,4413,13001,236218,18.3,18.3,18.0,18.25,0.05,13
2025-06-04,4413,11084,201265,18.2,18.25,18.0,18.0,-0.25,12
2025-06-05,4413,17641,324881,18.5,18.5,18.15,18.5,0.5,26
2025-06-06,4413,137010,2612939,18.5,19.7,18.5,18.95,0.45,109
2025-06-09,4413,28246,535046,18.95,19.1,18.8,19.1,0.15,32
2025-06-10,4413,36194,684273,19.0,19.15,18.7,19.0,-0.1,36
2025-06-11,4413,60379,1161024,19.2,19.6,18.9,19.0,0.0,56
2025-06-12,4413,27231,519544,19.0,19.45,18.9,19.2,0.2,27
2025-06-13,4413,89128,1655491,19.85,19.85,17.95,18.4,-0.8,83
2025-06-16,4413,2000,36250,18.15,18.15,18.1,18.1,-0.3,2
2025-06-17,4413,19020,348463,18.1,18.5,18.1,18.3,0.2,18
2025-06-18,4413,66514,1265346,18.45,19.6,18.4,18.9,0.6,61
2025-06-19,4413,7009,133467,19.35,19.35,18.75,19.0,0.1,7
2025-06-20,4413,63140,1216131,19.0,19.5,19.0,19.4,0.4,53
2025-06-23,4413,32069,612645,19.5,19.5,19.0,19.0,-0.4,26
2025-06-24,4413,24000,466000,19.6,19.6,19.2,19.45,0.45,21
2025-06-25,4413,72001,1397868,19.4,19.55,19.25,19.3,-0.15,41
2025-06-26,4413,36000,685550,19.0,19.3,19.0,19.2,-0.1,23
2025-06-27,4413,71255,1394247,19.3,20.0,19.2,19.6,0.4,71
2025-06-30,4413,30037,593775,19.7,19.95,19.65,19.8,0.2,22
2025-07-01,4413,61625,1203525,20.0,20.0,19.1,19.1,-0.7,38
2025-07-02,4413,41000,809050,19.35,20.0,19.35,19.55,0.45,30
2025-07-03,4413,13000,254450,19.6,19.6,19.5,19.55,0.0,11
2025-07-04,4413,6119,119621,19.6,19.6,19.5,19.5,-0.05,14
2025-07-07,4413,2119,41119,19.5,19.5,19.3,19.3,-0.2,8
2025-07-08,4413,52180,1017632,19.1,20.0,19.1,19.6,0.3,38
2025-07-09,4413,9007,176487,19.55,19.65,19.5,19.6,0.0,8
2025-07-10,4413,13201,255270,19.35,19.55,19.2,19.2,-0.4,16
2025-07-11,4413,122347,2250547,19.95,19.95,17.7,18.0,-1.2,108
2025-07-14,4413,16165,296375,18.0,18.6,18.0,18.1,0.1,18
2025-07-15,4413,16000,290300,18.45,18.5,18.0,18.3,0.2,13
2025-07-16,4413,53036,1024662,18.3,19.85,18.3,19.0,0.7,51
2025-07-17,4413,13000,250100,19.3,19.35,19.2,19.2,0.2,9
2025-07-18,4413,39149,734175,19.75,19.9,18.4,18.45,-0.75,27
2025-07-21,4413,17707,329529,18.25,18.9,18.15,18.9,0.45,15
2025-07-22,4413,38040,699892,18.35,18.7,18.2,18.3,-0.6,22
2025-07-23,4413,26164,480451,18.4,18.5,18.3,18.4,0.1,16
2025-07-24,4413,8000,147600,18.5,18.6,18.25,18.6,0.2,7
2025-07-25,4413,242554,4818028,19.2,20.4,19.2,20.0,1.4,184
2025-07-28,4413,162411,3254456,20.2,20.85,19.35,19.35,-0.65,94
2025-07-29,4413,41208,800114,19.5,19.75,19.1,19.4,0.05,82
2025-07-30,4413,66098,1256895,19.4,19.4,18.75,19.2,-0.2,55
2025-07-31,4413,12000,225650,18.8,18.9,18.7,18.7,-0.5,11
2025-08-01,4413,2000,37650,18.8,18.85,18.8,18.85,0.15,2
2025-08-04,4413,16180,305752,18.7,19.05,18.7,19.0,0.15,11
2025-08-05,4413,10150,189734,18.7,19.0,18.55,19.0,0.0,11
2025-08-06,4413,19021,355725,18.5,18.9,18.5,18.85,-0.15,16
2025-08-07,4413,14161,262977,18.55,18.8,18.5,18.5,-0.35,12
2025-08-08,4413,18105,334162,18.45,18.5,18.4,18.4,-0.1,14
2025-08-11,4413,57738,1088027,18.25,19.3,18.2,18.85,0.45,62
2025-08-12,4413,158634,3078838,20.0,20.0,18.8,18.8,-0.05,105
2025-08-13,4413,34000,629300,18.4,18.8,18.35,18.7,-0.1,29
2025-08-14,4413,32000,602850,18.7,19.0,18.7,18.95,0.25,21
2025-08-15,4413,232299,4673913,18.75,20.8,18.7,19.7,0.75,117
2025-08-18,4413,62064,1243488,19.95,20.5,19.7,19.85,0.15,58
2025-08-19,4413,6045,120032,20.1,20.1,19.7,19.8,-0.05,6
2025-08-20,4413,46399,910216,19.45,20.2,19.35,19.9,0.1,38
2025-08-21,4413,23015,458996,20.25,20.25,19.75,19.9,0.0,23
2025-08-22,4413,13000,253750,20.0,20.0,19.15,19.25,-0.65,10
2025-08-25,4413,2000,39500,19.8,19.8,19.7,19.7,0.45,2
2025-08-26,4413,3000,57050,19.0,19.15,18.9,19.15,-0.55,3
2025-08-27,4413,19055,355019,18.5,19.05,18.5,19.05,-0.1,17
2025-08-28,4413,1401,26587,19.05,19.05,19.05,19.05,0.0,10
2025-08-29,4413,1031,19554,19.0,19.0,19.0,19.0,-0.05,2
2025-09-01,4413,32967,596805,17.5,18.35,17.5,18.3,-0.7,26
2025-09-02,4413,22000,396100,18.2,18.25,17.8,17.9,-0.4,9
2025-09-03,4413,21000,385900,18.0,19.0,17.7,17.7,-0.2,13
2025-09-04,4413,57725,1080687,18.6,19.45,18.0,18.05,0.35,41
2025-09-05,4413,35685,642741,18.0,18.25,17.55,18.0,-0.05,31
2025-09-08,4413,13000,231250,17.5,18.3,17.5,17.6,-0.4,12
2025-09-09,4413,28167,508008,18.0,19.1,17.45,17.8,0.2,23
2025-09-10,4413,6090,109393,18.3,18.3,17.8,17.8,0.0,8
2025-09-11,4413,17010,302582,17.8,17.85,17.7,17.7,-0.1,12
2025-09-12,4413,17074,300480,17.6,17.6,17.6,17.6,-0.1,7
2025-09-15,4413,17060,298956,17.6,17.6,17.5,17.5,-0.1,7
2025-09-16,4413,9068,157692,17.5,17.5,17.0,17.0,-0.5,7
2025-09-17,4413,13026,218686,16.8,17.0,16.6,17.0,0.0,9
2025-09-18,4413,20000,348800,17.0,17.55,17.0,17.5,0.5,9
2025-09-19,4413,8000,138800,17.0,18.05,17.0,17.35,-0.15,7
2025-09-22,4413,7060,121544,17.35,17.35,17.0,17.3,-0.05,7
2025-09-23,4413,5000,86500,17.3,17.3,17.3,17.3,0.0,5
2025-09-24,4413,35032,620326,17.25,18.05,17.1,17.5,0.2,16
2025-09-25,4413,8001,139567,17.7,17.8,17.15,17.8,0.3,6
2025-09-26,4413,4041,70121,17.3,17.5,17.3,17.3,-0.5,4
2025-09-30,4413,2000,34100,17.1,17.1,17.0,17.0,-0.3,2
2025-10-01,4413,9000,154900,17.5,17.8,17.0,17.0,0.0,9
2025-10-02,4413,7000,119450,17.05,17.3,17.0,17.3,0.3,6
2025-10-03,4413,0,0,0.0,0.0,0.0,0.0,0.0,0
2025-10-07,4413,9000,156000,17.05,17.6,17.05,17.3,0.0,6
2025-10-08,4413,15079,266790,17.5,18.1,17.35,17.9,0.6,15
2025-10-09,4413,18137,329101,18.2,18.2,17.85,18.2,0.3,9
2025-10-13,4413,1000,18000,18.0,18.0,18.0,18.0,-0.2,1
2025-10-14,4413,119812,2330434,19.65,19.8,18.9,19.4,1.4,124
2025-10-15,4413,63005,1229146,19.35,19.8,19.3,19.8,0.4,41
2025-10-16,4413,21002,404142,19.1,19.35,19.1,19.1,-0.7,16
2025-10-17,4413,46225,833321,19.8,19.8,17.2,18.15,-0.95,47
2025-10-20,4413,64000,1126800,17.65,18.0,17.2,18.0,-0.15,34
2025-10-21,4413,49298,918355,18.2,19.6,18.2,19.6,1.6,33
2025-10-22,4413,15570,304964,19.6,19.6,19.55,19.6,0.0,26
2025-10-23,4413,3000,58800,19.6,19.6,19.6,19.6,0.0,2
2025-10-27,4413,17500,342421,19.6,19.6,19.55,19.55,-0.05,16
2025-10-28,4413,3266,62949,19.1,19.35,19.1,19.35,-0.2,12
2025-10-29,4413,10000,190550,19.35,19.35,18.65,18.65,-0.7,9
2025-10-30,4413,15096,284874,18.85,19.1,18.7,19.05,0.4,16
2025-10-31,4413,9665,186168,19.5,19.5,19.2,19.2,0.15,9
2025-11-03,4413,2098,40087,19.0,19.2,19.0,19.2,0.0,11
2025-11-04,4413,134,2693,0.0,0.0,0.0,0.0,0.0,1
2025-11-05,4413,7300,138339,19.6,19.6,18.6,18.6,-0.6,8
2025-11-06,4413,5252,99988,19.0,19.2,19.0,19.2,0.6,7
2025-11-07,4413,10166,196260,19.3,19.3,19.3,19.3,0.1,9
2025-11-10,4413,35346,694019,19.3,20.0,19.3,19.55,0.25,32
2025-11-11,4413,0,0,0.0,0.0,0.0,0.0,0.0,0
2025-11-12,4413,24165,459391,19.4,19.4,18.3,19.0,0.2,30
2025-11-13,4413,10100,191900,19.0,19.0,19.0,19.0,0.0,6
2025-11-14,4413,53200,1026119,19.0,19.65,19.0,19.3,0.3,36
2025-11-17,4413,35099,663982,19.25,19.3,18.45,18.45,-0.85,24
2025-11-18,4413,5164,96488,18.45,19.0,18.45,19.0,0.55,8
2025-11-19,4413,1000,19200,19.2,19.2,19.2,19.2,0.2,1
2025-11-20,4413,7000,132850,19.15,19.15,18.75,18.75,-0.45,6
2025-11-21,4413,6000,114300,18.9,19.35,18.9,19.35,0.6,6
2025-11-24,4413,17000,317950,18.75,18.9,18.5,18.85,-0.5,16
2025-11-25,4413,11001,205970,18.85,18.9,18.2,18.55,-0.3,11
2025-11-26,4413,4000,74000,18.6,18.6,18.3,18.3,-0.25,3
2025-11-27,4413,1000,18350,18.35,18.35,18.35,18.35,0.05,1
2025-11-28,4413,8000,147050,18.4,18.45,18.3,18.3,-0.05,5
2025-12-01,4413,5000,91350,18.25,18.3,18.25,18.3,0.0,4
2025-12-02,4413,2000,36100,18.05,18.05,18.05,18.05,-0.25,2
2025-12-03,4413,13050,235930,18.1,18.2,17.95,18.0,-0.05,13
2025-12-04,4413,5000,91950,18.35,18.55,18.25,18.25,0.25,5
2025-12-05,4413,6019,109243,17.7,18.55,17.7,18.25,0.0,7
2025-12-08,4413,5025,91056,18.05,18.2,18.0,18.15,-0.1,6
2025-12-09,4413,84122,1462912,18.0,18.05,16.95,17.25,-0.9,53
2025-12-10,4413,40115,704181,17.25,17.95,17.25,17.5,0.25,18
2025-12-11,4413,10000,179600,17.7,18.4,17.7,17.9,0.4,9
2025-12-12,4413,22100,389708,17.5,18.2,17.0,17.6,-0.3,22
2025-12-15,4413,4000,70350,17.3,17.85,17.3,17.7,0.1,4
2025-12-16,4413,3332,58874,17.7,17.7,17.7,17.7,0.0,5
2025-12-17,4413,1000,17600,17.6,17.6,17.6,17.6,-0.1,1
2025-12-18,4413,11000,193450,17.6,17.6,17.45,17.45,-0.15,3
2025-12-19,4413,8000,138650,17.4,17.4,17.3,17.4,-0.05,7
2025-12-22,4413,0,0,0.0,0.0,0.0,0.0,0.0,0
2025-12-23,4413,8000,138650,17.4,17.4,17.1,17.1,-0.3,4
2025-12-24,4413,5018,88157,17.0,17.9,17.0,17.85,0.75,7
2025-12-26,4413,5000,86000,17.2,17.2,17.2,17.2,-0.65,3
2025-12-29,4413,10120,174081,17.25,17.4,17.0,17.15,-0.05,17
2025-12-30,4413,3119,53522,17.2,17.2,17.2,17.2,0.05,7
2025-12-31,4413,100,1550,0.0,0.0,0.0,0.0,0.0,2
2026-01-02,4413,7320,126598,17.35,17.4,17.35,17.4,0.25,13
2026-01-05,4413,13001,224617,17.7,17.8,17.0,17.4,0.0,12
2026-01-06,4413,11798,205864,17.7,17.8,17.3,17.3,-0.1,12
2026-01-07,4413,12385,218560,17.3,17.85,17.3,17.65,0.35,16
2026-01-08,4413,6878,120911,17.7,17.7,17.6,17.6,-0.05,10
2026-01-09,4413,49783,892759,16.95,18.95,16.95,17.8,0.2,51
2026-01-12,4413,40100,724360,18.3,18.3,17.7,18.3,0.5,36
2026-01-13,4413,12001,212976,17.8,18.15,17.7,18.15,-0.15,24
2026-01-14,4413,19000,340200,17.75,18.3,17.6,18.15,0.0,15
2026-01-15,4413,14110,257791,18.35,18.35,18.1,18.1,-0.05,12
2026-01-16,4413,46703,863041,18.5,18.5,18.25,18.25,0.15,19
2026-01-19,4413,1006,18553,18.45,18.45,18.45,18.45,0.2,2
2026-01-20,4413,39011,719740,18.65,18.7,17.85,18.45,0.0,19
2026-01-21,4413,1000,18450,18.45,18.45,18.45,18.45,0.0,1
2026-01-22,4413,5091,91229,18.0,18.05,17.75,18.05,-0.4,15
2026-01-23,4413,6091,110592,18.05,18.3,18.05,18.15,0.1,8
2026-01-26,4413,6000,110700,18.5,18.5,18.3,18.3,0.15,5
2026-01-27,4413,9077,167448,18.5,18.5,18.3,18.3,0.0,10
2026-01-28,4413,3778,68002,18.3,18.3,18.2,18.2,-0.1,9
2026-01-29,4413,16705,298015,18.0,18.0,17.65,17.65,-0.55,31
2026-01-30,4413,1072,19263,18.0,18.0,18.0,18.0,0.35,2
2026-02-02,4413,2000,35900,18.1,18.1,17.8,17.8,-0.2,2
2026-02-03,4413,2109,37821,18.2,18.2,17.85,17.85,0.05,4
2026-02-04,4413,14000,255150,18.15,18.4,17.95,17.95,0.1,13
2026-02-05,4413,10000,181000,18.25,18.3,18.0,18.0,0.05,8
2026-02-06,4413,5042,90748,18.0,18.0,18.0,18.0,0.0,5
2026-02-09,4413,9,148,0.0,0.0,0.0,0.0,0.0,1
2026-02-10,4413,2100,38250,18.3,18.3,18.3,18.3,0.2,4
2026-02-11,4413,34038,624910,18.4,18.4,17.8,17.8,-0.5,12
2026-02-23,4413,10042,182506,18.25,18.25,18.0,18.2,0.4,8
2026-02-24,4413,14560,265612,18.2,18.3,18.2,18.2,0.0,11
2026-02-25,4413,1001,17768,17.75,17.75,17.75,17.75,-0.45,2
2026-02-26,4413,55004,963719,17.5,17.65,17.5,17.65,-0.1,24
2026-03-02,4413,15468,275135,17.7,18.15,17.7,18.0,0.35,14
2026-03-03,4413,1002,18032,18.0,18.0,18.0,18.0,0.0,2
2026-03-04,4413,2000,36000,18.0,18.0,18.0,18.0,0.0,2
2026-03-05,4413,2000,36750,18.4,18.4,18.35,18.35,0.35,2
2026-03-06,4413,1000,18350,18.35,18.35,18.35,18.35,0.0,1
2026-03-09,4413,3000,54850,18.2,18.35,18.2,18.35,0.0,3
2026-03-10,4413,38102,724308,20.15,20.15,17.7,17.7,-0.65,43
2026-03-11,4413,9000,161300,18.1,18.1,17.7,17.7,0.0,9
2026-03-12,4413,0,0,0.0,0.0,0.0,0.0,0.0,0
2026-03-13,4413,17000,305000,18.0,18.1,17.9,17.9,-0.1,9
2026-03-16,4413,20000,358200,17.9,18.05,17.9,17.9,0.0,6
2026-03-17,4413,4000,72550,18.1,18.15,18.1,18.15,0.25,4
2026-03-18,4413,5100,92200,18.0,18.1,18.0,18.1,-0.05,5
2026-03-19,4413,67,1208,0.0,0.0,0.0,0.0,0.0,16
2026-03-20,4413,1050,18895,18.0,18.0,18.0,18.0,-0.05,2
2026-03-23,4413,51,856,0.0,0.0,0.0,0.0,0.0,3
2026-03-24,4413,1106,20108,18.2,18.2,18.2,18.2,0.2,18
2026-03-25,4413,3687,66509,18.2,18.2,17.8,17.8,-0.4,7
2026-03-26,4413,5153,90227,17.6,17.6,17.5,17.5,-0.3,7
2026-03-27,4413,4056,71179,17.5,17.6,17.5,17.55,0.05,7
2026-03-30,4413,0,0,0.0,0.0,0.0,0.0,0.0,0
2026-03-31,4413,7000,122950,17.55,17.6,17.55,17.55,0.0,6
2026-04-01,4413,1101,19699,18.1,18.1,18.1,18.1,0.55,4
2026-04-02,4413,0,0,0.0,0.0,0.0,0.0,0.0,0
2026-04-07,4413,3000,52550,17.55,17.55,17.5,17.5,-0.55,3
2026-04-08,4413,761,12337,0.0,0.0,0.0,0.0,0.0,12
2026-04-09,4413,9300,162112,17.05,17.65,17.05,17.65,0.15,11
2026-04-10,4413,15058,271600,18.05,18.1,17.35,17.35,-0.3,10
2026-04-13,4413,4005,70737,17.65,17.7,17.65,17.7,0.35,6
2026-04-14,4413,9000,162150,17.8,18.15,17.8,18.15,0.45,9
2026-04-15,4413,21167,377130,17.7,18.1,17.5,17.85,-0.3,19
2026-04-16,4413,6000,106500,17.6,17.9,17.6,17.9,0.05,6
2026-04-17,4413,2000,36400,18.2,18.2,18.2,18.2,0.3,2
2026-04-20,4413,29616,546006,18.55,18.55,18.3,18.3,0.1,23
2026-04-21,4413,55483,1050258,18.7,19.85,18.3,19.35,1.05,35
2026-04-22,4413,67435,1271090,19.0,19.2,18.55,18.8,-0.55,45
2026-04-23,4413,3050,57587,18.6,19.2,18.6,18.85,0.05,4
2026-04-24,4413,12039,222136,18.3,19.2,18.3,19.2,0.35,8
2026-04-27,4413,22026,420392,18.85,19.25,18.85,19.0,-0.2,15
2026-04-28,4413,10,191,0.0,0.0,0.0,0.0,0.0,1
2026-04-29,4413,3055,57267,18.75,18.75,18.75,18.75,0.0,3
2026-04-30,4413,14000,263600,18.2,19.05,18.15,19.05,0.3,10
2026-05-04,4413,61011,1159956,19.05,19.2,18.9,18.9,-0.15,30
2026-05-05,4413,36097,679690,19.05,19.05,18.7,19.0,0.1,20
2026-05-06,4413,8000,149900,18.95,18.95,18.55,18.6,-0.4,8
2026-05-07,4413,8039,152175,18.9,19.1,18.7,18.7,0.1,11
2026-05-08,4413,10503,190266,18.2,18.6,17.8,18.6,-0.1,17
2026-05-11,4413,10000,189050,18.8,19.1,18.6,18.6,0.0,7
2026-05-12,4413,17000,320250,18.7,19.05,18.7,18.7,0.1,10
2026-05-13,4413,0,0,0.0,0.0,0.0,0.0,0.0,0
2026-05-14,4413,4000,72600,18.1,18.2,18.1,18.1,-0.4,3
2026-05-15,4413,4225,76872,18.15,18.4,18.1,18.4,0.3,6
2026-05-18,4413,9055,164901,18.4,18.4,18.1,18.1,-0.3,7
2026-05-19,4413,56,1019,0.0,0.0,0.0,0.0,0.0,1
2026-05-20,4413,11000,195200,17.85,18.0,17.4,18.0,-0.1,10
2026-05-21,4413,1,18,0.0,0.0,0.0,0.0,0.0,1
2026-05-22,4413,16043,282045,17.5,17.7,17.35,17.7,-0.3,26
2026-05-25,4413,24227,406008,17.2,17.2,16.3,17.2,-0.5,28
2026-05-26,4413,33185,553604,16.55,17.4,16.4,17.0,-0.2,39
2026-05-27,4413,5216,88477,17.15,17.15,16.9,16.9,-0.1,12
2026-05-28,4413,11759,197683,17.15,17.15,16.7,16.7,-0.2,18
2026-05-29,4413,2169,36979,17.25,17.25,17.0,17.0,0.3,3
2026-06-01,4413,7981,133152,16.5,17.05,16.5,16.7,-0.3,17
2026-06-02,4413,1057,17018,0.0,0.0,0.0,0.0,0.0,4
2026-06-03,4413,14033,233357,16.7,16.7,16.5,16.6,-0.1,18
2026-06-04,4413,11079,186906,16.95,17.0,16.65,16.65,0.05,12
2026-06-05,4413,6000,99650,16.5,16.75,16.5,16.75,0.1,5
2026-06-08,4413,0,0,0.0,0.0,0.0,0.0,0.0,0
2026-06-09,4413,1494,23977,0.0,0.0,0.0,0.0,0.0,8
2026-06-10,4413,15497,246003,16.4,16.4,15.5,15.55,-1.2,31
2026-06-11,4413,18001,290916,16.15,16.45,16.05,16.15,0.6,14
2026-06-12,4413,11016,183505,16.45,16.85,16.45,16.8,0.65,13
2026-06-15,4413,11036,186251,16.9,16.9,16.65,16.65,-0.15,6
2026-06-16,4413,12000,199700,16.6,16.65,16.6,16.6,-0.05,3
2026-06-17,4413,1001,16616,16.6,16.6,16.6,16.6,0.0,2
2026-06-18,4413,0,0,0.0,0.0,0.0,0.0,0.0,0
2026-06-22,4413,13000,209800,16.15,16.25,16.0,16.25,-0.35,9
2026-06-23,4413,3066,49064,16.0,16.0,16.0,16.0,-0.25,8
2026-06-24,4413,7000,109250,15.55,15.8,15.55,15.6,-0.4,7
2026-06-25,4413,9065,141317,15.6,15.6,15.5,15.6,0.0,6
2026-06-26,4413,9643,146977,15.5,15.6,15.1,15.6,0.0,14
2026-06-29,4413,27653,417739,15.95,15.95,14.6,15.1,-0.5,23
2026-06-30,4413,36662,548383,14.75,15.1,14.75,15.1,0.0,26
2026-07-01,4413,39076,573692,15.0,15.0,14.3,14.3,-0.8,31
2026-07-02,4413,9174,130046,14.3,14.3,14.0,14.3,0.0,14
2026-07-03,4413,20131,293412,14.3,15.05,14.3,15.05,0.75,25
2026-07-06,4413,23104,340288,14.7,15.0,14.4,14.9,-0.15,23
2026-07-07,4413,12344,179305,14.8,14.85,14.4,14.85,-0.05,15
2026-07-08,4413,1100,15994,14.55,14.55,14.55,14.55,-0.3,3
2026-07-09,4413,1498,22174,14.9,14.9,14.9,14.9,0.35,6
2026-07-13,4413,6001,89214,14.85,14.95,14.7,14.7,-0.2,7
2026-07-14,4413,8366,121926,14.7,14.9,14.15,14.9,0.2,15
2026-07-15,4413,3504,52200,14.85,14.9,14.85,14.9,0.0,13
2026-07-16,4413,21148,303665,14.9,14.9,14.15,14.4,0.0,26
2026-07-17,4413,6136,87000,14.1,14.55,14.0,14.35,-0.05,12
2026-07-20,4413,1000,14400,14.4,14.4,14.4,14.4,0.05,1
2026-07-21,4413,20388,290453,14.45,14.7,14.2,14.35,-0.05,29
2026-07-22,4413,12894,184662,14.15,14.4,14.0,14.25,-0.1,18
2026-07-23,4413,13000,184200,14.2,14.25,14.0,14.25,0.0,8
2026-07-24,4413,6100,85420,13.8,14.3,13.8,14.3,0.05,8
2026-07-27,4413,7000,99750,14.25,14.25,14.25,14.25,-0.05,3
2026-07-28,4413,4071,56658,14.15,14.15,13.6,14.05,-0.2,6
2026-07-29,4413,2784,39080,14.2,14.2,14.1,14.1,0.05,4
2026-07-30,4413,15100,209594,14.25,14.25,13.8,14.05,-0.05,9
2026-07-31,4413,10000,138450,14.05,14.2,13.7,13.9,-0.15,7
2026-08-03,4413,3100,44164,14.25,14.25,14.25,14.25,0.35,5
2026-08-04,4413,57,806,0.0,0.0,0.0,0.0,0.0,1
2026-08-05,4413,14151,202728,14.2,14.45,14.2,14.45,0.25,10
2026-08-06,4413,27041,396962,14.45,14.95,14.45,14.75,0.3,18
2026-08-07,4413,39000,576300,14.2,15.0,14.2,14.9,0.15,30
2026-08-10,4413,8375,129061,15.45,15.45,15.3,15.3,0.4,10
2026-08-11,4413,13320,205446,15.3,15.5,15.3,15.5,0.2,12
2026-08-12,4413,115084,1943711,15.95,17.05,15.95,17.05,1.55,90
2026-08-13,4413,69274,1289834,18.0,18.75,18.0,18.75,1.7,60
2026-08-14,4413,455966,8994724,20.55,20.6,18.45,19.2,0.45,286
2026-08-17,4413,182007,3475855,19.2,19.4,18.95,19.35,0.15,92
2026-08-18,4413,95283,1927887,19.5,21.15,19.5,19.6,0.25,123
2026-08-19,4413,21233,417810,19.55,20.0,19.55,19.6,0.0,18
2026-08-20,4413,32145,627525,19.65,19.65,19.4,19.4,-0.2,32
2026-08-21,4413,10196,203359,20.0,20.0,19.65,19.65,0.25,8
2026-08-24,4413,39000,744500,19.2,19.45,19.0,19.45,-0.2,18
2026-08-25,4413,79000,1554300,19.55,20.0,19.45,19.65,0.2,40
2026-08-26,4413,51000,1001450,19.9,19.9,19.4,19.7,0.05,26
2026-08-27,4413,190196,3907028,19.8,21.25,19.8,19.9,0.2,108
2026-08-28,4413,67109,1341299,20.0,20.5,19.8,19.8,-0.1,37
2026-08-31,4413,44359,886187,20.0,20.6,19.8,19.9,0.1,44
2026-09-01,4413,69262,1380941,20.05,20.1,19.8,19.95,0.05,35
2026-09-02,4413,48176,965371,19.95,20.6,19.7,19.9,-0.05,27
2026-09-03,4413,28080,554200,19.95,20.0,19.6,20.0,0.1,26
2026-09-04,4413,15214,301872,20.0,20.0,19.7,19.7,-0.3,20
2026-09-07,4413,4000,78650,19.7,19.7,19.55,19.55,-0.15,3
2026-09-08,4413,2091,41440,19.7,20.0,19.7,20.0,0.45,4
2026-09-09,4413,58228,1132897,20.0,20.0,19.0,19.55,-0.45,30
2026-09-10,4413,7062,136411,19.5,19.5,19.1,19.1,-0.45,9
2026-09-11,4413,80050,1512507,19.2,19.4,18.75,19.4,0.3,39
2026-09-14,4413,0,0,0.0,0.0,0.0,0.0,0.0,0
2026-09-15,4413,4062,78904,19.85,19.85,18.8,18.8,-0.6,7
2026-09-16,4413,1013,19444,19.2,19.2,19.2,19.2,0.4,2
2026-09-17,4413,17275,332475,19.2,19.6,18.9,19.3,0.1,15
2026-09-18,4413,0,0,0.0,0.0,0.0,0.0,0.0,0
2026-09-21,4413,32000,598350,19.0,19.1,18.6,18.85,-0.45,19
2026-09-22,4413,159513,3195028,19.85,20.7,19.1,19.85,1.0,146
2026-09-23,4413,101684,2094786,19.85,21.0,19.8,20.8,0.95,81
2026-09-24,4413,49207,1037129,21.35,21.4,20.8,21.15,0.35,47
