date,stock_id,Trading_Volume,Trading_money,open,max,min,close,spread,Trading_turnover
2016-09-29,4541,77001,2292629,30.0,30.0,29.65,29.7,-0.2,51
2016-09-30,4541,93031,2728064,29.4,29.5,29.0,29.4,-0.3,57
2016-10-03,4541,21071,626530,29.6,29.9,29.6,29.9,0.5,19
2016-10-04,4541,41125,1228624,29.95,30.0,29.8,29.8,-0.1,33
2016-10-05,4541,22000,657800,29.8,30.0,29.8,29.9,0.1,17
2016-10-06,4541,26111,781851,29.9,30.0,29.9,29.95,0.05,21
2016-10-07,4541,40018,1188833,29.7,29.9,29.6,29.7,-0.25,27
2016-10-11,4541,137050,3963625,29.3,29.5,28.7,28.85,-0.85,77
2016-10-12,4541,50320,1444612,28.85,29.25,28.5,29.0,0.15,38
2016-10-13,4541,68000,1987800,29.45,29.6,28.85,28.85,-0.15,42
2016-10-14,4541,37000,1061150,29.0,29.0,28.6,28.7,-0.15,19
2016-10-17,4541,21016,602410,28.5,29.0,28.5,28.75,0.05,18
2016-10-18,4541,38052,1089845,28.75,28.75,28.5,28.55,-0.2,26
2016-10-19,4541,20018,574363,28.6,28.8,28.55,28.7,0.15,18
2016-10-20,4541,46010,1323189,28.7,28.9,28.55,28.9,0.2,36
2016-10-21,4541,51194,1488095,28.6,29.3,28.6,29.3,0.4,38
2016-10-24,4541,54030,1590129,29.3,29.6,29.0,29.3,0.0,32
2016-10-25,4541,20087,583418,29.0,29.2,28.9,28.9,-0.4,20
2016-10-26,4541,29321,842266,28.7,28.8,28.7,28.7,-0.2,17
2016-10-27,4541,20020,577230,28.7,29.0,28.7,28.8,0.1,15
2016-10-28,4541,14010,402991,28.55,28.85,28.55,28.85,0.05,11
2016-10-31,4541,24030,688355,28.5,28.8,28.5,28.8,-0.05,17
2016-11-01,4541,8000,231650,29.0,29.0,28.7,28.7,-0.1,8
2016-11-02,4541,75010,2113680,28.9,28.9,27.9,28.2,-0.5,43
2016-11-03,4541,122135,3358646,27.95,27.95,27.0,27.5,-0.7,60
2016-11-04,4541,39022,1081711,27.9,27.9,27.5,27.8,0.3,24
2016-11-07,4541,74245,2056809,27.6,28.5,27.0,28.3,0.5,47
2016-11-08,4541,179435,4960303,27.85,28.35,27.2,27.5,-0.8,97
2016-11-09,4541,172000,4605550,27.2,27.85,26.3,26.4,-1.1,99
2016-11-10,4541,180000,4804850,26.4,27.6,26.1,26.8,0.4,96
2016-11-11,4541,52200,1383810,26.3,26.85,26.3,26.3,-0.5,28
2016-11-14,4541,48010,1265262,26.1,26.8,26.1,26.5,0.2,31
2016-11-15,4541,13360,358662,27.2,27.2,26.65,27.0,0.5,12
2016-11-16,4541,20001,537726,27.0,27.0,26.8,26.8,-0.2,12
2016-11-17,4541,51000,1350250,26.35,26.8,26.2,26.45,-0.35,25
2016-11-18,4541,20087,532355,26.4,26.7,26.4,26.55,0.1,15
2016-11-21,4541,37001,982826,26.45,26.7,26.45,26.5,-0.05,23
2016-11-22,4541,21100,563390,26.7,27.0,26.45,26.45,-0.05,20
2016-11-23,4541,62642,1668140,26.5,27.0,26.45,27.0,0.55,38
2016-11-24,4541,27066,721708,26.6,26.8,26.55,26.65,-0.35,21
2016-11-25,4541,89205,2445796,27.3,27.7,27.05,27.3,0.65,69
2016-11-28,4541,51453,1385789,27.0,27.3,26.75,26.75,-0.55,40
2016-11-29,4541,20070,541424,27.2,27.2,26.7,26.7,-0.05,21
2016-11-30,4541,11000,297200,26.95,27.25,26.8,26.8,0.1,8
2016-12-01,4541,26000,704950,26.75,27.3,26.7,27.0,0.2,22
2016-12-02,4541,37287,1001489,27.15,27.15,26.6,26.8,-0.2,33
2016-12-05,4541,50000,1338050,26.9,27.0,26.6,27.0,0.2,29
2016-12-06,4541,31077,840625,27.05,27.1,26.9,27.1,0.1,26
2016-12-07,4541,28127,761005,27.1,27.2,26.95,27.2,0.1,17
2016-12-08,4541,62080,1664608,27.1,27.1,26.7,26.7,-0.5,42
2016-12-09,4541,59320,1585782,26.8,27.0,26.5,26.6,-0.1,38
2016-12-12,4541,86072,2264772,27.0,27.0,26.1,26.1,-0.5,57
2016-12-13,4541,59974,1575919,26.3,26.75,26.1,26.1,0.0,35
2016-12-14,4541,44114,1150919,26.1,26.2,26.0,26.05,-0.05,33
2016-12-15,4541,27160,711840,26.0,26.4,26.0,26.4,0.35,18
2016-12-16,4541,8000,210500,26.3,26.45,26.25,26.25,-0.15,8
2016-12-19,4541,35505,945080,26.4,26.95,26.4,26.45,0.2,22
2016-12-20,4541,26121,696193,26.9,26.95,26.45,26.45,0.0,24
2016-12-21,4541,20001,531126,26.9,26.9,26.4,26.8,0.35,16
2016-12-22,4541,2000,53300,26.5,26.8,26.5,26.8,0.0,2
2016-12-23,4541,15001,397426,26.8,26.8,26.45,26.45,-0.35,7
2016-12-26,4541,22040,581297,26.45,26.8,26.2,26.5,0.05,15
2016-12-27,4541,8020,212625,26.9,26.9,26.35,26.6,0.1,10
2016-12-28,4541,11000,291900,26.35,26.6,26.35,26.6,0.0,8
2016-12-29,4541,12010,317063,26.4,26.5,26.35,26.5,-0.1,11
2016-12-30,4541,14030,371692,26.5,26.7,26.4,26.7,0.2,12
2017-01-03,4541,10101,269545,26.7,26.7,26.65,26.7,0.0,12
2017-01-04,4541,18381,479807,24.5,26.65,24.5,26.65,-0.05,18
2017-01-05,4541,4022,106332,26.35,26.6,26.3,26.5,-0.15,6
2017-01-06,4541,28131,744412,26.5,26.7,26.4,26.45,-0.05,27
2017-01-09,4541,25134,662710,26.4,26.45,26.2,26.2,-0.25,17
2017-01-10,4541,26000,680550,26.75,26.75,26.0,26.1,-0.1,22
2017-01-11,4541,41123,1078610,26.1,26.4,26.1,26.2,0.1,29
2017-01-12,4541,32020,840874,26.2,26.75,26.15,26.2,0.0,29
2017-01-13,4541,36040,942798,26.1,26.45,26.05,26.2,0.0,32
2017-01-16,4541,34010,892260,26.2,26.5,26.2,26.2,0.0,30
2017-01-17,4541,55040,1440502,26.15,26.6,26.05,26.25,0.05,40
2017-01-18,4541,19170,504970,26.3,26.4,26.25,26.25,0.0,18
2017-01-19,4541,36000,952200,26.3,26.7,26.3,26.3,0.05,15
2017-01-20,4541,44000,1154100,26.5,26.5,26.15,26.2,-0.1,26
2017-01-23,4541,8129,213397,26.0,26.4,26.0,26.4,0.2,9
2017-01-24,4541,32010,842164,26.6,26.6,26.2,26.3,-0.1,21
2017-02-02,4541,64030,1673835,26.0,26.5,26.0,26.25,-0.05,60
2017-02-03,4541,70937,1852862,26.25,26.3,26.0,26.3,0.05,50
2017-02-06,4541,83155,2179957,26.05,26.35,26.05,26.25,-0.05,58
2017-02-07,4541,404618,11004034,26.3,28.0,26.3,27.85,1.6,283
2017-02-08,4541,474230,13636665,28.7,29.15,28.2,28.8,0.95,336
2017-02-09,4541,113148,3213923,28.5,28.8,28.2,28.2,-0.6,80
2017-02-10,4541,112910,3134970,28.1,28.35,27.3,27.3,-0.9,82
2017-02-13,4541,160749,4324573,26.95,27.2,26.75,26.8,-0.5,97
2017-02-14,4541,152316,4115305,26.85,27.4,26.8,26.85,0.05,99
2017-02-15,4541,130317,3491999,26.85,27.2,26.6,26.7,-0.15,104
2017-02-16,4541,139409,3731119,26.85,27.0,26.6,26.7,0.0,89
2017-02-17,4541,160014,4338078,26.8,27.35,26.8,27.3,0.6,96
2017-02-18,4541,231000,6337950,27.5,28.0,27.0,27.25,-0.05,131
2017-02-20,4541,181602,4983794,27.1,27.65,27.1,27.2,-0.05,66
2017-02-21,4541,61023,1653273,27.05,27.4,26.85,26.95,-0.25,55
2017-02-22,4541,83311,2262805,27.2,27.5,27.0,27.2,0.25,69
2017-02-23,4541,101115,2733455,27.45,27.45,26.8,26.8,-0.4,57
2017-02-24,4541,53140,1429494,26.8,27.5,26.8,26.9,0.1,47
2017-03-01,4541,53020,1425440,26.9,27.0,26.75,26.75,-0.15,42
2017-03-02,4541,144154,3837831,26.75,26.85,26.5,26.5,-0.25,99
2017-03-03,4541,112000,2943600,26.9,26.95,26.1,26.4,-0.1,67
2017-03-06,4541,27236,719409,26.15,26.55,26.15,26.4,0.0,28
2017-03-07,4541,43020,1139276,26.4,26.65,26.4,26.4,0.0,35
2017-03-08,4541,54228,1432230,26.3,26.5,26.3,26.4,0.0,41
2017-03-09,4541,519798,14334186,26.5,28.3,26.5,27.0,0.6,331
2017-03-10,4541,92100,2494090,27.05,27.5,26.55,27.4,0.4,75
2017-03-13,4541,426587,11962346,28.05,28.5,27.55,27.85,0.45,241
2017-03-14,4541,120642,3375261,28.3,28.3,27.8,27.9,0.05,92
2017-03-15,4541,98258,2744209,28.0,28.2,27.75,27.75,-0.15,72
2017-03-16,4541,75998,2105342,28.0,28.2,27.5,27.75,0.0,53
2017-03-17,4541,68000,1891200,28.0,28.0,27.55,27.6,-0.15,53
2017-03-20,4541,24129,664797,27.6,27.6,27.4,27.6,0.0,22
2017-03-21,4541,26305,720946,27.6,27.6,27.3,27.5,-0.1,23
2017-03-22,4541,59300,1621104,27.5,27.7,27.15,27.35,-0.15,46
2017-03-23,4541,38735,1063467,27.65,27.65,27.4,27.4,0.05,28
2017-03-24,4541,64000,1748400,27.5,27.5,27.15,27.5,0.1,47
2017-03-27,4541,84638,2353881,27.5,28.15,27.5,27.65,0.15,58
2017-03-28,4541,67050,1826535,27.4,27.85,26.95,26.95,-0.7,55
2017-03-29,4541,17000,459800,26.95,27.3,26.95,27.05,0.1,12
2017-03-30,4541,51000,1367400,27.05,27.05,26.6,26.8,-0.25,27
2017-03-31,4541,52001,1408377,26.8,27.5,26.8,27.15,0.35,28
2017-04-05,4541,75010,2049818,27.5,27.5,27.05,27.05,-0.1,55
2017-04-06,4541,62000,1672200,27.0,27.2,26.9,27.0,-0.05,37
2017-04-07,4541,26020,698284,27.0,27.0,26.7,26.95,-0.05,22
2017-04-10,4541,47226,1284942,26.95,27.5,26.95,27.4,0.45,40
2017-04-11,4541,32276,865946,26.9,27.0,26.7,26.8,-0.6,29
2017-04-12,4541,44010,1183118,27.6,27.6,26.7,26.8,0.0,31
2017-04-13,4541,48050,1282142,26.7,26.8,26.5,26.6,-0.2,37
2017-04-14,4541,52000,1369950,26.7,26.7,26.2,26.2,-0.4,42
2017-04-17,4541,31236,824033,26.2,26.8,26.2,26.2,0.0,29
2017-04-18,4541,31020,823223,26.5,26.75,26.3,26.5,0.3,27
2017-04-19,4541,29006,763956,26.5,26.5,26.3,26.35,-0.15,34
2017-04-20,4541,22000,579150,26.35,26.45,26.25,26.25,-0.1,21
2017-04-21,4541,99145,2583034,26.25,26.3,26.0,26.2,-0.05,60
2017-04-24,4541,59271,1532696,26.25,26.25,25.6,25.95,-0.25,36
2017-04-25,4541,92297,2352431,26.0,26.0,25.3,25.7,-0.25,69
2017-04-26,4541,165000,4249650,25.7,26.0,25.7,25.8,0.1,73
2017-04-27,4541,39100,1009650,26.0,26.0,25.75,25.75,-0.05,19
2017-04-28,4541,80152,2054183,25.8,25.9,25.35,25.35,-0.4,42
2017-05-02,4541,81244,2051672,25.35,25.35,25.0,25.3,-0.05,59
2017-05-03,4541,165145,4122874,25.3,25.3,24.8,25.1,-0.2,130
2017-05-04,4541,12023,299779,25.25,25.25,24.65,25.0,-0.1,16
2017-05-05,4541,18000,449750,25.2,25.2,24.8,24.9,-0.1,11
2017-05-08,4541,3020,75400,25.0,25.0,24.9,24.9,0.0,4
2017-05-09,4541,58070,1417604,24.75,24.9,24.15,24.15,-0.75,48
2017-05-10,4541,27370,662577,24.2,24.25,24.1,24.2,0.05,25
2017-05-11,4541,107259,2653332,24.0,25.15,24.0,24.65,0.45,80
2017-05-12,4541,15000,373700,24.9,25.0,24.9,25.0,0.35,11
2017-05-15,4541,2300,57010,24.65,24.95,24.65,24.95,-0.05,3
2017-05-16,4541,17012,421101,25.0,25.0,24.5,24.95,0.0,18
2017-05-17,4541,20000,498300,24.95,25.0,24.7,24.95,0.0,16
2017-05-18,4541,27000,660650,24.5,24.6,24.35,24.5,-0.45,17
2017-05-19,4541,25100,612200,24.55,24.6,24.3,24.3,-0.2,24
2017-05-22,4541,15649,381050,24.4,24.45,24.3,24.3,0.0,13
2017-05-23,4541,27000,672800,24.9,25.0,24.8,24.8,0.5,11
2017-05-24,4541,13020,324346,25.0,25.0,24.65,24.65,-0.15,8
2017-05-25,4541,39010,955844,24.65,24.65,24.45,24.45,-0.2,18
2017-05-26,4541,26020,636492,24.5,24.6,24.2,24.45,0.0,19
2017-05-31,4541,27000,663000,24.8,24.8,24.5,24.5,0.05,11
2017-06-01,4541,38276,935405,24.3,24.5,24.3,24.5,0.0,26
2017-06-02,4541,21000,511850,24.45,24.45,24.3,24.4,-0.1,17
2017-06-03,4541,22010,538945,24.3,24.6,24.3,24.5,0.1,14
2017-06-05,4541,22002,536298,24.5,24.5,24.3,24.3,-0.2,17
2017-06-06,4541,51220,1256051,24.6,24.8,24.3,24.4,0.1,34
2017-06-07,4541,41234,1004576,24.5,24.5,24.3,24.4,0.0,26
2017-06-08,4541,44050,1072654,24.45,24.5,24.3,24.35,-0.05,19
2017-06-09,4541,59068,1437400,24.35,24.4,24.3,24.35,0.0,32
2017-06-12,4541,20080,488543,24.2,24.5,24.2,24.5,0.15,16
2017-06-13,4541,70020,1726690,24.5,24.8,24.3,24.75,0.25,37
2017-06-14,4541,18000,442050,24.75,24.75,24.35,24.6,-0.15,16
2017-06-15,4541,60271,1475746,24.6,24.7,24.4,24.6,0.0,28
2017-06-16,4541,24000,588600,24.8,24.8,24.3,24.6,0.0,20
2017-06-19,4541,30014,733537,24.5,24.7,24.3,24.35,-0.25,20
2017-06-20,4541,69050,1694765,24.45,24.75,24.4,24.4,0.05,46
2017-06-21,4541,13024,317741,24.45,24.45,24.35,24.45,0.05,12
2017-06-22,4541,30268,738435,24.4,24.45,24.35,24.4,-0.05,22
2017-06-23,4541,70000,1717850,24.4,24.9,24.4,24.7,0.3,33
2017-06-26,4541,32296,789786,24.7,24.7,24.35,24.35,-0.35,30
2017-06-27,4541,26087,634946,24.35,24.4,24.3,24.3,-0.05,22
2017-06-28,4541,12000,293600,24.4,24.5,24.3,24.45,0.15,9
2017-06-29,4541,27184,663367,24.45,24.45,24.35,24.35,-0.1,22
2017-06-30,4541,28313,689424,24.35,24.4,24.35,24.4,0.05,16
2017-07-03,4541,18162,441625,24.4,24.4,24.3,24.35,-0.05,19
2017-07-04,4541,45050,1093305,24.35,24.35,24.2,24.35,0.0,28
2017-07-05,4541,2000,48700,24.35,24.35,24.35,24.35,0.0,2
2017-07-06,4541,30020,726132,24.3,24.35,24.1,24.1,-0.25,25
2017-07-07,4541,67050,1603550,24.3,24.3,23.7,23.8,-0.3,42
2017-07-10,4541,80040,1891344,23.9,23.9,23.5,23.8,0.0,49
2017-07-11,4541,23284,549874,23.75,23.8,23.5,23.5,-0.3,27
2017-07-12,4541,46104,1097563,23.55,24.0,23.55,23.95,0.45,35
2017-07-13,4541,39491,953132,23.9,24.4,23.9,24.3,0.35,25
2017-07-14,4541,59010,1424492,24.3,24.45,23.95,24.4,0.1,28
2017-07-17,4541,32155,780663,24.3,24.5,24.05,24.4,0.0,27
2017-07-18,4541,20040,487472,24.4,24.4,24.1,24.4,0.0,12
2017-07-19,4541,171030,4184438,24.4,24.85,24.05,24.7,0.3,73
2017-07-20,4541,66000,1624500,24.5,24.8,24.45,24.45,-0.25,55
2017-07-21,4541,190020,4576082,24.9,24.9,23.6,24.35,-0.1,127
2017-07-24,4541,65000,1559000,24.35,24.35,23.8,23.85,-0.5,37
2017-07-25,4541,26000,621400,23.8,24.0,23.8,23.9,0.05,13
2017-07-26,4541,96001,2284473,23.85,24.0,23.7,23.8,-0.1,27
2017-07-27,4541,22010,521584,23.7,23.7,23.65,23.7,-0.1,12
2017-07-28,4541,45010,1064486,23.7,23.7,23.6,23.6,-0.1,33
2017-07-31,4541,53010,1264636,23.6,24.5,23.6,23.8,0.2,30
2017-08-01,4541,42020,1000570,24.15,24.15,23.6,23.75,-0.05,30
2017-08-02,4541,96131,2267057,23.75,24.05,23.5,23.75,0.0,72
2017-08-03,4541,56000,1318250,23.6,23.75,23.45,23.5,-0.25,38
2017-08-04,4541,107010,2505583,23.5,23.55,23.25,23.55,0.05,60
2017-08-07,4541,112000,2614100,23.5,23.55,23.25,23.55,0.0,45
2017-08-08,4541,14020,330472,23.55,23.65,23.5,23.5,-0.05,12
2017-08-09,4541,54100,1267010,23.5,23.5,23.3,23.3,-0.2,26
2017-08-10,4541,32170,749502,23.6,23.6,23.1,23.4,0.1,29
2017-08-11,4541,65020,1523474,23.6,24.1,23.0,23.5,0.1,34
2017-08-14,4541,58474,1370398,23.6,23.6,23.25,23.3,-0.2,35
2017-08-15,4541,131753,3103821,23.3,24.1,23.3,24.05,0.75,52
2017-08-16,4541,108020,2593375,24.0,24.3,23.75,24.0,-0.05,57
2017-08-17,4541,81152,1943298,24.0,24.0,23.75,24.0,0.0,28
2017-08-18,4541,37000,879750,24.0,24.0,23.7,23.9,-0.1,22
2017-08-21,4541,78100,1863039,24.0,24.0,23.8,24.0,0.1,31
2017-08-22,4541,79120,1880805,23.8,23.9,23.6,23.7,-0.3,29
2017-08-23,4541,22166,527134,23.7,23.85,23.7,23.7,0.0,17
2017-08-24,4541,32000,762650,23.75,23.9,23.75,23.8,0.1,19
2017-08-25,4541,55435,1319352,23.6,23.95,23.6,23.95,0.15,31
2017-08-28,4541,84298,2009736,23.95,23.95,23.75,23.8,-0.15,37
2017-08-29,4541,104001,2434973,23.8,23.8,23.7,23.8,0.0,27
2017-08-30,4541,81025,1939792,23.8,24.05,23.8,23.8,0.0,43
2017-08-31,4541,44011,1049558,23.8,24.0,23.7,23.8,0.0,27
2017-09-01,4541,36207,862623,23.6,24.0,23.6,23.75,-0.05,30
2017-09-04,4541,52102,1240948,24.2,24.2,23.65,23.65,-0.1,30
2017-09-05,4541,64183,1525349,23.65,24.0,23.65,24.0,0.35,30
2017-09-06,4541,19000,451400,23.7,23.85,23.7,23.75,0.0,11
2017-09-07,4541,76080,1826365,23.95,24.05,23.95,24.0,0.25,49
2017-09-08,4541,47013,1128162,24.0,24.05,23.9,24.05,0.05,21
2017-09-11,4541,561321,14605739,24.6,26.45,24.6,26.45,2.4,238
2017-09-12,4541,618103,16494149,27.0,27.3,25.5,25.5,-0.95,358
2017-09-13,4541,825269,22483709,25.5,28.05,25.45,27.7,2.2,426
2017-09-14,4541,492664,13778859,27.7,28.5,27.5,27.5,-0.2,252
2017-09-15,4541,191010,5231730,27.55,28.1,26.8,27.45,-0.05,102
2017-09-18,4541,303333,8219823,27.55,27.55,26.8,27.0,-0.45,111
2017-09-19,4541,110050,2975034,27.1,27.3,26.85,27.0,0.0,53
2017-09-20,4541,103049,2775173,27.05,27.05,26.7,26.7,-0.3,49
2017-09-21,4541,141000,3747350,26.7,26.9,26.3,26.4,-0.3,57
2017-09-22,4541,140060,3664540,26.5,26.5,25.7,25.7,-0.7,70
2017-09-25,4541,84087,2137183,25.75,25.75,25.1,25.35,-0.35,65
2017-09-26,4541,65007,1657177,25.35,25.9,25.35,25.35,0.0,32
2017-09-27,4541,61000,1560600,25.35,25.75,25.35,25.45,0.1,34
2017-09-28,4541,98010,2549908,25.4,26.5,25.4,25.75,0.3,62
2017-09-29,4541,346137,9285804,25.8,27.5,25.55,27.0,1.25,224
2017-09-30,4541,256080,7043034,27.0,27.9,26.85,27.5,0.5,139
2017-10-02,4541,223000,6170650,27.95,28.2,27.35,27.4,-0.1,114
2017-10-03,4541,94060,2552996,27.9,27.9,26.6,26.6,-0.8,66
2017-10-05,4541,87060,2324652,26.95,27.0,26.6,27.0,0.4,54
2017-10-06,4541,58457,1572697,27.15,27.3,26.8,26.8,-0.2,34
2017-10-11,4541,78212,2068967,26.85,26.85,26.05,26.1,-0.7,51
2017-10-12,4541,14229,372164,26.15,26.35,26.05,26.15,0.05,16
2017-10-13,4541,183070,4996890,26.2,27.85,26.15,26.9,0.75,108
2017-10-16,4541,71006,1873658,26.85,26.85,26.2,26.45,-0.45,40
2017-10-17,4541,17174,458040,26.45,27.4,26.4,26.4,-0.05,19
2017-10-18,4541,57000,1499850,26.5,26.5,26.1,26.1,-0.3,36
2017-10-19,4541,69000,1804650,26.1,26.3,26.1,26.15,0.05,36
2017-10-20,4541,134011,3484736,26.1,26.15,25.85,26.1,-0.05,73
2017-10-23,4541,49238,1285164,26.1,26.3,25.9,25.9,-0.2,30
2017-10-24,4541,69228,1792059,26.0,26.0,25.7,26.0,0.1,54
2017-10-25,4541,111021,2940606,26.05,27.0,26.05,26.5,0.5,78
2017-10-26,4541,90741,2423888,26.8,26.85,26.55,26.55,0.05,42
2017-10-27,4541,44000,1162350,26.25,26.65,26.25,26.25,-0.3,23
2017-10-30,4541,42000,1094400,26.05,26.25,26.0,26.1,-0.15,20
2017-10-31,4541,66005,1704030,25.85,25.95,25.7,25.8,-0.3,44
2017-11-01,4541,54000,1426300,27.0,27.0,26.15,26.4,0.6,46
2017-11-02,4541,53010,1385760,26.4,26.4,26.0,26.0,-0.4,26
2017-11-03,4541,44011,1147436,26.1,26.3,25.9,26.05,0.05,23
2017-11-06,4541,21001,548776,26.25,26.25,26.05,26.25,0.2,14
2017-11-07,4541,36000,945000,26.0,26.4,26.0,26.2,-0.05,19
2017-11-08,4541,65000,1708250,26.2,26.4,26.1,26.25,0.05,28
2017-11-09,4541,207000,5547250,26.4,27.5,26.3,26.45,0.2,102
2017-11-10,4541,198100,5342445,26.15,27.2,26.1,26.7,0.25,108
2017-11-13,4541,51000,1355150,26.75,26.8,26.2,26.4,-0.3,32
2017-11-14,4541,73004,1931555,26.6,26.6,26.4,26.45,0.05,34
2017-11-15,4541,57175,1530104,26.6,27.0,26.4,26.9,0.45,38
2017-11-16,4541,61001,1633226,26.9,26.95,26.6,26.9,0.0,30
2017-11-17,4541,151000,4068300,26.9,27.1,26.85,27.1,0.2,73
2017-11-20,4541,131050,3560251,27.2,27.25,27.0,27.25,0.15,85
2017-11-21,4541,1747017,51316238,27.3,29.95,27.3,29.0,1.75,883
2017-11-22,4541,561100,15811580,28.55,28.85,27.8,27.8,-1.2,323
2017-11-23,4541,179000,5029600,27.8,28.3,27.8,28.0,0.2,97
2017-11-24,4541,528712,15294359,28.1,29.6,27.9,29.3,1.3,322
2017-11-27,4541,591060,17507748,30.2,30.45,29.0,29.0,-0.3,337
2017-11-28,4541,253480,7345810,28.9,29.45,28.6,29.0,0.0,146
2017-11-29,4541,162450,4731435,29.3,29.45,28.85,29.3,0.3,98
2017-11-30,4541,188162,5424923,29.2,29.3,28.1,28.8,-0.5,104
2017-12-01,4541,105000,2998500,28.8,28.8,28.2,28.4,-0.4,59
2017-12-04,4541,49000,1390150,28.2,28.7,28.2,28.7,0.3,29
2017-12-05,4541,119000,3421800,28.9,29.0,28.6,28.7,0.0,81
2017-12-06,4541,194800,5507350,28.7,28.9,27.85,28.3,-0.4,99
2017-12-07,4541,325004,9274762,27.65,29.3,27.65,28.0,-0.3,164
2017-12-08,4541,69000,1934350,28.0,28.5,27.8,28.0,0.0,44
2017-12-11,4541,133050,3836630,28.4,29.2,28.4,28.85,0.85,83
2017-12-12,4541,75000,2158400,28.85,29.0,28.55,28.9,0.05,37
2017-12-13,4541,36000,1035450,28.9,28.95,28.7,28.75,-0.15,23
2017-12-14,4541,289010,8471991,28.8,29.65,28.8,29.35,0.6,142
2017-12-15,4541,153000,4481350,29.65,29.7,28.9,29.3,-0.05,77
2017-12-18,4541,265020,7648417,29.4,29.45,28.55,28.6,-0.7,117
2017-12-19,4541,74020,2104612,28.6,28.7,28.3,28.3,-0.3,51
2017-12-20,4541,57304,1625002,28.3,28.5,28.3,28.3,0.0,35
2017-12-21,4541,95323,2722073,28.3,28.9,28.3,28.65,0.35,39
2017-12-22,4541,171000,4961100,29.2,29.2,28.9,29.0,0.35,54
2017-12-25,4541,199060,5864458,29.05,29.75,29.05,29.3,0.3,111
2017-12-26,4541,77010,2232135,29.3,29.3,28.7,28.7,-0.6,42
2017-12-27,4541,101000,2915300,28.7,29.2,28.55,28.9,0.2,38
2017-12-28,4541,51030,1474459,29.15,29.15,28.7,28.85,-0.05,32
2017-12-29,4541,70100,2017860,28.85,28.9,28.7,28.85,0.0,31
2018-01-02,4541,112020,3196016,28.85,28.85,28.3,28.55,-0.3,68
2018-01-03,4541,70105,1993841,28.5,28.6,28.35,28.5,-0.05,42
2018-01-04,4541,41115,1171959,28.35,28.8,28.3,28.5,0.0,26
2018-01-05,4541,63152,1797136,28.5,28.7,28.3,28.4,-0.1,38
2018-01-08,4541,65353,1858553,28.4,28.5,28.35,28.35,-0.05,25
2018-01-09,4541,38304,1083202,28.4,28.4,28.2,28.3,-0.05,29
2018-01-10,4541,59000,1666400,28.5,28.5,28.0,28.0,-0.3,37
2018-01-11,4541,40187,1128466,28.0,28.2,28.0,28.05,0.05,24
2018-01-12,4541,81411,2284527,27.85,28.3,27.85,28.05,0.0,43
2018-01-15,4541,107030,2943066,28.05,28.05,26.6,27.2,-0.85,72
2018-01-16,4541,50300,1385180,27.25,27.65,27.25,27.6,0.4,29
2018-01-17,4541,62000,1712100,27.6,27.9,27.4,27.5,-0.1,29
2018-01-18,4541,67000,1835100,27.55,27.65,27.15,27.3,-0.2,40
2018-01-19,4541,102000,2760650,27.2,27.3,26.7,27.2,-0.1,44
2018-01-22,4541,82561,2235703,27.0,27.3,26.85,27.1,-0.1,38
2018-01-23,4541,111010,3024324,26.9,27.5,26.8,27.4,0.3,61
2018-01-24,4541,49016,1342940,27.4,27.9,27.15,27.9,0.5,27
2018-01-25,4541,36300,990654,27.8,27.8,27.1,27.35,-0.55,26
2018-01-26,4541,66010,1789620,27.25,27.45,27.0,27.05,-0.3,37
2018-01-29,4541,63544,1708878,27.0,27.05,26.75,26.8,-0.25,38
2018-01-30,4541,56000,1487450,26.8,26.8,26.5,26.5,-0.3,21
2018-01-31,4541,212513,5527738,26.5,26.5,25.75,26.0,-0.5,108
2018-02-01,4541,96000,2534700,26.3,26.7,26.1,26.5,0.5,44
2018-02-02,4541,54400,1421239,26.5,26.5,26.0,26.35,-0.15,34
2018-02-05,4541,25347,660572,26.3,26.3,26.0,26.0,-0.35,27
2018-02-06,4541,238110,6407660,26.2,28.6,25.6,26.3,0.3,148
2018-02-07,4541,176003,4851331,27.0,28.3,27.0,27.0,0.7,85
2018-02-08,4541,54000,1460700,27.05,27.5,26.9,27.0,0.0,38
2018-02-09,4541,55150,1438607,26.0,26.3,26.0,26.05,-0.95,36
2018-02-12,4541,79067,2088418,26.45,26.7,26.25,26.4,0.35,36
2018-02-21,4541,17366,464330,26.7,26.85,26.5,26.5,0.1,19
2018-02-22,4541,10164,269345,26.5,26.5,26.5,26.5,0.0,10
2018-02-23,4541,35010,939020,26.9,27.0,26.55,27.0,0.5,25
2018-02-26,4541,103000,2843450,27.4,28.0,27.35,27.6,0.6,56
2018-02-27,4541,201000,5680650,28.5,28.5,27.95,28.0,0.4,96
2018-03-01,4541,89196,2511115,28.4,28.45,28.0,28.15,0.15,57
2018-03-02,4541,171000,4811800,28.2,28.25,28.0,28.1,-0.05,66
2018-03-05,4541,182445,5120560,28.3,28.3,27.85,28.3,0.2,76
2018-03-06,4541,63020,1775265,28.4,28.4,28.0,28.25,-0.05,39
2018-03-07,4541,95090,2696442,28.3,28.95,28.05,28.25,0.0,45
2018-03-08,4541,87000,2451750,28.45,28.45,28.05,28.1,-0.15,37
2018-03-09,4541,18000,506500,28.2,28.2,27.95,28.15,0.05,13
2018-03-12,4541,87010,2433279,28.2,28.2,27.7,27.9,-0.25,57
2018-03-13,4541,71325,2035500,29.0,29.0,28.2,28.3,0.4,35
2018-03-14,4541,96000,2712900,28.3,28.5,28.0,28.05,-0.25,55
2018-03-15,4541,97000,2708700,27.85,28.25,27.7,28.0,-0.05,43
2018-03-16,4541,53432,1490916,28.4,28.4,27.7,27.95,-0.05,32
2018-03-19,4541,57520,1618154,28.75,28.75,27.9,28.0,0.05,29
2018-03-20,4541,77000,2155500,28.25,28.3,27.7,28.0,0.0,32
2018-03-21,4541,148000,4161000,28.0,28.35,27.9,28.25,0.25,59
2018-03-22,4541,83000,2348400,28.25,28.7,28.15,28.2,-0.05,47
2018-03-23,4541,59000,1646750,28.1,28.25,27.7,28.05,-0.15,39
2018-03-26,4541,38461,1072873,28.0,28.0,27.85,27.9,-0.15,22
2018-03-27,4541,40594,1136841,27.95,28.25,27.85,27.85,-0.05,23
2018-03-28,4541,54000,1497750,28.0,28.0,27.5,27.7,-0.15,26
2018-03-29,4541,32000,895750,28.0,28.1,27.8,27.9,0.2,20
2018-03-30,4541,60165,1694085,28.4,28.5,28.05,28.1,0.2,46
2018-03-31,4541,80087,2253872,28.0,28.25,28.0,28.1,0.0,48
2018-04-02,4541,130000,3679100,28.45,28.5,28.15,28.3,0.2,70
2018-04-03,4541,169686,4790808,28.2,28.5,28.05,28.2,-0.1,86
2018-04-09,4541,51210,1445292,28.2,28.35,28.2,28.35,0.15,28
2018-04-10,4541,60307,1716060,28.5,28.8,28.2,28.2,-0.15,42
2018-04-11,4541,1255238,37796971,28.75,31.0,28.75,29.4,1.2,708
2018-04-12,4541,278000,8264700,29.3,30.45,29.1,29.45,0.05,173
2018-04-13,4541,303107,9089077,29.9,30.45,29.5,30.0,0.55,173
2018-04-16,4541,3182870,103478210,31.1,33.0,30.65,33.0,3.0,1494
2018-04-17,4541,3316128,113046972,34.0,35.45,32.9,32.9,-0.1,1998
2018-04-18,4541,1315154,42534064,32.1,33.55,31.3,31.6,-1.3,746
2018-04-19,4541,1055105,34878752,32.5,33.7,32.5,32.5,0.9,566
2018-04-20,4541,368610,11791336,32.55,32.9,31.5,31.9,-0.6,257
2018-04-23,4541,388559,12245579,32.15,32.3,31.25,31.65,-0.25,242
2018-04-24,4541,517371,15749180,31.2,31.4,29.75,30.05,-1.6,309
2018-04-25,4541,237200,7109858,29.1,30.55,29.1,30.55,0.5,141
2018-04-26,4541,450000,13866500,30.55,31.5,30.0,30.15,-0.4,215
2018-04-27,4541,803600,25730709,31.2,32.85,31.2,31.9,1.75,439
2018-04-30,4541,237200,7608520,31.85,32.6,31.5,32.6,0.7,149
2018-05-02,4541,507152,16903485,33.0,34.0,32.8,33.0,0.4,312
2018-05-03,4541,381500,12139550,32.5,33.0,31.3,31.75,-1.25,223
2018-05-04,4541,231700,7350110,31.75,31.95,31.5,31.5,-0.25,112
2018-05-07,4541,197100,6310700,31.6,32.4,31.6,32.05,0.55,118
2018-05-08,4541,84000,2682600,32.05,32.2,31.8,31.8,-0.25,60
2018-05-09,4541,154115,4940530,32.0,32.25,31.85,32.15,0.35,101
2018-05-10,4541,903000,30476050,32.45,34.4,32.45,33.8,1.65,544
2018-05-11,4541,990082,31138386,33.4,33.4,30.5,30.85,-2.95,543
2018-05-14,4541,489080,14564226,31.2,31.2,29.3,29.7,-1.15,291
2018-05-15,4541,264020,7734380,29.7,29.7,29.15,29.2,-0.5,166
2018-05-16,4541,433200,12528310,29.2,29.3,28.65,29.2,0.0,196
2018-05-17,4541,514845,15463880,29.5,30.55,29.4,29.75,0.55,233
2018-05-18,4541,251260,7410503,29.8,29.8,29.25,29.25,-0.5,107
2018-05-21,4541,99000,2892600,29.4,29.65,29.05,29.15,-0.1,54
2018-05-22,4541,117261,3422442,29.4,29.4,29.05,29.05,-0.1,50
2018-05-23,4541,87033,2535366,29.1,29.5,29.0,29.3,0.25,70
2018-05-24,4541,173000,5105950,29.4,29.8,29.3,29.3,0.0,81
2018-05-25,4541,167000,4887300,29.4,29.45,29.1,29.4,0.1,61
2018-05-28,4541,134239,3937654,29.5,29.5,29.25,29.4,0.0,62
2018-05-29,4541,164010,4839697,29.5,30.0,29.3,29.95,0.55,80
2018-05-30,4541,195040,5786982,30.0,30.0,29.55,29.55,-0.4,108
2018-05-31,4541,348000,10552150,29.95,30.9,29.9,30.35,0.8,202
2018-06-01,4541,320001,9905880,30.55,31.2,30.55,30.9,0.55,201
2018-06-04,4541,443499,14070768,31.4,32.15,31.25,31.55,0.65,243
2018-06-05,4541,139030,4358330,31.85,31.85,31.2,31.2,-0.35,74
2018-06-06,4541,93040,2895984,31.2,31.6,30.9,31.05,-0.15,54
2018-06-07,4541,129087,4006770,31.05,31.35,30.85,30.9,-0.15,58
2018-06-08,4541,132086,4079773,31.2,31.4,30.7,30.7,-0.2,65
2018-06-11,4541,335190,10696316,32.1,33.0,31.25,31.5,0.8,160
2018-06-12,4541,94800,2951909,31.5,31.5,31.05,31.2,-0.3,67
2018-06-13,4541,212000,6590950,31.15,31.5,30.9,31.1,-0.1,71
2018-06-14,4541,85300,2642484,31.1,31.1,30.95,30.95,-0.15,44
2018-06-15,4541,158020,4886114,31.0,31.0,30.6,31.0,0.05,68
2018-06-19,4541,118020,3637814,30.8,31.0,30.7,30.7,-0.3,69
2018-06-20,4541,92000,2871700,32.3,32.3,30.8,31.1,0.4,64
2018-06-21,4541,156020,4874372,31.2,31.4,31.1,31.4,0.3,85
2018-06-22,4541,87000,2728600,31.15,31.5,31.1,31.15,-0.25,56
2018-06-25,4541,73000,2280300,31.15,31.5,31.05,31.05,-0.1,43
2018-06-26,4541,57010,1748253,31.0,31.0,30.55,30.6,-0.45,41
2018-06-27,4541,85000,2575550,30.55,30.8,29.7,29.7,-0.9,48
2018-06-28,4541,618000,19838550,29.85,32.65,29.75,32.2,2.5,256
2018-06-29,4541,521178,16572481,32.0,32.8,31.25,31.9,-0.3,279
2018-07-02,4541,265028,8581499,31.9,33.3,31.8,31.85,-0.05,192
2018-07-03,4541,167020,5151908,31.3,31.5,30.5,30.6,-1.25,95
2018-07-04,4541,85000,2623450,31.3,31.3,30.65,30.95,0.35,39
2018-07-05,4541,94080,2891682,30.65,31.0,30.5,30.75,-0.2,52
2018-07-06,4541,123020,3762353,30.75,30.8,30.35,30.35,-0.4,55
2018-07-09,4541,26000,797100,30.6,30.85,30.55,30.6,0.25,21
2018-07-10,4541,50290,1545625,30.95,30.95,30.65,30.65,0.05,24
2018-07-11,4541,44175,1354095,30.75,30.75,30.5,30.55,-0.1,26
2018-07-12,4541,42505,1298101,30.5,30.6,30.5,30.6,0.05,19
2018-07-13,4541,217071,6869489,30.6,33.0,30.6,31.8,1.2,110
2018-07-16,4541,543100,17726250,32.0,33.0,32.0,32.75,0.95,272
2018-07-17,4541,443010,14596229,33.0,33.2,32.6,33.1,0.35,238
2018-07-18,4541,920479,31241586,33.1,34.55,32.85,34.0,0.9,495
2018-07-19,4541,413254,13999245,34.7,34.9,33.1,33.75,-0.25,229
2018-07-20,4541,211450,6954135,33.8,33.8,32.35,32.5,-1.25,138
2018-07-23,4541,215000,6844300,32.6,32.6,31.5,31.8,-0.7,103
2018-07-24,4541,158000,5061050,31.8,32.5,31.6,32.05,0.25,63
2018-07-25,4541,978300,32543800,32.2,34.1,32.0,33.0,0.95,575
2018-07-26,4541,713062,23981413,33.6,34.2,33.2,33.3,0.3,406
2018-07-27,4541,567410,18293770,32.35,32.6,31.8,31.85,0.0,306
2018-07-30,4541,330000,10213150,31.8,31.8,30.7,30.8,-1.05,180
2018-07-31,4541,104050,3234135,30.9,31.4,30.8,30.9,0.1,67
2018-08-01,4541,189200,5822119,30.95,31.15,30.4,30.5,-0.4,110
2018-08-02,4541,66000,2016850,31.05,31.05,30.5,30.5,0.0,51
2018-08-03,4541,129000,4000100,30.5,31.3,30.5,31.2,0.7,69
2018-08-06,4541,69000,2150900,31.2,31.45,30.95,31.1,-0.1,44
2018-08-07,4541,99000,3074250,31.05,31.2,30.95,31.1,0.0,55
2018-08-08,4541,182000,5618350,31.0,31.1,30.6,30.6,-0.5,90
2018-08-09,4541,451267,13552360,30.45,30.5,29.85,30.0,-0.6,202
2018-08-10,4541,355078,10680381,30.7,30.8,29.75,29.85,-0.15,189
2018-08-13,4541,188017,5511003,29.85,29.85,28.95,29.2,-0.65,112
2018-08-14,4541,309859,9123820,29.4,29.85,29.0,29.6,0.4,175
2018-08-15,4541,124137,3694010,29.6,30.05,29.5,29.6,0.0,83
2018-08-16,4541,44152,1309617,29.4,29.85,29.4,29.85,0.25,26
2018-08-17,4541,177939,5337370,29.9,30.2,29.85,30.2,0.35,91
2018-08-20,4541,134343,3992768,30.0,30.0,29.35,29.5,-0.7,81
2018-08-21,4541,123377,3651400,29.55,29.9,29.45,29.45,-0.05,76
2018-08-22,4541,806851,23389665,29.05,29.2,28.8,29.05,-0.4,709
2018-08-23,4541,228753,6640404,29.05,29.1,28.9,29.05,0.0,179
2018-08-24,4541,137212,3965818,28.95,29.0,28.85,29.0,-0.05,95
2018-08-27,4541,142020,4132030,29.0,29.25,29.0,29.25,0.25,121
2018-08-28,4541,376585,11251250,29.5,30.35,29.5,30.05,0.8,281
2018-08-29,4541,230927,6981460,30.05,30.55,29.95,30.2,0.15,163
2018-08-30,4541,186465,5598352,30.25,30.35,29.8,29.95,-0.25,101
2018-08-31,4541,56370,1678600,29.95,29.95,29.7,29.8,-0.15,39
2018-09-03,4541,100200,3002519,29.85,30.1,29.85,29.85,0.05,70
2018-09-04,4541,71307,2140360,29.85,30.2,29.85,30.0,0.15,44
2018-09-05,4541,135713,4125745,30.05,30.7,30.05,30.25,0.25,100
2018-09-06,4541,41000,1236850,30.25,30.3,30.1,30.1,-0.15,28
2018-09-07,4541,113100,3385689,30.05,30.2,29.6,29.9,-0.2,78
2018-09-10,4541,157000,4640650,30.3,30.3,29.1,29.1,-0.8,103
2018-09-11,4541,56237,1641944,29.3,29.4,29.15,29.2,0.1,32
2018-09-12,4541,46010,1354544,29.2,29.6,29.2,29.4,0.2,43
2018-09-13,4541,75000,2226800,29.6,29.95,29.6,29.65,0.25,49
2018-09-14,4541,103182,3082639,29.6,30.0,29.6,30.0,0.35,66
2018-09-17,4541,135000,4013900,30.0,30.0,29.65,29.75,-0.25,48
2018-09-18,4541,61377,1814767,29.65,29.7,29.4,29.7,-0.05,43
2018-09-19,4541,72230,2138734,29.7,29.8,29.4,29.5,-0.2,55
2018-09-20,4541,55038,1626332,29.6,29.65,29.5,29.6,0.1,34
2018-09-21,4541,30668,914072,29.9,30.0,29.6,29.85,0.25,23
2018-09-25,4541,128433,3852690,29.85,30.15,29.85,29.95,0.1,56
2018-09-26,4541,55000,1645600,29.9,30.0,29.85,29.9,-0.05,28
2018-09-27,4541,70030,2089647,29.9,29.95,29.75,29.8,-0.1,37
2018-09-28,4541,46093,1378821,30.2,30.2,29.75,29.8,0.0,28
2018-10-01,4541,58207,1741168,29.9,30.05,29.8,29.8,0.0,27
2018-10-02,4541,131000,3914500,30.0,30.0,29.8,29.8,0.0,44
2018-10-03,4541,2198570,69754400,30.0,32.4,29.9,32.05,2.25,1255
2018-10-04,4541,694200,21836849,32.0,32.0,31.0,31.5,-0.55,456
2018-10-05,4541,627633,19083169,31.2,31.95,29.5,30.05,-1.45,420
2018-10-08,4541,284222,8642841,30.05,30.8,29.75,30.5,0.45,183
2018-10-09,4541,145451,4410580,30.55,30.9,30.0,30.25,-0.25,97
2018-10-11,4541,890451,25317958,29.1,29.3,28.0,28.2,-2.05,382
2018-10-12,4541,182536,5225352,28.2,29.4,27.7,29.3,1.1,107
2018-10-15,4541,114000,3318100,29.45,29.45,28.9,29.0,-0.3,72
2018-10-16,4541,61000,1768600,28.7,29.25,28.7,28.8,-0.2,42
2018-10-17,4541,102000,2971150,29.5,29.5,29.0,29.0,0.2,54
2018-10-18,4541,68300,1981190,29.35,29.35,28.8,28.8,-0.2,39
2018-10-19,4541,75425,2143747,28.0,28.75,28.0,28.7,-0.1,40
2018-10-22,4541,78000,2268250,29.0,29.35,28.6,29.25,0.55,53
2018-10-23,4541,56001,1618728,29.1,29.1,28.8,28.8,-0.45,40
2018-10-24,4541,42169,1213370,28.8,29.0,28.6,28.8,0.0,37
2018-10-25,4541,182130,5080300,28.65,28.65,27.45,27.8,-1.0,119
2018-10-26,4541,124817,3460761,28.45,28.5,27.3,27.7,-0.1,60
2018-10-29,4541,117139,3200486,27.6,27.6,27.2,27.25,-0.45,58
2018-10-30,4541,68316,1863393,27.2,27.4,27.2,27.2,-0.05,42
2018-10-31,4541,96006,2635429,27.95,27.95,27.3,27.6,0.4,41
2018-11-01,4541,70000,1928950,27.35,27.85,27.3,27.85,0.25,53
2018-11-02,4541,74246,2069801,28.0,28.1,27.6,27.65,-0.2,51
2018-11-05,4541,62239,1718670,27.9,27.9,27.5,27.55,-0.1,35
2018-11-06,4541,50000,1379850,27.65,27.65,27.55,27.55,0.0,27
2018-11-07,4541,72010,2024831,28.15,28.5,27.65,28.1,0.55,48
2018-11-08,4541,57000,1598900,28.3,28.3,27.75,28.15,0.05,26
2018-11-09,4541,21000,587850,28.2,28.2,27.85,27.95,-0.2,17
2018-11-12,4541,74000,2052350,27.85,28.05,27.3,27.9,-0.05,42
2018-11-13,4541,39002,1082259,27.75,27.9,27.7,27.9,0.0,25
2018-11-14,4541,81105,2254079,28.0,28.0,27.7,27.9,0.0,57
2018-11-15,4541,46000,1289150,28.0,28.2,27.9,28.0,0.1,32
2018-11-16,4541,296295,8503245,27.85,29.45,27.85,29.0,1.0,172
2018-11-19,4541,75200,2170850,29.0,29.1,28.7,28.75,-0.25,52
2018-11-20,4541,125000,3581450,28.75,28.75,28.45,28.5,-0.25,30
2018-11-21,4541,40000,1131150,28.45,28.5,28.2,28.2,-0.3,30
2018-11-22,4541,85000,2391450,28.25,28.4,27.95,28.0,-0.2,60
2018-11-23,4541,52310,1460698,27.95,28.0,27.85,27.9,-0.1,36
2018-11-26,4541,22000,613650,27.9,27.95,27.8,27.95,0.05,16
2018-11-27,4541,44000,1229550,27.95,28.1,27.85,28.1,0.15,27
2018-11-28,4541,78093,2197423,27.9,28.3,27.9,28.3,0.2,42
2018-11-29,4541,89207,2534966,28.3,28.5,28.2,28.35,0.05,64
2018-11-30,4541,83010,2379635,28.3,28.85,28.3,28.6,0.25,69
2018-12-03,4541,78038,2252202,29.0,29.1,28.75,28.8,0.2,56
2018-12-04,4541,93000,2678450,28.8,28.9,28.7,28.8,0.0,60
2018-12-05,4541,73565,2118058,28.7,28.9,28.7,28.9,0.1,45
2018-12-06,4541,45000,1279500,29.0,29.0,28.2,28.4,-0.5,27
2018-12-07,4541,69391,1992782,28.55,29.0,28.45,28.6,0.2,42
2018-12-10,4541,297242,8183003,27.6,28.0,27.2,27.6,-1.0,151
2018-12-11,4541,68969,1901993,27.6,27.7,27.2,27.6,0.0,30
2018-12-12,4541,43035,1186614,27.6,27.7,27.45,27.55,-0.05,30
2018-12-13,4541,41040,1133204,27.55,27.75,27.5,27.5,-0.05,33
2018-12-14,4541,42174,1157302,27.5,27.6,27.3,27.6,0.1,30
2018-12-17,4541,71000,1956100,27.9,27.9,27.4,27.6,0.0,33
2018-12-18,4541,89350,2436970,27.4,27.4,27.2,27.2,-0.4,55
2018-12-19,4541,57103,1554206,27.35,27.35,27.15,27.25,0.05,28
2018-12-20,4541,111250,2999225,27.25,27.25,26.5,26.9,-0.35,70
2018-12-21,4541,86000,2285200,26.55,26.75,26.5,26.55,-0.35,56
2018-12-22,4541,16150,433535,26.6,27.0,26.6,26.9,0.35,13
2018-12-24,4541,37030,985951,26.9,26.9,26.5,26.55,-0.35,29
2018-12-25,4541,205538,5317888,26.3,26.3,25.7,25.7,-0.85,112
2018-12-26,4541,85805,2211047,26.25,26.25,25.65,25.65,-0.05,43
2018-12-27,4541,131000,3385050,25.85,26.15,25.7,25.9,0.25,65
2018-12-28,4541,111010,2900664,25.9,26.5,25.8,26.4,0.5,50
2019-01-02,4541,63000,1664100,26.85,26.85,26.2,26.35,-0.05,26
2019-01-03,4541,49010,1284614,26.3,26.45,26.0,26.1,-0.25,37
2019-01-04,4541,46000,1191800,25.9,26.15,25.8,26.15,0.05,28
2019-01-07,4541,50000,1325450,26.3,26.7,26.3,26.4,0.25,33
2019-01-08,4541,41000,1086150,26.5,26.75,26.35,26.75,0.35,25
2019-01-09,4541,76000,2040450,26.9,27.0,26.6,26.9,0.15,40
2019-01-10,4541,219450,6142665,27.8,28.25,27.7,27.7,0.8,147
2019-01-11,4541,76010,2114877,27.95,28.0,27.7,27.7,0.0,52
2019-01-14,4541,118651,3336471,27.9,28.3,27.75,28.3,0.6,84
2019-01-15,4541,468088,13712719,28.6,30.0,28.6,29.1,0.8,318
2019-01-16,4541,194000,5686850,29.2,29.6,29.0,29.5,0.4,111
2019-01-17,4541,199489,5835678,29.5,29.7,28.85,29.2,-0.3,121
2019-01-18,4541,146010,4243090,29.3,29.3,28.9,29.2,0.0,66
2019-01-21,4541,214415,6312059,29.8,29.8,29.2,29.35,0.15,112
2019-01-22,4541,122282,3590648,29.35,29.5,29.2,29.4,0.05,87
2019-01-23,4541,794336,24125579,29.4,30.95,29.3,30.6,1.2,489
2019-01-24,4541,1460219,46255718,30.8,32.1,30.8,31.3,0.7,977
2019-01-25,4541,482722,15112794,31.55,31.6,30.9,31.15,-0.15,364
2019-01-28,4541,1232123,39412263,31.8,32.8,31.15,31.85,0.7,774
2019-01-29,4541,1236219,40513912,32.5,33.5,31.85,32.0,0.15,770
2019-01-30,4541,1104300,36342814,32.0,34.0,31.45,32.55,0.55,604
2019-02-11,4541,491092,15942286,32.6,33.25,32.0,32.25,-0.3,286
2019-02-12,4541,289000,9322300,32.3,32.8,32.0,32.2,-0.05,187
2019-02-13,4541,192000,6179000,32.5,32.5,32.1,32.25,0.05,119
2019-02-14,4541,169687,5436059,32.3,32.3,31.85,31.95,-0.3,110
2019-02-15,4541,390389,12410498,31.8,32.6,31.15,32.0,0.05,287
2019-02-18,4541,1457179,49491717,32.6,35.0,32.2,33.35,1.35,809
2019-02-19,4541,353829,11924011,33.15,34.1,33.15,33.75,0.4,243
2019-02-20,4541,160077,5367879,34.0,34.0,33.3,33.45,-0.3,128
2019-02-21,4541,227308,7512517,33.2,33.45,32.5,32.95,-0.5,138
2019-02-22,4541,140277,4614998,33.0,33.1,32.7,32.95,0.0,101
2019-02-25,4541,225010,7424229,33.0,33.25,32.7,33.25,0.3,151
2019-02-26,4541,146470,4848856,32.85,33.2,32.85,33.1,-0.15,98
2019-02-27,4541,1574038,53521942,33.3,35.25,32.4,32.7,-0.4,909
2019-03-04,4541,1104397,37806250,33.0,35.1,32.7,34.8,2.1,721
2019-03-05,4541,981892,34841716,34.75,36.2,34.7,35.6,0.8,673
2019-03-06,4541,509870,17928100,35.6,35.8,34.7,35.1,-0.5,385
2019-03-07,4541,968607,34655322,35.2,36.7,34.9,34.95,-0.15,671
2019-03-08,4541,262935,9219770,35.0,35.7,34.35,35.7,0.75,226
2019-03-11,4541,399029,14016665,35.7,35.7,34.9,35.05,-0.65,254
2019-03-12,4541,1064302,36004241,34.95,34.95,33.25,33.95,-1.1,666
2019-03-13,4541,1218180,39752096,33.55,33.55,32.15,32.2,-1.75,858
2019-03-14,4541,1075757,34198215,32.45,32.95,31.15,31.45,-0.75,730
2019-03-15,4541,617365,19631452,31.65,32.4,31.5,32.3,0.85,432
2019-03-18,4541,641630,20867890,32.6,33.05,32.2,32.35,0.05,453
2019-03-19,4541,389865,12862752,32.45,33.45,32.45,33.3,0.95,262
2019-03-20,4541,436392,14389892,33.5,33.5,32.8,33.2,-0.1,294
2019-03-21,4541,1302460,44919629,33.0,35.6,33.0,34.5,1.3,808
2019-03-22,4541,549010,18869344,34.7,34.85,34.0,34.35,-0.15,296
2019-03-25,4541,452321,15267564,34.2,34.2,33.5,33.75,-0.6,272
2019-03-26,4541,279402,9465943,33.9,34.2,33.65,33.95,0.2,166
2019-03-27,4541,428300,14349484,33.95,34.15,32.95,33.0,-0.95,236
2019-03-28,4541,247497,8115825,33.0,33.2,32.55,32.55,-0.45,155
2019-03-29,4541,177432,5835298,32.55,33.2,32.55,33.1,0.55,103
2019-04-01,4541,171412,5654916,33.1,33.5,32.75,33.3,0.2,103
2019-04-02,4541,206080,6740311,33.4,33.4,32.5,32.65,-0.65,138
2019-04-03,4541,139021,4577538,32.7,33.1,32.5,32.95,0.3,90
2019-04-08,4541,479488,15431817,32.8,32.85,31.8,31.8,-1.15,286
2019-04-09,4541,239020,7665140,31.8,32.6,31.8,31.9,0.1,138
2019-04-10,4541,318318,10108326,32.0,32.15,31.45,31.45,-0.45,200
2019-04-11,4541,74415,2358226,31.5,31.8,31.5,31.65,0.2,60
2019-04-12,4541,181531,5788459,31.65,32.35,31.55,31.65,0.0,126
2019-04-15,4541,181000,5693300,31.7,31.75,31.3,31.35,-0.3,107
2019-04-16,4541,121429,3834080,31.35,32.0,31.35,31.5,0.15,83
2019-04-17,4541,227237,7168152,31.6,31.9,31.45,31.5,0.0,118
2019-04-18,4541,281368,8814615,31.5,31.6,30.95,30.95,-0.55,146
2019-04-19,4541,145180,4489771,30.95,31.1,30.8,30.95,0.0,92
2019-04-22,4541,255035,7947540,31.0,31.9,30.95,31.1,0.15,120
2019-04-23,4541,235010,7185564,31.05,31.05,30.4,30.45,-0.65,149
2019-04-24,4541,91088,2772842,30.55,30.55,30.4,30.45,0.0,65
2019-04-25,4541,214000,6512750,30.5,30.5,30.3,30.3,-0.15,110
2019-04-26,4541,258010,7810800,30.3,30.75,29.95,30.0,-0.3,130
2019-04-29,4541,130020,3913154,30.3,30.3,30.05,30.05,0.05,71
2019-04-30,4541,125000,3760700,30.05,30.15,30.0,30.1,0.05,55
2019-05-02,4541,82000,2491900,30.25,30.5,30.2,30.4,0.3,55
2019-05-03,4541,42728,1301815,30.5,30.55,30.4,30.45,0.05,45
2019-05-06,4541,134000,4066100,30.45,30.6,30.1,30.1,-0.35,90
2019-05-07,4541,182000,5446450,30.1,30.15,29.8,30.0,-0.1,110
2019-05-08,4541,482000,13964700,29.7,29.7,28.7,28.85,-1.15,290
2019-05-09,4541,369000,10509300,28.95,28.95,28.1,28.15,-0.7,175
2019-05-10,4541,165116,4690617,28.3,28.7,28.2,28.25,0.1,119
2019-05-13,4541,129044,3649767,28.3,28.8,28.0,28.35,0.1,77
2019-05-14,4541,233120,6704407,27.75,29.9,27.7,29.4,1.05,181
2019-05-15,4541,95000,2822050,29.5,30.25,29.35,29.55,0.15,68
2019-05-16,4541,119125,3468425,29.5,29.5,28.9,29.25,-0.3,57
2019-05-17,4541,152020,4406980,29.05,29.3,28.75,28.75,-0.5,85
2019-05-20,4541,65000,1891850,28.9,29.3,28.9,29.1,0.35,40
2019-05-21,4541,75000,2200850,29.7,29.75,29.1,29.3,0.2,51
2019-05-22,4541,134074,3936975,29.3,29.5,29.2,29.4,0.1,73
2019-05-23,4541,95550,2767066,29.4,29.4,28.8,28.85,-0.55,68
2019-05-24,4541,105000,2999400,28.9,28.9,28.45,28.5,-0.35,63
2019-05-27,4541,35000,1001500,28.5,28.85,28.5,28.85,0.35,23
2019-05-28,4541,62000,1799850,29.35,29.35,28.9,29.05,0.2,49
2019-05-29,4541,71000,2064800,28.8,29.2,28.75,29.2,0.15,47
2019-05-30,4541,257073,7742361,29.6,30.8,29.5,30.15,0.95,183
2019-05-31,4541,120285,3611142,29.5,30.35,29.5,30.25,0.1,84
2019-06-03,4541,103000,3109700,30.25,30.3,30.0,30.15,-0.1,61
2019-06-04,4541,63000,1900900,30.2,30.35,30.0,30.2,0.05,52
2019-06-05,4541,79569,2407667,31.0,31.0,29.9,29.9,-0.3,58
2019-06-06,4541,118150,3574245,30.05,30.35,30.05,30.3,0.4,72
2019-06-10,4541,190010,5736451,30.4,30.4,30.05,30.2,-0.1,56
2019-06-11,4541,147526,4400671,30.2,30.2,29.65,29.9,-0.3,51
2019-06-12,4541,49076,1458852,29.6,30.0,29.55,29.7,-0.2,36
2019-06-13,4541,28085,832911,29.7,29.8,29.55,29.55,-0.15,25
2019-06-14,4541,20000,591950,29.5,29.65,29.5,29.55,0.0,16
2019-06-17,4541,29214,870887,29.55,29.9,29.55,29.7,0.15,21
2019-06-18,4541,41020,1218894,29.7,29.8,29.6,29.75,0.05,27
2019-06-19,4541,79000,2337050,29.85,29.85,29.5,29.75,0.0,46
2019-06-20,4541,36217,1075311,29.75,29.75,29.65,29.75,0.0,20
2019-06-21,4541,17000,505200,29.7,29.8,29.7,29.8,0.05,17
2019-06-24,4541,18282,545337,29.9,29.9,29.65,29.85,0.05,21
2019-06-25,4541,35073,1042632,29.9,29.9,29.65,29.65,-0.2,27
2019-06-26,4541,44155,1307772,29.75,29.75,29.5,29.7,0.05,28
2019-06-27,4541,58225,1744404,29.9,30.15,29.8,30.0,0.3,40
2019-06-28,4541,55000,1653200,30.0,30.25,29.9,30.0,0.0,34
2019-07-01,4541,36000,1087550,30.2,30.3,30.1,30.15,0.15,27
2019-07-02,4541,96402,2903529,30.2,30.25,30.0,30.05,-0.1,67
2019-07-03,4541,75000,2251650,30.05,30.15,29.9,29.9,-0.15,49
2019-07-04,4541,68170,2046800,30.0,30.15,30.0,30.1,0.2,39
2019-07-05,4541,60050,1814597,30.65,30.65,30.0,30.15,0.05,44
2019-07-08,4541,50050,1505057,30.15,30.3,30.0,30.15,0.0,25
2019-07-09,4541,56087,1690572,30.15,30.25,30.05,30.1,-0.05,41
2019-07-10,4541,396988,12014532,30.9,30.9,29.95,30.5,0.4,221
2019-07-11,4541,616600,19440609,30.9,31.8,30.9,31.65,1.15,407
2019-07-12,4541,292081,9263950,32.5,32.5,31.3,31.5,-0.15,205
2019-07-15,4541,183100,5776635,31.8,31.9,31.35,31.35,-0.15,109
2019-07-16,4541,144100,4476414,31.35,31.35,30.95,31.15,-0.2,96
2019-07-17,4541,208220,6388815,31.3,31.3,30.35,31.0,-0.15,152
2019-07-18,4541,41020,1273866,31.1,31.25,30.9,30.9,-0.1,33
2019-07-19,4541,53000,1637100,30.95,31.0,30.8,30.9,0.0,34
2019-07-22,4541,84109,2626239,31.45,31.45,31.1,31.2,0.3,51
2019-07-23,4541,65010,2020458,31.3,31.3,30.6,31.05,-0.15,54
2019-07-24,4541,208429,6516320,31.0,31.55,30.9,31.5,0.45,117
2019-07-25,4541,87381,2745818,31.5,31.6,31.1,31.4,-0.1,71
2019-07-26,4541,69020,2138564,31.1,31.15,30.9,30.9,-0.5,58
2019-07-29,4541,68198,2108198,31.4,31.4,30.8,31.0,0.1,49
2019-07-30,4541,119194,3669594,31.2,31.3,30.6,30.9,-0.1,81
2019-07-31,4541,70000,2153500,31.0,31.1,30.55,30.55,-0.35,44
2019-08-01,4541,194273,5871298,30.55,30.55,30.0,30.05,-0.5,143
2019-08-02,4541,169240,5002632,30.0,30.0,29.3,29.5,-0.55,119
2019-08-05,4541,52025,1529234,29.55,29.55,29.35,29.4,-0.1,41
2019-08-06,4541,94053,2736587,29.3,29.3,29.0,29.1,-0.3,59
2019-08-07,4541,79300,2317739,29.1,29.35,29.1,29.2,0.1,56
2019-08-08,4541,88000,2602300,29.3,29.8,29.3,29.65,0.45,50
2019-08-12,4541,287050,8398517,29.7,30.0,29.0,29.35,-0.3,202
2019-08-13,4541,183030,5337532,29.1,29.4,29.0,29.05,-0.3,101
2019-08-14,4541,194000,5457450,28.15,28.25,28.05,28.05,0.0,111
2019-08-15,4541,192000,5258050,28.0,28.0,27.15,27.25,-0.8,114
2019-08-16,4541,205047,5565520,27.25,27.45,27.0,27.25,0.0,173
2019-08-19,4541,84029,2298394,27.3,27.5,27.1,27.4,0.15,64
2019-08-20,4541,261620,7135326,27.5,27.5,27.2,27.3,-0.1,171
2019-08-21,4541,142059,3888872,27.25,27.45,27.25,27.45,0.15,79
2019-08-22,4541,171000,4736450,27.7,28.15,27.5,27.55,0.1,134
2019-08-23,4541,221000,6052800,27.55,27.6,27.3,27.3,-0.25,148
2019-08-26,4541,74010,2016523,27.3,27.3,27.2,27.3,0.0,36
2019-08-27,4541,59030,1618525,27.1,27.55,27.1,27.45,0.15,47
2019-08-28,4541,175010,4824775,27.5,27.65,27.5,27.55,0.1,86
2019-08-29,4541,70000,1924850,27.6,27.6,27.4,27.5,-0.05,45
2019-08-30,4541,200000,5482750,27.5,27.5,27.25,27.35,-0.15,107
2019-09-02,4541,161022,4381305,27.6,27.6,27.05,27.15,-0.2,106
2019-09-03,4541,143010,3906074,27.55,27.6,27.2,27.2,0.05,81
2019-09-04,4541,146010,3971325,27.2,27.25,27.15,27.25,0.05,79
2019-09-05,4541,133310,3632332,27.5,27.5,27.2,27.25,0.0,81
2019-09-06,4541,112473,3058739,27.3,27.3,27.1,27.2,-0.05,73
2019-09-09,4541,235000,6386550,27.3,27.3,27.1,27.15,-0.05,78
2019-09-10,4541,716895,19953012,27.45,28.25,27.45,27.75,0.6,415
2019-09-11,4541,128920,3557700,27.8,27.8,27.5,27.5,-0.25,89
2019-09-12,4541,550176,15506048,27.85,28.7,27.55,28.4,0.9,282
2019-09-16,4541,223017,6323877,28.4,28.6,28.2,28.35,-0.05,123
2019-09-17,4541,199302,5550514,28.35,28.35,27.6,27.6,-0.75,135
2019-09-18,4541,283050,7862635,27.65,28.0,27.65,27.65,0.05,148
2019-09-19,4541,191057,5276323,27.8,27.8,27.55,27.6,-0.05,96
2019-09-20,4541,131000,3625250,27.75,27.85,27.5,27.6,0.0,82
2019-09-23,4541,290010,8079927,27.85,28.1,27.7,27.75,0.15,145
2019-09-24,4541,249930,6933967,27.8,27.9,27.6,27.8,0.05,108
2019-09-25,4541,193200,5320700,27.7,27.7,27.45,27.5,-0.3,130
2019-09-26,4541,159000,4380400,27.75,27.75,27.35,27.5,0.0,95
2019-09-27,4541,392621,10552997,27.5,27.5,26.6,26.65,-0.85,265
2019-10-01,4541,172005,4551881,26.5,26.6,26.35,26.4,-0.25,111
2019-10-02,4541,213097,5642588,26.4,26.8,26.3,26.7,0.3,114
2019-10-03,4541,163176,4304483,26.7,26.8,26.25,26.25,-0.45,111
2019-10-04,4541,88000,2314500,26.3,26.35,26.25,26.35,0.1,50
2019-10-07,4541,144120,3795518,26.35,26.5,26.25,26.4,0.05,54
2019-10-08,4541,179127,4696383,26.4,26.4,26.15,26.2,-0.2,78
2019-10-09,4541,184000,4771100,25.85,26.15,25.85,25.85,-0.35,93
2019-10-14,4541,286070,7387820,25.85,26.0,25.75,25.85,0.0,127
2019-10-15,4541,213040,5482786,25.9,25.9,25.65,25.75,-0.1,102
2019-10-16,4541,194000,4991950,25.85,25.9,25.65,25.65,-0.1,102
2019-10-17,4541,130021,3341354,25.7,26.05,25.65,26.05,0.4,76
2019-10-18,4541,121020,3159622,26.05,26.2,26.0,26.0,-0.05,74
2019-10-21,4541,97000,2500050,26.0,26.0,25.7,25.75,-0.25,62
2019-10-22,4541,134022,3448566,26.0,26.0,25.65,25.7,-0.05,89
2019-10-23,4541,157599,4019243,25.6,25.65,25.4,25.45,-0.25,92
2019-10-24,4541,134100,3426260,25.6,25.75,25.45,25.45,0.0,84
2019-10-25,4541,139701,3553099,25.5,25.5,25.4,25.4,-0.05,70
2019-10-28,4541,68508,1738102,25.4,25.45,25.3,25.4,0.0,48
2019-10-29,4541,130350,3302940,25.4,25.5,25.25,25.35,-0.05,68
2019-10-30,4541,54000,1378850,25.6,25.6,25.4,25.6,0.25,38
2019-10-31,4541,35059,896107,25.6,25.6,25.55,25.55,-0.05,26
2019-11-01,4541,86067,2192861,25.6,25.6,25.35,25.55,0.0,51
2019-11-04,4541,66100,1692920,25.6,25.75,25.5,25.55,0.0,43
2019-11-05,4541,42200,1076858,25.6,25.6,25.45,25.5,-0.05,34
2019-11-06,4541,39100,995550,25.5,25.65,25.4,25.5,0.0,24
2019-11-07,4541,56000,1426800,25.5,25.5,25.4,25.45,-0.05,33
2019-11-08,4541,105000,2650100,25.5,25.5,25.2,25.4,-0.05,55
2019-11-11,4541,175673,4406725,25.3,25.35,25.0,25.0,-0.4,93
2019-11-12,4541,102300,2587380,25.0,25.5,25.0,25.1,0.1,65
2019-11-13,4541,27000,678900,25.1,25.35,25.05,25.25,0.15,21
2019-11-14,4541,83000,2079400,25.2,25.2,25.0,25.1,-0.15,52
2019-11-15,4541,65000,1642500,25.4,25.4,25.1,25.15,0.05,40
2019-11-18,4541,57020,1443203,25.2,25.4,25.15,25.4,0.25,36
2019-11-19,4541,50000,1261250,25.4,25.4,25.1,25.3,-0.1,29
2019-11-20,4541,57020,1436454,25.3,25.4,25.1,25.4,0.1,36
2019-11-21,4541,39000,983050,25.4,25.4,25.15,25.35,-0.05,27
2019-11-22,4541,61831,1577091,25.5,25.65,25.35,25.5,0.15,52
2019-11-25,4541,26100,667563,25.5,25.7,25.4,25.65,0.15,27
2019-11-26,4541,48067,1235371,25.8,25.8,25.65,25.8,0.15,41
2019-11-27,4541,35200,904000,25.8,25.8,25.65,25.75,-0.05,22
2019-11-28,4541,15048,387585,25.8,25.8,25.75,25.75,0.0,16
2019-11-29,4541,31135,797312,25.7,25.7,25.35,25.65,-0.1,25
2019-12-02,4541,38000,966150,25.3,25.5,25.3,25.4,-0.25,25
2019-12-03,4541,43000,1089850,25.35,25.6,25.15,25.6,0.2,29
2019-12-04,4541,56000,1417050,25.6,25.6,25.1,25.6,0.0,44
2019-12-05,4541,48247,1222185,25.3,25.45,25.25,25.45,-0.15,38
2019-12-06,4541,95020,2401206,25.7,25.7,25.1,25.6,0.15,68
2019-12-09,4541,32030,810316,25.45,25.55,25.2,25.55,-0.05,32
2019-12-10,4541,26100,662644,25.5,25.5,25.3,25.45,-0.1,25
2019-12-11,4541,46010,1163203,25.35,25.4,25.2,25.3,-0.15,37
2019-12-12,4541,35570,901249,25.35,25.4,25.3,25.4,0.1,25
2019-12-13,4541,13000,329100,25.3,25.35,25.25,25.25,-0.15,11
2019-12-16,4541,159400,4099070,25.45,26.0,25.25,25.8,0.55,102
2019-12-17,4541,135002,3442451,25.8,25.8,25.4,25.6,-0.2,61
2019-12-18,4541,72010,1848303,25.65,25.8,25.55,25.55,-0.05,53
2019-12-19,4541,73076,1857357,25.4,25.5,25.35,25.35,-0.2,42
2019-12-20,4541,20000,510050,25.4,25.6,25.4,25.6,0.25,18
2019-12-23,4541,465000,12195850,25.6,26.65,25.6,26.2,0.6,276
2019-12-24,4541,246087,6397498,26.4,26.4,25.8,25.85,-0.35,118
2019-12-25,4541,115010,2967608,25.9,25.9,25.7,25.75,-0.1,53
2019-12-26,4541,108532,2832283,25.85,26.3,25.8,26.1,0.35,70
2019-12-27,4541,92351,2424711,26.3,26.45,26.1,26.15,0.05,76
2019-12-30,4541,98020,2560416,26.2,26.3,25.95,26.2,0.05,69
2019-12-31,4541,635115,17006732,26.25,27.2,26.25,26.8,0.6,369
2020-01-02,4541,211402,5698363,26.8,27.15,26.8,26.9,0.1,132
2020-01-03,4541,106000,2813850,26.65,26.8,26.4,26.45,-0.45,68
2020-01-06,4541,116078,3032878,26.4,26.4,25.85,26.0,-0.45,64
2020-01-07,4541,81437,2112124,26.05,26.05,25.8,25.9,-0.1,37
2020-01-08,4541,79100,2024030,25.6,25.8,25.3,25.8,-0.1,63
2020-01-09,4541,83000,2133750,25.85,25.85,25.5,25.8,0.0,47
2020-01-10,4541,26170,670936,25.8,25.8,25.5,25.8,0.0,19
2020-01-13,4541,103080,2684714,26.05,26.3,25.8,25.8,0.0,60
2020-01-14,4541,54010,1400158,25.85,26.0,25.85,25.85,0.05,22
2020-01-15,4541,29000,752600,26.15,26.15,25.9,26.0,0.15,17
2020-01-16,4541,64000,1653100,25.9,26.0,25.75,25.75,-0.25,34
2020-01-17,4541,31650,817375,25.9,25.9,25.8,25.8,0.05,22
2020-01-20,4541,107176,2741405,25.65,25.75,25.5,25.6,-0.2,66
2020-01-30,4541,183124,4508668,24.7,25.0,24.3,24.35,-1.25,122
2020-01-31,4541,106000,2585250,24.35,25.0,24.25,25.0,0.65,55
2020-02-03,4541,70130,1718024,25.0,25.0,24.2,24.8,-0.2,46
2020-02-04,4541,106110,2622167,24.8,24.8,24.55,24.6,-0.2,31
2020-02-05,4541,45000,1101000,24.55,24.75,24.4,24.5,-0.1,23
2020-02-06,4541,77000,1895750,24.6,24.85,24.45,24.5,0.0,45
2020-02-07,4541,162076,3914631,24.5,24.5,24.0,24.3,-0.2,93
2020-02-10,4541,8097,196051,24.2,24.25,24.2,24.2,-0.1,11
2020-02-11,4541,42000,1018600,24.3,24.4,24.2,24.4,0.2,27
2020-02-12,4541,103000,2487350,24.35,24.35,24.05,24.2,-0.2,49
2020-02-13,4541,58407,1428689,24.4,24.95,24.2,24.55,0.35,42
2020-02-14,4541,1000,24550,24.55,24.55,24.55,24.55,0.0,1
2020-02-17,4541,19100,462085,24.2,24.45,24.05,24.45,-0.1,14
2020-02-18,4541,31300,756645,24.4,24.4,24.05,24.15,-0.3,23
2020-02-19,4541,64076,1569462,24.25,24.7,24.2,24.7,0.55,40
2020-02-20,4541,31000,759900,24.9,24.9,24.35,24.5,-0.2,22
2020-02-21,4541,40000,974900,24.2,24.6,24.15,24.5,0.0,27
2020-02-24,4541,31150,753359,24.2,24.4,24.1,24.4,-0.1,25
2020-02-25,4541,87064,2093982,24.1,24.1,24.0,24.05,-0.35,50
2020-02-26,4541,163051,3853553,24.05,24.05,23.45,23.6,-0.45,97
2020-02-27,4541,111038,2591031,23.5,23.55,23.15,23.15,-0.45,67
2020-03-02,4541,230089,5026369,22.0,22.3,21.55,21.9,-1.25,128
2020-03-03,4541,175402,3814742,22.1,22.2,21.6,21.75,-0.15,102
2020-03-04,4541,131200,2818300,21.65,21.65,21.35,21.5,-0.25,77
2020-03-05,4541,23010,502016,21.6,21.9,21.6,21.85,0.35,19
2020-03-06,4541,17100,369870,21.75,21.8,21.55,21.7,-0.15,16
2020-03-09,4541,118000,2507200,21.65,21.65,21.0,21.35,-0.35,72
2020-03-10,4541,103179,2116655,20.95,20.95,20.1,20.7,-0.65,58
2020-03-11,4541,46010,956154,21.0,21.05,20.45,20.45,-0.25,30
2020-03-12,4541,298040,5837400,20.0,20.0,19.1,19.7,-0.75,165
2020-03-13,4541,458000,8218850,19.4,19.4,17.75,17.75,-1.95,208
2020-03-16,4541,289415,4949792,17.0,17.9,16.6,16.85,-0.9,169
2020-03-17,4541,359057,5595073,16.5,16.5,15.2,16.2,-0.65,179
2020-03-18,4541,163000,2623300,16.2,16.2,15.75,16.2,0.0,72
2020-03-19,4541,444623,6668556,15.15,15.7,14.6,15.7,-0.5,146
2020-03-20,4541,213915,3393880,15.2,16.1,15.2,16.1,0.4,120
2020-03-23,4541,139000,2183750,14.8,15.95,14.8,15.95,-0.15,62
2020-03-24,4541,182299,2897123,15.45,16.25,15.45,15.8,-0.15,81
2020-03-25,4541,208050,3385470,16.15,16.4,16.0,16.4,0.6,109
2020-03-26,4541,200056,3293679,16.5,16.6,16.25,16.6,0.2,71
2020-03-27,4541,170113,2863059,16.9,17.05,16.65,16.9,0.3,86
2020-03-30,4541,74010,1214619,16.2,16.9,16.1,16.9,0.0,58
2020-03-31,4541,41010,705573,17.9,17.9,16.95,17.3,0.4,28
2020-04-01,4541,65000,1118950,17.0,17.45,17.0,17.4,0.1,37
2020-04-06,4541,55000,960000,17.9,17.9,17.15,17.45,0.05,34
2020-04-07,4541,112000,1944150,17.85,17.85,17.25,17.45,0.0,53
2020-04-08,4541,67000,1169500,17.45,17.6,17.4,17.5,0.05,37
2020-04-09,4541,64211,1119113,17.5,17.55,17.3,17.45,-0.05,39
2020-04-10,4541,74000,1284550,17.45,17.45,17.15,17.4,-0.05,38
2020-04-13,4541,70000,1209000,17.45,17.45,17.0,17.4,0.0,41
2020-04-14,4541,121000,2119150,17.45,17.7,17.35,17.65,0.25,44
2020-04-15,4541,204149,3701046,17.75,18.55,17.55,18.3,0.65,90
2020-04-16,4541,225198,4034843,18.2,18.2,17.65,18.15,-0.15,99
2020-04-17,4541,109100,1980320,18.25,18.3,18.0,18.2,0.05,62
2020-04-20,4541,26040,472978,18.3,18.3,18.0,18.2,0.0,23
2020-04-21,4541,67100,1200400,18.05,18.1,17.7,18.0,-0.2,47
2020-04-22,4541,59000,1050700,17.7,18.0,17.6,18.0,0.0,43
2020-04-23,4541,26200,471850,18.05,18.1,18.0,18.0,0.0,15
2020-04-24,4541,74100,1316890,17.8,18.0,17.6,17.9,-0.1,39
2020-04-27,4541,104000,1847150,17.8,17.9,17.6,17.9,0.0,58
2020-04-28,4541,107000,1910850,17.9,17.95,17.7,17.95,0.05,55
2020-04-29,4541,126020,2296816,17.95,18.5,17.95,18.3,0.35,69
2020-04-30,4541,178207,3319041,18.35,18.85,18.35,18.8,0.5,104
2020-05-04,4541,143000,2603850,18.35,18.45,18.0,18.45,-0.35,83
2020-05-05,4541,87000,1599450,18.75,18.75,18.25,18.4,-0.05,57
2020-05-06,4541,116000,2108350,18.35,18.35,17.95,18.25,-0.15,77
2020-05-07,4541,92174,1668349,18.05,18.25,18.0,18.2,-0.05,64
2020-05-08,4541,205000,3654000,18.0,18.05,17.65,17.95,-0.25,114
2020-05-11,4541,70010,1251329,17.85,17.95,17.8,17.95,0.0,38
2020-05-12,4541,105000,1867600,17.8,17.95,17.65,17.9,-0.05,57
2020-05-13,4541,88003,1561553,17.65,17.9,17.65,17.85,-0.05,47
2020-05-14,4541,154000,2726950,17.7,17.85,17.6,17.85,0.0,82
2020-05-15,4541,208399,3750441,18.1,18.1,17.9,18.05,0.2,94
2020-05-18,4541,105300,1895858,18.05,18.2,17.85,18.2,0.15,61
2020-05-19,4541,159200,2913090,18.2,18.5,18.1,18.1,-0.1,64
2020-05-20,4541,22429,404414,18.1,18.1,17.95,17.95,-0.15,20
2020-05-21,4541,102906,1884888,17.95,18.45,17.95,18.4,0.45,36
2020-05-22,4541,110000,1978050,18.4,18.4,17.9,17.95,-0.45,57
2020-05-25,4541,182400,3210039,18.0,18.0,17.4,17.45,-0.5,98
2020-05-26,4541,43000,759000,17.5,17.8,17.45,17.65,0.2,27
2020-05-27,4541,69050,1224080,17.95,17.95,17.65,17.7,0.05,38
2020-05-28,4541,1010065,19607813,18.4,19.45,18.4,19.45,1.75,321
2020-05-29,4541,908207,17255520,19.6,19.75,18.6,18.65,-0.8,531
2020-06-01,4541,230035,4366323,18.7,19.15,18.7,19.1,0.45,129
2020-06-02,4541,141500,2680700,19.2,19.2,18.75,18.95,-0.15,74
2020-06-03,4541,69000,1311950,19.0,19.2,18.8,18.95,0.0,48
2020-06-04,4541,538150,10634750,19.5,20.5,19.25,20.0,1.05,332
2020-06-05,4541,1047265,22346897,20.4,21.9,20.3,21.5,1.5,721
2020-06-08,4541,480025,10057976,21.7,21.8,20.5,21.1,-0.4,277
2020-06-09,4541,243000,5134350,21.5,21.5,20.75,21.0,-0.1,125
2020-06-10,4541,168810,3471254,20.85,20.85,20.35,20.7,-0.3,113
2020-06-11,4541,217500,4414700,20.85,20.95,19.8,20.5,-0.2,141
2020-06-12,4541,180000,3522600,19.5,20.0,18.85,20.0,-0.5,104
2020-06-15,4541,55020,1086398,20.0,20.0,19.5,19.9,-0.1,32
2020-06-16,4541,66040,1309000,19.9,20.0,19.65,20.0,0.1,55
2020-06-17,4541,120924,2387245,19.9,20.0,19.55,20.0,0.0,83
2020-06-18,4541,89010,1761549,19.95,20.0,19.65,19.9,-0.1,59
2020-06-19,4541,113050,2254245,19.95,20.15,19.8,20.1,0.2,79
2020-06-22,4541,85000,1703600,20.1,20.15,19.95,20.0,-0.1,52
2020-06-23,4541,121000,2428850,20.25,20.3,20.0,20.0,0.0,76
2020-06-24,4541,71000,1419800,20.2,20.25,19.85,20.1,0.1,53
2020-06-29,4541,62000,1231150,19.8,20.05,19.8,20.05,-0.05,35
2020-06-30,4541,202052,4146555,20.45,20.8,20.3,20.3,0.25,113
2020-07-01,4541,82711,1681033,20.6,20.6,20.1,20.3,0.0,48
2020-07-02,4541,92155,1860115,20.4,20.4,20.05,20.25,-0.05,65
2020-07-03,4541,161100,3213035,20.2,20.2,19.8,19.95,-0.3,97
2020-07-06,4541,208510,4096394,19.9,19.9,19.4,19.8,-0.15,140
2020-07-07,4541,52336,1035269,19.8,19.85,19.65,19.85,0.05,39
2020-07-08,4541,93100,1841480,19.85,19.9,19.65,19.9,0.05,57
2020-07-09,4541,129040,2542989,19.9,19.9,19.6,19.75,-0.15,78
2020-07-10,4541,122100,2408074,19.8,19.9,19.6,19.75,0.0,74
2020-07-13,4541,111100,2194474,19.85,19.9,19.6,19.9,0.15,65
2020-07-14,4541,66000,1306100,19.95,19.95,19.65,19.9,0.0,46
2020-07-15,4541,126904,2512107,19.75,19.9,19.65,19.9,0.0,71
2020-07-16,4541,85593,1693119,19.9,19.9,19.7,19.85,-0.05,57
2020-07-17,4541,171010,3348945,19.7,19.7,19.5,19.5,-0.35,77
2020-07-20,4541,100000,1928400,19.45,19.55,18.8,19.55,0.05,54
2020-07-21,4541,125200,2440480,19.6,19.6,19.4,19.5,-0.05,54
2020-07-22,4541,182600,3556868,19.45,19.55,19.35,19.55,0.05,50
2020-07-23,4541,189180,3662306,19.55,19.55,19.3,19.35,-0.2,51
2020-07-24,4541,142099,2752184,19.35,19.55,19.2,19.55,0.2,36
2020-07-27,4541,273000,5264850,19.4,19.55,18.95,19.55,0.0,83
2020-07-28,4541,64100,1228530,19.2,19.2,19.1,19.15,-0.4,35
2020-07-29,4541,114000,2188150,19.0,19.35,18.95,19.3,0.15,28
2020-07-30,4541,51000,985150,19.45,19.45,19.2,19.2,-0.1,31
2020-07-31,4541,21000,403300,19.3,19.3,19.15,19.25,0.05,12
2020-08-03,4541,105000,2054550,19.4,20.4,19.3,19.4,0.15,70
2020-08-04,4541,47030,923741,19.45,19.9,19.45,19.7,0.3,27
2020-08-05,4541,45020,889741,19.85,19.9,19.55,19.55,-0.15,37
2020-08-06,4541,121100,2323655,19.55,19.55,19.05,19.2,-0.35,70
2020-08-07,4541,89000,1700850,19.2,19.4,19.0,19.0,-0.2,50
2020-08-10,4541,28010,531641,19.0,19.1,18.9,19.1,0.1,23
2020-08-11,4541,70000,1332750,19.1,19.1,19.0,19.1,0.0,37
2020-08-12,4541,42000,799600,19.1,19.1,18.95,19.1,0.0,24
2020-08-13,4541,44020,837132,19.05,19.1,18.95,19.1,0.0,29
2020-08-14,4541,28000,531850,19.0,19.1,18.9,19.1,0.0,18
2020-08-17,4541,21261,403706,19.05,19.05,18.95,19.0,-0.1,20
2020-08-18,4541,16311,309059,18.75,19.0,18.75,19.0,0.0,12
2020-08-19,4541,85200,1638400,19.2,19.4,19.15,19.2,0.2,54
2020-08-20,4541,88260,1666053,19.3,19.35,18.7,18.9,-0.3,58
2020-08-21,4541,56000,1061500,18.75,19.05,18.75,19.0,0.1,25
2020-08-24,4541,55283,1049254,18.9,19.15,18.8,19.1,0.1,41
2020-08-25,4541,257163,4988795,19.3,19.6,19.1,19.3,0.2,102
2020-08-26,4541,70561,1341563,19.1,19.2,18.6,19.2,-0.1,42
2020-08-27,4541,46417,882343,19.15,19.15,18.9,19.0,-0.2,36
2020-08-28,4541,59097,1120397,19.0,19.1,18.9,19.05,0.05,34
2020-08-31,4541,256100,5008244,19.1,19.85,19.05,19.45,0.4,143
2020-09-01,4541,66476,1299358,19.2,19.7,19.2,19.5,0.05,45
2020-09-02,4541,98060,1920816,19.65,19.7,19.45,19.7,0.2,58
2020-09-03,4541,66030,1260667,19.15,19.15,19.0,19.1,0.0,46
2020-09-04,4541,39030,738680,18.8,19.1,18.8,19.1,0.0,35
2020-09-07,4541,138023,2612137,18.9,19.0,18.8,18.95,-0.15,68
2020-09-08,4541,75000,1418400,18.95,19.05,18.8,18.9,-0.05,42
2020-09-09,4541,30000,562050,18.7,18.85,18.65,18.8,-0.1,16
2020-09-10,4541,32100,604740,18.85,18.9,18.75,18.9,0.1,25
2020-09-11,4541,10000,189000,18.9,18.9,18.9,18.9,0.0,2
2020-09-14,4541,55000,1032400,18.75,19.15,18.6,19.15,0.25,42
2020-09-15,4541,40000,765650,19.0,19.25,19.0,19.25,0.1,28
2020-09-16,4541,48020,920732,19.25,19.25,19.0,19.25,0.0,30
2020-09-17,4541,32096,615843,19.25,19.25,19.05,19.2,-0.05,22
2020-09-18,4541,45000,857950,19.05,19.15,19.0,19.15,-0.05,24
2020-09-21,4541,38030,719763,19.0,19.0,18.8,19.0,-0.15,27
2020-09-22,4541,28000,529850,18.95,19.0,18.8,18.95,-0.05,15
2020-09-23,4541,32030,600110,18.8,18.85,18.7,18.7,-0.25,26
2020-09-24,4541,32000,597900,18.65,18.9,18.55,18.9,0.2,25
2020-09-25,4541,70000,1306300,18.7,18.9,18.4,18.5,-0.4,48
2020-09-28,4541,38040,710436,18.75,18.8,18.5,18.55,0.05,24
2020-09-29,4541,34000,635900,18.55,18.8,18.5,18.8,0.25,21
2020-09-30,4541,80000,1514500,18.8,19.05,18.8,19.0,0.2,37
2020-10-05,4541,20118,380742,19.05,19.05,18.8,19.0,0.0,18
2020-10-06,4541,66000,1235500,18.8,18.85,18.6,18.8,-0.2,43
2020-10-07,4541,47000,874300,18.6,18.7,18.55,18.6,-0.2,27
2020-10-08,4541,28020,522574,18.75,18.75,18.55,18.7,0.1,19
2020-10-12,4541,39000,721400,18.7,18.7,18.05,18.65,-0.05,28
2020-10-13,4541,21000,387850,18.55,18.55,18.4,18.5,-0.15,13
2020-10-14,4541,40841,767175,18.75,19.0,18.55,18.85,0.35,32
2020-10-15,4541,60030,1144424,19.45,19.45,18.8,19.1,0.25,50
2020-10-16,4541,25000,474900,19.15,19.15,18.8,19.05,-0.05,20
2020-10-19,4541,25000,472700,19.05,19.05,18.85,18.9,-0.15,14
2020-10-20,4541,20000,375750,18.8,18.9,18.7,18.9,0.0,14
2020-10-21,4541,41010,768839,18.8,18.9,18.7,18.9,0.0,23
2020-10-22,4541,56000,1047200,18.8,18.8,18.65,18.7,-0.2,32
2020-10-23,4541,32523,607777,18.65,18.7,18.65,18.7,0.0,18
2020-10-26,4541,26010,484336,18.65,18.65,18.6,18.6,-0.1,20
2020-10-27,4541,48000,887400,18.6,18.6,18.4,18.45,-0.15,24
2020-10-28,4541,42000,771750,18.45,18.45,18.35,18.4,-0.05,23
2020-10-29,4541,22000,403800,18.4,18.4,18.25,18.25,-0.15,11
2020-10-30,4541,28000,515600,18.6,18.6,18.25,18.3,0.05,17
2020-11-02,4541,46000,844000,18.3,18.4,18.3,18.3,0.0,22
2020-11-03,4541,26000,474600,18.1,18.5,18.1,18.5,0.2,24
2020-11-04,4541,13270,246649,18.55,18.6,18.55,18.55,0.05,6
2020-11-05,4541,35000,639250,18.1,18.4,18.1,18.2,-0.35,20
2020-11-06,4541,25127,458105,18.2,18.35,18.2,18.35,0.15,22
2020-11-09,4541,18270,332241,18.25,18.3,18.15,18.15,-0.2,15
2020-11-10,4541,301559,5699174,18.6,19.45,18.6,18.95,0.8,183
2020-11-11,4541,69001,1289718,18.9,18.9,18.6,18.6,-0.35,50
2020-11-12,4541,54001,1005668,18.65,18.8,18.55,18.65,0.05,27
2020-11-13,4541,7461,139064,18.65,18.7,18.6,18.7,0.05,10
2020-11-16,4541,19126,356789,18.6,18.7,18.55,18.65,-0.05,17
2020-11-17,4541,23059,432421,18.85,18.95,18.6,18.6,-0.05,25
2020-11-18,4541,92429,1713313,18.6,18.75,18.45,18.55,-0.05,57
2020-11-19,4541,70100,1305390,18.6,18.7,18.5,18.5,-0.05,38
2020-11-20,4541,58745,1090917,18.65,18.7,18.55,18.55,0.05,27
2020-11-23,4541,83013,1537291,18.6,18.6,18.45,18.55,0.0,37
2020-11-24,4541,74000,1368200,18.55,18.6,18.4,18.4,-0.15,40
2020-11-25,4541,48001,892368,18.45,18.75,18.45,18.55,0.15,37
2020-11-26,4541,82598,1548881,18.65,18.85,18.65,18.85,0.3,47
2020-11-27,4541,58086,1100370,19.2,19.2,18.75,18.8,-0.05,47
2020-11-30,4541,36001,669518,18.6,18.7,18.55,18.6,-0.2,29
2020-12-01,4541,36199,670191,18.6,18.6,18.45,18.5,-0.1,32
2020-12-02,4541,79100,1464504,18.5,18.7,18.4,18.6,0.1,42
2020-12-03,4541,61114,1141769,18.95,18.95,18.6,18.65,0.05,37
2020-12-04,4541,71042,1327082,18.9,18.9,18.6,18.6,-0.05,37
2020-12-07,4541,63070,1168148,18.6,18.6,18.45,18.55,-0.05,36
2020-12-08,4541,242001,4576718,18.6,19.3,18.6,18.8,0.25,108
2020-12-09,4541,87365,1625693,18.85,18.85,18.5,18.7,-0.1,46
2020-12-10,4541,86507,1602451,18.7,18.7,18.45,18.6,-0.1,63
2020-12-11,4541,44688,829128,18.65,18.7,18.45,18.55,-0.05,39
2020-12-14,4541,47001,870018,18.55,18.55,18.5,18.55,0.0,22
2020-12-15,4541,71001,1331218,18.7,18.8,18.7,18.7,0.15,33
2020-12-16,4541,65000,1224950,18.7,19.1,18.7,18.7,0.0,42
2020-12-17,4541,68028,1280072,18.6,18.9,18.55,18.8,0.1,28
2020-12-18,4541,44002,829036,18.7,18.95,18.7,18.95,0.15,35
2020-12-21,4541,289524,5611201,18.95,19.9,18.9,19.45,0.5,167
2020-12-22,4541,95516,1833396,19.45,19.45,19.0,19.35,-0.1,68
2020-12-23,4541,50000,958100,19.1,19.3,19.05,19.15,-0.2,24
2020-12-24,4541,68251,1316477,19.2,19.55,19.15,19.2,0.05,52
2020-12-25,4541,90000,1745650,19.2,19.55,19.2,19.35,0.15,50
2020-12-28,4541,55464,1060597,19.2,19.3,19.05,19.15,-0.2,45
2020-12-29,4541,37100,709550,19.2,19.2,19.05,19.1,-0.05,28
2020-12-30,4541,140053,2655962,19.05,19.15,18.9,18.95,-0.15,47
2020-12-31,4541,25000,473800,18.95,19.05,18.85,19.05,0.1,18
2021-01-04,4541,49020,929880,19.0,19.15,18.9,18.95,-0.1,26
2021-01-05,4541,69000,1309750,18.95,19.1,18.85,19.1,0.15,37
2021-01-06,4541,87199,1636749,18.95,18.95,18.55,18.65,-0.45,55
2021-01-07,4541,13732,255976,18.6,18.7,18.6,18.7,0.05,15
2021-01-08,4541,30020,561473,18.75,18.9,18.6,18.65,-0.05,23
2021-01-11,4541,98040,1805932,18.6,18.6,18.2,18.45,-0.2,69
2021-01-12,4541,219079,3947326,18.45,18.45,17.85,18.0,-0.45,130
2021-01-13,4541,236300,4194800,18.2,18.2,17.55,18.0,0.0,120
2021-01-14,4541,260767,4622318,17.95,18.05,17.3,17.9,-0.1,142
2021-01-15,4541,64041,1134980,17.85,18.0,17.55,17.65,-0.25,48
2021-01-18,4541,120011,2108892,17.6,18.0,17.4,17.95,0.3,68
2021-01-19,4541,47823,851871,17.9,17.95,17.65,17.95,0.0,31
2021-01-20,4541,74056,1304499,17.95,17.95,17.4,17.75,-0.2,45
2021-01-21,4541,81000,1453749,17.85,18.3,17.55,17.75,0.0,48
2021-01-22,4541,23114,413649,17.95,18.3,17.65,17.7,-0.05,22
2021-01-25,4541,31001,548617,17.95,17.95,17.6,17.6,-0.1,12
2021-01-26,4541,79020,1382700,17.6,17.65,17.4,17.5,-0.1,47
2021-01-27,4541,44040,769654,17.4,17.8,17.4,17.8,0.3,29
2021-01-28,4541,15030,262926,17.65,17.65,17.45,17.55,-0.25,13
2021-01-29,4541,33000,572700,17.3,17.4,17.3,17.4,-0.15,18
2021-02-01,4541,78000,1333150,17.2,17.3,17.0,17.3,-0.1,44
2021-02-02,4541,30200,520909,17.2,17.4,17.15,17.35,0.05,22
2021-02-03,4541,4000,69600,17.45,17.45,17.35,17.4,0.05,3
2021-02-04,4541,33218,571327,17.35,17.35,17.1,17.3,-0.1,17
2021-02-05,4541,27277,469991,17.3,17.3,17.15,17.3,0.0,25
2021-02-17,4541,73010,1255917,17.5,17.5,17.1,17.25,-0.05,53
2021-02-18,4541,71237,1226164,17.3,17.3,17.1,17.2,-0.05,47
2021-02-19,4541,103025,1784879,17.25,17.55,17.25,17.35,0.15,61
2021-02-22,4541,105798,1863814,17.4,17.8,17.4,17.65,0.3,65
2021-02-23,4541,196087,3513952,17.7,18.2,17.7,18.0,0.35,110
2021-02-24,4541,183000,3335450,18.1,18.35,18.1,18.15,0.15,95
2021-02-25,4541,358379,6628982,18.3,18.7,18.25,18.6,0.45,138
2021-02-26,4541,190474,3522782,18.6,18.7,18.3,18.4,-0.2,102
2021-03-02,4541,182377,3398667,18.5,19.0,18.5,18.55,0.15,128
2021-03-03,4541,160110,3000417,18.75,18.8,18.65,18.8,0.25,98
2021-03-04,4541,72195,1349405,18.8,18.8,18.6,18.8,0.0,46
2021-03-05,4541,87486,1635178,18.7,18.8,18.6,18.8,0.0,48
2021-03-08,4541,235209,4548958,18.9,19.7,18.9,19.2,0.4,151
2021-03-09,4541,91200,1741180,19.25,19.25,19.0,19.05,-0.15,58
2021-03-10,4541,62230,1188942,19.05,19.2,19.05,19.2,0.15,36
2021-03-11,4541,124084,2378212,19.2,19.3,19.0,19.15,-0.05,72
2021-03-12,4541,47000,896050,19.15,19.15,19.0,19.05,-0.1,31
2021-03-15,4541,257668,5033783,19.05,19.8,19.05,19.65,0.6,164
2021-03-16,4541,1036450,22238466,19.85,21.6,19.85,21.6,1.95,487
2021-03-17,4541,1211284,27178166,22.6,23.5,21.9,22.1,0.5,782
2021-03-18,4541,481843,10283156,21.6,21.85,21.1,21.3,-0.8,298
2021-03-19,4541,260106,5401831,20.8,21.25,20.5,20.8,-0.5,146
2021-03-22,4541,234440,5000161,21.45,21.8,20.8,21.05,0.25,133
2021-03-23,4541,98136,2071602,21.05,21.35,21.0,21.0,-0.05,62
2021-03-24,4541,119000,2511250,20.7,21.5,20.7,21.0,0.0,51
2021-03-25,4541,139779,2944005,21.3,21.45,20.9,21.0,0.0,80
2021-03-26,4541,202343,4265084,21.05,21.4,20.95,21.05,0.05,85
2021-03-29,4541,147431,3103012,21.05,21.25,20.95,21.05,0.0,91
2021-03-30,4541,212129,4595698,21.5,22.2,21.3,21.45,0.4,142
2021-03-31,4541,124054,2669188,21.5,21.7,21.4,21.55,0.1,70
2021-04-01,4541,103000,2215450,21.5,21.6,21.4,21.5,-0.05,66
2021-04-06,4541,122595,2627087,21.7,21.7,21.25,21.5,0.0,88
2021-04-07,4541,104368,2228658,21.5,21.5,21.25,21.35,-0.15,64
2021-04-08,4541,113979,2434404,21.35,21.5,21.25,21.35,0.0,84
2021-04-09,4541,156020,3324226,21.35,21.4,21.25,21.3,-0.05,94
2021-04-12,4541,237528,5008457,21.3,21.3,20.85,21.15,-0.15,163
2021-04-13,4541,258529,5519767,21.1,21.8,21.0,21.3,0.15,129
2021-04-14,4541,215160,4489213,21.4,21.4,20.5,20.95,-0.35,121
2021-04-15,4541,150386,3227386,20.9,21.85,20.9,21.45,0.5,77
2021-04-16,4541,88100,1878850,21.65,21.65,21.25,21.3,-0.15,47
2021-04-19,4541,191549,4114769,21.5,21.65,21.35,21.45,0.15,99
2021-04-20,4541,202040,4365764,21.45,21.8,21.45,21.6,0.15,87
2021-04-21,4541,108013,2319919,21.75,21.75,21.35,21.35,-0.25,77
2021-04-22,4541,311010,6585410,21.2,21.4,20.8,21.0,-0.35,175
2021-04-23,4541,133520,2807795,21.0,21.2,20.95,21.15,0.15,118
2021-04-26,4541,127044,2693631,21.2,21.35,21.15,21.2,0.05,96
2021-04-27,4541,82594,1744524,21.15,21.25,21.0,21.25,0.05,61
2021-04-28,4541,104270,2218597,21.25,21.35,21.2,21.35,0.1,63
2021-04-29,4541,102059,2183712,21.5,21.5,21.3,21.4,0.05,63
2021-05-03,4541,161016,3428637,21.4,21.5,21.0,21.15,-0.25,98
2021-05-04,4541,176506,3640941,21.15,21.2,20.0,21.0,-0.15,116
2021-05-05,4541,53000,1107650,20.85,20.95,20.85,20.95,-0.05,31
2021-05-06,4541,136407,2801713,21.05,21.05,20.0,20.5,-0.45,86
2021-05-07,4541,92126,1873925,20.5,20.5,20.2,20.45,-0.05,74
2021-05-10,4541,98000,1986550,20.5,20.5,20.1,20.15,-0.3,74
2021-05-11,4541,253054,4999671,20.05,20.3,19.35,19.8,-0.35,168
2021-05-12,4541,379479,7023299,19.8,19.8,17.85,18.5,-1.3,189
2021-05-13,4541,94000,1711050,17.5,18.65,17.5,18.35,-0.15,71
2021-05-14,4541,114241,2080111,18.35,18.55,18.0,18.15,-0.2,69
2021-05-17,4541,106265,1866962,17.5,18.15,17.1,17.45,-0.7,66
2021-05-18,4541,182067,3303306,17.45,18.6,17.45,18.4,0.95,85
2021-05-19,4541,41023,742423,18.0,18.25,18.0,18.1,-0.3,26
2021-05-20,4541,33000,594200,18.0,18.15,17.9,17.95,-0.15,15
2021-05-21,4541,49000,883800,18.1,18.15,18.0,18.1,0.15,29
2021-05-24,4541,88199,1618271,18.0,18.5,18.0,18.5,0.4,53
2021-05-25,4541,64000,1205750,18.8,19.2,18.6,18.6,0.1,53
2021-05-26,4541,14010,259986,18.6,18.6,18.5,18.6,0.0,15
2021-05-27,4541,63026,1178133,18.6,18.8,18.6,18.75,0.15,30
2021-05-28,4541,157242,3152240,18.85,20.6,18.85,19.8,1.05,105
2021-05-31,4541,246688,5161739,20.05,21.5,20.05,20.9,1.1,171
2021-06-01,4541,68030,1412127,20.9,20.9,20.5,20.5,-0.4,52
2021-06-02,4541,113565,2371316,20.55,21.05,20.55,20.8,0.3,78
2021-06-03,4541,1581679,35610094,21.05,22.85,21.05,22.85,2.05,821
2021-06-04,4541,1889442,44728439,22.95,24.8,22.85,23.35,0.5,1204
2021-06-07,4541,747789,17574016,23.85,24.15,23.0,23.5,0.15,476
2021-06-08,4541,468841,10980561,23.65,23.9,23.0,23.8,0.3,304
2021-06-09,4541,426721,10133782,24.0,24.15,23.5,23.65,-0.15,275
2021-06-10,4541,391353,8968081,23.8,23.8,22.75,22.9,-0.75,270
2021-06-11,4541,206296,4657266,22.4,23.0,22.4,22.45,-0.45,137
2021-06-15,4541,153483,3424371,22.6,22.6,22.0,22.2,-0.25,107
2021-06-16,4541,124018,2751049,22.3,22.4,22.05,22.2,0.0,86
2021-06-17,4541,94301,2112602,22.2,22.6,22.2,22.6,0.4,61
2021-06-18,4541,229000,5214950,22.6,23.0,22.05,22.6,0.0,127
2021-06-21,4541,226408,5151819,22.8,22.85,22.6,22.75,0.15,137
2021-06-22,4541,268235,6202329,23.0,23.4,22.75,23.15,0.4,174
2021-06-23,4541,234000,5450550,23.4,23.6,22.95,23.2,0.05,117
2021-06-24,4541,133002,3032944,23.0,23.15,22.7,22.7,-0.5,84
2021-06-25,4541,153545,3471879,22.7,22.8,22.45,22.7,0.0,74
2021-06-28,4541,135100,3090250,22.9,23.0,22.8,22.8,0.1,72
2021-06-29,4541,124000,2817850,22.6,22.85,22.6,22.7,-0.1,50
2021-06-30,4541,192627,4364938,22.7,22.85,22.55,22.7,0.0,131
2021-07-01,4541,136100,3113794,22.7,23.1,22.65,22.8,0.1,87
2021-07-02,4541,230891,5280694,22.7,23.15,22.6,23.05,0.25,126
2021-07-05,4541,185094,4266538,23.05,23.25,22.85,23.1,0.05,91
2021-07-06,4541,51261,1186813,23.3,23.3,23.05,23.1,0.0,46
2021-07-07,4541,98115,2250487,23.1,23.1,22.8,22.8,-0.3,68
2021-07-08,4541,205080,4724940,22.9,23.3,22.8,23.25,0.45,90
2021-07-09,4541,106118,2453744,23.25,23.35,22.9,23.15,-0.1,60
2021-07-12,4541,144382,3341528,23.35,23.35,23.0,23.25,0.1,90
2021-07-13,4541,527051,12583882,23.35,24.8,23.3,23.4,0.15,290
2021-07-14,4541,177002,4102075,23.7,23.7,23.05,23.15,-0.25,91
2021-07-15,4541,80200,1856010,23.35,23.35,23.05,23.05,-0.1,54
2021-07-16,4541,106500,2456867,22.7,23.5,22.7,23.5,0.45,68
2021-07-19,4541,32000,744600,23.45,23.45,23.1,23.25,-0.25,29
2021-07-20,4541,64600,1483950,23.15,23.15,22.9,23.1,-0.15,43
2021-07-21,4541,138045,3145071,23.2,23.2,22.6,22.85,-0.25,86
2021-07-22,4541,82042,1883261,22.85,23.1,22.7,22.8,-0.05,47
2021-07-23,4541,136000,3140600,22.85,23.45,22.85,23.0,0.2,92
2021-07-26,4541,1638761,40679926,23.4,25.3,23.4,25.3,2.3,880
2021-07-27,4541,2051245,51871834,26.0,26.65,23.4,24.1,-1.2,1311
2021-07-28,4541,428467,10317230,24.2,25.1,22.8,24.9,0.8,316
2021-07-29,4541,1937250,50951646,25.2,27.0,24.9,26.85,1.95,1052
2021-07-30,4541,2484244,68941003,27.2,28.75,26.5,26.95,0.1,1584
2021-08-02,4541,641584,16955810,26.95,27.25,25.95,26.2,-0.75,437
2021-08-03,4541,413082,10983213,26.5,27.3,26.05,27.3,1.1,307
2021-08-04,4541,479340,13061117,27.4,27.9,26.6,26.9,-0.4,335
2021-08-05,4541,398650,10500633,27.0,27.0,26.0,26.2,-0.7,272
2021-08-06,4541,292751,7521787,26.2,26.2,25.55,25.6,-0.6,209
2021-08-09,4541,202400,5246849,25.6,26.25,25.55,26.1,0.5,151
2021-08-10,4541,702475,17583627,26.1,26.1,24.55,24.65,-1.45,445
2021-08-11,4541,372211,9109578,24.55,25.35,24.0,24.45,-0.2,231
2021-08-12,4541,83406,2035946,24.45,24.9,24.0,24.6,0.15,70
2021-08-13,4541,63345,1556812,25.1,25.1,24.25,24.5,-0.1,49
2021-08-16,4541,684139,15656340,24.05,24.4,22.3,22.3,-2.2,495
2021-08-17,4541,630282,13695916,22.1,22.55,21.3,21.5,-0.8,432
2021-08-18,4541,183069,3965914,21.5,22.55,21.1,22.45,0.95,131
2021-08-19,4541,96674,2136537,22.45,22.45,21.6,21.75,-0.7,83
2021-08-20,4541,139445,2977005,21.75,21.75,21.0,21.7,-0.05,100
2021-08-23,4541,77040,1731403,21.55,23.0,21.55,22.65,0.95,57
2021-08-24,4541,43605,994504,23.45,23.45,22.6,22.8,0.15,41
2021-08-25,4541,78153,1797379,23.0,23.05,22.8,23.05,0.25,43
2021-08-26,4541,50344,1148792,22.85,23.25,22.4,22.85,0.0,34
2021-08-27,4541,27242,623542,22.85,23.0,22.8,22.9,0.05,23
2021-08-30,4541,55110,1263327,22.9,23.0,22.9,22.95,0.05,31
2021-08-31,4541,55712,1255220,22.95,22.95,22.05,22.5,-0.45,44
2021-09-01,4541,53050,1196375,22.6,22.6,22.5,22.55,0.05,42
2021-09-02,4541,111001,2497969,22.55,22.95,22.25,22.25,-0.3,75
2021-09-03,4541,82662,1874227,23.0,23.0,22.25,22.9,0.65,60
2021-09-06,4541,83371,1869507,22.65,22.65,22.3,22.5,-0.4,68
2021-09-07,4541,53010,1173326,22.05,22.6,22.0,22.6,0.1,35
2021-09-08,4541,96000,2115600,22.1,22.25,21.8,22.0,-0.6,66
2021-09-09,4541,136000,2961300,22.0,22.1,21.5,22.1,0.1,73
2021-09-10,4541,71000,1557000,22.35,22.35,21.7,22.0,-0.1,37
2021-09-13,4541,60245,1319384,22.0,22.2,21.75,22.0,0.0,41
2021-09-14,4541,124711,2719190,22.0,22.4,21.5,21.9,-0.1,76
2021-09-15,4541,39239,856487,21.75,21.95,21.7,21.95,0.05,29
2021-09-16,4541,63581,1393972,22.0,22.1,21.8,22.1,0.15,29
2021-09-17,4541,99146,2199925,22.15,22.35,22.1,22.25,0.15,54
2021-09-22,4541,103000,2244850,21.8,22.0,21.6,22.0,-0.25,50
2021-09-23,4541,41038,912189,22.4,22.4,22.1,22.35,0.35,31
2021-09-24,4541,66364,1498440,22.5,23.2,22.4,22.55,0.2,45
2021-09-27,4541,56266,1266878,22.5,22.7,22.15,22.6,0.05,46
2021-09-28,4541,49050,1098335,22.35,22.65,22.25,22.65,0.05,39
2021-09-29,4541,81150,1803089,22.3,22.3,22.1,22.15,-0.5,55
2021-09-30,4541,44560,995035,22.25,22.55,22.2,22.55,0.4,34
2021-10-01,4541,149116,3369910,22.55,23.45,22.25,22.5,-0.05,97
2021-10-04,4541,107090,2413057,23.4,23.4,22.2,22.5,0.0,82
2021-10-05,4541,86000,1899000,22.0,22.75,21.45,22.5,0.0,59
2021-10-06,4541,96528,2135920,22.3,22.45,21.9,22.05,-0.45,65
2021-10-07,4541,53339,1193875,22.15,22.5,22.1,22.4,0.35,37
2021-10-08,4541,93013,2077339,22.5,22.5,22.2,22.3,-0.1,47
2021-10-12,4541,114000,2525350,22.3,22.35,22.0,22.0,-0.3,59
2021-10-13,4541,68000,1501150,22.0,22.2,21.95,22.15,0.15,31
2021-10-14,4541,46000,1019750,22.1,22.3,22.05,22.3,0.15,22
2021-10-15,4541,40030,900522,22.4,22.65,22.4,22.5,0.2,30
2021-10-18,4541,56013,1249991,22.4,22.4,22.25,22.4,-0.1,34
2021-10-19,4541,39000,878550,22.35,22.9,22.3,22.7,0.3,31
2021-10-20,4541,37163,836328,22.9,22.9,22.4,22.55,-0.15,26
2021-10-21,4541,69000,1555650,22.6,22.65,22.45,22.6,0.05,42
2021-10-22,4541,46150,1044040,22.6,22.75,22.55,22.75,0.15,27
2021-10-25,4541,86264,1950987,22.55,22.8,22.5,22.6,-0.15,52
2021-10-26,4541,44030,994928,22.8,22.8,22.55,22.6,0.0,31
2021-10-27,4541,44383,997631,22.65,22.65,22.35,22.5,-0.1,38
2021-10-28,4541,114599,2623608,22.55,23.2,22.55,23.1,0.6,81
2021-10-29,4541,128551,2997297,23.5,23.7,23.0,23.3,0.2,74
2021-11-01,4541,81065,1878196,23.3,23.5,23.0,23.2,-0.1,63
2021-11-02,4541,103292,2374506,23.2,23.25,22.8,22.85,-0.35,85
2021-11-03,4541,61108,1390609,22.85,22.85,22.7,22.75,-0.1,47
2021-11-04,4541,200514,4698522,22.7,24.2,22.5,23.3,0.55,134
2021-11-05,4541,124498,2862503,23.2,23.2,22.85,22.95,-0.35,71
2021-11-08,4541,143731,3396184,23.5,24.1,23.35,23.4,0.45,109
2021-11-09,4541,634866,15536832,23.35,25.4,23.35,24.8,1.4,396
2021-11-10,4541,267220,6480435,24.5,24.8,24.0,24.05,-0.75,189
2021-11-11,4541,276320,6789341,24.45,24.9,24.1,24.45,0.4,167
2021-11-12,4541,234158,5683997,24.4,24.75,24.05,24.1,-0.35,149
2021-11-15,4541,105073,2551090,24.2,24.5,24.15,24.4,0.3,71
2021-11-16,4541,942577,24263800,24.8,26.4,24.8,25.6,1.2,582
2021-11-17,4541,217095,5490519,25.7,25.7,25.0,25.4,-0.2,156
2021-11-18,4541,237037,5869957,25.5,25.5,24.35,24.7,-0.7,173
2021-11-19,4541,197151,4823806,24.7,24.95,24.05,24.95,0.25,105
2021-11-22,4541,204110,5007428,24.3,25.0,24.25,24.9,-0.05,113
2021-11-23,4541,88084,2155741,24.85,24.85,24.3,24.5,-0.4,65
2021-11-24,4541,55136,1350532,24.4,24.7,24.35,24.5,0.0,44
2021-11-25,4541,937217,24004663,25.0,26.2,24.9,25.7,1.2,553
2021-11-26,4541,399018,9998177,25.8,26.0,24.6,24.6,-1.1,260
2021-11-29,4541,191020,4571371,24.1,24.3,23.45,24.1,-0.5,127
2021-11-30,4541,112104,2743037,24.2,24.7,24.2,24.5,0.4,82
2021-12-01,4541,119000,2894000,24.6,24.6,24.05,24.5,0.0,84
2021-12-02,4541,144024,3540388,24.45,25.0,24.3,24.8,0.3,86
2021-12-03,4541,402382,10230536,25.1,25.75,25.1,25.35,0.55,241
2021-12-06,4541,100028,2508905,25.1,25.2,25.0,25.1,-0.25,75
2021-12-07,4541,325639,8150650,25.45,25.45,24.85,25.1,0.0,173
2021-12-08,4541,274093,6971408,25.3,25.75,25.05,25.35,0.25,154
2021-12-09,4541,227010,5699653,25.2,25.3,24.9,25.05,-0.3,104
2021-12-10,4541,125330,3123046,25.0,25.05,24.7,24.95,-0.1,67
2021-12-13,4541,88366,2185688,24.8,24.9,24.65,24.65,-0.3,84
2021-12-14,4541,94878,2311853,24.6,24.7,24.25,24.4,-0.25,73
2021-12-15,4541,57000,1397200,24.65,24.95,24.4,24.5,0.1,31
2021-12-16,4541,71187,1736402,24.75,24.75,24.3,24.3,-0.2,46
2021-12-17,4541,58392,1414878,24.3,24.3,24.15,24.15,-0.15,46
2021-12-20,4541,39359,951680,24.2,24.3,24.1,24.3,0.15,43
2021-12-21,4541,30295,736567,24.5,24.5,24.2,24.3,0.0,32
2021-12-22,4541,49698,1211210,24.6,24.65,24.25,24.45,0.15,51
2021-12-23,4541,102000,2478300,24.6,24.6,24.2,24.3,-0.15,42
2021-12-24,4541,70350,1704317,24.25,24.3,24.15,24.3,0.0,55
2021-12-27,4541,175427,4209443,24.3,24.3,23.85,23.9,-0.4,114
2021-12-28,4541,54156,1298286,23.9,24.05,23.9,23.95,0.05,36
2021-12-29,4541,103135,2474254,24.1,24.15,23.9,24.15,0.2,51
2021-12-30,4541,56607,1357896,24.15,24.15,23.9,24.0,-0.15,41
2022-01-03,4541,56512,1359344,24.0,24.15,23.95,24.15,0.15,42
2022-01-04,4541,28210,678290,24.15,24.15,24.0,24.0,-0.15,41
2022-01-05,4541,36223,869454,24.0,24.05,24.0,24.0,0.0,33
2022-01-06,4541,104840,2503089,23.9,24.0,23.8,23.8,-0.2,68
2022-01-07,4541,140436,3332264,23.8,23.95,23.5,23.5,-0.3,92
2022-01-10,4541,78000,1855650,23.5,23.9,23.5,23.7,0.2,45
2022-01-11,4541,55306,1300652,23.7,23.7,23.45,23.5,-0.2,41
2022-01-12,4541,50558,1180463,23.5,23.55,23.25,23.4,-0.1,39
2022-01-13,4541,28000,651250,23.25,23.3,23.25,23.25,-0.15,20
2022-01-14,4541,46150,1084586,23.95,23.95,23.2,23.3,0.05,35
2022-01-17,4541,25850,605739,23.9,23.9,23.3,23.55,0.25,23
2022-01-18,4541,80922,1880709,23.3,23.35,23.15,23.15,-0.4,85
2022-01-19,4541,76100,1752114,23.05,23.25,22.7,23.25,0.1,45
2022-01-20,4541,72567,1668924,23.0,23.1,22.95,22.95,-0.3,55
2022-01-21,4541,133500,3007269,22.9,22.9,22.4,22.55,-0.4,95
2022-01-24,4541,66062,1463237,22.45,22.45,22.0,22.15,-0.4,56
2022-01-25,4541,120280,2632599,22.15,22.2,21.7,21.7,-0.45,89
2022-01-26,4541,115078,2479419,21.55,21.8,21.3,21.8,0.1,77
2022-02-07,4541,60010,1340674,22.05,22.7,22.05,22.65,0.85,41
2022-02-08,4541,69010,1573978,22.7,23.0,22.7,23.0,0.35,52
2022-02-09,4541,60150,1385950,22.8,23.3,22.75,23.3,0.3,38
2022-02-10,4541,44000,1018150,23.15,23.2,23.1,23.2,-0.1,23
2022-02-11,4541,24033,557316,23.15,23.35,23.1,23.3,0.1,19
2022-02-14,4541,136270,3178213,23.0,23.6,23.0,23.6,0.3,66
2022-02-15,4541,258006,6174290,23.6,24.3,23.6,23.9,0.3,121
2022-02-16,4541,268300,6509401,24.05,24.5,24.05,24.25,0.35,173
2022-02-17,4541,245030,5962676,24.35,24.8,24.1,24.25,0.0,152
2022-02-18,4541,178000,4308100,23.9,24.4,23.9,24.2,-0.05,107
2022-02-21,4541,223343,5467052,24.5,24.6,24.3,24.45,0.25,112
2022-02-22,4541,119400,2890412,24.45,24.45,24.05,24.1,-0.35,72
2022-02-23,4541,90689,2191032,24.0,24.25,24.0,24.25,0.15,52
2022-02-24,4541,285054,6789395,24.15,24.2,23.3,23.7,-0.55,140
2022-02-25,4541,96005,2288569,23.7,24.0,23.7,23.9,0.2,53
2022-03-01,4541,227000,5501900,24.1,24.5,24.0,24.3,0.4,103
2022-03-02,4541,51010,1230390,24.2,24.2,24.0,24.15,-0.15,31
2022-03-03,4541,65500,1579224,24.2,24.25,24.0,24.15,0.0,39
2022-03-04,4541,90210,2148958,23.95,23.95,23.7,23.8,-0.35,49
2022-03-07,4541,163182,3776973,23.65,23.65,22.8,23.0,-0.8,94
2022-03-08,4541,170200,3822165,22.4,23.15,22.0,22.4,-0.6,115
2022-03-09,4541,52342,1173898,22.45,22.5,22.3,22.4,0.0,59
2022-03-10,4541,37016,840761,22.9,22.9,22.6,22.7,0.3,30
2022-03-11,4541,31919,716318,22.7,22.7,22.3,22.35,-0.35,34
2022-03-14,4541,46001,1022972,22.35,22.35,22.15,22.3,-0.05,29
2022-03-15,4541,65620,1439140,22.25,22.25,21.8,21.85,-0.45,49
2022-03-16,4541,63000,1378100,21.95,22.0,21.7,22.0,0.15,33
2022-03-17,4541,80020,1796950,22.35,22.7,22.35,22.4,0.4,51
2022-03-18,4541,25100,564655,22.5,22.55,22.45,22.5,0.1,18
2022-03-21,4541,22010,495874,22.95,22.95,22.4,22.4,-0.1,20
2022-03-22,4541,77021,1713021,22.2,22.4,22.15,22.4,0.0,51
2022-03-23,4541,21661,486342,22.4,22.5,22.4,22.5,0.1,19
2022-03-24,4541,25483,570117,22.5,22.5,22.3,22.4,-0.1,17
2022-03-25,4541,62587,1412826,22.5,22.65,22.45,22.65,0.25,586
2022-03-28,4541,101044,2305967,22.65,23.05,22.4,22.85,0.2,3204
2022-03-29,4541,56940,1300825,23.0,23.0,22.7,22.85,0.0,1517
2022-03-30,4541,49963,1144398,22.85,23.15,22.85,22.9,0.05,849
2022-03-31,4541,34064,772706,22.85,22.85,22.6,22.75,-0.15,524
2022-04-01,4541,27484,620016,22.6,22.65,22.5,22.65,-0.1,436
2022-04-06,4541,47364,1064623,22.5,22.55,22.35,22.55,-0.1,1043
2022-04-07,4541,70624,1576778,22.3,22.4,22.15,22.25,-0.3,563
2022-04-08,4541,37680,839825,22.3,22.35,22.25,22.3,0.05,554
2022-04-11,4541,358615,8447168,22.9,24.1,22.7,23.25,0.95,727
2022-04-12,4541,196113,4526805,23.15,23.35,22.8,23.15,-0.1,765
2022-04-13,4541,124820,2901936,23.2,23.4,23.05,23.4,0.25,970
2022-04-14,4541,1541889,38036379,23.55,25.15,23.5,24.7,1.3,1055
2022-04-15,4541,1641979,41485253,24.7,25.75,24.55,25.65,0.95,811
2022-04-18,4541,953525,24666757,25.9,26.3,25.3,25.85,0.2,529
2022-04-19,4541,598561,15316166,25.55,26.2,24.65,25.35,-0.5,432
2022-04-20,4541,216233,5459435,25.5,25.8,25.05,25.05,-0.3,130
2022-04-21,4541,425704,10467966,25.15,25.15,24.3,24.5,-0.55,323
2022-04-22,4541,182405,4490666,24.3,25.1,24.25,24.85,0.35,123
2022-04-25,4541,306817,7489385,24.7,25.1,24.05,25.0,0.15,160
2022-04-26,4541,167060,4190678,25.5,25.5,24.65,24.9,-0.1,103
2022-04-27,4541,270041,6569199,24.0,24.9,23.5,24.45,-0.45,116
2022-04-28,4541,143280,3513222,24.45,24.8,24.2,24.2,-0.25,91
2022-04-29,4541,158025,3802300,24.2,24.2,23.9,24.15,-0.05,105
2022-05-03,4541,104374,2525293,23.85,24.4,23.85,24.15,0.0,64
2022-05-04,4541,37098,889378,23.8,24.15,23.8,24.05,-0.1,42
2022-05-05,4541,45051,1089080,24.15,24.35,24.05,24.05,0.0,38
2022-05-06,4541,109004,2588342,23.8,24.0,23.5,23.75,-0.3,67
2022-05-09,4541,105101,2506592,23.75,24.2,23.65,24.1,0.35,62
2022-05-10,4541,45061,1075450,24.0,24.15,23.6,24.15,0.05,39
2022-05-11,4541,30001,720573,24.1,24.1,23.85,23.85,-0.3,26
2022-05-12,4541,190080,4426197,23.85,23.85,22.75,22.85,-1.0,106
2022-05-13,4541,49017,1132287,23.0,23.3,23.0,23.2,0.35,50
2022-05-16,4541,44222,1025861,23.25,23.3,23.0,23.2,0.0,40
2022-05-17,4541,74122,1715185,23.2,23.2,23.05,23.15,-0.05,31
2022-05-18,4541,22604,536030,24.55,24.55,23.25,23.5,0.35,31
2022-05-19,4541,74723,1714460,23.35,23.35,22.8,23.1,-0.4,63
2022-05-20,4541,94427,2181604,23.05,23.45,23.0,23.2,0.1,85
2022-05-23,4541,107206,2462131,23.1,23.2,22.7,23.05,-0.15,75
2022-05-24,4541,69016,1585568,23.05,23.15,22.8,22.95,-0.1,55
2022-05-25,4541,71157,1636139,23.05,23.25,22.9,22.9,-0.05,72
2022-05-26,4541,73366,1688345,22.9,23.25,22.85,22.95,0.05,62
2022-05-27,4541,117121,2720566,23.25,23.9,23.1,23.15,0.2,81
2022-05-30,4541,168028,3946541,23.15,23.75,23.15,23.45,0.3,113
2022-05-31,4541,121118,2850313,23.6,23.7,23.4,23.5,0.05,73
2022-06-01,4541,65562,1540498,23.55,23.65,23.4,23.5,0.0,45
2022-06-02,4541,236012,5657181,23.7,24.8,23.6,23.6,0.1,144
2022-06-06,4541,160128,3853235,23.9,24.35,23.6,24.15,0.55,114
2022-06-07,4541,55473,1339048,24.3,24.3,23.95,24.15,0.0,50
2022-06-08,4541,120058,2871851,24.15,24.15,23.8,23.95,-0.2,82
2022-06-09,4541,60059,1433547,24.0,24.1,23.75,23.85,-0.1,57
2022-06-10,4541,219014,5353386,24.45,24.9,24.2,24.25,0.4,154
2022-06-13,4541,149436,3562396,24.0,24.2,23.7,23.7,-0.55,113
2022-06-14,4541,91016,2139570,23.65,23.75,23.35,23.7,0.0,66
2022-06-15,4541,78006,1846638,23.7,23.75,23.6,23.65,-0.05,48
2022-06-16,4541,1541163,38860888,23.8,26.0,23.8,25.55,1.9,866
2022-06-17,4541,8545442,232475575,25.75,28.1,25.3,28.1,2.55,4642
2022-06-20,4541,19293029,553185635,28.7,30.1,27.2,27.2,-0.9,11027
2022-06-21,4541,7757237,216909075,27.95,29.4,26.0,28.5,1.3,4724
2022-06-22,4541,3390327,92799281,28.4,28.8,26.0,26.15,-2.35,2182
2022-06-23,4541,1461210,37112263,26.2,26.5,24.2,25.25,-0.9,877
2022-06-24,4541,938465,23984904,24.9,26.4,24.9,26.4,1.15,446
2022-06-27,4541,1330643,35355596,25.6,27.75,25.6,27.75,1.35,678
2022-06-28,4541,786108,21600581,27.2,27.85,27.15,27.75,0.0,508
2022-06-29,4541,968071,26754684,27.5,28.5,27.15,27.25,-0.5,504
2022-06-30,4541,712717,18839157,27.3,27.6,25.5,25.9,-1.35,463
2022-07-01,4541,722332,18699739,26.6,27.2,24.95,25.05,-0.85,440
2022-07-04,4541,1155821,30384494,25.1,27.1,24.8,26.3,0.0,608
2022-07-05,4541,857917,22652953,26.35,27.45,25.5,26.2,-0.1,574
2022-07-06,4541,997135,26583871,26.65,27.5,25.8,25.95,-0.25,657
2022-07-07,4541,640410,16947189,26.2,27.05,25.6,26.9,0.95,422
2022-07-08,4541,2301922,64375938,27.4,29.0,27.05,27.6,0.7,1382
2022-07-11,4541,4349740,126405554,27.6,29.9,27.6,29.5,1.9,2674
2022-07-12,4541,1871666,52857978,28.95,29.05,27.6,27.6,-1.9,1295
2022-07-13,4541,5392380,159729922,28.4,30.35,28.3,30.25,2.65,3167
2022-07-14,4541,12220595,376250435,30.25,32.8,29.2,30.0,-0.25,7631
2022-07-15,4541,2761959,80029108,29.75,30.35,28.4,28.8,-1.2,1724
2022-07-18,4541,1726028,50589611,28.5,30.2,28.5,29.05,0.25,1153
2022-07-19,4541,963284,27574574,29.05,29.5,27.6,28.25,-0.8,767
2022-07-20,4541,1082461,30910333,28.55,29.05,27.8,29.05,0.8,752
2022-07-21,4541,840446,24265476,29.0,29.45,28.4,28.8,-0.25,562
2022-07-22,4541,742575,21492647,28.8,29.4,28.65,28.65,-0.15,456
2022-07-25,4541,457071,12975951,28.45,28.95,28.05,28.3,-0.35,296
2022-07-26,4541,1871531,54268130,28.6,29.75,28.3,28.35,0.05,1230
2022-07-27,4541,951142,27365428,28.15,29.45,27.9,29.45,1.1,615
2022-07-28,4541,910053,26376565,29.7,29.7,28.5,28.55,-0.9,606
2022-07-29,4541,1412698,41563950,28.6,29.75,28.6,29.45,0.9,837
2022-08-01,4541,1738777,51919048,29.45,30.8,28.75,30.0,0.55,1155
2022-08-02,4541,2229368,66667687,29.85,30.85,29.2,29.2,-0.8,1358
2022-08-03,4541,994622,28978191,29.25,29.7,28.5,29.35,0.15,562
2022-08-04,4541,5019474,153954409,29.85,31.7,29.3,31.55,2.2,2929
2022-08-05,4541,3407734,105175786,31.2,31.45,30.3,30.3,-1.25,2153
2022-08-08,4541,1693170,51515674,30.6,31.2,29.6,30.5,0.2,1035
2022-08-09,4541,1035285,31494351,29.95,30.8,29.85,30.8,0.3,549
2022-08-10,4541,1069953,32214445,30.55,31.0,29.5,29.85,-0.95,636
2022-08-11,4541,1088342,31981860,30.4,30.5,29.0,29.5,-0.35,734
2022-08-12,4541,320198,9538397,30.2,30.2,29.5,29.8,0.3,251
2022-08-15,4541,1087949,31240376,29.5,29.5,28.4,28.65,-1.15,693
2022-08-16,4541,525557,15073493,28.65,28.95,28.45,28.45,-0.2,310
2022-08-17,4541,981702,28663657,28.85,29.85,28.5,28.95,0.5,667
2022-08-18,4541,1114151,33146729,29.3,30.2,29.05,29.8,0.85,681
2022-08-19,4541,871563,26321946,29.8,30.45,29.8,30.05,0.25,516
2022-08-22,4541,692017,20743732,30.0,30.35,29.35,30.25,0.2,403
2022-08-23,4541,838818,25547597,30.15,30.8,30.1,30.45,0.2,424
2022-08-24,4541,1108605,34093515,30.8,31.15,30.25,30.6,0.15,552
2022-08-25,4541,590330,18134868,31.0,31.0,30.45,30.45,-0.15,311
2022-08-26,4541,1155644,35868026,30.5,31.55,30.45,30.9,0.45,640
2022-08-29,4541,470609,14325285,29.9,31.15,29.85,31.0,0.1,290
2022-08-30,4541,606374,18991382,31.25,31.65,30.95,30.95,-0.05,369
2022-08-31,4541,393093,12187738,30.95,31.3,30.7,31.05,0.1,241
2022-09-01,4541,491110,15103674,30.85,31.4,30.55,30.6,-0.45,258
2022-09-02,4541,594525,18191428,30.9,31.2,30.25,30.95,0.35,293
2022-09-05,4541,2787220,90579755,30.95,33.7,30.95,32.35,1.4,1806
2022-09-06,4541,1651476,53068464,33.0,33.2,31.1,32.3,-0.05,1033
2022-09-07,4541,1922715,61988557,34.0,34.0,31.55,31.6,-0.7,1303
2022-09-08,4541,1164262,37641462,31.3,32.95,31.25,32.5,0.9,702
2022-09-12,4541,4567295,156462397,33.6,35.3,32.45,34.7,2.2,2611
2022-09-13,4541,5441467,190644209,35.2,36.2,34.0,35.15,0.45,3664
2022-09-14,4541,2928626,103303109,33.75,36.0,33.5,35.55,0.4,1903
2022-09-15,4541,4824582,175203908,36.5,37.8,35.6,35.85,0.3,3222
2022-09-16,4541,1179839,41655174,35.25,35.95,35.0,35.0,-0.85,737
2022-09-19,4541,649145,22510517,35.7,35.7,34.3,34.65,-0.35,536
2022-09-20,4541,781319,27587587,34.8,35.75,34.45,35.65,1.0,506
2022-09-21,4541,798114,28488729,35.6,36.2,35.25,35.35,-0.3,545
2022-09-22,4541,1744826,62690404,34.8,36.5,34.7,35.9,0.55,928
2022-09-23,4541,1964188,69546965,36.9,36.9,34.0,34.5,-1.4,1396
2022-09-26,4541,1538726,51577946,33.9,35.2,32.6,32.6,-1.9,1024
2022-09-27,4541,1238774,41038018,33.0,34.1,31.7,33.5,0.9,692
2022-09-28,4541,1803397,56571030,33.5,33.6,30.15,30.3,-3.2,985
2022-09-29,4541,808941,25682982,31.3,32.45,31.0,31.85,1.55,488
2022-09-30,4541,957552,29273807,31.0,31.1,30.0,31.0,-0.85,674
2022-10-03,4541,550163,16762207,30.25,31.0,30.25,30.35,-0.65,321
2022-10-04,4541,586256,18179000,30.9,31.5,30.65,30.9,0.55,326
2022-10-05,4541,872986,26730371,31.25,31.5,29.7,29.9,-1.0,610
2022-10-06,4541,559704,16653057,30.0,30.2,29.05,30.0,0.1,351
2022-10-07,4541,394246,11830451,30.0,30.6,29.55,29.55,-0.45,315
2022-10-11,4541,1278204,37300026,30.75,30.75,28.35,28.35,-1.2,868
2022-10-12,4541,1460527,40338417,28.9,28.9,26.8,27.7,-0.65,851
2022-10-13,4541,1167049,31079532,27.7,27.75,26.0,26.1,-1.6,637
2022-10-14,4541,1039832,28052414,27.15,27.55,26.3,26.9,0.8,510
2022-10-17,4541,480074,12662045,26.35,26.8,25.9,26.6,-0.3,279
2022-10-18,4541,683556,18046052,26.8,26.95,26.1,26.5,-0.1,252
2022-10-19,4541,275007,7417540,26.7,27.25,26.6,26.85,0.35,188
2022-10-20,4541,354250,9289568,26.4,26.5,26.0,26.2,-0.65,289
2022-10-21,4541,407563,10544882,26.2,26.2,25.6,25.8,-0.4,301
2022-10-24,4541,353059,9363047,26.55,26.85,26.15,26.65,0.85,232
2022-10-25,4541,292286,7663159,26.7,26.75,25.95,26.0,-0.65,240
2022-10-26,4541,298388,7665005,26.15,26.2,25.4,25.65,-0.35,206
2022-10-27,4541,381706,9841893,25.75,26.1,25.6,26.0,0.35,203
2022-10-28,4541,859619,22950892,26.0,27.55,25.85,26.8,0.8,566
2022-10-31,4541,610554,16838071,27.5,27.95,26.9,27.6,0.8,325
2022-11-01,4541,642486,18224369,27.6,28.85,27.3,28.5,0.9,426
2022-11-02,4541,249426,7158560,28.55,28.9,28.5,28.9,0.4,200
2022-11-03,4541,787595,22999621,28.55,29.75,28.5,29.3,0.4,530
2022-11-04,4541,587759,17212487,29.05,29.6,29.0,29.25,-0.05,380
2022-11-07,4541,363029,10726829,29.7,29.75,29.3,29.4,0.15,238
2022-11-08,4541,440864,12855373,29.55,30.05,28.7,28.7,-0.7,305
2022-11-09,4541,753550,21070701,27.7,28.35,27.7,27.95,-0.75,457
2022-11-10,4541,230923,6365421,27.8,28.1,27.3,27.35,-0.6,209
2022-11-11,4541,487764,13489272,27.7,28.1,27.15,27.4,0.05,379
2022-11-14,4541,188286,5197819,27.25,27.95,27.25,27.6,0.2,156
2022-11-15,4541,415328,11314894,27.6,27.6,27.0,27.1,-0.5,237
2022-11-16,4541,527714,14078600,27.15,27.15,26.35,26.5,-0.6,371
2022-11-17,4541,343241,9149740,26.5,27.05,26.5,26.6,0.1,233
2022-11-18,4541,422169,11340356,26.6,27.15,26.45,26.85,0.25,299
2022-11-21,4541,293218,7905379,26.85,27.15,26.7,27.1,0.25,172
2022-11-22,4541,3309136,95916256,27.05,29.8,26.7,29.25,2.15,2053
2022-11-23,4541,8954438,280087220,29.75,32.1,29.6,31.25,2.0,4933
2022-11-24,4541,5789617,177415214,31.25,31.75,29.6,31.25,0.0,3534
2022-11-25,4541,2092019,63946955,31.1,31.25,29.95,29.95,-1.3,1368
2022-11-28,4541,2806644,86234452,30.15,31.4,29.85,30.6,0.65,1690
2022-11-29,4541,7768201,249928748,31.0,33.2,30.4,32.1,1.5,4616
2022-11-30,4541,3071389,96083901,32.1,32.15,30.75,31.55,-0.55,1718
2022-12-01,4541,1185643,36935902,31.55,31.55,30.9,31.15,-0.4,775
2022-12-02,4541,961150,29997881,31.3,31.7,30.85,31.05,-0.1,615
2022-12-05,4541,2044412,64733650,31.25,32.6,31.0,31.0,-0.05,1274
2022-12-06,4541,1063222,32407852,30.9,31.15,30.0,30.2,-0.8,693
2022-12-07,4541,705909,21406500,30.2,30.9,29.8,30.0,-0.2,473
2022-12-08,4541,1741578,54285648,30.1,31.75,30.0,31.35,1.35,1144
2022-12-09,4541,1514711,47678243,32.0,32.45,30.85,30.9,-0.45,954
2022-12-12,4541,512476,15512172,30.9,30.9,30.05,30.2,-0.7,346
2022-12-13,4541,558892,17115890,30.5,31.1,30.05,31.1,0.9,345
2022-12-14,4541,540438,16773070,31.15,31.45,30.7,31.45,0.35,350
2022-12-15,4541,1699779,53886724,31.45,32.3,31.1,31.5,0.05,979
2022-12-16,4541,652018,19992678,30.6,31.1,30.25,30.3,-1.2,419
2022-12-19,4541,351094,10550286,30.2,30.25,29.9,29.95,-0.35,220
2022-12-20,4541,884192,25691814,30.0,30.1,28.3,28.3,-1.65,535
2022-12-21,4541,354696,10081959,28.8,28.85,28.15,28.35,0.05,301
2022-12-22,4541,237180,6738947,29.05,29.05,28.25,28.3,-0.05,180
2022-12-23,4541,287379,8130905,27.8,28.65,27.65,28.45,0.15,179
2022-12-26,4541,532551,15468951,28.8,29.45,28.5,29.3,0.85,276
2022-12-27,4541,403445,11741531,29.9,29.9,28.9,29.05,-0.25,224
2022-12-28,4541,293942,8391620,29.05,29.2,28.25,28.25,-0.8,244
2022-12-29,4541,212005,5943449,28.0,28.2,27.8,28.2,-0.05,141
2022-12-30,4541,2746294,82295100,28.3,30.75,28.3,30.15,1.95,1530
2023-01-03,4541,833609,24981348,30.1,30.5,29.4,29.95,-0.2,559
2023-01-04,4541,719859,21820426,30.0,30.95,30.0,30.35,0.4,440
2023-01-05,4541,1328805,41168127,30.25,31.6,30.1,30.85,0.5,883
2023-01-06,4541,696350,21334923,30.95,31.05,30.3,30.45,-0.4,416
2023-01-09,4541,698844,20780223,29.7,30.55,29.5,29.5,-0.95,461
2023-01-10,4541,439464,12830883,29.3,29.65,29.0,29.0,-0.5,309
2023-01-11,4541,206441,6044850,29.15,29.7,29.05,29.25,0.25,176
2023-01-12,4541,251464,7333949,29.35,29.4,29.05,29.15,-0.1,125
2023-01-13,4541,264742,7683576,29.2,29.3,28.9,28.9,-0.25,194
2023-01-16,4541,121531,3542686,28.9,29.3,28.9,29.2,0.3,128
2023-01-17,4541,125356,3663804,29.0,29.5,29.0,29.15,-0.05,128
2023-01-30,4541,419945,12514593,29.45,30.1,29.45,29.8,0.65,236
2023-01-31,4541,498592,15167090,29.85,30.6,29.85,30.4,0.6,310
2023-02-01,4541,371017,11353498,30.4,30.9,30.4,30.45,0.05,284
2023-02-02,4541,262621,8006428,30.75,30.85,30.35,30.45,0.0,209
2023-02-03,4541,472827,14472389,30.4,30.85,30.3,30.5,0.05,289
2023-02-06,4541,749008,23183494,30.5,31.2,30.5,30.9,0.4,394
2023-02-07,4541,352889,10836862,31.0,31.0,30.5,30.7,-0.2,200
2023-02-08,4541,583280,17779924,30.85,30.85,30.35,30.35,-0.35,300
2023-02-09,4541,2041953,63961920,30.15,31.9,30.15,31.25,0.9,1148
2023-02-10,4541,5176167,163579963,31.25,32.6,30.25,30.3,-0.95,2916
2023-02-13,4541,1034997,31447802,30.4,31.1,29.7,30.75,0.45,664
2023-02-14,4541,459092,13822923,30.6,30.6,29.95,29.95,-0.8,392
2023-02-15,4541,227742,6838379,30.0,30.2,29.85,30.05,0.1,223
2023-02-16,4541,360081,10886090,30.35,30.4,30.1,30.2,0.15,224
2023-02-17,4541,2085547,65286543,30.2,31.65,30.2,31.4,1.2,1162
2023-02-20,4541,2111103,66875717,31.65,32.25,31.3,31.55,0.15,1116
2023-02-21,4541,1824631,58347204,31.55,32.45,31.5,31.55,0.0,1051
2023-02-22,4541,1504921,47873087,31.4,32.15,31.1,32.0,0.45,878
2023-02-23,4541,1270002,40662780,32.5,32.5,31.35,31.65,-0.35,760
2023-02-24,4541,574134,18008351,32.0,32.0,31.1,31.15,-0.5,356
2023-03-01,4541,1075537,34233905,31.1,32.15,30.9,32.15,1.0,671
2023-03-02,4541,6553964,222174058,33.15,34.65,32.8,34.35,2.2,3834
2023-03-03,4541,6087333,212394724,35.0,35.75,34.2,34.6,0.25,3539
2023-03-06,4541,3761485,131921196,34.8,36.35,34.05,34.05,-0.55,2466
2023-03-07,4541,1247362,42584764,34.2,34.45,33.8,34.45,0.4,792
2023-03-08,4541,7349965,261167315,35.0,36.85,34.55,34.65,0.2,4124
2023-03-09,4541,3787075,131576160,35.15,35.7,33.9,34.05,-0.6,2310
2023-03-10,4541,2563628,87435634,34.4,34.95,33.55,33.75,-0.3,1473
2023-03-13,4541,2377010,77059606,33.7,33.7,31.5,32.8,-0.95,1477
2023-03-14,4541,1528357,50663124,32.2,33.95,32.1,33.4,0.6,975
2023-03-15,4541,1338047,45579339,33.8,34.35,33.7,34.1,0.7,886
2023-03-16,4541,1665973,54632807,33.85,33.85,32.2,32.3,-1.8,1067
2023-03-17,4541,510171,16730884,32.6,33.15,32.35,33.05,0.75,401
2023-03-20,4541,667321,22290889,32.85,33.7,32.85,33.55,0.5,489
2023-03-21,4541,855734,28998208,33.8,34.3,33.55,33.7,0.15,568
2023-03-22,4541,660851,22221531,33.9,34.1,33.45,33.45,-0.25,443
2023-03-23,4541,1528440,52264302,33.45,34.5,33.35,34.4,0.95,1498
2023-03-24,4541,3013608,104520588,35.25,35.35,34.05,34.35,-0.05,2168
2023-03-27,4541,7187218,254855555,33.85,36.3,33.85,35.2,0.85,4418
2023-03-28,4541,3061179,104160854,35.2,35.5,33.35,33.5,-1.7,2187
2023-03-29,4541,685677,22972518,33.6,33.9,33.2,33.5,0.0,623
2023-03-30,4541,1026923,34704498,33.65,34.2,33.05,33.9,0.4,647
2023-03-31,4541,642269,21611632,34.0,34.1,33.5,33.6,-0.3,518
2023-04-06,4541,1443363,49359429,33.85,34.5,33.75,34.3,0.7,1105
2023-04-07,4541,6301162,224393679,34.75,36.7,34.65,35.45,1.15,3947
2023-04-10,4541,5939823,216191973,35.85,36.9,35.8,35.9,0.45,4202
2023-04-11,4541,3426530,119990048,35.9,36.0,34.6,34.6,-1.3,2358
2023-04-12,4541,7601697,276165868,35.2,37.2,35.2,37.05,2.45,4662
2023-04-13,4541,19649381,792362104,38.95,40.75,38.6,40.75,3.7,7740
2023-04-14,4541,22646876,942591797,42.4,43.75,40.1,40.1,-0.65,10687
2023-04-17,4541,17799257,750290783,39.6,43.6,39.15,42.5,2.4,10408
2023-04-18,4541,11779125,492972436,42.5,43.35,40.65,41.6,-0.9,7226
2023-04-19,4541,3986185,164955533,41.6,42.15,40.9,41.3,-0.3,2446
2023-04-20,4541,4759147,188523260,41.15,41.2,38.85,39.0,-2.3,2965
2023-04-21,4541,4305772,164851241,39.15,39.35,37.2,38.0,-1.0,2492
2023-04-24,4541,2839317,110291211,38.3,39.3,38.0,39.15,1.15,1758
2023-04-25,4541,6496074,256086672,38.75,40.65,38.05,38.5,-0.65,3923
2023-04-26,4541,2429375,93634308,38.4,39.2,37.7,39.05,0.55,1658
2023-04-27,4541,11853268,488806718,39.05,42.95,38.55,42.95,3.9,7170
2023-04-28,4541,18339441,842845692,44.75,47.2,44.3,47.2,4.25,8470
2023-05-02,4541,30338669,1451298362,49.55,50.5,45.25,46.6,-0.6,15810
2023-05-03,4541,30076807,1470134182,48.15,51.2,47.05,48.0,1.4,16179
2023-05-04,4541,15097037,695537231,46.45,47.4,45.3,45.7,-2.3,9433
2023-05-05,4541,14390830,661041205,45.1,47.45,44.15,46.8,1.1,9046
2023-05-08,4541,28502542,1398988022,48.8,51.0,47.7,49.0,2.2,17075
2023-05-09,4541,8540754,398409639,47.5,47.7,45.6,46.0,-3.0,5916
2023-05-10,4541,7210458,333247948,45.5,47.0,45.0,46.05,0.05,4690
2023-05-11,4541,7116142,314962672,45.6,46.95,43.1,43.55,-2.5,4248
2023-05-12,4541,5058475,216893392,43.0,43.95,41.95,43.05,-0.5,3055
2023-05-15,4541,3343484,140642902,42.6,42.8,41.45,41.8,-1.25,2219
2023-05-16,4541,2485881,104081445,42.45,42.7,41.5,41.5,-0.3,1579
2023-05-17,4541,6352119,269390668,41.25,43.45,40.85,42.45,0.95,3897
2023-05-18,4541,4537053,193276417,43.05,43.8,41.7,42.0,-0.45,3108
2023-05-19,4541,4202817,178280265,41.65,43.4,41.65,41.95,-0.05,2817
2023-05-22,4541,9126627,409865503,42.5,46.1,42.45,46.1,4.15,4614
2023-05-23,4541,32781523,1537794082,47.0,48.1,45.2,45.75,-0.35,18046
2023-05-24,4541,9858645,456824701,46.0,47.4,45.5,46.5,0.75,6011
2023-05-25,4541,3229915,147024750,46.5,46.5,45.0,45.0,-1.5,2171
2023-05-26,4541,2656513,116557188,44.55,44.7,43.2,43.2,-1.8,1991
2023-05-29,4541,3031311,133836117,43.35,44.8,43.35,43.7,0.5,2023
2023-05-30,4541,1590220,69081224,43.75,44.45,42.95,43.0,-0.7,1218
2023-05-31,4541,1598413,69254206,43.0,44.0,42.75,43.45,0.45,1165
2023-06-01,4541,1183425,51425859,43.6,44.0,42.9,43.55,0.1,856
2023-06-02,4541,1350427,58911579,43.65,44.15,43.2,43.4,-0.15,1029
2023-06-05,4541,4144994,185400911,43.55,45.3,43.5,44.85,1.45,2769
2023-06-06,4541,2888284,129561772,45.85,46.1,44.0,44.2,-0.65,2028
2023-06-07,4541,2600565,116710264,44.55,45.65,44.1,44.4,0.2,1797
2023-06-08,4541,1772850,78158868,44.1,44.95,43.6,43.8,-0.6,1394
2023-06-09,4541,1346020,58618133,44.0,44.2,43.15,43.2,-0.6,1050
2023-06-12,4541,2270207,95311840,43.15,43.25,41.25,41.4,-1.8,1542
2023-06-13,4541,1238816,51396420,41.7,42.0,41.05,41.3,-0.1,908
2023-06-14,4541,1271253,52390454,41.3,41.8,40.95,41.0,-0.3,966
2023-06-15,4541,2097776,87053902,41.0,42.45,40.25,42.45,1.45,1533
2023-06-16,4541,1416493,59700007,42.0,43.0,41.8,41.85,-0.6,1110
2023-06-19,4541,11135854,499304229,42.0,46.0,42.0,45.3,3.45,7040
2023-06-20,4541,7043171,317201951,46.15,46.4,44.2,44.7,-0.6,4341
2023-06-21,4541,2123484,95090923,45.0,45.35,44.4,44.5,-0.2,1477
2023-06-26,4541,1343386,59054526,44.8,44.85,43.5,43.55,-0.95,997
2023-06-27,4541,1266707,54874002,43.35,44.5,42.45,42.45,-1.1,909
2023-06-28,4541,3541478,157410826,42.85,45.4,42.85,44.0,1.55,2445
2023-06-29,4541,1143205,50347982,44.5,44.65,43.6,44.05,0.05,758
2023-06-30,4541,878668,38552930,44.0,44.3,43.55,44.2,0.15,628
2023-07-03,4541,2120800,94555728,44.95,44.95,44.0,44.6,0.4,1240
2023-07-04,4541,1769233,77305998,43.6,44.25,42.95,43.9,0.0,1145
2023-07-05,4541,1822528,79396092,43.6,44.25,42.95,42.95,-0.95,1380
2023-07-06,4541,1737330,73095449,42.95,42.95,41.55,41.65,-1.3,1304
2023-07-07,4541,1457794,59399838,41.2,41.45,40.25,40.7,-0.95,990
2023-07-10,4541,798023,32618073,41.2,41.35,40.6,40.65,-0.05,567
2023-07-11,4541,1144823,46129334,40.85,41.3,39.8,40.0,-0.65,860
2023-07-12,4541,1262389,49725561,40.2,40.4,39.05,39.05,-0.95,964
2023-07-13,4541,1244855,47996552,39.05,39.45,38.1,38.1,-0.95,878
2023-07-14,4541,962471,36755511,38.15,38.75,37.85,37.85,-0.25,679
2023-07-17,4541,1223140,46288286,37.75,38.8,37.0,38.55,0.7,820
2023-07-18,4541,1654732,61893644,39.2,39.2,36.8,36.95,-1.6,1001
2023-07-19,4541,1350893,49419900,37.25,37.6,35.9,36.0,-0.95,926
2023-07-20,4541,2467075,93243249,36.6,39.3,36.2,38.55,2.55,1741
2023-07-21,4541,2246592,85822536,37.55,39.95,37.1,37.95,-0.6,1633
2023-07-24,4541,968368,35551230,37.35,37.55,36.3,36.4,-1.55,684
2023-07-25,4541,775747,28140743,36.4,36.65,35.9,36.2,-0.2,537
2023-07-26,4541,605144,21962607,36.45,36.8,35.95,36.2,0.0,424
2023-07-27,4541,634996,23536355,36.55,37.5,36.55,36.9,0.7,485
2023-07-28,4541,411110,15046816,37.3,37.3,36.25,36.85,-0.05,547
2023-07-31,4541,1920934,73386326,37.15,38.8,37.15,38.1,1.25,1386
2023-08-01,4541,1310353,50257658,38.4,39.1,37.8,38.4,0.3,873
2023-08-02,4541,726475,27601259,38.35,38.8,37.6,37.8,-0.6,562
2023-08-04,4541,320930,12221490,38.1,38.4,37.5,38.4,0.6,311
2023-08-07,4541,495566,18569582,38.2,38.2,37.2,37.55,-0.85,591
2023-08-08,4541,473926,17721126,37.55,38.2,37.0,37.05,-0.5,379
2023-08-09,4541,340068,12538099,36.9,37.3,36.5,36.9,-0.15,310
2023-08-10,4541,546376,19811934,36.8,36.9,36.0,36.05,-0.85,385
2023-08-11,4541,1120087,39260187,36.1,36.15,34.4,34.6,-1.45,815
2023-08-14,4541,635601,22036575,34.65,35.1,34.15,34.75,0.15,426
2023-08-15,4541,286156,10001164,34.75,35.35,34.7,34.9,0.15,192
2023-08-16,4541,501003,17132123,34.9,34.9,33.6,34.55,-0.35,344
2023-08-17,4541,615050,21181756,34.35,35.3,33.55,35.1,0.55,426
2023-08-18,4541,372708,12891526,35.3,35.3,34.2,34.25,-0.85,374
2023-08-21,4541,540531,18961845,35.0,35.5,34.5,34.5,0.25,360
2023-08-22,4541,589495,19904835,34.75,34.75,33.5,33.65,-0.85,484
2023-08-23,4541,4505804,162455955,35.4,37.0,34.85,35.1,1.45,2784
2023-08-24,4541,5804405,215092059,35.05,38.25,35.0,37.9,2.8,3527
2023-08-25,4541,3187480,118904281,37.95,38.55,36.65,37.4,-0.5,2139
2023-08-28,4541,5075488,193845518,37.25,38.85,37.25,37.8,0.4,3227
2023-08-29,4541,2369112,86641464,37.85,37.9,35.8,36.85,-0.95,1803
2023-08-30,4541,1118246,41214023,36.5,37.5,36.2,37.45,0.6,731
2023-08-31,4541,1545920,57977748,37.2,38.3,36.8,36.8,-0.65,1027
2023-09-01,4541,924665,34407716,36.8,37.7,36.45,37.55,0.75,629
2023-09-04,4541,399164,14862006,37.8,37.8,37.0,37.0,-0.55,385
2023-09-05,4541,603174,22048160,37.05,37.25,36.1,36.1,-0.9,679
2023-09-06,4541,403633,14735992,36.7,36.7,36.15,36.35,0.25,299
2023-09-07,4541,362225,13088887,36.4,36.75,35.8,35.9,-0.45,363
2023-09-08,4541,694141,25556477,36.0,37.25,35.95,36.9,1.0,572
2023-09-11,4541,2242777,84043101,36.55,39.0,36.35,36.35,-0.55,1460
2023-09-12,4541,682687,24615448,36.5,37.0,35.65,35.65,-0.7,598
2023-09-13,4541,468680,16538155,35.3,35.6,35.05,35.35,-0.3,390
2023-09-14,4541,370211,13055920,35.8,35.8,35.05,35.2,-0.15,308
2023-09-15,4541,644091,22303451,35.35,35.45,34.3,34.5,-0.7,515
2023-09-18,4541,632105,22113368,34.5,35.7,34.5,34.6,0.1,446
2023-09-19,4541,327001,11394225,34.55,35.25,34.55,34.9,0.3,294
2023-09-20,4541,133114,4640144,34.9,35.0,34.75,34.8,-0.1,154
2023-09-21,4541,267623,9149540,35.0,35.0,34.0,34.2,-0.6,232
2023-09-22,4541,445729,15240939,33.5,34.7,33.5,34.35,0.15,323
2023-09-25,4541,307984,10727939,34.35,35.2,34.35,34.8,0.45,245
2023-09-26,4541,178037,6104803,34.85,34.85,34.1,34.1,-0.7,228
2023-09-27,4541,102733,3502976,34.25,34.25,34.0,34.1,0.0,109
2023-09-28,4541,146385,4980081,34.35,34.45,33.85,33.95,-0.15,133
2023-10-02,4541,171101,5803415,34.15,34.2,33.6,34.0,0.05,157
2023-10-03,4541,259936,8826180,34.15,34.15,33.65,33.75,-0.25,156
2023-10-04,4541,504564,16469804,32.55,32.9,32.5,32.85,-0.9,374
2023-10-05,4541,129992,4329161,32.95,33.55,32.95,33.15,0.3,148
2023-10-06,4541,227363,7514265,33.3,33.3,32.9,33.05,-0.1,143
2023-10-11,4541,748790,25299106,34.0,34.85,33.2,33.2,0.15,501
2023-10-12,4541,175821,5879407,33.2,33.7,33.2,33.4,0.2,162
2023-10-13,4541,196279,6536019,33.5,33.65,33.0,33.6,0.2,204
2023-10-16,4541,292199,9638371,33.6,33.85,32.6,32.6,-1.0,240
2023-10-17,4541,295443,9550005,33.0,33.0,31.55,31.75,-0.85,258
2023-10-18,4541,573368,17672397,31.75,31.75,30.55,30.7,-1.05,353
2023-10-19,4541,438152,13684780,30.25,31.6,30.25,31.55,0.85,305
2023-10-20,4541,213216,6583420,31.3,31.3,30.7,30.85,-0.7,128
2023-10-23,4541,120362,3706074,30.75,31.15,30.4,30.9,0.05,98
2023-10-24,4541,323486,9978177,30.65,31.25,30.35,31.25,0.35,154
2023-10-25,4541,146768,4622247,31.5,31.6,31.35,31.6,0.35,122
2023-10-26,4541,294431,9293934,31.3,32.0,31.1,31.2,-0.4,214
2023-10-27,4541,80356,2505759,31.5,31.5,31.0,31.0,-0.2,80
2023-10-30,4541,153312,4744600,31.1,31.25,30.65,30.85,-0.15,112
2023-10-31,4541,312394,9563875,31.15,31.2,30.0,30.0,-0.85,243
2023-11-01,4541,184897,5518759,30.1,30.25,29.5,30.0,0.0,153
2023-11-02,4541,264638,8125669,30.15,30.95,30.15,30.85,0.85,192
2023-11-03,4541,185541,5802302,31.15,31.45,31.05,31.4,0.55,159
2023-11-06,4541,132423,4169097,31.55,31.65,31.2,31.4,0.0,122
2023-11-07,4541,155703,4814299,31.5,31.5,30.75,30.95,-0.45,218
2023-11-08,4541,115590,3591830,31.1,31.3,30.75,31.2,0.25,116
2023-11-09,4541,136352,4203004,31.35,31.35,30.7,30.8,-0.4,180
2023-11-10,4541,181005,5472684,30.5,30.6,30.0,30.1,-0.7,166
2023-11-13,4541,177369,5371809,30.45,30.55,29.85,30.45,0.35,139
2023-11-14,4541,261310,8117517,30.6,31.55,30.55,31.0,0.55,217
2023-11-15,4541,129885,4058961,31.1,31.5,31.0,31.35,0.35,116
2023-11-16,4541,224686,7096771,31.2,31.75,31.2,31.65,0.3,181
2023-11-17,4541,109938,3475516,31.4,31.8,31.4,31.8,0.15,105
2023-11-20,4541,169561,5416616,31.8,32.05,31.75,32.05,0.25,134
2023-11-21,4541,157888,5046969,32.15,32.25,31.8,31.8,-0.25,157
2023-11-22,4541,84304,2675837,32.0,32.0,31.5,31.6,-0.2,90
2023-11-23,4541,88683,2812985,32.0,32.0,31.6,31.6,0.0,104
2023-11-24,4541,1745622,57691072,31.9,33.8,31.9,32.75,1.15,1354
2023-11-27,4541,484781,15711309,32.75,33.2,32.05,32.05,-0.7,355
2023-11-28,4541,213911,6865908,32.05,32.3,31.9,32.05,0.0,129
2023-11-29,4541,191441,6124538,32.2,32.35,31.8,31.9,-0.15,138
2023-11-30,4541,156026,5012734,32.0,32.4,31.9,32.2,0.3,126
2023-12-01,4541,220457,7183975,32.35,32.7,32.35,32.7,0.5,169
2023-12-04,4541,263346,8723536,32.7,33.3,32.7,33.3,0.6,239
2023-12-05,4541,189639,6227000,33.3,33.3,32.75,32.8,-0.5,151
2023-12-06,4541,196359,6391809,32.8,32.9,32.3,32.4,-0.4,128
2023-12-07,4541,177024,5756685,32.45,32.9,32.25,32.6,0.2,133
2023-12-08,4541,165751,5345704,32.45,32.45,32.1,32.2,-0.4,135
2023-12-11,4541,208512,6632908,32.2,32.2,31.5,31.6,-0.6,172
2023-12-12,4541,238468,7610878,31.6,32.4,31.55,31.65,0.05,158
2023-12-13,4541,295726,9232809,31.8,31.85,30.1,31.05,-0.6,213
2023-12-14,4541,146442,4580688,31.7,31.7,31.05,31.2,0.15,133
2023-12-15,4541,199215,6270730,31.2,31.65,31.2,31.5,0.3,126
2023-12-18,4541,129372,4073415,31.5,31.65,31.3,31.3,-0.2,108
2023-12-19,4541,226938,7005382,31.3,31.3,30.6,31.0,-0.3,134
2023-12-20,4541,90271,2812367,31.05,31.5,31.0,31.25,0.25,73
2023-12-21,4541,531069,16842978,31.25,32.45,31.0,31.0,-0.25,404
2023-12-22,4541,156664,4860683,31.15,31.3,30.85,30.85,-0.15,118
2023-12-25,4541,155483,4810092,30.85,31.15,30.8,30.85,0.0,89
2023-12-26,4541,120537,3726356,31.0,31.05,30.8,31.05,0.2,88
2023-12-27,4541,81176,2509974,31.05,31.05,30.8,30.9,-0.15,91
2023-12-28,4541,97265,3018716,30.95,31.1,30.95,31.0,0.1,81
2023-12-29,4541,119192,3717567,31.2,31.6,31.0,31.55,0.55,103
2024-01-02,4541,292581,9326219,31.75,32.1,31.5,32.0,0.45,174
2024-01-03,4541,199873,6360103,32.25,32.25,31.6,31.7,-0.3,146
2024-01-04,4541,244699,7844981,32.0,32.3,31.85,32.0,0.3,174
2024-01-05,4541,380225,12278549,32.0,32.8,31.75,32.55,0.55,243
2024-01-08,4541,273526,8858185,32.45,32.9,32.0,32.0,-0.55,193
2024-01-09,4541,342043,10601590,32.0,32.2,30.65,30.9,-1.1,277
2024-01-10,4541,784698,24827092,31.25,33.0,31.0,31.0,0.1,528
2024-01-11,4541,281646,8612700,31.1,31.1,30.4,30.55,-0.45,205
2024-01-12,4541,548641,17308865,30.6,31.95,30.6,31.4,0.85,388
2024-01-15,4541,619587,19462408,32.3,32.5,31.0,31.2,-0.2,406
2024-01-16,4541,204668,6267587,31.2,31.25,30.5,30.5,-0.7,209
2024-01-17,4541,347240,10404909,30.5,30.5,29.7,29.7,-0.8,300
2024-01-18,4541,171789,5051858,29.8,29.85,29.2,29.4,-0.3,171
2024-01-19,4541,163467,4808534,29.7,29.7,29.25,29.3,-0.1,150
2024-01-22,4541,237163,7058809,29.3,30.1,29.3,29.95,0.65,172
2024-01-23,4541,138380,4151645,30.1,30.1,29.85,29.95,0.0,113
2024-01-24,4541,83106,2506956,29.95,30.35,29.9,30.05,0.1,85
2024-01-25,4541,85983,2566739,30.0,30.0,29.7,29.85,-0.2,126
2024-01-26,4541,80555,2397690,29.85,30.1,29.65,29.7,-0.15,136
2024-01-29,4541,72293,2173672,29.8,30.3,29.8,30.25,0.55,90
2024-01-30,4541,108506,3221266,30.3,30.3,29.4,29.7,-0.55,174
2024-01-31,4541,70479,2075026,29.45,29.55,29.35,29.55,-0.15,110
2024-02-01,4541,49215,1453084,29.55,29.6,29.35,29.5,-0.05,141
2024-02-02,4541,87258,2567718,29.6,29.6,29.35,29.35,-0.15,167
2024-02-05,4541,211229,6116861,29.4,29.4,28.8,28.95,-0.4,239
2024-02-15,4541,168628,4950238,28.95,29.7,28.85,29.65,0.7,188
2024-02-16,4541,172227,5180250,29.6,30.35,29.6,30.25,0.6,174
2024-02-19,4541,134324,4093852,30.15,30.65,30.15,30.5,0.25,229
2024-02-20,4541,54061,1632966,30.5,30.5,30.05,30.05,-0.45,145
2024-02-21,4541,88092,2663450,30.05,30.3,29.9,30.2,0.15,131
2024-02-22,4541,72850,2202639,30.1,30.35,30.1,30.25,0.05,128
2024-02-23,4541,78560,2370147,30.3,30.3,30.1,30.15,-0.1,145
2024-02-26,4541,183331,5588548,30.15,30.7,29.95,30.5,0.35,293
2024-02-27,4541,155336,4712104,30.8,30.8,30.15,30.35,-0.15,174
2024-02-29,4541,153338,4657885,30.35,30.6,30.25,30.5,0.15,200
2024-03-01,4541,147166,4454879,30.55,30.55,30.1,30.35,-0.15,156
2024-03-04,4541,202301,6144725,30.35,30.75,29.85,30.3,-0.05,316
2024-03-05,4541,188685,5679792,30.3,30.3,29.9,30.0,-0.3,174
2024-03-06,4541,252040,7702117,30.05,30.75,30.05,30.5,0.5,248
2024-03-07,4541,137647,4161426,30.55,30.6,30.0,30.2,-0.3,176
2024-03-08,4541,245727,7244608,30.05,30.05,29.0,29.15,-1.05,270
2024-03-11,4541,178062,5188344,29.0,29.6,29.0,29.0,-0.15,260
2024-03-12,4541,118231,3441172,29.05,29.5,29.0,29.0,0.0,162
2024-03-13,4541,183121,5290476,29.0,29.15,28.8,28.8,-0.2,196
2024-03-14,4541,238520,6776995,29.05,29.05,28.2,28.3,-0.5,286
2024-03-15,4541,91577,2586799,28.2,28.55,28.15,28.15,-0.15,160
2024-03-18,4541,137642,3860504,28.2,28.25,27.9,28.15,0.0,195
2024-03-19,4541,287691,8133191,28.0,28.6,27.9,28.25,0.1,154
2024-03-20,4541,142790,4016437,28.3,28.3,28.05,28.15,-0.1,177
2024-03-21,4541,175110,4966545,28.4,28.7,28.15,28.6,0.45,195
2024-03-22,4541,469410,13726415,28.6,29.8,28.5,29.15,0.55,394
2024-03-25,4541,282670,8387814,29.7,29.9,29.3,29.9,0.75,936
2024-03-26,4541,230003,6775213,29.9,29.9,29.25,29.3,-0.6,485
2024-03-27,4541,1362136,41804184,29.15,31.3,29.15,31.0,1.7,1158
2024-03-28,4541,939978,29292512,31.05,31.55,30.8,31.45,0.45,891
2024-03-29,4541,344507,10753597,31.65,31.65,30.85,31.35,-0.1,461
2024-04-01,4541,568040,17969291,31.3,31.9,31.15,31.8,0.45,701
2024-04-02,4541,314354,9972631,32.0,32.0,31.6,31.8,0.0,518
2024-04-03,4541,351102,10920399,31.7,31.8,30.8,31.0,-0.8,407
2024-04-08,4541,195694,5990251,30.85,31.0,30.3,30.5,-0.5,668
2024-04-09,4541,782108,24715641,31.35,32.15,31.0,32.1,1.6,829
2024-04-10,4541,1547274,51192920,32.3,34.2,32.1,32.95,0.85,1591
2024-04-11,4541,397437,12842428,33.3,33.3,31.9,32.1,-0.85,542
2024-04-12,4541,422489,13704588,32.3,32.85,32.15,32.3,0.2,437
2024-04-15,4541,2586150,88362607,33.5,34.9,33.05,34.3,2.0,2091
2024-04-16,4541,1875381,61837466,34.85,35.3,31.15,32.7,-1.6,1462
2024-04-17,4541,499068,16425026,32.7,33.2,32.4,32.9,0.2,492
2024-04-18,4541,678890,22744191,32.7,33.85,32.55,33.55,0.65,520
2024-04-19,4541,683905,22398087,32.7,33.4,32.1,32.65,-0.9,668
2024-04-22,4541,433240,13951098,33.05,33.05,31.65,31.7,-0.95,304
2024-04-23,4541,140487,4494860,31.9,32.5,31.7,32.2,0.5,122
2024-04-24,4541,197478,6347712,32.25,32.4,31.7,31.8,-0.4,137
2024-04-25,4541,245833,7832649,31.85,32.1,31.65,31.9,0.1,308
2024-04-26,4541,165136,5246137,32.05,32.05,31.65,31.7,-0.2,138
2024-04-29,4541,189767,5994230,31.75,31.9,31.4,31.7,0.0,286
2024-04-30,4541,215072,6757839,31.8,31.8,31.2,31.2,-0.5,237
2024-05-02,4541,145660,4577315,31.2,31.65,31.05,31.35,0.15,146
2024-05-03,4541,145034,4517934,31.6,31.85,30.8,31.0,-0.35,159
2024-05-06,4541,117609,3615682,30.9,31.0,30.6,30.7,-0.3,201
2024-05-07,4541,137837,4214311,30.7,30.75,30.4,30.55,-0.15,200
2024-05-08,4541,118013,3605264,30.55,30.85,30.45,30.45,-0.1,106
2024-05-09,4541,170476,5192386,30.45,30.8,30.2,30.2,-0.25,211
2024-05-10,4541,59446,1794971,30.2,30.45,30.05,30.45,0.25,81
2024-05-13,4541,140581,4245718,30.5,30.5,30.1,30.2,-0.25,168
2024-05-14,4541,410547,12749826,30.1,31.4,30.1,31.1,0.9,299
2024-05-15,4541,130805,4042439,31.1,31.3,30.7,30.8,-0.3,177
2024-05-16,4541,221041,6745832,30.9,30.9,30.2,30.6,-0.2,154
2024-05-17,4541,208238,6437591,30.6,31.3,30.4,30.9,0.3,187
2024-05-20,4541,160858,4925415,30.8,30.8,30.45,30.55,-0.35,118
2024-05-21,4541,170856,5287830,31.0,31.3,30.65,30.8,0.25,188
2024-05-22,4541,186756,5719492,30.85,31.1,30.45,30.45,-0.35,160
2024-05-23,4541,1103922,34749272,30.6,31.9,30.6,31.55,1.1,737
2024-05-24,4541,507104,15751182,31.6,31.8,30.7,30.95,-0.6,442
2024-05-27,4541,238926,7334726,31.2,31.2,30.55,30.55,-0.4,260
2024-05-28,4541,178227,5444640,30.9,30.9,30.4,30.6,0.05,225
2024-05-29,4541,257548,7826405,30.85,31.0,30.2,30.2,-0.4,304
2024-05-30,4541,369770,11080008,30.2,30.2,29.8,29.8,-0.4,343
2024-05-31,4541,144593,4312895,29.8,30.15,29.7,29.75,-0.05,161
2024-06-03,4541,287654,8545189,29.75,30.0,29.55,29.6,-0.15,189
2024-06-04,4541,144382,4275541,29.85,29.9,29.5,29.5,-0.1,122
2024-06-05,4541,139781,4134315,29.55,29.7,29.5,29.6,0.1,98
2024-06-06,4541,282471,8296627,29.9,29.9,29.15,29.45,-0.15,240
2024-06-07,4541,462816,13824169,29.5,30.75,29.1,30.45,1.0,300
2024-06-11,4541,289116,8540960,30.4,30.4,29.25,29.35,-1.1,246
2024-06-12,4541,110970,3243604,29.4,29.45,29.1,29.3,-0.05,100
2024-06-13,4541,125221,3663393,29.6,29.6,29.1,29.2,-0.1,112
2024-06-14,4541,163431,4759522,29.1,29.6,29.0,29.0,-0.2,185
2024-06-17,4541,230947,6699395,29.0,29.15,28.95,28.95,-0.05,169
2024-06-18,4541,148461,4290477,29.0,29.2,28.8,28.85,-0.1,139
2024-06-19,4541,280836,8034860,28.9,28.9,28.45,28.5,-0.35,281
2024-06-20,4541,264773,7650076,28.6,29.6,28.55,28.7,0.2,218
2024-06-21,4541,150238,4304149,28.9,28.9,28.45,28.7,0.0,125
2024-06-24,4541,1045486,31011390,29.0,30.15,29.0,29.75,1.05,626
2024-06-25,4541,305371,9035708,30.15,30.15,29.15,29.45,-0.3,260
2024-06-26,4541,170279,4965142,29.4,29.4,29.0,29.0,-0.45,192
2024-06-27,4541,132730,3867045,29.0,29.5,28.95,28.95,-0.05,127
2024-06-28,4541,86460,2516815,28.95,29.3,28.9,29.2,0.25,100
2024-07-01,4541,119061,3488393,29.45,29.5,29.2,29.2,0.0,87
2024-07-02,4541,166322,4838047,29.35,29.35,29.0,29.0,-0.2,116
2024-07-03,4541,150589,4377375,29.0,29.2,29.0,29.0,0.0,111
2024-07-04,4541,132143,3831508,29.0,29.1,28.9,29.1,0.1,126
2024-07-05,4541,284552,8305059,29.15,29.4,28.95,29.4,0.3,173
2024-07-08,4541,172882,5059190,29.5,29.6,29.05,29.1,-0.3,246
2024-07-09,4541,253682,7306404,29.25,29.25,28.55,28.75,-0.35,218
2024-07-10,4541,190598,5513665,29.1,29.15,28.7,29.1,0.35,148
2024-07-11,4541,140244,4062130,29.3,29.3,28.85,28.95,-0.15,111
2024-07-12,4541,150391,4385173,28.95,29.3,28.95,29.2,0.25,103
2024-07-15,4541,121003,3488877,29.2,29.2,28.6,28.9,-0.3,203
2024-07-16,4541,99979,2891405,28.9,29.15,28.8,28.8,-0.1,90
2024-07-17,4541,211953,6205632,29.05,29.45,29.0,29.3,0.5,148
2024-07-18,4541,923515,27660694,29.55,30.75,29.3,29.3,0.0,660
2024-07-19,4541,214834,6211631,29.1,29.2,28.8,28.8,-0.5,155
2024-07-22,4541,289528,8103625,28.8,28.85,27.65,27.9,-0.9,272
2024-07-23,4541,90101,2539676,28.0,28.5,28.0,28.35,0.45,72
2024-07-26,4541,91364,2557235,28.35,28.35,27.9,28.0,-0.35,137
2024-07-29,4541,155748,4300618,28.35,28.35,27.3,27.3,-0.7,234
2024-07-30,4541,144155,3921675,27.3,27.6,26.95,27.55,0.25,97
2024-07-31,4541,25383,697410,27.6,27.6,27.4,27.4,-0.15,40
2024-08-01,4541,112579,3159894,27.5,28.45,27.5,28.15,0.75,82
2024-08-02,4541,173854,4779184,27.9,28.0,27.0,27.05,-1.1,135
2024-08-05,4541,607438,14927756,26.55,26.55,24.35,24.35,-2.7,429
2024-08-06,4541,312698,7283659,24.65,24.8,22.0,24.0,-0.35,218
2024-08-07,4541,161468,4059506,23.6,25.65,23.6,25.35,1.35,147
2024-08-08,4541,50964,1290853,24.7,25.75,24.7,25.2,-0.15,63
2024-08-09,4541,89832,2288149,25.3,25.75,25.3,25.35,0.15,82
2024-08-12,4541,204628,5251620,26.0,26.0,25.5,25.55,0.2,100
2024-08-13,4541,83126,2125913,25.55,25.8,25.45,25.65,0.1,69
2024-08-14,4541,106955,2747841,25.8,25.85,25.5,25.7,0.05,95
2024-08-15,4541,223130,5850443,26.0,26.7,25.55,26.4,0.7,181
2024-08-16,4541,274117,7414354,26.6,27.5,26.55,27.05,0.65,276
2024-08-19,4541,134070,3599275,26.9,27.1,26.65,26.9,-0.15,88
2024-08-20,4541,105534,2844718,26.85,27.2,26.85,26.85,-0.05,55
2024-08-21,4541,108883,2901480,26.6,27.1,26.5,26.95,0.1,56
2024-08-22,4541,69629,1865121,26.8,26.95,26.6,26.85,-0.1,101
2024-08-23,4541,43066,1151260,26.5,26.85,26.5,26.65,-0.2,47
2024-08-26,4541,59015,1586204,26.75,27.25,26.65,26.65,0.0,53
2024-08-27,4541,43747,1167610,26.65,27.15,26.25,27.15,0.5,54
2024-08-28,4541,159735,4423769,26.85,28.05,26.85,27.55,0.4,147
2024-08-29,4541,1057739,30695676,28.8,29.8,28.2,28.2,0.65,791
2024-08-30,4541,194332,5466595,28.15,28.45,28.0,28.0,-0.2,178
2024-09-02,4541,63054,1758260,28.3,28.3,27.75,27.8,-0.2,61
2024-09-03,4541,112199,3123018,27.8,28.15,27.5,27.7,-0.1,141
2024-09-04,4541,106583,2855574,26.5,27.1,26.2,26.9,-0.8,129
2024-09-05,4541,129054,3554944,27.25,27.85,27.05,27.05,0.15,101
2024-09-06,4541,38640,1047638,27.05,27.4,26.8,26.85,-0.2,61
2024-09-09,4541,64078,1712077,26.55,27.4,26.5,27.2,0.35,53
2024-09-10,4541,81620,2233800,27.2,27.8,27.05,27.2,0.0,77
2024-09-11,4541,27090,730077,27.2,27.2,26.75,27.05,-0.15,31
2024-09-12,4541,98670,2662641,26.9,27.2,26.9,27.05,0.0,122
2024-09-13,4541,133378,3588762,26.2,27.6,26.2,27.25,0.2,104
2024-09-16,4541,22483,615699,27.25,27.65,27.25,27.5,0.25,46
2024-09-18,4541,88519,2405108,27.5,27.6,26.95,26.95,-0.55,58
2024-09-19,4541,69060,1864820,27.0,27.15,26.95,27.0,0.05,61
2024-09-20,4541,52132,1403716,27.0,27.0,26.9,26.9,-0.1,60
2024-09-23,4541,200364,5568895,27.15,28.8,27.15,27.6,0.7,169
2024-09-24,4541,1004659,29115868,28.55,29.4,27.75,29.0,1.4,782
2024-09-25,4541,329846,9575257,29.55,29.55,28.65,28.7,-0.3,324
2024-09-26,4541,156965,4454158,28.8,28.85,27.9,28.2,-0.5,208
2024-09-27,4541,91032,2577769,28.3,28.55,28.05,28.3,0.1,75
2024-09-30,4541,95592,2687414,28.1,28.3,27.95,28.1,-0.2,73
2024-10-01,4541,58558,1659682,28.75,28.75,28.0,28.4,0.3,84
2024-10-04,4541,86289,2406360,28.1,28.15,27.7,27.85,-0.55,91
2024-10-07,4541,105763,2957469,28.1,28.1,27.7,28.0,0.15,115
2024-10-08,4541,51311,1416831,27.7,27.8,27.25,27.8,-0.2,61
2024-10-09,4541,935320,27414498,29.8,29.8,28.65,28.8,1.0,782
2024-10-11,4541,152489,4358849,29.3,29.3,28.3,28.4,-0.4,163
2024-10-14,4541,640926,18871306,29.15,30.0,28.95,29.1,0.7,420
2024-10-15,4541,335663,9784461,29.2,29.5,28.9,29.05,-0.05,218
2024-10-16,4541,538344,15921001,28.7,30.1,28.7,29.95,0.9,377
2024-10-17,4541,547017,16626636,30.4,30.7,30.05,30.2,0.25,453
2024-10-18,4541,572587,17377460,30.8,30.8,29.85,30.2,0.0,390
2024-10-21,4541,1714410,54719547,30.55,32.85,30.55,32.6,2.4,1138
2024-10-22,4541,3689582,125232314,32.15,35.0,31.6,34.0,1.4,2993
2024-10-23,4541,976840,32771122,34.4,34.5,33.2,33.4,-0.6,1025
2024-10-24,4541,1079563,35263954,33.4,34.0,31.6,31.6,-1.8,691
2024-10-25,4541,645090,20110931,31.65,31.75,30.75,31.0,-0.6,614
2024-10-28,4541,627822,19699780,31.3,32.05,30.8,30.85,-0.15,513
2024-10-29,4541,819918,24324312,30.8,30.8,28.95,29.95,-0.9,791
2024-10-30,4541,206357,6148075,30.1,30.65,29.55,29.55,-0.4,302
2024-11-01,4541,241173,7209276,29.3,30.2,29.05,30.2,0.65,167
2024-11-04,4541,168642,5032467,30.75,30.75,29.3,29.9,-0.3,172
2024-11-05,4541,891309,27835310,29.9,31.8,29.9,31.8,1.9,652
2024-11-06,4541,643733,20450027,32.4,32.4,31.05,31.8,0.0,461
2024-11-07,4541,2067353,68828878,33.0,33.9,32.7,32.75,0.95,1529
2024-11-08,4541,706213,22851281,33.0,33.45,31.7,31.7,-1.05,602
2024-11-11,4541,558970,18076405,31.95,33.0,31.3,32.2,0.5,452
2024-11-12,4541,696779,22408329,31.7,32.8,31.3,32.8,0.6,552
2024-11-13,4541,357445,11417042,32.1,32.65,31.65,31.75,-1.05,341
2024-11-14,4541,483245,14844686,31.75,31.85,30.3,30.35,-1.4,396
2024-11-15,4541,348930,10652714,30.35,31.0,30.3,30.45,0.1,306
2024-11-18,4541,154797,4694338,30.55,30.8,29.9,30.8,0.35,185
2024-11-19,4541,73807,2273899,30.4,31.15,30.4,30.75,-0.05,99
2024-11-20,4541,105242,3206673,31.4,31.4,30.15,30.25,-0.5,153
2024-11-21,4541,97327,2965633,30.2,30.75,30.0,30.55,0.3,111
2024-11-22,4541,434487,13659279,30.95,31.9,30.75,31.75,1.2,317
2024-11-25,4541,399763,12867080,32.1,32.6,31.9,32.05,0.3,373
2024-11-26,4541,2798379,94882948,32.15,34.45,32.15,33.75,1.7,1988
2024-11-27,4541,1261132,42244583,34.1,34.25,32.75,33.55,-0.2,1003
2024-11-28,4541,478348,15656503,33.55,33.55,32.25,32.55,-1.0,497
2024-11-29,4541,230495,7475277,32.5,32.8,32.15,32.4,-0.15,244
2024-12-02,4541,1558943,53199179,33.45,35.2,32.85,34.0,1.6,1153
2024-12-03,4541,599232,20347390,34.25,34.3,33.5,34.05,0.05,462
2024-12-04,4541,979474,33094477,34.45,34.6,32.85,32.95,-1.1,740
2024-12-05,4541,640737,21059731,32.95,33.4,32.5,32.75,-0.2,382
2024-12-06,4541,422579,13847778,33.0,33.45,32.35,32.5,-0.25,301
2024-12-09,4541,1616479,54865531,33.7,34.4,32.9,34.25,1.75,994
2024-12-10,4541,1214669,41542272,34.05,34.9,33.4,34.55,0.3,918
2024-12-11,4541,4533063,158617708,35.8,36.5,33.5,34.05,-0.5,3235
2024-12-12,4541,807775,26861852,34.1,34.2,32.7,32.85,-1.2,726
2024-12-13,4541,1804651,61372602,33.35,34.45,33.05,34.2,1.35,1164
2024-12-16,4541,3138880,109595757,34.2,35.9,34.15,35.1,0.9,2451
2024-12-17,4541,1940668,67327345,35.1,35.7,33.55,34.9,-0.2,1529
2024-12-18,4541,830313,28387217,34.75,34.85,33.65,34.65,-0.25,745
2024-12-19,4541,1781886,62754146,34.0,35.8,33.85,35.05,0.4,1161
2024-12-20,4541,1024580,35371872,35.05,35.3,34.15,34.25,-0.8,1030
2024-12-23,4541,617923,21126122,34.4,34.65,33.85,34.5,0.25,487
2024-12-24,4541,1993827,70907789,34.7,36.0,34.4,35.6,1.1,1385
2024-12-25,4541,1291811,45998923,35.8,36.2,35.1,35.35,-0.25,1075
2024-12-26,4541,665384,23339453,35.6,35.85,34.7,35.0,-0.35,614
2024-12-27,4541,2498981,89692702,35.35,36.65,35.0,35.5,0.5,1749
2024-12-30,4541,7171390,264128736,35.35,37.6,35.1,36.55,1.05,4863
2024-12-31,4541,17507085,649973293,36.55,40.0,34.6,34.6,-1.95,11460
2025-01-02,4541,3025083,103866737,34.3,35.3,33.25,34.6,0.0,2342
2025-01-03,4541,1787886,63090963,34.65,35.95,34.45,35.2,0.6,1339
2025-01-06,4541,1283909,44929583,35.6,35.65,34.25,34.85,-0.35,983
2025-01-07,4541,1526093,51947189,34.8,35.05,33.5,33.85,-1.0,1183
2025-01-08,4541,617028,20852395,33.6,34.3,33.45,33.8,-0.05,590
2025-01-09,4541,1467866,47959455,33.95,34.65,31.8,31.95,-1.85,1183
2025-01-10,4541,710172,22368264,31.45,31.95,31.2,31.65,-0.3,605
2025-01-13,4541,814925,25430688,30.9,31.8,30.75,31.0,-0.65,624
2025-01-14,4541,681942,21826013,31.25,32.75,30.85,32.7,1.7,435
2025-01-15,4541,405358,13204906,32.7,33.05,32.1,32.15,-0.55,399
2025-01-16,4541,172051,5589650,32.55,32.7,32.4,32.45,0.3,165
2025-01-17,4541,1293911,43552988,32.5,34.2,32.5,34.1,1.65,983
2025-01-20,4541,558246,19069356,34.4,34.5,33.85,33.95,-0.15,646
2025-01-21,4541,2328668,81800718,34.3,35.8,34.3,35.2,1.25,1743
2025-01-22,4541,951819,33308878,34.9,35.3,34.7,35.2,0.0,996
2025-02-03,4541,493057,17149819,34.1,35.45,34.1,34.75,-0.45,530
2025-02-04,4541,401795,13808462,34.95,34.95,34.0,34.6,-0.15,551
2025-02-05,4541,551574,19394200,34.55,35.8,34.45,35.8,1.2,459
2025-02-06,4541,497049,17698041,35.9,35.9,35.35,35.7,-0.1,542
2025-02-07,4541,429165,15256709,35.7,35.9,35.35,35.35,-0.35,499
2025-02-10,4541,488858,16858632,34.7,35.3,34.15,34.25,-1.1,504
2025-02-11,4541,567689,19268106,34.25,34.35,33.7,33.85,-0.4,480
2025-02-12,4541,778054,27130508,33.9,35.65,33.9,34.4,0.55,610
2025-02-13,4541,352888,12067279,34.45,34.9,33.9,34.05,-0.35,372
2025-02-14,4541,591608,20429681,34.35,35.15,33.85,34.9,0.85,496
2025-02-17,4541,2136059,76409571,35.6,36.6,35.05,35.3,0.4,1491
2025-02-18,4541,841212,29849382,35.15,36.25,34.8,36.25,0.95,811
2025-02-19,4541,2049220,75870520,36.55,37.7,36.35,37.0,0.75,1559
2025-02-20,4541,2218834,83405972,37.75,38.5,37.0,37.4,0.4,2342
2025-02-21,4541,829551,30982133,37.5,37.95,37.05,37.15,-0.25,842
2025-02-24,4541,495458,18453930,37.1,37.8,36.8,37.2,0.05,493
2025-02-25,4541,592304,21692675,37.2,37.2,36.2,36.7,-0.5,618
2025-02-26,4541,323878,11852000,36.55,36.9,36.3,36.5,-0.2,310
2025-02-27,4541,584042,21263974,36.55,36.8,36.1,36.25,-0.25,474
2025-03-03,4541,526035,18748596,36.25,36.25,35.3,35.35,-0.9,790
2025-03-04,4541,435469,15295814,35.2,35.7,34.5,35.5,0.15,520
2025-03-05,4541,403405,14213357,35.4,35.55,34.9,35.4,-0.1,522
2025-03-06,4541,1296898,47074670,35.4,37.0,34.7,36.45,1.05,860
2025-03-07,4541,932252,33479597,36.7,36.8,34.95,34.95,-1.5,697
2025-03-10,4541,4586337,174386437,36.65,38.4,36.6,38.4,3.45,3438
2025-03-11,4541,16455678,641117657,38.4,41.25,37.55,40.45,2.05,10857
2025-03-12,4541,6562625,263024924,39.8,41.2,39.3,39.7,-0.75,4814
2025-03-13,4541,3248741,127622121,40.2,40.8,38.1,38.6,-1.1,2586
2025-03-14,4541,6429228,251709166,39.4,40.6,37.6,39.0,0.4,4357
2025-03-17,4541,3285453,130560389,39.25,40.3,39.15,39.7,0.7,2293
2025-03-18,4541,2283423,89592575,39.9,40.0,38.5,39.75,0.05,1645
2025-03-19,4541,13267865,570486191,39.55,43.7,39.35,43.7,3.95,6777
2025-03-20,4541,26547541,1160561250,45.1,45.3,42.75,43.85,0.15,14213
2025-03-21,4541,21068818,926004434,44.4,45.9,40.35,41.75,-2.1,13490
2025-03-24,4541,10646768,474419093,42.0,45.9,41.8,45.9,4.15,6197
2025-03-25,4541,60241140,2966559359,49.0,50.4,46.7,50.4,4.5,29507
2025-03-26,4541,46245948,2310539997,51.1,52.5,48.1,51.8,1.4,26131
2025-03-27,4541,34247220,1714081918,51.1,53.6,47.6,48.5,-3.3,19782
2025-03-28,4541,48316977,2509487073,48.5,53.3,48.5,53.3,4.8,23094
2025-03-31,4541,146434510,7870144245,54.2,58.6,48.05,48.5,-4.8,65284
2025-04-01,4541,53802262,2767712472,50.0,53.3,49.9,53.3,4.8,26103
2025-04-02,4541,89206927,5017517126,57.1,58.6,53.8,53.9,0.6,37949
2025-04-07,4541,622416,30218014,48.55,48.55,48.55,48.55,-5.35,912
2025-04-08,4541,47381404,2327488432,43.7,51.6,43.7,44.8,-3.75,27635
2025-04-09,4541,27630888,1220268787,45.0,48.0,40.35,40.35,-4.45,17456
2025-04-10,4541,4982892,220716853,44.35,44.35,43.55,44.35,4.0,2341
2025-04-11,4541,34454509,1533319697,45.35,46.0,42.2,42.6,-1.75,19903
2025-04-14,4541,32052932,1420507565,43.5,45.9,43.2,43.65,1.05,18694
2025-04-15,4541,35464908,1630217068,44.1,47.9,44.05,46.7,3.05,22034
2025-04-16,4541,30428906,1526510138,47.3,51.3,47.1,51.3,4.6,12884
2025-04-17,4541,93565665,4717034772,52.5,53.9,46.75,49.25,-2.05,50298
2025-04-18,4541,41785373,2066595341,49.3,50.8,48.05,49.15,-0.1,25545
2025-04-21,4541,23123158,1106151430,49.5,50.2,46.05,46.8,-2.35,13754
2025-04-22,4541,21152980,994981328,46.8,48.2,45.75,46.65,-0.15,13547
2025-04-23,4541,41190362,2062494628,47.95,51.3,47.65,50.6,3.95,22711
2025-04-24,4541,25423079,1275082076,51.0,51.5,49.15,49.55,-1.05,15697
2025-04-25,4541,40228321,2064505358,51.3,54.0,49.6,49.6,0.05,24330
2025-04-28,4541,17269028,859353047,49.8,50.8,48.3,50.8,1.2,10831
2025-04-29,4541,26792251,1367464449,50.8,52.2,50.2,50.8,0.0,16091
2025-04-30,4541,11397754,566676728,51.0,51.3,48.75,48.85,-1.95,7778
2025-05-02,4541,9446904,471102659,49.55,50.6,49.2,49.8,0.95,6148
2025-05-05,4541,19076445,926002237,50.7,51.9,45.3,47.05,-2.75,12553
2025-05-06,4541,27551909,1377796139,47.25,51.7,46.85,51.7,4.65,15831
2025-05-07,4541,62113118,3192355113,52.9,52.9,50.1,50.3,-1.4,33873
2025-05-08,4541,32653332,1684635953,50.8,52.6,50.5,51.2,0.9,19342
2025-05-09,4541,55848177,2968859327,51.8,56.3,51.4,53.3,2.1,29888
2025-05-12,4541,27040426,1442123401,53.4,54.1,52.5,53.5,0.2,16365
2025-05-13,4541,16934981,898451539,54.0,54.2,52.4,52.5,-1.0,10080
2025-05-14,4541,14352866,762385954,52.7,54.3,52.2,53.0,0.5,8977
2025-05-15,4541,32049518,1750507744,53.7,56.9,53.2,55.0,2.0,18359
2025-05-16,4541,16573946,902591134,56.1,56.1,53.6,53.7,-1.3,10230
2025-05-19,4541,10695365,560248511,53.7,53.7,51.2,52.1,-1.6,6459
2025-05-20,4541,24744661,1313179923,53.5,54.8,51.8,51.9,-0.2,14830
2025-05-21,4541,5688765,294419495,52.3,52.5,51.3,51.5,-0.4,4250
2025-05-22,4541,5795074,293149764,51.1,51.5,50.0,50.3,-1.2,3799
2025-05-23,4541,5743377,288178953,51.1,51.6,49.05,49.2,-1.1,3692
2025-05-26,4541,4379537,217625777,49.4,50.5,48.9,49.0,-0.2,3025
2025-05-27,4541,5776376,275916345,49.0,49.2,46.8,46.8,-2.2,3919
2025-05-28,4541,4596404,218490276,47.8,48.45,46.8,47.0,0.2,3146
2025-05-29,4541,6205160,282407822,47.55,47.6,44.6,44.95,-2.05,4176
2025-06-02,4541,28595546,1363658484,45.4,48.9,44.15,47.9,2.95,18456
2025-06-03,4541,9259978,435808893,47.45,47.8,46.45,46.7,-1.2,5769
2025-06-04,4541,4326908,200806272,46.55,47.15,45.95,46.5,-0.2,3095
2025-06-05,4541,4345191,197156274,45.85,46.35,44.8,44.8,-1.7,3365
2025-06-06,4541,7475160,340817520,45.05,46.7,44.75,44.75,-0.05,4467
2025-06-09,4541,10992871,512898693,47.0,47.3,45.9,47.3,2.55,6594
2025-06-10,4541,5362403,252927812,47.3,47.85,46.65,47.85,0.55,3270
2025-06-11,4541,3957961,188005365,47.85,48.1,47.05,47.4,-0.45,2609
2025-06-12,4541,3288691,155180432,47.25,47.6,46.7,47.45,0.05,2128
2025-06-13,4541,22677000,1115968373,49.7,51.4,47.2,47.3,-0.15,14052
2025-06-16,4541,15463580,750204346,47.3,49.55,47.3,48.7,1.4,9903
2025-06-17,4541,7842070,380758082,48.4,49.3,47.5,48.95,0.25,4579
2025-06-18,4541,5698541,278479516,49.35,49.75,48.35,48.75,-0.2,3809
2025-06-19,4541,13423786,663131273,48.6,50.5,47.8,48.55,-0.2,8906
2025-06-20,4541,5737723,272615631,48.35,48.8,46.5,46.5,-2.05,3636
2025-06-23,4541,10059753,478875238,48.15,48.6,46.9,47.45,0.95,6397
2025-06-24,4541,3875508,181059223,46.85,47.25,46.3,47.05,-0.4,2652
2025-06-25,4541,2405425,111599153,46.55,46.95,46.15,46.15,-0.9,1697
2025-06-26,4541,1525718,70256235,45.95,46.7,45.75,46.0,-0.15,1210
2025-06-27,4541,950956,43984688,46.0,46.45,46.0,46.3,0.3,716
2025-06-30,4541,1154456,52708814,46.0,46.3,45.3,45.3,-1.0,876
2025-07-01,4541,1354253,61299014,45.5,45.75,44.8,44.8,-0.5,924
2025-07-02,4541,961180,43484517,45.25,45.8,44.95,44.95,0.15,846
2025-07-03,4541,862572,38851625,45.5,45.5,44.8,44.85,-0.1,658
2025-07-04,4541,1450020,63666676,45.1,45.2,43.1,43.2,-1.65,1283
2025-07-07,4541,1649993,72473570,43.85,45.1,43.55,43.65,0.45,1292
2025-07-08,4541,1204979,50514001,42.7,42.7,41.6,41.7,0.0,1040
2025-07-09,4541,1017564,42173653,41.85,42.15,41.15,41.4,-0.3,862
2025-07-10,4541,969659,40515208,41.55,42.25,41.5,41.6,0.2,864
2025-07-11,4541,1121755,46382283,41.05,41.9,40.85,41.5,-0.1,1024
2025-07-14,4541,887966,36503744,41.45,42.5,40.75,40.8,-0.7,839
2025-07-15,4541,834789,34115243,41.1,41.35,40.4,40.9,0.1,741
2025-07-16,4541,1294817,52227017,40.9,40.95,39.95,40.1,-0.8,1066
2025-07-17,4541,893491,36210167,39.95,40.9,39.9,40.9,0.8,684
2025-07-18,4541,980228,39675586,40.9,41.2,40.15,40.4,-0.5,828
2025-07-21,4541,1816567,75259041,40.4,42.2,40.1,41.45,1.05,1357
2025-07-22,4541,1983754,79388118,41.4,41.45,38.9,39.3,-2.15,1817
2025-07-23,4541,2029097,82842597,39.4,41.75,39.4,41.25,1.95,1512
2025-07-24,4541,8391469,354542638,41.45,43.95,41.2,41.9,0.65,5952
2025-07-25,4541,9932564,429678243,41.8,44.3,41.65,43.6,1.7,6865
2025-07-28,4541,3882217,167173897,43.4,43.7,42.2,43.3,-0.3,3165
2025-07-29,4541,6586182,287636498,43.3,44.8,42.95,43.35,0.05,4616
2025-07-30,4541,4604227,201436882,43.25,44.3,43.25,43.95,0.6,3123
2025-07-31,4541,2666836,114094127,44.0,44.05,42.3,42.3,-1.65,1860
2025-08-01,4541,1294541,54716403,41.45,42.9,41.4,42.9,0.6,1207
2025-08-04,4541,9158598,411700493,42.25,46.8,41.8,46.75,3.85,6951
2025-08-05,4541,17218983,812588299,47.5,48.0,46.0,47.25,0.5,11055
2025-08-06,4541,11191844,536667357,47.2,49.3,47.0,47.25,0.0,8564
2025-08-07,4541,5116224,239048727,47.25,47.85,45.8,47.5,0.25,3481
2025-08-08,4541,6512941,311160712,47.6,48.7,46.6,47.75,0.25,5666
2025-08-11,4541,5972848,283910468,47.0,48.5,46.3,47.75,0.0,4434
2025-08-12,4541,3189086,152347407,47.75,48.15,47.3,47.7,-0.05,2257
2025-08-13,4541,4549276,216422150,47.95,48.85,46.35,47.1,-0.6,3212
2025-08-14,4541,2554714,119916015,47.15,47.8,46.25,46.4,-0.7,1859
2025-08-15,4541,2260913,104443123,46.9,46.9,45.65,45.7,-0.7,2053
2025-08-18,4541,5139355,243969344,45.9,48.1,45.9,47.5,1.8,3474
2025-08-19,4541,5265430,251301743,48.05,48.5,46.9,47.35,-0.15,3898
2025-08-20,4541,3066454,138962224,47.0,47.05,44.5,44.55,-2.8,2633
2025-08-21,4541,2471855,112733375,45.0,46.7,44.8,44.9,0.35,1955
2025-08-22,4541,14886385,708658191,45.65,49.2,45.25,45.45,0.55,11799
2025-08-25,4541,6671220,316275687,46.3,48.8,45.8,47.35,1.9,5255
2025-08-26,4541,5179915,247162915,47.55,48.5,46.95,47.9,0.55,4690
2025-08-27,4541,18813335,943655974,48.35,51.8,48.35,50.1,2.2,12096
2025-08-28,4541,30498398,1665650729,52.0,55.1,51.9,55.1,5.0,13216
2025-08-29,4541,42810417,2483923279,57.8,60.6,55.1,60.6,5.5,24054
2025-09-01,4541,47622922,2869682417,62.4,62.8,57.0,59.3,-1.3,27629
2025-09-02,4541,14762352,855593342,60.2,60.9,55.4,57.5,-1.8,9335
2025-09-03,4541,22568246,1367989743,57.8,63.2,57.1,63.2,5.7,13321
2025-09-04,4541,76530481,5087751265,65.8,69.5,63.7,64.3,1.1,42644
2025-09-05,4541,16125189,1024191264,64.9,65.0,62.4,62.9,-1.4,11285
2025-09-08,4541,11448333,702394532,62.9,63.2,59.3,61.9,-1.0,8188
2025-09-09,4541,8026962,484262045,61.9,62.5,59.3,60.3,-1.6,7925
2025-09-10,4541,10094809,611199609,60.4,62.2,59.3,60.5,0.2,7541
2025-09-11,4541,7869049,456704292,60.7,60.9,56.3,57.0,-3.5,5805
2025-09-12,4541,4268795,241956445,57.8,58.0,55.9,55.9,-1.1,3171
2025-09-15,4541,8405003,466089823,56.4,58.2,53.7,54.0,-1.9,7201
2025-09-16,4541,4261577,224980388,54.3,54.5,52.1,52.4,-1.6,3497
2025-09-17,4541,3430377,177769218,52.6,52.9,50.9,51.5,-0.9,3012
2025-09-18,4541,3747480,192968201,52.2,53.2,50.5,51.1,-0.4,2977
2025-09-19,4541,3702971,185856104,50.9,51.3,49.5,49.5,-1.6,2931
2025-09-22,4541,10988888,570539693,49.9,53.3,49.3,52.4,2.9,8293
2025-09-23,4541,5263437,264974171,51.9,52.2,49.55,49.8,-2.6,4199
2025-09-24,4541,2648061,130136773,49.65,50.2,48.5,49.6,-0.2,1868
2025-09-25,4541,2113598,104656107,49.55,50.4,48.8,48.85,-0.75,1880
2025-09-26,4541,2160590,104751278,49.15,49.4,48.1,48.2,-0.65,1768
2025-09-30,4541,1205567,58837902,48.5,49.55,48.05,49.55,1.35,1040
2025-10-01,4541,3538322,179898911,49.55,51.7,49.55,50.4,0.85,2892
2025-10-02,4541,1809383,89769253,50.5,50.8,49.1,49.55,-0.85,1799
2025-10-03,4541,3209941,162769648,49.6,51.6,49.6,50.5,0.95,2419
2025-10-07,4541,1692528,84355871,50.5,50.5,49.3,49.8,-0.7,1676
2025-10-08,4541,1339157,65838388,49.95,50.1,48.65,49.1,-0.7,1199
2025-10-09,4541,1775171,86342400,49.1,49.6,48.2,48.55,-0.55,1433
2025-10-13,4541,2721825,131550180,44.5,49.65,44.5,48.8,0.25,2384
2025-10-14,4541,2209530,104744679,49.25,49.65,46.05,46.1,-2.7,2089
2025-10-15,4541,923302,42580479,46.55,46.65,45.85,45.95,-0.15,785
2025-10-16,4541,1373840,63842437,46.4,47.05,46.05,46.2,0.25,1191
2025-10-17,4541,1156747,52310981,46.05,46.05,45.0,45.0,-1.2,1117
2025-10-20,4541,985890,43943486,45.1,45.1,44.35,44.35,-0.65,836
2025-10-21,4541,702038,31511864,44.65,45.3,44.5,44.5,0.15,621
2025-10-22,4541,2601989,119941619,46.55,47.25,45.1,45.55,1.05,1984
2025-10-23,4541,754072,33841376,45.9,45.9,44.6,44.7,-0.85,706
2025-10-27,4541,1041972,46071277,45.35,45.35,43.9,44.2,-0.5,813
2025-10-28,4541,941046,41059201,44.5,44.5,43.35,43.4,-0.8,1042
2025-10-29,4541,821876,35623478,43.8,44.0,43.05,43.2,-0.2,755
2025-10-30,4541,1054353,44801037,43.4,43.5,42.05,42.1,-1.1,1056
2025-10-31,4541,952940,40766363,42.6,43.3,42.3,42.5,0.4,938
2025-11-03,4541,1905472,83431427,42.6,44.65,42.6,43.55,1.05,1701
2025-11-04,4541,2350484,104011951,43.55,44.8,43.4,44.3,0.75,1891
2025-11-05,4541,1284968,55809223,43.4,44.65,42.35,43.3,-1.0,1266
2025-11-06,4541,623807,26826397,43.55,43.7,42.65,43.2,-0.1,683
2025-11-07,4541,757050,32023080,43.05,43.05,42.0,42.05,-1.15,656
2025-11-10,4541,580268,24329320,42.3,42.5,41.4,42.3,0.25,521
2025-11-11,4541,684205,28842564,42.35,42.7,41.7,41.7,-0.6,888
2025-11-12,4541,1153689,49766875,42.05,43.8,42.05,43.7,2.0,910
2025-11-13,4541,839946,36235939,43.9,43.9,42.8,42.9,-0.8,835
2025-11-14,4541,741322,31489046,42.65,43.4,41.95,42.0,-0.9,903
2025-11-17,4541,520976,21546343,42.3,42.3,41.0,41.0,-1.0,516
2025-11-18,4541,803274,32397369,41.0,41.3,40.0,40.1,-0.9,686
2025-11-19,4541,723203,29304184,40.2,41.0,40.0,40.7,0.6,585
2025-11-20,4541,469825,19481819,41.0,41.8,40.95,41.55,0.85,517
2025-11-21,4541,853297,34245538,41.35,41.35,39.35,39.45,-2.1,881
2025-11-24,4541,1680986,70024280,40.5,42.3,40.15,41.75,2.3,1494
2025-11-25,4541,2472500,106754868,41.95,43.95,41.8,43.45,1.7,2287
2025-11-26,4541,8536954,396618219,44.45,47.75,44.0,47.75,4.3,5691
2025-11-27,4541,11245072,519493024,48.25,48.8,44.3,44.45,-3.3,7014
2025-11-28,4541,1710003,75164702,44.45,44.75,43.45,44.15,-0.3,1389
2025-12-01,4541,1219340,53406444,44.25,44.55,43.5,43.5,-0.65,1048
2025-12-02,4541,686499,29748617,43.7,43.9,43.05,43.05,-0.45,741
2025-12-03,4541,531106,22837748,43.1,43.35,42.75,42.95,-0.1,495
2025-12-04,4541,640662,27735623,43.2,43.9,42.95,42.95,0.0,578
2025-12-05,4541,397670,17025442,43.4,43.4,42.6,42.75,-0.2,360
2025-12-08,4541,531616,22507338,42.9,42.9,42.05,42.2,-0.55,471
2025-12-09,4541,1016064,42886731,42.25,42.65,41.8,41.85,-0.35,761
2025-12-10,4541,685430,28525783,41.85,42.35,41.3,41.35,-0.5,581
2025-12-11,4541,684313,28378440,41.85,42.3,41.0,41.1,-0.25,595
2025-12-12,4541,620894,25792414,41.25,42.25,41.05,41.1,0.0,580
2025-12-15,4541,563925,23455008,40.95,42.1,40.55,41.6,0.5,480
2025-12-16,4541,653673,26710981,41.65,41.85,40.25,40.45,-1.15,551
2025-12-17,4541,235798,9576530,40.7,40.95,40.45,40.45,0.0,237
2025-12-18,4541,419081,16922043,40.95,40.95,40.05,40.3,-0.15,386
2025-12-19,4541,579155,23770497,40.9,41.4,40.75,40.95,0.65,509
2025-12-22,4541,542494,22395063,41.35,41.7,40.8,41.45,0.5,455
2025-12-23,4541,1324690,56252133,41.7,43.4,41.45,42.15,0.7,1228
2025-12-24,4541,521656,21828473,42.4,42.4,41.55,41.65,-0.5,673
2025-12-26,4541,423565,17460653,41.8,41.8,41.0,41.3,-0.35,374
2025-12-29,4541,737033,31094978,41.7,42.7,41.7,41.95,0.65,638
2025-12-30,4541,2675864,114030999,42.95,44.4,41.3,41.3,-0.65,2152
2025-12-31,4541,616912,25356586,41.45,41.65,40.8,41.2,-0.1,620
2026-01-02,4541,450754,18774323,41.45,42.0,41.2,41.45,0.25,459
2026-01-05,4541,695393,28757014,41.7,42.2,40.8,40.85,-0.6,761
2026-01-06,4541,605267,24869248,40.8,41.65,40.75,41.1,0.25,514
2026-01-07,4541,576501,23496595,41.2,41.25,40.5,40.7,-0.4,538
2026-01-08,4541,1943043,81840655,40.95,43.2,40.95,41.5,0.8,1572
2026-01-09,4541,6014789,272981891,44.45,45.65,44.45,45.65,4.15,2667
2026-01-12,4541,17962076,855465653,46.2,50.0,45.4,47.75,2.1,10967
2026-01-13,4541,6066652,290220838,47.75,48.95,46.6,48.7,0.95,4090
2026-01-14,4541,3260270,157256686,48.7,48.9,47.9,48.1,-0.6,2282
2026-01-15,4541,2234609,106808939,47.8,48.7,47.25,48.6,0.5,1759
2026-01-16,4541,2387929,115072945,49.45,49.45,47.45,47.55,-1.05,2072
2026-01-19,4541,3357104,163740746,48.1,49.7,47.9,48.0,0.45,2571
2026-01-20,4541,6028652,300073359,49.35,51.5,48.75,49.0,1.0,4611
2026-01-21,4541,3051904,150184782,48.5,50.6,48.15,48.45,-0.55,2925
2026-01-22,4541,2772389,134305044,48.6,49.8,47.5,47.7,-0.75,2759
2026-01-23,4541,1958559,92309811,47.85,48.0,46.35,47.65,-0.05,1777
2026-01-26,4541,1030019,49377496,47.8,48.4,47.25,48.3,0.65,1000
2026-01-27,4541,1166115,55109176,48.2,48.2,46.65,46.8,-1.5,1356
2026-01-28,4541,1363838,63065145,46.7,46.8,45.8,46.6,-0.2,1064
2026-01-29,4541,1390423,65041453,46.8,47.65,45.9,46.0,-0.6,1770
2026-01-30,4541,1969412,86742532,46.1,46.2,43.35,43.35,-2.65,1688
2026-02-02,4541,1077146,46001453,42.8,43.7,42.1,42.45,-0.9,942
2026-02-03,4541,645124,27766850,43.2,43.75,42.5,43.75,1.3,642
2026-02-04,4541,427805,18717573,43.5,44.25,43.0,43.85,0.1,632
2026-02-05,4541,554529,23959020,43.65,44.05,42.7,42.7,-1.15,574
2026-02-06,4541,648216,26837737,42.25,42.25,40.8,41.65,-1.05,554
2026-02-09,4541,598326,25668941,43.5,43.5,42.5,43.0,1.35,546
2026-02-10,4541,409982,17722477,42.95,43.5,42.95,43.15,0.15,454
2026-02-11,4541,876303,38532234,43.15,44.55,43.15,44.2,1.05,790
2026-02-23,4541,1617239,74015069,44.25,46.3,44.25,46.1,1.9,1336
2026-02-24,4541,1336211,61884900,45.95,47.2,45.3,46.65,0.55,1284
2026-02-25,4541,954501,44143909,46.9,47.25,45.75,45.75,-0.9,1001
2026-02-26,4541,896990,41590357,45.6,46.95,45.35,46.65,0.9,691
2026-03-02,4541,2935231,138421885,49.0,49.75,45.6,45.6,-1.05,2481
2026-03-03,4541,986372,45076840,46.0,46.5,44.5,45.5,-0.1,874
2026-03-04,4541,1464528,64995272,45.5,46.5,43.0,43.0,-2.5,1221
2026-03-05,4541,875575,38728839,43.85,45.0,43.7,43.7,0.7,755
2026-03-06,4541,372146,16308525,43.75,44.3,43.3,44.15,0.45,433
2026-03-09,4541,1139151,46177614,40.9,41.8,39.9,40.45,-3.7,1079
2026-03-10,4541,974298,39447237,40.85,41.2,39.75,40.1,-0.35,862
2026-03-11,4541,488240,19979842,40.15,41.2,40.15,41.05,0.95,579
2026-03-12,4541,603410,24613257,40.9,41.4,40.4,40.55,-0.5,611
2026-03-13,4541,466110,18762958,40.15,40.8,39.85,40.2,-0.35,511
2026-03-16,4541,694683,28629887,40.7,41.7,40.5,41.35,1.15,685
2026-03-17,4541,584033,24310998,41.6,42.0,41.35,41.4,0.05,553
2026-03-18,4541,454674,18936136,41.75,41.95,41.25,41.85,0.45,537
2026-03-19,4541,485859,20127448,41.35,41.75,41.1,41.2,-0.65,472
2026-03-20,4541,553517,23121418,41.8,42.15,41.1,41.85,0.65,995
2026-03-23,4541,1341852,57206071,41.6,43.9,40.75,41.5,-0.35,1938
2026-03-24,4541,522773,21774902,42.05,42.2,41.1,41.5,0.0,801
2026-03-25,4541,610638,25965287,41.85,43.15,41.7,43.0,1.5,822
2026-03-26,4541,503639,21503700,42.85,43.5,42.05,42.05,-0.95,835
2026-03-27,4541,422911,17597001,42.0,42.35,41.05,42.15,0.1,868
2026-03-30,4541,647185,27187372,42.05,42.7,41.35,42.0,-0.15,1109
2026-03-31,4541,714364,29373616,42.5,42.5,40.4,40.55,-1.45,857
2026-04-01,4541,310836,12914620,41.1,41.85,41.1,41.75,1.2,444
2026-04-02,4541,385827,15849719,41.95,42.2,40.65,40.75,-1.0,633
2026-04-07,4541,379169,15478830,41.45,41.45,40.4,40.8,0.05,1002
2026-04-08,4541,483692,19953324,41.0,41.6,40.95,41.45,0.65,1412
2026-04-09,4541,2177558,95902126,43.8,45.25,42.75,45.2,3.75,2463
2026-04-10,4541,1013806,45377195,45.0,45.45,44.4,44.75,-0.45,855
2026-04-13,4541,1394392,64473380,44.8,47.0,44.15,46.35,1.6,1246
2026-04-14,4541,820331,38197719,46.7,46.8,46.3,46.5,0.15,663
2026-04-15,4541,1171604,55043741,46.8,47.45,46.3,46.3,-0.2,1111
2026-04-16,4541,4460482,216520854,47.6,49.7,47.3,48.15,1.85,4651
2026-04-17,4541,1422278,68860658,48.1,48.9,47.8,48.3,0.15,1081
2026-04-20,4541,3406215,168970966,48.8,50.4,48.6,49.35,1.05,3284
2026-04-21,4541,1578939,77301518,49.8,49.8,48.5,48.6,-0.75,2223
2026-04-22,4541,1903925,94713619,49.3,50.2,49.3,49.6,1.0,1259
2026-04-23,4541,1735669,82825287,50.2,50.2,45.85,47.65,-1.95,1354
2026-04-24,4541,841392,39566917,47.65,47.95,46.15,47.45,-0.2,770
2026-04-27,4541,938816,43170262,47.75,47.75,45.35,46.55,-0.9,853
2026-04-28,4541,454057,21153446,46.5,47.45,45.7,47.05,0.5,497
2026-04-29,4541,488730,22705729,47.0,47.2,46.1,46.3,-0.75,701
2026-04-30,4541,498092,23245748,46.7,47.15,46.1,46.35,0.05,405
2026-05-04,4541,870686,41741947,46.55,48.45,46.55,47.85,1.5,730
2026-05-05,4541,3000334,151788140,47.85,51.8,47.3,51.7,3.85,2442
2026-05-06,4541,2613830,128776006,51.7,51.7,48.1,48.7,-3.0,2912
2026-05-07,4541,1497814,74669204,49.0,50.9,48.5,50.2,1.5,1193
2026-05-08,4541,2200541,107957799,49.4,50.7,47.8,47.95,-2.25,1790
2026-05-11,4541,1814198,83110585,48.0,48.0,44.4,45.7,-2.25,1526
2026-05-12,4541,1020277,46049220,45.75,45.8,44.85,45.0,-0.7,865
2026-05-13,4541,1188394,52506873,44.95,45.35,43.85,43.85,-1.15,921
2026-05-14,4541,794640,35004225,44.25,45.05,43.2,44.15,0.3,699
2026-05-15,4541,1813245,82285925,45.55,46.55,44.05,44.1,-0.05,1390
2026-05-18,4541,585963,25705615,44.0,44.35,43.35,44.05,-0.05,637
2026-05-19,4541,450327,19747227,44.6,44.6,43.5,43.5,-0.55,422
2026-05-20,4541,622054,27095523,43.7,44.3,43.15,43.15,-0.35,557
2026-05-21,4541,483270,21291915,43.6,44.35,43.5,44.1,0.95,407
2026-05-22,4541,805529,35544054,44.45,44.45,43.75,44.3,0.2,758
2026-05-25,4541,829702,36455156,44.65,44.8,43.6,44.1,-0.2,669
2026-05-26,4541,683166,29868258,44.35,44.6,43.45,43.75,-0.35,488
2026-05-27,4541,1055880,46066527,44.0,44.2,43.3,44.2,0.45,644
2026-05-28,4541,1371308,61274592,45.1,45.25,43.5,44.8,0.6,982
2026-05-29,4541,1720408,78401299,45.7,46.5,44.9,45.25,0.45,1025
2026-06-01,4541,2447617,114798724,45.85,48.0,45.45,46.7,1.45,1654
2026-06-02,4541,1232147,56089650,46.7,46.7,44.85,45.85,-0.85,910
2026-06-03,4541,1667195,78134710,46.0,47.65,45.3,47.3,1.45,1080
2026-06-04,4541,1328020,62990658,47.45,47.9,46.8,47.25,-0.05,909
2026-06-05,4541,823969,38390308,47.65,47.65,46.05,47.25,0.0,583
2026-06-08,4541,862213,38846005,44.0,46.6,43.5,46.5,-0.75,717
2026-06-09,4541,670109,31399918,46.7,47.35,46.6,47.0,0.5,568
2026-06-10,4541,865382,40543001,47.0,47.45,46.05,46.7,-0.3,618
2026-06-11,4541,873491,40530788,46.4,47.0,45.6,46.95,0.25,559
2026-06-12,4541,1189900,56638112,47.1,48.1,47.05,47.55,0.6,846
2026-06-15,4541,1760064,85487032,48.1,49.25,47.75,49.0,1.45,1150
2026-06-16,4541,1855175,90830769,49.65,49.95,47.7,48.0,-1.0,1268
2026-06-17,4541,3614718,181164691,47.85,51.3,47.8,51.0,3.0,2562
2026-06-18,4541,2846874,146168560,50.2,52.4,49.9,50.9,-0.1,2264
2026-06-22,4541,2177469,111780783,51.8,52.7,50.3,51.0,0.1,1768
2026-06-23,4541,1361431,67134009,51.0,51.0,48.5,48.5,-2.5,1368
2026-06-24,4541,773831,37423823,48.15,49.05,47.65,48.85,0.35,570
2026-06-25,4541,638882,30893788,49.45,49.45,48.05,48.05,-0.8,426
2026-06-26,4541,871932,41508284,48.0,48.6,46.75,47.5,-0.55,730
2026-06-29,4541,2348437,116434890,48.25,50.5,48.25,48.65,1.15,1530
2026-06-30,4541,2800912,141691350,48.2,51.9,47.6,51.9,0.0,1980
2026-07-01,4541,9587162,529316461,55.6,57.0,52.8,56.7,4.8,8645
2026-07-02,4541,7351554,414922148,55.3,58.5,54.0,55.2,-1.5,8614
2026-07-03,4541,6382706,378590968,55.5,60.7,55.3,60.7,5.5,4996
2026-07-06,4541,13483483,877101004,63.8,66.7,61.4,66.7,6.0,8417
2026-07-07,4541,10610394,672361334,66.7,67.4,60.6,61.1,-5.6,7714
2026-07-08,4541,12677350,765579778,63.9,65.5,57.3,60.4,-0.7,8469
2026-07-09,4541,11754515,755121751,62.0,66.4,60.8,61.0,0.6,7133
2026-07-13,4541,7060159,463623224,62.9,67.1,62.8,67.1,6.1,4511
2026-07-14,4541,36787654,2536973356,68.3,73.8,65.7,70.6,3.5,24332
2026-07-15,4541,17438802,1229951045,70.0,75.4,66.0,72.9,2.3,13472
2026-07-16,4541,18473969,1350833857,72.9,76.2,71.0,71.3,-1.6,14203
2026-07-17,4541,18074570,1289581471,69.1,74.0,67.8,72.6,1.3,13070
2026-07-20,4541,28666634,2101009065,71.8,79.7,68.4,68.9,-3.7,19572
2026-07-21,4541,10316650,753294146,68.9,75.7,67.8,75.7,6.8,6224
2026-07-22,4541,23682490,1756356120,79.8,81.6,68.6,70.6,-5.1,16258
2026-07-23,4541,9957789,677288210,71.3,71.3,65.1,68.8,-1.8,7474
2026-07-24,4541,19568928,1409387804,69.5,74.7,68.4,71.4,2.6,13929
2026-07-27,4541,5557266,376061185,71.4,71.4,65.4,66.8,-4.6,4354
2026-07-28,4541,11709158,763871868,65.9,68.5,62.7,62.9,-3.9,9313
2026-07-29,4541,6735433,414500612,63.5,64.4,59.3,61.2,-1.7,5432
2026-07-30,4541,4435535,260280937,61.0,61.8,55.9,56.6,-4.6,3596
2026-07-31,4541,5595735,335412724,60.4,61.8,58.2,60.0,3.4,3878
2026-08-03,4541,2871484,175412151,59.0,62.8,58.5,60.5,0.5,2389
2026-08-04,4541,3539263,218409885,60.1,62.8,60.0,62.8,2.3,3416
2026-08-05,4541,5189344,342662686,63.3,69.0,63.3,66.0,3.2,4449
2026-08-06,4541,2666864,172352404,66.4,67.0,63.7,63.7,-2.3,2399
2026-08-07,4541,2197323,143082530,63.5,66.5,63.5,65.9,2.2,2195
2026-08-10,4541,1785662,116329479,65.0,66.2,64.1,65.4,-0.5,2075
2026-08-11,4541,5312791,351991883,66.0,67.3,64.4,66.3,0.9,5232
2026-08-12,4541,6423802,444542080,66.5,71.5,65.1,70.3,4.0,6381
2026-08-13,4541,5158044,371808983,70.6,73.7,70.3,72.6,2.3,5909
2026-08-14,4541,17651693,1296927176,72.7,76.0,69.4,73.9,1.3,15001
2026-08-17,4541,8156944,594070119,73.8,75.5,69.8,72.7,-1.2,6214
2026-08-18,4541,6331346,459837276,72.3,75.4,70.4,70.5,-2.2,5330
2026-08-19,4541,3827603,262310141,69.8,72.2,67.5,67.6,-2.9,3687
2026-08-20,4541,5579513,386409748,67.6,71.9,67.2,67.6,0.0,4484
2026-08-21,4541,2239995,151387776,67.8,69.4,66.0,68.8,1.2,1926
2026-08-24,4541,1664861,113581338,68.5,69.7,67.0,67.1,-1.7,1418
2026-08-25,4541,1878339,123905846,66.4,67.6,64.6,66.5,-0.6,1603
2026-08-26,4541,2147047,146004985,66.9,68.7,66.9,67.5,1.0,1865
2026-08-27,4541,5502771,381639590,68.0,71.7,67.3,67.5,0.0,4728
2026-08-28,4541,3915808,261961311,70.0,71.1,65.0,65.5,-2.0,3172
2026-08-31,4541,1967943,131404267,65.5,68.4,64.5,66.6,1.1,1643
2026-09-01,4541,1100445,73440859,66.7,67.4,66.3,66.5,-0.1,1141
2026-09-02,4541,1405339,92167144,66.2,66.9,64.8,64.8,-1.7,1337
2026-09-03,4541,1374965,88234660,65.6,66.6,62.8,62.8,-2.0,1328
2026-09-04,4541,1830162,112690721,63.2,63.7,60.4,61.2,-1.6,1949
2026-09-07,4541,849872,52176154,61.6,62.0,61.0,61.6,0.4,779
2026-09-08,4541,843074,51521579,61.8,62.3,60.3,60.3,-1.3,774
2026-09-09,4541,1326435,79982187,60.8,61.2,59.9,60.0,-0.3,1295
2026-09-10,4541,1295428,75870085,60.0,60.0,58.0,58.0,0.0,1430
2026-09-11,4541,1443160,83903548,57.5,59.3,56.9,57.0,-1.0,1311
2026-09-14,4541,625312,35613212,56.5,57.6,56.2,57.2,0.2,656
2026-09-15,4541,559940,31706732,56.6,57.4,56.1,56.3,-0.9,545
2026-09-16,4541,549242,31144870,56.3,57.3,56.1,56.8,0.5,486
2026-09-17,4541,562826,32201889,56.9,57.6,56.7,57.5,0.7,526
2026-09-18,4541,2277997,136327222,57.9,62.5,57.9,62.0,4.5,1811
2026-09-21,4541,1195970,73100944,62.0,62.5,60.5,60.7,-1.3,2058
2026-09-22,4541,869346,52375204,61.0,61.3,59.5,60.1,-0.6,942
2026-09-23,4541,973034,57585303,60.2,60.2,58.6,59.3,-0.8,929
2026-09-24,4541,362524,21383364,59.2,59.3,58.7,59.3,0.0,370
