date,stock_id,Trading_Volume,Trading_money,open,max,min,close,spread,Trading_turnover
2016-09-29,6125,284673,3393172,12.0,12.0,11.85,11.9,-0.05,109
2016-09-30,6125,256989,3048267,11.9,11.95,11.8,11.85,-0.05,95
2016-10-03,6125,289481,3432874,11.9,11.9,11.8,11.85,0.0,88
2016-10-04,6125,302985,3604168,11.9,11.95,11.85,11.9,0.05,123
2016-10-05,6125,275542,3288523,11.95,12.0,11.9,12.0,0.1,97
2016-10-06,6125,697216,8430809,12.05,12.15,12.0,12.1,0.1,249
2016-10-07,6125,711408,8656046,12.15,12.2,12.1,12.1,0.0,237
2016-10-11,6125,741135,8772134,12.0,12.0,11.6,11.8,-0.3,265
2016-10-12,6125,289041,3398676,11.8,11.85,11.7,11.75,-0.05,109
2016-10-13,6125,184026,2168900,11.8,11.9,11.7,11.75,0.0,67
2016-10-14,6125,390481,4548502,11.75,11.8,11.6,11.65,-0.1,129
2016-10-17,6125,395937,4596358,11.65,11.7,11.55,11.7,0.05,133
2016-10-18,6125,199993,2330165,11.7,11.7,11.6,11.7,0.0,79
2016-10-19,6125,184343,2153874,11.75,11.75,11.65,11.7,0.0,84
2016-10-20,6125,180086,2103544,11.75,11.75,11.65,11.7,0.0,85
2016-10-21,6125,226499,2653986,11.75,11.75,11.65,11.75,0.05,83
2016-10-24,6125,91846,1073993,11.7,11.7,11.65,11.7,-0.05,43
2016-10-25,6125,181800,2129953,11.7,11.75,11.65,11.75,0.05,80
2016-10-26,6125,316504,3691215,11.7,11.75,11.6,11.7,-0.05,96
2016-10-27,6125,210499,2455735,11.75,11.75,11.6,11.75,0.05,70
2016-10-28,6125,166387,1948275,11.7,11.75,11.7,11.75,0.0,65
2016-10-31,6125,240750,2794469,11.75,11.75,11.55,11.7,-0.05,83
2016-11-01,6125,67270,783441,11.75,11.75,11.6,11.7,0.0,40
2016-11-02,6125,565340,6498589,11.65,11.65,11.35,11.5,-0.2,140
2016-11-03,6125,199000,2268850,11.4,11.5,11.3,11.5,0.0,70
2016-11-04,6125,175065,1996192,11.45,11.45,11.35,11.45,-0.05,65
2016-11-07,6125,349750,3976397,11.35,11.45,11.3,11.4,-0.05,94
2016-11-08,6125,143002,1629522,11.45,11.45,11.3,11.45,0.05,56
2016-11-09,6125,482506,5366038,11.4,11.4,10.9,11.15,-0.3,132
2016-11-10,6125,194301,2185500,11.25,11.3,11.2,11.3,0.15,61
2016-11-11,6125,364185,4046785,11.4,11.4,11.05,11.1,-0.2,104
2016-11-14,6125,2284506,23209028,10.55,10.6,9.99,10.15,-0.95,569
2016-11-15,6125,368016,3740459,10.15,10.2,10.1,10.1,-0.05,138
2016-11-16,6125,1433865,15121166,10.1,10.75,10.05,10.7,0.6,401
2016-11-17,6125,333317,3533526,10.7,10.7,10.5,10.6,-0.1,120
2016-11-18,6125,411194,4403919,10.6,10.8,10.6,10.8,0.2,120
2016-11-21,6125,391728,4177486,10.8,10.8,10.6,10.75,-0.05,90
2016-11-22,6125,337312,3612285,10.8,10.8,10.65,10.8,0.05,99
2016-11-23,6125,276178,2949952,10.8,10.8,10.6,10.7,-0.1,83
2016-11-24,6125,87546,936140,10.75,10.75,10.65,10.7,0.0,43
2016-11-25,6125,180514,1928544,10.7,10.7,10.65,10.7,0.0,78
2016-11-28,6125,116568,1240516,10.75,10.75,10.6,10.7,0.0,54
2016-11-29,6125,244169,2591203,10.65,10.7,10.55,10.7,0.0,96
2016-11-30,6125,161778,1718656,10.7,10.7,10.6,10.6,-0.1,75
2016-12-01,6125,184381,1951068,10.7,10.7,10.55,10.6,0.0,64
2016-12-02,6125,236776,2496634,10.55,10.65,10.5,10.6,0.0,74
2016-12-05,6125,172586,1817178,10.5,10.6,10.45,10.55,-0.05,80
2016-12-06,6125,301591,3176895,10.55,10.6,10.45,10.55,0.0,121
2016-12-07,6125,242745,2548400,10.55,10.55,10.45,10.55,0.0,98
2016-12-08,6125,886007,9457107,10.6,10.8,10.5,10.6,0.05,336
2016-12-09,6125,287596,3061799,10.8,10.8,10.6,10.6,0.0,125
2016-12-12,6125,160084,1688126,10.6,10.7,10.45,10.6,0.0,78
2016-12-13,6125,262743,2769083,10.5,10.6,10.45,10.6,0.0,70
2016-12-14,6125,1514504,16316740,10.6,10.9,10.55,10.7,0.1,533
2016-12-15,6125,202908,2153271,10.7,10.7,10.55,10.7,0.0,92
2016-12-16,6125,195873,2088800,10.75,10.75,10.6,10.7,0.0,87
2016-12-19,6125,595057,6465552,10.8,10.95,10.75,10.8,0.1,212
2016-12-20,6125,178455,1929281,10.95,10.95,10.75,10.85,0.05,73
2016-12-21,6125,106450,1152203,10.95,10.95,10.75,10.9,0.05,56
2016-12-22,6125,257508,2763229,10.8,10.8,10.6,10.65,-0.25,120
2016-12-23,6125,79004,845740,10.65,10.8,10.65,10.65,0.0,36
2016-12-26,6125,128155,1361239,10.7,10.7,10.55,10.7,0.05,77
2016-12-27,6125,226625,2398860,10.7,10.7,10.5,10.6,-0.1,79
2016-12-28,6125,153806,1628137,10.7,10.7,10.55,10.7,0.1,76
2016-12-29,6125,210706,2228194,10.6,10.7,10.55,10.55,-0.15,59
2016-12-30,6125,663070,7046134,10.65,10.75,10.55,10.6,0.05,185
2017-01-03,6125,358564,3780820,10.6,10.65,10.5,10.6,0.0,115
2017-01-04,6125,615311,6502841,10.55,10.65,10.5,10.6,0.0,197
2017-01-05,6125,786024,8360097,10.65,10.7,10.6,10.6,0.0,194
2017-01-06,6125,3174594,34501144,10.7,11.05,10.65,10.9,0.3,826
2017-01-09,6125,533418,5835489,11.05,11.05,10.85,10.9,0.0,213
2017-01-10,6125,477515,5167149,10.95,10.95,10.75,10.8,-0.1,174
2017-01-11,6125,263698,2827109,10.75,10.8,10.7,10.75,-0.05,116
2017-01-12,6125,276046,2961384,10.75,10.8,10.7,10.7,-0.05,109
2017-01-13,6125,400090,4239296,10.7,10.7,10.5,10.6,-0.1,138
2017-01-16,6125,303942,3191527,10.6,10.6,10.45,10.55,-0.05,156
2017-01-17,6125,823345,8768394,10.55,10.7,10.5,10.55,0.0,208
2017-01-18,6125,221675,2343415,10.55,10.6,10.55,10.6,0.05,96
2017-01-19,6125,321841,3416012,10.6,10.7,10.55,10.55,-0.05,137
2017-01-20,6125,229197,2429611,10.6,10.65,10.55,10.6,0.05,89
2017-01-23,6125,95153,1007107,10.65,10.65,10.55,10.6,0.0,70
2017-01-24,6125,271030,2869662,10.6,10.65,10.55,10.65,0.05,101
2017-02-02,6125,302992,3201402,10.65,10.7,10.5,10.6,-0.05,132
2017-02-03,6125,1364516,14684512,10.5,10.85,10.5,10.7,0.1,291
2017-02-06,6125,588702,6274171,10.7,10.75,10.6,10.65,-0.05,209
2017-02-07,6125,1298186,14070644,10.65,10.95,10.65,10.9,0.25,387
2017-02-08,6125,610638,6596558,10.9,10.95,10.7,10.75,-0.15,220
2017-02-09,6125,469077,5031403,10.75,10.85,10.65,10.7,-0.05,191
2017-02-10,6125,737254,7872774,10.65,10.75,10.6,10.65,-0.05,203
2017-02-13,6125,333769,3559174,10.6,10.75,10.6,10.65,0.0,158
2017-02-14,6125,367508,3928137,10.7,10.75,10.65,10.65,0.0,169
2017-02-15,6125,673354,7245105,10.75,10.9,10.65,10.85,0.2,214
2017-02-16,6125,731661,7911088,10.9,10.9,10.7,10.7,-0.15,225
2017-02-17,6125,425993,4590952,10.75,10.85,10.7,10.8,0.1,159
2017-02-18,6125,410213,4399101,10.8,10.8,10.65,10.8,0.0,175
2017-02-20,6125,953067,10378131,10.85,10.95,10.85,10.85,0.05,330
2017-02-21,6125,406834,4397776,10.9,10.95,10.75,10.8,-0.05,171
2017-02-22,6125,3089063,34245343,10.9,11.2,10.8,11.05,0.25,692
2017-02-23,6125,914476,10043244,11.15,11.15,10.85,10.85,-0.2,302
2017-02-24,6125,351324,3834627,10.95,11.0,10.85,10.95,0.1,158
2017-03-01,6125,347609,3813737,11.0,11.05,10.9,10.95,0.0,175
2017-03-02,6125,349031,3812416,11.0,11.0,10.85,10.9,-0.05,140
2017-03-03,6125,564995,6101783,10.95,10.95,10.75,10.75,-0.15,188
2017-03-06,6125,1162102,12835018,10.8,11.2,10.8,11.05,0.3,501
2017-03-07,6125,633437,7018007,11.2,11.2,11.0,11.0,-0.05,265
2017-03-08,6125,326350,3576058,11.0,11.1,10.9,10.9,-0.1,203
2017-03-09,6125,407093,4423353,10.9,11.0,10.8,10.9,0.0,200
2017-03-10,6125,671234,7200298,10.9,10.9,10.7,10.7,-0.2,284
2017-03-13,6125,654158,6953471,10.6,10.7,10.6,10.65,-0.05,316
2017-03-14,6125,414821,4429194,10.7,10.8,10.6,10.7,0.05,195
2017-03-15,6125,216317,2323154,10.7,10.8,10.7,10.8,0.1,114
2017-03-16,6125,337391,3629341,10.7,10.85,10.7,10.75,-0.05,198
2017-03-17,6125,439843,4699375,10.8,10.8,10.6,10.7,-0.05,216
2017-03-20,6125,1807783,19614806,10.75,10.9,10.65,10.8,0.1,436
2017-03-21,6125,345459,3720962,10.8,10.9,10.7,10.75,-0.05,146
2017-03-22,6125,263814,2819585,10.7,10.75,10.6,10.7,-0.05,151
2017-03-23,6125,410861,4394336,10.65,10.75,10.65,10.75,0.05,170
2017-03-24,6125,224091,2399560,10.75,10.75,10.65,10.7,-0.05,99
2017-03-27,6125,422089,4543927,10.7,10.9,10.7,10.7,0.0,398
2017-03-28,6125,374723,4009069,10.7,10.8,10.65,10.7,0.0,280
2017-03-29,6125,162734,1741814,10.7,10.75,10.65,10.75,0.05,194
2017-03-30,6125,369661,3964651,10.75,10.8,10.65,10.8,0.05,205
2017-03-31,6125,245152,2631151,10.8,10.8,10.7,10.75,-0.05,192
2017-04-05,6125,302499,3240643,10.7,10.75,10.65,10.75,0.0,264
2017-04-06,6125,149255,1599296,10.75,10.75,10.65,10.75,0.0,176
2017-04-07,6125,284765,3031527,10.75,10.75,10.6,10.7,-0.05,191
2017-04-10,6125,578027,6115560,10.7,10.7,10.55,10.6,-0.1,295
2017-04-11,6125,699742,7328185,10.65,10.65,10.35,10.4,-0.2,274
2017-04-12,6125,779968,7988954,10.4,10.4,10.15,10.15,-0.25,280
2017-04-13,6125,501945,5136890,10.2,10.35,10.2,10.35,0.2,245
2017-04-14,6125,378443,3870398,10.3,10.3,10.2,10.2,-0.15,181
2017-04-17,6125,523398,5266930,10.3,10.3,10.0,10.1,-0.1,249
2017-04-18,6125,239880,2437264,10.15,10.2,10.1,10.15,0.05,148
2017-04-19,6125,282795,2849019,10.15,10.15,10.0,10.1,-0.05,171
2017-04-20,6125,95214,961503,10.1,10.1,10.05,10.1,0.0,120
2017-04-21,6125,154219,1557543,10.1,10.2,10.05,10.05,-0.05,173
2017-04-24,6125,269817,2707670,10.15,10.15,10.0,10.0,-0.05,176
2017-04-25,6125,102924,1031365,10.0,10.1,10.0,10.05,0.05,156
2017-04-26,6125,137343,1381280,10.1,10.15,10.0,10.05,0.0,147
2017-04-27,6125,436510,4433748,10.1,10.2,10.1,10.2,0.15,179
2017-04-28,6125,293252,2971843,10.2,10.25,10.05,10.1,-0.1,103
2017-05-02,6125,168322,1697220,10.2,10.2,10.05,10.1,0.0,61
2017-05-03,6125,147119,1483404,10.1,10.15,10.05,10.1,0.0,70
2017-05-04,6125,1348487,13824939,10.15,10.35,10.1,10.2,0.1,291
2017-05-05,6125,146279,1484666,10.2,10.2,10.1,10.15,-0.05,69
2017-05-08,6125,207423,2093320,10.2,10.2,10.05,10.1,-0.05,101
2017-05-09,6125,545803,5455511,10.05,10.05,9.97,10.0,-0.1,192
2017-05-10,6125,881726,8859072,10.0,10.1,9.98,9.98,-0.02,195
2017-05-11,6125,763441,7535850,9.98,9.98,9.75,9.81,-0.17,233
2017-05-12,6125,557636,5424515,9.8,9.8,9.66,9.73,-0.08,188
2017-05-15,6125,799563,7675080,9.73,9.74,9.48,9.51,-0.22,234
2017-05-16,6125,198935,1901591,9.51,9.61,9.51,9.59,0.08,96
2017-05-17,6125,715376,6771264,9.5,9.59,9.38,9.42,-0.17,179
2017-05-18,6125,182557,1712837,9.4,9.4,9.35,9.36,-0.06,63
2017-05-19,6125,182091,1708826,9.36,9.4,9.36,9.39,0.03,81
2017-05-22,6125,348110,3308814,9.48,9.55,9.45,9.54,0.15,120
2017-05-23,6125,306002,2925158,9.5,9.61,9.5,9.6,0.06,89
2017-05-24,6125,216063,2075826,9.58,9.67,9.55,9.64,0.04,84
2017-05-25,6125,523017,5112121,9.62,9.82,9.62,9.78,0.14,190
2017-05-26,6125,234001,2272929,9.67,9.82,9.67,9.7,-0.08,81
2017-05-31,6125,193002,1857898,9.7,9.7,9.57,9.61,-0.09,72
2017-06-01,6125,137542,1324254,9.61,9.65,9.6,9.63,0.02,66
2017-06-02,6125,289954,2823459,9.63,9.8,9.63,9.74,0.11,86
2017-06-03,6125,244426,2395474,9.82,9.85,9.71,9.76,0.02,102
2017-06-05,6125,268182,2664777,9.79,9.99,9.79,9.92,0.16,112
2017-06-06,6125,256795,2543016,9.95,9.95,9.86,9.9,-0.02,82
2017-06-07,6125,258512,2552709,9.95,9.95,9.81,9.81,-0.09,89
2017-06-08,6125,207153,2022771,9.89,9.89,9.71,9.71,-0.1,94
2017-06-09,6125,340534,3280181,9.71,9.8,9.49,9.61,-0.1,140
2017-06-12,6125,119283,1139378,9.51,9.57,9.51,9.57,-0.04,49
2017-06-13,6125,196617,1884641,9.56,9.62,9.55,9.6,0.03,72
2017-06-14,6125,167393,1602842,9.6,9.67,9.52,9.57,-0.03,84
2017-06-15,6125,109866,1051804,9.57,9.62,9.53,9.57,0.0,52
2017-06-16,6125,203775,1967203,9.57,9.79,9.57,9.79,0.22,66
2017-06-19,6125,165943,1618759,9.79,9.8,9.7,9.73,-0.06,72
2017-06-20,6125,123002,1193624,9.8,9.8,9.65,9.69,-0.04,53
2017-06-21,6125,120813,1167818,9.61,9.69,9.61,9.67,-0.02,52
2017-06-22,6125,240972,2331727,9.67,9.7,9.66,9.69,0.02,60
2017-06-23,6125,114428,1111046,9.72,9.76,9.67,9.67,-0.02,54
2017-06-26,6125,163829,1586425,9.67,9.74,9.64,9.65,-0.02,71
2017-06-27,6125,140457,1358983,9.61,9.73,9.61,9.69,0.04,57
2017-06-28,6125,202365,1953343,9.66,9.7,9.61,9.67,-0.02,63
2017-06-29,6125,266019,2569687,9.67,9.7,9.62,9.65,-0.02,83
2017-06-30,6125,209726,2025636,9.74,9.74,9.63,9.65,0.0,73
2017-07-03,6125,94778,913691,9.65,9.65,9.63,9.63,-0.02,41
2017-07-04,6125,272376,2616899,9.61,9.65,9.58,9.62,-0.01,69
2017-07-05,6125,171782,1651397,9.6,9.63,9.6,9.63,0.01,55
2017-07-06,6125,281631,2701255,9.65,9.65,9.55,9.63,0.0,83
2017-07-07,6125,121526,1168812,9.63,9.63,9.58,9.63,0.0,43
2017-07-10,6125,407782,3964070,9.71,9.88,9.66,9.88,0.25,148
2017-07-11,6125,465626,4627430,9.99,10.0,9.85,9.85,-0.03,169
2017-07-12,6125,242280,2403578,9.85,9.95,9.85,9.95,0.1,104
2017-07-13,6125,414866,4140711,9.99,10.0,9.93,9.98,0.03,129
2017-07-14,6125,524931,5256470,9.98,10.1,9.98,10.1,0.12,157
2017-07-17,6125,221950,2223870,10.15,10.15,9.98,10.0,-0.1,87
2017-07-18,6125,156226,1561397,10.05,10.05,9.97,10.0,0.0,53
2017-07-19,6125,179263,1789645,10.05,10.05,9.97,9.97,-0.03,66
2017-07-20,6125,199760,1995061,10.0,10.0,9.96,9.98,0.01,72
2017-07-21,6125,268382,2673511,10.05,10.05,9.92,9.99,0.01,83
2017-07-24,6125,338301,3379155,9.99,10.0,9.96,9.99,0.0,68
2017-07-25,6125,242905,2429579,10.05,10.05,9.96,10.0,0.01,82
2017-07-26,6125,601277,6003585,10.0,10.05,9.97,9.97,-0.03,190
2017-07-27,6125,407083,3910096,9.6,9.65,9.56,9.56,0.0,180
2017-07-28,6125,161419,1546298,9.56,9.62,9.54,9.54,-0.02,74
2017-07-31,6125,275392,2662822,9.85,9.86,9.59,9.69,0.15,113
2017-08-01,6125,185378,1777518,9.68,9.68,9.51,9.58,-0.11,86
2017-08-02,6125,174224,1668646,9.6,9.62,9.56,9.58,0.0,70
2017-08-03,6125,71911,688681,9.63,9.63,9.56,9.57,-0.01,36
2017-08-04,6125,97182,930091,9.59,9.59,9.56,9.57,0.0,44
2017-08-07,6125,848670,8208545,9.59,9.78,9.55,9.66,0.09,179
2017-08-08,6125,130068,1256619,9.66,9.69,9.65,9.66,0.0,52
2017-08-09,6125,116388,1122146,9.7,9.7,9.62,9.62,-0.04,49
2017-08-10,6125,248078,2382508,9.63,9.69,9.55,9.55,-0.07,80
2017-08-11,6125,162196,1544553,9.55,9.59,9.5,9.51,-0.04,54
2017-08-14,6125,307518,2895030,9.5,9.51,9.3,9.3,-0.21,108
2017-08-15,6125,276876,2566614,9.4,9.4,9.2,9.22,-0.08,110
2017-08-16,6125,307500,2851935,9.24,9.35,9.17,9.31,0.09,97
2017-08-17,6125,230619,2165445,9.33,9.45,9.33,9.43,0.12,93
2017-08-18,6125,164221,1551747,9.47,9.47,9.37,9.47,0.04,64
2017-08-21,6125,572943,5560681,9.47,9.88,9.47,9.61,0.14,185
2017-08-22,6125,164880,1589045,9.73,9.73,9.6,9.62,0.01,59
2017-08-23,6125,269160,2581928,9.62,9.68,9.52,9.6,-0.02,96
2017-08-24,6125,133919,1281063,9.55,9.6,9.54,9.57,-0.03,67
2017-08-25,6125,338595,3245608,9.64,9.64,9.55,9.62,0.05,101
2017-08-28,6125,421450,4116023,9.65,9.81,9.65,9.76,0.14,145
2017-08-29,6125,340900,3306002,9.77,9.82,9.65,9.7,-0.06,101
2017-08-30,6125,587735,5750647,9.7,9.86,9.65,9.84,0.14,174
2017-08-31,6125,612080,6040917,9.89,9.9,9.83,9.9,0.06,177
2017-09-01,6125,974513,9854260,9.93,10.3,9.9,10.1,0.2,336
2017-09-04,6125,270572,2712865,10.1,10.2,9.91,10.05,-0.05,105
2017-09-05,6125,6225400,67120514,10.0,11.05,10.0,11.05,1.0,1747
2017-09-06,6125,3359457,37137966,11.1,11.3,10.8,10.8,-0.25,1207
2017-09-07,6125,5930289,68259449,10.8,11.85,10.65,11.2,0.4,1992
2017-09-08,6125,1654367,18424851,11.05,11.35,10.95,11.15,-0.05,590
2017-09-11,6125,1334212,14524184,11.05,11.05,10.75,10.8,-0.35,469
2017-09-12,6125,648539,7033167,10.8,10.95,10.8,10.8,0.0,257
2017-09-13,6125,1060984,11256521,10.8,10.9,10.45,10.55,-0.25,359
2017-09-14,6125,437745,4638695,10.65,10.7,10.55,10.65,0.1,154
2017-09-15,6125,592133,6290694,10.6,10.7,10.55,10.55,-0.1,180
2017-09-18,6125,550520,5820258,10.55,10.7,10.5,10.55,0.0,187
2017-09-19,6125,354355,3749205,10.65,10.65,10.5,10.65,0.1,137
2017-09-20,6125,409985,4305942,10.6,10.6,10.45,10.45,-0.2,137
2017-09-21,6125,322787,3391032,10.45,10.6,10.45,10.5,0.05,108
2017-09-22,6125,487326,5052090,10.55,10.55,10.25,10.25,-0.25,154
2017-09-25,6125,438258,4408630,10.4,10.4,10.0,10.05,-0.2,157
2017-09-26,6125,270348,2727346,10.15,10.15,10.05,10.05,0.0,107
2017-09-27,6125,347535,3487925,10.05,10.1,10.0,10.0,-0.05,136
2017-09-28,6125,396776,3985360,10.05,10.2,10.0,10.0,0.0,171
2017-09-29,6125,554989,5512946,10.0,10.05,9.85,9.98,-0.02,141
2017-09-30,6125,211853,2120015,10.0,10.1,9.99,10.0,0.02,72
2017-10-02,6125,299540,3021075,10.1,10.15,10.0,10.1,0.1,99
2017-10-03,6125,2695410,28389811,10.15,10.75,10.1,10.5,0.4,895
2017-10-05,6125,543351,5678129,10.5,10.6,10.3,10.4,-0.1,215
2017-10-06,6125,1109330,11771312,10.55,10.75,10.5,10.55,0.15,369
2017-10-11,6125,483926,5075231,10.65,10.65,10.35,10.4,-0.15,175
2017-10-12,6125,350041,3632473,10.45,10.45,10.3,10.45,0.05,156
2017-10-13,6125,287558,2971193,10.45,10.45,10.25,10.3,-0.15,125
2017-10-16,6125,2225605,23805311,10.4,10.8,10.4,10.7,0.4,653
2017-10-17,6125,563167,5978034,10.85,10.85,10.45,10.5,-0.2,226
2017-10-18,6125,584610,6051179,10.5,10.6,10.25,10.35,-0.15,207
2017-10-19,6125,288495,2983020,10.35,10.4,10.3,10.4,0.05,120
2017-10-20,6125,3279931,35030822,10.4,10.85,10.25,10.6,0.2,1056
2017-10-23,6125,2694820,29045018,10.65,10.9,10.6,10.75,0.15,839
2017-10-24,6125,771202,8207920,10.7,10.8,10.55,10.6,-0.15,258
2017-10-25,6125,548942,5802940,10.6,10.7,10.5,10.55,-0.05,177
2017-10-26,6125,380999,4037988,10.55,10.65,10.5,10.6,0.05,155
2017-10-27,6125,683256,7218960,10.65,10.7,10.45,10.45,-0.15,210
2017-10-30,6125,335195,3500068,10.55,10.55,10.4,10.4,-0.05,100
2017-10-31,6125,317094,3297666,10.4,10.45,10.35,10.35,-0.05,140
2017-11-01,6125,372846,3891952,10.5,10.5,10.35,10.45,0.1,113
2017-11-02,6125,724221,7571236,10.5,10.6,10.35,10.35,-0.1,221
2017-11-03,6125,240480,2489740,10.45,10.45,10.3,10.3,-0.05,93
2017-11-06,6125,310384,3212853,10.4,10.4,10.3,10.35,0.05,113
2017-11-07,6125,189884,1966244,10.4,10.4,10.3,10.35,0.0,72
2017-11-08,6125,1020600,10808477,10.45,10.7,10.45,10.55,0.2,369
2017-11-09,6125,582890,6145152,10.55,10.65,10.45,10.45,-0.1,212
2017-11-10,6125,294693,3075204,10.45,10.5,10.4,10.45,0.0,98
2017-11-13,6125,1532078,16496222,10.8,10.9,10.65,10.7,0.25,469
2017-11-14,6125,486136,5173778,10.7,10.75,10.55,10.55,-0.15,182
2017-11-15,6125,1883693,20265110,10.65,10.85,10.55,10.75,0.2,490
2017-11-16,6125,3854265,42767687,10.8,11.3,10.8,11.15,0.4,1228
2017-11-17,6125,2103825,23401965,11.25,11.3,10.95,11.15,0.0,699
2017-11-20,6125,1315368,14615198,11.15,11.25,11.0,11.1,-0.05,402
2017-11-21,6125,1879667,21264336,11.3,11.5,11.15,11.2,0.1,578
2017-11-22,6125,1287566,14162234,11.3,11.3,10.8,10.85,-0.35,527
2017-11-23,6125,922001,10144357,11.05,11.1,10.9,10.95,0.1,286
2017-11-24,6125,495905,5433205,10.9,11.1,10.9,10.9,-0.05,199
2017-11-27,6125,480549,5245452,10.95,11.0,10.85,10.9,0.0,184
2017-11-28,6125,1075851,11853661,11.0,11.1,10.9,11.1,0.2,309
2017-11-29,6125,10368254,126135082,11.75,12.2,11.75,12.2,1.1,2169
2017-11-30,6125,16909483,216433127,12.5,13.25,12.25,12.65,0.45,4878
2017-12-01,6125,5145493,63068066,12.6,12.65,11.9,12.0,-0.65,1772
2017-12-04,6125,3504835,42336820,12.1,12.5,11.8,12.1,0.1,1033
2017-12-05,6125,2068134,24840825,12.2,12.35,11.75,11.75,-0.35,804
2017-12-06,6125,1834401,21293198,11.85,11.95,11.35,11.35,-0.4,596
2017-12-07,6125,2453443,27984520,11.4,11.65,11.2,11.5,0.15,578
2017-12-08,6125,2090299,23821740,11.5,11.7,11.2,11.25,-0.25,635
2017-12-11,6125,3592200,42130248,11.65,11.95,11.5,11.75,0.5,938
2017-12-12,6125,3026200,36124859,11.75,12.25,11.7,11.9,0.15,865
2017-12-13,6125,2764008,33298693,11.8,12.25,11.8,12.0,0.1,660
2017-12-14,6125,3015960,36879913,12.1,12.45,12.1,12.15,0.15,794
2017-12-15,6125,798777,9614460,12.15,12.15,11.95,12.05,-0.1,328
2017-12-18,6125,3105048,37743363,12.1,12.25,11.9,11.95,-0.1,619
2017-12-19,6125,907613,10732136,12.0,12.1,11.6,11.75,-0.2,361
2017-12-20,6125,837834,9929570,11.85,12.05,11.75,11.95,0.2,286
2017-12-21,6125,1981173,24049740,12.1,12.3,11.95,12.15,0.2,670
2017-12-22,6125,11786888,151684311,12.4,13.1,12.4,12.9,0.75,3359
2017-12-25,6125,3730004,47580290,12.95,13.05,12.55,12.7,-0.2,1091
2017-12-26,6125,2681412,33772015,12.7,13.0,12.3,12.4,-0.3,871
2017-12-27,6125,1243498,15307970,12.4,12.55,12.2,12.3,-0.1,506
2017-12-28,6125,1659634,20210568,12.3,12.4,12.05,12.15,-0.15,620
2017-12-29,6125,6215303,78893230,12.2,12.95,12.15,12.55,0.4,1977
2018-01-02,6125,1366636,17238426,12.75,12.75,12.5,12.55,0.0,502
2018-01-03,6125,4162314,53643451,12.75,13.3,12.6,12.65,0.1,1387
2018-01-04,6125,1301721,16291985,12.65,12.7,12.45,12.5,-0.15,517
2018-01-05,6125,1262425,15837387,12.55,12.75,12.4,12.45,-0.05,511
2018-01-08,6125,1271113,15742484,12.55,12.6,12.25,12.35,-0.1,452
2018-01-09,6125,1783599,22213173,12.4,12.55,12.3,12.45,0.1,461
2018-01-10,6125,1442367,18108566,12.55,12.8,12.45,12.45,0.0,453
2018-01-11,6125,636503,7889409,12.45,12.55,12.3,12.35,-0.1,221
2018-01-12,6125,908311,11318303,12.35,12.65,12.35,12.4,0.05,310
2018-01-15,6125,504227,6245940,12.45,12.55,12.35,12.35,-0.05,190
2018-01-16,6125,831027,10222678,12.4,12.5,12.25,12.25,-0.1,323
2018-01-17,6125,899289,10946595,12.3,12.3,12.1,12.15,-0.1,371
2018-01-18,6125,2207968,27278454,12.3,12.45,12.2,12.3,0.15,616
2018-01-19,6125,508012,6208543,12.4,12.4,12.15,12.15,-0.15,208
2018-01-22,6125,2188712,27110352,12.35,12.5,12.2,12.3,0.15,644
2018-01-23,6125,858667,10515617,12.35,12.4,12.15,12.15,-0.15,281
2018-01-24,6125,722765,8751855,12.2,12.25,12.05,12.2,0.05,266
2018-01-25,6125,447581,5456429,12.35,12.35,12.1,12.1,-0.1,189
2018-01-26,6125,499998,6051322,12.1,12.15,12.05,12.1,0.0,192
2018-01-29,6125,3937657,49201391,12.25,12.6,12.1,12.45,0.35,1273
2018-01-30,6125,1245783,15508089,12.65,12.65,12.2,12.25,-0.2,424
2018-01-31,6125,555086,6734301,12.1,12.3,12.0,12.25,0.0,228
2018-02-01,6125,585608,7113385,12.35,12.35,12.1,12.15,-0.1,255
2018-02-02,6125,424307,5134097,12.15,12.2,12.05,12.05,-0.1,158
2018-02-05,6125,665572,7768536,11.75,11.75,11.5,11.7,-0.35,298
2018-02-06,6125,1872105,20425574,11.5,11.5,10.55,10.8,-0.9,631
2018-02-07,6125,748195,8273832,11.0,11.25,10.95,10.95,0.15,259
2018-02-08,6125,1012807,10790301,10.75,10.75,10.55,10.6,-0.35,330
2018-02-09,6125,988504,10128415,10.0,10.45,10.0,10.35,-0.25,309
2018-02-12,6125,414639,4330728,10.6,10.6,10.35,10.35,0.0,167
2018-02-21,6125,438014,4665440,10.45,10.75,10.45,10.65,0.3,194
2018-02-22,6125,413746,4455464,10.65,10.9,10.65,10.75,0.1,160
2018-02-23,6125,314608,3407688,10.7,10.95,10.7,10.85,0.1,151
2018-02-26,6125,238046,2610428,11.0,11.0,10.9,10.95,0.1,145
2018-02-27,6125,324759,3566849,11.0,11.1,10.95,11.0,0.05,108
2018-03-01,6125,199791,2180671,10.8,11.0,10.8,10.9,-0.1,94
2018-03-02,6125,405516,4457300,10.9,11.1,10.85,11.05,0.15,188
2018-03-05,6125,310370,3423020,11.1,11.15,10.95,10.95,-0.1,156
2018-03-06,6125,1883222,20837542,10.95,11.4,10.7,11.1,0.15,431
2018-03-07,6125,291377,3203435,11.05,11.1,10.9,10.9,-0.2,142
2018-03-08,6125,392880,4278694,10.9,11.05,10.8,10.8,-0.1,150
2018-03-09,6125,215269,2330146,10.95,10.95,10.75,10.85,0.05,97
2018-03-12,6125,232720,2523433,10.85,10.9,10.8,10.8,-0.05,115
2018-03-13,6125,358912,3887743,10.85,11.0,10.75,10.8,0.0,149
2018-03-14,6125,226856,2456427,10.85,10.9,10.7,10.85,0.05,105
2018-03-15,6125,904678,10054690,10.8,11.25,10.8,11.2,0.35,290
2018-03-16,6125,345163,3856264,11.3,11.35,11.05,11.2,0.0,148
2018-03-19,6125,213871,2364699,11.2,11.2,11.0,11.0,-0.2,144
2018-03-20,6125,221419,2429814,11.0,11.0,10.95,10.95,-0.05,105
2018-03-21,6125,185436,2036253,11.05,11.05,10.9,10.9,-0.05,103
2018-03-22,6125,2309195,26260977,10.95,11.5,10.95,11.25,0.35,814
2018-03-23,6125,597063,6562459,11.0,11.15,10.9,10.95,-0.3,250
2018-03-26,6125,369712,4038339,10.85,11.05,10.85,10.9,-0.05,158
2018-03-27,6125,474084,5142129,11.1,11.1,10.7,10.8,-0.1,190
2018-03-28,6125,391187,4300412,10.9,11.1,10.9,10.9,0.1,197
2018-03-29,6125,395261,4358888,10.95,11.15,10.95,10.95,0.05,138
2018-03-30,6125,437510,4780722,11.1,11.1,10.85,10.85,-0.1,123
2018-03-31,6125,309430,3360961,10.85,10.95,10.8,10.8,-0.05,113
2018-04-02,6125,285466,3106126,10.8,10.95,10.8,10.85,0.05,116
2018-04-03,6125,333072,3605133,10.85,10.9,10.8,10.8,-0.05,182
2018-04-09,6125,173762,1879867,10.8,10.9,10.75,10.85,0.05,224
2018-04-10,6125,4961883,58424990,10.9,11.9,10.85,11.9,1.05,1133
2018-04-11,6125,3784852,44552780,11.7,12.0,11.6,11.65,-0.25,1145
2018-04-12,6125,729718,8549498,11.85,11.85,11.6,11.65,0.0,265
2018-04-13,6125,6592997,78033751,11.75,12.0,11.4,11.7,0.05,985
2018-04-16,6125,913373,10530574,11.8,11.8,11.4,11.45,-0.25,393
2018-04-17,6125,791567,8779804,11.45,11.45,10.95,10.95,-0.5,377
2018-04-18,6125,354047,3856981,11.0,11.1,10.8,10.9,-0.05,198
2018-04-19,6125,432444,4732428,11.0,11.05,10.85,10.85,-0.05,166
2018-04-20,6125,282661,3048809,10.9,10.9,10.75,10.75,-0.1,151
2018-04-23,6125,305571,3282193,10.75,10.8,10.65,10.75,0.0,178
2018-04-24,6125,531162,5607829,10.75,10.8,10.35,10.55,-0.2,305
2018-04-25,6125,287984,3030646,10.5,10.55,10.5,10.55,0.0,197
2018-04-26,6125,439217,4601040,10.55,10.6,10.35,10.4,-0.15,202
2018-04-27,6125,498991,5180552,10.5,10.5,10.35,10.35,-0.05,168
2018-04-30,6125,278530,2918112,10.35,10.7,10.35,10.45,0.1,142
2018-05-02,6125,139100,1462195,10.45,10.6,10.4,10.5,0.05,89
2018-05-03,6125,233729,2446305,10.55,10.55,10.4,10.4,-0.1,104
2018-05-04,6125,172278,1794025,10.5,10.5,10.4,10.4,0.0,82
2018-05-07,6125,334140,3476269,10.5,10.55,10.35,10.35,-0.05,107
2018-05-08,6125,293412,3069332,10.45,10.55,10.4,10.4,0.05,129
2018-05-09,6125,135416,1412704,10.45,10.5,10.4,10.4,0.0,65
2018-05-10,6125,248653,2608139,10.5,10.55,10.4,10.45,0.05,105
2018-05-11,6125,296380,3101449,10.5,10.5,10.4,10.5,0.05,129
2018-05-14,6125,364769,3834945,10.5,10.6,10.4,10.4,-0.1,137
2018-05-15,6125,396464,4120822,10.45,10.45,10.35,10.4,0.0,124
2018-05-16,6125,739043,7909102,10.55,10.85,10.55,10.65,0.25,275
2018-05-17,6125,294038,3142851,10.75,10.8,10.6,10.7,0.05,145
2018-05-18,6125,1629107,17677527,10.7,11.05,10.6,10.95,0.25,399
2018-05-21,6125,536778,5828758,10.9,11.0,10.75,11.0,0.05,193
2018-05-22,6125,392240,4281601,10.95,11.0,10.85,10.9,-0.1,132
2018-05-23,6125,236220,2545314,10.9,10.9,10.7,10.7,-0.2,99
2018-05-24,6125,165134,1778582,10.85,10.85,10.7,10.75,0.05,74
2018-05-25,6125,303493,3249123,10.75,10.8,10.65,10.7,-0.05,110
2018-05-28,6125,280719,3004591,10.65,10.75,10.65,10.75,0.05,111
2018-05-29,6125,1387253,15388834,10.8,11.25,10.8,10.9,0.15,528
2018-05-30,6125,949230,10558822,11.1,11.25,10.9,11.25,0.35,358
2018-05-31,6125,1475999,16920687,11.35,11.7,11.25,11.4,0.15,533
2018-06-01,6125,723393,8303217,11.5,11.7,11.3,11.6,0.2,284
2018-06-04,6125,901514,10590610,11.7,11.95,11.65,11.7,0.1,340
2018-06-05,6125,695794,8074281,11.75,11.85,11.5,11.55,-0.15,279
2018-06-06,6125,541268,6227502,11.55,11.65,11.45,11.45,-0.1,198
2018-06-07,6125,579100,6651689,11.5,11.6,11.4,11.45,0.0,197
2018-06-08,6125,708748,8195001,11.6,11.65,11.5,11.55,0.1,208
2018-06-11,6125,920610,10586451,11.6,11.6,11.4,11.4,-0.15,310
2018-06-12,6125,1538319,17737885,11.5,11.6,11.35,11.45,0.05,312
2018-06-13,6125,840362,9525152,11.5,11.5,11.25,11.3,-0.15,228
2018-06-14,6125,428072,4812956,11.35,11.4,11.15,11.25,-0.05,150
2018-06-15,6125,296804,3341624,11.3,11.35,11.15,11.15,-0.1,105
2018-06-19,6125,326567,3604075,11.2,11.2,10.95,10.95,-0.2,124
2018-06-20,6125,460110,5033710,10.95,11.1,10.85,11.0,0.05,143
2018-06-21,6125,358300,3900902,11.05,11.1,10.8,10.85,-0.15,106
2018-06-22,6125,352538,3788527,10.8,10.8,10.7,10.7,-0.15,112
2018-06-25,6125,236722,2570760,10.85,10.95,10.8,10.8,0.1,89
2018-06-26,6125,223551,2380588,10.8,10.8,10.6,10.6,-0.2,85
2018-06-27,6125,243016,2581718,10.6,10.7,10.55,10.55,-0.05,100
2018-06-28,6125,224011,2411117,10.5,10.95,10.5,10.75,0.2,111
2018-06-29,6125,228126,2431241,10.75,10.75,10.6,10.65,-0.1,83
2018-07-02,6125,244702,2648324,10.95,10.95,10.7,10.7,0.05,111
2018-07-03,6125,1191000,12908300,10.85,11.0,10.7,10.8,0.1,261
2018-07-04,6125,162001,1728410,10.9,10.9,10.6,10.6,-0.2,72
2018-07-05,6125,2049924,22453827,10.8,11.25,10.6,10.9,0.3,672
2018-07-06,6125,1526799,16835716,10.9,11.25,10.8,11.15,0.25,525
2018-07-09,6125,911216,9932191,11.15,11.2,10.7,10.85,-0.3,281
2018-07-10,6125,385319,4144124,10.75,10.9,10.65,10.75,-0.1,138
2018-07-11,6125,283011,3014816,10.75,10.8,10.55,10.65,-0.1,128
2018-07-12,6125,313105,3331162,10.65,10.75,10.6,10.7,0.05,118
2018-07-13,6125,158030,1688314,10.75,10.8,10.6,10.7,0.0,96
2018-07-16,6125,634078,6743812,10.65,10.7,10.6,10.6,-0.1,169
2018-07-17,6125,273274,2843009,10.45,10.5,10.35,10.45,0.0,139
2018-07-18,6125,246850,2563039,10.45,10.45,10.35,10.35,-0.1,89
2018-07-19,6125,843478,8867612,10.45,10.7,10.3,10.7,0.35,240
2018-07-20,6125,3657931,39582902,10.7,11.0,10.7,10.9,0.2,1176
2018-07-23,6125,371513,4003787,10.8,10.85,10.75,10.8,-0.1,164
2018-07-24,6125,412800,4432547,10.8,10.85,10.7,10.75,-0.05,160
2018-07-25,6125,247561,2653752,10.8,10.8,10.7,10.75,0.0,101
2018-07-26,6125,369240,3986041,10.8,10.85,10.7,10.85,0.1,119
2018-07-27,6125,193198,2087687,10.85,10.85,10.75,10.8,-0.05,90
2018-07-30,6125,79328,853258,10.85,10.85,10.7,10.75,-0.05,51
2018-07-31,6125,170241,1822266,10.8,10.8,10.65,10.7,-0.05,61
2018-08-01,6125,1127234,12310249,10.7,11.05,10.7,11.0,0.3,413
2018-08-02,6125,294414,3213297,10.9,11.05,10.75,10.8,-0.2,128
2018-08-03,6125,81067,880671,10.85,10.9,10.85,10.85,0.05,54
2018-08-06,6125,178329,1939601,11.0,11.0,10.8,10.85,0.0,71
2018-08-07,6125,138090,1495671,10.95,10.95,10.75,10.8,-0.05,64
2018-08-08,6125,335289,3603040,10.85,10.85,10.65,10.75,-0.05,106
2018-08-09,6125,162551,1734444,10.75,10.75,10.65,10.7,-0.05,90
2018-08-10,6125,107538,1148825,10.7,10.75,10.65,10.65,-0.05,65
2018-08-13,6125,623350,6478009,10.6,10.6,10.15,10.5,-0.15,221
2018-08-14,6125,147729,1537979,10.5,10.5,10.35,10.4,-0.1,79
2018-08-15,6125,372302,3814739,10.35,10.35,10.2,10.3,-0.1,137
2018-08-16,6125,411060,4175157,10.2,10.25,10.1,10.15,-0.15,135
2018-08-17,6125,145754,1484389,10.15,10.25,10.15,10.2,0.05,51
2018-08-20,6125,282175,2841908,10.25,10.25,10.0,10.05,-0.15,98
2018-08-21,6125,110136,1107730,10.15,10.15,10.0,10.1,0.05,54
2018-08-22,6125,680136,6975385,10.15,10.4,10.1,10.3,0.2,273
2018-08-23,6125,510962,5235656,10.3,10.4,10.15,10.3,0.0,205
2018-08-24,6125,170365,1729541,10.3,10.3,10.1,10.2,-0.1,62
2018-08-27,6125,474109,4766594,10.1,10.1,10.0,10.1,-0.1,162
2018-08-28,6125,217502,2187419,10.15,10.15,10.0,10.1,0.0,87
2018-08-29,6125,246722,2482140,10.05,10.15,10.0,10.15,0.05,108
2018-08-30,6125,108465,1096000,10.15,10.2,10.05,10.05,-0.1,56
2018-08-31,6125,322272,3279580,10.15,10.25,10.05,10.1,0.05,151
2018-09-03,6125,488501,4923133,10.15,10.2,10.0,10.15,0.05,164
2018-09-04,6125,145870,1477830,10.2,10.2,10.1,10.15,0.0,72
2018-09-05,6125,97487,986516,10.1,10.2,10.1,10.1,-0.05,36
2018-09-06,6125,186324,1872587,10.15,10.15,10.0,10.0,-0.1,71
2018-09-07,6125,622001,6175009,10.0,10.0,9.81,9.85,-0.15,173
2018-09-10,6125,571550,5409343,9.85,9.85,9.3,9.31,-0.54,216
2018-09-11,6125,280515,2610487,9.4,9.4,9.21,9.33,0.02,116
2018-09-12,6125,124949,1166501,9.4,9.4,9.3,9.38,0.05,52
2018-09-13,6125,145011,1364074,9.38,9.48,9.38,9.48,0.1,70
2018-09-14,6125,133836,1271430,9.48,9.54,9.45,9.53,0.05,68
2018-09-17,6125,35003,334827,9.55,9.57,9.55,9.57,0.04,20
2018-09-18,6125,68125,646908,9.55,9.55,9.45,9.49,-0.08,40
2018-09-19,6125,1092603,10824800,9.55,10.1,9.45,9.8,0.31,445
2018-09-20,6125,299350,2937297,9.94,9.94,9.7,9.72,-0.08,159
2018-09-21,6125,80432,786269,9.85,9.85,9.74,9.75,0.03,60
2018-09-25,6125,71120,692156,9.75,9.75,9.72,9.73,-0.02,31
2018-09-26,6125,83408,815610,9.73,9.8,9.73,9.79,0.06,46
2018-09-27,6125,278126,2698021,9.82,9.82,9.65,9.69,-0.1,113
2018-09-28,6125,97104,938420,9.78,9.78,9.63,9.63,-0.06,55
2018-10-01,6125,434202,4199167,9.6,9.72,9.57,9.66,0.03,83
2018-10-02,6125,168100,1615070,9.75,9.75,9.55,9.75,0.09,79
2018-10-03,6125,101803,984967,9.74,9.75,9.63,9.68,-0.07,41
2018-10-04,6125,999001,10013060,10.05,10.2,9.93,9.93,0.25,337
2018-10-05,6125,224464,2205954,10.0,10.0,9.78,9.79,-0.14,97
2018-10-08,6125,231632,2237714,9.66,9.72,9.62,9.71,-0.08,98
2018-10-09,6125,191565,1836901,9.71,9.72,9.5,9.51,-0.2,87
2018-10-11,6125,981137,8482092,9.29,9.35,8.56,8.56,-0.95,283
2018-10-12,6125,315843,2730151,8.46,8.8,8.46,8.8,0.24,142
2018-10-15,6125,79258,695136,8.7,8.9,8.65,8.9,0.1,52
2018-10-16,6125,159894,1433201,8.93,9.03,8.89,8.89,-0.01,68
2018-10-17,6125,140303,1251424,9.0,9.0,8.8,8.94,0.05,63
2018-10-18,6125,86624,771157,8.9,8.95,8.85,8.95,0.01,46
2018-10-19,6125,88329,784792,8.9,8.92,8.85,8.92,-0.03,46
2018-10-22,6125,113535,1016050,8.92,9.0,8.92,9.0,0.08,45
2018-10-23,6125,147284,1317820,9.0,9.0,8.91,8.99,-0.01,54
2018-10-24,6125,126000,1126120,8.9,9.08,8.86,9.08,0.09,49
2018-10-25,6125,197454,1740154,8.95,8.95,8.71,8.79,-0.29,91
2018-10-26,6125,181093,1590525,8.85,8.85,8.68,8.83,0.04,82
2018-10-29,6125,122347,1079229,8.83,8.92,8.71,8.92,0.09,64
2018-10-30,6125,75012,669028,8.89,8.99,8.81,8.99,0.07,29
2018-10-31,6125,137002,1245048,8.99,9.16,8.99,9.1,0.11,66
2018-11-01,6125,230249,2099973,9.23,9.23,8.97,9.15,0.05,81
2018-11-02,6125,140242,1284576,9.22,9.22,9.07,9.2,0.05,63
2018-11-05,6125,76227,698187,9.08,9.23,9.08,9.23,0.03,41
2018-11-06,6125,104045,959055,9.15,9.26,9.15,9.24,0.01,46
2018-11-07,6125,104003,967507,9.24,9.33,9.24,9.33,0.09,54
2018-11-08,6125,137674,1288399,9.33,9.4,9.28,9.37,0.04,54
2018-11-09,6125,70639,660532,9.37,9.43,9.28,9.39,0.02,35
2018-11-12,6125,170295,1594182,9.31,9.44,9.31,9.39,0.0,67
2018-11-13,6125,129259,1212065,9.38,9.4,9.31,9.4,0.01,59
2018-11-14,6125,221449,2108944,9.43,9.6,9.35,9.6,0.2,99
2018-11-15,6125,146247,1415373,9.6,9.77,9.53,9.76,0.16,64
2018-11-16,6125,215008,2114262,9.75,9.94,9.72,9.94,0.18,85
2018-11-19,6125,180045,1793594,9.97,9.99,9.9,9.99,0.05,76
2018-11-20,6125,199530,1992124,9.95,10.1,9.89,10.05,0.06,88
2018-11-21,6125,244102,2449158,10.0,10.1,9.94,10.1,0.05,70
2018-11-22,6125,210295,2109600,10.0,10.1,9.96,10.05,-0.05,70
2018-11-23,6125,164001,1646620,10.05,10.1,9.92,10.05,0.0,62
2018-11-26,6125,162400,1620211,10.0,10.0,9.94,9.98,-0.07,64
2018-11-27,6125,197651,1968917,9.97,9.98,9.92,9.98,0.0,66
2018-11-28,6125,230409,2283349,9.96,9.96,9.86,9.92,-0.06,88
2018-11-29,6125,312331,3073974,9.9,9.92,9.78,9.78,-0.14,112
2018-11-30,6125,141362,1378216,9.61,9.84,9.61,9.79,0.01,68
2018-12-03,6125,140671,1387339,9.85,9.97,9.73,9.88,0.09,55
2018-12-04,6125,69080,681104,9.9,9.93,9.81,9.82,-0.06,40
2018-12-05,6125,154046,1473830,9.8,9.8,9.54,9.6,-0.22,82
2018-12-06,6125,140201,1328945,9.6,9.7,9.41,9.41,-0.19,59
2018-12-07,6125,148195,1397592,9.58,9.58,9.4,9.48,0.07,38
2018-12-10,6125,46426,435284,9.4,9.41,9.32,9.4,-0.08,21
2018-12-11,6125,135012,1259251,9.47,9.47,9.3,9.3,-0.1,50
2018-12-12,6125,35003,326237,9.43,9.43,9.25,9.37,0.07,15
2018-12-13,6125,141000,1314120,9.48,9.48,9.3,9.32,-0.05,49
2018-12-14,6125,205443,1883304,9.33,9.33,9.1,9.23,-0.09,93
2018-12-17,6125,38825,353852,9.22,9.22,9.07,9.1,-0.13,34
2018-12-18,6125,161601,1459670,9.1,9.2,8.99,8.99,-0.11,78
2018-12-19,6125,87025,784325,9.1,9.1,9.0,9.0,0.01,51
2018-12-20,6125,102973,918991,9.0,9.0,8.85,8.86,-0.14,34
2018-12-21,6125,96383,855830,8.86,8.89,8.86,8.88,0.02,36
2018-12-22,6125,34724,312306,9.14,9.14,8.9,9.05,0.17,22
2018-12-24,6125,24430,219970,9.04,9.06,8.94,9.0,-0.05,22
2018-12-25,6125,51060,456285,9.0,9.0,8.86,9.0,0.0,27
2018-12-26,6125,54027,484733,9.12,9.12,8.88,9.04,0.04,29
2018-12-27,6125,138301,1242529,8.9,9.13,8.9,9.04,0.0,83
2018-12-28,6125,80442,727100,9.08,9.09,8.98,9.0,-0.04,34
2019-01-02,6125,57465,519683,9.1,9.1,8.94,8.94,-0.06,34
2019-01-03,6125,62001,555159,9.09,9.09,8.9,8.94,0.0,30
2019-01-04,6125,25052,221553,8.94,8.94,8.8,8.88,-0.06,18
2019-01-07,6125,32837,294583,9.05,9.05,8.89,9.0,0.12,22
2019-01-08,6125,53100,476255,9.03,9.03,8.92,8.92,-0.08,25
2019-01-09,6125,70274,629660,9.0,9.0,8.91,8.92,0.0,52
2019-01-10,6125,58548,521859,8.92,8.99,8.87,8.92,0.0,45
2019-01-11,6125,122461,1085039,8.95,8.95,8.82,8.82,-0.1,56
2019-01-14,6125,321394,2955328,9.5,9.5,9.04,9.06,0.24,146
2019-01-15,6125,279524,2605975,9.12,9.49,9.06,9.4,0.34,154
2019-01-16,6125,1077865,10483971,9.63,9.93,9.4,9.93,0.53,457
2019-01-17,6125,952506,9375691,9.93,10.0,9.7,9.74,-0.19,333
2019-01-18,6125,453498,4501617,9.83,10.05,9.75,9.86,0.12,189
2019-01-21,6125,178815,1745155,9.89,9.89,9.7,9.71,-0.15,92
2019-01-22,6125,105664,1018780,9.69,9.7,9.58,9.62,-0.09,69
2019-01-23,6125,81394,786347,9.62,9.73,9.62,9.68,0.06,46
2019-01-24,6125,69340,672282,9.73,9.78,9.65,9.71,0.03,42
2019-01-25,6125,120105,1169669,9.78,9.79,9.71,9.74,0.03,55
2019-01-28,6125,574516,5673677,9.68,9.96,9.68,9.92,0.18,254
2019-01-29,6125,717958,7119658,9.9,9.99,9.8,9.8,-0.12,288
2019-01-30,6125,125227,1230164,9.89,9.89,9.78,9.87,0.07,67
2019-02-11,6125,97864,956396,9.7,9.83,9.7,9.8,-0.07,94
2019-02-12,6125,92022,903786,9.86,9.9,9.76,9.8,0.0,70
2019-02-13,6125,74042,723923,9.94,9.94,9.74,9.81,0.01,45
2019-02-14,6125,131322,1280532,9.84,9.84,9.72,9.73,-0.08,85
2019-02-15,6125,164370,1588510,9.64,9.73,9.6,9.67,-0.06,87
2019-02-18,6125,58265,562848,9.79,9.79,9.62,9.62,-0.05,51
2019-02-19,6125,65660,630873,9.62,9.69,9.56,9.57,-0.05,58
2019-02-20,6125,53493,511546,9.53,9.58,9.53,9.56,-0.01,42
2019-02-21,6125,105452,1011193,9.65,9.65,9.52,9.59,0.03,67
2019-02-22,6125,161693,1538456,9.52,9.6,9.48,9.5,-0.09,94
2019-02-25,6125,302697,2866296,9.5,9.6,9.41,9.48,-0.02,134
2019-02-26,6125,89516,851402,9.55,9.55,9.48,9.55,0.07,63
2019-02-27,6125,115017,1090886,9.58,9.58,9.45,9.53,-0.02,60
2019-03-04,6125,85633,816198,9.53,9.57,9.5,9.53,0.0,76
2019-03-05,6125,386737,3728106,9.5,9.86,9.5,9.77,0.24,171
2019-03-06,6125,181288,1772501,9.66,9.83,9.66,9.78,0.01,91
2019-03-07,6125,189109,1839187,9.78,9.82,9.63,9.78,0.0,83
2019-03-08,6125,189576,1816798,9.65,9.68,9.51,9.63,-0.15,88
2019-03-11,6125,154863,1484932,9.63,9.68,9.56,9.6,-0.03,101
2019-03-12,6125,216587,2086316,9.69,9.7,9.59,9.68,0.08,105
2019-03-13,6125,143058,1373821,9.6,9.66,9.58,9.64,-0.04,81
2019-03-14,6125,124091,1188626,9.54,9.62,9.54,9.62,-0.02,67
2019-03-15,6125,208316,2012173,9.67,9.78,9.57,9.75,0.13,87
2019-03-18,6125,2767480,28876400,10.5,10.7,10.05,10.05,0.3,1109
2019-03-19,6125,550572,5559419,10.1,10.2,10.0,10.15,0.1,248
2019-03-20,6125,468547,4738912,10.15,10.25,10.05,10.25,0.1,213
2019-03-21,6125,415477,4196259,10.25,10.25,10.05,10.15,-0.1,144
2019-03-22,6125,1822479,19037713,10.2,10.75,10.1,10.65,0.5,606
2019-03-25,6125,6446179,71674607,10.45,11.6,10.45,11.4,0.75,1924
2019-03-26,6125,5707715,66037443,11.55,12.15,11.05,11.35,-0.05,1735
2019-03-27,6125,2136616,24551420,11.4,11.6,11.35,11.6,0.25,609
2019-03-28,6125,3275263,38950018,11.7,12.1,11.65,11.85,0.25,1009
2019-03-29,6125,1820521,21303027,11.85,11.9,11.55,11.75,-0.1,579
2019-04-01,6125,2385402,28219142,11.8,12.05,11.65,11.65,-0.1,601
2019-04-02,6125,2011497,23246252,11.65,11.8,11.25,11.4,-0.25,518
2019-04-03,6125,925270,10591007,11.6,11.6,11.4,11.5,0.1,249
2019-04-08,6125,924623,10648734,11.5,11.7,11.35,11.5,0.0,252
2019-04-09,6125,845285,9775811,11.5,11.75,11.45,11.55,0.05,244
2019-04-10,6125,1457394,17136669,11.6,11.9,11.6,11.85,0.3,384
2019-04-11,6125,11847147,151139661,11.95,13.0,11.9,13.0,1.15,3066
2019-04-12,6125,15603999,213521965,13.4,14.25,13.05,14.15,1.15,5017
2019-04-15,6125,16473886,243690190,14.5,15.2,14.3,15.1,0.95,4672
2019-04-16,6125,9463572,140799988,15.2,15.4,14.45,14.9,-0.2,2926
2019-04-17,6125,4800180,71225034,14.75,15.2,14.55,14.9,0.0,1444
2019-04-18,6125,2449717,40052849,16.35,16.35,16.35,16.35,1.45,735
2019-04-19,6125,13572266,220681222,17.0,17.0,15.6,16.2,-0.15,4499
2019-04-22,6125,3506665,56302554,16.55,16.55,15.85,15.95,-0.25,1310
2019-04-23,6125,9990022,146723338,15.7,15.75,14.4,14.45,-1.5,2838
2019-04-24,6125,3587785,50899272,14.35,14.65,13.85,14.1,-0.35,1194
2019-04-25,6125,4511855,66159557,14.4,15.0,14.2,14.4,0.3,1612
2019-04-26,6125,1758478,25306861,14.5,14.7,14.15,14.2,-0.2,713
2019-04-29,6125,1962556,27731884,14.45,14.45,13.9,14.05,-0.15,654
2019-04-30,6125,2454555,35162260,14.25,14.65,14.05,14.35,0.3,815
2019-05-02,6125,1231587,17595490,14.35,14.4,14.2,14.35,0.0,386
2019-05-03,6125,1790415,25924303,14.4,14.7,14.3,14.35,0.0,585
2019-05-06,6125,1321103,18558434,14.2,14.2,13.8,13.95,-0.4,384
2019-05-07,6125,2098660,29458587,14.0,14.15,13.9,13.95,0.0,544
2019-05-08,6125,5687134,83745886,14.15,15.05,14.0,14.95,1.0,2213
2019-05-09,6125,5746345,85855282,14.95,15.35,14.5,14.65,-0.3,1979
2019-05-10,6125,2823607,41016706,14.65,14.95,14.1,14.4,-0.25,987
2019-05-13,6125,2617577,36746911,14.4,14.65,13.85,13.9,-0.5,852
2019-05-14,6125,2492056,34091867,13.75,14.15,13.45,13.8,-0.1,783
2019-05-15,6125,2216100,30503258,13.9,14.15,13.6,13.6,-0.2,693
2019-05-16,6125,1051101,14338963,13.65,13.9,13.5,13.55,-0.05,362
2019-05-17,6125,1026948,13860157,13.65,13.8,13.35,13.4,-0.15,396
2019-05-20,6125,1858800,24472000,13.4,13.5,12.95,13.1,-0.3,612
2019-05-21,6125,1637318,21732728,13.0,13.6,12.9,13.4,0.3,533
2019-05-22,6125,601672,8069385,13.35,13.55,13.25,13.4,0.0,206
2019-05-23,6125,899727,11896651,13.3,13.5,13.1,13.1,-0.3,285
2019-05-24,6125,1012001,13445661,13.1,13.45,13.1,13.15,0.05,269
2019-05-27,6125,811955,10714408,13.1,13.3,13.1,13.2,0.05,229
2019-05-28,6125,1345316,18019364,13.3,13.6,13.2,13.55,0.35,343
2019-05-29,6125,1231951,16937724,13.5,13.95,13.4,13.75,0.2,409
2019-05-30,6125,2509500,35572249,13.9,14.5,13.9,14.1,0.35,894
2019-05-31,6125,743865,10524095,14.2,14.3,14.0,14.25,0.15,334
2019-06-03,6125,512494,7194866,14.2,14.2,13.95,14.05,-0.2,167
2019-06-04,6125,515496,7159393,14.2,14.2,13.8,13.8,-0.25,188
2019-06-05,6125,256471,3553719,13.95,14.0,13.8,13.85,0.05,127
2019-06-06,6125,353835,4896013,13.85,13.95,13.75,13.85,0.0,134
2019-06-10,6125,638301,8870998,13.95,14.0,13.85,13.85,0.0,196
2019-06-11,6125,497249,6893196,13.95,13.95,13.8,13.85,0.0,160
2019-06-12,6125,665981,9236433,13.95,13.95,13.8,13.9,0.05,201
2019-06-13,6125,6047993,88657936,13.9,15.0,13.85,14.9,1.0,2262
2019-06-14,6125,2404510,35547294,14.75,14.95,14.6,14.75,-0.15,803
2019-06-17,6125,1989105,29749382,14.85,15.15,14.75,14.75,0.0,787
2019-06-18,6125,1074211,15711057,14.85,14.9,14.5,14.55,-0.2,370
2019-06-19,6125,788500,11632398,14.8,14.9,14.65,14.75,0.2,306
2019-06-20,6125,698719,10335268,14.9,14.9,14.7,14.8,0.05,279
2019-06-21,6125,2327891,34910785,14.9,15.2,14.8,14.9,0.1,802
2019-06-24,6125,840829,12550558,15.05,15.1,14.75,14.95,0.05,255
2019-06-25,6125,1235640,18368755,15.0,15.1,14.75,14.8,-0.15,400
2019-06-26,6125,755964,11171063,14.85,14.9,14.7,14.9,0.1,256
2019-06-27,6125,669000,9927600,14.95,14.95,14.75,14.85,-0.05,207
2019-06-28,6125,812784,12017772,14.9,14.9,14.75,14.8,-0.05,233
2019-07-01,6125,957421,14152537,14.9,14.9,14.7,14.75,-0.05,305
2019-07-02,6125,925063,13693175,14.9,14.9,14.75,14.75,0.0,298
2019-07-03,6125,656500,9710797,14.8,14.9,14.75,14.85,0.1,220
2019-07-04,6125,7334083,114778641,14.9,15.95,14.9,15.7,0.85,2695
2019-07-05,6125,4521160,71010027,15.9,16.15,15.4,15.65,-0.05,1616
2019-07-08,6125,1635261,25241781,15.65,15.65,15.25,15.5,-0.15,581
2019-07-09,6125,2423200,36504940,15.65,15.65,14.9,14.95,-0.55,854
2019-07-10,6125,833287,12431176,14.9,15.0,14.85,14.95,0.0,307
2019-07-11,6125,687126,10219860,15.05,15.05,14.8,14.85,-0.1,329
2019-07-12,6125,934080,13786478,14.9,14.9,14.65,14.85,0.0,302
2019-07-15,6125,678600,10165800,14.85,15.2,14.75,15.05,0.2,280
2019-07-16,6125,845472,12771104,15.15,15.3,15.0,15.0,-0.05,300
2019-07-17,6125,1872521,28464766,14.95,15.5,14.95,15.15,0.15,544
2019-07-18,6125,1391102,20873872,15.2,15.2,14.95,14.95,-0.2,351
2019-07-19,6125,1257832,18673970,15.0,15.0,14.75,14.8,-0.15,427
2019-07-22,6125,2207146,32758403,14.9,15.05,14.75,14.85,0.05,510
2019-07-23,6125,2164165,32084155,14.9,14.9,14.75,14.9,0.05,492
2019-07-24,6125,3391528,50074360,14.6,14.95,14.55,14.9,0.0,956
2019-07-25,6125,5249375,79076897,15.1,15.3,14.9,14.9,0.0,1744
2019-07-26,6125,4508100,65017367,14.8,14.8,14.2,14.2,-0.7,1389
2019-07-29,6125,1411252,20105962,14.25,14.4,14.15,14.25,0.05,425
2019-07-30,6125,1384281,19683888,14.4,14.4,14.05,14.3,0.05,379
2019-07-31,6125,1278254,18057716,14.3,14.3,14.05,14.05,-0.25,367
2019-08-01,6125,952195,13326399,14.05,14.15,13.85,14.15,0.1,346
2019-08-02,6125,925201,12867423,14.0,14.05,13.85,13.9,-0.25,337
2019-08-05,6125,367501,5109209,13.8,13.95,13.8,13.95,0.05,159
2019-08-06,6125,1710308,23223787,13.8,13.95,13.3,13.95,0.0,565
2019-08-07,6125,450532,6271893,13.85,14.0,13.85,13.9,-0.05,167
2019-08-08,6125,703650,9949413,14.0,14.3,13.9,14.15,0.25,270
2019-08-12,6125,2069030,29826030,14.2,14.8,14.1,14.55,0.4,605
2019-08-13,6125,2756811,40592197,14.5,14.9,14.4,14.9,0.35,829
2019-08-14,6125,8055628,113840408,14.55,14.55,13.55,13.85,-1.05,2715
2019-08-15,6125,5169951,72953257,13.7,14.35,13.6,14.0,0.15,1934
2019-08-16,6125,2873265,40036894,14.1,14.15,13.75,13.9,-0.1,978
2019-08-19,6125,1543529,21550456,14.1,14.1,13.85,14.0,0.1,500
2019-08-20,6125,9008711,130844438,14.0,14.75,14.0,14.45,0.45,3092
2019-08-21,6125,16058376,253674103,15.35,15.85,15.35,15.85,1.4,3484
2019-08-22,6125,37999909,613684390,16.4,16.5,15.7,15.9,0.05,10765
2019-08-23,6125,7089543,110732717,15.8,15.8,15.5,15.55,-0.35,2391
2019-08-26,6125,8579900,134004332,15.15,15.85,15.15,15.6,0.05,2875
2019-08-27,6125,3502927,54654305,15.6,15.8,15.5,15.6,0.0,1338
2019-08-28,6125,3441250,52914997,15.6,15.7,15.2,15.3,-0.3,1335
2019-08-29,6125,2319900,35529974,15.45,15.5,15.2,15.25,-0.05,930
2019-08-30,6125,10856009,171443278,15.4,16.1,15.4,15.7,0.45,3551
2019-09-02,6125,3514528,55503148,15.7,15.95,15.7,15.9,0.2,1287
2019-09-03,6125,4853061,75930863,15.85,15.9,15.4,15.7,-0.2,1677
2019-09-04,6125,7420112,118260376,15.85,16.15,15.75,15.9,0.2,2562
2019-09-05,6125,3711305,58876848,15.95,16.05,15.75,15.75,-0.15,1284
2019-09-06,6125,2146913,33713082,15.8,15.85,15.6,15.75,0.0,813
2019-09-09,6125,1968316,30876744,15.85,15.9,15.6,15.65,-0.1,620
2019-09-10,6125,3200291,49449030,15.75,15.75,15.25,15.35,-0.3,1109
2019-09-11,6125,1629693,25258096,15.4,15.65,15.35,15.65,0.3,627
2019-09-12,6125,13171592,211934347,16.05,16.35,15.9,15.95,0.3,4217
2019-09-16,6125,2012146,31762420,15.9,15.9,15.7,15.8,-0.15,797
2019-09-17,6125,1538626,24176826,15.8,15.85,15.65,15.65,-0.15,505
2019-09-18,6125,2542147,39417217,15.7,15.7,15.4,15.45,-0.2,916
2019-09-19,6125,1471682,22607284,15.45,15.5,15.3,15.35,-0.1,546
2019-09-20,6125,1335905,20663074,15.3,15.6,15.3,15.55,0.2,477
2019-09-23,6125,1684628,25970020,15.5,15.6,15.35,15.4,-0.15,602
2019-09-24,6125,923200,14265449,15.45,15.55,15.4,15.4,0.0,379
2019-09-25,6125,1095157,16758400,15.4,15.4,15.25,15.3,-0.1,395
2019-09-26,6125,1310710,19964804,15.3,15.4,15.1,15.15,-0.15,466
2019-09-27,6125,3123551,46164374,15.2,15.2,14.55,14.7,-0.45,1049
2019-10-01,6125,1033305,15283981,14.8,14.9,14.7,14.75,0.05,409
2019-10-02,6125,808300,11855073,14.7,14.8,14.6,14.65,-0.1,288
2019-10-03,6125,1117179,16197845,14.6,14.6,14.4,14.5,-0.15,393
2019-10-04,6125,728440,10590085,14.65,14.7,14.45,14.5,0.0,303
2019-10-07,6125,2151640,32053420,14.6,15.05,14.6,14.9,0.4,830
2019-10-08,6125,1897948,28565225,15.1,15.2,14.95,14.95,0.05,694
2019-10-09,6125,874404,13086179,15.0,15.1,14.85,15.05,0.1,345
2019-10-14,6125,3186862,49157427,15.5,15.55,15.3,15.35,0.3,1108
2019-10-15,6125,3954309,61496258,15.45,15.7,15.4,15.5,0.15,1370
2019-10-16,6125,1754776,27198897,15.65,15.7,15.35,15.5,0.0,578
2019-10-17,6125,3152357,49555582,15.7,15.95,15.6,15.65,0.15,1200
2019-10-18,6125,1701030,26501061,15.65,15.7,15.5,15.65,0.0,609
2019-10-21,6125,5032568,79316561,15.8,15.9,15.65,15.75,0.1,1876
2019-10-22,6125,1661803,26105274,15.7,15.8,15.6,15.65,-0.1,651
2019-10-23,6125,1859260,29039364,15.75,15.8,15.5,15.5,-0.15,582
2019-10-24,6125,1384207,21505556,15.6,15.65,15.5,15.5,0.0,416
2019-10-25,6125,5777700,91360424,15.65,16.0,15.55,15.75,0.25,2040
2019-10-28,6125,1551571,24435731,15.9,15.9,15.65,15.7,-0.05,579
2019-10-29,6125,1942925,30256784,15.75,15.8,15.45,15.45,-0.25,723
2019-10-30,6125,805211,12482278,15.45,15.55,15.45,15.55,0.1,308
2019-10-31,6125,989515,15407478,15.65,15.7,15.5,15.5,-0.05,361
2019-11-01,6125,655259,10133285,15.5,15.5,15.4,15.5,0.0,283
2019-11-04,6125,1210766,18793258,15.5,15.6,15.45,15.6,0.1,442
2019-11-05,6125,17321606,280327642,15.65,16.7,15.65,16.25,0.65,6067
2019-11-06,6125,6000622,97442890,16.4,16.5,16.0,16.2,-0.05,2296
2019-11-07,6125,4489942,71252085,16.0,16.1,15.7,15.7,-0.5,1474
2019-11-08,6125,1801125,28216946,15.8,15.85,15.6,15.6,-0.1,648
2019-11-11,6125,3146228,47595029,15.5,15.5,15.0,15.05,-0.55,1270
2019-11-12,6125,897551,13613234,15.15,15.25,15.05,15.2,0.15,402
2019-11-13,6125,1193500,18039797,15.1,15.2,15.05,15.1,-0.1,417
2019-11-14,6125,1888842,28171458,15.1,15.15,14.8,14.9,-0.2,732
2019-11-15,6125,1021840,15378103,14.9,15.15,14.9,15.05,0.15,421
2019-11-18,6125,1269987,18947605,15.05,15.05,14.85,14.9,-0.15,588
2019-11-19,6125,696682,10413180,14.95,15.0,14.85,15.0,0.1,281
2019-11-20,6125,1277554,18947547,15.0,15.05,14.75,14.75,-0.25,528
2019-11-21,6125,1182318,17441038,14.7,14.9,14.6,14.85,0.1,404
2019-11-22,6125,1133217,16882482,14.85,15.05,14.75,15.0,0.15,365
2019-11-25,6125,708891,10639665,15.0,15.05,14.95,15.05,0.05,258
2019-11-26,6125,2369705,35947375,15.25,15.3,15.1,15.1,0.05,862
2019-11-27,6125,425252,6419230,15.15,15.15,15.05,15.1,0.0,195
2019-11-28,6125,495534,7454810,15.15,15.15,15.0,15.0,-0.1,199
2019-11-29,6125,579819,8666007,15.0,15.1,14.9,14.9,-0.1,222
2019-12-02,6125,1008769,14892251,14.9,15.0,14.7,14.7,-0.2,427
2019-12-03,6125,603130,8901308,14.7,14.85,14.7,14.75,0.05,340
2019-12-04,6125,941658,13793554,14.7,14.8,14.55,14.65,-0.1,411
2019-12-05,6125,680481,10019219,14.7,14.8,14.7,14.7,0.05,273
2019-12-06,6125,446003,6609989,14.85,14.9,14.75,14.75,0.05,239
2019-12-09,6125,583830,8622340,14.8,14.85,14.75,14.75,0.0,244
2019-12-10,6125,1517400,22639174,14.85,15.05,14.7,14.95,0.2,420
2019-12-11,6125,388664,5789075,14.95,15.0,14.85,14.9,-0.05,202
2019-12-12,6125,539736,8019190,14.9,14.95,14.8,14.8,-0.1,221
2019-12-13,6125,642065,9527556,14.9,14.95,14.75,14.75,-0.05,262
2019-12-16,6125,665162,9827029,14.8,14.85,14.75,14.75,0.0,246
2019-12-17,6125,530965,7864577,14.85,14.85,14.75,14.85,0.1,219
2019-12-18,6125,393682,5844241,14.85,14.9,14.8,14.85,0.0,189
2019-12-19,6125,1880374,28323910,14.95,15.15,14.9,15.05,0.2,681
2019-12-20,6125,848778,12806635,15.15,15.25,14.95,15.05,0.0,390
2019-12-23,6125,584549,8724548,14.95,15.0,14.9,14.9,-0.15,214
2019-12-24,6125,369931,5499215,14.9,14.9,14.85,14.9,0.0,157
2019-12-25,6125,397019,5931179,14.9,15.0,14.9,14.9,0.0,162
2019-12-26,6125,575556,8625153,14.95,15.05,14.95,14.95,0.05,208
2019-12-27,6125,1112091,16727058,15.1,15.15,14.9,14.95,0.0,353
2019-12-30,6125,10899891,172922069,15.9,16.0,15.7,15.85,0.9,3676
2019-12-31,6125,3885615,61865939,15.9,16.1,15.75,15.85,0.0,1417
2020-01-02,6125,7914462,128344634,15.9,16.4,15.9,16.2,0.35,2713
2020-01-03,6125,3784134,60361871,16.3,16.35,15.75,15.95,-0.25,1269
2020-01-06,6125,2283908,35589463,15.8,15.8,15.45,15.55,-0.4,656
2020-01-07,6125,6533731,103685352,15.75,16.15,15.6,16.05,0.5,2201
2020-01-08,6125,4443987,71058887,15.75,16.2,15.75,15.9,-0.15,1511
2020-01-09,6125,3293269,52864486,16.1,16.2,15.9,16.0,0.1,1134
2020-01-10,6125,8650816,142114914,16.2,16.75,16.15,16.3,0.3,3175
2020-01-13,6125,9109159,152673999,16.3,17.0,16.3,16.75,0.45,3014
2020-01-14,6125,4769188,79461087,16.85,16.95,16.5,16.55,-0.2,1550
2020-01-15,6125,2703460,45062659,16.65,16.8,16.55,16.6,0.05,940
2020-01-16,6125,2114515,35307271,16.6,16.8,16.6,16.75,0.15,777
2020-01-17,6125,6156583,105211872,16.9,17.35,16.85,16.95,0.2,2331
2020-01-20,6125,4613948,79291505,17.1,17.35,17.05,17.15,0.2,1611
2020-01-30,6125,5847442,91450421,15.95,16.0,15.45,15.45,-1.7,1960
2020-01-31,6125,4467282,70134922,15.8,16.15,15.0,15.7,0.25,1548
2020-02-03,6125,2613514,39996885,15.15,15.8,15.0,15.8,0.1,1030
2020-02-04,6125,2091720,33159259,16.0,16.05,15.75,15.75,-0.05,758
2020-02-05,6125,2124808,33186376,15.85,15.85,15.5,15.5,-0.25,719
2020-02-06,6125,3096893,49264284,15.6,16.1,15.55,15.95,0.45,1167
2020-02-07,6125,2441322,38564221,16.05,16.05,15.6,15.6,-0.35,885
2020-02-10,6125,1860657,29079687,15.35,15.95,15.25,15.7,0.1,819
2020-02-11,6125,1434546,22634882,15.75,15.95,15.7,15.8,0.1,560
2020-02-12,6125,2045357,32286465,15.85,15.95,15.7,15.75,-0.05,603
2020-02-13,6125,1419173,22385337,15.85,15.85,15.65,15.7,-0.05,477
2020-02-14,6125,11016315,183375277,15.8,16.95,15.75,16.75,1.05,3704
2020-02-17,6125,10060692,171665323,16.85,17.3,16.8,17.2,0.45,3516
2020-02-18,6125,9869523,171572037,17.05,17.65,17.05,17.2,0.0,3612
2020-02-19,6125,5274965,89963246,17.35,17.35,16.7,17.1,-0.1,2010
2020-02-20,6125,8927137,157057172,17.5,17.95,17.3,17.5,0.4,3079
2020-02-21,6125,4341969,74165009,17.5,17.55,16.85,16.9,-0.6,1782
2020-02-24,6125,3297816,54889285,16.75,16.9,16.4,16.7,-0.2,1336
2020-02-25,6125,2846496,47561823,16.35,16.9,16.35,16.8,0.1,951
2020-02-26,6125,3282777,55102226,16.75,17.05,16.65,16.65,-0.15,1263
2020-02-27,6125,5589333,90579324,16.8,16.8,15.7,15.75,-0.9,1930
2020-03-02,6125,5104531,81012595,15.2,16.35,15.15,15.9,0.15,1873
2020-03-03,6125,1999136,32296443,16.2,16.3,16.0,16.1,0.2,818
2020-03-04,6125,11291520,188617722,16.25,17.15,16.1,17.0,0.9,4335
2020-03-05,6125,8303119,141759398,17.0,17.3,16.8,16.95,-0.05,2941
2020-03-06,6125,2716162,45412889,16.8,16.8,16.6,16.75,-0.2,1016
2020-03-09,6125,4952064,81433224,16.65,17.05,15.9,15.95,-0.8,1998
2020-03-10,6125,3510599,56411716,15.65,16.4,15.65,16.4,0.45,1234
2020-03-11,6125,2343676,37956132,16.5,16.55,15.85,15.95,-0.45,964
2020-03-12,6125,5303129,80990198,15.7,15.8,14.8,15.15,-0.8,1899
2020-03-13,6125,6404332,88564838,14.0,14.25,13.65,14.1,-1.05,1899
2020-03-16,6125,3802014,54791838,14.5,14.95,14.1,14.35,0.25,1630
2020-03-17,6125,3046171,43797299,14.1,14.7,13.7,14.4,0.05,1091
2020-03-18,6125,2456976,35415958,14.7,14.7,14.15,14.15,-0.25,825
2020-03-19,6125,5016931,65430159,13.85,13.9,12.75,12.75,-1.4,1525
2020-03-20,6125,4517201,61856357,13.45,14.0,13.2,13.75,1.0,1403
2020-03-23,6125,2940992,37587346,12.8,12.95,12.4,12.8,-0.95,1307
2020-03-24,6125,4105135,56576782,13.3,14.0,13.25,14.0,1.2,1672
2020-03-25,6125,3761148,53823299,14.4,14.6,13.9,14.05,0.05,1383
2020-03-26,6125,1509540,21125760,14.2,14.2,13.8,14.05,0.0,620
2020-03-27,6125,2310599,32666468,14.25,14.45,14.0,14.1,0.05,809
2020-03-30,6125,1199200,16578786,13.9,14.05,13.7,13.95,-0.15,533
2020-03-31,6125,1859512,26102541,14.15,14.2,13.85,13.95,0.0,704
2020-04-01,6125,2495999,35486218,14.0,14.5,13.9,14.5,0.55,922
2020-04-06,6125,1964444,28186984,14.5,14.55,14.25,14.3,-0.2,722
2020-04-07,6125,2485760,36294863,14.45,14.8,14.35,14.6,0.3,863
2020-04-08,6125,2650945,38237000,14.3,14.6,14.2,14.5,-0.1,935
2020-04-09,6125,1633388,23831171,14.6,14.85,14.35,14.5,0.0,667
2020-04-10,6125,1044966,15115082,14.5,14.6,14.35,14.5,0.0,391
2020-04-13,6125,1022665,14765403,14.5,14.55,14.35,14.35,-0.15,394
2020-04-14,6125,1747325,25579293,14.5,14.8,14.45,14.55,0.2,683
2020-04-15,6125,2171972,32007564,14.75,14.85,14.6,14.75,0.2,741
2020-04-16,6125,1809442,26415068,14.6,14.75,14.5,14.6,-0.15,635
2020-04-17,6125,6981329,106362213,14.95,15.65,14.75,15.0,0.4,2595
2020-04-20,6125,1688875,25139728,15.1,15.1,14.8,14.85,-0.15,630
2020-04-21,6125,1869250,27389679,14.9,15.15,14.4,14.45,-0.4,739
2020-04-22,6125,1125181,16155049,14.4,14.55,14.1,14.4,-0.05,495
2020-04-23,6125,1105126,16074212,14.5,14.7,14.45,14.5,0.1,404
2020-04-24,6125,1097307,15978382,14.5,14.65,14.5,14.6,0.1,350
2020-04-27,6125,1876423,27932199,14.7,15.05,14.65,15.0,0.4,688
2020-04-28,6125,3169770,48673156,15.2,15.5,15.15,15.5,0.5,1129
2020-04-29,6125,3034104,47128189,15.8,15.85,15.3,15.35,-0.15,1049
2020-04-30,6125,2419757,37025941,15.5,15.5,15.2,15.35,0.0,783
2020-05-04,6125,1463108,22206289,15.15,15.3,15.0,15.3,-0.05,459
2020-05-05,6125,1764804,27238377,15.45,15.6,15.3,15.45,0.15,587
2020-05-06,6125,14200494,235049359,15.55,16.95,15.4,16.95,1.5,5332
2020-05-07,6125,11928882,204047380,17.4,17.4,16.45,17.4,0.45,5134
2020-05-08,6125,7283500,125425047,17.55,17.75,16.9,17.3,-0.1,2934
2020-05-11,6125,13322596,237085375,17.95,18.3,17.4,17.5,0.2,4728
2020-05-12,6125,7798878,130633840,17.2,17.2,16.5,16.75,-0.75,3464
2020-05-13,6125,13213080,228559424,16.75,17.6,16.65,17.35,0.6,5424
2020-05-14,6125,3984217,68301481,17.25,17.35,17.0,17.05,-0.3,1655
2020-05-15,6125,3683548,62190807,17.25,17.3,16.6,16.85,-0.2,1467
2020-05-18,6125,3723839,63266198,16.85,17.15,16.75,16.85,0.0,1519
2020-05-19,6125,1811855,30649392,17.0,17.05,16.85,16.85,0.0,769
2020-05-20,6125,1974798,33084873,16.85,16.95,16.65,16.8,-0.05,869
2020-05-21,6125,2278299,38440483,16.8,16.95,16.75,16.85,0.05,912
2020-05-22,6125,2668500,45204696,16.95,17.1,16.75,16.8,-0.05,1028
2020-05-25,6125,2329462,39514670,16.9,17.15,16.75,17.1,0.3,929
2020-05-26,6125,7923131,138221986,17.45,17.6,17.2,17.2,0.1,3047
2020-05-27,6125,1941041,33270546,17.2,17.3,17.0,17.15,-0.05,891
2020-05-28,6125,1933930,32941014,17.15,17.25,16.9,16.9,-0.25,851
2020-05-29,6125,9036797,157644273,17.05,17.65,16.95,17.35,0.45,3519
2020-06-01,6125,2539051,44120780,17.4,17.5,17.3,17.3,-0.05,1076
2020-06-02,6125,1526830,26449956,17.5,17.5,17.25,17.3,0.0,695
2020-06-03,6125,2360373,41076115,17.35,17.5,17.35,17.45,0.15,881
2020-06-04,6125,2074366,36020544,17.5,17.5,17.25,17.35,-0.1,813
2020-06-05,6125,3973093,69812229,17.4,17.8,17.4,17.55,0.2,1496
2020-06-08,6125,12629318,226665112,17.85,18.2,17.7,17.85,0.3,4481
2020-06-09,6125,3060890,54182116,17.9,17.95,17.55,17.55,-0.3,1261
2020-06-10,6125,2301956,40156328,17.55,17.6,17.35,17.35,-0.2,1032
2020-06-11,6125,3422580,58530275,17.4,17.5,16.85,16.85,-0.5,1469
2020-06-12,6125,2819798,46621316,16.5,16.75,16.1,16.7,-0.15,1122
2020-06-15,6125,1568958,26591776,17.0,17.05,16.8,16.95,0.25,657
2020-06-16,6125,1946925,33425865,17.15,17.3,17.05,17.1,0.15,780
2020-06-17,6125,1173664,20129501,17.2,17.25,17.1,17.1,0.0,456
2020-06-18,6125,1513471,26049765,17.15,17.35,17.1,17.25,0.15,581
2020-06-19,6125,2129916,37094836,17.35,17.55,17.3,17.35,0.1,880
2020-06-22,6125,1958687,34140531,17.5,17.6,17.35,17.35,0.0,709
2020-06-23,6125,2191325,37901169,17.55,17.55,17.15,17.15,-0.2,780
2020-06-24,6125,9454534,167108018,17.35,17.9,17.25,17.65,0.5,3568
2020-06-29,6125,3224049,57070459,17.5,17.85,17.35,17.8,0.15,1321
2020-06-30,6125,6488923,117164302,17.9,18.25,17.9,18.05,0.25,2266
2020-07-01,6125,4491326,81739359,18.25,18.3,18.1,18.1,0.05,1559
2020-07-02,6125,5089116,93209611,18.25,18.45,18.2,18.35,0.25,1698
2020-07-03,6125,7367226,138967539,18.6,19.05,18.55,18.8,0.45,2691
2020-07-06,6125,8710828,168082604,19.15,19.45,19.05,19.4,0.6,2971
2020-07-07,6125,8369670,159437886,19.45,19.55,18.7,18.95,-0.45,3009
2020-07-08,6125,7124465,134993077,18.95,19.1,18.85,18.9,-0.05,2106
2020-07-09,6125,11432839,213932682,19.0,19.0,18.55,18.65,-0.25,3832
2020-07-10,6125,9250612,154794585,16.65,17.2,16.6,16.6,0.0,2504
2020-07-13,6125,4647939,75824047,16.65,16.75,16.05,16.35,-0.25,1654
2020-07-14,6125,4482434,71120944,16.35,16.35,15.7,15.7,-0.65,1617
2020-07-15,6125,3837185,60227148,15.7,16.0,15.35,15.7,0.0,1297
2020-07-16,6125,3591336,56877226,15.7,16.1,15.5,16.1,0.4,1072
2020-07-17,6125,2930864,46138419,16.05,16.1,15.5,15.5,-0.6,936
2020-07-20,6125,1754200,27540798,15.8,15.9,15.45,15.75,0.25,576
2020-07-21,6125,1397090,22131902,15.75,16.0,15.7,15.75,0.0,482
2020-07-22,6125,7048091,115712555,15.9,16.75,15.85,16.7,0.95,2163
2020-07-23,6125,2804101,47127735,16.55,17.1,16.55,16.8,0.1,1127
2020-07-24,6125,3000091,49421553,16.75,16.75,16.05,16.65,-0.15,934
2020-07-27,6125,1938873,31689352,16.6,16.75,16.15,16.2,-0.45,638
2020-07-28,6125,2483419,40631835,16.4,16.75,16.05,16.25,0.05,757
2020-07-29,6125,4334998,72399912,16.25,17.0,16.2,17.0,0.75,1362
2020-07-30,6125,11546097,207761323,18.5,18.55,17.6,17.95,0.95,3487
2020-07-31,6125,5763574,103491516,18.1,18.1,17.7,17.95,0.0,1940
2020-08-03,6125,7316772,133627745,18.1,18.5,18.05,18.3,0.35,2215
2020-08-04,6125,5512506,101430451,18.45,18.55,18.2,18.55,0.25,1776
2020-08-05,6125,14790532,286243053,19.8,19.9,18.9,19.3,0.75,4915
2020-08-06,6125,11906192,231057583,19.4,19.8,19.0,19.35,0.05,3779
2020-08-07,6125,17322508,346495943,19.6,20.9,19.25,20.8,1.45,5840
2020-08-10,6125,8544579,193920641,22.4,22.85,22.0,22.85,2.05,2276
2020-08-11,6125,47160454,1093967834,24.3,25.0,20.9,21.9,-0.95,17523
2020-08-12,6125,26355762,613418434,22.05,24.05,21.8,24.0,2.1,9829
2020-08-13,6125,26361721,638307996,24.25,25.5,23.4,23.85,-0.15,10150
2020-08-14,6125,13447006,323748444,23.55,24.65,23.1,24.15,0.3,5137
2020-08-17,6125,24898099,622844290,24.8,25.9,24.25,25.1,0.95,9192
2020-08-18,6125,22425785,567273592,25.05,26.25,24.05,25.8,0.7,8055
2020-08-19,6125,15636504,405075830,25.8,26.5,25.25,25.9,0.1,6315
2020-08-20,6125,23162579,557596290,25.65,25.9,23.35,23.4,-2.5,8282
2020-08-21,6125,11495822,275402564,23.8,24.65,23.5,23.5,0.1,4460
2020-08-24,6125,5793928,135723241,23.6,23.85,22.9,23.7,0.2,2423
2020-08-25,6125,14425275,371277491,24.2,26.05,24.2,26.05,2.35,3442
2020-08-26,6125,46462363,1238862428,26.8,27.85,25.45,25.75,-0.3,17518
2020-08-27,6125,9892241,255128696,25.75,26.3,25.35,25.75,0.0,4764
2020-08-28,6125,11211340,295479301,25.6,26.95,25.5,26.5,0.75,5029
2020-08-31,6125,13130494,353516148,26.75,27.5,26.5,27.2,0.7,5726
2020-09-01,6125,10578817,287873987,27.45,27.95,26.75,27.0,-0.2,4462
2020-09-02,6125,15795171,437870733,27.25,28.45,26.75,28.0,1.0,6168
2020-09-03,6125,35239695,1023613405,28.35,30.4,28.05,29.0,1.0,13265
2020-09-04,6125,32200730,927264672,27.8,29.85,27.65,29.6,0.6,12632
2020-09-07,6125,14343130,420553849,29.8,30.1,28.7,28.7,-0.9,6530
2020-09-08,6125,14226740,392595680,28.7,28.9,27.0,27.1,-1.6,6490
2020-09-09,6125,9917127,272155376,26.8,28.05,26.2,27.5,0.4,4172
2020-09-10,6125,6618561,179679176,27.5,27.85,26.7,26.9,-0.6,3165
2020-09-11,6125,7903562,209165941,26.95,27.4,26.0,26.0,-0.9,3339
2020-09-14,6125,11718211,298163402,26.1,26.4,24.45,26.15,0.15,4591
2020-09-15,6125,8868195,238429191,26.75,27.5,26.4,26.5,0.35,3880
2020-09-16,6125,5171394,138735822,26.6,27.25,26.4,26.8,0.3,2081
2020-09-17,6125,10655512,293360094,27.05,28.1,26.8,28.1,1.3,4964
2020-09-18,6125,8041143,225594154,27.85,28.45,27.6,28.2,0.1,3679
2020-09-21,6125,5882407,165235554,28.25,28.7,27.75,27.8,-0.4,2720
2020-09-22,6125,5282600,145392393,27.65,28.25,26.8,27.95,0.15,2516
2020-09-23,6125,7337483,207321624,28.25,28.7,27.9,28.2,0.25,3672
2020-09-24,6125,16116756,463801609,27.9,29.4,27.5,29.0,0.8,6770
2020-09-25,6125,70717539,2101103521,29.5,31.9,26.4,27.15,-1.85,27554
2020-09-28,6125,9842177,272556625,27.5,28.15,27.2,28.15,1.0,4169
2020-09-29,6125,6164149,170739855,27.95,28.6,27.25,27.6,-0.55,2806
2020-09-30,6125,8803567,247924102,27.6,28.6,27.1,28.3,0.7,4102
2020-10-05,6125,16597738,489035240,28.05,30.15,28.0,29.6,1.3,7577
2020-10-06,6125,21329466,644654821,29.85,31.2,29.5,29.9,0.3,10436
2020-10-07,6125,6769036,203114570,29.7,30.4,29.5,30.0,0.1,3177
2020-10-08,6125,8115548,244405240,30.45,30.5,29.65,30.0,0.0,3367
2020-10-12,6125,20200310,631841404,30.5,32.2,30.25,32.2,2.2,8521
2020-10-13,6125,14877017,473902679,32.2,32.8,31.2,31.75,-0.45,7106
2020-10-14,6125,14698500,479808355,31.75,33.55,31.55,32.3,0.55,7471
2020-10-15,6125,10068763,331236379,32.3,33.4,32.3,33.15,0.85,5264
2020-10-16,6125,15525747,510194672,33.8,34.3,31.5,33.15,0.0,7936
2020-10-19,6125,9255479,304339374,33.15,33.7,32.2,32.65,-0.5,4432
2020-10-20,6125,7827652,254320370,32.5,32.9,32.0,32.4,-0.25,2869
2020-10-21,6125,6409860,208858994,32.35,33.0,32.3,33.0,0.6,2525
2020-10-22,6125,17943873,600112797,33.0,34.35,32.75,33.0,0.0,8468
2020-10-23,6125,27944056,973805033,32.9,36.3,32.9,36.0,3.0,13324
2020-10-26,6125,21718988,788089684,36.5,37.0,35.55,36.3,0.3,10379
2020-10-27,6125,9173698,333063339,35.85,36.85,35.55,36.85,0.55,4191
2020-10-28,6125,29713689,1122841625,37.3,39.65,36.6,37.05,0.2,14406
2020-10-29,6125,12855051,478758683,36.5,38.1,35.9,37.95,0.9,6590
2020-10-30,6125,13828113,519152067,37.95,38.5,36.35,36.55,-1.4,6650
2020-11-02,6125,10438170,381752461,36.55,37.4,35.65,36.1,-0.45,4903
2020-11-03,6125,9353575,341122669,36.25,37.2,36.05,37.2,1.1,3787
2020-11-04,6125,7491704,277029056,37.0,37.7,36.6,36.8,-0.4,3683
2020-11-05,6125,9826835,364666777,36.9,37.7,36.55,36.75,-0.05,4531
2020-11-06,6125,6263342,227882504,37.0,37.2,35.8,36.15,-0.6,3439
2020-11-09,6125,8221419,304791346,36.2,37.9,36.0,37.25,1.1,4202
2020-11-10,6125,7631549,279022276,37.3,37.5,35.95,36.15,-1.1,4026
2020-11-11,6125,4330860,158530208,36.7,37.0,36.1,36.9,0.75,2216
2020-11-12,6125,5550141,201123707,37.0,37.15,35.7,36.15,-0.75,2929
2020-11-13,6125,3966320,145050015,36.1,37.0,36.1,36.5,0.35,2109
2020-11-16,6125,6104186,223707969,36.5,37.2,36.1,36.8,0.3,3110
2020-11-17,6125,6176388,225530189,36.8,37.1,36.15,36.15,-0.65,2942
2020-11-18,6125,19169053,653065983,36.5,36.6,32.55,32.55,-3.6,8465
2020-11-19,6125,28523911,882811000,31.0,32.0,29.95,31.0,-1.55,11798
2020-11-20,6125,12052496,377536020,31.75,32.4,30.6,30.8,-0.2,5825
2020-11-23,6125,4650066,143211022,30.7,31.3,30.45,30.8,0.0,2593
2020-11-24,6125,4527423,139250425,31.25,31.25,30.5,30.5,-0.3,2279
2020-11-25,6125,19592215,570215225,30.75,31.0,27.7,29.4,-1.1,8041
2020-11-26,6125,6991140,208485416,29.85,30.5,29.35,29.45,0.05,3615
2020-11-27,6125,4618391,134253530,29.5,29.8,28.7,29.15,-0.3,2501
2020-11-30,6125,4367715,125869446,29.4,29.4,28.5,28.6,-0.55,2347
2020-12-01,6125,7953823,228512634,28.75,29.45,27.8,29.35,0.75,3779
2020-12-02,6125,5977953,171300643,29.35,29.45,28.25,28.45,-0.9,3084
2020-12-03,6125,4129652,118736855,28.05,29.25,28.0,28.8,0.35,2205
2020-12-04,6125,3937165,113187395,28.8,29.2,28.3,28.6,-0.2,1797
2020-12-07,6125,4143154,118176657,29.0,29.2,27.9,28.9,0.3,2119
2020-12-08,6125,3142608,91390117,28.9,29.3,28.8,29.0,0.1,1385
2020-12-09,6125,9942166,300635990,29.05,30.8,29.05,30.75,1.75,4555
2020-12-10,6125,8464779,251207392,29.8,30.35,28.85,29.7,-1.05,3251
2020-12-11,6125,3362322,98444133,29.75,29.9,28.7,29.15,-0.55,1669
2020-12-14,6125,2150004,62602475,29.2,29.5,28.7,29.2,0.05,1110
2020-12-15,6125,3245778,95429825,29.55,30.0,29.05,29.15,-0.05,1504
2020-12-16,6125,9805621,298973387,29.85,31.35,29.65,30.15,1.0,4471
2020-12-17,6125,2793979,83346739,30.15,30.65,29.45,29.65,-0.5,1498
2020-12-18,6125,3388414,99067393,29.85,29.95,28.9,29.4,-0.25,1638
2020-12-21,6125,2056216,59858905,29.4,29.4,28.7,29.3,-0.1,1100
2020-12-22,6125,2600053,75072809,29.05,29.75,28.2,28.25,-1.05,1387
2020-12-23,6125,3119186,90397419,28.4,29.5,28.25,29.3,1.05,1472
2020-12-24,6125,2262277,66645017,29.3,29.7,29.25,29.4,0.1,1030
2020-12-25,6125,1629364,47775494,29.5,29.85,29.0,29.2,-0.2,814
2020-12-28,6125,3637398,108287659,29.35,30.3,29.15,30.15,0.95,1682
2020-12-29,6125,2565335,76552271,30.15,30.35,29.4,29.5,-0.65,1289
2020-12-30,6125,3913780,117891312,30.1,30.55,29.9,30.05,0.55,1720
2020-12-31,6125,1650488,49522080,30.25,30.3,29.75,30.15,0.1,851
2021-01-04,6125,2842467,86556437,30.2,31.0,30.05,30.5,0.35,1508
2021-01-05,6125,2484866,75789399,30.55,30.85,30.2,30.55,0.05,1292
2021-01-06,6125,6713363,197658969,31.3,31.3,28.55,29.15,-1.4,2779
2021-01-07,6125,1992975,58901219,29.15,30.1,29.15,29.4,0.25,1037
2021-01-08,6125,4289662,126800480,29.9,30.25,29.05,29.15,-0.25,1659
2021-01-11,6125,1258555,36673330,29.7,29.7,29.0,29.05,-0.1,634
2021-01-12,6125,5350085,149281929,29.0,29.05,27.25,27.25,-1.8,2763
2021-01-13,6125,8798848,232042388,27.8,27.85,25.3,26.0,-1.25,3794
2021-01-14,6125,4706900,123676835,26.0,26.8,26.0,26.1,0.1,2210
2021-01-15,6125,9302405,233609050,26.2,26.2,24.5,24.5,-1.6,3396
2021-01-18,6125,16945401,399503764,24.8,25.85,22.05,25.65,1.15,6490
2021-01-19,6125,9780856,241010990,25.6,25.65,24.05,24.45,-1.2,3989
2021-01-20,6125,6107419,145638914,24.55,24.7,23.25,23.5,-0.95,2301
2021-01-21,6125,3189794,75984094,23.85,24.6,23.25,24.0,0.5,1541
2021-01-22,6125,3459232,82000530,24.1,24.25,23.25,24.0,0.0,1327
2021-01-25,6125,2956865,69486627,23.7,23.9,23.15,23.55,-0.45,1504
2021-01-26,6125,3588016,83393546,23.6,23.75,22.8,22.8,-0.75,1470
2021-01-27,6125,3225237,75427404,23.35,23.65,23.1,23.6,0.8,1424
2021-01-28,6125,21998029,531031348,23.5,24.55,23.15,23.55,-0.05,6491
2021-01-29,6125,5425532,128711242,23.55,24.25,23.2,23.5,-0.05,2378
2021-02-01,6125,13449875,315052087,24.25,24.8,22.5,22.5,-1.0,4987
2021-02-02,6125,4700725,108813368,22.6,23.75,22.55,23.6,1.1,2186
2021-02-03,6125,2320364,55138324,23.4,24.1,23.35,23.85,0.25,1173
2021-02-04,6125,2541608,60048549,23.85,24.1,23.4,23.5,-0.35,1035
2021-02-05,6125,1622803,38050926,23.7,23.9,23.3,23.5,0.0,825
2021-02-17,6125,3197291,76639592,23.6,24.45,23.4,24.25,0.75,1409
2021-02-18,6125,4339422,108154949,24.5,25.65,24.2,25.5,1.25,1942
2021-02-19,6125,2461083,62173856,25.4,25.7,24.8,25.7,0.2,1333
2021-02-22,6125,3041538,78043160,25.8,26.15,25.4,25.55,-0.15,1525
2021-02-23,6125,2059262,51740367,25.4,25.55,24.9,25.15,-0.4,1057
2021-02-24,6125,1733881,43892683,25.3,25.75,25.0,25.15,0.0,886
2021-02-25,6125,2356219,60277783,25.4,25.9,25.2,25.7,0.55,1121
2021-02-26,6125,1897565,48994518,25.4,26.1,25.15,25.95,0.25,1033
2021-03-02,6125,3833435,101287266,26.4,26.95,25.7,25.95,0.0,1889
2021-03-03,6125,1734021,44813426,26.3,26.35,25.45,25.9,-0.05,830
2021-03-04,6125,4328307,114961965,25.8,26.9,25.75,26.75,0.85,1657
2021-03-05,6125,12086587,327614774,27.0,27.7,26.35,27.6,0.85,5085
2021-03-08,6125,7831809,213944723,27.45,28.05,26.5,27.0,-0.6,3167
2021-03-09,6125,3188480,84450099,26.7,27.15,26.05,26.2,-0.8,1557
2021-03-10,6125,1854221,48874204,26.4,26.8,26.05,26.5,0.3,929
2021-03-11,6125,1935508,51944784,26.7,26.95,26.7,26.95,0.45,1003
2021-03-12,6125,1807320,48866018,27.15,27.3,26.8,27.1,0.15,871
2021-03-15,6125,4335349,120436514,27.2,28.25,27.2,27.85,0.75,2076
2021-03-16,6125,3168892,88981552,27.85,28.45,27.65,28.25,0.4,1690
2021-03-17,6125,2690837,75432771,28.15,28.5,27.7,27.9,-0.35,1354
2021-03-18,6125,4515532,128347726,27.85,29.0,27.8,28.35,0.45,2082
2021-03-19,6125,4198689,119725080,28.35,29.0,28.1,28.25,-0.1,1762
2021-03-22,6125,8855982,254637237,28.45,29.05,28.4,28.45,0.2,3546
2021-03-23,6125,6444233,178440410,28.6,28.7,27.1,27.1,-1.35,3066
2021-03-24,6125,2231495,60378325,27.1,27.3,26.85,27.05,-0.05,1188
2021-03-25,6125,1705312,46260821,27.25,27.45,26.9,27.35,0.3,839
2021-03-26,6125,1227869,33617502,27.35,27.7,27.05,27.55,0.2,744
2021-03-29,6125,2436244,67689797,27.55,28.1,27.5,27.7,0.15,1134
2021-03-30,6125,5590454,155171857,28.3,28.65,27.35,27.4,-0.3,2399
2021-03-31,6125,3444793,93288595,27.4,27.4,26.85,27.2,-0.2,1835
2021-04-01,6125,1512129,40872026,27.45,27.45,26.9,26.9,-0.3,950
2021-04-06,6125,3639743,99552514,27.2,27.75,26.9,27.55,0.65,1643
2021-04-07,6125,4584890,128426221,28.0,28.2,27.7,28.05,0.5,1819
2021-04-08,6125,6697033,192348612,28.2,29.3,28.0,28.85,0.8,2930
2021-04-09,6125,5003998,145402738,29.4,29.4,28.75,29.0,0.15,2208
2021-04-12,6125,3826123,110521666,29.3,29.35,28.45,28.6,-0.4,1852
2021-04-13,6125,3297724,94733710,28.9,29.15,28.1,28.15,-0.45,1357
2021-04-14,6125,3344552,91893751,28.15,28.45,26.6,28.0,-0.15,1590
2021-04-15,6125,1263703,35189412,28.0,28.05,27.5,27.95,-0.05,654
2021-04-16,6125,4368912,122280684,27.95,28.5,27.55,27.85,-0.1,1528
2021-04-19,6125,2599455,71230343,28.05,28.05,27.25,27.35,-0.5,1401
2021-04-20,6125,1525610,41872177,27.6,27.6,27.2,27.4,0.05,827
2021-04-21,6125,2302574,63438524,27.4,28.0,27.35,27.35,-0.05,1059
2021-04-22,6125,3419684,92089718,27.35,27.65,26.2,26.5,-0.85,1501
2021-04-23,6125,1920785,50483653,26.5,26.8,25.9,26.6,0.1,837
2021-04-26,6125,2751284,73515748,26.95,27.15,26.35,26.7,0.1,870
2021-04-27,6125,1871496,50411043,26.75,27.35,26.6,27.3,0.6,952
2021-04-28,6125,2173807,58924595,27.5,27.5,26.8,27.0,-0.3,949
2021-04-29,6125,2162848,58294426,27.2,27.25,26.65,27.15,0.15,1033
2021-05-03,6125,2456689,65192470,27.15,27.25,26.2,26.2,-0.95,1207
2021-05-04,6125,3293746,82213760,26.0,26.2,24.1,24.55,-1.65,1513
2021-05-05,6125,1626262,40948446,24.7,25.6,24.4,25.05,0.5,737
2021-05-06,6125,1850375,45766917,25.05,25.4,24.15,24.65,-0.4,862
2021-05-07,6125,1100279,27431570,24.9,25.3,24.6,25.3,0.65,532
2021-05-10,6125,1260631,31381054,25.5,25.5,24.6,24.65,-0.65,694
2021-05-11,6125,2798255,65464453,24.65,24.7,22.45,23.15,-1.5,1392
2021-05-12,6125,5195372,112042915,22.8,23.2,20.85,21.65,-1.5,1919
2021-05-13,6125,2346023,49817948,21.3,22.3,20.25,21.6,-0.05,875
2021-05-14,6125,1659570,35950358,22.0,22.7,20.9,21.1,-0.5,902
2021-05-17,6125,2750906,53676579,19.5,20.45,19.0,19.05,-2.05,1244
2021-05-18,6125,2103623,43016322,19.1,20.95,19.1,20.95,1.9,835
2021-05-19,6125,1786664,39449236,21.15,22.65,21.15,22.55,1.6,955
2021-05-20,6125,988745,22057319,22.55,22.8,22.0,22.05,-0.5,547
2021-05-21,6125,854662,19093228,22.6,22.6,22.1,22.3,0.25,389
2021-05-24,6125,1151784,24545340,22.1,22.7,22.0,22.4,0.1,340
2021-05-25,6125,798159,18068637,22.6,22.85,22.45,22.5,0.1,394
2021-05-26,6125,973052,22140809,22.7,23.05,22.3,23.0,0.5,432
2021-05-27,6125,745823,17000240,23.3,23.3,22.65,22.65,-0.35,342
2021-05-28,6125,790704,18224306,22.95,23.3,22.8,22.9,0.25,352
2021-05-31,6125,536885,12411455,23.5,23.5,22.95,23.0,0.1,321
2021-06-01,6125,617988,14357645,23.0,23.5,23.0,23.4,0.4,273
2021-06-02,6125,801816,18546308,23.65,23.65,22.85,23.05,-0.35,418
2021-06-03,6125,643694,14831680,23.05,23.2,22.95,23.0,-0.05,307
2021-06-04,6125,633944,14453316,22.95,23.0,22.65,22.8,-0.2,355
2021-06-07,6125,512507,11576902,22.75,23.0,22.15,22.75,-0.05,290
2021-06-08,6125,522461,11793126,22.65,22.8,22.45,22.55,-0.2,287
2021-06-09,6125,379639,8571820,22.6,22.7,22.4,22.55,0.0,214
2021-06-10,6125,434173,9737213,22.45,22.55,22.3,22.5,-0.05,222
2021-06-11,6125,632448,14336486,22.8,22.85,22.45,22.7,0.2,275
2021-06-15,6125,389480,8808983,22.95,22.95,22.4,22.65,-0.05,239
2021-06-16,6125,789221,18122554,22.8,23.2,22.75,22.85,0.2,425
2021-06-17,6125,621715,14087529,22.65,22.85,22.55,22.6,-0.25,309
2021-06-18,6125,570719,12850602,22.6,22.65,22.4,22.4,-0.2,318
2021-06-21,6125,2054765,46937238,22.35,23.2,22.3,22.9,0.5,773
2021-06-22,6125,1105877,25397409,23.15,23.35,22.75,22.8,-0.1,502
2021-06-23,6125,646305,14753250,22.8,23.0,22.65,22.65,-0.15,323
2021-06-24,6125,654090,14876587,22.75,22.9,22.6,22.75,0.1,292
2021-06-25,6125,1070533,24421443,23.0,23.0,22.65,22.65,-0.1,446
2021-06-28,6125,566362,12893073,22.95,22.95,22.6,22.85,0.2,310
2021-06-29,6125,630601,14366171,22.8,22.95,22.65,22.65,-0.2,367
2021-06-30,6125,1918782,44154885,22.7,23.2,22.7,22.7,0.05,742
2021-07-01,6125,818597,18595572,22.75,22.9,22.55,22.55,-0.15,388
2021-07-02,6125,598277,13564865,22.6,22.75,22.6,22.65,0.1,260
2021-07-05,6125,1086985,24750219,23.0,23.0,22.65,22.85,0.2,652
2021-07-06,6125,633642,14399105,22.95,22.95,22.65,22.65,-0.2,341
2021-07-07,6125,912041,20574176,22.65,22.85,22.35,22.45,-0.2,450
2021-07-08,6125,1898050,42729276,22.6,22.7,22.3,22.35,-0.1,551
2021-07-09,6125,651272,14510739,22.3,22.4,22.15,22.25,-0.1,598
2021-07-12,6125,1026965,23018399,22.5,22.65,22.2,22.4,0.15,547
2021-07-13,6125,1170622,26178510,22.45,22.6,22.05,22.05,-0.35,559
2021-07-14,6125,1725386,37634896,22.15,22.3,21.45,22.3,0.25,900
2021-07-15,6125,9168214,221491347,22.35,24.5,22.25,24.5,2.2,3212
2021-07-16,6125,5390205,128696542,23.55,24.45,23.5,23.8,-0.7,2712
2021-07-19,6125,5485697,135730903,23.65,25.65,23.55,24.85,1.05,2357
2021-07-20,6125,2798489,68189129,24.55,24.85,24.0,24.15,-0.7,1240
2021-07-21,6125,2522554,59969203,24.2,24.45,23.25,23.35,-0.8,1126
2021-07-22,6125,1285949,30342996,23.5,24.1,23.3,23.3,-0.05,559
2021-07-23,6125,12485815,309944966,23.35,25.6,23.35,25.2,1.9,4771
2021-07-26,6125,4317045,106505944,24.9,25.2,24.5,24.7,-0.5,1939
2021-07-27,6125,2858825,68992545,24.8,24.8,23.6,24.3,-0.4,1431
2021-07-28,6125,2288807,54003859,24.25,24.25,23.15,23.7,-0.6,988
2021-07-29,6125,5222441,129437655,23.75,25.3,23.75,25.1,1.4,2064
2021-07-30,6125,12743898,336544819,25.2,27.0,25.1,26.9,1.8,5930
2021-08-02,6125,20905605,585750502,27.5,28.7,26.7,28.1,1.2,9373
2021-08-03,6125,6313144,175890060,27.55,28.3,27.3,28.15,0.05,3063
2021-08-04,6125,6231143,175457762,28.9,28.95,27.5,27.6,-0.55,3063
2021-08-05,6125,5289536,145806489,27.75,28.1,26.9,27.3,-0.3,2467
2021-08-06,6125,8543141,237897423,27.2,28.2,27.05,28.15,0.85,3541
2021-08-09,6125,7880660,221561212,28.3,28.5,27.55,28.15,0.0,3406
2021-08-10,6125,12182797,318907158,27.95,28.1,25.35,25.35,-2.8,5673
2021-08-11,6125,5293344,129146156,25.0,25.15,23.5,24.0,-1.35,2523
2021-08-12,6125,2424335,59625473,24.1,25.05,24.1,24.9,0.9,1155
2021-08-13,6125,3263419,81123301,24.75,25.4,24.2,25.05,0.15,1710
2021-08-16,6125,2080158,50516548,25.05,25.1,23.9,23.9,-1.15,1130
2021-08-17,6125,2280983,52904107,24.1,24.2,22.5,22.65,-1.25,1208
2021-08-18,6125,2002258,44813724,22.5,23.3,21.6,23.15,0.5,1165
2021-08-19,6125,1085328,24447572,23.05,23.05,22.3,22.3,-0.85,626
2021-08-20,6125,1341709,29685307,22.15,22.6,21.7,22.3,0.0,728
2021-08-23,6125,1145696,26369477,22.7,23.2,22.65,23.05,0.75,513
2021-08-24,6125,921754,21072253,23.5,23.5,22.6,22.75,-0.3,515
2021-08-25,6125,3416590,81045662,22.95,24.2,22.95,23.85,1.1,1520
2021-08-26,6125,2966435,71842148,24.0,24.65,23.7,24.2,0.35,1374
2021-08-27,6125,6815903,171770049,24.25,25.8,24.05,25.35,1.15,3082
2021-08-30,6125,10458758,280832541,26.2,27.8,25.85,26.6,1.25,5195
2021-08-31,6125,4147921,109485140,26.45,27.15,25.8,27.15,0.55,2232
2021-09-01,6125,3147104,85138289,26.6,27.3,26.6,27.15,0.0,1536
2021-09-02,6125,4668215,126175753,27.5,27.65,26.4,26.85,-0.3,2116
2021-09-03,6125,10837667,298588410,27.25,27.95,26.7,27.7,0.85,4263
2021-09-06,6125,4668654,127848482,28.0,28.05,26.7,26.85,-0.85,2222
2021-09-07,6125,2739476,73581738,26.65,27.35,26.45,26.95,0.1,1374
2021-09-08,6125,8533863,231436583,26.95,27.75,26.2,26.35,-0.6,3675
2021-09-09,6125,2718490,72990054,26.5,27.25,26.3,27.0,0.65,1239
2021-09-10,6125,3104628,83094771,27.0,27.2,26.4,26.9,-0.1,1466
2021-09-13,6125,2340797,59988477,25.75,26.2,25.2,25.35,0.0,1174
2021-09-14,6125,1211864,30439412,25.6,25.6,24.85,25.15,-0.2,673
2021-09-15,6125,3268123,84457734,24.85,26.5,24.85,26.5,1.35,1724
2021-09-16,6125,3072144,79254389,26.5,26.5,25.4,25.5,-1.0,1635
2021-09-17,6125,1727751,43553765,25.25,25.55,25.0,25.2,-0.3,936
2021-09-22,6125,1194482,29098350,24.25,24.75,24.1,24.5,-0.7,728
2021-09-23,6125,6801153,175605823,24.65,26.25,24.65,26.25,1.75,2358
2021-09-24,6125,28464335,775611051,26.7,27.95,26.35,27.85,1.6,9901
2021-09-27,6125,28694652,822787219,28.5,29.65,28.0,28.55,0.7,13795
2021-09-28,6125,12117325,345111019,28.1,29.15,27.65,29.15,0.6,5829
2021-09-29,6125,16964375,488379492,28.4,29.8,28.0,28.3,-0.85,8182
2021-09-30,6125,10917348,305015626,28.45,28.85,27.3,27.75,-0.55,5245
2021-10-01,6125,10900627,298246703,27.75,28.5,26.35,26.55,-1.2,5152
2021-10-04,6125,5423693,142852939,26.9,27.15,25.8,26.05,-0.5,2536
2021-10-05,6125,5241657,138126537,25.6,26.9,25.2,26.6,0.55,2374
2021-10-06,6125,3219670,84232506,26.9,26.95,25.8,25.8,-0.8,1621
2021-10-07,6125,4416483,118023401,26.2,27.35,25.9,26.75,0.95,2453
2021-10-08,6125,3455189,92112052,26.75,27.2,26.2,26.3,-0.45,1729
2021-10-12,6125,1827069,47841927,26.3,26.55,25.9,26.1,-0.2,1068
2021-10-13,6125,8082956,215915058,26.6,27.35,26.1,27.35,1.25,3644
2021-10-14,6125,8001988,216142592,27.6,27.75,26.5,26.55,-0.8,4074
2021-10-15,6125,3978259,107058498,26.75,27.3,26.5,26.9,0.35,2137
2021-10-18,6125,2854490,75433129,26.9,27.15,26.05,26.25,-0.65,1640
2021-10-19,6125,3973573,106864055,26.5,27.3,26.25,26.85,0.6,2327
2021-10-20,6125,2248674,59889460,27.1,27.15,26.25,26.5,-0.35,1488
2021-10-21,6125,2286878,61108549,26.7,27.1,26.35,26.4,-0.1,1423
2021-10-22,6125,2424220,63458275,26.5,26.55,25.95,26.2,-0.2,1335
2021-10-25,6125,3795741,100759985,26.15,27.0,26.05,26.4,0.2,1863
2021-10-26,6125,3459546,91340449,26.45,26.85,25.8,26.2,-0.2,1663
2021-10-27,6125,1481706,38823445,26.2,26.45,26.1,26.15,-0.05,773
2021-10-28,6125,3412959,89122809,26.3,26.55,25.7,26.0,-0.15,1664
2021-10-29,6125,24667762,678634634,26.2,28.45,26.0,27.8,1.8,10254
2021-11-01,6125,13966900,389858523,27.8,28.7,27.5,27.65,-0.15,7044
2021-11-02,6125,6874657,185567102,27.75,27.95,26.4,26.6,-1.05,3477
2021-11-03,6125,3345742,88906308,26.6,27.05,26.2,27.0,0.4,1999
2021-11-04,6125,8747939,240970990,27.05,28.1,27.0,27.2,0.2,4264
2021-11-05,6125,2289456,61800105,27.2,27.3,26.7,27.15,-0.05,1200
2021-11-08,6125,1783412,47865902,27.1,27.15,26.65,26.8,-0.35,973
2021-11-09,6125,2230092,59695583,26.8,27.15,26.55,26.65,-0.15,1128
2021-11-10,6125,1685006,45484115,26.9,27.35,26.7,26.95,0.3,905
2021-11-11,6125,1752942,47181637,26.8,27.4,26.65,26.8,-0.15,893
2021-11-12,6125,2078648,55444480,26.9,27.05,26.45,26.5,-0.3,957
2021-11-15,6125,18494784,521482460,27.2,28.8,27.2,28.25,1.75,8206
2021-11-16,6125,15237657,432880003,28.35,29.4,27.65,28.25,0.0,7387
2021-11-17,6125,12002960,345317357,28.5,29.1,27.95,29.0,0.75,5389
2021-11-18,6125,11691152,324516916,28.7,28.75,27.2,27.45,-1.55,5616
2021-11-19,6125,3561762,97114744,27.6,27.8,26.95,26.95,-0.5,1907
2021-11-22,6125,2507963,68430529,27.25,27.6,27.0,27.0,0.05,1217
2021-11-23,6125,2144385,57708540,27.05,27.25,26.75,26.85,-0.15,1239
2021-11-24,6125,2007608,53866270,26.85,27.05,26.5,26.75,-0.1,1125
2021-11-25,6125,1536153,41467475,26.95,27.35,26.75,26.75,0.0,859
2021-11-26,6125,3732992,97492185,26.75,26.75,25.8,26.3,-0.45,1981
2021-11-29,6125,2343918,60444560,25.65,26.35,25.2,26.25,-0.05,1223
2021-11-30,6125,2137862,56810250,26.5,26.8,26.35,26.4,0.15,977
2021-12-01,6125,1213438,31734447,26.05,26.4,26.0,26.4,0.0,650
2021-12-02,6125,1491243,38903842,26.4,26.55,25.85,26.0,-0.4,872
2021-12-03,6125,3158047,83818509,26.15,26.95,26.15,26.35,0.35,1133
2021-12-06,6125,938574,24651123,26.5,26.55,26.1,26.2,-0.15,530
2021-12-07,6125,1532113,39831163,26.2,26.3,25.8,26.1,-0.1,860
2021-12-08,6125,2802378,72250289,26.3,26.3,25.55,25.6,-0.5,1284
2021-12-09,6125,2748473,72009787,26.3,26.6,25.85,25.9,0.3,1254
2021-12-10,6125,2494328,65863257,26.3,26.8,25.8,26.4,0.5,1293
2021-12-13,6125,2911079,77744041,26.6,27.05,26.4,26.65,0.25,1232
2021-12-14,6125,1893535,49458719,26.5,26.5,25.95,26.05,-0.6,820
2021-12-15,6125,4159217,110225254,26.2,27.0,25.85,26.9,0.85,1661
2021-12-16,6125,7789960,211306482,27.4,27.5,26.65,26.65,-0.25,3130
2021-12-17,6125,1987912,52317173,26.45,26.55,26.2,26.2,-0.45,993
2021-12-20,6125,1220043,32120027,26.8,26.85,26.1,26.1,-0.1,717
2021-12-21,6125,975609,25536780,26.1,26.45,26.05,26.3,0.2,496
2021-12-22,6125,603769,15866739,26.45,26.5,26.15,26.2,-0.1,380
2021-12-23,6125,2749175,73296921,26.45,26.85,26.4,26.45,0.25,1014
2021-12-24,6125,1393740,36874120,26.65,26.9,26.25,26.45,0.0,581
2021-12-27,6125,3907565,105466017,26.45,27.3,26.45,27.0,0.55,1808
2021-12-28,6125,19448442,543722158,27.2,28.6,26.9,28.4,1.4,7891
2021-12-29,6125,19397737,550920201,28.4,28.8,27.8,28.55,0.15,8982
2021-12-30,6125,6155282,175178360,28.35,28.8,28.2,28.4,-0.15,3107
2022-01-03,6125,21723947,640195588,29.0,31.0,28.4,28.5,0.1,10254
2022-01-04,6125,13256802,387076948,28.55,29.8,28.15,29.3,0.8,6316
2022-01-05,6125,8888102,257348725,29.3,29.85,28.25,28.8,-0.5,4475
2022-01-06,6125,3133608,89692582,28.55,29.0,28.2,28.5,-0.3,1634
2022-01-07,6125,4626735,128808728,28.95,28.95,27.4,27.55,-0.95,2400
2022-01-10,6125,9061861,261118494,27.55,29.2,27.55,28.7,1.15,3996
2022-01-11,6125,4577719,131186582,28.7,29.3,28.2,28.45,-0.25,2349
2022-01-12,6125,3202093,90062657,28.65,28.75,27.7,28.05,-0.4,1402
2022-01-13,6125,2087918,58204532,28.2,28.35,27.65,27.7,-0.35,988
2022-01-14,6125,2964487,79714392,27.75,27.75,26.5,26.85,-0.85,1713
2022-01-17,6125,5552926,154629797,26.85,28.3,26.8,27.85,1.0,2224
2022-01-18,6125,3104833,86073590,27.75,28.2,27.25,27.35,-0.5,1711
2022-01-19,6125,5190146,145120868,27.3,28.4,27.1,27.95,0.6,2184
2022-01-20,6125,3551144,97488550,27.95,28.15,27.15,27.3,-0.65,1674
2022-01-21,6125,5448323,147427862,27.3,27.9,26.3,27.1,-0.2,2358
2022-01-24,6125,1976618,52701501,27.0,27.0,26.3,26.8,-0.3,953
2022-01-25,6125,3344491,87650124,26.55,26.75,25.9,26.0,-0.8,1527
2022-01-26,6125,1506717,39305100,26.1,26.4,25.85,26.0,0.0,783
2022-02-07,6125,1430110,37911996,26.5,26.9,26.25,26.65,0.65,580
2022-02-08,6125,1126883,30272535,26.9,27.1,26.65,26.75,0.1,513
2022-02-09,6125,1595224,42933996,26.95,27.1,26.75,26.8,0.05,647
2022-02-10,6125,1466511,38928749,27.05,27.05,26.35,26.4,-0.4,787
2022-02-11,6125,1255445,33475020,26.25,27.1,26.2,26.7,0.3,725
2022-02-14,6125,1492073,38951882,26.2,26.25,26.0,26.1,-0.6,827
2022-02-15,6125,1195714,31220971,26.15,26.3,26.0,26.05,-0.05,669
2022-02-16,6125,3702630,96080252,26.0,26.35,25.75,25.85,-0.2,1653
2022-02-17,6125,13526437,365280569,25.85,27.45,25.85,26.7,0.85,4994
2022-02-18,6125,12862953,346925145,26.3,27.35,26.1,27.2,0.5,5060
2022-02-21,6125,3626648,96596395,26.75,26.9,26.5,26.55,-0.65,1931
2022-02-22,6125,3977570,103181413,26.45,26.45,25.6,25.85,-0.7,1985
2022-02-23,6125,5189950,137782482,25.85,27.0,25.85,26.85,1.0,2517
2022-02-24,6125,9838017,259794235,26.55,27.2,25.75,25.9,-0.95,4600
2022-02-25,6125,7051394,180577863,26.2,26.35,25.25,25.6,-0.3,2640
2022-03-01,6125,5822819,151287306,25.8,26.2,25.7,26.0,0.4,2198
2022-03-02,6125,1438663,37165905,25.7,26.1,25.7,25.8,-0.2,811
2022-03-03,6125,1642793,42686647,26.2,26.2,25.8,25.8,0.0,815
2022-03-04,6125,3658977,95490447,25.85,26.4,25.7,25.85,0.05,1712
2022-03-07,6125,2587791,64622675,25.65,25.65,24.8,24.8,-1.05,1401
2022-03-08,6125,3089762,74456549,24.4,24.8,23.55,23.55,-1.25,1700
2022-03-09,6125,2648176,65075005,24.35,25.1,23.9,24.7,1.15,1422
2022-03-10,6125,5684279,146562546,25.4,26.3,25.05,25.8,1.1,2776
2022-03-11,6125,1404756,36198924,25.95,26.05,25.5,25.7,-0.1,751
2022-03-14,6125,1099828,28402015,26.15,26.15,25.6,25.8,0.1,636
2022-03-15,6125,1644761,41483109,25.65,25.75,25.0,25.0,-0.8,872
2022-03-16,6125,1770490,45476704,25.6,26.2,25.3,25.55,0.55,955
2022-03-17,6125,8700379,229724432,26.15,26.7,25.85,26.2,0.65,3637
2022-03-18,6125,1952196,51156059,26.1,26.5,26.0,26.3,0.1,1071
2022-03-21,6125,2192672,57952778,26.7,26.9,26.0,26.2,-0.1,1203
2022-03-22,6125,1330658,35099252,26.25,26.6,26.15,26.4,0.2,771
2022-03-23,6125,1730423,45776481,26.6,26.85,26.25,26.25,-0.15,923
2022-03-24,6125,2212794,58617652,26.25,26.65,26.2,26.65,0.4,1239
2022-03-25,6125,2027608,53736034,26.85,26.85,26.25,26.25,-0.4,1156
2022-03-28,6125,931558,24228803,26.05,26.25,25.85,26.15,-0.1,566
2022-03-29,6125,1215546,31704453,26.45,26.5,25.9,26.0,-0.15,622
2022-03-30,6125,1246800,32826160,26.3,26.45,26.15,26.4,0.4,625
2022-03-31,6125,633232,16552956,26.4,26.4,26.0,26.05,-0.35,403
2022-04-01,6125,1248253,32218557,26.05,26.05,25.65,25.9,-0.15,653
2022-04-06,6125,812596,21059819,25.9,26.2,25.8,25.8,-0.1,508
2022-04-07,6125,1989928,50182925,25.8,25.8,24.85,24.9,-0.9,1075
2022-04-08,6125,935434,23428749,24.95,25.2,24.9,25.2,0.3,471
2022-04-11,6125,1512843,37070496,25.2,25.2,24.25,24.35,-0.85,883
2022-04-12,6125,1055679,25414223,23.8,24.4,23.8,24.05,-0.3,662
2022-04-13,6125,635730,15546721,24.15,24.7,24.15,24.65,0.6,412
2022-04-14,6125,616791,15262031,24.9,24.9,24.55,24.75,0.1,473
2022-04-15,6125,1374102,33334076,24.4,24.6,24.0,24.6,-0.15,834
2022-04-18,6125,717564,17326549,24.25,24.35,24.0,24.1,-0.5,508
2022-04-19,6125,694134,16795367,24.25,24.4,24.05,24.2,0.1,520
2022-04-20,6125,1038266,25455268,24.15,24.8,24.15,24.65,0.45,725
2022-04-21,6125,521625,12811496,24.7,24.8,24.45,24.5,-0.15,519
2022-04-22,6125,835857,20263151,24.4,24.4,24.0,24.25,-0.25,496
2022-04-25,6125,1064541,25400372,23.8,24.1,23.7,23.85,-0.4,574
2022-04-26,6125,606684,14518128,23.9,24.2,23.8,23.85,0.0,353
2022-04-27,6125,1846919,42329283,23.55,23.55,22.4,23.0,-0.85,938
2022-04-28,6125,785504,18189032,22.85,23.4,22.85,23.3,0.3,453
2022-04-29,6125,460090,10790368,23.55,23.7,23.3,23.35,0.05,252
2022-05-03,6125,665330,15398998,23.3,23.5,23.0,23.1,-0.25,355
2022-05-04,6125,384252,8980060,23.0,23.5,23.0,23.5,0.4,270
2022-05-05,6125,721498,17334539,24.0,24.3,23.8,24.0,0.5,394
2022-05-06,6125,384319,9042306,23.55,23.65,23.4,23.5,-0.5,264
2022-05-09,6125,826192,18940558,23.5,23.5,22.7,22.7,-0.8,460
2022-05-10,6125,662531,14918522,22.05,23.3,22.0,23.15,0.45,383
2022-05-11,6125,529425,12360849,23.15,23.65,23.0,23.3,0.15,287
2022-05-12,6125,741886,17055936,23.3,23.5,22.5,22.5,-0.8,444
2022-05-13,6125,460488,10542953,22.6,23.15,22.6,22.9,0.4,238
2022-05-16,6125,420779,9769471,23.3,23.45,23.0,23.05,0.15,272
2022-05-17,6125,880916,20878114,23.25,23.9,23.25,23.9,0.85,518
2022-05-18,6125,970064,23548325,24.0,24.4,24.0,24.25,0.35,458
2022-05-19,6125,881591,21350397,23.7,24.6,23.65,24.4,0.15,522
2022-05-20,6125,1141616,28114422,24.7,24.95,24.35,24.6,0.2,633
2022-05-23,6125,1912218,47863658,25.0,25.25,24.7,25.0,0.4,931
2022-05-24,6125,1239278,31069352,25.4,25.4,24.85,25.0,0.0,670
2022-05-25,6125,6256177,161144345,25.8,26.7,25.3,25.4,0.4,3090
2022-05-26,6125,7960973,208112352,25.4,26.5,25.2,25.9,0.5,3445
2022-05-27,6125,2366809,61451283,26.25,26.45,25.7,25.8,-0.1,1251
2022-05-30,6125,2862061,75313042,26.2,26.6,25.9,26.5,0.7,1460
2022-05-31,6125,2027242,53482236,26.2,26.6,26.15,26.4,-0.1,1128
2022-06-01,6125,2584436,68352631,26.5,26.7,25.7,26.45,0.05,1194
2022-06-02,6125,2645283,70746771,26.65,26.9,26.55,26.65,0.2,1435
2022-06-06,6125,2923407,78590456,26.9,27.3,26.5,26.6,-0.05,1516
2022-06-07,6125,1753273,47092024,26.6,27.1,26.6,26.75,0.15,854
2022-06-08,6125,3626146,98532640,27.0,27.45,26.85,27.1,0.35,1578
2022-06-09,6125,8569939,238260630,27.35,28.0,27.15,27.75,0.65,3770
2022-06-10,6125,3826027,106321074,27.8,28.0,27.45,28.0,0.25,1906
2022-06-13,6125,3431911,96014299,27.5,28.2,27.35,28.0,0.0,1786
2022-06-14,6125,4123065,115185920,28.1,28.25,27.4,28.15,0.15,2055
2022-06-15,6125,3787280,107561730,28.4,28.7,28.05,28.05,-0.1,1894
2022-06-16,6125,4412650,123602879,28.6,28.6,27.1,27.1,-0.95,2025
2022-06-17,6125,5622930,156950553,27.1,28.35,27.1,28.15,1.05,2779
2022-06-20,6125,4048052,113704023,28.5,28.8,27.6,27.65,-0.5,2022
2022-06-21,6125,2788769,76973636,28.2,28.2,27.15,27.8,0.15,1559
2022-06-22,6125,2250541,62383042,28.0,28.25,27.25,27.4,-0.4,1204
2022-06-23,6125,2414721,67325974,27.8,28.2,27.55,27.85,0.45,1126
2022-06-24,6125,3453121,97486939,28.3,28.6,27.8,28.0,0.15,1497
2022-06-27,6125,12099293,356495106,28.35,30.3,28.15,30.05,2.05,5739
2022-06-28,6125,11737987,353450791,29.9,30.65,29.2,30.65,0.6,5739
2022-06-29,6125,7310151,224356610,30.5,31.2,30.0,30.95,0.3,3885
2022-06-30,6125,7975261,245389637,31.15,31.5,30.3,30.35,-0.6,3823
2022-07-01,6125,8717591,254499741,30.5,30.7,28.4,28.55,-1.8,4192
2022-07-04,6125,6384917,188421278,29.7,30.15,28.8,29.1,0.55,2911
2022-07-05,6125,14324646,385929225,29.55,29.6,26.2,26.3,-2.8,6291
2022-07-06,6125,3813480,99826868,26.1,26.55,25.8,26.05,-0.25,2158
2022-07-07,6125,3004520,77197265,26.2,26.25,25.05,25.95,-0.1,1613
2022-07-08,6125,4127059,112342839,26.9,27.6,26.65,27.4,1.45,2205
2022-07-11,6125,6836373,195274470,29.0,29.9,28.0,28.1,0.7,3106
2022-07-12,6125,4642938,122160200,26.55,27.4,25.75,25.75,0.0,2502
2022-07-13,6125,5306499,141279227,26.3,27.2,25.75,26.95,1.2,2550
2022-07-14,6125,10400363,284527004,27.1,27.75,26.5,27.7,0.75,3728
2022-07-15,6125,8267783,230165153,27.25,28.3,27.1,28.0,0.3,3094
2022-07-18,6125,10200268,296234006,28.15,29.75,27.95,29.4,1.4,4815
2022-07-19,6125,6195673,184503353,29.35,30.15,29.3,29.8,0.4,3290
2022-07-20,6125,7021845,214574382,30.35,31.0,30.05,30.35,0.55,3734
2022-07-21,6125,5236892,157779182,30.8,30.85,29.7,29.9,-0.45,2954
2022-07-22,6125,3298547,98440625,30.15,30.15,29.55,29.7,-0.2,1854
2022-07-25,6125,2487223,73835070,30.0,30.1,29.4,29.6,-0.1,1199
2022-07-26,6125,4818976,144001691,29.65,30.3,29.5,29.8,0.2,2176
2022-07-27,6125,3535990,105228450,29.6,30.1,29.3,29.95,0.15,1959
2022-07-28,6125,4883840,147737543,30.1,30.7,29.65,30.3,0.35,2605
2022-07-29,6125,11320471,346758807,30.95,31.7,29.9,30.35,0.05,5925
2022-08-01,6125,4804111,142258220,30.0,30.3,29.05,29.2,-1.15,2575
2022-08-02,6125,3401413,96901248,28.5,28.85,28.15,28.4,-0.8,1885
2022-08-03,6125,2800902,78528808,27.85,28.55,27.8,27.85,-0.55,1466
2022-08-04,6125,2504814,69553603,28.0,28.15,27.25,28.0,0.15,1247
2022-08-05,6125,1798665,51459046,28.2,28.75,28.2,28.75,0.75,992
2022-08-08,6125,2365532,67896504,28.65,29.15,28.3,28.75,0.0,1240
2022-08-09,6125,8474717,249953987,29.3,29.9,29.15,29.75,1.0,4181
2022-08-10,6125,4617619,137065525,29.8,30.1,29.4,29.55,-0.2,2526
2022-08-11,6125,5959965,179137330,30.05,30.3,29.8,29.85,0.3,2766
2022-08-12,6125,3136980,94744515,30.4,30.45,30.0,30.05,0.2,1580
2022-08-15,6125,4109999,125416852,30.5,30.7,30.25,30.5,0.45,2069
2022-08-16,6125,16481068,502939380,31.0,31.8,29.6,29.7,-0.8,8757
2022-08-17,6125,2948866,87276820,29.5,29.85,29.4,29.65,-0.05,1712
2022-08-18,6125,3123243,92928999,29.35,30.2,29.15,30.15,0.5,1731
2022-08-19,6125,21007338,663936867,30.3,32.45,30.2,31.95,1.8,10227
2022-08-22,6125,15912128,507520930,32.15,32.7,31.0,32.25,0.3,8227
2022-08-23,6125,5410382,170441968,31.6,31.95,31.1,31.35,-0.9,3032
2022-08-24,6125,5693992,180511183,31.8,32.2,31.1,31.55,0.2,3069
2022-08-25,6125,22574580,728081245,32.5,33.25,31.6,32.05,0.5,10626
2022-08-26,6125,9238745,291396002,31.85,32.1,31.15,31.15,-0.9,4909
2022-08-29,6125,5825306,177391650,30.0,31.0,29.7,30.7,-0.45,2927
2022-08-30,6125,14220751,458095196,31.1,32.7,31.1,32.7,2.0,6893
2022-08-31,6125,13951834,459840303,32.65,33.4,32.45,33.4,0.7,6665
2022-09-01,6125,15942210,530650907,33.5,34.0,32.55,32.9,-0.5,8095
2022-09-02,6125,6433072,209201426,32.6,32.9,32.15,32.5,-0.4,3356
2022-09-05,6125,10026970,328597404,32.25,33.05,32.2,32.55,0.05,3605
2022-09-06,6125,6572961,209394043,32.5,32.8,31.3,31.7,-0.85,3566
2022-09-07,6125,3444334,109725257,31.7,32.15,31.35,32.0,0.3,1647
2022-09-08,6125,5757978,188659400,32.9,33.05,32.35,32.75,0.75,2984
2022-09-12,6125,5268440,173977764,33.3,33.3,32.65,32.65,-0.1,2836
2022-09-13,6125,3758170,123012933,33.0,33.0,32.45,32.75,0.1,1893
2022-09-14,6125,5926917,194879012,31.85,33.25,31.8,33.15,0.4,3181
2022-09-15,6125,8637644,287184549,33.5,33.8,32.5,32.5,-0.65,4435
2022-09-16,6125,5819766,186372190,32.6,32.75,31.6,31.65,-0.85,3367
2022-09-19,6125,2583802,81226004,31.7,31.8,31.15,31.35,-0.3,1366
2022-09-20,6125,2276983,72189504,31.6,31.85,31.5,31.85,0.5,1073
2022-09-21,6125,9642788,308065512,31.9,32.6,31.3,31.3,-0.55,4947
2022-09-22,6125,2611613,81511077,31.0,31.6,30.6,31.55,0.25,1430
2022-09-23,6125,3342522,103417282,31.55,31.7,30.5,30.5,-1.05,2119
2022-09-26,6125,5025983,147663715,29.75,30.0,28.85,29.25,-1.25,2593
2022-09-27,6125,4091213,118498691,29.45,29.5,28.6,29.0,-0.25,2125
2022-09-28,6125,4350537,120977034,29.15,29.15,27.1,27.1,-1.9,2334
2022-09-29,6125,3106671,86730004,28.5,28.5,27.5,27.55,0.45,1903
2022-09-30,6125,2750214,74444554,26.85,27.6,26.55,27.5,-0.05,1623
2022-10-03,6125,2325117,62974888,27.0,27.45,26.85,27.0,-0.5,1375
2022-10-04,6125,6078563,173512556,27.55,28.85,27.55,28.8,1.8,2659
2022-10-05,6125,9726729,283773454,29.2,29.9,28.3,28.4,-0.4,4960
2022-10-06,6125,2792002,78890081,28.8,28.8,28.0,28.25,-0.15,1508
2022-10-07,6125,2119891,59273689,28.2,28.35,27.75,27.9,-0.35,1168
2022-10-11,6125,5469058,143402092,27.05,27.1,25.75,25.95,-1.95,2762
2022-10-12,6125,2744257,70791196,25.95,26.1,25.4,25.65,-0.3,1472
2022-10-13,6125,4950221,122463684,25.8,25.95,24.05,24.05,-1.6,2197
2022-10-14,6125,2500276,63129773,25.25,25.6,24.9,25.45,1.4,1370
2022-10-17,6125,2025961,49822676,24.7,25.05,24.1,24.9,-0.55,1367
2022-10-18,6125,2322702,58675338,25.55,25.65,24.9,25.3,0.4,1501
2022-10-19,6125,2708746,68773900,25.3,25.8,25.0,25.1,-0.2,1505
2022-10-20,6125,1955821,47940554,25.1,25.1,24.2,24.55,-0.55,1131
2022-10-21,6125,1652782,40052275,24.65,24.65,24.05,24.05,-0.5,986
2022-10-24,6125,952432,23363322,24.6,24.7,24.35,24.4,0.35,584
2022-10-25,6125,2166941,51799273,24.65,24.65,23.6,23.65,-0.75,1224
2022-10-26,6125,1635851,38475728,23.8,23.85,23.25,23.25,-0.4,929
2022-10-27,6125,1849697,44078596,23.4,24.3,23.3,24.3,1.05,938
2022-10-28,6125,3084025,73740940,24.1,24.3,23.55,23.55,-0.75,1672
2022-10-31,6125,1721969,41401054,24.0,24.3,23.8,24.15,0.6,975
2022-11-01,6125,6412434,159315449,24.5,25.15,24.4,24.75,0.6,3406
2022-11-02,6125,2361609,58871521,25.0,25.2,24.8,24.9,0.15,1292
2022-11-03,6125,2194701,55005656,24.6,25.3,24.45,25.2,0.3,1067
2022-11-04,6125,2107829,53275338,25.2,25.45,25.05,25.4,0.2,1098
2022-11-07,6125,4304028,107278353,25.45,25.45,24.65,24.9,-0.5,2277
2022-11-08,6125,2191127,55099346,25.0,25.35,24.85,24.85,-0.05,1205
2022-11-09,6125,2092333,52773712,25.2,25.4,25.1,25.15,0.3,1115
2022-11-10,6125,1967765,49903512,25.1,25.55,25.0,25.25,0.1,1017
2022-11-11,6125,3812829,96605417,25.8,26.0,25.0,25.0,-0.25,1653
2022-11-14,6125,2249902,56211882,25.15,25.25,24.75,25.05,0.05,1120
2022-11-15,6125,2746177,69554691,25.1,25.5,25.05,25.5,0.45,1537
2022-11-16,6125,2320617,58583486,25.45,25.65,25.05,25.05,-0.45,1073
2022-11-17,6125,2337676,59615936,25.1,25.7,25.1,25.65,0.6,1222
2022-11-18,6125,3247546,84051569,25.8,26.1,25.6,25.9,0.25,1633
2022-11-21,6125,2128999,54662614,26.05,26.15,25.35,25.35,-0.55,1138
2022-11-22,6125,1362063,34281775,25.6,25.6,25.0,25.0,-0.35,782
2022-11-23,6125,2466665,62767813,25.25,25.7,25.2,25.55,0.55,1211
2022-11-24,6125,1180307,29939645,25.6,25.65,25.2,25.35,-0.2,725
2022-11-25,6125,1295633,32947550,25.35,25.65,25.3,25.3,-0.05,651
2022-11-28,6125,1866246,47335995,25.15,25.6,24.8,25.5,0.2,985
2022-11-29,6125,1339486,33969043,25.5,25.55,25.1,25.55,0.05,842
2022-11-30,6125,3499982,91007590,25.6,26.25,25.6,25.95,0.4,1575
2022-12-01,6125,3099766,81496307,26.4,26.7,26.1,26.15,0.2,1554
2022-12-02,6125,3477197,92389143,26.1,26.9,26.1,26.65,0.5,1632
2022-12-05,6125,9348818,254634561,26.85,27.6,26.8,27.35,0.7,4725
2022-12-06,6125,4999689,133458594,27.0,27.1,26.25,26.95,-0.4,2494
2022-12-07,6125,4038516,105989407,26.7,26.7,25.8,26.0,-0.95,2234
2022-12-08,6125,1780319,46753687,26.2,26.45,26.1,26.35,0.35,910
2022-12-09,6125,6125471,164517039,26.55,27.2,26.45,26.7,0.35,2969
2022-12-12,6125,2444752,64232334,26.6,26.65,26.1,26.3,-0.4,1339
2022-12-13,6125,2308170,61659872,26.75,27.0,26.45,26.45,0.15,1337
2022-12-14,6125,2014549,53929135,26.75,26.95,26.5,26.9,0.45,1169
2022-12-15,6125,1693371,45616955,26.7,27.15,26.7,26.8,-0.1,987
2022-12-16,6125,1658352,43742580,26.45,26.5,26.25,26.3,-0.5,885
2022-12-19,6125,1157972,30184535,26.3,26.3,25.95,25.95,-0.35,661
2022-12-20,6125,2353995,59822926,25.95,26.25,24.9,24.95,-1.0,1252
2022-12-21,6125,1020877,25671749,25.05,25.4,25.0,25.05,0.1,627
2022-12-22,6125,717382,18173222,25.45,25.5,25.2,25.25,0.2,449
2022-12-23,6125,1032570,25888457,24.8,25.5,24.6,25.45,0.2,611
2022-12-26,6125,3538745,93088395,26.2,26.55,26.05,26.2,0.75,1787
2022-12-27,6125,1222434,32081455,26.2,26.45,26.05,26.05,-0.15,753
2022-12-28,6125,1091325,28064404,25.9,26.05,25.5,25.5,-0.55,667
2022-12-29,6125,1088974,27665862,25.3,25.7,25.15,25.65,0.15,584
2022-12-30,6125,763588,19523709,25.85,25.95,25.4,25.4,-0.25,488
2023-01-03,6125,585904,14858234,25.3,25.55,25.15,25.4,0.0,424
2023-01-04,6125,495355,12654744,25.6,25.65,25.4,25.6,0.2,384
2023-01-05,6125,849905,21836084,25.8,25.9,25.5,25.5,-0.1,485
2023-01-06,6125,437795,11176557,25.5,25.6,25.4,25.6,0.1,281
2023-01-09,6125,1066026,27576011,25.9,26.0,25.75,25.85,0.25,504
2023-01-10,6125,877510,22591893,25.8,25.95,25.6,25.6,-0.25,475
2023-01-11,6125,697490,17925101,25.75,25.9,25.6,25.65,0.05,387
2023-01-12,6125,785296,20120633,25.7,25.85,25.5,25.5,-0.15,438
2023-01-13,6125,1176148,29732085,25.75,25.75,25.15,25.15,-0.35,642
2023-01-16,6125,430024,10822735,25.15,25.25,25.1,25.15,0.0,328
2023-01-17,6125,779904,19672358,25.25,25.35,25.15,25.15,0.0,435
2023-01-30,6125,1797502,46372004,25.7,26.15,25.5,25.9,0.75,912
2023-01-31,6125,4713770,124719401,26.05,26.75,26.0,26.6,0.7,2211
2023-02-01,6125,1966444,52031451,26.7,26.7,26.2,26.5,-0.1,981
2023-02-02,6125,1554184,41316640,26.65,26.75,26.4,26.6,0.1,787
2023-02-03,6125,1762940,46825260,26.65,26.75,26.3,26.4,-0.2,872
2023-02-06,6125,1220149,32287412,26.4,26.6,26.3,26.45,0.05,597
2023-02-07,6125,1050557,27870641,26.6,26.7,26.4,26.5,0.05,552
2023-02-08,6125,2590084,69543754,26.7,27.05,26.65,26.8,0.3,1281
2023-02-09,6125,3471699,94070787,26.6,27.35,26.6,27.15,0.35,1518
2023-02-10,6125,2892102,76709755,27.1,27.15,26.15,26.25,-0.9,1443
2023-02-13,6125,601997,15811180,26.2,26.35,26.1,26.35,0.1,406
2023-02-14,6125,603323,15970485,26.55,26.6,26.4,26.45,0.1,364
2023-02-15,6125,1025148,27132115,26.4,26.65,26.3,26.55,0.1,560
2023-02-16,6125,1688106,45242413,26.6,27.0,26.6,26.9,0.35,825
2023-02-17,6125,1308597,35308830,26.75,27.15,26.7,27.1,0.2,693
2023-02-20,6125,6480289,178953210,27.25,27.85,27.05,27.65,0.55,3235
2023-02-21,6125,2655295,72761519,27.65,27.65,27.25,27.35,-0.3,1584
2023-02-22,6125,3959036,109153130,27.05,28.05,26.9,27.75,0.4,1947
2023-02-23,6125,5353097,149314313,28.05,28.2,27.55,27.7,-0.05,2790
2023-02-24,6125,2136421,58909573,27.65,27.8,27.35,27.8,0.1,1128
2023-03-01,6125,2957179,82108891,27.8,28.05,27.55,27.65,-0.15,1568
2023-03-02,6125,1351988,37469922,27.65,27.85,27.6,27.8,0.15,684
2023-03-03,6125,2027040,55952869,27.6,27.85,27.5,27.55,-0.25,1118
2023-03-06,6125,1458243,40395623,27.6,27.8,27.6,27.7,0.15,842
2023-03-07,6125,3383288,94993167,27.95,28.25,27.9,28.0,0.3,1664
2023-03-08,6125,5188945,147930734,27.9,28.75,27.8,28.7,0.7,2247
2023-03-09,6125,5807594,167681199,28.85,29.35,28.5,28.6,-0.1,2976
2023-03-10,6125,3053595,85369020,28.25,28.4,27.7,27.75,-0.85,1600
2023-03-13,6125,2213489,60612001,27.5,27.75,27.0,27.65,-0.1,1194
2023-03-14,6125,2950544,82572586,27.6,28.35,27.45,28.05,0.4,1504
2023-03-15,6125,16556995,488202901,28.6,30.0,28.5,29.35,1.3,7737
2023-03-16,6125,6587400,188769121,29.4,29.4,28.1,28.3,-1.05,3824
2023-03-17,6125,4450839,128462154,28.6,29.2,28.35,29.1,0.8,2104
2023-03-20,6125,4459481,131557180,29.35,29.8,29.2,29.45,0.35,2167
2023-03-21,6125,4083788,120620367,29.55,29.85,29.35,29.5,0.05,1729
2023-03-22,6125,6690401,200045078,29.9,30.5,29.35,29.35,-0.15,3519
2023-03-23,6125,2711318,79676601,29.2,29.6,29.1,29.35,0.0,1559
2023-03-24,6125,3038677,88607310,29.55,29.7,28.9,29.15,-0.2,1937
2023-03-27,6125,2028281,59663414,29.45,29.65,29.25,29.3,0.15,1291
2023-03-28,6125,2524423,72923648,29.7,29.7,28.6,28.65,-0.65,1520
2023-03-29,6125,1301163,37346897,28.85,28.85,28.6,28.65,0.0,772
2023-03-30,6125,9010669,264566545,29.05,29.7,29.05,29.5,0.85,3927
2023-03-31,6125,3285877,96022800,29.5,29.5,29.05,29.05,-0.45,1681
2023-04-06,6125,2793426,81360120,29.05,29.6,28.6,29.3,0.25,1610
2023-04-07,6125,9312540,279883628,29.85,30.3,29.8,29.9,0.6,4387
2023-04-10,6125,6225517,188759887,30.2,30.7,29.95,30.7,0.8,3486
2023-04-11,6125,4883288,148734465,31.0,31.0,30.2,30.2,-0.5,2529
2023-04-12,6125,2676538,81386442,30.2,30.6,30.15,30.4,0.2,1431
2023-04-13,6125,10675762,333654086,30.8,32.2,30.55,31.2,0.8,5449
2023-04-14,6125,5506647,170885778,31.1,31.4,30.75,31.2,0.0,2882
2023-04-17,6125,7259875,230634632,31.6,32.2,31.3,31.5,0.3,4054
2023-04-18,6125,5072408,159898809,31.55,31.9,31.0,31.5,0.0,2470
2023-04-19,6125,9830062,317152965,31.85,32.9,31.75,32.05,0.55,4807
2023-04-20,6125,5996224,189309449,32.4,32.4,31.1,31.1,-0.95,2872
2023-04-21,6125,6479136,202507268,31.25,32.0,30.5,31.35,0.25,3261
2023-04-24,6125,2079265,65215362,31.55,31.55,31.2,31.35,0.0,1497
2023-04-25,6125,4757265,149097673,31.8,32.2,30.6,30.9,-0.45,2779
2023-04-26,6125,1870370,57938432,30.8,31.3,30.7,30.9,0.0,1365
2023-04-27,6125,1979726,61714123,31.0,31.4,30.75,31.2,0.3,1228
2023-04-28,6125,2542908,80533007,31.6,31.8,31.55,31.7,0.5,1313
2023-05-02,6125,2357441,75231380,32.0,32.2,31.7,31.75,0.05,1300
2023-05-03,6125,1685216,53493523,31.7,32.05,31.5,31.5,-0.25,977
2023-05-04,6125,2261705,71657080,31.6,31.95,31.25,31.85,0.35,1125
2023-05-05,6125,7479167,242458861,31.85,32.8,31.85,32.6,0.75,3505
2023-05-08,6125,18346965,548311737,31.95,31.95,29.35,29.35,-3.25,9288
2023-05-09,6125,7318007,212082339,29.4,29.65,28.6,28.65,-0.7,4069
2023-05-10,6125,3584873,103916473,28.8,29.25,28.5,29.2,0.55,1811
2023-05-11,6125,3986995,113537528,28.85,29.05,28.15,28.3,-0.9,2338
2023-05-12,6125,1627658,46410659,28.2,28.75,28.2,28.6,0.3,819
2023-05-15,6125,1999976,56604721,28.6,28.6,28.1,28.25,-0.35,1089
2023-05-16,6125,2257278,64882410,28.35,28.95,28.35,28.7,0.45,1231
2023-05-17,6125,3791676,110991875,28.85,29.75,28.65,29.3,0.6,2070
2023-05-18,6125,2607940,76576100,29.6,29.7,29.1,29.4,0.1,1418
2023-05-19,6125,5757568,171884654,29.75,30.15,29.5,29.5,0.1,2860
2023-05-22,6125,4645115,140811474,29.65,30.8,29.65,30.1,0.6,2298
2023-05-23,6125,6391337,196691239,30.1,31.25,30.05,30.95,0.85,2935
2023-05-24,6125,4074524,127207634,30.85,31.5,30.8,31.35,0.4,1994
2023-05-25,6125,17550649,567714595,31.9,32.9,31.35,32.65,1.3,7937
2023-05-26,6125,10311929,335356464,33.15,33.3,31.85,32.05,-0.6,5595
2023-05-29,6125,23419143,805401536,33.0,35.25,32.7,35.1,3.05,11107
2023-05-30,6125,16760761,582294918,35.1,35.45,34.05,34.6,-0.5,8491
2023-05-31,6125,10810445,375277734,35.0,35.3,34.3,34.5,-0.1,5549
2023-06-01,6125,11466637,386332117,34.15,34.4,32.85,34.35,-0.15,6106
2023-06-02,6125,19140717,715551529,36.35,37.75,36.3,37.75,3.4,7242
2023-06-05,6125,38954009,1580798297,39.0,41.5,38.7,41.5,3.75,13739
2023-06-06,6125,56798580,2310288045,41.5,41.85,39.2,41.6,0.1,23106
2023-06-07,6125,51511232,2196160389,43.0,44.45,41.35,42.2,0.6,25087
2023-06-08,6125,30786164,1317688161,43.0,43.7,42.0,42.3,0.1,16106
2023-06-09,6125,46457839,2057186783,43.5,46.2,42.85,44.7,2.4,23645
2023-06-12,6125,23323636,1011045212,44.65,44.75,42.5,42.75,-1.95,11897
2023-06-13,6125,33966270,1525301095,43.0,46.8,43.0,45.3,2.55,17998
2023-06-14,6125,26096546,1199617947,45.45,46.95,44.8,46.0,0.7,15021
2023-06-15,6125,14568294,670255891,46.25,46.55,45.45,46.05,0.05,7551
2023-06-16,6125,20806587,983047590,47.5,48.5,46.1,47.85,1.8,11506
2023-06-19,6125,6168646,324470698,52.6,52.6,52.6,52.6,4.75,2535
2023-06-20,6125,3141738,181592387,57.8,57.8,57.8,57.8,5.2,1610
2023-06-21,6125,27643911,1739855617,63.5,63.5,61.4,63.5,5.7,12436
2023-06-26,6125,65444987,4289076885,64.3,67.2,64.0,65.3,1.8,35048
2023-06-27,6125,14925431,909721758,64.0,64.0,58.8,58.8,-6.5,9290
2023-06-28,6125,11602912,706971599,60.5,62.6,59.0,62.1,3.3,6845
2023-06-29,6125,6397461,400666201,63.3,63.8,61.5,62.6,0.5,3972
2023-06-30,6125,11072110,734240334,63.2,68.8,62.6,68.8,6.2,7278
2023-07-03,6125,5012730,371750901,72.0,75.6,72.0,75.6,6.8,3083
2023-07-04,6125,12132490,973735179,81.2,83.1,75.3,81.8,6.2,8752
2023-07-05,6125,7646298,617778996,81.0,82.8,76.8,81.3,-0.5,5659
2023-07-06,6125,10463995,883546433,79.4,87.5,78.8,87.5,0.0,7506
2023-07-07,6125,11584446,979612184,86.0,87.9,82.5,83.0,-4.5,8136
2023-07-10,6125,6714130,525673547,81.0,81.0,76.5,76.5,-6.5,3101
2023-07-11,6125,2787001,218785318,78.5,80.0,77.2,78.4,1.9,1673
2023-07-12,6125,3622909,279825920,80.0,80.0,76.0,76.4,-2.0,2182
2023-07-13,6125,4287494,335364608,78.4,80.5,76.4,77.0,0.6,2514
2023-07-14,6125,2473783,195827719,79.0,80.0,77.5,79.9,2.9,1546
2023-07-17,6125,3303247,271963769,80.2,84.0,80.2,83.4,3.5,1906
2023-07-18,6125,3077519,251916728,84.4,85.2,79.7,81.0,-2.4,1624
2023-07-19,6125,2725282,224784778,83.0,84.0,80.6,81.6,0.6,1566
2023-07-20,6125,4827696,417121150,81.7,89.7,81.7,89.7,8.1,2900
2023-07-21,6125,5135218,478312242,86.9,96.5,86.9,96.4,6.7,2855
2023-07-24,6125,48848073,4971284219,102.5,106.0,96.5,103.5,7.1,28160
2023-07-25,6125,40773293,4157508520,106.0,108.5,95.8,95.8,-7.7,29174
2023-07-26,6125,31393502,2835549340,96.2,97.0,86.3,86.3,-9.5,22437
2023-07-27,6125,53109501,4656421658,84.5,92.9,81.6,84.1,-2.2,35698
2023-07-28,6125,25018439,2092200002,84.6,85.5,82.2,83.3,-0.8,17197
2023-07-31,6125,31320208,2514211237,84.6,85.3,75.6,77.5,-5.8,19343
2023-08-01,6125,21555317,1681693844,80.0,80.6,76.0,76.9,-0.6,14245
2023-08-02,6125,26523095,1910571028,76.9,76.9,69.3,69.3,-7.6,16776
2023-08-04,6125,28477573,1980458548,69.0,71.8,67.2,68.3,-1.0,17645
2023-08-07,6125,31883266,2267360264,68.5,73.9,64.3,72.4,4.1,20859
2023-08-08,6125,17366987,1224694841,71.8,72.7,69.1,69.9,-2.5,10833
2023-08-09,6125,16136790,1145855932,68.2,72.6,67.5,70.6,0.7,10719
2023-08-10,6125,15038211,1016135648,69.6,69.9,65.8,67.0,-3.6,9862
2023-08-11,6125,18690650,1311358073,69.4,71.7,68.6,69.8,2.8,12362
2023-08-14,6125,26849026,1917043279,69.3,73.8,67.6,71.3,1.5,17483
2023-08-15,6125,21131610,1528968458,73.0,74.3,70.9,71.8,0.5,13224
2023-08-16,6125,12682656,906042959,70.7,72.5,70.0,72.5,0.7,8102
2023-08-17,6125,24505148,1825825536,71.5,76.7,71.3,75.7,3.2,17047
2023-08-18,6125,20260161,1494010199,75.7,76.4,70.6,72.3,-3.4,15439
2023-08-21,6125,20275466,1595545507,75.0,79.5,75.0,79.5,7.2,9667
2023-08-22,6125,55597382,4677019371,85.5,86.7,81.2,84.0,4.5,37709
2023-08-23,6125,29527869,2440070949,84.5,85.4,79.7,81.5,-2.5,20880
2023-08-24,6125,23662705,1961477543,84.8,85.5,80.8,80.9,-0.6,16896
2023-08-25,6125,13775984,1098655365,79.0,81.7,77.1,80.6,-0.3,9850
2023-08-28,6125,19116890,1470221809,80.9,81.0,74.4,75.4,-5.2,13654
2023-08-29,6125,7718867,589654221,76.4,77.3,75.1,76.7,1.3,5354
2023-08-30,6125,6656132,516570337,78.0,78.6,76.8,77.2,0.5,4769
2023-08-31,6125,14303583,1136427230,76.8,80.9,76.3,80.9,3.7,8458
2023-09-01,6125,9958811,787114409,80.5,80.5,77.9,78.9,-2.0,7745
2023-09-04,6125,6190624,483387539,78.5,79.6,77.0,77.0,-1.9,5019
2023-09-05,6125,5552868,433430184,77.2,79.4,77.1,77.5,0.5,4204
2023-09-06,6125,6040703,476588282,77.6,79.9,77.6,78.9,1.4,5110
2023-09-07,6125,6546710,516155661,79.5,79.8,78.1,78.2,-0.7,5013
2023-09-08,6125,6835798,523576264,78.0,78.3,75.5,75.5,-2.7,5532
2023-09-11,6125,13990084,958414828,69.0,70.7,68.0,68.0,-7.5,8658
2023-09-12,6125,25493512,1573998874,61.2,63.3,61.2,61.5,-6.5,15089
2023-09-13,6125,7960623,496752633,62.1,63.0,61.8,62.7,1.2,6367
2023-09-14,6125,7452013,474239336,63.5,64.6,62.8,63.1,0.4,5171
2023-09-15,6125,4525340,287570253,63.9,64.2,63.0,63.4,0.3,3197
2023-09-18,6125,3616849,224595929,62.5,62.7,61.7,61.8,-1.6,2803
2023-09-19,6125,5055248,308677352,62.1,62.6,60.1,60.7,-1.1,3603
2023-09-20,6125,4851839,296142517,60.9,62.2,60.4,60.5,-0.2,3493
2023-09-21,6125,5689957,338098341,60.2,60.2,58.6,59.5,-1.0,4011
2023-09-22,6125,5779464,350251864,59.0,61.5,58.6,61.4,1.9,4781
2023-09-25,6125,3714021,230264620,61.5,62.7,61.3,61.9,0.5,3073
2023-09-26,6125,3323566,205757177,61.8,62.8,60.9,61.0,-0.9,2624
2023-09-27,6125,2388518,146823523,61.4,62.2,60.5,62.0,1.0,1911
2023-09-28,6125,10122136,647511268,62.4,64.9,62.4,64.2,2.2,7299
2023-10-02,6125,7489468,489847173,65.2,66.6,64.3,64.8,0.6,5716
2023-10-03,6125,4593505,291691033,65.0,65.2,62.5,62.6,-2.2,3702
2023-10-04,6125,3448406,215170494,61.7,63.3,61.4,63.2,0.6,2478
2023-10-05,6125,3373253,215813993,63.7,65.0,63.2,63.7,0.5,2457
2023-10-06,6125,2728277,175237388,63.7,64.9,63.7,63.9,0.2,2080
2023-10-11,6125,9365667,563939610,62.0,62.0,58.6,59.5,-4.4,6613
2023-10-12,6125,2713624,163810870,59.8,60.9,59.7,60.5,1.0,2056
2023-10-13,6125,3130743,187726662,60.4,61.2,59.1,59.1,-1.4,2370
2023-10-16,6125,3918935,228588078,58.6,59.2,57.5,58.4,-0.7,2764
2023-10-17,6125,4331192,249723518,59.1,59.7,56.6,56.7,-1.7,3470
2023-10-18,6125,5043033,280114848,56.2,56.7,54.8,55.0,-1.7,3445
2023-10-19,6125,3034582,168449121,55.2,56.1,54.9,55.7,0.7,2293
2023-10-20,6125,3310811,180424277,55.4,55.4,53.5,54.6,-1.1,2531
2023-10-23,6125,2455579,135105577,54.1,55.9,54.0,54.6,0.0,2379
2023-10-24,6125,2076661,115212256,54.9,55.9,54.7,55.9,1.3,2013
2023-10-25,6125,2443774,138152924,56.4,57.4,55.9,55.9,0.0,2223
2023-10-26,6125,3626104,195451783,54.8,54.9,53.0,53.0,-2.9,2891
2023-10-27,6125,3136762,166819632,53.2,54.2,52.5,52.9,-0.1,2133
2023-10-30,6125,1690709,89886289,53.5,53.8,52.6,52.6,-0.3,1539
2023-10-31,6125,5181970,264777202,53.5,53.5,49.85,49.85,-2.75,3614
2023-11-01,6125,3492681,178110903,50.7,51.5,50.2,51.1,1.25,2355
2023-11-02,6125,2811134,148297972,52.5,53.2,52.1,52.8,1.7,2293
2023-11-03,6125,1896433,100267324,53.3,53.5,52.4,52.5,-0.3,1905
2023-11-06,6125,1889941,100415453,52.8,53.6,52.8,53.3,0.8,1345
2023-11-07,6125,1632624,86595814,53.1,53.9,52.6,52.7,-0.6,1216
2023-11-08,6125,2564917,137423125,52.9,54.2,52.5,53.3,0.6,1980
2023-11-09,6125,8320970,419073063,52.4,52.4,49.7,49.85,-3.45,5962
2023-11-10,6125,3834142,194385550,50.0,51.5,49.95,50.7,0.85,2603
2023-11-13,6125,2430708,124086959,51.3,51.6,50.4,51.0,0.3,1582
2023-11-14,6125,1624261,82430424,50.8,51.4,50.5,50.6,-0.4,1254
2023-11-15,6125,2098295,106657036,51.6,51.8,50.2,50.2,-0.4,1712
2023-11-16,6125,5445643,273114194,50.4,51.2,48.9,50.8,0.6,3869
2023-11-17,6125,17762553,952854838,51.6,55.8,51.5,55.8,5.0,11148
2023-11-20,6125,36147878,2133378320,58.5,61.3,56.8,61.3,5.5,21107
2023-11-21,6125,35595154,2224706491,62.1,63.9,61.4,62.0,0.7,21174
2023-11-22,6125,13447468,807397043,60.6,60.8,59.2,59.6,-2.4,8370
2023-11-23,6125,29605733,1859177819,60.6,64.8,59.9,62.2,2.6,18465
2023-11-24,6125,15480319,979381933,62.8,64.4,62.1,63.3,1.1,10495
2023-11-27,6125,8632201,537409058,63.8,64.2,60.8,61.5,-1.8,5599
2023-11-28,6125,5128122,318008871,61.7,63.0,61.3,62.0,0.5,3329
2023-11-29,6125,10014921,628883244,63.5,64.3,61.6,61.9,-0.1,5995
2023-11-30,6125,7580889,473303988,62.5,63.2,61.6,62.9,1.0,5282
2023-12-01,6125,12601306,801694130,63.0,64.5,62.1,64.0,1.1,7729
2023-12-04,6125,31697358,2100441950,64.6,68.3,64.4,64.9,0.9,21336
2023-12-05,6125,7529213,476231891,63.9,64.2,62.6,63.0,-1.9,7070
2023-12-06,6125,6537484,418540686,64.4,64.8,63.4,64.0,1.0,4308
2023-12-07,6125,5342821,340889653,63.9,64.9,63.1,63.3,-0.7,4132
2023-12-08,6125,4940266,312617796,64.3,64.6,62.1,62.8,-0.5,3878
2023-12-11,6125,6975909,425980497,61.3,62.3,59.2,61.3,-1.5,4389
2023-12-12,6125,5759471,348447562,62.0,62.2,59.5,59.6,-1.7,4350
2023-12-13,6125,4342522,257331527,60.0,60.5,58.5,58.9,-0.7,3341
2023-12-14,6125,2776733,164301859,59.7,60.0,58.5,58.6,-0.3,2229
2023-12-15,6125,2752397,161275984,59.0,59.2,58.2,58.2,-0.4,2069
2023-12-18,6125,3103016,178358379,58.2,58.5,56.9,57.0,-1.2,2480
2023-12-19,6125,2346693,132597044,57.0,57.6,56.1,56.6,-0.4,1797
2023-12-20,6125,2276139,131031158,56.9,58.0,56.8,57.9,1.3,1828
2023-12-21,6125,1688479,96364272,57.1,57.7,56.7,56.8,-1.1,1441
2023-12-22,6125,2051032,117418817,57.1,57.8,56.4,56.9,0.1,1393
2023-12-25,6125,1764487,99828070,57.1,57.5,56.1,56.6,-0.3,1647
2023-12-26,6125,1180866,67281831,56.5,57.3,56.5,57.1,0.5,868
2023-12-27,6125,1904267,108289218,57.5,57.5,56.5,57.1,0.0,1514
2023-12-28,6125,11672040,697539828,57.7,62.3,57.4,60.8,3.7,7509
2023-12-29,6125,34894671,2224358241,61.3,66.0,61.3,63.0,2.2,21424
2024-01-02,6125,8917081,560602701,63.2,64.1,61.7,63.7,0.7,7528
2024-01-03,6125,4008804,252016592,62.6,63.7,62.2,62.2,-1.5,3809
2024-01-04,6125,6385482,387453669,61.8,62.1,59.7,60.7,-1.5,5184
2024-01-05,6125,2366268,143189266,60.4,61.4,59.8,59.8,-0.9,1819
2024-01-08,6125,2284062,135590472,60.1,60.4,58.5,58.5,-1.3,1783
2024-01-09,6125,5066781,289914256,58.4,58.6,56.4,56.5,-2.0,3285
2024-01-10,6125,3517183,202040416,56.3,58.4,56.0,58.0,1.5,2395
2024-01-11,6125,3176092,187165130,57.8,59.8,57.6,59.2,1.2,2426
2024-01-12,6125,2265544,132466201,59.0,59.5,57.9,58.0,-1.2,1965
2024-01-15,6125,10959209,666580302,61.2,62.5,59.6,60.0,2.0,6934
2024-01-16,6125,3257194,196035340,60.2,60.9,59.5,60.2,0.2,2603
2024-01-17,6125,4541429,271998226,61.1,61.2,58.5,58.6,-1.6,3604
2024-01-18,6125,2079392,120919850,58.9,59.4,57.5,57.9,-0.7,1681
2024-01-19,6125,5551670,334038202,58.7,61.2,58.5,60.6,2.7,3735
2024-01-22,6125,11796705,733363849,61.5,63.3,60.8,62.4,1.8,8332
2024-01-23,6125,5015890,307279302,62.7,62.7,60.8,60.8,-1.6,3756
2024-01-24,6125,3537151,215381519,61.0,61.5,60.4,60.4,-0.4,2057
2024-01-25,6125,2863233,171624450,61.2,61.2,59.3,59.3,-1.1,2224
2024-01-26,6125,2429516,142689925,59.5,59.5,58.3,58.3,-1.0,1824
2024-01-29,6125,1781306,104803350,58.4,59.6,57.8,59.5,1.2,1334
2024-01-30,6125,10825914,665666631,60.3,62.4,60.2,60.9,1.4,7328
2024-01-31,6125,3497704,213599558,60.7,61.7,60.5,60.7,-0.2,2707
2024-02-01,6125,4364105,268813028,60.8,62.3,60.6,61.5,0.8,3122
2024-02-02,6125,12946406,811457669,61.9,63.5,61.6,62.9,1.4,8726
2024-02-05,6125,5877824,362786094,62.9,62.9,60.9,62.0,-0.9,5938
2024-02-15,6125,27919796,1790207521,58.1,66.6,58.1,66.2,4.2,16393
2024-02-16,6125,36992833,2543761987,66.0,72.1,65.4,70.8,4.6,23388
2024-02-19,6125,36895354,2749712195,71.9,77.0,71.5,74.7,3.9,23639
2024-02-20,6125,16360087,1207810744,74.5,75.6,72.4,74.7,0.0,13566
2024-02-21,6125,24214250,1853614224,75.2,78.6,72.8,77.4,2.7,16066
2024-02-22,6125,17117767,1323802762,78.4,78.6,76.3,76.5,-0.9,11522
2024-02-23,6125,15319371,1156593940,77.8,77.8,73.5,73.8,-2.7,10302
2024-02-26,6125,26023842,2051650398,74.5,81.1,74.4,81.1,7.3,14840
2024-02-27,6125,63243103,5084414174,83.0,84.8,74.7,77.5,-3.6,36474
2024-02-29,6125,43135163,3522542374,76.8,85.2,76.2,85.2,7.7,25947
2024-03-01,6125,80540422,7085423503,85.2,93.0,83.8,86.7,1.5,51108
2024-03-04,6125,46722685,4182874659,90.0,91.9,87.1,87.6,0.9,27883
2024-03-05,6125,26254926,2292549297,88.5,89.5,85.5,87.5,-0.1,16739
2024-03-06,6125,62691784,5762132357,86.6,95.6,86.3,91.5,4.0,40654
2024-03-07,6125,46144080,4133177670,92.2,93.8,85.2,86.1,-5.4,29611
2024-03-08,6125,48102019,3922758814,87.4,88.0,77.5,77.8,-8.3,29873
2024-03-11,6125,30447160,2445678359,78.8,83.1,78.1,79.3,1.5,19070
2024-03-12,6125,31290132,2572891866,80.5,84.5,78.3,83.7,4.4,19588
2024-03-13,6125,37494177,3112503623,85.5,87.0,78.8,81.7,-2.0,26672
2024-03-14,6125,18095244,1431600867,80.5,81.7,77.3,78.9,-2.8,12747
2024-03-15,6125,15894281,1268352235,78.2,81.6,78.1,80.0,1.1,11381
2024-03-18,6125,12157414,982823389,80.8,81.8,79.5,81.5,1.5,8624
2024-03-19,6125,10803206,863724716,81.5,81.7,78.7,78.9,-2.6,8390
2024-03-20,6125,8535105,676817660,79.0,80.4,78.6,78.6,-0.3,6068
2024-03-21,6125,9629463,771484470,80.5,81.5,79.0,79.0,0.4,6525
2024-03-22,6125,7748026,614718073,79.6,80.8,78.2,80.4,1.4,5922
2024-03-25,6125,60377503,5221985629,83.0,88.4,82.9,88.4,8.0,32202
2024-03-26,6125,59130433,5234691549,89.0,91.8,82.7,82.7,-5.7,40817
2024-03-27,6125,15851832,1353338691,84.4,86.6,84.0,84.0,1.3,12141
2024-03-28,6125,10001199,849000271,84.9,86.5,83.1,84.5,0.5,8224
2024-03-29,6125,18088224,1535874253,84.1,87.4,82.8,82.8,0.0,12277
2024-04-01,6125,5644477,472377462,84.5,85.0,83.0,83.0,0.2,5705
2024-04-02,6125,10191605,831530703,84.0,84.0,80.5,80.8,-2.2,8093
2024-04-03,6125,8309659,673683495,80.4,82.9,79.2,81.2,0.4,6257
2024-04-08,6125,19024258,1598468415,81.1,85.9,80.8,84.0,2.8,12690
2024-04-09,6125,11696131,980992364,84.0,85.0,82.5,84.5,0.5,9690
2024-04-10,6125,10216394,851357810,85.0,85.2,82.1,82.4,-2.1,7797
2024-04-11,6125,7739481,631403331,82.8,83.1,80.2,81.0,-1.4,6448
2024-04-12,6125,8646051,696366944,81.5,82.4,79.6,80.0,-1.0,6291
2024-04-15,6125,6789740,533205835,79.4,79.7,77.8,78.2,-1.8,5325
2024-04-16,6125,8196817,620312060,77.0,77.3,74.5,77.3,-0.9,5902
2024-04-17,6125,28276148,2359915125,77.9,85.0,77.5,85.0,7.7,17357
2024-04-18,6125,25416529,2162867595,84.0,86.6,83.2,84.2,-0.8,16048
2024-04-19,6125,38188178,3270455256,83.0,89.5,81.6,87.3,3.1,23669
2024-04-22,6125,39655597,3398069745,88.0,89.3,80.6,80.6,-6.7,26549
2024-04-23,6125,32476573,2774714894,82.5,88.6,82.5,87.4,6.8,20276
2024-04-24,6125,92576846,8506895773,89.0,94.7,87.9,90.2,2.8,56407
2024-04-25,6125,46156950,4199270641,88.9,93.4,88.1,90.5,0.3,29529
2024-04-26,6125,45174050,4168141319,93.6,94.3,89.9,91.7,1.2,32680
2024-04-29,6125,35384486,3276199422,94.0,95.3,89.8,90.0,-1.7,20970
2024-04-30,6125,34594327,3192915917,90.1,93.7,89.8,91.7,1.7,23969
2024-05-02,6125,15356933,1398201402,92.2,92.5,90.0,90.4,-1.3,13369
2024-05-03,6125,23732413,2172684948,92.0,93.8,88.6,89.5,-0.9,15608
2024-05-06,6125,18021434,1640726447,91.0,92.8,89.7,89.7,0.2,11373
2024-05-07,6125,19253135,1696956836,91.0,91.4,86.0,87.5,-2.2,13042
2024-05-08,6125,7208738,630027609,87.9,88.0,86.5,87.1,-0.4,5199
2024-05-09,6125,11104491,960698033,87.5,88.8,84.9,85.3,-1.8,8061
2024-05-10,6125,14596147,1250153902,84.7,87.8,83.2,87.6,2.3,9522
2024-05-13,6125,33000441,2994167766,88.5,93.0,86.3,91.0,3.4,20729
2024-05-14,6125,29347144,2713577270,91.2,93.6,90.3,93.0,2.0,20368
2024-05-15,6125,22752667,2100901609,94.7,94.8,90.5,90.8,-2.2,17063
2024-05-16,6125,17550748,1613207617,91.5,93.5,90.3,90.7,-0.1,11533
2024-05-17,6125,11769912,1079239381,90.3,92.8,90.3,92.0,1.3,7679
2024-05-20,6125,73284947,7122071084,93.2,101.0,91.7,95.8,3.8,39384
2024-05-21,6125,74358263,7527180501,97.2,105.0,96.0,105.0,9.2,42820
2024-05-22,6125,80400396,8573965005,106.0,109.5,103.0,104.0,-1.0,46134
2024-05-23,6125,85320826,9425971498,107.0,114.0,104.5,114.0,10.0,46274
2024-05-24,6125,54789924,6289506601,114.0,119.0,111.0,119.0,5.0,31638
2024-05-27,6125,70374908,8863817833,122.5,130.5,120.5,124.0,5.0,40111
2024-05-28,6125,43875225,5349082087,122.0,125.0,117.0,123.5,-0.5,26007
2024-05-29,6125,87149458,10841613284,126.0,133.0,116.5,117.0,-6.5,48410
2024-05-30,6125,51915252,5873723129,114.5,116.5,111.0,111.5,-5.5,26784
2024-05-31,6125,28462437,3437673414,117.0,122.5,115.5,122.5,11.0,10695
2024-06-03,6125,6836818,919551922,134.5,134.5,134.5,134.5,12.0,3261
2024-06-04,6125,131368252,17147435965,134.5,140.0,121.5,121.5,-13.0,75826
2024-06-05,6125,60442672,7338132989,125.5,126.5,118.0,118.0,-3.5,36448
2024-06-06,6125,43576564,5131173308,123.0,123.5,113.0,114.5,-3.5,26542
2024-06-07,6125,21047713,2398938507,114.5,116.0,111.5,115.5,1.0,13432
2024-06-11,6125,31825530,3443386611,115.0,115.0,104.5,108.5,-7.0,20492
2024-06-12,6125,26365233,2948499000,109.0,116.0,107.5,114.5,6.0,15634
2024-06-13,6125,24800208,2863434860,116.5,119.0,111.5,111.5,-3.0,16700
2024-06-14,6125,8829330,995491249,113.0,114.5,111.5,111.5,0.0,6229
2024-06-17,6125,7404904,828360485,112.0,114.0,110.0,110.5,-1.0,5532
2024-06-18,6125,9807318,1096540221,111.0,115.0,109.0,109.0,0.0,7264
2024-06-19,6125,10293418,1097744276,110.0,111.0,105.0,105.5,-3.5,8512
2024-06-20,6125,13517152,1476005774,106.0,111.5,105.5,110.5,5.0,9167
2024-06-21,6125,9733092,1065907333,110.0,111.5,107.0,111.5,1.0,6786
2024-06-24,6125,9234412,999624939,111.0,112.5,106.0,106.5,-5.0,7108
2024-06-25,6125,6716089,701944795,105.5,106.5,102.0,105.5,-1.0,4832
2024-06-26,6125,10456651,1130284781,107.0,110.0,106.5,106.5,1.0,7173
2024-06-27,6125,5324392,560586221,105.0,107.0,104.0,104.0,-2.5,4285
2024-06-28,6125,22794507,2521133864,105.0,113.5,104.5,110.0,6.0,14499
2024-07-01,6125,10706260,1178943153,111.0,112.0,108.0,108.5,-1.5,8031
2024-07-02,6125,9312901,1023051763,108.5,112.0,107.5,108.5,0.0,6709
2024-07-03,6125,7020087,765063472,109.5,110.5,108.0,108.0,-0.5,5105
2024-07-04,6125,13455110,1494621597,109.5,114.0,109.0,110.0,2.0,9224
2024-07-05,6125,11661082,1265415657,110.0,110.5,107.0,110.0,0.0,7863
2024-07-08,6125,8178214,897344504,111.0,112.5,107.5,107.5,-2.5,5829
2024-07-09,6125,5319200,568145938,108.0,109.0,105.5,105.5,-2.0,4307
2024-07-10,6125,4383640,468018082,106.5,108.5,105.0,107.0,1.5,3241
2024-07-11,6125,10971610,1133385604,105.0,105.0,102.0,103.0,-4.0,9298
2024-07-12,6125,4965777,504612666,100.5,104.0,100.0,100.5,-2.5,4492
2024-07-15,6125,8384152,832803980,101.0,101.5,98.5,98.5,-2.0,7216
2024-07-16,6125,6169864,615447758,98.5,101.0,98.3,99.2,0.7,5669
2024-07-17,6125,26180382,2811328717,100.0,109.0,99.9,109.0,9.8,17545
2024-07-18,6125,30133706,3291916667,105.0,113.0,104.5,112.0,3.0,20566
2024-07-19,6125,16989251,1865149353,112.0,112.5,107.0,108.5,-3.5,11200
2024-07-22,6125,33939187,3756362619,108.5,114.0,106.0,107.0,-1.5,22919
2024-07-23,6125,12721675,1375655518,111.0,112.0,105.0,105.5,-1.5,9686
2024-07-26,6125,8466416,852580268,102.0,102.5,99.8,99.8,-5.7,7458
2024-07-29,6125,14544988,1383264175,100.5,102.0,91.3,91.5,-8.3,11153
2024-07-30,6125,14358923,1369966854,91.6,99.7,91.6,97.9,6.4,10708
2024-07-31,6125,14321873,1433483046,97.0,102.5,96.5,99.1,1.2,11114
2024-08-01,6125,13729908,1421400552,102.0,106.5,100.0,106.0,6.9,8692
2024-08-02,6125,8782415,889806300,100.0,104.5,99.2,99.3,-6.7,7623
2024-08-05,6125,5632322,508749862,94.0,94.0,89.4,89.4,-9.9,4912
2024-08-06,6125,15936126,1331920412,91.3,91.5,80.5,81.8,-7.6,11122
2024-08-07,6125,7613826,666266281,81.9,89.9,81.9,89.9,8.1,4820
2024-08-08,6125,10962038,982089344,89.0,92.3,86.3,89.2,-0.7,7814
2024-08-09,6125,11947721,1117717874,93.5,95.7,91.6,92.2,3.0,8277
2024-08-12,6125,7516947,704894952,92.5,95.8,92.0,92.1,-0.1,5909
2024-08-13,6125,5213105,481220606,93.5,94.5,90.7,92.2,0.1,3988
2024-08-14,6125,9944291,911950993,94.1,94.4,89.3,90.8,-1.4,6936
2024-08-15,6125,4864649,442033773,91.4,91.9,89.7,91.3,0.5,3791
2024-08-16,6125,6903601,642252334,93.1,94.5,92.4,92.7,1.4,4609
2024-08-19,6125,19596178,1915564922,96.0,101.0,93.9,97.1,4.4,13917
2024-08-20,6125,22285984,2236017592,98.9,104.0,98.4,98.7,1.6,16256
2024-08-21,6125,11038511,1099774080,98.3,101.5,97.8,99.8,1.1,7422
2024-08-22,6125,17636460,1758565457,100.5,103.5,96.9,97.1,-2.7,13028
2024-08-23,6125,9713388,954804625,96.0,99.5,95.1,99.5,2.4,7008
2024-08-26,6125,7603721,748064582,101.0,101.0,96.5,96.5,-3.0,7361
2024-08-27,6125,6266442,618298522,96.4,99.9,96.3,99.0,2.5,4622
2024-08-28,6125,5069895,499611397,99.6,100.0,97.5,97.5,-1.5,6496
2024-08-29,6125,3172106,308326082,97.0,98.4,96.3,96.6,-0.9,2861
2024-08-30,6125,4241672,407298776,97.3,97.9,95.1,95.2,-1.4,3947
2024-09-02,6125,4949513,478573463,95.8,98.5,95.2,95.2,0.0,3379
2024-09-03,6125,4482518,424652849,95.9,96.8,93.0,93.0,-2.2,4228
2024-09-04,6125,4878680,435909783,88.5,90.6,85.5,90.5,-2.5,4009
2024-09-05,6125,4334865,395368067,91.7,93.3,88.9,90.1,-0.4,3496
2024-09-06,6125,2291963,206679832,90.2,91.2,89.6,89.6,-0.5,1883
2024-09-09,6125,2671957,235573114,86.4,89.4,86.4,89.4,-0.2,2221
2024-09-10,6125,4783123,412861638,89.7,90.7,83.4,84.9,-4.5,4030
2024-09-11,6125,4647470,404989203,85.6,88.8,84.3,88.5,3.6,3377
2024-09-12,6125,4992203,449916571,90.1,91.2,88.9,90.6,2.1,4763
2024-09-13,6125,2625994,238403790,91.2,91.5,90.0,91.0,0.4,2264
2024-09-16,6125,1919278,174495810,91.4,91.9,90.4,90.4,-0.6,2210
2024-09-18,6125,1522170,137423772,90.7,91.3,89.4,89.4,-1.0,1528
2024-09-19,6125,8496051,790019938,89.9,94.2,89.9,93.6,4.2,6668
2024-09-20,6125,14053608,1324554435,94.5,97.4,92.3,92.3,-1.3,8956
2024-09-23,6125,4126014,385808870,93.0,94.9,92.7,92.7,0.4,3731
2024-09-24,6125,5138222,475259015,94.4,94.8,91.0,91.2,-1.5,4211
2024-09-25,6125,4595145,430038870,91.8,94.5,91.8,93.9,2.7,3262
2024-09-26,6125,8967504,851848060,94.5,96.7,92.9,94.0,0.1,6810
2024-09-27,6125,5112435,479364078,94.3,95.6,92.5,92.5,-1.5,5592
2024-09-30,6125,2417681,221803812,92.0,93.5,91.0,91.0,-1.5,1943
2024-10-01,6125,1900393,172806392,91.7,92.3,90.2,90.2,-0.8,1706
2024-10-04,6125,2812285,252465899,91.2,92.1,88.8,90.0,-0.2,2599
2024-10-07,6125,2714182,247275904,90.3,92.3,90.0,90.8,0.8,1937
2024-10-08,6125,2011148,181330787,91.2,91.4,89.4,90.1,-0.7,1974
2024-10-09,6125,3465702,307757920,91.0,91.7,87.2,87.5,-2.6,3045
2024-10-11,6125,1752569,154125168,88.0,88.7,87.2,87.7,0.2,1762
2024-10-14,6125,1760309,154343864,88.2,88.5,87.2,87.5,-0.2,1888
2024-10-15,6125,4817399,432286016,88.3,91.6,87.6,90.8,3.3,3584
2024-10-16,6125,7093715,653079980,89.0,94.0,89.0,92.5,1.7,6123
2024-10-17,6125,13665430,1304258803,92.6,97.4,92.6,94.6,2.1,10422
2024-10-18,6125,6599914,624264168,95.9,96.7,92.8,93.2,-1.4,7532
2024-10-21,6125,4942744,471564100,93.7,96.9,93.7,95.5,2.3,3934
2024-10-22,6125,3084249,293808608,94.7,96.2,94.4,95.3,-0.2,3908
2024-10-23,6125,1976847,187940593,95.2,96.0,94.5,94.7,-0.6,2063
2024-10-24,6125,3381107,314811278,94.3,95.7,91.7,92.5,-2.2,3264
2024-10-25,6125,1507123,139197624,92.4,93.2,91.7,92.1,-0.4,1514
2024-10-28,6125,2644768,238982811,92.6,92.7,89.2,90.1,-2.0,2755
2024-10-29,6125,1803288,161433024,89.7,90.9,88.9,88.9,-1.2,1925
2024-10-30,6125,1357067,120369826,89.7,89.7,87.9,88.5,-0.4,1700
2024-11-01,6125,1630458,143670345,87.0,89.5,86.1,89.5,1.0,1327
2024-11-04,6125,1350416,119186506,89.1,89.3,87.6,87.6,-1.9,1381
2024-11-05,6125,2075234,185150649,87.5,90.5,87.5,88.6,1.0,1624
2024-11-06,6125,1205745,107668532,89.3,90.5,88.8,88.8,0.2,1101
2024-11-07,6125,2325569,210574253,89.2,91.2,89.2,91.0,2.2,1799
2024-11-08,6125,2095739,188230094,91.5,91.5,89.0,89.1,-1.9,1826
2024-11-11,6125,2010582,176313909,88.1,88.9,87.1,87.9,-1.2,1820
2024-11-12,6125,3878592,330004800,86.8,87.5,83.7,83.9,-4.0,3779
2024-11-13,6125,1776057,150887238,83.9,85.6,83.9,85.0,1.1,1333
2024-11-14,6125,3564614,295121805,85.2,86.3,81.0,83.1,-1.9,3103
2024-11-15,6125,1780056,146785922,83.0,84.3,81.7,81.9,-1.2,1637
2024-11-18,6125,2802215,225286425,82.4,82.7,79.4,79.4,-2.5,2314
2024-11-19,6125,3480527,288624308,80.1,84.9,79.7,84.9,5.5,2577
2024-11-20,6125,1269542,106996982,85.0,85.3,83.6,84.4,-0.5,2170
2024-11-21,6125,721785,60782523,84.5,84.8,83.9,83.9,-0.5,711
2024-11-22,6125,1638168,140031372,84.9,86.5,84.8,84.8,0.9,1946
2024-11-25,6125,1111280,95605109,86.0,86.4,85.2,86.4,1.6,1411
2024-11-26,6125,3042196,263374470,86.6,88.4,85.3,85.3,-1.1,3125
2024-11-27,6125,1823829,155749827,86.0,87.4,84.1,84.3,-1.0,1367
2024-11-28,6125,1348810,111463037,84.5,84.7,81.5,82.5,-1.8,1233
2024-11-29,6125,1540100,129944194,82.4,85.3,82.3,85.2,2.7,1190
2024-12-02,6125,728967,62218867,85.3,86.0,84.8,85.1,-0.1,833
2024-12-03,6125,2367733,204140755,86.6,88.0,85.1,85.2,0.1,1516
2024-12-04,6125,1028859,88693762,85.7,86.6,85.7,86.1,0.9,988
2024-12-05,6125,924042,79175233,86.9,86.9,85.2,85.2,-0.9,1755
2024-12-06,6125,990199,84852962,86.1,86.5,85.2,85.4,0.2,1187
2024-12-09,6125,794399,67987129,86.0,86.3,84.7,86.0,0.6,760
2024-12-10,6125,1851253,156242199,85.0,85.7,83.6,84.0,-2.0,1896
2024-12-11,6125,881588,74271060,83.5,84.9,83.4,84.1,0.1,662
2024-12-12,6125,4385634,381262408,85.0,88.3,84.9,85.9,1.8,3110
2024-12-13,6125,1579865,134029173,86.2,86.3,84.0,84.6,-1.3,1376
2024-12-16,6125,1755778,145408078,84.4,85.4,81.1,81.7,-2.9,1497
2024-12-17,6125,1656995,135325657,81.9,82.7,81.1,81.4,-0.3,1445
2024-12-18,6125,2115538,169865238,81.5,81.5,79.0,80.9,-0.5,1736
2024-12-19,6125,1544882,123373644,79.5,80.7,79.3,80.7,-0.2,1354
2024-12-20,6125,7245676,612315503,81.0,86.6,81.0,84.0,3.3,5225
2024-12-23,6125,4384300,375697992,85.9,86.8,84.9,85.7,1.7,3983
2024-12-24,6125,12806038,1149647565,86.0,91.2,86.0,90.9,5.2,9463
2024-12-25,6125,7089198,645062290,91.2,91.8,90.0,91.0,0.1,11012
2024-12-26,6125,8971518,826250176,91.5,94.1,90.2,90.4,-0.6,7274
2024-12-27,6125,2197355,197761764,90.5,91.3,89.4,89.6,-0.8,2418
2024-12-30,6125,3032011,271659073,90.0,91.9,87.7,87.7,-1.9,2669
2024-12-31,6125,1984322,176345370,87.3,90.2,87.3,90.1,2.4,1670
2025-01-02,6125,1886480,168720366,90.5,90.6,88.1,89.0,-1.1,1904
2025-01-03,6125,3106721,280715912,89.3,91.8,88.6,90.8,1.8,2893
2025-01-06,6125,20563652,1942669565,93.8,96.9,92.3,93.2,2.4,15347
2025-01-07,6125,24859059,2401723830,93.7,98.9,92.5,98.0,4.8,22463
2025-01-08,6125,43414729,4336957281,98.3,104.0,96.5,96.5,-1.5,34005
2025-01-09,6125,14968796,1424427673,96.5,98.9,92.0,92.0,-4.5,12794
2025-01-10,6125,5643792,515487573,92.0,92.6,90.4,90.6,-1.4,4431
2025-01-13,6125,5393568,474247116,90.6,90.6,85.7,88.8,-1.8,4897
2025-01-14,6125,2410166,214174169,88.8,89.6,87.8,89.4,0.6,2947
2025-01-15,6125,4225972,368141979,89.6,90.0,85.5,85.5,-3.9,3984
2025-01-16,6125,3151473,279040640,87.7,89.3,87.6,88.4,2.9,2626
2025-01-17,6125,2195556,191517433,88.9,88.9,86.5,86.6,-1.8,2737
2025-01-20,6125,3429863,291852301,86.4,87.1,83.7,86.1,-0.5,3043
2025-01-21,6125,1495202,127854863,86.1,86.4,85.1,85.3,-0.8,1768
2025-01-22,6125,2237201,190201243,85.8,86.4,84.2,84.8,-0.5,2165
2025-02-03,6125,2335628,190999268,81.8,83.0,80.7,82.4,-2.4,2226
2025-02-04,6125,1500856,121786241,82.5,83.0,80.2,81.2,-1.2,1574
2025-02-05,6125,1253727,103391001,82.0,83.2,81.5,82.5,1.3,1450
2025-02-06,6125,1535838,126881543,83.5,83.9,81.9,82.0,-0.5,2453
2025-02-07,6125,1307010,107507404,82.2,82.8,81.6,82.1,0.1,1498
2025-02-10,6125,1125968,91629680,81.9,81.9,80.8,81.6,-0.5,1247
2025-02-11,6125,1664360,137048249,82.0,82.9,81.6,82.7,1.1,1450
2025-02-12,6125,5707991,488193069,83.1,87.2,83.1,85.6,2.9,4684
2025-02-13,6125,1619688,138610312,85.5,86.0,85.0,86.0,0.4,2626
2025-02-14,6125,2979935,258310206,86.5,88.0,85.7,86.2,0.2,2606
2025-02-17,6125,3334915,292794113,87.0,89.4,86.8,87.2,1.0,3586
2025-02-18,6125,1511708,131606938,88.3,88.3,86.3,87.4,0.2,1922
2025-02-19,6125,3539645,316077124,88.0,90.6,87.4,90.0,2.6,3316
2025-02-20,6125,2060724,183561973,89.6,89.9,88.4,89.3,-0.7,3631
2025-02-21,6125,3557483,321342587,89.1,91.5,88.5,91.5,2.2,3945
2025-02-24,6125,6701535,617048286,91.5,94.0,90.5,90.7,-0.8,8258
2025-02-25,6125,2599634,234055117,90.5,91.9,89.1,89.8,-0.9,4439
2025-02-26,6125,1259232,113516568,89.8,90.7,89.5,89.9,0.1,1531
2025-02-27,6125,3027885,274509399,90.7,92.3,89.3,90.2,0.3,3204
2025-03-03,6125,1611450,142026610,88.6,89.8,87.2,87.3,-2.9,3371
2025-03-04,6125,1688736,145961223,85.9,88.4,84.3,88.1,0.8,1425
2025-03-05,6125,1224925,109194516,88.3,89.7,88.1,89.7,1.6,1625
2025-03-06,6125,1094787,97191936,90.6,90.6,88.0,88.1,-1.6,3590
2025-03-07,6125,1134034,98887732,87.5,88.2,86.5,86.6,-1.5,1364
2025-03-10,6125,982431,84499906,86.8,87.4,85.2,85.6,-1.0,991
2025-03-11,6125,1769389,147639523,83.8,85.3,81.5,84.8,-0.8,2408
2025-03-12,6125,885208,76043779,85.3,86.6,85.1,85.6,0.8,1059
2025-03-13,6125,1404193,120052617,86.7,87.5,83.8,84.2,-1.4,1638
2025-03-14,6125,2635548,228221958,84.2,88.4,83.7,88.4,4.2,2047
2025-03-17,6125,2647175,236052350,89.0,89.9,88.2,89.9,1.5,2386
2025-03-18,6125,2811668,253422334,90.3,91.6,89.1,89.6,-0.3,2640
2025-03-19,6125,5651452,481845687,88.3,88.8,83.8,84.1,-5.5,5052
2025-03-20,6125,1130791,95663555,85.2,85.2,84.2,84.3,0.2,1252
2025-03-21,6125,1371948,115111997,85.0,85.0,83.5,83.8,-0.5,1365
2025-03-24,6125,1481163,122514303,84.5,84.7,82.0,82.0,-1.8,2016
2025-03-25,6125,803577,66039388,83.0,83.1,81.8,81.8,-0.2,1176
2025-03-26,6125,509020,41733368,82.0,82.5,81.8,82.0,0.2,1275
2025-03-27,6125,955985,77247064,81.3,81.3,80.6,80.8,-1.2,1352
2025-03-28,6125,4645961,352072455,80.0,80.1,73.6,73.6,-7.2,4379
2025-03-31,6125,6097873,408238698,66.4,69.2,66.3,66.3,-7.3,4209
2025-04-01,6125,4084404,276667477,67.3,69.0,65.8,68.0,1.7,2823
2025-04-02,6125,1783903,122730973,68.6,69.3,67.6,69.2,1.2,1532
2025-04-07,6125,225281,14034937,62.3,62.3,62.3,62.3,-6.9,395
2025-04-08,6125,720476,40418615,56.1,56.1,56.1,56.1,-6.2,927
2025-04-09,6125,1032734,52152991,50.5,50.5,50.5,50.5,-5.6,990
2025-04-10,6125,4019749,222179544,55.0,55.5,54.0,55.5,5.0,2250
2025-04-11,6125,5147202,269163285,49.95,54.0,49.95,54.0,-1.5,3403
2025-04-14,6125,3745693,213706373,55.9,59.0,55.4,56.6,2.6,2791
2025-04-15,6125,2828426,166220588,56.9,59.9,56.9,59.8,3.2,3031
2025-04-16,6125,3492572,210775062,60.0,61.6,59.3,59.9,0.1,3141
2025-04-17,6125,1653551,98360112,59.3,60.5,58.2,59.9,0.0,1586
2025-04-18,6125,1293058,78303029,60.0,61.4,59.6,60.2,0.3,1086
2025-04-21,6125,1710165,99171776,60.6,60.7,56.3,56.3,-3.9,1597
2025-04-22,6125,2023541,113766135,54.9,57.7,54.0,56.4,0.1,1600
2025-04-23,6125,1839511,109430210,58.6,60.5,58.3,60.4,4.0,1595
2025-04-24,6125,1171365,70457325,60.6,61.3,59.5,59.6,-0.8,1189
2025-04-25,6125,1449923,88651156,61.5,62.0,60.5,60.8,1.2,1328
2025-04-28,6125,842633,51918593,61.8,62.2,61.1,61.6,0.8,752
2025-04-29,6125,1497558,94273642,61.9,64.4,61.2,63.8,2.2,1470
2025-04-30,6125,2235159,144137908,64.1,66.4,63.0,63.0,-0.8,2022
2025-05-02,6125,945205,60678859,64.1,64.8,63.7,63.9,0.9,839
2025-05-05,6125,1365288,84693196,64.5,64.5,60.4,61.7,-2.2,1419
2025-05-06,6125,679754,42198390,61.1,62.7,61.1,62.1,0.4,635
2025-05-07,6125,610048,37766883,62.4,63.0,61.3,61.8,-0.3,887
2025-05-08,6125,768278,48498576,62.3,63.8,62.3,63.5,1.7,709
2025-05-09,6125,1047960,66993139,64.1,65.0,63.2,63.7,0.2,1237
2025-05-12,6125,1417951,92088880,64.5,65.7,63.5,65.1,1.4,1229
2025-05-13,6125,1228372,80902900,66.5,67.0,64.8,65.4,0.3,2093
2025-05-14,6125,1630948,108700325,66.0,67.4,66.0,66.7,1.3,1623
2025-05-15,6125,1850426,124746072,67.0,68.3,66.4,67.5,0.8,1533
2025-05-16,6125,3506931,242029911,68.2,70.5,67.3,69.4,1.9,2662
2025-05-19,6125,6964876,492251769,70.0,73.2,68.7,69.8,0.4,5525
2025-05-20,6125,4085234,281971292,70.1,70.4,67.8,69.5,-0.3,2962
2025-05-21,6125,10235006,744689815,70.6,75.0,70.6,72.3,2.8,8095
2025-05-22,6125,3394844,244907443,71.3,73.0,70.4,72.5,0.2,2931
2025-05-23,6125,2158064,155812030,72.6,73.0,71.5,72.5,0.0,1822
2025-05-26,6125,9752712,726446601,74.0,76.2,72.5,73.0,0.5,7260
2025-05-27,6125,3215232,228862235,73.0,73.0,70.1,70.3,-2.7,3037
2025-05-28,6125,2343005,163639874,71.8,71.9,68.8,68.8,-1.5,2183
2025-05-29,6125,1575364,107955559,69.5,69.7,67.9,68.8,0.0,1387
2025-06-02,6125,1360373,91561767,68.3,68.6,66.2,67.8,-1.0,1229
2025-06-03,6125,1605668,110459014,68.3,70.5,67.8,68.6,0.8,1418
2025-06-04,6125,1235214,85823577,69.2,70.0,69.2,69.2,0.6,1123
2025-06-05,6125,890108,61488216,70.0,70.0,68.6,68.6,-0.6,894
2025-06-06,6125,750254,50973270,68.6,69.0,67.5,67.5,-1.1,771
2025-06-09,6125,716404,48275818,67.8,68.2,66.7,67.7,0.2,667
2025-06-10,6125,741012,50764551,67.6,68.8,67.6,68.6,0.9,739
2025-06-11,6125,1478945,102163430,68.4,69.9,68.2,69.6,1.0,1127
2025-06-12,6125,2786825,198378974,69.5,72.2,69.1,71.3,1.7,2342
2025-06-13,6125,1597124,111824556,71.0,71.0,69.4,69.7,-1.6,1543
2025-06-16,6125,787803,54115285,69.0,69.1,68.2,68.9,-0.8,774
2025-06-17,6125,646976,44654397,69.4,69.9,68.3,68.6,-0.3,602
2025-06-18,6125,684146,47089698,69.0,69.4,68.4,68.8,0.2,645
2025-06-19,6125,1067172,72398991,68.8,69.7,67.1,67.1,-1.7,973
2025-06-20,6125,1338865,88771113,68.6,68.6,65.7,65.9,-1.2,820
2025-06-23,6125,745789,48214172,65.0,65.5,63.6,65.1,-0.8,769
2025-06-24,6125,1158611,78349745,66.1,68.4,66.1,67.9,2.8,1030
2025-06-25,6125,934461,63764071,68.2,68.8,67.7,67.7,0.0,741
2025-06-26,6125,768624,52272778,68.5,69.1,67.1,67.1,-0.6,772
2025-06-27,6125,1250055,82643096,67.8,67.8,65.3,65.8,-1.3,1200
2025-06-30,6125,871352,56311816,66.0,66.3,64.0,64.0,-1.8,896
2025-07-01,6125,1049329,67087433,64.5,65.0,63.2,63.2,-0.8,994
2025-07-02,6125,1151916,72167247,63.1,63.5,62.0,62.0,-1.2,1118
2025-07-03,6125,1001015,62908369,62.4,63.2,62.4,62.6,0.6,799
2025-07-04,6125,1426975,87476671,62.7,63.4,60.5,60.6,-2.0,1353
2025-07-07,6125,961658,58094152,60.6,61.1,59.5,60.7,0.1,795
2025-07-08,6125,848613,50773261,60.0,60.5,59.2,60.0,-0.7,783
2025-07-09,6125,469723,28393215,60.0,60.7,59.8,60.6,0.6,436
2025-07-10,6125,656034,39558586,60.6,60.9,59.8,60.1,-0.5,612
2025-07-11,6125,3382172,217634387,64.0,65.4,63.3,64.2,4.1,2752
2025-07-14,6125,1877884,121105764,64.5,65.5,63.5,63.5,-0.7,1758
2025-07-15,6125,3777465,250088268,64.5,67.5,63.8,66.9,3.4,2901
2025-07-16,6125,1480316,98350035,67.0,67.3,65.9,65.9,-1.0,1387
2025-07-17,6125,1049424,69977252,66.7,67.5,66.1,66.3,0.4,890
2025-07-18,6125,1261437,84566770,67.4,67.9,66.3,67.0,0.7,1137
2025-07-21,6125,1554664,105400451,67.3,68.4,66.8,67.7,0.7,1499
2025-07-22,6125,8622577,598519614,69.8,70.9,67.3,68.5,0.8,6403
2025-07-23,6125,9284034,661677824,68.7,73.8,68.5,70.8,2.3,6917
2025-07-24,6125,10686290,786474101,71.1,75.0,70.3,74.7,3.9,9066
2025-07-25,6125,6705976,496042398,74.1,75.6,72.8,73.8,-0.9,6890
2025-07-28,6125,4111547,304897391,73.9,75.5,72.4,75.0,1.2,3355
2025-07-29,6125,3125995,230817414,75.0,75.2,73.0,73.2,-1.8,3025
2025-07-30,6125,2780580,203595805,73.2,74.3,71.7,73.4,0.2,3457
2025-07-31,6125,2198866,162568103,73.6,74.7,73.0,73.5,0.1,3434
2025-08-01,6125,4375865,327099843,72.4,75.8,71.7,75.5,2.0,4844
2025-08-04,6125,4568089,345504490,74.5,76.6,74.3,75.0,-0.5,4022
2025-08-05,6125,2836505,213530800,75.9,76.7,74.6,74.6,-0.4,2710
2025-08-06,6125,6184606,468923501,75.2,77.7,74.5,74.9,0.3,5055
2025-08-07,6125,2109082,158823008,75.6,76.2,74.9,75.0,0.1,2407
2025-08-08,6125,13894665,1088409123,76.0,80.5,75.6,78.5,3.5,10011
2025-08-11,6125,8891470,708147781,78.5,81.5,76.8,79.6,1.1,7451
2025-08-12,6125,11229043,914195710,83.0,85.4,79.1,80.4,0.8,8821
2025-08-13,6125,9268575,758140540,81.2,83.5,80.0,81.4,1.0,8572
2025-08-14,6125,5943032,488115554,82.2,83.9,81.1,81.9,0.5,5952
2025-08-15,6125,10764728,905593514,82.2,87.6,80.9,86.2,4.3,7597
2025-08-18,6125,18223368,1600610374,88.2,90.2,86.4,86.9,0.7,13013
2025-08-19,6125,9699964,813380295,87.0,87.8,81.8,82.6,-4.3,8776
2025-08-20,6125,5521669,445008101,82.5,83.0,79.1,79.8,-2.8,5313
2025-08-21,6125,11431644,954090183,83.0,85.9,81.1,81.1,1.3,10951
2025-08-22,6125,5221150,417313589,82.0,82.3,78.5,78.5,-2.6,5114
2025-08-25,6125,4161003,338841004,81.1,82.8,80.5,80.6,2.1,4220
2025-08-26,6125,2497523,201551093,81.5,81.6,80.1,80.4,-0.2,2528
2025-08-27,6125,2870778,231868966,81.0,81.6,80.3,80.4,0.0,2509
2025-08-28,6125,3719954,301484584,80.4,82.0,79.6,80.5,0.1,2938
2025-08-29,6125,2763532,222126782,81.5,82.0,79.7,79.7,-0.8,2744
2025-09-01,6125,3352121,260204153,79.7,80.2,76.4,76.7,-3.0,3213
2025-09-02,6125,2020063,155440815,77.8,78.2,75.9,76.8,0.1,2607
2025-09-03,6125,1353592,103724020,76.6,77.3,76.1,76.6,-0.2,2163
2025-09-04,6125,1499930,115065370,77.2,77.6,76.2,76.2,-0.4,1655
2025-09-05,6125,1163014,89116145,77.1,77.8,76.0,76.1,-0.1,1691
2025-09-08,6125,1161461,88668084,76.6,77.3,75.4,76.6,0.5,1192
2025-09-09,6125,1994747,154597673,77.2,78.5,76.9,77.1,0.5,2076
2025-09-10,6125,2051422,160726324,77.4,79.5,77.3,78.2,1.1,2033
2025-09-11,6125,2506386,194066598,78.7,79.3,76.5,76.5,-1.7,2684
2025-09-12,6125,1396390,107971549,76.8,78.0,76.7,77.0,0.5,1468
2025-09-15,6125,5545738,439991604,77.5,81.5,76.2,78.7,1.7,4845
2025-09-16,6125,9481178,764294989,80.9,81.9,78.9,81.9,3.2,7910
2025-09-17,6125,4047392,327044701,81.1,82.0,79.8,80.4,-1.5,4185
2025-09-18,6125,4996794,406684974,80.7,82.4,79.8,81.4,1.0,5869
2025-09-19,6125,3601131,289565766,82.0,82.0,79.4,79.7,-1.7,4646
2025-09-22,6125,3591464,280409168,79.3,80.0,77.3,77.7,-2.0,3487
2025-09-23,6125,4259010,335135438,78.5,80.2,77.5,77.5,-0.2,3555
2025-09-24,6125,2177479,166942029,78.1,78.1,76.1,76.5,-1.0,2727
2025-09-25,6125,1619903,124973988,76.5,78.1,76.3,76.7,0.2,1387
2025-09-26,6125,3405453,250178041,76.6,76.6,72.2,72.4,-4.3,3306
2025-09-30,6125,824045,60116772,73.1,73.5,72.4,73.2,0.8,1015
2025-10-01,6125,979971,72503651,73.6,74.5,73.4,73.9,0.7,1152
2025-10-02,6125,904057,66295217,74.4,74.8,72.7,72.7,-1.2,1447
2025-10-03,6125,852488,61983492,72.8,73.2,72.2,73.1,0.4,1068
2025-10-07,6125,1354075,100911580,73.6,75.4,73.3,74.3,1.2,1383
2025-10-08,6125,862861,63540074,74.2,74.7,73.1,73.3,-1.0,1469
2025-10-09,6125,1380507,100241395,73.8,74.3,72.2,72.3,-1.0,1768
2025-10-13,6125,1725379,123461864,70.0,73.4,68.7,73.2,0.9,1570
2025-10-14,6125,1604301,116962993,73.7,74.6,71.1,71.1,-2.1,1567
2025-10-15,6125,832551,60176158,71.3,73.0,71.1,72.8,1.7,1186
2025-10-16,6125,1423098,105587606,74.0,74.8,73.2,74.3,1.5,1725
2025-10-17,6125,931746,68785215,74.3,74.9,73.2,73.2,-1.1,2415
2025-10-20,6125,971699,70590732,73.4,73.5,72.1,72.2,-1.0,1159
2025-10-21,6125,1645987,121704899,72.3,74.7,72.3,73.7,1.5,1710
2025-10-22,6125,1181758,88062606,73.3,75.1,73.3,74.5,0.8,1966
2025-10-23,6125,2190037,158574560,73.8,74.1,71.7,72.0,-2.5,2566
2025-10-27,6125,1738066,123853994,72.7,73.0,70.8,71.1,-0.9,1581
2025-10-28,6125,1130123,79752308,71.4,71.4,70.0,70.7,-0.4,969
2025-10-29,6125,835679,59138527,71.2,71.9,70.3,70.5,-0.2,1068
2025-10-30,6125,1082775,75902982,70.5,71.2,69.4,70.0,-0.5,1118
2025-10-31,6125,635943,44815389,70.5,71.0,70.2,70.3,0.3,746
2025-11-03,6125,1286606,90000886,70.4,70.8,69.3,69.6,-0.7,1169
2025-11-04,6125,1577736,108331293,70.0,70.2,68.0,68.0,-1.6,1474
2025-11-05,6125,1180685,80517510,67.2,69.0,66.5,68.7,0.7,946
2025-11-06,6125,692733,47601629,69.1,69.5,68.3,68.4,-0.3,949
2025-11-07,6125,979271,65800193,68.1,68.1,66.6,67.2,-1.2,969
2025-11-10,6125,799290,53565171,67.2,67.7,66.6,67.2,0.0,692
2025-11-11,6125,685483,46473131,68.0,68.3,67.3,67.3,0.1,967
2025-11-12,6125,1279894,85200908,67.6,67.8,65.8,66.2,-1.1,1613
2025-11-13,6125,1829898,119882445,66.2,66.2,64.9,65.2,-1.0,1667
2025-11-14,6125,980910,63333295,64.0,65.3,64.0,64.3,-0.9,1321
2025-11-17,6125,905463,57904125,64.3,64.5,63.5,63.8,-0.5,1029
2025-11-18,6125,1335127,83495442,63.2,63.5,62.0,62.0,-1.8,1608
2025-11-19,6125,894593,55552876,62.5,63.5,61.2,62.0,0.0,791
2025-11-20,6125,650343,40812777,63.3,63.4,62.3,62.9,0.9,662
2025-11-21,6125,1128950,68921447,62.1,62.4,60.1,60.4,-2.5,1022
2025-11-24,6125,1080665,66567191,61.6,62.1,60.5,62.1,1.7,790
2025-11-25,6125,643485,40116003,62.7,63.2,61.7,61.9,-0.2,976
2025-11-26,6125,1013655,64137423,62.7,63.7,62.7,63.0,1.1,916
2025-11-27,6125,460485,28963588,63.4,63.8,62.5,62.7,-0.3,735
2025-11-28,6125,564353,35403538,63.7,63.7,62.3,62.3,-0.4,564
2025-12-01,6125,601466,37381517,62.6,63.1,61.8,61.9,-0.4,548
2025-12-02,6125,506662,31329565,62.0,62.4,61.6,61.6,-0.3,507
2025-12-03,6125,847739,53036393,62.3,63.5,61.6,63.4,1.8,1044
2025-12-04,6125,2309871,148122137,64.0,65.2,63.0,64.1,0.7,2031
2025-12-05,6125,3467955,223344378,64.7,65.8,63.0,65.1,1.0,2510
2025-12-08,6125,2122415,135695999,64.4,64.9,63.2,64.0,-1.1,1704
2025-12-09,6125,1000654,64119430,63.8,64.7,63.5,64.4,0.4,782
2025-12-10,6125,3124913,204545425,65.0,66.8,63.9,63.9,-0.5,3068
2025-12-11,6125,2198457,143717154,64.1,66.0,64.0,65.9,2.0,1856
2025-12-12,6125,5731937,395090909,66.2,70.8,66.0,69.4,3.5,5061
2025-12-15,6125,4874274,328092966,69.3,69.4,65.0,65.4,-4.0,5698
2025-12-16,6125,2008596,128291650,65.0,65.4,63.0,63.1,-2.3,2040
2025-12-17,6125,816207,51842968,63.1,64.3,63.1,63.2,0.1,802
2025-12-18,6125,1318353,84149104,63.2,65.3,62.4,63.6,0.4,1075
2025-12-19,6125,2646737,175671006,65.0,67.8,64.3,66.1,2.5,2225
2025-12-22,6125,4186433,304096174,72.4,72.7,70.6,72.7,6.6,2102
2025-12-23,6125,11495147,828291278,71.3,73.6,70.3,73.3,0.6,7525
2025-12-24,6125,4589542,330881558,73.3,73.8,70.9,72.4,-0.9,4554
2025-12-26,6125,2853784,205764552,72.6,73.8,71.3,71.8,-0.6,2511
2025-12-29,6125,3110362,224847795,71.5,73.4,70.7,72.2,0.4,2279
2025-12-30,6125,6028602,435553464,73.6,73.7,71.0,73.0,0.8,5694
2025-12-31,6125,3169953,227527934,72.2,72.7,71.0,72.1,-0.9,2759
2026-01-02,6125,1512335,108596653,71.8,72.3,71.3,71.3,-0.8,1563
2026-01-05,6125,3194121,224647899,71.3,71.5,69.4,71.0,-0.3,2215
2026-01-06,6125,5680301,409062467,71.3,73.1,70.5,72.2,1.2,4535
2026-01-07,6125,10744304,810212338,74.1,78.0,73.9,74.7,2.5,8730
2026-01-08,6125,5061197,365887192,76.0,76.0,70.3,70.5,-4.2,6047
2026-01-09,6125,1520707,107094719,70.5,70.9,69.6,70.7,0.2,1592
2026-01-12,6125,1418075,100743157,70.7,72.0,70.5,70.8,0.1,1815
2026-01-13,6125,1834480,128102122,70.8,71.1,69.2,69.9,-0.9,1769
2026-01-14,6125,3786554,272489453,69.6,73.1,69.6,72.8,2.9,2561
2026-01-15,6125,1626378,116003615,72.2,72.4,70.8,71.3,-1.5,1922
2026-01-16,6125,1859369,130940758,71.8,71.8,70.0,70.0,-1.3,1635
2026-01-19,6125,1936513,135509639,69.5,70.8,68.9,70.2,0.2,1464
2026-01-20,6125,1417915,100315046,70.2,71.6,69.5,70.4,0.2,1452
2026-01-21,6125,2138634,148941247,70.0,71.1,68.5,68.5,-1.9,2630
2026-01-22,6125,1323064,91523631,69.5,70.1,68.5,68.5,0.0,1456
2026-01-23,6125,1640235,114050894,69.0,71.0,68.5,68.5,0.0,1379
2026-01-26,6125,10649314,790135486,71.2,75.3,71.2,75.3,6.8,7704
2026-01-27,6125,15637127,1158407385,76.1,76.8,72.1,72.9,-2.4,9647
2026-01-28,6125,11497496,877805930,73.3,78.6,72.8,75.6,2.7,7817
2026-01-29,6125,4291361,323410303,76.9,78.0,73.7,74.5,-1.1,4198
2026-01-30,6125,4942281,348403699,73.6,73.8,69.2,69.3,-5.2,4185
2026-02-02,6125,2891511,192189537,68.5,68.5,65.2,66.7,-2.6,2430
2026-02-03,6125,1727503,115475525,68.0,68.3,65.9,66.8,0.1,1382
2026-02-04,6125,894092,60031362,66.7,67.6,66.2,67.4,0.6,1006
2026-02-05,6125,1320952,87439013,67.0,67.6,65.4,65.4,-2.0,1229
2026-02-06,6125,1628209,103866317,65.5,65.5,62.9,64.1,-1.3,1328
2026-02-09,6125,1214350,78632624,65.4,66.1,64.2,64.2,0.1,957
2026-02-10,6125,1187826,75609714,64.5,64.8,63.3,63.7,-0.5,1086
2026-02-11,6125,1091400,68797494,63.6,63.7,62.7,63.0,-0.7,1109
2026-02-23,6125,3162456,195606540,63.5,63.5,60.7,62.6,-0.4,2396
2026-02-24,6125,1378222,87695993,62.9,64.2,62.9,63.9,1.3,1232
2026-02-25,6125,1673893,105475654,64.2,64.4,62.7,62.9,-1.0,1590
2026-02-26,6125,3346437,211673097,63.0,65.3,61.7,64.2,1.3,2361
2026-03-02,6125,3640128,229261680,61.0,64.2,61.0,63.9,-0.3,3089
2026-03-03,6125,2691217,166292222,63.9,63.9,61.0,61.4,-2.5,2554
2026-03-04,6125,1977227,116532225,60.2,60.7,58.1,58.2,-3.2,2027
2026-03-05,6125,1903276,114006120,59.8,60.6,58.9,59.9,1.7,1358
2026-03-06,6125,1219200,71866733,59.6,59.6,58.6,58.8,-1.1,1291
2026-03-09,6125,1560493,86850912,54.8,57.0,54.7,57.0,-1.8,2596
2026-03-10,6125,1102821,63778156,57.8,58.4,57.0,58.1,1.1,1438
2026-03-11,6125,2191809,134342760,59.0,62.7,58.8,62.3,4.2,2167
2026-03-12,6125,1495885,90499684,61.6,62.0,59.8,60.8,-1.5,2056
2026-03-13,6125,988717,59289790,59.0,60.9,59.0,59.6,-1.2,1490
2026-03-16,6125,977261,59196088,60.8,61.2,59.3,61.0,1.4,2168
2026-03-17,6125,7144041,458279192,61.4,66.8,61.1,64.3,3.3,6264
2026-03-18,6125,2662966,167210628,64.3,64.3,62.0,62.9,-1.4,3797
2026-03-19,6125,1312259,80443979,62.0,62.0,60.7,60.7,-2.2,2024
2026-03-20,6125,1220443,73337040,60.9,61.2,59.5,59.5,-1.2,1490
2026-03-23,6125,1112363,65004597,58.1,59.9,57.0,58.2,-1.3,1269
2026-03-24,6125,897251,52175757,59.1,59.5,57.1,58.0,-0.2,1129
2026-03-25,6125,904460,52957355,58.7,59.0,58.3,58.7,0.7,952
2026-03-26,6125,1021199,59400076,59.4,59.4,57.4,57.4,-1.3,1117
2026-03-27,6125,735644,41460374,56.6,56.9,56.0,56.7,-0.7,869
2026-03-30,6125,950777,52446475,55.5,56.1,54.4,55.4,-1.3,953
2026-03-31,6125,1331531,72143468,54.6,55.5,53.4,53.4,-2.0,1376
2026-04-01,6125,827129,45139830,54.9,55.1,54.3,54.4,1.0,784
2026-04-02,6125,832322,44585109,54.7,54.9,53.1,53.3,-1.1,987
2026-04-07,6125,1398632,73265675,53.8,53.9,51.8,51.8,-1.5,1524
2026-04-08,6125,1104191,58402535,52.8,53.2,52.5,52.9,1.1,1022
2026-04-09,6125,1409319,73264688,53.0,53.1,51.5,51.9,-1.0,1480
2026-04-10,6125,1058457,55169210,52.2,52.4,51.6,52.2,0.3,971
2026-04-13,6125,2332826,125183137,52.7,54.4,52.7,54.0,1.8,1950
2026-04-14,6125,1998469,109945284,54.5,56.2,53.3,55.8,1.8,1745
2026-04-15,6125,1646024,92198187,56.5,56.6,55.5,56.1,0.3,1253
2026-04-16,6125,1149814,64971623,56.7,57.0,56.1,56.5,0.4,1413
2026-04-17,6125,1110964,63113922,56.5,57.5,56.1,56.6,0.1,978
2026-04-20,6125,2709965,158512937,56.7,59.4,56.7,57.7,1.1,2274
2026-04-21,6125,1503998,86022329,58.6,58.6,56.5,57.1,-0.6,1487
2026-04-22,6125,1485980,85923272,57.2,58.5,57.2,57.8,0.7,1166
2026-04-23,6125,2013575,111718861,58.3,58.7,53.4,55.1,-2.7,1896
2026-04-24,6125,1060294,57497816,55.0,55.5,53.1,54.3,-0.8,1155
2026-04-27,6125,1089124,57952517,54.5,54.7,52.5,53.9,-0.4,1181
2026-04-28,6125,901620,48731928,53.6,54.7,52.8,54.6,0.7,804
2026-04-29,6125,888838,48855639,54.7,55.5,54.4,54.5,-0.1,1044
2026-04-30,6125,2063601,115678115,54.5,56.9,54.1,55.8,1.3,1988
2026-05-04,6125,3228600,188274986,56.3,59.4,56.2,58.1,2.3,2476
2026-05-05,6125,1500863,87476844,58.4,58.8,57.7,58.8,0.7,1366
2026-05-06,6125,2811242,166817829,59.8,60.8,58.0,58.9,0.1,2446
2026-05-07,6125,2255867,132272030,59.7,60.3,57.6,59.2,0.3,2153
2026-05-08,6125,5312474,321432974,60.1,62.8,58.1,59.1,-0.1,3968
2026-05-11,6125,2220813,131374544,59.5,60.2,58.5,59.7,0.6,1676
2026-05-12,6125,3238574,195489347,60.2,61.8,58.5,60.7,1.0,2295
2026-05-13,6125,1932277,113914022,60.0,60.1,58.5,59.0,-1.7,1501
2026-05-14,6125,1170714,68870143,59.3,59.8,58.4,58.5,-0.5,946
2026-05-15,6125,2381788,142317282,58.9,60.7,58.5,58.7,0.2,1798
2026-05-18,6125,1505149,86651351,58.7,58.7,56.6,58.0,-0.7,1459
2026-05-19,6125,1705804,98016178,58.0,58.4,56.7,56.7,-1.3,1265
2026-05-20,6125,1937949,107176459,56.6,57.0,54.7,54.7,-2.0,1789
2026-05-21,6125,1629609,91354708,55.5,57.7,54.8,56.5,1.8,1253
2026-05-22,6125,2714439,159097763,57.0,60.2,56.7,59.5,3.0,2030
2026-05-25,6125,8124681,520127266,60.5,65.4,60.1,65.4,5.9,6028
2026-05-26,6125,8832292,602513100,68.5,69.0,66.5,68.4,3.0,7677
2026-05-27,6125,5804057,395576700,69.5,71.6,65.5,65.8,-2.6,5275
2026-05-28,6125,4065828,272086921,67.0,69.5,64.9,65.6,-0.2,3060
2026-05-29,6125,7721899,517260602,66.6,68.7,66.5,66.7,1.1,2468
2026-06-01,6125,8363598,608602496,69.4,73.3,69.4,73.3,6.6,6184
2026-06-02,6125,11039068,804407347,75.0,75.9,69.0,71.0,-2.3,7963
2026-06-03,6125,4382259,307791067,71.8,72.2,69.3,69.3,-1.7,3838
2026-06-04,6125,2569324,172295817,68.2,68.8,66.5,66.6,-2.7,2548
2026-06-05,6125,2088025,136349270,66.7,67.7,64.0,64.8,-1.8,1886
2026-06-08,6125,2823554,169046657,58.4,64.0,58.4,63.1,-1.7,2131
2026-06-09,6125,2008606,125444902,63.1,63.4,61.4,62.4,-0.7,1700
2026-06-10,6125,1750314,107317789,61.9,63.6,59.5,59.5,-2.9,1750
2026-06-11,6125,1789545,106483294,60.3,60.7,58.4,59.9,0.4,1479
2026-06-12,6125,1715218,104642916,61.1,62.2,60.4,60.5,0.6,1536
2026-06-15,6125,1095949,67575334,61.7,62.2,61.1,61.4,0.9,939
2026-06-16,6125,1105129,66642955,61.5,61.9,59.8,59.8,-1.6,1227
2026-06-17,6125,1062947,64332103,59.0,61.2,59.0,60.7,0.9,971
2026-06-18,6125,5054203,322327681,60.7,66.3,60.7,63.6,2.9,3944
2026-06-22,6125,2490185,157075800,64.0,64.5,62.5,62.6,-1.0,2228
2026-06-23,6125,1992670,122676023,63.2,63.2,60.8,60.8,-1.8,1643
2026-06-24,6125,1449753,87473584,60.6,61.3,59.6,60.3,-0.5,1276
2026-06-25,6125,1158621,69400581,60.9,60.9,59.6,59.8,-0.5,1072
2026-06-26,6125,1957672,113636977,59.9,59.9,57.0,57.0,-2.8,2022
2026-06-29,6125,812131,46910562,57.0,58.3,56.4,57.8,0.8,802
2026-06-30,6125,836483,49267948,58.0,59.8,57.8,59.5,1.7,746
2026-07-01,6125,930407,54908023,59.6,60.2,58.3,58.4,-1.1,978
2026-07-02,6125,1091346,65112935,58.2,60.3,57.4,60.0,1.6,949
2026-07-03,6125,1043811,62576407,60.3,60.5,59.4,59.7,-0.3,1005
2026-07-06,6125,1195506,72371471,60.0,61.3,59.7,60.1,0.4,979
2026-07-07,6125,1116371,65533211,60.8,60.9,57.5,57.8,-2.3,1161
2026-07-08,6125,1059795,60524219,57.9,58.1,56.2,57.7,-0.1,956
2026-07-09,6125,771481,44614795,58.0,58.5,57.0,58.1,0.4,642
2026-07-13,6125,700642,40550810,58.2,59.1,57.1,57.4,-0.7,770
2026-07-14,6125,1591300,88013296,57.4,57.7,54.0,55.7,-1.7,1338
2026-07-15,6125,601325,33611653,56.4,56.4,55.4,55.7,0.0,601
2026-07-16,6125,627151,34415843,55.7,55.7,54.5,54.8,-0.9,723
2026-07-17,6125,2022171,104983869,54.0,54.1,50.1,50.5,-4.3,1979
2026-07-20,6125,1702659,83643364,50.5,50.6,47.8,49.9,-0.6,1348
2026-07-21,6125,719163,36109254,50.2,50.8,49.8,50.3,0.4,692
2026-07-22,6125,617480,31868714,51.0,52.3,51.0,51.3,1.0,626
2026-07-23,6125,443955,22788741,51.8,52.3,50.6,51.0,-0.3,485
2026-07-24,6125,710052,35569850,50.8,51.1,49.8,49.8,-1.2,608
2026-07-27,6125,455068,22392284,49.8,49.8,48.6,49.55,-0.25,520
2026-07-28,6125,1227028,58892566,48.65,48.7,47.55,47.55,-2.0,997
2026-07-29,6125,2034974,90305140,47.6,48.1,43.0,44.3,-3.25,1769
2026-07-30,6125,1350089,58770869,44.0,44.7,42.4,42.9,-1.4,1177
2026-07-31,6125,663520,29849500,44.6,45.7,44.5,45.0,2.1,622
2026-08-03,6125,598318,27821484,46.8,47.3,45.15,46.5,1.5,667
2026-08-04,6125,546091,26162577,46.5,48.5,46.05,48.25,1.75,829
2026-08-05,6125,583451,28759791,48.95,49.75,48.7,49.1,0.85,683
2026-08-06,6125,399282,19544253,49.7,49.7,48.15,49.05,0.0,416
2026-08-07,6125,974819,49472991,49.7,52.5,49.4,49.4,0.35,1202
2026-08-10,6125,587416,29383542,49.5,50.7,49.5,50.0,0.6,737
2026-08-11,6125,343688,17008873,49.8,49.9,49.15,49.65,-0.35,454
2026-08-12,6125,523847,26275209,49.65,50.4,49.65,50.2,0.55,652
2026-08-13,6125,531510,26801861,50.4,50.9,49.95,50.1,-0.1,564
2026-08-14,6125,1044631,53429605,50.2,52.7,49.65,51.6,1.5,1007
2026-08-17,6125,1632092,84318547,52.6,53.4,50.7,50.7,-0.9,1474
2026-08-18,6125,642302,31813018,50.5,50.8,49.1,49.35,-1.35,747
2026-08-19,6125,4624277,243850356,50.5,54.2,50.5,51.9,2.55,3706
2026-08-20,6125,7360599,408325202,53.9,56.9,53.8,56.2,4.3,6814
2026-08-21,6125,2854117,155647517,55.0,55.6,53.5,54.7,-1.5,2506
2026-08-24,6125,1627713,86035377,53.7,53.9,52.3,52.4,-2.3,1531
2026-08-25,6125,1358349,68999611,51.8,51.8,50.2,51.6,-0.8,1349
2026-08-26,6125,883184,45583082,52.0,52.0,51.3,51.3,-0.3,867
2026-08-27,6125,1235873,64179893,51.9,53.5,51.3,51.3,0.0,1049
2026-08-28,6125,895519,45777316,51.5,51.8,50.7,51.0,-0.3,913
2026-08-31,6125,923378,46881451,52.2,52.2,50.2,50.5,-0.5,896
2026-09-01,6125,638633,32477872,50.6,51.4,50.2,50.8,0.3,703
2026-09-02,6125,1161414,60008743,50.6,52.5,50.3,51.7,0.9,1106
2026-09-03,6125,3322033,176575045,53.4,55.2,51.9,51.9,0.2,2649
2026-09-04,6125,1170879,60239610,52.5,52.7,50.7,51.5,-0.4,1089
2026-09-07,6125,742506,37903547,51.8,51.9,50.8,50.8,-0.7,691
2026-09-08,6125,587415,29613890,50.8,51.0,50.1,50.1,-0.7,635
2026-09-09,6125,593858,29680523,49.6,50.3,49.6,50.0,-0.1,571
2026-09-10,6125,530320,26482385,50.1,50.4,49.7,49.8,-0.2,497
2026-09-11,6125,757212,36860869,49.1,49.2,48.4,48.5,-1.3,856
2026-09-14,6125,428223,20633883,48.0,48.7,47.5,48.35,-0.15,383
2026-09-15,6125,437747,21015340,48.0,48.35,47.55,47.55,-0.8,546
2026-09-16,6125,377928,18146432,47.55,48.4,47.55,48.05,0.5,322
2026-09-17,6125,377002,18324187,48.45,49.0,48.35,48.35,0.3,396
2026-09-18,6125,545151,26920527,48.65,50.2,48.4,50.2,1.85,644
2026-09-21,6125,326457,16219486,49.8,49.95,49.3,49.7,-0.5,410
2026-09-22,6125,516833,25609980,50.2,50.4,48.9,48.9,-0.8,636
2026-09-23,6125,342799,16792606,49.6,49.8,48.6,48.6,-0.3,371
2026-09-24,6125,296372,14339680,48.6,48.6,48.15,48.6,0.0,305
