date,stock_id,Trading_Volume,Trading_money,open,max,min,close,spread,Trading_turnover
2018-11-29,6709,62050,1654105,0.0,28.0,25.01,26.3,0.0,36
2018-11-30,6709,91001,2426925,26.66,27.4,25.51,26.49,0.01,38
2018-12-03,6709,170000,4286600,26.67,26.0,25.0,25.0,-1.45,60
2018-12-04,6709,35000,854420,25.22,24.95,24.24,24.3,-0.81,15
2018-12-05,6709,15000,360300,24.41,24.3,24.0,24.0,-0.39,9
2018-12-06,6709,8000,192760,24.02,24.5,24.0,24.0,0.08,8
2018-12-07,6709,13000,329540,24.1,26.09,24.5,26.09,1.25,11
2018-12-10,6709,35117,916732,25.35,26.3,26.0,26.1,0.76,19
2018-12-11,6709,49500,1296780,26.11,26.38,26.1,26.22,0.09,21
2018-12-12,6709,8000,207240,26.2,26.08,25.06,26.05,-0.29,7
2018-12-13,6709,36000,937330,25.91,26.2,26.0,26.2,0.13,20
2018-12-14,6709,10000,260900,26.04,26.09,26.09,26.09,0.05,6
2018-12-17,6709,8000,208360,26.09,26.09,26.0,26.09,-0.04,5
2018-12-18,6709,1000,26070,26.05,26.07,26.07,26.07,0.02,1
2018-12-19,6709,5000,129580,26.07,26.05,25.43,25.43,-0.15,3
2018-12-20,6709,17000,435310,25.92,26.05,25.42,26.05,-0.31,12
2018-12-21,6709,33020,858611,25.61,26.09,25.5,26.09,0.39,21
2018-12-22,6709,36000,922310,26.0,26.0,25.5,25.7,-0.38,20
2018-12-24,6709,50000,1300180,25.62,26.08,25.9,26.07,0.38,22
2018-12-25,6709,33000,858150,26.0,26.07,25.91,26.0,0.0,12
2018-12-26,6709,14500,376810,26.0,26.05,25.9,25.98,-0.01,11
2018-12-27,6709,6000,156030,25.99,26.09,25.8,26.0,0.02,6
2018-12-28,6709,7000,181900,26.01,26.0,25.9,26.0,-0.02,5
2019-01-02,6709,36000,935440,25.99,26.1,25.71,26.0,-0.01,15
2019-01-03,6709,31000,803040,25.98,26.09,25.72,25.93,-0.08,16
2019-01-04,6709,13000,335400,25.9,25.8,25.8,25.8,-0.1,2
2019-01-07,6709,1000,26000,25.8,26.0,26.0,26.0,0.2,1
2019-01-08,6709,52000,1348660,26.0,26.09,25.6,25.95,-0.06,20
2019-01-09,6709,18000,467550,25.94,26.09,25.8,25.99,0.04,10
2019-01-10,6709,12000,309560,25.98,25.9,25.72,25.8,-0.18,8
2019-01-11,6709,2000,50510,25.8,25.5,25.01,25.5,-0.54,2
2019-01-14,6709,13000,331100,25.26,25.79,25.01,25.6,0.21,7
2019-01-15,6709,2000,51400,25.47,25.8,25.6,25.8,0.23,2
2019-01-16,6709,2000,51600,25.7,25.8,25.8,25.8,0.1,2
2019-01-17,6709,5000,128600,25.8,25.8,25.6,25.7,-0.08,5
2019-01-18,6709,10000,259050,25.72,25.99,25.8,25.9,0.19,5
2019-01-21,6709,0,0,25.91,0.0,0.0,0.0,0.0,0
2019-01-22,6709,1020,26119,25.91,25.99,25.6,25.6,-0.3,2
2019-01-23,6709,0,0,25.61,0.0,0.0,0.0,0.0,0
2019-01-24,6709,0,0,25.61,0.0,0.0,0.0,0.0,0
2019-01-25,6709,20,500,25.61,25.01,25.01,25.01,-0.6,1
2019-01-28,6709,1000,25100,25.01,25.1,25.1,25.1,0.09,1
2019-01-29,6709,0,0,25.1,0.0,0.0,0.0,0.0,0
2019-01-30,6709,0,0,25.1,0.0,0.0,0.0,0.0,0
2019-02-11,6709,8000,198020,25.1,25.0,24.52,24.52,-0.35,4
2019-02-12,6709,1000,24900,24.75,24.9,24.9,24.9,0.15,1
2019-02-13,6709,0,0,24.9,0.0,0.0,0.0,0.0,0
2019-02-14,6709,26000,646480,24.9,25.0,24.3,24.7,-0.04,12
2019-02-15,6709,35000,871860,24.86,25.0,24.7,25.0,0.05,13
2019-02-18,6709,21000,524020,24.91,25.1,24.71,25.1,0.04,12
2019-02-19,6709,12000,302280,24.95,25.29,25.0,25.0,0.24,7
2019-02-20,6709,4000,100800,25.19,25.29,25.1,25.19,0.01,4
2019-02-21,6709,5000,125770,25.2,25.19,25.1,25.19,-0.05,5
2019-02-22,6709,3000,74650,25.15,25.14,24.51,25.0,-0.27,3
2019-02-25,6709,2000,50380,24.88,25.19,25.19,25.19,0.31,2
2019-02-26,6709,1000,25190,25.19,25.19,25.19,25.19,0.0,1
2019-02-27,6709,0,0,25.19,0.0,0.0,0.0,0.0,0
2019-03-04,6709,23000,572570,25.19,25.09,24.79,24.99,-0.3,9
2019-03-05,6709,5130,127531,24.89,25.09,24.8,25.09,-0.03,4
2019-03-06,6709,0,0,24.86,0.0,0.0,0.0,0.0,0
2019-03-07,6709,34000,832560,24.86,24.8,24.0,24.0,-0.37,16
2019-03-08,6709,9000,212020,24.49,24.0,23.47,23.6,-0.93,4
2019-03-11,6709,17000,402340,23.56,23.99,23.46,23.99,0.11,9
2019-03-12,6709,40000,957760,23.67,24.5,23.51,23.8,0.27,26
2019-03-13,6709,1000,24090,23.94,24.09,24.09,24.09,0.15,1
2019-03-14,6709,3000,70530,24.09,23.51,23.51,23.51,-0.58,1
2019-03-15,6709,0,0,23.51,0.0,0.0,0.0,0.0,0
2019-03-18,6709,8000,192140,23.51,24.09,23.8,23.8,0.51,3
2019-03-19,6709,2000,48180,24.02,24.09,24.09,24.09,0.07,1
2019-03-20,6709,4000,92530,24.09,23.5,23.01,23.5,-0.96,2
2019-03-21,6709,8000,186230,23.13,23.5,22.91,23.5,0.15,5
2019-03-22,6709,5000,117660,23.28,23.58,23.5,23.5,0.25,2
2019-03-25,6709,50,1174,23.53,23.49,23.49,23.49,-0.04,1
2019-03-26,6709,16000,374250,23.49,23.49,23.3,23.3,-0.1,8
2019-03-27,6709,0,0,23.39,0.0,0.0,0.0,0.0,0
2019-03-28,6709,3000,70890,23.39,23.99,23.4,23.99,0.24,3
2019-03-29,6709,1000,23990,23.63,23.99,23.99,23.99,0.36,1
2019-04-01,6709,6000,142760,23.99,23.99,23.4,23.4,-0.2,5
2019-04-02,6709,9000,211390,23.79,23.79,23.4,23.4,-0.3,7
2019-04-03,6709,9000,210990,23.49,23.5,23.4,23.4,-0.05,7
2019-04-08,6709,0,0,23.44,0.0,0.0,0.0,0.0,0
2019-04-09,6709,3130,73165,23.44,23.4,22.81,22.81,-0.06,2
2019-04-10,6709,0,0,23.38,0.0,0.0,0.0,0.0,0
2019-04-11,6709,10000,232100,23.38,23.4,23.1,23.1,-0.17,6
2019-04-12,6709,0,0,23.21,0.0,0.0,0.0,0.0,0
2019-04-15,6709,7000,160340,23.21,23.1,22.81,23.0,-0.3,5
2019-04-16,6709,0,0,22.91,0.0,0.0,0.0,0.0,0
2019-04-17,6709,0,0,22.91,0.0,0.0,0.0,0.0,0
2019-04-18,6709,2000,44900,22.91,22.5,22.4,22.5,-0.46,2
2019-04-19,6709,8000,177650,22.45,22.85,22.0,22.2,-0.24,5
2019-04-22,6709,0,0,22.21,0.0,0.0,0.0,0.0,0
2019-04-23,6709,0,0,22.21,0.0,0.0,0.0,0.0,0
2019-04-24,6709,11000,241100,22.21,22.0,21.9,22.0,-0.29,8
2019-04-25,6709,0,0,21.92,0.0,0.0,0.0,0.0,0
2019-04-26,6709,11000,237190,21.92,21.7,21.51,21.6,-0.36,7
2019-04-29,6709,13000,272400,21.56,21.0,20.9,20.9,-0.61,6
2019-04-30,6709,4000,83850,20.95,21.0,20.85,21.0,0.01,3
2019-05-02,6709,0,0,20.96,0.0,0.0,0.0,0.0,0
2019-05-03,6709,1000,21690,20.96,21.69,21.69,21.69,0.73,1
2019-05-06,6709,2000,42510,21.69,21.5,21.01,21.5,-0.43,2
2019-05-07,6709,12000,250760,21.26,21.2,20.52,20.52,-0.36,7
2019-05-08,6709,21000,429020,20.9,20.87,20.23,20.3,-0.47,8
2019-05-09,6709,5000,97800,20.43,19.6,19.5,19.6,-0.87,2
2019-05-10,6709,0,0,19.56,0.0,0.0,0.0,0.0,0
2019-05-13,6709,9000,183660,19.56,20.72,20.0,20.5,0.85,5
2019-05-14,6709,1000,19710,20.41,19.71,19.71,19.71,-0.7,1
2019-05-15,6709,20000,408990,19.71,20.57,20.2,20.5,0.74,8
2019-05-16,6709,3000,60630,20.45,20.21,20.21,20.21,-0.24,1
2019-05-17,6709,0,0,20.21,0.0,0.0,0.0,0.0,0
2019-05-20,6709,0,0,20.21,0.0,0.0,0.0,0.0,0
2019-05-21,6709,0,0,20.21,0.0,0.0,0.0,0.0,0
2019-05-22,6709,1000,20500,20.21,20.5,20.5,20.5,0.29,1
2019-05-23,6709,29000,589670,20.5,20.56,20.0,20.5,-0.17,10
2019-05-24,6709,14000,293780,20.33,21.14,20.8,20.9,0.65,7
2019-05-27,6709,9000,190320,20.98,21.15,21.14,21.15,0.17,3
2019-05-28,6709,0,0,21.15,0.0,0.0,0.0,0.0,0
2019-05-29,6709,39050,856524,21.15,22.63,21.49,21.59,0.78,16
2019-05-30,6709,2000,42210,21.93,21.2,21.01,21.01,-0.82,3
2019-05-31,6709,3000,63030,21.11,21.01,21.01,21.01,-0.1,2
2019-06-03,6709,17000,357070,21.01,21.03,20.96,21.03,-0.01,7
2019-06-04,6709,3000,63000,21.0,21.0,21.0,21.0,0.0,1
2019-06-05,6709,0,0,21.0,0.0,0.0,0.0,0.0,0
2019-06-06,6709,0,0,21.0,0.0,0.0,0.0,0.0,0
2019-06-10,6709,0,0,21.0,0.0,0.0,0.0,0.0,0
2019-06-11,6709,0,0,21.0,0.0,0.0,0.0,0.0,0
2019-06-12,6709,3000,61800,21.0,20.6,20.6,20.6,-0.4,1
2019-06-13,6709,4000,82000,20.6,20.5,20.5,20.5,-0.1,3
2019-06-14,6709,0,0,20.5,0.0,0.0,0.0,0.0,0
2019-06-17,6709,0,0,20.5,0.0,0.0,0.0,0.0,0
2019-06-18,6709,0,0,20.5,0.0,0.0,0.0,0.0,0
2019-06-19,6709,5000,102290,20.5,20.5,20.43,20.5,-0.04,2
2019-06-20,6709,6000,120030,20.46,20.01,20.0,20.0,-0.45,2
2019-06-21,6709,0,0,20.01,0.0,0.0,0.0,0.0,0
2019-06-24,6709,0,0,20.01,0.0,0.0,0.0,0.0,0
2019-06-25,6709,10000,194630,20.01,19.9,19.39,19.5,-0.55,4
2019-06-26,6709,0,0,19.46,0.0,0.0,0.0,0.0,0
2019-06-27,6709,0,0,19.46,0.0,0.0,0.0,0.0,0
2019-06-28,6709,0,0,19.46,0.0,0.0,0.0,0.0,0
2019-07-01,6709,13000,251600,19.46,19.4,19.3,19.4,-0.11,4
2019-07-02,6709,0,0,19.35,0.0,0.0,0.0,0.0,0
2019-07-03,6709,0,0,19.35,0.0,0.0,0.0,0.0,0
2019-07-04,6709,0,0,19.35,0.0,0.0,0.0,0.0,0
2019-07-05,6709,0,0,19.35,0.0,0.0,0.0,0.0,0
2019-07-08,6709,0,0,19.35,0.0,0.0,0.0,0.0,0
2019-07-09,6709,15000,287280,19.35,19.2,19.13,19.19,-0.2,5
2019-07-10,6709,0,0,19.15,0.0,0.0,0.0,0.0,0
2019-07-11,6709,0,0,19.15,0.0,0.0,0.0,0.0,0
2019-07-12,6709,0,0,19.15,0.0,0.0,0.0,0.0,0
2019-07-15,6709,10000,188500,19.15,19.0,18.7,19.0,-0.3,3
2019-07-16,6709,0,0,18.85,0.0,0.0,0.0,0.0,0
2019-07-17,6709,8000,151840,18.85,19.2,18.54,19.0,0.13,4
2019-07-18,6709,4000,74160,18.98,18.54,18.54,18.54,-0.44,1
2019-07-19,6709,26000,489010,18.54,19.0,18.54,19.0,0.27,9
2019-07-22,6709,19000,362450,18.81,19.4,18.91,19.4,0.27,6
2019-07-23,6709,0,0,19.08,0.0,0.0,0.0,0.0,0
2019-07-24,6709,0,0,19.08,0.0,0.0,0.0,0.0,0
2019-07-25,6709,0,0,19.08,0.0,0.0,0.0,0.0,0
2019-07-26,6709,0,0,19.08,0.0,0.0,0.0,0.0,0
2019-07-29,6709,1,19,19.08,19.89,19.89,19.89,0.81,1
2019-07-30,6709,0,0,19.89,0.0,0.0,0.0,0.0,0
2019-07-31,6709,0,0,19.89,0.0,0.0,0.0,0.0,0
2019-08-01,6709,0,0,19.89,0.0,0.0,0.0,0.0,0
2019-08-02,6709,0,0,19.89,0.0,0.0,0.0,0.0,0
2019-08-05,6709,0,0,19.89,0.0,0.0,0.0,0.0,0
2019-08-06,6709,0,0,19.89,0.0,0.0,0.0,0.0,0
2019-08-07,6709,0,0,19.89,0.0,0.0,0.0,0.0,0
2019-08-08,6709,0,0,19.89,0.0,0.0,0.0,0.0,0
2019-08-12,6709,7000,136850,19.89,19.55,19.55,19.55,-0.34,3
2019-08-13,6709,4000,78900,19.55,19.8,19.7,19.8,0.18,2
2019-08-14,6709,10000,197310,19.73,19.8,19.7,19.7,0.0,6
2019-08-15,6709,0,0,19.73,0.0,0.0,0.0,0.0,0
2019-08-16,6709,0,0,19.73,0.0,0.0,0.0,0.0,0
2019-08-19,6709,3000,58950,19.73,19.65,19.65,19.65,-0.08,1
2019-08-20,6709,0,0,19.65,0.0,0.0,0.0,0.0,0
2019-08-21,6709,6000,118500,19.65,19.8,19.7,19.7,0.1,2
2019-08-22,6709,0,0,19.75,0.0,0.0,0.0,0.0,0
2019-08-23,6709,0,0,19.75,0.0,0.0,0.0,0.0,0
2019-08-26,6709,0,0,19.75,0.0,0.0,0.0,0.0,0
2019-08-27,6709,0,0,19.75,0.0,0.0,0.0,0.0,0
2019-08-28,6709,0,0,19.75,0.0,0.0,0.0,0.0,0
2019-08-29,6709,0,0,19.75,0.0,0.0,0.0,0.0,0
2019-08-30,6709,0,0,19.75,0.0,0.0,0.0,0.0,0
2019-09-02,6709,0,0,19.75,0.0,0.0,0.0,0.0,0
2019-09-03,6709,0,0,19.75,0.0,0.0,0.0,0.0,0
2019-09-04,6709,0,0,19.75,0.0,0.0,0.0,0.0,0
2019-09-05,6709,0,0,19.75,0.0,0.0,0.0,0.0,0
2019-09-06,6709,0,0,19.75,0.0,0.0,0.0,0.0,0
2019-09-09,6709,0,0,19.75,0.0,0.0,0.0,0.0,0
2019-09-10,6709,0,0,19.75,0.0,0.0,0.0,0.0,0
2019-09-11,6709,0,0,19.75,0.0,0.0,0.0,0.0,0
2019-09-12,6709,0,0,19.75,0.0,0.0,0.0,0.0,0
2019-09-16,6709,2000,39000,19.75,19.5,19.5,19.5,-0.25,1
2019-09-17,6709,10000,195200,19.5,19.8,19.3,19.7,0.02,6
2019-09-18,6709,0,0,19.52,0.0,0.0,0.0,0.0,0
2019-09-19,6709,0,0,19.52,0.0,0.0,0.0,0.0,0
2019-09-20,6709,6000,115500,19.52,19.3,19.0,19.3,-0.27,3
2019-09-23,6709,0,0,19.25,0.0,0.0,0.0,0.0,0
2019-09-24,6709,0,0,19.25,0.0,0.0,0.0,0.0,0
2019-09-25,6709,0,0,19.25,0.0,0.0,0.0,0.0,0
2019-09-26,6709,0,0,19.25,0.0,0.0,0.0,0.0,0
2019-09-27,6709,2000,40000,19.25,20.0,20.0,20.0,0.75,2
2019-10-01,6709,3000,57600,20.0,19.2,19.2,19.2,-0.8,1
2019-10-02,6709,1000,20000,19.2,20.0,20.0,20.0,0.8,1
2019-10-03,6709,0,0,20.0,0.0,0.0,0.0,0.0,0
2019-10-04,6709,0,0,20.0,0.0,0.0,0.0,0.0,0
2019-10-07,6709,0,0,20.0,0.0,0.0,0.0,0.0,0
2019-10-08,6709,8000,157630,20.0,20.0,19.5,19.5,-0.3,5
2019-10-09,6709,0,0,19.7,0.0,0.0,0.0,0.0,0
2019-10-14,6709,6000,118200,19.7,19.7,19.7,19.7,0.0,2
2019-10-15,6709,6000,118200,19.7,19.7,19.7,19.7,0.0,2
2019-10-16,6709,6000,118800,19.7,19.8,19.8,19.8,0.1,2
2019-10-17,6709,195000,3862200,19.8,19.9,19.7,19.8,0.01,6
2019-10-18,6709,3000,59970,19.81,19.99,19.99,19.99,0.18,3
2019-10-21,6709,3000,59700,19.99,19.9,19.9,19.9,-0.09,3
2019-10-22,6709,1000,19900,19.9,19.9,19.9,19.9,0.0,1
2019-10-23,6709,5000,99810,19.9,20.0,19.81,20.0,0.06,3
2019-10-24,6709,1000,20000,19.96,20.0,20.0,20.0,0.04,1
2019-10-25,6709,0,0,20.0,0.0,0.0,0.0,0.0,0
2019-10-28,6709,1000,19900,20.0,19.9,19.9,19.9,-0.1,1
2019-10-29,6709,0,0,19.9,0.0,0.0,0.0,0.0,0
2019-10-30,6709,0,0,19.9,0.0,0.0,0.0,0.0,0
2019-10-31,6709,5000,100700,19.9,20.5,19.9,19.9,0.24,3
2019-11-01,6709,5,103,20.14,20.6,20.6,20.6,0.46,1
2019-11-04,6709,3000,59100,20.6,19.7,19.7,19.7,-0.9,1
2019-11-05,6709,0,0,19.7,0.0,0.0,0.0,0.0,0
2019-11-06,6709,0,0,19.7,0.0,0.0,0.0,0.0,0
2019-11-07,6709,0,0,19.7,0.0,0.0,0.0,0.0,0
2019-11-08,6709,0,0,19.7,0.0,0.0,0.0,0.0,0
2019-11-11,6709,0,0,19.7,0.0,0.0,0.0,0.0,0
2019-11-12,6709,0,0,19.7,0.0,0.0,0.0,0.0,0
2019-11-13,6709,8000,157900,19.7,19.8,19.7,19.8,0.04,2
2019-11-14,6709,0,0,19.74,0.0,0.0,0.0,0.0,0
2019-11-15,6709,0,0,19.74,0.0,0.0,0.0,0.0,0
2019-11-18,6709,0,0,19.74,0.0,0.0,0.0,0.0,0
2019-11-19,6709,0,0,19.74,0.0,0.0,0.0,0.0,0
2019-11-20,6709,0,0,19.74,0.0,0.0,0.0,0.0,0
2019-11-21,6709,0,0,19.74,0.0,0.0,0.0,0.0,0
2019-11-22,6709,0,0,19.74,0.0,0.0,0.0,0.0,0
2019-11-25,6709,0,0,19.74,0.0,0.0,0.0,0.0,0
2019-11-26,6709,0,0,19.74,0.0,0.0,0.0,0.0,0
2019-11-27,6709,3000,58600,19.74,19.6,19.5,19.6,-0.21,2
2019-11-28,6709,0,0,19.53,0.0,0.0,0.0,0.0,0
2019-11-29,6709,0,0,19.53,0.0,0.0,0.0,0.0,0
2019-12-02,6709,0,0,19.53,0.0,0.0,0.0,0.0,0
2019-12-03,6709,0,0,19.53,0.0,0.0,0.0,0.0,0
2019-12-04,6709,0,0,19.53,0.0,0.0,0.0,0.0,0
2019-12-05,6709,0,0,19.53,0.0,0.0,0.0,0.0,0
2019-12-06,6709,1000,20000,19.53,20.0,20.0,20.0,0.47,1
2019-12-09,6709,0,0,20.0,0.0,0.0,0.0,0.0,0
2019-12-10,6709,3000,58500,20.0,19.5,19.5,19.5,-0.5,2
2019-12-11,6709,0,0,19.5,0.0,0.0,0.0,0.0,0
2019-12-12,6709,0,0,19.5,0.0,0.0,0.0,0.0,0
2019-12-13,6709,0,0,19.5,0.0,0.0,0.0,0.0,0
2019-12-16,6709,37000,750600,19.5,20.5,20.0,20.36,0.79,19
2019-12-17,6709,20000,397450,20.29,20.06,19.5,20.05,-0.42,7
2019-12-18,6709,2551,51147,19.87,20.05,20.05,20.05,0.18,2
2019-12-19,6709,0,0,20.05,0.0,0.0,0.0,0.0,0
2019-12-20,6709,17000,340600,20.05,20.07,20.0,20.07,-0.01,8
2019-12-23,6709,1000,20490,20.04,20.49,20.49,20.49,0.45,1
2019-12-24,6709,8000,156330,20.49,19.76,19.51,19.76,-0.95,3
2019-12-25,6709,3000,60000,19.54,20.0,20.0,20.0,0.46,2
2019-12-26,6709,0,0,20.0,0.0,0.0,0.0,0.0,0
2019-12-27,6709,0,0,20.0,0.0,0.0,0.0,0.0,0
2019-12-30,6709,0,0,20.0,0.0,0.0,0.0,0.0,0
2019-12-31,6709,0,0,20.0,0.0,0.0,0.0,0.0,0
2020-01-02,6709,2000,40300,20.0,20.15,20.15,20.15,0.15,1
2020-01-03,6709,0,0,20.15,0.0,0.0,0.0,0.0,0
2020-01-06,6709,0,0,20.15,0.0,0.0,0.0,0.0,0
2020-01-07,6709,2000,40300,20.15,20.15,20.15,20.15,0.0,1
2020-01-08,6709,1000,19500,20.15,19.5,19.5,19.5,-0.65,1
2020-01-09,6709,12000,234240,19.5,19.75,19.45,19.45,0.02,4
2020-01-10,6709,0,0,19.52,0.0,0.0,0.0,0.0,0
2020-01-13,6709,5000,97960,19.52,19.7,19.52,19.52,0.07,2
2020-01-14,6709,0,0,19.59,0.0,0.0,0.0,0.0,0
2020-01-15,6709,0,0,19.59,0.0,0.0,0.0,0.0,0
2020-01-16,6709,3000,58780,19.59,19.6,19.59,19.59,0.0,3
2020-01-17,6709,0,0,19.59,0.0,0.0,0.0,0.0,0
2020-01-20,6709,2000,39980,19.59,19.99,19.99,19.99,0.4,1
2020-01-30,6709,36000,723310,19.99,20.21,19.99,20.0,0.1,11
2020-01-31,6709,0,0,20.09,0.0,0.0,0.0,0.0,0
2020-02-03,6709,11000,221780,20.09,20.26,20.0,20.2,0.07,5
2020-02-04,6709,9000,180000,20.16,20.01,19.99,20.0,-0.16,4
2020-02-05,6709,0,0,20.0,0.0,0.0,0.0,0.0,0
2020-02-06,6709,1000,19950,20.0,19.95,19.95,19.95,-0.05,1
2020-02-07,6709,38000,769810,19.95,20.5,19.94,20.5,0.31,15
2020-02-10,6709,58000,1220190,20.26,21.39,20.56,21.2,0.78,30
2020-02-11,6709,49007,1036747,21.04,22.07,21.0,21.03,0.12,17
2020-02-12,6709,25000,523880,21.16,21.2,20.44,20.44,-0.2,13
2020-02-13,6709,1000,20450,20.96,20.45,20.45,20.45,-0.51,1
2020-02-14,6709,3000,61320,20.45,20.44,20.44,20.44,-0.01,1
2020-02-17,6709,19000,399180,20.44,21.06,21.0,21.0,0.57,6
2020-02-18,6709,5000,103290,21.01,21.0,20.43,20.43,-0.35,3
2020-02-19,6709,7000,143150,20.66,20.5,20.43,20.5,-0.21,3
2020-02-20,6709,0,0,20.45,0.0,0.0,0.0,0.0,0
2020-02-21,6709,0,0,20.45,0.0,0.0,0.0,0.0,0
2020-02-24,6709,5000,101950,20.45,20.45,20.35,20.45,-0.06,2
2020-02-25,6709,0,0,20.39,0.0,0.0,0.0,0.0,0
2020-02-26,6709,120,2412,20.39,20.1,20.1,20.1,-0.29,1
2020-02-27,6709,23000,461660,20.1,20.5,19.19,19.19,-0.03,10
2020-03-02,6709,10000,191000,20.07,19.1,19.1,19.1,-0.97,2
2020-03-03,6709,10000,193800,19.1,19.58,19.1,19.58,0.28,3
2020-03-04,6709,2000,39200,19.38,19.6,19.6,19.6,0.22,1
2020-03-05,6709,13000,255150,19.6,19.67,19.6,19.6,0.03,4
2020-03-06,6709,9000,175180,19.63,19.54,19.01,19.01,-0.17,5
2020-03-09,6709,0,0,19.46,0.0,0.0,0.0,0.0,0
2020-03-10,6709,0,0,19.46,0.0,0.0,0.0,0.0,0
2020-03-11,6709,12000,231730,19.46,20.0,19.01,19.01,-0.15,5
2020-03-12,6709,0,0,19.31,0.0,0.0,0.0,0.0,0
2020-03-13,6709,14000,266290,19.31,19.03,19.0,19.0,-0.29,5
2020-03-16,6709,5000,94850,19.02,18.97,18.97,18.97,-0.05,1
2020-03-17,6709,6000,113460,18.97,18.96,18.9,18.9,-0.06,2
2020-03-18,6709,26000,496400,18.91,19.21,19.0,19.0,0.18,6
2020-03-19,6709,55000,926000,19.09,18.53,15.0,15.0,-2.25,12
2020-03-20,6709,24000,360950,16.84,15.2,15.0,15.2,-1.8,11
2020-03-23,6709,5000,74500,15.04,14.9,14.9,14.9,-0.14,2
2020-03-24,6709,11000,159650,14.9,14.65,14.5,14.5,-0.39,5
2020-03-25,6709,0,0,14.51,0.0,0.0,0.0,0.0,0
2020-03-26,6709,0,0,14.51,0.0,0.0,0.0,0.0,0
2020-03-27,6709,2000,29200,14.51,14.6,14.6,14.6,0.09,1
2020-03-30,6709,0,0,14.6,0.0,0.0,0.0,0.0,0
2020-03-31,6709,2000,29200,14.6,14.6,14.6,14.6,0.0,1
2020-04-01,6709,0,0,14.6,0.0,0.0,0.0,0.0,0
2020-04-06,6709,5000,75700,14.6,15.35,15.0,15.35,0.54,2
2020-04-07,6709,0,0,15.14,0.0,0.0,0.0,0.0,0
2020-04-08,6709,8000,124250,15.14,15.55,15.5,15.5,0.39,3
2020-04-09,6709,0,0,15.53,0.0,0.0,0.0,0.0,0
2020-04-10,6709,0,0,15.53,0.0,0.0,0.0,0.0,0
2020-04-13,6709,19000,309950,15.53,17.3,15.55,17.3,0.78,6
2020-04-14,6709,7000,129750,16.31,19.4,18.15,19.4,2.23,4
2020-04-15,6709,13000,243450,18.54,19.05,18.6,18.7,0.19,8
2020-04-16,6709,16000,298700,18.73,18.7,18.6,18.7,-0.06,7
2020-04-17,6709,30000,564200,18.67,19.0,18.2,18.85,0.14,8
2020-04-20,6709,26000,485400,18.81,19.0,18.5,18.6,-0.14,12
2020-04-21,6709,16000,289650,18.67,18.75,18.05,18.75,-0.57,6
2020-04-22,6709,0,0,18.1,0.0,0.0,0.0,0.0,0
2020-04-23,6709,6000,112350,18.1,18.75,18.65,18.65,0.63,4
2020-04-24,6709,8000,144450,18.73,18.15,18.0,18.15,-0.67,4
2020-04-27,6709,0,0,18.06,0.0,0.0,0.0,0.0,0
2020-04-28,6709,1000,18600,18.06,18.6,18.6,18.6,0.54,1
2020-04-29,6709,0,0,18.6,0.0,0.0,0.0,0.0,0
2020-04-30,6709,2000,37200,18.6,18.6,18.6,18.6,0.0,1
2020-05-04,6709,105000,1980450,18.6,19.15,18.5,19.0,0.26,27
2020-05-05,6709,89000,1739800,18.86,19.95,19.0,19.95,0.69,18
2020-05-06,6709,69000,1355350,19.55,19.95,19.0,19.95,0.09,26
2020-05-07,6709,47000,898400,19.64,19.55,18.95,18.95,-0.53,17
2020-05-08,6709,18000,339900,19.11,19.55,18.7,18.8,-0.23,7
2020-05-11,6709,8000,148000,18.88,18.5,18.5,18.5,-0.38,3
2020-05-12,6709,10000,185000,18.5,18.5,18.5,18.5,0.0,1
2020-05-13,6709,37000,703000,18.5,19.0,19.0,19.0,0.5,5
2020-05-14,6709,63000,1210650,19.0,19.6,19.0,19.4,0.22,15
2020-05-15,6709,5000,97000,19.22,19.4,19.4,19.4,0.18,1
2020-05-18,6709,117000,2341400,19.4,21.55,19.55,21.55,0.61,33
2020-05-19,6709,71000,1562950,20.01,22.5,21.25,22.05,2.0,39
2020-05-20,6709,61000,1344750,22.01,22.2,21.9,21.9,0.04,27
2020-05-21,6709,260205,8614690,22.05,43.0,21.8,43.0,11.06,164
2020-05-22,6709,81000,4029850,33.11,57.2,42.1,54.0,16.64,53
2020-05-25,6709,2755540,147142601,49.75,65.1,47.05,58.6,3.65,1417
2020-05-26,6709,1430824,77600050,53.4,67.0,47.85,48.15,0.83,836
2020-05-27,6709,756152,28171636,54.23,49.35,31.75,34.75,-16.97,499
2020-05-28,6709,480437,14979303,37.26,34.5,28.45,31.45,-6.08,260
2020-05-29,6709,205631,6364527,31.18,32.1,30.05,30.9,-0.23,142
2020-06-01,6709,305314,9799656,30.95,33.45,31.1,31.35,1.15,156
2020-06-02,6709,384959,10573243,32.1,32.1,26.0,27.0,-4.63,259
2020-06-03,6709,123871,3434873,27.47,28.2,27.4,27.5,0.26,98
2020-06-04,6709,109096,2945935,27.73,27.2,26.8,27.1,-0.73,90
2020-06-05,6709,89420,2387610,27.0,27.0,26.35,26.4,-0.3,74
2020-06-08,6709,291980,7532871,26.7,27.1,24.8,24.8,-0.9,194
2020-06-09,6709,222180,5310475,25.8,24.8,23.3,24.1,-1.9,147
2020-06-10,6709,626660,18036629,23.9,35.05,23.9,35.0,4.88,426
2020-06-11,6709,785399,25239717,28.78,37.0,28.45,30.5,3.36,487
2020-06-12,6709,180351,5454122,32.14,31.25,28.5,31.0,-1.9,118
2020-06-15,6709,272673,8909623,30.24,34.15,30.9,32.15,2.44,208
2020-06-16,6709,308003,9758926,32.68,32.75,31.0,31.45,-1.0,197
2020-06-17,6709,505701,16521338,31.68,33.95,30.0,33.5,0.99,326
2020-06-18,6709,822637,29115490,32.67,37.7,33.0,36.15,2.72,503
2020-06-19,6709,522768,17936948,35.39,38.8,32.0,34.55,-1.08,312
2020-06-22,6709,219300,7207227,34.31,34.1,31.45,34.0,-1.45,143
2020-06-23,6709,178416,5887047,32.86,34.5,32.7,33.0,0.14,135
2020-06-24,6709,155104,5085303,33.0,34.0,31.8,32.5,-0.21,99
2020-06-29,6709,180404,5902161,32.79,33.5,31.4,33.0,-0.07,113
2020-06-30,6709,61204,1993337,32.72,33.55,31.95,33.5,-0.15,54
2020-07-01,6709,216205,6942300,32.57,33.15,31.9,32.1,-0.46,133
2020-07-02,6709,312231,10184390,32.11,34.25,31.4,34.2,0.51,213
2020-07-03,6709,2252394,90397415,32.62,44.5,34.2,42.0,7.51,1291
2020-07-06,6709,1748244,73496339,40.13,47.1,38.5,39.9,1.91,1050
2020-07-07,6709,1178199,48351647,42.04,43.1,37.85,41.2,-1.0,615
2020-07-08,6709,2685261,125720771,41.04,51.9,41.35,50.0,5.78,1660
2020-07-09,6709,1860642,88617588,46.82,52.6,43.2,48.15,0.81,1250
2020-07-10,6709,963859,41374508,47.63,50.5,39.0,42.5,-4.7,639
2020-07-13,6709,682762,30528888,42.93,48.7,42.0,43.3,1.78,461
2020-07-14,6709,795747,31510232,44.71,44.0,37.7,37.9,-5.11,526
2020-07-15,6709,170602,6622418,39.6,40.25,37.55,39.05,-0.78,142
2020-07-16,6709,186102,7379899,38.82,41.9,38.8,39.0,0.84,121
2020-07-17,6709,360801,12967117,39.66,40.0,34.65,34.8,-3.72,297
2020-07-20,6709,273393,8628095,35.94,34.7,28.7,33.05,-4.38,191
2020-07-21,6709,168507,5474945,31.56,33.6,31.6,33.6,0.93,123
2020-07-22,6709,179510,6110156,32.49,36.15,32.9,36.0,1.55,128
2020-07-23,6709,165215,5603231,34.04,36.25,33.05,33.6,-0.13,120
2020-07-24,6709,83570,2779586,33.91,34.45,32.75,32.85,-0.65,59
2020-07-27,6709,261302,8026773,33.26,32.85,29.1,30.75,-2.54,177
2020-07-28,6709,264300,8434275,30.72,33.2,29.6,33.2,1.19,166
2020-07-29,6709,1056458,40419192,31.91,42.0,33.95,41.15,6.35,654
2020-07-30,6709,719026,29281402,38.26,45.5,37.1,39.6,2.46,451
2020-07-31,6709,210250,8062095,40.72,39.95,37.05,38.25,-2.37,143
2020-08-03,6709,229954,8812982,38.35,39.95,37.15,38.3,-0.03,137
2020-08-04,6709,276916,10949717,38.32,40.3,38.85,39.5,1.22,188
2020-08-05,6709,255973,9827677,39.54,39.5,37.5,37.75,-1.15,166
2020-08-06,6709,166130,6107093,38.39,37.75,35.75,36.45,-1.63,89
2020-08-07,6709,191460,6852348,36.76,37.3,34.85,35.7,-0.97,103
2020-08-10,6709,88415,3122500,35.79,36.1,34.7,34.8,-0.47,63
2020-08-11,6709,181818,6310104,35.32,36.0,33.25,33.4,-0.61,116
2020-08-12,6709,56060,1897362,34.71,35.0,33.25,34.0,-0.86,42
2020-08-13,6709,127464,4240501,33.85,33.9,32.9,33.2,-0.58,88
2020-08-14,6709,97503,3309807,33.27,36.0,32.4,35.9,0.68,68
2020-08-17,6709,101750,3638500,33.95,37.8,34.3,35.8,1.81,64
2020-08-18,6709,81680,2892884,35.76,35.95,34.2,35.6,-0.34,51
2020-08-19,6709,48256,1698351,35.42,36.55,34.85,36.0,-0.23,44
2020-08-20,6709,128229,4213308,35.19,36.45,31.35,33.4,-2.33,103
2020-08-21,6709,43400,1479060,32.86,34.35,33.0,34.0,1.22,33
2020-08-24,6709,27000,917800,34.08,34.55,33.75,33.75,-0.09,19
2020-08-25,6709,27195,917101,33.99,34.0,33.6,33.75,-0.27,22
2020-08-26,6709,50102,1695718,33.72,34.05,33.15,33.8,0.13,37
2020-08-27,6709,33400,1129650,33.85,34.0,33.65,33.8,-0.03,26
2020-08-28,6709,68558,2285776,33.82,33.55,33.1,33.3,-0.48,49
2020-08-31,6709,52584,1737994,33.34,33.3,32.35,33.2,-0.29,34
2020-09-01,6709,124027,4148001,33.05,34.15,33.2,33.2,0.39,55
2020-09-02,6709,126000,4031377,33.44,33.2,31.1,32.0,-1.44,76
2020-09-03,6709,71710,2236881,32.0,32.0,30.9,31.5,-0.81,49
2020-09-04,6709,68000,2121400,31.19,31.5,31.0,31.4,0.01,43
2020-09-07,6709,71901,2357813,31.2,34.15,31.1,33.4,1.59,54
2020-09-08,6709,43651,1444768,32.79,33.9,32.45,32.95,0.31,29
2020-09-09,6709,22100,712200,33.1,33.0,32.0,32.5,-0.87,21
2020-09-10,6709,77644,2439962,32.23,32.05,30.95,31.75,-0.8,57
2020-09-11,6709,79750,2467095,31.43,31.1,30.8,30.9,-0.49,59
2020-09-14,6709,49619,1516898,30.94,30.9,30.35,30.8,-0.37,37
2020-09-15,6709,38020,1168068,30.57,30.95,30.5,30.9,0.15,23
2020-09-16,6709,381706,13130282,30.72,36.0,31.5,34.65,3.68,263
2020-09-17,6709,160411,5435456,34.4,35.0,33.5,34.0,-0.52,102
2020-09-18,6709,71793,2437019,33.88,34.65,33.35,34.0,0.07,51
2020-09-21,6709,72100,2400910,33.95,34.0,32.8,33.0,-0.65,48
2020-09-22,6709,59820,1944682,33.3,33.5,32.05,32.4,-0.79,35
2020-09-23,6709,42606,1404652,32.51,33.9,32.5,32.75,0.46,30
2020-09-24,6709,66700,2178520,32.97,33.15,32.1,32.1,-0.31,36
2020-09-25,6709,169342,5188891,32.66,32.3,29.8,30.0,-2.02,92
2020-09-28,6709,22500,682200,30.64,32.0,29.9,31.8,-0.32,16
2020-09-29,6709,33105,1020605,30.32,32.0,30.35,30.45,0.51,21
2020-09-30,6709,64200,2037660,30.83,32.1,31.4,32.0,0.91,32
2020-10-05,6709,157100,5050780,31.74,33.0,31.5,32.6,0.41,73
2020-10-06,6709,33100,1063110,32.15,32.3,31.95,32.05,-0.03,22
2020-10-07,6709,114300,3723800,32.12,33.55,31.4,31.4,0.46,62
2020-10-08,6709,244043,7552422,32.58,32.5,30.2,30.7,-1.63,119
2020-10-12,6709,51300,1573470,30.95,31.4,30.3,30.5,-0.28,33
2020-10-13,6709,51454,1563331,30.67,31.5,30.2,30.45,-0.29,40
2020-10-14,6709,100212,3035061,30.38,30.55,30.05,30.1,-0.09,65
2020-10-15,6709,75224,2274277,30.29,30.35,30.0,30.0,-0.06,43
2020-10-16,6709,51723,1564805,30.23,30.4,30.0,30.3,0.02,28
2020-10-19,6709,116300,3679800,30.25,32.05,31.0,31.65,1.39,50
2020-10-20,6709,170000,5319865,31.64,31.65,30.8,31.2,-0.35,101
2020-10-21,6709,55500,1744500,31.29,31.6,31.2,31.3,0.14,35
2020-10-22,6709,83528,2631327,31.43,31.6,31.3,31.3,0.07,48
2020-10-23,6709,80000,2523900,31.5,31.8,31.4,31.8,0.05,43
2020-10-26,6709,87000,2735750,31.55,31.6,31.3,31.4,-0.1,47
2020-10-27,6709,79000,2486250,31.45,31.6,31.25,31.45,0.02,43
2020-10-28,6709,178000,5607850,31.47,31.75,31.3,31.5,0.03,97
2020-10-29,6709,55000,1714550,31.5,31.4,30.9,31.3,-0.33,38
2020-10-30,6709,122440,3801524,31.17,31.45,30.8,30.9,-0.12,79
2020-11-02,6709,84300,2552460,31.05,30.9,30.0,30.15,-0.77,53
2020-11-03,6709,160717,4751905,30.28,30.4,29.05,29.7,-0.71,102
2020-11-04,6709,21000,619450,29.57,29.6,29.4,29.6,-0.07,12
2020-11-05,6709,52638,1574356,29.5,30.1,29.5,30.0,0.41,30
2020-11-06,6709,25500,761200,29.91,30.05,29.7,29.9,-0.06,22
2020-11-09,6709,97450,2949915,29.85,30.7,29.9,30.5,0.42,43
2020-11-10,6709,81032,2476122,30.27,31.05,30.2,30.5,0.29,34
2020-11-11,6709,104400,3195180,30.56,30.95,30.05,30.65,0.05,40
2020-11-12,6709,89500,2738825,30.61,31.1,30.3,30.6,-0.01,26
2020-11-13,6709,62000,1899300,30.6,30.75,30.0,30.7,0.03,16
2020-11-16,6709,61000,1875950,30.63,31.3,30.15,30.65,0.12,25
2020-11-17,6709,53604,1626951,30.75,30.75,30.1,30.5,-0.4,34
2020-11-18,6709,24000,732100,30.35,30.8,30.35,30.4,0.15,14
2020-11-19,6709,33960,1029044,30.5,30.6,30.1,30.4,-0.2,21
2020-11-20,6709,17100,525460,30.3,30.8,30.6,30.7,0.43,8
2020-11-23,6709,205743,6506472,30.73,32.3,30.3,32.0,0.89,122
2020-11-24,6709,407221,13651745,31.62,34.7,32.0,33.5,1.9,211
2020-11-25,6709,191015,6459258,33.52,34.3,33.45,33.9,0.3,96
2020-11-26,6709,78000,2611275,33.82,33.65,33.2,33.35,-0.34,50
2020-11-27,6709,140785,4659713,33.48,33.8,32.8,33.05,-0.38,88
2020-11-30,6709,276302,9466908,33.1,34.75,33.0,34.4,1.16,135
2020-12-01,6709,353996,12703898,34.26,37.5,34.0,36.85,1.63,187
2020-12-02,6709,152599,5465719,35.89,36.5,35.5,35.5,-0.07,82
2020-12-03,6709,99300,3492170,35.82,35.8,34.85,35.0,-0.65,51
2020-12-04,6709,129800,4663220,35.17,36.2,35.25,35.85,0.76,72
2020-12-07,6709,195498,7071817,35.93,36.5,35.85,36.1,0.24,105
2020-12-08,6709,207002,7644471,36.17,37.25,36.1,37.25,0.76,117
2020-12-09,6709,229880,8478543,36.93,38.1,36.35,36.6,-0.05,115
2020-12-10,6709,121801,4449826,36.88,36.8,36.3,36.6,-0.35,79
2020-12-11,6709,272755,9350161,36.53,37.8,32.0,33.8,-2.25,156
2020-12-14,6709,61700,2085520,34.28,34.15,33.3,34.1,-0.48,38
2020-12-15,6709,88202,2858814,33.8,33.0,31.9,32.4,-1.39,52
2020-12-16,6709,167018,5425000,32.41,33.1,31.8,32.45,0.07,78
2020-12-17,6709,16010,521029,32.48,32.9,31.4,32.85,0.06,10
2020-12-18,6709,1,32,32.54,32.65,32.65,32.65,0.11,1
2020-12-21,6709,89155,2815168,32.65,32.6,31.45,31.55,-1.07,44
2020-12-22,6709,161411,5131529,31.58,33.1,31.05,32.0,0.21,93
2020-12-23,6709,52971,1694924,31.79,33.1,31.6,32.5,0.21,35
2020-12-24,6709,70818,2311215,32.0,33.1,32.05,32.7,0.64,43
2020-12-25,6709,19000,617850,32.64,32.7,32.0,32.1,-0.12,13
2020-12-28,6709,58021,1857188,32.52,32.2,31.6,32.2,-0.51,39
2020-12-29,6709,20045,648894,32.01,33.1,31.95,32.6,0.36,16
2020-12-30,6709,44500,1442550,32.37,32.55,32.0,32.05,0.05,24
2020-12-31,6709,42610,1363020,32.42,33.05,31.35,33.05,-0.43,21
2021-01-04,6709,28610,894709,31.99,32.1,30.4,31.7,-0.72,20
2021-01-05,6709,42610,1316830,31.27,31.05,30.7,31.0,-0.37,32
2021-01-06,6709,22155,695689,30.9,31.95,30.9,31.65,0.5,18
2021-01-07,6709,99940,3041663,31.4,30.9,30.05,30.3,-0.97,67
2021-01-08,6709,74466,2271340,30.43,31.0,30.3,30.45,0.07,41
2021-01-11,6709,59302,1798140,30.5,31.5,30.1,30.2,-0.18,33
2021-01-12,6709,60384,1822446,30.32,30.3,30.0,30.25,-0.14,27
2021-01-13,6709,107540,3246359,30.18,30.35,30.05,30.2,0.01,50
2021-01-14,6709,126265,3820092,30.19,31.0,29.2,30.5,0.06,70
2021-01-15,6709,80000,2406200,30.25,30.2,29.9,29.9,-0.17,44
2021-01-18,6709,101211,3063154,30.08,30.4,29.9,30.3,0.19,51
2021-01-19,6709,9910,299841,30.27,30.5,30.0,30.2,-0.01,9
2021-01-20,6709,92350,2778137,30.26,30.4,29.9,30.15,-0.18,53
2021-01-21,6709,28206,847340,30.08,30.6,29.75,29.75,-0.04,24
2021-01-22,6709,44830,1355084,30.04,30.55,29.95,30.0,0.19,30
2021-01-25,6709,42000,1271600,30.23,31.0,30.0,30.1,0.05,21
2021-01-26,6709,73105,2186224,30.28,30.3,29.6,30.0,-0.37,46
2021-01-27,6709,42300,1272010,29.91,30.2,29.95,30.2,0.16,36
2021-01-28,6709,42910,1286404,30.07,30.1,29.9,30.05,-0.09,21
2021-01-29,6709,33882,1018810,29.98,30.2,29.9,30.0,0.09,22
2021-02-01,6709,44500,1353925,30.07,31.55,30.0,30.1,0.36,25
2021-02-02,6709,26000,784550,30.43,30.4,30.05,30.05,-0.25,8
2021-02-03,6709,59826,1796830,30.18,30.15,29.9,30.1,-0.15,35
2021-02-04,6709,53500,1611675,30.03,30.25,29.9,30.1,0.09,24
2021-02-05,6709,67751,2060380,30.12,30.5,30.2,30.35,0.29,36
2021-02-17,6709,143500,4383075,30.41,31.0,30.2,30.5,0.13,73
2021-02-18,6709,83853,2561738,30.54,30.7,30.4,30.6,0.01,35
2021-02-19,6709,586700,20227065,30.55,36.15,31.0,34.7,3.93,334
2021-02-22,6709,598540,21727492,34.48,36.8,34.5,36.2,1.82,309
2021-02-23,6709,434468,14976750,36.3,37.0,33.2,33.8,-1.83,220
2021-02-24,6709,72588,2446367,34.47,34.0,33.0,33.55,-0.77,47
2021-02-25,6709,178500,6044680,33.7,34.15,33.5,33.85,0.16,69
2021-02-26,6709,100310,3367426,33.86,33.8,33.45,33.6,-0.29,47
2021-03-02,6709,134300,4606545,33.57,35.25,33.6,33.6,0.73,69
2021-03-03,6709,93501,3108184,34.3,34.05,33.15,34.05,-1.06,44
2021-03-04,6709,69580,2300796,33.24,33.25,32.55,33.25,-0.17,40
2021-03-05,6709,70502,2343292,33.07,33.85,32.45,33.55,0.17,41
2021-03-08,6709,56050,1852102,33.24,33.3,32.9,32.95,-0.2,38
2021-03-09,6709,68350,2211732,33.04,32.9,32.15,32.35,-0.68,42
2021-03-10,6709,33000,1063250,32.36,32.6,31.9,32.0,-0.14,22
2021-03-11,6709,181036,5888299,32.22,33.6,31.4,33.0,0.31,82
2021-03-12,6709,35005,1123161,32.53,33.1,31.9,33.05,-0.44,25
2021-03-15,6709,89945,2957774,32.09,33.1,31.9,33.0,0.79,50
2021-03-16,6709,97498,3227306,32.88,33.3,32.8,32.9,0.22,62
2021-03-17,6709,39000,1280200,33.1,33.05,32.4,33.05,-0.27,17
2021-03-18,6709,72500,2321875,32.83,32.95,31.55,32.05,-0.8,45
2021-03-19,6709,73750,2363296,32.03,32.25,31.85,32.05,0.01,37
2021-03-22,6709,177915,5667211,32.04,33.3,31.65,31.95,-0.19,96
2021-03-23,6709,70202,2240473,31.85,32.1,31.75,31.95,0.06,41
2021-03-24,6709,186000,5957725,31.91,32.2,31.9,32.1,0.12,94
2021-03-25,6709,430985,14388818,32.03,34.15,32.0,33.9,1.36,195
2021-03-26,6709,253614,8548974,33.39,33.95,33.0,33.7,0.32,114
2021-03-29,6709,315814,10749976,33.71,34.15,33.85,34.15,0.33,140
2021-03-30,6709,1010600,34773442,34.04,35.55,33.85,35.15,0.37,413
2021-03-31,6709,534909,18907247,34.41,36.3,35.0,35.7,0.94,282
2021-04-01,6709,460310,16444153,35.35,35.95,35.35,35.95,0.37,234
2021-04-06,6709,1542360,62337410,35.72,42.2,36.0,42.0,4.7,841
2021-04-07,6709,848066,37247810,40.42,46.0,40.45,43.95,3.5,510
2021-04-08,6709,850027,35187974,43.92,45.05,39.55,40.15,-2.52,474
2021-04-09,6709,369102,15255359,41.4,41.95,40.4,41.3,-0.07,209
2021-04-12,6709,1186001,53587531,41.33,49.4,41.85,47.55,3.85,599
2021-04-13,6709,730660,35415932,45.18,52.5,44.8,47.25,3.29,482
2021-04-14,6709,571994,25798423,48.47,47.85,41.0,46.65,-3.37,358
2021-04-15,6709,249429,11711396,45.1,47.25,46.05,47.1,1.85,164
2021-04-16,6709,239482,11002465,46.95,48.55,45.25,46.1,-1.01,152
2021-04-19,6709,168456,7747693,45.94,46.25,45.4,45.95,0.05,116
2021-04-20,6709,405073,17590442,45.99,46.0,41.35,43.15,-2.56,241
2021-04-21,6709,216824,9185027,43.43,43.5,40.45,42.15,-1.07,139
2021-04-22,6709,173213,7251187,42.36,42.15,41.5,42.1,-0.5,101
2021-04-23,6709,110200,4618925,41.86,42.15,41.1,41.85,0.05,71
2021-04-26,6709,183090,7842078,41.91,43.65,41.85,42.35,0.92,122
2021-04-27,6709,408032,18220542,42.83,47.2,42.85,45.1,1.82,244
2021-04-28,6709,1109677,53746744,44.65,51.9,45.0,48.65,3.78,656
2021-04-29,6709,404184,19564913,48.43,50.0,47.65,48.25,-0.02,258
2021-05-03,6709,1186946,60263031,48.41,52.5,48.5,51.4,2.36,582
2021-05-04,6709,511147,24617571,50.77,52.2,46.35,48.95,-2.61,323
2021-05-05,6709,285543,14030205,48.16,50.0,48.05,48.9,0.98,164
2021-05-06,6709,377512,17875858,49.14,49.95,45.5,47.15,-1.79,213
2021-05-07,6709,114370,5322664,47.35,48.1,43.8,46.9,-0.81,83
2021-05-10,6709,117200,5512997,46.54,47.45,46.05,47.45,0.5,75
2021-05-11,6709,2010765,109534690,47.04,64.4,47.8,64.4,7.43,1098
2021-05-12,6709,4362509,335605412,54.47,88.0,61.7,83.6,22.46,2602
2021-05-13,6709,3378339,282368085,76.93,98.3,72.0,80.4,6.65,2276
2021-05-14,6709,1939332,134312661,83.58,81.5,63.1,67.8,-14.32,1309
2021-05-17,6709,3177275,238207346,69.26,88.3,62.8,77.3,5.71,2135
2021-05-18,6709,1769428,122745182,74.97,78.0,65.2,68.0,-5.6,1141
2021-05-19,6709,975750,63746155,69.37,68.1,63.8,65.3,-4.04,682
2021-05-20,6709,681278,44741157,65.33,67.1,63.8,65.0,0.34,415
2021-05-21,6709,749304,45503177,65.67,66.7,59.0,60.2,-4.94,545
2021-05-24,6709,474511,29230900,60.73,65.6,59.6,63.1,0.87,387
2021-05-25,6709,652899,39084667,61.6,64.7,58.4,58.8,-1.74,448
2021-05-26,6709,580888,35916495,59.86,64.4,56.5,63.0,1.97,445
2021-05-27,6709,375819,23428703,61.83,64.1,61.0,63.0,0.51,274
2021-05-28,6709,340022,20919663,62.34,64.1,59.8,62.6,-0.82,262
2021-05-31,6709,498662,30024544,61.52,62.4,58.8,59.4,-1.31,375
2021-06-01,6709,1119772,59707188,60.21,59.4,49.85,52.2,-6.89,749
2021-06-02,6709,257664,13280568,53.32,53.5,50.4,52.0,-1.78,239
2021-06-03,6709,374995,19645272,51.54,53.7,51.6,53.5,0.85,283
2021-06-04,6709,457088,25604429,52.39,58.2,52.1,54.9,3.63,339
2021-06-07,6709,660974,38592731,56.02,60.5,54.0,58.0,2.37,433
2021-06-08,6709,393810,23264177,58.39,61.0,56.1,60.2,0.68,275
2021-06-09,6709,804853,50892351,59.07,64.5,58.8,64.1,4.16,535
2021-06-10,6709,835828,54714436,63.23,69.3,63.6,65.2,2.23,596
2021-06-11,6709,540403,34072024,65.46,68.0,60.2,63.1,-2.41,374
2021-06-15,6709,526442,31197483,63.05,63.4,57.1,59.1,-3.79,346
2021-06-16,6709,201806,11652377,59.26,59.9,57.2,57.5,-1.52,155
2021-06-17,6709,259641,14684371,57.74,58.9,56.1,56.9,-1.18,158
2021-06-18,6709,156152,8846766,56.56,58.2,55.6,56.8,0.09,112
2021-06-21,6709,285192,16201136,56.65,58.3,55.8,56.6,0.16,156
2021-06-22,6709,455341,25239309,56.81,56.8,54.2,54.5,-1.38,247
2021-06-23,6709,301035,16281679,55.43,54.6,53.7,54.6,-1.34,173
2021-06-24,6709,225948,12487725,54.09,57.2,53.8,56.2,1.18,156
2021-06-25,6709,229976,13051294,55.27,57.6,56.2,56.9,1.48,163
2021-06-28,6709,205934,11499711,56.75,57.0,55.1,56.1,-0.91,119
2021-06-29,6709,388626,22440179,55.84,61.2,54.9,56.7,1.9,227
2021-06-30,6709,293078,16164097,57.74,57.6,53.7,54.9,-2.59,198
2021-07-01,6709,290595,15538617,55.15,56.1,52.3,54.9,-1.68,213
2021-07-02,6709,198523,10833935,53.47,55.2,53.6,54.5,1.1,151
2021-07-05,6709,685413,39823580,54.57,60.3,54.4,59.8,3.53,471
2021-07-06,6709,2395696,157612780,58.1,74.7,58.8,69.0,7.69,1616
2021-07-07,6709,1361680,87822661,65.79,74.7,59.5,61.4,-1.29,922
2021-07-08,6709,479919,28809413,64.5,64.1,58.7,60.6,-4.47,352
2021-07-09,6709,282897,16662109,60.03,61.4,57.9,59.0,-1.13,177
2021-07-12,6709,229481,13647019,58.9,60.4,58.6,58.7,0.57,184
2021-07-13,6709,346210,20097674,59.47,60.2,56.3,57.8,-1.42,242
2021-07-14,6709,219134,12270356,58.05,58.2,54.8,55.1,-2.06,168
2021-07-15,6709,170422,9653535,55.99,59.1,55.4,58.6,0.65,141
2021-07-16,6709,141536,8154389,56.64,60.2,56.8,57.9,0.97,102
2021-07-19,6709,227486,13467489,57.61,60.7,57.9,58.7,1.59,142
2021-07-20,6709,321180,19176557,59.2,60.9,58.4,60.4,0.51,239
2021-07-21,6709,268741,15848492,59.71,62.8,56.8,59.8,-0.74,223
2021-07-22,6709,161349,9222061,58.97,59.1,56.6,57.2,-1.81,138
2021-07-23,6709,125428,7067200,57.16,59.2,55.2,58.1,-0.82,110
2021-07-26,6709,157726,8992477,56.34,58.8,56.0,57.1,0.67,104
2021-07-27,6709,209011,11612155,57.01,58.0,54.9,56.0,-1.45,164
2021-07-28,6709,197618,10736344,55.56,55.6,53.8,54.1,-1.23,133
2021-07-29,6709,92439,5217570,54.33,57.7,55.0,57.7,2.11,71
2021-07-30,6709,109639,6205184,56.44,58.0,55.0,57.2,0.16,68
2021-08-02,6709,47752,2729296,56.6,57.8,55.9,57.1,0.56,45
2021-08-03,6709,57452,3242429,57.16,58.1,55.8,58.0,-0.72,45
2021-08-04,6709,87167,4917463,56.44,57.9,56.0,56.2,-0.03,58
2021-08-05,6709,67600,3784759,56.41,57.2,55.1,57.2,-0.42,66
2021-08-06,6709,238364,13864945,55.99,59.0,57.5,58.5,2.18,171
2021-08-09,6709,85155,4837251,58.17,59.0,56.1,57.1,-1.36,71
2021-08-10,6709,97954,5585212,56.81,58.4,56.5,58.2,0.21,71
2021-08-11,6709,239942,13717954,57.02,57.8,56.5,56.5,0.15,132
2021-08-12,6709,62237,3581712,57.17,58.0,57.0,57.6,0.38,47
2021-08-13,6709,112258,6484939,57.55,58.2,57.0,58.2,0.22,80
2021-08-16,6709,225036,13085688,57.77,58.7,57.8,58.3,0.38,135
2021-08-17,6709,144643,8352496,58.15,58.3,57.1,57.6,-0.4,74
2021-08-18,6709,221777,12539742,57.75,57.7,55.6,57.2,-1.21,116
2021-08-19,6709,125439,7185937,56.54,57.8,56.8,57.5,0.75,74
2021-08-20,6709,93453,5415600,57.29,58.7,57.3,58.5,0.66,72
2021-08-23,6709,129161,7645175,57.95,60.2,58.5,59.2,1.24,89
2021-08-24,6709,131564,7819477,59.19,60.1,59.0,59.1,0.24,94
2021-08-25,6709,110585,6601203,59.43,60.2,59.3,59.8,0.26,77
2021-08-26,6709,242877,14848088,59.69,61.9,59.8,61.4,1.44,190
2021-08-27,6709,264419,15651699,61.13,61.4,58.8,59.3,-1.94,144
2021-08-30,6709,110642,6542467,59.19,59.5,58.8,59.2,-0.06,66
2021-08-31,6709,93050,5464135,59.13,59.2,58.3,59.2,-0.41,48
2021-09-01,6709,61465,3625520,58.72,59.5,58.5,59.3,0.27,32
2021-09-02,6709,89313,5239943,58.99,60.0,58.3,58.3,-0.32,40
2021-09-03,6709,60170,3545531,58.67,59.3,58.0,59.1,0.26,31
2021-09-06,6709,177116,10623606,58.93,60.3,59.3,59.8,1.05,93
2021-09-07,6709,202820,12269738,59.98,61.1,59.8,60.2,0.52,129
2021-09-08,6709,122876,7358185,60.5,60.6,59.4,60.2,-0.62,86
2021-09-09,6709,68537,4077155,59.88,60.4,59.0,60.2,-0.39,42
2021-09-10,6709,155527,9207135,59.49,60.1,59.0,59.4,-0.29,69
2021-09-13,6709,100036,5932188,59.2,59.7,58.5,59.5,0.1,58
2021-09-14,6709,65091,3892223,59.3,60.6,59.3,59.5,0.5,35
2021-09-15,6709,91245,5394608,59.8,59.5,58.9,59.2,-0.68,36
2021-09-16,6709,81586,4810039,59.12,59.4,58.6,59.2,-0.16,45
2021-09-17,6709,59400,3525440,58.96,59.7,59.1,59.7,0.39,33
2021-09-22,6709,181322,10667370,59.35,61.4,58.4,59.3,-0.52,92
2021-09-23,6709,26902,1579377,58.83,59.9,57.1,59.3,-0.12,18
2021-09-24,6709,113330,6669806,58.71,59.4,58.5,59.0,0.14,65
2021-09-27,6709,109402,6549830,58.85,60.2,59.0,60.1,1.02,58
2021-09-28,6709,378336,23881579,59.87,65.5,60.1,63.1,3.25,308
2021-09-29,6709,191643,11566707,63.12,63.0,59.6,60.0,-2.76,135
2021-09-30,6709,98719,5878758,60.36,60.6,59.3,59.6,-0.81,66
2021-10-01,6709,173708,10230451,59.55,60.0,58.3,58.5,-0.66,107
2021-10-04,6709,218770,12606434,58.89,59.9,56.9,57.7,-1.27,157
2021-10-05,6709,136798,7729820,57.62,57.7,56.0,56.5,-1.11,92
2021-10-06,6709,164525,9290327,56.51,58.1,56.1,56.7,-0.04,98
2021-10-07,6709,117958,6652495,56.47,58.0,55.9,57.8,-0.07,63
2021-10-08,6709,30603,1747033,56.4,58.2,56.9,57.5,0.69,25
2021-10-12,6709,44903,2574903,57.09,57.9,57.1,57.5,0.25,27
2021-10-13,6709,79234,4484544,57.34,58.2,56.1,57.1,-0.74,46
2021-10-14,6709,32507,1834400,56.6,57.4,56.1,57.2,-0.17,22
2021-10-15,6709,42814,2422539,56.43,57.3,56.3,56.9,0.15,38
2021-10-18,6709,23604,1337380,56.58,58.0,56.1,57.0,0.08,23
2021-10-19,6709,64737,3649416,56.66,57.2,56.1,56.9,-0.29,33
2021-10-20,6709,104316,5890321,56.37,57.5,56.3,56.6,0.1,56
2021-10-21,6709,138561,7641534,56.47,56.9,52.5,56.0,-1.32,83
2021-10-22,6709,110052,6098453,55.15,57.0,54.8,55.8,0.26,53
2021-10-25,6709,71953,4002679,55.41,57.8,55.1,56.0,0.22,44
2021-10-26,6709,76760,4254274,55.63,56.0,55.2,55.3,-0.21,41
2021-10-27,6709,45502,2527652,55.42,56.2,55.1,55.4,0.13,34
2021-10-28,6709,62250,3427687,55.55,55.6,54.8,54.9,-0.49,44
2021-10-29,6709,109945,5887043,55.06,55.2,52.3,53.5,-1.51,100
2021-11-01,6709,266165,13029223,53.55,54.3,46.55,50.6,-4.6,214
2021-11-02,6709,95422,4777446,48.95,51.7,48.5,50.5,1.12,68
2021-11-03,6709,162702,7823466,50.07,50.8,47.35,47.95,-1.99,119
2021-11-04,6709,65252,3110143,48.08,48.05,47.05,47.05,-0.42,67
2021-11-05,6709,66010,3076930,47.66,47.2,46.05,46.3,-1.05,71
2021-11-08,6709,386483,16078252,46.61,46.3,39.5,41.8,-5.01,296
2021-11-09,6709,149901,5995865,41.6,40.3,39.8,40.1,-1.6,94
2021-11-10,6709,95738,3840746,40.0,42.05,39.75,41.15,0.12,65
2021-11-11,6709,137269,6087593,40.12,46.75,41.8,45.6,4.23,155
2021-11-12,6709,70029,3204584,44.35,48.05,44.9,45.0,1.41,68
2021-11-15,6709,149504,6448835,45.76,46.0,42.5,42.7,-2.63,106
2021-11-16,6709,14506,610666,43.13,43.0,41.85,42.5,-1.03,19
2021-11-17,6709,46301,1978148,42.1,43.5,42.35,43.0,0.62,40
2021-11-18,6709,17104,723513,42.72,43.5,41.7,42.0,-0.42,19
2021-11-19,6709,69586,3086278,42.3,45.85,43.2,45.0,2.05,57
2021-11-22,6709,17543,776532,44.35,45.25,43.85,44.8,-0.09,18
2021-11-23,6709,29603,1287707,44.26,45.0,43.0,43.2,-0.76,28
2021-11-24,6709,49611,2154730,43.5,45.05,43.05,43.6,-0.07,37
2021-11-25,6709,64875,2794533,43.43,44.95,42.7,44.75,-0.35,55
2021-11-26,6709,310532,14798271,43.08,49.15,43.55,48.4,4.57,259
2021-11-29,6709,532889,27554435,47.65,55.6,47.5,51.0,4.06,385
2021-11-30,6709,168631,7854168,51.71,50.0,45.35,47.1,-5.13,149
2021-12-01,6709,107988,4974369,46.58,48.0,44.2,47.45,-0.52,98
2021-12-02,6709,330026,16488373,46.06,53.0,47.85,49.0,3.9,280
2021-12-03,6709,145207,6981512,49.96,50.1,46.9,48.65,-1.88,133
2021-12-06,6709,88791,4382297,48.08,50.0,48.35,48.4,1.28,69
2021-12-07,6709,59349,2862021,49.36,49.15,47.7,49.15,-1.14,69
2021-12-08,6709,100325,4947009,48.22,50.2,48.05,49.0,1.09,92
2021-12-09,6709,141413,6694348,49.31,49.5,46.85,47.6,-1.97,107
2021-12-10,6709,44160,2108044,47.34,48.15,46.75,47.8,0.4,43
2021-12-13,6709,517622,26320853,47.74,53.5,47.8,52.2,3.11,339
2021-12-14,6709,261642,13327084,50.85,52.5,49.85,50.0,0.09,186
2021-12-15,6709,148874,7140913,50.94,49.5,47.05,49.05,-2.97,115
2021-12-16,6709,70688,3428829,47.97,50.0,47.5,49.1,0.54,58
2021-12-17,6709,106472,5233356,48.51,50.2,48.4,49.3,0.64,70
2021-12-20,6709,352404,17890611,49.15,52.2,49.3,52.0,1.62,242
2021-12-21,6709,130364,6663379,50.77,52.7,50.3,51.3,0.34,110
2021-12-22,6709,94148,4663731,51.11,51.3,48.85,49.25,-1.57,79
2021-12-23,6709,57912,2829268,49.54,49.95,48.0,49.45,-0.69,57
2021-12-24,6709,98368,4782639,48.85,49.9,47.85,48.45,-0.23,78
2021-12-27,6709,59570,2855605,48.62,49.15,47.7,47.85,-0.68,48
2021-12-28,6709,56454,2701179,47.94,48.9,47.0,48.0,-0.09,46
2021-12-29,6709,20892,997496,47.85,48.15,47.05,48.15,-0.1,20
2021-12-30,6709,45853,2201168,47.75,48.95,47.5,48.75,0.25,38
2022-01-03,6709,92021,4345341,48.0,48.15,46.7,47.65,-0.78,82
2022-01-04,6709,44505,2122426,47.22,48.65,47.0,47.75,0.47,35
2022-01-05,6709,315180,15845796,47.69,54.3,46.95,52.6,2.59,242
2022-01-06,6709,677317,35286009,50.28,54.0,48.45,53.1,1.82,532
2022-01-07,6709,981664,53492623,52.1,58.6,50.5,57.0,2.39,706
2022-01-10,6709,585416,32565561,54.49,58.7,54.2,55.5,1.14,466
2022-01-11,6709,330077,17285111,55.63,57.8,50.8,52.5,-3.26,255
2022-01-12,6709,228741,11348951,52.37,53.5,48.05,50.8,-2.76,221
2022-01-13,6709,30117,1520273,49.61,51.4,49.7,50.4,0.87,42
2022-01-14,6709,127192,6396652,50.48,51.2,49.8,50.7,-0.19,124
2022-01-17,6709,109604,5454717,50.29,51.4,48.85,50.2,-0.52,79
2022-01-18,6709,80101,3945374,49.77,49.65,49.0,49.65,-0.52,61
2022-01-19,6709,43264,2129256,49.25,49.95,48.8,49.65,-0.03,42
2022-01-20,6709,62572,3065693,49.22,49.75,48.35,49.2,-0.23,54
2022-01-21,6709,102544,5018628,48.99,49.9,48.65,49.15,-0.05,91
2022-01-24,6709,61329,3020197,48.94,50.0,47.55,49.5,0.31,50
2022-01-25,6709,60230,2928977,49.25,49.65,47.95,48.0,-0.62,54
2022-01-26,6709,32520,1575596,48.63,49.25,48.0,49.25,-0.18,36
2022-02-07,6709,75916,3758354,48.45,50.1,48.5,49.6,1.06,62
2022-02-08,6709,49432,2429428,49.51,49.85,48.85,49.05,-0.36,40
2022-02-09,6709,58561,2847845,49.15,49.9,48.35,48.8,-0.52,59
2022-02-10,6709,22212,1078111,48.63,49.1,48.25,48.5,-0.09,20
2022-02-11,6709,36480,1787771,48.54,49.55,48.15,48.15,0.47,33
2022-02-14,6709,58440,2794421,49.01,49.45,47.35,47.5,-1.19,51
2022-02-15,6709,43671,2095728,47.82,48.95,47.15,48.0,0.17,35
2022-02-16,6709,86925,4099050,47.99,48.95,46.85,46.95,-0.83,59
2022-02-17,6709,89083,4180496,47.16,48.35,46.55,46.65,-0.23,65
2022-02-18,6709,82609,3880728,46.93,47.35,46.45,47.2,0.05,51
2022-02-21,6709,33146,1559621,46.98,47.6,46.05,47.35,0.07,31
2022-02-22,6709,65270,3042588,47.05,48.0,46.35,47.0,-0.43,49
2022-02-23,6709,114276,5483036,46.62,49.75,47.2,48.0,1.36,88
2022-02-24,6709,223555,10093506,47.98,48.5,43.55,44.65,-2.83,175
2022-02-25,6709,74274,3415381,45.15,47.65,45.2,46.05,0.83,44
2022-03-01,6709,31530,1425024,45.98,46.65,44.9,45.0,-0.78,31
2022-03-02,6709,55974,2496935,45.2,45.6,43.95,45.2,-0.59,48
2022-03-03,6709,36746,1632580,44.61,45.2,44.0,44.6,-0.18,30
2022-03-04,6709,62070,2674952,44.43,45.0,42.75,43.0,-1.33,47
2022-03-07,6709,120341,4867264,43.1,44.0,39.15,40.0,-2.65,110
2022-03-08,6709,74735,2987098,40.45,40.6,39.65,39.8,-0.48,67
2022-03-09,6709,75835,3060055,39.97,42.0,39.85,40.0,0.38,69
2022-03-10,6709,17630,720728,40.35,41.85,40.55,40.55,0.53,24
2022-03-11,6709,13417,543410,40.88,41.3,39.55,40.95,-0.38,24
2022-03-14,6709,32513,1297303,40.5,40.5,39.75,39.85,-0.6,27
2022-03-15,6709,182675,7164290,39.9,40.0,38.5,39.25,-0.68,104
2022-03-16,6709,38700,1523870,39.22,39.7,39.1,39.3,0.16,28
2022-03-17,6709,51685,2010850,39.38,39.15,38.65,38.8,-0.47,47
2022-03-18,6709,5551,220262,38.91,39.95,39.45,39.95,0.77,7
2022-03-21,6709,71710,2885249,39.68,40.65,39.95,40.4,0.55,47
2022-03-22,6709,44938,1781707,40.23,40.5,38.85,39.0,-0.58,36
2022-03-23,6709,39811,1569450,39.65,40.05,38.8,39.5,-0.23,26
2022-03-24,6709,42870,1677189,39.42,40.2,38.25,39.05,-0.3,37
2022-03-25,6709,74966,2889390,39.12,39.95,38.35,38.5,-0.58,58
2022-03-28,6709,74580,2886692,38.54,39.6,38.4,38.8,0.17,59
2022-03-29,6709,33152,1281614,38.71,39.1,38.35,39.1,-0.05,24
2022-03-30,6709,11326,443801,38.66,39.95,38.15,39.85,0.52,12
2022-03-31,6709,24141,938807,39.18,39.55,38.5,38.5,-0.29,20
2022-04-01,6709,51020,2006008,38.89,40.15,38.5,39.7,0.43,48
2022-04-06,6709,91542,3703656,39.32,40.7,40.15,40.3,1.14,77
2022-04-07,6709,16875,675335,40.46,40.65,39.35,40.65,-0.44,20
2022-04-08,6709,46666,1875271,40.02,40.65,39.35,39.95,0.16,38
2022-04-11,6709,298655,13120527,40.18,47.35,39.35,44.95,3.75,223
2022-04-12,6709,122834,5388341,43.93,47.15,41.85,42.1,-0.06,81
2022-04-13,6709,119713,4931372,43.87,42.05,40.8,41.4,-2.68,81
2022-04-14,6709,114647,4820344,41.19,43.35,40.9,43.35,0.86,140
2022-04-15,6709,382176,17101091,42.05,46.25,40.95,45.9,2.7,302
2022-04-18,6709,320371,14846922,44.75,47.3,43.75,47.1,1.59,214
2022-04-19,6709,147343,6651841,46.34,47.5,44.1,44.9,-1.19,82
2022-04-20,6709,80587,3700261,45.15,46.3,45.0,46.15,0.77,63
2022-04-21,6709,159617,7144955,45.92,46.45,43.0,44.85,-1.16,108
2022-04-22,6709,65379,2865978,44.76,44.85,42.35,44.1,-0.92,55
2022-04-25,6709,58416,2510296,43.84,43.95,42.3,42.35,-0.87,37
2022-04-26,6709,84022,3510617,42.97,43.2,41.5,41.75,-1.19,54
2022-04-27,6709,76075,3055410,41.78,41.15,39.75,40.1,-1.62,58
2022-04-28,6709,74030,3045593,40.16,41.95,40.6,41.45,0.98,48
2022-04-29,6709,80255,3247470,41.14,40.9,40.15,40.35,-0.68,52
2022-05-03,6709,37000,1509500,40.46,41.15,40.4,40.55,0.34,18
2022-05-04,6709,119200,4783675,40.8,40.5,39.9,40.05,-0.67,45
2022-05-05,6709,96896,3846892,40.13,40.2,39.35,39.45,-0.43,62
2022-05-06,6709,33513,1300666,39.7,40.05,38.0,39.6,-0.89,31
2022-05-09,6709,32011,1274867,38.81,41.4,39.5,40.4,1.02,29
2022-05-10,6709,52801,2096676,39.83,41.45,39.35,39.95,-0.12,35
2022-05-11,6709,57151,2262046,39.71,40.15,39.05,39.3,-0.13,34
2022-05-12,6709,68299,2674840,39.58,40.0,38.85,39.05,-0.42,32
2022-05-13,6709,35162,1371383,39.16,40.45,38.6,38.8,-0.16,29
2022-05-16,6709,43000,1681550,39.0,40.0,38.85,39.0,0.11,11
2022-05-17,6709,28210,1095595,39.11,40.0,38.65,38.7,-0.27,19
2022-05-18,6709,26351,1017439,38.84,39.9,38.35,39.9,-0.23,14
2022-05-19,6709,31661,1218611,38.61,39.05,38.05,38.3,-0.12,22
2022-05-20,6709,74762,2857969,38.49,38.5,37.9,38.15,-0.26,38
2022-05-23,6709,39209,1528616,38.23,39.5,38.0,39.5,0.76,26
2022-05-24,6709,45301,1752219,38.99,39.35,38.5,39.3,-0.31,20
2022-05-25,6709,24120,929224,38.68,40.25,38.35,39.65,-0.15,15
2022-05-26,6709,60009,2347361,38.53,40.0,38.55,39.45,0.59,42
2022-05-27,6709,32111,1248739,39.12,40.15,38.6,38.6,-0.23,13
2022-05-30,6709,48326,1874041,38.89,39.9,38.5,38.65,-0.11,35
2022-05-31,6709,26305,1018432,38.78,39.5,38.6,38.8,-0.06,18
2022-06-01,6709,24952,962218,38.72,39.1,38.0,38.3,-0.16,17
2022-06-02,6709,31254,1193155,38.56,39.45,37.85,38.7,-0.38,23
2022-06-06,6709,19265,717921,38.18,39.0,37.1,37.5,-0.91,14
2022-06-07,6709,69567,2593174,37.27,38.05,37.0,37.15,0.01,45
2022-06-08,6709,87270,3251954,37.28,37.8,36.5,37.35,-0.02,51
2022-06-09,6709,63750,2377583,37.26,37.6,37.15,37.45,0.04,27
2022-06-10,6709,114569,4162844,37.3,37.5,36.15,36.5,-0.97,60
2022-06-13,6709,49610,1809194,36.33,37.1,36.35,36.8,0.14,35
2022-06-14,6709,139470,4964259,36.47,36.3,35.0,35.0,-0.88,76
2022-06-15,6709,15085,530971,35.59,35.7,34.85,35.6,-0.39,16
2022-06-16,6709,28148,1009784,35.2,36.45,35.2,36.2,0.67,23
2022-06-17,6709,29050,1021460,35.87,35.5,35.0,35.3,-0.71,22
2022-06-20,6709,61210,2139734,35.16,35.6,33.25,34.75,-0.2,50
2022-06-21,6709,30063,1021688,34.96,34.65,33.45,33.8,-0.98,26
2022-06-22,6709,85977,2903752,33.98,34.0,33.65,33.8,-0.21,51
2022-06-23,6709,71830,2374445,33.77,33.85,32.8,33.2,-0.71,48
2022-06-24,6709,18985,643844,33.06,34.15,33.0,34.1,0.85,17
2022-06-27,6709,77763,2860365,33.91,38.15,34.2,37.9,2.87,75
2022-06-28,6709,27303,1033839,36.78,38.45,36.9,36.9,1.09,26
2022-06-29,6709,44603,1575259,37.87,37.0,34.6,35.6,-2.55,36
2022-06-30,6709,50163,1815269,35.32,37.95,35.65,35.9,0.87,37
2022-07-01,6709,101207,3772319,36.19,38.2,36.15,37.1,1.08,81
2022-07-04,6709,74208,2808010,37.27,38.35,37.05,38.2,0.57,53
2022-07-05,6709,24305,940140,37.84,39.45,37.35,38.95,0.84,19
2022-07-06,6709,47400,1791350,38.68,38.85,36.9,36.9,-0.89,28
2022-07-07,6709,34102,1242059,37.79,37.95,36.05,36.2,-1.37,39
2022-07-08,6709,8201,294831,36.42,37.0,35.85,36.0,-0.47,9
2022-07-11,6709,26460,950213,35.95,36.85,35.8,36.1,-0.04,17
2022-07-12,6709,14201,510356,35.91,36.55,35.85,36.0,0.03,9
2022-07-13,6709,26751,961914,35.94,37.3,35.65,35.65,0.02,23
2022-07-14,6709,27514,1002725,35.96,37.05,36.0,36.75,0.48,19
2022-07-15,6709,13002,471723,36.44,36.85,36.0,36.05,-0.16,10
2022-07-18,6709,18700,681480,36.28,38.2,36.35,38.1,0.16,9
2022-07-19,6709,30711,1123603,36.44,38.1,36.2,36.4,0.15,21
2022-07-20,6709,96018,3444421,36.59,37.45,35.35,37.45,-0.72,67
2022-07-21,6709,15060,564065,35.87,37.85,35.9,37.5,1.58,16
2022-07-22,6709,32601,1222298,37.45,38.1,37.0,37.6,0.04,20
2022-07-25,6709,254440,10345059,37.49,42.8,37.65,40.3,3.17,169
2022-07-26,6709,111295,4339032,40.66,40.65,37.1,39.65,-1.67,88
2022-07-27,6709,11013,433771,38.99,40.15,38.85,40.15,0.4,13
2022-07-28,6709,47921,1867988,39.39,40.05,38.05,38.8,-0.41,33
2022-07-29,6709,89966,3583746,38.98,40.3,38.85,39.6,0.85,67
2022-08-01,6709,55641,2190551,39.83,39.65,38.7,39.6,-0.46,39
2022-08-02,6709,60302,2327257,39.37,40.0,38.35,38.5,-0.78,40
2022-08-03,6709,26033,993085,38.59,39.4,37.65,38.4,-0.44,23
2022-08-04,6709,33165,1281474,38.15,39.95,38.2,38.75,0.49,21
2022-08-05,6709,10004,382056,38.64,39.15,37.8,39.0,-0.45,10
2022-08-08,6709,7219,275710,38.19,38.55,38.1,38.35,0.0,10
2022-08-09,6709,6588,252364,38.19,38.95,37.35,38.85,0.12,9
2022-08-10,6709,55800,2188285,38.31,40.0,38.55,38.55,0.91,40
2022-08-11,6709,7010,278154,39.22,40.45,39.0,39.65,0.46,7
2022-08-12,6709,19352,753739,39.68,40.0,38.75,39.25,-0.73,20
2022-08-15,6709,55302,2136298,38.95,39.25,38.35,38.5,-0.32,51
2022-08-16,6709,16001,612889,38.63,39.5,38.1,38.3,-0.33,8
2022-08-17,6709,78100,3100478,38.3,41.2,39.0,40.0,1.4,55
2022-08-18,6709,29416,1194803,39.7,41.0,39.9,40.85,0.92,31
2022-08-19,6709,57309,2317632,40.62,41.1,39.85,39.85,-0.18,45
2022-08-22,6709,55624,2230126,40.44,40.95,39.5,40.1,-0.35,35
2022-08-23,6709,26522,1054036,40.09,40.25,39.0,39.45,-0.35,29
2022-08-24,6709,34028,1364233,39.74,40.45,39.5,39.8,0.35,32
2022-08-25,6709,17103,672220,40.09,40.35,38.85,39.1,-0.79,16
2022-08-26,6709,74004,2915760,39.3,40.4,39.05,39.65,0.1,30
2022-08-29,6709,13103,515350,39.4,40.15,38.5,39.4,-0.07,15
2022-08-30,6709,36610,1468367,39.33,40.3,39.7,40.05,0.78,29
2022-08-31,6709,108233,4398810,40.11,41.65,39.95,40.55,0.53,59
2022-09-01,6709,62461,2460872,40.64,40.95,39.0,39.15,-1.24,43
2022-09-02,6709,34220,1351534,39.4,40.0,39.4,39.55,0.1,21
2022-09-05,6709,23812,937246,39.5,40.0,39.0,39.35,-0.14,20
2022-09-06,6709,132186,5305294,39.36,40.75,39.2,39.9,0.78,83
2022-09-07,6709,27011,1076843,40.14,40.3,38.9,38.9,-0.27,23
2022-09-08,6709,25502,1033082,39.87,41.05,39.9,39.95,0.64,24
2022-09-12,6709,339654,14483261,40.51,45.2,40.35,43.1,2.13,193
2022-09-13,6709,62233,2677082,42.64,44.15,42.85,43.1,0.38,46
2022-09-14,6709,111383,4784027,43.02,43.15,42.4,43.1,-0.07,64
2022-09-15,6709,42554,1843875,42.95,44.15,42.85,42.85,0.38,39
2022-09-16,6709,65371,2791147,43.33,43.2,41.5,41.5,-0.63,55
2022-09-19,6709,53428,2280778,42.7,43.6,42.55,42.7,-0.01,31
2022-09-20,6709,27003,1169180,42.69,43.65,42.05,42.05,0.61,24
2022-09-21,6709,34881,1473870,43.3,43.5,41.95,42.0,-1.05,34
2022-09-22,6709,50033,2127494,42.25,44.15,42.05,42.3,0.27,32
2022-09-23,6709,65915,2652574,42.52,42.35,39.0,40.6,-2.28,56
2022-09-26,6709,115937,4413469,40.24,41.0,37.65,38.0,-2.17,47
2022-09-27,6709,17460,663561,38.07,38.6,37.4,38.4,-0.07,16
2022-09-28,6709,23430,884072,38.0,38.9,37.5,37.5,-0.27,25
2022-09-29,6709,13801,523888,37.73,38.7,37.85,38.0,0.23,14
2022-09-30,6709,17949,666417,37.96,37.5,36.8,37.15,-0.83,19
2022-10-03,6709,1010,37673,37.13,37.3,37.3,37.3,0.17,2
2022-10-04,6709,16873,624968,37.3,37.35,36.8,37.1,-0.26,17
2022-10-05,6709,6302,237486,37.04,38.3,37.35,37.5,0.64,8
2022-10-06,6709,5001,192038,37.68,38.95,38.0,38.6,0.72,4
2022-10-07,6709,12551,478005,38.4,39.1,37.4,38.3,-0.31,10
2022-10-11,6709,12501,466689,38.09,39.1,37.2,37.4,-0.76,10
2022-10-12,6709,27018,990016,37.33,38.2,36.0,36.5,-0.69,20
2022-10-13,6709,43896,1533374,36.64,36.85,33.8,33.8,-1.71,36
2022-10-14,6709,21420,759444,34.93,36.0,35.0,35.4,0.52,19
2022-10-17,6709,1530,52813,35.45,35.45,34.5,34.5,-0.93,3
2022-10-18,6709,22131,772645,34.52,35.75,34.4,34.6,0.39,16
2022-10-19,6709,29403,1000602,34.91,34.5,33.95,34.3,-0.88,18
2022-10-20,6709,16572,549529,34.03,33.6,32.8,32.8,-0.87,20
2022-10-21,6709,5001,166033,33.16,33.2,33.2,33.2,0.04,6
2022-10-24,6709,41074,1305775,33.2,33.2,30.65,30.8,-1.41,39
2022-10-25,6709,52359,1589244,31.79,31.95,29.8,29.8,-1.44,41
2022-10-26,6709,56060,1601604,30.35,30.45,28.0,28.45,-1.78,40
2022-10-27,6709,91480,2497707,28.57,28.7,26.9,28.6,-1.27,64
2022-10-28,6709,82766,2430558,27.3,31.55,28.35,28.5,2.07,70
2022-10-31,6709,44012,1276200,29.37,30.25,28.7,29.2,-0.37,37
2022-11-01,6709,49874,1438790,29.0,29.35,28.55,28.8,-0.15,37
2022-11-02,6709,22103,644609,28.85,30.0,29.1,29.2,0.31,11
2022-11-03,6709,35152,1029579,29.16,29.95,28.8,29.6,0.13,22
2022-11-04,6709,51703,1536495,29.29,30.4,29.0,30.3,0.43,35
2022-11-07,6709,17112,503504,29.72,30.4,29.25,29.25,-0.3,16
2022-11-08,6709,14011,414426,29.42,29.9,29.3,29.3,0.16,8
2022-11-09,6709,53204,1578205,29.58,30.5,29.2,30.45,0.08,25
2022-11-10,6709,28982,854252,29.66,30.55,29.4,29.6,-0.18,24
2022-11-11,6709,47475,1394537,29.48,30.25,29.0,29.8,-0.11,39
2022-11-14,6709,36302,1076439,29.37,30.0,29.4,29.4,0.28,27
2022-11-15,6709,57482,1691710,29.65,30.0,29.05,29.05,-0.22,43
2022-11-16,6709,61372,1802167,29.43,30.05,28.7,30.05,-0.07,32
2022-11-17,6709,28130,821756,29.36,30.5,29.0,30.0,-0.15,25
2022-11-18,6709,16104,477161,29.21,30.7,29.35,30.3,0.42,13
2022-11-21,6709,58006,1735160,29.63,30.3,29.6,29.9,0.28,40
2022-11-22,6709,39304,1160399,29.91,30.4,29.4,29.6,-0.39,27
2022-11-23,6709,54003,1599779,29.52,30.1,29.4,29.9,0.1,37
2022-11-24,6709,118318,3867755,29.62,34.7,29.8,32.5,3.07,88
2022-11-25,6709,88200,2775944,32.69,33.0,30.4,30.4,-1.22,74
2022-11-28,6709,31002,943561,31.47,30.8,29.9,30.4,-1.03,22
2022-11-29,6709,38692,1165549,30.44,31.55,29.6,29.6,-0.32,36
2022-11-30,6709,24360,741018,30.12,31.0,29.8,30.2,0.3,14
2022-12-01,6709,16852,503317,30.42,31.0,29.7,30.9,-0.55,16
2022-12-02,6709,30783,922900,29.87,30.7,29.9,29.95,0.11,26
2022-12-05,6709,25902,783736,29.98,30.95,30.0,30.2,0.28,15
2022-12-06,6709,30741,925107,30.26,30.6,29.9,30.0,-0.17,16
2022-12-07,6709,83428,2616053,30.09,33.0,30.5,31.9,1.27,65
2022-12-08,6709,42905,1380528,31.36,33.0,31.7,32.5,0.82,33
2022-12-09,6709,29904,952781,32.18,33.1,31.7,31.7,-0.32,19
2022-12-12,6709,44502,1403219,31.86,32.6,31.0,31.5,-0.33,24
2022-12-13,6709,31897,1023345,31.53,33.6,31.75,31.9,0.55,28
2022-12-14,6709,39239,1233567,32.08,32.5,31.0,31.4,-0.64,15
2022-12-15,6709,22583,718355,31.44,32.6,31.2,31.35,0.37,23
2022-12-16,6709,39016,1221373,31.81,32.7,30.45,31.2,-0.51,29
2022-12-19,6709,71853,2287241,31.3,33.25,31.55,32.15,0.53,48
2022-12-20,6709,101007,3209858,31.83,33.1,31.15,31.45,-0.05,67
2022-12-21,6709,56604,1768538,31.78,31.95,30.15,31.05,-0.54,31
2022-12-22,6709,69375,2086988,31.24,31.5,29.9,30.5,-1.16,42
2022-12-23,6709,41206,1247430,30.08,31.1,30.0,30.2,0.19,24
2022-12-26,6709,49556,1501534,30.27,31.0,29.9,30.1,0.03,33
2022-12-27,6709,21304,641696,30.3,30.9,29.0,29.0,-0.18,19
2022-12-28,6709,20102,605205,30.12,30.25,29.45,30.2,-0.01,14
2022-12-29,6709,25003,753592,30.11,31.0,30.1,30.1,0.03,16
2022-12-30,6709,30305,918318,30.14,31.35,29.95,30.0,0.16,23
2023-01-03,6709,29313,879904,30.3,30.95,29.9,30.1,-0.28,20
2023-01-04,6709,22754,680292,30.02,30.15,29.75,30.15,-0.12,17
2023-01-05,6709,11002,328310,29.9,30.3,29.55,30.0,-0.06,9
2023-01-06,6709,15404,458524,29.84,30.05,29.7,30.0,-0.07,11
2023-01-09,6709,20204,608023,29.77,31.0,30.0,30.0,0.32,17
2023-01-10,6709,20972,627411,30.09,31.05,29.8,30.05,-0.17,19
2023-01-11,6709,46611,1405965,29.92,31.0,30.0,30.0,0.24,32
2023-01-12,6709,5417,160850,30.16,31.0,29.5,30.6,-0.47,9
2023-01-13,6709,28932,853371,29.69,31.0,29.0,30.0,-0.19,31
2023-01-16,6709,35728,1033867,29.5,30.05,28.6,30.0,-0.56,36
2023-01-17,6709,79116,2404149,28.94,31.5,29.8,30.35,1.45,59
2023-01-30,6709,72425,2123353,30.39,30.35,28.9,29.95,-1.07,53
2023-01-31,6709,16008,464288,29.32,30.1,28.8,29.95,-0.32,13
2023-02-01,6709,58164,1740158,29.0,30.2,29.75,29.9,0.92,50
2023-02-02,6709,103743,3302910,29.92,33.1,30.05,32.7,1.92,84
2023-02-03,6709,63320,1985641,31.84,33.1,30.0,31.0,-0.48,44
2023-02-06,6709,70714,2134381,31.36,31.3,29.95,30.6,-1.18,46
2023-02-07,6709,30614,909494,30.18,31.45,29.4,30.7,-0.47,24
2023-02-08,6709,10302,308893,29.71,30.7,29.4,30.1,0.27,9
2023-02-09,6709,11009,334376,29.98,30.85,29.45,30.85,0.39,11
2023-02-10,6709,2501,75755,30.37,30.9,29.4,30.85,-0.08,7
2023-02-13,6709,70018,2133361,30.29,32.0,29.6,31.6,0.18,55
2023-02-14,6709,29515,898365,30.47,31.8,30.25,31.0,-0.03,24
2023-02-15,6709,18606,561845,30.44,30.95,30.1,30.9,-0.24,17
2023-02-16,6709,107503,3242606,30.2,31.1,29.7,29.8,-0.04,74
2023-02-17,6709,79800,2395034,30.16,30.5,29.5,30.3,-0.15,70
2023-02-20,6709,257100,8011482,30.01,33.45,30.1,33.4,1.15,179
2023-02-21,6709,220987,6958817,31.16,33.45,30.8,31.9,0.33,145
2023-02-22,6709,99512,3036781,31.49,32.0,30.15,30.7,-0.97,66
2023-02-23,6709,98732,3057943,30.52,31.4,30.5,31.4,0.45,77
2023-02-24,6709,63456,1969560,30.97,31.5,30.55,31.2,0.07,61
2023-03-01,6709,57014,1761936,31.04,31.5,30.45,30.45,-0.14,51
2023-03-02,6709,77414,2400076,30.9,31.5,30.4,31.5,0.1,54
2023-03-03,6709,30905,955415,31.0,31.55,30.7,31.0,-0.09,30
2023-03-06,6709,28057,862167,30.91,31.3,30.05,31.05,-0.18,26
2023-03-07,6709,17222,528619,30.73,31.1,29.9,31.05,-0.04,24
2023-03-08,6709,82028,2470123,30.69,31.1,29.9,30.5,-0.58,55
2023-03-09,6709,38630,1178031,30.11,31.3,30.0,30.9,0.39,42
2023-03-10,6709,34306,1027043,30.5,30.8,29.55,30.55,-0.56,26
2023-03-13,6709,44903,1326213,29.94,30.8,29.35,30.1,-0.4,44
2023-03-14,6709,15706,464931,29.54,30.45,29.05,30.15,0.06,23
2023-03-15,6709,4202,126805,29.6,30.5,30.0,30.45,0.58,7
2023-03-16,6709,43705,1278860,30.18,30.4,29.05,30.1,-0.92,33
2023-03-17,6709,67678,1969222,29.26,30.5,28.9,29.55,-0.16,41
2023-03-20,6709,2301,68664,29.1,29.85,29.75,29.75,0.74,5
2023-03-21,6709,35701,1038984,29.84,29.95,28.7,29.0,-0.74,30
2023-03-22,6709,82497,2347996,29.1,29.5,28.1,28.4,-0.64,68
2023-03-23,6709,34551,971625,28.46,29.3,27.95,28.3,-0.34,31
2023-03-24,6709,50118,1490778,28.12,30.6,28.7,30.6,1.63,52
2023-03-27,6709,117125,3624570,29.75,32.0,29.95,30.95,1.2,76
2023-03-28,6709,23158,690271,30.95,31.0,29.5,30.85,-1.14,24
2023-03-29,6709,19717,579038,29.81,30.8,29.0,29.6,-0.44,21
2023-03-30,6709,57402,1666712,29.37,30.3,28.8,29.0,-0.33,39
2023-03-31,6709,39954,1140683,29.04,29.15,28.05,28.95,-0.49,28
2023-04-06,6709,26461,779686,28.55,29.95,28.6,29.4,0.92,20
2023-04-07,6709,9022,259290,29.47,29.5,28.5,28.55,-0.73,13
2023-04-10,6709,46454,1325946,28.74,29.7,28.35,29.7,-0.2,34
2023-04-11,6709,6647,192328,28.54,29.7,28.85,29.1,0.39,12
2023-04-12,6709,30006,863425,28.93,29.85,28.4,29.4,-0.15,24
2023-04-13,6709,7257,208755,28.78,29.45,28.5,29.4,-0.01,13
2023-04-14,6709,11005,314998,28.77,29.85,28.55,29.85,-0.15,11
2023-04-17,6709,293943,9034825,28.62,31.2,29.9,30.2,2.12,166
2023-04-18,6709,90058,2672703,30.74,30.6,29.1,29.6,-1.06,71
2023-04-19,6709,41806,1216678,29.68,30.0,28.7,28.75,-0.58,38
2023-04-20,6709,78873,2267482,29.1,29.4,28.55,28.8,-0.35,57
2023-04-21,6709,49602,1433328,28.75,29.5,28.6,28.7,0.15,24
2023-04-24,6709,6323,182928,28.9,29.4,28.8,29.05,0.03,10
2023-04-25,6709,39398,1158846,28.93,30.0,28.55,29.85,0.48,43
2023-04-26,6709,238272,7286707,29.41,32.0,29.85,30.6,1.17,157
2023-04-27,6709,99621,3041326,30.58,31.1,30.0,30.5,-0.05,64
2023-04-28,6709,56610,1715550,30.53,30.7,30.0,30.5,-0.23,46
2023-05-02,6709,83238,2473732,30.3,30.5,29.5,30.0,-0.58,77
2023-05-03,6709,53270,1606947,29.72,30.6,29.9,30.5,0.45,43
2023-05-04,6709,59220,1806053,30.17,31.0,30.0,30.5,0.33,41
2023-05-05,6709,24406,732172,30.5,30.6,29.9,30.3,-0.5,24
2023-05-08,6709,32698,997923,30.0,31.1,30.0,30.55,0.52,32
2023-05-09,6709,63709,1934196,30.52,30.9,29.7,30.5,-0.16,36
2023-05-10,6709,67108,2037940,30.36,30.8,30.05,30.45,0.01,47
2023-05-11,6709,70059,2108093,30.37,30.4,29.5,29.55,-0.28,41
2023-05-12,6709,64355,1932046,30.09,30.55,29.4,30.1,-0.07,36
2023-05-15,6709,29500,884025,30.02,30.2,29.8,29.9,-0.05,17
2023-05-16,6709,43573,1297553,29.97,30.2,29.6,30.0,-0.19,42
2023-05-17,6709,11109,331767,29.78,30.05,29.5,30.05,0.08,16
2023-05-18,6709,26205,780850,29.86,30.5,29.5,29.6,-0.06,23
2023-05-19,6709,51854,1534228,29.8,30.5,29.0,29.65,-0.21,38
2023-05-22,6709,17607,514287,29.59,30.0,29.0,29.95,-0.38,26
2023-05-23,6709,9203,273409,29.21,30.0,29.5,29.9,0.5,11
2023-05-24,6709,23178,690537,29.71,30.1,29.6,30.0,0.08,18
2023-05-25,6709,62412,1872252,29.79,30.5,29.65,29.95,0.21,58
2023-05-26,6709,10904,324490,30.0,30.0,29.5,29.8,-0.24,16
2023-05-29,6709,15104,449490,29.76,30.1,29.1,30.05,0.0,18
2023-05-30,6709,12206,367161,29.76,30.35,29.8,30.0,0.32,18
2023-05-31,6709,38083,1143698,30.08,30.35,29.9,30.1,-0.05,27
2023-06-01,6709,18004,537171,30.03,30.5,29.6,29.7,-0.19,13
2023-06-02,6709,92657,2744165,29.84,30.25,29.5,29.8,-0.22,52
2023-06-05,6709,85481,2555724,29.62,30.45,29.7,29.9,0.28,46
2023-06-06,6709,80502,2420914,29.9,30.5,29.7,29.75,0.17,60
2023-06-07,6709,73008,2174190,30.07,30.3,29.4,29.85,-0.29,42
2023-06-08,6709,54009,1598098,29.78,30.3,29.45,29.5,-0.19,41
2023-06-09,6709,87533,2573447,29.59,30.0,28.45,28.7,-0.19,68
2023-06-12,6709,22603,664669,29.4,29.8,29.1,29.3,0.01,17
2023-06-13,6709,15356,447505,29.41,30.0,28.65,29.6,-0.27,23
2023-06-14,6709,23004,668069,29.14,30.0,28.9,29.85,-0.1,24
2023-06-15,6709,44159,1281519,29.04,30.0,28.8,29.1,-0.02,33
2023-06-16,6709,69204,2002147,29.02,29.6,28.5,29.1,-0.09,57
2023-06-19,6709,54886,1589913,28.93,29.7,28.6,29.1,0.04,42
2023-06-20,6709,106932,3174411,28.97,30.1,28.9,29.65,0.72,58
2023-06-21,6709,96305,2867509,29.69,30.0,29.1,29.95,0.09,52
2023-06-26,6709,106806,3181079,29.78,30.1,29.1,30.0,0.0,62
2023-06-27,6709,41306,1229870,29.78,30.2,29.4,29.8,-0.01,37
2023-06-28,6709,84000,2520970,29.77,30.1,29.7,29.7,0.24,48
2023-06-29,6709,308946,9322861,30.01,30.95,29.95,30.4,0.17,180
2023-06-30,6709,420720,13102893,30.18,32.4,30.2,31.9,0.96,237
2023-07-03,6709,411737,12652637,31.14,32.95,29.95,30.05,-0.41,224
2023-07-04,6709,80152,2416155,30.73,30.95,29.95,30.25,-0.59,47
2023-07-05,6709,129278,3862113,30.14,30.7,29.6,29.8,-0.27,87
2023-07-06,6709,78885,2347295,29.87,30.5,29.5,29.5,-0.11,44
2023-07-07,6709,52200,1524390,29.76,29.8,28.9,29.05,-0.56,36
2023-07-10,6709,45502,1326284,29.2,29.5,28.95,29.05,-0.05,27
2023-07-11,6709,107659,3113708,29.15,29.6,28.55,28.9,-0.23,74
2023-07-12,6709,26542,754386,28.92,29.3,28.1,28.4,-0.5,36
2023-07-13,6709,56304,1627296,28.42,29.1,27.95,28.6,0.48,39
2023-07-14,6709,79617,2303118,28.9,29.1,28.5,29.1,0.03,48
2023-07-17,6709,140204,4086097,28.93,29.6,28.8,28.8,0.21,75
2023-07-18,6709,90063,2613247,29.14,29.45,28.55,28.55,-0.12,59
2023-07-19,6709,75279,2183450,29.02,29.35,28.8,28.8,-0.02,47
2023-07-20,6709,4652,134640,29.0,29.25,28.55,28.65,-0.06,8
2023-07-21,6709,65260,1865017,28.94,29.85,28.45,29.85,-0.36,33
2023-07-24,6709,43719,1261762,28.58,29.8,28.4,28.4,0.28,28
2023-07-25,6709,125610,3551838,28.86,28.5,27.7,28.3,-0.58,67
2023-07-26,6709,17154,490980,28.28,28.9,27.95,28.9,0.34,15
2023-07-27,6709,28900,825678,28.62,28.95,28.2,28.2,-0.05,31
2023-07-28,6709,30755,878189,28.57,29.6,28.2,28.95,-0.02,28
2023-07-31,6709,36607,1044337,28.55,29.1,28.4,28.5,-0.02,26
2023-08-01,6709,16025,454910,28.53,29.0,28.05,28.8,-0.14,19
2023-08-02,6709,73889,2136936,28.39,29.25,28.55,28.55,0.53,51
2023-08-04,6709,26203,751476,28.92,28.95,28.5,28.55,-0.24,19
2023-08-07,6709,52312,1505766,28.68,28.95,28.45,28.9,0.1,34
2023-08-08,6709,31604,916337,28.78,29.55,28.65,29.3,0.21,23
2023-08-09,6709,36016,1038315,28.99,29.25,28.7,28.8,-0.16,26
2023-08-10,6709,74776,2124904,28.83,29.55,28.0,28.15,-0.41,55
2023-08-11,6709,29051,816635,28.42,28.95,28.0,28.5,-0.31,25
2023-08-14,6709,93994,2646954,28.11,29.0,28.0,28.2,0.05,45
2023-08-15,6709,28589,801693,28.16,28.45,27.6,28.0,-0.12,17
2023-08-16,6709,209362,5857993,28.04,28.55,27.0,27.0,-0.06,84
2023-08-17,6709,27447,768300,27.98,28.1,27.9,28.0,0.01,24
2023-08-18,6709,16791,463494,27.99,28.4,27.35,28.0,-0.39,20
2023-08-21,6709,99367,2793677,27.6,29.0,27.9,29.0,0.51,61
2023-08-22,6709,86802,2472787,28.11,29.0,28.3,28.35,0.38,51
2023-08-23,6709,48606,1363587,28.49,28.95,28.0,28.45,-0.44,25
2023-08-24,6709,13002,366757,28.05,28.85,28.0,28.0,0.16,10
2023-08-25,6709,43650,1230349,28.21,28.5,27.9,28.45,-0.02,30
2023-08-28,6709,50799,1431076,28.19,28.6,27.05,27.05,-0.02,34
2023-08-29,6709,44653,1261286,28.17,28.4,28.0,28.25,0.08,31
2023-08-30,6709,51382,1448526,28.25,28.75,28.0,28.25,-0.06,46
2023-08-31,6709,30704,865393,28.19,28.4,28.0,28.25,0.0,25
2023-09-01,6709,12959,362825,28.19,28.4,27.9,28.1,-0.19,15
2023-09-04,6709,6204,174343,28.0,28.5,27.95,28.3,0.1,12
2023-09-05,6709,105383,2908276,28.1,28.4,26.9,27.0,-0.5,72
2023-09-06,6709,22068,601990,27.6,28.0,26.9,26.9,-0.32,22
2023-09-07,6709,12002,329905,27.28,27.85,26.9,27.85,0.21,12
2023-09-08,6709,30004,818195,27.49,28.0,27.0,27.3,-0.22,27
2023-09-11,6709,5820,157860,27.27,27.5,27.0,27.5,-0.15,9
2023-09-12,6709,8002,218655,27.12,27.55,26.9,27.3,0.21,9
2023-09-13,6709,23504,644535,27.33,27.6,27.15,27.55,0.09,21
2023-09-14,6709,44673,1242801,27.42,28.2,27.5,27.7,0.4,26
2023-09-15,6709,16399,462904,27.82,28.4,28.0,28.3,0.41,17
2023-09-18,6709,51506,1460471,28.23,28.95,28.2,28.6,0.13,29
2023-09-19,6709,24402,687892,28.36,28.7,28.0,28.1,-0.17,19
2023-09-20,6709,83615,2409122,28.19,29.0,27.9,28.9,0.62,59
2023-09-21,6709,25203,717636,28.81,28.95,28.3,28.5,-0.34,23
2023-09-22,6709,32004,911315,28.47,28.9,28.05,28.8,0.01,21
2023-09-25,6709,205780,6177870,28.48,31.5,28.8,29.15,1.54,131
2023-09-26,6709,34943,1023248,30.02,29.6,28.95,29.5,-0.74,31
2023-09-27,6709,71205,2065947,29.28,29.65,28.4,28.5,-0.27,41
2023-09-28,6709,20003,582587,29.01,29.45,28.9,29.2,0.12,13
2023-10-02,6709,75603,2241459,29.13,30.0,29.05,29.15,0.52,40
2023-10-03,6709,7502,223284,29.65,29.95,29.55,29.8,0.11,8
2023-10-04,6709,214003,6362669,29.76,30.9,28.9,28.9,-0.03,130
2023-10-05,6709,87551,2538804,29.73,29.5,28.6,28.6,-0.73,57
2023-10-06,6709,6253,181950,29.0,29.45,28.4,29.45,0.1,8
2023-10-11,6709,11003,319838,29.1,29.7,28.8,28.8,-0.03,9
2023-10-12,6709,50137,1439674,29.07,29.5,28.3,29.3,-0.36,42
2023-10-13,6709,21404,607716,28.71,29.5,28.15,28.15,-0.32,17
2023-10-16,6709,29103,811650,28.39,28.75,27.7,27.7,-0.5,26
2023-10-17,6709,33001,918378,27.89,28.6,27.55,28.0,-0.06,15
2023-10-18,6709,2001,56228,27.83,28.1,28.1,28.1,0.27,3
2023-10-19,6709,13727,384607,28.1,28.2,27.9,28.2,-0.08,13
2023-10-20,6709,6002,165957,28.02,28.5,27.5,28.5,-0.37,5
2023-10-23,6709,128800,3692135,27.65,29.0,28.0,28.45,1.02,65
2023-10-24,6709,13370,383856,28.67,29.05,27.85,28.5,0.04,14
2023-10-25,6709,84646,2333970,28.71,28.5,27.0,27.95,-1.14,57
2023-10-26,6709,19400,534020,27.57,27.7,27.3,27.7,-0.04,12
2023-10-27,6709,7162,195911,27.53,28.5,27.15,28.1,-0.18,10
2023-10-30,6709,14001,377378,27.35,28.0,26.65,27.2,-0.4,6
2023-10-31,6709,12002,327305,26.95,28.0,26.7,26.7,0.32,13
2023-11-01,6709,67311,1798748,27.27,28.0,26.5,27.35,-0.55,35
2023-11-02,6709,7001,188027,26.72,27.35,26.8,26.9,0.14,4
2023-11-03,6709,7242,192025,26.86,27.3,26.05,27.3,-0.34,14
2023-11-06,6709,31807,854413,26.52,27.1,26.3,27.0,0.34,23
2023-11-07,6709,68980,1855795,26.86,27.35,26.6,26.9,0.04,32
2023-11-08,6709,34283,924359,26.9,27.3,26.4,27.1,0.06,23
2023-11-09,6709,2051,55577,26.96,27.7,27.0,27.0,0.14,4
2023-11-10,6709,10875,288780,27.1,27.1,26.4,26.75,-0.55,15
2023-11-13,6709,74111,1938590,26.55,26.5,25.95,26.2,-0.39,52
2023-11-14,6709,44906,1166568,26.16,26.3,25.9,26.0,-0.18,15
2023-11-15,6709,48726,1248397,25.98,26.1,25.0,25.5,-0.36,29
2023-11-16,6709,50516,1287285,25.62,25.65,25.3,25.65,-0.14,46
2023-11-17,6709,25791,658559,25.48,25.75,25.45,25.75,0.05,23
2023-11-20,6709,25702,657711,25.53,26.0,25.45,25.6,0.06,22
2023-11-21,6709,8427,212761,25.59,26.0,25.1,25.85,-0.34,13
2023-11-22,6709,19690,504538,25.25,25.95,25.45,25.9,0.37,27
2023-11-23,6709,14224,362209,25.62,26.1,25.2,25.3,-0.16,18
2023-11-24,6709,47254,1216567,25.46,26.0,25.3,26.0,0.29,29
2023-11-27,6709,186908,5001106,25.75,27.95,26.0,27.05,1.01,129
2023-11-28,6709,65350,1739470,26.76,27.0,26.0,26.2,-0.14,43
2023-11-29,6709,53702,1384628,26.62,26.1,25.25,25.95,-0.84,41
2023-11-30,6709,28305,726774,25.78,26.4,25.55,25.75,-0.1,22
2023-12-01,6709,12500,326425,25.68,26.5,25.9,26.25,0.43,14
2023-12-04,6709,17152,446363,26.11,26.9,25.9,26.0,-0.09,16
2023-12-05,6709,28199,729174,26.02,26.1,25.6,25.7,-0.16,19
2023-12-06,6709,2002,50652,25.86,26.3,25.2,25.95,-0.56,4
2023-12-07,6709,3001,77026,25.3,26.3,25.4,25.4,0.37,4
2023-12-08,6709,70666,1796087,25.67,26.3,25.25,25.3,-0.25,45
2023-12-11,6709,21304,542650,25.42,26.2,25.3,25.6,0.05,23
2023-12-12,6709,35293,893310,25.47,25.7,25.2,25.65,-0.16,24
2023-12-13,6709,4999,127024,25.31,25.75,25.1,25.35,0.1,8
2023-12-14,6709,32330,821373,25.41,26.0,25.1,25.6,0.0,22
2023-12-15,6709,10153,259872,25.41,26.3,25.0,26.2,0.19,17
2023-12-18,6709,24578,625721,25.6,26.0,25.3,25.7,-0.14,24
2023-12-19,6709,11017,277437,25.46,26.0,25.1,25.1,-0.28,12
2023-12-20,6709,148679,3953263,25.18,27.8,25.1,26.9,1.41,92
2023-12-21,6709,45927,1206523,26.59,26.8,25.9,26.3,-0.32,33
2023-12-22,6709,47258,1225355,26.27,26.6,25.45,25.95,-0.34,42
2023-12-25,6709,17003,437778,25.93,26.25,25.35,26.05,-0.18,12
2023-12-26,6709,14004,364554,25.75,26.25,25.7,26.1,0.28,13
2023-12-27,6709,18140,468254,26.03,26.3,25.5,26.0,-0.22,20
2023-12-28,6709,22121,566192,25.81,26.3,25.2,25.5,-0.21,21
2023-12-29,6709,12412,313632,25.6,26.3,25.2,25.4,-0.33,16
2024-01-02,6709,33205,836949,25.27,26.3,25.0,25.5,-0.06,24
2024-01-03,6709,12003,304127,25.21,26.0,25.1,25.95,0.13,9
2024-01-04,6709,27014,690137,25.34,25.95,25.1,25.7,0.21,20
2024-01-05,6709,43958,1130437,25.55,26.1,25.45,25.85,0.17,31
2024-01-08,6709,30511,790885,25.72,26.3,25.3,25.85,0.2,28
2024-01-09,6709,1000,26000,25.92,26.0,26.0,26.0,0.08,1
2024-01-10,6709,7004,177854,26.0,26.0,25.25,26.0,-0.61,10
2024-01-11,6709,36105,923289,25.39,26.1,25.1,26.1,0.18,24
2024-01-12,6709,7481,194188,25.57,26.25,25.8,26.25,0.39,10
2024-01-15,6709,25005,643929,25.96,26.0,25.6,25.9,-0.21,19
2024-01-16,6709,14518,371661,25.75,26.0,25.5,25.8,-0.15,22
2024-01-17,6709,18649,469784,25.6,25.9,24.9,25.2,-0.41,18
2024-01-18,6709,17007,428878,25.19,25.8,25.0,25.4,0.03,17
2024-01-19,6709,69559,1746010,25.22,25.7,24.9,25.2,-0.12,44
2024-01-22,6709,46108,1178496,25.1,26.0,25.1,25.15,0.46,31
2024-01-23,6709,3102,79952,25.56,26.0,25.0,25.8,0.21,6
2024-01-24,6709,37163,941689,25.77,25.85,25.0,25.35,-0.43,28
2024-01-25,6709,10516,263711,25.34,25.9,25.0,25.7,-0.26,16
2024-01-26,6709,13102,329551,25.08,25.7,24.9,25.6,0.07,10
2024-01-29,6709,218121,5377082,25.15,25.7,24.25,24.3,-0.5,128
2024-01-30,6709,248106,5759812,24.65,25.25,21.85,22.0,-1.43,156
2024-01-31,6709,45228,1030076,23.22,24.0,21.9,23.8,-0.44,72
2024-02-01,6709,13739,317862,22.78,23.9,22.9,23.5,0.36,27
2024-02-02,6709,31770,741567,23.14,24.0,22.8,23.2,0.2,28
2024-02-05,6709,19488,456267,23.34,23.65,23.2,23.65,0.07,20
2024-02-15,6709,5342,124548,23.41,24.0,23.05,23.4,-0.1,11
2024-02-16,6709,28052,647226,23.31,24.0,22.9,23.2,-0.24,28
2024-02-19,6709,19685,456305,23.07,23.6,23.0,23.15,0.11,25
2024-02-20,6709,79943,1804029,23.18,23.6,22.3,22.3,-0.61,60
2024-02-21,6709,66297,1532774,22.57,23.25,23.0,23.1,0.55,49
2024-02-22,6709,37017,866503,23.12,24.0,22.9,22.9,0.29,29
2024-02-23,6709,18610,429851,23.41,23.75,23.0,23.0,-0.31,19
2024-02-26,6709,104238,2346428,23.1,23.25,21.9,22.35,-0.59,72
2024-02-27,6709,50496,1119706,22.51,22.65,22.0,22.25,-0.34,39
2024-02-29,6709,177028,3756247,22.17,22.3,20.7,21.3,-0.95,139
2024-03-01,6709,90312,1845976,21.22,21.2,20.0,20.1,-0.78,68
2024-03-04,6709,141763,2885441,20.44,20.7,20.1,20.4,-0.09,73
2024-03-05,6709,188415,3785452,20.35,20.4,19.9,20.0,-0.26,92
2024-03-06,6709,29028,580791,20.09,20.4,19.9,20.0,-0.08,26
2024-03-07,6709,140118,2779477,20.01,20.2,19.35,20.05,-0.17,77
2024-03-08,6709,64569,1280278,19.84,20.1,19.45,19.9,-0.01,38
2024-03-11,6709,5004,100180,19.83,20.05,20.0,20.05,0.19,6
2024-03-12,6709,53744,1074594,20.02,20.1,19.55,20.1,-0.03,30
2024-03-13,6709,54554,1091447,19.99,20.1,19.4,19.9,0.02,32
2024-03-14,6709,20003,398860,20.01,20.1,19.5,20.0,-0.07,11
2024-03-15,6709,89577,1755565,19.94,20.1,19.25,20.0,-0.34,46
2024-03-18,6709,1002,19640,19.6,20.3,19.6,20.2,0.0,3
2024-03-19,6709,47102,930499,19.6,20.1,19.15,20.0,0.15,24
2024-03-20,6709,9001,175020,19.75,20.2,19.3,20.0,-0.31,7
2024-03-21,6709,2,40,19.44,20.25,20.25,20.25,0.81,2
2024-03-22,6709,12000,238800,20.25,20.25,19.5,19.8,-0.35,7
2024-03-25,6709,1208,24280,19.9,20.1,20.1,20.1,0.2,3
2024-03-26,6709,33393,650393,20.1,19.75,18.85,19.5,-0.62,25
2024-03-27,6709,1001,19819,19.48,19.8,19.8,19.8,0.32,2
2024-03-28,6709,57364,1097061,19.8,19.85,18.9,19.1,-0.68,32
2024-03-29,6709,64745,1241723,19.12,19.85,18.9,18.95,0.06,41
2024-04-01,6709,40204,771907,19.18,19.3,18.75,19.2,0.02,23
2024-04-02,6709,9077,173720,19.2,19.35,18.7,18.7,-0.06,10
2024-04-03,6709,45698,847673,19.14,19.15,18.3,19.1,-0.59,42
2024-04-08,6709,73112,1396926,18.55,19.3,18.85,18.95,0.56,39
2024-04-09,6709,34215,639171,19.11,19.25,18.55,19.15,-0.43,23
2024-04-10,6709,10252,194523,18.68,19.1,18.4,19.1,0.29,12
2024-04-11,6709,47004,893726,18.97,19.4,18.6,19.2,0.04,26
2024-04-12,6709,41673,771209,19.01,19.25,18.35,19.1,-0.5,35
2024-04-15,6709,51504,942105,18.51,19.05,18.2,18.4,-0.22,23
2024-04-16,6709,49257,879757,18.29,18.9,17.4,17.9,-0.43,35
2024-04-17,6709,54642,939761,17.86,17.9,16.7,17.1,-0.66,38
2024-04-18,6709,123694,2056940,17.2,17.4,16.4,16.6,-0.57,59
2024-04-19,6709,28449,477762,16.63,17.1,16.6,17.0,0.16,27
2024-04-22,6709,25101,415876,16.79,16.9,16.4,16.7,-0.22,14
2024-04-23,6709,11502,195684,16.57,17.15,16.95,17.15,0.44,12
2024-04-24,6709,32460,583749,17.01,18.4,17.25,18.4,0.97,32
2024-04-25,6709,648529,16272583,17.98,30.0,18.5,26.75,7.11,439
2024-04-26,6709,303529,7456187,25.09,27.95,21.9,24.95,-0.53,247
2024-04-29,6709,119034,2944198,24.56,26.0,23.7,24.75,0.17,89
2024-04-30,6709,84438,2143595,24.73,27.1,24.5,26.5,0.66,69
2024-05-02,6709,287907,7733612,25.39,27.9,25.6,26.7,1.47,191
2024-05-03,6709,144009,3879004,26.86,27.25,26.1,26.95,0.08,76
2024-05-06,6709,87059,2308038,26.94,27.05,25.85,26.4,-0.43,61
2024-05-07,6709,55403,1409992,26.51,25.95,24.7,25.8,-1.06,35
2024-05-08,6709,68644,1710105,25.45,25.8,24.6,25.2,-0.54,48
2024-05-09,6709,117758,2748352,24.91,24.45,22.55,23.4,-1.57,77
2024-05-10,6709,12459,290008,23.34,23.55,22.8,23.55,-0.06,16
2024-05-13,6709,8561,198662,23.28,24.1,23.1,23.55,-0.07,14
2024-05-14,6709,32692,739383,23.21,23.0,22.4,22.55,-0.59,30
2024-05-15,6709,13002,296796,22.62,23.05,22.55,23.05,0.21,8
2024-05-16,6709,9015,206816,22.83,23.1,22.7,23.1,0.11,13
2024-05-17,6709,38238,862240,22.94,23.5,22.4,23.2,-0.39,21
2024-05-20,6709,51500,1161425,22.55,23.45,22.4,23.45,0.0,24
2024-05-21,6709,114747,2548787,22.55,22.65,20.9,22.25,-0.34,78
2024-05-22,6709,12359,274376,22.21,23.0,21.3,23.0,-0.01,17
2024-05-23,6709,11763,266528,22.2,23.0,22.2,22.45,0.46,16
2024-05-24,6709,59191,1380968,22.66,24.1,22.5,24.1,0.67,47
2024-05-27,6709,53650,1294187,23.33,24.45,24.0,24.2,0.79,35
2024-05-28,6709,61002,1505269,24.12,25.1,24.05,24.3,0.56,43
2024-05-29,6709,6302,152324,24.68,25.0,24.1,24.1,-0.51,12
2024-05-30,6709,6021,143359,24.17,24.5,23.5,24.5,-0.36,13
2024-05-31,6709,2101,50359,23.81,24.6,23.7,24.6,0.16,6
2024-06-03,6709,31871,773893,23.97,25.0,23.7,24.15,0.31,28
2024-06-04,6709,7504,177034,24.28,23.75,23.4,23.4,-0.69,10
2024-06-05,6709,21202,490231,23.59,23.6,22.95,23.3,-0.47,19
2024-06-06,6709,40507,911935,23.12,23.5,22.0,22.4,-0.61,39
2024-06-07,6709,12607,278505,22.51,22.55,21.6,22.1,-0.42,20
2024-06-11,6709,3020,67497,22.09,22.35,22.35,22.35,0.26,2
2024-06-12,6709,46500,1030600,22.35,22.45,22.0,22.1,-0.19,21
2024-06-13,6709,12001,267372,22.16,22.6,22.0,22.5,0.12,6
2024-06-14,6709,6300,142710,22.28,22.7,22.6,22.7,0.37,4
2024-06-17,6709,20850,479130,22.65,23.2,22.85,23.05,0.33,18
2024-06-18,6709,9000,206500,22.98,23.1,22.75,22.9,-0.04,7
2024-06-19,6709,71000,1700090,22.94,24.5,22.95,24.0,1.0,45
2024-06-20,6709,47602,1122057,23.94,24.1,23.05,24.0,-0.37,31
2024-06-21,6709,3031,71131,23.57,23.6,23.4,23.6,-0.1,4
2024-06-24,6709,6000,138470,23.47,23.2,22.9,23.2,-0.39,7
2024-06-25,6709,2001,46123,23.08,23.3,22.8,23.3,-0.03,3
2024-06-26,6709,33018,782869,23.05,24.1,23.4,23.65,0.66,20
2024-06-27,6709,53301,1195194,23.71,24.0,21.45,22.5,-1.29,39
2024-06-28,6709,247602,5385662,22.42,22.9,21.15,22.9,-0.67,123
2024-07-01,6709,145003,3217416,21.75,22.9,21.9,22.4,0.44,67
2024-07-02,6709,111701,2450347,22.19,22.4,21.75,22.4,-0.25,48
2024-07-03,6709,123864,2697491,21.94,22.6,21.65,22.6,-0.16,64
2024-07-04,6709,38072,842655,21.78,22.6,21.9,22.1,0.35,21
2024-07-05,6709,34455,759680,22.13,22.35,21.9,22.2,-0.08,23
2024-07-08,6709,32700,718280,22.05,22.25,21.9,22.25,-0.08,17
2024-07-09,6709,28121,620722,21.97,22.3,21.9,22.2,0.1,17
2024-07-10,6709,45801,1000562,22.07,22.0,21.7,22.0,-0.22,24
2024-07-11,6709,29000,635650,21.85,22.0,21.75,22.0,0.07,13
2024-07-12,6709,14558,315800,21.92,22.0,21.4,21.9,-0.23,13
2024-07-15,6709,35403,766907,21.69,22.5,21.5,22.0,-0.03,20
2024-07-16,6709,21834,476528,21.66,22.45,21.6,21.9,0.17,14
2024-07-17,6709,22104,482037,21.83,22.0,21.5,21.9,-0.02,15
2024-07-18,6709,2391,51835,21.81,22.3,21.65,22.3,-0.13,4
2024-07-19,6709,64092,1408773,21.68,22.5,21.6,22.45,0.3,39
2024-07-22,6709,28115,619068,21.98,22.1,21.9,21.9,0.04,15
2024-07-23,6709,36900,813300,22.02,22.2,21.9,22.0,0.02,19
2024-07-26,6709,48301,1074442,22.04,22.6,21.7,22.55,0.2,22
2024-07-29,6709,48778,1081651,22.24,23.0,21.9,22.2,-0.07,26
2024-07-30,6709,20001,446372,22.17,22.6,22.1,22.4,0.15,12
2024-07-31,6709,35567,787457,22.32,22.7,21.6,22.7,-0.18,20
2024-08-01,6709,45575,1029482,22.14,22.9,22.1,22.2,0.45,29
2024-08-02,6709,57255,1289027,22.59,22.8,22.1,22.8,-0.08,33
2024-08-05,6709,95043,2124516,22.51,23.0,22.05,22.85,-0.16,49
2024-08-06,6709,36689,826330,22.35,23.15,22.05,22.8,0.17,23
2024-08-07,6709,27957,627317,22.52,23.0,22.05,23.0,-0.08,21
2024-08-08,6709,25100,565043,22.44,23.0,22.35,22.8,0.07,18
2024-08-09,6709,31239,702739,22.51,22.9,22.0,22.7,-0.01,25
2024-08-12,6709,24206,544097,22.5,23.15,22.4,22.8,-0.02,23
2024-08-13,6709,15154,337191,22.48,23.0,22.0,22.3,-0.23,15
2024-08-14,6709,66204,1478731,22.25,23.0,22.05,23.0,0.09,37
2024-08-15,6709,35006,793937,22.34,23.0,22.35,22.8,0.34,25
2024-08-16,6709,10902,244485,22.68,23.0,22.25,22.9,-0.25,11
2024-08-19,6709,2002,44245,22.43,22.9,22.1,22.9,-0.33,4
2024-08-20,6709,3274,73397,22.1,22.9,22.05,22.8,0.32,6
2024-08-21,6709,27004,600040,22.42,22.8,22.1,22.6,-0.2,18
2024-08-22,6709,7576,168010,22.22,22.8,22.1,22.6,-0.04,13
2024-08-23,6709,38004,870141,22.18,23.2,21.95,23.0,0.72,37
2024-08-26,6709,129130,3143640,22.9,25.1,23.4,24.8,1.44,105
2024-08-27,6709,39299,958615,24.34,25.1,24.0,24.45,0.05,40
2024-08-28,6709,18270,444037,24.39,24.6,24.0,24.3,-0.09,20
2024-08-29,6709,97140,2361249,24.3,24.55,24.0,24.55,0.01,51
2024-08-30,6709,47757,1167811,24.31,24.95,24.3,24.35,0.14,29
2024-09-02,6709,19670,477436,24.45,24.35,24.2,24.35,-0.18,16
2024-09-03,6709,4301,102394,24.27,24.4,23.8,24.4,-0.46,4
2024-09-04,6709,22851,545308,23.81,24.0,23.75,23.95,0.05,15
2024-09-05,6709,4280,102241,23.86,24.4,23.7,23.8,0.03,8
2024-09-06,6709,43317,1043929,23.89,24.3,23.9,24.3,0.21,29
2024-09-09,6709,3001,71424,24.1,24.2,23.8,24.2,-0.3,4
2024-09-10,6709,40169,957210,23.8,24.05,23.7,24.05,0.03,25
2024-09-11,6709,32301,771693,23.83,24.1,23.7,23.85,0.06,26
2024-09-12,6709,30853,732227,23.89,24.1,23.65,23.75,-0.16,27
2024-09-13,6709,24728,591270,23.73,24.1,23.7,23.85,0.18,17
2024-09-16,6709,9551,229874,23.91,24.25,23.95,24.25,0.16,9
2024-09-18,6709,29001,700574,24.07,24.4,24.0,24.2,0.09,18
2024-09-19,6709,45423,1097244,24.16,24.4,24.05,24.2,0.0,28
2024-09-20,6709,36300,873495,24.16,24.25,23.5,24.25,-0.1,18
2024-09-23,6709,48500,1159350,24.06,24.25,23.65,24.1,-0.16,23
2024-09-24,6709,7800,187345,23.9,24.7,23.9,24.7,0.12,6
2024-09-25,6709,52605,1273431,24.02,24.6,23.95,24.6,0.19,43
2024-09-26,6709,33351,810274,24.21,24.45,24.2,24.4,0.09,24
2024-09-27,6709,4281,103176,24.3,24.4,24.0,24.4,-0.2,9
2024-09-30,6709,31081,748688,24.1,24.55,24.0,24.1,-0.01,23
2024-10-01,6709,30732,738364,24.09,24.65,23.7,24.45,-0.06,22
2024-10-04,6709,24500,583400,24.03,24.1,23.0,24.05,-0.22,16
2024-10-07,6709,24400,579840,23.81,24.2,23.2,23.7,-0.05,16
2024-10-08,6709,34600,829630,23.76,24.25,23.8,23.8,0.22,18
2024-10-09,6709,27201,646049,23.98,24.1,23.5,23.8,-0.23,15
2024-10-11,6709,36003,837971,23.75,24.0,23.0,23.95,-0.47,25
2024-10-14,6709,1,24,23.28,24.0,24.0,24.0,0.72,1
2024-10-15,6709,43501,997797,24.0,23.3,22.6,23.0,-1.06,28
2024-10-16,6709,72501,1670673,22.94,23.2,22.9,23.0,0.1,31
2024-10-17,6709,6002,138347,23.04,23.5,22.9,23.5,0.01,8
2024-10-18,6709,20202,472187,23.05,24.0,22.9,24.0,0.32,16
2024-10-21,6709,81592,1985756,23.37,24.7,23.9,24.35,0.97,50
2024-10-22,6709,19211,464384,24.34,24.95,24.0,24.5,-0.17,14
2024-10-23,6709,32636,792541,24.17,24.6,24.2,24.3,0.11,19
2024-10-24,6709,135117,3382688,24.28,25.65,24.4,24.95,0.76,81
2024-10-25,6709,169250,4148755,25.04,25.15,24.0,24.5,-0.53,86
2024-10-28,6709,31405,758820,24.51,24.6,24.0,24.6,-0.35,17
2024-10-29,6709,24050,575000,24.16,24.1,23.5,23.95,-0.25,15
2024-10-30,6709,1000,23600,23.91,23.6,23.6,23.6,-0.31,1
2024-11-01,6709,28501,674474,23.6,24.1,23.45,23.6,0.06,18
2024-11-04,6709,16252,380402,23.66,23.95,23.0,23.95,-0.25,14
2024-11-05,6709,28551,655673,23.41,23.6,22.8,23.6,-0.45,21
2024-11-06,6709,50100,1148597,22.96,23.0,22.7,23.0,-0.03,28
2024-11-07,6709,52166,1170759,22.93,22.8,22.2,22.5,-0.49,32
2024-11-08,6709,30100,675950,22.44,22.5,22.35,22.5,0.02,15
2024-11-11,6709,17002,377645,22.46,22.7,22.0,22.7,-0.25,12
2024-11-12,6709,61250,1340825,22.21,22.1,21.5,21.6,-0.32,34
2024-11-13,6709,259151,5582982,21.89,22.0,21.0,21.5,-0.35,77
2024-11-14,6709,44551,950062,21.54,22.05,21.15,22.05,-0.21,22
2024-11-15,6709,23152,490695,21.33,22.05,21.0,21.05,-0.14,17
2024-11-18,6709,30000,626650,21.19,21.0,20.7,21.0,-0.3,18
2024-11-19,6709,34745,698704,20.89,20.2,20.0,20.1,-0.78,23
2024-11-20,6709,41550,832757,20.11,20.2,19.9,20.05,-0.07,21
2024-11-21,6709,80113,1599111,20.04,20.1,19.6,20.0,-0.08,39
2024-11-22,6709,26697,533877,19.96,20.1,19.8,19.8,0.04,13
2024-11-25,6709,12000,241300,20.0,20.3,20.0,20.0,0.11,5
2024-11-26,6709,20009,397580,20.11,20.1,19.65,20.0,-0.24,10
2024-11-27,6709,46168,906944,19.87,20.0,19.3,19.4,-0.23,23
2024-11-28,6709,70090,1352349,19.64,19.85,18.9,19.85,-0.35,33
2024-11-29,6709,32106,615017,19.29,19.8,18.9,19.75,-0.13,15
2024-12-02,6709,39201,733738,19.16,19.2,18.4,18.9,-0.44,24
2024-12-03,6709,33565,621543,18.72,19.2,18.35,19.2,-0.2,20
2024-12-04,6709,28200,520710,18.52,18.85,18.3,18.85,-0.06,17
2024-12-05,6709,24846,461666,18.46,19.05,18.5,19.05,0.12,13
2024-12-06,6709,33101,616234,18.58,19.15,18.5,18.65,0.04,15
2024-12-09,6709,12000,227950,18.62,19.1,18.35,19.0,0.38,4
2024-12-10,6709,1110,21201,19.0,19.1,19.1,19.1,0.1,3
2024-12-11,6709,25601,476094,19.1,19.05,18.4,18.4,-0.5,16
2024-12-12,6709,32500,618025,18.6,19.15,18.8,19.05,0.42,20
2024-12-13,6709,49375,956707,19.02,20.45,18.9,20.45,0.36,35
2024-12-16,6709,65810,1298444,19.38,20.9,19.4,19.5,0.35,33
2024-12-17,6709,30484,583250,19.73,19.5,19.0,19.25,-0.6,19
2024-12-18,6709,19401,370929,19.13,19.8,19.0,19.8,-0.01,9
2024-12-19,6709,31200,601930,19.12,19.7,19.0,19.5,0.17,15
2024-12-20,6709,18000,343950,19.29,19.2,19.0,19.0,-0.18,4
2024-12-23,6709,66050,1297337,19.11,19.85,19.0,19.55,0.53,20
2024-12-24,6709,59426,1208941,19.64,21.1,19.6,20.2,0.7,31
2024-12-25,6709,47000,963650,20.34,21.0,20.2,20.5,0.16,26
2024-12-26,6709,64734,1331967,20.5,20.9,20.4,20.8,0.08,33
2024-12-27,6709,60550,1255945,20.58,20.9,20.5,20.7,0.16,31
2024-12-30,6709,21000,435650,20.74,20.85,20.65,20.85,0.01,11
2024-12-31,6709,23001,466770,20.75,20.55,20.1,20.55,-0.46,14
2025-01-02,6709,60001,1231521,20.29,21.1,20.3,21.1,0.24,23
2025-01-03,6709,46102,950042,20.53,21.1,20.4,21.05,0.08,27
2025-01-06,6709,62111,1284302,20.61,21.1,20.5,20.75,0.07,31
2025-01-07,6709,54012,1116446,20.68,20.9,20.5,20.7,-0.01,31
2025-01-08,6709,108353,2248812,20.67,21.0,20.5,20.8,0.08,48
2025-01-09,6709,135337,2788426,20.75,20.9,20.4,20.85,-0.15,80
2025-01-10,6709,48001,994070,20.6,20.9,20.45,20.7,0.11,27
2025-01-13,6709,62201,1282590,20.71,20.85,20.5,20.6,-0.09,34
2025-01-14,6709,48306,989958,20.62,20.85,20.1,20.55,-0.13,27
2025-01-15,6709,61467,1236330,20.49,20.2,20.0,20.2,-0.38,37
2025-01-16,6709,53001,1074820,20.11,20.65,20.15,20.25,0.17,29
2025-01-17,6709,32574,658076,20.28,20.7,20.1,20.4,-0.08,30
2025-01-20,6709,38098,773249,20.2,20.9,20.0,20.9,0.1,19
2025-01-21,6709,41000,834100,20.3,20.5,20.1,20.45,0.04,19
2025-01-22,6709,69709,1427626,20.34,20.85,20.2,20.85,0.14,35
2025-02-03,6709,67462,1393538,20.48,20.85,20.5,20.6,0.18,36
2025-02-04,6709,34000,695900,20.66,20.85,20.3,20.5,-0.19,19
2025-02-05,6709,25002,509641,20.47,20.7,20.25,20.6,-0.09,16
2025-02-06,6709,58631,1200949,20.38,20.7,20.2,20.65,0.1,34
2025-02-07,6709,34001,694220,20.48,20.7,20.2,20.5,-0.06,18
2025-02-10,6709,1031519,19747721,20.42,20.4,18.9,19.95,-1.28,127
2025-02-11,6709,1197103,22759764,19.14,20.05,18.9,19.2,-0.13,94
2025-02-12,6709,1082650,20541175,19.01,19.3,18.9,19.1,-0.04,54
2025-02-13,6709,1147510,21834589,18.97,19.95,18.9,19.15,0.06,109
2025-02-14,6709,436079,8320938,19.03,19.3,19.0,19.3,0.05,84
2025-02-17,6709,92100,1820470,19.08,20.45,19.1,20.2,0.69,26
2025-02-18,6709,98900,1982400,19.77,20.2,19.9,20.1,0.27,43
2025-02-19,6709,112240,2245183,20.04,20.4,19.85,20.0,-0.04,38
2025-02-20,6709,58078,1160755,20.0,20.1,19.9,20.0,-0.01,25
2025-02-21,6709,25100,501200,19.99,20.1,19.8,19.8,-0.02,12
2025-02-24,6709,99501,1988020,19.97,20.1,19.8,20.05,0.01,36
2025-02-25,6709,137918,2732314,19.98,20.0,19.6,20.0,-0.17,47
2025-02-26,6709,186102,3852613,19.81,21.65,19.7,21.6,0.89,73
2025-02-27,6709,497571,11953297,20.7,26.4,21.2,26.35,3.32,257
2025-03-03,6709,452706,11921073,24.02,27.75,25.55,25.8,2.31,243
2025-03-04,6709,144143,3507770,26.33,25.5,23.9,23.9,-1.99,98
2025-03-05,6709,80120,1925315,24.34,24.3,23.85,24.3,-0.31,36
2025-03-06,6709,309850,7824619,24.03,25.8,24.45,25.45,1.22,145
2025-03-07,6709,115264,2807660,25.25,25.45,22.9,23.95,-0.89,67
2025-03-10,6709,120557,2752001,24.36,24.0,22.1,23.05,-1.53,73
2025-03-11,6709,96300,2214425,22.83,23.1,22.9,23.0,0.17,50
2025-03-12,6709,271501,6444453,23.0,24.9,23.0,23.55,0.74,113
2025-03-13,6709,66850,1563582,23.74,23.65,23.0,23.05,-0.35,39
2025-03-14,6709,109100,2426080,23.39,23.05,21.0,23.0,-1.15,58
2025-03-17,6709,32200,722710,22.24,22.55,22.1,22.5,0.2,11
2025-03-18,6709,61300,1351750,22.44,22.2,21.65,22.0,-0.39,27
2025-03-19,6709,27103,594886,22.05,22.2,21.7,21.8,-0.1,13
2025-03-20,6709,79301,1726012,21.95,22.0,21.1,22.0,-0.18,40
2025-03-21,6709,110051,2395314,21.77,21.9,21.7,21.9,0.0,45
2025-03-24,6709,82400,1776160,21.77,21.85,21.4,21.8,-0.21,37
2025-03-25,6709,28027,599339,21.56,21.85,21.25,21.65,-0.18,19
2025-03-26,6709,35100,742720,21.38,21.4,21.0,21.4,-0.22,17
2025-03-27,6709,39108,823523,21.16,21.3,20.9,21.2,-0.1,21
2025-03-28,6709,49707,1046388,21.06,21.4,20.9,21.4,-0.01,28
2025-03-31,6709,52202,1096993,21.05,21.6,20.9,21.6,-0.04,29
2025-04-01,6709,25000,524500,21.01,21.2,20.9,21.2,-0.03,10
2025-04-02,6709,19500,407850,20.98,21.2,20.7,21.0,-0.06,8
2025-04-07,6709,231229,4177022,20.92,20.6,16.7,18.0,-2.86,125
2025-04-08,6709,141100,2576410,18.06,18.8,17.8,18.45,0.2,50
2025-04-09,6709,168710,2974940,18.26,18.3,16.6,17.1,-0.63,68
2025-04-10,6709,114535,2121469,17.63,19.1,17.55,19.1,0.89,49
2025-04-11,6709,59801,1065808,18.52,18.4,17.4,17.75,-0.7,25
2025-04-14,6709,109400,1939865,17.82,18.0,17.4,17.5,-0.09,44
2025-04-15,6709,50154,877536,17.73,17.85,17.2,17.8,-0.23,24
2025-04-16,6709,1,17,17.5,17.85,17.85,17.85,0.35,1
2025-04-17,6709,289352,4870019,17.85,17.2,16.6,17.1,-1.02,110
2025-04-18,6709,253938,4243869,16.83,17.0,16.55,16.65,-0.12,85
2025-04-21,6709,283070,4646405,16.71,16.55,16.2,16.2,-0.3,95
2025-04-22,6709,116500,1857495,16.41,16.25,15.75,15.9,-0.47,54
2025-04-23,6709,24206,397850,15.94,17.05,16.0,17.05,0.5,21
2025-04-24,6709,44817,790403,16.44,18.6,17.0,17.75,1.2,29
2025-04-25,6709,49556,854398,17.64,18.2,16.65,17.2,-0.4,27
2025-04-28,6709,7003,122200,17.24,17.45,16.65,17.45,0.21,4
2025-04-29,6709,31902,541634,17.45,17.45,16.9,17.45,-0.47,18
2025-04-30,6709,27902,472384,16.98,17.5,16.8,17.0,-0.05,16
2025-05-02,6709,310,5222,16.93,17.15,16.7,17.15,-0.08,3
2025-05-05,6709,7002,117384,16.85,17.45,16.65,16.65,-0.09,7
2025-05-06,6709,31515,546360,16.76,17.4,17.2,17.4,0.58,14
2025-05-07,6709,3010,52980,17.34,18.0,17.2,17.8,0.26,4
2025-05-08,6709,28090,481089,17.6,17.3,17.0,17.3,-0.47,9
2025-05-09,6709,34074,578318,17.13,17.4,16.65,17.4,-0.16,23
2025-05-12,6709,26400,453785,16.97,17.6,16.95,17.3,0.22,10
2025-05-13,6709,44351,767989,17.19,17.45,17.1,17.25,0.13,15
2025-05-14,6709,20603,357812,17.32,17.6,17.0,17.3,0.05,14
2025-05-15,6709,54500,937150,17.37,17.45,16.9,17.3,-0.17,18
2025-05-16,6709,34000,585100,17.2,17.4,17.1,17.3,0.01,13
2025-05-19,6709,23000,396200,17.21,17.5,17.05,17.2,0.02,9
2025-05-20,6709,23603,402351,17.23,17.25,17.0,17.0,-0.18,13
2025-05-21,6709,21000,361550,17.05,17.35,17.1,17.1,0.17,4
2025-05-22,6709,34000,580450,17.22,17.2,16.9,17.0,-0.15,10
2025-05-23,6709,10500,177000,17.07,17.0,16.85,16.85,-0.21,3
2025-05-26,6709,100,1745,16.86,17.45,17.45,17.45,0.59,1
2025-05-27,6709,26133,442670,17.45,17.45,16.8,17.45,-0.51,12
2025-05-28,6709,30400,517600,16.94,17.1,16.9,17.0,0.09,12
2025-05-29,6709,28202,479708,17.03,17.45,16.8,17.0,-0.02,18
2025-06-02,6709,23400,395650,17.01,17.0,16.8,17.0,-0.1,7
2025-06-03,6709,21000,357300,16.91,17.3,16.85,17.0,0.1,11
2025-06-04,6709,33000,562050,17.01,17.6,16.9,17.0,0.02,15
2025-06-05,6709,81609,1419862,17.03,18.25,16.9,18.05,0.37,33
2025-06-06,6709,73209,1308238,17.4,18.35,17.5,18.05,0.47,23
2025-06-09,6709,76243,1352474,17.87,18.4,17.5,17.65,-0.13,24
2025-06-10,6709,44504,804897,17.74,18.4,17.85,18.0,0.35,20
2025-06-11,6709,61102,1104471,18.09,18.2,18.0,18.1,-0.01,26
2025-06-12,6709,57061,1046049,18.08,18.85,18.0,18.7,0.25,22
2025-06-13,6709,545643,12533482,18.33,24.25,19.0,22.3,4.64,144
2025-06-16,6709,174412,3820209,22.97,22.55,20.75,20.9,-1.07,94
2025-06-17,6709,75101,1546211,21.9,21.0,20.0,21.0,-1.31,38
2025-06-18,6709,74371,1552964,20.59,21.2,20.65,20.85,0.29,36
2025-06-19,6709,53003,1102813,20.88,21.6,20.5,21.15,-0.07,24
2025-06-20,6709,221820,4352820,20.81,21.1,18.7,19.2,-1.19,92
2025-06-23,6709,5000,99250,19.62,19.85,19.85,19.85,0.23,1
2025-06-24,6709,206451,3977987,19.85,20.8,18.5,19.35,-0.58,76
2025-06-25,6709,54006,1063568,19.27,19.8,19.45,19.7,0.42,20
2025-06-26,6709,29301,585850,19.69,20.4,19.8,20.0,0.3,13
2025-06-27,6709,32928,669127,19.99,20.7,19.95,20.6,0.33,19
2025-06-30,6709,67006,1413609,20.32,21.5,21.0,21.15,0.78,38
2025-07-01,6709,52001,1141371,21.1,22.1,21.6,21.6,0.85,26
2025-07-02,6709,87803,1943048,21.95,22.5,21.75,22.05,0.18,40
2025-07-03,6709,51101,1135002,22.13,22.8,22.05,22.05,0.08,29
2025-07-04,6709,43000,937800,22.21,22.0,21.6,21.7,-0.4,29
2025-07-07,6709,38000,827950,21.81,21.9,21.7,21.8,-0.02,15
2025-07-08,6709,41010,897118,21.79,22.0,21.8,21.8,0.09,17
2025-07-09,6709,30000,636900,21.88,21.65,21.0,21.4,-0.65,14
2025-07-10,6709,0,0,21.23,0.0,0.0,0.0,0.0,0
2025-07-11,6709,17000,358450,21.23,21.65,20.9,21.1,-0.14,9
2025-07-14,6709,23000,482550,21.09,21.1,20.9,21.0,-0.11,15
2025-07-15,6709,7000,147200,20.98,21.1,21.0,21.0,0.05,4
2025-07-16,6709,11000,228750,21.03,20.95,20.7,20.8,-0.23,9
2025-07-17,6709,32000,659550,20.8,20.8,20.25,20.8,-0.19,13
2025-07-18,6709,26550,536940,20.61,20.6,20.0,20.35,-0.39,17
2025-07-21,6709,3001,61220,20.22,20.45,20.3,20.3,0.18,3
2025-07-22,6709,33567,666258,20.4,20.1,19.55,20.05,-0.55,18
2025-07-23,6709,6000,118600,19.85,20.1,19.7,19.7,-0.08,3
2025-07-24,6709,14985,303444,19.77,20.65,19.8,20.5,0.48,9
2025-07-25,6709,46000,924150,20.25,20.25,19.8,19.95,-0.16,18
2025-07-28,6709,11071,219102,20.09,19.85,19.75,19.85,-0.3,7
2025-07-29,6709,14067,287666,19.79,20.65,19.9,20.4,0.66,12
2025-07-30,6709,48050,977925,20.45,20.55,20.0,20.45,-0.1,23
2025-07-31,6709,36470,760347,20.35,21.3,20.7,20.75,0.5,25
2025-08-01,6709,47050,994950,20.85,21.4,21.0,21.3,0.3,20
2025-08-04,6709,56191,1239220,21.15,22.2,21.5,22.1,0.9,28
2025-08-05,6709,81460,1802260,22.05,22.6,22.0,22.15,0.07,37
2025-08-06,6709,73060,1634467,22.12,22.8,22.05,22.55,0.25,34
2025-08-07,6709,22317,499769,22.37,22.55,22.25,22.55,0.02,15
2025-08-08,6709,9100,202420,22.39,22.3,22.1,22.2,-0.15,7
2025-08-11,6709,67410,1513556,22.24,23.1,22.25,22.6,0.21,35
2025-08-12,6709,104750,2354272,22.45,22.55,22.2,22.4,0.03,34
2025-08-13,6709,85000,1890300,22.48,22.35,22.05,22.05,-0.24,38
2025-08-14,6709,57737,1291311,22.24,22.6,22.2,22.5,0.13,28
2025-08-15,6709,74000,1642450,22.37,22.55,21.9,21.9,-0.17,30
2025-08-18,6709,31520,695926,22.2,22.3,21.9,22.0,-0.12,17
2025-08-19,6709,16000,350350,22.08,21.95,21.85,21.85,-0.18,14
2025-08-20,6709,32561,715263,21.9,22.25,21.75,22.05,0.07,21
2025-08-21,6709,43015,939427,21.97,21.95,21.6,21.85,-0.13,26
2025-08-22,6709,24000,528150,21.84,22.15,21.9,22.1,0.17,13
2025-08-25,6709,141381,3246909,22.01,23.2,22.0,23.2,0.96,71
2025-08-26,6709,82896,1918216,22.97,23.45,22.9,23.1,0.17,43
2025-08-27,6709,51093,1196731,23.14,23.9,23.1,23.6,0.28,23
2025-08-28,6709,78205,1810700,23.42,24.0,22.9,23.25,-0.27,47
2025-08-29,6709,52000,1194100,23.15,23.1,22.85,22.85,-0.19,23
2025-09-01,6709,6401,149623,22.96,23.6,23.0,23.6,0.42,8
2025-09-02,6709,15200,351550,23.38,23.3,22.9,23.3,-0.25,8
2025-09-03,6709,28101,646928,23.13,23.3,22.8,23.3,-0.11,19
2025-09-04,6709,5200,119700,23.02,23.1,23.0,23.0,0.0,8
2025-09-05,6709,52001,1196922,23.02,23.6,22.8,22.95,0.0,32
2025-09-08,6709,250735,6041799,23.02,25.2,23.15,25.1,1.08,121
2025-09-09,6709,193390,4881416,24.1,25.55,24.4,25.05,1.14,100
2025-09-10,6709,235228,6175790,25.24,27.05,25.3,26.6,1.01,149
2025-09-11,6709,574878,15587398,26.25,28.05,25.85,27.95,0.86,286
2025-09-12,6709,633294,17976655,27.11,30.1,27.85,30.1,1.28,377
2025-09-15,6709,1743647,57167815,28.39,36.3,30.0,32.0,4.4,1133
2025-09-16,6709,670243,19923914,32.79,31.5,28.85,29.9,-3.06,360
2025-09-17,6709,127358,3876100,29.73,31.0,29.2,30.4,0.7,99
2025-09-18,6709,131027,3954860,30.43,31.1,29.8,30.5,-0.25,85
2025-09-19,6709,246364,7945541,30.18,33.95,30.4,32.9,2.07,153
2025-09-22,6709,922405,32958518,32.25,36.8,33.2,36.25,3.48,609
2025-09-23,6709,907981,35636522,35.73,41.0,36.25,40.15,3.52,546
2025-09-24,6709,791252,29523725,39.25,41.0,35.85,36.9,-1.94,486
2025-09-25,6709,256880,9055240,37.31,37.0,34.65,35.25,-2.06,166
2025-09-26,6709,329647,11223868,35.25,35.4,33.35,34.15,-1.2,186
2025-09-30,6709,129297,4429964,34.05,35.0,33.85,34.15,0.21,83
2025-10-01,6709,106336,3754061,34.26,35.85,34.5,34.65,1.04,69
2025-10-02,6709,130317,4522684,35.3,36.0,34.0,34.8,-0.59,80
2025-10-03,6709,133044,4792610,34.71,37.05,35.05,36.15,1.31,97
2025-10-07,6709,135555,4899519,36.02,36.45,36.0,36.2,0.12,99
2025-10-08,6709,91773,3385401,36.14,37.15,36.65,37.0,0.75,56
2025-10-09,6709,106351,3930121,36.89,37.35,36.75,36.8,0.06,76
2025-10-13,6709,210261,7522451,36.95,36.75,35.05,35.95,-1.17,121
2025-10-14,6709,126632,4609542,35.78,36.65,35.85,35.85,0.62,71
2025-10-15,6709,51907,1868373,36.4,36.45,35.35,36.45,-0.41,40
2025-10-16,6709,39532,1425561,35.99,36.45,35.7,36.15,0.07,28
2025-10-17,6709,50009,1792402,36.06,36.5,35.55,36.15,-0.22,46
2025-10-20,6709,104003,3756933,35.84,36.35,35.95,36.1,0.28,53
2025-10-21,6709,71167,2574415,36.12,36.35,35.9,36.3,0.05,47
2025-10-22,6709,94273,3408295,36.17,36.4,36.0,36.15,-0.02,50
2025-10-23,6709,134424,4788381,36.15,36.2,35.25,35.95,-0.53,91
2025-10-27,6709,170381,6061755,35.62,36.15,35.25,36.15,-0.04,92
2025-10-28,6709,103567,3639508,35.58,36.2,34.85,35.15,-0.44,73
2025-10-29,6709,175013,5962470,35.14,34.8,33.7,34.1,-1.07,117
2025-10-30,6709,275661,8728787,34.07,33.85,29.8,31.45,-2.41,173
2025-10-31,6709,81739,2612879,31.66,32.65,31.5,32.65,0.31,63
2025-11-03,6709,57844,1913765,31.97,34.0,32.2,33.1,1.11,49
2025-11-04,6709,73103,2393390,33.08,33.6,32.4,32.9,-0.34,39
2025-11-05,6709,58729,1938179,32.74,33.2,32.8,33.1,0.26,44
2025-11-06,6709,9005,297915,33.0,33.2,33.0,33.05,0.08,12
2025-11-07,6709,71758,2360957,33.08,34.15,31.95,32.95,-0.18,49
2025-11-10,6709,75162,2442692,32.9,32.9,32.2,32.65,-0.4,39
2025-11-11,6709,85340,2737442,32.5,32.4,31.95,32.15,-0.42,51
2025-11-12,6709,157416,4924324,32.08,32.9,30.6,31.1,-0.8,96
2025-11-13,6709,37900,1172508,31.28,31.95,30.7,31.05,-0.34,40
2025-11-14,6709,177702,5338175,30.94,31.0,29.9,30.05,-0.9,69
2025-11-17,6709,50262,1485783,30.04,30.0,29.4,29.6,-0.48,47
2025-11-18,6709,43113,1265814,29.56,29.7,29.0,29.55,-0.2,28
2025-11-19,6709,83939,2394128,29.36,29.2,28.0,28.0,-0.84,62
2025-11-20,6709,106434,2964179,28.52,28.1,27.7,27.95,-0.67,70
2025-11-21,6709,40391,1104621,27.85,27.5,26.9,27.2,-0.5,30
2025-11-24,6709,116562,3104863,27.35,27.6,26.45,27.6,-0.71,65
2025-11-25,6709,58350,1684554,26.64,30.5,27.6,30.3,2.23,32
2025-11-26,6709,54020,1640739,28.87,30.55,29.3,30.55,1.5,38
2025-11-27,6709,10005,302803,30.37,30.75,29.9,30.75,-0.1,13
2025-11-28,6709,19054,571818,30.27,30.75,29.85,30.75,-0.26,15
2025-12-01,6709,12014,361977,30.01,30.75,30.05,30.5,0.12,15
2025-12-02,6709,16513,495077,30.13,30.6,29.9,30.5,-0.15,18
2025-12-03,6709,13301,393500,29.98,30.1,29.45,29.95,-0.4,16
2025-12-04,6709,20002,611211,29.58,31.05,29.5,30.9,0.98,13
2025-12-05,6709,25208,755066,30.56,31.0,29.7,30.25,-0.61,27
2025-12-08,6709,14069,413904,29.95,30.6,29.2,29.3,-0.53,16
2025-12-09,6709,3203,95929,29.42,30.0,29.95,30.0,0.53,6
2025-12-10,6709,30204,903021,29.95,30.45,29.4,30.0,-0.05,17
2025-12-11,6709,59956,1760158,29.9,30.05,28.9,29.25,-0.54,42
2025-12-12,6709,2302,66149,29.36,29.9,28.65,29.9,-0.62,4
2025-12-15,6709,37303,1067488,28.74,29.8,28.4,28.5,-0.12,25
2025-12-16,6709,18002,507107,28.62,28.95,28.0,28.95,-0.45,12
2025-12-17,6709,70611,1977331,28.17,28.8,27.85,27.95,-0.17,44
2025-12-18,6709,27102,759256,28.0,28.2,27.9,28.2,0.01,17
2025-12-19,6709,16131,452418,28.01,28.2,27.9,28.1,0.04,10
2025-12-22,6709,1002,27957,28.05,29.0,27.9,29.0,-0.15,3
2025-12-23,6709,10002,285257,27.9,29.0,28.0,28.5,0.62,9
2025-12-24,6709,63603,1764838,28.52,28.85,27.55,27.6,-0.77,48
2025-12-26,6709,55953,1564657,27.75,28.2,27.7,28.0,0.21,30
2025-12-29,6709,85130,2362877,27.96,27.9,27.6,27.8,-0.2,44
2025-12-30,6709,19003,528884,27.76,28.4,27.65,27.95,0.07,14
2025-12-31,6709,23294,647122,27.83,28.05,27.6,28.05,-0.05,20
2026-01-02,6709,66454,1841560,27.78,28.1,27.5,27.6,-0.07,49
2026-01-05,6709,4052,111851,27.71,28.1,27.5,27.9,-0.11,6
2026-01-06,6709,62489,1714758,27.6,27.9,27.25,27.4,-0.16,46
2026-01-07,6709,26041,708226,27.44,27.3,27.1,27.3,-0.24,24
2026-01-08,6709,55201,1486992,27.2,27.3,26.6,27.0,-0.26,45
2026-01-09,6709,40101,1075166,26.94,27.0,26.7,26.8,-0.13,30
2026-01-12,6709,21276,569302,26.81,26.9,26.6,26.8,-0.05,20
2026-01-13,6709,80500,2134025,26.76,26.7,26.4,26.5,-0.25,55
2026-01-14,6709,60001,1575811,26.51,26.5,26.1,26.3,-0.25,52
2026-01-15,6709,38203,1004608,26.26,26.4,26.05,26.4,0.04,25
2026-01-16,6709,59154,1545384,26.3,26.4,26.0,26.1,-0.18,44
2026-01-19,6709,108812,2768721,26.12,26.1,25.3,25.45,-0.67,70
2026-01-20,6709,64004,1672255,25.45,26.4,25.45,26.2,0.68,45
2026-01-21,6709,12882,339108,26.13,26.45,26.25,26.35,0.19,18
2026-01-22,6709,185268,5234544,26.32,29.25,26.35,28.35,1.93,137
2026-01-23,6709,74705,2115222,28.25,28.5,28.15,28.35,0.06,53
2026-01-26,6709,70108,2020983,28.31,29.3,28.3,28.9,0.52,55
2026-01-27,6709,157860,4802815,28.83,31.1,29.05,30.95,1.59,129
2026-01-28,6709,588102,20160848,30.42,35.15,30.5,34.6,3.86,352
2026-01-29,6709,635912,22192149,34.28,35.5,34.2,34.9,0.62,313
2026-01-30,6709,321889,10797456,34.9,34.9,32.9,33.3,-1.36,178
2026-02-02,6709,120060,3872875,33.54,33.8,31.9,32.55,-1.28,68
2026-02-03,6709,40868,1349279,32.26,33.7,32.15,33.5,0.76,39
2026-02-04,6709,32508,1077893,33.02,33.65,32.1,33.1,0.14,27
2026-02-05,6709,34020,1110421,33.16,33.6,32.05,32.05,-0.52,33
2026-02-06,6709,38714,1254510,32.64,33.3,31.85,33.1,-0.24,38
2026-02-09,6709,36040,1181221,32.4,33.25,31.95,31.95,0.38,39
2026-02-10,6709,94074,2979063,32.78,32.9,30.9,31.6,-1.11,60
2026-02-11,6709,20922,659651,31.67,31.95,31.1,31.75,-0.14,29
2026-02-23,6709,91283,2916836,31.53,35.1,30.6,35.05,0.42,97
2026-02-24,6709,524599,18545849,31.95,36.15,34.5,35.15,3.4,326
2026-02-25,6709,84457,2910467,35.35,35.65,33.85,34.9,-0.89,83
2026-02-26,6709,98584,3304734,34.46,34.0,33.25,33.25,-0.94,74
2026-03-02,6709,119518,4012462,33.52,33.95,33.0,33.05,0.05,92
2026-03-03,6709,98137,3236950,33.57,33.85,32.15,33.0,-0.59,64
2026-03-04,6709,115959,3661675,32.98,33.1,30.85,31.05,-1.4,87
2026-03-05,6709,59702,1852941,31.58,31.5,30.8,30.9,-0.54,42
2026-03-06,6709,50063,1519059,31.04,30.9,29.8,30.75,-0.7,42
2026-03-09,6709,46050,1389616,30.34,30.85,29.55,30.85,-0.16,38
2026-03-10,6709,24705,743191,30.18,30.3,29.95,30.15,-0.1,21
2026-03-11,6709,29578,891438,30.08,30.65,29.85,30.15,0.06,29
2026-03-12,6709,35331,1077573,30.14,31.25,30.1,31.0,0.36,29
2026-03-13,6709,10506,318985,30.5,30.95,29.9,30.95,-0.14,14
2026-03-16,6709,31003,931792,30.36,30.95,29.85,30.95,-0.31,22
2026-03-17,6709,53373,1595403,30.05,31.0,29.75,30.0,-0.16,38
2026-03-18,6709,22102,661250,29.89,30.45,29.8,30.05,0.03,16
2026-03-19,6709,54436,1623776,29.92,30.1,29.5,30.0,-0.09,52
2026-03-20,6709,42003,1261290,29.83,30.15,29.9,30.15,0.2,23
2026-03-23,6709,29064,854339,30.03,30.0,29.2,29.5,-0.63,20
2026-03-24,6709,118347,3444347,29.4,30.0,27.9,28.8,-0.3,76
2026-03-25,6709,18004,525017,29.1,29.3,28.9,29.3,0.06,18
2026-03-26,6709,6001,176129,29.16,29.7,29.3,29.7,0.19,7
2026-03-27,6709,69103,1978166,29.35,29.15,27.75,28.7,-0.72,48
2026-03-30,6709,156704,4308541,28.63,28.1,26.7,27.2,-1.14,81
2026-03-31,6709,80200,2170305,27.49,27.45,26.65,27.0,-0.43,36
2026-04-01,6709,220183,5844441,27.06,27.1,26.0,27.0,-0.52,126
2026-04-02,6709,17007,452536,26.54,27.35,26.2,27.0,0.07,12
2026-04-07,6709,36099,967665,26.61,27.1,26.7,26.9,0.2,24
2026-04-08,6709,24002,645004,26.81,27.35,26.5,27.0,0.06,19
2026-04-09,6709,61575,1651508,26.87,27.0,26.6,26.9,-0.05,44
2026-04-10,6709,18726,504440,26.82,27.05,26.85,27.05,0.12,14
2026-04-13,6709,82010,2200268,26.94,26.95,26.7,26.75,-0.11,40
2026-04-14,6709,29598,784297,26.83,26.8,26.0,26.8,-0.33,21
2026-04-15,6709,153248,3983073,26.5,26.6,25.7,26.0,-0.51,89
2026-04-16,6709,61393,1595198,25.99,26.5,25.9,26.0,-0.01,32
2026-04-17,6709,70300,1820115,25.98,26.1,25.75,25.85,-0.09,38
2026-04-20,6709,151600,3876710,25.89,25.8,25.3,25.45,-0.32,88
2026-04-21,6709,43212,1115510,25.57,26.45,25.4,26.0,0.24,31
2026-04-22,6709,26100,673450,25.81,26.15,25.55,26.0,-0.01,15
2026-04-23,6709,109895,2895356,25.8,27.3,25.5,27.0,0.55,62
2026-04-24,6709,61576,1606089,26.35,27.1,25.75,26.0,-0.27,52
2026-04-27,6709,54552,1427307,26.08,27.1,26.1,26.2,0.08,28
2026-04-28,6709,47805,1240254,26.16,27.05,25.75,26.5,-0.22,31
2026-04-29,6709,10155,267348,25.94,27.0,25.9,26.5,0.39,13
2026-04-30,6709,29303,763669,26.33,26.8,25.9,26.1,-0.27,21
2026-05-04,6709,22036,573487,26.06,26.15,25.9,25.9,-0.03,15
2026-05-05,6709,45504,1184393,26.03,26.2,25.8,26.15,0.0,30
2026-05-06,6709,194804,4988828,26.03,26.15,24.55,25.8,-0.42,112
2026-05-07,6709,164347,4181508,25.61,25.7,25.15,25.55,-0.17,77
2026-05-08,6709,117000,2976850,25.44,25.7,25.3,25.4,0.0,52
2026-05-11,6709,166515,4201928,25.44,25.6,24.3,25.3,-0.21,86
2026-05-12,6709,74746,1891373,25.23,25.4,25.15,25.3,0.07,37
2026-05-13,6709,123141,3080825,25.3,25.4,24.9,24.9,-0.28,40
2026-05-14,6709,121011,3026327,25.02,25.2,24.9,25.05,-0.01,49
2026-05-15,6709,60636,1521445,25.01,25.15,25.0,25.05,0.08,32
2026-05-18,6709,119000,2981100,25.09,25.2,24.9,25.1,-0.04,40
2026-05-19,6709,15218,384854,25.05,25.35,25.15,25.35,0.24,10
2026-05-20,6709,21400,538990,25.29,25.5,25.05,25.1,-0.1,15
2026-05-21,6709,34005,881876,25.19,26.1,25.2,26.0,0.74,18
2026-05-22,6709,78165,2072685,25.93,28.0,25.05,27.0,0.59,41
2026-05-25,6709,58458,1525283,26.52,26.4,25.8,25.9,-0.43,36
2026-05-26,6709,12001,313026,26.09,26.5,25.85,26.0,-0.01,10
2026-05-27,6709,197412,5089551,26.08,26.5,25.55,25.8,-0.3,100
2026-05-28,6709,68150,1762572,25.78,26.15,25.55,25.55,0.08,34
2026-05-29,6709,25000,644350,25.86,26.0,25.7,25.8,-0.09,16
2026-06-01,6709,226817,5804927,25.77,25.75,25.15,25.5,-0.18,107
2026-06-02,6709,88138,2240866,25.59,25.7,25.25,25.25,-0.17,41
2026-06-03,6709,267500,6739100,25.42,25.5,24.9,25.4,-0.23,121
2026-06-04,6709,79852,2017338,25.19,25.6,25.1,25.35,0.07,52
2026-06-05,6709,62700,1580650,25.26,25.3,25.1,25.2,-0.05,39
2026-06-08,6709,43810,1087146,25.21,25.25,24.3,25.1,-0.39,27
2026-06-09,6709,22940,576036,24.82,25.3,24.9,24.9,0.29,17
2026-06-10,6709,101100,2562450,25.11,25.9,23.85,24.0,0.24,49
2026-06-11,6709,57000,1415450,25.35,25.25,24.6,24.6,-0.52,31
2026-06-12,6709,41611,1039196,24.83,25.3,24.6,25.0,0.14,27
2026-06-15,6709,56100,1393230,24.97,25.0,24.65,24.95,-0.14,31
2026-06-16,6709,63903,1601495,24.83,25.5,24.8,24.8,0.23,39
2026-06-17,6709,28150,698477,25.06,25.1,24.7,25.1,-0.25,18
2026-06-18,6709,64666,1614100,24.81,25.1,24.7,25.1,0.15,37
2026-06-22,6709,90001,2205474,24.96,25.0,23.85,24.5,-0.45,51
2026-06-23,6709,102437,2589562,24.51,25.4,24.45,25.3,0.77,43
2026-06-24,6709,87777,2213250,25.28,25.55,24.25,24.95,-0.07,46
2026-06-25,6709,52000,1300050,25.21,25.1,24.9,25.0,-0.21,22
2026-06-26,6709,104311,2574079,25.0,25.1,24.2,24.2,-0.32,56
2026-06-29,6709,32520,808685,24.68,26.0,24.2,25.15,0.19,20
2026-06-30,6709,39130,974600,24.87,25.15,24.55,24.55,0.04,18
2026-07-01,6709,8501,215275,24.91,25.7,24.7,25.3,0.41,7
2026-07-02,6709,29100,721750,25.32,25.1,24.6,24.65,-0.52,15
2026-07-03,6709,34010,844651,24.8,25.15,24.5,25.15,0.04,10
2026-07-06,6709,98437,2463309,24.84,25.25,24.0,24.5,0.18,49
2026-07-07,6709,53450,1298345,25.02,25.1,23.8,25.1,-0.73,29
2026-07-08,6709,44000,1088850,24.29,25.2,24.4,25.0,0.46,16
2026-07-09,6709,22010,553453,24.75,25.65,24.75,25.3,0.4,15
2026-07-13,6709,35250,883900,25.15,25.4,24.9,24.9,-0.07,20
2026-07-14,6709,27000,660100,25.08,24.6,24.0,24.45,-0.63,15
2026-07-15,6709,36000,881150,24.45,24.65,24.2,24.55,0.03,15
2026-07-16,6709,4000,98700,24.48,25.0,24.35,25.0,0.2,2
2026-07-17,6709,71651,1734943,24.68,24.5,23.45,23.45,-0.47,35
2026-07-20,6709,35500,853400,24.21,24.1,23.4,24.0,-0.17,23
2026-07-21,6709,15010,362542,24.04,24.3,24.0,24.1,0.11,9
2026-07-22,6709,38102,919409,24.15,25.1,23.5,24.4,-0.02,23
2026-07-23,6709,1804,45100,24.13,25.0,25.0,25.0,0.87,3
2026-07-24,6709,8252,197699,25.0,25.0,23.8,24.9,-1.04,7
2026-07-27,6709,22000,524150,23.96,23.9,23.7,23.9,-0.13,10
2026-07-28,6709,33402,791507,23.83,24.2,23.3,23.5,-0.13,25
2026-07-29,6709,69400,1618270,23.7,23.6,22.65,23.15,-0.38,35
2026-07-30,6709,50070,1173939,23.32,23.75,23.2,23.3,0.13,27
2026-07-31,6709,78583,1816957,23.45,23.4,22.8,23.4,-0.33,44
2026-08-03,6709,68002,1562099,23.12,24.9,22.5,23.8,-0.15,35
2026-08-04,6709,65274,1615684,22.97,25.9,23.8,25.0,1.78,34
2026-08-05,6709,88142,2285040,24.75,26.65,25.75,25.9,1.17,51
2026-08-06,6709,121203,3149058,25.92,26.2,25.7,25.9,0.06,55
2026-08-07,6709,83004,2168205,25.98,26.35,25.9,25.9,0.14,50
2026-08-10,6709,6104,161206,26.12,26.55,25.95,26.5,0.29,6
2026-08-11,6709,18001,468526,26.41,26.2,25.9,26.0,-0.38,10
2026-08-12,6709,13003,336178,26.03,26.3,25.1,26.3,-0.18,12
2026-08-13,6709,9003,226877,25.85,25.9,25.1,25.9,-0.65,7
2026-08-14,6709,42236,1059348,25.2,26.2,24.9,24.9,-0.12,43
2026-08-17,6709,50500,1246250,25.08,24.95,24.5,24.5,-0.4,34
2026-08-18,6709,37100,897100,24.68,24.5,23.9,24.0,-0.5,21
2026-08-19,6709,4002,97749,24.18,25.0,24.3,25.0,0.25,5
2026-08-20,6709,1575254,38012644,24.43,28.1,23.9,26.4,-0.3,107
2026-08-21,6709,21401,537940,24.13,25.8,24.25,25.15,1.01,19
2026-08-24,6709,5313,131625,25.14,25.5,24.25,25.45,-0.37,9
2026-08-25,6709,17316,439930,24.77,25.75,25.0,25.5,0.64,16
2026-08-26,6709,9544,244382,25.41,25.85,25.2,25.85,0.2,13
2026-08-27,6709,6114,152817,25.61,26.0,24.7,25.5,-0.62,7
2026-08-28,6709,3001,74925,24.99,25.5,24.5,25.4,-0.02,4
2026-08-31,6709,35401,859654,24.97,24.5,24.05,24.45,-0.69,19
2026-09-01,6709,1,25,24.28,25.2,25.2,25.2,0.92,1
2026-09-02,6709,23962,583326,25.2,25.1,24.0,24.5,-0.86,15
2026-09-03,6709,3003,73875,24.34,25.0,24.4,25.0,0.26,5
2026-09-04,6709,31405,766745,24.6,25.6,24.3,24.5,-0.19,22
2026-09-07,6709,4002,97700,24.41,25.0,24.4,25.0,0.0,3
2026-09-08,6709,52740,1282965,24.41,24.6,24.0,24.6,-0.08,31
2026-09-09,6709,6202,149609,24.33,24.6,23.9,24.5,-0.21,7
2026-09-10,6709,15003,363023,24.12,24.6,23.95,24.0,0.08,10
2026-09-11,6709,4002,96349,24.2,24.55,24.0,24.55,-0.12,4
2026-09-14,6709,18323,436755,24.08,23.9,23.7,23.8,-0.24,11
2026-09-15,6709,6102,146128,23.84,24.45,23.6,24.45,0.11,9
2026-09-16,6709,2002,48199,23.95,24.65,23.5,24.65,0.13,4
2026-09-17,6709,3002,72099,24.08,24.7,23.7,23.7,-0.06,4
2026-09-18,6709,21981,525900,24.02,24.15,23.7,23.95,-0.09,24
2026-09-21,6709,15052,362687,23.93,24.85,23.75,24.75,0.17,12
2026-09-22,6709,34104,838138,24.1,24.85,24.35,24.6,0.48,20
2026-09-23,6709,1,25,24.58,25.0,25.0,25.0,0.42,1
2026-09-24,6709,20016,488763,25.0,25.0,24.3,25.0,-0.58,18
