date,stock_id,Trading_Volume,Trading_money,open,max,min,close,spread,Trading_turnover
2016-09-29,8109,55200,3649320,65.9,66.5,65.9,66.0,0.0,36
2016-09-30,8109,26150,1727590,66.0,66.2,66.0,66.0,0.0,21
2016-10-03,8109,36000,2372400,66.1,66.2,65.7,66.0,0.0,30
2016-10-04,8109,38650,2553224,66.0,66.5,65.9,66.1,0.1,30
2016-10-05,8109,62461,4100139,65.8,65.8,65.5,65.6,-0.5,58
2016-10-06,8109,48000,3150400,65.8,66.0,65.5,65.8,0.2,33
2016-10-07,8109,98200,6403360,65.5,65.5,65.0,65.2,-0.6,75
2016-10-11,8109,111248,7180695,64.9,65.2,64.0,64.3,-0.9,84
2016-10-12,8109,233000,14970800,64.1,64.5,64.0,64.2,-0.1,104
2016-10-13,8109,32440,2080004,64.1,64.2,64.0,64.1,-0.1,29
2016-10-14,8109,84100,5395840,64.0,65.0,64.0,64.1,0.0,53
2016-10-17,8109,129000,8188900,64.0,64.0,63.2,63.6,-0.5,79
2016-10-18,8109,103786,6724090,64.5,65.1,64.2,64.7,1.1,58
2016-10-19,8109,36000,2347300,65.3,65.5,64.8,64.8,0.1,28
2016-10-20,8109,16000,1032700,64.6,64.9,64.3,64.5,-0.3,15
2016-10-21,8109,30000,1929900,64.9,64.9,64.2,64.3,-0.2,24
2016-10-24,8109,88343,5734522,64.0,65.8,64.0,64.5,0.2,73
2016-10-25,8109,41700,2689819,65.0,65.0,64.1,64.1,-0.4,34
2016-10-26,8109,30000,1938000,64.6,64.7,64.5,64.6,0.5,19
2016-10-27,8109,29400,1890860,64.2,64.8,64.2,64.3,-0.3,19
2016-10-28,8109,53901,3472833,64.3,64.9,64.0,64.8,0.5,32
2016-10-31,8109,16298,1048561,64.5,64.7,64.1,64.7,-0.1,14
2016-11-01,8109,65870,4220880,64.0,64.5,63.9,63.9,-0.8,53
2016-11-02,8109,67250,4262875,63.9,63.9,63.0,63.3,-0.6,59
2016-11-03,8109,115200,7193420,63.1,63.2,62.0,62.0,-1.3,90
2016-11-04,8109,94540,5874833,62.0,62.6,62.0,62.0,0.0,58
2016-11-07,8109,53850,3347325,62.0,62.8,62.0,62.0,0.0,37
2016-11-08,8109,50500,3103949,62.0,62.0,61.2,61.7,-0.3,45
2016-11-09,8109,128100,7815720,61.7,61.7,60.6,60.6,-1.1,95
2016-11-10,8109,73050,4499809,60.9,62.2,60.9,62.2,1.6,47
2016-11-11,8109,51000,3161900,62.2,62.6,61.6,62.1,-0.1,38
2016-11-14,8109,39010,2432523,62.1,62.9,62.1,62.3,0.2,30
2016-11-15,8109,59000,3689300,62.3,63.0,62.3,62.5,0.2,37
2016-11-16,8109,59470,3730910,62.5,63.2,62.5,62.6,0.1,41
2016-11-17,8109,19000,1187700,62.5,62.9,62.4,62.5,-0.1,17
2016-11-18,8109,36000,2243600,62.2,62.7,62.2,62.5,0.0,30
2016-11-21,8109,26010,1629728,62.1,63.0,62.1,62.5,0.0,23
2016-11-22,8109,38000,2379300,62.5,63.0,62.5,62.6,0.1,26
2016-11-23,8109,39311,2471493,62.6,63.2,62.6,63.0,0.4,37
2016-11-24,8109,13294,841880,63.2,63.8,63.1,63.2,0.2,15
2016-11-25,8109,24250,1531874,63.2,63.3,63.0,63.1,-0.1,21
2016-11-28,8109,29000,1830700,63.0,63.3,63.0,63.2,0.1,26
2016-11-29,8109,32000,2026900,63.3,63.8,63.1,63.5,0.3,23
2016-11-30,8109,15000,949300,63.2,63.4,63.2,63.4,-0.1,15
2016-12-01,8109,23200,1470660,63.2,63.5,63.2,63.4,0.0,24
2016-12-02,8109,27500,1742700,63.4,63.5,63.2,63.5,0.1,27
2016-12-05,8109,47806,3030480,63.4,63.5,63.2,63.3,-0.2,44
2016-12-06,8109,31000,1966500,63.3,63.7,63.3,63.6,0.3,29
2016-12-07,8109,54000,3434400,63.6,63.7,63.5,63.5,-0.1,37
2016-12-08,8109,77000,4939100,63.5,64.7,63.5,64.5,1.0,56
2016-12-09,8109,31000,1983100,63.8,64.2,63.8,64.0,-0.5,25
2016-12-12,8109,20180,1289210,64.0,64.0,63.7,64.0,0.0,20
2016-12-13,8109,39150,2521829,64.1,64.7,64.1,64.7,0.7,41
2016-12-14,8109,33120,2124992,65.1,65.1,63.5,63.9,-0.8,28
2016-12-15,8109,26354,1684214,63.9,64.1,63.7,64.1,0.2,26
2016-12-16,8109,22100,1409910,63.8,64.1,63.6,64.1,0.0,19
2016-12-19,8109,18000,1152400,64.1,64.3,63.7,63.8,-0.3,17
2016-12-20,8109,24000,1527900,63.7,63.8,63.5,63.5,-0.3,18
2016-12-21,8109,18000,1142800,63.5,64.0,63.3,63.5,0.0,17
2016-12-22,8109,26000,1650800,63.5,63.6,63.0,63.1,-0.4,16
2016-12-23,8109,34000,2153500,63.0,63.8,63.0,63.2,0.1,31
2016-12-26,8109,16165,1023228,63.5,63.5,63.2,63.3,0.1,19
2016-12-27,8109,18015,1143954,63.5,63.5,63.5,63.5,0.2,10
2016-12-28,8109,51160,3255960,63.6,63.8,63.5,63.6,0.1,31
2016-12-29,8109,39050,2484890,63.6,63.9,63.6,63.9,0.3,22
2016-12-30,8109,45136,2892616,64.2,64.3,63.9,64.1,0.2,26
2017-01-03,8109,7000,448100,64.0,64.1,64.0,64.1,0.0,7
2017-01-04,8109,11146,713644,64.1,64.1,63.9,64.0,-0.1,11
2017-01-05,8109,37565,2386477,64.0,64.0,63.4,63.6,-0.4,37
2017-01-06,8109,28000,1775500,63.5,63.6,63.2,63.6,0.0,19
2017-01-09,8109,21182,1347956,63.8,63.8,63.5,63.5,-0.1,20
2017-01-10,8109,5140,326918,63.6,63.6,63.6,63.6,0.1,5
2017-01-11,8109,16000,1015000,63.6,63.6,63.3,63.4,-0.2,12
2017-01-12,8109,26000,1648100,63.3,63.5,63.2,63.3,-0.1,14
2017-01-13,8109,48000,3047600,63.3,63.8,63.3,63.3,0.0,37
2017-01-16,8109,32036,2008868,63.1,63.1,62.5,62.8,-0.5,27
2017-01-17,8109,78091,4938178,63.1,63.9,63.0,63.5,0.7,39
2017-01-18,8109,80200,5046800,63.9,63.9,62.7,62.8,-0.7,52
2017-01-19,8109,60342,3789946,62.8,63.0,62.6,63.0,0.2,35
2017-01-20,8109,16450,1035805,63.2,63.2,62.9,62.9,-0.1,16
2017-01-23,8109,77000,4840000,62.9,63.3,62.6,63.0,0.1,36
2017-01-24,8109,59561,3753243,63.0,63.4,62.8,63.4,0.4,38
2017-02-02,8109,142000,8893100,63.4,63.4,62.5,62.5,-0.9,90
2017-02-03,8109,88360,5491599,62.1,62.5,61.8,62.3,-0.2,55
2017-02-06,8109,75496,4736998,62.3,63.1,62.3,63.0,0.7,50
2017-02-07,8109,74000,4642600,63.2,63.3,62.5,62.5,-0.5,53
2017-02-08,8109,80000,5011400,62.5,62.8,62.5,62.6,0.1,51
2017-02-09,8109,54040,3410532,63.1,63.3,62.7,63.2,0.6,42
2017-02-10,8109,100005,6357018,63.3,63.8,63.3,63.5,0.3,75
2017-02-13,8109,46540,2962889,63.6,63.8,63.6,63.6,0.1,47
2017-02-14,8109,147820,9320595,63.8,63.8,62.7,62.9,-0.7,97
2017-02-15,8109,299028,18463130,61.1,62.3,61.1,62.0,-0.9,207
2017-02-16,8109,83550,5183400,62.0,62.4,61.6,62.4,0.4,51
2017-02-17,8109,45667,2836387,62.0,62.3,62.0,62.2,-0.2,39
2017-02-18,8109,40000,2479500,62.2,62.2,61.9,62.2,0.0,29
2017-02-20,8109,38360,2388400,62.0,62.4,62.0,62.3,0.1,25
2017-02-21,8109,48249,3007061,62.6,62.6,62.2,62.2,-0.1,39
2017-02-22,8109,29200,1818879,62.2,62.5,62.2,62.4,0.2,21
2017-02-23,8109,80000,4972800,62.2,62.6,62.0,62.1,-0.3,47
2017-02-24,8109,86110,5370297,62.1,62.7,62.1,62.7,0.6,53
2017-03-01,8109,22000,1373200,62.4,62.7,62.2,62.3,-0.4,17
2017-03-02,8109,64000,3991900,62.6,62.6,62.3,62.3,0.0,26
2017-03-03,8109,40360,2507992,62.0,62.3,62.0,62.1,-0.2,27
2017-03-06,8109,76000,4777300,62.5,63.2,62.5,63.2,1.1,40
2017-03-07,8109,280080,17936112,62.6,64.7,62.6,63.6,0.4,197
2017-03-08,8109,52000,3282600,64.0,64.0,62.8,62.8,-0.8,41
2017-03-09,8109,72400,4553420,62.8,63.0,62.7,62.8,0.0,43
2017-03-10,8109,53165,3341161,62.8,63.1,62.5,63.0,0.2,37
2017-03-13,8109,119650,7474224,62.9,62.9,62.2,62.5,-0.5,74
2017-03-14,8109,83645,5224748,62.2,62.6,62.2,62.5,0.0,67
2017-03-15,8109,316261,20368881,64.0,65.0,64.0,64.4,1.9,217
2017-03-16,8109,192400,12451080,64.6,65.3,64.5,64.6,0.2,116
2017-03-17,8109,126040,8171496,64.7,65.3,64.7,64.8,0.2,72
2017-03-20,8109,148300,9661700,65.0,65.3,65.0,65.2,0.4,81
2017-03-21,8109,99980,6481210,65.2,65.2,64.5,64.9,-0.3,74
2017-03-22,8109,46100,2992680,64.9,65.0,64.9,64.9,0.0,39
2017-03-23,8109,67700,4396990,64.7,65.5,64.7,65.0,0.1,48
2017-03-24,8109,63600,4131300,65.0,65.1,64.9,65.0,0.0,44
2017-03-27,8109,72351,4677415,65.0,65.0,64.2,64.2,-0.8,43
2017-03-28,8109,78000,5001500,64.0,64.5,63.5,63.9,-0.3,58
2017-03-29,8109,20000,1273600,63.8,63.8,63.5,63.7,-0.2,19
2017-03-30,8109,33043,2112024,63.7,64.2,63.7,64.2,0.5,19
2017-03-31,8109,49683,3195306,64.6,64.6,64.2,64.2,0.0,31
2017-04-05,8109,86607,5577228,64.2,64.5,64.2,64.5,0.3,57
2017-04-06,8109,77663,5006661,64.5,64.8,64.4,64.5,0.0,47
2017-04-07,8109,63489,4110193,65.2,65.2,64.5,64.7,0.2,50
2017-04-10,8109,70500,4576700,64.7,65.0,64.7,64.9,0.2,44
2017-04-11,8109,99000,6436900,65.0,65.2,64.9,65.0,0.1,66
2017-04-12,8109,35000,2269200,65.0,65.0,64.7,64.7,-0.3,32
2017-04-13,8109,29418,1905601,64.7,65.0,64.6,64.6,-0.1,24
2017-04-14,8109,86000,5527100,64.5,64.5,64.0,64.2,-0.4,71
2017-04-17,8109,119615,7584051,63.5,63.6,63.1,63.6,-0.6,86
2017-04-18,8109,33364,2123075,63.6,63.8,63.6,63.8,0.2,23
2017-04-19,8109,19103,1211339,63.5,63.7,63.3,63.6,-0.2,21
2017-04-20,8109,73080,4699220,62.5,65.0,62.5,64.0,0.4,63
2017-04-21,8109,29014,1844092,64.9,64.9,63.4,63.8,-0.2,22
2017-04-24,8109,34181,2171546,63.8,63.8,63.5,63.6,-0.2,27
2017-04-25,8109,32070,2046759,64.8,64.8,63.7,63.9,0.3,20
2017-04-26,8109,23000,1472600,64.5,64.5,63.9,64.0,0.1,17
2017-04-27,8109,21544,1377816,63.8,64.0,63.8,64.0,0.0,14
2017-04-28,8109,32702,2096199,64.0,64.2,63.8,64.2,0.2,24
2017-05-02,8109,38180,2443110,64.0,64.2,63.8,64.2,0.0,30
2017-05-03,8109,14000,896300,64.2,64.2,64.0,64.0,-0.2,10
2017-05-04,8109,228360,14977908,64.7,66.5,64.5,65.2,1.2,182
2017-05-05,8109,84400,5521700,65.4,65.6,65.3,65.5,0.3,53
2017-05-08,8109,67653,4457698,65.8,66.0,65.6,65.8,0.3,47
2017-05-09,8109,64023,4207413,66.0,66.3,65.4,65.6,-0.2,42
2017-05-10,8109,69160,4515876,64.5,65.7,64.5,65.7,0.1,38
2017-05-11,8109,65000,4249900,65.5,65.8,65.3,65.3,-0.4,40
2017-05-12,8109,75894,4938104,65.0,65.4,64.7,65.4,0.1,55
2017-05-15,8109,32345,2109762,65.4,65.5,65.0,65.4,0.0,31
2017-05-16,8109,49240,3226944,65.4,65.9,65.4,65.5,0.1,45
2017-05-17,8109,32700,2138350,65.5,65.5,65.2,65.5,0.0,30
2017-05-18,8109,3104,202580,65.0,65.4,65.0,65.4,-0.1,5
2017-05-19,8109,102619,6785291,65.4,66.4,65.4,66.4,1.0,83
2017-05-22,8109,260693,17504776,66.7,68.0,66.3,68.0,1.6,176
2017-05-23,8109,120050,8133660,68.2,68.3,67.5,67.5,-0.5,86
2017-05-24,8109,69380,4684922,67.8,67.8,67.2,67.2,-0.3,51
2017-05-25,8109,56609,3795803,67.2,67.3,66.5,66.9,-0.3,53
2017-05-26,8109,16676,1112721,66.7,66.8,66.7,66.7,-0.2,20
2017-05-31,8109,46593,3112112,66.7,67.3,66.4,67.3,0.6,35
2017-06-01,8109,41163,2765452,67.3,67.3,67.1,67.2,-0.1,33
2017-06-02,8109,38132,2560104,67.2,67.3,67.1,67.1,-0.1,23
2017-06-03,8109,319452,21868751,68.6,68.9,68.1,68.2,1.1,200
2017-06-05,8109,198019,13643696,68.5,69.7,68.5,68.8,0.6,125
2017-06-06,8109,57099,3939380,69.1,69.4,68.8,69.0,0.2,48
2017-06-07,8109,77095,5279817,69.0,69.0,68.3,68.4,-0.6,62
2017-06-08,8109,146800,10126700,68.8,69.4,68.5,69.0,0.6,114
2017-06-09,8109,103280,7164420,69.9,69.9,69.2,69.2,0.2,80
2017-06-12,8109,81043,5590045,69.2,69.3,68.8,68.8,-0.4,60
2017-06-13,8109,75100,5154680,68.5,68.9,68.5,68.6,-0.2,61
2017-06-14,8109,123285,8463793,68.8,69.0,68.2,68.8,0.2,80
2017-06-15,8109,63215,4349899,68.4,69.0,68.4,68.7,-0.1,43
2017-06-16,8109,55412,3803503,68.8,68.9,68.4,68.7,0.0,40
2017-06-19,8109,217520,15048939,68.8,69.7,68.5,69.7,1.0,130
2017-06-20,8109,270368,19023647,70.0,70.9,69.9,70.1,0.4,192
2017-06-21,8109,128564,9012480,70.1,70.3,69.9,70.3,0.2,91
2017-06-22,8109,116740,8180300,70.5,70.5,69.9,70.0,-0.3,87
2017-06-23,8109,126500,8859700,70.2,70.2,69.9,70.1,0.1,74
2017-06-26,8109,126360,8838756,70.2,70.2,69.7,69.9,-0.2,101
2017-06-27,8109,140695,9718866,69.8,69.8,68.3,68.4,-1.5,113
2017-06-28,8109,249434,16920080,68.4,68.5,67.5,68.0,-0.4,129
2017-06-29,8109,151534,10413431,68.2,69.1,68.2,69.0,1.0,112
2017-06-30,8109,424614,29341072,69.0,69.7,68.6,69.4,0.4,283
2017-07-03,8109,476110,29372493,60.5,62.5,60.4,62.4,0.0,365
2017-07-04,8109,138942,8685249,62.5,62.9,62.0,62.9,0.5,115
2017-07-05,8109,274430,17495406,64.3,64.5,63.3,63.5,0.6,180
2017-07-06,8109,66110,4203540,63.5,63.9,63.2,63.6,0.1,51
2017-07-07,8109,33096,2100615,63.8,63.8,63.4,63.4,-0.2,30
2017-07-10,8109,101600,6434978,63.5,63.5,63.1,63.1,-0.3,68
2017-07-11,8109,81000,5154600,63.0,64.1,63.0,63.7,0.6,49
2017-07-12,8109,141000,9088000,64.2,64.8,64.1,64.1,0.4,79
2017-07-13,8109,60194,3882371,64.9,64.9,64.3,64.4,0.3,53
2017-07-14,8109,65200,4191400,64.9,64.9,63.8,64.6,0.2,50
2017-07-17,8109,32025,2063217,64.6,64.6,64.2,64.5,-0.1,26
2017-07-18,8109,29275,1886946,64.5,64.7,64.2,64.4,-0.1,26
2017-07-19,8109,41232,2640025,64.2,64.5,63.7,63.8,-0.6,37
2017-07-20,8109,43187,2766155,63.8,64.3,63.8,64.3,0.5,24
2017-07-21,8109,56500,3616500,64.3,64.3,63.7,63.7,-0.6,40
2017-07-24,8109,83336,5285304,63.3,64.3,63.0,64.3,0.6,55
2017-07-25,8109,23000,1474000,63.8,64.3,63.7,64.2,-0.1,22
2017-07-26,8109,47682,3053211,64.6,64.6,63.8,63.8,-0.4,29
2017-07-27,8109,31177,1997210,64.0,64.4,63.9,63.9,0.1,28
2017-07-28,8109,56100,3576100,63.9,63.9,63.1,63.4,-0.5,37
2017-07-31,8109,25280,1600751,63.4,63.4,63.1,63.1,-0.3,22
2017-08-01,8109,18180,1154120,63.4,63.7,63.3,63.7,0.6,17
2017-08-02,8109,39344,2510716,63.2,64.0,63.2,63.9,0.2,30
2017-08-03,8109,108616,7016830,64.4,64.9,64.2,64.7,0.8,82
2017-08-04,8109,84277,5437465,65.0,65.1,64.2,64.5,-0.2,64
2017-08-07,8109,59000,3812300,64.9,64.9,64.4,64.7,0.2,46
2017-08-08,8109,95872,6197708,64.7,65.0,64.3,64.3,-0.4,122
2017-08-09,8109,60954,3886067,64.7,64.7,63.3,63.5,-0.8,81
2017-08-10,8109,123118,7744834,63.5,63.5,62.6,62.9,-0.6,106
2017-08-11,8109,72848,4547767,62.3,62.8,62.1,62.4,-0.5,64
2017-08-14,8109,50066,3094592,61.5,62.3,61.5,61.8,-0.6,60
2017-08-15,8109,31451,1963787,63.0,63.0,62.2,62.5,0.7,35
2017-08-16,8109,35400,2229659,62.6,63.4,62.5,62.6,0.1,36
2017-08-17,8109,96610,6055745,63.0,63.3,62.1,63.2,0.6,87
2017-08-18,8109,42459,2680053,63.1,63.3,62.8,63.3,0.1,34
2017-08-21,8109,29596,1854326,62.9,62.9,62.5,62.5,-0.8,29
2017-08-22,8109,31614,1985082,62.5,62.9,62.5,62.7,0.2,38
2017-08-23,8109,90789,5686458,62.7,62.8,62.5,62.7,0.0,48
2017-08-24,8109,39819,2493512,62.7,62.8,62.5,62.7,0.0,42
2017-08-25,8109,28201,1776241,62.7,63.1,62.7,62.9,0.2,31
2017-08-28,8109,32232,2035516,63.0,63.3,63.0,63.3,0.4,27
2017-08-29,8109,36998,2343674,63.3,63.5,63.3,63.4,0.1,35
2017-08-30,8109,56988,3619842,63.5,63.8,63.4,63.4,0.0,42
2017-08-31,8109,127100,8164220,63.4,64.7,63.4,64.5,1.1,62
2017-09-01,8109,72598,4679349,64.5,64.5,64.3,64.5,0.0,56
2017-09-04,8109,67800,4349539,64.6,64.6,63.8,63.8,-0.7,51
2017-09-05,8109,312325,20232095,64.3,65.4,64.2,64.6,0.8,179
2017-09-06,8109,113180,7331091,64.6,65.2,64.1,64.7,0.1,90
2017-09-07,8109,65334,4255475,65.2,65.5,64.8,65.0,0.3,58
2017-09-08,8109,106273,6897488,65.3,65.3,64.6,65.1,0.1,69
2017-09-11,8109,74289,4842467,65.4,65.5,64.7,65.0,-0.1,55
2017-09-12,8109,62055,4025547,65.3,65.3,64.7,64.7,-0.3,57
2017-09-13,8109,314959,21043494,66.2,68.0,66.1,66.3,1.6,241
2017-09-14,8109,107483,7068233,66.1,66.8,65.4,65.7,-0.6,99
2017-09-15,8109,58645,3866071,65.5,66.6,65.5,65.7,0.0,61
2017-09-18,8109,73620,4861134,66.7,66.7,66.0,66.0,0.3,50
2017-09-19,8109,44000,2900000,66.1,66.5,65.6,65.6,-0.4,37
2017-09-20,8109,54349,3532910,65.1,65.2,64.8,64.9,-0.7,54
2017-09-21,8109,38370,2498650,64.4,65.5,64.2,65.2,0.3,40
2017-09-22,8109,32918,2132504,65.0,65.0,64.5,64.9,-0.3,46
2017-09-25,8109,51300,3295760,64.9,64.9,64.0,64.1,-0.8,41
2017-09-26,8109,85722,5491887,64.0,64.5,63.7,63.8,-0.3,53
2017-09-27,8109,68500,4401350,64.8,64.8,63.8,64.2,0.4,46
2017-09-28,8109,16800,1084300,64.4,64.7,64.4,64.6,0.4,15
2017-09-29,8109,23806,1538466,64.6,64.8,64.6,64.8,0.2,20
2017-09-30,8109,23400,1525040,65.1,65.5,64.9,64.9,0.1,21
2017-10-02,8109,21200,1385919,64.9,65.5,64.9,65.5,0.6,21
2017-10-03,8109,44715,2933072,65.5,65.8,65.5,65.8,0.3,45
2017-10-05,8109,182448,12150776,66.0,66.8,65.9,66.8,1.0,162
2017-10-06,8109,40451,2699198,67.4,67.4,66.2,66.3,-0.5,46
2017-10-11,8109,134938,8950212,66.5,66.5,66.2,66.2,-0.1,89
2017-10-12,8109,105145,6987342,66.3,66.7,66.1,66.6,0.4,83
2017-10-13,8109,89194,5951720,66.6,67.0,66.6,67.0,0.4,66
2017-10-16,8109,102116,6800866,67.0,67.0,66.1,66.1,-0.9,79
2017-10-17,8109,112296,7364463,66.2,66.6,64.8,65.1,-1.0,92
2017-10-18,8109,37713,2469355,65.2,65.6,65.2,65.3,0.2,32
2017-10-19,8109,28500,1865949,65.3,65.7,65.2,65.3,0.0,29
2017-10-20,8109,61790,4053042,65.8,65.8,65.4,65.7,0.4,53
2017-10-23,8109,144260,9633585,66.4,67.0,66.4,66.9,1.2,102
2017-10-24,8109,58441,3900625,66.7,66.9,66.5,66.9,0.0,53
2017-10-25,8109,86001,5764964,66.9,67.1,66.8,67.1,0.2,44
2017-10-26,8109,47983,3201168,66.8,66.9,66.6,66.7,-0.4,42
2017-10-27,8109,108250,7222575,66.8,67.1,66.5,66.5,-0.2,52
2017-10-30,8109,8096,537254,66.6,66.6,66.2,66.2,-0.3,11
2017-10-31,8109,53996,3588235,66.4,66.6,66.2,66.6,0.4,38
2017-11-01,8109,34265,2284469,66.6,66.8,66.5,66.7,0.1,32
2017-11-02,8109,52413,3498280,66.7,67.0,66.5,66.5,-0.2,31
2017-11-03,8109,105100,7007929,67.0,67.0,66.5,66.5,0.0,93
2017-11-06,8109,87704,5876115,66.7,67.5,66.7,66.9,0.4,64
2017-11-07,8109,74861,5021590,67.0,67.3,67.0,67.1,0.2,77
2017-11-08,8109,51730,3470989,67.3,67.4,67.0,67.0,-0.1,45
2017-11-09,8109,133249,8967834,67.4,67.8,66.7,66.8,-0.2,84
2017-11-10,8109,31900,2128820,66.8,67.3,66.5,67.3,0.5,25
2017-11-13,8109,158029,10690343,67.3,67.9,67.3,67.4,0.1,97
2017-11-14,8109,49036,3289303,67.3,67.3,66.9,67.0,-0.4,46
2017-11-15,8109,124586,8355854,66.8,68.0,66.4,67.9,0.9,64
2017-11-16,8109,159050,10985429,67.7,70.0,67.7,69.1,1.2,154
2017-11-17,8109,55848,3862470,69.5,69.5,68.6,68.9,-0.2,58
2017-11-20,8109,169745,11855651,69.0,70.4,69.0,69.4,0.5,118
2017-11-21,8109,99447,6938002,69.7,70.1,69.2,69.6,0.2,87
2017-11-22,8109,56824,3923525,69.9,69.9,68.1,68.8,-0.8,54
2017-11-23,8109,54998,3779961,68.6,69.4,68.3,68.4,-0.4,50
2017-11-24,8109,36200,2471739,68.5,68.7,67.9,68.7,0.3,34
2017-11-27,8109,34729,2365098,68.2,68.2,67.9,67.9,-0.8,35
2017-11-28,8109,49351,3339256,67.3,68.0,67.3,67.5,-0.4,53
2017-11-29,8109,51950,3503841,67.5,68.0,67.1,67.1,-0.4,53
2017-11-30,8109,70311,4727311,66.8,67.5,66.8,67.0,-0.1,47
2017-12-01,8109,82254,5496966,67.0,67.2,66.2,66.8,-0.2,68
2017-12-04,8109,35064,2342613,66.6,67.4,66.4,67.4,0.6,34
2017-12-05,8109,72927,4870721,67.5,67.5,66.3,66.8,-0.6,63
2017-12-06,8109,51544,3435783,67.8,67.8,66.3,66.7,-0.1,50
2017-12-07,8109,56100,3744870,66.6,67.0,66.5,66.6,-0.1,38
2017-12-08,8109,28894,1928429,67.0,67.0,66.5,66.6,0.0,28
2017-12-11,8109,31915,2127805,66.7,67.0,66.5,66.7,0.1,21
2017-12-12,8109,40600,2710379,66.6,67.0,66.6,66.8,0.1,24
2017-12-13,8109,22798,1529066,67.1,67.2,66.9,67.0,0.2,26
2017-12-14,8109,35887,2418029,67.2,68.0,67.2,67.3,0.3,25
2017-12-15,8109,8200,550700,67.3,67.3,67.1,67.2,-0.1,10
2017-12-18,8109,11348,760680,67.0,67.1,66.8,67.1,-0.1,16
2017-12-19,8109,32300,2164559,67.2,67.2,66.8,66.8,-0.3,14
2017-12-20,8109,21201,1420367,66.9,67.0,66.9,67.0,0.2,17
2017-12-21,8109,30904,2068646,66.8,67.2,66.6,67.2,0.2,22
2017-12-22,8109,60100,4026800,67.0,67.5,66.8,67.5,0.3,38
2017-12-25,8109,10501,707517,68.5,68.5,67.1,68.0,0.5,14
2017-12-26,8109,24300,1630900,67.5,67.5,66.9,66.9,-1.1,26
2017-12-27,8109,16101,1078977,67.2,67.2,66.9,66.9,0.0,18
2017-12-28,8109,37000,2484200,67.2,67.3,67.0,67.1,0.2,27
2017-12-29,8109,67724,4535208,67.0,67.2,66.8,67.0,-0.1,34
2018-01-02,8109,24803,1664101,67.1,67.2,67.0,67.2,0.2,24
2018-01-03,8109,88906,5918238,67.2,67.2,66.1,66.1,-1.1,63
2018-01-04,8109,110989,7436064,66.3,67.3,66.3,67.3,1.2,65
2018-01-05,8109,31905,2138504,67.3,67.3,66.9,67.0,-0.3,27
2018-01-08,8109,99292,6722540,67.3,68.3,67.1,68.3,1.3,82
2018-01-09,8109,42498,2880514,68.3,68.3,67.5,67.8,-0.5,37
2018-01-10,8109,21902,1484454,67.8,67.8,67.7,67.7,-0.1,24
2018-01-11,8109,20546,1390245,67.7,67.8,67.5,67.7,0.0,21
2018-01-12,8109,39871,2697738,67.3,68.0,67.3,67.9,0.2,42
2018-01-15,8109,95337,6433172,67.5,67.7,67.3,67.5,-0.4,43
2018-01-16,8109,73251,4981541,67.2,68.3,67.2,68.1,0.6,50
2018-01-17,8109,22845,1544689,67.7,68.1,67.2,67.8,-0.3,26
2018-01-18,8109,18618,1262872,68.8,68.8,67.6,67.6,-0.2,25
2018-01-19,8109,43638,2938127,67.3,68.0,67.2,67.3,-0.3,23
2018-01-22,8109,40147,2697721,67.3,67.4,67.0,67.4,0.1,30
2018-01-23,8109,30385,2042008,67.0,67.5,67.0,67.3,-0.1,29
2018-01-24,8109,79200,5309939,67.1,67.2,66.9,67.1,-0.2,47
2018-01-25,8109,230001,15423867,67.1,67.4,67.0,67.2,0.1,70
2018-01-26,8109,56116,3772772,67.2,67.4,67.2,67.2,0.0,30
2018-01-29,8109,38862,2622608,67.5,67.7,67.3,67.7,0.5,43
2018-01-30,8109,176459,12055212,68.0,68.6,68.0,68.2,0.5,98
2018-01-31,8109,88500,6061849,68.8,69.0,68.0,68.6,0.4,51
2018-02-01,8109,45500,3115848,68.7,68.8,68.2,68.4,-0.2,32
2018-02-02,8109,39800,2715000,68.1,68.4,67.7,68.4,0.0,35
2018-02-05,8109,36400,2467078,68.3,68.3,67.1,68.0,-0.4,36
2018-02-06,8109,230577,15336559,67.4,67.4,65.3,66.6,-1.4,151
2018-02-07,8109,78485,5255747,66.7,67.3,66.7,66.7,0.1,55
2018-02-08,8109,25000,1666900,66.7,66.9,66.3,66.9,0.2,19
2018-02-09,8109,69820,4613066,66.1,66.4,65.5,66.3,-0.6,52
2018-02-12,8109,27120,1804492,66.4,67.3,66.3,66.8,0.5,28
2018-02-21,8109,60200,4058159,66.8,67.7,66.8,67.3,0.5,41
2018-02-22,8109,73120,4975300,67.3,68.8,67.3,68.0,0.7,56
2018-02-23,8109,111099,7605650,68.0,69.5,68.0,69.2,1.2,66
2018-02-26,8109,110800,7559800,69.2,69.5,67.8,67.8,-1.4,75
2018-02-27,8109,30647,2087096,68.0,68.3,67.9,68.2,0.4,31
2018-03-01,8109,79300,5403500,67.9,68.8,67.9,68.8,0.6,41
2018-03-02,8109,29001,1978068,68.7,68.7,68.0,68.3,-0.5,27
2018-03-05,8109,15781,1078263,68.3,68.4,68.3,68.4,0.1,19
2018-03-06,8109,180996,12398223,68.5,69.8,68.0,69.3,0.9,70
2018-03-07,8109,60859,4231842,69.8,69.8,69.3,69.4,0.1,61
2018-03-08,8109,34414,2381640,69.4,69.4,68.9,68.9,-0.5,28
2018-03-09,8109,41161,2860309,69.3,69.7,69.3,69.5,0.6,44
2018-03-12,8109,47054,3269535,69.7,69.9,69.1,69.5,0.0,46
2018-03-13,8109,76342,5305498,69.8,69.8,69.3,69.3,-0.2,48
2018-03-14,8109,65475,4535227,69.1,69.6,68.8,69.5,0.2,55
2018-03-15,8109,23696,1643724,69.0,69.6,69.0,69.6,0.1,29
2018-03-16,8109,242893,17047862,69.9,70.7,69.5,69.8,0.2,123
2018-03-19,8109,65045,4552939,70.2,70.3,69.8,69.8,0.0,58
2018-03-20,8109,59800,4180960,69.8,70.0,69.6,70.0,0.2,41
2018-03-21,8109,147933,10403010,70.1,70.7,70.0,70.4,0.4,101
2018-03-22,8109,86100,6051739,70.9,71.0,69.7,69.8,-0.6,69
2018-03-23,8109,52395,3626731,69.2,69.3,69.0,69.3,-0.5,32
2018-03-26,8109,30264,2091583,69.2,69.3,69.0,69.1,-0.2,32
2018-03-27,8109,21406,1486553,69.1,69.6,69.1,69.6,0.5,24
2018-03-28,8109,74194,5203301,69.8,70.3,69.8,70.2,0.6,61
2018-03-29,8109,18119,1269370,70.0,70.2,69.8,70.0,-0.2,19
2018-03-30,8109,11729,819609,70.0,70.0,69.7,69.9,-0.1,16
2018-03-31,8109,37100,2595839,70.2,70.2,69.6,70.0,0.1,31
2018-04-02,8109,39695,2765339,69.4,69.9,69.3,69.5,-0.5,30
2018-04-03,8109,44050,3059450,69.5,69.7,69.3,69.4,-0.1,19
2018-04-09,8109,88146,6081274,69.4,69.4,68.9,68.9,-0.5,46
2018-04-10,8109,57100,3942100,69.2,69.3,69.0,69.0,0.1,27
2018-04-11,8109,42370,2934439,69.1,69.6,69.1,69.6,0.6,29
2018-04-12,8109,21500,1497149,69.7,69.8,69.6,69.6,0.0,18
2018-04-13,8109,119450,8391155,70.0,70.6,69.8,70.0,0.4,66
2018-04-16,8109,78500,5474699,70.0,70.2,69.1,70.2,0.2,53
2018-04-17,8109,83867,5883790,70.0,70.6,69.9,70.6,0.4,66
2018-04-18,8109,72309,5098889,70.6,70.6,70.3,70.6,0.0,65
2018-04-19,8109,30300,2132089,70.6,70.6,70.1,70.6,0.0,26
2018-04-20,8109,22140,1559754,70.6,70.6,70.3,70.6,0.0,18
2018-04-23,8109,104612,7359600,70.3,70.6,70.1,70.4,-0.2,61
2018-04-24,8109,64108,4519292,70.4,71.0,70.3,70.3,-0.1,50
2018-04-25,8109,55753,3915335,70.3,70.4,69.9,70.3,0.0,39
2018-04-26,8109,49000,3441200,70.0,70.5,69.9,70.4,0.1,31
2018-04-27,8109,36490,2567895,70.4,70.4,70.2,70.4,0.0,29
2018-04-30,8109,39500,2780949,70.7,70.7,70.1,70.4,0.0,36
2018-05-02,8109,58300,4112290,70.3,70.7,70.2,70.7,0.3,37
2018-05-03,8109,79008,5638359,73.0,73.1,70.6,70.6,-0.1,72
2018-05-04,8109,33772,2390948,70.8,71.0,70.5,70.9,0.3,33
2018-05-07,8109,27808,1968942,71.8,71.8,70.6,70.6,-0.3,26
2018-05-08,8109,59030,4186017,70.5,71.1,70.5,70.9,0.3,38
2018-05-09,8109,182478,12921833,70.7,71.5,70.6,71.5,0.6,95
2018-05-10,8109,81598,5814118,71.4,71.4,71.0,71.0,-0.5,35
2018-05-11,8109,81377,5814367,72.2,72.2,71.2,71.3,0.3,49
2018-05-14,8109,65500,4677200,71.5,71.8,71.1,71.5,0.2,47
2018-05-15,8109,36798,2626458,71.5,71.5,71.3,71.3,-0.2,27
2018-05-16,8109,43600,3110500,71.3,71.5,71.3,71.3,0.0,37
2018-05-17,8109,24000,1706500,71.3,71.3,71.0,71.1,-0.2,17
2018-05-18,8109,26300,1871509,71.3,71.3,71.1,71.2,0.1,16
2018-05-21,8109,51050,3644264,71.9,71.9,71.2,71.3,0.1,38
2018-05-22,8109,33542,2394897,71.3,71.5,71.3,71.4,0.1,24
2018-05-23,8109,58584,4165888,71.1,71.2,71.0,71.2,-0.2,26
2018-05-24,8109,43572,3099512,71.2,71.3,71.0,71.2,0.0,17
2018-05-25,8109,28041,1993402,71.2,71.3,71.0,71.1,-0.1,16
2018-05-28,8109,19999,1424927,71.1,71.4,71.1,71.2,0.1,23
2018-05-29,8109,34384,2455440,71.3,72.0,71.2,71.6,0.4,23
2018-05-30,8109,49139,3506009,71.3,71.5,71.2,71.3,-0.3,21
2018-05-31,8109,41400,2956978,71.5,71.5,71.3,71.5,0.2,27
2018-06-01,8109,14099,1013378,71.5,72.0,71.5,72.0,0.5,14
2018-06-04,8109,145307,10602011,72.2,73.9,72.2,73.6,1.6,93
2018-06-05,8109,158769,11787650,74.8,74.8,73.6,74.0,0.4,98
2018-06-06,8109,61398,4518671,74.5,74.5,73.0,73.2,-0.8,51
2018-06-07,8109,30500,2220100,73.2,73.2,72.5,72.8,-0.4,32
2018-06-08,8109,27363,1993981,72.8,73.0,72.8,72.9,0.1,20
2018-06-11,8109,222392,16253532,72.9,74.0,72.4,73.9,1.0,65
2018-06-12,8109,69500,5120949,74.0,74.0,73.4,73.7,-0.2,51
2018-06-13,8109,312350,23378300,74.6,75.5,74.1,74.1,0.4,173
2018-06-14,8109,46555,3442303,74.5,74.5,73.2,74.2,0.1,38
2018-06-15,8109,42001,3119674,73.9,74.5,73.9,74.2,0.0,40
2018-06-19,8109,31333,2326373,74.2,74.4,74.2,74.2,0.0,25
2018-06-20,8109,36800,2713439,74.0,74.0,73.5,73.9,-0.3,33
2018-06-21,8109,54298,4010819,73.5,74.3,73.5,73.9,0.0,34
2018-06-22,8109,23480,1736260,73.9,74.0,73.9,73.9,0.0,20
2018-06-25,8109,55281,4080950,73.9,74.0,73.6,73.7,-0.2,42
2018-06-26,8109,211243,15496958,73.1,73.8,73.0,73.8,0.1,129
2018-06-27,8109,102491,7212416,70.2,70.9,70.2,70.4,0.0,87
2018-06-28,8109,57000,4032400,70.5,71.2,70.5,70.5,0.1,37
2018-06-29,8109,15424,1087592,70.5,70.7,70.2,70.5,0.0,19
2018-07-02,8109,73916,5178920,71.2,71.2,69.8,69.8,-0.7,55
2018-07-03,8109,57169,4000913,69.9,70.2,69.8,70.1,0.3,54
2018-07-04,8109,282004,19899680,70.8,71.0,70.1,70.2,0.1,109
2018-07-05,8109,42417,2976771,70.2,70.6,69.9,70.0,-0.2,38
2018-07-06,8109,92348,6401514,69.8,69.8,69.2,69.2,-0.8,67
2018-07-09,8109,84249,5844781,69.6,69.9,69.0,69.5,0.3,64
2018-07-10,8109,12840,896948,69.7,70.0,69.7,70.0,0.5,19
2018-07-11,8109,57120,4036971,70.4,71.0,70.0,71.0,1.0,50
2018-07-12,8109,406967,29940391,72.8,75.0,72.1,73.3,2.3,278
2018-07-13,8109,253103,18795142,74.0,74.6,74.0,74.5,1.2,159
2018-07-16,8109,76985,5702202,74.5,74.9,73.1,73.7,-0.8,71
2018-07-17,8109,29900,2184000,73.7,73.7,72.7,73.3,-0.4,33
2018-07-18,8109,46155,3377867,72.9,73.9,72.5,72.9,-0.4,37
2018-07-19,8109,93245,6761085,73.0,73.3,72.1,72.7,-0.2,61
2018-07-20,8109,68605,4946317,72.0,72.5,71.6,72.1,-0.6,41
2018-07-23,8109,14500,1043299,72.1,72.2,71.8,71.8,-0.3,14
2018-07-24,8109,35206,2529090,71.8,72.2,71.8,71.9,0.1,22
2018-07-25,8109,29041,2095652,71.9,72.6,71.9,72.2,0.3,16
2018-07-26,8109,11500,830550,72.1,72.5,72.0,72.5,0.3,13
2018-07-27,8109,11138,812874,73.0,73.0,72.9,73.0,0.5,11
2018-07-30,8109,25200,1828758,73.0,73.0,72.1,72.8,-0.2,22
2018-07-31,8109,28206,2038035,72.6,72.6,72.0,72.5,-0.3,20
2018-08-01,8109,53300,3831849,72.5,72.5,71.5,71.5,-1.0,40
2018-08-02,8109,91776,6546696,71.5,72.0,71.0,71.1,-0.4,73
2018-08-03,8109,94824,6905387,71.7,73.3,71.7,73.0,1.9,63
2018-08-06,8109,56232,4111936,73.9,73.9,72.6,73.2,0.2,41
2018-08-07,8109,22791,1668943,73.1,73.3,73.0,73.1,-0.1,22
2018-08-08,8109,48194,3525941,73.1,73.5,72.6,72.8,-0.3,40
2018-08-09,8109,41312,3030476,73.1,73.6,73.1,73.3,0.5,33
2018-08-10,8109,136855,10044942,73.9,74.0,72.8,73.3,0.0,93
2018-08-13,8109,84954,6192742,73.8,73.8,72.3,73.0,-0.3,77
2018-08-14,8109,64000,4649199,72.8,73.0,72.5,72.6,-0.4,46
2018-08-15,8109,51600,3741000,72.6,72.7,72.3,72.3,-0.3,47
2018-08-16,8109,110300,7936050,72.3,72.3,71.1,72.3,0.0,37
2018-08-17,8109,54311,3950603,73.2,73.2,72.5,72.6,0.3,29
2018-08-20,8109,34500,2506299,73.0,73.0,72.4,72.4,-0.2,35
2018-08-21,8109,52100,3754940,73.0,73.0,72.0,72.0,-0.4,41
2018-08-22,8109,36020,2594240,72.0,72.3,72.0,72.0,0.0,23
2018-08-23,8109,11000,799100,72.7,72.9,72.2,72.2,0.2,10
2018-08-24,8109,47050,3382000,71.9,72.1,71.7,71.7,-0.5,30
2018-08-27,8109,90320,6541068,72.4,72.7,72.2,72.3,0.6,27
2018-08-28,8109,58194,4228684,72.6,73.0,72.6,72.6,0.3,28
2018-08-29,8109,134500,9880649,73.4,73.9,73.2,73.3,0.7,75
2018-08-30,8109,36900,2719249,73.6,73.9,73.4,73.8,0.5,40
2018-08-31,8109,58758,4365167,74.0,74.5,73.9,74.2,0.4,49
2018-09-03,8109,29046,2162111,74.4,74.8,74.2,74.2,0.0,36
2018-09-04,8109,34158,2538419,74.3,74.6,74.2,74.2,0.0,38
2018-09-05,8109,1030954,81853552,75.0,81.4,75.0,79.5,5.3,800
2018-09-06,8109,496157,39934018,79.4,82.9,78.5,78.7,-0.8,450
2018-09-07,8109,330757,25664281,78.7,79.5,76.5,76.6,-2.1,260
2018-09-10,8109,163101,12380464,76.7,77.1,75.2,76.0,-0.6,135
2018-09-11,8109,63346,4826569,76.0,76.8,76.0,76.6,0.6,52
2018-09-12,8109,118700,9234720,76.6,78.8,76.0,78.6,2.0,94
2018-09-13,8109,475500,38170700,79.9,81.6,79.2,79.2,0.6,360
2018-09-14,8109,91233,7217674,80.0,80.5,78.2,79.5,0.3,96
2018-09-17,8109,72665,5714368,79.7,79.7,78.4,78.7,-0.8,66
2018-09-18,8109,58316,4572137,78.6,79.2,78.0,78.6,-0.1,51
2018-09-19,8109,62270,4931495,79.3,79.4,78.6,78.7,0.1,55
2018-09-20,8109,63200,4911878,78.7,78.7,77.0,77.9,-0.8,54
2018-09-21,8109,34120,2650335,77.5,77.9,77.4,77.8,-0.1,30
2018-09-25,8109,27003,2102431,77.8,78.0,77.7,77.8,0.0,30
2018-09-26,8109,69600,5475200,78.2,79.5,78.0,78.0,0.2,62
2018-09-27,8109,23154,1803479,77.8,78.7,77.7,77.8,-0.2,27
2018-09-28,8109,44500,3472900,78.0,78.3,78.0,78.3,0.5,31
2018-10-01,8109,32900,2608080,78.3,79.7,78.3,79.7,1.4,38
2018-10-02,8109,150100,12053700,80.0,80.8,79.6,80.2,0.5,115
2018-10-03,8109,106104,8339280,80.1,80.1,77.8,77.8,-2.4,86
2018-10-04,8109,58400,4495459,77.6,77.8,76.5,77.0,-0.8,56
2018-10-05,8109,83997,6417968,76.7,76.7,76.0,76.6,-0.4,69
2018-10-08,8109,100500,7615999,75.9,76.3,75.2,75.8,-0.8,65
2018-10-09,8109,52198,3943369,75.8,75.8,75.4,75.6,-0.2,37
2018-10-11,8109,183140,13260289,73.7,73.9,70.5,73.0,-2.6,133
2018-10-12,8109,71159,5204138,72.8,74.2,72.5,73.8,0.8,58
2018-10-15,8109,26002,1918946,73.5,74.5,73.4,74.2,0.4,25
2018-10-16,8109,71370,5288214,74.0,74.3,73.9,74.1,-0.1,51
2018-10-17,8109,66200,4889039,74.1,74.5,73.3,73.9,-0.2,46
2018-10-18,8109,19500,1445150,74.0,74.9,73.5,74.0,0.1,21
2018-10-19,8109,40900,3018388,73.4,74.0,73.4,74.0,0.0,28
2018-10-22,8109,5568,414032,74.5,74.5,74.0,74.0,0.0,8
2018-10-23,8109,32160,2368560,74.5,74.5,73.4,73.4,-0.6,25
2018-10-24,8109,21465,1573977,73.3,73.4,73.3,73.4,0.0,16
2018-10-25,8109,91300,6551189,71.5,72.4,71.5,71.6,-1.8,65
2018-10-26,8109,89000,6373700,71.7,71.8,71.1,71.6,0.0,61
2018-10-29,8109,25632,1830014,71.6,71.6,71.2,71.6,0.0,23
2018-10-30,8109,57100,4044060,71.2,71.2,70.5,70.9,-0.7,33
2018-10-31,8109,16100,1153919,70.8,72.4,70.8,72.2,1.3,14
2018-11-01,8109,42253,3076969,72.6,73.3,72.5,73.0,0.8,26
2018-11-02,8109,30394,2219835,73.1,73.1,73.0,73.0,0.0,19
2018-11-05,8109,9200,672560,73.0,73.4,73.0,73.4,0.4,10
2018-11-06,8109,10000,735800,73.5,73.9,73.1,73.1,-0.3,9
2018-11-07,8109,21100,1552480,73.5,73.9,73.4,73.5,0.4,22
2018-11-08,8109,17480,1289475,73.6,74.0,73.6,73.7,0.2,18
2018-11-09,8109,9350,692100,73.8,74.3,73.8,73.8,0.1,9
2018-11-12,8109,16252,1205774,74.2,74.2,74.0,74.2,0.4,12
2018-11-13,8109,36100,2680379,74.2,74.8,73.8,74.6,0.4,26
2018-11-14,8109,40000,3002100,75.0,75.5,74.5,75.5,0.9,24
2018-11-15,8109,35600,2705960,75.5,76.2,75.5,76.2,0.7,17
2018-11-16,8109,14105,1075767,76.5,76.5,76.1,76.4,0.2,17
2018-11-19,8109,15152,1144115,76.0,76.0,75.0,75.2,-1.2,15
2018-11-20,8109,5000,374100,75.0,75.0,74.6,74.8,-0.4,5
2018-11-21,8109,5300,395189,74.8,74.8,74.3,74.3,-0.5,9
2018-11-22,8109,29700,2197539,74.0,74.1,73.7,73.7,-0.6,27
2018-11-23,8109,7300,538520,73.7,74.0,73.7,74.0,0.3,6
2018-11-26,8109,14110,1042750,74.0,75.4,73.5,74.0,0.0,17
2018-11-27,8109,4040,299476,73.9,74.6,73.9,74.6,0.6,5
2018-11-28,8109,31100,2322720,74.6,75.1,74.4,74.7,0.1,23
2018-11-29,8109,22271,1667225,75.0,75.0,74.7,74.7,0.0,21
2018-11-30,8109,16000,1194700,74.7,74.9,74.5,74.6,-0.1,15
2018-12-03,8109,55400,4148840,74.3,75.2,74.3,74.9,0.3,46
2018-12-04,8109,26113,1970676,75.6,75.6,75.1,75.5,0.6,18
2018-12-05,8109,12000,899900,75.0,75.0,74.9,74.9,-0.6,11
2018-12-06,8109,42060,3110864,74.9,74.9,73.6,73.7,-1.2,32
2018-12-07,8109,5400,399599,74.0,74.1,74.0,74.1,0.4,8
2018-12-10,8109,18202,1346648,73.9,74.0,73.9,74.0,-0.1,18
2018-12-11,8109,12050,893910,74.0,74.5,74.0,74.2,0.2,11
2018-12-12,8109,11000,819100,74.5,74.5,74.3,74.5,0.3,7
2018-12-13,8109,39338,2985888,75.5,76.2,75.5,76.2,1.7,44
2018-12-14,8109,99410,7737210,77.5,78.9,77.2,77.2,1.0,91
2018-12-17,8109,15000,1148700,77.0,77.0,76.2,76.5,-0.7,14
2018-12-18,8109,16013,1211675,76.4,76.4,75.4,75.4,-1.1,15
2018-12-19,8109,16637,1256802,75.5,75.9,75.5,75.8,0.4,14
2018-12-20,8109,23625,1780500,75.5,75.5,75.0,75.0,-0.8,18
2018-12-21,8109,12350,927515,75.0,75.5,75.0,75.4,0.4,14
2018-12-22,8109,11142,842135,76.0,76.0,75.5,75.5,0.1,13
2018-12-24,8109,7138,536012,75.5,75.5,75.1,75.5,0.0,11
2018-12-25,8109,12100,908830,75.5,75.5,75.0,75.0,-0.5,11
2018-12-26,8109,20198,1514010,75.0,75.4,74.6,75.4,0.4,14
2018-12-27,8109,10456,788173,75.4,75.6,75.1,75.6,0.2,11
2018-12-28,8109,36100,2737809,76.0,76.0,75.5,75.7,0.1,29
2019-01-02,8109,33133,2508094,76.0,76.1,75.3,76.1,0.4,25
2019-01-03,8109,20211,1534672,76.4,76.4,75.2,75.9,-0.2,18
2019-01-04,8109,74510,5527741,75.3,75.9,73.6,74.8,-1.1,63
2019-01-07,8109,40694,3053032,75.0,75.3,74.9,75.0,0.2,41
2019-01-08,8109,19124,1439800,75.2,75.5,75.2,75.5,0.5,14
2019-01-09,8109,16000,1216100,75.9,76.2,75.7,76.0,0.5,15
2019-01-10,8109,20328,1551462,76.0,76.7,76.0,76.4,0.4,18
2019-01-11,8109,37500,2883350,76.6,77.1,76.6,77.0,0.6,29
2019-01-14,8109,168300,13322400,77.5,80.0,77.5,78.3,1.3,145
2019-01-15,8109,41200,3242179,79.7,79.7,78.4,78.4,0.1,37
2019-01-16,8109,26200,2059279,78.3,79.0,78.3,78.5,0.1,19
2019-01-17,8109,48005,3797492,79.0,79.6,78.5,78.8,0.3,40
2019-01-18,8109,61580,4867230,78.8,79.5,78.5,79.0,0.2,45
2019-01-21,8109,107125,8559637,79.0,80.0,79.0,79.9,0.9,82
2019-01-22,8109,56144,4486990,79.8,80.2,79.3,79.6,-0.3,48
2019-01-23,8109,20212,1608411,79.6,79.6,79.4,79.5,-0.1,19
2019-01-24,8109,16300,1294329,79.6,79.6,79.1,79.4,-0.1,15
2019-01-25,8109,40019,3191601,79.6,80.0,79.6,79.6,0.2,33
2019-01-28,8109,52970,4209033,79.9,79.9,79.1,79.5,-0.1,35
2019-01-29,8109,28400,2250100,79.5,79.5,79.1,79.2,-0.3,26
2019-01-30,8109,39520,3142532,79.8,79.8,79.5,79.6,0.4,25
2019-02-11,8109,50700,4040317,79.6,80.0,79.5,79.6,0.0,42
2019-02-12,8109,45511,3654280,79.6,80.6,79.6,80.4,0.8,43
2019-02-13,8109,23860,1917970,80.5,80.5,80.2,80.4,0.0,27
2019-02-14,8109,70088,5651675,80.6,81.1,80.4,80.8,0.4,53
2019-02-15,8109,69267,5590372,80.8,81.0,80.1,81.0,0.2,50
2019-02-18,8109,167852,13784289,81.5,82.6,81.5,81.9,0.9,113
2019-02-19,8109,54412,4455901,81.9,82.2,81.7,81.9,0.0,37
2019-02-20,8109,183450,15216677,83.7,83.7,82.1,82.5,0.6,165
2019-02-21,8109,79430,6597113,82.6,83.3,82.6,83.1,0.6,79
2019-02-22,8109,20470,1696327,83.2,83.2,82.6,83.0,-0.1,25
2019-02-25,8109,44852,3724944,83.4,83.5,82.7,83.0,0.0,44
2019-02-26,8109,80268,6666788,83.1,83.6,82.5,82.5,-0.5,65
2019-02-27,8109,41800,3442119,83.2,83.2,82.0,82.4,-0.1,34
2019-03-04,8109,75474,6198470,82.2,82.4,81.9,82.3,-0.1,51
2019-03-05,8109,26650,2193524,82.3,82.5,82.2,82.5,0.2,25
2019-03-06,8109,218977,18472752,83.0,84.8,83.0,84.8,2.3,173
2019-03-07,8109,133700,11382140,85.5,85.9,84.1,84.1,-0.7,109
2019-03-08,8109,22332,1880954,84.0,84.5,84.0,84.5,0.4,24
2019-03-11,8109,157429,13568506,85.8,86.8,85.1,86.8,2.3,125
2019-03-12,8109,114325,9987615,87.9,88.0,86.7,86.9,0.1,83
2019-03-13,8109,47683,4156379,87.3,87.5,87.0,87.1,0.2,42
2019-03-14,8109,163120,14441760,87.8,89.4,87.6,88.2,1.1,116
2019-03-15,8109,71250,6269475,88.3,88.6,87.5,87.6,-0.6,63
2019-03-18,8109,36800,3224080,87.4,87.8,87.4,87.7,0.1,42
2019-03-19,8109,22275,1958180,87.9,88.3,87.6,88.3,0.6,27
2019-03-20,8109,19277,1695618,88.4,88.4,87.8,87.8,-0.5,25
2019-03-21,8109,45810,4027956,88.0,88.1,87.8,87.9,0.1,35
2019-03-22,8109,74300,6488300,88.2,88.2,87.0,87.7,-0.2,53
2019-03-25,8109,324727,29246757,88.4,91.4,88.2,91.4,3.7,278
2019-03-26,8109,177339,16165182,91.5,92.1,90.0,91.9,0.5,148
2019-03-27,8109,47074,4306138,91.9,92.0,90.9,91.2,-0.7,56
2019-03-28,8109,129723,12000719,91.2,93.9,90.6,93.0,1.8,108
2019-03-29,8109,157542,14851048,94.0,94.9,93.2,94.5,1.5,120
2019-04-01,8109,135772,12752957,94.6,94.7,93.2,94.2,-0.3,93
2019-04-02,8109,89314,8393652,94.5,95.0,93.5,93.8,-0.4,72
2019-04-03,8109,186518,17729661,94.2,95.9,93.8,95.3,1.5,134
2019-04-08,8109,82014,7819227,95.4,95.8,95.0,95.1,-0.2,69
2019-04-09,8109,124178,11857351,95.2,96.0,94.8,95.8,0.7,86
2019-04-10,8109,214042,20945245,95.8,99.2,95.2,98.9,3.1,180
2019-04-11,8109,364118,36864184,99.5,105.0,99.3,100.0,1.1,280
2019-04-12,8109,84899,8469401,100.0,100.0,99.2,99.3,-0.7,79
2019-04-15,8109,161579,16246200,100.0,101.5,99.8,100.0,0.7,132
2019-04-16,8109,246541,24141808,100.0,100.0,96.9,97.8,-2.2,203
2019-04-17,8109,251323,24163199,98.3,98.3,94.4,96.3,-1.5,237
2019-04-18,8109,186520,17714644,96.7,96.7,94.0,94.0,-2.3,159
2019-04-19,8109,123127,11654437,94.0,95.7,94.0,94.6,0.6,109
2019-04-22,8109,71427,6816361,94.7,96.0,94.7,95.7,1.1,65
2019-04-23,8109,150612,14674016,96.0,98.4,95.7,98.4,2.7,125
2019-04-24,8109,310692,30984900,98.9,101.0,98.3,100.5,2.1,268
2019-04-25,8109,164868,16483500,100.5,101.0,99.0,100.5,0.0,139
2019-04-26,8109,303369,30699400,100.0,103.0,99.6,100.0,-0.5,217
2019-04-29,8109,106515,10653695,100.0,101.0,99.5,99.8,-0.2,90
2019-04-30,8109,117579,11848758,100.0,102.5,99.0,102.5,2.7,94
2019-05-02,8109,325385,33551385,103.5,106.5,101.5,102.0,-0.5,249
2019-05-03,8109,80078,8160034,103.0,103.0,101.0,102.0,0.0,80
2019-05-06,8109,151708,15132400,101.0,101.0,99.0,99.8,-2.2,118
2019-05-07,8109,68300,6861900,100.0,101.5,99.7,101.0,1.2,60
2019-05-08,8109,128125,12686536,100.0,100.0,98.5,99.1,-1.9,101
2019-05-09,8109,225400,21855057,99.1,99.1,95.0,95.5,-3.6,184
2019-05-10,8109,114657,11035634,96.0,97.0,95.6,96.0,0.5,112
2019-05-13,8109,126521,11949533,96.0,96.5,93.1,94.3,-1.7,114
2019-05-14,8109,160950,15071377,92.1,96.4,91.9,96.4,2.1,148
2019-05-15,8109,132472,12829156,96.8,97.1,96.5,97.0,0.6,81
2019-05-16,8109,114800,10962938,97.3,97.3,94.8,94.8,-2.2,110
2019-05-17,8109,223200,20787300,96.0,96.0,92.2,92.5,-2.3,200
2019-05-20,8109,86001,7958593,93.0,93.0,92.0,92.4,-0.1,66
2019-05-21,8109,71600,6672799,92.4,93.9,92.4,93.2,0.8,56
2019-05-22,8109,77310,7328267,93.9,95.8,93.9,95.5,2.3,54
2019-05-23,8109,47200,4466139,94.6,95.0,94.2,94.5,-1.0,49
2019-05-24,8109,40700,3869100,94.5,95.5,94.5,94.7,0.2,40
2019-05-27,8109,23000,2180600,95.0,95.2,94.5,94.9,0.2,19
2019-05-28,8109,43050,4096905,94.9,95.9,94.9,95.0,0.1,35
2019-05-29,8109,126468,12135996,95.0,97.0,95.0,97.0,2.0,96
2019-05-30,8109,178910,17079077,96.0,96.1,94.7,95.0,-2.0,123
2019-05-31,8109,74208,7135917,95.9,96.8,95.9,96.5,1.5,62
2019-06-03,8109,112150,10670419,96.5,96.5,94.8,95.0,-1.5,86
2019-06-04,8109,72465,6851895,95.6,95.9,94.0,94.5,-0.5,65
2019-06-05,8109,166860,15564408,94.3,94.4,92.4,92.4,-2.1,145
2019-06-06,8109,305649,27401210,92.4,92.4,88.8,89.0,-3.4,232
2019-06-10,8109,131759,11812410,89.0,90.1,89.0,89.5,0.5,111
2019-06-11,8109,159000,14181800,89.6,89.7,88.6,89.0,-0.5,116
2019-06-12,8109,101001,9014491,89.0,90.0,88.9,90.0,1.0,73
2019-06-13,8109,167300,15214890,90.6,92.3,90.0,90.2,0.2,124
2019-06-14,8109,85010,7640723,90.2,90.2,89.7,89.8,-0.4,65
2019-06-17,8109,55084,4975410,89.7,90.7,89.7,90.1,0.3,42
2019-06-18,8109,26635,2406066,90.1,90.9,90.1,90.1,0.0,23
2019-06-19,8109,140100,12680900,90.5,90.9,90.0,90.8,0.7,97
2019-06-20,8109,124900,11363418,91.0,91.5,90.3,90.8,0.0,68
2019-06-21,8109,83317,7599047,91.1,91.4,91.1,91.2,0.4,73
2019-06-24,8109,38222,3492589,91.0,91.7,91.0,91.7,0.5,34
2019-06-25,8109,41160,3764020,91.7,91.7,91.2,91.2,-0.5,35
2019-06-26,8109,59659,5452358,90.8,91.9,90.8,91.9,0.7,51
2019-06-27,8109,56332,5187043,92.2,92.4,91.8,92.1,0.2,46
2019-06-28,8109,65120,6000963,92.2,92.9,91.9,92.9,0.8,50
2019-07-01,8109,123550,11570970,93.3,94.0,93.3,93.4,0.5,105
2019-07-02,8109,94396,8880063,93.8,94.4,93.8,94.0,0.6,76
2019-07-03,8109,207161,19142312,94.1,94.1,91.8,91.9,-2.1,147
2019-07-04,8109,41002,3781485,92.4,92.9,91.8,92.6,0.7,32
2019-07-05,8109,20107,1858551,92.2,92.9,92.2,92.7,0.1,20
2019-07-08,8109,43935,4084129,93.0,93.1,92.7,93.0,0.3,41
2019-07-09,8109,39422,3657846,93.1,93.1,92.6,92.8,-0.2,33
2019-07-10,8109,52894,4914670,92.8,93.1,92.6,92.9,0.1,50
2019-07-11,8109,198080,18192676,92.4,92.4,91.4,91.4,-1.5,162
2019-07-12,8109,59390,5442680,91.4,92.0,91.4,91.9,0.5,49
2019-07-15,8109,125262,11446167,91.9,92.0,90.8,90.8,-1.1,111
2019-07-16,8109,70100,6419500,91.1,91.9,91.1,91.5,0.7,69
2019-07-17,8109,30000,2754700,92.0,92.0,91.5,92.0,0.5,26
2019-07-18,8109,57300,5251300,92.0,92.0,91.4,91.8,-0.2,46
2019-07-19,8109,64400,5935179,92.2,92.8,91.8,92.2,0.4,52
2019-07-22,8109,98360,9102335,92.6,92.9,92.2,92.8,0.6,70
2019-07-23,8109,72339,6747494,93.2,93.5,93.0,93.5,0.7,63
2019-07-24,8109,179257,16906607,94.1,95.0,94.0,94.2,0.7,136
2019-07-25,8109,402994,38566914,94.3,97.5,94.3,97.5,3.3,348
2019-07-26,8109,526256,45061872,84.9,87.0,84.0,87.0,0.0,473
2019-07-29,8109,171400,14822180,87.1,87.1,86.1,86.1,-0.9,127
2019-07-30,8109,240392,20182928,86.0,86.0,82.2,83.2,-2.9,195
2019-07-31,8109,62400,5202560,83.9,83.9,83.2,83.2,0.0,57
2019-08-01,8109,95050,7823670,83.0,83.0,81.8,82.6,-0.6,76
2019-08-02,8109,70500,5782499,82.4,82.6,81.6,82.6,0.0,60
2019-08-05,8109,75801,6225301,81.9,82.6,81.4,82.3,-0.3,70
2019-08-06,8109,36337,2969471,81.5,82.5,81.0,82.1,-0.2,37
2019-08-07,8109,47100,3889000,82.2,83.0,82.1,82.3,0.2,40
2019-08-08,8109,41454,3432308,82.7,83.5,82.2,83.4,1.1,43
2019-08-12,8109,27390,2291025,83.4,83.6,83.3,83.3,-0.1,29
2019-08-13,8109,32367,2685849,82.9,83.3,82.5,82.7,-0.6,38
2019-08-14,8109,50100,4142800,83.2,83.2,82.5,82.6,-0.1,38
2019-08-15,8109,47318,3869670,82.4,82.4,81.5,81.8,-0.8,44
2019-08-16,8109,15000,1236200,82.9,82.9,82.2,82.2,0.4,14
2019-08-19,8109,117090,9701870,82.8,83.9,81.0,81.8,-0.4,78
2019-08-20,8109,22742,1862344,81.3,82.6,81.3,82.4,0.6,30
2019-08-21,8109,30294,2495555,82.4,82.4,82.3,82.3,-0.1,27
2019-08-22,8109,41784,3424452,82.3,82.3,81.7,81.7,-0.6,39
2019-08-23,8109,23100,1890200,81.7,82.0,81.7,81.8,0.1,22
2019-08-26,8109,72790,5909527,81.0,81.4,80.3,81.2,-0.6,64
2019-08-27,8109,35010,2841316,80.8,81.5,80.8,81.2,0.0,32
2019-08-28,8109,50600,4096380,81.1,81.1,80.8,80.8,-0.4,45
2019-08-29,8109,30000,2439400,81.1,81.5,81.0,81.5,0.7,28
2019-08-30,8109,32300,2641600,81.6,82.0,81.5,81.9,0.4,34
2019-09-02,8109,22002,1797367,81.2,81.8,81.2,81.8,-0.1,20
2019-09-03,8109,93250,7571550,82.1,82.1,81.0,81.2,-0.6,66
2019-09-04,8109,169100,13660850,81.0,81.3,80.4,80.7,-0.5,135
2019-09-05,8109,20523,1671928,81.1,81.6,81.1,81.5,0.8,22
2019-09-06,8109,49320,4000120,81.2,81.5,80.7,81.0,-0.5,110
2019-09-09,8109,30929,2499657,80.9,81.0,80.7,80.7,-0.3,77
2019-09-10,8109,77558,6249918,80.6,80.8,80.4,80.4,-0.3,82
2019-09-11,8109,67708,5484188,80.6,81.4,80.6,81.2,0.8,67
2019-09-12,8109,130690,10580150,81.6,81.7,80.6,80.7,-0.5,101
2019-09-16,8109,45514,3683734,80.8,81.4,80.7,80.7,0.0,52
2019-09-17,8109,154373,12427024,80.8,80.9,80.0,80.2,-0.5,115
2019-09-18,8109,85835,6892646,80.2,80.7,80.0,80.1,-0.1,86
2019-09-19,8109,79131,6370458,80.7,81.0,80.0,80.3,0.2,71
2019-09-20,8109,74999,6032818,80.4,80.7,80.3,80.4,0.1,64
2019-09-23,8109,110877,8854996,80.1,80.6,79.2,80.1,-0.3,81
2019-09-24,8109,120915,9657054,80.0,80.3,79.5,80.3,0.2,98
2019-09-25,8109,45700,3641470,80.3,80.3,79.5,79.6,-0.7,47
2019-09-26,8109,48980,3905600,80.0,80.0,79.6,79.6,0.0,43
2019-09-27,8109,72802,5761138,79.6,79.9,78.6,79.0,-0.6,57
2019-10-01,8109,89926,7071654,79.0,79.2,78.3,78.6,-0.4,87
2019-10-02,8109,171071,13276038,78.2,78.2,77.3,77.6,-1.0,153
2019-10-03,8109,76865,5928437,76.6,77.4,76.6,77.3,-0.3,67
2019-10-04,8109,24910,1931280,77.7,78.0,77.3,77.5,0.2,29
2019-10-07,8109,85960,6624503,78.0,78.0,76.7,76.8,-0.7,82
2019-10-08,8109,152205,11590142,76.5,76.7,75.9,75.9,-0.9,126
2019-10-09,8109,96900,7345719,75.9,76.0,75.5,75.6,-0.3,72
2019-10-14,8109,74364,5675405,76.0,77.0,75.5,76.4,0.8,65
2019-10-15,8109,146200,11324300,76.6,78.2,76.5,78.0,1.6,110
2019-10-16,8109,284561,22570006,78.8,79.9,78.2,79.7,1.7,201
2019-10-17,8109,216475,17240800,79.7,80.1,79.3,79.4,-0.3,74
2019-10-18,8109,92016,7223280,79.3,79.3,78.0,78.1,-1.3,76
2019-10-21,8109,76354,5949158,78.0,78.4,77.7,77.8,-0.3,64
2019-10-22,8109,96141,7498981,77.8,78.4,77.7,77.7,-0.1,47
2019-10-23,8109,89475,6888107,77.6,77.6,76.8,77.0,-0.7,77
2019-10-24,8109,115100,8823200,77.1,77.1,76.4,76.6,-0.4,105
2019-10-25,8109,87210,6687770,76.6,77.0,76.5,76.7,0.1,67
2019-10-28,8109,59900,4619968,77.8,77.8,76.7,77.1,0.4,56
2019-10-29,8109,78390,6039346,77.0,77.5,76.9,76.9,-0.2,54
2019-10-30,8109,47500,3662548,76.9,77.5,76.7,77.1,0.2,42
2019-10-31,8109,56475,4364609,77.4,77.6,77.0,77.5,0.4,64
2019-11-01,8109,71465,5546070,77.3,77.9,77.3,77.8,0.3,52
2019-11-04,8109,152155,11884474,77.9,79.0,77.7,77.9,0.1,93
2019-11-05,8109,593232,44984532,77.8,77.8,75.0,75.6,-2.3,424
2019-11-06,8109,210810,15744987,75.0,75.0,74.4,75.0,-0.6,186
2019-11-07,8109,108281,8083058,75.0,75.0,74.5,74.8,-0.2,84
2019-11-08,8109,82200,6119560,75.0,75.0,74.2,74.4,-0.4,62
2019-11-11,8109,151900,11238500,74.4,74.5,73.7,73.7,-0.7,123
2019-11-12,8109,55149,4077044,73.7,74.6,73.5,74.2,0.5,56
2019-11-13,8109,220930,16200720,74.0,74.0,73.0,73.6,-0.6,163
2019-11-14,8109,45937,3393838,73.6,74.0,73.6,73.7,0.1,48
2019-11-15,8109,77464,5717836,73.8,73.9,73.7,73.8,0.1,68
2019-11-18,8109,46620,3473900,73.9,74.7,73.9,74.7,0.9,47
2019-11-19,8109,57622,4300350,74.5,75.0,74.5,74.6,-0.1,41
2019-11-20,8109,29771,2215816,74.5,74.5,74.3,74.3,-0.3,35
2019-11-21,8109,32029,2376957,74.3,74.3,74.0,74.3,0.0,28
2019-11-22,8109,35964,2675517,74.0,74.5,74.0,74.5,0.2,39
2019-11-25,8109,57050,4235424,74.6,74.6,74.0,74.1,-0.4,46
2019-11-26,8109,51297,3798678,74.1,74.2,74.0,74.0,-0.1,49
2019-11-27,8109,31521,2336513,74.0,74.3,74.0,74.1,0.1,27
2019-11-28,8109,39193,2904797,74.1,74.2,74.0,74.2,0.1,31
2019-11-29,8109,12971,962741,74.2,74.3,74.1,74.1,-0.1,21
2019-12-02,8109,48020,3549371,74.1,74.1,73.6,73.7,-0.4,38
2019-12-03,8109,32286,2376064,73.5,73.7,73.5,73.6,-0.1,25
2019-12-04,8109,283986,20559782,73.5,73.6,71.6,72.1,-1.5,223
2019-12-05,8109,80010,5745920,72.1,72.1,71.7,71.9,-0.2,71
2019-12-06,8109,24340,1748380,71.6,72.0,71.6,71.9,0.0,28
2019-12-09,8109,44844,3239902,72.0,72.5,72.0,72.4,0.5,54
2019-12-10,8109,22210,1616935,72.4,73.0,72.4,73.0,0.6,23
2019-12-11,8109,61115,4481951,73.6,73.6,72.9,73.4,0.4,58
2019-12-12,8109,81500,6031100,73.4,74.6,73.4,73.8,0.4,82
2019-12-13,8109,56202,4146448,73.9,73.9,73.3,73.7,-0.1,48
2019-12-16,8109,40966,3027173,73.5,74.2,73.5,74.2,0.5,41
2019-12-17,8109,51217,3791001,74.0,74.2,73.9,73.9,-0.3,32
2019-12-18,8109,25050,1853405,74.2,74.3,73.9,74.1,0.2,25
2019-12-19,8109,35700,2661800,74.3,74.9,74.3,74.5,0.4,34
2019-12-20,8109,28943,2147863,74.2,74.5,74.0,74.5,0.0,36
2019-12-23,8109,45172,3392766,74.5,75.3,74.5,75.2,0.7,52
2019-12-24,8109,15021,1129161,75.2,75.2,75.1,75.1,-0.1,13
2019-12-25,8109,24300,1816778,75.1,75.1,74.6,74.7,-0.4,29
2019-12-26,8109,20597,1536515,74.7,74.7,74.4,74.4,-0.3,25
2019-12-27,8109,28184,2110379,74.4,75.0,74.4,75.0,0.6,25
2019-12-30,8109,347490,26853120,76.6,78.3,76.0,77.5,2.5,292
2019-12-31,8109,121570,9443945,77.9,78.1,77.2,77.8,0.3,115
2020-01-02,8109,65670,5081223,77.8,77.8,77.2,77.2,-0.6,65
2020-01-03,8109,72230,5554393,77.8,77.8,76.3,76.3,-0.9,70
2020-01-06,8109,96527,7261380,76.0,76.0,75.1,75.3,-1.0,77
2020-01-07,8109,82200,6155000,75.5,75.5,74.4,74.7,-0.6,65
2020-01-08,8109,24000,1794000,74.7,74.9,74.6,74.9,0.2,23
2020-01-09,8109,73700,5505330,74.9,75.0,74.3,74.9,0.0,54
2020-01-10,8109,74322,5561250,74.9,75.0,74.5,74.9,0.0,49
2020-01-13,8109,70900,5311239,75.0,75.5,74.6,74.6,-0.3,51
2020-01-14,8109,80900,6032400,74.6,74.8,74.2,74.5,-0.1,56
2020-01-15,8109,58032,4374132,75.5,75.8,75.2,75.4,0.9,45
2020-01-16,8109,22460,1695766,75.4,75.7,75.4,75.4,0.0,26
2020-01-17,8109,101786,7660962,75.4,75.4,75.1,75.3,-0.1,54
2020-01-20,8109,29300,2203510,75.3,75.5,75.0,75.2,-0.1,23
2020-01-30,8109,345553,24949616,74.1,74.1,71.5,72.0,-3.2,228
2020-01-31,8109,81937,5930431,72.0,72.9,72.0,72.5,0.5,59
2020-02-03,8109,155019,10919057,71.5,71.5,69.0,71.5,-1.0,120
2020-02-04,8109,95220,6804369,71.4,71.7,71.3,71.7,0.2,75
2020-02-05,8109,289710,20540210,71.3,71.5,70.0,70.3,-1.4,171
2020-02-06,8109,231140,16191481,70.3,71.0,69.5,70.2,-0.1,146
2020-02-07,8109,115571,8058770,69.6,70.0,69.4,69.5,-0.7,92
2020-02-10,8109,132430,9074455,69.0,69.0,68.2,68.7,-0.8,100
2020-02-11,8109,206056,14104164,68.4,68.7,68.1,68.6,-0.1,127
2020-02-12,8109,80100,5542080,68.5,70.0,68.5,69.6,1.0,49
2020-02-13,8109,70738,5000229,69.9,70.9,69.9,70.5,0.9,66
2020-02-14,8109,104153,7326139,70.5,70.7,70.0,70.2,-0.3,60
2020-02-17,8109,52390,3675656,70.4,70.4,69.8,70.0,-0.2,44
2020-02-18,8109,74903,5220326,70.0,70.3,69.5,69.7,-0.3,50
2020-02-19,8109,19405,1361570,70.5,70.5,70.0,70.2,0.5,19
2020-02-20,8109,84600,5926419,70.2,70.2,69.8,70.1,-0.1,46
2020-02-21,8109,49720,3491374,70.5,70.5,69.9,70.3,0.2,49
2020-02-24,8109,107000,7499500,69.8,71.6,69.8,70.0,-0.3,54
2020-02-25,8109,107788,7484100,69.5,69.8,69.0,69.5,-0.5,79
2020-02-26,8109,79805,5538525,69.3,69.6,69.3,69.5,0.0,71
2020-02-27,8109,47562,3305402,69.6,69.7,69.3,69.3,-0.2,45
2020-03-02,8109,116997,7993792,69.0,69.0,68.0,68.4,-0.9,88
2020-03-03,8109,81078,5563074,68.4,69.0,68.4,68.6,0.2,58
2020-03-04,8109,123540,8406920,68.1,68.4,67.8,68.0,-0.6,95
2020-03-05,8109,63250,4346624,68.3,69.0,68.3,68.7,0.7,59
2020-03-06,8109,58000,3968300,68.2,68.5,68.2,68.4,-0.3,32
2020-03-09,8109,213980,14461849,68.4,68.4,67.2,67.3,-1.1,134
2020-03-10,8109,94016,6289479,67.3,67.3,66.7,67.0,-0.3,67
2020-03-11,8109,115789,7748363,67.0,67.1,66.6,66.8,-0.2,77
2020-03-12,8109,363463,23594463,66.6,66.6,63.8,64.4,-2.4,216
2020-03-13,8109,474057,28210551,60.3,60.4,58.5,60.4,-4.0,255
2020-03-16,8109,224680,13409424,60.4,60.8,58.7,58.8,-1.6,131
2020-03-17,8109,332565,18788344,56.8,57.8,55.9,56.8,-2.0,167
2020-03-18,8109,202451,11585031,56.9,58.0,56.8,56.8,0.0,108
2020-03-19,8109,472736,25074872,56.0,56.0,51.2,51.7,-5.1,252
2020-03-20,8109,218280,11843600,52.5,54.9,52.5,54.7,3.0,121
2020-03-23,8109,97430,5278234,54.0,54.8,53.5,54.8,0.1,76
2020-03-24,8109,143284,8017929,55.0,56.6,55.0,56.6,1.8,92
2020-03-25,8109,109810,6465379,58.5,59.5,58.5,59.0,2.4,84
2020-03-26,8109,65527,3864356,59.2,59.5,58.4,59.5,0.5,57
2020-03-27,8109,89409,5329550,60.5,61.3,59.0,59.3,-0.2,81
2020-03-30,8109,50310,2950445,59.3,59.3,56.8,59.0,-0.3,36
2020-03-31,8109,75000,4442900,59.0,59.5,59.0,59.4,0.4,38
2020-04-01,8109,65439,3927424,59.8,60.3,59.7,60.1,0.7,50
2020-04-06,8109,79300,4799950,60.6,61.5,60.1,60.5,0.4,45
2020-04-07,8109,121535,7418170,60.9,61.3,60.6,61.3,0.8,68
2020-04-08,8109,81480,5066980,61.9,62.5,61.7,62.5,1.2,70
2020-04-09,8109,78215,4871536,62.4,62.5,62.0,62.1,-0.4,59
2020-04-10,8109,60850,3837800,62.1,64.0,62.1,64.0,1.9,44
2020-04-13,8109,43000,2763800,63.0,64.7,63.0,64.1,0.1,30
2020-04-14,8109,67236,4378362,64.1,66.0,63.9,65.1,1.0,57
2020-04-15,8109,102525,6760892,65.6,66.5,65.4,65.7,0.6,67
2020-04-16,8109,58689,3900355,66.0,67.4,65.0,66.7,1.0,46
2020-04-17,8109,95010,6441177,67.9,67.9,67.5,67.6,0.9,75
2020-04-20,8109,43070,2888831,67.0,67.5,66.6,67.5,-0.1,29
2020-04-21,8109,134400,8940680,67.2,67.2,66.2,66.2,-1.3,83
2020-04-22,8109,52750,3487450,65.7,66.5,65.6,66.5,0.3,39
2020-04-23,8109,34136,2288150,66.5,67.3,66.5,67.3,0.8,33
2020-04-24,8109,49130,3351084,68.3,68.5,67.7,68.5,1.2,42
2020-04-27,8109,54697,3797378,68.5,69.8,68.5,69.7,1.2,48
2020-04-28,8109,34110,2376578,69.7,70.0,69.3,69.7,0.0,30
2020-04-29,8109,81804,5709938,70.0,70.0,69.6,69.6,-0.1,46
2020-04-30,8109,38822,2719440,70.0,70.3,69.7,70.0,0.4,44
2020-05-04,8109,27000,1876900,70.7,70.7,68.6,69.6,-0.4,22
2020-05-05,8109,34000,2366200,69.8,69.8,69.5,69.6,0.0,24
2020-05-06,8109,53327,3706955,69.5,69.7,69.5,69.5,-0.1,34
2020-05-07,8109,26216,1824108,69.6,69.7,69.5,69.5,0.0,28
2020-05-08,8109,25400,1777158,70.2,70.2,69.8,69.9,0.4,28
2020-05-11,8109,46472,3241402,71.0,71.0,69.5,69.5,-0.4,46
2020-05-12,8109,35350,2445625,69.4,69.5,69.0,69.5,0.0,31
2020-05-13,8109,67748,4687386,69.4,69.5,69.0,69.5,0.0,37
2020-05-14,8109,53210,3675362,69.5,69.5,69.0,69.0,-0.5,29
2020-05-15,8109,60817,4193301,69.0,69.0,68.8,68.9,-0.1,36
2020-05-18,8109,12484,852060,68.1,68.7,68.1,68.1,-0.8,14
2020-05-19,8109,25500,1746100,68.1,68.7,68.1,68.5,0.4,16
2020-05-20,8109,27276,1864393,68.5,69.0,68.0,68.1,-0.4,34
2020-05-21,8109,22777,1561699,69.1,69.1,68.5,68.6,0.5,19
2020-05-22,8109,20110,1383267,69.3,69.3,68.7,68.7,0.1,13
2020-05-25,8109,45410,3100106,68.1,69.0,68.0,68.8,0.1,42
2020-05-26,8109,18200,1255600,69.0,69.0,68.8,69.0,0.2,13
2020-05-27,8109,38770,2660538,68.0,69.0,68.0,68.8,-0.2,21
2020-05-28,8109,31210,2138390,67.9,69.3,67.9,68.6,-0.2,30
2020-05-29,8109,27000,1862200,68.8,69.3,68.4,69.3,0.7,21
2020-06-01,8109,53942,3733078,69.2,69.5,69.0,69.3,0.0,37
2020-06-02,8109,205300,14375450,69.5,70.5,69.5,70.0,0.7,64
2020-06-03,8109,116992,8268632,70.7,71.0,70.1,70.9,0.9,85
2020-06-04,8109,234900,17024267,72.9,73.0,71.7,72.3,1.4,155
2020-06-05,8109,157286,11482530,72.6,73.2,72.6,73.2,0.9,122
2020-06-08,8109,190382,14155968,74.0,74.6,73.9,74.1,0.9,136
2020-06-09,8109,71796,5299264,74.6,74.6,73.2,73.2,-0.9,75
2020-06-10,8109,85732,6226695,73.7,73.7,72.2,72.4,-0.8,71
2020-06-11,8109,72088,5194764,72.3,72.4,71.8,71.8,-0.6,53
2020-06-12,8109,71800,5095240,69.9,71.8,69.6,71.7,-0.1,65
2020-06-15,8109,20315,1451753,71.3,71.9,71.1,71.3,-0.4,21
2020-06-16,8109,34408,2465930,72.0,72.0,71.3,71.4,0.1,30
2020-06-17,8109,45177,3251944,71.4,72.4,71.4,72.4,1.0,34
2020-06-18,8109,77983,5642071,72.4,72.6,71.7,72.0,-0.4,54
2020-06-19,8109,100029,7208589,72.0,72.2,72.0,72.1,0.1,55
2020-06-22,8109,287133,20753589,72.1,72.7,72.0,72.2,0.1,153
2020-06-23,8109,199224,13653808,68.3,69.0,68.0,68.7,0.0,127
2020-06-24,8109,51677,3536513,68.7,68.8,68.2,68.2,-0.5,44
2020-06-29,8109,108003,7264016,67.8,68.0,67.0,67.2,-1.0,74
2020-06-30,8109,33322,2245130,67.6,67.6,67.3,67.3,0.1,22
2020-07-01,8109,24313,1644890,67.8,67.8,67.4,67.4,0.1,24
2020-07-02,8109,50100,3399289,67.5,68.1,67.5,68.1,0.7,38
2020-07-03,8109,165197,11369272,68.4,69.1,68.4,68.9,0.8,99
2020-07-06,8109,69194,4777886,69.2,69.2,68.8,69.0,0.1,51
2020-07-07,8109,98000,6701400,69.2,69.4,68.0,68.6,-0.4,64
2020-07-08,8109,91652,6244766,68.7,68.7,67.8,68.2,-0.4,66
2020-07-09,8109,60328,4103637,68.2,68.2,67.8,68.0,-0.2,44
2020-07-10,8109,30496,2056230,68.8,68.8,67.0,67.3,-0.7,31
2020-07-13,8109,73909,4969391,67.3,67.5,67.0,67.3,0.0,55
2020-07-14,8109,55414,3715795,67.3,67.3,66.9,66.9,-0.4,48
2020-07-15,8109,36825,2470492,66.9,67.5,66.9,66.9,0.0,37
2020-07-16,8109,30535,2044037,67.1,67.1,66.8,66.8,-0.1,30
2020-07-17,8109,55400,3696860,66.8,67.1,66.4,66.4,-0.4,36
2020-07-20,8109,37150,2462700,66.4,66.4,66.1,66.1,-0.3,34
2020-07-21,8109,166573,10996203,66.1,66.4,65.7,65.8,-0.3,86
2020-07-22,8109,61300,4023989,65.9,65.9,65.3,65.8,0.0,60
2020-07-23,8109,104638,6851580,65.8,65.8,65.1,65.8,0.0,59
2020-07-24,8109,65431,4313289,66.5,66.5,65.7,65.8,0.0,47
2020-07-27,8109,77353,5069762,65.9,66.0,65.4,65.4,-0.4,41
2020-07-28,8109,32702,2117556,64.0,65.1,64.0,64.9,-0.5,38
2020-07-29,8109,52000,3385100,65.0,65.5,64.7,65.2,0.3,39
2020-07-30,8109,51317,3390422,65.5,66.5,65.5,66.5,1.3,21
2020-07-31,8109,18101,1196367,65.8,66.4,65.8,66.1,-0.4,13
2020-08-03,8109,33500,2231447,66.4,67.0,66.4,66.4,0.3,31
2020-08-04,8109,18548,1237749,66.5,66.9,66.5,66.7,0.3,23
2020-08-05,8109,62487,4204221,67.0,67.7,67.0,67.5,0.8,48
2020-08-06,8109,30083,2023677,67.6,67.6,67.1,67.2,-0.3,31
2020-08-07,8109,24940,1679486,67.2,67.7,67.0,67.1,-0.1,24
2020-08-10,8109,53919,3586913,67.0,67.0,66.4,66.4,-0.7,36
2020-08-11,8109,9517,640539,66.7,68.1,66.7,67.2,0.8,19
2020-08-12,8109,21890,1456774,66.9,66.9,66.4,66.6,-0.6,20
2020-08-13,8109,66015,4402620,66.9,67.4,66.4,67.0,0.4,38
2020-08-14,8109,22115,1482220,67.0,67.1,66.9,67.0,0.0,16
2020-08-17,8109,51300,3438220,67.0,67.1,67.0,67.0,0.0,29
2020-08-18,8109,35395,2365604,67.2,67.2,66.6,66.7,-0.3,28
2020-08-19,8109,16110,1074747,66.7,67.0,66.6,66.7,0.0,15
2020-08-20,8109,122939,8153934,68.0,68.0,65.8,66.6,-0.1,85
2020-08-21,8109,20100,1341389,66.9,66.9,66.6,66.6,0.0,22
2020-08-24,8109,14144,946348,66.9,67.0,66.8,67.0,0.4,15
2020-08-25,8109,27578,1847713,67.0,67.2,66.8,67.2,0.2,26
2020-08-26,8109,33890,2271030,67.2,67.2,66.7,67.1,-0.1,25
2020-08-27,8109,82200,5512500,67.1,67.1,66.9,66.9,-0.2,62
2020-08-28,8109,78806,5295443,67.0,67.3,67.0,67.3,0.4,57
2020-08-31,8109,34176,2299144,67.4,67.5,67.1,67.4,0.1,33
2020-09-01,8109,69717,4708410,67.5,67.7,67.4,67.7,0.3,53
2020-09-02,8109,51667,3502188,67.8,67.9,67.5,67.9,0.2,51
2020-09-03,8109,62020,4227767,67.9,68.6,67.9,68.3,0.4,45
2020-09-04,8109,30600,2078040,67.9,68.1,67.7,68.1,-0.2,27
2020-09-07,8109,33290,2269436,68.1,68.3,68.0,68.3,0.2,31
2020-09-08,8109,30102,2047724,68.5,68.5,67.7,67.9,-0.4,26
2020-09-09,8109,17497,1177599,67.7,67.7,67.0,67.5,-0.4,17
2020-09-10,8109,31523,2130300,68.1,68.1,67.5,67.5,0.0,26
2020-09-11,8109,26582,1791851,67.6,68.0,67.1,67.3,-0.2,27
2020-09-14,8109,20400,1372700,67.4,67.4,67.2,67.4,0.1,17
2020-09-15,8109,17827,1197777,67.4,67.6,67.1,67.1,-0.3,15
2020-09-16,8109,32550,2189485,67.5,67.5,67.0,67.2,0.1,24
2020-09-17,8109,15349,1032751,67.3,67.5,67.2,67.2,0.0,11
2020-09-18,8109,35500,2389449,67.2,67.6,67.2,67.4,0.2,37
2020-09-21,8109,29160,1963284,67.4,67.6,67.1,67.4,0.0,27
2020-09-22,8109,34314,2293906,67.1,67.4,66.2,67.1,-0.3,33
2020-09-23,8109,25400,1688519,66.6,66.7,66.3,66.4,-0.7,28
2020-09-24,8109,43900,2879020,66.0,66.0,65.3,65.6,-0.8,43
2020-09-25,8109,48791,3195846,65.3,66.8,65.1,66.3,0.7,43
2020-09-28,8109,25234,1665313,66.3,66.3,65.7,66.1,-0.2,28
2020-09-29,8109,32227,2111467,65.8,65.9,65.1,65.8,-0.3,34
2020-09-30,8109,19777,1302782,66.0,66.0,65.7,66.0,0.2,22
2020-10-05,8109,7793,514773,66.0,66.3,65.9,66.3,0.3,13
2020-10-06,8109,14201,942566,66.4,66.7,66.0,66.2,-0.1,10
2020-10-07,8109,19855,1321159,66.9,66.9,66.3,66.3,0.1,11
2020-10-08,8109,36100,2388430,66.2,66.4,65.9,66.0,-0.3,25
2020-10-12,8109,31348,2075371,66.3,66.4,66.0,66.4,0.4,21
2020-10-13,8109,7043,467158,66.6,66.6,66.2,66.2,-0.2,9
2020-10-14,8109,16159,1067609,66.1,66.2,65.9,65.9,-0.3,12
2020-10-15,8109,26380,1736404,66.0,66.0,65.6,66.0,0.1,26
2020-10-16,8109,60500,4011149,66.0,66.6,65.8,66.5,0.5,38
2020-10-19,8109,34000,2244200,66.5,66.5,65.6,66.1,-0.4,21
2020-10-20,8109,17150,1121725,66.0,66.0,65.2,65.5,-0.6,21
2020-10-21,8109,29261,1923773,66.0,66.0,65.5,65.8,0.3,28
2020-10-22,8109,31650,2088630,66.4,66.4,65.6,65.9,0.1,16
2020-10-23,8109,49005,3213529,65.4,65.7,65.4,65.5,-0.4,26
2020-10-26,8109,38384,2519489,65.5,66.0,65.5,65.6,0.1,21
2020-10-27,8109,33720,2210529,65.5,65.6,65.5,65.5,-0.1,27
2020-10-28,8109,61603,4034696,65.5,65.6,65.3,65.3,-0.2,31
2020-10-29,8109,66302,4316680,65.0,65.5,64.9,65.5,0.2,40
2020-10-30,8109,64802,4247826,65.5,66.0,64.9,65.5,0.0,26
2020-11-02,8109,27000,1767000,65.5,65.5,65.3,65.5,0.0,17
2020-11-03,8109,22343,1463494,65.5,65.5,65.5,65.5,0.0,14
2020-11-04,8109,13215,866082,65.5,65.6,65.5,65.5,0.0,14
2020-11-05,8109,65161,4267840,65.5,65.6,65.3,65.5,0.0,30
2020-11-06,8109,33411,2186340,65.3,65.5,65.3,65.5,0.0,28
2020-11-09,8109,43281,2836732,65.6,65.6,65.5,65.5,0.0,33
2020-11-10,8109,71884,4704885,65.6,65.6,65.3,65.6,0.1,64
2020-11-11,8109,66443,4363477,65.6,65.9,65.5,65.7,0.1,58
2020-11-12,8109,79568,5207462,66.0,66.0,65.3,65.3,-0.4,66
2020-11-13,8109,88000,5756900,65.5,65.6,65.2,65.4,0.1,65
2020-11-16,8109,51823,3402100,65.8,66.1,65.4,65.5,0.1,55
2020-11-17,8109,82699,5425854,65.4,66.5,65.4,65.5,0.0,53
2020-11-18,8109,57376,3762230,65.5,65.8,65.5,65.5,0.0,48
2020-11-19,8109,93141,6104763,65.5,65.7,65.4,65.5,0.0,67
2020-11-20,8109,65544,4298900,65.6,65.8,65.5,65.6,0.1,57
2020-11-23,8109,45817,3008105,65.5,66.0,65.5,65.7,0.1,39
2020-11-24,8109,111727,7398439,65.7,66.8,65.6,66.8,1.1,89
2020-11-25,8109,79742,5336919,66.9,67.2,66.6,66.8,0.0,73
2020-11-26,8109,45837,3079220,66.8,67.5,66.8,67.3,0.5,46
2020-11-27,8109,17781,1193224,67.2,67.2,67.0,67.1,-0.2,24
2020-11-30,8109,24096,1617949,67.3,67.4,67.0,67.0,-0.1,30
2020-12-01,8109,52895,3522645,66.7,67.1,66.4,67.1,0.1,46
2020-12-02,8109,51968,3471687,66.6,67.2,66.5,66.8,-0.3,47
2020-12-03,8109,70886,4759482,66.9,67.3,66.9,67.0,0.2,56
2020-12-04,8109,70597,4728522,67.1,67.1,66.8,67.0,0.0,47
2020-12-07,8109,97849,6534042,67.0,67.0,66.6,66.6,-0.4,73
2020-12-08,8109,76181,5059253,66.6,66.6,66.3,66.4,-0.2,62
2020-12-09,8109,76715,5090990,66.8,67.1,65.7,66.2,-0.2,65
2020-12-10,8109,30964,2058624,66.9,67.0,66.2,66.4,0.2,24
2020-12-11,8109,40463,2678961,66.4,66.4,66.0,66.3,-0.1,46
2020-12-14,8109,76483,5083366,66.9,66.9,66.1,66.4,0.1,53
2020-12-15,8109,53001,3527367,66.5,66.9,66.3,66.5,0.1,38
2020-12-16,8109,162446,10920690,66.5,67.8,66.5,67.8,1.3,98
2020-12-17,8109,85185,5758697,68.0,68.0,67.3,67.4,-0.4,65
2020-12-18,8109,98530,6688415,67.4,68.6,67.4,68.4,1.0,73
2020-12-21,8109,137136,9457098,68.4,69.6,68.4,69.0,0.6,123
2020-12-22,8109,108738,7462613,69.0,69.0,68.2,68.2,-0.8,79
2020-12-23,8109,140173,9554354,68.3,68.5,67.5,67.7,-0.5,84
2020-12-24,8109,31219,2116828,67.8,67.9,67.7,67.7,0.0,32
2020-12-25,8109,53000,3605900,67.8,68.6,67.7,68.2,0.5,32
2020-12-28,8109,67900,4621159,68.2,68.2,67.9,67.9,-0.3,53
2020-12-29,8109,50770,3456718,68.0,68.2,68.0,68.1,0.2,41
2020-12-30,8109,53273,3628060,68.2,68.3,67.9,68.0,-0.1,36
2020-12-31,8109,43273,2953078,68.3,68.3,68.0,68.3,0.3,35
2021-01-04,8109,76852,5279258,68.3,69.3,68.3,69.0,0.7,75
2021-01-05,8109,47964,3292555,68.9,68.9,68.5,68.6,-0.4,40
2021-01-06,8109,132670,9115024,68.6,69.0,68.1,68.1,-0.5,102
2021-01-07,8109,65806,4496361,68.3,68.5,68.2,68.4,0.3,42
2021-01-08,8109,90890,6203866,68.4,68.9,68.0,68.9,0.5,69
2021-01-11,8109,51848,3573901,69.1,69.1,68.6,69.0,0.1,45
2021-01-12,8109,84075,5761911,69.2,69.4,68.2,68.4,-0.6,70
2021-01-13,8109,80216,5525710,69.1,69.1,68.5,68.8,0.4,68
2021-01-14,8109,120530,8322078,69.1,69.5,68.7,69.4,0.6,113
2021-01-15,8109,94791,6617004,70.0,70.2,69.4,69.4,0.0,80
2021-01-18,8109,52410,3608832,69.2,69.5,68.1,69.5,0.1,42
2021-01-19,8109,43593,3025657,69.6,69.9,69.2,69.3,-0.2,34
2021-01-20,8109,81290,5537659,69.3,69.3,67.7,67.7,-1.6,64
2021-01-21,8109,62702,4251091,67.7,68.0,67.7,67.8,0.1,39
2021-01-22,8109,10423,706316,67.8,67.8,67.8,67.8,0.0,15
2021-01-25,8109,57300,3854575,67.8,67.8,67.1,67.5,-0.3,49
2021-01-26,8109,52489,3536586,67.5,67.5,67.2,67.3,-0.2,47
2021-01-27,8109,23305,1572977,67.5,67.8,67.3,67.8,0.5,23
2021-01-28,8109,20649,1386983,67.2,67.3,67.0,67.2,-0.6,24
2021-01-29,8109,39210,2625616,67.3,67.3,66.5,66.7,-0.5,36
2021-02-01,8109,24874,1667349,67.0,67.2,66.9,66.9,0.2,24
2021-02-02,8109,30658,2075804,66.9,68.2,66.9,68.0,1.1,27
2021-02-03,8109,39297,2697340,68.3,68.8,68.3,68.3,0.3,44
2021-02-04,8109,31130,2130585,68.4,68.8,68.0,68.7,0.4,28
2021-02-05,8109,32779,2257066,68.7,69.0,68.6,68.9,0.2,36
2021-02-17,8109,101236,7001896,69.5,69.9,69.0,69.0,0.1,83
2021-02-18,8109,61239,4231223,68.4,69.7,68.4,69.5,0.5,61
2021-02-19,8109,173422,12239782,69.6,71.9,69.5,71.4,1.9,159
2021-02-22,8109,174258,12719021,73.8,73.8,72.3,72.7,1.3,163
2021-02-23,8109,59830,4330344,72.7,72.7,72.1,72.6,-0.1,64
2021-02-24,8109,109361,7849726,72.5,72.5,71.1,71.2,-1.4,101
2021-02-25,8109,64691,4633572,71.6,72.3,71.2,71.6,0.4,53
2021-02-26,8109,76611,5449528,71.0,71.6,70.6,71.4,-0.2,70
2021-03-02,8109,83901,6008554,71.5,71.9,71.4,71.9,0.5,83
2021-03-03,8109,53501,3852680,71.9,72.2,71.4,72.2,0.3,49
2021-03-04,8109,93981,6843087,72.3,73.4,72.2,72.9,0.7,92
2021-03-05,8109,71440,5160856,72.5,72.5,72.1,72.2,-0.7,60
2021-03-08,8109,42648,3093373,72.7,73.0,72.2,72.2,0.0,52
2021-03-09,8109,41330,2973360,72.0,72.3,71.7,72.3,0.1,33
2021-03-10,8109,55523,4039584,72.3,73.0,72.3,72.7,0.4,52
2021-03-11,8109,91966,6715371,72.8,73.3,72.7,73.2,0.5,74
2021-03-12,8109,124482,9109228,73.3,73.5,73.0,73.0,-0.2,84
2021-03-15,8109,103394,7606595,73.1,73.9,73.1,73.6,0.6,84
2021-03-16,8109,95713,7021073,73.8,73.9,73.0,73.2,-0.4,78
2021-03-17,8109,36647,2688355,73.2,73.7,73.2,73.5,0.3,37
2021-03-18,8109,43677,3196726,73.6,73.6,73.0,73.3,-0.2,58
2021-03-19,8109,60084,4396353,73.2,73.4,72.9,73.3,0.0,48
2021-03-22,8109,116167,8496091,73.1,73.5,72.7,73.0,-0.3,102
2021-03-23,8109,63247,4631840,73.2,73.4,73.0,73.0,0.0,47
2021-03-24,8109,48029,3505942,72.7,73.2,72.7,73.0,0.0,35
2021-03-25,8109,130928,9502826,73.0,73.0,72.3,72.6,-0.4,85
2021-03-26,8109,96340,7049226,72.5,73.6,72.5,73.3,0.7,91
2021-03-29,8109,200628,14803197,73.5,74.2,73.5,73.9,0.6,161
2021-03-30,8109,194037,14398395,74.2,74.5,74.0,74.2,0.3,170
2021-03-31,8109,161344,11487821,70.9,71.6,70.8,71.1,0.0,167
2021-04-01,8109,97868,6970582,71.3,71.4,71.0,71.4,0.3,100
2021-04-06,8109,75091,5388445,71.5,72.2,71.5,71.9,0.5,70
2021-04-07,8109,184349,13503305,72.7,74.0,72.5,73.9,2.0,182
2021-04-08,8109,220987,16368071,74.0,74.6,73.6,74.5,0.6,172
2021-04-09,8109,89696,6681902,74.6,74.8,74.0,74.7,0.2,88
2021-04-12,8109,137777,10305935,75.0,75.4,74.4,74.8,0.1,106
2021-04-13,8109,201733,15002942,74.8,74.8,73.9,74.0,-0.8,102
2021-04-14,8109,109486,7953269,73.6,73.9,71.9,73.1,-0.9,100
2021-04-15,8109,53862,3930104,73.2,73.7,72.0,73.2,0.1,57
2021-04-16,8109,68277,5022388,73.8,73.8,73.2,73.8,0.6,61
2021-04-19,8109,57314,4219049,73.4,74.4,73.4,73.6,-0.2,62
2021-04-20,8109,69819,5130202,73.6,74.0,72.0,74.0,0.4,60
2021-04-21,8109,80977,5996770,74.0,74.4,73.6,74.2,0.2,76
2021-04-22,8109,122554,9104710,74.5,74.5,73.8,74.1,-0.1,101
2021-04-23,8109,123106,9101810,74.4,74.4,73.2,74.2,0.1,102
2021-04-26,8109,80846,5994768,74.0,74.7,73.8,73.8,-0.4,78
2021-04-27,8109,51823,3841144,73.8,74.4,73.7,74.3,0.5,66
2021-04-28,8109,119585,8903811,74.2,74.9,73.8,74.9,0.6,94
2021-04-29,8109,191140,14460632,75.0,76.4,75.0,75.0,0.1,157
2021-05-03,8109,209659,15519953,75.0,75.1,73.0,73.1,-1.9,145
2021-05-04,8109,223613,16167417,73.1,73.2,70.8,72.2,-0.9,149
2021-05-05,8109,172931,12520562,73.2,73.2,72.0,72.0,-0.2,81
2021-05-06,8109,62322,4507745,73.5,73.6,71.9,71.9,-0.1,56
2021-05-07,8109,238742,17180979,71.5,73.4,71.5,73.3,1.4,110
2021-05-10,8109,77949,5639685,73.2,73.3,72.0,72.0,-1.3,69
2021-05-11,8109,124089,8749149,71.6,71.6,70.0,70.4,-1.6,106
2021-05-12,8109,282064,19528726,70.0,70.4,68.1,69.4,-1.0,181
2021-05-13,8109,45143,3117028,68.2,69.9,68.2,69.0,-0.4,52
2021-05-14,8109,154406,10592016,69.6,70.0,67.5,68.5,-0.5,94
2021-05-17,8109,178032,11893494,65.1,67.8,65.1,66.6,-1.9,94
2021-05-18,8109,114013,7731851,66.0,69.7,65.9,69.7,3.1,76
2021-05-19,8109,91026,6221091,69.7,69.7,67.8,68.3,-1.4,49
2021-05-20,8109,73034,4956025,67.4,68.1,67.4,67.7,-0.6,43
2021-05-21,8109,47375,3223221,68.0,68.5,68.0,68.5,0.8,25
2021-05-24,8109,67002,4434837,69.0,69.5,68.7,68.8,0.3,22
2021-05-25,8109,23262,1606009,68.8,69.4,68.8,69.1,0.3,22
2021-05-26,8109,34460,2408009,69.7,70.0,69.6,69.7,0.6,21
2021-05-27,8109,25000,1742600,69.9,69.9,69.3,69.8,0.1,7
2021-05-28,8109,59940,4230219,70.2,71.2,70.0,71.0,1.2,54
2021-05-31,8109,13211,937168,71.0,71.3,70.3,70.6,-0.4,16
2021-06-01,8109,15798,1115941,70.6,71.1,70.1,70.6,0.0,22
2021-06-02,8109,15297,1072043,70.2,70.2,70.0,70.0,-0.6,20
2021-06-03,8109,21026,1478125,70.1,70.8,70.1,70.4,0.4,29
2021-06-04,8109,17184,1206780,70.4,70.8,70.1,70.2,-0.2,16
2021-06-07,8109,45653,3161765,70.2,70.2,68.0,69.6,-0.6,48
2021-06-08,8109,10200,709860,69.7,69.7,69.5,69.5,-0.1,14
2021-06-09,8109,37332,2593747,69.4,69.8,69.3,69.8,0.3,41
2021-06-10,8109,21231,1477107,69.4,69.8,69.4,69.6,-0.2,18
2021-06-11,8109,37159,2595607,69.8,70.1,69.7,70.0,0.4,28
2021-06-15,8109,10567,740390,70.1,70.1,70.0,70.1,0.1,88
2021-06-16,8109,38108,2670401,70.2,70.2,70.0,70.1,0.0,36
2021-06-17,8109,23501,1645652,70.2,70.2,69.8,69.9,-0.2,24
2021-06-18,8109,37921,2649209,69.9,70.0,69.7,69.8,-0.1,40
2021-06-21,8109,14228,990594,69.9,69.9,69.0,69.7,-0.1,16
2021-06-22,8109,37510,2607598,69.8,69.8,69.0,69.5,-0.2,29
2021-06-23,8109,58413,4052638,69.5,69.5,69.1,69.2,-0.3,42
2021-06-24,8109,35966,2507291,70.0,70.1,69.5,69.5,0.3,40
2021-06-25,8109,114207,8021994,70.3,70.5,70.1,70.1,0.6,64
2021-06-28,8109,111229,7959178,71.0,72.5,71.0,72.5,2.4,103
2021-06-29,8109,105685,7664874,72.9,72.9,72.3,72.5,0.0,65
2021-06-30,8109,102119,7413585,72.5,72.8,72.2,72.6,0.1,69
2021-07-01,8109,32849,2377341,72.5,72.5,72.2,72.4,-0.2,33
2021-07-02,8109,42604,3096157,72.6,72.9,72.5,72.7,0.3,41
2021-07-05,8109,121750,8909695,74.0,74.0,72.8,73.0,0.3,105
2021-07-06,8109,89245,6506294,73.6,73.6,72.5,72.6,-0.4,66
2021-07-07,8109,44018,3200216,72.5,73.0,72.5,72.7,0.1,51
2021-07-08,8109,72352,5286557,72.7,73.5,72.7,73.3,0.6,83
2021-07-09,8109,42291,3074737,72.9,73.3,72.2,73.0,0.0,38
2021-07-12,8109,244467,18180021,73.2,75.0,73.2,74.7,1.7,187
2021-07-13,8109,155384,11513905,75.2,75.5,73.0,73.0,-1.7,141
2021-07-14,8109,70479,5111244,73.0,73.0,72.0,72.6,-0.4,66
2021-07-15,8109,146864,10718607,73.0,73.4,72.5,73.4,0.8,77
2021-07-16,8109,66588,4895007,73.3,74.0,73.2,73.5,0.1,46
2021-07-19,8109,83060,6122687,73.5,74.4,73.4,73.7,0.2,85
2021-07-20,8109,94895,6980536,73.0,73.9,73.0,73.9,0.2,85
2021-07-21,8109,245329,18296192,74.3,75.0,73.7,74.6,0.7,200
2021-07-22,8109,832448,65229252,75.3,81.7,75.3,80.0,5.4,631
2021-07-23,8109,424109,33258550,80.0,81.0,76.6,77.5,-2.5,397
2021-07-26,8109,167972,12850480,78.2,78.2,75.6,76.1,-1.4,192
2021-07-27,8109,162994,12503574,76.2,77.5,76.1,76.1,0.0,163
2021-07-28,8109,223704,16721343,77.0,77.0,72.9,74.4,-1.7,196
2021-07-29,8109,112322,8502356,75.0,76.5,75.0,75.1,0.7,103
2021-07-30,8109,62333,4730513,75.3,76.5,75.3,76.0,0.9,56
2021-08-02,8109,46930,3587093,77.2,77.2,76.0,77.0,1.0,51
2021-08-03,8109,61871,4781170,78.8,78.8,76.6,77.2,0.2,59
2021-08-04,8109,117527,8995137,77.5,77.5,76.1,76.4,-0.8,85
2021-08-05,8109,307914,23171475,74.7,76.0,74.6,75.4,-1.0,322
2021-08-06,8109,193889,14770294,76.2,77.0,75.4,77.0,1.6,214
2021-08-09,8109,102432,7824579,77.0,77.4,75.7,76.2,-0.8,127
2021-08-10,8109,127678,9581970,76.2,76.2,74.8,74.8,-1.4,113
2021-08-11,8109,133657,10037587,76.1,76.6,74.5,74.7,-0.1,118
2021-08-12,8109,64274,4833132,74.8,75.5,74.8,75.4,0.7,75
2021-08-13,8109,32162,2409227,75.4,75.4,74.5,74.8,-0.6,42
2021-08-16,8109,148697,10992813,74.1,74.7,73.5,74.7,-0.1,118
2021-08-17,8109,95926,7121192,75.5,75.5,73.8,73.8,-0.9,68
2021-08-18,8109,102387,7529769,73.6,74.5,73.0,74.5,0.7,109
2021-08-19,8109,55768,4097365,74.0,74.0,73.2,73.5,-1.0,49
2021-08-20,8109,83135,6108676,73.6,74.0,73.0,74.0,0.5,65
2021-08-23,8109,85137,6338019,74.1,75.0,74.0,74.5,0.5,94
2021-08-24,8109,22346,1664710,74.6,75.2,74.3,74.3,-0.2,26
2021-08-25,8109,19734,1468017,74.2,74.6,74.2,74.6,0.3,29
2021-08-26,8109,14996,1115076,74.2,74.5,74.1,74.4,-0.2,28
2021-08-27,8109,66595,4998391,74.1,76.7,74.0,76.0,1.6,75
2021-08-30,8109,48370,3672240,76.0,76.5,75.3,75.7,-0.3,43
2021-08-31,8109,57455,4355204,75.7,76.2,75.2,76.2,0.5,54
2021-09-01,8109,59907,4541413,76.1,76.2,75.2,76.2,0.0,59
2021-09-02,8109,69816,5320859,75.8,76.7,75.7,76.5,0.3,57
2021-09-03,8109,212361,16484539,77.2,78.9,77.0,77.0,0.5,196
2021-09-06,8109,94897,7178279,76.9,77.0,74.8,75.1,-1.9,90
2021-09-07,8109,95786,7128551,75.6,75.6,74.0,75.1,0.0,71
2021-09-08,8109,68390,5096850,74.5,75.1,74.3,74.3,-0.8,44
2021-09-09,8109,10157,759519,74.2,74.7,74.2,74.7,0.4,16
2021-09-10,8109,20489,1530864,74.9,75.0,74.3,74.4,-0.3,25
2021-09-13,8109,66186,4991259,75.5,76.1,75.0,75.3,0.9,63
2021-09-14,8109,55714,4169859,75.3,75.3,74.5,74.6,-0.7,57
2021-09-15,8109,15247,1134322,75.0,75.0,74.2,74.5,-0.1,18
2021-09-16,8109,10683,792556,74.3,74.3,74.0,74.0,-0.5,14
2021-09-17,8109,44520,3299675,73.6,75.3,73.5,75.3,1.3,44
2021-09-22,8109,33693,2509356,74.9,75.0,74.0,75.0,-0.3,44
2021-09-23,8109,14487,1085682,75.1,75.1,74.7,74.7,-0.3,21
2021-09-24,8109,70165,5226355,74.3,74.8,74.3,74.3,-0.4,35
2021-09-27,8109,21000,1555200,74.3,74.3,74.0,74.0,-0.3,16
2021-09-28,8109,28180,2083904,74.0,74.0,73.8,73.9,-0.1,29
2021-09-29,8109,241539,17557119,73.5,73.8,72.1,72.1,-1.8,143
2021-09-30,8109,161850,11638313,72.1,72.8,71.0,71.5,-0.6,123
2021-10-01,8109,91526,6510156,72.0,72.0,70.5,70.8,-0.7,73
2021-10-04,8109,48537,3424231,71.5,71.5,70.1,70.4,-0.4,53
2021-10-05,8109,19830,1397109,69.7,71.1,69.7,71.1,0.7,40
2021-10-06,8109,18442,1306154,71.1,71.1,70.6,70.8,-0.3,23
2021-10-07,8109,36992,2634178,71.0,71.8,70.9,71.5,0.7,29
2021-10-08,8109,10300,735690,71.5,71.5,71.1,71.4,-0.1,17
2021-10-12,8109,18252,1292290,70.4,71.1,70.4,71.0,-0.4,21
2021-10-13,8109,92551,6498167,70.5,70.6,70.0,70.3,-0.7,87
2021-10-14,8109,52326,3734725,71.5,72.1,70.9,71.3,1.0,38
2021-10-15,8109,21700,1559355,71.9,72.0,71.7,71.7,0.4,25
2021-10-18,8109,17482,1253663,72.0,72.0,71.5,71.5,-0.2,21
2021-10-19,8109,18985,1360904,71.5,71.9,71.5,71.9,0.4,19
2021-10-20,8109,17301,1246399,71.8,72.3,71.8,72.3,0.4,20
2021-10-21,8109,52139,3752822,72.0,72.2,71.9,72.0,-0.3,43
2021-10-22,8109,52565,3761987,71.6,71.8,71.4,71.8,-0.2,44
2021-10-25,8109,24917,1781566,72.2,72.2,71.2,71.3,-0.5,30
2021-10-26,8109,92296,6601720,71.6,71.9,71.5,71.5,0.2,20
2021-10-27,8109,25173,1794874,71.5,71.5,71.1,71.2,-0.3,21
2021-10-28,8109,32344,2309236,71.2,71.6,71.2,71.3,0.1,31
2021-10-29,8109,16397,1173204,71.4,71.8,71.4,71.5,0.2,18
2021-11-01,8109,49479,3543492,71.7,71.8,71.4,71.8,0.3,58
2021-11-02,8109,41254,2958001,71.8,71.8,71.5,71.7,-0.1,40
2021-11-03,8109,109236,7757409,71.6,71.6,70.8,71.2,-0.5,81
2021-11-04,8109,17331,1237721,71.2,71.7,71.2,71.4,0.2,22
2021-11-05,8109,19206,1369878,71.4,72.0,71.2,71.3,-0.1,23
2021-11-08,8109,51175,3643529,71.3,71.5,70.9,71.2,-0.1,37
2021-11-09,8109,59828,4253302,71.2,71.4,70.7,70.7,-0.5,73
2021-11-10,8109,19235,1368029,71.2,71.2,71.0,71.1,0.4,29
2021-11-11,8109,33051,2348818,71.0,71.4,70.9,71.4,0.3,37
2021-11-12,8109,22739,1624757,71.4,71.8,71.4,71.4,0.0,25
2021-11-15,8109,28716,2047395,71.4,71.5,71.1,71.5,0.1,50
2021-11-16,8109,80236,5713421,71.1,71.5,70.9,71.1,-0.4,77
2021-11-17,8109,45428,3236446,71.0,71.6,71.0,71.5,0.4,55
2021-11-18,8109,23307,1668359,71.6,71.7,71.3,71.6,0.1,22
2021-11-19,8109,50736,3611367,71.6,71.6,71.0,71.5,-0.1,34
2021-11-22,8109,20100,1438890,71.4,71.6,71.4,71.6,0.1,19
2021-11-23,8109,27433,1962649,71.5,71.9,71.4,71.8,0.2,25
2021-11-24,8109,32240,2323845,71.7,72.4,71.7,72.4,0.6,31
2021-11-25,8109,25792,1871856,72.4,72.9,72.4,72.4,0.0,34
2021-11-26,8109,14283,1025592,71.7,71.9,71.6,71.8,-0.6,17
2021-11-29,8109,38549,2741574,70.8,71.8,70.8,71.2,-0.6,28
2021-11-30,8109,13101,943211,72.0,72.4,71.8,71.8,0.6,13
2021-12-01,8109,24452,1772328,71.8,72.9,71.8,72.3,0.5,39
2021-12-02,8109,28688,2079170,72.4,72.8,72.3,72.5,0.2,33
2021-12-03,8109,91997,6750299,72.9,73.6,72.9,73.6,1.1,75
2021-12-06,8109,31700,2336067,74.0,74.0,73.5,73.6,0.0,39
2021-12-07,8109,13139,970467,74.0,74.0,73.6,73.9,0.3,15
2021-12-08,8109,23847,1758463,74.4,74.4,73.5,73.9,0.0,37
2021-12-09,8109,45554,3374332,74.4,74.4,73.5,73.5,-0.4,51
2021-12-10,8109,7428,546234,73.1,73.9,73.1,73.8,0.3,16
2021-12-13,8109,32468,2378050,73.7,73.7,72.9,73.3,-0.5,48
2021-12-14,8109,25364,1849476,72.9,73.2,72.7,72.7,-0.6,82
2021-12-15,8109,23445,1709088,72.7,73.1,72.7,72.7,0.0,75
2021-12-16,8109,13334,972723,72.8,73.5,72.7,73.1,0.4,20
2021-12-17,8109,30847,2255270,73.1,73.5,73.0,73.5,0.4,34
2021-12-20,8109,25516,1867081,73.2,74.2,72.7,73.2,-0.3,37
2021-12-21,8109,10696,784672,73.2,73.7,73.2,73.7,0.5,24
2021-12-22,8109,7497,552523,74.1,74.1,73.5,74.0,0.3,18
2021-12-23,8109,45099,3332936,74.0,74.0,73.6,74.0,0.0,48
2021-12-24,8109,82157,6126444,74.5,75.0,74.0,74.6,0.6,63
2021-12-27,8109,99770,7473834,74.9,75.1,74.4,75.1,0.5,158
2021-12-28,8109,57069,4289630,75.1,75.4,75.0,75.4,0.3,122
2021-12-29,8109,16027,1207545,75.8,75.8,75.1,75.3,-0.1,35
2021-12-30,8109,81433,6122459,75.3,75.4,74.8,75.4,0.1,55
2022-01-03,8109,31610,2371292,75.4,75.5,74.5,74.7,-0.7,72
2022-01-04,8109,32040,2392027,74.7,74.8,74.6,74.7,0.0,32
2022-01-05,8109,29306,2198673,74.8,75.3,74.8,74.8,0.1,38
2022-01-06,8109,17225,1282757,74.8,75.0,74.2,74.7,-0.1,54
2022-01-07,8109,26211,1942353,74.6,74.6,73.9,74.1,-0.6,140
2022-01-10,8109,4683,350337,74.9,75.0,74.9,74.9,0.8,12
2022-01-11,8109,12342,917639,74.2,74.7,73.7,74.4,-0.5,18
2022-01-12,8109,35157,2614333,74.4,74.9,74.1,74.4,0.0,64
2022-01-13,8109,49765,3726614,74.8,75.1,74.6,74.9,0.5,147
2022-01-14,8109,35155,2600950,74.6,74.6,73.6,73.9,-1.0,175
2022-01-17,8109,6905,510652,73.9,74.0,73.9,74.0,0.1,12
2022-01-18,8109,21161,1568395,74.0,74.7,73.6,74.7,0.7,17
2022-01-19,8109,30741,2274012,74.1,74.1,73.8,73.9,-0.8,31
2022-01-20,8109,17441,1293658,73.9,74.5,73.9,74.0,0.1,21
2022-01-21,8109,41284,3055097,74.3,74.3,73.9,73.9,-0.1,42
2022-01-24,8109,47537,3492543,73.9,73.9,73.3,73.8,-0.1,43
2022-01-25,8109,45784,3373260,73.5,74.0,73.4,73.8,0.0,68
2022-01-26,8109,52323,3874204,73.9,74.2,73.9,73.9,0.1,32
2022-02-07,8109,19952,1475685,74.0,74.1,73.7,74.0,0.1,144
2022-02-08,8109,34971,2614771,74.9,75.0,74.2,75.0,1.0,178
2022-02-09,8109,66747,5038943,75.5,75.6,75.0,75.6,0.6,68
2022-02-10,8109,77624,5898365,75.6,76.5,75.1,76.0,0.4,85
2022-02-11,8109,18664,1420817,75.8,76.3,75.8,76.1,0.1,114
2022-02-14,8109,59408,4481684,75.5,75.7,75.1,75.4,-0.7,292
2022-02-15,8109,18392,1387058,75.0,75.5,75.0,75.4,0.0,28
2022-02-16,8109,24694,1868047,75.0,76.0,75.0,75.5,0.1,36
2022-02-17,8109,126183,9644476,75.7,77.0,75.7,76.8,1.3,108
2022-02-18,8109,48198,3705855,76.8,77.4,76.4,76.6,-0.2,95
2022-02-21,8109,6815,520629,76.2,76.5,76.2,76.5,-0.1,18
2022-02-22,8109,28827,2189163,76.5,76.5,75.2,76.2,-0.3,43
2022-02-23,8109,38288,2911347,75.5,76.2,75.5,76.0,-0.2,181
2022-02-24,8109,46678,3516591,75.6,76.0,75.0,75.5,-0.5,58
2022-02-25,8109,20162,1519757,75.9,76.0,75.0,75.0,-0.5,22
2022-03-01,8109,25410,1921904,75.0,76.0,75.0,75.3,0.3,26
2022-03-02,8109,3000,226600,75.5,75.6,75.5,75.6,0.3,3
2022-03-03,8109,30756,2335495,75.8,76.0,75.7,75.9,0.3,36
2022-03-04,8109,27000,2038300,75.4,76.3,75.2,76.3,0.4,22
2022-03-07,8109,62556,4663189,74.6,74.8,74.4,74.5,-1.8,55
2022-03-08,8109,71060,5232458,73.7,74.0,73.3,73.5,-1.0,51
2022-03-09,8109,25470,1876893,73.4,74.7,73.4,73.5,0.0,24
2022-03-10,8109,16048,1190081,74.5,74.5,74.0,74.0,0.5,29
2022-03-11,8109,17483,1292390,74.4,74.5,73.6,73.6,-0.4,18
2022-03-14,8109,13094,970356,74.8,74.8,73.8,74.2,0.6,15
2022-03-15,8109,12050,888510,74.2,74.2,73.3,73.3,-0.9,12
2022-03-16,8109,36300,2675195,73.7,74.0,73.5,74.0,0.7,30
2022-03-17,8109,22649,1690584,76.0,76.0,74.2,74.5,0.5,25
2022-03-18,8109,10915,811109,74.0,74.5,74.0,74.4,-0.1,16
2022-03-21,8109,29574,2215344,74.9,75.0,74.8,74.8,0.4,30
2022-03-22,8109,13213,987639,74.8,75.0,74.5,74.8,0.0,48
2022-03-23,8109,15561,1165963,74.9,75.0,74.8,74.9,0.1,22
2022-03-24,8109,11264,843158,74.9,74.9,74.8,74.9,0.0,14
2022-03-25,8109,27065,2025173,75.0,75.0,74.5,74.7,-0.2,22
2022-03-28,8109,16270,1221659,74.7,75.6,74.5,75.2,0.5,30
2022-03-29,8109,42338,3189793,74.8,75.5,74.8,75.2,0.0,27
2022-03-30,8109,18666,1404297,75.2,75.2,75.2,75.2,0.0,21
2022-03-31,8109,69842,5286590,75.1,76.5,75.0,75.9,0.7,47
2022-04-01,8109,17529,1321076,75.2,76.0,75.0,76.0,0.1,17
2022-04-06,8109,50336,3785882,76.5,76.5,75.0,75.4,-0.6,49
2022-04-07,8109,41742,3143452,75.5,76.2,75.0,75.2,-0.2,43
2022-04-08,8109,72596,5486964,75.2,76.1,75.2,76.1,0.9,61
2022-04-11,8109,68019,5162694,76.1,76.4,75.6,76.3,0.2,59
2022-04-12,8109,101678,7760105,76.3,76.6,76.0,76.2,-0.1,79
2022-04-13,8109,131039,10046786,76.3,77.0,76.2,77.0,0.8,139
2022-04-14,8109,61279,4494042,73.1,73.6,73.1,73.5,0.0,68
2022-04-15,8109,72186,5281504,73.6,73.6,72.6,72.9,-0.6,80
2022-04-18,8109,82477,5960957,72.6,72.6,72.0,72.2,-0.7,71
2022-04-19,8109,31178,2254885,72.7,72.8,72.2,72.3,0.1,35
2022-04-20,8109,43059,3105387,72.3,72.3,72.0,72.3,0.0,19
2022-04-21,8109,11033,799899,72.8,72.8,72.1,72.6,0.3,14
2022-04-22,8109,15300,1104079,72.2,72.4,72.1,72.1,-0.5,19
2022-04-25,8109,63963,4560914,71.9,71.9,71.1,71.2,-0.9,60
2022-04-26,8109,9355,669991,71.6,71.8,71.5,71.5,0.3,14
2022-04-27,8109,56162,3953902,71.0,71.0,70.2,70.5,-1.0,53
2022-04-28,8109,26731,1893276,70.5,71.0,70.4,71.0,0.5,30
2022-04-29,8109,13658,972901,71.1,71.5,71.1,71.1,0.1,20
2022-05-03,8109,5340,379768,71.1,71.1,71.1,71.1,0.0,12
2022-05-04,8109,16598,1182840,71.3,71.3,71.0,71.3,0.2,18
2022-05-05,8109,13596,969259,71.4,71.4,71.0,71.1,-0.2,15
2022-05-06,8109,26301,1864271,70.6,71.1,70.6,71.0,-0.1,26
2022-05-09,8109,31554,2233940,71.1,71.5,70.5,70.5,-0.5,35
2022-05-10,8109,76362,5359042,70.2,70.5,70.0,70.5,0.0,69
2022-05-11,8109,7908,559534,70.4,70.9,70.4,70.9,0.4,17
2022-05-12,8109,29499,2073647,70.4,70.6,70.1,70.1,-0.8,38
2022-05-13,8109,42807,3002240,70.1,70.5,70.0,70.5,0.4,40
2022-05-16,8109,66770,4726550,70.9,71.5,70.3,71.3,0.8,42
2022-05-17,8109,8621,615493,71.5,71.5,71.2,71.4,0.1,18
2022-05-18,8109,18155,1297214,71.5,71.6,71.0,71.4,0.0,14
2022-05-19,8109,9618,678416,70.4,71.1,70.2,71.1,-0.3,21
2022-05-20,8109,6782,484609,71.4,71.6,71.4,71.4,0.3,14
2022-05-23,8109,26506,1883687,71.2,71.2,70.6,70.8,-0.6,21
2022-05-24,8109,33718,2382609,71.0,71.0,70.1,71.0,0.2,33
2022-05-25,8109,12000,851000,71.0,71.2,70.7,71.2,0.2,7
2022-05-26,8109,82179,5919702,71.0,72.9,71.0,72.0,0.8,50
2022-05-27,8109,56240,4044451,72.3,72.3,71.6,71.7,-0.3,39
2022-05-30,8109,28327,2042639,71.9,72.4,71.9,72.1,0.4,24
2022-05-31,8109,21502,1557152,72.4,72.5,72.1,72.1,0.0,11
2022-06-01,8109,8822,639353,72.5,72.5,72.5,72.5,0.4,12
2022-06-02,8109,10100,732410,72.6,72.6,72.4,72.5,0.0,9
2022-06-06,8109,38373,2819740,73.5,73.8,73.2,73.5,1.0,41
2022-06-07,8109,20067,1466123,73.1,73.1,72.9,73.0,-0.5,19
2022-06-08,8109,17078,1248174,73.0,73.3,73.0,73.0,0.0,26
2022-06-09,8109,6250,456690,73.1,73.1,73.0,73.1,0.1,10
2022-06-10,8109,17228,1258780,73.1,73.2,73.0,73.0,-0.1,21
2022-06-13,8109,39172,2822088,72.1,72.2,71.9,72.0,-1.0,36
2022-06-14,8109,83157,5969862,72.0,72.1,71.5,72.0,0.0,39
2022-06-15,8109,30866,2231259,72.1,72.9,72.1,72.3,0.3,36
2022-06-16,8109,19866,1437385,72.3,72.5,72.3,72.3,0.0,25
2022-06-17,8109,18988,1359968,71.9,71.9,71.5,71.9,-0.4,23
2022-06-20,8109,28282,2014787,71.7,71.7,71.0,71.3,-0.6,26
2022-06-21,8109,6427,461121,71.5,72.0,71.5,72.0,0.7,48
2022-06-22,8109,8478,609145,71.2,72.0,71.2,71.8,-0.2,15
2022-06-23,8109,5060,362778,71.8,71.9,71.6,71.9,0.1,5
2022-06-24,8109,19016,1366952,72.0,72.0,71.5,71.6,-0.3,16
2022-06-27,8109,16688,1206467,72.8,72.8,71.7,72.3,0.7,27
2022-06-28,8109,6183,445257,72.0,72.3,71.9,72.3,0.0,6
2022-06-29,8109,18749,1350635,72.0,72.2,72.0,72.0,-0.3,14
2022-06-30,8109,19757,1420277,72.0,72.0,71.7,72.0,0.0,40
2022-07-01,8109,56661,4049200,71.9,71.9,70.6,71.4,-0.6,110
2022-07-04,8109,22775,1620527,71.5,72.0,70.1,71.4,0.0,31
2022-07-05,8109,21257,1528532,72.0,72.5,71.5,72.1,0.7,22
2022-07-06,8109,13110,932420,71.3,71.4,71.0,71.4,-0.7,17
2022-07-07,8109,24457,1753155,71.4,72.0,71.4,71.9,0.5,40
2022-07-08,8109,28317,2037019,71.9,72.1,71.7,72.1,0.2,25
2022-07-11,8109,10168,730688,71.7,72.3,71.7,72.3,0.2,15
2022-07-12,8109,33429,2375388,72.3,72.3,70.9,71.2,-1.1,66
2022-07-13,8109,89154,6440853,72.9,72.9,71.7,72.1,0.9,70
2022-07-14,8109,49885,3587794,72.0,72.3,71.7,71.7,-0.4,40
2022-07-15,8109,42836,3080148,72.0,72.0,71.7,71.8,0.1,70
2022-07-18,8109,13176,948685,71.9,72.1,71.9,72.1,0.3,20
2022-07-19,8109,193530,14125836,72.1,73.5,72.1,73.0,0.9,173
2022-07-20,8109,74828,5516593,73.5,74.4,73.0,73.4,0.4,56
2022-07-21,8109,14734,1084596,74.3,74.3,72.8,73.9,0.5,23
2022-07-22,8109,48167,3555874,73.6,74.3,73.3,73.6,-0.3,40
2022-07-25,8109,14814,1095312,74.1,74.1,73.8,73.9,0.3,22
2022-07-26,8109,7854,577207,73.9,73.9,73.1,73.6,-0.3,12
2022-07-27,8109,46708,3455352,73.7,74.5,73.6,74.5,0.9,35
2022-07-28,8109,41875,3143398,74.8,76.5,74.6,74.7,0.2,43
2022-07-29,8109,13110,979914,75.4,75.4,74.6,74.8,0.1,14
2022-08-01,8109,30751,2303782,74.7,75.2,74.7,74.9,0.1,37
2022-08-02,8109,32416,2411217,74.5,74.6,74.2,74.2,-0.7,52
2022-08-03,8109,41528,3086663,74.6,75.4,73.9,74.1,-0.1,100
2022-08-04,8109,27475,2044721,74.0,74.8,74.0,74.8,0.7,35
2022-08-05,8109,54577,4114624,74.9,75.7,74.9,75.4,0.6,56
2022-08-08,8109,29644,2237704,75.4,76.0,75.2,75.3,-0.1,51
2022-08-09,8109,17159,1290865,75.3,75.4,75.1,75.2,-0.1,22
2022-08-10,8109,54880,4153710,75.3,76.4,75.2,75.5,0.3,56
2022-08-11,8109,55506,4219710,76.0,76.5,75.7,76.5,1.0,62
2022-08-12,8109,108331,8347343,76.9,77.2,76.8,77.2,0.7,115
2022-08-15,8109,203525,16009931,78.0,79.9,77.5,79.7,2.5,213
2022-08-16,8109,100496,8021460,79.8,80.2,79.4,80.2,0.5,103
2022-08-17,8109,104329,8369495,80.1,80.8,79.8,80.0,-0.2,117
2022-08-18,8109,133358,10685126,79.5,80.7,79.4,80.0,0.0,83
2022-08-19,8109,79123,6316004,80.1,80.1,79.5,79.5,-0.5,70
2022-08-22,8109,111179,8683381,79.3,79.3,77.0,77.9,-1.6,354
2022-08-23,8109,31022,2405647,77.9,77.9,77.2,77.6,-0.3,48
2022-08-24,8109,17200,1347418,78.0,78.7,78.0,78.2,0.6,21
2022-08-25,8109,21391,1677921,78.7,78.7,78.2,78.5,0.3,29
2022-08-26,8109,32454,2576421,78.7,79.9,78.7,79.5,1.0,41
2022-08-29,8109,66571,5229309,78.2,80.5,77.7,79.2,-0.3,55
2022-08-30,8109,65007,5198799,79.2,80.5,79.2,79.9,0.7,69
2022-08-31,8109,383944,31335699,80.0,83.1,80.0,82.7,2.8,330
2022-09-01,8109,535892,45115666,82.9,85.0,82.8,84.8,2.1,530
2022-09-02,8109,165644,14013804,84.8,85.7,83.3,85.0,0.2,493
2022-09-05,8109,665926,58701442,87.1,89.4,87.0,88.7,3.7,694
2022-09-06,8109,357685,31527661,88.7,89.0,87.1,87.3,-1.4,446
2022-09-07,8109,210654,18031913,87.3,87.3,84.6,84.6,-2.7,884
2022-09-08,8109,117712,10127174,85.3,87.6,84.5,87.6,3.0,218
2022-09-12,8109,285601,25263958,88.5,89.3,87.3,89.0,1.4,338
2022-09-13,8109,387280,34761479,89.1,90.6,88.8,90.1,1.1,306
2022-09-14,8109,417671,38138620,89.3,92.3,88.2,92.2,2.1,463
2022-09-15,8109,999698,96009912,95.6,97.8,92.4,93.7,1.5,894
2022-09-16,8109,373548,34841134,94.0,95.1,91.2,91.2,-2.5,636
2022-09-19,8109,308805,27795109,90.8,91.4,88.2,89.4,-1.8,553
2022-09-20,8109,331356,30117757,90.0,92.5,88.9,91.2,1.8,390
2022-09-21,8109,330142,30293257,91.7,93.1,90.1,91.0,-0.2,322
2022-09-22,8109,390498,35157634,89.7,91.5,88.3,90.1,-0.9,336
2022-09-23,8109,185693,16735690,90.5,91.6,88.6,89.0,-1.1,630
2022-09-26,8109,373327,32226814,88.6,88.6,84.9,86.0,-3.0,572
2022-09-27,8109,324659,27901466,86.6,89.4,83.0,88.7,2.7,269
2022-09-28,8109,215195,18475432,88.0,88.0,84.6,84.6,-4.1,229
2022-09-29,8109,167717,14285822,86.1,86.8,83.0,84.6,0.0,264
2022-09-30,8109,161032,13470244,83.4,85.4,82.1,85.3,0.7,310
2022-10-03,8109,138095,11797403,84.5,86.4,84.5,86.0,0.7,127
2022-10-04,8109,139553,12152767,87.1,87.5,86.6,87.5,1.5,137
2022-10-05,8109,284042,24658541,88.2,88.2,85.0,85.0,-2.5,723
2022-10-06,8109,123686,10515820,85.7,86.0,84.5,85.1,0.1,154
2022-10-07,8109,102376,8808863,84.6,86.6,84.6,86.3,1.2,85
2022-10-11,8109,216457,18122092,85.0,85.0,83.1,83.6,-2.7,423
2022-10-12,8109,129460,10857682,83.2,84.6,83.0,84.5,0.9,151
2022-10-13,8109,229886,18958476,84.9,84.9,81.0,82.0,-2.5,677
2022-10-14,8109,175217,14697880,84.0,84.8,83.0,84.5,2.5,149
2022-10-17,8109,246234,20639616,84.7,84.9,82.5,83.9,-0.6,392
2022-10-18,8109,123237,10428177,84.9,85.1,83.6,85.1,1.2,187
2022-10-19,8109,77213,6604620,86.0,86.1,84.6,84.8,-0.3,96
2022-10-20,8109,155395,12887466,84.7,84.7,82.1,83.0,-1.8,211
2022-10-21,8109,84773,6943468,82.6,82.7,81.1,81.1,-1.9,333
2022-10-24,8109,66613,5459958,81.7,82.6,81.6,81.6,0.5,115
2022-10-25,8109,110853,8905328,81.6,81.6,79.9,80.0,-1.6,243
2022-10-26,8109,80287,6430061,80.5,80.9,79.4,80.1,0.1,202
2022-10-27,8109,44495,3614273,80.3,81.8,80.3,81.4,1.3,45
2022-10-28,8109,52399,4199620,81.0,81.0,80.0,80.0,-1.4,200
2022-10-31,8109,26100,2102850,80.3,80.7,80.3,80.5,0.5,47
2022-11-01,8109,38010,3078093,80.1,81.6,80.1,80.6,0.1,44
2022-11-02,8109,25105,2049110,81.6,81.9,81.3,81.4,0.8,21
2022-11-03,8109,438375,37526559,82.5,87.9,82.5,86.3,4.9,693
2022-11-04,8109,228405,19736297,86.7,87.8,85.5,85.9,-0.4,317
2022-11-07,8109,146677,12610763,85.9,86.8,85.6,86.0,0.1,244
2022-11-08,8109,125500,10765987,86.0,86.7,85.2,85.3,-0.7,147
2022-11-09,8109,568111,50093566,86.1,89.4,85.8,88.5,3.2,436
2022-11-10,8109,237180,21064660,89.0,89.5,88.1,88.5,0.0,467
2022-11-11,8109,365672,32497380,90.1,91.0,87.7,88.5,0.0,580
2022-11-14,8109,193278,16911807,89.0,89.0,86.4,86.9,-1.6,339
2022-11-15,8109,197267,17076897,87.4,88.2,85.7,86.1,-0.8,202
2022-11-16,8109,169066,14385635,86.5,86.5,84.5,85.1,-1.0,156
2022-11-17,8109,117911,10192973,85.5,87.3,85.1,87.0,1.9,118
2022-11-18,8109,147407,12765287,88.7,88.7,85.2,85.2,-1.8,201
2022-11-21,8109,130935,11298201,85.2,87.0,85.2,86.0,0.8,125
2022-11-22,8109,79563,6897099,86.0,87.5,86.0,87.0,1.0,78
2022-11-23,8109,67543,5882935,87.1,87.5,86.8,87.1,0.1,66
2022-11-24,8109,76644,6673787,87.2,87.5,86.7,87.0,-0.1,88
2022-11-25,8109,78831,6789793,86.8,86.9,85.6,85.7,-1.3,88
2022-11-28,8109,85147,7270044,85.5,85.8,85.1,85.1,-0.6,79
2022-11-29,8109,87443,7414551,85.0,85.5,84.3,85.4,0.3,75
2022-11-30,8109,73840,6338123,85.5,86.2,85.4,86.1,0.7,74
2022-12-01,8109,246559,21487760,86.8,87.8,86.5,87.5,1.4,202
2022-12-02,8109,251042,22221811,87.3,89.4,87.3,88.8,1.3,200
2022-12-05,8109,563807,50737906,90.5,91.0,89.2,89.2,0.4,659
2022-12-06,8109,213017,18891154,89.1,89.4,88.1,88.2,-1.0,210
2022-12-07,8109,162321,14390710,89.0,89.6,87.9,88.1,-0.1,154
2022-12-08,8109,118811,10506042,89.1,89.2,87.9,88.5,0.4,191
2022-12-09,8109,130511,11521036,89.0,89.4,87.8,87.9,-0.6,225
2022-12-12,8109,72652,6352932,87.3,87.9,87.0,87.6,-0.3,85
2022-12-13,8109,276987,23762588,86.0,86.3,85.1,85.9,-1.7,264
2022-12-14,8109,61886,5333391,85.5,86.6,85.5,86.4,0.5,68
2022-12-15,8109,60144,5207730,86.7,86.9,86.5,86.5,0.1,110
2022-12-16,8109,93177,7971711,85.3,85.8,85.0,85.4,-1.1,102
2022-12-19,8109,90847,7787480,85.2,86.6,85.1,86.6,1.2,81
2022-12-20,8109,141281,12131501,86.6,87.3,85.0,85.1,-1.5,129
2022-12-21,8109,40319,3422328,85.0,85.1,84.5,84.7,-0.4,113
2022-12-22,8109,56453,4810300,85.1,85.7,84.7,85.7,1.0,58
2022-12-23,8109,60328,5156340,85.7,85.8,85.0,85.5,-0.2,58
2022-12-26,8109,41148,3494710,85.0,85.1,84.8,84.9,-0.6,33
2022-12-27,8109,18391,1574096,85.0,86.0,85.0,85.6,0.7,23
2022-12-28,8109,119386,10290649,85.7,87.0,85.3,86.4,0.8,114
2022-12-29,8109,50468,4358430,86.4,86.6,85.8,86.4,0.0,65
2022-12-30,8109,74609,6441412,86.8,86.8,85.7,86.4,0.0,67
2023-01-03,8109,71131,6178516,86.6,87.0,86.5,86.7,0.3,67
2023-01-04,8109,63489,5529259,87.1,87.6,86.7,86.8,0.1,86
2023-01-05,8109,95628,8230997,85.4,86.4,85.4,86.3,-0.5,109
2023-01-06,8109,77248,6641510,86.3,86.7,85.5,86.5,0.2,95
2023-01-09,8109,94006,8137253,86.8,87.2,86.1,86.6,0.1,138
2023-01-10,8109,38209,3301237,87.2,87.2,86.2,86.2,-0.4,40
2023-01-11,8109,61786,5291786,85.7,86.0,85.2,85.6,-0.6,69
2023-01-12,8109,37289,3187784,85.6,86.0,85.3,85.3,-0.3,38
2023-01-13,8109,153735,13270413,86.3,87.4,85.8,86.1,0.8,135
2023-01-16,8109,59944,5181604,87.2,87.2,86.1,86.1,0.0,61
2023-01-17,8109,46006,3967332,86.8,86.8,86.1,86.3,0.2,34
2023-01-30,8109,72236,6253071,87.3,87.3,86.0,86.8,0.5,75
2023-01-31,8109,316465,27887692,87.2,89.0,87.2,89.0,2.2,222
2023-02-01,8109,160213,14294846,89.2,90.0,88.4,88.8,-0.2,364
2023-02-02,8109,111975,9960435,89.1,89.5,88.7,88.8,0.0,109
2023-02-03,8109,256509,23063048,89.3,90.2,89.1,89.8,1.0,239
2023-02-06,8109,90376,8083131,89.7,89.7,89.1,89.2,-0.6,106
2023-02-07,8109,124743,11123370,89.8,89.9,88.8,89.3,0.1,207
2023-02-08,8109,134290,12037200,89.4,90.0,89.1,89.8,0.5,295
2023-02-09,8109,65705,5904783,90.0,90.0,89.6,89.7,-0.1,60
2023-02-10,8109,162968,14409349,89.6,89.6,87.7,87.8,-1.9,175
2023-02-13,8109,189355,16410817,86.5,87.2,86.2,86.9,-0.9,168
2023-02-14,8109,64264,5616355,86.9,87.8,86.9,87.3,0.4,56
2023-02-15,8109,72328,6303281,87.3,87.4,87.0,87.2,-0.1,59
2023-02-16,8109,73118,6378719,86.8,87.6,86.8,87.1,-0.1,73
2023-02-17,8109,100852,8849518,87.5,88.2,87.1,88.2,1.1,92
2023-02-20,8109,125119,11183245,88.3,89.9,88.3,89.5,1.3,237
2023-02-21,8109,90001,8023895,89.6,89.6,88.7,89.5,0.0,282
2023-02-22,8109,39658,3527817,89.3,89.9,88.3,89.6,0.1,47
2023-02-23,8109,127768,11499119,89.6,90.4,89.6,89.9,0.3,129
2023-02-24,8109,109167,9820828,89.8,90.3,89.4,90.0,0.1,167
2023-03-01,8109,149299,13481728,89.6,90.9,89.5,90.6,0.6,132
2023-03-02,8109,169954,15466706,90.6,91.5,90.4,91.5,0.9,167
2023-03-03,8109,590683,54650823,92.5,93.6,91.4,91.5,0.0,570
2023-03-06,8109,218065,20115168,92.6,92.6,91.8,92.3,0.8,305
2023-03-07,8109,233173,21717787,92.7,93.6,92.5,93.2,0.9,336
2023-03-08,8109,274589,25731468,92.9,94.5,92.6,94.4,1.2,247
2023-03-09,8109,318084,30339804,95.3,96.6,94.6,94.8,0.4,322
2023-03-10,8109,202903,18968212,94.4,94.4,92.3,93.5,-1.3,313
2023-03-13,8109,150135,13799795,93.5,93.5,90.3,92.4,-1.1,395
2023-03-14,8109,118973,11074761,92.4,94.2,92.3,93.1,0.7,145
2023-03-15,8109,114089,10731760,93.2,94.8,93.2,94.2,1.1,166
2023-03-16,8109,162301,15113682,94.2,94.9,91.7,93.0,-1.2,216
2023-03-17,8109,121675,11369552,93.7,94.1,92.7,93.5,0.5,149
2023-03-20,8109,408766,37323127,92.0,92.2,90.2,91.3,-2.2,665
2023-03-21,8109,138510,12693283,91.7,93.0,90.0,92.0,0.7,128
2023-03-22,8109,68605,6324479,92.0,92.6,91.9,92.1,0.1,73
2023-03-23,8109,100265,9131327,92.0,92.0,90.5,90.8,-1.3,117
2023-03-24,8109,108920,9891542,90.5,91.4,90.5,90.9,0.1,121
2023-03-27,8109,76668,6981788,91.0,91.5,90.5,91.4,0.5,85
2023-03-28,8109,158227,14290273,91.4,91.4,90.0,90.5,-0.9,144
2023-03-29,8109,210359,18881503,90.5,90.5,89.5,89.6,-0.9,175
2023-03-30,8109,109171,9799987,89.8,90.3,89.5,90.3,0.7,93
2023-03-31,8109,205822,18696892,90.4,91.4,90.1,91.3,1.0,201
2023-04-06,8109,276133,24244146,87.5,88.8,87.0,87.9,0.0,282
2023-04-07,8109,89596,7893240,88.4,88.6,87.5,88.4,0.5,87
2023-04-10,8109,346599,31134277,88.5,90.9,88.5,90.2,1.8,278
2023-04-11,8109,107745,9672780,90.8,90.8,89.4,89.7,-0.5,106
2023-04-12,8109,330250,30064194,89.7,92.0,89.7,91.6,1.9,285
2023-04-13,8109,457448,42419546,91.6,94.4,90.9,92.6,1.0,435
2023-04-14,8109,455061,42994205,94.2,95.9,92.6,94.3,1.7,705
2023-04-17,8109,272225,25802251,95.0,96.0,93.7,95.2,0.9,581
2023-04-18,8109,519737,48513348,93.3,95.0,91.8,92.2,-3.0,494
2023-04-19,8109,212227,19556016,93.0,93.0,91.7,91.9,-0.3,157
2023-04-20,8109,196002,17669672,91.2,91.5,89.5,90.0,-1.9,233
2023-04-21,8109,179203,15910133,90.1,90.1,88.1,88.9,-1.1,184
2023-04-24,8109,101149,8985309,89.4,89.4,88.4,89.0,0.1,87
2023-04-25,8109,209718,18447395,88.7,89.0,87.5,87.9,-1.1,201
2023-04-26,8109,49589,4361212,87.6,88.7,87.5,88.6,0.7,53
2023-04-27,8109,45328,4019080,88.2,89.4,88.2,88.6,0.0,45
2023-04-28,8109,84690,7524520,88.6,89.3,88.5,88.5,-0.1,77
2023-05-02,8109,62120,5535659,88.8,89.5,88.8,89.3,0.8,100
2023-05-03,8109,81220,7190445,89.2,89.2,88.2,88.6,-0.7,132
2023-05-04,8109,80303,7060478,88.0,88.3,87.5,88.0,-0.6,94
2023-05-05,8109,65655,5767689,88.2,88.4,87.6,87.7,-0.3,89
2023-05-08,8109,57510,5054447,87.8,88.2,87.6,87.9,0.2,71
2023-05-09,8109,64564,5654506,87.7,87.9,87.3,87.5,-0.4,67
2023-05-10,8109,27573,2413948,87.2,87.9,87.2,87.9,0.4,48
2023-05-11,8109,192390,16637822,87.9,87.9,85.8,85.9,-2.0,182
2023-05-12,8109,26606,2294409,86.0,86.5,86.0,86.5,0.6,29
2023-05-15,8109,126807,11029344,86.5,88.0,86.0,86.7,0.2,137
2023-05-16,8109,51398,4494979,86.5,88.3,86.5,87.9,1.2,61
2023-05-17,8109,46121,4084608,87.9,88.9,87.5,88.5,0.6,65
2023-05-18,8109,118484,10557161,88.1,89.8,87.9,89.2,0.7,111
2023-05-19,8109,135200,12115637,89.8,90.0,89.3,89.8,0.6,115
2023-05-22,8109,66967,5967150,89.8,89.9,88.8,89.2,-0.6,54
2023-05-23,8109,90747,8058797,89.0,89.2,88.4,88.9,-0.3,82
2023-05-24,8109,76496,6777262,88.4,88.9,88.3,88.7,-0.2,63
2023-05-25,8109,53645,4741782,88.4,89.2,87.6,88.8,0.1,51
2023-05-26,8109,75582,6683533,88.8,89.0,88.2,88.3,-0.5,77
2023-05-29,8109,72723,6428361,88.5,88.7,88.0,88.6,0.3,71
2023-05-30,8109,90699,7995399,88.1,88.7,88.0,88.2,-0.4,96
2023-05-31,8109,96862,8494836,87.9,88.2,87.5,87.7,-0.5,109
2023-06-01,8109,70485,6190280,87.8,88.0,87.7,87.8,0.1,75
2023-06-02,8109,50450,4445963,87.7,88.5,87.7,88.2,0.4,68
2023-06-05,8109,442514,40320694,90.5,91.9,90.3,91.6,3.4,374
2023-06-06,8109,246117,22499012,92.1,92.2,90.6,91.0,-0.6,368
2023-06-07,8109,85526,7784311,91.0,91.6,90.7,90.9,-0.1,108
2023-06-08,8109,153370,13954244,91.3,91.5,90.5,90.5,-0.4,143
2023-06-09,8109,485923,45060173,90.9,93.8,90.8,93.1,2.6,405
2023-06-12,8109,262340,24166233,93.8,93.9,91.1,91.6,-1.5,587
2023-06-13,8109,207041,19100400,91.6,92.9,91.5,92.4,0.8,167
2023-06-14,8109,157427,14507783,92.5,92.9,91.5,91.9,-0.5,546
2023-06-15,8109,101130,9383585,93.0,93.7,92.3,92.8,0.9,255
2023-06-16,8109,67007,6212024,93.5,93.5,92.5,92.8,0.0,100
2023-06-19,8109,124315,11397895,92.3,92.3,91.4,91.6,-1.2,166
2023-06-20,8109,116347,10630878,91.6,92.1,90.7,91.6,0.0,78
2023-06-21,8109,31988,2943097,92.2,92.4,91.7,91.8,0.2,44
2023-06-26,8109,65880,6034223,91.5,92.0,91.4,91.8,0.0,92
2023-06-27,8109,111478,10246116,91.8,92.6,91.4,92.6,0.8,94
2023-06-28,8109,84245,7793725,92.6,92.8,92.1,92.5,-0.1,89
2023-06-29,8109,55600,5134180,92.5,92.5,92.2,92.2,-0.3,56
2023-06-30,8109,80898,7476930,92.2,92.7,91.9,92.7,0.5,73
2023-07-03,8109,98192,9094602,92.7,93.0,92.1,93.0,0.3,85
2023-07-04,8109,251669,23632203,93.4,94.6,93.0,94.6,1.6,209
2023-07-05,8109,288078,27496520,95.8,96.0,94.6,94.8,0.2,286
2023-07-06,8109,138316,13022376,94.8,94.8,93.7,94.3,-0.5,131
2023-07-07,8109,124703,11436167,92.4,92.4,91.2,91.2,0.0,144
2023-07-10,8109,128231,11746008,92.3,92.8,90.3,91.4,0.2,125
2023-07-11,8109,70628,6497167,92.0,92.4,91.7,91.9,0.5,78
2023-07-12,8109,49676,4559203,91.9,92.4,91.5,92.1,0.2,77
2023-07-13,8109,313086,29337486,92.8,95.0,92.0,94.3,2.2,241
2023-07-14,8109,234130,22105891,94.3,95.1,93.9,94.3,0.0,349
2023-07-17,8109,2291127,229573758,96.5,103.5,94.8,103.0,8.7,1749
2023-07-18,8109,1721695,168069902,101.0,101.5,94.8,95.5,-7.5,1918
2023-07-19,8109,716774,70046527,97.0,99.4,95.8,97.5,2.0,687
2023-07-20,8109,344959,33637981,99.0,99.0,96.3,97.2,-0.3,503
2023-07-21,8109,202322,19570781,96.2,97.5,96.0,97.2,0.0,168
2023-07-24,8109,457269,44582631,98.8,99.7,96.1,96.1,-1.1,398
2023-07-25,8109,675888,65695815,96.3,98.8,95.9,98.5,2.4,558
2023-07-26,8109,3217065,338398200,100.0,108.0,99.1,104.0,5.5,2294
2023-07-27,8109,2427238,262848956,103.5,111.5,102.5,109.0,5.0,2136
2023-07-28,8109,1460353,155645527,109.0,109.0,104.5,106.5,-2.5,1314
2023-07-31,8109,1082734,116214888,107.5,110.5,104.5,107.5,1.0,1025
2023-08-01,8109,1157521,121314106,107.5,109.5,101.0,105.0,-2.5,1079
2023-08-02,8109,590156,60218554,105.0,105.0,100.5,101.0,-4.0,560
2023-08-04,8109,830899,87394629,105.0,107.0,103.0,105.5,4.5,760
2023-08-07,8109,886737,94211466,106.5,108.0,103.5,107.5,2.0,685
2023-08-08,8109,1064308,114549598,108.5,110.0,105.0,107.0,-0.5,862
2023-08-09,8109,1490675,161573455,108.0,112.0,105.0,105.0,-2.0,1319
2023-08-10,8109,735745,75830006,105.0,105.0,102.0,102.5,-2.5,675
2023-08-11,8109,1029455,106129084,105.0,106.0,101.0,103.0,0.5,806
2023-08-14,8109,738181,74735721,103.0,103.5,99.9,102.0,-1.0,658
2023-08-15,8109,1256186,133139589,103.5,107.5,103.5,107.5,5.5,1026
2023-08-16,8109,1106423,119206505,107.5,109.5,105.5,108.5,1.0,1122
2023-08-17,8109,1130785,123536512,108.0,111.0,107.0,110.5,2.0,1013
2023-08-18,8109,2096763,234688736,110.5,115.0,109.0,109.5,-1.0,1922
2023-08-21,8109,1813372,205283491,111.0,116.5,110.5,112.0,2.5,1591
2023-08-22,8109,1008972,114201699,113.5,114.5,111.0,114.5,2.5,847
2023-08-23,8109,796646,90289387,115.0,115.0,112.0,113.0,-1.5,704
2023-08-24,8109,805695,89650017,112.5,113.0,110.0,112.0,-1.0,842
2023-08-25,8109,406593,45536276,111.0,113.5,110.5,112.0,0.0,390
2023-08-28,8109,1098345,120508130,113.0,113.0,108.5,110.0,-2.0,833
2023-08-29,8109,413113,45315451,112.0,112.0,108.5,110.5,0.5,373
2023-08-30,8109,479816,53230711,111.0,112.0,110.0,112.0,1.5,452
2023-08-31,8109,258298,28596934,112.0,112.0,110.0,110.5,-1.5,268
2023-09-01,8109,246461,27241136,110.5,111.0,110.0,110.0,-0.5,246
2023-09-04,8109,214988,23639389,109.5,110.5,109.5,110.0,0.0,243
2023-09-05,8109,228431,25217005,110.0,111.0,109.5,110.5,0.5,236
2023-09-06,8109,1802427,188979248,109.0,109.0,103.0,104.5,-6.0,1743
2023-09-07,8109,379031,39268319,104.5,104.5,103.0,103.5,-1.0,387
2023-09-08,8109,502683,51345548,103.0,103.5,101.5,102.0,-1.5,563
2023-09-11,8109,714108,71642071,102.0,102.0,99.9,100.5,-1.5,681
2023-09-12,8109,587143,58733449,101.5,101.5,99.3,100.5,0.0,613
2023-09-13,8109,270156,26994543,100.0,100.5,99.3,100.0,-0.5,286
2023-09-14,8109,2245885,236355030,105.0,107.0,103.0,103.0,3.0,1616
2023-09-15,8109,467776,48210561,103.5,104.0,102.0,103.0,0.0,451
2023-09-18,8109,225874,23139557,103.0,103.5,102.0,102.0,-1.0,273
2023-09-19,8109,545598,54974359,102.0,102.5,100.0,100.5,-1.5,514
2023-09-20,8109,196345,19719604,99.8,101.0,99.7,101.0,0.5,223
2023-09-21,8109,668094,66877708,100.5,101.5,99.5,99.6,-1.4,507
2023-09-22,8109,274080,27389555,99.2,100.5,98.7,100.5,0.9,269
2023-09-25,8109,189764,19186917,100.5,102.0,100.5,101.0,0.5,191
2023-09-26,8109,145486,14600389,100.0,101.5,100.0,100.0,-1.0,171
2023-09-27,8109,201836,20376239,100.0,101.5,99.8,101.5,1.5,176
2023-09-28,8109,287881,29073154,101.5,102.0,100.0,100.5,-1.0,245
2023-10-02,8109,268726,27261173,101.5,102.0,100.5,101.5,1.0,287
2023-10-03,8109,295531,29733989,101.5,101.5,100.0,100.5,-1.0,230
2023-10-04,8109,1068425,104078579,98.8,99.2,96.0,96.7,-3.8,1155
2023-10-05,8109,318527,30762129,97.0,97.3,96.1,96.3,-0.4,418
2023-10-06,8109,362601,34498539,96.5,96.5,94.7,94.9,-1.4,523
2023-10-11,8109,379968,35734794,95.2,95.4,93.5,93.6,-1.3,477
2023-10-12,8109,234576,22289251,93.6,96.2,93.6,95.6,2.0,221
2023-10-13,8109,137026,13189332,95.2,96.9,95.2,96.2,0.6,195
2023-10-16,8109,232596,22053562,95.6,95.6,94.3,94.9,-1.3,291
2023-10-17,8109,130061,12315464,95.3,95.5,94.3,94.3,-0.6,169
2023-10-18,8109,411198,39116325,95.3,96.2,94.5,94.8,0.5,412
2023-10-19,8109,103814,9837017,94.8,95.3,94.3,95.1,0.3,122
2023-10-20,8109,126712,11956614,94.7,94.8,93.8,94.5,-0.6,139
2023-10-23,8109,99157,9422286,93.8,95.8,93.8,94.7,0.2,121
2023-10-24,8109,174709,16708040,94.3,96.3,94.3,96.3,1.6,178
2023-10-25,8109,111346,10703301,96.5,96.5,96.0,96.0,-0.3,240
2023-10-26,8109,154498,14626657,95.5,95.5,94.3,94.6,-1.4,182
2023-10-27,8109,75070,7111012,94.6,95.0,94.5,94.6,0.0,74
2023-10-30,8109,74945,7138652,94.8,95.8,94.7,95.6,1.0,83
2023-10-31,8109,149650,14165226,95.8,96.0,94.0,94.3,-1.3,268
2023-11-01,8109,39847,3767860,94.4,94.9,94.3,94.6,0.3,62
2023-11-02,8109,142604,13569216,95.0,95.5,95.0,95.2,0.6,123
2023-11-03,8109,161879,15408638,95.0,95.8,94.8,94.9,-0.3,156
2023-11-06,8109,252188,24148849,95.0,96.2,94.9,96.2,1.3,216
2023-11-07,8109,136354,13155483,96.2,96.8,96.0,96.6,0.4,135
2023-11-08,8109,117311,11410490,96.8,97.5,96.8,97.4,0.8,128
2023-11-09,8109,137869,13375237,96.9,97.6,96.7,97.2,-0.2,211
2023-11-10,8109,104846,10126872,97.0,97.0,96.2,96.5,-0.7,108
2023-11-13,8109,167788,16057887,97.2,97.2,95.2,95.2,-1.3,214
2023-11-14,8109,97822,9393083,96.3,96.3,95.7,96.3,1.1,100
2023-11-15,8109,176724,17164962,96.7,97.4,96.7,97.2,0.9,190
2023-11-16,8109,223863,22009721,97.6,99.1,97.4,98.9,1.7,263
2023-11-17,8109,90879,8968063,99.0,99.1,98.4,98.8,-0.1,129
2023-11-20,8109,151273,14822923,98.6,98.6,97.7,97.7,-1.1,135
2023-11-21,8109,219689,21698276,98.2,99.3,98.2,98.2,0.5,193
2023-11-22,8109,115351,11352926,98.2,99.3,97.4,98.7,0.5,115
2023-11-23,8109,240372,23867220,99.1,99.9,98.9,98.9,0.2,189
2023-11-24,8109,55463,5508510,99.0,99.7,99.0,99.3,0.4,129
2023-11-27,8109,110482,10872916,99.5,99.5,97.7,97.7,-1.6,221
2023-11-28,8109,52274,5139303,98.0,98.5,98.0,98.4,0.7,60
2023-11-29,8109,154567,15296847,98.9,99.5,98.4,98.8,0.4,126
2023-11-30,8109,66181,6547094,98.8,99.1,98.3,98.9,0.1,89
2023-12-01,8109,197133,19612442,99.1,99.9,98.9,99.8,0.9,182
2023-12-04,8109,135669,13550210,100.0,100.5,99.2,99.4,-0.4,247
2023-12-05,8109,464234,44949965,98.5,98.5,96.0,96.6,-2.8,460
2023-12-06,8109,173316,16723209,97.3,97.3,96.0,97.2,0.6,190
2023-12-07,8109,95581,9274890,97.2,97.6,96.5,97.4,0.2,119
2023-12-08,8109,80302,7807381,97.5,97.7,96.9,96.9,-0.5,89
2023-12-11,8109,76216,7349982,96.2,96.9,96.2,96.5,-0.4,102
2023-12-12,8109,58293,5646366,96.7,97.1,96.5,97.0,0.5,83
2023-12-13,8109,420494,40235694,96.9,97.0,95.2,95.5,-1.5,422
2023-12-14,8109,118523,11396876,96.3,96.5,95.7,96.2,0.7,138
2023-12-15,8109,112257,10836117,96.5,96.7,96.2,96.7,0.5,115
2023-12-18,8109,108627,10522389,96.7,97.2,96.4,96.4,-0.3,104
2023-12-19,8109,139640,13339876,96.4,96.4,95.4,95.4,-1.0,152
2023-12-20,8109,33120,3162562,95.3,95.8,95.3,95.5,0.1,56
2023-12-21,8109,52037,4955425,95.1,95.5,95.1,95.4,-0.1,74
2023-12-22,8109,57500,5489702,95.5,95.7,95.2,95.4,0.0,96
2023-12-25,8109,87551,8323343,95.3,95.3,94.9,94.9,-0.5,133
2023-12-26,8109,41216,3936898,94.8,95.9,94.8,95.8,0.9,56
2023-12-27,8109,73800,7079939,95.8,96.1,95.2,96.0,0.2,71
2023-12-28,8109,73051,7053790,96.4,96.9,96.2,96.3,0.3,79
2023-12-29,8109,37449,3598736,96.3,96.4,95.8,96.4,0.1,39
2024-01-02,8109,66222,6327840,96.4,96.4,95.2,95.5,-0.9,108
2024-01-03,8109,66417,6333576,95.3,96.2,95.1,95.3,-0.2,142
2024-01-04,8109,86245,8206774,95.3,95.5,95.0,95.5,0.2,94
2024-01-05,8109,53154,5058415,95.3,95.4,95.0,95.1,-0.4,67
2024-01-08,8109,98211,9336801,95.0,95.5,94.8,94.8,-0.3,121
2024-01-09,8109,195015,18366300,94.8,94.9,93.8,94.0,-0.8,210
2024-01-10,8109,125051,11655788,93.7,93.7,93.0,93.1,-0.9,196
2024-01-11,8109,74717,6965395,93.0,93.6,92.9,93.5,0.4,107
2024-01-12,8109,43720,4104684,93.5,94.2,93.5,93.7,0.2,69
2024-01-15,8109,86629,8193493,93.8,95.2,93.8,95.1,1.4,95
2024-01-16,8109,73966,7001138,94.6,95.1,94.0,95.0,-0.1,67
2024-01-17,8109,89876,8501995,95.4,95.4,94.1,94.1,-0.9,109
2024-01-18,8109,70582,6598942,94.1,94.5,93.1,93.4,-0.7,103
2024-01-19,8109,69865,6605141,93.9,94.9,93.9,94.6,1.2,213
2024-01-22,8109,117663,11246946,95.0,96.4,94.9,95.7,1.1,124
2024-01-23,8109,38228,3653168,95.7,95.8,95.3,95.7,0.0,130
2024-01-24,8109,46615,4452899,95.6,95.8,95.3,95.5,-0.2,139
2024-01-25,8109,69304,6651122,95.3,96.2,95.3,95.7,0.2,58
2024-01-26,8109,70520,6777295,95.8,96.4,95.8,95.8,0.1,271
2024-01-29,8109,112444,10837770,95.8,97.2,95.8,97.0,1.2,198
2024-01-30,8109,30947,2986447,97.0,97.0,96.0,96.1,-0.9,344
2024-01-31,8109,40318,3859676,96.1,96.1,95.4,95.8,-0.3,71
2024-02-01,8109,49658,4731454,95.7,95.7,95.0,95.1,-0.7,66
2024-02-02,8109,24952,2377913,95.4,95.6,95.0,95.2,0.1,42
2024-02-05,8109,38501,3657771,95.2,95.7,94.6,94.8,-0.4,45
2024-02-15,8109,82745,7891355,94.9,96.2,94.8,95.8,1.0,92
2024-02-16,8109,76804,7422656,96.4,97.0,96.3,97.0,1.2,82
2024-02-19,8109,114984,11195068,97.4,97.8,97.0,97.6,0.6,112
2024-02-20,8109,86916,8447096,97.6,97.6,96.9,97.1,-0.5,92
2024-02-21,8109,63100,6136831,97.3,97.5,97.1,97.2,0.1,74
2024-02-22,8109,122366,11954640,97.5,98.3,97.3,97.6,0.4,136
2024-02-23,8109,120764,11780086,98.1,98.1,97.2,97.3,-0.3,114
2024-02-26,8109,48688,4753244,97.4,97.8,97.4,97.5,0.2,50
2024-02-27,8109,93701,9126432,97.7,98.2,96.9,97.0,-0.5,89
2024-02-29,8109,73221,7128835,97.3,97.8,97.2,97.2,0.2,56
2024-03-01,8109,153939,15119926,98.3,98.6,97.4,98.5,1.3,153
2024-03-04,8109,138434,13663090,99.0,99.5,98.5,98.6,0.1,167
2024-03-05,8109,201265,19580993,98.0,98.0,97.0,97.2,-1.4,296
2024-03-06,8109,67599,6600248,97.2,98.2,97.0,97.7,0.5,127
2024-03-07,8109,170746,16504569,97.7,97.7,96.3,96.6,-1.1,271
2024-03-08,8109,255498,24467822,96.6,96.9,95.2,96.0,-0.6,305
2024-03-11,8109,353103,34500295,97.8,98.8,96.5,98.3,2.3,309
2024-03-12,8109,620874,62524674,99.3,102.0,99.0,101.0,2.7,542
2024-03-13,8109,296922,30128287,102.0,102.5,101.0,101.5,0.5,639
2024-03-14,8109,251294,25513833,101.5,102.0,101.0,101.5,0.0,282
2024-03-15,8109,226433,22965885,101.5,102.0,101.0,101.0,-0.5,217
2024-03-18,8109,539818,55714201,101.5,105.5,100.5,104.0,3.0,492
2024-03-19,8109,263280,27189785,104.5,104.5,102.5,103.0,-1.0,413
2024-03-20,8109,168538,17351346,104.0,104.0,102.0,103.0,0.0,212
2024-03-21,8109,227050,23498187,103.5,104.0,103.0,103.5,0.5,259
2024-03-22,8109,222000,23117313,104.0,105.0,103.5,103.5,0.0,263
2024-03-25,8109,279489,29215887,104.0,105.0,104.0,104.0,0.5,275
2024-03-26,8109,405859,41938790,104.0,104.5,102.5,102.5,-1.5,418
2024-03-27,8109,631007,65557356,102.5,104.5,102.5,104.5,2.0,480
2024-03-28,8109,686616,68051915,98.6,99.8,98.5,98.9,0.0,524
2024-03-29,8109,278465,27317761,99.0,99.0,97.7,97.8,-1.1,324
2024-04-01,8109,214025,21227319,98.3,100.5,98.0,99.5,1.7,209
2024-04-02,8109,88899,8811203,99.9,99.9,98.6,99.1,-0.4,231
2024-04-03,8109,177232,17323229,98.0,98.2,97.6,97.6,-1.5,186
2024-04-08,8109,150437,14572743,97.0,97.3,96.6,96.8,-0.8,217
2024-04-09,8109,106231,10237783,96.8,96.9,96.1,96.1,-0.7,171
2024-04-10,8109,70150,6752524,96.0,96.6,95.9,96.3,0.2,105
2024-04-11,8109,194150,18502805,96.3,96.3,94.8,95.1,-1.2,303
2024-04-12,8109,97577,9297044,95.0,96.5,95.0,95.2,0.1,128
2024-04-15,8109,130960,12405506,95.5,95.5,94.3,94.5,-0.7,161
2024-04-16,8109,247063,22989812,94.6,94.6,92.4,93.0,-1.5,401
2024-04-17,8109,64129,6016088,93.0,94.4,93.0,93.8,0.8,85
2024-04-18,8109,70697,6623414,93.4,94.0,93.0,93.8,0.0,99
2024-04-19,8109,219589,20244837,93.8,93.8,91.0,93.0,-0.8,351
2024-04-22,8109,109831,10180058,93.0,93.2,92.4,92.4,-0.6,140
2024-04-23,8109,39119,3614802,93.0,93.0,92.2,92.2,-0.2,75
2024-04-24,8109,74709,6892364,92.2,92.4,92.1,92.2,0.0,76
2024-04-25,8109,73698,6830954,92.2,93.3,92.2,92.7,0.5,96
2024-04-26,8109,68362,6400190,92.8,94.0,92.8,93.6,0.9,113
2024-04-29,8109,180692,16851644,93.7,94.1,93.0,93.1,-0.5,163
2024-04-30,8109,69995,6572544,93.1,94.5,93.1,94.5,1.4,70
2024-05-02,8109,42364,3982636,94.5,94.6,93.7,94.3,-0.2,45
2024-05-03,8109,120817,11577450,94.8,96.6,94.8,96.1,1.8,118
2024-05-06,8109,44483,4248054,96.3,96.3,95.1,95.7,-0.4,89
2024-05-07,8109,115159,10969127,95.8,95.8,95.0,95.3,-0.4,103
2024-05-08,8109,75905,7227070,95.0,95.8,94.9,95.0,-0.3,98
2024-05-09,8109,92826,8814919,95.8,95.8,94.4,94.6,-0.4,193
2024-05-10,8109,173966,16412602,94.7,95.1,93.9,94.9,0.3,153
2024-05-13,8109,63994,6133339,94.9,96.4,94.9,95.5,0.6,90
2024-05-14,8109,58861,5662298,95.5,96.6,95.5,96.0,0.5,89
2024-05-15,8109,86226,8329044,96.9,97.2,96.0,97.2,1.2,157
2024-05-16,8109,100344,9774830,97.2,98.6,96.5,98.2,1.0,150
2024-05-17,8109,111882,10995065,98.1,98.6,97.8,98.5,0.3,265
2024-05-20,8109,70727,6966738,99.0,99.0,98.0,98.3,-0.2,110
2024-05-21,8109,62644,6167577,98.9,98.9,98.0,98.1,-0.2,77
2024-05-22,8109,42443,4156224,98.2,98.2,97.6,98.0,-0.1,224
2024-05-23,8109,63022,6150534,97.7,98.0,97.3,98.0,0.0,85
2024-05-24,8109,30210,2938524,97.0,98.0,96.8,97.1,-0.9,69
2024-05-27,8109,75062,7265315,97.2,97.2,96.4,96.9,-0.2,144
2024-05-28,8109,57918,5611993,96.9,97.8,96.5,97.0,0.1,86
2024-05-29,8109,37517,3633438,97.1,97.1,96.6,96.6,-0.4,74
2024-05-30,8109,62826,6051733,96.9,96.9,95.8,95.8,-0.8,83
2024-05-31,8109,49918,4785050,96.5,96.5,95.4,96.0,0.2,119
2024-06-03,8109,84861,8147002,96.0,96.5,95.4,96.3,0.3,108
2024-06-04,8109,22961,2210088,96.3,96.5,96.0,96.0,-0.3,52
2024-06-05,8109,138828,13160937,95.2,95.2,94.4,94.8,-1.2,201
2024-06-06,8109,85229,8033680,95.4,95.4,93.8,94.1,-0.7,169
2024-06-07,8109,89501,8393678,94.1,94.4,93.5,93.6,-0.5,133
2024-06-11,8109,65423,6124589,94.0,94.2,93.4,93.6,0.0,95
2024-06-12,8109,95226,8880888,93.6,93.9,93.0,93.9,0.3,118
2024-06-13,8109,75710,7086948,93.8,93.8,93.2,93.8,-0.1,110
2024-06-14,8109,31039,2921338,94.0,94.4,93.9,94.2,0.4,48
2024-06-17,8109,46060,4370130,94.2,95.3,94.2,94.8,0.6,71
2024-06-18,8109,45882,4342832,94.9,95.1,94.3,94.3,-0.5,73
2024-06-19,8109,65975,6204270,94.3,94.3,93.8,93.8,-0.5,126
2024-06-20,8109,25030,2354699,93.8,94.3,93.8,94.3,0.5,42
2024-06-21,8109,15308,1445814,94.3,94.5,94.3,94.5,0.2,30
2024-06-24,8109,36716,3461499,94.3,94.5,93.9,94.4,-0.1,55
2024-06-25,8109,150937,14239508,94.4,94.6,93.9,94.0,-0.4,129
2024-06-26,8109,43820,4155775,94.0,95.1,94.0,94.7,0.7,79
2024-06-27,8109,100904,9542497,94.6,95.0,94.4,94.6,-0.1,108
2024-06-28,8109,212060,19938222,94.7,95.1,91.0,94.0,-0.6,183
2024-07-01,8109,37270,3505138,94.2,94.2,93.8,93.8,-0.2,61
2024-07-02,8109,46453,4348235,93.9,93.9,93.1,93.8,0.0,75
2024-07-03,8109,128688,12054836,94.0,94.1,93.2,93.2,-0.6,141
2024-07-04,8109,84589,7881419,93.3,93.7,93.0,93.1,-0.1,128
2024-07-05,8109,143014,13299303,93.0,93.5,92.6,93.3,0.2,152
2024-07-08,8109,154502,14286943,93.3,93.3,92.2,92.2,-1.1,284
2024-07-09,8109,162112,14864883,92.2,92.2,91.3,91.3,-0.9,247
2024-07-10,8109,91047,8413825,91.4,93.5,91.4,92.1,0.8,120
2024-07-11,8109,48553,4494059,91.5,92.8,91.5,92.4,0.3,71
2024-07-12,8109,40090,3706847,92.4,93.0,92.1,92.6,0.2,63
2024-07-15,8109,31521,2914122,92.7,92.7,92.2,92.4,-0.2,117
2024-07-16,8109,47135,4385401,92.7,93.2,92.7,93.0,0.6,61
2024-07-17,8109,27177,2529097,93.2,93.2,93.0,93.0,0.0,38
2024-07-18,8109,39844,3675766,92.5,92.5,92.0,92.2,-0.8,51
2024-07-19,8109,47665,4377411,92.2,92.2,91.6,91.8,-0.4,81
2024-07-22,8109,107746,9829430,91.5,91.5,91.1,91.1,-0.7,163
2024-07-23,8109,53282,4893603,92.0,92.0,91.5,91.6,0.5,49
2024-07-26,8109,34251,3128220,91.0,91.8,91.0,91.3,-0.3,59
2024-07-29,8109,44231,4063463,92.5,92.5,91.5,91.5,0.2,50
2024-07-30,8109,91189,8250534,91.5,91.5,90.0,90.9,-0.6,177
2024-07-31,8109,30558,2783646,90.9,92.2,90.5,92.2,1.3,43
2024-08-01,8109,54639,5028364,92.5,92.7,91.9,92.3,0.1,49
2024-08-02,8109,90457,8305821,92.3,92.3,91.7,91.7,-0.6,58
2024-08-05,8109,225804,19775705,90.5,90.5,86.0,86.6,-5.1,367
2024-08-06,8109,178387,15323510,86.5,87.9,83.2,86.9,0.3,243
2024-08-07,8109,37844,3375213,88.9,89.6,88.8,89.0,2.1,145
2024-08-08,8109,35533,3157271,89.5,89.5,88.7,88.9,-0.1,91
2024-08-09,8109,14536,1306182,90.5,90.5,89.2,89.5,0.6,56
2024-08-12,8109,67165,5971067,89.1,89.6,88.5,88.8,-0.7,123
2024-08-13,8109,25279,2254456,89.6,89.6,88.8,89.0,0.2,24
2024-08-14,8109,23464,2091195,88.7,89.7,88.7,89.1,0.1,55
2024-08-15,8109,23667,2103427,89.0,89.0,88.7,88.7,-0.4,32
2024-08-16,8109,29594,2627281,88.7,89.4,88.6,88.8,0.1,74
2024-08-19,8109,29444,2625420,88.8,89.5,88.8,89.5,0.7,50
2024-08-20,8109,75383,6715192,89.6,89.7,89.0,89.2,-0.3,33
2024-08-21,8109,50200,4466900,88.8,89.2,88.8,89.0,-0.2,36
2024-08-22,8109,36140,3208621,89.0,89.0,88.5,88.5,-0.5,51
2024-08-23,8109,45460,4011688,88.0,88.5,88.0,88.5,0.0,46
2024-08-26,8109,41934,3696605,88.4,88.5,87.6,88.2,-0.3,61
2024-08-27,8109,95288,8324303,88.2,88.2,87.0,87.2,-1.0,124
2024-08-28,8109,97279,8686918,87.3,90.5,87.3,89.1,1.9,101
2024-08-29,8109,36135,3224959,89.7,89.8,88.4,89.0,-0.1,75
2024-08-30,8109,55032,4920082,89.3,89.8,89.1,89.8,0.8,83
2024-09-02,8109,41153,3683689,89.8,89.9,89.3,89.8,0.0,35
2024-09-03,8109,45210,4060848,89.5,90.4,89.5,89.7,-0.1,39
2024-09-04,8109,89376,7931306,89.0,89.5,87.6,88.3,-1.4,106
2024-09-05,8109,43960,3881167,88.8,88.8,88.0,88.0,-0.3,69
2024-09-06,8109,24481,2156225,87.8,88.2,87.8,88.0,0.0,47
2024-09-09,8109,26178,2303300,87.8,88.3,87.6,88.0,0.0,28
2024-09-10,8109,62327,5493068,90.0,90.0,87.6,87.6,-0.4,62
2024-09-11,8109,32508,2865004,88.0,88.5,87.8,88.0,0.4,22
2024-09-12,8109,2130,191390,89.9,89.9,89.8,89.8,1.8,4
2024-09-13,8109,19584,1745644,90.5,90.5,88.7,89.0,-0.8,23
2024-09-16,8109,26351,2349770,89.0,89.7,88.9,89.6,0.6,36
2024-09-18,8109,16841,1503619,89.3,89.9,89.0,89.0,-0.6,21
2024-09-19,8109,14501,1299448,90.1,90.1,89.2,89.6,0.6,15
2024-09-20,8109,40273,3621799,89.9,90.4,89.7,89.7,0.1,46
2024-09-23,8109,39909,3609923,90.0,90.9,90.0,90.7,1.0,55
2024-09-24,8109,34413,3140111,91.0,91.5,90.8,91.3,0.6,58
2024-09-25,8109,33221,3037914,92.8,92.8,91.3,91.5,0.2,51
2024-09-26,8109,37465,3424618,91.4,91.7,91.3,91.6,0.1,56
2024-09-27,8109,14363,1311230,91.3,91.4,91.2,91.4,-0.2,24
2024-09-30,8109,18805,1711829,91.0,91.6,90.9,90.9,-0.5,255
2024-10-01,8109,26098,2360728,90.3,90.8,90.0,90.0,-0.9,115
2024-10-04,8109,11016,984770,89.3,89.5,89.3,89.5,-0.5,294
2024-10-07,8109,17082,1517755,88.6,89.4,88.5,89.4,-0.1,85
2024-10-08,8109,121374,10718540,88.6,89.0,87.7,88.4,-1.0,130
2024-10-09,8109,58633,5158449,88.4,88.4,87.8,87.8,-0.6,72
2024-10-11,8109,109278,9498635,86.5,87.2,86.5,86.9,-0.9,150
2024-10-14,8109,15891,1383783,86.9,87.5,86.9,87.2,0.3,39
2024-10-15,8109,50279,4423570,88.0,88.1,87.8,87.9,0.7,63
2024-10-16,8109,47401,4158965,87.8,88.0,87.5,87.5,-0.4,139
2024-10-17,8109,29377,2574667,87.5,88.0,87.5,88.0,0.5,87
2024-10-18,8109,16507,1452107,88.1,88.4,87.6,87.6,-0.4,29
2024-10-21,8109,34871,3058629,87.7,87.8,87.6,87.6,0.0,51
2024-10-22,8109,29525,2587276,87.7,87.8,87.5,87.6,0.0,48
2024-10-23,8109,42494,3717263,87.5,87.9,87.1,87.5,-0.1,33
2024-10-24,8109,18821,1658314,87.5,88.4,87.5,88.0,0.5,31
2024-10-25,8109,31663,2786585,87.3,88.1,87.3,88.0,0.0,29
2024-10-28,8109,75285,6622798,88.0,88.2,87.2,87.5,-0.5,50
2024-10-29,8109,35900,3140034,87.5,87.8,87.3,87.8,0.3,41
2024-10-30,8109,31088,2729402,87.6,88.0,87.6,87.6,-0.2,39
2024-11-01,8109,70655,6266290,87.7,90.0,87.7,88.6,1.0,58
2024-11-04,8109,42689,3786420,88.9,89.1,88.2,88.3,-0.3,44
2024-11-05,8109,60563,5324809,87.3,88.5,87.2,87.8,-0.5,43
2024-11-06,8109,18654,1641689,87.9,88.9,87.7,87.7,-0.1,41
2024-11-07,8109,13127,1154622,87.8,88.1,87.8,88.1,0.4,37
2024-11-08,8109,44581,3927152,88.2,88.3,88.0,88.1,0.0,34
2024-11-11,8109,27158,2387063,88.1,88.5,87.6,87.8,-0.3,44
2024-11-12,8109,60012,5243231,87.6,87.8,86.9,87.7,-0.1,102
2024-11-13,8109,41090,3591228,87.7,87.8,87.0,87.3,-0.4,42
2024-11-14,8109,93648,8165275,87.4,88.0,86.9,87.1,-0.2,85
2024-11-15,8109,81034,7065707,87.2,87.5,87.0,87.1,0.0,93
2024-11-18,8109,59683,5184228,86.7,87.1,86.7,86.7,-0.4,76
2024-11-19,8109,41036,3554975,86.5,86.9,86.5,86.8,0.1,68
2024-11-20,8109,77887,6737767,86.7,86.7,86.2,86.7,-0.1,101
2024-11-21,8109,54031,4665529,86.2,86.7,86.2,86.3,-0.4,137
2024-11-22,8109,30778,2667435,86.4,87.0,86.4,86.7,0.4,46
2024-11-25,8109,17118,1483770,86.6,86.9,86.5,86.7,0.0,49
2024-11-26,8109,13673,1188848,86.7,87.1,86.7,86.9,0.2,21
2024-11-27,8109,51566,4488169,86.9,87.3,86.8,87.0,0.1,58
2024-11-28,8109,27231,2367422,87.0,87.1,86.8,87.1,0.1,20
2024-11-29,8109,71627,6280001,87.6,88.1,87.5,88.1,1.0,47
2024-12-02,8109,8625,756074,87.5,87.9,87.5,87.6,-0.5,38
2024-12-03,8109,18439,1615641,87.6,87.8,87.5,87.6,0.0,83
2024-12-04,8109,13645,1196983,87.7,87.8,87.5,87.8,0.2,69
2024-12-05,8109,27913,2461213,88.8,88.8,87.6,87.9,0.1,70
2024-12-06,8109,32331,2844292,88.0,88.0,87.9,87.9,0.0,31
2024-12-09,8109,29551,2592122,87.5,87.9,87.5,87.7,-0.2,128
2024-12-10,8109,33384,2928485,87.8,88.0,87.5,87.7,0.0,28
2024-12-11,8109,18921,1664727,88.0,88.0,87.9,87.9,0.2,46
2024-12-12,8109,9308,818337,88.2,88.2,87.6,87.6,-0.3,17
2024-12-13,8109,24443,2143036,88.2,88.2,87.5,87.5,-0.1,37
2024-12-16,8109,33638,2927821,87.5,88.0,86.5,86.5,-1.0,53
2024-12-17,8109,31430,2723839,86.5,86.8,86.5,86.7,0.2,50
2024-12-18,8109,26189,2280070,86.7,87.2,86.7,86.9,0.2,28
2024-12-19,8109,34533,3001553,86.5,87.2,86.5,87.0,0.1,35
2024-12-20,8109,43760,3828451,87.2,88.0,87.2,87.2,0.2,58
2024-12-23,8109,43824,3858102,87.7,88.3,87.7,87.9,0.7,70
2024-12-24,8109,39918,3516573,88.0,88.3,88.0,88.2,0.3,47
2024-12-25,8109,28469,2513190,88.5,88.5,88.2,88.5,0.3,36
2024-12-26,8109,51160,4553335,88.5,89.5,88.5,89.5,1.0,65
2024-12-27,8109,64995,5858343,89.5,90.4,89.5,90.1,0.6,153
2024-12-30,8109,50428,4550762,90.1,90.5,90.1,90.2,0.1,197
2024-12-31,8109,123781,11279774,90.2,91.8,90.2,91.5,1.3,200
2025-01-02,8109,49373,4520615,91.7,91.9,91.0,91.5,0.0,300
2025-01-03,8109,178081,16577030,91.5,93.9,91.5,93.5,2.0,308
2025-01-06,8109,121448,11235943,93.5,93.5,92.0,92.1,-1.4,708
2025-01-07,8109,63233,5796442,92.0,92.5,91.1,92.5,0.4,168
2025-01-08,8109,26842,2469872,91.6,92.3,91.6,92.3,-0.2,37
2025-01-09,8109,42896,3940761,91.9,92.4,91.5,91.9,-0.4,109
2025-01-10,8109,52544,4777030,91.6,91.6,90.4,91.6,-0.3,58
2025-01-13,8109,57981,5266089,90.7,91.4,90.5,91.4,-0.2,85
2025-01-14,8109,23264,2118479,91.4,91.4,90.8,91.0,-0.4,39
2025-01-15,8109,23151,2100508,90.6,90.9,90.6,90.9,-0.1,143
2025-01-16,8109,64028,5913005,91.8,92.7,91.7,92.7,1.8,87
2025-01-17,8109,34307,3166863,92.7,92.7,92.1,92.1,-0.6,320
2025-01-20,8109,19890,1825068,91.6,92.2,91.5,91.8,-0.3,133
2025-01-21,8109,48791,4495531,91.8,93.0,91.8,92.2,0.4,171
2025-01-22,8109,30040,2776038,92.6,92.6,92.2,92.3,0.1,133
2025-02-03,8109,42774,3938273,91.9,92.9,90.7,92.4,0.1,77
2025-02-04,8109,34674,3211833,92.5,92.9,92.5,92.7,0.3,59
2025-02-05,8109,38862,3610490,92.8,93.2,92.7,93.0,0.3,52
2025-02-06,8109,72929,6794545,93.4,93.5,92.6,93.2,0.2,77
2025-02-07,8109,17782,1652776,92.7,93.1,92.6,92.9,-0.3,40
2025-02-10,8109,418259,40147429,94.4,97.0,94.4,96.4,3.5,528
2025-02-11,8109,105931,10160747,96.5,96.5,95.7,95.9,-0.5,566
2025-02-12,8109,52373,5007374,96.0,96.0,95.4,95.9,0.0,76
2025-02-13,8109,75289,7188782,96.1,96.1,95.0,95.1,-0.8,117
2025-02-14,8109,73454,6947706,94.6,94.7,94.4,94.7,-0.4,85
2025-02-17,8109,47105,4476274,94.7,95.2,94.7,94.8,0.1,59
2025-02-18,8109,56379,5373321,94.8,95.7,94.8,95.2,0.4,76
2025-02-19,8109,73505,6964346,95.2,95.7,94.1,95.6,0.4,78
2025-02-20,8109,33091,3153446,95.9,96.0,95.1,95.2,-0.4,59
2025-02-21,8109,32584,3109953,95.9,95.9,95.0,95.3,0.1,47
2025-02-24,8109,49469,4748744,95.3,96.2,95.3,96.1,0.8,66
2025-02-25,8109,48105,4591678,96.3,96.3,95.0,95.2,-0.9,65
2025-02-26,8109,46536,4424054,95.0,95.5,94.7,95.5,0.3,52
2025-02-27,8109,74689,7117261,96.0,96.2,94.6,96.0,0.5,88
2025-03-03,8109,66774,6351549,95.1,95.6,94.8,95.6,-0.4,101
2025-03-04,8109,128528,12215646,95.2,95.4,94.7,94.7,-0.9,114
2025-03-05,8109,83594,7973092,95.1,95.7,94.8,95.2,0.5,55
2025-03-06,8109,92087,8727991,95.4,95.4,94.3,94.3,-0.9,109
2025-03-07,8109,52302,4902622,94.0,94.1,93.4,93.7,-0.6,69
2025-03-10,8109,40388,3785607,93.8,94.0,93.4,93.7,0.0,74
2025-03-11,8109,155679,14508145,93.4,93.8,92.6,93.1,-0.6,148
2025-03-12,8109,47964,4471741,93.5,93.5,93.0,93.0,-0.1,173
2025-03-13,8109,87978,8174790,93.3,94.1,92.3,92.3,-0.7,128
2025-03-14,8109,52778,4874771,92.3,92.6,92.0,92.6,0.3,66
2025-03-17,8109,88867,8191596,92.6,92.7,91.8,91.8,-0.8,137
2025-03-18,8109,39378,3648175,92.5,94.3,92.1,92.7,0.9,58
2025-03-19,8109,46273,4273310,92.3,92.5,92.0,92.0,-0.7,57
2025-03-20,8109,42960,3975450,92.2,92.8,92.2,92.5,0.5,52
2025-03-21,8109,13764,1272804,92.5,92.8,92.3,92.8,0.3,32
2025-03-24,8109,66586,6154671,92.8,92.9,92.2,92.5,-0.3,75
2025-03-25,8109,58716,5401929,92.5,92.5,91.7,91.9,-0.6,89
2025-03-26,8109,126615,11582195,92.0,92.1,91.1,91.1,-0.8,175
2025-03-27,8109,122968,10861834,88.2,89.3,87.1,88.1,0.0,239
2025-03-28,8109,96681,8441439,88.1,88.1,86.8,87.6,-0.5,175
2025-03-31,8109,127969,11063565,87.5,87.6,85.7,85.7,-1.9,217
2025-04-01,8109,110401,9437217,85.8,86.0,85.0,85.7,0.0,95
2025-04-02,8109,52295,4474135,85.8,86.1,85.1,86.0,0.3,75
2025-04-07,8109,405884,31431822,77.4,78.0,77.4,77.4,-8.6,415
2025-04-08,8109,181802,14774364,84.8,84.8,79.2,83.4,6.0,230
2025-04-09,8109,274384,22144545,83.6,83.6,79.0,79.3,-4.1,395
2025-04-10,8109,465831,39062283,80.0,86.7,80.0,84.9,5.6,399
2025-04-11,8109,127371,10575444,82.0,85.0,80.0,83.8,-1.1,221
2025-04-14,8109,116227,9598835,83.9,84.1,81.7,81.8,-2.0,133
2025-04-15,8109,58120,4750275,81.8,82.1,81.4,81.7,-0.1,73
2025-04-16,8109,131535,10608807,81.5,81.7,79.9,80.3,-1.4,156
2025-04-17,8109,52794,4229835,80.6,80.6,79.3,80.6,0.3,66
2025-04-18,8109,39895,3227619,80.7,81.7,80.5,80.5,-0.1,55
2025-04-21,8109,90898,7205453,80.2,80.4,78.5,79.3,-1.2,92
2025-04-22,8109,16632,1321051,78.7,80.2,78.7,79.3,0.0,29
2025-04-23,8109,16001,1297283,80.5,81.6,80.5,81.1,1.8,17
2025-04-24,8109,9550,771690,80.5,81.1,80.5,80.9,-0.2,24
2025-04-25,8109,61383,4991843,81.3,81.7,80.9,81.0,0.1,46
2025-04-28,8109,61551,5029619,81.1,82.4,81.0,81.5,0.5,51
2025-04-29,8109,56596,4677219,82.5,83.3,81.9,82.6,1.1,71
2025-04-30,8109,40309,3328791,82.6,83.1,82.1,83.1,0.5,66
2025-05-02,8109,41755,3489989,83.1,84.1,82.8,83.8,0.7,56
2025-05-05,8109,107497,8712463,83.7,83.7,79.9,80.9,-2.9,137
2025-05-06,8109,45229,3661506,81.2,81.3,80.1,81.2,0.3,59
2025-05-07,8109,23178,1881495,81.2,81.5,80.8,81.1,-0.1,27
2025-05-08,8109,92044,7406570,81.1,81.4,80.0,81.0,-0.1,102
2025-05-09,8109,76487,6231825,81.3,82.0,81.2,81.2,0.2,49
2025-05-12,8109,29504,2421659,83.2,83.2,81.5,82.0,0.8,48
2025-05-13,8109,62251,5178006,82.6,83.9,82.4,83.4,1.4,65
2025-05-14,8109,65365,5496300,84.5,84.6,83.1,84.4,1.0,69
2025-05-15,8109,39916,3345856,84.4,84.4,83.5,83.7,-0.7,48
2025-05-16,8109,42116,3533890,83.9,84.1,83.6,83.7,0.0,41
2025-05-19,8109,50493,4181826,83.2,83.2,82.6,82.7,-1.0,54
2025-05-20,8109,25955,2150213,82.8,83.0,82.7,82.8,0.1,35
2025-05-21,8109,11551,956978,83.6,83.6,82.7,83.1,0.3,18
2025-05-22,8109,13380,1107812,82.7,83.0,82.7,82.8,-0.3,20
2025-05-23,8109,21406,1779531,82.8,83.5,82.8,82.9,0.1,28
2025-05-26,8109,30512,2517098,82.3,82.8,82.1,82.4,-0.5,39
2025-05-27,8109,46699,3823046,82.0,82.6,81.3,81.4,-1.0,54
2025-05-28,8109,27879,2270042,81.4,81.8,81.1,81.8,0.4,29
2025-05-29,8109,36356,2982041,81.6,82.8,81.5,82.1,0.3,45
2025-06-02,8109,24484,1996346,82.0,82.0,81.3,81.6,-0.5,24
2025-06-03,8109,21377,1750871,82.0,82.1,81.7,82.1,0.5,20
2025-06-04,8109,24688,2028672,82.3,82.4,82.1,82.1,0.0,35
2025-06-05,8109,17858,1465522,82.4,82.4,81.9,81.9,-0.2,31
2025-06-06,8109,28970,2378920,82.0,82.8,81.9,82.0,0.1,30
2025-06-09,8109,5331,437064,82.0,82.3,81.7,82.1,0.1,11
2025-06-10,8109,12465,1024827,82.2,82.5,82.1,82.2,0.1,28
2025-06-11,8109,61742,5106621,82.3,83.2,82.3,83.2,1.0,53
2025-06-12,8109,5572,463348,83.0,83.4,83.0,83.4,0.2,11
2025-06-13,8109,39004,3217930,83.4,83.4,82.2,82.2,-1.2,23
2025-06-16,8109,19647,1610341,82.1,82.2,81.9,82.2,0.0,27
2025-06-17,8109,54250,4462047,82.2,82.6,82.0,82.5,0.3,35
2025-06-18,8109,22810,1896509,82.3,83.6,82.2,83.1,0.6,31
2025-06-19,8109,13138,1091736,83.1,83.1,83.1,83.1,0.0,16
2025-06-20,8109,7023,579807,82.7,82.7,82.5,82.5,-0.6,10
2025-06-23,8109,7647,628850,82.1,82.5,82.1,82.2,-0.3,20
2025-06-24,8109,12404,1023050,82.6,82.6,82.3,82.5,0.3,29
2025-06-25,8109,18988,1568717,82.5,82.9,82.4,82.4,-0.1,32
2025-06-26,8109,9442,776351,82.4,82.4,82.1,82.2,-0.2,21
2025-06-27,8109,42153,3444843,82.2,82.2,80.9,82.0,-0.2,53
2025-06-30,8109,24159,1967280,81.9,81.9,81.1,81.8,-0.2,29
2025-07-01,8109,40578,3337851,81.8,82.8,81.7,82.6,0.8,31
2025-07-02,8109,54721,4465318,82.2,82.2,81.2,81.6,-1.0,67
2025-07-03,8109,44441,3653262,81.6,82.6,81.6,82.0,0.4,55
2025-07-04,8109,20008,1637782,82.2,82.2,81.5,81.5,-0.5,42
2025-07-07,8109,15825,1291169,81.5,81.9,81.5,81.7,0.2,22
2025-07-08,8109,2001,163486,81.7,81.7,81.7,81.7,0.0,3
2025-07-09,8109,17627,1446303,82.0,82.3,82.0,82.0,0.3,20
2025-07-10,8109,7496,617265,82.9,83.0,82.1,82.1,0.1,18
2025-07-11,8109,19655,1620692,82.1,82.6,82.1,82.6,0.5,22
2025-07-14,8109,15054,1246869,82.6,83.0,82.6,82.8,0.2,16
2025-07-15,8109,5181,429029,83.0,83.0,82.8,82.8,0.0,22
2025-07-16,8109,11108,919578,83.0,83.0,82.5,82.6,-0.2,38
2025-07-17,8109,24423,2013059,82.3,82.8,82.2,82.6,0.0,46
2025-07-18,8109,18311,1516425,83.0,83.0,82.5,83.0,0.4,24
2025-07-21,8109,14073,1169589,83.9,83.9,82.9,83.0,0.0,27
2025-07-22,8109,19359,1609200,83.8,83.8,82.8,82.8,-0.2,24
2025-07-23,8109,14691,1221602,82.8,83.5,82.8,83.2,0.4,19
2025-07-24,8109,64353,5375580,83.2,83.9,83.0,83.3,0.1,42
2025-07-25,8109,55116,4591953,83.1,83.6,83.0,83.4,0.1,47
2025-07-28,8109,28244,2360255,83.4,84.0,83.4,83.7,0.3,59
2025-07-29,8109,17295,1443722,83.5,83.7,83.3,83.4,-0.3,27
2025-07-30,8109,40492,3382232,83.4,83.8,83.4,83.5,0.1,52
2025-07-31,8109,50915,4242763,83.6,83.6,82.7,82.7,-0.8,81
2025-08-01,8109,21459,1777407,83.0,83.1,82.6,82.7,0.0,47
2025-08-04,8109,56032,4630111,82.5,83.0,82.5,82.6,-0.1,36
2025-08-05,8109,38154,3188939,82.8,83.9,82.8,83.8,1.2,32
2025-08-06,8109,1465,122519,83.8,83.8,83.8,83.8,0.0,11
2025-08-07,8109,73663,6220433,83.8,85.5,83.8,84.3,0.5,108
2025-08-08,8109,33658,2840325,84.5,84.7,84.1,84.2,-0.1,62
2025-08-11,8109,118524,9822383,83.5,83.5,82.4,83.2,-1.0,112
2025-08-12,8109,31134,2596746,83.2,83.6,83.2,83.5,0.3,34
2025-08-13,8109,42898,3591107,83.6,84.1,83.4,84.1,0.6,86
2025-08-14,8109,46523,3935173,84.1,85.3,84.1,84.6,0.5,144
2025-08-15,8109,46269,3960983,85.1,86.1,85.1,85.8,1.2,88
2025-08-18,8109,35768,3082582,85.8,86.4,85.8,85.9,0.1,119
2025-08-19,8109,44430,3826131,85.9,86.3,85.7,86.3,0.4,61
2025-08-20,8109,221724,19719530,86.3,90.3,86.3,88.7,2.4,530
2025-08-21,8109,69660,6198346,88.9,89.3,88.8,88.8,0.1,621
2025-08-22,8109,431634,39804137,88.7,94.6,88.7,92.8,4.0,493
2025-08-25,8109,518913,49364585,94.1,98.4,92.6,95.5,2.7,773
2025-08-26,8109,173232,16416484,95.1,95.9,94.2,94.4,-1.1,310
2025-08-27,8109,1806646,180533122,95.3,103.0,95.0,101.5,7.1,2964
2025-08-28,8109,1484810,153885934,102.0,106.5,101.5,103.5,2.0,1241
2025-08-29,8109,1910657,204556534,104.5,109.5,102.5,107.0,3.5,3253
2025-09-01,8109,1118684,115195146,106.0,107.5,99.9,101.5,-5.5,1075
2025-09-02,8109,563267,57784896,103.5,104.0,100.5,102.5,1.0,1975
2025-09-03,8109,1032792,108154952,104.5,107.5,102.5,103.5,1.0,2562
2025-09-04,8109,479128,49925903,105.0,105.5,102.5,104.0,0.5,1763
2025-09-05,8109,973296,103533163,105.0,108.5,103.5,108.0,4.0,2205
2025-09-08,8109,1152926,125077279,112.0,112.5,105.5,106.5,-1.5,3289
2025-09-09,8109,872439,90633899,107.0,107.0,102.0,102.5,-4.0,1232
2025-09-10,8109,2882514,318864666,103.0,112.5,103.0,112.5,10.0,5109
2025-09-11,8109,3787535,419785371,116.5,117.5,104.0,107.0,-5.5,5029
2025-09-12,8109,731833,77101298,107.0,107.5,103.0,104.0,-3.0,946
2025-09-15,8109,596171,62998700,104.5,107.5,104.0,104.5,0.5,589
2025-09-16,8109,428589,44516729,105.0,105.5,102.0,103.5,-1.0,801
2025-09-17,8109,309441,31675090,102.5,104.0,101.5,102.0,-1.5,566
2025-09-18,8109,256268,25974817,103.0,103.0,100.5,101.5,-0.5,286
2025-09-19,8109,672663,67381268,102.0,102.5,99.2,100.0,-1.5,513
2025-09-22,8109,344715,34296365,100.0,101.0,98.8,98.9,-1.1,408
2025-09-23,8109,746023,72727131,99.3,99.3,96.7,97.3,-1.6,572
2025-09-24,8109,318705,31273687,98.0,99.3,97.3,98.5,1.2,625
2025-09-25,8109,372048,37332391,98.3,102.0,97.6,100.5,2.0,425
2025-09-26,8109,219580,21794643,100.5,100.5,98.5,98.8,-1.7,339
2025-09-30,8109,168871,16843001,99.0,100.5,98.4,99.9,1.1,394
2025-10-01,8109,185647,18350273,100.0,100.0,98.1,98.7,-1.2,595
2025-10-02,8109,371937,37291868,99.7,101.5,99.7,99.8,1.1,230
2025-10-03,8109,626591,64438396,104.5,105.0,101.5,102.0,2.2,1114
2025-10-07,8109,428016,42994898,103.0,103.0,99.8,100.5,-1.5,416
2025-10-08,8109,159914,15962078,100.0,100.5,99.0,99.7,-0.8,134
2025-10-09,8109,310092,30742810,100.0,100.0,98.5,98.7,-1.0,314
2025-10-13,8109,187828,18418556,96.8,98.8,96.7,98.8,0.1,216
2025-10-14,8109,206755,20285491,99.1,99.9,97.0,97.4,-1.4,348
2025-10-15,8109,136913,13388879,97.2,98.4,96.7,98.4,1.0,213
2025-10-16,8109,90267,8835040,99.7,99.7,97.2,98.0,-0.4,267
2025-10-17,8109,132414,12834475,98.0,98.0,96.6,96.7,-1.3,204
2025-10-20,8109,193969,18620438,96.8,96.8,95.2,95.7,-1.0,219
2025-10-21,8109,174892,17219473,97.2,99.5,97.1,98.5,2.8,158
2025-10-22,8109,80488,7896556,98.0,98.6,97.7,98.3,-0.2,83
2025-10-23,8109,42987,4213476,97.7,98.6,97.7,98.1,-0.2,71
2025-10-27,8109,213928,21378593,99.6,101.0,99.0,100.5,2.4,228
2025-10-28,8109,140224,14034353,100.0,101.0,99.9,100.0,-0.5,274
2025-10-29,8109,136320,13634028,100.0,100.5,99.5,99.6,-0.4,105
2025-10-30,8109,76536,7617819,100.5,100.5,99.1,99.3,-0.3,102
2025-10-31,8109,203164,20460690,99.9,102.0,99.9,102.0,2.7,269
2025-11-03,8109,101095,10233056,103.0,103.0,100.5,101.5,-0.5,324
2025-11-04,8109,120543,12194769,102.0,102.0,100.0,101.0,-0.5,135
2025-11-05,8109,177423,17710236,100.0,101.0,98.6,101.0,0.0,174
2025-11-06,8109,101785,10204098,101.0,101.5,100.0,100.0,-1.0,118
2025-11-07,8109,152164,15215316,100.5,101.0,99.1,99.6,-0.4,140
2025-11-10,8109,260959,25438721,100.0,100.0,96.5,97.1,-2.5,328
2025-11-11,8109,359636,36017257,98.9,101.5,98.6,99.8,2.7,266
2025-11-12,8109,113741,11409037,100.0,101.0,99.8,100.0,0.2,213
2025-11-13,8109,169417,16800340,100.5,100.5,98.5,100.0,0.0,236
2025-11-14,8109,101409,10119079,100.5,100.5,98.9,99.1,-0.9,113
2025-11-17,8109,209103,20388150,99.1,99.1,97.1,97.2,-1.9,546
2025-11-18,8109,227708,22217480,97.0,99.4,96.0,98.8,1.6,225
2025-11-19,8109,138948,13691351,99.7,100.0,97.3,97.3,-1.5,240
2025-11-20,8109,78057,7702843,98.6,99.3,97.7,98.7,1.4,103
2025-11-21,8109,84182,8226499,98.0,98.4,97.2,98.4,-0.3,266
2025-11-24,8109,86687,8495176,98.5,98.9,97.3,98.0,-0.4,187
2025-11-25,8109,364170,36811760,99.0,103.0,98.5,102.0,4.0,363
2025-11-26,8109,617311,64030771,101.0,105.0,101.0,104.5,2.5,573
2025-11-27,8109,378428,39397964,106.5,106.5,101.5,103.0,-1.5,736
2025-11-28,8109,452435,47595804,105.0,106.5,103.5,103.5,0.5,515
2025-12-01,8109,129495,13276819,102.5,103.5,102.0,103.0,-0.5,134
2025-12-02,8109,106055,10809976,104.5,104.5,101.0,101.0,-2.0,466
2025-12-03,8109,226998,22508949,101.0,101.0,98.5,98.8,-2.2,1426
2025-12-04,8109,91070,8993449,99.0,99.5,98.5,98.5,-0.3,133
2025-12-05,8109,72528,7099050,98.1,98.2,97.6,98.0,-0.5,152
2025-12-08,8109,83369,8136522,97.5,98.4,97.3,97.5,-0.5,109
2025-12-09,8109,72045,7031793,98.0,98.3,97.1,98.0,0.5,95
2025-12-10,8109,113470,11181893,98.2,99.2,98.1,98.1,0.1,250
2025-12-11,8109,145797,14257839,98.8,99.0,97.6,97.6,-0.5,185
2025-12-12,8109,82471,8111711,97.9,99.3,97.7,98.5,0.9,97
2025-12-15,8109,40663,4001488,97.6,99.1,97.6,98.6,0.1,55
2025-12-16,8109,113768,11117422,98.5,98.6,97.4,97.6,-1.0,148
2025-12-17,8109,49784,4889513,97.6,98.8,97.6,98.0,0.4,62
2025-12-18,8109,34433,3376428,98.1,98.9,97.8,98.2,0.2,66
2025-12-19,8109,41144,4062162,98.8,99.2,98.3,99.2,1.0,51
2025-12-22,8109,81824,8128336,98.7,99.6,98.7,99.4,0.2,79
2025-12-23,8109,152482,15301531,99.0,101.0,99.0,100.5,1.1,141
2025-12-24,8109,121924,12257683,100.5,101.0,100.0,100.0,-0.5,118
2025-12-26,8109,41576,4156134,100.5,100.5,99.7,99.7,-0.3,121
2025-12-29,8109,60184,6029725,99.7,101.0,99.2,101.0,1.3,89
2025-12-30,8109,92025,9286840,100.5,101.5,99.8,101.0,0.0,106
2025-12-31,8109,70920,7156074,101.5,101.5,100.0,101.0,0.0,268
2026-01-02,8109,220118,22010541,101.0,101.0,99.2,99.8,-1.2,363
2026-01-05,8109,175244,17310450,100.0,100.0,98.0,99.2,-0.6,686
2026-01-06,8109,382698,39552864,103.0,105.0,102.0,102.0,2.8,459
2026-01-07,8109,229874,23294982,103.0,103.0,100.5,101.5,-0.5,272
2026-01-08,8109,111807,11337491,102.0,102.0,101.0,102.0,0.5,124
2026-01-09,8109,390745,40484238,102.5,105.0,101.5,105.0,3.0,387
2026-01-12,8109,792541,84789395,109.0,110.0,105.5,106.5,1.5,906
2026-01-13,8109,576273,61518071,108.0,108.0,105.5,107.0,0.5,634
2026-01-14,8109,860126,94908233,108.5,113.0,106.5,110.5,3.5,1228
2026-01-15,8109,280068,30521989,110.5,110.5,107.5,110.5,0.0,725
2026-01-16,8109,180690,19792825,111.0,111.0,108.5,108.5,-2.0,397
2026-01-19,8109,266583,29304887,109.0,110.5,109.0,110.0,1.5,294
2026-01-20,8109,314434,34965474,109.5,112.0,109.5,112.0,2.0,274
2026-01-21,8109,267072,29915536,112.0,113.0,111.0,112.0,0.0,384
2026-01-22,8109,310982,35021588,113.5,114.0,111.5,112.5,0.5,465
2026-01-23,8109,397280,45338340,114.0,115.5,113.0,115.0,2.5,405
2026-01-26,8109,378876,42588240,114.5,116.0,110.5,111.5,-3.5,2091
2026-01-27,8109,256494,28098966,111.5,112.0,108.5,108.5,-3.0,277
2026-01-28,8109,172266,18673411,110.0,110.0,107.5,108.0,-0.5,622
2026-01-29,8109,141536,15330936,108.0,109.0,107.5,109.0,1.0,261
2026-01-30,8109,371893,39075142,108.0,108.0,103.5,103.5,-5.5,698
2026-02-02,8109,168405,17639489,102.5,106.5,102.5,105.5,2.0,186
2026-02-03,8109,97599,10304849,106.5,106.5,105.0,106.0,0.5,138
2026-02-04,8109,303443,33389866,108.0,112.0,107.5,112.0,6.0,324
2026-02-05,8109,191176,21047814,112.0,112.0,109.0,109.0,-3.0,250
2026-02-06,8109,135604,14494790,108.0,108.0,105.5,107.0,-2.0,157
2026-02-09,8109,159323,17147831,108.0,109.5,106.5,107.0,0.0,148
2026-02-10,8109,108997,11625102,109.0,109.0,106.5,106.5,-0.5,109
2026-02-11,8109,237677,25346553,106.5,109.0,106.0,106.5,0.0,219
2026-02-23,8109,189060,20454071,108.0,109.0,106.5,108.0,1.5,168
2026-02-24,8109,118551,12775779,108.0,108.5,107.0,108.0,0.0,124
2026-02-25,8109,187238,20116211,109.5,109.5,106.5,108.0,0.0,309
2026-02-26,8109,149426,16322318,108.0,110.0,108.0,109.5,1.5,135
2026-03-02,8109,103876,11299648,107.0,109.5,107.0,109.0,-0.5,238
2026-03-03,8109,123991,13371143,109.0,109.5,107.0,107.5,-1.5,143
2026-03-04,8109,378083,38942494,104.0,104.5,102.0,104.0,-3.5,348
2026-03-05,8109,172608,18088425,105.5,106.0,104.0,105.0,1.0,142
2026-03-06,8109,65436,6875505,104.5,106.5,104.0,106.0,1.0,67
2026-03-09,8109,323890,32577192,101.0,101.5,99.2,101.5,-4.5,349
2026-03-10,8109,144959,14990517,102.0,105.5,102.0,103.0,1.5,134
2026-03-11,8109,127941,13136417,103.0,103.5,102.0,102.0,-1.0,147
2026-03-12,8109,137174,13953133,103.0,103.0,101.0,101.5,-0.5,155
2026-03-13,8109,294085,29410979,100.5,101.5,99.4,99.5,-2.0,277
2026-03-16,8109,206942,20594682,99.7,100.5,98.8,99.6,0.1,184
2026-03-17,8109,117347,11764665,100.0,101.0,99.9,100.0,0.4,117
2026-03-18,8109,99643,10088574,100.5,102.0,100.5,101.5,1.5,103
2026-03-19,8109,78948,7961843,100.5,101.5,100.5,101.0,-0.5,71
2026-03-20,8109,111718,11379329,101.0,102.5,100.5,102.0,1.0,85
2026-03-23,8109,132134,13230096,100.5,101.0,99.8,100.0,-2.0,111
2026-03-24,8109,124161,12412722,100.5,101.0,99.0,100.5,0.5,178
2026-03-25,8109,154366,15550245,100.5,101.5,100.0,101.0,0.5,154
2026-03-26,8109,348724,34636086,98.0,100.5,98.0,99.5,0.0,359
2026-03-27,8109,224147,22532172,99.0,102.0,99.0,101.5,2.0,301
2026-03-30,8109,296055,30671094,101.0,105.0,101.0,105.0,3.5,305
2026-03-31,8109,255978,26632924,104.5,105.0,102.5,103.5,-1.5,233
2026-04-01,8109,321334,34071102,105.0,107.0,104.0,105.5,2.0,257
2026-04-02,8109,239640,25203464,105.5,106.0,104.5,105.5,0.0,124
2026-04-07,8109,606972,67362041,109.0,113.5,108.0,111.0,5.5,1023
2026-04-08,8109,383408,42151592,112.5,113.5,107.0,108.0,-3.0,621
2026-04-09,8109,112968,12182428,107.0,108.5,107.0,108.0,0.0,144
2026-04-10,8109,164975,17580694,107.5,108.0,105.5,106.0,-2.0,194
2026-04-13,8109,168154,18170336,106.0,109.5,105.5,109.0,3.0,186
2026-04-14,8109,100371,10893658,109.0,110.0,108.0,109.0,0.0,117
2026-04-15,8109,86708,9391579,109.0,109.0,108.0,108.0,-1.0,105
2026-04-16,8109,114873,12298991,109.0,109.0,106.5,107.0,-1.0,153
2026-04-17,8109,78471,8377445,106.5,108.0,106.0,107.0,0.0,100
2026-04-20,8109,139535,15103557,107.5,109.0,107.5,108.5,1.5,141
2026-04-21,8109,144805,15729557,108.0,110.0,108.0,110.0,1.5,143
2026-04-22,8109,561228,63893567,110.0,116.0,110.0,115.0,5.0,520
2026-04-23,8109,1159545,139619450,117.0,125.5,115.5,120.0,5.0,1231
2026-04-24,8109,648886,78773800,122.0,125.0,117.5,121.5,1.5,650
2026-04-27,8109,1000432,122460529,124.5,125.0,119.5,121.5,0.0,936
2026-04-28,8109,374911,45994546,120.5,124.5,120.5,123.0,1.5,400
2026-04-29,8109,408868,48587697,121.0,121.0,117.5,119.0,-4.0,444
2026-04-30,8109,235731,27846499,119.5,119.5,117.0,118.0,-1.0,312
2026-05-04,8109,358604,43776681,118.5,124.0,118.5,123.5,5.5,389
2026-05-05,8109,232030,28079156,123.5,123.5,119.5,121.5,-2.0,247
2026-05-06,8109,383636,46110017,123.5,123.5,118.0,121.0,-0.5,382
2026-05-07,8109,216660,26193321,122.0,122.5,119.0,122.0,1.0,231
2026-05-08,8109,288012,34309373,121.0,122.0,117.5,119.5,-2.5,292
2026-05-11,8109,176224,20925439,118.0,120.5,117.0,118.0,-1.5,187
2026-05-12,8109,388939,45117963,118.0,119.0,114.0,117.5,-0.5,328
2026-05-13,8109,155124,17908653,117.5,117.5,114.5,116.0,-1.5,214
2026-05-14,8109,523230,60686432,116.0,120.0,112.5,113.5,-2.5,449
2026-05-15,8109,136298,15451066,113.0,114.5,112.5,113.0,-0.5,144
2026-05-18,8109,88945,10002112,111.5,113.0,111.5,113.0,0.0,130
2026-05-19,8109,314232,36392723,113.0,117.5,112.5,115.0,2.0,311
2026-05-20,8109,807748,99040799,117.0,126.5,116.5,126.5,11.5,879
2026-05-21,8109,1416389,183432093,130.5,134.5,124.0,127.5,1.0,1311
2026-05-22,8109,879487,109145486,126.5,127.5,122.0,125.0,-2.5,621
2026-05-25,8109,228697,28454613,125.5,126.0,123.5,124.0,-1.0,270
2026-05-26,8109,199668,24475130,124.0,124.5,121.0,123.0,-1.0,222
2026-05-27,8109,350632,42691318,124.0,124.0,120.5,121.5,-1.5,294
2026-05-28,8109,722940,91413068,122.5,129.0,121.5,126.0,4.5,572
2026-05-29,8109,182424,22943356,126.5,127.0,124.0,125.5,-0.5,232
2026-06-01,8109,471494,59112940,125.5,127.5,123.5,126.5,1.0,330
2026-06-02,8109,266954,33089975,127.0,127.5,122.0,123.0,-3.5,336
2026-06-03,8109,384086,46020662,122.5,122.5,118.0,118.0,-5.0,564
2026-06-04,8109,563402,68362450,117.5,123.5,117.0,119.5,1.5,531
2026-06-05,8109,178867,21222113,118.5,120.0,117.5,120.0,0.5,231
2026-06-08,8109,512383,59326772,114.0,120.0,113.0,120.0,0.0,356
2026-06-09,8109,82706,9967483,120.5,121.0,119.0,121.0,1.0,104
2026-06-10,8109,408501,50045344,121.0,125.0,119.0,120.0,-1.0,278
2026-06-11,8109,136187,16059660,118.5,119.0,116.5,118.5,-1.5,137
2026-06-12,8109,104094,12432286,119.0,120.0,118.0,119.5,1.0,97
2026-06-15,8109,100543,11992819,121.0,121.0,118.5,119.0,-0.5,105
2026-06-16,8109,439456,51449954,119.5,119.5,116.0,117.0,-2.0,281
2026-06-17,8109,57587,6789749,117.5,118.5,117.5,118.5,1.5,61
2026-06-18,8109,364315,44313912,118.0,123.5,118.0,123.0,4.5,309
2026-06-22,8109,628468,80339829,123.5,130.0,123.5,128.5,5.5,505
2026-06-23,8109,245385,30381694,128.5,128.5,122.5,122.5,-6.0,419
2026-06-24,8109,136221,16422658,121.0,122.5,120.0,120.5,-2.0,153
2026-06-25,8109,127344,15300028,122.5,122.5,119.0,119.5,-1.0,148
2026-06-26,8109,384925,44952586,119.0,119.0,115.5,117.0,-2.5,264
2026-06-29,8109,131829,15951636,117.5,123.0,117.0,120.5,3.5,120
2026-06-30,8109,118202,14524432,120.0,124.0,120.0,123.5,3.0,154
2026-07-01,8109,172360,21406009,122.5,125.5,122.0,125.0,1.5,182
2026-07-02,8109,191407,24291528,123.0,128.0,123.0,128.0,3.0,224
2026-07-03,8109,923377,126911024,128.0,140.5,127.0,140.5,12.5,740
2026-07-06,8109,363598,56175873,154.5,154.5,154.5,154.5,14.0,295
2026-07-07,8109,5422041,868853774,161.5,166.5,154.0,161.5,7.0,4736
2026-07-08,8109,1968139,302940641,154.0,157.5,149.0,155.5,-6.0,2737
2026-07-09,8109,1044991,157915890,155.5,155.5,148.0,151.0,-4.5,1139
2026-07-13,8109,940455,134556080,151.0,151.0,139.0,139.0,-12.0,1275
2026-07-14,8109,820870,111601435,140.0,142.0,130.5,136.0,-3.0,837
2026-07-15,8109,631481,86362555,137.0,140.0,133.0,138.0,2.0,551
2026-07-16,8109,355057,48606332,136.5,139.5,135.0,136.5,-1.5,327
2026-07-17,8109,588551,77838092,134.0,134.5,130.5,130.5,-6.0,629
2026-07-20,8109,411692,53087216,131.0,132.0,127.0,128.5,-2.0,495
2026-07-21,8109,280050,36149926,131.5,131.5,127.5,129.5,1.0,401
2026-07-22,8109,505803,67279175,131.5,136.5,130.5,130.5,1.0,404
2026-07-23,8109,248795,31929255,132.0,132.0,126.5,127.5,-3.0,303
2026-07-24,8109,193116,24906011,127.5,130.5,127.0,129.5,2.0,195
2026-07-27,8109,304370,38323766,131.0,131.0,124.0,126.0,-3.5,334
2026-07-28,8109,570186,69314290,124.0,124.5,120.0,120.5,-5.5,415
2026-07-29,8109,533761,62543678,119.5,121.5,114.0,116.5,-4.0,617
2026-07-30,8109,266654,31223318,115.5,119.5,115.5,116.0,-0.5,342
2026-07-31,8109,342606,40871383,121.0,122.0,116.5,118.5,2.5,354
2026-08-03,8109,427693,53142293,118.5,127.0,118.5,122.5,4.0,322
2026-08-04,8109,116956,14393287,122.0,124.5,120.5,124.5,2.0,127
2026-08-05,8109,465631,61251545,132.0,133.0,129.5,130.5,6.0,454
2026-08-06,8109,246069,32400320,130.5,133.5,129.0,132.0,1.5,337
2026-08-07,8109,268679,35815890,132.0,134.5,131.5,132.5,0.5,444
2026-08-10,8109,450367,59750505,133.5,136.0,130.0,132.5,0.0,547
2026-08-11,8109,183941,24355803,133.0,134.0,131.0,132.5,0.0,173
2026-08-12,8109,156258,20502728,133.0,133.0,130.5,130.5,-2.0,311
2026-08-13,8109,129278,16876535,132.5,132.5,129.5,130.0,-0.5,210
2026-08-14,8109,255610,33646264,131.0,134.0,128.5,131.0,1.0,260
2026-08-17,8109,108832,14306426,131.5,133.0,130.0,130.0,-1.0,410
2026-08-18,8109,697360,92881227,130.5,135.0,129.0,134.5,4.5,671
2026-08-19,8109,2124245,291653713,135.5,142.0,133.5,135.5,1.0,2210
2026-08-20,8109,771292,102016783,138.0,138.0,130.5,131.5,-4.0,777
2026-08-21,8109,368495,47586536,132.0,132.0,128.0,128.5,-3.0,752
2026-08-24,8109,195008,25175508,129.0,131.0,128.5,128.5,0.0,218
2026-08-25,8109,245341,31103060,130.0,130.0,125.5,128.5,0.0,277
2026-08-26,8109,711145,94973860,129.5,136.0,129.5,134.0,5.5,496
2026-08-27,8109,534147,70607358,134.5,135.0,130.0,130.5,-3.5,602
2026-08-28,8109,208427,27112464,131.0,131.0,129.0,130.5,0.0,229
2026-08-31,8109,183844,23677938,129.5,130.0,128.0,129.0,-1.5,185
2026-09-01,8109,205975,27077395,130.0,133.0,129.5,132.0,3.0,258
2026-09-02,8109,529983,71014278,132.0,136.0,131.0,136.0,4.0,500
2026-09-03,8109,832227,111027066,139.0,139.0,130.5,131.0,-5.0,927
2026-09-04,8109,320664,41767952,132.5,133.0,129.5,130.0,-1.0,343
2026-09-07,8109,153365,19792125,130.5,130.5,128.5,129.0,-1.0,213
2026-09-08,8109,135256,17363886,129.5,129.5,128.0,128.5,-0.5,183
2026-09-09,8109,96720,12429216,128.0,129.5,127.5,129.5,1.0,129
2026-09-10,8109,201279,25567591,128.5,128.5,126.0,127.5,-2.0,293
2026-09-11,8109,153351,19436524,126.5,128.5,125.0,127.0,-0.5,182
2026-09-14,8109,157901,19951058,126.5,128.0,125.0,127.5,0.5,131
2026-09-15,8109,92854,11813443,128.0,128.0,126.5,126.5,-1.0,144
2026-09-16,8109,210096,27211723,126.5,131.0,126.5,130.0,3.5,205
2026-09-17,8109,55801,7272898,130.5,131.0,129.5,130.5,0.5,88
2026-09-18,8109,382024,50676541,131.5,134.0,130.5,134.0,3.5,561
2026-09-21,8109,129358,17304385,135.0,135.5,132.0,133.5,-0.5,405
2026-09-22,8109,130967,17265735,134.0,134.0,131.0,131.0,-2.5,395
2026-09-23,8109,127825,16731823,131.0,132.0,130.5,132.0,1.0,202
2026-09-24,8109,296345,38845582,130.5,132.5,130.0,132.0,0.0,217
