date,stock_id,Trading_Volume,Trading_money,open,max,min,close,spread,Trading_turnover
2016-09-29,8289,89068,1004714,11.25,11.35,11.2,11.3,0.05,44
2016-09-30,8289,131121,1466087,11.2,11.3,11.1,11.15,-0.15,42
2016-10-03,8289,54485,610731,11.15,11.25,11.15,11.2,0.05,32
2016-10-04,8289,46100,514050,11.2,11.2,11.1,11.15,-0.05,22
2016-10-05,8289,60000,667200,11.2,11.2,11.1,11.1,-0.05,30
2016-10-06,8289,91000,1023050,11.15,11.3,11.15,11.25,0.15,49
2016-10-07,8289,268498,3022151,11.3,11.35,11.25,11.25,0.0,133
2016-10-11,8289,408000,4668450,11.4,11.65,11.25,11.25,0.0,131
2016-10-12,8289,65000,733350,11.3,11.4,11.25,11.25,0.0,39
2016-10-13,8289,85000,961550,11.4,11.4,11.25,11.3,0.05,39
2016-10-14,8289,145000,1623850,11.3,11.3,11.1,11.25,-0.05,61
2016-10-17,8289,30000,337250,11.25,11.25,11.2,11.25,0.0,23
2016-10-18,8289,78000,878250,11.25,11.35,11.2,11.2,-0.05,33
2016-10-19,8289,47104,528654,11.3,11.3,11.15,11.25,0.05,18
2016-10-20,8289,62000,696150,11.25,11.3,11.15,11.15,-0.1,21
2016-10-21,8289,44020,489921,11.1,11.15,11.1,11.15,0.0,20
2016-10-24,8289,77000,853450,11.1,11.1,11.05,11.1,-0.05,21
2016-10-25,8289,31122,345342,11.05,11.15,11.05,11.15,0.05,10
2016-10-26,8289,50121,556281,11.15,11.15,11.05,11.1,-0.05,15
2016-10-27,8289,34000,377400,11.1,11.1,11.1,11.1,0.0,9
2016-10-28,8289,64000,705800,11.05,11.05,11.0,11.0,-0.1,24
2016-10-31,8289,27000,296700,11.0,11.0,10.95,11.0,0.0,11
2016-11-01,8289,5000,54750,10.95,10.95,10.95,10.95,-0.05,1
2016-11-02,8289,52000,558050,10.9,10.9,10.6,10.8,-0.15,28
2016-11-03,8289,28685,305692,10.75,10.75,10.6,10.6,-0.2,10
2016-11-04,8289,35200,374110,10.65,10.65,10.6,10.6,0.0,10
2016-11-07,8289,67000,718550,10.6,10.8,10.55,10.65,0.05,26
2016-11-08,8289,17597,186837,10.65,10.65,10.6,10.6,-0.05,9
2016-11-09,8289,170671,1758210,10.6,10.6,10.1,10.1,-0.5,60
2016-11-10,8289,20361,209096,10.35,10.35,10.25,10.25,0.15,14
2016-11-11,8289,24000,246150,10.25,10.3,10.2,10.3,0.05,15
2016-11-14,8289,36282,369320,10.3,10.3,10.1,10.15,-0.15,21
2016-11-15,8289,38000,387450,10.15,10.25,10.15,10.2,0.05,25
2016-11-16,8289,20002,205520,10.35,10.35,10.2,10.35,0.15,8
2016-11-17,8289,106000,1091750,10.2,10.4,10.2,10.2,-0.15,10
2016-11-18,8289,26000,263600,10.2,10.25,10.1,10.25,0.05,12
2016-11-21,8289,12000,123250,10.3,10.3,10.25,10.25,0.0,4
2016-11-22,8289,25778,263557,10.25,10.3,10.2,10.25,0.0,14
2016-11-23,8289,65000,661400,10.25,10.25,10.1,10.1,-0.15,22
2016-11-24,8289,32000,323950,10.2,10.25,10.05,10.15,0.05,13
2016-11-25,8289,17000,172850,10.2,10.2,10.15,10.15,0.0,10
2016-11-28,8289,8000,81300,10.15,10.2,10.15,10.2,0.05,6
2016-11-29,8289,26000,265750,10.25,10.25,10.15,10.2,0.0,12
2016-11-30,8289,49121,502472,10.2,10.25,10.2,10.2,0.0,14
2016-12-01,8289,48000,494200,10.25,10.35,10.25,10.35,0.15,20
2016-12-02,8289,20215,208393,10.3,10.35,10.3,10.3,-0.05,9
2016-12-05,8289,16000,164450,10.35,10.35,10.25,10.25,-0.05,9
2016-12-06,8289,55039,573001,10.3,10.45,10.3,10.45,0.2,27
2016-12-07,8289,17041,178132,10.4,10.5,10.4,10.45,0.0,13
2016-12-08,8289,25039,261151,10.45,10.45,10.4,10.45,0.0,11
2016-12-09,8289,12000,125200,10.45,10.5,10.4,10.5,0.05,4
2016-12-12,8289,40524,419494,10.45,10.45,10.3,10.3,-0.2,27
2016-12-13,8289,76310,794411,10.3,10.55,10.3,10.35,0.05,33
2016-12-14,8289,42301,438199,10.35,10.45,10.3,10.45,0.1,23
2016-12-15,8289,42000,434250,10.3,10.4,10.3,10.4,-0.05,8
2016-12-16,8289,30000,311000,10.35,10.45,10.35,10.45,0.05,7
2016-12-19,8289,17000,175250,10.3,10.35,10.3,10.3,-0.15,8
2016-12-20,8289,40000,409150,10.4,10.4,10.15,10.35,0.05,15
2016-12-21,8289,0,0,0.0,0.0,0.0,0.0,0.0,0
2016-12-22,8289,19000,195150,10.25,10.3,10.25,10.25,-0.05,8
2016-12-23,8289,14448,147274,10.2,10.2,10.15,10.2,-0.05,6
2016-12-26,8289,20240,206486,10.2,10.25,10.2,10.2,0.0,14
2016-12-27,8289,1040,10708,10.3,10.3,10.3,10.3,0.1,2
2016-12-28,8289,8040,82354,10.2,10.25,10.2,10.25,-0.05,4
2016-12-29,8289,24000,245800,10.25,10.25,10.2,10.2,-0.05,8
2016-12-30,8289,14000,142100,10.15,10.15,10.15,10.15,-0.05,6
2017-01-03,8289,34000,345900,10.15,10.25,10.1,10.25,0.1,12
2017-01-04,8289,31000,316500,10.25,10.25,10.2,10.2,-0.05,12
2017-01-05,8289,93000,963700,10.3,10.45,10.3,10.45,0.25,32
2017-01-06,8289,17000,177200,10.45,10.45,10.4,10.4,-0.05,8
2017-01-09,8289,19033,196639,10.4,10.4,10.3,10.3,-0.1,8
2017-01-10,8289,18000,185650,10.3,10.4,10.3,10.4,0.1,5
2017-01-11,8289,36000,375700,10.45,10.45,10.4,10.45,0.05,15
2017-01-12,8289,80000,843000,10.5,10.65,10.5,10.55,0.1,33
2017-01-13,8289,13000,136950,10.65,10.65,10.5,10.55,0.0,7
2017-01-16,8289,30000,312900,10.55,10.55,10.4,10.4,-0.15,13
2017-01-17,8289,37102,386055,10.4,10.45,10.4,10.45,0.05,10
2017-01-18,8289,107003,1110679,10.4,10.5,10.3,10.35,-0.1,34
2017-01-19,8289,48000,498250,10.35,10.45,10.35,10.45,0.1,15
2017-01-20,8289,20000,208000,10.4,10.4,10.4,10.4,-0.05,10
2017-01-23,8289,15544,161603,10.4,10.4,10.4,10.4,0.0,8
2017-01-24,8289,223327,2378850,10.4,10.85,10.3,10.55,0.15,45
2017-02-02,8289,87000,923250,10.6,10.65,10.6,10.65,0.1,23
2017-02-03,8289,141000,1514950,10.6,10.85,10.6,10.8,0.15,45
2017-02-06,8289,72242,779701,10.75,10.85,10.75,10.8,0.0,29
2017-02-07,8289,67097,729262,10.8,10.9,10.8,10.9,0.1,23
2017-02-08,8289,107000,1159750,10.9,10.95,10.75,10.75,-0.15,25
2017-02-09,8289,122000,1333500,10.8,11.0,10.8,10.95,0.2,41
2017-02-10,8289,21796,236645,10.9,10.9,10.85,10.85,-0.1,16
2017-02-13,8289,100001,1076810,10.8,10.85,10.7,10.75,-0.1,44
2017-02-14,8289,23000,247700,10.8,10.8,10.7,10.7,-0.05,16
2017-02-15,8289,24039,259819,10.8,10.85,10.7,10.85,0.15,15
2017-02-16,8289,17000,182350,10.8,10.8,10.7,10.8,-0.05,11
2017-02-17,8289,133000,1424050,10.85,10.85,10.7,10.8,0.0,21
2017-02-18,8289,31506,338163,10.8,10.8,10.7,10.7,-0.1,13
2017-02-20,8289,39020,424865,10.8,10.9,10.8,10.9,0.2,15
2017-02-21,8289,71000,764350,10.8,10.9,10.7,10.9,0.0,15
2017-02-22,8289,604130,6767705,10.75,11.45,10.75,11.35,0.45,218
2017-02-23,8289,225766,2556864,11.35,11.5,11.15,11.15,-0.2,94
2017-02-24,8289,50009,559750,11.15,11.25,11.15,11.2,0.05,20
2017-03-01,8289,70000,771850,11.1,11.1,11.0,11.0,-0.2,35
2017-03-02,8289,157404,1717563,11.0,11.0,10.85,10.85,-0.15,43
2017-03-03,8289,38000,412400,10.9,10.9,10.8,10.85,0.0,18
2017-03-06,8289,17000,184450,10.85,10.85,10.85,10.85,0.0,10
2017-03-07,8289,71000,770050,10.85,10.95,10.75,10.95,0.1,30
2017-03-08,8289,7999,87088,10.9,10.9,10.9,10.9,-0.05,9
2017-03-09,8289,22000,237650,10.9,10.9,10.75,10.75,-0.15,12
2017-03-10,8289,231000,2436800,10.7,10.7,10.5,10.5,-0.25,98
2017-03-13,8289,49270,523662,10.55,10.7,10.55,10.7,0.2,26
2017-03-14,8289,90000,955100,10.7,10.7,10.5,10.6,-0.1,39
2017-03-15,8289,73108,781094,10.7,10.75,10.65,10.65,0.05,43
2017-03-16,8289,142000,1530700,10.7,10.85,10.7,10.75,0.1,64
2017-03-17,8289,65200,699830,10.75,10.75,10.7,10.7,-0.05,36
2017-03-20,8289,112990,1219742,10.75,10.85,10.75,10.8,0.1,45
2017-03-21,8289,76745,829283,10.8,10.85,10.75,10.75,-0.05,39
2017-03-22,8289,92074,985541,10.75,10.8,10.6,10.8,0.05,43
2017-03-23,8289,101000,1086950,10.85,10.85,10.7,10.8,0.0,42
2017-03-24,8289,74808,804214,10.75,10.8,10.65,10.75,-0.05,41
2017-03-27,8289,39000,418200,10.75,10.75,10.7,10.75,0.0,20
2017-03-28,8289,39000,415600,10.7,10.75,10.6,10.7,-0.05,23
2017-03-29,8289,10000,106500,10.65,10.65,10.65,10.65,-0.05,8
2017-03-30,8289,271020,2948216,10.7,11.05,10.7,10.9,0.25,111
2017-03-31,8289,81201,882240,10.9,10.95,10.8,10.85,-0.05,45
2017-04-05,8289,87204,943462,10.85,10.85,10.75,10.8,-0.05,36
2017-04-06,8289,70039,758423,10.8,10.9,10.8,10.9,0.1,24
2017-04-07,8289,207990,2256140,10.9,10.95,10.8,10.9,0.0,62
2017-04-10,8289,64414,697812,10.9,10.9,10.8,10.8,-0.1,29
2017-04-11,8289,58202,627741,10.8,10.8,10.75,10.75,-0.05,29
2017-04-12,8289,42600,458970,10.75,10.8,10.7,10.8,0.05,16
2017-04-13,8289,309000,3392050,10.75,11.15,10.75,11.0,0.2,130
2017-04-14,8289,156162,1684933,11.0,11.0,10.7,10.7,-0.3,65
2017-04-17,8289,93000,985700,10.7,10.7,10.55,10.55,-0.15,53
2017-04-18,8289,33084,352103,10.6,10.65,10.6,10.65,0.1,17
2017-04-19,8289,71100,754300,10.6,10.65,10.55,10.55,-0.1,40
2017-04-20,8289,34808,366234,10.55,10.6,10.5,10.6,0.05,13
2017-04-21,8289,82001,868960,10.6,10.75,10.5,10.75,0.15,27
2017-04-24,8289,31000,331600,10.7,10.7,10.65,10.65,-0.1,12
2017-04-25,8289,55040,589326,10.7,10.75,10.7,10.7,0.05,20
2017-04-26,8289,30000,322350,10.7,10.75,10.7,10.75,0.05,12
2017-04-27,8289,22000,236000,10.7,10.75,10.7,10.75,0.0,7
2017-04-28,8289,20000,214450,10.75,10.75,10.7,10.7,-0.05,6
2017-05-02,8289,73080,782098,10.7,10.75,10.65,10.7,0.0,22
2017-05-03,8289,86000,920300,10.7,10.75,10.7,10.7,0.0,19
2017-05-04,8289,46000,492200,10.7,10.7,10.7,10.7,0.0,16
2017-05-05,8289,168960,1816724,10.65,10.8,10.6,10.75,0.05,28
2017-05-08,8289,151202,1621001,10.75,10.8,10.65,10.7,-0.05,32
2017-05-09,8289,104202,1113021,10.7,10.75,10.6,10.65,-0.05,28
2017-05-10,8289,103121,1113850,10.65,10.9,10.65,10.85,0.2,42
2017-05-11,8289,212348,2314624,10.9,10.95,10.8,10.95,0.1,81
2017-05-12,8289,220035,2414028,11.0,11.0,10.9,10.9,-0.05,93
2017-05-15,8289,202000,2159650,10.8,10.8,10.55,10.6,-0.3,112
2017-05-16,8289,51000,536500,10.6,10.6,10.45,10.45,-0.15,32
2017-05-17,8289,87080,903520,10.45,10.45,10.3,10.35,-0.1,45
2017-05-18,8289,76222,792441,10.3,10.55,10.25,10.55,0.2,39
2017-05-19,8289,70039,743365,10.5,10.7,10.45,10.65,0.1,18
2017-05-22,8289,22000,233350,10.65,10.65,10.55,10.55,-0.1,15
2017-05-23,8289,18175,191619,10.55,10.55,10.5,10.5,-0.05,10
2017-05-24,8289,24162,253792,10.5,10.55,10.5,10.55,0.05,16
2017-05-25,8289,13000,137200,10.5,10.6,10.5,10.55,0.0,10
2017-05-26,8289,29000,303800,10.55,10.55,10.4,10.55,0.0,16
2017-05-31,8289,75160,792864,10.55,10.7,10.5,10.55,0.0,32
2017-06-01,8289,39037,411990,10.5,10.6,10.5,10.6,0.05,10
2017-06-02,8289,53000,560200,10.6,10.6,10.5,10.5,-0.1,21
2017-06-03,8289,94000,991100,10.6,10.65,10.45,10.65,0.15,33
2017-06-05,8289,44119,467349,10.65,10.65,10.5,10.55,-0.1,19
2017-06-06,8289,67408,712893,10.5,10.6,10.5,10.5,-0.05,24
2017-06-07,8289,88243,918652,10.5,10.5,10.35,10.35,-0.15,40
2017-06-08,8289,55160,577855,10.4,10.55,10.4,10.4,0.05,22
2017-06-09,8289,162366,1688024,10.4,10.45,10.35,10.35,-0.05,37
2017-06-12,8289,86000,881200,10.3,10.3,10.2,10.25,-0.1,33
2017-06-13,8289,36328,375278,10.35,10.4,10.3,10.3,0.05,18
2017-06-14,8289,70000,717450,10.3,10.35,10.2,10.2,-0.1,41
2017-06-15,8289,18039,184745,10.2,10.3,10.2,10.25,0.05,14
2017-06-16,8289,119000,1243700,10.35,10.5,10.35,10.5,0.25,42
2017-06-19,8289,168627,1781633,10.45,10.65,10.45,10.65,0.15,50
2017-06-20,8289,152404,1614242,10.75,10.75,10.45,10.65,0.0,59
2017-06-21,8289,121739,1274835,10.6,10.6,10.4,10.5,-0.15,55
2017-06-22,8289,202556,2147738,10.5,10.7,10.45,10.6,0.1,78
2017-06-23,8289,230000,2449850,10.6,10.75,10.6,10.6,0.0,74
2017-06-26,8289,52604,555501,10.7,10.7,10.5,10.5,-0.1,37
2017-06-27,8289,272000,2846850,10.5,10.55,10.4,10.55,0.05,33
2017-06-28,8289,16225,169778,10.45,10.5,10.45,10.45,-0.1,11
2017-06-29,8289,44000,459650,10.45,10.45,10.4,10.4,-0.05,16
2017-06-30,8289,29000,300200,10.35,10.4,10.35,10.4,0.0,14
2017-07-03,8289,26000,270600,10.55,10.55,10.35,10.45,0.05,13
2017-07-04,8289,11546,120628,10.45,10.45,10.45,10.45,0.0,7
2017-07-05,8289,21099,220324,10.45,10.45,10.4,10.4,-0.05,10
2017-07-06,8289,17000,177150,10.4,10.45,10.4,10.45,0.05,6
2017-07-07,8289,23000,239200,10.4,10.4,10.4,10.4,-0.05,12
2017-07-10,8289,21000,217750,10.35,10.4,10.35,10.4,0.0,9
2017-07-11,8289,53000,556300,10.4,10.5,10.4,10.45,0.05,20
2017-07-12,8289,32000,335000,10.5,10.5,10.45,10.45,0.0,20
2017-07-13,8289,34321,359502,10.5,10.5,10.4,10.5,0.05,18
2017-07-14,8289,64000,669900,10.5,10.5,10.45,10.5,0.0,19
2017-07-17,8289,103039,1082850,10.5,10.55,10.45,10.55,0.05,38
2017-07-18,8289,124000,1249550,10.1,10.1,10.05,10.05,0.0,51
2017-07-19,8289,123000,1236500,10.1,10.1,10.0,10.05,0.0,34
2017-07-20,8289,99124,989101,10.05,10.05,9.95,9.98,-0.07,47
2017-07-21,8289,51002,508009,9.98,9.99,9.94,9.99,0.01,32
2017-07-24,8289,63139,628477,10.1,10.1,9.92,9.93,-0.06,30
2017-07-25,8289,47000,464530,9.94,9.94,9.81,9.92,-0.01,27
2017-07-26,8289,178000,1780200,10.0,10.05,9.98,10.0,0.08,58
2017-07-27,8289,50140,505007,10.05,10.15,10.0,10.05,0.05,30
2017-07-28,8289,142000,1420200,10.05,10.05,10.0,10.0,-0.05,36
2017-07-31,8289,42000,420650,10.05,10.05,10.0,10.05,0.05,19
2017-08-01,8289,35610,356188,10.05,10.05,10.0,10.05,0.0,22
2017-08-02,8289,106242,1066632,10.1,10.15,10.0,10.1,0.05,36
2017-08-03,8289,51000,510600,10.0,10.1,10.0,10.1,0.0,23
2017-08-04,8289,64200,641510,10.1,10.1,9.95,10.05,-0.05,32
2017-08-07,8289,42222,422003,10.0,10.0,9.97,9.97,-0.08,26
2017-08-08,8289,38000,378510,9.98,10.0,9.94,9.97,0.0,18
2017-08-09,8289,15200,151360,10.0,10.0,9.94,10.0,0.03,10
2017-08-10,8289,84002,831679,9.95,9.95,9.85,9.9,-0.1,35
2017-08-11,8289,136000,1331160,9.85,9.93,9.7,9.93,0.03,74
2017-08-14,8289,144848,1441745,9.93,10.0,9.84,9.93,0.0,60
2017-08-15,8289,97102,967842,9.87,10.05,9.87,10.05,0.12,47
2017-08-16,8289,94325,953481,10.05,10.15,10.05,10.15,0.1,47
2017-08-17,8289,75039,759741,10.15,10.2,10.1,10.1,-0.05,39
2017-08-18,8289,142808,1446151,10.1,10.25,10.0,10.2,0.1,54
2017-08-21,8289,107000,1099550,10.25,10.35,10.2,10.3,0.1,51
2017-08-22,8289,274000,2831250,10.3,10.5,10.25,10.45,0.15,87
2017-08-23,8289,213080,2219620,10.5,10.55,10.3,10.3,-0.15,79
2017-08-24,8289,45192,470696,10.4,10.45,10.4,10.45,0.15,28
2017-08-25,8289,27080,280216,10.3,10.4,10.3,10.35,-0.1,16
2017-08-28,8289,188000,1946250,10.4,10.45,10.25,10.35,0.0,51
2017-08-29,8289,83019,811635,10.3,10.45,10.3,10.35,0.0,18
2017-08-30,8289,27342,282988,10.35,10.4,10.35,10.35,0.0,23
2017-08-31,8289,132750,1391937,10.4,10.55,10.4,10.55,0.2,56
2017-09-01,8289,635977,6882647,10.6,11.1,10.45,11.0,0.45,203
2017-09-04,8289,366206,4019714,11.05,11.15,10.8,10.8,-0.2,156
2017-09-05,8289,696770,7813610,10.9,11.5,10.9,11.25,0.45,240
2017-09-06,8289,332020,3731772,11.15,11.4,11.1,11.15,-0.1,91
2017-09-07,8289,289050,3246652,11.15,11.4,11.05,11.1,-0.05,74
2017-09-08,8289,445718,5095284,11.1,11.7,11.1,11.3,0.2,145
2017-09-11,8289,226702,2542812,11.5,11.5,11.1,11.25,-0.05,75
2017-09-12,8289,209990,2346787,11.3,11.3,11.1,11.25,0.0,67
2017-09-13,8289,82000,915400,11.2,11.25,11.15,11.15,-0.1,25
2017-09-14,8289,105338,1172551,11.1,11.2,11.05,11.2,0.05,26
2017-09-15,8289,71162,789490,11.2,11.2,11.05,11.1,-0.1,32
2017-09-18,8289,40000,446650,11.15,11.2,11.1,11.2,0.1,18
2017-09-19,8289,127000,1400750,11.2,11.2,10.9,10.95,-0.25,51
2017-09-20,8289,45000,494900,10.95,11.05,10.9,10.95,0.0,22
2017-09-21,8289,34462,379458,11.0,11.05,11.0,11.05,0.1,14
2017-09-22,8289,181104,1987137,11.05,11.15,10.8,11.05,0.0,64
2017-09-25,8289,256220,2859035,11.05,11.3,10.9,11.3,0.25,94
2017-09-26,8289,3123999,37255987,11.35,12.4,11.35,11.4,0.1,1043
2017-09-27,8289,258309,2959488,11.45,11.55,11.3,11.55,0.15,135
2017-09-28,8289,533100,5958050,11.5,11.5,11.0,11.1,-0.45,178
2017-09-29,8289,414121,4473206,11.2,11.2,10.65,10.9,-0.2,167
2017-09-30,8289,4256870,50491208,10.9,11.95,10.9,11.95,1.05,952
2017-10-02,8289,3159591,38471642,12.0,12.6,11.75,11.95,0.0,1002
2017-10-03,8289,535640,6309810,12.0,12.0,11.6,11.6,-0.35,200
2017-10-05,8289,481016,5657438,11.6,12.0,11.6,11.85,0.25,189
2017-10-06,8289,2739018,33865166,11.8,12.75,11.8,12.05,0.2,701
2017-10-11,8289,462090,5409430,12.1,12.1,11.45,11.45,-0.6,188
2017-10-12,8289,140101,1616406,11.45,11.75,11.45,11.45,0.0,71
2017-10-13,8289,198081,2250811,11.45,11.45,11.25,11.3,-0.15,94
2017-10-16,8289,436220,4857076,11.4,11.45,10.85,10.85,-0.45,182
2017-10-17,8289,227000,2503950,10.85,11.2,10.85,11.0,0.15,107
2017-10-18,8289,122103,1345977,11.05,11.15,10.95,10.95,-0.05,50
2017-10-19,8289,150000,1659950,11.0,11.35,10.95,11.0,0.05,66
2017-10-20,8289,209000,2316550,11.15,11.15,11.0,11.15,0.15,80
2017-10-23,8289,2071716,24403755,11.25,12.0,11.0,12.0,0.85,419
2017-10-24,8289,3550001,43234261,12.05,12.45,11.5,11.5,-0.5,785
2017-10-25,8289,219502,2522947,11.65,11.7,11.35,11.35,-0.15,101
2017-10-26,8289,137061,1552883,11.35,11.35,11.3,11.3,-0.05,55
2017-10-27,8289,152001,1710211,11.35,11.4,11.15,11.15,-0.15,68
2017-10-30,8289,113177,1258073,11.15,11.2,11.0,11.15,0.0,45
2017-10-31,8289,78102,877537,11.15,11.3,11.15,11.2,0.05,40
2017-11-01,8289,131100,1468610,11.25,11.25,11.1,11.15,-0.05,40
2017-11-02,8289,119200,1321700,11.05,11.2,11.0,11.1,-0.05,45
2017-11-03,8289,103000,1153400,11.05,11.3,11.05,11.3,0.2,41
2017-11-06,8289,149000,1673850,11.15,11.4,11.15,11.15,-0.15,46
2017-11-07,8289,1360000,15976350,11.15,12.05,11.15,11.6,0.45,520
2017-11-08,8289,532700,6169119,11.5,11.8,11.4,11.6,0.0,116
2017-11-09,8289,141135,1612438,11.55,11.6,11.3,11.4,-0.2,79
2017-11-10,8289,116680,1316018,11.4,11.4,11.2,11.35,-0.05,50
2017-11-13,8289,135039,1514036,11.35,11.35,11.15,11.2,-0.15,50
2017-11-14,8289,53039,596834,11.5,11.5,11.15,11.25,0.05,25
2017-11-15,8289,89010,990111,11.25,11.25,11.05,11.1,-0.15,35
2017-11-16,8289,48333,535613,11.15,11.15,11.05,11.1,0.0,22
2017-11-17,8289,84404,945944,11.15,11.3,11.1,11.1,0.0,28
2017-11-20,8289,84990,942388,11.1,11.15,11.05,11.1,0.0,32
2017-11-21,8289,95000,1047000,11.05,11.1,11.0,11.05,-0.05,43
2017-11-22,8289,91365,1015669,11.1,11.2,11.1,11.1,0.05,34
2017-11-23,8289,259101,2915701,11.1,11.5,11.1,11.5,0.4,91
2017-11-24,8289,198410,2262412,11.6,11.7,11.3,11.3,-0.2,82
2017-11-27,8289,118000,1328450,11.3,11.4,11.2,11.3,0.0,40
2017-11-28,8289,225000,2572350,11.25,11.55,11.25,11.4,0.1,87
2017-11-29,8289,2799565,33573108,11.6,12.25,11.5,11.85,0.45,934
2017-11-30,8289,609041,7254183,11.7,12.15,11.6,11.8,-0.05,207
2017-12-01,8289,2788231,34895195,11.9,12.95,11.7,12.15,0.35,954
2017-12-04,8289,3299025,42710466,12.4,13.25,12.2,12.85,0.7,949
2017-12-05,8289,3932999,49610286,12.85,13.25,11.6,11.6,-1.25,1076
2017-12-06,8289,817206,9402169,11.6,11.8,11.25,11.25,-0.35,313
2017-12-07,8289,520200,5824640,11.25,11.4,11.0,11.25,0.0,229
2017-12-08,8289,256620,2909094,11.25,11.5,11.15,11.25,0.0,122
2017-12-11,8289,296029,3330073,11.4,11.4,11.2,11.2,-0.05,105
2017-12-12,8289,152000,1712650,11.2,11.4,11.2,11.2,0.0,66
2017-12-13,8289,63058,708249,11.3,11.35,11.2,11.2,0.0,37
2017-12-14,8289,90044,1013795,11.4,11.4,11.2,11.3,0.1,39
2017-12-15,8289,69000,773600,11.3,11.35,11.15,11.35,0.05,31
2017-12-18,8289,58000,658200,11.35,11.4,11.3,11.35,0.0,23
2017-12-19,8289,138000,1546000,11.3,11.3,11.15,11.2,-0.15,42
2017-12-20,8289,127040,1420694,11.2,11.35,11.15,11.15,-0.05,42
2017-12-21,8289,48000,537900,11.2,11.3,11.2,11.25,0.1,18
2017-12-22,8289,73000,818100,11.25,11.3,11.15,11.25,0.0,45
2017-12-25,8289,165000,1840750,11.2,11.25,11.1,11.2,-0.05,60
2017-12-26,8289,220019,2430706,11.15,11.2,10.95,10.95,-0.25,83
2017-12-27,8289,256202,2813901,10.95,11.1,10.95,10.95,0.0,65
2017-12-28,8289,77200,855060,11.05,11.1,11.0,11.1,0.15,35
2017-12-29,8289,67413,747422,11.2,11.2,11.0,11.05,-0.05,39
2018-01-02,8289,123702,1383541,11.15,11.3,11.15,11.15,0.1,41
2018-01-03,8289,67000,752100,11.2,11.25,11.2,11.25,0.1,28
2018-01-04,8289,661000,7720750,11.35,11.85,11.35,11.8,0.55,275
2018-01-05,8289,290280,3361706,11.9,11.9,11.45,11.55,-0.25,124
2018-01-08,8289,180080,2072320,11.5,11.6,11.45,11.6,0.05,58
2018-01-09,8289,56000,637650,11.4,11.45,11.3,11.3,-0.3,35
2018-01-10,8289,214080,2486316,11.9,11.9,11.4,11.5,0.2,88
2018-01-11,8289,34000,388400,11.5,11.5,11.4,11.4,-0.1,19
2018-01-12,8289,286446,3337122,11.5,11.7,11.5,11.65,0.25,125
2018-01-15,8289,155000,1814900,11.75,11.75,11.6,11.7,0.05,68
2018-01-16,8289,583237,6980794,11.7,12.1,11.7,12.05,0.35,260
2018-01-17,8289,503000,6002350,12.15,12.2,11.75,11.8,-0.25,209
2018-01-18,8289,389499,4654838,11.95,12.05,11.9,11.95,0.15,150
2018-01-19,8289,171000,2026250,12.0,12.0,11.8,11.8,-0.15,72
2018-01-22,8289,176161,2084207,11.8,11.95,11.75,11.8,0.0,69
2018-01-23,8289,141202,1655412,11.85,11.9,11.6,11.8,0.0,75
2018-01-24,8289,156000,1824850,11.75,11.8,11.65,11.7,-0.1,61
2018-01-25,8289,757067,9183354,11.8,12.45,11.8,12.0,0.3,325
2018-01-26,8289,185525,2218046,12.2,12.2,11.9,12.0,0.0,101
2018-01-29,8289,295000,3556950,12.1,12.1,12.0,12.0,0.0,113
2018-01-30,8289,114000,1350550,12.1,12.1,11.75,11.85,-0.15,53
2018-01-31,8289,142123,1661257,11.8,11.8,11.6,11.7,-0.15,52
2018-02-01,8289,208000,2415800,11.7,11.75,11.55,11.6,-0.1,95
2018-02-02,8289,64537,747452,11.55,11.65,11.55,11.65,0.05,29
2018-02-05,8289,126537,1431725,11.4,11.6,11.2,11.6,-0.05,69
2018-02-06,8289,534115,5842507,11.3,11.35,10.6,10.6,-1.0,209
2018-02-07,8289,120000,1303250,10.95,10.95,10.8,10.8,0.2,46
2018-02-08,8289,57661,622632,10.85,10.9,10.75,10.75,-0.05,28
2018-02-09,8289,124100,1339285,10.6,11.0,10.55,10.95,0.2,48
2018-02-12,8289,158100,1766055,11.0,11.35,11.0,11.15,0.2,67
2018-02-21,8289,110041,1258669,11.2,11.65,11.15,11.55,0.4,56
2018-02-22,8289,52050,606385,11.45,11.75,11.45,11.7,0.15,29
2018-02-23,8289,60091,700064,11.7,11.75,11.55,11.7,0.0,33
2018-02-26,8289,72202,836623,11.7,11.75,11.5,11.5,-0.2,34
2018-02-27,8289,70100,804340,11.5,11.55,11.4,11.4,-0.1,26
2018-03-01,8289,44000,498750,11.4,11.5,11.2,11.4,0.0,24
2018-03-02,8289,22000,248750,11.25,11.4,11.25,11.4,0.0,13
2018-03-05,8289,48000,548350,11.8,11.8,11.25,11.25,-0.15,30
2018-03-06,8289,47545,543408,11.7,11.7,11.35,11.4,0.15,24
2018-03-07,8289,118220,1368530,11.5,11.7,11.4,11.6,0.2,45
2018-03-08,8289,280096,3308773,11.6,11.95,11.6,11.8,0.2,119
2018-03-09,8289,40020,466781,11.8,11.8,11.6,11.65,-0.15,27
2018-03-12,8289,230100,2707485,11.9,11.9,11.65,11.75,0.1,132
2018-03-13,8289,54100,638675,11.8,11.9,11.75,11.75,0.0,36
2018-03-14,8289,80000,934650,11.8,11.8,11.6,11.65,-0.1,52
2018-03-15,8289,52000,606800,11.75,11.8,11.6,11.8,0.15,28
2018-03-16,8289,701000,8455450,11.8,12.4,11.8,11.9,0.1,285
2018-03-19,8289,140000,1666650,12.0,12.05,11.8,11.8,-0.1,75
2018-03-20,8289,176000,2058900,11.7,11.85,11.6,11.7,-0.1,94
2018-03-21,8289,142941,1682559,11.7,11.9,11.7,11.75,0.05,54
2018-03-22,8289,173000,2015250,11.8,11.8,11.5,11.55,-0.2,74
2018-03-23,8289,98143,1109151,11.3,11.4,11.25,11.3,-0.25,48
2018-03-26,8289,152040,1774559,11.3,11.95,11.3,11.6,0.3,81
2018-03-27,8289,125019,1460670,11.65,11.85,11.6,11.7,0.1,41
2018-03-28,8289,134000,1559250,11.7,11.7,11.55,11.55,-0.15,36
2018-03-29,8289,63080,726716,11.5,11.55,11.45,11.55,0.0,31
2018-03-30,8289,168000,1955300,11.55,11.75,11.5,11.7,0.15,63
2018-03-31,8289,261120,3089310,11.8,12.1,11.65,11.75,0.05,98
2018-04-02,8289,135100,1588884,11.85,11.85,11.7,11.75,0.0,39
2018-04-03,8289,65000,754050,11.5,11.65,11.5,11.65,-0.1,29
2018-04-09,8289,57000,657500,11.6,11.7,11.45,11.45,-0.2,29
2018-04-10,8289,73271,838889,11.4,11.5,11.35,11.4,-0.05,37
2018-04-11,8289,38000,436550,11.4,11.55,11.4,11.45,0.05,14
2018-04-12,8289,26000,300650,11.55,11.6,11.5,11.6,0.15,14
2018-04-13,8289,219000,2574100,11.6,11.85,11.5,11.85,0.25,58
2018-04-16,8289,51000,601700,11.85,11.85,11.7,11.7,-0.15,25
2018-04-17,8289,67001,776911,11.6,11.7,11.5,11.7,0.0,36
2018-04-18,8289,97002,1132922,11.85,11.85,11.55,11.55,-0.15,42
2018-04-19,8289,136102,1575325,11.55,11.7,11.5,11.65,0.1,40
2018-04-20,8289,37000,426800,11.75,11.75,11.45,11.6,-0.05,21
2018-04-23,8289,31230,359606,11.5,11.55,11.5,11.55,-0.05,16
2018-04-24,8289,71100,811385,11.45,11.5,11.35,11.45,-0.1,31
2018-04-25,8289,81255,913484,11.35,11.35,11.2,11.3,-0.15,36
2018-04-26,8289,136000,1516250,11.25,11.35,11.0,11.0,-0.3,52
2018-04-27,8289,42000,466250,11.2,11.2,11.05,11.05,0.05,21
2018-04-30,8289,18001,200111,11.1,11.15,11.1,11.15,0.1,8
2018-05-02,8289,38000,418300,11.0,11.1,10.95,11.1,-0.05,26
2018-05-03,8289,107000,1159600,10.95,10.95,10.8,10.85,-0.25,42
2018-05-04,8289,57000,625900,10.9,11.05,10.9,11.0,0.15,19
2018-05-07,8289,46000,498550,10.9,10.9,10.8,10.9,-0.1,27
2018-05-08,8289,16019,173007,10.8,10.85,10.7,10.85,-0.05,12
2018-05-09,8289,39000,426250,10.9,11.0,10.8,11.0,0.15,25
2018-05-10,8289,56006,609165,11.0,11.0,10.8,10.95,-0.05,35
2018-05-11,8289,64000,696800,10.85,11.1,10.8,10.8,-0.15,42
2018-05-14,8289,103000,1109050,10.85,11.05,10.55,10.75,-0.05,53
2018-05-15,8289,481000,4899450,10.5,10.5,10.0,10.15,-0.6,218
2018-05-16,8289,118000,1188850,10.15,10.2,10.0,10.1,-0.05,50
2018-05-17,8289,62006,626960,10.15,10.15,10.1,10.1,0.0,18
2018-05-18,8289,18000,182950,10.2,10.25,10.1,10.1,0.0,14
2018-05-21,8289,126167,1285644,10.1,10.25,10.1,10.25,0.15,65
2018-05-22,8289,104092,1049620,10.3,10.3,10.0,10.05,-0.2,55
2018-05-23,8289,62039,622370,10.05,10.15,9.98,10.0,-0.05,33
2018-05-24,8289,46000,463600,10.05,10.1,10.05,10.1,0.1,19
2018-05-25,8289,43000,435300,10.15,10.15,10.1,10.1,0.0,21
2018-05-28,8289,282162,3027867,10.1,11.05,10.1,10.6,0.5,148
2018-05-29,8289,37000,392300,10.7,10.8,10.45,10.5,-0.1,23
2018-05-30,8289,124100,1274060,10.4,10.5,10.1,10.2,-0.3,70
2018-05-31,8289,230740,2446896,10.4,10.85,10.35,10.5,0.3,111
2018-06-01,8289,91000,972550,10.5,10.8,10.5,10.7,0.2,33
2018-06-04,8289,25000,269900,10.7,10.85,10.7,10.8,0.1,12
2018-06-05,8289,222120,2415634,10.8,11.05,10.7,10.8,0.0,89
2018-06-06,8289,47144,509548,10.75,10.85,10.75,10.85,0.05,23
2018-06-07,8289,203000,2228400,10.9,11.1,10.9,11.05,0.2,68
2018-06-08,8289,181102,2008572,11.0,11.25,10.9,11.05,0.0,74
2018-06-11,8289,962000,11245050,11.15,12.05,11.1,12.0,0.95,236
2018-06-12,8289,3373119,41771714,11.95,12.9,11.55,12.0,0.0,1170
2018-06-13,8289,880891,10667795,12.0,12.5,11.65,11.95,-0.05,341
2018-06-14,8289,258111,2950015,11.8,11.95,11.2,11.4,-0.55,139
2018-06-15,8289,228300,2611684,11.7,11.7,11.35,11.35,-0.05,101
2018-06-19,8289,43000,486400,11.35,11.4,11.25,11.4,0.05,27
2018-06-20,8289,125059,1401210,11.35,11.35,11.0,11.25,-0.15,56
2018-06-21,8289,52000,587350,11.3,11.4,11.15,11.4,0.15,34
2018-06-22,8289,93000,1053500,11.4,11.4,11.25,11.4,0.0,49
2018-06-25,8289,110727,1246205,11.45,11.5,11.15,11.25,-0.15,60
2018-06-26,8289,124665,1417497,11.3,11.5,11.1,11.45,0.2,62
2018-06-27,8289,584740,6944759,11.6,12.15,11.45,11.6,0.15,242
2018-06-28,8289,163000,1907200,11.75,11.85,11.6,11.75,0.15,70
2018-06-29,8289,1654157,20365625,11.95,12.7,11.8,12.0,0.25,656
2018-07-02,8289,480000,5629800,12.0,12.1,11.5,11.55,-0.45,209
2018-07-03,8289,367200,4163709,11.55,11.55,11.2,11.2,-0.35,123
2018-07-04,8289,107867,1214866,11.3,11.3,11.25,11.25,0.05,29
2018-07-05,8289,167000,1854000,11.2,11.2,11.0,11.0,-0.25,74
2018-07-06,8289,91123,1016739,11.3,11.3,11.1,11.3,0.3,39
2018-07-09,8289,43000,487450,11.15,11.45,11.15,11.4,0.1,18
2018-07-10,8289,84000,957550,11.4,11.45,11.35,11.4,0.0,43
2018-07-11,8289,109111,1251270,11.35,11.6,11.35,11.4,0.0,52
2018-07-12,8289,171163,1947691,11.45,11.55,11.25,11.4,0.0,59
2018-07-13,8289,120000,1385600,11.55,11.6,11.45,11.6,0.2,44
2018-07-16,8289,94000,1091350,11.6,11.7,11.5,11.6,0.0,32
2018-07-17,8289,105808,1213901,11.55,11.55,11.35,11.35,-0.25,51
2018-07-18,8289,87188,1006680,11.5,11.6,11.45,11.5,0.15,31
2018-07-19,8289,78000,911300,11.6,11.85,11.55,11.6,0.1,37
2018-07-20,8289,90200,1053539,11.75,11.85,11.6,11.65,0.05,39
2018-07-23,8289,140419,1619018,11.6,11.7,11.5,11.55,-0.1,39
2018-07-24,8289,81040,943614,11.6,11.7,11.55,11.7,0.15,29
2018-07-25,8289,38099,441243,11.55,11.6,11.55,11.6,-0.1,21
2018-07-26,8289,97024,1126478,11.65,11.7,11.55,11.55,-0.05,28
2018-07-27,8289,138000,1602450,11.6,11.75,11.55,11.55,0.0,48
2018-07-30,8289,109098,1256845,11.6,11.6,11.45,11.6,0.05,53
2018-07-31,8289,111000,1257900,11.3,11.5,11.25,11.5,0.0,37
2018-08-01,8289,38000,432150,11.5,11.5,11.35,11.5,0.0,15
2018-08-02,8289,64000,719600,11.45,11.45,11.2,11.3,-0.2,24
2018-08-03,8289,6000,67700,11.3,11.3,11.25,11.3,0.0,5
2018-08-06,8289,38000,430450,11.15,11.4,11.15,11.35,0.05,21
2018-08-07,8289,30000,340800,11.35,11.45,11.3,11.45,0.1,18
2018-08-08,8289,36168,410098,11.35,11.45,11.3,11.3,-0.15,18
2018-08-09,8289,38490,437512,11.4,11.45,11.35,11.35,0.05,16
2018-08-10,8289,391991,4615494,11.35,11.9,11.35,11.8,0.45,151
2018-08-13,8289,405200,4785850,11.9,12.0,11.55,11.9,0.1,173
2018-08-14,8289,678100,8255590,11.8,12.55,11.75,12.5,0.6,252
2018-08-15,8289,707195,8676437,12.4,12.5,12.05,12.2,-0.3,279
2018-08-16,8289,583000,7096800,12.2,12.4,11.7,11.85,-0.35,221
2018-08-17,8289,338808,4065284,11.9,12.3,11.8,11.85,0.0,149
2018-08-20,8289,128000,1518300,11.95,11.95,11.75,11.9,0.05,39
2018-08-21,8289,150100,1789190,11.95,12.0,11.9,11.95,0.05,56
2018-08-22,8289,189000,2275000,11.9,12.25,11.9,12.0,0.05,82
2018-08-23,8289,79040,950078,12.1,12.1,11.95,12.0,0.0,48
2018-08-24,8289,203036,2469990,12.05,12.3,11.95,12.15,0.15,93
2018-08-27,8289,2678617,35460133,12.4,13.35,12.3,13.35,1.2,698
2018-08-28,8289,6787103,92567377,14.0,14.4,12.5,12.6,-0.75,2970
2018-08-29,8289,1314000,16450600,12.55,12.7,12.35,12.6,0.0,483
2018-08-30,8289,339000,4272450,12.55,12.8,12.5,12.5,-0.1,163
2018-08-31,8289,321062,4035621,12.45,12.7,12.45,12.55,0.05,153
2018-09-03,8289,589062,7212575,12.55,12.55,11.85,11.9,-0.65,223
2018-09-04,8289,226385,2718850,12.15,12.15,11.9,12.05,0.15,114
2018-09-05,8289,246000,2925650,12.05,12.05,11.75,11.9,-0.15,118
2018-09-06,8289,101200,1195690,11.9,11.9,11.75,11.75,-0.15,57
2018-09-07,8289,169200,1982170,11.75,11.85,11.6,11.85,0.1,84
2018-09-10,8289,295018,3357504,11.75,11.75,11.2,11.3,-0.55,121
2018-09-11,8289,81171,928066,11.2,11.6,11.2,11.6,0.3,51
2018-09-12,8289,43000,503550,11.65,11.85,11.55,11.7,0.1,30
2018-09-13,8289,204250,2444861,11.8,12.1,11.8,11.9,0.2,75
2018-09-14,8289,414226,5108240,12.0,12.5,11.95,12.25,0.35,206
2018-09-17,8289,76072,929432,12.3,12.4,12.15,12.2,-0.05,35
2018-09-18,8289,93000,1125150,12.15,12.2,12.0,12.0,-0.2,48
2018-09-19,8289,96438,1160762,12.05,12.25,11.95,11.95,-0.05,40
2018-09-20,8289,65226,773105,11.9,12.0,11.75,11.85,-0.1,33
2018-09-21,8289,101226,1225389,12.4,12.4,11.95,11.95,0.1,46
2018-09-25,8289,73000,865450,11.75,11.95,11.75,11.9,-0.05,30
2018-09-26,8289,104000,1221250,12.0,12.0,11.65,11.7,-0.2,52
2018-09-27,8289,94020,1097936,11.7,11.8,11.6,11.7,0.0,35
2018-09-28,8289,20100,233515,11.6,11.7,11.6,11.6,-0.1,11
2018-10-01,8289,90000,1048400,11.6,11.7,11.6,11.7,0.1,38
2018-10-02,8289,37100,433915,11.8,11.8,11.65,11.65,-0.05,14
2018-10-03,8289,55000,644400,11.7,11.9,11.65,11.65,0.0,32
2018-10-04,8289,49000,570800,11.65,11.75,11.6,11.75,0.1,22
2018-10-05,8289,189000,2162000,11.65,11.65,11.3,11.65,-0.1,73
2018-10-08,8289,65000,745600,11.6,11.6,11.4,11.4,-0.25,29
2018-10-09,8289,24000,276300,11.6,11.6,11.45,11.5,0.1,19
2018-10-11,8289,515000,5457550,11.0,11.0,10.4,10.45,-1.05,183
2018-10-12,8289,131250,1399875,10.5,10.8,10.5,10.8,0.35,43
2018-10-15,8289,53000,573950,10.75,10.95,10.65,10.95,0.15,21
2018-10-16,8289,82000,903200,11.05,11.15,10.8,10.9,-0.05,25
2018-10-17,8289,54000,589550,11.15,11.15,10.85,11.0,0.1,28
2018-10-18,8289,69000,742400,10.85,10.85,10.65,10.65,-0.35,25
2018-10-19,8289,87000,918250,10.55,10.75,10.4,10.7,0.05,37
2018-10-22,8289,24000,258400,10.7,10.9,10.7,10.9,0.2,14
2018-10-23,8289,60000,654000,10.9,10.9,10.9,10.9,0.0,14
2018-10-24,8289,28000,302950,10.9,10.9,10.7,10.85,-0.05,12
2018-10-25,8289,160100,1691015,10.6,10.7,10.4,10.55,-0.3,52
2018-10-26,8289,49000,518700,10.6,10.6,10.55,10.6,0.05,14
2018-10-29,8289,23623,247779,10.45,10.55,10.4,10.5,-0.1,14
2018-10-30,8289,11000,115900,10.5,10.55,10.5,10.5,0.0,7
2018-10-31,8289,75009,796544,10.6,10.8,10.55,10.55,0.05,29
2018-11-01,8289,105129,1124973,10.6,10.8,10.6,10.65,0.1,28
2018-11-02,8289,74000,792750,10.75,10.95,10.6,10.65,0.0,34
2018-11-05,8289,33000,353750,10.65,10.8,10.65,10.8,0.15,14
2018-11-06,8289,57000,624450,10.8,11.1,10.8,10.9,0.1,31
2018-11-07,8289,178080,2036566,11.1,11.7,11.1,11.55,0.65,75
2018-11-08,8289,31080,354846,11.5,11.55,11.3,11.3,-0.25,17
2018-11-09,8289,34000,383300,11.3,11.4,11.2,11.4,0.1,16
2018-11-12,8289,33000,375550,11.35,11.5,11.3,11.5,0.1,17
2018-11-13,8289,69444,806167,11.6,11.85,11.4,11.85,0.35,40
2018-11-14,8289,975057,12295864,11.85,12.9,11.8,12.45,0.6,421
2018-11-15,8289,427000,5245050,12.6,12.6,12.0,12.25,-0.2,188
2018-11-16,8289,183000,2248900,12.3,12.45,12.1,12.2,-0.05,78
2018-11-19,8289,139000,1709150,12.3,12.35,12.2,12.35,0.15,54
2018-11-20,8289,121281,1483533,12.3,12.35,12.15,12.35,0.0,47
2018-11-21,8289,98000,1207350,12.2,12.35,12.15,12.3,-0.05,37
2018-11-22,8289,59111,721653,12.15,12.35,12.15,12.2,-0.1,32
2018-11-23,8289,59000,711600,12.15,12.15,12.0,12.0,-0.2,32
2018-11-26,8289,20000,240850,12.1,12.1,12.0,12.0,0.0,13
2018-11-27,8289,50020,601993,12.05,12.15,11.85,12.15,0.15,25
2018-11-28,8289,153000,1843450,12.1,12.2,12.0,12.1,-0.05,66
2018-11-29,8289,180094,2194191,12.2,12.3,12.1,12.15,0.05,55
2018-11-30,8289,58000,704550,12.2,12.25,12.1,12.1,-0.05,22
2018-12-03,8289,223080,2737326,12.3,12.4,12.15,12.25,0.15,92
2018-12-04,8289,108410,1328992,12.2,12.35,12.15,12.3,0.05,48
2018-12-05,8289,78000,947950,12.05,12.2,12.05,12.2,-0.1,43
2018-12-06,8289,179000,2132050,12.15,12.15,11.8,12.0,-0.2,69
2018-12-07,8289,207296,2550190,12.1,12.4,12.1,12.4,0.4,98
2018-12-10,8289,101000,1236400,12.3,12.3,12.2,12.2,-0.2,46
2018-12-11,8289,112456,1388281,12.3,12.45,12.25,12.4,0.2,63
2018-12-12,8289,275000,3449250,12.4,12.7,12.35,12.7,0.3,142
2018-12-13,8289,136034,1717728,12.8,12.85,12.5,12.5,-0.2,84
2018-12-14,8289,135000,1672050,12.65,12.65,12.35,12.35,-0.15,63
2018-12-17,8289,76000,937600,12.3,12.5,12.25,12.4,0.05,35
2018-12-18,8289,829313,10611812,12.4,13.15,12.4,12.6,0.2,460
2018-12-19,8289,207331,2626787,12.65,12.75,12.55,12.55,-0.05,114
2018-12-20,8289,480000,6062650,12.5,12.9,12.3,12.3,-0.25,189
2018-12-21,8289,459106,5582132,12.3,12.35,12.0,12.0,-0.3,199
2018-12-22,8289,81104,980968,12.1,12.2,12.0,12.1,0.1,50
2018-12-24,8289,194262,2391285,12.15,12.4,12.15,12.35,0.25,101
2018-12-25,8289,135015,1630582,12.25,12.25,12.0,12.0,-0.35,80
2018-12-26,8289,55000,664900,12.1,12.15,12.0,12.0,0.0,29
2018-12-27,8289,35000,425100,12.2,12.25,12.1,12.1,0.1,23
2018-12-28,8289,51554,622548,12.15,12.15,12.0,12.05,-0.05,32
2019-01-02,8289,60115,728480,12.25,12.25,12.05,12.05,0.0,39
2019-01-03,8289,72000,876300,12.15,12.25,12.1,12.1,0.05,37
2019-01-04,8289,72000,864450,12.1,12.1,11.9,12.0,-0.1,33
2019-01-07,8289,69081,839572,12.15,12.2,12.1,12.1,0.1,33
2019-01-08,8289,55000,665500,12.1,12.1,12.1,12.1,0.0,28
2019-01-09,8289,75080,915422,12.3,12.3,12.15,12.15,0.05,37
2019-01-10,8289,195000,2400094,12.3,12.45,12.2,12.45,0.3,111
2019-01-11,8289,315941,3911933,12.35,12.6,12.25,12.25,-0.2,121
2019-01-14,8289,70000,858750,12.35,12.35,12.2,12.35,0.1,32
2019-01-15,8289,70000,864950,12.35,12.4,12.3,12.4,0.05,24
2019-01-16,8289,57000,703650,12.4,12.4,12.25,12.25,-0.15,25
2019-01-17,8289,114000,1380150,12.2,12.25,12.0,12.05,-0.2,44
2019-01-18,8289,31000,378050,12.1,12.3,12.1,12.3,0.25,23
2019-01-21,8289,164000,2007600,12.3,12.35,12.15,12.15,-0.15,52
2019-01-22,8289,96990,1166680,12.15,12.15,12.0,12.0,-0.15,45
2019-01-23,8289,34110,409570,12.0,12.05,12.0,12.0,0.0,24
2019-01-24,8289,9000,108800,12.0,12.15,12.0,12.15,0.15,7
2019-01-25,8289,45990,554129,12.15,12.15,12.0,12.0,-0.15,24
2019-01-28,8289,211242,2548154,12.05,12.15,12.0,12.05,0.05,70
2019-01-29,8289,110000,1317700,12.05,12.05,11.95,11.95,-0.1,48
2019-01-30,8289,116204,1389398,12.0,12.05,11.85,12.05,0.1,49
2019-02-11,8289,43000,517050,12.15,12.15,12.0,12.0,-0.05,15
2019-02-12,8289,53382,641834,12.0,12.1,12.0,12.0,0.0,24
2019-02-13,8289,81009,981510,12.05,12.15,12.05,12.15,0.15,46
2019-02-14,8289,178000,2200700,12.2,12.4,12.2,12.35,0.2,84
2019-02-15,8289,151000,1878800,12.4,12.55,12.4,12.45,0.1,57
2019-02-18,8289,152000,1889750,12.45,12.55,12.35,12.45,0.0,53
2019-02-19,8289,45000,557450,12.4,12.4,12.35,12.35,-0.1,26
2019-02-20,8289,47000,577900,12.3,12.35,12.25,12.35,0.0,29
2019-02-21,8289,366000,4578250,12.35,12.65,12.3,12.6,0.25,147
2019-02-22,8289,180705,2258083,12.6,12.6,12.4,12.5,-0.1,55
2019-02-25,8289,739195,9506344,12.5,13.0,12.5,13.0,0.5,298
2019-02-26,8289,391061,5062436,12.8,13.15,12.8,13.0,0.0,175
2019-02-27,8289,103039,1328049,13.0,13.0,12.8,12.9,-0.1,54
2019-03-04,8289,483160,6344470,13.05,13.35,13.0,13.25,0.35,213
2019-03-05,8289,183000,2402950,13.05,13.2,13.0,13.2,-0.05,80
2019-03-06,8289,74227,973619,13.2,13.2,13.05,13.15,-0.05,44
2019-03-07,8289,245000,3185300,13.1,13.15,12.9,12.9,-0.25,99
2019-03-08,8289,131267,1678590,12.9,12.9,12.7,12.8,-0.1,68
2019-03-11,8289,502124,6446924,12.7,13.2,12.5,13.2,0.4,167
2019-03-12,8289,207000,2729650,13.2,13.3,13.05,13.1,-0.1,60
2019-03-13,8289,148102,1932076,13.1,13.15,12.95,13.05,-0.05,43
2019-03-14,8289,221191,2859883,13.1,13.1,12.8,12.9,-0.15,69
2019-03-15,8289,116500,1506599,12.95,13.05,12.8,12.95,0.05,56
2019-03-18,8289,66000,857850,13.05,13.1,12.85,13.1,0.15,37
2019-03-19,8289,425000,5587150,13.15,13.3,12.95,13.0,-0.1,129
2019-03-20,8289,98000,1268800,13.0,13.05,12.9,12.95,-0.05,39
2019-03-21,8289,1185249,15630086,13.0,13.45,12.95,13.25,0.3,351
2019-03-22,8289,387080,5122260,13.3,13.35,13.1,13.3,0.05,141
2019-03-25,8289,441000,5781050,13.2,13.3,13.0,13.3,0.0,160
2019-03-26,8289,1029000,14036500,13.4,13.85,13.35,13.55,0.25,400
2019-03-27,8289,1403150,19582615,13.6,14.3,13.6,14.0,0.45,607
2019-03-28,8289,1347641,18025878,13.65,13.65,13.15,13.2,-0.8,569
2019-03-29,8289,472449,6280324,13.3,13.45,13.15,13.25,0.05,151
2019-04-01,8289,602000,7892250,13.4,13.4,12.9,13.0,-0.25,200
2019-04-02,8289,587020,7488457,13.1,13.15,12.55,12.85,-0.15,236
2019-04-03,8289,486150,6208977,12.85,13.0,12.65,12.85,0.0,170
2019-04-08,8289,168462,2182140,12.75,13.1,12.7,12.85,0.0,78
2019-04-09,8289,237013,3061365,13.0,13.0,12.85,12.85,0.0,80
2019-04-10,8289,200677,2582748,12.9,12.9,12.85,12.85,0.0,74
2019-04-11,8289,112079,1438653,13.0,13.0,12.75,12.75,-0.1,58
2019-04-12,8289,165006,2115377,12.75,12.9,12.7,12.85,0.1,53
2019-04-15,8289,127090,1637406,13.0,13.0,12.8,12.85,0.0,59
2019-04-16,8289,106100,1361435,12.85,12.85,12.75,12.85,0.0,52
2019-04-17,8289,3087200,40916049,12.8,13.75,12.8,13.35,0.5,637
2019-04-18,8289,526702,6899555,13.4,13.4,12.9,12.9,-0.45,246
2019-04-19,8289,137199,1774977,12.9,13.1,12.9,12.9,0.0,67
2019-04-22,8289,96239,1245733,13.1,13.1,12.9,12.9,0.0,47
2019-04-23,8289,62000,801650,12.95,13.0,12.9,12.9,0.0,32
2019-04-24,8289,116020,1509759,12.95,13.05,12.95,13.0,0.1,50
2019-04-25,8289,135008,1738503,12.95,12.95,12.85,12.85,-0.15,53
2019-04-26,8289,55040,703964,12.85,12.85,12.75,12.8,-0.05,34
2019-04-29,8289,161000,2026500,12.7,12.7,12.45,12.7,-0.1,81
2019-04-30,8289,118290,1478939,12.6,12.6,12.4,12.5,-0.2,62
2019-05-02,8289,68100,851650,12.5,12.55,12.5,12.5,0.0,30
2019-05-03,8289,39000,490700,12.5,12.7,12.5,12.7,0.2,21
2019-05-06,8289,116000,1448200,12.6,12.6,12.45,12.5,-0.2,46
2019-05-07,8289,81000,1025700,12.55,12.7,12.55,12.7,0.2,29
2019-05-08,8289,44040,554902,12.55,12.65,12.55,12.65,-0.05,28
2019-05-09,8289,104000,1302450,12.65,12.65,12.5,12.5,-0.15,38
2019-05-10,8289,113080,1399580,12.4,12.5,12.3,12.35,-0.15,54
2019-05-13,8289,136180,1653551,12.35,12.35,12.05,12.05,-0.3,59
2019-05-14,8289,208040,2476976,12.0,12.05,11.75,11.9,-0.15,75
2019-05-15,8289,85000,1016900,11.95,12.05,11.9,11.95,0.05,27
2019-05-16,8289,114164,1375284,12.0,12.15,12.0,12.1,0.15,42
2019-05-17,8289,158000,1918150,12.15,12.2,12.05,12.1,0.0,37
2019-05-20,8289,28116,336992,12.25,12.25,11.9,12.1,0.0,18
2019-05-21,8289,14000,168800,12.05,12.1,12.05,12.1,0.0,7
2019-05-22,8289,57000,684550,12.0,12.1,12.0,12.05,-0.05,11
2019-05-23,8289,46000,549750,11.9,12.0,11.9,11.95,-0.1,20
2019-05-24,8289,36633,438046,11.9,12.1,11.9,12.1,0.15,19
2019-05-27,8289,80000,961200,12.05,12.05,11.95,12.0,-0.1,18
2019-05-28,8289,52000,623550,12.0,12.0,11.95,12.0,0.0,11
2019-05-29,8289,107000,1295250,12.0,12.3,12.0,12.3,0.3,18
2019-05-30,8289,34000,415900,12.25,12.4,12.2,12.4,0.1,27
2019-05-31,8289,67000,819150,12.3,12.3,12.2,12.2,-0.2,23
2019-06-03,8289,39024,472338,12.15,12.15,12.0,12.1,-0.1,10
2019-06-04,8289,35004,424148,12.15,12.15,12.1,12.1,0.0,18
2019-06-05,8289,115000,1391650,12.2,12.2,12.0,12.15,0.05,34
2019-06-06,8289,36000,433250,12.05,12.1,12.0,12.05,-0.1,15
2019-06-10,8289,8080,97914,12.2,12.2,12.05,12.1,0.05,5
2019-06-11,8289,48153,587315,12.15,12.25,12.15,12.15,0.05,13
2019-06-12,8289,28000,339500,12.2,12.2,12.05,12.05,-0.1,10
2019-06-13,8289,53000,636550,12.1,12.1,11.9,12.0,-0.05,25
2019-06-14,8289,23000,275650,12.0,12.0,11.95,11.95,-0.05,11
2019-06-17,8289,16019,192329,11.95,12.1,11.95,12.1,0.15,11
2019-06-18,8289,16040,193630,12.1,12.15,12.05,12.1,0.0,8
2019-06-19,8289,28000,337450,12.1,12.1,12.0,12.05,-0.05,12
2019-06-20,8289,23000,278150,12.1,12.25,12.05,12.15,0.1,10
2019-06-21,8289,13000,157800,12.2,12.2,12.1,12.15,0.0,8
2019-06-24,8289,37000,448550,12.1,12.15,12.1,12.15,0.0,13
2019-06-25,8289,4001,49112,12.25,12.3,12.25,12.25,0.1,5
2019-06-26,8289,240081,3000708,12.1,12.75,12.1,12.4,0.15,94
2019-06-27,8289,24000,295750,12.4,12.4,12.25,12.4,0.0,19
2019-06-28,8289,48300,597320,12.4,12.45,12.3,12.3,-0.1,21
2019-07-01,8289,41000,504800,12.25,12.45,12.25,12.3,0.0,17
2019-07-02,8289,149000,1805750,12.2,12.2,12.1,12.15,-0.15,52
2019-07-03,8289,84080,1016476,12.1,12.25,12.05,12.25,0.1,30
2019-07-04,8289,54060,664484,12.35,12.4,12.25,12.35,0.1,25
2019-07-05,8289,80060,992394,12.25,12.5,12.25,12.4,0.05,41
2019-07-08,8289,65000,800500,12.4,12.4,12.3,12.3,-0.1,23
2019-07-09,8289,52000,634350,12.25,12.25,12.15,12.15,-0.15,25
2019-07-10,8289,87000,1057000,12.15,12.2,12.1,12.15,0.0,40
2019-07-11,8289,40040,477874,11.95,11.95,11.9,11.95,0.0,24
2019-07-12,8289,32000,383350,11.9,12.0,11.9,11.95,0.0,21
2019-07-15,8289,102001,1214511,11.95,11.95,11.85,11.95,0.0,37
2019-07-16,8289,65008,774996,11.95,12.0,11.9,12.0,0.05,20
2019-07-17,8289,25142,299082,12.0,12.0,11.85,11.95,-0.05,10
2019-07-18,8289,81060,965161,11.95,11.95,11.9,11.9,-0.05,25
2019-07-19,8289,44000,524350,11.95,12.0,11.9,11.9,0.0,19
2019-07-22,8289,35000,418150,11.95,11.95,11.9,11.95,0.05,16
2019-07-23,8289,96000,1142300,11.9,11.9,11.85,11.9,-0.05,23
2019-07-24,8289,55000,653550,11.9,11.95,11.85,11.85,-0.05,17
2019-07-25,8289,25181,299944,11.95,12.0,11.9,11.95,0.1,17
2019-07-26,8289,113000,1360650,11.95,12.15,11.95,12.05,0.1,60
2019-07-29,8289,503255,6260411,12.1,12.65,12.1,12.3,0.25,276
2019-07-30,8289,161362,1952362,12.4,12.4,12.0,12.1,-0.2,68
2019-07-31,8289,26000,313800,12.1,12.15,12.05,12.15,0.05,20
2019-08-01,8289,46020,558492,12.1,12.15,12.1,12.15,0.0,25
2019-08-02,8289,141040,1690634,12.0,12.1,11.95,12.1,-0.05,55
2019-08-05,8289,112000,1330000,12.1,12.1,11.85,11.85,-0.25,37
2019-08-06,8289,54000,633050,11.7,11.95,11.65,11.9,0.05,28
2019-08-07,8289,23367,277711,12.0,12.0,11.85,11.85,-0.05,15
2019-08-08,8289,121000,1457600,12.15,12.15,11.9,11.95,0.1,27
2019-08-12,8289,64000,769050,12.0,12.1,11.95,11.95,0.0,32
2019-08-13,8289,132000,1592150,12.15,12.15,11.95,12.0,0.05,48
2019-08-14,8289,64088,770508,12.0,12.1,11.95,11.95,-0.05,32
2019-08-15,8289,54000,641600,11.7,12.05,11.7,12.0,0.05,23
2019-08-16,8289,61000,732200,12.0,12.05,11.9,12.0,0.0,32
2019-08-19,8289,29100,347290,11.85,12.0,11.85,11.95,-0.05,19
2019-08-20,8289,29000,344250,11.85,11.95,11.8,11.95,0.0,17
2019-08-21,8289,30000,355950,11.85,11.9,11.85,11.85,-0.1,19
2019-08-22,8289,44093,525766,12.0,12.0,11.9,11.9,0.05,22
2019-08-23,8289,33000,391050,11.85,11.85,11.85,11.85,-0.05,8
2019-08-26,8289,16079,190440,11.8,11.9,11.8,11.85,0.0,14
2019-08-27,8289,34061,404375,11.85,11.9,11.8,11.9,0.05,19
2019-08-28,8289,43000,511050,11.9,11.9,11.85,11.85,-0.05,22
2019-08-29,8289,46000,550650,12.0,12.0,11.9,11.95,0.1,28
2019-08-30,8289,72000,863700,11.95,12.05,11.9,12.0,0.05,29
2019-09-02,8289,24000,286100,11.9,11.95,11.9,11.9,-0.1,15
2019-09-03,8289,44242,525805,11.9,11.9,11.85,11.9,0.0,21
2019-09-04,8289,6236,74208,11.9,11.9,11.9,11.9,0.0,6
2019-09-05,8289,95041,1136387,11.95,12.0,11.9,12.0,0.1,33
2019-09-06,8289,139039,1671218,11.95,12.1,11.9,12.1,0.1,42
2019-09-09,8289,197000,2419250,12.1,12.45,12.1,12.25,0.15,97
2019-09-10,8289,39648,479008,12.25,12.25,12.0,12.15,-0.1,22
2019-09-11,8289,56999,686237,12.0,12.15,12.0,12.0,-0.15,35
2019-09-12,8289,64779,788274,12.15,12.2,12.1,12.15,0.15,30
2019-09-16,8289,55000,662350,12.15,12.15,11.95,12.0,-0.15,31
2019-09-17,8289,40130,481560,12.0,12.0,12.0,12.0,0.0,26
2019-09-18,8289,46002,556174,12.0,12.15,12.0,12.05,0.05,30
2019-09-19,8289,28461,341784,12.05,12.05,12.0,12.0,-0.05,21
2019-09-20,8289,52250,627187,12.0,12.05,11.95,12.05,0.05,36
2019-09-23,8289,85637,1031944,12.05,12.1,12.0,12.1,0.05,30
2019-09-24,8289,151522,1843817,12.1,12.25,12.1,12.2,0.1,73
2019-09-25,8289,198020,2426392,12.2,12.4,12.1,12.3,0.1,97
2019-10-07,8289,228093,2897460,12.6,12.85,12.5,12.55,0.0,117
2019-10-08,8289,156009,1966960,12.6,12.7,12.45,12.45,-0.1,61
2019-10-09,8289,267079,3349631,12.55,12.6,12.5,12.55,0.1,60
2019-10-14,8289,407282,5156127,12.95,12.95,12.35,12.7,0.15,134
2019-10-15,8289,171234,2164131,12.55,12.7,12.55,12.55,-0.15,47
2019-10-16,8289,189700,2372082,12.55,12.55,12.5,12.55,0.0,70
2019-10-17,8289,277157,3470373,12.55,12.7,12.45,12.7,0.15,84
2019-10-18,8289,122308,1549826,12.7,12.75,12.6,12.65,-0.05,48
2019-10-21,8289,147500,1855924,12.65,12.65,12.55,12.6,-0.05,42
2019-10-22,8289,62600,791106,12.6,12.75,12.6,12.65,0.05,33
2019-10-23,8289,150529,1899663,12.65,12.7,12.6,12.7,0.05,37
2019-10-24,8289,36093,459131,12.7,12.8,12.65,12.7,0.0,22
2019-10-25,8289,152972,1952693,12.75,12.85,12.7,12.7,0.0,62
2019-10-28,8289,311835,4036335,12.9,13.05,12.8,12.85,0.15,164
2019-10-29,8289,260600,3361558,12.85,13.0,12.85,12.85,0.0,104
2019-10-30,8289,570800,7467465,12.9,13.25,12.85,13.25,0.4,189
2019-10-31,8289,958448,13020648,13.4,13.9,13.15,13.5,0.25,359
2019-11-01,8289,604070,8274000,13.4,13.9,13.35,13.7,0.2,254
2019-11-04,8289,469800,6287967,13.7,13.7,13.25,13.25,-0.45,156
2019-11-05,8289,122803,1633848,13.4,13.45,13.25,13.3,0.05,44
2019-11-06,8289,115302,1515185,13.25,13.25,13.1,13.1,-0.2,52
2019-11-07,8289,170002,2216976,13.1,13.1,12.9,13.05,-0.05,72
2019-11-08,8289,148302,1929679,13.1,13.25,12.95,13.0,-0.05,57
2019-11-11,8289,209000,2673848,13.0,13.0,12.65,12.65,-0.35,90
2019-11-12,8289,187515,2402114,12.9,13.2,12.65,12.75,0.1,71
2019-11-13,8289,54782,701920,12.8,12.95,12.7,12.85,0.1,33
2019-11-14,8289,611546,7816470,12.7,13.0,12.45,12.95,0.1,154
2019-11-15,8289,69554,887185,12.8,12.8,12.75,12.75,-0.2,35
2019-11-18,8289,107200,1377609,12.75,13.0,12.75,12.95,0.2,47
2019-11-19,8289,56300,732420,12.95,13.1,12.95,12.95,0.0,31
2019-11-20,8289,135300,1775050,12.95,13.3,12.95,13.0,0.05,58
2019-11-21,8289,5556038,78083064,13.0,14.3,13.0,14.15,1.15,1429
2019-11-22,8289,2250075,31322510,14.05,14.4,13.4,14.3,0.15,865
2019-11-25,8289,8894791,135575715,14.5,15.7,14.1,15.1,0.8,2408
2019-11-26,8289,1848788,27574195,15.1,15.25,14.5,15.0,-0.1,842
2019-11-27,8289,7880602,123017687,14.95,16.05,14.8,14.8,-0.2,2893
2019-11-28,8289,1442288,20948287,14.8,14.9,14.15,14.3,-0.5,648
2019-11-29,8289,796864,11593546,14.3,14.8,14.25,14.8,0.5,402
2019-12-02,8289,4371984,67048987,15.15,15.8,14.8,15.7,0.9,1928
2019-12-03,8289,4539448,70929918,15.55,16.15,15.1,16.0,0.3,1466
2019-12-04,8289,3362952,53565693,15.8,16.4,15.5,15.75,-0.25,1541
2019-12-05,8289,2902140,46253305,15.75,16.3,15.6,15.95,0.2,1196
2019-12-06,8289,1228000,19154099,15.9,16.0,15.3,15.4,-0.55,534
2019-12-09,8289,612055,9404028,15.65,15.7,15.1,15.1,-0.3,360
2019-12-10,8289,6010437,94674129,15.1,16.0,15.1,15.85,0.75,1364
2019-12-11,8289,5590318,88694788,15.8,16.1,15.65,16.1,0.25,1592
2019-12-12,8289,6265812,99659613,16.1,16.2,15.6,15.6,-0.5,1648
2019-12-13,8289,3974713,62346536,15.85,16.0,15.35,15.65,0.05,1182
2019-12-16,8289,1201097,18444923,15.6,15.6,15.2,15.2,-0.45,561
2019-12-17,8289,2594949,40379966,15.3,15.75,15.25,15.45,0.25,893
2019-12-18,8289,655779,10036936,15.4,15.4,15.2,15.2,-0.25,301
2019-12-19,8289,1046242,15776631,15.25,15.35,14.9,14.9,-0.3,412
2019-12-20,8289,532373,7950429,15.1,15.15,14.8,14.8,-0.1,277
2019-12-23,8289,721652,10527422,14.8,14.9,14.3,14.45,-0.35,293
2019-12-24,8289,729200,10403940,14.45,14.6,14.15,14.15,-0.3,314
2019-12-25,8289,329800,4694900,14.25,14.35,14.1,14.25,0.1,163
2019-12-26,8289,493785,7146293,14.35,14.75,14.3,14.45,0.2,222
2019-12-27,8289,1327600,19358100,14.45,14.8,14.2,14.8,0.35,479
2019-12-30,8289,889135,13078343,14.85,14.85,14.55,14.55,-0.25,349
2019-12-31,8289,203019,2940523,14.5,14.55,14.4,14.4,-0.15,114
2020-01-02,8289,321900,4705794,14.45,14.75,14.4,14.65,0.25,152
2020-01-03,8289,1287000,19078500,14.8,15.25,14.4,14.4,-0.25,479
2020-01-06,8289,603201,8548064,14.4,14.6,14.0,14.0,-0.4,267
2020-01-07,8289,472144,6500922,14.0,14.1,13.6,13.6,-0.4,236
2020-01-08,8289,413830,5506588,13.6,13.6,13.15,13.2,-0.4,216
2020-01-09,8289,218700,2934844,13.5,13.55,13.2,13.45,0.25,111
2020-01-10,8289,131276,1759560,13.45,13.45,13.35,13.45,0.0,73
2020-01-13,8289,189028,2535476,13.3,13.5,13.3,13.45,0.0,122
2020-01-14,8289,459200,6214579,13.7,13.75,13.4,13.4,-0.05,227
2020-01-15,8289,291350,3875722,13.4,13.5,13.1,13.35,-0.05,141
2020-01-16,8289,350936,4640607,13.2,13.35,13.15,13.25,-0.1,158
2020-01-17,8289,182800,2423109,13.25,13.35,13.2,13.2,-0.05,87
2020-01-20,8289,646099,8797699,13.25,13.8,13.2,13.65,0.45,281
2020-01-30,8289,444952,5513957,13.2,13.2,12.3,12.3,-1.35,182
2020-01-31,8289,738107,8844144,12.1,12.2,11.8,11.95,-0.35,278
2020-02-03,8289,710100,7837050,11.85,11.85,10.8,10.9,-1.05,292
2020-02-04,8289,371301,4186851,11.2,11.45,11.0,11.4,0.5,167
2020-02-05,8289,345791,4009214,11.45,11.85,11.4,11.6,0.2,157
2020-02-06,8289,648575,7655010,11.6,11.95,11.6,11.95,0.35,212
2020-02-07,8289,277000,3214750,11.9,11.9,11.45,11.45,-0.5,143
2020-02-10,8289,177543,2015389,11.4,11.5,11.1,11.35,-0.1,90
2020-02-11,8289,167300,1913169,11.4,11.55,11.3,11.3,-0.05,93
2020-02-12,8289,3560822,41609622,11.4,12.4,11.2,12.0,0.7,826
2020-02-13,8289,1291700,15287920,11.95,12.15,11.6,11.6,-0.4,478
2020-02-14,8289,413275,4825200,11.65,11.85,11.5,11.7,0.1,197
2020-02-17,8289,175104,2027295,11.7,11.7,11.5,11.55,-0.15,124
2020-02-18,8289,439700,5122319,11.5,11.8,11.5,11.7,0.15,157
2020-02-19,8289,1541500,18845775,11.8,12.7,11.7,12.0,0.3,605
2020-02-20,8289,414130,4958602,11.95,12.15,11.9,11.95,-0.05,163
2020-02-21,8289,4186893,53536306,12.1,13.0,12.1,12.65,0.7,1216
2020-02-24,8289,584000,7308150,12.55,12.8,12.3,12.3,-0.35,271
2020-02-25,8289,616318,7361031,12.05,12.1,11.7,12.1,-0.2,288
2020-02-26,8289,948505,11187305,12.0,12.0,11.7,11.8,-0.3,339
2020-02-27,8289,706003,8211734,11.75,11.8,11.4,11.4,-0.4,169
2020-03-02,8289,669465,7569951,10.85,11.8,10.85,11.45,0.05,265
2020-03-03,8289,621800,7326840,11.7,11.9,11.65,11.65,0.2,174
2020-03-04,8289,275293,3184933,11.6,11.65,11.5,11.55,-0.1,97
2020-03-05,8289,428744,4994330,11.8,11.8,11.55,11.7,0.15,158
2020-03-06,8289,960050,11499660,11.65,12.3,11.5,12.3,0.6,482
2020-03-09,8289,1289050,14797407,12.15,12.15,11.1,11.1,-1.2,504
2020-03-10,8289,485203,5361263,11.1,11.25,10.65,11.1,0.0,224
2020-03-11,8289,807600,9418219,11.25,12.0,11.15,11.45,0.35,387
2020-03-12,8289,930200,10213029,11.3,11.55,10.55,10.6,-0.85,353
2020-03-13,8289,814299,8093439,10.0,10.25,9.7,10.25,-0.35,350
2020-03-16,8289,506253,5215243,10.1,10.65,10.0,10.0,-0.25,224
2020-03-17,8289,447000,4422139,9.98,10.0,9.74,9.85,-0.15,184
2020-03-18,8289,343003,3418457,9.91,10.25,9.75,9.87,0.02,139
2020-03-19,8289,800020,7647013,10.0,10.0,9.12,9.15,-0.72,302
2020-03-20,8289,314000,3125090,9.41,10.05,9.41,9.95,0.8,132
2020-03-23,8289,120017,1170414,9.95,9.95,9.69,9.7,-0.25,72
2020-03-24,8289,309000,3102280,9.65,10.35,9.65,10.0,0.3,114
2020-03-25,8289,392000,4007100,10.15,10.55,10.05,10.05,0.05,187
2020-03-26,8289,183000,1820370,10.05,10.05,9.88,9.92,-0.13,102
2020-03-27,8289,296001,2954449,10.1,10.25,9.83,9.83,-0.09,126
2020-03-30,8289,73100,716583,9.8,9.93,9.56,9.9,0.07,42
2020-03-31,8289,387650,3776646,10.0,10.0,9.42,9.75,-0.15,159
2020-04-01,8289,125050,1231131,9.75,9.95,9.73,9.83,0.08,65
2020-04-06,8289,151001,1489250,9.85,9.97,9.82,9.97,0.14,65
2020-04-07,8289,405000,4078410,10.0,10.15,9.98,10.1,0.13,138
2020-04-08,8289,900500,9214020,10.1,10.4,9.99,10.35,0.25,306
2020-04-09,8289,466000,4833600,10.45,10.65,10.2,10.25,-0.1,169
2020-04-10,8289,1056303,11164891,10.25,10.9,10.2,10.75,0.5,411
2020-04-13,8289,460300,4859655,10.8,10.85,10.4,10.45,-0.3,192
2020-04-14,8289,1412454,14739248,10.55,10.65,10.3,10.4,-0.05,457
2020-04-15,8289,464401,4898579,10.45,10.65,10.4,10.6,0.2,188
2020-04-16,8289,1441000,15996800,10.6,11.5,10.5,11.5,0.9,645
2020-04-17,8289,1303709,15062619,11.7,12.0,11.1,11.1,-0.4,524
2020-04-20,8289,641002,7289022,11.45,11.55,11.15,11.4,0.3,273
2020-04-21,8289,514005,5758261,11.4,11.55,10.8,10.95,-0.45,228
2020-04-22,8289,255500,2819075,10.9,11.2,10.8,11.15,0.2,115
2020-04-23,8289,285000,3168150,11.15,11.4,11.05,11.05,-0.1,122
2020-04-24,8289,552200,6056360,11.05,11.3,10.9,11.05,0.0,188
2020-04-27,8289,424236,4737068,11.35,11.35,11.1,11.1,0.05,160
2020-04-28,8289,492100,5586480,11.4,11.55,11.2,11.25,0.15,200
2020-04-29,8289,343000,3917600,11.35,11.5,11.3,11.4,0.15,131
2020-04-30,8289,614800,7166190,11.5,11.85,11.5,11.6,0.2,251
2020-05-04,8289,220900,2512315,11.3,11.5,11.2,11.45,-0.15,87
2020-05-05,8289,443000,5085000,11.45,11.6,11.4,11.5,0.05,139
2020-05-06,8289,593743,7007343,11.5,12.0,11.5,11.75,0.25,290
2020-05-07,8289,1432300,17445184,11.85,12.4,11.85,11.95,0.2,621
2020-05-08,8289,412872,4891858,12.0,12.05,11.75,11.75,-0.2,217
2020-05-11,8289,647499,7657713,11.9,12.05,11.6,11.85,0.1,256
2020-05-12,8289,766723,9212361,12.0,12.15,11.9,12.15,0.3,269
2020-05-13,8289,523823,6375557,12.05,12.25,12.05,12.15,0.0,181
2020-05-14,8289,485900,5769250,12.15,12.2,11.6,11.6,-0.55,196
2020-05-15,8289,207494,2437002,11.7,11.9,11.6,11.85,0.25,105
2020-05-18,8289,174754,2058746,11.8,12.0,11.6,11.75,-0.1,86
2020-05-19,8289,124000,1469100,11.95,11.95,11.75,11.8,0.05,46
2020-05-20,8289,76900,900344,11.75,11.85,11.65,11.65,-0.15,49
2020-05-21,8289,243908,2901069,11.85,12.0,11.85,11.85,0.2,104
2020-05-22,8289,209200,2432720,11.8,11.8,11.45,11.5,-0.35,102
2020-05-25,8289,171836,2010089,11.5,11.8,11.5,11.75,0.25,80
2020-05-26,8289,232000,2692000,11.85,11.85,11.5,11.6,-0.15,102
2020-05-27,8289,184908,2134545,11.55,11.6,11.5,11.55,-0.05,90
2020-05-28,8289,268000,3058500,11.55,11.7,11.2,11.25,-0.3,122
2020-05-29,8289,221100,2499080,11.25,11.45,11.2,11.3,0.05,130
2020-06-01,8289,244525,2824611,11.4,11.65,11.4,11.55,0.25,104
2020-06-02,8289,107450,1244792,11.55,11.65,11.55,11.65,0.1,50
2020-06-03,8289,164132,1912286,11.65,11.75,11.6,11.75,0.1,69
2020-06-04,8289,136200,1592540,11.75,11.9,11.6,11.7,-0.05,70
2020-06-05,8289,231948,2694643,11.7,11.75,11.5,11.75,0.05,68
2020-06-08,8289,161383,1890048,11.75,11.8,11.65,11.75,0.0,72
2020-06-09,8289,2360800,28110520,11.65,12.1,11.45,12.0,0.25,453
2020-06-10,8289,339000,4027500,12.0,12.0,11.8,11.85,-0.15,137
2020-06-11,8289,244000,2829500,11.9,11.9,11.45,11.6,-0.25,111
2020-06-12,8289,126518,1442103,11.4,11.5,11.35,11.5,-0.1,68
2020-06-15,8289,149000,1703200,11.45,11.5,11.35,11.4,-0.1,68
2020-06-16,8289,378279,4342544,11.5,11.6,11.4,11.5,0.1,117
2020-06-17,8289,65507,756130,11.5,11.6,11.5,11.6,0.1,42
2020-06-18,8289,130000,1502100,11.5,11.6,11.5,11.6,0.0,46
2020-06-19,8289,117100,1359210,11.6,11.7,11.55,11.55,-0.05,48
2020-06-22,8289,127792,1484296,11.65,11.65,11.55,11.65,0.1,51
2020-06-23,8289,152018,1771356,11.7,11.7,11.6,11.65,0.0,71
2020-06-24,8289,245000,2865850,11.65,11.8,11.6,11.6,-0.05,100
2020-06-29,8289,190300,2185585,11.55,11.65,11.3,11.55,-0.05,84
2020-06-30,8289,88000,1018100,11.55,11.65,11.55,11.6,0.05,40
2020-07-01,8289,300000,3537650,11.7,11.9,11.7,11.8,0.2,102
2020-07-02,8289,549510,6506167,11.85,11.95,11.7,11.9,0.1,173
2020-07-03,8289,789185,9469109,11.95,12.1,11.9,12.05,0.15,272
2020-07-06,8289,1232439,15078761,12.15,12.35,12.05,12.2,0.15,355
2020-07-07,8289,500700,6045180,12.3,12.35,11.95,11.95,-0.25,187
2020-07-08,8289,296150,3584157,12.0,12.2,12.0,12.15,0.2,115
2020-07-09,8289,512035,6282027,12.2,12.35,12.15,12.25,0.1,173
2020-07-10,8289,477054,5699639,12.25,12.25,11.85,11.9,-0.35,164
2020-07-13,8289,248450,2990371,12.15,12.15,12.0,12.05,0.15,103
2020-07-14,8289,212376,2564842,12.05,12.15,12.0,12.0,-0.05,77
2020-07-15,8289,2457500,30490424,12.1,12.6,12.0,12.15,0.15,491
2020-07-16,8289,535020,6400738,12.25,12.25,11.85,11.85,-0.3,210
2020-07-17,8289,266000,3118000,11.95,11.95,11.55,11.6,-0.25,104
2020-07-20,8289,343000,3975300,11.65,11.75,11.5,11.75,0.15,120
2020-07-21,8289,256200,3009490,11.75,11.85,11.7,11.85,0.1,120
2020-07-22,8289,187800,2249890,11.9,12.05,11.85,12.05,0.2,94
2020-07-23,8289,152462,1828695,11.9,12.1,11.9,12.0,-0.05,61
2020-07-24,8289,182000,2157299,12.0,12.0,11.7,11.8,-0.2,78
2020-07-27,8289,304361,3535651,11.9,11.9,11.45,11.5,-0.3,100
2020-07-28,8289,164080,1872103,11.55,11.55,11.2,11.4,-0.1,73
2020-07-29,8289,148000,1715950,11.45,11.75,11.45,11.6,0.2,83
2020-07-30,8289,1333537,16251652,11.95,12.5,11.8,12.4,0.8,581
2020-07-31,8289,1482230,18741497,12.4,12.85,12.4,12.55,0.15,596
2020-08-03,8289,605729,7691532,12.7,12.85,12.6,12.7,0.15,267
2020-08-04,8289,2312315,31052357,12.85,13.9,12.85,13.2,0.5,986
2020-08-05,8289,589310,7905586,13.3,13.55,13.3,13.4,0.2,289
2020-08-06,8289,1079626,14093205,13.55,13.6,12.75,12.95,-0.45,402
2020-08-07,8289,260087,3361416,13.0,13.1,12.8,12.85,-0.1,133
2020-08-10,8289,741568,9372362,12.85,13.0,12.35,12.7,-0.15,269
2020-08-11,8289,327681,4098977,12.7,12.7,12.4,12.55,-0.15,133
2020-08-12,8289,447000,5494099,12.55,12.55,12.1,12.45,-0.1,175
2020-08-13,8289,358000,4439200,12.5,12.55,12.3,12.45,0.0,116
2020-08-14,8289,351199,4355515,12.45,12.7,12.3,12.4,-0.05,133
2020-08-17,8289,178690,2224225,12.4,12.6,12.3,12.6,0.2,87
2020-08-18,8289,112000,1407200,12.7,12.7,12.5,12.55,-0.05,59
2020-08-19,8289,566200,6972760,12.65,12.65,12.15,12.45,-0.1,211
2020-08-20,8289,542000,6401550,12.3,12.3,11.45,11.85,-0.6,215
2020-08-21,8289,203091,2413978,11.75,12.05,11.75,11.95,0.1,100
2020-08-24,8289,89000,1054700,11.85,11.9,11.8,11.85,-0.1,44
2020-08-25,8289,357192,4205086,11.95,12.0,11.65,11.65,-0.2,135
2020-08-26,8289,171000,2023050,11.95,11.95,11.7,11.85,0.2,66
2020-08-27,8289,108953,1294443,11.85,11.95,11.75,11.95,0.1,57
2020-08-28,8289,87010,1037419,11.95,11.95,11.9,11.95,0.0,41
2020-08-31,8289,127000,1504650,11.95,11.95,11.8,11.85,-0.1,57
2020-09-01,8289,294800,3460580,11.85,11.9,11.7,11.85,0.0,87
2020-09-02,8289,165100,1952789,11.9,12.0,11.75,11.9,0.05,58
2020-09-03,8289,174188,2068635,11.95,11.95,11.8,11.95,0.05,78
2020-09-04,8289,180999,2140738,11.75,12.0,11.7,12.0,0.05,98
2020-09-07,8289,231500,2796450,12.0,12.15,11.9,12.0,0.0,102
2020-09-08,8289,174158,2090346,12.1,12.1,11.85,11.9,-0.1,85
2020-09-09,8289,127600,1497639,11.65,11.9,11.65,11.9,0.0,56
2020-09-10,8289,220200,2607020,11.95,12.05,11.75,11.75,-0.15,67
2020-09-11,8289,235000,2760350,11.8,11.85,11.6,11.85,0.1,79
2020-09-14,8289,264100,3158005,11.85,12.05,11.85,11.95,0.1,97
2020-09-15,8289,82894,990288,12.0,12.05,11.85,12.0,0.05,50
2020-09-16,8289,42000,500650,12.0,12.0,11.9,11.95,-0.05,24
2020-09-17,8289,62000,734950,11.9,11.95,11.8,11.9,-0.05,31
2020-09-18,8289,93454,1104578,11.9,11.9,11.8,11.9,0.0,51
2020-09-21,8289,136406,1625510,11.95,12.0,11.85,11.85,-0.05,54
2020-09-22,8289,129040,1506122,11.8,11.8,11.6,11.75,-0.1,57
2020-09-23,8289,137000,1595300,11.8,11.8,11.55,11.75,0.0,48
2020-09-24,8289,345000,3931700,11.55,11.7,11.25,11.7,-0.05,143
2020-09-25,8289,308000,3511900,11.65,11.65,11.3,11.6,-0.1,105
2020-09-28,8289,100000,1154900,11.55,11.65,11.45,11.65,0.05,46
2020-09-29,8289,53000,616200,11.65,11.65,11.55,11.65,0.0,20
2020-09-30,8289,26000,301850,11.55,11.65,11.55,11.65,0.0,11
2020-10-05,8289,85000,990900,11.7,11.75,11.6,11.75,0.1,31
2020-10-06,8289,3955440,49755180,12.15,12.9,12.05,12.05,0.3,1113
2020-10-07,8289,614618,7280321,12.05,12.05,11.7,11.95,-0.1,259
2020-10-08,8289,208611,2466989,11.85,11.9,11.75,11.85,-0.1,91
2020-10-12,8289,230000,2698700,11.85,11.95,11.6,11.85,0.0,89
2020-10-13,8289,93000,1092200,11.75,11.8,11.7,11.8,-0.05,51
2020-10-14,8289,113000,1334250,11.8,11.95,11.7,11.9,0.1,55
2020-10-15,8289,73700,873559,11.9,12.0,11.8,11.9,0.0,45
2020-10-16,8289,103000,1218950,11.8,12.0,11.8,11.85,-0.05,39
2020-10-19,8289,57021,672847,11.8,11.85,11.75,11.8,-0.05,29
2020-10-20,8289,79050,930694,11.85,11.85,11.7,11.8,0.0,35
2020-10-21,8289,43872,514896,11.7,11.8,11.7,11.8,0.0,30
2020-10-22,8289,128000,1488700,11.7,11.7,11.55,11.65,-0.15,45
2020-10-23,8289,69009,800954,11.65,11.65,11.55,11.65,0.0,33
2020-10-26,8289,103827,1206393,11.65,11.7,11.6,11.7,0.05,43
2020-10-27,8289,49017,569092,11.55,11.7,11.55,11.7,0.0,26
2020-10-28,8289,59000,682450,11.6,11.65,11.55,11.55,-0.15,34
2020-10-29,8289,97047,1110240,11.55,11.55,11.4,11.5,-0.05,43
2020-10-30,8289,82000,940050,11.55,11.55,11.4,11.55,0.05,37
2020-11-02,8289,17000,195150,11.55,11.55,11.45,11.5,-0.05,14
2020-11-03,8289,117886,1361974,11.45,11.65,11.45,11.5,0.0,55
2020-11-04,8289,83836,960230,11.5,11.6,11.4,11.5,0.0,31
2020-11-05,8289,46000,531450,11.55,11.6,11.5,11.55,0.05,18
2020-11-06,8289,74528,855473,11.55,11.55,11.45,11.5,-0.05,39
2020-11-09,8289,124002,1441973,11.6,11.75,11.55,11.55,0.05,51
2020-11-10,8289,115600,1340760,11.6,11.65,11.55,11.65,0.1,47
2020-11-11,8289,233477,2672368,11.5,11.5,11.4,11.4,-0.25,122
2020-11-12,8289,68754,784503,11.5,11.5,11.35,11.4,0.0,39
2020-11-13,8289,118064,1347495,11.3,11.55,11.3,11.55,0.15,36
2020-11-16,8289,126073,1435599,11.55,11.55,11.35,11.45,-0.1,49
2020-11-17,8289,129000,1463650,11.4,11.45,11.25,11.45,0.0,51
2020-11-18,8289,98050,1114969,11.45,11.45,11.3,11.4,-0.05,35
2020-11-19,8289,63671,728905,11.35,11.5,11.35,11.5,0.1,35
2020-11-20,8289,56000,641500,11.5,11.5,11.4,11.5,0.0,20
2020-11-23,8289,91000,1036850,11.5,11.5,11.35,11.45,-0.05,36
2020-11-24,8289,85017,969345,11.5,11.5,11.35,11.35,-0.1,34
2020-11-25,8289,112126,1278264,11.4,11.5,11.35,11.35,0.0,57
2020-11-26,8289,41200,469800,11.4,11.45,11.35,11.4,0.05,24
2020-11-27,8289,103000,1174100,11.4,11.5,11.35,11.5,0.1,52
2020-11-30,8289,148988,1719977,11.45,11.65,11.4,11.65,0.15,67
2020-12-01,8289,147036,1707765,11.65,11.75,11.5,11.6,-0.05,51
2020-12-02,8289,164253,1918634,11.6,11.75,11.55,11.65,0.05,62
2020-12-03,8289,366172,4309537,11.7,11.85,11.65,11.8,0.15,131
2020-12-04,8289,392090,4674770,11.8,12.0,11.8,12.0,0.2,146
2020-12-07,8289,431285,5234601,12.5,12.5,11.9,12.0,0.0,187
2020-12-08,8289,66036,788852,12.05,12.05,11.9,12.0,0.0,46
2020-12-09,8289,275212,3218457,11.95,11.95,11.5,11.65,-0.35,129
2020-12-10,8289,135017,1570093,11.7,11.7,11.5,11.65,0.0,57
2020-12-11,8289,120064,1390749,11.65,11.7,11.55,11.7,0.05,38
2020-12-14,8289,40100,468415,11.7,11.75,11.65,11.7,0.0,21
2020-12-15,8289,73500,858900,11.7,11.75,11.55,11.7,0.0,34
2020-12-16,8289,48517,565298,11.6,11.7,11.55,11.7,0.0,29
2020-12-17,8289,57501,676061,11.7,11.9,11.65,11.7,0.0,31
2020-12-18,8289,67461,789112,11.7,11.75,11.65,11.75,0.05,41
2020-12-21,8289,80651,947067,11.8,11.8,11.7,11.75,0.0,40
2020-12-22,8289,259401,3081631,11.85,11.95,11.75,11.85,0.1,88
2020-12-23,8289,83060,978591,11.9,11.9,11.75,11.75,-0.1,35
2020-12-24,8289,214631,2561934,11.85,12.05,11.8,11.9,0.15,101
2020-12-25,8289,154159,1838755,11.95,12.0,11.85,11.95,0.05,75
2020-12-28,8289,137240,1638286,12.0,12.1,11.85,12.0,0.05,65
2020-12-29,8289,291257,3512824,12.1,12.15,12.0,12.05,0.05,128
2020-12-30,8289,439064,5357174,12.1,12.35,12.05,12.2,0.15,184
2020-12-31,8289,324128,3953011,12.2,12.3,12.05,12.3,0.1,130
2021-01-04,8289,272201,3344560,12.3,12.4,12.15,12.35,0.05,115
2021-01-05,8289,162371,1981107,12.25,12.25,12.1,12.2,-0.15,72
2021-01-06,8289,337180,4043210,12.25,12.25,11.75,12.1,-0.1,123
2021-01-07,8289,94624,1137577,12.25,12.25,11.9,12.05,-0.05,57
2021-01-08,8289,376232,4573929,11.95,12.3,11.9,12.15,0.1,145
2021-01-11,8289,670406,8344755,12.5,12.7,12.25,12.3,0.15,280
2021-01-12,8289,462223,5590084,12.45,12.5,11.9,12.15,-0.15,139
2021-01-13,8289,298100,3659420,12.15,12.45,12.05,12.25,0.1,126
2021-01-14,8289,152981,1865032,12.25,12.3,12.05,12.25,0.0,66
2021-01-15,8289,212591,2549053,12.25,12.25,11.9,11.9,-0.35,87
2021-01-18,8289,169207,1998086,11.95,11.95,11.7,11.9,0.0,73
2021-01-19,8289,71500,852849,11.9,12.0,11.9,12.0,0.1,35
2021-01-20,8289,187353,2199061,12.0,12.05,11.6,11.65,-0.35,85
2021-01-21,8289,97252,1128220,11.7,11.75,11.5,11.6,-0.05,52
2021-01-22,8289,209000,2409150,11.65,11.65,11.4,11.65,0.05,84
2021-01-25,8289,70100,814965,11.65,11.7,11.6,11.7,0.05,30
2021-01-26,8289,124161,1445025,11.7,11.75,11.55,11.7,0.0,58
2021-01-27,8289,154000,1789250,11.6,11.8,11.5,11.65,-0.05,56
2021-01-28,8289,103000,1185750,11.45,11.6,11.45,11.6,-0.05,48
2021-01-29,8289,83000,952850,11.5,11.55,11.45,11.55,-0.05,33
2021-02-01,8289,49000,560000,11.4,11.5,11.4,11.5,-0.05,36
2021-02-02,8289,31071,357208,11.5,11.5,11.5,11.5,0.0,21
2021-02-03,8289,47014,540459,11.5,11.6,11.4,11.6,0.1,26
2021-02-04,8289,23601,272221,11.5,11.6,11.5,11.6,0.0,15
2021-02-05,8289,123000,1412800,11.6,11.6,11.4,11.45,-0.15,45
2021-02-17,8289,141000,1632850,11.6,11.65,11.55,11.65,0.2,70
2021-02-18,8289,116921,1375038,11.6,11.9,11.6,11.9,0.25,64
2021-02-19,8289,94950,1127104,11.9,12.0,11.75,12.0,0.1,47
2021-02-22,8289,220100,2639600,12.1,12.2,11.85,12.0,0.0,90
2021-02-23,8289,232090,2788120,11.95,12.15,11.9,12.1,0.1,108
2021-02-24,8289,112512,1362244,12.1,12.2,12.0,12.1,0.0,65
2021-02-25,8289,211445,2555411,12.15,12.2,12.0,12.15,0.05,89
2021-02-26,8289,207787,2517601,12.1,12.35,11.9,12.2,0.05,74
2021-03-02,8289,130000,1575350,12.2,12.25,12.0,12.05,-0.15,70
2021-03-03,8289,63000,753469,12.1,12.1,11.9,12.05,0.0,36
2021-03-04,8289,58000,694950,11.9,12.05,11.9,11.95,-0.1,33
2021-03-05,8289,140000,1678400,11.85,12.1,11.8,12.1,0.15,60
2021-03-08,8289,257512,3128579,12.1,12.3,12.05,12.15,0.05,105
2021-03-09,8289,109200,1322910,12.15,12.15,12.05,12.05,-0.1,55
2021-03-10,8289,133086,1601194,12.1,12.15,12.0,12.1,0.05,58
2021-03-11,8289,315539,3853374,12.1,12.3,12.1,12.2,0.1,89
2021-03-12,8289,1083958,13530676,12.25,12.75,12.2,12.7,0.5,441
2021-03-15,8289,5016941,69245401,13.2,13.95,13.2,13.95,1.25,1637
2021-03-16,8289,5977776,86723392,14.1,14.95,14.0,14.45,0.5,2537
2021-03-17,8289,1309829,18575484,14.45,14.45,14.05,14.3,-0.15,664
2021-03-18,8289,3136852,46987512,14.3,15.65,14.15,15.15,0.85,1602
2021-03-19,8289,4445968,70387293,15.3,16.2,15.25,16.1,0.95,2107
2021-03-22,8289,6002426,105327724,16.7,17.7,16.65,17.7,1.6,2206
2021-03-23,8289,5174457,86600433,18.15,18.25,15.95,15.95,-1.75,2506
2021-03-24,8289,3051240,47650253,15.4,16.3,15.0,15.5,-0.45,1529
2021-03-25,8289,6011434,99944155,15.8,17.05,15.55,15.9,0.4,2527
2021-03-26,8289,5132274,86571436,15.95,17.2,15.95,17.0,1.1,2218
2021-03-29,8289,2767732,47400526,17.15,17.9,16.75,16.8,-0.2,1336
2021-03-30,8289,5852336,103151423,16.8,18.45,16.25,18.45,1.65,2733
2021-03-31,8289,7442707,138640989,18.0,19.85,17.4,18.6,0.15,3570
2021-04-01,8289,2829704,53593242,18.6,19.35,18.6,18.95,0.35,1430
2021-04-06,8289,4201668,83900825,18.95,20.8,18.95,19.9,0.95,2091
2021-04-07,8289,2935791,58365624,20.1,20.55,19.5,19.65,-0.25,1612
2021-04-08,8289,1671820,32964717,20.0,20.05,19.4,19.4,-0.25,892
2021-04-09,8289,2239620,41939607,19.5,19.85,18.4,18.45,-0.95,1156
2021-04-12,8289,1439902,27104606,19.25,19.3,18.45,18.6,0.15,752
2021-04-13,8289,6068392,120835707,18.9,20.45,18.4,20.45,1.85,2528
2021-04-14,8289,18291735,401330050,22.2,22.45,20.7,22.45,2.0,7794
2021-04-15,8289,5227151,112507803,21.0,22.45,21.0,21.2,-1.25,2778
2021-04-16,8289,1995039,42783963,21.9,21.9,21.0,21.3,0.1,1088
2021-04-19,8289,2938923,60413605,21.4,21.6,20.0,20.25,-1.05,1320
2021-04-20,8289,2144179,43601017,20.4,21.5,19.45,20.6,0.35,1116
2021-04-21,8289,1579589,32337290,20.3,20.9,20.05,20.05,-0.55,725
2021-04-22,8289,2141731,41951439,20.2,20.35,18.85,18.85,-1.2,994
2021-04-23,8289,1644765,32642243,18.6,20.6,18.6,20.45,1.6,931
2021-04-26,8289,2801907,58480419,20.6,21.55,20.2,20.65,0.2,1106
2021-04-27,8289,1249232,24972850,20.3,20.55,19.65,20.0,-0.65,622
2021-04-28,8289,1683806,34219789,20.25,20.95,19.75,20.25,0.25,816
2021-04-29,8289,2909668,59681305,20.6,21.0,20.05,20.2,-0.05,952
2021-05-03,8289,1370508,27298391,20.3,20.6,19.2,19.35,-0.85,593
2021-05-04,8289,1424373,26121223,19.35,19.95,17.45,17.55,-1.8,590
2021-05-05,8289,1001111,17906171,17.85,18.5,17.5,17.5,-0.05,461
2021-05-06,8289,1219844,20804499,17.95,18.0,16.4,16.55,-0.95,582
2021-05-07,8289,915651,16403372,17.8,18.2,17.0,18.2,1.65,439
2021-05-10,8289,1045648,19369126,18.2,19.15,18.2,18.5,0.3,535
2021-05-11,8289,1175051,20386331,18.0,18.2,16.85,16.85,-1.65,502
2021-05-12,8289,1887706,29770537,17.05,17.3,15.2,15.45,-1.4,834
2021-05-13,8289,1189710,18648044,14.5,16.7,14.5,15.85,0.4,531
2021-05-14,8289,731668,11839658,16.6,17.2,15.15,15.75,-0.1,336
2021-05-17,8289,1191240,17286894,14.3,15.5,14.2,14.25,-1.5,521
2021-05-18,8289,873277,13364485,14.95,15.65,14.65,15.65,1.4,338
2021-05-19,8289,465867,7404321,15.35,16.35,15.35,16.15,0.5,276
2021-05-20,8289,716278,11911451,16.0,17.25,16.0,16.3,0.15,395
2021-05-21,8289,1501191,26306177,17.1,17.9,16.65,17.9,1.6,665
2021-05-24,8289,2430592,44715019,18.2,19.0,17.65,18.9,1.0,1089
2021-05-25,8289,1770267,33101245,19.45,19.45,18.2,18.4,-0.5,735
2021-05-26,8289,501111,9122609,18.35,18.6,17.85,17.85,-0.55,277
2021-05-27,8289,415100,7422385,18.0,18.2,17.6,17.7,-0.15,206
2021-05-28,8289,387634,6971518,18.1,18.25,17.75,17.85,0.15,231
2021-05-31,8289,1009345,18615097,18.2,18.75,18.15,18.35,0.5,511
2021-06-01,8289,732465,13617887,18.5,18.85,18.35,18.5,0.15,326
2021-06-02,8289,628606,11384003,18.55,18.75,17.75,18.0,-0.5,370
2021-06-03,8289,895320,16510295,18.2,18.85,17.9,18.3,0.3,424
2021-06-04,8289,262444,4763431,18.25,18.35,18.0,18.0,-0.3,156
2021-06-07,8289,379358,6742025,18.2,18.25,16.75,17.95,-0.05,204
2021-06-08,8289,492776,9072615,18.0,18.8,17.9,18.45,0.5,232
2021-06-09,8289,869231,16265441,18.65,19.1,18.3,18.75,0.3,443
2021-06-10,8289,767000,14150800,19.1,19.1,18.1,18.3,-0.45,351
2021-06-11,8289,651000,11858600,18.45,18.6,17.95,18.1,-0.2,293
2021-06-15,8289,1637033,30628661,18.1,19.05,18.0,18.6,0.5,657
2021-06-16,8289,707942,13139972,18.8,19.05,18.1,18.15,-0.45,321
2021-06-17,8289,4582641,88548563,18.15,19.95,18.15,19.6,1.45,1772
2021-06-18,8289,2697323,51243618,19.3,19.8,18.5,18.65,-0.95,1384
2021-06-21,8289,1140366,20806141,18.3,18.65,18.0,18.25,-0.4,570
2021-06-22,8289,1384904,25083102,18.5,18.7,17.8,17.9,-0.35,634
2021-06-23,8289,1879250,34795828,18.15,18.85,17.75,18.6,0.7,803
2021-06-24,8289,969379,17987365,18.65,18.85,18.3,18.45,-0.15,431
2021-06-25,8289,6074463,117450548,18.65,20.0,18.65,18.85,0.4,2485
2021-06-28,8289,2376916,46168413,19.1,19.85,19.1,19.75,0.9,1131
2021-06-29,8289,1527960,29603973,20.0,20.0,19.0,19.05,-0.7,724
2021-06-30,8289,1185481,23003220,19.85,19.85,19.1,19.4,0.35,618
2021-07-01,8289,1242458,23533176,19.5,19.55,18.5,18.6,-0.8,606
2021-07-02,8289,1178609,22356361,18.7,19.4,18.7,19.1,0.5,524
2021-07-05,8289,4083296,81783010,19.3,20.75,19.05,20.4,1.3,1455
2021-07-06,8289,1713441,34522706,20.95,20.95,19.7,20.1,-0.3,776
2021-07-07,8289,750045,15008550,20.0,20.3,19.8,20.0,-0.1,380
2021-07-08,8289,1627145,33065244,20.15,20.65,20.0,20.3,0.3,683
2021-07-09,8289,991981,19908867,20.0,20.35,19.8,20.2,-0.1,459
2021-07-12,8289,4784197,101883171,20.6,22.15,20.3,22.0,1.8,1944
2021-07-13,8289,9871664,230174156,22.7,24.2,21.65,24.2,2.2,4512
2021-07-14,8289,5036916,116391962,24.0,24.0,22.2,22.65,-1.55,2330
2021-07-15,8289,3950418,94187545,22.65,24.9,22.65,24.8,2.15,1902
2021-07-16,8289,5351893,132435849,24.8,25.75,24.0,24.7,-0.1,2479
2021-07-19,8289,4204672,108118583,24.7,26.85,24.35,26.45,1.75,2074
2021-07-20,8289,3181054,80885217,25.95,26.4,24.8,24.9,-1.55,1588
2021-07-21,8289,4421881,114634850,25.7,26.8,25.15,25.3,0.4,2122
2021-07-22,8289,4467765,107840408,25.1,25.15,23.4,23.7,-1.6,2102
2021-07-23,8289,4915541,125787741,24.0,26.05,24.0,25.8,2.1,1804
2021-07-26,8289,11810380,328723727,26.25,28.35,25.85,28.35,2.55,3694
2021-07-27,8289,7307384,196520952,27.4,28.25,25.65,25.8,-2.55,3068
2021-07-28,8289,9532876,246634749,25.45,27.45,23.5,27.45,1.65,4265
2021-07-29,8289,17624723,511789174,27.35,30.15,27.05,29.2,1.75,8684
2021-07-30,8289,20128021,616166050,30.0,32.0,29.05,29.15,-0.05,10399
2021-08-02,8289,5998875,172884417,28.6,29.75,28.05,29.55,0.4,3117
2021-08-03,8289,5100004,153857111,29.4,31.45,29.3,30.25,0.7,2713
2021-08-04,8289,3043468,89563582,30.25,30.4,28.75,28.75,-1.5,1699
2021-08-05,8289,5369084,158244506,28.75,30.1,28.25,29.1,0.35,2540
2021-08-06,8289,2850447,81387960,29.3,29.7,27.7,27.7,-1.4,1622
2021-08-09,8289,3757620,100159999,27.3,27.95,25.6,26.0,-1.7,1953
2021-08-10,8289,3660350,94831894,26.0,26.75,25.05,26.6,0.6,1699
2021-08-11,8289,5593090,153978897,27.5,28.65,26.6,27.1,0.5,3024
2021-08-12,8289,3235674,90440410,27.4,28.5,27.4,27.6,0.5,1812
2021-08-13,8289,3197422,88774858,27.9,28.8,26.9,27.0,-0.6,1823
2021-08-16,8289,2397219,62205449,27.4,27.5,25.2,25.9,-1.1,1247
2021-08-17,8289,1825061,47822435,26.35,26.95,25.6,25.85,-0.05,1108
2021-08-18,8289,3693579,100874743,25.1,28.4,25.1,28.4,2.55,2091
2021-08-19,8289,5721183,164082161,27.7,29.35,27.7,28.4,0.0,3330
2021-08-20,8289,10262286,301273389,28.6,31.0,27.8,31.0,2.6,5228
2021-08-23,8289,14707092,461002264,31.8,32.55,30.1,30.15,-0.85,8103
2021-08-24,8289,18942079,610109826,30.55,33.15,30.25,31.65,1.5,9311
2021-08-25,8289,11719481,372686366,31.65,32.95,30.45,31.5,-0.15,6544
2021-08-26,8289,5523936,174693827,31.6,32.4,31.25,31.8,0.3,2819
2021-08-27,8289,11332766,369711268,31.8,33.45,31.8,32.1,0.3,5755
2021-08-30,8289,14919641,502981012,32.4,35.0,31.85,34.6,2.5,8205
2021-08-31,8289,21049808,740540761,34.1,36.8,33.5,33.7,-0.9,11955
2021-09-01,8289,9103193,296948243,33.55,33.85,31.8,32.2,-1.5,4918
2021-09-02,8289,14925434,510525987,33.1,35.4,33.05,35.4,3.2,7439
2021-09-03,8289,18678873,666422940,35.15,37.0,34.5,35.95,0.55,10233
2021-09-06,8289,6930691,244816952,35.7,36.8,33.7,33.85,-2.1,3849
2021-09-07,8289,6783123,218929382,34.5,34.65,31.1,31.55,-2.3,3629
2021-09-08,8289,4392295,138216296,32.0,32.65,30.3,30.6,-0.95,2445
2021-09-09,8289,4490311,142353805,30.3,32.65,30.3,32.05,1.45,2421
2021-09-10,8289,2637480,83880155,32.2,32.75,31.3,31.35,-0.7,1531
2021-09-13,8289,1941161,61022273,31.05,32.1,30.85,30.9,-0.45,1135
2021-09-14,8289,2065591,64555861,31.15,31.9,30.7,30.85,0.0,1217
2021-09-15,8289,10348838,342165372,30.85,33.9,30.1,33.9,3.05,4819
2021-09-16,8289,8861550,290057292,33.25,33.5,32.2,32.35,-1.55,5144
2021-09-17,8289,2850800,92887769,32.0,33.25,32.0,32.3,-0.05,1746
2021-09-22,8289,2134002,66496729,31.0,31.8,30.75,30.8,-1.5,1242
2021-09-23,8289,1501617,46577891,31.4,31.65,30.6,30.75,-0.05,1033
2021-09-24,8289,1081679,33781659,31.3,31.6,31.0,31.0,0.25,621
2021-09-27,8289,3226646,103575507,31.05,32.75,30.8,32.4,1.4,1741
2021-09-28,8289,2523218,81952793,32.05,33.3,31.75,32.4,0.0,1491
2021-09-29,8289,2090118,65147697,31.1,32.15,30.65,30.8,-1.6,1207
2021-09-30,8289,1173565,36861418,31.2,31.85,30.8,31.5,0.7,714
2021-10-01,8289,3822187,112529166,31.1,31.3,28.4,28.7,-2.8,1947
2021-10-04,8289,2679632,75156539,29.7,29.7,27.1,27.5,-1.2,1700
2021-10-05,8289,1999749,56435424,26.85,29.2,26.2,28.9,1.4,1202
2021-10-06,8289,1678715,47641484,28.9,29.35,27.5,27.8,-1.1,1055
2021-10-07,8289,2091084,61709035,28.55,30.25,28.5,29.95,2.15,1186
2021-10-08,8289,2092461,62400029,29.95,30.8,29.05,29.45,-0.5,1184
2021-10-12,8289,1459976,43393250,30.4,30.45,29.25,29.5,0.05,854
2021-10-13,8289,1264481,37029775,29.8,30.35,28.55,28.75,-0.75,735
2021-10-14,8289,874051,25341578,29.2,29.7,28.2,28.9,0.15,541
2021-10-15,8289,695730,20538532,29.6,29.85,29.3,29.35,0.45,423
2021-10-18,8289,785816,23280400,29.85,30.05,29.35,29.55,0.2,475
2021-10-19,8289,1563782,47608998,29.65,30.8,29.45,30.75,1.2,994
2021-10-20,8289,1495853,46074695,30.9,31.15,30.3,30.8,0.05,892
2021-10-21,8289,2171866,67870033,31.15,32.0,30.5,30.85,0.05,1280
2021-10-22,8289,3588092,114428247,31.05,32.75,30.5,32.15,1.3,2388
2021-10-25,8289,3625570,115335059,32.0,32.7,30.85,32.3,0.15,2235
2021-10-26,8289,1965774,62621039,32.55,32.8,31.1,31.15,-1.15,1198
2021-10-27,8289,1900461,59705722,31.2,32.05,31.0,31.2,0.05,992
2021-10-28,8289,1417186,44516023,31.45,32.0,31.0,31.15,-0.05,766
2021-10-29,8289,1243758,39363729,31.5,32.0,31.3,31.6,0.45,700
2021-11-01,8289,3657717,120102583,31.8,33.8,31.75,33.5,1.9,2107
2021-11-02,8289,5871625,190647715,34.05,35.25,30.8,31.0,-2.5,3635
2021-11-03,8289,1917613,59406751,31.1,31.8,30.05,31.05,0.05,1224
2021-11-04,8289,1209402,37438502,31.6,31.6,30.55,30.7,-0.35,833
2021-11-05,8289,1513015,45962136,30.9,31.15,30.05,30.05,-0.65,862
2021-11-08,8289,1501844,44447040,30.2,30.4,29.2,29.5,-0.55,963
2021-11-09,8289,859138,25771670,29.5,30.35,29.5,30.0,0.5,517
2021-11-10,8289,1616408,49373835,30.8,31.5,29.85,30.15,0.15,940
2021-11-11,8289,4937508,157794165,30.75,32.95,30.65,32.55,2.4,2819
2021-11-12,8289,5219063,171851292,32.55,34.0,31.9,33.55,1.0,2851
2021-11-15,8289,10216996,360713914,34.25,36.7,33.95,36.1,2.55,5551
2021-11-16,8289,9387041,341366984,36.1,37.5,35.35,36.95,0.85,5184
2021-11-17,8289,9461845,357662060,36.95,39.8,35.95,38.65,1.7,5396
2021-11-18,8289,6386585,246056360,38.65,40.0,37.6,37.6,-1.05,4066
2021-11-19,8289,5437836,203711494,38.3,38.7,36.35,36.8,-0.8,3140
2021-11-22,8289,6915663,267606053,37.25,39.8,37.05,39.4,2.6,4132
2021-11-23,8289,4558545,172752787,39.0,39.1,36.95,37.15,-2.25,2986
2021-11-24,8289,4000604,151247114,36.85,38.75,36.05,38.55,1.4,2384
2021-11-25,8289,4157056,163484256,38.25,41.0,37.7,40.95,2.4,2488
2021-11-26,8289,9587409,371759683,40.9,41.95,36.95,36.95,-4.0,5788
2021-11-29,8289,3713787,137233276,36.0,37.85,35.85,37.55,0.6,2340
2021-11-30,8289,3121184,119939810,37.6,39.2,37.6,38.2,0.65,2195
2021-12-01,8289,13245281,538897791,37.6,42.0,37.6,42.0,3.8,7266
2021-12-02,8289,31702703,1371135940,41.35,46.2,39.95,39.95,-2.05,18083
2021-12-03,8289,8310426,334515587,40.4,41.7,39.2,39.75,-0.2,4916
2021-12-06,8289,3630443,141549926,39.65,39.65,38.5,38.8,-0.95,2240
2021-12-07,8289,2783157,108538756,39.4,39.65,38.35,38.5,-0.3,1785
2021-12-08,8289,4706647,189356026,39.0,41.25,38.7,40.5,2.0,3099
2021-12-09,8289,4031189,160307546,40.3,41.0,38.75,38.9,-1.6,2686
2021-12-10,8289,2296000,89084728,38.7,39.7,38.3,38.55,-0.35,1631
2021-12-13,8289,2068999,78384958,38.35,38.4,37.5,37.7,-0.85,1526
2021-12-14,8289,2027123,74478729,37.75,38.05,36.1,36.1,-1.6,1420
2021-12-15,8289,1810423,67855172,36.25,38.4,36.2,37.6,1.5,1256
2021-12-16,8289,1031664,39012280,38.2,38.45,37.4,37.55,-0.05,748
2021-12-17,8289,1077054,39730986,37.7,37.7,36.5,36.6,-0.95,781
2021-12-20,8289,838014,30747130,36.9,37.3,36.3,36.5,-0.1,516
2021-12-21,8289,1624854,61236062,37.0,38.1,37.0,37.55,1.05,1201
2021-12-22,8289,5438727,214435295,38.5,40.15,38.35,39.55,2.0,3718
2021-12-23,8289,2502906,98168658,39.55,39.95,38.8,39.0,-0.55,1797
2021-12-24,8289,1464964,57357838,39.1,39.75,38.65,38.8,-0.2,1058
2021-12-27,8289,963998,37659941,39.0,39.5,38.5,38.9,0.1,656
2021-12-28,8289,887368,34665388,39.25,39.7,38.6,38.6,-0.3,821
2021-12-29,8289,10165379,415964582,39.05,41.95,38.9,40.5,1.9,6239
2021-12-30,8289,5546935,227803473,40.9,41.95,39.8,41.95,1.45,3585
2022-01-03,8289,5788522,243619672,42.7,43.5,40.65,40.65,-1.3,3755
2022-01-04,8289,1811809,73025704,40.75,41.05,39.65,39.85,-0.8,1362
2022-01-05,8289,1760465,69684633,39.9,40.3,38.9,40.0,0.15,1370
2022-01-06,8289,955081,38063635,39.2,40.4,39.2,40.1,0.1,700
2022-01-07,8289,1711535,68083416,40.75,40.8,38.95,39.3,-0.8,1135
2022-01-10,8289,1052906,41965527,39.2,40.4,38.8,39.7,0.4,694
2022-01-11,8289,1677307,66533767,40.5,40.6,38.9,39.05,-0.65,1192
2022-01-12,8289,1894517,72202609,39.5,39.5,37.55,37.65,-1.4,1668
2022-01-13,8289,896264,33450625,37.85,37.85,36.8,37.15,-0.5,784
2022-01-14,8289,1501064,54644490,37.0,37.25,35.9,37.0,-0.15,1165
2022-01-17,8289,857155,32453516,37.0,38.65,36.75,38.65,1.65,679
2022-01-18,8289,777263,29743776,38.65,39.0,37.65,37.65,-1.0,668
2022-01-19,8289,404371,15049031,36.85,37.6,36.85,37.15,-0.5,317
2022-01-20,8289,375313,14008354,37.1,37.9,36.95,37.9,0.75,301
2022-01-21,8289,995844,36536924,37.3,37.3,36.3,36.5,-1.4,849
2022-01-24,8289,1201428,42288301,35.6,36.15,34.2,35.5,-1.0,955
2022-01-25,8289,802554,28596102,35.3,36.2,35.2,35.35,-0.15,575
2022-01-26,8289,600264,21104826,35.35,35.85,34.75,34.95,-0.4,523
2022-02-07,8289,358504,12868088,35.5,36.4,35.3,36.3,1.35,267
2022-02-08,8289,786186,29277749,36.4,37.8,36.4,37.5,1.2,498
2022-02-09,8289,841395,31876601,37.65,38.35,37.3,38.1,0.6,612
2022-02-10,8289,625364,23468257,38.1,38.3,37.1,37.3,-0.8,518
2022-02-11,8289,344303,12915525,37.2,37.75,37.05,37.5,0.2,245
2022-02-14,8289,555293,20162709,37.1,37.1,36.05,36.15,-1.35,606
2022-02-15,8289,587846,21529262,35.95,37.15,35.9,36.45,0.3,478
2022-02-16,8289,317293,11746202,37.2,37.25,36.75,37.15,0.7,222
2022-02-17,8289,674115,24935504,37.35,37.8,36.45,36.5,-0.65,698
2022-02-18,8289,343180,12606375,36.55,37.1,36.35,36.8,0.3,240
2022-02-21,8289,270317,9888821,36.7,36.75,36.4,36.65,-0.15,206
2022-02-22,8289,723101,25777830,36.5,36.5,35.3,35.35,-1.3,639
2022-02-23,8289,202353,7200734,35.35,35.85,35.35,35.6,0.25,195
2022-02-24,8289,929654,31932631,35.3,35.3,33.65,33.75,-1.85,786
2022-02-25,8289,471772,16017246,34.7,34.7,33.4,33.75,0.0,344
2022-03-01,8289,319409,11060835,34.2,34.85,34.2,34.75,1.0,197
2022-03-02,8289,298229,10217503,34.4,34.55,34.05,34.5,-0.25,213
2022-03-03,8289,284532,9855331,35.0,35.0,34.35,34.5,0.0,203
2022-03-04,8289,319287,10911637,34.3,34.6,33.85,34.0,-0.5,248
2022-03-07,8289,804636,25796283,33.7,33.7,31.3,31.55,-2.45,589
2022-03-08,8289,744151,23516263,31.0,32.3,30.2,31.5,-0.05,449
2022-03-09,8289,344747,10915617,32.15,32.15,31.5,31.6,0.1,258
2022-03-10,8289,278686,9049900,32.2,32.75,32.15,32.2,0.6,176
2022-03-11,8289,189129,5988297,32.2,32.2,31.5,31.75,-0.45,146
2022-03-14,8289,468175,15351366,31.75,33.3,31.75,32.7,0.95,363
2022-03-15,8289,396458,12552819,32.35,32.35,31.45,31.6,-1.1,279
2022-03-16,8289,213439,6777573,32.2,32.2,31.55,31.7,0.1,150
2022-03-17,8289,277310,9000226,32.3,32.7,32.25,32.35,0.65,186
2022-03-18,8289,435664,14391135,32.65,33.3,32.5,33.25,0.9,310
2022-03-21,8289,264076,8838978,33.8,33.9,33.25,33.3,0.05,160
2022-03-22,8289,275174,9315894,33.6,34.3,33.3,34.25,0.95,215
2022-03-23,8289,279636,9632971,34.35,34.75,34.3,34.6,0.35,233
2022-03-24,8289,251300,8723641,34.5,35.15,34.3,35.0,0.4,163
2022-03-25,8289,653208,22900789,34.8,35.5,34.8,35.0,0.0,553
2022-03-28,8289,292481,10138406,35.0,35.05,34.35,34.9,-0.1,339
2022-03-29,8289,588322,20913490,35.5,36.05,35.2,35.35,0.45,402
2022-03-30,8289,451245,16081411,35.8,35.8,35.5,35.7,0.35,427
2022-03-31,8289,396265,14113178,35.4,36.0,35.15,35.65,-0.05,273
2022-04-01,8289,223866,8016067,35.5,35.95,35.45,35.85,0.2,178
2022-04-06,8289,259831,9185612,35.25,35.6,35.1,35.6,-0.25,286
2022-04-07,8289,387669,13646627,35.55,36.1,34.55,34.8,-0.8,320
2022-04-08,8289,285841,10109528,34.8,35.75,34.75,35.75,0.95,231
2022-04-11,8289,656053,23725548,35.7,36.85,35.7,35.75,0.0,635
2022-04-12,8289,780421,28414674,36.0,36.75,35.25,36.3,0.55,501
2022-04-13,8289,940020,34535443,36.8,37.6,36.15,36.15,-0.15,690
2022-04-14,8289,337756,12146536,36.4,36.4,35.75,35.85,-0.3,498
2022-04-15,8289,366626,12968947,35.5,35.85,35.2,35.5,-0.35,387
2022-04-18,8289,247405,8652603,35.2,35.2,34.8,34.9,-0.6,203
2022-04-19,8289,179041,6361202,35.5,35.85,35.1,35.55,0.65,160
2022-04-20,8289,109172,3881255,35.95,35.95,35.25,35.7,0.15,106
2022-04-21,8289,117270,4164889,35.85,35.85,35.3,35.35,-0.35,123
2022-04-22,8289,637340,21886379,35.1,35.15,34.0,34.0,-1.35,479
2022-04-25,8289,571501,19071848,33.0,34.15,32.9,33.75,-0.25,356
2022-04-26,8289,307874,10517249,34.2,34.5,33.75,33.9,0.15,214
2022-04-27,8289,501615,16259683,33.5,33.5,31.8,32.65,-1.25,403
2022-04-28,8289,220281,7255488,32.7,33.35,32.5,32.85,0.2,171
2022-04-29,8289,185052,6209071,33.45,33.9,33.3,33.55,0.7,150
2022-05-03,8289,98365,3302038,33.55,33.75,33.35,33.55,0.0,89
2022-05-04,8289,132020,4462325,33.55,34.0,33.55,33.75,0.2,101
2022-05-05,8289,218671,7478516,34.15,34.7,34.0,34.15,0.4,197
2022-05-06,8289,101501,3395680,33.85,33.85,33.2,33.7,-0.45,88
2022-05-09,8289,1078817,37834548,34.75,35.65,34.45,34.45,0.75,728
2022-05-10,8289,2642050,95992883,34.45,37.1,34.0,36.95,2.5,2017
2022-05-11,8289,2567675,93838512,36.7,37.4,35.0,35.0,-1.95,1761
2022-05-12,8289,1907578,65527662,35.05,35.4,33.6,33.8,-1.2,1245
2022-05-13,8289,542480,18706191,34.2,34.9,34.2,34.9,1.1,340
2022-05-16,8289,1315799,47479813,35.7,36.5,35.5,35.9,1.0,870
2022-05-17,8289,2273406,84048562,35.9,37.55,35.9,37.4,1.5,1454
2022-05-18,8289,1615834,60170265,37.6,37.85,36.7,36.75,-0.65,1054
2022-05-19,8289,4068969,155208307,36.0,39.4,35.9,38.5,1.75,2452
2022-05-20,8289,10355282,413200104,39.2,41.25,37.9,40.6,2.1,5447
2022-05-23,8289,6657824,269790792,40.65,41.4,39.75,39.9,-0.7,4045
2022-05-24,8289,4587628,176174672,39.8,40.25,37.1,37.45,-2.45,3065
2022-05-25,8289,2624970,100924524,37.95,38.9,37.75,38.4,0.95,1644
2022-05-26,8289,2134289,82477651,38.8,39.1,38.2,38.5,0.1,1282
2022-05-27,8289,2614713,102444970,38.95,39.9,38.6,38.9,0.4,1656
2022-05-30,8289,2267000,89767427,39.3,40.15,39.0,39.2,0.3,1305
2022-05-31,8289,3529423,141866828,39.05,40.9,39.05,40.1,0.9,2169
2022-06-01,8289,1950459,77945024,40.3,40.75,39.55,39.7,-0.4,1173
2022-06-02,8289,998788,39650909,39.35,40.2,39.35,39.6,-0.1,664
2022-06-06,8289,1431457,55340141,39.95,39.95,38.05,38.05,-1.55,1018
2022-06-07,8289,1411960,55164367,38.1,39.8,38.05,39.05,1.0,971
2022-06-08,8289,1031473,40208923,39.05,39.45,38.45,38.85,-0.2,612
2022-06-09,8289,990552,39028120,39.5,39.9,39.15,39.15,0.3,633
2022-06-10,8289,553828,21597358,38.8,39.3,38.55,39.2,0.05,399
2022-06-13,8289,776033,29662865,38.5,38.8,38.0,38.0,-1.2,683
2022-06-14,8289,1228630,45602425,37.6,37.8,36.5,37.75,-0.25,866
2022-06-15,8289,616340,22975482,37.65,38.2,36.8,37.15,-0.6,450
2022-06-16,8289,793892,29572778,37.6,38.1,36.5,36.5,-0.65,560
2022-06-17,8289,1159676,40934539,35.1,36.05,35.0,35.15,-1.35,772
2022-06-20,8289,1239047,42412554,35.6,35.6,33.6,33.7,-1.45,761
2022-06-21,8289,293342,10110365,34.2,34.85,34.0,34.7,1.0,225
2022-06-22,8289,655354,22187810,34.5,34.85,33.5,33.5,-1.2,464
2022-06-23,8289,715361,23940656,33.5,34.0,33.0,33.65,0.15,418
2022-06-24,8289,480425,16399199,34.4,34.6,33.6,34.2,0.55,333
2022-06-27,8289,575854,20019600,34.6,35.05,34.4,34.6,0.4,360
2022-06-28,8289,621435,21078446,34.55,34.55,33.6,33.8,-0.8,399
2022-06-29,8289,410019,13906741,33.6,34.2,33.55,34.15,0.35,206
2022-06-30,8289,776060,25938467,34.1,34.15,33.1,33.1,-1.05,440
2022-07-01,8289,1195970,38379096,33.1,33.25,31.05,31.05,-2.05,637
2022-07-04,8289,318369,9974226,31.2,31.8,31.0,31.3,0.25,223
2022-07-05,8289,393463,12326076,31.95,32.1,30.7,31.8,0.5,268
2022-07-06,8289,600959,18416476,31.5,31.6,30.0,30.0,-1.8,424
2022-07-07,8289,501690,15368153,30.55,31.55,29.75,31.3,1.3,322
2022-07-08,8289,430035,13878355,31.85,32.6,31.85,32.45,1.15,271
2022-07-11,8289,409568,13046949,32.25,32.25,31.35,32.0,-0.45,232
2022-07-12,8289,359043,11117017,31.4,31.5,30.6,31.35,-0.65,255
2022-07-13,8289,400711,12686032,31.65,32.05,31.2,31.3,-0.05,279
2022-07-14,8289,298133,9388095,31.2,31.9,30.7,31.75,0.45,203
2022-07-15,8289,367568,11820116,31.9,32.55,31.8,32.2,0.45,272
2022-07-18,8289,206092,6725514,32.3,32.8,32.3,32.7,0.5,167
2022-07-19,8289,304111,10035293,32.45,33.2,32.4,33.2,0.5,248
2022-07-20,8289,436400,14724344,33.35,34.2,33.35,33.4,0.2,301
2022-07-21,8289,347330,11766272,33.4,34.1,33.4,34.05,0.65,233
2022-07-22,8289,460415,15850661,34.45,34.8,34.0,34.55,0.5,310
2022-07-25,8289,166270,5702966,34.2,34.55,34.1,34.15,-0.4,117
2022-07-26,8289,282085,9436948,34.1,34.15,33.0,33.4,-0.75,199
2022-07-27,8289,117380,3969574,33.25,34.2,33.25,34.0,0.6,105
2022-07-28,8289,138023,4676080,34.0,34.25,33.6,33.6,-0.4,109
2022-07-29,8289,222082,7555188,33.85,34.3,33.85,33.9,0.3,160
2022-08-01,8289,96406,3247948,33.95,33.95,33.55,33.55,-0.35,95
2022-08-02,8289,237041,7784642,33.4,33.4,32.6,32.6,-0.95,183
2022-08-03,8289,233091,7552919,32.6,32.9,32.0,32.2,-0.4,150
2022-08-04,8289,276035,8743513,32.3,32.6,31.15,31.65,-0.55,198
2022-08-05,8289,173321,5675192,32.6,32.95,32.45,32.85,1.2,123
2022-08-08,8289,704023,23906173,33.0,34.5,33.0,34.4,1.55,372
2022-08-09,8289,530107,18218533,34.0,35.0,34.0,35.0,0.6,348
2022-08-10,8289,2800442,104485820,37.0,38.3,36.65,36.65,1.65,1692
2022-08-11,8289,1070037,40002928,37.3,37.8,36.8,37.55,0.9,688
2022-08-12,8289,1327487,50910120,38.3,38.8,37.85,38.15,0.6,808
2022-08-15,8289,1955862,77055341,38.8,39.9,38.35,39.6,1.45,1523
2022-08-16,8289,1565158,62563086,39.6,40.4,39.4,39.8,0.2,957
2022-08-17,8289,911965,36129122,40.0,40.05,39.25,39.4,-0.4,593
2022-08-18,8289,3696006,150747673,39.95,41.2,39.85,40.9,1.5,1985
2022-08-19,8289,1748569,72206657,40.95,41.7,40.5,41.6,0.7,1093
2022-08-22,8289,2211854,92184771,41.8,42.35,41.0,41.0,-0.6,1262
2022-08-23,8289,1357115,55007227,40.6,41.0,40.1,40.7,-0.3,711
2022-08-24,8289,1199553,49598371,41.0,41.65,41.0,41.25,0.55,721
2022-08-25,8289,1477879,60929392,41.4,41.7,40.9,41.35,0.1,875
2022-08-26,8289,1442599,57470653,39.95,40.25,39.5,39.65,0.0,787
2022-08-29,8289,553819,21368284,38.3,38.95,38.15,38.65,-1.0,426
2022-08-30,8289,570314,22292996,38.85,39.3,38.85,39.2,0.55,364
2022-08-31,8289,444683,17433395,39.3,39.4,39.05,39.1,-0.1,308
2022-09-01,8289,664664,25568664,38.8,38.8,38.3,38.3,-0.8,460
2022-09-02,8289,355100,13693468,38.6,38.85,38.2,38.4,0.1,277
2022-09-05,8289,862219,32287820,38.45,38.75,36.8,36.8,-1.6,677
2022-09-06,8289,633781,23025210,37.05,37.35,35.9,36.3,-0.5,343
2022-09-07,8289,249344,9044085,36.3,36.9,35.65,36.15,-0.15,171
2022-09-08,8289,611826,22626357,36.7,37.4,36.35,37.1,0.95,384
2022-09-12,8289,613422,22626788,37.4,37.55,36.65,36.8,-0.3,447
2022-09-13,8289,500390,18655258,37.2,37.85,36.85,37.8,1.0,368
2022-09-14,8289,662595,24891434,36.8,38.05,36.8,38.0,0.2,527
2022-09-15,8289,616233,23572699,38.05,38.6,37.85,37.9,-0.1,371
2022-09-16,8289,1020337,38437584,37.9,38.3,37.0,38.15,0.25,550
2022-09-19,8289,1668903,63800641,38.8,38.95,37.45,37.6,-0.55,967
2022-09-20,8289,1169804,44379709,37.6,38.45,37.4,38.3,0.7,550
2022-09-21,8289,519055,19657499,38.0,38.25,37.6,37.6,-0.7,285
2022-09-22,8289,940955,35602791,37.35,38.3,37.05,38.1,0.5,394
2022-09-23,8289,946898,36335394,38.05,38.75,37.75,37.75,-0.35,597
2022-09-26,8289,1058261,38796253,37.65,37.65,35.7,35.7,-2.05,665
2022-09-27,8289,681516,24279537,35.8,36.35,34.9,36.15,0.45,431
2022-09-28,8289,755168,26198813,36.1,36.1,33.65,33.75,-2.4,519
2022-09-29,8289,397036,13628044,34.8,34.9,33.75,34.05,0.3,289
2022-09-30,8289,350897,11727083,33.55,34.25,32.85,34.0,-0.05,267
2022-10-03,8289,228453,7712416,33.7,34.1,33.4,33.85,-0.15,206
2022-10-04,8289,412672,14297089,34.6,35.1,34.1,34.8,0.95,256
2022-10-05,8289,244461,8570232,35.45,35.5,34.55,34.8,0.0,188
2022-10-06,8289,433298,14854915,34.75,34.75,34.05,34.2,-0.6,335
2022-10-07,8289,574001,19263235,34.0,34.1,33.3,33.45,-0.75,411
2022-10-11,8289,1188963,36507462,31.15,31.35,30.2,30.35,-3.1,664
2022-10-12,8289,485134,14593367,30.8,30.85,29.65,30.45,0.1,288
2022-10-13,8289,827596,24242996,30.5,30.8,28.1,28.3,-2.15,482
2022-10-14,8289,271555,7985281,29.05,29.6,29.05,29.5,1.2,187
2022-10-17,8289,433635,12364889,29.0,29.2,27.95,29.15,-0.35,280
2022-10-18,8289,282275,8272814,29.6,29.7,29.0,29.3,0.15,154
2022-10-19,8289,508446,15146310,29.3,30.25,29.2,29.7,0.4,287
2022-10-20,8289,465539,13480119,29.5,29.5,28.5,28.9,-0.8,300
2022-10-21,8289,277357,7884251,28.95,28.95,27.95,28.25,-0.65,200
2022-10-24,8289,367257,10538878,29.0,29.1,28.25,28.5,0.25,215
2022-10-25,8289,577461,15949351,28.5,28.5,27.2,27.2,-1.3,400
2022-10-26,8289,361208,9814523,27.5,27.5,26.95,26.95,-0.25,239
2022-10-27,8289,220521,6072691,27.45,27.7,27.25,27.7,0.75,153
2022-10-28,8289,330025,8946035,27.5,27.65,26.6,26.7,-1.0,324
2022-10-31,8289,475071,13251483,27.05,28.45,26.95,28.25,1.55,308
2022-11-01,8289,347151,10007472,28.45,29.2,28.25,29.0,0.75,252
2022-11-02,8289,272555,7984612,29.15,29.55,29.0,29.35,0.35,195
2022-11-03,8289,288671,8533610,29.1,30.05,28.9,29.95,0.6,204
2022-11-04,8289,305330,9182544,29.7,30.55,29.5,30.4,0.45,225
2022-11-07,8289,555600,17514805,30.85,32.1,30.85,31.85,1.45,313
2022-11-08,8289,1092439,35631981,31.95,33.2,31.95,32.45,0.6,634
2022-11-09,8289,605289,19621946,32.35,32.8,32.15,32.35,-0.1,378
2022-11-10,8289,279529,9111491,32.35,32.95,32.2,32.7,0.35,196
2022-11-11,8289,857537,28439146,34.3,34.3,32.5,33.05,0.35,510
2022-11-14,8289,795594,26431879,33.2,33.7,32.85,33.05,0.0,530
2022-11-15,8289,782189,26279242,33.1,34.1,33.1,34.0,0.95,435
2022-11-16,8289,599381,20269511,34.05,34.4,33.35,33.8,-0.2,320
2022-11-17,8289,2198389,78767428,33.9,36.9,33.9,36.5,2.7,1243
2022-11-18,8289,2362002,87752178,37.0,37.8,36.35,36.75,0.25,1298
2022-11-21,8289,983856,36598375,36.75,37.8,36.05,37.2,0.45,630
2022-11-22,8289,491449,18220072,37.25,37.45,36.8,37.05,-0.15,293
2022-11-23,8289,655682,24486437,37.1,38.1,36.85,36.85,-0.2,506
2022-11-24,8289,385017,14227432,37.45,37.45,36.7,36.9,0.05,261
2022-11-25,8289,384703,14126664,36.95,37.1,36.5,36.5,-0.4,213
2022-11-28,8289,1611876,60751280,36.45,38.8,36.0,37.4,0.9,962
2022-11-29,8289,686113,25773880,37.1,38.1,36.95,37.85,0.45,362
2022-11-30,8289,606018,23150358,37.65,38.6,37.65,38.15,0.3,352
2022-12-01,8289,616033,23632966,38.35,38.65,38.2,38.25,0.1,383
2022-12-02,8289,870948,33862069,38.45,39.25,38.45,38.75,0.5,496
2022-12-05,8289,686438,26250095,38.85,39.15,37.65,37.85,-0.9,536
2022-12-06,8289,750475,28239897,37.8,38.3,37.05,37.8,-0.05,399
2022-12-07,8289,668518,25218770,37.8,38.5,37.05,37.6,-0.2,359
2022-12-08,8289,968424,37335914,37.6,38.9,37.6,38.6,1.0,494
2022-12-09,8289,765703,29707281,38.95,39.45,38.35,38.35,-0.25,432
2022-12-12,8289,368270,13935356,38.2,38.25,37.2,38.1,-0.25,223
2022-12-13,8289,458096,17171958,38.5,38.5,37.2,37.2,-0.9,421
2022-12-14,8289,384202,14506477,37.75,38.0,37.4,37.9,0.7,184
2022-12-15,8289,369281,14114245,37.9,38.5,37.9,38.05,0.15,266
2022-12-16,8289,566634,21278615,37.5,37.5,37.1,37.35,-0.7,267
2022-12-19,8289,214415,7955919,37.2,37.25,37.0,37.05,-0.3,179
2022-12-20,8289,1031561,39021942,37.05,38.35,37.0,37.35,0.3,631
2022-12-21,8289,292278,10914512,37.7,37.7,37.05,37.25,-0.1,201
2022-12-22,8289,230429,8640229,37.45,37.85,37.3,37.4,0.15,174
2022-12-23,8289,280049,10344852,37.1,37.15,36.75,36.85,-0.55,317
2022-12-26,8289,575124,21139691,36.85,37.0,36.4,36.65,-0.2,179
2022-12-27,8289,219636,8148316,36.9,37.35,36.8,37.15,0.5,167
2022-12-28,8289,431741,15715235,37.15,37.15,36.0,36.0,-1.15,321
2022-12-29,8289,192444,6860881,35.9,36.0,35.4,35.85,-0.15,140
2022-12-30,8289,243174,8710078,36.2,36.2,35.6,35.6,-0.25,153
2023-01-03,8289,137691,4878522,35.35,35.8,35.1,35.65,0.05,117
2023-01-04,8289,500386,18351737,35.65,37.05,35.65,37.0,1.35,359
2023-01-05,8289,420752,15622929,37.3,37.35,36.8,37.05,0.05,285
2023-01-06,8289,1184534,44417690,37.3,38.0,36.85,38.0,0.95,654
2023-01-09,8289,1666664,63930730,38.35,38.75,38.05,38.05,0.05,995
2023-01-10,8289,1451871,52752095,36.3,36.75,36.15,36.15,-1.9,927
2023-01-11,8289,319303,11545444,36.35,36.35,35.95,36.2,0.05,248
2023-01-12,8289,339305,12211920,36.5,36.5,35.75,35.85,-0.35,227
2023-01-13,8289,510055,18250842,36.0,36.1,35.45,35.45,-0.4,265
2023-01-16,8289,245418,8704409,35.65,35.65,35.25,35.45,0.0,168
2023-01-17,8289,329386,11644777,35.45,35.55,35.3,35.3,-0.15,213
2023-01-30,8289,880809,32091408,35.95,36.85,35.95,36.35,1.05,509
2023-01-31,8289,828343,30419964,36.5,37.0,36.3,36.85,0.5,408
2023-02-01,8289,1274832,47704444,37.0,37.9,37.0,37.9,1.05,666
2023-02-02,8289,3502007,137517669,38.0,40.2,37.9,39.95,2.05,1969
2023-02-03,8289,2818665,112757776,40.0,40.7,39.2,39.5,-0.45,1837
2023-02-06,8289,780480,30514366,39.1,39.75,38.55,39.15,-0.35,576
2023-02-07,8289,606696,23547169,39.5,39.5,38.55,38.7,-0.45,489
2023-02-08,8289,681882,26547675,39.0,39.3,38.6,38.6,-0.1,478
2023-02-09,8289,4752792,192104744,38.9,41.4,38.9,41.3,2.7,2637
2023-02-10,8289,2879450,115741320,41.0,41.45,39.15,39.25,-2.05,1850
2023-02-13,8289,923362,36347873,39.5,39.8,38.95,39.1,-0.15,647
2023-02-14,8289,512761,20222158,39.4,39.6,39.25,39.3,0.2,402
2023-02-15,8289,726516,28698114,39.45,39.9,39.1,39.15,-0.15,557
2023-02-16,8289,1417983,57087719,39.55,40.7,39.5,40.3,1.15,986
2023-02-17,8289,1296058,52599819,40.4,41.0,40.1,40.6,0.3,900
2023-02-20,8289,986416,39985315,40.8,40.9,40.3,40.5,-0.1,590
2023-02-21,8289,1938915,79454630,40.6,41.65,40.3,40.55,0.05,1180
2023-02-22,8289,1275108,50844136,40.2,40.5,39.45,40.5,-0.05,776
2023-02-23,8289,5298761,229399404,40.6,44.45,40.6,43.7,3.2,3074
2023-02-24,8289,14067430,653637851,43.95,48.05,43.8,48.05,4.35,6824
2023-03-01,8289,10478519,498452903,47.95,48.8,46.25,47.3,-0.75,6036
2023-03-02,8289,4809256,222710667,47.0,47.6,45.5,46.5,-0.8,3051
2023-03-03,8289,7741821,382224595,46.65,51.1,46.3,51.1,4.6,4351
2023-03-06,8289,18833859,970543387,52.7,53.9,49.6,49.7,-1.4,9743
2023-03-07,8289,4641810,230134589,49.3,50.5,49.1,49.5,-0.2,2922
2023-03-08,8289,3547168,176560128,50.0,50.4,49.15,50.4,0.9,2413
2023-03-09,8289,5464917,266209726,50.4,50.7,47.4,47.6,-2.8,3607
2023-03-10,8289,3728682,171772381,46.85,47.4,45.25,45.55,-2.05,2268
2023-03-13,8289,3672987,163937892,46.1,46.1,43.0,45.05,-0.5,2293
2023-03-14,8289,2390455,109357830,44.9,46.75,44.5,45.15,0.1,1879
2023-03-15,8289,1365179,62148951,45.8,46.15,45.0,45.0,-0.15,991
2023-03-16,8289,2585755,112995219,44.1,44.9,43.0,43.45,-1.55,1688
2023-03-17,8289,2209627,99404044,44.0,45.85,44.0,45.7,2.25,1452
2023-03-20,8289,2958556,137085059,45.4,47.3,44.9,47.05,1.35,1900
2023-03-21,8289,9592986,465359416,47.5,49.35,47.1,48.75,1.7,5111
2023-03-22,8289,7147835,352929211,48.8,49.9,48.3,49.9,1.15,3570
2023-03-23,8289,7929873,401873465,50.3,51.3,49.7,50.8,0.9,4365
2023-03-24,8289,5244654,262454822,50.7,50.8,49.0,50.5,-0.3,2965
2023-03-27,8289,3981260,200866490,50.6,51.5,49.5,50.6,0.1,2505
2023-03-28,8289,6810746,341541267,51.0,52.3,48.8,49.65,-0.95,3751
2023-03-29,8289,9494459,440753956,48.5,49.0,44.7,44.85,-4.8,5712
2023-03-30,8289,3358904,154826564,45.6,46.7,45.25,46.05,1.2,2236
2023-03-31,8289,3056697,144528932,46.2,48.2,46.0,47.55,1.5,2054
2023-04-06,8289,2850542,131882747,44.15,47.6,44.15,47.6,0.05,1723
2023-04-07,8289,1493800,70562490,47.65,47.9,46.9,47.3,-0.3,1197
2023-04-10,8289,1259995,59699148,47.3,47.8,46.85,47.3,0.0,1025
2023-04-11,8289,1027651,48721714,47.5,47.8,47.05,47.25,-0.05,694
2023-04-12,8289,1517786,72701277,47.7,48.5,47.0,48.15,0.9,1142
2023-04-13,8289,908302,43324954,48.1,48.2,47.35,47.5,-0.65,1057
2023-04-14,8289,1595178,74580311,47.4,47.55,46.3,46.5,-1.0,1368
2023-04-17,8289,943517,44560606,46.65,47.6,46.65,47.15,0.65,754
2023-04-18,8289,3185960,154701573,47.5,49.4,47.5,48.25,1.1,2215
2023-04-19,8289,1780484,85244383,48.3,48.85,47.15,47.55,-0.7,1311
2023-04-20,8289,1999041,92259355,47.45,47.8,45.5,45.8,-1.75,1370
2023-04-21,8289,1210681,54690127,45.9,46.2,44.4,44.8,-1.0,857
2023-04-24,8289,463711,20874381,44.4,45.6,44.3,44.9,0.1,411
2023-04-25,8289,1620727,70522127,44.9,45.1,42.75,43.05,-1.85,1135
2023-04-26,8289,722301,30698523,41.55,43.35,41.55,42.95,-0.1,478
2023-04-27,8289,596122,25410413,42.6,43.15,42.05,42.9,-0.05,397
2023-04-28,8289,655306,28452842,43.35,43.65,43.1,43.55,0.65,453
2023-05-02,8289,376464,16449442,43.55,44.0,43.15,43.9,0.35,290
2023-05-03,8289,416077,17983508,43.9,43.9,43.0,43.1,-0.8,331
2023-05-04,8289,471635,20152586,43.45,43.6,42.5,42.6,-0.5,347
2023-05-05,8289,345206,14898653,42.95,43.35,42.85,43.25,0.65,281
2023-05-08,8289,299939,12923889,43.5,43.5,42.75,43.0,-0.25,273
2023-05-09,8289,1188886,49038517,42.8,42.85,40.6,40.6,-2.4,914
2023-05-10,8289,351844,14373674,40.8,41.05,40.5,40.95,0.35,266
2023-05-11,8289,1111829,44240327,40.95,40.95,39.3,39.35,-1.6,720
2023-05-12,8289,397940,15795870,39.0,40.3,39.0,40.0,0.65,258
2023-05-15,8289,315266,12446123,40.25,40.25,39.0,39.65,-0.35,270
2023-05-16,8289,245203,9814914,39.8,40.3,39.8,40.0,0.35,179
2023-05-17,8289,663178,26973351,39.85,41.1,39.85,41.05,1.05,422
2023-05-18,8289,980652,40682093,41.35,42.05,40.75,41.4,0.35,655
2023-05-19,8289,865589,35900944,41.85,42.15,41.0,41.1,-0.3,548
2023-05-22,8289,545333,22756896,41.15,42.15,41.15,41.75,0.65,390
2023-05-23,8289,643995,27076090,42.75,42.75,41.25,41.8,0.05,480
2023-05-24,8289,395172,16512775,41.75,42.05,41.3,41.75,-0.05,225
2023-05-25,8289,422722,17653479,42.5,42.5,41.05,41.75,0.0,294
2023-05-26,8289,565185,23447328,42.25,42.25,41.2,41.35,-0.4,384
2023-05-29,8289,533113,22367042,41.4,42.2,41.4,41.9,0.55,353
2023-05-30,8289,882080,36661355,42.2,42.4,41.05,41.05,-0.85,632
2023-05-31,8289,494424,20611309,41.15,42.05,41.15,41.9,0.85,328
2023-06-01,8289,281292,11765500,42.0,42.0,41.65,41.9,0.0,212
2023-06-02,8289,457257,19249475,42.2,42.3,41.95,42.0,0.1,283
2023-06-05,8289,453779,19186362,42.1,42.45,42.05,42.25,0.25,323
2023-06-06,8289,575808,24137085,42.4,42.45,41.5,41.7,-0.55,394
2023-06-07,8289,432361,18246290,41.8,42.35,41.8,42.15,0.45,265
2023-06-08,8289,972515,41654104,42.4,43.5,42.2,42.35,0.2,622
2023-06-09,8289,702400,29435625,42.6,42.8,41.6,41.7,-0.65,488
2023-06-12,8289,1312826,52651315,41.6,41.6,39.5,39.9,-1.8,887
2023-06-13,8289,331122,13325572,40.3,40.5,39.9,40.15,0.25,282
2023-06-14,8289,362739,14550171,40.15,40.4,39.9,40.3,0.15,277
2023-06-15,8289,328211,13202735,40.15,40.5,40.0,40.15,-0.15,238
2023-06-16,8289,344293,13925854,40.15,40.7,40.15,40.35,0.2,236
2023-06-19,8289,248653,10023560,40.35,40.6,40.2,40.2,-0.15,204
2023-06-20,8289,325647,13172277,40.7,40.8,40.15,40.5,0.3,230
2023-06-21,8289,265184,10767599,40.65,40.8,40.4,40.65,0.15,203
2023-06-26,8289,342258,13846204,40.65,40.85,40.1,40.35,-0.3,195
2023-06-27,8289,422216,17027983,40.35,40.85,40.0,40.25,-0.1,277
2023-06-28,8289,98048,3958691,40.4,40.65,40.25,40.45,0.2,90
2023-06-29,8289,348831,14199817,40.5,40.95,40.5,40.7,0.25,250
2023-06-30,8289,412212,16944334,40.7,41.5,40.65,41.45,0.75,296
2023-07-03,8289,525283,22014842,41.6,42.25,41.6,42.2,0.75,481
2023-07-04,8289,590309,24891629,42.45,42.45,41.85,42.35,0.15,583
2023-07-05,8289,316357,13349457,42.2,42.4,42.0,42.1,-0.25,241
2023-07-06,8289,612961,25933704,42.1,42.95,41.9,41.9,-0.2,366
2023-07-07,8289,506868,20975014,41.9,42.3,41.0,41.55,-0.35,354
2023-07-10,8289,994125,39847414,40.7,40.7,39.7,39.8,-1.75,618
2023-07-11,8289,378024,15063045,40.15,40.15,39.75,39.85,0.05,227
2023-07-12,8289,352758,13986982,40.0,40.1,39.3,39.35,-0.5,295
2023-07-13,8289,722361,28254884,39.6,39.8,38.8,38.8,-0.55,466
2023-07-14,8289,204342,7983809,38.9,39.35,38.8,39.1,0.3,145
2023-07-17,8289,352975,14127922,39.1,40.3,39.1,40.15,1.05,244
2023-07-18,8289,359284,14247451,40.4,40.5,39.25,39.45,-0.7,399
2023-07-19,8289,218318,8620732,39.65,39.95,39.0,39.05,-0.4,176
2023-07-20,8289,325301,12715287,39.65,39.65,38.9,38.9,-0.15,228
2023-07-21,8289,279450,10764912,38.6,38.85,38.25,38.55,-0.35,227
2023-07-24,8289,526478,19862329,38.4,38.5,37.3,37.55,-1.0,404
2023-07-25,8289,399912,15230004,37.65,38.35,37.65,38.2,0.65,245
2023-07-26,8289,525877,19713013,38.2,38.2,37.2,37.3,-0.9,375
2023-07-27,8289,281691,10705957,37.3,38.4,37.3,38.3,1.0,222
2023-07-28,8289,251467,9671592,38.15,39.0,38.1,38.35,0.05,167
2023-07-31,8289,281549,10709216,38.6,38.6,37.7,38.05,-0.3,207
2023-08-01,8289,304702,11456485,38.05,38.1,37.35,37.65,-0.4,254
2023-08-02,8289,460688,17138730,37.7,37.8,36.9,36.95,-0.7,311
2023-08-04,8289,182329,6788764,37.2,37.7,36.65,37.6,0.65,132
2023-08-07,8289,146202,5523545,37.35,38.15,37.35,38.1,0.5,128
2023-08-08,8289,147459,5607362,38.45,38.45,37.8,37.9,-0.2,123
2023-08-09,8289,461717,17055529,37.0,37.5,36.75,36.9,-1.0,393
2023-08-10,8289,524671,18816484,37.2,37.2,35.45,35.55,-1.35,436
2023-08-11,8289,235371,8402017,35.55,36.0,35.5,35.65,0.1,187
2023-08-14,8289,544566,19073346,35.6,36.0,34.8,35.45,-0.2,282
2023-08-15,8289,402964,14302422,35.5,35.7,35.3,35.6,0.15,178
2023-08-16,8289,190976,6707598,35.45,35.45,34.8,35.4,-0.2,156
2023-08-17,8289,522827,18696345,35.75,36.4,34.9,36.2,0.8,388
2023-08-18,8289,186308,6729628,36.2,36.4,35.8,36.2,0.0,209
2023-08-21,8289,169518,6138341,36.6,36.6,36.0,36.2,0.0,133
2023-08-22,8289,182423,6594299,36.35,36.35,36.0,36.1,-0.1,137
2023-08-23,8289,191224,6960595,36.35,36.6,36.1,36.5,0.4,179
2023-08-24,8289,762934,28476821,36.6,38.4,36.6,37.45,0.95,579
2023-08-25,8289,503341,16668546,33.55,33.55,32.85,32.9,0.0,492
2023-08-28,8289,646903,20201569,32.9,32.9,30.6,31.0,-1.9,485
2023-08-29,8289,193066,5947359,31.05,31.1,30.5,30.9,-0.1,206
2023-08-30,8289,226104,6986576,31.0,31.1,30.8,30.85,-0.05,201
2023-08-31,8289,131554,4060581,31.05,31.05,30.75,30.9,0.05,102
2023-09-01,8289,231651,7229057,30.95,31.55,30.95,31.1,0.2,188
2023-09-04,8289,174697,5408323,31.25,31.25,30.8,31.15,0.05,165
2023-09-05,8289,193732,6092514,30.8,31.75,30.8,31.55,0.4,173
2023-09-06,8289,174584,5540118,31.8,31.9,31.45,31.85,0.3,162
2023-09-07,8289,212329,6834278,31.95,32.55,31.95,32.1,0.25,159
2023-09-08,8289,132821,4231043,32.35,32.35,31.6,31.7,-0.4,121
2023-09-11,8289,170135,5389079,32.15,32.15,31.4,31.45,-0.25,116
2023-09-12,8289,129236,4152600,31.5,32.8,31.45,32.05,0.6,117
2023-09-13,8289,47655,1531614,32.25,32.25,32.05,32.05,0.0,67
2023-09-14,8289,167281,5411056,32.15,32.5,32.1,32.3,0.25,146
2023-09-15,8289,302261,9641594,32.4,32.4,31.55,31.6,-0.7,209
2023-09-18,8289,220871,6962805,31.6,31.8,31.3,31.5,-0.1,134
2023-09-19,8289,538726,17354499,31.9,32.95,31.7,32.2,0.7,352
2023-09-20,8289,1308439,42974320,32.4,33.3,32.4,32.55,0.35,692
2023-09-21,8289,199451,6401474,32.6,32.6,31.85,31.9,-0.65,195
2023-09-22,8289,166497,5382307,32.1,32.95,31.65,32.95,1.05,155
2023-09-25,8289,428299,14288622,33.3,33.6,33.1,33.5,0.55,349
2023-09-26,8289,116734,3885679,33.5,33.5,33.0,33.15,-0.35,129
2023-09-27,8289,166670,5475117,33.15,33.2,32.15,33.2,0.05,197
2023-09-28,8289,146482,4873500,33.2,33.65,33.1,33.1,-0.1,155
2023-10-02,8289,238600,7939763,33.5,33.55,32.9,33.25,0.15,179
2023-10-03,8289,222284,7373551,33.4,33.5,32.7,33.4,0.15,137
2023-10-04,8289,116023,3792757,32.55,33.2,32.25,32.85,-0.55,102
2023-10-05,8289,165491,5510977,32.85,33.65,32.85,33.15,0.3,166
2023-10-06,8289,82125,2719144,33.55,33.55,32.9,33.1,-0.05,79
2023-10-11,8289,276361,8769611,32.6,32.6,31.25,31.4,-1.7,252
2023-10-12,8289,239454,7409418,31.0,31.2,30.65,31.0,-0.4,291
2023-10-13,8289,189014,5814517,31.0,31.05,30.6,30.6,-0.4,198
2023-10-16,8289,275887,8214893,30.6,30.6,29.45,29.5,-1.1,280
2023-10-17,8289,121487,3584510,29.7,29.9,29.2,29.55,0.05,97
2023-10-18,8289,295754,8443485,29.35,29.35,28.0,28.4,-1.15,231
2023-10-19,8289,113554,3244447,28.4,28.9,28.35,28.6,0.2,98
2023-10-20,8289,122547,3483402,28.9,28.95,28.05,28.9,0.3,119
2023-10-23,8289,65193,1894756,29.2,29.2,29.0,29.0,0.1,52
2023-10-24,8289,103615,3027509,29.7,29.7,29.0,29.45,0.45,92
2023-10-25,8289,84163,2503612,29.6,29.95,29.6,29.7,0.25,106
2023-10-26,8289,29162,856909,29.3,29.55,29.3,29.35,-0.35,48
2023-10-27,8289,92151,2711381,29.5,29.6,29.2,29.25,-0.1,87
2023-10-30,8289,50395,1469528,29.25,29.5,29.0,29.0,-0.25,93
2023-10-31,8289,90271,2587849,29.05,29.2,28.25,28.3,-0.7,109
2023-11-01,8289,104053,2924659,28.3,28.6,28.0,28.1,-0.2,83
2023-11-02,8289,71206,2042927,28.25,28.85,28.25,28.8,0.7,74
2023-11-03,8289,45638,1317418,28.95,29.05,28.75,28.8,0.0,47
2023-11-06,8289,106775,3126333,29.0,29.5,29.0,29.2,0.4,100
2023-11-07,8289,70235,2083875,29.75,29.8,29.45,29.7,0.5,76
2023-11-08,8289,112144,3370943,29.9,30.2,29.85,30.05,0.35,102
2023-11-09,8289,83496,2474392,30.0,30.0,29.45,29.65,-0.4,84
2023-11-10,8289,46035,1352684,29.65,29.7,29.3,29.4,-0.25,40
2023-11-13,8289,54426,1592364,29.4,29.45,29.0,29.45,0.05,66
2023-11-14,8289,59004,1730820,29.4,29.5,29.25,29.4,-0.05,41
2023-11-15,8289,78774,2338565,29.7,30.2,29.5,29.55,0.15,85
2023-11-16,8289,59273,1747714,29.25,29.7,29.25,29.5,-0.05,69
2023-11-17,8289,205654,6173357,29.7,30.35,29.6,30.35,0.85,185
2023-11-20,8289,872576,28944498,31.7,33.35,31.7,33.35,3.0,516
2023-11-21,8289,3084233,108138680,34.6,35.65,34.5,34.5,1.15,2226
2023-11-22,8289,875642,30249420,34.4,35.2,33.7,35.1,0.6,717
2023-11-23,8289,463368,16172765,35.1,35.3,34.55,34.7,-0.4,398
2023-11-24,8289,297470,10221170,34.85,34.85,34.0,34.15,-0.55,268
2023-11-27,8289,366720,12659592,34.2,35.05,34.2,34.2,0.05,260
2023-11-28,8289,199787,6919853,34.8,34.9,34.45,34.55,0.35,171
2023-11-29,8289,211431,7305192,34.8,34.8,34.3,34.35,-0.2,188
2023-11-30,8289,620513,21666529,34.65,35.15,34.4,34.95,0.6,373
2023-12-01,8289,240133,8328885,35.3,35.3,34.55,34.55,-0.4,260
2023-12-04,8289,171362,5952754,34.6,35.15,34.55,34.85,0.3,173
2023-12-05,8289,120785,4148461,34.85,34.85,34.2,34.3,-0.55,128
2023-12-06,8289,184355,6310374,34.3,34.5,34.1,34.2,-0.1,161
2023-12-07,8289,310556,10520660,34.8,34.8,33.5,33.7,-0.5,243
2023-12-08,8289,221318,7463351,34.1,34.15,33.5,33.5,-0.2,153
2023-12-11,8289,192748,6389661,33.5,33.5,33.0,33.0,-0.5,173
2023-12-12,8289,228897,7546765,33.05,33.15,32.65,32.95,-0.05,158
2023-12-13,8289,104248,3470482,33.0,33.5,33.0,33.25,0.3,86
2023-12-14,8289,144364,4813217,33.4,33.65,33.2,33.25,0.0,127
2023-12-15,8289,221477,7284040,33.35,33.35,32.6,32.6,-0.65,213
2023-12-18,8289,67762,2210781,32.6,32.9,32.55,32.7,0.1,95
2023-12-19,8289,104201,3361025,32.7,32.7,32.0,32.3,-0.4,160
2023-12-20,8289,50370,1634950,32.3,32.6,32.3,32.5,0.2,105
2023-12-21,8289,90105,2901655,32.5,32.5,32.05,32.1,-0.4,105
2023-12-22,8289,75077,2415277,32.1,32.4,32.0,32.35,0.25,55
2023-12-25,8289,75151,2435592,32.6,32.6,32.25,32.25,-0.1,71
2023-12-26,8289,95775,3122256,32.5,32.75,32.4,32.5,0.25,84
2023-12-27,8289,88256,2884069,33.0,33.0,32.6,32.6,0.1,74
2023-12-28,8289,61220,2006042,32.7,32.95,32.6,32.85,0.25,74
2023-12-29,8289,41979,1376618,32.95,32.95,32.65,32.75,-0.1,68
2024-01-02,8289,47635,1555353,32.75,32.95,32.45,32.9,0.15,58
2024-01-03,8289,68255,2229100,32.95,32.95,32.55,32.65,-0.25,89
2024-01-04,8289,78058,2535009,32.85,32.85,32.3,32.4,-0.25,65
2024-01-05,8289,48568,1575667,32.1,32.6,32.1,32.4,0.0,63
2024-01-08,8289,77046,2485130,32.4,32.4,32.1,32.1,-0.3,58
2024-01-09,8289,159222,5072042,32.1,32.3,31.55,31.55,-0.55,109
2024-01-10,8289,52932,1658547,31.5,31.5,31.2,31.25,-0.3,62
2024-01-11,8289,36613,1149050,31.8,31.8,31.2,31.3,0.05,53
2024-01-12,8289,36039,1120398,31.3,31.4,30.9,31.0,-0.3,48
2024-01-15,8289,77377,2427595,31.05,31.85,31.05,31.5,0.5,97
2024-01-16,8289,36276,1141603,31.6,31.6,31.4,31.4,-0.1,70
2024-01-17,8289,45293,1408381,31.45,31.45,31.0,31.0,-0.4,67
2024-01-18,8289,56011,1733750,31.05,31.15,30.85,30.9,-0.1,49
2024-01-19,8289,58098,1805858,31.4,31.4,30.95,31.15,0.25,83
2024-01-22,8289,46390,1466934,31.2,31.75,31.2,31.7,0.55,74
2024-01-23,8289,43469,1377275,31.7,31.85,31.55,31.65,-0.05,57
2024-01-24,8289,65190,2074020,31.6,32.1,31.6,31.85,0.2,90
2024-01-25,8289,37823,1201564,32.25,32.25,31.65,31.75,-0.1,61
2024-01-26,8289,33703,1063662,31.75,31.75,31.4,31.4,-0.35,93
2024-01-29,8289,53889,1701606,31.4,32.05,31.4,32.0,0.6,70
2024-01-30,8289,57207,1820341,32.2,32.2,31.5,31.8,-0.2,75
2024-01-31,8289,50159,1591484,31.7,31.8,31.6,31.7,-0.1,57
2024-02-01,8289,61863,1955536,31.75,31.75,31.55,31.55,-0.15,150
2024-02-02,8289,72546,2293629,31.55,31.9,31.5,31.7,0.15,71
2024-02-05,8289,89977,2867157,32.0,32.05,31.6,31.6,-0.1,96
2024-02-15,8289,40322,1284024,32.05,32.05,31.75,31.75,0.15,91
2024-02-16,8289,214746,6926730,32.2,32.6,32.0,32.3,0.55,197
2024-02-19,8289,162204,5287873,32.6,32.7,32.5,32.7,0.4,168
2024-02-20,8289,221731,7316050,32.75,33.35,32.7,32.9,0.2,230
2024-02-21,8289,1838987,64748348,32.95,36.15,32.95,36.15,3.25,1113
2024-02-22,8289,7010165,269420316,38.5,39.75,36.8,36.9,0.75,4314
2024-02-23,8289,1621848,59649766,37.65,37.65,36.0,36.45,-0.45,1139
2024-02-26,8289,882314,31723129,36.45,36.45,35.75,36.0,-0.45,687
2024-02-27,8289,1029785,37674093,36.35,37.5,35.75,36.1,0.1,778
2024-02-29,8289,343861,12386845,36.1,36.4,35.75,36.0,-0.1,396
2024-03-01,8289,552714,20082979,36.3,36.75,36.05,36.05,0.05,432
2024-03-04,8289,1061355,39310581,36.65,37.45,36.6,37.0,0.95,963
2024-03-05,8289,557064,20606286,37.4,37.4,36.6,37.2,0.2,674
2024-03-06,8289,1321469,49966439,37.4,38.3,37.3,37.75,0.55,995
2024-03-07,8289,952829,35754345,38.15,38.35,36.9,37.0,-0.75,765
2024-03-08,8289,770798,27884334,37.3,37.3,35.7,35.75,-1.25,559
2024-03-11,8289,255376,9118832,35.95,36.05,35.5,35.5,-0.25,270
2024-03-12,8289,193173,6912822,35.8,35.95,35.45,35.9,0.4,215
2024-03-13,8289,475981,16794860,36.4,36.4,35.0,35.45,-0.45,370
2024-03-14,8289,343425,12035043,35.2,35.5,34.8,35.2,-0.25,264
2024-03-15,8289,236267,8215061,34.8,35.15,34.55,34.8,-0.4,232
2024-03-18,8289,269718,9266146,34.8,34.8,34.05,34.2,-0.6,343
2024-03-19,8289,128785,4443757,34.15,34.8,34.15,34.7,0.5,174
2024-03-20,8289,194028,6740378,34.9,35.2,34.4,34.8,0.1,413
2024-03-21,8289,211174,7314525,34.8,35.15,34.4,34.7,-0.1,281
2024-03-22,8289,209645,7175213,34.7,34.7,34.1,34.15,-0.55,290
2024-03-25,8289,111756,3813510,34.1,34.2,34.1,34.1,-0.05,194
2024-03-26,8289,368027,12468676,34.5,34.55,33.5,34.0,-0.1,227
2024-03-27,8289,391197,13203819,34.0,34.2,33.5,33.85,-0.15,337
2024-03-28,8289,101206,3420978,33.75,33.95,33.65,33.85,0.0,228
2024-03-29,8289,109150,3682474,33.65,33.9,33.6,33.6,-0.25,134
2024-04-01,8289,145563,4971603,33.6,34.7,33.6,34.5,0.9,231
2024-04-02,8289,199553,6824168,34.5,34.55,33.85,33.95,-0.55,245
2024-04-03,8289,147709,4980825,34.05,34.1,33.5,33.55,-0.4,217
2024-04-08,8289,116128,3871737,33.45,33.55,33.2,33.4,-0.15,498
2024-04-09,8289,248718,8268291,33.4,33.5,33.05,33.45,0.05,436
2024-04-10,8289,157470,5286343,33.6,34.0,33.45,33.45,0.0,448
2024-04-11,8289,179633,5956808,33.7,33.7,33.0,33.1,-0.35,304
2024-04-12,8289,119420,3959125,33.2,33.3,33.05,33.05,-0.05,175
2024-04-15,8289,222361,7258632,33.05,33.05,32.45,32.45,-0.6,292
2024-04-16,8289,309063,9692620,32.4,32.4,31.0,31.2,-1.25,280
2024-04-17,8289,92986,2928015,31.35,31.8,31.35,31.4,0.2,142
2024-04-18,8289,105975,3338176,31.35,31.7,31.25,31.5,0.1,93
2024-04-19,8289,263582,8043976,31.5,31.5,30.0,30.3,-1.2,195
2024-04-22,8289,107431,3242433,30.45,30.55,30.05,30.05,-0.25,202
2024-04-23,8289,71203,2152230,30.25,30.55,30.1,30.35,0.3,82
2024-04-24,8289,64015,1979014,30.8,31.2,30.7,31.2,0.85,51
2024-04-25,8289,54139,1683034,31.1,31.45,31.0,31.0,-0.2,51
2024-04-26,8289,44629,1389459,31.05,31.2,31.0,31.2,0.2,50
2024-04-29,8289,64283,2004074,31.15,31.35,30.95,31.15,-0.05,85
2024-04-30,8289,70008,2179448,31.15,31.25,31.0,31.15,0.0,64
2024-05-02,8289,49207,1521647,30.9,31.25,30.8,31.25,0.1,60
2024-05-03,8289,91122,2855869,31.3,31.55,31.2,31.4,0.15,76
2024-05-06,8289,118599,3769668,31.45,32.25,31.4,31.4,0.0,81
2024-05-07,8289,75026,2336729,31.4,31.8,31.0,31.0,-0.4,63
2024-05-08,8289,41030,1271798,31.0,31.1,30.8,31.1,0.1,47
2024-05-09,8289,99602,3139456,31.1,31.8,31.1,31.55,0.45,96
2024-05-10,8289,84230,2669740,31.9,32.0,31.6,31.6,0.05,88
2024-05-13,8289,108700,3437394,31.6,31.8,31.5,31.5,-0.1,160
2024-05-14,8289,220585,7213832,31.75,33.2,31.75,32.9,1.4,186
2024-05-15,8289,133401,4355449,32.75,33.05,32.5,32.55,-0.35,147
2024-05-16,8289,90599,2933387,32.6,32.7,32.2,32.35,-0.2,120
2024-05-17,8289,110697,3584248,32.35,32.65,31.9,32.5,0.15,117
2024-05-20,8289,61550,2011067,32.75,32.8,32.5,32.6,0.1,71
2024-05-21,8289,129457,4295347,32.8,33.55,32.6,33.55,0.95,177
2024-05-22,8289,198702,6630852,33.8,34.4,32.9,32.9,-0.65,177
2024-05-23,8289,115083,3756050,32.9,32.9,32.5,32.5,-0.4,78
2024-05-24,8289,44567,1454418,32.25,32.95,32.25,32.75,0.25,48
2024-05-27,8289,76259,2498447,32.55,33.0,32.5,32.7,-0.05,130
2024-05-28,8289,91298,3007354,32.8,33.3,32.75,33.0,0.3,72
2024-05-29,8289,50453,1662984,33.2,33.2,32.85,33.0,0.0,66
2024-05-30,8289,51301,1679639,32.9,32.95,32.65,32.65,-0.35,45
2024-05-31,8289,99086,3233381,32.65,33.3,32.5,32.5,-0.15,104
2024-06-03,8289,87358,2829781,32.5,32.55,32.25,32.25,-0.25,60
2024-06-04,8289,77377,2483797,32.5,32.5,32.0,32.0,-0.25,114
2024-06-05,8289,98295,3119550,32.0,32.2,31.55,31.55,-0.45,88
2024-06-06,8289,75747,2368446,31.6,31.6,31.15,31.15,-0.4,112
2024-06-07,8289,48225,1513073,31.15,31.8,31.15,31.75,0.6,59
2024-06-11,8289,99438,3106299,31.7,31.7,31.05,31.1,-0.65,95
2024-06-12,8289,100865,3112423,30.9,30.95,30.7,30.8,-0.3,85
2024-06-13,8289,94884,2931743,30.85,31.05,30.7,30.95,0.15,86
2024-06-14,8289,109293,3393674,30.95,31.45,30.85,31.3,0.35,95
2024-06-17,8289,68241,2162053,31.3,31.95,31.3,31.7,0.4,59
2024-06-18,8289,46789,1474199,31.7,31.7,31.45,31.5,-0.2,67
2024-06-19,8289,212435,6569775,31.5,31.5,30.7,30.8,-0.7,246
2024-06-20,8289,47973,1487804,30.75,31.3,30.75,31.0,0.2,57
2024-06-21,8289,45687,1416912,31.0,31.15,30.8,31.1,0.1,98
2024-06-24,8289,36006,1113734,30.95,31.05,30.85,30.95,-0.15,36
2024-06-25,8289,57090,1763606,31.25,31.25,30.75,30.9,-0.05,51
2024-06-26,8289,70156,2186031,31.0,31.65,30.85,30.9,0.0,56
2024-06-27,8289,60102,1872381,31.0,31.3,30.9,31.05,0.15,41
2024-06-28,8289,50061,1566070,31.1,31.4,31.1,31.3,0.25,47
2024-07-01,8289,58272,1806645,31.3,31.3,30.85,31.1,-0.2,55
2024-07-02,8289,55036,1703067,31.1,31.15,30.8,30.9,-0.2,55
2024-07-03,8289,107055,3337712,30.9,31.35,30.9,31.15,0.25,75
2024-07-04,8289,89003,2795649,31.35,31.7,31.25,31.55,0.4,87
2024-07-05,8289,190685,6065865,31.4,32.2,31.3,31.85,0.3,132
2024-07-08,8289,139864,4459887,32.4,32.6,31.5,31.85,0.0,134
2024-07-09,8289,168672,5324783,32.0,32.0,31.1,31.4,-0.45,175
2024-07-10,8289,86742,2700123,31.1,31.25,31.0,31.05,-0.35,111
2024-07-11,8289,111187,3493924,31.1,31.55,31.1,31.5,0.45,77
2024-07-12,8289,127207,4015373,31.1,31.95,31.1,31.45,-0.05,88
2024-07-15,8289,120665,3757282,31.45,31.5,30.9,30.9,-0.55,146
2024-07-16,8289,51285,1590921,31.05,31.1,30.95,31.05,0.15,38
2024-07-17,8289,81071,2519114,31.15,31.35,30.95,31.15,0.1,67
2024-07-18,8289,22064,684813,31.45,31.45,30.95,31.0,-0.15,22
2024-07-19,8289,134541,4151388,31.2,31.3,30.6,30.75,-0.25,101
2024-07-22,8289,139255,4157076,30.75,30.75,29.6,29.7,-1.05,107
2024-07-23,8289,36124,1083649,30.0,30.05,29.9,30.0,0.3,48
2024-07-26,8289,106019,3115086,29.75,29.75,29.05,29.4,-0.6,122
2024-07-29,8289,84353,2445504,29.5,29.5,28.75,28.75,-0.65,84
2024-07-30,8289,100328,2849657,28.8,28.8,28.2,28.75,0.0,77
2024-07-31,8289,70331,2006708,28.55,29.0,28.3,29.0,0.25,65
2024-08-01,8289,50573,1471475,29.1,29.3,28.8,29.3,0.3,72
2024-08-02,8289,106317,3035013,28.7,28.8,28.3,28.55,-0.75,89
2024-08-05,8289,308061,7959789,28.5,28.5,25.7,25.7,-2.85,253
2024-08-06,8289,252558,6100793,25.7,25.7,23.15,24.3,-1.4,205
2024-08-07,8289,77359,1958544,24.25,26.3,24.25,25.95,1.65,94
2024-08-08,8289,29611,764924,25.5,26.0,25.5,25.7,-0.25,94
2024-08-09,8289,112239,2975758,26.4,27.0,26.1,26.1,0.4,74
2024-08-12,8289,49105,1314447,26.9,26.9,26.5,26.7,0.6,55
2024-08-13,8289,26343,707912,27.15,27.15,26.7,26.9,0.2,33
2024-08-14,8289,54350,1485195,26.95,27.5,26.95,27.4,0.5,64
2024-08-15,8289,53059,1465052,27.7,28.0,27.4,27.4,0.0,47
2024-08-16,8289,60154,1677053,27.45,28.1,27.45,28.1,0.7,94
2024-08-19,8289,128229,3730357,28.2,29.7,28.2,29.2,1.1,92
2024-08-20,8289,63530,1867866,29.4,29.7,29.2,29.25,0.05,60
2024-08-21,8289,31075,906092,29.25,29.45,28.95,29.25,0.0,36
2024-08-22,8289,686905,20929145,29.2,31.05,29.2,30.45,1.2,515
2024-08-23,8289,188474,5650109,30.5,30.7,29.55,29.75,-0.7,200
2024-08-26,8289,193108,5727924,30.25,30.45,29.3,29.3,-0.45,165
2024-08-27,8289,58650,1658273,28.6,28.6,28.05,28.3,0.0,63
2024-08-28,8289,43477,1225854,28.15,28.35,28.15,28.2,-0.1,53
2024-08-29,8289,41241,1161963,28.4,28.4,28.1,28.15,-0.05,44
2024-08-30,8289,146399,4114438,28.2,28.4,27.75,27.75,-0.4,92
2024-09-02,8289,51007,1425056,27.9,28.1,27.9,27.95,0.2,30
2024-09-03,8289,79122,2213322,28.1,28.1,27.8,27.95,0.0,43
2024-09-04,8289,103505,2803221,27.8,27.8,26.85,27.3,-0.65,76
2024-09-05,8289,58206,1617252,27.35,28.1,27.35,27.55,0.25,40
2024-09-06,8289,24301,661484,27.5,27.5,27.1,27.2,-0.35,31
2024-09-09,8289,39003,1045681,26.7,27.15,26.7,27.0,-0.2,24
2024-09-10,8289,54144,1449109,27.3,27.3,26.55,26.75,-0.25,37
2024-09-11,8289,32011,845388,26.75,26.75,26.1,26.15,-0.6,33
2024-09-12,8289,20223,533871,26.35,26.95,26.2,26.2,0.05,25
2024-09-13,8289,37479,987486,26.3,26.45,26.2,26.4,0.2,38
2024-09-16,8289,35005,923334,26.4,26.75,26.15,26.5,0.1,34
2024-09-18,8289,134744,3668706,26.5,27.95,26.5,26.8,0.3,107
2024-09-19,8289,89651,2438645,26.9,27.45,26.9,27.2,0.4,49
2024-09-20,8289,89711,2408736,27.25,27.3,26.7,26.8,-0.4,126
2024-09-23,8289,43283,1164307,27.0,27.05,26.8,26.8,0.0,41
2024-09-24,8289,78072,2075306,26.7,26.7,26.5,26.65,-0.15,42
2024-09-25,8289,60204,1624625,26.95,27.15,26.85,26.85,0.2,49
2024-09-26,8289,50055,1354289,27.3,27.3,26.95,26.95,0.1,43
2024-09-27,8289,79104,2157239,27.35,27.4,27.15,27.15,0.2,64
2024-09-30,8289,53991,1465842,27.25,27.35,27.05,27.05,-0.1,60
2024-10-01,8289,29694,798645,27.0,27.0,26.7,26.9,-0.15,69
2024-10-04,8289,40166,1081296,27.35,27.4,26.6,26.95,0.05,63
2024-10-07,8289,35355,956415,27.5,27.5,26.75,26.75,-0.2,67
2024-10-08,8289,45162,1199203,26.75,26.8,26.45,26.45,-0.3,51
2024-10-09,8289,66533,1768417,26.65,26.95,26.35,26.35,-0.1,53
2024-10-11,8289,38442,1027589,27.2,27.2,26.6,26.6,0.25,44
2024-10-14,8289,35117,931696,26.6,26.65,26.35,26.5,-0.1,48
2024-10-15,8289,83014,2223370,26.6,27.2,26.6,27.2,0.7,57
2024-10-16,8289,38759,1043078,27.15,27.15,26.75,26.75,-0.45,64
2024-10-17,8289,104520,2806001,27.1,27.1,26.7,26.8,0.05,107
2024-10-18,8289,41069,1096547,27.15,27.15,26.55,26.65,-0.15,38
2024-10-21,8289,81746,2179354,26.65,26.85,26.5,26.75,0.1,73
2024-10-22,8289,94214,2490193,26.95,26.95,26.2,26.55,-0.2,76
2024-10-23,8289,144400,3869302,26.75,27.05,26.6,26.65,0.1,99
2024-10-24,8289,109448,2935240,26.55,27.1,26.45,26.95,0.3,86
2024-10-25,8289,103235,2788741,26.7,27.4,26.7,26.95,0.0,96
2024-10-28,8289,55050,1476301,26.75,27.0,26.7,26.95,0.0,42
2024-10-29,8289,73018,1954880,26.75,27.1,26.6,26.9,-0.05,58
2024-10-30,8289,79054,2116056,26.8,27.1,26.5,26.95,0.05,65
2024-11-01,8289,52266,1401153,26.9,26.95,26.6,26.85,-0.1,63
2024-11-04,8289,53128,1436611,27.4,27.4,26.95,26.95,0.1,51
2024-11-05,8289,30196,814145,26.95,27.0,26.8,26.9,-0.05,25
2024-11-06,8289,56097,1509721,26.8,27.1,26.7,26.9,0.0,48
2024-11-07,8289,29110,786642,27.0,27.1,26.9,27.05,0.15,31
2024-11-08,8289,101916,2722780,27.0,27.0,26.65,26.7,-0.35,75
2024-11-11,8289,112010,2958114,26.95,26.95,26.15,26.4,-0.3,69
2024-11-12,8289,196093,5020802,26.25,26.25,25.3,25.5,-0.9,128
2024-11-13,8289,90190,2274984,25.5,25.5,25.05,25.15,-0.35,65
2024-11-14,8289,171637,4226115,25.2,25.2,24.3,24.4,-0.75,142
2024-11-15,8289,161689,3897812,25.0,25.0,23.85,23.9,-0.5,127
2024-11-18,8289,105047,2453929,23.9,23.9,23.05,23.4,-0.5,82
2024-11-19,8289,94338,2274060,23.5,24.5,23.5,24.25,0.85,88
2024-11-20,8289,75120,1811163,24.4,24.65,23.9,24.25,0.0,68
2024-11-21,8289,51590,1237369,24.05,24.15,23.9,24.15,-0.1,50
2024-11-22,8289,23309,562353,24.2,24.35,24.0,24.05,-0.1,56
2024-11-25,8289,28004,673342,24.05,24.05,24.0,24.05,0.0,27
2024-11-26,8289,23004,556898,24.1,24.25,24.1,24.15,0.1,23
2024-11-27,8289,47524,1144917,24.05,24.45,23.9,24.25,0.1,66
2024-11-28,8289,26082,627588,24.25,24.5,23.8,23.9,-0.35,31
2024-11-29,8289,24273,576746,23.75,24.2,23.55,23.8,-0.1,38
2024-12-02,8289,321522,8254937,23.95,26.15,23.95,26.15,2.35,196
2024-12-03,8289,810027,21455149,26.5,27.4,25.9,26.5,0.35,529
2024-12-04,8289,228442,5999838,26.8,26.8,25.9,26.25,-0.25,184
2024-12-05,8289,96923,2540994,26.65,26.65,26.05,26.1,-0.15,82
2024-12-06,8289,84397,2223613,26.35,26.6,26.15,26.55,0.45,95
2024-12-09,8289,375102,10104217,27.0,27.9,26.25,26.35,-0.2,282
2024-12-10,8289,68164,1782242,26.75,26.75,25.8,25.8,-0.55,78
2024-12-11,8289,54257,1409932,25.85,26.1,25.85,25.9,0.1,44
2024-12-12,8289,55120,1437070,26.15,26.2,25.9,26.05,0.15,48
2024-12-13,8289,42588,1095389,26.05,26.05,25.6,25.65,-0.4,52
2024-12-16,8289,46158,1172167,26.05,26.05,25.25,25.25,-0.4,59
2024-12-17,8289,34059,851635,25.25,25.25,24.9,24.9,-0.35,44
2024-12-18,8289,30001,744576,24.85,24.85,24.75,24.85,-0.05,25
2024-12-19,8289,23048,566974,24.75,24.75,24.55,24.55,-0.3,31
2024-12-20,8289,16016,394707,24.55,25.05,24.55,24.7,0.15,27
2024-12-23,8289,29082,720755,25.2,25.3,24.55,24.8,0.1,40
2024-12-24,8289,65035,1590783,24.9,25.0,23.9,24.55,-0.25,65
2024-12-25,8289,14157,349262,24.6,24.8,24.6,24.8,0.25,19
2024-12-26,8289,24009,600688,24.75,25.25,24.75,24.85,0.05,30
2024-12-27,8289,9260,229552,24.7,24.95,24.7,24.95,0.1,25
2024-12-30,8289,51933,1276020,24.95,24.95,24.5,24.5,-0.45,48
2024-12-31,8289,40091,971692,24.45,24.45,24.0,24.05,-0.45,50
2025-01-02,8289,50712,1215245,24.05,24.15,23.8,23.9,-0.15,47
2025-01-03,8289,21068,501859,23.95,23.95,23.75,23.75,-0.15,36
2025-01-06,8289,175749,4377370,23.75,25.55,23.75,25.1,1.35,139
2025-01-07,8289,43755,1097438,25.9,25.9,24.55,24.65,-0.45,57
2025-01-08,8289,14020,345112,24.7,24.7,24.55,24.6,-0.05,23
2025-01-09,8289,62016,1535001,25.5,25.55,24.3,24.3,-0.3,64
2025-01-10,8289,23242,561667,24.3,24.3,24.05,24.05,-0.25,38
2025-01-13,8289,108730,2509238,23.95,23.95,22.6,23.0,-1.05,99
2025-01-14,8289,60282,1398240,23.0,23.5,23.0,23.4,0.4,65
2025-01-15,8289,21175,497279,23.9,23.9,23.35,23.35,-0.05,65
2025-01-16,8289,36172,849386,23.35,23.6,23.35,23.4,0.05,93
2025-01-17,8289,9066,211397,23.3,23.4,23.3,23.3,-0.1,74
2025-01-20,8289,19034,445095,23.3,23.5,23.3,23.4,0.1,119
2025-01-21,8289,30348,706786,23.3,23.4,22.8,23.4,0.0,84
2025-01-22,8289,144013,3352250,23.5,24.0,23.1,23.5,0.1,176
2025-02-03,8289,24172,572645,24.15,24.15,23.45,23.5,0.0,138
2025-02-04,8289,28041,660415,23.55,23.7,23.45,23.55,0.05,63
2025-02-05,8289,38650,913237,23.65,23.7,23.55,23.55,0.0,75
2025-02-06,8289,64787,1557324,23.6,24.2,23.6,24.2,0.65,87
2025-02-07,8289,13473,325522,24.25,24.25,24.1,24.2,0.0,65
2025-02-10,8289,54272,1305616,24.0,24.2,24.0,24.1,-0.1,79
2025-02-11,8289,26816,651206,24.1,24.5,24.1,24.3,0.2,75
2025-02-12,8289,45577,1105203,24.2,24.4,24.15,24.4,0.1,81
2025-02-13,8289,31487,769649,24.4,24.6,24.2,24.4,0.0,116
2025-02-14,8289,30029,729357,24.3,24.35,24.2,24.3,-0.1,93
2025-02-17,8289,83591,2034658,24.3,24.55,24.25,24.35,0.05,162
2025-02-18,8289,597775,15902125,24.9,26.75,24.9,26.75,2.4,361
2025-02-19,8289,698325,18404487,26.85,26.95,25.9,25.9,-0.85,588
2025-02-20,8289,96236,2496153,25.9,26.15,25.85,25.85,-0.05,167
2025-02-21,8289,196628,5193028,25.95,26.6,25.95,26.3,0.45,280
2025-02-24,8289,68826,1811191,26.25,26.65,25.95,26.45,0.15,236
2025-02-25,8289,60459,1590663,26.4,26.45,26.25,26.3,-0.15,128
2025-02-26,8289,57627,1515970,26.3,26.5,26.15,26.3,0.0,139
2025-02-27,8289,101738,2706012,26.5,27.25,26.3,26.35,0.05,161
2025-03-03,8289,78107,2037576,26.05,26.2,26.0,26.05,-0.3,138
2025-03-04,8289,45288,1168227,25.95,26.2,25.6,26.2,0.15,109
2025-03-05,8289,57219,1497554,26.2,26.45,26.1,26.1,-0.1,123
2025-03-06,8289,51166,1337788,26.55,26.55,26.1,26.1,0.0,85
2025-03-07,8289,28700,745291,26.0,26.1,25.85,25.9,-0.2,88
2025-03-10,8289,39178,1006643,26.0,26.0,25.65,25.65,-0.25,134
2025-03-11,8289,86237,2179543,25.55,25.55,25.15,25.2,-0.45,114
2025-03-12,8289,21095,536457,25.4,25.6,25.3,25.3,0.1,66
2025-03-13,8289,37390,949216,25.65,25.65,25.2,25.2,-0.1,100
2025-03-14,8289,52216,1303907,25.2,25.2,24.85,24.85,-0.35,76
2025-03-17,8289,25697,639886,24.95,24.95,24.8,24.8,-0.05,101
2025-03-18,8289,74237,1839237,24.7,24.9,24.7,24.85,0.05,100
2025-03-19,8289,55106,1365038,24.85,24.9,24.7,24.7,-0.15,93
2025-03-20,8289,61444,1528081,24.8,25.0,24.8,24.8,0.1,279
2025-03-21,8289,25470,634303,25.0,25.05,24.8,24.8,0.0,275
2025-03-24,8289,5852,144952,24.9,24.9,24.7,24.75,-0.05,150
2025-03-25,8289,12099,300231,24.9,24.9,24.7,24.7,-0.05,107
2025-03-26,8289,16905,418643,24.8,24.8,24.6,24.6,-0.1,110
2025-03-27,8289,56165,1370106,24.6,24.6,24.35,24.45,-0.15,140
2025-03-28,8289,48126,1152083,24.15,24.15,23.75,24.0,-0.45,101
2025-03-31,8289,153627,3582307,24.85,24.85,22.4,22.55,-1.45,302
2025-04-01,8289,33717,768265,22.7,23.0,22.65,22.85,0.3,211
2025-04-02,8289,69365,1554341,22.85,22.85,22.05,22.65,-0.2,260
2025-04-07,8289,84757,1729033,20.4,20.4,20.4,20.4,-2.25,254
2025-04-08,8289,357288,6588655,18.4,19.5,18.4,18.4,-2.0,346
2025-04-09,8289,382919,6446680,17.15,18.4,16.6,16.6,-1.8,865
2025-04-10,8289,203338,3699631,17.75,18.25,17.75,18.25,1.65,350
2025-04-11,8289,79237,1430498,18.2,18.3,17.6,18.05,-0.2,94
2025-04-14,8289,112792,2082582,18.25,18.75,18.25,18.6,0.55,207
2025-04-15,8289,125031,2373960,18.75,19.3,18.7,19.25,0.65,65
2025-04-16,8289,112310,2124470,19.1,19.1,18.85,18.85,-0.4,89
2025-04-17,8289,35038,663411,18.75,19.3,18.75,19.3,0.45,52
2025-04-18,8289,53355,1016677,19.3,19.3,19.0,19.0,-0.3,59
2025-04-21,8289,39861,749678,19.05,19.05,18.7,18.7,-0.3,109
2025-04-22,8289,58027,1090866,18.5,19.0,18.5,18.7,0.0,52
2025-04-23,8289,36960,703290,19.1,19.2,18.9,19.0,0.3,67
2025-04-24,8289,127891,2495213,19.0,20.25,19.0,20.05,1.05,91
2025-04-25,8289,50432,1014596,20.4,20.45,19.95,20.1,0.05,52
2025-04-28,8289,37575,756032,19.7,20.3,19.7,20.3,0.2,40
2025-04-29,8289,75182,1541396,20.5,20.6,20.3,20.55,0.25,45
2025-04-30,8289,48321,989335,20.5,20.55,20.3,20.35,-0.2,43
2025-05-02,8289,61109,1235675,20.25,20.25,20.2,20.25,-0.1,48
2025-05-05,8289,75182,1507172,20.3,20.4,19.95,20.0,-0.25,58
2025-05-06,8289,29267,586709,20.0,20.2,20.0,20.05,0.05,30
2025-05-07,8289,80070,1591350,19.9,20.0,19.8,19.9,-0.15,52
2025-05-08,8289,26050,520903,20.0,20.05,19.9,19.95,0.05,27
2025-05-09,8289,457294,9881193,20.15,21.9,20.15,21.9,1.95,679
2025-05-12,8289,148210,3228542,21.75,22.0,21.6,21.9,0.0,164
2025-05-13,8289,132098,2875678,21.95,22.0,21.5,21.6,-0.3,94
2025-05-14,8289,136092,2951268,21.95,21.95,21.5,21.55,-0.05,101
2025-05-15,8289,22078,474179,21.5,21.55,21.4,21.4,-0.15,24
2025-05-16,8289,54462,1166708,21.45,21.45,21.35,21.4,0.0,45
2025-05-19,8289,5347,113170,21.15,21.2,21.15,21.2,-0.2,30
2025-05-20,8289,16217,343184,21.15,21.25,21.1,21.2,0.0,23
2025-05-21,8289,21014,445095,21.2,21.25,21.15,21.2,0.0,30
2025-05-22,8289,22579,477065,21.2,21.2,21.05,21.15,-0.05,31
2025-05-23,8289,49196,1035948,21.15,21.15,21.0,21.05,-0.1,34
2025-05-26,8289,27090,566386,20.9,21.0,20.85,20.9,-0.15,30
2025-05-27,8289,29054,606117,21.1,21.1,20.8,20.8,-0.1,26
2025-05-28,8289,23188,481344,20.8,20.8,20.65,20.8,0.0,26
2025-05-29,8289,18020,373258,20.7,20.8,20.7,20.75,-0.05,21
2025-06-02,8289,26057,536426,20.6,20.7,20.55,20.6,-0.15,38
2025-06-03,8289,22161,455596,20.55,20.6,20.5,20.5,-0.1,28
2025-06-04,8289,38004,779884,20.5,20.55,20.5,20.55,0.05,32
2025-06-05,8289,12055,248596,20.55,20.65,20.55,20.65,0.1,22
2025-06-06,8289,21664,444588,20.6,20.6,20.5,20.55,-0.1,30
2025-06-09,8289,8123,166243,20.5,20.5,20.45,20.5,-0.05,24
2025-06-10,8289,306243,6619851,20.55,22.55,20.55,21.7,1.2,209
2025-06-11,8289,286582,6145968,22.05,22.15,21.05,21.1,-0.6,158
2025-06-12,8289,30692,647774,20.95,21.2,20.9,21.15,0.05,35
2025-06-13,8289,22013,459065,20.9,20.95,20.7,20.8,-0.35,28
2025-06-16,8289,27009,554185,20.6,20.6,20.45,20.5,-0.3,31
2025-06-17,8289,32080,662143,20.4,21.1,20.4,20.7,0.2,35
2025-06-18,8289,33063,687064,20.7,20.8,20.6,20.8,0.1,15
2025-06-19,8289,73448,1516666,20.8,20.8,20.6,20.6,-0.2,50
2025-06-20,8289,70108,1432005,20.6,20.6,20.15,20.25,-0.35,39
2025-06-23,8289,9027,181598,20.15,20.15,20.1,20.15,-0.1,15
2025-06-24,8289,56604,1163700,20.8,20.8,20.45,20.45,0.3,28
2025-06-25,8289,27089,556228,20.55,20.6,20.5,20.5,0.05,27
2025-06-26,8289,55130,1143668,20.65,21.1,20.6,20.65,0.15,31
2025-06-27,8289,34022,704100,21.0,21.0,20.6,20.65,0.0,37
2025-06-30,8289,17129,351553,20.65,20.65,20.45,20.45,-0.2,28
2025-07-01,8289,49022,1010896,20.6,20.65,20.6,20.6,0.15,35
2025-07-02,8289,9015,184800,20.5,20.5,20.5,20.5,-0.1,23
2025-07-03,8289,21368,437793,20.45,20.55,20.4,20.45,-0.05,31
2025-07-04,8289,34143,690320,20.45,20.45,20.15,20.15,-0.3,32
2025-07-07,8289,55475,1111753,20.15,20.4,19.85,19.95,-0.2,46
2025-07-08,8289,22075,434700,19.75,19.85,19.65,19.65,-0.3,17
2025-07-09,8289,49374,966642,19.85,19.85,19.45,19.45,-0.2,32
2025-07-10,8289,20779,404578,19.5,19.6,19.4,19.45,0.0,35
2025-07-11,8289,143059,2783349,19.45,19.95,19.1,19.5,0.05,69
2025-07-14,8289,25220,488201,19.4,19.55,19.2,19.55,0.05,40
2025-07-15,8289,21128,417596,20.0,20.0,19.5,19.95,0.4,30
2025-07-16,8289,34002,669839,19.65,19.9,19.6,19.75,-0.2,20
2025-07-17,8289,9570,188842,19.7,19.85,19.65,19.85,0.1,40
2025-07-18,8289,1177,23206,19.7,19.7,19.7,19.7,-0.15,12
2025-07-21,8289,9207,180260,19.5,19.6,19.5,19.6,-0.1,22
2025-07-22,8289,15033,291838,19.45,19.6,19.35,19.35,-0.25,20
2025-07-23,8289,13566,263568,19.35,19.5,19.35,19.5,0.15,22
2025-07-24,8289,10370,202292,19.5,19.55,19.5,19.5,0.0,18
2025-07-25,8289,19627,383079,19.5,19.6,19.5,19.5,0.0,30
2025-07-28,8289,34056,664090,19.5,19.55,19.4,19.5,0.0,31
2025-07-29,8289,44068,857834,19.5,19.8,19.4,19.8,0.3,47
2025-07-30,8289,16058,313747,19.5,19.8,19.5,19.8,0.0,17
2025-07-31,8289,18058,357699,19.65,20.15,19.65,19.85,0.05,23
2025-08-01,8289,12061,238178,19.5,19.85,19.5,19.85,0.0,22
2025-08-04,8289,21627,427992,19.85,20.0,19.6,19.85,0.0,41
2025-08-05,8289,58434,1168604,19.85,20.2,19.85,20.15,0.3,59
2025-08-06,8289,52556,1066288,20.2,20.5,20.1,20.25,0.1,59
2025-08-07,8289,78036,1566084,20.1,20.45,20.0,20.45,0.2,32
2025-08-08,8289,56068,1130534,20.3,20.45,19.8,20.4,-0.05,47
2025-08-11,8289,28358,568941,20.1,20.2,20.0,20.05,-0.35,37
2025-08-12,8289,30766,616592,20.2,20.2,20.0,20.1,0.05,35
2025-08-13,8289,62513,1251723,20.1,20.1,20.0,20.0,-0.1,46
2025-08-14,8289,49510,991175,20.0,20.15,19.9,20.05,0.05,46
2025-08-15,8289,21371,424858,19.8,20.05,19.65,20.05,0.0,47
2025-08-18,8289,132560,2655111,20.4,20.4,19.9,20.2,0.15,73
2025-08-19,8289,24574,494476,19.95,20.4,19.9,20.35,0.15,26
2025-08-20,8289,16571,329706,20.0,20.0,19.8,19.9,-0.45,26
2025-08-21,8289,24513,497400,20.2,20.5,20.0,20.15,0.25,31
2025-08-22,8289,29455,591315,20.85,20.85,19.9,19.95,-0.2,47
2025-08-25,8289,178645,3576389,20.05,20.3,20.0,20.0,0.05,73
2025-08-26,8289,46534,922737,19.7,20.0,19.65,19.95,0.0,57
2025-08-27,8289,73000,1450200,20.2,20.2,19.75,19.9,-0.05,25
2025-08-28,8289,111186,2206113,19.85,19.9,19.8,19.9,0.0,59
2025-08-29,8289,25060,500550,20.0,20.0,19.85,19.85,-0.05,21
2025-09-01,8289,80091,1611525,20.0,20.6,19.7,20.05,0.2,75
2025-09-02,8289,37308,746717,20.05,20.1,19.85,20.0,-0.05,40
2025-09-03,8289,32055,638605,20.4,20.4,19.85,19.85,-0.15,38
2025-09-04,8289,19024,380034,19.85,20.15,19.85,19.85,0.0,22
2025-09-05,8289,38001,768969,20.75,20.75,19.85,19.95,0.1,32
2025-09-08,8289,107107,2141523,20.3,20.3,19.95,19.95,0.0,58
2025-09-09,8289,56102,1117490,19.95,20.0,19.9,20.0,0.05,25
2025-09-10,8289,25361,505100,20.0,20.0,19.85,20.0,0.0,31
2025-09-11,8289,68129,1352818,20.0,20.0,19.75,19.75,-0.25,49
2025-09-12,8289,109088,2150124,19.95,19.95,19.65,19.8,0.05,66
2025-09-15,8289,51206,1010494,19.8,19.95,19.6,19.7,-0.1,61
2025-09-16,8289,45011,886120,19.7,19.75,19.6,19.65,-0.05,40
2025-09-17,8289,49316,968646,19.65,19.7,19.6,19.6,-0.05,35
2025-09-18,8289,69297,1386675,20.45,20.45,19.9,19.95,0.35,49
2025-09-19,8289,934285,19969005,20.2,21.9,19.85,20.6,0.65,653
2025-09-22,8289,742196,15743922,20.75,21.85,20.75,21.05,0.45,527
2025-09-23,8289,2454555,54851155,21.3,23.15,21.05,22.4,1.35,1460
2025-09-24,8289,592247,12956903,22.3,22.3,21.3,22.2,-0.2,451
2025-09-25,8289,315064,6951651,22.2,22.5,21.8,22.4,0.2,239
2025-09-26,8289,215716,4773091,22.5,22.6,21.85,21.9,-0.5,192
2025-09-30,8289,138627,3015358,21.9,22.0,21.4,21.95,0.05,137
2025-10-01,8289,191878,4285005,22.6,22.6,21.95,22.0,0.05,234
2025-10-02,8289,100771,2205263,22.05,22.4,21.55,21.85,-0.15,85
2025-10-03,8289,224672,4980012,22.15,22.55,21.95,22.0,0.15,156
2025-10-07,8289,112616,2462273,22.0,22.0,21.75,21.8,-0.2,98
2025-10-08,8289,164860,3510133,21.35,21.4,21.1,21.3,-0.5,121
2025-10-09,8289,73854,1585234,21.55,21.55,21.1,21.55,0.25,64
2025-10-13,8289,113502,2372083,21.45,21.45,20.4,20.8,-0.75,95
2025-10-14,8289,42322,883646,21.2,21.2,20.75,20.75,-0.05,55
2025-10-15,8289,36024,749696,20.7,21.0,20.7,20.8,0.05,33
2025-10-16,8289,42069,886433,21.1,21.15,21.0,21.0,0.2,32
2025-10-17,8289,45605,968155,21.25,21.4,21.1,21.15,0.15,44
2025-10-20,8289,246073,5392172,21.4,22.2,21.4,22.0,0.85,179
2025-10-21,8289,464009,10418307,22.3,22.95,21.85,21.85,-0.15,283
2025-10-22,8289,58010,1256267,21.6,21.9,21.55,21.55,-0.3,59
2025-10-23,8289,106556,2336541,21.7,22.2,21.55,21.75,0.2,90
2025-10-27,8289,66097,1438805,22.05,22.1,21.5,21.5,-0.25,56
2025-10-28,8289,112026,2349676,21.4,21.45,20.7,20.9,-0.6,80
2025-10-29,8289,94198,1972160,20.9,21.15,20.8,21.0,0.1,63
2025-10-30,8289,84083,1785920,21.1,21.45,20.9,21.25,0.25,69
2025-10-31,8289,119505,2593205,21.45,21.8,21.45,21.7,0.45,85
2025-11-03,8289,47401,1035257,21.9,22.0,21.7,21.75,0.05,49
2025-11-04,8289,84270,1818386,21.8,21.8,21.1,21.1,-0.65,54
2025-11-05,8289,53103,1112868,20.9,21.5,20.8,20.9,-0.2,58
2025-11-06,8289,26096,550379,20.8,21.2,20.8,21.2,0.3,43
2025-11-07,8289,57018,1199578,21.2,21.2,20.9,20.9,-0.3,39
2025-11-10,8289,99485,2031421,20.85,20.85,20.25,20.25,-0.65,162
2025-11-11,8289,67008,1365418,20.3,20.5,20.05,20.3,0.05,51
2025-11-12,8289,94316,1947083,20.45,20.75,20.45,20.75,0.45,63
2025-11-13,8289,99661,2084569,20.75,21.55,20.65,21.0,0.25,109
2025-11-14,8289,44790,929537,20.6,20.9,20.6,20.7,-0.3,58
2025-11-17,8289,9042,186002,20.7,20.7,20.45,20.45,-0.25,30
2025-11-18,8289,114151,2333420,20.5,20.6,20.25,20.4,-0.05,82
2025-11-19,8289,138173,2783702,20.25,20.3,19.9,20.0,-0.4,76
2025-11-20,8289,91965,1856365,20.45,20.85,20.0,20.0,0.0,87
2025-11-21,8289,121103,2382925,20.0,20.0,19.5,19.55,-0.45,70
2025-11-24,8289,20018,397760,19.95,20.1,19.7,19.85,0.3,29
2025-11-25,8289,7042,140229,20.4,20.4,19.8,19.8,-0.05,15
2025-11-26,8289,135054,2707028,20.15,20.25,19.9,20.1,0.3,55
2025-11-27,8289,61326,1227394,20.1,20.1,20.0,20.0,-0.1,45
2025-11-28,8289,79358,1587155,20.0,20.1,19.95,20.0,0.0,40
2025-12-01,8289,11106,222399,20.3,20.3,19.65,19.8,-0.2,33
2025-12-02,8289,49046,968569,19.75,19.9,19.6,19.9,0.1,40
2025-12-03,8289,27021,541135,20.0,20.05,20.0,20.0,0.1,36
2025-12-04,8289,30804,617334,20.05,20.05,20.0,20.0,0.0,36
2025-12-05,8289,35349,706892,20.0,20.0,19.95,20.0,0.0,44
2025-12-08,8289,19148,382989,19.95,20.3,19.8,20.15,0.15,32
2025-12-09,8289,44121,889948,20.15,20.2,20.0,20.05,-0.1,32
2025-12-10,8289,80699,1623723,20.35,20.35,20.0,20.2,0.15,42
2025-12-11,8289,48585,988682,20.25,20.6,20.2,20.3,0.1,53
2025-12-12,8289,31006,627073,20.3,20.3,20.05,20.15,-0.15,27
2025-12-15,8289,30115,606112,20.1,20.2,20.05,20.15,0.0,41
2025-12-16,8289,324177,6689276,20.05,21.4,20.0,21.0,0.85,243
2025-12-17,8289,162250,3394784,21.4,21.4,20.7,20.7,-0.3,115
2025-12-18,8289,31347,652196,21.3,21.3,20.6,20.75,0.05,44
2025-12-19,8289,22193,453062,20.45,20.75,20.25,20.45,-0.3,43
2025-12-22,8289,75198,1560693,20.9,21.2,20.5,20.6,0.15,113
2025-12-23,8289,19379,398320,20.85,20.85,20.5,20.5,-0.1,40
2025-12-24,8289,63782,1296360,20.85,20.85,20.15,20.3,-0.2,88
2025-12-26,8289,47158,967803,20.35,20.65,20.35,20.65,0.35,47
2025-12-29,8289,70822,1470368,20.45,21.0,20.35,20.8,0.15,55
2025-12-30,8289,16335,340599,20.95,20.95,20.75,20.9,0.1,35
2025-12-31,8289,37171,764329,20.45,20.85,20.4,20.55,-0.35,61
2026-01-02,8289,95037,1948133,20.5,20.75,20.4,20.75,0.2,67
2026-01-05,8289,82620,1735306,21.0,21.5,20.65,20.75,0.0,81
2026-01-06,8289,42540,876289,20.7,20.7,20.5,20.55,-0.2,50
2026-01-07,8289,43189,889865,20.5,20.8,20.5,20.7,0.15,80
2026-01-08,8289,25195,521212,20.7,20.8,20.6,20.6,-0.1,49
2026-01-09,8289,53332,1091243,20.55,20.6,20.3,20.5,-0.1,98
2026-01-12,8289,122195,2541286,20.6,21.0,20.6,20.7,0.2,125
2026-01-13,8289,705169,15684990,20.8,22.75,20.65,22.75,2.05,566
2026-01-14,8289,1336179,33017975,24.15,25.0,24.15,25.0,2.25,663
2026-01-15,8289,3575568,95671889,27.5,27.5,25.6,26.25,1.25,2134
2026-01-16,8289,760495,19274069,25.75,25.85,25.05,25.1,-1.15,594
2026-01-19,8289,817095,21069176,25.5,26.9,25.15,25.6,0.5,660
2026-01-20,8289,518585,13019972,25.45,25.5,24.9,25.4,-0.2,414
2026-01-21,8289,282862,6987211,25.55,25.55,24.35,24.4,-1.0,244
2026-01-22,8289,238544,5810546,24.6,24.7,24.1,24.4,0.0,207
2026-01-23,8289,753001,19225551,24.35,26.5,24.05,25.95,1.55,555
2026-01-26,8289,282347,7164018,25.9,26.0,24.95,25.15,-0.8,247
2026-01-27,8289,175974,4373903,25.15,25.4,24.7,24.85,-0.3,166
2026-01-28,8289,165323,4049004,24.8,24.85,24.3,24.45,-0.4,153
2026-01-29,8289,374956,9270762,24.8,25.3,24.15,24.7,0.25,253
2026-01-30,8289,222208,5284680,24.4,24.4,23.3,23.6,-1.1,207
2026-02-02,8289,601250,13235682,23.55,23.55,21.25,22.55,-1.05,381
2026-02-03,8289,1031740,25430968,23.3,24.8,23.1,24.8,2.25,569
2026-02-04,8289,2960577,79377610,26.5,27.25,26.0,27.25,2.45,2380
2026-02-05,8289,5531603,157920620,28.5,29.55,27.7,29.0,1.75,3596
2026-02-06,8289,2355653,64197295,28.5,28.9,26.1,27.6,-1.4,1732
2026-02-09,8289,1279125,34503855,28.05,29.0,26.1,26.25,-1.35,1098
2026-02-10,8289,1234755,33659824,26.35,28.1,26.25,28.0,1.75,936
2026-02-11,8289,720615,19433460,27.35,27.35,26.55,27.2,-0.8,633
2026-02-23,8289,2743394,78059790,27.0,29.8,26.95,29.1,1.9,1876
2026-02-24,8289,3506661,106538979,28.9,31.5,28.5,31.05,1.95,2488
2026-02-25,8289,4849137,153938609,32.3,33.0,29.7,32.05,1.0,3297
2026-02-26,8289,4852394,169191088,33.6,35.25,33.6,35.25,3.2,2460
2026-03-02,8289,5566043,207042099,35.1,38.75,33.9,38.75,3.5,3588
2026-03-03,8289,13034040,533195841,41.3,42.6,38.65,40.5,1.75,8160
2026-03-04,8289,1725077,63597384,37.4,38.15,36.45,36.45,-4.05,1755
2026-03-05,8289,1151478,43192656,38.05,39.6,35.55,36.5,0.05,1057
2026-03-06,8289,572189,20658343,36.0,37.1,35.55,35.9,-0.6,628
2026-03-09,8289,719023,23326182,32.65,32.65,32.35,32.6,-3.3,734
2026-03-10,8289,606822,19933509,33.6,33.7,31.5,31.75,-0.85,551
2026-03-11,8289,469319,15577720,32.6,33.45,31.95,33.25,1.5,427
2026-03-12,8289,388032,13015202,33.0,34.0,32.9,33.6,0.35,413
2026-03-13,8289,411803,14102272,32.5,34.9,32.5,34.55,0.95,409
2026-03-16,8289,981682,36526983,35.75,38.0,35.2,38.0,3.45,1133
2026-03-17,8289,1341569,52841621,39.55,40.9,38.1,38.6,0.6,1390
2026-03-18,8289,2296531,86123462,39.05,39.6,35.6,37.9,-0.7,1928
2026-03-19,8289,1274996,47003134,36.65,38.3,36.0,36.45,-1.45,1175
2026-03-20,8289,1101860,39334543,36.6,37.2,34.8,34.8,-1.65,989
2026-03-23,8289,815514,27230641,33.0,34.0,33.0,33.4,-1.4,797
2026-03-24,8289,1614966,57975688,34.5,36.7,34.05,36.7,3.3,856
2026-03-25,8289,4775305,181697833,37.1,39.85,36.15,38.8,2.1,3584
2026-03-26,8289,2711638,105435740,38.9,41.4,36.35,36.35,-2.45,2756
2026-03-27,8289,4116732,161234585,36.05,39.95,35.5,39.95,3.6,2575
2026-03-30,8289,12154190,498807398,39.95,43.4,37.55,38.75,-1.2,7465
2026-03-31,8289,4305670,163650231,38.6,39.5,36.2,37.4,-1.35,2944
2026-04-01,8289,3080128,116678442,38.8,39.05,37.05,37.05,-0.35,2176
2026-04-02,8289,1640617,59446545,37.5,37.8,35.5,35.75,-1.3,1216
2026-04-07,8289,1013394,36284546,35.8,36.6,35.25,35.4,-0.35,651
2026-04-08,8289,1028498,37920422,36.0,37.55,35.8,36.85,1.45,808
2026-04-09,8289,1114139,40526821,37.5,37.5,35.5,36.35,-0.5,853
2026-04-10,8289,1835329,68295297,36.35,38.3,35.8,37.75,1.4,1140
2026-04-13,8289,6153544,247069833,37.9,41.5,37.45,41.5,3.75,5269
2026-04-14,8289,5970095,244848263,41.5,43.85,39.35,40.35,-1.15,4110
2026-04-15,8289,10693827,457796623,40.9,44.35,40.1,42.95,2.6,6827
2026-04-16,8289,3236002,150749903,44.8,47.2,44.8,47.2,4.25,1597
2026-04-17,8289,21638829,1088298495,51.9,51.9,46.15,49.65,2.45,13421
2026-04-20,8289,11382241,608943390,51.0,54.6,50.9,54.6,4.95,6545
2026-04-21,8289,13524980,792976830,58.6,60.0,55.9,56.6,2.0,8812
2026-04-22,8289,2632414,140022736,55.0,55.0,52.3,52.3,-4.3,2323
2026-04-23,8289,2328901,113289986,52.6,52.6,47.1,47.8,-4.5,1949
2026-04-24,8289,1528955,68911813,47.8,47.8,43.1,44.95,-2.85,1384
2026-04-27,8289,1178378,49744639,44.5,44.5,41.9,42.1,-2.85,1064
2026-04-28,8289,950262,42325548,42.6,46.0,42.6,46.0,3.9,839
2026-04-29,8289,735511,33474753,45.1,46.5,44.5,45.25,-0.75,726
2026-04-30,8289,540101,24596065,45.6,46.2,44.6,45.35,0.1,581
2026-05-04,8289,799264,36627741,45.95,46.8,44.6,46.8,1.45,747
2026-05-05,8289,677009,31972230,47.0,49.35,46.1,49.35,2.55,704
2026-05-06,8289,1025265,49537306,50.0,50.0,47.35,47.8,-1.55,968
2026-05-07,8289,6858305,344742641,46.95,52.5,46.7,52.5,4.7,4229
2026-05-08,8289,8497121,436987416,52.3,54.3,48.0,48.8,-3.7,6782
2026-05-11,8289,4548099,219300556,48.9,51.3,45.05,49.95,1.15,6581
2026-05-12,8289,7150372,375989899,51.1,54.9,48.6,54.9,4.95,6809
2026-05-13,8289,10494182,588004079,54.8,58.9,54.3,54.3,-0.6,11899
2026-05-14,8289,4592879,253810225,54.7,59.4,52.5,53.0,-1.3,6897
2026-05-15,8289,3413868,186184178,54.6,56.2,53.1,54.0,1.0,4547
2026-05-18,8289,4491037,251261273,53.8,57.0,53.7,56.1,2.1,5407
2026-05-19,8289,2524266,137979605,56.1,56.5,53.3,53.9,-2.2,5423
2026-05-20,8289,5211509,294158394,54.8,58.3,54.1,55.3,1.4,7497
2026-05-21,8289,10420106,620435852,56.3,60.8,55.9,60.8,5.5,11941
2026-05-22,8289,9483820,614121723,61.3,66.8,61.1,66.8,6.0,5517
2026-05-25,8289,13934293,981306482,71.2,73.4,66.7,67.9,1.1,9869
2026-05-26,8289,6167182,410272063,67.9,69.9,64.0,69.5,1.6,4931
2026-05-27,8289,5355527,368685457,70.2,70.9,67.1,68.9,-0.6,4704
2026-05-28,8289,13622851,1022244069,69.1,75.7,69.1,75.7,6.8,10177
2026-05-29,8289,14038123,1036564721,76.0,78.0,70.6,74.2,-1.5,10587
2026-06-01,8289,4987352,362732747,74.6,75.5,70.0,70.1,-4.1,5044
2026-06-02,8289,4170720,285167908,70.1,70.4,65.9,69.8,-0.3,6394
2026-06-03,8289,7846380,576187387,72.2,76.0,70.0,72.2,2.4,6643
2026-06-04,8289,2465399,172883827,71.7,74.2,68.1,68.2,-4.0,6206
2026-06-05,8289,2345629,156920441,67.2,69.0,65.0,67.4,-0.8,2224
2026-06-08,8289,3841148,248371671,60.7,69.7,60.7,66.0,-1.4,3178
2026-06-09,8289,7626875,530917384,66.6,71.8,66.1,70.1,4.1,5914
2026-06-10,8289,9005042,639412055,68.8,74.0,66.8,68.2,-1.9,6772
2026-06-11,8289,7007510,504973134,68.0,73.8,67.9,72.6,4.4,5414
2026-06-12,8289,9101034,658635222,75.3,75.3,66.9,68.0,-4.6,6874
2026-06-15,8289,4715294,334538492,69.6,72.8,69.0,69.4,1.4,3877
2026-06-16,8289,3713778,248270150,69.9,70.4,65.0,65.2,0.0,3829
2026-06-17,8289,3020159,203447408,65.0,69.5,64.5,68.7,3.5,2501
2026-06-18,8289,2734920,186658766,68.4,70.7,67.0,67.1,-1.6,2975
2026-06-22,8289,1895811,126764577,66.8,68.0,65.8,67.2,0.1,1656
2026-06-23,8289,3204652,201055884,67.2,67.2,60.5,61.2,-6.0,3275
2026-06-24,8289,2331051,141765550,60.0,62.6,58.5,60.7,-0.5,2204
2026-06-25,8289,1937477,113969495,60.7,61.1,57.8,58.0,-2.7,1748
2026-06-26,8289,6432558,387762266,58.1,62.1,57.9,58.5,0.5,5128
2026-06-29,8289,4914412,295709659,61.0,62.5,57.6,58.4,-0.1,4115
2026-06-30,8289,1638324,96546784,58.6,59.7,58.0,58.6,0.2,1378
2026-07-01,8289,6222359,394291742,60.7,64.4,60.7,61.7,3.1,5228
2026-07-02,8289,4686302,293632920,60.9,65.0,60.0,62.2,0.5,3803
2026-07-03,8289,6440336,417416360,63.5,67.5,62.3,65.6,3.4,4914
2026-07-06,8289,3696190,237096562,66.6,67.0,62.4,63.5,-2.1,3100
2026-07-07,8289,2568955,157257243,63.0,65.4,57.7,60.5,-3.0,2295
2026-07-08,8289,2809436,173009744,60.0,63.5,59.5,60.0,-0.5,2551
2026-07-09,8289,1508322,92610446,61.9,63.3,59.8,60.0,0.0,1436
2026-07-13,8289,1674099,95596983,60.1,60.3,54.1,55.4,-4.6,1758
2026-07-14,8289,1271719,67267175,55.0,55.8,50.6,53.4,-2.0,1255
2026-07-15,8289,823141,43672973,54.0,54.0,52.5,52.7,-0.7,809
2026-07-16,8289,2276288,122723309,52.7,55.6,52.1,52.4,-0.3,1915
2026-07-17,8289,1363019,66317488,50.0,50.9,47.3,47.3,-5.1,1188
2026-07-20,8289,1570251,70131544,47.3,47.3,42.8,44.7,-2.6,1213
2026-07-21,8289,961988,42991918,45.0,45.9,43.9,44.6,-0.1,865
2026-07-22,8289,768485,35262595,46.0,47.2,45.15,45.25,0.65,649
2026-07-23,8289,547135,24448547,45.3,46.0,43.95,44.1,-1.15,521
2026-07-24,8289,753522,32858977,43.9,45.0,42.55,43.55,-0.55,699
2026-07-27,8289,992051,43587237,44.0,45.5,43.0,43.6,0.05,828
2026-07-28,8289,747421,30895308,43.15,43.15,40.2,40.2,-3.4,708
2026-07-29,8289,1214052,45742428,40.3,41.45,36.25,37.6,-2.6,1129
2026-07-30,8289,1111200,42149280,36.5,39.2,36.0,36.65,-0.95,1035
2026-07-31,8289,744496,29416871,39.4,40.3,38.7,39.85,3.2,638
2026-08-03,8289,533228,21775589,39.25,42.0,39.2,40.25,0.4,624
2026-08-04,8289,1345985,56787037,41.0,43.0,40.4,42.05,1.8,1122
2026-08-05,8289,771742,33530221,43.45,44.0,42.65,43.5,1.45,628
2026-08-06,8289,344603,14634430,42.8,43.1,41.3,42.85,-0.65,414
2026-08-07,8289,301532,12796143,43.2,43.75,41.8,41.9,-0.95,380
2026-08-10,8289,585662,26091895,45.4,45.4,43.8,44.65,2.75,594
2026-08-11,8289,423688,19111483,45.0,46.3,44.35,44.75,0.1,488
2026-08-12,8289,625648,29341552,45.0,48.85,44.85,47.2,2.45,813
2026-08-13,8289,1477892,72364138,48.0,50.0,47.8,47.8,0.6,1511
2026-08-14,8289,656013,31136589,48.0,49.4,46.7,47.1,-0.7,672
2026-08-17,8289,678444,32544534,47.3,48.85,46.0,48.2,1.1,663
2026-08-18,8289,398676,18609216,47.6,48.0,45.9,46.25,-1.95,704
2026-08-19,8289,444141,20557009,44.7,47.2,44.65,47.0,0.75,493
2026-08-20,8289,241785,11248229,47.5,47.6,45.9,46.0,-1.0,443
2026-08-21,8289,828286,39114349,46.3,48.05,46.3,46.45,0.45,883
2026-08-24,8289,297887,13609985,46.75,46.75,45.2,45.2,-1.25,585
2026-08-25,8289,401203,18323706,46.1,47.25,44.1,47.0,1.8,456
2026-08-26,8289,320364,15047730,46.75,47.3,46.25,47.1,0.1,456
2026-08-27,8289,382111,17991289,47.1,47.8,46.05,47.0,-0.1,507
2026-08-28,8289,388306,18149381,47.4,47.9,46.2,46.35,-0.65,520
2026-08-31,8289,232555,10608324,46.35,46.6,45.05,45.5,-0.85,293
2026-09-01,8289,452333,21199504,45.65,47.6,45.6,47.1,1.6,547
2026-09-02,8289,233715,11021831,46.5,47.5,46.5,47.4,0.3,232
2026-09-03,8289,560177,25734672,47.2,47.7,44.0,44.2,-3.2,1202
2026-09-04,8289,222303,9923332,45.15,45.25,43.95,44.5,0.3,277
2026-09-07,8289,222372,10038151,44.6,45.75,44.4,45.4,0.9,300
2026-09-08,8289,319853,14080607,45.45,45.5,43.2,43.25,-2.15,576
2026-09-09,8289,269107,11806390,43.75,44.5,43.25,43.35,0.1,272
2026-09-10,8289,355800,15062465,43.85,43.85,42.0,42.4,-0.95,418
2026-09-11,8289,267977,11083780,42.75,42.75,40.9,41.05,-1.35,554
2026-09-14,8289,264698,10827485,41.05,41.5,40.15,40.85,-0.2,299
2026-09-15,8289,529985,22566927,41.0,43.45,41.0,42.5,1.65,573
2026-09-16,8289,293307,12451747,43.0,43.1,42.05,42.3,-0.2,610
2026-09-17,8289,324622,14085305,42.6,44.25,42.6,43.05,0.75,388
2026-09-18,8289,299490,13129216,43.2,44.25,43.2,44.2,1.15,347
2026-09-21,8289,578511,26343305,46.0,47.4,44.25,44.25,0.05,906
2026-09-22,8289,290243,12856040,45.25,45.25,43.95,44.3,0.05,273
2026-09-23,8289,671134,30169312,44.65,45.8,43.95,44.45,0.15,826
2026-09-24,8289,519074,23105136,44.5,45.5,43.85,44.75,0.3,655
