2026-09-26 02:44:10,383 [INFO] 本次執行時間預算：340 分鐘，時間到會安全中斷並保留進度。
2026-09-26 02:44:10,383 [INFO] === 台股全市場歷史資料爬蟲開始 (Yahoo Finance 版) ===
2026-09-26 02:44:10,383 [INFO] 抓取範圍：近 10 年 (yfinance period=10y)
2026-09-26 02:44:10,383 [INFO] 正在從 twstock 套件取得股票清單（使用套件內建資料，不會被防火牆擋）...
2026-09-26 02:44:10,403 [INFO] 股票清單取得完成，共 1925 檔，已存到 stock_list.csv
2026-09-26 02:44:10,404 [INFO] 進度 1/1925：上櫃 1240 茂生農經 (1240.TWO)
2026-09-26 02:44:11,137 [INFO] [1240 茂生農經] 已存檔，共 2233 筆
2026-09-26 02:44:12,382 [INFO] 進度 2/1925：上櫃 1259 安心 (1259.TWO)
2026-09-26 02:44:12,713 [INFO] [1259 安心] 已存檔，共 2433 筆
2026-09-26 02:44:14,325 [INFO] 進度 3/1925：上櫃 1264 德麥 (1264.TWO)
2026-09-26 02:44:14,583 [INFO] [1264 德麥] 已存檔，共 2433 筆
2026-09-26 02:44:16,485 [INFO] 進度 4/1925：上櫃 1268 漢來美食 (1268.TWO)
2026-09-26 02:44:16,758 [INFO] [1268 漢來美食] 已存檔，共 2433 筆
2026-09-26 02:44:18,323 [INFO] 進度 5/1925：上櫃 1294 漢田生技 (1294.TWO)
2026-09-26 02:44:18,541 [INFO] [1294 漢田生技] 已存檔，共 966 筆
2026-09-26 02:44:19,859 [INFO] 進度 6/1925：上櫃 1295 生合 (1295.TWO)
2026-09-26 02:44:20,065 [INFO] [1295 生合] 已存檔，共 675 筆
2026-09-26 02:44:21,479 [INFO] 進度 7/1925：上櫃 1336 台翰 (1336.TWO)
2026-09-26 02:44:21,768 [INFO] [1336 台翰] 已存檔，共 2433 筆
2026-09-26 02:44:23,431 [INFO] 進度 8/1925：上櫃 1565 精華 (1565.TWO)
2026-09-26 02:44:23,703 [INFO] [1565 精華] 已存檔，共 2433 筆
2026-09-26 02:44:25,603 [INFO] 進度 9/1925：上櫃 1569 濱川 (1569.TWO)
2026-09-26 02:44:26,002 [INFO] [1569 濱川] 已存檔，共 2433 筆
2026-09-26 02:44:27,482 [INFO] 進度 10/1925：上櫃 1570 力肯 (1570.TWO)
2026-09-26 02:44:27,790 [INFO] [1570 力肯] 已存檔，共 2433 筆
2026-09-26 02:44:29,753 [INFO] 進度 11/1925：上櫃 1580 新麥 (1580.TWO)
2026-09-26 02:44:30,038 [INFO] [1580 新麥] 已存檔，共 2433 筆
2026-09-26 02:44:31,896 [INFO] 進度 12/1925：上櫃 1584 精剛 (1584.TWO)
2026-09-26 02:44:32,208 [INFO] [1584 精剛] 已存檔，共 2433 筆
2026-09-26 02:44:33,927 [INFO] 進度 13/1925：上櫃 1586 和勤 (1586.TWO)
2026-09-26 02:44:34,201 [INFO] [1586 和勤] 已存檔，共 2433 筆
2026-09-26 02:44:35,567 [INFO] 進度 14/1925：上櫃 1591 駿吉-KY (1591.TWO)
2026-09-26 02:44:35,922 [INFO] [1591 駿吉-KY] 已存檔，共 2433 筆
2026-09-26 02:44:37,799 [INFO] 進度 15/1925：上櫃 1593 祺驊 (1593.TWO)
2026-09-26 02:44:38,179 [INFO] [1593 祺驊] 已存檔，共 2433 筆
2026-09-26 02:44:39,900 [INFO] 進度 16/1925：上櫃 1595 川寶 (1595.TWO)
2026-09-26 02:44:40,150 [INFO] [1595 川寶] 已存檔，共 2433 筆
2026-09-26 02:44:41,645 [INFO] 進度 17/1925：上櫃 1599 宏佳騰 (1599.TWO)
2026-09-26 02:44:41,933 [INFO] [1599 宏佳騰] 已存檔，共 2433 筆
2026-09-26 02:44:43,345 [INFO] 進度 18/1925：上櫃 1742 台蠟 (1742.TWO)
2026-09-26 02:44:43,627 [INFO] [1742 台蠟] 已存檔，共 2433 筆
2026-09-26 02:44:45,295 [INFO] 進度 19/1925：上櫃 1777 生泰 (1777.TWO)
2026-09-26 02:44:45,580 [INFO] [1777 生泰] 已存檔，共 2433 筆
2026-09-26 02:44:47,187 [INFO] 進度 20/1925：上櫃 1781 合世 (1781.TWO)
2026-09-26 02:44:47,528 [INFO] [1781 合世] 已存檔，共 2433 筆
2026-09-26 02:44:48,922 [INFO] 進度 21/1925：上櫃 1784 訊聯 (1784.TWO)
2026-09-26 02:44:49,204 [INFO] [1784 訊聯] 已存檔，共 2433 筆
2026-09-26 02:44:50,803 [INFO] 進度 22/1925：上櫃 1785 光洋科 (1785.TWO)
2026-09-26 02:44:51,112 [INFO] [1785 光洋科] 已存檔，共 2433 筆
2026-09-26 02:44:52,336 [INFO] 進度 23/1925：上櫃 1788 杏昌 (1788.TWO)
2026-09-26 02:44:52,607 [INFO] [1788 杏昌] 已存檔，共 2433 筆
2026-09-26 02:44:54,092 [INFO] 進度 24/1925：上櫃 1796 金穎生技 (1796.TWO)
2026-09-26 02:44:54,370 [INFO] [1796 金穎生技] 已存檔，共 2433 筆
2026-09-26 02:44:56,065 [INFO] 進度 25/1925：上櫃 1799 易威 (1799.TWO)
2026-09-26 02:44:56,366 [INFO] [1799 易威] 已存檔，共 2433 筆
2026-09-26 02:44:57,885 [INFO] 進度 26/1925：上櫃 1813 寶利徠 (1813.TWO)
2026-09-26 02:44:58,167 [INFO] [1813 寶利徠] 已存檔，共 2433 筆
2026-09-26 02:45:00,079 [INFO] 進度 27/1925：上櫃 1815 富喬 (1815.TWO)
2026-09-26 02:45:00,392 [INFO] [1815 富喬] 已存檔，共 2433 筆
2026-09-26 02:45:01,772 [INFO] 進度 28/1925：上櫃 2035 唐榮 (2035.TWO)
2026-09-26 02:45:02,008 [INFO] [2035 唐榮] 已存檔，共 2433 筆
2026-09-26 02:45:03,583 [INFO] 進度 29/1925：上櫃 2061 風青 (2061.TWO)
2026-09-26 02:45:03,956 [INFO] [2061 風青] 已存檔，共 2433 筆
2026-09-26 02:45:05,898 [INFO] 進度 30/1925：上櫃 2063 世鎧 (2063.TWO)
2026-09-26 02:45:06,187 [INFO] [2063 世鎧] 已存檔，共 2433 筆
2026-09-26 02:45:07,797 [INFO] 進度 31/1925：上櫃 2064 晉椿 (2064.TWO)
2026-09-26 02:45:08,070 [INFO] [2064 晉椿] 已存檔，共 2433 筆
2026-09-26 02:45:09,583 [INFO] 進度 32/1925：上櫃 2065 世豐 (2065.TWO)
2026-09-26 02:45:09,861 [INFO] [2065 世豐] 已存檔，共 2433 筆
2026-09-26 02:45:11,735 [INFO] 進度 33/1925：上櫃 2066 世德 (2066.TWO)
2026-09-26 02:45:12,016 [INFO] [2066 世德] 已存檔，共 2433 筆
2026-09-26 02:45:13,235 [INFO] 進度 34/1925：上櫃 2067 嘉鋼 (2067.TWO)
2026-09-26 02:45:13,490 [INFO] [2067 嘉鋼] 已存檔，共 2433 筆
2026-09-26 02:45:15,145 [INFO] 進度 35/1925：上櫃 2070 精湛 (2070.TWO)
2026-09-26 02:45:15,404 [INFO] [2070 精湛] 已存檔，共 2433 筆
2026-09-26 02:45:17,194 [INFO] 進度 36/1925：上櫃 2073 雄順 (2073.TWO)
2026-09-26 02:45:17,415 [INFO] [2073 雄順] 已存檔，共 1217 筆
2026-09-26 02:45:18,870 [INFO] 進度 37/1925：上櫃 2221 大甲 (2221.TWO)
2026-09-26 02:45:19,265 [INFO] [2221 大甲] 已存檔，共 2433 筆
2026-09-26 02:45:20,715 [INFO] 進度 38/1925：上櫃 2230 泰茂 (2230.TWO)
2026-09-26 02:45:20,987 [INFO] [2230 泰茂] 已存檔，共 2433 筆
2026-09-26 02:45:22,562 [INFO] 進度 39/1925：上櫃 2235 謚源 (2235.TWO)
2026-09-26 02:45:22,924 [INFO] [2235 謚源] 已存檔，共 2433 筆
2026-09-26 02:45:24,458 [INFO] 進度 40/1925：上櫃 2596 綠意 (2596.TWO)
2026-09-26 02:45:24,764 [INFO] [2596 綠意] 已存檔，共 2433 筆
2026-09-26 02:45:26,505 [INFO] 進度 41/1925：上櫃 2640 大車隊 (2640.TWO)
2026-09-26 02:45:26,871 [INFO] [2640 大車隊] 已存檔，共 2433 筆
2026-09-26 02:45:28,470 [INFO] 進度 42/1925：上櫃 2641 正德 (2641.TWO)
2026-09-26 02:45:28,738 [INFO] [2641 正德] 已存檔，共 2433 筆
2026-09-26 02:45:30,125 [INFO] 進度 43/1925：上櫃 2643 捷迅 (2643.TWO)
2026-09-26 02:45:30,388 [INFO] [2643 捷迅] 已存檔，共 2433 筆
2026-09-26 02:45:31,714 [INFO] 進度 44/1925：上櫃 2718 全心投控 (2718.TWO)
2026-09-26 02:45:31,981 [INFO] [2718 全心投控] 已存檔，共 2433 筆
2026-09-26 02:45:33,466 [INFO] 進度 45/1925：上櫃 2719 燦星旅 (2719.TWO)
2026-09-26 02:45:33,715 [INFO] [2719 燦星旅] 已存檔，共 2433 筆
2026-09-26 02:45:35,656 [INFO] 進度 46/1925：上櫃 2724 藝舍-KY (2724.TWO)
2026-09-26 02:45:35,980 [INFO] [2724 藝舍-KY] 已存檔，共 2433 筆
2026-09-26 02:45:37,706 [INFO] 進度 47/1925：上櫃 2726 雅茗-KY (2726.TWO)
2026-09-26 02:45:37,991 [INFO] [2726 雅茗-KY] 已存檔，共 2433 筆
2026-09-26 02:45:39,637 [INFO] 進度 48/1925：上櫃 2729 瓦城 (2729.TWO)
2026-09-26 02:45:39,938 [INFO] [2729 瓦城] 已存檔，共 2433 筆
2026-09-26 02:45:41,156 [INFO] 進度 49/1925：上櫃 2732 六角 (2732.TWO)
2026-09-26 02:45:41,430 [INFO] [2732 六角] 已存檔，共 2433 筆
2026-09-26 02:45:43,030 [INFO] 進度 50/1925：上櫃 2734 易飛網 (2734.TWO)
2026-09-26 02:45:43,364 [INFO] [2734 易飛網] 已存檔，共 2433 筆
2026-09-26 02:45:45,355 [INFO] 進度 51/1925：上櫃 2736 富野 (2736.TWO)
2026-09-26 02:45:45,623 [INFO] [2736 富野] 已存檔，共 2433 筆
2026-09-26 02:45:47,555 [INFO] 進度 52/1925：上櫃 2740 天蔥 (2740.TWO)
2026-09-26 02:45:47,882 [INFO] [2740 天蔥] 已存檔，共 2433 筆
2026-09-26 02:45:49,475 [INFO] 進度 53/1925：上櫃 2743 山富 (2743.TWO)
2026-09-26 02:45:49,765 [INFO] [2743 山富] 已存檔，共 2433 筆
2026-09-26 02:45:51,626 [INFO] 進度 54/1925：上櫃 2745 五福 (2745.TWO)
2026-09-26 02:45:51,982 [INFO] [2745 五福] 已存檔，共 2433 筆
2026-09-26 02:45:53,894 [INFO] 進度 55/1925：上櫃 2751 王座 (2751.TWO)
2026-09-26 02:45:54,103 [INFO] [2751 王座] 已存檔，共 789 筆
2026-09-26 02:45:56,071 [INFO] 進度 56/1925：上櫃 2752 豆府 (2752.TWO)
2026-09-26 02:45:56,313 [INFO] [2752 豆府] 已存檔，共 1970 筆
2026-09-26 02:45:58,148 [INFO] 進度 57/1925：上櫃 2754 亞洲藏壽司 (2754.TWO)
2026-09-26 02:45:58,449 [INFO] [2754 亞洲藏壽司] 已存檔，共 1762 筆
2026-09-26 02:46:00,362 [INFO] 進度 58/1925：上櫃 2755 揚秦 (2755.TWO)
2026-09-26 02:46:00,687 [INFO] [2755 揚秦] 已存檔，共 1742 筆
2026-09-26 02:46:02,171 [INFO] 進度 59/1925：上櫃 2756 聯發國際 (2756.TWO)
2026-09-26 02:46:02,389 [INFO] [2756 聯發國際] 已存檔，共 1387 筆
2026-09-26 02:46:04,193 [INFO] 進度 60/1925：上櫃 2916 滿心 (2916.TWO)
2026-09-26 02:46:04,541 [INFO] [2916 滿心] 已存檔，共 2433 筆
2026-09-26 02:46:06,144 [INFO] 進度 61/1925：上櫃 2924 宏太-KY (2924.TWO)
2026-09-26 02:46:06,402 [INFO] [2924 宏太-KY] 已存檔，共 2433 筆
2026-09-26 02:46:08,352 [INFO] 進度 62/1925：上櫃 2926 誠品生活 (2926.TWO)
2026-09-26 02:46:08,614 [INFO] [2926 誠品生活] 已存檔，共 2433 筆
2026-09-26 02:46:09,870 [INFO] 進度 63/1925：上櫃 2937 集雅社 (2937.TWO)
2026-09-26 02:46:10,128 [INFO] [2937 集雅社] 已存檔，共 2433 筆
2026-09-26 02:46:11,851 [INFO] 進度 64/1925：上櫃 2941 米斯特 (2941.TWO)
2026-09-26 02:46:12,061 [INFO] [2941 米斯特] 已存檔，共 1196 筆
2026-09-26 02:46:13,280 [INFO] 進度 65/1925：上櫃 2947 振宇五金 (2947.TWO)
2026-09-26 02:46:13,565 [INFO] [2947 振宇五金] 已存檔，共 1460 筆
2026-09-26 02:46:15,270 [INFO] 進度 66/1925：上櫃 2948 寶陞 (2948.TWO)
2026-09-26 02:46:15,483 [INFO] [2948 寶陞] 已存檔，共 1406 筆
2026-09-26 02:46:17,239 [INFO] 進度 67/1925：上櫃 2949 欣新網 (2949.TWO)
2026-09-26 02:46:17,430 [INFO] [2949 欣新網] 已存檔，共 914 筆
2026-09-26 02:46:18,647 [INFO] 進度 68/1925：上櫃 3064 泰偉 (3064.TWO)
2026-09-26 02:46:18,901 [INFO] [3064 泰偉] 已存檔，共 2433 筆
2026-09-26 02:46:20,303 [INFO] 進度 69/1925：上櫃 3066 李洲 (3066.TWO)
2026-09-26 02:46:20,549 [INFO] [3066 李洲] 已存檔，共 2433 筆
2026-09-26 02:46:22,116 [INFO] 進度 70/1925：上櫃 3067 全域 (3067.TWO)
2026-09-26 02:46:22,450 [INFO] [3067 全域] 已存檔，共 2433 筆
2026-09-26 02:46:24,399 [INFO] 進度 71/1925：上櫃 3071 協禧 (3071.TWO)
2026-09-26 02:46:24,736 [INFO] [3071 協禧] 已存檔，共 2433 筆
2026-09-26 02:46:26,478 [INFO] 進度 72/1925：上櫃 3073 天方能源 (3073.TWO)
2026-09-26 02:46:26,760 [INFO] [3073 天方能源] 已存檔，共 2433 筆
2026-09-26 02:46:28,509 [INFO] 進度 73/1925：上櫃 3078 僑威 (3078.TWO)
2026-09-26 02:46:28,868 [INFO] [3078 僑威] 已存檔，共 2433 筆
2026-09-26 02:46:30,699 [INFO] 進度 74/1925：上櫃 3081 聯亞 (3081.TWO)
2026-09-26 02:46:31,006 [INFO] [3081 聯亞] 已存檔，共 2433 筆
2026-09-26 02:46:32,543 [INFO] 進度 75/1925：上櫃 3083 網龍 (3083.TWO)
2026-09-26 02:46:32,840 [INFO] [3083 網龍] 已存檔，共 2433 筆
2026-09-26 02:46:34,401 [INFO] 進度 76/1925：上櫃 3085 新零售 (3085.TWO)
2026-09-26 02:46:34,670 [INFO] [3085 新零售] 已存檔，共 2433 筆
2026-09-26 02:46:36,555 [INFO] 進度 77/1925：上櫃 3086 華義 (3086.TWO)
2026-09-26 02:46:36,850 [INFO] [3086 華義] 已存檔，共 2433 筆
2026-09-26 02:46:38,826 [INFO] 進度 78/1925：上櫃 3088 艾訊 (3088.TWO)
2026-09-26 02:46:39,108 [INFO] [3088 艾訊] 已存檔，共 2433 筆
2026-09-26 02:46:40,435 [INFO] 進度 79/1925：上櫃 3093 港建* (3093.TWO)
2026-09-26 02:46:40,721 [INFO] [3093 港建*] 已存檔，共 2433 筆
2026-09-26 02:46:42,392 [INFO] 進度 80/1925：上櫃 3095 及成 (3095.TWO)
2026-09-26 02:46:42,737 [INFO] [3095 及成] 已存檔，共 2433 筆
2026-09-26 02:46:44,720 [INFO] 進度 81/1925：上櫃 3105 穩懋 (3105.TWO)
2026-09-26 02:46:45,005 [INFO] [3105 穩懋] 已存檔，共 2433 筆
2026-09-26 02:46:46,944 [INFO] 進度 82/1925：上櫃 3114 好德 (3114.TWO)
2026-09-26 02:46:47,225 [INFO] [3114 好德] 已存檔，共 2433 筆
2026-09-26 02:46:48,977 [INFO] 進度 83/1925：上櫃 3115 富榮綱 (3115.TWO)
2026-09-26 02:46:49,299 [INFO] [3115 富榮綱] 已存檔，共 2433 筆
2026-09-26 02:46:50,876 [INFO] 進度 84/1925：上櫃 3118 進階 (3118.TWO)
2026-09-26 02:46:51,184 [INFO] [3118 進階] 已存檔，共 2433 筆
2026-09-26 02:46:53,052 [INFO] 進度 85/1925：上櫃 3122 笙泉 (3122.TWO)
2026-09-26 02:46:53,400 [INFO] [3122 笙泉] 已存檔，共 2433 筆
2026-09-26 02:46:55,060 [INFO] 進度 86/1925：上櫃 3128 昇銳 (3128.TWO)
2026-09-26 02:46:55,343 [INFO] [3128 昇銳] 已存檔，共 2433 筆
2026-09-26 02:46:57,035 [INFO] 進度 87/1925：上櫃 3131 弘塑 (3131.TWO)
2026-09-26 02:46:57,314 [INFO] [3131 弘塑] 已存檔，共 2433 筆
2026-09-26 02:46:58,589 [INFO] 進度 88/1925：上櫃 3141 晶宏 (3141.TWO)
2026-09-26 02:46:58,898 [INFO] [3141 晶宏] 已存檔，共 2433 筆
2026-09-26 02:47:00,656 [INFO] 進度 89/1925：上櫃 3147 大綜 (3147.TWO)
2026-09-26 02:47:00,956 [INFO] [3147 大綜] 已存檔，共 2433 筆
2026-09-26 02:47:02,474 [INFO] 進度 90/1925：上櫃 3152 璟德 (3152.TWO)
2026-09-26 02:47:02,784 [INFO] [3152 璟德] 已存檔，共 2433 筆
2026-09-26 02:47:04,000 [INFO] 進度 91/1925：上櫃 3158 嘉實 (3158.TWO)
2026-09-26 02:47:04,295 [INFO] [3158 嘉實] 已存檔，共 1830 筆
2026-09-26 02:47:05,977 [INFO] 進度 92/1925：上櫃 3162 精確 (3162.TWO)
2026-09-26 02:47:06,290 [INFO] [3162 精確] 已存檔，共 2433 筆
2026-09-26 02:47:07,818 [INFO] 進度 93/1925：上櫃 3163 波若威 (3163.TWO)
2026-09-26 02:47:08,118 [INFO] [3163 波若威] 已存檔，共 2433 筆
2026-09-26 02:47:09,504 [INFO] 進度 94/1925：上櫃 3169 亞信 (3169.TWO)
2026-09-26 02:47:09,787 [INFO] [3169 亞信] 已存檔，共 2433 筆
2026-09-26 02:47:11,083 [INFO] 進度 95/1925：上櫃 3171 炎洲流通 (3171.TWO)
2026-09-26 02:47:11,367 [INFO] [3171 炎洲流通] 已存檔，共 2433 筆
2026-09-26 02:47:13,170 [INFO] 進度 96/1925：上櫃 3176 基亞 (3176.TWO)
2026-09-26 02:47:13,417 [INFO] [3176 基亞] 已存檔，共 2433 筆
2026-09-26 02:47:15,367 [INFO] 進度 97/1925：上櫃 3178 公準 (3178.TWO)
2026-09-26 02:47:15,655 [INFO] [3178 公準] 已存檔，共 2433 筆
2026-09-26 02:47:17,086 [INFO] 進度 98/1925：上櫃 3188 鑫龍騰 (3188.TWO)
2026-09-26 02:47:17,399 [INFO] [3188 鑫龍騰] 已存檔，共 2433 筆
2026-09-26 02:47:18,678 [INFO] 進度 99/1925：上櫃 3191 雲嘉南 (3191.TWO)
2026-09-26 02:47:18,949 [INFO] [3191 雲嘉南] 已存檔，共 2433 筆
2026-09-26 02:47:20,813 [INFO] 進度 100/1925：上櫃 3205 佰研 (3205.TWO)
2026-09-26 02:47:21,052 [INFO] [3205 佰研] 已存檔，共 2433 筆
2026-09-26 02:47:22,748 [INFO] 進度 101/1925：上櫃 3206 志豐 (3206.TWO)
2026-09-26 02:47:23,051 [INFO] [3206 志豐] 已存檔，共 2433 筆
2026-09-26 02:47:24,292 [INFO] 進度 102/1925：上櫃 3207 耀勝 (3207.TWO)
2026-09-26 02:47:24,611 [INFO] [3207 耀勝] 已存檔，共 2433 筆
2026-09-26 02:47:26,248 [INFO] 進度 103/1925：上櫃 3211 順達 (3211.TWO)
2026-09-26 02:47:26,676 [INFO] [3211 順達] 已存檔，共 2433 筆
2026-09-26 02:47:28,185 [INFO] 進度 104/1925：上櫃 3213 茂訊 (3213.TWO)
2026-09-26 02:47:28,451 [INFO] [3213 茂訊] 已存檔，共 2433 筆
2026-09-26 02:47:29,717 [INFO] 進度 105/1925：上櫃 3217 優群 (3217.TWO)
2026-09-26 02:47:30,012 [INFO] [3217 優群] 已存檔，共 2433 筆
2026-09-26 02:47:31,766 [INFO] 進度 106/1925：上櫃 3218 大學光 (3218.TWO)
2026-09-26 02:47:32,039 [INFO] [3218 大學光] 已存檔，共 2433 筆
2026-09-26 02:47:33,932 [INFO] 進度 107/1925：上櫃 3219 倚強科 (3219.TWO)
2026-09-26 02:47:34,207 [INFO] [3219 倚強科] 已存檔，共 2433 筆
2026-09-26 02:47:35,423 [INFO] 進度 108/1925：上櫃 3221 台嘉碩 (3221.TWO)
2026-09-26 02:47:35,717 [INFO] [3221 台嘉碩] 已存檔，共 2433 筆
2026-09-26 02:47:37,526 [INFO] 進度 109/1925：上櫃 3224 三顧 (3224.TWO)
2026-09-26 02:47:37,790 [INFO] [3224 三顧] 已存檔，共 2433 筆
2026-09-26 02:47:39,256 [INFO] 進度 110/1925：上櫃 3226 龍鋒 (3226.TWO)
2026-09-26 02:47:39,526 [INFO] [3226 龍鋒] 已存檔，共 2433 筆
2026-09-26 02:47:41,335 [INFO] 進度 111/1925：上櫃 3227 原相 (3227.TWO)
2026-09-26 02:47:41,688 [INFO] [3227 原相] 已存檔，共 2433 筆
2026-09-26 02:47:43,037 [INFO] 進度 112/1925：上櫃 3228 金麗科 (3228.TWO)
2026-09-26 02:47:43,345 [INFO] [3228 金麗科] 已存檔，共 2433 筆
2026-09-26 02:47:44,579 [INFO] 進度 113/1925：上櫃 3230 錦明 (3230.TWO)
2026-09-26 02:47:44,871 [INFO] [3230 錦明] 已存檔，共 2433 筆
2026-09-26 02:47:46,813 [INFO] 進度 114/1925：上櫃 3232 昱捷 (3232.TWO)
2026-09-26 02:47:47,085 [INFO] [3232 昱捷] 已存檔，共 2433 筆
2026-09-26 02:47:48,682 [INFO] 進度 115/1925：上櫃 3234 光環 (3234.TWO)
2026-09-26 02:47:48,936 [INFO] [3234 光環] 已存檔，共 2433 筆
2026-09-26 02:47:50,925 [INFO] 進度 116/1925：上櫃 3236 千如 (3236.TWO)
2026-09-26 02:47:51,239 [INFO] [3236 千如] 已存檔，共 2433 筆
2026-09-26 02:47:52,692 [INFO] 進度 117/1925：上櫃 3252 海灣 (3252.TWO)
2026-09-26 02:47:52,954 [INFO] [3252 海灣] 已存檔，共 2433 筆
2026-09-26 02:47:54,884 [INFO] 進度 118/1925：上櫃 3259 鑫創 (3259.TWO)
2026-09-26 02:47:55,222 [INFO] [3259 鑫創] 已存檔，共 2433 筆
2026-09-26 02:47:57,062 [INFO] 進度 119/1925：上櫃 3260 威剛 (3260.TWO)
2026-09-26 02:47:57,372 [INFO] [3260 威剛] 已存檔，共 2433 筆
2026-09-26 02:47:59,048 [INFO] 進度 120/1925：上櫃 3264 欣銓 (3264.TWO)
2026-09-26 02:47:59,327 [INFO] [3264 欣銓] 已存檔，共 2433 筆
2026-09-26 02:48:00,775 [INFO] 進度 121/1925：上櫃 3265 台星科 (3265.TWO)
2026-09-26 02:48:01,047 [INFO] [3265 台星科] 已存檔，共 2433 筆
2026-09-26 02:48:02,676 [INFO] 進度 122/1925：上櫃 3268 海德威 (3268.TWO)
2026-09-26 02:48:02,936 [INFO] [3268 海德威] 已存檔，共 2433 筆
2026-09-26 02:48:04,297 [INFO] 進度 123/1925：上櫃 3272 東碩 (3272.TWO)
2026-09-26 02:48:04,587 [INFO] [3272 東碩] 已存檔，共 2433 筆
2026-09-26 02:48:05,804 [INFO] 進度 124/1925：上櫃 3276 宇環 (3276.TWO)
2026-09-26 02:48:06,098 [INFO] [3276 宇環] 已存檔，共 2433 筆
2026-09-26 02:48:07,736 [INFO] 進度 125/1925：上櫃 3284 太普高 (3284.TWO)
2026-09-26 02:48:08,021 [INFO] [3284 太普高] 已存檔，共 2433 筆
2026-09-26 02:48:09,586 [INFO] 進度 126/1925：上櫃 3285 微端 (3285.TWO)
2026-09-26 02:48:09,944 [INFO] [3285 微端] 已存檔，共 2433 筆
2026-09-26 02:48:11,256 [INFO] 進度 127/1925：上櫃 3287 廣寰科 (3287.TWO)
2026-09-26 02:48:11,577 [INFO] [3287 廣寰科] 已存檔，共 2433 筆
2026-09-26 02:48:13,425 [INFO] 進度 128/1925：上櫃 3288 點晶 (3288.TWO)
2026-09-26 02:48:13,710 [INFO] [3288 點晶] 已存檔，共 2433 筆
2026-09-26 02:48:15,146 [INFO] 進度 129/1925：上櫃 3289 宜特 (3289.TWO)
2026-09-26 02:48:15,427 [INFO] [3289 宜特] 已存檔，共 2433 筆
2026-09-26 02:48:17,309 [INFO] 進度 130/1925：上櫃 3290 東浦 (3290.TWO)
2026-09-26 02:48:17,608 [INFO] [3290 東浦] 已存檔，共 2433 筆
2026-09-26 02:48:19,473 [INFO] 進度 131/1925：上櫃 3293 鈊象 (3293.TWO)
2026-09-26 02:48:19,781 [INFO] [3293 鈊象] 已存檔，共 2433 筆
2026-09-26 02:48:21,157 [INFO] 進度 132/1925：上櫃 3294 英濟 (3294.TWO)
2026-09-26 02:48:21,422 [INFO] [3294 英濟] 已存檔，共 2433 筆
2026-09-26 02:48:23,102 [INFO] 進度 133/1925：上櫃 3297 杭特 (3297.TWO)
2026-09-26 02:48:23,367 [INFO] [3297 杭特] 已存檔，共 2433 筆
2026-09-26 02:48:24,592 [INFO] 進度 134/1925：上櫃 3303 岱稜 (3303.TWO)
2026-09-26 02:48:24,893 [INFO] [3303 岱稜] 已存檔，共 2433 筆
2026-09-26 02:48:26,271 [INFO] 進度 135/1925：上櫃 3306 鼎天 (3306.TWO)
2026-09-26 02:48:26,585 [INFO] [3306 鼎天] 已存檔，共 2433 筆
2026-09-26 02:48:27,858 [INFO] 進度 136/1925：上櫃 3310 佳穎 (3310.TWO)
2026-09-26 02:48:28,210 [INFO] [3310 佳穎] 已存檔，共 2433 筆
2026-09-26 02:48:29,489 [INFO] 進度 137/1925：上櫃 3313 斐成 (3313.TWO)
2026-09-26 02:48:29,743 [INFO] [3313 斐成] 已存檔，共 2433 筆
2026-09-26 02:48:31,317 [INFO] 進度 138/1925：上櫃 3317 尼克森 (3317.TWO)
2026-09-26 02:48:31,632 [INFO] [3317 尼克森] 已存檔，共 2433 筆
2026-09-26 02:48:33,046 [INFO] 進度 139/1925：上櫃 3322 建舜電 (3322.TWO)
2026-09-26 02:48:33,302 [INFO] [3322 建舜電] 已存檔，共 2433 筆
2026-09-26 02:48:34,763 [INFO] 進度 140/1925：上櫃 3323 加百裕 (3323.TWO)
2026-09-26 02:48:35,076 [INFO] [3323 加百裕] 已存檔，共 2433 筆
2026-09-26 02:48:36,804 [INFO] 進度 141/1925：上櫃 3324 雙鴻 (3324.TWO)
2026-09-26 02:48:37,103 [INFO] [3324 雙鴻] 已存檔，共 2433 筆
2026-09-26 02:48:38,528 [INFO] 進度 142/1925：上櫃 3325 旭品 (3325.TWO)
2026-09-26 02:48:38,814 [INFO] [3325 旭品] 已存檔，共 2433 筆
2026-09-26 02:48:40,043 [INFO] 進度 143/1925：上櫃 3332 幸康 (3332.TWO)
2026-09-26 02:48:40,400 [INFO] [3332 幸康] 已存檔，共 2433 筆
2026-09-26 02:48:42,252 [INFO] 進度 144/1925：上櫃 3339 泰谷 (3339.TWO)
2026-09-26 02:48:42,510 [INFO] [3339 泰谷] 已存檔，共 2433 筆
2026-09-26 02:48:43,782 [INFO] 進度 145/1925：上櫃 3349 寶德 (3349.TWO)
2026-09-26 02:48:44,136 [INFO] [3349 寶德] 已存檔，共 2433 筆
2026-09-26 02:48:45,669 [INFO] 進度 146/1925：上櫃 3354 律勝 (3354.TWO)
2026-09-26 02:48:45,949 [INFO] [3354 律勝] 已存檔，共 2433 筆
2026-09-26 02:48:47,811 [INFO] 進度 147/1925：上櫃 3357 臺慶科 (3357.TWO)
2026-09-26 02:48:48,065 [INFO] [3357 臺慶科] 已存檔，共 2433 筆
2026-09-26 02:48:49,597 [INFO] 進度 148/1925：上櫃 3360 尚立 (3360.TWO)
2026-09-26 02:48:49,890 [INFO] [3360 尚立] 已存檔，共 2433 筆
2026-09-26 02:48:51,391 [INFO] 進度 149/1925：上櫃 3362 先進光 (3362.TWO)
2026-09-26 02:48:51,718 [INFO] [3362 先進光] 已存檔，共 2433 筆
2026-09-26 02:48:53,684 [INFO] 進度 150/1925：上櫃 3363 上詮 (3363.TWO)
2026-09-26 02:48:54,043 [INFO] [3363 上詮] 已存檔，共 2433 筆
2026-09-26 02:48:55,960 [INFO] 進度 151/1925：上櫃 3372 典範 (3372.TWO)
2026-09-26 02:48:56,236 [INFO] [3372 典範] 已存檔，共 2433 筆
2026-09-26 02:48:57,702 [INFO] 進度 152/1925：上櫃 3373 熱映 (3373.TWO)
2026-09-26 02:48:58,002 [INFO] [3373 熱映] 已存檔，共 2433 筆
2026-09-26 02:48:59,777 [INFO] 進度 153/1925：上櫃 3374 精材 (3374.TWO)
2026-09-26 02:49:00,059 [INFO] [3374 精材] 已存檔，共 2433 筆
2026-09-26 02:49:01,531 [INFO] 進度 154/1925：上櫃 3379 彬台 (3379.TWO)
2026-09-26 02:49:01,809 [INFO] [3379 彬台] 已存檔，共 2433 筆
2026-09-26 02:49:03,433 [INFO] 進度 155/1925：上櫃 3388 崇越電 (3388.TWO)
2026-09-26 02:49:03,723 [INFO] [3388 崇越電] 已存檔，共 2433 筆
2026-09-26 02:49:05,148 [INFO] 進度 156/1925：上櫃 3390 旭軟 (3390.TWO)
2026-09-26 02:49:05,453 [INFO] [3390 旭軟] 已存檔，共 2433 筆
2026-09-26 02:49:06,891 [INFO] 進度 157/1925：上櫃 3402 漢科 (3402.TWO)
2026-09-26 02:49:07,164 [INFO] [3402 漢科] 已存檔，共 2433 筆
2026-09-26 02:49:08,953 [INFO] 進度 158/1925：上櫃 3426 台興 (3426.TWO)
2026-09-26 02:49:09,600 [ERROR] HTTP Error 404: {"quoteSummary":{"result":null,"error":{"code":"Not Found","description":"Quote not found for symbol: 3426.TWO"}}}
2026-09-26 02:49:09,986 [ERROR] $3426.TWO: No data found, symbol may be delisted
2026-09-26 02:49:09,987 [INFO] [3426 台興] 無資料或抓取失敗
2026-09-26 02:49:11,841 [INFO] 進度 159/1925：上櫃 3430 奇鈦科 (3430.TWO)
2026-09-26 02:49:12,133 [INFO] [3430 奇鈦科] 已存檔，共 2433 筆
2026-09-26 02:49:13,361 [INFO] 進度 160/1925：上櫃 3434 哲固 (3434.TWO)
2026-09-26 02:49:13,659 [INFO] [3434 哲固] 已存檔，共 2433 筆
2026-09-26 02:49:14,959 [INFO] 進度 161/1925：上櫃 3438 類比科 (3438.TWO)
2026-09-26 02:49:15,264 [INFO] [3438 類比科] 已存檔，共 2433 筆
2026-09-26 02:49:17,188 [INFO] 進度 162/1925：上櫃 3441 聯一光 (3441.TWO)
2026-09-26 02:49:17,484 [INFO] [3441 聯一光] 已存檔，共 2433 筆
2026-09-26 02:49:18,831 [INFO] 進度 163/1925：上櫃 3444 利機 (3444.TWO)
2026-09-26 02:49:19,133 [INFO] [3444 利機] 已存檔，共 2433 筆
2026-09-26 02:49:20,498 [INFO] 進度 164/1925：上櫃 3455 由田 (3455.TWO)
2026-09-26 02:49:20,794 [INFO] [3455 由田] 已存檔，共 2433 筆
2026-09-26 02:49:22,555 [INFO] 進度 165/1925：上櫃 3465 進泰電子 (3465.TWO)
2026-09-26 02:49:22,967 [INFO] [3465 進泰電子] 已存檔，共 2433 筆
2026-09-26 02:49:24,819 [INFO] 進度 166/1925：上櫃 3466 德晉 (3466.TWO)
2026-09-26 02:49:25,092 [INFO] [3466 德晉] 已存檔，共 2433 筆
2026-09-26 02:49:26,594 [INFO] 進度 167/1925：上櫃 3467 台灣精材 (3467.TWO)
2026-09-26 02:49:26,775 [INFO] [3467 台灣精材] 已存檔，共 668 筆
2026-09-26 02:49:28,542 [INFO] 進度 168/1925：上櫃 3479 安勤 (3479.TWO)
2026-09-26 02:49:28,813 [INFO] [3479 安勤] 已存檔，共 2433 筆
2026-09-26 02:49:30,722 [INFO] 進度 169/1925：上櫃 3483 力致 (3483.TWO)
2026-09-26 02:49:31,006 [INFO] [3483 力致] 已存檔，共 2433 筆
2026-09-26 02:49:32,799 [INFO] 進度 170/1925：上櫃 3484 崧騰 (3484.TWO)
2026-09-26 02:49:33,141 [INFO] [3484 崧騰] 已存檔，共 2433 筆
2026-09-26 02:49:34,725 [INFO] 進度 171/1925：上櫃 3489 森寶 (3489.TWO)
2026-09-26 02:49:35,084 [INFO] [3489 森寶] 已存檔，共 2433 筆
2026-09-26 02:49:36,573 [INFO] 進度 172/1925：上櫃 3490 單井 (3490.TWO)
2026-09-26 02:49:36,921 [INFO] [3490 單井] 已存檔，共 2433 筆
2026-09-26 02:49:38,158 [INFO] 進度 173/1925：上櫃 3491 昇達科 (3491.TWO)
2026-09-26 02:49:38,474 [INFO] [3491 昇達科] 已存檔，共 2433 筆
2026-09-26 02:49:40,085 [INFO] 進度 174/1925：上櫃 3492 長盛 (3492.TWO)
2026-09-26 02:49:40,354 [INFO] [3492 長盛] 已存檔，共 2433 筆
2026-09-26 02:49:41,588 [INFO] 進度 175/1925：上櫃 3498 陽程 (3498.TWO)
2026-09-26 02:49:41,956 [INFO] [3498 陽程] 已存檔，共 2433 筆
2026-09-26 02:49:43,793 [INFO] 進度 176/1925：上櫃 3499 環天科 (3499.TWO)
2026-09-26 02:49:44,129 [INFO] [3499 環天科] 已存檔，共 2433 筆
2026-09-26 02:49:46,119 [INFO] 進度 177/1925：上櫃 3508 位速 (3508.TWO)
2026-09-26 02:49:46,419 [INFO] [3508 位速] 已存檔，共 2433 筆
2026-09-26 02:49:48,226 [INFO] 進度 178/1925：上櫃 3511 矽瑪 (3511.TWO)
2026-09-26 02:49:48,586 [INFO] [3511 矽瑪] 已存檔，共 2433 筆
2026-09-26 02:49:50,139 [INFO] 進度 179/1925：上櫃 3512 皇龍 (3512.TWO)
2026-09-26 02:49:50,426 [INFO] [3512 皇龍] 已存檔，共 2433 筆
2026-09-26 02:49:52,315 [INFO] 進度 180/1925：上櫃 3516 亞帝歐 (3516.TWO)
2026-09-26 02:49:52,595 [INFO] [3516 亞帝歐] 已存檔，共 2433 筆
2026-09-26 02:49:54,119 [INFO] 進度 181/1925：上櫃 3520 華盈 (3520.TWO)
2026-09-26 02:49:54,493 [INFO] [3520 華盈] 已存檔，共 2434 筆
2026-09-26 02:49:56,307 [INFO] 進度 182/1925：上櫃 3521 台鋼建設 (3521.TWO)
2026-09-26 02:49:56,618 [INFO] [3521 台鋼建設] 已存檔，共 2433 筆
2026-09-26 02:49:57,827 [INFO] 進度 183/1925：上櫃 3522 御嵿 (3522.TWO)
2026-09-26 02:49:58,108 [INFO] [3522 御嵿] 已存檔，共 2433 筆
2026-09-26 02:49:59,436 [INFO] 進度 184/1925：上櫃 3523 迎輝 (3523.TWO)
2026-09-26 02:49:59,685 [INFO] [3523 迎輝] 已存檔，共 2433 筆
2026-09-26 02:50:01,423 [INFO] 進度 185/1925：上櫃 3526 凡甲 (3526.TWO)
2026-09-26 02:50:01,733 [INFO] [3526 凡甲] 已存檔，共 2433 筆
2026-09-26 02:50:03,660 [INFO] 進度 186/1925：上櫃 3527 聚積 (3527.TWO)
2026-09-26 02:50:03,939 [INFO] [3527 聚積] 已存檔，共 2433 筆
2026-09-26 02:50:05,461 [INFO] 進度 187/1925：上櫃 3529 力旺 (3529.TWO)
2026-09-26 02:50:05,732 [INFO] [3529 力旺] 已存檔，共 2433 筆
2026-09-26 02:50:07,141 [INFO] 進度 188/1925：上櫃 3531 先益 (3531.TWO)
2026-09-26 02:50:07,423 [INFO] [3531 先益] 已存檔，共 2433 筆
2026-09-26 02:50:08,697 [INFO] 進度 189/1925：上櫃 3537 堡達 (3537.TWO)
2026-09-26 02:50:08,998 [INFO] [3537 堡達] 已存檔，共 2433 筆
2026-09-26 02:50:10,727 [INFO] 進度 190/1925：上櫃 3540 曜越 (3540.TWO)
2026-09-26 02:50:11,030 [INFO] [3540 曜越] 已存檔，共 2433 筆
2026-09-26 02:50:12,556 [INFO] 進度 191/1925：上櫃 3541 西柏 (3541.TWO)
2026-09-26 02:50:12,854 [INFO] [3541 西柏] 已存檔，共 2433 筆
2026-09-26 02:50:14,362 [INFO] 進度 192/1925：上櫃 3546 宇峻 (3546.TWO)
2026-09-26 02:50:14,679 [INFO] [3546 宇峻] 已存檔，共 2433 筆
2026-09-26 02:50:16,346 [INFO] 進度 193/1925：上櫃 3548 兆利 (3548.TWO)
2026-09-26 02:50:16,628 [INFO] [3548 兆利] 已存檔，共 2433 筆
2026-09-26 02:50:18,503 [INFO] 進度 194/1925：上櫃 3551 世禾 (3551.TWO)
2026-09-26 02:50:18,763 [INFO] [3551 世禾] 已存檔，共 2433 筆
2026-09-26 02:50:20,065 [INFO] 進度 195/1925：上櫃 3552 同致 (3552.TWO)
2026-09-26 02:50:20,439 [INFO] [3552 同致] 已存檔，共 2433 筆
2026-09-26 02:50:22,076 [INFO] 進度 196/1925：上櫃 3555 博士旺 (3555.TWO)
2026-09-26 02:50:22,332 [INFO] [3555 博士旺] 已存檔，共 2433 筆
2026-09-26 02:50:23,631 [INFO] 進度 197/1925：上櫃 3556 禾瑞亞 (3556.TWO)
2026-09-26 02:50:23,936 [INFO] [3556 禾瑞亞] 已存檔，共 2433 筆
2026-09-26 02:50:25,323 [INFO] 進度 198/1925：上櫃 3558 神準 (3558.TWO)
2026-09-26 02:50:25,612 [INFO] [3558 神準] 已存檔，共 2433 筆
2026-09-26 02:50:26,857 [INFO] 進度 199/1925：上櫃 3564 其陽 (3564.TWO)
2026-09-26 02:50:27,120 [INFO] [3564 其陽] 已存檔，共 2433 筆
2026-09-26 02:50:28,563 [INFO] 進度 200/1925：上櫃 3567 逸昌 (3567.TWO)
2026-09-26 02:50:28,828 [INFO] [3567 逸昌] 已存檔，共 2433 筆
2026-09-26 02:50:30,780 [INFO] 進度 201/1925：上櫃 3570 大塚 (3570.TWO)
2026-09-26 02:50:31,051 [INFO] [3570 大塚] 已存檔，共 2433 筆
2026-09-26 02:50:32,422 [INFO] 進度 202/1925：上櫃 3577 泓格 (3577.TWO)
2026-09-26 02:50:32,726 [INFO] [3577 泓格] 已存檔，共 2433 筆
2026-09-26 02:50:34,700 [INFO] 進度 203/1925：上櫃 3580 友威科 (3580.TWO)
2026-09-26 02:50:35,002 [INFO] [3580 友威科] 已存檔，共 2433 筆
2026-09-26 02:50:36,655 [INFO] 進度 204/1925：上櫃 3581 博磊 (3581.TWO)
2026-09-26 02:50:37,015 [INFO] [3581 博磊] 已存檔，共 2433 筆
2026-09-26 02:50:38,738 [INFO] 進度 205/1925：上櫃 3587 閎康 (3587.TWO)
2026-09-26 02:50:39,098 [INFO] [3587 閎康] 已存檔，共 2433 筆
2026-09-26 02:50:40,685 [INFO] 進度 206/1925：上櫃 3594 磐儀 (3594.TWO)
2026-09-26 02:50:40,984 [INFO] [3594 磐儀] 已存檔，共 2433 筆
2026-09-26 02:50:42,737 [INFO] 進度 207/1925：上櫃 3597 映興 (3597.TWO)
2026-09-26 02:50:43,033 [INFO] [3597 映興] 已存檔，共 2433 筆
2026-09-26 02:50:44,310 [INFO] 進度 208/1925：上櫃 3609 三一東林 (3609.TWO)
2026-09-26 02:50:44,601 [INFO] [3609 三一東林] 已存檔，共 2433 筆
2026-09-26 02:50:46,447 [INFO] 進度 209/1925：上櫃 3611 鼎翰 (3611.TWO)
2026-09-26 02:50:46,728 [INFO] [3611 鼎翰] 已存檔，共 2433 筆
2026-09-26 02:50:48,035 [INFO] 進度 210/1925：上櫃 3615 安可 (3615.TWO)
2026-09-26 02:50:48,317 [INFO] [3615 安可] 已存檔，共 2433 筆
2026-09-26 02:50:50,149 [INFO] 進度 211/1925：上櫃 3623 富晶通 (3623.TWO)
2026-09-26 02:50:50,434 [INFO] [3623 富晶通] 已存檔，共 2433 筆
2026-09-26 02:50:52,153 [INFO] 進度 212/1925：上櫃 3624 光頡 (3624.TWO)
2026-09-26 02:50:52,449 [INFO] [3624 光頡] 已存檔，共 2433 筆
2026-09-26 02:50:54,061 [INFO] 進度 213/1925：上櫃 3625 西勝 (3625.TWO)
2026-09-26 02:50:54,352 [INFO] [3625 西勝] 已存檔，共 2433 筆
2026-09-26 02:50:56,266 [INFO] 進度 214/1925：上櫃 3628 盈正 (3628.TWO)
2026-09-26 02:50:56,549 [INFO] [3628 盈正] 已存檔，共 2433 筆
2026-09-26 02:50:57,790 [INFO] 進度 215/1925：上櫃 3629 地心引力 (3629.TWO)
2026-09-26 02:50:58,002 [INFO] [3629 地心引力] 已存檔，共 2433 筆
2026-09-26 02:50:59,650 [INFO] 進度 216/1925：上櫃 3630 新鉅科 (3630.TWO)
2026-09-26 02:50:59,915 [INFO] [3630 新鉅科] 已存檔，共 2433 筆
2026-09-26 02:51:01,839 [INFO] 進度 217/1925：上櫃 3631 晟楠 (3631.TWO)
2026-09-26 02:51:02,118 [INFO] [3631 晟楠] 已存檔，共 2433 筆
2026-09-26 02:51:03,662 [INFO] 進度 218/1925：上櫃 3632 研勤 (3632.TWO)
2026-09-26 02:51:03,919 [INFO] [3632 研勤] 已存檔，共 2433 筆
2026-09-26 02:51:05,544 [INFO] 進度 219/1925：上櫃 3646 艾恩特 (3646.TWO)
2026-09-26 02:51:05,831 [INFO] [3646 艾恩特] 已存檔，共 2433 筆
2026-09-26 02:51:07,135 [INFO] 進度 220/1925：上櫃 3663 鑫科 (3663.TWO)
2026-09-26 02:51:07,403 [INFO] [3663 鑫科] 已存檔，共 2433 筆
2026-09-26 02:51:08,782 [INFO] 進度 221/1925：上櫃 3664 安瑞-KY (3664.TWO)
2026-09-26 02:51:09,020 [INFO] [3664 安瑞-KY] 已存檔，共 2433 筆
2026-09-26 02:51:10,454 [INFO] 進度 222/1925：上櫃 3666 光耀 (3666.TWO)
2026-09-26 02:51:10,703 [INFO] [3666 光耀] 已存檔，共 2433 筆
2026-09-26 02:51:12,116 [INFO] 進度 223/1925：上櫃 3672 康聯訊 (3672.TWO)
2026-09-26 02:51:12,370 [INFO] [3672 康聯訊] 已存檔，共 2433 筆
2026-09-26 02:51:14,254 [INFO] 進度 224/1925：上櫃 3675 德微 (3675.TWO)
2026-09-26 02:51:14,519 [INFO] [3675 德微] 已存檔，共 2433 筆
2026-09-26 02:51:16,324 [INFO] 進度 225/1925：上櫃 3680 家登 (3680.TWO)
2026-09-26 02:51:16,619 [INFO] [3680 家登] 已存檔，共 2433 筆
2026-09-26 02:51:18,246 [INFO] 進度 226/1925：上櫃 3684 榮昌 (3684.TWO)
2026-09-26 02:51:18,537 [INFO] [3684 榮昌] 已存檔，共 2433 筆
2026-09-26 02:51:19,884 [INFO] 進度 227/1925：上櫃 3685 元創精密 (3685.TWO)
2026-09-26 02:51:20,148 [INFO] [3685 元創精密] 已存檔，共 2433 筆
2026-09-26 02:51:21,562 [INFO] 進度 228/1925：上櫃 3687 歐買尬 (3687.TWO)
2026-09-26 02:51:21,935 [INFO] [3687 歐買尬] 已存檔，共 2433 筆
2026-09-26 02:51:23,454 [INFO] 進度 229/1925：上櫃 3689 湧德 (3689.TWO)
2026-09-26 02:51:23,729 [INFO] [3689 湧德] 已存檔，共 2434 筆
2026-09-26 02:51:24,972 [INFO] 進度 230/1925：上櫃 3691 碩禾 (3691.TWO)
2026-09-26 02:51:25,235 [INFO] [3691 碩禾] 已存檔，共 2433 筆
2026-09-26 02:51:27,009 [INFO] 進度 231/1925：上櫃 3693 營邦 (3693.TWO)
2026-09-26 02:51:27,317 [INFO] [3693 營邦] 已存檔，共 2433 筆
2026-09-26 02:51:28,529 [INFO] 進度 232/1925：上櫃 3707 漢磊 (3707.TWO)
2026-09-26 02:51:28,790 [INFO] [3707 漢磊] 已存檔，共 2433 筆
2026-09-26 02:51:30,371 [INFO] 進度 233/1925：上櫃 3709 鑫聯大投控 (3709.TWO)
2026-09-26 02:51:30,713 [INFO] [3709 鑫聯大投控] 已存檔，共 2204 筆
2026-09-26 02:51:32,292 [INFO] 進度 234/1925：上櫃 3710 連展投控 (3710.TWO)
2026-09-26 02:51:32,597 [INFO] [3710 連展投控] 已存檔，共 2433 筆
2026-09-26 02:51:34,082 [INFO] 進度 235/1925：上櫃 3713 新晶投控 (3713.TWO)
2026-09-26 02:51:34,277 [INFO] [3713 新晶投控] 已存檔，共 1600 筆
2026-09-26 02:51:35,571 [INFO] 進度 236/1925：上櫃 4102 永日 (4102.TWO)
2026-09-26 02:51:35,931 [INFO] [4102 永日] 已存檔，共 2433 筆
2026-09-26 02:51:37,537 [INFO] 進度 237/1925：上櫃 4105 東洋 (4105.TWO)
2026-09-26 02:51:37,862 [INFO] [4105 東洋] 已存檔，共 2433 筆
2026-09-26 02:51:39,578 [INFO] 進度 238/1925：上櫃 4107 邦特 (4107.TWO)
2026-09-26 02:51:39,841 [INFO] [4107 邦特] 已存檔，共 2433 筆
2026-09-26 02:51:41,104 [INFO] 進度 239/1925：上櫃 4109 加捷生醫 (4109.TWO)
2026-09-26 02:51:41,408 [INFO] [4109 加捷生醫] 已存檔，共 2433 筆
2026-09-26 02:51:43,076 [INFO] 進度 240/1925：上櫃 4111 濟生 (4111.TWO)
2026-09-26 02:51:43,374 [INFO] [4111 濟生] 已存檔，共 2433 筆
2026-09-26 02:51:45,090 [INFO] 進度 241/1925：上櫃 4113 聯上 (4113.TWO)
2026-09-26 02:51:45,366 [INFO] [4113 聯上] 已存檔，共 2433 筆
2026-09-26 02:51:46,937 [INFO] 進度 242/1925：上櫃 4114 健喬 (4114.TWO)
2026-09-26 02:51:47,300 [INFO] [4114 健喬] 已存檔，共 2433 筆
2026-09-26 02:51:49,249 [INFO] 進度 243/1925：上櫃 4116 明基醫 (4116.TWO)
2026-09-26 02:51:49,551 [INFO] [4116 明基醫] 已存檔，共 2433 筆
2026-09-26 02:51:51,427 [INFO] 進度 244/1925：上櫃 4120 友華 (4120.TWO)
2026-09-26 02:51:51,722 [INFO] [4120 友華] 已存檔，共 2433 筆
2026-09-26 02:51:52,940 [INFO] 進度 245/1925：上櫃 4121 優盛 (4121.TWO)
2026-09-26 02:51:53,243 [INFO] [4121 優盛] 已存檔，共 2433 筆
2026-09-26 02:51:54,916 [INFO] 進度 246/1925：上櫃 4123 晟德 (4123.TWO)
2026-09-26 02:51:55,215 [INFO] [4123 晟德] 已存檔，共 2433 筆
2026-09-26 02:51:56,543 [INFO] 進度 247/1925：上櫃 4126 太醫 (4126.TWO)
2026-09-26 02:51:56,922 [INFO] [4126 太醫] 已存檔，共 2433 筆
2026-09-26 02:51:58,397 [INFO] 進度 248/1925：上櫃 4127 天良 (4127.TWO)
2026-09-26 02:51:58,674 [INFO] [4127 天良] 已存檔，共 2433 筆
2026-09-26 02:51:59,944 [INFO] 進度 249/1925：上櫃 4128 中天 (4128.TWO)
2026-09-26 02:52:00,244 [INFO] [4128 中天] 已存檔，共 2433 筆
2026-09-26 02:52:02,162 [INFO] 進度 250/1925：上櫃 4129 聯合 (4129.TWO)
2026-09-26 02:52:02,436 [INFO] [4129 聯合] 已存檔，共 2433 筆
2026-09-26 02:52:04,407 [INFO] 進度 251/1925：上櫃 4130 健亞 (4130.TWO)
2026-09-26 02:52:04,965 [ERROR] HTTP Error 404: {"quoteSummary":{"result":null,"error":{"code":"Not Found","description":"Quote not found for symbol: 4130.TWO"}}}
2026-09-26 02:52:05,300 [ERROR] $4130.TWO: No data found, symbol may be delisted
2026-09-26 02:52:05,301 [INFO] [4130 健亞] 無資料或抓取失敗
2026-09-26 02:52:07,022 [INFO] 進度 252/1925：上櫃 4131 浩泰 (4131.TWO)
2026-09-26 02:52:07,351 [INFO] [4131 浩泰] 已存檔，共 2433 筆
2026-09-26 02:52:08,758 [INFO] 進度 253/1925：上櫃 4138 曜亞 (4138.TWO)
2026-09-26 02:52:09,035 [INFO] [4138 曜亞] 已存檔，共 2433 筆
2026-09-26 02:52:10,458 [INFO] 進度 254/1925：上櫃 4139 馬光-KY (4139.TWO)
2026-09-26 02:52:10,796 [INFO] [4139 馬光-KY] 已存檔，共 2433 筆
2026-09-26 02:52:12,442 [INFO] 進度 255/1925：上櫃 4147 中裕 (4147.TWO)
2026-09-26 02:52:12,734 [INFO] [4147 中裕] 已存檔，共 2433 筆
2026-09-26 02:52:14,167 [INFO] 進度 256/1925：上櫃 4153 鈺緯 (4153.TWO)
2026-09-26 02:52:14,468 [INFO] [4153 鈺緯] 已存檔，共 2433 筆
2026-09-26 02:52:15,987 [INFO] 進度 257/1925：上櫃 4154 樂威科-KY (4154.TWO)
2026-09-26 02:52:16,261 [INFO] [4154 樂威科-KY] 已存檔，共 2433 筆
2026-09-26 02:52:18,004 [INFO] 進度 258/1925：上櫃 4157 太景*-KY (4157.TWO)
2026-09-26 02:52:18,255 [INFO] [4157 太景*-KY] 已存檔，共 2433 筆
2026-09-26 02:52:19,860 [INFO] 進度 259/1925：上櫃 4160 訊聯基因 (4160.TWO)
2026-09-26 02:52:20,150 [INFO] [4160 訊聯基因] 已存檔，共 2433 筆
2026-09-26 02:52:21,817 [INFO] 進度 260/1925：上櫃 4161 聿新科 (4161.TWO)
2026-09-26 02:52:22,187 [INFO] [4161 聿新科] 已存檔，共 2433 筆
2026-09-26 02:52:23,829 [INFO] 進度 261/1925：上櫃 4162 智擎 (4162.TWO)
2026-09-26 02:52:24,216 [INFO] [4162 智擎] 已存檔，共 2433 筆
2026-09-26 02:52:25,561 [INFO] 進度 262/1925：上櫃 4163 鐿鈦 (4163.TWO)
2026-09-26 02:52:25,820 [INFO] [4163 鐿鈦] 已存檔，共 2433 筆
2026-09-26 02:52:27,217 [INFO] 進度 263/1925：上櫃 4166 友霖 (4166.TWO)
2026-09-26 02:52:27,538 [INFO] [4166 友霖] 已存檔，共 2433 筆
2026-09-26 02:52:29,053 [INFO] 進度 264/1925：上櫃 4167 松瑞藥 (4167.TWO)
2026-09-26 02:52:29,313 [INFO] [4167 松瑞藥] 已存檔，共 2433 筆
2026-09-26 02:52:30,745 [INFO] 進度 265/1925：上櫃 4168 醣聯 (4168.TWO)
2026-09-26 02:52:31,073 [INFO] [4168 醣聯] 已存檔，共 2433 筆
2026-09-26 02:52:32,484 [INFO] 進度 266/1925：上櫃 4171 瑞基 (4171.TWO)
2026-09-26 02:52:32,752 [INFO] [4171 瑞基] 已存檔，共 2433 筆
2026-09-26 02:52:34,029 [INFO] 進度 267/1925：上櫃 4173 久裕 (4173.TWO)
2026-09-26 02:52:34,294 [INFO] [4173 久裕] 已存檔，共 2433 筆
2026-09-26 02:52:35,812 [INFO] 進度 268/1925：上櫃 4174 浩鼎 (4174.TWO)
2026-09-26 02:52:36,072 [INFO] [4174 浩鼎] 已存檔，共 2433 筆
2026-09-26 02:52:37,770 [INFO] 進度 269/1925：上櫃 4175 杏一 (4175.TWO)
2026-09-26 02:52:38,036 [INFO] [4175 杏一] 已存檔，共 2433 筆
2026-09-26 02:52:39,732 [INFO] 進度 270/1925：上櫃 4183 福永生技 (4183.TWO)
2026-09-26 02:52:39,997 [INFO] [4183 福永生技] 已存檔，共 2433 筆
2026-09-26 02:52:41,967 [INFO] 進度 271/1925：上櫃 4188 安克 (4188.TWO)
2026-09-26 02:52:42,215 [INFO] [4188 安克] 已存檔，共 2433 筆
2026-09-26 02:52:43,618 [INFO] 進度 272/1925：上櫃 4192 杏國 (4192.TWO)
2026-09-26 02:52:43,944 [INFO] [4192 杏國] 已存檔，共 2433 筆
2026-09-26 02:52:45,814 [INFO] 進度 273/1925：上櫃 4198 欣大健康 (4198.TWO)
2026-09-26 02:52:46,093 [INFO] [4198 欣大健康] 已存檔，共 2433 筆
2026-09-26 02:52:47,856 [INFO] 進度 274/1925：上櫃 4205 中華食 (4205.TWO)
2026-09-26 02:52:48,134 [INFO] [4205 中華食] 已存檔，共 2433 筆
2026-09-26 02:52:49,521 [INFO] 進度 275/1925：上櫃 4207 環泰 (4207.TWO)
2026-09-26 02:52:49,794 [INFO] [4207 環泰] 已存檔，共 2433 筆
2026-09-26 02:52:51,143 [INFO] 進度 276/1925：上櫃 4303 信立 (4303.TWO)
2026-09-26 02:52:51,419 [INFO] [4303 信立] 已存檔，共 2433 筆
2026-09-26 02:52:52,703 [INFO] 進度 277/1925：上櫃 4304 勝昱 (4304.TWO)
2026-09-26 02:52:53,000 [INFO] [4304 勝昱] 已存檔，共 2433 筆
2026-09-26 02:52:54,778 [INFO] 進度 278/1925：上櫃 4305 世坤 (4305.TWO)
2026-09-26 02:52:55,059 [INFO] [4305 世坤] 已存檔，共 2433 筆
2026-09-26 02:52:56,392 [INFO] 進度 279/1925：上櫃 4401 東隆興 (4401.TWO)
2026-09-26 02:52:56,678 [INFO] [4401 東隆興] 已存檔，共 2433 筆
2026-09-26 02:52:57,893 [INFO] 進度 280/1925：上櫃 4402 郡都開發 (4402.TWO)
2026-09-26 02:52:58,153 [INFO] [4402 郡都開發] 已存檔，共 2433 筆
2026-09-26 02:53:00,042 [INFO] 進度 281/1925：上櫃 4406 新昕纖 (4406.TWO)
2026-09-26 02:53:00,308 [INFO] [4406 新昕纖] 已存檔，共 2433 筆
2026-09-26 02:53:02,061 [INFO] 進度 282/1925：上櫃 4413 飛寶企業 (4413.TWO)
2026-09-26 02:53:02,324 [INFO] [4413 飛寶企業] 已存檔，共 2433 筆
2026-09-26 02:53:03,947 [INFO] 進度 283/1925：上櫃 4416 三圓 (4416.TWO)
2026-09-26 02:53:04,229 [INFO] [4416 三圓] 已存檔，共 2433 筆
2026-09-26 02:53:05,738 [INFO] 進度 284/1925：上櫃 4417 金洲 (4417.TWO)
2026-09-26 02:53:06,103 [INFO] [4417 金洲] 已存檔，共 2433 筆
2026-09-26 02:53:07,698 [INFO] 進度 285/1925：上櫃 4419 皇家美食 (4419.TWO)
2026-09-26 02:53:07,928 [INFO] [4419 皇家美食] 已存檔，共 2433 筆
2026-09-26 02:53:09,416 [INFO] 進度 286/1925：上櫃 4420 光明 (4420.TWO)
2026-09-26 02:53:09,748 [INFO] [4420 光明] 已存檔，共 2433 筆
2026-09-26 02:53:11,673 [INFO] 進度 287/1925：上櫃 4430 耀億 (4430.TWO)
2026-09-26 02:53:12,051 [INFO] [4430 耀億] 已存檔，共 2433 筆
2026-09-26 02:53:13,882 [INFO] 進度 288/1925：上櫃 4432 銘旺實 (4432.TWO)
2026-09-26 02:53:14,153 [INFO] [4432 銘旺實] 已存檔，共 2433 筆
2026-09-26 02:53:15,546 [INFO] 進度 289/1925：上櫃 4433 興采 (4433.TWO)
2026-09-26 02:53:15,826 [INFO] [4433 興采] 已存檔，共 2433 筆
2026-09-26 02:53:17,123 [INFO] 進度 290/1925：上櫃 4442 竣邦-KY (4442.TWO)
2026-09-26 02:53:17,301 [INFO] [4442 竣邦-KY] 已存檔，共 685 筆
2026-09-26 02:53:18,842 [INFO] 進度 291/1925：上櫃 4502 健信 (4502.TWO)
2026-09-26 02:53:19,134 [INFO] [4502 健信] 已存檔，共 2433 筆
2026-09-26 02:53:20,410 [INFO] 進度 292/1925：上櫃 4503 金雨 (4503.TWO)
2026-09-26 02:53:20,667 [INFO] [4503 金雨] 已存檔，共 2433 筆
2026-09-26 02:53:22,562 [INFO] 進度 293/1925：上櫃 4506 崇友 (4506.TWO)
2026-09-26 02:53:22,844 [INFO] [4506 崇友] 已存檔，共 2433 筆
2026-09-26 02:53:24,112 [INFO] 進度 294/1925：上櫃 4510 高鋒 (4510.TWO)
2026-09-26 02:53:24,387 [INFO] [4510 高鋒] 已存檔，共 2433 筆
2026-09-26 02:53:25,917 [INFO] 進度 295/1925：上櫃 4513 福裕 (4513.TWO)
2026-09-26 02:53:26,342 [INFO] [4513 福裕] 已存檔，共 2433 筆
2026-09-26 02:53:27,568 [INFO] 進度 296/1925：上櫃 4523 永彰 (4523.TWO)
2026-09-26 02:53:27,848 [INFO] [4523 永彰] 已存檔，共 2433 筆
2026-09-26 02:53:29,320 [INFO] 進度 297/1925：上櫃 4527 方土霖 (4527.TWO)
2026-09-26 02:53:29,586 [INFO] [4527 方土霖] 已存檔，共 2433 筆
2026-09-26 02:53:30,955 [INFO] 進度 298/1925：上櫃 4528 江興鍛 (4528.TWO)
2026-09-26 02:53:31,251 [INFO] [4528 江興鍛] 已存檔，共 2433 筆
2026-09-26 02:53:32,873 [INFO] 進度 299/1925：上櫃 4529 淳紳 (4529.TWO)
2026-09-26 02:53:33,199 [INFO] [4529 淳紳] 已存檔，共 2433 筆
2026-09-26 02:53:34,448 [INFO] 進度 300/1925：上櫃 4530 宏易 (4530.TWO)
2026-09-26 02:53:34,710 [INFO] [4530 宏易] 已存檔，共 2433 筆
2026-09-26 02:53:36,332 [INFO] 進度 301/1925：上櫃 4533 協易機 (4533.TWO)
2026-09-26 02:53:36,601 [INFO] [4533 協易機] 已存檔，共 2433 筆
2026-09-26 02:53:38,228 [INFO] 進度 302/1925：上櫃 4534 慶騰 (4534.TWO)
2026-09-26 02:53:38,487 [INFO] [4534 慶騰] 已存檔，共 2433 筆
2026-09-26 02:53:39,898 [INFO] 進度 303/1925：上櫃 4535 至興 (4535.TWO)
2026-09-26 02:53:40,282 [INFO] [4535 至興] 已存檔，共 2433 筆
2026-09-26 02:53:41,733 [INFO] 進度 304/1925：上櫃 4538 大詠城 (4538.TWO)
2026-09-26 02:53:42,097 [INFO] [4538 大詠城] 已存檔，共 2433 筆
2026-09-26 02:53:43,911 [INFO] 進度 305/1925：上櫃 4541 晟田 (4541.TWO)
2026-09-26 02:53:44,268 [INFO] [4541 晟田] 已存檔，共 2433 筆
2026-09-26 02:53:45,911 [INFO] 進度 306/1925：上櫃 4542 科嶠 (4542.TWO)
2026-09-26 02:53:46,202 [INFO] [4542 科嶠] 已存檔，共 2433 筆
2026-09-26 02:53:47,691 [INFO] 進度 307/1925：上櫃 4543 萬在 (4543.TWO)
2026-09-26 02:53:48,106 [INFO] [4543 萬在] 已存檔，共 2433 筆
2026-09-26 02:53:49,825 [INFO] 進度 308/1925：上櫃 4549 桓達 (4549.TWO)
2026-09-26 02:53:50,189 [INFO] [4549 桓達] 已存檔，共 2433 筆
2026-09-26 02:53:51,558 [INFO] 進度 309/1925：上櫃 4550 長佳 (4550.TWO)
2026-09-26 02:53:51,821 [INFO] [4550 長佳] 已存檔，共 2433 筆
2026-09-26 02:53:53,549 [INFO] 進度 310/1925：上櫃 4554 橙的 (4554.TWO)
2026-09-26 02:53:53,849 [INFO] [4554 橙的] 已存檔，共 2433 筆
2026-09-26 02:53:55,241 [INFO] 進度 311/1925：上櫃 4556 旭然 (4556.TWO)
2026-09-26 02:53:55,511 [INFO] [4556 旭然] 已存檔，共 2433 筆
2026-09-26 02:53:56,946 [INFO] 進度 312/1925：上櫃 4558 寶緯 (4558.TWO)
2026-09-26 02:53:57,274 [INFO] [4558 寶緯] 已存檔，共 2433 筆
2026-09-26 02:53:58,860 [INFO] 進度 313/1925：上櫃 4561 健椿 (4561.TWO)
2026-09-26 02:53:59,153 [INFO] [4561 健椿] 已存檔，共 2387 筆
2026-09-26 02:54:00,486 [INFO] 進度 314/1925：上櫃 4563 百德 (4563.TWO)
2026-09-26 02:54:00,736 [INFO] [4563 百德] 已存檔，共 2433 筆
2026-09-26 02:54:02,203 [INFO] 進度 315/1925：上櫃 4568 科際精密 (4568.TWO)
2026-09-26 02:54:02,451 [INFO] [4568 科際精密] 已存檔，共 2168 筆
2026-09-26 02:54:04,208 [INFO] 進度 316/1925：上櫃 4577 達航科技 (4577.TWO)
2026-09-26 02:54:04,426 [INFO] [4577 達航科技] 已存檔，共 1438 筆
2026-09-26 02:54:06,196 [INFO] 進度 317/1925：上櫃 4580 捷流閥業 (4580.TWO)
2026-09-26 02:54:06,425 [INFO] [4580 捷流閥業] 已存檔，共 1887 筆
2026-09-26 02:54:08,040 [INFO] 進度 318/1925：上櫃 4584 君帆 (4584.TWO)
2026-09-26 02:54:08,251 [INFO] [4584 君帆] 已存檔，共 1209 筆
2026-09-26 02:54:09,725 [INFO] 進度 319/1925：上櫃 4609 唐鋒 (4609.TWO)
2026-09-26 02:54:10,040 [INFO] [4609 唐鋒] 已存檔，共 2433 筆
2026-09-26 02:54:11,642 [INFO] 進度 320/1925：上櫃 4702 中美實 (4702.TWO)
2026-09-26 02:54:11,922 [INFO] [4702 中美實] 已存檔，共 2433 筆
2026-09-26 02:54:13,842 [INFO] 進度 321/1925：上櫃 4706 大恭 (4706.TWO)
2026-09-26 02:54:14,202 [INFO] [4706 大恭] 已存檔，共 2433 筆
2026-09-26 02:54:15,522 [INFO] 進度 322/1925：上櫃 4707 磐亞 (4707.TWO)
2026-09-26 02:54:15,838 [INFO] [4707 磐亞] 已存檔，共 2433 筆
2026-09-26 02:54:17,543 [INFO] 進度 323/1925：上櫃 4711 永純 (4711.TWO)
2026-09-26 02:54:17,832 [INFO] [4711 永純] 已存檔，共 2433 筆
2026-09-26 02:54:19,550 [INFO] 進度 324/1925：上櫃 4714 永捷 (4714.TWO)
2026-09-26 02:54:19,919 [INFO] [4714 永捷] 已存檔，共 2433 筆
2026-09-26 02:54:21,126 [INFO] 進度 325/1925：上櫃 4716 大立 (4716.TWO)
2026-09-26 02:54:21,442 [INFO] [4716 大立] 已存檔，共 2433 筆
2026-09-26 02:54:23,342 [INFO] 進度 326/1925：上櫃 4721 美琪瑪 (4721.TWO)
2026-09-26 02:54:23,643 [INFO] [4721 美琪瑪] 已存檔，共 2433 筆
2026-09-26 02:54:25,407 [INFO] 進度 327/1925：上櫃 4726 永昕 (4726.TWO)
2026-09-26 02:54:25,744 [INFO] [4726 永昕] 已存檔，共 2433 筆
2026-09-26 02:54:27,486 [INFO] 進度 328/1925：上櫃 4728 雙美 (4728.TWO)
2026-09-26 02:54:27,778 [INFO] [4728 雙美] 已存檔，共 2433 筆
2026-09-26 02:54:29,155 [INFO] 進度 329/1925：上櫃 4729 熒茂 (4729.TWO)
2026-09-26 02:54:29,443 [INFO] [4729 熒茂] 已存檔，共 2433 筆
2026-09-26 02:54:31,154 [INFO] 進度 330/1925：上櫃 4735 豪展 (4735.TWO)
2026-09-26 02:54:31,454 [INFO] [4735 豪展] 已存檔，共 2433 筆
2026-09-26 02:54:33,401 [INFO] 進度 331/1925：上櫃 4741 泓瀚 (4741.TWO)
2026-09-26 02:54:33,768 [INFO] [4741 泓瀚] 已存檔，共 2433 筆
2026-09-26 02:54:35,281 [INFO] 進度 332/1925：上櫃 4743 合一 (4743.TWO)
2026-09-26 02:54:35,557 [INFO] [4743 合一] 已存檔，共 2433 筆
2026-09-26 02:54:36,977 [INFO] 進度 333/1925：上櫃 4744 皇將 (4744.TWO)
2026-09-26 02:54:37,250 [INFO] [4744 皇將] 已存檔，共 2433 筆
2026-09-26 02:54:38,878 [INFO] 進度 334/1925：上櫃 4745 合富-KY (4745.TWO)
2026-09-26 02:54:39,182 [INFO] [4745 合富-KY] 已存檔，共 2433 筆
2026-09-26 02:54:41,061 [INFO] 進度 335/1925：上櫃 4747 強生 (4747.TWO)
2026-09-26 02:54:41,365 [INFO] [4747 強生] 已存檔，共 2433 筆
2026-09-26 02:54:42,711 [INFO] 進度 336/1925：上櫃 4749 新應材 (4749.TWO)
2026-09-26 02:54:42,895 [INFO] [4749 新應材] 已存檔，共 1122 筆
2026-09-26 02:54:44,348 [INFO] 進度 337/1925：上櫃 4754 國碳科 (4754.TWO)
2026-09-26 02:54:44,640 [INFO] [4754 國碳科] 已存檔，共 2433 筆
2026-09-26 02:54:46,468 [INFO] 進度 338/1925：上櫃 4760 勤凱 (4760.TWO)
2026-09-26 02:54:46,763 [INFO] [4760 勤凱] 已存檔，共 2433 筆
2026-09-26 02:54:48,395 [INFO] 進度 339/1925：上櫃 4767 誠泰科技 (4767.TWO)
2026-09-26 02:54:48,626 [INFO] [4767 誠泰科技] 已存檔，共 2183 筆
2026-09-26 02:54:50,241 [INFO] 進度 340/1925：上櫃 4768 晶呈科技 (4768.TWO)
2026-09-26 02:54:50,547 [INFO] [4768 晶呈科技] 已存檔，共 1661 筆
2026-09-26 02:54:51,885 [INFO] 進度 341/1925：上櫃 4772 台特化 (4772.TWO)
2026-09-26 02:54:52,075 [INFO] [4772 台特化] 已存檔，共 971 筆
2026-09-26 02:54:53,958 [INFO] 進度 342/1925：上櫃 4804 大略-KY (4804.TWO)
2026-09-26 02:54:54,294 [INFO] [4804 大略-KY] 已存檔，共 2433 筆
2026-09-26 02:54:55,508 [INFO] 進度 343/1925：上櫃 4806 桂田文創 (4806.TWO)
2026-09-26 02:54:55,785 [INFO] [4806 桂田文創] 已存檔，共 2433 筆
2026-09-26 02:54:57,514 [INFO] 進度 344/1925：上櫃 4903 聯光通 (4903.TWO)
2026-09-26 02:54:57,766 [INFO] [4903 聯光通] 已存檔，共 2433 筆
2026-09-26 02:54:59,613 [INFO] 進度 345/1925：上櫃 4905 台聯電 (4905.TWO)
2026-09-26 02:55:00,156 [INFO] [4905 台聯電] 已存檔，共 2433 筆
2026-09-26 02:55:01,761 [INFO] 進度 346/1925：上櫃 4907 富宇 (4907.TWO)
2026-09-26 02:55:02,043 [INFO] [4907 富宇] 已存檔，共 2433 筆
2026-09-26 02:55:03,681 [INFO] 進度 347/1925：上櫃 4908 前鼎 (4908.TWO)
2026-09-26 02:55:03,988 [INFO] [4908 前鼎] 已存檔，共 2433 筆
2026-09-26 02:55:05,378 [INFO] 進度 348/1925：上櫃 4909 新復興 (4909.TWO)
2026-09-26 02:55:05,648 [INFO] [4909 新復興] 已存檔，共 2433 筆
2026-09-26 02:55:07,104 [INFO] 進度 349/1925：上櫃 4911 德英 (4911.TWO)
2026-09-26 02:55:07,404 [INFO] [4911 德英] 已存檔，共 2433 筆
2026-09-26 02:55:09,288 [INFO] 進度 350/1925：上櫃 4923 力士 (4923.TWO)
2026-09-26 02:55:09,623 [INFO] [4923 力士] 已存檔，共 2433 筆
2026-09-26 02:55:10,850 [INFO] 進度 351/1925：上櫃 4924 欣厚-KY (4924.TWO)
2026-09-26 02:55:11,179 [INFO] [4924 欣厚-KY] 已存檔，共 2433 筆
2026-09-26 02:55:12,914 [INFO] 進度 352/1925：上櫃 4931 新盛力 (4931.TWO)
2026-09-26 02:55:13,176 [INFO] [4931 新盛力] 已存檔，共 2433 筆
2026-09-26 02:55:14,545 [INFO] 進度 353/1925：上櫃 4933 友輝 (4933.TWO)
2026-09-26 02:55:14,845 [INFO] [4933 友輝] 已存檔，共 2433 筆
2026-09-26 02:55:16,192 [INFO] 進度 354/1925：上櫃 4939 亞電 (4939.TWO)
2026-09-26 02:55:16,573 [INFO] [4939 亞電] 已存檔，共 2433 筆
2026-09-26 02:55:18,270 [INFO] 進度 355/1925：上櫃 4946 辣椒 (4946.TWO)
2026-09-26 02:55:18,520 [INFO] [4946 辣椒] 已存檔，共 2433 筆
2026-09-26 02:55:19,903 [INFO] 進度 356/1925：上櫃 4950 金耘國際 (4950.TWO)
2026-09-26 02:55:20,162 [INFO] [4950 金耘國際] 已存檔，共 2433 筆
2026-09-26 02:55:22,055 [INFO] 進度 357/1925：上櫃 4951 精拓科 (4951.TWO)
2026-09-26 02:55:22,438 [INFO] [4951 精拓科] 已存檔，共 2433 筆
2026-09-26 02:55:24,127 [INFO] 進度 358/1925：上櫃 4953 緯軟 (4953.TWO)
2026-09-26 02:55:24,400 [INFO] [4953 緯軟] 已存檔，共 2433 筆
2026-09-26 02:55:25,708 [INFO] 進度 359/1925：上櫃 4966 譜瑞-KY (4966.TWO)
2026-09-26 02:55:25,985 [INFO] [4966 譜瑞-KY] 已存檔，共 2433 筆
2026-09-26 02:55:27,559 [INFO] 進度 360/1925：上櫃 4971 IET-KY (4971.TWO)
2026-09-26 02:55:27,812 [INFO] [4971 IET-KY] 已存檔，共 2433 筆
2026-09-26 02:55:29,633 [INFO] 進度 361/1925：上櫃 4972 湯石照明 (4972.TWO)
2026-09-26 02:55:29,887 [INFO] [4972 湯石照明] 已存檔，共 2433 筆
2026-09-26 02:55:31,190 [INFO] 進度 362/1925：上櫃 4973 廣穎 (4973.TWO)
2026-09-26 02:55:31,467 [INFO] [4973 廣穎] 已存檔，共 2433 筆
2026-09-26 02:55:32,828 [INFO] 進度 363/1925：上櫃 4974 亞泰 (4974.TWO)
2026-09-26 02:55:33,108 [INFO] [4974 亞泰] 已存檔，共 2433 筆
2026-09-26 02:55:34,333 [INFO] 進度 364/1925：上櫃 4979 華星光 (4979.TWO)
2026-09-26 02:55:34,628 [INFO] [4979 華星光] 已存檔，共 2433 筆
2026-09-26 02:55:36,592 [INFO] 進度 365/1925：上櫃 4987 科誠 (4987.TWO)
2026-09-26 02:55:37,047 [ERROR] $4987.TWO: No data found, symbol may be delisted
2026-09-26 02:55:37,048 [INFO] [4987 科誠] 無資料或抓取失敗
2026-09-26 02:55:38,481 [INFO] 進度 366/1925：上櫃 4991 環宇-KY (4991.TWO)
2026-09-26 02:55:38,732 [INFO] [4991 環宇-KY] 已存檔，共 2433 筆
2026-09-26 02:55:40,343 [INFO] 進度 367/1925：上櫃 4995 晶達 (4995.TWO)
2026-09-26 02:55:40,598 [INFO] [4995 晶達] 已存檔，共 2433 筆
2026-09-26 02:55:41,890 [INFO] 進度 368/1925：上櫃 5009 榮剛 (5009.TWO)
2026-09-26 02:55:42,156 [INFO] [5009 榮剛] 已存檔，共 2433 筆
2026-09-26 02:55:43,947 [INFO] 進度 369/1925：上櫃 5011 久陽 (5011.TWO)
2026-09-26 02:55:44,239 [INFO] [5011 久陽] 已存檔，共 2433 筆
2026-09-26 02:55:45,661 [INFO] 進度 370/1925：上櫃 5013 強新 (5013.TWO)
2026-09-26 02:55:45,972 [INFO] [5013 強新] 已存檔，共 2433 筆
2026-09-26 02:55:47,564 [INFO] 進度 371/1925：上櫃 5014 建錩 (5014.TWO)
2026-09-26 02:55:47,870 [INFO] [5014 建錩] 已存檔，共 2433 筆
2026-09-26 02:55:49,376 [INFO] 進度 372/1925：上櫃 5015 華祺 (5015.TWO)
2026-09-26 02:55:49,691 [INFO] [5015 華祺] 已存檔，共 2433 筆
2026-09-26 02:55:50,932 [INFO] 進度 373/1925：上櫃 5016 松和 (5016.TWO)
2026-09-26 02:55:51,231 [INFO] [5016 松和] 已存檔，共 2433 筆
2026-09-26 02:55:52,443 [INFO] 進度 374/1925：上櫃 5201 凱衛 (5201.TWO)
2026-09-26 02:55:52,736 [INFO] [5201 凱衛] 已存檔，共 2433 筆
2026-09-26 02:55:53,971 [INFO] 進度 375/1925：上櫃 5202 力新 (5202.TWO)
2026-09-26 02:55:54,323 [INFO] [5202 力新] 已存檔，共 2433 筆
2026-09-26 02:55:55,576 [INFO] 進度 376/1925：上櫃 5205 中茂 (5205.TWO)
2026-09-26 02:55:55,808 [INFO] [5205 中茂] 已存檔，共 2433 筆
2026-09-26 02:55:57,026 [INFO] 進度 377/1925：上櫃 5206 坤悅 (5206.TWO)
2026-09-26 02:55:57,320 [INFO] [5206 坤悅] 已存檔，共 2433 筆
2026-09-26 02:55:59,317 [INFO] 進度 378/1925：上櫃 5209 新鼎 (5209.TWO)
2026-09-26 02:55:59,585 [INFO] [5209 新鼎] 已存檔，共 2433 筆
2026-09-26 02:56:01,054 [INFO] 進度 379/1925：上櫃 5210 寶碩 (5210.TWO)
2026-09-26 02:56:01,324 [INFO] [5210 寶碩] 已存檔，共 2433 筆
2026-09-26 02:56:03,236 [INFO] 進度 380/1925：上櫃 5211 蒙恬 (5211.TWO)
2026-09-26 02:56:03,516 [INFO] [5211 蒙恬] 已存檔，共 2433 筆
2026-09-26 02:56:05,253 [INFO] 進度 381/1925：上櫃 5212 凌網 (5212.TWO)
2026-09-26 02:56:05,539 [INFO] [5212 凌網] 已存檔，共 2433 筆
2026-09-26 02:56:07,007 [INFO] 進度 382/1925：上櫃 5213 亞昕 (5213.TWO)
2026-09-26 02:56:07,313 [INFO] [5213 亞昕] 已存檔，共 2433 筆
2026-09-26 02:56:08,980 [INFO] 進度 383/1925：上櫃 5220 萬達光電 (5220.TWO)
2026-09-26 02:56:09,270 [INFO] [5220 萬達光電] 已存檔，共 2433 筆
2026-09-26 02:56:10,589 [INFO] 進度 384/1925：上櫃 5223 安力-KY (5223.TWO)
2026-09-26 02:56:10,854 [INFO] [5223 安力-KY] 已存檔，共 2004 筆
2026-09-26 02:56:12,559 [INFO] 進度 385/1925：上櫃 5227 立凱-KY (5227.TWO)
2026-09-26 02:56:12,824 [INFO] [5227 立凱-KY] 已存檔，共 2433 筆
2026-09-26 02:56:14,648 [INFO] 進度 386/1925：上櫃 5228 鈺鎧 (5228.TWO)
2026-09-26 02:56:14,953 [INFO] [5228 鈺鎧] 已存檔，共 2433 筆
2026-09-26 02:56:16,865 [INFO] 進度 387/1925：上櫃 5230 雷笛克光學 (5230.TWO)
2026-09-26 02:56:17,141 [INFO] [5230 雷笛克光學] 已存檔，共 2433 筆
2026-09-26 02:56:18,385 [INFO] 進度 388/1925：上櫃 5236 凌陽創新 (5236.TWO)
2026-09-26 02:56:18,844 [ERROR] $5236.TWO: No data found, symbol may be delisted
2026-09-26 02:56:18,845 [INFO] [5236 凌陽創新] 無資料或抓取失敗
2026-09-26 02:56:20,672 [INFO] 進度 389/1925：上櫃 5245 智晶 (5245.TWO)
2026-09-26 02:56:20,928 [INFO] [5245 智晶] 已存檔，共 2433 筆
2026-09-26 02:56:22,167 [INFO] 進度 390/1925：上櫃 5251 天鉞電 (5251.TWO)
2026-09-26 02:56:22,441 [INFO] [5251 天鉞電] 已存檔，共 2433 筆
2026-09-26 02:56:24,327 [INFO] 進度 391/1925：上櫃 5263 智崴 (5263.TWO)
2026-09-26 02:56:24,614 [INFO] [5263 智崴] 已存檔，共 2433 筆
2026-09-26 02:56:26,422 [INFO] 進度 392/1925：上櫃 5272 笙科 (5272.TWO)
2026-09-26 02:56:26,692 [INFO] [5272 笙科] 已存檔，共 2433 筆
2026-09-26 02:56:28,650 [INFO] 進度 393/1925：上櫃 5274 信驊 (5274.TWO)
2026-09-26 02:56:28,950 [INFO] [5274 信驊] 已存檔，共 2433 筆
2026-09-26 02:56:30,405 [INFO] 進度 394/1925：上櫃 5276 達輝-KY (5276.TWO)
2026-09-26 02:56:30,741 [INFO] [5276 達輝-KY] 已存檔，共 2433 筆
2026-09-26 02:56:32,361 [INFO] 進度 395/1925：上櫃 5278 尚凡* (5278.TWO)
2026-09-26 02:56:32,653 [INFO] [5278 尚凡*] 已存檔，共 2433 筆
2026-09-26 02:56:34,495 [INFO] 進度 396/1925：上櫃 5287 數字 (5287.TWO)
2026-09-26 02:56:34,857 [INFO] [5287 數字] 已存檔，共 2433 筆
2026-09-26 02:56:36,832 [INFO] 進度 397/1925：上櫃 5289 宜鼎 (5289.TWO)
2026-09-26 02:56:37,138 [INFO] [5289 宜鼎] 已存檔，共 2433 筆
2026-09-26 02:56:39,034 [INFO] 進度 398/1925：上櫃 5291 邑昇 (5291.TWO)
2026-09-26 02:56:39,287 [INFO] [5291 邑昇] 已存檔，共 2433 筆
2026-09-26 02:56:41,252 [INFO] 進度 399/1925：上櫃 5299 杰力 (5299.TWO)
2026-09-26 02:56:41,513 [INFO] [5299 杰力] 已存檔，共 2433 筆
2026-09-26 02:56:43,360 [INFO] 進度 400/1925：上櫃 5301 寶得利 (5301.TWO)
2026-09-26 02:56:43,609 [INFO] [5301 寶得利] 已存檔，共 2433 筆
2026-09-26 02:56:45,329 [INFO] 進度 401/1925：上櫃 5302 太欣 (5302.TWO)
2026-09-26 02:56:45,562 [INFO] [5302 太欣] 已存檔，共 2433 筆
2026-09-26 02:56:47,445 [INFO] 進度 402/1925：上櫃 5309 系統電 (5309.TWO)
2026-09-26 02:56:47,721 [INFO] [5309 系統電] 已存檔，共 2433 筆
2026-09-26 02:56:49,646 [INFO] 進度 403/1925：上櫃 5310 天剛 (5310.TWO)
2026-09-26 02:56:49,926 [INFO] [5310 天剛] 已存檔，共 2433 筆
2026-09-26 02:56:51,231 [INFO] 進度 404/1925：上櫃 5312 寶島科 (5312.TWO)
2026-09-26 02:56:51,509 [INFO] [5312 寶島科] 已存檔，共 2433 筆
2026-09-26 02:56:53,173 [INFO] 進度 405/1925：上櫃 5314 世紀* (5314.TWO)
2026-09-26 02:56:53,530 [INFO] [5314 世紀*] 已存檔，共 2433 筆
2026-09-26 02:56:55,004 [INFO] 進度 406/1925：上櫃 5315 光聯 (5315.TWO)
2026-09-26 02:56:55,274 [INFO] [5315 光聯] 已存檔，共 2433 筆
2026-09-26 02:56:57,077 [INFO] 進度 407/1925：上櫃 5321 美而快 (5321.TWO)
2026-09-26 02:56:57,322 [INFO] [5321 美而快] 已存檔，共 2433 筆
2026-09-26 02:56:58,590 [INFO] 進度 408/1925：上櫃 5324 士開 (5324.TWO)
2026-09-26 02:56:58,915 [INFO] [5324 士開] 已存檔，共 2433 筆
2026-09-26 02:57:00,429 [INFO] 進度 409/1925：上櫃 5328 華容 (5328.TWO)
2026-09-26 02:57:00,687 [INFO] [5328 華容] 已存檔，共 2433 筆
2026-09-26 02:57:02,036 [INFO] 進度 410/1925：上櫃 5340 建榮 (5340.TWO)
2026-09-26 02:57:02,392 [INFO] [5340 建榮] 已存檔，共 2433 筆
2026-09-26 02:57:04,207 [INFO] 進度 411/1925：上櫃 5344 立衛 (5344.TWO)
2026-09-26 02:57:04,453 [INFO] [5344 立衛] 已存檔，共 2433 筆
2026-09-26 02:57:05,923 [INFO] 進度 412/1925：上櫃 5345 馥鴻 (5345.TWO)
2026-09-26 02:57:06,162 [INFO] [5345 馥鴻] 已存檔，共 2433 筆
2026-09-26 02:57:08,052 [INFO] 進度 413/1925：上櫃 5347 世界 (5347.TWO)
2026-09-26 02:57:08,319 [INFO] [5347 世界] 已存檔，共 2433 筆
2026-09-26 02:57:09,551 [INFO] 進度 414/1925：上櫃 5348 正能量智能 (5348.TWO)
2026-09-26 02:57:09,874 [INFO] [5348 正能量智能] 已存檔，共 2433 筆
2026-09-26 02:57:11,578 [INFO] 進度 415/1925：上櫃 5351 鈺創 (5351.TWO)
2026-09-26 02:57:11,887 [INFO] [5351 鈺創] 已存檔，共 2433 筆
2026-09-26 02:57:13,848 [INFO] 進度 416/1925：上櫃 5353 台林 (5353.TWO)
2026-09-26 02:57:14,137 [INFO] [5353 台林] 已存檔，共 2433 筆
2026-09-26 02:57:15,521 [INFO] 進度 417/1925：上櫃 5355 佳總 (5355.TWO)
2026-09-26 02:57:15,764 [INFO] [5355 佳總] 已存檔，共 2433 筆
2026-09-26 02:57:16,977 [INFO] 進度 418/1925：上櫃 5356 協益 (5356.TWO)
2026-09-26 02:57:17,327 [INFO] [5356 協益] 已存檔，共 2433 筆
2026-09-26 02:57:18,920 [INFO] 進度 419/1925：上櫃 5364 力麗店 (5364.TWO)
2026-09-26 02:57:19,194 [INFO] [5364 力麗店] 已存檔，共 2433 筆
2026-09-26 02:57:20,660 [INFO] 進度 420/1925：上櫃 5371 中光電 (5371.TWO)
2026-09-26 02:57:20,843 [INFO] [5371 中光電] 已存檔，共 35 筆
2026-09-26 02:57:22,240 [INFO] 進度 421/1925：上櫃 5381 合正 (5381.TWO)
2026-09-26 02:57:22,531 [INFO] [5381 合正] 已存檔，共 2433 筆
2026-09-26 02:57:23,835 [INFO] 進度 422/1925：上櫃 5386 青雲 (5386.TWO)
2026-09-26 02:57:24,140 [INFO] [5386 青雲] 已存檔，共 2433 筆
2026-09-26 02:57:26,125 [INFO] 進度 423/1925：上櫃 5392 能率 (5392.TWO)
2026-09-26 02:57:26,556 [INFO] [5392 能率] 已存檔，共 2433 筆
2026-09-26 02:57:27,955 [INFO] 進度 424/1925：上櫃 5398 慕康生醫 (5398.TWO)
2026-09-26 02:57:28,265 [INFO] [5398 慕康生醫] 已存檔，共 2433 筆
2026-09-26 02:57:29,634 [INFO] 進度 425/1925：上櫃 5403 中菲 (5403.TWO)
2026-09-26 02:57:29,916 [INFO] [5403 中菲] 已存檔，共 2433 筆
2026-09-26 02:57:31,390 [INFO] 進度 426/1925：上櫃 5410 國眾 (5410.TWO)
2026-09-26 02:57:31,676 [INFO] [5410 國眾] 已存檔，共 2433 筆
2026-09-26 02:57:33,488 [INFO] 進度 427/1925：上櫃 5425 台半 (5425.TWO)
2026-09-26 02:57:33,764 [INFO] [5425 台半] 已存檔，共 2433 筆
2026-09-26 02:57:35,124 [INFO] 進度 428/1925：上櫃 5426 振發 (5426.TWO)
2026-09-26 02:57:35,406 [INFO] [5426 振發] 已存檔，共 2433 筆
2026-09-26 02:57:37,345 [INFO] 進度 429/1925：上櫃 5432 新門 (5432.TWO)
2026-09-26 02:57:37,647 [INFO] [5432 新門] 已存檔，共 2433 筆
2026-09-26 02:57:39,001 [INFO] 進度 430/1925：上櫃 5438 東友 (5438.TWO)
2026-09-26 02:57:39,286 [INFO] [5438 東友] 已存檔，共 2434 筆
2026-09-26 02:57:40,783 [INFO] 進度 431/1925：上櫃 5439 高技 (5439.TWO)
2026-09-26 02:57:41,101 [INFO] [5439 高技] 已存檔，共 2433 筆
2026-09-26 02:57:42,517 [INFO] 進度 432/1925：上櫃 5443 均豪 (5443.TWO)
2026-09-26 02:57:42,878 [INFO] [5443 均豪] 已存檔，共 2433 筆
2026-09-26 02:57:44,232 [INFO] 進度 433/1925：上櫃 5450 南良 (5450.TWO)
2026-09-26 02:57:44,514 [INFO] [5450 南良] 已存檔，共 2433 筆
2026-09-26 02:57:45,715 [INFO] 進度 434/1925：上櫃 5452 佶優 (5452.TWO)
2026-09-26 02:57:45,992 [INFO] [5452 佶優] 已存檔，共 2433 筆
2026-09-26 02:57:47,833 [INFO] 進度 435/1925：上櫃 5455 昇益 (5455.TWO)
2026-09-26 02:57:48,100 [INFO] [5455 昇益] 已存檔，共 2433 筆
2026-09-26 02:57:49,622 [INFO] 進度 436/1925：上櫃 5457 宣德 (5457.TWO)
2026-09-26 02:57:50,058 [INFO] [5457 宣德] 已存檔，共 2433 筆
2026-09-26 02:57:51,474 [INFO] 進度 437/1925：上櫃 5460 同協 (5460.TWO)
2026-09-26 02:57:51,746 [INFO] [5460 同協] 已存檔，共 2433 筆
2026-09-26 02:57:53,385 [INFO] 進度 438/1925：上櫃 5464 霖宏 (5464.TWO)
2026-09-26 02:57:53,668 [INFO] [5464 霖宏] 已存檔，共 2433 筆
2026-09-26 02:57:55,241 [INFO] 進度 439/1925：上櫃 5465 富驊 (5465.TWO)
2026-09-26 02:57:55,547 [INFO] [5465 富驊] 已存檔，共 2433 筆
2026-09-26 02:57:56,891 [INFO] 進度 440/1925：上櫃 5468 凱鈺 (5468.TWO)
2026-09-26 02:57:57,298 [INFO] [5468 凱鈺] 已存檔，共 2433 筆
2026-09-26 02:57:59,154 [INFO] 進度 441/1925：上櫃 5474 聰泰 (5474.TWO)
2026-09-26 02:57:59,443 [INFO] [5474 聰泰] 已存檔，共 2433 筆
2026-09-26 02:58:01,340 [INFO] 進度 442/1925：上櫃 5475 德宏 (5475.TWO)
2026-09-26 02:58:01,618 [INFO] [5475 德宏] 已存檔，共 2433 筆
2026-09-26 02:58:03,223 [INFO] 進度 443/1925：上櫃 5478 智冠 (5478.TWO)
2026-09-26 02:58:03,579 [INFO] [5478 智冠] 已存檔，共 2433 筆
2026-09-26 02:58:05,481 [INFO] 進度 444/1925：上櫃 5481 新華 (5481.TWO)
2026-09-26 02:58:05,789 [INFO] [5481 新華] 已存檔，共 2433 筆
2026-09-26 02:58:07,338 [INFO] 進度 445/1925：上櫃 5483 中美晶 (5483.TWO)
2026-09-26 02:58:07,628 [INFO] [5483 中美晶] 已存檔，共 2433 筆
2026-09-26 02:58:09,008 [INFO] 進度 446/1925：上櫃 5487 通泰 (5487.TWO)
2026-09-26 02:58:09,348 [INFO] [5487 通泰] 已存檔，共 2433 筆
2026-09-26 02:58:10,994 [INFO] 進度 447/1925：上櫃 5488 松普 (5488.TWO)
2026-09-26 02:58:11,263 [INFO] [5488 松普] 已存檔，共 2433 筆
2026-09-26 02:58:12,484 [INFO] 進度 448/1925：上櫃 5489 彩富 (5489.TWO)
2026-09-26 02:58:12,785 [INFO] [5489 彩富] 已存檔，共 2433 筆
2026-09-26 02:58:14,202 [INFO] 進度 449/1925：上櫃 5490 同亨 (5490.TWO)
2026-09-26 02:58:14,504 [INFO] [5490 同亨] 已存檔，共 2433 筆
2026-09-26 02:58:16,224 [INFO] 進度 450/1925：上櫃 5493 三聯 (5493.TWO)
2026-09-26 02:58:16,533 [INFO] [5493 三聯] 已存檔，共 2433 筆
2026-09-26 02:58:18,392 [INFO] 進度 451/1925：上櫃 5498 凱崴 (5498.TWO)
2026-09-26 02:58:18,678 [INFO] [5498 凱崴] 已存檔，共 2433 筆
2026-09-26 02:58:20,167 [INFO] 進度 452/1925：上櫃 5508 永信建 (5508.TWO)
2026-09-26 02:58:20,435 [INFO] [5508 永信建] 已存檔，共 2433 筆
2026-09-26 02:58:22,312 [INFO] 進度 453/1925：上櫃 5511 德昌 (5511.TWO)
2026-09-26 02:58:22,600 [INFO] [5511 德昌] 已存檔，共 2433 筆
2026-09-26 02:58:23,985 [INFO] 進度 454/1925：上櫃 5512 力麒 (5512.TWO)
2026-09-26 02:58:24,302 [INFO] [5512 力麒] 已存檔，共 2433 筆
2026-09-26 02:58:26,201 [INFO] 進度 455/1925：上櫃 5514 三豐 (5514.TWO)
2026-09-26 02:58:26,497 [INFO] [5514 三豐] 已存檔，共 2433 筆
2026-09-26 02:58:27,805 [INFO] 進度 456/1925：上櫃 5516 雙喜 (5516.TWO)
2026-09-26 02:58:28,095 [INFO] [5516 雙喜] 已存檔，共 2433 筆
2026-09-26 02:58:29,607 [INFO] 進度 457/1925：上櫃 5520 力泰 (5520.TWO)
2026-09-26 02:58:29,890 [INFO] [5520 力泰] 已存檔，共 2433 筆
2026-09-26 02:58:31,241 [INFO] 進度 458/1925：上櫃 5523 豐謙 (5523.TWO)
2026-09-26 02:58:31,517 [INFO] [5523 豐謙] 已存檔，共 2433 筆
2026-09-26 02:58:33,006 [INFO] 進度 459/1925：上櫃 5529 鉅陞 (5529.TWO)
2026-09-26 02:58:33,273 [INFO] [5529 鉅陞] 已存檔，共 2433 筆
2026-09-26 02:58:35,057 [INFO] 進度 460/1925：上櫃 5530 龍巖 (5530.TWO)
2026-09-26 02:58:35,318 [INFO] [5530 龍巖] 已存檔，共 2433 筆
2026-09-26 02:58:37,130 [INFO] 進度 461/1925：上櫃 5536 聖暉* (5536.TWO)
2026-09-26 02:58:37,438 [INFO] [5536 聖暉*] 已存檔，共 2433 筆
2026-09-26 02:58:38,679 [INFO] 進度 462/1925：上櫃 5543 桓鼎-KY (5543.TWO)
2026-09-26 02:58:38,960 [INFO] [5543 桓鼎-KY] 已存檔，共 2433 筆
2026-09-26 02:58:40,543 [INFO] 進度 463/1925：上櫃 5547 久舜 (5547.TWO)
2026-09-26 02:58:40,780 [INFO] [5547 久舜] 已存檔，共 1629 筆
2026-09-26 02:58:42,033 [INFO] 進度 464/1925：上櫃 5548 安倉 (5548.TWO)
2026-09-26 02:58:42,240 [INFO] [5548 安倉] 已存檔，共 945 筆
2026-09-26 02:58:43,594 [INFO] 進度 465/1925：上櫃 5601 台聯櫃 (5601.TWO)
2026-09-26 02:58:43,876 [INFO] [5601 台聯櫃] 已存檔，共 2433 筆
2026-09-26 02:58:45,412 [INFO] 進度 466/1925：上櫃 5603 陸海 (5603.TWO)
2026-09-26 02:58:45,690 [INFO] [5603 陸海] 已存檔，共 2433 筆
2026-09-26 02:58:46,932 [INFO] 進度 467/1925：上櫃 5604 中連 (5604.TWO)
2026-09-26 02:58:47,227 [INFO] [5604 中連] 已存檔，共 2433 筆
2026-09-26 02:58:49,207 [INFO] 進度 468/1925：上櫃 5609 中菲行 (5609.TWO)
2026-09-26 02:58:49,507 [INFO] [5609 中菲行] 已存檔，共 2433 筆
2026-09-26 02:58:50,897 [INFO] 進度 469/1925：上櫃 5701 劍湖山 (5701.TWO)
2026-09-26 02:58:51,165 [INFO] [5701 劍湖山] 已存檔，共 2433 筆
2026-09-26 02:58:53,138 [INFO] 進度 470/1925：上櫃 5703 亞都 (5703.TWO)
2026-09-26 02:58:53,400 [INFO] [5703 亞都] 已存檔，共 2433 筆
2026-09-26 02:58:55,237 [INFO] 進度 471/1925：上櫃 5704 老爺知 (5704.TWO)
2026-09-26 02:58:55,661 [INFO] [5704 老爺知] 已存檔，共 2433 筆
2026-09-26 02:58:57,097 [INFO] 進度 472/1925：上櫃 5864 致和證 (5864.TWO)
2026-09-26 02:58:57,384 [INFO] [5864 致和證] 已存檔，共 2433 筆
2026-09-26 02:58:59,132 [INFO] 進度 473/1925：上櫃 5878 台名 (5878.TWO)
2026-09-26 02:58:59,394 [INFO] [5878 台名] 已存檔，共 2433 筆
2026-09-26 02:59:01,027 [INFO] 進度 474/1925：上櫃 5902 德記 (5902.TWO)
2026-09-26 02:59:01,327 [INFO] [5902 德記] 已存檔，共 2433 筆
2026-09-26 02:59:02,634 [INFO] 進度 475/1925：上櫃 5903 全家 (5903.TWO)
2026-09-26 02:59:02,897 [INFO] [5903 全家] 已存檔，共 2433 筆
2026-09-26 02:59:04,290 [INFO] 進度 476/1925：上櫃 5904 寶雅 (5904.TWO)
2026-09-26 02:59:04,571 [INFO] [5904 寶雅] 已存檔，共 2433 筆
2026-09-26 02:59:06,155 [INFO] 進度 477/1925：上櫃 5905 南仁湖 (5905.TWO)
2026-09-26 02:59:06,420 [INFO] [5905 南仁湖] 已存檔，共 2433 筆
2026-09-26 02:59:08,381 [INFO] 進度 478/1925：上櫃 6015 宏遠證 (6015.TWO)
2026-09-26 02:59:08,654 [INFO] [6015 宏遠證] 已存檔，共 2433 筆
2026-09-26 02:59:10,476 [INFO] 進度 479/1925：上櫃 6016 康和證 (6016.TWO)
2026-09-26 02:59:10,756 [INFO] [6016 康和證] 已存檔，共 2433 筆
2026-09-26 02:59:12,125 [INFO] 進度 480/1925：上櫃 6020 大展證 (6020.TWO)
2026-09-26 02:59:12,450 [INFO] [6020 大展證] 已存檔，共 2433 筆
2026-09-26 02:59:13,850 [INFO] 進度 481/1925：上櫃 6021 美好證 (6021.TWO)
2026-09-26 02:59:14,140 [INFO] [6021 美好證] 已存檔，共 2433 筆
2026-09-26 02:59:15,440 [INFO] 進度 482/1925：上櫃 6023 元大期 (6023.TWO)
2026-09-26 02:59:15,732 [INFO] [6023 元大期] 已存檔，共 2433 筆
2026-09-26 02:59:17,338 [INFO] 進度 483/1925：上櫃 6026 福邦證 (6026.TWO)
2026-09-26 02:59:17,600 [INFO] [6026 福邦證] 已存檔，共 2433 筆
2026-09-26 02:59:19,558 [INFO] 進度 484/1925：上櫃 6101 寬魚國際 (6101.TWO)
2026-09-26 02:59:19,871 [INFO] [6101 寬魚國際] 已存檔，共 2433 筆
2026-09-26 02:59:21,581 [INFO] 進度 485/1925：上櫃 6103 合邦 (6103.TWO)
2026-09-26 02:59:21,856 [INFO] [6103 合邦] 已存檔，共 2433 筆
2026-09-26 02:59:23,131 [INFO] 進度 486/1925：上櫃 6104 創惟 (6104.TWO)
2026-09-26 02:59:23,439 [INFO] [6104 創惟] 已存檔，共 2433 筆
2026-09-26 02:59:24,897 [INFO] 進度 487/1925：上櫃 6109 亞元 (6109.TWO)
2026-09-26 02:59:25,169 [INFO] [6109 亞元] 已存檔，共 2433 筆
2026-09-26 02:59:26,513 [INFO] 進度 488/1925：上櫃 6111 光聚晶電 (6111.TWO)
2026-09-26 02:59:26,803 [INFO] [6111 光聚晶電] 已存檔，共 2433 筆
2026-09-26 02:59:28,025 [INFO] 進度 489/1925：上櫃 6113 亞矽 (6113.TWO)
2026-09-26 02:59:28,402 [INFO] [6113 亞矽] 已存檔，共 2433 筆
2026-09-26 02:59:29,604 [INFO] 進度 490/1925：上櫃 6114 久威 (6114.TWO)
2026-09-26 02:59:29,880 [INFO] [6114 久威] 已存檔，共 2433 筆
2026-09-26 02:59:31,811 [INFO] 進度 491/1925：上櫃 6118 建達 (6118.TWO)
2026-09-26 02:59:32,119 [INFO] [6118 建達] 已存檔，共 2433 筆
2026-09-26 02:59:33,328 [INFO] 進度 492/1925：上櫃 6121 新普 (6121.TWO)
2026-09-26 02:59:33,591 [INFO] [6121 新普] 已存檔，共 2433 筆
2026-09-26 02:59:35,294 [INFO] 進度 493/1925：上櫃 6122 擎邦 (6122.TWO)
2026-09-26 02:59:35,608 [INFO] [6122 擎邦] 已存檔，共 2433 筆
2026-09-26 02:59:37,005 [INFO] 進度 494/1925：上櫃 6123 上奇 (6123.TWO)
2026-09-26 02:59:37,309 [INFO] [6123 上奇] 已存檔，共 2433 筆
2026-09-26 02:59:39,158 [INFO] 進度 495/1925：上櫃 6124 業強 (6124.TWO)
2026-09-26 02:59:39,390 [INFO] [6124 業強] 已存檔，共 2433 筆
2026-09-26 02:59:41,130 [INFO] 進度 496/1925：上櫃 6125 廣運 (6125.TWO)
2026-09-26 02:59:41,426 [INFO] [6125 廣運] 已存檔，共 2433 筆
2026-09-26 02:59:42,817 [INFO] 進度 497/1925：上櫃 6126 信音 (6126.TWO)
2026-09-26 02:59:43,128 [INFO] [6126 信音] 已存檔，共 2433 筆
2026-09-26 02:59:44,961 [INFO] 進度 498/1925：上櫃 6127 九豪 (6127.TWO)
2026-09-26 02:59:45,231 [INFO] [6127 九豪] 已存檔，共 2433 筆
2026-09-26 02:59:46,638 [INFO] 進度 499/1925：上櫃 6129 普誠 (6129.TWO)
2026-09-26 02:59:46,910 [INFO] [6129 普誠] 已存檔，共 2433 筆
2026-09-26 02:59:48,293 [INFO] 進度 500/1925：上櫃 6130 上亞科技 (6130.TWO)
2026-09-26 02:59:48,568 [INFO] [6130 上亞科技] 已存檔，共 2433 筆
2026-09-26 02:59:50,250 [INFO] 進度 501/1925：上櫃 6134 萬旭 (6134.TWO)
2026-09-26 02:59:50,556 [INFO] [6134 萬旭] 已存檔，共 2433 筆
2026-09-26 02:59:52,230 [INFO] 進度 502/1925：上櫃 6138 茂達 (6138.TWO)
2026-09-26 02:59:52,512 [INFO] [6138 茂達] 已存檔，共 2433 筆
2026-09-26 02:59:53,776 [INFO] 進度 503/1925：上櫃 6140 訊達 (6140.TWO)
2026-09-26 02:59:54,094 [INFO] [6140 訊達] 已存檔，共 2433 筆
2026-09-26 02:59:55,670 [INFO] 進度 504/1925：上櫃 6143 振曜 (6143.TWO)
2026-09-26 02:59:55,925 [INFO] [6143 振曜] 已存檔，共 2433 筆
2026-09-26 02:59:57,700 [INFO] 進度 505/1925：上櫃 6144 得利影 (6144.TWO)
2026-09-26 02:59:57,956 [INFO] [6144 得利影] 已存檔，共 2433 筆
2026-09-26 02:59:59,745 [INFO] 進度 506/1925：上櫃 6146 耕興 (6146.TWO)
2026-09-26 03:00:00,040 [INFO] [6146 耕興] 已存檔，共 2433 筆
2026-09-26 03:00:01,867 [INFO] 進度 507/1925：上櫃 6147 頎邦 (6147.TWO)
2026-09-26 03:00:02,162 [INFO] [6147 頎邦] 已存檔，共 2433 筆
2026-09-26 03:00:03,657 [INFO] 進度 508/1925：上櫃 6148 驊宏資 (6148.TWO)
2026-09-26 03:00:03,935 [INFO] [6148 驊宏資] 已存檔，共 2433 筆
2026-09-26 03:00:05,419 [INFO] 進度 509/1925：上櫃 6150 撼訊 (6150.TWO)
2026-09-26 03:00:05,794 [INFO] [6150 撼訊] 已存檔，共 2433 筆
2026-09-26 03:00:07,372 [INFO] 進度 510/1925：上櫃 6151 晉倫 (6151.TWO)
2026-09-26 03:00:07,667 [INFO] [6151 晉倫] 已存檔，共 2433 筆
2026-09-26 03:00:08,894 [INFO] 進度 511/1925：上櫃 6154 順發 (6154.TWO)
2026-09-26 03:00:09,181 [INFO] [6154 順發] 已存檔，共 2433 筆
2026-09-26 03:00:10,708 [INFO] 進度 512/1925：上櫃 6156 松上 (6156.TWO)
2026-09-26 03:00:10,991 [INFO] [6156 松上] 已存檔，共 2433 筆
2026-09-26 03:00:12,434 [INFO] 進度 513/1925：上櫃 6158 禾昌 (6158.TWO)
2026-09-26 03:00:12,818 [INFO] [6158 禾昌] 已存檔，共 2433 筆
2026-09-26 03:00:14,117 [INFO] 進度 514/1925：上櫃 6160 欣技 (6160.TWO)
2026-09-26 03:00:14,500 [INFO] [6160 欣技] 已存檔，共 2433 筆
2026-09-26 03:00:15,891 [INFO] 進度 515/1925：上櫃 6161 捷波 (6161.TWO)
2026-09-26 03:00:16,195 [INFO] [6161 捷波] 已存檔，共 2433 筆
2026-09-26 03:00:18,183 [INFO] 進度 516/1925：上櫃 6163 華電網 (6163.TWO)
2026-09-26 03:00:18,450 [INFO] [6163 華電網] 已存檔，共 2433 筆
2026-09-26 03:00:20,148 [INFO] 進度 517/1925：上櫃 6167 久正 (6167.TWO)
2026-09-26 03:00:20,422 [INFO] [6167 久正] 已存檔，共 2433 筆
2026-09-26 03:00:21,774 [INFO] 進度 518/1925：上櫃 6169 昱泉 (6169.TWO)
2026-09-26 03:00:22,022 [INFO] [6169 昱泉] 已存檔，共 2433 筆
2026-09-26 03:00:23,628 [INFO] 進度 519/1925：上櫃 6170 統振 (6170.TWO)
2026-09-26 03:00:23,921 [INFO] [6170 統振] 已存檔，共 2433 筆
2026-09-26 03:00:25,438 [INFO] 進度 520/1925：上櫃 6171 大城地產 (6171.TWO)
2026-09-26 03:00:25,709 [INFO] [6171 大城地產] 已存檔，共 2433 筆
2026-09-26 03:00:26,938 [INFO] 進度 521/1925：上櫃 6173 信昌電 (6173.TWO)
2026-09-26 03:00:27,208 [INFO] [6173 信昌電] 已存檔，共 2433 筆
2026-09-26 03:00:28,530 [INFO] 進度 522/1925：上櫃 6174 安碁 (6174.TWO)
2026-09-26 03:00:28,822 [INFO] [6174 安碁] 已存檔，共 2433 筆
2026-09-26 03:00:30,407 [INFO] 進度 523/1925：上櫃 6175 立敦 (6175.TWO)
2026-09-26 03:00:30,705 [INFO] [6175 立敦] 已存檔，共 2433 筆
2026-09-26 03:00:32,182 [INFO] 進度 524/1925：上櫃 6179 亞通 (6179.TWO)
2026-09-26 03:00:32,497 [INFO] [6179 亞通] 已存檔，共 2433 筆
2026-09-26 03:00:33,752 [INFO] 進度 525/1925：上櫃 6180 橘子 (6180.TWO)
2026-09-26 03:00:34,015 [INFO] [6180 橘子] 已存檔，共 2433 筆
2026-09-26 03:00:35,701 [INFO] 進度 526/1925：上櫃 6182 合晶 (6182.TWO)
2026-09-26 03:00:36,026 [INFO] [6182 合晶] 已存檔，共 2433 筆
2026-09-26 03:00:37,893 [INFO] 進度 527/1925：上櫃 6185 幃翔 (6185.TWO)
2026-09-26 03:00:38,175 [INFO] [6185 幃翔] 已存檔，共 2433 筆
2026-09-26 03:00:39,753 [INFO] 進度 528/1925：上櫃 6186 新潤 (6186.TWO)
2026-09-26 03:00:40,084 [INFO] [6186 新潤] 已存檔，共 2433 筆
2026-09-26 03:00:41,645 [INFO] 進度 529/1925：上櫃 6187 萬潤 (6187.TWO)
2026-09-26 03:00:41,954 [INFO] [6187 萬潤] 已存檔，共 2433 筆
2026-09-26 03:00:43,550 [INFO] 進度 530/1925：上櫃 6188 廣明 (6188.TWO)
2026-09-26 03:00:43,817 [INFO] [6188 廣明] 已存檔，共 2433 筆
2026-09-26 03:00:45,036 [INFO] 進度 531/1925：上櫃 6190 萬泰科 (6190.TWO)
2026-09-26 03:00:45,391 [INFO] [6190 萬泰科] 已存檔，共 2433 筆
2026-09-26 03:00:47,127 [INFO] 進度 532/1925：上櫃 6194 育富 (6194.TWO)
2026-09-26 03:00:47,505 [INFO] [6194 育富] 已存檔，共 2433 筆
2026-09-26 03:00:48,898 [INFO] 進度 533/1925：上櫃 6195 詩肯 (6195.TWO)
2026-09-26 03:00:49,167 [INFO] [6195 詩肯] 已存檔，共 2433 筆
2026-09-26 03:00:50,465 [INFO] 進度 534/1925：上櫃 6198 瑞築 (6198.TWO)
2026-09-26 03:00:50,699 [INFO] [6198 瑞築] 已存檔，共 2433 筆
2026-09-26 03:00:52,145 [INFO] 進度 535/1925：上櫃 6199 天品 (6199.TWO)
2026-09-26 03:00:52,401 [INFO] [6199 天品] 已存檔，共 2433 筆
2026-09-26 03:00:54,090 [INFO] 進度 536/1925：上櫃 6203 海韻電 (6203.TWO)
2026-09-26 03:00:54,401 [INFO] [6203 海韻電] 已存檔，共 2433 筆
2026-09-26 03:00:56,217 [INFO] 進度 537/1925：上櫃 6204 艾華 (6204.TWO)
2026-09-26 03:00:56,495 [INFO] [6204 艾華] 已存檔，共 2433 筆
2026-09-26 03:00:58,205 [INFO] 進度 538/1925：上櫃 6207 雷科 (6207.TWO)
2026-09-26 03:00:58,487 [INFO] [6207 雷科] 已存檔，共 2433 筆
2026-09-26 03:01:00,357 [INFO] 進度 539/1925：上櫃 6208 日揚 (6208.TWO)
2026-09-26 03:01:00,663 [INFO] [6208 日揚] 已存檔，共 2433 筆
2026-09-26 03:01:01,916 [INFO] 進度 540/1925：上櫃 6210 慶生 (6210.TWO)
2026-09-26 03:01:02,283 [INFO] [6210 慶生] 已存檔，共 2433 筆
2026-09-26 03:01:03,786 [INFO] 進度 541/1925：上櫃 6212 理銘 (6212.TWO)
2026-09-26 03:01:04,057 [INFO] [6212 理銘] 已存檔，共 2433 筆
2026-09-26 03:01:05,299 [INFO] 進度 542/1925：上櫃 6217 中探針 (6217.TWO)
2026-09-26 03:01:05,634 [INFO] [6217 中探針] 已存檔，共 2433 筆
2026-09-26 03:01:07,469 [INFO] 進度 543/1925：上櫃 6218 豪勉 (6218.TWO)
2026-09-26 03:01:07,742 [INFO] [6218 豪勉] 已存檔，共 2433 筆
2026-09-26 03:01:09,365 [INFO] 進度 544/1925：上櫃 6219 富旺 (6219.TWO)
2026-09-26 03:01:09,620 [INFO] [6219 富旺] 已存檔，共 2433 筆
2026-09-26 03:01:11,387 [INFO] 進度 545/1925：上櫃 6220 岳豐 (6220.TWO)
2026-09-26 03:01:11,810 [INFO] [6220 岳豐] 已存檔，共 2433 筆
2026-09-26 03:01:13,807 [INFO] 進度 546/1925：上櫃 6221 晉泰 (6221.TWO)
2026-09-26 03:01:14,105 [INFO] [6221 晉泰] 已存檔，共 2433 筆
2026-09-26 03:01:15,500 [INFO] 進度 547/1925：上櫃 6222 立軒 (6222.TWO)
2026-09-26 03:01:15,735 [INFO] [6222 立軒] 已存檔，共 2433 筆
2026-09-26 03:01:17,084 [INFO] 進度 548/1925：上櫃 6223 旺矽 (6223.TWO)
2026-09-26 03:01:17,346 [INFO] [6223 旺矽] 已存檔，共 2433 筆
2026-09-26 03:01:18,885 [INFO] 進度 549/1925：上櫃 6227 茂綸 (6227.TWO)
2026-09-26 03:01:19,205 [INFO] [6227 茂綸] 已存檔，共 2433 筆
2026-09-26 03:01:20,569 [INFO] 進度 550/1925：上櫃 6228 全譜 (6228.TWO)
2026-09-26 03:01:20,902 [INFO] [6228 全譜] 已存檔，共 2433 筆
2026-09-26 03:01:22,459 [INFO] 進度 551/1925：上櫃 6229 研通 (6229.TWO)
2026-09-26 03:01:22,759 [INFO] [6229 研通] 已存檔，共 2433 筆
2026-09-26 03:01:24,042 [INFO] 進度 552/1925：上櫃 6231 系微 (6231.TWO)
2026-09-26 03:01:24,356 [INFO] [6231 系微] 已存檔，共 2433 筆
2026-09-26 03:01:25,611 [INFO] 進度 553/1925：上櫃 6233 旺玖 (6233.TWO)
2026-09-26 03:01:25,936 [INFO] [6233 旺玖] 已存檔，共 2433 筆
2026-09-26 03:01:27,210 [INFO] 進度 554/1925：上櫃 6234 高僑 (6234.TWO)
2026-09-26 03:01:27,505 [INFO] [6234 高僑] 已存檔，共 2433 筆
2026-09-26 03:01:29,236 [INFO] 進度 555/1925：上櫃 6236 中湛 (6236.TWO)
2026-09-26 03:01:29,450 [INFO] [6236 中湛] 已存檔，共 2433 筆
2026-09-26 03:01:31,208 [INFO] 進度 556/1925：上櫃 6237 驊訊 (6237.TWO)
2026-09-26 03:01:31,476 [INFO] [6237 驊訊] 已存檔，共 2433 筆
2026-09-26 03:01:32,814 [INFO] 進度 557/1925：上櫃 6240 松崗 (6240.TWO)
2026-09-26 03:01:33,114 [INFO] [6240 松崗] 已存檔，共 2433 筆
2026-09-26 03:01:35,076 [INFO] 進度 558/1925：上櫃 6241 易通展 (6241.TWO)
2026-09-26 03:01:35,324 [INFO] [6241 易通展] 已存檔，共 2433 筆
2026-09-26 03:01:37,229 [INFO] 進度 559/1925：上櫃 6242 立康 (6242.TWO)
2026-09-26 03:01:37,503 [INFO] [6242 立康] 已存檔，共 2433 筆
2026-09-26 03:01:38,734 [INFO] 進度 560/1925：上櫃 6244 茂迪 (6244.TWO)
2026-09-26 03:01:39,038 [INFO] [6244 茂迪] 已存檔，共 2433 筆
2026-09-26 03:01:40,706 [INFO] 進度 561/1925：上櫃 6245 立端 (6245.TWO)
2026-09-26 03:01:40,989 [INFO] [6245 立端] 已存檔，共 2433 筆
2026-09-26 03:01:42,378 [INFO] 進度 562/1925：上櫃 6246 臺龍 (6246.TWO)
2026-09-26 03:01:42,683 [INFO] [6246 臺龍] 已存檔，共 2433 筆
2026-09-26 03:01:44,392 [INFO] 進度 563/1925：上櫃 6248 沛波 (6248.TWO)
2026-09-26 03:01:44,766 [INFO] [6248 沛波] 已存檔，共 2433 筆
2026-09-26 03:01:46,276 [INFO] 進度 564/1925：上櫃 6259 百徽 (6259.TWO)
2026-09-26 03:01:46,642 [INFO] [6259 百徽] 已存檔，共 2433 筆
2026-09-26 03:01:48,321 [INFO] 進度 565/1925：上櫃 6261 久元 (6261.TWO)
2026-09-26 03:01:48,649 [INFO] [6261 久元] 已存檔，共 2433 筆
2026-09-26 03:01:50,441 [INFO] 進度 566/1925：上櫃 6263 普萊德 (6263.TWO)
2026-09-26 03:01:50,715 [INFO] [6263 普萊德] 已存檔，共 2433 筆
2026-09-26 03:01:52,588 [INFO] 進度 567/1925：上櫃 6264 富裔 (6264.TWO)
2026-09-26 03:01:52,798 [INFO] [6264 富裔] 已存檔，共 2433 筆
2026-09-26 03:01:54,334 [INFO] 進度 568/1925：上櫃 6265 方土昶 (6265.TWO)
2026-09-26 03:01:54,589 [INFO] [6265 方土昶] 已存檔，共 2433 筆
2026-09-26 03:01:55,856 [INFO] 進度 569/1925：上櫃 6266 泰詠 (6266.TWO)
2026-09-26 03:01:56,235 [INFO] [6266 泰詠] 已存檔，共 2433 筆
2026-09-26 03:01:57,578 [INFO] 進度 570/1925：上櫃 6270 倍微 (6270.TWO)
2026-09-26 03:01:57,861 [INFO] [6270 倍微] 已存檔，共 2433 筆
2026-09-26 03:01:59,264 [INFO] 進度 571/1925：上櫃 6274 台燿 (6274.TWO)
2026-09-26 03:01:59,555 [INFO] [6274 台燿] 已存檔，共 2433 筆
2026-09-26 03:02:01,163 [INFO] 進度 572/1925：上櫃 6275 元山 (6275.TWO)
2026-09-26 03:02:01,441 [INFO] [6275 元山] 已存檔，共 2433 筆
2026-09-26 03:02:03,220 [INFO] 進度 573/1925：上櫃 6276 安鈦克 (6276.TWO)
2026-09-26 03:02:03,559 [INFO] [6276 安鈦克] 已存檔，共 2433 筆
2026-09-26 03:02:05,187 [INFO] 進度 574/1925：上櫃 6279 胡連 (6279.TWO)
2026-09-26 03:02:05,462 [INFO] [6279 胡連] 已存檔，共 2433 筆
2026-09-26 03:02:07,133 [INFO] 進度 575/1925：上櫃 6284 佳邦 (6284.TWO)
2026-09-26 03:02:07,402 [INFO] [6284 佳邦] 已存檔，共 2433 筆
2026-09-26 03:02:08,807 [INFO] 進度 576/1925：上櫃 6290 良維 (6290.TWO)
2026-09-26 03:02:09,064 [INFO] [6290 良維] 已存檔，共 2433 筆
2026-09-26 03:02:10,915 [INFO] 進度 577/1925：上櫃 6291 沛亨 (6291.TWO)
2026-09-26 03:02:11,215 [INFO] [6291 沛亨] 已存檔，共 2433 筆
2026-09-26 03:02:12,589 [INFO] 進度 578/1925：上櫃 6292 迅德 (6292.TWO)
2026-09-26 03:02:12,957 [INFO] [6292 迅德] 已存檔，共 2433 筆
2026-09-26 03:02:14,161 [INFO] 進度 579/1925：上櫃 6294 智基 (6294.TWO)
2026-09-26 03:02:14,435 [INFO] [6294 智基] 已存檔，共 2433 筆
2026-09-26 03:02:15,647 [INFO] 進度 580/1925：上櫃 6411 晶焱 (6411.TWO)
2026-09-26 03:02:15,911 [INFO] [6411 晶焱] 已存檔，共 2433 筆
2026-09-26 03:02:17,576 [INFO] 進度 581/1925：上櫃 6417 韋僑 (6417.TWO)
2026-09-26 03:02:17,912 [INFO] [6417 韋僑] 已存檔，共 2433 筆
2026-09-26 03:02:19,663 [INFO] 進度 582/1925：上櫃 6418 詠昇 (6418.TWO)
2026-09-26 03:02:20,000 [INFO] [6418 詠昇] 已存檔，共 2433 筆
2026-09-26 03:02:21,660 [INFO] 進度 583/1925：上櫃 6419 京晨科 (6419.TWO)
2026-09-26 03:02:21,921 [INFO] [6419 京晨科] 已存檔，共 2433 筆
2026-09-26 03:02:23,821 [INFO] 進度 584/1925：上櫃 6423 億而得 (6423.TWO)
2026-09-26 03:02:24,104 [INFO] [6423 億而得] 已存檔，共 2433 筆
2026-09-26 03:02:25,638 [INFO] 進度 585/1925：上櫃 6425 易發 (6425.TWO)
2026-09-26 03:02:25,920 [INFO] [6425 易發] 已存檔，共 2433 筆
2026-09-26 03:02:27,243 [INFO] 進度 586/1925：上櫃 6432 今展科 (6432.TWO)
2026-09-26 03:02:27,571 [INFO] [6432 今展科] 已存檔，共 2433 筆
2026-09-26 03:02:28,819 [INFO] 進度 587/1925：上櫃 6435 大中 (6435.TWO)
2026-09-26 03:02:29,170 [INFO] [6435 大中] 已存檔，共 2433 筆
2026-09-26 03:02:30,436 [INFO] 進度 588/1925：上櫃 6441 廣錠 (6441.TWO)
2026-09-26 03:02:30,723 [INFO] [6441 廣錠] 已存檔，共 2433 筆
2026-09-26 03:02:32,680 [INFO] 進度 589/1925：上櫃 6461 益得 (6461.TWO)
2026-09-26 03:02:32,924 [INFO] [6461 益得] 已存檔，共 2433 筆
2026-09-26 03:02:34,721 [INFO] 進度 590/1925：上櫃 6462 神盾 (6462.TWO)
2026-09-26 03:02:34,959 [INFO] [6462 神盾] 已存檔，共 2433 筆
2026-09-26 03:02:36,798 [INFO] 進度 591/1925：上櫃 6465 威潤 (6465.TWO)
2026-09-26 03:02:37,089 [INFO] [6465 威潤] 已存檔，共 2433 筆
2026-09-26 03:02:39,025 [INFO] 進度 592/1925：上櫃 6469 大樹 (6469.TWO)
2026-09-26 03:02:39,328 [INFO] [6469 大樹] 已存檔，共 2433 筆
2026-09-26 03:02:40,927 [INFO] 進度 593/1925：上櫃 6470 宇智 (6470.TWO)
2026-09-26 03:02:41,206 [INFO] [6470 宇智] 已存檔，共 2433 筆
2026-09-26 03:02:43,033 [INFO] 進度 594/1925：上櫃 6474 華豫寧 (6474.TWO)
2026-09-26 03:02:43,293 [INFO] [6474 華豫寧] 已存檔，共 2099 筆
2026-09-26 03:02:45,172 [INFO] 進度 595/1925：上櫃 6482 弘煜科 (6482.TWO)
2026-09-26 03:02:45,461 [INFO] [6482 弘煜科] 已存檔，共 2433 筆
2026-09-26 03:02:47,256 [INFO] 進度 596/1925：上櫃 6485 點序 (6485.TWO)
2026-09-26 03:02:47,549 [INFO] [6485 點序] 已存檔，共 2433 筆
2026-09-26 03:02:48,808 [INFO] 進度 597/1925：上櫃 6486 互動 (6486.TWO)
2026-09-26 03:02:49,073 [INFO] [6486 互動] 已存檔，共 2433 筆
2026-09-26 03:02:50,706 [INFO] 進度 598/1925：上櫃 6488 環球晶 (6488.TWO)
2026-09-26 03:02:50,953 [INFO] [6488 環球晶] 已存檔，共 2433 筆
2026-09-26 03:02:52,366 [INFO] 進度 599/1925：上櫃 6492 生華科 (6492.TWO)
2026-09-26 03:02:52,587 [INFO] [6492 生華科] 已存檔，共 2433 筆
2026-09-26 03:02:54,485 [INFO] 進度 600/1925：上櫃 6494 九齊 (6494.TWO)
2026-09-26 03:02:54,746 [INFO] [6494 九齊] 已存檔，共 2433 筆
2026-09-26 03:02:56,486 [INFO] 進度 601/1925：上櫃 6496 科懋 (6496.TWO)
2026-09-26 03:02:56,819 [INFO] [6496 科懋] 已存檔，共 2433 筆
2026-09-26 03:02:58,224 [INFO] 進度 602/1925：上櫃 6498 久禾光 (6498.TWO)
2026-09-26 03:02:58,505 [INFO] [6498 久禾光] 已存檔，共 2433 筆
2026-09-26 03:02:59,831 [INFO] 進度 603/1925：上櫃 6499 益安 (6499.TWO)
2026-09-26 03:03:00,074 [INFO] [6499 益安] 已存檔，共 2433 筆
2026-09-26 03:03:01,761 [INFO] 進度 604/1925：上櫃 6506 雙邦 (6506.TWO)
2026-09-26 03:03:02,064 [INFO] [6506 雙邦] 已存檔，共 2433 筆
2026-09-26 03:03:04,034 [INFO] 進度 605/1925：上櫃 6508 惠光 (6508.TWO)
2026-09-26 03:03:04,298 [INFO] [6508 惠光] 已存檔，共 2433 筆
2026-09-26 03:03:06,113 [INFO] 進度 606/1925：上櫃 6509 聚和 (6509.TWO)
2026-09-26 03:03:06,461 [INFO] [6509 聚和] 已存檔，共 2433 筆
2026-09-26 03:03:07,752 [INFO] 進度 607/1925：上櫃 6510 精測 (6510.TWO)
2026-09-26 03:03:08,008 [INFO] [6510 精測] 已存檔，共 2433 筆
2026-09-26 03:03:09,249 [INFO] 進度 608/1925：上櫃 6512 啟發電 (6512.TWO)
2026-09-26 03:03:09,559 [INFO] [6512 啟發電] 已存檔，共 2433 筆
2026-09-26 03:03:11,056 [INFO] 進度 609/1925：上櫃 6516 勤崴國際 (6516.TWO)
2026-09-26 03:03:11,319 [INFO] [6516 勤崴國際] 已存檔，共 2433 筆
2026-09-26 03:03:12,918 [INFO] 進度 610/1925：上櫃 6517 保勝光學 (6517.TWO)
2026-09-26 03:03:13,172 [INFO] [6517 保勝光學] 已存檔，共 2433 筆
2026-09-26 03:03:14,845 [INFO] 進度 611/1925：上櫃 6523 達爾膚 (6523.TWO)
2026-09-26 03:03:15,124 [INFO] [6523 達爾膚] 已存檔，共 2433 筆
2026-09-26 03:03:16,354 [INFO] 進度 612/1925：上櫃 6527 明達醫 (6527.TWO)
2026-09-26 03:03:16,604 [INFO] [6527 明達醫] 已存檔，共 2433 筆
2026-09-26 03:03:18,152 [INFO] 進度 613/1925：上櫃 6530 創威 (6530.TWO)
2026-09-26 03:03:18,434 [INFO] [6530 創威] 已存檔，共 2433 筆
2026-09-26 03:03:20,146 [INFO] 進度 614/1925：上櫃 6532 瑞耘 (6532.TWO)
2026-09-26 03:03:20,457 [INFO] [6532 瑞耘] 已存檔，共 2433 筆
2026-09-26 03:03:21,726 [INFO] 進度 615/1925：上櫃 6535 順藥 (6535.TWO)
2026-09-26 03:03:21,986 [INFO] [6535 順藥] 已存檔，共 2433 筆
2026-09-26 03:03:23,610 [INFO] 進度 616/1925：上櫃 6538 倉和 (6538.TWO)
2026-09-26 03:03:23,874 [INFO] [6538 倉和] 已存檔，共 2433 筆
2026-09-26 03:03:25,319 [INFO] 進度 617/1925：上櫃 6542 隆中 (6542.TWO)
2026-09-26 03:03:25,580 [INFO] [6542 隆中] 已存檔，共 2433 筆
2026-09-26 03:03:27,540 [INFO] 進度 618/1925：上櫃 6546 正基 (6546.TWO)
2026-09-26 03:03:27,802 [INFO] [6546 正基] 已存檔，共 2433 筆
2026-09-26 03:03:29,581 [INFO] 進度 619/1925：上櫃 6547 高端疫苗 (6547.TWO)
2026-09-26 03:03:29,841 [INFO] [6547 高端疫苗] 已存檔，共 2433 筆
2026-09-26 03:03:31,050 [INFO] 進度 620/1925：上櫃 6548 長科* (6548.TWO)
2026-09-26 03:03:31,310 [INFO] [6548 長科*] 已存檔，共 2433 筆
2026-09-26 03:03:32,592 [INFO] 進度 621/1925：上櫃 6556 勝品 (6556.TWO)
2026-09-26 03:03:32,850 [INFO] [6556 勝品] 已存檔，共 2433 筆
2026-09-26 03:03:34,441 [INFO] 進度 622/1925：上櫃 6560 欣普羅 (6560.TWO)
2026-09-26 03:03:34,897 [INFO] [6560 欣普羅] 已存檔，共 2433 筆
2026-09-26 03:03:36,590 [INFO] 進度 623/1925：上櫃 6561 是方 (6561.TWO)
2026-09-26 03:03:36,859 [INFO] [6561 是方] 已存檔，共 2250 筆
2026-09-26 03:03:38,468 [INFO] 進度 624/1925：上櫃 6568 宏觀 (6568.TWO)
2026-09-26 03:03:38,752 [INFO] [6568 宏觀] 已存檔，共 2433 筆
2026-09-26 03:03:40,147 [INFO] 進度 625/1925：上櫃 6569 醫揚 (6569.TWO)
2026-09-26 03:03:40,515 [INFO] [6569 醫揚] 已存檔，共 2433 筆
2026-09-26 03:03:42,100 [INFO] 進度 626/1925：上櫃 6570 維田 (6570.TWO)
2026-09-26 03:03:42,400 [INFO] [6570 維田] 已存檔，共 2433 筆
2026-09-26 03:03:43,921 [INFO] 進度 627/1925：上櫃 6574 霈方 (6574.TWO)
2026-09-26 03:03:44,258 [INFO] [6574 霈方] 已存檔，共 2433 筆
2026-09-26 03:03:46,107 [INFO] 進度 628/1925：上櫃 6576 逸達 (6576.TWO)
2026-09-26 03:03:46,340 [INFO] [6576 逸達] 已存檔，共 2433 筆
2026-09-26 03:03:48,211 [INFO] 進度 629/1925：上櫃 6577 勁豐 (6577.TWO)
2026-09-26 03:03:48,471 [INFO] [6577 勁豐] 已存檔，共 2433 筆
2026-09-26 03:03:49,965 [INFO] 進度 630/1925：上櫃 6578 達邦蛋白 (6578.TWO)
2026-09-26 03:03:50,338 [INFO] [6578 達邦蛋白] 已存檔，共 2433 筆
2026-09-26 03:03:51,940 [INFO] 進度 631/1925：上櫃 6584 南俊國際 (6584.TWO)
2026-09-26 03:03:52,241 [INFO] [6584 南俊國際] 已存檔，共 2433 筆
2026-09-26 03:03:53,799 [INFO] 進度 632/1925：上櫃 6588 東典光電 (6588.TWO)
2026-09-26 03:03:54,046 [INFO] [6588 東典光電] 已存檔，共 2433 筆
2026-09-26 03:03:55,821 [INFO] 進度 633/1925：上櫃 6590 普鴻 (6590.TWO)
2026-09-26 03:03:56,105 [INFO] [6590 普鴻] 已存檔，共 2433 筆
2026-09-26 03:03:57,882 [INFO] 進度 634/1925：上櫃 6593 台灣銘板 (6593.TWO)
2026-09-26 03:03:58,152 [INFO] [6593 台灣銘板] 已存檔，共 2430 筆
2026-09-26 03:03:59,511 [INFO] 進度 635/1925：上櫃 6596 寬宏藝術 (6596.TWO)
2026-09-26 03:03:59,771 [INFO] [6596 寬宏藝術] 已存檔，共 2424 筆
2026-09-26 03:04:01,045 [INFO] 進度 636/1925：上櫃 6597 立誠 (6597.TWO)
2026-09-26 03:04:01,321 [INFO] [6597 立誠] 已存檔，共 2119 筆
2026-09-26 03:04:03,153 [INFO] 進度 637/1925：上櫃 6603 富強鑫 (6603.TWO)
2026-09-26 03:04:03,450 [INFO] [6603 富強鑫] 已存檔，共 2433 筆
2026-09-26 03:04:05,185 [INFO] 進度 638/1925：上櫃 6609 瀧澤科 (6609.TWO)
2026-09-26 03:04:05,457 [INFO] [6609 瀧澤科] 已存檔，共 2433 筆
2026-09-26 03:04:06,785 [INFO] 進度 639/1925：上櫃 6612 奈米醫材 (6612.TWO)
2026-09-26 03:04:07,220 [INFO] [6612 奈米醫材] 已存檔，共 2368 筆
2026-09-26 03:04:09,139 [INFO] 進度 640/1925：上櫃 6613 朋億* (6613.TWO)
2026-09-26 03:04:09,395 [INFO] [6613 朋億*] 已存檔，共 2371 筆
2026-09-26 03:04:11,059 [INFO] 進度 641/1925：上櫃 6615 慧智 (6615.TWO)
2026-09-26 03:04:11,365 [INFO] [6615 慧智] 已存檔，共 2361 筆
2026-09-26 03:04:12,573 [INFO] 進度 642/1925：上櫃 6616 特昇-KY (6616.TWO)
2026-09-26 03:04:12,814 [INFO] [6616 特昇-KY] 已存檔，共 2115 筆
2026-09-26 03:04:14,031 [INFO] 進度 643/1925：上櫃 6617 共信-KY (6617.TWO)
2026-09-26 03:04:14,253 [INFO] [6617 共信-KY] 已存檔，共 2344 筆
2026-09-26 03:04:16,198 [INFO] 進度 644/1925：上櫃 6620 漢達 (6620.TWO)
2026-09-26 03:04:16,536 [INFO] [6620 漢達] 已存檔，共 2365 筆
2026-09-26 03:04:17,919 [INFO] 進度 645/1925：上櫃 6624 萬年清 (6624.TWO)
2026-09-26 03:04:18,170 [INFO] [6624 萬年清] 已存檔，共 2320 筆
2026-09-26 03:04:19,967 [INFO] 進度 646/1925：上櫃 6629 泰金-KY (6629.TWO)
2026-09-26 03:04:20,207 [INFO] [6629 泰金-KY] 已存檔，共 1777 筆
2026-09-26 03:04:21,617 [INFO] 進度 647/1925：上櫃 6637 醫影 (6637.TWO)
2026-09-26 03:04:21,926 [INFO] [6637 醫影] 已存檔，共 2252 筆
2026-09-26 03:04:23,564 [INFO] 進度 648/1925：上櫃 6640 均華 (6640.TWO)
2026-09-26 03:04:23,819 [INFO] [6640 均華] 已存檔，共 2218 筆
2026-09-26 03:04:25,176 [INFO] 進度 649/1925：上櫃 6642 富致 (6642.TWO)
2026-09-26 03:04:25,514 [INFO] [6642 富致] 已存檔，共 2172 筆
2026-09-26 03:04:27,089 [INFO] 進度 650/1925：上櫃 6643 M31 (6643.TWO)
2026-09-26 03:04:27,438 [INFO] [6643 M31] 已存檔，共 2191 筆
2026-09-26 03:04:29,301 [INFO] 進度 651/1925：上櫃 6649 台生材 (6649.TWO)
2026-09-26 03:04:29,540 [INFO] [6649 台生材] 已存檔，共 2207 筆
2026-09-26 03:04:31,009 [INFO] 進度 652/1925：上櫃 6651 全宇昕 (6651.TWO)
2026-09-26 03:04:31,353 [INFO] [6651 全宇昕] 已存檔，共 2184 筆
2026-09-26 03:04:32,641 [INFO] 進度 653/1925：上櫃 6654 天正國際 (6654.TWO)
2026-09-26 03:04:32,885 [INFO] [6654 天正國際] 已存檔，共 2165 筆
2026-09-26 03:04:34,625 [INFO] 進度 654/1925：上櫃 6661 威健生技 (6661.TWO)
2026-09-26 03:04:34,895 [INFO] [6661 威健生技] 已存檔，共 2171 筆
2026-09-26 03:04:36,842 [INFO] 進度 655/1925：上櫃 6662 樂斯科 (6662.TWO)
2026-09-26 03:04:37,098 [INFO] [6662 樂斯科] 已存檔，共 2119 筆
2026-09-26 03:04:38,606 [INFO] 進度 656/1925：上櫃 6664 群翊 (6664.TWO)
2026-09-26 03:04:38,889 [INFO] [6664 群翊] 已存檔，共 2168 筆
2026-09-26 03:04:40,358 [INFO] 進度 657/1925：上櫃 6667 信紘科 (6667.TWO)
2026-09-26 03:04:40,616 [INFO] [6667 信紘科] 已存檔，共 2148 筆
2026-09-26 03:04:42,308 [INFO] 進度 658/1925：上櫃 6679 鈺太 (6679.TWO)
2026-09-26 03:04:42,591 [INFO] [6679 鈺太] 已存檔，共 2041 筆
2026-09-26 03:04:44,090 [INFO] 進度 659/1925：上櫃 6680 鑫創電子 (6680.TWO)
2026-09-26 03:04:44,337 [INFO] [6680 鑫創電子] 已存檔，共 2041 筆
2026-09-26 03:04:46,162 [INFO] 進度 660/1925：上櫃 6683 雍智科技 (6683.TWO)
2026-09-26 03:04:46,428 [INFO] [6683 雍智科技] 已存檔，共 2028 筆
2026-09-26 03:04:47,949 [INFO] 進度 661/1925：上櫃 6684 安格 (6684.TWO)
2026-09-26 03:04:48,180 [INFO] [6684 安格] 已存檔，共 2027 筆
2026-09-26 03:04:49,944 [INFO] 進度 662/1925：上櫃 6690 安碁資訊 (6690.TWO)
2026-09-26 03:04:50,211 [INFO] [6690 安碁資訊] 已存檔，共 1985 筆
2026-09-26 03:04:52,117 [INFO] 進度 663/1925：上櫃 6692 進能服 (6692.TWO)
2026-09-26 03:04:52,388 [INFO] [6692 進能服] 已存檔，共 1945 筆
2026-09-26 03:04:53,775 [INFO] 進度 664/1925：上櫃 6693 廣閎科 (6693.TWO)
2026-09-26 03:04:54,146 [INFO] [6693 廣閎科] 已存檔，共 1879 筆
2026-09-26 03:04:55,816 [INFO] 進度 665/1925：上櫃 6697 東捷資訊 (6697.TWO)
2026-09-26 03:04:56,068 [INFO] [6697 東捷資訊] 已存檔，共 1943 筆
2026-09-26 03:04:57,387 [INFO] 進度 666/1925：上櫃 6703 軒郁 (6703.TWO)
2026-09-26 03:04:57,636 [INFO] [6703 軒郁] 已存檔，共 1929 筆
2026-09-26 03:04:59,526 [INFO] 進度 667/1925：上櫃 6708 天擎 (6708.TWO)
2026-09-26 03:04:59,752 [INFO] [6708 天擎] 已存檔，共 1630 筆
2026-09-26 03:05:01,578 [INFO] 進度 668/1925：上櫃 6712 長聖 (6712.TWO)
2026-09-26 03:05:01,840 [INFO] [6712 長聖] 已存檔，共 1922 筆
2026-09-26 03:05:03,466 [INFO] 進度 669/1925：上櫃 6716 應廣 (6716.TWO)
2026-09-26 03:05:03,709 [INFO] [6716 應廣] 已存檔，共 1891 筆
2026-09-26 03:05:05,462 [INFO] 進度 670/1925：上櫃 6720 久昌 (6720.TWO)
2026-09-26 03:05:05,809 [INFO] [6720 久昌] 已存檔，共 1796 筆
2026-09-26 03:05:07,774 [INFO] 進度 671/1925：上櫃 6721 信實 (6721.TWO)
2026-09-26 03:05:08,006 [INFO] [6721 信實] 已存檔，共 1825 筆
2026-09-26 03:05:09,240 [INFO] 進度 672/1925：上櫃 6725 矽科宏晟 (6725.TWO)
2026-09-26 03:05:09,439 [INFO] [6725 矽科宏晟] 已存檔，共 897 筆
2026-09-26 03:05:11,338 [INFO] 進度 673/1925：上櫃 6727 亞泰金屬 (6727.TWO)
2026-09-26 03:05:11,567 [INFO] [6727 亞泰金屬] 已存檔，共 1781 筆
2026-09-26 03:05:12,984 [INFO] 進度 674/1925：上櫃 6728 上洋 (6728.TWO)
2026-09-26 03:05:13,222 [INFO] [6728 上洋] 已存檔，共 1801 筆
2026-09-26 03:05:15,217 [INFO] 進度 675/1925：上櫃 6730 常廣 (6730.TWO)
2026-09-26 03:05:15,462 [INFO] [6730 常廣] 已存檔，共 1673 筆
2026-09-26 03:05:16,693 [INFO] 進度 676/1925：上櫃 6732 昇佳電子 (6732.TWO)
2026-09-26 03:05:16,940 [INFO] [6732 昇佳電子] 已存檔，共 1770 筆
2026-09-26 03:05:18,215 [INFO] 進度 677/1925：上櫃 6733 博晟生醫 (6733.TWO)
2026-09-26 03:05:18,409 [INFO] [6733 博晟生醫] 已存檔，共 1770 筆
2026-09-26 03:05:19,955 [INFO] 進度 678/1925：上櫃 6735 美達科技 (6735.TWO)
2026-09-26 03:05:20,195 [INFO] [6735 美達科技] 已存檔，共 1688 筆
2026-09-26 03:05:21,502 [INFO] 進度 679/1925：上櫃 6739 竹陞科技 (6739.TWO)
2026-09-26 03:05:21,694 [INFO] [6739 竹陞科技] 已存檔，共 1314 筆
2026-09-26 03:05:23,267 [INFO] 進度 680/1925：上櫃 6741 91APP*-KY (6741.TWO)
2026-09-26 03:05:23,489 [INFO] [6741 91APP*-KY] 已存檔，共 1301 筆
2026-09-26 03:05:24,931 [INFO] 進度 681/1925：上櫃 6751 智聯服務 (6751.TWO)
2026-09-26 03:05:25,183 [INFO] [6751 智聯服務] 已存檔，共 1665 筆
2026-09-26 03:05:27,087 [INFO] 進度 682/1925：上櫃 6752 叡揚 (6752.TWO)
2026-09-26 03:05:27,321 [INFO] [6752 叡揚] 已存檔，共 1629 筆
2026-09-26 03:05:29,157 [INFO] 進度 683/1925：上櫃 6761 穩得 (6761.TWO)
2026-09-26 03:05:29,398 [INFO] [6761 穩得] 已存檔，共 1635 筆
2026-09-26 03:05:30,996 [INFO] 進度 684/1925：上櫃 6762 達亞 (6762.TWO)
2026-09-26 03:05:31,247 [INFO] [6762 達亞] 已存檔，共 1645 筆
2026-09-26 03:05:33,117 [INFO] 進度 685/1925：上櫃 6763 綠界科技* (6763.TWO)
2026-09-26 03:05:33,364 [INFO] [6763 綠界科技*] 已存檔，共 1575 筆
2026-09-26 03:05:35,041 [INFO] 進度 686/1925：上櫃 6767 台微醫 (6767.TWO)
2026-09-26 03:05:35,238 [INFO] [6767 台微醫] 已存檔，共 1654 筆
2026-09-26 03:05:36,718 [INFO] 進度 687/1925：上櫃 6785 昱展新藥 (6785.TWO)
2026-09-26 03:05:36,926 [INFO] [6785 昱展新藥] 已存檔，共 1453 筆
2026-09-26 03:05:38,431 [INFO] 進度 688/1925：上櫃 6788 華景電 (6788.TWO)
2026-09-26 03:05:38,650 [INFO] [6788 華景電] 已存檔，共 1446 筆
2026-09-26 03:05:40,465 [INFO] 進度 689/1925：上櫃 6791 虎門科技 (6791.TWO)
2026-09-26 03:05:40,664 [INFO] [6791 虎門科技] 已存檔，共 1312 筆
2026-09-26 03:05:42,177 [INFO] 進度 690/1925：上櫃 6803 崑鼎 (6803.TWO)
2026-09-26 03:05:42,570 [INFO] [6803 崑鼎] 已存檔，共 2433 筆
2026-09-26 03:05:44,116 [INFO] 進度 691/1925：上櫃 6804 明係 (6804.TWO)
2026-09-26 03:05:44,325 [INFO] [6804 明係] 已存檔，共 1412 筆
2026-09-26 03:05:45,648 [INFO] 進度 692/1925：上櫃 6811 宏碁資訊 (6811.TWO)
2026-09-26 03:05:45,865 [INFO] [6811 宏碁資訊] 已存檔，共 1388 筆
2026-09-26 03:05:47,746 [INFO] 進度 693/1925：上櫃 6821 聯寶 (6821.TWO)
2026-09-26 03:05:47,957 [INFO] [6821 聯寶] 已存檔，共 1325 筆
2026-09-26 03:05:49,669 [INFO] 進度 694/1925：上櫃 6823 濾能 (6823.TWO)
2026-09-26 03:05:49,890 [INFO] [6823 濾能] 已存檔，共 1289 筆
2026-09-26 03:05:51,738 [INFO] 進度 695/1925：上櫃 6829 千附精密 (6829.TWO)
2026-09-26 03:05:51,945 [INFO] [6829 千附精密] 已存檔，共 1213 筆
2026-09-26 03:05:53,228 [INFO] 進度 696/1925：上櫃 6840 東研信超 (6840.TWO)
2026-09-26 03:05:53,454 [INFO] [6840 東研信超] 已存檔，共 1145 筆
2026-09-26 03:05:54,889 [INFO] 進度 697/1925：上櫃 6841 長佳智能 (6841.TWO)
2026-09-26 03:05:55,104 [INFO] [6841 長佳智能] 已存檔，共 1222 筆
2026-09-26 03:05:56,665 [INFO] 進度 698/1925：上櫃 6843 進典 (6843.TWO)
2026-09-26 03:05:56,880 [INFO] [6843 進典] 已存檔，共 1129 筆
2026-09-26 03:05:58,400 [INFO] 進度 699/1925：上櫃 6844 諾貝兒 (6844.TWO)
2026-09-26 03:05:58,607 [INFO] [6844 諾貝兒] 已存檔，共 1182 筆
2026-09-26 03:06:00,233 [INFO] 進度 700/1925：上櫃 6846 綠茵 (6846.TWO)
2026-09-26 03:06:00,452 [INFO] [6846 綠茵] 已存檔，共 1081 筆
2026-09-26 03:06:02,219 [INFO] 進度 701/1925：上櫃 6855 數泓科 (6855.TWO)
2026-09-26 03:06:02,484 [INFO] [6855 數泓科] 已存檔，共 1122 筆
2026-09-26 03:06:03,866 [INFO] 進度 702/1925：上櫃 6856 鑫傳 (6856.TWO)
2026-09-26 03:06:04,091 [INFO] [6856 鑫傳] 已存檔，共 1143 筆
2026-09-26 03:06:05,871 [INFO] 進度 703/1925：上櫃 6859 伯特光 (6859.TWO)
2026-09-26 03:06:06,093 [INFO] [6859 伯特光] 已存檔，共 1164 筆
2026-09-26 03:06:07,438 [INFO] 進度 704/1925：上櫃 6865 偉康科技 (6865.TWO)
2026-09-26 03:06:07,742 [INFO] [6865 偉康科技] 已存檔，共 1150 筆
2026-09-26 03:06:09,478 [INFO] 進度 705/1925：上櫃 6870 騰雲 (6870.TWO)
2026-09-26 03:06:09,688 [INFO] [6870 騰雲] 已存檔，共 1122 筆
2026-09-26 03:06:11,137 [INFO] 進度 706/1925：上櫃 6872 浩宇生醫 (6872.TWO)
2026-09-26 03:06:11,331 [INFO] [6872 浩宇生醫] 已存檔，共 1036 筆
2026-09-26 03:06:12,629 [INFO] 進度 707/1925：上櫃 6874 倍力 (6874.TWO)
2026-09-26 03:06:12,843 [INFO] [6874 倍力] 已存檔，共 1071 筆
2026-09-26 03:06:14,282 [INFO] 進度 708/1925：上櫃 6875 國邑* (6875.TWO)
2026-09-26 03:06:14,476 [INFO] [6875 國邑*] 已存檔，共 1118 筆
2026-09-26 03:06:15,944 [INFO] 進度 709/1925：上櫃 6877 鏵友益 (6877.TWO)
2026-09-26 03:06:16,164 [INFO] [6877 鏵友益] 已存檔，共 1112 筆
2026-09-26 03:06:18,012 [INFO] 進度 710/1925：上櫃 6881 潤德 (6881.TWO)
2026-09-26 03:06:18,214 [INFO] [6881 潤德] 已存檔，共 1014 筆
2026-09-26 03:06:20,022 [INFO] 進度 711/1925：上櫃 6884 海柏特 (6884.TWO)
2026-09-26 03:06:20,256 [INFO] [6884 海柏特] 已存檔，共 1043 筆
2026-09-26 03:06:21,819 [INFO] 進度 712/1925：上櫃 6894 衛司特 (6894.TWO)
2026-09-26 03:06:22,018 [INFO] [6894 衛司特] 已存檔，共 1009 筆
2026-09-26 03:06:23,713 [INFO] 進度 713/1925：上櫃 6895 宏碩系統 (6895.TWO)
2026-09-26 03:06:23,980 [INFO] [6895 宏碩系統] 已存檔，共 977 筆
2026-09-26 03:06:25,865 [INFO] 進度 714/1925：上櫃 6899 創為精密 (6899.TWO)
2026-09-26 03:06:26,067 [INFO] [6899 創為精密] 已存檔，共 1032 筆
2026-09-26 03:06:27,825 [INFO] 進度 715/1925：上櫃 6903 巨漢 (6903.TWO)
2026-09-26 03:06:28,030 [INFO] [6903 巨漢] 已存檔，共 1018 筆
2026-09-26 03:06:29,242 [INFO] 進度 716/1925：上櫃 6904 伯鑫 (6904.TWO)
2026-09-26 03:06:29,450 [INFO] [6904 伯鑫] 已存檔，共 1004 筆
2026-09-26 03:06:31,079 [INFO] 進度 717/1925：上櫃 6907 雅特力-KY (6907.TWO)
2026-09-26 03:06:31,293 [INFO] [6907 雅特力-KY] 已存檔，共 158 筆
2026-09-26 03:06:33,141 [INFO] 進度 718/1925：上櫃 6910 德鴻 (6910.TWO)
2026-09-26 03:06:33,340 [INFO] [6910 德鴻] 已存檔，共 817 筆
2026-09-26 03:06:34,834 [INFO] 進度 719/1925：上櫃 6913 鴻呈 (6913.TWO)
2026-09-26 03:06:35,034 [INFO] [6913 鴻呈] 已存檔，共 949 筆
2026-09-26 03:06:37,012 [INFO] 進度 720/1925：上櫃 6922 宸曜 (6922.TWO)
2026-09-26 03:06:37,195 [INFO] [6922 宸曜] 已存檔，共 871 筆
2026-09-26 03:06:38,411 [INFO] 進度 721/1925：上櫃 6925 意藍 (6925.TWO)
2026-09-26 03:06:38,608 [INFO] [6925 意藍] 已存檔，共 904 筆
2026-09-26 03:06:40,527 [INFO] 進度 722/1925：上櫃 6929 佑全 (6929.TWO)
2026-09-26 03:06:40,772 [INFO] [6929 佑全] 已存檔，共 802 筆
2026-09-26 03:06:42,545 [INFO] 進度 723/1925：上櫃 6953 家碩 (6953.TWO)
2026-09-26 03:06:42,745 [INFO] [6953 家碩] 已存檔，共 793 筆
2026-09-26 03:06:44,108 [INFO] 進度 724/1925：上櫃 6961 旅天下 (6961.TWO)
2026-09-26 03:06:44,370 [INFO] [6961 旅天下] 已存檔，共 768 筆
2026-09-26 03:06:45,870 [INFO] 進度 725/1925：上櫃 6967 汎瑋材料 (6967.TWO)
2026-09-26 03:06:46,125 [INFO] [6967 汎瑋材料] 已存檔，共 726 筆
2026-09-26 03:06:47,329 [INFO] 進度 726/1925：上櫃 6968 萬達寵物 (6968.TWO)
2026-09-26 03:06:47,595 [INFO] [6968 萬達寵物] 已存檔，共 746 筆
2026-09-26 03:06:49,554 [INFO] 進度 727/1925：上櫃 6971 惠民實業 (6971.TWO)
2026-09-26 03:06:49,734 [INFO] [6971 惠民實業] 已存檔，共 665 筆
2026-09-26 03:06:51,344 [INFO] 進度 728/1925：上櫃 6982 大井泵浦 (6982.TWO)
2026-09-26 03:06:51,524 [INFO] [6982 大井泵浦] 已存檔，共 726 筆
2026-09-26 03:06:53,298 [INFO] 進度 729/1925：上櫃 6996 力領科技 (6996.TWO)
2026-09-26 03:06:53,493 [INFO] [6996 力領科技] 已存檔，共 670 筆
2026-09-26 03:06:55,241 [INFO] 進度 730/1925：上櫃 6997 博弘 (6997.TWO)
2026-09-26 03:06:55,418 [INFO] [6997 博弘] 已存檔，共 657 筆
2026-09-26 03:06:56,709 [INFO] 進度 731/1925：上櫃 7402 邑錡 (7402.TWO)
2026-09-26 03:06:56,961 [INFO] [7402 邑錡] 已存檔，共 2433 筆
2026-09-26 03:06:58,284 [INFO] 進度 732/1925：上櫃 7547 碩網 (7547.TWO)
2026-09-26 03:06:58,508 [INFO] [7547 碩網] 已存檔，共 1368 筆
2026-09-26 03:07:00,046 [INFO] 進度 733/1925：上櫃 7556 意德士 (7556.TWO)
2026-09-26 03:07:00,299 [INFO] [7556 意德士] 已存檔，共 1668 筆
2026-09-26 03:07:01,874 [INFO] 進度 734/1925：上櫃 7584 樂意 (7584.TWO)
2026-09-26 03:07:02,124 [INFO] [7584 樂意] 已存檔，共 1310 筆
2026-09-26 03:07:03,942 [INFO] 進度 735/1925：上櫃 7642 昶瑞機電 (7642.TWO)
2026-09-26 03:07:04,152 [INFO] [7642 昶瑞機電] 已存檔，共 664 筆
2026-09-26 03:07:05,735 [INFO] 進度 736/1925：上櫃 7703 銳澤 (7703.TWO)
2026-09-26 03:07:05,968 [INFO] [7703 銳澤] 已存檔，共 669 筆
2026-09-26 03:07:07,301 [INFO] 進度 737/1925：上櫃 7704 明遠精密 (7704.TWO)
2026-09-26 03:07:07,483 [INFO] [7704 明遠精密] 已存檔，共 683 筆
2026-09-26 03:07:08,831 [INFO] 進度 738/1925：上櫃 7708 全家餐飲 (7708.TWO)
2026-09-26 03:07:08,995 [INFO] [7708 全家餐飲] 已存檔，共 669 筆
2026-09-26 03:07:10,962 [INFO] 進度 739/1925：上櫃 7709 榮田 (7709.TWO)
2026-09-26 03:07:11,273 [INFO] [7709 榮田] 已存檔，共 658 筆
2026-09-26 03:07:12,695 [INFO] 進度 740/1925：上櫃 7712 博盛半導體 (7712.TWO)
2026-09-26 03:07:12,940 [INFO] [7712 博盛半導體] 已存檔，共 665 筆
2026-09-26 03:07:14,680 [INFO] 進度 741/1925：上櫃 7713 威力德生醫 (7713.TWO)
2026-09-26 03:07:14,867 [INFO] [7713 威力德生醫] 已存檔，共 662 筆
2026-09-26 03:07:16,813 [INFO] 進度 742/1925：上櫃 7714 創泓科技 (7714.TWO)
2026-09-26 03:07:16,997 [INFO] [7714 創泓科技] 已存檔，共 660 筆
2026-09-26 03:07:18,998 [INFO] 進度 743/1925：上櫃 7715 裕山 (7715.TWO)
2026-09-26 03:07:19,178 [INFO] [7715 裕山] 已存檔，共 654 筆
2026-09-26 03:07:21,168 [INFO] 進度 744/1925：上櫃 7716 昱臺國際 (7716.TWO)
2026-09-26 03:07:21,330 [INFO] [7716 昱臺國際] 已存檔，共 606 筆
2026-09-26 03:07:23,041 [INFO] 進度 745/1925：上櫃 7717 萊德光電-KY (7717.TWO)
2026-09-26 03:07:23,185 [INFO] [7717 萊德光電-KY] 已存檔，共 210 筆
2026-09-26 03:07:24,440 [INFO] 進度 746/1925：上櫃 7718 友鋮 (7718.TWO)
2026-09-26 03:07:24,701 [INFO] [7718 友鋮] 已存檔，共 632 筆
2026-09-26 03:07:26,210 [INFO] 進度 747/1925：上櫃 7723 築間 (7723.TWO)
2026-09-26 03:07:26,388 [INFO] [7723 築間] 已存檔，共 665 筆
2026-09-26 03:07:27,672 [INFO] 進度 748/1925：上櫃 7728 光焱科技 (7728.TWO)
2026-09-26 03:07:27,857 [INFO] [7728 光焱科技] 已存檔，共 616 筆
2026-09-26 03:07:29,702 [INFO] 進度 749/1925：上櫃 7734 印能科技 (7734.TWO)
2026-09-26 03:07:29,892 [INFO] [7734 印能科技] 已存檔，共 618 筆
2026-09-26 03:07:31,342 [INFO] 進度 750/1925：上櫃 7738 東聯互動 (7738.TWO)
2026-09-26 03:07:31,498 [INFO] [7738 東聯互動] 已存檔，共 557 筆
2026-09-26 03:07:32,793 [INFO] 進度 751/1925：上櫃 7743 金利食安 (7743.TWO)
2026-09-26 03:07:32,946 [INFO] [7743 金利食安] 已存檔，共 592 筆
2026-09-26 03:07:34,305 [INFO] 進度 752/1925：上櫃 7744 崴寶 (7744.TWO)
2026-09-26 03:07:34,534 [INFO] [7744 崴寶] 已存檔，共 486 筆
2026-09-26 03:07:36,011 [INFO] 進度 753/1925：上櫃 7747 昕奇雲端 (7747.TWO)
2026-09-26 03:07:36,177 [INFO] [7747 昕奇雲端] 已存檔，共 569 筆
2026-09-26 03:07:38,105 [INFO] 進度 754/1925：上櫃 7751 竑騰 (7751.TWO)
2026-09-26 03:07:38,357 [INFO] [7751 竑騰] 已存檔，共 557 筆
2026-09-26 03:07:40,068 [INFO] 進度 755/1925：上櫃 7753 星亞 (7753.TWO)
2026-09-26 03:07:40,297 [INFO] [7753 星亞] 已存檔，共 504 筆
2026-09-26 03:07:41,504 [INFO] 進度 756/1925：上櫃 7757 金色三麥 (7757.TWO)
2026-09-26 03:07:41,659 [INFO] [7757 金色三麥] 已存檔，共 547 筆
2026-09-26 03:07:43,134 [INFO] 進度 757/1925：上櫃 7767 仁大資訊 (7767.TWO)
2026-09-26 03:07:43,289 [INFO] [7767 仁大資訊] 已存檔，共 464 筆
2026-09-26 03:07:44,639 [INFO] 進度 758/1925：上櫃 7770 君曜 (7770.TWO)
2026-09-26 03:07:44,945 [INFO] [7770 君曜] 已存檔，共 494 筆
2026-09-26 03:07:46,568 [INFO] 進度 759/1925：上櫃 7777 能率亞洲 (7777.TWO)
2026-09-26 03:07:46,740 [INFO] [7777 能率亞洲] 已存檔，共 472 筆
2026-09-26 03:07:48,124 [INFO] 進度 760/1925：上櫃 7782 光速火箭 (7782.TWO)
2026-09-26 03:07:48,282 [INFO] [7782 光速火箭] 已存檔，共 469 筆
2026-09-26 03:07:50,204 [INFO] 進度 761/1925：上櫃 7792 安葆 (7792.TWO)
2026-09-26 03:07:50,362 [INFO] [7792 安葆] 已存檔，共 430 筆
2026-09-26 03:07:51,705 [INFO] 進度 762/1925：上櫃 7805 威聯通 (7805.TWO)
2026-09-26 03:07:51,870 [INFO] [7805 威聯通] 已存檔，共 420 筆
2026-09-26 03:07:53,470 [INFO] 進度 763/1925：上櫃 7810 捷創科技 (7810.TWO)
2026-09-26 03:07:53,635 [INFO] [7810 捷創科技] 已存檔，共 419 筆
2026-09-26 03:07:55,260 [INFO] 進度 764/1925：上櫃 7811 民盛 (7811.TWO)
2026-09-26 03:07:55,477 [INFO] [7811 民盛] 已存檔，共 418 筆
2026-09-26 03:07:56,703 [INFO] 進度 765/1925：上櫃 8024 佑華 (8024.TWO)
2026-09-26 03:07:56,969 [INFO] [8024 佑華] 已存檔，共 2433 筆
2026-09-26 03:07:58,899 [INFO] 進度 766/1925：上櫃 8027 鈦昇 (8027.TWO)
2026-09-26 03:07:59,252 [INFO] [8027 鈦昇] 已存檔，共 2433 筆
2026-09-26 03:08:00,809 [INFO] 進度 767/1925：上櫃 8032 光菱 (8032.TWO)
2026-09-26 03:08:01,092 [INFO] [8032 光菱] 已存檔，共 2433 筆
2026-09-26 03:08:02,813 [INFO] 進度 768/1925：上櫃 8034 榮群 (8034.TWO)
2026-09-26 03:08:03,188 [INFO] [8034 榮群] 已存檔，共 2433 筆
2026-09-26 03:08:05,104 [INFO] 進度 769/1925：上櫃 8038 長園科 (8038.TWO)
2026-09-26 03:08:05,368 [INFO] [8038 長園科] 已存檔，共 2433 筆
2026-09-26 03:08:07,203 [INFO] 進度 770/1925：上櫃 8040 九暘 (8040.TWO)
2026-09-26 03:08:07,488 [INFO] [8040 九暘] 已存檔，共 2433 筆
2026-09-26 03:08:08,796 [INFO] 進度 771/1925：上櫃 8042 金山電 (8042.TWO)
2026-09-26 03:08:09,101 [INFO] [8042 金山電] 已存檔，共 2433 筆
2026-09-26 03:08:10,419 [INFO] 進度 772/1925：上櫃 8043 蜜望實 (8043.TWO)
2026-09-26 03:08:10,700 [INFO] [8043 蜜望實] 已存檔，共 2433 筆
2026-09-26 03:08:12,131 [INFO] 進度 773/1925：上櫃 8044 網家 (8044.TWO)
2026-09-26 03:08:12,421 [INFO] [8044 網家] 已存檔，共 2433 筆
2026-09-26 03:08:13,912 [INFO] 進度 774/1925：上櫃 8047 星雲 (8047.TWO)
2026-09-26 03:08:14,210 [INFO] [8047 星雲] 已存檔，共 2433 筆
2026-09-26 03:08:15,474 [INFO] 進度 775/1925：上櫃 8048 德勝 (8048.TWO)
2026-09-26 03:08:15,776 [INFO] [8048 德勝] 已存檔，共 2433 筆
2026-09-26 03:08:17,657 [INFO] 進度 776/1925：上櫃 8049 晶采 (8049.TWO)
2026-09-26 03:08:17,947 [INFO] [8049 晶采] 已存檔，共 2433 筆
2026-09-26 03:08:19,839 [INFO] 進度 777/1925：上櫃 8050 廣積 (8050.TWO)
2026-09-26 03:08:20,136 [INFO] [8050 廣積] 已存檔，共 2433 筆
2026-09-26 03:08:21,949 [INFO] 進度 778/1925：上櫃 8054 安國 (8054.TWO)
2026-09-26 03:08:22,253 [INFO] [8054 安國] 已存檔，共 2433 筆
2026-09-26 03:08:23,993 [INFO] 進度 779/1925：上櫃 8059 凱碩 (8059.TWO)
2026-09-26 03:08:24,339 [INFO] [8059 凱碩] 已存檔，共 2433 筆
2026-09-26 03:08:26,305 [INFO] 進度 780/1925：上櫃 8064 東捷 (8064.TWO)
2026-09-26 03:08:26,599 [INFO] [8064 東捷] 已存檔，共 2433 筆
2026-09-26 03:08:28,103 [INFO] 進度 781/1925：上櫃 8066 來思達 (8066.TWO)
2026-09-26 03:08:28,375 [INFO] [8066 來思達] 已存檔，共 2433 筆
2026-09-26 03:08:30,221 [INFO] 進度 782/1925：上櫃 8067 志旭 (8067.TWO)
2026-09-26 03:08:30,479 [INFO] [8067 志旭] 已存檔，共 2433 筆
2026-09-26 03:08:31,717 [INFO] 進度 783/1925：上櫃 8068 全達 (8068.TWO)
2026-09-26 03:08:31,981 [INFO] [8068 全達] 已存檔，共 2433 筆
2026-09-26 03:08:33,242 [INFO] 進度 784/1925：上櫃 8069 元太 (8069.TWO)
2026-09-26 03:08:33,524 [INFO] [8069 元太] 已存檔，共 2433 筆
2026-09-26 03:08:35,090 [INFO] 進度 785/1925：上櫃 8071 能率網通 (8071.TWO)
2026-09-26 03:08:35,357 [INFO] [8071 能率網通] 已存檔，共 2433 筆
2026-09-26 03:08:36,640 [INFO] 進度 786/1925：上櫃 8074 鉅橡 (8074.TWO)
2026-09-26 03:08:36,958 [INFO] [8074 鉅橡] 已存檔，共 2433 筆
2026-09-26 03:08:38,372 [INFO] 進度 787/1925：上櫃 8076 伍豐 (8076.TWO)
2026-09-26 03:08:38,685 [INFO] [8076 伍豐] 已存檔，共 2433 筆
2026-09-26 03:08:39,925 [INFO] 進度 788/1925：上櫃 8077 洛碁 (8077.TWO)
2026-09-26 03:08:40,182 [INFO] [8077 洛碁] 已存檔，共 2433 筆
2026-09-26 03:08:41,575 [INFO] 進度 789/1925：上櫃 8080 泰霖 (8080.TWO)
2026-09-26 03:08:41,812 [INFO] [8080 泰霖] 已存檔，共 2433 筆
2026-09-26 03:08:43,081 [INFO] 進度 790/1925：上櫃 8083 瑞穎 (8083.TWO)
2026-09-26 03:08:43,437 [INFO] [8083 瑞穎] 已存檔，共 2433 筆
2026-09-26 03:08:44,816 [INFO] 進度 791/1925：上櫃 8084 巨虹 (8084.TWO)
2026-09-26 03:08:45,076 [INFO] [8084 巨虹] 已存檔，共 2433 筆
2026-09-26 03:08:46,677 [INFO] 進度 792/1925：上櫃 8085 福華 (8085.TWO)
2026-09-26 03:08:46,950 [INFO] [8085 福華] 已存檔，共 2433 筆
2026-09-26 03:08:48,656 [INFO] 進度 793/1925：上櫃 8086 宏捷科 (8086.TWO)
2026-09-26 03:08:48,970 [INFO] [8086 宏捷科] 已存檔，共 2433 筆
2026-09-26 03:08:50,841 [INFO] 進度 794/1925：上櫃 8087 麗升能源 (8087.TWO)
2026-09-26 03:08:51,182 [INFO] [8087 麗升能源] 已存檔，共 2433 筆
2026-09-26 03:08:52,606 [INFO] 進度 795/1925：上櫃 8088 品安 (8088.TWO)
2026-09-26 03:08:52,981 [INFO] [8088 品安] 已存檔，共 2433 筆
2026-09-26 03:08:54,343 [INFO] 進度 796/1925：上櫃 8089 康全電訊 (8089.TWO)
2026-09-26 03:08:54,675 [INFO] [8089 康全電訊] 已存檔，共 1957 筆
2026-09-26 03:08:55,876 [INFO] 進度 797/1925：上櫃 8091 翔名 (8091.TWO)
2026-09-26 03:08:56,176 [INFO] [8091 翔名] 已存檔，共 2433 筆
2026-09-26 03:08:57,543 [INFO] 進度 798/1925：上櫃 8092 建暐 (8092.TWO)
2026-09-26 03:08:57,777 [INFO] [8092 建暐] 已存檔，共 2433 筆
2026-09-26 03:08:59,082 [INFO] 進度 799/1925：上櫃 8093 保銳 (8093.TWO)
2026-09-26 03:08:59,360 [INFO] [8093 保銳] 已存檔，共 2433 筆
2026-09-26 03:09:00,658 [INFO] 進度 800/1925：上櫃 8096 擎亞 (8096.TWO)
2026-09-26 03:09:00,954 [INFO] [8096 擎亞] 已存檔，共 2433 筆
2026-09-26 03:09:02,424 [INFO] 進度 801/1925：上櫃 8097 常珵 (8097.TWO)
2026-09-26 03:09:02,730 [INFO] [8097 常珵] 已存檔，共 2433 筆
2026-09-26 03:09:04,183 [INFO] 進度 802/1925：上櫃 8099 大世科 (8099.TWO)
2026-09-26 03:09:04,484 [INFO] [8099 大世科] 已存檔，共 2433 筆
2026-09-26 03:09:05,747 [INFO] 進度 803/1925：上櫃 8102 傑霖科技 (8102.TWO)
2026-09-26 03:09:05,947 [INFO] [8102 傑霖科技] 已存檔，共 700 筆
2026-09-26 03:09:07,764 [INFO] 進度 804/1925：上櫃 8107 大億金茂 (8107.TWO)
2026-09-26 03:09:08,117 [INFO] [8107 大億金茂] 已存檔，共 2433 筆
2026-09-26 03:09:09,669 [INFO] 進度 805/1925：上櫃 8109 博大 (8109.TWO)
2026-09-26 03:09:10,046 [INFO] [8109 博大] 已存檔，共 2433 筆
2026-09-26 03:09:11,993 [INFO] 進度 806/1925：上櫃 8111 立碁 (8111.TWO)
2026-09-26 03:09:12,366 [INFO] [8111 立碁] 已存檔，共 2433 筆
2026-09-26 03:09:13,591 [INFO] 進度 807/1925：上櫃 8121 越峰 (8121.TWO)
2026-09-26 03:09:13,925 [INFO] [8121 越峰] 已存檔，共 2433 筆
2026-09-26 03:09:15,346 [INFO] 進度 808/1925：上櫃 8147 正淩 (8147.TWO)
2026-09-26 03:09:15,634 [INFO] [8147 正淩] 已存檔，共 2433 筆
2026-09-26 03:09:17,547 [INFO] 進度 809/1925：上櫃 8155 博智 (8155.TWO)
2026-09-26 03:09:17,829 [INFO] [8155 博智] 已存檔，共 2433 筆
2026-09-26 03:09:19,535 [INFO] 進度 810/1925：上櫃 8171 天宇 (8171.TWO)
2026-09-26 03:09:19,828 [INFO] [8171 天宇] 已存檔，共 2433 筆
2026-09-26 03:09:21,273 [INFO] 進度 811/1925：上櫃 8176 智捷 (8176.TWO)
2026-09-26 03:09:21,548 [INFO] [8176 智捷] 已存檔，共 2433 筆
2026-09-26 03:09:23,351 [INFO] 進度 812/1925：上櫃 8182 加高 (8182.TWO)
2026-09-26 03:09:23,628 [INFO] [8182 加高] 已存檔，共 2433 筆
2026-09-26 03:09:25,560 [INFO] 進度 813/1925：上櫃 8183 精星 (8183.TWO)
2026-09-26 03:09:25,865 [INFO] [8183 精星] 已存檔，共 2433 筆
2026-09-26 03:09:27,113 [INFO] 進度 814/1925：上櫃 8227 巨有科技 (8227.TWO)
2026-09-26 03:09:27,388 [INFO] [8227 巨有科技] 已存檔，共 2433 筆
2026-09-26 03:09:29,289 [INFO] 進度 815/1925：上櫃 8234 新漢 (8234.TWO)
2026-09-26 03:09:29,700 [INFO] [8234 新漢] 已存檔，共 2433 筆
2026-09-26 03:09:31,403 [INFO] 進度 816/1925：上櫃 8240 華宏 (8240.TWO)
2026-09-26 03:09:31,766 [INFO] [8240 華宏] 已存檔，共 2433 筆
2026-09-26 03:09:33,167 [INFO] 進度 817/1925：上櫃 8255 朋程 (8255.TWO)
2026-09-26 03:09:33,482 [INFO] [8255 朋程] 已存檔，共 2433 筆
2026-09-26 03:09:35,091 [INFO] 進度 818/1925：上櫃 8272 全景軟體 (8272.TWO)
2026-09-26 03:09:35,300 [INFO] [8272 全景軟體] 已存檔，共 716 筆
2026-09-26 03:09:37,300 [INFO] 進度 819/1925：上櫃 8277 商丞 (8277.TWO)
2026-09-26 03:09:37,588 [INFO] [8277 商丞] 已存檔，共 2433 筆
2026-09-26 03:09:39,426 [INFO] 進度 820/1925：上櫃 8279 生展 (8279.TWO)
2026-09-26 03:09:39,769 [INFO] [8279 生展] 已存檔，共 2433 筆
2026-09-26 03:09:41,694 [INFO] 進度 821/1925：上櫃 8284 三竹 (8284.TWO)
2026-09-26 03:09:42,044 [INFO] [8284 三竹] 已存檔，共 2433 筆
2026-09-26 03:09:43,359 [INFO] 進度 822/1925：上櫃 8289 泰藝 (8289.TWO)
2026-09-26 03:09:43,639 [INFO] [8289 泰藝] 已存檔，共 2433 筆
2026-09-26 03:09:45,545 [INFO] 進度 823/1925：上櫃 8291 尚茂 (8291.TWO)
2026-09-26 03:09:45,873 [INFO] [8291 尚茂] 已存檔，共 2433 筆
2026-09-26 03:09:47,824 [INFO] 進度 824/1925：上櫃 8299 群聯 (8299.TWO)
2026-09-26 03:09:48,131 [INFO] [8299 群聯] 已存檔，共 2433 筆
2026-09-26 03:09:49,972 [INFO] 進度 825/1925：上櫃 8342 益張 (8342.TWO)
2026-09-26 03:09:50,231 [INFO] [8342 益張] 已存檔，共 2433 筆
2026-09-26 03:09:51,487 [INFO] 進度 826/1925：上櫃 8349 恒耀 (8349.TWO)
2026-09-26 03:09:51,803 [INFO] [8349 恒耀] 已存檔，共 2433 筆
2026-09-26 03:09:53,705 [INFO] 進度 827/1925：上櫃 8354 冠好 (8354.TWO)
2026-09-26 03:09:53,984 [INFO] [8354 冠好] 已存檔，共 2433 筆
2026-09-26 03:09:55,564 [INFO] 進度 828/1925：上櫃 8358 金居 (8358.TWO)
2026-09-26 03:09:55,834 [INFO] [8358 金居] 已存檔，共 2433 筆
2026-09-26 03:09:57,666 [INFO] 進度 829/1925：上櫃 8383 千附 (8383.TWO)
2026-09-26 03:09:57,972 [INFO] [8383 千附] 已存檔，共 2433 筆
2026-09-26 03:09:59,722 [INFO] 進度 830/1925：上櫃 8390 金益鼎 (8390.TWO)
2026-09-26 03:09:59,994 [INFO] [8390 金益鼎] 已存檔，共 2433 筆
2026-09-26 03:10:01,918 [INFO] 進度 831/1925：上櫃 8401 白紗科 (8401.TWO)
2026-09-26 03:10:02,211 [INFO] [8401 白紗科] 已存檔，共 2433 筆
2026-09-26 03:10:03,474 [INFO] 進度 832/1925：上櫃 8403 盛弘 (8403.TWO)
2026-09-26 03:10:03,752 [INFO] [8403 盛弘] 已存檔，共 2433 筆
2026-09-26 03:10:05,397 [INFO] 進度 833/1925：上櫃 8409 商之器 (8409.TWO)
2026-09-26 03:10:05,648 [INFO] [8409 商之器] 已存檔，共 2433 筆
2026-09-26 03:10:06,934 [INFO] 進度 834/1925：上櫃 8410 森田 (8410.TWO)
2026-09-26 03:10:07,221 [INFO] [8410 森田] 已存檔，共 2433 筆
2026-09-26 03:10:08,450 [INFO] 進度 835/1925：上櫃 8415 大國鋼 (8415.TWO)
2026-09-26 03:10:08,741 [INFO] [8415 大國鋼] 已存檔，共 2433 筆
2026-09-26 03:10:10,679 [INFO] 進度 836/1925：上櫃 8416 實威 (8416.TWO)
2026-09-26 03:10:11,017 [INFO] [8416 實威] 已存檔，共 2433 筆
2026-09-26 03:10:12,657 [INFO] 進度 837/1925：上櫃 8421 旭源 (8421.TWO)
2026-09-26 03:10:13,008 [INFO] [8421 旭源] 已存檔，共 2433 筆
2026-09-26 03:10:14,889 [INFO] 進度 838/1925：上櫃 8423 保綠-KY (8423.TWO)
2026-09-26 03:10:15,160 [INFO] [8423 保綠-KY] 已存檔，共 2433 筆
2026-09-26 03:10:16,907 [INFO] 進度 839/1925：上櫃 8424 惠普 (8424.TWO)
2026-09-26 03:10:17,182 [INFO] [8424 惠普] 已存檔，共 2433 筆
2026-09-26 03:10:18,958 [INFO] 進度 840/1925：上櫃 8426 紅木-KY (8426.TWO)
2026-09-26 03:10:19,258 [INFO] [8426 紅木-KY] 已存檔，共 2433 筆
2026-09-26 03:10:20,892 [INFO] 進度 841/1925：上櫃 8431 匯鑽科 (8431.TWO)
2026-09-26 03:10:21,190 [INFO] [8431 匯鑽科] 已存檔，共 2433 筆
2026-09-26 03:10:22,826 [INFO] 進度 842/1925：上櫃 8432 東生華 (8432.TWO)
2026-09-26 03:10:23,146 [INFO] [8432 東生華] 已存檔，共 2433 筆
2026-09-26 03:10:24,591 [INFO] 進度 843/1925：上櫃 8433 弘帆 (8433.TWO)
2026-09-26 03:10:24,872 [INFO] [8433 弘帆] 已存檔，共 2433 筆
2026-09-26 03:10:26,155 [INFO] 進度 844/1925：上櫃 8435 鉅邁 (8435.TWO)
2026-09-26 03:10:26,431 [INFO] [8435 鉅邁] 已存檔，共 2433 筆
2026-09-26 03:10:28,300 [INFO] 進度 845/1925：上櫃 8436 大江 (8436.TWO)
2026-09-26 03:10:28,561 [INFO] [8436 大江] 已存檔，共 2433 筆
2026-09-26 03:10:30,165 [INFO] 進度 846/1925：上櫃 8437 大地-KY (8437.TWO)
2026-09-26 03:10:30,442 [INFO] [8437 大地-KY] 已存檔，共 2433 筆
2026-09-26 03:10:31,776 [INFO] 進度 847/1925：上櫃 8440 綠電 (8440.TWO)
2026-09-26 03:10:32,036 [INFO] [8440 綠電] 已存檔，共 2433 筆
2026-09-26 03:10:33,799 [INFO] 進度 848/1925：上櫃 8444 綠河-KY (8444.TWO)
2026-09-26 03:10:34,133 [INFO] [8444 綠河-KY] 已存檔，共 2433 筆
2026-09-26 03:10:35,920 [INFO] 進度 849/1925：上櫃 8446 華研 (8446.TWO)
2026-09-26 03:10:36,244 [INFO] [8446 華研] 已存檔，共 2433 筆
2026-09-26 03:10:38,101 [INFO] 進度 850/1925：上櫃 8450 霹靂 (8450.TWO)
2026-09-26 03:10:38,366 [INFO] [8450 霹靂] 已存檔，共 2433 筆
2026-09-26 03:10:40,113 [INFO] 進度 851/1925：上櫃 8455 大拓-KY (8455.TWO)
2026-09-26 03:10:40,357 [INFO] [8455 大拓-KY] 已存檔，共 2433 筆
2026-09-26 03:10:41,889 [INFO] 進度 852/1925：上櫃 8472 夠麻吉 (8472.TWO)
2026-09-26 03:10:42,166 [INFO] [8472 夠麻吉] 已存檔，共 2433 筆
2026-09-26 03:10:43,702 [INFO] 進度 853/1925：上櫃 8477 創業家 (8477.TWO)
2026-09-26 03:10:43,981 [INFO] [8477 創業家] 已存檔，共 2433 筆
2026-09-26 03:10:45,587 [INFO] 進度 854/1925：上櫃 8489 三貝德 (8489.TWO)
2026-09-26 03:10:45,868 [INFO] [8489 三貝德] 已存檔，共 2433 筆
2026-09-26 03:10:47,564 [INFO] 進度 855/1925：上櫃 8905 裕國 (8905.TWO)
2026-09-26 03:10:47,874 [INFO] [8905 裕國] 已存檔，共 2433 筆
2026-09-26 03:10:49,470 [INFO] 進度 856/1925：上櫃 8906 花王 (8906.TWO)
2026-09-26 03:10:49,784 [INFO] [8906 花王] 已存檔，共 2433 筆
2026-09-26 03:10:51,275 [INFO] 進度 857/1925：上櫃 8908 欣雄 (8908.TWO)
2026-09-26 03:10:51,660 [INFO] [8908 欣雄] 已存檔，共 2433 筆
2026-09-26 03:10:53,576 [INFO] 進度 858/1925：上櫃 8916 光隆 (8916.TWO)
2026-09-26 03:10:53,855 [INFO] [8916 光隆] 已存檔，共 2433 筆
2026-09-26 03:10:55,718 [INFO] 進度 859/1925：上櫃 8917 欣泰 (8917.TWO)
2026-09-26 03:10:56,016 [INFO] [8917 欣泰] 已存檔，共 2433 筆
2026-09-26 03:10:57,299 [INFO] 進度 860/1925：上櫃 8921 沈氏 (8921.TWO)
2026-09-26 03:10:57,585 [INFO] [8921 沈氏] 已存檔，共 2433 筆
2026-09-26 03:10:59,265 [INFO] 進度 861/1925：上櫃 8923 時報 (8923.TWO)
2026-09-26 03:10:59,565 [INFO] [8923 時報] 已存檔，共 2433 筆
2026-09-26 03:11:00,829 [INFO] 進度 862/1925：上櫃 8924 大田 (8924.TWO)
2026-09-26 03:11:01,122 [INFO] [8924 大田] 已存檔，共 2433 筆
2026-09-26 03:11:02,875 [INFO] 進度 863/1925：上櫃 8927 北基 (8927.TWO)
2026-09-26 03:11:03,311 [INFO] [8927 北基] 已存檔，共 2433 筆
2026-09-26 03:11:04,788 [INFO] 進度 864/1925：上櫃 8928 鉅明 (8928.TWO)
2026-09-26 03:11:05,077 [INFO] [8928 鉅明] 已存檔，共 2433 筆
2026-09-26 03:11:06,844 [INFO] 進度 865/1925：上櫃 8929 富堡 (8929.TWO)
2026-09-26 03:11:07,144 [INFO] [8929 富堡] 已存檔，共 2433 筆
2026-09-26 03:11:09,005 [INFO] 進度 866/1925：上櫃 8930 青鋼 (8930.TWO)
2026-09-26 03:11:09,290 [INFO] [8930 青鋼] 已存檔，共 2433 筆
2026-09-26 03:11:10,602 [INFO] 進度 867/1925：上櫃 8931 大汽電 (8931.TWO)
2026-09-26 03:11:10,893 [INFO] [8931 大汽電] 已存檔，共 2433 筆
2026-09-26 03:11:12,847 [INFO] 進度 868/1925：上櫃 8932 智通* (8932.TWO)
2026-09-26 03:11:13,151 [INFO] [8932 智通*] 已存檔，共 2433 筆
2026-09-26 03:11:14,646 [INFO] 進度 869/1925：上櫃 8933 愛地雅 (8933.TWO)
2026-09-26 03:11:15,006 [INFO] [8933 愛地雅] 已存檔，共 2433 筆
2026-09-26 03:11:16,808 [INFO] 進度 870/1925：上櫃 8935 邦泰 (8935.TWO)
2026-09-26 03:11:17,072 [INFO] [8935 邦泰] 已存檔，共 2433 筆
2026-09-26 03:11:18,977 [INFO] 進度 871/1925：上櫃 8936 國統 (8936.TWO)
2026-09-26 03:11:19,255 [INFO] [8936 國統] 已存檔，共 2433 筆
2026-09-26 03:11:20,574 [INFO] 進度 872/1925：上櫃 8937 合騏 (8937.TWO)
2026-09-26 03:11:20,893 [INFO] [8937 合騏] 已存檔，共 2433 筆
2026-09-26 03:11:22,881 [INFO] 進度 873/1925：上櫃 8938 明安 (8938.TWO)
2026-09-26 03:11:23,175 [INFO] [8938 明安] 已存檔，共 2433 筆
2026-09-26 03:11:25,072 [INFO] 進度 874/1925：上櫃 8941 關中 (8941.TWO)
2026-09-26 03:11:25,375 [INFO] [8941 關中] 已存檔，共 2433 筆
2026-09-26 03:11:26,765 [INFO] 進度 875/1925：上櫃 8942 森鉅 (8942.TWO)
2026-09-26 03:11:27,065 [INFO] [8942 森鉅] 已存檔，共 2433 筆
2026-09-26 03:11:29,035 [INFO] 進度 876/1925：上櫃 9949 琉園 (9949.TWO)
2026-09-26 03:11:29,314 [INFO] [9949 琉園] 已存檔，共 2433 筆
2026-09-26 03:11:30,553 [INFO] 進度 877/1925：上櫃 9950 萬國通 (9950.TWO)
2026-09-26 03:11:30,878 [INFO] [9950 萬國通] 已存檔，共 2433 筆
2026-09-26 03:11:32,616 [INFO] 進度 878/1925：上櫃 9951 皇田 (9951.TWO)
2026-09-26 03:11:32,876 [INFO] [9951 皇田] 已存檔，共 2433 筆
2026-09-26 03:11:34,686 [INFO] 進度 879/1925：上櫃 9960 邁達康 (9960.TWO)
2026-09-26 03:11:34,967 [INFO] [9960 邁達康] 已存檔，共 2433 筆
2026-09-26 03:11:36,873 [INFO] 進度 880/1925：上櫃 9962 有益 (9962.TWO)
2026-09-26 03:11:37,166 [INFO] [9962 有益] 已存檔，共 2433 筆
2026-09-26 03:11:39,122 [INFO] 進度 881/1925：上市 1101 台泥 (1101.TW)
2026-09-26 03:11:39,482 [INFO] [1101 台泥] 已存檔，共 2433 筆
2026-09-26 03:11:41,146 [INFO] 進度 882/1925：上市 1102 亞泥 (1102.TW)
2026-09-26 03:11:41,589 [INFO] [1102 亞泥] 已存檔，共 2433 筆
2026-09-26 03:11:42,806 [INFO] 進度 883/1925：上市 1103 嘉泥 (1103.TW)
2026-09-26 03:11:43,103 [INFO] [1103 嘉泥] 已存檔，共 2433 筆
2026-09-26 03:11:44,784 [INFO] 進度 884/1925：上市 1104 環泥 (1104.TW)
2026-09-26 03:11:45,106 [INFO] [1104 環泥] 已存檔，共 2433 筆
2026-09-26 03:11:46,361 [INFO] 進度 885/1925：上市 1108 幸福 (1108.TW)
2026-09-26 03:11:46,645 [INFO] [1108 幸福] 已存檔，共 2433 筆
2026-09-26 03:11:48,358 [INFO] 進度 886/1925：上市 1109 信大 (1109.TW)
2026-09-26 03:11:48,666 [INFO] [1109 信大] 已存檔，共 2433 筆
2026-09-26 03:11:50,640 [INFO] 進度 887/1925：上市 1110 東泥 (1110.TW)
2026-09-26 03:11:50,952 [INFO] [1110 東泥] 已存檔，共 2433 筆
2026-09-26 03:11:52,693 [INFO] 進度 888/1925：上市 1201 味全 (1201.TW)
2026-09-26 03:11:53,030 [INFO] [1201 味全] 已存檔，共 2433 筆
2026-09-26 03:11:54,292 [INFO] 進度 889/1925：上市 1203 味王 (1203.TW)
2026-09-26 03:11:54,597 [INFO] [1203 味王] 已存檔，共 2433 筆
2026-09-26 03:11:56,001 [INFO] 進度 890/1925：上市 1210 大成 (1210.TW)
2026-09-26 03:11:56,334 [INFO] [1210 大成] 已存檔，共 2433 筆
2026-09-26 03:11:58,205 [INFO] 進度 891/1925：上市 1213 大飲 (1213.TW)
2026-09-26 03:11:58,465 [INFO] [1213 大飲] 已存檔，共 2433 筆
2026-09-26 03:12:00,418 [INFO] 進度 892/1925：上市 1215 卜蜂 (1215.TW)
2026-09-26 03:12:00,718 [INFO] [1215 卜蜂] 已存檔，共 2433 筆
2026-09-26 03:12:02,512 [INFO] 進度 893/1925：上市 1216 統一 (1216.TW)
2026-09-26 03:12:02,865 [INFO] [1216 統一] 已存檔，共 2433 筆
2026-09-26 03:12:04,776 [INFO] 進度 894/1925：上市 1217 愛之味 (1217.TW)
2026-09-26 03:12:05,065 [INFO] [1217 愛之味] 已存檔，共 2433 筆
2026-09-26 03:12:06,390 [INFO] 進度 895/1925：上市 1218 泰山 (1218.TW)
2026-09-26 03:12:06,709 [INFO] [1218 泰山] 已存檔，共 2433 筆
2026-09-26 03:12:08,406 [INFO] 進度 896/1925：上市 1219 福壽 (1219.TW)
2026-09-26 03:12:08,794 [INFO] [1219 福壽] 已存檔，共 2433 筆
2026-09-26 03:12:09,999 [INFO] 進度 897/1925：上市 1220 台榮 (1220.TW)
2026-09-26 03:12:10,312 [INFO] [1220 台榮] 已存檔，共 2433 筆
2026-09-26 03:12:11,670 [INFO] 進度 898/1925：上市 1225 福懋油 (1225.TW)
2026-09-26 03:12:11,961 [INFO] [1225 福懋油] 已存檔，共 2433 筆
2026-09-26 03:12:13,395 [INFO] 進度 899/1925：上市 1227 佳格 (1227.TW)
2026-09-26 03:12:13,675 [INFO] [1227 佳格] 已存檔，共 2433 筆
2026-09-26 03:12:15,670 [INFO] 進度 900/1925：上市 1229 聯華 (1229.TW)
2026-09-26 03:12:16,057 [INFO] [1229 聯華] 已存檔，共 2433 筆
2026-09-26 03:12:17,997 [INFO] 進度 901/1925：上市 1231 聯華食 (1231.TW)
2026-09-26 03:12:18,362 [INFO] [1231 聯華食] 已存檔，共 2433 筆
2026-09-26 03:12:19,800 [INFO] 進度 902/1925：上市 1232 大統益 (1232.TW)
2026-09-26 03:12:20,079 [INFO] [1232 大統益] 已存檔，共 2433 筆
2026-09-26 03:12:21,863 [INFO] 進度 903/1925：上市 1233 天仁 (1233.TW)
2026-09-26 03:12:22,174 [INFO] [1233 天仁] 已存檔，共 2433 筆
2026-09-26 03:12:23,699 [INFO] 進度 904/1925：上市 1234 黑松 (1234.TW)
2026-09-26 03:12:24,077 [INFO] [1234 黑松] 已存檔，共 2433 筆
2026-09-26 03:12:25,449 [INFO] 進度 905/1925：上市 1235 興泰 (1235.TW)
2026-09-26 03:12:25,837 [INFO] [1235 興泰] 已存檔，共 2433 筆
2026-09-26 03:12:27,732 [INFO] 進度 906/1925：上市 1236 宏亞 (1236.TW)
2026-09-26 03:12:28,044 [INFO] [1236 宏亞] 已存檔，共 2433 筆
2026-09-26 03:12:29,974 [INFO] 進度 907/1925：上市 1256 鮮活果汁-KY (1256.TW)
2026-09-26 03:12:30,233 [INFO] [1256 鮮活果汁-KY] 已存檔，共 2433 筆
2026-09-26 03:12:31,647 [INFO] 進度 908/1925：上市 1301 台塑 (1301.TW)
2026-09-26 03:12:31,955 [INFO] [1301 台塑] 已存檔，共 2433 筆
2026-09-26 03:12:33,382 [INFO] 進度 909/1925：上市 1303 南亞 (1303.TW)
2026-09-26 03:12:33,661 [INFO] [1303 南亞] 已存檔，共 2433 筆
2026-09-26 03:12:35,052 [INFO] 進度 910/1925：上市 1304 台聚 (1304.TW)
2026-09-26 03:12:35,385 [INFO] [1304 台聚] 已存檔，共 2433 筆
2026-09-26 03:12:36,831 [INFO] 進度 911/1925：上市 1305 華夏 (1305.TW)
2026-09-26 03:12:37,149 [INFO] [1305 華夏] 已存檔，共 2433 筆
2026-09-26 03:12:38,783 [INFO] 進度 912/1925：上市 1307 三芳 (1307.TW)
2026-09-26 03:12:39,082 [INFO] [1307 三芳] 已存檔，共 2433 筆
2026-09-26 03:12:40,403 [INFO] 進度 913/1925：上市 1308 亞聚 (1308.TW)
2026-09-26 03:12:40,780 [INFO] [1308 亞聚] 已存檔，共 2433 筆
2026-09-26 03:12:42,444 [INFO] 進度 914/1925：上市 1309 台達化 (1309.TW)
2026-09-26 03:12:42,746 [INFO] [1309 台達化] 已存檔，共 2433 筆
2026-09-26 03:12:43,966 [INFO] 進度 915/1925：上市 1310 台苯 (1310.TW)
2026-09-26 03:12:44,260 [INFO] [1310 台苯] 已存檔，共 2433 筆
2026-09-26 03:12:45,663 [INFO] 進度 916/1925：上市 1312 國喬 (1312.TW)
2026-09-26 03:12:46,027 [INFO] [1312 國喬] 已存檔，共 2433 筆
2026-09-26 03:12:47,991 [INFO] 進度 917/1925：上市 1313 聯成 (1313.TW)
2026-09-26 03:12:48,281 [INFO] [1313 聯成] 已存檔，共 2433 筆
2026-09-26 03:12:49,620 [INFO] 進度 918/1925：上市 1314 中石化 (1314.TW)
2026-09-26 03:12:49,908 [INFO] [1314 中石化] 已存檔，共 2433 筆
2026-09-26 03:12:51,678 [INFO] 進度 919/1925：上市 1315 達新 (1315.TW)
2026-09-26 03:12:51,952 [INFO] [1315 達新] 已存檔，共 2433 筆
2026-09-26 03:12:53,914 [INFO] 進度 920/1925：上市 1316 上曜 (1316.TW)
2026-09-26 03:12:54,195 [INFO] [1316 上曜] 已存檔，共 2433 筆
2026-09-26 03:12:56,176 [INFO] 進度 921/1925：上市 1319 東陽 (1319.TW)
2026-09-26 03:12:56,491 [INFO] [1319 東陽] 已存檔，共 2433 筆
2026-09-26 03:12:57,931 [INFO] 進度 922/1925：上市 1321 大洋 (1321.TW)
2026-09-26 03:12:58,233 [INFO] [1321 大洋] 已存檔，共 2433 筆
2026-09-26 03:12:59,953 [INFO] 進度 923/1925：上市 1323 永裕 (1323.TW)
2026-09-26 03:13:00,230 [INFO] [1323 永裕] 已存檔，共 2433 筆
2026-09-26 03:13:01,711 [INFO] 進度 924/1925：上市 1324 地球 (1324.TW)
2026-09-26 03:13:02,085 [INFO] [1324 地球] 已存檔，共 2433 筆
2026-09-26 03:13:03,894 [INFO] 進度 925/1925：上市 1325 恆大 (1325.TW)
2026-09-26 03:13:04,211 [INFO] [1325 恆大] 已存檔，共 2433 筆
2026-09-26 03:13:05,888 [INFO] 進度 926/1925：上市 1326 台化 (1326.TW)
2026-09-26 03:13:06,248 [INFO] [1326 台化] 已存檔，共 2433 筆
2026-09-26 03:13:07,613 [INFO] 進度 927/1925：上市 1337 再生-KY (1337.TW)
2026-09-26 03:13:07,956 [INFO] [1337 再生-KY] 已存檔，共 2433 筆
2026-09-26 03:13:09,343 [INFO] 進度 928/1925：上市 1338 廣華-KY (1338.TW)
2026-09-26 03:13:09,654 [INFO] [1338 廣華-KY] 已存檔，共 2433 筆
2026-09-26 03:13:11,628 [INFO] 進度 929/1925：上市 1339 昭輝 (1339.TW)
2026-09-26 03:13:11,983 [INFO] [1339 昭輝] 已存檔，共 2433 筆
2026-09-26 03:13:13,246 [INFO] 進度 930/1925：上市 1340 勝悅-KY (1340.TW)
2026-09-26 03:13:13,503 [INFO] [1340 勝悅-KY] 已存檔，共 2433 筆
2026-09-26 03:13:14,769 [INFO] 進度 931/1925：上市 1341 富林-KY (1341.TW)
2026-09-26 03:13:14,996 [INFO] [1341 富林-KY] 已存檔，共 1881 筆
2026-09-26 03:13:16,210 [INFO] 進度 932/1925：上市 1342 八貫 (1342.TW)
2026-09-26 03:13:16,464 [INFO] [1342 八貫] 已存檔，共 1695 筆
2026-09-26 03:13:18,413 [INFO] 進度 933/1925：上市 1402 遠東新 (1402.TW)
2026-09-26 03:13:18,717 [INFO] [1402 遠東新] 已存檔，共 2433 筆
2026-09-26 03:13:20,345 [INFO] 進度 934/1925：上市 1409 新纖 (1409.TW)
2026-09-26 03:13:20,717 [INFO] [1409 新纖] 已存檔，共 2433 筆
2026-09-26 03:13:22,434 [INFO] 進度 935/1925：上市 1410 南染 (1410.TW)
2026-09-26 03:13:22,732 [INFO] [1410 南染] 已存檔，共 2433 筆
2026-09-26 03:13:24,667 [INFO] 進度 936/1925：上市 1413 宏洲 (1413.TW)
2026-09-26 03:13:24,978 [INFO] [1413 宏洲] 已存檔，共 2433 筆
2026-09-26 03:13:26,942 [INFO] 進度 937/1925：上市 1414 東和 (1414.TW)
2026-09-26 03:13:27,297 [INFO] [1414 東和] 已存檔，共 2433 筆
2026-09-26 03:13:28,705 [INFO] 進度 938/1925：上市 1416 廣豐 (1416.TW)
2026-09-26 03:13:28,980 [INFO] [1416 廣豐] 已存檔，共 2433 筆
2026-09-26 03:13:30,495 [INFO] 進度 939/1925：上市 1417 嘉裕 (1417.TW)
2026-09-26 03:13:30,752 [INFO] [1417 嘉裕] 已存檔，共 2433 筆
2026-09-26 03:13:32,213 [INFO] 進度 940/1925：上市 1418 東華 (1418.TW)
2026-09-26 03:13:32,470 [INFO] [1418 東華] 已存檔，共 2433 筆
2026-09-26 03:13:34,372 [INFO] 進度 941/1925：上市 1419 新紡 (1419.TW)
2026-09-26 03:13:34,648 [INFO] [1419 新紡] 已存檔，共 2433 筆
2026-09-26 03:13:36,225 [INFO] 進度 942/1925：上市 1423 利華 (1423.TW)
2026-09-26 03:13:36,531 [INFO] [1423 利華] 已存檔，共 2433 筆
2026-09-26 03:13:38,465 [INFO] 進度 943/1925：上市 1432 大魯閣 (1432.TW)
2026-09-26 03:13:38,742 [INFO] [1432 大魯閣] 已存檔，共 2433 筆
2026-09-26 03:13:40,684 [INFO] 進度 944/1925：上市 1434 福懋 (1434.TW)
2026-09-26 03:13:40,995 [INFO] [1434 福懋] 已存檔，共 2433 筆
2026-09-26 03:13:42,790 [INFO] 進度 945/1925：上市 1435 中福 (1435.TW)
2026-09-26 03:13:43,020 [INFO] [1435 中福] 已存檔，共 2433 筆
2026-09-26 03:13:44,457 [INFO] 進度 946/1925：上市 1436 華友聯 (1436.TW)
2026-09-26 03:13:44,780 [INFO] [1436 華友聯] 已存檔，共 2433 筆
2026-09-26 03:13:46,507 [INFO] 進度 947/1925：上市 1437 勤益控 (1437.TW)
2026-09-26 03:13:46,778 [INFO] [1437 勤益控] 已存檔，共 2433 筆
2026-09-26 03:13:48,339 [INFO] 進度 948/1925：上市 1438 三地開發 (1438.TW)
2026-09-26 03:13:48,614 [INFO] [1438 三地開發] 已存檔，共 2433 筆
2026-09-26 03:13:50,282 [INFO] 進度 949/1925：上市 1439 雋揚 (1439.TW)
2026-09-26 03:13:50,653 [INFO] [1439 雋揚] 已存檔，共 2433 筆
2026-09-26 03:13:52,335 [INFO] 進度 950/1925：上市 1440 南紡 (1440.TW)
2026-09-26 03:13:52,660 [INFO] [1440 南紡] 已存檔，共 2433 筆
2026-09-26 03:13:54,464 [INFO] 進度 951/1925：上市 1441 大東 (1441.TW)
2026-09-26 03:13:54,760 [INFO] [1441 大東] 已存檔，共 2432 筆
2026-09-26 03:13:56,459 [INFO] 進度 952/1925：上市 1442 名軒 (1442.TW)
2026-09-26 03:13:56,764 [INFO] [1442 名軒] 已存檔，共 2433 筆
2026-09-26 03:13:58,189 [INFO] 進度 953/1925：上市 1443 立益物流 (1443.TW)
2026-09-26 03:13:58,440 [INFO] [1443 立益物流] 已存檔，共 2433 筆
2026-09-26 03:14:00,186 [INFO] 進度 954/1925：上市 1444 力麗 (1444.TW)
2026-09-26 03:14:00,501 [INFO] [1444 力麗] 已存檔，共 2433 筆
2026-09-26 03:14:02,280 [INFO] 進度 955/1925：上市 1445 大宇 (1445.TW)
2026-09-26 03:14:02,590 [INFO] [1445 大宇] 已存檔，共 2433 筆
2026-09-26 03:14:03,999 [INFO] 進度 956/1925：上市 1446 宏和 (1446.TW)
2026-09-26 03:14:04,289 [INFO] [1446 宏和] 已存檔，共 2433 筆
2026-09-26 03:14:05,659 [INFO] 進度 957/1925：上市 1447 力鵬 (1447.TW)
2026-09-26 03:14:05,916 [INFO] [1447 力鵬] 已存檔，共 2433 筆
2026-09-26 03:14:07,327 [INFO] 進度 958/1925：上市 1449 佳和 (1449.TW)
2026-09-26 03:14:07,599 [INFO] [1449 佳和] 已存檔，共 2433 筆
2026-09-26 03:14:09,478 [INFO] 進度 959/1925：上市 1451 年興 (1451.TW)
2026-09-26 03:14:09,798 [INFO] [1451 年興] 已存檔，共 2433 筆
2026-09-26 03:14:11,017 [INFO] 進度 960/1925：上市 1452 宏益 (1452.TW)
2026-09-26 03:14:11,395 [INFO] [1452 宏益] 已存檔，共 2433 筆
2026-09-26 03:14:12,720 [INFO] 進度 961/1925：上市 1453 大將 (1453.TW)
2026-09-26 03:14:12,988 [INFO] [1453 大將] 已存檔，共 2433 筆
2026-09-26 03:14:14,411 [INFO] 進度 962/1925：上市 1454 台富 (1454.TW)
2026-09-26 03:14:14,706 [INFO] [1454 台富] 已存檔，共 2433 筆
2026-09-26 03:14:16,676 [INFO] 進度 963/1925：上市 1455 集盛 (1455.TW)
2026-09-26 03:14:16,967 [INFO] [1455 集盛] 已存檔，共 2433 筆
2026-09-26 03:14:18,304 [INFO] 進度 964/1925：上市 1456 怡華 (1456.TW)
2026-09-26 03:14:18,549 [INFO] [1456 怡華] 已存檔，共 2433 筆
2026-09-26 03:14:19,894 [INFO] 進度 965/1925：上市 1457 宜進 (1457.TW)
2026-09-26 03:14:20,168 [INFO] [1457 宜進] 已存檔，共 2433 筆
2026-09-26 03:14:21,595 [INFO] 進度 966/1925：上市 1459 聯發 (1459.TW)
2026-09-26 03:14:21,878 [INFO] [1459 聯發] 已存檔，共 2433 筆
2026-09-26 03:14:23,443 [INFO] 進度 967/1925：上市 1460 宏遠 (1460.TW)
2026-09-26 03:14:23,747 [INFO] [1460 宏遠] 已存檔，共 2433 筆
2026-09-26 03:14:25,525 [INFO] 進度 968/1925：上市 1463 強盛新 (1463.TW)
2026-09-26 03:14:25,837 [INFO] [1463 強盛新] 已存檔，共 2433 筆
2026-09-26 03:14:27,567 [INFO] 進度 969/1925：上市 1464 得力 (1464.TW)
2026-09-26 03:14:27,880 [INFO] [1464 得力] 已存檔，共 2433 筆
2026-09-26 03:14:29,107 [INFO] 進度 970/1925：上市 1465 偉全 (1465.TW)
2026-09-26 03:14:29,403 [INFO] [1465 偉全] 已存檔，共 2433 筆
2026-09-26 03:14:30,813 [INFO] 進度 971/1925：上市 1466 聚隆 (1466.TW)
2026-09-26 03:14:31,082 [INFO] [1466 聚隆] 已存檔，共 2433 筆
2026-09-26 03:14:32,952 [INFO] 進度 972/1925：上市 1467 南緯 (1467.TW)
2026-09-26 03:14:33,238 [INFO] [1467 南緯] 已存檔，共 2433 筆
2026-09-26 03:14:35,072 [INFO] 進度 973/1925：上市 1468 昶和 (1468.TW)
2026-09-26 03:14:35,320 [INFO] [1468 昶和] 已存檔，共 2433 筆
2026-09-26 03:14:36,760 [INFO] 進度 974/1925：上市 1470 大統新創 (1470.TW)
2026-09-26 03:14:37,030 [INFO] [1470 大統新創] 已存檔，共 2433 筆
2026-09-26 03:14:38,235 [INFO] 進度 975/1925：上市 1471 首利 (1471.TW)
2026-09-26 03:14:38,461 [INFO] [1471 首利] 已存檔，共 2433 筆
2026-09-26 03:14:39,768 [INFO] 進度 976/1925：上市 1472 三洋實業 (1472.TW)
2026-09-26 03:14:40,061 [INFO] [1472 三洋實業] 已存檔，共 2433 筆
2026-09-26 03:14:41,506 [INFO] 進度 977/1925：上市 1473 台南 (1473.TW)
2026-09-26 03:14:41,790 [INFO] [1473 台南] 已存檔，共 2433 筆
2026-09-26 03:14:43,670 [INFO] 進度 978/1925：上市 1474 弘裕 (1474.TW)
2026-09-26 03:14:43,958 [INFO] [1474 弘裕] 已存檔，共 2433 筆
2026-09-26 03:14:45,839 [INFO] 進度 979/1925：上市 1475 業旺 (1475.TW)
2026-09-26 03:14:46,165 [INFO] [1475 業旺] 已存檔，共 2433 筆
2026-09-26 03:14:47,621 [INFO] 進度 980/1925：上市 1476 儒鴻 (1476.TW)
2026-09-26 03:14:47,985 [INFO] [1476 儒鴻] 已存檔，共 2433 筆
2026-09-26 03:14:49,885 [INFO] 進度 981/1925：上市 1477 聚陽 (1477.TW)
2026-09-26 03:14:50,270 [INFO] [1477 聚陽] 已存檔，共 2433 筆
2026-09-26 03:14:52,102 [INFO] 進度 982/1925：上市 1503 士電 (1503.TW)
2026-09-26 03:14:52,398 [INFO] [1503 士電] 已存檔，共 2433 筆
2026-09-26 03:14:53,813 [INFO] 進度 983/1925：上市 1504 東元 (1504.TW)
2026-09-26 03:14:54,175 [INFO] [1504 東元] 已存檔，共 2433 筆
2026-09-26 03:14:55,867 [INFO] 進度 984/1925：上市 1506 正道 (1506.TW)
2026-09-26 03:14:56,119 [INFO] [1506 正道] 已存檔，共 2433 筆
2026-09-26 03:14:57,749 [INFO] 進度 985/1925：上市 1512 瑞利 (1512.TW)
2026-09-26 03:14:57,995 [INFO] [1512 瑞利] 已存檔，共 2433 筆
2026-09-26 03:14:59,585 [INFO] 進度 986/1925：上市 1513 中興電 (1513.TW)
2026-09-26 03:14:59,889 [INFO] [1513 中興電] 已存檔，共 2433 筆
2026-09-26 03:15:01,739 [INFO] 進度 987/1925：上市 1514 亞力 (1514.TW)
2026-09-26 03:15:02,057 [INFO] [1514 亞力] 已存檔，共 2433 筆
2026-09-26 03:15:03,613 [INFO] 進度 988/1925：上市 1515 力山 (1515.TW)
2026-09-26 03:15:04,069 [INFO] [1515 力山] 已存檔，共 2433 筆
2026-09-26 03:15:05,713 [INFO] 進度 989/1925：上市 1516 川飛 (1516.TW)
2026-09-26 03:15:06,011 [INFO] [1516 川飛] 已存檔，共 2433 筆
2026-09-26 03:15:07,287 [INFO] 進度 990/1925：上市 1517 利奇 (1517.TW)
2026-09-26 03:15:07,580 [INFO] [1517 利奇] 已存檔，共 2433 筆
2026-09-26 03:15:09,050 [INFO] 進度 991/1925：上市 1519 華城 (1519.TW)
2026-09-26 03:15:09,369 [INFO] [1519 華城] 已存檔，共 2433 筆
2026-09-26 03:15:11,129 [INFO] 進度 992/1925：上市 1521 大億 (1521.TW)
2026-09-26 03:15:11,489 [INFO] [1521 大億] 已存檔，共 2433 筆
2026-09-26 03:15:13,449 [INFO] 進度 993/1925：上市 1522 堤維西 (1522.TW)
2026-09-26 03:15:13,758 [INFO] [1522 堤維西] 已存檔，共 2433 筆
2026-09-26 03:15:15,308 [INFO] 進度 994/1925：上市 1524 耿鼎 (1524.TW)
2026-09-26 03:15:15,599 [INFO] [1524 耿鼎] 已存檔，共 2433 筆
2026-09-26 03:15:16,901 [INFO] 進度 995/1925：上市 1525 江申 (1525.TW)
2026-09-26 03:15:17,192 [INFO] [1525 江申] 已存檔，共 2433 筆
2026-09-26 03:15:18,499 [INFO] 進度 996/1925：上市 1526 日馳 (1526.TW)
2026-09-26 03:15:18,762 [INFO] [1526 日馳] 已存檔，共 2433 筆
2026-09-26 03:15:20,506 [INFO] 進度 997/1925：上市 1527 鑽全 (1527.TW)
2026-09-26 03:15:20,822 [INFO] [1527 鑽全] 已存檔，共 2433 筆
2026-09-26 03:15:22,118 [INFO] 進度 998/1925：上市 1528 恩德 (1528.TW)
2026-09-26 03:15:22,411 [INFO] [1528 恩德] 已存檔，共 2433 筆
2026-09-26 03:15:24,295 [INFO] 進度 999/1925：上市 1529 樂事綠能 (1529.TW)
2026-09-26 03:15:24,583 [INFO] [1529 樂事綠能] 已存檔，共 2433 筆
2026-09-26 03:15:26,198 [INFO] 進度 1000/1925：上市 1530 亞崴 (1530.TW)
2026-09-26 03:15:26,480 [INFO] [1530 亞崴] 已存檔，共 2433 筆
2026-09-26 03:15:28,068 [INFO] 進度 1001/1925：上市 1531 高林股 (1531.TW)
2026-09-26 03:15:28,379 [INFO] [1531 高林股] 已存檔，共 2433 筆
2026-09-26 03:15:29,637 [INFO] 進度 1002/1925：上市 1532 勤美 (1532.TW)
2026-09-26 03:15:30,038 [INFO] [1532 勤美] 已存檔，共 2433 筆
2026-09-26 03:15:31,718 [INFO] 進度 1003/1925：上市 1533 車王電 (1533.TW)
2026-09-26 03:15:31,991 [INFO] [1533 車王電] 已存檔，共 2433 筆
2026-09-26 03:15:33,590 [INFO] 進度 1004/1925：上市 1535 中宇 (1535.TW)
2026-09-26 03:15:33,965 [INFO] [1535 中宇] 已存檔，共 2433 筆
2026-09-26 03:15:35,271 [INFO] 進度 1005/1925：上市 1536 和大 (1536.TW)
2026-09-26 03:15:35,572 [INFO] [1536 和大] 已存檔，共 2433 筆
2026-09-26 03:15:37,462 [INFO] 進度 1006/1925：上市 1537 廣隆 (1537.TW)
2026-09-26 03:15:37,734 [INFO] [1537 廣隆] 已存檔，共 2433 筆
2026-09-26 03:15:39,148 [INFO] 進度 1007/1925：上市 1538 正峰 (1538.TW)
2026-09-26 03:15:39,403 [INFO] [1538 正峰] 已存檔，共 2433 筆
2026-09-26 03:15:41,230 [INFO] 進度 1008/1925：上市 1539 巨庭 (1539.TW)
2026-09-26 03:15:41,509 [INFO] [1539 巨庭] 已存檔，共 2433 筆
2026-09-26 03:15:43,211 [INFO] 進度 1009/1925：上市 1540 喬福 (1540.TW)
2026-09-26 03:15:43,515 [INFO] [1540 喬福] 已存檔，共 2433 筆
2026-09-26 03:15:44,775 [INFO] 進度 1010/1925：上市 1541 錩泰 (1541.TW)
2026-09-26 03:15:45,059 [INFO] [1541 錩泰] 已存檔，共 2433 筆
2026-09-26 03:15:46,910 [INFO] 進度 1011/1925：上市 1558 伸興 (1558.TW)
2026-09-26 03:15:47,201 [INFO] [1558 伸興] 已存檔，共 2433 筆
2026-09-26 03:15:48,451 [INFO] 進度 1012/1925：上市 1560 中砂 (1560.TW)
2026-09-26 03:15:48,738 [INFO] [1560 中砂] 已存檔，共 2433 筆
2026-09-26 03:15:50,468 [INFO] 進度 1013/1925：上市 1563 巧新 (1563.TW)
2026-09-26 03:15:50,738 [INFO] [1563 巧新] 已存檔，共 2433 筆
2026-09-26 03:15:52,295 [INFO] 進度 1014/1925：上市 1568 倉佑 (1568.TW)
2026-09-26 03:15:52,608 [INFO] [1568 倉佑] 已存檔，共 2433 筆
2026-09-26 03:15:54,251 [INFO] 進度 1015/1925：上市 1582 信錦 (1582.TW)
2026-09-26 03:15:54,571 [INFO] [1582 信錦] 已存檔，共 2433 筆
2026-09-26 03:15:56,365 [INFO] 進度 1016/1925：上市 1583 程泰 (1583.TW)
2026-09-26 03:15:56,754 [INFO] [1583 程泰] 已存檔，共 2433 筆
2026-09-26 03:15:58,049 [INFO] 進度 1017/1925：上市 1587 吉茂 (1587.TW)
2026-09-26 03:15:58,342 [INFO] [1587 吉茂] 已存檔，共 2433 筆
2026-09-26 03:15:59,894 [INFO] 進度 1018/1925：上市 1589 永冠-KY (1589.TW)
2026-09-26 03:16:00,179 [INFO] [1589 永冠-KY] 已存檔，共 2433 筆
2026-09-26 03:16:01,553 [INFO] 進度 1019/1925：上市 1590 亞德客-KY (1590.TW)
2026-09-26 03:16:01,840 [INFO] [1590 亞德客-KY] 已存檔，共 2433 筆
2026-09-26 03:16:03,546 [INFO] 進度 1020/1925：上市 1597 直得 (1597.TW)
2026-09-26 03:16:03,919 [INFO] [1597 直得] 已存檔，共 2433 筆
2026-09-26 03:16:05,217 [INFO] 進度 1021/1925：上市 1598 岱宇 (1598.TW)
2026-09-26 03:16:05,515 [INFO] [1598 岱宇] 已存檔，共 2433 筆
2026-09-26 03:16:07,071 [INFO] 進度 1022/1925：上市 1603 華電 (1603.TW)
2026-09-26 03:16:07,353 [INFO] [1603 華電] 已存檔，共 2433 筆
2026-09-26 03:16:09,181 [INFO] 進度 1023/1925：上市 1604 聲寶 (1604.TW)
2026-09-26 03:16:09,536 [INFO] [1604 聲寶] 已存檔，共 2433 筆
2026-09-26 03:16:11,158 [INFO] 進度 1024/1925：上市 1605 華新 (1605.TW)
2026-09-26 03:16:11,460 [INFO] [1605 華新] 已存檔，共 2433 筆
2026-09-26 03:16:12,765 [INFO] 進度 1025/1925：上市 1608 華榮 (1608.TW)
2026-09-26 03:16:13,095 [INFO] [1608 華榮] 已存檔，共 2433 筆
2026-09-26 03:16:14,641 [INFO] 進度 1026/1925：上市 1609 大亞 (1609.TW)
2026-09-26 03:16:14,919 [INFO] [1609 大亞] 已存檔，共 2433 筆
2026-09-26 03:16:16,569 [INFO] 進度 1027/1925：上市 1611 中電 (1611.TW)
2026-09-26 03:16:16,879 [INFO] [1611 中電] 已存檔，共 2433 筆
2026-09-26 03:16:18,735 [INFO] 進度 1028/1925：上市 1612 宏泰 (1612.TW)
2026-09-26 03:16:19,019 [INFO] [1612 宏泰] 已存檔，共 2433 筆
2026-09-26 03:16:20,611 [INFO] 進度 1029/1925：上市 1614 三洋電 (1614.TW)
2026-09-26 03:16:20,910 [INFO] [1614 三洋電] 已存檔，共 2433 筆
2026-09-26 03:16:22,295 [INFO] 進度 1030/1925：上市 1615 大山 (1615.TW)
2026-09-26 03:16:22,671 [INFO] [1615 大山] 已存檔，共 2433 筆
2026-09-26 03:16:24,205 [INFO] 進度 1031/1925：上市 1616 億泰 (1616.TW)
2026-09-26 03:16:24,508 [INFO] [1616 億泰] 已存檔，共 2433 筆
2026-09-26 03:16:26,028 [INFO] 進度 1032/1925：上市 1617 榮星 (1617.TW)
2026-09-26 03:16:26,299 [INFO] [1617 榮星] 已存檔，共 2433 筆
2026-09-26 03:16:27,567 [INFO] 進度 1033/1925：上市 1618 合機 (1618.TW)
2026-09-26 03:16:27,839 [INFO] [1618 合機] 已存檔，共 2433 筆
2026-09-26 03:16:29,623 [INFO] 進度 1034/1925：上市 1623 大東電 (1623.TW)
2026-09-26 03:16:29,789 [INFO] [1623 大東電] 已存檔，共 568 筆
2026-09-26 03:16:31,684 [INFO] 進度 1035/1925：上市 1626 艾美特-KY (1626.TW)
2026-09-26 03:16:32,077 [INFO] [1626 艾美特-KY] 已存檔，共 2433 筆
2026-09-26 03:16:33,890 [INFO] 進度 1036/1925：上市 1702 南僑 (1702.TW)
2026-09-26 03:16:34,176 [INFO] [1702 南僑] 已存檔，共 2433 筆
2026-09-26 03:16:36,022 [INFO] 進度 1037/1925：上市 1707 葡萄王 (1707.TW)
2026-09-26 03:16:36,305 [INFO] [1707 葡萄王] 已存檔，共 2433 筆
2026-09-26 03:16:38,005 [INFO] 進度 1038/1925：上市 1708 東鹼 (1708.TW)
2026-09-26 03:16:38,334 [INFO] [1708 東鹼] 已存檔，共 2433 筆
2026-09-26 03:16:40,324 [INFO] 進度 1039/1925：上市 1709 和益 (1709.TW)
2026-09-26 03:16:40,610 [INFO] [1709 和益] 已存檔，共 2433 筆
2026-09-26 03:16:42,005 [INFO] 進度 1040/1925：上市 1710 東聯 (1710.TW)
2026-09-26 03:16:42,317 [INFO] [1710 東聯] 已存檔，共 2433 筆
2026-09-26 03:16:44,079 [INFO] 進度 1041/1925：上市 1711 永光 (1711.TW)
2026-09-26 03:16:44,451 [INFO] [1711 永光] 已存檔，共 2433 筆
2026-09-26 03:16:46,116 [INFO] 進度 1042/1925：上市 1712 興農 (1712.TW)
2026-09-26 03:16:46,390 [INFO] [1712 興農] 已存檔，共 2433 筆
2026-09-26 03:16:47,752 [INFO] 進度 1043/1925：上市 1713 國化 (1713.TW)
2026-09-26 03:16:48,064 [INFO] [1713 國化] 已存檔，共 2433 筆
2026-09-26 03:16:49,776 [INFO] 進度 1044/1925：上市 1714 和桐 (1714.TW)
2026-09-26 03:16:50,063 [INFO] [1714 和桐] 已存檔，共 2433 筆
2026-09-26 03:16:51,714 [INFO] 進度 1045/1925：上市 1717 長興 (1717.TW)
2026-09-26 03:16:52,084 [INFO] [1717 長興] 已存檔，共 2433 筆
2026-09-26 03:16:53,743 [INFO] 進度 1046/1925：上市 1718 中纖 (1718.TW)
2026-09-26 03:16:54,045 [INFO] [1718 中纖] 已存檔，共 2433 筆
2026-09-26 03:16:55,606 [INFO] 進度 1047/1925：上市 1720 生達 (1720.TW)
2026-09-26 03:16:55,905 [INFO] [1720 生達] 已存檔，共 2433 筆
2026-09-26 03:16:57,176 [INFO] 進度 1048/1925：上市 1721 三晃 (1721.TW)
2026-09-26 03:16:57,465 [INFO] [1721 三晃] 已存檔，共 2433 筆
2026-09-26 03:16:59,429 [INFO] 進度 1049/1925：上市 1722 台肥 (1722.TW)
2026-09-26 03:16:59,760 [INFO] [1722 台肥] 已存檔，共 2433 筆
2026-09-26 03:17:01,613 [INFO] 進度 1050/1925：上市 1723 中碳 (1723.TW)
2026-09-26 03:17:01,921 [INFO] [1723 中碳] 已存檔，共 2433 筆
2026-09-26 03:17:03,646 [INFO] 進度 1051/1925：上市 1725 元禎 (1725.TW)
2026-09-26 03:17:03,938 [INFO] [1725 元禎] 已存檔，共 2433 筆
2026-09-26 03:17:05,431 [INFO] 進度 1052/1925：上市 1726 永記 (1726.TW)
2026-09-26 03:17:05,720 [INFO] [1726 永記] 已存檔，共 2433 筆
2026-09-26 03:17:07,543 [INFO] 進度 1053/1925：上市 1727 中華化 (1727.TW)
2026-09-26 03:17:07,876 [INFO] [1727 中華化] 已存檔，共 2433 筆
2026-09-26 03:17:09,234 [INFO] 進度 1054/1925：上市 1730 花仙子 (1730.TW)
2026-09-26 03:17:09,600 [INFO] [1730 花仙子] 已存檔，共 2433 筆
2026-09-26 03:17:11,017 [INFO] 進度 1055/1925：上市 1731 美吾華 (1731.TW)
2026-09-26 03:17:11,326 [INFO] [1731 美吾華] 已存檔，共 2433 筆
2026-09-26 03:17:12,682 [INFO] 進度 1056/1925：上市 1732 毛寶 (1732.TW)
2026-09-26 03:17:12,973 [INFO] [1732 毛寶] 已存檔，共 2433 筆
2026-09-26 03:17:14,373 [INFO] 進度 1057/1925：上市 1733 五鼎 (1733.TW)
2026-09-26 03:17:14,726 [INFO] [1733 五鼎] 已存檔，共 2433 筆
2026-09-26 03:17:16,484 [INFO] 進度 1058/1925：上市 1734 杏輝 (1734.TW)
2026-09-26 03:17:16,810 [INFO] [1734 杏輝] 已存檔，共 2433 筆
2026-09-26 03:17:18,227 [INFO] 進度 1059/1925：上市 1735 日勝化 (1735.TW)
2026-09-26 03:17:18,507 [INFO] [1735 日勝化] 已存檔，共 2433 筆
2026-09-26 03:17:20,418 [INFO] 進度 1060/1925：上市 1736 喬山 (1736.TW)
2026-09-26 03:17:20,725 [INFO] [1736 喬山] 已存檔，共 2433 筆
2026-09-26 03:17:21,999 [INFO] 進度 1061/1925：上市 1737 臺鹽 (1737.TW)
2026-09-26 03:17:22,360 [INFO] [1737 臺鹽] 已存檔，共 2433 筆
2026-09-26 03:17:23,605 [INFO] 進度 1062/1925：上市 1752 南光 (1752.TW)
2026-09-26 03:17:23,825 [INFO] [1752 南光] 已存檔，共 1134 筆
2026-09-26 03:17:25,621 [INFO] 進度 1063/1925：上市 1760 寶齡富錦 (1760.TW)
2026-09-26 03:17:25,911 [INFO] [1760 寶齡富錦] 已存檔，共 2433 筆
2026-09-26 03:17:27,596 [INFO] 進度 1064/1925：上市 1762 中化生 (1762.TW)
2026-09-26 03:17:27,868 [INFO] [1762 中化生] 已存檔，共 2433 筆
2026-09-26 03:17:29,377 [INFO] 進度 1065/1925：上市 1773 勝一 (1773.TW)
2026-09-26 03:17:29,671 [INFO] [1773 勝一] 已存檔，共 2433 筆
2026-09-26 03:17:31,205 [INFO] 進度 1066/1925：上市 1776 展宇 (1776.TW)
2026-09-26 03:17:31,539 [INFO] [1776 展宇] 已存檔，共 2433 筆
2026-09-26 03:17:33,110 [INFO] 進度 1067/1925：上市 1783 和康生 (1783.TW)
2026-09-26 03:17:33,425 [INFO] [1783 和康生] 已存檔，共 2433 筆
2026-09-26 03:17:34,708 [INFO] 進度 1068/1925：上市 1786 科妍 (1786.TW)
2026-09-26 03:17:35,086 [INFO] [1786 科妍] 已存檔，共 2433 筆
2026-09-26 03:17:36,328 [INFO] 進度 1069/1925：上市 1789 神隆 (1789.TW)
2026-09-26 03:17:36,621 [INFO] [1789 神隆] 已存檔，共 2433 筆
2026-09-26 03:17:37,844 [INFO] 進度 1070/1925：上市 1795 美時 (1795.TW)
2026-09-26 03:17:38,122 [INFO] [1795 美時] 已存檔，共 2433 筆
2026-09-26 03:17:39,854 [INFO] 進度 1071/1925：上市 1802 台玻 (1802.TW)
2026-09-26 03:17:40,122 [INFO] [1802 台玻] 已存檔，共 2433 筆
2026-09-26 03:17:41,682 [INFO] 進度 1072/1925：上市 1805 寶徠 (1805.TW)
2026-09-26 03:17:41,916 [INFO] [1805 寶徠] 已存檔，共 2433 筆
2026-09-26 03:17:43,246 [INFO] 進度 1073/1925：上市 1806 冠軍 (1806.TW)
2026-09-26 03:17:43,565 [INFO] [1806 冠軍] 已存檔，共 2433 筆
2026-09-26 03:17:45,465 [INFO] 進度 1074/1925：上市 1808 潤隆 (1808.TW)
2026-09-26 03:17:45,743 [INFO] [1808 潤隆] 已存檔，共 2433 筆
2026-09-26 03:17:47,384 [INFO] 進度 1075/1925：上市 1809 中釉 (1809.TW)
2026-09-26 03:17:47,689 [INFO] [1809 中釉] 已存檔，共 2433 筆
2026-09-26 03:17:49,037 [INFO] 進度 1076/1925：上市 1810 和成 (1810.TW)
2026-09-26 03:17:49,365 [INFO] [1810 和成] 已存檔，共 2433 筆
2026-09-26 03:17:50,724 [INFO] 進度 1077/1925：上市 1817 凱撒衛 (1817.TW)
2026-09-26 03:17:51,007 [INFO] [1817 凱撒衛] 已存檔，共 2433 筆
2026-09-26 03:17:52,519 [INFO] 進度 1078/1925：上市 1903 士紙 (1903.TW)
2026-09-26 03:17:52,771 [INFO] [1903 士紙] 已存檔，共 2433 筆
2026-09-26 03:17:54,617 [INFO] 進度 1079/1925：上市 1904 正隆 (1904.TW)
2026-09-26 03:17:54,929 [INFO] [1904 正隆] 已存檔，共 2433 筆
2026-09-26 03:17:56,829 [INFO] 進度 1080/1925：上市 1905 華紙 (1905.TW)
2026-09-26 03:17:57,140 [INFO] [1905 華紙] 已存檔，共 2433 筆
2026-09-26 03:17:58,657 [INFO] 進度 1081/1925：上市 1906 寶隆 (1906.TW)
2026-09-26 03:17:58,930 [INFO] [1906 寶隆] 已存檔，共 2433 筆
2026-09-26 03:18:00,853 [INFO] 進度 1082/1925：上市 1907 永豐餘 (1907.TW)
2026-09-26 03:18:01,230 [INFO] [1907 永豐餘] 已存檔，共 2433 筆
2026-09-26 03:18:02,662 [INFO] 進度 1083/1925：上市 1909 榮成 (1909.TW)
2026-09-26 03:18:02,961 [INFO] [1909 榮成] 已存檔，共 2433 筆
2026-09-26 03:18:04,313 [INFO] 進度 1084/1925：上市 2002 中鋼 (2002.TW)
2026-09-26 03:18:04,604 [INFO] [2002 中鋼] 已存檔，共 2433 筆
2026-09-26 03:18:06,042 [INFO] 進度 1085/1925：上市 2006 東和鋼鐵 (2006.TW)
2026-09-26 03:18:06,354 [INFO] [2006 東和鋼鐵] 已存檔，共 2433 筆
2026-09-26 03:18:08,327 [INFO] 進度 1086/1925：上市 2007 燁興 (2007.TW)
2026-09-26 03:18:08,588 [INFO] [2007 燁興] 已存檔，共 2433 筆
2026-09-26 03:18:09,831 [INFO] 進度 1087/1925：上市 2008 高興昌 (2008.TW)
2026-09-26 03:18:10,124 [INFO] [2008 高興昌] 已存檔，共 2433 筆
2026-09-26 03:18:11,601 [INFO] 進度 1088/1925：上市 2009 第一銅 (2009.TW)
2026-09-26 03:18:11,902 [INFO] [2009 第一銅] 已存檔，共 2433 筆
2026-09-26 03:18:13,895 [INFO] 進度 1089/1925：上市 2010 春源 (2010.TW)
2026-09-26 03:18:14,210 [INFO] [2010 春源] 已存檔，共 2433 筆
2026-09-26 03:18:15,675 [INFO] 進度 1090/1925：上市 2012 春雨 (2012.TW)
2026-09-26 03:18:15,991 [INFO] [2012 春雨] 已存檔，共 2433 筆
2026-09-26 03:18:17,302 [INFO] 進度 1091/1925：上市 2013 中鋼構 (2013.TW)
2026-09-26 03:18:17,586 [INFO] [2013 中鋼構] 已存檔，共 2433 筆
2026-09-26 03:18:18,907 [INFO] 進度 1092/1925：上市 2014 中鴻 (2014.TW)
2026-09-26 03:18:19,203 [INFO] [2014 中鴻] 已存檔，共 2433 筆
2026-09-26 03:18:21,005 [INFO] 進度 1093/1925：上市 2015 豐興 (2015.TW)
2026-09-26 03:18:21,270 [INFO] [2015 豐興] 已存檔，共 2433 筆
2026-09-26 03:18:22,999 [INFO] 進度 1094/1925：上市 2017 官田鋼 (2017.TW)
2026-09-26 03:18:23,274 [INFO] [2017 官田鋼] 已存檔，共 2433 筆
2026-09-26 03:18:24,811 [INFO] 進度 1095/1925：上市 2020 美亞 (2020.TW)
2026-09-26 03:18:25,084 [INFO] [2020 美亞] 已存檔，共 2433 筆
2026-09-26 03:18:26,642 [INFO] 進度 1096/1925：上市 2022 聚亨 (2022.TW)
2026-09-26 03:18:26,993 [INFO] [2022 聚亨] 已存檔，共 2433 筆
2026-09-26 03:18:28,568 [INFO] 進度 1097/1925：上市 2023 燁輝 (2023.TW)
2026-09-26 03:18:28,885 [INFO] [2023 燁輝] 已存檔，共 2433 筆
2026-09-26 03:18:30,556 [INFO] 進度 1098/1925：上市 2024 志聯 (2024.TW)
2026-09-26 03:18:30,800 [INFO] [2024 志聯] 已存檔，共 2433 筆
2026-09-26 03:18:32,211 [INFO] 進度 1099/1925：上市 2025 千興 (2025.TW)
2026-09-26 03:18:32,468 [INFO] [2025 千興] 已存檔，共 2433 筆
2026-09-26 03:18:33,873 [INFO] 進度 1100/1925：上市 2027 大成鋼 (2027.TW)
2026-09-26 03:18:34,204 [INFO] [2027 大成鋼] 已存檔，共 2433 筆
2026-09-26 03:18:36,150 [INFO] 進度 1101/1925：上市 2028 威致 (2028.TW)
2026-09-26 03:18:36,400 [INFO] [2028 威致] 已存檔，共 2433 筆
2026-09-26 03:18:38,301 [INFO] 進度 1102/1925：上市 2029 盛餘 (2029.TW)
2026-09-26 03:18:38,623 [INFO] [2029 盛餘] 已存檔，共 2433 筆
2026-09-26 03:18:40,144 [INFO] 進度 1103/1925：上市 2030 彰源 (2030.TW)
2026-09-26 03:18:40,457 [INFO] [2030 彰源] 已存檔，共 2433 筆
2026-09-26 03:18:41,943 [INFO] 進度 1104/1925：上市 2031 新光鋼 (2031.TW)
2026-09-26 03:18:42,258 [INFO] [2031 新光鋼] 已存檔，共 2433 筆
2026-09-26 03:18:44,017 [INFO] 進度 1105/1925：上市 2032 新鋼 (2032.TW)
2026-09-26 03:18:44,317 [INFO] [2032 新鋼] 已存檔，共 2433 筆
2026-09-26 03:18:46,171 [INFO] 進度 1106/1925：上市 2033 佳大 (2033.TW)
2026-09-26 03:18:46,445 [INFO] [2033 佳大] 已存檔，共 2433 筆
2026-09-26 03:18:47,859 [INFO] 進度 1107/1925：上市 2034 允強 (2034.TW)
2026-09-26 03:18:48,163 [INFO] [2034 允強] 已存檔，共 2433 筆
2026-09-26 03:18:49,599 [INFO] 進度 1108/1925：上市 2038 海光 (2038.TW)
2026-09-26 03:18:49,882 [INFO] [2038 海光] 已存檔，共 2433 筆
2026-09-26 03:18:51,800 [INFO] 進度 1109/1925：上市 2049 上銀 (2049.TW)
2026-09-26 03:18:52,158 [INFO] [2049 上銀] 已存檔，共 2433 筆
2026-09-26 03:18:53,464 [INFO] 進度 1110/1925：上市 2059 川湖 (2059.TW)
2026-09-26 03:18:53,752 [INFO] [2059 川湖] 已存檔，共 2433 筆
2026-09-26 03:18:54,991 [INFO] 進度 1111/1925：上市 2062 橋椿 (2062.TW)
2026-09-26 03:18:55,274 [INFO] [2062 橋椿] 已存檔，共 2433 筆
2026-09-26 03:18:57,234 [INFO] 進度 1112/1925：上市 2069 運錩 (2069.TW)
2026-09-26 03:18:57,573 [INFO] [2069 運錩] 已存檔，共 2433 筆
2026-09-26 03:18:58,997 [INFO] 進度 1113/1925：上市 2072 世紀風電 (2072.TW)
2026-09-26 03:18:59,209 [INFO] [2072 世紀風電] 已存檔，共 1414 筆
2026-09-26 03:19:01,021 [INFO] 進度 1114/1925：上市 2101 南港 (2101.TW)
2026-09-26 03:19:01,381 [INFO] [2101 南港] 已存檔，共 2433 筆
2026-09-26 03:19:03,298 [INFO] 進度 1115/1925：上市 2102 泰豐 (2102.TW)
2026-09-26 03:19:03,564 [INFO] [2102 泰豐] 已存檔，共 2433 筆
2026-09-26 03:19:05,133 [INFO] 進度 1116/1925：上市 2103 台橡 (2103.TW)
2026-09-26 03:19:05,496 [INFO] [2103 台橡] 已存檔，共 2433 筆
2026-09-26 03:19:07,446 [INFO] 進度 1117/1925：上市 2104 國際中橡 (2104.TW)
2026-09-26 03:19:07,735 [INFO] [2104 國際中橡] 已存檔，共 2433 筆
2026-09-26 03:19:09,610 [INFO] 進度 1118/1925：上市 2105 正新 (2105.TW)
2026-09-26 03:19:10,111 [INFO] [2105 正新] 已存檔，共 2433 筆
2026-09-26 03:19:11,550 [INFO] 進度 1119/1925：上市 2106 建大 (2106.TW)
2026-09-26 03:19:11,867 [INFO] [2106 建大] 已存檔，共 2433 筆
2026-09-26 03:19:13,416 [INFO] 進度 1120/1925：上市 2107 厚生 (2107.TW)
2026-09-26 03:19:13,733 [INFO] [2107 厚生] 已存檔，共 2433 筆
2026-09-26 03:19:15,174 [INFO] 進度 1121/1925：上市 2108 南帝 (2108.TW)
2026-09-26 03:19:15,445 [INFO] [2108 南帝] 已存檔，共 2433 筆
2026-09-26 03:19:17,285 [INFO] 進度 1122/1925：上市 2109 華豐 (2109.TW)
2026-09-26 03:19:17,604 [INFO] [2109 華豐] 已存檔，共 2433 筆
2026-09-26 03:19:18,928 [INFO] 進度 1123/1925：上市 2114 鑫永銓 (2114.TW)
2026-09-26 03:19:19,229 [INFO] [2114 鑫永銓] 已存檔，共 2433 筆
2026-09-26 03:19:20,616 [INFO] 進度 1124/1925：上市 2115 六暉-KY (2115.TW)
2026-09-26 03:19:20,878 [INFO] [2115 六暉-KY] 已存檔，共 2433 筆
2026-09-26 03:19:22,794 [INFO] 進度 1125/1925：上市 2201 裕隆 (2201.TW)
2026-09-26 03:19:23,091 [INFO] [2201 裕隆] 已存檔，共 2433 筆
2026-09-26 03:19:25,051 [INFO] 進度 1126/1925：上市 2204 中華 (2204.TW)
2026-09-26 03:19:25,359 [INFO] [2204 中華] 已存檔，共 2433 筆
2026-09-26 03:19:27,239 [INFO] 進度 1127/1925：上市 2206 三陽工業 (2206.TW)
2026-09-26 03:19:27,597 [INFO] [2206 三陽工業] 已存檔，共 2433 筆
2026-09-26 03:19:28,837 [INFO] 進度 1128/1925：上市 2207 和泰車 (2207.TW)
2026-09-26 03:19:29,298 [INFO] [2207 和泰車] 已存檔，共 2433 筆
2026-09-26 03:19:30,660 [INFO] 進度 1129/1925：上市 2208 台船 (2208.TW)
2026-09-26 03:19:30,915 [INFO] [2208 台船] 已存檔，共 2433 筆
2026-09-26 03:19:32,458 [INFO] 進度 1130/1925：上市 2211 長榮鋼 (2211.TW)
2026-09-26 03:19:32,670 [INFO] [2211 長榮鋼] 已存檔，共 1628 筆
2026-09-26 03:19:34,309 [INFO] 進度 1131/1925：上市 2227 裕日車 (2227.TW)
2026-09-26 03:19:34,575 [INFO] [2227 裕日車] 已存檔，共 2433 筆
2026-09-26 03:19:36,347 [INFO] 進度 1132/1925：上市 2228 劍麟 (2228.TW)
2026-09-26 03:19:36,614 [INFO] [2228 劍麟] 已存檔，共 2433 筆
2026-09-26 03:19:38,086 [INFO] 進度 1133/1925：上市 2231 為升 (2231.TW)
2026-09-26 03:19:38,395 [INFO] [2231 為升] 已存檔，共 2433 筆
2026-09-26 03:19:39,776 [INFO] 進度 1134/1925：上市 2233 宇隆 (2233.TW)
2026-09-26 03:19:40,048 [INFO] [2233 宇隆] 已存檔，共 2433 筆
2026-09-26 03:19:41,454 [INFO] 進度 1135/1925：上市 2236 百達-KY (2236.TW)
2026-09-26 03:19:41,763 [INFO] [2236 百達-KY] 已存檔，共 2433 筆
2026-09-26 03:19:43,227 [INFO] 進度 1136/1925：上市 2239 英利-KY (2239.TW)
2026-09-26 03:19:43,488 [INFO] [2239 英利-KY] 已存檔，共 2433 筆
2026-09-26 03:19:44,713 [INFO] 進度 1137/1925：上市 2241 艾姆勒 (2241.TW)
2026-09-26 03:19:44,996 [INFO] [2241 艾姆勒] 已存檔，共 2433 筆
2026-09-26 03:19:46,466 [INFO] 進度 1138/1925：上市 2243 宏旭-KY (2243.TW)
2026-09-26 03:19:46,695 [INFO] [2243 宏旭-KY] 已存檔，共 2185 筆
2026-09-26 03:19:48,472 [INFO] 進度 1139/1925：上市 2247 汎德永業 (2247.TW)
2026-09-26 03:19:48,712 [INFO] [2247 汎德永業] 已存檔，共 2165 筆
2026-09-26 03:19:50,603 [INFO] 進度 1140/1925：上市 2248 華勝-KY (2248.TW)
2026-09-26 03:19:50,908 [INFO] [2248 華勝-KY] 已存檔，共 1953 筆
2026-09-26 03:19:52,445 [INFO] 進度 1141/1925：上市 2250 IKKA-KY (2250.TW)
2026-09-26 03:19:52,677 [INFO] [2250 IKKA-KY] 已存檔，共 1297 筆
2026-09-26 03:19:54,120 [INFO] 進度 1142/1925：上市 2301 光寶科 (2301.TW)
2026-09-26 03:19:54,532 [INFO] [2301 光寶科] 已存檔，共 2433 筆
2026-09-26 03:19:56,129 [INFO] 進度 1143/1925：上市 2302 麗正 (2302.TW)
2026-09-26 03:19:56,406 [INFO] [2302 麗正] 已存檔，共 2433 筆
2026-09-26 03:19:57,761 [INFO] 進度 1144/1925：上市 2303 聯電 (2303.TW)
2026-09-26 03:19:58,047 [INFO] [2303 聯電] 已存檔，共 2433 筆
2026-09-26 03:19:59,532 [INFO] 進度 1145/1925：上市 2305 全友 (2305.TW)
2026-09-26 03:19:59,767 [INFO] [2305 全友] 已存檔，共 2433 筆
2026-09-26 03:20:01,104 [INFO] 進度 1146/1925：上市 2308 台達電 (2308.TW)
2026-09-26 03:20:01,487 [INFO] [2308 台達電] 已存檔，共 2433 筆
2026-09-26 03:20:03,434 [INFO] 進度 1147/1925：上市 2312 金寶 (2312.TW)
2026-09-26 03:20:03,701 [INFO] [2312 金寶] 已存檔，共 2433 筆
2026-09-26 03:20:05,700 [INFO] 進度 1148/1925：上市 2313 華通 (2313.TW)
2026-09-26 03:20:06,029 [INFO] [2313 華通] 已存檔，共 2433 筆
2026-09-26 03:20:07,738 [INFO] 進度 1149/1925：上市 2314 台揚 (2314.TW)
2026-09-26 03:20:08,008 [INFO] [2314 台揚] 已存檔，共 2433 筆
2026-09-26 03:20:09,931 [INFO] 進度 1150/1925：上市 2316 楠梓電 (2316.TW)
2026-09-26 03:20:10,298 [INFO] [2316 楠梓電] 已存檔，共 2433 筆
2026-09-26 03:20:12,016 [INFO] 進度 1151/1925：上市 2317 鴻海 (2317.TW)
2026-09-26 03:20:12,335 [INFO] [2317 鴻海] 已存檔，共 2433 筆
2026-09-26 03:20:14,091 [INFO] 進度 1152/1925：上市 2321 東訊 (2321.TW)
2026-09-26 03:20:14,387 [INFO] [2321 東訊] 已存檔，共 2433 筆
2026-09-26 03:20:15,769 [INFO] 進度 1153/1925：上市 2323 中環 (2323.TW)
2026-09-26 03:20:16,089 [INFO] [2323 中環] 已存檔，共 2433 筆
2026-09-26 03:20:17,724 [INFO] 進度 1154/1925：上市 2324 仁寶 (2324.TW)
2026-09-26 03:20:18,098 [INFO] [2324 仁寶] 已存檔，共 2433 筆
2026-09-26 03:20:19,495 [INFO] 進度 1155/1925：上市 2327 國巨* (2327.TW)
2026-09-26 03:20:19,815 [INFO] [2327 國巨*] 已存檔，共 2433 筆
2026-09-26 03:20:21,127 [INFO] 進度 1156/1925：上市 2328 廣宇 (2328.TW)
2026-09-26 03:20:21,430 [INFO] [2328 廣宇] 已存檔，共 2433 筆
2026-09-26 03:20:23,150 [INFO] 進度 1157/1925：上市 2329 華泰 (2329.TW)
2026-09-26 03:20:23,403 [INFO] [2329 華泰] 已存檔，共 2433 筆
2026-09-26 03:20:24,759 [INFO] 進度 1158/1925：上市 2330 台積電 (2330.TW)
2026-09-26 03:20:25,032 [INFO] [2330 台積電] 已存檔，共 2433 筆
2026-09-26 03:20:26,359 [INFO] 進度 1159/1925：上市 2331 精英 (2331.TW)
2026-09-26 03:20:26,667 [INFO] [2331 精英] 已存檔，共 2433 筆
2026-09-26 03:20:28,110 [INFO] 進度 1160/1925：上市 2332 友訊 (2332.TW)
2026-09-26 03:20:28,497 [INFO] [2332 友訊] 已存檔，共 2433 筆
2026-09-26 03:20:29,798 [INFO] 進度 1161/1925：上市 2337 旺宏 (2337.TW)
2026-09-26 03:20:30,095 [INFO] [2337 旺宏] 已存檔，共 2433 筆
2026-09-26 03:20:31,837 [INFO] 進度 1162/1925：上市 2338 光罩 (2338.TW)
2026-09-26 03:20:32,128 [INFO] [2338 光罩] 已存檔，共 2433 筆
2026-09-26 03:20:33,890 [INFO] 進度 1163/1925：上市 2340 台亞 (2340.TW)
2026-09-26 03:20:34,162 [INFO] [2340 台亞] 已存檔，共 2433 筆
2026-09-26 03:20:35,991 [INFO] 進度 1164/1925：上市 2342 茂矽 (2342.TW)
2026-09-26 03:20:36,291 [INFO] [2342 茂矽] 已存檔，共 2433 筆
2026-09-26 03:20:37,761 [INFO] 進度 1165/1925：上市 2344 華邦電 (2344.TW)
2026-09-26 03:20:38,046 [INFO] [2344 華邦電] 已存檔，共 2433 筆
2026-09-26 03:20:39,359 [INFO] 進度 1166/1925：上市 2345 智邦 (2345.TW)
2026-09-26 03:20:39,672 [INFO] [2345 智邦] 已存檔，共 2433 筆
2026-09-26 03:20:41,350 [INFO] 進度 1167/1925：上市 2347 聯強 (2347.TW)
2026-09-26 03:20:41,812 [INFO] [2347 聯強] 已存檔，共 2433 筆
2026-09-26 03:20:43,343 [INFO] 進度 1168/1925：上市 2348 海悅 (2348.TW)
2026-09-26 03:20:43,630 [INFO] [2348 海悅] 已存檔，共 2433 筆
2026-09-26 03:20:45,294 [INFO] 進度 1169/1925：上市 2349 錸德 (2349.TW)
2026-09-26 03:20:45,637 [INFO] [2349 錸德] 已存檔，共 2433 筆
2026-09-26 03:20:47,174 [INFO] 進度 1170/1925：上市 2351 順德 (2351.TW)
2026-09-26 03:20:47,549 [INFO] [2351 順德] 已存檔，共 2433 筆
2026-09-26 03:20:49,485 [INFO] 進度 1171/1925：上市 2352 佳世達 (2352.TW)
2026-09-26 03:20:49,812 [INFO] [2352 佳世達] 已存檔，共 2433 筆
2026-09-26 03:20:51,045 [INFO] 進度 1172/1925：上市 2353 宏碁 (2353.TW)
2026-09-26 03:20:51,367 [INFO] [2353 宏碁] 已存檔，共 2433 筆
2026-09-26 03:20:52,813 [INFO] 進度 1173/1925：上市 2354 鴻準 (2354.TW)
2026-09-26 03:20:53,133 [INFO] [2354 鴻準] 已存檔，共 2433 筆
2026-09-26 03:20:54,860 [INFO] 進度 1174/1925：上市 2355 敬鵬 (2355.TW)
2026-09-26 03:20:55,163 [INFO] [2355 敬鵬] 已存檔，共 2433 筆
2026-09-26 03:20:57,140 [INFO] 進度 1175/1925：上市 2356 英業達 (2356.TW)
2026-09-26 03:20:57,426 [INFO] [2356 英業達] 已存檔，共 2433 筆
2026-09-26 03:20:58,686 [INFO] 進度 1176/1925：上市 2357 華碩 (2357.TW)
2026-09-26 03:20:58,974 [INFO] [2357 華碩] 已存檔，共 2433 筆
2026-09-26 03:21:00,337 [INFO] 進度 1177/1925：上市 2359 所羅門 (2359.TW)
2026-09-26 03:21:00,734 [INFO] [2359 所羅門] 已存檔，共 2433 筆
2026-09-26 03:21:01,978 [INFO] 進度 1178/1925：上市 2360 致茂 (2360.TW)
2026-09-26 03:21:02,263 [INFO] [2360 致茂] 已存檔，共 2433 筆
2026-09-26 03:21:03,986 [INFO] 進度 1179/1925：上市 2362 藍天 (2362.TW)
2026-09-26 03:21:04,260 [INFO] [2362 藍天] 已存檔，共 2433 筆
2026-09-26 03:21:06,219 [INFO] 進度 1180/1925：上市 2363 矽統 (2363.TW)
2026-09-26 03:21:06,530 [INFO] [2363 矽統] 已存檔，共 2433 筆
2026-09-26 03:21:08,344 [INFO] 進度 1181/1925：上市 2364 倫飛 (2364.TW)
2026-09-26 03:21:08,598 [INFO] [2364 倫飛] 已存檔，共 2433 筆
2026-09-26 03:21:10,499 [INFO] 進度 1182/1925：上市 2365 昆盈 (2365.TW)
2026-09-26 03:21:10,807 [INFO] [2365 昆盈] 已存檔，共 2433 筆
2026-09-26 03:21:12,025 [INFO] 進度 1183/1925：上市 2367 燿華 (2367.TW)
2026-09-26 03:21:12,358 [INFO] [2367 燿華] 已存檔，共 2433 筆
2026-09-26 03:21:13,642 [INFO] 進度 1184/1925：上市 2368 金像電 (2368.TW)
2026-09-26 03:21:13,908 [INFO] [2368 金像電] 已存檔，共 2433 筆
2026-09-26 03:21:15,882 [INFO] 進度 1185/1925：上市 2369 菱生 (2369.TW)
2026-09-26 03:21:16,217 [INFO] [2369 菱生] 已存檔，共 2433 筆
2026-09-26 03:21:17,820 [INFO] 進度 1186/1925：上市 2371 大同 (2371.TW)
2026-09-26 03:21:18,120 [INFO] [2371 大同] 已存檔，共 2433 筆
2026-09-26 03:21:19,959 [INFO] 進度 1187/1925：上市 2373 震旦行 (2373.TW)
2026-09-26 03:21:20,256 [INFO] [2373 震旦行] 已存檔，共 2433 筆
2026-09-26 03:21:21,909 [INFO] 進度 1188/1925：上市 2374 佳能 (2374.TW)
2026-09-26 03:21:22,230 [INFO] [2374 佳能] 已存檔，共 2433 筆
2026-09-26 03:21:23,724 [INFO] 進度 1189/1925：上市 2375 凱美 (2375.TW)
2026-09-26 03:21:24,039 [INFO] [2375 凱美] 已存檔，共 2433 筆
2026-09-26 03:21:26,031 [INFO] 進度 1190/1925：上市 2376 技嘉 (2376.TW)
2026-09-26 03:21:26,312 [INFO] [2376 技嘉] 已存檔，共 2433 筆
2026-09-26 03:21:27,980 [INFO] 進度 1191/1925：上市 2377 微星 (2377.TW)
2026-09-26 03:21:28,269 [INFO] [2377 微星] 已存檔，共 2433 筆
2026-09-26 03:21:30,086 [INFO] 進度 1192/1925：上市 2379 瑞昱 (2379.TW)
2026-09-26 03:21:30,394 [INFO] [2379 瑞昱] 已存檔，共 2433 筆
2026-09-26 03:21:31,684 [INFO] 進度 1193/1925：上市 2380 虹光 (2380.TW)
2026-09-26 03:21:31,982 [INFO] [2380 虹光] 已存檔，共 2433 筆
2026-09-26 03:21:33,611 [INFO] 進度 1194/1925：上市 2382 廣達 (2382.TW)
2026-09-26 03:21:33,937 [INFO] [2382 廣達] 已存檔，共 2433 筆
2026-09-26 03:21:35,699 [INFO] 進度 1195/1925：上市 2383 台光電 (2383.TW)
2026-09-26 03:21:35,976 [INFO] [2383 台光電] 已存檔，共 2433 筆
2026-09-26 03:21:37,193 [INFO] 進度 1196/1925：上市 2385 群光 (2385.TW)
2026-09-26 03:21:37,463 [INFO] [2385 群光] 已存檔，共 2433 筆
2026-09-26 03:21:39,263 [INFO] 進度 1197/1925：上市 2387 精元 (2387.TW)
2026-09-26 03:21:39,552 [INFO] [2387 精元] 已存檔，共 2433 筆
2026-09-26 03:21:41,464 [INFO] 進度 1198/1925：上市 2388 威盛 (2388.TW)
2026-09-26 03:21:41,786 [INFO] [2388 威盛] 已存檔，共 2433 筆
2026-09-26 03:21:43,136 [INFO] 進度 1199/1925：上市 2390 云辰 (2390.TW)
2026-09-26 03:21:43,507 [INFO] [2390 云辰] 已存檔，共 2433 筆
2026-09-26 03:21:44,724 [INFO] 進度 1200/1925：上市 2392 正崴 (2392.TW)
2026-09-26 03:21:45,011 [INFO] [2392 正崴] 已存檔，共 2433 筆
2026-09-26 03:21:46,927 [INFO] 進度 1201/1925：上市 2393 億光 (2393.TW)
2026-09-26 03:21:47,232 [INFO] [2393 億光] 已存檔，共 2433 筆
2026-09-26 03:21:49,075 [INFO] 進度 1202/1925：上市 2395 研華 (2395.TW)
2026-09-26 03:21:49,396 [INFO] [2395 研華] 已存檔，共 2433 筆
2026-09-26 03:21:51,380 [INFO] 進度 1203/1925：上市 2397 友通 (2397.TW)
2026-09-26 03:21:51,657 [INFO] [2397 友通] 已存檔，共 2433 筆
2026-09-26 03:21:53,619 [INFO] 進度 1204/1925：上市 2399 映泰 (2399.TW)
2026-09-26 03:21:53,983 [INFO] [2399 映泰] 已存檔，共 2433 筆
2026-09-26 03:21:55,326 [INFO] 進度 1205/1925：上市 2401 凌陽 (2401.TW)
2026-09-26 03:21:55,580 [INFO] [2401 凌陽] 已存檔，共 2433 筆
2026-09-26 03:21:57,152 [INFO] 進度 1206/1925：上市 2402 毅嘉 (2402.TW)
2026-09-26 03:21:57,481 [INFO] [2402 毅嘉] 已存檔，共 2434 筆
2026-09-26 03:21:58,697 [INFO] 進度 1207/1925：上市 2404 漢唐 (2404.TW)
2026-09-26 03:21:59,002 [INFO] [2404 漢唐] 已存檔，共 2433 筆
2026-09-26 03:22:00,512 [INFO] 進度 1208/1925：上市 2405 輔信 (2405.TW)
2026-09-26 03:22:00,866 [INFO] [2405 輔信] 已存檔，共 2433 筆
2026-09-26 03:22:02,384 [INFO] 進度 1209/1925：上市 2406 國碩 (2406.TW)
2026-09-26 03:22:02,661 [INFO] [2406 國碩] 已存檔，共 2433 筆
2026-09-26 03:22:04,467 [INFO] 進度 1210/1925：上市 2408 南亞科 (2408.TW)
2026-09-26 03:22:04,759 [INFO] [2408 南亞科] 已存檔，共 2433 筆
2026-09-26 03:22:06,167 [INFO] 進度 1211/1925：上市 2409 友達 (2409.TW)
2026-09-26 03:22:06,459 [INFO] [2409 友達] 已存檔，共 2433 筆
2026-09-26 03:22:08,102 [INFO] 進度 1212/1925：上市 2412 中華電 (2412.TW)
2026-09-26 03:22:08,354 [INFO] [2412 中華電] 已存檔，共 2433 筆
2026-09-26 03:22:09,929 [INFO] 進度 1213/1925：上市 2413 環科 (2413.TW)
2026-09-26 03:22:10,211 [INFO] [2413 環科] 已存檔，共 2433 筆
2026-09-26 03:22:11,695 [INFO] 進度 1214/1925：上市 2414 精技 (2414.TW)
2026-09-26 03:22:11,987 [INFO] [2414 精技] 已存檔，共 2433 筆
2026-09-26 03:22:13,818 [INFO] 進度 1215/1925：上市 2415 錩新 (2415.TW)
2026-09-26 03:22:14,091 [INFO] [2415 錩新] 已存檔，共 2433 筆
2026-09-26 03:22:15,294 [INFO] 進度 1216/1925：上市 2417 圓剛 (2417.TW)
2026-09-26 03:22:15,642 [INFO] [2417 圓剛] 已存檔，共 2433 筆
2026-09-26 03:22:17,361 [INFO] 進度 1217/1925：上市 2419 仲琦 (2419.TW)
2026-09-26 03:22:17,645 [INFO] [2419 仲琦] 已存檔，共 2433 筆
2026-09-26 03:22:19,053 [INFO] 進度 1218/1925：上市 2420 新巨 (2420.TW)
2026-09-26 03:22:19,351 [INFO] [2420 新巨] 已存檔，共 2433 筆
2026-09-26 03:22:21,273 [INFO] 進度 1219/1925：上市 2421 建準 (2421.TW)
2026-09-26 03:22:21,553 [INFO] [2421 建準] 已存檔，共 2433 筆
2026-09-26 03:22:22,932 [INFO] 進度 1220/1925：上市 2423 固緯 (2423.TW)
2026-09-26 03:22:23,238 [INFO] [2423 固緯] 已存檔，共 2433 筆
2026-09-26 03:22:24,774 [INFO] 進度 1221/1925：上市 2424 隴華 (2424.TW)
2026-09-26 03:22:25,016 [INFO] [2424 隴華] 已存檔，共 2433 筆
2026-09-26 03:22:26,842 [INFO] 進度 1222/1925：上市 2425 承啟 (2425.TW)
2026-09-26 03:22:27,154 [INFO] [2425 承啟] 已存檔，共 2433 筆
2026-09-26 03:22:28,908 [INFO] 進度 1223/1925：上市 2426 鼎元 (2426.TW)
2026-09-26 03:22:29,280 [INFO] [2426 鼎元] 已存檔，共 2433 筆
2026-09-26 03:22:31,270 [INFO] 進度 1224/1925：上市 2427 三商電 (2427.TW)
2026-09-26 03:22:31,597 [INFO] [2427 三商電] 已存檔，共 2433 筆
2026-09-26 03:22:33,505 [INFO] 進度 1225/1925：上市 2428 興勤 (2428.TW)
2026-09-26 03:22:33,874 [INFO] [2428 興勤] 已存檔，共 2433 筆
2026-09-26 03:22:35,259 [INFO] 進度 1226/1925：上市 2429 銘旺科 (2429.TW)
2026-09-26 03:22:35,493 [INFO] [2429 銘旺科] 已存檔，共 2433 筆
2026-09-26 03:22:37,457 [INFO] 進度 1227/1925：上市 2430 燦坤 (2430.TW)
2026-09-26 03:22:37,779 [INFO] [2430 燦坤] 已存檔，共 2433 筆
2026-09-26 03:22:39,109 [INFO] 進度 1228/1925：上市 2431 聯昌 (2431.TW)
2026-09-26 03:22:39,469 [INFO] [2431 聯昌] 已存檔，共 2433 筆
2026-09-26 03:22:40,881 [INFO] 進度 1229/1925：上市 2433 互盛電 (2433.TW)
2026-09-26 03:22:41,291 [INFO] [2433 互盛電] 已存檔，共 2433 筆
2026-09-26 03:22:43,189 [INFO] 進度 1230/1925：上市 2434 統懋 (2434.TW)
2026-09-26 03:22:43,443 [INFO] [2434 統懋] 已存檔，共 2433 筆
2026-09-26 03:22:45,340 [INFO] 進度 1231/1925：上市 2436 偉詮電 (2436.TW)
2026-09-26 03:22:45,619 [INFO] [2436 偉詮電] 已存檔，共 2433 筆
2026-09-26 03:22:46,825 [INFO] 進度 1232/1925：上市 2438 翔耀 (2438.TW)
2026-09-26 03:22:47,163 [INFO] [2438 翔耀] 已存檔，共 2433 筆
2026-09-26 03:22:49,138 [INFO] 進度 1233/1925：上市 2439 美律 (2439.TW)
2026-09-26 03:22:49,444 [INFO] [2439 美律] 已存檔，共 2433 筆
2026-09-26 03:22:50,937 [INFO] 進度 1234/1925：上市 2440 太空梭 (2440.TW)
2026-09-26 03:22:51,270 [INFO] [2440 太空梭] 已存檔，共 2433 筆
2026-09-26 03:22:53,069 [INFO] 進度 1235/1925：上市 2441 超豐 (2441.TW)
2026-09-26 03:22:53,377 [INFO] [2441 超豐] 已存檔，共 2433 筆
2026-09-26 03:22:54,749 [INFO] 進度 1236/1925：上市 2442 新美齊 (2442.TW)
2026-09-26 03:22:55,103 [INFO] [2442 新美齊] 已存檔，共 2433 筆
2026-09-26 03:22:56,363 [INFO] 進度 1237/1925：上市 2444 兆勁 (2444.TW)
2026-09-26 03:22:56,717 [INFO] [2444 兆勁] 已存檔，共 2433 筆
2026-09-26 03:22:58,286 [INFO] 進度 1238/1925：上市 2449 京元電子 (2449.TW)
2026-09-26 03:22:58,613 [INFO] [2449 京元電子] 已存檔，共 2433 筆
2026-09-26 03:23:00,280 [INFO] 進度 1239/1925：上市 2450 神腦 (2450.TW)
2026-09-26 03:23:00,650 [INFO] [2450 神腦] 已存檔，共 2433 筆
2026-09-26 03:23:01,886 [INFO] 進度 1240/1925：上市 2451 創見 (2451.TW)
2026-09-26 03:23:02,187 [INFO] [2451 創見] 已存檔，共 2433 筆
2026-09-26 03:23:03,696 [INFO] 進度 1241/1925：上市 2453 凌群 (2453.TW)
2026-09-26 03:23:03,993 [INFO] [2453 凌群] 已存檔，共 2433 筆
2026-09-26 03:23:05,216 [INFO] 進度 1242/1925：上市 2454 聯發科 (2454.TW)
2026-09-26 03:23:05,515 [INFO] [2454 聯發科] 已存檔，共 2433 筆
2026-09-26 03:23:06,924 [INFO] 進度 1243/1925：上市 2455 全新 (2455.TW)
2026-09-26 03:23:07,187 [INFO] [2455 全新] 已存檔，共 2433 筆
2026-09-26 03:23:08,613 [INFO] 進度 1244/1925：上市 2457 飛宏 (2457.TW)
2026-09-26 03:23:08,923 [INFO] [2457 飛宏] 已存檔，共 2433 筆
2026-09-26 03:23:10,588 [INFO] 進度 1245/1925：上市 2458 義隆 (2458.TW)
2026-09-26 03:23:10,868 [INFO] [2458 義隆] 已存檔，共 2433 筆
2026-09-26 03:23:12,241 [INFO] 進度 1246/1925：上市 2459 敦吉 (2459.TW)
2026-09-26 03:23:12,534 [INFO] [2459 敦吉] 已存檔，共 2433 筆
2026-09-26 03:23:14,182 [INFO] 進度 1247/1925：上市 2460 建通 (2460.TW)
2026-09-26 03:23:14,493 [INFO] [2460 建通] 已存檔，共 2433 筆
2026-09-26 03:23:15,924 [INFO] 進度 1248/1925：上市 2461 光群雷 (2461.TW)
2026-09-26 03:23:16,226 [INFO] [2461 光群雷] 已存檔，共 2433 筆
2026-09-26 03:23:17,763 [INFO] 進度 1249/1925：上市 2462 良得電 (2462.TW)
2026-09-26 03:23:18,113 [INFO] [2462 良得電] 已存檔，共 2433 筆
2026-09-26 03:23:19,546 [INFO] 進度 1250/1925：上市 2464 盟立 (2464.TW)
2026-09-26 03:23:19,828 [INFO] [2464 盟立] 已存檔，共 2433 筆
2026-09-26 03:23:21,271 [INFO] 進度 1251/1925：上市 2465 麗臺 (2465.TW)
2026-09-26 03:23:21,558 [INFO] [2465 麗臺] 已存檔，共 2433 筆
2026-09-26 03:23:23,503 [INFO] 進度 1252/1925：上市 2466 冠西電 (2466.TW)
2026-09-26 03:23:23,806 [INFO] [2466 冠西電] 已存檔，共 2433 筆
2026-09-26 03:23:25,732 [INFO] 進度 1253/1925：上市 2467 志聖 (2467.TW)
2026-09-26 03:23:26,020 [INFO] [2467 志聖] 已存檔，共 2433 筆
2026-09-26 03:23:27,647 [INFO] 進度 1254/1925：上市 2468 華經 (2468.TW)
2026-09-26 03:23:27,946 [INFO] [2468 華經] 已存檔，共 2433 筆
2026-09-26 03:23:29,522 [INFO] 進度 1255/1925：上市 2471 資通 (2471.TW)
2026-09-26 03:23:29,899 [INFO] [2471 資通] 已存檔，共 2433 筆
2026-09-26 03:23:31,684 [INFO] 進度 1256/1925：上市 2472 立隆電 (2472.TW)
2026-09-26 03:23:32,058 [INFO] [2472 立隆電] 已存檔，共 2433 筆
2026-09-26 03:23:33,700 [INFO] 進度 1257/1925：上市 2474 可成 (2474.TW)
2026-09-26 03:23:34,036 [INFO] [2474 可成] 已存檔，共 2433 筆
2026-09-26 03:23:35,629 [INFO] 進度 1258/1925：上市 2476 鉅祥 (2476.TW)
2026-09-26 03:23:35,928 [INFO] [2476 鉅祥] 已存檔，共 2433 筆
2026-09-26 03:23:37,625 [INFO] 進度 1259/1925：上市 2477 美隆電 (2477.TW)
2026-09-26 03:23:37,921 [INFO] [2477 美隆電] 已存檔，共 2433 筆
2026-09-26 03:23:39,161 [INFO] 進度 1260/1925：上市 2478 大毅 (2478.TW)
2026-09-26 03:23:39,470 [INFO] [2478 大毅] 已存檔，共 2433 筆
2026-09-26 03:23:40,895 [INFO] 進度 1261/1925：上市 2480 敦陽科 (2480.TW)
2026-09-26 03:23:41,189 [INFO] [2480 敦陽科] 已存檔，共 2433 筆
2026-09-26 03:23:42,770 [INFO] 進度 1262/1925：上市 2481 強茂 (2481.TW)
2026-09-26 03:23:43,149 [INFO] [2481 強茂] 已存檔，共 2433 筆
2026-09-26 03:23:45,098 [INFO] 進度 1263/1925：上市 2482 連宇 (2482.TW)
2026-09-26 03:23:45,399 [INFO] [2482 連宇] 已存檔，共 2433 筆
2026-09-26 03:23:47,093 [INFO] 進度 1264/1925：上市 2483 百容 (2483.TW)
2026-09-26 03:23:47,379 [INFO] [2483 百容] 已存檔，共 2433 筆
2026-09-26 03:23:48,774 [INFO] 進度 1265/1925：上市 2484 希華 (2484.TW)
2026-09-26 03:23:49,078 [INFO] [2484 希華] 已存檔，共 2433 筆
2026-09-26 03:23:51,074 [INFO] 進度 1266/1925：上市 2485 兆赫 (2485.TW)
2026-09-26 03:23:51,429 [INFO] [2485 兆赫] 已存檔，共 2433 筆
2026-09-26 03:23:52,690 [INFO] 進度 1267/1925：上市 2486 一詮 (2486.TW)
2026-09-26 03:23:53,001 [INFO] [2486 一詮] 已存檔，共 2433 筆
2026-09-26 03:23:54,244 [INFO] 進度 1268/1925：上市 2488 漢平 (2488.TW)
2026-09-26 03:23:54,608 [INFO] [2488 漢平] 已存檔，共 2433 筆
2026-09-26 03:23:56,458 [INFO] 進度 1269/1925：上市 2489 瑞軒 (2489.TW)
2026-09-26 03:23:56,806 [INFO] [2489 瑞軒] 已存檔，共 2433 筆
2026-09-26 03:23:58,186 [INFO] 進度 1270/1925：上市 2491 吉祥全 (2491.TW)
2026-09-26 03:23:58,484 [INFO] [2491 吉祥全] 已存檔，共 2433 筆
2026-09-26 03:23:59,894 [INFO] 進度 1271/1925：上市 2492 華新科 (2492.TW)
2026-09-26 03:24:00,203 [INFO] [2492 華新科] 已存檔，共 2433 筆
2026-09-26 03:24:02,192 [INFO] 進度 1272/1925：上市 2493 揚博 (2493.TW)
2026-09-26 03:24:02,496 [INFO] [2493 揚博] 已存檔，共 2433 筆
2026-09-26 03:24:04,073 [INFO] 進度 1273/1925：上市 2495 普安 (2495.TW)
2026-09-26 03:24:04,374 [INFO] [2495 普安] 已存檔，共 2433 筆
2026-09-26 03:24:06,174 [INFO] 進度 1274/1925：上市 2496 卓越 (2496.TW)
2026-09-26 03:24:06,436 [INFO] [2496 卓越] 已存檔，共 2433 筆
2026-09-26 03:24:08,153 [INFO] 進度 1275/1925：上市 2497 怡利電 (2497.TW)
2026-09-26 03:24:08,461 [INFO] [2497 怡利電] 已存檔，共 2433 筆
2026-09-26 03:24:09,704 [INFO] 進度 1276/1925：上市 2498 宏達電 (2498.TW)
2026-09-26 03:24:09,988 [INFO] [2498 宏達電] 已存檔，共 2433 筆
2026-09-26 03:24:11,548 [INFO] 進度 1277/1925：上市 2501 國建 (2501.TW)
2026-09-26 03:24:11,875 [INFO] [2501 國建] 已存檔，共 2433 筆
2026-09-26 03:24:13,540 [INFO] 進度 1278/1925：上市 2504 國產 (2504.TW)
2026-09-26 03:24:13,825 [INFO] [2504 國產] 已存檔，共 2433 筆
2026-09-26 03:24:15,773 [INFO] 進度 1279/1925：上市 2505 國揚 (2505.TW)
2026-09-26 03:24:16,070 [INFO] [2505 國揚] 已存檔，共 2433 筆
2026-09-26 03:24:17,947 [INFO] 進度 1280/1925：上市 2506 太設 (2506.TW)
2026-09-26 03:24:18,237 [INFO] [2506 太設] 已存檔，共 2433 筆
2026-09-26 03:24:19,606 [INFO] 進度 1281/1925：上市 2509 全坤建 (2509.TW)
2026-09-26 03:24:19,907 [INFO] [2509 全坤建] 已存檔，共 2433 筆
2026-09-26 03:24:21,829 [INFO] 進度 1282/1925：上市 2511 太子 (2511.TW)
2026-09-26 03:24:22,174 [INFO] [2511 太子] 已存檔，共 2433 筆
2026-09-26 03:24:23,387 [INFO] 進度 1283/1925：上市 2514 龍邦 (2514.TW)
2026-09-26 03:24:23,671 [INFO] [2514 龍邦] 已存檔，共 2433 筆
2026-09-26 03:24:25,021 [INFO] 進度 1284/1925：上市 2515 中工 (2515.TW)
2026-09-26 03:24:25,337 [INFO] [2515 中工] 已存檔，共 2433 筆
2026-09-26 03:24:26,799 [INFO] 進度 1285/1925：上市 2516 新建 (2516.TW)
2026-09-26 03:24:27,083 [INFO] [2516 新建] 已存檔，共 2433 筆
2026-09-26 03:24:28,461 [INFO] 進度 1286/1925：上市 2520 冠德 (2520.TW)
2026-09-26 03:24:28,781 [INFO] [2520 冠德] 已存檔，共 2433 筆
2026-09-26 03:24:30,649 [INFO] 進度 1287/1925：上市 2524 京城 (2524.TW)
2026-09-26 03:24:30,942 [INFO] [2524 京城] 已存檔，共 2433 筆
2026-09-26 03:24:32,240 [INFO] 進度 1288/1925：上市 2527 宏璟 (2527.TW)
2026-09-26 03:24:32,588 [INFO] [2527 宏璟] 已存檔，共 2433 筆
2026-09-26 03:24:34,527 [INFO] 進度 1289/1925：上市 2528 皇普 (2528.TW)
2026-09-26 03:24:34,812 [INFO] [2528 皇普] 已存檔，共 2433 筆
2026-09-26 03:24:36,400 [INFO] 進度 1290/1925：上市 2530 華建 (2530.TW)
2026-09-26 03:24:36,713 [INFO] [2530 華建] 已存檔，共 2433 筆
2026-09-26 03:24:38,646 [INFO] 進度 1291/1925：上市 2534 宏盛 (2534.TW)
2026-09-26 03:24:39,065 [INFO] [2534 宏盛] 已存檔，共 2433 筆
2026-09-26 03:24:40,345 [INFO] 進度 1292/1925：上市 2535 達欣工 (2535.TW)
2026-09-26 03:24:40,734 [INFO] [2535 達欣工] 已存檔，共 2433 筆
2026-09-26 03:24:42,258 [INFO] 進度 1293/1925：上市 2536 宏普 (2536.TW)
2026-09-26 03:24:42,636 [INFO] [2536 宏普] 已存檔，共 2433 筆
2026-09-26 03:24:44,463 [INFO] 進度 1294/1925：上市 2537 聯上發 (2537.TW)
2026-09-26 03:24:44,773 [INFO] [2537 聯上發] 已存檔，共 2433 筆
2026-09-26 03:24:46,373 [INFO] 進度 1295/1925：上市 2538 基泰 (2538.TW)
2026-09-26 03:24:46,664 [INFO] [2538 基泰] 已存檔，共 2433 筆
2026-09-26 03:24:48,060 [INFO] 進度 1296/1925：上市 2539 櫻花建 (2539.TW)
2026-09-26 03:24:48,355 [INFO] [2539 櫻花建] 已存檔，共 2433 筆
2026-09-26 03:24:49,600 [INFO] 進度 1297/1925：上市 2540 愛山林 (2540.TW)
2026-09-26 03:24:49,960 [INFO] [2540 愛山林] 已存檔，共 2433 筆
2026-09-26 03:24:51,357 [INFO] 進度 1298/1925：上市 2542 興富發 (2542.TW)
2026-09-26 03:24:51,639 [INFO] [2542 興富發] 已存檔，共 2433 筆
2026-09-26 03:24:53,393 [INFO] 進度 1299/1925：上市 2543 皇昌 (2543.TW)
2026-09-26 03:24:53,753 [INFO] [2543 皇昌] 已存檔，共 2433 筆
2026-09-26 03:24:54,959 [INFO] 進度 1300/1925：上市 2545 皇翔 (2545.TW)
2026-09-26 03:24:55,310 [INFO] [2545 皇翔] 已存檔，共 2433 筆
2026-09-26 03:24:56,597 [INFO] 進度 1301/1925：上市 2546 根基 (2546.TW)
2026-09-26 03:24:56,907 [INFO] [2546 根基] 已存檔，共 2433 筆
2026-09-26 03:24:58,231 [INFO] 進度 1302/1925：上市 2547 日勝生 (2547.TW)
2026-09-26 03:24:58,525 [INFO] [2547 日勝生] 已存檔，共 2433 筆
2026-09-26 03:25:00,385 [INFO] 進度 1303/1925：上市 2548 華固 (2548.TW)
2026-09-26 03:25:00,671 [INFO] [2548 華固] 已存檔，共 2433 筆
2026-09-26 03:25:01,981 [INFO] 進度 1304/1925：上市 2597 潤弘 (2597.TW)
2026-09-26 03:25:02,259 [INFO] [2597 潤弘] 已存檔，共 2434 筆
2026-09-26 03:25:03,839 [INFO] 進度 1305/1925：上市 2601 益航 (2601.TW)
2026-09-26 03:25:04,098 [INFO] [2601 益航] 已存檔，共 2433 筆
2026-09-26 03:25:05,309 [INFO] 進度 1306/1925：上市 2603 長榮 (2603.TW)
2026-09-26 03:25:05,605 [INFO] [2603 長榮] 已存檔，共 2433 筆
2026-09-26 03:25:06,873 [INFO] 進度 1307/1925：上市 2605 新興 (2605.TW)
2026-09-26 03:25:07,167 [INFO] [2605 新興] 已存檔，共 2433 筆
2026-09-26 03:25:08,699 [INFO] 進度 1308/1925：上市 2606 裕民 (2606.TW)
2026-09-26 03:25:08,996 [INFO] [2606 裕民] 已存檔，共 2433 筆
2026-09-26 03:25:10,278 [INFO] 進度 1309/1925：上市 2607 榮運 (2607.TW)
2026-09-26 03:25:10,577 [INFO] [2607 榮運] 已存檔，共 2433 筆
2026-09-26 03:25:11,857 [INFO] 進度 1310/1925：上市 2608 嘉里大榮 (2608.TW)
2026-09-26 03:25:12,144 [INFO] [2608 嘉里大榮] 已存檔，共 2433 筆
2026-09-26 03:25:13,714 [INFO] 進度 1311/1925：上市 2609 陽明 (2609.TW)
2026-09-26 03:25:14,045 [INFO] [2609 陽明] 已存檔，共 2433 筆
2026-09-26 03:25:15,255 [INFO] 進度 1312/1925：上市 2610 華航 (2610.TW)
2026-09-26 03:25:15,546 [INFO] [2610 華航] 已存檔，共 2433 筆
2026-09-26 03:25:17,034 [INFO] 進度 1313/1925：上市 2611 志信 (2611.TW)
2026-09-26 03:25:17,369 [INFO] [2611 志信] 已存檔，共 2433 筆
2026-09-26 03:25:18,653 [INFO] 進度 1314/1925：上市 2612 中航 (2612.TW)
2026-09-26 03:25:18,943 [INFO] [2612 中航] 已存檔，共 2433 筆
2026-09-26 03:25:20,480 [INFO] 進度 1315/1925：上市 2613 中櫃 (2613.TW)
2026-09-26 03:25:20,760 [INFO] [2613 中櫃] 已存檔，共 2433 筆
2026-09-26 03:25:22,591 [INFO] 進度 1316/1925：上市 2614 東森 (2614.TW)
2026-09-26 03:25:22,902 [INFO] [2614 東森] 已存檔，共 2433 筆
2026-09-26 03:25:24,476 [INFO] 進度 1317/1925：上市 2615 萬海 (2615.TW)
2026-09-26 03:25:24,791 [INFO] [2615 萬海] 已存檔，共 2433 筆
2026-09-26 03:25:26,084 [INFO] 進度 1318/1925：上市 2616 山隆 (2616.TW)
2026-09-26 03:25:26,377 [INFO] [2616 山隆] 已存檔，共 2433 筆
2026-09-26 03:25:28,238 [INFO] 進度 1319/1925：上市 2617 台航 (2617.TW)
2026-09-26 03:25:28,510 [INFO] [2617 台航] 已存檔，共 2433 筆
2026-09-26 03:25:30,444 [INFO] 進度 1320/1925：上市 2618 長榮航 (2618.TW)
2026-09-26 03:25:30,830 [INFO] [2618 長榮航] 已存檔，共 2433 筆
2026-09-26 03:25:32,829 [INFO] 進度 1321/1925：上市 2630 亞航 (2630.TW)
2026-09-26 03:25:33,172 [INFO] [2630 亞航] 已存檔，共 2332 筆
2026-09-26 03:25:34,949 [INFO] 進度 1322/1925：上市 2633 台灣高鐵 (2633.TW)
2026-09-26 03:25:35,232 [INFO] [2633 台灣高鐵] 已存檔，共 2433 筆
2026-09-26 03:25:36,696 [INFO] 進度 1323/1925：上市 2634 漢翔 (2634.TW)
2026-09-26 03:25:36,977 [INFO] [2634 漢翔] 已存檔，共 2433 筆
2026-09-26 03:25:38,770 [INFO] 進度 1324/1925：上市 2636 台驊控股 (2636.TW)
2026-09-26 03:25:39,048 [INFO] [2636 台驊控股] 已存檔，共 2433 筆
2026-09-26 03:25:40,358 [INFO] 進度 1325/1925：上市 2637 慧洋-KY (2637.TW)
2026-09-26 03:25:40,633 [INFO] [2637 慧洋-KY] 已存檔，共 2433 筆
2026-09-26 03:25:41,844 [INFO] 進度 1326/1925：上市 2642 宅配通 (2642.TW)
2026-09-26 03:25:42,108 [INFO] [2642 宅配通] 已存檔，共 2433 筆
2026-09-26 03:25:43,836 [INFO] 進度 1327/1925：上市 2645 長榮航太 (2645.TW)
2026-09-26 03:25:44,049 [INFO] [2645 長榮航太] 已存檔，共 1120 筆
2026-09-26 03:25:45,458 [INFO] 進度 1328/1925：上市 2646 星宇航空 (2646.TW)
2026-09-26 03:25:45,639 [INFO] [2646 星宇航空] 已存檔，共 966 筆
2026-09-26 03:25:46,923 [INFO] 進度 1329/1925：上市 2701 萬企 (2701.TW)
2026-09-26 03:25:47,221 [INFO] [2701 萬企] 已存檔，共 2433 筆
2026-09-26 03:25:49,167 [INFO] 進度 1330/1925：上市 2702 華園 (2702.TW)
2026-09-26 03:25:49,434 [INFO] [2702 華園] 已存檔，共 2433 筆
2026-09-26 03:25:50,791 [INFO] 進度 1331/1925：上市 2704 國賓 (2704.TW)
2026-09-26 03:25:51,103 [INFO] [2704 國賓] 已存檔，共 2433 筆
2026-09-26 03:25:52,901 [INFO] 進度 1332/1925：上市 2705 六福 (2705.TW)
2026-09-26 03:25:53,174 [INFO] [2705 六福] 已存檔，共 2433 筆
2026-09-26 03:25:55,039 [INFO] 進度 1333/1925：上市 2706 第一店 (2706.TW)
2026-09-26 03:25:55,361 [INFO] [2706 第一店] 已存檔，共 2433 筆
2026-09-26 03:25:56,721 [INFO] 進度 1334/1925：上市 2707 晶華 (2707.TW)
2026-09-26 03:25:56,993 [INFO] [2707 晶華] 已存檔，共 2433 筆
2026-09-26 03:25:58,283 [INFO] 進度 1335/1925：上市 2712 遠雄來 (2712.TW)
2026-09-26 03:25:58,546 [INFO] [2712 遠雄來] 已存檔，共 2433 筆
2026-09-26 03:26:00,047 [INFO] 進度 1336/1925：上市 2722 夏都 (2722.TW)
2026-09-26 03:26:00,359 [INFO] [2722 夏都] 已存檔，共 2433 筆
2026-09-26 03:26:01,637 [INFO] 進度 1337/1925：上市 2723 美食-KY (2723.TW)
2026-09-26 03:26:01,911 [INFO] [2723 美食-KY] 已存檔，共 2433 筆
2026-09-26 03:26:03,734 [INFO] 進度 1338/1925：上市 2727 王品 (2727.TW)
2026-09-26 03:26:04,008 [INFO] [2727 王品] 已存檔，共 2433 筆
2026-09-26 03:26:05,949 [INFO] 進度 1339/1925：上市 2731 雄獅 (2731.TW)
2026-09-26 03:26:06,235 [INFO] [2731 雄獅] 已存檔，共 2433 筆
2026-09-26 03:26:07,957 [INFO] 進度 1340/1925：上市 2739 寒舍 (2739.TW)
2026-09-26 03:26:08,219 [INFO] [2739 寒舍] 已存檔，共 2433 筆
2026-09-26 03:26:09,978 [INFO] 進度 1341/1925：上市 2748 雲品 (2748.TW)
2026-09-26 03:26:10,267 [INFO] [2748 雲品] 已存檔，共 2433 筆
2026-09-26 03:26:12,255 [INFO] 進度 1342/1925：上市 2753 八方雲集 (2753.TW)
2026-09-26 03:26:12,550 [INFO] [2753 八方雲集] 已存檔，共 1455 筆
2026-09-26 03:26:13,921 [INFO] 進度 1343/1925：上市 2762 世界健身-KY (2762.TW)
2026-09-26 03:26:14,111 [INFO] [2762 世界健身-KY] 已存檔，共 646 筆
2026-09-26 03:26:15,755 [INFO] 進度 1344/1925：上市 2801 彰銀 (2801.TW)
2026-09-26 03:26:16,049 [INFO] [2801 彰銀] 已存檔，共 2433 筆
2026-09-26 03:26:18,002 [INFO] 進度 1345/1925：上市 2812 台中銀 (2812.TW)
2026-09-26 03:26:18,328 [INFO] [2812 台中銀] 已存檔，共 2433 筆
2026-09-26 03:26:19,776 [INFO] 進度 1346/1925：上市 2816 旺旺保 (2816.TW)
2026-09-26 03:26:20,057 [INFO] [2816 旺旺保] 已存檔，共 2433 筆
2026-09-26 03:26:21,629 [INFO] 進度 1347/1925：上市 2820 華票 (2820.TW)
2026-09-26 03:26:21,912 [INFO] [2820 華票] 已存檔，共 2433 筆
2026-09-26 03:26:23,824 [INFO] 進度 1348/1925：上市 2832 台產 (2832.TW)
2026-09-26 03:26:24,104 [INFO] [2832 台產] 已存檔，共 2433 筆
2026-09-26 03:26:25,453 [INFO] 進度 1349/1925：上市 2834 臺企銀 (2834.TW)
2026-09-26 03:26:25,782 [INFO] [2834 臺企銀] 已存檔，共 2433 筆
2026-09-26 03:26:26,991 [INFO] 進度 1350/1925：上市 2836 高雄銀 (2836.TW)
2026-09-26 03:26:27,339 [INFO] [2836 高雄銀] 已存檔，共 2433 筆
2026-09-26 03:26:29,276 [INFO] 進度 1351/1925：上市 2838 聯邦銀 (2838.TW)
2026-09-26 03:26:29,674 [INFO] [2838 聯邦銀] 已存檔，共 2433 筆
2026-09-26 03:26:31,068 [INFO] 進度 1352/1925：上市 2845 遠東銀 (2845.TW)
2026-09-26 03:26:31,427 [INFO] [2845 遠東銀] 已存檔，共 2433 筆
2026-09-26 03:26:32,957 [INFO] 進度 1353/1925：上市 2849 安泰銀 (2849.TW)
2026-09-26 03:26:33,255 [INFO] [2849 安泰銀] 已存檔，共 2433 筆
2026-09-26 03:26:34,495 [INFO] 進度 1354/1925：上市 2850 新產 (2850.TW)
2026-09-26 03:26:34,801 [INFO] [2850 新產] 已存檔，共 2433 筆
2026-09-26 03:26:36,193 [INFO] 進度 1355/1925：上市 2851 中再保 (2851.TW)
2026-09-26 03:26:36,496 [INFO] [2851 中再保] 已存檔，共 2433 筆
2026-09-26 03:26:37,955 [INFO] 進度 1356/1925：上市 2852 第一保 (2852.TW)
2026-09-26 03:26:38,232 [INFO] [2852 第一保] 已存檔，共 2433 筆
2026-09-26 03:26:39,603 [INFO] 進度 1357/1925：上市 2855 統一證 (2855.TW)
2026-09-26 03:26:39,908 [INFO] [2855 統一證] 已存檔，共 2433 筆
2026-09-26 03:26:41,647 [INFO] 進度 1358/1925：上市 2867 三商壽 (2867.TW)
2026-09-26 03:26:41,925 [INFO] [2867 三商壽] 已存檔，共 2424 筆
2026-09-26 03:26:43,392 [INFO] 進度 1359/1925：上市 2880 華南金 (2880.TW)
2026-09-26 03:26:43,676 [INFO] [2880 華南金] 已存檔，共 2433 筆
2026-09-26 03:26:45,322 [INFO] 進度 1360/1925：上市 2881 富邦金 (2881.TW)
2026-09-26 03:26:45,636 [INFO] [2881 富邦金] 已存檔，共 2433 筆
2026-09-26 03:26:47,524 [INFO] 進度 1361/1925：上市 2882 國泰金 (2882.TW)
2026-09-26 03:26:47,884 [INFO] [2882 國泰金] 已存檔，共 2433 筆
2026-09-26 03:26:49,520 [INFO] 進度 1362/1925：上市 2883 凱基金 (2883.TW)
2026-09-26 03:26:49,892 [INFO] [2883 凱基金] 已存檔，共 2433 筆
2026-09-26 03:26:51,667 [INFO] 進度 1363/1925：上市 2884 玉山金 (2884.TW)
2026-09-26 03:26:51,948 [INFO] [2884 玉山金] 已存檔，共 2433 筆
2026-09-26 03:26:53,161 [INFO] 進度 1364/1925：上市 2885 元大金 (2885.TW)
2026-09-26 03:26:53,472 [INFO] [2885 元大金] 已存檔，共 2433 筆
2026-09-26 03:26:55,057 [INFO] 進度 1365/1925：上市 2886 兆豐金 (2886.TW)
2026-09-26 03:26:55,351 [INFO] [2886 兆豐金] 已存檔，共 2433 筆
2026-09-26 03:26:57,198 [INFO] 進度 1366/1925：上市 2887 台新新光金 (2887.TW)
2026-09-26 03:26:57,500 [INFO] [2887 台新新光金] 已存檔，共 2433 筆
2026-09-26 03:26:59,261 [INFO] 進度 1367/1925：上市 2889 國票金 (2889.TW)
2026-09-26 03:26:59,552 [INFO] [2889 國票金] 已存檔，共 2433 筆
2026-09-26 03:27:00,841 [INFO] 進度 1368/1925：上市 2890 永豐金 (2890.TW)
2026-09-26 03:27:01,163 [INFO] [2890 永豐金] 已存檔，共 2433 筆
2026-09-26 03:27:02,705 [INFO] 進度 1369/1925：上市 2891 中信金 (2891.TW)
2026-09-26 03:27:03,090 [INFO] [2891 中信金] 已存檔，共 2433 筆
2026-09-26 03:27:04,739 [INFO] 進度 1370/1925：上市 2892 第一金 (2892.TW)
2026-09-26 03:27:05,027 [INFO] [2892 第一金] 已存檔，共 2433 筆
2026-09-26 03:27:06,630 [INFO] 進度 1371/1925：上市 2897 王道銀行 (2897.TW)
2026-09-26 03:27:06,993 [INFO] [2897 王道銀行] 已存檔，共 2433 筆
2026-09-26 03:27:08,836 [INFO] 進度 1372/1925：上市 2901 欣欣 (2901.TW)
2026-09-26 03:27:09,140 [INFO] [2901 欣欣] 已存檔，共 2433 筆
2026-09-26 03:27:10,741 [INFO] 進度 1373/1925：上市 2903 遠百 (2903.TW)
2026-09-26 03:27:11,037 [INFO] [2903 遠百] 已存檔，共 2433 筆
2026-09-26 03:27:12,782 [INFO] 進度 1374/1925：上市 2904 匯僑 (2904.TW)
2026-09-26 03:27:13,073 [INFO] [2904 匯僑] 已存檔，共 2433 筆
2026-09-26 03:27:14,713 [INFO] 進度 1375/1925：上市 2905 三商 (2905.TW)
2026-09-26 03:27:15,001 [INFO] [2905 三商] 已存檔，共 2433 筆
2026-09-26 03:27:16,842 [INFO] 進度 1376/1925：上市 2906 高林 (2906.TW)
2026-09-26 03:27:17,118 [INFO] [2906 高林] 已存檔，共 2433 筆
2026-09-26 03:27:18,948 [INFO] 進度 1377/1925：上市 2908 特力 (2908.TW)
2026-09-26 03:27:19,223 [INFO] [2908 特力] 已存檔，共 2433 筆
2026-09-26 03:27:20,958 [INFO] 進度 1378/1925：上市 2910 統領 (2910.TW)
2026-09-26 03:27:21,244 [INFO] [2910 統領] 已存檔，共 2433 筆
2026-09-26 03:27:23,160 [INFO] 進度 1379/1925：上市 2911 麗嬰房 (2911.TW)
2026-09-26 03:27:23,599 [INFO] [2911 麗嬰房] 已存檔，共 2433 筆
2026-09-26 03:27:25,468 [INFO] 進度 1380/1925：上市 2912 統一超 (2912.TW)
2026-09-26 03:27:25,751 [INFO] [2912 統一超] 已存檔，共 2433 筆
2026-09-26 03:27:27,044 [INFO] 進度 1381/1925：上市 2913 農林 (2913.TW)
2026-09-26 03:27:27,353 [INFO] [2913 農林] 已存檔，共 2433 筆
2026-09-26 03:27:28,751 [INFO] 進度 1382/1925：上市 2915 潤泰全 (2915.TW)
2026-09-26 03:27:29,085 [INFO] [2915 潤泰全] 已存檔，共 2433 筆
2026-09-26 03:27:30,874 [INFO] 進度 1383/1925：上市 2923 鼎固-KY (2923.TW)
2026-09-26 03:27:31,150 [INFO] [2923 鼎固-KY] 已存檔，共 2433 筆
2026-09-26 03:27:32,558 [INFO] 進度 1384/1925：上市 2929 淘帝-KY (2929.TW)
2026-09-26 03:27:32,907 [INFO] [2929 淘帝-KY] 已存檔，共 2433 筆
2026-09-26 03:27:34,535 [INFO] 進度 1385/1925：上市 2939 永邑-KY (2939.TW)
2026-09-26 03:27:34,871 [INFO] [2939 永邑-KY] 已存檔，共 2222 筆
2026-09-26 03:27:36,628 [INFO] 進度 1386/1925：上市 2945 三商家購 (2945.TW)
2026-09-26 03:27:36,854 [INFO] [2945 三商家購] 已存檔，共 1886 筆
2026-09-26 03:27:38,070 [INFO] 進度 1387/1925：上市 3002 歐格 (3002.TW)
2026-09-26 03:27:38,370 [INFO] [3002 歐格] 已存檔，共 2433 筆
2026-09-26 03:27:39,734 [INFO] 進度 1388/1925：上市 3003 健和興 (3003.TW)
2026-09-26 03:27:40,047 [INFO] [3003 健和興] 已存檔，共 2433 筆
2026-09-26 03:27:41,389 [INFO] 進度 1389/1925：上市 3004 豐達科 (3004.TW)
2026-09-26 03:27:41,700 [INFO] [3004 豐達科] 已存檔，共 2433 筆
2026-09-26 03:27:43,105 [INFO] 進度 1390/1925：上市 3005 神基 (3005.TW)
2026-09-26 03:27:43,407 [INFO] [3005 神基] 已存檔，共 2433 筆
2026-09-26 03:27:44,978 [INFO] 進度 1391/1925：上市 3006 晶豪科 (3006.TW)
2026-09-26 03:27:45,270 [INFO] [3006 晶豪科] 已存檔，共 2433 筆
2026-09-26 03:27:46,659 [INFO] 進度 1392/1925：上市 3008 大立光 (3008.TW)
2026-09-26 03:27:46,953 [INFO] [3008 大立光] 已存檔，共 2433 筆
2026-09-26 03:27:48,449 [INFO] 進度 1393/1925：上市 3010 華立 (3010.TW)
2026-09-26 03:27:48,733 [INFO] [3010 華立] 已存檔，共 2433 筆
2026-09-26 03:27:50,100 [INFO] 進度 1394/1925：上市 3011 今皓 (3011.TW)
2026-09-26 03:27:50,389 [INFO] [3011 今皓] 已存檔，共 2433 筆
2026-09-26 03:27:51,721 [INFO] 進度 1395/1925：上市 3013 晟銘電 (3013.TW)
2026-09-26 03:27:52,014 [INFO] [3013 晟銘電] 已存檔，共 2433 筆
2026-09-26 03:27:53,265 [INFO] 進度 1396/1925：上市 3014 聯陽 (3014.TW)
2026-09-26 03:27:53,592 [INFO] [3014 聯陽] 已存檔，共 2433 筆
2026-09-26 03:27:55,058 [INFO] 進度 1397/1925：上市 3015 全漢 (3015.TW)
2026-09-26 03:27:55,422 [INFO] [3015 全漢] 已存檔，共 2433 筆
2026-09-26 03:27:57,164 [INFO] 進度 1398/1925：上市 3016 嘉晶 (3016.TW)
2026-09-26 03:27:57,445 [INFO] [3016 嘉晶] 已存檔，共 2433 筆
2026-09-26 03:27:59,436 [INFO] 進度 1399/1925：上市 3017 奇鋐 (3017.TW)
2026-09-26 03:27:59,780 [INFO] [3017 奇鋐] 已存檔，共 2433 筆
2026-09-26 03:28:01,239 [INFO] 進度 1400/1925：上市 3018 隆銘綠能 (3018.TW)
2026-09-26 03:28:01,495 [INFO] [3018 隆銘綠能] 已存檔，共 2433 筆
2026-09-26 03:28:02,994 [INFO] 進度 1401/1925：上市 3019 亞光 (3019.TW)
2026-09-26 03:28:03,377 [INFO] [3019 亞光] 已存檔，共 2433 筆
2026-09-26 03:28:05,372 [INFO] 進度 1402/1925：上市 3021 鴻名 (3021.TW)
2026-09-26 03:28:05,670 [INFO] [3021 鴻名] 已存檔，共 2433 筆
2026-09-26 03:28:07,375 [INFO] 進度 1403/1925：上市 3022 威強電 (3022.TW)
2026-09-26 03:28:07,675 [INFO] [3022 威強電] 已存檔，共 2433 筆
2026-09-26 03:28:09,072 [INFO] 進度 1404/1925：上市 3023 信邦 (3023.TW)
2026-09-26 03:28:09,350 [INFO] [3023 信邦] 已存檔，共 2433 筆
2026-09-26 03:28:11,286 [INFO] 進度 1405/1925：上市 3024 憶聲 (3024.TW)
2026-09-26 03:28:11,577 [INFO] [3024 憶聲] 已存檔，共 2433 筆
2026-09-26 03:28:13,278 [INFO] 進度 1406/1925：上市 3025 星通 (3025.TW)
2026-09-26 03:28:13,586 [INFO] [3025 星通] 已存檔，共 2433 筆
2026-09-26 03:28:14,799 [INFO] 進度 1407/1925：上市 3026 禾伸堂 (3026.TW)
2026-09-26 03:28:15,092 [INFO] [3026 禾伸堂] 已存檔，共 2433 筆
2026-09-26 03:28:17,032 [INFO] 進度 1408/1925：上市 3027 盛達 (3027.TW)
2026-09-26 03:28:17,338 [INFO] [3027 盛達] 已存檔，共 2433 筆
2026-09-26 03:28:19,244 [INFO] 進度 1409/1925：上市 3028 增你強 (3028.TW)
2026-09-26 03:28:19,514 [INFO] [3028 增你強] 已存檔，共 2433 筆
2026-09-26 03:28:20,935 [INFO] 進度 1410/1925：上市 3029 零壹 (3029.TW)
2026-09-26 03:28:21,234 [INFO] [3029 零壹] 已存檔，共 2433 筆
2026-09-26 03:28:22,999 [INFO] 進度 1411/1925：上市 3030 德律 (3030.TW)
2026-09-26 03:28:23,313 [INFO] [3030 德律] 已存檔，共 2433 筆
2026-09-26 03:28:24,708 [INFO] 進度 1412/1925：上市 3031 佰鴻 (3031.TW)
2026-09-26 03:28:24,983 [INFO] [3031 佰鴻] 已存檔，共 2433 筆
2026-09-26 03:28:26,540 [INFO] 進度 1413/1925：上市 3032 偉訓 (3032.TW)
2026-09-26 03:28:26,821 [INFO] [3032 偉訓] 已存檔，共 2433 筆
2026-09-26 03:28:28,529 [INFO] 進度 1414/1925：上市 3033 威健 (3033.TW)
2026-09-26 03:28:28,916 [INFO] [3033 威健] 已存檔，共 2433 筆
2026-09-26 03:28:30,397 [INFO] 進度 1415/1925：上市 3034 聯詠 (3034.TW)
2026-09-26 03:28:30,668 [INFO] [3034 聯詠] 已存檔，共 2433 筆
2026-09-26 03:28:32,619 [INFO] 進度 1416/1925：上市 3035 智原 (3035.TW)
2026-09-26 03:28:32,906 [INFO] [3035 智原] 已存檔，共 2433 筆
2026-09-26 03:28:34,603 [INFO] 進度 1417/1925：上市 3036 文曄 (3036.TW)
2026-09-26 03:28:34,934 [INFO] [3036 文曄] 已存檔，共 2433 筆
2026-09-26 03:28:36,195 [INFO] 進度 1418/1925：上市 3037 欣興 (3037.TW)
2026-09-26 03:28:36,505 [INFO] [3037 欣興] 已存檔，共 2433 筆
2026-09-26 03:28:38,163 [INFO] 進度 1419/1925：上市 3038 全台 (3038.TW)
2026-09-26 03:28:38,455 [INFO] [3038 全台] 已存檔，共 2433 筆
2026-09-26 03:28:40,004 [INFO] 進度 1420/1925：上市 3040 遠見 (3040.TW)
2026-09-26 03:28:40,304 [INFO] [3040 遠見] 已存檔，共 2433 筆
2026-09-26 03:28:42,061 [INFO] 進度 1421/1925：上市 3041 揚智 (3041.TW)
2026-09-26 03:28:42,321 [INFO] [3041 揚智] 已存檔，共 2433 筆
2026-09-26 03:28:44,231 [INFO] 進度 1422/1925：上市 3042 晶技 (3042.TW)
2026-09-26 03:28:44,579 [INFO] [3042 晶技] 已存檔，共 2433 筆
2026-09-26 03:28:46,346 [INFO] 進度 1423/1925：上市 3043 科風 (3043.TW)
2026-09-26 03:28:46,613 [INFO] [3043 科風] 已存檔，共 2433 筆
2026-09-26 03:28:48,108 [INFO] 進度 1424/1925：上市 3044 健鼎 (3044.TW)
2026-09-26 03:28:48,392 [INFO] [3044 健鼎] 已存檔，共 2433 筆
2026-09-26 03:28:49,875 [INFO] 進度 1425/1925：上市 3045 台灣大 (3045.TW)
2026-09-26 03:28:50,139 [INFO] [3045 台灣大] 已存檔，共 2433 筆
2026-09-26 03:28:51,548 [INFO] 進度 1426/1925：上市 3046 建碁 (3046.TW)
2026-09-26 03:28:51,845 [INFO] [3046 建碁] 已存檔，共 2433 筆
2026-09-26 03:28:53,750 [INFO] 進度 1427/1925：上市 3047 訊舟 (3047.TW)
2026-09-26 03:28:54,077 [INFO] [3047 訊舟] 已存檔，共 2433 筆
2026-09-26 03:28:55,745 [INFO] 進度 1428/1925：上市 3048 益登 (3048.TW)
2026-09-26 03:28:56,046 [INFO] [3048 益登] 已存檔，共 2433 筆
2026-09-26 03:28:57,996 [INFO] 進度 1429/1925：上市 3049 精金 (3049.TW)
2026-09-26 03:28:58,262 [INFO] [3049 精金] 已存檔，共 2433 筆
2026-09-26 03:29:00,238 [INFO] 進度 1430/1925：上市 3050 鈺德 (3050.TW)
2026-09-26 03:29:00,541 [INFO] [3050 鈺德] 已存檔，共 2433 筆
2026-09-26 03:29:01,763 [INFO] 進度 1431/1925：上市 3051 力特 (3051.TW)
2026-09-26 03:29:02,078 [INFO] [3051 力特] 已存檔，共 2433 筆
2026-09-26 03:29:03,653 [INFO] 進度 1432/1925：上市 3052 夆典 (3052.TW)
2026-09-26 03:29:03,947 [INFO] [3052 夆典] 已存檔，共 2433 筆
2026-09-26 03:29:05,922 [INFO] 進度 1433/1925：上市 3054 立萬利 (3054.TW)
2026-09-26 03:29:06,432 [INFO] [3054 立萬利] 已存檔，共 2433 筆
2026-09-26 03:29:07,637 [INFO] 進度 1434/1925：上市 3055 蔚華科 (3055.TW)
2026-09-26 03:29:08,010 [INFO] [3055 蔚華科] 已存檔，共 2433 筆
2026-09-26 03:29:09,762 [INFO] 進度 1435/1925：上市 3056 富華新 (3056.TW)
2026-09-26 03:29:10,043 [INFO] [3056 富華新] 已存檔，共 2433 筆
2026-09-26 03:29:11,338 [INFO] 進度 1436/1925：上市 3057 喬鼎 (3057.TW)
2026-09-26 03:29:11,592 [INFO] [3057 喬鼎] 已存檔，共 2433 筆
2026-09-26 03:29:13,162 [INFO] 進度 1437/1925：上市 3058 立德 (3058.TW)
2026-09-26 03:29:13,553 [INFO] [3058 立德] 已存檔，共 2433 筆
2026-09-26 03:29:15,431 [INFO] 進度 1438/1925：上市 3059 華晶科 (3059.TW)
2026-09-26 03:29:15,757 [INFO] [3059 華晶科] 已存檔，共 2433 筆
2026-09-26 03:29:17,493 [INFO] 進度 1439/1925：上市 3060 銘異 (3060.TW)
2026-09-26 03:29:17,769 [INFO] [3060 銘異] 已存檔，共 2433 筆
2026-09-26 03:29:19,165 [INFO] 進度 1440/1925：上市 3062 建漢 (3062.TW)
2026-09-26 03:29:19,476 [INFO] [3062 建漢] 已存檔，共 2433 筆
2026-09-26 03:29:20,995 [INFO] 進度 1441/1925：上市 3090 日電貿 (3090.TW)
2026-09-26 03:29:21,294 [INFO] [3090 日電貿] 已存檔，共 2433 筆
2026-09-26 03:29:22,707 [INFO] 進度 1442/1925：上市 3092 鴻碩 (3092.TW)
2026-09-26 03:29:23,001 [INFO] [3092 鴻碩] 已存檔，共 2433 筆
2026-09-26 03:29:24,415 [INFO] 進度 1443/1925：上市 3094 聯傑 (3094.TW)
2026-09-26 03:29:24,724 [INFO] [3094 聯傑] 已存檔，共 2433 筆
2026-09-26 03:29:26,005 [INFO] 進度 1444/1925：上市 3130 一零四 (3130.TW)
2026-09-26 03:29:26,267 [INFO] [3130 一零四] 已存檔，共 2433 筆
2026-09-26 03:29:28,265 [INFO] 進度 1445/1925：上市 3135 凌航 (3135.TW)
2026-09-26 03:29:28,460 [INFO] [3135 凌航] 已存檔，共 497 筆
2026-09-26 03:29:29,801 [INFO] 進度 1446/1925：上市 3138 耀登 (3138.TW)
2026-09-26 03:29:30,089 [INFO] [3138 耀登] 已存檔，共 2433 筆
2026-09-26 03:29:31,647 [INFO] 進度 1447/1925：上市 3149 正達 (3149.TW)
2026-09-26 03:29:31,887 [INFO] [3149 正達] 已存檔，共 2433 筆
2026-09-26 03:29:33,387 [INFO] 進度 1448/1925：上市 3164 景岳 (3164.TW)
2026-09-26 03:29:33,661 [INFO] [3164 景岳] 已存檔，共 2433 筆
2026-09-26 03:29:35,609 [INFO] 進度 1449/1925：上市 3167 大量 (3167.TW)
2026-09-26 03:29:35,982 [INFO] [3167 大量] 已存檔，共 2433 筆
2026-09-26 03:29:37,482 [INFO] 進度 1450/1925：上市 3168 眾福科 (3168.TW)
2026-09-26 03:29:37,907 [INFO] [3168 眾福科] 已存檔，共 2433 筆
2026-09-26 03:29:39,706 [INFO] 進度 1451/1925：上市 3189 景碩 (3189.TW)
2026-09-26 03:29:40,083 [INFO] [3189 景碩] 已存檔，共 2433 筆
2026-09-26 03:29:41,742 [INFO] 進度 1452/1925：上市 3209 全科 (3209.TW)
2026-09-26 03:29:42,072 [INFO] [3209 全科] 已存檔，共 2433 筆
2026-09-26 03:29:43,459 [INFO] 進度 1453/1925：上市 3229 晟鈦 (3229.TW)
2026-09-26 03:29:43,731 [INFO] [3229 晟鈦] 已存檔，共 2433 筆
2026-09-26 03:29:44,970 [INFO] 進度 1454/1925：上市 3231 緯創 (3231.TW)
2026-09-26 03:29:45,289 [INFO] [3231 緯創] 已存檔，共 2433 筆
2026-09-26 03:29:47,268 [INFO] 進度 1455/1925：上市 3257 虹冠電 (3257.TW)
2026-09-26 03:29:47,642 [INFO] [3257 虹冠電] 已存檔，共 2433 筆
2026-09-26 03:29:49,631 [INFO] 進度 1456/1925：上市 3266 昇陽 (3266.TW)
2026-09-26 03:29:49,918 [INFO] [3266 昇陽] 已存檔，共 2433 筆
2026-09-26 03:29:51,534 [INFO] 進度 1457/1925：上市 3296 勝德 (3296.TW)
2026-09-26 03:29:51,792 [INFO] [3296 勝德] 已存檔，共 2433 筆
2026-09-26 03:29:53,551 [INFO] 進度 1458/1925：上市 3305 昇貿 (3305.TW)
2026-09-26 03:29:53,928 [INFO] [3305 昇貿] 已存檔，共 2433 筆
2026-09-26 03:29:55,576 [INFO] 進度 1459/1925：上市 3308 聯德 (3308.TW)
2026-09-26 03:29:55,829 [INFO] [3308 聯德] 已存檔，共 2433 筆
2026-09-26 03:29:57,349 [INFO] 進度 1460/1925：上市 3311 閎暉 (3311.TW)
2026-09-26 03:29:57,726 [INFO] [3311 閎暉] 已存檔，共 2433 筆
2026-09-26 03:29:59,303 [INFO] 進度 1461/1925：上市 3312 弘憶股 (3312.TW)
2026-09-26 03:29:59,607 [INFO] [3312 弘憶股] 已存檔，共 2433 筆
2026-09-26 03:30:00,992 [INFO] 進度 1462/1925：上市 3321 同泰 (3321.TW)
2026-09-26 03:30:01,272 [INFO] [3321 同泰] 已存檔，共 2433 筆
2026-09-26 03:30:02,877 [INFO] 進度 1463/1925：上市 3338 泰碩 (3338.TW)
2026-09-26 03:30:03,153 [INFO] [3338 泰碩] 已存檔，共 2433 筆
2026-09-26 03:30:05,016 [INFO] 進度 1464/1925：上市 3346 麗清 (3346.TW)
2026-09-26 03:30:05,308 [INFO] [3346 麗清] 已存檔，共 2433 筆
2026-09-26 03:30:07,133 [INFO] 進度 1465/1925：上市 3356 奇偶 (3356.TW)
2026-09-26 03:30:07,418 [INFO] [3356 奇偶] 已存檔，共 2433 筆
2026-09-26 03:30:08,717 [INFO] 進度 1466/1925：上市 3376 新日興 (3376.TW)
2026-09-26 03:30:09,033 [INFO] [3376 新日興] 已存檔，共 2433 筆
2026-09-26 03:30:10,875 [INFO] 進度 1467/1925：上市 3380 明泰 (3380.TW)
2026-09-26 03:30:11,188 [INFO] [3380 明泰] 已存檔，共 2433 筆
2026-09-26 03:30:13,188 [INFO] 進度 1468/1925：上市 3406 玉晶光 (3406.TW)
2026-09-26 03:30:13,495 [INFO] [3406 玉晶光] 已存檔，共 2433 筆
2026-09-26 03:30:15,019 [INFO] 進度 1469/1925：上市 3413 京鼎 (3413.TW)
2026-09-26 03:30:15,271 [INFO] [3413 京鼎] 已存檔，共 2433 筆
2026-09-26 03:30:16,770 [INFO] 進度 1470/1925：上市 3416 融程電 (3416.TW)
2026-09-26 03:30:17,120 [INFO] [3416 融程電] 已存檔，共 2433 筆
2026-09-26 03:30:18,979 [INFO] 進度 1471/1925：上市 3419 譁裕 (3419.TW)
2026-09-26 03:30:19,238 [INFO] [3419 譁裕] 已存檔，共 2433 筆
2026-09-26 03:30:20,775 [INFO] 進度 1472/1925：上市 3432 台端 (3432.TW)
2026-09-26 03:30:21,049 [INFO] [3432 台端] 已存檔，共 2433 筆
2026-09-26 03:30:22,498 [INFO] 進度 1473/1925：上市 3437 榮創 (3437.TW)
2026-09-26 03:30:22,797 [INFO] [3437 榮創] 已存檔，共 2433 筆
2026-09-26 03:30:24,125 [INFO] 進度 1474/1925：上市 3443 創意 (3443.TW)
2026-09-26 03:30:24,465 [INFO] [3443 創意] 已存檔，共 2433 筆
2026-09-26 03:30:26,414 [INFO] 進度 1475/1925：上市 3447 展達 (3447.TW)
2026-09-26 03:30:26,629 [INFO] [3447 展達] 已存檔，共 1213 筆
2026-09-26 03:30:28,525 [INFO] 進度 1476/1925：上市 3450 聯鈞 (3450.TW)
2026-09-26 03:30:28,809 [INFO] [3450 聯鈞] 已存檔，共 2433 筆
2026-09-26 03:30:30,255 [INFO] 進度 1477/1925：上市 3481 群創 (3481.TW)
2026-09-26 03:30:30,557 [INFO] [3481 群創] 已存檔，共 2433 筆
2026-09-26 03:30:31,784 [INFO] 進度 1478/1925：上市 3494 誠研 (3494.TW)
2026-09-26 03:30:32,063 [INFO] [3494 誠研] 已存檔，共 2433 筆
2026-09-26 03:30:33,709 [INFO] 進度 1479/1925：上市 3501 維熹 (3501.TW)
2026-09-26 03:30:34,066 [INFO] [3501 維熹] 已存檔，共 2433 筆
2026-09-26 03:30:35,628 [INFO] 進度 1480/1925：上市 3504 揚明光 (3504.TW)
2026-09-26 03:30:35,908 [INFO] [3504 揚明光] 已存檔，共 2433 筆
2026-09-26 03:30:37,336 [INFO] 進度 1481/1925：上市 3515 華擎 (3515.TW)
2026-09-26 03:30:37,592 [INFO] [3515 華擎] 已存檔，共 2433 筆
2026-09-26 03:30:39,053 [INFO] 進度 1482/1925：上市 3518 柏騰 (3518.TW)
2026-09-26 03:30:39,337 [INFO] [3518 柏騰] 已存檔，共 2433 筆
2026-09-26 03:30:40,845 [INFO] 進度 1483/1925：上市 3528 安馳 (3528.TW)
2026-09-26 03:30:41,148 [INFO] [3528 安馳] 已存檔，共 2433 筆
2026-09-26 03:30:43,112 [INFO] 進度 1484/1925：上市 3530 晶相光 (3530.TW)
2026-09-26 03:30:43,415 [INFO] [3530 晶相光] 已存檔，共 2433 筆
2026-09-26 03:30:44,909 [INFO] 進度 1485/1925：上市 3532 台勝科 (3532.TW)
2026-09-26 03:30:45,202 [INFO] [3532 台勝科] 已存檔，共 2433 筆
2026-09-26 03:30:47,139 [INFO] 進度 1486/1925：上市 3533 嘉澤 (3533.TW)
2026-09-26 03:30:47,410 [INFO] [3533 嘉澤] 已存檔，共 2433 筆
2026-09-26 03:30:49,274 [INFO] 進度 1487/1925：上市 3535 晶彩科 (3535.TW)
2026-09-26 03:30:49,575 [INFO] [3535 晶彩科] 已存檔，共 2433 筆
2026-09-26 03:30:51,050 [INFO] 進度 1488/1925：上市 3543 州巧 (3543.TW)
2026-09-26 03:30:51,328 [INFO] [3543 州巧] 已存檔，共 2433 筆
2026-09-26 03:30:53,263 [INFO] 進度 1489/1925：上市 3545 敦泰 (3545.TW)
2026-09-26 03:30:53,538 [INFO] [3545 敦泰] 已存檔，共 2433 筆
2026-09-26 03:30:54,751 [INFO] 進度 1490/1925：上市 3550 聯穎 (3550.TW)
2026-09-26 03:30:55,023 [INFO] [3550 聯穎] 已存檔，共 2433 筆
2026-09-26 03:30:56,263 [INFO] 進度 1491/1925：上市 3557 嘉威 (3557.TW)
2026-09-26 03:30:56,563 [INFO] [3557 嘉威] 已存檔，共 2433 筆
2026-09-26 03:30:58,467 [INFO] 進度 1492/1925：上市 3563 牧德 (3563.TW)
2026-09-26 03:30:58,735 [INFO] [3563 牧德] 已存檔，共 2433 筆
2026-09-26 03:31:00,108 [INFO] 進度 1493/1925：上市 3576 聯合再生 (3576.TW)
2026-09-26 03:31:00,408 [INFO] [3576 聯合再生] 已存檔，共 2433 筆
2026-09-26 03:31:02,180 [INFO] 進度 1494/1925：上市 3583 辛耘 (3583.TW)
2026-09-26 03:31:02,468 [INFO] [3583 辛耘] 已存檔，共 2433 筆
2026-09-26 03:31:04,008 [INFO] 進度 1495/1925：上市 3588 通嘉 (3588.TW)
2026-09-26 03:31:04,352 [INFO] [3588 通嘉] 已存檔，共 2433 筆
2026-09-26 03:31:05,633 [INFO] 進度 1496/1925：上市 3591 艾笛森 (3591.TW)
2026-09-26 03:31:05,916 [INFO] [3591 艾笛森] 已存檔，共 2433 筆
2026-09-26 03:31:07,857 [INFO] 進度 1497/1925：上市 3592 瑞鼎 (3592.TW)
2026-09-26 03:31:08,045 [INFO] [3592 瑞鼎] 已存檔，共 1142 筆
2026-09-26 03:31:09,533 [INFO] 進度 1498/1925：上市 3593 力銘 (3593.TW)
2026-09-26 03:31:09,869 [INFO] [3593 力銘] 已存檔，共 2433 筆
2026-09-26 03:31:11,320 [INFO] 進度 1499/1925：上市 3596 智易 (3596.TW)
2026-09-26 03:31:11,617 [INFO] [3596 智易] 已存檔，共 2433 筆
2026-09-26 03:31:13,399 [INFO] 進度 1500/1925：上市 3605 宏致 (3605.TW)
2026-09-26 03:31:13,690 [INFO] [3605 宏致] 已存檔，共 2433 筆
2026-09-26 03:31:15,642 [INFO] 進度 1501/1925：上市 3607 谷崧 (3607.TW)
2026-09-26 03:31:15,916 [INFO] [3607 谷崧] 已存檔，共 2433 筆
2026-09-26 03:31:17,856 [INFO] 進度 1502/1925：上市 3617 碩天 (3617.TW)
2026-09-26 03:31:18,151 [INFO] [3617 碩天] 已存檔，共 2433 筆
2026-09-26 03:31:19,353 [INFO] 進度 1503/1925：上市 3622 洋華 (3622.TW)
2026-09-26 03:31:19,656 [INFO] [3622 洋華] 已存檔，共 2433 筆
2026-09-26 03:31:21,471 [INFO] 進度 1504/1925：上市 3645 達邁 (3645.TW)
2026-09-26 03:31:21,753 [INFO] [3645 達邁] 已存檔，共 2433 筆
2026-09-26 03:31:23,394 [INFO] 進度 1505/1925：上市 3652 精聯 (3652.TW)
2026-09-26 03:31:23,661 [INFO] [3652 精聯] 已存檔，共 2433 筆
2026-09-26 03:31:25,510 [INFO] 進度 1506/1925：上市 3653 健策 (3653.TW)
2026-09-26 03:31:25,823 [INFO] [3653 健策] 已存檔，共 2433 筆
2026-09-26 03:31:27,305 [INFO] 進度 1507/1925：上市 3661 世芯-KY (3661.TW)
2026-09-26 03:31:27,665 [INFO] [3661 世芯-KY] 已存檔，共 2433 筆
2026-09-26 03:31:29,069 [INFO] 進度 1508/1925：上市 3665 貿聯-KY (3665.TW)
2026-09-26 03:31:29,364 [INFO] [3665 貿聯-KY] 已存檔，共 2433 筆
2026-09-26 03:31:30,881 [INFO] 進度 1509/1925：上市 3669 圓展 (3669.TW)
2026-09-26 03:31:31,232 [INFO] [3669 圓展] 已存檔，共 2433 筆
2026-09-26 03:31:32,526 [INFO] 進度 1510/1925：上市 3673 TPK-KY (3673.TW)
2026-09-26 03:31:32,881 [INFO] [3673 TPK-KY] 已存檔，共 2433 筆
2026-09-26 03:31:34,281 [INFO] 進度 1511/1925：上市 3679 新至陞 (3679.TW)
2026-09-26 03:31:34,592 [INFO] [3679 新至陞] 已存檔，共 2433 筆
2026-09-26 03:31:35,890 [INFO] 進度 1512/1925：上市 3686 達能 (3686.TW)
2026-09-26 03:31:36,157 [INFO] [3686 達能] 已存檔，共 2433 筆
2026-09-26 03:31:37,427 [INFO] 進度 1513/1925：上市 3694 海華 (3694.TW)
2026-09-26 03:31:37,732 [INFO] [3694 海華] 已存檔，共 2433 筆
2026-09-26 03:31:39,042 [INFO] 進度 1514/1925：上市 3701 大眾控 (3701.TW)
2026-09-26 03:31:39,313 [INFO] [3701 大眾控] 已存檔，共 2433 筆
2026-09-26 03:31:40,973 [INFO] 進度 1515/1925：上市 3702 大聯大 (3702.TW)
2026-09-26 03:31:41,358 [INFO] [3702 大聯大] 已存檔，共 2433 筆
2026-09-26 03:31:42,836 [INFO] 進度 1516/1925：上市 3703 欣陸 (3703.TW)
2026-09-26 03:31:43,226 [INFO] [3703 欣陸] 已存檔，共 2433 筆
2026-09-26 03:31:44,447 [INFO] 進度 1517/1925：上市 3704 合勤控 (3704.TW)
2026-09-26 03:31:44,738 [INFO] [3704 合勤控] 已存檔，共 2433 筆
2026-09-26 03:31:46,269 [INFO] 進度 1518/1925：上市 3705 永信 (3705.TW)
2026-09-26 03:31:46,570 [INFO] [3705 永信] 已存檔，共 2433 筆
2026-09-26 03:31:47,909 [INFO] 進度 1519/1925：上市 3706 神達 (3706.TW)
2026-09-26 03:31:48,185 [INFO] [3706 神達] 已存檔，共 2433 筆
2026-09-26 03:31:49,544 [INFO] 進度 1520/1925：上市 3708 上緯投控 (3708.TW)
2026-09-26 03:31:49,833 [INFO] [3708 上緯投控] 已存檔，共 2433 筆
2026-09-26 03:31:51,379 [INFO] 進度 1521/1925：上市 3711 日月光投控 (3711.TW)
2026-09-26 03:31:51,681 [INFO] [3711 日月光投控] 已存檔，共 2433 筆
2026-09-26 03:31:53,514 [INFO] 進度 1522/1925：上市 3712 永崴投控 (3712.TW)
2026-09-26 03:31:53,778 [INFO] [3712 永崴投控] 已存檔，共 1940 筆
2026-09-26 03:31:55,103 [INFO] 進度 1523/1925：上市 3714 富采 (3714.TW)
2026-09-26 03:31:55,331 [INFO] [3714 富采] 已存檔，共 1388 筆
2026-09-26 03:31:57,069 [INFO] 進度 1524/1925：上市 3715 定穎投控 (3715.TW)
2026-09-26 03:31:57,339 [INFO] [3715 定穎投控] 已存檔，共 990 筆
2026-09-26 03:31:58,775 [INFO] 進度 1525/1925：上市 3716 中化控股 (3716.TW)
2026-09-26 03:31:58,930 [INFO] [3716 中化控股] 已存檔，共 502 筆
2026-09-26 03:32:00,412 [INFO] 進度 1526/1925：上市 3717 聯嘉投控 (3717.TW)
2026-09-26 03:32:00,555 [INFO] [3717 聯嘉投控] 已存檔，共 272 筆
2026-09-26 03:32:02,005 [INFO] 進度 1527/1925：上市 4104 佳醫 (4104.TW)
2026-09-26 03:32:02,319 [INFO] [4104 佳醫] 已存檔，共 2433 筆
2026-09-26 03:32:03,920 [INFO] 進度 1528/1925：上市 4106 雃博 (4106.TW)
2026-09-26 03:32:04,233 [INFO] [4106 雃博] 已存檔，共 2433 筆
2026-09-26 03:32:05,863 [INFO] 進度 1529/1925：上市 4108 懷特 (4108.TW)
2026-09-26 03:32:06,128 [INFO] [4108 懷特] 已存檔，共 2433 筆
2026-09-26 03:32:07,385 [INFO] 進度 1530/1925：上市 4119 旭富 (4119.TW)
2026-09-26 03:32:07,645 [INFO] [4119 旭富] 已存檔，共 2433 筆
2026-09-26 03:32:09,551 [INFO] 進度 1531/1925：上市 4133 亞諾法 (4133.TW)
2026-09-26 03:32:09,807 [INFO] [4133 亞諾法] 已存檔，共 2433 筆
2026-09-26 03:32:11,194 [INFO] 進度 1532/1925：上市 4137 麗豐-KY (4137.TW)
2026-09-26 03:32:11,591 [INFO] [4137 麗豐-KY] 已存檔，共 2433 筆
2026-09-26 03:32:13,398 [INFO] 進度 1533/1925：上市 4142 國光生 (4142.TW)
2026-09-26 03:32:13,732 [INFO] [4142 國光生] 已存檔，共 2433 筆
2026-09-26 03:32:15,465 [INFO] 進度 1534/1925：上市 4148 全宇生技-KY (4148.TW)
2026-09-26 03:32:15,783 [INFO] [4148 全宇生技-KY] 已存檔，共 2264 筆
2026-09-26 03:32:17,075 [INFO] 進度 1535/1925：上市 4155 訊映 (4155.TW)
2026-09-26 03:32:17,338 [INFO] [4155 訊映] 已存檔，共 2433 筆
2026-09-26 03:32:19,136 [INFO] 進度 1536/1925：上市 4164 承業醫 (4164.TW)
2026-09-26 03:32:19,403 [INFO] [4164 承業醫] 已存檔，共 2433 筆
2026-09-26 03:32:20,859 [INFO] 進度 1537/1925：上市 4190 佐登-KY (4190.TW)
2026-09-26 03:32:21,112 [INFO] [4190 佐登-KY] 已存檔，共 2433 筆
2026-09-26 03:32:22,770 [INFO] 進度 1538/1925：上市 4306 炎洲 (4306.TW)
2026-09-26 03:32:23,157 [INFO] [4306 炎洲] 已存檔，共 2433 筆
2026-09-26 03:32:24,594 [INFO] 進度 1539/1925：上市 4414 如興 (4414.TW)
2026-09-26 03:32:24,867 [INFO] [4414 如興] 已存檔，共 2433 筆
2026-09-26 03:32:26,767 [INFO] 進度 1540/1925：上市 4426 利勤 (4426.TW)
2026-09-26 03:32:27,027 [INFO] [4426 利勤] 已存檔，共 2433 筆
2026-09-26 03:32:28,743 [INFO] 進度 1541/1925：上市 4438 廣越 (4438.TW)
2026-09-26 03:32:29,080 [INFO] [4438 廣越] 已存檔，共 2433 筆
2026-09-26 03:32:31,069 [INFO] 進度 1542/1925：上市 4439 冠星-KY (4439.TW)
2026-09-26 03:32:31,356 [INFO] [4439 冠星-KY] 已存檔，共 1654 筆
2026-09-26 03:32:32,981 [INFO] 進度 1543/1925：上市 4440 宜新實業 (4440.TW)
2026-09-26 03:32:33,214 [INFO] [4440 宜新實業] 已存檔，共 1711 筆
2026-09-26 03:32:35,088 [INFO] 進度 1544/1925：上市 4441 振大環球 (4441.TW)
2026-09-26 03:32:35,293 [INFO] [4441 振大環球] 已存檔，共 1129 筆
2026-09-26 03:32:37,201 [INFO] 進度 1545/1925：上市 4526 東台 (4526.TW)
2026-09-26 03:32:37,506 [INFO] [4526 東台] 已存檔，共 2433 筆
2026-09-26 03:32:38,823 [INFO] 進度 1546/1925：上市 4532 瑞智 (4532.TW)
2026-09-26 03:32:39,093 [INFO] [4532 瑞智] 已存檔，共 2433 筆
2026-09-26 03:32:41,003 [INFO] 進度 1547/1925：上市 4536 拓凱 (4536.TW)
2026-09-26 03:32:41,258 [INFO] [4536 拓凱] 已存檔，共 2433 筆
2026-09-26 03:32:42,601 [INFO] 進度 1548/1925：上市 4540 全球傳動 (4540.TW)
2026-09-26 03:32:42,923 [INFO] [4540 全球傳動] 已存檔，共 2433 筆
2026-09-26 03:32:44,210 [INFO] 進度 1549/1925：上市 4545 銘鈺 (4545.TW)
2026-09-26 03:32:44,504 [INFO] [4545 銘鈺] 已存檔，共 2433 筆
2026-09-26 03:32:46,142 [INFO] 進度 1550/1925：上市 4551 智伸科 (4551.TW)
2026-09-26 03:32:46,416 [INFO] [4551 智伸科] 已存檔，共 2433 筆
2026-09-26 03:32:48,192 [INFO] 進度 1551/1925：上市 4552 力達-KY (4552.TW)
2026-09-26 03:32:48,516 [INFO] [4552 力達-KY] 已存檔，共 2433 筆
2026-09-26 03:32:50,079 [INFO] 進度 1552/1925：上市 4555 氣立 (4555.TW)
2026-09-26 03:32:50,360 [INFO] [4555 氣立] 已存檔，共 2433 筆
2026-09-26 03:32:51,615 [INFO] 進度 1553/1925：上市 4557 永新-KY (4557.TW)
2026-09-26 03:32:51,873 [INFO] [4557 永新-KY] 已存檔，共 2433 筆
2026-09-26 03:32:53,320 [INFO] 進度 1554/1925：上市 4560 強信-KY (4560.TW)
2026-09-26 03:32:53,582 [INFO] [4560 強信-KY] 已存檔，共 2378 筆
2026-09-26 03:32:55,383 [INFO] 進度 1555/1925：上市 4562 穎漢 (4562.TW)
2026-09-26 03:32:55,627 [INFO] [4562 穎漢] 已存檔，共 2433 筆
2026-09-26 03:32:57,433 [INFO] 進度 1556/1925：上市 4564 元翎 (4564.TW)
2026-09-26 03:32:57,701 [INFO] [4564 元翎] 已存檔，共 2351 筆
2026-09-26 03:32:59,499 [INFO] 進度 1557/1925：上市 4566 時碩工業 (4566.TW)
2026-09-26 03:32:59,830 [INFO] [4566 時碩工業] 已存檔，共 2332 筆
2026-09-26 03:33:01,264 [INFO] 進度 1558/1925：上市 4569 六方科-KY (4569.TW)
2026-09-26 03:33:01,491 [INFO] [4569 六方科-KY] 已存檔，共 768 筆
2026-09-26 03:33:03,481 [INFO] 進度 1559/1925：上市 4571 鈞興-KY (4571.TW)
2026-09-26 03:33:03,728 [INFO] [4571 鈞興-KY] 已存檔，共 1708 筆
2026-09-26 03:33:04,993 [INFO] 進度 1560/1925：上市 4572 駐龍 (4572.TW)
2026-09-26 03:33:05,245 [INFO] [4572 駐龍] 已存檔，共 2007 筆
2026-09-26 03:33:07,202 [INFO] 進度 1561/1925：上市 4576 大銀微系統 (4576.TW)
2026-09-26 03:33:07,512 [INFO] [4576 大銀微系統] 已存檔，共 1921 筆
2026-09-26 03:33:09,329 [INFO] 進度 1562/1925：上市 4581 光隆精密-KY (4581.TW)
2026-09-26 03:33:09,560 [INFO] [4581 光隆精密-KY] 已存檔，共 1596 筆
2026-09-26 03:33:10,789 [INFO] 進度 1563/1925：上市 4583 台灣精銳 (4583.TW)
2026-09-26 03:33:11,047 [INFO] [4583 台灣精銳] 已存檔，共 1413 筆
2026-09-26 03:33:12,999 [INFO] 進度 1564/1925：上市 4585 達明 (4585.TW)
2026-09-26 03:33:13,164 [INFO] [4585 達明] 已存檔，共 485 筆
2026-09-26 03:33:14,583 [INFO] 進度 1565/1925：上市 4588 玖鼎電力 (4588.TW)
2026-09-26 03:33:14,782 [INFO] [4588 玖鼎電力] 已存檔，共 942 筆
2026-09-26 03:33:16,708 [INFO] 進度 1566/1925：上市 4720 德淵 (4720.TW)
2026-09-26 03:33:16,997 [INFO] [4720 德淵] 已存檔，共 2433 筆
2026-09-26 03:33:18,309 [INFO] 進度 1567/1925：上市 4722 國精化 (4722.TW)
2026-09-26 03:33:18,578 [INFO] [4722 國精化] 已存檔，共 2433 筆
2026-09-26 03:33:19,859 [INFO] 進度 1568/1925：上市 4736 泰博 (4736.TW)
2026-09-26 03:33:20,158 [INFO] [4736 泰博] 已存檔，共 2433 筆
2026-09-26 03:33:21,860 [INFO] 進度 1569/1925：上市 4737 華廣 (4737.TW)
2026-09-26 03:33:22,145 [INFO] [4737 華廣] 已存檔，共 2433 筆
2026-09-26 03:33:23,711 [INFO] 進度 1570/1925：上市 4739 康普 (4739.TW)
2026-09-26 03:33:24,096 [INFO] [4739 康普] 已存檔，共 2433 筆
2026-09-26 03:33:26,074 [INFO] 進度 1571/1925：上市 4746 台耀 (4746.TW)
2026-09-26 03:33:26,389 [INFO] [4746 台耀] 已存檔，共 2433 筆
2026-09-26 03:33:28,147 [INFO] 進度 1572/1925：上市 4755 三福化 (4755.TW)
2026-09-26 03:33:28,413 [INFO] [4755 三福化] 已存檔，共 2433 筆
2026-09-26 03:33:30,387 [INFO] 進度 1573/1925：上市 4763 材料*-KY (4763.TW)
2026-09-26 03:33:30,656 [INFO] [4763 材料*-KY] 已存檔，共 2433 筆
2026-09-26 03:33:32,530 [INFO] 進度 1574/1925：上市 4764 雙鍵 (4764.TW)
2026-09-26 03:33:32,822 [INFO] [4764 雙鍵] 已存檔，共 2420 筆
2026-09-26 03:33:34,680 [INFO] 進度 1575/1925：上市 4766 南寶 (4766.TW)
2026-09-26 03:33:35,083 [INFO] [4766 南寶] 已存檔，共 2233 筆
2026-09-26 03:33:36,439 [INFO] 進度 1576/1925：上市 4770 上品 (4770.TW)
2026-09-26 03:33:36,727 [INFO] [4770 上品] 已存檔，共 1456 筆
2026-09-26 03:33:38,574 [INFO] 進度 1577/1925：上市 4771 望隼 (4771.TW)
2026-09-26 03:33:38,782 [INFO] [4771 望隼] 已存檔，共 1190 筆
2026-09-26 03:33:40,558 [INFO] 進度 1578/1925：上市 4807 日成-KY (4807.TW)
2026-09-26 03:33:40,892 [INFO] [4807 日成-KY] 已存檔，共 2388 筆
2026-09-26 03:33:42,627 [INFO] 進度 1579/1925：上市 4904 遠傳 (4904.TW)
2026-09-26 03:33:42,922 [INFO] [4904 遠傳] 已存檔，共 2433 筆
2026-09-26 03:33:44,840 [INFO] 進度 1580/1925：上市 4906 正文 (4906.TW)
2026-09-26 03:33:45,115 [INFO] [4906 正文] 已存檔，共 2433 筆
2026-09-26 03:33:46,614 [INFO] 進度 1581/1925：上市 4912 聯德控股-KY (4912.TW)
2026-09-26 03:33:46,920 [INFO] [4912 聯德控股-KY] 已存檔，共 2433 筆
2026-09-26 03:33:48,461 [INFO] 進度 1582/1925：上市 4915 致伸 (4915.TW)
2026-09-26 03:33:48,747 [INFO] [4915 致伸] 已存檔，共 2433 筆
2026-09-26 03:33:50,746 [INFO] 進度 1583/1925：上市 4916 事欣科 (4916.TW)
2026-09-26 03:33:51,032 [INFO] [4916 事欣科] 已存檔，共 2433 筆
2026-09-26 03:33:52,419 [INFO] 進度 1584/1925：上市 4919 新唐 (4919.TW)
2026-09-26 03:33:52,722 [INFO] [4919 新唐] 已存檔，共 2433 筆
2026-09-26 03:33:54,582 [INFO] 進度 1585/1925：上市 4927 泰鼎-KY (4927.TW)
2026-09-26 03:33:54,941 [INFO] [4927 泰鼎-KY] 已存檔，共 2433 筆
2026-09-26 03:33:56,174 [INFO] 進度 1586/1925：上市 4930 燦星網 (4930.TW)
2026-09-26 03:33:56,462 [INFO] [4930 燦星網] 已存檔，共 2433 筆
2026-09-26 03:33:58,200 [INFO] 進度 1587/1925：上市 4934 太極 (4934.TW)
2026-09-26 03:33:58,440 [INFO] [4934 太極] 已存檔，共 2433 筆
2026-09-26 03:34:00,166 [INFO] 進度 1588/1925：上市 4935 茂林-KY (4935.TW)
2026-09-26 03:34:00,423 [INFO] [4935 茂林-KY] 已存檔，共 2433 筆
2026-09-26 03:34:02,118 [INFO] 進度 1589/1925：上市 4938 和碩 (4938.TW)
2026-09-26 03:34:02,410 [INFO] [4938 和碩] 已存檔，共 2433 筆
2026-09-26 03:34:04,342 [INFO] 進度 1590/1925：上市 4942 嘉彰 (4942.TW)
2026-09-26 03:34:04,697 [INFO] [4942 嘉彰] 已存檔，共 2433 筆
2026-09-26 03:34:06,617 [INFO] 進度 1591/1925：上市 4943 康控-KY (4943.TW)
2026-09-26 03:34:06,882 [INFO] [4943 康控-KY] 已存檔，共 2433 筆
2026-09-26 03:34:08,677 [INFO] 進度 1592/1925：上市 4949 有成精密 (4949.TW)
2026-09-26 03:34:08,982 [INFO] [4949 有成精密] 已存檔，共 2433 筆
2026-09-26 03:34:10,908 [INFO] 進度 1593/1925：上市 4952 凌通 (4952.TW)
2026-09-26 03:34:11,171 [INFO] [4952 凌通] 已存檔，共 2433 筆
2026-09-26 03:34:12,637 [INFO] 進度 1594/1925：上市 4956 光鋐 (4956.TW)
2026-09-26 03:34:12,894 [INFO] [4956 光鋐] 已存檔，共 2433 筆
2026-09-26 03:34:14,529 [INFO] 進度 1595/1925：上市 4958 臻鼎-KY (4958.TW)
2026-09-26 03:34:14,784 [INFO] [4958 臻鼎-KY] 已存檔，共 2433 筆
2026-09-26 03:34:16,259 [INFO] 進度 1596/1925：上市 4960 誠美材 (4960.TW)
2026-09-26 03:34:16,559 [INFO] [4960 誠美材] 已存檔，共 2433 筆
2026-09-26 03:34:18,330 [INFO] 進度 1597/1925：上市 4961 天鈺 (4961.TW)
2026-09-26 03:34:18,602 [INFO] [4961 天鈺] 已存檔，共 2433 筆
2026-09-26 03:34:19,911 [INFO] 進度 1598/1925：上市 4967 十銓 (4967.TW)
2026-09-26 03:34:20,257 [INFO] [4967 十銓] 已存檔，共 2433 筆
2026-09-26 03:34:21,635 [INFO] 進度 1599/1925：上市 4968 立積 (4968.TW)
2026-09-26 03:34:21,899 [INFO] [4968 立積] 已存檔，共 2433 筆
2026-09-26 03:34:23,410 [INFO] 進度 1600/1925：上市 4976 佳凌 (4976.TW)
2026-09-26 03:34:23,660 [INFO] [4976 佳凌] 已存檔，共 2433 筆
2026-09-26 03:34:25,286 [INFO] 進度 1601/1925：上市 4977 眾達-KY (4977.TW)
2026-09-26 03:34:25,554 [INFO] [4977 眾達-KY] 已存檔，共 2433 筆
2026-09-26 03:34:27,000 [INFO] 進度 1602/1925：上市 4989 榮科 (4989.TW)
2026-09-26 03:34:27,294 [INFO] [4989 榮科] 已存檔，共 2433 筆
2026-09-26 03:34:28,762 [INFO] 進度 1603/1925：上市 4994 傳奇 (4994.TW)
2026-09-26 03:34:29,019 [INFO] [4994 傳奇] 已存檔，共 2433 筆
2026-09-26 03:34:30,930 [INFO] 進度 1604/1925：上市 4999 鑫禾 (4999.TW)
2026-09-26 03:34:31,209 [INFO] [4999 鑫禾] 已存檔，共 2433 筆
2026-09-26 03:34:32,907 [INFO] 進度 1605/1925：上市 5007 三星 (5007.TW)
2026-09-26 03:34:33,190 [INFO] [5007 三星] 已存檔，共 2433 筆
2026-09-26 03:34:34,507 [INFO] 進度 1606/1925：上市 5203 訊連 (5203.TW)
2026-09-26 03:34:34,779 [INFO] [5203 訊連] 已存檔，共 2433 筆
2026-09-26 03:34:36,740 [INFO] 進度 1607/1925：上市 5215 科嘉-KY (5215.TW)
2026-09-26 03:34:37,010 [INFO] [5215 科嘉-KY] 已存檔，共 2433 筆
2026-09-26 03:34:38,998 [INFO] 進度 1608/1925：上市 5222 全訊 (5222.TW)
2026-09-26 03:34:39,364 [INFO] [5222 全訊] 已存檔，共 2433 筆
2026-09-26 03:34:40,907 [INFO] 進度 1609/1925：上市 5225 東科-KY (5225.TW)
2026-09-26 03:34:41,202 [INFO] [5225 東科-KY] 已存檔，共 2433 筆
2026-09-26 03:34:42,514 [INFO] 進度 1610/1925：上市 5234 達興材料 (5234.TW)
2026-09-26 03:34:42,776 [INFO] [5234 達興材料] 已存檔，共 2433 筆
2026-09-26 03:34:44,248 [INFO] 進度 1611/1925：上市 5243 乙盛-KY (5243.TW)
2026-09-26 03:34:44,649 [INFO] [5243 乙盛-KY] 已存檔，共 2433 筆
2026-09-26 03:34:45,907 [INFO] 進度 1612/1925：上市 5244 弘凱 (5244.TW)
2026-09-26 03:34:46,099 [INFO] [5244 弘凱] 已存檔，共 1134 筆
2026-09-26 03:34:47,756 [INFO] 進度 1613/1925：上市 5258 虹堡 (5258.TW)
2026-09-26 03:34:48,037 [INFO] [5258 虹堡] 已存檔，共 2433 筆
2026-09-26 03:34:49,609 [INFO] 進度 1614/1925：上市 5269 祥碩 (5269.TW)
2026-09-26 03:34:49,861 [INFO] [5269 祥碩] 已存檔，共 2433 筆
2026-09-26 03:34:51,515 [INFO] 進度 1615/1925：上市 5283 禾聯碩 (5283.TW)
2026-09-26 03:34:51,872 [INFO] [5283 禾聯碩] 已存檔，共 2433 筆
2026-09-26 03:34:53,258 [INFO] 進度 1616/1925：上市 5284 jpp-KY (5284.TW)
2026-09-26 03:34:53,541 [INFO] [5284 jpp-KY] 已存檔，共 2433 筆
2026-09-26 03:34:54,920 [INFO] 進度 1617/1925：上市 5285 界霖 (5285.TW)
2026-09-26 03:34:55,181 [INFO] [5285 界霖] 已存檔，共 2433 筆
2026-09-26 03:34:57,082 [INFO] 進度 1618/1925：上市 5288 豐祥-KY (5288.TW)
2026-09-26 03:34:57,329 [INFO] [5288 豐祥-KY] 已存檔，共 2433 筆
2026-09-26 03:34:59,015 [INFO] 進度 1619/1925：上市 5292 華懋 (5292.TW)
2026-09-26 03:34:59,237 [INFO] [5292 華懋] 已存檔，共 1633 筆
2026-09-26 03:35:01,203 [INFO] 進度 1620/1925：上市 5306 桂盟 (5306.TW)
2026-09-26 03:35:01,471 [INFO] [5306 桂盟] 已存檔，共 2433 筆
2026-09-26 03:35:03,396 [INFO] 進度 1621/1925：上市 5388 中磊 (5388.TW)
2026-09-26 03:35:03,766 [INFO] [5388 中磊] 已存檔，共 2433 筆
2026-09-26 03:35:05,106 [INFO] 進度 1622/1925：上市 5434 崇越 (5434.TW)
2026-09-26 03:35:05,385 [INFO] [5434 崇越] 已存檔，共 2433 筆
2026-09-26 03:35:06,671 [INFO] 進度 1623/1925：上市 5469 瀚宇博 (5469.TW)
2026-09-26 03:35:06,953 [INFO] [5469 瀚宇博] 已存檔，共 2433 筆
2026-09-26 03:35:08,461 [INFO] 進度 1624/1925：上市 5471 松翰 (5471.TW)
2026-09-26 03:35:08,756 [INFO] [5471 松翰] 已存檔，共 2433 筆
2026-09-26 03:35:09,961 [INFO] 進度 1625/1925：上市 5484 慧友 (5484.TW)
2026-09-26 03:35:10,240 [INFO] [5484 慧友] 已存檔，共 2433 筆
2026-09-26 03:35:12,005 [INFO] 進度 1626/1925：上市 5515 建國 (5515.TW)
2026-09-26 03:35:12,291 [INFO] [5515 建國] 已存檔，共 2433 筆
2026-09-26 03:35:13,682 [INFO] 進度 1627/1925：上市 5519 隆大 (5519.TW)
2026-09-26 03:35:13,966 [INFO] [5519 隆大] 已存檔，共 2433 筆
2026-09-26 03:35:15,678 [INFO] 進度 1628/1925：上市 5521 工信 (5521.TW)
2026-09-26 03:35:16,040 [INFO] [5521 工信] 已存檔，共 2433 筆
2026-09-26 03:35:17,251 [INFO] 進度 1629/1925：上市 5522 遠雄 (5522.TW)
2026-09-26 03:35:17,530 [INFO] [5522 遠雄] 已存檔，共 2433 筆
2026-09-26 03:35:18,829 [INFO] 進度 1630/1925：上市 5525 順天 (5525.TW)
2026-09-26 03:35:19,229 [INFO] [5525 順天] 已存檔，共 2433 筆
2026-09-26 03:35:20,864 [INFO] 進度 1631/1925：上市 5531 鄉林 (5531.TW)
2026-09-26 03:35:21,098 [INFO] [5531 鄉林] 已存檔，共 2433 筆
2026-09-26 03:35:22,330 [INFO] 進度 1632/1925：上市 5533 皇鼎 (5533.TW)
2026-09-26 03:35:22,623 [INFO] [5533 皇鼎] 已存檔，共 2433 筆
2026-09-26 03:35:24,189 [INFO] 進度 1633/1925：上市 5534 長虹 (5534.TW)
2026-09-26 03:35:24,452 [INFO] [5534 長虹] 已存檔，共 2433 筆
2026-09-26 03:35:25,736 [INFO] 進度 1634/1925：上市 5538 東明-KY (5538.TW)
2026-09-26 03:35:25,995 [INFO] [5538 東明-KY] 已存檔，共 2433 筆
2026-09-26 03:35:27,807 [INFO] 進度 1635/1925：上市 5546 永固-KY (5546.TW)
2026-09-26 03:35:28,021 [INFO] [5546 永固-KY] 已存檔，共 1547 筆
2026-09-26 03:35:29,405 [INFO] 進度 1636/1925：上市 5607 遠雄港 (5607.TW)
2026-09-26 03:35:29,674 [INFO] [5607 遠雄港] 已存檔，共 2433 筆
2026-09-26 03:35:31,398 [INFO] 進度 1637/1925：上市 5608 四維航 (5608.TW)
2026-09-26 03:35:31,698 [INFO] [5608 四維航] 已存檔，共 2433 筆
2026-09-26 03:35:33,414 [INFO] 進度 1638/1925：上市 5706 鳳凰 (5706.TW)
2026-09-26 03:35:33,786 [INFO] [5706 鳳凰] 已存檔，共 2433 筆
2026-09-26 03:35:35,716 [INFO] 進度 1639/1925：上市 5871 中租-KY (5871.TW)
2026-09-26 03:35:35,991 [INFO] [5871 中租-KY] 已存檔，共 2433 筆
2026-09-26 03:35:37,929 [INFO] 進度 1640/1925：上市 5876 上海商銀 (5876.TW)
2026-09-26 03:35:38,290 [INFO] [5876 上海商銀] 已存檔，共 2433 筆
2026-09-26 03:35:39,511 [INFO] 進度 1641/1925：上市 5880 合庫金 (5880.TW)
2026-09-26 03:35:39,776 [INFO] [5880 合庫金] 已存檔，共 2433 筆
2026-09-26 03:35:41,150 [INFO] 進度 1642/1925：上市 5906 台南-KY (5906.TW)
2026-09-26 03:35:41,450 [INFO] [5906 台南-KY] 已存檔，共 2433 筆
2026-09-26 03:35:43,021 [INFO] 進度 1643/1925：上市 5907 大洋-KY (5907.TW)
2026-09-26 03:35:43,291 [INFO] [5907 大洋-KY] 已存檔，共 2433 筆
2026-09-26 03:35:44,508 [INFO] 進度 1644/1925：上市 6005 群益證 (6005.TW)
2026-09-26 03:35:44,831 [INFO] [6005 群益證] 已存檔，共 2433 筆
2026-09-26 03:35:46,182 [INFO] 進度 1645/1925：上市 6024 群益期 (6024.TW)
2026-09-26 03:35:46,461 [INFO] [6024 群益期] 已存檔，共 2433 筆
2026-09-26 03:35:48,448 [INFO] 進度 1646/1925：上市 6108 競國 (6108.TW)
2026-09-26 03:35:48,724 [INFO] [6108 競國] 已存檔，共 2433 筆
2026-09-26 03:35:50,109 [INFO] 進度 1647/1925：上市 6112 邁達特 (6112.TW)
2026-09-26 03:35:50,395 [INFO] [6112 邁達特] 已存檔，共 2433 筆
2026-09-26 03:35:52,155 [INFO] 進度 1648/1925：上市 6115 鎰勝 (6115.TW)
2026-09-26 03:35:52,514 [INFO] [6115 鎰勝] 已存檔，共 2433 筆
2026-09-26 03:35:53,995 [INFO] 進度 1649/1925：上市 6116 彩晶 (6116.TW)
2026-09-26 03:35:54,292 [INFO] [6116 彩晶] 已存檔，共 2433 筆
2026-09-26 03:35:56,223 [INFO] 進度 1650/1925：上市 6117 迎廣 (6117.TW)
2026-09-26 03:35:56,573 [INFO] [6117 迎廣] 已存檔，共 2433 筆
2026-09-26 03:35:58,354 [INFO] 進度 1651/1925：上市 6120 達運 (6120.TW)
2026-09-26 03:35:58,726 [INFO] [6120 達運] 已存檔，共 2433 筆
2026-09-26 03:36:00,098 [INFO] 進度 1652/1925：上市 6128 上福 (6128.TW)
2026-09-26 03:36:00,462 [INFO] [6128 上福] 已存檔，共 2433 筆
2026-09-26 03:36:02,432 [INFO] 進度 1653/1925：上市 6133 金橋 (6133.TW)
2026-09-26 03:36:02,734 [INFO] [6133 金橋] 已存檔，共 2433 筆
2026-09-26 03:36:04,497 [INFO] 進度 1654/1925：上市 6136 富爾特 (6136.TW)
2026-09-26 03:36:04,785 [INFO] [6136 富爾特] 已存檔，共 2433 筆
2026-09-26 03:36:06,481 [INFO] 進度 1655/1925：上市 6139 亞翔 (6139.TW)
2026-09-26 03:36:06,793 [INFO] [6139 亞翔] 已存檔，共 2433 筆
2026-09-26 03:36:08,582 [INFO] 進度 1656/1925：上市 6141 柏承 (6141.TW)
2026-09-26 03:36:08,871 [INFO] [6141 柏承] 已存檔，共 2433 筆
2026-09-26 03:36:10,440 [INFO] 進度 1657/1925：上市 6142 友勁 (6142.TW)
2026-09-26 03:36:10,736 [INFO] [6142 友勁] 已存檔，共 2433 筆
2026-09-26 03:36:12,460 [INFO] 進度 1658/1925：上市 6152 百一 (6152.TW)
2026-09-26 03:36:12,758 [INFO] [6152 百一] 已存檔，共 2433 筆
2026-09-26 03:36:14,470 [INFO] 進度 1659/1925：上市 6153 嘉聯益 (6153.TW)
2026-09-26 03:36:14,743 [INFO] [6153 嘉聯益] 已存檔，共 2433 筆
2026-09-26 03:36:16,347 [INFO] 進度 1660/1925：上市 6155 鈞寶 (6155.TW)
2026-09-26 03:36:16,730 [INFO] [6155 鈞寶] 已存檔，共 2433 筆
2026-09-26 03:36:18,252 [INFO] 進度 1661/1925：上市 6164 華興 (6164.TW)
2026-09-26 03:36:18,551 [INFO] [6164 華興] 已存檔，共 2433 筆
2026-09-26 03:36:20,317 [INFO] 進度 1662/1925：上市 6165 浪凡 (6165.TW)
2026-09-26 03:36:20,626 [INFO] [6165 浪凡] 已存檔，共 2433 筆
2026-09-26 03:36:22,362 [INFO] 進度 1663/1925：上市 6166 凌華 (6166.TW)
2026-09-26 03:36:22,674 [INFO] [6166 凌華] 已存檔，共 2433 筆
2026-09-26 03:36:23,916 [INFO] 進度 1664/1925：上市 6168 宏齊 (6168.TW)
2026-09-26 03:36:24,226 [INFO] [6168 宏齊] 已存檔，共 2433 筆
2026-09-26 03:36:26,200 [INFO] 進度 1665/1925：上市 6176 瑞儀 (6176.TW)
2026-09-26 03:36:26,520 [INFO] [6176 瑞儀] 已存檔，共 2433 筆
2026-09-26 03:36:27,793 [INFO] 進度 1666/1925：上市 6177 達麗 (6177.TW)
2026-09-26 03:36:28,082 [INFO] [6177 達麗] 已存檔，共 2433 筆
2026-09-26 03:36:29,746 [INFO] 進度 1667/1925：上市 6183 關貿 (6183.TW)
2026-09-26 03:36:30,105 [INFO] [6183 關貿] 已存檔，共 2433 筆
2026-09-26 03:36:31,991 [INFO] 進度 1668/1925：上市 6184 大豐電 (6184.TW)
2026-09-26 03:36:32,358 [INFO] [6184 大豐電] 已存檔，共 2433 筆
2026-09-26 03:36:33,770 [INFO] 進度 1669/1925：上市 6189 豐藝 (6189.TW)
2026-09-26 03:36:34,073 [INFO] [6189 豐藝] 已存檔，共 2433 筆
2026-09-26 03:36:35,578 [INFO] 進度 1670/1925：上市 6191 精成科 (6191.TW)
2026-09-26 03:36:35,923 [INFO] [6191 精成科] 已存檔，共 2433 筆
2026-09-26 03:36:37,340 [INFO] 進度 1671/1925：上市 6192 巨路 (6192.TW)
2026-09-26 03:36:37,638 [INFO] [6192 巨路] 已存檔，共 2433 筆
2026-09-26 03:36:39,223 [INFO] 進度 1672/1925：上市 6196 帆宣 (6196.TW)
2026-09-26 03:36:39,522 [INFO] [6196 帆宣] 已存檔，共 2433 筆
2026-09-26 03:36:41,207 [INFO] 進度 1673/1925：上市 6197 佳必琪 (6197.TW)
2026-09-26 03:36:41,573 [INFO] [6197 佳必琪] 已存檔，共 2433 筆
2026-09-26 03:36:43,208 [INFO] 進度 1674/1925：上市 6201 亞弘電 (6201.TW)
2026-09-26 03:36:43,569 [INFO] [6201 亞弘電] 已存檔，共 2433 筆
2026-09-26 03:36:45,563 [INFO] 進度 1675/1925：上市 6202 盛群 (6202.TW)
2026-09-26 03:36:45,870 [INFO] [6202 盛群] 已存檔，共 2433 筆
2026-09-26 03:36:47,228 [INFO] 進度 1676/1925：上市 6205 詮欣 (6205.TW)
2026-09-26 03:36:47,510 [INFO] [6205 詮欣] 已存檔，共 2433 筆
2026-09-26 03:36:49,212 [INFO] 進度 1677/1925：上市 6206 飛捷 (6206.TW)
2026-09-26 03:36:49,492 [INFO] [6206 飛捷] 已存檔，共 2433 筆
2026-09-26 03:36:51,208 [INFO] 進度 1678/1925：上市 6209 今國光 (6209.TW)
2026-09-26 03:36:51,514 [INFO] [6209 今國光] 已存檔，共 2433 筆
2026-09-26 03:36:52,906 [INFO] 進度 1679/1925：上市 6213 聯茂 (6213.TW)
2026-09-26 03:36:53,266 [INFO] [6213 聯茂] 已存檔，共 2433 筆
2026-09-26 03:36:54,553 [INFO] 進度 1680/1925：上市 6214 精誠 (6214.TW)
2026-09-26 03:36:54,831 [INFO] [6214 精誠] 已存檔，共 2433 筆
2026-09-26 03:36:56,781 [INFO] 進度 1681/1925：上市 6215 和椿 (6215.TW)
2026-09-26 03:36:57,100 [INFO] [6215 和椿] 已存檔，共 2433 筆
2026-09-26 03:36:58,590 [INFO] 進度 1682/1925：上市 6216 居易 (6216.TW)
2026-09-26 03:36:58,872 [INFO] [6216 居易] 已存檔，共 2433 筆
2026-09-26 03:37:00,196 [INFO] 進度 1683/1925：上市 6224 聚鼎 (6224.TW)
2026-09-26 03:37:00,468 [INFO] [6224 聚鼎] 已存檔，共 2433 筆
2026-09-26 03:37:02,369 [INFO] 進度 1684/1925：上市 6225 天瀚 (6225.TW)
2026-09-26 03:37:02,648 [INFO] [6225 天瀚] 已存檔，共 2433 筆
2026-09-26 03:37:03,986 [INFO] 進度 1685/1925：上市 6226 光鼎 (6226.TW)
2026-09-26 03:37:04,286 [INFO] [6226 光鼎] 已存檔，共 2433 筆
2026-09-26 03:37:06,127 [INFO] 進度 1686/1925：上市 6230 尼得科超眾 (6230.TW)
2026-09-26 03:37:06,419 [INFO] [6230 尼得科超眾] 已存檔，共 2433 筆
2026-09-26 03:37:08,024 [INFO] 進度 1687/1925：上市 6235 華孚 (6235.TW)
2026-09-26 03:37:08,324 [INFO] [6235 華孚] 已存檔，共 2433 筆
2026-09-26 03:37:10,129 [INFO] 進度 1688/1925：上市 6239 力成 (6239.TW)
2026-09-26 03:37:10,399 [INFO] [6239 力成] 已存檔，共 2433 筆
2026-09-26 03:37:12,227 [INFO] 進度 1689/1925：上市 6243 迅杰 (6243.TW)
2026-09-26 03:37:12,530 [INFO] [6243 迅杰] 已存檔，共 2433 筆
2026-09-26 03:37:14,229 [INFO] 進度 1690/1925：上市 6257 矽格 (6257.TW)
2026-09-26 03:37:14,548 [INFO] [6257 矽格] 已存檔，共 2433 筆
2026-09-26 03:37:15,907 [INFO] 進度 1691/1925：上市 6269 台郡 (6269.TW)
2026-09-26 03:37:16,211 [INFO] [6269 台郡] 已存檔，共 2433 筆
2026-09-26 03:37:17,535 [INFO] 進度 1692/1925：上市 6271 同欣電 (6271.TW)
2026-09-26 03:37:17,824 [INFO] [6271 同欣電] 已存檔，共 2433 筆
2026-09-26 03:37:19,809 [INFO] 進度 1693/1925：上市 6272 驊陞 (6272.TW)
2026-09-26 03:37:20,097 [INFO] [6272 驊陞] 已存檔，共 2433 筆
2026-09-26 03:37:21,750 [INFO] 進度 1694/1925：上市 6277 宏正 (6277.TW)
2026-09-26 03:37:22,059 [INFO] [6277 宏正] 已存檔，共 2433 筆
2026-09-26 03:37:23,638 [INFO] 進度 1695/1925：上市 6278 台表科 (6278.TW)
2026-09-26 03:37:23,927 [INFO] [6278 台表科] 已存檔，共 2433 筆
2026-09-26 03:37:25,721 [INFO] 進度 1696/1925：上市 6281 全國電 (6281.TW)
2026-09-26 03:37:26,113 [INFO] [6281 全國電] 已存檔，共 2433 筆
2026-09-26 03:37:27,466 [INFO] 進度 1697/1925：上市 6282 康舒 (6282.TW)
2026-09-26 03:37:27,753 [INFO] [6282 康舒] 已存檔，共 2433 筆
2026-09-26 03:37:28,966 [INFO] 進度 1698/1925：上市 6283 淳安 (6283.TW)
2026-09-26 03:37:29,272 [INFO] [6283 淳安] 已存檔，共 2433 筆
2026-09-26 03:37:31,256 [INFO] 進度 1699/1925：上市 6285 啟碁 (6285.TW)
2026-09-26 03:37:31,588 [INFO] [6285 啟碁] 已存檔，共 2433 筆
2026-09-26 03:37:33,518 [INFO] 進度 1700/1925：上市 6405 悅城 (6405.TW)
2026-09-26 03:37:33,800 [INFO] [6405 悅城] 已存檔，共 2433 筆
2026-09-26 03:37:35,104 [INFO] 進度 1701/1925：上市 6409 旭隼 (6409.TW)
2026-09-26 03:37:35,365 [INFO] [6409 旭隼] 已存檔，共 2433 筆
2026-09-26 03:37:36,794 [INFO] 進度 1702/1925：上市 6412 群電 (6412.TW)
2026-09-26 03:37:37,069 [INFO] [6412 群電] 已存檔，共 2433 筆
2026-09-26 03:37:39,061 [INFO] 進度 1703/1925：上市 6414 樺漢 (6414.TW)
2026-09-26 03:37:39,327 [INFO] [6414 樺漢] 已存檔，共 2433 筆
2026-09-26 03:37:41,048 [INFO] 進度 1704/1925：上市 6415 矽力*-KY (6415.TW)
2026-09-26 03:37:41,300 [INFO] [6415 矽力*-KY] 已存檔，共 2433 筆
2026-09-26 03:37:43,253 [INFO] 進度 1705/1925：上市 6416 瑞祺電通 (6416.TW)
2026-09-26 03:37:43,548 [INFO] [6416 瑞祺電通] 已存檔，共 2433 筆
2026-09-26 03:37:45,249 [INFO] 進度 1706/1925：上市 6426 統新 (6426.TW)
2026-09-26 03:37:45,519 [INFO] [6426 統新] 已存檔，共 2433 筆
2026-09-26 03:37:47,218 [INFO] 進度 1707/1925：上市 6431 光麗-KY (6431.TW)
2026-09-26 03:37:47,566 [INFO] [6431 光麗-KY] 已存檔，共 2433 筆
2026-09-26 03:37:49,321 [INFO] 進度 1708/1925：上市 6438 迅得 (6438.TW)
2026-09-26 03:37:49,599 [INFO] [6438 迅得] 已存檔，共 2433 筆
2026-09-26 03:37:51,139 [INFO] 進度 1709/1925：上市 6442 光聖 (6442.TW)
2026-09-26 03:37:51,431 [INFO] [6442 光聖] 已存檔，共 2433 筆
2026-09-26 03:37:53,271 [INFO] 進度 1710/1925：上市 6443 元晶 (6443.TW)
2026-09-26 03:37:53,542 [INFO] [6443 元晶] 已存檔，共 2433 筆
2026-09-26 03:37:55,116 [INFO] 進度 1711/1925：上市 6446 藥華藥 (6446.TW)
2026-09-26 03:37:55,356 [INFO] [6446 藥華藥] 已存檔，共 2433 筆
2026-09-26 03:37:57,163 [INFO] 進度 1712/1925：上市 6449 鈺邦 (6449.TW)
2026-09-26 03:37:57,453 [INFO] [6449 鈺邦] 已存檔，共 2433 筆
2026-09-26 03:37:58,781 [INFO] 進度 1713/1925：上市 6451 訊芯-KY (6451.TW)
2026-09-26 03:37:59,102 [INFO] [6451 訊芯-KY] 已存檔，共 2433 筆
2026-09-26 03:38:00,549 [INFO] 進度 1714/1925：上市 6456 GIS-KY (6456.TW)
2026-09-26 03:38:00,891 [INFO] [6456 GIS-KY] 已存檔，共 2433 筆
2026-09-26 03:38:02,828 [INFO] 進度 1715/1925：上市 6464 台數科 (6464.TW)
2026-09-26 03:38:03,100 [INFO] [6464 台數科] 已存檔，共 2433 筆
2026-09-26 03:38:04,341 [INFO] 進度 1716/1925：上市 6472 保瑞 (6472.TW)
2026-09-26 03:38:04,648 [INFO] [6472 保瑞] 已存檔，共 2433 筆
2026-09-26 03:38:06,123 [INFO] 進度 1717/1925：上市 6477 安集 (6477.TW)
2026-09-26 03:38:06,380 [INFO] [6477 安集] 已存檔，共 2433 筆
2026-09-26 03:38:07,598 [INFO] 進度 1718/1925：上市 6491 晶碩 (6491.TW)
2026-09-26 03:38:07,874 [INFO] [6491 晶碩] 已存檔，共 2433 筆
2026-09-26 03:38:09,779 [INFO] 進度 1719/1925：上市 6504 南六 (6504.TW)
2026-09-26 03:38:10,046 [INFO] [6504 南六] 已存檔，共 2433 筆
2026-09-26 03:38:11,260 [INFO] 進度 1720/1925：上市 6505 台塑化 (6505.TW)
2026-09-26 03:38:11,551 [INFO] [6505 台塑化] 已存檔，共 2433 筆
2026-09-26 03:38:13,404 [INFO] 進度 1721/1925：上市 6515 穎崴 (6515.TW)
2026-09-26 03:38:13,659 [INFO] [6515 穎崴] 已存檔，共 1666 筆
2026-09-26 03:38:15,345 [INFO] 進度 1722/1925：上市 6525 捷敏-KY (6525.TW)
2026-09-26 03:38:15,635 [INFO] [6525 捷敏-KY] 已存檔，共 2433 筆
2026-09-26 03:38:16,957 [INFO] 進度 1723/1925：上市 6526 達發 (6526.TW)
2026-09-26 03:38:17,226 [INFO] [6526 達發] 已存檔，共 2433 筆
2026-09-26 03:38:18,736 [INFO] 進度 1724/1925：上市 6531 愛普* (6531.TW)
2026-09-26 03:38:19,006 [INFO] [6531 愛普*] 已存檔，共 2433 筆
2026-09-26 03:38:20,277 [INFO] 進度 1725/1925：上市 6533 晶心科 (6533.TW)
2026-09-26 03:38:20,549 [INFO] [6533 晶心科] 已存檔，共 2433 筆
2026-09-26 03:38:21,821 [INFO] 進度 1726/1925：上市 6541 泰福-KY (6541.TW)
2026-09-26 03:38:22,148 [INFO] [6541 泰福-KY] 已存檔，共 2433 筆
2026-09-26 03:38:23,659 [INFO] 進度 1727/1925：上市 6550 北極星藥業-KY (6550.TW)
2026-09-26 03:38:23,949 [INFO] [6550 北極星藥業-KY] 已存檔，共 2433 筆
2026-09-26 03:38:25,933 [INFO] 進度 1728/1925：上市 6552 易華電 (6552.TW)
2026-09-26 03:38:26,230 [INFO] [6552 易華電] 已存檔，共 2433 筆
2026-09-26 03:38:27,966 [INFO] 進度 1729/1925：上市 6558 興能高 (6558.TW)
2026-09-26 03:38:28,232 [INFO] [6558 興能高] 已存檔，共 2433 筆
2026-09-26 03:38:29,806 [INFO] 進度 1730/1925：上市 6573 虹揚-KY (6573.TW)
2026-09-26 03:38:30,075 [INFO] [6573 虹揚-KY] 已存檔，共 2187 筆
2026-09-26 03:38:31,933 [INFO] 進度 1731/1925：上市 6579 研揚 (6579.TW)
2026-09-26 03:38:32,218 [INFO] [6579 研揚] 已存檔，共 2433 筆
2026-09-26 03:38:33,528 [INFO] 進度 1732/1925：上市 6581 鋼聯 (6581.TW)
2026-09-26 03:38:33,779 [INFO] [6581 鋼聯] 已存檔，共 2433 筆
2026-09-26 03:38:35,629 [INFO] 進度 1733/1925：上市 6582 申豐 (6582.TW)
2026-09-26 03:38:35,894 [INFO] [6582 申豐] 已存檔，共 2433 筆
2026-09-26 03:38:37,386 [INFO] 進度 1734/1925：上市 6585 鼎基 (6585.TW)
2026-09-26 03:38:37,671 [INFO] [6585 鼎基] 已存檔，共 2433 筆
2026-09-26 03:38:39,516 [INFO] 進度 1735/1925：上市 6589 台康生技 (6589.TW)
2026-09-26 03:38:39,763 [INFO] [6589 台康生技] 已存檔，共 2392 筆
2026-09-26 03:38:41,407 [INFO] 進度 1736/1925：上市 6591 動力-KY (6591.TW)
2026-09-26 03:38:41,693 [INFO] [6591 動力-KY] 已存檔，共 2387 筆
2026-09-26 03:38:43,088 [INFO] 進度 1737/1925：上市 6592 和潤企業 (6592.TW)
2026-09-26 03:38:43,357 [INFO] [6592 和潤企業] 已存檔，共 1931 筆
2026-09-26 03:38:44,864 [INFO] 進度 1738/1925：上市 6598 ABC-KY (6598.TW)
2026-09-26 03:38:45,118 [INFO] [6598 ABC-KY] 已存檔，共 2343 筆
2026-09-26 03:38:47,047 [INFO] 進度 1739/1925：上市 6605 帝寶 (6605.TW)
2026-09-26 03:38:47,313 [INFO] [6605 帝寶] 已存檔，共 2433 筆
2026-09-26 03:38:48,774 [INFO] 進度 1740/1925：上市 6606 建德工業 (6606.TW)
2026-09-26 03:38:49,036 [INFO] [6606 建德工業] 已存檔，共 2433 筆
2026-09-26 03:38:50,472 [INFO] 進度 1741/1925：上市 6614 資拓宏宇 (6614.TW)
2026-09-26 03:38:50,657 [INFO] [6614 資拓宏宇] 已存檔，共 501 筆
2026-09-26 03:38:52,307 [INFO] 進度 1742/1925：上市 6625 必應 (6625.TW)
2026-09-26 03:38:52,565 [INFO] [6625 必應] 已存檔，共 2310 筆
2026-09-26 03:38:54,487 [INFO] 進度 1743/1925：上市 6641 基士德-KY (6641.TW)
2026-09-26 03:38:54,803 [INFO] [6641 基士德-KY] 已存檔，共 1945 筆
2026-09-26 03:38:56,312 [INFO] 進度 1744/1925：上市 6655 科定 (6655.TW)
2026-09-26 03:38:56,584 [INFO] [6655 科定] 已存檔，共 2147 筆
2026-09-26 03:38:58,476 [INFO] 進度 1745/1925：上市 6657 華安 (6657.TW)
2026-09-26 03:38:58,702 [INFO] [6657 華安] 已存檔，共 1977 筆
2026-09-26 03:39:00,056 [INFO] 進度 1746/1925：上市 6658 聯策 (6658.TW)
2026-09-26 03:39:00,273 [INFO] [6658 聯策] 已存檔，共 1187 筆
2026-09-26 03:39:02,170 [INFO] 進度 1747/1925：上市 6666 羅麗芬-KY (6666.TW)
2026-09-26 03:39:02,480 [INFO] [6666 羅麗芬-KY] 已存檔，共 1906 筆
2026-09-26 03:39:03,814 [INFO] 進度 1748/1925：上市 6668 中揚光 (6668.TW)
2026-09-26 03:39:04,083 [INFO] [6668 中揚光] 已存檔，共 2143 筆
2026-09-26 03:39:06,064 [INFO] 進度 1749/1925：上市 6669 緯穎 (6669.TW)
2026-09-26 03:39:06,403 [INFO] [6669 緯穎] 已存檔，共 2156 筆
2026-09-26 03:39:08,031 [INFO] 進度 1750/1925：上市 6670 復盛應用 (6670.TW)
2026-09-26 03:39:08,313 [INFO] [6670 復盛應用] 已存檔，共 2143 筆
2026-09-26 03:39:10,236 [INFO] 進度 1751/1925：上市 6671 三能-KY (6671.TW)
2026-09-26 03:39:10,475 [INFO] [6671 三能-KY] 已存檔，共 1890 筆
2026-09-26 03:39:11,935 [INFO] 進度 1752/1925：上市 6672 騰輝電子-KY (6672.TW)
2026-09-26 03:39:12,258 [INFO] [6672 騰輝電子-KY] 已存檔，共 2111 筆
2026-09-26 03:39:14,248 [INFO] 進度 1753/1925：上市 6674 鋐寶科技 (6674.TW)
2026-09-26 03:39:14,575 [INFO] [6674 鋐寶科技] 已存檔，共 2122 筆
2026-09-26 03:39:16,312 [INFO] 進度 1754/1925：上市 6689 伊雲谷 (6689.TW)
2026-09-26 03:39:16,568 [INFO] [6689 伊雲谷] 已存檔，共 1993 筆
2026-09-26 03:39:18,328 [INFO] 進度 1755/1925：上市 6691 洋基工程 (6691.TW)
2026-09-26 03:39:18,596 [INFO] [6691 洋基工程] 已存檔，共 1977 筆
2026-09-26 03:39:20,320 [INFO] 進度 1756/1925：上市 6695 芯鼎 (6695.TW)
2026-09-26 03:39:20,519 [INFO] [6695 芯鼎] 已存檔，共 1877 筆
2026-09-26 03:39:22,509 [INFO] 進度 1757/1925：上市 6698 旭暉應材 (6698.TW)
2026-09-26 03:39:22,778 [INFO] [6698 旭暉應材] 已存檔，共 1929 筆
2026-09-26 03:39:24,284 [INFO] 進度 1758/1925：上市 6706 惠特 (6706.TW)
2026-09-26 03:39:24,536 [INFO] [6706 惠特] 已存檔，共 1906 筆
2026-09-26 03:39:26,296 [INFO] 進度 1759/1925：上市 6715 嘉基 (6715.TW)
2026-09-26 03:39:26,568 [INFO] [6715 嘉基] 已存檔，共 1908 筆
2026-09-26 03:39:28,123 [INFO] 進度 1760/1925：上市 6719 力智 (6719.TW)
2026-09-26 03:39:28,335 [INFO] [6719 力智] 已存檔，共 1138 筆
2026-09-26 03:39:29,563 [INFO] 進度 1761/1925：上市 6722 輝創 (6722.TW)
2026-09-26 03:39:29,767 [INFO] [6722 輝創] 已存檔，共 820 筆
2026-09-26 03:39:31,473 [INFO] 進度 1762/1925：上市 6742 澤米 (6742.TW)
2026-09-26 03:39:31,684 [INFO] [6742 澤米] 已存檔，共 1186 筆
2026-09-26 03:39:33,285 [INFO] 進度 1763/1925：上市 6743 安普新 (6743.TW)
2026-09-26 03:39:33,515 [INFO] [6743 安普新] 已存檔，共 1654 筆
2026-09-26 03:39:35,318 [INFO] 進度 1764/1925：上市 6753 龍德造船 (6753.TW)
2026-09-26 03:39:35,587 [INFO] [6753 龍德造船] 已存檔，共 1384 筆
2026-09-26 03:39:37,297 [INFO] 進度 1765/1925：上市 6754 匯僑設計 (6754.TW)
2026-09-26 03:39:37,535 [INFO] [6754 匯僑設計] 已存檔，共 1690 筆
2026-09-26 03:39:39,016 [INFO] 進度 1766/1925：上市 6756 威鋒電子 (6756.TW)
2026-09-26 03:39:39,299 [INFO] [6756 威鋒電子] 已存檔，共 1643 筆
2026-09-26 03:39:40,681 [INFO] 進度 1767/1925：上市 6757 台灣虎航 (6757.TW)
2026-09-26 03:39:40,905 [INFO] [6757 台灣虎航] 已存檔，共 1647 筆
2026-09-26 03:39:42,313 [INFO] 進度 1768/1925：上市 6768 志強-KY (6768.TW)
2026-09-26 03:39:42,527 [INFO] [6768 志強-KY] 已存檔，共 1323 筆
2026-09-26 03:39:44,430 [INFO] 進度 1769/1925：上市 6770 力積電 (6770.TW)
2026-09-26 03:39:44,650 [INFO] [6770 力積電] 已存檔，共 1407 筆
2026-09-26 03:39:46,310 [INFO] 進度 1770/1925：上市 6776 展碁國際 (6776.TW)
2026-09-26 03:39:46,552 [INFO] [6776 展碁國際] 已存檔，共 1584 筆
2026-09-26 03:39:47,940 [INFO] 進度 1771/1925：上市 6781 AES-KY (6781.TW)
2026-09-26 03:39:48,156 [INFO] [6781 AES-KY] 已存檔，共 1343 筆
2026-09-26 03:39:49,597 [INFO] 進度 1772/1925：上市 6782 視陽 (6782.TW)
2026-09-26 03:39:49,809 [INFO] [6782 視陽] 已存檔，共 1487 筆
2026-09-26 03:39:51,220 [INFO] 進度 1773/1925：上市 6789 采鈺 (6789.TW)
2026-09-26 03:39:51,432 [INFO] [6789 采鈺] 已存檔，共 1334 筆
2026-09-26 03:39:53,081 [INFO] 進度 1774/1925：上市 6790 永豐實 (6790.TW)
2026-09-26 03:39:53,438 [INFO] [6790 永豐實] 已存檔，共 1438 筆
2026-09-26 03:39:54,702 [INFO] 進度 1775/1925：上市 6792 詠業 (6792.TW)
2026-09-26 03:39:54,913 [INFO] [6792 詠業] 已存檔，共 1421 筆
2026-09-26 03:39:56,756 [INFO] 進度 1776/1925：上市 6794 向榮生技 (6794.TW)
2026-09-26 03:39:56,940 [INFO] [6794 向榮生技] 已存檔，共 1395 筆
2026-09-26 03:39:58,798 [INFO] 進度 1777/1925：上市 6796 晉弘 (6796.TW)
2026-09-26 03:39:59,032 [INFO] [6796 晉弘] 已存檔，共 1327 筆
2026-09-26 03:40:00,688 [INFO] 進度 1778/1925：上市 6799 來頡 (6799.TW)
2026-09-26 03:40:00,908 [INFO] [6799 來頡] 已存檔，共 1415 筆
2026-09-26 03:40:02,813 [INFO] 進度 1779/1925：上市 6805 富世達 (6805.TW)
2026-09-26 03:40:03,070 [INFO] [6805 富世達] 已存檔，共 1420 筆
2026-09-26 03:40:04,437 [INFO] 進度 1780/1925：上市 6806 森崴能源 (6806.TW)
2026-09-26 03:40:05,053 [ERROR] $6806.TW: No data found, symbol may be delisted
2026-09-26 03:40:05,054 [INFO] [6806 森崴能源] 無資料或抓取失敗
2026-09-26 03:40:06,883 [INFO] 進度 1781/1925：上市 6807 峰源-KY (6807.TW)
2026-09-26 03:40:07,141 [INFO] [6807 峰源-KY] 已存檔，共 1077 筆
2026-09-26 03:40:08,485 [INFO] 進度 1782/1925：上市 6830 汎銓 (6830.TW)
2026-09-26 03:40:08,702 [INFO] [6830 汎銓] 已存檔，共 1257 筆
2026-09-26 03:40:10,361 [INFO] 進度 1783/1925：上市 6831 邁科 (6831.TW)
2026-09-26 03:40:10,588 [INFO] [6831 邁科] 已存檔，共 1246 筆
2026-09-26 03:40:12,521 [INFO] 進度 1784/1925：上市 6834 天二科技 (6834.TW)
2026-09-26 03:40:12,805 [INFO] [6834 天二科技] 已存檔，共 1236 筆
2026-09-26 03:40:14,248 [INFO] 進度 1785/1925：上市 6835 圓裕 (6835.TW)
2026-09-26 03:40:14,448 [INFO] [6835 圓裕] 已存檔，共 1251 筆
2026-09-26 03:40:16,061 [INFO] 進度 1786/1925：上市 6838 台新藥 (6838.TW)
2026-09-26 03:40:16,241 [INFO] [6838 台新藥] 已存檔，共 1207 筆
2026-09-26 03:40:17,497 [INFO] 進度 1787/1925：上市 6861 睿生光電 (6861.TW)
2026-09-26 03:40:17,706 [INFO] [6861 睿生光電] 已存檔，共 1170 筆
2026-09-26 03:40:19,195 [INFO] 進度 1788/1925：上市 6862 三集瑞-KY (6862.TW)
2026-09-26 03:40:19,349 [INFO] [6862 三集瑞-KY] 已存檔，共 469 筆
2026-09-26 03:40:20,827 [INFO] 進度 1789/1925：上市 6863 永道-KY (6863.TW)
2026-09-26 03:40:21,023 [INFO] [6863 永道-KY] 已存檔，共 854 筆
2026-09-26 03:40:22,567 [INFO] 進度 1790/1925：上市 6869 雲豹能源 (6869.TW)
2026-09-26 03:40:22,774 [INFO] [6869 雲豹能源] 已存檔，共 1135 筆
2026-09-26 03:40:24,165 [INFO] 進度 1791/1925：上市 6873 泓德能源 (6873.TW)
2026-09-26 03:40:24,364 [INFO] [6873 泓德能源] 已存檔，共 1150 筆
2026-09-26 03:40:26,025 [INFO] 進度 1792/1925：上市 6885 全福生技 (6885.TW)
2026-09-26 03:40:26,217 [INFO] [6885 全福生技] 已存檔，共 1035 筆
2026-09-26 03:40:27,458 [INFO] 進度 1793/1925：上市 6887 寶綠特-KY (6887.TW)
2026-09-26 03:40:27,615 [INFO] [6887 寶綠特-KY] 已存檔，共 378 筆
2026-09-26 03:40:29,345 [INFO] 進度 1794/1925：上市 6890 來億-KY (6890.TW)
2026-09-26 03:40:29,499 [INFO] [6890 來億-KY] 已存檔，共 558 筆
2026-09-26 03:40:30,933 [INFO] 進度 1795/1925：上市 6901 鑽石投資 (6901.TW)
2026-09-26 03:40:31,127 [INFO] [6901 鑽石投資] 已存檔，共 1014 筆
2026-09-26 03:40:32,873 [INFO] 進度 1796/1925：上市 6902 GOGOLOOK (6902.TW)
2026-09-26 03:40:33,074 [INFO] [6902 GOGOLOOK] 已存檔，共 777 筆
2026-09-26 03:40:34,632 [INFO] 進度 1797/1925：上市 6906 現觀科 (6906.TW)
2026-09-26 03:40:34,895 [INFO] [6906 現觀科] 已存檔，共 913 筆
2026-09-26 03:40:36,309 [INFO] 進度 1798/1925：上市 6909 創控 (6909.TW)
2026-09-26 03:40:36,515 [INFO] [6909 創控] 已存檔，共 849 筆
2026-09-26 03:40:38,293 [INFO] 進度 1799/1925：上市 6914 阜爾運通 (6914.TW)
2026-09-26 03:40:38,490 [INFO] [6914 阜爾運通] 已存檔，共 898 筆
2026-09-26 03:40:40,129 [INFO] 進度 1800/1925：上市 6916 華凌 (6916.TW)
2026-09-26 03:40:40,339 [INFO] [6916 華凌] 已存檔，共 946 筆
2026-09-26 03:40:42,139 [INFO] 進度 1801/1925：上市 6918 愛派司 (6918.TW)
2026-09-26 03:40:42,345 [INFO] [6918 愛派司] 已存檔，共 898 筆
2026-09-26 03:40:43,720 [INFO] 進度 1802/1925：上市 6919 康霈* (6919.TW)
2026-09-26 03:40:43,907 [INFO] [6919 康霈*] 已存檔，共 906 筆
2026-09-26 03:40:45,215 [INFO] 進度 1803/1925：上市 6923 中台 (6923.TW)
2026-09-26 03:40:45,415 [INFO] [6923 中台] 已存檔，共 849 筆
2026-09-26 03:40:47,282 [INFO] 進度 1804/1925：上市 6928 攸泰科技 (6928.TW)
2026-09-26 03:40:47,538 [INFO] [6928 攸泰科技] 已存檔，共 829 筆
2026-09-26 03:40:48,797 [INFO] 進度 1805/1925：上市 6931 青松健康 (6931.TW)
2026-09-26 03:40:48,983 [INFO] [6931 青松健康] 已存檔，共 905 筆
2026-09-26 03:40:50,719 [INFO] 進度 1806/1925：上市 6933 AMAX-KY (6933.TW)
2026-09-26 03:40:50,960 [INFO] [6933 AMAX-KY] 已存檔，共 700 筆
2026-09-26 03:40:52,570 [INFO] 進度 1807/1925：上市 6934 心誠鎂 (6934.TW)
2026-09-26 03:40:52,718 [INFO] [6934 心誠鎂] 已存檔，共 549 筆
2026-09-26 03:40:54,159 [INFO] 進度 1808/1925：上市 6936 永鴻生技 (6936.TW)
2026-09-26 03:40:54,345 [INFO] [6936 永鴻生技] 已存檔，共 853 筆
2026-09-26 03:40:55,805 [INFO] 進度 1809/1925：上市 6937 天虹 (6937.TW)
2026-09-26 03:40:55,988 [INFO] [6937 天虹] 已存檔，共 849 筆
2026-09-26 03:40:57,856 [INFO] 進度 1810/1925：上市 6944 兆聯實業 (6944.TW)
2026-09-26 03:40:58,053 [INFO] [6944 兆聯實業] 已存檔，共 832 筆
2026-09-26 03:40:59,686 [INFO] 進度 1811/1925：上市 6952 大武山 (6952.TW)
2026-09-26 03:40:59,871 [INFO] [6952 大武山] 已存檔，共 793 筆
2026-09-26 03:41:01,353 [INFO] 進度 1812/1925：上市 6957 裕慶-KY (6957.TW)
2026-09-26 03:41:01,516 [INFO] [6957 裕慶-KY] 已存檔，共 547 筆
2026-09-26 03:41:03,367 [INFO] 進度 1813/1925：上市 6958 日盛台駿 (6958.TW)
2026-09-26 03:41:03,640 [INFO] [6958 日盛台駿] 已存檔，共 792 筆
2026-09-26 03:41:05,327 [INFO] 進度 1814/1925：上市 6962 奕力-KY (6962.TW)
2026-09-26 03:41:05,481 [INFO] [6962 奕力-KY] 已存檔，共 446 筆
2026-09-26 03:41:07,043 [INFO] 進度 1815/1925：上市 6965 中傑-KY (6965.TW)
2026-09-26 03:41:07,196 [INFO] [6965 中傑-KY] 已存檔，共 382 筆
2026-09-26 03:41:08,793 [INFO] 進度 1816/1925：上市 6994 富威電力 (6994.TW)
2026-09-26 03:41:08,985 [INFO] [6994 富威電力] 已存檔，共 669 筆
2026-09-26 03:41:10,498 [INFO] 進度 1817/1925：上市 7705 三商餐飲 (7705.TW)
2026-09-26 03:41:10,689 [INFO] [7705 三商餐飲] 已存檔，共 668 筆
2026-09-26 03:41:12,616 [INFO] 進度 1818/1925：上市 7711 永擎 (7711.TW)
2026-09-26 03:41:12,774 [INFO] [7711 永擎] 已存檔，共 207 筆
2026-09-26 03:41:14,626 [INFO] 進度 1819/1925：上市 7721 微程式 (7721.TW)
2026-09-26 03:41:14,834 [INFO] [7721 微程式] 已存檔，共 665 筆
2026-09-26 03:41:16,720 [INFO] 進度 1820/1925：上市 7722 LINEPAY (7722.TW)
2026-09-26 03:41:16,895 [INFO] [7722 LINEPAY] 已存檔，共 644 筆
2026-09-26 03:41:18,664 [INFO] 進度 1821/1925：上市 7732 金興精密 (7732.TW)
2026-09-26 03:41:18,901 [INFO] [7732 金興精密] 已存檔，共 619 筆
2026-09-26 03:41:20,675 [INFO] 進度 1822/1925：上市 7736 虎山 (7736.TW)
2026-09-26 03:41:20,863 [INFO] [7736 虎山] 已存檔，共 609 筆
2026-09-26 03:41:22,334 [INFO] 進度 1823/1925：上市 7749 意騰-KY (7749.TW)
2026-09-26 03:41:22,484 [INFO] [7749 意騰-KY] 已存檔，共 316 筆
2026-09-26 03:41:24,249 [INFO] 進度 1824/1925：上市 7750 新代 (7750.TW)
2026-09-26 03:41:24,433 [INFO] [7750 新代] 已存檔，共 554 筆
2026-09-26 03:41:26,345 [INFO] 進度 1825/1925：上市 7765 中華資安 (7765.TW)
2026-09-26 03:41:26,503 [INFO] [7765 中華資安] 已存檔，共 511 筆
2026-09-26 03:41:27,742 [INFO] 進度 1826/1925：上市 7769 鴻勁 (7769.TW)
2026-09-26 03:41:27,903 [INFO] [7769 鴻勁] 已存檔，共 463 筆
2026-09-26 03:41:29,286 [INFO] 進度 1827/1925：上市 7780 大研生醫* (7780.TW)
2026-09-26 03:41:29,441 [INFO] [7780 大研生醫*] 已存檔，共 466 筆
2026-09-26 03:41:30,665 [INFO] 進度 1828/1925：上市 7786 東方風能 (7786.TW)
2026-09-26 03:41:30,814 [INFO] [7786 東方風能] 已存檔，共 467 筆
2026-09-26 03:41:32,146 [INFO] 進度 1829/1925：上市 7788 松川精密 (7788.TW)
2026-09-26 03:41:32,302 [INFO] [7788 松川精密] 已存檔，共 464 筆
2026-09-26 03:41:33,884 [INFO] 進度 1830/1925：上市 7791 皇家可口 (7791.TW)
2026-09-26 03:41:34,027 [INFO] [7791 皇家可口] 已存檔，共 224 筆
2026-09-26 03:41:35,573 [INFO] 進度 1831/1925：上市 7795 長廣 (7795.TW)
2026-09-26 03:41:35,722 [INFO] [7795 長廣] 已存檔，共 437 筆
2026-09-26 03:41:37,711 [INFO] 進度 1832/1925：上市 7799 禾榮科 (7799.TW)
2026-09-26 03:41:37,851 [INFO] [7799 禾榮科] 已存檔，共 251 筆
2026-09-26 03:41:39,531 [INFO] 進度 1833/1925：上市 8011 台通 (8011.TW)
2026-09-26 03:41:39,795 [INFO] [8011 台通] 已存檔，共 2433 筆
2026-09-26 03:41:41,385 [INFO] 進度 1834/1925：上市 8016 矽創 (8016.TW)
2026-09-26 03:41:41,698 [INFO] [8016 矽創] 已存檔，共 2433 筆
2026-09-26 03:41:42,964 [INFO] 進度 1835/1925：上市 8021 尖點 (8021.TW)
2026-09-26 03:41:43,240 [INFO] [8021 尖點] 已存檔，共 2433 筆
2026-09-26 03:41:44,630 [INFO] 進度 1836/1925：上市 8028 昇陽半導體 (8028.TW)
2026-09-26 03:41:44,920 [INFO] [8028 昇陽半導體] 已存檔，共 2433 筆
2026-09-26 03:41:46,912 [INFO] 進度 1837/1925：上市 8033 雷虎 (8033.TW)
2026-09-26 03:41:47,182 [INFO] [8033 雷虎] 已存檔，共 2433 筆
2026-09-26 03:41:48,823 [INFO] 進度 1838/1925：上市 8039 台虹 (8039.TW)
2026-09-26 03:41:49,103 [INFO] [8039 台虹] 已存檔，共 2433 筆
2026-09-26 03:41:50,673 [INFO] 進度 1839/1925：上市 8045 達運光電 (8045.TW)
2026-09-26 03:41:50,935 [INFO] [8045 達運光電] 已存檔，共 2274 筆
2026-09-26 03:41:52,325 [INFO] 進度 1840/1925：上市 8046 南電 (8046.TW)
2026-09-26 03:41:52,621 [INFO] [8046 南電] 已存檔，共 2433 筆
2026-09-26 03:41:53,907 [INFO] 進度 1841/1925：上市 8070 長華* (8070.TW)
2026-09-26 03:41:54,209 [INFO] [8070 長華*] 已存檔，共 2433 筆
2026-09-26 03:41:55,947 [INFO] 進度 1842/1925：上市 8072 陞泰 (8072.TW)
2026-09-26 03:41:56,225 [INFO] [8072 陞泰] 已存檔，共 2433 筆
2026-09-26 03:41:57,442 [INFO] 進度 1843/1925：上市 8081 致新 (8081.TW)
2026-09-26 03:41:57,701 [INFO] [8081 致新] 已存檔，共 2433 筆
2026-09-26 03:41:59,002 [INFO] 進度 1844/1925：上市 8101 華冠 (8101.TW)
2026-09-26 03:41:59,284 [INFO] [8101 華冠] 已存檔，共 2433 筆
2026-09-26 03:42:00,761 [INFO] 進度 1845/1925：上市 8103 瀚荃 (8103.TW)
2026-09-26 03:42:01,059 [INFO] [8103 瀚荃] 已存檔，共 2433 筆
2026-09-26 03:42:02,344 [INFO] 進度 1846/1925：上市 8104 錸寶 (8104.TW)
2026-09-26 03:42:02,630 [INFO] [8104 錸寶] 已存檔，共 2433 筆
2026-09-26 03:42:04,108 [INFO] 進度 1847/1925：上市 8105 凌巨 (8105.TW)
2026-09-26 03:42:04,377 [INFO] [8105 凌巨] 已存檔，共 2433 筆
2026-09-26 03:42:06,317 [INFO] 進度 1848/1925：上市 8110 華東 (8110.TW)
2026-09-26 03:42:06,650 [INFO] [8110 華東] 已存檔，共 2433 筆
2026-09-26 03:42:07,992 [INFO] 進度 1849/1925：上市 8112 至上 (8112.TW)
2026-09-26 03:42:08,362 [INFO] [8112 至上] 已存檔，共 2433 筆
2026-09-26 03:42:10,146 [INFO] 進度 1850/1925：上市 8114 振樺電 (8114.TW)
2026-09-26 03:42:10,453 [INFO] [8114 振樺電] 已存檔，共 2433 筆
2026-09-26 03:42:12,269 [INFO] 進度 1851/1925：上市 8131 福懋科 (8131.TW)
2026-09-26 03:42:12,562 [INFO] [8131 福懋科] 已存檔，共 2433 筆
2026-09-26 03:42:14,148 [INFO] 進度 1852/1925：上市 8150 南茂 (8150.TW)
2026-09-26 03:42:14,465 [INFO] [8150 南茂] 已存檔，共 2433 筆
2026-09-26 03:42:16,209 [INFO] 進度 1853/1925：上市 8163 達方 (8163.TW)
2026-09-26 03:42:16,703 [INFO] [8163 達方] 已存檔，共 2433 筆
2026-09-26 03:42:18,155 [INFO] 進度 1854/1925：上市 8201 無敵 (8201.TW)
2026-09-26 03:42:18,423 [INFO] [8201 無敵] 已存檔，共 2433 筆
2026-09-26 03:42:19,799 [INFO] 進度 1855/1925：上市 8210 勤誠 (8210.TW)
2026-09-26 03:42:20,108 [INFO] [8210 勤誠] 已存檔，共 2433 筆
2026-09-26 03:42:21,889 [INFO] 進度 1856/1925：上市 8213 志超 (8213.TW)
2026-09-26 03:42:22,181 [INFO] [8213 志超] 已存檔，共 2433 筆
2026-09-26 03:42:23,566 [INFO] 進度 1857/1925：上市 8215 明基材 (8215.TW)
2026-09-26 03:42:23,938 [INFO] [8215 明基材] 已存檔，共 2433 筆
2026-09-26 03:42:25,488 [INFO] 進度 1858/1925：上市 8222 寶一 (8222.TW)
2026-09-26 03:42:25,809 [INFO] [8222 寶一] 已存檔，共 2433 筆
2026-09-26 03:42:27,324 [INFO] 進度 1859/1925：上市 8249 菱光 (8249.TW)
2026-09-26 03:42:27,615 [INFO] [8249 菱光] 已存檔，共 2433 筆
2026-09-26 03:42:29,506 [INFO] 進度 1860/1925：上市 8261 富鼎 (8261.TW)
2026-09-26 03:42:29,785 [INFO] [8261 富鼎] 已存檔，共 2433 筆
2026-09-26 03:42:31,671 [INFO] 進度 1861/1925：上市 8271 宇瞻 (8271.TW)
2026-09-26 03:42:32,044 [INFO] [8271 宇瞻] 已存檔，共 2433 筆
2026-09-26 03:42:33,829 [INFO] 進度 1862/1925：上市 8341 日友 (8341.TW)
2026-09-26 03:42:34,100 [INFO] [8341 日友] 已存檔，共 2433 筆
2026-09-26 03:42:35,462 [INFO] 進度 1863/1925：上市 8367 建新國際 (8367.TW)
2026-09-26 03:42:35,707 [INFO] [8367 建新國際] 已存檔，共 2316 筆
2026-09-26 03:42:37,500 [INFO] 進度 1864/1925：上市 8374 羅昇 (8374.TW)
2026-09-26 03:42:37,806 [INFO] [8374 羅昇] 已存檔，共 2433 筆
2026-09-26 03:42:39,158 [INFO] 進度 1865/1925：上市 8404 百和興業-KY (8404.TW)
2026-09-26 03:42:39,426 [INFO] [8404 百和興業-KY] 已存檔，共 2433 筆
2026-09-26 03:42:40,848 [INFO] 進度 1866/1925：上市 8411 福貞-KY (8411.TW)
2026-09-26 03:42:41,117 [INFO] [8411 福貞-KY] 已存檔，共 2433 筆
2026-09-26 03:42:42,926 [INFO] 進度 1867/1925：上市 8422 可寧衛* (8422.TW)
2026-09-26 03:42:43,210 [INFO] [8422 可寧衛*] 已存檔，共 2433 筆
2026-09-26 03:42:44,783 [INFO] 進度 1868/1925：上市 8429 金麗-KY (8429.TW)
2026-09-26 03:42:45,043 [INFO] [8429 金麗-KY] 已存檔，共 2433 筆
2026-09-26 03:42:46,533 [INFO] 進度 1869/1925：上市 8438 昶昕 (8438.TW)
2026-09-26 03:42:46,801 [INFO] [8438 昶昕] 已存檔，共 2433 筆
2026-09-26 03:42:48,226 [INFO] 進度 1870/1925：上市 8442 威宏-KY (8442.TW)
2026-09-26 03:42:48,527 [INFO] [8442 威宏-KY] 已存檔，共 2402 筆
2026-09-26 03:42:50,241 [INFO] 進度 1871/1925：上市 8443 阿瘦 (8443.TW)
2026-09-26 03:42:50,553 [INFO] [8443 阿瘦] 已存檔，共 2433 筆
2026-09-26 03:42:52,433 [INFO] 進度 1872/1925：上市 8454 富邦媒 (8454.TW)
2026-09-26 03:42:52,785 [INFO] [8454 富邦媒] 已存檔，共 2433 筆
2026-09-26 03:42:54,097 [INFO] 進度 1873/1925：上市 8462 柏文 (8462.TW)
2026-09-26 03:42:54,374 [INFO] [8462 柏文] 已存檔，共 2433 筆
2026-09-26 03:42:56,096 [INFO] 進度 1874/1925：上市 8463 潤泰材 (8463.TW)
2026-09-26 03:42:56,351 [INFO] [8463 潤泰材] 已存檔，共 2433 筆
2026-09-26 03:42:58,159 [INFO] 進度 1875/1925：上市 8464 億豐 (8464.TW)
2026-09-26 03:42:58,416 [INFO] [8464 億豐] 已存檔，共 2433 筆
2026-09-26 03:42:59,720 [INFO] 進度 1876/1925：上市 8466 美吉吉-KY (8466.TW)
2026-09-26 03:43:00,017 [INFO] [8466 美吉吉-KY] 已存檔，共 2408 筆
2026-09-26 03:43:01,226 [INFO] 進度 1877/1925：上市 8467 波力-KY (8467.TW)
2026-09-26 03:43:01,499 [INFO] [8467 波力-KY] 已存檔，共 2433 筆
2026-09-26 03:43:03,463 [INFO] 進度 1878/1925：上市 8473 山林水 (8473.TW)
2026-09-26 03:43:03,730 [INFO] [8473 山林水] 已存檔，共 2433 筆
2026-09-26 03:43:05,724 [INFO] 進度 1879/1925：上市 8476 台境* (8476.TW)
2026-09-26 03:43:06,011 [INFO] [8476 台境*] 已存檔，共 2433 筆
2026-09-26 03:43:07,496 [INFO] 進度 1880/1925：上市 8478 東哥遊艇 (8478.TW)
2026-09-26 03:43:07,848 [INFO] [8478 東哥遊艇] 已存檔，共 2433 筆
2026-09-26 03:43:09,230 [INFO] 進度 1881/1925：上市 8481 政伸 (8481.TW)
2026-09-26 03:43:09,485 [INFO] [8481 政伸] 已存檔，共 2433 筆
2026-09-26 03:43:11,325 [INFO] 進度 1882/1925：上市 8482 商億-KY (8482.TW)
2026-09-26 03:43:11,594 [INFO] [8482 商億-KY] 已存檔，共 1972 筆
2026-09-26 03:43:13,144 [INFO] 進度 1883/1925：上市 8488 吉源-KY (8488.TW)
2026-09-26 03:43:13,415 [INFO] [8488 吉源-KY] 已存檔，共 2377 筆
2026-09-26 03:43:15,226 [INFO] 進度 1884/1925：上市 8499 鼎炫-KY (8499.TW)
2026-09-26 03:43:15,473 [INFO] [8499 鼎炫-KY] 已存檔，共 2147 筆
2026-09-26 03:43:16,818 [INFO] 進度 1885/1925：上市 8926 台汽電 (8926.TW)
2026-09-26 03:43:17,127 [INFO] [8926 台汽電] 已存檔，共 2433 筆
2026-09-26 03:43:18,720 [INFO] 進度 1886/1925：上市 8940 新天地 (8940.TW)
2026-09-26 03:43:18,991 [INFO] [8940 新天地] 已存檔，共 2433 筆
2026-09-26 03:43:20,773 [INFO] 進度 1887/1925：上市 8996 高力 (8996.TW)
2026-09-26 03:43:21,089 [INFO] [8996 高力] 已存檔，共 2433 筆
2026-09-26 03:43:23,062 [INFO] 進度 1888/1925：上市 9802 鈺齊-KY (9802.TW)
2026-09-26 03:43:23,324 [INFO] [9802 鈺齊-KY] 已存檔，共 2433 筆
2026-09-26 03:43:24,618 [INFO] 進度 1889/1925：上市 9902 台火 (9902.TW)
2026-09-26 03:43:24,929 [INFO] [9902 台火] 已存檔，共 2433 筆
2026-09-26 03:43:26,916 [INFO] 進度 1890/1925：上市 9904 寶成 (9904.TW)
2026-09-26 03:43:27,186 [INFO] [9904 寶成] 已存檔，共 2433 筆
2026-09-26 03:43:28,644 [INFO] 進度 1891/1925：上市 9905 大華 (9905.TW)
2026-09-26 03:43:28,941 [INFO] [9905 大華] 已存檔，共 2433 筆
2026-09-26 03:43:30,626 [INFO] 進度 1892/1925：上市 9906 欣巴巴 (9906.TW)
2026-09-26 03:43:30,926 [INFO] [9906 欣巴巴] 已存檔，共 2433 筆
2026-09-26 03:43:32,755 [INFO] 進度 1893/1925：上市 9907 統一實 (9907.TW)
2026-09-26 03:43:33,035 [INFO] [9907 統一實] 已存檔，共 2433 筆
2026-09-26 03:43:34,788 [INFO] 進度 1894/1925：上市 9908 大台北 (9908.TW)
2026-09-26 03:43:35,072 [INFO] [9908 大台北] 已存檔，共 2433 筆
2026-09-26 03:43:36,418 [INFO] 進度 1895/1925：上市 9910 豐泰 (9910.TW)
2026-09-26 03:43:36,722 [INFO] [9910 豐泰] 已存檔，共 2433 筆
2026-09-26 03:43:38,182 [INFO] 進度 1896/1925：上市 9911 櫻花 (9911.TW)
2026-09-26 03:43:38,509 [INFO] [9911 櫻花] 已存檔，共 2433 筆
2026-09-26 03:43:39,855 [INFO] 進度 1897/1925：上市 9912 偉聯 (9912.TW)
2026-09-26 03:43:40,123 [INFO] [9912 偉聯] 已存檔，共 2433 筆
2026-09-26 03:43:41,425 [INFO] 進度 1898/1925：上市 9914 美利達 (9914.TW)
2026-09-26 03:43:41,727 [INFO] [9914 美利達] 已存檔，共 2433 筆
2026-09-26 03:43:43,206 [INFO] 進度 1899/1925：上市 9917 中保科 (9917.TW)
2026-09-26 03:43:43,506 [INFO] [9917 中保科] 已存檔，共 2433 筆
2026-09-26 03:43:45,317 [INFO] 進度 1900/1925：上市 9918 欣天然 (9918.TW)
2026-09-26 03:43:45,602 [INFO] [9918 欣天然] 已存檔，共 2433 筆
2026-09-26 03:43:46,838 [INFO] 進度 1901/1925：上市 9919 康那香 (9919.TW)
2026-09-26 03:43:47,118 [INFO] [9919 康那香] 已存檔，共 2433 筆
2026-09-26 03:43:48,536 [INFO] 進度 1902/1925：上市 9921 巨大 (9921.TW)
2026-09-26 03:43:48,874 [INFO] [9921 巨大] 已存檔，共 2433 筆
2026-09-26 03:43:50,442 [INFO] 進度 1903/1925：上市 9924 福興 (9924.TW)
2026-09-26 03:43:50,740 [INFO] [9924 福興] 已存檔，共 2433 筆
2026-09-26 03:43:52,421 [INFO] 進度 1904/1925：上市 9925 新保 (9925.TW)
2026-09-26 03:43:52,709 [INFO] [9925 新保] 已存檔，共 2433 筆
2026-09-26 03:43:54,322 [INFO] 進度 1905/1925：上市 9926 新海 (9926.TW)
2026-09-26 03:43:54,622 [INFO] [9926 新海] 已存檔，共 2433 筆
2026-09-26 03:43:55,865 [INFO] 進度 1906/1925：上市 9927 泰銘 (9927.TW)
2026-09-26 03:43:56,168 [INFO] [9927 泰銘] 已存檔，共 2433 筆
2026-09-26 03:43:58,013 [INFO] 進度 1907/1925：上市 9928 中視 (9928.TW)
2026-09-26 03:43:58,246 [INFO] [9928 中視] 已存檔，共 2433 筆
2026-09-26 03:43:59,906 [INFO] 進度 1908/1925：上市 9929 秋雨 (9929.TW)
2026-09-26 03:44:00,179 [INFO] [9929 秋雨] 已存檔，共 2433 筆
2026-09-26 03:44:01,532 [INFO] 進度 1909/1925：上市 9930 中聯資源 (9930.TW)
2026-09-26 03:44:01,837 [INFO] [9930 中聯資源] 已存檔，共 2433 筆
2026-09-26 03:44:03,716 [INFO] 進度 1910/1925：上市 9931 欣高 (9931.TW)
2026-09-26 03:44:04,021 [INFO] [9931 欣高] 已存檔，共 2433 筆
2026-09-26 03:44:05,816 [INFO] 進度 1911/1925：上市 9933 中鼎 (9933.TW)
2026-09-26 03:44:06,146 [INFO] [9933 中鼎] 已存檔，共 2433 筆
2026-09-26 03:44:07,645 [INFO] 進度 1912/1925：上市 9934 成霖 (9934.TW)
2026-09-26 03:44:07,925 [INFO] [9934 成霖] 已存檔，共 2433 筆
2026-09-26 03:44:09,368 [INFO] 進度 1913/1925：上市 9935 慶豐富 (9935.TW)
2026-09-26 03:44:09,703 [INFO] [9935 慶豐富] 已存檔，共 2433 筆
2026-09-26 03:44:11,554 [INFO] 進度 1914/1925：上市 9937 全國 (9937.TW)
2026-09-26 03:44:11,838 [INFO] [9937 全國] 已存檔，共 2433 筆
2026-09-26 03:44:13,531 [INFO] 進度 1915/1925：上市 9938 百和 (9938.TW)
2026-09-26 03:44:13,868 [INFO] [9938 百和] 已存檔，共 2433 筆
2026-09-26 03:44:15,138 [INFO] 進度 1916/1925：上市 9939 宏全 (9939.TW)
2026-09-26 03:44:15,404 [INFO] [9939 宏全] 已存檔，共 2433 筆
2026-09-26 03:44:16,654 [INFO] 進度 1917/1925：上市 9940 信義 (9940.TW)
2026-09-26 03:44:16,944 [INFO] [9940 信義] 已存檔，共 2433 筆
2026-09-26 03:44:18,761 [INFO] 進度 1918/1925：上市 9941 裕融 (9941.TW)
2026-09-26 03:44:19,046 [INFO] [9941 裕融] 已存檔，共 2433 筆
2026-09-26 03:44:20,866 [INFO] 進度 1919/1925：上市 9942 茂順 (9942.TW)
2026-09-26 03:44:21,131 [INFO] [9942 茂順] 已存檔，共 2433 筆
2026-09-26 03:44:22,846 [INFO] 進度 1920/1925：上市 9943 好樂迪 (9943.TW)
2026-09-26 03:44:23,154 [INFO] [9943 好樂迪] 已存檔，共 2433 筆
2026-09-26 03:44:24,658 [INFO] 進度 1921/1925：上市 9944 新麗 (9944.TW)
2026-09-26 03:44:24,951 [INFO] [9944 新麗] 已存檔，共 2433 筆
2026-09-26 03:44:26,310 [INFO] 進度 1922/1925：上市 9945 潤泰新 (9945.TW)
2026-09-26 03:44:26,609 [INFO] [9945 潤泰新] 已存檔，共 2433 筆
2026-09-26 03:44:27,818 [INFO] 進度 1923/1925：上市 9946 三發地產 (9946.TW)
2026-09-26 03:44:28,124 [INFO] [9946 三發地產] 已存檔，共 2433 筆
2026-09-26 03:44:29,546 [INFO] 進度 1924/1925：上市 9955 佳龍 (9955.TW)
2026-09-26 03:44:29,825 [INFO] [9955 佳龍] 已存檔，共 2433 筆
2026-09-26 03:44:31,633 [INFO] 進度 1925/1925：上市 9958 世紀鋼 (9958.TW)
2026-09-26 03:44:31,947 [INFO] [9958 世紀鋼] 已存檔，共 2433 筆
2026-09-26 03:44:33,840 [INFO] === 本次執行結束：新完成 1920 檔，跳過已存在 0 檔，失敗 5 檔（共 1925 檔）===
2026-09-26 06:19:24,824 [INFO] 本次執行時間預算：340 分鐘，時間到會安全中斷並保留進度。
2026-09-26 06:19:24,824 [INFO] === 台股全市場歷史資料爬蟲開始 (Yahoo Finance 版) ===
2026-09-26 06:19:24,824 [INFO] 抓取範圍：近 10 年 (yfinance period=10y)
2026-09-26 06:19:24,828 [INFO] 使用已快取的股票清單，共 1925 檔
2026-09-26 06:19:24,831 [INFO] 進度 158/1925：上櫃 3426 台興 (3426.TWO)
2026-09-26 06:19:25,403 [ERROR] HTTP Error 404: {"quoteSummary":{"result":null,"error":{"code":"Not Found","description":"Quote not found for symbol: 3426.TWO"}}}
2026-09-26 06:19:25,617 [ERROR] $3426.TWO: No data found, symbol may be delisted
2026-09-26 06:19:25,618 [INFO] [3426 台興] 無資料或抓取失敗
2026-09-26 06:19:27,506 [INFO] 進度 251/1925：上櫃 4130 健亞 (4130.TWO)
2026-09-26 06:19:27,810 [ERROR] HTTP Error 404: {"quoteSummary":{"result":null,"error":{"code":"Not Found","description":"Quote not found for symbol: 4130.TWO"}}}
2026-09-26 06:19:28,089 [ERROR] $4130.TWO: No data found, symbol may be delisted
2026-09-26 06:19:28,089 [INFO] [4130 健亞] 無資料或抓取失敗
2026-09-26 06:19:29,366 [INFO] 進度 365/1925：上櫃 4987 科誠 (4987.TWO)
2026-09-26 06:19:29,628 [ERROR] $4987.TWO: No data found, symbol may be delisted
2026-09-26 06:19:29,628 [INFO] [4987 科誠] 無資料或抓取失敗
2026-09-26 06:19:31,354 [INFO] 進度 388/1925：上櫃 5236 凌陽創新 (5236.TWO)
2026-09-26 06:19:31,654 [ERROR] $5236.TWO: No data found, symbol may be delisted
2026-09-26 06:19:31,655 [INFO] [5236 凌陽創新] 無資料或抓取失敗
2026-09-26 06:19:33,614 [INFO] 進度 1780/1925：上市 6806 森崴能源 (6806.TW)
2026-09-26 06:19:33,926 [ERROR] $6806.TW: No data found, symbol may be delisted
2026-09-26 06:19:33,926 [INFO] [6806 森崴能源] 無資料或抓取失敗
2026-09-26 06:19:35,728 [INFO] === 本次執行結束：新完成 0 檔，跳過已存在 1920 檔，失敗 5 檔（共 1925 檔）===
2026-09-26 08:42:20,150 [INFO] 本次執行時間預算：340 分鐘，時間到會安全中斷並保留進度。
2026-09-26 08:42:20,150 [INFO] === 台股全市場歷史資料爬蟲開始 (Yahoo Finance 版) ===
2026-09-26 08:42:20,150 [INFO] 抓取範圍：近 10 年 (yfinance period=10y)
2026-09-26 08:42:20,153 [INFO] 使用已快取的股票清單，共 1925 檔
2026-09-26 08:42:20,155 [INFO] 進度 158/1925：上櫃 3426 台興 (3426.TWO)
2026-09-26 08:42:20,641 [ERROR] HTTP Error 404: {"quoteSummary":{"result":null,"error":{"code":"Not Found","description":"Quote not found for symbol: 3426.TWO"}}}
2026-09-26 08:42:20,842 [ERROR] $3426.TWO: No data found, symbol may be delisted
2026-09-26 08:42:20,842 [INFO] [3426 台興] 無資料或抓取失敗
2026-09-26 08:42:22,289 [INFO] 進度 251/1925：上櫃 4130 健亞 (4130.TWO)
2026-09-26 08:42:22,533 [ERROR] HTTP Error 404: {"quoteSummary":{"result":null,"error":{"code":"Not Found","description":"Quote not found for symbol: 4130.TWO"}}}
2026-09-26 08:42:22,728 [ERROR] $4130.TWO: No data found, symbol may be delisted
2026-09-26 08:42:22,728 [INFO] [4130 健亞] 無資料或抓取失敗
2026-09-26 08:42:24,409 [INFO] 進度 365/1925：上櫃 4987 科誠 (4987.TWO)
2026-09-26 08:42:24,649 [ERROR] $4987.TWO: No data found, symbol may be delisted
2026-09-26 08:42:24,649 [INFO] [4987 科誠] 無資料或抓取失敗
2026-09-26 08:42:26,130 [INFO] 進度 388/1925：上櫃 5236 凌陽創新 (5236.TWO)
2026-09-26 08:42:26,369 [ERROR] $5236.TWO: No data found, symbol may be delisted
2026-09-26 08:42:26,370 [INFO] [5236 凌陽創新] 無資料或抓取失敗
2026-09-26 08:42:27,811 [INFO] 進度 1780/1925：上市 6806 森崴能源 (6806.TW)
2026-09-26 08:42:28,021 [ERROR] $6806.TW: No data found, symbol may be delisted
2026-09-26 08:42:28,021 [INFO] [6806 森崴能源] 無資料或抓取失敗
2026-09-26 08:42:29,438 [INFO] === 本次執行結束：新完成 0 檔，跳過已存在 1920 檔，失敗 5 檔（共 1925 檔）===
2026-09-26 12:18:13,178 [INFO] 本次執行時間預算：340 分鐘，時間到會安全中斷並保留進度。
2026-09-26 12:18:13,178 [INFO] === 台股全市場歷史資料爬蟲開始 (Yahoo Finance 版) ===
2026-09-26 12:18:13,178 [INFO] 抓取範圍：近 10 年 (yfinance period=10y)
2026-09-26 12:18:13,180 [INFO] 使用已快取的股票清單，共 1925 檔
2026-09-26 12:18:13,181 [INFO] 進度 158/1925：上櫃 3426 台興 (3426.TWO)
2026-09-26 12:18:13,969 [ERROR] HTTP Error 404: {"quoteSummary":{"result":null,"error":{"code":"Not Found","description":"Quote not found for symbol: 3426.TWO"}}}
2026-09-26 12:18:14,296 [ERROR] $3426.TWO: No data found, symbol may be delisted
2026-09-26 12:18:14,297 [INFO] [3426 台興] 無資料或抓取失敗
2026-09-26 12:18:16,110 [INFO] 進度 251/1925：上櫃 4130 健亞 (4130.TWO)
2026-09-26 12:18:16,515 [ERROR] HTTP Error 404: {"quoteSummary":{"result":null,"error":{"code":"Not Found","description":"Quote not found for symbol: 4130.TWO"}}}
2026-09-26 12:18:16,846 [ERROR] $4130.TWO: No data found, symbol may be delisted
2026-09-26 12:18:16,847 [INFO] [4130 健亞] 無資料或抓取失敗
2026-09-26 12:18:18,591 [INFO] 進度 365/1925：上櫃 4987 科誠 (4987.TWO)
2026-09-26 12:18:18,981 [ERROR] $4987.TWO: No data found, symbol may be delisted
2026-09-26 12:18:18,982 [INFO] [4987 科誠] 無資料或抓取失敗
2026-09-26 12:18:20,678 [INFO] 進度 388/1925：上櫃 5236 凌陽創新 (5236.TWO)
2026-09-26 12:18:21,062 [ERROR] $5236.TWO: No data found, symbol may be delisted
2026-09-26 12:18:21,062 [INFO] [5236 凌陽創新] 無資料或抓取失敗
2026-09-26 12:18:22,585 [INFO] 進度 1780/1925：上市 6806 森崴能源 (6806.TW)
2026-09-26 12:18:22,972 [ERROR] $6806.TW: No data found, symbol may be delisted
2026-09-26 12:18:22,972 [INFO] [6806 森崴能源] 無資料或抓取失敗
2026-09-26 12:18:24,690 [INFO] === 本次執行結束：新完成 0 檔，跳過已存在 1920 檔，失敗 5 檔（共 1925 檔）===
2026-09-26 18:17:09,738 [INFO] 本次執行時間預算：340 分鐘，時間到會安全中斷並保留進度。
2026-09-26 18:17:09,738 [INFO] === 台股全市場歷史資料爬蟲開始 (Yahoo Finance 版) ===
2026-09-26 18:17:09,738 [INFO] 抓取範圍：近 10 年 (yfinance period=10y)
2026-09-26 18:17:09,742 [INFO] 使用已快取的股票清單，共 1925 檔
2026-09-26 18:17:09,744 [INFO] 進度 158/1925：上櫃 3426 台興 (3426.TWO)
2026-09-26 18:17:10,590 [ERROR] HTTP Error 404: {"quoteSummary":{"result":null,"error":{"code":"Not Found","description":"Quote not found for symbol: 3426.TWO"}}}
2026-09-26 18:17:10,940 [ERROR] $3426.TWO: No data found, symbol may be delisted
2026-09-26 18:17:10,941 [INFO] [3426 台興] 無資料或抓取失敗
2026-09-26 18:17:12,146 [INFO] 進度 251/1925：上櫃 4130 健亞 (4130.TWO)
2026-09-26 18:17:12,625 [ERROR] HTTP Error 404: {"quoteSummary":{"result":null,"error":{"code":"Not Found","description":"Quote not found for symbol: 4130.TWO"}}}
2026-09-26 18:17:12,954 [ERROR] $4130.TWO: No data found, symbol may be delisted
2026-09-26 18:17:12,955 [INFO] [4130 健亞] 無資料或抓取失敗
2026-09-26 18:17:14,661 [INFO] 進度 365/1925：上櫃 4987 科誠 (4987.TWO)
2026-09-26 18:17:15,142 [ERROR] $4987.TWO: No data found, symbol may be delisted
2026-09-26 18:17:15,143 [INFO] [4987 科誠] 無資料或抓取失敗
2026-09-26 18:17:16,602 [INFO] 進度 388/1925：上櫃 5236 凌陽創新 (5236.TWO)
2026-09-26 18:17:17,069 [ERROR] $5236.TWO: No data found, symbol may be delisted
2026-09-26 18:17:17,070 [INFO] [5236 凌陽創新] 無資料或抓取失敗
2026-09-26 18:17:18,598 [INFO] 進度 1780/1925：上市 6806 森崴能源 (6806.TW)
2026-09-26 18:17:19,062 [ERROR] $6806.TW: No data found, symbol may be delisted
2026-09-26 18:17:19,063 [INFO] [6806 森崴能源] 無資料或抓取失敗
2026-09-26 18:17:20,626 [INFO] === 本次執行結束：新完成 0 檔，跳過已存在 1920 檔，失敗 5 檔（共 1925 檔）===
2026-09-27 00:22:41,616 [INFO] 本次執行時間預算：340 分鐘，時間到會安全中斷並保留進度。
2026-09-27 00:22:41,616 [INFO] === 台股全市場歷史資料爬蟲開始 (Yahoo Finance 版) ===
2026-09-27 00:22:41,616 [INFO] 抓取範圍：近 10 年 (yfinance period=10y)
2026-09-27 00:22:41,619 [INFO] 使用已快取的股票清單，共 1925 檔
2026-09-27 00:22:41,621 [INFO] 進度 158/1925：上櫃 3426 台興 (3426.TWO)
2026-09-27 00:22:42,032 [ERROR] HTTP Error 404: {"quoteSummary":{"result":null,"error":{"code":"Not Found","description":"Quote not found for symbol: 3426.TWO"}}}
2026-09-27 00:22:42,280 [ERROR] $3426.TWO: No data found, symbol may be delisted
2026-09-27 00:22:42,281 [INFO] [3426 台興] 無資料或抓取失敗
2026-09-27 00:22:43,518 [INFO] 進度 251/1925：上櫃 4130 健亞 (4130.TWO)
2026-09-27 00:22:43,806 [ERROR] HTTP Error 404: {"quoteSummary":{"result":null,"error":{"code":"Not Found","description":"Quote not found for symbol: 4130.TWO"}}}
2026-09-27 00:22:44,053 [ERROR] $4130.TWO: No data found, symbol may be delisted
2026-09-27 00:22:44,054 [INFO] [4130 健亞] 無資料或抓取失敗
2026-09-27 00:22:45,989 [INFO] 進度 365/1925：上櫃 4987 科誠 (4987.TWO)
2026-09-27 00:22:46,198 [ERROR] $4987.TWO: No data found, symbol may be delisted
2026-09-27 00:22:46,199 [INFO] [4987 科誠] 無資料或抓取失敗
2026-09-27 00:22:48,157 [INFO] 進度 388/1925：上櫃 5236 凌陽創新 (5236.TWO)
2026-09-27 00:22:48,361 [ERROR] $5236.TWO: No data found, symbol may be delisted
2026-09-27 00:22:48,362 [INFO] [5236 凌陽創新] 無資料或抓取失敗
2026-09-27 00:22:49,764 [INFO] 進度 1780/1925：上市 6806 森崴能源 (6806.TW)
2026-09-27 00:22:49,987 [ERROR] $6806.TW: No data found, symbol may be delisted
2026-09-27 00:22:49,988 [INFO] [6806 森崴能源] 無資料或抓取失敗
2026-09-27 00:22:51,483 [INFO] === 本次執行結束：新完成 0 檔，跳過已存在 1920 檔，失敗 5 檔（共 1925 檔）===
2026-09-27 06:19:44,511 [INFO] 本次執行時間預算：340 分鐘，時間到會安全中斷並保留進度。
2026-09-27 06:19:44,511 [INFO] === 台股全市場歷史資料爬蟲開始 (Yahoo Finance 版) ===
2026-09-27 06:19:44,511 [INFO] 抓取範圍：近 10 年 (yfinance period=10y)
2026-09-27 06:19:44,515 [INFO] 使用已快取的股票清單，共 1925 檔
2026-09-27 06:19:44,517 [INFO] 進度 158/1925：上櫃 3426 台興 (3426.TWO)
2026-09-27 06:19:44,869 [ERROR] HTTP Error 404: {"quoteSummary":{"result":null,"error":{"code":"Not Found","description":"Quote not found for symbol: 3426.TWO"}}}
2026-09-27 06:19:45,063 [ERROR] $3426.TWO: No data found, symbol may be delisted
2026-09-27 06:19:45,064 [INFO] [3426 台興] 無資料或抓取失敗
2026-09-27 06:19:46,627 [INFO] 進度 251/1925：上櫃 4130 健亞 (4130.TWO)
2026-09-27 06:19:46,861 [ERROR] HTTP Error 404: {"quoteSummary":{"result":null,"error":{"code":"Not Found","description":"Quote not found for symbol: 4130.TWO"}}}
2026-09-27 06:19:47,045 [ERROR] $4130.TWO: No data found, symbol may be delisted
2026-09-27 06:19:47,045 [INFO] [4130 健亞] 無資料或抓取失敗
2026-09-27 06:19:48,814 [INFO] 進度 365/1925：上櫃 4987 科誠 (4987.TWO)
2026-09-27 06:19:49,023 [ERROR] $4987.TWO: No data found, symbol may be delisted
2026-09-27 06:19:49,024 [INFO] [4987 科誠] 無資料或抓取失敗
2026-09-27 06:19:50,701 [INFO] 進度 388/1925：上櫃 5236 凌陽創新 (5236.TWO)
2026-09-27 06:19:50,921 [ERROR] $5236.TWO: No data found, symbol may be delisted
2026-09-27 06:19:50,922 [INFO] [5236 凌陽創新] 無資料或抓取失敗
2026-09-27 06:19:52,463 [INFO] 進度 1780/1925：上市 6806 森崴能源 (6806.TW)
2026-09-27 06:19:52,665 [ERROR] $6806.TW: No data found, symbol may be delisted
2026-09-27 06:19:52,666 [INFO] [6806 森崴能源] 無資料或抓取失敗
2026-09-27 06:19:54,258 [INFO] === 本次執行結束：新完成 0 檔，跳過已存在 1920 檔，失敗 5 檔（共 1925 檔）===
2026-09-27 12:14:05,259 [INFO] 首次執行，向 FinMind 取得股票清單（TaiwanStockInfo）...
2026-09-27 12:14:06,036 [INFO] 取得 3149 檔股票代碼
2026-09-27 12:14:06,039 [INFO] 進度：共 3149 檔，已完成 0，失敗略過 0，待抓 3149
2026-09-27 12:14:06,563 [INFO] [00400A] 已存 118 筆 → output/prices/00400A.csv
2026-09-27 12:14:20,036 [INFO] [00401A] 已存 117 筆 → output/prices/00401A.csv
2026-09-27 12:14:33,526 [INFO] [00402A] 已存 76 筆 → output/prices/00402A.csv
2026-09-27 12:14:46,962 [INFO] [00403A] 已存 96 筆 → output/prices/00403A.csv
2026-09-27 12:15:00,381 [INFO] [00404A] 已存 76 筆 → output/prices/00404A.csv
2026-09-27 12:15:13,851 [INFO] [00405A] 已存 76 筆 → output/prices/00405A.csv
2026-09-27 12:15:27,282 [INFO] [00406A] 已存 74 筆 → output/prices/00406A.csv
2026-09-27 12:15:40,710 [INFO] [00407A] 已存 66 筆 → output/prices/00407A.csv
2026-09-27 12:15:54,144 [INFO] [00408A] 已存 52 筆 → output/prices/00408A.csv
2026-09-27 12:16:07,632 [INFO] [00409A] 已存 17 筆 → output/prices/00409A.csv
2026-09-27 12:16:21,082 [INFO] [00410A] 已存 39 筆 → output/prices/00410A.csv
2026-09-27 12:16:34,609 [INFO] [00411A] 已存 22 筆 → output/prices/00411A.csv
2026-09-27 12:16:48,349 [INFO] [0050] 已存 2432 筆 → output/prices/0050.csv
2026-09-27 12:17:02,080 [INFO] [0051] 已存 2437 筆 → output/prices/0051.csv
2026-09-27 12:17:15,810 [INFO] [0052] 已存 2432 筆 → output/prices/0052.csv
2026-09-27 12:17:29,532 [INFO] [0053] 已存 2437 筆 → output/prices/0053.csv
2026-09-27 12:17:43,102 [INFO] [0054] 已存 1383 筆 → output/prices/0054.csv
2026-09-27 12:17:56,884 [INFO] [0055] 已存 2437 筆 → output/prices/0055.csv
2026-09-27 12:18:10,675 [INFO] [0056] 已存 2437 筆 → output/prices/0056.csv
2026-09-27 12:18:24,482 [INFO] [0057] 已存 2437 筆 → output/prices/0057.csv
2026-09-27 12:18:38,111 [INFO] [0058] 已存 788 筆 → output/prices/0058.csv
2026-09-27 12:18:51,918 [INFO] [0059] 已存 794 筆 → output/prices/0059.csv
2026-09-27 12:19:05,320 [INFO] [0060] 無資料，略過存檔
2026-09-27 12:19:19,079 [INFO] [0061] 已存 2437 筆 → output/prices/0061.csv
2026-09-27 12:19:32,820 [INFO] [006201] 已存 2437 筆 → output/prices/006201.csv
2026-09-27 12:19:46,547 [INFO] [006203] 已存 2437 筆 → output/prices/006203.csv
2026-09-27 12:20:00,270 [INFO] [006204] 已存 2437 筆 → output/prices/006204.csv
2026-09-27 12:20:14,059 [INFO] [006205] 已存 2437 筆 → output/prices/006205.csv
2026-09-27 12:20:27,785 [INFO] [006206] 已存 2437 筆 → output/prices/006206.csv
2026-09-27 12:20:41,561 [INFO] [006207] 已存 2437 筆 → output/prices/006207.csv
2026-09-27 12:20:55,398 [INFO] [006208] 已存 2437 筆 → output/prices/006208.csv
2026-09-27 12:21:08,997 [INFO] [00625K] 已存 2362 筆 → output/prices/00625K.csv
2026-09-27 12:21:22,949 [INFO] [00631L] 已存 2433 筆 → output/prices/00631L.csv
2026-09-27 12:21:36,719 [INFO] [00632R] 已存 2432 筆 → output/prices/00632R.csv
2026-09-27 12:21:50,497 [INFO] [00633L] 已存 2437 筆 → output/prices/00633L.csv
2026-09-27 12:22:04,273 [INFO] [00634R] 已存 2437 筆 → output/prices/00634R.csv
2026-09-27 12:22:18,073 [INFO] [00635U] 已存 2437 筆 → output/prices/00635U.csv
2026-09-27 12:22:31,801 [INFO] [00636] 已存 2437 筆 → output/prices/00636.csv
2026-09-27 12:22:45,423 [INFO] [00636K] 已存 2167 筆 → output/prices/00636K.csv
2026-09-27 12:22:59,155 [INFO] [00637L] 已存 2437 筆 → output/prices/00637L.csv
2026-09-27 12:23:12,897 [INFO] [00638R] 已存 2437 筆 → output/prices/00638R.csv
2026-09-27 12:23:26,647 [INFO] [00639] 已存 2437 筆 → output/prices/00639.csv
2026-09-27 12:23:40,373 [INFO] [00640L] 已存 2437 筆 → output/prices/00640L.csv
2026-09-27 12:23:54,211 [INFO] [00641R] 已存 2437 筆 → output/prices/00641R.csv
2026-09-27 12:24:07,957 [INFO] [00642U] 已存 2437 筆 → output/prices/00642U.csv
2026-09-27 12:24:21,725 [INFO] [00643] 已存 2437 筆 → output/prices/00643.csv
2026-09-27 12:24:35,327 [INFO] [00643K] 已存 2361 筆 → output/prices/00643K.csv
2026-09-27 12:24:49,102 [INFO] [00645] 已存 2437 筆 → output/prices/00645.csv
2026-09-27 12:25:02,834 [INFO] [00646] 已存 2437 筆 → output/prices/00646.csv
2026-09-27 12:25:16,726 [INFO] [00647L] 已存 2437 筆 → output/prices/00647L.csv
2026-09-27 12:25:30,469 [INFO] [00648R] 已存 2437 筆 → output/prices/00648R.csv
2026-09-27 12:25:44,037 [INFO] [00649] 已存 799 筆 → output/prices/00649.csv
2026-09-27 12:25:57,775 [INFO] [00650L] 已存 2437 筆 → output/prices/00650L.csv
2026-09-27 12:26:11,570 [INFO] [00651R] 已存 2437 筆 → output/prices/00651R.csv
2026-09-27 12:26:25,363 [INFO] [00652] 已存 2437 筆 → output/prices/00652.csv
2026-09-27 12:26:39,140 [INFO] [00653L] 已存 2437 筆 → output/prices/00653L.csv
2026-09-27 12:26:52,946 [INFO] [00654R] 已存 2437 筆 → output/prices/00654R.csv
2026-09-27 12:27:06,724 [INFO] [00655L] 已存 2437 筆 → output/prices/00655L.csv
2026-09-27 12:27:20,534 [INFO] [00656R] 已存 2437 筆 → output/prices/00656R.csv
2026-09-27 12:27:34,328 [INFO] [00657] 已存 2437 筆 → output/prices/00657.csv
2026-09-27 12:27:48,129 [INFO] [00657K] 已存 2171 筆 → output/prices/00657K.csv
2026-09-27 12:28:01,696 [INFO] [00658L] 已存 817 筆 → output/prices/00658L.csv
2026-09-27 12:28:15,348 [INFO] [00659R] 已存 817 筆 → output/prices/00659R.csv
2026-09-27 12:28:29,091 [INFO] [00660] 已存 2437 筆 → output/prices/00660.csv
2026-09-27 12:28:42,884 [INFO] [00661] 已存 2437 筆 → output/prices/00661.csv
2026-09-27 12:28:56,634 [INFO] [00662] 已存 2437 筆 → output/prices/00662.csv
2026-09-27 12:29:10,380 [INFO] [00663L] 已存 2432 筆 → output/prices/00663L.csv
2026-09-27 12:29:24,149 [INFO] [00664R] 已存 2437 筆 → output/prices/00664R.csv
2026-09-27 12:29:37,929 [INFO] [00665L] 已存 2437 筆 → output/prices/00665L.csv
2026-09-27 12:29:51,676 [INFO] [00666R] 已存 2437 筆 → output/prices/00666R.csv
2026-09-27 12:30:05,243 [INFO] [00667] 已存 544 筆 → output/prices/00667.csv
2026-09-27 12:30:19,053 [INFO] [00668] 已存 2426 筆 → output/prices/00668.csv
2026-09-27 12:30:32,817 [INFO] [00668K] 已存 2166 筆 → output/prices/00668K.csv
2026-09-27 12:30:46,561 [INFO] [00669R] 已存 2426 筆 → output/prices/00669R.csv
2026-09-27 12:31:00,345 [INFO] [00670L] 已存 2341 筆 → output/prices/00670L.csv
2026-09-27 12:31:14,092 [INFO] [00671R] 已存 2341 筆 → output/prices/00671R.csv
2026-09-27 12:31:27,757 [INFO] [00672L] 已存 1005 筆 → output/prices/00672L.csv
2026-09-27 12:31:41,494 [INFO] [00673R] 已存 2426 筆 → output/prices/00673R.csv
2026-09-27 12:31:55,285 [INFO] [00674R] 已存 2426 筆 → output/prices/00674R.csv
2026-09-27 12:32:09,053 [INFO] [00675L] 已存 2433 筆 → output/prices/00675L.csv
2026-09-27 12:32:22,786 [INFO] [00676R] 已存 2428 筆 → output/prices/00676R.csv
2026-09-27 12:32:36,444 [INFO] [00677U] 已存 1078 筆 → output/prices/00677U.csv
2026-09-27 12:32:50,167 [INFO] [00678] 已存 2362 筆 → output/prices/00678.csv
2026-09-27 12:33:03,899 [INFO] [00679B] 已存 2361 筆 → output/prices/00679B.csv
2026-09-27 12:33:17,676 [INFO] [00680L] 已存 2361 筆 → output/prices/00680L.csv
2026-09-27 12:33:31,403 [INFO] [00681R] 已存 2361 筆 → output/prices/00681R.csv
2026-09-27 12:33:45,154 [INFO] [00682U] 已存 2328 筆 → output/prices/00682U.csv
2026-09-27 12:33:58,889 [INFO] [00683L] 已存 2328 筆 → output/prices/00683L.csv
2026-09-27 12:34:12,607 [INFO] [00684R] 已存 2322 筆 → output/prices/00684R.csv
2026-09-27 12:34:26,373 [INFO] [00685L] 已存 2312 筆 → output/prices/00685L.csv
2026-09-27 12:34:40,094 [INFO] [00686R] 已存 2316 筆 → output/prices/00686R.csv
2026-09-27 12:34:53,840 [INFO] [00687B] 已存 2308 筆 → output/prices/00687B.csv
2026-09-27 12:35:07,302 [INFO] [00687C] 已存 414 筆 → output/prices/00687C.csv
2026-09-27 12:35:21,047 [INFO] [00688L] 已存 2308 筆 → output/prices/00688L.csv
2026-09-27 12:35:34,898 [INFO] [00689R] 已存 2307 筆 → output/prices/00689R.csv
2026-09-27 12:35:48,664 [INFO] [00690] 已存 2315 筆 → output/prices/00690.csv
2026-09-27 12:36:02,234 [INFO] [00691R] 已存 896 筆 → output/prices/00691R.csv
2026-09-27 12:36:16,004 [INFO] [00692] 已存 2285 筆 → output/prices/00692.csv
2026-09-27 12:36:29,756 [INFO] [00693U] 已存 2300 筆 → output/prices/00693U.csv
2026-09-27 12:36:43,504 [INFO] [00694B] 已存 2270 筆 → output/prices/00694B.csv
2026-09-27 12:36:57,234 [INFO] [00695B] 已存 2270 筆 → output/prices/00695B.csv
2026-09-27 12:37:10,963 [INFO] [00696B] 已存 2270 筆 → output/prices/00696B.csv
2026-09-27 12:37:24,701 [INFO] [00697B] 已存 2259 筆 → output/prices/00697B.csv
2026-09-27 12:37:38,117 [INFO] [00698L] 已存 272 筆 → output/prices/00698L.csv
2026-09-27 12:37:51,566 [INFO] [00699R] 已存 278 筆 → output/prices/00699R.csv
2026-09-27 12:38:05,302 [INFO] [00700] 已存 2234 筆 → output/prices/00700.csv
2026-09-27 12:38:19,018 [INFO] [00701] 已存 2220 筆 → output/prices/00701.csv
2026-09-27 12:38:32,764 [INFO] [00702] 已存 2220 筆 → output/prices/00702.csv
2026-09-27 12:38:46,510 [INFO] [00703] 已存 2225 筆 → output/prices/00703.csv
2026-09-27 12:38:59,939 [INFO] [00704L] 已存 325 筆 → output/prices/00704L.csv
2026-09-27 12:39:13,392 [INFO] [00705R] 已存 322 筆 → output/prices/00705R.csv
2026-09-27 12:39:27,140 [INFO] [00706L] 已存 2204 筆 → output/prices/00706L.csv
2026-09-27 12:39:40,751 [INFO] [00707R] 已存 2202 筆 → output/prices/00707R.csv
2026-09-27 12:39:54,522 [INFO] [00708L] 已存 2209 筆 → output/prices/00708L.csv
2026-09-27 12:40:08,289 [INFO] [00709] 已存 2222 筆 → output/prices/00709.csv
2026-09-27 12:40:22,278 [INFO] [00710B] 已存 2218 筆 → output/prices/00710B.csv
2026-09-27 12:40:36,000 [INFO] [00711B] 已存 2218 筆 → output/prices/00711B.csv
2026-09-27 12:40:49,745 [INFO] [00712] 已存 2218 筆 → output/prices/00712.csv
2026-09-27 12:41:03,466 [INFO] [00713] 已存 2191 筆 → output/prices/00713.csv
2026-09-27 12:41:17,185 [INFO] [00714] 已存 2171 筆 → output/prices/00714.csv
2026-09-27 12:41:30,911 [INFO] [00715L] 已存 2152 筆 → output/prices/00715L.csv
2026-09-27 12:41:44,334 [INFO] [00716R] 已存 422 筆 → output/prices/00716R.csv
2026-09-27 12:41:58,066 [INFO] [00717] 已存 2148 筆 → output/prices/00717.csv
2026-09-27 12:42:11,770 [INFO] [00718B] 已存 1785 筆 → output/prices/00718B.csv
2026-09-27 12:42:25,511 [INFO] [00719B] 已存 2103 筆 → output/prices/00719B.csv
2026-09-27 12:42:39,250 [INFO] [00720B] 已存 2103 筆 → output/prices/00720B.csv
2026-09-27 12:42:52,974 [INFO] [00721B] 已存 1627 筆 → output/prices/00721B.csv
2026-09-27 12:43:06,728 [INFO] [00722B] 已存 2136 筆 → output/prices/00722B.csv
2026-09-27 12:43:20,467 [INFO] [00723B] 已存 2136 筆 → output/prices/00723B.csv
2026-09-27 12:43:34,209 [INFO] [00724B] 已存 2136 筆 → output/prices/00724B.csv
2026-09-27 12:43:47,927 [INFO] [00725B] 已存 2099 筆 → output/prices/00725B.csv
2026-09-27 12:44:01,648 [INFO] [00726B] 已存 2099 筆 → output/prices/00726B.csv
2026-09-27 12:44:15,447 [INFO] [00727B] 已存 2099 筆 → output/prices/00727B.csv
2026-09-27 12:44:29,223 [INFO] [00728] 已存 2058 筆 → output/prices/00728.csv
2026-09-27 12:44:42,709 [INFO] [00729R] 已存 291 筆 → output/prices/00729R.csv
2026-09-27 12:44:56,439 [INFO] [00730] 已存 2098 筆 → output/prices/00730.csv
2026-09-27 12:45:10,169 [INFO] [00731] 已存 2056 筆 → output/prices/00731.csv
2026-09-27 12:45:23,802 [INFO] [00732] 已存 1198 筆 → output/prices/00732.csv
2026-09-27 12:45:37,703 [INFO] [00733] 已存 2038 筆 → output/prices/00733.csv
2026-09-27 12:45:51,421 [INFO] [00734B] 已存 2033 筆 → output/prices/00734B.csv
2026-09-27 12:46:05,218 [INFO] [00735] 已存 2021 筆 → output/prices/00735.csv
2026-09-27 12:46:18,941 [INFO] [00736] 已存 2021 筆 → output/prices/00736.csv
2026-09-27 12:46:32,699 [INFO] [00737] 已存 2021 筆 → output/prices/00737.csv
2026-09-27 12:46:46,490 [INFO] [00738U] 已存 2027 筆 → output/prices/00738U.csv
2026-09-27 12:47:00,920 [INFO] [00739] 已存 2010 筆 → output/prices/00739.csv
2026-09-27 12:47:14,642 [INFO] [00740B] 已存 2022 筆 → output/prices/00740B.csv
2026-09-27 12:47:28,405 [INFO] [00741B] 已存 2022 筆 → output/prices/00741B.csv
2026-09-27 12:47:41,966 [INFO] [00742] 已存 953 筆 → output/prices/00742.csv
2026-09-27 12:47:55,540 [INFO] [00743] 已存 1016 筆 → output/prices/00743.csv
2026-09-27 12:48:09,158 [INFO] [00744B] 已存 1291 筆 → output/prices/00744B.csv
2026-09-27 12:48:22,813 [INFO] [00745B] 已存 1058 筆 → output/prices/00745B.csv
2026-09-27 12:48:37,372 [INFO] [00746B] 已存 1975 筆 → output/prices/00746B.csv
2026-09-27 12:48:50,952 [INFO] [00747B] 已存 1055 筆 → output/prices/00747B.csv
2026-09-27 12:49:04,572 [INFO] [00748B] 已存 1074 筆 → output/prices/00748B.csv
2026-09-27 12:49:18,284 [INFO] [00749B] 已存 1949 筆 → output/prices/00749B.csv
2026-09-27 12:49:32,018 [INFO] [00750B] 已存 1949 筆 → output/prices/00750B.csv
2026-09-27 12:49:45,824 [INFO] [00751B] 已存 1941 筆 → output/prices/00751B.csv
2026-09-27 12:49:59,542 [INFO] [00752] 已存 1922 筆 → output/prices/00752.csv
2026-09-27 12:50:13,264 [INFO] [00753L] 已存 1922 筆 → output/prices/00753L.csv
2026-09-27 12:50:26,983 [INFO] [00754B] 已存 1929 筆 → output/prices/00754B.csv
2026-09-27 12:50:40,702 [INFO] [00755B] 已存 1929 筆 → output/prices/00755B.csv
2026-09-27 12:50:54,483 [INFO] [00756B] 已存 1929 筆 → output/prices/00756B.csv
2026-09-27 12:51:08,261 [INFO] [00757] 已存 1896 筆 → output/prices/00757.csv
2026-09-27 12:51:21,933 [INFO] [00758B] 已存 1912 筆 → output/prices/00758B.csv
2026-09-27 12:51:35,584 [INFO] [00759B] 已存 1912 筆 → output/prices/00759B.csv
2026-09-27 12:51:49,289 [INFO] [00760B] 已存 1912 筆 → output/prices/00760B.csv
2026-09-27 12:52:02,994 [INFO] [00761B] 已存 1900 筆 → output/prices/00761B.csv
2026-09-27 12:52:16,776 [INFO] [00762] 已存 1863 筆 → output/prices/00762.csv
2026-09-27 12:52:30,494 [INFO] [00763U] 已存 1887 筆 → output/prices/00763U.csv
2026-09-27 12:52:44,228 [INFO] [00764B] 已存 1883 筆 → output/prices/00764B.csv
2026-09-27 12:52:57,803 [INFO] [00765B] 已存 1073 筆 → output/prices/00765B.csv
2026-09-27 12:53:11,463 [INFO] [00766L] 已存 443 筆 → output/prices/00766L.csv
2026-09-27 12:53:24,884 [INFO] [00767] 已存 301 筆 → output/prices/00767.csv
2026-09-27 12:53:38,651 [INFO] [00768B] 已存 1860 筆 → output/prices/00768B.csv
2026-09-27 12:53:52,382 [INFO] [00770] 已存 1859 筆 → output/prices/00770.csv
2026-09-27 12:54:06,093 [INFO] [00771] 已存 1794 筆 → output/prices/00771.csv
2026-09-27 12:54:19,825 [INFO] [00772B] 已存 1859 筆 → output/prices/00772B.csv
2026-09-27 12:54:33,648 [INFO] [00773B] 已存 1859 筆 → output/prices/00773B.csv
2026-09-27 12:54:47,209 [INFO] [00774B] 已存 967 筆 → output/prices/00774B.csv
2026-09-27 12:55:00,669 [INFO] [00774C] 已存 795 筆 → output/prices/00774C.csv
2026-09-27 12:55:14,400 [INFO] [00775B] 已存 1853 筆 → output/prices/00775B.csv
2026-09-27 12:55:27,852 [INFO] [00776] 已存 362 筆 → output/prices/00776.csv
2026-09-27 12:55:41,582 [INFO] [00777B] 已存 1854 筆 → output/prices/00777B.csv
2026-09-27 12:55:55,290 [INFO] [00778B] 已存 1854 筆 → output/prices/00778B.csv
2026-09-27 12:56:09,009 [INFO] [00779B] 已存 1854 筆 → output/prices/00779B.csv
2026-09-27 12:56:22,737 [INFO] [00780B] 已存 1841 筆 → output/prices/00780B.csv
2026-09-27 12:56:36,460 [INFO] [00781B] 已存 1841 筆 → output/prices/00781B.csv
2026-09-27 12:56:50,196 [INFO] [00782B] 已存 1841 筆 → output/prices/00782B.csv
2026-09-27 12:57:03,924 [INFO] [00783] 已存 1827 筆 → output/prices/00783.csv
2026-09-27 12:57:17,507 [INFO] [00784B] 已存 1476 筆 → output/prices/00784B.csv
2026-09-27 12:57:31,257 [INFO] [00785B] 已存 1827 筆 → output/prices/00785B.csv
2026-09-27 12:57:44,982 [INFO] [00786B] 已存 1823 筆 → output/prices/00786B.csv
2026-09-27 12:57:59,108 [INFO] [00787B] 已存 1823 筆 → output/prices/00787B.csv
2026-09-27 12:58:12,844 [INFO] [00788B] 已存 1823 筆 → output/prices/00788B.csv
2026-09-27 12:58:27,874 [INFO] [00789B] 已存 1832 筆 → output/prices/00789B.csv
2026-09-27 12:58:41,454 [INFO] [00790B] 已存 1476 筆 → output/prices/00790B.csv
2026-09-27 12:58:55,123 [INFO] [00791B] 已存 1832 筆 → output/prices/00791B.csv
2026-09-27 12:59:08,880 [INFO] [00792B] 已存 1822 筆 → output/prices/00792B.csv
2026-09-27 12:59:22,601 [INFO] [00793B] 已存 1817 筆 → output/prices/00793B.csv
2026-09-27 12:59:36,208 [INFO] [00794B] 已存 1539 筆 → output/prices/00794B.csv
2026-09-27 12:59:49,999 [INFO] [00795B] 已存 1818 筆 → output/prices/00795B.csv
2026-09-27 13:00:03,879 [INFO] [00796B] 已存 814 筆 → output/prices/00796B.csv
2026-09-27 13:00:17,318 [INFO] [00798B] 已存 292 筆 → output/prices/00798B.csv
2026-09-27 13:00:31,238 [INFO] [00799B] 已存 1803 筆 → output/prices/00799B.csv
2026-09-27 13:00:44,774 [INFO] [0080] 無資料，略過存檔
2026-09-27 13:00:58,645 [INFO] [0081] 無資料，略過存檔
2026-09-27 13:01:12,292 [INFO] [008201] 已存 1435 筆 → output/prices/008201.csv
2026-09-27 13:01:26,836 [INFO] [00830] 已存 1803 筆 → output/prices/00830.csv
2026-09-27 13:01:41,222 [INFO] [00831B] 已存 1275 筆 → output/prices/00831B.csv
2026-09-27 13:01:54,770 [INFO] [00832B] 已存 583 筆 → output/prices/00832B.csv
2026-09-27 13:02:08,882 [INFO] [00833B] 已存 385 筆 → output/prices/00833B.csv
2026-09-27 13:02:22,756 [INFO] [00834B] 已存 1799 筆 → output/prices/00834B.csv
2026-09-27 13:02:36,293 [INFO] [00835B] 已存 275 筆 → output/prices/00835B.csv
2026-09-27 13:02:50,614 [INFO] [00836B] 已存 1790 筆 → output/prices/00836B.csv
2026-09-27 13:03:04,260 [INFO] [00837B] 已存 269 筆 → output/prices/00837B.csv
2026-09-27 13:03:17,933 [INFO] [00838B] 已存 723 筆 → output/prices/00838B.csv
2026-09-27 13:03:32,311 [INFO] [00839B] 已存 526 筆 → output/prices/00839B.csv
2026-09-27 13:03:46,250 [INFO] [00840B] 已存 1778 筆 → output/prices/00840B.csv
2026-09-27 13:04:00,760 [INFO] [00841B] 已存 1778 筆 → output/prices/00841B.csv
2026-09-27 13:04:14,752 [INFO] [00842B] 已存 1774 筆 → output/prices/00842B.csv
2026-09-27 13:04:29,001 [INFO] [00843B] 已存 732 筆 → output/prices/00843B.csv
2026-09-27 13:04:42,991 [INFO] [00844B] 已存 1750 筆 → output/prices/00844B.csv
2026-09-27 13:04:56,714 [INFO] [00845B] 已存 1752 筆 → output/prices/00845B.csv
2026-09-27 13:05:10,458 [INFO] [00846B] 已存 1752 筆 → output/prices/00846B.csv
2026-09-27 13:05:24,184 [INFO] [00847B] 已存 1742 筆 → output/prices/00847B.csv
2026-09-27 13:05:39,528 [INFO] [00848B] 已存 1742 筆 → output/prices/00848B.csv
2026-09-27 13:05:53,733 [INFO] [00849B] 已存 1742 筆 → output/prices/00849B.csv
2026-09-27 13:06:07,444 [INFO] [00850] 已存 1725 筆 → output/prices/00850.csv
2026-09-27 13:06:22,564 [INFO] [00851] 已存 1734 筆 → output/prices/00851.csv
2026-09-27 13:06:36,290 [INFO] [00852L] 已存 1726 筆 → output/prices/00852L.csv
2026-09-27 13:06:52,235 [INFO] [00853B] 已存 1717 筆 → output/prices/00853B.csv
2026-09-27 13:07:05,675 [INFO] [00854B] 已存 272 筆 → output/prices/00854B.csv
2026-09-27 13:07:19,115 [INFO] [00855B] 已存 272 筆 → output/prices/00855B.csv
2026-09-27 13:07:33,222 [INFO] [00856B] 已存 1700 筆 → output/prices/00856B.csv
2026-09-27 13:07:46,922 [INFO] [00857B] 已存 1700 筆 → output/prices/00857B.csv
2026-09-27 13:08:00,707 [INFO] [00858] 已存 1700 筆 → output/prices/00858.csv
2026-09-27 13:08:14,369 [INFO] [00859B] 已存 1689 筆 → output/prices/00859B.csv
2026-09-27 13:08:27,994 [INFO] [00860B] 已存 1689 筆 → output/prices/00860B.csv
2026-09-27 13:08:41,703 [INFO] [00861] 已存 1667 筆 → output/prices/00861.csv
2026-09-27 13:08:55,453 [INFO] [00862B] 已存 1689 筆 → output/prices/00862B.csv
2026-09-27 13:09:09,162 [INFO] [00863B] 已存 1689 筆 → output/prices/00863B.csv
2026-09-27 13:09:22,918 [INFO] [00864B] 已存 1689 筆 → output/prices/00864B.csv
2026-09-27 13:09:36,680 [INFO] [00865B] 已存 1663 筆 → output/prices/00865B.csv
2026-09-27 13:09:50,134 [INFO] [00866] 已存 280 筆 → output/prices/00866.csv
2026-09-27 13:10:04,830 [INFO] [00867B] 已存 1669 筆 → output/prices/00867B.csv
2026-09-27 13:10:18,249 [INFO] [00868B] 已存 339 筆 → output/prices/00868B.csv
2026-09-27 13:10:31,678 [INFO] [00869B] 已存 407 筆 → output/prices/00869B.csv
2026-09-27 13:10:45,256 [INFO] [00870B] 已存 1631 筆 → output/prices/00870B.csv
2026-09-27 13:10:58,681 [INFO] [00871B] 已存 254 筆 → output/prices/00871B.csv
2026-09-27 13:11:12,104 [INFO] [00872B] 已存 423 筆 → output/prices/00872B.csv
2026-09-27 13:11:25,547 [INFO] [00873B] 已存 268 筆 → output/prices/00873B.csv
2026-09-27 13:11:39,579 [INFO] [00874B] 已存 268 筆 → output/prices/00874B.csv
2026-09-27 13:11:53,441 [INFO] [00875] 已存 1582 筆 → output/prices/00875.csv
2026-09-27 13:12:07,192 [INFO] [00876] 已存 1516 筆 → output/prices/00876.csv
2026-09-27 13:12:20,898 [INFO] [00877] 已存 1505 筆 → output/prices/00877.csv
2026-09-27 13:12:34,611 [INFO] [00878] 已存 1507 筆 → output/prices/00878.csv
2026-09-27 13:12:48,043 [INFO] [00879B] 已存 278 筆 → output/prices/00879B.csv
2026-09-27 13:13:01,507 [INFO] [00880B] 已存 278 筆 → output/prices/00880B.csv
2026-09-27 13:13:15,254 [INFO] [00881] 已存 1407 筆 → output/prices/00881.csv
2026-09-27 13:13:29,009 [INFO] [00882] 已存 1368 筆 → output/prices/00882.csv
2026-09-27 13:13:42,582 [INFO] [00883B] 已存 1269 筆 → output/prices/00883B.csv
2026-09-27 13:13:56,833 [INFO] [00884B] 已存 1368 筆 → output/prices/00884B.csv
2026-09-27 13:14:10,534 [INFO] [00885] 已存 1326 筆 → output/prices/00885.csv
2026-09-27 13:14:24,365 [INFO] [00886] 已存 1337 筆 → output/prices/00886.csv
2026-09-27 13:14:38,056 [INFO] [00887] 已存 1337 筆 → output/prices/00887.csv
2026-09-27 13:14:51,810 [INFO] [00888] 已存 1337 筆 → output/prices/00888.csv
2026-09-27 13:15:05,229 [INFO] [00889B] 已存 275 筆 → output/prices/00889B.csv
2026-09-27 13:15:18,835 [INFO] [00890B] 已存 1312 筆 → output/prices/00890B.csv
2026-09-27 13:15:32,579 [INFO] [00891] 已存 1298 筆 → output/prices/00891.csv
2026-09-27 13:15:46,306 [INFO] [00892] 已存 1289 筆 → output/prices/00892.csv
2026-09-27 13:16:00,073 [INFO] [00893] 已存 1275 筆 → output/prices/00893.csv
2026-09-27 13:16:13,767 [INFO] [00894] 已存 1244 筆 → output/prices/00894.csv
2026-09-27 13:16:27,556 [INFO] [00895] 已存 1245 筆 → output/prices/00895.csv
2026-09-27 13:16:41,163 [INFO] [00896] 已存 1220 筆 → output/prices/00896.csv
2026-09-27 13:16:54,855 [INFO] [00897] 已存 1210 筆 → output/prices/00897.csv
2026-09-27 13:17:08,488 [INFO] [00898] 已存 1176 筆 → output/prices/00898.csv
2026-09-27 13:17:22,123 [INFO] [00899] 已存 1133 筆 → output/prices/00899.csv
2026-09-27 13:17:35,781 [INFO] [00900] 已存 1154 筆 → output/prices/00900.csv
2026-09-27 13:17:49,353 [INFO] [00901] 已存 1159 筆 → output/prices/00901.csv
2026-09-27 13:18:02,927 [INFO] [00902] 已存 1131 筆 → output/prices/00902.csv
2026-09-27 13:18:16,536 [INFO] [00903] 已存 1132 筆 → output/prices/00903.csv
2026-09-27 13:18:30,097 [INFO] [00904] 已存 1110 筆 → output/prices/00904.csv
2026-09-27 13:18:43,665 [INFO] [00905] 已存 1079 筆 → output/prices/00905.csv
2026-09-27 13:18:57,133 [INFO] [00906] 已存 276 筆 → output/prices/00906.csv
2026-09-27 13:19:10,772 [INFO] [00907] 已存 1057 筆 → output/prices/00907.csv
2026-09-27 13:19:24,340 [INFO] [00908] 已存 1059 筆 → output/prices/00908.csv
2026-09-27 13:19:37,953 [INFO] [00909] 已存 1022 筆 → output/prices/00909.csv
2026-09-27 13:19:51,582 [INFO] [00910] 已存 1017 筆 → output/prices/00910.csv
2026-09-27 13:20:05,218 [INFO] [00911] 已存 1034 筆 → output/prices/00911.csv
2026-09-27 13:20:18,782 [INFO] [00912] 已存 1032 筆 → output/prices/00912.csv
2026-09-27 13:20:33,174 [INFO] [00913] 已存 1004 筆 → output/prices/00913.csv
2026-09-27 13:20:46,753 [INFO] [00915] 已存 1003 筆 → output/prices/00915.csv
2026-09-27 13:21:00,349 [INFO] [00916] 已存 970 筆 → output/prices/00916.csv
2026-09-27 13:21:13,992 [INFO] [00917] 已存 990 筆 → output/prices/00917.csv
2026-09-27 13:21:27,617 [INFO] [00918] 已存 928 筆 → output/prices/00918.csv
2026-09-27 13:21:41,268 [INFO] [00919] 已存 953 筆 → output/prices/00919.csv
2026-09-27 13:21:54,838 [INFO] [00920] 已存 953 筆 → output/prices/00920.csv
2026-09-27 13:22:08,435 [INFO] [00921] 已存 893 筆 → output/prices/00921.csv
2026-09-27 13:22:22,042 [INFO] [00922] 已存 852 筆 → output/prices/00922.csv
2026-09-27 13:22:35,604 [INFO] [00923] 已存 865 筆 → output/prices/00923.csv
2026-09-27 13:22:49,184 [INFO] [00924] 已存 833 筆 → output/prices/00924.csv
2026-09-27 13:23:02,771 [INFO] [00925] 已存 517 筆 → output/prices/00925.csv
2026-09-27 13:23:16,342 [INFO] [00926] 已存 807 筆 → output/prices/00926.csv
2026-09-27 13:23:29,905 [INFO] [00927] 已存 805 筆 → output/prices/00927.csv
2026-09-27 13:23:43,480 [INFO] [00928] 已存 814 筆 → output/prices/00928.csv
2026-09-27 13:23:57,042 [INFO] [00929] 已存 802 筆 → output/prices/00929.csv
2026-09-27 13:24:10,608 [INFO] [00930] 已存 780 筆 → output/prices/00930.csv
2026-09-27 13:24:25,037 [INFO] [00931B] 已存 764 筆 → output/prices/00931B.csv
2026-09-27 13:24:38,687 [INFO] [00932] 已存 745 筆 → output/prices/00932.csv
2026-09-27 13:24:52,361 [INFO] [00933B] 已存 714 筆 → output/prices/00933B.csv
2026-09-27 13:25:05,952 [INFO] [00934] 已存 705 筆 → output/prices/00934.csv
2026-09-27 13:25:19,516 [INFO] [00935] 已存 705 筆 → output/prices/00935.csv
2026-09-27 13:25:33,069 [INFO] [00936] 已存 700 筆 → output/prices/00936.csv
2026-09-27 13:25:46,637 [INFO] [00937B] 已存 681 筆 → output/prices/00937B.csv
2026-09-27 13:26:00,184 [INFO] [00938] 已存 469 筆 → output/prices/00938.csv
2026-09-27 13:26:13,740 [INFO] [00939] 已存 614 筆 → output/prices/00939.csv
2026-09-27 13:26:27,306 [INFO] [00940] 已存 606 筆 → output/prices/00940.csv
2026-09-27 13:26:42,102 [INFO] [00941] 已存 617 筆 → output/prices/00941.csv
2026-09-27 13:26:55,750 [INFO] [00942B] 已存 595 筆 → output/prices/00942B.csv
2026-09-27 13:27:09,305 [INFO] [00943] 已存 574 筆 → output/prices/00943.csv
2026-09-27 13:27:23,300 [INFO] [00944] 已存 581 筆 → output/prices/00944.csv
2026-09-27 13:27:36,870 [INFO] [00945B] 已存 586 筆 → output/prices/00945B.csv
2026-09-27 13:27:50,462 [INFO] [00946] 已存 581 筆 → output/prices/00946.csv
2026-09-27 13:28:04,053 [INFO] [00947] 已存 558 筆 → output/prices/00947.csv
2026-09-27 13:28:17,641 [INFO] [00948B] 已存 558 筆 → output/prices/00948B.csv
2026-09-27 13:28:31,281 [INFO] [00949] 已存 545 筆 → output/prices/00949.csv
2026-09-27 13:28:44,895 [INFO] [00950B] 已存 539 筆 → output/prices/00950B.csv
2026-09-27 13:28:58,542 [INFO] [00951] 已存 528 筆 → output/prices/00951.csv
2026-09-27 13:29:12,095 [INFO] [00952] 已存 499 筆 → output/prices/00952.csv
2026-09-27 13:29:26,206 [INFO] [00953B] 已存 510 筆 → output/prices/00953B.csv
2026-09-27 13:29:39,763 [INFO] [00954] 已存 511 筆 → output/prices/00954.csv
2026-09-27 13:29:53,325 [INFO] [00955] 已存 511 筆 → output/prices/00955.csv
2026-09-27 13:30:06,945 [INFO] [00956] 已存 511 筆 → output/prices/00956.csv
2026-09-27 13:30:20,521 [INFO] [00957B] 已存 496 筆 → output/prices/00957B.csv
2026-09-27 13:30:34,069 [INFO] [00958B] 已存 491 筆 → output/prices/00958B.csv
2026-09-27 13:30:47,674 [INFO] [00959B] 已存 505 筆 → output/prices/00959B.csv
2026-09-27 13:31:01,291 [INFO] [00960] 已存 489 筆 → output/prices/00960.csv
2026-09-27 13:31:18,588 [INFO] [00961] 已存 475 筆 → output/prices/00961.csv
2026-09-27 13:31:32,734 [INFO] [00962] 已存 438 筆 → output/prices/00962.csv
2026-09-27 13:31:46,800 [INFO] [00963] 已存 454 筆 → output/prices/00963.csv
2026-09-27 13:32:00,370 [INFO] [00964] 已存 454 筆 → output/prices/00964.csv
2026-09-27 13:32:13,935 [INFO] [00965] 已存 446 筆 → output/prices/00965.csv
2026-09-27 13:32:27,490 [INFO] [00966B] 已存 432 筆 → output/prices/00966B.csv
2026-09-27 13:32:41,077 [INFO] [00967B] 已存 437 筆 → output/prices/00967B.csv
2026-09-27 13:32:54,670 [INFO] [00968B] 已存 437 筆 → output/prices/00968B.csv
2026-09-27 13:33:08,236 [INFO] [00969B] 已存 437 筆 → output/prices/00969B.csv
2026-09-27 13:33:21,784 [INFO] [00970B] 已存 431 筆 → output/prices/00970B.csv
2026-09-27 13:33:35,347 [INFO] [00971] 已存 415 筆 → output/prices/00971.csv
2026-09-27 13:33:48,908 [INFO] [00972] 已存 415 筆 → output/prices/00972.csv
2026-09-27 13:34:02,458 [INFO] [009800] 已存 399 筆 → output/prices/009800.csv
2026-09-27 13:34:16,016 [INFO] [009801] 已存 399 筆 → output/prices/009801.csv
2026-09-27 13:34:29,559 [INFO] [009802] 已存 374 筆 → output/prices/009802.csv
2026-09-27 13:34:43,167 [INFO] [009803] 已存 378 筆 → output/prices/009803.csv
2026-09-27 13:34:56,591 [INFO] [009804] 已存 356 筆 → output/prices/009804.csv
2026-09-27 13:35:10,051 [INFO] [009805] 已存 338 筆 → output/prices/009805.csv
2026-09-27 13:35:23,511 [INFO] [009806] 已存 327 筆 → output/prices/009806.csv
2026-09-27 13:35:37,111 [INFO] [009807] 已存 327 筆 → output/prices/009807.csv
2026-09-27 13:35:50,553 [INFO] [009808] 已存 335 筆 → output/prices/009808.csv
2026-09-27 13:36:04,026 [INFO] [009809] 已存 232 筆 → output/prices/009809.csv
2026-09-27 13:36:17,475 [INFO] [00980A] 已存 344 筆 → output/prices/00980A.csv
2026-09-27 13:36:30,947 [INFO] [00980B] 已存 406 筆 → output/prices/00980B.csv
2026-09-27 13:36:44,450 [INFO] [00980D] 已存 280 筆 → output/prices/00980D.csv
2026-09-27 13:36:58,170 [INFO] [00980T] 已存 271 筆 → output/prices/00980T.csv
2026-09-27 13:37:12,652 [INFO] [009810] 已存 293 筆 → output/prices/009810.csv
2026-09-27 13:37:26,104 [INFO] [009811] 已存 284 筆 → output/prices/009811.csv
2026-09-27 13:37:39,560 [INFO] [009812] 已存 247 筆 → output/prices/009812.csv
2026-09-27 13:37:52,997 [INFO] [009813] 已存 228 筆 → output/prices/009813.csv
2026-09-27 13:38:06,419 [INFO] [009814] 已存 185 筆 → output/prices/009814.csv
2026-09-27 13:38:19,866 [INFO] [009815] 已存 161 筆 → output/prices/009815.csv
2026-09-27 13:38:33,297 [INFO] [009816] 已存 155 筆 → output/prices/009816.csv
2026-09-27 13:38:46,727 [INFO] [009817] 已存 152 筆 → output/prices/009817.csv
2026-09-27 13:39:00,163 [INFO] [009818] 已存 129 筆 → output/prices/009818.csv
2026-09-27 13:39:13,578 [INFO] [009819] 已存 108 筆 → output/prices/009819.csv
2026-09-27 13:39:27,120 [INFO] [00981A] 已存 328 筆 → output/prices/00981A.csv
2026-09-27 13:39:40,557 [INFO] [00981B] 已存 381 筆 → output/prices/00981B.csv
2026-09-27 13:39:54,007 [INFO] [00981D] 已存 249 筆 → output/prices/00981D.csv
2026-09-27 13:40:07,500 [INFO] [00981T] 已存 243 筆 → output/prices/00981T.csv
2026-09-27 13:40:20,977 [INFO] [009820] 已存 108 筆 → output/prices/009820.csv
2026-09-27 13:40:34,437 [INFO] [009821] 已存 70 筆 → output/prices/009821.csv
2026-09-27 13:40:47,932 [INFO] [009822] 已存 80 筆 → output/prices/009822.csv
2026-09-27 13:41:01,400 [INFO] [009823] 已存 65 筆 → output/prices/009823.csv
2026-09-27 13:41:14,827 [INFO] [009824] 已存 65 筆 → output/prices/009824.csv
2026-09-27 13:41:28,238 [INFO] [009825] 已存 50 筆 → output/prices/009825.csv
2026-09-27 13:41:41,651 [INFO] [009826] 已存 39 筆 → output/prices/009826.csv
2026-09-27 13:41:55,061 [INFO] [009827] 已存 17 筆 → output/prices/009827.csv
2026-09-27 13:42:08,473 [INFO] [009828] 已存 17 筆 → output/prices/009828.csv
2026-09-27 13:42:21,943 [INFO] [009829] 已存 25 筆 → output/prices/009829.csv
2026-09-27 13:42:35,370 [INFO] [00982A] 已存 331 筆 → output/prices/00982A.csv
2026-09-27 13:42:48,791 [INFO] [00982B] 已存 348 筆 → output/prices/00982B.csv
2026-09-27 13:43:02,213 [INFO] [00982D] 已存 232 筆 → output/prices/00982D.csv
2026-09-27 13:43:15,630 [INFO] [00982T] 已存 181 筆 → output/prices/00982T.csv
2026-09-27 13:43:29,105 [INFO] [00983A] 已存 313 筆 → output/prices/00983A.csv
2026-09-27 13:43:42,527 [INFO] [00983B] 已存 338 筆 → output/prices/00983B.csv
2026-09-27 13:43:55,946 [INFO] [00983D] 已存 232 筆 → output/prices/00983D.csv
2026-09-27 13:44:09,412 [INFO] [00984A] 已存 295 筆 → output/prices/00984A.csv
2026-09-27 13:44:22,898 [INFO] [00984B] 已存 338 筆 → output/prices/00984B.csv
2026-09-27 13:44:36,327 [INFO] [00984D] 已存 154 筆 → output/prices/00984D.csv
2026-09-27 13:44:49,804 [INFO] [00985A] 已存 290 筆 → output/prices/00985A.csv
2026-09-27 13:45:03,264 [INFO] [00985B] 已存 252 筆 → output/prices/00985B.csv
2026-09-27 13:45:16,714 [INFO] [00985D] 已存 124 筆 → output/prices/00985D.csv
2026-09-27 13:45:30,162 [INFO] [00986A] 已存 263 筆 → output/prices/00986A.csv
2026-09-27 13:45:43,585 [INFO] [00986B] 已存 212 筆 → output/prices/00986B.csv
2026-09-27 13:45:57,008 [INFO] [00986D] 已存 114 筆 → output/prices/00986D.csv
2026-09-27 13:46:10,490 [INFO] [00987A] 已存 179 筆 → output/prices/00987A.csv
2026-09-27 13:46:23,913 [INFO] [00987B] 已存 163 筆 → output/prices/00987B.csv
2026-09-27 13:46:37,333 [INFO] [00987D] 已存 22 筆 → output/prices/00987D.csv
2026-09-27 13:46:50,753 [INFO] [00988A] 已存 217 筆 → output/prices/00988A.csv
2026-09-27 13:47:04,187 [INFO] [00988B] 已存 127 筆 → output/prices/00988B.csv
2026-09-27 13:47:17,621 [INFO] [00989A] 已存 226 筆 → output/prices/00989A.csv
2026-09-27 13:47:31,127 [INFO] [00989B] 已存 123 筆 → output/prices/00989B.csv
2026-09-27 13:47:44,551 [INFO] [00990A] 已存 184 筆 → output/prices/00990A.csv
2026-09-27 13:47:57,968 [INFO] [00990B] 已存 55 筆 → output/prices/00990B.csv
2026-09-27 13:48:11,442 [INFO] [00991A] 已存 186 筆 → output/prices/00991A.csv
2026-09-27 13:48:24,854 [INFO] [00991B] 已存 39 筆 → output/prices/00991B.csv
2026-09-27 13:48:38,287 [INFO] [00992A] 已存 179 筆 → output/prices/00992A.csv
2026-09-27 13:48:51,767 [INFO] [00993A] 已存 155 筆 → output/prices/00993A.csv
2026-09-27 13:49:05,244 [INFO] [00994A] 已存 174 筆 → output/prices/00994A.csv
2026-09-27 13:49:18,716 [INFO] [00995A] 已存 163 筆 → output/prices/00995A.csv
2026-09-27 13:49:32,193 [INFO] [00996A] 已存 127 筆 → output/prices/00996A.csv
2026-09-27 13:49:45,616 [INFO] [00997A] 已存 115 筆 → output/prices/00997A.csv
2026-09-27 13:49:59,034 [INFO] [00998A] 已存 114 筆 → output/prices/00998A.csv
2026-09-27 13:50:12,543 [INFO] [00999A] 已存 101 筆 → output/prices/00999A.csv
2026-09-27 13:50:26,322 [INFO] [01001T] 已存 2430 筆 → output/prices/01001T.csv
2026-09-27 13:50:40,112 [INFO] [01002T] 已存 2433 筆 → output/prices/01002T.csv
2026-09-27 13:50:53,843 [INFO] [01003T] 已存 1743 筆 → output/prices/01003T.csv
2026-09-27 13:51:07,562 [INFO] [01004T] 已存 2411 筆 → output/prices/01004T.csv
2026-09-27 13:51:20,983 [INFO] [01005T] 無資料，略過存檔
2026-09-27 13:51:34,743 [INFO] [01007T] 已存 2430 筆 → output/prices/01007T.csv
2026-09-27 13:51:48,148 [INFO] [01008T] 無資料，略過存檔
2026-09-27 13:52:01,828 [INFO] [01009T] 已存 2006 筆 → output/prices/01009T.csv
2026-09-27 13:52:15,428 [INFO] [020000] 已存 1749 筆 → output/prices/020000.csv
2026-09-27 13:52:29,068 [INFO] [020001] 已存 1805 筆 → output/prices/020001.csv
2026-09-27 13:52:42,665 [INFO] [020002] 已存 1184 筆 → output/prices/020002.csv
2026-09-27 13:52:56,146 [INFO] [020003] 已存 731 筆 → output/prices/020003.csv
2026-09-27 13:53:09,605 [INFO] [020004] 已存 730 筆 → output/prices/020004.csv
2026-09-27 13:53:23,042 [INFO] [020005] 已存 242 筆 → output/prices/020005.csv
2026-09-27 13:53:36,483 [INFO] [020006] 已存 730 筆 → output/prices/020006.csv
2026-09-27 13:53:52,191 [INFO] [020007] 已存 1143 筆 → output/prices/020007.csv
2026-09-27 13:54:05,761 [INFO] [020008] 已存 731 筆 → output/prices/020008.csv
2026-09-27 13:54:19,202 [INFO] [020009] 已存 732 筆 → output/prices/020009.csv
2026-09-27 13:54:32,638 [INFO] [020010] 已存 732 筆 → output/prices/020010.csv
2026-09-27 13:54:46,344 [INFO] [020011] 已存 1599 筆 → output/prices/020011.csv
2026-09-27 13:54:59,922 [INFO] [020012] 已存 1583 筆 → output/prices/020012.csv
2026-09-27 13:55:13,359 [INFO] [020013] 已存 730 筆 → output/prices/020013.csv
2026-09-27 13:55:26,921 [INFO] [020014] 已存 734 筆 → output/prices/020014.csv
2026-09-27 13:55:40,512 [INFO] [020015] 已存 1138 筆 → output/prices/020015.csv
2026-09-27 13:55:54,084 [INFO] [020016] 已存 1166 筆 → output/prices/020016.csv
2026-09-27 13:56:07,516 [INFO] [020017] 已存 242 筆 → output/prices/020017.csv
2026-09-27 13:56:21,104 [INFO] [020018] 已存 1190 筆 → output/prices/020018.csv
2026-09-27 13:56:34,672 [INFO] [020019] 已存 1174 筆 → output/prices/020019.csv
2026-09-27 13:56:48,279 [INFO] [02001B] 已存 1213 筆 → output/prices/02001B.csv
2026-09-27 13:57:01,984 [INFO] [02001L] 已存 1560 筆 → output/prices/02001L.csv
2026-09-27 13:57:15,561 [INFO] [02001R] 已存 1468 筆 → output/prices/02001R.csv
2026-09-27 13:57:29,011 [INFO] [02001S] 已存 716 筆 → output/prices/02001S.csv
2026-09-27 13:57:42,607 [INFO] [020020] 已存 1435 筆 → output/prices/020020.csv
2026-09-27 13:57:56,048 [INFO] [020021] 已存 310 筆 → output/prices/020021.csv
2026-09-27 13:58:09,599 [INFO] [020022] 已存 729 筆 → output/prices/020022.csv
2026-09-27 13:58:23,164 [INFO] [020023] 已存 1214 筆 → output/prices/020023.csv
2026-09-27 13:58:36,616 [INFO] [020024] 已存 728 筆 → output/prices/020024.csv
2026-09-27 13:58:50,272 [INFO] [020025] 已存 1260 筆 → output/prices/020025.csv
2026-09-27 13:59:03,710 [INFO] [020026] 已存 728 筆 → output/prices/020026.csv
2026-09-27 13:59:17,282 [INFO] [020027] 已存 1213 筆 → output/prices/020027.csv
2026-09-27 13:59:30,877 [INFO] [020028] 已存 1215 筆 → output/prices/020028.csv
2026-09-27 13:59:44,458 [INFO] [020029] 已存 1191 筆 → output/prices/020029.csv
2026-09-27 13:59:58,010 [INFO] [02002L] 已存 728 筆 → output/prices/02002L.csv
2026-09-27 14:00:11,659 [INFO] [020030] 已存 1172 筆 → output/prices/020030.csv
2026-09-27 14:00:25,288 [INFO] [020031] 已存 1092 筆 → output/prices/020031.csv
2026-09-27 14:00:38,897 [INFO] [020032] 已存 1077 筆 → output/prices/020032.csv
2026-09-27 14:00:52,568 [INFO] [020033] 已存 1056 筆 → output/prices/020033.csv
2026-09-27 14:01:06,255 [INFO] [020034] 已存 1051 筆 → output/prices/020034.csv
2026-09-27 14:01:19,890 [INFO] [020035] 已存 965 筆 → output/prices/020035.csv
2026-09-27 14:01:33,343 [INFO] [020036] 已存 840 筆 → output/prices/020036.csv
2026-09-27 14:01:46,923 [INFO] [020037] 已存 840 筆 → output/prices/020037.csv
2026-09-27 14:02:00,781 [INFO] [020038] 已存 788 筆 → output/prices/020038.csv
2026-09-27 14:02:14,346 [INFO] [020039] 已存 717 筆 → output/prices/020039.csv
2026-09-27 14:02:27,791 [INFO] [02003L] 已存 489 筆 → output/prices/02003L.csv
2026-09-27 14:02:41,345 [INFO] [020040] 已存 672 筆 → output/prices/020040.csv
2026-09-27 14:02:54,775 [INFO] [020041] 已存 667 筆 → output/prices/020041.csv
2026-09-27 14:03:08,552 [INFO] [1101] 已存 2437 筆 → output/prices/1101.csv
2026-09-27 14:03:22,175 [INFO] [1101B] 已存 1858 筆 → output/prices/1101B.csv
2026-09-27 14:03:36,051 [INFO] [1102] 已存 2437 筆 → output/prices/1102.csv
2026-09-27 14:03:49,790 [INFO] [1103] 已存 2437 筆 → output/prices/1103.csv
2026-09-27 14:04:03,541 [INFO] [1104] 已存 2437 筆 → output/prices/1104.csv
2026-09-27 14:04:16,950 [INFO] [1107] 無資料，略過存檔
2026-09-27 14:04:30,729 [INFO] [1108] 已存 2437 筆 → output/prices/1108.csv
2026-09-27 14:04:44,456 [INFO] [1109] 已存 2423 筆 → output/prices/1109.csv
2026-09-27 14:04:58,199 [INFO] [1110] 已存 2437 筆 → output/prices/1110.csv
2026-09-27 14:05:11,964 [INFO] [1201] 已存 2437 筆 → output/prices/1201.csv
2026-09-27 14:05:25,777 [INFO] [1203] 已存 2437 筆 → output/prices/1203.csv
2026-09-27 14:05:39,628 [INFO] [1210] 已存 2437 筆 → output/prices/1210.csv
2026-09-27 14:05:53,479 [INFO] [1213] 已存 2319 筆 → output/prices/1213.csv
2026-09-27 14:06:07,256 [INFO] [1215] 已存 2437 筆 → output/prices/1215.csv
2026-09-27 14:06:21,067 [INFO] [1216] 已存 2437 筆 → output/prices/1216.csv
2026-09-27 14:06:34,910 [INFO] [1217] 已存 2437 筆 → output/prices/1217.csv
2026-09-27 14:06:48,711 [INFO] [1218] 已存 2437 筆 → output/prices/1218.csv
2026-09-27 14:07:02,574 [INFO] [1219] 已存 2437 筆 → output/prices/1219.csv
2026-09-27 14:07:16,360 [INFO] [1220] 已存 2437 筆 → output/prices/1220.csv
2026-09-27 14:07:30,268 [INFO] [1225] 已存 2384 筆 → output/prices/1225.csv
2026-09-27 14:07:44,003 [INFO] [1227] 已存 2437 筆 → output/prices/1227.csv
2026-09-27 14:07:57,796 [INFO] [1229] 已存 2437 筆 → output/prices/1229.csv
2026-09-27 14:08:11,205 [INFO] [1230] 無資料，略過存檔
2026-09-27 14:08:25,021 [INFO] [1231] 已存 2437 筆 → output/prices/1231.csv
2026-09-27 14:08:38,838 [INFO] [1232] 已存 2437 筆 → output/prices/1232.csv
2026-09-27 14:08:52,570 [INFO] [1233] 已存 2437 筆 → output/prices/1233.csv
2026-09-27 14:09:06,339 [INFO] [1234] 已存 2437 筆 → output/prices/1234.csv
2026-09-27 14:09:20,060 [INFO] [1235] 已存 2436 筆 → output/prices/1235.csv
2026-09-27 14:09:33,813 [INFO] [1236] 已存 2430 筆 → output/prices/1236.csv
2026-09-27 14:09:47,539 [INFO] [1240] 已存 2239 筆 → output/prices/1240.csv
2026-09-27 14:10:01,263 [INFO] [1256] 已存 2437 筆 → output/prices/1256.csv
2026-09-27 14:10:14,850 [INFO] [1258] 已存 1629 筆 → output/prices/1258.csv
2026-09-27 14:10:28,597 [INFO] [1259] 已存 2437 筆 → output/prices/1259.csv
2026-09-27 14:10:42,324 [INFO] [1260] 已存 2437 筆 → output/prices/1260.csv
2026-09-27 14:10:57,619 [INFO] [1262] 已存 742 筆 → output/prices/1262.csv
2026-09-27 14:11:11,419 [INFO] [1264] 已存 2437 筆 → output/prices/1264.csv
2026-09-27 14:11:25,157 [INFO] [1268] 已存 2437 筆 → output/prices/1268.csv
2026-09-27 14:11:38,934 [INFO] [1269] 已存 2436 筆 → output/prices/1269.csv
2026-09-27 14:11:52,520 [INFO] [1271] 已存 1381 筆 → output/prices/1271.csv
2026-09-27 14:12:06,160 [INFO] [1293] 已存 1192 筆 → output/prices/1293.csv
2026-09-27 14:12:19,751 [INFO] [1294] 已存 966 筆 → output/prices/1294.csv
2026-09-27 14:12:33,335 [INFO] [1295] 已存 675 筆 → output/prices/1295.csv
2026-09-27 14:12:47,106 [INFO] [1301] 已存 2437 筆 → output/prices/1301.csv
2026-09-27 14:13:00,880 [INFO] [1303] 已存 2437 筆 → output/prices/1303.csv
2026-09-27 14:13:14,617 [INFO] [1304] 已存 2437 筆 → output/prices/1304.csv
2026-09-27 14:13:28,502 [INFO] [1305] 已存 2437 筆 → output/prices/1305.csv
2026-09-27 14:13:42,341 [INFO] [1307] 已存 2437 筆 → output/prices/1307.csv
2026-09-27 14:13:56,128 [INFO] [1308] 已存 2437 筆 → output/prices/1308.csv
2026-09-27 14:14:09,869 [INFO] [1309] 已存 2437 筆 → output/prices/1309.csv
2026-09-27 14:14:23,613 [INFO] [1310] 已存 2437 筆 → output/prices/1310.csv
2026-09-27 14:14:37,025 [INFO] [1311] 無資料，略過存檔
2026-09-27 14:14:50,752 [INFO] [1312] 已存 2437 筆 → output/prices/1312.csv
2026-09-27 14:15:04,359 [INFO] [1312A] 已存 2410 筆 → output/prices/1312A.csv
2026-09-27 14:15:18,141 [INFO] [1313] 已存 2437 筆 → output/prices/1313.csv
2026-09-27 14:15:32,047 [INFO] [1314] 已存 2437 筆 → output/prices/1314.csv
2026-09-27 14:15:45,795 [INFO] [1315] 已存 2423 筆 → output/prices/1315.csv
2026-09-27 14:15:59,561 [INFO] [1316] 已存 2422 筆 → output/prices/1316.csv
2026-09-27 14:16:13,333 [INFO] [1319] 已存 2437 筆 → output/prices/1319.csv
2026-09-27 14:16:27,094 [INFO] [1321] 已存 2437 筆 → output/prices/1321.csv
2026-09-27 14:16:40,846 [INFO] [1323] 已存 2437 筆 → output/prices/1323.csv
2026-09-27 14:16:54,598 [INFO] [1324] 已存 2437 筆 → output/prices/1324.csv
2026-09-27 14:17:08,345 [INFO] [1325] 已存 2427 筆 → output/prices/1325.csv
2026-09-27 14:17:22,095 [INFO] [1326] 已存 2437 筆 → output/prices/1326.csv
2026-09-27 14:17:35,855 [INFO] [1336] 已存 2437 筆 → output/prices/1336.csv
2026-09-27 14:17:49,673 [INFO] [1337] 已存 2437 筆 → output/prices/1337.csv
2026-09-27 14:18:03,398 [INFO] [1338] 已存 2437 筆 → output/prices/1338.csv
2026-09-27 14:18:17,161 [INFO] [1339] 已存 2437 筆 → output/prices/1339.csv
2026-09-27 14:18:30,880 [INFO] [1340] 已存 2437 筆 → output/prices/1340.csv
2026-09-27 14:18:44,613 [INFO] [1341] 已存 1883 筆 → output/prices/1341.csv
2026-09-27 14:18:58,335 [INFO] [1342] 已存 1696 筆 → output/prices/1342.csv
2026-09-27 14:19:11,926 [INFO] [1343] 已存 1341 筆 → output/prices/1343.csv
2026-09-27 14:19:25,652 [INFO] [1402] 已存 2437 筆 → output/prices/1402.csv
2026-09-27 14:19:39,427 [INFO] [1409] 已存 2437 筆 → output/prices/1409.csv
2026-09-27 14:19:53,166 [INFO] [1410] 已存 2430 筆 → output/prices/1410.csv
2026-09-27 14:20:06,995 [INFO] [1413] 已存 2437 筆 → output/prices/1413.csv
2026-09-27 14:20:20,724 [INFO] [1414] 已存 2430 筆 → output/prices/1414.csv
2026-09-27 14:20:34,499 [INFO] [1416] 已存 2420 筆 → output/prices/1416.csv
2026-09-27 14:20:48,220 [INFO] [1417] 已存 2423 筆 → output/prices/1417.csv
2026-09-27 14:21:01,994 [INFO] [1418] 已存 2430 筆 → output/prices/1418.csv
2026-09-27 14:21:15,722 [INFO] [1419] 已存 2437 筆 → output/prices/1419.csv
2026-09-27 14:21:29,456 [INFO] [1423] 已存 2423 筆 → output/prices/1423.csv
2026-09-27 14:21:43,368 [INFO] [1432] 已存 2430 筆 → output/prices/1432.csv
2026-09-27 14:21:57,113 [INFO] [1434] 已存 2437 筆 → output/prices/1434.csv
2026-09-27 14:22:10,861 [INFO] [1435] 已存 2154 筆 → output/prices/1435.csv
2026-09-27 14:22:24,606 [INFO] [1436] 已存 2437 筆 → output/prices/1436.csv
2026-09-27 14:22:38,346 [INFO] [1437] 已存 2437 筆 → output/prices/1437.csv
2026-09-27 14:22:52,494 [INFO] [1438] 已存 2431 筆 → output/prices/1438.csv
2026-09-27 14:23:06,237 [INFO] [1439] 已存 2437 筆 → output/prices/1439.csv
2026-09-27 14:23:19,989 [INFO] [1440] 已存 2437 筆 → output/prices/1440.csv
2026-09-27 14:23:33,753 [INFO] [1441] 已存 2418 筆 → output/prices/1441.csv
2026-09-27 14:23:47,522 [INFO] [1442] 已存 2437 筆 → output/prices/1442.csv
2026-09-27 14:24:01,265 [INFO] [1443] 已存 2437 筆 → output/prices/1443.csv
2026-09-27 14:24:15,044 [INFO] [1444] 已存 2437 筆 → output/prices/1444.csv
2026-09-27 14:24:28,768 [INFO] [1445] 已存 2437 筆 → output/prices/1445.csv
2026-09-27 14:24:42,505 [INFO] [1446] 已存 2437 筆 → output/prices/1446.csv
2026-09-27 14:24:56,262 [INFO] [1447] 已存 2437 筆 → output/prices/1447.csv
2026-09-27 14:25:10,086 [INFO] [1449] 已存 2423 筆 → output/prices/1449.csv
2026-09-27 14:25:23,829 [INFO] [1451] 已存 2431 筆 → output/prices/1451.csv
2026-09-27 14:25:37,597 [INFO] [1452] 已存 2437 筆 → output/prices/1452.csv
2026-09-27 14:25:51,354 [INFO] [1453] 已存 2437 筆 → output/prices/1453.csv
2026-09-27 14:26:05,117 [INFO] [1454] 已存 2437 筆 → output/prices/1454.csv
2026-09-27 14:26:18,862 [INFO] [1455] 已存 2437 筆 → output/prices/1455.csv
2026-09-27 14:26:32,616 [INFO] [1456] 已存 2437 筆 → output/prices/1456.csv
2026-09-27 14:26:46,352 [INFO] [1457] 已存 2427 筆 → output/prices/1457.csv
2026-09-27 14:27:00,075 [INFO] [1459] 已存 2430 筆 → output/prices/1459.csv
2026-09-27 14:27:13,886 [INFO] [1460] 已存 2432 筆 → output/prices/1460.csv
2026-09-27 14:27:27,646 [INFO] [1463] 已存 2437 筆 → output/prices/1463.csv
2026-09-27 14:27:41,391 [INFO] [1464] 已存 2437 筆 → output/prices/1464.csv
2026-09-27 14:27:55,119 [INFO] [1465] 已存 2437 筆 → output/prices/1465.csv
2026-09-27 14:28:08,871 [INFO] [1466] 已存 2437 筆 → output/prices/1466.csv
2026-09-27 14:28:22,640 [INFO] [1467] 已存 2437 筆 → output/prices/1467.csv
2026-09-27 14:28:36,383 [INFO] [1468] 已存 2437 筆 → output/prices/1468.csv
2026-09-27 14:28:49,807 [INFO] [1469] 已存 437 筆 → output/prices/1469.csv
2026-09-27 14:29:03,529 [INFO] [1470] 已存 2437 筆 → output/prices/1470.csv
2026-09-27 14:29:17,308 [INFO] [1471] 已存 2430 筆 → output/prices/1471.csv
2026-09-27 14:29:31,103 [INFO] [1472] 已存 2424 筆 → output/prices/1472.csv
2026-09-27 14:29:44,903 [INFO] [1473] 已存 2437 筆 → output/prices/1473.csv
2026-09-27 14:29:58,625 [INFO] [1474] 已存 2437 筆 → output/prices/1474.csv
2026-09-27 14:30:12,409 [INFO] [1475] 已存 2430 筆 → output/prices/1475.csv
2026-09-27 14:30:26,212 [INFO] [1476] 已存 2437 筆 → output/prices/1476.csv
2026-09-27 14:30:39,945 [INFO] [1477] 已存 2437 筆 → output/prices/1477.csv
2026-09-27 14:30:53,505 [INFO] [1480] 已存 708 筆 → output/prices/1480.csv
2026-09-27 14:31:07,287 [INFO] [1503] 已存 2437 筆 → output/prices/1503.csv
2026-09-27 14:31:21,067 [INFO] [1504] 已存 2437 筆 → output/prices/1504.csv
2026-09-27 14:31:34,827 [INFO] [1506] 已存 2437 筆 → output/prices/1506.csv
2026-09-27 14:31:48,405 [INFO] [1507] 已存 1353 筆 → output/prices/1507.csv
2026-09-27 14:32:02,137 [INFO] [1512] 已存 2430 筆 → output/prices/1512.csv
2026-09-27 14:32:15,877 [INFO] [1513] 已存 2437 筆 → output/prices/1513.csv
2026-09-27 14:32:29,617 [INFO] [1514] 已存 2437 筆 → output/prices/1514.csv
2026-09-27 14:32:43,384 [INFO] [1515] 已存 2437 筆 → output/prices/1515.csv
2026-09-27 14:32:57,122 [INFO] [1516] 已存 2437 筆 → output/prices/1516.csv
2026-09-27 14:33:10,854 [INFO] [1517] 已存 2437 筆 → output/prices/1517.csv
2026-09-27 14:33:24,647 [INFO] [1519] 已存 2437 筆 → output/prices/1519.csv
2026-09-27 14:33:38,098 [INFO] [1520] 無資料，略過存檔
2026-09-27 14:33:51,934 [INFO] [1521] 已存 2437 筆 → output/prices/1521.csv
2026-09-27 14:34:05,828 [INFO] [1522] 已存 2437 筆 → output/prices/1522.csv
2026-09-27 14:34:19,399 [INFO] [1522A] 已存 1224 筆 → output/prices/1522A.csv
2026-09-27 14:34:32,849 [INFO] [1523] 無資料，略過存檔
2026-09-27 14:34:46,588 [INFO] [1524] 已存 2430 筆 → output/prices/1524.csv
2026-09-27 14:35:00,383 [INFO] [1525] 已存 2437 筆 → output/prices/1525.csv
2026-09-27 14:35:14,144 [INFO] [1526] 已存 2437 筆 → output/prices/1526.csv
2026-09-27 14:35:28,628 [INFO] [1527] 已存 2437 筆 → output/prices/1527.csv
2026-09-27 14:35:42,431 [INFO] [1528] 已存 2437 筆 → output/prices/1528.csv
2026-09-27 14:35:56,212 [INFO] [1529] 已存 2430 筆 → output/prices/1529.csv
2026-09-27 14:36:10,036 [INFO] [1530] 已存 2437 筆 → output/prices/1530.csv
2026-09-27 14:36:23,767 [INFO] [1531] 已存 2437 筆 → output/prices/1531.csv
2026-09-27 14:36:37,521 [INFO] [1532] 已存 2437 筆 → output/prices/1532.csv
2026-09-27 14:36:51,277 [INFO] [1533] 已存 2437 筆 → output/prices/1533.csv
2026-09-27 14:37:05,008 [INFO] [1535] 已存 2437 筆 → output/prices/1535.csv
2026-09-27 14:37:18,748 [INFO] [1536] 已存 2437 筆 → output/prices/1536.csv
2026-09-27 14:37:32,561 [INFO] [1537] 已存 2437 筆 → output/prices/1537.csv
2026-09-27 14:37:46,356 [INFO] [1538] 已存 2413 筆 → output/prices/1538.csv
2026-09-27 14:38:00,142 [INFO] [1539] 已存 2437 筆 → output/prices/1539.csv
2026-09-27 14:38:13,888 [INFO] [1540] 已存 2437 筆 → output/prices/1540.csv
2026-09-27 14:38:27,623 [INFO] [1541] 已存 2437 筆 → output/prices/1541.csv
2026-09-27 14:38:41,399 [INFO] [1558] 已存 2437 筆 → output/prices/1558.csv
2026-09-27 14:38:55,142 [INFO] [1560] 已存 2437 筆 → output/prices/1560.csv
2026-09-27 14:39:08,870 [INFO] [1563] 已存 2430 筆 → output/prices/1563.csv
2026-09-27 14:39:22,646 [INFO] [1565] 已存 2437 筆 → output/prices/1565.csv
2026-09-27 14:39:36,368 [INFO] [1568] 已存 2437 筆 → output/prices/1568.csv
2026-09-27 14:39:50,173 [INFO] [1569] 已存 2437 筆 → output/prices/1569.csv
2026-09-27 14:40:03,908 [INFO] [1570] 已存 2437 筆 → output/prices/1570.csv
2026-09-27 14:40:17,643 [INFO] [1580] 已存 2437 筆 → output/prices/1580.csv
2026-09-27 14:40:31,391 [INFO] [1582] 已存 2430 筆 → output/prices/1582.csv
2026-09-27 14:40:45,135 [INFO] [1583] 已存 2432 筆 → output/prices/1583.csv
2026-09-27 14:40:58,897 [INFO] [1584] 已存 2429 筆 → output/prices/1584.csv
2026-09-27 14:41:12,650 [INFO] [1585] 已存 2091 筆 → output/prices/1585.csv
2026-09-27 14:41:26,388 [INFO] [1586] 已存 2437 筆 → output/prices/1586.csv
2026-09-27 14:41:40,141 [INFO] [1587] 已存 2437 筆 → output/prices/1587.csv
2026-09-27 14:41:55,091 [INFO] [1589] 已存 2317 筆 → output/prices/1589.csv
2026-09-27 14:42:08,855 [INFO] [1590] 已存 2437 筆 → output/prices/1590.csv
2026-09-27 14:42:22,579 [INFO] [1591] 已存 2410 筆 → output/prices/1591.csv
2026-09-27 14:42:36,153 [INFO] [1592] 已存 1151 筆 → output/prices/1592.csv
2026-09-27 14:42:49,891 [INFO] [1593] 已存 2437 筆 → output/prices/1593.csv
2026-09-27 14:43:03,665 [INFO] [1594] 已存 2436 筆 → output/prices/1594.csv
2026-09-27 14:43:17,405 [INFO] [1595] 已存 2437 筆 → output/prices/1595.csv
2026-09-27 14:43:31,236 [INFO] [1597] 已存 2437 筆 → output/prices/1597.csv
2026-09-27 14:43:44,964 [INFO] [1598] 已存 2437 筆 → output/prices/1598.csv
2026-09-27 14:43:58,705 [INFO] [1599] 已存 2437 筆 → output/prices/1599.csv
2026-09-27 14:44:12,112 [INFO] [1601] 無資料，略過存檔
2026-09-27 14:44:25,846 [INFO] [1603] 已存 2335 筆 → output/prices/1603.csv
2026-09-27 14:44:41,340 [INFO] [1604] 已存 2432 筆 → output/prices/1604.csv
2026-09-27 14:44:55,068 [INFO] [1605] 已存 2437 筆 → output/prices/1605.csv
2026-09-27 14:45:08,470 [INFO] [1606] 無資料，略過存檔
2026-09-27 14:45:22,202 [INFO] [1608] 已存 2437 筆 → output/prices/1608.csv
2026-09-27 14:45:36,076 [INFO] [1609] 已存 2437 筆 → output/prices/1609.csv
2026-09-27 14:45:49,884 [INFO] [1611] 已存 2424 筆 → output/prices/1611.csv
2026-09-27 14:46:03,664 [INFO] [1612] 已存 2437 筆 → output/prices/1612.csv
2026-09-27 14:46:17,135 [INFO] [1613] 已存 125 筆 → output/prices/1613.csv
2026-09-27 14:46:31,933 [INFO] [1614] 已存 2437 筆 → output/prices/1614.csv
2026-09-27 14:46:45,693 [INFO] [1615] 已存 2437 筆 → output/prices/1615.csv
2026-09-27 14:46:59,480 [INFO] [1616] 已存 2437 筆 → output/prices/1616.csv
2026-09-27 14:47:13,206 [INFO] [1617] 已存 2437 筆 → output/prices/1617.csv
2026-09-27 14:47:26,946 [INFO] [1618] 已存 2431 筆 → output/prices/1618.csv
2026-09-27 14:47:40,510 [INFO] [1623] 已存 568 筆 → output/prices/1623.csv
2026-09-27 14:47:54,321 [INFO] [1626] 已存 2437 筆 → output/prices/1626.csv
2026-09-27 14:48:08,041 [INFO] [1701] 已存 1927 筆 → output/prices/1701.csv
2026-09-27 14:48:21,786 [INFO] [1702] 已存 2437 筆 → output/prices/1702.csv
2026-09-27 14:48:35,343 [INFO] [1704] 已存 575 筆 → output/prices/1704.csv
2026-09-27 14:48:49,079 [INFO] [1707] 已存 2437 筆 → output/prices/1707.csv
2026-09-27 14:49:02,807 [INFO] [1708] 已存 2437 筆 → output/prices/1708.csv
2026-09-27 14:49:16,568 [INFO] [1709] 已存 2430 筆 → output/prices/1709.csv
2026-09-27 14:49:30,299 [INFO] [1710] 已存 2437 筆 → output/prices/1710.csv
2026-09-27 14:49:44,025 [INFO] [1711] 已存 2437 筆 → output/prices/1711.csv
2026-09-27 14:49:57,811 [INFO] [1712] 已存 2437 筆 → output/prices/1712.csv
2026-09-27 14:50:11,619 [INFO] [1713] 已存 2437 筆 → output/prices/1713.csv
2026-09-27 14:50:25,410 [INFO] [1714] 已存 2437 筆 → output/prices/1714.csv
2026-09-27 14:50:38,840 [INFO] [1715] 已存 260 筆 → output/prices/1715.csv
2026-09-27 14:50:52,250 [INFO] [1716] 無資料，略過存檔
2026-09-27 14:51:06,152 [INFO] [1717] 已存 2430 筆 → output/prices/1717.csv
2026-09-27 14:51:19,940 [INFO] [1718] 已存 2437 筆 → output/prices/1718.csv
2026-09-27 14:51:33,753 [INFO] [1720] 已存 2437 筆 → output/prices/1720.csv
2026-09-27 14:51:47,526 [INFO] [1721] 已存 2430 筆 → output/prices/1721.csv
2026-09-27 14:52:01,266 [INFO] [1722] 已存 2437 筆 → output/prices/1722.csv
2026-09-27 14:52:14,993 [INFO] [1723] 已存 2437 筆 → output/prices/1723.csv
2026-09-27 14:52:28,576 [INFO] [1724] 已存 1242 筆 → output/prices/1724.csv
2026-09-27 14:52:42,332 [INFO] [1725] 已存 2437 筆 → output/prices/1725.csv
2026-09-27 14:52:56,085 [INFO] [1726] 已存 2437 筆 → output/prices/1726.csv
2026-09-27 14:53:09,833 [INFO] [1727] 已存 2437 筆 → output/prices/1727.csv
2026-09-27 14:53:23,263 [INFO] [1729] 已存 153 筆 → output/prices/1729.csv
2026-09-27 14:53:37,115 [INFO] [1730] 已存 2437 筆 → output/prices/1730.csv
2026-09-27 14:53:50,865 [INFO] [1731] 已存 2437 筆 → output/prices/1731.csv
2026-09-27 14:54:04,693 [INFO] [1732] 已存 2437 筆 → output/prices/1732.csv
2026-09-27 14:54:18,515 [INFO] [1733] 已存 2437 筆 → output/prices/1733.csv
2026-09-27 14:54:32,345 [INFO] [1734] 已存 2437 筆 → output/prices/1734.csv
2026-09-27 14:54:46,145 [INFO] [1735] 已存 2437 筆 → output/prices/1735.csv
2026-09-27 14:54:59,882 [INFO] [1736] 已存 2437 筆 → output/prices/1736.csv
2026-09-27 14:55:13,671 [INFO] [1737] 已存 2437 筆 → output/prices/1737.csv
2026-09-27 14:55:27,496 [INFO] [1742] 已存 2432 筆 → output/prices/1742.csv
2026-09-27 14:55:41,233 [INFO] [1752] 已存 2437 筆 → output/prices/1752.csv
2026-09-27 14:55:55,013 [INFO] [1760] 已存 2437 筆 → output/prices/1760.csv
2026-09-27 14:56:08,752 [INFO] [1762] 已存 2437 筆 → output/prices/1762.csv
2026-09-27 14:56:22,503 [INFO] [1773] 已存 2437 筆 → output/prices/1773.csv
2026-09-27 14:56:36,290 [INFO] [1776] 已存 2430 筆 → output/prices/1776.csv
2026-09-27 14:56:50,047 [INFO] [1777] 已存 2437 筆 → output/prices/1777.csv
2026-09-27 14:57:03,798 [INFO] [1780] 已存 2437 筆 → output/prices/1780.csv
2026-09-27 14:57:17,520 [INFO] [1781] 已存 2437 筆 → output/prices/1781.csv
2026-09-27 14:57:31,259 [INFO] [1783] 已存 2437 筆 → output/prices/1783.csv
2026-09-27 14:57:45,043 [INFO] [1784] 已存 2437 筆 → output/prices/1784.csv
2026-09-27 14:57:58,769 [INFO] [1785] 已存 2361 筆 → output/prices/1785.csv
2026-09-27 14:58:12,595 [INFO] [1786] 已存 2437 筆 → output/prices/1786.csv
2026-09-27 14:58:26,330 [INFO] [1788] 已存 2437 筆 → output/prices/1788.csv
2026-09-27 14:58:40,079 [INFO] [1789] 已存 2437 筆 → output/prices/1789.csv
2026-09-27 14:58:53,888 [INFO] [1795] 已存 2437 筆 → output/prices/1795.csv
2026-09-27 14:59:07,677 [INFO] [1796] 已存 2437 筆 → output/prices/1796.csv
2026-09-27 14:59:21,444 [INFO] [1799] 已存 2431 筆 → output/prices/1799.csv
2026-09-27 14:59:35,198 [INFO] [1802] 已存 2437 筆 → output/prices/1802.csv
2026-09-27 14:59:50,293 [INFO] [1805] 已存 2430 筆 → output/prices/1805.csv
2026-09-27 15:00:04,060 [INFO] [1806] 已存 2430 筆 → output/prices/1806.csv
2026-09-27 15:00:17,811 [INFO] [1808] 已存 2430 筆 → output/prices/1808.csv
2026-09-27 15:00:31,536 [INFO] [1809] 已存 2428 筆 → output/prices/1809.csv
2026-09-27 15:00:45,262 [INFO] [1810] 已存 2431 筆 → output/prices/1810.csv
2026-09-27 15:00:59,010 [INFO] [1813] 已存 2437 筆 → output/prices/1813.csv
2026-09-27 15:01:12,731 [INFO] [1815] 已存 2437 筆 → output/prices/1815.csv
2026-09-27 15:01:26,479 [INFO] [1817] 已存 2437 筆 → output/prices/1817.csv
2026-09-27 15:01:40,163 [INFO] [1902] 已存 893 筆 → output/prices/1902.csv
2026-09-27 15:01:53,902 [INFO] [1903] 已存 2437 筆 → output/prices/1903.csv
2026-09-27 15:02:07,685 [INFO] [1904] 已存 2437 筆 → output/prices/1904.csv
2026-09-27 15:02:21,439 [INFO] [1905] 已存 2437 筆 → output/prices/1905.csv
2026-09-27 15:02:35,189 [INFO] [1906] 已存 2437 筆 → output/prices/1906.csv
2026-09-27 15:02:48,982 [INFO] [1907] 已存 2437 筆 → output/prices/1907.csv
2026-09-27 15:03:02,738 [INFO] [1909] 已存 2437 筆 → output/prices/1909.csv
2026-09-27 15:03:16,501 [INFO] [2002] 已存 2437 筆 → output/prices/2002.csv
2026-09-27 15:03:30,248 [INFO] [2002A] 已存 2436 筆 → output/prices/2002A.csv
2026-09-27 15:03:44,054 [INFO] [2006] 已存 2430 筆 → output/prices/2006.csv
2026-09-27 15:03:57,787 [INFO] [2007] 已存 2430 筆 → output/prices/2007.csv
2026-09-27 15:04:11,524 [INFO] [2008] 已存 2437 筆 → output/prices/2008.csv
2026-09-27 15:04:25,258 [INFO] [2009] 已存 2437 筆 → output/prices/2009.csv
2026-09-27 15:04:39,029 [INFO] [2010] 已存 2437 筆 → output/prices/2010.csv
2026-09-27 15:04:52,792 [INFO] [2012] 已存 2437 筆 → output/prices/2012.csv
2026-09-27 15:05:06,533 [INFO] [2013] 已存 2437 筆 → output/prices/2013.csv
2026-09-27 15:05:20,283 [INFO] [2014] 已存 2437 筆 → output/prices/2014.csv
2026-09-27 15:05:34,063 [INFO] [2015] 已存 2437 筆 → output/prices/2015.csv
2026-09-27 15:05:47,913 [INFO] [2017] 已存 2437 筆 → output/prices/2017.csv
2026-09-27 15:06:01,749 [INFO] [2020] 已存 2437 筆 → output/prices/2020.csv
2026-09-27 15:06:15,488 [INFO] [2022] 已存 2423 筆 → output/prices/2022.csv
2026-09-27 15:06:29,249 [INFO] [2023] 已存 2437 筆 → output/prices/2023.csv
2026-09-27 15:06:43,000 [INFO] [2024] 已存 2437 筆 → output/prices/2024.csv
2026-09-27 15:06:56,718 [INFO] [2025] 已存 2298 筆 → output/prices/2025.csv
2026-09-27 15:07:10,477 [INFO] [2027] 已存 2437 筆 → output/prices/2027.csv
2026-09-27 15:07:24,229 [INFO] [2028] 已存 2429 筆 → output/prices/2028.csv
2026-09-27 15:07:37,984 [INFO] [2029] 已存 2437 筆 → output/prices/2029.csv
2026-09-27 15:07:51,725 [INFO] [2030] 已存 2437 筆 → output/prices/2030.csv
2026-09-27 15:08:05,482 [INFO] [2031] 已存 2437 筆 → output/prices/2031.csv
2026-09-27 15:08:19,256 [INFO] [2032] 已存 2437 筆 → output/prices/2032.csv
2026-09-27 15:08:33,101 [INFO] [2033] 已存 2437 筆 → output/prices/2033.csv
2026-09-27 15:08:46,852 [INFO] [2034] 已存 2437 筆 → output/prices/2034.csv
2026-09-27 15:09:00,596 [INFO] [2035] 已存 2437 筆 → output/prices/2035.csv
2026-09-27 15:09:14,359 [INFO] [2038] 已存 2437 筆 → output/prices/2038.csv
2026-09-27 15:09:28,079 [INFO] [2049] 已存 2437 筆 → output/prices/2049.csv
2026-09-27 15:09:47,167 [INFO] [2059] 已存 2437 筆 → output/prices/2059.csv
2026-09-27 15:10:00,928 [INFO] [2061] 已存 2423 筆 → output/prices/2061.csv
2026-09-27 15:10:14,718 [INFO] [2062] 已存 2437 筆 → output/prices/2062.csv
2026-09-27 15:10:28,753 [INFO] [2063] 已存 2437 筆 → output/prices/2063.csv
2026-09-27 15:10:42,474 [INFO] [2064] 已存 2437 筆 → output/prices/2064.csv
2026-09-27 15:10:56,220 [INFO] [2065] 已存 2437 筆 → output/prices/2065.csv
2026-09-27 15:11:09,951 [INFO] [2066] 已存 2437 筆 → output/prices/2066.csv
2026-09-27 15:11:23,694 [INFO] [2067] 已存 2437 筆 → output/prices/2067.csv
2026-09-27 15:11:37,454 [INFO] [2069] 已存 2437 筆 → output/prices/2069.csv
2026-09-27 15:11:51,224 [INFO] [2070] 已存 2437 筆 → output/prices/2070.csv
2026-09-27 15:12:04,806 [INFO] [2071] 已存 1704 筆 → output/prices/2071.csv
2026-09-27 15:12:18,507 [INFO] [2072] 已存 1415 筆 → output/prices/2072.csv
2026-09-27 15:12:32,085 [INFO] [2073] 已存 1217 筆 → output/prices/2073.csv
2026-09-27 15:12:45,980 [INFO] [2101] 已存 2430 筆 → output/prices/2101.csv
2026-09-27 15:13:00,694 [INFO] [2102] 已存 2436 筆 → output/prices/2102.csv
2026-09-27 15:13:14,961 [INFO] [2103] 已存 2437 筆 → output/prices/2103.csv
2026-09-27 15:13:28,707 [INFO] [2104] 已存 2437 筆 → output/prices/2104.csv
2026-09-27 15:13:42,440 [INFO] [2105] 已存 2437 筆 → output/prices/2105.csv
2026-09-27 15:13:56,274 [INFO] [2106] 已存 2437 筆 → output/prices/2106.csv
2026-09-27 15:14:10,041 [INFO] [2107] 已存 2419 筆 → output/prices/2107.csv
2026-09-27 15:14:23,817 [INFO] [2108] 已存 2437 筆 → output/prices/2108.csv
2026-09-27 15:14:37,581 [INFO] [2109] 已存 2430 筆 → output/prices/2109.csv
2026-09-27 15:14:51,340 [INFO] [2114] 已存 2437 筆 → output/prices/2114.csv
2026-09-27 15:15:05,080 [INFO] [2115] 已存 2437 筆 → output/prices/2115.csv
2026-09-27 15:15:35,749 [INFO] [2201] 已存 2430 筆 → output/prices/2201.csv
2026-09-27 15:15:49,512 [INFO] [2204] 已存 2431 筆 → output/prices/2204.csv
2026-09-27 15:16:03,315 [INFO] [2206] 已存 2437 筆 → output/prices/2206.csv
2026-09-27 15:16:17,055 [INFO] [2207] 已存 2437 筆 → output/prices/2207.csv
2026-09-27 15:16:30,810 [INFO] [2208] 已存 2430 筆 → output/prices/2208.csv
2026-09-27 15:16:44,545 [INFO] [2211] 已存 1629 筆 → output/prices/2211.csv
2026-09-27 15:16:58,290 [INFO] [2221] 已存 2437 筆 → output/prices/2221.csv
2026-09-27 15:17:12,067 [INFO] [2227] 已存 2437 筆 → output/prices/2227.csv
2026-09-27 15:17:25,858 [INFO] [2228] 已存 2437 筆 → output/prices/2228.csv
2026-09-27 15:17:39,790 [INFO] [2230] 已存 2437 筆 → output/prices/2230.csv
2026-09-27 15:17:53,576 [INFO] [2231] 已存 2437 筆 → output/prices/2231.csv
2026-09-27 15:18:07,367 [INFO] [2233] 已存 2437 筆 → output/prices/2233.csv
2026-09-27 15:18:21,153 [INFO] [2235] 已存 2437 筆 → output/prices/2235.csv
2026-09-27 15:18:35,000 [INFO] [2236] 已存 2437 筆 → output/prices/2236.csv
2026-09-27 15:18:48,738 [INFO] [2237] 已存 2437 筆 → output/prices/2237.csv
2026-09-27 15:19:04,238 [INFO] [2239] 已存 2437 筆 → output/prices/2239.csv
2026-09-27 15:19:18,050 [INFO] [2241] 已存 2437 筆 → output/prices/2241.csv
2026-09-27 15:19:31,819 [INFO] [2243] 已存 2191 筆 → output/prices/2243.csv
2026-09-27 15:19:45,588 [INFO] [2245] 已存 2376 筆 → output/prices/2245.csv
2026-09-27 15:19:59,947 [INFO] [2247] 已存 2169 筆 → output/prices/2247.csv
2026-09-27 15:20:13,623 [INFO] [2248] 已存 1955 筆 → output/prices/2248.csv
2026-09-27 15:20:27,325 [INFO] [2249] 已存 1645 筆 → output/prices/2249.csv
2026-09-27 15:20:40,964 [INFO] [2250] 已存 1297 筆 → output/prices/2250.csv
2026-09-27 15:20:54,598 [INFO] [2252] 已存 1238 筆 → output/prices/2252.csv
2026-09-27 15:21:08,282 [INFO] [2254] 已存 1172 筆 → output/prices/2254.csv
2026-09-27 15:21:21,914 [INFO] [2255] 已存 1170 筆 → output/prices/2255.csv
2026-09-27 15:21:35,516 [INFO] [2256] 已存 1164 筆 → output/prices/2256.csv
2026-09-27 15:21:49,096 [INFO] [2258] 已存 692 筆 → output/prices/2258.csv
2026-09-27 15:22:02,867 [INFO] [2301] 已存 2437 筆 → output/prices/2301.csv
2026-09-27 15:22:16,702 [INFO] [2302] 已存 2437 筆 → output/prices/2302.csv
2026-09-27 15:22:30,703 [INFO] [2303] 已存 2437 筆 → output/prices/2303.csv
2026-09-27 15:22:44,424 [INFO] [2305] 已存 2437 筆 → output/prices/2305.csv
2026-09-27 15:22:58,415 [INFO] [2308] 已存 2437 筆 → output/prices/2308.csv
2026-09-27 15:23:11,847 [INFO] [2311] 已存 379 筆 → output/prices/2311.csv
2026-09-27 15:23:25,713 [INFO] [2312] 已存 2437 筆 → output/prices/2312.csv
2026-09-27 15:23:39,484 [INFO] [2313] 已存 2437 筆 → output/prices/2313.csv
2026-09-27 15:23:53,299 [INFO] [2314] 已存 2430 筆 → output/prices/2314.csv
2026-09-27 15:24:07,599 [INFO] [2315] 無資料，略過存檔
2026-09-27 15:24:21,371 [INFO] [2316] 已存 2419 筆 → output/prices/2316.csv
2026-09-27 15:24:35,164 [INFO] [2317] 已存 2431 筆 → output/prices/2317.csv
2026-09-27 15:24:49,027 [INFO] [2321] 已存 2409 筆 → output/prices/2321.csv
2026-09-27 15:25:02,777 [INFO] [2323] 已存 2424 筆 → output/prices/2323.csv
2026-09-27 15:25:16,500 [INFO] [2324] 已存 2437 筆 → output/prices/2324.csv
2026-09-27 15:25:29,946 [INFO] [2325] 已存 379 筆 → output/prices/2325.csv
2026-09-27 15:25:43,756 [INFO] [2327] 已存 2414 筆 → output/prices/2327.csv
2026-09-27 15:25:57,544 [INFO] [2328] 已存 2437 筆 → output/prices/2328.csv
2026-09-27 15:26:11,343 [INFO] [2329] 已存 2430 筆 → output/prices/2329.csv
2026-09-27 15:26:25,115 [INFO] [2330] 已存 2437 筆 → output/prices/2330.csv
2026-09-27 15:26:38,930 [INFO] [2331] 已存 2437 筆 → output/prices/2331.csv
2026-09-27 15:26:52,795 [INFO] [2332] 已存 2430 筆 → output/prices/2332.csv
2026-09-27 15:27:06,236 [INFO] [2336] 無資料，略過存檔
2026-09-27 15:27:20,077 [INFO] [2337] 已存 2428 筆 → output/prices/2337.csv
2026-09-27 15:27:34,109 [INFO] [2338] 已存 2437 筆 → output/prices/2338.csv
2026-09-27 15:27:47,890 [INFO] [2340] 已存 2420 筆 → output/prices/2340.csv
2026-09-27 15:28:01,296 [INFO] [2341] 無資料，略過存檔
2026-09-27 15:28:15,128 [INFO] [2342] 已存 2429 筆 → output/prices/2342.csv
2026-09-27 15:28:29,021 [INFO] [2344] 已存 2437 筆 → output/prices/2344.csv
2026-09-27 15:28:42,877 [INFO] [2345] 已存 2437 筆 → output/prices/2345.csv
2026-09-27 15:28:56,731 [INFO] [2347] 已存 2437 筆 → output/prices/2347.csv
2026-09-27 15:29:10,576 [INFO] [2348] 已存 2437 筆 → output/prices/2348.csv
2026-09-27 15:29:24,206 [INFO] [2348A] 已存 1201 筆 → output/prices/2348A.csv
2026-09-27 15:29:38,003 [INFO] [2349] 已存 2423 筆 → output/prices/2349.csv
2026-09-27 15:29:51,456 [INFO] [2350] 無資料，略過存檔
2026-09-27 15:30:05,323 [INFO] [2351] 已存 2437 筆 → output/prices/2351.csv
2026-09-27 15:30:19,202 [INFO] [2352] 已存 2431 筆 → output/prices/2352.csv
2026-09-27 15:30:33,011 [INFO] [2353] 已存 2437 筆 → output/prices/2353.csv
2026-09-27 15:30:46,849 [INFO] [2354] 已存 2437 筆 → output/prices/2354.csv
2026-09-27 15:31:01,239 [INFO] [2355] 已存 2437 筆 → output/prices/2355.csv
2026-09-27 15:31:14,979 [INFO] [2356] 已存 2437 筆 → output/prices/2356.csv
2026-09-27 15:31:28,734 [INFO] [2357] 已存 2437 筆 → output/prices/2357.csv
2026-09-27 15:31:42,464 [INFO] [2358] 已存 1827 筆 → output/prices/2358.csv
2026-09-27 15:31:56,208 [INFO] [2359] 已存 2437 筆 → output/prices/2359.csv
2026-09-27 15:32:09,992 [INFO] [2360] 已存 2437 筆 → output/prices/2360.csv
2026-09-27 15:32:23,406 [INFO] [2361] 無資料，略過存檔
2026-09-27 15:32:37,173 [INFO] [2362] 已存 2437 筆 → output/prices/2362.csv
2026-09-27 15:32:50,917 [INFO] [2363] 已存 2423 筆 → output/prices/2363.csv
2026-09-27 15:33:04,669 [INFO] [2364] 已存 2425 筆 → output/prices/2364.csv
2026-09-27 15:33:18,407 [INFO] [2365] 已存 2437 筆 → output/prices/2365.csv
2026-09-27 15:33:32,145 [INFO] [2367] 已存 2437 筆 → output/prices/2367.csv
2026-09-27 15:33:45,904 [INFO] [2368] 已存 2430 筆 → output/prices/2368.csv
2026-09-27 15:33:59,649 [INFO] [2369] 已存 2437 筆 → output/prices/2369.csv
2026-09-27 15:34:13,606 [INFO] [2371] 已存 2430 筆 → output/prices/2371.csv
2026-09-27 15:34:27,336 [INFO] [2373] 已存 2427 筆 → output/prices/2373.csv
2026-09-27 15:34:41,088 [INFO] [2374] 已存 2437 筆 → output/prices/2374.csv
2026-09-27 15:34:54,824 [INFO] [2375] 已存 2424 筆 → output/prices/2375.csv
2026-09-27 15:35:08,580 [INFO] [2376] 已存 2437 筆 → output/prices/2376.csv
2026-09-27 15:35:22,444 [INFO] [2377] 已存 2437 筆 → output/prices/2377.csv
2026-09-27 15:35:36,700 [INFO] [2379] 已存 2437 筆 → output/prices/2379.csv
2026-09-27 15:35:50,477 [INFO] [2380] 已存 2424 筆 → output/prices/2380.csv
2026-09-27 15:36:03,934 [INFO] [2381] 無資料，略過存檔
2026-09-27 15:36:17,673 [INFO] [2382] 已存 2437 筆 → output/prices/2382.csv
2026-09-27 15:36:31,405 [INFO] [2383] 已存 2437 筆 → output/prices/2383.csv
2026-09-27 15:36:44,819 [INFO] [2384] 無資料，略過存檔
2026-09-27 15:36:58,601 [INFO] [2385] 已存 2437 筆 → output/prices/2385.csv
2026-09-27 15:37:12,326 [INFO] [2387] 已存 2418 筆 → output/prices/2387.csv
2026-09-27 15:37:26,129 [INFO] [2388] 已存 2437 筆 → output/prices/2388.csv
2026-09-27 15:37:39,868 [INFO] [2390] 已存 2430 筆 → output/prices/2390.csv
2026-09-27 15:37:53,613 [INFO] [2391] 無資料，略過存檔
2026-09-27 15:38:07,383 [INFO] [2392] 已存 2437 筆 → output/prices/2392.csv
2026-09-27 15:38:21,168 [INFO] [2393] 已存 2437 筆 → output/prices/2393.csv
2026-09-27 15:38:34,898 [INFO] [2395] 已存 2437 筆 → output/prices/2395.csv
2026-09-27 15:38:48,310 [INFO] [2396] 無資料，略過存檔
2026-09-27 15:39:02,090 [INFO] [2397] 已存 2437 筆 → output/prices/2397.csv
2026-09-27 15:39:15,852 [INFO] [2399] 已存 2437 筆 → output/prices/2399.csv
2026-09-27 15:39:29,645 [INFO] [2401] 已存 2437 筆 → output/prices/2401.csv
2026-09-27 15:39:43,625 [INFO] [2402] 已存 2437 筆 → output/prices/2402.csv
2026-09-27 15:39:57,089 [INFO] [2403] 無資料，略過存檔
2026-09-27 15:40:10,840 [INFO] [2404] 已存 2430 筆 → output/prices/2404.csv
2026-09-27 15:40:24,899 [INFO] [2405] 已存 2437 筆 → output/prices/2405.csv
2026-09-27 15:40:38,636 [INFO] [2406] 已存 2432 筆 → output/prices/2406.csv
2026-09-27 15:40:52,733 [INFO] [2408] 已存 2437 筆 → output/prices/2408.csv
2026-09-27 15:41:06,503 [INFO] [2409] 已存 2430 筆 → output/prices/2409.csv
2026-09-27 15:41:19,915 [INFO] [2411] 無資料，略過存檔
2026-09-27 15:41:33,643 [INFO] [2412] 已存 2437 筆 → output/prices/2412.csv
2026-09-27 15:41:47,715 [INFO] [2413] 已存 2437 筆 → output/prices/2413.csv
2026-09-27 15:42:01,480 [INFO] [2414] 已存 2437 筆 → output/prices/2414.csv
2026-09-27 15:42:15,270 [INFO] [2415] 已存 2429 筆 → output/prices/2415.csv
2026-09-27 15:42:28,993 [INFO] [2417] 已存 2430 筆 → output/prices/2417.csv
2026-09-27 15:42:42,401 [INFO] [2418] 無資料，略過存檔
2026-09-27 15:42:56,141 [INFO] [2419] 已存 2430 筆 → output/prices/2419.csv
2026-09-27 15:43:09,889 [INFO] [2420] 已存 2437 筆 → output/prices/2420.csv
2026-09-27 15:43:23,781 [INFO] [2421] 已存 2437 筆 → output/prices/2421.csv
2026-09-27 15:43:37,530 [INFO] [2423] 已存 2437 筆 → output/prices/2423.csv
2026-09-27 15:43:51,379 [INFO] [2424] 已存 2430 筆 → output/prices/2424.csv
2026-09-27 15:44:05,245 [INFO] [2425] 已存 2437 筆 → output/prices/2425.csv
2026-09-27 15:44:18,974 [INFO] [2426] 已存 2437 筆 → output/prices/2426.csv
2026-09-27 15:44:32,715 [INFO] [2427] 已存 2437 筆 → output/prices/2427.csv
2026-09-27 15:44:46,503 [INFO] [2428] 已存 2437 筆 → output/prices/2428.csv
2026-09-27 15:45:00,286 [INFO] [2429] 已存 2428 筆 → output/prices/2429.csv
2026-09-27 15:45:14,325 [INFO] [2430] 已存 2430 筆 → output/prices/2430.csv
2026-09-27 15:45:28,081 [INFO] [2431] 已存 2437 筆 → output/prices/2431.csv
2026-09-27 15:45:41,635 [INFO] [2432] 已存 809 筆 → output/prices/2432.csv
2026-09-27 15:45:55,374 [INFO] [2433] 已存 2437 筆 → output/prices/2433.csv
2026-09-27 15:46:09,125 [INFO] [2434] 已存 2423 筆 → output/prices/2434.csv
2026-09-27 15:46:22,866 [INFO] [2436] 已存 2430 筆 → output/prices/2436.csv
2026-09-27 15:46:36,328 [INFO] [2437] 已存 175 筆 → output/prices/2437.csv
2026-09-27 15:46:50,054 [INFO] [2438] 已存 2430 筆 → output/prices/2438.csv
2026-09-27 15:47:03,859 [INFO] [2439] 已存 2437 筆 → output/prices/2439.csv
2026-09-27 15:47:17,599 [INFO] [2440] 已存 2437 筆 → output/prices/2440.csv
2026-09-27 15:47:31,378 [INFO] [2441] 已存 2437 筆 → output/prices/2441.csv
2026-09-27 15:47:45,238 [INFO] [2442] 已存 2430 筆 → output/prices/2442.csv
2026-09-27 15:47:58,962 [INFO] [2443] 已存 1822 筆 → output/prices/2443.csv
2026-09-27 15:48:12,713 [INFO] [2444] 已存 2437 筆 → output/prices/2444.csv
2026-09-27 15:48:26,144 [INFO] [2446] 無資料，略過存檔
2026-09-27 15:48:39,550 [INFO] [2447] 無資料，略過存檔
2026-09-27 15:48:53,150 [INFO] [2448] 已存 1040 筆 → output/prices/2448.csv
2026-09-27 15:49:06,904 [INFO] [2449] 已存 2437 筆 → output/prices/2449.csv
2026-09-27 15:49:20,627 [INFO] [2450] 已存 2437 筆 → output/prices/2450.csv
2026-09-27 15:49:34,367 [INFO] [2451] 已存 2437 筆 → output/prices/2451.csv
2026-09-27 15:49:47,776 [INFO] [2452] 無資料，略過存檔
2026-09-27 15:50:01,527 [INFO] [2453] 已存 2437 筆 → output/prices/2453.csv
2026-09-27 15:50:15,255 [INFO] [2454] 已存 2437 筆 → output/prices/2454.csv
2026-09-27 15:50:28,999 [INFO] [2455] 已存 2431 筆 → output/prices/2455.csv
2026-09-27 15:50:42,691 [INFO] [2456] 已存 1283 筆 → output/prices/2456.csv
2026-09-27 15:50:56,453 [INFO] [2457] 已存 2437 筆 → output/prices/2457.csv
2026-09-27 15:51:10,187 [INFO] [2458] 已存 2430 筆 → output/prices/2458.csv
2026-09-27 15:51:23,926 [INFO] [2459] 已存 2437 筆 → output/prices/2459.csv
2026-09-27 15:51:37,653 [INFO] [2460] 已存 2437 筆 → output/prices/2460.csv
2026-09-27 15:51:51,389 [INFO] [2461] 已存 2437 筆 → output/prices/2461.csv
2026-09-27 15:52:05,233 [INFO] [2462] 已存 2437 筆 → output/prices/2462.csv
2026-09-27 15:52:18,782 [INFO] [2463] 無資料，略過存檔
2026-09-27 15:52:32,588 [INFO] [2464] 已存 2437 筆 → output/prices/2464.csv
2026-09-27 15:52:46,314 [INFO] [2465] 已存 2430 筆 → output/prices/2465.csv
2026-09-27 15:53:00,046 [INFO] [2466] 已存 2437 筆 → output/prices/2466.csv
2026-09-27 15:53:13,772 [INFO] [2467] 已存 2437 筆 → output/prices/2467.csv
2026-09-27 15:53:27,511 [INFO] [2468] 已存 2437 筆 → output/prices/2468.csv
2026-09-27 15:53:40,957 [INFO] [2469] 無資料，略過存檔
2026-09-27 15:53:54,713 [INFO] [2471] 已存 2437 筆 → output/prices/2471.csv
2026-09-27 15:54:08,449 [INFO] [2472] 已存 2437 筆 → output/prices/2472.csv
2026-09-27 15:54:21,870 [INFO] [2473] 無資料，略過存檔
2026-09-27 15:54:35,619 [INFO] [2474] 已存 2437 筆 → output/prices/2474.csv
2026-09-27 15:54:49,168 [INFO] [2475] 已存 640 筆 → output/prices/2475.csv
2026-09-27 15:55:02,905 [INFO] [2476] 已存 2437 筆 → output/prices/2476.csv
2026-09-27 15:55:16,658 [INFO] [2477] 已存 2420 筆 → output/prices/2477.csv
2026-09-27 15:55:30,404 [INFO] [2478] 已存 2423 筆 → output/prices/2478.csv
2026-09-27 15:55:43,813 [INFO] [2479] 無資料，略過存檔
2026-09-27 15:55:57,564 [INFO] [2480] 已存 2429 筆 → output/prices/2480.csv
2026-09-27 15:56:11,368 [INFO] [2481] 已存 2432 筆 → output/prices/2481.csv
2026-09-27 15:56:25,211 [INFO] [2482] 已存 2437 筆 → output/prices/2482.csv
2026-09-27 15:56:38,948 [INFO] [2483] 已存 2437 筆 → output/prices/2483.csv
2026-09-27 15:56:52,769 [INFO] [2484] 已存 2437 筆 → output/prices/2484.csv
2026-09-27 15:57:06,531 [INFO] [2485] 已存 2437 筆 → output/prices/2485.csv
2026-09-27 15:57:20,272 [INFO] [2486] 已存 2437 筆 → output/prices/2486.csv
2026-09-27 15:57:34,007 [INFO] [2488] 已存 2437 筆 → output/prices/2488.csv
2026-09-27 15:57:47,790 [INFO] [2489] 已存 2411 筆 → output/prices/2489.csv
2026-09-27 15:58:01,525 [INFO] [2491] 已存 2437 筆 → output/prices/2491.csv
2026-09-27 15:58:15,337 [INFO] [2492] 已存 2429 筆 → output/prices/2492.csv
2026-09-27 15:58:29,057 [INFO] [2493] 已存 2437 筆 → output/prices/2493.csv
2026-09-27 15:58:42,528 [INFO] [2494] 無資料，略過存檔
2026-09-27 15:58:56,254 [INFO] [2495] 已存 2437 筆 → output/prices/2495.csv
2026-09-27 15:59:09,988 [INFO] [2496] 已存 2437 筆 → output/prices/2496.csv
2026-09-27 15:59:23,732 [INFO] [2497] 已存 2437 筆 → output/prices/2497.csv
2026-09-27 15:59:37,460 [INFO] [2498] 已存 2437 筆 → output/prices/2498.csv
2026-09-27 15:59:51,203 [INFO] [2499] 已存 859 筆 → output/prices/2499.csv
2026-09-27 16:00:04,935 [INFO] [2501] 已存 2427 筆 → output/prices/2501.csv
2026-09-27 16:00:18,702 [INFO] [2504] 已存 2431 筆 → output/prices/2504.csv
2026-09-27 16:00:32,486 [INFO] [2505] 已存 2431 筆 → output/prices/2505.csv
2026-09-27 16:00:46,372 [INFO] [2506] 已存 2437 筆 → output/prices/2506.csv
2026-09-27 16:01:00,135 [INFO] [2509] 已存 2437 筆 → output/prices/2509.csv
2026-09-27 16:01:13,894 [INFO] [2511] 已存 2437 筆 → output/prices/2511.csv
2026-09-27 16:01:27,622 [INFO] [2514] 已存 2430 筆 → output/prices/2514.csv
2026-09-27 16:01:41,365 [INFO] [2515] 已存 2437 筆 → output/prices/2515.csv
2026-09-27 16:01:55,113 [INFO] [2516] 已存 2437 筆 → output/prices/2516.csv
2026-09-27 16:02:08,870 [INFO] [2520] 已存 2437 筆 → output/prices/2520.csv
2026-09-27 16:02:22,608 [INFO] [2524] 已存 2436 筆 → output/prices/2524.csv
2026-09-27 16:02:36,076 [INFO] [2526] 無資料，略過存檔
2026-09-27 16:02:49,806 [INFO] [2527] 已存 2437 筆 → output/prices/2527.csv
2026-09-27 16:03:03,534 [INFO] [2528] 已存 2437 筆 → output/prices/2528.csv
2026-09-27 16:03:17,262 [INFO] [2530] 已存 2437 筆 → output/prices/2530.csv
2026-09-27 16:03:31,008 [INFO] [2534] 已存 2423 筆 → output/prices/2534.csv
2026-09-27 16:03:44,780 [INFO] [2535] 已存 2430 筆 → output/prices/2535.csv
2026-09-27 16:03:58,536 [INFO] [2536] 已存 2437 筆 → output/prices/2536.csv
2026-09-27 16:04:12,261 [INFO] [2537] 已存 2437 筆 → output/prices/2537.csv
2026-09-27 16:04:26,012 [INFO] [2538] 已存 2437 筆 → output/prices/2538.csv
2026-09-27 16:04:39,818 [INFO] [2539] 已存 2437 筆 → output/prices/2539.csv
2026-09-27 16:04:53,590 [INFO] [2540] 已存 2437 筆 → output/prices/2540.csv
2026-09-27 16:05:07,390 [INFO] [2542] 已存 2437 筆 → output/prices/2542.csv
2026-09-27 16:05:21,145 [INFO] [2543] 已存 2437 筆 → output/prices/2543.csv
2026-09-27 16:05:35,158 [INFO] [2545] 已存 2437 筆 → output/prices/2545.csv
2026-09-27 16:05:48,945 [INFO] [2546] 已存 2437 筆 → output/prices/2546.csv
2026-09-27 16:06:02,796 [INFO] [2547] 已存 2437 筆 → output/prices/2547.csv
2026-09-27 16:06:16,641 [INFO] [2548] 已存 2437 筆 → output/prices/2548.csv
2026-09-27 16:06:30,476 [INFO] [2596] 已存 2437 筆 → output/prices/2596.csv
2026-09-27 16:06:44,604 [INFO] [2597] 已存 2437 筆 → output/prices/2597.csv
2026-09-27 16:06:58,345 [INFO] [2601] 已存 2435 筆 → output/prices/2601.csv
2026-09-27 16:07:12,232 [INFO] [2603] 已存 2430 筆 → output/prices/2603.csv
2026-09-27 16:07:26,156 [INFO] [2605] 已存 2437 筆 → output/prices/2605.csv
2026-09-27 16:07:39,993 [INFO] [2606] 已存 2437 筆 → output/prices/2606.csv
2026-09-27 16:07:53,772 [INFO] [2607] 已存 2431 筆 → output/prices/2607.csv
2026-09-27 16:08:07,544 [INFO] [2608] 已存 2437 筆 → output/prices/2608.csv
2026-09-27 16:08:21,846 [INFO] [2609] 已存 2428 筆 → output/prices/2609.csv
2026-09-27 16:08:35,718 [INFO] [2610] 已存 2437 筆 → output/prices/2610.csv
2026-09-27 16:08:49,470 [INFO] [2611] 已存 2437 筆 → output/prices/2611.csv
2026-09-27 16:09:03,276 [INFO] [2612] 已存 2431 筆 → output/prices/2612.csv
2026-09-27 16:09:17,066 [INFO] [2613] 已存 2437 筆 → output/prices/2613.csv
2026-09-27 16:09:30,792 [INFO] [2614] 已存 2409 筆 → output/prices/2614.csv
2026-09-27 16:09:44,575 [INFO] [2615] 已存 2437 筆 → output/prices/2615.csv
2026-09-27 16:09:58,361 [INFO] [2616] 已存 2437 筆 → output/prices/2616.csv
2026-09-27 16:10:12,092 [INFO] [2617] 已存 2437 筆 → output/prices/2617.csv
2026-09-27 16:10:25,859 [INFO] [2618] 已存 2437 筆 → output/prices/2618.csv
2026-09-27 16:10:39,622 [INFO] [2630] 已存 2338 筆 → output/prices/2630.csv
2026-09-27 16:10:53,349 [INFO] [2633] 已存 2437 筆 → output/prices/2633.csv
2026-09-27 16:11:07,087 [INFO] [2634] 已存 2437 筆 → output/prices/2634.csv
2026-09-27 16:11:20,819 [INFO] [2636] 已存 2437 筆 → output/prices/2636.csv
2026-09-27 16:11:34,542 [INFO] [2637] 已存 2437 筆 → output/prices/2637.csv
2026-09-27 16:11:48,283 [INFO] [2640] 已存 2437 筆 → output/prices/2640.csv
2026-09-27 16:12:02,023 [INFO] [2641] 已存 2432 筆 → output/prices/2641.csv
2026-09-27 16:12:15,772 [INFO] [2642] 已存 2437 筆 → output/prices/2642.csv
2026-09-27 16:12:29,494 [INFO] [2643] 已存 2437 筆 → output/prices/2643.csv
2026-09-27 16:12:43,117 [INFO] [2644] 已存 960 筆 → output/prices/2644.csv
2026-09-27 16:12:56,729 [INFO] [2645] 已存 1120 筆 → output/prices/2645.csv
2026-09-27 16:13:10,298 [INFO] [2646] 已存 966 筆 → output/prices/2646.csv
2026-09-27 16:13:24,057 [INFO] [2701] 已存 2437 筆 → output/prices/2701.csv
2026-09-27 16:13:37,922 [INFO] [2702] 已存 2437 筆 → output/prices/2702.csv
2026-09-27 16:13:51,664 [INFO] [2704] 已存 2437 筆 → output/prices/2704.csv
2026-09-27 16:14:05,394 [INFO] [2705] 已存 2430 筆 → output/prices/2705.csv
2026-09-27 16:14:19,191 [INFO] [2706] 已存 2437 筆 → output/prices/2706.csv
2026-09-27 16:14:32,937 [INFO] [2707] 已存 2437 筆 → output/prices/2707.csv
2026-09-27 16:14:46,672 [INFO] [2712] 已存 2437 筆 → output/prices/2712.csv
2026-09-27 16:15:00,397 [INFO] [2718] 已存 2437 筆 → output/prices/2718.csv
2026-09-27 16:15:14,150 [INFO] [2719] 已存 2418 筆 → output/prices/2719.csv
2026-09-27 16:15:27,884 [INFO] [2722] 已存 2437 筆 → output/prices/2722.csv
2026-09-27 16:15:41,645 [INFO] [2723] 已存 2437 筆 → output/prices/2723.csv
2026-09-27 16:15:55,438 [INFO] [2724] 已存 2300 筆 → output/prices/2724.csv
2026-09-27 16:16:09,191 [INFO] [2726] 已存 2430 筆 → output/prices/2726.csv
2026-09-27 16:16:22,949 [INFO] [2727] 已存 2437 筆 → output/prices/2727.csv
2026-09-27 16:16:36,809 [INFO] [2729] 已存 2437 筆 → output/prices/2729.csv
2026-09-27 16:16:50,558 [INFO] [2731] 已存 2437 筆 → output/prices/2731.csv
2026-09-27 16:17:04,354 [INFO] [2732] 已存 2437 筆 → output/prices/2732.csv
2026-09-27 16:17:18,115 [INFO] [2733] 已存 2429 筆 → output/prices/2733.csv
2026-09-27 16:17:31,853 [INFO] [2734] 已存 2437 筆 → output/prices/2734.csv
2026-09-27 16:17:45,638 [INFO] [2736] 已存 2437 筆 → output/prices/2736.csv
2026-09-27 16:17:59,383 [INFO] [2739] 已存 2430 筆 → output/prices/2739.csv
2026-09-27 16:18:13,141 [INFO] [2740] 已存 2423 筆 → output/prices/2740.csv
2026-09-27 16:18:27,197 [INFO] [2741] 已存 2437 筆 → output/prices/2741.csv
2026-09-27 16:18:40,941 [INFO] [2743] 已存 2437 筆 → output/prices/2743.csv
2026-09-27 16:18:54,676 [INFO] [2745] 已存 2437 筆 → output/prices/2745.csv
2026-09-27 16:19:08,414 [INFO] [2748] 已存 2437 筆 → output/prices/2748.csv
2026-09-27 16:19:22,021 [INFO] [2750] 已存 1735 筆 → output/prices/2750.csv
2026-09-27 16:19:35,582 [INFO] [2751] 已存 789 筆 → output/prices/2751.csv
2026-09-27 16:19:49,306 [INFO] [2752] 已存 1973 筆 → output/prices/2752.csv
2026-09-27 16:20:03,016 [INFO] [2753] 已存 1456 筆 → output/prices/2753.csv
2026-09-27 16:20:16,749 [INFO] [2754] 已存 1764 筆 → output/prices/2754.csv
2026-09-27 16:20:30,464 [INFO] [2755] 已存 1744 筆 → output/prices/2755.csv
2026-09-27 16:20:44,091 [INFO] [2756] 已存 1388 筆 → output/prices/2756.csv
2026-09-27 16:20:57,722 [INFO] [2758] 已存 1219 筆 → output/prices/2758.csv
2026-09-27 16:21:11,343 [INFO] [2760] 已存 906 筆 → output/prices/2760.csv
2026-09-27 16:21:24,906 [INFO] [2761] 已存 1085 筆 → output/prices/2761.csv
2026-09-27 16:21:38,459 [INFO] [2762] 已存 646 筆 → output/prices/2762.csv
2026-09-27 16:21:52,247 [INFO] [2801] 已存 2437 筆 → output/prices/2801.csv
2026-09-27 16:22:05,709 [INFO] [2807] 無資料，略過存檔
2026-09-27 16:22:19,467 [INFO] [2809] 已存 2190 筆 → output/prices/2809.csv
2026-09-27 16:22:33,195 [INFO] [2812] 已存 2437 筆 → output/prices/2812.csv
2026-09-27 16:22:47,021 [INFO] [2816] 已存 2437 筆 → output/prices/2816.csv
2026-09-27 16:23:00,752 [INFO] [2820] 已存 2437 筆 → output/prices/2820.csv
2026-09-27 16:23:14,327 [INFO] [2823] 已存 1281 筆 → output/prices/2823.csv
2026-09-27 16:23:27,736 [INFO] [2827] 無資料，略過存檔
2026-09-27 16:23:41,150 [INFO] [2831] 無資料，略過存檔
2026-09-27 16:23:55,466 [INFO] [2832] 已存 2430 筆 → output/prices/2832.csv
2026-09-27 16:24:08,898 [INFO] [2833] 無資料，略過存檔
2026-09-27 16:24:22,306 [INFO] [2833A] 無資料，略過存檔
2026-09-27 16:24:36,031 [INFO] [2834] 已存 2437 筆 → output/prices/2834.csv
2026-09-27 16:24:50,208 [INFO] [2836] 已存 2437 筆 → output/prices/2836.csv
2026-09-27 16:25:03,940 [INFO] [2836A] 已存 1368 筆 → output/prices/2836A.csv
2026-09-27 16:25:17,382 [INFO] [2837] 無資料，略過存檔
2026-09-27 16:25:31,188 [INFO] [2838] 已存 2437 筆 → output/prices/2838.csv
2026-09-27 16:25:45,012 [INFO] [2838A] 已存 2146 筆 → output/prices/2838A.csv
2026-09-27 16:25:58,613 [INFO] [2841] 已存 1348 筆 → output/prices/2841.csv
2026-09-27 16:26:12,363 [INFO] [2845] 已存 2437 筆 → output/prices/2845.csv
2026-09-27 16:26:25,777 [INFO] [2847] 無資料，略過存檔
2026-09-27 16:26:39,504 [INFO] [2849] 已存 2437 筆 → output/prices/2849.csv
2026-09-27 16:26:53,261 [INFO] [2850] 已存 2437 筆 → output/prices/2850.csv
2026-09-27 16:27:07,008 [INFO] [2851] 已存 2437 筆 → output/prices/2851.csv
2026-09-27 16:27:20,805 [INFO] [2852] 已存 2437 筆 → output/prices/2852.csv
2026-09-27 16:27:34,212 [INFO] [2854] 無資料，略過存檔
2026-09-27 16:27:47,942 [INFO] [2855] 已存 2437 筆 → output/prices/2855.csv
2026-09-27 16:28:01,493 [INFO] [2856] 已存 486 筆 → output/prices/2856.csv
2026-09-27 16:28:15,270 [INFO] [2867] 已存 2411 筆 → output/prices/2867.csv
2026-09-27 16:28:29,067 [INFO] [2880] 已存 2437 筆 → output/prices/2880.csv
2026-09-27 16:28:42,790 [INFO] [2881] 已存 2437 筆 → output/prices/2881.csv
2026-09-27 16:28:56,510 [INFO] [2881A] 已存 2437 筆 → output/prices/2881A.csv
2026-09-27 16:29:10,283 [INFO] [2881B] 已存 2055 筆 → output/prices/2881B.csv
2026-09-27 16:29:24,410 [INFO] [2881C] 已存 1192 筆 → output/prices/2881C.csv
2026-09-27 16:29:38,249 [INFO] [2882] 已存 2437 筆 → output/prices/2882.csv
2026-09-27 16:29:52,106 [INFO] [2882A] 已存 2361 筆 → output/prices/2882A.csv
2026-09-27 16:30:05,878 [INFO] [2882B] 已存 1980 筆 → output/prices/2882B.csv
2026-09-27 16:30:19,630 [INFO] [2883] 已存 2437 筆 → output/prices/2883.csv
2026-09-27 16:30:33,066 [INFO] [2883A] 無資料，略過存檔
2026-09-27 16:30:46,701 [INFO] [2883B] 已存 1148 筆 → output/prices/2883B.csv
2026-09-27 16:31:00,430 [INFO] [2884] 已存 2437 筆 → output/prices/2884.csv
2026-09-27 16:31:14,195 [INFO] [2885] 已存 2437 筆 → output/prices/2885.csv
2026-09-27 16:31:27,966 [INFO] [2886] 已存 2437 筆 → output/prices/2886.csv
2026-09-27 16:31:41,742 [INFO] [2887] 已存 2437 筆 → output/prices/2887.csv
2026-09-27 16:31:55,230 [INFO] [2887C] 無資料，略過存檔
2026-09-27 16:32:08,950 [INFO] [2887E] 已存 2349 筆 → output/prices/2887E.csv
2026-09-27 16:32:22,576 [INFO] [2887F] 已存 1872 筆 → output/prices/2887F.csv
2026-09-27 16:32:36,044 [INFO] [2887G] 已存 287 筆 → output/prices/2887G.csv
2026-09-27 16:32:49,490 [INFO] [2887H] 已存 287 筆 → output/prices/2887H.csv
2026-09-27 16:33:02,916 [INFO] [2887I] 已存 287 筆 → output/prices/2887I.csv
2026-09-27 16:33:16,591 [INFO] [2887Z1] 已存 1013 筆 → output/prices/2887Z1.csv
2026-09-27 16:33:30,585 [INFO] [2888] 已存 2142 筆 → output/prices/2888.csv
2026-09-27 16:33:44,181 [INFO] [2888A] 已存 1379 筆 → output/prices/2888A.csv
2026-09-27 16:33:57,759 [INFO] [2888B] 已存 1178 筆 → output/prices/2888B.csv
2026-09-27 16:34:11,501 [INFO] [2889] 已存 2437 筆 → output/prices/2889.csv
2026-09-27 16:34:25,292 [INFO] [2890] 已存 2437 筆 → output/prices/2890.csv
2026-09-27 16:34:39,038 [INFO] [2891] 已存 2437 筆 → output/prices/2891.csv
2026-09-27 16:34:52,456 [INFO] [2891A] 無資料，略過存檔
2026-09-27 16:35:06,407 [INFO] [2891B] 已存 2107 筆 → output/prices/2891B.csv
2026-09-27 16:35:20,019 [INFO] [2891C] 已存 1801 筆 → output/prices/2891C.csv
2026-09-27 16:35:33,826 [INFO] [2892] 已存 2437 筆 → output/prices/2892.csv
2026-09-27 16:35:47,782 [INFO] [2897] 已存 2437 筆 → output/prices/2897.csv
2026-09-27 16:36:01,374 [INFO] [2897A] 已存 1394 筆 → output/prices/2897A.csv
2026-09-27 16:36:14,810 [INFO] [2897B] 已存 483 筆 → output/prices/2897B.csv
2026-09-27 16:36:28,583 [INFO] [2901] 已存 2437 筆 → output/prices/2901.csv
2026-09-27 16:36:42,581 [INFO] [2903] 已存 2437 筆 → output/prices/2903.csv
2026-09-27 16:36:56,361 [INFO] [2904] 已存 2437 筆 → output/prices/2904.csv
2026-09-27 16:37:10,094 [INFO] [2905] 已存 2437 筆 → output/prices/2905.csv
2026-09-27 16:37:23,911 [INFO] [2906] 已存 2437 筆 → output/prices/2906.csv
2026-09-27 16:37:37,663 [INFO] [2908] 已存 2437 筆 → output/prices/2908.csv
2026-09-27 16:37:51,420 [INFO] [2910] 已存 2436 筆 → output/prices/2910.csv
2026-09-27 16:38:05,170 [INFO] [2911] 已存 2423 筆 → output/prices/2911.csv
2026-09-27 16:38:19,082 [INFO] [2912] 已存 2437 筆 → output/prices/2912.csv
2026-09-27 16:38:33,718 [INFO] [2913] 已存 2437 筆 → output/prices/2913.csv
2026-09-27 16:38:47,489 [INFO] [2915] 已存 2430 筆 → output/prices/2915.csv
2026-09-27 16:39:01,245 [INFO] [2916] 已存 2437 筆 → output/prices/2916.csv
2026-09-27 16:39:14,983 [INFO] [2923] 已存 2437 筆 → output/prices/2923.csv
2026-09-27 16:39:28,607 [INFO] [2924] 已存 2437 筆 → output/prices/2924.csv
2026-09-27 16:39:42,370 [INFO] [2926] 已存 2437 筆 → output/prices/2926.csv
2026-09-27 16:39:56,007 [INFO] [2928] 已存 1234 筆 → output/prices/2928.csv
2026-09-27 16:40:09,739 [INFO] [2929] 已存 2419 筆 → output/prices/2929.csv
2026-09-27 16:40:23,367 [INFO] [2936] 已存 1403 筆 → output/prices/2936.csv
2026-09-27 16:40:37,089 [INFO] [2937] 已存 2437 筆 → output/prices/2937.csv
2026-09-27 16:40:50,827 [INFO] [2938] 已存 2432 筆 → output/prices/2938.csv
2026-09-27 16:41:05,572 [INFO] [2939] 已存 2227 筆 → output/prices/2939.csv
2026-09-27 16:41:19,000 [INFO] [2940] 已存 344 筆 → output/prices/2940.csv
2026-09-27 16:41:32,635 [INFO] [2941] 已存 1196 筆 → output/prices/2941.csv
2026-09-27 16:41:49,596 [INFO] [2942] 已存 2068 筆 → output/prices/2942.csv
2026-09-27 16:42:03,326 [INFO] [2945] 已存 1889 筆 → output/prices/2945.csv
2026-09-27 16:42:17,592 [INFO] [2947] 已存 1461 筆 → output/prices/2947.csv
2026-09-27 16:42:31,217 [INFO] [2948] 已存 1407 筆 → output/prices/2948.csv
2026-09-27 16:42:44,836 [INFO] [2949] 已存 914 筆 → output/prices/2949.csv
2026-09-27 16:42:58,632 [INFO] [3002] 已存 2437 筆 → output/prices/3002.csv
2026-09-27 16:43:12,380 [INFO] [3003] 已存 2437 筆 → output/prices/3003.csv
2026-09-27 16:43:26,200 [INFO] [3004] 已存 2437 筆 → output/prices/3004.csv
2026-09-27 16:43:39,996 [INFO] [3005] 已存 2437 筆 → output/prices/3005.csv
2026-09-27 16:43:53,731 [INFO] [3006] 已存 2437 筆 → output/prices/3006.csv
2026-09-27 16:44:07,147 [INFO] [3007] 無資料，略過存檔
2026-09-27 16:44:20,986 [INFO] [3008] 已存 2437 筆 → output/prices/3008.csv
2026-09-27 16:44:34,470 [INFO] [3009] 無資料，略過存檔
2026-09-27 16:44:48,211 [INFO] [3010] 已存 2437 筆 → output/prices/3010.csv
2026-09-27 16:45:01,951 [INFO] [3011] 已存 2437 筆 → output/prices/3011.csv
2026-09-27 16:45:15,696 [INFO] [3013] 已存 2437 筆 → output/prices/3013.csv
2026-09-27 16:45:29,482 [INFO] [3014] 已存 2437 筆 → output/prices/3014.csv
2026-09-27 16:45:43,263 [INFO] [3015] 已存 2437 筆 → output/prices/3015.csv
2026-09-27 16:45:57,024 [INFO] [3016] 已存 2437 筆 → output/prices/3016.csv
2026-09-27 16:46:10,768 [INFO] [3017] 已存 2437 筆 → output/prices/3017.csv
2026-09-27 16:46:24,515 [INFO] [3018] 已存 2286 筆 → output/prices/3018.csv
2026-09-27 16:46:38,252 [INFO] [3019] 已存 2437 筆 → output/prices/3019.csv
2026-09-27 16:46:52,231 [INFO] [3020] 無資料，略過存檔
2026-09-27 16:47:06,015 [INFO] [3021] 已存 2431 筆 → output/prices/3021.csv
2026-09-27 16:47:19,780 [INFO] [3022] 已存 2424 筆 → output/prices/3022.csv
2026-09-27 16:47:33,698 [INFO] [3023] 已存 2437 筆 → output/prices/3023.csv
2026-09-27 16:47:47,485 [INFO] [3024] 已存 2437 筆 → output/prices/3024.csv
2026-09-27 16:48:01,218 [INFO] [3025] 已存 2430 筆 → output/prices/3025.csv
2026-09-27 16:48:15,519 [INFO] [3026] 已存 2430 筆 → output/prices/3026.csv
2026-09-27 16:48:29,262 [INFO] [3027] 已存 2437 筆 → output/prices/3027.csv
2026-09-27 16:48:43,024 [INFO] [3028] 已存 2437 筆 → output/prices/3028.csv
2026-09-27 16:48:56,811 [INFO] [3029] 已存 2437 筆 → output/prices/3029.csv
2026-09-27 16:49:10,571 [INFO] [3030] 已存 2437 筆 → output/prices/3030.csv
2026-09-27 16:49:24,648 [INFO] [3031] 已存 2437 筆 → output/prices/3031.csv
2026-09-27 16:49:38,405 [INFO] [3032] 已存 2437 筆 → output/prices/3032.csv
2026-09-27 16:49:52,234 [INFO] [3033] 已存 2437 筆 → output/prices/3033.csv
2026-09-27 16:50:06,713 [INFO] [3034] 已存 2437 筆 → output/prices/3034.csv
2026-09-27 16:50:20,553 [INFO] [3035] 已存 2437 筆 → output/prices/3035.csv
2026-09-27 16:50:34,282 [INFO] [3036] 已存 2437 筆 → output/prices/3036.csv
2026-09-27 16:50:47,896 [INFO] [3036A] 已存 1296 筆 → output/prices/3036A.csv
2026-09-27 16:51:01,704 [INFO] [3037] 已存 2437 筆 → output/prices/3037.csv
2026-09-27 16:51:15,545 [INFO] [3038] 已存 2437 筆 → output/prices/3038.csv
2026-09-27 16:51:29,964 [INFO] [3040] 已存 2437 筆 → output/prices/3040.csv
2026-09-27 16:51:43,764 [INFO] [3041] 已存 2424 筆 → output/prices/3041.csv
2026-09-27 16:51:57,547 [INFO] [3042] 已存 2437 筆 → output/prices/3042.csv
2026-09-27 16:52:11,323 [INFO] [3043] 已存 2430 筆 → output/prices/3043.csv
2026-09-27 16:52:25,074 [INFO] [3044] 已存 2437 筆 → output/prices/3044.csv
2026-09-27 16:52:38,882 [INFO] [3045] 已存 2437 筆 → output/prices/3045.csv
2026-09-27 16:52:52,632 [INFO] [3046] 已存 2430 筆 → output/prices/3046.csv
2026-09-27 16:53:06,388 [INFO] [3047] 已存 2437 筆 → output/prices/3047.csv
2026-09-27 16:53:20,126 [INFO] [3048] 已存 2437 筆 → output/prices/3048.csv
2026-09-27 16:53:33,917 [INFO] [3049] 已存 2437 筆 → output/prices/3049.csv
2026-09-27 16:53:47,699 [INFO] [3050] 已存 2429 筆 → output/prices/3050.csv
2026-09-27 16:54:01,429 [INFO] [3051] 已存 2430 筆 → output/prices/3051.csv
2026-09-27 16:54:15,181 [INFO] [3052] 已存 2437 筆 → output/prices/3052.csv
2026-09-27 16:54:28,653 [INFO] [3053] 無資料，略過存檔
2026-09-27 16:54:42,546 [INFO] [3054] 已存 2430 筆 → output/prices/3054.csv
2026-09-27 16:54:56,349 [INFO] [3055] 已存 2437 筆 → output/prices/3055.csv
2026-09-27 16:55:10,224 [INFO] [3056] 已存 2430 筆 → output/prices/3056.csv
2026-09-27 16:55:23,992 [INFO] [3057] 已存 2424 筆 → output/prices/3057.csv
2026-09-27 16:55:37,815 [INFO] [3058] 已存 2437 筆 → output/prices/3058.csv
2026-09-27 16:55:51,603 [INFO] [3059] 已存 2437 筆 → output/prices/3059.csv
2026-09-27 16:56:05,391 [INFO] [3060] 已存 2429 筆 → output/prices/3060.csv
2026-09-27 16:56:18,799 [INFO] [3061] 無資料，略過存檔
2026-09-27 16:56:32,545 [INFO] [3062] 已存 2437 筆 → output/prices/3062.csv
2026-09-27 16:56:45,949 [INFO] [3063] 無資料，略過存檔
2026-09-27 16:56:59,729 [INFO] [3064] 已存 2425 筆 → output/prices/3064.csv
2026-09-27 16:57:13,512 [INFO] [3066] 已存 2437 筆 → output/prices/3066.csv
2026-09-27 16:57:27,285 [INFO] [3067] 已存 2432 筆 → output/prices/3067.csv
2026-09-27 16:57:41,077 [INFO] [3071] 已存 2415 筆 → output/prices/3071.csv
2026-09-27 16:57:54,865 [INFO] [3073] 已存 2228 筆 → output/prices/3073.csv
2026-09-27 16:58:08,651 [INFO] [3078] 已存 2437 筆 → output/prices/3078.csv
2026-09-27 16:58:22,095 [INFO] [3080] 無資料，略過存檔
2026-09-27 16:58:35,928 [INFO] [3081] 已存 2437 筆 → output/prices/3081.csv
2026-09-27 16:58:49,726 [INFO] [3083] 已存 2437 筆 → output/prices/3083.csv
2026-09-27 16:59:03,608 [INFO] [3085] 已存 2424 筆 → output/prices/3085.csv
2026-09-27 16:59:17,343 [INFO] [3086] 已存 2416 筆 → output/prices/3086.csv
2026-09-27 16:59:31,138 [INFO] [3088] 已存 2437 筆 → output/prices/3088.csv
2026-09-27 16:59:44,860 [INFO] [3089] 已存 1538 筆 → output/prices/3089.csv
2026-09-27 16:59:58,665 [INFO] [3090] 已存 2437 筆 → output/prices/3090.csv
2026-09-27 17:00:12,463 [INFO] [3092] 已存 2437 筆 → output/prices/3092.csv
2026-09-27 17:00:26,493 [INFO] [3093] 已存 2430 筆 → output/prices/3093.csv
2026-09-27 17:00:40,322 [INFO] [3094] 已存 2437 筆 → output/prices/3094.csv
2026-09-27 17:00:54,106 [INFO] [3095] 已存 2430 筆 → output/prices/3095.csv
2026-09-27 17:01:07,861 [INFO] [3097] 已存 2437 筆 → output/prices/3097.csv
2026-09-27 17:01:21,648 [INFO] [3105] 已存 2437 筆 → output/prices/3105.csv
2026-09-27 17:01:35,376 [INFO] [3114] 已存 2437 筆 → output/prices/3114.csv
2026-09-27 17:01:49,125 [INFO] [3115] 已存 2430 筆 → output/prices/3115.csv
2026-09-27 17:02:02,971 [INFO] [3117] 已存 2424 筆 → output/prices/3117.csv
2026-09-27 17:02:16,759 [INFO] [3118] 已存 2437 筆 → output/prices/3118.csv
2026-09-27 17:02:30,823 [INFO] [3122] 已存 2437 筆 → output/prices/3122.csv
2026-09-27 17:02:44,650 [INFO] [3128] 已存 2437 筆 → output/prices/3128.csv
2026-09-27 17:02:58,418 [INFO] [3130] 已存 2437 筆 → output/prices/3130.csv
2026-09-27 17:03:12,209 [INFO] [3131] 已存 2437 筆 → output/prices/3131.csv
2026-09-27 17:03:25,846 [INFO] [3135] 已存 1176 筆 → output/prices/3135.csv
2026-09-27 17:03:39,619 [INFO] [3138] 已存 2437 筆 → output/prices/3138.csv
2026-09-27 17:03:53,353 [INFO] [3141] 已存 2437 筆 → output/prices/3141.csv
2026-09-27 17:04:06,990 [INFO] [3142] 無資料，略過存檔
2026-09-27 17:04:20,620 [INFO] [3144] 已存 1277 筆 → output/prices/3144.csv
2026-09-27 17:04:34,483 [INFO] [3147] 已存 2437 筆 → output/prices/3147.csv
2026-09-27 17:04:48,279 [INFO] [3149] 已存 2425 筆 → output/prices/3149.csv
2026-09-27 17:05:02,072 [INFO] [3150] 已存 2430 筆 → output/prices/3150.csv
2026-09-27 17:05:16,133 [INFO] [3152] 已存 2432 筆 → output/prices/3152.csv
2026-09-27 17:05:31,281 [INFO] [3158] 已存 2077 筆 → output/prices/3158.csv
2026-09-27 17:05:45,201 [INFO] [3162] 已存 2430 筆 → output/prices/3162.csv
2026-09-27 17:06:00,577 [INFO] [3163] 已存 2437 筆 → output/prices/3163.csv
2026-09-27 17:06:16,285 [INFO] [3164] 已存 2437 筆 → output/prices/3164.csv
2026-09-27 17:06:31,185 [INFO] [3167] 已存 2437 筆 → output/prices/3167.csv
2026-09-27 17:06:46,158 [INFO] [3168] 已存 2437 筆 → output/prices/3168.csv
2026-09-27 17:07:00,035 [INFO] [3169] 已存 2430 筆 → output/prices/3169.csv
2026-09-27 17:07:14,059 [INFO] [3171] 已存 2432 筆 → output/prices/3171.csv
2026-09-27 17:07:28,656 [INFO] [3176] 已存 2437 筆 → output/prices/3176.csv
2026-09-27 17:07:42,475 [INFO] [3178] 已存 2437 筆 → output/prices/3178.csv
2026-09-27 17:07:56,280 [INFO] [3184] 已存 2431 筆 → output/prices/3184.csv
2026-09-27 17:08:10,374 [INFO] [3188] 已存 2430 筆 → output/prices/3188.csv
2026-09-27 17:08:24,187 [INFO] [3189] 已存 2437 筆 → output/prices/3189.csv
2026-09-27 17:08:38,058 [INFO] [3191] 已存 2432 筆 → output/prices/3191.csv
2026-09-27 17:08:51,815 [INFO] [3194] 已存 41 筆 → output/prices/3194.csv
2026-09-27 17:09:05,574 [INFO] [3202] 已存 2074 筆 → output/prices/3202.csv
2026-09-27 17:09:19,390 [INFO] [3205] 已存 2437 筆 → output/prices/3205.csv
2026-09-27 17:09:33,158 [INFO] [3206] 已存 2437 筆 → output/prices/3206.csv
2026-09-27 17:09:46,880 [INFO] [3207] 已存 2430 筆 → output/prices/3207.csv
2026-09-27 17:10:00,626 [INFO] [3209] 已存 2437 筆 → output/prices/3209.csv
2026-09-27 17:10:14,411 [INFO] [3211] 已存 2437 筆 → output/prices/3211.csv
2026-09-27 17:10:28,244 [INFO] [3213] 已存 2437 筆 → output/prices/3213.csv
2026-09-27 17:10:41,696 [INFO] [3214] 無資料，略過存檔
2026-09-27 17:10:55,443 [INFO] [3217] 已存 2437 筆 → output/prices/3217.csv
2026-09-27 17:11:09,260 [INFO] [3218] 已存 2437 筆 → output/prices/3218.csv
2026-09-27 17:11:23,100 [INFO] [3219] 已存 2177 筆 → output/prices/3219.csv
2026-09-27 17:11:36,850 [INFO] [3221] 已存 2437 筆 → output/prices/3221.csv
2026-09-27 17:11:50,602 [INFO] [3224] 已存 2437 筆 → output/prices/3224.csv
2026-09-27 17:12:04,325 [INFO] [3226] 已存 2437 筆 → output/prices/3226.csv
2026-09-27 17:12:18,062 [INFO] [3227] 已存 2437 筆 → output/prices/3227.csv
2026-09-27 17:12:31,784 [INFO] [3228] 已存 2437 筆 → output/prices/3228.csv
2026-09-27 17:12:45,525 [INFO] [3229] 已存 2430 筆 → output/prices/3229.csv
2026-09-27 17:12:59,301 [INFO] [3230] 已存 2432 筆 → output/prices/3230.csv
2026-09-27 17:13:13,049 [INFO] [3231] 已存 2437 筆 → output/prices/3231.csv
2026-09-27 17:13:26,805 [INFO] [3232] 已存 2437 筆 → output/prices/3232.csv
2026-09-27 17:13:40,562 [INFO] [3234] 已存 2437 筆 → output/prices/3234.csv
2026-09-27 17:13:54,333 [INFO] [3236] 已存 2437 筆 → output/prices/3236.csv
2026-09-27 17:14:08,086 [INFO] [3252] 已存 2437 筆 → output/prices/3252.csv
2026-09-27 17:14:21,850 [INFO] [3257] 已存 2437 筆 → output/prices/3257.csv
2026-09-27 17:14:35,615 [INFO] [3259] 已存 2425 筆 → output/prices/3259.csv
2026-09-27 17:14:49,379 [INFO] [3260] 已存 2437 筆 → output/prices/3260.csv
2026-09-27 17:15:03,128 [INFO] [3264] 已存 2437 筆 → output/prices/3264.csv
2026-09-27 17:15:16,865 [INFO] [3265] 已存 2437 筆 → output/prices/3265.csv
2026-09-27 17:15:30,621 [INFO] [3266] 已存 2437 筆 → output/prices/3266.csv
2026-09-27 17:15:44,403 [INFO] [3268] 已存 2437 筆 → output/prices/3268.csv
2026-09-27 17:15:57,814 [INFO] [3271] 無資料，略過存檔
2026-09-27 17:16:11,546 [INFO] [3272] 已存 2437 筆 → output/prices/3272.csv
2026-09-27 17:16:25,279 [INFO] [3276] 已存 2437 筆 → output/prices/3276.csv
2026-09-27 17:16:39,026 [INFO] [3284] 已存 2437 筆 → output/prices/3284.csv
2026-09-27 17:16:52,765 [INFO] [3285] 已存 2437 筆 → output/prices/3285.csv
2026-09-27 17:17:06,511 [INFO] [3287] 已存 2437 筆 → output/prices/3287.csv
2026-09-27 17:17:20,239 [INFO] [3288] 已存 2423 筆 → output/prices/3288.csv
2026-09-27 17:17:33,966 [INFO] [3289] 已存 2437 筆 → output/prices/3289.csv
2026-09-27 17:17:47,712 [INFO] [3290] 已存 2430 筆 → output/prices/3290.csv
2026-09-27 17:18:01,538 [INFO] [3293] 已存 2437 筆 → output/prices/3293.csv
2026-09-27 17:18:15,289 [INFO] [3294] 已存 2437 筆 → output/prices/3294.csv
2026-09-27 17:18:29,015 [INFO] [3296] 已存 2437 筆 → output/prices/3296.csv
2026-09-27 17:18:42,813 [INFO] [3297] 已存 2437 筆 → output/prices/3297.csv
2026-09-27 17:18:56,640 [INFO] [3303] 已存 2437 筆 → output/prices/3303.csv
2026-09-27 17:19:10,436 [INFO] [3305] 已存 2437 筆 → output/prices/3305.csv
2026-09-27 17:19:24,243 [INFO] [3306] 已存 2437 筆 → output/prices/3306.csv
2026-09-27 17:19:38,101 [INFO] [3308] 已存 2419 筆 → output/prices/3308.csv
2026-09-27 17:19:51,916 [INFO] [3310] 已存 2418 筆 → output/prices/3310.csv
2026-09-27 17:20:05,661 [INFO] [3311] 已存 2430 筆 → output/prices/3311.csv
2026-09-27 17:20:19,442 [INFO] [3312] 已存 2404 筆 → output/prices/3312.csv
2026-09-27 17:20:33,204 [INFO] [3313] 已存 2437 筆 → output/prices/3313.csv
2026-09-27 17:20:46,634 [INFO] [3315] 已存 244 筆 → output/prices/3315.csv
2026-09-27 17:21:00,376 [INFO] [3317] 已存 2437 筆 → output/prices/3317.csv
2026-09-27 17:21:14,175 [INFO] [3321] 已存 2420 筆 → output/prices/3321.csv
2026-09-27 17:21:27,901 [INFO] [3322] 已存 2437 筆 → output/prices/3322.csv
2026-09-27 17:21:41,636 [INFO] [3323] 已存 2437 筆 → output/prices/3323.csv
2026-09-27 17:21:59,519 [INFO] [3324] 已存 2437 筆 → output/prices/3324.csv
2026-09-27 17:22:13,258 [INFO] [3325] 已存 2437 筆 → output/prices/3325.csv
2026-09-27 17:22:27,010 [INFO] [3332] 已存 2437 筆 → output/prices/3332.csv
2026-09-27 17:22:41,035 [INFO] [3338] 已存 2437 筆 → output/prices/3338.csv
2026-09-27 17:22:54,977 [INFO] [3339] 已存 2425 筆 → output/prices/3339.csv
2026-09-27 17:23:08,823 [INFO] [3346] 已存 2437 筆 → output/prices/3346.csv
2026-09-27 17:23:22,586 [INFO] [3349] 已存 2436 筆 → output/prices/3349.csv
2026-09-27 17:23:36,370 [INFO] [3354] 已存 2427 筆 → output/prices/3354.csv
2026-09-27 17:23:50,198 [INFO] [3356] 已存 2424 筆 → output/prices/3356.csv
2026-09-27 17:24:04,025 [INFO] [3357] 已存 2437 筆 → output/prices/3357.csv
2026-09-27 17:24:17,752 [INFO] [3360] 已存 2437 筆 → output/prices/3360.csv
2026-09-27 17:24:31,544 [INFO] [3362] 已存 2437 筆 → output/prices/3362.csv
2026-09-27 17:24:45,298 [INFO] [3363] 已存 2437 筆 → output/prices/3363.csv
2026-09-27 17:24:58,708 [INFO] [3367] 無資料，略過存檔
2026-09-27 17:25:12,449 [INFO] [3372] 已存 2432 筆 → output/prices/3372.csv
2026-09-27 17:25:26,182 [INFO] [3373] 已存 2437 筆 → output/prices/3373.csv
2026-09-27 17:25:39,952 [INFO] [3374] 已存 2437 筆 → output/prices/3374.csv
2026-09-27 17:25:53,680 [INFO] [3376] 已存 2437 筆 → output/prices/3376.csv
2026-09-27 17:26:07,409 [INFO] [3379] 已存 2437 筆 → output/prices/3379.csv
2026-09-27 17:26:21,241 [INFO] [3380] 已存 2437 筆 → output/prices/3380.csv
2026-09-27 17:26:34,832 [INFO] [3383] 已存 1460 筆 → output/prices/3383.csv
2026-09-27 17:26:48,638 [INFO] [3388] 已存 2437 筆 → output/prices/3388.csv
2026-09-27 17:27:02,413 [INFO] [3390] 已存 2437 筆 → output/prices/3390.csv
2026-09-27 17:27:16,178 [INFO] [3402] 已存 2437 筆 → output/prices/3402.csv
2026-09-27 17:27:29,973 [INFO] [3406] 已存 2437 筆 → output/prices/3406.csv
2026-09-27 17:27:43,792 [INFO] [3413] 已存 2437 筆 → output/prices/3413.csv
2026-09-27 17:27:57,521 [INFO] [3416] 已存 2437 筆 → output/prices/3416.csv
2026-09-27 17:28:11,281 [INFO] [3419] 已存 2437 筆 → output/prices/3419.csv
2026-09-27 17:28:25,086 [INFO] [3426] 已存 2356 筆 → output/prices/3426.csv
2026-09-27 17:28:38,816 [INFO] [3430] 已存 2437 筆 → output/prices/3430.csv
2026-09-27 17:28:52,541 [INFO] [3432] 已存 2430 筆 → output/prices/3432.csv
2026-09-27 17:29:06,272 [INFO] [3434] 已存 2437 筆 → output/prices/3434.csv
2026-09-27 17:29:20,017 [INFO] [3437] 已存 2437 筆 → output/prices/3437.csv
2026-09-27 17:29:33,756 [INFO] [3438] 已存 2430 筆 → output/prices/3438.csv
2026-09-27 17:29:47,518 [INFO] [3441] 已存 2437 筆 → output/prices/3441.csv
2026-09-27 17:30:01,243 [INFO] [3443] 已存 2437 筆 → output/prices/3443.csv
2026-09-27 17:30:16,132 [INFO] [3444] 已存 2437 筆 → output/prices/3444.csv
2026-09-27 17:30:29,854 [INFO] [3447] 已存 1213 筆 → output/prices/3447.csv
2026-09-27 17:30:43,593 [INFO] [3450] 已存 2437 筆 → output/prices/3450.csv
2026-09-27 17:30:57,356 [INFO] [3454] 已存 2306 筆 → output/prices/3454.csv
2026-09-27 17:31:11,143 [INFO] [3455] 已存 2437 筆 → output/prices/3455.csv
2026-09-27 17:31:24,921 [INFO] [3465] 已存 2429 筆 → output/prices/3465.csv
2026-09-27 17:31:38,664 [INFO] [3466] 已存 2437 筆 → output/prices/3466.csv
2026-09-27 17:31:52,352 [INFO] [3467] 已存 668 筆 → output/prices/3467.csv
2026-09-27 17:32:06,245 [INFO] [3473] 已存 275 筆 → output/prices/3473.csv
2026-09-27 17:32:19,712 [INFO] [3474] 已存 43 筆 → output/prices/3474.csv
2026-09-27 17:32:33,516 [INFO] [3479] 已存 2437 筆 → output/prices/3479.csv
2026-09-27 17:32:48,221 [INFO] [3481] 已存 2416 筆 → output/prices/3481.csv
2026-09-27 17:33:01,963 [INFO] [3483] 已存 2437 筆 → output/prices/3483.csv
2026-09-27 17:33:15,757 [INFO] [3484] 已存 2437 筆 → output/prices/3484.csv
2026-09-27 17:33:29,489 [INFO] [3485] 已存 2437 筆 → output/prices/3485.csv
2026-09-27 17:33:43,398 [INFO] [3489] 已存 2437 筆 → output/prices/3489.csv
2026-09-27 17:33:57,122 [INFO] [3490] 已存 2431 筆 → output/prices/3490.csv
2026-09-27 17:34:10,877 [INFO] [3491] 已存 2437 筆 → output/prices/3491.csv
2026-09-27 17:34:25,040 [INFO] [3492] 已存 2437 筆 → output/prices/3492.csv
2026-09-27 17:34:38,780 [INFO] [3494] 已存 2423 筆 → output/prices/3494.csv
2026-09-27 17:34:52,530 [INFO] [3498] 已存 2431 筆 → output/prices/3498.csv
2026-09-27 17:35:06,291 [INFO] [3499] 已存 2437 筆 → output/prices/3499.csv
2026-09-27 17:35:20,034 [INFO] [3501] 已存 2437 筆 → output/prices/3501.csv
2026-09-27 17:35:33,802 [INFO] [3504] 已存 2437 筆 → output/prices/3504.csv
2026-09-27 17:35:52,600 [INFO] [3508] 已存 2437 筆 → output/prices/3508.csv
2026-09-27 17:36:06,327 [INFO] [3511] 已存 2437 筆 → output/prices/3511.csv
2026-09-27 17:36:20,111 [INFO] [3512] 已存 2437 筆 → output/prices/3512.csv
2026-09-27 17:36:33,681 [INFO] [3514] 已存 486 筆 → output/prices/3514.csv
2026-09-27 17:36:47,662 [INFO] [3515] 已存 2437 筆 → output/prices/3515.csv
2026-09-27 17:37:01,382 [INFO] [3516] 已存 2430 筆 → output/prices/3516.csv
2026-09-27 17:37:15,194 [INFO] [3518] 已存 2437 筆 → output/prices/3518.csv
2026-09-27 17:37:28,866 [INFO] [3519] 已存 633 筆 → output/prices/3519.csv
2026-09-27 17:37:42,621 [INFO] [3520] 已存 2430 筆 → output/prices/3520.csv
2026-09-27 17:37:56,396 [INFO] [3521] 已存 2437 筆 → output/prices/3521.csv
2026-09-27 17:38:10,292 [INFO] [3522] 已存 2431 筆 → output/prices/3522.csv
2026-09-27 17:38:24,759 [INFO] [3523] 已存 2423 筆 → output/prices/3523.csv
2026-09-27 17:38:38,548 [INFO] [3526] 已存 2430 筆 → output/prices/3526.csv
2026-09-27 17:38:52,335 [INFO] [3527] 已存 2437 筆 → output/prices/3527.csv
2026-09-27 17:39:06,096 [INFO] [3528] 已存 2437 筆 → output/prices/3528.csv
2026-09-27 17:39:19,928 [INFO] [3529] 已存 2437 筆 → output/prices/3529.csv
2026-09-27 17:39:33,681 [INFO] [3530] 已存 2437 筆 → output/prices/3530.csv
2026-09-27 17:39:47,495 [INFO] [3531] 已存 2437 筆 → output/prices/3531.csv
2026-09-27 17:40:03,950 [INFO] [3532] 已存 2430 筆 → output/prices/3532.csv
2026-09-27 17:40:17,841 [INFO] [3533] 已存 2437 筆 → output/prices/3533.csv
2026-09-27 17:40:31,250 [INFO] [3534] 無資料，略過存檔
2026-09-27 17:40:45,003 [INFO] [3535] 已存 2437 筆 → output/prices/3535.csv
2026-09-27 17:40:58,708 [INFO] [3536] 已存 1594 筆 → output/prices/3536.csv
2026-09-27 17:41:12,496 [INFO] [3537] 已存 2437 筆 → output/prices/3537.csv
2026-09-27 17:41:26,341 [INFO] [3540] 已存 2437 筆 → output/prices/3540.csv
2026-09-27 17:41:41,639 [INFO] [3541] 已存 2437 筆 → output/prices/3541.csv
2026-09-27 17:41:55,399 [INFO] [3543] 已存 2437 筆 → output/prices/3543.csv
2026-09-27 17:42:09,121 [INFO] [3545] 已存 2430 筆 → output/prices/3545.csv
2026-09-27 17:42:22,869 [INFO] [3546] 已存 2437 筆 → output/prices/3546.csv
2026-09-27 17:42:36,612 [INFO] [3548] 已存 2437 筆 → output/prices/3548.csv
2026-09-27 17:42:50,362 [INFO] [3550] 已存 2437 筆 → output/prices/3550.csv
2026-09-27 17:43:04,097 [INFO] [3551] 已存 2437 筆 → output/prices/3551.csv
2026-09-27 17:43:17,879 [INFO] [3552] 已存 2437 筆 → output/prices/3552.csv
2026-09-27 17:43:31,665 [INFO] [3555] 已存 2431 筆 → output/prices/3555.csv
2026-09-27 17:43:45,472 [INFO] [3556] 已存 2437 筆 → output/prices/3556.csv
2026-09-27 17:43:59,265 [INFO] [3557] 已存 2412 筆 → output/prices/3557.csv
2026-09-27 17:44:13,054 [INFO] [3558] 已存 2437 筆 → output/prices/3558.csv
2026-09-27 17:44:26,525 [INFO] [3559] 已存 222 筆 → output/prices/3559.csv
2026-09-27 17:44:40,068 [INFO] [3561] 已存 486 筆 → output/prices/3561.csv
2026-09-27 17:44:53,882 [INFO] [3563] 已存 2437 筆 → output/prices/3563.csv
2026-09-27 17:45:07,687 [INFO] [3564] 已存 2437 筆 → output/prices/3564.csv
2026-09-27 17:45:21,414 [INFO] [3567] 已存 2437 筆 → output/prices/3567.csv
2026-09-27 17:45:35,490 [INFO] [3570] 已存 2437 筆 → output/prices/3570.csv
2026-09-27 17:45:48,896 [INFO] [3573] 無資料，略過存檔
2026-09-27 17:46:02,617 [INFO] [3576] 已存 2430 筆 → output/prices/3576.csv
2026-09-27 17:46:16,358 [INFO] [3577] 已存 2437 筆 → output/prices/3577.csv
2026-09-27 17:46:29,907 [INFO] [3579] 已存 671 筆 → output/prices/3579.csv
2026-09-27 17:46:43,639 [INFO] [3580] 已存 2430 筆 → output/prices/3580.csv
2026-09-27 17:47:01,861 [INFO] [3581] 已存 2437 筆 → output/prices/3581.csv
2026-09-27 17:47:15,607 [INFO] [3583] 已存 2437 筆 → output/prices/3583.csv
2026-09-27 17:47:29,052 [INFO] [3584] 無資料，略過存檔
2026-09-27 17:47:42,780 [INFO] [3585] 已存 2429 筆 → output/prices/3585.csv
2026-09-27 17:47:56,514 [INFO] [3587] 已存 2437 筆 → output/prices/3587.csv
2026-09-27 17:48:10,317 [INFO] [3588] 已存 2437 筆 → output/prices/3588.csv
2026-09-27 17:48:24,079 [INFO] [3591] 已存 2430 筆 → output/prices/3591.csv
2026-09-27 17:48:37,878 [INFO] [3592] 已存 2437 筆 → output/prices/3592.csv
2026-09-27 17:48:51,641 [INFO] [3593] 已存 2423 筆 → output/prices/3593.csv
2026-09-27 17:49:05,897 [INFO] [3594] 已存 2437 筆 → output/prices/3594.csv
2026-09-27 17:49:19,675 [INFO] [3595] 已存 2429 筆 → output/prices/3595.csv
2026-09-27 17:49:35,698 [INFO] [3596] 已存 2437 筆 → output/prices/3596.csv
2026-09-27 17:49:49,441 [INFO] [3597] 已存 2437 筆 → output/prices/3597.csv
2026-09-27 17:50:02,846 [INFO] [3598] 無資料，略過存檔
2026-09-27 17:50:16,249 [INFO] [3599] 無資料，略過存檔
2026-09-27 17:50:30,065 [INFO] [3603] 已存 2430 筆 → output/prices/3603.csv
2026-09-27 17:50:43,829 [INFO] [3605] 已存 2437 筆 → output/prices/3605.csv
2026-09-27 17:50:57,564 [INFO] [3607] 已存 2437 筆 → output/prices/3607.csv
2026-09-27 17:51:11,301 [INFO] [3609] 已存 2437 筆 → output/prices/3609.csv
2026-09-27 17:51:25,050 [INFO] [3611] 已存 2437 筆 → output/prices/3611.csv
2026-09-27 17:51:38,495 [INFO] [3614] 無資料，略過存檔
2026-09-27 17:51:52,288 [INFO] [3615] 已存 2427 筆 → output/prices/3615.csv
2026-09-27 17:52:05,760 [INFO] [3616] 已存 337 筆 → output/prices/3616.csv
2026-09-27 17:52:19,539 [INFO] [3617] 已存 2437 筆 → output/prices/3617.csv
2026-09-27 17:52:33,289 [INFO] [3622] 已存 2437 筆 → output/prices/3622.csv
2026-09-27 17:52:47,084 [INFO] [3623] 已存 2430 筆 → output/prices/3623.csv
2026-09-27 17:53:00,945 [INFO] [3624] 已存 2437 筆 → output/prices/3624.csv
2026-09-27 17:53:14,688 [INFO] [3625] 已存 2437 筆 → output/prices/3625.csv
2026-09-27 17:53:28,396 [INFO] [3627] 已存 1850 筆 → output/prices/3627.csv
2026-09-27 17:53:42,151 [INFO] [3628] 已存 2437 筆 → output/prices/3628.csv
2026-09-27 17:53:55,881 [INFO] [3629] 已存 2431 筆 → output/prices/3629.csv
2026-09-27 17:54:08,883 [INFO] 已達時間預算（340.0 分鐘），安全中斷，剩餘 1668 檔留給下次排程。
2026-09-27 17:54:08,883 [INFO] 本次執行結束。已完成 1481 / 3149 檔，尚餘 1668 檔待下次排程繼續。
2026-09-27 18:17:18,820 [INFO] 進度：共 3149 檔，已完成 1481，失敗略過 0，待抓 1668
2026-09-27 18:17:19,855 [INFO] [3630] 已存 2437 筆 → output/prices/3630.csv
2026-09-27 18:17:34,035 [INFO] [3631] 已存 2437 筆 → output/prices/3631.csv
2026-09-27 18:17:48,113 [INFO] [3632] 已存 2430 筆 → output/prices/3632.csv
2026-09-27 18:18:02,082 [INFO] [3633] 已存 2437 筆 → output/prices/3633.csv
2026-09-27 18:18:15,631 [INFO] [3638] 無資料，略過存檔
2026-09-27 18:18:30,415 [INFO] [3642] 已存 1504 筆 → output/prices/3642.csv
2026-09-27 18:18:44,244 [INFO] [3644] 已存 509 筆 → output/prices/3644.csv
2026-09-27 18:18:58,159 [INFO] [3645] 已存 2437 筆 → output/prices/3645.csv
2026-09-27 18:19:12,194 [INFO] [3646] 已存 2437 筆 → output/prices/3646.csv
2026-09-27 18:19:26,119 [INFO] [3652] 已存 2437 筆 → output/prices/3652.csv
2026-09-27 18:19:40,165 [INFO] [3653] 已存 2437 筆 → output/prices/3653.csv
2026-09-27 18:19:54,112 [INFO] [3659] 已存 2424 筆 → output/prices/3659.csv
2026-09-27 18:20:08,090 [INFO] [3661] 已存 2437 筆 → output/prices/3661.csv
2026-09-27 18:20:22,138 [INFO] [3663] 已存 2437 筆 → output/prices/3663.csv
2026-09-27 18:20:36,140 [INFO] [3664] 已存 2430 筆 → output/prices/3664.csv
2026-09-27 18:20:50,141 [INFO] [3665] 已存 2437 筆 → output/prices/3665.csv
2026-09-27 18:21:04,198 [INFO] [3666] 已存 2437 筆 → output/prices/3666.csv
2026-09-27 18:21:18,128 [INFO] [3669] 已存 2437 筆 → output/prices/3669.csv
2026-09-27 18:21:32,123 [INFO] [3672] 已存 2437 筆 → output/prices/3672.csv
2026-09-27 18:21:46,187 [INFO] [3673] 已存 2437 筆 → output/prices/3673.csv
2026-09-27 18:22:00,165 [INFO] [3675] 已存 2437 筆 → output/prices/3675.csv
2026-09-27 18:22:14,346 [INFO] [3678] 已存 2430 筆 → output/prices/3678.csv
2026-09-27 18:22:28,361 [INFO] [3679] 已存 2430 筆 → output/prices/3679.csv
2026-09-27 18:22:42,422 [INFO] [3680] 已存 2437 筆 → output/prices/3680.csv
2026-09-27 18:22:56,373 [INFO] [3682] 已存 1749 筆 → output/prices/3682.csv
2026-09-27 18:23:10,502 [INFO] [3684] 已存 2437 筆 → output/prices/3684.csv
2026-09-27 18:23:24,480 [INFO] [3685] 已存 2437 筆 → output/prices/3685.csv
2026-09-27 18:23:38,476 [INFO] [3686] 已存 2423 筆 → output/prices/3686.csv
2026-09-27 18:23:52,560 [INFO] [3687] 已存 2437 筆 → output/prices/3687.csv
2026-09-27 18:24:06,529 [INFO] [3689] 已存 2437 筆 → output/prices/3689.csv
2026-09-27 18:24:20,497 [INFO] [3691] 已存 2437 筆 → output/prices/3691.csv
2026-09-27 18:24:34,484 [INFO] [3693] 已存 2437 筆 → output/prices/3693.csv
2026-09-27 18:24:48,484 [INFO] [3694] 已存 2437 筆 → output/prices/3694.csv
2026-09-27 18:25:02,070 [INFO] [3697] 無資料，略過存檔
2026-09-27 18:25:15,860 [INFO] [3698] 已存 1040 筆 → output/prices/3698.csv
2026-09-27 18:25:30,071 [INFO] [3701] 已存 2372 筆 → output/prices/3701.csv
2026-09-27 18:25:44,082 [INFO] [3702] 已存 2431 筆 → output/prices/3702.csv
2026-09-27 18:25:57,902 [INFO] [3702A] 已存 1250 筆 → output/prices/3702A.csv
2026-09-27 18:26:11,880 [INFO] [3703] 已存 2437 筆 → output/prices/3703.csv
2026-09-27 18:26:25,885 [INFO] [3704] 已存 2430 筆 → output/prices/3704.csv
2026-09-27 18:26:39,993 [INFO] [3705] 已存 2437 筆 → output/prices/3705.csv
2026-09-27 18:26:53,976 [INFO] [3706] 已存 2437 筆 → output/prices/3706.csv
2026-09-27 18:27:07,989 [INFO] [3707] 已存 2437 筆 → output/prices/3707.csv
2026-09-27 18:27:21,966 [INFO] [3708] 已存 2437 筆 → output/prices/3708.csv
2026-09-27 18:27:35,966 [INFO] [3709] 已存 2209 筆 → output/prices/3709.csv
2026-09-27 18:27:50,074 [INFO] [3710] 已存 2119 筆 → output/prices/3710.csv
2026-09-27 18:28:04,153 [INFO] [3711] 已存 2050 筆 → output/prices/3711.csv
2026-09-27 18:28:18,170 [INFO] [3712] 已存 1943 筆 → output/prices/3712.csv
2026-09-27 18:28:32,120 [INFO] [3713] 已存 1603 筆 → output/prices/3713.csv
2026-09-27 18:28:46,087 [INFO] [3714] 已存 1389 筆 → output/prices/3714.csv
2026-09-27 18:28:59,849 [INFO] [3715] 已存 991 筆 → output/prices/3715.csv
2026-09-27 18:29:13,608 [INFO] [3716] 已存 502 筆 → output/prices/3716.csv
2026-09-27 18:29:27,251 [INFO] [3717] 已存 271 筆 → output/prices/3717.csv
2026-09-27 18:29:40,815 [INFO] [3718] 已存 16 筆 → output/prices/3718.csv
2026-09-27 18:29:54,815 [INFO] [4102] 已存 2437 筆 → output/prices/4102.csv
2026-09-27 18:30:08,784 [INFO] [4104] 已存 2437 筆 → output/prices/4104.csv
2026-09-27 18:30:22,838 [INFO] [4105] 已存 2437 筆 → output/prices/4105.csv
2026-09-27 18:30:36,876 [INFO] [4106] 已存 2437 筆 → output/prices/4106.csv
2026-09-27 18:30:50,881 [INFO] [4107] 已存 2437 筆 → output/prices/4107.csv
2026-09-27 18:31:04,910 [INFO] [4108] 已存 2437 筆 → output/prices/4108.csv
2026-09-27 18:31:18,894 [INFO] [4109] 已存 2431 筆 → output/prices/4109.csv
2026-09-27 18:31:33,018 [INFO] [4111] 已存 2437 筆 → output/prices/4111.csv
2026-09-27 18:31:47,016 [INFO] [4113] 已存 2437 筆 → output/prices/4113.csv
2026-09-27 18:32:01,080 [INFO] [4114] 已存 2437 筆 → output/prices/4114.csv
2026-09-27 18:32:14,834 [INFO] [4115] 已存 987 筆 → output/prices/4115.csv
2026-09-27 18:32:28,845 [INFO] [4116] 已存 2437 筆 → output/prices/4116.csv
2026-09-27 18:32:42,821 [INFO] [4117] 已存 2375 筆 → output/prices/4117.csv
2026-09-27 18:32:56,819 [INFO] [4119] 已存 2437 筆 → output/prices/4119.csv
2026-09-27 18:33:10,857 [INFO] [4120] 已存 2437 筆 → output/prices/4120.csv
2026-09-27 18:33:24,837 [INFO] [4121] 已存 2437 筆 → output/prices/4121.csv
2026-09-27 18:33:38,915 [INFO] [4123] 已存 2437 筆 → output/prices/4123.csv
2026-09-27 18:33:52,901 [INFO] [4126] 已存 2437 筆 → output/prices/4126.csv
2026-09-27 18:34:06,871 [INFO] [4127] 已存 2437 筆 → output/prices/4127.csv
2026-09-27 18:34:20,869 [INFO] [4128] 已存 2437 筆 → output/prices/4128.csv
2026-09-27 18:34:34,888 [INFO] [4129] 已存 2437 筆 → output/prices/4129.csv
2026-09-27 18:34:48,643 [INFO] [4129A] 已存 896 筆 → output/prices/4129A.csv
2026-09-27 18:35:02,624 [INFO] [4130] 已存 2390 筆 → output/prices/4130.csv
2026-09-27 18:35:16,606 [INFO] [4131] 已存 2430 筆 → output/prices/4131.csv
2026-09-27 18:35:30,582 [INFO] [4132] 已存 2320 筆 → output/prices/4132.csv
2026-09-27 18:35:44,579 [INFO] [4133] 已存 2437 筆 → output/prices/4133.csv
2026-09-27 18:35:58,551 [INFO] [4137] 已存 2437 筆 → output/prices/4137.csv
2026-09-27 18:36:12,524 [INFO] [4138] 已存 2437 筆 → output/prices/4138.csv
2026-09-27 18:36:26,497 [INFO] [4139] 已存 2437 筆 → output/prices/4139.csv
2026-09-27 18:36:40,266 [INFO] [4141] 已存 1362 筆 → output/prices/4141.csv
2026-09-27 18:36:54,248 [INFO] [4142] 已存 2437 筆 → output/prices/4142.csv
2026-09-27 18:37:08,013 [INFO] [4144] 已存 995 筆 → output/prices/4144.csv
2026-09-27 18:37:22,070 [INFO] [4147] 已存 2437 筆 → output/prices/4147.csv
2026-09-27 18:37:36,041 [INFO] [4148] 已存 2270 筆 → output/prices/4148.csv
2026-09-27 18:37:50,027 [INFO] [4150] 已存 2415 筆 → output/prices/4150.csv
2026-09-27 18:38:03,806 [INFO] [4152] 已存 1225 筆 → output/prices/4152.csv
2026-09-27 18:38:17,793 [INFO] [4153] 已存 2431 筆 → output/prices/4153.csv
2026-09-27 18:38:31,882 [INFO] [4154] 已存 2431 筆 → output/prices/4154.csv
2026-09-27 18:38:45,869 [INFO] [4155] 已存 2437 筆 → output/prices/4155.csv
2026-09-27 18:38:59,864 [INFO] [4157] 已存 2437 筆 → output/prices/4157.csv
2026-09-27 18:39:13,833 [INFO] [4160] 已存 2437 筆 → output/prices/4160.csv
2026-09-27 18:39:27,906 [INFO] [4161] 已存 2437 筆 → output/prices/4161.csv
2026-09-27 18:39:41,869 [INFO] [4162] 已存 2437 筆 → output/prices/4162.csv
2026-09-27 18:39:55,859 [INFO] [4163] 已存 2437 筆 → output/prices/4163.csv
2026-09-27 18:40:09,823 [INFO] [4164] 已存 2437 筆 → output/prices/4164.csv
2026-09-27 18:40:23,796 [INFO] [4166] 已存 2437 筆 → output/prices/4166.csv
2026-09-27 18:40:37,771 [INFO] [4167] 已存 2437 筆 → output/prices/4167.csv
2026-09-27 18:40:51,756 [INFO] [4168] 已存 2437 筆 → output/prices/4168.csv
2026-09-27 18:41:05,723 [INFO] [4169] 已存 2437 筆 → output/prices/4169.csv
2026-09-27 18:41:19,680 [INFO] [4170] 已存 1598 筆 → output/prices/4170.csv
2026-09-27 18:41:33,666 [INFO] [4171] 已存 2437 筆 → output/prices/4171.csv
2026-09-27 18:41:47,753 [INFO] [4172] 已存 2437 筆 → output/prices/4172.csv
2026-09-27 18:42:01,719 [INFO] [4173] 已存 2437 筆 → output/prices/4173.csv
2026-09-27 18:42:15,695 [INFO] [4174] 已存 2432 筆 → output/prices/4174.csv
2026-09-27 18:42:29,754 [INFO] [4175] 已存 2437 筆 → output/prices/4175.csv
2026-09-27 18:42:43,507 [INFO] [4178] 已存 439 筆 → output/prices/4178.csv
2026-09-27 18:42:57,482 [INFO] [4183] 已存 2437 筆 → output/prices/4183.csv
2026-09-27 18:43:11,538 [INFO] [4186] 已存 2437 筆 → output/prices/4186.csv
2026-09-27 18:43:25,544 [INFO] [4188] 已存 2437 筆 → output/prices/4188.csv
2026-09-27 18:43:39,535 [INFO] [4190] 已存 2437 筆 → output/prices/4190.csv
2026-09-27 18:43:53,498 [INFO] [4192] 已存 2430 筆 → output/prices/4192.csv
2026-09-27 18:44:07,473 [INFO] [4194] 已存 2430 筆 → output/prices/4194.csv
2026-09-27 18:44:21,447 [INFO] [4195] 已存 2437 筆 → output/prices/4195.csv
2026-09-27 18:44:35,580 [INFO] [4197] 已存 2437 筆 → output/prices/4197.csv
2026-09-27 18:44:49,558 [INFO] [4198] 已存 2423 筆 → output/prices/4198.csv
2026-09-27 18:45:03,540 [INFO] [4205] 已存 2437 筆 → output/prices/4205.csv
2026-09-27 18:45:17,503 [INFO] [4207] 已存 2437 筆 → output/prices/4207.csv
2026-09-27 18:45:31,488 [INFO] [4303] 已存 2427 筆 → output/prices/4303.csv
2026-09-27 18:45:45,486 [INFO] [4304] 已存 2431 筆 → output/prices/4304.csv
2026-09-27 18:45:59,453 [INFO] [4305] 已存 2437 筆 → output/prices/4305.csv
2026-09-27 18:46:13,516 [INFO] [4306] 已存 2437 筆 → output/prices/4306.csv
2026-09-27 18:46:27,567 [INFO] [4401] 已存 2437 筆 → output/prices/4401.csv
2026-09-27 18:46:41,630 [INFO] [4402] 已存 2373 筆 → output/prices/4402.csv
2026-09-27 18:46:55,684 [INFO] [4406] 已存 2437 筆 → output/prices/4406.csv
2026-09-27 18:47:09,740 [INFO] [4413] 已存 2312 筆 → output/prices/4413.csv
2026-09-27 18:47:23,804 [INFO] [4414] 已存 2227 筆 → output/prices/4414.csv
2026-09-27 18:47:37,872 [INFO] [4416] 已存 2437 筆 → output/prices/4416.csv
2026-09-27 18:47:51,857 [INFO] [4417] 已存 2437 筆 → output/prices/4417.csv
2026-09-27 18:48:05,820 [INFO] [4419] 已存 2430 筆 → output/prices/4419.csv
2026-09-27 18:48:19,942 [INFO] [4420] 已存 2437 筆 → output/prices/4420.csv
2026-09-27 18:48:33,950 [INFO] [4426] 已存 2437 筆 → output/prices/4426.csv
2026-09-27 18:48:47,718 [INFO] [4429] 已存 1381 筆 → output/prices/4429.csv
2026-09-27 18:49:01,725 [INFO] [4430] 已存 2437 筆 → output/prices/4430.csv
2026-09-27 18:49:15,722 [INFO] [4431] 已存 2437 筆 → output/prices/4431.csv
2026-09-27 18:49:29,718 [INFO] [4432] 已存 2437 筆 → output/prices/4432.csv
2026-09-27 18:49:43,777 [INFO] [4433] 已存 2437 筆 → output/prices/4433.csv
2026-09-27 18:49:57,827 [INFO] [4438] 已存 2437 筆 → output/prices/4438.csv
2026-09-27 18:50:11,630 [INFO] [4439] 已存 1655 筆 → output/prices/4439.csv
2026-09-27 18:50:25,580 [INFO] [4440] 已存 1712 筆 → output/prices/4440.csv
2026-09-27 18:50:39,349 [INFO] [4441] 已存 1130 筆 → output/prices/4441.csv
2026-09-27 18:50:53,104 [INFO] [4442] 已存 685 筆 → output/prices/4442.csv
2026-09-27 18:51:07,078 [INFO] [4502] 已存 2437 筆 → output/prices/4502.csv
2026-09-27 18:51:21,107 [INFO] [4503] 已存 2437 筆 → output/prices/4503.csv
2026-09-27 18:51:35,087 [INFO] [4506] 已存 2430 筆 → output/prices/4506.csv
2026-09-27 18:51:49,066 [INFO] [4510] 已存 2437 筆 → output/prices/4510.csv
2026-09-27 18:52:03,033 [INFO] [4513] 已存 2437 筆 → output/prices/4513.csv
2026-09-27 18:52:17,040 [INFO] [4523] 已存 2437 筆 → output/prices/4523.csv
2026-09-27 18:52:31,004 [INFO] [4526] 已存 2437 筆 → output/prices/4526.csv
2026-09-27 18:52:45,045 [INFO] [4527] 已存 2437 筆 → output/prices/4527.csv
2026-09-27 18:52:59,036 [INFO] [4528] 已存 2437 筆 → output/prices/4528.csv
2026-09-27 18:53:13,051 [INFO] [4529] 已存 2437 筆 → output/prices/4529.csv
2026-09-27 18:53:27,012 [INFO] [4530] 已存 2431 筆 → output/prices/4530.csv
2026-09-27 18:53:41,023 [INFO] [4532] 已存 2437 筆 → output/prices/4532.csv
2026-09-27 18:53:55,004 [INFO] [4533] 已存 2437 筆 → output/prices/4533.csv
2026-09-27 18:54:09,063 [INFO] [4534] 已存 2437 筆 → output/prices/4534.csv
2026-09-27 18:54:23,107 [INFO] [4535] 已存 2437 筆 → output/prices/4535.csv
2026-09-27 18:54:37,087 [INFO] [4536] 已存 2437 筆 → output/prices/4536.csv
2026-09-27 18:54:51,080 [INFO] [4537] 已存 2437 筆 → output/prices/4537.csv
2026-09-27 18:55:05,048 [INFO] [4538] 已存 2428 筆 → output/prices/4538.csv
2026-09-27 18:55:19,017 [INFO] [4540] 已存 2437 筆 → output/prices/4540.csv
2026-09-27 18:55:33,019 [INFO] [4541] 已存 2437 筆 → output/prices/4541.csv
2026-09-27 18:55:47,000 [INFO] [4542] 已存 2437 筆 → output/prices/4542.csv
2026-09-27 18:56:00,985 [INFO] [4543] 已存 2437 筆 → output/prices/4543.csv
2026-09-27 18:56:14,882 [INFO] [4544] 已存 2434 筆 → output/prices/4544.csv
2026-09-27 18:56:28,959 [INFO] [4545] 已存 2437 筆 → output/prices/4545.csv
2026-09-27 18:56:42,983 [INFO] [4546] 已存 2403 筆 → output/prices/4546.csv
2026-09-27 18:56:56,984 [INFO] [4549] 已存 2437 筆 → output/prices/4549.csv
2026-09-27 18:57:11,018 [INFO] [4550] 已存 2437 筆 → output/prices/4550.csv
2026-09-27 18:57:25,028 [INFO] [4551] 已存 2437 筆 → output/prices/4551.csv
2026-09-27 18:57:39,003 [INFO] [4552] 已存 2437 筆 → output/prices/4552.csv
2026-09-27 18:57:52,810 [INFO] [4553] 已存 2437 筆 → output/prices/4553.csv
2026-09-27 18:58:06,883 [INFO] [4554] 已存 2437 筆 → output/prices/4554.csv
2026-09-27 18:58:20,946 [INFO] [4555] 已存 2437 筆 → output/prices/4555.csv
2026-09-27 18:58:35,013 [INFO] [4556] 已存 2437 筆 → output/prices/4556.csv
2026-09-27 18:58:49,018 [INFO] [4557] 已存 2437 筆 → output/prices/4557.csv
2026-09-27 18:59:02,992 [INFO] [4558] 已存 2437 筆 → output/prices/4558.csv
2026-09-27 18:59:16,998 [INFO] [4559] 已存 2436 筆 → output/prices/4559.csv
2026-09-27 18:59:30,978 [INFO] [4560] 已存 2387 筆 → output/prices/4560.csv
2026-09-27 18:59:44,957 [INFO] [4561] 已存 2395 筆 → output/prices/4561.csv
2026-09-27 18:59:58,958 [INFO] [4562] 已存 2437 筆 → output/prices/4562.csv
2026-09-27 19:00:12,937 [INFO] [4563] 已存 2437 筆 → output/prices/4563.csv
2026-09-27 19:00:26,914 [INFO] [4564] 已存 2358 筆 → output/prices/4564.csv
2026-09-27 19:00:40,896 [INFO] [4565] 已存 2433 筆 → output/prices/4565.csv
2026-09-27 19:00:54,908 [INFO] [4566] 已存 2338 筆 → output/prices/4566.csv
2026-09-27 19:01:08,882 [INFO] [4568] 已存 2172 筆 → output/prices/4568.csv
2026-09-27 19:01:22,650 [INFO] [4569] 已存 768 筆 → output/prices/4569.csv
2026-09-27 19:01:36,510 [INFO] [4570] 已存 912 筆 → output/prices/4570.csv
2026-09-27 19:01:50,470 [INFO] [4571] 已存 1709 筆 → output/prices/4571.csv
2026-09-27 19:02:04,432 [INFO] [4572] 已存 2010 筆 → output/prices/4572.csv
2026-09-27 19:02:18,420 [INFO] [4573] 已存 1989 筆 → output/prices/4573.csv
2026-09-27 19:02:32,406 [INFO] [4575] 已存 1908 筆 → output/prices/4575.csv
2026-09-27 19:02:46,442 [INFO] [4576] 已存 1924 筆 → output/prices/4576.csv
2026-09-27 19:03:00,281 [INFO] [4577] 已存 1439 筆 → output/prices/4577.csv
2026-09-27 19:03:14,068 [INFO] [4578] 已存 1333 筆 → output/prices/4578.csv
2026-09-27 19:03:28,019 [INFO] [4580] 已存 1890 筆 → output/prices/4580.csv
2026-09-27 19:03:41,794 [INFO] [4581] 已存 1597 筆 → output/prices/4581.csv
2026-09-27 19:03:55,767 [INFO] [4582] 已存 1700 筆 → output/prices/4582.csv
2026-09-27 19:04:09,710 [INFO] [4583] 已存 1414 筆 → output/prices/4583.csv
2026-09-27 19:04:23,474 [INFO] [4584] 已存 1209 筆 → output/prices/4584.csv
2026-09-27 19:04:37,249 [INFO] [4585] 已存 485 筆 → output/prices/4585.csv
2026-09-27 19:04:51,077 [INFO] [4587] 已存 1012 筆 → output/prices/4587.csv
2026-09-27 19:05:04,951 [INFO] [4588] 已存 942 筆 → output/prices/4588.csv
2026-09-27 19:05:18,765 [INFO] [4589] 已存 832 筆 → output/prices/4589.csv
2026-09-27 19:05:32,503 [INFO] [4590] 已存 457 筆 → output/prices/4590.csv
2026-09-27 19:05:46,746 [INFO] [4609] 已存 2437 筆 → output/prices/4609.csv
2026-09-27 19:06:00,730 [INFO] [4702] 已存 2430 筆 → output/prices/4702.csv
2026-09-27 19:06:14,699 [INFO] [4706] 已存 2437 筆 → output/prices/4706.csv
2026-09-27 19:06:28,703 [INFO] [4707] 已存 2437 筆 → output/prices/4707.csv
2026-09-27 19:06:42,722 [INFO] [4711] 已存 2437 筆 → output/prices/4711.csv
2026-09-27 19:06:56,824 [INFO] [4712] 已存 1670 筆 → output/prices/4712.csv
2026-09-27 19:07:10,834 [INFO] [4714] 已存 2437 筆 → output/prices/4714.csv
2026-09-27 19:07:24,811 [INFO] [4716] 已存 2437 筆 → output/prices/4716.csv
2026-09-27 19:07:38,871 [INFO] [4720] 已存 2437 筆 → output/prices/4720.csv
2026-09-27 19:07:52,916 [INFO] [4721] 已存 2437 筆 → output/prices/4721.csv
2026-09-27 19:08:06,918 [INFO] [4722] 已存 2437 筆 → output/prices/4722.csv
2026-09-27 19:08:20,678 [INFO] [4724] 已存 797 筆 → output/prices/4724.csv
2026-09-27 19:08:34,510 [INFO] [4725] 已存 1045 筆 → output/prices/4725.csv
2026-09-27 19:08:48,482 [INFO] [4726] 已存 2437 筆 → output/prices/4726.csv
2026-09-27 19:09:02,458 [INFO] [4728] 已存 2437 筆 → output/prices/4728.csv
2026-09-27 19:09:16,429 [INFO] [4729] 已存 2431 筆 → output/prices/4729.csv
2026-09-27 19:09:30,410 [INFO] [4732] 已存 2437 筆 → output/prices/4732.csv
2026-09-27 19:09:44,074 [INFO] [4733] 無資料，略過存檔
2026-09-27 19:09:58,087 [INFO] [4735] 已存 2437 筆 → output/prices/4735.csv
2026-09-27 19:10:12,092 [INFO] [4736] 已存 2437 筆 → output/prices/4736.csv
2026-09-27 19:10:26,163 [INFO] [4737] 已存 2437 筆 → output/prices/4737.csv
2026-09-27 19:10:40,220 [INFO] [4738] 已存 2437 筆 → output/prices/4738.csv
2026-09-27 19:10:54,202 [INFO] [4739] 已存 2437 筆 → output/prices/4739.csv
2026-09-27 19:11:08,205 [INFO] [4741] 已存 2437 筆 → output/prices/4741.csv
2026-09-27 19:11:22,260 [INFO] [4743] 已存 2437 筆 → output/prices/4743.csv
2026-09-27 19:11:36,277 [INFO] [4744] 已存 2437 筆 → output/prices/4744.csv
2026-09-27 19:11:50,332 [INFO] [4745] 已存 2437 筆 → output/prices/4745.csv
2026-09-27 19:12:04,314 [INFO] [4746] 已存 2437 筆 → output/prices/4746.csv
2026-09-27 19:12:18,287 [INFO] [4747] 已存 2430 筆 → output/prices/4747.csv
2026-09-27 19:12:32,050 [INFO] [4749] 已存 1123 筆 → output/prices/4749.csv
2026-09-27 19:12:46,023 [INFO] [4754] 已存 2437 筆 → output/prices/4754.csv
2026-09-27 19:13:00,076 [INFO] [4755] 已存 2437 筆 → output/prices/4755.csv
2026-09-27 19:13:14,216 [INFO] [4760] 已存 2437 筆 → output/prices/4760.csv
2026-09-27 19:13:28,278 [INFO] [4763] 已存 2430 筆 → output/prices/4763.csv
2026-09-27 19:13:42,254 [INFO] [4764] 已存 2424 筆 → output/prices/4764.csv
2026-09-27 19:13:56,232 [INFO] [4765] 已存 2391 筆 → output/prices/4765.csv
2026-09-27 19:14:10,221 [INFO] [4766] 已存 2239 筆 → output/prices/4766.csv
2026-09-27 19:14:24,201 [INFO] [4767] 已存 2188 筆 → output/prices/4767.csv
2026-09-27 19:14:38,237 [INFO] [4768] 已存 1662 筆 → output/prices/4768.csv
2026-09-27 19:14:52,207 [INFO] [4770] 已存 1457 筆 → output/prices/4770.csv
2026-09-27 19:15:06,069 [INFO] [4771] 已存 1190 筆 → output/prices/4771.csv
2026-09-27 19:15:19,909 [INFO] [4772] 已存 973 筆 → output/prices/4772.csv
2026-09-27 19:15:33,669 [INFO] [4773] 已存 822 筆 → output/prices/4773.csv
2026-09-27 19:15:47,531 [INFO] [4803] 已存 1279 筆 → output/prices/4803.csv
2026-09-27 19:16:01,515 [INFO] [4804] 已存 2206 筆 → output/prices/4804.csv
2026-09-27 19:16:15,479 [INFO] [4806] 已存 2304 筆 → output/prices/4806.csv
2026-09-27 19:16:29,499 [INFO] [4807] 已存 2396 筆 → output/prices/4807.csv
2026-09-27 19:16:43,519 [INFO] [4903] 已存 2431 筆 → output/prices/4903.csv
2026-09-27 19:16:57,571 [INFO] [4904] 已存 2437 筆 → output/prices/4904.csv
2026-09-27 19:17:11,556 [INFO] [4905] 已存 2423 筆 → output/prices/4905.csv
2026-09-27 19:17:25,529 [INFO] [4906] 已存 2437 筆 → output/prices/4906.csv
2026-09-27 19:17:39,497 [INFO] [4907] 已存 2437 筆 → output/prices/4907.csv
2026-09-27 19:17:53,559 [INFO] [4908] 已存 2437 筆 → output/prices/4908.csv
2026-09-27 19:18:07,612 [INFO] [4909] 已存 2437 筆 → output/prices/4909.csv
2026-09-27 19:18:21,605 [INFO] [4911] 已存 2437 筆 → output/prices/4911.csv
2026-09-27 19:18:35,600 [INFO] [4912] 已存 2437 筆 → output/prices/4912.csv
2026-09-27 19:18:49,636 [INFO] [4915] 已存 2437 筆 → output/prices/4915.csv
2026-09-27 19:19:03,608 [INFO] [4916] 已存 2437 筆 → output/prices/4916.csv
2026-09-27 19:19:17,624 [INFO] [4919] 已存 2437 筆 → output/prices/4919.csv
2026-09-27 19:19:31,629 [INFO] [4923] 已存 2437 筆 → output/prices/4923.csv
2026-09-27 19:19:45,605 [INFO] [4924] 已存 2437 筆 → output/prices/4924.csv
2026-09-27 19:19:59,581 [INFO] [4925] 已存 2431 筆 → output/prices/4925.csv
2026-09-27 19:20:13,552 [INFO] [4927] 已存 2437 筆 → output/prices/4927.csv
2026-09-27 19:20:27,603 [INFO] [4930] 已存 2430 筆 → output/prices/4930.csv
2026-09-27 19:20:41,736 [INFO] [4931] 已存 2291 筆 → output/prices/4931.csv
2026-09-27 19:20:55,697 [INFO] [4933] 已存 2437 筆 → output/prices/4933.csv
2026-09-27 19:21:09,754 [INFO] [4934] 已存 2430 筆 → output/prices/4934.csv
2026-09-27 19:21:23,728 [INFO] [4935] 已存 2437 筆 → output/prices/4935.csv
2026-09-27 19:21:37,729 [INFO] [4938] 已存 2437 筆 → output/prices/4938.csv
2026-09-27 19:21:51,705 [INFO] [4939] 已存 2437 筆 → output/prices/4939.csv
2026-09-27 19:22:05,768 [INFO] [4942] 已存 2437 筆 → output/prices/4942.csv
2026-09-27 19:22:19,737 [INFO] [4943] 已存 2430 筆 → output/prices/4943.csv
2026-09-27 19:22:33,760 [INFO] [4944] 已存 1711 筆 → output/prices/4944.csv
2026-09-27 19:22:47,718 [INFO] [4945] 已存 1505 筆 → output/prices/4945.csv
2026-09-27 19:23:01,719 [INFO] [4946] 已存 2418 筆 → output/prices/4946.csv
2026-09-27 19:23:15,487 [INFO] [4949] 已存 1367 筆 → output/prices/4949.csv
2026-09-27 19:23:29,544 [INFO] [4950] 已存 2238 筆 → output/prices/4950.csv
2026-09-27 19:23:43,601 [INFO] [4951] 已存 2430 筆 → output/prices/4951.csv
2026-09-27 19:23:57,632 [INFO] [4952] 已存 2437 筆 → output/prices/4952.csv
2026-09-27 19:24:11,638 [INFO] [4953] 已存 2437 筆 → output/prices/4953.csv
2026-09-27 19:24:25,675 [INFO] [4956] 已存 2437 筆 → output/prices/4956.csv
2026-09-27 19:24:39,675 [INFO] [4958] 已存 2437 筆 → output/prices/4958.csv
2026-09-27 19:24:53,665 [INFO] [4960] 已存 2431 筆 → output/prices/4960.csv
2026-09-27 19:25:07,661 [INFO] [4961] 已存 2430 筆 → output/prices/4961.csv
2026-09-27 19:25:24,269 [INFO] [4966] 已存 2437 筆 → output/prices/4966.csv
2026-09-27 19:25:38,242 [INFO] [4967] 已存 2430 筆 → output/prices/4967.csv
2026-09-27 19:25:52,224 [INFO] [4968] 已存 2437 筆 → output/prices/4968.csv
2026-09-27 19:26:06,281 [INFO] [4971] 已存 2437 筆 → output/prices/4971.csv
2026-09-27 19:26:20,315 [INFO] [4972] 已存 2437 筆 → output/prices/4972.csv
2026-09-27 19:26:34,368 [INFO] [4973] 已存 2437 筆 → output/prices/4973.csv
2026-09-27 19:26:48,426 [INFO] [4974] 已存 2437 筆 → output/prices/4974.csv
2026-09-27 19:27:02,390 [INFO] [4976] 已存 2437 筆 → output/prices/4976.csv
2026-09-27 19:27:16,362 [INFO] [4977] 已存 2437 筆 → output/prices/4977.csv
2026-09-27 19:27:30,339 [INFO] [4979] 已存 2437 筆 → output/prices/4979.csv
2026-09-27 19:27:44,388 [INFO] [4980] 已存 2437 筆 → output/prices/4980.csv
2026-09-27 19:27:58,136 [INFO] [4984] 已存 469 筆 → output/prices/4984.csv
2026-09-27 19:28:12,128 [INFO] [4987] 已存 2348 筆 → output/prices/4987.csv
2026-09-27 19:28:26,180 [INFO] [4989] 已存 2251 筆 → output/prices/4989.csv
2026-09-27 19:28:40,241 [INFO] [4991] 已存 2437 筆 → output/prices/4991.csv
2026-09-27 19:28:54,209 [INFO] [4994] 已存 2430 筆 → output/prices/4994.csv
2026-09-27 19:29:08,193 [INFO] [4995] 已存 2437 筆 → output/prices/4995.csv
2026-09-27 19:29:22,223 [INFO] [4999] 已存 2437 筆 → output/prices/4999.csv
2026-09-27 19:29:36,191 [INFO] [5007] 已存 2437 筆 → output/prices/5007.csv
2026-09-27 19:29:50,179 [INFO] [5009] 已存 2437 筆 → output/prices/5009.csv
2026-09-27 19:30:04,328 [INFO] [5011] 已存 2437 筆 → output/prices/5011.csv
2026-09-27 19:30:18,308 [INFO] [5013] 已存 2437 筆 → output/prices/5013.csv
2026-09-27 19:30:32,322 [INFO] [5014] 已存 2437 筆 → output/prices/5014.csv
2026-09-27 19:30:46,283 [INFO] [5015] 已存 2437 筆 → output/prices/5015.csv
2026-09-27 19:31:00,336 [INFO] [5016] 已存 2437 筆 → output/prices/5016.csv
2026-09-27 19:31:14,147 [INFO] [5102] 已存 1411 筆 → output/prices/5102.csv
2026-09-27 19:31:28,117 [INFO] [5201] 已存 2437 筆 → output/prices/5201.csv
2026-09-27 19:31:42,096 [INFO] [5202] 已存 2437 筆 → output/prices/5202.csv
2026-09-27 19:31:56,083 [INFO] [5203] 已存 2437 筆 → output/prices/5203.csv
2026-09-27 19:32:10,067 [INFO] [5205] 已存 2430 筆 → output/prices/5205.csv
2026-09-27 19:32:24,055 [INFO] [5206] 已存 2437 筆 → output/prices/5206.csv
2026-09-27 19:32:38,040 [INFO] [5209] 已存 2437 筆 → output/prices/5209.csv
2026-09-27 19:32:52,034 [INFO] [5210] 已存 2437 筆 → output/prices/5210.csv
2026-09-27 19:33:06,050 [INFO] [5211] 已存 2437 筆 → output/prices/5211.csv
2026-09-27 19:33:20,080 [INFO] [5212] 已存 2437 筆 → output/prices/5212.csv
2026-09-27 19:33:34,041 [INFO] [5213] 已存 2422 筆 → output/prices/5213.csv
2026-09-27 19:33:48,084 [INFO] [5215] 已存 2437 筆 → output/prices/5215.csv
2026-09-27 19:34:02,078 [INFO] [5220] 已存 2437 筆 → output/prices/5220.csv
2026-09-27 19:34:16,085 [INFO] [5222] 已存 2437 筆 → output/prices/5222.csv
2026-09-27 19:34:30,044 [INFO] [5223] 已存 2007 筆 → output/prices/5223.csv
2026-09-27 19:34:44,022 [INFO] [5225] 已存 2437 筆 → output/prices/5225.csv
2026-09-27 19:34:58,001 [INFO] [5227] 已存 2409 筆 → output/prices/5227.csv
2026-09-27 19:35:12,129 [INFO] [5228] 已存 2436 筆 → output/prices/5228.csv
2026-09-27 19:35:26,114 [INFO] [5230] 已存 2437 筆 → output/prices/5230.csv
2026-09-27 19:35:40,111 [INFO] [5233] 已存 1922 筆 → output/prices/5233.csv
2026-09-27 19:35:54,108 [INFO] [5234] 已存 2437 筆 → output/prices/5234.csv
2026-09-27 19:36:08,147 [INFO] [5236] 已存 1460 筆 → output/prices/5236.csv
2026-09-27 19:36:22,109 [INFO] [5240] 已存 2429 筆 → output/prices/5240.csv
2026-09-27 19:36:36,115 [INFO] [5243] 已存 2437 筆 → output/prices/5243.csv
2026-09-27 19:36:50,092 [INFO] [5244] 已存 2437 筆 → output/prices/5244.csv
2026-09-27 19:37:04,083 [INFO] [5245] 已存 2437 筆 → output/prices/5245.csv
2026-09-27 19:37:17,879 [INFO] [5246] 已存 943 筆 → output/prices/5246.csv
2026-09-27 19:37:31,919 [INFO] [5248] 已存 2437 筆 → output/prices/5248.csv
2026-09-27 19:37:45,975 [INFO] [5251] 已存 2437 筆 → output/prices/5251.csv
2026-09-27 19:37:59,956 [INFO] [5254] 已存 1874 筆 → output/prices/5254.csv
2026-09-27 19:38:13,930 [INFO] [5258] 已存 2437 筆 → output/prices/5258.csv
2026-09-27 19:38:27,686 [INFO] [5259] 已存 685 筆 → output/prices/5259.csv
2026-09-27 19:38:41,664 [INFO] [5262] 已存 2437 筆 → output/prices/5262.csv
2026-09-27 19:38:55,655 [INFO] [5263] 已存 2437 筆 → output/prices/5263.csv
2026-09-27 19:39:09,411 [INFO] [5264] 已存 1049 筆 → output/prices/5264.csv
2026-09-27 19:39:23,380 [INFO] [5267] 已存 2437 筆 → output/prices/5267.csv
2026-09-27 19:39:37,368 [INFO] [5269] 已存 2437 筆 → output/prices/5269.csv
2026-09-27 19:39:51,367 [INFO] [5271] 已存 2417 筆 → output/prices/5271.csv
2026-09-27 19:40:05,494 [INFO] [5272] 已存 2437 筆 → output/prices/5272.csv
2026-09-27 19:40:19,558 [INFO] [5274] 已存 2437 筆 → output/prices/5274.csv
2026-09-27 19:40:33,559 [INFO] [5276] 已存 2437 筆 → output/prices/5276.csv
2026-09-27 19:40:47,568 [INFO] [5277] 已存 2150 筆 → output/prices/5277.csv
2026-09-27 19:41:01,589 [INFO] [5278] 已存 2430 筆 → output/prices/5278.csv
2026-09-27 19:41:15,150 [INFO] [5280] 無資料，略過存檔
2026-09-27 19:41:29,114 [INFO] [5281] 已存 1727 筆 → output/prices/5281.csv
2026-09-27 19:41:43,091 [INFO] [5283] 已存 2437 筆 → output/prices/5283.csv
2026-09-27 19:41:57,052 [INFO] [5284] 已存 2437 筆 → output/prices/5284.csv
2026-09-27 19:42:11,035 [INFO] [5285] 已存 2437 筆 → output/prices/5285.csv
2026-09-27 19:42:25,018 [INFO] [5287] 已存 2437 筆 → output/prices/5287.csv
2026-09-27 19:42:38,987 [INFO] [5288] 已存 2437 筆 → output/prices/5288.csv
2026-09-27 19:42:52,983 [INFO] [5289] 已存 2437 筆 → output/prices/5289.csv
2026-09-27 19:43:06,972 [INFO] [5291] 已存 2437 筆 → output/prices/5291.csv
2026-09-27 19:43:20,934 [INFO] [5292] 已存 1632 筆 → output/prices/5292.csv
2026-09-27 19:43:34,906 [INFO] [5297] 已存 2341 筆 → output/prices/5297.csv
2026-09-27 19:43:48,888 [INFO] [5299] 已存 2437 筆 → output/prices/5299.csv
2026-09-27 19:44:02,958 [INFO] [5301] 已存 2426 筆 → output/prices/5301.csv
2026-09-27 19:44:16,953 [INFO] [5302] 已存 2437 筆 → output/prices/5302.csv
2026-09-27 19:44:30,800 [INFO] [5304] 已存 1016 筆 → output/prices/5304.csv
2026-09-27 19:44:44,561 [INFO] [5305] 已存 1018 筆 → output/prices/5305.csv
2026-09-27 19:44:58,530 [INFO] [5306] 已存 2437 筆 → output/prices/5306.csv
2026-09-27 19:45:12,522 [INFO] [5309] 已存 2432 筆 → output/prices/5309.csv
2026-09-27 19:45:26,595 [INFO] [5310] 已存 2432 筆 → output/prices/5310.csv
2026-09-27 19:45:40,572 [INFO] [5312] 已存 2437 筆 → output/prices/5312.csv
2026-09-27 19:45:54,618 [INFO] [5314] 已存 2424 筆 → output/prices/5314.csv
2026-09-27 19:46:08,680 [INFO] [5315] 已存 2437 筆 → output/prices/5315.csv
2026-09-27 19:46:22,741 [INFO] [5321] 已存 2437 筆 → output/prices/5321.csv
2026-09-27 19:46:36,745 [INFO] [5324] 已存 2437 筆 → output/prices/5324.csv
2026-09-27 19:46:50,763 [INFO] [5328] 已存 2437 筆 → output/prices/5328.csv
2026-09-27 19:47:04,748 [INFO] [5340] 已存 2437 筆 → output/prices/5340.csv
2026-09-27 19:47:18,731 [INFO] [5344] 已存 2437 筆 → output/prices/5344.csv
2026-09-27 19:47:32,689 [INFO] [5345] 已存 2424 筆 → output/prices/5345.csv
2026-09-27 19:47:46,692 [INFO] [5347] 已存 2437 筆 → output/prices/5347.csv
2026-09-27 19:48:00,658 [INFO] [5348] 已存 2430 筆 → output/prices/5348.csv
2026-09-27 19:48:14,443 [INFO] [5349] 已存 1000 筆 → output/prices/5349.csv
2026-09-27 19:48:28,413 [INFO] [5351] 已存 2430 筆 → output/prices/5351.csv
2026-09-27 19:48:42,392 [INFO] [5353] 已存 2422 筆 → output/prices/5353.csv
2026-09-27 19:48:56,383 [INFO] [5355] 已存 2437 筆 → output/prices/5355.csv
2026-09-27 19:49:10,368 [INFO] [5356] 已存 2432 筆 → output/prices/5356.csv
2026-09-27 19:49:24,564 [INFO] [5364] 已存 2437 筆 → output/prices/5364.csv
2026-09-27 19:49:38,629 [INFO] [5371] 已存 2413 筆 → output/prices/5371.csv
2026-09-27 19:49:52,679 [INFO] [5381] 已存 2424 筆 → output/prices/5381.csv
2026-09-27 19:50:06,656 [INFO] [5383] 已存 1859 筆 → output/prices/5383.csv
2026-09-27 19:50:20,654 [INFO] [5386] 已存 2437 筆 → output/prices/5386.csv
2026-09-27 19:50:34,627 [INFO] [5388] 已存 2437 筆 → output/prices/5388.csv
2026-09-27 19:50:48,683 [INFO] [5392] 已存 2437 筆 → output/prices/5392.csv
2026-09-27 19:51:02,772 [INFO] [5398] 已存 2437 筆 → output/prices/5398.csv
2026-09-27 19:51:16,743 [INFO] [5403] 已存 2437 筆 → output/prices/5403.csv
2026-09-27 19:51:30,722 [INFO] [5410] 已存 2437 筆 → output/prices/5410.csv
2026-09-27 19:51:44,703 [INFO] [5425] 已存 2437 筆 → output/prices/5425.csv
2026-09-27 19:51:58,775 [INFO] [5426] 已存 2437 筆 → output/prices/5426.csv
2026-09-27 19:52:12,768 [INFO] [5432] 已存 2437 筆 → output/prices/5432.csv
2026-09-27 19:52:26,832 [INFO] [5434] 已存 2437 筆 → output/prices/5434.csv
2026-09-27 19:52:40,837 [INFO] [5438] 已存 2437 筆 → output/prices/5438.csv
2026-09-27 19:52:54,804 [INFO] [5439] 已存 2437 筆 → output/prices/5439.csv
2026-09-27 19:53:08,812 [INFO] [5443] 已存 2437 筆 → output/prices/5443.csv
2026-09-27 19:53:22,874 [INFO] [5450] 已存 2437 筆 → output/prices/5450.csv
2026-09-27 19:53:36,892 [INFO] [5452] 已存 2437 筆 → output/prices/5452.csv
2026-09-27 19:53:50,936 [INFO] [5455] 已存 2437 筆 → output/prices/5455.csv
2026-09-27 19:54:04,914 [INFO] [5457] 已存 2437 筆 → output/prices/5457.csv
2026-09-27 19:54:18,987 [INFO] [5460] 已存 2423 筆 → output/prices/5460.csv
2026-09-27 19:54:32,991 [INFO] [5464] 已存 2437 筆 → output/prices/5464.csv
2026-09-27 19:54:46,986 [INFO] [5465] 已存 2430 筆 → output/prices/5465.csv
2026-09-27 19:55:00,987 [INFO] [5468] 已存 2431 筆 → output/prices/5468.csv
2026-09-27 19:55:14,968 [INFO] [5469] 已存 2430 筆 → output/prices/5469.csv
2026-09-27 19:55:28,971 [INFO] [5471] 已存 2437 筆 → output/prices/5471.csv
2026-09-27 19:55:43,022 [INFO] [5474] 已存 2437 筆 → output/prices/5474.csv
2026-09-27 19:55:57,005 [INFO] [5475] 已存 2422 筆 → output/prices/5475.csv
2026-09-27 19:56:11,027 [INFO] [5478] 已存 2437 筆 → output/prices/5478.csv
2026-09-27 19:56:25,013 [INFO] [5481] 已存 2343 筆 → output/prices/5481.csv
2026-09-27 19:56:39,067 [INFO] [5483] 已存 2437 筆 → output/prices/5483.csv
2026-09-27 19:56:53,105 [INFO] [5484] 已存 2424 筆 → output/prices/5484.csv
2026-09-27 19:57:07,107 [INFO] [5487] 已存 2437 筆 → output/prices/5487.csv
2026-09-27 19:57:21,086 [INFO] [5488] 已存 2437 筆 → output/prices/5488.csv
2026-09-27 19:57:35,065 [INFO] [5489] 已存 2437 筆 → output/prices/5489.csv
2026-09-27 19:57:49,154 [INFO] [5490] 已存 2437 筆 → output/prices/5490.csv
2026-09-27 19:58:03,130 [INFO] [5493] 已存 2430 筆 → output/prices/5493.csv
2026-09-27 19:58:17,099 [INFO] [5498] 已存 2437 筆 → output/prices/5498.csv
2026-09-27 19:58:31,073 [INFO] [5508] 已存 2437 筆 → output/prices/5508.csv
2026-09-27 19:58:45,130 [INFO] [5511] 已存 2428 筆 → output/prices/5511.csv
2026-09-27 19:58:59,131 [INFO] [5512] 已存 2437 筆 → output/prices/5512.csv
2026-09-27 19:59:13,117 [INFO] [5514] 已存 2437 筆 → output/prices/5514.csv
2026-09-27 19:59:27,121 [INFO] [5515] 已存 2426 筆 → output/prices/5515.csv
2026-09-27 19:59:41,110 [INFO] [5516] 已存 2437 筆 → output/prices/5516.csv
2026-09-27 19:59:55,083 [INFO] [5519] 已存 2437 筆 → output/prices/5519.csv
2026-09-27 20:00:09,137 [INFO] [5520] 已存 2430 筆 → output/prices/5520.csv
2026-09-27 20:00:23,118 [INFO] [5521] 已存 2437 筆 → output/prices/5521.csv
2026-09-27 20:00:37,092 [INFO] [5522] 已存 2437 筆 → output/prices/5522.csv
2026-09-27 20:00:51,098 [INFO] [5523] 已存 2437 筆 → output/prices/5523.csv
2026-09-27 20:01:05,079 [INFO] [5525] 已存 2428 筆 → output/prices/5525.csv
2026-09-27 20:01:19,076 [INFO] [5529] 已存 2423 筆 → output/prices/5529.csv
2026-09-27 20:01:33,064 [INFO] [5530] 已存 2437 筆 → output/prices/5530.csv
2026-09-27 20:01:47,119 [INFO] [5531] 已存 2437 筆 → output/prices/5531.csv
2026-09-27 20:02:01,177 [INFO] [5533] 已存 2437 筆 → output/prices/5533.csv
2026-09-27 20:02:15,232 [INFO] [5534] 已存 2437 筆 → output/prices/5534.csv
2026-09-27 20:02:29,193 [INFO] [5536] 已存 2430 筆 → output/prices/5536.csv
2026-09-27 20:02:43,204 [INFO] [5538] 已存 2437 筆 → output/prices/5538.csv
2026-09-27 20:02:57,188 [INFO] [5543] 已存 2437 筆 → output/prices/5543.csv
2026-09-27 20:03:10,992 [INFO] [5546] 已存 1548 筆 → output/prices/5546.csv
2026-09-27 20:03:24,768 [INFO] [5547] 已存 1630 筆 → output/prices/5547.csv
2026-09-27 20:03:38,651 [INFO] [5548] 已存 945 筆 → output/prices/5548.csv
2026-09-27 20:03:52,699 [INFO] [5601] 已存 2437 筆 → output/prices/5601.csv
2026-09-27 20:04:06,831 [INFO] [5603] 已存 2437 筆 → output/prices/5603.csv
2026-09-27 20:04:20,808 [INFO] [5604] 已存 2437 筆 → output/prices/5604.csv
2026-09-27 20:04:34,815 [INFO] [5607] 已存 2437 筆 → output/prices/5607.csv
2026-09-27 20:04:48,778 [INFO] [5608] 已存 2431 筆 → output/prices/5608.csv
2026-09-27 20:05:03,012 [INFO] [5609] 已存 2437 筆 → output/prices/5609.csv
2026-09-27 20:05:17,063 [INFO] [5701] 已存 2432 筆 → output/prices/5701.csv
2026-09-27 20:05:31,046 [INFO] [5703] 已存 2437 筆 → output/prices/5703.csv
2026-09-27 20:05:45,012 [INFO] [5704] 已存 2437 筆 → output/prices/5704.csv
2026-09-27 20:05:59,089 [INFO] [5706] 已存 2437 筆 → output/prices/5706.csv
2026-09-27 20:06:12,866 [INFO] [5820] 已存 1492 筆 → output/prices/5820.csv
2026-09-27 20:06:26,418 [INFO] [5854] 無資料，略過存檔
2026-09-27 20:06:40,401 [INFO] [5859] 已存 2437 筆 → output/prices/5859.csv
2026-09-27 20:06:54,419 [INFO] [5863] 已存 2437 筆 → output/prices/5863.csv
2026-09-27 20:07:08,516 [INFO] [5864] 已存 2437 筆 → output/prices/5864.csv
2026-09-27 20:07:22,503 [INFO] [5871] 已存 2437 筆 → output/prices/5871.csv
2026-09-27 20:07:36,282 [INFO] [5871A] 已存 1469 筆 → output/prices/5871A.csv
2026-09-27 20:07:50,296 [INFO] [5876] 已存 2437 筆 → output/prices/5876.csv
2026-09-27 20:08:04,275 [INFO] [5878] 已存 2437 筆 → output/prices/5878.csv
2026-09-27 20:08:18,267 [INFO] [5880] 已存 2437 筆 → output/prices/5880.csv
2026-09-27 20:08:32,411 [INFO] [5902] 已存 2437 筆 → output/prices/5902.csv
2026-09-27 20:08:46,391 [INFO] [5903] 已存 2437 筆 → output/prices/5903.csv
2026-09-27 20:09:00,367 [INFO] [5904] 已存 2430 筆 → output/prices/5904.csv
2026-09-27 20:09:14,379 [INFO] [5905] 已存 2437 筆 → output/prices/5905.csv
2026-09-27 20:09:28,365 [INFO] [5906] 已存 2426 筆 → output/prices/5906.csv
2026-09-27 20:09:42,342 [INFO] [5907] 已存 2437 筆 → output/prices/5907.csv
2026-09-27 20:09:55,893 [INFO] [6004] 無資料，略過存檔
2026-09-27 20:10:09,891 [INFO] [6005] 已存 2437 筆 → output/prices/6005.csv
2026-09-27 20:10:23,442 [INFO] [6012] 無資料，略過存檔
2026-09-27 20:10:37,432 [INFO] [6015] 已存 2437 筆 → output/prices/6015.csv
2026-09-27 20:10:51,511 [INFO] [6016] 已存 2437 筆 → output/prices/6016.csv
2026-09-27 20:11:05,490 [INFO] [6020] 已存 2437 筆 → output/prices/6020.csv
2026-09-27 20:11:19,480 [INFO] [6021] 已存 2437 筆 → output/prices/6021.csv
2026-09-27 20:11:33,479 [INFO] [6023] 已存 2437 筆 → output/prices/6023.csv
2026-09-27 20:11:47,453 [INFO] [6024] 已存 2437 筆 → output/prices/6024.csv
2026-09-27 20:12:01,432 [INFO] [6026] 已存 2437 筆 → output/prices/6026.csv
2026-09-27 20:12:15,500 [INFO] [6027] 已存 2437 筆 → output/prices/6027.csv
2026-09-27 20:12:29,454 [INFO] [6028] 已存 1841 筆 → output/prices/6028.csv
2026-09-27 20:12:43,219 [INFO] [6035] 已存 901 筆 → output/prices/6035.csv
2026-09-27 20:12:57,263 [INFO] [6101] 已存 2437 筆 → output/prices/6101.csv
2026-09-27 20:13:11,229 [INFO] [6103] 已存 2432 筆 → output/prices/6103.csv
2026-09-27 20:13:25,207 [INFO] [6104] 已存 2437 筆 → output/prices/6104.csv
2026-09-27 20:13:39,270 [INFO] [6108] 已存 2437 筆 → output/prices/6108.csv
2026-09-27 20:13:53,289 [INFO] [6109] 已存 2423 筆 → output/prices/6109.csv
2026-09-27 20:14:07,288 [INFO] [6111] 已存 2437 筆 → output/prices/6111.csv
2026-09-27 20:14:21,276 [INFO] [6112] 已存 2437 筆 → output/prices/6112.csv
2026-09-27 20:14:35,251 [INFO] [6113] 已存 2437 筆 → output/prices/6113.csv
2026-09-27 20:14:49,226 [INFO] [6114] 已存 2437 筆 → output/prices/6114.csv
2026-09-27 20:15:03,240 [INFO] [6115] 已存 2437 筆 → output/prices/6115.csv
2026-09-27 20:15:17,245 [INFO] [6116] 已存 2437 筆 → output/prices/6116.csv
2026-09-27 20:15:31,249 [INFO] [6117] 已存 2437 筆 → output/prices/6117.csv
2026-09-27 20:15:45,262 [INFO] [6118] 已存 2437 筆 → output/prices/6118.csv
2026-09-27 20:15:58,819 [INFO] [6119] 無資料，略過存檔
2026-09-27 20:16:12,820 [INFO] [6120] 已存 2430 筆 → output/prices/6120.csv
2026-09-27 20:16:26,813 [INFO] [6121] 已存 2427 筆 → output/prices/6121.csv
2026-09-27 20:16:40,833 [INFO] [6122] 已存 2437 筆 → output/prices/6122.csv
2026-09-27 20:16:54,832 [INFO] [6123] 已存 2437 筆 → output/prices/6123.csv
2026-09-27 20:17:08,895 [INFO] [6124] 已存 2437 筆 → output/prices/6124.csv
2026-09-27 20:17:22,870 [INFO] [6125] 已存 2437 筆 → output/prices/6125.csv
2026-09-27 20:17:36,866 [INFO] [6126] 已存 2437 筆 → output/prices/6126.csv
2026-09-27 20:17:50,872 [INFO] [6127] 已存 2437 筆 → output/prices/6127.csv
2026-09-27 20:18:04,914 [INFO] [6128] 已存 2437 筆 → output/prices/6128.csv
2026-09-27 20:18:18,969 [INFO] [6129] 已存 2430 筆 → output/prices/6129.csv
2026-09-27 20:18:33,021 [INFO] [6130] 已存 2437 筆 → output/prices/6130.csv
2026-09-27 20:18:46,776 [INFO] [6131] 已存 807 筆 → output/prices/6131.csv
2026-09-27 20:19:00,747 [INFO] [6133] 已存 2437 筆 → output/prices/6133.csv
2026-09-27 20:19:14,712 [INFO] [6134] 已存 2430 筆 → output/prices/6134.csv
2026-09-27 20:19:28,686 [INFO] [6136] 已存 2437 筆 → output/prices/6136.csv
2026-09-27 20:19:42,703 [INFO] [6138] 已存 2431 筆 → output/prices/6138.csv
2026-09-27 20:19:56,681 [INFO] [6139] 已存 2437 筆 → output/prices/6139.csv
2026-09-27 20:20:10,695 [INFO] [6140] 已存 2437 筆 → output/prices/6140.csv
2026-09-27 20:20:24,662 [INFO] [6141] 已存 2430 筆 → output/prices/6141.csv
2026-09-27 20:20:38,641 [INFO] [6142] 已存 2432 筆 → output/prices/6142.csv
2026-09-27 20:20:52,613 [INFO] [6143] 已存 2437 筆 → output/prices/6143.csv
2026-09-27 20:21:06,596 [INFO] [6144] 已存 2430 筆 → output/prices/6144.csv
2026-09-27 20:21:20,341 [INFO] [6145] 已存 486 筆 → output/prices/6145.csv
2026-09-27 20:21:34,321 [INFO] [6146] 已存 2437 筆 → output/prices/6146.csv
2026-09-27 20:21:48,334 [INFO] [6147] 已存 2437 筆 → output/prices/6147.csv
2026-09-27 20:22:02,342 [INFO] [6148] 已存 2425 筆 → output/prices/6148.csv
2026-09-27 20:22:16,350 [INFO] [6150] 已存 2427 筆 → output/prices/6150.csv
2026-09-27 20:22:30,395 [INFO] [6151] 已存 2437 筆 → output/prices/6151.csv
2026-09-27 20:22:44,360 [INFO] [6152] 已存 2437 筆 → output/prices/6152.csv
2026-09-27 20:22:58,346 [INFO] [6153] 已存 2437 筆 → output/prices/6153.csv
2026-09-27 20:23:12,303 [INFO] [6154] 已存 2437 筆 → output/prices/6154.csv
2026-09-27 20:23:26,293 [INFO] [6155] 已存 2437 筆 → output/prices/6155.csv
2026-09-27 20:23:40,337 [INFO] [6156] 已存 2437 筆 → output/prices/6156.csv
2026-09-27 20:23:54,334 [INFO] [6158] 已存 2433 筆 → output/prices/6158.csv
2026-09-27 20:24:08,308 [INFO] [6160] 已存 2437 筆 → output/prices/6160.csv
2026-09-27 20:24:22,362 [INFO] [6161] 已存 2424 筆 → output/prices/6161.csv
2026-09-27 20:24:36,347 [INFO] [6163] 已存 2437 筆 → output/prices/6163.csv
2026-09-27 20:24:50,346 [INFO] [6164] 已存 2430 筆 → output/prices/6164.csv
2026-09-27 20:25:04,343 [INFO] [6165] 已存 2437 筆 → output/prices/6165.csv
2026-09-27 20:25:18,318 [INFO] [6166] 已存 2437 筆 → output/prices/6166.csv
2026-09-27 20:25:32,373 [INFO] [6167] 已存 2430 筆 → output/prices/6167.csv
2026-09-27 20:25:46,388 [INFO] [6168] 已存 2437 筆 → output/prices/6168.csv
2026-09-27 20:26:00,365 [INFO] [6169] 已存 2431 筆 → output/prices/6169.csv
2026-09-27 20:26:14,347 [INFO] [6170] 已存 2437 筆 → output/prices/6170.csv
2026-09-27 20:26:28,332 [INFO] [6171] 已存 2437 筆 → output/prices/6171.csv
2026-09-27 20:26:42,092 [INFO] [6172] 已存 1259 筆 → output/prices/6172.csv
2026-09-27 20:26:56,057 [INFO] [6173] 已存 2429 筆 → output/prices/6173.csv
2026-09-27 20:27:10,115 [INFO] [6174] 已存 2437 筆 → output/prices/6174.csv
2026-09-27 20:27:24,242 [INFO] [6175] 已存 2437 筆 → output/prices/6175.csv
2026-09-27 20:27:38,223 [INFO] [6176] 已存 2430 筆 → output/prices/6176.csv
2026-09-27 20:27:52,185 [INFO] [6177] 已存 2437 筆 → output/prices/6177.csv
2026-09-27 20:28:06,187 [INFO] [6179] 已存 2437 筆 → output/prices/6179.csv
2026-09-27 20:28:20,238 [INFO] [6180] 已存 2437 筆 → output/prices/6180.csv
2026-09-27 20:28:34,209 [INFO] [6182] 已存 2437 筆 → output/prices/6182.csv
2026-09-27 20:28:48,260 [INFO] [6183] 已存 2437 筆 → output/prices/6183.csv
2026-09-27 20:29:02,241 [INFO] [6184] 已存 2437 筆 → output/prices/6184.csv
2026-09-27 20:29:16,243 [INFO] [6185] 已存 2437 筆 → output/prices/6185.csv
2026-09-27 20:29:30,237 [INFO] [6186] 已存 2437 筆 → output/prices/6186.csv
2026-09-27 20:29:44,339 [INFO] [6187] 已存 2437 筆 → output/prices/6187.csv
2026-09-27 20:29:58,392 [INFO] [6188] 已存 2437 筆 → output/prices/6188.csv
2026-09-27 20:30:12,370 [INFO] [6189] 已存 2437 筆 → output/prices/6189.csv
2026-09-27 20:30:26,376 [INFO] [6190] 已存 2437 筆 → output/prices/6190.csv
2026-09-27 20:30:40,461 [INFO] [6191] 已存 2432 筆 → output/prices/6191.csv
2026-09-27 20:30:54,528 [INFO] [6192] 已存 2422 筆 → output/prices/6192.csv
2026-09-27 20:31:08,500 [INFO] [6194] 已存 2423 筆 → output/prices/6194.csv
2026-09-27 20:31:22,471 [INFO] [6195] 已存 2437 筆 → output/prices/6195.csv
2026-09-27 20:31:36,446 [INFO] [6196] 已存 2437 筆 → output/prices/6196.csv
2026-09-27 20:31:50,503 [INFO] [6197] 已存 2427 筆 → output/prices/6197.csv
2026-09-27 20:32:04,504 [INFO] [6198] 已存 2430 筆 → output/prices/6198.csv
2026-09-27 20:32:18,491 [INFO] [6199] 已存 2436 筆 → output/prices/6199.csv
2026-09-27 20:32:32,565 [INFO] [6201] 已存 2436 筆 → output/prices/6201.csv
2026-09-27 20:32:46,547 [INFO] [6202] 已存 2437 筆 → output/prices/6202.csv
2026-09-27 20:33:00,529 [INFO] [6203] 已存 2437 筆 → output/prices/6203.csv
2026-09-27 20:33:14,522 [INFO] [6204] 已存 2431 筆 → output/prices/6204.csv
2026-09-27 20:33:28,504 [INFO] [6205] 已存 2437 筆 → output/prices/6205.csv
2026-09-27 20:33:42,571 [INFO] [6206] 已存 2437 筆 → output/prices/6206.csv
2026-09-27 20:33:56,542 [INFO] [6207] 已存 2430 筆 → output/prices/6207.csv
2026-09-27 20:34:10,529 [INFO] [6208] 已存 2423 筆 → output/prices/6208.csv
2026-09-27 20:34:24,501 [INFO] [6209] 已存 2437 筆 → output/prices/6209.csv
2026-09-27 20:34:38,478 [INFO] [6210] 已存 2437 筆 → output/prices/6210.csv
2026-09-27 20:34:52,543 [INFO] [6212] 已存 2437 筆 → output/prices/6212.csv
2026-09-27 20:35:06,517 [INFO] [6213] 已存 2437 筆 → output/prices/6213.csv
2026-09-27 20:35:20,537 [INFO] [6214] 已存 2437 筆 → output/prices/6214.csv
2026-09-27 20:35:34,534 [INFO] [6215] 已存 2437 筆 → output/prices/6215.csv
2026-09-27 20:35:48,541 [INFO] [6216] 已存 2437 筆 → output/prices/6216.csv
2026-09-27 20:36:02,635 [INFO] [6217] 已存 2437 筆 → output/prices/6217.csv
2026-09-27 20:36:16,701 [INFO] [6218] 已存 2437 筆 → output/prices/6218.csv
2026-09-27 20:36:30,754 [INFO] [6219] 已存 2422 筆 → output/prices/6219.csv
2026-09-27 20:36:44,737 [INFO] [6220] 已存 2437 筆 → output/prices/6220.csv
2026-09-27 20:36:58,803 [INFO] [6221] 已存 2437 筆 → output/prices/6221.csv
2026-09-27 20:37:12,794 [INFO] [6222] 已存 2252 筆 → output/prices/6222.csv
2026-09-27 20:37:26,842 [INFO] [6223] 已存 2437 筆 → output/prices/6223.csv
2026-09-27 20:37:40,892 [INFO] [6224] 已存 2437 筆 → output/prices/6224.csv
2026-09-27 20:37:54,901 [INFO] [6225] 已存 2423 筆 → output/prices/6225.csv
2026-09-27 20:38:08,883 [INFO] [6226] 已存 2437 筆 → output/prices/6226.csv
2026-09-27 20:38:22,866 [INFO] [6227] 已存 2437 筆 → output/prices/6227.csv
2026-09-27 20:38:36,954 [INFO] [6228] 已存 2422 筆 → output/prices/6228.csv
2026-09-27 20:38:50,988 [INFO] [6229] 已存 2437 筆 → output/prices/6229.csv
2026-09-27 20:39:05,000 [INFO] [6230] 已存 2437 筆 → output/prices/6230.csv
2026-09-27 20:39:19,050 [INFO] [6231] 已存 2437 筆 → output/prices/6231.csv
2026-09-27 20:39:33,101 [INFO] [6233] 已存 2437 筆 → output/prices/6233.csv
2026-09-27 20:39:47,110 [INFO] [6234] 已存 2437 筆 → output/prices/6234.csv
2026-09-27 20:40:01,087 [INFO] [6235] 已存 2437 筆 → output/prices/6235.csv
2026-09-27 20:40:14,911 [INFO] [6236] 已存 2437 筆 → output/prices/6236.csv
2026-09-27 20:40:28,959 [INFO] [6237] 已存 2437 筆 → output/prices/6237.csv
2026-09-27 20:40:42,717 [INFO] [6238] 已存 905 筆 → output/prices/6238.csv
2026-09-27 20:40:56,781 [INFO] [6239] 已存 2437 筆 → output/prices/6239.csv
2026-09-27 20:41:10,758 [INFO] [6240] 已存 2399 筆 → output/prices/6240.csv
2026-09-27 20:41:24,744 [INFO] [6241] 已存 2432 筆 → output/prices/6241.csv
2026-09-27 20:41:38,744 [INFO] [6242] 已存 2437 筆 → output/prices/6242.csv
2026-09-27 20:41:52,794 [INFO] [6243] 已存 2432 筆 → output/prices/6243.csv
2026-09-27 20:42:06,769 [INFO] [6244] 已存 2430 筆 → output/prices/6244.csv
2026-09-27 20:42:20,777 [INFO] [6245] 已存 2437 筆 → output/prices/6245.csv
2026-09-27 20:42:34,778 [INFO] [6246] 已存 2429 筆 → output/prices/6246.csv
2026-09-27 20:42:48,625 [INFO] [6247] 已存 1550 筆 → output/prices/6247.csv
2026-09-27 20:43:02,632 [INFO] [6248] 已存 2437 筆 → output/prices/6248.csv
2026-09-27 20:43:16,566 [INFO] [6251] 已存 1431 筆 → output/prices/6251.csv
2026-09-27 20:43:30,127 [INFO] [6255] 無資料，略過存檔
2026-09-27 20:43:44,113 [INFO] [6257] 已存 2437 筆 → output/prices/6257.csv
2026-09-27 20:43:58,097 [INFO] [6259] 已存 2430 筆 → output/prices/6259.csv
2026-09-27 20:44:12,080 [INFO] [6261] 已存 2437 筆 → output/prices/6261.csv
2026-09-27 20:44:26,110 [INFO] [6263] 已存 2437 筆 → output/prices/6263.csv
2026-09-27 20:44:40,100 [INFO] [6264] 已存 2437 筆 → output/prices/6264.csv
2026-09-27 20:44:54,101 [INFO] [6265] 已存 2437 筆 → output/prices/6265.csv
2026-09-27 20:45:08,067 [INFO] [6266] 已存 2437 筆 → output/prices/6266.csv
2026-09-27 20:45:22,291 [INFO] [6269] 已存 2437 筆 → output/prices/6269.csv
2026-09-27 20:45:36,275 [INFO] [6270] 已存 2437 筆 → output/prices/6270.csv
2026-09-27 20:45:50,261 [INFO] [6271] 已存 2423 筆 → output/prices/6271.csv
2026-09-27 20:46:04,245 [INFO] [6272] 已存 2437 筆 → output/prices/6272.csv
2026-09-27 20:46:18,228 [INFO] [6274] 已存 2437 筆 → output/prices/6274.csv
2026-09-27 20:46:32,295 [INFO] [6275] 已存 2437 筆 → output/prices/6275.csv
2026-09-27 20:46:46,278 [INFO] [6276] 已存 2414 筆 → output/prices/6276.csv
2026-09-27 20:47:00,293 [INFO] [6277] 已存 2437 筆 → output/prices/6277.csv
2026-09-27 20:47:14,265 [INFO] [6278] 已存 2437 筆 → output/prices/6278.csv
2026-09-27 20:47:28,317 [INFO] [6279] 已存 2437 筆 → output/prices/6279.csv
2026-09-27 20:47:41,948 [INFO] [6280] 無資料，略過存檔
2026-09-27 20:47:55,911 [INFO] [6281] 已存 2437 筆 → output/prices/6281.csv
2026-09-27 20:48:09,973 [INFO] [6282] 已存 2437 筆 → output/prices/6282.csv
2026-09-27 20:48:23,948 [INFO] [6283] 已存 2427 筆 → output/prices/6283.csv
2026-09-27 20:48:38,019 [INFO] [6284] 已存 2430 筆 → output/prices/6284.csv
2026-09-27 20:48:51,991 [INFO] [6285] 已存 2437 筆 → output/prices/6285.csv
2026-09-27 20:49:05,565 [INFO] [6286] 無資料，略過存檔
2026-09-27 20:49:19,526 [INFO] [6287] 已存 2120 筆 → output/prices/6287.csv
2026-09-27 20:49:33,524 [INFO] [6288] 已存 2158 筆 → output/prices/6288.csv
2026-09-27 20:49:47,388 [INFO] [6289] 已存 1454 筆 → output/prices/6289.csv
2026-09-27 20:50:01,392 [INFO] [6290] 已存 2437 筆 → output/prices/6290.csv
2026-09-27 20:50:15,351 [INFO] [6291] 已存 2414 筆 → output/prices/6291.csv
2026-09-27 20:50:29,406 [INFO] [6292] 已存 2437 筆 → output/prices/6292.csv
2026-09-27 20:50:43,368 [INFO] [6294] 已存 2437 筆 → output/prices/6294.csv
2026-09-27 20:50:57,327 [INFO] [6403] 已存 2256 筆 → output/prices/6403.csv
2026-09-27 20:51:11,355 [INFO] [6404] 已存 1740 筆 → output/prices/6404.csv
2026-09-27 20:51:25,356 [INFO] [6405] 已存 2437 筆 → output/prices/6405.csv
2026-09-27 20:51:39,435 [INFO] [6407] 已存 2437 筆 → output/prices/6407.csv
2026-09-27 20:51:53,419 [INFO] [6409] 已存 2437 筆 → output/prices/6409.csv
2026-09-27 20:52:07,396 [INFO] [6411] 已存 2437 筆 → output/prices/6411.csv
2026-09-27 20:52:21,449 [INFO] [6412] 已存 2437 筆 → output/prices/6412.csv
2026-09-27 20:52:35,454 [INFO] [6414] 已存 2437 筆 → output/prices/6414.csv
2026-09-27 20:52:49,429 [INFO] [6415] 已存 2432 筆 → output/prices/6415.csv
2026-09-27 20:53:03,397 [INFO] [6416] 已存 2437 筆 → output/prices/6416.csv
2026-09-27 20:53:17,412 [INFO] [6417] 已存 2437 筆 → output/prices/6417.csv
2026-09-27 20:53:31,404 [INFO] [6418] 已存 2437 筆 → output/prices/6418.csv
2026-09-27 20:53:45,462 [INFO] [6419] 已存 2430 筆 → output/prices/6419.csv
2026-09-27 20:53:59,213 [INFO] [6422] 已存 488 筆 → output/prices/6422.csv
2026-09-27 20:54:13,177 [INFO] [6423] 已存 2437 筆 → output/prices/6423.csv
2026-09-27 20:54:27,161 [INFO] [6425] 已存 2437 筆 → output/prices/6425.csv
2026-09-27 20:54:41,135 [INFO] [6426] 已存 2437 筆 → output/prices/6426.csv
2026-09-27 20:54:55,148 [INFO] [6428] 已存 2435 筆 → output/prices/6428.csv
2026-09-27 20:55:09,206 [INFO] [6431] 已存 2437 筆 → output/prices/6431.csv
2026-09-27 20:55:23,216 [INFO] [6432] 已存 2437 筆 → output/prices/6432.csv
2026-09-27 20:55:37,331 [INFO] [6434] 已存 2437 筆 → output/prices/6434.csv
2026-09-27 20:55:51,380 [INFO] [6435] 已存 2437 筆 → output/prices/6435.csv
2026-09-27 20:56:05,359 [INFO] [6438] 已存 2437 筆 → output/prices/6438.csv
2026-09-27 20:56:19,352 [INFO] [6441] 已存 2437 筆 → output/prices/6441.csv
2026-09-27 20:56:33,330 [INFO] [6442] 已存 2437 筆 → output/prices/6442.csv
2026-09-27 20:56:47,341 [INFO] [6443] 已存 2431 筆 → output/prices/6443.csv
2026-09-27 20:57:01,337 [INFO] [6446] 已存 2437 筆 → output/prices/6446.csv
2026-09-27 20:57:15,388 [INFO] [6449] 已存 2437 筆 → output/prices/6449.csv
2026-09-27 20:57:29,379 [INFO] [6451] 已存 2437 筆 → output/prices/6451.csv
2026-09-27 20:57:43,210 [INFO] [6452] 已存 951 筆 → output/prices/6452.csv
2026-09-27 20:57:57,211 [INFO] [6456] 已存 2437 筆 → output/prices/6456.csv
2026-09-27 20:58:11,232 [INFO] [6457] 已存 2013 筆 → output/prices/6457.csv
2026-09-27 20:58:25,205 [INFO] [6461] 已存 2432 筆 → output/prices/6461.csv
2026-09-27 20:58:39,229 [INFO] [6462] 已存 2437 筆 → output/prices/6462.csv
2026-09-27 20:58:53,215 [INFO] [6464] 已存 2437 筆 → output/prices/6464.csv
2026-09-27 20:59:07,267 [INFO] [6465] 已存 2423 筆 → output/prices/6465.csv
2026-09-27 20:59:21,025 [INFO] [6467] 已存 984 筆 → output/prices/6467.csv
2026-09-27 20:59:34,997 [INFO] [6469] 已存 2437 筆 → output/prices/6469.csv
2026-09-27 20:59:49,052 [INFO] [6470] 已存 2437 筆 → output/prices/6470.csv
2026-09-27 21:00:03,068 [INFO] [6472] 已存 2437 筆 → output/prices/6472.csv
2026-09-27 21:00:17,114 [INFO] [6473] 已存 2432 筆 → output/prices/6473.csv
2026-09-27 21:00:31,095 [INFO] [6474] 已存 2102 筆 → output/prices/6474.csv
2026-09-27 21:00:45,075 [INFO] [6477] 已存 2437 筆 → output/prices/6477.csv
2026-09-27 21:00:59,052 [INFO] [6482] 已存 2437 筆 → output/prices/6482.csv
2026-09-27 21:01:12,954 [INFO] [6483] 已存 607 筆 → output/prices/6483.csv
2026-09-27 21:01:26,957 [INFO] [6485] 已存 2437 筆 → output/prices/6485.csv
2026-09-27 21:01:40,980 [INFO] [6486] 已存 2432 筆 → output/prices/6486.csv
2026-09-27 21:01:55,031 [INFO] [6488] 已存 2437 筆 → output/prices/6488.csv
2026-09-27 21:02:08,993 [INFO] [6491] 已存 2437 筆 → output/prices/6491.csv
2026-09-27 21:02:22,979 [INFO] [6492] 已存 2437 筆 → output/prices/6492.csv
2026-09-27 21:02:36,963 [INFO] [6493] 已存 2434 筆 → output/prices/6493.csv
2026-09-27 21:02:50,941 [INFO] [6494] 已存 2437 筆 → output/prices/6494.csv
2026-09-27 21:03:04,917 [INFO] [6495] 已存 2046 筆 → output/prices/6495.csv
2026-09-27 21:03:18,880 [INFO] [6496] 已存 2437 筆 → output/prices/6496.csv
2026-09-27 21:03:32,633 [INFO] [6497] 已存 795 筆 → output/prices/6497.csv
2026-09-27 21:03:46,653 [INFO] [6498] 已存 2437 筆 → output/prices/6498.csv
2026-09-27 21:04:00,636 [INFO] [6499] 已存 2437 筆 → output/prices/6499.csv
2026-09-27 21:04:14,604 [INFO] [6504] 已存 2437 筆 → output/prices/6504.csv
2026-09-27 21:04:28,588 [INFO] [6505] 已存 2437 筆 → output/prices/6505.csv
2026-09-27 21:04:42,634 [INFO] [6506] 已存 2437 筆 → output/prices/6506.csv
2026-09-27 21:04:56,628 [INFO] [6508] 已存 2437 筆 → output/prices/6508.csv
2026-09-27 21:05:10,647 [INFO] [6509] 已存 2437 筆 → output/prices/6509.csv
2026-09-27 21:05:24,683 [INFO] [6510] 已存 2437 筆 → output/prices/6510.csv
2026-09-27 21:05:38,686 [INFO] [6512] 已存 2437 筆 → output/prices/6512.csv
2026-09-27 21:05:52,813 [INFO] [6514] 已存 1959 筆 → output/prices/6514.csv
2026-09-27 21:06:06,756 [INFO] [6515] 已存 1667 筆 → output/prices/6515.csv
2026-09-27 21:06:20,819 [INFO] [6516] 已存 2437 筆 → output/prices/6516.csv
2026-09-27 21:06:34,588 [INFO] [6517] 已存 1294 筆 → output/prices/6517.csv
2026-09-27 21:06:48,640 [INFO] [6518] 已存 2437 筆 → output/prices/6518.csv
2026-09-27 21:07:03,102 [INFO] [6523] 已存 2437 筆 → output/prices/6523.csv
2026-09-27 21:07:17,074 [INFO] [6525] 已存 2437 筆 → output/prices/6525.csv
2026-09-27 21:07:30,845 [INFO] [6526] 已存 1174 筆 → output/prices/6526.csv
2026-09-27 21:07:44,842 [INFO] [6527] 已存 2437 筆 → output/prices/6527.csv
2026-09-27 21:07:58,846 [INFO] [6530] 已存 2437 筆 → output/prices/6530.csv
2026-09-27 21:08:12,901 [INFO] [6531] 已存 2431 筆 → output/prices/6531.csv
2026-09-27 21:08:26,971 [INFO] [6532] 已存 2437 筆 → output/prices/6532.csv
2026-09-27 21:08:41,028 [INFO] [6533] 已存 2437 筆 → output/prices/6533.csv
2026-09-27 21:08:54,997 [INFO] [6534] 已存 2437 筆 → output/prices/6534.csv
2026-09-27 21:09:09,020 [INFO] [6535] 已存 2437 筆 → output/prices/6535.csv
2026-09-27 21:09:23,032 [INFO] [6536] 已存 2432 筆 → output/prices/6536.csv
2026-09-27 21:09:37,018 [INFO] [6538] 已存 2437 筆 → output/prices/6538.csv
2026-09-27 21:09:50,989 [INFO] [6539] 已存 2431 筆 → output/prices/6539.csv
2026-09-27 21:10:05,065 [INFO] [6541] 已存 2430 筆 → output/prices/6541.csv
2026-09-27 21:10:19,035 [INFO] [6542] 已存 2437 筆 → output/prices/6542.csv
2026-09-27 21:10:33,002 [INFO] [6543] 已存 1827 筆 → output/prices/6543.csv
2026-09-27 21:10:46,987 [INFO] [6546] 已存 1799 筆 → output/prices/6546.csv
2026-09-27 21:11:00,975 [INFO] [6547] 已存 2437 筆 → output/prices/6547.csv
2026-09-27 21:11:14,964 [INFO] [6548] 已存 2423 筆 → output/prices/6548.csv
2026-09-27 21:11:28,975 [INFO] [6549] 已存 2437 筆 → output/prices/6549.csv
2026-09-27 21:11:43,041 [INFO] [6550] 已存 2431 筆 → output/prices/6550.csv
2026-09-27 21:11:57,012 [INFO] [6552] 已存 2431 筆 → output/prices/6552.csv
2026-09-27 21:12:11,027 [INFO] [6555] 已存 2437 筆 → output/prices/6555.csv
2026-09-27 21:12:25,009 [INFO] [6556] 已存 2437 筆 → output/prices/6556.csv
2026-09-27 21:12:39,009 [INFO] [6558] 已存 2437 筆 → output/prices/6558.csv
2026-09-27 21:12:52,988 [INFO] [6559] 已存 2436 筆 → output/prices/6559.csv
2026-09-27 21:13:06,996 [INFO] [6560] 已存 2437 筆 → output/prices/6560.csv
2026-09-27 21:13:20,980 [INFO] [6561] 已存 2256 筆 → output/prices/6561.csv
2026-09-27 21:13:34,992 [INFO] [6562] 已存 1461 筆 → output/prices/6562.csv
2026-09-27 21:13:48,592 [INFO] [6563] 已存 381 筆 → output/prices/6563.csv
2026-09-27 21:14:02,638 [INFO] [6564] 已存 1951 筆 → output/prices/6564.csv
2026-09-27 21:14:16,613 [INFO] [6565] 已存 2359 筆 → output/prices/6565.csv
2026-09-27 21:14:30,592 [INFO] [6568] 已存 2437 筆 → output/prices/6568.csv
2026-09-27 21:14:44,603 [INFO] [6569] 已存 2437 筆 → output/prices/6569.csv
2026-09-27 21:14:58,613 [INFO] [6570] 已存 2437 筆 → output/prices/6570.csv
2026-09-27 21:15:12,617 [INFO] [6572] 已存 2437 筆 → output/prices/6572.csv
2026-09-27 21:15:26,656 [INFO] [6573] 已存 2192 筆 → output/prices/6573.csv
2026-09-27 21:15:40,625 [INFO] [6574] 已存 2437 筆 → output/prices/6574.csv
2026-09-27 21:15:54,593 [INFO] [6576] 已存 2437 筆 → output/prices/6576.csv
2026-09-27 21:16:08,600 [INFO] [6577] 已存 2437 筆 → output/prices/6577.csv
2026-09-27 21:16:22,582 [INFO] [6578] 已存 2437 筆 → output/prices/6578.csv
2026-09-27 21:16:36,553 [INFO] [6579] 已存 2437 筆 → output/prices/6579.csv
2026-09-27 21:16:50,594 [INFO] [6580] 已存 2256 筆 → output/prices/6580.csv
2026-09-27 21:17:04,603 [INFO] [6581] 已存 2437 筆 → output/prices/6581.csv
2026-09-27 21:17:18,585 [INFO] [6582] 已存 2437 筆 → output/prices/6582.csv
2026-09-27 21:17:32,566 [INFO] [6583] 已存 2435 筆 → output/prices/6583.csv
2026-09-27 21:17:46,535 [INFO] [6584] 已存 2437 筆 → output/prices/6584.csv
2026-09-27 21:18:00,499 [INFO] [6585] 已存 2437 筆 → output/prices/6585.csv
2026-09-27 21:18:14,457 [INFO] [6586] 已存 2191 筆 → output/prices/6586.csv
2026-09-27 21:18:28,425 [INFO] [6588] 已存 2437 筆 → output/prices/6588.csv
2026-09-27 21:18:42,405 [INFO] [6589] 已存 2399 筆 → output/prices/6589.csv
2026-09-27 21:18:56,418 [INFO] [6590] 已存 2437 筆 → output/prices/6590.csv
2026-09-27 21:19:10,391 [INFO] [6591] 已存 2394 筆 → output/prices/6591.csv
2026-09-27 21:19:24,380 [INFO] [6592] 已存 1934 筆 → output/prices/6592.csv
2026-09-27 21:19:38,144 [INFO] [6592A] 已存 970 筆 → output/prices/6592A.csv
2026-09-27 21:19:51,898 [INFO] [6592B] 已存 745 筆 → output/prices/6592B.csv
2026-09-27 21:20:06,013 [INFO] [6593] 已存 2437 筆 → output/prices/6593.csv
2026-09-27 21:20:19,819 [INFO] [6594] 已存 1444 筆 → output/prices/6594.csv
2026-09-27 21:20:33,777 [INFO] [6595] 已存 1871 筆 → output/prices/6595.csv
2026-09-27 21:20:47,776 [INFO] [6596] 已存 2431 筆 → output/prices/6596.csv
2026-09-27 21:21:01,737 [INFO] [6597] 已存 2122 筆 → output/prices/6597.csv
2026-09-27 21:21:15,725 [INFO] [6598] 已存 2350 筆 → output/prices/6598.csv
2026-09-27 21:21:29,780 [INFO] [6599] 已存 2130 筆 → output/prices/6599.csv
2026-09-27 21:21:43,756 [INFO] [6603] 已存 2437 筆 → output/prices/6603.csv
2026-09-27 21:21:57,357 [INFO] [6604] 已存 223 筆 → output/prices/6604.csv
2026-09-27 21:22:11,341 [INFO] [6605] 已存 2437 筆 → output/prices/6605.csv
2026-09-27 21:22:25,293 [INFO] [6606] 已存 1631 筆 → output/prices/6606.csv
2026-09-27 21:22:39,264 [INFO] [6609] 已存 2437 筆 → output/prices/6609.csv
2026-09-27 21:22:53,234 [INFO] [6610] 已存 2375 筆 → output/prices/6610.csv
2026-09-27 21:23:07,231 [INFO] [6612] 已存 2375 筆 → output/prices/6612.csv
2026-09-27 21:23:21,241 [INFO] [6613] 已存 2371 筆 → output/prices/6613.csv
2026-09-27 21:23:34,987 [INFO] [6614] 已存 501 筆 → output/prices/6614.csv
2026-09-27 21:23:49,033 [INFO] [6615] 已存 2369 筆 → output/prices/6615.csv
2026-09-27 21:24:03,032 [INFO] [6616] 已存 2119 筆 → output/prices/6616.csv
2026-09-27 21:24:17,001 [INFO] [6617] 已存 2351 筆 → output/prices/6617.csv
2026-09-27 21:24:30,971 [INFO] [6618] 已存 2199 筆 → output/prices/6618.csv
2026-09-27 21:24:44,947 [INFO] [6620] 已存 2374 筆 → output/prices/6620.csv
2026-09-27 21:24:58,942 [INFO] [6621] 已存 2218 筆 → output/prices/6621.csv
2026-09-27 21:25:12,900 [INFO] [6622] 已存 2282 筆 → output/prices/6622.csv
2026-09-27 21:25:26,898 [INFO] [6624] 已存 2327 筆 → output/prices/6624.csv
2026-09-27 21:25:40,963 [INFO] [6625] 已存 2317 筆 → output/prices/6625.csv
2026-09-27 21:25:54,916 [INFO] [6626] 已存 1964 筆 → output/prices/6626.csv
2026-09-27 21:26:08,867 [INFO] [6629] 已存 1779 筆 → output/prices/6629.csv
2026-09-27 21:26:22,891 [INFO] [6634] 已存 2255 筆 → output/prices/6634.csv
2026-09-27 21:26:36,870 [INFO] [6637] 已存 2258 筆 → output/prices/6637.csv
2026-09-27 21:26:50,834 [INFO] [6638] 已存 2256 筆 → output/prices/6638.csv
2026-09-27 21:27:04,782 [INFO] [6639] 已存 1922 筆 → output/prices/6639.csv
2026-09-27 21:27:18,739 [INFO] [6640] 已存 2224 筆 → output/prices/6640.csv
2026-09-27 21:27:32,693 [INFO] [6641] 已存 1948 筆 → output/prices/6641.csv
2026-09-27 21:27:46,679 [INFO] [6642] 已存 2176 筆 → output/prices/6642.csv
2026-09-27 21:28:00,670 [INFO] [6643] 已存 2196 筆 → output/prices/6643.csv
2026-09-27 21:28:14,648 [INFO] [6645] 已存 2219 筆 → output/prices/6645.csv
2026-09-27 21:28:28,624 [INFO] [6648] 已存 2208 筆 → output/prices/6648.csv
2026-09-27 21:28:42,595 [INFO] [6649] 已存 2212 筆 → output/prices/6649.csv
2026-09-27 21:28:56,557 [INFO] [6650] 已存 2198 筆 → output/prices/6650.csv
2026-09-27 21:29:10,559 [INFO] [6651] 已存 2189 筆 → output/prices/6651.csv
2026-09-27 21:29:24,510 [INFO] [6652] 已存 1848 筆 → output/prices/6652.csv
2026-09-27 21:29:38,469 [INFO] [6654] 已存 2169 筆 → output/prices/6654.csv
2026-09-27 21:29:52,455 [INFO] [6655] 已存 2149 筆 → output/prices/6655.csv
2026-09-27 21:30:06,420 [INFO] [6657] 已存 1980 筆 → output/prices/6657.csv
2026-09-27 21:30:20,180 [INFO] [6658] 已存 1187 筆 → output/prices/6658.csv
2026-09-27 21:30:33,771 [INFO] [6659] 已存 184 筆 → output/prices/6659.csv
2026-09-27 21:30:47,763 [INFO] [6661] 已存 2175 筆 → output/prices/6661.csv
2026-09-27 21:31:01,733 [INFO] [6662] 已存 2123 筆 → output/prices/6662.csv
2026-09-27 21:31:15,777 [INFO] [6664] 已存 2172 筆 → output/prices/6664.csv
2026-09-27 21:31:29,735 [INFO] [6665] 已存 2152 筆 → output/prices/6665.csv
2026-09-27 21:31:43,769 [INFO] [6666] 已存 1909 筆 → output/prices/6666.csv
2026-09-27 21:31:57,775 [INFO] [6667] 已存 2152 筆 → output/prices/6667.csv
2026-09-27 21:32:11,812 [INFO] [6668] 已存 2147 筆 → output/prices/6668.csv
2026-09-27 21:32:25,853 [INFO] [6669] 已存 2160 筆 → output/prices/6669.csv
2026-09-27 21:32:39,828 [INFO] [6670] 已存 2147 筆 → output/prices/6670.csv
2026-09-27 21:32:53,780 [INFO] [6671] 已存 1891 筆 → output/prices/6671.csv
2026-09-27 21:33:07,779 [INFO] [6672] 已存 2115 筆 → output/prices/6672.csv
2026-09-27 21:33:21,824 [INFO] [6673] 已存 2085 筆 → output/prices/6673.csv
2026-09-27 21:33:35,806 [INFO] [6674] 已存 2125 筆 → output/prices/6674.csv
2026-09-27 21:33:49,649 [INFO] [6676] 已存 1135 筆 → output/prices/6676.csv
2026-09-27 21:34:03,686 [INFO] [6677] 已存 2010 筆 → output/prices/6677.csv
2026-09-27 21:34:17,730 [INFO] [6679] 已存 2044 筆 → output/prices/6679.csv
2026-09-27 21:34:31,733 [INFO] [6680] 已存 2044 筆 → output/prices/6680.csv
2026-09-27 21:34:45,860 [INFO] [6682] 已存 2034 筆 → output/prices/6682.csv
2026-09-27 21:34:59,824 [INFO] [6683] 已存 2031 筆 → output/prices/6683.csv
2026-09-27 21:35:14,793 [INFO] [6684] 已存 2030 筆 → output/prices/6684.csv
2026-09-27 21:35:28,835 [INFO] [6689] 已存 1995 筆 → output/prices/6689.csv
2026-09-27 21:35:42,875 [INFO] [6690] 已存 1988 筆 → output/prices/6690.csv
2026-09-27 21:35:56,822 [INFO] [6691] 已存 1980 筆 → output/prices/6691.csv
2026-09-27 21:36:10,778 [INFO] [6692] 已存 1948 筆 → output/prices/6692.csv
2026-09-27 21:36:24,738 [INFO] [6693] 已存 1881 筆 → output/prices/6693.csv
2026-09-27 21:36:38,690 [INFO] [6695] 已存 1879 筆 → output/prices/6695.csv
2026-09-27 21:36:52,731 [INFO] [6696] 已存 1931 筆 → output/prices/6696.csv
2026-09-27 21:37:06,694 [INFO] [6697] 已存 1946 筆 → output/prices/6697.csv
2026-09-27 21:37:20,742 [INFO] [6698] 已存 1932 筆 → output/prices/6698.csv
2026-09-27 21:37:34,767 [INFO] [6699] 已存 1482 筆 → output/prices/6699.csv
2026-09-27 21:37:48,414 [INFO] [6702] 已存 82 筆 → output/prices/6702.csv
2026-09-27 21:38:02,389 [INFO] [6703] 已存 1932 筆 → output/prices/6703.csv
2026-09-27 21:38:16,182 [INFO] [6704] 已存 833 筆 → output/prices/6704.csv
2026-09-27 21:38:29,998 [INFO] [6705] 已存 1921 筆 → output/prices/6705.csv
2026-09-27 21:38:43,980 [INFO] [6706] 已存 1909 筆 → output/prices/6706.csv
2026-09-27 21:38:57,745 [INFO] [6707] 已存 1016 筆 → output/prices/6707.csv
2026-09-27 21:39:11,690 [INFO] [6708] 已存 1631 筆 → output/prices/6708.csv
2026-09-27 21:39:25,686 [INFO] [6709] 已存 1901 筆 → output/prices/6709.csv
2026-09-27 21:39:39,687 [INFO] [6712] 已存 1925 筆 → output/prices/6712.csv
2026-09-27 21:39:53,647 [INFO] [6715] 已存 1911 筆 → output/prices/6715.csv
2026-09-27 21:40:07,679 [INFO] [6716] 已存 1894 筆 → output/prices/6716.csv
2026-09-27 21:40:21,696 [INFO] [6719] 已存 1350 筆 → output/prices/6719.csv
2026-09-27 21:40:35,660 [INFO] [6720] 已存 1797 筆 → output/prices/6720.csv
2026-09-27 21:40:49,619 [INFO] [6721] 已存 1826 筆 → output/prices/6721.csv
2026-09-27 21:41:03,365 [INFO] [6722] 已存 823 筆 → output/prices/6722.csv
2026-09-27 21:41:17,320 [INFO] [6723] 已存 1881 筆 → output/prices/6723.csv
2026-09-27 21:41:31,095 [INFO] [6725] 已存 897 筆 → output/prices/6725.csv
2026-09-27 21:41:45,050 [INFO] [6727] 已存 1783 筆 → output/prices/6727.csv
2026-09-27 21:41:59,010 [INFO] [6728] 已存 1803 筆 → output/prices/6728.csv
2026-09-27 21:42:12,986 [INFO] [6729] 已存 1759 筆 → output/prices/6729.csv
2026-09-27 21:42:27,041 [INFO] [6730] 已存 1674 筆 → output/prices/6730.csv
2026-09-27 21:42:41,071 [INFO] [6732] 已存 1772 筆 → output/prices/6732.csv
2026-09-27 21:42:55,032 [INFO] [6733] 已存 1772 筆 → output/prices/6733.csv
2026-09-27 21:43:08,989 [INFO] [6734] 已存 1757 筆 → output/prices/6734.csv
2026-09-27 21:43:22,963 [INFO] [6735] 已存 1689 筆 → output/prices/6735.csv
2026-09-27 21:43:36,923 [INFO] [6737] 已存 1638 筆 → output/prices/6737.csv
2026-09-27 21:43:50,877 [INFO] [6738] 已存 1725 筆 → output/prices/6738.csv
2026-09-27 21:44:04,656 [INFO] [6739] 已存 1314 筆 → output/prices/6739.csv
2026-09-27 21:44:18,505 [INFO] [6741] 已存 1301 筆 → output/prices/6741.csv
2026-09-27 21:44:32,284 [INFO] [6742] 已存 1186 筆 → output/prices/6742.csv
2026-09-27 21:44:47,933 [INFO] [6743] 已存 1655 筆 → output/prices/6743.csv
2026-09-27 21:45:01,808 [INFO] [6744] 已存 1702 筆 → output/prices/6744.csv
2026-09-27 21:45:15,594 [INFO] [6747] 已存 1495 筆 → output/prices/6747.csv
2026-09-27 21:45:29,367 [INFO] [6748] 已存 1257 筆 → output/prices/6748.csv
2026-09-27 21:45:43,395 [INFO] [6750] 已存 1673 筆 → output/prices/6750.csv
2026-09-27 21:45:57,509 [INFO] [6751] 已存 1666 筆 → output/prices/6751.csv
2026-09-27 21:46:11,477 [INFO] [6752] 已存 1630 筆 → output/prices/6752.csv
2026-09-27 21:46:25,431 [INFO] [6753] 已存 1385 筆 → output/prices/6753.csv
2026-09-27 21:46:39,484 [INFO] [6754] 已存 1691 筆 → output/prices/6754.csv
2026-09-27 21:46:53,434 [INFO] [6755] 已存 1655 筆 → output/prices/6755.csv
2026-09-27 21:47:07,467 [INFO] [6756] 已存 1644 筆 → output/prices/6756.csv
2026-09-27 21:47:21,424 [INFO] [6757] 已存 1648 筆 → output/prices/6757.csv
2026-09-27 21:47:35,292 [INFO] [6758] 已存 1636 筆 → output/prices/6758.csv
2026-09-27 21:47:49,251 [INFO] [6761] 已存 1637 筆 → output/prices/6761.csv
2026-09-27 21:48:03,034 [INFO] [6762] 已存 1646 筆 → output/prices/6762.csv
2026-09-27 21:48:16,982 [INFO] [6763] 已存 1569 筆 → output/prices/6763.csv
2026-09-27 21:48:30,836 [INFO] [6764] 已存 1480 筆 → output/prices/6764.csv
2026-09-27 21:48:44,916 [INFO] [6767] 已存 1655 筆 → output/prices/6767.csv
2026-09-27 21:48:58,703 [INFO] [6768] 已存 1323 筆 → output/prices/6768.csv
2026-09-27 21:49:12,644 [INFO] [6770] 已存 1408 筆 → output/prices/6770.csv
2026-09-27 21:49:26,594 [INFO] [6771] 已存 1633 筆 → output/prices/6771.csv
2026-09-27 21:49:40,648 [INFO] [6775] 已存 1541 筆 → output/prices/6775.csv
2026-09-27 21:49:54,629 [INFO] [6776] 已存 1585 筆 → output/prices/6776.csv
2026-09-27 21:50:08,398 [INFO] [6780] 已存 1504 筆 → output/prices/6780.csv
2026-09-27 21:50:22,431 [INFO] [6781] 已存 1344 筆 → output/prices/6781.csv
2026-09-27 21:50:36,412 [INFO] [6782] 已存 1488 筆 → output/prices/6782.csv
2026-09-27 21:50:50,264 [INFO] [6784] 已存 1423 筆 → output/prices/6784.csv
2026-09-27 21:51:04,224 [INFO] [6785] 已存 1454 筆 → output/prices/6785.csv
2026-09-27 21:51:18,182 [INFO] [6786] 已存 1485 筆 → output/prices/6786.csv
2026-09-27 21:51:32,118 [INFO] [6787] 已存 1327 筆 → output/prices/6787.csv
2026-09-27 21:51:46,190 [INFO] [6788] 已存 1447 筆 → output/prices/6788.csv
2026-09-27 21:52:00,147 [INFO] [6789] 已存 1335 筆 → output/prices/6789.csv
2026-09-27 21:52:14,164 [INFO] [6790] 已存 1439 筆 → output/prices/6790.csv
2026-09-27 21:52:27,948 [INFO] [6791] 已存 1312 筆 → output/prices/6791.csv
2026-09-27 21:52:41,885 [INFO] [6792] 已存 1422 筆 → output/prices/6792.csv
2026-09-27 21:52:56,006 [INFO] [6793] 已存 1436 筆 → output/prices/6793.csv
2026-09-27 21:53:09,775 [INFO] [6794] 已存 1396 筆 → output/prices/6794.csv
2026-09-27 21:53:23,562 [INFO] [6796] 已存 1327 筆 → output/prices/6796.csv
2026-09-27 21:53:37,497 [INFO] [6797] 已存 1432 筆 → output/prices/6797.csv
2026-09-27 21:53:51,337 [INFO] [6798] 已存 832 筆 → output/prices/6798.csv
2026-09-27 21:54:05,276 [INFO] [6799] 已存 1416 筆 → output/prices/6799.csv
2026-09-27 21:54:19,259 [INFO] [6803] 已存 2437 筆 → output/prices/6803.csv
2026-09-27 21:54:33,118 [INFO] [6804] 已存 1413 筆 → output/prices/6804.csv
2026-09-27 21:54:47,070 [INFO] [6805] 已存 1421 筆 → output/prices/6805.csv
2026-09-27 21:55:01,079 [INFO] [6806] 已存 1343 筆 → output/prices/6806.csv
2026-09-27 21:55:14,858 [INFO] [6807] 已存 1076 筆 → output/prices/6807.csv
2026-09-27 21:55:28,810 [INFO] [6808] 已存 1396 筆 → output/prices/6808.csv
2026-09-27 21:55:42,612 [INFO] [6810] 已存 1233 筆 → output/prices/6810.csv
2026-09-27 21:55:56,438 [INFO] [6811] 已存 1389 筆 → output/prices/6811.csv
2026-09-27 21:56:10,376 [INFO] [6812] 已存 1368 筆 → output/prices/6812.csv
2026-09-27 21:56:24,133 [INFO] [6813] 已存 837 筆 → output/prices/6813.csv
2026-09-27 21:56:37,907 [INFO] [6814] 已存 1392 筆 → output/prices/6814.csv
2026-09-27 21:56:51,865 [INFO] [6815] 已存 1372 筆 → output/prices/6815.csv
2026-09-27 21:57:05,670 [INFO] [6816] 已存 1380 筆 → output/prices/6816.csv
2026-09-27 21:57:19,448 [INFO] [6817] 已存 1361 筆 → output/prices/6817.csv
2026-09-27 21:57:33,233 [INFO] [6818] 已存 1378 筆 → output/prices/6818.csv
2026-09-27 21:57:47,118 [INFO] [6819] 已存 1367 筆 → output/prices/6819.csv
2026-09-27 21:58:00,891 [INFO] [6820] 已存 1343 筆 → output/prices/6820.csv
2026-09-27 21:58:14,754 [INFO] [6821] 已存 1325 筆 → output/prices/6821.csv
2026-09-27 21:58:28,563 [INFO] [6823] 已存 1289 筆 → output/prices/6823.csv
2026-09-27 21:58:42,419 [INFO] [6825] 已存 1317 筆 → output/prices/6825.csv
2026-09-27 21:58:56,290 [INFO] [6826] 已存 1285 筆 → output/prices/6826.csv
2026-09-27 21:59:10,134 [INFO] [6827] 已存 1200 筆 → output/prices/6827.csv
2026-09-27 21:59:23,900 [INFO] [6829] 已存 1213 筆 → output/prices/6829.csv
2026-09-27 21:59:37,667 [INFO] [6830] 已存 1258 筆 → output/prices/6830.csv
2026-09-27 21:59:51,520 [INFO] [6831] 已存 1246 筆 → output/prices/6831.csv
2026-09-27 22:00:05,324 [INFO] [6832] 已存 1213 筆 → output/prices/6832.csv
2026-09-27 22:00:19,110 [INFO] [6833] 已存 1296 筆 → output/prices/6833.csv
2026-09-27 22:00:32,906 [INFO] [6834] 已存 1236 筆 → output/prices/6834.csv
2026-09-27 22:00:46,687 [INFO] [6835] 已存 1251 筆 → output/prices/6835.csv
2026-09-27 22:01:00,459 [INFO] [6838] 已存 1207 筆 → output/prices/6838.csv
2026-09-27 22:01:14,329 [INFO] [6839] 已存 1196 筆 → output/prices/6839.csv
2026-09-27 22:01:28,110 [INFO] [6840] 已存 1146 筆 → output/prices/6840.csv
2026-09-27 22:01:41,897 [INFO] [6841] 已存 1222 筆 → output/prices/6841.csv
2026-09-27 22:01:55,665 [INFO] [6842] 已存 1212 筆 → output/prices/6842.csv
2026-09-27 22:02:09,452 [INFO] [6843] 已存 1130 筆 → output/prices/6843.csv
2026-09-27 22:02:23,218 [INFO] [6844] 已存 1182 筆 → output/prices/6844.csv
2026-09-27 22:02:36,993 [INFO] [6846] 已存 1081 筆 → output/prices/6846.csv
2026-09-27 22:02:50,848 [INFO] [6847] 已存 1187 筆 → output/prices/6847.csv
2026-09-27 22:03:04,620 [INFO] [6848] 已存 1196 筆 → output/prices/6848.csv
2026-09-27 22:03:18,367 [INFO] [6849] 已存 448 筆 → output/prices/6849.csv
2026-09-27 22:03:32,221 [INFO] [6850] 已存 1184 筆 → output/prices/6850.csv
2026-09-27 22:03:46,068 [INFO] [6854] 已存 996 筆 → output/prices/6854.csv
2026-09-27 22:03:59,833 [INFO] [6855] 已存 1123 筆 → output/prices/6855.csv
2026-09-27 22:04:13,594 [INFO] [6856] 已存 1143 筆 → output/prices/6856.csv
2026-09-27 22:04:27,355 [INFO] [6857] 已存 1112 筆 → output/prices/6857.csv
2026-09-27 22:04:41,129 [INFO] [6858] 已存 1141 筆 → output/prices/6858.csv
2026-09-27 22:04:54,883 [INFO] [6859] 已存 1164 筆 → output/prices/6859.csv
2026-09-27 22:05:08,654 [INFO] [6861] 已存 1170 筆 → output/prices/6861.csv
2026-09-27 22:05:22,386 [INFO] [6862] 已存 469 筆 → output/prices/6862.csv
2026-09-27 22:05:36,166 [INFO] [6863] 已存 856 筆 → output/prices/6863.csv
2026-09-27 22:05:50,007 [INFO] [6864] 已存 1149 筆 → output/prices/6864.csv
2026-09-27 22:06:03,788 [INFO] [6865] 已存 1150 筆 → output/prices/6865.csv
2026-09-27 22:06:17,634 [INFO] [6867] 已存 1030 筆 → output/prices/6867.csv
2026-09-27 22:06:31,422 [INFO] [6868] 已存 1139 筆 → output/prices/6868.csv
2026-09-27 22:06:45,265 [INFO] [6869] 已存 1135 筆 → output/prices/6869.csv
2026-09-27 22:06:59,037 [INFO] [6870] 已存 1123 筆 → output/prices/6870.csv
2026-09-27 22:07:12,837 [INFO] [6872] 已存 1037 筆 → output/prices/6872.csv
2026-09-27 22:07:26,717 [INFO] [6873] 已存 1150 筆 → output/prices/6873.csv
2026-09-27 22:07:40,494 [INFO] [6874] 已存 1072 筆 → output/prices/6874.csv
2026-09-27 22:07:54,272 [INFO] [6875] 已存 1118 筆 → output/prices/6875.csv
2026-09-27 22:08:08,013 [INFO] [6876] 已存 650 筆 → output/prices/6876.csv
2026-09-27 22:08:21,782 [INFO] [6877] 已存 1112 筆 → output/prices/6877.csv
2026-09-27 22:08:35,554 [INFO] [6878] 已存 1102 筆 → output/prices/6878.csv
2026-09-27 22:08:49,386 [INFO] [6879] 已存 1055 筆 → output/prices/6879.csv
2026-09-27 22:09:03,139 [INFO] [6881] 已存 1014 筆 → output/prices/6881.csv
2026-09-27 22:09:16,909 [INFO] [6882] 已存 1076 筆 → output/prices/6882.csv
2026-09-27 22:09:30,643 [INFO] [6883] 已存 483 筆 → output/prices/6883.csv
2026-09-27 22:09:44,419 [INFO] [6884] 已存 1042 筆 → output/prices/6884.csv
2026-09-27 22:09:58,222 [INFO] [6885] 已存 1036 筆 → output/prices/6885.csv
2026-09-27 22:10:11,977 [INFO] [6886] 已存 832 筆 → output/prices/6886.csv
2026-09-27 22:10:25,606 [INFO] [6887] 已存 381 筆 → output/prices/6887.csv
2026-09-27 22:10:39,355 [INFO] [6890] 已存 558 筆 → output/prices/6890.csv
2026-09-27 22:10:53,117 [INFO] [6891] 已存 1023 筆 → output/prices/6891.csv
2026-09-27 22:11:06,951 [INFO] [6892] 已存 982 筆 → output/prices/6892.csv
2026-09-27 22:11:20,713 [INFO] [6894] 已存 1010 筆 → output/prices/6894.csv
2026-09-27 22:11:34,544 [INFO] [6895] 已存 977 筆 → output/prices/6895.csv
2026-09-27 22:11:48,307 [INFO] [6898] 已存 966 筆 → output/prices/6898.csv
2026-09-27 22:12:02,157 [INFO] [6899] 已存 1032 筆 → output/prices/6899.csv
2026-09-27 22:12:15,920 [INFO] [6901] 已存 1014 筆 → output/prices/6901.csv
2026-09-27 22:12:29,751 [INFO] [6902] 已存 780 筆 → output/prices/6902.csv
2026-09-27 22:12:43,553 [INFO] [6903] 已存 1018 筆 → output/prices/6903.csv
2026-09-27 22:12:57,552 [INFO] [6904] 已存 1004 筆 → output/prices/6904.csv
2026-09-27 22:13:11,308 [INFO] [6906] 已存 913 筆 → output/prices/6906.csv
2026-09-27 22:13:24,951 [INFO] [6907] 已存 158 筆 → output/prices/6907.csv
2026-09-27 22:13:38,707 [INFO] [6908] 已存 979 筆 → output/prices/6908.csv
2026-09-27 22:13:52,459 [INFO] [6909] 已存 849 筆 → output/prices/6909.csv
2026-09-27 22:14:06,413 [INFO] [6910] 已存 817 筆 → output/prices/6910.csv
2026-09-27 22:14:20,179 [INFO] [6911] 已存 953 筆 → output/prices/6911.csv
2026-09-27 22:14:33,924 [INFO] [6912] 已存 662 筆 → output/prices/6912.csv
2026-09-27 22:14:47,764 [INFO] [6913] 已存 906 筆 → output/prices/6913.csv
2026-09-27 22:15:01,534 [INFO] [6914] 已存 898 筆 → output/prices/6914.csv
2026-09-27 22:15:15,392 [INFO] [6915] 已存 943 筆 → output/prices/6915.csv
2026-09-27 22:15:29,147 [INFO] [6916] 已存 946 筆 → output/prices/6916.csv
2026-09-27 22:15:42,896 [INFO] [6917] 已存 894 筆 → output/prices/6917.csv
2026-09-27 22:15:56,658 [INFO] [6918] 已存 898 筆 → output/prices/6918.csv
2026-09-27 22:16:10,444 [INFO] [6919] 已存 895 筆 → output/prices/6919.csv
2026-09-27 22:16:24,200 [INFO] [6920] 已存 851 筆 → output/prices/6920.csv
2026-09-27 22:16:37,772 [INFO] [6921] 已存 183 筆 → output/prices/6921.csv
2026-09-27 22:16:51,527 [INFO] [6922] 已存 872 筆 → output/prices/6922.csv
2026-09-27 22:17:05,289 [INFO] [6923] 已存 849 筆 → output/prices/6923.csv
2026-09-27 22:17:18,871 [INFO] [6924] 已存 441 筆 → output/prices/6924.csv
2026-09-27 22:17:32,630 [INFO] [6925] 已存 906 筆 → output/prices/6925.csv
2026-09-27 22:17:46,383 [INFO] [6926] 已存 927 筆 → output/prices/6926.csv
2026-09-27 22:18:00,139 [INFO] [6927] 已存 812 筆 → output/prices/6927.csv
2026-09-27 22:18:13,931 [INFO] [6928] 已存 829 筆 → output/prices/6928.csv
2026-09-27 22:18:27,782 [INFO] [6929] 已存 802 筆 → output/prices/6929.csv
2026-09-27 22:18:41,550 [INFO] [6931] 已存 905 筆 → output/prices/6931.csv
2026-09-27 22:18:55,302 [INFO] [6932] 已存 907 筆 → output/prices/6932.csv
2026-09-27 22:19:09,088 [INFO] [6933] 已存 700 筆 → output/prices/6933.csv
2026-09-27 22:19:22,844 [INFO] [6934] 已存 549 筆 → output/prices/6934.csv
2026-09-27 22:19:36,595 [INFO] [6935] 已存 850 筆 → output/prices/6935.csv
2026-09-27 22:19:50,431 [INFO] [6936] 已存 853 筆 → output/prices/6936.csv
2026-09-27 22:20:04,180 [INFO] [6937] 已存 850 筆 → output/prices/6937.csv
2026-09-27 22:20:18,013 [INFO] [6938] 已存 647 筆 → output/prices/6938.csv
2026-09-27 22:20:31,844 [INFO] [6939] 已存 820 筆 → output/prices/6939.csv
2026-09-27 22:20:45,599 [INFO] [6940] 已存 822 筆 → output/prices/6940.csv
2026-09-27 22:20:59,356 [INFO] [6944] 已存 832 筆 → output/prices/6944.csv
2026-09-27 22:21:13,153 [INFO] [6945] 已存 779 筆 → output/prices/6945.csv
2026-09-27 22:21:26,899 [INFO] [6946] 已存 480 筆 → output/prices/6946.csv
2026-09-27 22:21:40,656 [INFO] [6947] 已存 774 筆 → output/prices/6947.csv
2026-09-27 22:21:54,404 [INFO] [6949] 已存 615 筆 → output/prices/6949.csv
2026-09-27 22:22:07,960 [INFO] [6950] 已存 19 筆 → output/prices/6950.csv
2026-09-27 22:22:21,786 [INFO] [6951] 已存 814 筆 → output/prices/6951.csv
2026-09-27 22:22:35,538 [INFO] [6952] 已存 794 筆 → output/prices/6952.csv
2026-09-27 22:22:49,467 [INFO] [6953] 已存 793 筆 → output/prices/6953.csv
2026-09-27 22:23:03,235 [INFO] [6955] 已存 771 筆 → output/prices/6955.csv
2026-09-27 22:23:17,275 [INFO] [6957] 已存 549 筆 → output/prices/6957.csv
2026-09-27 22:23:31,189 [INFO] [6958] 已存 792 筆 → output/prices/6958.csv
2026-09-27 22:23:44,938 [INFO] [6958A] 已存 174 筆 → output/prices/6958A.csv
2026-09-27 22:23:58,721 [INFO] [6959] 已存 780 筆 → output/prices/6959.csv
2026-09-27 22:24:12,470 [INFO] [6961] 已存 768 筆 → output/prices/6961.csv
2026-09-27 22:24:26,222 [INFO] [6962] 已存 446 筆 → output/prices/6962.csv
2026-09-27 22:24:39,833 [INFO] [6963] 已存 660 筆 → output/prices/6963.csv
2026-09-27 22:24:53,585 [INFO] [6965] 已存 382 筆 → output/prices/6965.csv
2026-09-27 22:25:07,531 [INFO] [6967] 已存 726 筆 → output/prices/6967.csv
2026-09-27 22:25:21,318 [INFO] [6968] 已存 746 筆 → output/prices/6968.csv
2026-09-27 22:25:35,221 [INFO] [6969] 已存 497 筆 → output/prices/6969.csv
2026-09-27 22:25:48,966 [INFO] [6971] 已存 662 筆 → output/prices/6971.csv
2026-09-27 22:26:02,545 [INFO] [6972] 已存 443 筆 → output/prices/6972.csv
2026-09-27 22:26:16,303 [INFO] [6973] 已存 662 筆 → output/prices/6973.csv
2026-09-27 22:26:30,053 [INFO] [6976] 已存 763 筆 → output/prices/6976.csv
2026-09-27 22:26:43,805 [INFO] [6977] 已存 728 筆 → output/prices/6977.csv
2026-09-27 22:26:57,583 [INFO] [6979] 已存 569 筆 → output/prices/6979.csv
2026-09-27 22:27:11,342 [INFO] [6980] 已存 662 筆 → output/prices/6980.csv
2026-09-27 22:27:25,249 [INFO] [6982] 已存 726 筆 → output/prices/6982.csv
2026-09-27 22:27:39,003 [INFO] [6983] 已存 699 筆 → output/prices/6983.csv
2026-09-27 22:27:52,764 [INFO] [6984] 已存 713 筆 → output/prices/6984.csv
2026-09-27 22:28:06,684 [INFO] [6986] 已存 685 筆 → output/prices/6986.csv
2026-09-27 22:28:20,438 [INFO] [6987] 已存 507 筆 → output/prices/6987.csv
2026-09-27 22:28:34,015 [INFO] [6988] 已存 469 筆 → output/prices/6988.csv
2026-09-27 22:28:47,773 [INFO] [6990] 已存 692 筆 → output/prices/6990.csv
2026-09-27 22:29:01,333 [INFO] [6992] 已存 47 筆 → output/prices/6992.csv
2026-09-27 22:29:15,113 [INFO] [6994] 已存 669 筆 → output/prices/6994.csv
2026-09-27 22:29:28,870 [INFO] [6995] 已存 407 筆 → output/prices/6995.csv
2026-09-27 22:29:42,636 [INFO] [6996] 已存 670 筆 → output/prices/6996.csv
2026-09-27 22:29:56,540 [INFO] [6997] 已存 657 筆 → output/prices/6997.csv
2026-09-27 22:30:10,290 [INFO] [6999] 已存 525 筆 → output/prices/6999.csv
2026-09-27 22:30:23,862 [INFO] [708785] 已存 409 筆 → output/prices/708785.csv
2026-09-27 22:30:37,449 [INFO] [709403] 已存 385 筆 → output/prices/709403.csv
2026-09-27 22:30:51,017 [INFO] [709966] 已存 375 筆 → output/prices/709966.csv
2026-09-27 22:31:04,601 [INFO] [709972] 已存 456 筆 → output/prices/709972.csv
2026-09-27 22:31:18,331 [INFO] [709983] 已存 351 筆 → output/prices/709983.csv
2026-09-27 22:31:32,050 [INFO] [709985] 已存 393 筆 → output/prices/709985.csv
2026-09-27 22:31:45,803 [INFO] [709994] 已存 414 筆 → output/prices/709994.csv
2026-09-27 22:31:59,378 [INFO] [710499] 已存 322 筆 → output/prices/710499.csv
2026-09-27 22:32:13,093 [INFO] [710502] 已存 365 筆 → output/prices/710502.csv
2026-09-27 22:32:26,706 [INFO] [710505] 已存 344 筆 → output/prices/710505.csv
2026-09-27 22:32:40,439 [INFO] [710509] 已存 344 筆 → output/prices/710509.csv
2026-09-27 22:32:54,011 [INFO] [710510] 已存 322 筆 → output/prices/710510.csv
2026-09-27 22:33:07,618 [INFO] [710516] 已存 365 筆 → output/prices/710516.csv
2026-09-27 22:33:21,204 [INFO] [710533] 已存 343 筆 → output/prices/710533.csv
2026-09-27 22:33:34,935 [INFO] [710534] 已存 321 筆 → output/prices/710534.csv
2026-09-27 22:33:48,617 [INFO] [710553] 已存 321 筆 → output/prices/710553.csv
2026-09-27 22:34:02,193 [INFO] [710560] 已存 319 筆 → output/prices/710560.csv
2026-09-27 22:34:15,799 [INFO] [710561] 已存 319 筆 → output/prices/710561.csv
2026-09-27 22:34:29,369 [INFO] [710566] 已存 485 筆 → output/prices/710566.csv
2026-09-27 22:34:42,954 [INFO] [710569] 已存 485 筆 → output/prices/710569.csv
2026-09-27 22:34:56,642 [INFO] [710575] 已存 319 筆 → output/prices/710575.csv
2026-09-27 22:35:10,212 [INFO] [710590] 已存 319 筆 → output/prices/710590.csv
2026-09-27 22:35:23,802 [INFO] [711126] 已存 294 筆 → output/prices/711126.csv
2026-09-27 22:35:37,558 [INFO] [711127] 已存 294 筆 → output/prices/711127.csv
2026-09-27 22:35:51,154 [INFO] [711131] 已存 294 筆 → output/prices/711131.csv
2026-09-27 22:36:04,899 [INFO] [711132] 已存 294 筆 → output/prices/711132.csv
2026-09-27 22:36:18,630 [INFO] [711133] 已存 294 筆 → output/prices/711133.csv
2026-09-27 22:36:32,200 [INFO] [711134] 已存 335 筆 → output/prices/711134.csv
2026-09-27 22:36:45,804 [INFO] [711135] 已存 335 筆 → output/prices/711135.csv
2026-09-27 22:36:59,375 [INFO] [711137] 已存 335 筆 → output/prices/711137.csv
2026-09-27 22:37:12,974 [INFO] [711139] 已存 294 筆 → output/prices/711139.csv
2026-09-27 22:37:26,562 [INFO] [711140] 已存 357 筆 → output/prices/711140.csv
2026-09-27 22:37:40,136 [INFO] [711141] 已存 357 筆 → output/prices/711141.csv
2026-09-27 22:37:53,700 [INFO] [711145] 已存 294 筆 → output/prices/711145.csv
2026-09-27 22:38:07,276 [INFO] [73107P] 已存 368 筆 → output/prices/73107P.csv
2026-09-27 22:38:20,845 [INFO] [73193P] 已存 368 筆 → output/prices/73193P.csv
2026-09-27 22:38:34,836 [INFO] [7402] 已存 2437 筆 → output/prices/7402.csv
2026-09-27 22:38:48,426 [INFO] [7415] 已存 70 筆 → output/prices/7415.csv
2026-09-27 22:39:02,130 [INFO] [7418] 已存 64 筆 → output/prices/7418.csv
2026-09-27 22:39:16,080 [INFO] [7419] 已存 1702 筆 → output/prices/7419.csv
2026-09-27 22:39:29,679 [INFO] [7422] 已存 45 筆 → output/prices/7422.csv
2026-09-27 22:39:43,454 [INFO] [7427] 已存 1270 筆 → output/prices/7427.csv
2026-09-27 22:39:57,506 [INFO] [7443] 已存 2436 筆 → output/prices/7443.csv
2026-09-27 22:40:11,087 [INFO] [7455] 已存 414 筆 → output/prices/7455.csv
2026-09-27 22:40:25,039 [INFO] [7507] 已存 1588 筆 → output/prices/7507.csv
2026-09-27 22:40:39,046 [INFO] [7516] 已存 1876 筆 → output/prices/7516.csv
2026-09-27 22:40:52,897 [INFO] [7530] 已存 1174 筆 → output/prices/7530.csv
2026-09-27 22:41:06,666 [INFO] [7547] 已存 1369 筆 → output/prices/7547.csv
2026-09-27 22:41:20,443 [INFO] [7551] 已存 1649 筆 → output/prices/7551.csv
2026-09-27 22:41:34,208 [INFO] [7555] 已存 1086 筆 → output/prices/7555.csv
2026-09-27 22:41:48,392 [INFO] [7556] 已存 1668 筆 → output/prices/7556.csv
2026-09-27 22:42:02,318 [INFO] [7558] 已存 1317 筆 → output/prices/7558.csv
2026-09-27 22:42:16,096 [INFO] [7561] 已存 1517 筆 → output/prices/7561.csv
2026-09-27 22:42:30,167 [INFO] [7562] 已存 697 筆 → output/prices/7562.csv
2026-09-27 22:42:44,270 [INFO] [7566] 已存 1520 筆 → output/prices/7566.csv
2026-09-27 22:42:58,032 [INFO] [7575] 已存 995 筆 → output/prices/7575.csv
2026-09-27 22:43:11,872 [INFO] [7578] 已存 980 筆 → output/prices/7578.csv
2026-09-27 22:43:25,633 [INFO] [7583] 已存 662 筆 → output/prices/7583.csv
2026-09-27 22:43:39,406 [INFO] [7584] 已存 1310 筆 → output/prices/7584.csv
2026-09-27 22:43:53,227 [INFO] [7590] 已存 1113 筆 → output/prices/7590.csv
2026-09-27 22:44:07,164 [INFO] [7595] 已存 1399 筆 → output/prices/7595.csv
2026-09-27 22:44:20,933 [INFO] [7607] 已存 662 筆 → output/prices/7607.csv
2026-09-27 22:44:34,844 [INFO] [7610] 已存 861 筆 → output/prices/7610.csv
2026-09-27 22:44:48,607 [INFO] [7631] 已存 662 筆 → output/prices/7631.csv
2026-09-27 22:45:02,363 [INFO] [7642] 已存 664 筆 → output/prices/7642.csv
2026-09-27 22:45:15,927 [INFO] [7669] 已存 201 筆 → output/prices/7669.csv
2026-09-27 22:45:29,515 [INFO] [7686] 已存 19 筆 → output/prices/7686.csv
2026-09-27 22:45:43,080 [INFO] [7689] 已存 237 筆 → output/prices/7689.csv
2026-09-27 22:45:56,834 [INFO] [7702] 已存 662 筆 → output/prices/7702.csv
2026-09-27 22:46:10,624 [INFO] [7703] 已存 669 筆 → output/prices/7703.csv
2026-09-27 22:46:24,418 [INFO] [7704] 已存 683 筆 → output/prices/7704.csv
2026-09-27 22:46:38,171 [INFO] [7705] 已存 668 筆 → output/prices/7705.csv
2026-09-27 22:46:51,915 [INFO] [7706] 已存 666 筆 → output/prices/7706.csv
2026-09-27 22:47:05,701 [INFO] [7707] 已存 681 筆 → output/prices/7707.csv
2026-09-27 22:47:19,620 [INFO] [7708] 已存 669 筆 → output/prices/7708.csv
2026-09-27 22:47:33,575 [INFO] [7709] 已存 658 筆 → output/prices/7709.csv
2026-09-27 22:47:47,149 [INFO] [7710] 已存 223 筆 → output/prices/7710.csv
2026-09-27 22:48:00,882 [INFO] [7711] 已存 442 筆 → output/prices/7711.csv
2026-09-27 22:48:14,631 [INFO] [7712] 已存 662 筆 → output/prices/7712.csv
2026-09-27 22:48:28,379 [INFO] [7713] 已存 660 筆 → output/prices/7713.csv
2026-09-27 22:48:42,134 [INFO] [7714] 已存 659 筆 → output/prices/7714.csv
2026-09-27 22:48:55,882 [INFO] [7715] 已存 654 筆 → output/prices/7715.csv
2026-09-27 22:49:09,638 [INFO] [7716] 已存 608 筆 → output/prices/7716.csv
2026-09-27 22:49:23,205 [INFO] [7717] 已存 209 筆 → output/prices/7717.csv
2026-09-27 22:49:36,954 [INFO] [7718] 已存 632 筆 → output/prices/7718.csv
2026-09-27 22:49:50,702 [INFO] [7719] 已存 662 筆 → output/prices/7719.csv
2026-09-27 22:50:04,451 [INFO] [7721] 已存 662 筆 → output/prices/7721.csv
2026-09-27 22:50:18,198 [INFO] [7722] 已存 644 筆 → output/prices/7722.csv
2026-09-27 22:50:31,953 [INFO] [7723] 已存 662 筆 → output/prices/7723.csv
2026-09-27 22:50:45,710 [INFO] [7724] 已存 514 筆 → output/prices/7724.csv
2026-09-27 22:50:59,458 [INFO] [7725] 已存 661 筆 → output/prices/7725.csv
2026-09-27 22:51:13,200 [INFO] [7726] 已存 629 筆 → output/prices/7726.csv
2026-09-27 22:51:27,109 [INFO] [7728] 已存 616 筆 → output/prices/7728.csv
2026-09-27 22:51:40,859 [INFO] [7729] 已存 621 筆 → output/prices/7729.csv
2026-09-27 22:51:54,663 [INFO] [7730] 已存 616 筆 → output/prices/7730.csv
2026-09-27 22:52:08,505 [INFO] [7731] 已存 631 筆 → output/prices/7731.csv
2026-09-27 22:52:22,305 [INFO] [7732] 已存 619 筆 → output/prices/7732.csv
2026-09-27 22:52:36,044 [INFO] [7734] 已存 618 筆 → output/prices/7734.csv
2026-09-27 22:52:49,638 [INFO] [7735] 已存 83 筆 → output/prices/7735.csv
2026-09-27 22:53:03,386 [INFO] [7736] 已存 609 筆 → output/prices/7736.csv
2026-09-27 22:53:16,959 [INFO] [7737] 已存 403 筆 → output/prices/7737.csv
2026-09-27 22:53:30,876 [INFO] [7738] 已存 557 筆 → output/prices/7738.csv
2026-09-27 22:53:44,630 [INFO] [7740] 已存 473 筆 → output/prices/7740.csv
2026-09-27 22:53:58,372 [INFO] [7742] 已存 542 筆 → output/prices/7742.csv
2026-09-27 22:54:12,154 [INFO] [7743] 已存 592 筆 → output/prices/7743.csv
2026-09-27 22:54:26,051 [INFO] [7744] 已存 486 筆 → output/prices/7744.csv
2026-09-27 22:54:39,784 [INFO] [7745] 已存 176 筆 → output/prices/7745.csv
2026-09-27 22:54:53,616 [INFO] [7747] 已存 569 筆 → output/prices/7747.csv
2026-09-27 22:55:07,445 [INFO] [7748] 已存 439 筆 → output/prices/7748.csv
2026-09-27 22:55:21,024 [INFO] [7749] 已存 316 筆 → output/prices/7749.csv
2026-09-27 22:55:34,829 [INFO] [7750] 已存 554 筆 → output/prices/7750.csv
2026-09-27 22:55:48,695 [INFO] [7751] 已存 557 筆 → output/prices/7751.csv
2026-09-27 22:56:02,439 [INFO] [7752] 已存 553 筆 → output/prices/7752.csv
2026-09-27 22:56:16,197 [INFO] [7753] 已存 504 筆 → output/prices/7753.csv
2026-09-27 22:56:29,948 [INFO] [7754] 已存 549 筆 → output/prices/7754.csv
2026-09-27 22:56:43,530 [INFO] [7756] 已存 524 筆 → output/prices/7756.csv
2026-09-27 22:56:57,267 [INFO] [7757] 已存 548 筆 → output/prices/7757.csv
2026-09-27 22:57:10,849 [INFO] [7758] 已存 341 筆 → output/prices/7758.csv
2026-09-27 22:57:24,593 [INFO] [7759] 已存 381 筆 → output/prices/7759.csv
2026-09-27 22:57:38,336 [INFO] [7760] 已存 458 筆 → output/prices/7760.csv
2026-09-27 22:57:52,241 [INFO] [7761] 已存 513 筆 → output/prices/7761.csv
2026-09-27 22:58:06,049 [INFO] [7762] 已存 528 筆 → output/prices/7762.csv
2026-09-27 22:58:19,868 [INFO] [7763] 已存 485 筆 → output/prices/7763.csv
2026-09-27 22:58:33,615 [INFO] [7764] 已存 505 筆 → output/prices/7764.csv
2026-09-27 22:58:47,521 [INFO] [7765] 已存 511 筆 → output/prices/7765.csv
2026-09-27 22:59:01,260 [INFO] [7767] 已存 464 筆 → output/prices/7767.csv
2026-09-27 22:59:15,015 [INFO] [7768] 已存 366 筆 → output/prices/7768.csv
2026-09-27 22:59:28,773 [INFO] [7769] 已存 463 筆 → output/prices/7769.csv
2026-09-27 22:59:42,519 [INFO] [7770] 已存 494 筆 → output/prices/7770.csv
2026-09-27 22:59:56,243 [INFO] [7771] 已存 125 筆 → output/prices/7771.csv
2026-09-27 23:00:09,975 [INFO] [7772] 已存 307 筆 → output/prices/7772.csv
2026-09-27 23:00:23,727 [INFO] [7773] 已存 485 筆 → output/prices/7773.csv
2026-09-27 23:00:37,506 [INFO] [7776] 已存 467 筆 → output/prices/7776.csv
2026-09-27 23:00:51,257 [INFO] [7777] 已存 475 筆 → output/prices/7777.csv
2026-09-27 23:01:05,008 [INFO] [7779] 已存 481 筆 → output/prices/7779.csv
2026-09-27 23:01:18,757 [INFO] [7780] 已存 460 筆 → output/prices/7780.csv
2026-09-27 23:01:32,656 [INFO] [7781] 已存 469 筆 → output/prices/7781.csv
2026-09-27 23:01:46,392 [INFO] [7782] 已存 469 筆 → output/prices/7782.csv
2026-09-27 23:02:00,131 [INFO] [7783] 已存 467 筆 → output/prices/7783.csv
2026-09-27 23:02:13,765 [INFO] [7784] 已存 101 筆 → output/prices/7784.csv
2026-09-27 23:02:27,347 [INFO] [7785] 已存 307 筆 → output/prices/7785.csv
2026-09-27 23:02:41,084 [INFO] [7786] 已存 467 筆 → output/prices/7786.csv
2026-09-27 23:02:54,838 [INFO] [7788] 已存 464 筆 → output/prices/7788.csv
2026-09-27 23:03:08,413 [INFO] [7789] 已存 450 筆 → output/prices/7789.csv
2026-09-27 23:03:22,004 [INFO] [7790] 已存 423 筆 → output/prices/7790.csv
2026-09-27 23:03:35,757 [INFO] [7791] 已存 446 筆 → output/prices/7791.csv
2026-09-27 23:03:49,505 [INFO] [7792] 已存 430 筆 → output/prices/7792.csv
2026-09-27 23:04:03,241 [INFO] [7794] 已存 453 筆 → output/prices/7794.csv
2026-09-27 23:04:16,981 [INFO] [7795] 已存 443 筆 → output/prices/7795.csv
2026-09-27 23:04:30,717 [INFO] [7796] 已存 437 筆 → output/prices/7796.csv
2026-09-27 23:04:44,295 [INFO] [7797] 已存 418 筆 → output/prices/7797.csv
2026-09-27 23:04:58,023 [INFO] [7798] 已存 227 筆 → output/prices/7798.csv
2026-09-27 23:05:12,059 [INFO] [7799] 已存 445 筆 → output/prices/7799.csv
2026-09-27 23:05:25,847 [INFO] [7801] 已存 447 筆 → output/prices/7801.csv
2026-09-27 23:05:39,594 [INFO] [7803] 已存 446 筆 → output/prices/7803.csv
2026-09-27 23:05:53,349 [INFO] [7805] 已存 446 筆 → output/prices/7805.csv
2026-09-27 23:06:06,931 [INFO] [7806] 已存 434 筆 → output/prices/7806.csv
2026-09-27 23:06:20,683 [INFO] [7808] 已存 434 筆 → output/prices/7808.csv
2026-09-27 23:06:34,423 [INFO] [7810] 已存 419 筆 → output/prices/7810.csv
2026-09-27 23:06:48,184 [INFO] [7811] 已存 418 筆 → output/prices/7811.csv
2026-09-27 23:07:01,916 [INFO] [7812] 已存 411 筆 → output/prices/7812.csv
2026-09-27 23:07:15,688 [INFO] [7813] 已存 410 筆 → output/prices/7813.csv
2026-09-27 23:07:29,474 [INFO] [7814] 已存 415 筆 → output/prices/7814.csv
2026-09-27 23:07:46,540 [INFO] [7815] 已存 411 筆 → output/prices/7815.csv
2026-09-27 23:08:00,292 [INFO] [7816] 已存 411 筆 → output/prices/7816.csv
2026-09-27 23:08:14,041 [INFO] [7818] 已存 401 筆 → output/prices/7818.csv
2026-09-27 23:08:27,778 [INFO] [7819] 已存 398 筆 → output/prices/7819.csv
2026-09-27 23:08:41,528 [INFO] [7820] 已存 352 筆 → output/prices/7820.csv
2026-09-27 23:08:55,101 [INFO] [7821] 已存 366 筆 → output/prices/7821.csv
2026-09-27 23:09:08,837 [INFO] [7822] 已存 368 筆 → output/prices/7822.csv
2026-09-27 23:09:22,402 [INFO] [7823] 已存 153 筆 → output/prices/7823.csv
2026-09-27 23:09:35,964 [INFO] [7824] 已存 247 筆 → output/prices/7824.csv
2026-09-27 23:09:49,545 [INFO] [7825] 已存 356 筆 → output/prices/7825.csv
2026-09-27 23:10:03,123 [INFO] [7826] 已存 357 筆 → output/prices/7826.csv
2026-09-27 23:10:16,728 [INFO] [7827] 已存 311 筆 → output/prices/7827.csv
2026-09-27 23:10:30,480 [INFO] [7828] 已存 341 筆 → output/prices/7828.csv
2026-09-27 23:10:44,059 [INFO] [7829] 已存 324 筆 → output/prices/7829.csv
2026-09-27 23:10:57,782 [INFO] [7831] 已存 346 筆 → output/prices/7831.csv
2026-09-27 23:11:11,357 [INFO] [7832] 已存 341 筆 → output/prices/7832.csv
2026-09-27 23:11:24,934 [INFO] [7833] 已存 331 筆 → output/prices/7833.csv
2026-09-27 23:11:38,503 [INFO] [7834] 已存 317 筆 → output/prices/7834.csv
2026-09-27 23:11:52,061 [INFO] [7835] 已存 45 筆 → output/prices/7835.csv
2026-09-27 23:12:05,793 [INFO] [7836] 已存 283 筆 → output/prices/7836.csv
2026-09-27 23:12:19,358 [INFO] [7837] 已存 327 筆 → output/prices/7837.csv
2026-09-27 23:12:32,927 [INFO] [7839] 已存 330 筆 → output/prices/7839.csv
2026-09-27 23:12:46,587 [INFO] [7840] 已存 313 筆 → output/prices/7840.csv
2026-09-27 23:13:00,313 [INFO] [7841] 已存 318 筆 → output/prices/7841.csv
2026-09-27 23:13:13,898 [INFO] [7842] 已存 319 筆 → output/prices/7842.csv
2026-09-27 23:13:27,468 [INFO] [7843] 已存 292 筆 → output/prices/7843.csv
2026-09-27 23:13:41,204 [INFO] [7846] 已存 307 筆 → output/prices/7846.csv
2026-09-27 23:13:54,980 [INFO] [7847] 已存 307 筆 → output/prices/7847.csv
2026-09-27 23:14:08,551 [INFO] [7848] 已存 284 筆 → output/prices/7848.csv
2026-09-27 23:14:22,313 [INFO] [7849] 已存 281 筆 → output/prices/7849.csv
2026-09-27 23:14:35,887 [INFO] [7850] 已存 280 筆 → output/prices/7850.csv
2026-09-27 23:14:49,455 [INFO] [7851] 已存 207 筆 → output/prices/7851.csv
2026-09-27 23:15:03,041 [INFO] [7853] 已存 240 筆 → output/prices/7853.csv
2026-09-27 23:15:16,610 [INFO] [7854] 已存 221 筆 → output/prices/7854.csv
2026-09-27 23:15:30,174 [INFO] [7855] 已存 241 筆 → output/prices/7855.csv
2026-09-27 23:15:43,749 [INFO] [7856] 已存 247 筆 → output/prices/7856.csv
2026-09-27 23:15:57,475 [INFO] [7857] 已存 262 筆 → output/prices/7857.csv
2026-09-27 23:16:11,050 [INFO] [7858] 已存 241 筆 → output/prices/7858.csv
2026-09-27 23:16:24,630 [INFO] [7860] 已存 254 筆 → output/prices/7860.csv
2026-09-27 23:16:38,201 [INFO] [7861] 已存 212 筆 → output/prices/7861.csv
2026-09-27 23:16:51,776 [INFO] [7862] 已存 226 筆 → output/prices/7862.csv
2026-09-27 23:17:05,344 [INFO] [7863] 已存 240 筆 → output/prices/7863.csv
2026-09-27 23:17:18,942 [INFO] [7865] 已存 238 筆 → output/prices/7865.csv
2026-09-27 23:17:32,505 [INFO] [7866] 已存 230 筆 → output/prices/7866.csv
2026-09-27 23:17:46,072 [INFO] [7867] 已存 230 筆 → output/prices/7867.csv
2026-09-27 23:17:59,801 [INFO] [7868] 已存 227 筆 → output/prices/7868.csv
2026-09-27 23:18:13,360 [INFO] [7869] 已存 184 筆 → output/prices/7869.csv
2026-09-27 23:18:26,948 [INFO] [7870] 已存 205 筆 → output/prices/7870.csv
2026-09-27 23:18:40,514 [INFO] [7871] 已存 170 筆 → output/prices/7871.csv
2026-09-27 23:18:54,112 [INFO] [7872] 已存 184 筆 → output/prices/7872.csv
2026-09-27 23:19:07,671 [INFO] [7873] 已存 83 筆 → output/prices/7873.csv
2026-09-27 23:19:21,237 [INFO] [7875] 已存 205 筆 → output/prices/7875.csv
2026-09-27 23:19:34,955 [INFO] [7876] 已存 204 筆 → output/prices/7876.csv
2026-09-27 23:19:48,516 [INFO] [7877] 已存 201 筆 → output/prices/7877.csv
2026-09-27 23:20:02,250 [INFO] [7878] 已存 201 筆 → output/prices/7878.csv
2026-09-27 23:20:15,815 [INFO] [7879] 已存 162 筆 → output/prices/7879.csv
2026-09-27 23:20:29,372 [INFO] [7880] 已存 202 筆 → output/prices/7880.csv
2026-09-27 23:20:42,949 [INFO] [7881] 已存 202 筆 → output/prices/7881.csv
2026-09-27 23:20:56,549 [INFO] [7882] 已存 193 筆 → output/prices/7882.csv
2026-09-27 23:21:10,118 [INFO] [7883] 已存 162 筆 → output/prices/7883.csv
2026-09-27 23:21:23,679 [INFO] [7885] 已存 167 筆 → output/prices/7885.csv
2026-09-27 23:21:37,246 [INFO] [7886] 已存 166 筆 → output/prices/7886.csv
2026-09-27 23:21:50,805 [INFO] [7887] 已存 170 筆 → output/prices/7887.csv
2026-09-27 23:22:04,398 [INFO] [7888] 已存 183 筆 → output/prices/7888.csv
2026-09-27 23:22:17,956 [INFO] [7889] 已存 170 筆 → output/prices/7889.csv
2026-09-27 23:22:31,514 [INFO] [7890] 已存 165 筆 → output/prices/7890.csv
2026-09-27 23:22:45,073 [INFO] [7891] 已存 169 筆 → output/prices/7891.csv
2026-09-27 23:22:58,641 [INFO] [7892] 已存 167 筆 → output/prices/7892.csv
2026-09-27 23:23:12,203 [INFO] [7893] 已存 168 筆 → output/prices/7893.csv
2026-09-27 23:23:25,761 [INFO] [7894] 已存 64 筆 → output/prices/7894.csv
2026-09-27 23:23:39,482 [INFO] [7895] 已存 163 筆 → output/prices/7895.csv
2026-09-27 23:23:53,040 [INFO] [7896] 已存 167 筆 → output/prices/7896.csv
2026-09-27 23:24:06,766 [INFO] [7897] 已存 160 筆 → output/prices/7897.csv
2026-09-27 23:24:20,346 [INFO] [7898] 已存 85 筆 → output/prices/7898.csv
2026-09-27 23:24:33,903 [INFO] [7899] 已存 146 筆 → output/prices/7899.csv
2026-09-27 23:24:47,459 [INFO] [7901] 已存 164 筆 → output/prices/7901.csv
2026-09-27 23:25:01,027 [INFO] [7902] 已存 163 筆 → output/prices/7902.csv
2026-09-27 23:25:14,599 [INFO] [7904] 已存 162 筆 → output/prices/7904.csv
2026-09-27 23:25:28,159 [INFO] [7907] 已存 109 筆 → output/prices/7907.csv
2026-09-27 23:25:41,732 [INFO] [7909] 已存 127 筆 → output/prices/7909.csv
2026-09-27 23:25:55,281 [INFO] [7911] 已存 105 筆 → output/prices/7911.csv
2026-09-27 23:26:08,841 [INFO] [7912] 已存 109 筆 → output/prices/7912.csv
2026-09-27 23:26:22,381 [INFO] [7913] 已存 93 筆 → output/prices/7913.csv
2026-09-27 23:26:35,944 [INFO] [7914] 已存 22 筆 → output/prices/7914.csv
2026-09-27 23:26:49,546 [INFO] [7915] 已存 105 筆 → output/prices/7915.csv
2026-09-27 23:27:03,075 [INFO] [7917] 已存 42 筆 → output/prices/7917.csv
2026-09-27 23:27:16,614 [INFO] [7918] 已存 97 筆 → output/prices/7918.csv
2026-09-27 23:27:30,152 [INFO] [7919] 已存 94 筆 → output/prices/7919.csv
2026-09-27 23:27:43,723 [INFO] [7920] 已存 90 筆 → output/prices/7920.csv
2026-09-27 23:27:57,410 [INFO] [7921] 已存 85 筆 → output/prices/7921.csv
2026-09-27 23:28:11,107 [INFO] [7922] 已存 88 筆 → output/prices/7922.csv
2026-09-27 23:28:24,647 [INFO] [7924] 已存 64 筆 → output/prices/7924.csv
2026-09-27 23:28:38,339 [INFO] [7925] 已存 39 筆 → output/prices/7925.csv
2026-09-27 23:28:52,035 [INFO] [7926] 已存 70 筆 → output/prices/7926.csv
2026-09-27 23:29:05,603 [INFO] [7927] 已存 70 筆 → output/prices/7927.csv
2026-09-27 23:29:19,172 [INFO] [7928] 已存 64 筆 → output/prices/7928.csv
2026-09-27 23:29:32,745 [INFO] [7929] 已存 64 筆 → output/prices/7929.csv
2026-09-27 23:29:46,462 [INFO] [7930] 已存 51 筆 → output/prices/7930.csv
2026-09-27 23:30:00,185 [INFO] [7931] 已存 63 筆 → output/prices/7931.csv
2026-09-27 23:30:13,753 [INFO] [7932] 已存 20 筆 → output/prices/7932.csv
2026-09-27 23:30:27,472 [INFO] [7933] 已存 46 筆 → output/prices/7933.csv
2026-09-27 23:30:41,033 [INFO] [7934] 已存 11 筆 → output/prices/7934.csv
2026-09-27 23:30:54,752 [INFO] [7935] 已存 47 筆 → output/prices/7935.csv
2026-09-27 23:31:08,312 [INFO] [7936] 已存 48 筆 → output/prices/7936.csv
2026-09-27 23:31:21,919 [INFO] [7939] 已存 44 筆 → output/prices/7939.csv
2026-09-27 23:31:35,669 [INFO] [7942] 已存 36 筆 → output/prices/7942.csv
2026-09-27 23:31:49,218 [INFO] [7943] 已存 34 筆 → output/prices/7943.csv
2026-09-27 23:32:02,777 [INFO] [7944] 已存 27 筆 → output/prices/7944.csv
2026-09-27 23:32:16,345 [INFO] [7945] 已存 26 筆 → output/prices/7945.csv
2026-09-27 23:32:29,907 [INFO] [7947] 已存 7 筆 → output/prices/7947.csv
2026-09-27 23:32:43,510 [INFO] [8008] 無資料，略過存檔
2026-09-27 23:32:57,494 [INFO] [8011] 已存 2437 筆 → output/prices/8011.csv
2026-09-27 23:33:11,616 [INFO] [8016] 已存 2437 筆 → output/prices/8016.csv
2026-09-27 23:33:25,599 [INFO] [8021] 已存 2430 筆 → output/prices/8021.csv
2026-09-27 23:33:39,592 [INFO] [8024] 已存 2437 筆 → output/prices/8024.csv
2026-09-27 23:33:53,552 [INFO] [8027] 已存 2437 筆 → output/prices/8027.csv
2026-09-27 23:34:07,521 [INFO] [8028] 已存 2437 筆 → output/prices/8028.csv
2026-09-27 23:34:21,508 [INFO] [8032] 已存 2437 筆 → output/prices/8032.csv
2026-09-27 23:34:35,627 [INFO] [8033] 已存 2427 筆 → output/prices/8033.csv
2026-09-27 23:34:49,605 [INFO] [8034] 已存 2430 筆 → output/prices/8034.csv
2026-09-27 23:35:03,589 [INFO] [8038] 已存 2437 筆 → output/prices/8038.csv
2026-09-27 23:35:17,592 [INFO] [8039] 已存 2437 筆 → output/prices/8039.csv
2026-09-27 23:35:31,597 [INFO] [8040] 已存 2430 筆 → output/prices/8040.csv
2026-09-27 23:35:45,527 [INFO] [8041] 已存 1309 筆 → output/prices/8041.csv
2026-09-27 23:35:59,504 [INFO] [8042] 已存 2437 筆 → output/prices/8042.csv
2026-09-27 23:36:13,648 [INFO] [8043] 已存 2437 筆 → output/prices/8043.csv
2026-09-27 23:36:27,620 [INFO] [8044] 已存 2437 筆 → output/prices/8044.csv
2026-09-27 23:36:41,590 [INFO] [8045] 已存 2282 筆 → output/prices/8045.csv
2026-09-27 23:36:55,740 [INFO] [8046] 已存 2437 筆 → output/prices/8046.csv
2026-09-27 23:37:10,323 [INFO] [8047] 已存 2437 筆 → output/prices/8047.csv
2026-09-27 23:37:24,388 [INFO] [8048] 已存 2437 筆 → output/prices/8048.csv
2026-09-27 23:37:38,530 [INFO] [8049] 已存 2437 筆 → output/prices/8049.csv
2026-09-27 23:37:52,511 [INFO] [8050] 已存 2437 筆 → output/prices/8050.csv
2026-09-27 23:38:06,496 [INFO] [8054] 已存 2437 筆 → output/prices/8054.csv
2026-09-27 23:38:20,063 [INFO] [8058] 已存 294 筆 → output/prices/8058.csv
2026-09-27 23:38:34,028 [INFO] [8059] 已存 2430 筆 → output/prices/8059.csv
2026-09-27 23:38:48,011 [INFO] [8064] 已存 2437 筆 → output/prices/8064.csv
2026-09-27 23:39:02,003 [INFO] [8066] 已存 2437 筆 → output/prices/8066.csv
2026-09-27 23:39:15,976 [INFO] [8067] 已存 2420 筆 → output/prices/8067.csv
2026-09-27 23:39:29,945 [INFO] [8068] 已存 2437 筆 → output/prices/8068.csv
2026-09-27 23:39:43,907 [INFO] [8069] 已存 2437 筆 → output/prices/8069.csv
2026-09-27 23:39:58,240 [INFO] [8070] 已存 2430 筆 → output/prices/8070.csv
2026-09-27 23:40:12,203 [INFO] [8071] 已存 2437 筆 → output/prices/8071.csv
2026-09-27 23:40:26,167 [INFO] [8072] 已存 2428 筆 → output/prices/8072.csv
2026-09-27 23:40:40,217 [INFO] [8074] 已存 2437 筆 → output/prices/8074.csv
2026-09-27 23:40:54,234 [INFO] [8076] 已存 2437 筆 → output/prices/8076.csv
2026-09-27 23:41:08,286 [INFO] [8077] 已存 2430 筆 → output/prices/8077.csv
2026-09-27 23:41:21,830 [INFO] [8078] 無資料，略過存檔
2026-09-27 23:41:35,811 [INFO] [8080] 已存 2162 筆 → output/prices/8080.csv
2026-09-27 23:41:49,983 [INFO] [8081] 已存 2437 筆 → output/prices/8081.csv
2026-09-27 23:42:03,978 [INFO] [8083] 已存 2437 筆 → output/prices/8083.csv
2026-09-27 23:42:17,969 [INFO] [8084] 已存 2437 筆 → output/prices/8084.csv
2026-09-27 23:42:31,951 [INFO] [8085] 已存 2430 筆 → output/prices/8085.csv
2026-09-27 23:42:45,936 [INFO] [8086] 已存 2437 筆 → output/prices/8086.csv
2026-09-27 23:43:00,056 [INFO] [8087] 已存 2437 筆 → output/prices/8087.csv
2026-09-27 23:43:14,055 [INFO] [8088] 已存 2437 筆 → output/prices/8088.csv
2026-09-27 23:43:28,005 [INFO] [8089] 已存 1963 筆 → output/prices/8089.csv
2026-09-27 23:43:41,977 [INFO] [8091] 已存 2431 筆 → output/prices/8091.csv
2026-09-27 23:43:56,113 [INFO] [8092] 已存 2437 筆 → output/prices/8092.csv
2026-09-27 23:44:10,083 [INFO] [8093] 已存 2423 筆 → output/prices/8093.csv
2026-09-27 23:44:24,043 [INFO] [8096] 已存 2437 筆 → output/prices/8096.csv
2026-09-27 23:44:38,064 [INFO] [8097] 已存 2437 筆 → output/prices/8097.csv
2026-09-27 23:44:51,813 [INFO] [8098] 已存 662 筆 → output/prices/8098.csv
2026-09-27 23:45:05,882 [INFO] [8099] 已存 2437 筆 → output/prices/8099.csv
2026-09-27 23:45:20,016 [INFO] [8101] 已存 2367 筆 → output/prices/8101.csv
2026-09-27 23:45:33,759 [INFO] [8102] 已存 708 筆 → output/prices/8102.csv
2026-09-27 23:45:47,898 [INFO] [8103] 已存 2430 筆 → output/prices/8103.csv
2026-09-27 23:46:01,827 [INFO] [8104] 已存 2437 筆 → output/prices/8104.csv
2026-09-27 23:46:15,757 [INFO] [8105] 已存 2431 筆 → output/prices/8105.csv
2026-09-27 23:46:29,687 [INFO] [8107] 已存 2428 筆 → output/prices/8107.csv
2026-09-27 23:46:43,611 [INFO] [8109] 已存 2437 筆 → output/prices/8109.csv
2026-09-27 23:46:57,534 [INFO] [8110] 已存 2437 筆 → output/prices/8110.csv
2026-09-27 23:47:11,462 [INFO] [8111] 已存 2437 筆 → output/prices/8111.csv
2026-09-27 23:47:25,426 [INFO] [8112] 已存 2437 筆 → output/prices/8112.csv
2026-09-27 23:47:39,153 [INFO] [8112A] 已存 1110 筆 → output/prices/8112A.csv
2026-09-27 23:47:53,089 [INFO] [8114] 已存 2437 筆 → output/prices/8114.csv
2026-09-27 23:48:07,005 [INFO] [8119] 已存 2246 筆 → output/prices/8119.csv
2026-09-27 23:48:20,961 [INFO] [8121] 已存 2437 筆 → output/prices/8121.csv
2026-09-27 23:48:34,892 [INFO] [8131] 已存 2437 筆 → output/prices/8131.csv
2026-09-27 23:48:48,826 [INFO] [8147] 已存 2437 筆 → output/prices/8147.csv
2026-09-27 23:49:02,992 [INFO] [8150] 已存 2431 筆 → output/prices/8150.csv
2026-09-27 23:49:17,181 [INFO] [8155] 已存 2437 筆 → output/prices/8155.csv
2026-09-27 23:49:30,962 [INFO] [8162] 已存 970 筆 → output/prices/8162.csv
2026-09-27 23:49:45,046 [INFO] [8163] 已存 2437 筆 → output/prices/8163.csv
2026-09-27 23:49:58,993 [INFO] [8171] 已存 2437 筆 → output/prices/8171.csv
2026-09-27 23:50:12,988 [INFO] [8176] 已存 2427 筆 → output/prices/8176.csv
2026-09-27 23:50:26,974 [INFO] [8182] 已存 2437 筆 → output/prices/8182.csv
2026-09-27 23:50:40,957 [INFO] [8183] 已存 2435 筆 → output/prices/8183.csv
2026-09-27 23:50:54,662 [INFO] [8199] 無資料，略過存檔
2026-09-27 23:51:08,665 [INFO] [8201] 已存 2437 筆 → output/prices/8201.csv
2026-09-27 23:51:22,632 [INFO] [8210] 已存 2437 筆 → output/prices/8210.csv
2026-09-27 23:51:36,604 [INFO] [8213] 已存 2437 筆 → output/prices/8213.csv
2026-09-27 23:51:50,576 [INFO] [8215] 已存 2437 筆 → output/prices/8215.csv
2026-09-27 23:52:04,541 [INFO] [8222] 已存 2437 筆 → output/prices/8222.csv
2026-09-27 23:52:18,465 [INFO] [8227] 已存 1261 筆 → output/prices/8227.csv
2026-09-27 23:52:32,436 [INFO] [8234] 已存 2437 筆 → output/prices/8234.csv
2026-09-27 23:52:46,419 [INFO] [8240] 已存 2437 筆 → output/prices/8240.csv
2026-09-27 23:53:00,377 [INFO] [8249] 已存 2430 筆 → output/prices/8249.csv
2026-09-27 23:53:14,380 [INFO] [8255] 已存 2437 筆 → output/prices/8255.csv
2026-09-27 23:53:28,392 [INFO] [8261] 已存 2437 筆 → output/prices/8261.csv
2026-09-27 23:53:42,404 [INFO] [8271] 已存 2437 筆 → output/prices/8271.csv
2026-09-27 23:53:56,182 [INFO] [8272] 已存 716 筆 → output/prices/8272.csv
2026-09-27 23:54:10,279 [INFO] [8277] 已存 2430 筆 → output/prices/8277.csv
2026-09-27 23:54:24,453 [INFO] [8279] 已存 2437 筆 → output/prices/8279.csv
2026-09-27 23:54:38,456 [INFO] [8284] 已存 2437 筆 → output/prices/8284.csv
2026-09-27 23:54:52,452 [INFO] [8289] 已存 2431 筆 → output/prices/8289.csv
2026-09-27 23:55:06,401 [INFO] [8291] 已存 2301 筆 → output/prices/8291.csv
2026-09-27 23:55:20,204 [INFO] [8298] 已存 2069 筆 → output/prices/8298.csv
2026-09-27 23:55:34,159 [INFO] [8299] 已存 2437 筆 → output/prices/8299.csv
2026-09-27 23:55:48,142 [INFO] [8329] 已存 2437 筆 → output/prices/8329.csv
2026-09-27 23:56:02,153 [INFO] [8341] 已存 2437 筆 → output/prices/8341.csv
2026-09-27 23:56:16,151 [INFO] [8342] 已存 2437 筆 → output/prices/8342.csv
2026-09-27 23:56:29,720 [INFO] [8345] 已存 313 筆 → output/prices/8345.csv
2026-09-27 23:56:43,684 [INFO] [8349] 已存 2437 筆 → output/prices/8349.csv
2026-09-27 23:56:57,452 [INFO] [8349A] 已存 1606 筆 → output/prices/8349A.csv
2026-09-27 23:57:11,428 [INFO] [8354] 已存 2437 筆 → output/prices/8354.csv
2026-09-27 23:57:24,431 [INFO] 已達時間預算（340.0 分鐘），安全中斷，剩餘 201 檔留給下次排程。
2026-09-27 23:57:24,431 [INFO] 本次執行結束。已完成 2948 / 3149 檔，尚餘 201 檔待下次排程繼續。
2026-09-28 00:24:17,137 [INFO] 進度：共 3149 檔，已完成 2948，失敗略過 0，待抓 201
2026-09-28 00:24:17,958 [INFO] [8358] 已存 2436 筆 → output/prices/8358.csv
2026-09-28 00:24:31,714 [INFO] [8359] 已存 2436 筆 → output/prices/8359.csv
2026-09-28 00:24:45,582 [INFO] [8367] 已存 2323 筆 → output/prices/8367.csv
2026-09-28 00:24:59,330 [INFO] [8374] 已存 2436 筆 → output/prices/8374.csv
2026-09-28 00:25:13,134 [INFO] [8383] 已存 2436 筆 → output/prices/8383.csv
2026-09-28 00:25:27,068 [INFO] [8390] 已存 2429 筆 → output/prices/8390.csv
2026-09-28 00:25:40,878 [INFO] [8401] 已存 2436 筆 → output/prices/8401.csv
2026-09-28 00:25:54,622 [INFO] [8403] 已存 2436 筆 → output/prices/8403.csv
2026-09-28 00:26:08,407 [INFO] [8404] 已存 2436 筆 → output/prices/8404.csv
2026-09-28 00:26:22,031 [INFO] [8406] 已存 1357 筆 → output/prices/8406.csv
2026-09-28 00:26:35,870 [INFO] [8409] 已存 2436 筆 → output/prices/8409.csv
2026-09-28 00:26:49,666 [INFO] [8410] 已存 2436 筆 → output/prices/8410.csv
2026-09-28 00:27:03,487 [INFO] [8411] 已存 2436 筆 → output/prices/8411.csv
2026-09-28 00:27:17,231 [INFO] [8415] 已存 2436 筆 → output/prices/8415.csv
2026-09-28 00:27:31,001 [INFO] [8416] 已存 2436 筆 → output/prices/8416.csv
2026-09-28 00:27:44,611 [INFO] [8418] 已存 1791 筆 → output/prices/8418.csv
2026-09-28 00:27:58,353 [INFO] [8420] 已存 1987 筆 → output/prices/8420.csv
2026-09-28 00:28:12,114 [INFO] [8421] 已存 2436 筆 → output/prices/8421.csv
2026-09-28 00:28:25,894 [INFO] [8422] 已存 2429 筆 → output/prices/8422.csv
2026-09-28 00:28:39,790 [INFO] [8423] 已存 2436 筆 → output/prices/8423.csv
2026-09-28 00:28:53,537 [INFO] [8424] 已存 2436 筆 → output/prices/8424.csv
2026-09-28 00:29:07,291 [INFO] [8426] 已存 2436 筆 → output/prices/8426.csv
2026-09-28 00:29:20,907 [INFO] [8427] 已存 1320 筆 → output/prices/8427.csv
2026-09-28 00:29:34,637 [INFO] [8429] 已存 2436 筆 → output/prices/8429.csv
2026-09-28 00:29:48,413 [INFO] [8431] 已存 2436 筆 → output/prices/8431.csv
2026-09-28 00:30:02,201 [INFO] [8432] 已存 2436 筆 → output/prices/8432.csv
2026-09-28 00:30:18,706 [INFO] [8433] 已存 2436 筆 → output/prices/8433.csv
2026-09-28 00:30:34,096 [INFO] [8435] 已存 2436 筆 → output/prices/8435.csv
2026-09-28 00:30:47,926 [INFO] [8436] 已存 2436 筆 → output/prices/8436.csv
2026-09-28 00:31:01,686 [INFO] [8437] 已存 2436 筆 → output/prices/8437.csv
2026-09-28 00:31:15,450 [INFO] [8438] 已存 2436 筆 → output/prices/8438.csv
2026-09-28 00:31:29,196 [INFO] [8440] 已存 2436 筆 → output/prices/8440.csv
2026-09-28 00:31:42,961 [INFO] [8442] 已存 2410 筆 → output/prices/8442.csv
2026-09-28 00:31:56,732 [INFO] [8443] 已存 2436 筆 → output/prices/8443.csv
2026-09-28 00:32:10,496 [INFO] [8444] 已存 2436 筆 → output/prices/8444.csv
2026-09-28 00:32:24,241 [INFO] [8446] 已存 2436 筆 → output/prices/8446.csv
2026-09-28 00:32:37,988 [INFO] [8450] 已存 2436 筆 → output/prices/8450.csv
2026-09-28 00:32:51,740 [INFO] [8454] 已存 2436 筆 → output/prices/8454.csv
2026-09-28 00:33:05,502 [INFO] [8455] 已存 2436 筆 → output/prices/8455.csv
2026-09-28 00:33:19,237 [INFO] [8458] 已存 2429 筆 → output/prices/8458.csv
2026-09-28 00:33:32,999 [INFO] [8462] 已存 2436 筆 → output/prices/8462.csv
2026-09-28 00:33:46,749 [INFO] [8463] 已存 2436 筆 → output/prices/8463.csv
2026-09-28 00:34:00,530 [INFO] [8464] 已存 2436 筆 → output/prices/8464.csv
2026-09-28 00:34:14,315 [INFO] [8466] 已存 2415 筆 → output/prices/8466.csv
2026-09-28 00:34:28,130 [INFO] [8467] 已存 2435 筆 → output/prices/8467.csv
2026-09-28 00:34:41,877 [INFO] [8472] 已存 2436 筆 → output/prices/8472.csv
2026-09-28 00:34:55,630 [INFO] [8473] 已存 2436 筆 → output/prices/8473.csv
2026-09-28 00:35:09,429 [INFO] [8476] 已存 2430 筆 → output/prices/8476.csv
2026-09-28 00:35:23,217 [INFO] [8477] 已存 2436 筆 → output/prices/8477.csv
2026-09-28 00:35:37,033 [INFO] [8478] 已存 2436 筆 → output/prices/8478.csv
2026-09-28 00:35:50,634 [INFO] [8480] 已存 1523 筆 → output/prices/8480.csv
2026-09-28 00:36:04,372 [INFO] [8481] 已存 2436 筆 → output/prices/8481.csv
2026-09-28 00:36:18,102 [INFO] [8482] 已存 1974 筆 → output/prices/8482.csv
2026-09-28 00:36:31,865 [INFO] [8487] 已存 2436 筆 → output/prices/8487.csv
2026-09-28 00:36:45,620 [INFO] [8488] 已存 2371 筆 → output/prices/8488.csv
2026-09-28 00:36:59,387 [INFO] [8489] 已存 2436 筆 → output/prices/8489.csv
2026-09-28 00:37:12,987 [INFO] [8497] 已存 961 筆 → output/prices/8497.csv
2026-09-28 00:37:26,826 [INFO] [8499] 已存 2144 筆 → output/prices/8499.csv
2026-09-28 00:37:40,599 [INFO] [8905] 已存 2420 筆 → output/prices/8905.csv
2026-09-28 00:37:54,381 [INFO] [8906] 已存 2429 筆 → output/prices/8906.csv
2026-09-28 00:38:08,194 [INFO] [8908] 已存 2436 筆 → output/prices/8908.csv
2026-09-28 00:38:22,006 [INFO] [8916] 已存 2436 筆 → output/prices/8916.csv
2026-09-28 00:38:35,669 [INFO] [8916A] 已存 1083 筆 → output/prices/8916A.csv
2026-09-28 00:38:49,406 [INFO] [8917] 已存 2436 筆 → output/prices/8917.csv
2026-09-28 00:39:03,045 [INFO] [8921] 已存 2436 筆 → output/prices/8921.csv
2026-09-28 00:39:16,850 [INFO] [8923] 已存 2436 筆 → output/prices/8923.csv
2026-09-28 00:39:30,631 [INFO] [8924] 已存 2429 筆 → output/prices/8924.csv
2026-09-28 00:39:44,398 [INFO] [8926] 已存 2436 筆 → output/prices/8926.csv
2026-09-28 00:39:58,158 [INFO] [8927] 已存 2436 筆 → output/prices/8927.csv
2026-09-28 00:40:11,916 [INFO] [8928] 已存 2436 筆 → output/prices/8928.csv
2026-09-28 00:40:25,673 [INFO] [8929] 已存 2436 筆 → output/prices/8929.csv
2026-09-28 00:40:39,483 [INFO] [8930] 已存 2436 筆 → output/prices/8930.csv
2026-09-28 00:40:53,253 [INFO] [8931] 已存 2436 筆 → output/prices/8931.csv
2026-09-28 00:41:07,080 [INFO] [8932] 已存 2422 筆 → output/prices/8932.csv
2026-09-28 00:41:20,853 [INFO] [8933] 已存 2429 筆 → output/prices/8933.csv
2026-09-28 00:41:34,429 [INFO] [8934] 已存 1013 筆 → output/prices/8934.csv
2026-09-28 00:41:48,197 [INFO] [8935] 已存 2427 筆 → output/prices/8935.csv
2026-09-28 00:42:01,949 [INFO] [8936] 已存 2436 筆 → output/prices/8936.csv
2026-09-28 00:42:15,700 [INFO] [8937] 已存 2430 筆 → output/prices/8937.csv
2026-09-28 00:42:29,456 [INFO] [8938] 已存 2436 筆 → output/prices/8938.csv
2026-09-28 00:42:43,204 [INFO] [8940] 已存 2436 筆 → output/prices/8940.csv
2026-09-28 00:42:56,967 [INFO] [8941] 已存 2436 筆 → output/prices/8941.csv
2026-09-28 00:43:10,729 [INFO] [8942] 已存 2436 筆 → output/prices/8942.csv
2026-09-28 00:43:25,286 [INFO] [8996] 已存 2436 筆 → output/prices/8996.csv
2026-09-28 00:43:38,771 [INFO] [8999] 已存 414 筆 → output/prices/8999.csv
2026-09-28 00:43:52,213 [INFO] [910069] 無資料，略過存檔
2026-09-28 00:44:05,635 [INFO] [9101] 無資料，略過存檔
2026-09-28 00:44:19,081 [INFO] [9102] 無資料，略過存檔
2026-09-28 00:44:32,894 [INFO] [9103] 已存 2436 筆 → output/prices/9103.csv
2026-09-28 00:44:46,667 [INFO] [910322] 已存 2430 筆 → output/prices/910322.csv
2026-09-28 00:45:00,138 [INFO] [9104] 無資料，略過存檔
2026-09-28 00:45:13,723 [INFO] [910482] 已存 906 筆 → output/prices/910482.csv
2026-09-28 00:45:27,495 [INFO] [9105] 已存 2436 筆 → output/prices/9105.csv
2026-09-28 00:45:40,918 [INFO] [910579] 無資料，略過存檔
2026-09-28 00:45:54,366 [INFO] [9106] 已存 179 筆 → output/prices/9106.csv
2026-09-28 00:46:07,988 [INFO] [910708] 已存 658 筆 → output/prices/910708.csv
2026-09-28 00:46:21,489 [INFO] [910801] 已存 298 筆 → output/prices/910801.csv
2026-09-28 00:46:35,286 [INFO] [910861] 已存 2435 筆 → output/prices/910861.csv
2026-09-28 00:46:48,769 [INFO] [910948] 無資料，略過存檔
2026-09-28 00:47:02,549 [INFO] [9110] 已存 2435 筆 → output/prices/9110.csv
2026-09-28 00:47:16,015 [INFO] [911201] 無資料，略過存檔
2026-09-28 00:47:29,436 [INFO] [911602] 無資料，略過存檔
2026-09-28 00:47:42,858 [INFO] [911606] 無資料，略過存檔
2026-09-28 00:47:56,637 [INFO] [911608] 已存 2436 筆 → output/prices/911608.csv
2026-09-28 00:48:10,064 [INFO] [911609] 無資料，略過存檔
2026-09-28 00:48:23,493 [INFO] [911610] 無資料，略過存檔
2026-09-28 00:48:36,972 [INFO] [911611] 已存 41 筆 → output/prices/911611.csv
2026-09-28 00:48:50,441 [INFO] [911612] 無資料，略過存檔
2026-09-28 00:49:04,053 [INFO] [911616] 已存 1204 筆 → output/prices/911616.csv
2026-09-28 00:49:17,515 [INFO] [911619] 已存 707 筆 → output/prices/911619.csv
2026-09-28 00:49:31,291 [INFO] [911622] 已存 2431 筆 → output/prices/911622.csv
2026-09-28 00:49:44,748 [INFO] [911626] 無資料，略過存檔
2026-09-28 00:49:58,504 [INFO] [911868] 已存 2436 筆 → output/prices/911868.csv
2026-09-28 00:50:14,369 [INFO] [912000] 已存 2436 筆 → output/prices/912000.csv
2026-09-28 00:50:28,030 [INFO] [912398] 已存 1268 筆 → output/prices/912398.csv
2026-09-28 00:50:41,828 [INFO] [9136] 已存 2436 筆 → output/prices/9136.csv
2026-09-28 00:50:55,316 [INFO] [913889] 無資料，略過存檔
2026-09-28 00:51:08,732 [INFO] [9151] 無資料，略過存檔
2026-09-28 00:51:22,364 [INFO] [9157] 已存 764 筆 → output/prices/9157.csv
2026-09-28 00:51:35,855 [INFO] [916665] 無資料，略過存檔
2026-09-28 00:51:49,512 [INFO] [9188] 已存 1325 筆 → output/prices/9188.csv
2026-09-28 00:52:02,926 [INFO] [9801] 無資料，略過存檔
2026-09-28 00:52:16,682 [INFO] [9802] 已存 2436 筆 → output/prices/9802.csv
2026-09-28 00:52:30,432 [INFO] [9902] 已存 2436 筆 → output/prices/9902.csv
2026-09-28 00:52:44,205 [INFO] [9904] 已存 2436 筆 → output/prices/9904.csv
2026-09-28 00:52:57,958 [INFO] [9905] 已存 2436 筆 → output/prices/9905.csv
2026-09-28 00:53:12,111 [INFO] [9906] 已存 2436 筆 → output/prices/9906.csv
2026-09-28 00:53:25,881 [INFO] [9907] 已存 2436 筆 → output/prices/9907.csv
2026-09-28 00:53:39,653 [INFO] [9908] 已存 2436 筆 → output/prices/9908.csv
2026-09-28 00:53:53,454 [INFO] [9910] 已存 2436 筆 → output/prices/9910.csv
2026-09-28 00:54:07,205 [INFO] [9911] 已存 2426 筆 → output/prices/9911.csv
2026-09-28 00:54:20,955 [INFO] [9912] 已存 2436 筆 → output/prices/9912.csv
2026-09-28 00:54:34,787 [INFO] [9914] 已存 2436 筆 → output/prices/9914.csv
2026-09-28 00:54:48,262 [INFO] [9915] 無資料，略過存檔
2026-09-28 00:55:02,067 [INFO] [9917] 已存 2436 筆 → output/prices/9917.csv
2026-09-28 00:55:15,812 [INFO] [9918] 已存 2436 筆 → output/prices/9918.csv
2026-09-28 00:55:29,613 [INFO] [9919] 已存 2436 筆 → output/prices/9919.csv
2026-09-28 00:55:43,380 [INFO] [9921] 已存 2436 筆 → output/prices/9921.csv
2026-09-28 00:55:56,841 [INFO] [9922] 無資料，略過存檔
2026-09-28 00:56:10,622 [INFO] [9924] 已存 2430 筆 → output/prices/9924.csv
2026-09-28 00:56:24,377 [INFO] [9925] 已存 2436 筆 → output/prices/9925.csv
2026-09-28 00:56:38,132 [INFO] [9926] 已存 2434 筆 → output/prices/9926.csv
2026-09-28 00:56:51,893 [INFO] [9927] 已存 2422 筆 → output/prices/9927.csv
2026-09-28 00:57:05,639 [INFO] [9928] 已存 2420 筆 → output/prices/9928.csv
2026-09-28 00:57:19,429 [INFO] [9929] 已存 2429 筆 → output/prices/9929.csv
2026-09-28 00:57:33,172 [INFO] [9930] 已存 2436 筆 → output/prices/9930.csv
2026-09-28 00:57:48,631 [INFO] [9931] 已存 2431 筆 → output/prices/9931.csv
2026-09-28 00:58:02,393 [INFO] [9933] 已存 2436 筆 → output/prices/9933.csv
2026-09-28 00:58:16,147 [INFO] [9934] 已存 2436 筆 → output/prices/9934.csv
2026-09-28 00:58:29,902 [INFO] [9935] 已存 2436 筆 → output/prices/9935.csv
2026-09-28 00:58:43,700 [INFO] [9937] 已存 2436 筆 → output/prices/9937.csv
2026-09-28 00:58:57,449 [INFO] [9938] 已存 2436 筆 → output/prices/9938.csv
2026-09-28 00:59:11,274 [INFO] [9939] 已存 2436 筆 → output/prices/9939.csv
2026-09-28 00:59:25,065 [INFO] [9940] 已存 2436 筆 → output/prices/9940.csv
2026-09-28 00:59:38,890 [INFO] [9941] 已存 2436 筆 → output/prices/9941.csv
2026-09-28 00:59:52,678 [INFO] [9941A] 已存 1898 筆 → output/prices/9941A.csv
2026-09-28 01:00:06,425 [INFO] [9942] 已存 2436 筆 → output/prices/9942.csv
2026-09-28 01:00:20,233 [INFO] [9943] 已存 2429 筆 → output/prices/9943.csv
2026-09-28 01:00:33,999 [INFO] [9944] 已存 2436 筆 → output/prices/9944.csv
2026-09-28 01:00:47,921 [INFO] [9945] 已存 2422 筆 → output/prices/9945.csv
2026-09-28 01:01:01,695 [INFO] [9946] 已存 2436 筆 → output/prices/9946.csv
2026-09-28 01:01:15,521 [INFO] [9949] 已存 2436 筆 → output/prices/9949.csv
2026-09-28 01:01:29,287 [INFO] [9950] 已存 2436 筆 → output/prices/9950.csv
2026-09-28 01:01:43,093 [INFO] [9951] 已存 2436 筆 → output/prices/9951.csv
2026-09-28 01:01:56,922 [INFO] [9955] 已存 2436 筆 → output/prices/9955.csv
2026-09-28 01:02:10,688 [INFO] [9957] 已存 2436 筆 → output/prices/9957.csv
2026-09-28 01:02:24,439 [INFO] [9958] 已存 2436 筆 → output/prices/9958.csv
2026-09-28 01:02:38,207 [INFO] [9960] 已存 2436 筆 → output/prices/9960.csv
2026-09-28 01:02:51,967 [INFO] [9962] 已存 2436 筆 → output/prices/9962.csv
2026-09-28 01:03:05,774 [INFO] [Automobile] 已存 2436 筆 → output/prices/Automobile.csv
2026-09-28 01:03:19,535 [INFO] [BiotechnologyMedicalCare] 已存 2436 筆 → output/prices/BiotechnologyMedicalCare.csv
2026-09-28 01:03:33,325 [INFO] [BuildingMaterialConstruction] 已存 2436 筆 → output/prices/BuildingMaterialConstruction.csv
2026-09-28 01:03:47,091 [INFO] [Cement] 已存 2436 筆 → output/prices/Cement.csv
2026-09-28 01:04:00,864 [INFO] [Chemical] 已存 2436 筆 → output/prices/Chemical.csv
2026-09-28 01:04:14,634 [INFO] [ChemicalBiotechnologyMedicalCare] 已存 2436 筆 → output/prices/ChemicalBiotechnologyMedicalCare.csv
2026-09-28 01:04:28,432 [INFO] [CommunicationsInternet] 已存 2436 筆 → output/prices/CommunicationsInternet.csv
2026-09-28 01:04:42,210 [INFO] [ComputerPeripheralEquipment] 已存 2436 筆 → output/prices/ComputerPeripheralEquipment.csv
2026-09-28 01:04:56,127 [INFO] [ElectricMachinery] 已存 2436 筆 → output/prices/ElectricMachinery.csv
2026-09-28 01:05:09,933 [INFO] [ElectricalCable] 已存 2436 筆 → output/prices/ElectricalCable.csv
2026-09-28 01:05:23,854 [INFO] [Electronic] 已存 2436 筆 → output/prices/Electronic.csv
2026-09-28 01:05:37,848 [INFO] [ElectronicPartsComponents] 已存 2436 筆 → output/prices/ElectronicPartsComponents.csv
2026-09-28 01:05:51,641 [INFO] [ElectronicProductsDistribution] 已存 2436 筆 → output/prices/ElectronicProductsDistribution.csv
2026-09-28 01:06:05,531 [INFO] [FinancialInsurance] 已存 2436 筆 → output/prices/FinancialInsurance.csv
2026-09-28 01:06:19,460 [INFO] [Food] 已存 2436 筆 → output/prices/Food.csv
2026-09-28 01:06:33,250 [INFO] [GlassCeramic] 已存 2436 筆 → output/prices/GlassCeramic.csv
2026-09-28 01:06:47,068 [INFO] [InformationService] 已存 2436 筆 → output/prices/InformationService.csv
2026-09-28 01:07:00,862 [INFO] [IronSteel] 已存 2436 筆 → output/prices/IronSteel.csv
2026-09-28 01:07:14,671 [INFO] [OilGasElectricity] 已存 2436 筆 → output/prices/OilGasElectricity.csv
2026-09-28 01:07:28,466 [INFO] [Optoelectronic] 已存 2436 筆 → output/prices/Optoelectronic.csv
2026-09-28 01:07:43,495 [INFO] [Other] 已存 2436 筆 → output/prices/Other.csv
2026-09-28 01:07:57,527 [INFO] [OtherElectronic] 已存 2436 筆 → output/prices/OtherElectronic.csv
2026-09-28 01:08:12,955 [INFO] [PaperPulp] 已存 2436 筆 → output/prices/PaperPulp.csv
2026-09-28 01:08:28,462 [INFO] [Plastics] 已存 2436 筆 → output/prices/Plastics.csv
2026-09-28 01:08:42,254 [INFO] [Rubber] 已存 2436 筆 → output/prices/Rubber.csv
2026-09-28 01:08:56,781 [INFO] [Semiconductor] 已存 2436 筆 → output/prices/Semiconductor.csv
2026-09-28 01:09:10,609 [INFO] [ShippingTransportation] 已存 2436 筆 → output/prices/ShippingTransportation.csv
2026-09-28 01:09:24,612 [INFO] [TAIEX] 已存 2436 筆 → output/prices/TAIEX.csv
2026-09-28 01:09:38,426 [INFO] [TPEx] 已存 2436 筆 → output/prices/TPEx.csv
2026-09-28 01:09:52,208 [INFO] [Textiles] 已存 2436 筆 → output/prices/Textiles.csv
2026-09-28 01:10:06,012 [INFO] [Tourism] 已存 2436 筆 → output/prices/Tourism.csv
2026-09-28 01:10:19,886 [INFO] [TradingConsumersGoods] 已存 2436 筆 → output/prices/TradingConsumersGoods.csv
2026-09-28 01:10:32,888 [INFO] 本次執行結束。已完成 3149 / 3149 檔，尚餘 0 檔待下次排程繼續。
2026-09-28 06:23:07,012 [INFO] 進度：共 3149 檔，已完成 3149，失敗略過 0，待抓 0
2026-09-28 06:23:07,013 [INFO] 所有股票資料皆已抓取完成，本次無需執行。
2026-09-28 12:22:13,363 [INFO] 進度：共 3149 檔，已完成 3149，失敗略過 0，待抓 0
2026-09-28 12:22:13,364 [INFO] 所有股票資料皆已抓取完成，本次無需執行。
2026-09-28 18:18:55,786 [INFO] 進度：共 3149 檔，已完成 3149，失敗略過 0，待抓 0
2026-09-28 18:18:55,786 [INFO] 所有股票資料皆已抓取完成，本次無需執行。
2026-09-29 00:22:27,521 [INFO] 進度：共 3149 檔，已完成 3149，失敗略過 0，待抓 0
2026-09-29 00:22:27,521 [INFO] 所有股票資料皆已抓取完成，本次無需執行。
2026-09-29 06:20:36,741 [INFO] 進度：共 3149 檔，已完成 3149，失敗略過 0，待抓 0
2026-09-29 06:20:36,741 [INFO] 所有股票資料皆已抓取完成，本次無需執行。
2026-09-29 12:21:31,246 [INFO] 進度：共 3149 檔，已完成 3149，失敗略過 0，待抓 0
2026-09-29 12:21:31,246 [INFO] 所有股票資料皆已抓取完成，本次無需執行。
2026-09-29 18:19:27,451 [INFO] 進度：共 3149 檔，已完成 3149，失敗略過 0，待抓 0
2026-09-29 18:19:27,451 [INFO] 所有股票資料皆已抓取完成，本次無需執行。
2026-09-30 00:23:47,398 [INFO] 進度：共 3149 檔，已完成 3149，失敗略過 0，待抓 0
2026-09-30 00:23:47,398 [INFO] 所有股票資料皆已抓取完成，本次無需執行。
2026-09-30 06:21:18,750 [INFO] 進度：共 3149 檔，已完成 3149，失敗略過 0，待抓 0
2026-09-30 06:21:18,750 [INFO] 所有股票資料皆已抓取完成，本次無需執行。
2026-09-30 12:24:39,067 [INFO] 進度：共 3149 檔，已完成 3149，失敗略過 0，待抓 0
2026-09-30 12:24:39,067 [INFO] 所有股票資料皆已抓取完成，本次無需執行。
2026-09-30 18:18:37,119 [INFO] 進度：共 3149 檔，已完成 3149，失敗略過 0，待抓 0
2026-09-30 18:18:37,119 [INFO] 所有股票資料皆已抓取完成，本次無需執行。
2026-10-01 00:24:41,547 [INFO] 進度：共 3149 檔，已完成 3149，失敗略過 0，待抓 0
2026-10-01 00:24:41,547 [INFO] 所有股票資料皆已抓取完成，本次無需執行。
2026-10-01 06:24:12,416 [INFO] 進度：共 3149 檔，已完成 3149，失敗略過 0，待抓 0
2026-10-01 06:24:12,416 [INFO] 所有股票資料皆已抓取完成，本次無需執行。
2026-10-01 12:22:15,378 [INFO] 進度：共 3149 檔，已完成 3149，失敗略過 0，待抓 0
2026-10-01 12:22:15,378 [INFO] 所有股票資料皆已抓取完成，本次無需執行。
2026-10-01 18:20:58,984 [INFO] 進度：共 3149 檔，已完成 3149，失敗略過 0，待抓 0
2026-10-01 18:20:58,984 [INFO] 所有股票資料皆已抓取完成，本次無需執行。
2026-10-02 00:23:30,610 [INFO] 進度：共 3149 檔，已完成 3149，失敗略過 0，待抓 0
2026-10-02 00:23:30,610 [INFO] 所有股票資料皆已抓取完成，本次無需執行。
2026-10-02 06:20:47,847 [INFO] 進度：共 3149 檔，已完成 3149，失敗略過 0，待抓 0
2026-10-02 06:20:47,848 [INFO] 所有股票資料皆已抓取完成，本次無需執行。
2026-10-02 12:20:32,125 [INFO] 進度：共 3149 檔，已完成 3149，失敗略過 0，待抓 0
2026-10-02 12:20:32,125 [INFO] 所有股票資料皆已抓取完成，本次無需執行。
2026-10-02 18:20:40,299 [INFO] 進度：共 3149 檔，已完成 3149，失敗略過 0，待抓 0
2026-10-02 18:20:40,299 [INFO] 所有股票資料皆已抓取完成，本次無需執行。
2026-10-03 00:21:46,920 [INFO] 進度：共 3149 檔，已完成 3149，失敗略過 0，待抓 0
2026-10-03 00:21:46,920 [INFO] 所有股票資料皆已抓取完成，本次無需執行。
2026-10-03 06:23:53,695 [INFO] 進度：共 3149 檔，已完成 3149，失敗略過 0，待抓 0
2026-10-03 06:23:53,696 [INFO] 所有股票資料皆已抓取完成，本次無需執行。
2026-10-03 15:01:22,086 [INFO] 進度：共 3149 檔，已完成 3149，失敗略過 0，待抓 0
2026-10-03 15:01:22,087 [INFO] 所有股票資料皆已抓取完成，本次無需執行。
2026-10-03 22:18:32,368 [INFO] 進度：共 3149 檔，已完成 3149，失敗略過 0，待抓 0
2026-10-03 22:18:32,368 [INFO] 所有股票資料皆已抓取完成，本次無需執行。
2026-10-04 03:13:54,775 [INFO] 進度：共 3149 檔，已完成 3149，失敗略過 0，待抓 0
2026-10-04 03:13:54,775 [INFO] 所有股票資料皆已抓取完成，本次無需執行。
2026-10-04 11:24:58,346 [INFO] 進度：共 3149 檔，已完成 3149，失敗略過 0，待抓 0
2026-10-04 11:24:58,346 [INFO] 所有股票資料皆已抓取完成，本次無需執行。
2026-10-04 18:16:04,288 [INFO] 進度：共 3149 檔，已完成 3149，失敗略過 0，待抓 0
2026-10-04 18:16:04,288 [INFO] 所有股票資料皆已抓取完成，本次無需執行。
2026-10-05 00:25:29,043 [INFO] 進度：共 3149 檔，已完成 3149，失敗略過 0，待抓 0
2026-10-05 00:25:29,043 [INFO] 所有股票資料皆已抓取完成，本次無需執行。
2026-10-05 06:25:50,166 [INFO] 進度：共 3149 檔，已完成 3149，失敗略過 0，待抓 0
2026-10-05 06:25:50,166 [INFO] 所有股票資料皆已抓取完成，本次無需執行。
2026-10-05 12:21:59,861 [INFO] 進度：共 3149 檔，已完成 3149，失敗略過 0，待抓 0
2026-10-05 12:21:59,861 [INFO] 所有股票資料皆已抓取完成，本次無需執行。
2026-10-05 18:20:36,251 [INFO] 進度：共 3149 檔，已完成 3149，失敗略過 0，待抓 0
2026-10-05 18:20:36,251 [INFO] 所有股票資料皆已抓取完成，本次無需執行。
2026-10-06 00:25:37,783 [INFO] 進度：共 3149 檔，已完成 3149，失敗略過 0，待抓 0
2026-10-06 00:25:37,783 [INFO] 所有股票資料皆已抓取完成，本次無需執行。
2026-10-06 06:21:16,357 [INFO] 進度：共 3149 檔，已完成 3149，失敗略過 0，待抓 0
2026-10-06 06:21:16,357 [INFO] 所有股票資料皆已抓取完成，本次無需執行。
2026-10-06 12:20:43,957 [INFO] 進度：共 3149 檔，已完成 3149，失敗略過 0，待抓 0
2026-10-06 12:20:43,958 [INFO] 所有股票資料皆已抓取完成，本次無需執行。
2026-10-06 18:17:56,043 [INFO] 進度：共 3149 檔，已完成 3149，失敗略過 0，待抓 0
2026-10-06 18:17:56,044 [INFO] 所有股票資料皆已抓取完成，本次無需執行。
2026-10-07 00:26:07,304 [INFO] 進度：共 3149 檔，已完成 3149，失敗略過 0，待抓 0
2026-10-07 00:26:07,304 [INFO] 所有股票資料皆已抓取完成，本次無需執行。
2026-10-07 06:20:36,815 [INFO] 進度：共 3149 檔，已完成 3149，失敗略過 0，待抓 0
2026-10-07 06:20:36,815 [INFO] 所有股票資料皆已抓取完成，本次無需執行。
2026-10-07 12:22:43,234 [INFO] 進度：共 3149 檔，已完成 3149，失敗略過 0，待抓 0
2026-10-07 12:22:43,234 [INFO] 所有股票資料皆已抓取完成，本次無需執行。
2026-10-07 18:20:17,154 [INFO] 進度：共 3149 檔，已完成 3149，失敗略過 0，待抓 0
2026-10-07 18:20:17,154 [INFO] 所有股票資料皆已抓取完成，本次無需執行。
2026-10-08 00:24:39,205 [INFO] 進度：共 3149 檔，已完成 3149，失敗略過 0，待抓 0
2026-10-08 00:24:39,205 [INFO] 所有股票資料皆已抓取完成，本次無需執行。
2026-10-08 06:23:10,759 [INFO] 進度：共 3149 檔，已完成 3149，失敗略過 0，待抓 0
2026-10-08 06:23:10,759 [INFO] 所有股票資料皆已抓取完成，本次無需執行。
2026-10-08 12:22:25,248 [INFO] 進度：共 3149 檔，已完成 3149，失敗略過 0，待抓 0
2026-10-08 12:22:25,249 [INFO] 所有股票資料皆已抓取完成，本次無需執行。
2026-10-08 18:19:14,522 [INFO] 進度：共 3149 檔，已完成 3149，失敗略過 0，待抓 0
2026-10-08 18:19:14,522 [INFO] 所有股票資料皆已抓取完成，本次無需執行。
2026-10-09 00:27:38,735 [INFO] 進度：共 3149 檔，已完成 3149，失敗略過 0，待抓 0
2026-10-09 00:27:38,735 [INFO] 所有股票資料皆已抓取完成，本次無需執行。
2026-10-09 06:22:17,556 [INFO] 進度：共 3149 檔，已完成 3149，失敗略過 0，待抓 0
2026-10-09 06:22:17,556 [INFO] 所有股票資料皆已抓取完成，本次無需執行。
2026-10-09 12:20:23,296 [INFO] 進度：共 3149 檔，已完成 3149，失敗略過 0，待抓 0
2026-10-09 12:20:23,296 [INFO] 所有股票資料皆已抓取完成，本次無需執行。
