Date,Open,High,Low,Close,Volume
2016-09-26,15.699999809265137,16.0,15.699999809265137,15.75,164000
2016-09-27,15.75,15.75,15.75,15.75,0
2016-09-28,15.75,15.75,15.75,15.75,0
2016-09-29,15.75,15.899999618530273,15.600000381469727,15.699999809265137,172000
2016-09-30,15.600000381469727,15.800000190734863,15.600000381469727,15.649999618530273,47000
2016-10-03,15.600000381469727,15.649999618530273,15.5,15.600000381469727,92000
2016-10-04,15.600000381469727,15.600000381469727,15.300000190734863,15.350000381469727,239000
2016-10-05,15.600000381469727,16.100000381469727,15.449999809265137,15.600000381469727,433000
2016-10-06,15.600000381469727,15.600000381469727,15.399999618530273,15.5,209000
2016-10-07,15.5,15.5,15.25,15.449999809265137,256000
2016-10-11,15.550000190734863,15.550000190734863,14.899999618530273,15.050000190734863,618000
2016-10-12,15.149999618530273,15.149999618530273,15.0,15.149999618530273,143000
2016-10-13,15.100000381469727,15.300000190734863,15.0,15.100000381469727,207000
2016-10-14,15.100000381469727,15.149999618530273,14.75,14.899999618530273,307000
2016-10-17,14.800000190734863,15.050000190734863,14.600000381469727,14.899999618530273,179000
2016-10-18,14.949999809265137,14.949999809265137,14.800000190734863,14.949999809265137,85000
2016-10-19,14.949999809265137,15.100000381469727,14.850000381469727,14.850000381469727,107000
2016-10-20,14.850000381469727,15.050000190734863,14.800000190734863,14.800000190734863,206000
2016-10-21,15.050000190734863,15.050000190734863,14.800000190734863,14.949999809265137,181000
2016-10-24,14.899999618530273,14.899999618530273,14.800000190734863,14.800000190734863,96000
2016-10-25,14.800000190734863,15.199999809265137,14.699999809265137,15.050000190734863,204000
2016-10-26,14.850000381469727,15.0,14.75,14.800000190734863,98000
2016-10-27,14.800000190734863,14.850000381469727,14.75,14.75,105000
2016-10-28,14.800000190734863,14.800000190734863,14.649999618530273,14.649999618530273,82000
2016-10-31,14.699999809265137,15.0,14.649999618530273,14.899999618530273,121000
2016-11-01,15.0,15.0,14.699999809265137,14.699999809265137,76000
2016-11-02,14.600000381469727,14.800000190734863,14.5,14.699999809265137,67000
2016-11-03,14.699999809265137,14.699999809265137,14.449999809265137,14.5,132000
2016-11-04,14.5,14.649999618530273,14.399999618530273,14.399999618530273,55000
2016-11-07,14.5,14.5,14.350000381469727,14.449999809265137,108000
2016-11-08,14.600000381469727,14.600000381469727,14.199999809265137,14.199999809265137,155000
2016-11-09,14.449999809265137,14.449999809265137,13.600000381469727,13.75,259000
2016-11-10,14.100000381469727,14.5,14.100000381469727,14.199999809265137,241000
2016-11-11,14.199999809265137,14.199999809265137,13.5,13.5,240000
2016-11-14,13.699999809265137,13.699999809265137,13.0,13.050000190734863,359000
2016-11-15,13.050000190734863,13.300000190734863,13.050000190734863,13.149999618530273,311000
2016-11-16,13.399999618530273,13.649999618530273,13.300000190734863,13.5,149000
2016-11-17,13.5,13.5,13.199999809265137,13.300000190734863,145000
2016-11-18,13.300000190734863,13.550000190734863,13.25,13.550000190734863,101000
2016-11-21,13.449999809265137,13.5,13.300000190734863,13.399999618530273,129000
2016-11-22,13.5,13.899999618530273,13.5,13.600000381469727,125000
2016-11-23,13.600000381469727,13.600000381469727,13.25,13.399999618530273,319000
2016-11-24,13.449999809265137,13.550000190734863,13.199999809265137,13.350000381469727,236000
2016-11-25,13.399999618530273,13.449999809265137,13.300000190734863,13.449999809265137,35000
2016-11-28,13.5,13.600000381469727,13.399999618530273,13.399999618530273,174000
2016-11-29,13.5,13.550000190734863,13.350000381469727,13.5,175000
2016-11-30,13.699999809265137,14.399999618530273,13.699999809265137,13.800000190734863,707000
2016-12-01,14.199999809265137,14.25,13.949999809265137,14.050000190734863,242000
2016-12-02,13.949999809265137,13.949999809265137,13.800000190734863,13.850000381469727,77000
2016-12-05,13.899999618530273,13.899999618530273,13.75,13.800000190734863,88000
2016-12-06,13.850000381469727,14.0,13.850000381469727,13.899999618530273,105000
2016-12-07,13.899999618530273,14.0,13.850000381469727,14.0,125000
2016-12-08,14.199999809265137,14.199999809265137,13.899999618530273,14.0,211000
2016-12-09,14.0,14.0,13.800000190734863,13.899999618530273,86000
2016-12-12,13.800000190734863,13.800000190734863,13.600000381469727,13.649999618530273,208000
2016-12-13,13.550000190734863,13.800000190734863,13.5,13.800000190734863,133000
2016-12-14,13.699999809265137,13.899999618530273,13.649999618530273,13.75,110000
2016-12-15,13.699999809265137,13.800000190734863,13.600000381469727,13.75,93000
2016-12-16,13.699999809265137,14.100000381469727,13.649999618530273,14.100000381469727,299000
2016-12-19,14.100000381469727,15.149999618530273,14.100000381469727,14.649999618530273,2800000
2016-12-20,14.649999618530273,14.699999809265137,14.100000381469727,14.350000381469727,710000
2016-12-21,14.449999809265137,14.5,14.100000381469727,14.25,352000
2016-12-22,14.199999809265137,14.25,13.899999618530273,14.0,299000
2016-12-23,14.0,14.399999618530273,14.0,14.100000381469727,215000
2016-12-26,14.050000190734863,14.050000190734863,13.75,13.899999618530273,312000
2016-12-27,13.850000381469727,14.0,13.800000190734863,13.800000190734863,203000
2016-12-28,14.0,14.0,13.850000381469727,13.949999809265137,80000
2016-12-29,13.850000381469727,13.949999809265137,13.800000190734863,13.899999618530273,45000
2016-12-30,14.050000190734863,14.149999618530273,13.949999809265137,14.0,83000
2017-01-03,14.050000190734863,14.25,13.949999809265137,14.100000381469727,100000
2017-01-04,14.149999618530273,14.550000190734863,14.100000381469727,14.5,371000
2017-01-05,14.600000381469727,14.600000381469727,14.399999618530273,14.5,125000
2017-01-06,14.300000190734863,14.550000190734863,14.25,14.350000381469727,212000
2017-01-09,14.550000190734863,15.300000190734863,14.5,14.5,614000
2017-01-10,14.550000190734863,14.550000190734863,14.300000190734863,14.300000190734863,121000
2017-01-11,14.350000381469727,14.449999809265137,14.100000381469727,14.199999809265137,221000
2017-01-12,14.399999618530273,14.399999618530273,14.0,14.100000381469727,137000
2017-01-13,14.350000381469727,14.399999618530273,14.100000381469727,14.199999809265137,154000
2017-01-16,14.350000381469727,14.800000190734863,14.199999809265137,14.5,449000
2017-01-17,14.5,14.800000190734863,14.300000190734863,14.350000381469727,183000
2017-01-18,14.350000381469727,14.550000190734863,14.199999809265137,14.25,141000
2017-01-19,14.300000190734863,14.399999618530273,14.100000381469727,14.100000381469727,220000
2017-01-20,14.100000381469727,14.399999618530273,14.100000381469727,14.149999618530273,171000
2017-01-23,14.149999618530273,14.300000190734863,14.0,14.050000190734863,218000
2017-01-24,14.0,14.300000190734863,14.0,14.199999809265137,209000
2017-02-02,14.199999809265137,14.300000190734863,14.0,14.300000190734863,337000
2017-02-03,14.199999809265137,14.699999809265137,14.199999809265137,14.550000190734863,454000
2017-02-06,14.550000190734863,15.800000190734863,14.550000190734863,15.25,1647000
2017-02-07,15.300000190734863,15.449999809265137,15.149999618530273,15.350000381469727,471000
2017-02-08,15.350000381469727,15.949999809265137,15.350000381469727,15.5,666000
2017-02-09,15.800000190734863,15.899999618530273,15.199999809265137,15.25,381000
2017-02-10,15.350000381469727,15.5,15.0,15.050000190734863,391000
2017-02-13,15.149999618530273,15.25,14.550000190734863,14.699999809265137,574000
2017-02-14,15.0,15.449999809265137,14.850000381469727,14.899999618530273,521000
2017-02-15,14.949999809265137,15.050000190734863,14.850000381469727,14.899999618530273,345000
2017-02-16,14.899999618530273,15.0,14.699999809265137,15.0,262000
2017-02-17,15.199999809265137,15.399999618530273,14.949999809265137,15.399999618530273,606000
2017-02-20,15.699999809265137,16.200000762939453,15.600000381469727,15.699999809265137,3488000
2017-02-21,15.600000381469727,15.800000190734863,15.5,15.75,335000
2017-02-22,15.75,15.800000190734863,15.449999809265137,15.5,373000
2017-02-23,15.649999618530273,15.649999618530273,15.199999809265137,15.199999809265137,435000
2017-02-24,15.149999618530273,15.350000381469727,15.149999618530273,15.199999809265137,127000
2017-03-01,15.199999809265137,15.399999618530273,15.100000381469727,15.100000381469727,145000
2017-03-02,15.199999809265137,15.199999809265137,14.949999809265137,15.0,214000
2017-03-03,15.100000381469727,15.100000381469727,14.899999618530273,14.899999618530273,179000
2017-03-06,14.899999618530273,14.899999618530273,14.600000381469727,14.850000381469727,295000
2017-03-07,15.0,15.199999809265137,14.800000190734863,15.0,151000
2017-03-08,15.100000381469727,15.149999618530273,14.800000190734863,15.0,173000
2017-03-09,14.850000381469727,15.0,14.800000190734863,14.899999618530273,166000
2017-03-10,14.800000190734863,14.800000190734863,14.600000381469727,14.649999618530273,198000
2017-03-13,14.5,14.699999809265137,14.5,14.550000190734863,203000
2017-03-14,14.399999618530273,14.75,14.399999618530273,14.75,224000
2017-03-15,14.699999809265137,15.100000381469727,14.699999809265137,14.75,174000
2017-03-16,15.0,15.100000381469727,14.649999618530273,14.649999618530273,272000
2017-03-17,14.699999809265137,14.75,14.550000190734863,14.75,258000
2017-03-20,14.699999809265137,14.949999809265137,14.699999809265137,14.699999809265137,230000
2017-03-21,14.850000381469727,14.899999618530273,14.600000381469727,14.600000381469727,93000
2017-03-22,14.600000381469727,14.899999618530273,14.600000381469727,14.699999809265137,175000
2017-03-23,14.649999618530273,15.0,14.600000381469727,14.949999809265137,818000
2017-03-24,15.149999618530273,15.25,14.949999809265137,14.949999809265137,426000
2017-03-27,15.0,15.100000381469727,14.75,14.75,273000
2017-03-28,14.899999618530273,14.949999809265137,14.550000190734863,14.600000381469727,173000
2017-03-29,14.600000381469727,14.75,14.5,14.600000381469727,116000
2017-03-30,14.600000381469727,14.75,14.449999809265137,14.449999809265137,252000
2017-03-31,14.550000190734863,14.649999618530273,14.399999618530273,14.449999809265137,163000
2017-04-05,14.449999809265137,14.699999809265137,14.399999618530273,14.449999809265137,235000
2017-04-06,14.550000190734863,14.550000190734863,14.350000381469727,14.350000381469727,198000
2017-04-07,14.399999618530273,14.649999618530273,14.399999618530273,14.399999618530273,167000
2017-04-10,14.399999618530273,14.5,14.199999809265137,14.199999809265137,214000
2017-04-11,14.5,14.949999809265137,14.199999809265137,14.25,561000
2017-04-12,14.300000190734863,14.550000190734863,14.149999618530273,14.25,563000
2017-04-13,14.25,14.5,14.199999809265137,14.199999809265137,156000
2017-04-14,14.149999618530273,14.25,13.699999809265137,13.75,312000
2017-04-17,13.800000190734863,13.800000190734863,13.449999809265137,13.649999618530273,350000
2017-04-18,13.75,13.75,13.550000190734863,13.649999618530273,200000
2017-04-19,13.600000381469727,13.649999618530273,13.449999809265137,13.449999809265137,104000
2017-04-20,13.449999809265137,13.600000381469727,13.399999618530273,13.449999809265137,90000
2017-04-21,13.449999809265137,13.699999809265137,13.449999809265137,13.699999809265137,88000
2017-04-24,13.699999809265137,13.800000190734863,13.550000190734863,13.550000190734863,205000
2017-04-25,13.550000190734863,13.649999618530273,13.5,13.600000381469727,110000
2017-04-26,13.850000381469727,14.199999809265137,13.800000190734863,14.0,189000
2017-04-27,13.899999618530273,14.199999809265137,13.800000190734863,13.899999618530273,56000
2017-04-28,14.149999618530273,14.199999809265137,13.800000190734863,13.850000381469727,216000
2017-05-02,14.100000381469727,14.100000381469727,13.850000381469727,13.850000381469727,224000
2017-05-03,14.050000190734863,14.050000190734863,13.600000381469727,13.699999809265137,110000
2017-05-04,13.699999809265137,13.850000381469727,13.449999809265137,13.449999809265137,491000
2017-05-05,13.5,13.800000190734863,13.449999809265137,13.5,260000
2017-05-08,13.5,13.600000381469727,13.25,13.300000190734863,270000
2017-05-09,13.350000381469727,13.399999618530273,12.800000190734863,12.949999809265137,489000
2017-05-10,13.0,13.199999809265137,13.0,13.050000190734863,126000
2017-05-11,13.100000381469727,13.199999809265137,13.050000190734863,13.050000190734863,287000
2017-05-12,13.050000190734863,13.399999618530273,13.050000190734863,13.149999618530273,189000
2017-05-15,13.25,13.399999618530273,13.25,13.300000190734863,91000
2017-05-16,13.5,13.5,13.300000190734863,13.399999618530273,177000
2017-05-17,13.550000190734863,13.550000190734863,13.350000381469727,13.449999809265137,112000
2017-05-18,13.350000381469727,13.399999618530273,13.25,13.300000190734863,246000
2017-05-19,13.350000381469727,13.449999809265137,13.300000190734863,13.300000190734863,99000
2017-05-22,13.449999809265137,13.600000381469727,13.350000381469727,13.550000190734863,116000
2017-05-23,13.649999618530273,13.649999618530273,13.5,13.550000190734863,112000
2017-05-24,13.5,13.699999809265137,13.5,13.550000190734863,103000
2017-05-25,13.600000381469727,13.600000381469727,13.449999809265137,13.5,93000
2017-05-26,13.449999809265137,13.600000381469727,13.300000190734863,13.350000381469727,212000
2017-05-31,13.350000381469727,13.350000381469727,13.149999618530273,13.149999618530273,112000
2017-06-01,13.199999809265137,13.25,13.149999618530273,13.149999618530273,142000
2017-06-02,13.199999809265137,13.300000190734863,13.199999809265137,13.25,79000
2017-06-05,13.699999809265137,14.149999618530273,13.699999809265137,14.0,556000
2017-06-06,14.050000190734863,14.050000190734863,13.850000381469727,13.850000381469727,114000
2017-06-07,13.850000381469727,14.0,13.699999809265137,13.699999809265137,175000
2017-06-08,13.699999809265137,13.699999809265137,13.550000190734863,13.649999618530273,95000
2017-06-09,13.649999618530273,13.75,13.5,13.75,391000
2017-06-12,14.0,14.399999618530273,13.899999618530273,13.899999618530273,1053000
2017-06-13,14.0,14.100000381469727,13.899999618530273,13.949999809265137,309000
2017-06-14,13.949999809265137,14.050000190734863,13.600000381469727,13.75,277000
2017-06-15,13.949999809265137,13.949999809265137,13.350000381469727,13.550000190734863,518000
2017-06-16,13.600000381469727,13.649999618530273,13.5,13.649999618530273,107000
2017-06-19,13.649999618530273,13.899999618530273,13.649999618530273,13.800000190734863,166000
2017-06-20,13.850000381469727,13.899999618530273,13.800000190734863,13.850000381469727,263000
2017-06-21,13.899999618530273,14.149999618530273,13.699999809265137,14.0,570000
2017-06-22,14.0,14.050000190734863,13.899999618530273,13.899999618530273,249000
2017-06-23,13.899999618530273,14.0,13.75,13.850000381469727,135000
2017-06-26,13.949999809265137,14.050000190734863,13.850000381469727,14.0,170000
2017-06-27,14.0,14.0,13.850000381469727,14.0,160000
2017-06-28,14.0,14.050000190734863,13.899999618530273,14.050000190734863,201000
2017-06-29,14.050000190734863,14.199999809265137,14.0,14.199999809265137,271000
2017-06-30,14.100000381469727,14.300000190734863,14.050000190734863,14.300000190734863,294000
2017-07-03,14.300000190734863,14.600000381469727,14.300000190734863,14.5,576000
2017-07-04,14.550000190734863,14.600000381469727,14.350000381469727,14.399999618530273,338000
2017-07-05,14.449999809265137,14.649999618530273,14.350000381469727,14.449999809265137,333000
2017-07-06,14.399999618530273,14.550000190734863,14.350000381469727,14.350000381469727,150000
2017-07-07,14.350000381469727,14.550000190734863,14.350000381469727,14.5,191000
2017-07-10,14.600000381469727,14.600000381469727,14.449999809265137,14.449999809265137,220000
2017-07-11,14.050000190734863,14.449999809265137,14.050000190734863,14.199999809265137,398000
2017-07-12,14.25,14.300000190734863,14.149999618530273,14.149999618530273,128000
2017-07-13,14.149999618530273,14.350000381469727,14.149999618530273,14.350000381469727,413000
2017-07-14,14.300000190734863,14.350000381469727,14.199999809265137,14.199999809265137,153000
2017-07-17,14.25,14.300000190734863,14.199999809265137,14.25,231000
2017-07-18,14.300000190734863,15.399999618530273,14.25,15.100000381469727,3405000
2017-07-19,15.149999618530273,15.25,14.800000190734863,15.050000190734863,1111000
2017-07-20,14.899999618530273,14.949999809265137,14.649999618530273,14.75,423000
2017-07-21,14.600000381469727,14.75,14.300000190734863,14.5,386000
2017-07-24,14.5,14.649999618530273,14.350000381469727,14.449999809265137,130000
2017-07-25,14.449999809265137,14.800000190734863,14.399999618530273,14.5,363000
2017-07-26,14.600000381469727,14.699999809265137,14.449999809265137,14.550000190734863,407000
2017-07-27,14.600000381469727,15.25,14.5,15.25,1008000
2017-07-28,16.100000381469727,16.649999618530273,15.050000190734863,15.399999618530273,5966000
2017-07-31,15.550000190734863,15.899999618530273,15.199999809265137,15.899999618530273,1024000
2017-08-01,16.049999237060547,16.5,15.449999809265137,15.600000381469727,2619000
2017-08-02,15.600000381469727,15.850000381469727,15.600000381469727,15.699999809265137,577000
2017-08-03,15.800000190734863,15.800000190734863,15.350000381469727,15.449999809265137,761000
2017-08-04,15.5,16.0,15.5,15.699999809265137,928000
2017-08-07,15.699999809265137,15.949999809265137,15.399999618530273,15.449999809265137,1293000
2017-08-08,15.600000381469727,15.850000381469727,15.399999618530273,15.649999618530273,707000
2017-08-09,15.699999809265137,15.699999809265137,15.199999809265137,15.350000381469727,472000
2017-08-10,15.350000381469727,15.5,14.649999618530273,14.649999618530273,775000
2017-08-11,14.649999618530273,14.899999618530273,14.600000381469727,14.699999809265137,519000
2017-08-14,14.850000381469727,14.850000381469727,13.850000381469727,13.850000381469727,576000
2017-08-15,14.25,14.350000381469727,14.149999618530273,14.25,274000
2017-08-16,14.25,14.649999618530273,14.25,14.5,280000
2017-08-17,14.699999809265137,14.699999809265137,14.550000190734863,14.550000190734863,212000
2017-08-18,14.600000381469727,15.0,14.399999618530273,14.899999618530273,334000
2017-08-21,15.050000190734863,16.149999618530273,15.0,15.899999618530273,1830305
2017-08-22,16.350000381469727,16.399999618530273,15.5,15.699999809265137,1499000
2017-08-23,15.850000381469727,16.200000762939453,15.699999809265137,15.800000190734863,1341000
2017-08-24,15.800000190734863,17.350000381469727,15.800000190734863,16.950000762939453,6821000
2017-08-25,16.799999237060547,16.799999237060547,16.399999618530273,16.549999237060547,2040016
2017-08-28,16.700000762939453,16.700000762939453,16.399999618530273,16.5,1124000
2017-08-29,16.649999618530273,17.799999237060547,16.549999237060547,17.450000762939453,5017302
2017-08-30,18.100000381469727,18.350000381469727,17.649999618530273,17.700000762939453,5450500
2017-08-31,17.5,17.700000762939453,17.25,17.5,1820100
2017-09-01,17.799999237060547,18.200000762939453,17.450000762939453,17.5,1465200
2017-09-04,17.5,17.700000762939453,17.25,17.350000381469727,847456
2017-09-05,17.350000381469727,17.850000381469727,17.100000381469727,17.600000381469727,1149000
2017-09-06,17.600000381469727,17.600000381469727,17.049999237060547,17.25,912000
2017-09-07,17.450000762939453,17.450000762939453,17.0,17.0,642000
2017-09-08,17.049999237060547,17.899999618530273,16.600000381469727,17.200000762939453,2378461
2017-09-11,17.399999618530273,17.450000762939453,17.149999618530273,17.200000762939453,677400
2017-09-12,17.399999618530273,17.5,17.200000762939453,17.200000762939453,680500
2017-09-13,17.450000762939453,17.450000762939453,17.149999618530273,17.149999618530273,552000
2017-09-14,17.049999237060547,17.450000762939453,17.049999237060547,17.350000381469727,468145
2017-09-15,17.5,17.5,17.299999237060547,17.399999618530273,404000
2017-09-18,17.5,17.5,17.25,17.350000381469727,554001
2017-09-19,17.5,17.5,17.049999237060547,17.100000381469727,395000
2017-09-20,17.200000762939453,17.200000762939453,16.049999237060547,16.899999618530273,1782000
2017-09-21,16.950000762939453,17.299999237060547,16.600000381469727,17.299999237060547,788150
2017-09-22,17.299999237060547,17.399999618530273,16.899999618530273,17.149999618530273,548000
2017-09-25,17.299999237060547,17.299999237060547,16.549999237060547,17.0,819000
2017-09-26,16.700000762939453,16.950000762939453,16.649999618530273,16.799999237060547,351000
2017-09-27,16.799999237060547,17.149999618530273,16.649999618530273,16.950000762939453,691000
2017-09-28,17.100000381469727,17.100000381469727,16.700000762939453,17.0,414000
2017-09-29,16.899999618530273,17.0,16.600000381469727,16.700000762939453,525000
2017-10-02,17.0,18.5,16.899999618530273,17.600000381469727,8658379
2017-10-03,17.549999237060547,17.850000381469727,17.25,17.399999618530273,1370379
2017-10-05,17.350000381469727,17.75,17.049999237060547,17.5,1289000
2017-10-06,17.450000762939453,17.5,17.049999237060547,17.299999237060547,800000
2017-10-11,17.149999618530273,17.149999618530273,16.0,16.5,2000150
2017-10-12,16.5,16.549999237060547,16.049999237060547,16.100000381469727,971000
2017-10-13,16.049999237060547,16.350000381469727,15.800000190734863,16.100000381469727,1297000
2017-10-16,16.149999618530273,16.399999618530273,16.149999618530273,16.350000381469727,317291
2017-10-17,16.350000381469727,16.350000381469727,15.800000190734863,16.100000381469727,529000
2017-10-18,16.049999237060547,16.149999618530273,15.949999809265137,16.149999618530273,262000
2017-10-19,16.25,16.350000381469727,16.049999237060547,16.200000762939453,225100
2017-10-20,16.100000381469727,16.149999618530273,15.949999809265137,16.100000381469727,336000
2017-10-23,16.100000381469727,16.25,16.100000381469727,16.100000381469727,209000
2017-10-24,16.200000762939453,16.649999618530273,16.200000762939453,16.350000381469727,456000
2017-10-25,16.25,16.5,16.200000762939453,16.5,266000
2017-10-26,16.5,16.5,16.25,16.450000762939453,154750
2017-10-27,16.5,16.799999237060547,16.100000381469727,16.5,1211000
2017-10-30,16.5,16.600000381469727,16.25,16.5,287849
2017-10-31,16.450000762939453,16.799999237060547,16.350000381469727,16.799999237060547,279091
2017-11-01,16.799999237060547,16.799999237060547,16.549999237060547,16.649999618530273,218728
2017-11-02,16.700000762939453,16.700000762939453,16.450000762939453,16.600000381469727,312035
2017-11-03,16.450000762939453,16.549999237060547,16.25,16.399999618530273,373062
2017-11-06,16.450000762939453,16.549999237060547,16.149999618530273,16.25,271000
2017-11-07,16.25,16.299999237060547,16.049999237060547,16.200000762939453,444000
2017-11-08,16.149999618530273,16.299999237060547,15.949999809265137,16.200000762939453,863000
2017-11-09,16.350000381469727,16.399999618530273,15.699999809265137,16.399999618530273,945000
2017-11-10,16.149999618530273,16.200000762939453,15.699999809265137,16.200000762939453,1398000
2017-11-13,16.200000762939453,16.549999237060547,16.149999618530273,16.450000762939453,701100
2017-11-14,16.450000762939453,16.5,16.0,16.299999237060547,664100
2017-11-15,16.399999618530273,16.399999618530273,16.0,16.25,474728
2017-11-16,16.100000381469727,16.299999237060547,16.100000381469727,16.200000762939453,210100
2017-11-17,16.299999237060547,16.299999237060547,16.100000381469727,16.200000762939453,195000
2017-11-20,16.299999237060547,16.299999237060547,16.0,16.149999618530273,413000
2017-11-21,16.149999618530273,16.299999237060547,16.149999618530273,16.25,162010
2017-11-22,16.25,16.399999618530273,16.149999618530273,16.299999237060547,269001
2017-11-23,16.299999237060547,16.899999618530273,16.299999237060547,16.75,795370
2017-11-24,16.899999618530273,17.600000381469727,16.899999618530273,17.049999237060547,1770482
2017-11-27,17.149999618530273,17.549999237060547,16.950000762939453,16.950000762939453,409000
2017-11-28,16.950000762939453,17.0,16.649999618530273,16.75,366000
2017-11-29,16.850000381469727,17.049999237060547,16.799999237060547,16.799999237060547,232145
2017-11-30,16.799999237060547,17.049999237060547,16.450000762939453,16.450000762939453,575078
2017-12-01,16.899999618530273,16.899999618530273,16.350000381469727,16.649999618530273,306000
2017-12-04,16.600000381469727,16.75,16.5,16.5,188000
2017-12-05,16.600000381469727,17.100000381469727,16.600000381469727,16.649999618530273,771000
2017-12-06,16.549999237060547,16.75,16.350000381469727,16.649999618530273,511000
2017-12-07,16.649999618530273,16.799999237060547,16.5,16.75,251082
2017-12-08,16.649999618530273,17.5,16.649999618530273,17.200000762939453,967768
2017-12-11,17.450000762939453,18.200000762939453,17.149999618530273,17.149999618530273,1235082
2017-12-12,17.100000381469727,17.25,16.899999618530273,17.049999237060547,240000
2017-12-13,17.049999237060547,17.149999618530273,17.0,17.0,110000
2017-12-14,17.149999618530273,17.5,16.950000762939453,16.950000762939453,423000
2017-12-15,17.049999237060547,17.149999618530273,16.850000381469727,17.149999618530273,334000
2017-12-18,17.0,17.350000381469727,17.0,17.25,327081
2017-12-19,17.149999618530273,17.450000762939453,17.149999618530273,17.350000381469727,282000
2017-12-20,17.399999618530273,17.700000762939453,17.200000762939453,17.200000762939453,621001
2017-12-21,17.299999237060547,17.350000381469727,16.450000762939453,16.600000381469727,2053200
2017-12-22,16.399999618530273,16.5,15.449999809265137,16.25,2357019
2017-12-25,16.299999237060547,16.850000381469727,16.299999237060547,16.850000381469727,1001000
2017-12-26,16.850000381469727,16.850000381469727,16.399999618530273,16.549999237060547,763000
2017-12-27,16.350000381469727,16.549999237060547,16.299999237060547,16.5,673000
2017-12-28,16.5,16.649999618530273,16.450000762939453,16.5,818000
2017-12-29,16.600000381469727,16.799999237060547,16.5,16.75,462050
2018-01-02,16.899999618530273,16.899999618530273,16.700000762939453,16.700000762939453,543000
2018-01-03,16.850000381469727,16.850000381469727,16.649999618530273,16.799999237060547,713002
2018-01-04,16.899999618530273,18.450000762939453,16.899999618530273,18.450000762939453,6491766
2018-01-05,18.549999237060547,19.950000762939453,18.399999618530273,18.700000762939453,12688559
2018-01-08,18.649999618530273,19.25,17.649999618530273,17.850000381469727,4691000
2018-01-09,17.850000381469727,18.049999237060547,17.0,17.25,2416100
2018-01-10,17.299999237060547,17.399999618530273,17.0,17.350000381469727,1026000
2018-01-11,17.100000381469727,17.299999237060547,16.799999237060547,16.799999237060547,1134000
2018-01-12,16.899999618530273,17.25,16.899999618530273,16.899999618530273,480200
2018-01-15,17.100000381469727,17.100000381469727,16.75,17.0,478000
2018-01-16,17.100000381469727,17.200000762939453,17.0,17.0,505020
2018-01-17,17.0,17.049999237060547,16.799999237060547,16.799999237060547,535000
2018-01-18,17.149999618530273,17.600000381469727,16.899999618530273,17.200000762939453,1691300
2018-01-19,17.149999618530273,17.25,16.899999618530273,16.899999618530273,595007
2018-01-22,16.799999237060547,16.899999618530273,16.149999618530273,16.25,1543001
2018-01-23,16.350000381469727,16.450000762939453,16.25,16.350000381469727,383496
2018-01-24,16.350000381469727,16.5,15.949999809265137,16.5,863004
2018-01-25,16.549999237060547,16.600000381469727,16.299999237060547,16.549999237060547,433156
2018-01-26,16.549999237060547,16.799999237060547,16.450000762939453,16.649999618530273,623050
2018-01-29,16.799999237060547,16.799999237060547,16.600000381469727,16.649999618530273,492582
2018-01-30,16.649999618530273,16.75,16.399999618530273,16.450000762939453,206000
2018-01-31,16.450000762939453,16.649999618530273,16.350000381469727,16.450000762939453,223145
2018-02-01,16.549999237060547,16.549999237060547,16.350000381469727,16.399999618530273,188000
2018-02-02,16.299999237060547,16.350000381469727,16.100000381469727,16.149999618530273,449001
2018-02-05,15.899999618530273,16.350000381469727,15.649999618530273,16.25,291000
2018-02-06,15.899999618530273,16.0,14.649999618530273,14.699999809265137,2799000
2018-02-07,14.850000381469727,16.0,14.850000381469727,15.949999809265137,1337745
2018-02-08,15.949999809265137,15.949999809265137,15.699999809265137,15.899999618530273,201740
2018-02-09,15.399999618530273,16.0,15.149999618530273,15.899999618530273,943734
2018-02-12,16.0,16.700000762939453,15.850000381469727,16.5,864000
2018-02-21,16.799999237060547,16.799999237060547,16.549999237060547,16.799999237060547,286154
2018-02-22,16.799999237060547,16.799999237060547,16.399999618530273,16.600000381469727,147000
2018-02-23,16.75,16.850000381469727,16.700000762939453,16.850000381469727,152000
2018-02-26,16.850000381469727,17.299999237060547,16.850000381469727,17.100000381469727,691020
2018-02-27,17.200000762939453,17.200000762939453,16.600000381469727,16.75,623500
2018-03-01,16.75,17.100000381469727,16.700000762939453,17.049999237060547,489005
2018-03-02,16.799999237060547,17.200000762939453,16.799999237060547,17.100000381469727,529050
2018-03-05,17.149999618530273,17.549999237060547,16.899999618530273,17.049999237060547,1059331
2018-03-06,17.200000762939453,17.350000381469727,17.100000381469727,17.25,407169
2018-03-07,17.149999618530273,17.149999618530273,16.899999618530273,17.0,388030
2018-03-08,17.100000381469727,17.799999237060547,16.899999618530273,17.600000381469727,2048000
2018-03-09,17.649999618530273,17.649999618530273,16.950000762939453,17.0,885019
2018-03-12,17.049999237060547,17.200000762939453,16.899999618530273,16.950000762939453,529000
2018-03-13,16.950000762939453,17.450000762939453,16.950000762939453,17.399999618530273,589344
2018-03-14,17.600000381469727,17.600000381469727,17.200000762939453,17.25,298000
2018-03-15,17.200000762939453,17.350000381469727,17.200000762939453,17.299999237060547,190001
2018-03-16,17.25,17.450000762939453,17.200000762939453,17.350000381469727,411000
2018-03-19,17.350000381469727,17.799999237060547,17.299999237060547,17.799999237060547,745000
2018-03-20,17.700000762939453,18.0,17.5,17.5,665000
2018-03-21,19.25,19.25,18.899999618530273,19.25,9193100
2018-03-22,19.700000762939453,19.850000381469727,18.350000381469727,18.450000762939453,6480653
2018-03-23,17.799999237060547,20.25,17.799999237060547,20.25,5174764
2018-03-26,21.0,22.25,20.799999237060547,22.25,4705428
2018-03-27,24.450000762939453,24.450000762939453,22.649999618530273,23.799999237060547,13170882
2018-03-28,23.5,25.25,23.100000381469727,24.600000381469727,5974620
2018-03-29,25.0,25.200000762939453,23.649999618530273,24.049999237060547,5458540
2018-03-30,24.399999618530273,24.549999237060547,22.600000381469727,23.100000381469727,4458478
2018-04-02,23.600000381469727,24.399999618530273,22.5,22.600000381469727,3763340
2018-04-03,22.299999237060547,22.549999237060547,21.5,21.649999618530273,3170529
2018-04-09,22.0,22.350000381469727,21.600000381469727,21.600000381469727,1185325
2018-04-10,22.100000381469727,22.100000381469727,20.450000762939453,21.200000762939453,1958600
2018-04-11,21.899999618530273,21.899999618530273,21.200000762939453,21.600000381469727,717991
2018-04-12,22.299999237060547,23.75,22.149999618530273,23.75,5611170
2018-04-13,23.899999618530273,24.100000381469727,22.100000381469727,22.100000381469727,4477381
2018-04-16,22.299999237060547,23.100000381469727,21.600000381469727,22.75,3019500
2018-04-17,22.850000381469727,22.950000762939453,21.600000381469727,21.600000381469727,1208299
2018-04-18,21.700000762939453,22.0,21.0,21.049999237060547,1346000
2018-04-19,21.299999237060547,21.700000762939453,20.799999237060547,21.200000762939453,1142000
2018-04-20,21.200000762939453,21.350000381469727,20.700000762939453,20.899999618530273,797130
2018-04-23,20.899999618530273,21.75,20.049999237060547,21.350000381469727,2692000
2018-04-24,21.25,21.25,20.100000381469727,20.100000381469727,1287215
2018-04-25,19.649999618530273,20.299999237060547,19.600000381469727,20.0,873025
2018-04-26,20.200000762939453,20.5,19.200000762939453,19.200000762939453,902110
2018-04-27,19.649999618530273,19.850000381469727,19.149999618530273,19.149999618530273,607000
2018-04-30,19.649999618530273,19.700000762939453,19.149999618530273,19.450000762939453,831000
2018-05-02,19.350000381469727,20.149999618530273,19.350000381469727,19.899999618530273,645000
2018-05-03,19.850000381469727,20.299999237060547,19.799999237060547,19.899999618530273,564050
2018-05-04,19.950000762939453,20.149999618530273,19.899999618530273,20.100000381469727,358098
2018-05-07,20.25,20.700000762939453,20.0,20.049999237060547,378000
2018-05-08,20.049999237060547,20.299999237060547,20.049999237060547,20.149999618530273,212098
2018-05-09,20.049999237060547,20.799999237060547,20.0,20.450000762939453,1730000
2018-05-10,20.450000762939453,20.549999237060547,20.350000381469727,20.399999618530273,363000
2018-05-11,20.399999618530273,20.399999618530273,19.950000762939453,20.049999237060547,995000
2018-05-14,20.5,22.049999237060547,20.149999618530273,22.0,2280000
2018-05-15,21.600000381469727,21.899999618530273,21.299999237060547,21.850000381469727,1414010
2018-05-16,21.850000381469727,22.350000381469727,21.399999618530273,21.700000762939453,1123000
2018-05-17,21.850000381469727,23.049999237060547,21.850000381469727,22.200000762939453,2040061
2018-05-18,22.399999618530273,22.399999618530273,21.799999237060547,22.100000381469727,801000
2018-05-21,22.100000381469727,22.850000381469727,22.100000381469727,22.549999237060547,721400
2018-05-22,23.0,23.75,22.700000762939453,22.700000762939453,2750980
2018-05-23,22.700000762939453,23.700000762939453,22.700000762939453,23.549999237060547,1286099
2018-05-24,23.850000381469727,24.5,23.299999237060547,23.600000381469727,3072335
2018-05-25,23.600000381469727,23.950000762939453,23.5,23.5,981437
2018-05-28,23.600000381469727,23.850000381469727,23.399999618530273,23.75,977545
2018-05-29,24.0,24.399999618530273,23.200000762939453,23.75,1936600
2018-05-30,23.399999618530273,24.25,23.25,24.200000762939453,1442125
2018-05-31,24.399999618530273,25.149999618530273,23.899999618530273,23.899999618530273,2502000
2018-06-01,23.950000762939453,24.5,23.899999618530273,24.0,1030145
2018-06-04,24.399999618530273,24.600000381469727,23.799999237060547,23.799999237060547,1352661
2018-06-05,24.0,24.350000381469727,23.649999618530273,23.75,640291
2018-06-06,23.600000381469727,23.75,23.049999237060547,23.049999237060547,1152045
2018-06-07,23.149999618530273,23.5,23.0,23.049999237060547,622313
2018-06-08,23.049999237060547,23.75,23.049999237060547,23.450000762939453,529758
2018-06-11,23.899999618530273,23.899999618530273,23.100000381469727,23.200000762939453,570050
2018-06-12,23.549999237060547,25.5,23.049999237060547,25.5,3762658
2018-06-13,27.899999618530273,28.049999237060547,27.350000381469727,28.049999237060547,7587975
2018-06-14,28.0,30.600000381469727,27.5,28.75,11815510
2018-06-15,28.799999237060547,30.899999618530273,28.799999237060547,30.600000381469727,10613959
2018-06-19,30.5,30.5,29.149999618530273,29.5,4320099
2018-06-20,30.0,30.0,26.549999237060547,27.0,6773144
2018-06-21,27.5,28.600000381469727,27.049999237060547,27.600000381469727,2738110
2018-06-22,27.100000381469727,27.450000762939453,26.200000762939453,26.700000762939453,1778460
2018-06-25,26.700000762939453,27.200000762939453,26.100000381469727,26.25,1222189
2018-06-26,25.799999237060547,28.100000381469727,25.700000762939453,27.450000762939453,2046037
2018-06-27,27.549999237060547,27.799999237060547,26.950000762939453,27.049999237060547,1093000
2018-06-28,27.25,29.75,27.25,29.75,10153414
2018-06-29,31.0,32.150001525878906,29.149999618530273,29.600000381469727,13201223
2018-07-02,30.0,30.899999618530273,29.350000381469727,29.5,3002139
2018-07-03,29.200000762939453,29.75,26.549999237060547,27.299999237060547,3312565
2018-07-04,27.299999237060547,28.75,27.149999618530273,27.700000762939453,1978402
2018-07-05,27.700000762939453,28.100000381469727,26.5,26.5,1660345
2018-07-06,28.049999237060547,29.149999618530273,27.700000762939453,29.149999618530273,6690400
2018-07-09,30.5,32.04999923706055,29.100000381469727,32.04999923706055,13671754
2018-07-10,32.5,33.099998474121094,30.350000381469727,30.950000762939453,18127500
2018-07-11,30.299999237060547,30.600000381469727,29.5,29.600000381469727,4673240
2018-07-12,29.75,30.399999618530273,29.700000762939453,30.350000381469727,2360585
2018-07-13,30.200000762939453,31.75,29.799999237060547,30.149999618530273,3734422
2018-07-16,30.149999618530273,30.399999618530273,29.350000381469727,29.5,2081000
2018-07-17,29.5,30.75,29.5,29.700000762939453,1868010
2018-07-18,29.700000762939453,30.600000381469727,28.799999237060547,29.5,2216800
2018-07-19,29.700000762939453,30.450000762939453,29.450000762939453,29.450000762939453,1384165
2018-07-20,29.950000762939453,30.0,28.799999237060547,29.25,1354821
2018-07-23,29.600000381469727,29.600000381469727,27.799999237060547,28.299999237060547,2514382
2018-07-24,28.299999237060547,30.75,28.25,30.299999237060547,3018500
2018-07-25,30.299999237060547,30.850000381469727,29.450000762939453,29.799999237060547,3036145
2018-07-26,29.799999237060547,30.5,29.299999237060547,29.549999237060547,1184000
2018-07-27,29.600000381469727,30.200000762939453,29.399999618530273,29.549999237060547,980430
2018-07-30,29.600000381469727,29.899999618530273,28.450000762939453,28.600000381469727,1357816
2018-07-31,28.600000381469727,28.850000381469727,28.399999618530273,28.399999618530273,625000
2018-08-01,28.399999618530273,28.649999618530273,28.25,28.25,715000
2018-08-02,28.350000381469727,28.899999618530273,27.899999618530273,27.899999618530273,1242090
2018-08-03,28.200000762939453,28.350000381469727,27.75,27.950000762939453,630090
2018-08-06,28.149999618530273,29.200000762939453,28.100000381469727,28.399999618530273,1117956
2018-08-07,28.5,28.649999618530273,27.850000381469727,28.25,603297
2018-08-08,28.899999618530273,29.149999618530273,28.5,28.600000381469727,658000
2018-08-09,28.799999237060547,29.399999618530273,28.049999237060547,28.200000762939453,1369000
2018-08-10,28.100000381469727,28.200000762939453,27.200000762939453,27.399999618530273,1347300
2018-08-13,27.299999237060547,27.299999237060547,24.700000762939453,26.149999618530273,2054413
2018-08-14,25.950000762939453,27.5,25.25,26.75,1117300
2018-08-15,26.399999618530273,26.5,24.700000762939453,25.200000762939453,1400329
2018-08-16,24.5,25.600000381469727,23.850000381469727,25.350000381469727,1306526
2018-08-17,25.5,25.899999618530273,24.5,24.5,886048
2018-08-20,24.5,24.5,23.5,23.850000381469727,935000
2018-08-21,24.0,24.399999618530273,23.850000381469727,24.200000762939453,334400
2018-08-22,24.200000762939453,24.399999618530273,23.950000762939453,24.100000381469727,310100
2018-08-23,24.299999237060547,24.399999618530273,23.950000762939453,24.100000381469727,563373
2018-08-24,24.100000381469727,24.100000381469727,22.700000762939453,23.399999618530273,1201000
2018-08-27,23.399999618530273,24.5,23.399999618530273,24.350000381469727,591000
2018-08-28,24.399999618530273,24.600000381469727,23.899999618530273,24.049999237060547,431000
2018-08-29,24.649999618530273,24.950000762939453,24.25,24.5,436371
2018-08-30,24.600000381469727,24.700000762939453,24.049999237060547,24.100000381469727,277000
2018-08-31,24.049999237060547,24.649999618530273,24.0,24.149999618530273,264000
2018-09-03,24.200000762939453,24.450000762939453,23.0,23.0,753085
2018-09-04,23.200000762939453,23.450000762939453,23.0,23.100000381469727,337000
2018-09-05,23.149999618530273,23.299999237060547,22.700000762939453,22.799999237060547,434000
2018-09-06,22.799999237060547,23.549999237060547,22.700000762939453,22.899999618530273,365000
2018-09-07,22.799999237060547,22.850000381469727,21.049999237060547,21.299999237060547,1460000
2018-09-10,21.5,22.200000762939453,21.299999237060547,21.399999618530273,753000
2018-09-11,22.0,23.5,21.5,21.75,1917000
2018-09-12,21.850000381469727,22.049999237060547,21.149999618530273,21.5,641313
2018-09-13,21.649999618530273,22.350000381469727,21.649999618530273,21.799999237060547,599000
2018-09-14,22.100000381469727,22.5,21.75,21.799999237060547,989000
2018-09-17,21.899999618530273,22.100000381469727,21.5,21.75,294000
2018-09-18,21.850000381469727,21.950000762939453,21.600000381469727,21.75,379000
2018-09-19,21.850000381469727,22.5,21.75,21.899999618530273,480000
2018-09-20,22.049999237060547,22.049999237060547,21.299999237060547,21.350000381469727,456000
2018-09-21,21.850000381469727,21.950000762939453,21.450000762939453,21.600000381469727,317059
2018-09-25,21.600000381469727,22.0,21.149999618530273,21.600000381469727,301000
2018-09-26,21.600000381469727,21.850000381469727,21.450000762939453,21.450000762939453,189000
2018-09-27,21.450000762939453,21.600000381469727,21.149999618530273,21.149999618530273,209000
2018-09-28,21.399999618530273,23.25,21.149999618530273,23.0,4738003
2018-10-01,22.799999237060547,24.5,22.700000762939453,24.0,2666604
2018-10-02,23.950000762939453,24.149999618530273,23.399999618530273,23.450000762939453,901005
2018-10-03,23.649999618530273,23.950000762939453,23.149999618530273,23.200000762939453,537300
2018-10-04,23.200000762939453,23.649999618530273,22.350000381469727,22.5,987200
2018-10-05,22.100000381469727,22.350000381469727,20.850000381469727,21.5,1132000
2018-10-08,21.149999618530273,21.799999237060547,21.049999237060547,21.25,487000
2018-10-09,21.299999237060547,21.299999237060547,20.049999237060547,20.049999237060547,603000
2018-10-11,18.200000762939453,18.5,18.049999237060547,18.049999237060547,1768285
2018-10-12,17.399999618530273,18.950000762939453,17.399999618530273,18.700000762939453,592260
2018-10-15,18.549999237060547,19.049999237060547,18.399999618530273,18.399999618530273,535000
2018-10-16,18.450000762939453,19.0,18.350000381469727,18.700000762939453,445400
2018-10-17,19.0,19.450000762939453,18.850000381469727,19.200000762939453,440001
2018-10-18,19.149999618530273,19.450000762939453,19.149999618530273,19.350000381469727,182200
2018-10-19,18.5,19.700000762939453,18.5,19.350000381469727,2544095
2018-10-22,19.149999618530273,19.950000762939453,19.149999618530273,19.799999237060547,191465
2018-10-23,19.799999237060547,19.899999618530273,19.549999237060547,19.75,254200
2018-10-24,19.399999618530273,19.850000381469727,19.200000762939453,19.75,241200
2018-10-25,19.200000762939453,19.399999618530273,18.649999618530273,18.899999618530273,438050
2018-10-26,19.0,19.450000762939453,18.700000762939453,18.850000381469727,358000
2018-10-29,19.0,19.149999618530273,18.5,18.700000762939453,206200
2018-10-30,18.549999237060547,18.899999618530273,18.549999237060547,18.899999618530273,179555
2018-10-31,18.850000381469727,19.899999618530273,18.850000381469727,19.799999237060547,400025
2018-11-01,20.0,20.450000762939453,19.850000381469727,20.25,242181
2018-11-02,20.25,20.399999618530273,19.75,19.75,204000
2018-11-05,19.549999237060547,19.950000762939453,19.549999237060547,19.700000762939453,160000
2018-11-06,19.899999618530273,19.899999618530273,19.549999237060547,19.700000762939453,145000
2018-11-07,19.700000762939453,20.049999237060547,19.700000762939453,19.899999618530273,194020
2018-11-08,20.299999237060547,20.350000381469727,19.899999618530273,20.0,237500
2018-11-09,19.899999618530273,20.100000381469727,19.850000381469727,19.850000381469727,70000
2018-11-12,19.850000381469727,20.450000762939453,19.850000381469727,20.100000381469727,232420
2018-11-13,19.600000381469727,20.100000381469727,19.600000381469727,20.100000381469727,109000
2018-11-14,20.25,20.5,19.950000762939453,19.950000762939453,300000
2018-11-15,20.149999618530273,20.149999618530273,19.649999618530273,19.950000762939453,144145
2018-11-16,20.100000381469727,20.75,20.100000381469727,20.450000762939453,430500
2018-11-19,20.700000762939453,21.5,20.700000762939453,21.299999237060547,300600
2018-11-20,21.399999618530273,21.399999618530273,20.899999618530273,20.950000762939453,149000
2018-11-21,21.049999237060547,21.25,20.899999618530273,21.0,168000
2018-11-22,21.200000762939453,21.399999618530273,20.5,20.5,596065
2018-11-23,20.5,20.5,19.899999618530273,19.950000762939453,196000
2018-11-26,20.049999237060547,20.399999618530273,19.950000762939453,20.299999237060547,81120
2018-11-27,20.350000381469727,20.399999618530273,20.149999618530273,20.25,119000
2018-11-28,20.149999618530273,20.950000762939453,20.149999618530273,20.950000762939453,231500
2018-11-29,21.049999237060547,23.0,21.049999237060547,22.299999237060547,2004226
2018-11-30,22.299999237060547,22.850000381469727,21.600000381469727,21.850000381469727,600000
2018-12-03,22.25,23.25,22.200000762939453,22.75,754120
2018-12-04,23.0,23.25,22.399999618530273,22.450000762939453,347000
2018-12-05,21.850000381469727,22.299999237060547,21.450000762939453,22.149999618530273,279500
2018-12-06,22.100000381469727,22.100000381469727,20.799999237060547,21.0,410516
2018-12-07,21.0,22.600000381469727,21.0,22.200000762939453,642845
2018-12-10,21.399999618530273,21.899999618530273,21.25,21.5,209000
2018-12-11,21.799999237060547,22.350000381469727,21.649999618530273,21.700000762939453,254060
2018-12-12,22.049999237060547,22.600000381469727,21.899999618530273,22.200000762939453,329000
2018-12-13,22.350000381469727,24.100000381469727,22.0,23.149999618530273,1710567
2018-12-14,23.450000762939453,23.5,22.799999237060547,23.049999237060547,416145
2018-12-17,23.399999618530273,23.399999618530273,22.25,22.299999237060547,342003
2018-12-18,22.200000762939453,22.399999618530273,21.549999237060547,21.649999618530273,361000
2018-12-19,21.950000762939453,21.950000762939453,21.049999237060547,21.149999618530273,526000
2018-12-20,21.149999618530273,21.350000381469727,20.600000381469727,20.850000381469727,239100
2018-12-21,20.649999618530273,21.25,20.600000381469727,21.0,145000
2018-12-24,21.0,21.649999618530273,21.0,21.399999618530273,148120
2018-12-25,21.0,21.600000381469727,20.5,20.700000762939453,320000
2018-12-26,20.950000762939453,21.0,20.5,20.5,164000
2018-12-27,20.850000381469727,20.950000762939453,20.600000381469727,20.899999618530273,211094
2018-12-28,20.950000762939453,21.450000762939453,20.549999237060547,20.600000381469727,211000
2019-01-02,21.0,21.149999618530273,20.399999618530273,20.450000762939453,141005
2019-01-03,20.549999237060547,20.549999237060547,20.299999237060547,20.450000762939453,95000
2019-01-04,20.299999237060547,20.299999237060547,19.950000762939453,20.149999618530273,132000
2019-01-07,20.5,20.700000762939453,20.399999618530273,20.399999618530273,150000
2019-01-08,20.649999618530273,20.700000762939453,20.299999237060547,20.399999618530273,68584
2019-01-09,20.850000381469727,21.200000762939453,20.700000762939453,20.799999237060547,427344
2019-01-10,20.75,21.0,20.600000381469727,20.600000381469727,123000
2019-01-11,20.899999618530273,21.0,20.399999618530273,20.549999237060547,106000
2019-01-14,20.700000762939453,20.700000762939453,20.299999237060547,20.299999237060547,50006
2019-01-15,20.299999237060547,20.799999237060547,20.299999237060547,20.75,113900
2019-01-16,20.850000381469727,20.899999618530273,20.600000381469727,20.649999618530273,122000
2019-01-17,21.0,21.049999237060547,20.649999618530273,20.649999618530273,115001
2019-01-18,20.649999618530273,20.899999618530273,20.649999618530273,20.75,57000
2019-01-21,20.799999237060547,21.149999618530273,20.799999237060547,21.100000381469727,179000
2019-01-22,21.100000381469727,21.149999618530273,20.850000381469727,20.899999618530273,79000
2019-01-23,20.899999618530273,21.399999618530273,20.899999618530273,21.0,198520
2019-01-24,21.0,21.25,21.0,21.100000381469727,65100
2019-01-25,21.100000381469727,21.299999237060547,20.850000381469727,20.850000381469727,176000
2019-01-28,21.100000381469727,21.299999237060547,20.950000762939453,21.049999237060547,100100
2019-01-29,21.200000762939453,21.200000762939453,20.799999237060547,20.950000762939453,96400
2019-01-30,21.25,21.399999618530273,21.0,21.25,187900
2019-02-11,21.299999237060547,21.600000381469727,21.100000381469727,21.350000381469727,124200
2019-02-12,21.450000762939453,21.75,21.450000762939453,21.5,167000
2019-02-13,21.850000381469727,22.100000381469727,21.649999618530273,22.0,295000
2019-02-14,22.350000381469727,22.350000381469727,21.850000381469727,21.850000381469727,188697
2019-02-15,21.850000381469727,21.950000762939453,21.299999237060547,21.649999618530273,170000
2019-02-18,21.799999237060547,21.899999618530273,21.5,21.799999237060547,69320
2019-02-19,21.950000762939453,22.25,21.799999237060547,22.200000762939453,202850
2019-02-20,22.299999237060547,22.799999237060547,22.200000762939453,22.399999618530273,335084
2019-02-21,22.600000381469727,23.0,22.25,22.799999237060547,821245
2019-02-22,22.799999237060547,22.899999618530273,22.450000762939453,22.75,203630
2019-02-25,22.799999237060547,22.850000381469727,22.5,22.5,176000
2019-02-26,22.600000381469727,23.600000381469727,22.600000381469727,23.049999237060547,1940007
2019-02-27,23.100000381469727,23.399999618530273,22.75,22.850000381469727,479000
2019-03-04,23.200000762939453,23.299999237060547,22.899999618530273,23.100000381469727,250457
2019-03-05,23.049999237060547,23.100000381469727,22.75,22.799999237060547,145000
2019-03-06,22.850000381469727,23.0,22.649999618530273,22.649999618530273,141000
2019-03-07,22.700000762939453,23.450000762939453,22.600000381469727,22.600000381469727,329006
2019-03-08,22.549999237060547,22.549999237060547,22.200000762939453,22.5,83058
2019-03-11,22.5,22.649999618530273,22.450000762939453,22.5,141000
2019-03-12,22.5,24.299999237060547,22.5,24.0,2161635
2019-03-13,24.600000381469727,26.399999618530273,24.5,26.100000381469727,5841202
2019-03-14,25.75,26.5,25.399999618530273,25.75,1999815
2019-03-15,26.0,26.399999618530273,25.350000381469727,26.100000381469727,960115
2019-03-18,26.100000381469727,26.25,25.649999618530273,25.700000762939453,823518
2019-03-19,25.899999618530273,26.299999237060547,24.850000381469727,24.850000381469727,984320
2019-03-20,25.149999618530273,25.299999237060547,24.799999237060547,24.899999618530273,350019
2019-03-21,25.200000762939453,25.700000762939453,24.850000381469727,25.200000762939453,430090
2019-03-22,25.399999618530273,25.5,24.299999237060547,24.5,567020
2019-03-25,23.850000381469727,23.850000381469727,23.149999618530273,23.5,588029
2019-03-26,23.5,24.149999618530273,23.399999618530273,23.950000762939453,254600
2019-03-27,23.950000762939453,24.450000762939453,23.799999237060547,23.950000762939453,208400
2019-03-28,23.950000762939453,24.0,23.600000381469727,23.600000381469727,320005
2019-03-29,23.0,23.799999237060547,22.950000762939453,23.450000762939453,499600
2019-04-01,23.25,23.75,23.25,23.5,210393
2019-04-02,23.549999237060547,23.850000381469727,23.100000381469727,23.549999237060547,360000
2019-04-03,23.5,23.700000762939453,23.149999618530273,23.450000762939453,254000
2019-04-08,23.450000762939453,24.100000381469727,23.450000762939453,24.100000381469727,394871
2019-04-09,24.149999618530273,24.5,23.200000762939453,23.299999237060547,1139000
2019-04-10,22.799999237060547,23.200000762939453,22.700000762939453,23.0,437000
2019-04-11,23.200000762939453,23.200000762939453,22.5,22.649999618530273,201002
2019-04-12,22.649999618530273,23.049999237060547,22.649999618530273,22.799999237060547,101007
2019-04-15,22.799999237060547,23.149999618530273,22.649999618530273,22.799999237060547,157359
2019-04-16,22.799999237060547,23.149999618530273,22.649999618530273,22.950000762939453,238024
2019-04-17,23.25,24.0,23.25,23.450000762939453,408014
2019-04-18,23.799999237060547,23.799999237060547,22.5,22.5,397024
2019-04-19,22.549999237060547,23.049999237060547,22.549999237060547,22.75,155000
2019-04-22,22.75,23.049999237060547,22.600000381469727,22.850000381469727,161000
2019-04-23,22.850000381469727,22.899999618530273,22.649999618530273,22.700000762939453,71000
2019-04-24,22.799999237060547,23.149999618530273,22.549999237060547,22.649999618530273,160000
2019-04-25,22.649999618530273,22.799999237060547,22.5,22.549999237060547,74000
2019-04-26,22.600000381469727,22.899999618530273,22.25,22.299999237060547,174010
2019-04-29,22.5,22.5,21.5,21.649999618530273,167296
2019-04-30,21.200000762939453,21.649999618530273,21.200000762939453,21.399999618530273,110000
2019-05-02,21.75,21.75,21.399999618530273,21.399999618530273,44000
2019-05-03,21.399999618530273,21.75,21.399999618530273,21.700000762939453,89000
2019-05-06,21.450000762939453,21.549999237060547,21.100000381469727,21.100000381469727,165000
2019-05-07,21.899999618530273,21.899999618530273,21.200000762939453,21.200000762939453,64000
2019-05-08,21.200000762939453,21.200000762939453,20.799999237060547,20.950000762939453,166025
2019-05-09,20.950000762939453,20.950000762939453,20.0,20.0,280010
2019-05-10,20.200000762939453,20.5,19.799999237060547,19.850000381469727,222100
2019-05-13,19.600000381469727,21.25,19.600000381469727,21.0,137000
2019-05-14,20.5,20.75,20.200000762939453,20.549999237060547,109000
2019-05-15,20.5,21.0,20.399999618530273,20.75,538000
2019-05-16,20.899999618530273,20.899999618530273,20.149999618530273,20.200000762939453,62003
2019-05-17,20.5,20.5,19.700000762939453,20.0,137000
2019-05-20,20.299999237060547,20.299999237060547,19.299999237060547,19.600000381469727,120000
2019-05-21,19.299999237060547,20.25,19.299999237060547,20.25,147000
2019-05-22,20.25,20.25,19.850000381469727,20.0,34000
2019-05-23,20.0,20.399999618530273,19.700000762939453,20.0,115420
2019-05-24,20.0,20.350000381469727,19.950000762939453,20.100000381469727,75030
2019-05-27,20.350000381469727,20.350000381469727,19.899999618530273,20.25,85070
2019-05-28,20.25,20.450000762939453,20.200000762939453,20.399999618530273,21000
2019-05-29,20.399999618530273,20.549999237060547,20.350000381469727,20.549999237060547,38000
2019-05-30,20.549999237060547,20.649999618530273,20.5,20.549999237060547,49000
2019-05-31,20.950000762939453,21.149999618530273,20.649999618530273,20.950000762939453,123000
2019-06-03,21.350000381469727,21.350000381469727,20.399999618530273,20.450000762939453,76000
2019-06-04,20.549999237060547,20.549999237060547,20.200000762939453,20.299999237060547,35001
2019-06-05,20.850000381469727,20.850000381469727,20.25,20.399999618530273,36145
2019-06-06,20.700000762939453,20.700000762939453,19.850000381469727,20.200000762939453,100024
2019-06-10,19.799999237060547,20.149999618530273,19.799999237060547,20.0,77000
2019-06-11,20.350000381469727,20.350000381469727,19.950000762939453,20.049999237060547,41000
2019-06-12,20.0,20.899999618530273,20.0,20.5,555000
2019-06-13,20.75,20.850000381469727,20.350000381469727,20.399999618530273,42291
2019-06-14,20.5,20.700000762939453,20.399999618530273,20.600000381469727,32000
2019-06-17,20.350000381469727,20.399999618530273,20.100000381469727,20.299999237060547,34000
2019-06-18,20.450000762939453,20.450000762939453,19.799999237060547,20.049999237060547,76000
2019-06-19,20.049999237060547,20.25,19.899999618530273,20.25,55001
2019-06-20,20.350000381469727,20.549999237060547,20.200000762939453,20.25,75000
2019-06-21,20.600000381469727,20.600000381469727,19.799999237060547,19.799999237060547,97893
2019-06-24,19.899999618530273,20.200000762939453,19.700000762939453,20.049999237060547,87840
2019-06-25,20.100000381469727,20.100000381469727,19.700000762939453,19.899999618530273,57000
2019-06-26,19.899999618530273,19.899999618530273,19.700000762939453,19.700000762939453,31000
2019-06-27,19.399999618530273,20.0,19.399999618530273,20.0,36000
2019-06-28,20.049999237060547,20.100000381469727,19.850000381469727,19.899999618530273,35000
2019-07-01,20.0,20.200000762939453,19.75,19.75,102000
2019-07-02,20.0,20.0,19.75,19.850000381469727,60000
2019-07-03,20.0,20.0,19.799999237060547,19.899999618530273,62000
2019-07-04,19.799999237060547,19.950000762939453,19.700000762939453,19.950000762939453,57017
2019-07-05,20.0,20.25,20.0,20.049999237060547,138000
2019-07-08,20.049999237060547,20.399999618530273,19.899999618530273,19.950000762939453,68000
2019-07-09,20.049999237060547,20.200000762939453,19.899999618530273,19.899999618530273,43000
2019-07-10,20.0,20.049999237060547,19.799999237060547,20.0,61000
2019-07-11,20.0,20.200000762939453,19.850000381469727,20.100000381469727,114000
2019-07-12,20.149999618530273,21.399999618530273,20.149999618530273,20.899999618530273,552058
2019-07-15,21.299999237060547,21.299999237060547,21.0,21.149999618530273,162014
2019-07-16,21.25,21.299999237060547,20.899999618530273,21.149999618530273,221019
2019-07-17,21.0,21.350000381469727,20.950000762939453,21.149999618530273,119000
2019-07-18,21.049999237060547,22.100000381469727,21.049999237060547,21.75,306530
2019-07-19,21.75,22.200000762939453,21.700000762939453,21.799999237060547,185000
2019-07-22,21.899999618530273,21.899999618530273,21.649999618530273,21.799999237060547,80500
2019-07-23,21.799999237060547,22.100000381469727,21.200000762939453,21.299999237060547,183010
2019-07-24,21.399999618530273,21.399999618530273,21.049999237060547,21.049999237060547,70000
2019-07-25,20.950000762939453,21.399999618530273,20.799999237060547,21.100000381469727,105589
2019-07-26,21.399999618530273,21.5,20.950000762939453,21.149999618530273,102000
2019-07-29,21.149999618530273,21.149999618530273,20.850000381469727,20.899999618530273,101000
2019-07-30,21.0,21.200000762939453,20.799999237060547,21.0,78035
2019-07-31,21.0,21.799999237060547,21.0,21.100000381469727,385300
2019-08-01,21.100000381469727,21.25,21.0,21.0,64000
2019-08-02,21.049999237060547,21.049999237060547,20.200000762939453,20.200000762939453,153000
2019-08-05,20.149999618530273,20.299999237060547,19.700000762939453,19.950000762939453,108000
2019-08-06,19.5,20.200000762939453,19.399999618530273,20.0,115000
2019-08-07,20.0,20.5,19.850000381469727,19.850000381469727,63000
2019-08-08,20.25,20.25,19.850000381469727,19.899999618530273,90050
2019-08-12,20.549999237060547,20.600000381469727,20.299999237060547,20.5,109000
2019-08-13,20.399999618530273,20.600000381469727,20.350000381469727,20.450000762939453,68085
2019-08-14,20.700000762939453,20.75,20.299999237060547,20.299999237060547,43000
2019-08-15,19.75,20.25,19.700000762939453,20.0,101001
2019-08-16,20.049999237060547,20.299999237060547,19.899999618530273,20.200000762939453,73099
2019-08-19,20.450000762939453,20.450000762939453,20.0,20.399999618530273,297000
2019-08-20,20.399999618530273,20.600000381469727,20.25,20.5,76670
2019-08-21,20.5,20.75,20.450000762939453,20.600000381469727,85000
2019-08-22,20.600000381469727,20.600000381469727,20.25,20.25,117000
2019-08-23,20.149999618530273,20.25,20.0,20.0,76000
2019-08-26,19.799999237060547,20.350000381469727,19.700000762939453,19.899999618530273,55000
2019-08-27,20.200000762939453,20.799999237060547,20.0,20.049999237060547,82000
2019-08-28,20.149999618530273,20.149999618530273,19.950000762939453,20.0,58100
2019-08-29,20.299999237060547,20.299999237060547,19.950000762939453,20.0,36074
2019-08-30,20.25,20.25,20.0,20.0,37200
2019-09-02,19.899999618530273,21.5,19.850000381469727,21.450000762939453,6116271
2019-09-03,21.200000762939453,21.299999237060547,20.799999237060547,21.0,532000
2019-09-04,21.0,21.200000762939453,20.75,20.799999237060547,184000
2019-09-05,21.0,21.100000381469727,20.549999237060547,20.549999237060547,216017
2019-09-06,20.899999618530273,20.899999618530273,20.549999237060547,20.549999237060547,151051
2019-09-10,20.549999237060547,20.799999237060547,20.549999237060547,20.700000762939453,126000
2019-09-11,20.700000762939453,20.700000762939453,20.149999618530273,20.5,162000
2019-09-12,20.5,20.700000762939453,20.399999618530273,20.399999618530273,144000
2019-09-16,20.5,20.600000381469727,20.100000381469727,20.25,159050
2019-09-17,20.200000762939453,20.299999237060547,20.049999237060547,20.100000381469727,93000
2019-09-18,20.100000381469727,20.5,20.100000381469727,20.350000381469727,158949
2019-09-19,20.350000381469727,20.350000381469727,20.100000381469727,20.100000381469727,51911
2019-09-20,20.149999618530273,20.299999237060547,20.049999237060547,20.100000381469727,153000
2019-09-23,20.100000381469727,20.299999237060547,20.049999237060547,20.049999237060547,137000
2019-09-24,20.25,20.25,20.049999237060547,20.049999237060547,122000
2019-09-25,20.049999237060547,20.350000381469727,20.0,20.0,452200
2019-09-26,20.25,20.299999237060547,20.0,20.049999237060547,62340
2019-09-27,20.0,20.0,19.899999618530273,20.0,105874
2019-10-01,20.0,20.049999237060547,19.950000762939453,20.0,28000
2019-10-02,20.0,20.149999618530273,19.899999618530273,19.899999618530273,80000
2019-10-03,19.899999618530273,19.950000762939453,19.799999237060547,19.950000762939453,38000
2019-10-04,19.950000762939453,19.950000762939453,19.899999618530273,19.899999618530273,34000
2019-10-07,19.899999618530273,20.200000762939453,19.899999618530273,20.0,54000
2019-10-08,19.899999618530273,20.0,19.899999618530273,20.0,20000
2019-10-09,19.899999618530273,20.049999237060547,19.850000381469727,19.850000381469727,55000
2019-10-14,19.899999618530273,20.100000381469727,19.850000381469727,20.0,56165
2019-10-15,19.850000381469727,20.0,19.799999237060547,19.850000381469727,14000
2019-10-16,19.899999618530273,20.149999618530273,19.850000381469727,19.950000762939453,79001
2019-10-17,20.0,20.25,20.0,20.25,32000
2019-10-18,20.350000381469727,20.350000381469727,20.049999237060547,20.200000762939453,63291
2019-10-21,19.950000762939453,20.149999618530273,19.700000762939453,19.850000381469727,115000
2019-10-22,19.850000381469727,19.850000381469727,19.5,19.549999237060547,185000
2019-10-23,19.549999237060547,19.700000762939453,19.5,19.600000381469727,57000
2019-10-24,19.600000381469727,19.600000381469727,19.5,19.5,62145
2019-10-25,19.700000762939453,19.700000762939453,19.450000762939453,19.5,63000
2019-10-28,19.5,19.600000381469727,19.299999237060547,19.450000762939453,90119
2019-10-29,19.5,19.5,18.75,19.0,220000
2019-10-30,19.0,19.600000381469727,19.0,19.299999237060547,171690
2019-10-31,19.149999618530273,19.299999237060547,19.100000381469727,19.100000381469727,125100
2019-11-01,19.049999237060547,19.149999618530273,18.799999237060547,19.100000381469727,62449
2019-11-04,19.049999237060547,19.399999618530273,18.950000762939453,19.0,93000
2019-11-05,19.0,19.100000381469727,18.799999237060547,19.0,181104
2019-11-06,19.100000381469727,19.100000381469727,19.0,19.049999237060547,87165
2019-11-07,19.0,19.049999237060547,18.799999237060547,18.799999237060547,81022
2019-11-08,18.799999237060547,19.25,18.75,19.0,87100
2019-11-11,18.850000381469727,18.850000381469727,18.25,18.25,119664
2019-11-12,18.25,18.25,17.850000381469727,17.950000762939453,182000
2019-11-13,18.0,18.0,17.700000762939453,17.700000762939453,238200
2019-11-14,18.200000762939453,18.200000762939453,17.799999237060547,17.799999237060547,105860
2019-11-15,17.850000381469727,17.899999618530273,17.75,17.75,46931
2019-11-18,17.799999237060547,18.049999237060547,17.799999237060547,17.799999237060547,97272
2019-11-19,17.799999237060547,18.200000762939453,17.799999237060547,18.149999618530273,161768
2019-11-20,18.149999618530273,18.299999237060547,18.100000381469727,18.200000762939453,92200
2019-11-21,18.100000381469727,18.399999618530273,18.100000381469727,18.399999618530273,51000
2019-11-22,18.350000381469727,18.350000381469727,18.049999237060547,18.200000762939453,32000
2019-11-25,18.350000381469727,18.950000762939453,18.350000381469727,18.5,90000
2019-11-26,18.700000762939453,18.700000762939453,18.5,18.549999237060547,25000
2019-11-27,18.600000381469727,18.75,18.5,18.5,41010
2019-11-28,18.5,18.600000381469727,18.25,18.25,61000
2019-11-29,18.5,18.700000762939453,18.149999618530273,18.25,41000
2019-12-02,18.450000762939453,18.450000762939453,17.799999237060547,17.950000762939453,56042
2019-12-03,18.0,18.100000381469727,17.950000762939453,17.950000762939453,27000
2019-12-04,18.100000381469727,18.450000762939453,18.100000381469727,18.149999618530273,88270
2019-12-05,18.149999618530273,18.350000381469727,18.049999237060547,18.149999618530273,66621
2019-12-06,18.049999237060547,18.149999618530273,18.0,18.149999618530273,14187
2019-12-09,18.149999618530273,18.149999618530273,17.899999618530273,17.899999618530273,51000
2019-12-10,18.25,18.600000381469727,18.100000381469727,18.100000381469727,63000
2019-12-11,18.100000381469727,18.200000762939453,18.049999237060547,18.049999237060547,54000
2019-12-12,18.299999237060547,18.299999237060547,18.0,18.049999237060547,85000
2019-12-13,18.049999237060547,18.299999237060547,17.950000762939453,17.950000762939453,73197
2019-12-16,17.950000762939453,18.25,17.950000762939453,17.950000762939453,574
2019-12-17,18.0,18.200000762939453,18.0,18.100000381469727,98187
2019-12-18,18.200000762939453,18.5,18.200000762939453,18.450000762939453,119690
2019-12-19,18.399999618530273,18.549999237060547,18.149999618530273,18.149999618530273,60500
2019-12-20,18.149999618530273,18.200000762939453,18.100000381469727,18.100000381469727,30000
2019-12-23,18.350000381469727,18.649999618530273,17.950000762939453,18.0,78744
2019-12-24,18.0,18.100000381469727,17.950000762939453,18.0,50300
2019-12-25,18.0,18.100000381469727,17.950000762939453,18.0,80899
2019-12-26,18.0,18.049999237060547,17.850000381469727,17.899999618530273,79422
2019-12-27,18.0,18.299999237060547,18.0,18.25,201645
2019-12-30,18.25,18.25,17.899999618530273,17.950000762939453,115500
2019-12-31,18.200000762939453,18.200000762939453,17.850000381469727,17.850000381469727,113225
2020-01-02,18.049999237060547,18.399999618530273,17.950000762939453,18.0,82000
2020-01-03,18.0,18.100000381469727,17.899999618530273,17.950000762939453,100387
2020-01-06,17.899999618530273,17.899999618530273,17.799999237060547,17.799999237060547,40999
2020-01-07,17.799999237060547,17.799999237060547,17.5,17.600000381469727,116000
2020-01-08,17.549999237060547,17.600000381469727,17.399999618530273,17.600000381469727,49002
2020-01-09,17.600000381469727,17.600000381469727,17.399999618530273,17.600000381469727,58200
2020-01-10,17.600000381469727,17.600000381469727,17.350000381469727,17.350000381469727,48519
2020-01-13,17.600000381469727,18.149999618530273,17.5,17.5,63500
2020-01-14,17.5,17.850000381469727,17.5,17.5,65521
2020-01-15,17.850000381469727,17.850000381469727,17.450000762939453,17.5,57030
2020-01-16,17.450000762939453,17.549999237060547,17.450000762939453,17.5,36040
2020-01-17,17.5,17.5,17.350000381469727,17.399999618530273,87000
2020-01-20,17.399999618530273,17.450000762939453,17.25,17.25,92000
2020-01-30,16.549999237060547,16.549999237060547,15.75,15.75,251000
2020-01-31,16.0,16.049999237060547,14.800000190734863,15.550000190734863,245002
2020-02-03,14.899999618530273,15.350000381469727,14.75,14.75,197997
2020-02-04,17.950000762939453,17.950000762939453,14.899999618530273,14.899999618530273,103289
2020-02-05,14.949999809265137,15.0,14.800000190734863,14.800000190734863,64000
2020-02-06,15.0,15.050000190734863,14.800000190734863,15.0,182300
2020-02-07,15.0,15.0,14.600000381469727,14.600000381469727,96997
2020-02-10,14.449999809265137,14.600000381469727,14.350000381469727,14.600000381469727,84000
2020-02-11,14.350000381469727,14.75,14.350000381469727,14.699999809265137,121999
2020-02-12,14.699999809265137,15.0,14.699999809265137,14.949999809265137,99049
2020-02-13,15.0,15.399999618530273,14.949999809265137,14.949999809265137,93000
2020-02-14,14.949999809265137,14.949999809265137,14.800000190734863,14.899999618530273,39206
2020-02-17,14.899999618530273,14.899999618530273,14.75,14.800000190734863,59495
2020-02-18,14.899999618530273,14.949999809265137,14.699999809265137,14.800000190734863,91000
2020-02-19,14.899999618530273,16.25,14.899999618530273,16.25,1627071
2020-02-20,17.049999237060547,17.850000381469727,17.0,17.850000381469727,1571831
2020-02-21,17.950000762939453,18.850000381469727,17.850000381469727,18.200000762939453,1924830
2020-02-24,17.799999237060547,17.950000762939453,17.5,17.950000762939453,420307
2020-02-25,17.350000381469727,18.149999618530273,17.350000381469727,17.600000381469727,480900
2020-02-26,17.600000381469727,17.700000762939453,17.399999618530273,17.450000762939453,142898
2020-02-27,17.899999618530273,18.299999237060547,16.850000381469727,17.200000762939453,799350
2020-03-02,17.0,17.5,17.0,17.149999618530273,224000
2020-03-03,17.299999237060547,17.700000762939453,17.100000381469727,17.100000381469727,142000
2020-03-04,17.200000762939453,17.299999237060547,16.799999237060547,17.049999237060547,126000
2020-03-05,17.200000762939453,17.25,16.75,17.0,132140
2020-03-06,17.0,17.0,16.649999618530273,16.700000762939453,48000
2020-03-09,16.700000762939453,16.799999237060547,15.25,16.0,362057
2020-03-10,15.699999809265137,16.0,15.550000190734863,16.0,136000
2020-03-11,16.299999237060547,16.350000381469727,15.699999809265137,16.0,45000
2020-03-12,15.600000381469727,15.600000381469727,14.399999618530273,14.399999618530273,507000
2020-03-13,13.0,13.350000381469727,13.0,13.199999809265137,556000
2020-03-16,13.149999618530273,13.399999618530273,11.899999618530273,13.199999809265137,449000
2020-03-17,12.199999809265137,12.899999618530273,11.899999618530273,11.899999618530273,332050
2020-03-18,11.899999618530273,12.300000190734863,11.850000381469727,12.050000190734863,303000
2020-03-19,11.100000381469727,11.75,10.850000381469727,10.850000381469727,310000
2020-03-20,11.199999809265137,11.800000190734863,11.100000381469727,11.25,236000
2020-03-23,11.0,11.050000190734863,10.800000190734863,10.800000190734863,95000
2020-03-24,11.050000190734863,11.649999618530273,11.050000190734863,11.350000381469727,119000
2020-03-25,11.850000381469727,12.199999809265137,11.699999809265137,12.100000381469727,207000
2020-03-26,11.75,12.449999809265137,11.75,12.25,100000
2020-03-27,12.699999809265137,12.800000190734863,12.149999618530273,12.199999809265137,174000
2020-03-30,12.149999618530273,12.199999809265137,11.699999809265137,12.050000190734863,70000
2020-03-31,12.050000190734863,12.199999809265137,11.899999618530273,12.0,66000
2020-04-01,12.0,12.25,12.0,12.050000190734863,57150
2020-04-06,12.100000381469727,12.199999809265137,11.699999809265137,12.0,103000
2020-04-07,12.199999809265137,12.699999809265137,12.199999809265137,12.5,193995
2020-04-08,12.600000381469727,12.800000190734863,12.350000381469727,12.800000190734863,241000
2020-04-09,12.800000190734863,13.199999809265137,12.75,13.0,116453
2020-04-10,13.0,14.149999618530273,12.850000381469727,14.100000381469727,203000
2020-04-13,14.199999809265137,14.199999809265137,13.550000190734863,13.600000381469727,295000
2020-04-14,13.800000190734863,14.100000381469727,13.75,13.850000381469727,163200
2020-04-15,13.850000381469727,14.149999618530273,13.850000381469727,13.949999809265137,171000
2020-04-16,13.949999809265137,13.949999809265137,13.699999809265137,13.800000190734863,88000
2020-04-17,14.0,14.199999809265137,13.449999809265137,13.5,263055
2020-04-20,13.5,13.949999809265137,13.5,13.699999809265137,84000
2020-04-21,13.75,13.800000190734863,13.399999618530273,13.449999809265137,113000
2020-04-22,13.050000190734863,13.699999809265137,13.050000190734863,13.649999618530273,57000
2020-04-23,13.949999809265137,14.0,13.600000381469727,13.850000381469727,95120
2020-04-24,13.699999809265137,13.699999809265137,13.100000381469727,13.5,172000
2020-04-27,13.699999809265137,14.300000190734863,13.699999809265137,14.0,234000
2020-04-28,14.199999809265137,14.199999809265137,13.949999809265137,14.100000381469727,97020
2020-04-29,14.199999809265137,14.600000381469727,14.199999809265137,14.350000381469727,164980
2020-04-30,14.449999809265137,14.649999618530273,14.399999618530273,14.5,135999
2020-05-04,14.5,14.5,14.199999809265137,14.300000190734863,98000
2020-05-05,14.300000190734863,14.649999618530273,14.300000190734863,14.300000190734863,129000
2020-05-06,14.300000190734863,14.399999618530273,14.050000190734863,14.199999809265137,299000
2020-05-07,14.300000190734863,14.300000190734863,14.100000381469727,14.199999809265137,107050
2020-05-08,14.5,15.600000381469727,14.350000381469727,15.600000381469727,771060
2020-05-11,16.399999618530273,17.149999618530273,16.399999618530273,17.149999618530273,783000
2020-05-12,17.799999237060547,17.950000762939453,16.899999618530273,17.5,1387300
2020-05-13,17.5,17.549999237060547,17.149999618530273,17.549999237060547,293063
2020-05-14,17.25,17.799999237060547,17.149999618530273,17.299999237060547,417030
2020-05-15,17.700000762939453,17.700000762939453,17.0,17.100000381469727,280032
2020-05-18,16.950000762939453,18.350000381469727,16.899999618530273,17.649999618530273,940698
2020-05-19,17.5,17.950000762939453,17.299999237060547,17.5,231107
2020-05-20,17.450000762939453,17.75,17.299999237060547,17.549999237060547,143621
2020-05-21,17.649999618530273,17.649999618530273,17.200000762939453,17.350000381469727,129130
2020-05-22,17.200000762939453,17.450000762939453,17.049999237060547,17.049999237060547,160909
2020-05-25,17.049999237060547,17.5,17.0,17.399999618530273,113655
2020-05-26,17.5,18.600000381469727,17.5,18.600000381469727,359673
2020-05-27,18.350000381469727,18.700000762939453,18.0,18.299999237060547,487293
2020-05-28,18.100000381469727,18.299999237060547,17.450000762939453,17.450000762939453,191651
2020-05-29,17.450000762939453,17.799999237060547,17.450000762939453,17.549999237060547,107986
2020-06-01,17.600000381469727,17.899999618530273,17.549999237060547,17.799999237060547,156295
2020-06-02,17.799999237060547,17.799999237060547,17.350000381469727,17.350000381469727,160774
2020-06-03,17.600000381469727,19.049999237060547,17.600000381469727,17.799999237060547,1718716
2020-06-04,17.799999237060547,18.149999618530273,17.450000762939453,18.049999237060547,543100
2020-06-05,18.049999237060547,19.700000762939453,17.950000762939453,18.950000762939453,735499
2020-06-08,19.0,19.149999618530273,18.399999618530273,18.5,405086
2020-06-09,18.850000381469727,18.850000381469727,18.299999237060547,18.5,225527
2020-06-10,19.0,19.0,18.0,18.149999618530273,300140
2020-06-11,18.399999618530273,18.5,17.049999237060547,17.649999618530273,310950
2020-06-12,16.700000762939453,17.5,16.700000762939453,17.5,271111
2020-06-15,17.600000381469727,18.0,17.350000381469727,17.350000381469727,192200
2020-06-16,17.5,18.0,17.399999618530273,18.0,171157
2020-06-17,18.0,18.299999237060547,17.75,17.799999237060547,217030
2020-06-18,18.25,18.25,17.600000381469727,17.600000381469727,255228
2020-06-19,17.899999618530273,18.799999237060547,17.700000762939453,18.100000381469727,577358
2020-06-22,18.100000381469727,18.899999618530273,18.100000381469727,18.75,296970
2020-06-23,18.75,18.799999237060547,18.049999237060547,18.049999237060547,399239
2020-06-24,18.200000762939453,18.450000762939453,18.100000381469727,18.149999618530273,138790
2020-06-29,18.0,18.200000762939453,17.649999618530273,17.75,140834
2020-06-30,17.75,18.75,17.75,18.5,335863
2020-07-01,18.799999237060547,18.950000762939453,18.5,18.649999618530273,273000
2020-07-02,18.600000381469727,20.5,18.600000381469727,20.5,2340024
2020-07-03,20.899999618530273,22.399999618530273,20.899999618530273,21.25,2974056
2020-07-06,21.350000381469727,23.350000381469727,21.350000381469727,23.350000381469727,2498536
2020-07-07,23.75,25.299999237060547,22.5,25.0,4418161
2020-07-08,26.100000381469727,27.399999618530273,25.600000381469727,26.299999237060547,4499823
2020-07-09,26.200000762939453,26.899999618530273,24.950000762939453,25.149999618530273,2491124
2020-07-10,25.450000762939453,25.850000381469727,23.5,23.5,2060638
2020-07-13,25.200000762939453,25.850000381469727,25.0,25.850000381469727,3697650
2020-07-14,25.100000381469727,25.850000381469727,24.600000381469727,25.649999618530273,2168451
2020-07-15,25.850000381469727,25.950000762939453,24.549999237060547,25.0,1474140
2020-07-16,25.399999618530273,26.799999237060547,24.850000381469727,26.549999237060547,3753347
2020-07-17,26.299999237060547,26.5,24.600000381469727,24.799999237060547,2275940
2020-07-20,24.799999237060547,25.5,23.899999618530273,25.0,965120
2020-07-21,25.299999237060547,26.149999618530273,25.0,25.049999237060547,1164130
2020-07-22,25.200000762939453,25.799999237060547,25.100000381469727,25.450000762939453,1097783
2020-07-23,25.5,26.149999618530273,25.100000381469727,25.450000762939453,1095400
2020-07-24,25.450000762939453,25.75,24.5,25.549999237060547,1302280
2020-07-27,25.799999237060547,26.549999237060547,24.799999237060547,25.899999618530273,2231470
2020-07-28,25.899999618530273,26.700000762939453,24.950000762939453,25.049999237060547,2036290
2020-07-29,24.799999237060547,27.549999237060547,24.799999237060547,27.549999237060547,2785183
2020-07-30,30.299999237060547,30.299999237060547,26.350000381469727,26.350000381469727,10884441
2020-07-31,26.399999618530273,26.700000762939453,25.799999237060547,26.350000381469727,1682120
2020-08-03,26.850000381469727,26.850000381469727,25.899999618530273,26.049999237060547,1180090
2020-08-04,26.399999618530273,27.200000762939453,25.850000381469727,26.799999237060547,1877676
2020-08-05,26.950000762939453,27.700000762939453,26.5,27.049999237060547,1406477
2020-08-06,27.149999618530273,29.5,27.149999618530273,29.450000762939453,3777960
2020-08-07,29.100000381469727,29.200000762939453,28.0,28.5,2233330
2020-08-10,28.5,29.200000762939453,25.700000762939453,26.299999237060547,14611357
2020-08-11,26.0,27.299999237060547,25.399999618530273,26.049999237060547,2493923
2020-08-12,26.299999237060547,26.799999237060547,25.600000381469727,26.5,996500
2020-08-13,26.799999237060547,26.899999618530273,25.899999618530273,26.0,939000
2020-08-14,28.450000762939453,28.600000381469727,27.799999237060547,28.600000381469727,6065644
2020-08-17,30.700000762939453,31.450000762939453,29.700000762939453,31.450000762939453,7762547
2020-08-18,31.950000762939453,34.45000076293945,30.549999237060547,33.70000076293945,14754640
2020-08-19,33.099998474121094,35.45000076293945,31.799999237060547,32.25,12128739
2020-08-20,31.5,32.25,29.049999237060547,29.25,7236990
2020-08-21,30.200000762939453,30.5,29.549999237060547,30.200000762939453,3213055
2020-08-24,30.149999618530273,30.799999237060547,29.75,29.950000762939453,1868593
2020-08-25,30.5,32.900001525878906,30.0,32.900001525878906,9335642
2020-08-26,33.20000076293945,34.45000076293945,32.79999923706055,34.0,12733910
2020-08-27,33.29999923706055,34.25,32.25,32.54999923706055,5088516
2020-08-28,32.20000076293945,33.95000076293945,32.20000076293945,33.099998474121094,4417300
2020-08-31,33.04999923706055,33.400001525878906,32.099998474121094,32.5,2852071
2020-09-01,32.79999923706055,34.400001525878906,32.45000076293945,32.849998474121094,3879365
2020-09-02,33.20000076293945,34.0,32.650001525878906,32.70000076293945,3835391
2020-09-03,33.29999923706055,33.54999923706055,32.45000076293945,32.650001525878906,2383390
2020-09-04,31.350000381469727,32.599998474121094,31.350000381469727,31.850000381469727,2033010
2020-09-07,32.25,32.29999923706055,30.850000381469727,30.850000381469727,1959505
2020-09-08,31.600000381469727,31.600000381469727,30.200000762939453,30.399999618530273,1457650
2020-09-09,29.399999618530273,31.450000762939453,29.350000381469727,31.299999237060547,1577016
2020-09-10,31.549999237060547,32.099998474121094,30.850000381469727,30.850000381469727,1398019
2020-09-11,31.5,31.950000762939453,30.549999237060547,30.549999237060547,2283985
2020-09-14,30.899999618530273,31.649999618530273,30.450000762939453,31.0,1290663
2020-09-15,31.299999237060547,31.649999618530273,30.0,30.200000762939453,1770744
2020-09-16,30.5,31.149999618530273,30.0,30.299999237060547,1392050
2020-09-17,30.450000762939453,31.5,30.299999237060547,30.75,1306101
2020-09-18,30.950000762939453,33.70000076293945,30.850000381469727,33.70000076293945,8290091
2020-09-21,33.70000076293945,34.20000076293945,32.54999923706055,33.150001525878906,6618470
2020-09-22,33.0,33.70000076293945,31.600000381469727,31.600000381469727,6433290
2020-09-23,31.799999237060547,32.900001525878906,31.5,31.700000762939453,2255120
2020-09-24,31.100000381469727,31.5,30.200000762939453,30.399999618530273,2031665
2020-09-25,30.600000381469727,31.200000762939453,28.200000762939453,28.700000762939453,3305001
2020-09-28,29.600000381469727,29.799999237060547,29.0,29.549999237060547,1349000
2020-09-29,29.649999618530273,29.899999618530273,28.799999237060547,29.049999237060547,839295
2020-09-30,29.299999237060547,29.700000762939453,28.649999618530273,29.5,614003
2020-10-05,29.75,30.450000762939453,29.200000762939453,30.25,564205
2020-10-06,30.299999237060547,31.149999618530273,30.25,30.899999618530273,1830076
2020-10-07,30.799999237060547,31.25,30.549999237060547,31.0,754888
2020-10-08,31.200000762939453,32.0,31.149999618530273,31.5,1253162
2020-10-12,32.79999923706055,32.79999923706055,31.399999618530273,31.399999618530273,1695600
2020-10-13,31.399999618530273,32.599998474121094,31.200000762939453,31.850000381469727,1345270
2020-10-14,32.0,33.599998474121094,31.950000762939453,32.25,3429305
2020-10-15,32.099998474121094,32.599998474121094,31.799999237060547,31.850000381469727,912250
2020-10-16,31.700000762939453,31.850000381469727,30.5,30.549999237060547,1116000
2020-10-19,31.0,31.200000762939453,30.549999237060547,31.0,612120
2020-10-20,30.850000381469727,31.899999618530273,30.850000381469727,31.399999618530273,844200
2020-10-21,31.25,32.54999923706055,31.25,31.950000762939453,1190200
2020-10-22,31.899999618530273,32.29999923706055,31.549999237060547,31.600000381469727,585358
2020-10-23,31.799999237060547,32.150001525878906,31.600000381469727,31.799999237060547,418826
2020-10-26,31.899999618530273,34.150001525878906,31.899999618530273,33.5,6122326
2020-10-27,33.400001525878906,34.29999923706055,32.25,32.349998474121094,6230000
2020-10-28,32.349998474121094,32.54999923706055,31.5,31.600000381469727,1758102
2020-10-29,30.700000762939453,32.0,30.399999618530273,31.5,1861300
2020-10-30,31.5,31.950000762939453,30.700000762939453,30.850000381469727,994138
2020-11-02,31.049999237060547,31.299999237060547,30.149999618530273,30.799999237060547,843000
2020-11-03,31.200000762939453,32.70000076293945,31.200000762939453,32.20000076293945,1821190
2020-11-04,32.45000076293945,33.0,31.75,32.79999923706055,1698260
2020-11-05,32.75,32.75,31.850000381469727,31.950000762939453,1069311
2020-11-06,31.950000762939453,32.650001525878906,31.450000762939453,31.5,1307597
2020-11-09,32.0,34.5,31.850000381469727,32.29999923706055,7269536
2020-11-10,32.70000076293945,33.400001525878906,31.899999618530273,33.150001525878906,2711465
2020-11-11,33.70000076293945,34.29999923706055,32.25,32.45000076293945,4945820
2020-11-12,32.099998474121094,32.79999923706055,31.700000762939453,32.099998474121094,2045154
2020-11-13,31.75,33.0,31.700000762939453,32.79999923706055,2124152
2020-11-16,32.95000076293945,36.04999923706055,32.599998474121094,36.04999923706055,11590863
2020-11-17,37.5,38.29999923706055,33.5,35.0,20793717
2020-11-18,34.599998474121094,35.29999923706055,34.099998474121094,34.75,3462000
2020-11-19,34.650001525878906,34.70000076293945,33.70000076293945,33.70000076293945,2873191
2020-11-20,33.849998474121094,34.45000076293945,33.150001525878906,33.5,2250000
2020-11-23,33.900001525878906,34.75,33.400001525878906,34.400001525878906,2318665
2020-11-24,34.400001525878906,34.849998474121094,33.79999923706055,34.04999923706055,1899250
2020-11-25,34.20000076293945,35.150001525878906,33.849998474121094,33.95000076293945,2314700
2020-11-26,34.099998474121094,35.400001525878906,34.0,34.150001525878906,3393695
2020-11-27,34.45000076293945,35.04999923706055,34.099998474121094,34.75,1772000
2020-11-30,35.099998474121094,35.099998474121094,34.20000076293945,34.20000076293945,1633383
2020-12-01,34.29999923706055,34.599998474121094,33.5,34.0,1377500
2020-12-02,34.29999923706055,34.900001525878906,33.900001525878906,33.95000076293945,1289000
2020-12-03,34.099998474121094,35.29999923706055,33.70000076293945,34.45000076293945,2827728
2020-12-04,34.79999923706055,34.95000076293945,33.900001525878906,34.0,2044583
2020-12-07,34.25,34.349998474121094,32.54999923706055,32.599998474121094,3364229
2020-12-08,32.79999923706055,33.29999923706055,32.599998474121094,33.0,1049175
2020-12-09,33.349998474121094,34.0,33.0,33.75,1240000
2020-12-10,33.75,34.20000076293945,32.79999923706055,32.849998474121094,1243171
2020-12-11,31.0,31.5,29.600000381469727,29.600000381469727,7908331
2020-12-14,29.600000381469727,30.149999618530273,29.0,29.399999618530273,3890100
2020-12-15,29.200000762939453,29.799999237060547,27.049999237060547,27.75,5013147
2020-12-16,27.75,28.100000381469727,27.299999237060547,27.799999237060547,1255100
2020-12-17,27.799999237060547,28.299999237060547,27.549999237060547,27.799999237060547,876300
2020-12-18,27.799999237060547,29.200000762939453,27.799999237060547,28.350000381469727,1720010
2020-12-21,28.5,28.5,27.399999618530273,27.850000381469727,928300
2020-12-22,27.799999237060547,28.399999618530273,27.100000381469727,27.100000381469727,1050100
2020-12-23,27.200000762939453,28.399999618530273,27.200000762939453,27.700000762939453,666000
2020-12-24,27.899999618530273,28.299999237060547,27.799999237060547,27.850000381469727,567437
2020-12-25,27.950000762939453,28.5,27.600000381469727,27.75,1281005
2020-12-28,27.899999618530273,29.0,27.649999618530273,28.75,6039407
2020-12-29,28.75,28.75,28.049999237060547,28.049999237060547,1019005
2020-12-30,28.100000381469727,28.75,28.0,28.25,922092
2020-12-31,28.299999237060547,28.5,27.950000762939453,28.200000762939453,954210
2021-01-04,28.200000762939453,28.799999237060547,27.899999618530273,28.25,1223182
2021-01-05,28.649999618530273,29.850000381469727,28.5,29.399999618530273,2935020
2021-01-06,29.399999618530273,29.450000762939453,27.850000381469727,28.25,1762145
2021-01-07,28.549999237060547,28.850000381469727,28.049999237060547,28.299999237060547,572000
2021-01-08,28.399999618530273,28.399999618530273,27.700000762939453,27.799999237060547,667137
2021-01-11,28.200000762939453,28.700000762939453,28.0,28.350000381469727,1154200
2021-01-12,28.149999618530273,28.649999618530273,27.25,27.450000762939453,1036002
2021-01-13,27.600000381469727,28.399999618530273,27.600000381469727,28.0,724100
2021-01-14,28.0,29.950000762939453,28.0,29.299999237060547,3274158
2021-01-15,29.350000381469727,29.450000762939453,27.799999237060547,27.950000762939453,2148000
2021-01-18,28.5,29.350000381469727,27.5,29.049999237060547,2105010
2021-01-19,29.0,29.799999237060547,28.600000381469727,28.75,1667100
2021-01-20,28.75,29.200000762939453,27.600000381469727,27.950000762939453,1579281
2021-01-21,28.100000381469727,28.399999618530273,27.450000762939453,27.700000762939453,1052000
2021-01-22,27.450000762939453,28.25,27.399999618530273,27.649999618530273,3659100
2021-01-25,27.350000381469727,27.600000381469727,27.049999237060547,27.5,849079
2021-01-26,27.450000762939453,27.799999237060547,27.149999618530273,27.25,533300
2021-01-27,27.350000381469727,28.200000762939453,27.25,28.0,702000
2021-01-28,27.850000381469727,28.399999618530273,27.350000381469727,27.450000762939453,860000
2021-01-29,27.600000381469727,27.649999618530273,26.5,26.5,875302
2021-02-01,26.399999618530273,26.600000381469727,25.399999618530273,25.649999618530273,926002
2021-02-02,25.649999618530273,27.299999237060547,25.649999618530273,27.149999618530273,1053001
2021-02-03,27.149999618530273,27.5,26.5,26.549999237060547,521010
2021-02-04,26.549999237060547,26.899999618530273,26.200000762939453,26.5,429000
2021-02-05,26.600000381469727,26.600000381469727,25.899999618530273,26.200000762939453,643000
2021-02-17,27.399999618530273,28.350000381469727,27.100000381469727,27.850000381469727,1464000
2021-02-18,27.799999237060547,28.75,27.799999237060547,28.549999237060547,1197000
2021-02-19,28.0,29.0,28.0,28.799999237060547,1128000
2021-02-22,28.850000381469727,29.200000762939453,28.850000381469727,28.899999618530273,1133000
2021-02-23,29.0,29.299999237060547,28.799999237060547,29.049999237060547,846000
2021-02-24,29.0,29.200000762939453,28.350000381469727,28.350000381469727,1027002
2021-02-25,28.799999237060547,28.950000762939453,28.25,28.350000381469727,576219
2021-02-26,28.350000381469727,28.850000381469727,28.25,28.350000381469727,553010
2021-03-02,28.600000381469727,28.799999237060547,27.850000381469727,28.049999237060547,371000
2021-03-03,28.049999237060547,28.75,27.75,28.549999237060547,424590
2021-03-04,28.549999237060547,28.950000762939453,28.049999237060547,28.299999237060547,657000
2021-03-05,28.200000762939453,28.450000762939453,27.899999618530273,28.200000762939453,197213
2021-03-08,28.299999237060547,28.700000762939453,27.950000762939453,27.950000762939453,334002
2021-03-09,27.799999237060547,27.950000762939453,27.100000381469727,27.5,644000
2021-03-10,27.600000381469727,27.799999237060547,27.399999618530273,27.700000762939453,350000
2021-03-11,27.25,27.899999618530273,27.200000762939453,27.600000381469727,661005
2021-03-12,27.799999237060547,27.899999618530273,27.399999618530273,27.5,288280
2021-03-15,27.450000762939453,27.850000381469727,27.350000381469727,27.700000762939453,314224
2021-03-16,27.850000381469727,29.299999237060547,27.799999237060547,28.950000762939453,1561142
2021-03-17,29.25,29.299999237060547,28.149999618530273,28.200000762939453,1470300
2021-03-18,28.350000381469727,29.100000381469727,28.299999237060547,28.649999618530273,2120100
2021-03-19,28.649999618530273,29.200000762939453,28.200000762939453,28.950000762939453,1512263
2021-03-22,28.950000762939453,29.549999237060547,28.75,29.100000381469727,1240000
2021-03-23,29.200000762939453,29.450000762939453,28.5,28.899999618530273,1139011
2021-03-24,27.649999618530273,27.850000381469727,26.350000381469727,26.799999237060547,3293080
2021-03-25,27.200000762939453,27.200000762939453,26.600000381469727,26.700000762939453,785312
2021-03-26,26.850000381469727,27.0,26.399999618530273,26.549999237060547,824000
2021-03-29,26.600000381469727,26.600000381469727,26.100000381469727,26.299999237060547,897000
2021-03-30,26.450000762939453,26.899999618530273,26.399999618530273,26.649999618530273,553000
2021-03-31,26.899999618530273,27.25,26.450000762939453,27.0,1338500
2021-04-01,27.200000762939453,27.200000762939453,26.700000762939453,26.850000381469727,830000
2021-04-07,27.899999618530273,29.0,27.799999237060547,28.850000381469727,1782578
2021-04-08,29.0,29.649999618530273,28.799999237060547,29.549999237060547,2232700
2021-04-09,30.149999618530273,32.099998474121094,29.799999237060547,30.549999237060547,10993101
2021-04-12,31.299999237060547,31.299999237060547,29.799999237060547,30.200000762939453,1962000
2021-04-13,30.0,30.200000762939453,28.600000381469727,28.75,1715009
2021-04-14,28.850000381469727,29.100000381469727,27.299999237060547,28.299999237060547,1173122
2021-04-15,28.399999618530273,29.0,28.25,28.850000381469727,440178
2021-04-16,28.899999618530273,29.299999237060547,28.649999618530273,28.700000762939453,583000
2021-04-19,29.049999237060547,29.950000762939453,28.700000762939453,29.5,1051604
2021-04-20,29.549999237060547,31.799999237060547,29.049999237060547,31.450000762939453,3738305
2021-04-21,32.599998474121094,34.54999923706055,32.599998474121094,34.5,26774926
2021-04-22,34.5,35.099998474121094,31.399999618530273,32.25,13452146
2021-04-23,32.0,32.5,31.5,31.5,2063043
2021-04-26,31.549999237060547,32.25,31.100000381469727,31.25,1748028
2021-04-27,31.25,32.29999923706055,30.149999618530273,32.20000076293945,4499500
2021-04-28,31.799999237060547,31.899999618530273,31.25,31.700000762939453,1561050
2021-04-29,31.799999237060547,32.25,31.200000762939453,31.25,1181000
2021-05-03,31.0,31.25,29.399999618530273,29.5,1753000
2021-05-04,29.350000381469727,29.399999618530273,26.549999237060547,27.799999237060547,2091000
2021-05-05,28.0,28.700000762939453,27.700000762939453,27.899999618530273,436000
2021-05-06,28.049999237060547,28.649999618530273,27.200000762939453,27.549999237060547,526181
2021-05-07,27.299999237060547,28.25,27.299999237060547,28.25,737000
2021-05-10,28.100000381469727,28.100000381469727,27.0,27.399999618530273,830000
2021-05-11,26.799999237060547,26.799999237060547,24.700000762939453,24.75,2035159
2021-05-12,24.450000762939453,24.450000762939453,22.299999237060547,22.299999237060547,1950002
2021-05-13,20.5,21.75,20.100000381469727,20.399999618530273,2444000
2021-05-14,20.850000381469727,21.850000381469727,20.600000381469727,20.600000381469727,1094000
2021-05-17,18.600000381469727,20.399999618530273,18.600000381469727,18.899999618530273,1174213
2021-05-18,19.149999618530273,20.75,19.149999618530273,20.75,895000
2021-05-19,22.100000381469727,22.100000381469727,20.799999237060547,21.399999618530273,821200
2021-05-20,20.899999618530273,21.850000381469727,20.799999237060547,20.799999237060547,712104
2021-05-21,21.299999237060547,21.700000762939453,21.200000762939453,21.450000762939453,427006
2021-05-24,21.350000381469727,22.5,21.149999618530273,22.299999237060547,585287
2021-05-25,22.5,23.0,22.299999237060547,22.5,579005
2021-05-26,22.549999237060547,22.700000762939453,22.149999618530273,22.350000381469727,314024
2021-05-27,22.350000381469727,22.75,22.100000381469727,22.75,312000
2021-05-28,22.799999237060547,23.299999237060547,22.649999618530273,23.100000381469727,462162
2021-05-31,23.149999618530273,23.350000381469727,22.850000381469727,23.299999237060547,503102
2021-06-01,23.450000762939453,24.200000762939453,23.350000381469727,24.100000381469727,434000
2021-06-02,24.200000762939453,24.200000762939453,23.5,23.75,557000
2021-06-03,23.75,24.0,23.5,23.549999237060547,324000
2021-06-04,23.549999237060547,23.899999618530273,23.200000762939453,23.5,427000
2021-06-07,23.299999237060547,23.350000381469727,22.5,22.899999618530273,409003
2021-06-08,23.149999618530273,23.149999618530273,22.649999618530273,22.899999618530273,149176
2021-06-09,22.75,23.100000381469727,22.600000381469727,22.649999618530273,242118
2021-06-10,22.899999618530273,23.200000762939453,22.799999237060547,23.049999237060547,187000
2021-06-11,23.799999237060547,25.350000381469727,23.700000762939453,25.149999618530273,4337000
2021-06-15,24.950000762939453,25.0,24.100000381469727,24.5,2307590
2021-06-16,24.5,24.5,24.049999237060547,24.100000381469727,669000
2021-06-17,24.049999237060547,24.5,24.049999237060547,24.450000762939453,323000
2021-06-18,24.450000762939453,25.0,24.350000381469727,24.350000381469727,1352100
2021-06-21,23.450000762939453,24.0,23.200000762939453,23.200000762939453,869012
2021-06-22,23.5,23.700000762939453,22.75,22.75,469236
2021-06-23,22.799999237060547,23.75,22.799999237060547,23.700000762939453,438000
2021-06-24,23.950000762939453,24.299999237060547,23.700000762939453,23.899999618530273,385087
2021-06-25,23.899999618530273,24.100000381469727,23.549999237060547,23.700000762939453,434087
2021-06-28,23.600000381469727,24.200000762939453,23.399999618530273,24.0,426076
2021-06-29,24.200000762939453,24.200000762939453,23.350000381469727,23.350000381469727,444200
2021-06-30,23.5,23.549999237060547,23.0,23.149999618530273,313000
2021-07-01,23.399999618530273,23.450000762939453,22.899999618530273,22.950000762939453,806000
2021-07-02,22.950000762939453,23.649999618530273,22.950000762939453,23.100000381469727,292600
2021-07-05,23.100000381469727,24.0,23.100000381469727,23.950000762939453,609000
2021-07-06,23.950000762939453,24.100000381469727,23.5,23.5,309200
2021-07-07,23.5,23.799999237060547,23.399999618530273,23.5,238000
2021-07-08,23.600000381469727,24.0,23.350000381469727,23.5,1490150
2021-07-09,23.5,24.200000762939453,23.399999618530273,23.549999237060547,1331000
2021-07-12,23.549999237060547,23.549999237060547,23.200000762939453,23.200000762939453,578000
2021-07-13,23.25,23.75,23.100000381469727,23.149999618530273,622481
2021-07-14,23.299999237060547,23.399999618530273,22.700000762939453,22.799999237060547,488042
2021-07-15,23.049999237060547,23.399999618530273,22.899999618530273,23.399999618530273,334000
2021-07-16,23.200000762939453,23.850000381469727,23.149999618530273,23.450000762939453,413100
2021-07-19,23.5,23.549999237060547,23.149999618530273,23.399999618530273,410000
2021-07-20,23.100000381469727,23.100000381469727,22.600000381469727,22.600000381469727,447000
2021-07-21,23.0,23.399999618530273,22.399999618530273,22.549999237060547,4855003
2021-07-22,22.549999237060547,22.950000762939453,22.350000381469727,22.350000381469727,427000
2021-07-23,22.399999618530273,22.75,22.399999618530273,22.549999237060547,403150
2021-07-26,22.75,23.200000762939453,22.649999618530273,23.149999618530273,398500
2021-07-27,23.25,23.799999237060547,22.899999618530273,23.0,779000
2021-07-28,23.0,23.0,22.25,22.549999237060547,376000
2021-07-29,22.600000381469727,22.799999237060547,22.450000762939453,22.700000762939453,153005
2021-07-30,22.600000381469727,23.0,22.5,22.5,236040
2021-08-02,22.549999237060547,22.899999618530273,22.5,22.799999237060547,123000
2021-08-03,22.850000381469727,23.0,22.75,23.0,259000
2021-08-04,23.299999237060547,25.299999237060547,23.149999618530273,25.299999237060547,4729000
2021-08-05,26.0,27.450000762939453,25.049999237060547,27.25,7168450
2021-08-06,26.5,26.5,24.549999237060547,24.600000381469727,4036723
2021-08-09,24.549999237060547,25.299999237060547,23.649999618530273,24.049999237060547,10421005
2021-08-10,23.399999618530273,23.75,23.0,23.350000381469727,1188100
2021-08-11,23.350000381469727,23.350000381469727,22.25,22.399999618530273,640002
2021-08-12,22.5,23.299999237060547,22.5,22.799999237060547,287000
2021-08-13,22.799999237060547,22.799999237060547,20.850000381469727,21.25,1141005
2021-08-16,21.0,21.450000762939453,20.600000381469727,20.899999618530273,418075
2021-08-17,21.049999237060547,21.049999237060547,20.399999618530273,20.399999618530273,361002
2021-08-18,20.0,21.0,19.850000381469727,21.0,542350
2021-08-19,20.799999237060547,21.299999237060547,20.149999618530273,20.149999618530273,793002
2021-08-20,20.299999237060547,20.350000381469727,20.0,20.100000381469727,172000
2021-08-23,20.350000381469727,20.649999618530273,20.350000381469727,20.649999618530273,171000
2021-08-24,20.700000762939453,20.700000762939453,20.350000381469727,20.350000381469727,242000
2021-08-25,20.350000381469727,21.049999237060547,20.350000381469727,20.899999618530273,170653
2021-08-26,20.899999618530273,21.0,20.700000762939453,20.899999618530273,139000
2021-08-27,20.799999237060547,21.149999618530273,20.799999237060547,21.149999618530273,118000
2021-08-30,21.200000762939453,21.549999237060547,21.0,21.200000762939453,142000
2021-08-31,21.299999237060547,21.350000381469727,20.950000762939453,21.049999237060547,113000
2021-09-01,21.049999237060547,21.649999618530273,21.049999237060547,21.5,213029
2021-09-02,21.600000381469727,21.799999237060547,21.25,21.649999618530273,250100
2021-09-03,21.649999618530273,22.100000381469727,21.450000762939453,22.100000381469727,254000
2021-09-06,22.100000381469727,22.299999237060547,21.450000762939453,21.850000381469727,362000
2021-09-07,21.950000762939453,22.0,21.600000381469727,22.0,130000
2021-09-08,21.700000762939453,21.850000381469727,21.5,21.5,158000
2021-09-09,21.649999618530273,21.700000762939453,21.299999237060547,21.649999618530273,173000
2021-09-10,21.799999237060547,21.899999618530273,21.549999237060547,21.899999618530273,137000
2021-09-13,22.299999237060547,22.75,21.950000762939453,21.950000762939453,626015
2021-09-14,22.200000762939453,22.200000762939453,21.75,22.0,217000
2021-09-15,21.950000762939453,21.950000762939453,21.700000762939453,21.899999618530273,130000
2021-09-16,22.0,22.0,21.450000762939453,21.549999237060547,145000
2021-09-17,21.899999618530273,21.899999618530273,21.399999618530273,21.649999618530273,100000
2021-09-22,21.200000762939453,21.299999237060547,20.5,21.0,347000
2021-09-23,21.149999618530273,21.25,20.950000762939453,21.200000762939453,111000
2021-09-24,21.25,21.399999618530273,21.200000762939453,21.25,131000
2021-09-27,21.25,21.700000762939453,21.25,21.450000762939453,299000
2021-09-28,21.549999237060547,21.549999237060547,21.25,21.350000381469727,174000
2021-09-29,21.200000762939453,21.200000762939453,20.649999618530273,20.649999618530273,317097
2021-09-30,20.649999618530273,20.899999618530273,20.5,20.850000381469727,172100
2021-10-01,20.799999237060547,20.799999237060547,20.299999237060547,20.350000381469727,415000
2021-10-04,20.399999618530273,20.399999618530273,19.799999237060547,19.850000381469727,300010
2021-10-05,19.600000381469727,20.299999237060547,19.450000762939453,20.200000762939453,103000
2021-10-06,20.450000762939453,20.450000762939453,19.799999237060547,19.950000762939453,104000
2021-10-07,19.75,20.700000762939453,19.75,20.450000762939453,218000
2021-10-08,20.299999237060547,20.799999237060547,20.299999237060547,20.299999237060547,102050
2021-10-12,20.25,20.350000381469727,19.950000762939453,20.149999618530273,109000
2021-10-13,20.5,20.5,19.700000762939453,19.899999618530273,162000
2021-10-14,19.899999618530273,20.100000381469727,19.700000762939453,20.100000381469727,134195
2021-10-15,20.149999618530273,20.799999237060547,20.100000381469727,20.5,151000
2021-10-18,20.5,20.75,20.149999618530273,20.700000762939453,166000
2021-10-19,20.899999618530273,21.25,20.799999237060547,21.049999237060547,227000
2021-10-20,20.899999618530273,21.25,20.899999618530273,21.100000381469727,104005
2021-10-21,21.25,21.25,20.950000762939453,21.100000381469727,210000
2021-10-22,21.100000381469727,21.200000762939453,20.899999618530273,21.0,176000
2021-10-25,21.100000381469727,21.450000762939453,20.850000381469727,21.299999237060547,322019
2021-10-26,21.450000762939453,22.100000381469727,21.450000762939453,21.799999237060547,442000
2021-10-27,21.850000381469727,23.950000762939453,21.850000381469727,23.899999618530273,2443000
2021-10-28,23.5,23.600000381469727,22.100000381469727,22.299999237060547,1595100
2021-10-29,22.350000381469727,22.450000762939453,21.75,21.75,511503
2021-11-01,21.700000762939453,22.350000381469727,21.700000762939453,22.0,213000
2021-11-02,22.299999237060547,22.700000762939453,21.799999237060547,21.850000381469727,364000
2021-11-03,21.899999618530273,22.450000762939453,21.899999618530273,22.100000381469727,233002
2021-11-04,22.399999618530273,22.850000381469727,22.299999237060547,22.399999618530273,479361
2021-11-05,23.25,23.25,22.399999618530273,22.450000762939453,434300
2021-11-08,22.5,22.5,22.100000381469727,22.200000762939453,156010
2021-11-09,22.149999618530273,22.450000762939453,22.0,22.0,152000
2021-11-10,22.049999237060547,22.850000381469727,22.049999237060547,22.350000381469727,417045
2021-11-11,22.899999618530273,23.100000381469727,22.25,22.450000762939453,614000
2021-11-12,22.649999618530273,23.0,22.549999237060547,22.549999237060547,542000
2021-11-15,22.850000381469727,24.149999618530273,22.799999237060547,23.799999237060547,1987000
2021-11-16,24.100000381469727,24.950000762939453,24.100000381469727,24.25,2083220
2021-11-17,24.25,24.75,24.100000381469727,24.75,1173216
2021-11-18,24.75,25.350000381469727,24.5,24.649999618530273,2048198
2021-11-19,24.950000762939453,25.350000381469727,24.600000381469727,24.899999618530273,1075982
2021-11-22,24.899999618530273,25.600000381469727,24.75,25.399999618530273,1027064
2021-11-23,25.399999618530273,25.399999618530273,24.5,24.700000762939453,912100
2021-11-24,25.100000381469727,25.200000762939453,24.549999237060547,24.700000762939453,544000
2021-11-25,24.850000381469727,24.950000762939453,24.549999237060547,24.549999237060547,308300
2021-11-26,24.600000381469727,24.700000762939453,23.899999618530273,23.899999618530273,533663
2021-11-29,23.5,24.649999618530273,23.149999618530273,24.399999618530273,601000
2021-11-30,24.799999237060547,25.0,24.600000381469727,24.75,547000
2021-12-01,24.700000762939453,24.950000762939453,24.299999237060547,24.899999618530273,339100
2021-12-02,24.899999618530273,24.950000762939453,23.899999618530273,24.049999237060547,446500
2021-12-03,24.149999618530273,24.700000762939453,24.100000381469727,24.399999618530273,223001
2021-12-06,24.700000762939453,24.700000762939453,24.350000381469727,24.5,153050
2021-12-07,24.5,24.549999237060547,24.149999618530273,24.25,222070
2021-12-08,24.5,24.5,24.149999618530273,24.25,228002
2021-12-09,24.399999618530273,24.899999618530273,24.399999618530273,24.75,373000
2021-12-10,24.899999618530273,25.899999618530273,24.549999237060547,25.799999237060547,1723752
2021-12-13,26.799999237060547,28.149999618530273,25.850000381469727,27.399999618530273,5263200
2021-12-14,27.149999618530273,27.399999618530273,26.149999618530273,26.149999618530273,2535000
2021-12-15,26.5,27.75,26.049999237060547,27.549999237060547,2465221
2021-12-16,27.850000381469727,28.0,27.0,27.100000381469727,2058250
2021-12-17,27.049999237060547,27.25,26.25,26.299999237060547,1247080
2021-12-20,25.899999618530273,26.899999618530273,25.899999618530273,26.549999237060547,775009
2021-12-21,26.700000762939453,28.799999237060547,26.450000762939453,28.75,3654856
2021-12-22,28.950000762939453,29.399999618530273,28.350000381469727,29.100000381469727,9411577
2021-12-23,29.5,29.549999237060547,28.149999618530273,28.299999237060547,3516000
2021-12-24,28.450000762939453,28.5,27.549999237060547,27.649999618530273,1827818
2021-12-27,27.850000381469727,28.299999237060547,27.700000762939453,27.850000381469727,991200
2021-12-28,27.899999618530273,28.700000762939453,27.700000762939453,28.700000762939453,1939632
2021-12-29,28.799999237060547,29.25,27.799999237060547,27.799999237060547,5693090
2021-12-30,27.899999618530273,27.899999618530273,27.049999237060547,27.149999618530273,1276100
2022-01-03,27.25,27.399999618530273,26.799999237060547,26.950000762939453,779185
2022-01-04,27.149999618530273,27.149999618530273,26.549999237060547,26.549999237060547,1124290
2022-01-05,26.549999237060547,26.75,26.049999237060547,26.149999618530273,763000
2022-01-06,26.0,26.5,25.899999618530273,25.950000762939453,718000
2022-01-07,26.0,26.049999237060547,24.850000381469727,24.950000762939453,1281100
2022-01-10,24.950000762939453,25.700000762939453,24.899999618530273,25.399999618530273,396159
2022-01-11,24.899999618530273,24.899999618530273,24.299999237060547,24.399999618530273,919071
2022-01-12,24.649999618530273,24.649999618530273,23.950000762939453,24.0,548000
2022-01-13,24.100000381469727,24.200000762939453,23.600000381469727,23.700000762939453,541010
2022-01-14,23.549999237060547,23.700000762939453,22.850000381469727,23.149999618530273,882000
2022-01-17,23.299999237060547,24.049999237060547,23.299999237060547,24.0,450130
2022-01-18,24.200000762939453,24.649999618530273,23.850000381469727,24.100000381469727,544000
2022-01-19,24.0,24.350000381469727,23.75,24.350000381469727,204030
2022-01-20,24.399999618530273,24.700000762939453,24.25,24.649999618530273,419000
2022-01-21,24.399999618530273,24.649999618530273,24.049999237060547,24.049999237060547,384000
2022-01-24,24.0,24.0,23.100000381469727,23.950000762939453,303001
2022-01-25,23.399999618530273,23.850000381469727,23.25,23.350000381469727,268500
2022-01-26,23.350000381469727,23.600000381469727,23.049999237060547,23.299999237060547,265000
2022-02-07,23.899999618530273,24.5,23.75,24.399999618530273,404010
2022-02-08,24.5,24.950000762939453,24.5,24.899999618530273,318000
2022-02-09,24.899999618530273,25.100000381469727,24.700000762939453,25.100000381469727,185000
2022-02-10,25.200000762939453,25.200000762939453,24.700000762939453,24.799999237060547,163250
2022-02-11,24.600000381469727,24.799999237060547,24.450000762939453,24.600000381469727,162000
2022-02-14,23.5,23.75,23.25,23.399999618530273,437000
2022-02-15,23.100000381469727,23.649999618530273,23.100000381469727,23.399999618530273,183200
2022-02-16,23.5,23.850000381469727,23.399999618530273,23.549999237060547,159000
2022-02-17,23.549999237060547,23.899999618530273,23.549999237060547,23.600000381469727,116000
2022-02-18,23.5,23.950000762939453,23.399999618530273,23.799999237060547,175000
2022-02-21,23.549999237060547,23.700000762939453,23.450000762939453,23.700000762939453,142620
2022-02-22,23.75,23.75,22.799999237060547,23.399999618530273,338000
2022-02-23,23.399999618530273,23.600000381469727,23.25,23.549999237060547,155001
2022-02-24,23.200000762939453,23.299999237060547,22.549999237060547,22.700000762939453,269006
2022-02-25,23.100000381469727,23.100000381469727,22.450000762939453,23.0,310000
2022-03-01,22.850000381469727,23.100000381469727,22.700000762939453,22.75,628221
2022-03-02,22.75,23.0,22.75,22.899999618530273,121000
2022-03-03,23.0,23.100000381469727,22.75,22.799999237060547,268000
2022-03-04,22.700000762939453,22.950000762939453,22.450000762939453,22.600000381469727,176000
2022-03-07,22.600000381469727,22.600000381469727,21.0,21.049999237060547,630132
2022-03-08,20.950000762939453,21.100000381469727,20.149999618530273,20.350000381469727,317000
2022-03-09,20.75,20.850000381469727,20.450000762939453,20.450000762939453,381170
2022-03-10,21.0,21.399999618530273,20.700000762939453,21.200000762939453,222000
2022-03-11,21.149999618530273,21.299999237060547,21.0,21.200000762939453,101070
2022-03-14,20.899999618530273,21.149999618530273,20.799999237060547,20.850000381469727,167156
2022-03-15,20.75,20.799999237060547,20.200000762939453,20.25,224000
2022-03-16,20.5,20.5,20.200000762939453,20.299999237060547,123607
2022-03-17,20.75,21.25,20.75,21.149999618530273,260634
2022-03-18,21.25,22.100000381469727,21.200000762939453,21.899999618530273,415000
2022-03-21,22.100000381469727,22.100000381469727,21.649999618530273,21.75,139000
2022-03-22,21.649999618530273,21.950000762939453,21.649999618530273,21.850000381469727,86002
2022-03-23,21.950000762939453,22.149999618530273,21.75,21.850000381469727,172000
2022-03-24,21.75,22.049999237060547,21.75,22.0,89100
2022-03-25,22.0,22.5,21.950000762939453,22.350000381469727,458000
2022-03-28,22.350000381469727,22.350000381469727,21.600000381469727,21.850000381469727,164000
2022-03-29,21.850000381469727,22.200000762939453,21.700000762939453,21.899999618530273,157000
2022-03-30,22.0,22.25,22.0,22.149999618530273,102000
2022-03-31,22.149999618530273,22.149999618530273,21.75,21.75,91000
2022-04-01,21.600000381469727,21.600000381469727,21.299999237060547,21.399999618530273,173001
2022-04-06,21.399999618530273,21.600000381469727,21.149999618530273,21.25,102145
2022-04-07,21.25,21.5,20.799999237060547,21.0,159003
2022-04-08,21.0,21.299999237060547,21.0,21.149999618530273,137050
2022-04-11,21.149999618530273,21.149999618530273,20.25,20.299999237060547,264193
2022-04-12,20.100000381469727,20.350000381469727,19.950000762939453,20.200000762939453,191000
2022-04-13,20.350000381469727,20.600000381469727,20.350000381469727,20.5,168000
2022-04-14,20.649999618530273,20.649999618530273,20.299999237060547,20.399999618530273,100045
2022-04-15,20.5,20.549999237060547,19.899999618530273,19.950000762939453,268000
2022-04-18,19.850000381469727,20.200000762939453,19.799999237060547,20.0,180000
2022-04-19,20.200000762939453,20.700000762939453,20.200000762939453,20.5,164000
2022-04-20,20.549999237060547,20.700000762939453,20.350000381469727,20.350000381469727,162085
2022-04-21,20.450000762939453,20.799999237060547,20.399999618530273,20.450000762939453,185015
2022-04-22,20.399999618530273,20.700000762939453,20.149999618530273,20.149999618530273,149025
2022-04-25,20.149999618530273,20.149999618530273,19.600000381469727,19.700000762939453,209045
2022-04-26,19.950000762939453,19.950000762939453,19.5,19.600000381469727,93000
2022-04-27,19.299999237060547,19.299999237060547,18.600000381469727,19.0,224095
2022-04-28,19.0,19.649999618530273,18.950000762939453,19.600000381469727,86000
2022-04-29,19.549999237060547,20.0,19.549999237060547,19.799999237060547,84000
2022-05-03,19.600000381469727,19.899999618530273,19.600000381469727,19.799999237060547,31000
2022-05-04,19.75,20.100000381469727,19.75,20.049999237060547,77000
2022-05-05,20.200000762939453,20.700000762939453,20.200000762939453,20.549999237060547,129000
2022-05-06,20.399999618530273,20.549999237060547,19.899999618530273,20.350000381469727,86000
2022-05-09,20.399999618530273,20.399999618530273,19.600000381469727,19.600000381469727,93030
2022-05-10,19.399999618530273,19.649999618530273,19.200000762939453,19.549999237060547,117100
2022-05-11,19.299999237060547,19.450000762939453,19.100000381469727,19.149999618530273,92000
2022-05-12,19.0,19.149999618530273,18.5,18.549999237060547,180000
2022-05-13,18.899999618530273,19.100000381469727,18.649999618530273,19.049999237060547,134000
2022-05-16,19.350000381469727,19.399999618530273,18.75,18.799999237060547,169000
2022-05-17,19.0,19.100000381469727,18.799999237060547,18.899999618530273,80000
2022-05-18,19.0,19.200000762939453,18.850000381469727,19.049999237060547,104000
2022-05-19,18.700000762939453,18.850000381469727,18.549999237060547,18.700000762939453,160000
2022-05-20,18.75,19.149999618530273,18.75,18.899999618530273,116020
2022-05-23,19.0,19.149999618530273,18.899999618530273,19.0,91016
2022-05-24,19.100000381469727,19.200000762939453,18.899999618530273,18.950000762939453,75030
2022-05-25,19.0,19.299999237060547,18.899999618530273,19.25,187000
2022-05-26,19.350000381469727,19.600000381469727,19.200000762939453,19.450000762939453,116000
2022-05-27,19.399999618530273,19.899999618530273,19.399999618530273,19.75,179000
2022-05-30,19.799999237060547,20.299999237060547,19.799999237060547,20.100000381469727,166000
2022-05-31,19.950000762939453,20.200000762939453,19.899999618530273,20.149999618530273,44000
2022-06-01,20.149999618530273,20.549999237060547,20.149999618530273,20.25,297000
2022-06-02,20.25,20.5,20.149999618530273,20.350000381469727,211000
2022-06-06,20.399999618530273,20.899999618530273,20.350000381469727,20.75,223000
2022-06-07,20.75,20.75,20.100000381469727,20.25,90005
2022-06-08,20.25,20.5,20.200000762939453,20.299999237060547,57000
2022-06-09,20.149999618530273,20.5,20.0,20.25,50000
2022-06-10,20.049999237060547,20.25,20.0,20.100000381469727,107017
2022-06-13,19.899999618530273,19.899999618530273,19.200000762939453,19.200000762939453,145000
2022-06-14,19.200000762939453,19.299999237060547,18.899999618530273,19.100000381469727,126000
2022-06-15,19.200000762939453,19.700000762939453,19.200000762939453,19.549999237060547,79095
2022-06-16,19.700000762939453,19.75,19.049999237060547,19.049999237060547,107000
2022-06-17,19.0,19.149999618530273,18.850000381469727,19.100000381469727,93000
2022-06-20,19.0,19.600000381469727,18.149999618530273,18.149999618530273,196000
2022-06-21,18.149999618530273,18.600000381469727,18.149999618530273,18.5,184000
2022-06-22,18.600000381469727,18.600000381469727,17.799999237060547,18.149999618530273,162060
2022-06-23,18.0,18.649999618530273,17.75,18.299999237060547,149416
2022-06-24,18.5,18.649999618530273,18.0,18.350000381469727,133000
2022-06-27,18.5,18.799999237060547,18.5,18.549999237060547,94000
2022-06-28,18.549999237060547,18.549999237060547,18.200000762939453,18.200000762939453,85000
2022-06-29,18.5,18.5,17.950000762939453,18.100000381469727,46000
2022-06-30,18.100000381469727,18.100000381469727,17.5,17.799999237060547,184100
2022-07-01,17.649999618530273,18.200000762939453,16.549999237060547,16.549999237060547,171000
2022-07-04,16.600000381469727,17.0,16.299999237060547,16.399999618530273,227000
2022-07-05,16.700000762939453,17.0,16.399999618530273,16.899999618530273,96000
2022-07-06,17.0,17.0,16.299999237060547,16.299999237060547,73000
2022-07-07,16.700000762939453,16.950000762939453,16.450000762939453,16.75,51316
2022-07-08,16.950000762939453,17.200000762939453,16.850000381469727,17.0,136000
2022-07-11,16.899999618530273,17.049999237060547,16.649999618530273,17.0,73000
2022-07-12,17.0,17.0,15.850000381469727,15.850000381469727,208000
2022-07-13,16.25,16.450000762939453,16.100000381469727,16.149999618530273,89030
2022-07-14,16.0,16.899999618530273,16.0,16.899999618530273,126000
2022-07-15,16.850000381469727,17.049999237060547,16.799999237060547,17.0,57000
2022-07-18,17.0,17.450000762939453,17.0,17.350000381469727,71000
2022-07-19,17.0,19.049999237060547,17.0,19.049999237060547,410000
2022-07-20,19.5,20.899999618530273,19.149999618530273,19.450000762939453,1182000
2022-07-21,19.399999618530273,19.899999618530273,19.350000381469727,19.5,285000
2022-07-22,19.700000762939453,19.700000762939453,19.0,19.399999618530273,108000
2022-07-25,19.399999618530273,19.399999618530273,19.0,19.0,81000
2022-07-26,18.950000762939453,19.200000762939453,18.700000762939453,19.200000762939453,131000
2022-07-27,19.0,19.299999237060547,18.850000381469727,19.200000762939453,75000
2022-07-28,19.200000762939453,19.25,18.649999618530273,18.649999618530273,121000
2022-07-29,18.649999618530273,19.0,18.049999237060547,19.0,231000
2022-08-01,19.0,19.450000762939453,18.899999618530273,19.25,133000
2022-08-02,19.350000381469727,19.350000381469727,18.5,18.700000762939453,151000
2022-08-03,18.850000381469727,18.899999618530273,18.100000381469727,18.149999618530273,79100
2022-08-04,18.25,18.299999237060547,17.700000762939453,18.100000381469727,106095
2022-08-05,18.100000381469727,18.5,18.100000381469727,18.450000762939453,78000
2022-08-08,18.200000762939453,18.799999237060547,18.149999618530273,18.700000762939453,180000
2022-08-09,19.0,19.899999618530273,18.649999618530273,19.200000762939453,385070
2022-08-10,19.399999618530273,19.399999618530273,18.899999618530273,19.0,149046
2022-08-11,19.350000381469727,19.350000381469727,18.5,18.700000762939453,381145
2022-08-12,19.0,20.549999237060547,19.0,20.549999237060547,1616018
2022-08-15,22.0,22.600000381469727,21.700000762939453,22.600000381469727,2042000
2022-08-16,22.600000381469727,23.200000762939453,22.100000381469727,22.5,5498118
2022-08-17,22.5,22.600000381469727,21.700000762939453,22.149999618530273,1777000
2022-08-18,22.0,23.350000381469727,21.799999237060547,22.399999618530273,2733000
2022-08-19,22.799999237060547,22.799999237060547,21.899999618530273,22.049999237060547,1043000
2022-08-22,21.75,22.799999237060547,21.600000381469727,22.25,691000
2022-08-23,22.049999237060547,22.149999618530273,21.700000762939453,21.899999618530273,359000
2022-08-24,22.0,22.450000762939453,21.700000762939453,21.700000762939453,489000
2022-08-25,21.799999237060547,22.200000762939453,21.700000762939453,22.149999618530273,351000
2022-08-26,22.299999237060547,22.450000762939453,21.950000762939453,22.0,542000
2022-08-29,21.5,21.5,21.0,21.149999618530273,495000
2022-08-30,21.299999237060547,21.700000762939453,21.299999237060547,21.450000762939453,211100
2022-08-31,21.450000762939453,21.850000381469727,21.450000762939453,21.549999237060547,235000
2022-09-01,21.600000381469727,22.100000381469727,21.600000381469727,21.600000381469727,317000
2022-09-02,21.600000381469727,21.700000762939453,21.5,21.549999237060547,119000
2022-09-05,21.549999237060547,21.649999618530273,20.25,20.25,484000
2022-09-06,20.25,20.5,19.5,19.5,481112
2022-09-07,19.5,19.649999618530273,19.200000762939453,19.600000381469727,172000
2022-09-08,19.950000762939453,20.049999237060547,19.700000762939453,19.899999618530273,120010
2022-09-12,20.5,21.049999237060547,20.299999237060547,20.649999618530273,375000
2022-09-13,20.700000762939453,20.799999237060547,20.450000762939453,20.549999237060547,180050
2022-09-14,19.700000762939453,20.549999237060547,19.700000762939453,20.549999237060547,283001
2022-09-15,20.5,20.899999618530273,20.5,20.850000381469727,92000
2022-09-16,20.5,21.0,20.450000762939453,20.549999237060547,152000
2022-09-19,20.600000381469727,21.100000381469727,20.5,20.75,259000
2022-09-20,20.799999237060547,20.950000762939453,20.549999237060547,20.75,165000
2022-09-21,20.649999618530273,20.850000381469727,20.549999237060547,20.75,98000
2022-09-22,20.399999618530273,20.600000381469727,20.149999618530273,20.549999237060547,133000
2022-09-23,20.799999237060547,21.200000762939453,20.450000762939453,20.700000762939453,227000
2022-09-26,20.75,20.75,18.649999618530273,19.0,861000
2022-09-27,19.149999618530273,19.149999618530273,18.5,19.0,260000
2022-09-28,19.0,19.200000762939453,17.75,17.75,507130
2022-09-29,17.950000762939453,18.75,17.950000762939453,18.649999618530273,222000
2022-09-30,18.200000762939453,18.75,18.0,18.75,154000
2022-10-03,18.549999237060547,18.75,18.100000381469727,18.549999237060547,112000
2022-10-04,18.899999618530273,19.25,18.75,18.75,119000
2022-10-05,19.0,19.299999237060547,18.950000762939453,19.0,74000
2022-10-06,19.049999237060547,19.299999237060547,19.049999237060547,19.100000381469727,41000
2022-10-07,18.899999618530273,19.549999237060547,18.899999618530273,19.399999618530273,108015
2022-10-11,19.450000762939453,19.450000762939453,18.549999237060547,18.899999618530273,177000
2022-10-12,18.799999237060547,18.950000762939453,18.350000381469727,18.799999237060547,124000
2022-10-13,18.700000762939453,18.700000762939453,17.100000381469727,17.450000762939453,370000
2022-10-14,17.700000762939453,18.399999618530273,17.700000762939453,18.100000381469727,159000
2022-10-17,17.700000762939453,17.799999237060547,17.350000381469727,17.75,175000
2022-10-18,18.149999618530273,18.149999618530273,17.700000762939453,17.799999237060547,139000
2022-10-19,18.049999237060547,19.549999237060547,18.049999237060547,19.549999237060547,882000
2022-10-20,19.549999237060547,19.600000381469727,18.399999618530273,18.549999237060547,1382006
2022-10-21,18.899999618530273,18.899999618530273,18.049999237060547,18.049999237060547,403000
2022-10-24,18.350000381469727,18.600000381469727,18.200000762939453,18.25,119000
2022-10-25,18.200000762939453,18.399999618530273,18.100000381469727,18.299999237060547,102000
2022-10-26,18.350000381469727,18.450000762939453,17.899999618530273,17.899999618530273,99000
2022-10-27,18.0,18.399999618530273,18.0,18.299999237060547,87000
2022-10-28,18.149999618530273,18.299999237060547,18.0,18.299999237060547,61000
2022-10-31,18.350000381469727,18.549999237060547,18.350000381469727,18.399999618530273,58000
2022-11-01,18.549999237060547,20.200000762939453,18.549999237060547,19.350000381469727,1308000
2022-11-02,19.350000381469727,19.350000381469727,18.799999237060547,19.049999237060547,392728
2022-11-03,18.950000762939453,19.549999237060547,18.950000762939453,19.350000381469727,213000
2022-11-04,19.450000762939453,19.700000762939453,19.299999237060547,19.600000381469727,96000
2022-11-07,19.700000762939453,20.700000762939453,19.549999237060547,19.850000381469727,307000
2022-11-08,20.100000381469727,20.399999618530273,19.649999618530273,19.799999237060547,177000
2022-11-09,21.350000381469727,21.75,21.350000381469727,21.75,2860090
2022-11-10,22.5,22.649999618530273,20.700000762939453,21.350000381469727,4463120
2022-11-11,21.450000762939453,22.0,20.5,20.5,1567172
2022-11-14,20.5,21.200000762939453,20.5,20.600000381469727,321000
2022-11-15,21.0,21.350000381469727,20.100000381469727,20.549999237060547,538000
2022-11-16,20.700000762939453,20.700000762939453,20.25,20.25,198000
2022-11-17,20.200000762939453,21.0,20.200000762939453,20.850000381469727,379000
2022-11-18,21.0,21.049999237060547,20.549999237060547,20.600000381469727,200000
2022-11-21,20.600000381469727,21.299999237060547,20.5,20.850000381469727,337120
2022-11-22,21.0,21.0,20.450000762939453,20.549999237060547,209002
2022-11-23,20.649999618530273,20.700000762939453,20.5,20.5,126000
2022-11-24,20.649999618530273,21.049999237060547,20.600000381469727,20.600000381469727,135000
2022-11-25,20.549999237060547,21.25,20.549999237060547,20.600000381469727,331000
2022-11-28,20.600000381469727,20.700000762939453,20.350000381469727,20.600000381469727,92000
2022-11-29,20.450000762939453,21.100000381469727,20.450000762939453,20.950000762939453,170000
2022-11-30,20.950000762939453,21.450000762939453,20.850000381469727,21.200000762939453,311000
2022-12-01,21.549999237060547,22.649999618530273,21.549999237060547,21.549999237060547,2064138
2022-12-02,21.5,21.850000381469727,21.399999618530273,21.799999237060547,305050
2022-12-05,22.0,22.25,21.649999618530273,21.700000762939453,336000
2022-12-06,21.899999618530273,21.899999618530273,21.200000762939453,21.350000381469727,206951
2022-12-07,21.600000381469727,21.600000381469727,20.600000381469727,20.75,340000
2022-12-08,20.75,21.0,20.549999237060547,20.700000762939453,106000
2022-12-09,21.100000381469727,21.100000381469727,20.799999237060547,20.850000381469727,75000
2022-12-12,20.350000381469727,20.350000381469727,19.600000381469727,20.149999618530273,317000
2022-12-13,20.149999618530273,20.149999618530273,20.0,20.0,122000
2022-12-14,20.0,20.25,19.899999618530273,20.049999237060547,159005
2022-12-15,20.399999618530273,20.399999618530273,20.0,20.100000381469727,143008
2022-12-16,20.100000381469727,20.100000381469727,19.75,19.899999618530273,107000
2022-12-19,19.799999237060547,19.899999618530273,19.549999237060547,19.75,94000
2022-12-20,19.75,19.75,19.100000381469727,19.149999618530273,161005
2022-12-21,19.200000762939453,19.549999237060547,19.200000762939453,19.549999237060547,75000
2022-12-22,19.600000381469727,19.799999237060547,19.5,19.700000762939453,131000
2022-12-23,19.299999237060547,19.799999237060547,19.299999237060547,19.600000381469727,38000
2022-12-26,19.850000381469727,19.850000381469727,19.549999237060547,19.600000381469727,64000
2022-12-27,19.850000381469727,19.899999618530273,19.549999237060547,19.549999237060547,66000
2022-12-28,19.649999618530273,19.75,19.450000762939453,19.450000762939453,96000
2022-12-29,19.299999237060547,19.5,19.200000762939453,19.399999618530273,65000
2022-12-30,19.399999618530273,19.649999618530273,19.399999618530273,19.399999618530273,40000
2023-01-03,19.299999237060547,19.600000381469727,19.100000381469727,19.5,70000
2023-01-04,19.5,20.25,19.5,20.0,211000
2023-01-05,20.0,20.799999237060547,20.0,20.299999237060547,253600
2023-01-06,20.299999237060547,20.399999618530273,20.100000381469727,20.399999618530273,95000
2023-01-09,20.5,20.649999618530273,20.299999237060547,20.350000381469727,90000
2023-01-10,20.299999237060547,20.350000381469727,20.149999618530273,20.200000762939453,50578
2023-01-11,20.200000762939453,20.350000381469727,19.950000762939453,20.0,82000
2023-01-12,20.399999618530273,20.399999618530273,19.600000381469727,19.600000381469727,49000
2023-01-13,19.649999618530273,20.450000762939453,19.450000762939453,19.549999237060547,80000
2023-01-16,19.799999237060547,19.799999237060547,19.350000381469727,19.549999237060547,67000
2023-01-17,19.600000381469727,19.899999618530273,19.450000762939453,19.700000762939453,65145
2023-01-30,20.149999618530273,20.299999237060547,20.0,20.100000381469727,111000
2023-01-31,20.100000381469727,20.299999237060547,19.899999618530273,20.200000762939453,77000
2023-02-01,20.350000381469727,20.649999618530273,20.149999618530273,20.350000381469727,124600
2023-02-02,20.5,21.5,20.5,21.100000381469727,353050
2023-02-03,21.450000762939453,21.450000762939453,20.700000762939453,20.75,121000
2023-02-06,20.299999237060547,20.600000381469727,20.299999237060547,20.549999237060547,142020
2023-02-07,20.5,20.75,20.450000762939453,20.5,43000
2023-02-08,20.75,20.899999618530273,20.600000381469727,20.600000381469727,91000
2023-02-09,20.75,20.75,20.399999618530273,20.450000762939453,136238
2023-02-10,20.5,20.5,20.25,20.299999237060547,92000
2023-02-13,20.149999618530273,20.200000762939453,20.0,20.049999237060547,106000
2023-02-14,20.100000381469727,20.399999618530273,20.0,20.100000381469727,82000
2023-02-15,20.350000381469727,20.350000381469727,20.100000381469727,20.149999618530273,127000
2023-02-16,20.25,20.75,20.25,20.600000381469727,201096
2023-02-17,20.399999618530273,20.700000762939453,20.350000381469727,20.5,74000
2023-02-20,20.5,20.700000762939453,20.5,20.600000381469727,71000
2023-02-21,20.649999618530273,20.75,20.5,20.600000381469727,121000
2023-02-22,20.649999618530273,20.649999618530273,20.25,20.350000381469727,131004
2023-02-23,20.299999237060547,20.5,20.299999237060547,20.5,113000
2023-02-24,20.549999237060547,20.549999237060547,20.299999237060547,20.399999618530273,75003
2023-03-01,20.399999618530273,20.5,20.200000762939453,20.200000762939453,101000
2023-03-02,20.399999618530273,20.399999618530273,20.100000381469727,20.399999618530273,84000
2023-03-03,20.399999618530273,20.399999618530273,20.299999237060547,20.399999618530273,63000
2023-03-06,20.399999618530273,20.950000762939453,20.399999618530273,20.899999618530273,443451
2023-03-07,20.899999618530273,21.200000762939453,20.700000762939453,20.799999237060547,324000
2023-03-08,20.799999237060547,21.049999237060547,20.399999618530273,21.049999237060547,302000
2023-03-09,21.049999237060547,21.299999237060547,20.799999237060547,20.799999237060547,214000
2023-03-10,20.549999237060547,20.600000381469727,20.25,20.450000762939453,177001
2023-03-13,20.0,21.299999237060547,20.0,20.899999618530273,401000
2023-03-14,20.799999237060547,21.450000762939453,20.700000762939453,20.75,362100
2023-03-15,20.75,20.899999618530273,20.450000762939453,20.450000762939453,165000
2023-03-16,20.149999618530273,20.700000762939453,20.149999618530273,20.149999618530273,287000
2023-03-17,20.450000762939453,20.450000762939453,20.200000762939453,20.200000762939453,80000
2023-03-20,20.350000381469727,20.450000762939453,20.100000381469727,20.350000381469727,181000
2023-03-21,20.5,20.5,20.350000381469727,20.450000762939453,117000
2023-03-22,20.649999618530273,21.200000762939453,20.600000381469727,20.799999237060547,289000
2023-03-23,20.850000381469727,22.850000381469727,20.850000381469727,22.850000381469727,3079728
2023-03-24,23.5,24.299999237060547,22.850000381469727,23.649999618530273,5330440
2023-03-27,23.600000381469727,24.0,23.0,23.25,1323200
2023-03-28,23.25,23.950000762939453,22.600000381469727,23.100000381469727,1128000
2023-03-29,23.5,23.5,22.899999618530273,22.950000762939453,457000
2023-03-30,23.299999237060547,23.950000762939453,22.75,23.350000381469727,1254104
2023-03-31,23.5,23.600000381469727,23.200000762939453,23.450000762939453,406000
2023-04-06,23.200000762939453,23.450000762939453,22.899999618530273,23.149999618530273,409000
2023-04-07,23.399999618530273,24.399999618530273,23.299999237060547,24.0,1390100
2023-04-10,24.25,24.25,23.25,23.299999237060547,741060
2023-04-11,23.450000762939453,23.799999237060547,23.149999618530273,23.700000762939453,618514
2023-04-12,23.5,24.25,23.399999618530273,24.100000381469727,679100
2023-04-13,24.600000381469727,26.350000381469727,24.399999618530273,24.799999237060547,3517975
2023-04-14,25.100000381469727,25.100000381469727,24.350000381469727,25.0,808089
2023-04-17,24.799999237060547,25.5,24.700000762939453,25.5,1343000
2023-04-18,25.600000381469727,25.700000762939453,25.399999618530273,25.450000762939453,842000
2023-04-19,25.5,26.0,25.25,25.850000381469727,1030000
2023-04-20,25.850000381469727,26.0,24.600000381469727,24.75,979134
2023-04-21,24.5,24.899999618530273,23.5,23.700000762939453,769014
2023-04-24,23.700000762939453,24.350000381469727,23.700000762939453,23.950000762939453,375059
2023-04-25,23.950000762939453,23.950000762939453,22.600000381469727,22.899999618530273,584000
2023-04-26,22.700000762939453,23.450000762939453,22.5,23.299999237060547,367000
2023-04-27,23.350000381469727,23.600000381469727,22.850000381469727,22.950000762939453,213257
2023-04-28,23.25,23.399999618530273,23.149999618530273,23.299999237060547,137000
2023-05-02,23.5,23.950000762939453,23.299999237060547,23.399999618530273,203000
2023-05-03,23.200000762939453,24.299999237060547,22.950000762939453,24.149999618530273,657580
2023-05-04,23.950000762939453,24.799999237060547,23.600000381469727,24.600000381469727,620890
2023-05-05,24.600000381469727,24.600000381469727,24.149999618530273,24.149999618530273,168000
2023-05-08,24.25,24.799999237060547,23.950000762939453,24.600000381469727,392000
2023-05-09,24.549999237060547,25.450000762939453,24.100000381469727,24.549999237060547,800311
2023-05-10,25.049999237060547,25.649999618530273,24.350000381469727,25.25,912529
2023-05-11,25.299999237060547,25.299999237060547,24.549999237060547,24.649999618530273,765000
2023-05-12,24.5,24.799999237060547,24.149999618530273,24.549999237060547,311017
2023-05-15,24.899999618530273,25.5,24.5,25.5,757121
2023-05-16,25.5,26.299999237060547,25.5,25.600000381469727,1084000
2023-05-17,25.700000762939453,27.850000381469727,25.700000762939453,26.75,4018539
2023-05-18,27.600000381469727,27.799999237060547,26.600000381469727,26.850000381469727,1728044
2023-05-19,27.100000381469727,27.450000762939453,26.200000762939453,26.600000381469727,988999
2023-05-22,26.700000762939453,28.649999618530273,26.649999618530273,28.450000762939453,2220200
2023-05-23,28.450000762939453,28.75,27.700000762939453,28.049999237060547,1004020
2023-05-24,28.049999237060547,28.100000381469727,27.350000381469727,27.649999618530273,673647
2023-05-25,27.950000762939453,28.049999237060547,26.700000762939453,26.700000762939453,840075
2023-05-26,27.049999237060547,27.450000762939453,26.299999237060547,26.299999237060547,634000
2023-05-29,26.799999237060547,27.700000762939453,26.600000381469727,27.0,718437
2023-05-30,27.450000762939453,27.700000762939453,27.049999237060547,27.299999237060547,856960
2023-05-31,27.350000381469727,28.200000762939453,27.350000381469727,27.799999237060547,847020
2023-06-01,27.850000381469727,28.200000762939453,27.350000381469727,28.049999237060547,483000
2023-06-02,28.0,28.299999237060547,27.75,28.0,664000
2023-06-05,28.149999618530273,28.799999237060547,28.149999618530273,28.799999237060547,893033
2023-06-06,28.850000381469727,29.399999618530273,28.649999618530273,29.299999237060547,1618206
2023-06-07,29.450000762939453,30.0,29.100000381469727,29.5,1083251
2023-06-08,29.600000381469727,30.200000762939453,29.5,29.75,1777000
2023-06-09,30.0,30.299999237060547,29.200000762939453,29.200000762939453,1243000
2023-06-12,29.200000762939453,29.200000762939453,28.200000762939453,28.850000381469727,1110160
2023-06-13,29.399999618530273,29.950000762939453,28.399999618530273,28.549999237060547,1326000
2023-06-14,28.899999618530273,28.899999618530273,28.299999237060547,28.299999237060547,609078
2023-06-15,28.399999618530273,28.549999237060547,27.799999237060547,28.299999237060547,529599
2023-06-16,28.5,28.5,27.950000762939453,28.0,428055
2023-06-19,27.899999618530273,28.100000381469727,27.700000762939453,27.850000381469727,306180
2023-06-20,28.299999237060547,28.299999237060547,27.75,27.799999237060547,381000
2023-06-21,28.0,28.200000762939453,27.799999237060547,28.100000381469727,310000
2023-06-26,28.0,28.149999618530273,27.399999618530273,27.399999618530273,515000
2023-06-27,27.399999618530273,27.450000762939453,26.649999618530273,26.649999618530273,720276
2023-06-28,26.700000762939453,28.299999237060547,26.700000762939453,27.850000381469727,690009
2023-06-29,28.100000381469727,28.899999618530273,28.0,28.350000381469727,1005000
2023-06-30,28.450000762939453,29.299999237060547,28.25,29.200000762939453,1632048
2023-07-03,29.5,32.099998474121094,29.5,31.0,7592606
2023-07-04,31.0,32.650001525878906,30.799999237060547,32.25,4105200
2023-07-05,32.29999923706055,33.099998474121094,31.549999237060547,31.75,2161299
2023-07-06,31.75,32.20000076293945,31.399999618530273,31.850000381469727,1154417
2023-07-07,31.75,31.75,30.100000381469727,31.149999618530273,2150207
2023-07-10,31.299999237060547,32.849998474121094,31.299999237060547,32.400001525878906,3239042
2023-07-11,33.0,33.099998474121094,32.20000076293945,32.900001525878906,2406613
2023-07-12,33.29999923706055,33.599998474121094,32.45000076293945,32.650001525878906,1557300
2023-07-13,33.099998474121094,33.70000076293945,32.5,32.900001525878906,3596972
2023-07-14,33.20000076293945,34.5,33.099998474121094,34.45000076293945,4663936
2023-07-17,37.849998474121094,37.849998474121094,37.849998474121094,37.849998474121094,2225145
2023-07-18,41.599998474121094,41.599998474121094,37.25,39.5,15988645
2023-07-19,40.5,41.5,36.75,36.75,7161664
2023-07-20,36.79999923706055,37.29999923706055,35.20000076293945,35.29999923706055,3724833
2023-07-21,34.79999923706055,35.25,33.849998474121094,34.099998474121094,2621051
2023-07-24,34.45000076293945,34.5,33.099998474121094,33.400001525878906,2326720
2023-07-25,33.70000076293945,36.400001525878906,33.650001525878906,34.75,4614168
2023-07-26,34.400001525878906,34.400001525878906,32.650001525878906,32.70000076293945,3076420
2023-07-27,33.04999923706055,33.900001525878906,32.75,33.650001525878906,1310030
2023-07-28,34.0,34.95000076293945,33.54999923706055,34.5,4429000
2023-07-31,34.849998474121094,36.150001525878906,33.400001525878906,33.400001525878906,3878497
2023-08-01,33.650001525878906,34.04999923706055,31.850000381469727,31.850000381469727,2712999
2023-08-02,31.850000381469727,32.29999923706055,30.549999237060547,30.75,1964020
2023-08-04,30.75,31.299999237060547,30.149999618530273,30.950000762939453,946100
2023-08-07,31.149999618530273,31.899999618530273,30.600000381469727,31.799999237060547,713100
2023-08-08,31.549999237060547,32.75,31.549999237060547,32.45000076293945,1395544
2023-08-09,35.0,35.5,34.349998474121094,34.5,5550315
2023-08-10,34.5,35.70000076293945,33.099998474121094,33.599998474121094,3967399
2023-08-11,33.349998474121094,33.349998474121094,31.25,31.299999237060547,2788358
2023-08-14,31.0,32.20000076293945,30.950000762939453,32.099998474121094,1481387
2023-08-15,32.75,33.900001525878906,32.29999923706055,33.29999923706055,1685030
2023-08-16,33.29999923706055,34.099998474121094,32.5,33.95000076293945,1347120
2023-08-17,33.650001525878906,34.900001525878906,33.150001525878906,34.75,1941349
2023-08-18,34.900001525878906,34.900001525878906,33.650001525878906,33.900001525878906,1385000
2023-08-21,34.45000076293945,35.150001525878906,34.25,35.04999923706055,2495100
2023-08-22,35.20000076293945,35.20000076293945,33.599998474121094,34.0,2292067
2023-08-23,33.650001525878906,34.400001525878906,33.29999923706055,33.29999923706055,1105057
2023-08-24,34.0,34.099998474121094,32.599998474121094,32.70000076293945,1357010
2023-08-25,32.599998474121094,33.20000076293945,32.099998474121094,32.70000076293945,746000
2023-08-28,33.0,33.29999923706055,31.700000762939453,33.099998474121094,1322000
2023-08-29,34.0,34.400001525878906,33.54999923706055,33.900001525878906,1446100
2023-08-30,33.650001525878906,34.25,33.650001525878906,33.900001525878906,589000
2023-08-31,33.900001525878906,34.349998474121094,33.150001525878906,34.04999923706055,964100
2023-09-01,34.150001525878906,34.349998474121094,33.900001525878906,34.099998474121094,825000
2023-09-04,34.29999923706055,34.45000076293945,33.70000076293945,34.150001525878906,646075
2023-09-05,34.150001525878906,35.0,33.650001525878906,33.70000076293945,1116402
2023-09-06,33.95000076293945,33.95000076293945,32.900001525878906,33.0,1007000
2023-09-07,33.04999923706055,33.20000076293945,32.45000076293945,32.75,993250
2023-09-08,32.54999923706055,33.45000076293945,32.349998474121094,33.099998474121094,665000
2023-09-11,33.650001525878906,34.25,32.79999923706055,33.54999923706055,1460447
2023-09-12,33.54999923706055,34.5,33.45000076293945,34.5,1793020
2023-09-13,35.0,35.849998474121094,33.70000076293945,35.54999923706055,5243090
2023-09-14,35.900001525878906,37.45000076293945,35.70000076293945,36.349998474121094,8225105
2023-09-15,36.5,36.75,35.20000076293945,35.5,2646330
2023-09-18,35.0,36.150001525878906,34.849998474121094,36.099998474121094,1455379
2023-09-19,36.45000076293945,37.849998474121094,35.900001525878906,36.349998474121094,7150063
2023-09-20,36.0,36.349998474121094,35.099998474121094,36.349998474121094,2380000
2023-09-21,36.400001525878906,36.79999923706055,35.29999923706055,36.79999923706055,2279133
2023-09-22,35.849998474121094,37.04999923706055,35.75,36.79999923706055,1848167
2023-09-25,36.79999923706055,37.0,36.04999923706055,36.04999923706055,1312110
2023-09-26,36.0,36.5,35.29999923706055,35.599998474121094,1849300
2023-09-27,35.95000076293945,36.29999923706055,35.25,36.29999923706055,1109120
2023-09-28,36.29999923706055,37.400001525878906,36.25,36.849998474121094,2115000
2023-10-02,37.5,37.599998474121094,36.650001525878906,36.849998474121094,1465000
2023-10-03,37.0,37.900001525878906,37.0,37.099998474121094,2797300
2023-10-04,36.79999923706055,39.20000076293945,36.400001525878906,38.5,5761300
2023-10-05,38.45000076293945,38.79999923706055,37.5,37.79999923706055,2589083
2023-10-06,37.650001525878906,38.099998474121094,37.099998474121094,37.25,1804330
2023-10-11,36.04999923706055,36.5,33.54999923706055,33.54999923706055,4026452
2023-10-12,33.54999923706055,33.54999923706055,31.600000381469727,31.75,5155754
2023-10-13,31.75,32.150001525878906,30.950000762939453,31.0,3696250
2023-10-16,30.950000762939453,31.399999618530273,30.299999237060547,30.350000381469727,1498286
2023-10-17,30.700000762939453,30.850000381469727,29.850000381469727,30.0,1416200
2023-10-18,30.0,30.5,29.350000381469727,29.5,1347200
2023-10-19,29.5,30.25,28.899999618530273,30.200000762939453,1674565
2023-10-20,29.700000762939453,30.25,29.100000381469727,29.200000762939453,1291500
2023-10-23,29.049999237060547,30.149999618530273,29.049999237060547,29.700000762939453,714200
2023-10-24,29.649999618530273,30.549999237060547,29.649999618530273,30.25,801100
2023-10-25,30.299999237060547,31.950000762939453,30.299999237060547,31.799999237060547,1592060
2023-10-26,31.299999237060547,32.45000076293945,31.0,31.5,2959243
2023-10-27,31.649999618530273,32.599998474121094,31.299999237060547,31.799999237060547,2408020
2023-10-30,31.950000762939453,32.25,31.649999618530273,31.899999618530273,661010
2023-10-31,32.0,32.29999923706055,31.399999618530273,31.399999618530273,827400
2023-11-01,31.75,31.850000381469727,30.75,30.850000381469727,792200
2023-11-02,31.25,31.75,31.200000762939453,31.399999618530273,513400
2023-11-03,32.45000076293945,33.099998474121094,32.04999923706055,32.54999923706055,3738100
2023-11-06,32.75,32.95000076293945,31.799999237060547,31.799999237060547,1434150
2023-11-07,31.950000762939453,33.20000076293945,31.5,33.0,2692150
2023-11-08,33.29999923706055,33.79999923706055,32.849998474121094,33.25,2905063
2023-11-09,33.25,33.29999923706055,32.75,33.0,1031000
2023-11-10,33.0,33.150001525878906,32.29999923706055,32.45000076293945,640000
2023-11-13,32.0,32.25,31.75,32.150001525878906,990100
2023-11-14,32.04999923706055,33.29999923706055,32.04999923706055,33.04999923706055,1040140
2023-11-15,33.79999923706055,34.45000076293945,33.70000076293945,33.849998474121094,3327300
2023-11-16,34.25,36.0,34.20000076293945,35.29999923706055,6487812
2023-11-17,34.900001525878906,37.0,34.75,36.849998474121094,8270795
2023-11-20,36.79999923706055,36.900001525878906,36.20000076293945,36.29999923706055,2545000
2023-11-21,37.29999923706055,39.900001525878906,37.25,39.900001525878906,14407610
2023-11-22,39.849998474121094,43.849998474121094,39.650001525878906,43.849998474121094,10221094
2023-11-23,46.5,47.54999923706055,42.79999923706055,45.0,30632329
2023-11-24,45.0,48.79999923706055,43.5,45.04999923706055,17938687
2023-11-27,44.79999923706055,45.70000076293945,43.04999923706055,43.849998474121094,5352900
2023-11-28,43.900001525878906,46.0,43.75,44.95000076293945,7813298
2023-11-29,44.95000076293945,46.0,44.099998474121094,46.0,6074000
2023-11-30,47.650001525878906,48.599998474121094,44.0,44.79999923706055,9932334
2023-12-01,44.5,45.5,43.79999923706055,44.04999923706055,2916080
2023-12-04,44.70000076293945,44.70000076293945,42.599998474121094,42.599998474121094,3651530
2023-12-05,42.599998474121094,43.0,41.29999923706055,41.349998474121094,2789100
2023-12-06,42.20000076293945,42.25,41.099998474121094,41.099998474121094,1953000
2023-12-07,40.900001525878906,41.400001525878906,40.20000076293945,40.25,1851500
2023-12-08,40.79999923706055,41.5,40.150001525878906,40.45000076293945,2091150
2023-12-11,40.54999923706055,44.45000076293945,40.400001525878906,44.45000076293945,7966852
2023-12-12,45.45000076293945,46.54999923706055,44.099998474121094,45.75,20814282
2023-12-13,45.400001525878906,49.75,45.150001525878906,47.5,25045618
2023-12-14,48.20000076293945,48.349998474121094,44.79999923706055,45.349998474121094,12348310
2023-12-15,45.29999923706055,45.599998474121094,44.0,44.0,4535500
2023-12-18,43.95000076293945,45.79999923706055,43.79999923706055,44.95000076293945,4465100
2023-12-19,44.95000076293945,44.95000076293945,42.75,44.650001525878906,5071068
2023-12-20,44.79999923706055,47.29999923706055,44.79999923706055,46.29999923706055,8351980
2023-12-21,45.5,46.849998474121094,45.29999923706055,45.45000076293945,3450060
2023-12-22,46.0,47.20000076293945,45.349998474121094,46.04999923706055,5400120
2023-12-25,46.5,47.900001525878906,44.599998474121094,46.45000076293945,8465400
2023-12-26,47.20000076293945,49.150001525878906,46.650001525878906,48.400001525878906,17166188
2023-12-27,48.5,49.20000076293945,47.20000076293945,47.650001525878906,12667168
2023-12-28,47.599998474121094,48.79999923706055,46.70000076293945,46.849998474121094,6911101
2023-12-29,46.900001525878906,49.0,45.900001525878906,48.099998474121094,9623829
2024-01-02,47.900001525878906,48.79999923706055,46.599998474121094,46.849998474121094,4026379
2024-01-03,46.04999923706055,47.150001525878906,45.599998474121094,46.0,3662460
2024-01-04,46.0,46.75,44.70000076293945,44.79999923706055,3842172
2024-01-05,44.79999923706055,45.650001525878906,44.349998474121094,44.70000076293945,2480803
2024-01-08,44.95000076293945,45.400001525878906,44.45000076293945,44.45000076293945,1168158
2024-01-09,45.0,45.400001525878906,43.349998474121094,44.099998474121094,1779171
2024-01-10,43.70000076293945,44.70000076293945,43.599998474121094,43.650001525878906,1797086
2024-01-11,43.79999923706055,44.95000076293945,43.70000076293945,44.70000076293945,1552400
2024-01-12,44.099998474121094,44.45000076293945,43.599998474121094,44.0,1519926
2024-01-15,44.099998474121094,48.400001525878906,44.099998474121094,48.400001525878906,9061718
2024-01-16,49.70000076293945,53.20000076293945,48.5,53.20000076293945,31329245
2024-01-17,53.900001525878906,54.79999923706055,48.54999923706055,48.95000076293945,37937418
2024-01-18,49.599998474121094,50.29999923706055,46.900001525878906,47.349998474121094,13386088
2024-01-19,47.849998474121094,48.20000076293945,47.0,47.5,5376040
2024-01-22,48.0,49.75,47.70000076293945,48.650001525878906,9909646
2024-01-23,49.20000076293945,51.400001525878906,48.54999923706055,49.29999923706055,11146202
2024-01-24,49.5,53.5,49.099998474121094,51.70000076293945,20497338
2024-01-25,51.099998474121094,56.79999923706055,50.29999923706055,56.79999923706055,32665144
2024-01-26,57.79999923706055,57.79999923706055,54.70000076293945,55.400001525878906,51199995
2024-01-29,55.29999923706055,56.900001525878906,54.599998474121094,56.5,20101546
2024-01-30,56.0,57.20000076293945,54.70000076293945,55.29999923706055,19649991
2024-01-31,54.79999923706055,59.5,54.599998474121094,58.0,25172260
2024-02-01,58.099998474121094,62.400001525878906,56.900001525878906,57.29999923706055,35280145
2024-02-02,58.400001525878906,59.099998474121094,56.29999923706055,56.599998474121094,12265210
2024-02-05,56.599998474121094,57.0,55.20000076293945,55.29999923706055,5560237
2024-02-15,56.29999923706055,56.79999923706055,54.70000076293945,55.0,4639922
2024-02-16,55.20000076293945,55.70000076293945,53.5,55.099998474121094,7210207
2024-02-19,55.79999923706055,55.79999923706055,53.20000076293945,53.5,4696068
2024-02-20,53.70000076293945,54.900001525878906,53.0,53.70000076293945,3995114
2024-02-21,53.79999923706055,56.599998474121094,53.400001525878906,56.0,7320453
2024-02-22,56.099998474121094,56.79999923706055,53.70000076293945,53.70000076293945,6971852
2024-02-23,54.20000076293945,54.5,51.70000076293945,51.70000076293945,5304188
2024-02-26,51.599998474121094,53.79999923706055,51.5,52.70000076293945,3381234
2024-02-27,53.099998474121094,53.599998474121094,50.70000076293945,52.0,2763301
2024-02-29,52.400001525878906,52.400001525878906,51.0,51.0,2226359
2024-03-01,51.70000076293945,52.5,50.79999923706055,52.20000076293945,3196734
2024-03-04,52.29999923706055,57.400001525878906,52.29999923706055,56.29999923706055,22156234
2024-03-05,57.0,58.400001525878906,56.0,58.099998474121094,24607451
2024-03-06,58.0,58.70000076293945,56.5,57.0,7495405
2024-03-07,57.099998474121094,57.599998474121094,52.5,52.599998474121094,7941028
2024-03-08,53.0,53.099998474121094,49.70000076293945,50.099998474121094,4363200
2024-03-11,50.29999923706055,52.400001525878906,50.099998474121094,51.400001525878906,2234368
2024-03-12,51.5,52.79999923706055,51.400001525878906,51.900001525878906,1780023
2024-03-13,52.70000076293945,52.900001525878906,50.400001525878906,51.0,1571572
2024-03-14,51.0,53.79999923706055,50.29999923706055,53.70000076293945,6066141
2024-03-15,53.29999923706055,54.0,51.5,51.5,2479259
2024-03-18,51.900001525878906,53.5,51.099998474121094,53.5,2562171
2024-03-19,54.0,55.599998474121094,53.599998474121094,54.400001525878906,8087002
2024-03-20,54.20000076293945,55.20000076293945,53.20000076293945,54.400001525878906,3327125
2024-03-21,55.79999923706055,57.0,54.5,55.5,8793070
2024-03-22,55.099998474121094,55.79999923706055,54.099998474121094,54.20000076293945,2760465
2024-03-25,54.29999923706055,55.29999923706055,53.20000076293945,53.599998474121094,1779314
2024-03-26,53.70000076293945,53.900001525878906,51.5,51.79999923706055,2803036
2024-03-27,52.099998474121094,52.400001525878906,51.599998474121094,51.70000076293945,1307154
2024-03-28,51.70000076293945,52.29999923706055,50.599998474121094,51.29999923706055,1779783
2024-03-29,51.599998474121094,51.599998474121094,50.79999923706055,50.900001525878906,724000
2024-04-01,51.70000076293945,53.79999923706055,51.70000076293945,53.099998474121094,3857147
2024-04-02,52.5,53.599998474121094,52.29999923706055,53.099998474121094,1140300
2024-04-03,53.0,54.20000076293945,52.599998474121094,53.400001525878906,1973024
2024-04-08,53.900001525878906,54.79999923706055,53.5,53.599998474121094,1992250
2024-04-09,53.599998474121094,54.0,52.70000076293945,53.70000076293945,972100
2024-04-10,53.70000076293945,55.099998474121094,53.400001525878906,53.599998474121094,2558315
2024-04-11,53.599998474121094,53.599998474121094,51.599998474121094,51.599998474121094,1959361
2024-04-12,52.0,52.099998474121094,51.0,51.20000076293945,1356025
2024-04-15,51.20000076293945,51.20000076293945,50.0,50.0,1329970
2024-04-16,49.54999923706055,49.54999923706055,46.75,46.75,1687810
2024-04-17,47.29999923706055,48.099998474121094,47.29999923706055,47.29999923706055,810300
2024-04-18,47.0,47.95000076293945,46.20000076293945,46.20000076293945,1170023
2024-04-19,46.0,46.20000076293945,43.79999923706055,44.79999923706055,1891133
2024-04-22,44.79999923706055,45.29999923706055,43.29999923706055,43.29999923706055,1388400
2024-04-23,43.599998474121094,44.900001525878906,43.25,44.0,686057
2024-04-24,44.5,45.0,44.400001525878906,44.54999923706055,632600
2024-04-25,44.650001525878906,44.79999923706055,43.650001525878906,43.75,643040
2024-04-26,43.95000076293945,44.70000076293945,43.70000076293945,43.70000076293945,574100
2024-04-29,43.79999923706055,44.70000076293945,43.79999923706055,44.5,698000
2024-04-30,44.599998474121094,45.25,44.099998474121094,44.099998474121094,822030
2024-05-02,44.150001525878906,44.349998474121094,43.5,44.20000076293945,515000
2024-05-03,44.54999923706055,44.849998474121094,43.70000076293945,44.04999923706055,633100
2024-05-06,44.45000076293945,44.599998474121094,43.900001525878906,44.29999923706055,456097
2024-05-07,44.650001525878906,44.79999923706055,43.5,44.20000076293945,596000
2024-05-08,44.0,44.75,44.0,44.349998474121094,501370
2024-05-09,44.54999923706055,45.20000076293945,43.5,43.5,710000
2024-05-10,43.650001525878906,43.79999923706055,42.70000076293945,43.79999923706055,944000
2024-05-13,43.79999923706055,44.75,42.099998474121094,43.5,2097000
2024-05-14,44.0,46.5,44.0,44.099998474121094,4007001
2024-05-15,44.599998474121094,45.349998474121094,44.20000076293945,44.650001525878906,968000
2024-05-16,45.25,47.5,44.75,46.5,4995010
2024-05-17,46.400001525878906,49.29999923706055,45.95000076293945,48.599998474121094,9040714
2024-05-20,46.849998474121094,47.70000076293945,46.599998474121094,46.70000076293945,2121986
2024-05-21,46.5,49.70000076293945,45.900001525878906,49.400001525878906,4835858
2024-05-22,49.400001525878906,52.0,49.099998474121094,51.400001525878906,8070885
2024-05-23,51.70000076293945,51.70000076293945,50.400001525878906,51.20000076293945,3369695
2024-05-24,52.099998474121094,54.5,51.5,52.599998474121094,12704076
2024-05-27,52.79999923706055,57.29999923706055,52.79999923706055,56.0,11342630
2024-05-28,56.5,57.29999923706055,54.79999923706055,55.20000076293945,5189184
2024-05-29,56.400001525878906,56.400001525878906,54.099998474121094,54.20000076293945,2938164
2024-05-30,53.599998474121094,54.099998474121094,52.29999923706055,52.5,2251016
2024-05-31,52.79999923706055,53.20000076293945,51.79999923706055,52.70000076293945,1824060
2024-06-03,53.70000076293945,56.29999923706055,53.5,54.0,6548567
2024-06-04,54.0,54.400001525878906,52.0,52.20000076293945,1902249
2024-06-05,52.5,53.099998474121094,50.70000076293945,50.70000076293945,1199049
2024-06-06,51.70000076293945,51.70000076293945,50.29999923706055,50.5,1124037
2024-06-07,51.0,51.099998474121094,50.400001525878906,50.599998474121094,739100
2024-06-11,52.0,52.29999923706055,50.29999923706055,51.20000076293945,1311106
2024-06-12,51.599998474121094,51.599998474121094,50.29999923706055,51.0,802000
2024-06-13,51.29999923706055,51.5,50.5,50.5,849209
2024-06-14,50.900001525878906,52.70000076293945,50.79999923706055,50.79999923706055,1168100
2024-06-17,50.79999923706055,52.20000076293945,50.79999923706055,51.5,809060
2024-06-18,52.29999923706055,52.29999923706055,51.0,51.0,667150
2024-06-19,51.400001525878906,52.0,50.29999923706055,50.29999923706055,965861
2024-06-20,50.099998474121094,51.900001525878906,50.099998474121094,51.20000076293945,1293002
2024-06-21,51.400001525878906,53.70000076293945,50.900001525878906,53.29999923706055,3121110
2024-06-24,53.70000076293945,53.900001525878906,51.20000076293945,51.400001525878906,3599634
2024-06-25,52.0,53.599998474121094,50.29999923706055,53.400001525878906,4127250
2024-06-26,54.099998474121094,55.0,52.70000076293945,52.79999923706055,4044500
2024-06-27,52.900001525878906,53.400001525878906,51.5,51.5,1487379
2024-06-28,52.20000076293945,52.599998474121094,50.900001525878906,51.099998474121094,1013000
2024-07-01,51.400001525878906,51.400001525878906,50.599998474121094,50.70000076293945,874096
2024-07-02,50.70000076293945,51.29999923706055,50.20000076293945,50.29999923706055,871000
2024-07-03,50.900001525878906,51.099998474121094,50.400001525878906,50.5,725000
2024-07-04,50.70000076293945,51.29999923706055,50.29999923706055,50.5,1000442
2024-07-05,50.79999923706055,52.70000076293945,50.29999923706055,52.20000076293945,1872111
2024-07-08,52.599998474121094,53.599998474121094,50.79999923706055,51.400001525878906,2086000
2024-07-09,51.5,51.599998474121094,49.099998474121094,49.849998474121094,2023056
2024-07-10,50.0,52.400001525878906,49.849998474121094,51.29999923706055,1612439
2024-07-11,51.29999923706055,51.29999923706055,50.099998474121094,50.29999923706055,1156428
2024-07-12,49.849998474121094,50.0,49.25,49.25,1104288
2024-07-15,49.349998474121094,49.599998474121094,48.099998474121094,48.20000076293945,960015
2024-07-16,48.5,48.5,47.25,47.25,1110425
2024-07-17,48.0,48.20000076293945,47.25,47.25,618000
2024-07-18,47.0,47.599998474121094,46.20000076293945,46.599998474121094,728000
2024-07-19,47.349998474121094,47.349998474121094,45.29999923706055,45.29999923706055,786118
2024-07-22,45.25,45.25,43.79999923706055,44.0,1052007
2024-07-23,44.20000076293945,44.79999923706055,44.099998474121094,44.099998474121094,445300
2024-07-26,42.95000076293945,44.599998474121094,42.95000076293945,44.0,443097
2024-07-29,44.20000076293945,44.75,42.75,42.75,504150
2024-07-30,42.70000076293945,43.79999923706055,41.95000076293945,43.25,649207
2024-07-31,43.25,44.5,42.79999923706055,43.54999923706055,280000
2024-08-01,44.04999923706055,44.900001525878906,44.04999923706055,44.70000076293945,368095
2024-08-02,44.04999923706055,44.54999923706055,42.599998474121094,42.599998474121094,461024
2024-08-05,41.099998474121094,41.150001525878906,37.45000076293945,37.45000076293945,1167159
2024-08-06,37.45000076293945,38.599998474121094,33.75,35.349998474121094,2008442
2024-08-07,36.349998474121094,38.849998474121094,36.20000076293945,38.849998474121094,748200
2024-08-08,37.900001525878906,39.849998474121094,37.900001525878906,38.79999923706055,779000
2024-08-09,40.5,41.599998474121094,39.04999923706055,39.400001525878906,614076
2024-08-12,39.79999923706055,40.75,39.75,40.150001525878906,318006
2024-08-13,40.25,40.45000076293945,39.70000076293945,39.95000076293945,256025
2024-08-14,40.75,41.349998474121094,40.29999923706055,40.70000076293945,456050
2024-08-15,41.20000076293945,41.20000076293945,40.45000076293945,40.5,171000
2024-08-16,41.20000076293945,41.54999923706055,40.79999923706055,41.04999923706055,472085
2024-08-19,41.599998474121094,44.349998474121094,40.900001525878906,43.599998474121094,1567070
2024-08-20,43.599998474121094,43.95000076293945,43.25,43.599998474121094,547200
2024-08-21,43.349998474121094,44.0,43.099998474121094,43.349998474121094,355014
2024-08-22,43.5,43.849998474121094,43.20000076293945,43.5,317095
2024-08-23,43.400001525878906,44.0,43.099998474121094,44.0,354025
2024-08-26,43.900001525878906,45.0,43.75,44.150001525878906,617225
2024-08-27,44.099998474121094,44.400001525878906,43.79999923706055,43.900001525878906,195000
2024-08-28,43.900001525878906,46.099998474121094,43.900001525878906,45.29999923706055,1377150
2024-08-29,45.099998474121094,45.25,44.5,44.79999923706055,508000
2024-08-30,45.099998474121094,45.54999923706055,43.95000076293945,43.95000076293945,432039
2024-09-02,44.099998474121094,44.70000076293945,43.849998474121094,44.04999923706055,357000
2024-09-03,44.04999923706055,44.5,43.0,43.0,348121
2024-09-04,41.45000076293945,41.79999923706055,40.0,41.0,584108
2024-09-05,41.650001525878906,42.04999923706055,40.54999923706055,40.75,283300
2024-09-06,40.95000076293945,41.79999923706055,40.5,41.400001525878906,298300
2024-09-09,39.849998474121094,41.599998474121094,39.849998474121094,41.54999923706055,246210
2024-09-10,41.95000076293945,42.45000076293945,39.75,40.20000076293945,452237
2024-09-11,40.25,40.599998474121094,39.599998474121094,39.599998474121094,177010
2024-09-12,40.20000076293945,40.650001525878906,39.79999923706055,40.0,729031
2024-09-13,40.150001525878906,40.75,40.150001525878906,40.650001525878906,131020
2024-09-16,40.79999923706055,41.95000076293945,40.75,41.349998474121094,367000
2024-09-18,41.70000076293945,41.79999923706055,40.79999923706055,40.79999923706055,749000
2024-09-19,41.0,41.5,40.29999923706055,41.0,553000
2024-09-20,41.75,42.0,41.0,41.54999923706055,386129
2024-09-23,41.70000076293945,41.70000076293945,41.099998474121094,41.45000076293945,220131
2024-09-24,41.45000076293945,44.04999923706055,40.400001525878906,43.54999923706055,2009250
2024-09-25,43.900001525878906,44.900001525878906,43.150001525878906,43.849998474121094,2199000
2024-09-26,43.79999923706055,45.20000076293945,43.099998474121094,44.5,1456025
2024-09-27,44.849998474121094,45.5,43.650001525878906,44.20000076293945,1190050
2024-09-30,44.20000076293945,44.75,43.400001525878906,43.70000076293945,1082000
2024-10-01,44.0,44.0,43.099998474121094,43.150001525878906,452226
2024-10-04,43.20000076293945,44.849998474121094,42.900001525878906,43.849998474121094,1089121
2024-10-07,44.150001525878906,44.70000076293945,43.849998474121094,44.5,531000
2024-10-08,44.099998474121094,44.75,43.150001525878906,44.04999923706055,576025
2024-10-09,44.099998474121094,44.75,43.95000076293945,44.150001525878906,773100
2024-10-11,45.20000076293945,46.0,43.29999923706055,43.29999923706055,1979256
2024-10-14,44.099998474121094,44.900001525878906,43.849998474121094,44.54999923706055,2355718
2024-10-15,44.54999923706055,44.599998474121094,43.04999923706055,43.04999923706055,1070180
2024-10-16,42.95000076293945,44.04999923706055,42.75,43.599998474121094,407075
2024-10-17,43.29999923706055,44.349998474121094,43.29999923706055,44.29999923706055,451000
2024-10-18,44.70000076293945,44.70000076293945,43.25,43.25,317100
2024-10-21,43.400001525878906,44.0,43.400001525878906,44.0,209000
2024-10-22,43.650001525878906,44.29999923706055,43.650001525878906,44.20000076293945,319030
2024-10-23,44.20000076293945,45.29999923706055,44.20000076293945,44.75,670034
2024-10-24,44.95000076293945,44.95000076293945,43.650001525878906,43.70000076293945,443568
2024-10-25,43.900001525878906,43.900001525878906,43.150001525878906,43.150001525878906,298160
2024-10-28,43.20000076293945,43.20000076293945,41.900001525878906,42.349998474121094,349000
2024-10-29,42.5,42.5,41.25,41.29999923706055,276099
2024-10-30,41.79999923706055,41.79999923706055,41.150001525878906,41.400001525878906,218103
2024-11-01,40.349998474121094,41.900001525878906,40.349998474121094,41.900001525878906,183075
2024-11-04,41.900001525878906,41.900001525878906,41.04999923706055,41.150001525878906,155000
2024-11-05,41.150001525878906,42.349998474121094,41.150001525878906,41.95000076293945,157039
2024-11-06,42.5,42.79999923706055,41.95000076293945,42.400001525878906,246000
2024-11-07,42.400001525878906,43.20000076293945,42.400001525878906,43.099998474121094,264099
2024-11-08,43.150001525878906,43.5,41.45000076293945,41.5,426032
2024-11-11,41.0,41.04999923706055,39.75,40.25,568015
2024-11-12,39.099998474121094,39.599998474121094,38.900001525878906,39.25,549000
2024-11-13,40.0,42.75,40.0,42.29999923706055,1181084
2024-11-14,42.0,42.20000076293945,41.04999923706055,41.04999923706055,551300
2024-11-15,41.29999923706055,42.5,41.099998474121094,41.29999923706055,589400
2024-11-18,41.29999923706055,41.849998474121094,40.849998474121094,41.29999923706055,307171
2024-11-19,41.29999923706055,44.70000076293945,41.29999923706055,44.150001525878906,1486023
2024-11-20,44.0,44.0,44.0,44.0,2723453
2024-11-21,44.0,44.45000076293945,43.29999923706055,43.650001525878906,830000
2024-11-22,44.04999923706055,44.599998474121094,43.599998474121094,43.599998474121094,462425
2024-11-25,43.849998474121094,46.5,43.849998474121094,45.900001525878906,2274125
2024-11-26,45.599998474121094,46.20000076293945,45.0,46.04999923706055,1003172
2024-11-27,45.95000076293945,47.25,44.75,44.75,1536098
2024-11-28,44.75,45.25,43.400001525878906,43.95000076293945,637075
2024-11-29,43.79999923706055,44.349998474121094,43.650001525878906,44.099998474121094,345100
2024-12-02,45.29999923706055,45.29999923706055,44.25,44.5,351000
2024-12-03,44.95000076293945,48.95000076293945,44.95000076293945,48.95000076293945,5556004
2024-12-04,50.099998474121094,53.70000076293945,49.45000076293945,52.0,23366160
2024-12-05,51.599998474121094,52.20000076293945,50.5,51.20000076293945,6288356
2024-12-06,52.099998474121094,56.29999923706055,52.099998474121094,55.5,18532550
2024-12-09,55.099998474121094,56.20000076293945,53.599998474121094,53.70000076293945,10105323
2024-12-10,53.0,54.20000076293945,49.95000076293945,51.29999923706055,6356693
2024-12-11,51.900001525878906,53.0,50.5,51.29999923706055,3509455
2024-12-12,52.0,54.400001525878906,51.5,53.900001525878906,6161412
2024-12-13,52.5,52.5,48.54999923706055,48.54999923706055,6217138
2024-12-16,48.45000076293945,48.45000076293945,44.400001525878906,44.599998474121094,4564250
2024-12-17,44.900001525878906,45.400001525878906,44.79999923706055,45.20000076293945,1403614
2024-12-18,44.95000076293945,45.849998474121094,44.54999923706055,45.349998474121094,964109
2024-12-19,44.400001525878906,48.5,44.150001525878906,48.5,4564093
2024-12-20,49.79999923706055,52.099998474121094,48.79999923706055,51.099998474121094,9206360
2024-12-23,52.0,56.0,51.599998474121094,53.79999923706055,9907200
2024-12-24,53.70000076293945,57.900001525878906,53.0,56.900001525878906,13412711
2024-12-25,57.099998474121094,60.5,55.599998474121094,58.0,17842435
2024-12-26,58.599998474121094,59.900001525878906,56.70000076293945,57.0,8735171
2024-12-27,57.79999923706055,59.20000076293945,56.599998474121094,57.5,5129163
2024-12-30,57.599998474121094,60.599998474121094,57.5,59.70000076293945,9084509
2024-12-31,59.29999923706055,62.20000076293945,55.79999923706055,56.29999923706055,18975376
2025-01-02,56.29999923706055,61.900001525878906,56.20000076293945,61.900001525878906,21455846
2025-01-03,63.70000076293945,63.70000076293945,60.0,62.5,47978466
2025-01-06,62.5,64.4000015258789,56.29999923706055,57.099998474121094,49111498
2025-01-07,57.79999923706055,58.29999923706055,56.5,57.29999923706055,6897574
2025-01-08,57.400001525878906,60.20000076293945,57.400001525878906,58.099998474121094,14594523
2025-01-09,58.29999923706055,58.5,53.70000076293945,55.599998474121094,9114913
2025-01-10,56.099998474121094,57.20000076293945,54.79999923706055,55.20000076293945,4408491
2025-01-13,55.0,55.0,51.0,51.70000076293945,5461342
2025-01-14,52.099998474121094,55.29999923706055,51.0,55.0,5579493
2025-01-15,56.0,56.70000076293945,53.5,53.900001525878906,11337998
2025-01-16,54.5,57.0,54.0,56.099998474121094,6801110
2025-01-17,56.5,56.79999923706055,53.70000076293945,54.400001525878906,4640182
2025-01-20,54.900001525878906,57.400001525878906,54.70000076293945,57.29999923706055,7475400
2025-01-21,57.79999923706055,57.900001525878906,55.79999923706055,57.0,6512011
2025-01-22,57.599998474121094,57.70000076293945,55.599998474121094,55.599998474121094,4834272
2025-02-03,53.400001525878906,55.0,53.0,54.900001525878906,2269050
2025-02-04,55.099998474121094,58.20000076293945,54.5,58.0,4700259
2025-02-05,58.70000076293945,61.599998474121094,58.5,59.0,14717359
2025-02-06,58.900001525878906,62.400001525878906,58.599998474121094,60.29999923706055,11038700
2025-02-07,60.5,62.0,60.20000076293945,61.5,7477243
2025-02-10,61.20000076293945,61.900001525878906,59.900001525878906,60.400001525878906,4162143
2025-02-11,59.79999923706055,60.0,58.599998474121094,58.79999923706055,5175267
2025-02-12,59.29999923706055,61.5,58.29999923706055,59.20000076293945,5927175
2025-02-13,59.099998474121094,60.5,58.70000076293945,58.79999923706055,2328250
2025-02-14,59.5,60.20000076293945,58.29999923706055,58.599998474121094,2908293
2025-02-17,58.599998474121094,59.400001525878906,57.20000076293945,57.29999923706055,3063160
2025-02-18,57.70000076293945,60.29999923706055,57.400001525878906,59.20000076293945,4533746
2025-02-19,59.400001525878906,59.900001525878906,58.400001525878906,59.0,2665210
2025-02-20,59.29999923706055,61.79999923706055,58.5,60.5,5570102
2025-02-21,60.5,61.70000076293945,59.5,59.79999923706055,4747100
2025-02-24,59.5,64.5999984741211,59.400001525878906,62.900001525878906,13136306
2025-02-25,62.400001525878906,64.19999694824219,60.900001525878906,61.400001525878906,8364250
2025-02-26,61.5,67.5,61.400001525878906,67.5,12859542
2025-02-27,69.69999694824219,72.0,67.0999984741211,69.80000305175781,63487570
2025-03-03,69.30000305175781,70.5,63.5,63.79999923706055,20760871
2025-03-04,63.70000076293945,67.30000305175781,62.20000076293945,64.4000015258789,15749649
2025-03-05,64.5,65.0,63.400001525878906,64.30000305175781,5688620
2025-03-06,64.30000305175781,64.80000305175781,62.20000076293945,62.29999923706055,4468125
2025-03-07,61.900001525878906,63.0,59.29999923706055,59.400001525878906,5146003
2025-03-10,59.79999923706055,60.900001525878906,57.70000076293945,58.70000076293945,2761618
2025-03-11,57.0,59.599998474121094,55.5,59.0,4045127
2025-03-12,59.0,59.79999923706055,58.400001525878906,59.20000076293945,2198390
2025-03-13,59.20000076293945,60.29999923706055,57.5,57.599998474121094,2556094
2025-03-14,58.099998474121094,59.20000076293945,56.900001525878906,58.70000076293945,1728014
2025-03-17,58.900001525878906,59.29999923706055,57.79999923706055,58.20000076293945,1735031
2025-03-18,58.70000076293945,59.20000076293945,58.29999923706055,59.0,1185210
2025-03-19,59.0,59.5,58.5,58.79999923706055,1426030
2025-03-20,59.70000076293945,60.599998474121094,58.400001525878906,58.400001525878906,2556457
2025-03-21,58.79999923706055,59.599998474121094,57.099998474121094,57.400001525878906,2236250
2025-03-24,57.400001525878906,58.400001525878906,56.0,56.20000076293945,2206163
2025-03-25,57.70000076293945,59.79999923706055,56.70000076293945,58.79999923706055,6787041
2025-03-26,58.79999923706055,59.400001525878906,55.599998474121094,55.900001525878906,4196277
2025-03-27,55.20000076293945,56.20000076293945,54.29999923706055,55.79999923706055,1971320
2025-03-28,55.79999923706055,55.79999923706055,52.900001525878906,53.400001525878906,2378130
2025-03-31,52.0,52.599998474121094,50.099998474121094,50.099998474121094,2467211
2025-04-01,50.79999923706055,51.29999923706055,50.20000076293945,51.29999923706055,1176004
2025-04-02,51.29999923706055,52.0,50.400001525878906,51.70000076293945,923000
2025-04-07,46.54999923706055,46.54999923706055,46.54999923706055,46.54999923706055,112238
2025-04-08,41.900001525878906,41.900001525878906,41.900001525878906,41.900001525878906,527011
2025-04-09,37.75,37.75,37.75,37.75,719000
2025-04-10,41.5,41.5,40.5,41.5,1965510
2025-04-11,40.0,41.75,37.349998474121094,41.54999923706055,2596204
2025-04-14,43.099998474121094,45.0,41.900001525878906,42.5,2111010
2025-04-15,43.20000076293945,44.900001525878906,43.04999923706055,44.900001525878906,1595001
2025-04-16,46.099998474121094,46.599998474121094,44.25,44.25,3664221
2025-04-17,44.150001525878906,44.650001525878906,43.29999923706055,43.650001525878906,1073020
2025-04-18,44.25,44.400001525878906,43.5,43.599998474121094,751030
2025-04-21,43.599998474121094,43.70000076293945,41.150001525878906,41.45000076293945,946010
2025-04-22,40.400001525878906,42.0,40.400001525878906,40.849998474121094,717000
2025-04-23,41.79999923706055,43.0,41.79999923706055,42.599998474121094,1092000
2025-04-24,43.349998474121094,43.5,41.900001525878906,42.099998474121094,1129000
2025-04-25,43.349998474121094,44.54999923706055,42.25,44.04999923706055,2247030
2025-04-28,44.150001525878906,46.150001525878906,43.849998474121094,45.400001525878906,1835100
2025-04-29,45.849998474121094,46.79999923706055,45.25,46.5,1872103
2025-04-30,47.0,48.0,45.5,45.599998474121094,2740150
2025-05-02,46.79999923706055,46.900001525878906,46.150001525878906,46.599998474121094,961050
2025-05-05,47.0,47.0,42.900001525878906,43.849998474121094,1474150
2025-05-06,43.5,44.349998474121094,43.5,44.04999923706055,515096
2025-05-07,44.29999923706055,44.70000076293945,43.650001525878906,44.20000076293945,521156
2025-05-08,44.5,45.70000076293945,44.5,45.29999923706055,691343
2025-05-09,46.0,47.20000076293945,44.650001525878906,46.150001525878906,1328001
2025-05-12,46.79999923706055,48.5,46.75,47.29999923706055,1730002
2025-05-13,48.70000076293945,48.70000076293945,47.099998474121094,47.45000076293945,1011060
2025-05-14,48.400001525878906,51.400001525878906,48.099998474121094,50.29999923706055,4338248
2025-05-15,49.70000076293945,50.20000076293945,49.29999923706055,49.70000076293945,1404122
2025-05-16,49.70000076293945,50.099998474121094,49.20000076293945,49.5,709003
2025-05-19,49.70000076293945,50.79999923706055,49.0,49.099998474121094,1331070
2025-05-20,49.45000076293945,50.5,49.0,49.29999923706055,896000
2025-05-21,50.0,50.0,49.20000076293945,49.29999923706055,571200
2025-05-22,49.29999923706055,52.900001525878906,48.79999923706055,52.599998474121094,3992680
2025-05-23,53.099998474121094,56.099998474121094,52.599998474121094,54.099998474121094,11181335
2025-05-26,53.5,55.70000076293945,53.29999923706055,55.099998474121094,5206365
2025-05-27,55.099998474121094,55.70000076293945,53.79999923706055,55.400001525878906,4043336
2025-05-28,57.5,57.79999923706055,53.29999923706055,53.5,11959488
2025-05-29,53.900001525878906,54.20000076293945,52.0,53.099998474121094,3246249
2025-06-02,52.29999923706055,52.900001525878906,51.400001525878906,51.70000076293945,1561312
2025-06-03,52.29999923706055,54.099998474121094,51.79999923706055,52.099998474121094,3327058
2025-06-04,53.099998474121094,54.0,52.79999923706055,53.70000076293945,1745277
2025-06-05,53.79999923706055,54.099998474121094,53.099998474121094,53.900001525878906,1351066
2025-06-06,54.0,54.79999923706055,53.400001525878906,54.29999923706055,1631006
2025-06-09,56.0,58.5,55.400001525878906,58.5,9361852
2025-06-10,58.5,59.70000076293945,57.70000076293945,58.400001525878906,6151215
2025-06-11,59.5,61.900001525878906,59.099998474121094,60.20000076293945,12468509
2025-06-12,59.70000076293945,60.70000076293945,58.900001525878906,59.5,3529700
2025-06-13,58.599998474121094,59.099998474121094,57.29999923706055,58.099998474121094,2855478
2025-06-16,58.099998474121094,59.099998474121094,57.400001525878906,58.70000076293945,1724092
2025-06-17,59.20000076293945,59.900001525878906,57.70000076293945,58.400001525878906,2313630
2025-06-18,58.29999923706055,60.5,58.20000076293945,58.20000076293945,3663461
2025-06-19,58.0,59.099998474121094,57.70000076293945,58.70000076293945,1570115
2025-06-20,58.70000076293945,59.400001525878906,56.599998474121094,57.29999923706055,1873000
2025-06-23,56.20000076293945,58.400001525878906,55.5,58.29999923706055,1367255
2025-06-24,59.099998474121094,59.5,58.599998474121094,59.0,1211224
2025-06-25,59.70000076293945,59.79999923706055,58.20000076293945,58.70000076293945,1198046
2025-06-26,58.900001525878906,59.400001525878906,58.29999923706055,58.5,965050
2025-06-27,59.099998474121094,59.599998474121094,58.5,59.0,1990050
2025-06-30,59.0,60.0,57.70000076293945,59.0,2696050
2025-07-01,59.599998474121094,61.79999923706055,58.70000076293945,59.099998474121094,3770332
2025-07-02,59.099998474121094,59.29999923706055,58.599998474121094,59.20000076293945,782050
2025-07-03,59.900001525878906,60.20000076293945,58.900001525878906,59.099998474121094,906090
2025-07-04,59.5,59.5,55.5,55.70000076293945,2649743
2025-07-07,55.5,58.400001525878906,55.5,57.29999923706055,1909016
2025-07-08,56.79999923706055,57.70000076293945,56.0,56.79999923706055,855000
2025-07-09,57.599998474121094,60.0,56.400001525878906,59.29999923706055,2647074
2025-07-10,59.0,60.099998474121094,59.0,60.0,1449615
2025-07-11,59.29999923706055,60.0,59.20000076293945,59.599998474121094,1239634
2025-07-14,59.79999923706055,60.099998474121094,58.79999923706055,59.099998474121094,748220
2025-07-15,58.79999923706055,59.79999923706055,58.70000076293945,59.79999923706055,909582
2025-07-16,59.900001525878906,61.099998474121094,59.70000076293945,60.0,2020151
2025-07-17,61.0,62.79999923706055,60.20000076293945,61.400001525878906,3946672
2025-07-18,61.900001525878906,62.20000076293945,59.0,59.70000076293945,2903606
2025-07-21,59.70000076293945,60.599998474121094,59.599998474121094,60.0,1162193
2025-07-22,60.70000076293945,63.5,59.70000076293945,60.0,5995965
2025-07-23,59.20000076293945,60.599998474121094,58.5,58.599998474121094,1892266
2025-07-24,59.5,59.70000076293945,57.599998474121094,59.29999923706055,1653257
2025-07-25,59.5,59.5,58.5,58.599998474121094,729903
2025-07-28,59.099998474121094,59.599998474121094,57.599998474121094,59.0,1110215
2025-07-29,59.099998474121094,59.099998474121094,56.29999923706055,56.599998474121094,1808337
2025-07-30,57.0,58.70000076293945,57.0,58.20000076293945,1309265
2025-07-31,58.29999923706055,59.79999923706055,58.0,58.900001525878906,1288300
2025-08-04,60.20000076293945,61.79999923706055,60.20000076293945,60.900001525878906,1743125
2025-08-05,61.5,62.099998474121094,60.70000076293945,62.099998474121094,1512035
2025-08-06,62.29999923706055,62.900001525878906,61.29999923706055,62.099998474121094,1766701
2025-08-07,62.79999923706055,63.0,60.5,62.79999923706055,1847610
2025-08-08,63.0,63.5,62.099998474121094,62.099998474121094,1310120
2025-08-11,64.5,68.30000305175781,64.5,68.30000305175781,5990269
2025-08-12,68.0,75.0999984741211,67.80000305175781,73.80000305175781,17988863
2025-08-13,74.69999694824219,81.0999984741211,74.0,81.0999984741211,12246607
2025-08-14,82.69999694824219,88.5,81.69999694824219,86.5999984741211,21709915
2025-08-15,87.9000015258789,89.5999984741211,85.69999694824219,87.0999984741211,8283181
2025-08-18,88.69999694824219,95.80000305175781,87.5,95.80000305175781,8667707
2025-08-19,99.30000305175781,105.0,93.0999984741211,104.0,3659374
2025-08-20,101.0,101.0,93.5999984741211,93.5999984741211,2980705
2025-08-21,95.0,95.80000305175781,92.69999694824219,94.5999984741211,2334666
2025-08-22,97.0,100.0,94.5,96.0999984741211,1650367
2025-08-25,99.0,103.0,96.30000305175781,99.80000305175781,1597091
2025-08-26,99.5,99.5,94.30000305175781,96.0,1383005
2025-08-27,95.5999984741211,97.5999984741211,95.0999984741211,96.19999694824219,801050
2025-08-28,96.30000305175781,104.5,95.5,100.0,2145627
2025-08-29,102.5,102.5,99.19999694824219,100.5,1253124
2025-09-01,99.0,101.0,91.0,94.5,1482283
2025-09-02,95.69999694824219,97.80000305175781,91.0999984741211,93.9000015258789,1046250
2025-09-03,94.0,100.0,94.0,100.0,1937389
2025-09-04,103.0,110.0,90.0,90.0,24275061
2025-09-05,90.69999694824219,92.0,84.0999984741211,84.5,10951218
2025-09-08,84.5999984741211,86.0999984741211,82.4000015258789,83.0999984741211,4629454
2025-09-09,83.80000305175781,87.5,83.5999984741211,85.80000305175781,4391223
2025-09-10,89.0,91.9000015258789,87.4000015258789,89.19999694824219,9934628
2025-09-11,92.69999694824219,94.0999984741211,86.69999694824219,88.4000015258789,8771091
2025-09-12,88.80000305175781,89.69999694824219,87.0,87.30000305175781,4481319
2025-09-15,87.30000305175781,87.9000015258789,84.0999984741211,84.9000015258789,2831680
2025-09-16,85.4000015258789,85.69999694824219,84.4000015258789,85.69999694824219,1527245
2025-09-17,85.9000015258789,86.69999694824219,83.69999694824219,84.30000305175781,2014232
2025-09-18,85.0999984741211,85.9000015258789,82.5,83.0,2008420
2025-09-19,84.0,85.30000305175781,82.9000015258789,83.19999694824219,1655400
2025-09-22,83.5,85.9000015258789,83.0999984741211,83.5,1384145
2025-09-23,83.9000015258789,84.5999984741211,81.9000015258789,83.80000305175781,2249700
2025-09-24,87.19999694824219,89.5,80.69999694824219,80.69999694824219,8377957
2025-09-25,80.4000015258789,81.5999984741211,79.0999984741211,79.5999984741211,2151828
2025-09-26,80.0,80.30000305175781,76.5999984741211,77.69999694824219,1960328
2025-09-30,78.69999694824219,79.0,77.4000015258789,78.80000305175781,932484
2025-10-01,79.0999984741211,81.69999694824219,78.30000305175781,80.4000015258789,1287036
2025-10-02,81.30000305175781,82.0,80.0,80.0,1516020
2025-10-03,80.4000015258789,80.5,78.80000305175781,79.5999984741211,1197198
2025-10-07,80.19999694824219,80.80000305175781,78.5,79.5999984741211,1357068
2025-10-08,79.9000015258789,80.0,78.4000015258789,78.80000305175781,961150
2025-10-09,79.4000015258789,80.30000305175781,75.80000305175781,76.80000305175781,2321005
2025-10-13,73.9000015258789,75.5999984741211,72.19999694824219,75.0,1706230
2025-10-14,75.5999984741211,76.30000305175781,73.5,73.5,1513282
2025-10-15,73.9000015258789,74.30000305175781,73.19999694824219,73.69999694824219,977300
2025-10-16,74.30000305175781,74.9000015258789,72.5999984741211,73.5,1160228
2025-10-17,73.4000015258789,73.4000015258789,71.5,71.5,1354199
2025-10-20,71.9000015258789,72.30000305175781,70.80000305175781,71.4000015258789,1039100
2025-10-21,71.9000015258789,73.69999694824219,71.9000015258789,72.80000305175781,1017250
2025-10-22,72.9000015258789,74.9000015258789,72.5,73.5999984741211,1132152
2025-10-23,73.0,74.19999694824219,72.5999984741211,72.5999984741211,615180
2025-10-27,73.80000305175781,74.0999984741211,71.69999694824219,73.5999984741211,973376
2025-10-28,73.5999984741211,73.80000305175781,72.19999694824219,72.19999694824219,582001
2025-10-29,72.80000305175781,76.5999984741211,72.80000305175781,76.5,3729261
2025-10-30,76.0999984741211,77.5999984741211,72.9000015258789,73.4000015258789,3239913
2025-10-31,73.4000015258789,74.80000305175781,72.30000305175781,73.19999694824219,1119060
2025-11-03,73.5,78.80000305175781,72.9000015258789,77.0,3275046
2025-11-04,77.5,78.0999984741211,74.5,75.19999694824219,2925016
2025-11-05,73.69999694824219,78.4000015258789,73.19999694824219,78.30000305175781,4212175
2025-11-06,79.19999694824219,79.30000305175781,73.5999984741211,73.9000015258789,5637040
2025-11-07,73.0999984741211,73.5,71.0,72.0999984741211,2732200
2025-11-10,72.30000305175781,72.5999984741211,71.30000305175781,71.30000305175781,1149189
2025-11-11,69.5,69.9000015258789,66.80000305175781,66.80000305175781,3681500
2025-11-12,68.19999694824219,68.9000015258789,67.0999984741211,67.0999984741211,1843009
2025-11-13,67.0999984741211,67.19999694824219,65.5999984741211,66.30000305175781,1779673
2025-11-14,65.80000305175781,67.0,65.0,66.0,1705104
2025-11-17,66.9000015258789,67.19999694824219,65.5,65.5,901002
2025-11-18,65.5999984741211,65.5999984741211,62.20000076293945,62.5,4432098
2025-11-19,63.0,63.400001525878906,61.099998474121094,62.5,3701051
2025-11-20,63.79999923706055,64.5,62.0,64.30000305175781,3618000
2025-11-21,63.0,63.79999923706055,60.79999923706055,61.5,1442197
2025-11-24,62.0,63.599998474121094,61.79999923706055,63.599998474121094,1164107
2025-11-25,64.0,65.5,63.900001525878906,64.0,961088
2025-11-26,64.9000015258789,66.80000305175781,64.80000305175781,65.9000015258789,1291100
2025-11-27,66.19999694824219,66.5,65.0999984741211,65.0999984741211,615000
2025-11-28,65.0999984741211,65.5999984741211,64.5,65.19999694824219,501110
2025-12-01,65.30000305175781,65.30000305175781,62.900001525878906,62.900001525878906,711015
2025-12-02,63.29999923706055,63.29999923706055,62.0,62.099998474121094,594500
2025-12-03,62.79999923706055,63.400001525878906,62.5,63.0,477002
2025-12-04,63.400001525878906,64.0999984741211,62.5,62.79999923706055,450000
2025-12-05,63.0,63.400001525878906,61.599998474121094,61.79999923706055,526000
2025-12-08,62.400001525878906,62.900001525878906,61.900001525878906,62.79999923706055,435033
2025-12-09,63.20000076293945,66.0,62.70000076293945,64.0,2001502
2025-12-10,64.4000015258789,66.19999694824219,64.0999984741211,64.0999984741211,1411429
2025-12-11,62.099998474121094,62.099998474121094,57.79999923706055,57.79999923706055,4966000
2025-12-12,58.0,58.900001525878906,57.70000076293945,58.20000076293945,1471200
2025-12-15,57.099998474121094,58.5,56.5,57.79999923706055,797250
2025-12-16,57.900001525878906,58.29999923706055,56.29999923706055,57.099998474121094,904051
2025-12-17,57.79999923706055,59.79999923706055,57.599998474121094,58.20000076293945,1281025
2025-12-18,57.70000076293945,57.900001525878906,57.0,57.0,535000
2025-12-19,57.400001525878906,59.400001525878906,57.099998474121094,58.79999923706055,1135150
2025-12-22,59.5,60.29999923706055,59.0,60.099998474121094,996256
2025-12-23,60.70000076293945,64.5999984741211,60.099998474121094,61.70000076293945,3017000
2025-12-24,62.29999923706055,62.599998474121094,61.20000076293945,61.900001525878906,1380050
2025-12-26,62.099998474121094,63.0,60.900001525878906,61.099998474121094,1208003
2025-12-29,61.5,62.79999923706055,61.20000076293945,61.5,959021
2025-12-30,62.099998474121094,62.5,60.400001525878906,60.599998474121094,769000
2025-12-31,60.400001525878906,60.70000076293945,59.5,60.29999923706055,825035
2026-01-02,61.0,62.20000076293945,60.5,61.900001525878906,752000
2026-01-05,62.70000076293945,62.79999923706055,60.70000076293945,61.29999923706055,999000
2026-01-06,61.70000076293945,61.900001525878906,60.29999923706055,60.400001525878906,890000
2026-01-07,60.599998474121094,60.599998474121094,59.400001525878906,59.70000076293945,997964
2026-01-08,59.70000076293945,60.20000076293945,58.099998474121094,58.099998474121094,1704035
2026-01-09,58.20000076293945,59.29999923706055,57.599998474121094,58.5,575200
2026-01-12,60.0,62.5,60.0,61.79999923706055,2043220
2026-01-13,62.400001525878906,62.70000076293945,60.599998474121094,61.29999923706055,1262051
2026-01-14,62.0,62.79999923706055,61.29999923706055,62.20000076293945,1264109
2026-01-15,63.0,63.099998474121094,61.099998474121094,61.400001525878906,968055
2026-01-16,61.79999923706055,61.900001525878906,60.5,60.5,912410
2026-01-19,61.0,61.599998474121094,60.0,61.20000076293945,886000
2026-01-20,61.79999923706055,62.900001525878906,61.20000076293945,62.099998474121094,1387149
2026-01-21,61.70000076293945,63.0,60.79999923706055,60.79999923706055,1401026
2026-01-22,61.900001525878906,62.20000076293945,61.099998474121094,61.5,822100
2026-01-23,62.20000076293945,62.900001525878906,60.900001525878906,61.0,1183003
2026-01-26,61.5,67.0999984741211,60.79999923706055,67.0999984741211,5693154
2026-01-27,70.80000305175781,71.30000305175781,64.30000305175781,64.9000015258789,15491000
2026-01-28,64.5,64.5,61.599998474121094,62.5,4912500
2026-01-29,62.400001525878906,63.29999923706055,60.400001525878906,60.70000076293945,2759963
2026-01-30,61.0,61.0,58.400001525878906,59.099998474121094,1821485
2026-02-02,58.400001525878906,59.400001525878906,57.099998474121094,57.5,1297709
2026-02-03,58.29999923706055,58.70000076293945,57.20000076293945,58.099998474121094,802301
2026-02-04,58.5,61.099998474121094,58.20000076293945,60.5,1454036
2026-02-05,60.29999923706055,61.0,59.20000076293945,59.20000076293945,889451
2026-02-06,58.5,58.900001525878906,56.20000076293945,57.900001525878906,1551085
2026-02-09,59.79999923706055,59.79999923706055,57.599998474121094,57.70000076293945,902021
2026-02-10,58.599998474121094,58.599998474121094,57.099998474121094,58.29999923706055,687251
2026-02-11,61.5,62.400001525878906,60.099998474121094,60.5,2350173
2026-02-23,60.70000076293945,62.5,60.400001525878906,61.900001525878906,1567030
2026-02-24,61.900001525878906,62.0,61.20000076293945,61.599998474121094,1007200
2026-02-25,61.79999923706055,62.400001525878906,61.0,62.099998474121094,1279090
2026-02-26,62.0,62.79999923706055,61.599998474121094,61.900001525878906,983032
2026-03-02,60.29999923706055,61.599998474121094,60.20000076293945,60.599998474121094,947153
2026-03-03,60.599998474121094,61.79999923706055,58.5,58.599998474121094,1259000
2026-03-04,58.0,58.099998474121094,55.0,55.0,1932060
2026-03-05,57.20000076293945,57.400001525878906,56.099998474121094,57.099998474121094,663022
2026-03-06,57.29999923706055,59.099998474121094,56.29999923706055,58.20000076293945,817178
2026-03-09,55.20000076293945,56.0,53.20000076293945,54.29999923706055,1184010
2026-03-10,55.400001525878906,56.70000076293945,55.29999923706055,56.20000076293945,771050
2026-03-11,56.900001525878906,57.5,55.900001525878906,56.099998474121094,1126001
2026-03-12,56.20000076293945,57.29999923706055,55.70000076293945,56.20000076293945,837130
2026-03-13,55.79999923706055,57.099998474121094,55.5,56.20000076293945,795000
2026-03-16,56.70000076293945,56.900001525878906,55.29999923706055,55.400001525878906,804373
2026-03-17,56.29999923706055,58.70000076293945,56.099998474121094,58.400001525878906,1593100
2026-03-18,59.5,59.5,57.79999923706055,58.599998474121094,992050
2026-03-19,58.5,58.5,56.900001525878906,57.0,848050
2026-03-20,57.29999923706055,57.79999923706055,56.400001525878906,56.599998474121094,526415
2026-03-23,55.20000076293945,56.400001525878906,54.79999923706055,55.400001525878906,682000
2026-03-24,56.29999923706055,56.599998474121094,54.29999923706055,54.599998474121094,688347
2026-03-25,55.20000076293945,55.79999923706055,55.099998474121094,55.5,365200
2026-03-26,56.099998474121094,56.400001525878906,54.900001525878906,54.900001525878906,504089
2026-03-27,54.400001525878906,57.599998474121094,54.29999923706055,57.29999923706055,693175
2026-03-30,55.79999923706055,56.900001525878906,55.400001525878906,55.900001525878906,726150
2026-03-31,55.599998474121094,56.400001525878906,54.099998474121094,54.099998474121094,695065
2026-04-01,55.599998474121094,56.400001525878906,55.29999923706055,55.599998474121094,660060
2026-04-02,55.70000076293945,56.5,53.599998474121094,53.599998474121094,774507
2026-04-07,54.5,54.5,53.20000076293945,53.29999923706055,483000
2026-04-08,54.599998474121094,56.0,54.400001525878906,55.5,730029
2026-04-09,56.20000076293945,56.29999923706055,55.0,55.79999923706055,399392
2026-04-10,56.400001525878906,57.70000076293945,56.099998474121094,57.29999923706055,755200
2026-04-13,59.400001525878906,62.599998474121094,59.20000076293945,61.599998474121094,2711135
2026-04-14,62.5,62.5,60.70000076293945,61.099998474121094,1782020
2026-04-15,61.70000076293945,62.0,60.099998474121094,60.20000076293945,1016000
2026-04-16,60.400001525878906,61.70000076293945,60.400001525878906,61.29999923706055,791295
2026-04-17,61.79999923706055,62.400001525878906,61.20000076293945,61.29999923706055,1045000
2026-04-20,61.70000076293945,62.29999923706055,61.099998474121094,61.5,1679240
2026-04-21,62.0,62.79999923706055,61.5,62.400001525878906,1604503
2026-04-22,62.599998474121094,62.599998474121094,61.900001525878906,62.20000076293945,1156000
2026-04-23,63.0,63.0,59.0,60.099998474121094,1977101
2026-04-24,61.20000076293945,61.20000076293945,59.0,59.79999923706055,627430
2026-04-27,59.79999923706055,60.20000076293945,58.400001525878906,59.400001525878906,831020
2026-04-28,59.599998474121094,62.20000076293945,58.5,61.900001525878906,1133010
2026-04-29,61.70000076293945,62.0,60.400001525878906,60.599998474121094,987050
2026-04-30,61.400001525878906,61.400001525878906,60.099998474121094,60.599998474121094,497003
2026-05-04,61.599998474121094,62.400001525878906,60.70000076293945,61.400001525878906,1217200
2026-05-05,62.0,63.29999923706055,61.70000076293945,62.0,2082162
2026-05-06,62.79999923706055,62.79999923706055,59.400001525878906,60.599998474121094,2055010
2026-05-07,61.099998474121094,62.5,60.5,61.900001525878906,1110018
2026-05-08,61.599998474121094,62.400001525878906,59.79999923706055,60.0,1389560
2026-05-11,59.0,59.0,56.400001525878906,56.79999923706055,2292863
2026-05-12,57.5,57.5,55.400001525878906,56.099998474121094,1271100
2026-05-13,56.900001525878906,56.900001525878906,55.20000076293945,55.599998474121094,859455
2026-05-14,56.400001525878906,59.5,55.599998474121094,58.099998474121094,1197061
2026-05-15,59.0,61.79999923706055,57.5,59.0,3275046
2026-05-18,59.0,61.099998474121094,58.79999923706055,60.29999923706055,2916818
2026-05-19,60.29999923706055,65.30000305175781,60.0,64.80000305175781,7058555
2026-05-20,67.0,71.19999694824219,66.5999984741211,71.19999694824219,12380058
2026-05-21,71.19999694824219,72.9000015258789,67.5999984741211,71.80000305175781,19924791
2026-05-22,70.69999694824219,72.0,69.5999984741211,70.5,5793151
2026-05-25,70.5999984741211,72.0,69.9000015258789,70.80000305175781,5112524
2026-05-26,71.30000305175781,71.5,68.4000015258789,70.19999694824219,4010600
2026-05-27,71.19999694824219,71.5,68.0,68.5,2967902
2026-05-28,68.69999694824219,70.0,66.19999694824219,66.5999984741211,2568400
2026-05-29,67.5999984741211,70.19999694824219,67.30000305175781,69.5,2615353
2026-06-01,69.0,69.9000015258789,68.4000015258789,68.9000015258789,1657487
2026-06-02,68.9000015258789,69.80000305175781,66.9000015258789,69.0999984741211,2025005
2026-06-03,70.30000305175781,71.0999984741211,68.69999694824219,69.4000015258789,2481519
2026-06-04,69.0,69.0999984741211,67.80000305175781,68.0999984741211,1084010
2026-06-05,67.5999984741211,68.30000305175781,66.0,67.0,1517125
2026-06-08,60.29999923706055,62.5,60.29999923706055,62.0,1866155
2026-06-09,62.599998474121094,63.70000076293945,62.0,62.900001525878906,1248050
2026-06-10,62.29999923706055,64.5,60.79999923706055,60.79999923706055,1317503
2026-06-11,60.20000076293945,60.70000076293945,57.79999923706055,59.20000076293945,1530240
2026-06-12,60.400001525878906,61.0,59.900001525878906,60.0,912649
2026-06-15,61.400001525878906,62.099998474121094,60.599998474121094,61.79999923706055,813000
2026-06-16,62.599998474121094,62.599998474121094,60.599998474121094,61.79999923706055,919050
2026-06-17,61.0,62.5,61.0,61.900001525878906,723050
2026-06-18,62.0,62.79999923706055,60.70000076293945,60.79999923706055,1562196
2026-06-22,61.20000076293945,62.20000076293945,60.900001525878906,62.0,1959250
2026-06-23,62.099998474121094,62.400001525878906,60.29999923706055,60.400001525878906,1020100
2026-06-24,60.0,60.900001525878906,58.900001525878906,59.599998474121094,1104080
2026-06-25,60.5,60.5,58.599998474121094,58.599998474121094,865000
2026-06-26,58.099998474121094,58.20000076293945,55.70000076293945,55.70000076293945,1598302
2026-06-29,56.20000076293945,57.70000076293945,56.0,56.599998474121094,525020
2026-06-30,57.099998474121094,62.20000076293945,56.79999923706055,62.20000076293945,2431000
2026-07-01,63.79999923706055,68.30000305175781,63.70000076293945,66.4000015258789,10258085
2026-07-02,65.19999694824219,67.9000015258789,64.0999984741211,64.5,5721010
2026-07-03,65.0,67.5999984741211,65.0,67.0,4316200
2026-07-06,66.9000015258789,67.5,65.0,65.5,2409580
2026-07-07,65.69999694824219,66.0999984741211,61.20000076293945,61.400001525878906,1935230
2026-07-08,62.400001525878906,62.400001525878906,60.0,61.599998474121094,1077300
2026-07-09,62.0,67.30000305175781,61.70000076293945,65.0,3902419
2026-07-10,65.0,65.0,65.0,65.0,0
2026-07-13,65.80000305175781,67.69999694824219,64.5,67.5999984741211,5426845
2026-07-14,66.5999984741211,68.0999984741211,63.099998474121094,65.69999694824219,4101170
2026-07-15,68.5999984741211,71.9000015258789,66.5999984741211,67.9000015258789,6361400
2026-07-16,66.5999984741211,67.19999694824219,64.30000305175781,64.4000015258789,2009077
2026-07-17,62.5,64.0,60.0,60.099998474121094,1665350
2026-07-20,60.400001525878906,61.79999923706055,58.70000076293945,60.29999923706055,1162650
2026-07-21,60.5,66.30000305175781,60.5,66.30000305175781,3924000
2026-07-22,66.9000015258789,67.5,64.0,64.0,3385384
2026-07-23,64.80000305175781,65.4000015258789,64.0,64.0999984741211,2224252
2026-07-24,61.599998474121094,62.70000076293945,60.5,60.5,1426569
2026-07-27,60.5,61.0,58.900001525878906,59.400001525878906,935267
2026-07-28,57.599998474121094,57.70000076293945,55.20000076293945,55.5,1537395
2026-07-29,56.099998474121094,56.099998474121094,49.95000076293945,52.0,2560540
2026-07-30,50.79999923706055,52.0,48.849998474121094,49.0,1617251
2026-07-31,52.400001525878906,53.20000076293945,51.29999923706055,53.099998474121094,1005020
2026-08-03,53.099998474121094,55.400001525878906,52.20000076293945,54.0,1290304
2026-08-04,54.20000076293945,56.0,54.0,55.20000076293945,876150
2026-08-05,55.900001525878906,58.099998474121094,55.0,57.79999923706055,2311171
2026-08-06,56.900001525878906,57.599998474121094,55.5,56.099998474121094,1614050
2026-08-07,56.70000076293945,59.099998474121094,55.29999923706055,55.599998474121094,3184110
2026-08-10,56.400001525878906,56.79999923706055,55.599998474121094,55.900001525878906,1516310
2026-08-11,53.20000076293945,54.5,52.0,53.79999923706055,1780060
2026-08-12,53.70000076293945,54.29999923706055,53.099998474121094,53.20000076293945,758400
2026-08-13,54.099998474121094,54.099998474121094,53.20000076293945,53.29999923706055,701335
2026-08-14,53.400001525878906,54.70000076293945,52.099998474121094,53.79999923706055,1482205
2026-08-17,53.79999923706055,54.099998474121094,52.5,52.70000076293945,675230
2026-08-18,53.0,53.0,51.5,51.5,644225
2026-08-19,50.5,51.70000076293945,50.400001525878906,50.70000076293945,737000
2026-08-20,51.20000076293945,51.599998474121094,50.79999923706055,51.400001525878906,317219
2026-08-21,51.400001525878906,51.70000076293945,50.79999923706055,50.900001525878906,339020
2026-08-24,50.900001525878906,51.099998474121094,50.099998474121094,50.20000076293945,771101
2026-08-25,50.099998474121094,50.400001525878906,49.45000076293945,50.29999923706055,501353
2026-08-26,51.400001525878906,51.900001525878906,50.79999923706055,51.5,614000
2026-08-27,52.0,52.29999923706055,51.400001525878906,51.5,473000
2026-08-28,52.0,52.0,50.79999923706055,50.79999923706055,443071
2026-08-31,50.400001525878906,50.900001525878906,50.099998474121094,50.400001525878906,314169
2026-09-01,50.400001525878906,51.79999923706055,50.400001525878906,50.79999923706055,887000
2026-09-02,50.70000076293945,52.099998474121094,50.5,51.400001525878906,567000
2026-09-03,51.79999923706055,52.0,50.0,50.0,829800
2026-09-04,51.0,51.0,49.849998474121094,50.400001525878906,545286
2026-09-07,50.5,50.900001525878906,50.20000076293945,50.5,451000
2026-09-08,50.5,50.5,49.150001525878906,49.400001525878906,671470
2026-09-09,50.0,50.29999923706055,49.29999923706055,49.650001525878906,373252
2026-09-10,49.70000076293945,49.70000076293945,48.79999923706055,49.45000076293945,584139
2026-09-11,49.5,50.20000076293945,49.29999923706055,49.70000076293945,439659
2026-09-14,50.0,50.0,49.150001525878906,49.20000076293945,599000
2026-09-15,49.79999923706055,49.79999923706055,48.5,48.5,382000
2026-09-16,48.54999923706055,49.650001525878906,48.5,49.400001525878906,331000
2026-09-17,49.79999923706055,50.70000076293945,49.79999923706055,50.20000076293945,753003
2026-09-18,50.79999923706055,51.0,50.0,50.599998474121094,630351
2026-09-21,51.0,51.599998474121094,50.70000076293945,51.099998474121094,711000
2026-09-22,51.70000076293945,51.70000076293945,50.5,50.5,556002
2026-09-23,51.20000076293945,51.70000076293945,50.20000076293945,50.20000076293945,442020
2026-09-24,50.20000076293945,50.5,50.099998474121094,50.29999923706055,245000
