Date,Open,High,Low,Close,Volume
2016-09-26,25.5,25.5,25.149999618530273,25.200000762939453,50001
2016-09-27,25.200000762939453,25.200000762939453,25.200000762939453,25.200000762939453,0
2016-09-28,25.200000762939453,25.200000762939453,25.200000762939453,25.200000762939453,0
2016-09-29,25.200000762939453,25.200000762939453,24.950000762939453,25.100000381469727,84000
2016-09-30,25.049999237060547,25.049999237060547,24.549999237060547,24.549999237060547,106600
2016-10-03,24.649999618530273,24.649999618530273,24.25,24.649999618530273,197001
2016-10-04,24.5,25.75,24.5,25.399999618530273,329043
2016-10-05,25.450000762939453,25.450000762939453,25.049999237060547,25.200000762939453,46001
2016-10-06,25.399999618530273,25.399999618530273,25.049999237060547,25.200000762939453,70000
2016-10-07,25.299999237060547,25.299999237060547,25.100000381469727,25.25,87000
2016-10-11,25.200000762939453,25.399999618530273,24.950000762939453,25.25,481001
2016-10-12,25.0,25.200000762939453,24.950000762939453,25.200000762939453,95001
2016-10-13,25.100000381469727,25.200000762939453,25.0,25.100000381469727,68000
2016-10-14,25.0,25.0,24.899999618530273,25.0,87010
2016-10-17,25.0,25.0,24.950000762939453,24.950000762939453,22008
2016-10-18,24.899999618530273,24.899999618530273,24.799999237060547,24.799999237060547,34100
2016-10-19,24.75,25.200000762939453,24.700000762939453,25.200000762939453,56001
2016-10-20,25.100000381469727,25.200000762939453,24.799999237060547,25.200000762939453,71000
2016-10-21,25.200000762939453,25.200000762939453,24.899999618530273,24.950000762939453,13000
2016-10-24,24.950000762939453,24.950000762939453,24.799999237060547,24.799999237060547,34020
2016-10-25,24.799999237060547,24.799999237060547,24.799999237060547,24.799999237060547,28002
2016-10-26,24.850000381469727,25.0,24.75,24.899999618530273,52006
2016-10-27,24.899999618530273,25.0,24.899999618530273,24.899999618530273,55000
2016-10-28,24.950000762939453,25.100000381469727,24.950000762939453,25.100000381469727,39004
2016-10-31,25.299999237060547,25.649999618530273,25.0,25.0,366003
2016-11-01,25.049999237060547,25.049999237060547,24.700000762939453,24.700000762939453,88004
2016-11-02,24.5,24.600000381469727,24.049999237060547,24.600000381469727,156002
2016-11-03,24.25,24.549999237060547,24.200000762939453,24.549999237060547,53498
2016-11-04,24.5,24.549999237060547,24.299999237060547,24.549999237060547,34001
2016-11-07,24.450000762939453,24.450000762939453,24.299999237060547,24.399999618530273,47004
2016-11-08,24.25,24.450000762939453,24.0,24.299999237060547,23001
2016-11-09,24.100000381469727,24.100000381469727,23.5,23.649999618530273,124004
2016-11-10,23.5,23.899999618530273,23.5,23.600000381469727,47200
2016-11-11,23.299999237060547,23.299999237060547,21.25,21.649999618530273,472146
2016-11-14,21.75,21.799999237060547,21.649999618530273,21.799999237060547,101021
2016-11-15,21.799999237060547,22.0,21.75,21.950000762939453,38000
2016-11-16,21.950000762939453,22.25,21.950000762939453,22.200000762939453,28000
2016-11-17,22.200000762939453,22.350000381469727,22.200000762939453,22.200000762939453,27000
2016-11-18,22.25,22.399999618530273,22.200000762939453,22.399999618530273,14113
2016-11-21,22.25,22.450000762939453,22.25,22.450000762939453,6000
2016-11-22,22.549999237060547,22.950000762939453,22.549999237060547,22.950000762939453,17000
2016-11-23,22.799999237060547,22.899999618530273,22.600000381469727,22.850000381469727,33248
2016-11-24,22.75,22.799999237060547,22.600000381469727,22.799999237060547,19001
2016-11-25,22.649999618530273,22.649999618530273,22.649999618530273,22.649999618530273,29000
2016-11-28,22.700000762939453,22.799999237060547,22.700000762939453,22.700000762939453,10004
2016-11-29,22.600000381469727,22.600000381469727,22.600000381469727,22.600000381469727,6000
2016-11-30,22.600000381469727,22.799999237060547,22.600000381469727,22.799999237060547,5350
2016-12-01,22.799999237060547,22.799999237060547,22.799999237060547,22.799999237060547,4000
2016-12-02,22.75,22.75,22.549999237060547,22.549999237060547,8004
2016-12-05,22.5,22.700000762939453,22.5,22.549999237060547,19058
2016-12-06,22.600000381469727,22.899999618530273,22.600000381469727,22.899999618530273,8002
2016-12-07,22.899999618530273,22.899999618530273,22.850000381469727,22.850000381469727,19182
2016-12-08,22.850000381469727,22.899999618530273,22.75,22.799999237060547,17002
2016-12-09,22.850000381469727,23.100000381469727,22.850000381469727,22.899999618530273,30000
2016-12-12,23.149999618530273,23.200000762939453,22.799999237060547,22.799999237060547,70047
2016-12-13,23.100000381469727,23.149999618530273,23.0,23.149999618530273,15001
2016-12-14,23.100000381469727,23.399999618530273,23.100000381469727,23.149999618530273,26002
2016-12-15,22.850000381469727,23.100000381469727,22.850000381469727,23.100000381469727,5001
2016-12-16,22.950000762939453,23.100000381469727,22.950000762939453,23.0,17003
2016-12-19,23.0,23.100000381469727,22.850000381469727,22.850000381469727,22364
2016-12-20,22.850000381469727,23.0,22.75,23.0,12003
2016-12-21,23.0,23.0,23.0,23.0,1004
2016-12-22,22.950000762939453,23.0,22.799999237060547,23.0,36002
2016-12-23,22.799999237060547,23.100000381469727,22.799999237060547,22.899999618530273,23004
2016-12-26,23.049999237060547,23.299999237060547,23.049999237060547,23.299999237060547,7006
2016-12-27,23.25,23.399999618530273,23.0,23.299999237060547,14500
2016-12-28,22.899999618530273,23.350000381469727,22.899999618530273,23.350000381469727,15007
2016-12-29,23.0,23.399999618530273,23.0,23.200000762939453,15002
2016-12-30,23.200000762939453,23.399999618530273,23.200000762939453,23.399999618530273,24001
2017-01-03,23.350000381469727,23.5,23.25,23.5,29005
2017-01-04,23.649999618530273,23.700000762939453,23.649999618530273,23.700000762939453,4011
2017-01-05,23.850000381469727,23.850000381469727,23.299999237060547,23.649999618530273,39006
2017-01-06,23.649999618530273,23.75,23.350000381469727,23.700000762939453,26513
2017-01-09,23.700000762939453,23.899999618530273,23.700000762939453,23.850000381469727,39011
2017-01-10,23.5,24.0,23.5,23.899999618530273,24170
2017-01-11,23.799999237060547,24.0,23.799999237060547,24.0,75180
2017-01-12,24.200000762939453,24.450000762939453,24.100000381469727,24.100000381469727,89010
2017-01-13,24.100000381469727,24.299999237060547,24.0,24.299999237060547,63049
2017-01-16,24.299999237060547,24.600000381469727,24.049999237060547,24.5,35006
2017-01-17,24.450000762939453,24.950000762939453,24.450000762939453,24.600000381469727,50003
2017-01-18,24.600000381469727,24.799999237060547,24.600000381469727,24.700000762939453,61006
2017-01-19,24.700000762939453,24.700000762939453,24.5,24.5,21002
2017-01-20,24.5,24.600000381469727,24.5,24.600000381469727,18303
2017-01-23,24.600000381469727,24.600000381469727,24.299999237060547,24.5,67011
2017-01-24,24.5,24.600000381469727,24.350000381469727,24.600000381469727,29004
2017-02-02,24.450000762939453,24.600000381469727,24.399999618530273,24.600000381469727,11068
2017-02-03,24.5,24.600000381469727,24.399999618530273,24.600000381469727,15343
2017-02-06,24.600000381469727,24.600000381469727,24.399999618530273,24.600000381469727,55126
2017-02-07,24.600000381469727,24.600000381469727,24.350000381469727,24.350000381469727,27416
2017-02-08,24.600000381469727,24.600000381469727,24.5,24.5,22500
2017-02-09,24.5,24.549999237060547,24.100000381469727,24.5,76038
2017-02-10,24.5,24.600000381469727,23.799999237060547,24.350000381469727,68112
2017-02-13,24.299999237060547,24.350000381469727,24.049999237060547,24.049999237060547,18050
2017-02-14,24.0,24.299999237060547,23.700000762939453,24.299999237060547,35017
2017-02-15,24.100000381469727,24.600000381469727,24.100000381469727,24.149999618530273,58996
2017-02-16,24.200000762939453,24.25,24.100000381469727,24.100000381469727,106440
2017-02-17,23.950000762939453,24.25,23.950000762939453,24.200000762939453,26018
2017-02-20,24.600000381469727,24.799999237060547,24.200000762939453,24.200000762939453,49143
2017-02-21,24.100000381469727,24.549999237060547,24.100000381469727,24.5,46013
2017-02-22,24.850000381469727,25.399999618530273,24.850000381469727,24.899999618530273,562013
2017-02-23,24.899999618530273,25.450000762939453,24.899999618530273,25.0,59035
2017-02-24,25.200000762939453,25.200000762939453,24.850000381469727,24.850000381469727,53043
2017-03-01,25.200000762939453,25.299999237060547,24.899999618530273,24.899999618530273,52068
2017-03-02,25.299999237060547,25.450000762939453,25.0,25.049999237060547,65010
2017-03-03,25.049999237060547,25.049999237060547,25.0,25.0,18000
2017-03-06,25.0,25.200000762939453,24.799999237060547,24.799999237060547,56044
2017-03-07,24.799999237060547,24.799999237060547,24.700000762939453,24.700000762939453,24091
2017-03-08,24.75,25.149999618530273,24.75,25.0,21015
2017-03-09,25.5,25.600000381469727,25.200000762939453,25.200000762939453,155022
2017-03-10,25.450000762939453,25.799999237060547,25.200000762939453,25.600000381469727,215160
2017-03-13,26.0,26.049999237060547,25.75,25.950000762939453,128063
2017-03-14,25.75,26.299999237060547,25.700000762939453,25.950000762939453,94018
2017-03-15,25.950000762939453,27.799999237060547,25.950000762939453,26.850000381469727,321550
2017-03-16,27.0,27.0,26.350000381469727,26.799999237060547,116665
2017-03-17,27.0,27.299999237060547,26.799999237060547,27.25,115232
2017-03-20,27.399999618530273,27.399999618530273,26.700000762939453,27.25,75091
2017-03-21,27.100000381469727,27.299999237060547,26.899999618530273,27.25,130827
2017-03-22,27.0,27.350000381469727,27.0,27.200000762939453,108027
2017-03-23,27.450000762939453,27.450000762939453,27.0,27.100000381469727,53024
2017-03-24,27.100000381469727,27.399999618530273,26.899999618530273,27.299999237060547,43040
2017-03-27,27.200000762939453,27.200000762939453,26.899999618530273,26.950000762939453,115419
2017-03-28,27.0,27.0,26.399999618530273,26.850000381469727,70147
2017-03-29,27.0,27.0,26.399999618530273,26.75,87038
2017-03-30,26.75,26.899999618530273,26.5,26.850000381469727,81029
2017-03-31,26.850000381469727,26.950000762939453,26.549999237060547,26.899999618530273,64039
2017-04-05,26.799999237060547,27.100000381469727,26.799999237060547,27.100000381469727,13119
2017-04-06,27.100000381469727,27.399999618530273,27.0,27.25,64189
2017-04-07,27.299999237060547,27.299999237060547,27.049999237060547,27.299999237060547,42033
2017-04-10,27.399999618530273,27.399999618530273,27.0,27.100000381469727,44724
2017-04-11,27.049999237060547,27.049999237060547,26.5,26.5,72039
2017-04-12,26.5,26.799999237060547,26.399999618530273,26.799999237060547,96029
2017-04-13,26.799999237060547,26.799999237060547,26.399999618530273,26.450000762939453,76000
2017-04-14,26.5,26.549999237060547,26.149999618530273,26.350000381469727,58500
2017-04-17,26.149999618530273,26.399999618530273,26.100000381469727,26.399999618530273,22025
2017-04-18,26.399999618530273,26.549999237060547,26.299999237060547,26.549999237060547,30022
2017-04-19,26.399999618530273,26.399999618530273,26.149999618530273,26.149999618530273,20027
2017-04-20,26.600000381469727,26.600000381469727,26.100000381469727,26.5,55007
2017-04-21,26.549999237060547,26.549999237060547,26.149999618530273,26.299999237060547,19105
2017-04-24,26.200000762939453,26.399999618530273,26.0,26.200000762939453,38001
2017-04-25,26.049999237060547,26.450000762939453,26.049999237060547,26.100000381469727,17007
2017-04-26,26.399999618530273,26.399999618530273,26.399999618530273,26.399999618530273,1006
2017-04-27,26.200000762939453,26.299999237060547,26.0,26.299999237060547,38000
2017-04-28,26.299999237060547,26.450000762939453,26.049999237060547,26.299999237060547,65004
2017-05-02,26.399999618530273,26.799999237060547,26.399999618530273,26.700000762939453,115002
2017-05-03,26.700000762939453,27.0,26.600000381469727,26.799999237060547,32002
2017-05-04,27.0,27.149999618530273,26.649999618530273,27.0,34006
2017-05-05,26.649999618530273,26.649999618530273,26.5,26.5,32004
2017-05-08,26.899999618530273,26.899999618530273,26.5,26.899999618530273,14003
2017-05-09,26.600000381469727,26.600000381469727,26.049999237060547,26.5,92001
2017-05-10,26.0,26.0,25.200000762939453,25.350000381469727,357001
2017-05-11,25.299999237060547,25.5,25.149999618530273,25.450000762939453,192001
2017-05-12,25.0,25.0,24.25,24.700000762939453,726000
2017-05-15,24.700000762939453,24.799999237060547,24.5,24.799999237060547,120227
2017-05-16,24.799999237060547,25.25,24.799999237060547,24.899999618530273,163663
2017-05-17,25.149999618530273,25.149999618530273,24.899999618530273,24.899999618530273,18001
2017-05-18,24.899999618530273,25.25,24.899999618530273,25.0,52119
2017-05-19,24.899999618530273,25.299999237060547,24.899999618530273,25.25,33003
2017-05-22,25.100000381469727,25.600000381469727,25.100000381469727,25.600000381469727,29052
2017-05-23,25.600000381469727,25.950000762939453,25.600000381469727,25.799999237060547,59000
2017-05-24,25.899999618530273,25.899999618530273,25.799999237060547,25.799999237060547,25000
2017-05-25,25.799999237060547,25.799999237060547,25.75,25.75,10000
2017-05-26,25.5,25.75,25.5,25.75,57535
2017-05-31,25.5,25.600000381469727,25.5,25.549999237060547,8002
2017-06-01,25.5,25.75,25.450000762939453,25.75,33000
2017-06-02,25.5,25.600000381469727,25.5,25.600000381469727,41300
2017-06-05,25.5,25.75,25.299999237060547,25.75,30001
2017-06-06,25.5,25.549999237060547,25.5,25.549999237060547,20000
2017-06-07,25.600000381469727,25.600000381469727,25.5,25.5,64001
2017-06-08,25.5,25.600000381469727,25.5,25.600000381469727,18014
2017-06-09,25.5,25.600000381469727,25.450000762939453,25.600000381469727,32000
2017-06-12,25.600000381469727,25.600000381469727,25.5,25.5,71000
2017-06-13,25.5,25.950000762939453,25.5,25.950000762939453,92000
2017-06-14,25.899999618530273,26.0,25.5,25.549999237060547,69000
2017-06-15,25.549999237060547,25.549999237060547,25.549999237060547,25.549999237060547,10001
2017-06-16,25.5,25.649999618530273,25.5,25.5,8031
2017-06-19,25.5,25.649999618530273,25.5,25.5,38009
2017-06-20,25.600000381469727,25.600000381469727,25.600000381469727,25.600000381469727,2000
2017-06-21,25.600000381469727,26.0,25.549999237060547,25.549999237060547,10000
2017-06-22,25.700000762939453,25.700000762939453,25.600000381469727,25.600000381469727,33103
2017-06-23,25.600000381469727,25.799999237060547,25.600000381469727,25.799999237060547,6001
2017-06-26,25.600000381469727,25.600000381469727,25.600000381469727,25.600000381469727,1010
2017-06-27,25.850000381469727,25.950000762939453,25.5,25.5,6100
2017-06-28,25.899999618530273,25.950000762939453,25.450000762939453,25.600000381469727,28000
2017-06-29,25.5,25.549999237060547,25.5,25.549999237060547,4500
2017-06-30,25.5,25.5,25.5,25.5,39002
2017-07-03,25.899999618530273,25.899999618530273,25.399999618530273,25.5,37536
2017-07-04,25.549999237060547,26.0,25.549999237060547,26.0,90040
2017-07-05,25.649999618530273,25.649999618530273,25.600000381469727,25.600000381469727,5022
2017-07-06,25.600000381469727,26.700000762939453,25.600000381469727,23.850000381469727,175500
2017-07-07,24.0,24.299999237060547,23.75,24.200000762939453,194202
2017-07-10,24.5,25.049999237060547,24.5,25.0,86271
2017-07-11,24.549999237060547,24.600000381469727,24.549999237060547,24.600000381469727,2010
2017-07-12,25.0,25.049999237060547,24.700000762939453,24.700000762939453,11102
2017-07-13,24.649999618530273,24.75,24.649999618530273,24.75,21100
2017-07-14,24.700000762939453,25.0,24.700000762939453,25.0,13191
2017-07-17,25.799999237060547,25.899999618530273,25.149999618530273,25.149999618530273,151100
2017-07-18,25.200000762939453,25.200000762939453,25.200000762939453,25.200000762939453,2329
2017-07-19,25.299999237060547,25.299999237060547,24.850000381469727,24.899999618530273,28600
2017-07-20,24.899999618530273,25.0,24.899999618530273,25.0,20001
2017-07-21,25.0,25.0,25.0,25.0,0
2017-07-24,24.850000381469727,24.950000762939453,24.850000381469727,24.950000762939453,7178
2017-07-25,24.850000381469727,24.899999618530273,24.799999237060547,24.899999618530273,21500
2017-07-26,25.0,25.0,24.899999618530273,24.950000762939453,13000
2017-07-27,24.950000762939453,25.0,24.950000762939453,24.950000762939453,38000
2017-07-28,25.100000381469727,25.100000381469727,24.899999618530273,24.899999618530273,29000
2017-07-31,25.0,25.0,24.899999618530273,24.899999618530273,6004
2017-08-01,25.0,25.0,24.899999618530273,25.0,13500
2017-08-02,25.0,25.0,24.950000762939453,24.950000762939453,11539
2017-08-03,24.899999618530273,24.950000762939453,24.899999618530273,24.950000762939453,26001
2017-08-04,24.950000762939453,24.950000762939453,24.950000762939453,24.950000762939453,20
2017-08-07,24.950000762939453,24.950000762939453,24.700000762939453,24.700000762939453,20465
2017-08-08,24.700000762939453,24.700000762939453,24.600000381469727,24.600000381469727,14002
2017-08-09,25.450000762939453,25.450000762939453,24.200000762939453,24.75,63100
2017-08-10,24.399999618530273,24.450000762939453,24.399999618530273,24.399999618530273,21737
2017-08-11,24.399999618530273,24.450000762939453,24.399999618530273,24.450000762939453,18164
2017-08-14,24.450000762939453,24.649999618530273,24.450000762939453,24.549999237060547,23337
2017-08-15,24.5,24.5,24.5,24.5,5100
2017-08-16,24.600000381469727,24.700000762939453,24.5,24.700000762939453,8000
2017-08-17,24.700000762939453,24.700000762939453,24.600000381469727,24.700000762939453,25400
2017-08-18,24.700000762939453,24.75,24.700000762939453,24.75,8020
2017-08-21,24.899999618530273,24.899999618530273,24.799999237060547,24.799999237060547,15000
2017-08-22,24.899999618530273,25.0,24.600000381469727,24.649999618530273,231019
2017-08-23,24.700000762939453,24.700000762939453,24.700000762939453,24.700000762939453,5001
2017-08-24,24.700000762939453,24.950000762939453,24.700000762939453,24.799999237060547,32001
2017-08-25,25.149999618530273,25.149999618530273,24.899999618530273,24.899999618530273,6120
2017-08-28,25.100000381469727,25.200000762939453,25.0,25.200000762939453,35056
2017-08-29,25.200000762939453,25.200000762939453,24.950000762939453,24.950000762939453,9003
2017-08-30,25.0,25.100000381469727,25.0,25.100000381469727,31000
2017-08-31,24.899999618530273,24.899999618530273,24.899999618530273,24.899999618530273,5000
2017-09-01,25.0,25.0,24.850000381469727,24.850000381469727,16002
2017-09-04,24.850000381469727,24.850000381469727,24.799999237060547,24.799999237060547,44000
2017-09-05,25.299999237060547,25.5,25.299999237060547,25.5,81500
2017-09-06,25.5,25.799999237060547,25.25,25.25,7102
2017-09-07,25.0,25.0,24.850000381469727,25.0,26000
2017-09-08,25.0,25.0,24.950000762939453,24.950000762939453,2000
2017-09-11,24.850000381469727,24.899999618530273,24.850000381469727,24.899999618530273,12051
2017-09-12,24.899999618530273,24.899999618530273,24.899999618530273,24.899999618530273,9001
2017-09-13,25.200000762939453,25.200000762939453,25.0,25.0,9000
2017-09-14,25.0,25.0,24.899999618530273,24.950000762939453,3000
2017-09-15,25.0,25.0,24.5,24.600000381469727,18594
2017-09-18,24.799999237060547,24.950000762939453,24.5,24.950000762939453,47718
2017-09-19,24.950000762939453,24.950000762939453,24.799999237060547,24.799999237060547,7110
2017-09-20,24.600000381469727,24.600000381469727,24.600000381469727,24.600000381469727,1001
2017-09-21,24.600000381469727,24.600000381469727,24.600000381469727,24.600000381469727,5000
2017-09-22,24.600000381469727,24.600000381469727,24.600000381469727,24.600000381469727,13004
2017-09-25,24.600000381469727,24.600000381469727,24.0,24.600000381469727,26001
2017-09-26,24.600000381469727,24.600000381469727,24.600000381469727,24.600000381469727,82
2017-09-27,24.700000762939453,24.700000762939453,24.5,24.5,3001
2017-09-28,24.450000762939453,24.5,24.399999618530273,24.5,18000
2017-09-29,24.600000381469727,24.600000381469727,24.600000381469727,24.600000381469727,1000
2017-10-02,24.649999618530273,24.649999618530273,24.5,24.600000381469727,19000
2017-10-03,24.649999618530273,24.649999618530273,24.399999618530273,24.600000381469727,6087
2017-10-05,24.600000381469727,24.75,24.5,24.75,16000
2017-10-06,24.950000762939453,24.950000762939453,24.549999237060547,24.600000381469727,8316
2017-10-11,24.600000381469727,24.600000381469727,24.5,24.600000381469727,17002
2017-10-12,24.600000381469727,24.600000381469727,24.600000381469727,24.600000381469727,25001
2017-10-13,24.600000381469727,24.75,24.549999237060547,24.75,15001
2017-10-16,24.75,24.75,24.649999618530273,24.649999618530273,17036
2017-10-17,24.600000381469727,24.700000762939453,24.549999237060547,24.700000762939453,14000
2017-10-18,24.600000381469727,24.700000762939453,24.549999237060547,24.700000762939453,16000
2017-10-19,24.700000762939453,24.700000762939453,24.700000762939453,24.700000762939453,12000
2017-10-20,24.700000762939453,24.700000762939453,24.649999618530273,24.700000762939453,6000
2017-10-23,24.700000762939453,24.700000762939453,24.700000762939453,24.700000762939453,10001
2017-10-24,24.600000381469727,24.799999237060547,24.600000381469727,24.799999237060547,45000
2017-10-25,24.799999237060547,24.799999237060547,24.700000762939453,24.700000762939453,7121
2017-10-26,24.549999237060547,25.0,24.549999237060547,25.0,100002
2017-10-27,25.0,25.399999618530273,24.700000762939453,25.100000381469727,87001
2017-10-30,25.0,25.100000381469727,25.0,25.100000381469727,6001
2017-10-31,25.100000381469727,25.100000381469727,24.899999618530273,24.899999618530273,8461
2017-11-01,24.899999618530273,25.799999237060547,24.899999618530273,25.700000762939453,117803
2017-11-02,25.700000762939453,26.299999237060547,25.700000762939453,26.299999237060547,62000
2017-11-03,26.299999237060547,26.299999237060547,25.799999237060547,26.299999237060547,93100
2017-11-06,26.200000762939453,26.350000381469727,26.0,26.350000381469727,24000
2017-11-07,25.700000762939453,26.299999237060547,25.700000762939453,26.299999237060547,19140
2017-11-08,26.299999237060547,26.5,25.850000381469727,26.399999618530273,10500
2017-11-09,25.549999237060547,26.399999618530273,25.399999618530273,26.399999618530273,112130
2017-11-10,26.5,26.5,25.799999237060547,26.399999618530273,29160
2017-11-13,26.549999237060547,26.549999237060547,25.399999618530273,25.700000762939453,28015
2017-11-14,25.549999237060547,26.200000762939453,25.5,26.200000762939453,23000
2017-11-15,25.75,26.350000381469727,25.75,26.350000381469727,40005
2017-11-16,26.100000381469727,26.350000381469727,26.100000381469727,26.100000381469727,34002
2017-11-17,25.899999618530273,25.899999618530273,25.899999618530273,25.899999618530273,2001
2017-11-20,25.799999237060547,25.799999237060547,25.75,25.75,17000
2017-11-21,25.600000381469727,26.0,25.600000381469727,26.0,81085
2017-11-22,25.799999237060547,26.0,25.799999237060547,26.0,4000
2017-11-23,25.75,26.100000381469727,25.75,26.100000381469727,8000
2017-11-24,26.25,26.25,26.100000381469727,26.100000381469727,3000
2017-11-27,25.700000762939453,25.799999237060547,25.700000762939453,25.799999237060547,6000
2017-11-28,25.799999237060547,26.299999237060547,25.799999237060547,26.299999237060547,44503
2017-11-29,26.049999237060547,26.049999237060547,26.0,26.0,4001
2017-11-30,25.799999237060547,26.149999618530273,25.799999237060547,25.850000381469727,17001
2017-12-01,25.649999618530273,25.649999618530273,25.600000381469727,25.600000381469727,6001
2017-12-04,25.700000762939453,25.700000762939453,25.549999237060547,25.700000762939453,16003
2017-12-05,25.649999618530273,26.0,25.600000381469727,25.700000762939453,17159
2017-12-06,25.649999618530273,25.700000762939453,25.549999237060547,25.549999237060547,27000
2017-12-07,25.450000762939453,25.850000381469727,25.25,25.549999237060547,46000
2017-12-08,26.200000762939453,26.200000762939453,25.600000381469727,25.649999618530273,38000
2017-12-11,25.600000381469727,25.600000381469727,25.549999237060547,25.600000381469727,6000
2017-12-12,25.600000381469727,25.799999237060547,25.600000381469727,25.700000762939453,23000
2017-12-13,25.950000762939453,26.149999618530273,25.950000762939453,26.149999618530273,42500
2017-12-14,26.200000762939453,26.200000762939453,25.899999618530273,25.899999618530273,36100
2017-12-15,26.0,26.399999618530273,25.899999618530273,25.899999618530273,46001
2017-12-18,26.299999237060547,26.350000381469727,26.0,26.350000381469727,22570
2017-12-19,26.299999237060547,26.299999237060547,26.100000381469727,26.100000381469727,11002
2017-12-20,26.350000381469727,26.5,26.299999237060547,26.299999237060547,46002
2017-12-21,26.549999237060547,26.549999237060547,26.25,26.299999237060547,9094
2017-12-22,26.299999237060547,26.299999237060547,26.149999618530273,26.149999618530273,5000
2017-12-25,26.0,26.049999237060547,25.899999618530273,26.0,13002
2017-12-26,26.0,26.0,26.0,26.0,3002
2017-12-27,25.950000762939453,25.950000762939453,25.899999618530273,25.899999618530273,3003
2017-12-28,25.799999237060547,25.799999237060547,25.799999237060547,25.799999237060547,1003
2017-12-29,25.799999237060547,25.799999237060547,25.799999237060547,25.799999237060547,0
2018-01-02,25.899999618530273,25.899999618530273,25.899999618530273,25.899999618530273,2003
2018-01-03,25.899999618530273,25.899999618530273,25.899999618530273,25.899999618530273,5003
2018-01-04,25.700000762939453,26.200000762939453,25.700000762939453,25.850000381469727,29500
2018-01-05,25.75,26.600000381469727,25.75,26.0,43501
2018-01-08,26.75,26.75,26.100000381469727,26.100000381469727,30055
2018-01-09,26.200000762939453,26.200000762939453,26.049999237060547,26.049999237060547,6003
2018-01-10,26.0,26.0,26.0,26.0,16001
2018-01-11,26.0,26.0,26.0,26.0,3076
2018-01-12,26.0,26.0,26.0,26.0,3
2018-01-15,25.950000762939453,25.950000762939453,25.950000762939453,25.950000762939453,2004
2018-01-16,25.950000762939453,26.049999237060547,25.950000762939453,25.950000762939453,15001
2018-01-17,25.899999618530273,26.0,25.899999618530273,25.950000762939453,20009
2018-01-18,25.950000762939453,25.950000762939453,25.899999618530273,25.950000762939453,6001
2018-01-19,26.0,26.200000762939453,26.0,26.200000762939453,4001
2018-01-22,26.0,26.5,26.0,26.399999618530273,57213
2018-01-23,26.549999237060547,26.549999237060547,26.549999237060547,26.549999237060547,1001
2018-01-24,26.0,26.0,26.0,26.0,6102
2018-01-25,26.0,26.0,26.0,26.0,3119
2018-01-26,26.0,26.0,26.0,26.0,4007
2018-01-29,26.200000762939453,26.200000762939453,26.200000762939453,26.200000762939453,1001
2018-01-30,26.0,26.0,26.0,26.0,1000
2018-01-31,26.0,26.049999237060547,25.899999618530273,26.0,21005
2018-02-01,26.25,26.399999618530273,26.0,26.399999618530273,44005
2018-02-02,26.25,26.25,26.25,26.25,4001
2018-02-05,25.899999618530273,25.950000762939453,25.799999237060547,25.950000762939453,4005
2018-02-06,25.899999618530273,25.950000762939453,25.299999237060547,25.950000762939453,36003
2018-02-07,25.700000762939453,25.700000762939453,25.600000381469727,25.600000381469727,4005
2018-02-08,25.75,25.75,25.75,25.75,1
2018-02-09,25.75,25.75,25.75,25.75,0
2018-02-12,25.799999237060547,25.850000381469727,25.799999237060547,25.850000381469727,4002
2018-02-21,25.75,25.899999618530273,25.649999618530273,25.649999618530273,15334
2018-02-22,25.5,25.899999618530273,25.5,25.899999618530273,15005
2018-02-23,25.850000381469727,25.950000762939453,25.850000381469727,25.950000762939453,21007
2018-02-26,25.950000762939453,26.350000381469727,25.950000762939453,26.350000381469727,22646
2018-02-27,26.100000381469727,26.100000381469727,26.100000381469727,26.100000381469727,3013
2018-03-01,26.200000762939453,26.549999237060547,26.200000762939453,26.549999237060547,31017
2018-03-02,26.299999237060547,26.399999618530273,26.100000381469727,26.100000381469727,15012
2018-03-05,26.200000762939453,26.200000762939453,26.200000762939453,26.200000762939453,6020
2018-03-06,26.200000762939453,26.700000762939453,26.200000762939453,26.5,67568
2018-03-07,26.5,26.5,26.149999618530273,26.399999618530273,8004
2018-03-08,26.850000381469727,29.0,26.700000762939453,27.0,328012
2018-03-09,27.549999237060547,28.0,26.399999618530273,27.0,115010
2018-03-12,27.0,27.0,26.5,26.600000381469727,168011
2018-03-13,26.600000381469727,26.600000381469727,26.350000381469727,26.350000381469727,19006
2018-03-14,26.399999618530273,26.549999237060547,26.299999237060547,26.399999618530273,60004
2018-03-15,26.399999618530273,26.950000762939453,26.350000381469727,26.350000381469727,59009
2018-03-16,26.850000381469727,27.100000381469727,26.600000381469727,26.600000381469727,51213
2018-03-19,26.799999237060547,26.799999237060547,26.299999237060547,26.299999237060547,16048
2018-03-20,26.399999618530273,26.399999618530273,26.399999618530273,26.399999618530273,13216
2018-03-21,26.950000762939453,26.950000762939453,26.350000381469727,26.350000381469727,15794
2018-03-22,26.399999618530273,26.799999237060547,26.399999618530273,26.799999237060547,24284
2018-03-23,27.0,27.600000381469727,25.799999237060547,26.600000381469727,167203
2018-03-26,26.600000381469727,26.799999237060547,26.549999237060547,26.549999237060547,13195
2018-03-27,26.799999237060547,27.0,26.600000381469727,26.799999237060547,28219
2018-03-28,26.299999237060547,26.5,26.299999237060547,26.5,25032
2018-03-29,26.5,27.0,26.5,27.0,84602
2018-03-30,27.100000381469727,27.100000381469727,26.899999618530273,26.899999618530273,18004
2018-04-02,27.049999237060547,27.200000762939453,27.049999237060547,27.200000762939453,2588
2018-04-03,27.200000762939453,27.200000762939453,27.0,27.0,17005
2018-04-09,27.299999237060547,27.299999237060547,26.600000381469727,26.950000762939453,19219
2018-04-10,27.299999237060547,28.399999618530273,27.299999237060547,27.700000762939453,141010
2018-04-11,27.549999237060547,28.5,27.549999237060547,28.299999237060547,120286
2018-04-12,28.399999618530273,31.100000381469727,28.100000381469727,30.899999618530273,661939
2018-04-13,31.299999237060547,31.700000762939453,30.149999618530273,30.799999237060547,348100
2018-04-16,30.700000762939453,33.79999923706055,30.700000762939453,30.799999237060547,410065
2018-04-17,30.799999237060547,30.850000381469727,30.100000381469727,30.100000381469727,140100
2018-04-18,29.799999237060547,29.799999237060547,29.049999237060547,29.350000381469727,95200
2018-04-19,29.399999618530273,30.200000762939453,29.399999618530273,29.600000381469727,86180
2018-04-20,29.25,32.54999923706055,29.25,32.54999923706055,930000
2018-04-23,34.099998474121094,34.599998474121094,31.0,32.70000076293945,873210
2018-04-24,32.5,32.5,30.700000762939453,30.799999237060547,118700
2018-04-25,30.899999618530273,31.299999237060547,30.049999237060547,30.200000762939453,211150
2018-04-26,30.350000381469727,30.350000381469727,28.899999618530273,28.950000762939453,97006
2018-04-27,29.0,29.0,28.299999237060547,28.549999237060547,50805
2018-04-30,28.600000381469727,28.600000381469727,28.149999618530273,28.149999618530273,30120
2018-05-02,28.0,28.450000762939453,28.0,28.299999237060547,28007
2018-05-03,28.0,28.100000381469727,27.850000381469727,27.950000762939453,34001
2018-05-04,28.850000381469727,28.850000381469727,27.899999618530273,28.25,47180
2018-05-07,28.049999237060547,28.450000762939453,27.950000762939453,28.149999618530273,47002
2018-05-08,27.850000381469727,28.0,27.850000381469727,27.950000762939453,24003
2018-05-09,28.100000381469727,28.299999237060547,28.049999237060547,28.299999237060547,12620
2018-05-10,28.299999237060547,29.049999237060547,28.299999237060547,29.049999237060547,34686
2018-05-11,29.100000381469727,29.100000381469727,28.850000381469727,29.0,20955
2018-05-14,29.049999237060547,29.100000381469727,28.899999618530273,29.0,22000
2018-05-15,29.5,31.100000381469727,29.100000381469727,30.799999237060547,111002
2018-05-16,30.700000762939453,30.899999618530273,30.600000381469727,30.700000762939453,56100
2018-05-17,30.700000762939453,31.950000762939453,30.700000762939453,31.399999618530273,37566
2018-05-18,31.399999618530273,32.099998474121094,31.399999618530273,32.099998474121094,160001
2018-05-21,32.0,32.45000076293945,31.75,31.75,32595
2018-05-22,31.75,31.75,31.149999618530273,31.149999618530273,72101
2018-05-23,31.049999237060547,31.100000381469727,30.75,31.0,50606
2018-05-24,30.799999237060547,31.0,30.799999237060547,31.0,20001
2018-05-25,30.899999618530273,31.100000381469727,30.799999237060547,31.100000381469727,34096
2018-05-28,31.0,31.5,30.75,31.149999618530273,26079
2018-05-29,31.0,31.149999618530273,30.75,30.75,51089
2018-05-30,30.75,30.75,30.5,30.75,13001
2018-05-31,30.75,30.850000381469727,30.600000381469727,30.700000762939453,8114
2018-06-01,30.75,30.75,30.549999237060547,30.649999618530273,6000
2018-06-04,30.649999618530273,30.75,30.649999618530273,30.649999618530273,59150
2018-06-05,30.899999618530273,30.899999618530273,30.299999237060547,30.649999618530273,12606
2018-06-06,30.700000762939453,30.799999237060547,30.600000381469727,30.600000381469727,33101
2018-06-07,30.5,30.5,30.200000762939453,30.25,33500
2018-06-08,30.350000381469727,30.600000381469727,30.25,30.5,30131
2018-06-11,30.399999618530273,30.700000762939453,30.399999618530273,30.700000762939453,10000
2018-06-12,30.700000762939453,30.700000762939453,30.200000762939453,30.200000762939453,9000
2018-06-13,30.25,30.649999618530273,30.25,30.649999618530273,2000
2018-06-14,30.350000381469727,30.350000381469727,29.600000381469727,29.600000381469727,54110
2018-06-15,29.600000381469727,30.0,29.600000381469727,30.0,30001
2018-06-19,30.0,30.0,29.5,29.649999618530273,8002
2018-06-20,29.649999618530273,29.649999618530273,29.100000381469727,29.200000762939453,19000
2018-06-21,29.200000762939453,30.75,29.200000762939453,30.75,15000
2018-06-22,30.200000762939453,30.399999618530273,30.100000381469727,30.399999618530273,4500
2018-06-25,30.0,30.899999618530273,30.0,30.450000762939453,71001
2018-06-26,30.700000762939453,30.899999618530273,30.600000381469727,30.899999618530273,39119
2018-06-27,31.299999237060547,31.299999237060547,30.799999237060547,31.049999237060547,24401
2018-06-28,31.049999237060547,31.950000762939453,31.0,31.0,11000
2018-06-29,31.049999237060547,31.049999237060547,31.049999237060547,31.049999237060547,1000
2018-07-02,31.049999237060547,31.049999237060547,31.049999237060547,31.049999237060547,0
2018-07-03,31.049999237060547,31.049999237060547,30.600000381469727,30.799999237060547,19000
2018-07-04,30.799999237060547,30.799999237060547,30.799999237060547,30.799999237060547,5001
2018-07-05,30.399999618530273,30.799999237060547,30.399999618530273,30.5,11311
2018-07-06,30.25,30.700000762939453,30.200000762939453,30.5,40000
2018-07-09,30.649999618530273,31.100000381469727,30.649999618530273,31.100000381469727,14001
2018-07-10,31.200000762939453,31.299999237060547,30.700000762939453,29.25,22001
2018-07-11,29.350000381469727,29.350000381469727,28.700000762939453,29.25,13047
2018-07-12,29.0,29.0,29.0,29.0,1000
2018-07-13,28.549999237060547,28.549999237060547,28.549999237060547,28.549999237060547,1004
2018-07-16,29.25,29.450000762939453,29.25,29.399999618530273,12002
2018-07-17,29.75,30.149999618530273,29.200000762939453,30.149999618530273,30000
2018-07-18,30.200000762939453,30.899999618530273,30.0,30.049999237060547,23001
2018-07-19,29.950000762939453,29.950000762939453,29.899999618530273,29.899999618530273,2000
2018-07-20,29.950000762939453,29.950000762939453,29.899999618530273,29.950000762939453,5000
2018-07-23,30.0,30.100000381469727,29.899999618530273,29.899999618530273,15002
2018-07-24,30.5,30.5,30.100000381469727,30.25,49000
2018-07-25,30.25,31.0,30.25,30.399999618530273,59000
2018-07-26,30.450000762939453,31.200000762939453,30.450000762939453,30.600000381469727,34518
2018-07-27,30.799999237060547,31.299999237060547,30.200000762939453,31.0,70002
2018-07-30,31.0,31.149999618530273,30.600000381469727,30.600000381469727,33000
2018-07-31,31.100000381469727,31.600000381469727,30.799999237060547,31.200000762939453,103000
2018-08-01,31.200000762939453,31.899999618530273,30.899999618530273,31.450000762939453,105500
2018-08-02,31.200000762939453,31.200000762939453,30.5,30.649999618530273,32000
2018-08-03,30.399999618530273,31.25,30.399999618530273,30.799999237060547,4001
2018-08-06,30.799999237060547,31.0,30.799999237060547,31.0,17119
2018-08-07,31.100000381469727,31.100000381469727,31.100000381469727,31.100000381469727,2003
2018-08-08,31.100000381469727,31.5,30.950000762939453,31.100000381469727,86001
2018-08-09,31.200000762939453,31.5,31.0,31.399999618530273,50220
2018-08-10,31.399999618530273,31.700000762939453,30.799999237060547,30.799999237060547,64856
2018-08-13,30.950000762939453,31.0,30.399999618530273,30.549999237060547,27495
2018-08-14,30.899999618530273,31.100000381469727,30.5,31.100000381469727,26162
2018-08-15,31.100000381469727,31.100000381469727,31.100000381469727,31.100000381469727,1016
2018-08-16,31.100000381469727,32.599998474121094,31.100000381469727,31.700000762939453,25676
2018-08-17,31.75,32.900001525878906,31.399999618530273,31.899999618530273,14836
2018-08-20,32.0,32.150001525878906,31.5,31.799999237060547,8001
2018-08-21,31.25,31.25,31.0,31.0,7022
2018-08-22,30.649999618530273,31.049999237060547,30.5,30.700000762939453,23000
2018-08-23,30.799999237060547,31.350000381469727,30.799999237060547,31.25,13508
2018-08-24,31.25,31.399999618530273,31.0,31.399999618530273,9001
2018-08-27,30.700000762939453,30.700000762939453,30.700000762939453,30.700000762939453,1002
2018-08-28,30.700000762939453,31.399999618530273,30.700000762939453,31.399999618530273,46000
2018-08-29,30.950000762939453,31.5,30.899999618530273,31.200000762939453,27210
2018-08-30,30.700000762939453,31.450000762939453,30.700000762939453,31.450000762939453,4500
2018-08-31,31.600000381469727,31.600000381469727,31.0,31.600000381469727,12000
2018-09-03,31.600000381469727,31.600000381469727,31.0,31.200000762939453,5001
2018-09-04,31.75,32.25,31.399999618530273,31.450000762939453,48001
2018-09-05,32.349998474121094,32.349998474121094,31.399999618530273,32.20000076293945,23001
2018-09-06,31.799999237060547,31.899999618530273,31.5,31.899999618530273,8500
2018-09-07,31.75,32.099998474121094,31.450000762939453,31.450000762939453,13000
2018-09-10,31.350000381469727,31.899999618530273,31.350000381469727,31.899999618530273,11011
2018-09-11,31.850000381469727,31.850000381469727,31.049999237060547,31.799999237060547,26002
2018-09-12,31.600000381469727,31.799999237060547,31.399999618530273,31.799999237060547,10031
2018-09-13,32.0,32.599998474121094,31.700000762939453,32.0,9001
2018-09-14,31.700000762939453,32.150001525878906,31.700000762939453,32.150001525878906,9125
2018-09-17,32.150001525878906,32.150001525878906,31.600000381469727,31.600000381469727,6002
2018-09-18,30.899999618530273,32.0,30.899999618530273,31.600000381469727,28100
2018-09-19,31.75,31.75,31.5,31.5,2100
2018-09-20,32.099998474121094,32.29999923706055,31.600000381469727,31.600000381469727,45100
2018-09-21,31.549999237060547,31.549999237060547,31.5,31.5,4029
2018-09-25,31.549999237060547,32.20000076293945,31.549999237060547,32.20000076293945,56002
2018-09-26,32.29999923706055,32.29999923706055,32.0,32.29999923706055,9003
2018-09-27,32.25,32.25,32.25,32.25,79
2018-09-28,32.599998474121094,32.599998474121094,32.29999923706055,32.5,37625
2018-10-01,32.0,32.400001525878906,32.0,32.400001525878906,7569
2018-10-02,32.599998474121094,32.599998474121094,32.099998474121094,32.45000076293945,12000
2018-10-03,32.54999923706055,32.650001525878906,32.29999923706055,32.650001525878906,22500
2018-10-04,32.599998474121094,32.75,32.400001525878906,32.75,13500
2018-10-05,32.25,32.400001525878906,32.150001525878906,32.400001525878906,30001
2018-10-08,32.650001525878906,32.650001525878906,32.099998474121094,32.20000076293945,3004
2018-10-09,32.20000076293945,32.45000076293945,31.899999618530273,32.45000076293945,10200
2018-10-11,31.200000762939453,31.200000762939453,29.299999237060547,29.350000381469727,60311
2018-10-12,30.75,30.75,30.149999618530273,30.299999237060547,13001
2018-10-15,30.049999237060547,31.25,30.049999237060547,31.25,4181
2018-10-16,30.5,30.600000381469727,30.100000381469727,30.100000381469727,34005
2018-10-17,31.350000381469727,31.350000381469727,30.5,30.799999237060547,14500
2018-10-18,30.5,30.5,30.049999237060547,30.049999237060547,18094
2018-10-19,30.100000381469727,30.950000762939453,30.0,30.75,11001
2018-10-22,31.049999237060547,31.049999237060547,30.399999618530273,30.399999618530273,2001
2018-10-23,31.549999237060547,31.549999237060547,30.200000762939453,30.399999618530273,41001
2018-10-24,30.399999618530273,30.5,30.399999618530273,30.5,18006
2018-10-25,30.0,30.049999237060547,30.0,30.0,21002
2018-10-26,29.799999237060547,30.299999237060547,29.700000762939453,30.100000381469727,50000
2018-10-29,30.149999618530273,30.149999618530273,29.5,29.5,13001
2018-10-30,29.399999618530273,29.5,29.049999237060547,29.200000762939453,23498
2018-10-31,29.149999618530273,30.5,29.149999618530273,29.299999237060547,5000
2018-11-01,29.0,29.5,29.0,29.5,5000
2018-11-02,29.450000762939453,30.299999237060547,29.450000762939453,30.299999237060547,2001
2018-11-05,30.299999237060547,30.299999237060547,30.299999237060547,30.299999237060547,0
2018-11-06,29.5,29.5,29.5,29.5,1002
2018-11-07,29.100000381469727,30.350000381469727,29.100000381469727,29.399999618530273,5003
2018-11-08,29.299999237060547,29.299999237060547,29.299999237060547,29.299999237060547,1005
2018-11-09,29.0,29.5,29.0,29.5,10001
2018-11-12,29.600000381469727,29.600000381469727,29.399999618530273,29.399999618530273,2002
2018-11-13,29.399999618530273,29.5,29.100000381469727,29.100000381469727,5001
2018-11-14,29.049999237060547,29.100000381469727,29.0,29.100000381469727,3001
2018-11-15,29.450000762939453,30.5,29.450000762939453,29.75,28001
2018-11-16,29.149999618530273,29.399999618530273,29.100000381469727,29.399999618530273,4003
2018-11-19,28.600000381469727,28.600000381469727,28.549999237060547,28.549999237060547,11000
2018-11-20,28.100000381469727,28.299999237060547,28.100000381469727,28.299999237060547,2003
2018-11-21,27.850000381469727,28.299999237060547,27.850000381469727,27.950000762939453,6000
2018-11-22,28.0,28.100000381469727,28.0,28.100000381469727,6001
2018-11-23,28.100000381469727,28.100000381469727,27.100000381469727,27.5,21002
2018-11-26,27.5,27.950000762939453,27.100000381469727,27.450000762939453,19011
2018-11-27,27.399999618530273,27.850000381469727,27.399999618530273,27.850000381469727,5003
2018-11-28,27.850000381469727,28.0,27.5,28.0,8124
2018-11-29,27.850000381469727,28.0,27.850000381469727,28.0,4000
2018-11-30,27.899999618530273,28.0,27.899999618530273,28.0,6001
2018-12-03,28.549999237060547,28.799999237060547,28.5,28.5,13008
2018-12-04,28.350000381469727,28.350000381469727,28.0,28.0,3000
2018-12-05,28.0,28.0,28.0,28.0,5
2018-12-06,27.700000762939453,27.700000762939453,27.700000762939453,27.700000762939453,1000
2018-12-07,27.5,27.600000381469727,27.5,27.600000381469727,11021
2018-12-10,26.600000381469727,27.200000762939453,26.600000381469727,27.200000762939453,3000
2018-12-11,27.450000762939453,27.549999237060547,27.450000762939453,27.549999237060547,3001
2018-12-12,27.649999618530273,27.649999618530273,27.600000381469727,27.600000381469727,3007
2018-12-13,28.0,28.0,28.0,28.0,1500
2018-12-14,27.950000762939453,28.0,27.950000762939453,28.0,4115
2018-12-17,28.0,28.0,28.0,28.0,1
2018-12-18,28.0,28.0,28.0,28.0,5003
2018-12-19,28.0,28.049999237060547,28.0,28.049999237060547,2011
2018-12-20,28.200000762939453,28.299999237060547,27.5,27.5,6001
2018-12-21,27.600000381469727,28.5,27.0,28.5,4000
2018-12-24,28.100000381469727,28.100000381469727,27.100000381469727,27.100000381469727,3010
2018-12-25,27.25,27.25,27.200000762939453,27.200000762939453,2446
2018-12-26,27.100000381469727,27.100000381469727,27.100000381469727,27.100000381469727,2006
2018-12-27,28.700000762939453,28.700000762939453,27.25,27.25,7001
2018-12-28,27.899999618530273,27.899999618530273,27.899999618530273,27.899999618530273,1008
2019-01-02,28.0,28.0,28.0,28.0,3022
2019-01-03,27.299999237060547,27.649999618530273,27.299999237060547,27.649999618530273,11003
2019-01-04,28.200000762939453,28.200000762939453,28.200000762939453,28.200000762939453,1005
2019-01-07,28.299999237060547,28.299999237060547,27.899999618530273,27.899999618530273,2004
2019-01-08,28.0,28.0,27.399999618530273,27.399999618530273,2001
2019-01-09,28.0,28.0,28.0,28.0,7006
2019-01-10,28.0,28.0,28.0,28.0,1
2019-01-11,28.0,28.0,28.0,28.0,0
2019-01-14,27.200000762939453,27.200000762939453,27.149999618530273,27.200000762939453,4004
2019-01-15,27.149999618530273,28.0,27.149999618530273,28.0,13001
2019-01-16,28.299999237060547,28.299999237060547,28.299999237060547,28.299999237060547,1003
2019-01-17,28.200000762939453,28.299999237060547,28.0,28.299999237060547,4002
2019-01-18,28.299999237060547,29.0,28.299999237060547,29.0,16303
2019-01-21,29.100000381469727,29.200000762939453,29.049999237060547,29.049999237060547,19141
2019-01-22,29.049999237060547,29.049999237060547,29.049999237060547,29.049999237060547,2
2019-01-23,29.100000381469727,29.100000381469727,29.0,29.0,6001
2019-01-24,29.0,29.0,29.0,29.0,0
2019-01-25,29.5,31.0,28.799999237060547,29.0,55007
2019-01-28,29.100000381469727,29.100000381469727,29.100000381469727,29.100000381469727,5012
2019-01-29,28.950000762939453,31.0,28.950000762939453,30.299999237060547,44300
2019-01-30,30.5,30.5,30.0,30.450000762939453,3500
2019-02-11,30.350000381469727,30.350000381469727,30.0,30.0,4021
2019-02-12,30.149999618530273,30.149999618530273,30.100000381469727,30.100000381469727,2461
2019-02-13,30.049999237060547,30.100000381469727,29.299999237060547,29.299999237060547,8004
2019-02-14,29.299999237060547,29.299999237060547,29.299999237060547,29.299999237060547,0
2019-02-15,29.100000381469727,29.200000762939453,29.100000381469727,29.200000762939453,4086
2019-02-18,29.5,30.0,29.5,30.0,30034
2019-02-19,29.799999237060547,30.0,29.799999237060547,29.899999618530273,4028
2019-02-20,30.899999618530273,31.299999237060547,30.399999618530273,30.5,70500
2019-02-21,30.5,31.149999618530273,30.5,31.149999618530273,26508
2019-02-22,31.350000381469727,31.5,31.200000762939453,31.450000762939453,44007
2019-02-25,31.399999618530273,31.399999618530273,30.899999618530273,30.899999618530273,9050
2019-02-26,31.450000762939453,31.450000762939453,30.799999237060547,30.799999237060547,10500
2019-02-27,30.5,31.0,30.5,31.0,18500
2019-03-04,31.0,31.5,31.0,31.0,38019
2019-03-05,30.700000762939453,30.700000762939453,30.700000762939453,30.700000762939453,1164
2019-03-06,31.0,31.399999618530273,30.700000762939453,31.0,19016
2019-03-07,31.200000762939453,31.5,31.149999618530273,31.200000762939453,44025
2019-03-08,31.5,31.649999618530273,30.899999618530273,30.899999618530273,17074
2019-03-11,30.649999618530273,30.649999618530273,30.600000381469727,30.600000381469727,2529
2019-03-12,30.700000762939453,30.700000762939453,30.700000762939453,30.700000762939453,1010
2019-03-13,30.700000762939453,30.700000762939453,30.5,30.700000762939453,15500
2019-03-14,30.75,30.799999237060547,30.700000762939453,30.799999237060547,4012
2019-03-15,30.700000762939453,31.5,30.600000381469727,30.799999237060547,21013
2019-03-18,30.799999237060547,31.5,30.799999237060547,31.399999618530273,33011
2019-03-19,31.100000381469727,31.600000381469727,30.899999618530273,30.950000762939453,19016
2019-03-20,31.0,32.20000076293945,31.0,32.20000076293945,172410
2019-03-21,32.5,33.0,32.0,32.400001525878906,198038
2019-03-22,32.400001525878906,32.5,32.0,32.150001525878906,4407
2019-03-25,31.799999237060547,31.950000762939453,31.799999237060547,31.950000762939453,2021
2019-03-26,32.95000076293945,32.95000076293945,32.20000076293945,32.75,44014
2019-03-27,32.150001525878906,32.70000076293945,32.099998474121094,32.70000076293945,19054
2019-03-28,32.70000076293945,32.79999923706055,32.45000076293945,32.45000076293945,22013
2019-03-29,32.650001525878906,32.650001525878906,32.099998474121094,32.099998474121094,3549
2019-04-01,32.099998474121094,32.099998474121094,31.950000762939453,31.950000762939453,22010
2019-04-02,32.29999923706055,32.29999923706055,31.700000762939453,31.950000762939453,23301
2019-04-03,31.950000762939453,31.950000762939453,31.950000762939453,31.950000762939453,304
2019-04-08,31.950000762939453,31.950000762939453,31.5,31.5,3013
2019-04-09,31.5,31.5,31.200000762939453,31.200000762939453,2099
2019-04-10,31.299999237060547,31.299999237060547,30.299999237060547,31.299999237060547,4038
2019-04-11,31.299999237060547,31.299999237060547,31.0,31.0,4008
2019-04-12,31.0,31.0,31.0,31.0,1496
2019-04-15,31.0,31.0,31.0,31.0,3253
2019-04-16,30.600000381469727,30.600000381469727,30.600000381469727,30.600000381469727,2500
2019-04-17,30.600000381469727,30.600000381469727,30.450000762939453,30.5,16000
2019-04-18,30.5,30.5,30.350000381469727,30.350000381469727,73002
2019-04-19,30.5,30.5,30.5,30.5,1003
2019-04-22,30.5,30.5,30.5,30.5,4999
2019-04-23,30.5,30.5,30.5,30.5,6601
2019-04-24,30.700000762939453,30.899999618530273,30.700000762939453,30.899999618530273,3001
2019-04-25,30.950000762939453,31.5,30.950000762939453,31.5,9503
2019-04-26,31.649999618530273,31.75,31.299999237060547,31.5,17999
2019-04-29,31.5,31.5,31.5,31.5,2068
2019-04-30,31.5,31.5,31.0,31.5,24389
2019-05-02,31.5,31.5,31.5,31.5,0
2019-05-03,31.5,32.0,31.5,31.950000762939453,30003
2019-05-06,31.5,31.5,31.399999618530273,31.399999618530273,5500
2019-05-07,31.600000381469727,32.0,31.600000381469727,32.0,6001
2019-05-08,32.0,32.0,31.5,31.5,3499
2019-05-09,31.5,32.0,31.200000762939453,31.950000762939453,34001
2019-05-10,31.950000762939453,31.950000762939453,31.950000762939453,31.950000762939453,4
2019-05-13,31.950000762939453,31.950000762939453,31.950000762939453,31.950000762939453,3
2019-05-14,31.649999618530273,31.899999618530273,31.299999237060547,31.399999618530273,39533
2019-05-15,31.299999237060547,32.45000076293945,31.299999237060547,32.20000076293945,34002
2019-05-16,34.54999923706055,34.54999923706055,32.45000076293945,33.0,103025
2019-05-17,33.29999923706055,34.0,31.5,32.0,48100
2019-05-20,32.0,32.0,31.149999618530273,32.0,14000
2019-05-21,31.049999237060547,32.150001525878906,31.0,32.0,16002
2019-05-22,32.75,32.75,32.75,32.75,1003
2019-05-23,31.75,32.099998474121094,31.75,32.099998474121094,2001
2019-05-24,32.0,32.45000076293945,31.75,32.45000076293945,12033
2019-05-27,32.04999923706055,32.04999923706055,32.0,32.0,2003
2019-05-28,32.0,32.0,32.0,32.0,1000
2019-05-29,32.0,32.0,32.0,32.0,2
2019-05-30,32.150001525878906,32.150001525878906,32.099998474121094,32.099998474121094,2448
2019-05-31,32.400001525878906,32.400001525878906,31.799999237060547,31.799999237060547,11226
2019-06-03,31.799999237060547,31.950000762939453,31.600000381469727,31.950000762939453,8000
2019-06-04,31.950000762939453,31.950000762939453,31.799999237060547,31.799999237060547,2000
2019-06-05,31.799999237060547,31.799999237060547,31.799999237060547,31.799999237060547,308
2019-06-06,31.850000381469727,31.850000381469727,31.700000762939453,31.700000762939453,6000
2019-06-10,31.700000762939453,31.850000381469727,31.5,31.5,30001
2019-06-11,31.549999237060547,31.549999237060547,31.299999237060547,31.5,11484
2019-06-12,31.799999237060547,31.799999237060547,31.5,31.600000381469727,8006
2019-06-13,31.600000381469727,31.600000381469727,31.0,31.049999237060547,16001
2019-06-14,31.049999237060547,31.049999237060547,31.049999237060547,31.049999237060547,2000
2019-06-17,32.04999923706055,32.04999923706055,32.04999923706055,32.04999923706055,1002
2019-06-18,32.04999923706055,32.5,32.0,32.5,7001
2019-06-19,32.54999923706055,32.54999923706055,32.5,32.5,9000
2019-06-20,32.5,32.54999923706055,32.45000076293945,32.5,31000
2019-06-21,32.54999923706055,33.0,32.5,33.0,24501
2019-06-24,33.400001525878906,33.5,33.04999923706055,33.5,12001
2019-06-25,33.5,33.599998474121094,33.5,33.5,5000
2019-06-26,33.599998474121094,33.599998474121094,33.5,33.5,2001
2019-06-27,33.900001525878906,33.900001525878906,32.54999923706055,33.70000076293945,12000
2019-06-28,33.70000076293945,33.70000076293945,33.70000076293945,33.70000076293945,0
2019-07-01,32.099998474121094,32.099998474121094,32.099998474121094,32.099998474121094,3208
2019-07-02,32.54999923706055,32.75,32.45000076293945,32.75,5000
2019-07-03,32.75,33.70000076293945,32.5,33.70000076293945,11000
2019-07-04,33.099998474121094,33.099998474121094,33.0,33.0,3000
2019-07-05,33.849998474121094,33.849998474121094,32.900001525878906,32.900001525878906,6000
2019-07-08,31.799999237060547,31.799999237060547,31.799999237060547,31.799999237060547,1000
2019-07-09,31.799999237060547,31.799999237060547,31.799999237060547,31.799999237060547,0
2019-07-10,32.150001525878906,32.150001525878906,32.150001525878906,32.150001525878906,2000
2019-07-11,31.899999618530273,31.899999618530273,31.799999237060547,31.850000381469727,6000
2019-07-12,30.799999237060547,31.899999618530273,30.799999237060547,31.899999618530273,6002
2019-07-15,32.400001525878906,33.900001525878906,32.400001525878906,32.599998474121094,53001
2019-07-16,33.20000076293945,33.599998474121094,33.20000076293945,33.599998474121094,3006
2019-07-17,33.599998474121094,33.599998474121094,33.599998474121094,33.599998474121094,0
2019-07-18,33.599998474121094,33.599998474121094,33.599998474121094,33.599998474121094,0
2019-07-19,33.79999923706055,33.79999923706055,32.95000076293945,32.95000076293945,6001
2019-07-22,32.900001525878906,32.900001525878906,31.75,31.799999237060547,6000
2019-07-23,31.850000381469727,31.899999618530273,31.700000762939453,31.899999618530273,5000
2019-07-24,31.5,32.900001525878906,31.5,32.900001525878906,13000
2019-07-25,32.5,33.099998474121094,32.20000076293945,33.0,5004
2019-07-26,33.349998474121094,33.79999923706055,33.349998474121094,33.650001525878906,17000
2019-07-29,33.79999923706055,34.0,33.54999923706055,33.54999923706055,17001
2019-07-30,33.900001525878906,34.400001525878906,33.599998474121094,33.650001525878906,18000
2019-07-31,33.95000076293945,33.95000076293945,33.79999923706055,33.79999923706055,7001
2019-08-01,33.79999923706055,33.79999923706055,33.79999923706055,33.79999923706055,0
2019-08-02,33.95000076293945,33.95000076293945,32.54999923706055,32.54999923706055,2281
2019-08-05,32.150001525878906,33.599998474121094,32.099998474121094,33.599998474121094,6001
2019-08-06,32.400001525878906,32.400001525878906,32.400001525878906,32.400001525878906,2001
2019-08-07,32.400001525878906,32.79999923706055,32.400001525878906,32.79999923706055,8001
2019-08-08,32.70000076293945,32.70000076293945,32.70000076293945,32.70000076293945,1501
2019-08-12,32.45000076293945,32.45000076293945,32.150001525878906,32.45000076293945,4050
2019-08-13,32.75,32.75,32.29999923706055,32.650001525878906,15000
2019-08-14,33.599998474121094,33.650001525878906,33.150001525878906,33.150001525878906,5050
2019-08-15,33.70000076293945,33.70000076293945,32.349998474121094,32.79999923706055,10000
2019-08-16,34.29999923706055,34.29999923706055,32.70000076293945,32.70000076293945,5001
2019-08-19,32.95000076293945,32.95000076293945,32.650001525878906,32.650001525878906,8001
2019-08-20,32.70000076293945,33.79999923706055,32.70000076293945,33.150001525878906,17499
2019-08-21,34.0,34.0,33.29999923706055,33.900001525878906,21000
2019-08-22,34.0,34.25,33.79999923706055,34.0,22090
2019-08-23,33.5,33.5,33.5,33.5,4030
2019-08-26,33.5,33.95000076293945,33.0,33.0,8030
2019-08-27,33.849998474121094,33.900001525878906,33.849998474121094,33.900001525878906,4001
2019-08-28,34.0,34.29999923706055,34.0,34.150001525878906,4074
2019-08-29,34.0,34.0,33.54999923706055,33.54999923706055,3000
2019-08-30,34.150001525878906,34.150001525878906,33.400001525878906,33.849998474121094,6000
2019-09-02,33.79999923706055,33.95000076293945,33.349998474121094,33.849998474121094,10017
2019-09-03,33.95000076293945,33.95000076293945,33.400001525878906,33.400001525878906,13000
2019-09-04,33.54999923706055,33.54999923706055,33.45000076293945,33.45000076293945,4000
2019-09-05,33.45000076293945,33.75,33.400001525878906,33.400001525878906,9003
2019-09-06,33.45000076293945,33.45000076293945,33.45000076293945,33.45000076293945,4002
2019-09-10,33.54999923706055,34.75,33.25,34.75,55549
2019-09-11,34.70000076293945,37.25,34.70000076293945,37.25,429033
2019-09-12,40.849998474121094,40.95000076293945,39.5,40.95000076293945,432109
2019-09-16,44.20000076293945,45.0,43.349998474121094,45.0,899358
2019-09-17,44.5,48.400001525878906,43.54999923706055,47.79999923706055,1304501
2019-09-18,49.349998474121094,52.5,49.20000076293945,52.5,1671253
2019-09-19,51.79999923706055,54.79999923706055,50.20000076293945,50.79999923706055,902656
2019-09-20,50.900001525878906,52.29999923706055,49.20000076293945,49.20000076293945,480120
2019-09-23,50.29999923706055,51.5,50.0,50.70000076293945,377421
2019-09-24,51.5,53.400001525878906,51.5,52.79999923706055,572640
2019-09-25,52.900001525878906,54.0,51.5,51.79999923706055,379000
2019-09-26,52.0,52.400001525878906,49.20000076293945,49.599998474121094,315670
2019-09-27,49.599998474121094,50.79999923706055,49.29999923706055,50.099998474121094,100178
2019-10-01,50.20000076293945,50.5,49.20000076293945,50.29999923706055,158500
2019-10-02,49.20000076293945,51.79999923706055,49.20000076293945,49.70000076293945,219857
2019-10-03,49.900001525878906,51.20000076293945,49.45000076293945,49.95000076293945,269000
2019-10-04,50.20000076293945,50.5,45.20000076293945,45.29999923706055,763640
2019-10-07,45.099998474121094,45.099998474121094,42.150001525878906,42.45000076293945,512111
2019-10-08,42.599998474121094,43.20000076293945,41.599998474121094,42.0,184106
2019-10-09,41.0,41.099998474121094,40.0,40.349998474121094,394106
2019-10-14,40.349998474121094,41.5,40.25,40.599998474121094,275750
2019-10-15,40.79999923706055,41.349998474121094,40.0,40.20000076293945,137000
2019-10-16,40.29999923706055,44.20000076293945,40.29999923706055,42.900001525878906,947550
2019-10-17,42.0,43.70000076293945,40.79999923706055,43.29999923706055,456000
2019-10-18,43.29999923706055,43.45000076293945,42.5,42.5,79500
2019-10-21,42.70000076293945,42.79999923706055,41.0,41.099998474121094,155100
2019-10-22,41.75,42.20000076293945,41.099998474121094,41.5,123000
2019-10-23,41.400001525878906,41.900001525878906,41.099998474121094,41.150001525878906,62000
2019-10-24,41.29999923706055,41.849998474121094,41.0,41.20000076293945,86000
2019-10-25,41.20000076293945,41.75,41.20000076293945,41.29999923706055,40047
2019-10-28,41.75,42.75,41.0,41.0,113001
2019-10-29,41.150001525878906,41.5,40.0,40.099998474121094,98182
2019-10-30,39.70000076293945,40.04999923706055,38.349998474121094,38.349998474121094,179632
2019-10-31,38.5,38.54999923706055,37.29999923706055,37.5,158001
2019-11-01,37.650001525878906,41.25,37.650001525878906,41.25,352485
2019-11-04,42.29999923706055,42.75,40.0,40.79999923706055,576000
2019-11-05,40.79999923706055,41.099998474121094,40.20000076293945,40.20000076293945,73000
2019-11-06,40.150001525878906,40.900001525878906,40.150001525878906,40.400001525878906,79000
2019-11-07,40.54999923706055,42.849998474121094,40.54999923706055,41.0,395000
2019-11-08,42.099998474121094,42.20000076293945,40.54999923706055,40.54999923706055,204000
2019-11-11,39.599998474121094,39.599998474121094,36.650001525878906,36.650001525878906,268000
2019-11-12,37.79999923706055,37.79999923706055,36.70000076293945,37.54999923706055,54000
2019-11-13,37.29999923706055,37.349998474121094,36.599998474121094,36.900001525878906,104000
2019-11-14,37.29999923706055,37.29999923706055,36.150001525878906,36.95000076293945,47000
2019-11-15,37.0,37.900001525878906,36.900001525878906,37.45000076293945,42501
2019-11-18,37.599998474121094,38.0,37.099998474121094,37.099998474121094,32000
2019-11-19,37.099998474121094,37.099998474121094,36.5,36.5,47000
2019-11-20,36.29999923706055,36.54999923706055,36.29999923706055,36.5,56000
2019-11-21,36.5,36.70000076293945,36.04999923706055,36.70000076293945,9000
2019-11-22,36.75,39.900001525878906,36.75,38.25,217203
2019-11-25,38.25,38.79999923706055,37.900001525878906,37.900001525878906,52000
2019-11-26,37.95000076293945,38.0,37.599998474121094,37.650001525878906,31000
2019-11-27,38.099998474121094,38.099998474121094,37.20000076293945,37.599998474121094,32000
2019-11-28,37.29999923706055,37.400001525878906,37.099998474121094,37.20000076293945,23000
2019-11-29,37.20000076293945,37.20000076293945,36.900001525878906,36.95000076293945,20000
2019-12-02,36.54999923706055,36.54999923706055,36.25,36.349998474121094,19000
2019-12-03,36.45000076293945,36.70000076293945,36.20000076293945,36.20000076293945,47000
2019-12-04,36.79999923706055,37.70000076293945,36.54999923706055,37.400001525878906,80000
2019-12-05,37.70000076293945,37.70000076293945,36.79999923706055,36.79999923706055,30000
2019-12-06,36.79999923706055,37.5,36.79999923706055,37.099998474121094,26001
2019-12-09,37.04999923706055,38.0,36.95000076293945,37.349998474121094,68000
2019-12-10,37.79999923706055,40.20000076293945,37.75,38.349998474121094,292000
2019-12-11,38.70000076293945,38.900001525878906,38.25,38.5,107000
2019-12-12,38.70000076293945,38.70000076293945,38.29999923706055,38.599998474121094,27000
2019-12-13,38.599998474121094,39.54999923706055,38.150001525878906,38.599998474121094,84015
2019-12-16,38.25,39.349998474121094,38.25,38.5,66000
2019-12-17,38.400001525878906,38.45000076293945,38.0,38.25,33000
2019-12-18,38.5,38.54999923706055,38.150001525878906,38.20000076293945,24000
2019-12-19,38.54999923706055,38.54999923706055,38.150001525878906,38.150001525878906,33000
2019-12-20,38.150001525878906,38.150001525878906,37.849998474121094,37.849998474121094,14000
2019-12-23,37.79999923706055,38.400001525878906,37.79999923706055,38.349998474121094,30000
2019-12-24,38.5,40.0,38.5,39.5,169000
2019-12-25,40.099998474121094,43.45000076293945,39.95000076293945,41.25,679000
2019-12-26,40.70000076293945,41.95000076293945,40.20000076293945,41.150001525878906,230000
2019-12-27,41.150001525878906,42.150001525878906,40.75,41.54999923706055,108944
2019-12-30,42.599998474121094,45.70000076293945,42.5,42.599998474121094,1118000
2019-12-31,43.25,43.25,42.70000076293945,42.79999923706055,153005
2020-01-02,43.0,43.0,42.20000076293945,42.29999923706055,142000
2020-01-03,42.79999923706055,42.79999923706055,40.20000076293945,40.650001525878906,134087
2020-01-06,39.70000076293945,40.5,39.70000076293945,39.95000076293945,29000
2020-01-07,40.0,40.0,39.599998474121094,39.599998474121094,38000
2020-01-08,39.20000076293945,39.5,38.599998474121094,39.0,26000
2020-01-09,39.79999923706055,39.900001525878906,39.5,39.79999923706055,40000
2020-01-10,40.25,40.599998474121094,39.5,40.20000076293945,56000
2020-01-13,40.099998474121094,40.400001525878906,39.54999923706055,40.25,44000
2020-01-14,40.0,40.349998474121094,39.70000076293945,40.25,38000
2020-01-15,39.75,40.400001525878906,39.650001525878906,40.0,25000
2020-01-16,39.70000076293945,40.25,39.70000076293945,40.25,14000
2020-01-17,40.29999923706055,40.29999923706055,39.95000076293945,40.29999923706055,17001
2020-01-20,40.599998474121094,41.900001525878906,40.599998474121094,41.0,179260
2020-01-30,38.5,39.79999923706055,38.04999923706055,38.20000076293945,88000
2020-01-31,38.0,39.25,38.0,39.0,47001
2020-02-03,37.70000076293945,38.5,37.20000076293945,38.0,36000
2020-02-04,38.099998474121094,38.70000076293945,38.04999923706055,38.5,43000
2020-02-05,38.599998474121094,39.099998474121094,38.599998474121094,38.599998474121094,51000
2020-02-06,39.0,39.0,38.599998474121094,38.900001525878906,13000
2020-02-07,38.900001525878906,38.900001525878906,38.5,38.5,33000
2020-02-10,38.5,38.5,37.849998474121094,37.900001525878906,37001
2020-02-11,38.0,38.20000076293945,37.849998474121094,37.900001525878906,30000
2020-02-12,37.849998474121094,38.099998474121094,37.650001525878906,38.0,42000
2020-02-13,37.599998474121094,38.400001525878906,37.599998474121094,38.400001525878906,50000
2020-02-14,38.400001525878906,38.400001525878906,37.75,38.0,44001
2020-02-17,37.5,37.75,37.349998474121094,37.75,42000
2020-02-18,37.75,37.75,37.400001525878906,37.400001525878906,22000
2020-02-19,37.099998474121094,37.5,37.099998474121094,37.5,24000
2020-02-20,37.400001525878906,37.5,37.400001525878906,37.5,17000
2020-02-21,37.54999923706055,37.54999923706055,37.099998474121094,37.099998474121094,54100
2020-02-24,37.0,37.0,36.400001525878906,36.5,29000
2020-02-25,35.75,36.29999923706055,35.70000076293945,36.0,26000
2020-02-26,35.95000076293945,36.0,35.45000076293945,35.5,46000
2020-02-27,35.5,35.5,35.150001525878906,35.150001525878906,24000
2020-03-02,34.54999923706055,35.150001525878906,34.45000076293945,34.95000076293945,13000
2020-03-03,34.95000076293945,36.400001525878906,34.95000076293945,35.5,17000
2020-03-04,35.5,36.20000076293945,35.400001525878906,36.20000076293945,14000
2020-03-05,36.25,37.70000076293945,36.25,37.150001525878906,27000
2020-03-06,37.0,39.849998474121094,37.0,38.150001525878906,106000
2020-03-09,38.150001525878906,38.150001525878906,38.150001525878906,38.150001525878906,0
2020-03-10,34.099998474121094,36.5,34.099998474121094,35.20000076293945,72000
2020-03-11,35.25,35.29999923706055,34.5,35.20000076293945,74000
2020-03-12,34.79999923706055,34.79999923706055,33.79999923706055,34.04999923706055,93000
2020-03-13,34.04999923706055,34.04999923706055,34.04999923706055,34.04999923706055,0
2020-03-16,33.0,33.0,30.649999618530273,30.649999618530273,120000
2020-03-17,28.200000762939453,31.200000762939453,28.200000762939453,29.600000381469727,87000
2020-03-18,29.600000381469727,30.0,29.149999618530273,30.0,50000
2020-03-19,29.0,29.0,27.0,27.149999618530273,112000
2020-03-20,27.899999618530273,28.5,27.899999618530273,28.5,28000
2020-03-23,26.049999237060547,28.200000762939453,26.049999237060547,28.0,21000
2020-03-24,28.0,28.799999237060547,28.0,28.799999237060547,19000
2020-03-25,28.799999237060547,28.899999618530273,28.799999237060547,28.799999237060547,18000
2020-03-26,28.799999237060547,28.799999237060547,28.299999237060547,28.75,8000
2020-03-27,28.75,28.850000381469727,27.899999618530273,27.899999618530273,22000
2020-03-30,27.0,27.5,26.700000762939453,26.899999618530273,15000
2020-03-31,27.399999618530273,27.700000762939453,27.200000762939453,27.700000762939453,63000
2020-04-01,28.100000381469727,28.100000381469727,28.100000381469727,28.100000381469727,5000
2020-04-06,27.399999618530273,28.149999618530273,27.350000381469727,28.149999618530273,21000
2020-04-07,28.299999237060547,28.299999237060547,28.25,28.25,27000
2020-04-08,28.0,28.399999618530273,28.0,28.399999618530273,30000
2020-04-09,28.5,29.5,28.5,29.399999618530273,19000
2020-04-10,30.0,31.049999237060547,30.0,30.649999618530273,70000
2020-04-13,30.450000762939453,30.450000762939453,29.850000381469727,29.950000762939453,16000
2020-04-14,30.0,30.0,29.899999618530273,30.0,33000
2020-04-15,30.649999618530273,30.649999618530273,30.149999618530273,30.399999618530273,22000
2020-04-16,30.149999618530273,30.399999618530273,30.149999618530273,30.299999237060547,15000
2020-04-17,31.799999237060547,32.0,30.350000381469727,30.350000381469727,57000
2020-04-20,30.5,30.5,30.200000762939453,30.200000762939453,10000
2020-04-21,30.200000762939453,30.200000762939453,29.350000381469727,29.399999618530273,12000
2020-04-22,29.799999237060547,29.799999237060547,29.799999237060547,29.799999237060547,2000
2020-04-23,29.600000381469727,29.700000762939453,29.600000381469727,29.700000762939453,1000
2020-04-24,30.299999237060547,30.299999237060547,29.700000762939453,29.700000762939453,9000
2020-04-27,30.299999237060547,30.299999237060547,29.850000381469727,30.200000762939453,14000
2020-04-28,30.5,30.5,29.850000381469727,29.850000381469727,38000
2020-04-29,30.399999618530273,30.399999618530273,29.950000762939453,30.200000762939453,28000
2020-04-30,30.350000381469727,31.049999237060547,30.350000381469727,31.049999237060547,25000
2020-05-04,30.850000381469727,30.850000381469727,30.200000762939453,30.299999237060547,14000
2020-05-05,30.299999237060547,30.899999618530273,30.299999237060547,30.850000381469727,21000
2020-05-06,31.0,31.799999237060547,30.799999237060547,30.899999618530273,59000
2020-05-07,31.0,31.399999618530273,30.899999618530273,31.399999618530273,38000
2020-05-08,31.75,31.75,31.200000762939453,31.549999237060547,57000
2020-05-11,32.400001525878906,33.0,31.600000381469727,32.349998474121094,64000
2020-05-12,31.899999618530273,33.400001525878906,31.850000381469727,33.400001525878906,23000
2020-05-13,33.0,33.0,32.20000076293945,32.79999923706055,32000
2020-05-14,32.150001525878906,32.150001525878906,30.549999237060547,31.100000381469727,81000
2020-05-15,31.450000762939453,31.450000762939453,30.799999237060547,31.0,26000
2020-05-18,31.0,31.0,29.700000762939453,30.100000381469727,38000
2020-05-19,30.100000381469727,30.299999237060547,30.049999237060547,30.299999237060547,10000
2020-05-20,30.450000762939453,30.600000381469727,30.0,30.600000381469727,32000
2020-05-21,30.549999237060547,30.549999237060547,29.850000381469727,30.399999618530273,9000
2020-05-22,29.950000762939453,30.049999237060547,29.799999237060547,30.049999237060547,20000
2020-05-25,30.0,30.0,29.950000762939453,30.0,14000
2020-05-26,30.100000381469727,30.149999618530273,29.700000762939453,29.899999618530273,41000
2020-05-27,30.399999618530273,30.399999618530273,29.850000381469727,29.850000381469727,17000
2020-05-28,30.350000381469727,30.350000381469727,29.100000381469727,29.950000762939453,19000
2020-05-29,29.950000762939453,29.950000762939453,29.75,29.950000762939453,7000
2020-06-01,30.200000762939453,30.200000762939453,29.75,29.850000381469727,25000
2020-06-02,29.899999618530273,29.899999618530273,29.75,29.899999618530273,23000
2020-06-03,29.850000381469727,30.299999237060547,29.5,30.0,77000
2020-06-04,30.5,30.5,30.0,30.0,30000
2020-06-05,30.100000381469727,30.5,30.0,30.399999618530273,27000
2020-06-08,30.5,30.700000762939453,30.25,30.25,38000
2020-06-09,30.299999237060547,30.299999237060547,30.149999618530273,30.149999618530273,44000
2020-06-10,30.149999618530273,30.149999618530273,29.75,29.899999618530273,61000
2020-06-11,29.899999618530273,30.049999237060547,29.549999237060547,29.600000381469727,23000
2020-06-12,28.299999237060547,29.149999618530273,28.299999237060547,29.149999618530273,17000
2020-06-15,29.0,29.100000381469727,28.950000762939453,29.100000381469727,8000
2020-06-16,29.25,29.5,29.25,29.399999618530273,5000
2020-06-17,29.600000381469727,29.600000381469727,29.450000762939453,29.600000381469727,6000
2020-06-18,29.600000381469727,30.100000381469727,29.600000381469727,30.049999237060547,13000
2020-06-19,30.0,30.0,29.850000381469727,30.0,8000
2020-06-22,30.0,30.25,30.0,30.0,8000
2020-06-23,29.899999618530273,33.0,29.899999618530273,33.0,392000
2020-06-24,34.0,36.29999923706055,34.0,34.45000076293945,659000
2020-06-29,34.599998474121094,34.599998474121094,32.349998474121094,32.5,193000
2020-06-30,32.54999923706055,32.900001525878906,32.54999923706055,32.599998474121094,52000
2020-07-01,32.0,32.0,31.100000381469727,31.350000381469727,36000
2020-07-02,31.600000381469727,31.600000381469727,31.049999237060547,31.100000381469727,92000
2020-07-03,31.5,31.850000381469727,31.299999237060547,31.399999618530273,44000
2020-07-06,31.600000381469727,32.0,31.5,31.649999618530273,56000
2020-07-07,31.549999237060547,31.549999237060547,30.5,31.399999618530273,61000
2020-07-08,31.0,32.400001525878906,31.0,32.150001525878906,47000
2020-07-09,35.349998474121094,35.349998474121094,35.349998474121094,35.349998474121094,198000
2020-07-10,38.849998474121094,38.849998474121094,36.29999923706055,36.900001525878906,1241000
2020-07-13,36.900001525878906,36.900001525878906,35.599998474121094,36.70000076293945,189000
2020-07-14,36.95000076293945,37.0,34.25,35.04999923706055,78000
2020-07-15,35.099998474121094,35.29999923706055,34.650001525878906,35.0,30000
2020-07-16,35.0,35.0,34.0,34.349998474121094,42000
2020-07-17,34.900001525878906,34.900001525878906,33.599998474121094,33.900001525878906,38000
2020-07-20,34.45000076293945,34.45000076293945,33.75,34.0,19000
2020-07-21,34.0,35.900001525878906,34.0,35.04999923706055,63000
2020-07-22,34.79999923706055,35.29999923706055,34.599998474121094,34.70000076293945,26000
2020-07-23,35.25,38.150001525878906,35.20000076293945,38.150001525878906,843000
2020-07-24,38.150001525878906,39.29999923706055,36.20000076293945,36.29999923706055,425000
2020-07-27,36.29999923706055,37.099998474121094,35.79999923706055,36.04999923706055,67000
2020-07-28,35.79999923706055,36.20000076293945,35.0,35.099998474121094,86000
2020-07-29,35.849998474121094,36.79999923706055,35.849998474121094,36.599998474121094,31000
2020-07-30,37.400001525878906,37.400001525878906,36.70000076293945,36.70000076293945,15000
2020-07-31,37.20000076293945,37.20000076293945,36.150001525878906,36.45000076293945,17000
2020-08-03,36.099998474121094,36.400001525878906,36.099998474121094,36.349998474121094,14000
2020-08-04,36.900001525878906,37.400001525878906,36.900001525878906,37.25,60000
2020-08-05,37.5,37.5,36.650001525878906,37.0,44000
2020-08-06,38.79999923706055,38.79999923706055,37.099998474121094,37.20000076293945,41000
2020-08-07,37.29999923706055,37.54999923706055,37.04999923706055,37.04999923706055,34000
2020-08-10,37.599998474121094,37.70000076293945,35.150001525878906,36.04999923706055,102000
2020-08-11,35.45000076293945,36.099998474121094,35.29999923706055,35.5,49000
2020-08-12,35.0,35.0,33.900001525878906,34.70000076293945,131000
2020-08-13,34.5,34.79999923706055,34.099998474121094,34.79999923706055,29000
2020-08-14,34.5,34.5,34.5,34.5,3000
2020-08-17,34.20000076293945,34.29999923706055,34.0,34.29999923706055,14000
2020-08-18,34.29999923706055,34.5,34.29999923706055,34.29999923706055,10000
2020-08-19,34.20000076293945,34.599998474121094,34.20000076293945,34.599998474121094,8000
2020-08-20,34.20000076293945,34.599998474121094,34.099998474121094,34.599998474121094,43000
2020-08-21,34.79999923706055,35.0,34.70000076293945,35.0,9000
2020-08-24,35.5,35.75,34.70000076293945,35.0,25000
2020-08-25,35.70000076293945,35.70000076293945,35.400001525878906,35.400001525878906,3000
2020-08-26,35.95000076293945,35.95000076293945,35.150001525878906,35.599998474121094,9000
2020-08-27,35.900001525878906,35.900001525878906,35.099998474121094,35.75,20000
2020-08-28,35.5,36.349998474121094,35.29999923706055,35.5,12000
2020-08-31,35.5,35.849998474121094,35.29999923706055,35.849998474121094,4000
2020-09-01,35.5,35.5,35.20000076293945,35.25,8000
2020-09-02,35.25,35.5,34.849998474121094,35.5,16000
2020-09-03,36.79999923706055,36.79999923706055,35.150001525878906,35.29999923706055,15000
2020-09-04,33.849998474121094,35.20000076293945,33.849998474121094,35.20000076293945,8000
2020-09-07,35.20000076293945,35.20000076293945,35.20000076293945,35.20000076293945,0
2020-09-08,35.150001525878906,35.349998474121094,35.150001525878906,35.29999923706055,4000
2020-09-09,34.349998474121094,35.0,34.349998474121094,35.0,12000
2020-09-10,34.650001525878906,34.650001525878906,34.29999923706055,34.29999923706055,11000
2020-09-11,34.5,34.5,34.29999923706055,34.45000076293945,17000
2020-09-14,34.45000076293945,34.45000076293945,34.45000076293945,34.45000076293945,3000
2020-09-15,35.20000076293945,35.20000076293945,35.0,35.0,2000
2020-09-16,35.0,35.0,34.900001525878906,34.95000076293945,4000
2020-09-17,34.900001525878906,34.900001525878906,34.900001525878906,34.900001525878906,1000
2020-09-18,34.900001525878906,34.900001525878906,34.900001525878906,34.900001525878906,0
2020-09-21,34.5,34.5,34.29999923706055,34.29999923706055,4000
2020-09-22,34.20000076293945,34.20000076293945,34.20000076293945,34.20000076293945,2000
2020-09-23,34.099998474121094,34.099998474121094,34.0,34.0,7000
2020-09-24,33.900001525878906,33.900001525878906,33.79999923706055,33.79999923706055,5000
2020-09-25,33.70000076293945,33.70000076293945,32.900001525878906,33.0,19000
2020-09-28,32.70000076293945,35.70000076293945,32.70000076293945,33.54999923706055,14000
2020-09-29,34.900001525878906,34.900001525878906,34.900001525878906,34.900001525878906,1000
2020-09-30,34.0,34.04999923706055,33.54999923706055,33.79999923706055,4000
2020-10-05,33.79999923706055,34.400001525878906,33.29999923706055,34.400001525878906,6000
2020-10-06,33.900001525878906,33.900001525878906,33.900001525878906,33.900001525878906,3000
2020-10-07,33.5,33.650001525878906,33.5,33.650001525878906,8000
2020-10-08,34.20000076293945,34.20000076293945,34.0,34.0,5000
2020-10-12,34.0,35.0,34.0,35.0,6000
2020-10-13,35.0,35.0,34.849998474121094,34.849998474121094,4000
2020-10-14,34.099998474121094,35.099998474121094,33.70000076293945,33.70000076293945,16000
2020-10-15,34.0,34.400001525878906,33.79999923706055,34.400001525878906,11000
2020-10-16,33.79999923706055,34.5,33.79999923706055,34.5,3000
2020-10-19,34.5,34.5,34.0,34.0,13000
2020-10-20,33.70000076293945,34.0,33.5,34.0,12000
2020-10-21,34.0,34.0,33.79999923706055,33.79999923706055,6000
2020-10-22,34.099998474121094,34.099998474121094,34.099998474121094,34.099998474121094,1000
2020-10-23,34.0,34.0,33.79999923706055,33.79999923706055,3000
2020-10-26,34.0,34.400001525878906,34.0,34.0,17000
2020-10-27,34.5,34.5,34.20000076293945,34.20000076293945,2000
2020-10-28,34.400001525878906,34.400001525878906,34.0,34.349998474121094,58000
2020-10-29,33.900001525878906,33.900001525878906,33.900001525878906,33.900001525878906,3000
2020-10-30,34.0,34.0,33.900001525878906,33.95000076293945,3000
2020-11-02,34.0,34.0,33.900001525878906,33.900001525878906,2000
2020-11-03,33.599998474121094,34.29999923706055,33.599998474121094,34.29999923706055,6000
2020-11-04,34.099998474121094,34.099998474121094,33.20000076293945,33.20000076293945,5000
2020-11-05,34.5,34.5,34.0,34.0,14000
2020-11-06,34.20000076293945,34.20000076293945,34.0,34.0,18000
2020-11-09,33.79999923706055,34.45000076293945,33.79999923706055,34.45000076293945,9000
2020-11-10,34.04999923706055,34.04999923706055,34.0,34.0,12000
2020-11-11,34.599998474121094,35.400001525878906,34.5,35.349998474121094,48000
2020-11-12,37.099998474121094,37.099998474121094,35.04999923706055,35.099998474121094,13000
2020-11-13,36.599998474121094,36.599998474121094,34.79999923706055,35.900001525878906,7000
2020-11-16,35.900001525878906,35.900001525878906,35.04999923706055,35.5,7000
2020-11-17,35.400001525878906,35.400001525878906,35.349998474121094,35.349998474121094,2000
2020-11-18,35.0,35.349998474121094,34.5,35.349998474121094,7000
2020-11-19,35.849998474121094,35.849998474121094,35.849998474121094,35.849998474121094,1000
2020-11-20,35.099998474121094,35.099998474121094,35.099998474121094,35.099998474121094,1000
2020-11-23,35.099998474121094,36.0,35.099998474121094,36.0,4000
2020-11-24,36.0,36.0,35.5,35.5,4000
2020-11-25,35.29999923706055,36.150001525878906,35.0,35.20000076293945,14000
2020-11-26,35.650001525878906,35.95000076293945,35.400001525878906,35.400001525878906,11000
2020-11-27,35.400001525878906,35.400001525878906,35.25,35.349998474121094,7000
2020-11-30,35.25,35.5,35.0,35.0,18000
2020-12-01,35.04999923706055,35.04999923706055,34.95000076293945,35.0,8000
2020-12-02,35.0,35.29999923706055,34.95000076293945,35.29999923706055,5000
2020-12-03,35.20000076293945,35.20000076293945,35.20000076293945,35.20000076293945,3000
2020-12-04,35.20000076293945,36.400001525878906,35.20000076293945,35.349998474121094,19000
2020-12-07,35.349998474121094,35.900001525878906,35.349998474121094,35.5,8000
2020-12-08,35.5,36.099998474121094,35.5,35.599998474121094,21000
2020-12-09,36.099998474121094,36.349998474121094,35.70000076293945,36.20000076293945,43000
2020-12-10,36.29999923706055,36.5,36.20000076293945,36.5,17000
2020-12-11,36.650001525878906,37.5,36.400001525878906,37.5,61000
2020-12-14,38.400001525878906,38.400001525878906,36.900001525878906,37.0,32000
2020-12-15,36.400001525878906,36.849998474121094,36.400001525878906,36.849998474121094,11000
2020-12-16,36.849998474121094,40.5,36.5,40.5,211000
2020-12-17,43.95000076293945,44.20000076293945,40.79999923706055,41.0,770000
2020-12-18,40.70000076293945,40.70000076293945,39.150001525878906,40.0,184000
2020-12-21,39.349998474121094,40.599998474121094,38.099998474121094,38.599998474121094,93000
2020-12-22,38.599998474121094,39.400001525878906,38.349998474121094,38.45000076293945,85000
2020-12-23,38.0,38.79999923706055,38.0,38.150001525878906,69000
2020-12-24,38.75,39.349998474121094,37.45000076293945,37.95000076293945,169000
2020-12-25,37.95000076293945,38.349998474121094,37.79999923706055,38.150001525878906,57000
2020-12-28,38.349998474121094,39.0,38.29999923706055,38.95000076293945,32000
2020-12-29,38.900001525878906,38.900001525878906,37.95000076293945,38.349998474121094,107000
2020-12-30,38.0,38.45000076293945,38.0,38.0,43000
2020-12-31,38.75,38.79999923706055,38.20000076293945,38.20000076293945,24000
2021-01-04,38.25,38.29999923706055,37.5,37.75,43000
2021-01-05,37.54999923706055,38.099998474121094,37.400001525878906,37.849998474121094,74000
2021-01-06,37.900001525878906,37.900001525878906,37.29999923706055,37.29999923706055,47000
2021-01-07,37.29999923706055,37.400001525878906,37.20000076293945,37.29999923706055,10000
2021-01-08,37.29999923706055,37.349998474121094,36.650001525878906,36.849998474121094,33000
2021-01-11,35.0,36.29999923706055,35.0,35.70000076293945,61000
2021-01-12,35.79999923706055,35.79999923706055,35.400001525878906,35.400001525878906,20000
2021-01-13,35.5,35.599998474121094,35.349998474121094,35.400001525878906,12000
2021-01-14,36.29999923706055,36.45000076293945,36.20000076293945,36.20000076293945,7000
2021-01-15,35.29999923706055,35.599998474121094,35.099998474121094,35.5,25000
2021-01-18,35.54999923706055,36.150001525878906,35.5,35.5,18000
2021-01-19,35.599998474121094,36.04999923706055,35.599998474121094,35.650001525878906,14000
2021-01-20,35.70000076293945,35.79999923706055,35.5,35.5,18000
2021-01-21,36.849998474121094,36.849998474121094,35.150001525878906,35.150001525878906,12000
2021-01-22,35.0,35.150001525878906,35.0,35.04999923706055,9000
2021-01-25,35.04999923706055,35.5,35.0,35.0,5000
2021-01-26,35.400001525878906,35.5,34.900001525878906,35.25,28000
2021-01-27,35.45000076293945,35.5,35.45000076293945,35.5,7000
2021-01-28,35.5,35.5,34.900001525878906,34.900001525878906,7000
2021-01-29,35.45000076293945,35.5,34.900001525878906,35.45000076293945,19000
2021-02-01,34.5,35.400001525878906,34.5,34.900001525878906,22000
2021-02-02,34.75,35.099998474121094,34.75,35.0,16000
2021-02-03,35.0,35.20000076293945,34.5,35.20000076293945,18000
2021-02-04,35.0,35.0,35.0,35.0,2000
2021-02-05,35.099998474121094,35.400001525878906,35.0,35.400001525878906,17000
2021-02-17,38.5,38.5,37.20000076293945,38.099998474121094,98000
2021-02-18,39.95000076293945,39.95000076293945,38.099998474121094,38.70000076293945,89000
2021-02-19,38.099998474121094,38.650001525878906,38.099998474121094,38.599998474121094,18000
2021-02-22,38.79999923706055,39.150001525878906,38.79999923706055,39.099998474121094,51000
2021-02-23,38.650001525878906,39.0,38.400001525878906,38.70000076293945,15000
2021-02-24,38.70000076293945,38.95000076293945,38.400001525878906,38.900001525878906,32000
2021-02-25,38.900001525878906,39.25,38.79999923706055,39.04999923706055,34000
2021-02-26,39.0,39.099998474121094,38.75,38.75,8000
2021-03-02,42.599998474121094,42.599998474121094,41.25,42.5,396000
2021-03-03,41.0,41.29999923706055,38.599998474121094,40.099998474121094,247000
2021-03-04,40.0,40.0,38.29999923706055,38.400001525878906,115000
2021-03-05,37.849998474121094,38.54999923706055,37.79999923706055,38.54999923706055,30000
2021-03-08,38.599998474121094,38.75,38.04999923706055,38.75,24000
2021-03-09,38.349998474121094,38.75,37.900001525878906,38.400001525878906,21000
2021-03-10,38.04999923706055,38.599998474121094,38.04999923706055,38.29999923706055,15000
2021-03-11,38.79999923706055,38.900001525878906,38.20000076293945,38.900001525878906,33000
2021-03-12,40.70000076293945,40.70000076293945,39.20000076293945,39.75,24000
2021-03-15,39.54999923706055,40.5,39.29999923706055,40.45000076293945,35000
2021-03-16,41.45000076293945,41.45000076293945,40.54999923706055,41.0,96000
2021-03-17,41.5,44.0,41.0,42.29999923706055,203000
2021-03-18,42.04999923706055,43.0,41.25,41.79999923706055,97000
2021-03-19,42.70000076293945,42.70000076293945,41.29999923706055,41.400001525878906,48000
2021-03-22,42.0,42.5,40.79999923706055,42.5,123000
2021-03-23,42.5,42.5,41.0,41.400001525878906,56000
2021-03-24,40.599998474121094,41.599998474121094,40.5,41.45000076293945,33000
2021-03-25,41.54999923706055,41.54999923706055,41.20000076293945,41.349998474121094,20000
2021-03-26,41.54999923706055,41.650001525878906,40.650001525878906,41.650001525878906,48000
2021-03-29,40.849998474121094,41.400001525878906,40.849998474121094,41.400001525878906,45000
2021-03-30,41.70000076293945,42.5,41.0,42.349998474121094,135000
2021-03-31,42.25,44.849998474121094,42.25,42.5,443000
2021-04-01,42.79999923706055,43.849998474121094,42.099998474121094,42.75,191000
2021-04-07,46.04999923706055,47.650001525878906,43.54999923706055,46.0,277000
2021-04-08,46.29999923706055,46.599998474121094,44.400001525878906,45.20000076293945,110000
2021-04-09,44.099998474121094,44.650001525878906,41.400001525878906,41.54999923706055,328000
2021-04-12,41.650001525878906,42.25,41.150001525878906,41.20000076293945,113000
2021-04-13,41.20000076293945,41.20000076293945,40.849998474121094,40.849998474121094,87000
2021-04-14,41.400001525878906,41.599998474121094,40.5,40.650001525878906,55000
2021-04-15,41.349998474121094,41.95000076293945,41.0,41.849998474121094,46000
2021-04-16,42.29999923706055,42.29999923706055,41.20000076293945,41.400001525878906,24000
2021-04-19,41.20000076293945,41.20000076293945,40.25,40.5,85000
2021-04-20,40.75,40.849998474121094,40.5,40.5,43000
2021-04-21,40.20000076293945,41.099998474121094,40.20000076293945,43.0,19000
2021-04-22,41.599998474121094,41.599998474121094,39.849998474121094,40.099998474121094,70000
2021-04-23,40.400001525878906,40.849998474121094,40.25,40.75,24000
2021-04-26,41.20000076293945,41.20000076293945,40.5,40.599998474121094,35000
2021-04-27,40.79999923706055,40.79999923706055,40.5,40.54999923706055,18000
2021-04-28,41.400001525878906,41.400001525878906,41.099998474121094,41.20000076293945,9000
2021-04-29,41.150001525878906,41.29999923706055,40.5,40.54999923706055,33000
2021-05-03,40.54999923706055,40.54999923706055,38.0,39.0,87000
2021-05-04,38.25,38.70000076293945,35.849998474121094,37.650001525878906,120000
2021-05-05,37.5,38.099998474121094,37.5,38.0,13000
2021-05-06,38.0,38.0,37.900001525878906,37.900001525878906,15000
2021-05-07,37.79999923706055,38.400001525878906,37.349998474121094,38.400001525878906,14000
2021-05-10,38.54999923706055,39.54999923706055,37.650001525878906,38.5,8000
2021-05-11,37.04999923706055,38.0,36.0,37.0,38000
2021-05-12,36.04999923706055,36.79999923706055,34.400001525878906,36.0,32000
2021-05-13,34.54999923706055,35.79999923706055,34.0,34.29999923706055,125000
2021-05-14,35.400001525878906,35.400001525878906,33.70000076293945,34.099998474121094,35000
2021-05-17,32.5,34.0,32.5,32.79999923706055,31000
2021-05-18,33.04999923706055,34.349998474121094,33.04999923706055,36.04999923706055,7000
2021-05-19,34.45000076293945,34.45000076293945,33.599998474121094,34.349998474121094,13000
2021-05-20,34.150001525878906,34.45000076293945,33.849998474121094,36.849998474121094,10000
2021-05-21,33.79999923706055,34.849998474121094,33.79999923706055,35.20000076293945,23000
2021-05-24,35.5,35.5,35.5,35.5,3000
2021-05-25,35.5,35.900001525878906,35.5,35.849998474121094,17000
2021-05-26,35.099998474121094,35.79999923706055,35.099998474121094,35.79999923706055,3000
2021-05-27,35.20000076293945,35.75,35.20000076293945,35.349998474121094,8000
2021-05-28,35.900001525878906,35.900001525878906,35.29999923706055,35.95000076293945,6000
2021-05-31,36.54999923706055,36.54999923706055,35.900001525878906,36.5,4000
2021-06-01,35.900001525878906,37.25,35.849998474121094,37.25,23000
2021-06-02,37.04999923706055,40.400001525878906,37.0,38.29999923706055,79000
2021-06-03,39.29999923706055,39.75,39.29999923706055,39.29999923706055,24000
2021-06-04,40.0,40.0,38.5,38.5,23000
2021-06-07,37.75,38.45000076293945,37.5,37.599998474121094,17000
2021-06-08,38.0,38.0,37.900001525878906,39.20000076293945,3000
2021-06-09,38.45000076293945,38.45000076293945,37.5,38.25,15000
2021-06-10,37.900001525878906,38.0,37.900001525878906,38.0,7000
2021-06-11,37.5,38.150001525878906,36.75,37.20000076293945,29000
2021-06-15,38.0,38.0,37.54999923706055,37.54999923706055,5000
2021-06-16,38.099998474121094,38.099998474121094,37.099998474121094,37.099998474121094,9000
2021-06-17,37.04999923706055,37.04999923706055,37.04999923706055,37.04999923706055,1000
2021-06-18,37.599998474121094,37.599998474121094,37.54999923706055,37.54999923706055,2000
2021-06-21,38.0,38.0,37.099998474121094,37.099998474121094,3000
2021-06-22,36.95000076293945,37.20000076293945,36.900001525878906,37.0,8000
2021-06-23,37.0,38.20000076293945,37.0,38.20000076293945,19000
2021-06-24,37.25,38.099998474121094,36.75,38.099998474121094,28000
2021-06-25,38.099998474121094,38.099998474121094,38.099998474121094,38.099998474121094,0
2021-06-28,37.29999923706055,37.900001525878906,37.04999923706055,37.099998474121094,9000
2021-06-29,36.95000076293945,37.5,36.79999923706055,36.79999923706055,7000
2021-06-30,36.79999923706055,36.900001525878906,36.5,36.900001525878906,15000
2021-07-01,36.900001525878906,36.900001525878906,36.25,36.25,19000
2021-07-02,36.25,37.45000076293945,36.25,37.349998474121094,7000
2021-07-05,37.349998474121094,37.349998474121094,36.599998474121094,36.70000076293945,17000
2021-07-06,37.900001525878906,37.900001525878906,37.0,37.099998474121094,11000
2021-07-07,37.79999923706055,37.79999923706055,36.650001525878906,37.349998474121094,9000
2021-07-08,37.349998474121094,37.599998474121094,37.0,37.599998474121094,10000
2021-07-09,36.900001525878906,37.650001525878906,36.900001525878906,37.20000076293945,58000
2021-07-12,37.5,37.900001525878906,37.20000076293945,37.849998474121094,64000
2021-07-13,38.25,41.54999923706055,38.25,39.900001525878906,265000
2021-07-14,40.20000076293945,40.25,38.400001525878906,38.5,87000
2021-07-15,39.04999923706055,39.04999923706055,38.29999923706055,38.599998474121094,16000
2021-07-16,38.400001525878906,40.0,38.25,39.75,58000
2021-07-19,39.75,43.70000076293945,39.75,41.849998474121094,588000
2021-07-20,41.70000076293945,41.79999923706055,40.599998474121094,40.650001525878906,106000
2021-07-21,41.75,42.599998474121094,41.54999923706055,42.150001525878906,193000
2021-07-22,43.20000076293945,45.5,42.0,42.0,435000
2021-07-23,42.150001525878906,44.45000076293945,42.099998474121094,42.25,164000
2021-07-26,42.79999923706055,43.5,41.79999923706055,41.79999923706055,94000
2021-07-27,41.70000076293945,42.099998474121094,40.5,40.5,58000
2021-07-28,43.0,43.0,39.25,39.70000076293945,60000
2021-07-29,40.599998474121094,41.70000076293945,39.95000076293945,40.25,20000
2021-07-30,41.0,41.5,40.349998474121094,40.349998474121094,27000
2021-08-02,41.099998474121094,41.79999923706055,40.650001525878906,41.400001525878906,41000
2021-08-03,40.95000076293945,42.29999923706055,40.95000076293945,41.79999923706055,12000
2021-08-04,41.79999923706055,41.79999923706055,41.099998474121094,41.25,37000
2021-08-05,42.0,42.0,40.70000076293945,41.20000076293945,18000
2021-08-06,41.20000076293945,41.349998474121094,40.5,41.04999923706055,15000
2021-08-09,40.04999923706055,41.45000076293945,39.79999923706055,39.79999923706055,29000
2021-08-10,39.04999923706055,40.400001525878906,38.0,38.400001525878906,69000
2021-08-11,37.25,38.849998474121094,37.25,38.0,19000
2021-08-12,38.04999923706055,38.650001525878906,38.04999923706055,38.650001525878906,2000
2021-08-13,39.900001525878906,39.900001525878906,38.04999923706055,38.04999923706055,6000
2021-08-16,37.5,38.20000076293945,37.0,37.25,24000
2021-08-17,37.25,37.25,37.25,37.25,0
2021-08-18,36.599998474121094,38.900001525878906,36.54999923706055,38.79999923706055,43000
2021-08-19,37.75,39.04999923706055,37.75,38.849998474121094,13000
2021-08-20,38.150001525878906,39.95000076293945,38.150001525878906,38.599998474121094,7000
2021-08-23,40.45000076293945,40.45000076293945,39.349998474121094,39.349998474121094,20000
2021-08-24,38.900001525878906,40.400001525878906,38.900001525878906,40.45000076293945,11000
2021-08-25,38.849998474121094,39.75,38.849998474121094,39.5,4000
2021-08-26,41.0,41.0,39.650001525878906,40.20000076293945,30000
2021-08-27,38.849998474121094,40.150001525878906,38.79999923706055,39.95000076293945,4000
2021-08-30,38.900001525878906,39.849998474121094,38.599998474121094,39.849998474121094,9000
2021-08-31,38.849998474121094,39.79999923706055,38.849998474121094,39.75,4000
2021-09-01,39.95000076293945,39.95000076293945,38.849998474121094,39.0,5000
2021-09-02,39.04999923706055,40.25,39.0,39.0,6000
2021-09-03,39.650001525878906,39.650001525878906,38.70000076293945,39.5,6000
2021-09-06,41.150001525878906,41.150001525878906,38.70000076293945,38.70000076293945,19000
2021-09-07,37.150001525878906,38.45000076293945,37.150001525878906,40.0,5000
2021-09-08,39.349998474121094,39.349998474121094,37.79999923706055,39.20000076293945,9000
2021-09-09,40.400001525878906,40.400001525878906,38.599998474121094,39.400001525878906,18000
2021-09-10,38.70000076293945,39.20000076293945,38.70000076293945,40.0,2000
2021-09-13,40.04999923706055,40.20000076293945,39.25,40.150001525878906,13000
2021-09-14,39.150001525878906,39.150001525878906,39.099998474121094,39.099998474121094,4000
2021-09-15,38.5,39.5,38.20000076293945,38.20000076293945,11000
2021-09-16,38.20000076293945,39.0,38.20000076293945,38.95000076293945,9000
2021-09-17,37.70000076293945,37.70000076293945,37.70000076293945,37.70000076293945,9000
2021-09-22,36.45000076293945,38.0,36.400001525878906,36.650001525878906,15000
2021-09-23,39.0,39.0,37.599998474121094,37.79999923706055,5000
2021-09-24,37.79999923706055,38.5,37.0,37.70000076293945,17000
2021-09-27,38.25,38.25,35.29999923706055,35.849998474121094,75000
2021-09-28,36.0,37.29999923706055,36.0,36.25,40000
2021-09-29,35.849998474121094,36.70000076293945,35.70000076293945,35.70000076293945,18000
2021-09-30,36.0,36.5,35.900001525878906,35.900001525878906,9000
2021-10-01,36.900001525878906,36.900001525878906,36.599998474121094,36.70000076293945,11000
2021-10-04,40.0,40.0,36.29999923706055,36.75,22000
2021-10-05,37.0,37.0,37.0,37.0,1000
2021-10-06,37.0,37.0,37.0,37.0,0
2021-10-07,38.45000076293945,38.45000076293945,38.45000076293945,36.150001525878906,1000
2021-10-08,37.29999923706055,37.29999923706055,36.5,36.70000076293945,17000
2021-10-12,36.5,36.70000076293945,36.5,36.70000076293945,4000
2021-10-13,35.599998474121094,36.150001525878906,35.599998474121094,36.150001525878906,2000
2021-10-14,36.45000076293945,36.45000076293945,34.650001525878906,35.849998474121094,7000
2021-10-15,35.849998474121094,35.849998474121094,35.849998474121094,35.849998474121094,0
2021-10-18,36.54999923706055,36.54999923706055,36.20000076293945,36.20000076293945,2000
2021-10-19,36.20000076293945,36.20000076293945,36.20000076293945,36.20000076293945,0
2021-10-20,35.79999923706055,35.79999923706055,35.70000076293945,35.70000076293945,4000
2021-10-21,35.70000076293945,35.70000076293945,35.70000076293945,35.70000076293945,1000
2021-10-22,36.349998474121094,36.349998474121094,36.349998474121094,36.349998474121094,1000
2021-10-25,36.29999923706055,36.29999923706055,35.099998474121094,35.099998474121094,5000
2021-10-26,35.099998474121094,35.599998474121094,35.099998474121094,35.599998474121094,10000
2021-10-27,36.0,36.0,35.099998474121094,35.95000076293945,4000
2021-10-28,36.95000076293945,36.95000076293945,36.95000076293945,36.95000076293945,1000
2021-10-29,36.75,36.75,35.5,35.54999923706055,11000
2021-11-01,36.70000076293945,36.849998474121094,35.5,36.150001525878906,8000
2021-11-02,37.400001525878906,37.400001525878906,35.150001525878906,35.150001525878906,5000
2021-11-03,36.29999923706055,36.29999923706055,36.29999923706055,36.29999923706055,1000
2021-11-04,36.0,36.0,34.75,34.75,2000
2021-11-05,34.849998474121094,36.0,34.849998474121094,36.0,3000
2021-11-08,35.900001525878906,36.0,35.04999923706055,35.5,5000
2021-11-09,35.5,35.5,35.5,35.5,0
2021-11-10,36.20000076293945,36.20000076293945,36.20000076293945,36.20000076293945,1000
2021-11-11,36.20000076293945,36.20000076293945,36.20000076293945,36.20000076293945,1000
2021-11-12,36.79999923706055,36.79999923706055,36.79999923706055,36.79999923706055,1000
2021-11-15,36.0,36.0,35.650001525878906,35.650001525878906,4000
2021-11-16,36.0,36.0,35.650001525878906,35.650001525878906,11000
2021-11-17,35.70000076293945,35.70000076293945,35.70000076293945,35.70000076293945,1000
2021-11-18,35.79999923706055,35.79999923706055,35.400001525878906,35.400001525878906,2000
2021-11-19,35.400001525878906,35.400001525878906,34.849998474121094,35.0,6000
2021-11-22,35.0,36.0,34.900001525878906,35.25,13000
2021-11-23,35.0,35.0,35.0,35.0,1000
2021-11-24,34.95000076293945,34.95000076293945,34.95000076293945,34.95000076293945,1000
2021-11-25,34.900001525878906,35.849998474121094,34.75,35.849998474121094,4000
2021-11-26,35.849998474121094,35.849998474121094,35.849998474121094,35.849998474121094,0
2021-11-29,35.849998474121094,35.849998474121094,35.849998474121094,35.849998474121094,0
2021-11-30,35.849998474121094,35.849998474121094,35.849998474121094,35.849998474121094,0
2021-12-01,36.0,36.20000076293945,36.0,36.20000076293945,3000
2021-12-02,36.0,36.0,34.849998474121094,35.349998474121094,9000
2021-12-03,35.25,35.25,34.0,35.099998474121094,10000
2021-12-06,35.5,36.0,35.29999923706055,36.0,11000
2021-12-07,36.0,36.0,36.0,36.0,14000
2021-12-08,35.0,36.0,35.0,36.0,8000
2021-12-09,35.25,35.25,35.25,35.25,8000
2021-12-10,35.25,35.25,35.0,35.0,3000
2021-12-13,34.349998474121094,35.0,34.349998474121094,34.900001525878906,14000
2021-12-14,35.5,35.5,34.349998474121094,34.5,12000
2021-12-15,34.29999923706055,34.900001525878906,34.099998474121094,34.5,12000
2021-12-16,34.29999923706055,35.29999923706055,34.150001525878906,35.0,9000
2021-12-17,35.04999923706055,35.29999923706055,35.04999923706055,35.29999923706055,5000
2021-12-20,34.900001525878906,35.0,34.900001525878906,35.0,5000
2021-12-21,35.0,35.0,34.04999923706055,34.79999923706055,10000
2021-12-22,34.79999923706055,34.79999923706055,34.79999923706055,34.79999923706055,3000
2021-12-23,35.20000076293945,35.45000076293945,35.20000076293945,35.45000076293945,7000
2021-12-24,35.400001525878906,35.45000076293945,35.400001525878906,35.400001525878906,5000
2021-12-27,35.650001525878906,35.650001525878906,35.04999923706055,35.04999923706055,8000
2021-12-28,35.099998474121094,36.25,35.099998474121094,35.900001525878906,10000
2021-12-29,35.150001525878906,35.54999923706055,35.150001525878906,35.45000076293945,13000
2021-12-30,35.75,36.0,35.75,36.0,8000
2022-01-03,36.20000076293945,36.20000076293945,35.20000076293945,35.95000076293945,24000
2022-01-04,35.95000076293945,35.95000076293945,35.95000076293945,35.95000076293945,0
2022-01-05,34.95000076293945,35.900001525878906,34.95000076293945,35.04999923706055,13000
2022-01-06,35.04999923706055,35.04999923706055,35.04999923706055,35.04999923706055,1000
2022-01-07,34.79999923706055,34.79999923706055,34.79999923706055,34.79999923706055,1000
2022-01-10,34.79999923706055,34.79999923706055,33.150001525878906,33.599998474121094,17000
2022-01-11,34.75,34.75,34.70000076293945,34.70000076293945,2000
2022-01-12,34.70000076293945,34.70000076293945,34.70000076293945,34.70000076293945,0
2022-01-13,34.400001525878906,34.400001525878906,33.849998474121094,33.900001525878906,9000
2022-01-14,35.04999923706055,35.04999923706055,33.900001525878906,33.900001525878906,5000
2022-01-17,33.900001525878906,34.900001525878906,33.79999923706055,34.900001525878906,7000
2022-01-18,35.20000076293945,35.20000076293945,35.20000076293945,35.20000076293945,1000
2022-01-19,38.400001525878906,38.400001525878906,35.20000076293945,35.20000076293945,5000
2022-01-20,35.0,35.0,34.5,35.0,9000
2022-01-21,36.0,36.0,34.599998474121094,34.599998474121094,3000
2022-01-24,34.5,34.5,33.95000076293945,33.95000076293945,11000
2022-01-25,33.95000076293945,34.5,33.29999923706055,33.95000076293945,9000
2022-01-26,34.54999923706055,35.0,34.400001525878906,35.0,9000
2022-02-07,34.650001525878906,34.650001525878906,34.150001525878906,38.5,16000
2022-02-08,34.099998474121094,34.599998474121094,33.900001525878906,34.0,34000
2022-02-09,34.04999923706055,34.04999923706055,34.0,34.0,9000
2022-02-10,34.0,34.0,33.95000076293945,33.95000076293945,4000
2022-02-11,33.900001525878906,33.95000076293945,33.900001525878906,33.95000076293945,2000
2022-02-14,33.79999923706055,33.79999923706055,33.79999923706055,33.79999923706055,1000
2022-02-15,33.900001525878906,34.0,33.5,33.5,7000
2022-02-16,33.5,33.5,33.5,33.5,0
2022-02-17,33.5,34.29999923706055,33.5,34.25,7000
2022-02-18,33.650001525878906,33.650001525878906,33.650001525878906,33.650001525878906,1000
2022-02-21,33.70000076293945,34.0,33.70000076293945,34.0,3000
2022-02-22,34.0,34.0,33.599998474121094,33.599998474121094,5000
2022-02-23,33.849998474121094,33.849998474121094,33.849998474121094,33.849998474121094,1000
2022-02-24,33.5,33.5,33.45000076293945,33.45000076293945,3000
2022-02-25,33.5,33.5,33.5,33.5,1000
2022-03-01,33.29999923706055,33.400001525878906,33.29999923706055,33.400001525878906,4000
2022-03-02,33.0,33.0,33.0,33.0,2000
2022-03-03,34.099998474121094,34.099998474121094,34.099998474121094,34.099998474121094,1000
2022-03-04,34.099998474121094,34.099998474121094,33.29999923706055,33.29999923706055,2000
2022-03-07,32.75,32.75,32.5,32.5,3000
2022-03-08,32.400001525878906,32.400001525878906,32.400001525878906,34.0,2000
2022-03-09,32.099998474121094,32.099998474121094,32.099998474121094,32.099998474121094,2000
2022-03-10,32.54999923706055,32.54999923706055,32.54999923706055,32.54999923706055,2000
2022-03-11,32.54999923706055,32.54999923706055,32.54999923706055,32.54999923706055,0
2022-03-14,33.70000076293945,33.70000076293945,32.45000076293945,32.45000076293945,5000
2022-03-15,32.20000076293945,32.5,31.549999237060547,31.600000381469727,7000
2022-03-16,31.649999618530273,32.599998474121094,31.5,32.45000076293945,5000
2022-03-17,32.45000076293945,32.45000076293945,32.45000076293945,32.45000076293945,2000
2022-03-18,32.45000076293945,32.45000076293945,32.45000076293945,32.45000076293945,0
2022-03-21,32.5,32.70000076293945,31.700000762939453,32.45000076293945,24000
2022-03-22,32.45000076293945,32.45000076293945,31.950000762939453,32.099998474121094,16000
2022-03-23,32.099998474121094,32.20000076293945,32.099998474121094,32.20000076293945,8000
2022-03-24,32.20000076293945,32.900001525878906,32.0,32.79999923706055,18000
2022-03-25,32.95000076293945,32.95000076293945,32.5,32.5,4000
2022-03-28,32.20000076293945,32.20000076293945,32.150001525878906,32.150001525878906,5000
2022-03-29,32.150001525878906,32.29999923706055,32.099998474121094,32.29999923706055,5000
2022-03-30,32.099998474121094,32.29999923706055,32.04999923706055,32.29999923706055,12000
2022-03-31,32.20000076293945,32.29999923706055,32.20000076293945,32.29999923706055,4000
2022-04-01,32.20000076293945,32.20000076293945,32.099998474121094,32.099998474121094,7000
2022-04-06,32.29999923706055,32.79999923706055,32.0,32.79999923706055,5000
2022-04-07,32.79999923706055,32.79999923706055,32.79999923706055,32.79999923706055,0
2022-04-08,32.70000076293945,32.70000076293945,32.099998474121094,32.099998474121094,4000
2022-04-11,32.099998474121094,32.099998474121094,32.099998474121094,32.099998474121094,10000
2022-04-12,32.099998474121094,32.599998474121094,32.099998474121094,32.599998474121094,3000
2022-04-13,32.54999923706055,32.54999923706055,32.54999923706055,32.54999923706055,1000
2022-04-14,32.29999923706055,32.29999923706055,32.29999923706055,32.29999923706055,1000
2022-04-15,32.0,32.0,32.0,32.0,1000
2022-04-18,31.850000381469727,31.850000381469727,31.799999237060547,31.799999237060547,2000
2022-04-19,31.799999237060547,31.799999237060547,31.799999237060547,31.799999237060547,0
2022-04-20,31.799999237060547,31.799999237060547,31.799999237060547,31.799999237060547,0
2022-04-21,31.799999237060547,31.799999237060547,31.799999237060547,31.799999237060547,0
2022-04-22,31.799999237060547,31.799999237060547,31.799999237060547,31.799999237060547,0
2022-04-25,31.5,31.799999237060547,30.899999618530273,30.899999618530273,6000
2022-04-26,31.100000381469727,31.299999237060547,31.100000381469727,31.149999618530273,8000
2022-04-27,31.0,31.200000762939453,31.0,31.200000762939453,5000
2022-04-28,31.200000762939453,31.200000762939453,31.200000762939453,31.200000762939453,0
2022-04-29,31.200000762939453,31.200000762939453,31.200000762939453,31.200000762939453,0
2022-05-03,31.200000762939453,31.200000762939453,31.200000762939453,31.200000762939453,0
2022-05-04,31.200000762939453,31.200000762939453,31.200000762939453,31.200000762939453,0
2022-05-05,31.200000762939453,31.200000762939453,31.200000762939453,31.200000762939453,0
2022-05-06,31.0,31.5,31.0,31.5,2000
2022-05-09,31.100000381469727,31.450000762939453,31.0,31.450000762939453,3000
2022-05-10,30.5,30.700000762939453,30.399999618530273,34.54999923706055,8000
2022-05-11,30.100000381469727,30.399999618530273,30.0,30.149999618530273,21000
2022-05-12,30.0,30.399999618530273,29.649999618530273,30.299999237060547,24000
2022-05-13,30.25,31.200000762939453,29.799999237060547,30.25,27000
2022-05-16,30.950000762939453,31.0,30.200000762939453,30.200000762939453,7000
2022-05-17,30.399999618530273,31.549999237060547,30.399999618530273,30.600000381469727,28000
2022-05-18,31.399999618530273,31.600000381469727,31.0,31.200000762939453,26000
2022-05-19,30.700000762939453,31.700000762939453,30.700000762939453,30.799999237060547,22000
2022-05-20,30.899999618530273,30.950000762939453,30.899999618530273,30.950000762939453,9000
2022-05-23,30.600000381469727,30.700000762939453,30.600000381469727,30.700000762939453,30000
2022-05-24,31.600000381469727,31.600000381469727,30.75,30.799999237060547,24000
2022-05-25,30.799999237060547,30.799999237060547,30.75,30.75,12000
2022-05-26,30.75,30.75,30.75,30.75,0
2022-05-27,30.75,30.75,30.75,30.75,0
2022-05-30,30.899999618530273,31.850000381469727,30.5,31.700000762939453,34000
2022-05-31,31.700000762939453,31.700000762939453,31.700000762939453,31.700000762939453,1000
2022-06-01,32.29999923706055,32.29999923706055,32.29999923706055,32.29999923706055,5000
2022-06-02,32.29999923706055,32.29999923706055,32.29999923706055,32.29999923706055,1000
2022-06-06,32.0,32.0,32.0,32.0,3000
2022-06-07,31.950000762939453,31.950000762939453,31.950000762939453,31.950000762939453,1000
2022-06-08,32.0,32.0,32.0,32.0,1000
2022-06-09,32.0,32.0,31.25,31.25,4000
2022-06-10,31.299999237060547,31.299999237060547,31.299999237060547,31.299999237060547,1000
2022-06-13,30.549999237060547,30.549999237060547,30.549999237060547,30.549999237060547,2000
2022-06-14,30.049999237060547,30.5,30.049999237060547,30.5,3000
2022-06-15,31.299999237060547,31.299999237060547,30.649999618530273,30.649999618530273,3000
2022-06-16,31.799999237060547,31.799999237060547,30.700000762939453,30.700000762939453,3000
2022-06-17,30.600000381469727,30.600000381469727,30.200000762939453,30.200000762939453,7000
2022-06-20,29.799999237060547,30.5,29.5,30.5,10000
2022-06-21,30.5,30.5,30.5,30.5,0
2022-06-22,30.5,30.5,30.5,30.5,0
2022-06-23,30.5,30.5,30.5,30.5,0
2022-06-24,29.850000381469727,30.200000762939453,29.799999237060547,30.200000762939453,3000
2022-06-27,29.899999618530273,30.149999618530273,29.799999237060547,30.149999618530273,3000
2022-06-28,30.149999618530273,30.149999618530273,30.149999618530273,30.149999618530273,2000
2022-06-29,30.950000762939453,30.950000762939453,30.950000762939453,30.950000762939453,2000
2022-06-30,30.950000762939453,30.950000762939453,30.950000762939453,30.950000762939453,0
2022-07-01,30.0,30.0,29.5,30.700000762939453,2000
2022-07-04,30.700000762939453,30.700000762939453,30.700000762939453,30.700000762939453,0
2022-07-05,30.700000762939453,30.700000762939453,30.700000762939453,30.700000762939453,0
2022-07-06,29.100000381469727,29.100000381469727,29.100000381469727,29.100000381469727,1000
2022-07-07,28.700000762939453,29.149999618530273,28.700000762939453,29.149999618530273,10000
2022-07-08,29.950000762939453,29.950000762939453,29.0,29.799999237060547,30000
2022-07-11,29.799999237060547,29.799999237060547,29.799999237060547,29.799999237060547,0
2022-07-12,27.799999237060547,27.799999237060547,27.549999237060547,27.549999237060547,6000
2022-07-13,27.549999237060547,27.549999237060547,27.549999237060547,27.549999237060547,0
2022-07-14,27.549999237060547,27.549999237060547,27.549999237060547,27.549999237060547,0
2022-07-15,27.549999237060547,27.549999237060547,27.549999237060547,27.549999237060547,0
2022-07-18,27.299999237060547,27.350000381469727,27.299999237060547,27.350000381469727,3000
2022-07-19,27.350000381469727,27.350000381469727,27.200000762939453,27.200000762939453,10000
2022-07-20,27.299999237060547,27.299999237060547,27.200000762939453,27.200000762939453,17000
2022-07-21,27.25,28.200000762939453,27.25,28.200000762939453,7000
2022-07-22,28.200000762939453,28.200000762939453,28.200000762939453,28.200000762939453,0
2022-07-25,28.200000762939453,28.200000762939453,28.200000762939453,28.200000762939453,0
2022-07-26,27.0,27.0,27.0,27.0,3000
2022-07-27,27.0,27.0,27.0,27.0,0
2022-07-28,27.0,27.0,27.0,27.0,0
2022-07-29,26.700000762939453,27.049999237060547,26.700000762939453,27.049999237060547,2000
2022-08-01,26.799999237060547,27.299999237060547,26.799999237060547,27.299999237060547,3000
2022-08-02,27.299999237060547,27.399999618530273,27.0,27.0,9000
2022-08-03,27.100000381469727,27.350000381469727,27.049999237060547,27.350000381469727,7000
2022-08-04,27.200000762939453,27.200000762939453,27.200000762939453,27.200000762939453,3000
2022-08-05,28.149999618530273,28.149999618530273,28.149999618530273,28.149999618530273,1000
2022-08-08,28.149999618530273,28.149999618530273,28.149999618530273,28.149999618530273,0
2022-08-09,27.299999237060547,27.450000762939453,27.299999237060547,27.399999618530273,6000
2022-08-10,27.25,27.25,27.25,27.25,2000
2022-08-11,27.25,27.25,27.25,27.25,1000
2022-08-12,27.100000381469727,27.100000381469727,27.100000381469727,27.100000381469727,2000
2022-08-15,27.200000762939453,27.350000381469727,27.200000762939453,27.350000381469727,2000
2022-08-16,27.100000381469727,27.200000762939453,27.100000381469727,27.200000762939453,3000
2022-08-17,27.0,27.149999618530273,27.0,27.149999618530273,3000
2022-08-18,27.149999618530273,27.149999618530273,27.149999618530273,27.149999618530273,0
2022-08-19,27.149999618530273,27.149999618530273,27.149999618530273,27.149999618530273,0
2022-08-22,27.149999618530273,27.149999618530273,27.149999618530273,27.149999618530273,0
2022-08-23,28.5,28.5,28.5,28.5,1000
2022-08-24,28.5,28.5,28.5,28.5,0
2022-08-25,28.5,28.5,28.5,28.5,0
2022-08-26,28.5,28.5,28.5,28.5,0
2022-08-29,28.5,28.5,28.5,28.5,0
2022-08-30,28.0,28.399999618530273,28.0,28.399999618530273,3000
2022-08-31,28.399999618530273,28.399999618530273,28.399999618530273,28.399999618530273,0
2022-09-01,28.399999618530273,28.399999618530273,28.399999618530273,28.399999618530273,0
2022-09-02,28.399999618530273,28.399999618530273,28.399999618530273,28.399999618530273,0
2022-09-05,28.399999618530273,28.399999618530273,28.399999618530273,28.399999618530273,0
2022-09-06,28.399999618530273,28.399999618530273,28.399999618530273,28.399999618530273,0
2022-09-07,28.399999618530273,28.399999618530273,28.399999618530273,28.399999618530273,0
2022-09-08,28.149999618530273,28.149999618530273,28.149999618530273,28.149999618530273,1000
2022-09-12,27.149999618530273,28.0,27.149999618530273,27.399999618530273,8000
2022-09-13,27.299999237060547,27.600000381469727,27.299999237060547,27.600000381469727,3000
2022-09-14,27.600000381469727,27.600000381469727,27.600000381469727,27.600000381469727,0
2022-09-15,28.600000381469727,28.600000381469727,28.5,28.600000381469727,12000
2022-09-16,30.0,31.450000762939453,30.0,31.450000762939453,93000
2022-09-19,30.700000762939453,30.700000762939453,28.350000381469727,28.350000381469727,60000
2022-09-20,28.350000381469727,28.350000381469727,28.350000381469727,28.350000381469727,0
2022-09-21,28.200000762939453,29.100000381469727,28.149999618530273,29.100000381469727,5000
2022-09-22,27.149999618530273,27.149999618530273,27.149999618530273,27.149999618530273,2000
2022-09-23,27.5,28.0,27.5,27.5,4000
2022-09-26,27.5,27.5,27.5,27.5,0
2022-09-27,27.0,27.850000381469727,27.0,30.25,3000
2022-09-28,27.100000381469727,27.100000381469727,27.0,25.100000381469727,2000
2022-09-29,25.100000381469727,25.100000381469727,25.100000381469727,25.100000381469727,0
2022-09-30,27.850000381469727,28.0,27.850000381469727,28.0,5000
2022-10-03,28.0,28.0,28.0,28.0,5000
2022-10-04,29.799999237060547,29.799999237060547,28.100000381469727,28.100000381469727,7000
2022-10-05,28.5,28.649999618530273,28.5,28.649999618530273,9000
2022-10-06,30.0,31.5,28.200000762939453,28.200000762939453,152000
2022-10-07,28.600000381469727,28.649999618530273,27.600000381469727,27.649999618530273,13000
2022-10-11,27.649999618530273,27.649999618530273,27.649999618530273,27.649999618530273,0
2022-10-12,27.0,27.0,27.0,27.0,2000
2022-10-13,26.600000381469727,27.350000381469727,26.549999237060547,27.299999237060547,8000
2022-10-14,28.25,28.25,27.25,28.100000381469727,9000
2022-10-17,28.100000381469727,28.100000381469727,28.100000381469727,28.100000381469727,0
2022-10-18,28.100000381469727,28.100000381469727,28.100000381469727,28.100000381469727,0
2022-10-19,27.049999237060547,27.899999618530273,26.299999237060547,26.450000762939453,22000
2022-10-20,26.5,26.700000762939453,26.5,26.700000762939453,5000
2022-10-21,26.5,26.5,26.5,26.5,4000
2022-10-24,26.850000381469727,26.850000381469727,26.5,26.5,5000
2022-10-25,26.0,26.450000762939453,25.899999618530273,26.450000762939453,3000
2022-10-26,26.450000762939453,26.450000762939453,26.450000762939453,26.450000762939453,0
2022-10-27,26.950000762939453,26.950000762939453,26.149999618530273,26.75,7000
2022-10-28,26.149999618530273,26.149999618530273,26.100000381469727,26.100000381469727,4000
2022-10-31,27.0,27.0,26.799999237060547,26.799999237060547,2000
2022-11-01,26.799999237060547,26.799999237060547,26.799999237060547,26.799999237060547,0
2022-11-02,26.100000381469727,26.149999618530273,26.049999237060547,26.149999618530273,10000
2022-11-03,26.200000762939453,26.200000762939453,25.0,25.100000381469727,15000
2022-11-04,25.700000762939453,25.700000762939453,25.0,25.600000381469727,16000
2022-11-07,25.600000381469727,26.200000762939453,25.600000381469727,26.0,8000
2022-11-08,26.0,26.0,25.649999618530273,25.649999618530273,5000
2022-11-09,25.350000381469727,25.350000381469727,25.299999237060547,25.299999237060547,2000
2022-11-10,25.0,25.799999237060547,25.0,25.149999618530273,14000
2022-11-11,25.5,25.5,25.25,25.25,3000
2022-11-14,25.5,25.5,25.5,25.5,5000
2022-11-15,25.299999237060547,25.299999237060547,25.100000381469727,25.299999237060547,11000
2022-11-16,25.350000381469727,25.350000381469727,25.350000381469727,25.350000381469727,2000
2022-11-17,25.0,25.899999618530273,25.0,25.899999618530273,17000
2022-11-18,25.899999618530273,25.899999618530273,25.899999618530273,25.899999618530273,1000
2022-11-21,25.049999237060547,25.25,25.049999237060547,25.25,5000
2022-11-22,24.350000381469727,25.450000762939453,24.350000381469727,25.450000762939453,19000
2022-11-23,25.450000762939453,25.450000762939453,25.450000762939453,25.450000762939453,0
2022-11-24,25.0,25.5,25.0,25.25,9000
2022-11-25,25.25,25.25,25.25,25.25,0
2022-11-28,25.25,25.25,25.25,25.25,0
2022-11-29,25.0,25.399999618530273,25.0,25.399999618530273,2000
2022-11-30,25.100000381469727,25.350000381469727,25.100000381469727,25.350000381469727,7000
2022-12-01,25.149999618530273,25.200000762939453,25.149999618530273,25.200000762939453,2000
2022-12-02,25.200000762939453,25.200000762939453,25.200000762939453,25.200000762939453,3000
2022-12-05,25.200000762939453,25.200000762939453,25.200000762939453,25.200000762939453,0
2022-12-06,25.200000762939453,25.200000762939453,25.200000762939453,25.200000762939453,0
2022-12-07,25.200000762939453,25.200000762939453,25.200000762939453,25.200000762939453,1000
2022-12-08,25.200000762939453,25.200000762939453,25.200000762939453,25.200000762939453,0
2022-12-09,24.899999618530273,24.899999618530273,24.899999618530273,24.899999618530273,1000
2022-12-12,24.899999618530273,24.899999618530273,24.899999618530273,24.899999618530273,0
2022-12-13,24.299999237060547,24.899999618530273,24.299999237060547,24.899999618530273,3000
2022-12-14,25.700000762939453,25.700000762939453,25.700000762939453,25.700000762939453,1000
2022-12-15,24.700000762939453,25.700000762939453,24.700000762939453,25.700000762939453,3000
2022-12-16,25.700000762939453,25.700000762939453,25.700000762939453,25.700000762939453,0
2022-12-19,24.299999237060547,24.649999618530273,24.299999237060547,24.649999618530273,2000
2022-12-20,24.649999618530273,24.649999618530273,24.649999618530273,24.649999618530273,3000
2022-12-21,24.299999237060547,25.600000381469727,24.0,25.600000381469727,13000
2022-12-22,25.5,25.5,25.5,25.5,2000
2022-12-23,25.5,25.5,25.5,25.5,0
2022-12-26,25.5,25.5,25.5,25.5,0
2022-12-27,25.5,25.5,25.5,25.5,0
2022-12-28,25.600000381469727,25.600000381469727,25.600000381469727,25.600000381469727,1000
2022-12-29,25.600000381469727,25.600000381469727,25.600000381469727,25.600000381469727,0
2022-12-30,25.200000762939453,25.200000762939453,25.200000762939453,25.200000762939453,2000
2023-01-03,25.200000762939453,25.200000762939453,25.200000762939453,25.200000762939453,5000
2023-01-04,25.200000762939453,25.200000762939453,25.200000762939453,25.200000762939453,0
2023-01-05,25.200000762939453,25.200000762939453,25.200000762939453,25.200000762939453,0
2023-01-06,25.200000762939453,25.200000762939453,25.200000762939453,25.200000762939453,0
2023-01-09,25.200000762939453,25.200000762939453,25.200000762939453,25.200000762939453,0
2023-01-10,25.200000762939453,25.200000762939453,25.200000762939453,25.200000762939453,0
2023-01-11,25.399999618530273,25.399999618530273,25.399999618530273,25.399999618530273,1000
2023-01-12,25.399999618530273,25.399999618530273,25.399999618530273,25.399999618530273,1000
2023-01-13,25.399999618530273,25.399999618530273,25.399999618530273,25.399999618530273,1000
2023-01-16,25.399999618530273,25.399999618530273,25.399999618530273,25.399999618530273,1000
2023-01-17,25.399999618530273,25.399999618530273,25.399999618530273,25.399999618530273,2000
2023-01-30,25.600000381469727,25.600000381469727,25.600000381469727,25.600000381469727,1000
2023-01-31,25.799999237060547,25.799999237060547,25.5,25.5,7000
2023-02-01,25.799999237060547,28.049999237060547,25.149999618530273,25.200000762939453,229000
2023-02-02,25.399999618530273,25.450000762939453,25.200000762939453,25.25,43000
2023-02-03,25.450000762939453,25.450000762939453,25.100000381469727,25.149999618530273,9000
2023-02-06,24.799999237060547,25.100000381469727,24.799999237060547,25.100000381469727,4000
2023-02-07,24.899999618530273,24.950000762939453,24.799999237060547,24.899999618530273,11000
2023-02-08,24.950000762939453,25.100000381469727,24.950000762939453,24.950000762939453,4000
2023-02-09,24.299999237060547,25.700000762939453,24.299999237060547,24.850000381469727,37000
2023-02-10,24.850000381469727,24.850000381469727,24.850000381469727,24.850000381469727,0
2023-02-13,24.600000381469727,25.100000381469727,24.600000381469727,24.600000381469727,25000
2023-02-14,24.5,25.200000762939453,24.5,24.799999237060547,19000
2023-02-15,24.600000381469727,25.200000762939453,24.600000381469727,25.149999618530273,22000
2023-02-16,25.149999618530273,25.149999618530273,24.799999237060547,24.799999237060547,2000
2023-02-17,24.799999237060547,24.850000381469727,24.799999237060547,24.799999237060547,3000
2023-02-20,24.149999618530273,25.200000762939453,24.149999618530273,24.549999237060547,11000
2023-02-21,24.399999618530273,25.049999237060547,24.399999618530273,25.0,19000
2023-02-22,24.450000762939453,25.0,24.450000762939453,24.700000762939453,7000
2023-02-23,25.100000381469727,25.100000381469727,25.049999237060547,25.049999237060547,9000
2023-02-24,25.399999618530273,27.5,25.399999618530273,25.75,236000
2023-03-01,25.600000381469727,25.600000381469727,25.200000762939453,25.200000762939453,13000
2023-03-02,24.850000381469727,24.850000381469727,24.850000381469727,24.850000381469727,1000
2023-03-03,24.899999618530273,24.899999618530273,24.600000381469727,24.649999618530273,11000
2023-03-06,24.850000381469727,25.100000381469727,24.850000381469727,25.100000381469727,3000
2023-03-07,24.899999618530273,24.899999618530273,24.899999618530273,24.899999618530273,1000
2023-03-08,25.25,25.25,25.25,25.25,2000
2023-03-09,25.25,25.450000762939453,25.25,25.450000762939453,7000
2023-03-10,25.450000762939453,25.450000762939453,25.450000762939453,25.450000762939453,0
2023-03-13,24.75,24.850000381469727,24.649999618530273,24.799999237060547,13000
2023-03-14,24.649999618530273,25.149999618530273,24.600000381469727,24.850000381469727,39000
2023-03-15,24.950000762939453,24.950000762939453,24.799999237060547,24.799999237060547,23000
2023-03-16,24.850000381469727,24.850000381469727,24.549999237060547,24.549999237060547,42000
2023-03-17,24.799999237060547,24.799999237060547,24.799999237060547,24.799999237060547,1000
2023-03-20,24.549999237060547,25.200000762939453,24.5,25.200000762939453,11000
2023-03-21,25.0,25.0,24.700000762939453,24.799999237060547,7000
2023-03-22,24.700000762939453,24.799999237060547,24.700000762939453,24.799999237060547,8000
2023-03-23,24.600000381469727,24.700000762939453,24.600000381469727,24.700000762939453,3000
2023-03-24,24.799999237060547,24.899999618530273,24.799999237060547,24.899999618530273,20000
2023-03-27,24.700000762939453,24.899999618530273,24.700000762939453,24.899999618530273,3000
2023-03-28,24.899999618530273,24.899999618530273,24.899999618530273,24.899999618530273,0
2023-03-29,24.899999618530273,24.899999618530273,24.899999618530273,24.899999618530273,0
2023-03-30,24.899999618530273,24.899999618530273,24.899999618530273,24.899999618530273,2000
2023-03-31,25.0,25.0,25.0,25.0,7000
2023-04-06,24.799999237060547,24.799999237060547,24.700000762939453,24.700000762939453,5000
2023-04-07,25.100000381469727,25.100000381469727,25.100000381469727,25.100000381469727,10000
2023-04-10,25.200000762939453,25.549999237060547,24.799999237060547,25.049999237060547,39000
2023-04-11,25.100000381469727,25.100000381469727,25.049999237060547,25.049999237060547,4000
2023-04-12,25.049999237060547,25.299999237060547,25.049999237060547,25.200000762939453,9000
2023-04-13,25.450000762939453,25.899999618530273,25.149999618530273,25.200000762939453,14000
2023-04-14,25.200000762939453,25.200000762939453,25.200000762939453,25.200000762939453,2000
2023-04-17,24.549999237060547,25.200000762939453,24.549999237060547,25.200000762939453,12000
2023-04-18,25.200000762939453,25.200000762939453,25.200000762939453,25.200000762939453,0
2023-04-19,25.25,25.25,25.25,25.25,1000
2023-04-20,25.100000381469727,25.450000762939453,25.100000381469727,25.25,32000
2023-04-21,25.25,25.25,25.25,25.25,0
2023-04-24,24.549999237060547,24.549999237060547,24.549999237060547,24.549999237060547,1000
2023-04-25,24.950000762939453,25.399999618530273,24.649999618530273,24.649999618530273,3000
2023-04-26,24.649999618530273,24.649999618530273,24.649999618530273,24.649999618530273,0
2023-04-27,25.049999237060547,25.049999237060547,25.0,25.0,2000
2023-04-28,25.0,25.0,25.0,25.0,1000
2023-05-02,25.0,25.0,24.700000762939453,24.700000762939453,7000
2023-05-03,24.700000762939453,25.0,24.700000762939453,25.0,9000
2023-05-04,25.200000762939453,25.200000762939453,25.0,25.0,3000
2023-05-05,25.350000381469727,25.5,25.350000381469727,25.5,3000
2023-05-08,25.299999237060547,28.049999237060547,25.299999237060547,28.049999237060547,398000
2023-05-09,30.649999618530273,30.850000381469727,29.850000381469727,30.850000381469727,824000
2023-05-10,31.899999618530273,33.0,31.0,31.0,1616000
2023-05-11,30.049999237060547,30.950000762939453,27.899999618530273,28.0,286000
2023-05-12,27.950000762939453,27.950000762939453,25.850000381469727,26.5,200000
2023-05-15,26.5,26.5,25.600000381469727,25.799999237060547,52000
2023-05-16,26.200000762939453,27.399999618530273,26.0,26.049999237060547,112000
2023-05-17,26.700000762939453,28.649999618530273,26.399999618530273,28.350000381469727,189000
2023-05-18,28.049999237060547,28.049999237060547,27.0,27.0,172000
2023-05-19,27.0,29.399999618530273,27.0,27.850000381469727,185000
2023-05-22,27.850000381469727,28.399999618530273,27.399999618530273,27.899999618530273,60000
2023-05-23,28.149999618530273,29.0,28.149999618530273,28.299999237060547,89000
2023-05-24,27.950000762939453,27.950000762939453,27.799999237060547,27.799999237060547,22000
2023-05-25,27.5,27.700000762939453,27.25,30.549999237060547,16000
2023-05-26,27.299999237060547,27.950000762939453,27.25,27.25,17000
2023-05-29,27.200000762939453,28.149999618530273,27.0,27.450000762939453,67000
2023-05-30,27.450000762939453,27.799999237060547,27.450000762939453,27.5,24000
2023-05-31,27.200000762939453,28.799999237060547,27.200000762939453,28.5,76000
2023-06-01,28.600000381469727,28.649999618530273,28.299999237060547,28.600000381469727,34000
2023-06-02,30.0,30.0,28.399999618530273,28.399999618530273,70000
2023-06-05,28.25,28.350000381469727,27.850000381469727,27.850000381469727,17000
2023-06-06,28.350000381469727,28.350000381469727,27.450000762939453,27.700000762939453,10000
2023-06-07,27.399999618530273,27.75,27.200000762939453,27.75,16000
2023-06-08,27.350000381469727,27.350000381469727,27.25,27.25,14000
2023-06-09,27.25,27.299999237060547,27.25,27.299999237060547,5000
2023-06-12,27.0,27.049999237060547,27.0,27.0,16000
2023-06-13,27.0,27.0,26.799999237060547,26.899999618530273,39000
2023-06-14,27.600000381469727,27.600000381469727,27.450000762939453,27.450000762939453,7000
2023-06-15,27.5,27.5,26.950000762939453,27.100000381469727,11000
2023-06-16,26.700000762939453,27.149999618530273,26.299999237060547,26.899999618530273,23000
2023-06-19,26.899999618530273,27.299999237060547,26.799999237060547,26.950000762939453,14000
2023-06-20,26.899999618530273,26.899999618530273,26.799999237060547,26.799999237060547,3000
2023-06-21,27.0,28.299999237060547,27.0,28.299999237060547,85000
2023-06-26,28.200000762939453,29.75,27.799999237060547,27.799999237060547,103000
2023-06-27,27.649999618530273,27.649999618530273,27.049999237060547,27.200000762939453,31000
2023-06-28,27.299999237060547,27.350000381469727,27.25,27.25,8000
2023-06-29,26.950000762939453,26.950000762939453,26.850000381469727,26.899999618530273,4000
2023-06-30,26.700000762939453,26.75,26.549999237060547,26.75,6000
2023-07-03,26.899999618530273,27.0,26.899999618530273,27.0,7000
2023-07-04,26.899999618530273,26.899999618530273,26.700000762939453,26.950000762939453,11000
2023-07-05,26.899999618530273,27.0,26.899999618530273,26.899999618530273,4000
2023-07-06,26.899999618530273,26.899999618530273,26.75,26.75,6000
2023-07-07,26.600000381469727,26.850000381469727,26.549999237060547,26.75,9000
2023-07-10,26.700000762939453,26.850000381469727,26.600000381469727,26.75,10000
2023-07-11,26.75,26.75,26.75,26.75,2000
2023-07-12,26.75,26.75,26.649999618530273,26.75,11000
2023-07-13,26.75,26.75,26.299999237060547,26.350000381469727,9000
2023-07-14,26.299999237060547,26.299999237060547,25.600000381469727,26.299999237060547,11000
2023-07-17,26.799999237060547,26.799999237060547,26.799999237060547,26.799999237060547,2000
2023-07-18,26.450000762939453,27.0,26.399999618530273,27.0,12000
2023-07-19,26.5,26.700000762939453,26.299999237060547,26.700000762939453,11000
2023-07-20,26.950000762939453,26.950000762939453,26.649999618530273,26.649999618530273,7000
2023-07-21,26.649999618530273,26.700000762939453,26.399999618530273,26.399999618530273,11000
2023-07-24,26.399999618530273,26.399999618530273,26.100000381469727,26.100000381469727,11000
2023-07-25,26.149999618530273,26.149999618530273,26.149999618530273,26.149999618530273,5000
2023-07-26,26.149999618530273,26.149999618530273,26.149999618530273,26.149999618530273,2000
2023-07-27,25.950000762939453,26.149999618530273,25.950000762939453,26.049999237060547,15000
2023-07-28,26.049999237060547,27.0,26.0,27.0,27000
2023-07-31,27.200000762939453,27.200000762939453,26.75,26.75,19000
2023-08-01,27.25,27.25,26.600000381469727,26.600000381469727,9000
2023-08-02,26.600000381469727,26.600000381469727,26.100000381469727,26.200000762939453,18000
2023-08-04,27.700000762939453,27.700000762939453,26.5,26.700000762939453,7000
2023-08-07,27.100000381469727,27.100000381469727,26.549999237060547,26.549999237060547,11000
2023-08-08,27.450000762939453,27.450000762939453,26.75,27.450000762939453,20000
2023-08-09,27.0,27.0,26.899999618530273,26.899999618530273,8000
2023-08-10,28.0,28.0,27.0,27.0,11000
2023-08-11,26.25,27.0,26.25,27.0,4000
2023-08-14,26.100000381469727,26.5,26.100000381469727,26.5,9000
2023-08-15,26.5,26.5,26.5,26.5,0
2023-08-16,26.5,26.5,26.350000381469727,26.350000381469727,3000
2023-08-17,26.049999237060547,26.100000381469727,26.049999237060547,26.100000381469727,2000
2023-08-18,25.899999618530273,26.450000762939453,25.899999618530273,26.450000762939453,11000
2023-08-21,26.450000762939453,26.450000762939453,26.450000762939453,26.450000762939453,2000
2023-08-22,26.950000762939453,26.950000762939453,26.950000762939453,26.950000762939453,1000
2023-08-23,26.25,26.899999618530273,26.0,26.200000762939453,28000
2023-08-24,26.299999237060547,26.649999618530273,26.200000762939453,26.649999618530273,11000
2023-08-25,25.75,26.649999618530273,25.75,26.649999618530273,6000
2023-08-28,26.649999618530273,26.649999618530273,26.549999237060547,26.549999237060547,12000
2023-08-29,26.549999237060547,26.549999237060547,26.549999237060547,26.549999237060547,0
2023-08-30,26.25,26.25,26.0,26.0,4000
2023-08-31,26.450000762939453,27.0,26.0,26.0,23000
2023-09-01,26.100000381469727,26.100000381469727,26.100000381469727,26.100000381469727,2000
2023-09-04,26.049999237060547,26.049999237060547,26.049999237060547,26.049999237060547,6000
2023-09-05,26.149999618530273,26.399999618530273,26.100000381469727,26.149999618530273,13000
2023-09-06,26.200000762939453,26.200000762939453,26.200000762939453,26.200000762939453,2000
2023-09-07,26.200000762939453,26.950000762939453,26.200000762939453,26.950000762939453,14000
2023-09-08,26.950000762939453,26.950000762939453,26.049999237060547,26.100000381469727,12000
2023-09-11,26.0,26.200000762939453,25.799999237060547,26.200000762939453,13000
2023-09-12,26.25,26.299999237060547,26.049999237060547,26.100000381469727,31000
2023-09-13,26.049999237060547,26.049999237060547,26.0,26.0,2000
2023-09-14,26.049999237060547,26.350000381469727,26.049999237060547,26.350000381469727,9000
2023-09-15,26.049999237060547,26.049999237060547,26.049999237060547,26.049999237060547,2000
2023-09-18,26.049999237060547,26.350000381469727,26.049999237060547,26.350000381469727,6000
2023-09-19,26.0,26.0,26.0,26.0,1000
2023-09-20,26.0,26.0,26.0,26.0,0
2023-09-21,25.950000762939453,26.049999237060547,25.899999618530273,26.049999237060547,10000
2023-09-22,26.0,26.0,26.0,26.0,2000
2023-09-25,26.049999237060547,26.100000381469727,26.049999237060547,26.100000381469727,4000
2023-09-26,26.0,26.0,25.600000381469727,25.600000381469727,9000
2023-09-27,26.049999237060547,26.049999237060547,25.950000762939453,25.950000762939453,6000
2023-09-28,25.950000762939453,25.950000762939453,25.950000762939453,25.950000762939453,0
2023-10-02,25.950000762939453,26.0,25.950000762939453,26.0,10000
2023-10-03,26.0,26.0,26.0,26.0,1000
2023-10-04,25.950000762939453,25.950000762939453,25.899999618530273,25.899999618530273,2000
2023-10-05,25.950000762939453,25.950000762939453,25.850000381469727,25.850000381469727,3000
2023-10-06,25.950000762939453,25.950000762939453,25.899999618530273,25.899999618530273,6000
2023-10-11,25.950000762939453,25.950000762939453,25.799999237060547,25.799999237060547,7000
2023-10-12,25.799999237060547,25.799999237060547,25.799999237060547,25.799999237060547,0
2023-10-13,25.850000381469727,26.75,25.850000381469727,26.649999618530273,48000
2023-10-16,26.049999237060547,26.049999237060547,26.0,26.0,9000
2023-10-17,26.0,26.0,25.700000762939453,25.75,4000
2023-10-18,25.75,25.75,24.850000381469727,25.350000381469727,5000
2023-10-19,25.100000381469727,26.549999237060547,25.0,26.149999618530273,14000
2023-10-20,26.149999618530273,27.700000762939453,26.149999618530273,26.25,104000
2023-10-23,26.200000762939453,26.200000762939453,25.600000381469727,25.649999618530273,14000
2023-10-24,26.0,26.049999237060547,25.75,25.75,13000
2023-10-25,25.799999237060547,26.0,25.700000762939453,25.700000762939453,6000
2023-10-26,25.100000381469727,25.549999237060547,25.100000381469727,25.549999237060547,9000
2023-10-27,25.850000381469727,26.299999237060547,25.450000762939453,25.5,7000
2023-10-30,25.649999618530273,26.149999618530273,25.549999237060547,26.0,10000
2023-10-31,25.700000762939453,25.700000762939453,25.5,25.5,7000
2023-11-01,25.950000762939453,25.950000762939453,25.899999618530273,25.899999618530273,2000
2023-11-02,25.899999618530273,25.899999618530273,25.399999618530273,25.549999237060547,20000
2023-11-03,25.600000381469727,25.600000381469727,25.600000381469727,25.600000381469727,1000
2023-11-06,25.649999618530273,25.649999618530273,25.399999618530273,25.5,10000
2023-11-07,25.899999618530273,25.899999618530273,25.450000762939453,25.5,5000
2023-11-08,25.600000381469727,25.600000381469727,25.5,25.5,4000
2023-11-09,25.100000381469727,25.850000381469727,25.100000381469727,25.450000762939453,3000
2023-11-10,25.450000762939453,25.75,25.350000381469727,25.399999618530273,8000
2023-11-13,25.149999618530273,26.399999618530273,25.100000381469727,25.399999618530273,20000
2023-11-14,25.350000381469727,25.75,25.350000381469727,25.75,7000
2023-11-15,25.75,25.799999237060547,25.75,25.799999237060547,3000
2023-11-16,25.950000762939453,25.950000762939453,25.450000762939453,25.450000762939453,4000
2023-11-17,25.799999237060547,25.799999237060547,25.5,25.5,4000
2023-11-20,25.549999237060547,25.549999237060547,25.549999237060547,25.549999237060547,2000
2023-11-21,26.350000381469727,26.350000381469727,25.799999237060547,25.799999237060547,36000
2023-11-22,26.0,26.350000381469727,26.0,26.149999618530273,16000
2023-11-23,26.299999237060547,26.450000762939453,26.299999237060547,26.350000381469727,6000
2023-11-24,26.450000762939453,26.899999618530273,26.450000762939453,26.5,17000
2023-11-27,26.850000381469727,26.850000381469727,26.5,26.700000762939453,100000
2023-11-28,27.399999618530273,27.399999618530273,26.5,26.799999237060547,7000
2023-11-29,26.700000762939453,27.0,26.700000762939453,26.700000762939453,4000
2023-11-30,26.600000381469727,26.600000381469727,26.5,26.5,9000
2023-12-01,27.0,27.0,26.5,26.5,13000
2023-12-04,26.5,26.5,26.5,26.5,3000
2023-12-05,27.0,27.0,27.0,27.0,1000
2023-12-06,26.5,26.850000381469727,26.5,26.850000381469727,2000
2023-12-07,26.5,26.549999237060547,26.5,26.5,8000
2023-12-08,27.350000381469727,27.350000381469727,27.0,27.0,2000
2023-12-11,27.0,27.950000762939453,27.0,27.950000762939453,34000
2023-12-12,28.75,30.700000762939453,28.75,30.700000762939453,366000
2023-12-13,30.5,30.5,28.049999237060547,28.049999237060547,372000
2023-12-14,30.850000381469727,30.850000381469727,30.850000381469727,30.850000381469727,211000
2023-12-15,31.549999237060547,33.849998474121094,30.5,30.5,711000
2023-12-18,30.450000762939453,30.450000762939453,28.549999237060547,28.549999237060547,181000
2023-12-19,28.5,30.5,28.5,29.600000381469727,116000
2023-12-20,30.149999618530273,30.25,29.5,29.799999237060547,58000
2023-12-21,29.200000762939453,29.399999618530273,29.049999237060547,29.049999237060547,12000
2023-12-22,28.899999618530273,29.149999618530273,28.200000762939453,29.100000381469727,45000
2023-12-25,28.649999618530273,28.649999618530273,28.350000381469727,28.600000381469727,16000
2023-12-26,28.450000762939453,28.75,28.350000381469727,28.450000762939453,14000
2023-12-27,28.850000381469727,29.149999618530273,28.5,29.149999618530273,28000
2023-12-28,29.100000381469727,29.25,28.850000381469727,29.100000381469727,9000
2023-12-29,29.049999237060547,29.049999237060547,28.600000381469727,28.899999618530273,11000
2024-01-02,28.049999237060547,29.049999237060547,28.049999237060547,28.899999618530273,10000
2024-01-03,28.649999618530273,28.649999618530273,28.600000381469727,28.600000381469727,3000
2024-01-04,28.200000762939453,28.200000762939453,28.149999618530273,28.149999618530273,10000
2024-01-05,27.799999237060547,28.100000381469727,27.799999237060547,28.100000381469727,13000
2024-01-08,27.700000762939453,28.049999237060547,27.700000762939453,28.0,25000
2024-01-09,27.950000762939453,27.950000762939453,27.799999237060547,28.25,6000
2024-01-10,27.799999237060547,28.600000381469727,27.75,28.200000762939453,14000
2024-01-11,28.25,28.25,28.0,31.0,8000
2024-01-12,27.5,30.399999618530273,27.5,29.0,88000
2024-01-15,29.799999237060547,30.75,28.200000762939453,28.450000762939453,65004
2024-01-16,28.549999237060547,28.549999237060547,27.600000381469727,27.799999237060547,43000
2024-01-17,27.649999618530273,27.799999237060547,27.600000381469727,27.600000381469727,19000
2024-01-18,27.0,27.850000381469727,26.950000762939453,27.850000381469727,13000
2024-01-19,27.600000381469727,27.600000381469727,27.600000381469727,27.600000381469727,1000
2024-01-22,27.600000381469727,28.049999237060547,27.549999237060547,28.049999237060547,3000
2024-01-23,28.049999237060547,28.049999237060547,28.049999237060547,28.049999237060547,1000
2024-01-24,28.200000762939453,28.5,28.100000381469727,28.200000762939453,16000
2024-01-25,28.100000381469727,28.100000381469727,28.100000381469727,28.100000381469727,1000
2024-01-26,27.950000762939453,30.899999618530273,27.950000762939453,29.549999237060547,202000
2024-01-29,29.549999237060547,31.399999618530273,28.5,28.5,157000
2024-01-30,29.100000381469727,29.100000381469727,28.399999618530273,28.5,92000
2024-01-31,28.899999618530273,31.350000381469727,28.799999237060547,31.350000381469727,521000
2024-02-01,33.79999923706055,34.45000076293945,32.79999923706055,34.45000076293945,1629000
2024-02-02,36.95000076293945,37.20000076293945,32.0,32.0,1705000
2024-02-05,32.0,32.25,29.799999237060547,29.950000762939453,612000
2024-02-15,29.5,31.100000381469727,29.450000762939453,30.600000381469727,199000
2024-02-16,30.600000381469727,30.950000762939453,30.350000381469727,30.350000381469727,100000
2024-02-19,30.850000381469727,30.850000381469727,29.649999618530273,29.799999237060547,173000
2024-02-20,29.899999618530273,30.5,29.899999618530273,30.200000762939453,69000
2024-02-21,30.049999237060547,30.75,30.0,30.700000762939453,88000
2024-02-22,30.700000762939453,30.75,30.25,30.25,42000
2024-02-23,30.700000762939453,30.700000762939453,30.0,30.0,56000
2024-02-26,30.0,30.649999618530273,30.0,30.100000381469727,67000
2024-02-27,30.100000381469727,31.700000762939453,30.100000381469727,31.600000381469727,207000
2024-02-29,32.0,34.0,31.450000762939453,31.450000762939453,435000
2024-03-01,31.450000762939453,32.95000076293945,31.450000762939453,31.799999237060547,279000
2024-03-04,31.950000762939453,32.45000076293945,31.5,31.950000762939453,141000
2024-03-05,32.0,33.0,31.950000762939453,32.0,130000
2024-03-06,32.0,32.0,31.100000381469727,31.100000381469727,86000
2024-03-07,31.450000762939453,34.20000076293945,31.450000762939453,32.5,1065000
2024-03-08,32.54999923706055,33.0,30.350000381469727,31.0,356000
2024-03-11,30.950000762939453,33.349998474121094,30.950000762939453,32.79999923706055,187000
2024-03-12,32.95000076293945,33.400001525878906,32.0,32.29999923706055,84000
2024-03-13,32.29999923706055,32.29999923706055,32.29999923706055,32.29999923706055,0
2024-03-14,31.600000381469727,33.849998474121094,31.600000381469727,31.899999618530273,325000
2024-03-15,32.0,32.0,31.0,31.0,62000
2024-03-18,31.0,31.0,31.0,31.0,0
2024-03-19,31.25,32.099998474121094,30.950000762939453,31.299999237060547,165000
2024-03-20,31.299999237060547,31.299999237060547,31.299999237060547,31.299999237060547,0
2024-03-21,31.799999237060547,32.349998474121094,31.5,31.700000762939453,56000
2024-03-22,31.700000762939453,32.04999923706055,31.25,31.299999237060547,28000
2024-03-25,31.299999237060547,31.299999237060547,31.299999237060547,31.299999237060547,0
2024-03-26,31.299999237060547,31.299999237060547,31.299999237060547,31.299999237060547,0
2024-03-27,29.899999618530273,33.20000076293945,29.899999618530273,33.20000076293945,106000
2024-03-28,32.0,33.0,32.0,32.099998474121094,48000
2024-03-29,31.950000762939453,31.950000762939453,31.399999618530273,31.399999618530273,23000
2024-04-01,30.799999237060547,30.799999237060547,30.25,30.549999237060547,22000
2024-04-02,30.5,30.5,30.299999237060547,30.450000762939453,29000
2024-04-03,30.049999237060547,30.149999618530273,29.799999237060547,30.100000381469727,49000
2024-04-08,29.75,29.950000762939453,29.75,29.850000381469727,13000
2024-04-09,29.850000381469727,29.850000381469727,29.549999237060547,29.549999237060547,28000
2024-04-10,29.549999237060547,29.850000381469727,29.549999237060547,29.850000381469727,60000
2024-04-11,29.700000762939453,29.799999237060547,29.600000381469727,29.600000381469727,8000
2024-04-12,29.799999237060547,31.200000762939453,29.600000381469727,30.25,58000
2024-04-15,29.75,32.25,29.75,30.450000762939453,95000
2024-04-16,30.450000762939453,31.200000762939453,29.899999618530273,29.899999618530273,22000
2024-04-17,29.899999618530273,30.049999237060547,29.850000381469727,30.0,7000
2024-04-18,29.950000762939453,31.700000762939453,29.950000762939453,31.200000762939453,32000
2024-04-19,31.950000762939453,32.20000076293945,30.049999237060547,30.399999618530273,64000
2024-04-22,30.399999618530273,30.399999618530273,30.0,30.0,11000
2024-04-23,30.5,30.899999618530273,30.299999237060547,30.700000762939453,27000
2024-04-24,31.399999618530273,31.899999618530273,30.899999618530273,31.350000381469727,32000
2024-04-25,30.799999237060547,31.450000762939453,30.700000762939453,31.450000762939453,9000
2024-04-26,31.649999618530273,31.700000762939453,31.0,31.0,9000
2024-04-29,30.799999237060547,30.899999618530273,30.399999618530273,30.600000381469727,63000
2024-04-30,30.450000762939453,31.0,30.399999618530273,30.450000762939453,21000
2024-05-02,31.100000381469727,31.350000381469727,30.399999618530273,30.450000762939453,294000
2024-05-03,30.450000762939453,30.600000381469727,29.25,29.299999237060547,394000
2024-05-06,29.649999618530273,29.75,29.549999237060547,29.549999237060547,5000
2024-05-07,29.299999237060547,29.600000381469727,29.200000762939453,29.399999618530273,25000
2024-05-08,29.049999237060547,30.25,29.049999237060547,30.149999618530273,31000
2024-05-09,30.350000381469727,30.350000381469727,29.25,29.25,14000
2024-05-10,29.25,29.25,29.200000762939453,29.200000762939453,9000
2024-05-13,29.200000762939453,30.049999237060547,29.200000762939453,30.049999237060547,15000
2024-05-14,29.950000762939453,30.0,29.700000762939453,29.75,23000
2024-05-15,29.5,31.5,29.5,30.5,41000
2024-05-16,30.700000762939453,31.450000762939453,29.700000762939453,29.799999237060547,60000
2024-05-17,29.700000762939453,30.700000762939453,29.700000762939453,30.0,42000
2024-05-20,30.0,30.5,29.799999237060547,30.049999237060547,7000
2024-05-21,30.5,30.5,29.899999618530273,30.200000762939453,6000
2024-05-22,30.25,30.600000381469727,30.100000381469727,30.100000381469727,27000
2024-05-23,30.100000381469727,30.399999618530273,30.0,30.0,10000
2024-05-24,30.0,30.299999237060547,29.799999237060547,29.799999237060547,11000
2024-05-27,29.799999237060547,30.950000762939453,29.799999237060547,30.700000762939453,72000
2024-05-28,31.399999618530273,32.20000076293945,30.75,31.200000762939453,85000
2024-05-29,31.200000762939453,32.54999923706055,31.200000762939453,31.700000762939453,131000
2024-05-30,31.5,32.099998474121094,31.299999237060547,31.950000762939453,18000
2024-05-31,32.0,35.099998474121094,31.75,31.75,886000
2024-06-03,31.75,33.0,30.549999237060547,30.75,212000
2024-06-04,31.299999237060547,31.299999237060547,30.5,30.5,91000
2024-06-05,30.399999618530273,30.799999237060547,29.799999237060547,30.5,30000
2024-06-06,30.549999237060547,32.54999923706055,30.450000762939453,31.5,199000
2024-06-07,31.75,32.849998474121094,31.5,31.549999237060547,100000
2024-06-11,32.5,32.79999923706055,31.649999618530273,31.850000381469727,67000
2024-06-12,31.700000762939453,32.29999923706055,31.350000381469727,32.04999923706055,12000
2024-06-13,32.04999923706055,34.45000076293945,32.04999923706055,32.900001525878906,142000
2024-06-14,33.20000076293945,33.79999923706055,32.75,32.75,81000
2024-06-17,32.79999923706055,34.0,32.25,33.5,85000
2024-06-18,33.95000076293945,36.0,33.599998474121094,33.650001525878906,185000
2024-06-19,33.75,34.099998474121094,32.900001525878906,33.75,89000
2024-06-20,33.79999923706055,33.79999923706055,32.79999923706055,33.20000076293945,30000
2024-06-21,32.75,33.75,32.650001525878906,33.29999923706055,35000
2024-06-24,33.29999923706055,35.29999923706055,32.79999923706055,32.95000076293945,108000
2024-06-25,32.95000076293945,34.04999923706055,32.95000076293945,33.599998474121094,34000
2024-06-26,33.599998474121094,34.45000076293945,33.150001525878906,33.150001525878906,46000
2024-06-27,33.599998474121094,35.5,33.599998474121094,34.0,129000
2024-06-28,34.0,35.349998474121094,34.0,34.20000076293945,81000
2024-07-01,34.20000076293945,35.20000076293945,34.20000076293945,34.900001525878906,104000
2024-07-02,34.849998474121094,38.349998474121094,34.849998474121094,37.20000076293945,382000
2024-07-03,37.20000076293945,37.349998474121094,36.0,36.0,86000
2024-07-04,36.25,38.849998474121094,36.25,36.400001525878906,215000
2024-07-05,36.599998474121094,38.5,36.599998474121094,37.349998474121094,88000
2024-07-08,37.349998474121094,39.45000076293945,37.099998474121094,37.70000076293945,125000
2024-07-09,38.0,38.29999923706055,35.150001525878906,36.0,90000
2024-07-10,36.54999923706055,38.75,36.54999923706055,38.20000076293945,132000
2024-07-11,38.150001525878906,39.400001525878906,37.849998474121094,38.099998474121094,104000
2024-07-12,37.95000076293945,39.04999923706055,37.95000076293945,38.5,176000
2024-07-15,38.599998474121094,38.849998474121094,38.0,38.0,164000
2024-07-16,38.54999923706055,38.54999923706055,36.25,36.70000076293945,155000
2024-07-17,36.349998474121094,36.349998474121094,35.0,34.95000076293945,87000
2024-07-18,35.0,36.5,34.20000076293945,35.900001525878906,96000
2024-07-19,35.04999923706055,37.5,35.04999923706055,36.25,98000
2024-07-22,35.54999923706055,36.099998474121094,34.20000076293945,35.95000076293945,70000
2024-07-23,35.95000076293945,35.95000076293945,35.45000076293945,35.75,27000
2024-07-26,35.400001525878906,35.45000076293945,34.79999923706055,34.79999923706055,30000
2024-07-29,34.349998474121094,34.349998474121094,32.849998474121094,32.849998474121094,28000
2024-07-30,32.04999923706055,32.650001525878906,32.04999923706055,32.349998474121094,35000
2024-07-31,32.04999923706055,34.04999923706055,32.04999923706055,33.599998474121094,167000
2024-08-01,33.599998474121094,34.54999923706055,33.599998474121094,34.25,62000
2024-08-02,32.849998474121094,35.79999923706055,32.75,34.900001525878906,86000
2024-08-05,34.0,34.0,31.700000762939453,32.29999923706055,46000
2024-08-06,32.5,32.54999923706055,31.299999237060547,32.150001525878906,30000
2024-08-07,32.849998474121094,33.5,32.54999923706055,32.900001525878906,7000
2024-08-08,32.54999923706055,32.599998474121094,32.54999923706055,32.599998474121094,2000
2024-08-09,32.599998474121094,32.599998474121094,32.599998474121094,32.599998474121094,0
2024-08-12,32.400001525878906,34.70000076293945,32.400001525878906,34.04999923706055,52000
2024-08-13,34.04999923706055,36.45000076293945,34.04999923706055,34.79999923706055,265000
2024-08-14,35.400001525878906,36.5,35.150001525878906,35.849998474121094,101000
2024-08-15,36.20000076293945,36.849998474121094,34.79999923706055,35.25,95000
2024-08-16,36.599998474121094,36.599998474121094,35.349998474121094,36.04999923706055,35000
2024-08-19,36.04999923706055,36.04999923706055,35.29999923706055,35.29999923706055,18000
2024-08-20,35.29999923706055,36.400001525878906,35.20000076293945,36.150001525878906,69000
2024-08-21,36.150001525878906,36.75,35.599998474121094,36.29999923706055,61000
2024-08-22,38.400001525878906,38.400001525878906,36.04999923706055,36.04999923706055,62000
2024-08-23,36.04999923706055,36.75,36.04999923706055,36.5,46000
2024-08-26,36.5,37.75,36.5,37.25,75000
2024-08-27,37.45000076293945,38.0,37.25,37.599998474121094,57000
2024-08-28,37.599998474121094,37.900001525878906,37.29999923706055,37.900001525878906,33000
2024-08-29,38.0,38.04999923706055,36.75,38.0,154000
2024-08-30,37.95000076293945,38.099998474121094,37.45000076293945,37.45000076293945,39000
2024-09-02,37.849998474121094,38.0,37.349998474121094,37.849998474121094,43000
2024-09-03,38.0,39.95000076293945,36.900001525878906,36.95000076293945,271000
2024-09-04,36.95000076293945,38.5,36.95000076293945,37.349998474121094,114000
2024-09-05,36.849998474121094,38.25,36.849998474121094,37.79999923706055,71000
2024-09-06,38.349998474121094,38.400001525878906,37.099998474121094,37.25,131000
2024-09-09,37.25,37.54999923706055,36.599998474121094,37.349998474121094,75000
2024-09-10,37.29999923706055,38.29999923706055,37.29999923706055,37.75,108000
2024-09-11,38.04999923706055,38.79999923706055,38.0,38.150001525878906,199000
2024-09-12,38.900001525878906,39.20000076293945,38.650001525878906,39.04999923706055,77000
2024-09-13,39.599998474121094,42.099998474121094,39.5,40.45000076293945,237000
2024-09-16,41.54999923706055,41.54999923706055,39.45000076293945,41.54999923706055,83000
2024-09-18,40.70000076293945,42.75,40.70000076293945,40.75,96000
2024-09-19,40.75,41.79999923706055,40.75,41.79999923706055,82000
2024-09-20,42.0,42.099998474121094,41.45000076293945,41.900001525878906,70000
2024-09-23,41.900001525878906,42.400001525878906,40.29999923706055,40.54999923706055,39000
2024-09-24,41.349998474121094,41.349998474121094,39.849998474121094,39.95000076293945,48000
2024-09-25,39.95000076293945,40.650001525878906,39.45000076293945,39.54999923706055,60000
2024-09-26,39.54999923706055,39.849998474121094,38.650001525878906,39.0,53000
2024-09-27,40.0,40.45000076293945,39.0,39.20000076293945,63000
2024-09-30,37.349998474121094,38.5,37.349998474121094,38.0,41000
2024-10-01,38.0,38.75,37.349998474121094,38.5,58000
2024-10-04,36.650001525878906,37.5,36.650001525878906,37.20000076293945,15000
2024-10-07,36.79999923706055,37.20000076293945,36.79999923706055,37.20000076293945,10000
2024-10-08,37.0,37.20000076293945,37.0,37.20000076293945,4000
2024-10-09,37.20000076293945,37.20000076293945,36.650001525878906,36.900001525878906,14000
2024-10-11,36.900001525878906,36.900001525878906,36.70000076293945,36.849998474121094,15000
2024-10-14,36.79999923706055,36.79999923706055,36.0,36.29999923706055,17000
2024-10-15,36.29999923706055,37.25,36.29999923706055,36.79999923706055,49000
2024-10-16,36.79999923706055,37.95000076293945,36.650001525878906,37.25,17000
2024-10-17,37.25,37.95000076293945,37.25,37.70000076293945,13000
2024-10-18,37.70000076293945,38.349998474121094,37.70000076293945,38.349998474121094,13000
2024-10-21,38.349998474121094,38.75,37.599998474121094,38.29999923706055,22000
2024-10-22,38.5,40.400001525878906,38.5,39.29999923706055,76000
2024-10-23,39.29999923706055,39.650001525878906,38.79999923706055,38.79999923706055,55000
2024-10-24,38.29999923706055,39.400001525878906,38.29999923706055,38.75,42000
2024-10-25,38.79999923706055,39.400001525878906,38.5,39.29999923706055,20000
2024-10-28,39.95000076293945,40.20000076293945,38.650001525878906,38.900001525878906,20000
2024-10-29,39.54999923706055,39.54999923706055,37.95000076293945,38.95000076293945,39000
2024-10-30,38.95000076293945,38.95000076293945,37.599998474121094,38.150001525878906,17000
2024-11-01,38.150001525878906,38.150001525878906,37.70000076293945,37.70000076293945,3000
2024-11-04,37.70000076293945,37.70000076293945,37.04999923706055,37.099998474121094,4000
2024-11-05,37.099998474121094,37.099998474121094,37.099998474121094,37.099998474121094,1000
2024-11-06,37.099998474121094,38.349998474121094,37.099998474121094,38.25,61000
2024-11-07,38.25,38.900001525878906,38.25,38.400001525878906,20000
2024-11-08,38.25,38.25,36.29999923706055,37.54999923706055,39000
2024-11-11,37.54999923706055,38.599998474121094,37.54999923706055,38.349998474121094,29000
2024-11-12,36.650001525878906,37.79999923706055,36.599998474121094,37.400001525878906,50000
2024-11-13,37.400001525878906,38.349998474121094,37.400001525878906,38.04999923706055,25000
2024-11-14,38.04999923706055,38.79999923706055,37.849998474121094,38.25,41000
2024-11-15,38.25,38.79999923706055,38.04999923706055,38.75,28000
2024-11-18,38.75,39.25,36.54999923706055,36.54999923706055,79000
2024-11-19,37.75,37.75,36.0,37.25,47000
2024-11-20,37.25,38.45000076293945,37.25,37.29999923706055,70613
2024-11-21,37.29999923706055,38.45000076293945,37.29999923706055,37.599998474121094,35000
2024-11-22,37.599998474121094,38.599998474121094,37.20000076293945,38.349998474121094,28000
2024-11-25,38.349998474121094,39.400001525878906,38.0,38.95000076293945,70000
2024-11-26,38.900001525878906,40.0,38.900001525878906,39.29999923706055,12000
2024-11-27,39.29999923706055,39.29999923706055,39.29999923706055,39.29999923706055,0
2024-11-28,38.849998474121094,39.75,38.04999923706055,38.04999923706055,25000
2024-11-29,38.04999923706055,38.400001525878906,37.70000076293945,37.70000076293945,6000
2024-12-02,37.5,38.45000076293945,36.79999923706055,37.349998474121094,61000
2024-12-03,38.5,38.75,36.79999923706055,37.150001525878906,40000
2024-12-04,38.0,38.349998474121094,36.95000076293945,37.45000076293945,29000
2024-12-05,38.0,38.849998474121094,37.20000076293945,37.5,43000
2024-12-06,38.599998474121094,38.599998474121094,36.70000076293945,37.0,36000
2024-12-09,37.0,37.45000076293945,36.54999923706055,37.099998474121094,59000
2024-12-10,37.099998474121094,37.849998474121094,36.650001525878906,37.25,9000
2024-12-11,36.150001525878906,37.349998474121094,36.150001525878906,36.849998474121094,9000
2024-12-12,36.849998474121094,37.599998474121094,36.79999923706055,37.20000076293945,24000
2024-12-13,37.20000076293945,37.25,36.400001525878906,37.25,18000
2024-12-16,37.25,37.5,36.099998474121094,37.349998474121094,36000
2024-12-17,37.5,37.95000076293945,37.400001525878906,37.400001525878906,23000
2024-12-18,37.650001525878906,37.849998474121094,36.54999923706055,37.70000076293945,54000
2024-12-19,37.70000076293945,37.849998474121094,36.70000076293945,37.099998474121094,59000
2024-12-20,36.54999923706055,36.599998474121094,36.150001525878906,36.29999923706055,12000
2024-12-23,36.29999923706055,37.25,36.099998474121094,36.25,23000
2024-12-24,36.25,39.25,36.25,37.0,170000
2024-12-25,37.150001525878906,38.20000076293945,37.150001525878906,37.900001525878906,74000
2024-12-26,38.54999923706055,39.25,37.599998474121094,37.599998474121094,135000
2024-12-27,37.599998474121094,39.0,37.599998474121094,38.650001525878906,86000
2024-12-30,40.20000076293945,40.20000076293945,37.650001525878906,37.849998474121094,91000
2024-12-31,37.25,39.099998474121094,37.25,38.45000076293945,32000
2025-01-02,38.45000076293945,38.95000076293945,38.099998474121094,38.45000076293945,18000
2025-01-03,39.150001525878906,39.95000076293945,37.75,37.75,116000
2025-01-06,37.849998474121094,37.849998474121094,37.849998474121094,37.849998474121094,1000
2025-01-07,37.79999923706055,37.79999923706055,37.70000076293945,37.70000076293945,2000
2025-01-08,37.70000076293945,37.95000076293945,37.29999923706055,37.29999923706055,8000
2025-01-09,37.29999923706055,38.75,37.29999923706055,38.70000076293945,150000
2025-01-10,38.95000076293945,39.45000076293945,38.29999923706055,38.54999923706055,82000
2025-01-13,38.54999923706055,38.849998474121094,37.79999923706055,38.04999923706055,64000
2025-01-14,38.04999923706055,38.849998474121094,38.04999923706055,38.150001525878906,143000
2025-01-15,38.70000076293945,38.849998474121094,38.0,38.5,25000
2025-01-16,38.849998474121094,38.849998474121094,37.70000076293945,36.0,73000
2025-01-17,37.95000076293945,38.45000076293945,37.95000076293945,38.25,26000
2025-01-20,38.25,40.150001525878906,37.599998474121094,37.599998474121094,254000
2025-01-21,38.400001525878906,38.75,34.5,34.54999923706055,562000
2025-01-22,34.54999923706055,34.849998474121094,32.79999923706055,33.04999923706055,215000
2025-02-03,33.20000076293945,33.75,33.04999923706055,33.04999923706055,47001
2025-02-04,33.04999923706055,33.349998474121094,33.04999923706055,33.349998474121094,5002
2025-02-05,33.349998474121094,33.79999923706055,32.5,33.04999923706055,82000
2025-02-06,33.349998474121094,33.95000076293945,33.150001525878906,33.20000076293945,40000
2025-02-07,33.20000076293945,34.0,33.20000076293945,33.900001525878906,67000
2025-02-10,33.900001525878906,34.150001525878906,33.150001525878906,33.29999923706055,110000
2025-02-11,33.29999923706055,33.54999923706055,33.0,33.45000076293945,57001
2025-02-12,33.45000076293945,33.5,32.849998474121094,32.849998474121094,5003
2025-02-13,33.25,33.25,32.5,32.599998474121094,21000
2025-02-14,32.54999923706055,32.75,32.54999923706055,32.54999923706055,8000
2025-02-17,32.54999923706055,32.849998474121094,32.54999923706055,32.650001525878906,4001
2025-02-18,32.650001525878906,32.650001525878906,32.54999923706055,32.54999923706055,2001
2025-02-19,32.54999923706055,32.650001525878906,32.400001525878906,32.54999923706055,14059
2025-02-20,32.54999923706055,33.900001525878906,32.54999923706055,33.150001525878906,37000
2025-02-21,33.150001525878906,33.5,33.150001525878906,33.29999923706055,6000
2025-02-24,33.29999923706055,33.95000076293945,33.25,33.95000076293945,61000
2025-02-25,33.95000076293945,34.099998474121094,33.29999923706055,34.0,22001
2025-02-26,33.95000076293945,33.95000076293945,33.95000076293945,33.95000076293945,1000
2025-02-27,33.95000076293945,34.70000076293945,33.95000076293945,34.099998474121094,26000
2025-03-03,34.099998474121094,34.650001525878906,33.95000076293945,34.099998474121094,51000
2025-03-04,34.099998474121094,34.25,34.099998474121094,34.25,2000
2025-03-05,34.25,34.650001525878906,34.099998474121094,34.45000076293945,11001
2025-03-06,33.5,34.400001525878906,33.5,34.400001525878906,10500
2025-03-07,34.400001525878906,34.400001525878906,34.400001525878906,34.400001525878906,0
2025-03-10,33.45000076293945,34.20000076293945,33.45000076293945,34.20000076293945,9000
2025-03-11,32.20000076293945,33.849998474121094,32.20000076293945,33.04999923706055,61026
2025-03-12,33.04999923706055,33.900001525878906,33.04999923706055,33.54999923706055,7001
2025-03-13,33.54999923706055,34.04999923706055,32.25,32.25,54001
2025-03-14,32.75,33.0,32.75,33.0,2000
2025-03-17,33.0,33.45000076293945,33.0,33.20000076293945,9001
2025-03-18,33.20000076293945,34.0,32.900001525878906,33.29999923706055,23001
2025-03-19,33.29999923706055,33.54999923706055,32.900001525878906,32.900001525878906,8001
2025-03-20,32.900001525878906,33.150001525878906,32.5,32.5,14000
2025-03-21,32.5,33.29999923706055,32.25,33.20000076293945,43001
2025-03-24,33.20000076293945,33.849998474121094,33.20000076293945,33.599998474121094,33000
2025-03-25,33.599998474121094,34.25,32.5,33.599998474121094,44000
2025-03-26,33.599998474121094,33.849998474121094,32.349998474121094,32.349998474121094,45000
2025-03-27,32.349998474121094,32.45000076293945,32.0,32.349998474121094,9000
2025-03-28,32.349998474121094,32.79999923706055,31.299999237060547,31.399999618530273,19011
2025-03-31,31.0,32.29999923706055,31.0,31.700000762939453,16000
2025-04-01,31.700000762939453,32.400001525878906,31.299999237060547,32.400001525878906,29000
2025-04-02,32.400001525878906,32.400001525878906,31.350000381469727,32.04999923706055,12020
2025-04-07,28.850000381469727,28.850000381469727,28.850000381469727,28.850000381469727,1000
2025-04-08,26.0,28.600000381469727,26.0,27.600000381469727,32000
2025-04-09,27.600000381469727,27.850000381469727,26.350000381469727,26.649999618530273,33000
2025-04-10,27.149999618530273,28.75,27.149999618530273,28.75,29000
2025-04-11,28.700000762939453,29.5,28.100000381469727,29.450000762939453,26000
2025-04-14,29.450000762939453,30.25,29.25,29.399999618530273,14000
2025-04-15,29.399999618530273,29.799999237060547,28.75,29.700000762939453,19000
2025-04-16,29.700000762939453,30.200000762939453,29.700000762939453,30.049999237060547,5257
2025-04-17,30.0,30.0,30.0,30.0,1001
2025-04-18,29.850000381469727,30.399999618530273,29.0,29.700000762939453,55001
2025-04-21,29.700000762939453,30.899999618530273,29.700000762939453,30.5,13000
2025-04-22,30.5,31.100000381469727,30.299999237060547,31.100000381469727,7000
2025-04-23,30.200000762939453,31.5,29.200000762939453,30.549999237060547,45000
2025-04-24,31.5,31.5,30.100000381469727,30.799999237060547,12010
2025-04-25,30.799999237060547,31.149999618530273,30.100000381469727,30.100000381469727,72001
2025-04-28,30.100000381469727,30.450000762939453,30.100000381469727,30.450000762939453,3000
2025-04-29,30.299999237060547,30.5,29.75,30.299999237060547,63000
2025-04-30,30.299999237060547,30.450000762939453,30.049999237060547,30.049999237060547,12000
2025-05-02,30.049999237060547,30.299999237060547,29.899999618530273,30.299999237060547,9001
2025-05-05,30.299999237060547,30.399999618530273,29.25,29.649999618530273,15000
2025-05-06,28.899999618530273,29.649999618530273,28.799999237060547,29.5,14000
2025-05-07,29.049999237060547,29.399999618530273,29.049999237060547,29.299999237060547,32000
2025-05-08,28.600000381469727,28.850000381469727,28.600000381469727,28.850000381469727,2000
2025-05-09,28.850000381469727,29.600000381469727,28.850000381469727,29.600000381469727,6000
2025-05-12,29.549999237060547,29.549999237060547,29.049999237060547,29.549999237060547,31000
2025-05-13,29.549999237060547,29.950000762939453,29.200000762939453,29.200000762939453,31001
2025-05-14,29.0,29.700000762939453,29.0,29.700000762939453,32000
2025-05-15,29.649999618530273,30.350000381469727,29.5,29.5,28000
2025-05-16,29.5,30.100000381469727,29.5,29.75,23000
2025-05-19,29.75,29.950000762939453,29.75,29.950000762939453,19320
2025-05-20,29.850000381469727,30.0,29.850000381469727,30.0,6000
2025-05-21,30.0,33.0,30.0,33.0,244000
2025-05-22,32.849998474121094,32.849998474121094,30.5,30.549999237060547,111002
2025-05-23,31.100000381469727,32.400001525878906,30.200000762939453,30.399999618530273,100500
2025-05-26,30.299999237060547,31.899999618530273,30.299999237060547,31.700000762939453,57000
2025-05-27,31.700000762939453,32.400001525878906,30.649999618530273,30.649999618530273,36000
2025-05-28,31.399999618530273,33.70000076293945,31.0,32.650001525878906,185000
2025-05-29,32.599998474121094,33.70000076293945,31.600000381469727,32.79999923706055,79021
2025-06-02,32.79999923706055,34.0,31.700000762939453,33.20000076293945,137000
2025-06-03,33.349998474121094,33.849998474121094,32.599998474121094,33.400001525878906,36000
2025-06-04,32.70000076293945,33.29999923706055,32.599998474121094,33.20000076293945,13001
2025-06-05,33.20000076293945,33.349998474121094,32.5,32.900001525878906,9000
2025-06-06,32.900001525878906,33.150001525878906,31.549999237060547,31.549999237060547,70000
2025-06-09,31.549999237060547,32.150001525878906,30.700000762939453,30.700000762939453,37028
2025-06-10,30.450000762939453,32.04999923706055,30.299999237060547,30.600000381469727,32000
2025-06-11,30.600000381469727,31.950000762939453,30.600000381469727,31.899999618530273,23000
2025-06-12,31.899999618530273,33.900001525878906,31.899999618530273,32.599998474121094,45000
2025-06-13,31.950000762939453,32.75,31.799999237060547,31.799999237060547,36001
2025-06-16,31.75,32.70000076293945,31.600000381469727,32.599998474121094,30001
2025-06-17,32.599998474121094,33.099998474121094,31.75,31.75,44026
2025-06-18,31.75,32.349998474121094,31.700000762939453,32.0,8000
2025-06-19,32.0,32.79999923706055,30.549999237060547,31.600000381469727,140001
2025-06-20,31.600000381469727,31.950000762939453,31.200000762939453,31.450000762939453,40000
2025-06-23,31.450000762939453,32.70000076293945,31.149999618530273,31.149999618530273,37127
2025-06-24,31.149999618530273,32.29999923706055,31.149999618530273,31.850000381469727,15000
2025-06-25,31.850000381469727,33.0,31.850000381469727,33.0,56000
2025-06-26,33.0,34.04999923706055,32.099998474121094,32.099998474121094,140000
2025-06-27,32.099998474121094,32.79999923706055,31.649999618530273,31.649999618530273,35040
2025-06-30,31.649999618530273,31.899999618530273,31.649999618530273,31.75,14140
2025-07-01,31.75,32.5,31.75,32.150001525878906,11040
2025-07-02,32.150001525878906,32.349998474121094,32.150001525878906,32.29999923706055,6000
2025-07-03,32.29999923706055,33.04999923706055,31.549999237060547,31.899999618530273,18000
2025-07-04,31.899999618530273,32.650001525878906,31.600000381469727,32.400001525878906,11001
2025-07-07,32.349998474121094,32.849998474121094,31.200000762939453,31.200000762939453,21028
2025-07-08,31.200000762939453,31.899999618530273,31.0,31.25,38000
2025-07-09,31.25,31.950000762939453,30.799999237060547,31.950000762939453,45000
2025-07-10,31.950000762939453,31.950000762939453,31.950000762939453,31.950000762939453,0
2025-07-11,31.649999618530273,32.400001525878906,31.649999618530273,32.400001525878906,4000
2025-07-14,32.25,32.25,31.450000762939453,31.899999618530273,18001
2025-07-15,31.149999618530273,31.399999618530273,31.100000381469727,31.399999618530273,3000
2025-07-16,31.399999618530273,32.45000076293945,31.399999618530273,31.399999618530273,55000
2025-07-17,31.350000381469727,31.600000381469727,31.350000381469727,31.600000381469727,10002
2025-07-18,31.600000381469727,32.0,30.600000381469727,30.700000762939453,30000
2025-07-21,30.5,31.25,30.100000381469727,30.899999618530273,21000
2025-07-22,30.899999618530273,31.700000762939453,30.549999237060547,30.600000381469727,17000
2025-07-23,30.600000381469727,32.29999923706055,30.600000381469727,31.600000381469727,41020
2025-07-24,31.649999618530273,31.899999618530273,31.299999237060547,31.5,21000
2025-07-25,31.450000762939453,31.950000762939453,31.25,31.75,19000
2025-07-28,31.75,31.75,31.75,31.75,0
2025-07-29,31.299999237060547,31.649999618530273,30.700000762939453,31.5,16001
2025-07-30,31.5,31.5,30.350000381469727,30.450000762939453,59200
2025-07-31,30.450000762939453,30.950000762939453,30.200000762939453,30.350000381469727,7010
2025-08-04,29.799999237060547,30.700000762939453,29.799999237060547,30.5,44001
2025-08-05,30.200000762939453,30.600000381469727,29.799999237060547,29.799999237060547,62160
2025-08-06,29.799999237060547,30.200000762939453,29.600000381469727,29.600000381469727,14030
2025-08-07,29.450000762939453,29.799999237060547,29.450000762939453,29.5,10000
2025-08-08,29.75,30.149999618530273,29.549999237060547,29.549999237060547,18000
2025-08-11,28.299999237060547,29.850000381469727,28.299999237060547,29.850000381469727,8000
2025-08-12,29.600000381469727,30.100000381469727,29.600000381469727,30.100000381469727,8001
2025-08-13,30.149999618530273,30.649999618530273,29.5,29.5,8000
2025-08-14,29.5,30.299999237060547,29.299999237060547,30.299999237060547,33000
2025-08-15,30.200000762939453,31.399999618530273,30.100000381469727,30.649999618530273,44000
2025-08-18,30.649999618530273,31.149999618530273,30.0,30.549999237060547,22000
2025-08-19,30.549999237060547,31.049999237060547,30.549999237060547,31.0,5001
2025-08-20,31.0,31.0,31.0,31.0,0
2025-08-21,30.350000381469727,30.950000762939453,30.25,30.850000381469727,47001
2025-08-22,30.850000381469727,30.850000381469727,29.600000381469727,30.100000381469727,19000
2025-08-25,30.100000381469727,30.649999618530273,30.0,30.649999618530273,49028
2025-08-26,30.399999618530273,31.0,30.299999237060547,30.549999237060547,21000
2025-08-27,30.549999237060547,30.950000762939453,30.149999618530273,30.700000762939453,24000
2025-08-28,30.649999618530273,31.149999618530273,30.649999618530273,31.049999237060547,9002
2025-08-29,30.5,31.049999237060547,30.0,30.649999618530273,54000
2025-09-01,30.649999618530273,31.600000381469727,30.049999237060547,31.600000381469727,25100
2025-09-02,31.600000381469727,31.700000762939453,30.399999618530273,31.600000381469727,40000
2025-09-03,31.600000381469727,31.700000762939453,30.5,31.350000381469727,30006
2025-09-04,31.350000381469727,31.950000762939453,30.799999237060547,31.700000762939453,47000
2025-09-05,31.700000762939453,32.04999923706055,30.200000762939453,30.200000762939453,74797
2025-09-08,30.200000762939453,30.649999618530273,30.0,30.649999618530273,7000
2025-09-09,30.649999618530273,31.649999618530273,29.75,29.75,83000
2025-09-10,29.75,30.549999237060547,29.600000381469727,29.799999237060547,31000
2025-09-11,29.799999237060547,30.450000762939453,29.75,29.75,19500
2025-09-12,29.799999237060547,30.700000762939453,29.799999237060547,30.450000762939453,22004
2025-09-15,30.450000762939453,31.149999618530273,30.0,30.0,47000
2025-09-16,31.5,31.600000381469727,30.299999237060547,30.649999618530273,67005
2025-09-17,30.649999618530273,30.950000762939453,30.549999237060547,30.950000762939453,13020
2025-09-18,30.950000762939453,31.549999237060547,30.700000762939453,31.200000762939453,27004
2025-09-19,31.200000762939453,31.399999618530273,30.600000381469727,31.399999618530273,37000
2025-09-22,31.399999618530273,31.399999618530273,31.399999618530273,31.399999618530273,0
2025-09-23,30.950000762939453,31.799999237060547,30.5,30.700000762939453,47000
2025-09-24,30.700000762939453,31.100000381469727,30.0,30.399999618530273,42000
2025-09-25,30.399999618530273,30.649999618530273,30.0,30.450000762939453,26000
2025-09-26,30.450000762939453,30.799999237060547,29.5,30.799999237060547,43000
2025-09-30,30.799999237060547,30.950000762939453,30.399999618530273,30.850000381469727,10000
2025-10-01,30.899999618530273,31.450000762939453,29.75,29.75,71432
2025-10-02,30.0,30.5,29.799999237060547,30.25,19000
2025-10-03,30.25,31.299999237060547,29.950000762939453,30.600000381469727,88000
2025-10-07,30.600000381469727,31.149999618530273,30.25,30.25,40000
2025-10-08,30.25,30.75,30.25,30.75,3000
2025-10-09,30.75,30.75,30.75,30.75,0
2025-10-13,30.25,30.950000762939453,30.100000381469727,30.799999237060547,40100
2025-10-14,30.799999237060547,31.299999237060547,30.299999237060547,30.299999237060547,81000
2025-10-15,30.299999237060547,30.850000381469727,30.0,30.0,93500
2025-10-16,30.649999618530273,30.950000762939453,29.899999618530273,30.399999618530273,69000
2025-10-17,30.399999618530273,30.600000381469727,30.0,30.0,23001
2025-10-20,30.0,30.75,30.0,30.049999237060547,36102
2025-10-21,30.049999237060547,30.450000762939453,29.5,30.399999618530273,35000
2025-10-22,30.450000762939453,30.5,30.450000762939453,30.5,2015
2025-10-23,30.350000381469727,30.799999237060547,30.0,30.799999237060547,19050
2025-10-27,30.799999237060547,31.0,29.899999618530273,30.049999237060547,55309
2025-10-28,30.049999237060547,30.75,30.049999237060547,30.100000381469727,50100
2025-10-29,30.100000381469727,30.75,30.100000381469727,30.75,34000
2025-10-30,30.700000762939453,30.700000762939453,29.850000381469727,30.299999237060547,63001
2025-10-31,30.0,30.600000381469727,29.850000381469727,30.100000381469727,42000
2025-11-03,30.100000381469727,30.299999237060547,29.799999237060547,30.200000762939453,35000
2025-11-04,30.200000762939453,30.200000762939453,29.700000762939453,29.950000762939453,43000
2025-11-05,29.0,29.75,28.75,29.75,18000
2025-11-06,29.75,30.0,29.100000381469727,29.600000381469727,16000
2025-11-07,29.600000381469727,30.25,29.549999237060547,29.649999618530273,50001
2025-11-10,29.649999618530273,29.950000762939453,29.450000762939453,29.799999237060547,17001
2025-11-11,30.5,30.75,29.850000381469727,30.100000381469727,14000
2025-11-12,30.100000381469727,30.399999618530273,29.5,29.75,78001
2025-11-13,29.75,30.350000381469727,29.600000381469727,30.350000381469727,25000
2025-11-14,30.350000381469727,30.350000381469727,29.700000762939453,29.899999618530273,19000
2025-11-17,29.899999618530273,30.350000381469727,29.700000762939453,30.350000381469727,7000
2025-11-18,30.350000381469727,30.350000381469727,30.350000381469727,30.350000381469727,0
2025-11-19,30.299999237060547,30.649999618530273,29.950000762939453,30.25,26000
2025-11-20,30.25,30.450000762939453,29.700000762939453,30.149999618530273,51000
2025-11-21,30.149999618530273,30.299999237060547,30.149999618530273,30.299999237060547,2000
2025-11-24,30.25,30.450000762939453,29.700000762939453,30.049999237060547,24000
2025-11-25,30.049999237060547,30.25,30.049999237060547,30.100000381469727,3065
2025-11-26,30.100000381469727,30.5,30.049999237060547,30.049999237060547,51000
2025-11-27,30.049999237060547,30.75,29.299999237060547,30.399999618530273,93000
2025-11-28,30.399999618530273,30.75,29.700000762939453,30.600000381469727,171200
2025-12-01,30.600000381469727,30.850000381469727,29.899999618530273,29.899999618530273,75405
2025-12-02,29.899999618530273,30.25,29.899999618530273,30.25,5000
2025-12-03,30.25,31.0,29.700000762939453,30.299999237060547,89000
2025-12-04,29.899999618530273,30.350000381469727,29.5,30.0,90300
2025-12-05,30.0,30.25,29.600000381469727,30.0,38000
2025-12-08,29.700000762939453,30.100000381469727,29.600000381469727,29.799999237060547,17000
2025-12-09,29.600000381469727,30.100000381469727,29.299999237060547,29.850000381469727,34000
2025-12-10,29.850000381469727,29.950000762939453,29.200000762939453,29.350000381469727,83000
2025-12-11,29.799999237060547,29.799999237060547,28.950000762939453,29.0,66000
2025-12-12,29.0,29.399999618530273,29.0,29.350000381469727,4047
2025-12-15,29.0,29.450000762939453,28.5,29.299999237060547,36000
2025-12-16,28.850000381469727,29.350000381469727,28.549999237060547,29.0,30000
2025-12-17,28.799999237060547,29.549999237060547,28.799999237060547,29.549999237060547,8000
2025-12-18,29.549999237060547,29.75,28.649999618530273,28.649999618530273,36000
2025-12-19,28.649999618530273,29.0,28.600000381469727,28.649999618530273,20222
2025-12-22,28.649999618530273,28.899999618530273,28.399999618530273,28.600000381469727,24000
2025-12-23,28.600000381469727,28.899999618530273,28.600000381469727,28.850000381469727,9000
2025-12-24,28.850000381469727,28.950000762939453,28.850000381469727,28.950000762939453,7000
2025-12-26,28.950000762939453,29.549999237060547,28.75,29.549999237060547,52003
2025-12-29,29.5,29.950000762939453,29.5,29.850000381469727,4000
2025-12-30,29.100000381469727,29.649999618530273,29.100000381469727,29.649999618530273,6003
2025-12-31,29.649999618530273,30.100000381469727,29.299999237060547,29.899999618530273,31000
2026-01-02,29.899999618530273,30.100000381469727,29.899999618530273,30.100000381469727,2000
2026-01-05,30.200000762939453,31.25,29.200000762939453,29.5,61144
2026-01-06,29.5,29.950000762939453,29.5,29.950000762939453,3015
2026-01-07,29.950000762939453,29.950000762939453,28.899999618530273,29.149999618530273,98000
2026-01-08,29.0,29.450000762939453,28.850000381469727,29.0,32001
2026-01-09,29.0,29.350000381469727,28.899999618530273,29.299999237060547,23000
2026-01-12,29.299999237060547,30.200000762939453,29.0,29.399999618530273,68100
2026-01-13,30.200000762939453,30.350000381469727,29.149999618530273,30.100000381469727,217000
2026-01-14,30.299999237060547,30.600000381469727,29.700000762939453,30.0,105000
2026-01-15,30.0,30.25,29.700000762939453,30.049999237060547,22000
2026-01-16,29.600000381469727,29.850000381469727,29.350000381469727,29.75,65001
2026-01-19,29.75,29.950000762939453,28.899999618530273,29.100000381469727,105333
2026-01-20,29.100000381469727,29.399999618530273,28.850000381469727,29.200000762939453,39000
2026-01-21,29.200000762939453,29.299999237060547,28.549999237060547,29.200000762939453,47000
2026-01-22,29.200000762939453,29.25,28.700000762939453,28.850000381469727,52077
2026-01-23,28.850000381469727,29.100000381469727,28.549999237060547,28.899999618530273,46000
2026-01-26,28.700000762939453,29.299999237060547,28.600000381469727,29.200000762939453,64000
2026-01-27,28.799999237060547,29.5,28.700000762939453,29.299999237060547,93001
2026-01-28,29.299999237060547,29.299999237060547,28.700000762939453,29.149999618530273,83000
2026-01-29,29.149999618530273,29.600000381469727,28.600000381469727,29.049999237060547,303001
2026-01-30,29.049999237060547,29.200000762939453,28.549999237060547,28.850000381469727,218000
2026-02-02,28.600000381469727,28.950000762939453,28.600000381469727,28.600000381469727,11000
2026-02-03,28.649999618530273,29.100000381469727,28.299999237060547,28.549999237060547,67000
2026-02-04,28.549999237060547,28.950000762939453,28.299999237060547,28.399999618530273,109000
2026-02-05,28.299999237060547,28.649999618530273,28.100000381469727,28.100000381469727,42002
2026-02-06,28.100000381469727,28.299999237060547,27.649999618530273,27.649999618530273,112200
2026-02-09,27.899999618530273,28.149999618530273,27.5,27.649999618530273,52000
2026-02-10,27.649999618530273,27.899999618530273,27.649999618530273,27.899999618530273,8000
2026-02-11,27.899999618530273,28.299999237060547,27.600000381469727,28.100000381469727,18000
2026-02-23,28.100000381469727,28.100000381469727,28.100000381469727,28.100000381469727,0
2026-02-24,28.100000381469727,28.5,28.0,28.5,18000
2026-02-25,28.5,30.899999618530273,27.899999618530273,29.799999237060547,145000
2026-02-26,29.0,29.799999237060547,28.5,28.799999237060547,46001
2026-03-02,28.799999237060547,29.049999237060547,28.799999237060547,29.049999237060547,3000
2026-03-03,28.549999237060547,28.850000381469727,27.700000762939453,28.200000762939453,27000
2026-03-04,28.200000762939453,28.200000762939453,28.200000762939453,28.200000762939453,1000
2026-03-05,28.149999618530273,28.25,27.75,28.149999618530273,8000
2026-03-06,27.299999237060547,27.850000381469727,27.299999237060547,27.700000762939453,20000
2026-03-09,27.700000762939453,27.700000762939453,27.700000762939453,27.700000762939453,0
2026-03-10,27.25,27.5,26.899999618530273,27.200000762939453,24000
2026-03-11,27.200000762939453,27.450000762939453,27.100000381469727,27.299999237060547,44000
2026-03-12,27.299999237060547,27.600000381469727,27.0,27.399999618530273,23001
2026-03-13,27.399999618530273,27.649999618530273,27.0,27.649999618530273,32015
2026-03-16,27.649999618530273,28.350000381469727,27.649999618530273,28.350000381469727,18001
2026-03-17,27.350000381469727,27.649999618530273,27.350000381469727,27.549999237060547,16281
2026-03-18,27.5,27.5,27.299999237060547,27.299999237060547,4000
2026-03-19,27.299999237060547,28.100000381469727,27.299999237060547,28.100000381469727,81000
2026-03-20,27.5,27.549999237060547,27.299999237060547,27.299999237060547,12001
2026-03-23,27.299999237060547,27.649999618530273,27.299999237060547,27.649999618530273,9000
2026-03-24,27.600000381469727,27.799999237060547,27.450000762939453,27.799999237060547,10000
2026-03-25,27.799999237060547,27.799999237060547,27.149999618530273,27.399999618530273,15032
2026-03-26,27.149999618530273,28.25,27.149999618530273,27.850000381469727,57000
2026-03-27,27.850000381469727,27.950000762939453,27.399999618530273,27.399999618530273,16000
2026-03-30,27.399999618530273,27.799999237060547,27.299999237060547,27.75,27020
2026-03-31,27.75,27.75,27.350000381469727,27.600000381469727,16001
2026-04-01,27.600000381469727,27.950000762939453,27.299999237060547,27.950000762939453,41000
2026-04-02,27.450000762939453,27.450000762939453,27.299999237060547,27.399999618530273,4037
2026-04-07,27.399999618530273,27.850000381469727,27.25,27.850000381469727,36001
2026-04-08,27.850000381469727,28.149999618530273,27.399999618530273,27.799999237060547,11000
2026-04-09,27.799999237060547,28.299999237060547,27.75,27.850000381469727,88000
2026-04-10,27.600000381469727,28.149999618530273,27.600000381469727,28.149999618530273,9000
2026-04-13,28.149999618530273,28.350000381469727,28.149999618530273,28.350000381469727,5000
2026-04-14,27.600000381469727,28.350000381469727,27.600000381469727,28.350000381469727,28000
2026-04-15,28.350000381469727,28.899999618530273,28.049999237060547,28.75,49000
2026-04-16,28.75,29.25,28.549999237060547,29.049999237060547,20000
2026-04-17,29.049999237060547,29.25,28.700000762939453,29.100000381469727,20000
2026-04-20,29.100000381469727,29.549999237060547,28.700000762939453,29.299999237060547,37000
2026-04-21,29.299999237060547,29.350000381469727,28.700000762939453,28.75,52000
2026-04-22,29.149999618530273,29.399999618530273,28.850000381469727,28.899999618530273,31000
2026-04-23,28.799999237060547,28.899999618530273,28.600000381469727,28.600000381469727,27000
2026-04-24,29.0,29.450000762939453,28.75,29.100000381469727,32000
2026-04-27,29.100000381469727,29.399999618530273,28.700000762939453,28.700000762939453,16000
2026-04-28,28.649999618530273,28.899999618530273,28.649999618530273,28.899999618530273,2000
2026-04-29,28.899999618530273,28.950000762939453,28.899999618530273,28.950000762939453,2000
2026-04-30,28.950000762939453,30.850000381469727,28.700000762939453,29.399999618530273,77000
2026-05-04,29.399999618530273,30.350000381469727,29.200000762939453,29.299999237060547,90550
2026-05-05,29.299999237060547,29.75,28.899999618530273,29.299999237060547,34082
2026-05-06,29.299999237060547,29.350000381469727,28.850000381469727,28.850000381469727,17333
2026-05-07,28.799999237060547,29.100000381469727,28.600000381469727,28.600000381469727,27000
2026-05-08,28.649999618530273,29.5,28.299999237060547,28.299999237060547,182555
2026-05-11,25.5,28.299999237060547,25.5,27.799999237060547,236101
2026-05-12,27.799999237060547,28.299999237060547,27.200000762939453,27.200000762939453,82000
2026-05-13,27.649999618530273,27.850000381469727,26.850000381469727,27.5,47000
2026-05-14,27.5,28.100000381469727,27.299999237060547,28.100000381469727,13104
2026-05-15,28.100000381469727,28.25,26.399999618530273,27.200000762939453,102000
2026-05-18,27.200000762939453,27.700000762939453,26.799999237060547,27.350000381469727,38004
2026-05-19,27.350000381469727,28.049999237060547,26.850000381469727,27.75,47101
2026-05-20,27.75,27.850000381469727,26.799999237060547,27.75,55007
2026-05-21,27.75,28.0,27.100000381469727,27.200000762939453,144000
2026-05-22,27.200000762939453,27.700000762939453,27.0,27.649999618530273,72100
2026-05-25,27.649999618530273,28.25,27.049999237060547,27.5,182000
2026-05-26,27.5,28.0,26.899999618530273,26.899999618530273,69000
2026-05-27,26.899999618530273,27.5,26.899999618530273,27.299999237060547,83001
2026-05-28,27.450000762939453,27.799999237060547,27.049999237060547,27.049999237060547,72000
2026-05-29,27.799999237060547,28.049999237060547,27.149999618530273,27.350000381469727,165000
2026-06-01,27.399999618530273,27.649999618530273,27.200000762939453,27.600000381469727,104200
2026-06-02,27.700000762939453,28.450000762939453,27.600000381469727,27.600000381469727,126000
2026-06-03,27.649999618530273,27.950000762939453,27.200000762939453,27.399999618530273,62000
2026-06-04,27.399999618530273,29.200000762939453,27.399999618530273,27.399999618530273,102000
2026-06-05,27.399999618530273,27.799999237060547,27.200000762939453,27.649999618530273,37000
2026-06-08,26.700000762939453,26.799999237060547,26.700000762939453,26.799999237060547,2000
2026-06-09,26.850000381469727,29.0,26.850000381469727,28.149999618530273,110000
2026-06-10,28.149999618530273,28.5,27.049999237060547,28.399999618530273,96000
2026-06-11,28.350000381469727,28.75,27.25,28.100000381469727,259000
2026-06-12,27.799999237060547,28.850000381469727,27.299999237060547,27.299999237060547,254300
2026-06-15,27.299999237060547,27.850000381469727,27.299999237060547,27.75,136000
2026-06-16,27.5,27.850000381469727,27.25,27.799999237060547,51000
2026-06-17,27.450000762939453,28.649999618530273,27.450000762939453,28.649999618530273,126350
2026-06-18,28.600000381469727,29.5,28.600000381469727,29.5,146100
2026-06-22,30.25,30.25,28.600000381469727,28.600000381469727,111004
2026-06-23,28.899999618530273,28.899999618530273,28.200000762939453,28.649999618530273,89000
2026-06-24,28.25,28.5,27.899999618530273,28.5,38200
2026-06-25,28.5,29.100000381469727,28.200000762939453,28.649999618530273,78000
2026-06-26,28.600000381469727,28.950000762939453,27.649999618530273,27.799999237060547,123000
2026-06-29,27.549999237060547,27.950000762939453,27.299999237060547,27.5,82000
2026-06-30,27.75,28.850000381469727,27.549999237060547,27.799999237060547,89007
2026-07-01,27.799999237060547,28.549999237060547,27.600000381469727,28.200000762939453,103002
2026-07-02,28.100000381469727,28.700000762939453,28.049999237060547,28.700000762939453,96000
2026-07-03,28.399999618530273,29.600000381469727,28.399999618530273,29.5,81000
2026-07-06,29.5,29.75,29.049999237060547,29.100000381469727,50000
2026-07-07,28.700000762939453,29.450000762939453,28.299999237060547,28.299999237060547,102000
2026-07-08,28.299999237060547,28.950000762939453,28.0,28.600000381469727,74000
2026-07-09,28.600000381469727,29.600000381469727,28.149999618530273,28.700000762939453,172000
2026-07-10,28.700000762939453,28.700000762939453,28.700000762939453,28.700000762939453,0
2026-07-13,28.399999618530273,28.899999618530273,28.0,28.700000762939453,103000
2026-07-14,28.700000762939453,29.0,27.700000762939453,27.75,144505
2026-07-15,27.799999237060547,28.450000762939453,27.649999618530273,28.149999618530273,97001
2026-07-16,28.25,28.700000762939453,27.899999618530273,28.399999618530273,85000
2026-07-17,28.350000381469727,28.700000762939453,28.049999237060547,28.649999618530273,97000
2026-07-20,28.200000762939453,28.649999618530273,27.649999618530273,27.649999618530273,85000
2026-07-21,28.149999618530273,28.25,27.799999237060547,28.049999237060547,69000
2026-07-22,28.399999618530273,28.799999237060547,28.100000381469727,28.100000381469727,85000
2026-07-23,28.0,30.600000381469727,27.899999618530273,28.450000762939453,171000
2026-07-24,28.450000762939453,29.149999618530273,28.0,28.200000762939453,64000
2026-07-27,28.25,28.700000762939453,27.850000381469727,28.149999618530273,77000
2026-07-28,27.0,28.299999237060547,27.0,27.950000762939453,126020
2026-07-29,27.950000762939453,28.799999237060547,27.399999618530273,28.0,72000
2026-07-30,28.799999237060547,28.799999237060547,27.799999237060547,28.0,35000
2026-07-31,28.799999237060547,29.700000762939453,28.350000381469727,28.899999618530273,54000
2026-08-03,28.899999618530273,29.799999237060547,28.899999618530273,29.399999618530273,115000
2026-08-04,29.399999618530273,29.850000381469727,29.399999618530273,29.549999237060547,103000
2026-08-05,29.549999237060547,30.049999237060547,28.899999618530273,29.0,58000
2026-08-06,29.149999618530273,29.200000762939453,28.700000762939453,28.950000762939453,62000
2026-08-07,28.950000762939453,29.149999618530273,28.649999618530273,28.649999618530273,38000
2026-08-10,28.649999618530273,29.25,28.649999618530273,29.25,73000
2026-08-11,29.25,29.399999618530273,28.799999237060547,29.399999618530273,44000
2026-08-12,29.399999618530273,29.5,28.950000762939453,28.950000762939453,85000
2026-08-13,29.549999237060547,29.549999237060547,28.600000381469727,28.75,70087
2026-08-14,28.75,29.049999237060547,28.350000381469727,28.75,74000
2026-08-17,29.149999618530273,29.350000381469727,28.649999618530273,29.350000381469727,90000
2026-08-18,29.350000381469727,29.5,28.850000381469727,29.200000762939453,50000
2026-08-19,29.200000762939453,29.5,28.850000381469727,29.100000381469727,75156
2026-08-20,29.100000381469727,31.200000762939453,28.5,31.200000762939453,91127
2026-08-21,31.149999618530273,31.149999618530273,29.600000381469727,29.700000762939453,93000
2026-08-24,29.600000381469727,30.799999237060547,29.399999618530273,29.700000762939453,71000
2026-08-25,29.700000762939453,29.850000381469727,29.100000381469727,29.25,54001
2026-08-26,29.25,29.600000381469727,28.799999237060547,29.299999237060547,90011
2026-08-27,29.299999237060547,29.350000381469727,28.799999237060547,28.850000381469727,93000
2026-08-28,28.850000381469727,29.200000762939453,28.649999618530273,28.649999618530273,31000
2026-08-31,28.850000381469727,29.350000381469727,28.5,28.75,72000
2026-09-01,28.75,29.5,28.75,29.5,34001
2026-09-02,29.5,29.649999618530273,29.350000381469727,29.600000381469727,14000
2026-09-03,29.600000381469727,29.850000381469727,29.149999618530273,29.149999618530273,12000
2026-09-04,29.25,30.149999618530273,28.299999237060547,29.450000762939453,171001
2026-09-07,29.450000762939453,29.450000762939453,28.0,28.0,91035
2026-09-08,28.299999237060547,29.200000762939453,28.149999618530273,29.200000762939453,74000
2026-09-09,29.200000762939453,29.5,28.649999618530273,28.850000381469727,92000
2026-09-10,29.5,29.649999618530273,29.149999618530273,29.25,39000
2026-09-11,29.25,29.549999237060547,28.950000762939453,29.5,20000
2026-09-14,29.5,30.0,29.299999237060547,29.299999237060547,8000
2026-09-15,28.899999618530273,29.850000381469727,28.899999618530273,29.600000381469727,32463
2026-09-16,29.600000381469727,29.950000762939453,29.350000381469727,29.899999618530273,23100
2026-09-17,29.899999618530273,30.399999618530273,29.5,29.5,13000
2026-09-18,29.549999237060547,30.200000762939453,29.399999618530273,29.649999618530273,30000
2026-09-21,29.649999618530273,30.049999237060547,29.399999618530273,29.799999237060547,31554
2026-09-22,29.399999618530273,29.799999237060547,29.0,29.399999618530273,56000
2026-09-23,29.399999618530273,29.700000762939453,28.399999618530273,28.899999618530273,98000
2026-09-24,28.899999618530273,29.299999237060547,28.399999618530273,28.850000381469727,80435
