Date,Open,High,Low,Close,Volume
2016-09-26,8.047618865966797,8.161904335021973,7.961904048919678,8.076189994812012,133693
2016-09-27,8.076189994812012,8.076189994812012,8.076189994812012,8.076189994812012,0
2016-09-28,8.076189994812012,8.076189994812012,8.076189994812012,8.076189994812012,0
2016-09-29,8.152379989624023,8.276189804077148,8.076189994812012,8.190476417541504,114450
2016-09-30,8.123808860778809,8.561903953552246,7.971427917480469,8.51428508758545,395874
2016-10-03,8.523809432983398,8.714284896850586,8.342857360839844,8.685713768005371,290850
2016-10-04,8.666666030883789,8.857142448425293,8.580951690673828,8.619047164916992,131473
2016-10-05,8.714284896850586,8.838094711303711,8.428570747375488,8.428570747375488,233573
2016-10-06,8.571428298950195,8.580951690673828,8.419047355651855,8.495238304138184,34650
2016-10-07,8.495238304138184,8.495238304138184,8.333333015441895,8.457141876220703,17850
2016-10-11,8.457141876220703,8.723809242248535,8.314285278320312,8.323808670043945,73500
2016-10-12,8.323808670043945,8.380951881408691,8.171427726745605,8.380951881408691,34344
2016-10-13,8.457141876220703,8.5047607421875,8.190476417541504,8.333333015441895,77700
2016-10-14,8.2380952835083,8.285714149475098,8.095237731933594,8.2380952835083,19950
2016-10-17,8.190476417541504,8.380951881408691,8.028571128845215,8.285714149475098,28778
2016-10-18,8.285714149475098,8.35237979888916,8.133333206176758,8.247618675231934,32550
2016-10-19,8.247618675231934,8.36190414428711,8.190476417541504,8.304760932922363,13650
2016-10-20,8.199999809265137,8.304760932922363,7.990476131439209,7.990476131439209,29400
2016-10-21,7.914285182952881,8.476189613342285,7.914285182952881,8.161904335021973,47250
2016-10-24,8.161904335021973,8.571428298950195,8.161904335021973,8.380951881408691,483223
2016-10-25,8.380951881408691,8.571428298950195,8.257142066955566,8.409523010253906,53550
2016-10-26,8.285714149475098,8.476189613342285,8.199999809265137,8.419047355651855,385350
2016-10-27,8.409523010253906,8.571428298950195,8.219046592712402,8.219046592712402,39900
2016-10-28,8.2380952835083,8.457141876220703,8.2380952835083,8.39047622680664,61162
2016-10-31,8.39047622680664,8.428570747375488,8.266666412353516,8.276189804077148,43417
2016-11-01,8.276189804077148,8.380951881408691,8.276189804077148,8.380951881408691,7350
2016-11-02,8.304760932922363,8.304760932922363,8.104761123657227,8.104761123657227,26250
2016-11-03,8.133333206176758,8.65714168548584,8.066665649414062,8.257142066955566,67200
2016-11-04,8.257142066955566,8.399999618530273,8.199999809265137,8.199999809265137,10501
2016-11-07,8.199999809265137,8.285714149475098,8.123808860778809,8.123808860778809,23442
2016-11-08,8.123808860778809,8.495238304138184,8.123808860778809,8.380951881408691,98700
2016-11-09,8.399999618530273,8.571428298950195,7.638094902038574,8.304760932922363,151200
2016-11-10,8.304760932922363,8.36190414428711,8.2380952835083,8.35237979888916,44100
2016-11-11,9.133333206176758,9.180952072143555,8.790475845336914,9.047618865966797,903244
2016-11-14,9.333333015441895,9.666666030883789,9.047618865966797,9.428570747375488,1034655
2016-11-15,9.523809432983398,9.523809432983398,9.228570938110352,9.428570747375488,269850
2016-11-16,9.29523754119873,9.5047607421875,9.257142066955566,9.371427536010742,260400
2016-11-17,9.371427536010742,9.952380180358887,9.314285278320312,9.485713958740234,1300092
2016-11-18,9.523809432983398,10.2380952835083,9.5047607421875,9.51428508758545,1321956
2016-11-21,9.438095092773438,10.428570747375488,9.438095092773438,9.80952262878418,4389000
2016-11-22,9.857142448425293,9.952380180358887,9.5047607421875,9.571428298950195,1032976
2016-11-23,9.571428298950195,9.666666030883789,9.180952072143555,9.2380952835083,659400
2016-11-24,9.257142066955566,9.447619438171387,9.2380952835083,9.257142066955566,449402
2016-11-25,9.285714149475098,9.428570747375488,9.228570938110352,9.266666412353516,161700
2016-11-28,9.2380952835083,10.190476417541504,9.2380952835083,9.857142448425293,2045899
2016-11-29,9.80952262878418,10.761903762817383,9.666666030883789,10.333333015441895,1866364
2016-11-30,10.333333015441895,10.952380180358887,10.095237731933594,10.857142448425293,944055
2016-12-01,10.952380180358887,11.428570747375488,9.80952262878418,9.80952262878418,3031350
2016-12-02,9.523809432983398,9.80952262878418,9.476189613342285,9.571428298950195,864573
2016-12-05,9.619047164916992,9.80952262878418,9.619047164916992,9.666666030883789,382200
2016-12-06,9.761903762817383,9.857142448425293,9.571428298950195,9.619047164916992,325718
2016-12-07,9.619047164916992,9.714284896850586,9.523809432983398,9.571428298950195,147346
2016-12-08,9.666666030883789,9.90476131439209,9.571428298950195,9.619047164916992,327600
2016-12-09,9.714284896850586,9.857142448425293,9.571428298950195,9.571428298950195,128100
2016-12-12,9.619047164916992,9.761903762817383,9.523809432983398,9.523809432983398,144900
2016-12-13,9.619047164916992,9.619047164916992,9.428570747375488,9.428570747375488,390818
2016-12-14,9.457141876220703,9.714284896850586,9.457141876220703,9.495238304138184,107370
2016-12-15,9.523809432983398,9.571428298950195,9.476189613342285,9.485713958740234,54600
2016-12-16,9.523809432983398,9.523809432983398,9.457141876220703,9.523809432983398,63157
2016-12-19,9.51428508758545,9.523809432983398,9.476189613342285,9.476189613342285,92400
2016-12-20,9.523809432983398,9.714284896850586,9.495238304138184,9.5047607421875,203175
2016-12-21,9.619047164916992,9.714284896850586,9.523809432983398,9.619047164916992,149236
2016-12-22,9.666666030883789,9.666666030883789,8.65714168548584,8.65714168548584,1978200
2016-12-23,8.666666030883789,8.828571319580078,8.266666412353516,8.342857360839844,1134252
2016-12-26,8.342857360839844,8.476189613342285,8.342857360839844,8.457141876220703,309763
2016-12-27,8.457141876220703,8.533332824707031,8.36190414428711,8.39047622680664,325500
2016-12-28,8.485713958740234,8.580951690673828,8.39047622680664,8.476189613342285,341250
2016-12-29,8.476189613342285,8.666666030883789,8.476189613342285,8.628570556640625,207900
2016-12-30,8.676190376281738,8.714284896850586,8.628570556640625,8.65714168548584,101351
2017-01-03,8.666666030883789,8.75238037109375,8.638094902038574,8.647619247436523,147000
2017-01-04,8.647619247436523,8.742856979370117,8.638094902038574,8.647619247436523,73500
2017-01-05,8.714284896850586,8.714284896850586,8.638094902038574,8.638094902038574,50400
2017-01-06,8.600000381469727,8.704760551452637,8.590476036071777,8.600000381469727,144316
2017-01-09,8.600000381469727,8.933333396911621,8.600000381469727,8.790475845336914,231000
2017-01-10,8.790475845336914,8.952380180358887,8.790475845336914,8.857142448425293,221896
2017-01-11,8.857142448425293,9.0,8.761903762817383,8.761903762817383,173250
2017-01-12,8.771428108215332,8.942856788635254,8.771428108215332,8.876190185546875,90300
2017-01-13,8.876190185546875,8.923809051513672,8.771428108215332,8.790475845336914,91396
2017-01-16,8.790475845336914,8.914284706115723,8.790475845336914,8.84761905670166,67200
2017-01-17,8.866665840148926,9.038095474243164,8.866665840148926,8.99047565460205,150150
2017-01-18,8.99047565460205,9.380951881408691,8.99047565460205,9.20952320098877,292451
2017-01-19,9.314285278320312,9.428570747375488,9.047618865966797,9.123808860778809,446271
2017-01-20,9.20952320098877,9.285714149475098,8.96190357208252,8.96190357208252,563850
2017-01-23,9.076189994812012,9.104761123657227,8.780952453613281,8.780952453613281,245700
2017-01-24,8.857142448425293,8.866665840148926,8.723809242248535,8.75238037109375,121800
2017-02-02,8.771428108215332,9.0,8.771428108215332,8.876190185546875,126106
2017-02-03,8.96190357208252,8.980952262878418,8.761903762817383,8.90476131439209,267750
2017-02-06,9.085714340209961,9.095237731933594,8.96190357208252,8.99047565460205,63044
2017-02-07,8.99047565460205,9.133333206176758,8.819046974182129,9.066665649414062,564900
2017-02-08,9.161904335021973,9.399999618530273,9.085714340209961,9.333333015441895,428697
2017-02-09,9.457141876220703,9.666666030883789,9.333333015441895,9.409523010253906,397131
2017-02-10,9.51428508758545,9.714284896850586,9.476189613342285,9.571428298950195,360310
2017-02-13,9.523809432983398,9.523809432983398,9.152379989624023,9.276189804077148,330750
2017-02-14,9.276189804077148,9.36190414428711,9.123808860778809,9.14285659790039,108150
2017-02-15,9.152379989624023,9.399999618530273,9.14285659790039,9.285714149475098,120750
2017-02-16,9.323808670043945,9.428570747375488,9.219046592712402,9.219046592712402,98700
2017-02-17,9.29523754119873,9.304760932922363,9.2380952835083,9.2380952835083,55650
2017-02-20,9.2380952835083,9.399999618530273,9.2380952835083,9.333333015441895,170100
2017-02-21,9.333333015441895,9.495238304138184,9.247618675231934,9.247618675231934,147004
2017-02-22,9.257142066955566,9.761903762817383,9.257142066955566,9.619047164916992,1670976
2017-02-23,9.666666030883789,9.714284896850586,9.495238304138184,9.619047164916992,369600
2017-02-24,9.619047164916992,10.190476417541504,9.619047164916992,10.047618865966797,962288
2017-03-01,10.047618865966797,10.047618865966797,9.523809432983398,9.619047164916992,394978
2017-03-02,9.761903762817383,10.095237731933594,9.619047164916992,10.095237731933594,401449
2017-03-03,10.095237731933594,10.333333015441895,10.095237731933594,10.095237731933594,809550
2017-03-06,10.190476417541504,10.285714149475098,10.0,10.14285659790039,243600
2017-03-07,10.14285659790039,10.2380952835083,9.90476131439209,10.047618865966797,84000
2017-03-08,10.047618865966797,10.095237731933594,10.0,10.0,109200
2017-03-09,10.095237731933594,10.190476417541504,9.90476131439209,10.0,80850
2017-03-10,10.095237731933594,10.095237731933594,9.571428298950195,9.857142448425293,158550
2017-03-13,9.857142448425293,9.952380180358887,9.619047164916992,9.666666030883789,115501
2017-03-14,9.666666030883789,9.857142448425293,9.523809432983398,9.714284896850586,142852
2017-03-15,9.714284896850586,9.714284896850586,9.476189613342285,9.523809432983398,211096
2017-03-16,9.523809432983398,9.666666030883789,9.476189613342285,9.571428298950195,87150
2017-03-17,9.619047164916992,9.857142448425293,9.571428298950195,9.80952262878418,120422
2017-03-20,9.90476131439209,10.095237731933594,9.714284896850586,9.90476131439209,104944
2017-03-21,9.90476131439209,9.90476131439209,9.523809432983398,9.666666030883789,141750
2017-03-22,9.619047164916992,9.80952262878418,9.523809432983398,9.571428298950195,78750
2017-03-23,9.571428298950195,9.666666030883789,9.523809432983398,9.666666030883789,76672
2017-03-24,9.666666030883789,9.952380180358887,9.523809432983398,9.571428298950195,173250
2017-03-27,9.619047164916992,9.80952262878418,9.257142066955566,9.257142066955566,161726
2017-03-28,9.438095092773438,9.5047607421875,9.047618865966797,9.095237731933594,212100
2017-03-29,9.180952072143555,9.35237979888916,9.152379989624023,9.314285278320312,60900
2017-03-30,9.314285278320312,9.5047607421875,9.314285278320312,9.447619438171387,53551
2017-03-31,9.428570747375488,9.428570747375488,9.342857360839844,9.409523010253906,46200
2017-04-05,9.409523010253906,9.5047607421875,9.2380952835083,9.2380952835083,106052
2017-04-06,9.2380952835083,9.2380952835083,9.095237731933594,9.114285469055176,107100
2017-04-07,9.180952072143555,9.180952072143555,9.038095474243164,9.05714225769043,41280
2017-04-10,9.485713958740234,9.485713958740234,9.199999809265137,9.276189804077148,101850
2017-04-11,9.14285659790039,9.219046592712402,8.99047565460205,9.047618865966797,104066
2017-04-12,9.104761123657227,9.20952320098877,8.952380180358887,8.971427917480469,71400
2017-04-13,8.80952262878418,8.952380180358887,8.780952453613281,8.800000190734863,86100
2017-04-14,8.99047565460205,8.99047565460205,8.619047164916992,8.676190376281738,119700
2017-04-17,8.580951690673828,9.523809432983398,8.580951690673828,9.523809432983398,488250
2017-04-18,9.80952262878418,10.476189613342285,9.619047164916992,10.476189613342285,1932013
2017-04-19,10.571428298950195,10.666666030883789,10.095237731933594,10.476189613342285,2079834
2017-04-20,10.095237731933594,10.285714149475098,9.428570747375488,9.428570747375488,1707510
2017-04-21,9.39047622680664,9.523809432983398,9.257142066955566,9.257142066955566,411610
2017-04-24,9.333333015441895,9.409523010253906,9.2380952835083,9.257142066955566,213150
2017-04-25,9.257142066955566,9.35237979888916,9.2380952835083,9.247618675231934,116550
2017-04-26,9.285714149475098,9.523809432983398,9.247618675231934,9.29523754119873,258300
2017-04-27,9.39047622680664,9.39047622680664,9.257142066955566,9.257142066955566,89250
2017-04-28,9.2380952835083,9.285714149475098,9.14285659790039,9.20952320098877,78750
2017-05-02,9.20952320098877,9.20952320098877,9.066665649414062,9.104761123657227,74550
2017-05-03,9.0,9.2380952835083,9.0,9.104761123657227,131250
2017-05-04,9.123808860778809,9.219046592712402,9.123808860778809,9.171427726745605,51450
2017-05-05,9.29523754119873,9.29523754119873,9.047618865966797,9.095237731933594,113670
2017-05-08,9.095237731933594,9.2380952835083,9.047618865966797,9.047618865966797,75600
2017-05-09,9.14285659790039,9.276189804077148,8.96190357208252,8.96190357208252,68667
2017-05-10,9.085714340209961,9.2380952835083,9.0,9.047618865966797,66150
2017-05-11,9.161904335021973,9.314285278320312,9.05714225769043,9.123808860778809,43050
2017-05-12,9.180952072143555,9.190476417541504,9.0,9.0,45150
2017-05-15,9.047618865966797,9.104761123657227,9.0,9.0,82950
2017-05-16,9.047618865966797,9.047618865966797,8.96190357208252,9.009523391723633,92400
2017-05-17,9.009523391723633,9.085714340209961,8.980952262878418,9.019046783447266,30450
2017-05-18,9.123808860778809,9.123808860778809,8.96190357208252,8.96190357208252,29400
2017-05-19,9.085714340209961,9.085714340209961,8.952380180358887,9.009523391723633,21000
2017-05-22,9.076189994812012,9.076189994812012,9.0,9.038095474243164,19170
2017-05-23,9.038095474243164,9.038095474243164,8.952380180358887,8.980952262878418,34650
2017-05-24,8.980952262878418,9.228570938110352,8.885713577270508,8.99047565460205,113400
2017-05-25,9.171427726745605,9.2380952835083,9.0,9.095237731933594,216300
2017-05-26,9.066665649414062,10.0,9.066665649414062,10.0,2668425
2017-05-31,9.90476131439209,10.047618865966797,9.523809432983398,9.523809432983398,1142690
2017-06-01,9.619047164916992,9.857142448425293,9.35237979888916,9.571428298950195,513502
2017-06-02,9.619047164916992,9.761903762817383,9.523809432983398,9.619047164916992,184800
2017-06-05,9.523809432983398,9.666666030883789,9.51428508758545,9.571428298950195,174300
2017-06-06,9.714284896850586,9.714284896850586,9.485713958740234,9.51428508758545,155400
2017-06-07,9.619047164916992,9.619047164916992,9.523809432983398,9.571428298950195,49350
2017-06-08,9.666666030883789,9.714284896850586,9.523809432983398,9.571428298950195,90305
2017-06-09,9.619047164916992,9.666666030883789,9.495238304138184,9.523809432983398,141750
2017-06-12,9.523809432983398,9.619047164916992,9.476189613342285,9.485713958740234,73500
2017-06-13,9.466666221618652,9.523809432983398,9.457141876220703,9.485713958740234,29452
2017-06-14,9.523809432983398,9.80952262878418,9.485713958740234,9.571428298950195,150150
2017-06-15,9.619047164916992,9.619047164916992,9.457141876220703,9.495238304138184,39900
2017-06-16,9.495238304138184,9.761903762817383,9.485713958740234,9.523809432983398,76755
2017-06-19,9.428570747375488,9.523809432983398,9.428570747375488,9.495238304138184,80860
2017-06-20,9.371427536010742,9.714284896850586,9.371427536010742,9.447619438171387,87440
2017-06-21,9.428570747375488,9.523809432983398,9.380951881408691,9.457141876220703,93450
2017-06-22,9.571428298950195,9.90476131439209,9.428570747375488,9.51428508758545,309750
2017-06-23,9.571428298950195,9.619047164916992,9.466666221618652,9.51428508758545,28350
2017-06-26,9.571428298950195,9.571428298950195,9.304760932922363,9.51428508758545,47251
2017-06-27,9.571428298950195,9.666666030883789,9.399999618530273,9.438095092773438,42296
2017-06-28,9.571428298950195,9.571428298950195,9.409523010253906,9.5047607421875,21000
2017-06-29,9.571428298950195,9.571428298950195,9.333333015441895,9.485713958740234,46200
2017-06-30,9.485713958740234,9.619047164916992,9.399999618530273,9.51428508758545,18900
2017-07-03,9.447619438171387,9.571428298950195,9.36190414428711,9.457141876220703,56700
2017-07-04,9.428570747375488,9.761903762817383,9.428570747375488,9.476189613342285,99750
2017-07-05,9.571428298950195,9.619047164916992,9.438095092773438,9.51428508758545,276368
2017-07-06,9.571428298950195,9.761903762817383,9.485713958740234,9.485713958740234,31500
2017-07-07,9.571428298950195,9.619047164916992,9.485713958740234,9.485713958740234,7787
2017-07-10,9.485713958740234,9.619047164916992,9.428570747375488,9.428570747375488,14700
2017-07-11,9.380951881408691,9.571428298950195,9.380951881408691,9.419047355651855,16020
2017-07-12,9.428570747375488,9.619047164916992,9.428570747375488,9.51428508758545,48300
2017-07-13,9.5047607421875,9.571428298950195,9.419047355651855,9.419047355651855,18952
2017-07-14,9.5047607421875,9.571428298950195,9.428570747375488,9.5047607421875,58800
2017-07-17,9.523809432983398,9.523809432983398,9.399999618530273,9.399999618530273,29400
2017-07-18,9.485713958740234,9.571428298950195,9.380951881408691,9.419047355651855,35700
2017-07-19,9.5047607421875,9.571428298950195,9.285714149475098,9.447619438171387,58800
2017-07-20,9.523809432983398,9.571428298950195,9.51428508758545,9.523809432983398,11550
2017-07-21,9.523809432983398,9.619047164916992,9.333333015441895,9.571428298950195,44100
2017-07-24,9.571428298950195,9.571428298950195,9.457141876220703,9.495238304138184,4200
2017-07-25,9.495238304138184,9.495238304138184,9.371427536010742,9.457141876220703,121800
2017-07-26,9.457141876220703,9.495238304138184,9.333333015441895,9.457141876220703,86100
2017-07-27,9.457141876220703,9.571428298950195,9.342857360839844,9.447619438171387,78750
2017-07-28,9.666666030883789,9.666666030883789,9.380951881408691,9.409523010253906,131706
2017-07-31,9.485713958740234,9.485713958740234,9.380951881408691,9.409523010253906,31500
2017-08-01,9.409523010253906,9.666666030883789,9.342857360839844,9.419047355651855,129150
2017-08-02,9.447619438171387,9.571428298950195,9.247618675231934,9.419047355651855,87843
2017-08-03,9.485713958740234,9.485713958740234,9.35237979888916,9.399999618530273,11550
2017-08-04,9.438095092773438,9.476189613342285,9.29523754119873,9.428570747375488,17850
2017-08-07,9.495238304138184,9.495238304138184,9.333333015441895,9.35237979888916,49351
2017-08-08,9.342857360839844,9.447619438171387,9.276189804077148,9.380951881408691,50400
2017-08-09,9.380951881408691,9.51428508758545,9.104761123657227,9.399999618530273,150150
2017-08-10,9.457141876220703,9.457141876220703,9.152379989624023,9.323808670043945,139650
2017-08-11,9.285714149475098,9.285714149475098,9.190476417541504,9.190476417541504,19950
2017-08-14,9.228570938110352,9.2380952835083,9.104761123657227,9.133333206176758,50400
2017-08-15,9.14285659790039,9.342857360839844,9.0,9.0,41329
2017-08-16,8.90476131439209,9.14285659790039,8.857142448425293,8.857142448425293,40950
2017-08-17,9.0,9.304760932922363,9.0,9.019046783447266,61950
2017-08-18,8.923809051513672,9.2380952835083,8.923809051513672,9.028571128845215,27301
2017-08-21,9.05714225769043,9.323808670043945,9.047618865966797,9.05714225769043,32551
2017-08-22,9.066665649414062,9.276189804077148,8.96190357208252,8.971427917480469,105267
2017-08-23,9.028571128845215,9.104761123657227,8.971427917480469,9.066665649414062,64050
2017-08-24,9.190476417541504,9.20952320098877,9.076189994812012,9.14285659790039,21000
2017-08-25,9.14285659790039,9.304760932922363,9.104761123657227,9.123808860778809,34650
2017-08-28,9.133333206176758,9.20952320098877,8.96190357208252,8.980952262878418,84000
2017-08-29,8.99047565460205,9.076189994812012,8.866665840148926,8.895237922668457,88200
2017-08-30,8.99047565460205,8.99047565460205,8.885713577270508,8.90476131439209,26250
2017-08-31,8.952380180358887,9.076189994812012,8.876190185546875,8.876190185546875,21000
2017-09-01,8.876190185546875,9.019046783447266,8.761903762817383,8.876190185546875,80850
2017-09-04,8.895237922668457,9.114285469055176,8.857142448425293,8.857142448425293,47250
2017-09-05,8.866665840148926,9.009523391723633,8.866665840148926,8.876190185546875,18900
2017-09-06,8.885713577270508,9.0,8.80952262878418,8.914284706115723,19952
2017-09-07,8.933333396911621,8.99047565460205,8.876190185546875,8.971427917480469,51450
2017-09-08,9.047618865966797,9.20952320098877,8.952380180358887,9.038095474243164,173250
2017-09-11,9.05714225769043,9.314285278320312,9.05714225769043,9.228570938110352,132178
2017-09-12,9.247618675231934,9.371427536010742,9.076189994812012,9.076189994812012,99750
2017-09-13,9.14285659790039,9.2380952835083,9.047618865966797,9.047618865966797,28350
2017-09-14,9.104761123657227,9.228570938110352,9.047618865966797,9.123808860778809,42000
2017-09-15,9.133333206176758,9.199999809265137,9.028571128845215,9.066665649414062,30450
2017-09-18,9.076189994812012,9.171427726745605,9.076189994812012,9.095237731933594,93450
2017-09-19,9.123808860778809,9.380951881408691,9.095237731933594,9.133333206176758,110355
2017-09-20,9.161904335021973,9.285714149475098,9.123808860778809,9.123808860778809,61963
2017-09-21,9.152379989624023,9.333333015441895,9.047618865966797,9.076189994812012,173251
2017-09-22,9.095237731933594,9.228570938110352,9.085714340209961,9.161904335021973,34718
2017-09-25,9.190476417541504,9.314285278320312,9.047618865966797,9.152379989624023,89250
2017-09-26,9.161904335021973,9.266666412353516,9.047618865966797,9.047618865966797,110327
2017-09-27,9.066665649414062,9.285714149475098,9.047618865966797,9.047618865966797,70350
2017-09-28,9.066665649414062,9.161904335021973,9.028571128845215,9.123808860778809,38850
2017-09-29,9.133333206176758,9.180952072143555,9.019046783447266,9.076189994812012,26250
2017-10-02,9.133333206176758,9.171427726745605,9.028571128845215,9.047618865966797,56700
2017-10-03,9.047618865966797,9.047618865966797,8.942856788635254,8.952380180358887,35700
2017-10-05,8.980952262878418,9.114285469055176,8.952380180358887,9.066665649414062,47250
2017-10-06,9.066665649414062,9.066665649414062,8.90476131439209,9.038095474243164,58020
2017-10-11,9.038095474243164,9.123808860778809,8.866665840148926,8.866665840148926,53550
2017-10-12,8.90476131439209,9.009523391723633,8.838094711303711,8.876190185546875,60900
2017-10-13,8.876190185546875,8.923809051513672,8.857142448425293,8.857142448425293,24150
2017-10-16,8.866665840148926,9.133333206176758,8.866665840148926,8.876190185546875,33870
2017-10-17,8.885713577270508,9.085714340209961,8.876190185546875,8.876190185546875,22050
2017-10-18,8.895237922668457,9.019046783447266,8.761903762817383,8.761903762817383,37852
2017-10-19,8.771428108215332,9.05714225769043,8.771428108215332,8.84761905670166,40950
2017-10-20,8.857142448425293,8.99047565460205,8.857142448425293,8.857142448425293,6300
2017-10-23,8.866665840148926,8.933333396911621,8.771428108215332,8.84761905670166,30450
2017-10-24,8.933333396911621,8.933333396911621,8.857142448425293,8.857142448425293,16800
2017-10-25,8.933333396911621,9.095237731933594,8.571428298950195,9.095237731933594,787937
2017-10-26,8.99047565460205,9.076189994812012,8.838094711303711,8.923809051513672,118986
2017-10-27,8.923809051513672,9.038095474243164,8.84761905670166,8.923809051513672,56700
2017-10-30,8.923809051513672,9.123808860778809,8.838094711303711,8.838094711303711,61950
2017-10-31,8.866665840148926,9.0,8.80952262878418,8.895237922668457,23370
2017-11-01,8.857142448425293,8.99047565460205,8.80952262878418,8.90476131439209,30450
2017-11-02,8.90476131439209,8.914284706115723,8.885713577270508,8.885713577270508,21000
2017-11-03,8.933333396911621,8.933333396911621,8.771428108215332,8.84761905670166,25723
2017-11-06,8.84761905670166,8.84761905670166,8.704760551452637,8.84761905670166,34650
2017-11-07,8.857142448425293,9.0,8.780952453613281,8.819046974182129,19950
2017-11-08,8.819046974182129,8.923809051513672,8.80952262878418,8.84761905670166,21000
2017-11-09,8.84761905670166,8.914284706115723,8.761903762817383,8.828571319580078,29400
2017-11-10,8.828571319580078,9.085714340209961,8.819046974182129,8.895237922668457,53550
2017-11-13,8.876190185546875,8.876190185546875,8.761903762817383,8.819046974182129,40950
2017-11-14,8.819046974182129,9.009523391723633,8.685713768005371,8.685713768005371,38850
2017-11-15,8.685713768005371,8.876190185546875,8.628570556640625,8.75238037109375,32550
2017-11-16,8.761903762817383,8.933333396911621,8.704760551452637,8.80952262878418,17850
2017-11-17,8.819046974182129,8.876190185546875,8.714284896850586,8.800000190734863,52808
2017-11-20,8.80952262878418,8.952380180358887,8.704760551452637,8.84761905670166,89277
2017-11-21,8.857142448425293,8.933333396911621,8.771428108215332,8.857142448425293,53550
2017-11-22,8.857142448425293,8.857142448425293,8.65714168548584,8.780952453613281,130200
2017-11-23,8.790475845336914,8.828571319580078,8.714284896850586,8.771428108215332,27300
2017-11-24,8.771428108215332,8.800000190734863,8.761903762817383,8.800000190734863,24202
2017-11-27,8.800000190734863,8.800000190734863,8.666666030883789,8.723809242248535,123068
2017-11-28,8.723809242248535,8.838094711303711,8.638094902038574,8.714284896850586,38850
2017-11-29,8.723809242248535,8.790475845336914,8.666666030883789,8.75238037109375,15758
2017-11-30,8.75238037109375,8.80952262878418,8.638094902038574,8.723809242248535,43050
2017-12-01,8.733332633972168,8.771428108215332,8.65714168548584,8.69523811340332,33870
2017-12-04,8.69523811340332,8.857142448425293,8.600000381469727,8.600000381469727,17850
2017-12-05,8.600000381469727,8.75238037109375,8.580951690673828,8.600000381469727,21000
2017-12-06,8.714284896850586,8.714284896850586,8.523809432983398,8.533332824707031,28350
2017-12-07,8.533332824707031,8.647619247436523,8.476189613342285,8.571428298950195,34650
2017-12-08,8.571428298950195,8.628570556640625,8.476189613342285,8.609522819519043,49350
2017-12-11,8.609522819519043,8.790475845336914,8.552379608154297,8.638094902038574,65100
2017-12-12,8.638094902038574,8.723809242248535,8.476189613342285,8.51428508758545,24150
2017-12-13,8.51428508758545,8.69523811340332,8.476189613342285,8.523809432983398,38850
2017-12-14,8.533332824707031,8.619047164916992,8.476189613342285,8.533332824707031,24150
2017-12-15,8.523809432983398,8.533332824707031,8.428570747375488,8.523809432983398,25575
2017-12-18,8.523809432983398,8.523809432983398,8.39047622680664,8.5047607421875,42001
2017-12-19,8.5047607421875,8.523809432983398,8.495238304138184,8.523809432983398,11550
2017-12-20,8.552379608154297,8.65714168548584,8.5047607421875,8.619047164916992,12600
2017-12-21,8.571428298950195,8.714284896850586,8.561903953552246,8.638094902038574,39900
2017-12-22,8.666666030883789,8.714284896850586,8.561903953552246,8.666666030883789,37800
2017-12-25,8.666666030883789,8.704760551452637,8.561903953552246,8.666666030883789,23100
2017-12-26,8.666666030883789,8.69523811340332,8.523809432983398,8.523809432983398,45150
2017-12-27,8.523809432983398,9.038095474243164,8.523809432983398,8.619047164916992,57752
2017-12-28,8.619047164916992,9.028571128845215,8.619047164916992,8.638094902038574,54600
2017-12-29,8.638094902038574,8.780952453613281,8.638094902038574,8.704760551452637,19950
2018-01-02,8.704760551452637,8.761903762817383,8.571428298950195,8.714284896850586,25200
2018-01-03,8.619047164916992,8.84761905670166,8.619047164916992,8.84761905670166,12818
2018-01-04,8.75238037109375,8.771428108215332,8.628570556640625,8.69523811340332,54600
2018-01-05,8.666666030883789,8.723809242248535,8.666666030883789,8.714284896850586,5250
2018-01-08,8.714284896850586,8.75238037109375,8.619047164916992,8.628570556640625,39902
2018-01-09,8.628570556640625,8.723809242248535,8.600000381469727,8.600000381469727,14700
2018-01-10,8.600000381469727,8.704760551452637,8.561903953552246,8.69523811340332,20492
2018-01-11,8.666666030883789,8.714284896850586,8.571428298950195,8.704760551452637,23100
2018-01-12,8.65714168548584,8.742856979370117,8.600000381469727,8.69523811340332,24196
2018-01-15,8.65714168548584,8.714284896850586,8.619047164916992,8.704760551452637,61950
2018-01-16,8.704760551452637,8.733332633972168,8.571428298950195,8.65714168548584,92400
2018-01-17,8.666666030883789,8.75238037109375,8.571428298950195,8.580951690673828,140700
2018-01-18,8.580951690673828,8.65714168548584,8.571428298950195,8.65714168548584,51450
2018-01-19,8.638094902038574,8.638094902038574,8.580951690673828,8.590476036071777,34650
2018-01-22,8.590476036071777,8.733332633972168,8.571428298950195,8.609522819519043,22050
2018-01-23,8.619047164916992,8.714284896850586,8.590476036071777,8.600000381469727,19186
2018-01-24,8.600000381469727,8.65714168548584,8.580951690673828,8.638094902038574,10500
2018-01-25,8.628570556640625,8.714284896850586,8.609522819519043,8.619047164916992,30450
2018-01-26,8.638094902038574,8.685713768005371,8.571428298950195,8.628570556640625,39930
2018-01-29,8.628570556640625,8.628570556640625,8.571428298950195,8.628570556640625,6300
2018-01-30,8.628570556640625,8.65714168548584,8.628570556640625,8.628570556640625,17850
2018-01-31,8.628570556640625,8.628570556640625,8.571428298950195,8.619047164916992,79800
2018-02-01,8.561903953552246,8.619047164916992,8.561903953552246,8.619047164916992,11550
2018-02-02,8.571428298950195,8.704760551452637,7.761903762817383,7.761903762817383,1363299
2018-02-05,7.514285087585449,7.742856979370117,6.990476131439209,7.047618865966797,1426950
2018-02-06,7.047618865966797,7.238094806671143,6.752379894256592,7.028571128845215,1562452
2018-02-07,7.190475940704346,7.314284801483154,6.895237922668457,7.133333206176758,895650
2018-02-08,7.238094806671143,7.238094806671143,7.0,7.066666126251221,65100
2018-02-09,7.066666126251221,7.066666126251221,7.066666126251221,7.066666126251221,0
2018-02-12,7.066666126251221,7.752379894256592,6.942856788635254,7.742856979370117,3375750
2018-02-21,7.685713768005371,7.780951976776123,7.257142066955566,7.35237979888916,5233200
2018-02-22,7.35237979888916,7.457141876220703,7.285714149475098,7.304760932922363,170100
2018-02-23,7.3333330154418945,7.3428568840026855,7.238094806671143,7.314284801483154,220500
2018-02-26,7.276189804077148,7.3333330154418945,7.276189804077148,7.295238018035889,239400
2018-02-27,7.35237979888916,7.3714280128479,7.257142066955566,7.304760932922363,190050
2018-03-01,7.257142066955566,7.400000095367432,7.257142066955566,7.3714280128479,201636
2018-03-02,7.3333330154418945,7.419046878814697,7.304760932922363,7.3714280128479,239400
2018-03-05,7.380951881408691,7.52380895614624,7.380951881408691,7.390476226806641,588580
2018-03-06,7.504761219024658,7.504761219024658,7.4380950927734375,7.457141876220703,331800
2018-03-07,7.52380895614624,8.199999809265137,7.514285087585449,8.199999809265137,2826621
2018-03-08,8.29523754119873,8.29523754119873,7.876190185546875,7.942856788635254,1069951
2018-03-09,8.190476417541504,8.190476417541504,7.485713958740234,7.619047164916992,872550
2018-03-12,7.619047164916992,7.619047164916992,7.3428568840026855,7.4285712242126465,510667
2018-03-13,7.4285712242126465,7.761903762817383,7.409523010253906,7.495237827301025,326679
2018-03-14,7.504761219024658,7.742856979370117,7.504761219024658,7.52380895614624,216300
2018-03-15,7.609522819519043,7.685713768005371,7.533332824707031,7.599999904632568,200550
2018-03-16,7.590476036071777,7.876190185546875,7.590476036071777,7.809523105621338,531405
2018-03-19,7.885714054107666,7.885714054107666,7.657142162322998,7.657142162322998,142800
2018-03-20,7.733333110809326,7.733333110809326,7.619047164916992,7.67618989944458,70455
2018-03-21,7.752379894256592,8.180952072143555,7.714284896850586,8.028571128845215,886567
2018-03-22,8.14285659790039,8.14285659790039,7.857141971588135,7.857141971588135,274050
2018-03-23,7.733333110809326,7.84761905670166,7.733333110809326,7.752379894256592,195300
2018-03-26,7.752379894256592,7.923809051513672,7.752379894256592,7.904760837554932,63036
2018-03-27,7.98095178604126,7.98095178604126,7.780951976776123,7.809523105621338,157500
2018-03-28,7.761903762817383,7.933332920074463,7.761903762817383,7.809523105621338,118650
2018-03-29,7.809523105621338,7.961904048919678,7.723808765411377,7.84761905670166,132300
2018-03-30,7.866665840148926,7.866665840148926,7.742856979370117,7.742856979370117,27300
2018-04-02,7.771428108215332,7.876190185546875,7.761903762817383,7.761903762817383,72450
2018-04-03,7.761903762817383,7.876190185546875,7.666666030883789,7.761903762817383,90300
2018-04-09,7.657142162322998,7.666666030883789,7.580952167510986,7.599999904632568,87156
2018-04-10,7.704761028289795,7.704761028289795,7.552380084991455,7.552380084991455,21000
2018-04-11,7.590476036071777,7.704761028289795,7.590476036071777,7.704761028289795,34650
2018-04-12,7.666666030883789,7.752379894256592,7.52380895614624,7.561903953552246,39900
2018-04-13,7.599999904632568,7.69523811340332,7.495237827301025,7.647618770599365,65100
2018-04-16,7.685713768005371,7.685713768005371,7.485713958740234,7.619047164916992,27304
2018-04-17,7.704761028289795,7.761903762817383,7.533332824707031,7.533332824707031,33600
2018-04-18,7.657142162322998,7.657142162322998,7.466666221618652,7.52380895614624,44182
2018-04-19,7.599999904632568,7.599999904632568,7.52380895614624,7.571427822113037,12600
2018-04-20,7.504761219024658,7.609522819519043,7.495237827301025,7.571427822113037,15750
2018-04-23,7.571427822113037,7.571427822113037,7.457141876220703,7.552380084991455,14700
2018-04-24,7.3714280128479,7.4285712242126465,7.35237979888916,7.419046878814697,59850
2018-04-25,7.409523010253906,7.514285087585449,7.276189804077148,7.400000095367432,39900
2018-04-26,7.409523010253906,7.466666221618652,7.1619038581848145,7.4476189613342285,56101
2018-04-27,7.35237979888916,7.457141876220703,7.304760932922363,7.400000095367432,18900
2018-04-30,7.419046878814697,7.419046878814697,7.285714149475098,7.3714280128479,18900
2018-05-02,7.238094806671143,7.400000095367432,7.238094806671143,7.35237979888916,57750
2018-05-03,7.247619152069092,7.3714280128479,7.171428203582764,7.314284801483154,64050
2018-05-04,7.2095232009887695,7.257142066955566,7.076189994812012,7.104761123657227,97755
2018-05-07,7.114284992218018,7.400000095367432,7.114284992218018,7.1619038581848145,74550
2018-05-08,7.266665935516357,7.266665935516357,7.028571128845215,7.114284992218018,79800
2018-05-09,7.1619038581848145,7.1619038581848145,7.095238208770752,7.133333206176758,14700
2018-05-10,7.142857074737549,7.35237979888916,7.142857074737549,7.142857074737549,81900
2018-05-11,7.142857074737549,7.295238018035889,6.990476131439209,7.142857074737549,168000
2018-05-14,7.199999809265137,7.199999809265137,7.028571128845215,7.1619038581848145,18900
2018-05-15,7.142857074737549,7.361904144287109,7.133333206176758,7.171428203582764,74760
2018-05-16,7.171428203582764,7.266665935516357,7.066666126251221,7.066666126251221,29400
2018-05-17,7.076189994812012,7.238094806671143,7.047618865966797,7.180952072143555,79800
2018-05-18,7.180952072143555,7.228570938110352,7.047618865966797,7.228570938110352,81900
2018-05-21,7.228570938110352,7.285714149475098,7.142857074737549,7.2095232009887695,119929
2018-05-22,7.152379989624023,7.295238018035889,7.047618865966797,7.266665935516357,173744
2018-05-23,7.190475940704346,7.304760932922363,7.066666126251221,7.133333206176758,240450
2018-05-24,7.095238208770752,7.657142162322998,7.095238208770752,7.3333330154418945,346882
2018-05-25,7.3333330154418945,7.419046878814697,7.142857074737549,7.304760932922363,523950
2018-05-28,7.35237979888916,7.419046878814697,7.095238208770752,7.142857074737549,749805
2018-05-29,7.142857074737549,7.2190470695495605,7.066666126251221,7.076189994812012,249900
2018-05-30,7.085713863372803,7.142857074737549,7.047618865966797,7.076189994812012,118860
2018-05-31,7.095238208770752,7.152379989624023,7.066666126251221,7.104761123657227,202860
2018-06-01,7.142857074737549,7.142857074737549,7.066666126251221,7.133333206176758,137712
2018-06-04,7.114284992218018,7.295238018035889,7.104761123657227,7.171428203582764,542850
2018-06-05,7.238094806671143,7.609522819519043,7.123808860778809,7.571427822113037,1497473
2018-06-06,7.571427822113037,7.571427822113037,7.3333330154418945,7.561903953552246,1836519
2018-06-07,7.638094902038574,8.228570938110352,7.5428571701049805,7.866665840148926,1355550
2018-06-08,7.866665840148926,8.076189994812012,7.857141971588135,8.009523391723633,565283
2018-06-11,8.009523391723633,8.171427726745605,7.742856979370117,7.914285182952881,859037
2018-06-12,7.942856788635254,8.704760551452637,7.933332920074463,8.704760551452637,4851996
2018-06-13,8.857142448425293,9.428570747375488,8.704760551452637,8.704760551452637,6335404
2018-06-14,8.65714168548584,8.704760551452637,8.199999809265137,8.257142066955566,1218046
2018-06-15,8.257142066955566,8.36190414428711,8.066665649414062,8.085714340209961,605850
2018-06-19,8.047618865966797,8.65714168548584,7.904760837554932,8.54285717010498,1467499
2018-06-20,8.54285717010498,8.65714168548584,8.2380952835083,8.609522819519043,1818124
2018-06-21,8.590476036071777,9.39047622680664,8.590476036071777,9.199999809265137,5265360
2018-06-22,9.714284896850586,10.095237731933594,9.428570747375488,10.095237731933594,6649280
2018-06-25,11.095237731933594,11.095237731933594,11.095237731933594,11.095237731933594,1967293
2018-06-26,10.666666030883789,11.0,10.0,10.0,5785964
2018-06-27,9.90476131439209,11.0,9.761903762817383,11.0,8426904
2018-06-28,10.761903762817383,11.619047164916992,10.476189613342285,10.619047164916992,7505926
2018-06-29,10.619047164916992,11.095237731933594,10.190476417541504,10.380951881408691,2796150
2018-07-02,10.476189613342285,10.761903762817383,9.90476131439209,9.952380180358887,1618050
2018-07-03,10.095237731933594,10.476189613342285,9.523809432983398,9.666666030883789,3284481
2018-07-04,9.857142448425293,10.0,9.285714149475098,9.285714149475098,2490600
2018-07-05,9.476189613342285,9.619047164916992,8.571428298950195,8.80952262878418,1217443
2018-07-06,8.866665840148926,9.019046783447266,8.247618675231934,8.342857360839844,1416450
2018-07-09,8.523809432983398,8.65714168548584,8.39047622680664,8.428570747375488,777003
2018-07-10,8.571428298950195,8.580951690673828,8.39047622680664,8.428570747375488,313950
2018-07-11,8.304760932922363,8.409523010253906,8.095237731933594,8.095237731933594,608002
2018-07-12,8.095237731933594,8.180952072143555,8.019046783447266,8.05714225769043,358155
2018-07-13,8.104761123657227,8.314285278320312,8.05714225769043,8.14285659790039,463454
2018-07-16,8.266666412353516,8.952380180358887,8.104761123657227,8.952380180358887,3321690
2018-07-17,9.14285659790039,9.14285659790039,8.428570747375488,8.761903762817383,1866903
2018-07-18,8.761903762817383,8.84761905670166,8.438095092773438,8.457141876220703,730800
2018-07-19,8.457141876220703,8.638094902038574,8.399999618530273,8.409523010253906,361200
2018-07-20,8.447619438171387,8.523809432983398,8.285714149475098,8.285714149475098,220500
2018-07-23,8.29523754119873,8.333333015441895,8.114285469055176,8.161904335021973,311325
2018-07-24,8.276189804077148,8.35237979888916,8.20952320098877,8.228570938110352,177471
2018-07-25,8.304760932922363,8.304760932922363,8.171427726745605,8.257142066955566,201639
2018-07-26,8.314285278320312,8.895237922668457,8.29523754119873,8.638094902038574,1074171
2018-07-27,8.666666030883789,8.704760551452637,8.476189613342285,8.485713958740234,526055
2018-07-30,8.485713958740234,8.54285717010498,8.190476417541504,8.190476417541504,391650
2018-07-31,8.20952320098877,8.304760932922363,8.190476417541504,8.190476417541504,209055
2018-08-01,8.190476417541504,8.323808670043945,8.190476417541504,8.323808670043945,154350
2018-08-02,8.36190414428711,8.380951881408691,8.123808860778809,8.152379989624023,218400
2018-08-03,8.152379989624023,8.161904335021973,8.114285469055176,8.133333206176758,98700
2018-08-06,8.133333206176758,8.180952072143555,8.047618865966797,8.047618865966797,199762
2018-08-07,8.047618865966797,8.647619247436523,8.047618865966797,8.495238304138184,1292820
2018-08-08,8.495238304138184,8.523809432983398,8.380951881408691,8.380951881408691,353955
2018-08-09,8.380951881408691,8.380951881408691,8.180952072143555,8.180952072143555,244650
2018-08-10,8.180952072143555,8.314285278320312,8.180952072143555,8.190476417541504,120750
2018-08-13,8.14285659790039,8.14285659790039,7.638094902038574,7.714284896850586,418953
2018-08-14,7.733333110809326,7.790475845336914,7.619047164916992,7.666666030883789,140910
2018-08-15,7.67618989944458,7.69523811340332,7.599999904632568,7.599999904632568,144014
2018-08-16,7.476190090179443,7.619047164916992,7.466666221618652,7.52380895614624,133350
2018-08-17,7.666666030883789,7.857141971588135,7.619047164916992,7.647618770599365,85050
2018-08-20,7.5428571701049805,7.580952167510986,7.285714149475098,7.390476226806641,341014
2018-08-21,7.3333330154418945,7.4380950927734375,7.247619152069092,7.3333330154418945,185850
2018-08-22,7.3333330154418945,7.457141876220703,7.3333330154418945,7.457141876220703,85050
2018-08-23,7.504761219024658,7.599999904632568,7.4285712242126465,7.4285712242126465,132300
2018-08-24,7.495237827301025,7.590476036071777,7.409523010253906,7.466666221618652,54600
2018-08-27,7.466666221618652,7.533332824707031,7.419046878814697,7.514285087585449,58800
2018-08-28,7.400000095367432,7.533332824707031,7.400000095367432,7.466666221618652,116025
2018-08-29,7.485713958740234,8.0,7.485713958740234,7.904760837554932,696150
2018-08-30,8.019046783447266,8.285714149475098,7.904760837554932,8.05714225769043,287718
2018-08-31,8.05714225769043,8.076189994812012,7.780951976776123,7.780951976776123,165816
2018-09-03,7.780951976776123,7.866665840148926,7.619047164916992,7.619047164916992,123900
2018-09-04,7.619047164916992,7.714284896850586,7.619047164916992,7.638094902038574,70350
2018-09-05,7.638094902038574,8.399999618530273,7.638094902038574,8.399999618530273,1405950
2018-09-06,8.561903953552246,9.019046783447266,8.495238304138184,8.609522819519043,4614780
2018-09-07,8.609522819519043,8.609522819519043,7.761903762817383,7.942856788635254,1391565
2018-09-10,8.047618865966797,8.133333206176758,7.619047164916992,7.638094902038574,428431
2018-09-11,7.67618989944458,8.199999809265137,7.67618989944458,8.05714225769043,1077300
2018-09-12,8.095237731933594,8.095237731933594,7.752379894256592,7.771428108215332,362355
2018-09-13,7.819046974182129,7.923809051513672,7.780951976776123,7.790475845336914,241500
2018-09-14,7.838095188140869,8.399999618530273,7.714284896850586,8.29523754119873,1251810
2018-09-17,8.29523754119873,8.304760932922363,8.019046783447266,8.05714225769043,565950
2018-09-18,8.152379989624023,8.180952072143555,7.819046974182129,7.838095188140869,299460
2018-09-19,7.952380180358887,8.038095474243164,7.876190185546875,7.876190185546875,127260
2018-09-20,7.885714054107666,7.961904048919678,7.733333110809326,7.742856979370117,191110
2018-09-21,7.771428108215332,7.838095188140869,7.704761028289795,7.723808765411377,142380
2018-09-25,7.714284896850586,8.114285469055176,7.714284896850586,8.066665649414062,762510
2018-09-26,8.066665649414062,8.066665649414062,7.84761905670166,7.84761905670166,187635
2018-09-27,7.933332920074463,8.047618865966797,7.857141971588135,7.857141971588135,133402
2018-09-28,7.990476131439209,8.0,7.857141971588135,7.857141971588135,130968
2018-10-01,7.866665840148926,7.914285182952881,7.82857084274292,7.82857084274292,63000
2018-10-02,7.82857084274292,7.82857084274292,7.771428108215332,7.771428108215332,50610
2018-10-03,7.82857084274292,7.82857084274292,7.714284896850586,7.752379894256592,113662
2018-10-04,7.752379894256592,7.752379894256592,7.69523811340332,7.714284896850586,128100
2018-10-05,7.628571033477783,7.666666030883789,7.257142066955566,7.3428568840026855,400050
2018-10-08,7.3428568840026855,7.457141876220703,7.285714149475098,7.380951881408691,131250
2018-10-09,7.4476189613342285,7.52380895614624,7.295238018035889,7.314284801483154,116551
2018-10-11,7.066666126251221,7.095238208770752,6.590476036071777,6.590476036071777,855750
2018-10-12,6.380951881408691,6.69523811340332,6.380951881408691,6.609522819519043,180676
2018-10-15,6.628571033477783,6.761903762817383,6.619047164916992,6.619047164916992,97394
2018-10-16,6.628571033477783,6.733333110809326,6.619047164916992,6.619047164916992,207973
2018-10-17,6.84761905670166,6.857141971588135,6.647618770599365,6.790475845336914,184881
2018-10-18,6.733333110809326,6.752379894256592,6.666666030883789,6.714284896850586,40950
2018-10-19,6.514285087585449,6.609522819519043,6.485713958740234,6.52380895614624,70350
2018-10-22,6.476190090179443,6.69523811340332,6.476190090179443,6.571427822113037,42000
2018-10-23,6.666666030883789,6.666666030883789,6.476190090179443,6.476190090179443,25200
2018-10-24,6.4476189613342285,6.476190090179443,6.390476226806641,6.419046878814697,57750
2018-10-25,6.285714149475098,6.380951881408691,6.095238208770752,6.095238208770752,159600
2018-10-26,6.190475940704346,6.238094806671143,5.904760837554932,6.038094997406006,105000
2018-10-29,6.038094997406006,6.095238208770752,5.771428108215332,5.819046974182129,63000
2018-10-30,5.771428108215332,5.904760837554932,5.69523811340332,5.714284896850586,117600
2018-10-31,5.800000190734863,5.942856788635254,5.800000190734863,5.857141971588135,108360
2018-11-01,5.904760837554932,5.990476131439209,5.885714054107666,5.971427917480469,68250
2018-11-02,6.038094997406006,6.180952072143555,6.038094997406006,6.066666126251221,99750
2018-11-05,6.076189994812012,6.171428203582764,6.076189994812012,6.104761123657227,36750
2018-11-06,6.123808860778809,6.180952072143555,5.961904048919678,5.971427917480469,52500
2018-11-07,6.095238208770752,6.190475940704346,6.095238208770752,6.142857074737549,47250
2018-11-08,6.228570938110352,6.247619152069092,6.133333206176758,6.247619152069092,43050
2018-11-09,6.199999809265137,6.238094806671143,6.133333206176758,6.238094806671143,23100
2018-11-12,6.142857074737549,6.142857074737549,6.095238208770752,6.142857074737549,54495
2018-11-13,6.009522914886475,6.485713958740234,5.904760837554932,6.3428568840026855,100800
2018-11-14,6.3428568840026855,6.466666221618652,6.247619152069092,6.304760932922363,55650
2018-11-15,6.466666221618652,6.466666221618652,6.190475940704346,6.276189804077148,85050
2018-11-16,6.238094806671143,6.238094806671143,6.152379989624023,6.2095232009887695,96600
2018-11-19,6.3238091468811035,6.3238091468811035,6.276189804077148,6.304760932922363,10500
2018-11-20,6.2095232009887695,6.238094806671143,6.2095232009887695,6.238094806671143,25200
2018-11-21,6.238094806671143,6.3714280128479,6.190475940704346,6.257142066955566,46200
2018-11-22,6.257142066955566,6.466666221618652,6.257142066955566,6.390476226806641,51450
2018-11-23,6.466666221618652,6.466666221618652,6.285714149475098,6.304760932922363,65100
2018-11-26,6.285714149475098,6.466666221618652,6.285714149475098,6.314284801483154,31500
2018-11-27,6.419046878814697,6.609522819519043,6.409523010253906,6.409523010253906,157500
2018-11-28,6.4380950927734375,6.561903953552246,6.409523010253906,6.419046878814697,102942
2018-11-29,6.4285712242126465,6.504761219024658,6.4285712242126465,6.4380950927734375,57750
2018-11-30,6.514285087585449,6.5428571701049805,6.409523010253906,6.409523010253906,73762
2018-12-03,6.419046878814697,6.52380895614624,6.390476226806641,6.4476189613342285,158597
2018-12-04,6.52380895614624,6.52380895614624,6.457141876220703,6.476190090179443,65205
2018-12-05,6.4285712242126465,6.657142162322998,6.4285712242126465,6.609522819519043,137659
2018-12-06,6.609522819519043,6.714284896850586,6.380951881408691,6.380951881408691,358087
2018-12-07,6.380951881408691,6.476190090179443,6.380951881408691,6.380951881408691,53550
2018-12-10,6.390476226806641,6.457141876220703,6.285714149475098,6.295238018035889,69300
2018-12-11,6.380951881408691,6.390476226806641,6.304760932922363,6.3238091468811035,53048
2018-12-12,6.409523010253906,6.800000190734863,6.409523010253906,6.628571033477783,308700
2018-12-13,6.571427822113037,6.704761028289795,6.504761219024658,6.571427822113037,38850
2018-12-14,6.52380895614624,6.561903953552246,6.476190090179443,6.52380895614624,28372
2018-12-17,6.514285087585449,6.514285087585449,6.4380950927734375,6.457141876220703,22050
2018-12-18,6.3333330154418945,6.3428568840026855,6.304760932922363,6.304760932922363,56700
2018-12-19,6.3714280128479,6.380951881408691,6.304760932922363,6.3238091468811035,70560
2018-12-20,6.380951881408691,6.409523010253906,6.238094806671143,6.238094806671143,38850
2018-12-21,6.2095232009887695,6.285714149475098,6.199999809265137,6.2095232009887695,44100
2018-12-24,6.104761123657227,6.1619038581848145,6.104761123657227,6.114284992218018,22071
2018-12-25,6.114284992218018,6.257142066955566,6.114284992218018,6.1619038581848145,47250
2018-12-26,6.123808860778809,6.123808860778809,6.047618865966797,6.076189994812012,22050
2018-12-27,6.114284992218018,6.1619038581848145,6.076189994812012,6.1619038581848145,44100
2018-12-28,6.1619038581848145,6.171428203582764,6.076189994812012,6.142857074737549,26250
2019-01-02,6.123808860778809,6.142857074737549,6.0571417808532715,6.142857074737549,16823
2019-01-03,6.0571417808532715,6.123808860778809,6.047618865966797,6.123808860778809,21105
2019-01-04,6.114284992218018,6.123808860778809,6.047618865966797,6.047618865966797,6300
2019-01-07,6.0571417808532715,6.142857074737549,6.047618865966797,6.133333206176758,26250
2019-01-08,6.038094997406006,6.171428203582764,6.038094997406006,6.123808860778809,25470
2019-01-09,6.142857074737549,6.1619038581848145,6.085713863372803,6.123808860778809,41055
2019-01-10,6.123808860778809,6.123808860778809,6.0571417808532715,6.095238208770752,38850
2019-01-11,6.171428203582764,6.171428203582764,6.095238208770752,6.095238208770752,3150
2019-01-14,6.047618865966797,6.114284992218018,6.038094997406006,6.0571417808532715,25230
2019-01-15,6.0571417808532715,6.095238208770752,6.0571417808532715,6.076189994812012,50670
2019-01-16,6.085713863372803,6.142857074737549,6.076189994812012,6.095238208770752,25365
2019-01-17,6.142857074737549,6.142857074737549,6.066666126251221,6.123808860778809,19005
2019-01-18,6.095238208770752,6.180952072143555,6.085713863372803,6.180952072143555,56700
2019-01-21,6.171428203582764,6.514285087585449,6.142857074737549,6.361904144287109,127050
2019-01-22,6.3333330154418945,6.3333330154418945,6.238094806671143,6.3238091468811035,63000
2019-01-23,6.238094806671143,6.3238091468811035,6.238094806671143,6.3238091468811035,9382
2019-01-24,6.295238018035889,6.295238018035889,6.238094806671143,6.238094806671143,16927
2019-01-25,6.190475940704346,6.285714149475098,6.190475940704346,6.2095232009887695,16857
2019-01-28,6.123808860778809,6.180952072143555,6.123808860778809,6.171428203582764,31500
2019-01-29,6.142857074737549,6.1619038581848145,6.095238208770752,6.142857074737549,28350
2019-01-30,6.133333206176758,6.142857074737549,6.076189994812012,6.085713863372803,53550
2019-02-11,6.085713863372803,6.285714149475098,6.085713863372803,6.285714149475098,32995
2019-02-12,6.285714149475098,6.285714149475098,6.228570938110352,6.228570938110352,12390
2019-02-13,6.380951881408691,6.4380950927734375,6.123808860778809,6.228570938110352,111300
2019-02-14,6.142857074737549,6.247619152069092,6.123808860778809,6.238094806671143,127050
2019-02-15,6.2095232009887695,6.257142066955566,6.190475940704346,6.199999809265137,15912
2019-02-18,6.2095232009887695,6.238094806671143,6.114284992218018,6.199999809265137,68292
2019-02-19,6.199999809265137,6.285714149475098,6.171428203582764,6.266665935516357,35617
2019-02-20,6.266665935516357,6.409523010253906,6.266665935516357,6.295238018035889,44100
2019-02-21,6.285714149475098,6.380951881408691,6.285714149475098,6.304760932922363,146530
2019-02-22,6.361904144287109,6.771428108215332,6.3333330154418945,6.69523811340332,436800
2019-02-25,7.314284801483154,7.361904144287109,7.142857074737549,7.361904144287109,1241542
2019-02-26,7.380951881408691,7.904760837554932,7.361904144287109,7.771428108215332,2562458
2019-02-27,7.619047164916992,7.771428108215332,7.533332824707031,7.561903953552246,744888
2019-03-04,7.571427822113037,7.69523811340332,7.2190470695495605,7.3714280128479,516600
2019-03-05,7.4285712242126465,7.514285087585449,7.3333330154418945,7.4476189613342285,216300
2019-03-06,7.476190090179443,7.476190090179443,7.3714280128479,7.3714280128479,241581
2019-03-07,7.3714280128479,7.409523010253906,7.2190470695495605,7.2190470695495605,180682
2019-03-08,7.2095232009887695,7.3238091468811035,7.095238208770752,7.095238208770752,141788
2019-03-11,7.104761123657227,7.228570938110352,7.0571417808532715,7.180952072143555,151236
2019-03-12,7.180952072143555,7.285714149475098,7.114284992218018,7.114284992218018,142873
2019-03-13,7.095238208770752,7.2095232009887695,7.066666126251221,7.085713863372803,81900
2019-03-14,7.085713863372803,7.4380950927734375,7.085713863372803,7.142857074737549,243600
2019-03-15,7.199999809265137,7.2095232009887695,7.066666126251221,7.095238208770752,159600
2019-03-18,7.114284992218018,7.4380950927734375,7.114284992218018,7.390476226806641,294000
2019-03-19,7.476190090179443,7.599999904632568,7.199999809265137,7.390476226806641,373800
2019-03-20,7.266665935516357,7.380951881408691,7.266665935516357,7.3428568840026855,52500
2019-03-21,7.3428568840026855,7.3428568840026855,7.199999809265137,7.2190470695495605,114450
2019-03-22,7.152379989624023,7.190475940704346,7.019046783447266,7.028571128845215,172444
2019-03-25,6.857141971588135,6.952380180358887,6.82857084274292,6.82857084274292,87495
2019-03-26,6.838095188140869,7.380951881408691,6.838095188140869,7.238094806671143,246109
2019-03-27,7.2190470695495605,7.4285712242126465,7.152379989624023,7.304760932922363,146044
2019-03-28,7.390476226806641,7.457141876220703,7.1619038581848145,7.1619038581848145,66360
2019-03-29,7.266665935516357,7.266665935516357,7.009522914886475,7.133333206176758,96638
2019-04-01,7.2095232009887695,7.2095232009887695,7.066666126251221,7.180952072143555,61999
2019-04-02,7.228570938110352,7.228570938110352,7.047618865966797,7.047618865966797,109200
2019-04-03,7.114284992218018,7.180952072143555,7.047618865966797,7.104761123657227,32690
2019-04-08,7.066666126251221,7.228570938110352,7.066666126251221,7.190475940704346,74706
2019-04-09,7.180952072143555,7.3714280128479,7.180952072143555,7.2095232009887695,100831
2019-04-10,7.2095232009887695,7.361904144287109,7.1619038581848145,7.285714149475098,97692
2019-04-11,7.3428568840026855,7.3428568840026855,7.180952072143555,7.285714149475098,46244
2019-04-12,7.285714149475098,7.3333330154418945,7.238094806671143,7.314284801483154,106575
2019-04-15,7.380951881408691,7.409523010253906,7.285714149475098,7.3333330154418945,38955
2019-04-16,7.285714149475098,7.561903953552246,7.2095232009887695,7.52380895614624,202022
2019-04-17,7.571427822113037,7.571427822113037,7.3333330154418945,7.400000095367432,250434
2019-04-18,7.4285712242126465,7.5428571701049805,7.3333330154418945,7.419046878814697,142065
2019-04-19,7.390476226806641,7.52380895614624,7.380951881408691,7.4380950927734375,80850
2019-04-22,7.52380895614624,7.52380895614624,7.3714280128479,7.4476189613342285,70350
2019-04-23,7.4285712242126465,7.495237827301025,7.3428568840026855,7.495237827301025,192150
2019-04-24,7.5428571701049805,7.5428571701049805,7.199999809265137,7.199999809265137,290861
2019-04-25,7.2095232009887695,7.285714149475098,7.095238208770752,7.171428203582764,296100
2019-04-26,7.266665935516357,7.266665935516357,7.047618865966797,7.047618865966797,164850
2019-04-29,7.104761123657227,7.2190470695495605,7.047618865966797,7.190475940704346,92400
2019-04-30,7.276189804077148,7.276189804077148,7.085713863372803,7.228570938110352,62220
2019-05-02,7.238094806671143,7.266665935516357,7.0571417808532715,7.2190470695495605,49405
2019-05-03,7.3238091468811035,7.3238091468811035,7.1619038581848145,7.2095232009887695,30758
2019-05-06,7.104761123657227,7.199999809265137,6.857141971588135,6.952380180358887,157500
2019-05-07,7.0,7.009522914886475,6.952380180358887,6.952380180358887,15829
2019-05-08,6.952380180358887,7.019046783447266,6.838095188140869,6.895237922668457,127164
2019-05-09,6.933332920074463,6.933332920074463,6.761903762817383,6.780951976776123,70402
2019-05-10,6.952380180358887,7.199999809265137,6.952380180358887,7.095238208770752,221560
2019-05-13,7.228570938110352,7.228570938110352,7.009522914886475,7.085713863372803,97665
2019-05-14,7.047618865966797,7.047618865966797,6.876190185546875,7.019046783447266,72472
2019-05-15,6.933332920074463,7.104761123657227,6.933332920074463,7.076189994812012,57294
2019-05-16,7.076189994812012,7.1619038581848145,6.923809051513672,6.990476131439209,82240
2019-05-17,6.914285182952881,6.942856788635254,6.819046974182129,6.819046974182129,68056
2019-05-20,6.819046974182129,6.838095188140869,6.723808765411377,6.838095188140869,55650
2019-05-21,6.838095188140869,6.838095188140869,6.761903762817383,6.838095188140869,53844
2019-05-22,6.790475845336914,6.838095188140869,6.780951976776123,6.82857084274292,47250
2019-05-23,6.780951976776123,6.809523105621338,6.619047164916992,6.771428108215332,51450
2019-05-24,6.714284896850586,6.771428108215332,6.571427822113037,6.714284896850586,143850
2019-05-27,6.666666030883789,6.704761028289795,6.571427822113037,6.628571033477783,59083
2019-05-28,6.580952167510986,6.638094902038574,6.571427822113037,6.628571033477783,101154
2019-05-29,6.666666030883789,6.84761905670166,6.190475940704346,6.752379894256592,254782
2019-05-30,6.752379894256592,6.923809051513672,6.742856979370117,6.914285182952881,85787
2019-05-31,6.933332920074463,6.933332920074463,6.809523105621338,6.857141971588135,47671
2019-06-03,6.714284896850586,6.82857084274292,6.685713768005371,6.82857084274292,39405
2019-06-04,6.904760837554932,6.904760837554932,6.666666030883789,6.838095188140869,79170
2019-06-05,6.761903762817383,6.809523105621338,6.723808765411377,6.790475845336914,60144
2019-06-06,6.933332920074463,6.933332920074463,6.742856979370117,6.780951976776123,42548
2019-06-10,6.752379894256592,6.809523105621338,6.69523811340332,6.790475845336914,114988
2019-06-11,6.780951976776123,6.790475845336914,6.67618989944458,6.771428108215332,53707
2019-06-12,6.704761028289795,6.752379894256592,6.619047164916992,6.685713768005371,46212
2019-06-13,6.714284896850586,6.742856979370117,6.580952167510986,6.69523811340332,64193
2019-06-14,6.69523811340332,6.761903762817383,6.666666030883789,6.704761028289795,55650
2019-06-17,6.780951976776123,6.780951976776123,6.742856979370117,6.752379894256592,27384
2019-06-18,6.761903762817383,6.761903762817383,6.647618770599365,6.761903762817383,24574
2019-06-19,6.780951976776123,6.780951976776123,6.657142162322998,6.657142162322998,91350
2019-06-20,6.733333110809326,6.923809051513672,6.666666030883789,6.923809051513672,280822
2019-06-21,6.923809051513672,6.923809051513672,6.761903762817383,6.84761905670166,140700
2019-06-24,6.84761905670166,6.904760837554932,6.780951976776123,6.857141971588135,12819
2019-06-25,6.876190185546875,7.0,6.790475845336914,6.819046974182129,96023
2019-06-26,6.914285182952881,6.914285182952881,6.790475845336914,6.857141971588135,26089
2019-06-27,6.914285182952881,6.914285182952881,6.800000190734863,6.857141971588135,9051
2019-06-28,7.52380895614624,7.52380895614624,7.104761123657227,7.171428203582764,443178
2019-07-01,7.2190470695495605,7.285714149475098,7.114284992218018,7.171428203582764,64884
2019-07-02,7.171428203582764,7.257142066955566,7.095238208770752,7.228570938110352,76724
2019-07-03,7.276189804077148,7.276189804077148,7.104761123657227,7.180952072143555,97650
2019-07-04,7.257142066955566,7.257142066955566,7.142857074737549,7.2190470695495605,53550
2019-07-05,7.238094806671143,7.571427822113037,7.152379989624023,7.180952072143555,297150
2019-07-08,7.190475940704346,7.2095232009887695,7.0571417808532715,7.123808860778809,82950
2019-07-09,7.180952072143555,7.180952072143555,6.98095178604126,7.047618865966797,103950
2019-07-10,7.095238208770752,7.180952072143555,7.076189994812012,7.1619038581848145,144900
2019-07-11,7.190475940704346,7.314284801483154,7.152379989624023,7.276189804077148,83080
2019-07-12,7.276189804077148,7.3714280128479,7.276189804077148,7.3333330154418945,80850
2019-07-15,7.400000095367432,7.400000095367432,7.247619152069092,7.35237979888916,47662
2019-07-16,7.285714149475098,7.35237979888916,7.266665935516357,7.3333330154418945,38062
2019-07-17,7.314284801483154,7.3333330154418945,7.190475940704346,7.2190470695495605,40950
2019-07-18,7.276189804077148,7.276189804077148,7.2095232009887695,7.257142066955566,26670
2019-07-19,7.257142066955566,7.380951881408691,7.238094806671143,7.285714149475098,43260
2019-07-22,7.314284801483154,7.3714280128479,7.142857074737549,7.285714149475098,99750
2019-07-23,7.304760932922363,7.304760932922363,7.104761123657227,7.104761123657227,65100
2019-07-24,7.066666126251221,7.180952072143555,6.971427917480469,7.095238208770752,140700
2019-07-25,7.133333206176758,7.133333206176758,7.019046783447266,7.085713863372803,36750
2019-07-26,7.152379989624023,7.152379989624023,6.961904048919678,7.133333206176758,162543
2019-07-29,7.2095232009887695,7.2095232009887695,7.009522914886475,7.114284992218018,79800
2019-07-30,7.047618865966797,7.047618865966797,6.866665840148926,6.895237922668457,154350
2019-07-31,6.866665840148926,7.104761123657227,6.819046974182129,7.0,2910979
2019-08-01,7.028571128845215,7.076189994812012,6.952380180358887,7.066666126251221,156450
2019-08-02,7.095238208770752,7.095238208770752,6.809523105621338,6.809523105621338,114528
2019-08-05,6.923809051513672,6.923809051513672,6.619047164916992,6.628571033477783,134270
2019-08-06,6.666666030883789,6.704761028289795,6.52380895614624,6.704761028289795,79800
2019-08-07,6.761903762817383,6.876190185546875,6.638094902038574,6.876190185546875,66151
2019-08-08,6.904760837554932,6.904760837554932,6.790475845336914,6.857141971588135,71654
2019-08-12,6.933332920074463,6.933332920074463,6.657142162322998,6.685713768005371,118755
2019-08-13,6.685713768005371,6.714284896850586,6.495237827301025,6.552380084991455,129150
2019-08-14,6.69523811340332,6.82857084274292,6.580952167510986,6.580952167510986,96600
2019-08-15,6.4285712242126465,6.69523811340332,6.4285712242126465,6.590476036071777,35779
2019-08-16,6.657142162322998,6.657142162322998,6.495237827301025,6.52380895614624,84700
2019-08-19,6.647618770599365,6.69523811340332,6.495237827301025,6.647618770599365,102900
2019-08-20,6.685713768005371,6.895237922668457,6.685713768005371,6.819046974182129,73500
2019-08-21,6.84761905670166,6.84761905670166,6.733333110809326,6.809523105621338,71051
2019-08-22,6.857141971588135,6.895237922668457,6.752379894256592,6.857141971588135,47250
2019-08-23,6.857141971588135,6.885714054107666,6.752379894256592,6.857141971588135,13650
2019-08-26,6.857141971588135,6.857141971588135,6.685713768005371,6.819046974182129,25200
2019-08-27,6.809523105621338,6.809523105621338,6.67618989944458,6.780951976776123,66151
2019-08-28,6.714284896850586,6.761903762817383,6.685713768005371,6.752379894256592,61950
2019-08-29,6.790475845336914,6.790475845336914,6.67618989944458,6.67618989944458,79852
2019-08-30,6.685713768005371,6.780951976776123,6.685713768005371,6.752379894256592,19425
2019-09-02,6.666666030883789,6.790475845336914,6.666666030883789,6.790475845336914,17325
2019-09-03,6.761903762817383,6.761903762817383,6.638094902038574,6.761903762817383,84001
2019-09-04,6.761903762817383,6.809523105621338,6.714284896850586,6.761903762817383,87150
2019-09-05,6.838095188140869,6.838095188140869,6.704761028289795,6.800000190734863,68250
2019-09-06,6.876190185546875,6.876190185546875,6.733333110809326,6.809523105621338,113400
2019-09-10,6.790475845336914,6.857141971588135,6.742856979370117,6.857141971588135,57853
2019-09-11,6.761903762817383,6.790475845336914,6.685713768005371,6.761903762817383,115936
2019-09-12,6.666666030883789,6.819046974182129,6.647618770599365,6.790475845336914,172823
2019-09-16,6.685713768005371,6.790475845336914,6.666666030883789,6.790475845336914,50479
2019-09-17,6.714284896850586,6.752379894256592,6.67618989944458,6.69523811340332,60217
2019-09-18,6.714284896850586,6.733333110809326,6.647618770599365,6.723808765411377,86658
2019-09-19,6.733333110809326,6.809523105621338,6.628571033477783,6.714284896850586,682899
2019-09-20,6.714284896850586,6.723808765411377,6.580952167510986,6.647618770599365,264198
2019-09-23,6.647618770599365,6.742856979370117,6.609522819519043,6.609522819519043,67200
2019-09-24,6.685713768005371,6.809523105621338,6.628571033477783,6.714284896850586,83462
2019-09-25,6.723808765411377,6.742856979370117,6.609522819519043,6.638094902038574,77700
2019-09-26,6.609522819519043,6.704761028289795,6.609522819519043,6.647618770599365,40968
2019-09-27,6.647618770599365,6.67618989944458,6.619047164916992,6.619047164916992,19222
2019-10-01,6.657142162322998,6.666666030883789,6.590476036071777,6.647618770599365,24900
2019-10-02,6.67618989944458,6.67618989944458,6.571427822113037,6.580952167510986,62535
2019-10-03,6.599999904632568,6.638094902038574,6.571427822113037,6.619047164916992,34755
2019-10-04,6.638094902038574,6.638094902038574,6.4380950927734375,6.4380950927734375,71400
2019-10-07,6.504761219024658,6.514285087585449,6.400000095367432,6.457141876220703,111300
2019-10-08,6.4285712242126465,6.485713958740234,6.361904144287109,6.4476189613342285,72450
2019-10-09,6.4380950927734375,6.485713958740234,6.3428568840026855,6.485713958740234,72450
2019-10-14,6.504761219024658,6.504761219024658,6.409523010253906,6.485713958740234,44212
2019-10-15,6.4380950927734375,6.485713958740234,6.4285712242126465,6.476190090179443,22437
2019-10-16,6.504761219024658,6.504761219024658,6.4285712242126465,6.485713958740234,33489
2019-10-17,6.4285712242126465,6.52380895614624,6.361904144287109,6.504761219024658,109292
2019-10-18,6.552380084991455,6.552380084991455,6.4285712242126465,6.485713958740234,33180
2019-10-21,6.485713958740234,6.485713958740234,6.4380950927734375,6.476190090179443,12075
2019-10-22,6.495237827301025,6.52380895614624,6.4285712242126465,6.52380895614624,79801
2019-10-23,6.485713958740234,6.552380084991455,6.380951881408691,6.380951881408691,71400
2019-10-24,6.380951881408691,6.409523010253906,6.314284801483154,6.390476226806641,73500
2019-10-25,6.409523010253906,6.457141876220703,6.2190470695495605,6.4476189613342285,166057
2019-10-28,6.476190090179443,6.476190090179443,6.361904144287109,6.466666221618652,25284
2019-10-29,6.476190090179443,6.476190090179443,6.3333330154418945,6.4476189613342285,87668
2019-10-30,6.380951881408691,6.4476189613342285,6.35237979888916,6.4476189613342285,68302
2019-10-31,6.3428568840026855,6.400000095367432,6.304760932922363,6.304760932922363,71873
2019-11-01,6.304760932922363,6.35237979888916,6.171428203582764,6.35237979888916,77874
2019-11-04,6.266665935516357,6.466666221618652,6.238094806671143,6.4476189613342285,70350
2019-11-05,6.3714280128479,6.457141876220703,6.247619152069092,6.314284801483154,107100
2019-11-06,6.295238018035889,6.3333330154418945,6.152379989624023,6.247619152069092,315000
2019-11-07,6.276189804077148,6.400000095367432,6.238094806671143,6.390476226806641,96600
2019-11-08,6.390476226806641,6.457141876220703,6.285714149475098,6.4476189613342285,83737
2019-11-11,6.4380950927734375,6.4380950927734375,6.2190470695495605,6.314284801483154,61950
2019-11-12,6.390476226806641,6.466666221618652,6.304760932922363,6.3428568840026855,133350
2019-11-13,6.390476226806641,6.4476189613342285,6.3333330154418945,6.4285712242126465,67200
2019-11-14,6.4476189613342285,6.457141876220703,6.285714149475098,6.3714280128479,76650
2019-11-15,6.3333330154418945,6.4380950927734375,6.3333330154418945,6.380951881408691,53599
2019-11-18,6.314284801483154,6.380951881408691,6.199999809265137,6.199999809265137,81900
2019-11-19,6.266665935516357,6.4476189613342285,6.190475940704346,6.419046878814697,172200
2019-11-20,6.400000095367432,6.476190090179443,6.400000095367432,6.476190090179443,3150
2019-11-21,6.400000095367432,6.476190090179443,6.400000095367432,6.476190090179443,3150
2019-11-22,6.35237979888916,6.400000095367432,6.247619152069092,6.257142066955566,116865
2019-11-25,6.35237979888916,6.35237979888916,6.238094806671143,6.3428568840026855,12600
2019-11-26,6.35237979888916,6.35237979888916,6.238094806671143,6.3428568840026855,12600
2019-11-27,6.285714149475098,6.4285712242126465,6.2095232009887695,6.4285712242126465,102900
2019-11-28,6.361904144287109,6.4285712242126465,6.247619152069092,6.361904144287109,71400
2019-11-29,6.361904144287109,6.419046878814697,6.285714149475098,6.419046878814697,38850
2019-12-02,6.314284801483154,6.380951881408691,6.304760932922363,6.380951881408691,45150
2019-12-03,6.35237979888916,6.457141876220703,6.35237979888916,6.457141876220703,37800
2019-12-04,6.35237979888916,6.457141876220703,6.35237979888916,6.457141876220703,37800
2019-12-05,6.380951881408691,6.52380895614624,6.380951881408691,6.457141876220703,59850
2019-12-06,6.476190090179443,6.495237827301025,6.361904144287109,6.495237827301025,52500
2019-12-09,6.361904144287109,6.52380895614624,6.361904144287109,6.52380895614624,59850
2019-12-10,6.361904144287109,6.52380895614624,6.361904144287109,6.52380895614624,59850
2019-12-11,6.409523010253906,6.514285087585449,6.3714280128479,6.514285087585449,37800
2019-12-12,6.485713958740234,6.561903953552246,6.35237979888916,6.52380895614624,87150
2019-12-13,6.390476226806641,6.485713958740234,6.3428568840026855,6.476190090179443,32707
2019-12-16,6.380951881408691,6.466666221618652,6.380951881408691,6.4476189613342285,66150
2019-12-17,6.4285712242126465,6.580952167510986,6.4285712242126465,6.5428571701049805,28350
2019-12-18,6.4285712242126465,6.580952167510986,6.4285712242126465,6.5428571701049805,28350
2019-12-19,6.485713958740234,6.619047164916992,6.476190090179443,6.561903953552246,65100
2019-12-20,6.561903953552246,6.657142162322998,6.476190090179443,6.657142162322998,126172
2019-12-23,6.619047164916992,6.733333110809326,6.504761219024658,6.714284896850586,109200
2019-12-24,6.666666030883789,6.714284896850586,6.52380895614624,6.714284896850586,85050
2019-12-25,6.657142162322998,6.714284896850586,6.52380895614624,6.714284896850586,73500
2019-12-26,6.657142162322998,6.704761028289795,6.533332824707031,6.561903953552246,93450
2019-12-27,6.5428571701049805,6.657142162322998,6.52380895614624,6.628571033477783,114013
2019-12-30,6.580952167510986,6.628571033477783,6.52380895614624,6.628571033477783,24150
2019-12-31,6.533332824707031,6.628571033477783,6.4476189613342285,6.571427822113037,82110
2020-01-02,6.476190090179443,6.647618770599365,6.4476189613342285,6.599999904632568,139650
2020-01-03,6.495237827301025,6.647618770599365,6.4380950927734375,6.552380084991455,100747
2020-01-06,6.52380895614624,6.52380895614624,6.390476226806641,6.466666221618652,45150
2020-01-07,6.466666221618652,6.504761219024658,6.3714280128479,6.3714280128479,13650
2020-01-08,6.380951881408691,6.4476189613342285,6.285714149475098,6.3238091468811035,92400
2020-01-09,6.380951881408691,6.380951881408691,6.285714149475098,6.3333330154418945,33600
2020-01-10,6.3333330154418945,6.476190090179443,6.257142066955566,6.400000095367432,58800
2020-01-13,6.314284801483154,6.409523010253906,6.285714149475098,6.3714280128479,51450
2020-01-14,6.361904144287109,6.409523010253906,6.285714149475098,6.295238018035889,57750
2020-01-15,6.285714149475098,6.4476189613342285,6.266665935516357,6.3714280128479,78750
2020-01-16,6.3714280128479,6.409523010253906,6.266665935516357,6.3714280128479,68250
2020-01-17,6.380951881408691,6.4476189613342285,6.266665935516357,6.390476226806641,92293
2020-01-20,6.295238018035889,6.3714280128479,6.285714149475098,6.3714280128479,25405
2020-01-30,5.790475845336914,6.228570938110352,5.790475845336914,5.857141971588135,80850
2020-01-31,5.790475845336914,6.228570938110352,5.790475845336914,5.857141971588135,81574
2020-02-03,5.619047164916992,5.704761028289795,5.495237827301025,5.666666030883789,100800
2020-02-04,5.599999904632568,5.714284896850586,5.5428571701049805,5.69523811340332,72450
2020-02-05,5.780951976776123,5.904760837554932,5.780951976776123,5.857141971588135,10500
2020-02-06,5.780951976776123,5.904760837554932,5.780951976776123,5.857141971588135,10500
2020-02-07,5.857141971588135,5.914285182952881,5.733333110809326,5.876190185546875,11592
2020-02-10,5.809523105621338,5.876190185546875,5.714284896850586,5.82857084274292,37800
2020-02-11,5.742856979370117,6.066666126251221,5.742856979370117,5.895237922668457,43050
2020-02-12,5.876190185546875,5.990476131439209,5.876190185546875,5.904760837554932,10500
2020-02-13,5.952380180358887,6.019046783447266,5.790475845336914,5.971427917480469,87150
2020-02-14,5.82857084274292,6.009522914886475,5.809523105621338,5.98095178604126,89250
2020-02-17,5.885714054107666,6.019046783447266,5.838095188140869,5.961904048919678,26250
2020-02-18,5.84761905670166,6.009522914886475,5.809523105621338,6.0,149100
2020-02-19,5.838095188140869,5.990476131439209,5.82857084274292,5.990476131439209,186900
2020-02-20,5.904760837554932,6.0,5.84761905670166,6.0,134400
2020-02-21,5.866665840148926,5.961904048919678,5.84761905670166,5.942856788635254,103740
2020-02-24,5.790475845336914,5.904760837554932,5.790475845336914,5.904760837554932,39900
2020-02-25,5.885714054107666,5.885714054107666,5.742856979370117,5.857141971588135,36750
2020-02-26,5.857141971588135,5.895237922668457,5.780951976776123,5.876190185546875,25200
2020-02-27,5.800000190734863,5.800000190734863,5.638094902038574,5.714284896850586,89250
2020-03-02,5.761903762817383,5.761903762817383,5.580952167510986,5.580952167510986,96600
2020-03-03,5.599999904632568,5.69523811340332,5.5428571701049805,5.67618989944458,74550
2020-03-04,5.571427822113037,5.571427822113037,5.476190090179443,5.533332824707031,163800
2020-03-05,5.504761219024658,5.609522819519043,5.476190090179443,5.495237827301025,81900
2020-03-06,5.495237827301025,5.52380895614624,5.419046878814697,5.495237827301025,57750
2020-03-09,5.495237827301025,5.495237827301025,5.495237827301025,5.495237827301025,0
2020-03-10,5.123808860778809,5.238094806671143,5.114284992218018,5.114284992218018,56700
2020-03-11,5.1619038581848145,5.314284801483154,5.076189994812012,5.238094806671143,77700
2020-03-12,5.0571417808532715,5.0571417808532715,4.761903762817383,4.914285182952881,133350
2020-03-13,4.914285182952881,4.914285182952881,4.914285182952881,4.914285182952881,0
2020-03-16,4.561903953552246,4.657142162322998,4.038094997406006,4.3714280128479,47250
2020-03-17,4.076189994812012,4.190475940704346,3.942857027053833,3.980952024459839,164850
2020-03-18,4.257142066955566,4.257142066955566,3.9523799419403076,4.028571128845215,42000
2020-03-19,3.933332920074463,3.933332920074463,3.628571033477783,3.666666030883789,124950
2020-03-20,3.619046926498413,4.0,3.619046926498413,3.99047589302063,86100
2020-03-23,3.895237922668457,4.076189994812012,3.68571400642395,3.9523799419403076,27300
2020-03-24,3.9523799419403076,3.980952024459839,3.8571419715881348,3.980952024459839,69300
2020-03-25,4.009522914886475,4.190475940704346,3.9523799419403076,4.095238208770752,35700
2020-03-26,4.314284801483154,4.314284801483154,4.009522914886475,4.257142066955566,46200
2020-03-27,4.4285712242126465,4.4285712242126465,4.171428203582764,4.285714149475098,37800
2020-03-30,4.276189804077148,4.285714149475098,4.0571417808532715,4.276189804077148,32550
2020-03-31,4.3238091468811035,4.3238091468811035,4.095238208770752,4.142857074737549,52500
2020-04-01,4.3714280128479,4.3714280128479,4.180952072143555,4.3333330154418945,79800
2020-04-06,4.3333330154418945,4.390476226806641,4.152379989624023,4.199999809265137,66150
2020-04-07,4.35237979888916,4.380951881408691,4.199999809265137,4.361904144287109,49350
2020-04-08,4.457141876220703,4.638094902038574,4.380951881408691,4.619047164916992,86100
2020-04-09,4.619047164916992,4.733333110809326,4.580952167510986,4.733333110809326,49350
2020-04-10,4.876190185546875,4.876190185546875,4.733333110809326,4.780951976776123,29400
2020-04-13,4.780951976776123,4.942856788635254,4.638094902038574,4.761903762817383,38850
2020-04-14,4.761903762817383,4.809523105621338,4.647618770599365,4.780951976776123,54600
2020-04-15,4.780951976776123,4.780951976776123,4.599999904632568,4.742856979370117,57750
2020-04-16,4.619047164916992,4.800000190734863,4.609522819519043,4.800000190734863,108150
2020-04-17,4.838095188140869,4.838095188140869,4.628571033477783,4.704761028289795,103950
2020-04-20,4.619047164916992,4.742856979370117,4.609522819519043,4.714284896850586,35700
2020-04-21,4.742856979370117,4.742856979370117,4.580952167510986,4.580952167510986,29400
2020-04-22,4.52380895614624,4.990476131439209,4.466666221618652,4.990476131439209,129150
2020-04-23,4.761903762817383,4.942856788635254,4.761903762817383,4.904760837554932,14700
2020-04-24,4.923809051513672,4.923809051513672,4.790475845336914,4.885714054107666,23100
2020-04-27,4.914285182952881,5.190475940704346,4.800000190734863,5.190475940704346,141750
2020-04-28,5.0,5.1619038581848145,5.0,5.076189994812012,48300
2020-04-29,5.047618865966797,5.190475940704346,4.895237922668457,5.190475940704346,102900
2020-04-30,5.171428203582764,5.257142066955566,5.028571128845215,5.2095232009887695,101850
2020-05-04,5.190475940704346,5.276189804077148,5.047618865966797,5.2190470695495605,49350
2020-05-05,5.104761123657227,5.257142066955566,5.0571417808532715,5.2190470695495605,47250
2020-05-06,5.199999809265137,5.295238018035889,5.047618865966797,5.028571128845215,58800
2020-05-07,5.171428203582764,5.238094806671143,5.066666126251221,5.238094806671143,93450
2020-05-08,5.238094806671143,5.304760932922363,5.142857074737549,5.247619152069092,29400
2020-05-11,5.266665935516357,5.266665935516357,5.2095232009887695,5.266665935516357,4200
2020-05-12,5.3714280128479,5.400000095367432,5.238094806671143,5.314284801483154,18900
2020-05-13,5.35237979888916,5.35237979888916,5.1619038581848145,5.257142066955566,61950
2020-05-14,5.228570938110352,5.3238091468811035,5.085713863372803,5.276189804077148,117600
2020-05-15,5.171428203582764,5.35237979888916,5.1619038581848145,5.285714149475098,46200
2020-05-18,5.266665935516357,5.266665935516357,5.190475940704346,5.266665935516357,17850
2020-05-19,5.266665935516357,5.457141876220703,5.257142066955566,5.409523010253906,61950
2020-05-20,5.409523010253906,5.4476189613342285,5.409523010253906,5.409523010253906,4200
2020-05-21,5.457141876220703,5.466666221618652,5.3428568840026855,5.409523010253906,19950
2020-05-22,5.419046878814697,5.4285712242126465,5.276189804077148,5.400000095367432,24150
2020-05-25,5.400000095367432,5.457141876220703,5.400000095367432,5.4285712242126465,26250
2020-05-26,5.419046878814697,5.4476189613342285,5.304760932922363,5.361904144287109,27300
2020-05-27,5.400000095367432,5.400000095367432,5.247619152069092,5.361904144287109,69300
2020-05-28,5.390476226806641,5.599999904632568,5.35237979888916,5.457141876220703,68250
2020-05-29,5.52380895614624,5.52380895614624,5.361904144287109,5.485713958740234,25200
2020-06-01,5.35237979888916,5.485713958740234,5.3333330154418945,5.485713958740234,21000
2020-06-02,5.419046878814697,5.52380895614624,5.361904144287109,5.514285087585449,39900
2020-06-03,5.409523010253906,5.514285087585449,5.3428568840026855,5.495237827301025,115500
2020-06-04,5.476190090179443,5.5428571701049805,5.35237979888916,5.495237827301025,148050
2020-06-05,5.380951881408691,5.476190090179443,5.304760932922363,5.476190090179443,143850
2020-06-08,5.457141876220703,5.504761219024658,5.3714280128479,5.466666221618652,55650
2020-06-09,5.476190090179443,5.476190090179443,5.35237979888916,5.361904144287109,57750
2020-06-10,5.390476226806641,5.476190090179443,5.361904144287109,5.466666221618652,140700
2020-06-11,5.466666221618652,5.504761219024658,5.361904144287109,5.466666221618652,99750
2020-06-12,5.485713958740234,5.485713958740234,5.35237979888916,5.466666221618652,64050
2020-06-15,5.466666221618652,5.647618770599365,5.390476226806641,5.590476036071777,153300
2020-06-16,5.52380895614624,5.771428108215332,5.457141876220703,5.657142162322998,133350
2020-06-17,5.657142162322998,5.742856979370117,5.552380084991455,5.704761028289795,98700
2020-06-18,5.69523811340332,5.752379894256592,5.561903953552246,5.69523811340332,48300
2020-06-19,5.69523811340332,5.714284896850586,5.485713958740234,5.619047164916992,161700
2020-06-22,5.619047164916992,5.638094902038574,5.52380895614624,5.609522819519043,60900
2020-06-23,5.638094902038574,5.647618770599365,5.495237827301025,5.619047164916992,69300
2020-06-24,5.4476189613342285,5.714284896850586,5.4380950927734375,5.561903953552246,91350
2020-06-29,5.485713958740234,5.666666030883789,5.390476226806641,5.390476226806641,54600
2020-06-30,5.466666221618652,5.704761028289795,5.390476226806641,5.666666030883789,145950
2020-07-01,5.666666030883789,5.666666030883789,5.580952167510986,5.666666030883789,67200
2020-07-02,5.67618989944458,5.752379894256592,5.552380084991455,5.552380084991455,92400
2020-07-03,5.495237827301025,5.761903762817383,5.495237827301025,5.704761028289795,121800
2020-07-06,5.666666030883789,5.857141971588135,5.647618770599365,5.780951976776123,128100
2020-07-07,5.838095188140869,5.838095188140869,5.504761219024658,5.504761219024658,150150
2020-07-08,5.590476036071777,5.98095178604126,5.4285712242126465,5.923809051513672,465150
2020-07-09,5.876190185546875,6.1619038581848145,5.809523105621338,6.123808860778809,364350
2020-07-10,6.047618865966797,6.228570938110352,5.82857084274292,6.095238208770752,260400
2020-07-13,6.0,6.2190470695495605,5.952380180358887,5.952380180358887,94500
2020-07-14,6.066666126251221,6.190475940704346,5.933332920074463,6.028571128845215,84000
2020-07-15,6.066666126251221,6.066666126251221,5.904760837554932,5.904760837554932,80850
2020-07-16,5.98095178604126,6.076189994812012,5.857141971588135,6.038094997406006,114450
2020-07-17,5.990476131439209,6.095238208770752,5.914285182952881,6.019046783447266,71400
2020-07-20,5.961904048919678,6.142857074737549,5.942856788635254,6.019046783447266,65100
2020-07-21,6.133333206176758,6.133333206176758,5.961904048919678,6.028571128845215,60900
2020-07-22,5.971427917480469,6.095238208770752,5.961904048919678,6.038094997406006,95550
2020-07-23,6.047618865966797,6.0571417808532715,5.942856788635254,6.028571128845215,47250
2020-07-24,6.0571417808532715,6.142857074737549,5.895237922668457,6.0,152250
2020-07-27,6.038094997406006,6.133333206176758,5.923809051513672,6.0,59850
2020-07-28,6.0,6.0,5.685713768005371,5.857141971588135,99750
2020-07-29,5.82857084274292,6.095238208770752,5.714284896850586,6.009522914886475,82950
2020-07-30,6.047618865966797,6.085713863372803,5.857141971588135,6.0,55650
2020-07-31,6.038094997406006,6.085713863372803,5.857141971588135,6.028571128845215,34650
2020-08-03,6.066666126251221,6.066666126251221,5.809523105621338,5.809523105621338,39900
2020-08-04,5.838095188140869,6.0,5.809523105621338,5.904760837554932,94500
2020-08-05,5.819046974182129,5.933332920074463,5.819046974182129,5.885714054107666,24150
2020-08-06,5.885714054107666,5.952380180358887,5.809523105621338,5.923809051513672,67200
2020-08-07,5.952380180358887,5.952380180358887,5.809523105621338,5.904760837554932,101850
2020-08-10,5.904760837554932,5.98095178604126,5.857141971588135,5.904760837554932,67200
2020-08-11,5.904760837554932,5.942856788635254,5.904760837554932,5.904760837554932,30450
2020-08-12,5.990476131439209,5.990476131439209,5.809523105621338,5.923809051513672,34650
2020-08-13,5.923809051513672,6.066666126251221,5.857141971588135,5.990476131439209,110250
2020-08-14,6.066666126251221,6.066666126251221,5.942856788635254,6.028571128845215,14700
2020-08-17,5.952380180358887,6.0,5.82857084274292,5.990476131439209,170100
2020-08-18,5.98095178604126,5.98095178604126,5.857141971588135,5.866665840148926,157500
2020-08-19,5.923809051513672,5.952380180358887,5.838095188140869,5.857141971588135,122850
2020-08-20,5.895237922668457,5.895237922668457,5.780951976776123,5.866665840148926,40950
2020-08-21,5.819046974182129,5.895237922668457,5.809523105621338,5.885714054107666,29400
2020-08-24,5.885714054107666,5.885714054107666,5.819046974182129,5.82857084274292,35700
2020-08-25,5.857141971588135,6.0,5.82857084274292,5.895237922668457,39900
2020-08-26,5.904760837554932,6.0,5.838095188140869,5.990476131439209,162750
2020-08-27,5.98095178604126,5.990476131439209,5.876190185546875,5.876190185546875,101850
2020-08-28,5.933332920074463,5.990476131439209,5.857141971588135,5.98095178604126,147000
2020-08-31,6.0,6.0,5.904760837554932,5.990476131439209,88200
2020-09-01,5.990476131439209,6.133333206176758,5.952380180358887,6.0,61950
2020-09-02,6.0,6.0,5.904760837554932,5.990476131439209,34650
2020-09-03,6.076189994812012,6.095238208770752,5.971427917480469,6.095238208770752,191100
2020-09-04,5.98095178604126,6.171428203582764,5.714284896850586,6.171428203582764,279300
2020-09-07,6.0,6.123808860778809,6.0,6.095238208770752,166950
2020-09-08,6.142857074737549,6.142857074737549,5.990476131439209,6.142857074737549,118650
2020-09-09,6.095238208770752,6.095238208770752,6.0571417808532715,6.095238208770752,27300
2020-09-10,6.52380895614624,6.704761028289795,6.4285712242126465,6.704761028289795,649950
2020-09-11,7.123808860778809,7.3714280128479,6.923809051513672,7.3714280128479,1441650
2020-09-14,8.104761123657227,8.104761123657227,8.104761123657227,8.104761123657227,1103550
2020-09-15,8.90476131439209,8.90476131439209,8.114285469055176,8.666666030883789,3450300
2020-09-16,8.761903762817383,8.761903762817383,7.923809051513672,8.085714340209961,1480500
2020-09-17,8.095237731933594,8.885713577270508,8.0,8.885713577270508,2128350
2020-09-18,8.571428298950195,8.619047164916992,8.228570938110352,8.533332824707031,1652700
2020-09-21,8.476189613342285,8.476189613342285,7.838095188140869,7.923809051513672,901950
2020-09-22,7.84761905670166,7.84761905670166,7.380951881408691,7.52380895614624,623700
2020-09-23,7.5428571701049805,8.276189804077148,7.390476226806641,8.276189804077148,874650
2020-09-24,8.285714149475098,8.476189613342285,8.047618865966797,8.05714225769043,932400
2020-09-25,7.257142066955566,7.714284896850586,7.257142066955566,7.257142066955566,765450
2020-09-28,7.257142066955566,7.257142066955566,6.866665840148926,6.866665840148926,349650
2020-09-29,6.904760837554932,7.085713863372803,6.904760837554932,7.019046783447266,194250
2020-09-30,7.038094997406006,7.3333330154418945,7.038094997406006,7.285714149475098,133350
2020-10-05,7.409523010253906,7.419046878814697,7.076189994812012,7.104761123657227,208950
2020-10-06,7.257142066955566,7.361904144287109,7.2095232009887695,7.228570938110352,206850
2020-10-07,7.3333330154418945,7.3333330154418945,7.142857074737549,7.142857074737549,235200
2020-10-08,7.84761905670166,7.857141971588135,7.628571033477783,7.857141971588135,487200
2020-10-12,8.571428298950195,8.638094902038574,8.476189613342285,8.638094902038574,1088850
2020-10-13,8.895237922668457,8.90476131439209,8.571428298950195,8.571428298950195,1530900
2020-10-14,8.666666030883789,8.790475845336914,8.2380952835083,8.380951881408691,760200
2020-10-15,8.380951881408691,8.523809432983398,8.095237731933594,8.123808860778809,578550
2020-10-16,8.133333206176758,8.933333396911621,8.047618865966797,8.933333396911621,1438500
2020-10-19,9.523809432983398,9.80952262878418,9.523809432983398,9.80952262878418,1821750
2020-10-20,9.761903762817383,10.619047164916992,9.371427536010742,10.380951881408691,3861900
2020-10-21,10.2380952835083,10.2380952835083,9.523809432983398,9.80952262878418,1496250
2020-10-22,9.80952262878418,9.80952262878418,9.371427536010742,9.428570747375488,1229550
2020-10-23,9.428570747375488,9.428570747375488,9.161904335021973,9.285714149475098,768600
2020-10-26,9.05714225769043,10.047618865966797,9.05714225769043,9.80952262878418,2258550
2020-10-27,9.619047164916992,9.619047164916992,9.257142066955566,9.333333015441895,1454250
2020-10-28,9.342857360839844,9.466666221618652,8.96190357208252,9.05714225769043,1059450
2020-10-29,8.80952262878418,9.05714225769043,8.590476036071777,8.933333396911621,743400
2020-10-30,8.942856788635254,9.019046783447266,8.790475845336914,8.80952262878418,520800
2020-11-02,8.80952262878418,8.80952262878418,8.619047164916992,8.666666030883789,631050
2020-11-03,8.39047622680664,8.952380180358887,8.39047622680664,8.857142448425293,580650
2020-11-04,8.857142448425293,8.895237922668457,8.761903762817383,8.780952453613281,465150
2020-11-05,9.619047164916992,9.619047164916992,9.476189613342285,9.619047164916992,1730400
2020-11-06,10.571428298950195,10.571428298950195,10.2380952835083,10.571428298950195,7858200
2020-11-09,10.857142448425293,11.2380952835083,10.333333015441895,10.80952262878418,2922150
2020-11-10,10.714284896850586,10.714284896850586,9.80952262878418,9.90476131439209,1408050
2020-11-11,10.095237731933594,10.857142448425293,10.0,10.857142448425293,3255000
2020-11-12,10.857142448425293,11.666666030883789,10.476189613342285,10.666666030883789,2746800
2020-11-13,10.428570747375488,10.619047164916992,9.857142448425293,10.190476417541504,1283100
2020-11-16,10.047618865966797,10.285714149475098,9.80952262878418,9.857142448425293,843150
2020-11-17,9.857142448425293,10.285714149475098,9.714284896850586,10.095237731933594,661500
2020-11-18,10.476189613342285,10.476189613342285,9.857142448425293,9.90476131439209,660450
2020-11-19,9.90476131439209,10.095237731933594,9.80952262878418,10.0,521850
2020-11-20,10.14285659790039,10.14285659790039,9.857142448425293,9.952380180358887,347550
2020-11-23,9.952380180358887,10.90476131439209,9.80952262878418,10.90476131439209,1482600
2020-11-24,10.666666030883789,10.90476131439209,10.380951881408691,10.476189613342285,1775550
2020-11-25,10.476189613342285,10.714284896850586,10.476189613342285,10.523809432983398,697200
2020-11-26,10.666666030883789,10.714284896850586,10.523809432983398,10.523809432983398,502950
2020-11-27,10.666666030883789,10.714284896850586,10.523809432983398,10.666666030883789,489300
2020-11-30,10.666666030883789,10.952380180358887,10.571428298950195,10.571428298950195,488250
2020-12-01,10.523809432983398,10.80952262878418,10.476189613342285,10.523809432983398,613200
2020-12-02,10.571428298950195,10.761903762817383,10.476189613342285,10.666666030883789,478800
2020-12-03,10.761903762817383,10.80952262878418,10.476189613342285,10.761903762817383,710850
2020-12-04,10.761903762817383,11.80952262878418,10.761903762817383,11.80952262878418,2087400
2020-12-07,12.285714149475098,12.952380180358887,12.2380952835083,12.952380180358887,2780400
2020-12-08,13.333333015441895,13.333333015441895,12.0,12.285714149475098,2055900
2020-12-09,12.2380952835083,12.523809432983398,11.428570747375488,11.714284896850586,1478400
2020-12-10,11.428570747375488,12.047618865966797,11.333333015441895,11.333333015441895,1009050
2020-12-11,11.333333015441895,11.666666030883789,11.2380952835083,11.619047164916992,585900
2020-12-14,11.714284896850586,11.80952262878418,11.380951881408691,11.523809432983398,610050
2020-12-15,11.666666030883789,11.714284896850586,11.047618865966797,11.428570747375488,575400
2020-12-16,11.428570747375488,11.571428298950195,11.14285659790039,11.333333015441895,488250
2020-12-17,11.333333015441895,11.952380180358887,11.14285659790039,11.666666030883789,926100
2020-12-18,12.095237731933594,12.2380952835083,11.619047164916992,11.80952262878418,599550
2020-12-21,12.0,12.0,11.380951881408691,11.428570747375488,483000
2020-12-22,11.523809432983398,11.571428298950195,11.047618865966797,11.095237731933594,559650
2020-12-23,11.095237731933594,11.571428298950195,11.095237731933594,11.333333015441895,410550
2020-12-24,11.333333015441895,11.523809432983398,11.2380952835083,11.285714149475098,379050
2020-12-25,11.428570747375488,12.380951881408691,11.285714149475098,12.285714149475098,1025850
2020-12-28,12.333333015441895,12.333333015441895,11.857142448425293,12.095237731933594,961800
2020-12-29,12.095237731933594,12.2380952835083,11.714284896850586,11.80952262878418,693000
2020-12-30,11.857142448425293,12.285714149475098,11.761903762817383,12.095237731933594,669900
2020-12-31,12.333333015441895,12.857142448425293,11.90476131439209,12.857142448425293,1205400
2021-01-04,13.14285659790039,14.14285659790039,12.333333015441895,14.14285659790039,2314200
2021-01-05,14.14285659790039,15.428570747375488,14.0,14.571428298950195,3993150
2021-01-06,14.857142448425293,14.857142448425293,13.14285659790039,13.90476131439209,2539950
2021-01-07,13.90476131439209,14.095237731933594,13.333333015441895,13.380951881408691,980700
2021-01-08,12.857142448425293,13.14285659790039,12.190476417541504,12.619047164916992,1626450
2021-01-11,12.714284896850586,12.857142448425293,12.380951881408691,12.857142448425293,602700
2021-01-12,12.761903762817383,12.857142448425293,12.285714149475098,12.285714149475098,632100
2021-01-13,12.333333015441895,12.857142448425293,12.333333015441895,12.714284896850586,513450
2021-01-14,12.619047164916992,12.666666030883789,12.428570747375488,12.619047164916992,311850
2021-01-15,12.571428298950195,12.666666030883789,12.380951881408691,12.380951881408691,589050
2021-01-18,12.380951881408691,12.761903762817383,11.190476417541504,12.666666030883789,570150
2021-01-19,12.571428298950195,12.619047164916992,12.380951881408691,12.428570747375488,468300
2021-01-20,12.380951881408691,12.380951881408691,11.285714149475098,11.761903762817383,877800
2021-01-21,11.761903762817383,11.90476131439209,10.952380180358887,11.2380952835083,708750
2021-01-22,10.952380180358887,11.095237731933594,10.571428298950195,10.761903762817383,425250
2021-01-25,10.761903762817383,11.2380952835083,10.761903762817383,11.047618865966797,214200
2021-01-26,11.047618865966797,11.380951881408691,11.047618865966797,11.14285659790039,225750
2021-01-27,11.190476417541504,12.2380952835083,11.190476417541504,12.2380952835083,766500
2021-01-28,12.14285659790039,12.14285659790039,11.428570747375488,11.619047164916992,430500
2021-01-29,11.857142448425293,12.2380952835083,11.571428298950195,11.571428298950195,258300
2021-02-01,11.571428298950195,11.571428298950195,11.14285659790039,11.285714149475098,170100
2021-02-02,11.333333015441895,12.14285659790039,11.333333015441895,12.0,490350
2021-02-03,12.0,12.095237731933594,11.666666030883789,11.714284896850586,319200
2021-02-04,12.14285659790039,12.428570747375488,11.619047164916992,11.952380180358887,418950
2021-02-05,11.761903762817383,11.952380180358887,11.428570747375488,11.571428298950195,357000
2021-02-17,11.666666030883789,12.095237731933594,11.666666030883789,12.095237731933594,144900
2021-02-18,12.14285659790039,12.190476417541504,12.0,12.095237731933594,290850
2021-02-19,12.14285659790039,12.380951881408691,12.14285659790039,12.2380952835083,274050
2021-02-22,12.285714149475098,12.571428298950195,12.190476417541504,12.571428298950195,514500
2021-02-23,12.571428298950195,13.190476417541504,12.571428298950195,12.80952262878418,916650
2021-02-24,13.047618865966797,13.047618865966797,12.380951881408691,12.380951881408691,828450
2021-02-25,12.380951881408691,12.571428298950195,12.333333015441895,12.476189613342285,332850
2021-02-26,12.476189613342285,12.523809432983398,12.0,12.190476417541504,280350
2021-03-02,12.380951881408691,12.428570747375488,12.0,12.047618865966797,263550
2021-03-03,11.952380180358887,11.952380180358887,11.523809432983398,11.952380180358887,184800
2021-03-04,11.952380180358887,11.952380180358887,11.714284896850586,11.857142448425293,98700
2021-03-05,11.857142448425293,11.90476131439209,11.666666030883789,11.714284896850586,134400
2021-03-08,11.714284896850586,12.0,11.714284896850586,11.761903762817383,110250
2021-03-09,11.666666030883789,11.666666030883789,11.380951881408691,11.476189613342285,149100
2021-03-10,11.523809432983398,11.80952262878418,11.523809432983398,11.714284896850586,65100
2021-03-11,11.90476131439209,12.0,11.666666030883789,11.761903762817383,220500
2021-03-12,11.761903762817383,11.761903762817383,11.571428298950195,11.619047164916992,140700
2021-03-15,11.619047164916992,12.2380952835083,11.2380952835083,12.2380952835083,558600
2021-03-16,12.2380952835083,12.333333015441895,12.047618865966797,12.190476417541504,242550
2021-03-17,12.095237731933594,12.095237731933594,11.90476131439209,12.095237731933594,142800
2021-03-18,12.190476417541504,12.761903762817383,12.0,12.428570747375488,633150
2021-03-19,12.476189613342285,12.90476131439209,12.285714149475098,12.333333015441895,816900
2021-03-22,12.761903762817383,12.761903762817383,12.2380952835083,12.333333015441895,421050
2021-03-23,12.380951881408691,12.380951881408691,11.857142448425293,11.857142448425293,280350
2021-03-24,11.80952262878418,11.90476131439209,11.476189613342285,11.857142448425293,92400
2021-03-25,11.90476131439209,11.90476131439209,11.619047164916992,11.619047164916992,183750
2021-03-26,11.714284896850586,11.857142448425293,11.619047164916992,11.857142448425293,109200
2021-03-29,11.619047164916992,11.857142448425293,11.619047164916992,11.761903762817383,141750
2021-03-30,11.80952262878418,11.857142448425293,11.714284896850586,11.714284896850586,113400
2021-03-31,11.714284896850586,11.714284896850586,11.571428298950195,11.714284896850586,141750
2021-04-01,11.714284896850586,12.2380952835083,11.619047164916992,12.095237731933594,233100
2021-04-07,12.619047164916992,13.428570747375488,12.619047164916992,13.428570747375488,1202250
2021-04-08,14.761903762817383,14.761903762817383,14.761903762817383,14.761903762817383,964950
2021-04-09,16.238094329833984,16.238094329833984,14.761903762817383,16.238094329833984,6113100
2021-04-12,16.571428298950195,17.0,15.523809432983398,15.90476131439209,3323250
2021-04-13,16.619047164916992,16.619047164916992,15.2380952835083,15.285714149475098,1284150
2021-04-14,15.428570747375488,15.476189613342285,13.761903762817383,14.333333015441895,1234800
2021-04-15,14.380951881408691,15.095237731933594,13.90476131439209,15.095237731933594,637350
2021-04-16,15.285714149475098,15.285714149475098,14.80952262878418,15.047618865966797,516600
2021-04-19,15.047618865966797,15.047618865966797,14.333333015441895,14.619047164916992,559650
2021-04-20,14.476189613342285,14.952380180358887,14.333333015441895,14.714284896850586,421050
2021-04-21,14.857142448425293,15.0,14.428570747375488,14.761903762817383,510300
2021-04-22,14.80952262878418,15.095237731933594,14.333333015441895,14.428570747375488,804300
2021-04-23,14.428570747375488,14.571428298950195,14.095237731933594,14.428570747375488,423150
2021-04-26,14.523809432983398,15.095237731933594,14.523809432983398,15.095237731933594,549150
2021-04-27,16.28571319580078,16.333332061767578,15.428570747375488,15.428570747375488,1222200
2021-04-28,15.428570747375488,15.761903762817383,15.2380952835083,15.380951881408691,560700
2021-04-29,15.380951881408691,15.619047164916992,14.571428298950195,15.190476417541504,498750
2021-05-03,15.14285659790039,15.14285659790039,13.714284896850586,13.90476131439209,718200
2021-05-04,13.714284896850586,13.857142448425293,12.523809432983398,12.952380180358887,689850
2021-05-05,12.952380180358887,14.2380952835083,12.523809432983398,13.761903762817383,583800
2021-05-06,13.428570747375488,14.095237731933594,13.428570747375488,13.476189613342285,371700
2021-05-07,13.80952262878418,14.285714149475098,13.523809432983398,14.190476417541504,262500
2021-05-10,14.095237731933594,14.095237731933594,13.428570747375488,13.666666030883789,393750
2021-05-11,13.333333015441895,13.333333015441895,12.333333015441895,12.333333015441895,893550
2021-05-12,12.333333015441895,12.333333015441895,11.14285659790039,11.2380952835083,624750
2021-05-13,10.14285659790039,11.2380952835083,10.14285659790039,11.047618865966797,348600
2021-05-14,11.428570747375488,11.523809432983398,10.571428298950195,10.761903762817383,294000
2021-05-17,9.714284896850586,10.190476417541504,9.714284896850586,9.714284896850586,557550
2021-05-18,10.047618865966797,10.714284896850586,9.80952262878418,10.714284896850586,379050
2021-05-19,10.80952262878418,11.190476417541504,10.476189613342285,10.952380180358887,176400
2021-05-20,10.761903762817383,11.0,10.428570747375488,10.619047164916992,102900
2021-05-21,10.80952262878418,11.047618865966797,10.666666030883789,10.90476131439209,105000
2021-05-24,10.857142448425293,11.666666030883789,10.857142448425293,11.476189613342285,136500
2021-05-25,11.952380180358887,11.952380180358887,11.476189613342285,11.476189613342285,116550
2021-05-26,11.476189613342285,11.571428298950195,11.047618865966797,11.571428298950195,195300
2021-05-27,11.476189613342285,11.571428298950195,11.2380952835083,11.523809432983398,63000
2021-05-28,11.571428298950195,12.0,11.571428298950195,11.714284896850586,169050
2021-05-31,12.380951881408691,12.380951881408691,11.90476131439209,12.0,166950
2021-06-01,12.0,12.190476417541504,12.0,12.14285659790039,154350
2021-06-02,12.14285659790039,12.2380952835083,11.90476131439209,12.190476417541504,177450
2021-06-03,12.190476417541504,12.380951881408691,11.80952262878418,12.190476417541504,289800
2021-06-04,13.380951881408691,13.380951881408691,13.380951881408691,13.380951881408691,455700
2021-06-07,14.285714149475098,14.428570747375488,13.047618865966797,13.666666030883789,1202250
2021-06-08,13.666666030883789,13.666666030883789,13.047618865966797,13.2380952835083,447300
2021-06-09,13.2380952835083,13.619047164916992,13.047618865966797,13.2380952835083,203700
2021-06-10,13.285714149475098,13.428570747375488,12.952380180358887,13.0,212100
2021-06-11,13.0,13.80952262878418,13.0,13.285714149475098,560700
2021-06-15,13.476189613342285,13.571428298950195,13.0,13.2380952835083,289800
2021-06-16,13.428570747375488,13.428570747375488,12.761903762817383,12.857142448425293,384300
2021-06-17,12.80952262878418,13.666666030883789,12.333333015441895,13.190476417541504,711900
2021-06-18,13.047618865966797,13.428570747375488,12.857142448425293,13.190476417541504,282450
2021-06-21,12.90476131439209,13.380951881408691,12.90476131439209,13.095237731933594,282450
2021-06-22,13.190476417541504,13.2380952835083,13.0,13.14285659790039,203700
2021-06-23,13.190476417541504,13.571428298950195,13.14285659790039,13.333333015441895,444150
2021-06-24,13.476189613342285,13.714284896850586,13.333333015441895,13.428570747375488,420000
2021-06-25,13.476189613342285,13.666666030883789,13.333333015441895,13.428570747375488,412650
2021-06-28,13.428570747375488,13.571428298950195,13.333333015441895,13.476189613342285,236250
2021-06-29,13.380951881408691,13.380951881408691,13.047618865966797,13.190476417541504,328650
2021-06-30,13.285714149475098,13.476189613342285,13.0,13.095237731933594,466200
2021-07-01,13.047618865966797,13.2380952835083,12.857142448425293,12.952380180358887,688800
2021-07-02,12.952380180358887,13.428570747375488,12.90476131439209,13.333333015441895,269850
2021-07-05,13.285714149475098,14.666666030883789,13.14285659790039,14.666666030883789,1622250
2021-07-06,14.952380180358887,14.952380180358887,13.333333015441895,13.90476131439209,1353450
2021-07-07,13.523809432983398,13.80952262878418,12.857142448425293,13.333333015441895,1048950
2021-07-08,13.095237731933594,13.2380952835083,12.857142448425293,12.952380180358887,448350
2021-07-09,13.047618865966797,13.2380952835083,12.952380180358887,13.0,191100
2021-07-12,13.2380952835083,13.2380952835083,13.0,13.2380952835083,289800
2021-07-13,13.333333015441895,13.333333015441895,12.428570747375488,12.80952262878418,432600
2021-07-14,12.80952262878418,12.80952262878418,12.380951881408691,12.761903762817383,218400
2021-07-15,12.476189613342285,12.761903762817383,12.380951881408691,12.761903762817383,204750
2021-07-16,12.666666030883789,12.90476131439209,12.476189613342285,12.857142448425293,141750
2021-07-19,12.666666030883789,13.190476417541504,12.476189613342285,13.047618865966797,268800
2021-07-20,13.619047164916992,14.333333015441895,13.523809432983398,14.333333015441895,3035550
2021-07-21,14.285714149475098,14.90476131439209,13.80952262878418,13.90476131439209,2448600
2021-07-22,13.80952262878418,13.80952262878418,12.952380180358887,13.095237731933594,1020600
2021-07-23,13.047618865966797,13.2380952835083,12.952380180358887,13.047618865966797,509250
2021-07-26,13.285714149475098,13.285714149475098,12.90476131439209,13.047618865966797,253050
2021-07-27,13.047618865966797,13.095237731933594,12.761903762817383,12.857142448425293,408450
2021-07-28,12.666666030883789,12.761903762817383,12.333333015441895,12.571428298950195,407400
2021-07-29,12.666666030883789,12.90476131439209,12.571428298950195,12.90476131439209,139650
2021-07-30,12.90476131439209,13.0,12.761903762817383,12.857142448425293,226800
2021-08-02,12.90476131439209,13.0,12.619047164916992,12.714284896850586,179550
2021-08-03,12.714284896850586,12.952380180358887,12.571428298950195,12.952380180358887,128100
2021-08-04,12.952380180358887,12.952380180358887,12.761903762817383,12.761903762817383,108150
2021-08-05,12.761903762817383,13.095237731933594,12.714284896850586,12.857142448425293,202650
2021-08-06,12.571428298950195,12.761903762817383,12.523809432983398,12.714284896850586,278250
2021-08-09,12.714284896850586,12.714284896850586,12.428570747375488,12.571428298950195,122850
2021-08-10,12.571428298950195,12.571428298950195,12.428570747375488,12.476189613342285,81900
2021-08-11,12.476189613342285,12.476189613342285,11.90476131439209,12.0,196350
2021-08-12,12.0,12.190476417541504,11.90476131439209,12.190476417541504,69300
2021-08-13,12.190476417541504,12.285714149475098,11.90476131439209,12.0,107100
2021-08-16,12.047618865966797,12.047618865966797,11.0,11.14285659790039,147000
2021-08-17,11.14285659790039,11.14285659790039,11.14285659790039,11.14285659790039,0
2021-08-18,11.285714149475098,11.428570747375488,10.714284896850586,11.428570747375488,110250
2021-08-19,11.190476417541504,11.190476417541504,10.952380180358887,10.952380180358887,74550
2021-08-20,10.857142448425293,10.952380180358887,10.761903762817383,10.952380180358887,80850
2021-08-23,11.047618865966797,11.14285659790039,10.857142448425293,10.952380180358887,127050
2021-08-24,11.0,11.0,10.857142448425293,10.90476131439209,93450
2021-08-25,11.047618865966797,11.2380952835083,11.047618865966797,11.14285659790039,43050
2021-08-26,11.0,11.190476417541504,11.0,11.14285659790039,43050
2021-08-27,11.0,11.2380952835083,11.0,11.095237731933594,44100
2021-08-30,11.285714149475098,11.285714149475098,11.095237731933594,11.095237731933594,34650
2021-08-31,11.047618865966797,11.14285659790039,10.952380180358887,11.095237731933594,59850
2021-09-01,11.047618865966797,11.2380952835083,11.0,11.047618865966797,49350
2021-09-02,11.095237731933594,11.095237731933594,11.0,11.0,70350
2021-09-03,11.095237731933594,11.2380952835083,11.0,11.190476417541504,51450
2021-09-06,11.190476417541504,11.190476417541504,10.714284896850586,10.714284896850586,84000
2021-09-07,10.761903762817383,10.952380180358887,10.761903762817383,10.90476131439209,36750
2021-09-08,10.90476131439209,11.0,10.666666030883789,10.666666030883789,79800
2021-09-09,10.761903762817383,10.952380180358887,10.666666030883789,10.714284896850586,33600
2021-09-10,10.714284896850586,10.857142448425293,10.714284896850586,10.714284896850586,50400
2021-09-13,10.80952262878418,10.90476131439209,10.761903762817383,10.80952262878418,37800
2021-09-14,10.857142448425293,10.952380180358887,10.857142448425293,10.857142448425293,15750
2021-09-15,10.90476131439209,10.90476131439209,10.714284896850586,10.714284896850586,51450
2021-09-16,10.714284896850586,10.90476131439209,10.666666030883789,10.666666030883789,16800
2021-09-17,10.90476131439209,10.90476131439209,10.666666030883789,10.857142448425293,175350
2021-09-22,10.80952262878418,10.80952262878418,10.476189613342285,10.571428298950195,53550
2021-09-23,10.666666030883789,11.14285659790039,10.666666030883789,11.095237731933594,112350
2021-09-24,11.2380952835083,11.523809432983398,11.095237731933594,11.2380952835083,203700
2021-09-27,11.190476417541504,11.333333015441895,11.14285659790039,11.333333015441895,50400
2021-09-28,11.2380952835083,11.2380952835083,10.761903762817383,11.2380952835083,78750
2021-09-29,11.047618865966797,11.190476417541504,10.857142448425293,11.190476417541504,101850
2021-09-30,11.047618865966797,11.2380952835083,10.952380180358887,11.2380952835083,39900
2021-10-01,11.2380952835083,11.2380952835083,10.761903762817383,10.761903762817383,44100
2021-10-04,10.761903762817383,10.90476131439209,10.476189613342285,10.90476131439209,86100
2021-10-05,10.90476131439209,11.095237731933594,10.571428298950195,11.095237731933594,94500
2021-10-06,11.14285659790039,11.14285659790039,10.666666030883789,11.095237731933594,40950
2021-10-07,11.047618865966797,11.190476417541504,10.90476131439209,11.14285659790039,40950
2021-10-08,11.0,11.095237731933594,10.90476131439209,11.095237731933594,56700
2021-10-12,10.90476131439209,10.90476131439209,10.380951881408691,10.380951881408691,97650
2021-10-13,10.380951881408691,10.380951881408691,9.80952262878418,9.952380180358887,109200
2021-10-14,10.0,10.14285659790039,9.619047164916992,9.952380180358887,69300
2021-10-15,10.047618865966797,10.14285659790039,9.761903762817383,10.0,61950
2021-10-18,9.952380180358887,9.952380180358887,9.761903762817383,9.80952262878418,34650
2021-10-19,9.80952262878418,9.952380180358887,9.80952262878418,9.952380180358887,45150
2021-10-20,9.857142448425293,10.0,9.80952262878418,9.80952262878418,31500
2021-10-21,9.857142448425293,9.90476131439209,9.761903762817383,9.90476131439209,53550
2021-10-22,10.095237731933594,10.095237731933594,9.80952262878418,9.80952262878418,34650
2021-10-25,10.0,10.0,9.80952262878418,9.90476131439209,37800
2021-10-26,10.0,10.095237731933594,9.90476131439209,9.952380180358887,66150
2021-10-27,10.0,10.190476417541504,9.952380180358887,10.190476417541504,70350
2021-10-28,10.190476417541504,10.190476417541504,10.047618865966797,10.047618865966797,55650
2021-10-29,10.14285659790039,10.190476417541504,10.0,10.095237731933594,50400
2021-11-01,10.047618865966797,10.095237731933594,9.80952262878418,10.095237731933594,110250
2021-11-02,10.095237731933594,10.095237731933594,9.952380180358887,10.0,53550
2021-11-03,9.952380180358887,10.095237731933594,9.952380180358887,10.047618865966797,30450
2021-11-04,10.047618865966797,10.095237731933594,10.0,10.095237731933594,63000
2021-11-05,10.380951881408691,11.095237731933594,10.380951881408691,11.095237731933594,452550
2021-11-08,11.523809432983398,12.190476417541504,11.333333015441895,12.190476417541504,1240050
2021-11-09,12.095237731933594,12.095237731933594,11.619047164916992,11.666666030883789,454650
2021-11-10,11.666666030883789,12.761903762817383,11.571428298950195,12.571428298950195,617400
2021-11-11,12.571428298950195,12.571428298950195,11.90476131439209,12.047618865966797,321300
2021-11-12,12.14285659790039,12.333333015441895,11.90476131439209,12.333333015441895,236250
2021-11-15,12.190476417541504,12.190476417541504,11.90476131439209,11.90476131439209,224700
2021-11-16,11.90476131439209,12.190476417541504,11.857142448425293,11.952380180358887,165900
2021-11-17,11.90476131439209,11.952380180358887,11.857142448425293,11.857142448425293,99750
2021-11-18,11.714284896850586,11.90476131439209,11.571428298950195,11.761903762817383,184800
2021-11-19,11.666666030883789,11.714284896850586,11.666666030883789,11.666666030883789,118650
2021-11-22,11.619047164916992,12.095237731933594,11.619047164916992,11.952380180358887,138600
2021-11-23,11.952380180358887,12.095237731933594,11.952380180358887,11.952380180358887,92400
2021-11-24,11.80952262878418,11.952380180358887,11.666666030883789,11.761903762817383,44100
2021-11-25,12.0,12.190476417541504,12.0,12.14285659790039,178500
2021-11-26,12.14285659790039,12.2380952835083,12.0,12.095237731933594,222600
2021-11-29,12.2380952835083,12.2380952835083,10.90476131439209,11.666666030883789,218400
2021-11-30,11.666666030883789,11.952380180358887,11.666666030883789,11.714284896850586,100800
2021-12-01,11.714284896850586,12.619047164916992,11.714284896850586,12.0,232050
2021-12-02,11.952380180358887,12.190476417541504,11.90476131439209,12.0,97650
2021-12-03,12.0,12.190476417541504,12.0,12.190476417541504,90300
2021-12-06,12.190476417541504,12.523809432983398,12.190476417541504,12.380951881408691,258300
2021-12-07,12.857142448425293,13.619047164916992,12.857142448425293,13.619047164916992,1230600
2021-12-08,14.952380180358887,14.952380180358887,14.476189613342285,14.952380180358887,4507650
2021-12-09,14.666666030883789,15.2380952835083,14.14285659790039,14.523809432983398,2500050
2021-12-10,14.285714149475098,14.428570747375488,13.714284896850586,13.952380180358887,867300
2021-12-13,14.190476417541504,15.095237731933594,14.047618865966797,14.952380180358887,1641150
2021-12-14,14.666666030883789,14.666666030883789,13.619047164916992,13.761903762817383,890400
2021-12-15,13.476189613342285,13.80952262878418,13.428570747375488,13.523809432983398,504000
2021-12-16,13.666666030883789,13.714284896850586,13.047618865966797,13.190476417541504,677250
2021-12-17,13.047618865966797,13.761903762817383,12.952380180358887,13.476189613342285,502950
2021-12-20,13.428570747375488,13.761903762817383,13.333333015441895,13.523809432983398,279300
2021-12-21,13.619047164916992,14.0,13.476189613342285,13.666666030883789,260400
2021-12-22,13.714284896850586,13.761903762817383,13.428570747375488,13.523809432983398,205800
2021-12-23,13.523809432983398,13.714284896850586,13.333333015441895,13.476189613342285,144900
2021-12-24,13.476189613342285,13.80952262878418,13.380951881408691,13.619047164916992,334950
2021-12-27,13.714284896850586,13.90476131439209,13.476189613342285,13.666666030883789,244650
2021-12-28,13.666666030883789,13.80952262878418,13.619047164916992,13.80952262878418,303450
2021-12-29,13.857142448425293,14.476189613342285,13.80952262878418,14.285714149475098,674100
2021-12-30,14.285714149475098,14.476189613342285,14.095237731933594,14.190476417541504,494550
2022-01-03,14.285714149475098,14.428570747375488,14.095237731933594,14.2380952835083,337050
2022-01-04,14.285714149475098,14.428570747375488,14.2380952835083,14.285714149475098,263550
2022-01-05,14.333333015441895,14.333333015441895,13.333333015441895,13.714284896850586,539700
2022-01-06,13.571428298950195,13.666666030883789,13.285714149475098,13.523809432983398,271950
2022-01-07,13.523809432983398,13.80952262878418,13.190476417541504,13.2380952835083,243600
2022-01-10,13.571428298950195,13.90476131439209,13.428570747375488,13.523809432983398,229950
2022-01-11,13.476189613342285,13.571428298950195,13.14285659790039,13.14285659790039,249900
2022-01-12,13.14285659790039,13.190476417541504,12.90476131439209,12.952380180358887,141750
2022-01-13,13.14285659790039,13.2380952835083,13.0,13.14285659790039,81900
2022-01-14,13.047618865966797,13.333333015441895,12.714284896850586,13.333333015441895,166950
2022-01-17,13.333333015441895,14.095237731933594,13.333333015441895,13.857142448425293,224700
2022-01-18,13.90476131439209,14.047618865966797,13.571428298950195,13.857142448425293,163800
2022-01-19,13.714284896850586,14.0,13.619047164916992,13.857142448425293,100800
2022-01-20,13.857142448425293,13.90476131439209,13.571428298950195,13.666666030883789,73500
2022-01-21,13.523809432983398,13.523809432983398,12.761903762817383,12.761903762817383,222600
2022-01-24,12.761903762817383,12.761903762817383,12.333333015441895,12.523809432983398,144900
2022-01-25,12.476189613342285,12.476189613342285,12.14285659790039,12.285714149475098,109200
2022-01-26,12.285714149475098,12.476189613342285,12.14285659790039,12.285714149475098,76650
2022-02-07,12.333333015441895,12.761903762817383,12.333333015441895,12.761903762817383,74550
2022-02-08,12.523809432983398,13.428570747375488,12.523809432983398,13.428570747375488,142800
2022-02-09,13.2380952835083,13.761903762817383,13.2380952835083,13.428570747375488,166950
2022-02-10,13.333333015441895,13.380951881408691,12.952380180358887,13.0,111300
2022-02-11,12.857142448425293,12.952380180358887,12.761903762817383,12.857142448425293,44100
2022-02-14,12.857142448425293,12.857142448425293,12.666666030883789,12.666666030883789,45150
2022-02-15,12.761903762817383,12.90476131439209,12.571428298950195,12.90476131439209,53550
2022-02-16,13.0,13.14285659790039,12.714284896850586,13.14285659790039,100800
2022-02-17,13.047618865966797,13.190476417541504,12.80952262878418,13.190476417541504,112350
2022-02-18,13.095237731933594,13.285714149475098,12.80952262878418,13.2380952835083,97650
2022-02-21,13.2380952835083,13.666666030883789,12.90476131439209,13.619047164916992,158550
2022-02-22,13.619047164916992,13.619047164916992,13.047618865966797,13.285714149475098,78750
2022-02-23,13.285714149475098,13.571428298950195,13.190476417541504,13.523809432983398,95550
2022-02-24,13.190476417541504,13.190476417541504,12.666666030883789,12.857142448425293,187950
2022-02-25,12.857142448425293,13.095237731933594,12.80952262878418,12.952380180358887,57750
2022-03-01,12.857142448425293,13.2380952835083,12.857142448425293,13.14285659790039,78750
2022-03-02,13.095237731933594,13.095237731933594,12.952380180358887,13.095237731933594,42000
2022-03-03,13.14285659790039,13.14285659790039,13.0,13.095237731933594,46200
2022-03-04,12.857142448425293,12.952380180358887,12.714284896850586,12.761903762817383,29400
2022-03-07,12.761903762817383,12.761903762817383,12.14285659790039,12.333333015441895,148050
2022-03-08,11.90476131439209,12.285714149475098,11.90476131439209,12.0,53550
2022-03-09,12.190476417541504,12.380951881408691,12.190476417541504,12.2380952835083,45150
2022-03-10,12.428570747375488,12.952380180358887,12.428570747375488,12.80952262878418,58800
2022-03-11,12.666666030883789,12.666666030883789,12.380951881408691,12.571428298950195,25200
2022-03-14,12.666666030883789,12.666666030883789,12.2380952835083,12.428570747375488,40950
2022-03-15,12.428570747375488,12.571428298950195,12.428570747375488,12.523809432983398,56700
2022-03-16,12.619047164916992,12.619047164916992,12.476189613342285,12.476189613342285,39900
2022-03-17,12.666666030883789,12.761903762817383,12.523809432983398,12.761903762817383,63000
2022-03-18,12.761903762817383,12.761903762817383,12.571428298950195,12.761903762817383,21000
2022-03-21,12.761903762817383,12.952380180358887,12.666666030883789,12.90476131439209,49350
2022-03-22,12.666666030883789,12.90476131439209,12.666666030883789,12.714284896850586,39900
2022-03-23,13.047618865966797,13.047618865966797,12.714284896850586,12.857142448425293,79800
2022-03-24,12.761903762817383,12.90476131439209,12.476189613342285,12.857142448425293,89250
2022-03-25,12.90476131439209,13.0,12.761903762817383,12.761903762817383,58800
2022-03-28,12.714284896850586,12.714284896850586,12.619047164916992,12.714284896850586,21000
2022-03-29,12.714284896850586,12.952380180358887,12.666666030883789,12.666666030883789,65100
2022-03-30,12.666666030883789,12.714284896850586,12.619047164916992,12.714284896850586,111300
2022-03-31,12.619047164916992,12.80952262878418,12.571428298950195,12.571428298950195,42000
2022-04-01,12.571428298950195,12.619047164916992,12.476189613342285,12.523809432983398,24150
2022-04-06,12.476189613342285,12.476189613342285,11.80952262878418,12.476189613342285,106050
2022-04-07,12.380951881408691,12.380951881408691,12.190476417541504,12.190476417541504,29400
2022-04-08,12.285714149475098,12.714284896850586,12.047618865966797,12.666666030883789,63000
2022-04-11,12.714284896850586,12.714284896850586,12.2380952835083,12.333333015441895,76650
2022-04-12,12.428570747375488,12.428570747375488,12.2380952835083,12.2380952835083,63000
2022-04-13,12.285714149475098,12.380951881408691,12.14285659790039,12.14285659790039,52500
2022-04-14,12.14285659790039,12.285714149475098,11.952380180358887,12.0,115500
2022-04-15,12.0,12.0,11.476189613342285,11.476189613342285,210000
2022-04-18,11.2380952835083,11.333333015441895,11.095237731933594,11.2380952835083,96600
2022-04-19,11.380951881408691,11.523809432983398,11.190476417541504,11.190476417541504,135450
2022-04-20,11.428570747375488,11.952380180358887,11.333333015441895,11.380951881408691,158550
2022-04-21,11.380951881408691,12.476189613342285,11.380951881408691,12.476189613342285,803250
2022-04-22,13.666666030883789,13.666666030883789,12.80952262878418,12.80952262878418,1312500
2022-04-25,12.333333015441895,12.380951881408691,11.666666030883789,11.761903762817383,333900
2022-04-26,11.857142448425293,12.047618865966797,11.333333015441895,11.476189613342285,216300
2022-04-27,11.2380952835083,11.523809432983398,10.952380180358887,11.523809432983398,216300
2022-04-28,11.523809432983398,12.095237731933594,11.523809432983398,11.761903762817383,88200
2022-04-29,12.190476417541504,12.190476417541504,11.761903762817383,11.952380180358887,69300
2022-05-03,11.857142448425293,11.857142448425293,11.666666030883789,11.80952262878418,39900
2022-05-04,11.80952262878418,12.380951881408691,11.80952262878418,12.190476417541504,140700
2022-05-05,12.2380952835083,12.476189613342285,12.190476417541504,12.380951881408691,80850
2022-05-06,13.523809432983398,13.619047164916992,13.095237731933594,13.619047164916992,2797200
2022-05-09,14.333333015441895,14.952380180358887,14.333333015441895,14.952380180358887,5818050
2022-05-10,15.14285659790039,16.428571701049805,15.0,16.428571701049805,11458650
2022-05-11,17.571428298950195,18.047618865966797,17.238094329833984,18.047618865966797,3951150
2022-05-12,18.4761905670166,19.333332061767578,17.380952835083008,17.380952835083008,34954500
2022-05-13,17.380952835083008,18.80952262878418,16.5238094329834,18.761903762817383,4891950
2022-05-16,18.857141494750977,19.619047164916992,18.095237731933594,18.761903762817383,3250800
2022-05-17,19.14285659790039,19.333332061767578,18.333332061767578,19.238094329833984,3034500
2022-05-18,19.5238094329834,19.95237922668457,18.857141494750977,19.28571319580078,2971500
2022-05-19,18.571428298950195,19.66666603088379,18.571428298950195,19.66666603088379,2974650
2022-05-20,20.095237731933594,21.619047164916992,20.095237731933594,21.619047164916992,3425100
2022-05-23,22.761903762817383,23.761903762817383,21.619047164916992,23.619047164916992,5770800
2022-05-24,24.095237731933594,24.095237731933594,21.28571319580078,22.190475463867188,5701500
2022-05-25,22.190475463867188,24.380952835083008,21.95237922668457,24.380952835083008,5293050
2022-05-26,24.761903762817383,26.095237731933594,23.80952262878418,24.571428298950195,5376000
2022-05-27,26.095237731933594,27.0,25.714284896850586,27.0,3413550
2022-05-30,29.5238094329834,29.66666603088379,25.761903762817383,25.904760360717773,30072000
2022-05-31,25.238094329833984,26.4761905670166,24.571428298950195,24.904760360717773,10765650
2022-06-01,25.333332061767578,25.95237922668457,24.28571319580078,24.66666603088379,9255750
2022-06-02,24.333332061767578,25.714284896850586,23.333332061767578,24.95237922668457,12541200
2022-06-06,24.5238094329834,25.571428298950195,23.0,23.238094329833984,7927500
2022-06-07,22.857141494750977,24.238094329833984,22.857141494750977,23.333332061767578,4541250
2022-06-08,23.047618865966797,23.4761905670166,22.904760360717773,23.190475463867188,2332050
2022-06-09,22.5238094329834,23.4761905670166,21.619047164916992,22.380952835083008,7275450
2022-06-10,22.571428298950195,24.619047164916992,22.190475463867188,24.619047164916992,6080550
2022-06-13,24.904760360717773,26.95237922668457,24.047618865966797,25.333332061767578,30347100
2022-06-14,24.95237922668457,25.28571319580078,23.047618865966797,23.095237731933594,7185150
2022-06-15,22.714284896850586,24.238094329833984,22.714284896850586,23.047618865966797,6084750
2022-06-16,23.095237731933594,24.095237731933594,21.95237922668457,22.857141494750977,5427450
2022-06-17,22.0,23.571428298950195,21.95237922668457,22.047618865966797,4975950
2022-06-20,21.66666603088379,22.14285659790039,19.857141494750977,19.857141494750977,4916100
2022-06-21,19.904760360717773,20.857141494750977,19.66666603088379,20.428571701049805,3468150
2022-06-22,20.190475463867188,20.857141494750977,18.4761905670166,18.4761905670166,4547550
2022-06-23,18.761903762817383,20.28571319580078,18.66666603088379,18.857141494750977,7883400
2022-06-24,18.95237922668457,19.380952835083008,18.5238094329834,18.857141494750977,3692850
2022-06-27,19.28571319580078,20.28571319580078,19.190475463867188,19.619047164916992,2854950
2022-06-28,19.80952262878418,19.857141494750977,18.95237922668457,18.95237922668457,2283750
2022-06-29,18.857141494750977,20.714284896850586,18.66666603088379,19.95237922668457,4583250
2022-06-30,19.95237922668457,20.28571319580078,19.047618865966797,19.238094329833984,2186100
2022-07-01,19.5238094329834,20.4761905670166,19.047618865966797,19.047618865966797,3176250
2022-07-04,19.190475463867188,19.4761905670166,17.428571701049805,17.619047164916992,2890650
2022-07-05,17.66666603088379,18.5238094329834,17.095237731933594,17.619047164916992,3710700
2022-07-06,17.80952262878418,17.904760360717773,16.66666603088379,16.66666603088379,1467900
2022-07-07,17.14285659790039,17.714284896850586,16.4761905670166,17.66666603088379,2137800
2022-07-08,18.190475463867188,18.571428298950195,17.80952262878418,17.95237922668457,1661100
2022-07-11,18.380952835083008,18.714284896850586,17.761903762817383,18.5238094329834,1088850
2022-07-12,18.5238094329834,18.619047164916992,17.14285659790039,17.333332061767578,1224300
2022-07-13,18.0,19.047618865966797,17.761903762817383,19.047618865966797,2018100
2022-07-14,18.66666603088379,20.66666603088379,18.095237731933594,20.0,11162550
2022-07-15,19.80952262878418,21.333332061767578,19.761903762817383,20.428571701049805,10900050
2022-07-18,19.95237922668457,20.619047164916992,19.904760360717773,20.571428298950195,3000900
2022-07-19,20.571428298950195,20.571428298950195,20.14285659790039,20.333332061767578,1276800
2022-07-20,20.761903762817383,20.95237922668457,19.619047164916992,19.619047164916992,4828950
2022-07-21,19.714284896850586,20.047618865966797,19.619047164916992,19.95237922668457,1500450
2022-07-22,20.238094329833984,20.28571319580078,19.428571701049805,19.66666603088379,1178100
2022-07-25,19.5238094329834,20.047618865966797,19.5238094329834,19.904760360717773,1039500
2022-07-26,19.571428298950195,20.0,19.238094329833984,19.428571701049805,1033200
2022-07-27,19.238094329833984,21.333332061767578,19.238094329833984,21.333332061767578,6220200
2022-07-28,21.80952262878418,22.380952835083008,20.4761905670166,20.5238094329834,8843100
2022-07-29,20.714284896850586,22.571428298950195,20.619047164916992,22.571428298950195,8184750
2022-08-01,23.428571701049805,24.80952262878418,22.95237922668457,23.95237922668457,22477350
2022-08-02,22.857141494750977,23.714284896850586,22.28571319580078,23.380952835083008,7290150
2022-08-03,23.047618865966797,24.4761905670166,22.380952835083008,22.380952835083008,7849800
2022-08-04,21.904760360717773,22.66666603088379,20.428571701049805,21.619047164916992,6697950
2022-08-05,21.14285659790039,23.14285659790039,21.14285659790039,22.571428298950195,5217450
2022-08-08,22.190475463867188,23.14285659790039,22.047618865966797,22.904760360717773,3683400
2022-08-09,22.904760360717773,23.95237922668457,22.761903762817383,22.761903762817383,5946150
2022-08-10,22.857141494750977,25.0,22.428571701049805,25.0,12110700
2022-08-11,25.714284896850586,26.28571319580078,23.904760360717773,24.761903762817383,23499000
2022-08-12,24.66666603088379,24.80952262878418,24.047618865966797,24.14285659790039,4569600
2022-08-15,24.14285659790039,24.66666603088379,23.904760360717773,23.904760360717773,5079900
2022-08-16,23.80952262878418,24.428571701049805,23.428571701049805,23.619047164916992,2591400
2022-08-17,23.714284896850586,25.4761905670166,23.714284896850586,24.619047164916992,9437400
2022-08-18,24.28571319580078,25.714284896850586,24.238094329833984,25.0,9881550
2022-08-19,25.0,25.619047164916992,24.5238094329834,24.571428298950195,7074900
2022-08-22,24.380952835083008,25.190475463867188,23.80952262878418,24.4761905670166,6648600
2022-08-23,24.619047164916992,25.0,23.80952262878418,23.80952262878418,2776200
2022-08-24,24.0,24.761903762817383,23.95237922668457,24.0,4696650
2022-08-25,24.190475463867188,25.904760360717773,24.0,25.28571319580078,6414450
2022-08-26,25.714284896850586,27.14285659790039,24.761903762817383,24.95237922668457,12120150
2022-08-29,24.0,24.28571319580078,23.380952835083008,23.66666603088379,2657550
2022-08-30,24.095237731933594,24.66666603088379,23.904760360717773,24.190475463867188,1771350
2022-08-31,24.0,24.571428298950195,24.0,24.14285659790039,1340850
2022-09-01,24.095237731933594,25.238094329833984,23.428571701049805,24.5238094329834,20694450
2022-09-02,24.4761905670166,24.66666603088379,23.904760360717773,24.14285659790039,2594550
2022-09-05,24.095237731933594,24.333332061767578,21.761903762817383,21.761903762817383,4041450
2022-09-06,22.0,22.190475463867188,20.714284896850586,20.714284896850586,2979900
2022-09-07,20.714284896850586,21.095237731933594,20.28571319580078,20.857141494750977,1318800
2022-09-08,21.14285659790039,21.66666603088379,20.66666603088379,20.95237922668457,1503600
2022-09-12,20.095237731933594,20.5238094329834,19.66666603088379,20.190475463867188,3333750
2022-09-13,20.571428298950195,20.714284896850586,20.238094329833984,20.4761905670166,1351350
2022-09-14,19.904760360717773,20.4761905670166,19.857141494750977,20.28571319580078,631050
2022-09-15,20.333332061767578,21.380952835083008,20.190475463867188,20.714284896850586,2239650
2022-09-16,20.571428298950195,20.714284896850586,20.0,20.047618865966797,705600
2022-09-19,20.047618865966797,20.761903762817383,19.571428298950195,19.80952262878418,5342400
2022-09-20,19.80952262878418,20.095237731933594,19.428571701049805,19.428571701049805,1149750
2022-09-21,19.380952835083008,19.428571701049805,18.619047164916992,19.047618865966797,1286250
2022-09-22,18.95237922668457,19.857141494750977,18.333332061767578,19.14285659790039,910350
2022-09-23,19.333332061767578,19.380952835083008,18.14285659790039,18.14285659790039,1382850
2022-09-26,18.0,18.0,17.047618865966797,17.14285659790039,1088850
2022-09-27,17.28571319580078,17.761903762817383,17.047618865966797,17.380952835083008,932400
2022-09-28,17.66666603088379,17.66666603088379,16.28571319580078,16.28571319580078,943950
2022-09-29,16.619047164916992,17.238094329833984,16.619047164916992,16.857141494750977,778050
2022-09-30,16.380952835083008,17.333332061767578,16.14285659790039,17.238094329833984,642600
2022-10-03,17.14285659790039,17.238094329833984,16.761903762817383,16.95237922668457,308700
2022-10-04,17.4761905670166,17.66666603088379,17.14285659790039,17.4761905670166,473550
2022-10-05,18.095237731933594,18.095237731933594,16.761903762817383,16.761903762817383,799050
2022-10-06,17.047618865966797,17.28571319580078,16.80952262878418,16.857141494750977,444150
2022-10-07,16.857141494750977,16.95237922668457,16.428571701049805,16.5238094329834,347550
2022-10-11,15.90476131439209,16.0,15.476189613342285,15.523809432983398,597450
2022-10-12,15.380951881408691,15.90476131439209,15.190476417541504,15.476189613342285,487200
2022-10-13,15.619047164916992,15.666666030883789,14.285714149475098,14.285714149475098,870450
2022-10-14,14.761903762817383,15.428570747375488,14.761903762817383,15.14285659790039,468300
2022-10-17,14.857142448425293,15.047618865966797,14.190476417541504,15.047618865966797,595350
2022-10-18,15.285714149475098,15.619047164916992,14.90476131439209,15.047618865966797,338100
2022-10-19,15.14285659790039,15.428570747375488,14.80952262878418,14.80952262878418,303450
2022-10-20,14.285714149475098,14.666666030883789,14.285714149475098,14.380951881408691,384300
2022-10-21,14.428570747375488,14.666666030883789,14.2380952835083,14.2380952835083,404250
2022-10-24,14.476189613342285,15.619047164916992,14.476189613342285,15.619047164916992,1164450
2022-10-25,15.619047164916992,15.90476131439209,14.761903762817383,14.761903762817383,2625000
2022-10-26,14.952380180358887,15.428570747375488,14.857142448425293,15.0,1298850
2022-10-27,15.285714149475098,15.380951881408691,15.047618865966797,15.14285659790039,830550
2022-10-28,15.190476417541504,15.190476417541504,14.571428298950195,14.619047164916992,556500
2022-10-31,14.90476131439209,16.047618865966797,14.90476131439209,16.047618865966797,2851800
2022-11-01,15.80952262878418,16.761903762817383,15.714284896850586,16.0,3511200
2022-11-02,16.28571319580078,16.66666603088379,16.095237731933594,16.190475463867188,1185450
2022-11-03,16.0,16.4761905670166,15.80952262878418,16.4761905670166,838950
2022-11-04,16.4761905670166,18.095237731933594,16.28571319580078,18.095237731933594,5609100
2022-11-07,18.571428298950195,18.80952262878418,18.095237731933594,18.14285659790039,3498600
2022-11-08,18.95237922668457,18.95237922668457,17.428571701049805,17.428571701049805,2017050
2022-11-09,17.428571701049805,17.761903762817383,17.190475463867188,17.380952835083008,1903650
2022-11-10,17.428571701049805,17.571428298950195,16.571428298950195,16.571428298950195,1219050
2022-11-11,17.238094329833984,17.428571701049805,16.619047164916992,16.619047164916992,795900
2022-11-14,16.80952262878418,17.714284896850586,16.761903762817383,17.619047164916992,2862300
2022-11-15,17.619047164916992,17.80952262878418,17.333332061767578,17.619047164916992,995400
2022-11-16,17.857141494750977,18.047618865966797,17.428571701049805,17.428571701049805,806400
2022-11-17,17.619047164916992,19.0,17.571428298950195,18.571428298950195,2946300
2022-11-18,18.857141494750977,19.761903762817383,18.761903762817383,19.238094329833984,3725400
2022-11-21,19.238094329833984,19.619047164916992,18.761903762817383,18.904760360717773,1827000
2022-11-22,18.761903762817383,19.428571701049805,18.714284896850586,19.047618865966797,1209600
2022-11-23,19.14285659790039,19.80952262878418,18.95237922668457,18.95237922668457,3037650
2022-11-24,19.047618865966797,19.14285659790039,18.28571319580078,18.28571319580078,1223250
2022-11-25,18.428571701049805,18.714284896850586,17.80952262878418,17.80952262878418,1310400
2022-11-28,17.714284896850586,18.238094329833984,17.333332061767578,18.14285659790039,736050
2022-11-29,18.14285659790039,18.4761905670166,17.857141494750977,18.333332061767578,633150
2022-11-30,18.238094329833984,18.80952262878418,18.238094329833984,18.238094329833984,750750
2022-12-01,18.428571701049805,18.95237922668457,18.380952835083008,18.857141494750977,1201200
2022-12-02,18.95237922668457,19.28571319580078,18.714284896850586,18.80952262878418,849450
2022-12-05,18.857141494750977,18.95237922668457,18.619047164916992,18.619047164916992,550200
2022-12-06,18.66666603088379,19.14285659790039,18.238094329833984,18.80952262878418,5971350
2022-12-07,18.66666603088379,18.66666603088379,17.761903762817383,17.80952262878418,1640100
2022-12-08,17.80952262878418,17.904760360717773,17.5238094329834,17.5238094329834,539700
2022-12-09,17.714284896850586,17.761903762817383,17.333332061767578,17.333332061767578,516600
2022-12-12,17.333332061767578,17.333332061767578,16.80952262878418,17.047618865966797,425250
2022-12-13,17.238094329833984,17.28571319580078,16.761903762817383,16.761903762817383,434700
2022-12-14,16.904760360717773,17.0,16.66666603088379,16.904760360717773,336000
2022-12-15,17.047618865966797,17.5238094329834,17.047618865966797,17.428571701049805,455700
2022-12-16,17.428571701049805,17.428571701049805,16.904760360717773,17.0,328650
2022-12-19,16.95237922668457,16.95237922668457,16.571428298950195,16.571428298950195,296100
2022-12-20,16.4761905670166,16.761903762817383,15.90476131439209,16.190475463867188,488250
2022-12-21,16.28571319580078,16.5238094329834,16.190475463867188,16.333332061767578,263550
2022-12-22,16.80952262878418,16.80952262878418,16.380952835083008,16.380952835083008,109200
2022-12-23,16.190475463867188,16.333332061767578,16.047618865966797,16.190475463867188,168000
2022-12-26,16.238094329833984,16.428571701049805,16.190475463867188,16.190475463867188,168000
2022-12-27,16.380952835083008,16.571428298950195,16.238094329833984,16.4761905670166,183750
2022-12-28,16.380952835083008,16.380952835083008,15.952380180358887,16.0,205800
2022-12-29,16.0,16.14285659790039,15.619047164916992,16.095237731933594,240450
2022-12-30,16.238094329833984,16.28571319580078,15.80952262878418,15.80952262878418,122850
2023-01-03,16.190475463867188,16.190475463867188,15.619047164916992,16.0,135450
2023-01-04,16.047618865966797,16.428571701049805,16.047618865966797,16.380952835083008,203700
2023-01-05,16.571428298950195,16.571428298950195,16.380952835083008,16.380952835083008,110250
2023-01-06,16.4761905670166,16.571428298950195,16.333332061767578,16.333332061767578,142800
2023-01-09,16.4761905670166,16.66666603088379,16.4761905670166,16.571428298950195,158550
2023-01-10,16.428571701049805,16.857141494750977,16.28571319580078,16.619047164916992,265650
2023-01-11,16.761903762817383,16.857141494750977,16.428571701049805,16.4761905670166,252000
2023-01-12,16.857141494750977,17.333332061767578,16.66666603088379,16.66666603088379,1013250
2023-01-13,16.857141494750977,16.904760360717773,16.4761905670166,16.571428298950195,303450
2023-01-16,16.571428298950195,16.619047164916992,16.333332061767578,16.333332061767578,155400
2023-01-17,16.333332061767578,16.571428298950195,16.333332061767578,16.333332061767578,124950
2023-01-30,16.66666603088379,17.0,16.571428298950195,16.80952262878418,274050
2023-01-31,16.66666603088379,17.238094329833984,16.66666603088379,17.14285659790039,521850
2023-02-01,17.428571701049805,17.428571701049805,16.95237922668457,17.047618865966797,197400
2023-02-02,17.047618865966797,17.28571319580078,16.95237922668457,17.28571319580078,416850
2023-02-03,17.380952835083008,17.380952835083008,16.95237922668457,16.95237922668457,201600
2023-02-06,16.95237922668457,17.238094329833984,16.857141494750977,17.047618865966797,155400
2023-02-07,16.904760360717773,17.047618865966797,16.904760360717773,16.95237922668457,118650
2023-02-08,17.14285659790039,17.333332061767578,16.95237922668457,17.28571319580078,408450
2023-02-09,17.28571319580078,17.714284896850586,17.28571319580078,17.380952835083008,630000
2023-02-10,17.428571701049805,17.80952262878418,17.190475463867188,17.190475463867188,767550
2023-02-13,16.904760360717773,16.95237922668457,16.571428298950195,16.66666603088379,286650
2023-02-14,16.714284896850586,17.238094329833984,16.66666603088379,16.80952262878418,338100
2023-02-15,16.80952262878418,16.95237922668457,16.238094329833984,16.4761905670166,318150
2023-02-16,16.619047164916992,16.761903762817383,16.571428298950195,16.619047164916992,145950
2023-02-17,16.619047164916992,16.761903762817383,16.619047164916992,16.714284896850586,142800
2023-02-20,16.714284896850586,16.80952262878418,16.619047164916992,16.714284896850586,187950
2023-02-21,16.761903762817383,16.95237922668457,16.761903762817383,16.857141494750977,249900
2023-02-22,16.857141494750977,16.857141494750977,16.4761905670166,16.66666603088379,203700
2023-02-23,16.66666603088379,17.190475463867188,16.66666603088379,16.904760360717773,351750
2023-02-24,17.047618865966797,17.095237731933594,16.857141494750977,17.0,368550
2023-03-01,17.095237731933594,17.095237731933594,16.714284896850586,16.714284896850586,200550
2023-03-02,16.714284896850586,16.761903762817383,16.714284896850586,16.714284896850586,219450
2023-03-03,16.857141494750977,17.095237731933594,16.761903762817383,16.904760360717773,352800
2023-03-06,17.047618865966797,18.571428298950195,17.047618865966797,18.571428298950195,4691400
2023-03-07,18.5238094329834,18.5238094329834,17.95237922668457,18.095237731933594,2319450
2023-03-08,17.95237922668457,18.571428298950195,17.714284896850586,18.28571319580078,1306200
2023-03-09,18.380952835083008,18.66666603088379,18.0,18.0,568050
2023-03-10,17.904760360717773,17.904760360717773,17.5238094329834,17.571428298950195,543900
2023-03-13,17.380952835083008,17.95237922668457,16.80952262878418,17.333332061767578,915600
2023-03-14,17.238094329833984,17.333332061767578,17.047618865966797,17.238094329833984,219450
2023-03-15,17.428571701049805,17.619047164916992,17.14285659790039,17.14285659790039,267750
2023-03-16,17.14285659790039,17.14285659790039,16.4761905670166,16.5238094329834,511350
2023-03-17,16.66666603088379,17.0,16.66666603088379,16.857141494750977,180600
2023-03-20,16.80952262878418,17.0,16.66666603088379,16.95237922668457,113400
2023-03-21,17.095237731933594,17.428571701049805,17.095237731933594,17.380952835083008,307650
2023-03-22,17.5238094329834,17.80952262878418,17.5238094329834,17.571428298950195,414750
2023-03-23,17.619047164916992,18.333332061767578,17.619047164916992,17.95237922668457,796950
2023-03-24,17.761903762817383,18.14285659790039,17.5238094329834,18.095237731933594,972300
2023-03-27,18.14285659790039,18.190475463867188,17.428571701049805,17.428571701049805,1339800
2023-03-28,17.5238094329834,17.5238094329834,16.95237922668457,16.95237922668457,553350
2023-03-29,17.0,17.190475463867188,16.857141494750977,16.95237922668457,257250
2023-03-30,17.380952835083008,17.66666603088379,17.190475463867188,17.28571319580078,737100
2023-03-31,17.428571701049805,17.428571701049805,17.14285659790039,17.14285659790039,210000
2023-04-06,17.047618865966797,17.14285659790039,17.0,17.0,120750
2023-04-07,17.0,17.047618865966797,16.857141494750977,16.857141494750977,177450
2023-04-10,16.857141494750977,17.047618865966797,16.857141494750977,17.0,115500
2023-04-11,17.190475463867188,17.190475463867188,16.857141494750977,16.857141494750977,186900
2023-04-12,17.095237731933594,17.380952835083008,16.95237922668457,17.333332061767578,397950
2023-04-13,17.380952835083008,17.380952835083008,17.047618865966797,17.047618865966797,187950
2023-04-14,17.047618865966797,17.14285659790039,16.904760360717773,16.904760360717773,282450
2023-04-17,16.95237922668457,18.5238094329834,16.761903762817383,17.4761905670166,1288350
2023-04-18,17.66666603088379,18.238094329833984,16.714284896850586,17.333332061767578,1151850
2023-04-19,17.5238094329834,17.5238094329834,16.761903762817383,17.047618865966797,635250
2023-04-20,17.14285659790039,17.190475463867188,16.80952262878418,16.80952262878418,352800
2023-04-21,16.80952262878418,17.0,16.5238094329834,16.5238094329834,344400
2023-04-24,16.428571701049805,16.619047164916992,16.333332061767578,16.571428298950195,136500
2023-04-25,16.571428298950195,16.571428298950195,15.952380180358887,15.952380180358887,341250
2023-04-26,15.761903762817383,16.190475463867188,15.714284896850586,16.14285659790039,168000
2023-04-27,16.14285659790039,16.238094329833984,15.90476131439209,16.238094329833984,57750
2023-04-28,16.28571319580078,16.714284896850586,16.28571319580078,16.619047164916992,282450
2023-05-02,16.761903762817383,16.95237922668457,16.66666603088379,16.857141494750977,140700
2023-05-03,16.857141494750977,16.857141494750977,16.4761905670166,16.714284896850586,136500
2023-05-04,16.714284896850586,16.80952262878418,16.333332061767578,16.619047164916992,122850
2023-05-05,16.619047164916992,16.619047164916992,16.4761905670166,16.5238094329834,72450
2023-05-08,16.619047164916992,16.619047164916992,16.428571701049805,16.619047164916992,50400
2023-05-09,16.428571701049805,16.5238094329834,16.0,16.238094329833984,208950
2023-05-10,16.190475463867188,16.380952835083008,16.0,16.238094329833984,231000
2023-05-11,16.095237731933594,16.14285659790039,15.714284896850586,15.90476131439209,266700
2023-05-12,15.80952262878418,15.80952262878418,15.476189613342285,15.714284896850586,187950
2023-05-15,15.714284896850586,15.714284896850586,15.047618865966797,15.047618865966797,249900
2023-05-16,15.047618865966797,15.2380952835083,15.047618865966797,15.190476417541504,86100
2023-05-17,15.190476417541504,15.2380952835083,15.095237731933594,15.14285659790039,123900
2023-05-18,15.2380952835083,15.571428298950195,15.14285659790039,15.2380952835083,258300
2023-05-19,15.333333015441895,15.571428298950195,15.285714149475098,15.333333015441895,215250
2023-05-22,15.476189613342285,15.571428298950195,15.333333015441895,15.476189613342285,133350
2023-05-23,15.476189613342285,15.571428298950195,15.428570747375488,15.523809432983398,90300
2023-05-24,15.428570747375488,15.857142448425293,15.428570747375488,15.857142448425293,213150
2023-05-25,15.90476131439209,16.14285659790039,15.857142448425293,15.952380180358887,199500
2023-05-26,16.095237731933594,16.14285659790039,15.666666030883789,15.666666030883789,171150
2023-05-29,15.666666030883789,15.90476131439209,15.666666030883789,15.761903762817383,69300
2023-05-30,15.761903762817383,15.761903762817383,15.2380952835083,15.2380952835083,220500
2023-05-31,15.2380952835083,15.523809432983398,15.14285659790039,15.523809432983398,180600
2023-06-01,15.523809432983398,15.571428298950195,15.2380952835083,15.333333015441895,162750
2023-06-02,15.333333015441895,15.476189613342285,15.190476417541504,15.333333015441895,268800
2023-06-05,15.333333015441895,15.80952262878418,15.190476417541504,15.476189613342285,397950
2023-06-06,15.476189613342285,15.476189613342285,15.2380952835083,15.428570747375488,154350
2023-06-07,15.428570747375488,15.571428298950195,15.333333015441895,15.523809432983398,399000
2023-06-08,15.380951881408691,15.571428298950195,15.333333015441895,15.571428298950195,257250
2023-06-09,15.476189613342285,15.619047164916992,15.380951881408691,15.571428298950195,197400
2023-06-12,15.619047164916992,15.619047164916992,15.380951881408691,15.523809432983398,156450
2023-06-13,15.428570747375488,15.666666030883789,15.333333015441895,15.476189613342285,200550
2023-06-14,15.476189613342285,15.666666030883789,15.380951881408691,15.619047164916992,334950
2023-06-15,15.619047164916992,15.714284896850586,15.428570747375488,15.523809432983398,256200
2023-06-16,15.523809432983398,15.666666030883789,15.380951881408691,15.666666030883789,322350
2023-06-19,15.666666030883789,15.714284896850586,15.476189613342285,15.714284896850586,323400
2023-06-20,15.761903762817383,15.80952262878418,15.523809432983398,15.523809432983398,350700
2023-06-21,15.523809432983398,15.666666030883789,15.428570747375488,15.619047164916992,271950
2023-06-26,15.571428298950195,15.571428298950195,15.190476417541504,15.2380952835083,938700
2023-06-27,15.2380952835083,15.333333015441895,15.095237731933594,15.2380952835083,195300
2023-06-28,15.2380952835083,15.380951881408691,15.14285659790039,15.2380952835083,191100
2023-06-29,15.14285659790039,15.523809432983398,15.14285659790039,15.333333015441895,880950
2023-06-30,15.333333015441895,15.476189613342285,15.2380952835083,15.333333015441895,262500
2023-07-03,15.380951881408691,15.523809432983398,15.285714149475098,15.333333015441895,783300
2023-07-04,15.333333015441895,15.380951881408691,15.095237731933594,15.14285659790039,1263150
2023-07-05,15.14285659790039,15.190476417541504,14.523809432983398,14.571428298950195,798000
2023-07-06,14.476189613342285,14.619047164916992,14.333333015441895,14.476189613342285,302400
2023-07-07,14.476189613342285,14.476189613342285,14.047618865966797,14.14285659790039,287700
2023-07-10,14.095237731933594,14.2380952835083,14.0,14.190476417541504,238350
2023-07-11,14.2380952835083,14.285714149475098,13.857142448425293,13.857142448425293,253050
2023-07-12,13.90476131439209,13.90476131439209,13.428570747375488,13.857142448425293,404250
2023-07-13,13.857142448425293,14.047618865966797,13.571428298950195,13.571428298950195,287700
2023-07-14,13.571428298950195,14.047618865966797,12.666666030883789,13.428570747375488,709800
2023-07-17,13.2380952835083,14.380951881408691,13.14285659790039,14.2380952835083,710850
2023-07-18,15.476189613342285,15.619047164916992,15.380951881408691,15.619047164916992,1004850
2023-07-19,15.619047164916992,15.90476131439209,14.380951881408691,14.428570747375488,2001300
2023-07-20,14.571428298950195,14.90476131439209,14.428570747375488,14.857142448425293,456750
2023-07-21,14.80952262878418,15.523809432983398,14.571428298950195,15.047618865966797,1212750
2023-07-24,15.095237731933594,15.666666030883789,14.380951881408691,14.428570747375488,956550
2023-07-25,14.571428298950195,14.952380180358887,14.047618865966797,14.619047164916992,751800
2023-07-26,14.761903762817383,14.761903762817383,14.14285659790039,14.190476417541504,601650
2023-07-27,14.333333015441895,14.714284896850586,14.14285659790039,14.285714149475098,653100
2023-07-28,14.285714149475098,14.80952262878418,14.285714149475098,14.428570747375488,691950
2023-07-31,14.476189613342285,14.619047164916992,14.047618865966797,14.14285659790039,641550
2023-08-01,14.190476417541504,14.333333015441895,14.095237731933594,14.190476417541504,179550
2023-08-02,14.2380952835083,14.333333015441895,13.857142448425293,13.952380180358887,208950
2023-08-04,13.952380180358887,14.14285659790039,13.714284896850586,13.80952262878418,189000
2023-08-07,13.80952262878418,14.380951881408691,13.619047164916992,14.047618865966797,394800
2023-08-08,14.095237731933594,14.095237731933594,13.761903762817383,13.80952262878418,164850
2023-08-09,13.714284896850586,13.857142448425293,13.619047164916992,13.80952262878418,158550
2023-08-10,13.666666030883789,13.80952262878418,13.285714149475098,13.333333015441895,246750
2023-08-11,13.333333015441895,13.571428298950195,13.2380952835083,13.2380952835083,113400
2023-08-14,13.190476417541504,13.2380952835083,12.761903762817383,12.90476131439209,194250
2023-08-15,13.047618865966797,13.666666030883789,13.047618865966797,13.190476417541504,570150
2023-08-16,13.285714149475098,13.666666030883789,13.285714149475098,13.333333015441895,348600
2023-08-17,13.428570747375488,13.666666030883789,13.285714149475098,13.523809432983398,239400
2023-08-18,13.380951881408691,14.333333015441895,13.380951881408691,13.428570747375488,678300
2023-08-21,13.428570747375488,13.523809432983398,13.285714149475098,13.428570747375488,68250
2023-08-22,13.428570747375488,14.095237731933594,13.285714149475098,13.714284896850586,694050
2023-08-23,13.714284896850586,14.047618865966797,13.571428298950195,13.761903762817383,231000
2023-08-24,14.0,14.523809432983398,13.666666030883789,13.714284896850586,837900
2023-08-25,13.714284896850586,14.14285659790039,13.619047164916992,13.761903762817383,826350
2023-08-28,14.0,14.2380952835083,13.666666030883789,13.761903762817383,308700
2023-08-29,13.666666030883789,13.857142448425293,13.571428298950195,13.666666030883789,138600
2023-08-30,13.857142448425293,13.952380180358887,13.619047164916992,13.714284896850586,450450
2023-08-31,13.761903762817383,13.90476131439209,13.714284896850586,13.80952262878418,93450
2023-09-01,13.952380180358887,14.095237731933594,13.80952262878418,14.095237731933594,332850
2023-09-04,14.14285659790039,14.14285659790039,13.80952262878418,13.80952262878418,152250
2023-09-05,13.90476131439209,14.0,13.761903762817383,13.761903762817383,134400
2023-09-06,13.761903762817383,13.90476131439209,13.571428298950195,13.714284896850586,231000
2023-09-07,13.761903762817383,13.761903762817383,13.619047164916992,13.619047164916992,45150
2023-09-08,13.619047164916992,13.619047164916992,13.523809432983398,13.523809432983398,58800
2023-09-11,13.619047164916992,13.619047164916992,13.2380952835083,13.333333015441895,122850
2023-09-12,13.380951881408691,13.476189613342285,13.2380952835083,13.285714149475098,177450
2023-09-13,13.333333015441895,13.428570747375488,13.285714149475098,13.333333015441895,88200
2023-09-14,13.380951881408691,13.666666030883789,13.380951881408691,13.476189613342285,360150
2023-09-15,13.476189613342285,13.761903762817383,13.428570747375488,13.428570747375488,481950
2023-09-18,13.428570747375488,13.619047164916992,13.428570747375488,13.476189613342285,117600
2023-09-19,13.523809432983398,13.714284896850586,13.476189613342285,13.666666030883789,221550
2023-09-20,13.666666030883789,14.190476417541504,13.666666030883789,13.80952262878418,760200
2023-09-21,13.857142448425293,14.047618865966797,13.523809432983398,13.619047164916992,441000
2023-09-22,13.619047164916992,13.714284896850586,13.428570747375488,13.523809432983398,271950
2023-09-25,13.523809432983398,13.761903762817383,13.523809432983398,13.666666030883789,239400
2023-09-26,13.714284896850586,13.714284896850586,13.476189613342285,13.476189613342285,110250
2023-09-27,13.428570747375488,13.619047164916992,13.428570747375488,13.571428298950195,295050
2023-09-28,13.523809432983398,13.619047164916992,13.428570747375488,13.428570747375488,315000
2023-10-02,13.476189613342285,13.619047164916992,13.428570747375488,13.571428298950195,228900
2023-10-03,13.571428298950195,13.666666030883789,13.476189613342285,13.476189613342285,476700
2023-10-04,13.380951881408691,13.523809432983398,13.333333015441895,13.380951881408691,196350
2023-10-05,13.428570747375488,13.571428298950195,13.380951881408691,13.428570747375488,257250
2023-10-06,13.428570747375488,13.571428298950195,13.380951881408691,13.476189613342285,171150
2023-10-11,13.476189613342285,13.523809432983398,13.2380952835083,13.2380952835083,147000
2023-10-12,13.2380952835083,13.380951881408691,13.14285659790039,13.2380952835083,163800
2023-10-13,13.2380952835083,13.333333015441895,13.190476417541504,13.333333015441895,49350
2023-10-16,13.190476417541504,13.2380952835083,13.14285659790039,13.14285659790039,31500
2023-10-17,13.190476417541504,14.428570747375488,13.047618865966797,14.428570747375488,1117200
2023-10-18,14.571428298950195,15.857142448425293,14.428570747375488,15.857142448425293,5237400
2023-10-19,15.857142448425293,16.380952835083008,14.619047164916992,14.714284896850586,4469850
2023-10-20,14.90476131439209,16.14285659790039,14.90476131439209,16.14285659790039,4324950
2023-10-23,16.428571701049805,17.714284896850586,15.619047164916992,17.714284896850586,12145350
2023-10-24,18.714284896850586,18.80952262878418,16.4761905670166,17.047618865966797,10269000
2023-10-25,17.238094329833984,17.428571701049805,16.80952262878418,17.380952835083008,2394000
2023-10-26,17.14285659790039,18.904760360717773,16.80952262878418,16.80952262878418,6376650
2023-10-27,16.95237922668457,17.238094329833984,16.14285659790039,16.571428298950195,2262750
2023-10-30,16.5238094329834,17.571428298950195,16.380952835083008,17.095237731933594,2947350
2023-10-31,17.14285659790039,17.66666603088379,15.619047164916992,16.0,2291100
2023-11-01,16.0,16.333332061767578,15.666666030883789,15.857142448425293,853650
2023-11-02,16.047618865966797,16.4761905670166,15.761903762817383,15.761903762817383,805350
2023-11-03,16.0,16.095237731933594,15.571428298950195,15.571428298950195,577500
2023-11-06,15.571428298950195,16.14285659790039,15.380951881408691,15.857142448425293,820050
2023-11-07,16.0,16.047618865966797,15.619047164916992,15.666666030883789,395850
2023-11-08,15.80952262878418,15.857142448425293,15.428570747375488,15.428570747375488,320250
2023-11-09,15.619047164916992,15.619047164916992,14.619047164916992,14.666666030883789,1193850
2023-11-10,14.714284896850586,14.80952262878418,14.333333015441895,14.333333015441895,466200
2023-11-13,14.523809432983398,14.714284896850586,14.428570747375488,14.714284896850586,262500
2023-11-14,14.80952262878418,14.80952262878418,14.428570747375488,14.666666030883789,250950
2023-11-15,14.90476131439209,15.428570747375488,14.80952262878418,14.80952262878418,800100
2023-11-16,14.90476131439209,15.0,14.714284896850586,14.80952262878418,192150
2023-11-17,14.761903762817383,14.952380180358887,14.666666030883789,14.80952262878418,322350
2023-11-20,14.952380180358887,15.047618865966797,14.761903762817383,14.857142448425293,252000
2023-11-21,15.047618865966797,15.333333015441895,14.90476131439209,14.90476131439209,568050
2023-11-22,15.190476417541504,15.190476417541504,14.761903762817383,14.80952262878418,415800
2023-11-23,14.90476131439209,15.2380952835083,14.761903762817383,15.14285659790039,583800
2023-11-24,15.476189613342285,15.90476131439209,15.0,15.428570747375488,999600
2023-11-27,15.571428298950195,15.714284896850586,14.90476131439209,14.952380180358887,659400
2023-11-28,15.095237731933594,15.14285659790039,14.952380180358887,15.047618865966797,222600
2023-11-29,15.095237731933594,15.190476417541504,15.0,15.047618865966797,180600
2023-11-30,15.095237731933594,15.190476417541504,14.80952262878418,15.190476417541504,262500
2023-12-01,15.333333015441895,15.952380180358887,15.2380952835083,15.523809432983398,1156050
2023-12-04,15.619047164916992,16.0,15.619047164916992,15.666666030883789,601650
2023-12-05,15.714284896850586,15.714284896850586,15.333333015441895,15.380951881408691,261450
2023-12-06,15.523809432983398,15.666666030883789,15.428570747375488,15.523809432983398,212100
2023-12-07,15.666666030883789,15.80952262878418,15.333333015441895,15.476189613342285,332850
2023-12-08,15.619047164916992,15.619047164916992,15.285714149475098,15.333333015441895,303450
2023-12-11,15.571428298950195,16.857141494750977,15.571428298950195,16.857141494750977,2953650
2023-12-12,17.238094329833984,17.95237922668457,16.28571319580078,16.380952835083008,6170850
2023-12-13,16.333332061767578,17.190475463867188,16.28571319580078,16.4761905670166,1785000
2023-12-14,16.857141494750977,17.047618865966797,16.28571319580078,16.28571319580078,1139250
2023-12-15,16.4761905670166,16.619047164916992,16.0,16.047618865966797,710850
2023-12-18,16.190475463867188,16.5238094329834,15.714284896850586,15.714284896850586,880950
2023-12-19,15.857142448425293,15.857142448425293,14.952380180358887,15.190476417541504,680400
2023-12-20,15.333333015441895,15.476189613342285,15.2380952835083,15.285714149475098,307650
2023-12-21,15.285714149475098,16.80952262878418,15.285714149475098,15.857142448425293,2548350
2023-12-22,15.857142448425293,16.333332061767578,15.619047164916992,15.80952262878418,1201200
2023-12-25,15.80952262878418,15.952380180358887,15.523809432983398,15.571428298950195,394800
2023-12-26,15.666666030883789,15.857142448425293,15.571428298950195,15.761903762817383,334950
2023-12-27,15.857142448425293,16.0,15.714284896850586,15.80952262878418,382200
2023-12-28,16.0,17.380952835083008,16.0,17.380952835083008,4798500
2023-12-29,17.904760360717773,19.095237731933594,17.4761905670166,19.095237731933594,20340600
2024-01-02,20.095237731933594,21.0,19.380952835083008,21.0,17332350
2024-01-03,22.380952835083008,23.095237731933594,21.571428298950195,23.095237731933594,16239300
2024-01-04,24.190475463867188,25.380952835083008,23.428571701049805,25.380952835083008,47307750
2024-01-05,27.14285659790039,27.904760360717773,25.4761905670166,27.904760360717773,68613300
2024-01-08,29.14285659790039,29.190475463867188,27.14285659790039,27.619047164916992,6393450
2024-01-09,28.28571319580078,28.28571319580078,26.28571319580078,27.619047164916992,3727500
2024-01-10,27.428571701049805,28.190475463867188,26.95237922668457,27.95237922668457,4285050
2024-01-11,26.761903762817383,27.0,25.428571701049805,26.5238094329834,4909800
2024-01-12,27.095237731933594,27.571428298950195,26.428571701049805,26.5238094329834,2285850
2024-01-15,27.14285659790039,29.14285659790039,26.857141494750977,29.14285659790039,3792945
2024-01-16,29.238094329833984,29.238094329833984,26.238094329833984,26.5238094329834,3368400
2024-01-17,26.4761905670166,27.190475463867188,25.80952262878418,26.428571701049805,2006550
2024-01-18,26.5238094329834,26.95237922668457,25.761903762817383,26.5238094329834,1367100
2024-01-19,26.761903762817383,27.14285659790039,26.238094329833984,27.14285659790039,1345050
2024-01-22,27.619047164916992,28.761903762817383,27.4761905670166,28.5238094329834,2798250
2024-01-23,28.571428298950195,31.333332061767578,28.571428298950195,31.333332061767578,5941950
2024-01-24,32.0,34.42856979370117,32.0,34.42856979370117,13359150
2024-01-25,36.380950927734375,37.61904525756836,34.19047546386719,34.19047546386719,37753800
2024-01-26,33.380950927734375,33.71428680419922,30.857141494750977,32.61904525756836,13759200
2024-01-29,32.42856979370117,35.85714340209961,32.42856979370117,35.85714340209961,14224350
2024-01-30,37.61904525756836,39.42856979370117,37.57142639160156,39.42856979370117,30261000
2024-01-31,40.0476188659668,43.0,39.42856979370117,40.47618865966797,51297750
2024-02-01,40.47618865966797,43.238094329833984,39.095237731933594,40.61904525756836,26198550
2024-02-02,41.380950927734375,42.42856979370117,38.761905670166016,40.0,15502200
2024-02-05,40.0,40.19047546386719,36.666664123535156,36.666664123535156,8857800
2024-02-15,36.666664123535156,40.28571319580078,36.33333206176758,36.523807525634766,6133050
2024-02-16,37.0,39.42856979370117,36.28571319580078,38.095237731933594,10134600
2024-02-19,38.380950927734375,38.80952453613281,36.666664123535156,36.80952453613281,4239900
2024-02-20,37.0476188659668,37.523807525634766,35.380950927734375,36.42856979370117,3911250
2024-02-21,36.42856979370117,37.0,35.71428680419922,35.71428680419922,2296350
2024-02-22,36.238094329833984,36.47618865966797,35.33333206176758,36.0,2413950
2024-02-23,36.33333206176758,39.57142639160156,36.0476188659668,39.57142639160156,9398550
2024-02-26,41.523807525634766,43.523807525634766,41.523807525634766,43.523807525634766,11284350
2024-02-27,44.57142639160156,45.238094329833984,39.19047546386719,39.19047546386719,19029150
2024-02-29,38.33333206176758,41.14285659790039,38.28571319580078,39.19047546386719,8023050
2024-03-01,39.28571319580078,40.761905670166016,38.47618865966797,39.85714340209961,4677750
2024-03-04,40.095237731933594,40.238094329833984,38.238094329833984,38.238094329833984,3000900
2024-03-05,38.28571319580078,39.0476188659668,36.904762268066406,37.85714340209961,3185700
2024-03-06,37.666664123535156,39.523807525634766,37.42856979370117,37.42856979370117,3396750
2024-03-07,37.42856979370117,37.42856979370117,34.19047546386719,35.380950927734375,4017300
2024-03-08,35.61904525756836,35.85714340209961,33.33333206176758,33.80952453613281,2787750
2024-03-11,33.80952453613281,34.0,32.80952453613281,33.47618865966797,1714650
2024-03-12,33.33333206176758,35.095237731933594,33.33333206176758,33.85714340209961,1709400
2024-03-13,33.85714340209961,34.666664123535156,32.19047546386719,32.42856979370117,1791300
2024-03-14,32.47618865966797,32.523807525634766,31.14285659790039,31.428571701049805,1439550
2024-03-15,31.333332061767578,31.80952262878418,30.571428298950195,30.714284896850586,1150800
2024-03-18,30.714284896850586,30.714284896850586,30.714284896850586,30.714284896850586,0
2024-03-19,30.857141494750977,31.66666603088379,30.80952262878418,30.80952262878418,1019550
2024-03-20,30.80952262878418,30.80952262878418,30.80952262878418,30.80952262878418,0
2024-03-21,30.428571701049805,30.66666603088379,29.904760360717773,29.904760360717773,779100
2024-03-22,29.904760360717773,29.904760360717773,28.80952262878418,29.238094329833984,1099350
2024-03-25,29.238094329833984,29.238094329833984,29.238094329833984,29.238094329833984,0
2024-03-26,30.428571701049805,30.428571701049805,28.95237922668457,28.95237922668457,1030050
2024-03-27,29.047618865966797,29.190475463867188,28.4761905670166,28.5238094329834,727650
2024-03-28,28.5238094329834,29.0,28.047618865966797,28.14285659790039,673050
2024-03-29,27.904760360717773,28.571428298950195,27.904760360717773,28.380952835083008,391650
2024-04-01,28.0,29.238094329833984,27.95237922668457,28.66666603088379,1017450
2024-04-02,28.80952262878418,28.904760360717773,28.190475463867188,28.190475463867188,586950
2024-04-03,28.190475463867188,28.190475463867188,27.333332061767578,27.428571701049805,610050
2024-04-08,27.428571701049805,30.14285659790039,27.428571701049805,30.14285659790039,1507800
2024-04-09,32.380950927734375,33.14285659790039,31.80952262878418,33.14285659790039,3132150
2024-04-10,35.0476188659668,35.71428680419922,32.61904525756836,33.0,10311000
2024-04-11,32.85714340209961,32.85714340209961,31.28571319580078,31.428571701049805,1714650
2024-04-12,31.571428298950195,34.0,31.190475463867188,33.0476188659668,2412900
2024-04-15,33.14285659790039,33.14285659790039,30.95237922668457,30.95237922668457,1050000
2024-04-16,31.0,31.238094329833984,28.5238094329834,28.5238094329834,914550
2024-04-17,28.190475463867188,29.333332061767578,28.190475463867188,29.333332061767578,579600
2024-04-18,29.80952262878418,30.333332061767578,28.380952835083008,28.380952835083008,1159200
2024-04-19,28.190475463867188,28.28571319580078,26.714284896850586,27.619047164916992,868350
2024-04-22,28.0,28.0,26.5238094329834,26.5238094329834,569100
2024-04-23,26.66666603088379,27.380952835083008,26.5238094329834,26.904760360717773,405300
2024-04-24,27.190475463867188,28.14285659790039,27.095237731933594,27.80952262878418,424200
2024-04-25,27.4761905670166,27.66666603088379,26.95237922668457,27.095237731933594,295050
2024-04-26,27.28571319580078,27.904760360717773,26.904760360717773,26.95237922668457,332850
2024-04-29,26.95237922668457,29.619047164916992,26.95237922668457,29.619047164916992,1449000
2024-04-30,30.4761905670166,32.57142639160156,29.714284896850586,32.57142639160156,5122950
2024-05-02,34.904762268066406,35.28571319580078,32.71428680419922,34.28571319580078,17532900
2024-05-03,34.57142639160156,35.57142639160156,32.47618865966797,33.666664123535156,7591500
2024-05-06,33.80952453613281,34.14285659790039,31.904760360717773,31.904760360717773,2247000
2024-05-07,31.66666603088379,31.904760360717773,30.66666603088379,31.095237731933594,1521450
2024-05-08,31.380952835083008,34.19047546386719,31.238094329833984,32.380950927734375,3745350
2024-05-09,31.761903762817383,32.0,30.619047164916992,30.95237922668457,1307250
2024-05-10,31.0,31.0,29.80952262878418,30.380952835083008,806400
2024-05-13,30.428571701049805,30.571428298950195,29.571428298950195,30.571428298950195,633150
2024-05-14,30.238094329833984,31.047618865966797,30.238094329833984,30.4761905670166,467250
2024-05-15,30.380952835083008,32.14285659790039,30.333332061767578,30.95237922668457,1306200
2024-05-16,31.428571701049805,31.5238094329834,30.714284896850586,30.80952262878418,701400
2024-05-17,30.857141494750977,31.80952262878418,30.571428298950195,31.80952262878418,854700
2024-05-20,32.0,32.47618865966797,31.333332061767578,31.4761905670166,961800
2024-05-21,31.619047164916992,32.33333206176758,31.14285659790039,31.333332061767578,695100
2024-05-22,31.428571701049805,32.761905670166016,31.333332061767578,31.333332061767578,928200
2024-05-23,31.428571701049805,31.4761905670166,29.238094329833984,29.238094329833984,796950
2024-05-24,29.333332061767578,30.0,29.28571319580078,29.4761905670166,413700
2024-05-27,29.5238094329834,30.4761905670166,28.571428298950195,29.4761905670166,1142400
2024-05-28,29.571428298950195,31.95237922668457,29.571428298950195,30.571428298950195,1365000
2024-05-29,31.904760360717773,33.61904525756836,31.14285659790039,33.61904525756836,2733150
2024-05-30,33.761905670166016,33.761905670166016,30.857141494750977,31.095237731933594,4266150
2024-05-31,31.714284896850586,33.57142639160156,31.428571701049805,32.095237731933594,2997750
2024-06-03,32.42856979370117,35.0476188659668,31.904760360717773,32.0476188659668,3336900
2024-06-04,32.095237731933594,32.28571319580078,30.904760360717773,30.95237922668457,1356600
2024-06-05,31.047618865966797,31.5238094329834,30.4761905670166,30.5238094329834,565950
2024-06-06,31.0,31.0,29.95237922668457,30.0,538650
2024-06-07,30.047618865966797,30.66666603088379,30.0,30.190475463867188,491400
2024-06-11,30.333332061767578,30.714284896850586,29.238094329833984,29.333332061767578,673050
2024-06-12,29.5238094329834,30.190475463867188,29.190475463867188,29.857141494750977,535500
2024-06-13,30.28571319580078,30.28571319580078,29.619047164916992,29.619047164916992,309750
2024-06-14,29.619047164916992,30.14285659790039,29.619047164916992,29.714284896850586,260400
2024-06-17,29.714284896850586,31.857141494750977,29.714284896850586,30.28571319580078,1180200
2024-06-18,31.0,31.0,30.28571319580078,30.28571319580078,318150
2024-06-19,30.4761905670166,30.714284896850586,29.619047164916992,29.619047164916992,507150
2024-06-20,29.761903762817383,30.14285659790039,29.619047164916992,29.619047164916992,370650
2024-06-21,29.761903762817383,30.095237731933594,29.380952835083008,29.66666603088379,332850
2024-06-24,29.619047164916992,29.66666603088379,29.047618865966797,29.190475463867188,366450
2024-06-25,29.28571319580078,29.380952835083008,28.4761905670166,28.95237922668457,324450
2024-06-26,28.95237922668457,29.380952835083008,28.904760360717773,28.95237922668457,233100
2024-06-27,28.95237922668457,29.238094329833984,28.5238094329834,28.5238094329834,726600
2024-06-28,28.571428298950195,29.047618865966797,28.4761905670166,28.714284896850586,262500
2024-07-01,28.761903762817383,29.28571319580078,28.761903762817383,29.095237731933594,244650
2024-07-02,29.095237731933594,29.28571319580078,28.571428298950195,28.571428298950195,248850
2024-07-03,28.761903762817383,29.14285659790039,28.714284896850586,28.904760360717773,220500
2024-07-04,29.238094329833984,29.380952835083008,28.761903762817383,28.761903762817383,353850
2024-07-05,28.857141494750977,29.66666603088379,28.857141494750977,29.5238094329834,577500
2024-07-08,29.571428298950195,29.619047164916992,28.095237731933594,28.428571701049805,956550
2024-07-09,28.4761905670166,28.761903762817383,27.619047164916992,28.14285659790039,408450
2024-07-10,28.190475463867188,30.190475463867188,28.190475463867188,29.238094329833984,884100
2024-07-11,30.238094329833984,30.904760360717773,29.619047164916992,29.619047164916992,1512000
2024-07-12,29.238094329833984,29.904760360717773,29.095237731933594,29.14285659790039,250950
2024-07-15,29.904760360717773,29.904760360717773,28.904760360717773,28.95237922668457,305550
2024-07-16,29.047618865966797,29.095237731933594,28.66666603088379,28.80952262878418,157500
2024-07-17,28.95237922668457,29.761903762817383,28.857141494750977,29.333332061767578,339150
2024-07-18,29.047618865966797,29.380952835083008,28.571428298950195,28.66666603088379,232050
2024-07-19,28.761903762817383,28.904760360717773,27.904760360717773,27.95237922668457,333900
2024-07-22,27.95237922668457,28.5238094329834,26.857141494750977,27.14285659790039,383250
2024-07-23,27.190475463867188,27.904760360717773,27.190475463867188,27.5238094329834,141750
2024-07-26,26.761903762817383,27.047618865966797,26.66666603088379,26.761903762817383,214200
2024-07-29,27.5238094329834,27.5238094329834,25.5238094329834,25.66666603088379,329700
2024-07-30,25.428571701049805,27.333332061767578,25.333332061767578,27.047618865966797,288750
2024-07-31,26.761903762817383,27.047618865966797,25.857141494750977,26.714284896850586,141750
2024-08-01,27.0,27.14285659790039,26.857141494750977,27.0,90300
2024-08-02,26.190475463867188,26.95237922668457,26.047618865966797,26.238094329833984,147000
2024-08-05,26.238094329833984,26.238094329833984,23.619047164916992,23.619047164916992,223650
2024-08-06,23.619047164916992,23.619047164916992,21.28571319580078,21.619047164916992,643650
2024-08-07,22.380952835083008,23.761903762817383,22.333332061767578,23.761903762817383,255150
2024-08-08,23.380952835083008,25.0,23.28571319580078,24.5238094329834,639450
2024-08-09,25.0,25.4761905670166,24.904760360717773,24.95237922668457,254100
2024-08-12,25.238094329833984,25.80952262878418,25.047618865966797,25.238094329833984,124950
2024-08-13,25.238094329833984,26.190475463867188,25.047618865966797,25.619047164916992,138600
2024-08-14,26.238094329833984,26.714284896850586,25.761903762817383,26.0,208950
2024-08-15,26.14285659790039,26.95237922668457,26.0,26.428571701049805,192150
2024-08-16,28.149999618530273,30.299999237060547,27.850000381469727,28.799999237060547,731000
2024-08-19,27.380952835083008,28.428571701049805,27.380952835083008,28.095237731933594,339150
2024-08-20,28.095237731933594,28.571428298950195,27.714284896850586,27.95237922668457,128100
2024-08-21,27.904760360717773,28.571428298950195,27.333332061767578,28.095237731933594,136500
2024-08-22,28.28571319580078,29.047618865966797,28.28571319580078,28.857141494750977,410550
2024-08-23,28.299999237060547,28.299999237060547,27.0,27.5,369000
2024-08-26,27.399999618530273,28.200000762939453,27.399999618530273,27.549999237060547,165000
2024-08-27,28.149999618530273,28.149999618530273,27.450000762939453,27.549999237060547,86000
2024-08-28,27.299999237060547,28.149999618530273,27.299999237060547,27.950000762939453,148000
2024-08-29,27.600000381469727,27.799999237060547,27.450000762939453,27.649999618530273,54000
2024-08-30,27.649999618530273,28.0,27.350000381469727,27.950000762939453,169000
2024-09-02,28.350000381469727,28.350000381469727,27.350000381469727,27.350000381469727,124000
2024-09-03,27.649999618530273,30.049999237060547,27.649999618530273,30.049999237060547,1198000
2024-09-04,30.0,30.0,27.299999237060547,27.600000381469727,1706000
2024-09-05,27.649999618530273,30.350000381469727,26.649999618530273,26.75,3330000
2024-09-06,26.700000762939453,26.950000762939453,26.200000762939453,26.600000381469727,563000
2024-09-09,26.0,26.850000381469727,25.600000381469727,26.799999237060547,184000
2024-09-10,26.799999237060547,27.25,26.049999237060547,26.299999237060547,215000
2024-09-11,26.299999237060547,26.75,26.299999237060547,26.350000381469727,34000
2024-09-12,27.200000762939453,27.299999237060547,26.700000762939453,26.950000762939453,121000
2024-09-13,27.0,27.450000762939453,27.0,27.299999237060547,83000
2024-09-16,27.350000381469727,27.75,27.200000762939453,27.299999237060547,79000
2024-09-18,27.299999237060547,28.5,27.299999237060547,27.850000381469727,353000
2024-09-19,28.200000762939453,29.5,28.200000762939453,28.5,778000
2024-09-20,29.0,29.100000381469727,28.5,28.5,289000
2024-09-23,28.5,29.0,28.200000762939453,28.299999237060547,130000
2024-09-24,28.200000762939453,28.200000762939453,27.700000762939453,27.899999618530273,106000
2024-09-25,27.799999237060547,28.350000381469727,27.799999237060547,28.0,78000
2024-09-26,28.25,28.75,27.5,27.5,146000
2024-09-27,27.799999237060547,27.899999618530273,26.850000381469727,27.100000381469727,214000
2024-09-30,27.5,27.75,26.899999618530273,27.649999618530273,190000
2024-10-01,27.700000762939453,27.700000762939453,27.0,27.299999237060547,108000
2024-10-04,27.299999237060547,27.299999237060547,26.700000762939453,27.0,95000
2024-10-07,27.0,27.399999618530273,26.899999618530273,26.950000762939453,73000
2024-10-08,26.950000762939453,27.049999237060547,26.450000762939453,27.049999237060547,142000
2024-10-09,27.049999237060547,27.299999237060547,26.549999237060547,26.799999237060547,93000
2024-10-11,26.25,26.850000381469727,26.0,26.049999237060547,179000
2024-10-14,26.049999237060547,26.100000381469727,25.700000762939453,25.950000762939453,89000
2024-10-15,26.0,26.399999618530273,25.899999618530273,25.899999618530273,78000
2024-10-16,25.600000381469727,26.100000381469727,25.549999237060547,25.75,87000
2024-10-17,25.850000381469727,26.350000381469727,25.799999237060547,25.850000381469727,60000
2024-10-18,25.950000762939453,26.799999237060547,25.600000381469727,25.600000381469727,302000
2024-10-21,25.399999618530273,26.049999237060547,25.399999618530273,25.549999237060547,138000
2024-10-22,25.899999618530273,27.549999237060547,25.799999237060547,26.600000381469727,822000
2024-10-23,26.600000381469727,26.75,26.049999237060547,26.399999618530273,100000
2024-10-24,26.700000762939453,26.700000762939453,26.100000381469727,26.200000762939453,76000
2024-10-25,26.049999237060547,26.25,26.0,26.149999618530273,46000
2024-10-28,26.149999618530273,26.549999237060547,25.600000381469727,25.799999237060547,64000
2024-10-29,25.850000381469727,25.850000381469727,25.25,25.399999618530273,83000
2024-10-30,25.399999618530273,25.450000762939453,25.0,25.100000381469727,139000
2024-11-01,24.399999618530273,25.149999618530273,24.399999618530273,25.049999237060547,37000
2024-11-04,25.049999237060547,26.0,24.700000762939453,25.25,144000
2024-11-05,25.100000381469727,25.299999237060547,24.899999618530273,25.100000381469727,27000
2024-11-06,24.799999237060547,25.299999237060547,24.799999237060547,25.049999237060547,60000
2024-11-07,24.899999618530273,25.299999237060547,24.899999618530273,25.25,74000
2024-11-08,25.299999237060547,25.299999237060547,24.5,24.5,131000
2024-11-11,24.299999237060547,24.5,24.100000381469727,24.200000762939453,129000
2024-11-12,24.200000762939453,24.200000762939453,22.899999618530273,23.399999618530273,195000
2024-11-13,23.100000381469727,23.799999237060547,23.100000381469727,23.700000762939453,100000
2024-11-14,24.399999618530273,24.399999618530273,23.0,23.100000381469727,86000
2024-11-15,23.049999237060547,23.200000762939453,22.5,22.799999237060547,178000
2024-11-18,22.950000762939453,23.100000381469727,22.700000762939453,22.75,67000
2024-11-19,22.799999237060547,23.100000381469727,22.799999237060547,23.0,65000
2024-11-20,23.0,23.0,22.75,22.75,25437
2024-11-21,22.75,23.149999618530273,22.600000381469727,23.0,31000
2024-11-22,23.0,24.299999237060547,23.0,23.549999237060547,98000
2024-11-25,23.450000762939453,24.25,23.450000762939453,23.700000762939453,123000
2024-11-26,23.799999237060547,23.850000381469727,23.549999237060547,23.549999237060547,35000
2024-11-27,23.5,23.5,23.0,23.0,33000
2024-11-28,23.299999237060547,23.299999237060547,22.200000762939453,22.399999618530273,144000
2024-11-29,22.399999618530273,22.600000381469727,22.25,22.399999618530273,81000
2024-12-02,23.350000381469727,23.350000381469727,22.350000381469727,22.350000381469727,76000
2024-12-03,22.5,22.649999618530273,22.399999618530273,22.450000762939453,31000
2024-12-04,22.5,22.799999237060547,22.299999237060547,22.649999618530273,72000
2024-12-05,22.649999618530273,23.25,22.5,22.75,97000
2024-12-06,22.799999237060547,22.850000381469727,22.5,22.549999237060547,59000
2024-12-09,22.600000381469727,23.200000762939453,22.600000381469727,22.600000381469727,52000
2024-12-10,22.549999237060547,22.950000762939453,22.549999237060547,22.75,26000
2024-12-11,22.549999237060547,22.549999237060547,22.350000381469727,22.450000762939453,22000
2024-12-12,22.25,22.350000381469727,22.25,22.299999237060547,38000
2024-12-13,22.049999237060547,22.100000381469727,21.649999618530273,21.649999618530273,72000
2024-12-16,21.450000762939453,21.450000762939453,20.899999618530273,20.899999618530273,69000
2024-12-17,20.899999618530273,20.899999618530273,20.5,20.5,55000
2024-12-18,20.75,20.75,20.399999618530273,20.5,53000
2024-12-19,20.25,20.5,20.25,20.299999237060547,17000
2024-12-20,20.299999237060547,20.299999237060547,19.5,19.75,61000
2024-12-23,19.75,20.0,19.75,19.899999618530273,46000
2024-12-24,19.899999618530273,20.0,19.850000381469727,19.850000381469727,51000
2024-12-25,19.899999618530273,19.950000762939453,19.649999618530273,19.850000381469727,106000
2024-12-26,19.649999618530273,20.649999618530273,19.649999618530273,20.100000381469727,139000
2024-12-27,20.5,20.5,19.850000381469727,19.850000381469727,51000
2024-12-30,19.850000381469727,19.850000381469727,19.799999237060547,19.799999237060547,12000
2024-12-31,19.450000762939453,19.700000762939453,19.450000762939453,19.600000381469727,51000
2025-01-02,19.450000762939453,19.75,19.450000762939453,19.5,29000
2025-01-03,19.5,19.899999618530273,19.350000381469727,19.399999618530273,57000
2025-01-06,19.399999618530273,19.399999618530273,18.799999237060547,18.950000762939453,98000
2025-01-07,19.0,19.0,17.799999237060547,18.200000762939453,221000
2025-01-08,18.0,18.100000381469727,17.799999237060547,17.850000381469727,70000
2025-01-09,18.200000762939453,18.200000762939453,17.450000762939453,17.799999237060547,90000
2025-01-10,17.600000381469727,17.899999618530273,17.600000381469727,17.799999237060547,101000
2025-01-13,17.850000381469727,17.950000762939453,17.049999237060547,17.049999237060547,113000
2025-01-14,17.049999237060547,17.200000762939453,16.549999237060547,16.600000381469727,141000
2025-01-15,16.700000762939453,16.75,16.350000381469727,16.350000381469727,145000
2025-01-16,16.5,16.649999618530273,16.200000762939453,16.299999237060547,82000
2025-01-17,16.25,16.5,15.600000381469727,16.350000381469727,553000
2025-01-20,17.049999237060547,17.049999237060547,16.600000381469727,16.700000762939453,75000
2025-01-21,16.700000762939453,17.049999237060547,16.549999237060547,16.549999237060547,114000
2025-01-22,16.549999237060547,16.549999237060547,16.25,16.399999618530273,73000
2025-02-03,16.0,16.200000762939453,15.899999618530273,16.200000762939453,134000
2025-02-04,16.0,16.200000762939453,15.949999809265137,15.949999809265137,65000
2025-02-05,16.299999237060547,17.5,16.299999237060547,17.5,219100
2025-02-06,18.350000381469727,19.25,18.350000381469727,19.25,311165
2025-02-07,21.149999618530273,21.149999618530273,21.149999618530273,21.149999618530273,400150
2025-02-10,22.700000762939453,23.25,22.149999618530273,22.799999237060547,3462850
2025-02-11,22.5,23.200000762939453,21.5,23.200000762939453,1731550
2025-02-12,23.100000381469727,23.600000381469727,22.049999237060547,22.049999237060547,1233411
2025-02-13,22.049999237060547,23.200000762939453,22.049999237060547,23.0,430150
2025-02-14,22.950000762939453,23.100000381469727,22.149999618530273,22.649999618530273,269051
2025-02-17,23.649999618530273,23.649999618530273,22.25,22.5,245034
2025-02-18,22.399999618530273,23.049999237060547,22.100000381469727,22.5,267566
2025-02-19,22.75,22.899999618530273,22.399999618530273,22.899999618530273,188550
2025-02-20,24.0,24.0,23.450000762939453,23.5,540450
2025-02-21,23.5,23.549999237060547,23.149999618530273,23.350000381469727,132300
2025-02-24,23.399999618530273,23.600000381469727,23.200000762939453,23.399999618530273,93400
2025-02-25,23.200000762939453,23.399999618530273,22.850000381469727,23.299999237060547,85200
2025-02-26,23.049999237060547,23.100000381469727,21.350000381469727,21.350000381469727,587078
2025-02-27,21.0,21.850000381469727,21.0,21.200000762939453,391000
2025-03-03,21.100000381469727,21.100000381469727,20.0,20.350000381469727,210150
2025-03-04,19.5,21.200000762939453,19.5,21.100000381469727,199005
2025-03-05,21.950000762939453,21.950000762939453,20.649999618530273,20.700000762939453,186899
2025-03-06,21.149999618530273,21.149999618530273,20.399999618530273,20.399999618530273,113200
2025-03-07,20.399999618530273,20.5,19.950000762939453,20.25,146300
2025-03-10,20.25,20.25,20.25,20.25,0
2025-03-11,19.600000381469727,19.899999618530273,19.399999618530273,19.600000381469727,150060
2025-03-12,19.799999237060547,21.549999237060547,19.799999237060547,21.549999237060547,381500
2025-03-13,23.0,23.700000762939453,22.299999237060547,23.700000762939453,3368338
2025-03-14,24.049999237060547,26.049999237060547,23.950000762939453,26.049999237060547,11365519
2025-03-17,28.450000762939453,28.649999618530273,27.100000381469727,28.649999618530273,12876546
2025-03-18,29.950000762939453,31.450000762939453,29.0,29.0,25938802
2025-03-19,28.850000381469727,28.950000762939453,27.700000762939453,27.700000762939453,5364371
2025-03-20,27.700000762939453,28.0,27.0,27.100000381469727,984053
2025-03-21,27.700000762939453,27.700000762939453,27.149999618530273,27.450000762939453,486757
2025-03-24,27.700000762939453,27.700000762939453,26.950000762939453,27.049999237060547,415308
2025-03-25,27.100000381469727,27.350000381469727,26.799999237060547,26.799999237060547,250320
2025-03-26,27.0,27.549999237060547,27.0,27.25,271471
2025-03-27,27.600000381469727,27.600000381469727,26.75,26.899999618530273,281100
2025-03-28,27.100000381469727,27.200000762939453,26.100000381469727,26.149999618530273,232538
2025-03-31,25.200000762939453,25.200000762939453,24.5,24.5,270109
2025-04-01,24.600000381469727,25.299999237060547,24.600000381469727,24.600000381469727,181050
2025-04-02,24.0,24.600000381469727,24.0,24.200000762939453,133157
2025-04-07,21.799999237060547,21.799999237060547,21.799999237060547,21.799999237060547,80094
2025-04-08,19.649999618530273,19.649999618530273,19.649999618530273,19.649999618530273,108223
2025-04-09,17.700000762939453,17.700000762939453,17.700000762939453,17.700000762939453,214240
2025-04-10,18.899999618530273,19.450000762939453,18.5,19.200000762939453,2062759
2025-04-11,17.299999237060547,17.899999618530273,17.299999237060547,17.700000762939453,1268391
2025-04-14,18.299999237060547,19.450000762939453,18.299999237060547,19.450000762939453,386100
2025-04-15,21.350000381469727,21.350000381469727,21.100000381469727,21.350000381469727,661209
2025-04-16,22.450000762939453,23.399999618530273,21.5,21.700000762939453,2087091
2025-04-17,21.5,21.950000762939453,20.100000381469727,20.549999237060547,1045000
2025-04-18,20.799999237060547,22.600000381469727,20.799999237060547,22.600000381469727,548161
2025-04-21,24.850000381469727,24.850000381469727,23.5,23.600000381469727,2465769
2025-04-22,23.549999237060547,24.850000381469727,22.700000762939453,22.799999237060547,3734001
2025-04-23,23.850000381469727,24.600000381469727,23.200000762939453,23.299999237060547,2935055
2025-04-24,23.549999237060547,25.600000381469727,22.75,25.600000381469727,4166822
2025-04-25,27.0,28.149999618530273,27.0,28.149999618530273,5236450
2025-04-28,28.200000762939453,30.950000762939453,28.0,28.5,20826689
2025-04-29,28.350000381469727,31.299999237060547,27.799999237060547,30.600000381469727,15564523
2025-04-30,30.799999237060547,31.850000381469727,29.049999237060547,30.299999237060547,10314704
2025-05-02,30.399999618530273,31.0,29.399999618530273,29.950000762939453,4298965
2025-05-05,30.200000762939453,30.200000762939453,27.600000381469727,28.0,3707825
2025-05-06,28.0,30.799999237060547,27.850000381469727,30.799999237060547,5968017
2025-05-07,31.850000381469727,31.899999618530273,29.100000381469727,29.399999618530273,13080859
2025-05-08,29.600000381469727,31.600000381469727,29.25,29.25,7866646
2025-05-09,30.0,30.700000762939453,27.950000762939453,28.399999618530273,5658166
2025-05-12,28.899999618530273,29.950000762939453,28.549999237060547,29.450000762939453,2854050
2025-05-13,29.850000381469727,30.450000762939453,29.149999618530273,29.450000762939453,2661343
2025-05-14,29.200000762939453,30.649999618530273,29.0,29.0,3036250
2025-05-15,29.0,29.450000762939453,28.399999618530273,28.450000762939453,1212455
2025-05-16,28.399999618530273,29.100000381469727,28.049999237060547,28.149999618530273,1034360
2025-05-19,27.950000762939453,28.149999618530273,27.0,27.5,1200003
2025-05-20,27.649999618530273,27.899999618530273,27.049999237060547,27.299999237060547,780300
2025-05-21,28.0,30.0,27.899999618530273,30.0,5619828
2025-05-22,29.799999237060547,29.799999237060547,28.299999237060547,28.299999237060547,5728621
2025-05-23,28.549999237060547,28.850000381469727,27.700000762939453,27.700000762939453,826100
2025-05-26,27.850000381469727,28.399999618530273,27.299999237060547,27.649999618530273,920005
2025-05-27,27.799999237060547,28.799999237060547,26.549999237060547,26.600000381469727,2386850
2025-05-28,27.0,28.649999618530273,26.700000762939453,26.799999237060547,2236000
2025-05-29,26.899999618530273,26.950000762939453,26.200000762939453,26.399999618530273,898323
2025-06-02,26.25,26.25,25.399999618530273,25.899999618530273,898100
2025-06-03,26.399999618530273,26.75,25.350000381469727,25.399999618530273,865073
2025-06-04,26.100000381469727,26.799999237060547,26.0,26.0,1040224
2025-06-05,26.350000381469727,26.5,25.700000762939453,25.899999618530273,572200
2025-06-06,25.950000762939453,26.0,25.600000381469727,25.700000762939453,347375
2025-06-09,25.799999237060547,25.950000762939453,25.299999237060547,25.450000762939453,329549
2025-06-10,25.5,26.450000762939453,25.5,25.700000762939453,556150
2025-06-11,25.700000762939453,27.75,25.549999237060547,26.700000762939453,2002104
2025-06-12,26.600000381469727,27.0,26.200000762939453,26.299999237060547,689562
2025-06-13,26.149999618530273,26.600000381469727,25.549999237060547,25.950000762939453,640000
2025-06-16,25.450000762939453,25.950000762939453,25.399999618530273,25.75,250252
2025-06-17,25.850000381469727,26.700000762939453,25.850000381469727,26.299999237060547,498004
2025-06-18,26.200000762939453,27.0,26.200000762939453,26.549999237060547,507464
2025-06-19,27.0,29.200000762939453,26.0,26.0,11337186
2025-06-20,26.049999237060547,26.350000381469727,25.100000381469727,25.100000381469727,1940100
2025-06-23,24.549999237060547,25.0,23.799999237060547,24.600000381469727,1124050
2025-06-24,25.049999237060547,25.450000762939453,25.0,25.25,513901
2025-06-25,25.600000381469727,26.049999237060547,25.25,25.5,395205
2025-06-26,25.600000381469727,26.100000381469727,25.399999618530273,25.399999618530273,409000
2025-06-27,25.850000381469727,26.299999237060547,25.450000762939453,25.850000381469727,505050
2025-06-30,26.25,26.25,25.100000381469727,25.100000381469727,393001
2025-07-01,25.100000381469727,25.600000381469727,25.100000381469727,25.350000381469727,174000
2025-07-02,25.649999618530273,25.75,25.350000381469727,25.700000762939453,234200
2025-07-03,25.549999237060547,25.899999618530273,25.549999237060547,25.899999618530273,219000
2025-07-04,25.200000762939453,25.950000762939453,24.200000762939453,24.200000762939453,568457
2025-07-07,24.149999618530273,24.25,23.600000381469727,23.700000762939453,215138
2025-07-08,23.700000762939453,24.25,23.549999237060547,23.700000762939453,151150
2025-07-09,23.700000762939453,24.100000381469727,23.700000762939453,24.0,139021
2025-07-10,25.549999237060547,25.549999237060547,24.149999618530273,24.149999618530273,810078
2025-07-11,23.75,24.049999237060547,23.299999237060547,23.299999237060547,360100
2025-07-14,23.299999237060547,23.299999237060547,22.649999618530273,23.0,300000
2025-07-15,23.549999237060547,23.649999618530273,22.899999618530273,22.899999618530273,190100
2025-07-16,23.350000381469727,24.149999618530273,23.25,23.399999618530273,771000
2025-07-17,23.5,23.799999237060547,23.25,23.399999618530273,175046
2025-07-18,23.549999237060547,23.649999618530273,23.049999237060547,23.100000381469727,217021
2025-07-21,23.350000381469727,23.350000381469727,22.850000381469727,22.950000762939453,162000
2025-07-22,23.049999237060547,23.5,21.799999237060547,22.100000381469727,524050
2025-07-23,22.399999618530273,22.649999618530273,22.200000762939453,22.549999237060547,268050
2025-07-24,22.75,22.950000762939453,22.549999237060547,22.950000762939453,221500
2025-07-25,23.299999237060547,23.649999618530273,22.549999237060547,22.549999237060547,380000
2025-07-28,22.5,22.649999618530273,22.299999237060547,22.399999618530273,101356
2025-07-29,22.5,22.5,22.100000381469727,22.399999618530273,138100
2025-07-30,22.399999618530273,22.549999237060547,22.149999618530273,22.450000762939453,122050
2025-07-31,22.5,22.5,22.100000381469727,22.100000381469727,172337
2025-08-04,22.399999618530273,23.399999618530273,22.100000381469727,23.399999618530273,260010
2025-08-05,23.799999237060547,23.799999237060547,23.200000762939453,23.399999618530273,204146
2025-08-06,23.600000381469727,23.75,23.049999237060547,23.350000381469727,268117
2025-08-07,23.450000762939453,23.600000381469727,23.049999237060547,23.100000381469727,89100
2025-08-08,23.100000381469727,23.25,22.799999237060547,22.950000762939453,135000
2025-08-11,23.0,23.0,22.5,22.600000381469727,151452
2025-08-12,22.649999618530273,23.5,22.649999618530273,23.0,185501
2025-08-13,23.299999237060547,23.450000762939453,22.899999618530273,23.399999618530273,242050
2025-08-14,23.5,23.5,22.950000762939453,23.25,251041
2025-08-15,23.399999618530273,23.600000381469727,23.100000381469727,23.350000381469727,153039
2025-08-18,23.399999618530273,23.399999618530273,22.75,23.0,258154
2025-08-19,23.350000381469727,23.649999618530273,22.899999618530273,23.100000381469727,340250
2025-08-20,23.100000381469727,23.149999618530273,22.399999618530273,23.0,216020
2025-08-21,23.049999237060547,24.549999237060547,22.950000762939453,23.399999618530273,665128
2025-08-22,23.75,24.049999237060547,23.0,23.0,302127
2025-08-25,23.25,24.450000762939453,23.200000762939453,23.200000762939453,544575
2025-08-26,23.549999237060547,25.5,23.399999618530273,25.5,1556581
2025-08-27,26.549999237060547,27.25,24.600000381469727,24.600000381469727,5653399
2025-08-28,24.700000762939453,25.450000762939453,24.5,24.5,1035211
2025-08-29,25.100000381469727,25.100000381469727,23.700000762939453,23.700000762939453,616387
2025-09-01,24.200000762939453,24.25,23.25,23.25,387050
2025-09-02,23.600000381469727,23.700000762939453,22.649999618530273,22.950000762939453,293100
2025-09-03,23.0,23.399999618530273,23.0,23.049999237060547,252001
2025-09-04,23.350000381469727,23.450000762939453,22.899999618530273,22.950000762939453,184050
2025-09-05,23.299999237060547,23.350000381469727,22.75,22.950000762939453,231399
2025-09-08,23.399999618530273,23.399999618530273,22.799999237060547,22.799999237060547,180544
2025-09-09,23.0,23.0,22.700000762939453,22.75,142000
2025-09-10,22.799999237060547,23.950000762939453,22.799999237060547,23.200000762939453,700100
2025-09-11,23.200000762939453,23.200000762939453,22.200000762939453,22.200000762939453,476011
2025-09-12,22.299999237060547,22.700000762939453,22.100000381469727,22.350000381469727,248489
2025-09-15,22.450000762939453,22.450000762939453,21.299999237060547,21.600000381469727,420091
2025-09-16,21.350000381469727,21.950000762939453,21.350000381469727,21.899999618530273,213200
2025-09-17,22.0,22.700000762939453,22.0,22.100000381469727,327391
2025-09-18,22.450000762939453,22.600000381469727,22.200000762939453,22.350000381469727,163840
2025-09-19,22.350000381469727,22.5,22.200000762939453,22.200000762939453,164196
2025-09-22,22.350000381469727,22.700000762939453,22.149999618530273,22.299999237060547,199200
2025-09-23,22.399999618530273,22.450000762939453,22.0,22.049999237060547,196099
2025-09-24,22.100000381469727,22.149999618530273,21.850000381469727,22.0,122125
2025-09-25,22.0,22.850000381469727,21.850000381469727,22.100000381469727,394050
2025-09-26,22.100000381469727,22.100000381469727,21.200000762939453,21.25,389010
2025-09-30,21.299999237060547,21.549999237060547,21.200000762939453,21.549999237060547,91610
2025-10-01,21.700000762939453,21.700000762939453,21.299999237060547,21.350000381469727,98360
2025-10-02,21.649999618530273,21.649999618530273,21.0,21.049999237060547,190240
2025-10-03,21.200000762939453,22.0,21.100000381469727,21.100000381469727,273050
2025-10-07,21.549999237060547,21.600000381469727,21.100000381469727,21.450000762939453,236070
2025-10-08,21.450000762939453,21.450000762939453,20.950000762939453,21.149999618530273,261000
2025-10-09,21.350000381469727,21.350000381469727,21.0,21.100000381469727,179000
2025-10-13,20.100000381469727,20.549999237060547,19.899999618530273,20.549999237060547,309099
2025-10-14,20.700000762939453,21.600000381469727,20.299999237060547,20.299999237060547,310210
2025-10-15,20.5,20.5,20.25,20.399999618530273,139550
2025-10-16,20.25,20.899999618530273,20.25,20.75,131201
2025-10-17,21.100000381469727,21.100000381469727,20.350000381469727,20.399999618530273,151273
2025-10-20,20.450000762939453,20.600000381469727,20.25,20.5,128270
2025-10-21,20.700000762939453,21.200000762939453,20.549999237060547,21.0,242227
2025-10-22,21.0,21.100000381469727,20.850000381469727,20.899999618530273,52625
2025-10-23,20.850000381469727,20.950000762939453,20.799999237060547,20.799999237060547,73022
2025-10-27,20.799999237060547,20.799999237060547,20.350000381469727,20.450000762939453,115402
2025-10-28,20.450000762939453,20.450000762939453,20.049999237060547,20.049999237060547,166000
2025-10-29,20.100000381469727,20.600000381469727,20.100000381469727,20.299999237060547,174200
2025-10-30,20.299999237060547,20.299999237060547,19.899999618530273,19.899999618530273,275206
2025-10-31,20.200000762939453,21.200000762939453,19.950000762939453,20.149999618530273,195056
2025-11-03,20.200000762939453,20.399999618530273,20.0,20.0,90004
2025-11-04,20.299999237060547,20.299999237060547,19.600000381469727,19.600000381469727,154073
2025-11-05,19.600000381469727,19.600000381469727,18.799999237060547,19.299999237060547,255800
2025-11-06,19.350000381469727,19.450000762939453,19.049999237060547,19.049999237060547,143050
2025-11-07,19.049999237060547,19.25,18.850000381469727,19.200000762939453,147000
2025-11-10,19.200000762939453,19.600000381469727,18.799999237060547,19.549999237060547,110017
2025-11-11,19.5,19.799999237060547,19.399999618530273,19.649999618530273,87300
2025-11-12,19.649999618530273,20.450000762939453,19.5,20.0,185000
2025-11-13,20.100000381469727,20.299999237060547,19.899999618530273,20.0,165000
2025-11-14,19.899999618530273,20.299999237060547,19.899999618530273,20.0,116100
2025-11-17,20.049999237060547,20.25,19.299999237060547,19.700000762939453,91500
2025-11-18,19.549999237060547,19.549999237060547,18.799999237060547,19.0,154000
2025-11-19,18.700000762939453,19.049999237060547,18.149999618530273,18.450000762939453,148250
2025-11-20,18.850000381469727,19.100000381469727,18.549999237060547,18.850000381469727,89000
2025-11-21,18.799999237060547,19.049999237060547,18.100000381469727,18.450000762939453,173000
2025-11-24,18.549999237060547,18.850000381469727,18.399999618530273,18.799999237060547,31000
2025-11-25,18.799999237060547,19.200000762939453,18.700000762939453,18.75,40000
2025-11-26,18.850000381469727,19.700000762939453,18.850000381469727,19.200000762939453,159250
2025-11-27,19.200000762939453,19.399999618530273,19.100000381469727,19.350000381469727,59000
2025-11-28,19.200000762939453,19.899999618530273,19.200000762939453,19.649999618530273,73050
2025-12-01,19.649999618530273,19.649999618530273,19.049999237060547,19.450000762939453,62000
2025-12-02,19.25,19.799999237060547,19.200000762939453,19.549999237060547,39000
2025-12-03,19.549999237060547,20.100000381469727,19.549999237060547,19.899999618530273,179002
2025-12-04,19.899999618530273,20.100000381469727,19.700000762939453,20.049999237060547,52500
2025-12-05,20.200000762939453,20.200000762939453,19.700000762939453,19.850000381469727,48000
2025-12-08,19.950000762939453,19.950000762939453,19.600000381469727,19.850000381469727,22000
2025-12-09,19.700000762939453,20.149999618530273,19.549999237060547,19.799999237060547,35000
2025-12-10,19.799999237060547,19.899999618530273,19.600000381469727,19.649999618530273,78153
2025-12-11,20.149999618530273,21.600000381469727,20.049999237060547,21.600000381469727,1389160
2025-12-12,22.0,22.100000381469727,20.700000762939453,20.75,934308
2025-12-15,20.899999618530273,21.75,20.5,20.799999237060547,524010
2025-12-16,20.799999237060547,21.299999237060547,20.5,20.600000381469727,280101
2025-12-17,21.0,21.0,20.100000381469727,20.299999237060547,185250
2025-12-18,20.399999618530273,20.899999618530273,19.899999618530273,19.899999618530273,212006
2025-12-19,20.149999618530273,20.75,20.0,20.049999237060547,244150
2025-12-22,20.299999237060547,20.700000762939453,20.049999237060547,20.700000762939453,168796
2025-12-23,20.700000762939453,20.700000762939453,20.299999237060547,20.299999237060547,106239
2025-12-24,20.5,20.5,20.200000762939453,20.200000762939453,99200
2025-12-26,20.25,20.549999237060547,20.149999618530273,20.5,140000
2025-12-29,20.75,20.850000381469727,20.25,20.299999237060547,134550
2025-12-30,20.100000381469727,20.100000381469727,19.700000762939453,19.950000762939453,174050
2025-12-31,19.899999618530273,20.149999618530273,19.799999237060547,19.899999618530273,67100
2026-01-02,20.049999237060547,20.75,20.0,20.5,147155
2026-01-05,20.700000762939453,20.700000762939453,19.899999618530273,19.950000762939453,156151
2026-01-06,19.950000762939453,21.899999618530273,19.950000762939453,21.899999618530273,800210
2026-01-07,22.649999618530273,22.899999618530273,21.200000762939453,21.299999237060547,1710258
2026-01-08,21.100000381469727,22.149999618530273,21.049999237060547,21.899999618530273,898177
2026-01-09,22.600000381469727,24.049999237060547,22.399999618530273,24.049999237060547,4853485
2026-01-12,24.200000762939453,24.899999618530273,23.149999618530273,23.149999618530273,4549060
2026-01-13,23.299999237060547,23.950000762939453,23.100000381469727,23.350000381469727,1578250
2026-01-14,23.350000381469727,23.450000762939453,23.100000381469727,23.25,622055
2026-01-15,23.049999237060547,23.149999618530273,22.600000381469727,22.799999237060547,535710
2026-01-16,23.399999618530273,24.799999237060547,23.350000381469727,24.0,2500204
2026-01-19,24.25,24.450000762939453,23.600000381469727,23.899999618530273,1075010
2026-01-20,23.700000762939453,23.700000762939453,23.049999237060547,23.049999237060547,490013
2026-01-21,22.850000381469727,22.950000762939453,22.049999237060547,22.049999237060547,390402
2026-01-22,22.25,22.600000381469727,22.0,22.200000762939453,423050
2026-01-23,22.350000381469727,22.549999237060547,21.899999618530273,21.950000762939453,280051
2026-01-26,22.049999237060547,22.149999618530273,21.899999618530273,22.049999237060547,166300
2026-01-27,22.149999618530273,22.899999618530273,21.799999237060547,22.899999618530273,542523
2026-01-28,24.200000762939453,24.350000381469727,23.149999618530273,23.549999237060547,1567050
2026-01-29,23.549999237060547,24.049999237060547,22.649999618530273,22.75,514234
2026-01-30,22.5,22.549999237060547,21.200000762939453,21.200000762939453,496296
2026-02-02,21.0,21.0,20.200000762939453,20.299999237060547,289360
2026-02-03,20.799999237060547,20.850000381469727,19.799999237060547,20.100000381469727,211051
2026-02-04,20.350000381469727,20.899999618530273,20.149999618530273,20.899999618530273,316049
2026-02-05,20.549999237060547,21.100000381469727,20.450000762939453,20.600000381469727,101199
2026-02-06,20.75,20.75,19.700000762939453,20.100000381469727,269106
2026-02-09,22.100000381469727,22.100000381469727,22.100000381469727,22.100000381469727,286060
2026-02-10,22.100000381469727,23.100000381469727,21.649999618530273,21.649999618530273,950045
2026-02-11,22.0,22.100000381469727,21.450000762939453,21.75,271300
2026-02-23,22.350000381469727,22.799999237060547,21.700000762939453,22.200000762939453,313100
2026-02-24,22.200000762939453,23.0,22.0,22.0,277123
2026-02-25,22.100000381469727,22.399999618530273,21.899999618530273,22.0,332250
2026-02-26,21.950000762939453,22.399999618530273,21.950000762939453,22.100000381469727,165021
2026-03-02,21.549999237060547,22.350000381469727,21.549999237060547,22.100000381469727,113000
2026-03-03,22.149999618530273,22.200000762939453,21.399999618530273,21.549999237060547,201003
2026-03-04,21.399999618530273,21.399999618530273,20.200000762939453,20.450000762939453,263000
2026-03-05,21.549999237060547,21.549999237060547,21.100000381469727,21.200000762939453,218000
2026-03-06,20.950000762939453,21.5,20.899999618530273,21.200000762939453,139052
2026-03-09,20.5,20.5,20.0,20.149999618530273,230000
2026-03-10,20.950000762939453,21.350000381469727,20.700000762939453,20.950000762939453,190000
2026-03-11,20.600000381469727,21.75,20.600000381469727,21.600000381469727,171160
2026-03-12,22.0,22.5,21.700000762939453,21.700000762939453,146105
2026-03-13,21.5,21.700000762939453,21.399999618530273,21.549999237060547,81000
2026-03-16,21.899999618530273,22.049999237060547,20.950000762939453,20.950000762939453,116000
2026-03-17,21.049999237060547,21.600000381469727,20.950000762939453,21.0,230600
2026-03-18,21.350000381469727,21.450000762939453,20.700000762939453,20.950000762939453,174300
2026-03-19,20.950000762939453,21.0,20.549999237060547,20.549999237060547,107000
2026-03-20,20.649999618530273,20.799999237060547,20.5,20.649999618530273,103000
2026-03-23,20.5,20.5,20.0,20.0,200014
2026-03-24,20.399999618530273,20.399999618530273,19.600000381469727,19.899999618530273,129386
2026-03-25,20.25,20.299999237060547,20.0,20.149999618530273,75500
2026-03-26,20.549999237060547,20.549999237060547,19.950000762939453,19.950000762939453,60000
2026-03-27,19.899999618530273,19.899999618530273,19.600000381469727,19.850000381469727,72033
2026-03-30,19.600000381469727,19.600000381469727,19.350000381469727,19.399999618530273,77108
2026-03-31,19.399999618530273,19.549999237060547,18.600000381469727,18.600000381469727,146001
2026-04-01,18.799999237060547,20.450000762939453,18.799999237060547,20.450000762939453,320450
2026-04-02,20.799999237060547,21.049999237060547,20.049999237060547,20.049999237060547,384025
2026-04-07,20.100000381469727,20.450000762939453,19.700000762939453,19.700000762939453,127159
2026-04-08,19.950000762939453,20.100000381469727,19.75,19.950000762939453,81076
2026-04-09,20.0,20.149999618530273,19.850000381469727,19.899999618530273,81500
2026-04-10,21.549999237060547,21.850000381469727,21.25,21.850000381469727,354050
2026-04-13,22.0,22.0,20.100000381469727,21.25,569000
2026-04-14,21.5,22.799999237060547,21.25,21.75,420020
2026-04-15,23.350000381469727,23.899999618530273,23.200000762939453,23.899999618530273,1931691
2026-04-16,23.700000762939453,23.700000762939453,22.200000762939453,23.0,1355020
2026-04-17,23.0,23.200000762939453,22.549999237060547,22.899999618530273,446387
2026-04-20,23.149999618530273,23.950000762939453,22.799999237060547,23.299999237060547,912105
2026-04-21,23.350000381469727,23.700000762939453,22.850000381469727,23.100000381469727,389202
2026-04-22,23.149999618530273,25.0,22.799999237060547,23.700000762939453,1218204
2026-04-23,23.799999237060547,24.0,22.450000762939453,22.899999618530273,624922
2026-04-24,23.200000762939453,23.299999237060547,22.549999237060547,22.950000762939453,202060
2026-04-27,23.0,23.0,22.0,22.5,211200
2026-04-28,22.350000381469727,22.799999237060547,22.049999237060547,22.799999237060547,162100
2026-04-29,22.75,22.799999237060547,22.399999618530273,22.549999237060547,103009
2026-04-30,22.649999618530273,23.600000381469727,22.399999618530273,22.5,222128
2026-05-04,22.799999237060547,23.649999618530273,22.549999237060547,23.450000762939453,438300
2026-05-05,23.850000381469727,23.850000381469727,23.049999237060547,23.25,221100
2026-05-06,23.549999237060547,23.549999237060547,22.649999618530273,22.799999237060547,253500
2026-05-07,23.0,25.049999237060547,23.0,25.049999237060547,2920220
2026-05-08,25.0,26.399999618530273,24.200000762939453,24.549999237060547,2693137
2026-05-11,24.350000381469727,25.25,24.049999237060547,24.5,616100
2026-05-12,24.850000381469727,25.049999237060547,23.899999618530273,23.950000762939453,454039
2026-05-13,23.799999237060547,24.149999618530273,23.25,24.0,211300
2026-05-14,24.200000762939453,24.25,23.450000762939453,23.799999237060547,364055
2026-05-15,24.200000762939453,24.299999237060547,23.700000762939453,23.75,223150
2026-05-18,23.799999237060547,24.950000762939453,23.25,24.649999618530273,364171
2026-05-19,24.799999237060547,25.5,24.200000762939453,24.25,363030
2026-05-20,24.299999237060547,25.5,24.299999237060547,24.700000762939453,413170
2026-05-21,25.049999237060547,25.799999237060547,24.850000381469727,25.350000381469727,597545
2026-05-22,25.700000762939453,27.850000381469727,25.600000381469727,27.600000381469727,2107934
2026-05-25,28.149999618530273,28.149999618530273,26.950000762939453,27.200000762939453,1050250
2026-05-26,27.399999618530273,27.5,26.0,26.600000381469727,708719
2026-05-27,26.899999618530273,27.75,26.799999237060547,26.899999618530273,555500
2026-05-28,27.0,27.899999618530273,26.200000762939453,26.200000762939453,578064
2026-05-29,26.5,27.649999618530273,26.299999237060547,27.600000381469727,493803
2026-06-01,28.200000762939453,28.850000381469727,27.399999618530273,27.700000762939453,840293
2026-06-02,27.899999618530273,28.200000762939453,27.350000381469727,27.799999237060547,352080
2026-06-03,28.049999237060547,28.100000381469727,27.200000762939453,27.25,380583
2026-06-04,27.049999237060547,27.399999618530273,26.0,26.0,374126
2026-06-05,26.200000762939453,26.549999237060547,25.350000381469727,26.200000762939453,308096
2026-06-08,25.299999237060547,25.299999237060547,23.799999237060547,24.600000381469727,294079
2026-06-09,24.649999618530273,25.25,24.549999237060547,24.75,200000
2026-06-10,25.149999618530273,27.200000762939453,25.149999618530273,26.25,1094001
2026-06-11,27.0,28.5,26.350000381469727,27.149999618530273,1264100
2026-06-12,27.549999237060547,29.399999618530273,26.799999237060547,27.25,1085368
2026-06-15,27.399999618530273,27.600000381469727,26.950000762939453,27.450000762939453,443221
2026-06-16,27.899999618530273,30.100000381469727,27.299999237060547,28.950000762939453,1931010
2026-06-17,28.75,30.350000381469727,28.049999237060547,28.700000762939453,1438000
2026-06-18,28.799999237060547,29.100000381469727,28.299999237060547,28.399999618530273,568447
2026-06-22,29.149999618530273,30.5,28.799999237060547,29.600000381469727,1183237
2026-06-23,29.950000762939453,31.299999237060547,29.350000381469727,29.850000381469727,2027500
2026-06-24,29.549999237060547,30.100000381469727,28.350000381469727,28.899999618530273,707970
2026-06-25,28.700000762939453,28.75,27.450000762939453,27.5,510304
2026-06-26,27.149999618530273,27.549999237060547,25.850000381469727,25.850000381469727,500433
2026-06-29,25.799999237060547,26.299999237060547,25.450000762939453,25.5,324025
2026-06-30,25.850000381469727,27.600000381469727,25.799999237060547,27.450000762939453,319420
2026-07-01,27.799999237060547,28.0,26.5,26.5,264005
2026-07-02,26.0,26.75,26.0,26.600000381469727,231000
2026-07-03,26.399999618530273,27.200000762939453,26.149999618530273,26.649999618530273,135000
2026-07-06,27.200000762939453,27.299999237060547,26.149999618530273,26.149999618530273,256049
2026-07-07,26.25,26.799999237060547,25.25,25.299999237060547,383050
2026-07-08,25.399999618530273,25.799999237060547,24.899999618530273,25.200000762939453,239150
2026-07-09,26.600000381469727,27.700000762939453,26.600000381469727,27.700000762939453,647028
2026-07-10,27.700000762939453,27.700000762939453,27.700000762939453,27.700000762939453,0
2026-07-13,27.649999618530273,28.5,26.25,26.450000762939453,1310005
2026-07-14,26.350000381469727,26.450000762939453,24.25,25.399999618530273,390253
2026-07-15,25.649999618530273,26.0,25.450000762939453,25.600000381469727,122200
2026-07-16,25.200000762939453,25.350000381469727,24.600000381469727,24.600000381469727,193250
2026-07-17,24.200000762939453,24.200000762939453,22.450000762939453,23.0,266000
2026-07-20,23.0,23.149999618530273,22.149999618530273,22.75,122000
2026-07-21,22.799999237060547,23.350000381469727,22.799999237060547,23.149999618530273,47000
2026-07-22,23.75,23.850000381469727,23.5,23.5,74000
2026-07-23,23.649999618530273,23.649999618530273,22.950000762939453,23.100000381469727,74103
2026-07-24,23.100000381469727,23.100000381469727,22.549999237060547,22.799999237060547,87000
2026-07-27,22.899999618530273,22.899999618530273,22.299999237060547,22.600000381469727,73100
2026-07-28,22.149999618530273,22.299999237060547,21.5,21.5,122009
2026-07-29,21.899999618530273,21.899999618530273,19.850000381469727,19.850000381469727,297001
2026-07-30,19.850000381469727,20.850000381469727,19.75,20.100000381469727,194200
2026-07-31,21.899999618530273,21.899999618530273,20.899999618530273,21.149999618530273,82212
2026-08-03,20.850000381469727,22.100000381469727,20.850000381469727,21.549999237060547,98015
2026-08-04,21.899999618530273,22.0,21.549999237060547,21.899999618530273,79692
2026-08-05,22.799999237060547,22.850000381469727,22.25,22.450000762939453,94005
2026-08-06,22.399999618530273,22.899999618530273,22.200000762939453,22.799999237060547,55050
2026-08-07,24.899999618530273,25.049999237060547,23.549999237060547,23.600000381469727,974025
2026-08-10,24.450000762939453,24.950000762939453,24.25,24.350000381469727,473000
2026-08-11,24.350000381469727,25.200000762939453,24.350000381469727,24.600000381469727,137125
2026-08-12,25.0,26.200000762939453,24.649999618530273,24.649999618530273,384113
2026-08-13,24.649999618530273,25.100000381469727,24.0,24.450000762939453,489000
2026-08-14,24.450000762939453,24.700000762939453,24.149999618530273,24.649999618530273,139000
2026-08-17,24.299999237060547,24.399999618530273,24.0,24.149999618530273,75121
2026-08-18,23.850000381469727,23.950000762939453,23.149999618530273,23.200000762939453,113010
2026-08-19,23.0,23.549999237060547,22.950000762939453,23.149999618530273,104259
2026-08-20,23.200000762939453,23.450000762939453,23.200000762939453,23.25,42000
2026-08-21,23.149999618530273,23.149999618530273,22.799999237060547,22.799999237060547,73552
2026-08-24,23.100000381469727,23.450000762939453,23.0,23.399999618530273,87176
2026-08-25,23.399999618530273,23.399999618530273,22.649999618530273,22.75,89050
2026-08-26,23.25,23.450000762939453,23.100000381469727,23.25,55000
2026-08-27,23.5,23.600000381469727,23.25,23.299999237060547,72642
2026-08-28,23.399999618530273,23.549999237060547,23.049999237060547,23.049999237060547,48200
2026-08-31,23.0,23.0,22.75,22.799999237060547,81150
2026-09-01,22.799999237060547,23.200000762939453,22.799999237060547,23.100000381469727,56100
2026-09-02,23.100000381469727,23.799999237060547,23.100000381469727,23.399999618530273,134265
2026-09-03,23.5,23.5,22.899999618530273,22.899999618530273,112100
2026-09-04,23.299999237060547,23.299999237060547,22.649999618530273,23.149999618530273,112100
2026-09-07,23.299999237060547,23.299999237060547,22.850000381469727,22.850000381469727,158127
2026-09-08,23.0,23.100000381469727,22.75,22.75,59050
2026-09-09,22.850000381469727,23.100000381469727,22.5,22.5,116235
2026-09-10,22.75,22.75,22.399999618530273,22.399999618530273,69000
2026-09-11,22.149999618530273,22.149999618530273,21.700000762939453,21.799999237060547,80100
2026-09-14,21.799999237060547,22.450000762939453,21.5,22.25,69073
2026-09-15,22.5,22.549999237060547,22.0,22.049999237060547,38000
2026-09-16,22.149999618530273,22.299999237060547,22.049999237060547,22.049999237060547,35018
2026-09-17,22.149999618530273,22.350000381469727,22.149999618530273,22.299999237060547,34235
2026-09-18,22.200000762939453,22.5,22.149999618530273,22.299999237060547,112680
2026-09-21,22.299999237060547,22.850000381469727,22.299999237060547,22.600000381469727,80109
2026-09-22,23.149999618530273,23.149999618530273,22.549999237060547,22.600000381469727,51100
2026-09-23,22.350000381469727,22.75,22.25,22.299999237060547,43058
2026-09-24,22.399999618530273,22.399999618530273,22.200000762939453,22.200000762939453,20050
