Date,Open,High,Low,Close,Volume
2016-09-26,17.0,17.0,16.649999618530273,16.799999237060547,28000
2016-09-27,16.799999237060547,16.799999237060547,16.799999237060547,16.799999237060547,0
2016-09-28,16.799999237060547,16.799999237060547,16.799999237060547,16.799999237060547,0
2016-09-29,16.649999618530273,16.700000762939453,16.399999618530273,16.700000762939453,18000
2016-09-30,16.700000762939453,16.700000762939453,16.299999237060547,16.450000762939453,31000
2016-10-03,16.600000381469727,16.600000381469727,16.149999618530273,16.299999237060547,50000
2016-10-04,16.299999237060547,16.350000381469727,16.149999618530273,16.350000381469727,17000
2016-10-05,16.350000381469727,16.399999618530273,16.149999618530273,16.350000381469727,24000
2016-10-06,16.5,16.649999618530273,16.450000762939453,16.649999618530273,14000
2016-10-07,16.600000381469727,16.649999618530273,16.450000762939453,16.649999618530273,12000
2016-10-11,16.450000762939453,16.600000381469727,16.350000381469727,16.600000381469727,44000
2016-10-12,16.899999618530273,16.899999618530273,16.399999618530273,16.399999618530273,18000
2016-10-13,16.649999618530273,16.649999618530273,15.800000190734863,15.899999618530273,44000
2016-10-14,15.699999809265137,15.800000190734863,14.899999618530273,15.0,105000
2016-10-17,15.350000381469727,15.350000381469727,15.25,15.25,14000
2016-10-18,15.199999809265137,15.199999809265137,14.600000381469727,14.800000190734863,46000
2016-10-19,14.949999809265137,15.0,14.75,14.899999618530273,36000
2016-10-20,14.800000190734863,15.050000190734863,14.5,14.800000190734863,112000
2016-10-21,14.800000190734863,15.899999618530273,14.699999809265137,15.5,74000
2016-10-24,15.800000190734863,15.949999809265137,15.5,15.5,76000
2016-10-25,15.649999618530273,15.649999618530273,15.199999809265137,15.399999618530273,32000
2016-10-26,15.550000190734863,15.550000190734863,15.100000381469727,15.25,14000
2016-10-27,15.149999618530273,15.350000381469727,14.899999618530273,14.899999618530273,40000
2016-10-28,15.050000190734863,15.300000190734863,15.0,15.300000190734863,33000
2016-10-31,15.300000190734863,15.300000190734863,15.300000190734863,15.300000190734863,3000
2016-11-01,15.199999809265137,15.300000190734863,15.199999809265137,15.199999809265137,12000
2016-11-02,15.149999618530273,15.149999618530273,15.0,15.0,22000
2016-11-03,15.449999809265137,15.449999809265137,14.699999809265137,15.0,17000
2016-11-04,14.75,14.899999618530273,14.699999809265137,14.699999809265137,15000
2016-11-07,14.949999809265137,15.199999809265137,14.75,15.199999809265137,12000
2016-11-08,15.0,15.0,14.899999618530273,14.899999618530273,7000
2016-11-09,14.699999809265137,14.899999618530273,14.550000190734863,14.899999618530273,44000
2016-11-10,14.600000381469727,15.449999809265137,14.550000190734863,15.449999809265137,20000
2016-11-11,15.300000190734863,15.300000190734863,14.5,14.5,36000
2016-11-14,14.050000190734863,14.25,14.050000190734863,14.199999809265137,19000
2016-11-15,14.350000381469727,14.649999618530273,14.199999809265137,14.25,38000
2016-11-16,14.399999618530273,14.899999618530273,14.25,14.300000190734863,47000
2016-11-17,14.050000190734863,14.300000190734863,14.050000190734863,14.25,55000
2016-11-18,14.199999809265137,14.399999618530273,14.100000381469727,14.25,14000
2016-11-21,14.199999809265137,14.300000190734863,14.100000381469727,14.300000190734863,17000
2016-11-22,14.199999809265137,14.449999809265137,14.199999809265137,14.199999809265137,24000
2016-11-23,14.449999809265137,15.600000381469727,14.399999618530273,15.600000381469727,218000
2016-11-24,16.75,16.799999237060547,15.800000190734863,16.299999237060547,551000
2016-11-25,16.299999237060547,16.299999237060547,15.699999809265137,15.699999809265137,45000
2016-11-28,15.5,15.800000190734863,15.199999809265137,15.350000381469727,48000
2016-11-29,15.199999809265137,15.199999809265137,15.0,15.199999809265137,40000
2016-11-30,15.350000381469727,15.5,15.199999809265137,15.449999809265137,23000
2016-12-01,15.600000381469727,16.149999618530273,15.449999809265137,15.600000381469727,97000
2016-12-02,15.5,15.5,15.25,15.350000381469727,50000
2016-12-05,16.399999618530273,16.549999237060547,15.5,15.600000381469727,48000
2016-12-06,15.600000381469727,16.0,15.5,15.850000381469727,89000
2016-12-07,16.0,16.0,15.649999618530273,15.850000381469727,41000
2016-12-08,15.899999618530273,16.200000762939453,15.899999618530273,16.0,143000
2016-12-09,16.350000381469727,16.350000381469727,15.949999809265137,16.200000762939453,53000
2016-12-12,16.0,16.049999237060547,15.550000190734863,15.899999618530273,26000
2016-12-13,15.600000381469727,15.850000381469727,15.600000381469727,15.800000190734863,17000
2016-12-14,15.600000381469727,15.800000190734863,15.600000381469727,15.649999618530273,38000
2016-12-15,15.800000190734863,16.0,15.649999618530273,15.899999618530273,45000
2016-12-16,16.049999237060547,16.850000381469727,16.049999237060547,16.350000381469727,66000
2016-12-19,16.350000381469727,16.350000381469727,16.200000762939453,16.25,28000
2016-12-20,16.600000381469727,16.600000381469727,16.299999237060547,16.5,77000
2016-12-21,16.600000381469727,17.0,16.549999237060547,16.600000381469727,30000
2016-12-22,16.600000381469727,16.600000381469727,16.25,16.25,41000
2016-12-23,16.399999618530273,16.649999618530273,16.25,16.25,39000
2016-12-26,16.399999618530273,16.399999618530273,16.100000381469727,16.299999237060547,23000
2016-12-27,16.200000762939453,16.399999618530273,16.149999618530273,16.399999618530273,15000
2016-12-28,16.200000762939453,16.549999237060547,16.200000762939453,16.350000381469727,20000
2016-12-29,16.299999237060547,16.5,16.200000762939453,16.450000762939453,24000
2016-12-30,16.200000762939453,16.5,16.149999618530273,16.5,18000
2017-01-03,16.5,16.5,16.299999237060547,16.299999237060547,23000
2017-01-04,16.25,16.399999618530273,16.25,16.25,38000
2017-01-05,16.399999618530273,16.399999618530273,16.200000762939453,16.25,61000
2017-01-06,16.299999237060547,16.299999237060547,16.0,16.299999237060547,36000
2017-01-09,16.299999237060547,16.299999237060547,16.0,16.049999237060547,31000
2017-01-10,16.0,16.100000381469727,15.850000381469727,15.850000381469727,21000
2017-01-11,15.699999809265137,16.0,15.699999809265137,15.949999809265137,15000
2017-01-12,15.800000190734863,15.800000190734863,15.699999809265137,15.699999809265137,9000
2017-01-13,15.699999809265137,15.699999809265137,15.300000190734863,15.550000190734863,9000
2017-01-16,15.350000381469727,15.75,15.350000381469727,15.75,3000
2017-01-17,15.800000190734863,15.800000190734863,15.600000381469727,15.75,10000
2017-01-18,15.699999809265137,15.699999809265137,15.5,15.600000381469727,11000
2017-01-19,15.699999809265137,15.899999618530273,15.699999809265137,15.800000190734863,4000
2017-01-20,15.800000190734863,15.800000190734863,15.399999618530273,15.699999809265137,16000
2017-01-23,15.399999618530273,15.649999618530273,15.300000190734863,15.350000381469727,24000
2017-01-24,15.75,15.75,15.449999809265137,15.699999809265137,12000
2017-02-02,17.0,17.0,15.949999809265137,16.200000762939453,37000
2017-02-03,16.200000762939453,16.5,16.049999237060547,16.149999618530273,35000
2017-02-06,16.25,16.549999237060547,16.200000762939453,16.350000381469727,102000
2017-02-07,16.5,17.100000381469727,16.350000381469727,16.850000381469727,144000
2017-02-08,17.200000762939453,18.0,17.100000381469727,17.350000381469727,217000
2017-02-09,17.5,17.5,16.899999618530273,16.899999618530273,73000
2017-02-10,17.149999618530273,17.350000381469727,16.649999618530273,17.350000381469727,152000
2017-02-13,18.950000762939453,19.049999237060547,18.649999618530273,19.049999237060547,1065000
2017-02-14,20.600000381469727,20.600000381469727,19.100000381469727,19.149999618530273,1382000
2017-02-15,19.600000381469727,19.600000381469727,18.5,18.799999237060547,512000
2017-02-16,18.350000381469727,19.049999237060547,18.350000381469727,18.5,257000
2017-02-17,18.5,18.700000762939453,18.049999237060547,18.100000381469727,114000
2017-02-20,18.149999618530273,18.649999618530273,18.100000381469727,18.5,108000
2017-02-21,18.299999237060547,18.700000762939453,18.299999237060547,18.649999618530273,66000
2017-02-22,19.25,19.25,18.75,19.100000381469727,149000
2017-02-23,19.25,19.299999237060547,18.350000381469727,18.350000381469727,128000
2017-02-24,18.600000381469727,18.600000381469727,18.299999237060547,18.350000381469727,43000
2017-03-01,18.350000381469727,18.350000381469727,18.149999618530273,18.200000762939453,46000
2017-03-02,18.25,18.25,17.799999237060547,17.799999237060547,56000
2017-03-03,18.200000762939453,18.549999237060547,17.799999237060547,17.799999237060547,83000
2017-03-06,17.799999237060547,17.799999237060547,17.5,17.5,34000
2017-03-07,17.149999618530273,17.649999618530273,17.149999618530273,17.350000381469727,56000
2017-03-08,17.200000762939453,17.600000381469727,17.0,17.350000381469727,73000
2017-03-09,17.5,17.600000381469727,17.200000762939453,17.200000762939453,61000
2017-03-10,17.0,17.149999618530273,17.0,17.149999618530273,14000
2017-03-13,17.200000762939453,17.25,17.149999618530273,17.149999618530273,13000
2017-03-14,17.399999618530273,17.450000762939453,17.25,17.299999237060547,25000
2017-03-15,17.200000762939453,17.200000762939453,17.049999237060547,17.200000762939453,27000
2017-03-16,17.299999237060547,17.799999237060547,17.299999237060547,17.549999237060547,113000
2017-03-17,17.75,18.399999618530273,17.700000762939453,17.700000762939453,87000
2017-03-20,18.100000381469727,18.200000762939453,17.600000381469727,18.049999237060547,152000
2017-03-21,18.299999237060547,18.350000381469727,17.899999618530273,18.25,167000
2017-03-22,18.100000381469727,18.600000381469727,18.049999237060547,18.450000762939453,93000
2017-03-23,18.649999618530273,19.0,18.450000762939453,18.799999237060547,166000
2017-03-24,18.950000762939453,18.950000762939453,18.549999237060547,18.850000381469727,143000
2017-03-27,18.850000381469727,18.850000381469727,18.200000762939453,18.799999237060547,141000
2017-03-28,18.549999237060547,18.549999237060547,18.200000762939453,18.399999618530273,28000
2017-03-29,18.350000381469727,18.399999618530273,18.0,18.399999618530273,57000
2017-03-30,17.600000381469727,18.350000381469727,17.600000381469727,18.299999237060547,31000
2017-03-31,18.700000762939453,18.799999237060547,18.299999237060547,18.600000381469727,58000
2017-04-05,18.850000381469727,19.200000762939453,18.549999237060547,18.799999237060547,93000
2017-04-06,18.799999237060547,18.950000762939453,18.399999618530273,18.799999237060547,36000
2017-04-07,18.700000762939453,18.700000762939453,18.350000381469727,18.399999618530273,66000
2017-04-10,18.600000381469727,18.799999237060547,18.200000762939453,18.600000381469727,62000
2017-04-11,18.299999237060547,18.299999237060547,17.649999618530273,17.899999618530273,60000
2017-04-12,17.600000381469727,17.600000381469727,17.200000762939453,17.5,96000
2017-04-13,17.25,17.649999618530273,17.200000762939453,17.399999618530273,58000
2017-04-14,17.549999237060547,17.549999237060547,16.899999618530273,17.399999618530273,27000
2017-04-17,17.200000762939453,17.549999237060547,17.0,17.350000381469727,26000
2017-04-18,17.100000381469727,17.600000381469727,17.100000381469727,17.25,26000
2017-04-19,17.0,17.450000762939453,16.600000381469727,17.450000762939453,79000
2017-04-20,17.350000381469727,17.450000762939453,17.0,17.25,32000
2017-04-21,17.350000381469727,17.75,17.100000381469727,17.350000381469727,46000
2017-04-24,17.350000381469727,17.350000381469727,16.5,16.899999618530273,124000
2017-04-25,16.700000762939453,17.049999237060547,16.549999237060547,17.049999237060547,57000
2017-04-26,17.100000381469727,17.25,16.950000762939453,17.049999237060547,27000
2017-04-27,16.850000381469727,17.049999237060547,16.450000762939453,17.049999237060547,109000
2017-04-28,17.0,17.100000381469727,16.850000381469727,17.049999237060547,64000
2017-05-02,17.049999237060547,17.049999237060547,16.5,16.799999237060547,68000
2017-05-03,16.600000381469727,17.0,16.600000381469727,17.0,52000
2017-05-04,17.049999237060547,18.600000381469727,17.0,18.149999618530273,328000
2017-05-05,18.399999618530273,18.450000762939453,17.799999237060547,17.799999237060547,135000
2017-05-08,18.0,18.0,16.549999237060547,16.799999237060547,158000
2017-05-09,16.899999618530273,17.0,15.850000381469727,15.899999618530273,128000
2017-05-10,15.949999809265137,17.399999618530273,15.899999618530273,16.799999237060547,132000
2017-05-11,17.049999237060547,17.5,16.399999618530273,16.600000381469727,176000
2017-05-12,16.950000762939453,16.950000762939453,16.5,16.75,25000
2017-05-15,16.549999237060547,16.75,16.0,16.450000762939453,99000
2017-05-16,16.399999618530273,16.600000381469727,16.350000381469727,16.5,32000
2017-05-17,16.399999618530273,16.5,16.299999237060547,16.5,49000
2017-05-18,16.399999618530273,16.5,16.350000381469727,16.5,17000
2017-05-19,16.5,16.899999618530273,16.350000381469727,16.899999618530273,72000
2017-05-22,16.799999237060547,16.850000381469727,16.5,16.850000381469727,31000
2017-05-23,16.649999618530273,16.950000762939453,16.600000381469727,16.950000762939453,16000
2017-05-24,17.299999237060547,17.850000381469727,16.950000762939453,17.399999618530273,137000
2017-05-25,17.399999618530273,17.799999237060547,17.350000381469727,17.700000762939453,70000
2017-05-26,17.600000381469727,17.850000381469727,17.450000762939453,17.600000381469727,66000
2017-05-31,17.600000381469727,17.600000381469727,17.399999618530273,17.600000381469727,8000
2017-06-01,17.299999237060547,17.649999618530273,16.600000381469727,17.200000762939453,51000
2017-06-02,17.200000762939453,17.200000762939453,17.200000762939453,17.200000762939453,34000
2017-06-05,17.0,17.5,16.600000381469727,17.5,72000
2017-06-06,17.5,18.200000762939453,17.399999618530273,18.0,193000
2017-06-07,18.399999618530273,18.399999618530273,17.399999618530273,17.5,90000
2017-06-08,17.299999237060547,17.549999237060547,17.200000762939453,17.549999237060547,35000
2017-06-09,17.200000762939453,17.700000762939453,17.200000762939453,17.5,46000
2017-06-12,17.450000762939453,17.450000762939453,17.0,17.100000381469727,37000
2017-06-13,16.799999237060547,17.100000381469727,16.799999237060547,16.799999237060547,84000
2017-06-14,16.850000381469727,16.850000381469727,16.399999618530273,16.450000762939453,31000
2017-06-15,16.5,16.75,16.200000762939453,16.75,43000
2017-06-16,16.950000762939453,16.950000762939453,16.799999237060547,16.799999237060547,14000
2017-06-19,16.799999237060547,16.799999237060547,16.549999237060547,16.600000381469727,33000
2017-06-20,16.600000381469727,16.799999237060547,16.549999237060547,16.549999237060547,32000
2017-06-21,16.600000381469727,16.799999237060547,16.5,16.799999237060547,39000
2017-06-22,17.0,17.200000762939453,16.950000762939453,17.0,62000
2017-06-23,17.149999618530273,17.899999618530273,16.75,17.899999618530273,111000
2017-06-26,18.649999618530273,19.0,18.049999237060547,18.049999237060547,566000
2017-06-27,17.950000762939453,18.100000381469727,17.700000762939453,17.700000762939453,87000
2017-06-28,17.700000762939453,17.799999237060547,17.200000762939453,17.700000762939453,74000
2017-06-29,17.700000762939453,17.700000762939453,17.299999237060547,17.299999237060547,65000
2017-06-30,17.450000762939453,17.450000762939453,17.200000762939453,17.299999237060547,28000
2017-07-03,17.25,17.299999237060547,17.149999618530273,17.299999237060547,5000
2017-07-04,17.0,17.149999618530273,16.899999618530273,16.899999618530273,78000
2017-07-05,16.850000381469727,17.049999237060547,16.850000381469727,16.899999618530273,24000
2017-07-06,16.850000381469727,16.899999618530273,16.75,16.799999237060547,16000
2017-07-07,16.899999618530273,17.049999237060547,16.899999618530273,17.0,30000
2017-07-10,17.0,17.25,16.850000381469727,17.0,50000
2017-07-11,17.149999618530273,17.350000381469727,17.149999618530273,17.149999618530273,81000
2017-07-12,17.100000381469727,17.299999237060547,16.799999237060547,17.25,39000
2017-07-13,17.25,17.25,16.799999237060547,17.100000381469727,128000
2017-07-14,17.200000762939453,17.200000762939453,16.850000381469727,16.950000762939453,27000
2017-07-17,17.0,17.049999237060547,17.0,17.0,19000
2017-07-18,17.100000381469727,17.149999618530273,16.850000381469727,17.0,34000
2017-07-19,17.0,17.149999618530273,16.899999618530273,17.149999618530273,41000
2017-07-20,17.200000762939453,17.200000762939453,16.950000762939453,16.950000762939453,32000
2017-07-21,16.950000762939453,16.950000762939453,16.899999618530273,16.950000762939453,5000
2017-07-24,16.899999618530273,17.0,16.799999237060547,16.899999618530273,10000
2017-07-25,16.850000381469727,16.899999618530273,16.799999237060547,16.899999618530273,38000
2017-07-26,16.799999237060547,17.0,16.799999237060547,16.899999618530273,18000
2017-07-27,17.0,17.350000381469727,16.899999618530273,16.899999618530273,36000
2017-07-28,16.799999237060547,18.25,16.799999237060547,17.450000762939453,2125000
2017-07-31,17.450000762939453,18.350000381469727,17.450000762939453,18.149999618530273,332000
2017-08-01,18.200000762939453,18.200000762939453,17.600000381469727,17.850000381469727,153000
2017-08-02,17.850000381469727,18.149999618530273,17.600000381469727,17.75,113000
2017-08-03,17.75,17.75,17.5,17.549999237060547,133000
2017-08-04,17.649999618530273,17.799999237060547,17.5,17.5,75000
2017-08-07,17.75,18.649999618530273,17.600000381469727,18.350000381469727,254000
2017-08-08,18.350000381469727,18.350000381469727,18.0,18.149999618530273,210000
2017-08-09,18.149999618530273,18.450000762939453,18.0,18.049999237060547,71000
2017-08-10,18.0,18.200000762939453,17.5,17.549999237060547,218000
2017-08-11,17.5,18.0,17.5,17.799999237060547,48000
2017-08-14,18.200000762939453,18.5,17.700000762939453,17.700000762939453,175000
2017-08-15,17.75,18.100000381469727,17.649999618530273,17.700000762939453,71000
2017-08-16,17.850000381469727,17.899999618530273,17.700000762939453,17.799999237060547,34000
2017-08-17,18.100000381469727,18.799999237060547,18.049999237060547,18.799999237060547,375000
2017-08-18,19.0,20.649999618530273,19.0,20.649999618530273,1096000
2017-08-21,22.700000762939453,22.700000762939453,22.700000762939453,22.700000762939453,400086
2017-08-22,24.399999618530273,24.950000762939453,22.799999237060547,22.799999237060547,4554206
2017-08-23,22.600000381469727,25.049999237060547,22.100000381469727,25.049999237060547,2928619
2017-08-24,27.549999237060547,27.549999237060547,27.549999237060547,27.549999237060547,753801
2017-08-25,27.600000381469727,27.649999618530273,25.149999618530273,26.100000381469727,4278102
2017-08-28,25.950000762939453,25.950000762939453,25.200000762939453,25.350000381469727,777331
2017-08-29,25.600000381469727,26.600000381469727,25.600000381469727,25.950000762939453,833330
2017-08-30,26.200000762939453,26.600000381469727,25.049999237060547,25.75,532000
2017-08-31,25.799999237060547,25.950000762939453,25.200000762939453,25.399999618530273,256000
2017-09-01,25.200000762939453,25.799999237060547,25.200000762939453,25.700000762939453,206000
2017-09-04,26.0,26.5,25.799999237060547,25.899999618530273,404000
2017-09-05,25.850000381469727,26.299999237060547,25.200000762939453,26.0,439400
2017-09-06,25.799999237060547,26.200000762939453,25.450000762939453,25.600000381469727,275000
2017-09-07,25.899999618530273,28.149999618530273,25.850000381469727,28.149999618530273,1287000
2017-09-08,28.149999618530273,30.0,27.0,29.299999237060547,1481732
2017-09-11,29.75,29.899999618530273,27.0,27.200000762939453,1322501
2017-09-12,27.0,28.350000381469727,26.700000762939453,27.850000381469727,778095
2017-09-13,27.799999237060547,29.350000381469727,27.549999237060547,28.299999237060547,839102
2017-09-14,28.799999237060547,28.799999237060547,27.75,27.899999618530273,236093
2017-09-15,28.0,28.0,27.299999237060547,27.350000381469727,219000
2017-09-18,27.350000381469727,28.5,26.5,26.799999237060547,511000
2017-09-19,27.399999618530273,27.399999618530273,26.600000381469727,26.799999237060547,180500
2017-09-20,26.799999237060547,26.799999237060547,25.5,25.600000381469727,515070
2017-09-21,25.399999618530273,26.350000381469727,25.399999618530273,25.700000762939453,159000
2017-09-22,25.600000381469727,26.049999237060547,25.299999237060547,25.5,162000
2017-09-25,25.700000762939453,25.700000762939453,23.700000762939453,23.75,434000
2017-09-26,24.0,24.700000762939453,24.0,24.0,181000
2017-09-27,24.549999237060547,25.600000381469727,24.200000762939453,25.200000762939453,229000
2017-09-28,25.700000762939453,25.700000762939453,24.600000381469727,25.100000381469727,147000
2017-09-29,24.799999237060547,25.200000762939453,24.399999618530273,25.049999237060547,103000
2017-10-02,25.200000762939453,25.899999618530273,25.200000762939453,25.549999237060547,96000
2017-10-03,25.5,25.700000762939453,24.899999618530273,25.350000381469727,91000
2017-10-05,25.350000381469727,25.600000381469727,25.200000762939453,25.200000762939453,58000
2017-10-06,25.5,25.5,24.799999237060547,24.950000762939453,99000
2017-10-11,24.600000381469727,25.0,24.299999237060547,24.649999618530273,125000
2017-10-12,24.649999618530273,24.700000762939453,23.850000381469727,24.649999618530273,167000
2017-10-13,24.75,25.100000381469727,24.600000381469727,24.649999618530273,74000
2017-10-16,24.649999618530273,24.75,24.25,24.350000381469727,70030
2017-10-17,24.350000381469727,24.450000762939453,23.850000381469727,23.850000381469727,160000
2017-10-18,23.850000381469727,23.899999618530273,23.399999618530273,23.600000381469727,161000
2017-10-19,23.5,23.600000381469727,23.200000762939453,23.200000762939453,341150
2017-10-20,23.200000762939453,23.5,23.100000381469727,23.5,123000
2017-10-23,23.549999237060547,25.799999237060547,23.549999237060547,25.049999237060547,320100
2017-10-24,25.799999237060547,26.0,25.25,25.350000381469727,434000
2017-10-25,25.399999618530273,25.75,25.25,25.399999618530273,93231
2017-10-26,25.399999618530273,26.200000762939453,25.399999618530273,25.899999618530273,166000
2017-10-27,26.0,26.600000381469727,25.100000381469727,25.100000381469727,248000
2017-10-30,25.450000762939453,25.5,24.299999237060547,24.799999237060547,86000
2017-10-31,24.450000762939453,25.200000762939453,24.399999618530273,24.799999237060547,34000
2017-11-01,24.600000381469727,24.700000762939453,24.5,24.600000381469727,52000
2017-11-02,24.799999237060547,25.100000381469727,24.799999237060547,25.0,72000
2017-11-03,24.75,24.899999618530273,24.75,24.850000381469727,28000
2017-11-06,24.850000381469727,24.850000381469727,24.5,24.5,38007
2017-11-07,24.399999618530273,24.549999237060547,24.350000381469727,24.350000381469727,27000
2017-11-08,24.75,24.75,24.399999618530273,24.399999618530273,15000
2017-11-09,24.700000762939453,25.200000762939453,24.299999237060547,24.350000381469727,67000
2017-11-10,24.200000762939453,24.200000762939453,23.799999237060547,24.100000381469727,82000
2017-11-13,24.0,24.0,23.149999618530273,23.299999237060547,72017
2017-11-14,22.899999618530273,23.200000762939453,22.799999237060547,22.950000762939453,61000
2017-11-15,22.950000762939453,23.049999237060547,22.5,23.049999237060547,59000
2017-11-16,23.299999237060547,23.649999618530273,23.299999237060547,23.600000381469727,36000
2017-11-17,23.600000381469727,23.649999618530273,23.299999237060547,23.5,46000
2017-11-20,23.5,23.5,23.100000381469727,23.299999237060547,39000
2017-11-21,23.149999618530273,23.149999618530273,22.950000762939453,23.149999618530273,30000
2017-11-22,23.450000762939453,25.450000762939453,23.450000762939453,25.450000762939453,690000
2017-11-23,26.299999237060547,26.5,24.600000381469727,25.700000762939453,651063
2017-11-24,25.600000381469727,25.600000381469727,24.75,25.299999237060547,105000
2017-11-27,25.299999237060547,25.299999237060547,24.799999237060547,25.100000381469727,47000
2017-11-28,25.200000762939453,25.450000762939453,24.600000381469727,24.75,59000
2017-11-29,24.75,24.75,24.25,24.25,91000
2017-11-30,24.0,24.799999237060547,24.0,24.549999237060547,57000
2017-12-01,24.700000762939453,24.799999237060547,23.600000381469727,23.850000381469727,61000
2017-12-04,23.700000762939453,24.049999237060547,23.649999618530273,23.850000381469727,19000
2017-12-05,23.799999237060547,23.799999237060547,23.549999237060547,23.549999237060547,23000
2017-12-06,23.799999237060547,23.799999237060547,23.0,23.100000381469727,77000
2017-12-07,22.850000381469727,23.299999237060547,22.75,23.0,44000
2017-12-08,23.899999618530273,23.899999618530273,22.799999237060547,23.0,23100
2017-12-11,23.0,23.450000762939453,23.0,23.149999618530273,27000
2017-12-12,24.200000762939453,24.299999237060547,23.25,23.75,42000
2017-12-13,24.0,24.5,24.0,24.299999237060547,33000
2017-12-14,25.200000762939453,25.600000381469727,24.549999237060547,24.549999237060547,54000
2017-12-15,24.600000381469727,24.950000762939453,24.200000762939453,24.200000762939453,26100
2017-12-18,24.25,24.25,23.799999237060547,23.899999618530273,18004
2017-12-19,24.200000762939453,24.200000762939453,23.299999237060547,23.299999237060547,40000
2017-12-20,23.850000381469727,23.850000381469727,23.100000381469727,23.399999618530273,15000
2017-12-21,23.950000762939453,23.950000762939453,23.299999237060547,23.299999237060547,18000
2017-12-22,23.299999237060547,23.5,23.25,23.399999618530273,15000
2017-12-25,23.899999618530273,23.899999618530273,23.25,23.25,49146
2017-12-26,23.350000381469727,23.399999618530273,23.049999237060547,23.049999237060547,50000
2017-12-27,23.049999237060547,23.299999237060547,23.049999237060547,23.200000762939453,12000
2017-12-28,23.200000762939453,23.5,23.200000762939453,23.299999237060547,16032
2017-12-29,23.5,23.5,23.100000381469727,23.399999618530273,28000
2018-01-02,24.299999237060547,24.5,23.399999618530273,24.0,42035
2018-01-03,24.100000381469727,24.100000381469727,23.700000762939453,23.700000762939453,25008
2018-01-04,23.600000381469727,24.0,23.600000381469727,23.799999237060547,15014
2018-01-05,24.100000381469727,26.149999618530273,24.0,25.399999618530273,447000
2018-01-08,25.5,25.950000762939453,24.899999618530273,25.200000762939453,273000
2018-01-09,25.200000762939453,25.649999618530273,24.649999618530273,25.0,138000
2018-01-10,25.0,25.100000381469727,24.350000381469727,24.399999618530273,88000
2018-01-11,24.700000762939453,24.700000762939453,24.299999237060547,24.549999237060547,16000
2018-01-12,24.549999237060547,24.700000762939453,24.549999237060547,24.600000381469727,18000
2018-01-15,24.600000381469727,24.600000381469727,24.200000762939453,24.200000762939453,28000
2018-01-16,24.200000762939453,25.049999237060547,24.200000762939453,24.450000762939453,32000
2018-01-17,24.75,25.399999618530273,24.75,25.299999237060547,133100
2018-01-18,25.600000381469727,25.75,24.649999618530273,24.75,86000
2018-01-19,25.100000381469727,25.299999237060547,24.700000762939453,25.149999618530273,62000
2018-01-22,25.25,25.700000762939453,25.0,25.600000381469727,139000
2018-01-23,25.700000762939453,25.899999618530273,25.0,25.799999237060547,126030
2018-01-24,25.799999237060547,25.799999237060547,25.25,25.350000381469727,68000
2018-01-25,25.299999237060547,25.5,25.0,25.350000381469727,35015
2018-01-26,25.350000381469727,25.549999237060547,25.0,25.100000381469727,55000
2018-01-29,25.100000381469727,25.25,24.75,25.0,54000
2018-01-30,25.0,25.0,24.25,24.600000381469727,19000
2018-01-31,24.200000762939453,24.700000762939453,24.200000762939453,24.600000381469727,17000
2018-02-01,24.600000381469727,24.600000381469727,24.25,24.549999237060547,8000
2018-02-02,24.200000762939453,24.299999237060547,23.799999237060547,24.25,43000
2018-02-05,23.649999618530273,24.299999237060547,23.549999237060547,24.100000381469727,40000
2018-02-06,23.549999237060547,23.600000381469727,21.700000762939453,21.950000762939453,140000
2018-02-07,22.399999618530273,22.5,21.799999237060547,21.950000762939453,133000
2018-02-08,21.799999237060547,22.200000762939453,21.299999237060547,22.0,40265
2018-02-09,20.5,23.899999618530273,20.5,23.399999618530273,73000
2018-02-12,24.399999618530273,24.600000381469727,23.299999237060547,23.5,54000
2018-02-21,23.5,24.5,23.5,23.5,62000
2018-02-22,23.600000381469727,24.0,23.5,23.5,22000
2018-02-23,25.299999237060547,25.299999237060547,23.799999237060547,23.799999237060547,41425
2018-02-26,24.0,24.5,24.0,24.0,35000
2018-02-27,24.399999618530273,24.399999618530273,23.850000381469727,23.899999618530273,45000
2018-03-01,23.899999618530273,24.600000381469727,23.799999237060547,24.0,75000
2018-03-02,24.0,24.0,23.5,23.5,100000
2018-03-05,23.399999618530273,23.399999618530273,23.049999237060547,23.049999237060547,13000
2018-03-06,23.0,24.799999237060547,23.0,23.799999237060547,129000
2018-03-07,23.5,23.950000762939453,23.5,23.75,36000
2018-03-08,24.299999237060547,24.299999237060547,23.75,23.75,20000
2018-03-09,23.799999237060547,23.799999237060547,23.700000762939453,23.75,38000
2018-03-12,23.75,24.0,23.149999618530273,23.549999237060547,23000
2018-03-13,23.100000381469727,23.799999237060547,23.100000381469727,23.5,21000
2018-03-14,24.5,24.5,23.600000381469727,23.600000381469727,28000
2018-03-15,24.200000762939453,24.200000762939453,23.950000762939453,24.0,10000
2018-03-16,23.649999618530273,24.200000762939453,23.649999618530273,24.200000762939453,8400
2018-03-19,24.200000762939453,24.200000762939453,23.799999237060547,23.799999237060547,7000
2018-03-20,23.75,23.75,23.0,23.399999618530273,18000
2018-03-21,23.299999237060547,23.899999618530273,23.299999237060547,23.799999237060547,9000
2018-03-22,23.899999618530273,25.799999237060547,23.5,25.0,453000
2018-03-23,24.100000381469727,24.899999618530273,24.049999237060547,24.049999237060547,78000
2018-03-26,24.149999618530273,24.149999618530273,23.399999618530273,23.600000381469727,101000
2018-03-27,23.799999237060547,25.200000762939453,23.600000381469727,24.350000381469727,142000
2018-03-28,24.450000762939453,24.600000381469727,23.850000381469727,24.600000381469727,58202
2018-03-29,24.850000381469727,25.149999618530273,24.049999237060547,24.049999237060547,238000
2018-03-30,24.5,24.5,23.700000762939453,23.700000762939453,51000
2018-04-02,24.200000762939453,24.200000762939453,23.700000762939453,23.700000762939453,50000
2018-04-03,23.350000381469727,23.350000381469727,22.350000381469727,23.0,133000
2018-04-09,23.0,23.299999237060547,23.0,23.200000762939453,16000
2018-04-10,23.0,24.200000762939453,23.0,23.5,58000
2018-04-11,24.149999618530273,24.149999618530273,23.5,23.700000762939453,30000
2018-04-12,23.899999618530273,23.899999618530273,23.399999618530273,23.799999237060547,34000
2018-04-13,24.0,24.0,23.350000381469727,23.5,32300
2018-04-16,23.399999618530273,23.799999237060547,23.399999618530273,23.75,32450
2018-04-17,23.5,23.799999237060547,22.950000762939453,23.399999618530273,79000
2018-04-18,23.200000762939453,23.700000762939453,23.100000381469727,23.549999237060547,9000
2018-04-19,23.799999237060547,23.799999237060547,23.350000381469727,23.350000381469727,14000
2018-04-20,23.049999237060547,23.5,22.100000381469727,23.350000381469727,70000
2018-04-23,23.350000381469727,23.350000381469727,22.549999237060547,22.700000762939453,9000
2018-04-24,22.700000762939453,22.799999237060547,22.200000762939453,22.299999237060547,52000
2018-04-25,21.0,22.299999237060547,21.0,22.200000762939453,74000
2018-04-26,22.100000381469727,22.75,21.950000762939453,22.450000762939453,15000
2018-04-27,22.399999618530273,22.899999618530273,22.399999618530273,22.899999618530273,7051
2018-04-30,22.899999618530273,23.600000381469727,22.899999618530273,23.600000381469727,6000
2018-05-02,23.5,23.649999618530273,22.950000762939453,22.950000762939453,17000
2018-05-03,22.0,23.0,22.0,23.0,8000
2018-05-04,23.5,23.5,22.700000762939453,22.700000762939453,19000
2018-05-07,22.700000762939453,23.0,22.5,22.899999618530273,6000
2018-05-08,23.0,23.0,22.600000381469727,22.850000381469727,15000
2018-05-09,22.649999618530273,23.100000381469727,22.649999618530273,22.649999618530273,16000
2018-05-10,23.5,23.5,22.799999237060547,23.0,33100
2018-05-11,22.799999237060547,22.799999237060547,22.649999618530273,22.649999618530273,6000
2018-05-14,22.5,23.0,22.5,22.649999618530273,39000
2018-05-15,22.649999618530273,24.399999618530273,22.200000762939453,24.200000762939453,115500
2018-05-16,24.200000762939453,24.200000762939453,23.0,23.0,53000
2018-05-17,23.0,23.0,22.600000381469727,22.649999618530273,12000
2018-05-18,22.799999237060547,22.799999237060547,22.799999237060547,22.799999237060547,1000
2018-05-21,22.75,22.799999237060547,22.299999237060547,22.700000762939453,91000
2018-05-22,23.0,23.100000381469727,22.5,22.700000762939453,40000
2018-05-23,22.700000762939453,22.850000381469727,22.25,22.450000762939453,42000
2018-05-24,22.450000762939453,23.0,22.450000762939453,22.600000381469727,50020
2018-05-25,23.5,23.5,22.600000381469727,22.700000762939453,11000
2018-05-28,22.600000381469727,22.600000381469727,22.450000762939453,22.450000762939453,12000
2018-05-29,22.5,22.5,21.549999237060547,22.450000762939453,47000
2018-05-30,22.450000762939453,23.0,22.450000762939453,22.450000762939453,14451
2018-05-31,22.100000381469727,22.399999618530273,22.100000381469727,22.399999618530273,17100
2018-06-01,22.5,23.0,22.399999618530273,22.5,33000
2018-06-04,22.549999237060547,22.799999237060547,22.5,22.799999237060547,39000
2018-06-05,22.600000381469727,23.0,22.5,22.700000762939453,33000
2018-06-06,22.700000762939453,23.600000381469727,22.600000381469727,23.549999237060547,90000
2018-06-07,23.0,23.0,22.649999618530273,22.700000762939453,34100
2018-06-08,22.700000762939453,23.100000381469727,22.700000762939453,22.799999237060547,37000
2018-06-11,22.850000381469727,22.850000381469727,22.0,22.100000381469727,85000
2018-06-12,22.0,22.399999618530273,21.899999618530273,22.100000381469727,59000
2018-06-13,22.299999237060547,22.350000381469727,21.950000762939453,22.200000762939453,32000
2018-06-14,22.0,22.0,21.0,21.799999237060547,47000
2018-06-15,21.799999237060547,21.799999237060547,21.200000762939453,21.299999237060547,65450
2018-06-19,21.200000762939453,21.200000762939453,19.799999237060547,20.799999237060547,130007
2018-06-20,20.5,20.5,19.799999237060547,20.200000762939453,47000
2018-06-21,20.149999618530273,20.299999237060547,20.0,20.100000381469727,38000
2018-06-22,21.600000381469727,21.600000381469727,20.399999618530273,20.5,24000
2018-06-25,20.700000762939453,20.700000762939453,19.799999237060547,19.799999237060547,89009
2018-06-26,19.799999237060547,19.950000762939453,19.75,19.75,25000
2018-06-27,19.600000381469727,20.0,19.600000381469727,19.700000762939453,32200
2018-06-28,20.0,20.0,20.0,20.0,20000
2018-06-29,20.200000762939453,20.200000762939453,19.600000381469727,19.799999237060547,19000
2018-07-02,19.799999237060547,19.799999237060547,19.5,19.75,14000
2018-07-03,19.5,19.5,18.899999618530273,18.950000762939453,14000
2018-07-04,18.899999618530273,18.899999618530273,18.899999618530273,18.899999618530273,8000
2018-07-05,18.350000381469727,18.700000762939453,18.350000381469727,18.5,45000
2018-07-06,18.299999237060547,18.649999618530273,18.0,18.299999237060547,35000
2018-07-09,18.299999237060547,18.799999237060547,18.299999237060547,18.299999237060547,18000
2018-07-10,18.100000381469727,18.100000381469727,18.0,18.049999237060547,9000
2018-07-11,18.0,18.5,18.0,18.5,2000
2018-07-12,18.100000381469727,18.399999618530273,18.049999237060547,18.200000762939453,14725
2018-07-13,18.149999618530273,18.5,18.149999618530273,18.399999618530273,21000
2018-07-16,18.549999237060547,18.549999237060547,18.0,18.200000762939453,25000
2018-07-17,18.100000381469727,18.200000762939453,18.0,18.0,9000
2018-07-18,18.100000381469727,18.350000381469727,18.0,18.350000381469727,30000
2018-07-19,18.25,18.25,18.0,18.0,38011
2018-07-20,18.149999618530273,18.149999618530273,18.0,18.0,6000
2018-07-23,17.799999237060547,17.799999237060547,17.799999237060547,17.799999237060547,8009
2018-07-24,17.5,18.200000762939453,17.200000762939453,18.0,19000
2018-07-25,17.649999618530273,18.0,17.649999618530273,17.899999618530273,14000
2018-07-26,18.0,18.0,17.5,17.950000762939453,45000
2018-07-27,17.649999618530273,17.950000762939453,17.399999618530273,17.649999618530273,51000
2018-07-30,17.700000762939453,17.950000762939453,17.5,17.649999618530273,37000
2018-07-31,17.700000762939453,18.5,17.700000762939453,17.899999618530273,22000
2018-08-01,17.799999237060547,19.399999618530273,17.799999237060547,19.200000762939453,31022
2018-08-02,18.600000381469727,18.649999618530273,18.399999618530273,18.649999618530273,10008
2018-08-03,18.399999618530273,18.950000762939453,18.399999618530273,18.799999237060547,39000
2018-08-06,19.0,19.0,18.600000381469727,18.899999618530273,12000
2018-08-07,18.5,18.600000381469727,18.350000381469727,18.600000381469727,10000
2018-08-08,18.450000762939453,18.450000762939453,18.299999237060547,18.299999237060547,17100
2018-08-09,18.149999618530273,19.200000762939453,18.149999618530273,18.799999237060547,107000
2018-08-10,18.950000762939453,18.950000762939453,18.299999237060547,18.299999237060547,29000
2018-08-13,18.0,18.0,17.649999618530273,17.649999618530273,16007
2018-08-14,18.399999618530273,18.399999618530273,17.75,17.899999618530273,19000
2018-08-15,18.299999237060547,18.299999237060547,17.75,17.899999618530273,9000
2018-08-16,17.600000381469727,17.950000762939453,17.600000381469727,17.799999237060547,9000
2018-08-17,17.799999237060547,18.100000381469727,17.600000381469727,18.049999237060547,22000
2018-08-20,17.700000762939453,18.149999618530273,17.649999618530273,17.75,11000
2018-08-21,18.299999237060547,18.299999237060547,17.600000381469727,18.149999618530273,125450
2018-08-22,18.100000381469727,18.100000381469727,17.700000762939453,18.0,10000
2018-08-23,18.0,18.0,17.850000381469727,17.850000381469727,17000
2018-08-24,17.850000381469727,17.850000381469727,17.600000381469727,17.850000381469727,6000
2018-08-27,18.100000381469727,18.100000381469727,17.600000381469727,17.850000381469727,43000
2018-08-28,17.850000381469727,17.850000381469727,17.75,17.799999237060547,22000
2018-08-29,17.799999237060547,17.899999618530273,17.600000381469727,17.899999618530273,20000
2018-08-30,17.799999237060547,17.899999618530273,17.649999618530273,17.899999618530273,57000
2018-08-31,17.850000381469727,18.0,17.850000381469727,18.0,17000
2018-09-03,18.0,18.0,18.0,18.0,1000
2018-09-04,18.200000762939453,18.200000762939453,17.75,17.75,2110
2018-09-05,17.700000762939453,17.899999618530273,17.5,17.899999618530273,21000
2018-09-06,17.700000762939453,17.700000762939453,17.0,17.149999618530273,103000
2018-09-07,16.799999237060547,17.100000381469727,16.399999618530273,16.549999237060547,65000
2018-09-10,15.899999618530273,15.949999809265137,15.0,15.300000190734863,148000
2018-09-11,15.350000381469727,16.0,15.300000190734863,15.600000381469727,74000
2018-09-12,15.649999618530273,16.200000762939453,15.600000381469727,15.600000381469727,79000
2018-09-13,15.600000381469727,15.899999618530273,15.5,15.899999618530273,13088
2018-09-14,15.899999618530273,16.0,15.899999618530273,15.949999809265137,18000
2018-09-17,15.899999618530273,15.899999618530273,15.699999809265137,15.699999809265137,16000
2018-09-18,15.699999809265137,15.699999809265137,15.449999809265137,15.449999809265137,5000
2018-09-19,15.600000381469727,16.049999237060547,15.600000381469727,15.949999809265137,70000
2018-09-20,15.899999618530273,15.899999618530273,15.899999618530273,15.899999618530273,2000
2018-09-21,16.0,16.0,16.0,16.0,4000
2018-09-25,15.699999809265137,16.0,15.600000381469727,15.850000381469727,12008
2018-09-26,15.600000381469727,15.949999809265137,15.600000381469727,15.75,5000
2018-09-27,15.600000381469727,16.0,15.550000190734863,15.850000381469727,25000
2018-09-28,15.699999809265137,15.800000190734863,15.600000381469727,15.800000190734863,19150
2018-10-01,16.0,16.0,15.600000381469727,15.800000190734863,5000
2018-10-02,15.649999618530273,15.75,15.5,15.600000381469727,29000
2018-10-03,15.5,15.649999618530273,15.149999618530273,15.5,41000
2018-10-04,15.300000190734863,15.5,15.199999809265137,15.5,16000
2018-10-05,15.300000190734863,15.5,15.100000381469727,15.350000381469727,78000
2018-10-08,15.350000381469727,15.350000381469727,15.100000381469727,15.100000381469727,12000
2018-10-09,15.100000381469727,15.300000190734863,15.100000381469727,15.199999809265137,13000
2018-10-11,14.600000381469727,14.600000381469727,13.699999809265137,13.699999809265137,137000
2018-10-12,12.350000381469727,13.5,12.350000381469727,13.399999618530273,324688
2018-10-15,13.050000190734863,13.199999809265137,12.899999618530273,13.0,33000
2018-10-16,13.199999809265137,13.75,13.199999809265137,13.25,75000
2018-10-17,13.899999618530273,13.899999618530273,13.25,13.399999618530273,49000
2018-10-18,13.399999618530273,13.399999618530273,13.199999809265137,13.399999618530273,26019
2018-10-19,12.899999618530273,13.350000381469727,12.850000381469727,12.949999809265137,25019
2018-10-22,12.899999618530273,13.449999809265137,12.899999618530273,13.100000381469727,34000
2018-10-23,13.75,13.75,13.050000190734863,13.050000190734863,8009
2018-10-24,12.899999618530273,13.050000190734863,12.899999618530273,13.050000190734863,6020
2018-10-25,12.550000190734863,12.649999618530273,12.399999618530273,12.649999618530273,52101
2018-10-26,12.600000381469727,12.600000381469727,12.25,12.399999618530273,41235
2018-10-29,12.199999809265137,12.399999618530273,12.199999809265137,12.399999618530273,26401
2018-10-30,12.399999618530273,12.399999618530273,12.149999618530273,12.300000190734863,19021
2018-10-31,12.300000190734863,12.800000190734863,12.300000190734863,12.649999618530273,14000
2018-11-01,12.649999618530273,12.649999618530273,12.5,12.5,18000
2018-11-02,12.699999809265137,12.899999618530273,12.649999618530273,12.800000190734863,28000
2018-11-05,12.800000190734863,12.800000190734863,12.350000381469727,12.800000190734863,13000
2018-11-06,12.75,12.75,12.449999809265137,12.649999618530273,7000
2018-11-07,12.649999618530273,12.649999618530273,12.649999618530273,12.649999618530273,0
2018-11-08,12.600000381469727,13.0,12.600000381469727,12.699999809265137,11021
2018-11-09,12.600000381469727,12.75,12.600000381469727,12.75,4000
2018-11-12,12.75,12.75,12.600000381469727,12.649999618530273,6000
2018-11-13,12.399999618530273,12.5,12.399999618530273,12.399999618530273,21000
2018-11-14,12.550000190734863,12.949999809265137,12.550000190734863,12.800000190734863,62000
2018-11-15,12.800000190734863,13.5,12.800000190734863,13.5,32014
2018-11-16,13.600000381469727,13.699999809265137,13.25,13.600000381469727,25019
2018-11-19,13.600000381469727,13.800000190734863,13.5,13.800000190734863,17000
2018-11-20,13.800000190734863,13.800000190734863,13.449999809265137,13.5,26000
2018-11-21,13.399999618530273,13.649999618530273,13.399999618530273,13.649999618530273,37000
2018-11-22,13.800000190734863,13.800000190734863,13.600000381469727,13.699999809265137,44000
2018-11-23,13.949999809265137,14.5,13.949999809265137,14.149999618530273,45000
2018-11-26,14.399999618530273,14.399999618530273,14.0,14.050000190734863,30000
2018-11-27,14.300000190734863,14.399999618530273,14.25,14.300000190734863,36050
2018-11-28,14.5,14.5,14.300000190734863,14.5,8200
2018-11-29,14.699999809265137,14.699999809265137,14.300000190734863,14.300000190734863,14000
2018-11-30,14.100000381469727,14.5,14.100000381469727,14.199999809265137,27000
2018-12-03,14.050000190734863,15.5,14.0,15.149999618530273,50000
2018-12-04,15.149999618530273,15.149999618530273,15.149999618530273,15.149999618530273,0
2018-12-05,15.800000190734863,15.800000190734863,15.350000381469727,15.350000381469727,5000
2018-12-06,15.600000381469727,15.600000381469727,14.5,15.0,35000
2018-12-07,15.0,15.0,14.949999809265137,14.949999809265137,4000
2018-12-10,14.949999809265137,15.600000381469727,14.850000381469727,15.199999809265137,19000
2018-12-11,15.399999618530273,15.5,15.0,15.149999618530273,9000
2018-12-12,14.550000190734863,15.199999809265137,14.550000190734863,14.899999618530273,21000
2018-12-13,15.199999809265137,15.300000190734863,14.550000190734863,15.100000381469727,36000
2018-12-14,15.100000381469727,15.199999809265137,14.699999809265137,15.199999809265137,29000
2018-12-17,15.0,15.5,14.800000190734863,15.149999618530273,28000
2018-12-18,14.649999618530273,14.649999618530273,14.0,14.350000381469727,113000
2018-12-19,14.149999618530273,14.699999809265137,14.100000381469727,14.5,53000
2018-12-20,14.350000381469727,14.449999809265137,14.100000381469727,14.449999809265137,20000
2018-12-21,14.149999618530273,14.899999618530273,14.100000381469727,14.5,135000
2018-12-24,15.25,15.550000190734863,15.100000381469727,15.300000190734863,46000
2018-12-25,15.300000190734863,15.5,14.850000381469727,15.100000381469727,29000
2018-12-26,15.25,15.25,14.649999618530273,14.850000381469727,17000
2018-12-27,15.25,15.399999618530273,14.800000190734863,15.100000381469727,38000
2018-12-28,15.199999809265137,15.199999809265137,14.550000190734863,14.699999809265137,30000
2019-01-02,14.949999809265137,14.949999809265137,14.149999618530273,14.25,57000
2019-01-03,14.350000381469727,14.350000381469727,13.850000381469727,14.050000190734863,107000
2019-01-04,14.050000190734863,14.050000190734863,13.300000190734863,13.300000190734863,125000
2019-01-07,13.600000381469727,13.649999618530273,13.399999618530273,13.399999618530273,19000
2019-01-08,13.649999618530273,13.699999809265137,13.399999618530273,13.449999809265137,35000
2019-01-09,13.449999809265137,13.850000381469727,13.449999809265137,13.5,43000
2019-01-10,13.649999618530273,13.649999618530273,13.350000381469727,13.5,16000
2019-01-11,13.800000190734863,13.800000190734863,13.350000381469727,13.399999618530273,16000
2019-01-14,13.300000190734863,13.649999618530273,13.300000190734863,13.600000381469727,18000
2019-01-15,13.449999809265137,13.699999809265137,13.300000190734863,13.300000190734863,17000
2019-01-16,13.399999618530273,13.699999809265137,13.300000190734863,13.550000190734863,22000
2019-01-17,13.699999809265137,13.699999809265137,13.350000381469727,13.350000381469727,17000
2019-01-18,13.399999618530273,13.600000381469727,13.300000190734863,13.550000190734863,64000
2019-01-21,13.5,13.550000190734863,13.5,13.550000190734863,11000
2019-01-22,13.350000381469727,13.5,13.350000381469727,13.5,14000
2019-01-23,13.399999618530273,13.649999618530273,13.300000190734863,13.649999618530273,21004
2019-01-24,13.600000381469727,13.600000381469727,13.350000381469727,13.350000381469727,10006
2019-01-25,14.0,14.649999618530273,14.0,14.649999618530273,259090
2019-01-28,14.5,14.75,14.050000190734863,14.100000381469727,331055
2019-01-29,14.0,14.300000190734863,13.949999809265137,14.300000190734863,45050
2019-01-30,14.300000190734863,14.399999618530273,14.0,14.0,51000
2019-02-11,14.399999618530273,14.399999618530273,13.899999618530273,14.100000381469727,31000
2019-02-12,14.0,14.100000381469727,14.0,14.100000381469727,32000
2019-02-13,14.0,14.449999809265137,14.0,14.449999809265137,54000
2019-02-14,14.300000190734863,14.449999809265137,14.25,14.399999618530273,59000
2019-02-15,14.449999809265137,14.449999809265137,14.149999618530273,14.300000190734863,21000
2019-02-18,14.5,14.5,14.25,14.399999618530273,10000
2019-02-19,14.399999618530273,14.399999618530273,14.149999618530273,14.350000381469727,49000
2019-02-20,14.550000190734863,14.550000190734863,14.350000381469727,14.399999618530273,99000
2019-02-21,14.449999809265137,15.800000190734863,14.399999618530273,15.649999618530273,515500
2019-02-22,15.699999809265137,15.899999618530273,15.199999809265137,15.399999618530273,156012
2019-02-25,15.399999618530273,15.600000381469727,15.25,15.300000190734863,59014
2019-02-26,15.300000190734863,15.300000190734863,14.800000190734863,15.199999809265137,78000
2019-02-27,15.300000190734863,15.300000190734863,14.949999809265137,15.100000381469727,22000
2019-03-04,15.300000190734863,15.300000190734863,14.800000190734863,14.850000381469727,36000
2019-03-05,14.850000381469727,15.050000190734863,14.850000381469727,15.050000190734863,29000
2019-03-06,15.050000190734863,15.050000190734863,14.800000190734863,14.949999809265137,38000
2019-03-07,14.800000190734863,15.100000381469727,14.800000190734863,15.050000190734863,23000
2019-03-08,14.600000381469727,14.899999618530273,14.550000190734863,14.600000381469727,72000
2019-03-11,14.550000190734863,14.899999618530273,14.5,14.649999618530273,32000
2019-03-12,14.800000190734863,15.300000190734863,14.800000190734863,14.850000381469727,74000
2019-03-13,15.25,15.25,14.800000190734863,14.899999618530273,47000
2019-03-14,15.199999809265137,15.199999809265137,14.699999809265137,14.949999809265137,32450
2019-03-15,14.800000190734863,15.100000381469727,14.800000190734863,15.050000190734863,38000
2019-03-18,15.25,15.25,14.850000381469727,15.0,14000
2019-03-19,15.0,15.149999618530273,14.949999809265137,15.0,20000
2019-03-20,15.0,15.100000381469727,14.75,14.800000190734863,69000
2019-03-21,14.899999618530273,15.050000190734863,14.75,14.75,45000
2019-03-22,14.899999618530273,15.0,14.75,14.850000381469727,20000
2019-03-25,14.649999618530273,14.699999809265137,14.649999618530273,14.699999809265137,7000
2019-03-26,14.800000190734863,16.049999237060547,14.800000190734863,15.5,169000
2019-03-27,15.600000381469727,15.600000381469727,15.100000381469727,15.300000190734863,63850
2019-03-28,14.800000190734863,15.149999618530273,14.800000190734863,15.0,77000
2019-03-29,15.050000190734863,15.25,15.050000190734863,15.199999809265137,23000
2019-04-01,15.350000381469727,16.700000762939453,15.350000381469727,16.700000762939453,700604
2019-04-02,17.399999618530273,17.399999618530273,15.899999618530273,16.399999618530273,571320
2019-04-03,16.399999618530273,16.399999618530273,16.049999237060547,16.299999237060547,119000
2019-04-08,16.299999237060547,16.5,16.299999237060547,16.299999237060547,46020
2019-04-09,16.299999237060547,16.399999618530273,16.200000762939453,16.350000381469727,86050
2019-04-10,16.200000762939453,16.200000762939453,15.800000190734863,15.800000190734863,195552
2019-04-11,16.899999618530273,16.899999618530273,16.0,16.049999237060547,95000
2019-04-12,16.149999618530273,16.200000762939453,15.949999809265137,16.149999618530273,41008
2019-04-15,16.149999618530273,16.200000762939453,16.049999237060547,16.049999237060547,11045
2019-04-16,16.049999237060547,16.600000381469727,16.0,16.350000381469727,1062000
2019-04-17,16.5,16.75,16.399999618530273,16.700000762939453,147200
2019-04-18,16.799999237060547,17.100000381469727,16.25,16.450000762939453,126000
2019-04-19,16.399999618530273,16.5,16.350000381469727,16.5,15045
2019-04-22,16.399999618530273,16.5,16.25,16.25,26000
2019-04-23,16.149999618530273,16.200000762939453,16.049999237060547,16.100000381469727,31000
2019-04-24,16.25,16.25,16.100000381469727,16.100000381469727,26000
2019-04-25,16.100000381469727,16.100000381469727,15.899999618530273,15.949999809265137,19000
2019-04-26,15.899999618530273,15.899999618530273,15.75,15.800000190734863,22000
2019-04-29,15.600000381469727,16.200000762939453,15.600000381469727,15.600000381469727,36864
2019-04-30,15.800000190734863,15.800000190734863,15.600000381469727,15.75,13298
2019-05-02,15.800000190734863,15.800000190734863,15.5,15.699999809265137,31000
2019-05-03,15.550000190734863,15.75,15.5,15.75,29000
2019-05-06,15.75,15.75,15.199999809265137,15.300000190734863,34000
2019-05-07,15.300000190734863,15.5,15.199999809265137,15.300000190734863,24000
2019-05-08,15.300000190734863,15.300000190734863,14.399999618530273,14.949999809265137,29000
2019-05-09,14.949999809265137,14.949999809265137,14.600000381469727,14.600000381469727,42000
2019-05-10,14.949999809265137,14.949999809265137,14.5,14.5,15100
2019-05-13,14.399999618530273,14.399999618530273,13.600000381469727,14.0,24000
2019-05-14,13.899999618530273,14.0,13.550000190734863,14.0,58000
2019-05-15,14.0,14.399999618530273,13.899999618530273,13.899999618530273,73021
2019-05-16,14.050000190734863,14.050000190734863,13.899999618530273,13.899999618530273,16022
2019-05-17,14.0,14.0,13.850000381469727,13.899999618530273,17185
2019-05-20,13.800000190734863,14.0,13.800000190734863,14.0,17001
2019-05-21,14.050000190734863,15.100000381469727,14.050000190734863,14.399999618530273,48000
2019-05-22,14.800000190734863,14.800000190734863,14.399999618530273,14.5,16000
2019-05-23,14.149999618530273,14.25,14.149999618530273,14.25,14000
2019-05-24,14.350000381469727,14.350000381469727,14.100000381469727,14.149999618530273,20000
2019-05-27,14.149999618530273,14.149999618530273,13.899999618530273,13.899999618530273,20000
2019-05-28,14.0,14.0,13.850000381469727,13.850000381469727,18000
2019-05-29,14.050000190734863,14.050000190734863,13.899999618530273,13.899999618530273,6000
2019-05-30,13.949999809265137,13.949999809265137,13.949999809265137,13.949999809265137,1000
2019-05-31,14.0,14.199999809265137,14.0,14.149999618530273,35000
2019-06-03,13.949999809265137,13.949999809265137,13.949999809265137,13.949999809265137,3000
2019-06-04,14.0,14.100000381469727,14.0,14.0,13000
2019-06-05,14.0,14.25,14.0,14.25,8000
2019-06-06,14.0,14.149999618530273,14.0,14.100000381469727,18000
2019-06-10,14.100000381469727,14.25,14.100000381469727,14.25,13000
2019-06-11,14.25,14.25,14.25,14.25,2450
2019-06-12,14.199999809265137,14.199999809265137,14.199999809265137,14.199999809265137,3000
2019-06-13,14.199999809265137,14.199999809265137,14.199999809265137,14.199999809265137,1000
2019-06-14,14.300000190734863,14.699999809265137,14.100000381469727,14.449999809265137,70000
2019-06-17,14.899999618530273,14.899999618530273,14.350000381469727,14.350000381469727,6000
2019-06-18,14.350000381469727,14.350000381469727,14.350000381469727,14.350000381469727,0
2019-06-19,14.600000381469727,14.600000381469727,14.5,14.5,4000
2019-06-20,14.399999618530273,14.5,14.399999618530273,14.399999618530273,25000
2019-06-21,14.5,14.5,14.050000190734863,14.300000190734863,37000
2019-06-24,14.5,14.5,14.149999618530273,14.300000190734863,14000
2019-06-25,14.149999618530273,14.350000381469727,14.149999618530273,14.199999809265137,11000
2019-06-26,14.449999809265137,14.449999809265137,14.199999809265137,14.199999809265137,12650
2019-06-27,14.399999618530273,14.399999618530273,14.350000381469727,14.350000381469727,4000
2019-06-28,14.199999809265137,14.25,14.100000381469727,14.100000381469727,38000
2019-07-01,14.100000381469727,14.449999809265137,14.100000381469727,14.149999618530273,39000
2019-07-02,14.100000381469727,14.149999618530273,13.850000381469727,13.850000381469727,235072
2019-07-03,13.5,13.550000190734863,13.350000381469727,13.350000381469727,41193
2019-07-04,13.399999618530273,14.550000190734863,13.399999618530273,13.800000190734863,172000
2019-07-05,14.25,14.25,13.899999618530273,13.949999809265137,22000
2019-07-08,14.100000381469727,14.100000381469727,14.100000381469727,14.100000381469727,14019
2019-07-09,14.0,14.0,13.899999618530273,13.899999618530273,25000
2019-07-10,13.899999618530273,14.149999618530273,13.899999618530273,14.149999618530273,10020
2019-07-11,14.149999618530273,14.399999618530273,14.100000381469727,14.100000381469727,25000
2019-07-12,14.0,14.0,13.949999809265137,13.949999809265137,9000
2019-07-15,13.949999809265137,14.300000190734863,13.949999809265137,14.100000381469727,28000
2019-07-16,14.399999618530273,14.399999618530273,14.100000381469727,14.100000381469727,18000
2019-07-17,14.100000381469727,14.300000190734863,14.100000381469727,14.100000381469727,22000
2019-07-18,14.149999618530273,14.149999618530273,13.850000381469727,13.899999618530273,69039
2019-07-19,13.899999618530273,13.899999618530273,13.75,13.75,145539
2019-07-22,13.800000190734863,13.800000190734863,13.75,13.800000190734863,23000
2019-07-23,13.800000190734863,13.800000190734863,13.800000190734863,13.800000190734863,0
2019-07-24,14.0,14.0,13.800000190734863,13.800000190734863,5011
2019-07-25,13.949999809265137,14.199999809265137,13.850000381469727,13.850000381469727,37049
2019-07-26,14.0,14.0,13.949999809265137,13.949999809265137,11000
2019-07-29,14.300000190734863,14.300000190734863,14.050000190734863,14.050000190734863,9000
2019-07-30,14.100000381469727,14.199999809265137,14.0,14.0,30000
2019-07-31,14.0,14.0,14.0,14.0,8000
2019-08-01,14.100000381469727,14.5,14.100000381469727,14.449999809265137,53070
2019-08-02,14.449999809265137,14.449999809265137,14.100000381469727,14.100000381469727,28000
2019-08-05,14.100000381469727,14.100000381469727,13.850000381469727,13.850000381469727,26000
2019-08-06,13.850000381469727,13.949999809265137,13.600000381469727,13.949999809265137,24000
2019-08-07,13.800000190734863,13.949999809265137,13.800000190734863,13.899999618530273,20000
2019-08-08,13.899999618530273,13.899999618530273,13.899999618530273,13.899999618530273,14000
2019-08-12,14.5,14.5,14.100000381469727,14.100000381469727,22000
2019-08-13,14.0,14.100000381469727,14.0,14.100000381469727,12000
2019-08-14,14.100000381469727,14.350000381469727,14.050000190734863,14.050000190734863,49000
2019-08-15,14.050000190734863,14.050000190734863,13.899999618530273,13.899999618530273,10000
2019-08-16,13.899999618530273,13.949999809265137,13.800000190734863,13.899999618530273,36450
2019-08-19,13.850000381469727,14.550000190734863,13.850000381469727,14.350000381469727,123000
2019-08-20,14.5,15.75,14.449999809265137,14.699999809265137,496175
2019-08-21,14.800000190734863,15.300000190734863,14.550000190734863,14.649999618530273,100375
2019-08-22,14.699999809265137,14.800000190734863,14.649999618530273,14.649999618530273,42000
2019-08-23,14.5,14.550000190734863,14.5,14.550000190734863,56000
2019-08-26,14.399999618530273,14.449999809265137,14.25,14.449999809265137,17000
2019-08-27,14.399999618530273,14.5,14.399999618530273,14.5,22042
2019-08-28,14.5,14.5,14.300000190734863,14.350000381469727,30042
2019-08-29,14.399999618530273,14.449999809265137,14.350000381469727,14.350000381469727,27000
2019-08-30,14.399999618530273,14.5,14.399999618530273,14.5,25000
2019-09-02,14.5,14.800000190734863,14.350000381469727,14.649999618530273,24000
2019-09-03,14.800000190734863,16.0,14.649999618530273,15.199999809265137,277049
2019-09-04,15.25,15.600000381469727,15.0,15.149999618530273,124029
2019-09-05,15.399999618530273,15.5,15.199999809265137,15.199999809265137,95000
2019-09-06,15.449999809265137,15.449999809265137,15.199999809265137,15.25,33000
2019-09-10,15.5,15.5,15.300000190734863,15.449999809265137,28000
2019-09-11,15.399999618530273,15.449999809265137,15.399999618530273,15.399999618530273,9000
2019-09-12,15.449999809265137,15.449999809265137,15.25,15.350000381469727,30002
2019-09-16,15.350000381469727,15.350000381469727,15.25,15.25,28000
2019-09-17,15.199999809265137,15.199999809265137,15.100000381469727,15.100000381469727,16000
2019-09-18,14.850000381469727,15.850000381469727,14.850000381469727,15.350000381469727,78000
2019-09-19,15.199999809265137,15.199999809265137,15.100000381469727,15.149999618530273,11000
2019-09-20,15.100000381469727,15.199999809265137,15.0,15.199999809265137,46000
2019-09-23,15.0,15.25,15.0,15.149999618530273,34000
2019-09-24,15.25,15.350000381469727,15.199999809265137,15.25,12000
2019-09-25,14.949999809265137,15.100000381469727,14.800000190734863,14.899999618530273,50001
2019-09-26,14.949999809265137,15.050000190734863,14.899999618530273,14.899999618530273,28000
2019-09-27,14.949999809265137,15.0,14.699999809265137,14.75,36001
2019-10-01,14.75,14.899999618530273,14.75,14.800000190734863,25001
2019-10-02,14.75,14.75,14.75,14.75,5000
2019-10-03,14.800000190734863,14.800000190734863,14.800000190734863,14.800000190734863,1500
2019-10-04,14.800000190734863,14.949999809265137,14.800000190734863,14.850000381469727,23500
2019-10-07,14.850000381469727,14.850000381469727,14.800000190734863,14.800000190734863,41150
2019-10-08,14.850000381469727,14.850000381469727,14.850000381469727,14.850000381469727,11001
2019-10-09,14.949999809265137,14.949999809265137,14.899999618530273,14.949999809265137,12000
2019-10-14,15.100000381469727,15.100000381469727,14.949999809265137,15.0,86250
2019-10-15,14.800000190734863,14.800000190734863,14.75,14.75,34001
2019-10-16,14.800000190734863,14.850000381469727,14.75,14.800000190734863,27001
2019-10-17,14.75,14.75,14.699999809265137,14.699999809265137,33000
2019-10-18,14.75,14.800000190734863,14.699999809265137,14.800000190734863,54000
2019-10-21,15.0,15.050000190734863,14.850000381469727,15.0,74000
2019-10-22,14.899999618530273,14.949999809265137,14.850000381469727,14.899999618530273,50000
2019-10-23,15.0,15.800000190734863,14.949999809265137,15.800000190734863,176177
2019-10-24,15.800000190734863,15.800000190734863,15.350000381469727,15.699999809265137,140038
2019-10-25,15.300000190734863,15.5,15.100000381469727,15.100000381469727,200000
2019-10-28,15.100000381469727,15.199999809265137,15.050000190734863,15.050000190734863,34000
2019-10-29,15.100000381469727,15.300000190734863,15.100000381469727,15.100000381469727,23000
2019-10-30,15.050000190734863,15.149999618530273,15.050000190734863,15.149999618530273,13000
2019-10-31,15.149999618530273,15.199999809265137,15.050000190734863,15.050000190734863,25000
2019-11-01,15.050000190734863,15.100000381469727,15.050000190734863,15.100000381469727,13000
2019-11-04,15.100000381469727,15.149999618530273,14.850000381469727,15.050000190734863,50000
2019-11-05,15.050000190734863,15.050000190734863,15.050000190734863,15.050000190734863,9000
2019-11-06,15.199999809265137,15.199999809265137,15.0,15.050000190734863,12000
2019-11-07,15.050000190734863,15.050000190734863,14.850000381469727,14.949999809265137,37000
2019-11-08,14.949999809265137,15.0,14.75,15.0,35000
2019-11-11,15.100000381469727,15.100000381469727,14.800000190734863,15.0,43000
2019-11-12,14.949999809265137,14.949999809265137,14.800000190734863,14.899999618530273,16000
2019-11-13,15.800000190734863,15.800000190734863,15.100000381469727,15.100000381469727,109000
2019-11-14,15.100000381469727,15.100000381469727,15.0,15.050000190734863,14000
2019-11-15,15.149999618530273,15.149999618530273,15.0,15.100000381469727,47000
2019-11-18,15.100000381469727,15.100000381469727,14.899999618530273,15.100000381469727,17000
2019-11-19,15.100000381469727,15.100000381469727,14.899999618530273,15.0,11000
2019-11-20,14.899999618530273,15.100000381469727,14.850000381469727,15.100000381469727,20000
2019-11-21,15.0,15.050000190734863,15.0,15.050000190734863,9000
2019-11-22,15.050000190734863,15.050000190734863,15.050000190734863,15.050000190734863,10000
2019-11-25,15.050000190734863,15.25,15.0,15.149999618530273,43000
2019-11-26,15.149999618530273,15.149999618530273,15.100000381469727,15.100000381469727,11000
2019-11-27,15.25,15.350000381469727,15.149999618530273,15.199999809265137,12000
2019-11-28,15.149999618530273,15.149999618530273,15.050000190734863,15.050000190734863,13000
2019-11-29,15.100000381469727,15.149999618530273,14.949999809265137,15.100000381469727,22000
2019-12-02,15.0,15.0,14.949999809265137,14.949999809265137,13000
2019-12-03,15.25,15.25,14.899999618530273,15.0,12000
2019-12-04,14.949999809265137,15.0,14.699999809265137,15.0,14000
2019-12-05,15.0,15.100000381469727,15.0,15.100000381469727,15145
2019-12-06,15.100000381469727,15.149999618530273,14.949999809265137,15.050000190734863,38000
2019-12-09,14.949999809265137,15.0,14.899999618530273,15.0,42000
2019-12-10,14.800000190734863,14.949999809265137,14.800000190734863,14.949999809265137,56000
2019-12-11,14.899999618530273,15.0,14.850000381469727,15.0,13000
2019-12-12,15.0,15.0,14.949999809265137,15.0,29000
2019-12-13,15.0,15.0,14.850000381469727,14.949999809265137,47000
2019-12-16,14.949999809265137,15.100000381469727,14.949999809265137,14.949999809265137,100
2019-12-17,14.949999809265137,15.0,14.899999618530273,14.949999809265137,29000
2019-12-18,14.949999809265137,15.100000381469727,14.949999809265137,15.050000190734863,38000
2019-12-19,15.0,15.050000190734863,14.899999618530273,15.0,13000
2019-12-20,15.050000190734863,15.199999809265137,15.0,15.0,30000
2019-12-23,15.050000190734863,15.100000381469727,14.949999809265137,15.100000381469727,57000
2019-12-24,15.100000381469727,15.100000381469727,14.949999809265137,15.050000190734863,18000
2019-12-25,14.949999809265137,15.0,14.949999809265137,15.0,38000
2019-12-26,15.25,15.25,15.0,15.050000190734863,23000
2019-12-27,15.100000381469727,15.100000381469727,14.949999809265137,14.949999809265137,20000
2019-12-30,14.949999809265137,15.0,14.899999618530273,15.0,16450
2019-12-31,14.949999809265137,15.0,14.949999809265137,15.0,9000
2020-01-02,15.0,15.050000190734863,15.0,15.0,20000
2020-01-03,14.949999809265137,14.949999809265137,14.899999618530273,14.899999618530273,10000
2020-01-06,14.899999618530273,15.050000190734863,14.899999618530273,15.0,31000
2020-01-07,15.0,15.0,14.949999809265137,15.0,58000
2020-01-08,15.0,15.0,14.899999618530273,14.949999809265137,72000
2020-01-09,15.0,15.0,14.899999618530273,15.0,18000
2020-01-10,15.0,15.0,14.899999618530273,14.899999618530273,99000
2020-01-13,14.899999618530273,15.0,14.899999618530273,14.949999809265137,23000
2020-01-14,15.0,15.0,14.949999809265137,14.949999809265137,40000
2020-01-15,15.0,15.0,14.949999809265137,14.949999809265137,15000
2020-01-16,14.850000381469727,14.899999618530273,14.850000381469727,14.899999618530273,18000
2020-01-17,14.850000381469727,14.899999618530273,14.850000381469727,14.899999618530273,30000
2020-01-20,14.850000381469727,14.850000381469727,14.850000381469727,14.850000381469727,25001
2020-01-30,13.399999618530273,13.75,13.399999618530273,13.600000381469727,284010
2020-01-31,13.699999809265137,13.699999809265137,13.5,13.649999618530273,64000
2020-02-03,13.25,13.399999618530273,13.050000190734863,13.399999618530273,43000
2020-02-04,13.600000381469727,13.699999809265137,13.5,13.649999618530273,13020
2020-02-05,13.699999809265137,13.699999809265137,13.5,13.600000381469727,9000
2020-02-06,13.600000381469727,13.649999618530273,13.550000190734863,13.600000381469727,35000
2020-02-07,13.600000381469727,13.600000381469727,13.449999809265137,13.550000190734863,29000
2020-02-10,13.350000381469727,13.550000190734863,13.350000381469727,13.550000190734863,33000
2020-02-11,13.649999618530273,13.649999618530273,13.649999618530273,13.649999618530273,2000
2020-02-12,13.5,13.699999809265137,13.5,13.699999809265137,12000
2020-02-13,13.649999618530273,13.649999618530273,13.5,13.600000381469727,18025
2020-02-14,13.550000190734863,13.649999618530273,13.550000190734863,13.649999618530273,24000
2020-02-17,13.5,13.550000190734863,13.5,13.550000190734863,4000
2020-02-18,13.5,13.550000190734863,13.399999618530273,13.550000190734863,31000
2020-02-19,13.649999618530273,13.649999618530273,13.550000190734863,13.600000381469727,16001
2020-02-20,13.75,13.949999809265137,13.75,13.949999809265137,118035
2020-02-21,13.75,13.949999809265137,13.699999809265137,13.850000381469727,65001
2020-02-24,13.800000190734863,13.850000381469727,13.800000190734863,13.850000381469727,18250
2020-02-25,14.899999618530273,15.199999809265137,14.399999618530273,15.199999809265137,814007
2020-02-26,15.199999809265137,15.75,15.050000190734863,15.25,568034
2020-02-27,15.0,15.199999809265137,14.600000381469727,14.699999809265137,223044
2020-03-02,14.5,14.5,14.199999809265137,14.449999809265137,113217
2020-03-03,14.5,15.0,14.5,14.550000190734863,116000
2020-03-04,14.449999809265137,14.550000190734863,14.399999618530273,14.449999809265137,46000
2020-03-05,14.449999809265137,14.649999618530273,14.449999809265137,14.600000381469727,33000
2020-03-06,14.550000190734863,14.600000381469727,14.399999618530273,14.550000190734863,26000
2020-03-09,14.449999809265137,14.5,14.199999809265137,14.25,59000
2020-03-10,14.100000381469727,14.25,13.699999809265137,14.25,28000
2020-03-11,14.25,14.25,13.899999618530273,13.949999809265137,48000
2020-03-12,13.550000190734863,13.550000190734863,12.800000190734863,12.850000381469727,69000
2020-03-13,12.050000190734863,12.050000190734863,11.600000381469727,12.050000190734863,246000
2020-03-16,12.050000190734863,12.050000190734863,11.5,11.699999809265137,48000
2020-03-17,11.850000381469727,11.850000381469727,11.0,11.199999809265137,69000
2020-03-18,11.300000190734863,11.300000190734863,10.699999809265137,11.0,88000
2020-03-19,10.300000190734863,10.300000190734863,9.899999618530273,9.899999618530273,324000
2020-03-20,9.210000038146973,10.300000190734863,9.210000038146973,10.050000190734863,128050
2020-03-23,10.0,10.0,9.680000305175781,9.979999542236328,47000
2020-03-24,10.300000190734863,10.300000190734863,9.699999809265137,10.050000190734863,113000
2020-03-25,10.300000190734863,10.5,10.149999618530273,10.399999618530273,131000
2020-03-26,10.399999618530273,10.600000381469727,10.300000190734863,10.5,65000
2020-03-27,10.649999618530273,10.75,10.5,10.5,50000
2020-03-30,10.449999809265137,10.899999618530273,10.449999809265137,10.800000190734863,43000
2020-03-31,10.800000190734863,11.199999809265137,10.800000190734863,10.949999809265137,69000
2020-04-01,10.949999809265137,11.149999618530273,10.949999809265137,11.100000381469727,76000
2020-04-06,11.050000190734863,11.149999618530273,10.899999618530273,11.100000381469727,29000
2020-04-07,11.149999618530273,11.350000381469727,11.0,11.050000190734863,38000
2020-04-08,11.199999809265137,11.5,11.0,11.350000381469727,20000
2020-04-09,11.399999618530273,11.399999618530273,11.100000381469727,11.350000381469727,35000
2020-04-10,11.149999618530273,11.600000381469727,11.149999618530273,11.449999809265137,32000
2020-04-13,11.399999618530273,11.800000190734863,11.399999618530273,11.699999809265137,78000
2020-04-14,11.600000381469727,11.949999809265137,11.600000381469727,11.899999618530273,66000
2020-04-15,12.149999618530273,12.25,11.949999809265137,12.199999809265137,39000
2020-04-16,12.050000190734863,12.399999618530273,12.0,12.25,41000
2020-04-17,12.5,12.5,12.25,12.300000190734863,51000
2020-04-20,12.199999809265137,12.350000381469727,12.050000190734863,12.350000381469727,12072
2020-04-21,12.25,12.25,12.050000190734863,12.100000381469727,39001
2020-04-22,11.899999618530273,12.75,11.899999618530273,12.449999809265137,101000
2020-04-23,12.399999618530273,12.550000190734863,12.399999618530273,12.5,59000
2020-04-24,12.550000190734863,13.649999618530273,12.550000190734863,13.25,158000
2020-04-27,13.5,14.050000190734863,13.5,13.600000381469727,107000
2020-04-28,13.699999809265137,13.699999809265137,13.5,13.5,34000
2020-04-29,14.0,14.0,13.550000190734863,13.649999618530273,49001
2020-04-30,13.899999618530273,13.949999809265137,13.550000190734863,13.949999809265137,78000
2020-05-04,13.649999618530273,13.949999809265137,13.600000381469727,13.949999809265137,86000
2020-05-05,14.050000190734863,14.350000381469727,14.0,14.300000190734863,65000
2020-05-06,14.300000190734863,14.550000190734863,14.199999809265137,14.199999809265137,84000
2020-05-07,14.399999618530273,14.550000190734863,14.25,14.399999618530273,25000
2020-05-08,14.399999618530273,14.600000381469727,14.399999618530273,14.600000381469727,54000
2020-05-11,14.899999618530273,15.100000381469727,14.899999618530273,14.949999809265137,116000
2020-05-12,15.100000381469727,15.100000381469727,14.949999809265137,15.0,20000
2020-05-13,15.0,15.100000381469727,14.949999809265137,15.100000381469727,29000
2020-05-14,14.800000190734863,15.100000381469727,14.75,14.850000381469727,64100
2020-05-15,14.850000381469727,15.5,14.800000190734863,14.800000190734863,113000
2020-05-18,14.800000190734863,14.800000190734863,14.699999809265137,14.800000190734863,24000
2020-05-19,15.0,15.0,14.949999809265137,14.949999809265137,31000
2020-05-20,14.850000381469727,15.100000381469727,14.800000190734863,15.100000381469727,14000
2020-05-21,14.850000381469727,15.100000381469727,14.850000381469727,15.100000381469727,47090
2020-05-22,14.899999618530273,15.0,14.800000190734863,14.800000190734863,49190
2020-05-25,14.699999809265137,15.0,14.699999809265137,14.699999809265137,47000
2020-05-26,14.600000381469727,15.0,14.600000381469727,15.0,50000
2020-05-27,14.699999809265137,15.0,14.699999809265137,14.800000190734863,38000
2020-05-28,14.800000190734863,14.800000190734863,14.600000381469727,14.600000381469727,46000
2020-05-29,14.449999809265137,14.550000190734863,14.399999618530273,14.449999809265137,42795
2020-06-01,14.199999809265137,14.600000381469727,14.199999809265137,14.5,29000
2020-06-02,14.699999809265137,14.899999618530273,14.5,14.5,33000
2020-06-03,14.949999809265137,14.949999809265137,14.600000381469727,14.800000190734863,55000
2020-06-04,14.800000190734863,15.050000190734863,14.800000190734863,14.899999618530273,43000
2020-06-05,14.800000190734863,15.0,14.800000190734863,15.0,63000
2020-06-08,14.850000381469727,14.850000381469727,13.800000190734863,14.300000190734863,213000
2020-06-09,14.199999809265137,14.350000381469727,14.100000381469727,14.199999809265137,31000
2020-06-10,14.300000190734863,14.399999618530273,14.050000190734863,14.050000190734863,12000
2020-06-11,14.100000381469727,14.100000381469727,13.800000190734863,13.800000190734863,19000
2020-06-12,13.5,14.0,13.5,14.0,23000
2020-06-15,13.649999618530273,13.800000190734863,13.600000381469727,13.800000190734863,95000
2020-06-16,13.899999618530273,13.899999618530273,13.899999618530273,13.899999618530273,22035
2020-06-17,14.100000381469727,14.100000381469727,14.0,14.0,18000
2020-06-18,13.800000190734863,14.600000381469727,13.800000190734863,14.600000381469727,88450
2020-06-19,14.949999809265137,14.949999809265137,14.449999809265137,14.649999618530273,23000
2020-06-22,14.75,14.75,14.550000190734863,14.600000381469727,22000
2020-06-23,14.699999809265137,14.699999809265137,14.600000381469727,14.600000381469727,38120
2020-06-24,14.550000190734863,14.800000190734863,14.5,14.800000190734863,17000
2020-06-29,14.75,15.449999809265137,14.75,14.949999809265137,68000
2020-06-30,15.25,15.300000190734863,14.899999618530273,15.0,60834
2020-07-01,15.0,15.399999618530273,14.949999809265137,15.399999618530273,112500
2020-07-02,15.449999809265137,15.600000381469727,15.0,15.300000190734863,229000
2020-07-03,15.600000381469727,15.600000381469727,15.149999618530273,15.5,65090
2020-07-06,15.5,15.550000190734863,15.399999618530273,15.449999809265137,54055
2020-07-07,15.600000381469727,15.600000381469727,15.25,15.350000381469727,38000
2020-07-08,15.350000381469727,15.600000381469727,15.350000381469727,15.449999809265137,125000
2020-07-09,15.5,15.5,15.300000190734863,15.449999809265137,112000
2020-07-10,15.300000190734863,15.399999618530273,15.050000190734863,15.300000190734863,96000
2020-07-13,15.399999618530273,15.699999809265137,15.300000190734863,15.5,60000
2020-07-14,15.399999618530273,15.399999618530273,15.100000381469727,15.399999618530273,114000
2020-07-15,15.0,15.199999809265137,15.0,15.050000190734863,75000
2020-07-16,15.199999809265137,15.300000190734863,15.0,15.199999809265137,32000
2020-07-17,15.199999809265137,15.199999809265137,15.050000190734863,15.050000190734863,28000
2020-07-20,15.0,15.050000190734863,14.75,15.0,21000
2020-07-21,15.199999809265137,15.399999618530273,15.149999618530273,15.25,51000
2020-07-22,15.199999809265137,15.399999618530273,15.199999809265137,15.350000381469727,10000
2020-07-23,15.300000190734863,15.350000381469727,15.100000381469727,15.350000381469727,14000
2020-07-24,15.199999809265137,15.199999809265137,15.0,15.0,29039
2020-07-27,15.0,16.5,15.0,16.5,643257
2020-07-28,17.5,18.149999618530273,17.5,17.700000762939453,1708930
2020-07-29,17.5,19.450000762939453,16.649999618530273,19.450000762939453,766046
2020-07-30,20.950000762939453,21.200000762939453,20.0,20.649999618530273,927652
2020-07-31,21.350000381469727,21.399999618530273,18.799999237060547,18.950000762939453,1082335
2020-08-03,19.799999237060547,20.799999237060547,19.049999237060547,20.799999237060547,745500
2020-08-04,21.350000381469727,21.5,20.0,20.549999237060547,637244
2020-08-05,20.5,21.0,20.299999237060547,20.399999618530273,264000
2020-08-06,20.299999237060547,20.700000762939453,20.0,20.399999618530273,223000
2020-08-07,20.299999237060547,20.600000381469727,20.25,20.600000381469727,98000
2020-08-10,20.600000381469727,20.600000381469727,18.899999618530273,18.950000762939453,285566
2020-08-11,18.200000762939453,18.899999618530273,17.950000762939453,17.950000762939453,191600
2020-08-12,17.700000762939453,19.700000762939453,17.700000762939453,19.100000381469727,356000
2020-08-13,18.549999237060547,19.5,18.399999618530273,18.399999618530273,245000
2020-08-14,18.450000762939453,19.75,18.450000762939453,19.149999618530273,250301
2020-08-17,19.600000381469727,19.700000762939453,19.100000381469727,19.25,70000
2020-08-18,19.25,19.600000381469727,18.350000381469727,18.799999237060547,154319
2020-08-19,18.799999237060547,19.350000381469727,18.25,18.450000762939453,91000
2020-08-20,18.450000762939453,18.450000762939453,16.799999237060547,17.049999237060547,250000
2020-08-21,17.049999237060547,17.799999237060547,17.0,17.0,250000
2020-08-24,17.0,17.350000381469727,17.0,17.25,70000
2020-08-25,17.200000762939453,17.5,17.200000762939453,17.350000381469727,61000
2020-08-26,17.399999618530273,19.0,17.399999618530273,18.549999237060547,149030
2020-08-27,18.549999237060547,18.549999237060547,17.850000381469727,17.850000381469727,98000
2020-08-28,17.850000381469727,18.25,17.700000762939453,17.850000381469727,101000
2020-08-31,18.0,18.5,17.899999618530273,18.100000381469727,108000
2020-09-01,18.100000381469727,18.200000762939453,17.799999237060547,18.049999237060547,67000
2020-09-02,18.5,18.5,17.850000381469727,18.049999237060547,18000
2020-09-03,18.100000381469727,19.350000381469727,18.0,19.25,591104
2020-09-04,19.0,21.149999618530273,18.100000381469727,21.149999618530273,1067000
2020-09-07,21.399999618530273,23.25,21.399999618530273,22.450000762939453,1625154
2020-09-08,22.299999237060547,22.899999618530273,20.700000762939453,21.399999618530273,713000
2020-09-09,21.299999237060547,21.299999237060547,20.149999618530273,20.399999618530273,298000
2020-09-10,20.399999618530273,20.700000762939453,19.299999237060547,19.350000381469727,612000
2020-09-11,19.200000762939453,19.350000381469727,18.75,18.799999237060547,276004
2020-09-14,19.200000762939453,20.049999237060547,19.200000762939453,19.75,233000
2020-09-15,19.75,20.0,19.600000381469727,19.75,137000
2020-09-16,19.950000762939453,20.299999237060547,19.549999237060547,20.0,298120
2020-09-17,19.75,19.899999618530273,19.25,19.350000381469727,171000
2020-09-18,19.5,19.950000762939453,19.399999618530273,19.649999618530273,126000
2020-09-21,19.700000762939453,20.0,19.299999237060547,19.799999237060547,394050
2020-09-22,19.799999237060547,19.799999237060547,18.549999237060547,19.25,172100
2020-09-23,19.200000762939453,19.450000762939453,19.0,19.350000381469727,70000
2020-09-24,19.0,19.100000381469727,18.700000762939453,18.799999237060547,73000
2020-09-25,18.75,19.100000381469727,18.5,19.100000381469727,86000
2020-09-28,19.100000381469727,19.25,18.850000381469727,19.25,47000
2020-09-29,19.049999237060547,19.149999618530273,18.700000762939453,18.899999618530273,17000
2020-09-30,19.100000381469727,19.100000381469727,18.75,18.799999237060547,17000
2020-10-05,18.799999237060547,19.25,18.75,18.850000381469727,35000
2020-10-06,19.450000762939453,19.5,18.850000381469727,19.200000762939453,78000
2020-10-07,18.850000381469727,19.350000381469727,18.850000381469727,19.350000381469727,36071
2020-10-08,19.299999237060547,19.299999237060547,19.049999237060547,19.100000381469727,18000
2020-10-12,18.5,19.149999618530273,18.299999237060547,18.700000762939453,84000
2020-10-13,18.600000381469727,19.200000762939453,18.600000381469727,18.799999237060547,29000
2020-10-14,18.950000762939453,19.200000762939453,18.700000762939453,19.149999618530273,68145
2020-10-15,19.299999237060547,19.299999237060547,18.850000381469727,19.049999237060547,68000
2020-10-16,18.850000381469727,19.0,18.700000762939453,18.75,61071
2020-10-19,18.899999618530273,18.899999618530273,18.399999618530273,18.600000381469727,50000
2020-10-20,18.5,18.600000381469727,18.399999618530273,18.399999618530273,37000
2020-10-21,18.549999237060547,18.799999237060547,18.5,18.700000762939453,38000
2020-10-22,18.600000381469727,18.799999237060547,18.399999618530273,18.399999618530273,68000
2020-10-23,18.950000762939453,18.950000762939453,18.450000762939453,18.5,23150
2020-10-26,19.149999618530273,19.149999618530273,18.450000762939453,18.649999618530273,75250
2020-10-27,18.649999618530273,18.850000381469727,18.25,18.299999237060547,57000
2020-10-28,18.649999618530273,18.649999618530273,18.25,18.25,31000
2020-10-29,17.5,18.149999618530273,17.5,17.899999618530273,72000
2020-10-30,18.149999618530273,18.149999618530273,17.649999618530273,17.649999618530273,67000
2020-11-02,17.899999618530273,17.899999618530273,17.600000381469727,17.649999618530273,30000
2020-11-03,17.899999618530273,17.899999618530273,17.549999237060547,17.75,37000
2020-11-04,17.799999237060547,17.799999237060547,17.549999237060547,17.75,17000
2020-11-05,18.200000762939453,18.200000762939453,17.75,17.950000762939453,19000
2020-11-06,18.200000762939453,18.450000762939453,18.049999237060547,18.049999237060547,87000
2020-11-09,18.049999237060547,18.149999618530273,17.850000381469727,18.100000381469727,44000
2020-11-10,18.200000762939453,18.200000762939453,17.799999237060547,17.799999237060547,42000
2020-11-11,17.850000381469727,18.0,17.649999618530273,17.950000762939453,84000
2020-11-12,17.950000762939453,18.100000381469727,17.850000381469727,17.950000762939453,47100
2020-11-13,17.950000762939453,18.450000762939453,17.799999237060547,18.049999237060547,52000
2020-11-16,18.5,19.799999237060547,18.299999237060547,19.299999237060547,412363
2020-11-17,19.5,19.549999237060547,18.850000381469727,19.0,135000
2020-11-18,19.0,19.5,18.75,18.950000762939453,262000
2020-11-19,18.899999618530273,19.149999618530273,18.799999237060547,18.850000381469727,106000
2020-11-20,19.0,19.0,18.899999618530273,18.899999618530273,50500
2020-11-23,18.899999618530273,19.299999237060547,18.899999618530273,19.200000762939453,93238
2020-11-24,19.200000762939453,19.200000762939453,18.899999618530273,18.899999618530273,68000
2020-11-25,19.0,19.100000381469727,18.850000381469727,18.899999618530273,67000
2020-11-26,19.049999237060547,19.399999618530273,19.0,19.100000381469727,215000
2020-11-27,19.25,19.25,18.950000762939453,19.100000381469727,83000
2020-11-30,19.149999618530273,19.399999618530273,18.950000762939453,19.149999618530273,173002
2020-12-01,19.100000381469727,20.299999237060547,19.100000381469727,19.899999618530273,397200
2020-12-02,20.100000381469727,20.25,19.799999237060547,19.899999618530273,321179
2020-12-03,20.25,20.25,19.600000381469727,19.600000381469727,247892
2020-12-04,19.899999618530273,19.899999618530273,19.75,19.799999237060547,151000
2020-12-07,19.950000762939453,21.75,19.799999237060547,20.600000381469727,820392
2020-12-08,20.899999618530273,22.649999618530273,20.799999237060547,22.649999618530273,1956103
2020-12-09,22.450000762939453,24.450000762939453,22.399999618530273,24.0,2504027
2020-12-10,24.0,24.100000381469727,22.600000381469727,23.0,887109
2020-12-11,23.5,24.5,23.0,24.5,1160122
2020-12-14,24.5,26.399999618530273,23.649999618530273,24.0,2060070
2020-12-15,24.600000381469727,24.600000381469727,21.600000381469727,21.950000762939453,1010020
2020-12-16,22.5,22.899999618530273,22.149999618530273,22.350000381469727,403286
2020-12-17,22.5,22.5,21.899999618530273,22.049999237060547,121000
2020-12-18,22.25,22.25,20.899999618530273,20.899999618530273,382020
2020-12-21,20.899999618530273,20.899999618530273,19.75,20.399999618530273,608000
2020-12-22,20.299999237060547,20.75,20.100000381469727,20.100000381469727,213000
2020-12-23,20.299999237060547,20.299999237060547,19.600000381469727,19.899999618530273,221000
2020-12-24,20.299999237060547,21.799999237060547,20.25,21.450000762939453,427078
2020-12-25,21.450000762939453,22.049999237060547,20.950000762939453,21.200000762939453,210000
2020-12-28,21.25,21.75,20.649999618530273,21.200000762939453,380000
2020-12-29,21.25,21.700000762939453,21.25,21.299999237060547,188000
2020-12-30,21.350000381469727,22.0,21.200000762939453,21.549999237060547,167000
2020-12-31,21.799999237060547,21.950000762939453,21.299999237060547,21.450000762939453,99000
2021-01-04,21.450000762939453,22.0,21.450000762939453,21.5,169000
2021-01-05,21.5,21.5,21.0,21.100000381469727,166190
2021-01-06,21.25,21.899999618530273,20.200000762939453,20.450000762939453,187000
2021-01-07,20.950000762939453,20.950000762939453,20.399999618530273,20.850000381469727,152000
2021-01-08,21.149999618530273,21.5,20.850000381469727,20.899999618530273,205000
2021-01-11,20.899999618530273,21.200000762939453,20.600000381469727,20.700000762939453,114250
2021-01-12,22.100000381469727,22.75,21.350000381469727,21.799999237060547,690252
2021-01-13,21.649999618530273,22.299999237060547,21.399999618530273,21.899999618530273,262006
2021-01-14,21.950000762939453,22.450000762939453,21.399999618530273,21.399999618530273,161000
2021-01-15,22.0,22.0,20.600000381469727,20.75,161000
2021-01-18,20.350000381469727,20.600000381469727,19.600000381469727,20.299999237060547,133010
2021-01-19,20.799999237060547,20.799999237060547,20.25,20.399999618530273,47232
2021-01-20,20.100000381469727,20.75,19.700000762939453,19.899999618530273,182000
2021-01-21,20.049999237060547,21.799999237060547,20.049999237060547,21.0,337069
2021-01-22,21.600000381469727,21.850000381469727,21.049999237060547,21.700000762939453,293000
2021-01-25,21.700000762939453,22.299999237060547,21.0,21.75,239000
2021-01-26,21.700000762939453,22.0,20.899999618530273,21.0,200225
2021-01-27,21.149999618530273,21.700000762939453,20.899999618530273,21.100000381469727,121100
2021-01-28,20.5,21.100000381469727,20.5,20.799999237060547,32050
2021-01-29,20.899999618530273,21.0,19.850000381469727,20.049999237060547,197000
2021-02-01,20.0,20.5,19.799999237060547,20.450000762939453,102030
2021-02-02,20.799999237060547,21.549999237060547,20.600000381469727,20.899999618530273,228000
2021-02-03,20.850000381469727,20.950000762939453,20.100000381469727,20.450000762939453,395000
2021-02-04,20.75,20.899999618530273,20.299999237060547,20.5,61000
2021-02-05,20.5,20.799999237060547,20.200000762939453,20.350000381469727,65533
2021-02-17,20.700000762939453,21.5,20.399999618530273,21.0,143438
2021-02-18,21.450000762939453,23.100000381469727,21.450000762939453,22.399999618530273,1424030
2021-02-19,22.399999618530273,22.549999237060547,21.5,22.399999618530273,508430
2021-02-22,22.549999237060547,22.950000762939453,22.5,22.850000381469727,363000
2021-02-23,23.0,23.799999237060547,22.149999618530273,23.100000381469727,446002
2021-02-24,23.75,24.299999237060547,22.950000762939453,23.0,523000
2021-02-25,22.850000381469727,24.0,22.850000381469727,23.100000381469727,343030
2021-02-26,22.899999618530273,23.899999618530273,22.549999237060547,23.200000762939453,247000
2021-03-02,23.200000762939453,23.899999618530273,22.950000762939453,22.950000762939453,174000
2021-03-03,22.850000381469727,23.25,22.450000762939453,23.200000762939453,137001
2021-03-04,23.0,23.450000762939453,22.549999237060547,22.549999237060547,93000
2021-03-05,22.5,22.899999618530273,22.149999618530273,22.549999237060547,80450
2021-03-08,22.850000381469727,22.850000381469727,22.049999237060547,22.100000381469727,79000
2021-03-09,22.049999237060547,22.299999237060547,21.700000762939453,22.149999618530273,67000
2021-03-10,22.299999237060547,22.450000762939453,21.799999237060547,22.200000762939453,76000
2021-03-11,22.200000762939453,23.0,22.200000762939453,22.399999618530273,128000
2021-03-12,22.5,22.75,22.350000381469727,22.399999618530273,143064
2021-03-15,22.299999237060547,22.299999237060547,21.899999618530273,21.899999618530273,125000
2021-03-16,21.899999618530273,22.049999237060547,21.649999618530273,21.950000762939453,67000
2021-03-17,22.0,23.100000381469727,22.0,22.450000762939453,275000
2021-03-18,22.700000762939453,23.049999237060547,22.5,22.5,246000
2021-03-19,22.299999237060547,22.450000762939453,22.25,22.450000762939453,67000
2021-03-22,22.450000762939453,22.799999237060547,22.399999618530273,22.600000381469727,137100
2021-03-23,22.600000381469727,22.850000381469727,22.049999237060547,22.25,75000
2021-03-24,22.25,22.25,21.700000762939453,21.75,143090
2021-03-25,21.899999618530273,21.899999618530273,21.600000381469727,21.700000762939453,82000
2021-03-26,21.700000762939453,21.799999237060547,21.100000381469727,21.799999237060547,158000
2021-03-29,22.049999237060547,22.049999237060547,21.649999618530273,21.700000762939453,65000
2021-03-30,21.799999237060547,22.200000762939453,21.600000381469727,22.049999237060547,134000
2021-03-31,21.799999237060547,22.450000762939453,21.600000381469727,22.25,100000
2021-04-01,22.200000762939453,22.450000762939453,21.850000381469727,21.950000762939453,96000
2021-04-07,22.5,22.799999237060547,22.149999618530273,22.649999618530273,260438
2021-04-08,22.700000762939453,24.5,22.700000762939453,24.299999237060547,870295
2021-04-09,24.700000762939453,25.25,23.600000381469727,25.0,900010
2021-04-12,25.549999237060547,25.799999237060547,25.049999237060547,25.5,746010
2021-04-13,25.799999237060547,26.850000381469727,24.899999618530273,25.100000381469727,1413200
2021-04-14,25.200000762939453,25.700000762939453,23.649999618530273,25.0,495259
2021-04-15,24.600000381469727,25.149999618530273,24.600000381469727,24.899999618530273,131000
2021-04-16,25.0,26.700000762939453,25.0,25.950000762939453,603001
2021-04-19,26.5,26.799999237060547,25.799999237060547,26.450000762939453,461000
2021-04-20,26.850000381469727,28.200000762939453,26.399999618530273,27.350000381469727,779000
2021-04-21,27.350000381469727,29.049999237060547,27.100000381469727,28.850000381469727,861040
2021-04-22,29.049999237060547,30.649999618530273,27.5,28.200000762939453,1362030
2021-04-23,28.0,29.5,27.600000381469727,28.799999237060547,543000
2021-04-26,29.100000381469727,30.5,28.799999237060547,29.950000762939453,518543
2021-04-27,29.899999618530273,30.299999237060547,29.049999237060547,29.5,331000
2021-04-28,29.5,30.799999237060547,29.149999618530273,29.799999237060547,322615
2021-04-29,30.399999618530273,30.450000762939453,28.75,28.799999237060547,261654
2021-05-03,28.899999618530273,29.350000381469727,27.899999618530273,28.399999618530273,353202
2021-05-04,28.799999237060547,28.799999237060547,25.600000381469727,26.200000762939453,660252
2021-05-05,26.0,28.0,26.0,26.950000762939453,197000
2021-05-06,27.549999237060547,27.600000381469727,26.100000381469727,27.0,118000
2021-05-07,27.0,28.149999618530273,27.0,28.100000381469727,185015
2021-05-10,28.100000381469727,28.649999618530273,27.200000762939453,27.450000762939453,120000
2021-05-11,27.149999618530273,27.700000762939453,25.049999237060547,25.350000381469727,394002
2021-05-12,25.100000381469727,25.799999237060547,22.850000381469727,23.850000381469727,629014
2021-05-13,25.5,25.5,23.799999237060547,24.350000381469727,529650
2021-05-14,25.100000381469727,26.5,24.350000381469727,24.899999618530273,492000
2021-05-17,23.649999618530273,25.200000762939453,22.450000762939453,23.850000381469727,625391
2021-05-18,24.0,25.399999618530273,23.899999618530273,25.299999237060547,211000
2021-05-19,25.299999237060547,25.450000762939453,24.649999618530273,25.049999237060547,95000
2021-05-20,25.200000762939453,25.200000762939453,24.25,24.5,112028
2021-05-21,24.799999237060547,25.600000381469727,24.799999237060547,25.399999618530273,350000
2021-05-24,25.850000381469727,26.799999237060547,25.25,26.299999237060547,352000
2021-05-25,26.649999618530273,26.850000381469727,25.799999237060547,26.299999237060547,175000
2021-05-26,26.5,26.5,26.100000381469727,26.350000381469727,113022
2021-05-27,26.600000381469727,27.25,26.399999618530273,26.600000381469727,291000
2021-05-28,26.850000381469727,28.200000762939453,26.600000381469727,27.649999618530273,571280
2021-05-31,27.850000381469727,28.600000381469727,27.850000381469727,28.200000762939453,346496
2021-06-01,28.25,29.200000762939453,28.049999237060547,29.100000381469727,420000
2021-06-02,29.399999618530273,29.600000381469727,28.649999618530273,29.049999237060547,687402
2021-06-03,29.350000381469727,30.5,29.100000381469727,30.5,839248
2021-06-04,30.649999618530273,31.899999618530273,30.200000762939453,30.850000381469727,944030
2021-06-07,31.399999618530273,31.5,29.299999237060547,29.950000762939453,395002
2021-06-08,30.5,30.950000762939453,30.0,30.600000381469727,433001
2021-06-09,31.149999618530273,31.149999618530273,30.25,30.600000381469727,258000
2021-06-10,30.899999618530273,30.899999618530273,29.5,30.049999237060547,236440
2021-06-11,29.700000762939453,31.700000762939453,29.700000762939453,30.799999237060547,756688
2021-06-15,31.5,32.349998474121094,31.200000762939453,32.349998474121094,922402
2021-06-16,32.79999923706055,35.099998474121094,32.25,33.0,2609196
2021-06-17,32.70000076293945,33.0,31.700000762939453,33.0,1015334
2021-06-18,33.099998474121094,34.25,32.20000076293945,33.70000076293945,1306061
2021-06-21,34.5,36.650001525878906,34.099998474121094,36.150001525878906,3194363
2021-06-22,38.0,38.0,35.349998474121094,35.650001525878906,2857001
2021-06-23,35.70000076293945,36.0,33.0,33.79999923706055,1439222
2021-06-24,33.400001525878906,35.29999923706055,33.400001525878906,35.29999923706055,982300
2021-06-25,36.0,36.04999923706055,34.79999923706055,35.75,969470
2021-06-28,36.45000076293945,39.29999923706055,36.25,39.29999923706055,2941272
2021-06-29,42.099998474121094,43.20000076293945,40.54999923706055,43.20000076293945,4303000
2021-06-30,44.900001525878906,47.400001525878906,41.900001525878906,45.849998474121094,5986262
2021-07-01,46.20000076293945,50.0,46.20000076293945,49.54999923706055,4218000
2021-07-02,48.54999923706055,49.0,45.5,46.70000076293945,3082134
2021-07-05,48.0,48.25,44.5,46.349998474121094,1918387
2021-07-06,48.5,50.900001525878906,47.349998474121094,50.900001525878906,4860381
2021-07-07,50.0,51.70000076293945,45.849998474121094,46.150001525878906,4813708
2021-07-08,46.0,47.79999923706055,42.79999923706055,45.95000076293945,3389530
2021-07-09,45.0,46.0,42.20000076293945,42.20000076293945,1657420
2021-07-12,43.29999923706055,45.0,42.0,43.150001525878906,2005200
2021-07-13,43.95000076293945,44.20000076293945,39.400001525878906,40.25,2070483
2021-07-14,40.0,41.0,37.5,38.54999923706055,1757000
2021-07-15,40.0,41.599998474121094,39.29999923706055,40.849998474121094,2160005
2021-07-16,40.849998474121094,41.29999923706055,39.29999923706055,39.29999923706055,1424000
2021-07-19,38.900001525878906,39.95000076293945,37.95000076293945,38.5,1296000
2021-07-20,37.5,37.650001525878906,35.349998474121094,35.95000076293945,1456000
2021-07-21,36.79999923706055,37.25,33.29999923706055,34.25,1610001
2021-07-22,35.04999923706055,35.5,33.79999923706055,34.25,1156000
2021-07-23,33.54999923706055,35.75,33.54999923706055,35.0,793000
2021-07-26,35.04999923706055,35.20000076293945,34.099998474121094,34.150001525878906,321170
2021-07-27,34.20000076293945,34.20000076293945,31.799999237060547,32.20000076293945,759000
2021-07-28,33.29999923706055,34.599998474121094,32.20000076293945,33.04999923706055,1310500
2021-07-29,33.25,34.70000076293945,32.5,34.349998474121094,772500
2021-07-30,34.599998474121094,34.599998474121094,32.400001525878906,32.400001525878906,760100
2021-08-02,32.400001525878906,33.0,31.200000762939453,32.95000076293945,806000
2021-08-03,33.349998474121094,33.650001525878906,32.20000076293945,32.25,305190
2021-08-04,32.349998474121094,33.150001525878906,32.150001525878906,32.599998474121094,300012
2021-08-05,33.0,33.150001525878906,32.099998474121094,32.20000076293945,315003
2021-08-06,31.799999237060547,32.20000076293945,30.25,30.450000762939453,520090
2021-08-09,30.350000381469727,32.099998474121094,30.149999618530273,30.299999237060547,623000
2021-08-10,30.899999618530273,31.0,30.0,30.0,637006
2021-08-11,30.5,30.75,29.100000381469727,29.450000762939453,597369
2021-08-12,29.450000762939453,30.799999237060547,29.450000762939453,30.649999618530273,428004
2021-08-13,30.549999237060547,30.549999237060547,29.0,29.0,500005
2021-08-16,28.0,29.100000381469727,27.950000762939453,28.850000381469727,516000
2021-08-17,29.299999237060547,29.299999237060547,26.799999237060547,26.799999237060547,463998
2021-08-18,26.600000381469727,28.649999618530273,26.0,28.600000381469727,602000
2021-08-19,28.75,29.450000762939453,27.549999237060547,27.700000762939453,522495
2021-08-20,28.700000762939453,28.799999237060547,27.649999618530273,28.100000381469727,329046
2021-08-23,28.899999618530273,30.700000762939453,28.600000381469727,30.200000762939453,542003
2021-08-24,30.850000381469727,30.850000381469727,28.75,29.399999618530273,492000
2021-08-25,29.850000381469727,29.850000381469727,29.0,29.25,215075
2021-08-26,29.350000381469727,29.850000381469727,28.649999618530273,28.649999618530273,215000
2021-08-27,29.100000381469727,29.25,28.649999618530273,29.049999237060547,128342
2021-08-30,29.100000381469727,29.25,28.350000381469727,28.600000381469727,192000
2021-08-31,28.399999618530273,28.799999237060547,27.850000381469727,28.399999618530273,204000
2021-09-01,28.75,29.100000381469727,28.25,28.549999237060547,178000
2021-09-02,28.299999237060547,28.299999237060547,27.5,27.600000381469727,251000
2021-09-03,28.149999618530273,28.149999618530273,27.649999618530273,27.799999237060547,106000
2021-09-06,28.149999618530273,28.149999618530273,26.5,26.5,225050
2021-09-07,26.899999618530273,27.350000381469727,26.549999237060547,26.799999237060547,181000
2021-09-08,26.799999237060547,26.799999237060547,25.899999618530273,26.0,199000
2021-09-09,25.5,26.850000381469727,25.5,26.350000381469727,113000
2021-09-10,26.649999618530273,27.0,26.25,26.850000381469727,248010
2021-09-13,27.200000762939453,27.200000762939453,26.299999237060547,26.600000381469727,214001
2021-09-14,26.600000381469727,26.600000381469727,25.700000762939453,25.700000762939453,400144
2021-09-15,25.649999618530273,26.649999618530273,25.5,26.100000381469727,211010
2021-09-16,25.850000381469727,26.149999618530273,25.799999237060547,26.149999618530273,150000
2021-09-17,25.649999618530273,26.25,25.299999237060547,25.450000762939453,268000
2021-09-22,24.600000381469727,24.799999237060547,24.450000762939453,24.799999237060547,154002
2021-09-23,25.350000381469727,25.899999618530273,24.850000381469727,25.299999237060547,167000
2021-09-24,25.5,27.149999618530273,25.049999237060547,26.799999237060547,506004
2021-09-27,26.799999237060547,27.350000381469727,26.5,27.200000762939453,237002
2021-09-28,27.0,27.399999618530273,26.399999618530273,27.100000381469727,191075
2021-09-29,26.950000762939453,27.25,26.200000762939453,26.200000762939453,171000
2021-09-30,26.899999618530273,26.899999618530273,25.549999237060547,26.600000381469727,98000
2021-10-01,25.899999618530273,26.5,25.25,25.5,360000
2021-10-04,25.350000381469727,25.600000381469727,24.299999237060547,24.899999618530273,456000
2021-10-05,24.5,26.950000762939453,24.299999237060547,26.950000762939453,614000
2021-10-06,26.700000762939453,27.5,25.899999618530273,26.5,449000
2021-10-07,26.850000381469727,27.5,26.549999237060547,27.049999237060547,334000
2021-10-08,27.350000381469727,27.350000381469727,26.450000762939453,26.600000381469727,127000
2021-10-12,26.149999618530273,26.200000762939453,25.0,25.700000762939453,303000
2021-10-13,25.649999618530273,25.899999618530273,24.5,24.700000762939453,283000
2021-10-14,24.799999237060547,25.350000381469727,24.700000762939453,25.200000762939453,103000
2021-10-15,25.299999237060547,26.100000381469727,25.25,25.649999618530273,158000
2021-10-18,25.600000381469727,25.600000381469727,25.100000381469727,25.299999237060547,55000
2021-10-19,25.600000381469727,26.100000381469727,25.399999618530273,26.0,109004
2021-10-20,25.799999237060547,25.899999618530273,25.5,25.899999618530273,29000
2021-10-21,25.850000381469727,26.950000762939453,25.850000381469727,26.0,221000
2021-10-22,26.200000762939453,26.200000762939453,25.950000762939453,26.049999237060547,50000
2021-10-25,25.700000762939453,26.399999618530273,25.649999618530273,26.350000381469727,113000
2021-10-26,26.600000381469727,26.600000381469727,26.100000381469727,26.450000762939453,94000
2021-10-27,26.450000762939453,26.799999237060547,26.149999618530273,26.649999618530273,101000
2021-10-28,26.899999618530273,28.700000762939453,26.899999618530273,27.200000762939453,576000
2021-10-29,27.549999237060547,27.549999237060547,26.700000762939453,27.200000762939453,168000
2021-11-01,27.399999618530273,27.700000762939453,27.299999237060547,27.549999237060547,136006
2021-11-02,27.799999237060547,28.75,27.649999618530273,27.799999237060547,402000
2021-11-03,28.350000381469727,28.950000762939453,28.0,28.950000762939453,343065
2021-11-04,29.700000762939453,30.149999618530273,29.0,29.450000762939453,568100
2021-11-05,29.899999618530273,30.200000762939453,29.200000762939453,29.450000762939453,317168
2021-11-08,29.299999237060547,29.299999237060547,28.100000381469727,28.799999237060547,437040
2021-11-09,28.75,29.049999237060547,28.350000381469727,28.75,177000
2021-11-10,28.799999237060547,29.799999237060547,28.299999237060547,29.600000381469727,316000
2021-11-11,29.5,30.450000762939453,29.25,29.5,384000
2021-11-12,29.5,29.649999618530273,28.850000381469727,29.399999618530273,114000
2021-11-15,29.399999618530273,29.799999237060547,28.600000381469727,29.049999237060547,141000
2021-11-16,29.049999237060547,29.399999618530273,28.299999237060547,29.0,195000
2021-11-17,29.200000762939453,29.350000381469727,28.799999237060547,29.049999237060547,109065
2021-11-18,28.850000381469727,29.350000381469727,28.600000381469727,29.100000381469727,144005
2021-11-19,29.100000381469727,29.299999237060547,28.75,29.25,168080
2021-11-22,29.149999618530273,29.649999618530273,29.100000381469727,29.600000381469727,160001
2021-11-23,29.5,29.850000381469727,28.5,29.0,215010
2021-11-24,28.799999237060547,28.950000762939453,28.5,28.950000762939453,55000
2021-11-25,28.75,29.0,28.649999618530273,28.950000762939453,59000
2021-11-26,28.700000762939453,28.700000762939453,27.799999237060547,28.149999618530273,217000
2021-11-29,27.0,28.100000381469727,27.0,28.0,195000
2021-11-30,28.299999237060547,28.950000762939453,28.0,28.799999237060547,186000
2021-12-01,28.700000762939453,28.899999618530273,28.350000381469727,28.850000381469727,27000
2021-12-02,28.5,29.0,28.149999618530273,28.549999237060547,74000
2021-12-03,28.549999237060547,28.700000762939453,28.5,28.5,42000
2021-12-06,28.299999237060547,28.700000762939453,28.299999237060547,28.5,60000
2021-12-07,29.049999237060547,29.049999237060547,28.100000381469727,28.149999618530273,88000
2021-12-08,28.950000762939453,28.950000762939453,28.299999237060547,28.5,71000
2021-12-09,28.600000381469727,28.649999618530273,28.200000762939453,28.549999237060547,82000
2021-12-10,28.0,28.200000762939453,28.0,28.200000762939453,80000
2021-12-13,28.100000381469727,28.200000762939453,27.899999618530273,28.200000762939453,30000
2021-12-14,27.899999618530273,27.950000762939453,27.350000381469727,27.600000381469727,133010
2021-12-15,27.549999237060547,27.799999237060547,27.5,27.600000381469727,32000
2021-12-16,27.899999618530273,27.899999618530273,27.5,27.850000381469727,92024
2021-12-17,27.700000762939453,27.700000762939453,27.049999237060547,27.5,105000
2021-12-20,27.149999618530273,27.350000381469727,27.049999237060547,27.350000381469727,44000
2021-12-21,27.299999237060547,28.600000381469727,27.299999237060547,28.600000381469727,113000
2021-12-22,28.600000381469727,28.600000381469727,28.100000381469727,28.200000762939453,34100
2021-12-23,28.200000762939453,28.350000381469727,27.799999237060547,28.049999237060547,43000
2021-12-24,28.299999237060547,28.299999237060547,27.649999618530273,28.0,62000
2021-12-27,27.799999237060547,27.850000381469727,27.600000381469727,27.850000381469727,23000
2021-12-28,28.100000381469727,28.149999618530273,27.850000381469727,27.899999618530273,99000
2021-12-29,28.0,28.0,27.75,27.950000762939453,30000
2021-12-30,27.899999618530273,28.350000381469727,27.600000381469727,28.25,68000
2022-01-03,28.25,29.100000381469727,28.0,28.299999237060547,202000
2022-01-04,28.299999237060547,28.299999237060547,27.799999237060547,28.200000762939453,103000
2022-01-05,28.25,28.75,27.950000762939453,28.299999237060547,241000
2022-01-06,28.200000762939453,28.200000762939453,27.799999237060547,28.049999237060547,91000
2022-01-07,28.0,28.0,27.100000381469727,27.549999237060547,118001
2022-01-10,27.450000762939453,27.600000381469727,27.25,27.600000381469727,38000
2022-01-11,27.600000381469727,27.600000381469727,27.049999237060547,27.25,54000
2022-01-12,27.25,27.450000762939453,27.100000381469727,27.450000762939453,28000
2022-01-13,27.399999618530273,27.450000762939453,27.200000762939453,27.450000762939453,14000
2022-01-14,27.25,27.450000762939453,27.0,27.450000762939453,43000
2022-01-17,27.5,27.549999237060547,27.049999237060547,27.450000762939453,27000
2022-01-18,27.25,27.25,27.200000762939453,27.25,5000
2022-01-19,27.100000381469727,27.350000381469727,26.75,27.350000381469727,47000
2022-01-20,27.399999618530273,27.399999618530273,26.899999618530273,27.350000381469727,44000
2022-01-21,27.25,27.25,26.75,27.0,72000
2022-01-24,26.700000762939453,27.049999237060547,26.299999237060547,27.0,60000
2022-01-25,26.5,26.899999618530273,26.5,26.75,32000
2022-01-26,26.75,26.950000762939453,26.450000762939453,26.850000381469727,58000
2022-02-07,26.899999618530273,27.0,26.799999237060547,26.899999618530273,180000
2022-02-08,26.799999237060547,26.899999618530273,26.299999237060547,26.850000381469727,64000
2022-02-09,26.700000762939453,26.850000381469727,26.5,26.850000381469727,195000
2022-02-10,26.899999618530273,28.549999237060547,26.850000381469727,28.200000762939453,369003
2022-02-11,28.350000381469727,28.950000762939453,27.950000762939453,28.25,929050
2022-02-14,28.0,28.0,27.25,27.600000381469727,226000
2022-02-15,27.5,28.049999237060547,27.350000381469727,27.600000381469727,88090
2022-02-16,28.0,28.350000381469727,27.700000762939453,27.850000381469727,65000
2022-02-17,28.0,28.0,27.5,27.799999237060547,57000
2022-02-18,27.350000381469727,27.700000762939453,27.350000381469727,27.700000762939453,115003
2022-02-21,27.399999618530273,27.950000762939453,27.399999618530273,27.899999618530273,63000
2022-02-22,27.5,28.549999237060547,27.0,28.149999618530273,183021
2022-02-23,28.149999618530273,28.450000762939453,27.899999618530273,28.149999618530273,109000
2022-02-24,28.149999618530273,28.149999618530273,27.299999237060547,27.850000381469727,112000
2022-02-25,27.850000381469727,28.100000381469727,27.549999237060547,27.75,61025
2022-03-01,28.299999237060547,28.299999237060547,27.850000381469727,27.899999618530273,44000
2022-03-02,28.149999618530273,28.149999618530273,27.850000381469727,28.049999237060547,89000
2022-03-03,28.149999618530273,28.399999618530273,27.899999618530273,27.950000762939453,88000
2022-03-04,27.899999618530273,28.299999237060547,27.799999237060547,27.799999237060547,72000
2022-03-07,27.700000762939453,27.700000762939453,26.549999237060547,27.0,150000
2022-03-08,26.450000762939453,27.450000762939453,26.450000762939453,26.799999237060547,118000
2022-03-09,26.700000762939453,27.0,26.450000762939453,26.75,98000
2022-03-10,27.200000762939453,27.200000762939453,26.850000381469727,26.950000762939453,31000
2022-03-11,26.950000762939453,27.149999618530273,26.600000381469727,26.899999618530273,22000
2022-03-14,27.549999237060547,27.549999237060547,26.399999618530273,26.950000762939453,71018
2022-03-15,27.350000381469727,27.350000381469727,26.350000381469727,26.75,69000
2022-03-16,27.0,27.0,26.25,26.549999237060547,68000
2022-03-17,26.549999237060547,27.0,26.450000762939453,26.950000762939453,67000
2022-03-18,27.100000381469727,27.100000381469727,26.600000381469727,26.899999618530273,18000
2022-03-21,26.799999237060547,27.0,26.75,26.899999618530273,54000
2022-03-22,27.299999237060547,27.700000762939453,26.850000381469727,27.25,101000
2022-03-23,27.5,27.549999237060547,27.100000381469727,27.25,46000
2022-03-24,27.549999237060547,27.549999237060547,26.899999618530273,27.200000762939453,64000
2022-03-25,27.0,27.450000762939453,26.899999618530273,27.100000381469727,39000
2022-03-28,26.850000381469727,27.049999237060547,26.700000762939453,27.0,56000
2022-03-29,27.25,27.299999237060547,26.899999618530273,27.0,36000
2022-03-30,26.950000762939453,27.100000381469727,26.899999618530273,27.0,38000
2022-03-31,27.299999237060547,27.350000381469727,27.0,27.0,38000
2022-04-01,26.899999618530273,27.149999618530273,26.899999618530273,27.0,48000
2022-04-06,26.950000762939453,27.100000381469727,26.899999618530273,27.049999237060547,58000
2022-04-07,27.049999237060547,27.049999237060547,26.5,26.700000762939453,81378
2022-04-08,26.75,26.850000381469727,26.450000762939453,26.850000381469727,43000
2022-04-11,27.100000381469727,27.100000381469727,26.5,26.600000381469727,45030
2022-04-12,27.549999237060547,27.549999237060547,26.700000762939453,26.75,22000
2022-04-13,27.200000762939453,27.200000762939453,26.549999237060547,26.799999237060547,22000
2022-04-14,27.0,27.350000381469727,26.75,27.0,140000
2022-04-15,26.799999237060547,26.799999237060547,26.700000762939453,26.700000762939453,13000
2022-04-18,26.700000762939453,26.850000381469727,26.299999237060547,26.700000762939453,52250
2022-04-19,26.850000381469727,26.850000381469727,26.450000762939453,26.75,10000
2022-04-20,26.75,26.75,26.450000762939453,26.450000762939453,39000
2022-04-21,26.450000762939453,26.5,26.450000762939453,26.5,30000
2022-04-22,26.299999237060547,26.5,26.149999618530273,26.350000381469727,55000
2022-04-25,26.350000381469727,26.350000381469727,25.5,25.799999237060547,85025
2022-04-26,25.799999237060547,25.899999618530273,25.5,25.899999618530273,12000
2022-04-27,25.75,25.75,25.0,25.450000762939453,96000
2022-04-28,25.25,25.600000381469727,25.25,25.25,39000
2022-04-29,25.299999237060547,25.350000381469727,24.950000762939453,25.049999237060547,81000
2022-05-03,25.350000381469727,26.100000381469727,24.700000762939453,26.0,153000
2022-05-04,26.100000381469727,26.149999618530273,25.700000762939453,25.75,40100
2022-05-05,26.450000762939453,26.450000762939453,25.049999237060547,25.299999237060547,62256
2022-05-06,24.899999618530273,25.350000381469727,24.799999237060547,25.299999237060547,34000
2022-05-09,25.200000762939453,25.200000762939453,24.75,24.799999237060547,76440
2022-05-10,24.5,25.0,24.5,25.0,69000
2022-05-11,24.549999237060547,24.700000762939453,24.450000762939453,24.700000762939453,38000
2022-05-12,23.700000762939453,24.399999618530273,23.600000381469727,23.649999618530273,142000
2022-05-13,23.799999237060547,23.799999237060547,23.600000381469727,23.649999618530273,105000
2022-05-16,23.850000381469727,23.850000381469727,22.899999618530273,23.0,122000
2022-05-17,23.200000762939453,23.299999237060547,22.700000762939453,23.0,92000
2022-05-18,22.899999618530273,24.25,22.899999618530273,24.0,128000
2022-05-19,23.25,23.700000762939453,23.25,23.700000762939453,8300
2022-05-20,24.149999618530273,24.149999618530273,23.649999618530273,23.700000762939453,21000
2022-05-23,23.700000762939453,24.399999618530273,23.549999237060547,24.100000381469727,33002
2022-05-24,24.100000381469727,24.200000762939453,23.5,23.5,30036
2022-05-25,23.850000381469727,23.850000381469727,23.600000381469727,23.850000381469727,7000
2022-05-26,23.850000381469727,23.850000381469727,23.700000762939453,23.799999237060547,11010
2022-05-27,23.799999237060547,24.799999237060547,23.799999237060547,24.799999237060547,48000
2022-05-30,24.799999237060547,24.799999237060547,24.299999237060547,24.600000381469727,45221
2022-05-31,24.5,24.600000381469727,24.299999237060547,24.450000762939453,35000
2022-06-01,24.899999618530273,24.899999618530273,24.100000381469727,24.100000381469727,52000
2022-06-02,24.200000762939453,24.299999237060547,24.100000381469727,24.149999618530273,22000
2022-06-06,24.0,24.299999237060547,23.950000762939453,24.299999237060547,11000
2022-06-07,24.25,24.299999237060547,24.25,24.299999237060547,16001
2022-06-08,24.5,24.5,24.25,24.25,6010
2022-06-09,24.299999237060547,24.450000762939453,24.0,24.450000762939453,31000
2022-06-10,24.200000762939453,24.450000762939453,24.200000762939453,24.450000762939453,20000
2022-06-13,24.0,24.0,23.649999618530273,23.799999237060547,21000
2022-06-14,23.799999237060547,23.799999237060547,23.0,23.549999237060547,68000
2022-06-15,23.549999237060547,23.549999237060547,23.0,23.350000381469727,96250
2022-06-16,23.549999237060547,23.549999237060547,22.549999237060547,22.549999237060547,183000
2022-06-17,22.350000381469727,22.549999237060547,21.600000381469727,21.600000381469727,173000
2022-06-20,22.049999237060547,22.049999237060547,21.5,21.549999237060547,77000
2022-06-21,21.700000762939453,22.200000762939453,21.600000381469727,22.200000762939453,46000
2022-06-22,22.200000762939453,22.200000762939453,21.299999237060547,21.75,52000
2022-06-23,21.950000762939453,21.950000762939453,21.450000762939453,21.600000381469727,59000
2022-06-24,21.549999237060547,21.649999618530273,21.5,21.600000381469727,34000
2022-06-27,21.899999618530273,22.200000762939453,21.75,21.850000381469727,65000
2022-06-28,21.799999237060547,21.850000381469727,21.799999237060547,21.850000381469727,5000
2022-06-29,22.0,22.0,21.75,21.850000381469727,12000
2022-06-30,21.799999237060547,21.799999237060547,21.350000381469727,21.5,59002
2022-07-01,21.950000762939453,21.950000762939453,20.399999618530273,21.0,102000
2022-07-04,21.0,21.049999237060547,20.799999237060547,21.0,50002
2022-07-05,21.5,21.5,21.049999237060547,21.299999237060547,49000
2022-07-06,20.75,21.299999237060547,20.75,20.850000381469727,63000
2022-07-07,21.350000381469727,21.350000381469727,20.850000381469727,20.850000381469727,78000
2022-07-08,21.049999237060547,21.149999618530273,20.799999237060547,20.850000381469727,60000
2022-07-11,20.75,21.100000381469727,20.450000762939453,21.0,45087
2022-07-12,20.700000762939453,20.700000762939453,20.25,20.25,82000
2022-07-13,21.0,21.399999618530273,20.850000381469727,21.049999237060547,52000
2022-07-14,21.149999618530273,21.700000762939453,20.899999618530273,21.700000762939453,141032
2022-07-15,19.75,19.75,19.200000762939453,19.600000381469727,45000
2022-07-18,19.350000381469727,19.549999237060547,19.299999237060547,19.350000381469727,26100
2022-07-19,19.350000381469727,19.450000762939453,19.200000762939453,19.350000381469727,27007
2022-07-20,19.450000762939453,19.700000762939453,19.299999237060547,19.299999237060547,37000
2022-07-21,19.399999618530273,19.399999618530273,19.200000762939453,19.299999237060547,54000
2022-07-22,19.299999237060547,19.399999618530273,19.200000762939453,19.25,63000
2022-07-25,19.25,19.700000762939453,19.25,19.350000381469727,20000
2022-07-26,19.649999618530273,19.649999618530273,19.25,19.549999237060547,49000
2022-07-27,19.549999237060547,19.549999237060547,19.399999618530273,19.5,13000
2022-07-28,19.450000762939453,19.75,19.450000762939453,19.549999237060547,42000
2022-07-29,19.700000762939453,20.200000762939453,19.700000762939453,20.100000381469727,52000
2022-08-01,20.399999618530273,20.399999618530273,20.200000762939453,20.399999618530273,32000
2022-08-02,20.399999618530273,20.399999618530273,20.299999237060547,20.399999618530273,18000
2022-08-03,20.450000762939453,20.450000762939453,20.0,20.149999618530273,29000
2022-08-04,20.0,20.299999237060547,20.0,20.299999237060547,6000
2022-08-05,20.450000762939453,20.75,20.450000762939453,20.75,23000
2022-08-08,20.600000381469727,20.75,20.450000762939453,20.600000381469727,29000
2022-08-09,20.75,21.75,20.75,21.649999618530273,44000
2022-08-10,21.600000381469727,22.299999237060547,21.600000381469727,22.299999237060547,35000
2022-08-11,22.399999618530273,22.399999618530273,21.950000762939453,22.25,21000
2022-08-12,21.75,22.25,21.75,22.049999237060547,44000
2022-08-15,22.450000762939453,22.450000762939453,22.100000381469727,22.299999237060547,56000
2022-08-16,22.299999237060547,22.700000762939453,22.299999237060547,22.399999618530273,36000
2022-08-17,22.700000762939453,22.899999618530273,22.5,22.649999618530273,15000
2022-08-18,22.350000381469727,22.600000381469727,22.350000381469727,22.549999237060547,13000
2022-08-19,22.399999618530273,23.350000381469727,22.350000381469727,23.0,100000
2022-08-22,23.0,23.0,22.700000762939453,22.700000762939453,30000
2022-08-23,22.799999237060547,22.799999237060547,22.549999237060547,22.600000381469727,10000
2022-08-24,22.600000381469727,22.600000381469727,22.200000762939453,22.350000381469727,74000
2022-08-25,22.350000381469727,23.549999237060547,22.299999237060547,23.450000762939453,165000
2022-08-26,23.450000762939453,23.450000762939453,23.049999237060547,23.100000381469727,42000
2022-08-29,22.799999237060547,22.799999237060547,22.25,22.399999618530273,40000
2022-08-30,22.399999618530273,22.399999618530273,22.100000381469727,22.399999618530273,105000
2022-08-31,22.600000381469727,22.600000381469727,22.600000381469727,22.600000381469727,2000
2022-09-01,22.299999237060547,22.299999237060547,21.850000381469727,21.850000381469727,45000
2022-09-02,21.799999237060547,22.149999618530273,21.75,21.950000762939453,12000
2022-09-05,22.299999237060547,22.299999237060547,21.600000381469727,21.799999237060547,273050
2022-09-06,21.700000762939453,21.850000381469727,21.399999618530273,21.850000381469727,15000
2022-09-07,21.350000381469727,21.75,21.350000381469727,21.700000762939453,6000
2022-09-08,21.700000762939453,21.899999618530273,21.649999618530273,21.899999618530273,19000
2022-09-12,21.700000762939453,21.700000762939453,21.25,21.5,94000
2022-09-13,21.450000762939453,21.549999237060547,21.299999237060547,21.549999237060547,28000
2022-09-14,21.0,21.200000762939453,20.850000381469727,21.200000762939453,21000
2022-09-15,21.200000762939453,21.700000762939453,21.049999237060547,21.399999618530273,30000
2022-09-16,21.0,21.25,21.0,21.25,30000
2022-09-19,21.25,21.450000762939453,20.75,21.450000762939453,13000
2022-09-20,21.399999618530273,21.399999618530273,21.049999237060547,21.049999237060547,24000
2022-09-21,21.049999237060547,21.049999237060547,20.600000381469727,20.75,23000
2022-09-22,20.75,20.899999618530273,20.399999618530273,20.899999618530273,14000
2022-09-23,20.600000381469727,21.0,20.600000381469727,20.850000381469727,6000
2022-09-26,20.5,20.5,20.0,20.0,52000
2022-09-27,20.0,20.049999237060547,19.700000762939453,20.0,38000
2022-09-28,19.799999237060547,19.850000381469727,19.399999618530273,19.450000762939453,73000
2022-09-29,19.5,19.950000762939453,19.5,19.700000762939453,27000
2022-09-30,19.5,19.799999237060547,19.5,19.600000381469727,13000
2022-10-03,19.549999237060547,19.799999237060547,19.399999618530273,19.600000381469727,23000
2022-10-04,19.700000762939453,19.799999237060547,19.700000762939453,19.75,12000
2022-10-05,19.700000762939453,19.950000762939453,19.600000381469727,19.649999618530273,32051
2022-10-06,19.600000381469727,19.850000381469727,19.5,19.799999237060547,35000
2022-10-07,19.649999618530273,19.700000762939453,19.25,19.700000762939453,9000
2022-10-11,19.25,19.25,18.799999237060547,18.899999618530273,29000
2022-10-12,18.799999237060547,18.799999237060547,18.100000381469727,18.799999237060547,42000
2022-10-13,18.899999618530273,18.899999618530273,18.0,18.5,52000
2022-10-14,18.75,18.850000381469727,18.5,18.649999618530273,32000
2022-10-17,18.5,18.75,18.299999237060547,18.600000381469727,16000
2022-10-18,18.649999618530273,18.649999618530273,18.5,18.649999618530273,11000
2022-10-19,18.5,18.649999618530273,18.5,18.549999237060547,5000
2022-10-20,18.0,19.5,17.950000762939453,18.899999618530273,101000
2022-10-21,18.899999618530273,19.0,18.600000381469727,19.0,33078
2022-10-24,19.100000381469727,19.25,19.0,19.100000381469727,17000
2022-10-25,19.25,20.450000762939453,18.75,20.350000381469727,71025
2022-10-26,19.700000762939453,19.950000762939453,19.399999618530273,19.75,51000
2022-10-27,19.5,21.0,19.5,20.899999618530273,92000
2022-10-28,20.850000381469727,20.850000381469727,20.25,20.5,31000
2022-10-31,21.0,21.0,20.25,20.399999618530273,28000
2022-11-01,20.5,20.5,20.399999618530273,20.450000762939453,7000
2022-11-02,20.399999618530273,20.399999618530273,20.299999237060547,20.299999237060547,15000
2022-11-03,20.049999237060547,20.450000762939453,19.850000381469727,20.25,20000
2022-11-04,20.200000762939453,20.399999618530273,20.0,20.0,24025
2022-11-07,19.899999618530273,20.25,19.75,20.0,26000
2022-11-08,20.0,20.25,19.799999237060547,20.049999237060547,14000
2022-11-09,20.100000381469727,21.100000381469727,19.950000762939453,20.850000381469727,79000
2022-11-10,20.5,20.5,19.950000762939453,19.950000762939453,37225
2022-11-11,20.100000381469727,20.100000381469727,19.950000762939453,19.950000762939453,27000
2022-11-14,20.0,20.899999618530273,20.0,20.5,39001
2022-11-15,20.399999618530273,20.5,20.100000381469727,20.299999237060547,32000
2022-11-16,20.149999618530273,20.149999618530273,19.799999237060547,19.799999237060547,41000
2022-11-17,19.75,20.0,19.75,19.899999618530273,7000
2022-11-18,19.899999618530273,19.899999618530273,19.799999237060547,19.899999618530273,7007
2022-11-21,19.75,21.049999237060547,19.75,20.200000762939453,55000
2022-11-22,20.200000762939453,20.200000762939453,20.0,20.149999618530273,13000
2022-11-23,20.25,20.5,20.200000762939453,20.200000762939453,15703
2022-11-24,20.350000381469727,20.350000381469727,19.850000381469727,20.200000762939453,24703
2022-11-25,20.100000381469727,20.200000762939453,19.950000762939453,20.200000762939453,7000
2022-11-28,20.0,20.350000381469727,19.75,19.950000762939453,24000
2022-11-29,19.950000762939453,20.200000762939453,19.950000762939453,20.149999618530273,17000
2022-11-30,20.149999618530273,21.200000762939453,20.149999618530273,20.850000381469727,87000
2022-12-01,21.25,21.25,20.649999618530273,20.850000381469727,27000
2022-12-02,21.25,22.149999618530273,20.700000762939453,21.799999237060547,146248
2022-12-05,21.799999237060547,22.0,21.649999618530273,21.899999618530273,25003
2022-12-06,21.5,21.799999237060547,21.350000381469727,21.649999618530273,42000
2022-12-07,21.5,21.850000381469727,21.350000381469727,21.549999237060547,11000
2022-12-08,21.299999237060547,21.549999237060547,21.0,21.0,42000
2022-12-09,21.450000762939453,21.450000762939453,21.25,21.350000381469727,16000
2022-12-12,21.200000762939453,21.200000762939453,20.899999618530273,21.100000381469727,9000
2022-12-13,20.950000762939453,21.149999618530273,20.75,21.149999618530273,34000
2022-12-14,21.200000762939453,21.25,21.100000381469727,21.200000762939453,15000
2022-12-15,21.200000762939453,21.25,21.100000381469727,21.200000762939453,22000
2022-12-16,21.0,21.5,20.899999618530273,21.5,116000
2022-12-19,21.25,21.25,21.100000381469727,21.200000762939453,9000
2022-12-20,21.450000762939453,21.450000762939453,20.850000381469727,20.950000762939453,38000
2022-12-21,21.399999618530273,21.399999618530273,21.0,21.299999237060547,13000
2022-12-22,21.299999237060547,21.350000381469727,21.200000762939453,21.299999237060547,12000
2022-12-23,21.399999618530273,21.399999618530273,21.25,21.350000381469727,14000
2022-12-26,21.200000762939453,21.299999237060547,21.0,21.200000762939453,6000
2022-12-27,21.200000762939453,21.450000762939453,21.200000762939453,21.350000381469727,14000
2022-12-28,21.399999618530273,21.5,21.200000762939453,21.299999237060547,24000
2022-12-29,21.299999237060547,21.399999618530273,21.299999237060547,21.299999237060547,11000
2022-12-30,21.450000762939453,21.700000762939453,21.25,21.549999237060547,87145
2023-01-03,21.5,21.649999618530273,21.350000381469727,21.600000381469727,89184
2023-01-04,21.600000381469727,21.799999237060547,21.450000762939453,21.799999237060547,22000
2023-01-05,21.600000381469727,21.799999237060547,21.549999237060547,21.75,45000
2023-01-06,21.799999237060547,22.0,21.549999237060547,21.649999618530273,17000
2023-01-09,21.600000381469727,21.75,21.600000381469727,21.649999618530273,6000
2023-01-10,21.649999618530273,21.75,21.5,21.75,42000
2023-01-11,21.350000381469727,21.649999618530273,21.350000381469727,21.649999618530273,14000
2023-01-12,21.450000762939453,21.700000762939453,21.399999618530273,21.700000762939453,16000
2023-01-13,21.600000381469727,21.700000762939453,21.549999237060547,21.649999618530273,6000
2023-01-16,21.649999618530273,21.649999618530273,21.649999618530273,21.649999618530273,1000
2023-01-17,21.549999237060547,21.649999618530273,21.5,21.600000381469727,8000
2023-01-30,21.600000381469727,21.700000762939453,21.450000762939453,21.549999237060547,32000
2023-01-31,21.649999618530273,21.75,21.399999618530273,21.549999237060547,23000
2023-02-01,21.549999237060547,21.649999618530273,21.5,21.5,15002
2023-02-02,21.5,21.5,21.299999237060547,21.5,39000
2023-02-03,21.299999237060547,21.450000762939453,21.25,21.450000762939453,14000
2023-02-06,21.299999237060547,21.450000762939453,21.299999237060547,21.450000762939453,6000
2023-02-07,21.350000381469727,21.549999237060547,21.299999237060547,21.5,25000
2023-02-08,21.5,21.5,21.100000381469727,21.299999237060547,103000
2023-02-09,21.299999237060547,21.399999618530273,21.100000381469727,21.299999237060547,18000
2023-02-10,21.399999618530273,21.600000381469727,21.200000762939453,21.25,60000
2023-02-13,20.850000381469727,21.75,20.850000381469727,21.200000762939453,63075
2023-02-14,21.350000381469727,21.350000381469727,21.149999618530273,21.200000762939453,25000
2023-02-15,21.200000762939453,21.200000762939453,21.100000381469727,21.100000381469727,17000
2023-02-16,21.100000381469727,21.25,21.0,21.149999618530273,95000
2023-02-17,21.100000381469727,21.200000762939453,21.100000381469727,21.200000762939453,3000
2023-02-20,21.100000381469727,21.200000762939453,20.799999237060547,20.899999618530273,76000
2023-02-21,21.0,21.0,20.75,20.799999237060547,98000
2023-02-22,20.799999237060547,20.799999237060547,20.5,20.600000381469727,49000
2023-02-23,20.600000381469727,21.649999618530273,20.600000381469727,21.649999618530273,126000
2023-02-24,21.350000381469727,21.399999618530273,21.0,21.399999618530273,31000
2023-03-01,21.100000381469727,22.0,21.100000381469727,22.0,38000
2023-03-02,22.0,22.100000381469727,21.700000762939453,22.0,79000
2023-03-03,22.0,22.0,21.75,21.899999618530273,25000
2023-03-06,21.899999618530273,22.200000762939453,21.600000381469727,22.200000762939453,71000
2023-03-07,22.049999237060547,23.450000762939453,21.950000762939453,23.450000762939453,107000
2023-03-08,24.799999237060547,24.899999618530273,23.200000762939453,23.350000381469727,454000
2023-03-09,23.5,23.5,22.75,22.850000381469727,66000
2023-03-10,22.5,22.649999618530273,22.200000762939453,22.549999237060547,166000
2023-03-13,22.200000762939453,22.649999618530273,22.049999237060547,22.100000381469727,27000
2023-03-14,22.0,22.0,21.700000762939453,21.75,66030
2023-03-15,21.649999618530273,21.950000762939453,21.649999618530273,21.850000381469727,3000
2023-03-16,21.75,21.75,21.350000381469727,21.350000381469727,11000
2023-03-17,21.600000381469727,21.649999618530273,21.600000381469727,21.649999618530273,10000
2023-03-20,21.399999618530273,21.850000381469727,21.399999618530273,21.600000381469727,59000
2023-03-21,21.600000381469727,21.600000381469727,21.5,21.5,105000
2023-03-22,21.549999237060547,21.649999618530273,21.5,21.549999237060547,14000
2023-03-23,21.600000381469727,21.950000762939453,21.549999237060547,21.850000381469727,66000
2023-03-24,21.700000762939453,22.100000381469727,21.5,21.600000381469727,88000
2023-03-27,21.549999237060547,21.549999237060547,21.549999237060547,21.549999237060547,1000
2023-03-28,21.549999237060547,21.600000381469727,21.049999237060547,21.450000762939453,45000
2023-03-29,21.299999237060547,21.350000381469727,21.0,21.0,31000
2023-03-30,21.399999618530273,21.399999618530273,21.200000762939453,21.25,43000
2023-03-31,21.0,21.450000762939453,21.0,21.350000381469727,35000
2023-04-06,21.0,21.299999237060547,20.75,20.950000762939453,86000
2023-04-07,20.950000762939453,21.200000762939453,20.950000762939453,21.0,50069
2023-04-10,21.049999237060547,21.100000381469727,21.049999237060547,21.100000381469727,31000
2023-04-11,21.25,22.5,21.100000381469727,22.5,153000
2023-04-12,22.5,22.5,21.649999618530273,22.200000762939453,128000
2023-04-13,23.100000381469727,23.100000381469727,21.899999618530273,22.350000381469727,104002
2023-04-14,22.049999237060547,22.899999618530273,21.950000762939453,22.899999618530273,163000
2023-04-17,22.850000381469727,22.899999618530273,22.450000762939453,22.600000381469727,149000
2023-04-18,22.799999237060547,22.799999237060547,22.200000762939453,22.399999618530273,136000
2023-04-19,22.100000381469727,22.399999618530273,21.950000762939453,22.049999237060547,131000
2023-04-20,22.0,22.5,21.799999237060547,22.5,78000
2023-04-21,22.5,22.75,21.850000381469727,21.899999618530273,64000
2023-04-24,22.25,22.25,22.25,22.25,16000
2023-04-25,22.049999237060547,22.149999618530273,21.600000381469727,22.049999237060547,42000
2023-04-26,22.049999237060547,22.5,21.75,22.5,47000
2023-04-27,22.450000762939453,22.450000762939453,22.200000762939453,22.399999618530273,56000
2023-04-28,22.299999237060547,22.399999618530273,22.200000762939453,22.299999237060547,63000
2023-05-02,22.450000762939453,22.700000762939453,22.0,22.700000762939453,175000
2023-05-03,22.399999618530273,22.700000762939453,22.149999618530273,22.700000762939453,24000
2023-05-04,22.600000381469727,22.600000381469727,22.200000762939453,22.350000381469727,47000
2023-05-05,22.25,22.350000381469727,22.049999237060547,22.25,27000
2023-05-08,22.25,22.350000381469727,22.0,22.149999618530273,51000
2023-05-09,22.0,22.350000381469727,21.950000762939453,22.149999618530273,29000
2023-05-10,21.899999618530273,22.350000381469727,21.899999618530273,22.350000381469727,53000
2023-05-11,22.100000381469727,22.100000381469727,21.799999237060547,22.100000381469727,59351
2023-05-12,22.100000381469727,22.5,21.899999618530273,22.5,71000
2023-05-15,22.700000762939453,22.700000762939453,22.200000762939453,22.5,73000
2023-05-16,22.450000762939453,23.399999618530273,22.25,23.200000762939453,659075
2023-05-17,23.350000381469727,23.399999618530273,22.700000762939453,23.25,913030
2023-05-18,23.899999618530273,23.899999618530273,22.700000762939453,23.299999237060547,1134063
2023-05-19,23.149999618530273,23.350000381469727,22.950000762939453,23.049999237060547,276000
2023-05-22,23.399999618530273,23.399999618530273,23.0,23.049999237060547,269000
2023-05-23,23.149999618530273,23.25,23.0,23.100000381469727,204000
2023-05-24,23.049999237060547,23.049999237060547,22.75,22.799999237060547,321000
2023-05-25,23.049999237060547,24.049999237060547,22.850000381469727,22.950000762939453,613000
2023-05-26,23.149999618530273,23.5,23.0,23.0,207000
2023-05-29,23.0,23.399999618530273,22.75,22.850000381469727,128000
2023-05-30,22.850000381469727,23.049999237060547,22.75,22.899999618530273,101000
2023-05-31,22.75,23.299999237060547,22.75,22.799999237060547,41000
2023-06-01,22.75,22.850000381469727,22.5,22.649999618530273,107000
2023-06-02,22.799999237060547,22.799999237060547,22.600000381469727,22.799999237060547,58000
2023-06-05,22.850000381469727,22.950000762939453,22.799999237060547,22.799999237060547,114000
2023-06-06,22.950000762939453,23.149999618530273,22.799999237060547,23.049999237060547,226000
2023-06-07,23.049999237060547,23.350000381469727,22.950000762939453,23.299999237060547,207000
2023-06-08,23.299999237060547,23.299999237060547,23.0,23.049999237060547,82000
2023-06-09,23.200000762939453,23.200000762939453,23.049999237060547,23.049999237060547,45000
2023-06-12,23.100000381469727,23.700000762939453,23.100000381469727,23.299999237060547,184000
2023-06-13,23.299999237060547,23.600000381469727,23.049999237060547,23.299999237060547,73000
2023-06-14,23.25,23.399999618530273,23.149999618530273,23.399999618530273,66000
2023-06-15,23.450000762939453,23.549999237060547,23.200000762939453,23.200000762939453,106000
2023-06-16,23.25,23.600000381469727,23.100000381469727,23.200000762939453,42000
2023-06-19,23.450000762939453,23.450000762939453,23.200000762939453,23.25,95000
2023-06-20,23.200000762939453,23.200000762939453,23.149999618530273,23.149999618530273,63000
2023-06-21,23.149999618530273,23.299999237060547,23.0,23.299999237060547,63000
2023-06-26,23.25,23.25,22.700000762939453,23.0,95000
2023-06-27,23.0,23.049999237060547,22.850000381469727,23.0,27000
2023-06-28,22.899999618530273,23.049999237060547,22.899999618530273,23.0,27000
2023-06-29,23.0,23.100000381469727,22.899999618530273,23.0,53000
2023-06-30,22.899999618530273,23.0,22.850000381469727,23.0,53000
2023-07-03,22.950000762939453,23.0,22.799999237060547,23.0,83020
2023-07-04,22.899999618530273,23.0,22.899999618530273,22.950000762939453,91000
2023-07-05,22.799999237060547,22.950000762939453,22.75,22.899999618530273,84000
2023-07-06,22.850000381469727,23.0,22.649999618530273,22.75,87000
2023-07-07,22.700000762939453,22.700000762939453,22.549999237060547,22.649999618530273,50000
2023-07-10,22.600000381469727,22.600000381469727,22.399999618530273,22.5,65000
2023-07-11,23.0,23.0,22.350000381469727,22.549999237060547,60000
2023-07-12,22.350000381469727,22.649999618530273,22.299999237060547,22.399999618530273,30000
2023-07-13,22.350000381469727,23.5,22.25,23.5,107000
2023-07-14,23.5,23.5,22.600000381469727,23.5,277000
2023-07-17,23.799999237060547,23.799999237060547,23.0,23.649999618530273,167448
2023-07-18,23.799999237060547,24.549999237060547,23.399999618530273,24.399999618530273,854001
2023-07-19,26.0,26.700000762939453,24.549999237060547,24.799999237060547,1555165
2023-07-20,25.0,25.5,24.25,24.549999237060547,671051
2023-07-21,24.549999237060547,24.649999618530273,23.799999237060547,24.299999237060547,407000
2023-07-24,24.100000381469727,24.299999237060547,23.299999237060547,23.299999237060547,272000
2023-07-25,23.100000381469727,23.649999618530273,23.100000381469727,23.200000762939453,119000
2023-07-26,23.200000762939453,24.299999237060547,23.049999237060547,23.75,278000
2023-07-27,23.75,26.100000381469727,23.75,26.0,1783000
2023-07-28,25.700000762939453,27.049999237060547,25.350000381469727,26.899999618530273,827005
2023-07-31,27.0,27.5,25.350000381469727,26.799999237060547,725101
2023-08-01,26.600000381469727,26.600000381469727,25.75,26.200000762939453,215008
2023-08-02,26.450000762939453,26.600000381469727,25.649999618530273,25.950000762939453,298020
2023-08-04,25.950000762939453,26.399999618530273,25.899999618530273,26.299999237060547,119000
2023-08-07,25.899999618530273,26.450000762939453,25.75,26.049999237060547,119289
2023-08-08,25.950000762939453,25.950000762939453,25.399999618530273,25.899999618530273,122000
2023-08-09,25.899999618530273,25.899999618530273,25.049999237060547,25.25,90096
2023-08-10,25.0,25.5,24.75,25.299999237060547,168000
2023-08-11,25.049999237060547,25.5,24.75,24.950000762939453,90000
2023-08-14,24.950000762939453,25.600000381469727,24.200000762939453,24.5,148000
2023-08-15,24.5,24.700000762939453,24.399999618530273,24.600000381469727,28000
2023-08-16,24.399999618530273,24.5,23.899999618530273,24.299999237060547,79000
2023-08-17,24.0,24.5,24.0,24.299999237060547,61100
2023-08-18,24.5,25.399999618530273,24.399999618530273,24.899999618530273,143000
2023-08-21,24.850000381469727,25.0,24.850000381469727,25.0,27000
2023-08-22,25.25,26.049999237060547,24.700000762939453,25.299999237060547,212000
2023-08-23,25.5,25.950000762939453,25.100000381469727,25.399999618530273,37000
2023-08-24,25.700000762939453,25.700000762939453,24.899999618530273,25.399999618530273,51000
2023-08-25,25.0,25.950000762939453,25.0,25.5,137000
2023-08-28,25.299999237060547,25.450000762939453,25.049999237060547,25.200000762939453,49000
2023-08-29,25.200000762939453,25.649999618530273,24.850000381469727,24.850000381469727,68000
2023-08-30,25.200000762939453,25.200000762939453,24.899999618530273,25.049999237060547,20000
2023-08-31,25.049999237060547,25.399999618530273,24.899999618530273,25.399999618530273,42001
2023-09-01,25.5,25.75,24.950000762939453,25.100000381469727,118000
2023-09-04,25.399999618530273,25.399999618530273,24.950000762939453,25.049999237060547,26000
2023-09-05,25.149999618530273,25.149999618530273,24.700000762939453,25.0,82001
2023-09-06,25.0,25.0,24.649999618530273,24.899999618530273,20000
2023-09-07,24.75,26.5,24.299999237060547,25.5,633000
2023-09-08,25.649999618530273,26.299999237060547,25.450000762939453,25.700000762939453,449000
2023-09-11,26.049999237060547,27.350000381469727,25.700000762939453,27.0,1314048
2023-09-12,27.0,27.100000381469727,26.149999618530273,26.5,550000
2023-09-13,26.399999618530273,26.75,26.049999237060547,26.5,229000
2023-09-14,26.700000762939453,27.100000381469727,26.149999618530273,26.399999618530273,230008
2023-09-15,26.799999237060547,26.799999237060547,25.5,25.899999618530273,285000
2023-09-18,25.850000381469727,26.049999237060547,24.5,25.0,461161
2023-09-19,25.25,25.5,24.799999237060547,25.149999618530273,96000
2023-09-20,25.25,25.850000381469727,24.5,25.200000762939453,182000
2023-09-21,25.0,25.350000381469727,24.700000762939453,25.100000381469727,101180
2023-09-22,25.149999618530273,26.350000381469727,25.049999237060547,25.799999237060547,443000
2023-09-25,26.850000381469727,28.350000381469727,26.850000381469727,28.350000381469727,2220000
2023-09-26,27.799999237060547,29.450000762939453,27.399999618530273,27.450000762939453,3081030
2023-09-27,27.799999237060547,29.799999237060547,27.700000762939453,28.899999618530273,2730000
2023-09-28,28.700000762939453,29.0,27.700000762939453,28.0,1096154
2023-10-02,28.0,28.5,27.25,27.950000762939453,860300
2023-10-03,28.200000762939453,28.200000762939453,26.600000381469727,26.75,573000
2023-10-04,26.600000381469727,26.75,25.899999618530273,26.299999237060547,458050
2023-10-05,26.049999237060547,26.75,25.850000381469727,26.299999237060547,396000
2023-10-06,26.299999237060547,26.5,25.75,25.75,273000
2023-10-11,25.649999618530273,26.0,24.700000762939453,24.700000762939453,443000
2023-10-12,24.700000762939453,24.899999618530273,24.5,24.600000381469727,218000
2023-10-13,24.549999237060547,24.649999618530273,23.75,23.75,303090
2023-10-16,23.75,23.75,22.899999618530273,23.049999237060547,326000
2023-10-17,23.299999237060547,23.600000381469727,22.950000762939453,23.200000762939453,208000
2023-10-18,23.100000381469727,23.299999237060547,22.649999618530273,22.899999618530273,298000
2023-10-19,23.0,23.0,22.75,23.0,111000
2023-10-20,22.75,22.950000762939453,22.450000762939453,22.850000381469727,78000
2023-10-23,22.600000381469727,23.299999237060547,22.600000381469727,23.149999618530273,59000
2023-10-24,22.850000381469727,23.25,22.799999237060547,23.25,35000
2023-10-25,23.25,24.200000762939453,23.25,23.600000381469727,118000
2023-10-26,23.450000762939453,23.799999237060547,23.200000762939453,23.649999618530273,72000
2023-10-27,23.700000762939453,23.700000762939453,23.25,23.600000381469727,63000
2023-10-30,23.600000381469727,24.0,23.549999237060547,23.850000381469727,46000
2023-10-31,24.0,24.0,23.0,23.100000381469727,116000
2023-11-01,23.100000381469727,23.350000381469727,23.049999237060547,23.25,43000
2023-11-02,23.5,23.5,23.149999618530273,23.399999618530273,67000
2023-11-03,23.399999618530273,23.799999237060547,23.299999237060547,23.700000762939453,71000
2023-11-06,23.799999237060547,23.799999237060547,23.450000762939453,23.700000762939453,45000
2023-11-07,23.600000381469727,23.600000381469727,23.299999237060547,23.350000381469727,34003
2023-11-08,23.600000381469727,23.649999618530273,23.5,23.649999618530273,25000
2023-11-09,23.399999618530273,23.5,23.200000762939453,23.200000762939453,33000
2023-11-10,23.200000762939453,23.649999618530273,23.100000381469727,23.100000381469727,10000
2023-11-13,23.149999618530273,23.5,23.049999237060547,23.25,28000
2023-11-14,23.100000381469727,23.450000762939453,22.899999618530273,23.450000762939453,120000
2023-11-15,23.399999618530273,23.5,23.200000762939453,23.450000762939453,45000
2023-11-16,23.600000381469727,23.600000381469727,23.299999237060547,23.549999237060547,29042
2023-11-17,23.350000381469727,23.700000762939453,23.299999237060547,23.700000762939453,29800
2023-11-20,23.700000762939453,24.0,23.549999237060547,23.700000762939453,77000
2023-11-21,24.0,24.0,23.700000762939453,23.75,33000
2023-11-22,23.75,23.950000762939453,23.5,23.850000381469727,38000
2023-11-23,23.600000381469727,23.899999618530273,23.399999618530273,23.649999618530273,120000
2023-11-24,23.649999618530273,23.700000762939453,23.399999618530273,23.700000762939453,38000
2023-11-27,23.5,23.850000381469727,23.450000762939453,23.549999237060547,43000
2023-11-28,23.850000381469727,23.899999618530273,23.549999237060547,23.850000381469727,73000
2023-11-29,23.850000381469727,24.0,23.850000381469727,23.850000381469727,73000
2023-11-30,24.0,24.25,23.799999237060547,24.049999237060547,100000
2023-12-01,24.350000381469727,24.350000381469727,24.100000381469727,24.299999237060547,69000
2023-12-04,24.149999618530273,24.450000762939453,24.0,24.299999237060547,73000
2023-12-05,23.899999618530273,24.200000762939453,23.899999618530273,23.950000762939453,21000
2023-12-06,24.149999618530273,24.149999618530273,23.899999618530273,23.899999618530273,41000
2023-12-07,23.899999618530273,24.200000762939453,23.5,23.799999237060547,132001
2023-12-08,23.799999237060547,24.049999237060547,23.799999237060547,24.0,22000
2023-12-11,23.700000762939453,23.899999618530273,23.600000381469727,23.600000381469727,17001
2023-12-12,24.149999618530273,24.149999618530273,23.600000381469727,23.850000381469727,46001
2023-12-13,23.850000381469727,24.100000381469727,23.600000381469727,23.899999618530273,50000
2023-12-14,23.899999618530273,24.299999237060547,23.899999618530273,24.299999237060547,65000
2023-12-15,24.450000762939453,25.149999618530273,24.299999237060547,25.049999237060547,308000
2023-12-18,25.0,25.25,24.700000762939453,24.899999618530273,49000
2023-12-19,24.75,24.850000381469727,24.5,24.5,79003
2023-12-20,24.600000381469727,25.100000381469727,24.549999237060547,25.0,83000
2023-12-21,24.649999618530273,24.950000762939453,24.600000381469727,24.600000381469727,20000
2023-12-22,24.600000381469727,24.799999237060547,24.450000762939453,24.600000381469727,32000
2023-12-25,24.5,24.5,24.049999237060547,24.299999237060547,56000
2023-12-26,24.100000381469727,24.100000381469727,23.799999237060547,24.100000381469727,108000
2023-12-27,24.049999237060547,24.049999237060547,23.799999237060547,24.0,76025
2023-12-28,24.0,24.25,23.75,23.899999618530273,58000
2023-12-29,24.049999237060547,24.049999237060547,23.75,23.799999237060547,73000
2024-01-02,23.700000762939453,24.100000381469727,23.649999618530273,24.100000381469727,33000
2024-01-03,23.799999237060547,23.850000381469727,23.600000381469727,23.600000381469727,63000
2024-01-04,23.950000762939453,23.950000762939453,23.600000381469727,23.850000381469727,33000
2024-01-05,23.850000381469727,23.899999618530273,23.600000381469727,23.75,40000
2024-01-08,23.799999237060547,23.799999237060547,23.399999618530273,23.450000762939453,79000
2024-01-09,23.450000762939453,23.600000381469727,23.399999618530273,23.600000381469727,30040
2024-01-10,23.649999618530273,23.850000381469727,23.649999618530273,23.75,43000
2024-01-11,23.850000381469727,23.850000381469727,23.450000762939453,23.5,116000
2024-01-12,23.600000381469727,23.700000762939453,23.399999618530273,23.450000762939453,35000
2024-01-15,23.600000381469727,23.899999618530273,23.600000381469727,23.899999618530273,13000
2024-01-16,23.899999618530273,23.899999618530273,23.399999618530273,23.600000381469727,73008
2024-01-17,23.299999237060547,23.450000762939453,23.100000381469727,23.100000381469727,86000
2024-01-18,23.149999618530273,23.200000762939453,22.950000762939453,23.149999618530273,60000
2024-01-19,22.950000762939453,23.299999237060547,22.950000762939453,23.200000762939453,29000
2024-01-22,23.350000381469727,23.350000381469727,23.100000381469727,23.350000381469727,48000
2024-01-23,23.100000381469727,23.549999237060547,23.100000381469727,23.549999237060547,59699
2024-01-24,23.450000762939453,25.899999618530273,23.450000762939453,25.600000381469727,2017028
2024-01-25,25.850000381469727,25.850000381469727,24.399999618530273,24.549999237060547,826278
2024-01-26,24.600000381469727,25.049999237060547,24.399999618530273,24.399999618530273,203000
2024-01-29,24.399999618530273,26.700000762939453,24.100000381469727,25.600000381469727,1926022
2024-01-30,25.600000381469727,25.899999618530273,25.049999237060547,25.25,255100
2024-01-31,25.600000381469727,25.600000381469727,24.799999237060547,25.0,207085
2024-02-01,25.0,25.350000381469727,24.799999237060547,25.0,95100
2024-02-02,25.25,25.25,24.549999237060547,24.549999237060547,133092
2024-02-05,24.799999237060547,25.5,24.5,24.600000381469727,238000
2024-02-15,24.549999237060547,24.799999237060547,24.399999618530273,24.450000762939453,87000
2024-02-16,24.549999237060547,24.899999618530273,24.350000381469727,24.799999237060547,152450
2024-02-19,24.799999237060547,24.899999618530273,24.649999618530273,24.799999237060547,101001
2024-02-20,24.899999618530273,24.899999618530273,24.350000381469727,24.600000381469727,78000
2024-02-21,24.799999237060547,25.299999237060547,24.799999237060547,24.950000762939453,83000
2024-02-22,25.450000762939453,27.399999618530273,25.0,27.399999618530273,4459000
2024-02-23,28.25,28.950000762939453,26.299999237060547,26.799999237060547,2434000
2024-02-26,26.5,27.25,26.200000762939453,26.399999618530273,400025
2024-02-27,26.649999618530273,26.799999237060547,25.399999618530273,25.549999237060547,393000
2024-02-29,25.600000381469727,27.350000381469727,25.600000381469727,27.299999237060547,862025
2024-03-01,27.5,27.5,26.399999618530273,26.450000762939453,283000
2024-03-04,27.0,27.0,26.25,26.450000762939453,178000
2024-03-05,26.549999237060547,26.600000381469727,26.25,26.350000381469727,118000
2024-03-06,26.399999618530273,26.600000381469727,26.25,26.299999237060547,97000
2024-03-07,26.399999618530273,26.399999618530273,25.649999618530273,25.799999237060547,152000
2024-03-08,25.799999237060547,25.799999237060547,24.850000381469727,25.049999237060547,216032
2024-03-11,25.450000762939453,25.450000762939453,25.049999237060547,25.100000381469727,117000
2024-03-12,25.100000381469727,25.299999237060547,24.75,25.299999237060547,125000
2024-03-13,25.25,25.25,24.600000381469727,24.700000762939453,137000
2024-03-14,24.5,24.700000762939453,24.0,24.0,192000
2024-03-15,24.0,24.549999237060547,23.600000381469727,24.25,185015
2024-03-18,24.299999237060547,24.299999237060547,23.850000381469727,23.899999618530273,120022
2024-03-19,23.899999618530273,24.0,23.600000381469727,23.799999237060547,96000
2024-03-20,24.149999618530273,24.149999618530273,23.649999618530273,23.850000381469727,37033
2024-03-21,24.200000762939453,24.350000381469727,23.799999237060547,24.299999237060547,112323
2024-03-22,24.25,24.299999237060547,23.950000762939453,24.200000762939453,64000
2024-03-25,24.200000762939453,24.299999237060547,24.0,24.200000762939453,72136
2024-03-26,24.0,24.350000381469727,23.899999618530273,23.899999618530273,65000
2024-03-27,24.100000381469727,24.399999618530273,23.850000381469727,24.149999618530273,64000
2024-03-28,24.350000381469727,24.350000381469727,23.799999237060547,24.049999237060547,118000
2024-03-29,24.049999237060547,24.049999237060547,23.799999237060547,23.799999237060547,20000
2024-04-01,23.799999237060547,23.850000381469727,23.700000762939453,23.75,38000
2024-04-02,23.600000381469727,23.899999618530273,23.549999237060547,23.899999618530273,62000
2024-04-03,23.899999618530273,23.899999618530273,23.600000381469727,23.850000381469727,31000
2024-04-08,23.649999618530273,23.799999237060547,23.450000762939453,23.600000381469727,86000
2024-04-09,24.200000762939453,25.5,24.049999237060547,24.75,291000
2024-04-10,25.25,25.25,24.75,24.799999237060547,104091
2024-04-11,24.549999237060547,24.649999618530273,24.350000381469727,24.649999618530273,58142
2024-04-12,24.649999618530273,24.700000762939453,24.350000381469727,24.549999237060547,46000
2024-04-15,24.350000381469727,24.350000381469727,23.799999237060547,23.850000381469727,81000
2024-04-16,23.75,23.75,23.350000381469727,23.600000381469727,88050
2024-04-17,23.5,24.0,23.5,23.799999237060547,48000
2024-04-18,23.549999237060547,23.799999237060547,23.5,23.799999237060547,43000
2024-04-19,23.350000381469727,23.549999237060547,23.049999237060547,23.450000762939453,89000
2024-04-22,23.450000762939453,23.450000762939453,23.200000762939453,23.200000762939453,64000
2024-04-23,23.200000762939453,23.75,23.200000762939453,23.350000381469727,42000
2024-04-24,23.350000381469727,23.649999618530273,23.299999237060547,23.350000381469727,43000
2024-04-25,23.100000381469727,23.450000762939453,23.100000381469727,23.399999618530273,17000
2024-04-26,23.700000762939453,23.700000762939453,23.100000381469727,23.299999237060547,69047
2024-04-29,23.25,23.5,23.25,23.450000762939453,37080
2024-04-30,23.450000762939453,23.450000762939453,23.149999618530273,23.149999618530273,23011
2024-05-02,23.200000762939453,23.200000762939453,22.950000762939453,23.100000381469727,51000
2024-05-03,23.149999618530273,23.25,23.0,23.049999237060547,41000
2024-05-06,23.049999237060547,23.25,23.0,23.049999237060547,44000
2024-05-07,23.049999237060547,23.350000381469727,22.899999618530273,23.0,80000
2024-05-08,23.0,23.100000381469727,22.950000762939453,23.049999237060547,30000
2024-05-09,23.0,23.200000762939453,23.0,23.200000762939453,9000
2024-05-10,23.299999237060547,23.299999237060547,22.850000381469727,22.950000762939453,42000
2024-05-13,22.950000762939453,22.950000762939453,22.75,22.950000762939453,41000
2024-05-14,23.200000762939453,23.200000762939453,22.75,22.799999237060547,42010
2024-05-15,22.75,22.950000762939453,22.649999618530273,22.700000762939453,55010
2024-05-16,22.950000762939453,22.950000762939453,22.399999618530273,22.75,176000
2024-05-17,22.649999618530273,22.899999618530273,22.549999237060547,22.799999237060547,68000
2024-05-20,22.600000381469727,22.850000381469727,22.399999618530273,22.850000381469727,528000
2024-05-21,23.0,23.0,22.850000381469727,22.899999618530273,95086
2024-05-22,22.899999618530273,24.75,22.899999618530273,23.899999618530273,232000
2024-05-23,24.149999618530273,24.149999618530273,23.399999618530273,23.399999618530273,82000
2024-05-24,23.549999237060547,23.649999618530273,23.450000762939453,23.549999237060547,15000
2024-05-27,24.0,24.700000762939453,23.899999618530273,23.899999618530273,185060
2024-05-28,23.799999237060547,24.149999618530273,23.799999237060547,23.899999618530273,49000
2024-05-29,24.350000381469727,24.5,23.950000762939453,23.950000762939453,37000
2024-05-30,23.899999618530273,23.950000762939453,23.649999618530273,23.649999618530273,52000
2024-05-31,23.700000762939453,24.0,23.649999618530273,23.899999618530273,31100
2024-06-03,23.899999618530273,24.0,23.899999618530273,24.0,14013
2024-06-04,24.0,24.0,23.700000762939453,23.799999237060547,48190
2024-06-05,23.700000762939453,24.100000381469727,23.549999237060547,23.700000762939453,21100
2024-06-06,23.600000381469727,23.600000381469727,23.399999618530273,23.450000762939453,66000
2024-06-07,23.5,23.600000381469727,23.5,23.600000381469727,28048
2024-06-11,23.5,23.600000381469727,23.149999618530273,23.200000762939453,65000
2024-06-12,23.549999237060547,25.200000762939453,23.200000762939453,24.299999237060547,621000
2024-06-13,24.549999237060547,24.75,23.950000762939453,24.299999237060547,86004
2024-06-14,24.25,24.600000381469727,24.049999237060547,24.200000762939453,91000
2024-06-17,24.0,25.0,24.0,24.850000381469727,186010
2024-06-18,24.75,24.899999618530273,24.5,24.5,124000
2024-06-19,24.5,24.899999618530273,24.450000762939453,24.899999618530273,113000
2024-06-20,24.75,25.0,24.649999618530273,24.75,82001
2024-06-21,24.700000762939453,24.75,24.399999618530273,24.700000762939453,121000
2024-06-24,24.75,25.299999237060547,24.649999618530273,24.950000762939453,114000
2024-06-25,25.200000762939453,25.450000762939453,24.600000381469727,25.149999618530273,156000
2024-06-26,25.100000381469727,25.799999237060547,25.100000381469727,25.200000762939453,380000
2024-06-27,25.5,27.5,25.25,26.549999237060547,1871053
2024-06-28,26.549999237060547,26.850000381469727,25.600000381469727,26.450000762939453,568464
2024-07-01,26.350000381469727,26.350000381469727,25.649999618530273,25.899999618530273,293010
2024-07-02,25.899999618530273,27.149999618530273,25.299999237060547,26.200000762939453,497010
2024-07-03,26.149999618530273,26.600000381469727,25.700000762939453,26.149999618530273,308000
2024-07-04,26.149999618530273,26.149999618530273,25.850000381469727,26.100000381469727,178100
2024-07-05,26.100000381469727,28.700000762939453,26.100000381469727,28.399999618530273,3324540
2024-07-08,27.899999618530273,28.899999618530273,27.549999237060547,28.049999237060547,905000
2024-07-09,28.299999237060547,28.450000762939453,26.850000381469727,27.299999237060547,451000
2024-07-10,27.0,27.299999237060547,26.600000381469727,26.899999618530273,499000
2024-07-11,27.450000762939453,28.0,27.100000381469727,27.399999618530273,272060
2024-07-12,27.200000762939453,27.25,26.799999237060547,26.950000762939453,297014
2024-07-15,26.850000381469727,26.950000762939453,26.649999618530273,26.700000762939453,161100
2024-07-16,26.600000381469727,26.600000381469727,26.25,26.299999237060547,109000
2024-07-17,26.299999237060547,28.5,25.799999237060547,26.899999618530273,1676011
2024-07-18,26.899999618530273,27.25,26.649999618530273,26.899999618530273,420000
2024-07-19,27.0,27.0,25.350000381469727,25.5,478090
2024-07-22,25.549999237060547,25.649999618530273,24.649999618530273,25.649999618530273,193000
2024-07-23,25.5,25.649999618530273,25.049999237060547,25.5,448000
2024-07-26,24.649999618530273,25.149999618530273,24.649999618530273,25.100000381469727,60000
2024-07-29,25.299999237060547,25.299999237060547,24.25,24.5,80000
2024-07-30,24.049999237060547,24.75,23.700000762939453,24.75,99000
2024-07-31,24.149999618530273,24.899999618530273,24.149999618530273,24.75,114010
2024-08-01,24.799999237060547,25.200000762939453,24.75,25.100000381469727,155000
2024-08-02,24.5,24.649999618530273,24.149999618530273,24.200000762939453,73000
2024-08-05,23.5,23.5,21.799999237060547,22.0,356010
2024-08-06,22.5,22.950000762939453,21.5,22.299999237060547,216000
2024-08-07,22.25,23.299999237060547,22.25,23.0,92004
2024-08-08,22.700000762939453,23.0,22.049999237060547,23.0,68010
2024-08-09,23.450000762939453,23.450000762939453,22.600000381469727,22.950000762939453,120000
2024-08-12,23.200000762939453,23.399999618530273,22.799999237060547,23.0,35000
2024-08-13,22.899999618530273,23.200000762939453,22.899999618530273,22.950000762939453,64000
2024-08-14,23.049999237060547,23.299999237060547,22.950000762939453,23.0,74025
2024-08-15,23.049999237060547,23.299999237060547,22.75,22.950000762939453,101000
2024-08-16,23.100000381469727,23.5,23.0,23.299999237060547,138000
2024-08-19,23.049999237060547,24.100000381469727,23.0,23.100000381469727,211000
2024-08-20,23.799999237060547,23.799999237060547,23.200000762939453,23.200000762939453,48072
2024-08-21,23.0,23.200000762939453,22.950000762939453,23.100000381469727,70000
2024-08-22,23.350000381469727,25.399999618530273,23.149999618530273,25.399999618530273,884000
2024-08-23,25.899999618530273,27.799999237060547,25.700000762939453,27.200000762939453,4184250
2024-08-26,28.0,28.5,26.5,27.600000381469727,2325200
2024-08-27,27.25,29.700000762939453,27.049999237060547,28.799999237060547,3413223
2024-08-28,28.75,31.649999618530273,28.75,31.649999618530273,7828400
2024-08-29,30.75,31.799999237060547,30.450000762939453,30.75,3832546
2024-08-30,31.5,33.79999923706055,29.25,29.950000762939453,9415000
2024-09-02,30.0,32.0,29.799999237060547,31.299999237060547,5138100
2024-09-03,31.799999237060547,34.400001525878906,31.549999237060547,34.400001525878906,6024842
2024-09-04,33.70000076293945,37.79999923706055,32.75,37.79999923706055,12034741
2024-09-05,41.5,41.54999923706055,39.650001525878906,41.54999923706055,7235750
2024-09-06,43.5,45.20000076293945,39.400001525878906,39.400001525878906,43197487
2024-09-09,37.79999923706055,39.04999923706055,36.29999923706055,36.29999923706055,8928189
2024-09-10,37.150001525878906,37.400001525878906,33.0,33.099998474121094,7507578
2024-09-11,33.95000076293945,34.0,32.04999923706055,32.599998474121094,5031322
2024-09-12,33.5,33.650001525878906,32.400001525878906,32.45000076293945,3196001
2024-09-13,32.900001525878906,35.650001525878906,32.599998474121094,35.650001525878906,10967855
2024-09-16,36.70000076293945,37.20000076293945,34.5,34.79999923706055,11182063
2024-09-18,34.54999923706055,37.0,34.400001525878906,35.150001525878906,5128500
2024-09-19,35.400001525878906,35.599998474121094,34.54999923706055,35.25,2587810
2024-09-20,36.04999923706055,38.75,35.45000076293945,38.75,4493080
2024-09-23,40.099998474121094,42.599998474121094,40.0,42.599998474121094,12124039
2024-09-24,43.599998474121094,44.349998474121094,39.349998474121094,40.0,20230164
2024-09-25,41.349998474121094,41.5,39.95000076293945,40.900001525878906,5638609
2024-09-26,40.5,43.75,40.29999923706055,41.20000076293945,11045021
2024-09-27,42.29999923706055,45.0,41.0,41.0,11029021
2024-09-30,40.599998474121094,41.0,39.0,39.70000076293945,3074190
2024-10-01,40.25,42.45000076293945,38.400001525878906,40.900001525878906,5889100
2024-10-04,41.0,42.349998474121094,39.70000076293945,40.20000076293945,5083100
2024-10-07,40.900001525878906,44.20000076293945,40.75,44.20000076293945,10648179
2024-10-08,43.849998474121094,43.849998474121094,40.25,40.400001525878906,8421243
2024-10-09,41.0,44.400001525878906,40.5,40.75,11231551
2024-10-11,39.70000076293945,40.099998474121094,37.20000076293945,37.25,5014720
2024-10-14,37.70000076293945,39.79999923706055,36.5,39.0,5658401
2024-10-15,39.25,39.599998474121094,38.04999923706055,38.650001525878906,2614573
2024-10-16,38.70000076293945,39.95000076293945,38.20000076293945,39.400001525878906,2959097
2024-10-17,39.79999923706055,41.54999923706055,38.650001525878906,39.0,3542285
2024-10-18,40.0,42.29999923706055,38.29999923706055,40.150001525878906,7188334
2024-10-21,41.25,44.150001525878906,40.54999923706055,44.150001525878906,8969160
2024-10-22,44.5,48.54999923706055,44.20000076293945,48.54999923706055,25791291
2024-10-23,49.54999923706055,51.400001525878906,48.79999923706055,49.54999923706055,54322203
2024-10-24,49.400001525878906,49.45000076293945,46.25,48.400001525878906,11371394
2024-10-25,49.0,52.70000076293945,47.5,47.5,17654110
2024-10-28,47.349998474121094,47.349998474121094,44.25,44.599998474121094,5157121
2024-10-29,44.599998474121094,46.5,43.349998474121094,45.0,5917701
2024-10-30,45.0,46.5,43.5,43.650001525878906,4477150
2024-11-01,43.0,45.20000076293945,42.599998474121094,44.599998474121094,2418333
2024-11-04,44.650001525878906,44.75,43.5,43.5,1506400
2024-11-05,43.79999923706055,47.849998474121094,43.70000076293945,47.849998474121094,6960056
2024-11-06,48.5,51.599998474121094,47.0,47.150001525878906,19522321
2024-11-07,47.150001525878906,48.70000076293945,46.150001525878906,47.5,3693663
2024-11-08,48.349998474121094,49.95000076293945,45.5,47.79999923706055,8681090
2024-11-11,47.04999923706055,47.04999923706055,45.0,45.20000076293945,2912131
2024-11-12,45.20000076293945,47.95000076293945,45.099998474121094,45.650001525878906,6301212
2024-11-13,45.75,46.54999923706055,44.849998474121094,44.95000076293945,2165105
2024-11-14,45.400001525878906,49.400001525878906,44.349998474121094,49.400001525878906,16653802
2024-11-15,49.400001525878906,49.900001525878906,44.5,44.5,16999649
2024-11-18,44.75,45.70000076293945,42.75,43.0,6840096
2024-11-19,42.95000076293945,46.29999923706055,42.95000076293945,45.20000076293945,9477102
2024-11-20,43.849998474121094,43.849998474121094,43.849998474121094,43.849998474121094,3165995
2024-11-21,43.599998474121094,44.70000076293945,43.04999923706055,43.79999923706055,2042300
2024-11-22,44.599998474121094,45.95000076293945,43.70000076293945,43.95000076293945,3424290
2024-11-25,43.70000076293945,44.849998474121094,43.29999923706055,43.849998474121094,1895150
2024-11-26,44.25,44.25,43.099998474121094,43.099998474121094,1082122
2024-11-27,43.29999923706055,43.79999923706055,40.20000076293945,40.400001525878906,1991200
2024-11-28,40.29999923706055,40.29999923706055,38.29999923706055,38.54999923706055,2157550
2024-11-29,38.29999923706055,40.20000076293945,38.29999923706055,39.099998474121094,2146052
2024-12-02,39.70000076293945,39.70000076293945,37.29999923706055,37.29999923706055,1538775
2024-12-03,37.599998474121094,39.5,37.04999923706055,39.0,1783031
2024-12-04,38.95000076293945,40.25,38.0,38.150001525878906,1644118
2024-12-05,38.5,38.79999923706055,37.04999923706055,37.25,1290357
2024-12-06,37.0,37.150001525878906,35.75,36.150001525878906,1449201
2024-12-09,36.150001525878906,36.20000076293945,35.0,35.150001525878906,985110
2024-12-10,35.099998474121094,37.0,35.0,35.70000076293945,1516900
2024-12-11,35.20000076293945,35.70000076293945,35.0,35.04999923706055,529649
2024-12-12,35.349998474121094,37.650001525878906,35.349998474121094,35.599998474121094,2442156
2024-12-13,35.70000076293945,35.70000076293945,34.099998474121094,34.599998474121094,1285053
2024-12-16,34.45000076293945,34.5,33.349998474121094,33.650001525878906,897300
2024-12-17,33.849998474121094,34.29999923706055,33.5,33.849998474121094,539005
2024-12-18,33.849998474121094,34.29999923706055,33.20000076293945,33.849998474121094,675000
2024-12-19,32.900001525878906,33.5,32.900001525878906,33.04999923706055,395200
2024-12-20,33.150001525878906,33.650001525878906,32.0,32.599998474121094,784138
2024-12-23,32.79999923706055,35.0,32.79999923706055,33.79999923706055,1213300
2024-12-24,33.95000076293945,34.79999923706055,33.20000076293945,33.349998474121094,886200
2024-12-25,33.75,34.650001525878906,33.45000076293945,34.349998474121094,1019200
2024-12-26,34.75,36.150001525878906,33.599998474121094,33.900001525878906,1751160
2024-12-27,34.25,34.349998474121094,32.79999923706055,32.900001525878906,753200
2024-12-30,32.70000076293945,33.54999923706055,32.25,32.54999923706055,520041
2024-12-31,32.849998474121094,32.849998474121094,32.0,32.150001525878906,399008
2025-01-02,32.29999923706055,32.79999923706055,31.850000381469727,31.850000381469727,456099
2025-01-03,31.899999618530273,32.20000076293945,31.25,31.399999618530273,424100
2025-01-06,31.799999237060547,33.25,31.799999237060547,32.849998474121094,1040030
2025-01-07,32.849998474121094,33.54999923706055,31.799999237060547,32.150001525878906,673000
2025-01-08,32.150001525878906,32.20000076293945,31.700000762939453,31.899999618530273,236122
2025-01-09,31.899999618530273,32.0,30.899999618530273,31.0,489020
2025-01-10,29.0,30.5,28.75,29.950000762939453,1278000
2025-01-13,29.149999618530273,29.549999237060547,28.950000762939453,29.049999237060547,754011
2025-01-14,29.049999237060547,29.549999237060547,28.950000762939453,29.149999618530273,628000
2025-01-15,29.0,29.350000381469727,28.850000381469727,28.950000762939453,328000
2025-01-16,29.850000381469727,30.100000381469727,29.399999618530273,29.799999237060547,305000
2025-01-17,30.0,30.0,29.399999618530273,29.399999618530273,220000
2025-01-20,29.399999618530273,29.799999237060547,29.399999618530273,29.799999237060547,229080
2025-01-21,29.799999237060547,30.100000381469727,29.450000762939453,29.899999618530273,262015
2025-01-22,29.899999618530273,30.950000762939453,29.899999618530273,30.5,376000
2025-02-03,29.100000381469727,29.799999237060547,28.600000381469727,29.799999237060547,460053
2025-02-04,29.799999237060547,30.299999237060547,29.549999237060547,29.799999237060547,199000
2025-02-05,30.100000381469727,30.5,30.049999237060547,30.149999618530273,191100
2025-02-06,30.5,30.799999237060547,30.200000762939453,30.700000762939453,136010
2025-02-07,31.0,31.299999237060547,30.700000762939453,31.200000762939453,242004
2025-02-10,30.299999237060547,30.850000381469727,30.049999237060547,30.25,302100
2025-02-11,30.200000762939453,30.75,30.0,30.299999237060547,179030
2025-02-12,30.049999237060547,30.75,30.0,30.0,396010
2025-02-13,30.0,31.299999237060547,30.0,31.0,638000
2025-02-14,31.25,31.25,30.649999618530273,30.799999237060547,255190
2025-02-17,31.0,31.600000381469727,31.0,31.299999237060547,362000
2025-02-18,31.549999237060547,31.649999618530273,30.649999618530273,30.899999618530273,310000
2025-02-19,30.899999618530273,33.099998474121094,30.899999618530273,32.54999923706055,1765173
2025-02-20,32.900001525878906,33.54999923706055,31.649999618530273,31.75,1808089
2025-02-21,31.700000762939453,31.700000762939453,31.0,31.399999618530273,478000
2025-02-24,31.799999237060547,31.799999237060547,30.850000381469727,31.049999237060547,370000
2025-02-25,31.100000381469727,31.149999618530273,30.350000381469727,30.399999618530273,385050
2025-02-26,30.5,30.5,29.899999618530273,30.0,359000
2025-02-27,30.450000762939453,30.450000762939453,29.5,29.899999618530273,309000
2025-03-03,29.049999237060547,29.5,29.0,29.100000381469727,370017
2025-03-04,28.299999237060547,28.850000381469727,28.049999237060547,28.700000762939453,394015
2025-03-05,29.100000381469727,29.600000381469727,28.649999618530273,29.399999618530273,231000
2025-03-06,29.399999618530273,29.399999618530273,28.649999618530273,28.799999237060547,209027
2025-03-07,28.799999237060547,29.049999237060547,28.549999237060547,28.799999237060547,128000
2025-03-10,29.200000762939453,29.200000762939453,28.399999618530273,28.700000762939453,160000
2025-03-11,28.399999618530273,28.549999237060547,27.25,28.549999237060547,301000
2025-03-12,28.549999237060547,29.450000762939453,28.549999237060547,29.350000381469727,273000
2025-03-13,29.600000381469727,29.600000381469727,28.600000381469727,28.799999237060547,229000
2025-03-14,29.0,29.0,28.399999618530273,28.899999618530273,107032
2025-03-17,28.950000762939453,29.350000381469727,28.950000762939453,29.149999618530273,97001
2025-03-18,29.299999237060547,30.950000762939453,29.25,29.950000762939453,1079001
2025-03-19,30.0,30.100000381469727,29.25,29.600000381469727,256111
2025-03-20,29.600000381469727,30.149999618530273,29.25,29.899999618530273,219100
2025-03-21,29.600000381469727,29.600000381469727,29.299999237060547,29.450000762939453,146100
2025-03-24,29.299999237060547,29.299999237060547,28.549999237060547,28.700000762939453,287010
2025-03-25,28.899999618530273,29.100000381469727,28.200000762939453,28.350000381469727,319000
2025-03-26,28.549999237060547,28.799999237060547,28.049999237060547,28.399999618530273,358000
2025-03-27,28.399999618530273,28.399999618530273,27.450000762939453,27.700000762939453,209200
2025-03-28,27.350000381469727,27.350000381469727,26.799999237060547,26.950000762939453,215000
2025-03-31,25.649999618530273,26.299999237060547,25.049999237060547,25.450000762939453,399042
2025-04-01,25.5,26.75,25.200000762939453,26.450000762939453,386000
2025-04-02,26.5,26.950000762939453,26.350000381469727,26.549999237060547,130000
2025-04-07,23.899999618530273,23.899999618530273,23.899999618530273,23.899999618530273,65000
2025-04-08,21.549999237060547,21.700000762939453,21.549999237060547,21.549999237060547,625000
2025-04-09,19.399999618530273,20.049999237060547,19.399999618530273,19.399999618530273,483000
2025-04-10,21.299999237060547,21.299999237060547,21.299999237060547,21.299999237060547,121000
2025-04-11,19.299999237060547,22.299999237060547,19.299999237060547,20.950000762939453,676000
2025-04-14,21.149999618530273,22.600000381469727,21.149999618530273,21.700000762939453,375001
2025-04-15,22.0,22.600000381469727,21.799999237060547,22.399999618530273,172163
2025-04-16,22.399999618530273,22.5,21.899999618530273,22.149999618530273,120000
2025-04-17,21.549999237060547,21.850000381469727,21.200000762939453,21.600000381469727,165000
2025-04-18,22.350000381469727,22.350000381469727,21.549999237060547,21.549999237060547,125000
2025-04-21,21.649999618530273,21.649999618530273,21.100000381469727,21.450000762939453,146000
2025-04-22,21.049999237060547,22.25,21.049999237060547,21.600000381469727,211001
2025-04-23,22.0,22.450000762939453,22.0,22.149999618530273,156000
2025-04-24,22.0,22.5,22.0,22.200000762939453,106000
2025-04-25,22.299999237060547,22.799999237060547,22.299999237060547,22.649999618530273,132000
2025-04-28,22.899999618530273,24.75,22.649999618530273,23.799999237060547,542025
2025-04-29,24.399999618530273,25.5,23.799999237060547,25.049999237060547,510000
2025-04-30,25.149999618530273,25.350000381469727,24.299999237060547,24.700000762939453,235010
2025-05-02,25.149999618530273,26.200000762939453,25.049999237060547,26.049999237060547,405000
2025-05-05,26.049999237060547,27.149999618530273,24.799999237060547,25.700000762939453,477000
2025-05-06,25.5,25.600000381469727,24.950000762939453,25.0,173001
2025-05-07,25.049999237060547,25.049999237060547,24.25,24.549999237060547,176000
2025-05-08,24.600000381469727,25.25,24.600000381469727,25.100000381469727,82050
2025-05-09,25.649999618530273,25.700000762939453,25.100000381469727,25.549999237060547,155030
2025-05-12,26.0,28.100000381469727,26.0,27.399999618530273,936247
2025-05-13,28.5,29.649999618530273,27.700000762939453,28.75,1604050
2025-05-14,29.299999237060547,31.25,29.149999618530273,30.600000381469727,2118110
2025-05-15,31.299999237060547,32.20000076293945,29.799999237060547,30.350000381469727,2266000
2025-05-16,30.0,30.25,28.149999618530273,29.149999618530273,1213000
2025-05-19,28.700000762939453,28.700000762939453,27.649999618530273,28.049999237060547,566090
2025-05-20,28.450000762939453,28.450000762939453,27.399999618530273,27.5,215000
2025-05-21,27.5,28.0,26.649999618530273,27.5,271000
2025-05-22,27.700000762939453,27.700000762939453,26.950000762939453,27.299999237060547,127050
2025-05-23,27.299999237060547,27.350000381469727,26.899999618530273,27.299999237060547,156000
2025-05-26,27.350000381469727,27.350000381469727,26.5,26.75,203000
2025-05-27,26.950000762939453,27.450000762939453,26.399999618530273,26.399999618530273,180000
2025-05-28,26.649999618530273,26.950000762939453,25.899999618530273,26.25,131000
2025-05-29,26.25,26.299999237060547,25.450000762939453,25.549999237060547,133000
2025-06-02,24.75,25.100000381469727,24.350000381469727,24.549999237060547,78002
2025-06-03,24.200000762939453,24.549999237060547,24.200000762939453,24.200000762939453,106000
2025-06-04,24.350000381469727,25.700000762939453,24.350000381469727,24.899999618530273,274585
2025-06-05,24.950000762939453,26.0,24.850000381469727,25.200000762939453,497000
2025-06-06,25.299999237060547,25.299999237060547,24.899999618530273,24.950000762939453,169000
2025-06-09,25.299999237060547,25.299999237060547,24.700000762939453,24.950000762939453,85000
2025-06-10,24.899999618530273,25.350000381469727,24.850000381469727,24.950000762939453,198000
2025-06-11,24.950000762939453,25.649999618530273,24.200000762939453,25.25,954000
2025-06-12,25.0,25.399999618530273,24.799999237060547,24.850000381469727,65000
2025-06-13,25.200000762939453,25.200000762939453,24.25,24.450000762939453,158000
2025-06-16,24.049999237060547,24.649999618530273,23.799999237060547,24.600000381469727,57060
2025-06-17,24.5,24.899999618530273,24.5,24.700000762939453,64000
2025-06-18,24.850000381469727,25.399999618530273,24.850000381469727,25.299999237060547,77001
2025-06-19,25.299999237060547,25.299999237060547,24.649999618530273,24.850000381469727,60000
2025-06-20,25.100000381469727,25.100000381469727,24.299999237060547,24.700000762939453,63000
2025-06-23,24.0,24.549999237060547,24.0,24.149999618530273,142000
2025-06-24,24.25,25.600000381469727,24.25,25.200000762939453,251000
2025-06-25,25.25,25.299999237060547,24.600000381469727,24.899999618530273,108000
2025-06-26,24.649999618530273,25.350000381469727,24.649999618530273,24.850000381469727,79000
2025-06-27,24.799999237060547,25.299999237060547,24.75,24.799999237060547,107000
2025-06-30,25.25,25.25,24.149999618530273,24.700000762939453,98000
2025-07-01,24.700000762939453,25.549999237060547,24.700000762939453,25.049999237060547,176000
2025-07-02,25.399999618530273,25.399999618530273,24.350000381469727,25.100000381469727,115000
2025-07-03,25.0,25.299999237060547,24.950000762939453,25.100000381469727,110000
2025-07-04,25.25,25.5,24.399999618530273,24.75,139050
2025-07-07,24.299999237060547,24.799999237060547,24.200000762939453,24.549999237060547,43000
2025-07-08,24.549999237060547,24.799999237060547,24.200000762939453,24.450000762939453,94000
2025-07-09,24.75,25.149999618530273,24.649999618530273,24.850000381469727,75000
2025-07-10,24.850000381469727,24.850000381469727,24.200000762939453,24.5,84000
2025-07-11,24.5,24.700000762939453,24.399999618530273,24.450000762939453,75010
2025-07-14,24.450000762939453,24.700000762939453,24.200000762939453,24.399999618530273,80000
2025-07-15,24.399999618530273,25.200000762939453,24.350000381469727,24.950000762939453,189585
2025-07-16,24.799999237060547,25.299999237060547,24.799999237060547,24.799999237060547,66010
2025-07-17,24.799999237060547,25.149999618530273,24.649999618530273,24.649999618530273,67000
2025-07-18,24.799999237060547,25.049999237060547,24.75,24.850000381469727,66000
2025-07-21,24.649999618530273,25.0,24.600000381469727,24.799999237060547,33000
2025-07-22,24.799999237060547,24.799999237060547,23.649999618530273,24.100000381469727,112000
2025-07-23,24.600000381469727,24.649999618530273,24.100000381469727,24.450000762939453,73060
2025-07-24,24.200000762939453,24.25,24.100000381469727,24.200000762939453,52000
2025-07-25,24.700000762939453,24.700000762939453,24.100000381469727,24.350000381469727,55130
2025-07-28,24.200000762939453,24.5,24.149999618530273,24.350000381469727,38000
2025-07-29,24.25,24.25,23.450000762939453,23.75,57200
2025-07-30,23.799999237060547,24.299999237060547,23.450000762939453,23.899999618530273,83010
2025-07-31,24.200000762939453,24.200000762939453,23.75,24.0,52000
2025-08-04,23.5,23.950000762939453,23.450000762939453,23.549999237060547,63000
2025-08-05,23.600000381469727,23.950000762939453,23.600000381469727,23.700000762939453,58300
2025-08-06,23.700000762939453,23.850000381469727,23.549999237060547,23.600000381469727,244000
2025-08-07,23.649999618530273,24.200000762939453,23.600000381469727,23.850000381469727,140020
2025-08-08,24.149999618530273,24.200000762939453,23.899999618530273,23.950000762939453,69041
2025-08-11,23.700000762939453,24.25,23.600000381469727,23.75,92000
2025-08-12,24.0,24.049999237060547,23.600000381469727,23.75,74000
2025-08-13,23.75,23.950000762939453,23.299999237060547,23.649999618530273,182000
2025-08-14,23.649999618530273,23.850000381469727,23.649999618530273,23.75,68000
2025-08-15,23.799999237060547,24.25,23.700000762939453,23.799999237060547,161000
2025-08-18,23.799999237060547,24.149999618530273,23.700000762939453,23.950000762939453,132152
2025-08-19,24.100000381469727,24.299999237060547,23.700000762939453,24.0,165000
2025-08-20,23.899999618530273,24.100000381469727,23.75,24.0,196050
2025-08-21,24.0,24.0,23.75,23.850000381469727,175000
2025-08-22,23.950000762939453,23.950000762939453,23.700000762939453,23.799999237060547,132000
2025-08-25,23.899999618530273,24.049999237060547,23.700000762939453,23.75,124193
2025-08-26,24.0,24.399999618530273,23.899999618530273,24.25,494000
2025-08-27,24.25,26.649999618530273,24.25,26.649999618530273,493010
2025-08-28,27.450000762939453,28.149999618530273,25.5,25.5,1301041
2025-08-29,25.700000762939453,26.25,25.350000381469727,25.799999237060547,407100
2025-09-01,25.850000381469727,26.299999237060547,24.75,25.350000381469727,201121
2025-09-02,25.100000381469727,25.149999618530273,24.549999237060547,24.549999237060547,156000
2025-09-03,25.0,25.700000762939453,24.549999237060547,25.049999237060547,96000
2025-09-04,25.100000381469727,25.200000762939453,24.700000762939453,25.0,94004
2025-09-05,24.899999618530273,25.350000381469727,24.549999237060547,25.299999237060547,77000
2025-09-08,26.0,26.0,24.950000762939453,25.0,66010
2025-09-09,24.799999237060547,25.0,24.649999618530273,25.0,49000
2025-09-10,25.0,25.100000381469727,24.700000762939453,24.899999618530273,75000
2025-09-11,24.899999618530273,25.899999618530273,24.549999237060547,24.950000762939453,139000
2025-09-12,25.450000762939453,25.450000762939453,24.899999618530273,24.950000762939453,75020
2025-09-15,25.350000381469727,25.350000381469727,24.700000762939453,24.950000762939453,85100
2025-09-16,24.700000762939453,25.450000762939453,24.700000762939453,25.299999237060547,85000
2025-09-17,25.5,25.5,25.049999237060547,25.049999237060547,101000
2025-09-18,25.25,26.399999618530273,25.25,25.799999237060547,266450
2025-09-19,26.049999237060547,27.299999237060547,26.049999237060547,26.299999237060547,487168
2025-09-22,26.75,28.799999237060547,26.75,28.5,1373200
2025-09-23,28.850000381469727,28.850000381469727,27.100000381469727,27.450000762939453,640060
2025-09-24,27.450000762939453,27.450000762939453,26.799999237060547,27.149999618530273,226002
2025-09-25,27.5,27.700000762939453,26.799999237060547,26.799999237060547,153000
2025-09-26,26.899999618530273,26.899999618530273,25.5,25.75,199000
2025-09-30,25.399999618530273,26.600000381469727,25.350000381469727,26.0,93000
2025-10-01,25.850000381469727,27.399999618530273,25.850000381469727,26.450000762939453,365000
2025-10-02,26.549999237060547,26.899999618530273,26.0,26.399999618530273,120800
2025-10-03,26.75,27.200000762939453,26.200000762939453,27.049999237060547,172500
2025-10-07,27.799999237060547,28.149999618530273,27.0,27.700000762939453,450000
2025-10-08,27.700000762939453,28.75,27.0,28.200000762939453,286022
2025-10-09,28.200000762939453,28.200000762939453,26.850000381469727,26.850000381469727,271200
2025-10-13,25.0,26.399999618530273,25.0,26.399999618530273,130000
2025-10-14,26.399999618530273,27.399999618530273,26.200000762939453,26.450000762939453,167000
2025-10-15,26.600000381469727,26.75,25.850000381469727,26.149999618530273,178000
2025-10-16,26.350000381469727,26.600000381469727,26.350000381469727,26.600000381469727,63000
2025-10-17,26.5,26.5,26.200000762939453,26.5,69068
2025-10-20,26.5,26.950000762939453,26.0,26.799999237060547,72000
2025-10-21,27.100000381469727,29.450000762939453,27.100000381469727,28.149999618530273,1604100
2025-10-22,27.799999237060547,29.5,27.799999237060547,28.549999237060547,549000
2025-10-23,28.600000381469727,29.450000762939453,28.549999237060547,28.649999618530273,336000
2025-10-27,28.75,31.5,28.200000762939453,31.5,2701069
2025-10-28,30.799999237060547,30.799999237060547,29.5,29.5,1671905
2025-10-29,29.450000762939453,30.899999618530273,29.450000762939453,29.850000381469727,768141
2025-10-30,29.950000762939453,30.149999618530273,28.600000381469727,28.950000762939453,514001
2025-10-31,28.950000762939453,29.399999618530273,27.899999618530273,27.899999618530273,364250
2025-11-03,28.049999237060547,28.5,27.850000381469727,28.0,222100
2025-11-04,28.600000381469727,28.600000381469727,26.799999237060547,27.0,205100
2025-11-05,27.0,27.0,26.450000762939453,26.950000762939453,143000
2025-11-06,26.950000762939453,27.25,26.700000762939453,27.25,136000
2025-11-07,27.25,27.5,26.5,27.5,84010
2025-11-10,27.5,27.549999237060547,26.450000762939453,26.549999237060547,142000
2025-11-11,26.950000762939453,27.350000381469727,26.600000381469727,26.850000381469727,252000
2025-11-12,27.149999618530273,27.450000762939453,26.850000381469727,27.149999618530273,119000
2025-11-13,27.149999618530273,27.25,26.799999237060547,27.100000381469727,132100
2025-11-14,26.5,27.25,26.100000381469727,26.649999618530273,175000
2025-11-17,26.649999618530273,26.649999618530273,25.799999237060547,25.850000381469727,280000
2025-11-18,25.5,25.649999618530273,24.899999618530273,25.549999237060547,194000
2025-11-19,25.100000381469727,25.700000762939453,24.350000381469727,24.350000381469727,227000
2025-11-20,24.850000381469727,25.75,24.850000381469727,25.450000762939453,169000
2025-11-21,24.649999618530273,24.799999237060547,24.299999237060547,24.549999237060547,120000
2025-11-24,24.600000381469727,24.600000381469727,24.299999237060547,24.350000381469727,77100
2025-11-25,24.549999237060547,25.149999618530273,24.549999237060547,24.649999618530273,182000
2025-11-26,24.700000762939453,25.25,24.700000762939453,24.899999618530273,131000
2025-11-27,25.049999237060547,25.149999618530273,24.899999618530273,24.950000762939453,44000
2025-11-28,24.950000762939453,25.350000381469727,24.850000381469727,25.25,128510
2025-12-01,25.0,25.0,24.600000381469727,24.75,57000
2025-12-02,24.75,25.350000381469727,24.75,25.049999237060547,103000
2025-12-03,25.100000381469727,27.049999237060547,25.100000381469727,26.299999237060547,402000
2025-12-04,26.399999618530273,27.299999237060547,26.149999618530273,26.299999237060547,194100
2025-12-05,26.299999237060547,26.299999237060547,25.399999618530273,26.149999618530273,96300
2025-12-08,25.799999237060547,25.950000762939453,25.75,25.899999618530273,31000
2025-12-09,26.0,26.0,25.600000381469727,25.850000381469727,54000
2025-12-10,25.850000381469727,26.0,25.450000762939453,25.649999618530273,96102
2025-12-11,25.649999618530273,25.700000762939453,25.450000762939453,25.5,69000
2025-12-12,25.149999618530273,26.0,25.149999618530273,25.600000381469727,147000
2025-12-15,25.0,25.75,25.0,25.299999237060547,100000
2025-12-16,25.200000762939453,25.700000762939453,24.899999618530273,25.100000381469727,84000
2025-12-17,25.100000381469727,25.399999618530273,24.899999618530273,25.049999237060547,76201
2025-12-18,25.0,25.25,24.799999237060547,24.799999237060547,91907
2025-12-19,25.5,26.0,25.200000762939453,25.299999237060547,117000
2025-12-22,25.299999237060547,25.75,25.100000381469727,25.350000381469727,110000
2025-12-23,25.350000381469727,26.899999618530273,25.350000381469727,26.25,332000
2025-12-24,26.600000381469727,28.850000381469727,26.149999618530273,28.850000381469727,2278717
2025-12-26,28.299999237060547,29.0,27.75,28.399999618530273,1298100
2025-12-29,28.450000762939453,29.549999237060547,28.149999618530273,28.200000762939453,1013100
2025-12-30,28.200000762939453,28.200000762939453,27.100000381469727,27.75,395001
2025-12-31,27.450000762939453,28.049999237060547,27.200000762939453,27.600000381469727,330000
2026-01-02,27.950000762939453,30.350000381469727,27.950000762939453,28.850000381469727,2387060
2026-01-05,29.899999618530273,31.700000762939453,29.850000381469727,31.0,3171222
2026-01-06,30.700000762939453,31.049999237060547,30.200000762939453,30.5,1291070
2026-01-07,30.75,30.950000762939453,30.149999618530273,30.850000381469727,876000
2026-01-08,30.850000381469727,30.850000381469727,29.5,29.600000381469727,632250
2026-01-09,29.799999237060547,31.200000762939453,29.350000381469727,29.850000381469727,667055
2026-01-12,30.0,32.45000076293945,30.0,31.700000762939453,1552844
2026-01-13,32.0,32.099998474121094,30.649999618530273,31.25,886000
2026-01-14,30.75,30.75,30.149999618530273,30.450000762939453,487000
2026-01-15,30.350000381469727,30.950000762939453,29.850000381469727,30.5,597101
2026-01-16,31.0,32.54999923706055,31.0,31.399999618530273,1728205
2026-01-19,31.5,33.150001525878906,31.450000762939453,32.45000076293945,1236200
2026-01-20,32.45000076293945,32.45000076293945,31.350000381469727,32.04999923706055,625188
2026-01-21,31.450000762939453,32.400001525878906,31.149999618530273,31.299999237060547,484001
2026-01-22,31.899999618530273,32.400001525878906,31.25,31.25,533000
2026-01-23,31.5,31.75,30.5,31.049999237060547,328000
2026-01-26,31.049999237060547,32.0,30.600000381469727,30.950000762939453,453014
2026-01-27,30.950000762939453,31.049999237060547,30.5,30.850000381469727,268100
2026-01-28,30.850000381469727,33.0,30.850000381469727,32.25,1801030
2026-01-29,32.20000076293945,32.20000076293945,30.450000762939453,30.450000762939453,732035
2026-01-30,30.299999237060547,30.299999237060547,29.399999618530273,29.899999618530273,451043
2026-02-02,29.850000381469727,29.850000381469727,28.75,29.5,410000
2026-02-03,29.700000762939453,30.549999237060547,28.899999618530273,29.450000762939453,447030
2026-02-04,29.200000762939453,30.549999237060547,29.100000381469727,29.899999618530273,554450
2026-02-05,29.950000762939453,30.850000381469727,29.899999618530273,30.149999618530273,296000
2026-02-06,30.100000381469727,30.25,28.950000762939453,29.299999237060547,784300
2026-02-09,30.0,30.5,28.799999237060547,29.350000381469727,379000
2026-02-10,29.600000381469727,31.049999237060547,29.600000381469727,30.450000762939453,720001
2026-02-11,30.450000762939453,31.299999237060547,30.25,30.950000762939453,539055
2026-02-23,31.0,31.350000381469727,30.75,30.899999618530273,230000
2026-02-24,31.0,32.349998474121094,31.0,32.349998474121094,741333
2026-02-25,34.0,35.5,32.650001525878906,34.900001525878906,1759480
2026-02-26,34.900001525878906,37.29999923706055,34.650001525878906,35.45000076293945,1522261
2026-03-02,32.29999923706055,34.349998474121094,32.25,33.79999923706055,831252
2026-03-03,34.0,34.29999923706055,32.5,33.45000076293945,664035
2026-03-04,32.400001525878906,32.70000076293945,31.0,31.450000762939453,695000
2026-03-05,31.850000381469727,33.349998474121094,31.799999237060547,32.849998474121094,543200
2026-03-06,32.599998474121094,32.95000076293945,32.099998474121094,32.20000076293945,169108
2026-03-09,30.799999237060547,30.799999237060547,29.0,29.350000381469727,404350
2026-03-10,30.149999618530273,30.549999237060547,29.149999618530273,29.950000762939453,528000
2026-03-11,29.850000381469727,30.649999618530273,29.850000381469727,30.450000762939453,223000
2026-03-12,30.049999237060547,33.150001525878906,30.049999237060547,31.450000762939453,1304300
2026-03-13,30.75,31.25,30.350000381469727,30.850000381469727,471001
2026-03-16,30.899999618530273,30.899999618530273,30.049999237060547,30.549999237060547,216000
2026-03-17,30.950000762939453,31.75,30.75,31.0,238000
2026-03-18,31.149999618530273,31.799999237060547,31.100000381469727,31.350000381469727,331000
2026-03-19,31.100000381469727,31.200000762939453,30.299999237060547,30.5,209000
2026-03-20,30.450000762939453,31.350000381469727,30.25,30.25,253100
2026-03-23,30.149999618530273,30.149999618530273,28.899999618530273,29.5,233000
2026-03-24,29.600000381469727,30.600000381469727,29.0,29.549999237060547,148000
2026-03-25,30.0,30.649999618530273,29.600000381469727,30.350000381469727,173363
2026-03-26,30.350000381469727,32.75,30.049999237060547,31.600000381469727,1451230
2026-03-27,31.549999237060547,31.549999237060547,30.299999237060547,30.649999618530273,401325
2026-03-30,30.200000762939453,32.29999923706055,29.850000381469727,31.549999237060547,1033100
2026-03-31,32.29999923706055,33.5,30.600000381469727,30.75,1282000
2026-04-01,31.350000381469727,33.79999923706055,30.75,33.79999923706055,1544058
2026-04-02,37.150001525878906,37.150001525878906,36.20000076293945,37.150001525878906,1238663
2026-04-07,40.45000076293945,40.5,36.150001525878906,38.20000076293945,7391039
2026-04-08,38.04999923706055,39.79999923706055,36.900001525878906,37.0,3544076
2026-04-09,37.150001525878906,37.599998474121094,35.0,36.5,2318400
2026-04-10,35.79999923706055,38.0,35.75,36.70000076293945,1747340
2026-04-13,36.099998474121094,36.20000076293945,34.599998474121094,34.599998474121094,1161200
2026-04-14,34.599998474121094,36.54999923706055,34.5,35.400001525878906,1094005
2026-04-15,35.400001525878906,36.849998474121094,35.349998474121094,36.25,875108
2026-04-16,36.45000076293945,38.0,35.79999923706055,35.95000076293945,1313500
2026-04-17,35.95000076293945,36.95000076293945,35.95000076293945,36.54999923706055,695000
2026-04-20,36.900001525878906,37.75,36.70000076293945,36.75,1279300
2026-04-21,36.79999923706055,37.45000076293945,35.599998474121094,35.900001525878906,864000
2026-04-22,36.099998474121094,37.95000076293945,36.099998474121094,37.5,1617598
2026-04-23,38.0,38.0,34.650001525878906,35.900001525878906,1207132
2026-04-24,36.0,36.900001525878906,35.650001525878906,36.150001525878906,676000
2026-04-27,36.650001525878906,38.70000076293945,34.400001525878906,38.29999923706055,1907417
2026-04-28,38.29999923706055,42.099998474121094,36.0,42.099998474121094,6786057
2026-04-29,44.400001525878906,46.29999923706055,44.20000076293945,46.29999923706055,2765182
2026-04-30,50.900001525878906,50.900001525878906,50.900001525878906,50.900001525878906,1934582
2026-05-04,55.900001525878906,55.900001525878906,55.900001525878906,55.900001525878906,1126020
2026-05-05,61.400001525878906,61.400001525878906,56.099998474121094,61.400001525878906,12436720
2026-05-06,60.0,60.599998474121094,55.29999923706055,55.599998474121094,3826677
2026-05-07,55.599998474121094,61.099998474121094,55.599998474121094,61.099998474121094,2171025
2026-05-08,63.099998474121094,67.19999694824219,62.099998474121094,64.4000015258789,2947045
2026-05-11,58.5,58.5,58.0,58.0,807599
2026-05-12,60.099998474121094,60.099998474121094,55.5,58.20000076293945,972397
2026-05-13,58.5,63.0,58.5,60.099998474121094,706020
2026-05-14,65.30000305175781,65.69999694824219,58.0,58.0,935000
2026-05-15,58.70000076293945,59.099998474121094,57.5,58.5,326200
2026-05-18,58.5,58.5,53.599998474121094,54.0,529407
2026-05-19,56.599998474121094,58.70000076293945,53.900001525878906,53.900001525878906,387600
2026-05-20,53.79999923706055,55.900001525878906,52.599998474121094,53.5,348006
2026-05-21,56.0,57.20000076293945,54.5,57.099998474121094,448300
2026-05-22,59.79999923706055,62.79999923706055,58.900001525878906,62.79999923706055,948093
2026-05-25,69.0,69.0,69.0,69.0,1662000
2026-05-26,75.9000015258789,75.9000015258789,69.0,75.9000015258789,7426243
2026-05-27,83.30000305175781,83.4000015258789,78.0,81.0,6728720
2026-05-28,79.5999984741211,89.0999984741211,76.0,76.9000015258789,8736507
2026-05-29,75.69999694824219,80.0,75.69999694824219,79.80000305175781,666085
2026-06-01,86.0,86.0,77.9000015258789,79.69999694824219,671230
2026-06-02,80.30000305175781,80.30000305175781,73.9000015258789,75.80000305175781,388360
2026-06-03,77.30000305175781,77.30000305175781,74.69999694824219,76.5,430100
2026-06-04,80.0,80.0,77.5,79.0,500335
2026-06-05,78.69999694824219,79.5,73.4000015258789,76.0,367030
2026-06-08,68.4000015258789,76.30000305175781,68.4000015258789,72.0,441330
2026-06-09,74.9000015258789,74.9000015258789,70.19999694824219,72.0999984741211,278000
2026-06-10,72.0,75.80000305175781,69.0,69.5999984741211,536155
2026-06-11,71.0,73.0,64.0999984741211,73.0,606167
2026-06-12,79.0,80.0,69.30000305175781,69.30000305175781,4358271
2026-06-15,69.5,70.69999694824219,62.400001525878906,62.5,3991045
2026-06-16,62.5,63.599998474121094,59.099998474121094,59.099998474121094,2293451
2026-06-17,59.599998474121094,65.0,56.70000076293945,65.0,2285150
2026-06-18,71.5,71.5,71.5,71.5,702160
2026-06-22,75.80000305175781,76.30000305175781,68.5,68.5,4918331
2026-06-23,68.9000015258789,73.0,65.5999984741211,67.80000305175781,2190003
2026-06-24,66.5,74.4000015258789,65.5999984741211,68.9000015258789,4005289
2026-06-25,69.5,70.0999984741211,65.0,65.30000305175781,1795188
2026-06-26,64.9000015258789,66.5999984741211,60.0,60.5,1449130
2026-06-29,59.900001525878906,62.5,59.900001525878906,60.79999923706055,711100
2026-06-30,61.5,62.5,60.599998474121094,61.29999923706055,826200
2026-07-01,62.5,64.0,59.099998474121094,59.20000076293945,1135300
2026-07-02,58.70000076293945,61.20000076293945,58.0,60.70000076293945,796100
2026-07-03,59.29999923706055,64.4000015258789,59.099998474121094,62.0,1146031
2026-07-06,62.5,64.5999984741211,61.0,61.400001525878906,996000
2026-07-07,60.79999923706055,61.099998474121094,55.29999923706055,56.0,1357029
2026-07-08,55.5,56.20000076293945,53.20000076293945,54.0,1113020
2026-07-09,54.79999923706055,57.29999923706055,53.599998474121094,55.70000076293945,1943000
2026-07-10,55.70000076293945,55.70000076293945,55.70000076293945,55.70000076293945,0
2026-07-13,55.79999923706055,57.5,52.0,54.599998474121094,1750010
2026-07-14,53.5,54.0,49.29999923706055,50.70000076293945,1180500
2026-07-15,52.70000076293945,52.70000076293945,49.900001525878906,50.0,728000
2026-07-16,50.099998474121094,50.099998474121094,48.0,48.400001525878906,759200
2026-07-17,47.75,47.75,43.599998474121094,44.0,1317000
2026-07-20,44.20000076293945,44.400001525878906,40.900001525878906,41.75,1085501
2026-07-21,42.04999923706055,42.900001525878906,41.70000076293945,41.900001525878906,686130
2026-07-22,42.349998474121094,43.79999923706055,41.599998474121094,41.95000076293945,640050
2026-07-23,42.599998474121094,42.79999923706055,40.400001525878906,40.849998474121094,460025
2026-07-24,40.849998474121094,41.45000076293945,38.79999923706055,38.849998474121094,1294020
2026-07-27,39.75,39.75,36.79999923706055,38.25,913000
2026-07-28,37.0,37.099998474121094,35.79999923706055,35.95000076293945,710080
2026-07-29,36.5,36.849998474121094,32.5,33.849998474121094,1455156
2026-07-30,33.650001525878906,34.400001525878906,31.649999618530273,32.099998474121094,992060
2026-07-31,35.29999923706055,35.29999923706055,35.29999923706055,35.29999923706055,261050
2026-08-03,35.150001525878906,37.29999923706055,34.5,36.099998474121094,1116000
2026-08-04,35.70000076293945,38.650001525878906,35.650001525878906,38.650001525878906,730010
2026-08-05,40.099998474121094,40.45000076293945,38.29999923706055,38.95000076293945,959008
2026-08-06,38.650001525878906,39.75,37.150001525878906,39.0,482001
2026-08-07,39.25,40.5,37.75,38.349998474121094,380000
2026-08-10,39.400001525878906,40.900001525878906,38.5,39.95000076293945,691000
2026-08-11,39.95000076293945,40.849998474121094,39.0,40.400001525878906,469050
2026-08-12,40.400001525878906,41.45000076293945,40.400001525878906,41.0,432200
2026-08-13,41.04999923706055,41.29999923706055,40.29999923706055,40.650001525878906,307000
2026-08-14,40.650001525878906,40.79999923706055,39.5,39.900001525878906,205071
2026-08-17,39.95000076293945,40.099998474121094,39.20000076293945,39.650001525878906,273323
2026-08-18,39.599998474121094,39.849998474121094,38.25,38.5,196041
2026-08-19,38.20000076293945,38.95000076293945,37.349998474121094,38.25,229000
2026-08-20,38.54999923706055,39.29999923706055,38.099998474121094,38.79999923706055,280000
2026-08-21,39.099998474121094,39.20000076293945,38.25,39.0,211030
2026-08-24,39.25,39.650001525878906,37.79999923706055,38.150001525878906,360085
2026-08-25,38.150001525878906,38.150001525878906,37.0,37.900001525878906,215000
2026-08-26,38.25,41.650001525878906,38.099998474121094,41.650001525878906,526093
2026-08-27,44.900001525878906,45.0,40.20000076293945,40.29999923706055,1252101
2026-08-28,40.29999923706055,41.849998474121094,39.900001525878906,40.25,360000
2026-08-31,39.75,39.849998474121094,38.54999923706055,39.0,225401
2026-09-01,39.75,41.5,39.70000076293945,40.650001525878906,345003
2026-09-02,40.900001525878906,44.70000076293945,40.400001525878906,42.25,1968000
2026-09-03,42.25,42.25,39.099998474121094,39.20000076293945,1076561
2026-09-04,39.25,41.400001525878906,39.25,40.099998474121094,645150
2026-09-07,40.099998474121094,40.599998474121094,39.099998474121094,39.20000076293945,487000
2026-09-08,39.349998474121094,39.79999923706055,38.650001525878906,38.650001525878906,408464
2026-09-09,39.20000076293945,40.349998474121094,38.70000076293945,38.900001525878906,476476
2026-09-10,38.900001525878906,39.20000076293945,38.25,39.20000076293945,206086
2026-09-11,37.099998474121094,38.54999923706055,37.099998474121094,38.349998474121094,280000
2026-09-14,37.349998474121094,38.400001525878906,37.20000076293945,37.599998474121094,170015
2026-09-15,37.54999923706055,37.900001525878906,37.099998474121094,37.099998474121094,140000
2026-09-16,37.25,38.04999923706055,37.25,37.599998474121094,284000
2026-09-17,37.599998474121094,41.349998474121094,37.599998474121094,41.349998474121094,601011
2026-09-18,41.75,42.150001525878906,40.0,40.599998474121094,1241184
2026-09-21,40.29999923706055,42.25,40.29999923706055,41.599998474121094,918010
2026-09-22,41.599998474121094,44.5,41.400001525878906,41.95000076293945,1633085
2026-09-23,42.0,43.79999923706055,41.099998474121094,41.54999923706055,756005
2026-09-24,40.599998474121094,42.79999923706055,40.599998474121094,41.45000076293945,534000
