Date,Open,High,Low,Close,Volume
2016-11-23,41.411128997802734,62.590728759765625,38.65897750854492,41.411128997802734,2035236
2016-11-24,37.738525390625,41.42033386230469,36.81807327270508,37.738525390625,677102
2016-11-25,36.77205276489258,38.01466369628906,36.77205276489258,36.77205276489258,778791
2016-11-28,38.08829879760742,40.49067687988281,36.81807327270508,38.08829879760742,345091
2016-11-29,37.839778900146484,39.745113372802734,37.27830123901367,37.839778900146484,337475
2016-11-30,37.61886978149414,38.198753356933594,37.60966491699219,37.61886978149414,172198
2016-12-01,38.10670852661133,38.787841796875,37.738525390625,38.10670852661133,185050
2016-12-02,37.55443572998047,38.10670852661133,37.14023208618164,37.55443572998047,174207
2016-12-05,37.15864181518555,38.125118255615234,37.15864181518555,37.15864181518555,192840
2016-12-06,36.84568786621094,37.72932052612305,36.81807327270508,36.84568786621094,195664
2016-12-07,36.79966735839844,37.09421157836914,36.77205276489258,36.79966735839844,189537
2016-12-08,36.624778747558594,36.92852783203125,36.14614486694336,36.624778747558594,140148
2016-12-09,36.68000793457031,36.9377326965332,36.51432418823242,36.68000793457031,25313
2016-12-12,36.790462493896484,37.08500671386719,36.54193878173828,36.790462493896484,109728
2016-12-13,37.32432556152344,37.37034606933594,36.8917121887207,37.32432556152344,52365
2016-12-14,36.99296188354492,37.42557144165039,36.864097595214844,36.99296188354492,98103
2016-12-15,36.92852783203125,37.27830123901367,36.81807327270508,36.92852783203125,147578
2016-12-16,36.98375701904297,37.08500671386719,36.81807327270508,36.98375701904297,31126
2016-12-19,36.81807327270508,37.002166748046875,36.81807327270508,36.81807327270508,85827
2016-12-20,36.35784912109375,36.99296188354492,36.339439392089844,36.35784912109375,84360
2016-12-21,36.63398361206055,36.81807327270508,36.54193878173828,36.63398361206055,32592
2016-12-22,36.81807327270508,37.361141204833984,36.735233306884766,36.81807327270508,152099
2016-12-23,36.33023452758789,36.81807327270508,36.33023452758789,36.33023452758789,38024
2016-12-26,35.897621154785156,36.403873443603516,35.44660186767578,35.897621154785156,86913
2016-12-27,35.98966979980469,36.71682357788086,35.897621154785156,35.98966979980469,58666
2016-12-28,35.897621154785156,36.24739456176758,35.44660186767578,35.897621154785156,156444
2016-12-29,35.34535217285156,35.897621154785156,34.7930793762207,35.34535217285156,214025
2016-12-30,35.30853271484375,35.80557632446289,34.98637771606445,35.30853271484375,90183
2017-01-03,34.70103454589844,35.16126251220703,34.44330978393555,34.70103454589844,132543
2017-01-04,36.35784912109375,36.35784912109375,34.62739944458008,36.35784912109375,91259
2017-01-05,36.98375701904297,36.99296188354492,36.35784912109375,36.98375701904297,182942
2017-01-06,37.4623908996582,37.4623908996582,36.82727813720703,37.4623908996582,67466
2017-01-09,40.03965759277344,40.978519439697266,37.186256408691406,40.03965759277344,249816
2017-01-10,41.42033386230469,43.629417419433594,40.96010971069336,41.42033386230469,350719
2017-01-11,40.22374725341797,41.88056182861328,39.48738479614258,40.22374725341797,258166
2017-01-12,39.579429626464844,40.1132926940918,39.404544830322266,39.579429626464844,73116
2017-01-13,39.579429626464844,39.70829391479492,38.47488784790039,39.579429626464844,47042
2017-01-16,39.82795333862305,40.03965759277344,39.404544830322266,39.82795333862305,65402
2017-01-17,39.818748474121094,39.96601867675781,39.763519287109375,39.818748474121094,51279
2017-01-18,39.93840789794922,40.030452728271484,39.662269592285156,39.93840789794922,82793
2017-01-19,39.48738479614258,39.929203033447266,39.45977020263672,39.48738479614258,63501
2017-01-20,39.25727081298828,39.62545394897461,39.119205474853516,39.25727081298828,24531
2017-01-23,38.75102233886719,39.48738479614258,38.566932678222656,38.75102233886719,58666
2017-01-24,38.65897750854492,39.119205474853516,38.57613754272461,38.65897750854492,54701
2017-02-02,37.738525390625,38.787841796875,37.56364059448242,37.738525390625,81155
2017-02-03,37.4623908996582,37.9226188659668,37.4623908996582,37.4623908996582,30202
2017-02-06,37.646480560302734,37.9226188659668,37.4623908996582,37.646480560302734,88950
2017-02-07,37.63727569580078,37.9226188659668,37.63727569580078,37.63727569580078,64424
2017-02-08,37.471595764160156,37.646480560302734,37.37034606933594,37.471595764160156,80178
2017-02-09,37.29671096801758,37.4623908996582,37.149436950683594,37.29671096801758,104764
2017-02-10,37.4623908996582,38.198753356933594,37.30591583251953,37.4623908996582,93085
2017-02-13,40.22374725341797,40.59192657470703,37.4439811706543,40.22374725341797,276799
2017-02-14,39.10079574584961,39.85556411743164,38.53011703491211,39.10079574584961,123373
2017-02-15,38.935115814208984,39.11000061035156,38.65897750854492,38.935115814208984,52671
2017-02-16,38.81545639038086,38.99954605102539,38.65897750854492,38.81545639038086,127111
2017-02-17,39.02716064453125,39.69908905029297,38.67738723754883,39.02716064453125,218372
2017-02-20,38.695796966552734,38.88909149169922,38.695796966552734,38.695796966552734,90390
2017-02-21,37.6925048828125,38.79704666137695,37.646480560302734,37.6925048828125,144603
2017-02-22,37.45318603515625,37.738525390625,36.735233306884766,37.45318603515625,220473
2017-02-23,36.81807327270508,37.03898239135742,36.81807327270508,36.81807327270508,62795
2017-02-24,37.287506103515625,37.72932052612305,36.836483001708984,37.287506103515625,63555
2017-03-01,36.8917121887207,37.287506103515625,36.8917121887207,36.8917121887207,51061
2017-03-02,36.63398361206055,36.9377326965332,36.63398361206055,36.63398361206055,131457
2017-03-03,36.85489273071289,36.85489273071289,36.63398361206055,36.85489273071289,64424
2017-03-06,36.54193878173828,36.81807327270508,36.54193878173828,36.54193878173828,59970
2017-03-07,36.92852783203125,36.92852783203125,36.72602844238281,36.92852783203125,69531
2017-03-08,36.6431884765625,36.81807327270508,36.6431884765625,36.6431884765625,16296
2017-03-09,36.70762252807617,36.92852783203125,36.6431884765625,36.70762252807617,56493
2017-03-10,36.68000793457031,36.81807327270508,36.56955337524414,36.68000793457031,53343
2017-03-13,36.84568786621094,36.864097595214844,36.72602844238281,36.84568786621094,28246
2017-03-14,36.82727813720703,36.9377326965332,36.75364303588867,36.82727813720703,48889
2017-03-15,36.81807327270508,36.9377326965332,36.78125762939453,36.81807327270508,39111
2017-03-16,36.81807327270508,36.81807327270508,36.69841766357422,36.81807327270508,32592
2017-03-17,37.002166748046875,37.186256408691406,36.70762252807617,37.002166748046875,77157
2017-03-20,36.8733024597168,37.27830123901367,36.72602844238281,36.8733024597168,35851
2017-03-21,36.910118103027344,36.974552154541016,36.72602844238281,36.910118103027344,30745
2017-03-22,36.74443817138672,36.910118103027344,36.63398361206055,36.74443817138672,29659
2017-03-23,35.897621154785156,36.808868408203125,35.713531494140625,35.897621154785156,77136
2017-03-24,35.897621154785156,36.35784912109375,35.78717041015625,35.897621154785156,92563
2017-03-27,35.91603088378906,35.91603088378906,35.72273635864258,35.91603088378906,59904
2017-03-28,35.897621154785156,35.98966979980469,35.78717041015625,35.897621154785156,30419
2017-03-29,35.2533073425293,35.80557632446289,35.087623596191406,35.2533073425293,122765
2017-03-30,35.15205764770508,35.79637145996094,34.89433288574219,35.15205764770508,84740
2017-03-31,34.9771728515625,35.15205764770508,34.88512420654297,34.9771728515625,40197
2017-04-05,34.9771728515625,35.43739700317383,34.9771728515625,34.9771728515625,63012
2017-04-06,34.9771728515625,35.09682846069336,34.83910369873047,34.9771728515625,30419
2017-04-07,34.9771728515625,34.98637771606445,34.756263732910156,34.9771728515625,136889
2017-04-10,34.7930793762207,35.16126251220703,34.05672073364258,34.7930793762207,128741
2017-04-11,33.6977424621582,34.903533935546875,33.14547348022461,33.6977424621582,99950
2017-04-12,33.136268615722656,33.95547103881836,32.860130310058594,33.136268615722656,114074
2017-04-13,33.04422378540039,33.22831344604492,32.93376922607422,33.04422378540039,39111
2017-04-14,32.998199462890625,33.1270637512207,32.67604064941406,32.998199462890625,112989
2017-04-17,32.86933517456055,32.95217514038086,32.860130310058594,32.86933517456055,24987
2017-04-18,33.596492767333984,33.596492767333984,32.860130310058594,33.596492767333984,55021
2017-04-19,35.087623596191406,35.2533073425293,33.495243072509766,35.087623596191406,142321
2017-04-20,35.43739700317383,36.08171463012695,35.43739700317383,35.43739700317383,111901
2017-04-21,35.713531494140625,35.741146087646484,35.34535217285156,35.713531494140625,60839
2017-04-24,36.054100036621094,36.08171463012695,35.75955581665039,36.054100036621094,89629
2017-04-25,35.906829833984375,36.17375946044922,35.897621154785156,35.906829833984375,123852
2017-04-26,35.529441833496094,36.00807571411133,35.43739700317383,35.529441833496094,47802
2017-04-27,34.9771728515625,35.43739700317383,34.802284240722656,34.9771728515625,64098
2017-04-28,34.9771728515625,35.07842254638672,34.7930793762207,34.9771728515625,64098
2017-05-02,35.897621154785156,36.72602844238281,35.069217681884766,35.897621154785156,114617
2017-05-03,36.78125762939453,38.10670852661133,35.897621154785156,36.78125762939453,359375
2017-05-04,36.910118103027344,37.72932052612305,36.35784912109375,36.910118103027344,271171
2017-05-05,35.897621154785156,37.09421157836914,35.897621154785156,35.897621154785156,30691
2017-05-08,35.2533073425293,36.17375946044922,35.2533073425293,35.2533073425293,68056
2017-05-09,34.42490005493164,35.2533073425293,33.14547348022461,34.42490005493164,82731
2017-05-10,34.590579986572266,34.59978485107422,34.05672073364258,34.590579986572266,39111
2017-05-11,34.305240631103516,34.332855224609375,34.194786071777344,34.305240631103516,39111
2017-05-12,34.52614974975586,34.52614974975586,34.05672073364258,34.52614974975586,40197
2017-05-15,34.9771728515625,35.09682846069336,33.136268615722656,34.9771728515625,336247
2017-05-16,34.25001525878906,34.70103454589844,34.24081039428711,34.25001525878906,27160
2017-05-17,33.87262725830078,34.480125427246094,33.68853759765625,33.87262725830078,114074
2017-05-18,33.93706130981445,34.01069641113281,33.68853759765625,33.93706130981445,11950
2017-05-19,34.42490005493164,34.98637771606445,33.60569763183594,34.42490005493164,129610
2017-05-22,33.95547103881836,34.50774002075195,33.596492767333984,33.95547103881836,105383
2017-05-23,33.780582427978516,33.780582427978516,33.1546745300293,33.780582427978516,65185
2017-05-24,33.311153411865234,33.780582427978516,33.04422378540039,33.311153411865234,207506
2017-05-25,32.372291564941406,33.36637878417969,32.086952209472656,32.372291564941406,215112
2017-05-26,32.67604064941406,32.67604064941406,32.12377166748047,32.67604064941406,144494
2017-05-31,32.12377166748047,32.67604064941406,32.12377166748047,32.12377166748047,91259
2017-06-01,32.12377166748047,32.307861328125,32.12377166748047,32.12377166748047,82568
2017-06-02,32.215816497802734,32.31706619262695,32.215816497802734,32.215816497802734,291161
2017-06-05,33.60569763183594,33.89103698730469,32.215816497802734,33.60569763183594,174914
2017-06-06,34.58137512207031,34.96796798706055,33.596492767333984,34.58137512207031,188222
2017-06-07,34.25001525878906,34.9771728515625,34.05672073364258,34.25001525878906,34982
2017-06-08,34.70103454589844,34.70103454589844,34.332855224609375,34.70103454589844,44543
2017-06-09,34.332855224609375,34.7930793762207,34.148765563964844,34.332855224609375,21728
2017-06-12,33.87262725830078,34.42490005493164,33.87262725830078,33.87262725830078,43456
2017-06-13,33.48603820800781,34.05672073364258,33.421607971191406,33.48603820800781,27703
2017-06-14,32.501155853271484,33.596492767333984,32.501155853271484,32.501155853271484,162963
2017-06-15,32.76808547973633,33.136268615722656,32.5839958190918,32.76808547973633,111086
2017-06-16,32.76808547973633,32.76808547973633,32.22502136230469,32.76808547973633,31506
2017-06-19,32.860130310058594,32.95217514038086,32.685245513916016,32.860130310058594,33896
2017-06-20,33.025814056396484,33.025814056396484,32.22502136230469,33.025814056396484,21945
2017-06-21,32.67604064941406,32.76808547973633,32.38149642944336,32.67604064941406,33679
2017-06-22,32.860130310058594,33.1270637512207,32.67604064941406,32.860130310058594,45488
2017-06-23,32.76808547973633,33.32035827636719,32.72206497192383,32.76808547973633,47802
2017-06-26,32.399906158447266,33.03501892089844,32.399906158447266,32.399906158447266,57580
2017-06-27,32.38149642944336,32.56558609008789,32.372291564941406,32.38149642944336,41284
2017-06-28,32.3538818359375,32.5839958190918,32.3538818359375,32.3538818359375,20642
2017-06-29,32.49195098876953,32.49195098876953,32.307861328125,32.49195098876953,21728
2017-06-30,32.215816497802734,32.399906158447266,32.16979217529297,32.215816497802734,140691
2017-07-03,32.49195098876953,33.136268615722656,32.399906158447266,32.49195098876953,71703
2017-07-04,32.5839958190918,32.72206497192383,32.473541259765625,32.5839958190918,15644
2017-07-05,32.40911102294922,32.77729034423828,32.40911102294922,32.40911102294922,8800
2017-07-06,32.307861328125,32.5839958190918,32.307861328125,32.307861328125,13037
2017-07-07,32.22502136230469,32.49195098876953,32.086952209472656,32.22502136230469,35091
2017-07-10,31.755590438842773,32.67604064941406,31.63593101501465,31.755590438842773,240099
2017-07-11,31.57149887084961,32.0317268371582,31.304567337036133,31.57149887084961,116258
2017-07-12,30.651046752929688,31.341386795043945,30.522184371948242,30.651046752929688,143081
2017-07-13,30.273662567138672,30.743093490600586,28.948211669921875,30.273662567138672,149121
2017-07-14,30.54979705810547,30.54979705810547,30.09877586364746,30.54979705810547,124938
2017-07-17,30.476160049438477,30.51297950744629,30.26445770263672,30.476160049438477,32592
2017-07-18,32.0317268371582,32.0317268371582,30.37491226196289,32.0317268371582,64642
2017-07-19,32.0317268371582,32.45513153076172,32.0317268371582,32.0317268371582,72790
2017-07-20,32.215816497802734,32.335472106933594,32.13297653198242,32.215816497802734,57580
2017-07-21,32.860130310058594,32.860130310058594,32.12377166748047,32.860130310058594,68444
2017-07-24,32.39070129394531,32.399906158447266,32.215816497802734,32.39070129394531,47802
2017-07-25,32.215816497802734,32.3538818359375,32.12377166748047,32.215816497802734,34765
2017-07-26,32.215816497802734,32.399906158447266,32.09615707397461,32.215816497802734,69607
2017-07-27,32.399906158447266,32.399906158447266,32.13297653198242,32.399906158447266,47802
2017-07-28,32.215816497802734,32.22502136230469,32.215816497802734,32.215816497802734,16296
2017-07-31,32.0777473449707,32.215816497802734,32.0777473449707,32.0777473449707,18469
2017-08-01,32.215816497802734,32.215816497802734,31.93047523498535,32.215816497802734,35308
2017-08-02,32.27104187011719,32.67604064941406,32.215816497802734,32.27104187011719,64642
2017-08-03,32.3538818359375,32.36308670043945,32.19740676879883,32.3538818359375,88000
2017-08-04,32.215816497802734,32.36308670043945,32.0317268371582,32.215816497802734,26074
2017-08-07,32.0317268371582,32.3538818359375,31.84763526916504,32.0317268371582,78776
2017-08-08,31.755590438842773,32.20661163330078,31.626726150512695,31.755590438842773,30419
2017-08-09,31.11127281188965,31.617521286010742,30.927183151245117,31.11127281188965,55950
2017-08-10,30.733888626098633,31.065250396728516,30.37491226196289,30.733888626098633,79308
2017-08-11,30.282867431640625,30.466957092285156,30.23684310913086,30.282867431640625,65185
2017-08-14,29.91468620300293,30.466957092285156,29.325597763061523,29.91468620300293,82568
2017-08-15,28.16582679748535,29.91468620300293,28.16582679748535,28.16582679748535,121896
2017-08-16,28.534008026123047,28.708894729614258,27.613555908203125,28.534008026123047,104296
2017-08-17,27.613555908203125,28.534008026123047,27.613555908203125,27.613555908203125,79308
2017-08-18,28.16582679748535,28.257871627807617,27.797645568847656,28.16582679748535,53234
2017-08-21,28.073781967163086,28.534008026123047,27.98173713684082,28.073781967163086,199411
2017-08-22,28.073781967163086,28.534008026123047,27.889692306518555,28.073781967163086,47802
2017-08-23,27.613555908203125,27.889692306518555,27.52151107788086,27.613555908203125,49975
2017-08-24,27.613555908203125,27.797645568847656,27.613555908203125,27.613555908203125,119594
2017-08-25,27.613555908203125,27.70560073852539,27.52151107788086,27.613555908203125,95713
2017-08-28,27.549123764038086,27.69639778137207,27.549123764038086,27.549123764038086,14123
2017-08-29,27.687192916870117,27.687192916870117,27.613555908203125,27.687192916870117,26182
2017-08-30,27.604352951049805,27.613555908203125,27.52151107788086,27.604352951049805,45629
2017-08-31,27.613555908203125,27.613555908203125,27.429466247558594,27.613555908203125,70509
2017-09-01,27.52151107788086,27.613555908203125,27.429466247558594,27.52151107788086,45792
2017-09-04,27.429466247558594,27.530715942382812,27.254579544067383,27.429466247558594,24444
2017-09-05,27.604352951049805,27.613555908203125,27.52151107788086,27.604352951049805,37372
2017-09-06,27.438669204711914,27.604352951049805,27.438669204711914,27.438669204711914,869
2017-09-07,27.447874069213867,27.59514617919922,27.34662437438965,27.447874069213867,10972
2017-09-08,27.475488662719727,27.475488662719727,27.153329849243164,27.475488662719727,16297
2017-09-11,26.693103790283203,27.475488662719727,26.693103790283203,26.693103790283203,44217
2017-09-12,26.601058959960938,26.78514862060547,26.509014129638672,26.601058959960938,66619
2017-09-13,25.02708625793457,26.683900833129883,24.85219955444336,25.02708625793457,136087
2017-09-14,24.85219955444336,25.036291122436523,24.778564453125,24.85219955444336,100852
2017-09-15,24.92583656311035,24.935041427612305,24.85219955444336,24.92583656311035,84091
2017-09-18,26.25128746032715,26.25128746032715,24.787769317626953,26.25128746032715,68010
2017-09-19,27.24537467956543,27.797645568847656,26.04878807067871,27.24537467956543,131457
2017-09-20,27.70560073852539,27.70560073852539,26.693103790283203,27.70560073852539,82459
2017-09-21,27.48469352722168,27.613555908203125,27.337421417236328,27.48469352722168,5649
2017-09-22,27.503101348876953,27.503101348876953,27.07048988342285,27.503101348876953,47715
2017-09-25,26.61026382446289,27.0612850189209,26.61026382446289,26.61026382446289,22054
2017-09-26,25.86469841003418,26.96003532409668,25.496517181396484,25.86469841003418,63555
2017-09-27,27.604352951049805,27.613555908203125,25.86469841003418,27.604352951049805,54538
2017-09-28,28.616849899291992,30.273662567138672,27.604352951049805,28.616849899291992,163398
2017-09-29,28.064577102661133,28.626052856445312,27.530715942382812,28.064577102661133,45195
2017-10-02,28.257871627807617,28.257871627807617,27.337421417236328,28.257871627807617,41284
2017-10-03,27.98173713684082,28.110599517822266,27.52151107788086,27.98173713684082,64535
2017-10-05,27.70560073852539,27.797645568847656,27.613555908203125,27.70560073852539,34005
2017-10-06,27.70560073852539,27.70560073852539,27.153329849243164,27.70560073852539,61274
2017-10-11,27.69639778137207,27.70560073852539,27.567533493041992,27.69639778137207,42479
2017-10-12,28.064577102661133,28.064577102661133,27.567533493041992,28.064577102661133,46390
2017-10-13,27.687192916870117,28.064577102661133,27.52151107788086,27.687192916870117,15644
2017-10-16,27.677988052368164,27.687192916870117,27.24537467956543,27.677988052368164,25422
2017-10-17,27.613555908203125,27.687192916870117,26.71151351928711,27.613555908203125,20967
2017-10-18,27.153329849243164,27.52151107788086,26.702308654785156,27.153329849243164,13471
2017-10-19,27.613555908203125,27.613555908203125,27.0612850189209,27.613555908203125,41827
2017-10-20,27.604352951049805,27.70560073852539,27.153329849243164,27.604352951049805,100526
2017-10-23,26.877195358276367,27.429466247558594,26.509014129638672,26.877195358276367,79634
2017-10-24,27.69639778137207,27.69639778137207,26.693103790283203,27.69639778137207,66597
2017-10-25,27.052080154418945,27.69639778137207,26.693103790283203,27.052080154418945,26834
2017-10-26,26.693103790283203,26.969240188598633,26.601058959960938,26.693103790283203,80395
2017-10-27,26.77594566345215,26.77594566345215,26.619468688964844,26.77594566345215,40306
2017-10-30,26.77594566345215,26.78514862060547,26.619468688964844,26.77594566345215,48128
2017-10-31,26.77594566345215,26.78514862060547,26.64708137512207,26.77594566345215,50192
2017-11-01,26.969240188598633,26.969240188598633,26.693103790283203,26.969240188598633,37481
2017-11-02,27.429466247558594,27.797645568847656,26.969240188598633,27.429466247558594,33461
2017-11-03,27.70560073852539,27.70560073852539,27.153329849243164,27.70560073852539,57797
2017-11-06,29.07707405090332,30.466957092285156,27.613555908203125,29.07707405090332,172121
2017-11-07,28.89298439025879,29.086278915405273,28.349918365478516,28.89298439025879,70617
2017-11-08,28.626052856445312,28.810144424438477,28.303895950317383,28.626052856445312,27812
2017-11-09,28.073781967163086,28.626052856445312,27.530715942382812,28.073781967163086,44651
2017-11-10,28.718097686767578,28.718097686767578,28.257871627807617,28.718097686767578,5866
2017-11-13,28.708894729614258,28.708894729614258,28.534008026123047,28.708894729614258,15427
2017-11-14,28.349918365478516,28.349918365478516,27.889692306518555,28.349918365478516,4562
2017-11-15,28.073781967163086,28.073781967163086,27.622760772705078,28.073781967163086,5758
2017-11-16,27.98173713684082,28.16582679748535,27.622760772705078,27.98173713684082,25205
2017-11-17,27.0612850189209,28.16582679748535,26.416969299316406,27.0612850189209,164049
2017-11-20,26.140832901000977,27.0612850189209,26.04878807067871,26.140832901000977,210874
2017-11-21,26.067197799682617,26.601058959960938,26.067197799682617,26.067197799682617,323862
2017-11-22,26.232877731323242,26.693103790283203,26.04878807067871,26.232877731323242,196316
2017-11-23,26.223674774169922,26.232877731323242,25.791061401367188,26.223674774169922,33787
2017-11-24,26.140832901000977,26.693103790283203,26.04878807067871,26.140832901000977,51279
2017-11-27,25.956743240356445,26.140832901000977,24.861404418945312,25.956743240356445,166657
2017-11-28,24.944246292114258,25.947538375854492,24.85219955444336,24.944246292114258,275842
2017-11-29,24.944246292114258,25.30322265625,24.760154724121094,24.944246292114258,43456
2017-11-30,24.944246292114258,25.31242561340332,24.576065063476562,24.944246292114258,181215
2017-12-01,24.299928665161133,25.02708625793457,24.207883834838867,24.299928665161133,185235
2017-12-04,24.46561050415039,25.680606842041016,23.94095230102539,24.46561050415039,117062
2017-12-05,24.1158390045166,24.39197540283203,24.023794174194336,24.1158390045166,56493
2017-12-06,25.40447235107422,26.9232177734375,24.207883834838867,25.40447235107422,127687
2017-12-07,24.953449249267578,25.76344871520996,24.944246292114258,24.953449249267578,58884
2017-12-08,26.232877731323242,26.232877731323242,25.174358367919922,26.232877731323242,19892
2017-12-11,25.31242561340332,26.21446990966797,25.31242561340332,25.31242561340332,33820
2017-12-12,25.23879051208496,25.496517181396484,25.23879051208496,25.23879051208496,22923
2017-12-13,25.220380783081055,25.40447235107422,25.12833595275879,25.220380783081055,21239
2017-12-14,25.77265167236328,26.444581985473633,25.31242561340332,25.77265167236328,22271
2017-12-15,24.85219955444336,25.31242561340332,24.484020233154297,24.85219955444336,66271
2017-12-18,24.023794174194336,24.704927444458008,23.25981903076172,24.023794174194336,150469
2017-12-19,22.34857177734375,24.023794174194336,21.86073112487793,22.34857177734375,440870
2017-12-20,22.265731811523438,22.551071166992188,22.090845108032227,22.265731811523438,352001
2017-12-21,22.182889938354492,22.357776641845703,22.090845108032227,22.182889938354492,327013
2017-12-22,22.17368507385254,22.274934768676758,21.53857421875,22.17368507385254,137975
2017-12-25,21.989595413208008,22.366979598999023,21.842323303222656,21.989595413208008,857187
2017-12-26,21.53857421875,22.081640243530273,21.53857421875,21.53857421875,151121
2017-12-27,23.01129722595215,23.01129722595215,21.842323303222656,23.01129722595215,107026
2017-12-28,23.922544479370117,24.85219955444336,22.827205657958984,23.922544479370117,352870
2017-12-29,23.333454132080078,24.1158390045166,22.91925048828125,23.333454132080078,296158
2018-01-02,23.93174934387207,23.93174934387207,23.02050018310547,23.93174934387207,107881
2018-01-03,23.913339614868164,23.913339614868164,23.02050018310547,23.913339614868164,241240
2018-01-04,24.10663414001465,24.1158390045166,23.397886276245117,24.10663414001465,159378
2018-01-05,23.646408081054688,23.93174934387207,23.112546920776367,23.646408081054688,105437
2018-01-08,23.83049964904785,23.83049964904785,23.103342056274414,23.83049964904785,67249
2018-01-09,23.646408081054688,23.839702606201172,23.47152328491211,23.646408081054688,33679
2018-01-10,22.937660217285156,23.517545700073242,22.91925048828125,22.937660217285156,77136
2018-01-11,23.01129722595215,23.241409301757812,22.937660217285156,23.01129722595215,18903
2018-01-12,22.376184463500977,23.05731964111328,22.090845108032227,22.376184463500977,32918
2018-01-15,22.753570556640625,23.01129722595215,22.753570556640625,22.753570556640625,36938
2018-01-16,23.19538688659668,23.93174934387207,23.01129722595215,23.19538688659668,70617
2018-01-17,23.47152328491211,23.93174934387207,23.2966365814209,23.47152328491211,81481
2018-01-18,23.19538688659668,23.738454818725586,22.94686508178711,23.19538688659668,65185
2018-01-19,23.19538688659668,23.19538688659668,22.928455352783203,23.19538688659668,42370
2018-01-22,23.01129722595215,23.278228759765625,22.965274810791016,23.01129722595215,30419
2018-01-23,23.01129722595215,23.462318420410156,22.928455352783203,23.01129722595215,39111
2018-01-24,23.09413719177246,23.176977157592773,23.02050018310547,23.09413719177246,26085
2018-01-25,23.01129722595215,23.278228759765625,22.090845108032227,23.01129722595215,62089
2018-01-26,22.643115997314453,22.91925048828125,22.182889938354492,22.643115997314453,27160
2018-01-29,22.569480895996094,22.91004753112793,22.560274124145508,22.569480895996094,30419
2018-01-30,22.827205657958984,22.827205657958984,22.818002700805664,22.827205657958984,6518
2018-01-31,22.928455352783203,23.09413719177246,22.928455352783203,22.928455352783203,20756
2018-02-01,23.01129722595215,23.37947654724121,22.91925048828125,23.01129722595215,25639
2018-02-02,23.075727462768555,23.19538688659668,22.937660217285156,23.075727462768555,30419
2018-02-05,23.01129722595215,23.103342056274414,22.827205657958984,23.01129722595215,26074
2018-02-06,22.541866302490234,23.09413719177246,22.090845108032227,22.541866302490234,64098
2018-02-07,23.069557189941406,23.16187286376953,22.607982635498047,23.069557189941406,53079
2018-02-08,23.16187286376953,23.16187286376953,22.995704650878906,23.16187286376953,33580
2018-02-09,23.16187286376953,23.16187286376953,23.16187286376953,23.16187286376953,0
2018-02-12,23.263418197631836,23.992708206176758,23.07878875732422,23.263418197631836,64994
2018-02-21,23.992708206176758,24.00193977355957,23.263418197631836,23.992708206176758,57412
2018-02-22,23.817310333251953,23.909624099731445,23.632680892944336,23.817310333251953,76369
2018-02-23,24.64814567565918,24.925092697143555,23.826541900634766,24.64814567565918,131072
2018-02-26,25.432825088500977,26.032873153686523,24.703535079956055,25.432825088500977,165250
2018-02-27,24.934322357177734,25.75592803955078,24.30657958984375,24.934322357177734,193002
2018-03-01,24.00193977355957,24.998943328857422,23.4572811126709,24.00193977355957,55148
2018-03-02,23.549596786499023,23.817310333251953,23.549596786499023,23.549596786499023,88870
2018-03-05,23.549596786499023,23.549596786499023,23.549596786499023,23.549596786499023,0
2018-03-06,23.54036521911621,23.724994659423828,23.46651268005371,23.54036521911621,56001
2018-03-07,23.80807876586914,23.80807876586914,23.364965438842773,23.80807876586914,38255
2018-03-08,24.472747802734375,24.91585922241211,23.817310333251953,24.472747802734375,123241
2018-03-09,26.40213394165039,26.494449615478516,24.740461349487305,26.40213394165039,594608
2018-03-12,25.75592803955078,27.417600631713867,25.386667251586914,25.75592803955078,304933
2018-03-13,24.934322357177734,25.64514923095703,24.860471725463867,24.934322357177734,112657
2018-03-14,24.925092697143555,25.109722137451172,24.83277702331543,24.925092697143555,58711
2018-03-15,25.017406463623047,25.109722137451172,24.925092697143555,25.017406463623047,53079
2018-03-16,25.386667251586914,25.571298599243164,25.109722137451172,25.386667251586914,82312
2018-03-19,26.12518882751465,26.300588607788086,25.34050941467285,26.12518882751465,110205
2018-03-20,26.40213394165039,26.485218048095703,25.848243713378906,26.40213394165039,123490
2018-03-21,26.771394729614258,26.946794509887695,26.143651962280273,26.771394729614258,162823
2018-03-22,27.76839828491211,27.777629852294922,26.605228424072266,27.76839828491211,176574
2018-03-23,29.25467300415039,29.25467300415039,27.029878616333008,29.25467300415039,276758
2018-03-26,29.817794799804688,31.84872817993164,29.171588897705078,29.817794799804688,611438
2018-03-27,29.817794799804688,30.002426147460938,28.063806533813477,29.817794799804688,215578
2018-03-28,29.808563232421875,30.464000701904297,29.079273223876953,29.808563232421875,179934
2018-03-29,29.910110473632812,29.993194580078125,29.448535919189453,29.910110473632812,232928
2018-03-30,30.380918502807617,30.980966567993164,29.910110473632812,30.380918502807617,148637
2018-04-02,32.67033386230469,33.695030212402344,31.65486717224121,32.67033386230469,696977
2018-04-03,32.48570251464844,32.67033386230469,31.48870086669922,32.48570251464844,280375
2018-04-09,34.26738739013672,34.26738739013672,32.476470947265625,34.26738739013672,449935
2018-04-10,34.147377014160156,34.61818313598633,33.33500289916992,34.147377014160156,637744
2018-04-11,34.05506134033203,34.15660858154297,33.15037155151367,34.05506134033203,414926
2018-04-12,33.59348678588867,34.15660858154297,33.233455657958984,33.59348678588867,111206
2018-04-13,33.40885543823242,34.147377014160156,33.01190185546875,33.40885543823242,349241
2018-04-16,33.68579864501953,33.68579864501953,33.233455657958984,33.68579864501953,116351
2018-04-17,33.50117111206055,33.68579864501953,33.14113998413086,33.50117111206055,173292
2018-04-18,32.6795654296875,33.51040267944336,32.310306549072266,32.6795654296875,302616
2018-04-19,32.86419677734375,33.233455657958984,32.18106460571289,32.86419677734375,511463
2018-04-20,33.22422409057617,33.22422409057617,32.50416564941406,33.22422409057617,234404
2018-04-23,34.064292907714844,34.064292907714844,33.03036117553711,34.064292907714844,441480
2018-04-24,34.51663589477539,35.06129455566406,34.04582977294922,34.51663589477539,601774
2018-04-25,35.54133605957031,36.18754196166992,34.41508865356445,35.54133605957031,831141
2018-04-26,35.162841796875,35.99367904663086,34.80281448364258,35.162841796875,363625
2018-04-27,34.91359329223633,35.07975769042969,33.79657745361328,34.91359329223633,266612
2018-04-30,34.23969268798828,35.07975769042969,34.064292907714844,34.23969268798828,252337
2018-05-02,32.37492370605469,34.23969268798828,31.211753845214844,32.37492370605469,322259
2018-05-03,32.365692138671875,32.42108154296875,32.2641487121582,32.365692138671875,108274
2018-05-04,32.402618408203125,32.42108154296875,32.20875930786133,32.402618408203125,84073
2018-05-07,32.28261184692383,32.39338684082031,32.17183303833008,32.28261184692383,61422
2018-05-08,32.14413833618164,32.30107116699219,31.950275421142578,32.14413833618164,117533
2018-05-09,32.162601470947266,32.310306549072266,31.987201690673828,32.162601470947266,152724
2018-05-10,32.13490676879883,32.310306549072266,31.211753845214844,32.13490676879883,338388
2018-05-11,33.639644622802734,34.424320220947266,32.13490676879883,33.639644622802734,1012835
2018-05-14,33.03959274291992,33.741188049316406,32.49493408203125,33.03959274291992,391986
2018-05-15,33.13190841674805,34.138145446777344,32.310306549072266,33.13190841674805,339705
2018-05-16,33.233455657958984,33.71349334716797,32.901123046875,33.233455657958984,400577
2018-05-17,32.94728088378906,33.233455657958984,32.67033386230469,32.94728088378906,104557
2018-05-18,34.23969268798828,34.23969268798828,32.5318603515625,34.23969268798828,176431
2018-05-21,33.62118148803711,35.17207336425781,33.51040267944336,33.62118148803711,380295
2018-05-22,33.233455657958984,33.778114318847656,33.15037155151367,33.233455657958984,143864
2018-05-23,33.805809020996094,34.608951568603516,33.14113998413086,33.805809020996094,584608
2018-05-24,33.50117111206055,33.805809020996094,33.15037155151367,33.50117111206055,183071
2018-05-25,33.62118148803711,33.695030212402344,32.8272705078125,33.62118148803711,296256
2018-05-28,33.33500289916992,33.602718353271484,33.233455657958984,33.33500289916992,261589
2018-05-29,33.03959274291992,33.33500289916992,32.771881103515625,33.03959274291992,140751
2018-05-30,33.40885543823242,34.027366638183594,32.21799087524414,33.40885543823242,209537
2018-05-31,32.771881103515625,33.33500289916992,32.50416564941406,32.771881103515625,129017
2018-06-01,33.3165397644043,33.32577133178711,31.84872817993164,33.3165397644043,222653
2018-06-04,33.13190841674805,33.999671936035156,32.6795654296875,33.13190841674805,176742
2018-06-05,32.92881774902344,33.22422409057617,32.78111267089844,32.92881774902344,143683
2018-06-06,32.76264953613281,32.956512451171875,32.50416564941406,32.76264953613281,56882
2018-06-07,32.78111267089844,32.808807373046875,32.49493408203125,32.78111267089844,81980
2018-06-08,33.39962387084961,33.40885543823242,32.310306549072266,33.39962387084961,553294
2018-06-11,32.9749755859375,33.491939544677734,32.771881103515625,32.9749755859375,94019
2018-06-12,33.233455657958984,33.86119842529297,32.81803894042969,33.233455657958984,129718
2018-06-13,33.32577133178711,33.37192916870117,32.310306549072266,33.32577133178711,339815
2018-06-14,32.310306549072266,33.3165397644043,32.03335952758789,32.310306549072266,222894
2018-06-15,33.22422409057617,33.68579864501953,31.38715362548828,33.22422409057617,286833
2018-06-19,32.42108154296875,33.22422409057617,32.125675201416016,32.42108154296875,621133
2018-06-20,31.839496612548828,32.41184997558594,31.39638328552246,31.839496612548828,331040
2018-06-21,31.285606384277344,31.839496612548828,30.380918502807617,31.285606384277344,483137
2018-06-22,29.928573608398438,31.285606384277344,29.550081253051758,29.928573608398438,409860
2018-06-25,29.716249465942383,29.928573608398438,29.540849685668945,29.716249465942383,112997
2018-06-26,31.38715362548828,31.38715362548828,29.67009162902832,31.38715362548828,91144
2018-06-27,31.0086612701416,31.38715362548828,30.51015853881836,31.0086612701416,631903
2018-06-28,33.14113998413086,33.14113998413086,30.417844772338867,33.14113998413086,870718
2018-06-29,32.30107116699219,33.122676849365234,31.941043853759766,32.30107116699219,508275
2018-07-02,31.84872817993164,32.310306549072266,31.39638328552246,31.84872817993164,289269
2018-07-03,31.39638328552246,31.84872817993164,31.38715362548828,31.39638328552246,25406
2018-07-04,31.75641441345215,31.839496612548828,31.39638328552246,31.75641441345215,7647
2018-07-05,31.562551498413086,31.75641441345215,31.11943817138672,31.562551498413086,50118
2018-07-06,31.38715362548828,31.84872817993164,30.92557716369629,31.38715362548828,186847
2018-07-09,30.362455368041992,31.470237731933594,29.540849685668945,30.362455368041992,403649
2018-07-10,32.76264953613281,32.76264953613281,26.309818267822266,32.76264953613281,711245
2018-07-11,31.553319931030273,32.49493408203125,31.20252227783203,31.553319931030273,753013
2018-07-12,31.562551498413086,31.562551498413086,31.017892837524414,31.562551498413086,494458
2018-07-13,31.20252227783203,31.562551498413086,30.371686935424805,31.20252227783203,502416
2018-07-16,30.362455368041992,31.747182846069336,28.848485946655273,30.362455368041992,407071
2018-07-17,30.454769134521484,30.464000701904297,28.710012435913086,30.454769134521484,548533
2018-07-18,29.63316535949707,30.464000701904297,29.079273223876953,29.63316535949707,222897
2018-07-19,29.63316535949707,30.094741821289062,29.457765579223633,29.63316535949707,67014
2018-07-20,30.002426147460938,30.556316375732422,29.63316535949707,30.002426147460938,73205
2018-07-23,30.436307907104492,30.445537567138672,30.002426147460938,30.436307907104492,13047
2018-07-24,30.630168914794922,30.731714248657227,30.371686935424805,30.630168914794922,49228
2018-07-25,30.89788246154785,30.92557716369629,30.47323226928711,30.89788246154785,71911
2018-07-26,31.562551498413086,32.49493408203125,30.89788246154785,31.562551498413086,211384
2018-07-27,30.740947723388672,31.5717830657959,30.371686935424805,30.740947723388672,117419
2018-07-30,30.556316375732422,30.740947723388672,30.187055587768555,30.556316375732422,33827
2018-07-31,30.556316375732422,30.556316375732422,30.233213424682617,30.556316375732422,377722
2018-08-01,30.916345596313477,30.916345596313477,30.371686935424805,30.916345596313477,488203
2018-08-02,30.92557716369629,30.92557716369629,30.556316375732422,30.92557716369629,413981
2018-08-03,31.84872817993164,31.84872817993164,30.65786361694336,31.84872817993164,687290
2018-08-06,32.41184997558594,32.698028564453125,31.48870086669922,32.41184997558594,448483
2018-08-07,32.310306549072266,32.67033386230469,31.664098739624023,32.310306549072266,140973
2018-08-08,32.32876968383789,32.50416564941406,32.1164436340332,32.32876968383789,244109
2018-08-09,32.48570251464844,32.48570251464844,32.17183303833008,32.48570251464844,74798
2018-08-10,32.76264953613281,33.3903923034668,31.941043853759766,32.76264953613281,457381
2018-08-13,31.331764221191406,32.771881103515625,31.20252227783203,31.331764221191406,176928
2018-08-14,32.1164436340332,32.30107116699219,31.211753845214844,32.1164436340332,163851
2018-08-15,30.870187759399414,32.1164436340332,30.464000701904297,30.870187759399414,184077
2018-08-16,30.54708480834961,30.92557716369629,30.380918502807617,30.54708480834961,133895
2018-08-17,32.439544677734375,33.0211296081543,30.464000701904297,32.439544677734375,107291
2018-08-20,31.562551498413086,32.42108154296875,31.294837951660156,31.562551498413086,86183
2018-08-21,30.51015853881836,31.5717830657959,30.002426147460938,30.51015853881836,201358
2018-08-22,29.070043563842773,30.648632049560547,27.694547653198242,29.070043563842773,666231
2018-08-23,28.34075355529785,28.80232810974121,27.694547653198242,28.34075355529785,145350
2018-08-24,28.71924591064453,28.894643783569336,28.34075355529785,28.71924591064453,171301
2018-08-27,28.98695945739746,29.36545181274414,28.710012435913086,28.98695945739746,121865
2018-08-28,29.106969833374023,29.171588897705078,28.98695945739746,29.106969833374023,41163
2018-08-29,29.503923416137695,29.697786331176758,29.125431060791016,29.503923416137695,109407
2018-08-30,29.808563232421875,29.808563232421875,29.550081253051758,29.808563232421875,25477
2018-08-31,30.464000701904297,30.464000701904297,29.642396926879883,30.464000701904297,58495
2018-09-03,30.6459903717041,30.803625106811523,30.506900787353516,30.6459903717041,63628
2018-09-04,30.61817169189453,30.785078048706055,30.60890007019043,30.61817169189453,62549
2018-09-05,30.228723526000977,30.599626541137695,30.135995864868164,30.228723526000977,37616
2018-09-06,29.320005416870117,29.950544357299805,29.2087345123291,29.320005416870117,84118
2018-09-07,29.2087345123291,29.38491439819336,28.74510383605957,29.2087345123291,189622
2018-09-10,29.116008758544922,29.116008758544922,28.568925857543945,29.116008758544922,95777
2018-09-11,28.847103118896484,28.930557250976562,28.596742630004883,28.847103118896484,28118
2018-09-12,29.2087345123291,29.2087345123291,28.74510383605957,29.2087345123291,21931
2018-09-13,29.653820037841797,29.653820037841797,29.116008758544922,29.653820037841797,77162
2018-09-14,29.524003982543945,29.653820037841797,29.394187927246094,29.524003982543945,15691
2018-09-17,29.84854507446289,29.857818603515625,29.579639434814453,29.84854507446289,32978
2018-09-18,29.66309356689453,30.117450714111328,29.486913681030273,29.66309356689453,32401
2018-09-19,29.72800064086914,29.75581932067871,29.50545883178711,29.72800064086914,20545
2018-09-20,29.412731170654297,29.496185302734375,29.125280380249023,29.412731170654297,55033
2018-09-21,29.66309356689453,29.66309356689453,29.66309356689453,29.66309356689453,10
2018-09-25,29.30146026611328,29.66309356689453,29.116008758544922,29.30146026611328,79507
2018-09-26,29.486913681030273,29.486913681030273,29.125280380249023,29.486913681030273,125099
2018-09-27,29.486913681030273,29.579639434814453,29.2087345123291,29.486913681030273,23725
2018-09-28,29.579639434814453,29.579639434814453,29.023283004760742,29.579639434814453,61406
2018-10-01,29.579639434814453,29.579639434814453,28.74510383605957,29.579639434814453,37822
2018-10-02,29.468368530273438,29.66309356689453,29.30146026611328,29.468368530273438,39182
2018-10-03,29.440549850463867,29.47764015197754,29.30146026611328,29.440549850463867,28622
2018-10-04,29.29218864440918,29.431278228759766,28.65237808227539,29.29218864440918,189957
2018-10-05,29.180917739868164,29.29218864440918,28.83782958984375,29.180917739868164,39158
2018-10-08,29.30146026611328,29.57036781311035,29.116008758544922,29.30146026611328,158674
2018-10-09,29.2087345123291,29.440549850463867,29.162372589111328,29.2087345123291,86286
2018-10-11,27.613845825195312,29.125280380249023,26.890581130981445,27.613845825195312,378296
2018-10-12,27.994022369384766,28.290746688842773,26.890581130981445,27.994022369384766,136400
2018-10-15,27.808570861816406,27.956932067871094,27.539663314819336,27.808570861816406,85509
2018-10-16,27.89202308654785,28.28147315979004,27.73438835144043,27.89202308654785,38899
2018-10-17,28.550378799438477,28.550378799438477,27.817842483520508,28.550378799438477,41638
2018-10-18,28.698741912841797,28.726558685302734,28.18874740600586,28.698741912841797,26389
2018-10-19,28.698741912841797,28.726558685302734,28.28147315979004,28.698741912841797,28276
2018-10-22,28.930557250976562,28.930557250976562,28.290746688842773,28.930557250976562,61007
2018-10-23,28.82855796813965,29.29218864440918,28.198020935058594,28.82855796813965,115005
2018-10-24,28.83782958984375,28.83782958984375,28.0125675201416,28.83782958984375,99023
2018-10-25,28.272201538085938,28.921283721923828,28.18874740600586,28.272201538085938,216713
2018-10-26,27.63239097595215,28.74510383605957,27.261486053466797,27.63239097595215,265646
2018-10-29,26.983308792114258,27.817842483520508,26.797855377197266,26.983308792114258,117248
2018-10-30,27.252212524414062,27.530391693115234,26.890581130981445,27.252212524414062,104803
2018-10-31,27.808570861816406,27.901296615600586,27.159486770629883,27.808570861816406,79761
2018-11-01,29.106735229492188,29.106735229492188,27.808570861816406,29.106735229492188,105678
2018-11-02,29.106735229492188,29.672365188598633,28.74510383605957,29.106735229492188,102860
2018-11-05,28.73583221435547,29.116008758544922,28.643104553222656,28.73583221435547,20546
2018-11-06,28.71728515625,28.73583221435547,28.55965232849121,28.71728515625,23240
2018-11-07,28.513288497924805,28.65237808227539,28.46692657470703,28.513288497924805,34027
2018-11-08,28.643104553222656,29.66309356689453,28.28147315979004,28.643104553222656,73460
2018-11-09,28.643104553222656,28.643104553222656,28.28147315979004,28.643104553222656,21593
2018-11-12,28.65237808227539,28.726558685302734,28.46692657470703,28.65237808227539,64937
2018-11-13,28.541107177734375,28.65237808227539,28.272201538085938,28.541107177734375,67967
2018-11-14,28.55965232849121,28.55965232849121,28.28147315979004,28.55965232849121,53939
2018-11-15,28.550378799438477,28.65237808227539,28.290746688842773,28.550378799438477,38893
2018-11-16,28.633832931518555,28.73583221435547,28.37420082092285,28.633832931518555,18882
2018-11-19,28.46692657470703,28.62455940246582,28.383472442626953,28.46692657470703,37783
2018-11-20,28.37420082092285,28.55965232849121,28.290746688842773,28.37420082092285,37481
2018-11-21,28.10529327392578,28.46692657470703,28.0032958984375,28.10529327392578,95469
2018-11-22,28.086748123168945,28.355653762817383,27.919841766357422,28.086748123168945,127339
2018-11-23,28.086748123168945,28.09602165222168,28.0032958984375,28.086748123168945,22334
2018-11-26,27.261486053466797,28.086748123168945,26.426950454711914,27.261486053466797,94588
2018-11-27,27.446937561035156,27.817842483520508,26.90912628173828,27.446937561035156,84226
2018-11-28,28.216564178466797,28.73583221435547,27.446937561035156,28.216564178466797,53658
2018-11-29,29.57036781311035,30.135995864868164,28.28147315979004,29.57036781311035,232540
2018-11-30,28.82855796813965,29.62600326538086,28.46692657470703,28.82855796813965,81111
2018-12-03,28.83782958984375,29.644548416137695,28.383472442626953,28.83782958984375,44225
2018-12-04,28.83782958984375,28.930557250976562,28.37420082092285,28.83782958984375,52349
2018-12-05,28.568925857543945,29.2087345123291,28.568925857543945,28.568925857543945,172437
2018-12-06,28.643104553222656,28.912010192871094,28.290746688842773,28.643104553222656,27831
2018-12-07,28.643104553222656,28.65237808227539,28.420562744140625,28.643104553222656,17369
2018-12-10,28.643104553222656,28.643104553222656,28.37420082092285,28.643104553222656,32363
2018-12-11,28.28147315979004,28.643104553222656,27.817842483520508,28.28147315979004,62993
2018-12-12,28.83782958984375,29.2087345123291,28.18874740600586,28.83782958984375,42393
2018-12-13,28.73583221435547,29.30146026611328,28.46692657470703,28.73583221435547,59632
2018-12-14,29.014009475708008,29.014009475708008,28.18874740600586,29.014009475708008,80355
2018-12-17,28.65237808227539,29.014009475708008,28.198020935058594,28.65237808227539,34005
2018-12-18,28.73583221435547,28.83782958984375,28.55965232849121,28.73583221435547,52856
2018-12-19,28.726558685302734,28.73583221435547,28.18874740600586,28.726558685302734,104243
2018-12-20,28.28147315979004,28.74510383605957,27.817842483520508,28.28147315979004,109687
2018-12-21,28.46692657470703,28.73583221435547,28.18874740600586,28.46692657470703,57860
2018-12-24,28.73583221435547,28.74510383605957,28.46692657470703,28.73583221435547,90737
2018-12-25,28.46692657470703,28.73583221435547,28.28147315979004,28.46692657470703,35946
2018-12-26,28.55965232849121,28.73583221435547,28.290746688842773,28.55965232849121,34132
2018-12-27,28.541107177734375,28.55965232849121,28.300018310546875,28.541107177734375,58294
2018-12-28,28.74510383605957,28.82855796813965,28.28147315979004,28.74510383605957,133753
2019-01-02,28.633832931518555,28.74510383605957,28.28147315979004,28.633832931518555,108886
2019-01-03,28.568925857543945,28.633832931518555,28.37420082092285,28.568925857543945,74000
2019-01-04,28.73583221435547,28.73583221435547,28.429834365844727,28.73583221435547,37296
2019-01-07,28.782194137573242,28.810012817382812,28.55965232849121,28.782194137573242,76886
2019-01-08,28.83782958984375,28.83782958984375,28.670923233032227,28.83782958984375,82618
2019-01-09,28.73583221435547,29.004737854003906,28.46692657470703,28.73583221435547,200230
2019-01-10,28.912010192871094,28.912010192871094,28.606014251708984,28.912010192871094,89917
2019-01-11,28.82855796813965,28.912010192871094,28.55965232849121,28.82855796813965,116837
2019-01-14,28.884193420410156,28.89346694946289,28.65237808227539,28.884193420410156,59997
2019-01-15,29.579639434814453,29.672365188598633,28.74510383605957,29.579639434814453,211189
2019-01-16,30.84998893737793,31.665977478027344,29.579639434814453,30.84998893737793,798841
2019-01-17,31.332164764404297,31.387798309326172,30.506900787353516,31.332164764404297,254598
2019-01-18,32.556148529052734,32.63960266113281,31.332164764404297,32.556148529052734,777436
2019-01-21,34.06758499145508,34.299400329589844,32.45415115356445,34.06758499145508,1050698
2019-01-22,33.11250686645508,34.30867385864258,32.45415115356445,33.11250686645508,483411
2019-01-23,32.81578063964844,33.37213897705078,32.45415115356445,32.81578063964844,422547
2019-01-24,32.129608154296875,34.299400329589844,31.89779281616211,32.129608154296875,589017
2019-01-25,31.610342025756836,32.45415115356445,31.424890518188477,31.610342025756836,432925
2019-01-28,32.435604095458984,32.44487762451172,30.877805709838867,32.435604095458984,140309
2019-01-29,32.42633056640625,32.53760528564453,31.52688980102539,32.42633056640625,99791
2019-01-30,32.53760528564453,32.72305679321289,31.99051856994629,32.53760528564453,101442
2019-02-11,32.45415115356445,32.73232650756836,32.37997055053711,32.45415115356445,122087
2019-02-12,32.58396530151367,32.76014709472656,32.37997055053711,32.58396530151367,140163
2019-02-13,33.39995574951172,33.39995574951172,32.58396530151367,33.39995574951172,166488
2019-02-14,33.4834098815918,33.76158905029297,33.2886848449707,33.4834098815918,309223
2019-02-15,33.464866638183594,33.57613754272461,33.19595718383789,33.464866638183594,154204
2019-02-18,33.464866638183594,33.566864013671875,33.2886848449707,33.464866638183594,86448
2019-02-19,33.381412506103516,33.464866638183594,33.205230712890625,33.381412506103516,53086
2019-02-20,33.381412506103516,33.47413635253906,33.158870697021484,33.381412506103516,80849
2019-02-21,33.09395980834961,33.381412506103516,32.73232650756836,33.09395980834961,105931
2019-02-22,33.381412506103516,33.381412506103516,32.82505416870117,33.381412506103516,90709
2019-02-25,33.2886848449707,33.381412506103516,33.13105010986328,33.2886848449707,92802
2019-02-26,33.14959716796875,33.2886848449707,33.140323638916016,33.14959716796875,49479
2019-02-27,33.45559310913086,33.53904724121094,33.14959716796875,33.45559310913086,208190
2019-03-04,33.18668746948242,33.45559310913086,32.45415115356445,33.18668746948242,139620
2019-03-05,32.546875,33.075416564941406,32.352149963378906,32.546875,259103
2019-03-06,33.45559310913086,33.55759048461914,32.546875,33.45559310913086,240483
2019-03-07,34.299400329589844,35.33793258666992,33.381412506103516,34.299400329589844,652040
2019-03-08,34.030494689941406,34.34576416015625,33.79867935180664,34.030494689941406,256173
2019-03-11,34.42921829223633,35.13393783569336,34.095401763916016,34.42921829223633,487466
2019-03-12,34.401397705078125,34.67030334472656,34.2252197265625,34.401397705078125,294342
2019-03-13,34.47557830810547,34.883575439453125,34.20667266845703,34.47557830810547,437281
2019-03-14,33.60395431518555,34.44776153564453,33.19595718383789,33.60395431518555,409980
2019-03-15,33.84504318237305,34.20667266845703,33.52050018310547,33.84504318237305,206920
2019-03-18,33.974857330322266,33.984130859375,33.73377227783203,33.974857330322266,179240
2019-03-19,34.12322235107422,34.299400329589844,33.84504318237305,34.12322235107422,174329
2019-03-20,34.299400329589844,34.39212417602539,34.030494689941406,34.299400329589844,136912
2019-03-21,34.55903244018555,34.77230453491211,34.26231002807617,34.55903244018555,376744
2019-03-22,34.419944763183594,35.04121017456055,34.12322235107422,34.419944763183594,308762
2019-03-25,34.401397705078125,34.4848518371582,33.85431671142578,34.401397705078125,197259
2019-03-26,34.42921829223633,34.540489196777344,34.31794738769531,34.42921829223633,172991
2019-03-27,34.42921829223633,34.49412536621094,34.2252197265625,34.42921829223633,71225
2019-03-28,34.577579498291016,34.7259407043457,34.24376678466797,34.577579498291016,435052
2019-03-29,35.96847152709961,35.96847152709961,34.577579498291016,35.96847152709961,311148
2019-04-01,37.04409408569336,37.173912048339844,35.124664306640625,37.04409408569336,828430
2019-04-02,36.1631965637207,37.36863708496094,35.86647033691406,36.1631965637207,823300
2019-04-03,36.02410888671875,36.34864807128906,35.84792709350586,36.02410888671875,281998
2019-04-08,35.226661682128906,36.626827239990234,34.77230453491211,35.226661682128906,388620
2019-04-09,34.63321304321289,35.32866287231445,34.31794738769531,34.63321304321289,309193
2019-04-10,35.03193664550781,35.189571380615234,34.49412536621094,35.03193664550781,205023
2019-04-11,35.69029235839844,36.15392303466797,35.189571380615234,35.69029235839844,372338
2019-04-12,35.96847152709961,36.1631965637207,35.33793258666992,35.96847152709961,222441
2019-04-15,35.977745056152344,36.34864807128906,35.69956588745117,35.977745056152344,262498
2019-04-16,35.60683822631836,35.977745056152344,35.42138671875,35.60683822631836,327780
2019-04-17,35.708839416503906,36.135379791259766,35.495567321777344,35.708839416503906,202315
2019-04-18,35.74592971801758,36.3579216003418,35.42138671875,35.74592971801758,268716
2019-04-19,36.385738372802734,36.73809814453125,35.69029235839844,36.385738372802734,177021
2019-04-22,36.73809814453125,37.461360931396484,36.34864807128906,36.73809814453125,460713
2019-04-23,37.090457916259766,37.090457916259766,36.487735748291016,37.090457916259766,185751
2019-04-24,37.24809265136719,37.95280838012695,36.92354965209961,37.24809265136719,572248
2019-04-25,37.73026657104492,37.96208190917969,37.090457916259766,37.73026657104492,273435
2019-04-26,37.62826919555664,37.73026657104492,37.23881912231445,37.62826919555664,161128
2019-04-29,38.657527923583984,38.94498062133789,37.516998291015625,38.657527923583984,649065
2019-04-30,39.77951431274414,42.92293167114258,38.657527923583984,39.77951431274414,1541785
2019-05-02,40.150421142578125,41.72676467895508,39.59406280517578,40.150421142578125,745003
2019-05-03,40.335872650146484,40.69750213623047,40.10405731201172,40.335872650146484,431066
2019-05-06,39.62187957763672,40.46569061279297,39.40861129760742,39.62187957763672,486723
2019-05-07,39.7053337097168,39.82587814331055,39.03770446777344,39.7053337097168,411649
2019-05-08,38.78734588623047,39.71460723876953,38.351531982421875,38.78734588623047,385401
2019-05-09,37.173912048339844,38.86152648925781,36.95136642456055,37.173912048339844,471288
2019-05-10,37.65608596801758,38.48134994506836,37.36863708496094,37.65608596801758,193065
2019-05-13,37.26663589477539,37.83226776123047,36.441375732421875,37.26663589477539,301448
2019-05-14,36.626827239990234,37.26663589477539,35.51411437988281,36.626827239990234,393148
2019-05-15,37.22954559326172,37.83226776123047,36.626827239990234,37.22954559326172,219296
2019-05-16,37.19245529174805,37.36863708496094,36.932823181152344,37.19245529174805,168890
2019-05-17,37.14609146118164,38.110443115234375,36.95136642456055,37.14609146118164,367780
2019-05-20,38.008445739746094,38.42571258544922,37.30372619628906,38.008445739746094,364398
2019-05-21,37.924991607666016,38.15680694580078,37.0997314453125,37.924991607666016,412610
2019-05-22,37.83226776123047,38.110443115234375,37.35009002685547,37.83226776123047,212093
2019-05-23,37.90644836425781,38.01771926879883,37.275909423828125,37.90644836425781,235494
2019-05-24,37.18318176269531,37.99917221069336,36.905006408691406,37.18318176269531,308066
2019-05-27,37.0719108581543,37.18318176269531,36.51555633544922,37.0719108581543,214199
2019-05-28,37.155364990234375,37.28518295288086,37.01627731323242,37.155364990234375,420810
2019-05-29,36.747371673583984,37.173912048339844,36.1631965637207,36.747371673583984,177698
2019-05-30,36.728824615478516,37.04409408569336,36.53409957885742,36.728824615478516,197793
2019-05-31,37.08118438720703,37.08118438720703,36.441375732421875,37.08118438720703,174782
2019-06-03,36.914276123046875,37.08118438720703,36.58973693847656,36.914276123046875,123200
2019-06-04,36.80300521850586,37.10900115966797,36.626827239990234,36.80300521850586,322768
2019-06-05,36.07046890258789,36.812278747558594,35.69956588745117,36.07046890258789,576495
2019-06-06,35.13393783569336,36.07046890258789,35.05048370361328,35.13393783569336,612269
2019-06-10,33.381412506103516,35.23593521118164,33.381412506103516,33.381412506103516,942215
2019-06-11,36.626827239990234,36.626827239990234,32.45415115356445,36.626827239990234,509962
2019-06-12,35.412113189697266,37.090457916259766,35.05048370361328,35.412113189697266,214504
2019-06-13,34.4848518371582,35.412113189697266,33.65959167480469,34.4848518371582,137443
2019-06-14,32.556148529052734,34.4848518371582,32.36142349243164,32.556148529052734,1181078
2019-06-17,32.491241455078125,32.546875,31.424890518188477,32.491241455078125,352299
2019-06-18,32.56542205810547,32.56542205810547,31.99051856994629,32.56542205810547,368063
2019-06-19,32.45415115356445,32.63960266113281,32.08324432373047,32.45415115356445,342607
2019-06-20,32.268699645996094,32.546875,32.129608154296875,32.268699645996094,409977
2019-06-21,32.073974609375,32.39851379394531,31.434162139892578,32.073974609375,546597
2019-06-24,33.47413635253906,33.47413635253906,29.672365188598633,33.47413635253906,640796
2019-06-25,33.53904724121094,34.16031265258789,32.917781829833984,33.53904724121094,779849
2019-06-26,33.53904724121094,33.984130859375,32.63960266113281,33.27941131591797,773580
2019-06-27,33.19595718383789,33.27941131591797,32.268699645996094,32.593238830566406,981206
2019-06-28,28.55965232849121,29.2087345123291,27.817842483520508,28.976919174194336,6857592
2019-07-01,29.2087345123291,30.321449279785156,29.023283004760742,29.857818603515625,4288111
2019-07-02,29.857818603515625,31.202346801757812,29.347824096679688,31.202346801757812,3440940
2019-07-03,31.202346801757812,31.202346801757812,30.599626541137695,30.599626541137695,2728464
2019-07-04,30.785078048706055,31.15598487854004,30.6459903717041,30.970531463623047,1508743
2019-07-05,31.295072555541992,31.387798309326172,31.016895294189453,31.063257217407227,1206779
2019-07-08,31.15598487854004,31.202346801757812,30.692352294921875,30.785078048706055,661086
2019-07-09,30.785078048706055,30.970531463623047,30.692352294921875,30.692352294921875,553242
2019-07-10,30.877805709838867,30.877805709838867,29.857818603515625,30.043270111083984,1051483
2019-07-11,31.15598487854004,31.202346801757812,30.321449279785156,30.414175033569336,1500030
2019-07-12,30.599626541137695,31.15598487854004,30.228723526000977,30.692352294921875,1216787
2019-07-15,30.970531463623047,33.381412506103516,30.924169540405273,33.381412506103516,3151646
2019-07-16,32.917781829833984,34.355037689208984,32.87141799926758,33.2423210144043,2398137
2019-07-17,33.19595718383789,33.381412506103516,32.17597198486328,32.45415115356445,1478763
2019-07-18,32.68596649169922,33.381412506103516,32.500511169433594,32.917781829833984,1041993
2019-07-19,32.96414566040039,33.2886848449707,32.45415115356445,32.917781829833984,1154474
2019-07-22,33.19595718383789,33.2423210144043,32.500511169433594,32.500511169433594,1053942
2019-07-23,32.500511169433594,32.500511169433594,31.52688980102539,31.61961555480957,1098341
2019-07-24,31.52688980102539,31.80506706237793,31.24871063232422,31.434162139892578,601987
2019-07-25,31.52688980102539,32.63960266113281,31.52688980102539,31.851430892944336,527793
2019-07-26,31.758703231811523,31.89779281616211,31.3414363861084,31.89779281616211,637468
2019-07-29,31.89779281616211,32.17597198486328,31.758703231811523,32.08324432373047,476672
2019-07-30,32.03688049316406,32.08324432373047,30.83144187927246,31.063257217407227,799127
2019-07-31,30.970531463623047,30.970531463623047,30.321449279785156,30.506900787353516,505790
2019-08-01,30.599626541137695,30.599626541137695,29.765092849731445,29.81145477294922,656772
2019-08-02,29.81145477294922,29.81145477294922,28.83782958984375,29.2087345123291,847657
2019-08-05,29.62600326538086,29.62600326538086,28.55965232849121,28.606014251708984,606096
2019-08-06,27.910568237304688,29.30146026611328,27.817842483520508,29.2087345123291,569526
2019-08-07,29.255098342895508,29.30146026611328,28.74510383605957,28.791467666625977,238390
2019-08-08,28.791467666625977,29.162372589111328,28.791467666625977,29.023283004760742,214902
2019-08-12,29.023283004760742,29.06964683532715,28.55965232849121,28.55965232849121,400102
2019-08-13,28.55965232849121,28.74510383605957,28.28147315979004,28.37420082092285,354895
2019-08-14,28.37420082092285,28.930557250976562,27.910568237304688,27.910568237304688,427364
2019-08-15,27.307849884033203,27.446937561035156,26.797855377197266,26.890581130981445,752225
2019-08-16,26.890581130981445,27.168760299682617,26.84421730041504,26.983308792114258,236826
2019-08-19,27.168760299682617,27.168760299682617,26.75149154663086,26.797855377197266,404665
2019-08-20,26.797855377197266,27.354211807250977,26.65876579284668,27.076034545898438,214687
2019-08-21,27.076034545898438,27.076034545898438,26.75149154663086,26.75149154663086,275003
2019-08-22,26.797855377197266,26.84421730041504,26.75149154663086,26.75149154663086,189806
2019-08-23,26.75149154663086,26.983308792114258,26.75149154663086,26.75149154663086,157560
2019-08-26,26.287860870361328,26.705129623413086,26.00968360900879,26.056045532226562,350494
2019-08-27,26.056045532226562,27.63239097595215,25.777868270874023,27.02967071533203,851066
2019-08-28,26.983308792114258,27.817842483520508,26.983308792114258,27.446937561035156,622478
2019-08-29,27.446937561035156,28.09602165222168,27.446937561035156,28.0032958984375,588075
2019-08-30,28.0032958984375,28.28147315979004,27.864206314086914,28.049657821655273,360200
2019-09-02,28.049657821655273,28.55965232849121,28.049657821655273,28.37420082092285,521967
2019-09-03,28.420562744140625,28.83782958984375,28.18874740600586,28.420562744140625,358043
2019-09-04,28.513288497924805,28.791467666625977,28.0032958984375,28.420562744140625,537249
2019-09-05,28.37420082092285,28.698741912841797,28.0032958984375,28.18874740600586,455103
2019-09-06,28.37420082092285,28.513288497924805,27.864206314086914,28.46692657470703,305199
2019-09-10,28.049657821655273,28.55965232849121,27.817842483520508,28.28147315979004,409808
2019-09-11,28.049657821655273,28.28147315979004,27.864206314086914,28.142383575439453,319219
2019-09-12,28.18874740600586,28.235109329223633,27.910568237304688,28.142383575439453,203826
2019-09-16,28.28147315979004,28.513288497924805,27.864206314086914,28.0032958984375,330435
2019-09-17,27.864206314086914,28.327836990356445,27.864206314086914,28.09602165222168,293552
2019-09-18,28.235109329223633,28.235109329223633,27.817842483520508,27.910568237304688,307356
2019-09-19,28.18874740600586,28.791467666625977,28.18874740600586,28.55965232849121,705302
2019-09-20,28.698741912841797,28.884193420410156,27.910568237304688,27.956932067871094,805963
2019-09-23,27.817842483520508,28.18874740600586,27.771480560302734,28.049657821655273,203933
2019-09-24,28.049657821655273,28.420562744140625,27.817842483520508,28.327836990356445,259905
2019-09-25,28.327836990356445,28.65237808227539,27.910568237304688,28.235109329223633,529516
2019-09-26,28.235109329223633,28.235109329223633,27.864206314086914,28.09602165222168,230787
2019-09-27,27.910568237304688,28.235109329223633,27.771480560302734,28.049657821655273,269718
2019-10-01,28.09602165222168,28.28147315979004,27.771480560302734,28.09602165222168,315069
2019-10-02,27.864206314086914,28.28147315979004,27.817842483520508,28.09602165222168,630890
2019-10-03,28.09602165222168,28.28147315979004,27.864206314086914,28.28147315979004,552163
2019-10-04,28.46692657470703,28.513288497924805,27.817842483520508,28.18874740600586,492849
2019-10-07,28.18874740600586,28.28147315979004,27.817842483520508,28.18874740600586,372063
2019-10-08,28.0032958984375,28.142383575439453,27.817842483520508,28.049657821655273,238336
2019-10-09,28.049657821655273,28.09602165222168,27.307849884033203,27.771480560302734,408730
2019-10-14,27.910568237304688,28.049657821655273,27.678754806518555,27.817842483520508,231887
2019-10-15,27.539663314819336,27.771480560302734,27.168760299682617,27.63239097595215,337563
2019-10-16,27.63239097595215,27.63239097595215,27.076034545898438,27.539663314819336,202747
2019-10-17,27.493301391601562,27.725116729736328,27.168760299682617,27.63239097595215,226796
2019-10-18,27.63239097595215,27.956932067871094,27.354211807250977,27.910568237304688,301254
2019-10-21,27.63239097595215,27.63239097595215,27.354211807250977,27.63239097595215,285841
2019-10-22,27.493301391601562,27.539663314819336,27.168760299682617,27.539663314819336,173836
2019-10-23,27.354211807250977,27.539663314819336,27.076034545898438,27.12239646911621,181717
2019-10-24,27.261486053466797,27.817842483520508,27.261486053466797,27.678754806518555,391475
2019-10-25,27.725116729736328,27.956932067871094,27.21512222290039,27.354211807250977,360308
2019-10-28,27.168760299682617,27.725116729736328,27.076034545898438,27.354211807250977,341974
2019-10-29,27.493301391601562,27.586027145385742,26.93694305419922,27.21512222290039,321484
2019-10-30,27.307849884033203,27.307849884033203,27.02967071533203,27.168760299682617,240600
2019-10-31,27.261486053466797,27.307849884033203,26.983308792114258,27.21512222290039,210694
2019-11-01,27.63239097595215,27.725116729736328,27.21512222290039,27.725116729736328,485300
2019-11-04,27.817842483520508,27.956932067871094,27.446937561035156,27.63239097595215,411965
2019-11-05,27.725116729736328,27.910568237304688,27.307849884033203,27.354211807250977,491770
2019-11-06,27.354211807250977,27.446937561035156,27.02967071533203,27.076034545898438,387161
2019-11-07,27.21512222290039,27.21512222290039,26.890581130981445,26.983308792114258,416279
2019-11-08,27.02967071533203,27.12239646911621,26.84421730041504,27.02967071533203,280934
2019-11-11,27.02967071533203,27.446937561035156,26.890581130981445,26.890581130981445,270689
2019-11-12,26.890581130981445,27.307849884033203,26.797855377197266,26.93694305419922,352651
2019-11-13,26.983308792114258,27.261486053466797,26.84421730041504,26.983308792114258,392553
2019-11-14,26.983308792114258,26.983308792114258,26.287860870361328,26.84421730041504,418436
2019-11-15,26.612403869628906,26.890581130981445,26.287860870361328,26.797855377197266,546803
2019-11-18,26.84421730041504,26.84421730041504,25.963319778442383,26.426950454711914,598536
2019-11-19,26.148771286010742,26.241498947143555,25.91695785522461,26.148771286010742,262062
2019-11-20,25.91695785522461,25.91695785522461,25.406963348388672,25.406963348388672,559712
2019-11-21,25.221511840820312,26.287860870361328,25.1287841796875,25.870594024658203,404416
2019-11-22,25.870594024658203,25.91695785522461,25.314237594604492,25.731504440307617,395789
2019-11-25,25.963319778442383,25.963319778442383,25.49968910217285,25.546052932739258,85197
2019-11-26,25.546052932739258,25.731504440307617,25.49968910217285,25.68514060974121,116472
2019-11-27,25.49968910217285,25.68514060974121,25.406963348388672,25.49968910217285,153139
2019-11-28,25.777868270874023,25.91695785522461,25.638778686523438,25.870594024658203,260983
2019-11-29,26.38058853149414,26.38058853149414,25.638778686523438,25.638778686523438,294415
2019-12-02,25.68514060974121,26.612403869628906,25.68514060974121,25.68514060974121,275003
2019-12-03,25.546052932739258,26.241498947143555,25.49968910217285,26.148771286010742,400102
2019-12-04,26.056045532226562,26.334224700927734,25.731504440307617,25.824230194091797,237257
2019-12-05,26.056045532226562,26.19513511657715,25.59241485595703,25.68514060974121,281474
2019-12-06,25.963319778442383,26.00968360900879,25.406963348388672,25.68514060974121,229708
2019-12-09,25.731504440307617,25.91695785522461,25.406963348388672,25.49968910217285,354808
2019-12-10,25.406963348388672,25.638778686523438,25.267873764038086,25.267873764038086,323533
2019-12-11,25.59241485595703,25.91695785522461,25.406963348388672,25.59241485595703,268532
2019-12-12,25.68514060974121,26.334224700927734,25.68514060974121,25.777868270874023,382847
2019-12-13,25.731504440307617,26.241498947143555,25.49968910217285,25.49968910217285,457260
2019-12-16,25.731504440307617,25.963319778442383,25.453325271606445,25.638778686523438,323533
2019-12-17,25.68514060974121,26.056045532226562,25.406963348388672,25.406963348388672,320298
2019-12-18,25.731504440307617,25.870594024658203,25.360599517822266,25.360599517822266,283630
2019-12-19,25.731504440307617,25.731504440307617,25.314237594604492,25.406963348388672,223238
2019-12-20,25.59241485595703,25.68514060974121,25.314237594604492,25.406963348388672,170394
2019-12-23,25.267873764038086,25.406963348388672,25.221511840820312,25.221511840820312,184414
2019-12-24,25.49968910217285,25.49968910217285,25.175148010253906,25.360599517822266,86275
2019-12-25,25.453325271606445,25.453325271606445,25.175148010253906,25.221511840820312,62549
2019-12-26,25.360599517822266,25.406963348388672,25.1287841796875,25.175148010253906,38824
2019-12-27,25.360599517822266,25.49968910217285,25.1287841796875,25.221511840820312,209218
2019-12-30,25.175148010253906,25.453325271606445,25.175148010253906,25.221511840820312,67942
2019-12-31,25.406963348388672,25.546052932739258,25.360599517822266,25.453325271606445,235100
2020-01-02,25.68514060974121,25.68514060974121,25.314237594604492,25.314237594604492,75491
2020-01-03,25.314237594604492,25.314237594604492,25.082422256469727,25.1287841796875,170490
2020-01-06,25.175148010253906,25.175148010253906,24.85060691833496,25.1287841796875,122942
2020-01-07,24.94333267211914,25.03605842590332,24.57242774963379,24.85060691833496,211375
2020-01-08,24.896968841552734,24.896968841552734,24.016071319580078,24.108797073364258,189806
2020-01-09,24.108797073364258,24.108797073364258,23.83061981201172,23.876981735229492,113236
2020-01-10,24.108797073364258,24.711517333984375,23.969707489013672,24.247886657714844,244806
2020-01-13,24.247886657714844,24.340612411499023,24.06243324279785,24.108797073364258,155296
2020-01-14,23.969707489013672,24.155160903930664,23.9233455657959,24.108797073364258,212453
2020-01-15,24.108797073364258,24.108797073364258,23.274261474609375,23.50607681274414,334317
2020-01-16,23.459714889526367,23.6915283203125,23.41335105895996,23.41335105895996,190884
2020-01-17,23.41335105895996,23.645166397094727,23.274261474609375,23.41335105895996,139331
2020-01-20,23.41335105895996,23.552440643310547,23.274261474609375,23.366987228393555,85213
2020-01-30,23.181535720825195,23.366987228393555,21.651554107666016,21.7906436920166,333239
2020-01-31,21.60519027709961,22.254274368286133,21.60519027709961,21.744279861450195,307954
2020-02-03,21.697917938232422,21.697917938232422,19.982484817504883,20.492477416992188,435691
2020-02-04,22.4860897064209,22.532453536987305,21.7906436920166,22.532453536987305,929619
2020-02-05,24.75787925720215,24.75787925720215,24.75787925720215,24.75787925720215,187649
2020-02-06,27.21512222290039,27.21512222290039,27.21512222290039,27.21512222290039,413044
2020-02-07,25.963319778442383,27.12239646911621,24.526065826416016,26.519676208496094,1888933
2020-02-10,26.47331428527832,26.612403869628906,25.963319778442383,26.519676208496094,590416
2020-02-11,26.519676208496094,26.93694305419922,26.00968360900879,26.47331428527832,401181
2020-02-12,26.797855377197266,26.797855377197266,26.38058853149414,26.38058853149414,296572
2020-02-13,26.612403869628906,26.612403869628906,25.453325271606445,25.59241485595703,461574
2020-02-14,26.65876579284668,28.142383575439453,26.612403869628906,27.725116729736328,2302884
2020-02-17,27.539663314819336,28.09602165222168,26.519676208496094,28.049657821655273,1513057
2020-02-18,28.698741912841797,30.18235969543457,28.235109329223633,29.579639434814453,3143665
2020-02-19,28.606014251708984,29.533275604248047,28.142383575439453,28.606014251708984,1479625
2020-02-20,28.606014251708984,28.976919174194336,28.28147315979004,28.420562744140625,699910
2020-02-21,28.74510383605957,29.857818603515625,28.74510383605957,29.347824096679688,1671601
2020-02-24,29.62600326538086,30.599626541137695,29.62600326538086,29.9041805267334,2224830
2020-02-25,29.857818603515625,29.857818603515625,28.83782958984375,28.930557250976562,1550803
2020-02-26,28.930557250976562,28.930557250976562,28.18874740600586,28.18874740600586,774323
2020-02-27,28.28147315979004,28.46692657470703,26.890581130981445,27.261486053466797,786186
2020-03-02,27.817842483520508,28.0032958984375,27.261486053466797,27.771480560302734,695596
2020-03-03,27.864206314086914,27.864206314086914,27.354211807250977,27.446937561035156,587752
2020-03-04,27.446937561035156,27.446937561035156,26.705129623413086,26.93694305419922,583438
2020-03-05,27.817842483520508,28.65237808227539,27.586027145385742,27.678754806518555,1311388
2020-03-06,28.606014251708984,30.414175033569336,28.28147315979004,30.414175033569336,5309182
2020-03-09,32.546875,33.42777633666992,31.52688980102539,33.42777633666992,5580950
2020-03-10,33.84504318237305,36.39501190185547,30.460538864135742,34.16958236694336,8132549
2020-03-11,33.84504318237305,35.32866287231445,32.63960266113281,34.30867385864258,3327001
2020-03-12,34.6795768737793,35.189571380615234,31.063257217407227,31.202346801757812,3654848
2020-03-13,31.202346801757812,31.202346801757812,31.202346801757812,31.202346801757812,0
2020-03-16,28.930557250976562,30.599626541137695,28.09602165222168,28.46692657470703,2440519
2020-03-17,25.963319778442383,27.446937561035156,25.963319778442383,25.963319778442383,1947670
2020-03-18,28.235109329223633,28.235109329223633,26.38058853149414,26.426950454711914,1751393
2020-03-19,26.426950454711914,26.426950454711914,23.784255981445312,23.83061981201172,2054436
2020-03-20,25.824230194091797,25.963319778442383,25.03605842590332,25.638778686523438,1433252
2020-03-23,23.50607681274414,24.294248580932617,23.135173797607422,23.645166397094727,777558
2020-03-24,23.737892150878906,24.47970199584961,23.181535720825195,23.41335105895996,840108
2020-03-25,23.645166397094727,24.294248580932617,23.366987228393555,23.459714889526367,720400
2020-03-26,24.016071319580078,25.777868270874023,23.459714889526367,25.777868270874023,1648941
2020-03-27,25.963319778442383,27.817842483520508,25.963319778442383,27.076034545898438,2794249
2020-03-30,26.148771286010742,27.307849884033203,26.148771286010742,26.47331428527832,1107562
2020-03-31,26.612403869628906,26.65876579284668,25.731504440307617,25.963319778442383,909128
2020-04-01,25.963319778442383,26.890581130981445,25.777868270874023,26.38058853149414,477750
2020-04-06,26.426950454711914,28.55965232849121,26.426950454711914,27.771480560302734,1434331
2020-04-07,27.817842483520508,28.55965232849121,27.02967071533203,27.168760299682617,1147464
2020-04-08,27.354211807250977,27.956932067871094,27.076034545898438,27.539663314819336,1552960
2020-04-09,28.0032958984375,28.09602165222168,27.307849884033203,27.354211807250977,1042855
2020-04-10,28.28147315979004,30.08963394165039,27.63239097595215,30.08963394165039,2835230
2020-04-13,31.434162139892578,32.917781829833984,31.24871063232422,32.917781829833984,6262527
2020-04-14,32.917781829833984,33.103233337402344,31.61961555480957,31.99051856994629,4077598
2020-04-15,32.17597198486328,32.268699645996094,30.460538864135742,30.692352294921875,3179254
2020-04-16,30.36781120300293,31.016895294189453,29.347824096679688,30.043270111083984,1875414
2020-04-17,31.434162139892578,31.434162139892578,30.043270111083984,30.228723526000977,1845218
2020-04-20,30.599626541137695,32.36142349243164,30.599626541137695,32.03688049316406,3506023
2020-04-21,31.71234130859375,33.381412506103516,30.321449279785156,32.82505416870117,5889385
2020-04-22,33.119041442871094,34.023155212402344,32.45285415649414,33.07145690917969,3275203
2020-04-23,36.35481262207031,36.35481262207031,36.35481262207031,36.35481262207031,17862
2020-04-24,39.971256256103516,39.971256256103516,39.971256256103516,39.971256256103516,2483984
2020-04-27,43.9683837890625,43.9683837890625,43.778045654296875,43.9683837890625,19933873
2020-04-28,44.349063873291016,45.58626937866211,42.58842468261719,44.63457107543945,14836660
2020-04-29,43.54011917114258,44.53940200805664,41.589141845703125,44.39664840698242,7513949
2020-04-30,44.39664840698242,45.68143844604492,42.9691047668457,44.06355285644531,6675446
2020-05-04,43.778045654296875,48.44135665893555,43.01668930053711,48.44135665893555,12456700
2020-05-05,50.34475326538086,53.1998405456543,49.488224029541016,53.1998405456543,12095240
2020-05-06,55.95976257324219,58.434173583984375,48.0606803894043,48.0606803894043,12167742
2020-05-07,48.63169860839844,50.43992233276367,44.39664840698242,49.488224029541016,9278166
2020-05-08,48.72686767578125,48.72686767578125,44.53940200805664,44.53940200805664,7069479
2020-05-11,40.161598205566406,40.161598205566406,40.114013671875,40.114013671875,3529486
2020-05-12,36.64031982421875,41.351219177246094,36.64031982421875,40.542274475097656,5234861
2020-05-13,40.35193634033203,44.58698654174805,40.35193634033203,44.58698654174805,5771797
2020-05-14,44.349063873291016,47.251739501953125,42.82634735107422,42.82634735107422,6855125
2020-05-15,41.3988037109375,42.82634735107422,39.971256256103516,42.302913665771484,6140612
2020-05-18,42.82634735107422,46.490379333496094,42.82634735107422,46.490379333496094,7772434
2020-05-19,47.15656661987305,48.536529541015625,44.58698654174805,47.394493103027344,8888336
2020-05-20,47.394493103027344,52.057804107666016,45.68143844604492,51.9626350402832,14179938
2020-05-21,52.34331512451172,56.53078079223633,52.34331512451172,53.1998405456543,13501150
2020-05-22,54.5322151184082,57.76798629760742,53.39018249511719,55.95976257324219,12012231
2020-05-25,56.91145706176758,61.4796028137207,55.198402404785156,61.194091796875,13890981
2020-05-26,62.81197738647461,65.66706848144531,59.38587188720703,61.38443374633789,14799884
2020-05-27,61.38443374633789,62.050621032714844,55.48391342163086,56.245269775390625,12221331
2020-05-28,54.246707916259766,57.95832443237305,52.15297317504883,54.91289520263672,8271543
2020-05-29,56.054931640625,58.9100227355957,54.34187698364258,58.52934265136719,8154909
2020-06-01,59.005191802978516,59.861717224121094,56.15010070800781,56.53078079223633,7030601
2020-06-02,56.245269775390625,57.10179901123047,52.43848419189453,54.34187698364258,7253361
2020-06-03,55.198402404785156,56.816287994384766,53.4853515625,55.38874435424805,5202288
2020-06-04,55.198402404785156,55.95976257324219,52.91433334350586,53.39018249511719,5003695
2020-06-05,52.248146057128906,54.34187698364258,51.39161682128906,52.91433334350586,3872032
2020-06-08,53.86602783203125,54.5322151184082,49.58339309692383,49.86890411376953,5999811
2020-06-09,50.43992233276367,54.817726135253906,48.536529541015625,54.817726135253906,7442497
2020-06-10,55.198402404785156,59.956886291503906,55.198402404785156,58.9100227355957,13384517
2020-06-11,58.9100227355957,59.38587188720703,53.1998405456543,53.86602783203125,10033659
2020-06-12,51.39161682128906,56.62594985961914,51.39161682128906,55.95976257324219,5301058
2020-06-15,57.10179901123047,59.005191802978516,56.15010070800781,57.387306213378906,8687642
2020-06-16,58.434173583984375,58.434173583984375,55.48391342163086,55.674251556396484,6879292
2020-06-17,56.435611724853516,61.194091796875,55.198402404785156,61.194091796875,17723084
2020-06-18,60.1472282409668,62.52647018432617,58.62451171875,59.48103713989258,14606545
2020-06-19,60.432735443115234,60.432735443115234,56.91145706176758,56.91145706176758,8962940
2020-06-22,57.10179901123047,59.19552993774414,56.91145706176758,59.005191802978516,6239383
2020-06-23,59.38587188720703,59.76654815673828,56.62594985961914,56.72111892700195,5323124
2020-06-24,57.10179901123047,57.67281723022461,52.34331512451172,54.05636978149414,9007071
2020-06-29,55.00806427001953,59.005191802978516,54.722557067871094,58.14866256713867,7386807
2020-06-30,57.387306213378906,57.76798629760742,55.293575286865234,55.674251556396484,5669873
2020-07-01,55.95976257324219,56.34043884277344,54.34187698364258,55.103233337402344,4348024
2020-07-02,55.48391342163086,57.57764434814453,55.198402404785156,56.15010070800781,4835574
2020-07-03,56.62594985961914,57.10179901123047,55.48391342163086,56.91145706176758,3784819
2020-07-06,58.71968078613281,59.576210021972656,57.19696807861328,57.19696807861328,6715375
2020-07-07,57.387306213378906,58.05349349975586,54.817726135253906,54.817726135253906,4539261
2020-07-08,55.7694206237793,56.91145706176758,55.103233337402344,55.293575286865234,4231390
2020-07-09,55.7694206237793,58.05349349975586,54.722557067871094,57.19696807861328,8006753
2020-07-10,57.863155364990234,57.95832443237305,53.77085876464844,54.91289520263672,5758137
2020-07-13,55.674251556396484,55.674251556396484,53.1998405456543,53.29500961303711,3838408
2020-07-14,53.58052062988281,54.627384185791016,51.39161682128906,51.58195877075195,3919316
2020-07-15,52.533653259277344,52.533653259277344,48.15584945678711,49.3930549621582,5616285
2020-07-16,52.15297317504883,52.15297317504883,50.059242248535156,50.915771484375,3639815
2020-07-17,50.915771484375,51.01094055175781,45.82419204711914,47.58483123779297,5973542
2020-07-20,47.20415115356445,49.20271682739258,43.30219650268555,48.44135665893555,4621220
2020-07-21,48.44135665893555,49.20271682739258,46.72830581665039,47.58483123779297,2350538
2020-07-22,47.870338439941406,49.3930549621582,47.870338439941406,47.870338439941406,2294848
2020-07-23,48.82203674316406,48.917205810546875,47.10898208618164,47.58483123779297,1782080
2020-07-24,47.68000030517578,48.536529541015625,46.25245666503906,46.25245666503906,1560371
2020-07-27,46.490379333496094,47.58483123779297,42.06499099731445,42.35049819946289,3822646
2020-07-28,41.82706832885742,42.731178283691406,38.8292236328125,42.302913665771484,4215629
2020-07-29,43.778045654296875,44.20630645751953,42.82634735107422,43.11185836791992,1868242
2020-07-30,43.587703704833984,47.394493103027344,43.207027435302734,47.394493103027344,3259442
2020-07-31,47.01381301879883,50.15441131591797,45.68143844604492,48.82203674316406,4857640
2020-08-03,53.675689697265625,53.675689697265625,53.675689697265625,53.675689697265625,2175062
2020-08-04,59.005191802978516,59.005191802978516,59.005191802978516,59.005191802978516,2896931
2020-08-05,64.2395248413086,64.2395248413086,59.19552993774414,60.90858459472656,18875762
2020-08-06,60.81341552734375,61.95545196533203,59.10036087036133,59.48103713989258,9424221
2020-08-07,59.48103713989258,59.48103713989258,54.91289520263672,58.05349349975586,4612814
2020-08-10,58.05349349975586,58.52934265136719,55.57908248901367,56.15010070800781,2965230
2020-08-11,57.10179901123047,57.10179901123047,54.246707916259766,54.34187698364258,2209737
2020-08-12,54.722557067871094,56.15010070800781,54.43704605102539,55.00806427001953,2052124
2020-08-13,55.103233337402344,55.103233337402344,51.77229690551758,51.77229690551758,2594314
2020-08-14,51.39161682128906,53.29500961303711,50.43992233276367,53.00950241088867,1978571
2020-08-17,53.77085876464844,53.77085876464844,52.15297317504883,52.628822326660156,1326052
2020-08-18,54.15153884887695,57.10179901123047,54.15153884887695,55.95976257324219,3224767
2020-08-19,56.245269775390625,57.10179901123047,54.722557067871094,55.198402404785156,2616379
2020-08-20,55.48391342163086,55.674251556396484,49.67856216430664,52.34331512451172,3473796
2020-08-21,54.5322151184082,56.72111892700195,53.104671478271484,55.95976257324219,5973542
2020-08-24,55.95976257324219,57.67281723022461,53.29500961303711,53.77085876464844,7027449
2020-08-25,54.246707916259766,55.57908248901367,51.58195877075195,53.77085876464844,5516463
2020-08-26,52.533653259277344,55.103233337402344,52.533653259277344,53.86602783203125,4028594
2020-08-27,53.86602783203125,58.71968078613281,53.58052062988281,56.62594985961914,14561362
2020-08-28,62.24095916748047,62.24095916748047,62.24095916748047,62.24095916748047,5326277
2020-08-31,60.62307357788086,62.145790100097656,58.71968078613281,59.10036087036133,17516085
2020-09-01,60.432735443115234,61.76511001586914,59.19552993774414,61.38443374633789,10874263
2020-09-02,60.33756637573242,61.574771881103516,59.29069900512695,59.76654815673828,8598328
2020-09-03,59.10036087036133,59.76654815673828,56.054931640625,57.76798629760742,11388082
2020-09-04,56.34043884277344,59.19552993774414,56.15010070800781,58.81485366821289,7477172
2020-09-07,58.81485366821289,61.09892272949219,58.33900451660156,59.576210021972656,9777275
2020-09-08,64.71537017822266,65.47673034667969,62.52647018432617,65.47673034667969,21801064
2020-09-09,62.33612823486328,65.95257568359375,60.432735443115234,60.62307357788086,22849718
2020-09-10,62.33612823486328,64.04918670654297,59.576210021972656,59.956886291503906,11606639
2020-09-11,59.48103713989258,60.90858459472656,58.81485366821289,59.76654815673828,5848502
2020-09-14,65.66706848144531,65.66706848144531,60.62307357788086,61.003753662109375,52312888
2020-09-15,61.574771881103516,63.66850662231445,60.71824645996094,63.002315521240234,8066646
2020-09-16,62.33612823486328,63.66850662231445,61.003753662109375,61.4796028137207,6960201
2020-09-17,61.4796028137207,62.90714645385742,61.194091796875,62.145790100097656,5200186
2020-09-18,61.95545196533203,63.28782653808594,61.38443374633789,61.4796028137207,5808573
2020-09-21,61.95545196533203,62.145790100097656,60.05205535888672,60.24239730834961,4541363
2020-09-22,60.81341552734375,60.90858459472656,59.10036087036133,59.10036087036133,3468542
2020-09-23,59.576210021972656,60.24239730834961,58.434173583984375,59.38587188720703,3164874
2020-09-24,59.48103713989258,60.52790451049805,58.62451171875,59.38587188720703,3848915
2020-09-25,59.38587188720703,59.861717224121094,54.246707916259766,55.38874435424805,6934983
2020-09-28,60.62307357788086,60.90858459472656,60.1472282409668,60.90858459472656,4309146
2020-09-29,62.81197738647461,63.192657470703125,59.29069900512695,59.956886291503906,11405945
2020-09-30,60.24239730834961,60.62307357788086,59.29069900512695,59.956886291503906,2976788
2020-10-05,61.76511001586914,62.81197738647461,60.05205535888672,60.24239730834961,5786507
2020-10-06,60.432735443115234,61.09892272949219,60.05205535888672,61.003753662109375,2398873
2020-10-07,60.71824645996094,61.38443374633789,59.67137908935547,59.956886291503906,2474528
2020-10-08,60.05205535888672,60.432735443115234,58.33900451660156,59.576210021972656,4030696
2020-10-12,62.145790100097656,62.621639251708984,58.434173583984375,58.434173583984375,7342675
2020-10-13,58.9100227355957,58.9100227355957,54.34187698364258,56.435611724853516,8537384
2020-10-14,55.95976257324219,57.67281723022461,55.38874435424805,57.19696807861328,5445012
2020-10-15,57.10179901123047,57.10179901123047,55.674251556396484,56.054931640625,2733013
2020-10-16,56.15010070800781,58.9100227355957,55.864593505859375,58.24383544921875,5365155
2020-10-19,58.24383544921875,59.005191802978516,56.34043884277344,56.53078079223633,4219832
2020-10-20,56.62594985961914,57.292137145996094,55.57908248901367,55.864593505859375,2972585
2020-10-21,56.34043884277344,56.34043884277344,55.00806427001953,55.293575286865234,2367351
2020-10-22,55.293575286865234,55.674251556396484,52.533653259277344,53.58052062988281,4860792
2020-10-23,53.4853515625,55.38874435424805,53.29500961303711,54.5322151184082,3047189
2020-10-26,54.91289520263672,55.00806427001953,52.15297317504883,52.248146057128906,6234129
2020-10-27,52.15297317504883,53.58052062988281,51.86746597290039,52.15297317504883,4096893
2020-10-28,52.81916427612305,52.91433334350586,50.535091400146484,50.82059860229492,5469179
2020-10-29,50.24958038330078,52.34331512451172,50.059242248535156,51.677127838134766,5103517
2020-10-30,52.248146057128906,52.248146057128906,49.67856216430664,49.964073181152344,3719672
2020-11-02,50.059242248535156,52.533653259277344,49.3930549621582,51.106109619140625,6676497
2020-11-03,51.20127868652344,52.248146057128906,51.106109619140625,51.58195877075195,2742470
2020-11-04,52.34331512451172,52.34331512451172,50.82059860229492,52.15297317504883,1713781
2020-11-05,52.057804107666016,52.72399139404297,51.48678970336914,51.48678970336914,2661562
2020-11-06,53.00950241088867,53.00950241088867,51.58195877075195,51.58195877075195,2845444
2020-11-09,52.248146057128906,52.628822326660156,51.58195877075195,51.58195877075195,1413265
2020-11-10,51.58195877075195,52.34331512451172,49.58339309692383,50.059242248535156,2828632
2020-11-11,50.15441131591797,50.6302604675293,49.29788589477539,49.3930549621582,1743202
2020-11-12,49.01237487792969,49.86890411376953,47.251739501953125,47.299320220947266,4190410
2020-11-13,47.394493103027344,49.29788589477539,46.15728759765625,49.29788589477539,3089219
2020-11-16,49.3930549621582,49.77373504638672,48.25101852416992,48.44135665893555,1911323
2020-11-17,48.63169860839844,49.3930549621582,47.44207763671875,48.15584945678711,1954404
2020-11-18,47.870338439941406,50.15441131591797,47.870338439941406,49.488224029541016,2032160
2020-11-19,49.488224029541016,51.58195877075195,49.29788589477539,50.34475326538086,2454563
2020-11-20,50.34475326538086,51.01094055175781,49.20271682739258,49.20271682739258,1493122
2020-11-23,51.01094055175781,51.01094055175781,49.01237487792969,49.107547760009766,1204165
2020-11-24,48.917205810546875,49.488224029541016,47.68000030517578,47.870338439941406,1267210
2020-11-25,49.488224029541016,50.915771484375,48.44135665893555,48.536529541015625,2512355
2020-11-26,49.3930549621582,49.58339309692383,48.346187591552734,48.44135665893555,1196809
2020-11-27,48.25101852416992,49.20271682739258,48.25101852416992,48.63169860839844,1019232
2020-11-30,48.72686767578125,49.29788589477539,48.44135665893555,48.72686767578125,1060211
2020-12-01,49.3930549621582,49.3930549621582,48.44135665893555,48.44135665893555,1011877
2020-12-02,48.82203674316406,49.77373504638672,48.346187591552734,49.488224029541016,1251449
2020-12-03,51.39161682128906,53.104671478271484,49.488224029541016,49.488224029541016,5335733
2020-12-04,49.964073181152344,50.059242248535156,48.917205810546875,48.917205810546875,1188403
2020-12-07,49.488224029541016,49.488224029541016,47.775169372558594,47.870338439941406,1434280
2020-12-08,47.870338439941406,49.20271682739258,47.489662170410156,47.58483123779297,1715882
2020-12-09,47.68000030517578,48.0606803894043,46.7758903503418,46.7758903503418,1833567
2020-12-10,47.10898208618164,47.34690856933594,46.204872131347656,46.25245666503906,1306088
2020-12-11,46.680721282958984,46.680721282958984,44.77732467651367,44.920082092285156,1996434
2020-12-14,45.01525115966797,45.96694564819336,44.920082092285156,45.253173828125,908903
2020-12-15,45.253173828125,45.5386848449707,43.444950103759766,43.444950103759766,1625517
2020-12-16,43.444950103759766,44.2538948059082,41.446388244628906,43.30219650268555,2793957
2020-12-17,43.778045654296875,43.920799255371094,42.9691047668457,43.207027435302734,901547
2020-12-18,43.15944290161133,45.15800476074219,43.15944290161133,45.01525115966797,1728491
2020-12-21,44.53940200805664,44.729740142822266,43.87321472167969,43.87321472167969,1176845
2020-12-22,44.58698654174805,47.394493103027344,44.2538948059082,46.5379638671875,2895880
2020-12-23,47.53724670410156,47.53724670410156,45.205589294433594,45.253173828125,2439853
2020-12-24,45.58626937866211,45.72902297973633,44.729740142822266,45.062835693359375,760746
2020-12-25,45.5386848449707,46.63313674926758,44.96766662597656,46.585548400878906,1464752
2020-12-28,46.918643951416016,47.394493103027344,45.87177658081055,45.87177658081055,1118003
2020-12-29,45.96694564819336,47.68000030517578,45.72902297973633,47.58483123779297,1881902
2020-12-30,48.63169860839844,49.488224029541016,47.251739501953125,47.58483123779297,2829683
2020-12-31,47.58483123779297,47.870338439941406,44.44423294067383,44.729740142822266,3921417
2021-01-04,44.729740142822266,45.44351577758789,41.96982192993164,42.20774459838867,3669236
2021-01-05,43.30219650268555,43.444950103759766,42.25532913208008,42.493255615234375,1400656
2021-01-06,42.54084014892578,43.25461196899414,41.208465576171875,41.25605010986328,1521493
2021-01-07,42.54084014892578,42.54084014892578,41.731895446777344,41.731895446777344,820639
2021-01-08,42.06499099731445,42.302913665771484,41.25605010986328,41.446388244628906,825893
2021-01-11,41.208465576171875,41.208465576171875,39.78091812133789,39.8285026550293,1710629
2021-01-12,39.92367172241211,42.35049819946289,39.92367172241211,41.68431091308594,2737216
2021-01-13,41.68431091308594,41.68431091308594,39.8285026550293,39.8285026550293,1593995
2021-01-14,39.78091812133789,40.447105407714844,39.11473083496094,39.11473083496094,1053907
2021-01-15,39.20989990234375,39.971256256103516,37.11616897583008,37.3065071105957,2891677
2021-01-18,37.972694396972656,39.35265350341797,37.401676177978516,37.401676177978516,1627619
2021-01-19,38.02027893066406,38.63888168334961,37.11616897583008,37.877525329589844,1186302
2021-01-20,38.97197723388672,39.20989990234375,38.16303634643555,38.25820541381836,1643380
2021-01-21,38.686466217041016,38.8292236328125,37.401676177978516,37.401676177978516,1043399
2021-01-22,37.734771728515625,37.877525329589844,37.11616897583008,37.163753509521484,690346
2021-01-25,38.35337448120117,39.30507278442383,38.11545181274414,38.11545181274414,1519391
2021-01-26,38.25820541381836,38.73405456542969,37.82994079589844,38.11545181274414,856365
2021-01-27,38.686466217041016,38.686466217041016,37.68718719482422,37.82994079589844,524326
2021-01-28,37.734771728515625,37.877525329589844,37.163753509521484,37.163753509521484,670381
2021-01-29,37.163753509521484,37.63960266113281,36.64031982421875,36.64031982421875,750239
2021-02-01,36.97341537475586,39.49541091918945,36.64031982421875,37.401676177978516,1915526
2021-02-02,37.401676177978516,37.63960266113281,36.97341537475586,37.401676177978516,513819
2021-02-03,38.21062088012695,40.73261642456055,37.82994079589844,40.25676727294922,3847864
2021-02-04,40.58986282348633,44.2538948059082,39.971256256103516,44.2538948059082,8631952
2021-02-05,44.2538948059082,48.346187591552734,43.15944290161133,45.68143844604492,19973801
2021-02-17,47.58483123779297,49.01237487792969,46.63313674926758,46.96622848510742,7342675
2021-02-18,46.96622848510742,51.58195877075195,46.96622848510742,51.58195877075195,8505861
2021-02-19,53.77085876464844,56.72111892700195,53.104671478271484,56.72111892700195,13848950
2021-02-22,62.33612823486328,62.33612823486328,62.33612823486328,62.33612823486328,2419888
2021-02-23,68.33181762695312,68.33181762695312,56.15010070800781,59.005191802978516,11685446
2021-02-24,59.956886291503906,61.86028289794922,55.674251556396484,60.90858459472656,6354966
2021-02-25,61.574771881103516,66.42842864990234,61.4796028137207,63.47816467285156,7458258
2021-02-26,59.005191802978516,61.86028289794922,59.005191802978516,61.38443374633789,1666497
2021-03-02,65.76223754882812,65.76223754882812,59.576210021972656,61.86028289794922,1602401
2021-03-03,64.71537017822266,64.71537017822266,62.81197738647461,64.71537017822266,2884322
2021-03-04,64.3346939086914,66.61876678466797,64.2395248413086,65.66706848144531,2410431
2021-03-05,65.66706848144531,72.23377227783203,65.66706848144531,72.23377227783203,5724513
2021-03-08,71.85309600830078,71.85309600830078,68.52215576171875,68.52215576171875,3419156
2021-03-09,67.47528839111328,70.23521423339844,66.61876678466797,70.23521423339844,2160352
2021-03-10,70.23521423339844,72.89996337890625,70.23521423339844,72.13860321044922,1726390
2021-03-11,73.2806396484375,74.89852142333984,71.75792694091797,74.23233795166016,2392569
2021-03-12,73.09030151367188,73.09030151367188,71.37725067138672,71.37725067138672,1776826
2021-03-15,77.0874252319336,77.0874252319336,70.42555236816406,72.51927947998047,9507231
2021-03-16,73.47097778320312,74.99369812011719,70.90139770507812,71.09173583984375,6363372
2021-03-17,71.56758880615234,78.03912353515625,68.99800872802734,75.0888671875,13964533
2021-03-18,75.94538879394531,82.51210021972656,75.37437438964844,82.51210021972656,10997201
2021-03-19,83.84447479248047,90.22084045410156,83.46379852294922,84.0348129272461,22592283
2021-03-22,87.74642944335938,92.40974426269531,85.65269470214844,92.40974426269531,19778361
2021-03-23,92.40974426269531,92.40974426269531,92.40974426269531,92.40974426269531,0
2021-03-24,101.3556900024414,101.3556900024414,101.3556900024414,101.3556900024414,1492072
2021-03-25,111.34850311279297,111.34850311279297,111.34850311279297,111.34850311279297,592625
2021-03-26,100.40399169921875,111.34850311279297,100.40399169921875,111.34850311279297,5230658
2021-03-29,111.34850311279297,122.29301452636719,111.34850311279297,117.05868530273438,2213940
2021-03-30,118.96208190917969,118.96208190917969,109.44511413574219,113.72774505615234,2206585
2021-03-31,111.82435607910156,111.82435607910156,106.59001922607422,106.59001922607422,2882220
2021-04-01,109.44511413574219,112.30020141601562,105.1624755859375,112.30020141601562,1944947
2021-04-07,122.76886749267578,122.76886749267578,122.76886749267578,122.76886749267578,320480
2021-04-08,134.66506958007812,134.66506958007812,130.3824462890625,134.66506958007812,4605459
2021-04-09,137.9960174560547,147.98883056640625,137.9960174560547,147.98883056640625,2470325
2021-04-12,161.3125762939453,162.74012756347656,152.27145385742188,152.27145385742188,3481151
2021-04-13,142.0,157.0,135.5,148.0,3991000
2021-04-14,150.0,150.0,134.0,145.0,2746000
2021-04-15,145.5,153.0,145.5,153.0,1820000
2021-04-16,150.5,168.0,150.0,168.0,6452000
2021-04-19,174.0,179.5,156.0,156.5,6869000
2021-04-20,150.5,163.0,148.0,160.0,4592000
2021-04-21,157.0,162.0,150.0,151.0,3575000
2021-04-22,151.0,154.5,136.5,139.5,6633000
2021-04-23,142.0,148.0,140.0,141.5,3449000
2021-04-26,143.0,145.0,137.0,137.0,3500000
2021-04-27,138.0,148.0,133.5,139.5,4969000
2021-04-28,141.5,143.0,136.0,136.5,2580000
2021-04-29,139.5,143.0,137.5,141.5,2686000
2021-05-03,145.5,155.5,143.5,155.5,7874000
2021-05-04,152.0,153.5,140.0,143.5,7926000
2021-05-05,143.5,145.0,137.0,139.0,2613000
2021-05-06,140.5,142.0,131.0,131.5,3689000
2021-05-07,131.5,137.5,131.5,133.5,2515000
2021-05-10,135.5,138.0,132.0,134.0,1918000
2021-05-11,131.5,144.0,127.0,140.5,5676000
2021-05-12,144.5,154.5,143.0,154.5,12068000
2021-05-13,159.5,169.5,154.5,169.5,15837000
2021-05-14,163.5,183.5,155.0,171.5,17784000
2021-05-17,177.0,188.5,176.5,188.5,12247000
2021-05-18,179.5,188.5,170.0,175.0,15568000
2021-05-19,170.0,170.0,158.0,160.0,6420000
2021-05-20,162.0,166.5,159.0,161.0,3344000
2021-05-21,163.0,163.5,156.0,158.0,3550000
2021-05-24,163.5,170.0,160.0,170.0,4164000
2021-05-25,170.0,170.0,160.0,160.5,3979000
2021-05-26,161.0,167.0,161.0,162.5,2092000
2021-05-27,163.0,170.0,160.0,162.0,4138000
2021-05-28,165.0,165.0,158.5,160.5,3001000
2021-05-31,162.5,162.5,144.5,145.0,6530000
2021-06-01,137.0,159.5,130.5,159.5,9656000
2021-06-02,149.0,164.0,147.0,151.0,8283000
2021-06-03,145.0,150.0,142.0,143.5,4427000
2021-06-04,144.0,148.0,143.5,145.5,2676000
2021-06-07,153.0,160.0,149.0,160.0,8788000
2021-06-08,157.5,173.5,154.0,161.0,11559000
2021-06-09,159.0,168.0,156.0,163.5,6281000
2021-06-10,173.0,179.5,168.0,179.5,17597000
2021-06-11,195.0,195.0,175.0,176.0,20285000
2021-06-15,178.5,179.5,162.0,171.5,12551000
2021-06-16,170.5,170.5,163.5,164.0,5872000
2021-06-17,165.5,172.5,164.5,167.5,4297000
2021-06-18,170.5,181.5,167.0,178.0,9707000
2021-06-21,170.0,171.5,160.5,163.0,8617000
2021-06-22,164.0,165.0,152.5,154.0,6196000
2021-06-23,154.5,160.0,153.0,155.0,3022000
2021-06-24,157.0,158.0,153.5,154.5,2002000
2021-06-25,155.5,156.5,150.0,150.5,3036000
2021-06-28,152.0,154.5,145.0,146.0,3834000
2021-06-29,146.0,156.0,138.0,152.0,6423000
2021-06-30,153.0,153.0,147.0,147.5,3466000
2021-07-01,148.5,151.0,144.0,144.0,2410000
2021-07-02,146.0,147.0,142.0,142.0,1874000
2021-07-05,143.0,147.0,139.5,143.5,2198000
2021-07-06,144.5,146.0,142.5,142.5,1581000
2021-07-07,143.5,149.0,142.5,142.5,2204000
2021-07-08,143.0,144.0,141.0,141.0,1509000
2021-07-09,142.0,145.0,139.0,139.5,1525000
2021-07-12,142.0,142.0,136.5,136.5,2544000
2021-07-13,135.0,135.0,123.0,123.5,6969000
2021-07-14,123.0,127.0,113.0,122.0,4903000
2021-07-15,123.0,134.0,121.5,134.0,4378000
2021-07-16,145.0,145.0,134.0,134.0,4898000
2021-07-19,136.5,137.0,131.0,131.0,1848000
2021-07-20,144.0,144.0,144.0,144.0,1895000
2021-07-21,153.5,153.5,135.0,135.0,6576000
2021-07-22,136.5,139.0,128.0,129.5,3112000
2021-07-23,125.5,134.0,122.5,130.5,2797000
2021-07-26,131.5,136.5,129.5,133.5,1812000
2021-07-27,131.0,132.5,125.5,126.0,2142000
2021-07-28,129.0,131.0,125.0,126.0,1554000
2021-07-29,129.0,131.0,127.0,130.0,1099000
2021-07-30,132.0,133.5,128.5,129.0,1340000
2021-08-02,131.5,139.0,128.0,137.0,2267000
2021-08-03,135.0,139.5,133.0,136.5,1432000
2021-08-04,138.0,138.5,133.0,134.0,1372000
2021-08-05,135.5,137.5,133.0,133.5,1031000
2021-08-06,136.0,146.5,134.0,143.0,5047000
2021-08-09,140.0,143.0,133.0,133.0,4846000
2021-08-10,133.5,138.0,132.5,135.5,1624000
2021-08-11,136.0,136.5,131.0,131.5,1471000
2021-08-12,134.0,136.5,133.5,135.5,1003000
2021-08-13,136.0,141.5,134.0,137.0,2387000
2021-08-16,138.5,145.0,137.0,143.5,5300000
2021-08-17,144.0,149.5,140.0,141.5,6206000
2021-08-18,138.0,142.0,128.0,132.0,6429000
2021-08-19,132.0,136.0,129.0,129.0,2835000
2021-08-20,131.0,134.5,131.0,133.0,1858000
2021-08-23,135.0,137.0,131.0,131.5,2601000
2021-08-24,133.0,134.0,126.5,127.0,2637000
2021-08-25,127.5,131.0,126.0,130.0,2436000
2021-08-26,131.0,132.0,128.0,128.0,1886000
2021-08-27,130.0,131.5,128.5,129.0,1065000
2021-08-30,130.5,131.5,128.5,129.0,906000
2021-08-31,130.0,131.0,128.5,130.0,911000
2021-09-01,130.5,130.5,127.0,127.0,1315000
2021-09-02,127.0,129.0,126.0,126.0,1159000
2021-09-03,126.5,128.0,124.5,124.5,1391000
2021-09-06,125.0,126.0,122.0,122.0,1017000
2021-09-07,122.0,131.0,122.0,126.5,2927000
2021-09-08,126.0,130.5,125.0,125.5,2463000
2021-09-09,126.5,129.0,125.0,125.0,1743000
2021-09-10,127.5,127.5,124.5,125.5,814000
2021-09-13,127.0,129.5,126.0,129.0,2702000
2021-09-14,129.0,130.0,127.5,128.5,1147000
2021-09-15,129.5,131.5,128.5,129.0,2264000
2021-09-16,129.5,130.5,127.5,128.0,1727000
2021-09-17,128.0,133.5,127.5,133.5,6145000
2021-09-22,130.0,140.0,129.5,140.0,6633000
2021-09-23,134.0,137.5,131.0,131.5,7546000
2021-09-24,132.0,134.0,131.0,132.5,1603000
2021-09-27,133.0,133.0,130.0,130.0,726000
2021-09-28,132.0,132.5,128.5,128.5,965000
2021-09-29,127.0,128.0,125.0,125.0,1274000
2021-09-30,126.0,127.0,125.0,126.5,654000
2021-10-01,126.5,130.5,124.0,124.0,1701000
2021-10-04,124.5,126.0,113.0,114.0,2816000
2021-10-05,111.0,114.5,106.0,113.5,2089000
2021-10-06,114.0,117.0,110.5,110.5,933000
2021-10-07,112.0,114.0,109.5,112.5,1235000
2021-10-08,113.5,114.0,110.5,111.0,650000
2021-10-12,108.5,109.0,103.5,104.5,2164000
2021-10-13,104.5,105.5,100.5,101.0,1776000
2021-10-14,103.0,110.5,102.0,107.5,2521000
2021-10-15,108.0,112.0,106.5,106.5,2130000
2021-10-18,106.5,108.0,105.0,106.5,979000
2021-10-19,106.5,108.5,105.0,108.0,955000
2021-10-20,108.0,109.5,106.0,106.5,620000
2021-10-21,107.0,109.0,105.5,105.5,1089000
2021-10-22,106.0,106.5,103.0,103.0,743000
2021-10-25,103.0,104.0,101.5,103.0,639000
2021-10-26,102.0,106.0,101.0,103.5,1380000
2021-10-27,106.0,109.0,104.5,106.0,3341000
2021-10-28,108.0,116.5,107.5,116.5,5750000
2021-10-29,117.0,119.0,108.0,108.5,5227000
2021-11-01,107.0,108.0,105.0,105.0,1558000
2021-11-02,106.0,108.0,104.5,105.0,887000
2021-11-03,103.5,107.0,103.5,107.0,792000
2021-11-04,107.0,107.0,105.0,105.0,596000
2021-11-05,104.5,107.0,104.5,105.0,690000
2021-11-08,106.0,107.0,103.5,104.0,980000
2021-11-09,104.0,104.5,103.0,103.0,755000
2021-11-10,104.5,104.5,102.5,102.5,827000
2021-11-11,103.5,106.0,102.0,102.5,1220000
2021-11-12,103.5,103.5,102.5,102.5,518000
2021-11-15,104.0,104.0,101.5,103.5,924000
2021-11-16,104.0,106.5,103.0,105.0,1198000
2021-11-17,106.0,106.0,104.5,104.5,595000
2021-11-18,104.5,108.0,103.0,106.5,1945000
2021-11-19,106.5,107.5,103.5,103.5,982000
2021-11-22,104.0,110.0,104.0,108.0,2011000
2021-11-23,109.5,112.5,104.5,105.5,3055000
2021-11-24,106.5,109.5,105.5,109.0,1354000
2021-11-25,110.5,111.0,107.0,107.5,1309000
2021-11-26,108.0,114.0,107.5,110.0,3831000
2021-11-29,113.0,117.0,108.5,109.0,5832000
2021-11-30,109.5,112.0,109.0,110.5,1783000
2021-12-01,111.0,114.0,110.5,110.5,1289000
2021-12-02,112.5,114.5,111.0,112.0,1689000
2021-12-03,112.5,114.0,111.5,112.5,1100000
2021-12-06,114.0,115.0,112.5,113.0,1367000
2021-12-07,113.5,114.0,109.5,110.0,1211000
2021-12-08,111.0,120.0,110.5,115.5,4961000
2021-12-09,119.5,119.5,113.5,113.5,2978000
2021-12-10,115.5,117.5,114.5,115.0,1663000
2021-12-13,116.0,116.5,113.5,114.5,1315000
2021-12-14,115.5,116.5,111.5,111.5,1816000
2021-12-15,112.0,112.5,110.5,111.0,748000
2021-12-16,112.0,113.0,110.5,112.5,730000
2021-12-17,113.0,115.5,110.5,110.5,1348000
2021-12-20,114.5,120.0,113.5,115.0,5154000
2021-12-21,115.0,115.0,113.0,113.5,1194000
2021-12-22,114.5,115.5,113.0,113.0,989000
2021-12-23,113.5,114.5,112.0,113.0,675000
2021-12-24,114.0,114.0,111.5,112.0,562000
2021-12-27,113.0,113.0,110.0,110.5,802000
2021-12-28,111.0,112.0,109.5,110.0,951000
2021-12-29,110.5,111.0,109.5,110.0,486000
2021-12-30,112.0,114.0,111.0,111.5,1148000
2022-01-03,111.0,112.0,107.0,107.5,1234000
2022-01-04,107.5,107.5,106.0,106.0,733000
2022-01-05,106.5,108.0,106.0,106.5,848000
2022-01-06,107.5,110.5,107.5,108.0,1257000
2022-01-07,109.0,110.0,106.5,107.0,736000
2022-01-10,108.0,110.5,108.0,108.5,1109000
2022-01-11,109.5,110.0,106.5,107.5,707000
2022-01-12,107.5,108.0,106.0,106.0,525000
2022-01-13,106.5,108.0,105.0,105.5,546000
2022-01-14,106.0,106.0,102.5,103.5,856000
2022-01-17,104.5,110.0,104.0,108.0,2007000
2022-01-18,109.0,110.0,105.5,105.5,1323000
2022-01-19,105.5,106.5,103.5,104.5,600000
2022-01-20,105.0,105.0,103.5,104.0,414000
2022-01-21,105.0,106.0,102.5,102.5,1034000
2022-01-24,102.5,103.5,102.0,103.0,638000
2022-01-25,102.5,103.0,100.0,100.5,678000
2022-01-26,101.0,101.5,100.0,100.5,665000
2022-02-07,102.0,104.5,102.0,104.5,680000
2022-02-08,104.5,104.5,102.5,103.5,437000
2022-02-09,104.0,104.5,102.5,104.0,391000
2022-02-10,104.5,106.0,103.5,104.5,572000
2022-02-11,104.0,106.0,103.5,104.0,599000
2022-02-14,105.0,105.0,101.5,101.5,682000
2022-02-15,106.0,111.0,103.0,103.0,3577000
2022-02-16,105.5,106.0,102.5,103.0,1264000
2022-02-17,104.5,105.0,102.5,103.5,1126000
2022-02-18,102.5,103.5,101.5,103.0,508000
2022-02-21,104.0,109.5,103.0,107.0,4848000
2022-02-22,107.0,107.5,103.0,104.0,1382000
2022-02-23,104.0,106.0,104.0,105.0,969000
2022-02-24,104.5,105.5,100.5,101.5,1954000
2022-02-25,101.5,104.5,100.5,104.5,1205000
2022-03-01,102.5,103.5,102.0,102.5,742000
2022-03-02,103.5,104.5,101.5,102.5,1202000
2022-03-03,102.5,103.5,101.5,102.0,737000
2022-03-04,102.5,102.5,100.5,101.0,892000
2022-03-07,100.5,100.5,96.0,97.0,2001000
2022-03-08,95.5,96.5999984741211,90.0999984741211,90.19999694824219,2566000
2022-03-09,91.0999984741211,92.5,90.5999984741211,91.5999984741211,1053000
2022-03-10,95.0,96.0999984741211,94.0,94.4000015258789,1076000
2022-03-11,95.5,96.5,94.0999984741211,94.30000305175781,927000
2022-03-14,94.5999984741211,95.0999984741211,93.0,93.0999984741211,560000
2022-03-15,93.80000305175781,94.80000305175781,91.0,91.30000305175781,878000
2022-03-16,92.30000305175781,93.4000015258789,91.19999694824219,91.4000015258789,853000
2022-03-17,92.5999984741211,94.5,92.5,94.0999984741211,974000
2022-03-18,94.0999984741211,96.5,93.5,94.30000305175781,1669000
2022-03-21,95.19999694824219,96.0,94.4000015258789,94.5,698000
2022-03-22,94.5,94.69999694824219,93.19999694824219,93.5,388000
2022-03-23,93.9000015258789,94.5,93.4000015258789,93.5999984741211,538000
2022-03-24,93.5999984741211,93.80000305175781,93.0,93.0999984741211,601000
2022-03-25,93.0999984741211,93.5999984741211,91.5999984741211,91.5999984741211,696000
2022-03-28,92.69999694824219,95.69999694824219,91.30000305175781,91.30000305175781,1848000
2022-03-29,91.5,92.19999694824219,91.0999984741211,91.69999694824219,591000
2022-03-30,92.30000305175781,92.80000305175781,91.69999694824219,92.80000305175781,542000
2022-03-31,92.80000305175781,92.9000015258789,91.69999694824219,91.9000015258789,482000
2022-04-01,91.9000015258789,93.0,91.69999694824219,91.80000305175781,588000
2022-04-06,92.4000015258789,92.5,91.0999984741211,91.0999984741211,539000
2022-04-07,91.0999984741211,98.30000305175781,91.0,95.5,3431000
2022-04-08,96.0999984741211,97.80000305175781,93.69999694824219,93.80000305175781,2214000
2022-04-11,93.5999984741211,100.0,93.5999984741211,98.5,5059000
2022-04-12,98.5999984741211,98.80000305175781,95.30000305175781,95.4000015258789,1643000
2022-04-13,96.0999984741211,96.19999694824219,93.5,94.30000305175781,1039000
2022-04-14,94.5999984741211,96.80000305175781,94.0999984741211,96.0,1179000
2022-04-15,95.9000015258789,97.80000305175781,95.5,95.9000015258789,1209000
2022-04-18,96.9000015258789,97.19999694824219,94.9000015258789,94.9000015258789,889000
2022-04-19,95.30000305175781,95.30000305175781,93.0999984741211,93.19999694824219,865000
2022-04-20,93.4000015258789,96.5,92.30000305175781,95.4000015258789,1265000
2022-04-21,95.5,96.0,93.19999694824219,95.0,995000
2022-04-22,94.5999984741211,96.80000305175781,94.19999694824219,94.80000305175781,1004000
2022-04-25,94.30000305175781,94.30000305175781,91.5999984741211,91.5999984741211,1015000
2022-04-26,92.80000305175781,92.80000305175781,91.0,91.0,633000
2022-04-27,90.0,90.0,88.0,88.0999984741211,1035000
2022-04-28,88.5,90.69999694824219,88.19999694824219,88.5,503000
2022-04-29,89.0999984741211,90.0,88.4000015258789,88.5999984741211,366000
2022-05-03,88.9000015258789,90.0,88.5,88.5,276000
2022-05-04,89.4000015258789,89.4000015258789,86.69999694824219,86.80000305175781,577000
2022-05-05,87.30000305175781,87.80000305175781,85.4000015258789,85.5,722000
2022-05-06,85.0,85.0,81.0999984741211,81.0999984741211,1546000
2022-05-09,81.30000305175781,81.5,75.19999694824219,76.0999984741211,1787000
2022-05-10,75.0,76.19999694824219,72.80000305175781,76.0,1187000
2022-05-11,75.4000015258789,77.80000305175781,75.19999694824219,76.0,601000
2022-05-12,76.5,77.0,71.5999984741211,71.5999984741211,1131000
2022-05-13,73.0,78.69999694824219,72.5999984741211,78.69999694824219,1540000
2022-05-16,79.9000015258789,84.19999694824219,78.69999694824219,83.69999694824219,2269000
2022-05-17,83.69999694824219,83.69999694824219,81.19999694824219,81.4000015258789,878000
2022-05-18,81.80000305175781,82.9000015258789,81.5,81.5999984741211,477000
2022-05-19,79.9000015258789,80.4000015258789,79.0999984741211,80.30000305175781,475000
2022-05-20,80.9000015258789,82.30000305175781,80.80000305175781,80.9000015258789,326000
2022-05-23,83.5,84.30000305175781,82.19999694824219,82.80000305175781,646000
2022-05-24,82.80000305175781,83.0999984741211,80.5,80.80000305175781,483000
2022-05-25,81.0,82.0999984741211,80.69999694824219,80.9000015258789,245000
2022-05-26,81.0999984741211,82.0999984741211,80.69999694824219,80.69999694824219,267000
2022-05-27,81.0,81.9000015258789,81.0,81.19999694824219,158000
2022-05-30,82.19999694824219,82.69999694824219,81.5999984741211,82.0999984741211,344000
2022-05-31,82.5,83.5999984741211,82.19999694824219,82.4000015258789,905000
2022-06-01,82.4000015258789,84.0,82.19999694824219,83.0999984741211,272000
2022-06-02,83.0999984741211,83.69999694824219,82.69999694824219,82.80000305175781,148000
2022-06-06,83.4000015258789,83.80000305175781,82.69999694824219,82.69999694824219,233000
2022-06-07,83.5999984741211,84.4000015258789,82.69999694824219,84.4000015258789,380000
2022-06-08,84.5,86.80000305175781,84.5,86.69999694824219,915000
2022-06-09,86.69999694824219,87.4000015258789,85.9000015258789,86.30000305175781,520000
2022-06-10,86.69999694824219,87.80000305175781,86.0,87.5,636000
2022-06-13,87.0999984741211,92.4000015258789,86.9000015258789,89.19999694824219,1206000
2022-06-14,89.0,90.4000015258789,86.0999984741211,88.0999984741211,752000
2022-06-15,89.69999694824219,92.80000305175781,89.0,90.5,723000
2022-06-16,91.0,92.0,88.5,89.19999694824219,926000
2022-06-17,88.80000305175781,90.5,87.80000305175781,90.5,735000
2022-06-20,91.5,91.5999984741211,88.0999984741211,89.0,934000
2022-06-21,90.5999984741211,91.5999984741211,89.19999694824219,90.5999984741211,761000
2022-06-22,90.5999984741211,91.80000305175781,89.4000015258789,89.4000015258789,802000
2022-06-23,89.9000015258789,97.30000305175781,89.4000015258789,96.0,2718000
2022-06-24,96.5,98.0,93.5,94.5,1991000
2022-06-27,94.5,94.5,91.0,93.4000015258789,993000
2022-06-28,93.4000015258789,93.4000015258789,89.80000305175781,89.80000305175781,968000
2022-06-29,89.5,92.5,89.0999984741211,91.4000015258789,621000
2022-06-30,91.5999984741211,92.0,89.0999984741211,89.5,762000
2022-07-01,90.0,90.0,83.0,83.0,1158000
2022-07-04,83.0,84.69999694824219,79.0,80.5,872000
2022-07-05,82.80000305175781,83.30000305175781,80.0999984741211,81.69999694824219,592000
2022-07-06,82.0,84.19999694824219,79.9000015258789,79.9000015258789,887000
2022-07-07,80.5,82.0,78.19999694824219,81.5999984741211,720000
2022-07-08,82.5,82.5999984741211,80.30000305175781,81.0,405000
2022-07-11,81.0999984741211,83.5999984741211,80.19999694824219,82.0,492000
2022-07-12,81.30000305175781,81.69999694824219,78.0,78.5,711000
2022-07-13,80.9000015258789,81.30000305175781,79.5,80.30000305175781,546000
2022-07-14,80.5999984741211,81.0,80.0,81.0,242000
2022-07-15,80.69999694824219,81.0999984741211,79.80000305175781,80.4000015258789,340000
2022-07-18,80.9000015258789,82.80000305175781,80.9000015258789,81.80000305175781,468000
2022-07-19,81.80000305175781,82.69999694824219,80.9000015258789,81.0,603000
2022-07-20,81.9000015258789,83.0999984741211,81.0,81.0,694000
2022-07-21,82.5,83.0,81.30000305175781,83.0,722000
2022-07-22,83.19999694824219,90.5999984741211,83.19999694824219,88.80000305175781,2623000
2022-07-25,90.19999694824219,92.69999694824219,88.5999984741211,90.4000015258789,4195000
2022-07-26,89.69999694824219,90.9000015258789,87.80000305175781,88.5,1384000
2022-07-27,88.9000015258789,90.69999694824219,87.5,89.30000305175781,1331000
2022-07-28,89.69999694824219,90.5,87.9000015258789,89.0,1153000
2022-07-29,89.69999694824219,90.19999694824219,88.5,89.5999984741211,599000
2022-08-01,90.19999694824219,93.0,89.0999984741211,90.69999694824219,1537000
2022-08-02,89.5999984741211,90.5999984741211,84.30000305175781,85.5,2232000
2022-08-03,86.5,88.0,83.5999984741211,83.9000015258789,1624000
2022-08-04,84.19999694824219,84.5,81.0999984741211,82.9000015258789,1221000
2022-08-05,83.0,84.9000015258789,83.0,84.5,594000
2022-08-08,84.5,84.5,82.5999984741211,83.5,401000
2022-08-09,82.80000305175781,86.5,82.80000305175781,86.19999694824219,662000
2022-08-10,85.9000015258789,86.80000305175781,85.0999984741211,85.0999984741211,603000
2022-08-11,86.0,86.19999694824219,84.5,85.9000015258789,725000
2022-08-12,86.80000305175781,90.5,86.5,88.5,2095000
2022-08-15,88.80000305175781,91.9000015258789,88.30000305175781,90.69999694824219,1504000
2022-08-16,91.0,92.4000015258789,90.69999694824219,91.4000015258789,1219000
2022-08-17,92.19999694824219,92.5999984741211,89.69999694824219,90.5,1000000
2022-08-18,90.0999984741211,91.5,89.69999694824219,90.19999694824219,788000
2022-08-19,90.80000305175781,91.5,90.0,90.5999984741211,896000
2022-08-22,90.5999984741211,99.30000305175781,90.5999984741211,97.80000305175781,5985000
2022-08-23,99.0,102.0,96.19999694824219,101.5,9955000
2022-08-24,106.0,111.5,102.0,111.5,9508000
2022-08-25,112.0,115.0,108.0,112.0,21213000
2022-08-26,115.0,123.0,115.0,117.0,23146000
2022-08-29,115.5,123.5,114.5,118.0,19499000
2022-08-30,119.0,129.5,117.0,129.5,25400000
2022-08-31,138.5,139.0,128.0,128.0,31434000
2022-09-01,129.0,134.0,125.0,129.5,19784000
2022-09-02,133.5,135.5,129.0,129.5,13902000
2022-09-05,131.0,135.5,129.0,129.0,13830000
2022-09-06,129.5,130.5,116.5,118.5,21725000
2022-09-07,117.5,120.5,113.0,119.0,15276000
2022-09-08,119.0,120.5,116.0,118.5,9390000
2022-09-12,119.0,123.0,113.5,120.0,12446000
2022-09-13,118.5,120.5,116.0,118.0,7198000
2022-09-14,115.0,122.0,115.0,116.0,10724000
2022-09-15,116.5,125.0,116.0,117.5,20320000
2022-09-16,117.5,119.5,115.5,116.0,7201000
2022-09-19,117.0,117.0,105.0,107.5,13527000
2022-09-20,109.0,111.0,106.5,107.0,5561000
2022-09-21,107.0,108.5,105.0,107.5,3704000
2022-09-22,109.0,114.0,106.0,112.0,14802000
2022-09-23,111.0,113.0,106.0,108.0,9305000
2022-09-26,106.5,109.5,103.5,104.5,7250000
2022-09-27,106.0,108.0,99.5,107.0,9990000
2022-09-28,106.0,106.0,99.0999984741211,99.0999984741211,7548000
2022-09-29,102.0,106.0,102.0,103.5,12474000
2022-09-30,104.0,109.0,100.5,107.5,11227000
2022-10-03,107.5,111.5,106.0,110.5,12103000
2022-10-04,114.0,118.0,112.0,114.5,15154000
2022-10-05,115.0,116.5,112.0,113.0,11216000
2022-10-06,115.0,118.5,114.0,118.5,10461000
2022-10-07,117.5,120.0,114.0,114.0,10172000
2022-10-11,112.5,115.0,107.5,110.5,8162000
2022-10-12,113.0,115.0,111.0,113.0,8301000
2022-10-13,114.5,116.0,107.5,108.0,8964000
2022-10-14,113.5,118.0,112.0,115.5,9209000
2022-10-17,115.0,115.0,105.0,111.0,8934000
2022-10-18,113.0,115.0,111.5,112.5,6097000
2022-10-19,113.0,114.0,110.5,110.5,3620000
2022-10-20,111.0,112.5,107.0,112.0,4770000
2022-10-21,112.0,112.5,107.0,107.0,4186000
2022-10-24,109.0,110.0,105.0,105.0,2548000
2022-10-25,105.0,106.5,99.9000015258789,100.0,6289000
2022-10-26,100.5,101.0,95.4000015258789,98.5999984741211,5996000
2022-10-27,98.4000015258789,103.0,97.19999694824219,102.0,4705000
2022-10-28,100.5,103.0,98.30000305175781,98.30000305175781,3005000
2022-10-31,99.9000015258789,102.5,99.69999694824219,101.5,2251000
2022-11-01,102.0,106.0,101.0,103.5,3140000
2022-11-02,103.5,107.5,103.0,106.5,3593000
2022-11-03,105.5,108.0,105.0,106.5,2745000
2022-11-04,107.5,109.5,104.0,104.0,3665000
2022-11-07,105.5,106.5,103.0,105.0,2022000
2022-11-08,106.0,108.5,103.5,103.5,3005000
2022-11-09,105.0,106.5,104.5,105.5,1713000
2022-11-10,107.5,111.0,105.5,106.5,6793000
2022-11-11,109.5,116.0,107.0,114.0,13721000
2022-11-14,116.0,121.0,114.0,121.0,15016000
2022-11-15,120.0,122.5,117.5,121.0,11605000
2022-11-16,122.0,131.0,121.0,130.0,22738000
2022-11-17,131.0,134.5,127.0,128.5,18080000
2022-11-18,130.5,133.0,127.0,131.0,12983000
2022-11-21,133.5,137.0,130.5,132.5,14392000
2022-11-22,132.5,137.5,127.0,130.5,19889000
2022-11-23,131.5,137.0,130.0,136.5,14444000
2022-11-24,138.0,138.0,132.5,134.0,12994000
2022-11-25,134.0,135.0,130.5,130.5,9831000
2022-11-28,129.0,135.0,128.0,133.5,7890000
2022-11-29,131.5,135.5,130.5,133.0,6752000
2022-11-30,134.5,137.0,133.5,136.5,7694000
2022-12-01,138.5,150.0,135.5,150.0,24284000
2022-12-02,149.5,159.0,148.5,151.0,30619000
2022-12-05,152.5,163.5,152.0,158.5,28368000
2022-12-06,158.5,162.0,150.0,150.5,22022000
2022-12-07,151.0,155.5,145.0,151.0,20794000
2022-12-08,152.5,154.0,147.0,149.5,11949000
2022-12-09,151.0,155.0,149.5,154.0,11718000
2022-12-12,153.5,153.5,146.5,146.5,9795000
2022-12-13,148.5,152.0,145.5,145.5,9203000
2022-12-14,131.0,131.0,131.0,131.0,2352000
2022-12-15,128.0,132.0,123.0,124.5,27443000
2022-12-16,123.0,127.0,121.5,124.5,11601000
2022-12-19,126.0,128.5,125.5,126.0,6521000
2022-12-20,126.0,127.5,121.0,121.0,6517000
2022-12-21,123.5,125.0,121.0,121.0,3632000
2022-12-22,123.5,126.0,120.5,125.0,6682000
2022-12-23,123.5,128.0,122.5,125.5,5792000
2022-12-26,125.5,128.5,124.0,124.0,6441000
2022-12-27,126.0,127.5,123.5,126.5,4928000
2022-12-28,125.5,127.5,123.0,123.0,3358000
2022-12-29,123.0,125.0,120.0,124.0,4426000
2022-12-30,124.0,125.0,122.0,123.0,3274000
2023-01-03,123.0,124.0,117.5,118.5,6607000
2023-01-04,118.5,120.5,115.0,116.5,5010000
2023-01-05,118.5,119.5,114.0,114.5,4423000
2023-01-06,118.5,121.0,117.0,117.0,11544000
2023-01-09,117.5,118.5,115.5,117.5,3688000
2023-01-10,117.5,118.0,113.5,113.5,3886000
2023-01-11,114.0,115.5,111.0,111.5,4324000
2023-01-12,112.0,112.5,109.0,109.0,4175000
2023-01-13,110.0,111.0,108.5,109.0,1977000
2023-01-16,109.5,112.0,107.5,111.0,2762000
2023-01-17,111.0,111.5,109.0,109.0,1613000
2023-01-30,111.0,113.0,110.5,111.0,2262000
2023-01-31,111.5,118.5,111.5,118.0,6420000
2023-02-01,118.0,118.5,116.0,117.0,3247000
2023-02-02,117.5,119.5,116.5,118.5,2795000
2023-02-03,118.5,122.0,117.5,119.0,4305000
2023-02-06,120.0,123.0,119.5,119.5,6396000
2023-02-07,122.0,126.0,121.0,125.0,9473000
2023-02-08,125.5,133.5,124.0,131.0,16312000
2023-02-09,133.0,134.5,128.0,128.5,11403000
2023-02-10,129.0,133.0,126.5,128.0,8045000
2023-02-13,127.5,128.5,122.0,123.0,5755000
2023-02-14,124.0,124.5,121.0,121.5,3504000
2023-02-15,122.0,124.0,121.0,122.5,2742000
2023-02-16,122.5,124.5,122.0,123.0,2937000
2023-02-17,123.5,124.5,120.5,120.5,2567000
2023-02-20,121.5,122.5,120.0,120.0,2078000
2023-02-21,120.0,121.5,117.0,119.5,3886000
2023-02-22,119.5,120.0,116.0,116.0,2992000
2023-02-23,116.5,120.0,116.5,119.5,1836000
2023-02-24,120.0,120.5,117.5,119.0,1837000
2023-03-01,119.0,121.5,119.0,120.5,1618000
2023-03-02,121.5,122.0,120.5,122.0,1644000
2023-03-03,123.0,123.0,119.0,119.0,2385000
2023-03-06,120.0,120.5,116.0,118.0,2339000
2023-03-07,119.0,120.0,117.0,117.0,1737000
2023-03-08,117.0,118.5,115.5,115.5,2312000
2023-03-09,116.0,116.5,113.0,113.0,2900000
2023-03-10,113.0,114.5,111.0,111.5,2487000
2023-03-13,110.0,112.5,107.5,111.5,2317000
2023-03-14,110.0,115.5,110.0,111.5,2139000
2023-03-15,113.0,114.0,112.0,112.5,1110000
2023-03-16,112.0,112.0,107.0,108.0,2329000
2023-03-17,108.5,111.0,108.5,111.0,1357000
2023-03-20,111.0,112.5,109.5,112.5,916000
2023-03-21,113.0,113.5,111.0,111.5,846000
2023-03-22,112.0,113.0,111.5,112.0,764000
2023-03-23,112.5,114.5,111.5,111.5,1778000
2023-03-24,112.0,115.0,111.5,115.0,2290000
2023-03-27,116.0,118.5,115.0,117.5,2793000
2023-03-28,118.5,119.0,113.5,114.0,2132000
2023-03-29,114.5,120.0,114.5,120.0,3802000
2023-03-30,120.0,120.5,117.5,117.5,2632000
2023-03-31,118.0,118.5,116.5,116.5,1019000
2023-04-06,117.0,125.0,117.0,121.5,8108000
2023-04-07,121.5,123.0,120.0,121.5,4026000
2023-04-10,122.0,123.0,117.5,117.5,4852000
2023-04-11,118.5,119.0,117.5,118.5,1978000
2023-04-12,123.0,125.0,120.5,120.5,6668000
2023-04-13,120.5,123.0,120.0,121.5,3084000
2023-04-14,123.0,123.0,120.0,120.0,2168000
2023-04-17,120.5,121.0,118.5,119.0,1449000
2023-04-18,119.5,121.5,119.0,120.0,1679000
2023-04-19,120.5,122.0,117.5,120.5,2650000
2023-04-20,121.5,122.5,115.0,115.0,4093000
2023-04-21,115.5,116.5,109.0,109.5,4887000
2023-04-24,110.0,111.5,109.0,109.5,1584000
2023-04-25,109.5,110.5,104.5,106.0,3349000
2023-04-26,105.0,105.0,101.0,103.5,2711000
2023-04-27,103.5,104.5,102.0,104.0,1054000
2023-04-28,105.0,107.0,105.0,107.0,1004000
2023-05-02,112.0,117.5,111.5,117.5,3513000
2023-05-03,120.5,122.0,115.5,115.5,11106000
2023-05-04,117.0,126.0,116.5,122.5,13915000
2023-05-05,123.5,129.0,123.0,127.5,15590000
2023-05-08,128.5,129.5,124.5,125.0,7729000
2023-05-09,126.0,128.5,119.5,120.5,7606000
2023-05-10,121.0,122.0,118.5,120.0,2826000
2023-05-11,120.5,121.0,112.5,112.5,5766000
2023-05-12,112.5,114.5,110.0,114.0,3623000
2023-05-15,113.0,114.0,108.5,108.5,4058000
2023-05-16,109.5,110.5,109.0,110.0,1574000
2023-05-17,117.5,121.0,115.0,116.5,15790000
2023-05-18,116.5,117.5,113.0,114.0,5092000
2023-05-19,114.0,114.5,111.0,111.0,3362000
2023-05-22,111.0,113.0,110.5,111.5,1630000
2023-05-23,112.0,116.5,111.5,115.0,3167000
2023-05-24,116.5,117.0,113.0,113.5,2840000
2023-05-25,114.0,114.5,111.5,111.5,1894000
2023-05-26,112.0,112.5,110.5,110.5,1845000
2023-05-29,111.0,112.0,110.0,111.5,1117000
2023-05-30,112.0,112.0,110.0,110.0,965000
2023-05-31,111.0,113.0,110.5,113.0,1724000
2023-06-01,113.0,113.5,110.5,111.5,1503000
2023-06-02,112.5,113.0,111.0,111.0,1717000
2023-06-05,111.5,112.5,110.0,110.0,1996000
2023-06-06,110.5,110.5,108.5,109.5,1756000
2023-06-07,110.0,110.5,109.5,110.0,776000
2023-06-08,110.0,111.0,108.5,109.0,961000
2023-06-09,109.0,110.5,109.0,109.5,900000
2023-06-12,110.0,111.0,109.0,109.5,993000
2023-06-13,110.0,110.0,108.5,109.0,927000
2023-06-14,109.5,111.5,109.0,109.0,995000
2023-06-15,109.5,110.0,108.5,108.5,920000
2023-06-16,109.0,111.0,109.0,109.5,1084000
2023-06-19,110.0,111.5,109.5,110.0,925000
2023-06-20,111.0,111.0,108.5,109.0,740000
2023-06-21,110.0,110.0,107.5,108.0,1689000
2023-06-26,108.0,109.0,106.0,107.0,1237000
2023-06-27,108.5,113.0,107.5,111.5,4391000
2023-06-28,113.0,113.0,110.5,112.0,2461000
2023-06-29,115.5,117.0,113.5,115.0,6297000
2023-06-30,116.0,116.0,112.0,112.0,2892000
2023-07-03,112.5,112.5,110.0,110.5,2236000
2023-07-04,110.5,111.5,109.5,109.5,1759000
2023-07-05,109.5,111.0,108.0,109.0,2160000
2023-07-06,109.5,111.5,109.0,109.5,1594000
2023-07-07,109.5,110.5,108.5,109.5,912000
2023-07-10,110.0,111.0,108.0,108.0,1449000
2023-07-11,108.5,109.0,106.5,107.0,1504000
2023-07-12,107.5,108.0,106.0,106.5,1303000
2023-07-13,107.0,107.0,105.0,105.0,1262000
2023-07-14,105.0,107.5,104.5,107.0,1294000
2023-07-17,107.0,110.5,107.0,109.0,1775000
2023-07-18,109.5,110.0,106.5,106.5,1518000
2023-07-19,108.0,111.5,107.5,109.5,2721000
2023-07-20,110.5,111.0,108.5,108.5,1222000
2023-07-21,108.0,110.5,108.0,108.0,1511000
2023-07-24,109.5,112.0,108.5,110.0,2043000
2023-07-25,110.5,111.0,108.5,110.0,1738000
2023-07-26,111.0,111.0,107.0,107.5,1623000
2023-07-27,108.0,109.0,106.5,107.0,776000
2023-07-28,106.0,107.0,105.5,106.0,1315000
2023-07-31,106.0,107.0,105.0,105.0,1019000
2023-08-01,105.0,107.0,104.0,105.5,1457000
2023-08-02,106.0,106.0,101.5,102.0,2322000
2023-08-04,102.0,103.0,101.0,103.0,872000
2023-08-07,103.0,103.0,101.0,101.5,670000
2023-08-08,101.5,102.0,101.0,101.5,647000
2023-08-09,101.5,104.0,101.0,101.0,1014000
2023-08-10,101.0,101.5,96.5,96.5,3080000
2023-08-11,97.5999984741211,97.69999694824219,95.0,95.0,1540000
2023-08-14,95.0,95.0,90.5,91.30000305175781,2812000
2023-08-15,92.0,92.80000305175781,91.0999984741211,92.0,1126000
2023-08-16,91.80000305175781,94.4000015258789,90.5,93.4000015258789,797000
2023-08-17,93.19999694824219,94.0999984741211,92.4000015258789,93.4000015258789,679000
2023-08-18,93.9000015258789,96.0,93.0,93.4000015258789,1123000
2023-08-21,93.0,94.9000015258789,93.0,94.5,565000
2023-08-22,95.0999984741211,95.0999984741211,93.0,93.19999694824219,587000
2023-08-23,93.80000305175781,94.0999984741211,91.9000015258789,92.5,551000
2023-08-24,93.30000305175781,94.0999984741211,92.5,93.4000015258789,739000
2023-08-25,93.69999694824219,94.5,92.69999694824219,93.19999694824219,529000
2023-08-28,94.80000305175781,97.19999694824219,92.80000305175781,94.0999984741211,1198000
2023-08-29,95.0,95.5999984741211,93.5,94.19999694824219,536000
2023-08-30,95.0,96.19999694824219,94.80000305175781,96.0,828000
2023-08-31,96.5,97.19999694824219,95.5999984741211,95.5999984741211,811000
2023-09-01,95.4000015258789,97.0,95.4000015258789,96.0999984741211,518000
2023-09-04,96.0999984741211,96.5,95.0999984741211,95.0999984741211,282000
2023-09-05,95.30000305175781,95.5,93.5,93.80000305175781,544000
2023-09-06,93.30000305175781,94.4000015258789,93.30000305175781,93.80000305175781,259000
2023-09-07,93.9000015258789,94.0,93.0999984741211,93.19999694824219,376000
2023-09-08,93.30000305175781,93.4000015258789,92.30000305175781,93.30000305175781,451000
2023-09-11,93.69999694824219,94.5,93.19999694824219,93.19999694824219,264000
2023-09-12,93.30000305175781,93.80000305175781,92.30000305175781,93.0,291000
2023-09-13,93.19999694824219,95.4000015258789,93.19999694824219,95.30000305175781,705000
2023-09-14,95.30000305175781,95.30000305175781,94.4000015258789,94.5,406000
2023-09-15,94.69999694824219,96.0999984741211,94.5,96.0999984741211,693000
2023-09-18,104.0,104.0,99.0,99.5999984741211,2824000
2023-09-19,101.5,101.5,97.0999984741211,97.0999984741211,1681000
2023-09-20,97.19999694824219,98.30000305175781,96.19999694824219,97.69999694824219,719000
2023-09-21,100.0,102.0,98.30000305175781,98.30000305175781,2609000
2023-09-22,98.30000305175781,98.30000305175781,96.19999694824219,96.5,955000
2023-09-25,96.5999984741211,99.0,96.5999984741211,98.5,573000
2023-09-26,98.5,99.0999984741211,96.5999984741211,96.69999694824219,589000
2023-09-27,95.80000305175781,98.5,95.69999694824219,98.5,516000
2023-09-28,98.0999984741211,99.5,97.4000015258789,97.5,555000
2023-10-02,98.5,99.69999694824219,97.19999694824219,99.5,585000
2023-10-03,99.5,100.0,98.0,98.0,554000
2023-10-04,98.0999984741211,98.4000015258789,97.0999984741211,97.4000015258789,294000
2023-10-05,97.5999984741211,99.69999694824219,97.5999984741211,98.5,590000
2023-10-06,99.5,99.69999694824219,97.80000305175781,97.80000305175781,599000
2023-10-11,98.0,98.80000305175781,97.0999984741211,97.30000305175781,457000
2023-10-12,97.5,98.30000305175781,96.5999984741211,98.30000305175781,363000
2023-10-13,98.30000305175781,98.4000015258789,97.0,97.0,518000
2023-10-16,97.0,97.5,96.0,96.30000305175781,366000
2023-10-17,97.0999984741211,97.0999984741211,95.30000305175781,95.5999984741211,418000
2023-10-18,95.5999984741211,95.5999984741211,92.0999984741211,92.0999984741211,862000
2023-10-19,91.80000305175781,95.19999694824219,91.69999694824219,93.30000305175781,746000
2023-10-20,93.19999694824219,96.5,93.0,96.0,1127000
2023-10-23,98.0,102.0,96.9000015258789,100.5,2442000
2023-10-24,101.0,104.0,100.5,103.0,3048000
2023-10-25,104.0,104.5,102.5,103.0,1586000
2023-10-26,102.0,106.5,102.0,102.5,2939000
2023-10-27,102.0,108.0,102.0,106.0,3829000
2023-10-30,106.5,108.0,105.5,106.0,2337000
2023-10-31,106.5,108.0,106.0,106.5,1935000
2023-11-01,106.0,107.5,103.5,104.5,1823000
2023-11-02,103.5,105.0,101.0,103.5,1530000
2023-11-03,103.5,105.5,102.5,102.5,801000
2023-11-06,104.0,105.0,102.5,105.0,774000
2023-11-07,105.0,107.5,104.5,104.5,1212000
2023-11-08,104.5,105.5,103.0,104.5,543000
2023-11-09,104.5,106.0,103.0,103.0,921000
2023-11-10,104.5,105.0,101.0,101.5,1119000
2023-11-13,102.5,102.5,100.5,101.0,565000
2023-11-14,101.5,101.5,100.0,100.5,520000
2023-11-15,101.5,103.0,101.0,102.0,531000
2023-11-16,102.0,104.5,102.0,103.0,581000
2023-11-17,107.5,111.0,104.5,104.5,6543000
2023-11-20,105.0,106.0,100.0,100.5,3169000
2023-11-21,100.5,102.0,99.5,101.5,1178000
2023-11-22,101.0,102.5,101.0,101.0,573000
2023-11-23,101.5,102.5,101.5,101.5,532000
2023-11-24,102.0,103.5,101.0,103.5,801000
2023-11-27,104.0,107.0,104.0,106.5,2560000
2023-11-28,108.5,109.5,104.0,104.5,3415000
2023-11-29,105.5,105.5,104.0,105.0,649000
2023-11-30,105.0,105.0,103.0,103.0,889000
2023-12-01,103.5,105.0,103.0,103.0,933000
2023-12-04,104.0,105.5,103.5,105.0,826000
2023-12-05,105.5,105.5,102.0,102.0,955000
2023-12-06,102.5,103.0,101.5,101.5,604000
2023-12-07,102.0,102.5,101.5,102.5,353000
2023-12-08,103.0,103.0,101.0,101.5,544000
2023-12-11,104.0,105.0,102.5,103.0,859000
2023-12-12,103.0,103.5,102.0,103.0,609000
2023-12-13,103.5,104.0,102.0,103.0,383000
2023-12-14,104.0,104.0,102.0,102.0,461000
2023-12-15,102.5,104.0,102.0,103.0,668000
2023-12-18,103.5,104.5,103.0,103.5,489000
2023-12-19,104.0,104.0,101.5,101.5,650000
2023-12-20,102.0,102.5,101.5,101.5,318000
2023-12-21,101.5,102.0,100.0,100.5,736000
2023-12-22,100.5,101.5,100.0,100.5,266000
2023-12-25,100.5,101.0,98.9000015258789,99.0,796000
2023-12-26,99.0999984741211,100.5,98.19999694824219,100.5,581000
2023-12-27,100.5,101.0,99.9000015258789,100.0,596000
2023-12-28,100.5,100.5,99.19999694824219,99.4000015258789,406000
2023-12-29,99.5,100.5,99.4000015258789,100.5,469000
2024-01-02,101.0,102.5,100.5,102.5,1017000
2024-01-03,103.0,103.0,101.0,101.0,498000
2024-01-04,101.0,101.0,99.30000305175781,99.69999694824219,625000
2024-01-05,99.80000305175781,101.0,99.5,101.0,395000
2024-01-08,101.0,101.0,99.4000015258789,99.5999984741211,573000
2024-01-09,100.0,100.5,98.0,98.0999984741211,627000
2024-01-10,98.19999694824219,98.30000305175781,97.0,97.5,536000
2024-01-11,96.69999694824219,97.80000305175781,96.5,97.80000305175781,522000
2024-01-12,97.80000305175781,98.69999694824219,96.30000305175781,96.4000015258789,520000
2024-01-15,98.0,98.9000015258789,97.0999984741211,98.0,472354
2024-01-16,99.0,99.0,97.4000015258789,97.5,312000
2024-01-17,97.80000305175781,98.0,95.4000015258789,95.5999984741211,526000
2024-01-18,93.5,96.19999694824219,93.5,95.30000305175781,503000
2024-01-19,96.0,96.4000015258789,94.4000015258789,94.5999984741211,461000
2024-01-22,95.19999694824219,96.69999694824219,94.9000015258789,96.0,392000
2024-01-23,96.69999694824219,98.4000015258789,96.5999984741211,98.19999694824219,366000
2024-01-24,97.69999694824219,98.4000015258789,96.9000015258789,97.0999984741211,321000
2024-01-25,97.19999694824219,97.19999694824219,95.5999984741211,95.69999694824219,461000
2024-01-26,95.30000305175781,97.69999694824219,95.30000305175781,96.0,394000
2024-01-29,86.4000015258789,96.4000015258789,86.4000015258789,95.5,4865000
2024-01-30,94.80000305175781,95.4000015258789,92.5,93.0,1222000
2024-01-31,92.9000015258789,94.9000015258789,92.5999984741211,94.19999694824219,557000
2024-02-01,94.19999694824219,95.30000305175781,93.5,93.5,375000
2024-02-02,93.5999984741211,93.5999984741211,92.5999984741211,92.5999984741211,417000
2024-02-05,93.0,93.0,91.19999694824219,91.80000305175781,624000
2024-02-15,92.0,93.0,91.4000015258789,92.0,511000
2024-02-16,93.0,95.0999984741211,93.0,94.9000015258789,769000
2024-02-19,95.0999984741211,96.0,94.69999694824219,95.0,504000
2024-02-20,96.0,96.0,94.69999694824219,95.0,462000
2024-02-21,95.30000305175781,95.80000305175781,94.19999694824219,94.5999984741211,339000
2024-02-22,95.0999984741211,95.0999984741211,94.0,94.0,270000
2024-02-23,94.0,94.19999694824219,93.5,93.5999984741211,394000
2024-02-26,93.80000305175781,96.80000305175781,93.5999984741211,96.5999984741211,1001000
2024-02-27,97.0,97.19999694824219,94.4000015258789,94.9000015258789,706000
2024-02-29,95.80000305175781,95.80000305175781,94.0999984741211,94.80000305175781,597000
2024-03-01,93.5999984741211,94.69999694824219,93.5999984741211,93.5999984741211,487000
2024-03-04,93.5,94.19999694824219,92.80000305175781,93.0,552000
2024-03-05,93.0999984741211,94.19999694824219,92.0999984741211,92.0999984741211,728000
2024-03-06,92.69999694824219,92.69999694824219,91.19999694824219,91.5,870000
2024-03-07,91.5,92.4000015258789,90.30000305175781,92.0999984741211,1124000
2024-03-08,92.5,92.9000015258789,90.5999984741211,90.5999984741211,716000
2024-03-11,89.0,89.80000305175781,88.0999984741211,88.5999984741211,1337000
2024-03-12,88.5999984741211,89.5999984741211,88.30000305175781,88.69999694824219,689000
2024-03-13,89.0,91.69999694824219,88.69999694824219,89.0999984741211,1042000
2024-03-14,89.30000305175781,89.9000015258789,88.69999694824219,88.69999694824219,451000
2024-03-15,88.80000305175781,88.9000015258789,88.30000305175781,88.4000015258789,364000
2024-03-18,88.4000015258789,88.4000015258789,88.4000015258789,88.4000015258789,0
2024-03-19,86.9000015258789,87.5,86.5,86.9000015258789,549000
2024-03-20,86.9000015258789,87.19999694824219,85.19999694824219,85.9000015258789,1085000
2024-03-21,85.9000015258789,86.69999694824219,85.80000305175781,86.4000015258789,517000
2024-03-22,86.4000015258789,87.5,86.30000305175781,87.19999694824219,339000
2024-03-25,87.19999694824219,87.19999694824219,87.19999694824219,87.19999694824219,0
2024-03-26,87.19999694824219,87.19999694824219,87.19999694824219,87.19999694824219,0
2024-03-27,86.0,88.9000015258789,85.9000015258789,88.19999694824219,762000
2024-03-28,88.9000015258789,89.0,87.80000305175781,88.0,377000
2024-03-29,88.4000015258789,88.4000015258789,86.30000305175781,87.0,451000
2024-04-01,87.4000015258789,88.69999694824219,87.4000015258789,88.0999984741211,480000
2024-04-02,87.5,87.9000015258789,87.0,87.0999984741211,436000
2024-04-03,87.0,87.0,86.0999984741211,86.4000015258789,365000
2024-04-08,86.80000305175781,87.4000015258789,85.80000305175781,85.9000015258789,424000
2024-04-09,86.0,86.0,85.19999694824219,85.5,499000
2024-04-10,85.30000305175781,87.30000305175781,85.30000305175781,86.0,386000
2024-04-11,86.5,87.0,85.5999984741211,85.80000305175781,334000
2024-04-12,86.19999694824219,86.19999694824219,85.19999694824219,85.30000305175781,471000
2024-04-15,85.30000305175781,85.30000305175781,82.0999984741211,82.30000305175781,1336000
2024-04-16,82.0,82.19999694824219,78.69999694824219,79.0999984741211,1556000
2024-04-17,79.19999694824219,81.9000015258789,79.19999694824219,81.30000305175781,592000
2024-04-18,81.0,81.0,79.80000305175781,80.5999984741211,361000
2024-04-19,80.0,80.0999984741211,76.5,77.0,1030000
2024-04-22,77.0,78.5999984741211,77.0,77.4000015258789,544000
2024-04-23,77.69999694824219,78.30000305175781,77.30000305175781,78.19999694824219,313000
2024-04-24,78.30000305175781,79.30000305175781,78.19999694824219,79.0,438000
2024-04-25,79.19999694824219,79.5,78.4000015258789,78.69999694824219,313000
2024-04-26,78.69999694824219,79.0999984741211,78.4000015258789,78.69999694824219,308000
2024-04-29,78.80000305175781,81.0999984741211,78.80000305175781,81.0999984741211,550000
2024-04-30,81.9000015258789,81.9000015258789,80.4000015258789,81.5999984741211,300000
2024-05-02,81.30000305175781,82.0,80.5,80.69999694824219,358000
2024-05-03,81.69999694824219,81.69999694824219,80.5,80.5,186000
2024-05-06,81.0,81.5,80.30000305175781,80.4000015258789,199000
2024-05-07,81.0,81.19999694824219,78.9000015258789,79.30000305175781,335000
2024-05-08,79.30000305175781,80.30000305175781,79.30000305175781,80.19999694824219,270000
2024-05-09,80.4000015258789,81.69999694824219,80.0,80.0,441000
2024-05-10,80.0999984741211,80.19999694824219,79.0,79.9000015258789,289000
2024-05-13,80.5999984741211,80.5999984741211,79.69999694824219,80.19999694824219,250000
2024-05-14,80.5999984741211,82.30000305175781,80.19999694824219,82.30000305175781,471000
2024-05-15,82.4000015258789,82.4000015258789,80.80000305175781,80.9000015258789,339000
2024-05-16,81.19999694824219,81.80000305175781,80.9000015258789,81.19999694824219,365000
2024-05-17,81.5,83.19999694824219,80.5999984741211,83.0999984741211,790000
2024-05-20,83.5,83.5,81.5999984741211,82.5,396000
2024-05-21,83.0,83.0,80.0,81.5,544000
2024-05-22,82.0,82.0,80.80000305175781,80.80000305175781,272000
2024-05-23,81.0,81.69999694824219,80.0999984741211,80.0999984741211,369000
2024-05-24,79.5999984741211,80.0,79.4000015258789,79.5999984741211,236000
2024-05-27,79.4000015258789,80.0,79.19999694824219,79.5,383000
2024-05-28,79.5,80.69999694824219,79.0999984741211,80.0999984741211,275000
2024-05-29,80.30000305175781,80.9000015258789,80.0,80.0,301000
2024-05-30,79.19999694824219,79.80000305175781,79.0999984741211,79.0999984741211,378000
2024-05-31,79.0999984741211,80.5,78.80000305175781,80.30000305175781,528000
2024-06-03,80.9000015258789,80.9000015258789,79.4000015258789,79.5,385000
2024-06-04,79.80000305175781,80.30000305175781,79.19999694824219,79.30000305175781,382000
2024-06-05,79.5999984741211,80.30000305175781,79.19999694824219,80.0,355000
2024-06-06,80.69999694824219,80.69999694824219,78.0,78.30000305175781,740000
2024-06-07,78.80000305175781,79.19999694824219,77.9000015258789,78.5,616000
2024-06-11,81.80000305175781,86.30000305175781,81.30000305175781,86.30000305175781,4198000
2024-06-12,87.80000305175781,89.69999694824219,83.69999694824219,84.5,5236000
2024-06-13,84.5999984741211,84.9000015258789,83.0999984741211,83.9000015258789,1252000
2024-06-14,85.9000015258789,86.5,83.80000305175781,84.0,1175000
2024-06-17,84.0,86.19999694824219,83.5999984741211,85.0,978000
2024-06-18,85.5999984741211,86.69999694824219,84.69999694824219,85.0999984741211,1087000
2024-06-19,84.9000015258789,85.0999984741211,83.5,83.80000305175781,818000
2024-06-20,84.5999984741211,86.30000305175781,84.0999984741211,86.0999984741211,1408000
2024-06-21,86.80000305175781,87.4000015258789,85.69999694824219,86.5999984741211,1182000
2024-06-24,87.5,87.80000305175781,86.0999984741211,86.0999984741211,983000
2024-06-25,86.30000305175781,86.80000305175781,85.0999984741211,85.5999984741211,570000
2024-06-26,86.5,92.5,86.0999984741211,90.5999984741211,4268000
2024-06-27,91.0,91.0,88.0,88.0,2076000
2024-06-28,88.5,91.0,88.30000305175781,90.5,1816000
2024-07-01,91.5,97.9000015258789,90.5999984741211,96.5,5695000
2024-07-02,98.0,100.5,96.5,97.0999984741211,6327000
2024-07-03,97.0,97.0,94.5999984741211,94.9000015258789,2303000
2024-07-04,94.9000015258789,95.0,93.0,93.9000015258789,1577000
2024-07-05,94.19999694824219,95.4000015258789,92.69999694824219,93.0,1183000
2024-07-08,93.0999984741211,95.4000015258789,93.0999984741211,93.4000015258789,1057000
2024-07-09,93.4000015258789,93.80000305175781,89.5999984741211,91.30000305175781,1560000
2024-07-10,91.30000305175781,92.9000015258789,91.30000305175781,92.4000015258789,610000
2024-07-11,91.19999694824219,91.4000015258789,90.0,90.5,1048000
2024-07-12,91.0999984741211,92.5,91.0999984741211,91.19999694824219,891000
2024-07-15,91.4000015258789,94.4000015258789,91.4000015258789,93.69999694824219,1337000
2024-07-16,94.5999984741211,95.0,92.69999694824219,92.69999694824219,1233000
2024-07-17,93.4000015258789,95.5,92.80000305175781,94.30000305175781,1341000
2024-07-18,94.9000015258789,95.0999984741211,93.0999984741211,93.4000015258789,1323000
2024-07-19,92.30000305175781,93.5,90.5,90.5,1223000
2024-07-22,90.5,93.0,88.19999694824219,89.0,1036000
2024-07-23,89.5,90.9000015258789,89.4000015258789,90.0999984741211,452000
2024-07-26,89.0,89.80000305175781,88.19999694824219,88.30000305175781,585000
2024-07-29,88.80000305175781,88.9000015258789,85.9000015258789,85.9000015258789,717000
2024-07-30,86.19999694824219,88.0999984741211,85.9000015258789,88.0999984741211,582000
2024-07-31,88.0999984741211,89.30000305175781,87.5999984741211,87.5999984741211,466000
2024-08-01,88.4000015258789,89.0999984741211,87.30000305175781,89.0,630000
2024-08-02,87.5,88.5,85.5999984741211,85.69999694824219,555000
2024-08-05,84.30000305175781,84.5,77.19999694824219,77.30000305175781,1872000
2024-08-06,79.19999694824219,79.9000015258789,72.19999694824219,78.0999984741211,1225000
2024-08-07,78.5,81.9000015258789,78.5,81.0999984741211,654000
2024-08-08,80.5,83.0999984741211,79.69999694824219,81.5,639000
2024-08-09,82.4000015258789,83.0,80.0999984741211,80.69999694824219,569000
2024-08-12,82.5999984741211,82.5999984741211,80.80000305175781,81.0999984741211,400000
2024-08-13,81.4000015258789,82.0,80.80000305175781,82.0,272000
2024-08-14,82.4000015258789,82.5,81.5,82.5,383000
2024-08-15,82.5999984741211,84.30000305175781,82.5999984741211,83.80000305175781,590000
2024-08-16,84.0999984741211,84.9000015258789,83.9000015258789,84.69999694824219,471000
2024-08-19,85.0999984741211,85.4000015258789,84.0,84.0,365000
2024-08-20,84.19999694824219,85.9000015258789,83.5999984741211,85.5,545000
2024-08-21,85.9000015258789,86.30000305175781,85.4000015258789,85.5,393000
2024-08-22,85.5999984741211,85.69999694824219,84.30000305175781,84.5999984741211,392000
2024-08-23,84.5999984741211,85.0999984741211,84.19999694824219,84.5999984741211,210000
2024-08-26,85.69999694824219,86.0,84.4000015258789,84.4000015258789,206000
2024-08-27,85.0999984741211,85.5999984741211,84.5,85.0,195000
2024-08-28,85.0999984741211,85.5999984741211,84.5999984741211,85.0999984741211,138000
2024-08-29,85.0,85.5,84.0,84.0999984741211,340000
2024-08-30,84.19999694824219,85.9000015258789,84.19999694824219,85.9000015258789,404000
2024-09-02,86.0,86.0,85.0999984741211,85.0999984741211,136000
2024-09-03,85.0999984741211,86.0,83.5,84.5999984741211,218000
2024-09-04,82.30000305175781,83.9000015258789,81.0999984741211,82.9000015258789,489000
2024-09-05,84.30000305175781,84.69999694824219,81.5999984741211,82.5,394000
2024-09-06,83.4000015258789,83.4000015258789,82.0999984741211,82.80000305175781,215000
2024-09-09,82.5,83.9000015258789,82.30000305175781,83.69999694824219,191000
2024-09-10,84.0,85.0,82.5999984741211,82.69999694824219,319000
2024-09-11,82.5,83.30000305175781,82.30000305175781,83.0999984741211,167000
2024-09-12,83.5,83.5,82.5999984741211,83.0,155000
2024-09-13,83.30000305175781,83.9000015258789,83.0,83.0,155000
2024-09-16,83.4000015258789,84.4000015258789,83.19999694824219,84.19999694824219,271000
2024-09-18,84.30000305175781,89.19999694824219,84.30000305175781,88.80000305175781,1200000
2024-09-19,88.5,89.69999694824219,87.19999694824219,87.9000015258789,961000
2024-09-20,88.80000305175781,91.69999694824219,88.0,89.30000305175781,1081000
2024-09-23,91.0999984741211,94.69999694824219,89.5,94.0,2290000
2024-09-24,94.0999984741211,96.0,91.30000305175781,91.5,2047000
2024-09-25,91.69999694824219,92.5,90.69999694824219,91.0999984741211,729000
2024-09-26,92.0,92.0,86.19999694824219,86.19999694824219,2207000
2024-09-27,86.5999984741211,88.30000305175781,86.5999984741211,87.5999984741211,643000
2024-09-30,88.5,91.69999694824219,87.80000305175781,88.80000305175781,1438000
2024-10-01,89.19999694824219,89.4000015258789,87.69999694824219,88.4000015258789,493000
2024-10-04,88.5,88.5,86.5,87.4000015258789,389000
2024-10-07,87.69999694824219,88.5999984741211,87.69999694824219,88.4000015258789,332000
2024-10-08,88.30000305175781,88.5999984741211,87.19999694824219,87.30000305175781,265000
2024-10-09,87.9000015258789,87.9000015258789,86.69999694824219,87.30000305175781,212000
2024-10-11,86.69999694824219,86.9000015258789,84.5,84.5,752000
2024-10-14,84.19999694824219,84.69999694824219,83.5999984741211,84.4000015258789,380000
2024-10-15,84.19999694824219,85.0999984741211,84.19999694824219,85.0,256000
2024-10-16,84.9000015258789,85.19999694824219,84.30000305175781,85.0999984741211,187000
2024-10-17,85.0999984741211,85.69999694824219,84.30000305175781,84.5,256000
2024-10-18,84.9000015258789,84.9000015258789,83.69999694824219,84.0,327000
2024-10-21,84.0999984741211,85.30000305175781,83.80000305175781,85.30000305175781,166000
2024-10-22,85.80000305175781,87.0,84.80000305175781,86.5999984741211,311000
2024-10-23,86.80000305175781,88.5999984741211,86.69999694824219,88.0,583000
2024-10-24,88.0,92.5,88.0,90.9000015258789,2132000
2024-10-25,91.19999694824219,91.69999694824219,88.9000015258789,89.0999984741211,761000
2024-10-28,89.80000305175781,90.5,89.0,89.5,495000
2024-10-29,92.0,93.80000305175781,91.30000305175781,91.5999984741211,2957000
2024-10-30,90.80000305175781,94.80000305175781,90.80000305175781,93.0,2039000
2024-11-01,93.0,95.30000305175781,91.0999984741211,91.80000305175781,1835000
2024-11-04,93.4000015258789,95.80000305175781,92.4000015258789,92.5999984741211,2468000
2024-11-05,93.0,94.5999984741211,92.30000305175781,94.0999984741211,1340000
2024-11-06,93.69999694824219,95.4000015258789,92.80000305175781,93.0999984741211,1788000
2024-11-07,93.5999984741211,93.69999694824219,91.19999694824219,91.69999694824219,1084000
2024-11-08,92.19999694824219,92.9000015258789,91.30000305175781,91.69999694824219,673000
2024-11-11,92.30000305175781,92.69999694824219,90.5999984741211,90.69999694824219,597000
2024-11-12,89.0,89.80000305175781,87.30000305175781,89.4000015258789,1088000
2024-11-13,89.4000015258789,89.9000015258789,88.5999984741211,89.5,365000
2024-11-14,90.5,92.5,89.0,89.0,732000
2024-11-15,89.0,89.5,88.4000015258789,88.69999694824219,298000
2024-11-18,88.0999984741211,88.5,87.0,87.0,589000
2024-11-19,87.0,87.30000305175781,85.9000015258789,86.5999984741211,485000
2024-11-20,86.9000015258789,88.0,86.5,87.4000015258789,354158
2024-11-21,88.0,89.9000015258789,87.9000015258789,89.80000305175781,588000
2024-11-22,90.0,90.19999694824219,88.4000015258789,88.5999984741211,527000
2024-11-25,89.0,89.5999984741211,88.19999694824219,88.19999694824219,316000
2024-11-26,88.19999694824219,89.4000015258789,88.19999694824219,89.0,235000
2024-11-27,90.0,94.5999984741211,90.0,91.0999984741211,3013000
2024-11-28,91.5,93.30000305175781,90.9000015258789,92.0999984741211,1251000
2024-11-29,92.0999984741211,95.69999694824219,91.5,94.19999694824219,2406000
2024-12-02,95.0999984741211,96.0999984741211,93.30000305175781,93.30000305175781,1971000
2024-12-03,93.80000305175781,94.19999694824219,91.19999694824219,92.19999694824219,1356000
2024-12-04,92.19999694824219,93.4000015258789,91.5,92.30000305175781,715000
2024-12-05,93.0999984741211,93.19999694824219,91.5,91.5,616000
2024-12-06,91.19999694824219,92.0,89.0999984741211,90.19999694824219,931000
2024-12-09,90.19999694824219,93.5,90.19999694824219,92.0999984741211,1238000
2024-12-10,82.9000015258789,82.9000015258789,82.9000015258789,82.9000015258789,1103000
2024-12-11,78.4000015258789,79.5,75.0999984741211,76.5999984741211,6201000
2024-12-12,75.69999694824219,75.69999694824219,72.5999984741211,73.5,4034000
2024-12-13,73.19999694824219,73.30000305175781,66.9000015258789,68.0,4680000
2024-12-16,69.4000015258789,70.5999984741211,68.0,69.5,2520000
2024-12-17,71.69999694824219,74.5999984741211,71.0,74.5999984741211,2457000
2024-12-18,74.19999694824219,75.0999984741211,73.0999984741211,74.5,1611000
2024-12-19,73.5,74.30000305175781,73.0,73.0999984741211,890000
2024-12-20,73.30000305175781,73.4000015258789,71.0,71.69999694824219,1183000
2024-12-23,71.9000015258789,72.30000305175781,71.19999694824219,71.5999984741211,612000
2024-12-24,71.5999984741211,72.19999694824219,70.5999984741211,70.9000015258789,470000
2024-12-25,71.9000015258789,72.19999694824219,70.69999694824219,71.0999984741211,442000
2024-12-26,71.19999694824219,73.0,71.19999694824219,71.4000015258789,849000
2024-12-27,71.5999984741211,73.0999984741211,70.69999694824219,70.9000015258789,559000
2024-12-30,71.5,71.5,70.5999984741211,71.5,458000
2024-12-31,71.30000305175781,72.0,70.5999984741211,72.0,445000
2025-01-02,72.0,72.5,71.19999694824219,72.5,686000
2025-01-03,72.30000305175781,73.0,72.0,72.80000305175781,574000
2025-01-06,73.0,74.19999694824219,72.69999694824219,74.0,965000
2025-01-07,74.0,74.5999984741211,73.5,74.5,681000
2025-01-08,74.5,75.0,74.0999984741211,74.9000015258789,564000
2025-01-09,74.5999984741211,75.80000305175781,73.5999984741211,75.80000305175781,1010000
2025-01-10,76.4000015258789,78.30000305175781,76.4000015258789,77.9000015258789,1314000
2025-01-13,78.19999694824219,78.19999694824219,76.5999984741211,77.9000015258789,708000
2025-01-14,78.5,79.5999984741211,77.80000305175781,78.30000305175781,723000
2025-01-15,77.9000015258789,79.0,77.80000305175781,79.0,452000
2025-01-16,78.9000015258789,79.80000305175781,78.69999694824219,79.80000305175781,553000
2025-01-17,79.80000305175781,81.5,79.5999984741211,81.19999694824219,927000
2025-01-20,81.5999984741211,81.5999984741211,80.69999694824219,80.9000015258789,663000
2025-01-21,80.5999984741211,80.5999984741211,76.30000305175781,76.30000305175781,1086000
2025-01-22,76.5,80.5,76.0,80.5,816000
2025-02-03,78.5,81.5999984741211,78.0,81.4000015258789,1150448
2025-02-04,80.5999984741211,81.0999984741211,79.80000305175781,81.0,499300
2025-02-05,81.19999694824219,81.5999984741211,80.30000305175781,80.9000015258789,538508
2025-02-06,80.9000015258789,81.5999984741211,80.5999984741211,81.5999984741211,464710
2025-02-07,82.0999984741211,84.0,81.80000305175781,83.5,781401
2025-02-10,83.0999984741211,83.80000305175781,82.19999694824219,82.69999694824219,396000
2025-02-11,81.5,83.80000305175781,79.5,83.80000305175781,914902
2025-02-12,82.0,83.80000305175781,80.69999694824219,80.69999694824219,879100
2025-02-13,80.80000305175781,81.5,80.19999694824219,80.80000305175781,444200
2025-02-14,81.4000015258789,82.80000305175781,80.5,81.9000015258789,435050
2025-02-17,82.19999694824219,82.30000305175781,81.30000305175781,81.80000305175781,323205
2025-02-18,81.80000305175781,82.0,80.69999694824219,81.4000015258789,259000
2025-02-19,82.5,83.0999984741211,81.80000305175781,82.30000305175781,413000
2025-02-20,82.19999694824219,82.4000015258789,81.0999984741211,81.30000305175781,375635
2025-02-21,81.9000015258789,81.9000015258789,80.5,81.19999694824219,282059
2025-02-24,80.80000305175781,82.5999984741211,80.80000305175781,81.69999694824219,353000
2025-02-25,82.19999694824219,82.19999694824219,80.0,80.0999984741211,457200
2025-02-26,80.19999694824219,80.5,79.4000015258789,79.5,330300
2025-02-27,79.69999694824219,80.0,79.0,79.0,271192
2025-03-03,78.5999984741211,78.80000305175781,77.4000015258789,78.0999984741211,275001
2025-03-04,77.5,78.30000305175781,76.80000305175781,77.9000015258789,248127
2025-03-05,77.80000305175781,78.5999984741211,77.80000305175781,77.80000305175781,218015
2025-03-06,78.0,78.30000305175781,77.5,77.5999984741211,227000
2025-03-07,77.0999984741211,78.19999694824219,76.19999694824219,76.4000015258789,346250
2025-03-10,76.0999984741211,77.30000305175781,75.30000305175781,76.69999694824219,302262
2025-03-11,75.0,76.30000305175781,73.0,75.5,422050
2025-03-12,75.5,76.69999694824219,75.5,75.80000305175781,219505
2025-03-13,75.80000305175781,76.0999984741211,74.5,74.80000305175781,218100
2025-03-14,74.80000305175781,75.69999694824219,74.19999694824219,75.5999984741211,188260
2025-03-17,75.69999694824219,76.4000015258789,75.5999984741211,76.19999694824219,109170
2025-03-18,75.80000305175781,77.19999694824219,75.80000305175781,77.19999694824219,233030
2025-03-19,77.0999984741211,77.5,76.0999984741211,76.69999694824219,188127
2025-03-20,76.9000015258789,78.4000015258789,76.5999984741211,78.30000305175781,219603
2025-03-21,78.5,78.5999984741211,77.9000015258789,78.30000305175781,147290
2025-03-24,78.19999694824219,78.19999694824219,76.69999694824219,76.69999694824219,347532
2025-03-25,78.0,78.0999984741211,77.0,77.80000305175781,239500
2025-03-26,77.9000015258789,78.5,77.80000305175781,78.0,174038
2025-03-27,78.9000015258789,78.9000015258789,77.0999984741211,77.19999694824219,164001
2025-03-28,77.19999694824219,77.19999694824219,73.5999984741211,74.5,348060
2025-03-31,73.69999694824219,73.69999694824219,69.5999984741211,69.80000305175781,655367
2025-04-01,71.0,72.69999694824219,70.69999694824219,72.0,221127
2025-04-02,72.0,72.5999984741211,71.30000305175781,72.0999984741211,141144
2025-04-07,64.9000015258789,64.9000015258789,64.9000015258789,64.9000015258789,130555
2025-04-08,59.20000076293945,61.5,58.5,58.5,1608377
2025-04-09,55.599998474121094,57.79999923706055,52.70000076293945,52.70000076293945,1257300
2025-04-10,57.0,57.900001525878906,57.0,57.900001525878906,497911
2025-04-11,56.5,60.5,54.900001525878906,60.5,643293
2025-04-14,60.900001525878906,62.20000076293945,60.900001525878906,62.0,463000
2025-04-15,61.5,63.5,61.29999923706055,63.5,351600
2025-04-16,63.5,63.5,61.599998474121094,62.099998474121094,318930
2025-04-17,61.20000076293945,63.70000076293945,61.20000076293945,63.20000076293945,204003
2025-04-18,63.599998474121094,63.599998474121094,62.5,63.0,128020
2025-04-21,63.0,63.0,60.5,60.5,247000
2025-04-22,60.20000076293945,61.79999923706055,59.900001525878906,61.0,292200
2025-04-23,62.0,63.29999923706055,61.900001525878906,62.0,207000
2025-04-24,61.599998474121094,62.0,60.70000076293945,61.5,190351
2025-04-25,61.599998474121094,62.5,61.20000076293945,61.29999923706055,247000
2025-04-28,61.5,62.29999923706055,61.0,62.0,344020
2025-04-29,62.5,63.5,62.400001525878906,63.099998474121094,341000
2025-04-30,63.5,64.4000015258789,62.79999923706055,63.5,312000
2025-05-02,64.0,64.0999984741211,63.400001525878906,63.400001525878906,290100
2025-05-05,63.400001525878906,63.599998474121094,60.400001525878906,61.70000076293945,256120
2025-05-06,61.400001525878906,62.70000076293945,61.20000076293945,61.5,184100
2025-05-07,61.5,61.599998474121094,60.79999923706055,60.79999923706055,194000
2025-05-08,60.20000076293945,61.900001525878906,60.20000076293945,61.20000076293945,135500
2025-05-09,62.0,62.0,61.29999923706055,61.900001525878906,127556
2025-05-12,62.20000076293945,63.0,62.0,62.400001525878906,340153
2025-05-13,63.5,63.79999923706055,61.20000076293945,61.70000076293945,397035
2025-05-14,62.29999923706055,65.4000015258789,62.29999923706055,64.5,801194
2025-05-15,64.19999694824219,64.4000015258789,63.29999923706055,63.29999923706055,335651
2025-05-16,64.0,64.0,62.79999923706055,63.0,178000
2025-05-19,63.0,68.4000015258789,63.0,65.9000015258789,1110042
2025-05-20,66.0999984741211,66.30000305175781,64.19999694824219,64.5,510337
2025-05-21,64.69999694824219,65.0,64.19999694824219,64.4000015258789,196001
2025-05-22,65.0,66.0,63.599998474121094,63.70000076293945,326100
2025-05-23,64.0,64.30000305175781,63.29999923706055,63.599998474121094,83000
2025-05-26,63.599998474121094,63.900001525878906,63.099998474121094,63.099998474121094,220000
2025-05-27,63.5,64.30000305175781,62.70000076293945,62.900001525878906,261510
2025-05-28,63.0,64.0999984741211,63.0,63.20000076293945,203060
2025-05-29,63.400001525878906,64.0999984741211,62.79999923706055,62.900001525878906,257623
2025-06-02,62.79999923706055,63.0,61.5,61.5,318000
2025-06-03,61.79999923706055,62.400001525878906,61.70000076293945,61.900001525878906,205001
2025-06-04,62.5,63.79999923706055,61.79999923706055,63.599998474121094,351050
2025-06-05,63.900001525878906,63.900001525878906,63.20000076293945,63.400001525878906,120027
2025-06-06,64.19999694824219,64.19999694824219,63.0,63.70000076293945,199500
2025-06-09,63.79999923706055,63.79999923706055,62.79999923706055,63.099998474121094,149000
2025-06-10,62.70000076293945,62.900001525878906,62.0,62.0,284545
2025-06-11,62.0,62.5,61.599998474121094,61.79999923706055,262355
2025-06-12,62.400001525878906,63.20000076293945,62.099998474121094,62.79999923706055,246000
2025-06-13,62.79999923706055,64.30000305175781,61.900001525878906,62.099998474121094,687000
2025-06-16,62.0,62.0,60.79999923706055,61.099998474121094,306055
2025-06-17,61.29999923706055,61.70000076293945,60.79999923706055,60.900001525878906,214023
2025-06-18,61.79999923706055,61.79999923706055,60.599998474121094,60.599998474121094,182510
2025-06-19,60.599998474121094,60.79999923706055,59.400001525878906,59.599998474121094,377060
2025-06-20,60.099998474121094,65.5,60.099998474121094,65.5,2835072
2025-06-23,66.0,66.69999694824219,61.70000076293945,62.599998474121094,4065131
2025-06-24,62.79999923706055,64.0999984741211,62.79999923706055,64.0999984741211,806339
2025-06-25,64.9000015258789,64.9000015258789,63.599998474121094,64.0,502050
2025-06-26,64.5,64.5999984741211,63.599998474121094,63.599998474121094,349000
2025-06-27,63.29999923706055,63.70000076293945,62.099998474121094,62.79999923706055,355050
2025-06-30,62.900001525878906,63.0,61.400001525878906,61.400001525878906,442007
2025-07-01,62.29999923706055,62.79999923706055,61.599998474121094,62.099998474121094,311733
2025-07-02,62.099998474121094,63.79999923706055,62.099998474121094,63.79999923706055,360207
2025-07-03,63.79999923706055,64.0,63.5,64.0,166001
2025-07-04,63.70000076293945,64.5,62.400001525878906,62.400001525878906,273030
2025-07-07,62.20000076293945,62.20000076293945,61.29999923706055,61.5,165000
2025-07-08,61.0,62.099998474121094,60.20000076293945,61.900001525878906,304408
2025-07-09,61.70000076293945,61.79999923706055,61.099998474121094,61.400001525878906,127850
2025-07-10,61.400001525878906,63.099998474121094,61.0,61.900001525878906,274230
2025-07-11,62.20000076293945,62.5,61.79999923706055,62.5,195000
2025-07-14,62.20000076293945,62.400001525878906,61.5,61.599998474121094,137000
2025-07-15,62.0,62.79999923706055,61.599998474121094,62.79999923706055,169264
2025-07-16,63.0,64.19999694824219,62.5,63.599998474121094,373430
2025-07-17,63.599998474121094,66.5,63.599998474121094,66.0999984741211,929300
2025-07-18,66.19999694824219,67.30000305175781,65.4000015258789,66.4000015258789,577551
2025-07-21,66.4000015258789,66.4000015258789,66.4000015258789,66.4000015258789,0
2025-07-22,65.5999984741211,66.4000015258789,64.0,64.0,582078
2025-07-23,65.0,67.80000305175781,65.0,67.5999984741211,832130
2025-07-24,68.19999694824219,68.19999694824219,65.4000015258789,67.5999984741211,685110
2025-07-25,67.5,68.19999694824219,66.80000305175781,67.5,421010
2025-07-28,67.5,67.69999694824219,65.5,65.80000305175781,427164
2025-07-29,65.80000305175781,65.9000015258789,64.5,65.0,294310
2025-07-30,65.0999984741211,65.19999694824219,64.30000305175781,64.5,195617
2025-07-31,65.0,65.0,64.0,64.0,270526
2025-08-04,62.599998474121094,63.5,61.599998474121094,63.099998474121094,302139
2025-08-05,62.70000076293945,64.9000015258789,62.70000076293945,64.19999694824219,295000
2025-08-06,64.19999694824219,64.80000305175781,62.5,62.5,440800
2025-08-07,62.400001525878906,62.599998474121094,61.20000076293945,61.79999923706055,574256
2025-08-08,61.5,62.29999923706055,61.5,62.0,262053
2025-08-11,61.70000076293945,61.79999923706055,60.5,60.900001525878906,543127
2025-08-12,61.0,61.70000076293945,61.0,61.400001525878906,184377
2025-08-13,61.900001525878906,62.400001525878906,61.400001525878906,62.20000076293945,356449
2025-08-14,62.20000076293945,63.400001525878906,62.20000076293945,62.900001525878906,337000
2025-08-15,62.5,62.79999923706055,61.599998474121094,61.70000076293945,385022
2025-08-18,61.400001525878906,61.400001525878906,59.5,60.70000076293945,501167
2025-08-19,60.70000076293945,61.0,60.099998474121094,60.5,395000
2025-08-20,60.20000076293945,60.900001525878906,59.79999923706055,60.29999923706055,344050
2025-08-21,61.0,61.70000076293945,60.900001525878906,61.20000076293945,244255
2025-08-22,61.099998474121094,62.400001525878906,61.099998474121094,61.599998474121094,476797
2025-08-25,62.79999923706055,62.79999923706055,61.400001525878906,61.5,412175
2025-08-26,61.5,62.5,60.29999923706055,62.5,598300
2025-08-27,61.79999923706055,63.70000076293945,61.400001525878906,61.5,895001
2025-08-28,62.0,63.0,61.400001525878906,61.400001525878906,482013
2025-08-29,61.900001525878906,61.900001525878906,60.599998474121094,60.900001525878906,480320
2025-09-01,60.900001525878906,61.5,60.099998474121094,60.20000076293945,355523
2025-09-02,60.20000076293945,61.900001525878906,60.20000076293945,60.29999923706055,534057
2025-09-03,61.0,61.5,60.29999923706055,61.400001525878906,378254
2025-09-04,61.5,62.099998474121094,61.400001525878906,61.599998474121094,416254
2025-09-05,62.70000076293945,64.0,62.400001525878906,63.5,1471160
2025-09-08,65.4000015258789,68.80000305175781,65.0,65.0999984741211,1792150
2025-09-09,65.19999694824219,65.19999694824219,63.099998474121094,63.5,713749
2025-09-10,63.20000076293945,63.20000076293945,61.79999923706055,62.400001525878906,664079
2025-09-11,62.099998474121094,63.0,61.20000076293945,61.400001525878906,625381
2025-09-12,61.5,62.29999923706055,61.0,61.0,370029
2025-09-15,61.0,61.400001525878906,60.599998474121094,60.70000076293945,384397
2025-09-16,61.0,61.29999923706055,60.400001525878906,60.70000076293945,250000
2025-09-17,60.70000076293945,61.400001525878906,60.400001525878906,60.5,337006
2025-09-18,60.70000076293945,61.20000076293945,60.599998474121094,60.79999923706055,358000
2025-09-19,61.0,61.5,60.0,60.0,2735589
2025-09-22,60.29999923706055,60.70000076293945,60.20000076293945,60.5,278000
2025-09-23,60.400001525878906,60.79999923706055,60.29999923706055,60.599998474121094,336413
2025-09-24,61.400001525878906,61.900001525878906,60.5,60.70000076293945,612675
2025-09-25,62.79999923706055,63.79999923706055,62.0,62.900001525878906,1558438
2025-09-26,63.70000076293945,68.30000305175781,62.79999923706055,66.69999694824219,4216977
2025-09-30,67.4000015258789,70.5,65.5,70.30000305175781,3673131
2025-10-01,70.5999984741211,76.0,69.5,72.80000305175781,3664304
2025-10-02,73.0,75.4000015258789,72.5999984741211,74.0,3047953
2025-10-03,74.19999694824219,76.0,71.4000015258789,72.30000305175781,2366032
2025-10-07,73.5,75.0,72.19999694824219,73.0,2139444
2025-10-08,72.5999984741211,72.9000015258789,71.19999694824219,72.0,1054094
2025-10-09,72.0999984741211,73.30000305175781,71.0,71.5,1075501
2025-10-13,70.19999694824219,72.4000015258789,68.5,72.4000015258789,1287300
2025-10-14,72.30000305175781,76.0,72.19999694824219,74.80000305175781,2735637
2025-10-15,74.30000305175781,76.0,69.69999694824219,69.69999694824219,2620114
2025-10-16,70.0999984741211,70.9000015258789,68.69999694824219,70.19999694824219,945210
2025-10-17,70.19999694824219,71.5999984741211,69.80000305175781,70.30000305175781,491040
2025-10-20,71.0,71.19999694824219,68.19999694824219,68.5,799183
2025-10-21,69.0,72.19999694824219,69.0,69.69999694824219,924001
2025-10-22,70.80000305175781,70.80000305175781,69.0999984741211,70.19999694824219,411537
2025-10-23,70.0,70.4000015258789,69.0,69.0999984741211,394461
2025-10-27,69.5999984741211,69.5999984741211,67.0,67.5,1019100
2025-10-28,68.5,69.19999694824219,67.0,67.0999984741211,544488
2025-10-29,67.0999984741211,67.5,65.9000015258789,66.0999984741211,579397
2025-10-30,66.0999984741211,66.69999694824219,65.5,65.80000305175781,550010
2025-10-31,66.19999694824219,68.9000015258789,66.0,67.0,761110
2025-11-03,67.0999984741211,67.0999984741211,66.0,66.30000305175781,312047
2025-11-04,66.5999984741211,67.5999984741211,66.30000305175781,66.30000305175781,342000
2025-11-05,66.0,69.4000015258789,65.19999694824219,69.4000015258789,849100
2025-11-06,69.9000015258789,70.9000015258789,68.5999984741211,69.19999694824219,634010
2025-11-07,68.5999984741211,69.0999984741211,67.19999694824219,67.19999694824219,438273
2025-11-10,67.5,67.5,64.19999694824219,65.0,903001
2025-11-11,65.0,68.30000305175781,64.69999694824219,66.5999984741211,652050
2025-11-12,68.69999694824219,68.9000015258789,67.19999694824219,67.80000305175781,531082
2025-11-13,74.5,74.5,74.5,74.5,927539
2025-11-14,80.0,81.9000015258789,78.5999984741211,81.9000015258789,9217101
2025-11-17,82.0,84.30000305175781,75.5999984741211,76.5,6877975
2025-11-18,77.0,79.4000015258789,73.5999984741211,74.5999984741211,2997020
2025-11-19,74.30000305175781,75.69999694824219,72.69999694824219,72.80000305175781,1240159
2025-11-20,73.30000305175781,76.30000305175781,71.5,72.4000015258789,1417746
2025-11-21,71.5,73.0999984741211,70.4000015258789,72.30000305175781,684000
2025-11-24,72.19999694824219,74.0999984741211,72.0,72.4000015258789,812150
2025-11-25,72.9000015258789,75.19999694824219,72.5999984741211,73.69999694824219,607001
2025-11-26,74.0999984741211,76.30000305175781,74.0,75.5999984741211,1105030
2025-11-27,75.80000305175781,76.19999694824219,73.19999694824219,73.80000305175781,868304
2025-11-28,73.80000305175781,75.5999984741211,73.0,74.5,914000
2025-12-01,75.0999984741211,76.19999694824219,73.9000015258789,74.4000015258789,546170
2025-12-02,74.9000015258789,75.80000305175781,74.19999694824219,75.19999694824219,504100
2025-12-03,75.9000015258789,76.19999694824219,73.9000015258789,73.9000015258789,681226
2025-12-04,74.0,76.0,74.0,75.5999984741211,542320
2025-12-05,75.5999984741211,76.9000015258789,74.0999984741211,75.30000305175781,544398
2025-12-08,75.80000305175781,77.5,75.0999984741211,75.0999984741211,912000
2025-12-09,76.5,76.5,74.69999694824219,75.5,896000
2025-12-10,75.80000305175781,75.9000015258789,73.4000015258789,74.5,850210
2025-12-11,74.5999984741211,75.5999984741211,74.0999984741211,74.5999984741211,423010
2025-12-12,67.19999694824219,68.0,67.19999694824219,67.19999694824219,4979610
2025-12-15,65.80000305175781,67.0999984741211,64.0,65.5999984741211,1800422
2025-12-16,65.0999984741211,66.19999694824219,63.79999923706055,64.19999694824219,1330016
2025-12-17,64.0,64.9000015258789,63.099998474121094,63.099998474121094,883305
2025-12-18,63.5,64.0,62.599998474121094,63.20000076293945,577200
2025-12-19,63.20000076293945,63.79999923706055,63.099998474121094,63.5,344000
2025-12-22,63.79999923706055,63.79999923706055,63.29999923706055,63.400001525878906,324000
2025-12-23,63.599998474121094,63.70000076293945,62.900001525878906,62.900001525878906,445000
2025-12-24,62.5,63.29999923706055,62.20000076293945,62.599998474121094,370000
2025-12-26,62.70000076293945,63.20000076293945,62.099998474121094,62.400001525878906,371585
2025-12-29,62.400001525878906,63.099998474121094,62.20000076293945,62.29999923706055,333350
2025-12-30,62.5,62.599998474121094,61.20000076293945,61.70000076293945,544000
2025-12-31,61.70000076293945,62.400001525878906,61.400001525878906,61.70000076293945,318000
2026-01-02,61.70000076293945,63.099998474121094,61.70000076293945,62.099998474121094,384000
2026-01-05,62.099998474121094,62.099998474121094,61.29999923706055,61.5,598215
2026-01-06,62.0,62.599998474121094,61.400001525878906,61.79999923706055,405045
2026-01-07,61.79999923706055,63.0,61.79999923706055,62.400001525878906,730050
2026-01-08,62.5,63.5,62.5,63.400001525878906,586354
2026-01-09,63.400001525878906,63.79999923706055,62.400001525878906,63.099998474121094,298653
2026-01-12,63.5,64.9000015258789,63.400001525878906,63.70000076293945,557127
2026-01-13,64.30000305175781,64.69999694824219,63.599998474121094,64.5999984741211,550526
2026-01-14,65.0,66.5999984741211,64.9000015258789,66.0,832346
2026-01-15,66.5,67.5,65.69999694824219,67.0,910612
2026-01-16,67.5999984741211,67.5999984741211,65.69999694824219,65.80000305175781,652000
2026-01-19,65.69999694824219,66.30000305175781,65.19999694824219,65.19999694824219,656254
2026-01-20,64.9000015258789,65.30000305175781,64.0999984741211,64.0999984741211,534500
2026-01-21,63.79999923706055,64.0999984741211,62.900001525878906,63.0,612100
2026-01-22,63.0,63.70000076293945,62.099998474121094,62.79999923706055,522111
2026-01-23,62.900001525878906,65.5,62.900001525878906,64.69999694824219,867800
2026-01-26,65.0,65.80000305175781,64.0999984741211,64.30000305175781,471465
2026-01-27,64.69999694824219,65.80000305175781,64.0999984741211,65.30000305175781,595700
2026-01-28,65.80000305175781,66.0999984741211,63.79999923706055,63.79999923706055,728563
2026-01-29,63.79999923706055,63.79999923706055,62.79999923706055,63.29999923706055,528100
2026-01-30,63.29999923706055,63.29999923706055,62.20000076293945,62.20000076293945,486226
2026-02-02,62.20000076293945,62.20000076293945,60.400001525878906,60.400001525878906,910381
2026-02-03,61.0,61.20000076293945,60.0,60.29999923706055,628317
2026-02-04,60.29999923706055,62.400001525878906,60.29999923706055,61.79999923706055,424109
2026-02-05,61.79999923706055,62.5,61.400001525878906,62.099998474121094,377025
2026-02-06,62.099998474121094,62.099998474121094,60.099998474121094,60.400001525878906,422089
2026-02-09,60.79999923706055,61.099998474121094,59.70000076293945,59.900001525878906,583010
2026-02-10,60.5,61.5,60.20000076293945,61.0,459263
2026-02-11,61.0,61.599998474121094,59.599998474121094,61.20000076293945,395000
2026-02-23,61.0,61.70000076293945,60.599998474121094,61.29999923706055,664200
2026-02-24,61.5,62.099998474121094,61.29999923706055,61.5,440247
2026-02-25,61.5,62.0,60.900001525878906,61.0,446266
2026-02-26,61.0,61.29999923706055,60.5,60.599998474121094,610555
2026-03-02,59.0,61.79999923706055,59.0,61.20000076293945,648072
2026-03-03,61.0,61.5,60.400001525878906,60.400001525878906,509015
2026-03-04,61.0,61.0,58.79999923706055,58.79999923706055,723306
2026-03-05,59.5,61.0,59.5,61.0,531843
2026-03-06,61.400001525878906,61.400001525878906,59.20000076293945,59.79999923706055,570005
2026-03-09,57.70000076293945,57.79999923706055,56.599998474121094,57.0,695376
2026-03-10,58.599998474121094,58.900001525878906,57.29999923706055,57.900001525878906,459133
2026-03-11,58.400001525878906,59.599998474121094,58.29999923706055,59.099998474121094,271381
2026-03-12,58.20000076293945,58.79999923706055,57.5,57.70000076293945,365129
2026-03-13,56.70000076293945,57.599998474121094,56.599998474121094,56.70000076293945,535000
2026-03-16,57.0,57.599998474121094,56.900001525878906,56.900001525878906,415000
2026-03-17,57.20000076293945,57.900001525878906,57.0,57.400001525878906,319380
2026-03-18,60.0,61.0,59.20000076293945,59.400001525878906,1093271
2026-03-19,59.29999923706055,59.29999923706055,56.5,56.79999923706055,907002
2026-03-20,56.29999923706055,57.0,56.099998474121094,56.5,467827
2026-03-23,55.20000076293945,57.29999923706055,53.79999923706055,56.099998474121094,629144
2026-03-24,57.0,58.20000076293945,56.5,57.20000076293945,582000
2026-03-25,59.5,59.79999923706055,58.29999923706055,58.400001525878906,789600
2026-03-26,59.5,59.5,56.79999923706055,56.900001525878906,421002
2026-03-27,56.70000076293945,57.099998474121094,56.29999923706055,56.900001525878906,250100
2026-03-30,56.79999923706055,56.79999923706055,55.70000076293945,55.70000076293945,316844
2026-03-31,55.599998474121094,56.5,54.79999923706055,54.79999923706055,419002
2026-04-01,55.0,57.099998474121094,55.0,57.0,452993
2026-04-02,57.0,58.400001525878906,57.0,57.29999923706055,420000
2026-04-07,57.5,57.5,55.79999923706055,55.79999923706055,474002
2026-04-08,56.400001525878906,56.400001525878906,55.29999923706055,55.79999923706055,396543
2026-04-09,55.79999923706055,55.79999923706055,54.099998474121094,54.400001525878906,850278
2026-04-10,54.900001525878906,55.599998474121094,52.70000076293945,52.900001525878906,1378517
2026-04-13,53.20000076293945,53.400001525878906,51.900001525878906,52.0,725381
2026-04-14,52.599998474121094,52.70000076293945,51.099998474121094,51.29999923706055,932790
2026-04-15,51.400001525878906,51.70000076293945,50.5,51.5,810685
2026-04-16,52.20000076293945,52.400001525878906,51.0,51.29999923706055,1196100
2026-04-17,51.29999923706055,51.29999923706055,50.20000076293945,50.599998474121094,902254
2026-04-20,50.599998474121094,50.70000076293945,49.0,49.0,1722339
2026-04-21,48.95000076293945,48.95000076293945,47.900001525878906,48.349998474121094,1903187
2026-04-22,48.599998474121094,49.45000076293945,48.099998474121094,48.849998474121094,1272510
2026-04-23,49.04999923706055,49.099998474121094,46.5,47.0,1714000
2026-04-24,47.25,47.29999923706055,45.150001525878906,45.599998474121094,1815415
2026-04-27,45.599998474121094,47.099998474121094,43.5,46.099998474121094,2036813
2026-04-28,46.29999923706055,48.45000076293945,46.099998474121094,47.650001525878906,1228000
2026-04-29,47.849998474121094,48.20000076293945,46.849998474121094,47.099998474121094,793000
2026-04-30,47.0,47.0,45.0,45.150001525878906,1225955
2026-05-04,45.29999923706055,46.45000076293945,44.70000076293945,45.70000076293945,858000
2026-05-05,45.70000076293945,46.25,45.400001525878906,46.04999923706055,522635
2026-05-06,46.5,46.5,45.5,45.54999923706055,571100
2026-05-07,45.400001525878906,46.849998474121094,45.20000076293945,46.099998474121094,454227
2026-05-08,46.0,46.650001525878906,45.099998474121094,45.349998474121094,675000
2026-05-11,45.75,45.75,44.75,45.099998474121094,564782
2026-05-12,44.75,44.75,43.54999923706055,43.599998474121094,1407817
2026-05-13,42.95000076293945,42.95000076293945,41.0,41.349998474121094,1847203
2026-05-14,41.349998474121094,41.599998474121094,40.150001525878906,40.54999923706055,1346653
2026-05-15,42.849998474121094,44.599998474121094,42.849998474121094,44.599998474121094,817410
2026-05-18,45.599998474121094,46.29999923706055,43.95000076293945,44.400001525878906,3723160
2026-05-19,44.04999923706055,44.45000076293945,42.900001525878906,43.900001525878906,1249508
2026-05-20,43.900001525878906,44.599998474121094,43.349998474121094,43.599998474121094,699000
2026-05-21,44.0,44.0,43.400001525878906,43.650001525878906,872127
2026-05-22,43.849998474121094,43.900001525878906,42.75,43.70000076293945,1251138
2026-05-25,43.849998474121094,43.849998474121094,41.599998474121094,41.95000076293945,1860471
2026-05-26,42.0,42.5,40.75,41.45000076293945,1792178
2026-05-27,41.45000076293945,41.45000076293945,40.25,40.849998474121094,1783735
2026-05-28,41.099998474121094,41.849998474121094,40.599998474121094,41.5,1268481
2026-05-29,41.04999923706055,42.45000076293945,41.0,42.150001525878906,5752823
2026-06-01,42.349998474121094,44.150001525878906,42.349998474121094,44.0,1557162
2026-06-02,44.0,44.29999923706055,43.0,44.04999923706055,1186000
2026-06-03,44.45000076293945,44.79999923706055,43.400001525878906,44.79999923706055,974150
2026-06-04,44.79999923706055,46.95000076293945,44.45000076293945,44.900001525878906,1689203
2026-06-05,44.900001525878906,45.75,44.349998474121094,44.349998474121094,822000
2026-06-08,40.20000076293945,43.75,40.20000076293945,43.45000076293945,1623100
2026-06-09,42.849998474121094,45.0,42.849998474121094,45.0,765203
2026-06-10,44.5,45.849998474121094,44.099998474121094,45.5,1262400
2026-06-11,45.5,45.54999923706055,43.849998474121094,43.849998474121094,1116000
2026-06-12,44.5,45.349998474121094,44.20000076293945,44.849998474121094,951045
2026-06-15,45.45000076293945,45.45000076293945,44.45000076293945,45.150001525878906,651101
2026-06-16,45.25,45.25,44.349998474121094,45.0,658814
2026-06-17,46.0,46.20000076293945,44.900001525878906,45.45000076293945,1242535
2026-06-18,45.5,46.45000076293945,45.349998474121094,46.45000076293945,1180678
2026-06-22,47.0,47.0,46.25,46.25,1168109
2026-06-23,46.0,46.95000076293945,45.900001525878906,46.54999923706055,1177150
2026-06-24,46.400001525878906,47.45000076293945,46.04999923706055,47.099998474121094,1252399
2026-06-25,47.20000076293945,47.95000076293945,46.599998474121094,46.70000076293945,980808
2026-06-26,46.650001525878906,47.150001525878906,46.099998474121094,46.099998474121094,897200
2026-06-29,46.29999923706055,48.79999923706055,46.29999923706055,48.20000076293945,1507771
2026-06-30,48.5,50.29999923706055,48.5,49.900001525878906,1957729
2026-07-01,50.5,53.0,48.45000076293945,48.5,2770598
2026-07-02,48.5,49.0,46.849998474121094,46.900001525878906,1394178
2026-07-03,46.900001525878906,50.0,46.900001525878906,49.70000076293945,1600000
2026-07-06,51.20000076293945,53.599998474121094,50.5,51.400001525878906,2282130
2026-07-07,51.400001525878906,51.900001525878906,50.29999923706055,50.70000076293945,1490009
2026-07-08,50.400001525878906,51.5,49.400001525878906,49.400001525878906,986802
2026-07-09,49.5,49.54999923706055,48.25,48.25,717060
2026-07-10,48.25,48.25,48.25,48.25,0
2026-07-13,49.70000076293945,50.599998474121094,48.650001525878906,50.599998474121094,1488389
2026-07-14,49.599998474121094,49.599998474121094,45.849998474121094,46.599998474121094,1855014
2026-07-15,46.400001525878906,47.349998474121094,46.29999923706055,47.29999923706055,555527
2026-07-16,47.5,48.20000076293945,46.25,46.25,768370
2026-07-17,45.400001525878906,46.04999923706055,44.75,44.849998474121094,826060
2026-07-20,45.54999923706055,45.75,44.29999923706055,44.900001525878906,464353
2026-07-21,45.650001525878906,45.95000076293945,45.20000076293945,45.5,354165
2026-07-22,45.5,46.900001525878906,45.349998474121094,46.599998474121094,476050
2026-07-23,46.79999923706055,47.20000076293945,45.599998474121094,45.599998474121094,443666
2026-07-24,45.400001525878906,46.25,45.20000076293945,45.599998474121094,275125
2026-07-27,46.20000076293945,47.45000076293945,45.650001525878906,47.04999923706055,618003
2026-07-28,47.20000076293945,47.20000076293945,45.900001525878906,45.95000076293945,445000
2026-07-29,46.5,46.95000076293945,45.04999923706055,45.849998474121094,889010
2026-07-30,46.349998474121094,46.349998474121094,45.04999923706055,45.04999923706055,492041
2026-07-31,46.900001525878906,46.900001525878906,44.849998474121094,44.849998474121094,644000
2026-08-03,44.599998474121094,46.45000076293945,44.29999923706055,46.099998474121094,569000
2026-08-04,45.349998474121094,47.5,45.04999923706055,47.400001525878906,675058
2026-08-05,47.20000076293945,48.900001525878906,46.70000076293945,48.650001525878906,962150
2026-08-06,48.099998474121094,48.349998474121094,47.400001525878906,48.0,546681
2026-08-07,48.0,48.79999923706055,47.900001525878906,48.20000076293945,461110
2026-08-10,50.20000076293945,52.599998474121094,50.0,50.70000076293945,1537317
2026-08-11,50.70000076293945,52.900001525878906,50.70000076293945,52.599998474121094,1415297
2026-08-12,52.599998474121094,52.70000076293945,51.0,51.099998474121094,853500
2026-08-13,51.099998474121094,51.29999923706055,50.5,50.79999923706055,643000
2026-08-14,51.0,52.29999923706055,51.0,51.5,650100
2026-08-17,51.20000076293945,51.20000076293945,48.70000076293945,48.70000076293945,933230
2026-08-18,48.400001525878906,49.29999923706055,48.29999923706055,48.70000076293945,319000
2026-08-19,48.900001525878906,50.400001525878906,48.150001525878906,49.849998474121094,713063
2026-08-20,51.29999923706055,53.0,51.0,51.599998474121094,1129014
2026-08-21,51.599998474121094,52.0,51.0,51.20000076293945,724000
2026-08-24,51.20000076293945,52.5,50.099998474121094,50.29999923706055,510065
2026-08-25,50.5,50.5,49.29999923706055,49.70000076293945,431200
2026-08-26,49.79999923706055,50.70000076293945,49.79999923706055,50.5,448025
2026-08-27,50.29999923706055,51.099998474121094,50.0,50.20000076293945,362000
2026-08-28,50.20000076293945,50.599998474121094,49.79999923706055,49.849998474121094,411000
2026-08-31,49.349998474121094,49.849998474121094,48.0,48.150001525878906,807025
2026-09-01,48.0,49.0,47.900001525878906,48.0,673100
2026-09-02,47.650001525878906,48.75,47.650001525878906,48.5,236063
2026-09-03,48.599998474121094,48.95000076293945,47.900001525878906,47.900001525878906,305098
2026-09-04,47.900001525878906,48.20000076293945,47.29999923706055,48.04999923706055,361145
2026-09-07,49.400001525878906,49.400001525878906,47.45000076293945,47.5,382000
2026-09-08,47.5,47.900001525878906,47.04999923706055,47.45000076293945,488221
2026-09-09,47.400001525878906,48.20000076293945,47.400001525878906,48.20000076293945,310000
2026-09-10,48.29999923706055,48.29999923706055,47.150001525878906,47.900001525878906,385907
2026-09-11,47.099998474121094,47.70000076293945,45.0,45.29999923706055,964021
2026-09-14,45.349998474121094,48.20000076293945,45.099998474121094,48.04999923706055,774000
2026-09-15,48.0,49.599998474121094,47.79999923706055,48.650001525878906,614030
2026-09-16,49.0,50.20000076293945,48.849998474121094,48.95000076293945,624000
2026-09-17,49.0,51.5,48.599998474121094,51.20000076293945,1492080
2026-09-18,51.20000076293945,52.70000076293945,50.20000076293945,52.70000076293945,1463400
2026-09-21,52.599998474121094,52.599998474121094,51.5,51.70000076293945,519000
2026-09-22,51.70000076293945,52.900001525878906,50.900001525878906,51.900001525878906,579383
2026-09-23,51.900001525878906,53.900001525878906,51.20000076293945,53.900001525878906,1173150
2026-09-24,53.70000076293945,53.70000076293945,51.29999923706055,51.400001525878906,819301
