Date,Open,High,Low,Close,Volume
2016-09-26,18.5,18.5,18.3125,18.5,29676
2016-09-27,18.5,18.5,18.5,18.5,0
2016-09-28,18.5,18.5,18.5,18.5,0
2016-09-29,18.125,18.4375,18.125,18.125,44168
2016-09-30,18.125,18.1875,18.125,18.125,32872
2016-10-03,18.3125,18.3125,17.9375,18.125,48169
2016-10-04,18.1875,18.3125,18.0625,18.25,24288
2016-10-05,18.1875,18.25,17.9375,18.125,32595
2016-10-06,18.125,18.1875,17.9375,18.125,41672
2016-10-07,17.9375,18.0,17.75,18.0,101960
2016-10-11,18.0,18.0,17.625,17.6875,52929
2016-10-12,17.375,17.5,17.375,17.4375,50800
2016-10-13,17.4375,17.4375,17.0625,17.375,78878
2016-10-14,17.4375,17.4375,17.1875,17.3125,24800
2016-10-17,17.4375,17.4375,17.0,17.1875,72800
2016-10-18,16.875,16.875,16.6875,16.875,55018
2016-10-19,17.0625,17.0625,16.875,16.9375,25781
2016-10-20,17.0,17.0,16.75,17.0,44182
2016-10-21,17.0,17.125,16.875,17.0,36840
2016-10-24,17.0,17.0,16.875,17.0,22400
2016-10-25,17.0,17.0,16.875,17.0,35720
2016-10-26,17.125,17.125,17.0,17.125,60327
2016-10-27,17.0,17.125,16.75,17.0625,56388
2016-10-28,17.0625,17.0625,16.875,17.0,15471
2016-10-31,17.0,17.0,16.875,17.0,21556
2016-11-01,16.9375,17.0,16.625,16.875,87158
2016-11-02,17.0,17.3125,16.9375,17.0625,80653
2016-11-03,17.5625,17.5625,17.125,17.25,80000
2016-11-04,17.375,17.375,16.9375,17.125,91033
2016-11-07,17.125,17.1875,17.125,17.125,47091
2016-11-08,17.3125,17.3125,16.875,17.1875,65656
2016-11-09,17.125,18.875,17.125,18.25,913950
2016-11-10,17.75,17.875,17.125,17.625,323781
2016-11-11,17.5,17.6875,17.25,17.625,91698
2016-11-14,17.5625,17.625,17.0625,17.3125,117792
2016-11-15,17.125,17.25,17.0,17.25,48000
2016-11-16,17.25,17.25,16.9375,17.125,102421
2016-11-17,17.25,17.25,16.9375,17.0,54560
2016-11-18,17.125,17.125,16.6875,17.0625,82137
2016-11-21,17.0625,17.125,16.6875,17.125,82861
2016-11-22,17.1875,17.1875,17.0,17.125,25071
2016-11-23,17.125,17.125,16.875,17.125,31024
2016-11-24,17.125,17.125,16.875,17.125,28249
2016-11-25,17.125,17.125,16.8125,16.875,18985
2016-11-28,16.875,16.875,16.6875,16.875,27700
2016-11-29,16.875,16.875,16.625,16.75,37816
2016-11-30,16.75,16.75,16.375,16.625,55272
2016-12-01,16.625,16.75,16.625,16.75,37156
2016-12-02,16.75,16.875,16.5625,16.75,40975
2016-12-05,16.625,16.75,16.5,16.5,44304
2016-12-06,16.5625,17.0,16.5625,16.875,55738
2016-12-07,17.0,17.0625,16.6875,16.9375,29090
2016-12-08,16.9375,17.0,16.75,16.875,20844
2016-12-09,16.9375,16.9375,16.5,16.875,38660
2016-12-12,16.875,17.0625,16.75,16.9375,41200
2016-12-13,17.0,17.0,16.75,16.9375,20158
2016-12-14,16.9375,17.0625,16.75,17.0625,75701
2016-12-15,17.0,17.0625,16.8125,16.875,24691
2016-12-16,16.9375,17.0,16.875,17.0,1245807
2016-12-19,16.9375,17.0,16.8125,16.9375,37781
2016-12-20,17.0,17.0,16.625,17.0,43928
2016-12-21,17.0,17.0,16.5625,16.625,1677066
2016-12-22,16.6875,16.75,16.375,16.5,128560
2016-12-23,16.5625,16.75,16.5,16.75,31200
2016-12-26,16.75,16.8125,16.625,16.75,1591200
2016-12-27,16.75,16.8125,16.75,16.8125,27200
2016-12-28,16.875,16.875,16.625,16.8125,20023
2016-12-29,16.6875,16.875,16.625,16.8125,36566
2016-12-30,16.875,17.1875,16.875,17.0,62024
2017-01-03,17.0625,17.125,17.0,17.0625,27627
2017-01-04,17.0625,17.125,17.0,17.0625,36000
2017-01-05,17.0625,17.5,17.0625,17.375,112942
2017-01-06,17.6875,17.6875,17.3125,17.625,65841
2017-01-09,17.75,17.75,17.3125,17.5,42955
2017-01-10,17.9375,18.9375,17.625,18.3125,451728
2017-01-11,18.3125,18.3125,17.75,17.875,124098
2017-01-12,18.0625,18.125,17.875,18.0,62570
2017-01-13,17.9375,18.1875,17.9375,18.0,52192
2017-01-16,18.0,18.0,17.6875,18.0,57872
2017-01-17,17.9375,18.125,17.9375,18.125,35307
2017-01-18,18.1875,18.25,18.0,18.0,41600
2017-01-19,18.0,18.125,17.9375,18.0,37851
2017-01-20,17.875,18.0,17.875,18.0,29600
2017-01-23,17.8125,18.0625,17.8125,18.0625,55803
2017-01-24,18.0625,18.4375,18.0625,18.25,84458
2017-02-02,18.25,18.625,18.25,18.4375,75168
2017-02-03,18.4375,18.8125,18.4375,18.625,196000
2017-02-06,18.75,18.875,18.5,18.625,152872
2017-02-07,18.8125,18.8125,18.5625,18.6875,102386
2017-02-08,18.75,18.75,17.8125,18.25,154328
2017-02-09,18.75,19.1875,18.5,18.5,237599
2017-02-10,18.75,18.75,18.3125,18.375,121599
2017-02-13,18.5,18.75,18.5,18.6875,93526
2017-02-14,19.0,20.5,19.0,19.875,2100375
2017-02-15,19.5,20.625,19.5,19.875,796854
2017-02-16,19.9375,20.4375,19.9375,20.3125,358904
2017-02-17,20.3125,21.125,19.9375,20.6875,565692
2017-02-20,21.5,21.6875,21.25,21.5,278548
2017-02-21,21.5,21.5,20.8125,21.125,374177
2017-02-22,21.25,21.375,20.8125,21.25,204235
2017-02-23,21.0,21.0625,20.8125,20.8125,369941
2017-02-24,20.9375,20.9375,20.375,20.375,263187
2017-03-01,20.375,20.375,20.375,20.375,0
2017-03-02,20.625,20.625,20.0,20.3125,215537
2017-03-03,20.1875,20.3125,19.75,20.125,300404
2017-03-06,20.125,20.375,20.0,20.125,101052
2017-03-07,20.3125,20.3125,19.9375,20.0625,118304
2017-03-08,20.3125,20.3125,20.0,20.0,68488
2017-03-09,20.0,20.3125,19.875,20.0,105088
2017-03-10,20.5625,21.125,20.1875,20.75,290144
2017-03-13,20.75,20.875,20.375,20.8125,275092
2017-03-14,20.8125,21.375,20.75,21.3125,336257
2017-03-15,21.25,21.625,21.25,21.4375,272596
2017-03-16,21.4375,21.4375,21.1875,21.375,286836
2017-03-17,21.625,22.0625,21.3125,21.75,388612
2017-03-20,21.75,21.75,21.125,21.375,199560
2017-03-21,21.125,21.1875,21.0,21.1875,90094
2017-03-22,21.0,21.125,20.875,20.875,126856
2017-03-23,20.875,21.1875,20.8125,21.0,126029
2017-03-24,21.0,21.25,20.625,20.8125,128544
2017-03-27,20.875,20.875,19.9375,20.0,206831
2017-03-28,20.0625,20.0625,19.9375,20.0,135154
2017-03-29,20.1875,20.375,20.1875,20.375,44400
2017-03-30,20.375,20.6875,20.375,20.5625,80779
2017-03-31,20.75,20.75,20.5,20.5,126409
2017-04-05,20.8125,20.8125,20.375,20.4375,75608
2017-04-06,20.5,21.125,20.5,20.875,252911
2017-04-07,21.0625,21.875,20.9375,21.875,1103743
2017-04-10,21.6875,22.875,21.625,21.75,867736
2017-04-11,21.3125,21.8125,21.0,21.375,456000
2017-04-12,21.4375,22.125,21.375,21.4375,541161
2017-04-13,21.5625,21.875,21.4375,21.75,138669
2017-04-14,21.75,21.9375,20.9375,20.9375,543280
2017-04-17,21.125,21.375,20.3125,21.25,370799
2017-04-18,21.25,21.25,20.625,20.9375,254536
2017-04-19,21.0,21.0,20.375,20.6875,134697
2017-04-20,20.375,20.5625,19.1875,19.1875,445423
2017-04-21,19.1875,19.5625,18.6875,18.9375,414400
2017-04-24,19.0,19.4375,18.875,19.0,169600
2017-04-25,19.0,19.1875,18.8125,19.0,74499
2017-04-26,19.3125,19.4375,19.125,19.375,79680
2017-04-27,19.375,19.4375,19.0,19.1875,111383
2017-04-28,19.1875,19.375,19.1875,19.375,20306
2017-05-02,19.5,19.5,19.125,19.25,32394
2017-05-03,19.375,19.375,19.125,19.25,76828
2017-05-04,19.1875,19.25,19.125,19.125,171536
2017-05-05,19.125,19.1875,19.0,19.0625,41874
2017-05-08,19.0625,19.0625,18.8125,18.875,54552
2017-05-09,19.25,19.25,18.6875,18.75,59700
2017-05-10,18.75,19.0,18.25,19.0,93240
2017-05-11,19.0,19.125,18.5,18.75,167167
2017-05-12,19.0,19.0,18.625,18.8125,48918
2017-05-15,18.75,18.75,16.9375,17.125,757925
2017-05-16,17.0,17.3125,17.0,17.3125,126150
2017-05-17,17.375,17.375,17.125,17.375,73552
2017-05-18,17.5625,18.6875,17.5625,17.75,402080
2017-05-19,17.75,17.875,17.625,17.75,115292
2017-05-22,18.125,18.5,17.875,18.375,156884
2017-05-23,18.9375,20.1875,18.9375,20.1875,1525191
2017-05-24,19.75,20.125,19.5625,19.8125,650003
2017-05-25,19.8125,19.875,19.5,19.5,176176
2017-05-26,19.5,20.125,19.4375,19.5625,179453
2017-05-31,19.5625,19.875,19.5,19.6875,111330
2017-06-01,19.75,19.75,19.125,19.3125,107200
2017-06-02,19.1875,19.5,19.1875,19.3125,84964
2017-06-05,19.75,19.75,19.125,19.375,108120
2017-06-06,19.375,19.625,19.125,19.3125,81564
2017-06-07,19.3125,19.5625,19.1875,19.3125,121600
2017-06-08,19.375,19.6875,19.375,19.5,64493
2017-06-09,19.5625,19.5625,19.3125,19.5,82490
2017-06-12,19.875,19.875,19.4375,19.5625,128510
2017-06-13,19.625,19.6875,19.5,19.5625,95126
2017-06-14,19.6875,19.75,18.9375,18.9375,131200
2017-06-15,19.1875,19.1875,19.0,19.0625,32800
2017-06-16,19.0,19.0,18.75,18.8125,64800
2017-06-19,18.3125,18.8125,18.3125,18.4375,102288
2017-06-20,18.5,18.5,18.375,18.375,43520
2017-06-21,18.5,18.5625,18.375,18.5625,69196
2017-06-22,18.5625,18.5625,18.3125,18.4375,59840
2017-06-23,18.4375,18.75,18.4375,18.625,37518
2017-06-26,18.5625,18.625,18.25,18.5,53650
2017-06-27,18.5625,18.5625,18.3125,18.375,60219
2017-06-28,18.5,18.6875,18.375,18.5625,24978
2017-06-29,18.5625,18.75,18.375,18.4375,46720
2017-06-30,18.5,18.625,18.4375,18.625,36000
2017-07-03,18.625,19.375,18.625,19.125,87432
2017-07-04,19.125,19.125,18.9375,19.0,28500
2017-07-05,19.0625,19.0625,18.375,18.625,147201
2017-07-06,18.75,18.75,18.5,18.625,51621
2017-07-07,18.5,18.5625,18.4375,18.5,35289
2017-07-10,18.6875,19.375,18.4375,18.8125,305952
2017-07-11,18.8125,18.875,18.5,18.8125,74598
2017-07-12,18.9375,18.9375,18.625,18.8125,38753
2017-07-13,18.875,18.9375,18.6875,18.6875,45280
2017-07-14,18.75,18.8125,18.625,18.625,38453
2017-07-17,18.875,18.875,18.75,18.75,20831
2017-07-18,18.75,20.0,18.75,19.875,368080
2017-07-19,20.0,20.375,19.875,19.9375,351584
2017-07-20,19.9375,20.875,19.9375,20.5,436878
2017-07-21,20.5625,20.625,19.5625,19.625,466017
2017-07-24,19.625,19.625,19.25,19.25,217997
2017-07-25,19.375,19.6875,19.1875,19.625,290206
2017-07-26,19.9375,20.4375,19.875,19.9375,291739
2017-07-27,20.25,20.3125,19.6875,19.75,189561
2017-07-28,19.75,19.8125,19.25,19.3125,101656
2017-07-31,19.3125,19.5625,19.3125,19.375,105215
2017-08-01,19.625,19.625,19.375,19.625,122655
2017-08-02,19.5625,19.75,19.3125,19.3125,167648
2017-08-03,19.5625,19.9375,19.4375,19.6875,152880
2017-08-04,19.6875,19.6875,19.5,19.625,69270
2017-08-07,19.875,19.875,19.4375,19.5625,116398
2017-08-08,19.625,19.75,19.5625,19.5625,67564
2017-08-09,19.875,20.625,19.8125,19.9375,336285
2017-08-10,20.375,20.375,19.3125,19.375,214764
2017-08-11,19.375,19.5625,18.875,19.5,341023
2017-08-14,20.0,20.25,19.75,19.875,373330
2017-08-15,19.875,19.9375,19.6875,19.8125,59575
2017-08-16,19.75,19.75,19.625,19.75,76848
2017-08-17,19.75,20.5625,19.75,20.375,281609
2017-08-18,20.25,20.4375,20.0625,20.375,315173
2017-08-21,21.0625,21.75,20.6875,21.5625,978617
2017-08-22,21.6875,21.75,20.8125,20.9375,562336
2017-08-23,21.125,21.125,20.6875,20.75,240208
2017-08-24,20.8125,21.0625,20.625,20.8125,183572
2017-08-25,20.9375,20.9375,20.625,20.625,174743
2017-08-28,20.6875,20.6875,20.375,20.5,144612
2017-08-29,21.0625,22.5,21.0625,22.5,1772728
2017-08-30,24.625,24.75,23.875,24.75,3056499
2017-08-31,25.9375,26.125,24.75,24.8125,4075048
2017-09-01,24.8125,25.375,24.125,24.6875,1371844
2017-09-04,25.0,26.8125,24.875,26.4375,4199855
2017-09-05,26.75,26.75,25.5625,25.5625,1607586
2017-09-06,26.25,26.4375,24.625,24.6875,1185748
2017-09-07,24.5625,25.0,23.8125,23.8125,1026950
2017-09-08,24.5,24.625,24.125,24.3125,492983
2017-09-11,24.25,24.25,22.875,23.25,1318598
2017-09-12,23.5,24.125,23.1875,23.1875,487928
2017-09-13,23.4375,23.75,23.0,23.75,337431
2017-09-14,23.5,23.625,23.375,23.4375,250272
2017-09-15,23.6875,24.0,23.3125,23.3125,403204
2017-09-18,23.3125,23.3125,22.6875,22.6875,433840
2017-09-19,22.75,22.9375,22.6875,22.8125,226165
2017-09-20,22.875,22.875,22.5,22.5,202910
2017-09-21,22.5,22.5625,22.25,22.5,310473
2017-09-22,22.625,23.6875,22.5625,22.8125,513056
2017-09-25,22.9375,22.9375,22.1875,22.5,256075
2017-09-26,22.625,22.625,21.875,22.25,268993
2017-09-27,22.4375,22.4375,22.125,22.3125,153828
2017-09-28,22.5,22.5,22.125,22.4375,166588
2017-09-29,22.125,22.375,21.9375,22.0625,245688
2017-10-02,22.4375,23.0625,22.4375,23.0,307512
2017-10-03,23.0,23.0,22.625,22.6875,159268
2017-10-05,23.3125,23.3125,22.9375,22.9375,135538
2017-10-06,23.125,23.125,22.8125,22.8125,95300
2017-10-11,23.125,23.125,22.6875,22.875,211483
2017-10-12,22.875,22.875,22.4375,22.4375,154048
2017-10-13,22.6875,22.6875,22.375,22.5,176981
2017-10-16,22.75,23.75,22.75,23.625,731068
2017-10-17,24.0625,24.875,23.75,24.8125,1182582
2017-10-18,25.5,25.5625,24.5,24.75,899344
2017-10-19,25.1875,25.1875,24.5,24.5625,309676
2017-10-20,24.9375,24.9375,24.0,24.0,351571
2017-10-23,24.0,24.0625,23.4375,23.4375,237360
2017-10-24,23.4375,23.9375,23.375,23.5,177990
2017-10-25,23.625,23.875,23.5,23.5625,175601
2017-10-26,23.375,23.6875,23.375,23.5625,67345
2017-10-27,23.75,23.75,22.875,23.0,203496
2017-10-30,22.875,23.125,22.5625,22.6875,180077
2017-10-31,22.6875,22.875,22.625,22.6875,96276
2017-11-01,22.6875,23.125,22.6875,22.6875,214400
2017-11-02,23.0625,23.75,23.0,23.5,267657
2017-11-03,23.75,24.3125,23.5,23.875,399459
2017-11-06,24.0,24.0,23.25,23.375,165576
2017-11-07,23.5,23.625,23.1875,23.375,111516
2017-11-08,23.4375,23.5625,23.125,23.375,69164
2017-11-09,23.625,23.625,22.8125,22.875,145716
2017-11-10,22.875,23.375,22.875,23.3125,118903
2017-11-13,23.1875,23.1875,21.25,21.25,951411
2017-11-14,21.625,21.75,21.125,21.25,235318
2017-11-15,21.625,21.6875,21.25,21.6875,60041
2017-11-16,21.625,21.6875,21.375,21.5,78468
2017-11-17,21.5625,21.5625,21.1875,21.25,137732
2017-11-20,21.5625,21.5625,21.25,21.4375,120076
2017-11-21,21.4375,21.4375,21.25,21.3125,53835
2017-11-22,21.5,21.5625,21.1875,21.25,116596
2017-11-23,21.25,21.5625,21.25,21.5625,57624
2017-11-24,21.6875,21.6875,21.375,21.4375,68061
2017-11-27,21.4375,21.4375,21.3125,21.3125,59384
2017-11-28,21.5,21.5,21.375,21.4375,41244
2017-11-29,21.5625,21.5625,21.25,21.375,86035
2017-11-30,21.3125,21.375,20.6875,20.875,184611
2017-12-01,21.0625,21.0625,20.5,20.625,157234
2017-12-04,21.0,21.0,20.625,20.625,35304
2017-12-05,20.875,20.875,20.4375,20.5,65165
2017-12-06,20.6875,20.6875,20.0,20.0625,257252
2017-12-07,20.0,20.25,19.9375,19.9375,45989
2017-12-08,20.0625,20.25,19.6875,20.1875,71200
2017-12-11,20.1875,20.3125,20.0625,20.125,100016
2017-12-12,20.125,20.3125,20.0625,20.0625,61980
2017-12-13,20.25,20.375,19.875,20.0,88000
2017-12-14,20.1875,20.25,20.125,20.1875,55316
2017-12-15,20.5,20.5625,20.0,20.0625,97854
2017-12-18,20.375,20.375,20.0,20.125,80131
2017-12-19,20.25,20.25,20.0,20.0,74464
2017-12-20,20.0,20.375,20.0,20.3125,61648
2017-12-21,20.1875,20.625,20.1875,20.5,85689
2017-12-22,20.625,20.75,20.5,20.625,58181
2017-12-25,20.875,21.625,20.875,21.3125,198640
2017-12-26,21.625,21.625,21.0,21.125,194800
2017-12-27,21.5,22.25,21.25,21.5,452849
2017-12-28,21.8125,23.625,21.6875,23.625,1326104
2017-12-29,25.4375,25.9375,25.0625,25.5,4783138
2018-01-02,25.4375,26.0,24.75,25.875,1996256
2018-01-03,26.625,26.625,25.0,25.0,1468784
2018-01-04,25.0625,25.4375,25.0,25.0,757325
2018-01-05,25.0625,26.0,25.0,25.0625,893440
2018-01-08,25.375,26.625,25.1875,25.375,1829047
2018-01-09,26.0,27.625,25.4375,25.875,4150912
2018-01-10,25.875,27.0,25.6875,27.0,2408271
2018-01-11,27.125,28.125,26.5,27.0,2161655
2018-01-12,27.25,28.0,26.625,26.625,1437030
2018-01-15,26.8125,27.0625,25.625,25.8125,1311416
2018-01-16,26.0,26.5,25.75,25.75,1028166
2018-01-17,25.75,25.8125,25.1875,25.25,778400
2018-01-18,25.4375,26.0,25.0625,25.0625,480196
2018-01-19,25.125,26.125,25.0625,25.3125,554728
2018-01-22,25.375,25.625,24.625,24.6875,737485
2018-01-23,24.75,25.0,24.125,24.125,548433
2018-01-24,24.125,24.125,23.8125,23.9375,205900
2018-01-25,24.5,25.625,24.5,25.0,1037688
2018-01-26,25.125,25.5,25.0,25.0,464135
2018-01-29,25.125,25.1875,24.5,24.5,294888
2018-01-30,24.5,24.5,24.0,24.0,317722
2018-01-31,23.6875,24.5,23.625,24.375,157005
2018-02-01,24.375,24.5,24.0,24.125,184716
2018-02-02,24.0625,24.375,24.0625,24.0625,114400
2018-02-05,23.625,23.625,23.125,23.3125,321865
2018-02-06,23.0,23.0,21.0,21.3125,820080
2018-02-07,21.625,22.125,21.625,21.75,268896
2018-02-08,21.75,21.875,21.4375,21.5625,120000
2018-02-09,21.5625,21.5625,21.5625,21.5625,0
2018-02-12,21.5625,21.625,20.9375,20.9375,284988
2018-02-21,21.3125,22.0625,21.3125,21.875,210321
2018-02-22,22.0,22.4375,21.875,22.1875,149689
2018-02-23,22.0,24.25,22.0,23.625,513103
2018-02-26,23.6875,23.8125,23.0,23.5625,273001
2018-02-27,23.625,24.375,23.1875,23.25,173022
2018-03-01,23.25,23.5625,23.0625,23.3125,75360
2018-03-02,23.4375,23.4375,23.0,23.0625,89600
2018-03-05,23.375,23.375,22.5625,22.625,134784
2018-03-06,22.8125,23.4375,22.8125,23.0,139880
2018-03-07,23.4375,23.4375,22.625,22.75,125269
2018-03-08,22.75,23.0625,22.75,22.75,162400
2018-03-09,23.125,23.125,22.25,22.25,268517
2018-03-12,22.375,22.75,22.125,22.125,172278
2018-03-13,22.125,22.4375,22.0,22.25,96480
2018-03-14,22.375,22.5625,22.0,22.125,146800
2018-03-15,22.375,22.6875,22.375,22.375,116316
2018-03-16,22.5,22.75,22.1875,22.25,77291
2018-03-19,22.25,22.625,22.0625,22.0625,117631
2018-03-20,22.0625,22.25,21.9375,22.0625,103369
2018-03-21,22.125,22.25,22.0625,22.0625,72196
2018-03-22,22.5,22.5,21.875,21.875,101928
2018-03-23,22.0,22.0,21.5,21.5625,115666
2018-03-26,21.8125,23.25,21.625,21.625,400816
2018-03-27,21.8125,22.0,21.625,21.75,121112
2018-03-28,22.0,22.5625,21.75,21.875,188920
2018-03-29,22.25,22.25,21.6875,21.6875,120825
2018-03-30,21.9375,21.9375,21.0625,21.125,343559
2018-04-02,21.3125,21.75,21.3125,21.5625,95245
2018-04-03,21.8125,21.8125,21.4375,21.4375,97683
2018-04-09,21.4375,21.4375,21.0,21.25,194860
2018-04-10,21.4375,21.6875,21.125,21.5625,163664
2018-04-11,21.9375,21.9375,21.6875,21.75,98977
2018-04-12,21.875,22.3125,21.875,22.25,239838
2018-04-13,22.3125,22.375,21.875,21.875,117356
2018-04-16,22.0625,23.5625,22.0625,22.875,1153708
2018-04-17,22.875,22.875,22.0,22.0625,292800
2018-04-18,22.0625,22.25,21.9375,21.9375,150412
2018-04-19,22.25,22.4375,22.0625,22.125,121005
2018-04-20,22.125,22.25,21.9375,21.9375,96400
2018-04-23,22.0625,22.125,21.9375,22.0625,80778
2018-04-24,22.1875,22.25,21.75,21.75,94550
2018-04-25,21.4375,21.625,21.25,21.375,143423
2018-04-26,21.375,21.75,21.25,21.25,131200
2018-04-27,21.3125,21.5,21.25,21.3125,68916
2018-04-30,21.375,21.4375,21.1875,21.375,67948
2018-05-02,21.4375,21.4375,21.0,21.0625,181640
2018-05-03,21.0625,21.25,21.0,21.125,89036
2018-05-04,21.375,21.5,21.125,21.1875,61600
2018-05-07,21.1875,21.25,21.1875,21.1875,57964
2018-05-08,21.1875,21.375,21.1875,21.1875,84109
2018-05-09,21.1875,21.25,21.125,21.125,103200
2018-05-10,21.5,21.625,21.375,21.5625,137644
2018-05-11,21.625,22.0625,21.625,21.75,228174
2018-05-14,21.875,22.125,21.75,22.0,97920
2018-05-15,21.9375,23.9375,21.625,23.375,1129285
2018-05-16,23.125,23.25,22.25,22.6875,756101
2018-05-17,22.6875,23.5,22.6875,23.0,449200
2018-05-18,23.0,23.125,22.8125,23.125,184125
2018-05-21,23.0,24.0625,22.875,23.625,657813
2018-05-22,23.625,23.625,23.1875,23.25,229720
2018-05-23,23.3125,23.375,23.0,23.125,109928
2018-05-24,23.125,23.1875,22.9375,23.125,117750
2018-05-25,23.125,23.125,22.875,22.9375,124800
2018-05-28,22.9375,23.0,22.625,22.75,149636
2018-05-29,22.75,22.75,22.5,22.5625,140824
2018-05-30,22.5,22.5625,22.3125,22.5625,122611
2018-05-31,22.6875,22.6875,22.3125,22.3125,173728
2018-06-01,22.625,22.625,22.375,22.5,107276
2018-06-04,22.6875,22.9375,22.6875,22.875,150400
2018-06-05,22.875,23.3125,22.8125,23.125,128615
2018-06-06,23.25,23.375,23.0,23.25,176320
2018-06-07,23.4375,23.5625,23.1875,23.25,144987
2018-06-08,23.25,23.25,22.6875,22.875,330596
2018-06-11,22.9375,22.9375,22.5625,22.625,64580
2018-06-12,22.625,22.75,22.5625,22.5625,115200
2018-06-13,22.5,22.5625,22.4375,22.4375,88800
2018-06-14,22.5,22.5625,22.25,22.25,78544
2018-06-15,22.3125,22.625,22.3125,22.375,54636
2018-06-19,22.25,22.3125,22.0,22.1875,79200
2018-06-20,22.125,22.1875,21.9375,22.125,83300
2018-06-21,22.375,22.375,22.125,22.25,54024
2018-06-22,22.0625,22.1875,21.875,22.0,65600
2018-06-25,22.0,22.0,21.625,21.625,89168
2018-06-26,21.5625,21.6875,21.4375,21.6875,56921
2018-06-27,21.5,21.8125,21.5,21.625,80104
2018-06-28,21.5,21.6875,21.4375,21.5,84176
2018-06-29,21.625,21.6875,21.375,21.5625,63618
2018-07-02,21.5,21.5,21.25,21.25,96905
2018-07-03,21.25,21.4375,21.25,21.25,92852
2018-07-04,21.625,21.6875,21.25,21.3125,61652
2018-07-05,21.5,21.5,21.1875,21.1875,68800
2018-07-06,21.1875,21.25,20.8125,21.0,137680
2018-07-09,21.0,21.3125,20.875,21.25,82400
2018-07-10,21.0,21.0625,20.625,20.9375,133616
2018-07-11,21.0625,21.0625,20.625,20.75,66640
2018-07-12,20.75,20.75,20.4375,20.6875,130400
2018-07-13,20.75,20.9375,20.75,20.9375,48019
2018-07-16,20.9375,21.125,20.875,20.9375,58759
2018-07-17,21.125,21.125,20.9375,21.125,38230
2018-07-18,21.0,21.25,20.9375,20.9375,52955
2018-07-19,21.125,21.125,20.875,21.0,30400
2018-07-20,20.9375,20.9375,20.75,20.8125,136090
2018-07-23,20.9375,21.1875,20.8125,21.125,20187
2018-07-24,21.125,21.125,20.875,20.9375,29835
2018-07-25,21.0625,21.0625,21.0625,21.0625,36470
2018-07-26,21.1875,21.1875,21.0625,21.1875,44982
2018-07-27,21.1875,21.4375,21.1875,21.375,56000
2018-07-30,21.375,21.375,21.0625,21.25,50400
2018-07-31,21.125,21.25,21.125,21.25,34526
2018-08-01,21.375,21.4375,21.25,21.375,39289
2018-08-02,21.25,21.375,21.125,21.25,64000
2018-08-03,21.25,21.25,21.125,21.25,31200
2018-08-06,21.25,21.3125,21.125,21.3125,60851
2018-08-07,21.25,21.375,21.1875,21.375,43200
2018-08-08,21.3125,21.375,21.25,21.375,82424
2018-08-09,21.25,21.375,21.125,21.25,89600
2018-08-10,21.125,21.125,20.875,21.0,84049
2018-08-13,21.125,21.125,20.5,20.9375,158309
2018-08-14,20.9375,21.25,20.8125,21.125,126580
2018-08-15,21.25,21.25,20.9375,21.0,74400
2018-08-16,20.75,20.9375,20.75,20.8125,43791
2018-08-17,20.8125,21.0625,20.75,20.875,23200
2018-08-20,20.5,20.75,20.5,20.75,62436
2018-08-21,21.0,21.0,20.75,20.875,32082
2018-08-22,21.0625,21.25,20.875,21.0625,49720
2018-08-23,21.1875,21.1875,21.0,21.0625,31553
2018-08-24,21.0,21.125,20.9375,20.75,39618
2018-08-27,20.875,21.0,20.75,20.8125,102692
2018-08-28,20.875,20.9375,20.875,20.875,20092
2018-08-29,20.9375,21.0,20.9375,21.0,38424
2018-08-30,21.0,21.0625,21.0,21.0,47221
2018-08-31,20.9375,21.0625,20.875,21.0625,42011
2018-09-03,21.0,21.0625,20.875,20.9375,24821
2018-09-04,21.0,21.0,20.875,20.9375,42457
2018-09-05,20.9375,21.0,20.9375,20.9375,25692
2018-09-06,20.9375,21.25,20.75,21.0625,89600
2018-09-07,21.0,21.0,20.6875,20.6875,64800
2018-09-10,20.875,20.875,20.5,20.5,46680
2018-09-11,20.5,20.5,20.25,20.3125,36918
2018-09-12,20.3125,20.4375,20.25,20.3125,44000
2018-09-13,20.3125,20.625,20.25,20.625,29912
2018-09-14,20.625,20.875,20.5,20.75,37012
2018-09-17,20.8125,20.8125,20.625,20.75,27200
2018-09-18,20.625,20.75,20.3125,20.4375,48932
2018-09-19,20.4375,20.8125,20.4375,20.625,48800
2018-09-20,20.625,20.8125,20.5,20.8125,49600
2018-09-21,20.8125,20.875,20.625,20.8125,27217
2018-09-25,20.625,20.875,20.625,20.75,26000
2018-09-26,20.875,21.0,20.625,20.875,43379
2018-09-27,20.875,20.9375,20.75,20.75,33296
2018-09-28,20.75,20.8125,20.625,20.75,39292
2018-10-01,20.875,20.875,20.625,20.75,27799
2018-10-02,20.6875,20.875,20.6875,20.875,43391
2018-10-03,20.9375,21.125,20.9375,21.125,64527
2018-10-04,21.0625,21.0625,20.9375,20.9375,21640
2018-10-05,20.875,20.875,20.25,20.375,61737
2018-10-08,20.4375,20.4375,20.0625,20.375,31200
2018-10-09,20.375,20.5,20.125,20.125,44112
2018-10-11,19.5625,19.5625,18.125,18.125,408940
2018-10-12,17.4375,18.1875,17.4375,18.0,132852
2018-10-15,18.375,18.375,17.875,18.25,48880
2018-10-16,18.25,18.4375,18.125,18.125,24800
2018-10-17,18.375,18.375,18.0,18.0625,92812
2018-10-18,18.0625,18.125,17.75,17.75,54437
2018-10-19,17.9375,17.9375,17.5625,17.625,77150
2018-10-22,17.625,18.0625,17.625,17.8125,60000
2018-10-23,17.8125,17.9375,17.8125,17.875,26947
2018-10-24,17.6875,18.0,17.6875,17.75,24844
2018-10-25,17.0,17.125,17.0,17.0,235666
2018-10-26,17.25,17.3125,16.875,16.9375,136884
2018-10-29,16.8125,16.875,16.75,16.8125,96240
2018-10-30,16.8125,16.875,16.5,16.5625,61771
2018-10-31,16.75,17.0,16.75,16.8125,40160
2018-11-01,17.3125,17.3125,16.875,16.9375,47200
2018-11-02,17.1875,17.1875,17.125,17.125,41644
2018-11-05,17.25,17.25,17.125,17.125,28440
2018-11-06,17.1875,17.1875,17.0,17.0,32800
2018-11-07,17.125,17.125,17.0,17.0,36800
2018-11-08,17.125,17.3125,17.125,17.3125,41606
2018-11-09,17.5,18.0625,17.375,17.5625,73613
2018-11-12,17.625,17.75,17.5625,17.75,36073
2018-11-13,17.25,17.625,17.25,17.625,24015
2018-11-14,17.625,17.75,17.5,17.75,40800
2018-11-15,17.5,17.5,17.0625,17.125,90400
2018-11-16,17.125,17.375,17.125,17.25,28800
2018-11-19,17.375,17.4375,17.1875,17.3125,26516
2018-11-20,17.375,17.375,17.1875,17.25,27200
2018-11-21,17.25,17.25,17.0,17.25,22534
2018-11-22,17.3125,17.5625,17.3125,17.5,20824
2018-11-23,17.625,17.625,17.375,17.4375,12000
2018-11-26,17.75,17.75,17.4375,17.5,16800
2018-11-27,17.75,17.75,17.5,17.625,17600
2018-11-28,17.5,17.75,17.5,17.625,34528
2018-11-29,17.625,17.9375,17.625,17.875,36800
2018-11-30,17.875,17.875,17.625,17.8125,33685
2018-12-03,17.875,18.0,17.8125,17.875,24000
2018-12-04,17.8125,17.9375,17.75,17.8125,22634
2018-12-05,17.8125,17.875,17.4375,17.625,48800
2018-12-06,17.75,17.75,17.125,17.25,70847
2018-12-07,17.25,17.625,16.9375,17.25,31272
2018-12-10,17.25,17.25,16.875,17.125,38757
2018-12-11,17.25,17.3125,17.1875,17.3125,20000
2018-12-12,17.5,17.5625,17.375,17.5,24017
2018-12-13,17.5,17.6875,17.25,17.6875,22724
2018-12-14,17.625,17.625,17.375,17.625,20872
2018-12-17,17.5,17.75,17.4375,17.625,20800
2018-12-18,17.6875,17.75,17.375,17.375,27220
2018-12-19,17.375,17.625,17.3125,17.5,34488
2018-12-20,17.5,17.5,17.125,17.375,47200
2018-12-21,17.375,17.5,17.3125,17.3125,24800
2018-12-24,16.9375,17.5,16.9375,17.375,18005
2018-12-25,17.375,17.5,17.25,17.5,30400
2018-12-26,17.5,17.5,17.3125,17.4375,47600
2018-12-27,17.625,17.625,17.375,17.5,33600
2018-12-28,17.5,17.5,17.4375,17.4375,26727
2019-01-02,17.5,17.5,17.375,17.375,25600
2019-01-03,17.375,17.4375,17.25,17.375,23201
2019-01-04,17.4375,17.5,17.25,17.5,54614
2019-01-07,17.375,17.75,17.375,17.75,42123
2019-01-08,17.6875,17.9375,17.5,17.9375,87314
2019-01-09,17.9375,18.375,17.8125,18.25,141659
2019-01-10,18.3125,18.4375,18.125,18.375,89969
2019-01-11,18.375,18.5625,18.3125,18.5625,57272
2019-01-14,18.875,19.0,18.625,18.625,262537
2019-01-15,18.75,18.75,18.3125,18.4375,70471
2019-01-16,18.4375,18.5625,18.0625,18.125,71200
2019-01-17,18.0,18.75,18.0,18.4375,72311
2019-01-18,18.4375,18.5,18.3125,18.5,30883
2019-01-21,18.4375,18.5,18.125,18.125,49680
2019-01-22,18.125,18.1875,18.0625,18.0625,37600
2019-01-23,18.125,18.25,18.0625,18.125,30400
2019-01-24,18.125,18.25,18.125,18.125,27292
2019-01-25,18.25,18.3125,18.125,18.125,32800
2019-01-28,18.5,18.75,18.375,18.4375,73608
2019-01-29,18.5,18.5,18.375,18.375,26464
2019-01-30,18.5,18.625,18.375,18.625,34800
2019-02-11,18.6875,18.6875,18.375,18.625,64836
2019-02-12,18.625,18.8125,18.625,18.8125,54480
2019-02-13,18.75,18.75,18.625,18.75,29928
2019-02-14,18.75,18.9375,18.75,18.9375,71958
2019-02-15,18.9375,18.9375,18.6875,18.6875,46480
2019-02-18,18.75,19.0,18.75,18.8125,75492
2019-02-19,18.875,18.875,18.5625,18.6875,42056
2019-02-20,18.9375,19.0625,18.75,18.9375,112848
2019-02-21,19.0625,19.0625,18.6875,19.0,62803
2019-02-22,19.125,19.125,18.875,19.0625,33126
2019-02-25,19.0625,19.375,19.0,19.0,49600
2019-02-26,19.0,19.1875,18.9375,19.0,39248
2019-02-27,19.0,19.0625,18.9375,19.0,36689
2019-03-04,19.0,19.0,18.8125,18.8125,40253
2019-03-05,18.75,18.8125,18.625,18.75,52090
2019-03-06,18.625,18.8125,18.625,18.625,51366
2019-03-07,18.75,18.75,18.625,18.6875,28331
2019-03-08,18.6875,18.6875,18.625,18.6875,24070
2019-03-11,18.625,18.625,18.5,18.5,39200
2019-03-12,18.75,18.75,18.5,18.5,41561
2019-03-13,18.5,18.625,18.375,18.5,22400
2019-03-14,18.625,18.625,18.375,18.5,46400
2019-03-15,18.375,18.5,18.375,18.375,27049
2019-03-18,18.4375,18.5,18.375,18.375,30992
2019-03-19,18.625,18.625,18.375,18.375,70118
2019-03-20,18.4375,18.75,18.4375,18.625,53660
2019-03-21,18.625,18.8125,18.625,18.6875,56401
2019-03-22,18.5625,18.75,18.5625,18.5625,44826
2019-03-25,18.375,18.625,18.25,18.5,44800
2019-03-26,18.5,18.6875,18.5,18.625,42899
2019-03-27,18.5625,18.75,18.375,18.5,67337
2019-03-28,18.5,18.5625,18.25,18.3125,58641
2019-03-29,18.3125,18.4375,18.25,18.375,55600
2019-04-01,18.4375,18.4375,18.25,18.375,69656
2019-04-02,18.3125,18.625,18.3125,18.4375,54097
2019-04-03,18.3125,18.625,18.3125,18.375,26400
2019-04-08,18.6875,18.6875,18.25,18.5,47887
2019-04-09,18.5625,18.5625,18.375,18.4375,35592
2019-04-10,18.375,18.5,18.3125,18.375,24179
2019-04-11,18.3125,18.4375,18.3125,18.4375,21842
2019-04-12,18.25,18.5,18.25,18.25,52452
2019-04-15,18.25,18.375,18.125,18.125,36208
2019-04-16,18.125,18.25,18.0,18.0625,96416
2019-04-17,18.0625,18.125,18.0,18.0,44268
2019-04-18,18.0625,18.125,17.875,17.875,39280
2019-04-19,17.875,18.0625,17.875,18.0625,24054
2019-04-22,18.25,18.3125,17.9375,18.0625,57600
2019-04-23,17.875,17.875,17.6875,17.875,37600
2019-04-24,17.8125,18.0625,17.8125,17.8125,59440
2019-04-25,17.8125,17.8125,17.625,17.8125,25274
2019-04-26,17.75,17.9375,17.75,17.875,56368
2019-04-29,17.875,17.875,17.25,17.5,44800
2019-04-30,17.5,17.6875,17.375,17.4375,54617
2019-05-02,17.4375,17.5,17.375,17.5,23501
2019-05-03,17.5,17.625,17.375,17.4375,43791
2019-05-06,17.4375,17.5,17.25,17.5,31839
2019-05-07,17.5,17.625,17.375,17.375,27200
2019-05-08,17.375,17.375,17.1875,17.375,64936
2019-05-09,17.375,17.4375,17.1875,17.3125,25680
2019-05-10,17.3125,17.3125,17.125,17.3125,25028
2019-05-13,17.3125,17.375,17.1875,17.25,24250
2019-05-14,17.25,17.375,17.0625,17.375,51370
2019-05-15,17.375,17.5,17.125,17.4375,24880
2019-05-16,18.4375,19.125,17.9375,18.5625,847004
2019-05-17,18.3125,18.5,18.125,18.1875,129760
2019-05-20,18.1875,18.5,17.625,17.625,86800
2019-05-21,17.625,17.9375,17.625,17.9375,26444
2019-05-22,18.25,19.6875,18.25,19.6875,926315
2019-05-23,19.4375,19.4375,18.8125,18.9375,639060
2019-05-24,18.875,19.5,18.625,18.625,446467
2019-05-27,18.9375,19.4375,18.75,18.8125,619200
2019-05-28,19.0625,19.0625,18.625,18.625,158230
2019-05-29,18.625,19.4375,18.625,18.9375,388137
2019-05-30,19.3125,19.9375,19.1875,19.1875,434528
2019-05-31,19.1875,19.25,18.9375,18.9375,109014
2019-06-03,19.0625,20.6875,19.0,20.5,1198003
2019-06-04,20.75,20.75,19.75,19.9375,722047
2019-06-05,20.0,20.3125,19.5625,19.625,426907
2019-06-06,19.8125,20.5,19.8125,20.0625,577759
2019-06-10,20.375,20.5,20.0625,20.375,250247
2019-06-11,20.0,20.125,19.125,19.5,774199
2019-06-12,19.5,19.9375,19.1875,19.25,290505
2019-06-13,19.25,20.875,19.25,20.5,1639192
2019-06-14,20.4375,21.0625,20.1875,20.875,1041662
2019-06-17,20.5625,21.0,20.5,20.625,643037
2019-06-18,20.75,20.875,19.75,19.875,428460
2019-06-19,19.875,20.3125,19.75,20.125,209952
2019-06-20,20.1875,20.4375,19.9375,20.0625,286948
2019-06-21,20.3125,21.4375,20.1875,20.75,1282160
2019-06-24,21.0625,22.3125,20.8125,21.5,2833728
2019-06-25,21.6875,22.0625,21.5,21.875,1904621
2019-06-26,21.5625,21.8125,21.0,21.0,973279
2019-06-27,21.0625,21.375,20.8125,20.875,418560
2019-06-28,20.9375,21.625,20.9375,21.0625,882720
2019-07-01,20.6875,20.6875,19.4375,19.6875,1079886
2019-07-02,19.6875,19.8125,19.1875,19.5,442630
2019-07-03,20.25,21.0,20.125,20.625,1590400
2019-07-04,20.5,20.5,20.1875,20.3125,384000
2019-07-05,20.5,20.6875,20.25,20.625,300000
2019-07-08,20.25,20.375,20.0,20.125,229600
2019-07-09,20.125,20.3125,20.0625,20.0625,135200
2019-07-10,20.0625,20.25,19.875,19.9375,189600
2019-07-11,20.625,21.4375,20.625,21.0625,981324
2019-07-12,20.75,21.0,20.5625,20.75,215094
2019-07-15,20.75,21.125,20.625,20.6875,203400
2019-07-16,20.75,21.0,20.6875,20.9375,188924
2019-07-17,21.0,21.0,20.5625,20.5625,165632
2019-07-18,21.0,21.3125,20.625,20.625,705680
2019-07-19,21.0625,21.625,20.8125,21.625,1013201
2019-07-22,21.9375,22.0625,21.5625,22.0,1080492
2019-07-23,21.9375,22.0625,21.4375,21.6875,299003
2019-07-24,21.75,21.75,21.3125,21.3125,243920
2019-07-25,21.375,21.5625,21.3125,21.4375,213720
2019-07-26,21.3125,21.4375,21.125,21.4375,157427
2019-07-29,21.5,21.625,21.3125,21.4375,241000
2019-07-30,21.625,21.625,20.5625,20.6875,403888
2019-07-31,20.875,21.4375,20.875,21.0625,362520
2019-08-01,20.6875,20.9375,20.5625,20.6875,308033
2019-08-02,21.5,22.3125,21.0,21.125,3351953
2019-08-05,21.1875,22.3125,21.125,22.1875,2895680
2019-08-06,22.875,23.625,21.0625,21.0625,4043799
2019-08-07,21.375,21.8125,21.25,21.625,1047539
2019-08-08,22.1875,22.75,21.8125,22.625,1694267
2019-08-12,22.5,23.125,22.3125,22.3125,1709750
2019-08-13,23.0625,23.4375,22.625,22.75,1726024
2019-08-14,22.375,22.375,21.6875,22.125,1457348
2019-08-15,23.0,23.1875,22.375,22.5,1411700
2019-08-16,22.625,22.75,22.1875,22.5,583945
2019-08-19,22.1875,22.3125,22.0,22.125,489975
2019-08-20,22.125,22.3125,21.9375,22.25,246474
2019-08-21,22.375,22.5625,22.125,22.3125,387835
2019-08-22,22.3125,22.3125,22.0,22.0,280880
2019-08-23,21.875,22.3125,21.875,22.3125,311679
2019-08-26,23.5,24.0,22.6875,23.0,2078904
2019-08-27,22.75,22.8125,22.5625,22.75,354316
2019-08-28,23.0,23.0,22.5,22.5,330904
2019-08-29,22.5625,23.125,22.5625,22.8125,540096
2019-08-30,23.0625,23.625,22.8125,23.625,1322483
2019-09-02,23.9375,24.1875,23.375,23.9375,1369805
2019-09-03,23.9375,23.9375,23.5625,23.9375,684880
2019-09-04,24.375,24.75,24.0625,24.1875,1069254
2019-09-05,24.125,24.5,23.75,23.875,811984
2019-09-06,23.75,23.9375,23.3125,23.5,747396
2019-09-10,23.3125,23.3125,23.0,23.0625,320945
2019-09-11,23.5625,23.9375,23.25,23.75,1085840
2019-09-12,23.9375,23.9375,23.5,23.5625,296880
2019-09-16,24.0,24.0,23.625,23.6875,434000
2019-09-17,23.8125,23.8125,23.25,23.375,288209
2019-09-18,23.375,23.6875,23.25,23.5625,195712
2019-09-19,23.5625,23.5625,23.25,23.375,181544
2019-09-20,23.5,23.5625,23.375,23.5,227102
2019-09-23,23.875,23.875,23.5625,23.75,321377
2019-09-24,23.875,23.9375,23.5,23.625,243386
2019-09-25,23.75,24.125,23.625,23.6875,736880
2019-09-26,23.625,23.625,23.4375,23.5625,310408
2019-09-27,23.5625,23.5625,23.125,23.25,343634
2019-10-01,23.125,23.125,22.5625,22.75,348172
2019-10-02,23.25,23.25,22.75,22.75,100161
2019-10-03,23.125,23.9375,23.125,23.125,734734
2019-10-04,23.4375,23.4375,23.0625,23.1875,110467
2019-10-07,23.375,23.5,23.25,23.3125,181600
2019-10-08,23.375,23.375,23.0,23.0625,88932
2019-10-09,23.1875,23.3125,23.0625,23.125,127391
2019-10-14,23.0,23.25,23.0,23.1875,186504
2019-10-15,23.125,23.125,22.9375,23.0,230746
2019-10-16,23.0,23.125,22.875,23.125,157255
2019-10-17,23.125,23.125,22.875,22.9375,140224
2019-10-18,22.9375,23.0625,22.875,22.9375,144280
2019-10-21,22.9375,23.125,22.875,23.0625,273342
2019-10-22,23.0,23.125,23.0,23.0,276200
2019-10-23,23.0625,23.3125,23.0,23.1875,242987
2019-10-24,23.25,23.3125,23.125,23.25,192257
2019-10-25,23.375,23.375,23.125,23.125,262400
2019-10-28,23.375,23.375,23.125,23.1875,151758
2019-10-29,23.125,23.25,23.0,23.0625,272966
2019-10-30,23.0625,23.0625,22.875,23.0625,161736
2019-10-31,23.0625,23.125,22.6875,22.8125,235513
2019-11-01,22.9375,23.1875,22.875,23.125,185609
2019-11-04,23.75,24.375,23.6875,24.375,1516800
2019-11-05,24.375,24.625,24.0,24.25,677600
2019-11-06,24.3125,24.4375,23.625,24.0,548000
2019-11-07,23.875,24.125,23.75,23.9375,193600
2019-11-08,23.875,24.0,23.375,23.625,814328
2019-11-11,23.6875,23.6875,23.0,23.0,638400
2019-11-12,22.9375,23.3125,22.9375,23.3125,212800
2019-11-13,23.375,23.375,23.0625,23.0625,144800
2019-11-14,23.3125,23.375,23.0,23.0625,208800
2019-11-15,23.0,23.125,22.875,22.875,264800
2019-11-18,22.875,23.125,22.875,22.875,214400
2019-11-19,23.0,23.0,22.8125,22.8125,188000
2019-11-20,22.8125,22.9375,22.6875,22.75,267200
2019-11-21,22.8125,23.375,22.75,22.75,392800
2019-11-22,22.75,22.8125,22.6875,22.75,162932
2019-11-25,22.75,22.875,22.625,22.625,200000
2019-11-26,22.8125,22.875,22.75,22.8125,92800
2019-11-27,22.8125,22.9375,22.75,22.75,98400
2019-11-28,22.8125,22.875,22.75,22.875,104800
2019-11-29,22.75,22.8125,22.625,22.75,211970
2019-12-02,22.625,22.75,22.5,22.5,132000
2019-12-03,22.4375,22.875,22.4375,22.6875,89600
2019-12-04,23.0,23.0625,22.75,22.75,106400
2019-12-05,22.6875,22.75,22.6875,22.75,76000
2019-12-06,22.75,23.0,22.75,22.9375,155244
2019-12-09,22.9375,22.9375,22.8125,22.875,80000
2019-12-10,23.0,23.0625,22.9375,22.9375,93600
2019-12-11,22.9375,22.9375,22.6875,22.6875,174400
2019-12-12,22.9375,23.0,22.75,22.9375,101600
2019-12-13,23.0,23.0,22.875,23.0,187440
2019-12-16,23.0625,23.3125,23.0625,23.1875,116000
2019-12-17,23.1875,23.1875,23.0,23.0625,78400
2019-12-18,23.1875,23.1875,22.875,22.875,81600
2019-12-19,22.9375,23.0625,22.875,22.9375,54400
2019-12-20,22.9375,23.0625,22.875,23.0625,76596
2019-12-23,23.0625,23.125,22.9375,22.9375,89600
2019-12-24,23.0625,23.125,23.0625,23.125,64000
2019-12-25,23.3125,23.625,23.3125,23.375,408800
2019-12-26,23.375,23.375,23.1875,23.3125,128800
2019-12-27,23.5625,23.5625,23.25,23.4375,209438
2019-12-30,23.5,24.125,23.5,24.0,675200
2019-12-31,23.875,24.75,23.875,24.3125,1057200
2020-01-02,24.3125,24.5,24.1875,24.3125,286400
2020-01-03,24.375,25.75,24.3125,25.1875,2186274
2020-01-06,26.25,27.25,25.3125,25.3125,3278400
2020-01-07,25.3125,25.4375,24.6875,24.75,1015200
2020-01-08,26.0625,26.375,25.1875,25.375,2541600
2020-01-09,24.75,24.8125,24.5,24.625,868000
2020-01-10,24.625,24.625,24.125,24.25,474400
2020-01-13,24.0,24.0,23.375,23.4375,625600
2020-01-14,23.375,23.5,23.125,23.3125,309600
2020-01-15,23.375,23.625,23.3125,23.625,213600
2020-01-16,23.875,23.875,23.5,23.5,164000
2020-01-17,23.4375,23.4375,23.3125,23.3125,148280
2020-01-20,23.5,23.6875,23.4375,23.5,145880
2020-01-30,23.5625,24.125,22.375,22.4375,752800
2020-01-31,22.4375,22.625,22.125,22.1875,338842
2020-02-03,22.125,22.125,21.5,21.5,359200
2020-02-04,21.5,22.0625,21.5,21.875,220000
2020-02-05,22.1875,22.375,22.0625,22.125,148800
2020-02-06,22.125,22.125,21.6875,21.8125,148000
2020-02-07,21.8125,21.8125,21.8125,21.8125,0
2020-02-10,22.0,22.0,21.625,21.625,170533
2020-02-11,21.75,21.875,21.625,21.6875,104000
2020-02-12,21.625,21.6875,21.375,21.625,189600
2020-02-13,21.625,21.875,21.5625,21.875,140000
2020-02-14,22.0625,22.0625,21.6875,21.6875,158400
2020-02-17,21.6875,21.75,21.625,21.625,148800
2020-02-18,21.625,21.9375,21.625,21.75,133600
2020-02-19,22.4375,22.6875,22.1875,22.1875,648800
2020-02-20,22.75,22.875,22.3125,22.4375,368000
2020-02-21,22.875,23.3125,22.8125,23.0625,885188
2020-02-24,23.875,23.9375,23.5625,23.5625,1001600
2020-02-25,23.125,23.6875,23.0,23.3125,560000
2020-02-26,23.125,23.25,22.5,22.5,575200
2020-02-27,22.625,22.6875,22.375,22.4375,276000
2020-03-02,21.9375,22.0,21.4375,21.9375,220800
2020-03-03,22.3125,22.375,22.0,22.125,98400
2020-03-04,22.375,22.8125,22.375,22.625,256000
2020-03-05,22.9375,23.1875,22.75,23.0,270400
2020-03-06,23.1875,23.3125,22.8125,22.875,309600
2020-03-09,22.875,22.875,22.875,22.875,0
2020-03-10,22.25,22.5,21.375,21.875,438400
2020-03-11,21.875,22.125,21.375,21.5,268800
2020-03-12,21.3125,21.3125,19.375,19.875,627200
2020-03-13,19.875,19.875,19.875,19.875,0
2020-03-16,18.125,18.125,17.125,17.25,310400
2020-03-17,15.625,16.625,15.625,16.1875,283200
2020-03-18,16.1875,16.1875,16.1875,16.1875,0
2020-03-19,16.0,16.0,14.75,14.8125,532800
2020-03-20,15.0625,16.0,15.0625,15.8125,180800
2020-03-23,15.0,16.75,14.75,16.5,185600
2020-03-24,18.125,18.125,17.5,18.0625,326400
2020-03-25,18.6875,19.375,18.375,18.6875,385600
2020-03-26,18.5,19.0,18.4375,18.875,267200
2020-03-27,19.5,19.5,19.0,19.125,345600
2020-03-30,18.75,19.5,18.75,19.4375,174400
2020-03-31,19.75,20.0,19.4375,19.6875,132000
2020-04-01,19.875,19.875,19.5,19.8125,184000
2020-04-06,19.75,20.5,19.75,20.1875,172800
2020-04-07,20.875,21.25,20.75,21.0,229600
2020-04-08,21.0,21.25,20.625,20.9375,308800
2020-04-09,21.0,21.1875,20.75,21.0,188800
2020-04-10,21.25,21.4375,21.125,21.375,391200
2020-04-13,21.5625,21.875,21.4375,21.875,320800
2020-04-14,22.25,22.625,22.25,22.375,671200
2020-04-15,22.5,22.75,22.125,22.5,372800
2020-04-16,22.25,22.625,22.25,22.5,245600
2020-04-17,22.625,22.6875,22.3125,22.3125,339200
2020-04-20,22.0625,22.375,21.9375,22.25,200000
2020-04-21,22.3125,22.5,21.0625,21.125,448800
2020-04-22,21.125,21.4375,21.0,21.1875,140800
2020-04-23,22.0,22.0,21.6875,21.8125,72000
2020-04-24,22.0625,22.1875,21.9375,22.125,191200
2020-04-27,22.125,22.375,22.125,22.25,312000
2020-04-28,22.375,22.4375,22.125,22.125,138400
2020-04-29,22.125,22.5625,22.125,22.4375,236000
2020-04-30,22.5,22.5625,22.375,22.4375,268800
2020-05-04,22.375,22.5,22.0625,22.5,125600
2020-05-05,22.5,22.875,22.375,22.625,176000
2020-05-06,22.8125,22.8125,22.4375,22.6875,167200
2020-05-07,22.6875,22.8125,22.5,22.6875,112800
2020-05-08,22.75,22.75,22.5625,22.6875,189600
2020-05-11,22.6875,23.0625,22.625,22.625,552000
2020-05-12,22.875,22.875,22.375,22.375,146400
2020-05-13,22.4375,22.5,22.25,22.5,108800
2020-05-14,22.5,22.625,22.1875,22.25,112000
2020-05-15,22.6875,23.0,22.5,22.5,358400
2020-05-18,22.8125,23.625,22.75,23.5625,2241600
2020-05-19,23.6875,23.6875,22.875,23.125,786400
2020-05-20,23.4375,23.625,23.125,23.1875,385600
2020-05-21,23.5,23.5,22.875,23.0,310400
2020-05-22,22.8125,23.1875,22.25,22.6875,532800
2020-05-25,22.5625,22.5625,22.1875,22.375,164800
2020-05-26,22.4375,22.6875,22.375,22.5625,94400
2020-05-27,22.375,22.625,22.375,22.5,80800
2020-05-28,22.625,22.75,22.5,22.5625,129600
2020-05-29,22.625,23.125,22.625,22.8125,172800
2020-06-01,23.0,23.3125,23.0,23.0625,324800
2020-06-02,23.25,23.375,22.9375,22.9375,228000
2020-06-03,23.0625,23.1875,23.0625,23.0625,186400
2020-06-04,23.0,23.375,22.875,23.375,419200
2020-06-05,23.5,23.875,23.375,23.5,596000
2020-06-08,23.5625,25.8125,23.5625,25.8125,3381600
2020-06-09,25.875,26.0,24.8125,25.5,2267200
2020-06-10,25.75,26.125,24.625,25.0,1164000
2020-06-11,24.875,25.1875,23.75,23.75,777600
2020-06-12,23.125,23.75,23.0625,23.625,424800
2020-06-15,24.1875,25.125,23.625,24.6875,905600
2020-06-16,25.125,25.4375,24.4375,24.5,965600
2020-06-17,24.5625,24.6875,24.25,24.375,484800
2020-06-18,24.5625,24.5625,24.1875,24.3125,394400
2020-06-19,24.3125,24.75,24.3125,24.3125,361600
2020-06-22,24.625,25.0,24.375,24.625,408000
2020-06-23,24.8125,24.9375,24.5,24.5,224000
2020-06-24,24.6875,25.375,24.6875,25.0,1512000
2020-06-29,25.25,25.8125,25.1875,25.6875,1182400
2020-06-30,25.75,26.75,25.75,26.25,1664000
2020-07-01,26.75,27.5,26.625,26.75,1540000
2020-07-02,27.5,29.3125,27.25,29.0625,3586400
2020-07-03,28.875,29.625,27.9375,29.125,1943200
2020-07-06,30.0,32.0,30.0,32.0,2379200
2020-07-07,35.1875,35.1875,35.1875,35.1875,1186400
2020-07-08,38.6875,38.6875,38.6875,38.6875,1756000
2020-07-09,42.5,42.5,42.5,42.5,1323200
2020-07-10,43.25,43.25,38.25,38.25,2835200
2020-07-13,39.375,40.0,35.125,38.25,4004800
2020-07-14,38.75,40.6875,38.25,38.4375,2488000
2020-07-15,38.75,39.375,36.25,36.375,1748800
2020-07-16,36.75,37.5,36.5,37.0,746400
2020-07-17,37.625,37.625,34.125,34.25,1322400
2020-07-20,33.9375,35.1875,32.5625,35.0,1044800
2020-07-21,35.4375,37.0,35.4375,36.75,1272800
2020-07-22,34.625,36.625,34.625,36.625,1994400
2020-07-23,35.75,36.25,34.75,35.6875,1451200
2020-07-24,35.75,36.25,32.875,33.75,2015200
2020-07-27,34.875,35.8125,33.1875,33.1875,1527200
2020-07-28,34.0625,34.5625,30.625,31.25,1986400
2020-07-29,32.25,34.375,31.625,34.375,1499200
2020-07-30,34.9375,36.0,34.0625,34.5,3336800
2020-07-31,34.5,34.5,33.5,33.875,829600
2020-08-03,34.1875,34.375,33.375,33.4375,732800
2020-08-04,33.5625,33.8125,33.0625,33.1875,1432800
2020-08-05,34.1875,34.75,33.4375,33.4375,1823200
2020-08-06,33.8125,34.375,33.25,33.25,882400
2020-08-07,33.25,36.5625,33.25,36.5625,6463200
2020-08-10,39.0,39.0,34.0,34.3125,5563200
2020-08-11,34.6875,35.5625,34.125,34.125,1648800
2020-08-12,33.75,33.75,31.875,32.75,1804000
2020-08-13,33.125,33.25,31.875,31.9375,1172800
2020-08-14,32.0,32.25,31.5,31.9375,1092000
2020-08-17,32.25,32.625,31.6875,31.75,1332800
2020-08-18,32.25,33.125,32.25,32.6875,1733600
2020-08-19,33.0625,33.4375,31.9375,31.9375,1193600
2020-08-20,31.75,31.8125,29.25,29.9375,1860000
2020-08-21,30.25,31.1875,30.0,30.625,1029600
2020-08-24,30.625,31.5625,30.4375,31.125,792800
2020-08-25,31.25,31.3125,30.75,30.875,596800
2020-08-26,30.6875,30.75,30.1875,30.375,604800
2020-08-27,30.875,31.9375,30.8125,31.0,1440800
2020-08-28,30.875,30.875,30.4375,30.8125,564800
2020-08-31,31.0625,31.4375,30.8125,31.0,563200
2020-09-01,31.1875,31.1875,30.5625,30.8125,606400
2020-09-02,30.875,31.3125,30.8125,30.8125,604800
2020-09-03,31.0625,31.25,30.75,30.75,752800
2020-09-04,30.5,30.625,29.9375,30.1875,822400
2020-09-07,30.4375,30.5625,30.1875,30.1875,607200
2020-09-08,30.4375,31.25,30.0625,30.125,908000
2020-09-09,30.125,30.5,29.875,30.1875,526400
2020-09-10,30.375,30.4375,29.8125,29.8125,642400
2020-09-11,29.8125,30.125,28.625,28.625,1009600
2020-09-14,28.875,29.5625,28.6875,29.3125,787200
2020-09-15,29.6875,30.0,29.4375,29.5625,348000
2020-09-16,29.8125,30.125,29.5625,29.5625,436800
2020-09-17,29.625,29.9375,29.5,29.8125,304800
2020-09-18,29.8125,30.375,29.75,30.0,516000
2020-09-21,30.1875,30.375,29.3125,29.3125,427200
2020-09-22,29.0625,29.25,28.25,28.375,571200
2020-09-23,28.375,28.625,27.125,27.5,748800
2020-09-24,26.9375,27.125,26.0625,26.0625,1136800
2020-09-25,26.5625,26.6875,25.375,25.875,549600
2020-09-28,26.0,26.875,26.0,26.6875,368000
2020-09-29,26.875,27.0,26.25,26.3125,212000
2020-09-30,26.625,27.1875,26.5625,27.0625,273600
2020-10-05,27.5,28.125,27.375,27.6875,365600
2020-10-06,27.6875,27.875,27.375,27.875,278400
2020-10-07,27.6875,27.875,27.625,27.8125,178400
2020-10-08,28.0625,28.0625,27.625,27.875,199200
2020-10-12,28.0625,28.25,27.8125,27.875,244000
2020-10-13,28.4375,29.375,28.4375,29.0,1046400
2020-10-14,29.1875,29.375,28.6875,29.375,422400
2020-10-15,29.5,29.625,28.8125,29.0,297600
2020-10-16,29.1875,29.1875,28.375,28.375,409600
2020-10-19,28.4375,28.6875,28.4375,28.625,163200
2020-10-20,28.625,29.0,28.25,28.6875,188000
2020-10-21,28.6875,28.875,28.4375,28.5,216800
2020-10-22,28.5,29.0625,28.5,29.0,403200
2020-10-23,29.1875,29.3125,28.875,29.0625,199200
2020-10-26,29.1875,29.25,28.9375,29.0625,339200
2020-10-27,28.6875,29.1875,28.6875,29.125,347200
2020-10-28,29.1875,29.25,28.8125,28.8125,196800
2020-10-29,28.625,28.6875,28.25,28.625,126400
2020-10-30,28.75,28.75,28.125,28.125,280800
2020-11-02,28.125,28.375,27.75,27.9375,295200
2020-11-03,27.875,28.375,27.875,27.9375,345600
2020-11-04,28.25,28.25,27.875,27.9375,714400
2020-11-05,28.0,28.875,27.9375,28.8125,220000
2020-11-06,28.875,29.25,28.8125,28.9375,248000
2020-11-09,29.375,30.3125,29.0,29.6875,564800
2020-11-10,29.625,29.625,29.0,29.125,297600
2020-11-11,31.125,31.125,30.125,30.5625,1861600
2020-11-12,30.375,30.4375,29.5625,30.0,827200
2020-11-13,29.75,30.0,29.5625,29.75,667200
2020-11-16,29.875,30.25,29.625,29.9375,1344000
2020-11-17,30.0625,30.1875,29.75,30.0625,1043200
2020-11-18,30.0625,30.0625,29.6875,29.6875,984000
2020-11-19,29.75,29.75,29.3125,29.3125,532000
2020-11-20,29.5,30.0625,29.5,29.75,1204800
2020-11-23,29.9375,32.375,29.625,32.125,5016000
2020-11-24,31.875,31.875,30.75,31.25,2424000
2020-11-25,31.5625,31.5625,30.9375,31.0625,1163200
2020-11-26,31.375,33.625,31.375,32.8125,4849600
2020-11-27,33.0,33.25,32.4375,32.9375,2325600
2020-11-30,33.125,35.1875,32.9375,34.75,5848000
2020-12-01,38.1875,38.1875,38.1875,38.1875,4811200
2020-12-02,42.0,42.0,39.375,39.8125,21691200
2020-12-03,39.9375,40.75,38.75,39.5625,5545600
2020-12-04,40.1875,41.625,39.75,40.125,5221600
2020-12-07,40.375,40.5,38.25,38.4375,4670400
2020-12-08,38.5625,39.5,37.5,37.75,2746400
2020-12-09,37.8125,38.375,37.4375,38.0,1655200
2020-12-10,38.875,40.3125,38.0625,38.875,4095200
2020-12-11,39.0,39.3125,36.875,38.4375,2891200
2020-12-14,38.875,38.9375,38.0,38.1875,1147200
2020-12-15,38.5625,38.75,36.9375,37.5625,1298400
2020-12-16,38.125,40.375,37.75,38.6875,4004000
2020-12-17,38.5,39.0625,37.8125,38.8125,1487200
2020-12-18,39.5,42.6875,39.125,41.625,20960000
2020-12-21,42.25,45.25,42.25,43.9375,13427200
2020-12-22,45.0,46.25,39.5625,39.6875,15029600
2020-12-23,39.75,41.0,39.25,40.0625,4867200
2020-12-24,40.6875,41.8125,39.5625,40.25,4212800
2020-12-25,40.0,40.4375,39.6875,39.9375,1700000
2020-12-28,40.4375,40.4375,39.375,39.5625,2014400
2020-12-29,39.625,40.0,38.1875,38.375,2490400
2020-12-30,38.625,39.0625,38.625,38.8125,969600
2020-12-31,39.25,39.3125,38.4375,38.5,953600
2021-01-04,38.6875,39.9375,38.5625,39.375,1479200
2021-01-05,39.5625,41.0625,39.5,40.0,4844800
2021-01-06,40.5625,40.875,38.5,39.75,2796000
2021-01-07,41.625,42.5,41.0625,41.4375,7729600
2021-01-08,41.5625,42.125,40.1875,41.125,3072000
2021-01-11,41.4375,42.125,41.0,41.125,2334400
2021-01-12,41.1875,41.4375,39.3125,39.875,2554400
2021-01-13,39.875,41.1875,39.875,40.25,1916800
2021-01-14,40.25,40.375,39.4375,39.75,1159200
2021-01-15,40.0,40.125,37.9375,38.125,1968800
2021-01-18,37.625,38.75,35.9375,38.375,1608000
2021-01-19,38.6875,39.0,37.8125,38.0,808800
2021-01-20,37.1875,37.875,36.375,36.5625,1248800
2021-01-21,36.375,37.375,36.25,36.625,764800
2021-01-22,36.6875,37.4375,36.4375,37.125,605600
2021-01-25,37.125,37.125,36.5625,37.0625,625600
2021-01-26,37.1875,38.0,36.875,36.9375,800800
2021-01-27,37.1875,37.3125,36.5,36.5625,521600
2021-01-28,36.125,36.6875,35.625,36.25,724800
2021-01-29,36.5,36.625,36.0,36.0,559200
2021-02-01,36.0625,36.75,35.3125,36.75,919200
2021-02-02,37.0625,37.25,36.3125,36.5,931200
2021-02-03,36.5,36.5,36.0625,36.125,424800
2021-02-04,36.125,36.4375,35.9375,36.125,239200
2021-02-05,36.1875,36.5625,36.0,36.1875,525600
2021-02-17,36.5625,37.9375,36.5625,37.6875,1428000
2021-02-18,38.125,38.5625,37.375,38.5,1475200
2021-02-19,39.25,40.3125,38.8125,39.875,2324000
2021-02-22,43.0,43.8125,43.0,43.8125,3530400
2021-02-23,48.1875,48.1875,45.4375,47.4375,18303200
2021-02-24,47.875,47.9375,44.5,45.125,6871200
2021-02-25,46.25,46.6875,43.9375,44.5,4572000
2021-02-26,43.3125,45.3125,43.0,43.4375,2857600
2021-03-02,43.8125,43.8125,41.25,41.625,3966400
2021-03-03,41.6875,42.1875,40.5,41.625,3288000
2021-03-04,41.625,42.25,40.875,41.25,1364000
2021-03-05,40.625,41.0625,40.1875,40.5,831200
2021-03-08,41.0,42.25,40.75,40.8125,1092000
2021-03-09,41.625,41.6875,40.0625,41.0,760800
2021-03-10,41.625,41.625,40.9375,41.4375,1141600
2021-03-11,41.875,42.1875,41.6875,42.1875,949600
2021-03-12,42.875,43.0625,41.625,42.5,932000
2021-03-15,42.5,44.125,42.5,43.25,1721600
2021-03-16,43.4375,43.75,42.6875,43.0,1160800
2021-03-17,43.0625,43.0625,42.1875,42.3125,1012000
2021-03-18,42.5625,42.875,42.375,42.8125,881600
2021-03-19,42.375,43.375,42.3125,43.0,886400
2021-03-22,43.375,45.1875,43.1875,45.0,2603200
2021-03-23,45.0,45.875,43.625,43.8125,2360000
2021-03-24,43.8125,43.8125,42.9375,43.75,990400
2021-03-25,43.875,43.9375,43.1875,43.1875,743200
2021-03-26,43.375,44.875,43.3125,44.1875,1445600
2021-03-29,42.0,42.25,40.25,41.9375,4760000
2021-03-30,41.5625,41.8125,41.1875,41.5625,1244000
2021-03-31,41.5,41.5,41.0,41.0625,1156000
2021-04-01,41.0,41.5625,40.625,41.25,992800
2021-04-07,42.8125,44.375,42.25,43.5625,3775200
2021-04-08,43.875,47.25,43.5,46.25,13087200
2021-04-09,46.6875,46.75,44.4375,45.375,5429600
2021-04-12,45.625,45.8125,44.875,44.9375,2068000
2021-04-13,45.0625,45.5,43.5,43.5625,1915200
2021-04-14,43.625,44.4375,41.5,42.875,1535200
2021-04-15,42.75,44.1875,42.75,43.9375,1259200
2021-04-16,45.0,46.5,44.3125,46.125,7741600
2021-04-19,46.5625,48.25,46.0,47.0,9340000
2021-04-20,48.125,49.625,46.5,46.5,6413600
2021-04-21,46.4375,47.1875,45.75,47.1875,3156000
2021-04-22,50.0,51.875,48.0,51.875,16081600
2021-04-23,56.25,56.25,50.0,50.0,13885600
2021-04-26,50.625,54.0,50.625,53.125,8687200
2021-04-27,57.5,58.4375,57.5,58.4375,3847200
2021-04-28,64.25,64.25,62.0625,64.25,22911200
2021-04-29,66.25,68.375,59.1875,61.375,16870400
2021-05-03,61.375,63.875,57.5625,57.5625,7965600
2021-05-04,58.6875,60.5,51.8125,52.3125,9436800
2021-05-05,53.875,57.5,52.875,57.5,12884000
2021-05-06,57.125,62.5,56.25,58.75,18651200
2021-05-07,60.125,62.1875,57.6875,60.0,9157600
2021-05-10,61.3125,63.25,60.25,61.8125,10791200
2021-05-11,60.3125,62.75,55.6875,56.375,9484000
2021-05-12,57.8125,58.125,50.75,51.0625,8396800
2021-05-13,47.5625,51.0,46.375,49.0625,5655200
2021-05-14,49.6875,50.625,46.125,47.0,4433600
2021-05-17,42.375,45.625,42.3125,42.3125,4754400
2021-05-18,44.8125,46.5,43.25,46.5,4362400
2021-05-19,47.0,51.0625,46.8125,50.125,6144800
2021-05-20,48.75,50.5,47.5,47.5,4504000
2021-05-21,48.5625,49.0625,47.125,47.8125,2421600
2021-05-24,48.125,50.625,47.875,49.25,4473600
2021-05-25,49.8125,50.875,49.4375,50.0,2950400
2021-05-26,50.0625,50.75,49.0,50.3125,1836800
2021-05-27,50.4375,53.625,50.25,53.125,5654400
2021-05-28,55.4375,58.4375,55.375,57.875,10656000
2021-05-31,59.8125,61.875,56.8125,58.0,10328800
2021-06-01,58.0,59.25,56.25,58.3125,3508800
2021-06-02,58.6875,59.25,57.625,57.75,3428000
2021-06-03,57.5625,58.375,56.5625,57.125,2410400
2021-06-04,55.625,56.25,54.375,54.5625,2905600
2021-06-07,54.875,56.4375,52.8125,56.3125,2712000
2021-06-08,56.3125,56.875,55.6875,55.9375,1198400
2021-06-09,55.0,55.6875,54.0625,54.1875,1572800
2021-06-10,53.875,54.5625,53.125,54.1875,1280000
2021-06-11,54.375,54.875,53.75,53.9375,1040800
2021-06-15,54.9375,57.0,54.375,56.6875,1926400
2021-06-16,56.6875,56.6875,54.875,55.8125,1792800
2021-06-17,54.5,55.5625,54.5,55.125,968000
2021-06-18,54.5625,54.5625,53.25,53.3125,2223200
2021-06-21,51.6875,51.75,50.1875,50.3125,2321600
2021-06-22,50.625,53.6875,50.625,52.4375,2119200
2021-06-23,53.125,53.4375,51.375,52.0625,1340800
2021-06-24,52.875,53.125,52.0625,52.25,857600
2021-06-25,53.0,53.1875,52.25,52.3125,1012000
2021-06-28,52.25,54.1875,52.25,54.0,1833600
2021-06-29,54.1875,55.375,52.9375,52.9375,2576800
2021-06-30,53.375,54.1875,53.125,53.125,1388000
2021-07-01,53.3125,53.75,51.5625,51.8125,1474400
2021-07-02,52.0,52.375,51.4375,51.5,835200
2021-07-05,52.25,53.4375,52.125,52.875,1391200
2021-07-06,53.5,53.625,52.125,52.1875,764800
2021-07-07,52.125,52.4375,51.4375,51.75,754400
2021-07-08,52.5,53.375,51.9375,52.9375,1064800
2021-07-09,52.5625,52.8125,51.875,51.875,882400
2021-07-12,52.6875,52.6875,51.4375,51.5625,851200
2021-07-13,52.1875,52.1875,50.75,50.8125,1018400
2021-07-14,51.25,51.25,49.375,50.125,1035200
2021-07-15,50.5,52.4375,50.4375,52.1875,1281600
2021-07-16,52.5,52.75,51.875,52.0,702400
2021-07-19,52.0,54.0,51.6875,52.75,2096000
2021-07-20,52.0625,52.25,51.125,51.1875,981600
2021-07-21,51.625,51.875,50.0,50.125,924000
2021-07-22,50.6875,51.1875,49.5625,49.9375,773600
2021-07-23,50.625,51.4375,50.375,51.0625,695200
2021-07-26,51.6875,52.3125,51.3125,52.125,934400
2021-07-27,53.125,55.75,52.125,52.75,6148800
2021-07-28,52.75,52.9375,49.75,51.625,2460800
2021-07-29,52.6875,53.625,51.9375,52.375,2180800
2021-07-30,52.6875,53.6875,52.125,52.125,1242400
2021-08-02,52.25,53.0,52.0,52.5,829600
2021-08-03,53.0,55.3125,53.0,53.25,3248000
2021-08-04,53.6875,54.0625,53.25,53.375,1045600
2021-08-05,53.6875,53.6875,52.125,52.1875,842400
2021-08-06,52.4375,52.6875,51.875,51.875,508000
2021-08-09,51.875,51.875,50.5,50.6875,1138400
2021-08-10,50.5625,50.5625,49.625,49.8125,1046400
2021-08-11,50.0,50.3125,48.625,48.75,985600
2021-08-12,48.875,50.0,48.875,49.6875,488000
2021-08-13,50.0,50.0,48.875,48.9375,464800
2021-08-16,49.125,49.5,46.6875,47.125,810400
2021-08-17,47.125,47.125,47.125,47.125,0
2021-08-18,44.125,47.875,44.125,47.5625,773600
2021-08-19,47.25,47.4375,45.6875,45.75,511200
2021-08-20,45.1875,45.9375,44.1875,45.375,660800
2021-08-23,45.9375,47.875,45.875,47.4375,464800
2021-08-24,47.5625,48.625,46.8125,47.25,297600
2021-08-25,47.375,48.625,47.3125,48.25,392000
2021-08-26,49.0,49.5625,48.125,48.25,602400
2021-08-27,47.9375,49.0,47.75,48.4375,244800
2021-08-30,49.375,49.5625,48.9375,49.375,399200
2021-08-31,49.375,50.4375,49.0,49.9375,460000
2021-09-01,50.0,50.375,49.8125,49.9375,306400
2021-09-02,49.8125,50.1875,49.1875,49.5625,408800
2021-09-03,50.0,50.125,49.375,49.4375,329600
2021-09-06,49.75,49.75,48.375,48.625,434400
2021-09-07,49.375,49.375,47.75,47.875,394400
2021-09-08,47.875,48.375,47.5,47.6875,452000
2021-09-09,47.875,48.5625,47.5,47.75,728800
2021-09-10,45.125,46.25,45.0,45.9375,535200
2021-09-13,46.25,47.5,46.125,46.9375,408000
2021-09-14,46.9375,47.125,46.25,46.375,213600
2021-09-15,46.25,46.25,45.5625,45.6875,246400
2021-09-16,45.6875,45.75,45.0625,45.0625,272800
2021-09-17,45.0,46.0625,44.9375,46.0625,148800
2021-09-22,45.4375,45.4375,44.125,44.3125,390400
2021-09-23,44.875,44.875,44.0625,44.25,266400
2021-09-24,44.75,44.75,44.25,44.625,217600
2021-09-27,44.625,45.5625,44.625,45.1875,159200
2021-09-28,44.75,44.875,44.4375,44.5,145600
2021-09-29,44.375,44.375,42.875,43.0,493600
2021-09-30,43.125,44.125,42.75,44.125,188000
2021-10-01,43.75,43.75,42.1875,42.375,427200
2021-10-04,42.5,42.625,40.0,40.125,583200
2021-10-05,38.75,41.0,38.6875,40.875,294400
2021-10-06,40.875,41.25,39.25,39.875,409600
2021-10-07,40.0625,40.75,39.875,40.6875,302400
2021-10-08,40.6875,41.375,40.625,40.6875,183200
2021-10-12,40.125,40.6875,39.5625,39.75,244800
2021-10-13,39.75,40.0,38.75,38.875,343200
2021-10-14,39.125,40.8125,39.0625,40.625,495200
2021-10-15,41.6875,43.5625,41.6875,42.875,989600
2021-10-18,43.75,44.5625,42.75,43.1875,604800
2021-10-19,43.125,43.125,42.1875,42.5,319200
2021-10-20,42.375,42.875,42.3125,42.375,172800
2021-10-21,42.4375,43.0625,42.4375,42.75,175200
2021-10-22,42.6875,42.6875,41.5,41.625,307200
2021-10-25,41.625,42.5,41.625,42.25,188800
2021-10-26,42.25,42.9375,42.25,42.25,161600
2021-10-27,43.0,43.0,42.0,42.1875,106400
2021-10-28,42.4375,42.75,42.1875,42.5625,188800
2021-10-29,42.625,42.8125,42.0625,42.25,171200
2021-11-01,42.1875,43.875,42.1875,43.6875,439200
2021-11-02,43.875,44.25,42.3125,42.4375,355200
2021-11-03,42.875,43.5625,42.4375,43.4375,206400
2021-11-04,43.5,43.75,43.0625,43.0625,163200
2021-11-05,43.1875,43.625,42.625,43.4375,173600
2021-11-08,43.4375,44.6875,43.4375,43.625,301600
2021-11-09,43.625,44.3125,43.5625,44.1875,223200
2021-11-10,44.1875,45.0,44.1875,44.25,259200
2021-11-11,44.75,45.0,44.25,44.625,366400
2021-11-12,44.625,45.1875,43.9375,44.125,318400
2021-11-15,44.8125,44.8125,43.5625,44.125,286400
2021-11-16,44.125,44.125,43.0,43.125,390400
2021-11-17,43.1875,43.25,42.5,42.75,372000
2021-11-18,42.5625,42.75,42.125,42.1875,459200
2021-11-19,42.6875,42.75,41.75,41.875,288000
2021-11-22,41.875,42.625,41.625,42.5,177600
2021-11-23,42.5,42.5,42.0,42.0625,213600
2021-11-24,42.0,42.625,41.9375,42.3125,136800
2021-11-25,42.375,42.375,42.125,42.125,164800
2021-11-26,42.125,42.125,41.0,41.0,375200
2021-11-29,40.4375,40.8125,39.75,40.4375,295200
2021-11-30,40.625,41.125,40.4375,40.5,218400
2021-12-01,40.9375,40.9375,40.375,40.875,149600
2021-12-02,40.875,40.875,40.3125,40.625,216800
2021-12-03,40.875,41.4375,40.875,41.3125,206400
2021-12-06,41.3125,41.375,41.125,41.1875,78400
2021-12-07,41.125,42.1875,41.125,41.875,166400
2021-12-08,41.875,41.9375,41.5,41.5,196000
2021-12-09,41.5,42.0,41.3125,41.4375,64800
2021-12-10,41.5,41.625,41.125,41.1875,96800
2021-12-13,41.0,41.8125,41.0,41.6875,166400
2021-12-14,41.1875,41.375,40.875,41.25,136800
2021-12-15,41.0,41.5625,41.0,41.375,86400
2021-12-16,41.9375,41.9375,41.1875,41.25,100800
2021-12-17,41.8125,41.875,41.25,41.25,173600
2021-12-20,41.25,42.375,41.125,42.25,260800
2021-12-21,42.375,42.375,41.875,42.0625,150400
2021-12-22,42.0625,42.5,42.0,42.0625,151200
2021-12-23,42.125,42.5,42.0,42.3125,118400
2021-12-24,42.6875,43.0,42.5,42.8125,348000
2021-12-27,43.0,43.375,42.8125,43.1875,202400
2021-12-28,43.1875,43.5,42.8125,42.8125,222400
2021-12-29,42.8125,42.875,42.3125,42.4375,167200
2021-12-30,42.375,42.5,42.0,42.1875,184000
2022-01-03,43.1875,43.1875,42.125,42.1875,136000
2022-01-04,42.1875,42.4375,41.875,42.0625,131200
2022-01-05,41.9375,42.4375,41.8125,41.8125,124000
2022-01-06,41.75,41.75,41.375,41.5,93600
2022-01-07,41.8125,41.8125,40.9375,41.0,205600
2022-01-10,41.25,41.6875,41.125,41.375,111200
2022-01-11,41.375,41.375,40.9375,41.0,202400
2022-01-12,41.0,41.0,40.625,40.75,167200
2022-01-13,41.25,43.0625,41.25,42.125,624000
2022-01-14,42.125,42.625,41.25,41.3125,316800
2022-01-17,41.375,41.375,40.75,40.9375,208000
2022-01-18,40.8125,41.1875,40.75,40.875,137600
2022-01-19,40.625,40.625,40.3125,40.5,158400
2022-01-20,40.625,41.0,40.5,40.75,128800
2022-01-21,41.0,42.0,40.625,40.625,478400
2022-01-24,40.375,40.375,39.875,40.25,189600
2022-01-25,40.25,40.25,39.6875,39.75,263200
2022-01-26,39.5,39.9375,39.5,39.8125,171200
2022-02-07,40.0,40.9375,40.0,40.875,159200
2022-02-08,41.25,42.375,40.75,42.125,404800
2022-02-09,42.4375,42.4375,41.6875,42.0625,215200
2022-02-10,42.25,42.5,41.625,41.8125,151200
2022-02-11,41.75,42.1875,41.75,41.875,115200
2022-02-14,42.375,45.25,42.375,43.25,3607200
2022-02-15,44.875,44.9375,43.375,43.625,1665600
2022-02-16,42.875,42.875,41.375,42.125,1118400
2022-02-17,42.5,45.5625,42.0,44.0,2612000
2022-02-18,45.5,48.3125,45.0,45.0,9495200
2022-02-21,46.375,47.4375,43.875,44.375,4250400
2022-02-22,45.5,48.5,44.75,47.125,14598400
2022-02-23,47.5,48.1875,45.75,46.125,10519200
2022-02-24,48.375,50.6875,47.5,50.4375,30994400
2022-02-25,48.75,49.3125,45.4375,45.625,14244000
2022-03-01,44.0,45.0,42.5,43.875,6139200
2022-03-02,46.625,47.0625,44.75,44.75,6979200
2022-03-03,45.0,45.5625,43.8125,45.5625,2194400
2022-03-04,47.5,48.0625,45.75,45.9375,7688800
2022-03-07,48.0,49.25,46.875,47.125,12885600
2022-03-08,48.625,48.75,43.9375,45.5625,6004800
2022-03-09,45.5,46.75,45.4375,46.25,2196000
2022-03-10,44.5,45.625,44.25,45.625,2384000
2022-03-11,45.125,45.8125,45.0,45.75,1393600
2022-03-14,45.75,45.875,44.8125,45.0,1336800
2022-03-15,45.0,45.0,42.625,42.625,2037600
2022-03-16,43.5,44.125,42.0,42.1875,1475200
2022-03-17,42.4375,42.8125,42.1875,42.625,900800
2022-03-18,43.0625,45.3125,43.0625,44.0625,4472000
2022-03-21,45.0,47.625,44.375,47.375,6372800
2022-03-22,48.0,50.6875,48.0,49.4375,15382400
2022-03-23,48.125,49.1875,46.875,47.25,5658400
2022-03-24,47.0,48.625,46.875,47.5,3176000
2022-03-25,47.125,47.5,45.875,46.25,2052000
2022-03-28,45.625,46.25,45.0625,46.125,1142400
2022-03-29,45.875,46.0,45.0,45.0,1076800
2022-03-30,44.875,44.9375,44.0625,44.625,1336000
2022-03-31,45.125,46.1875,44.8125,44.8125,1580800
2022-04-01,45.5,46.0,45.0625,45.125,1169600
2022-04-06,45.1875,45.3125,44.5625,44.9375,414400
2022-04-07,45.0,45.5,44.25,44.25,716000
2022-04-08,44.25,44.875,44.125,44.625,787200
2022-04-11,45.625,47.125,45.3125,45.625,3652000
2022-04-12,45.8125,46.75,45.625,46.375,1667200
2022-04-13,47.3125,47.3125,46.3125,46.3125,1576000
2022-04-14,47.0,49.0,47.0,47.4375,3678400
2022-04-15,47.8125,48.1875,47.375,47.875,1995200
2022-04-18,49.625,50.625,47.3125,47.3125,6215200
2022-04-19,47.3125,47.875,46.4375,46.75,1324000
2022-04-20,46.5,47.25,45.0,45.6875,1512800
2022-04-21,45.9375,46.0625,45.4375,45.75,451200
2022-04-22,46.25,46.5,45.6875,45.75,456800
2022-04-25,44.625,45.375,44.1875,44.375,700000
2022-04-26,44.375,44.8125,43.75,43.75,508800
2022-04-27,43.125,43.25,42.1875,42.5625,784800
2022-04-28,42.75,43.1875,42.625,42.75,323200
2022-04-29,43.4375,43.4375,42.625,42.75,321600
2022-05-03,42.125,42.5,41.9375,42.1875,309600
2022-05-04,42.3125,42.5625,42.1875,42.3125,239200
2022-05-05,42.875,43.0625,42.5,42.875,294400
2022-05-06,42.25,42.6875,42.125,42.375,163200
2022-05-09,42.125,42.125,40.25,40.25,826400
2022-05-10,39.75,40.1875,39.0,40.0625,365600
2022-05-11,40.0625,40.9375,39.4375,40.125,524000
2022-05-12,40.0625,40.3125,38.625,38.625,440000
2022-05-13,39.625,39.625,38.625,39.0625,352800
2022-05-16,40.0,40.0,39.1875,39.375,149600
2022-05-17,39.375,40.375,39.25,40.0,248800
2022-05-18,40.0625,41.625,40.0625,41.1875,568000
2022-05-19,40.625,40.625,39.875,40.4375,286400
2022-05-20,40.6875,41.3125,40.6875,40.875,224800
2022-05-23,41.0,41.25,40.9375,40.9375,110400
2022-05-24,41.0,41.25,40.3125,40.5625,196800
2022-05-25,41.0,41.125,40.625,41.0,149600
2022-05-26,41.25,41.25,40.625,40.625,175200
2022-05-27,40.8125,40.8125,40.5,40.5625,179200
2022-05-30,41.25,41.625,40.6875,41.375,280000
2022-05-31,41.4375,41.5625,40.75,40.875,253600
2022-06-01,41.0,41.625,40.875,41.1875,153600
2022-06-02,41.375,41.375,40.9375,41.0,75200
2022-06-06,41.0,41.0,40.6875,40.875,103200
2022-06-07,40.75,41.0625,39.0,39.8125,501600
2022-06-08,40.125,40.625,40.125,40.5,191200
2022-06-09,40.9375,42.375,40.6875,42.375,1062400
2022-06-10,42.6875,42.75,41.4375,41.6875,670400
2022-06-13,41.5,41.5,40.8125,40.8125,228000
2022-06-14,40.375,40.75,39.6875,40.3125,256000
2022-06-15,41.0,41.0,40.0,40.125,124000
2022-06-16,40.8125,40.8125,39.75,39.8125,212000
2022-06-17,39.8125,40.0625,39.25,40.0625,151200
2022-06-20,39.875,40.25,37.875,37.875,450400
2022-06-21,38.1875,38.875,38.125,38.5,304800
2022-06-22,38.625,38.625,37.1875,37.25,344000
2022-06-23,37.375,37.875,36.75,37.0,244000
2022-06-24,37.4375,37.625,37.125,37.25,165600
2022-06-27,38.1875,38.75,37.8125,38.5625,210400
2022-06-28,38.75,38.75,37.6875,37.875,156000
2022-06-29,37.75,37.75,37.25,37.4375,159200
2022-06-30,37.5,38.0,36.5625,36.9375,211200
2022-07-01,36.875,36.9375,34.75,35.0,534400
2022-07-04,35.0,35.5,34.4375,34.6875,260800
2022-07-05,35.125,35.6875,34.375,35.125,259200
2022-07-06,34.8125,35.1875,34.1875,34.3125,181600
2022-07-07,34.1875,35.25,34.0,35.1875,206400
2022-07-08,36.25,37.1875,35.875,36.5625,496800
2022-07-11,36.8125,36.875,36.0,36.0,334400
2022-07-12,36.0,36.0,34.4375,34.6875,221600
2022-07-13,35.1875,35.625,34.875,34.9375,152800
2022-07-14,34.9375,35.6875,34.9375,35.625,169600
2022-07-15,35.625,36.25,35.25,36.0625,112800
2022-07-18,36.6875,36.6875,36.125,36.5,173600
2022-07-19,36.5,37.375,36.375,37.1875,171200
2022-07-20,37.375,37.5,36.8125,37.0625,163200
2022-07-21,37.0625,37.375,36.3125,37.3125,196000
2022-07-22,37.125,37.5,37.125,37.125,152800
2022-07-25,37.125,37.6875,37.125,37.375,199200
2022-07-26,37.375,37.375,37.0625,37.1875,186400
2022-07-27,37.25,37.5,37.0,37.0,403200
2022-07-28,35.375,35.375,34.75,35.0,188000
2022-07-29,35.375,35.75,35.3125,35.5625,124000
2022-08-01,35.625,36.375,35.5,35.8125,187200
2022-08-02,36.5,39.375,35.875,39.375,3608800
2022-08-03,39.625,40.875,37.75,39.8125,16054400
2022-08-04,39.625,39.6875,37.9375,38.5,2993600
2022-08-05,38.8125,38.8125,37.625,37.75,1153600
2022-08-08,37.75,37.75,36.5625,36.9375,627200
2022-08-09,37.3125,39.6875,36.8125,38.5625,3472800
2022-08-10,38.5625,38.9375,38.1875,38.1875,728000
2022-08-11,37.875,37.875,36.875,36.9375,1241600
2022-08-12,37.0,37.5625,37.0,37.1875,320000
2022-08-15,37.5,38.3125,37.5,38.125,604000
2022-08-16,38.125,38.4375,37.875,37.875,260000
2022-08-17,37.875,38.375,37.8125,38.0,221600
2022-08-18,38.0,38.625,38.0,38.5625,368800
2022-08-19,38.5625,38.625,38.3125,38.3125,173600
2022-08-22,38.1875,38.1875,37.75,37.9375,145600
2022-08-23,37.5,38.3125,37.5,37.625,238400
2022-08-24,37.875,37.9375,37.6875,37.875,127200
2022-08-25,38.0625,38.1875,38.0,38.1875,139200
2022-08-26,38.3125,38.4375,38.125,38.125,148000
2022-08-29,37.4375,38.9375,37.375,37.5625,716000
2022-08-30,37.875,38.1875,37.75,37.875,205600
2022-08-31,38.0,38.25,37.9375,38.0,151200
2022-09-01,38.125,38.125,37.5625,37.5625,195200
2022-09-02,37.5625,37.8125,37.25,37.25,312000
2022-09-05,37.25,37.25,36.8125,36.8125,198400
2022-09-06,36.875,37.25,36.25,36.5,248000
2022-09-07,36.5,36.5,36.0625,36.3125,157600
2022-09-08,36.875,37.625,36.6875,37.5,259200
2022-09-12,37.875,37.875,37.25,37.875,189600
2022-09-13,37.6875,38.625,37.6875,38.4375,601600
2022-09-14,37.875,38.625,37.8125,37.875,463200
2022-09-15,37.9375,38.4375,37.875,38.375,266400
2022-09-16,38.375,38.75,38.0,38.5625,375200
2022-09-19,38.6875,38.6875,37.75,38.5625,348000
2022-09-20,38.5625,38.875,38.1875,38.3125,187200
2022-09-21,37.9375,38.125,37.8125,38.0,150400
2022-09-22,38.375,38.375,37.625,38.0625,116800
2022-09-23,38.375,38.375,37.5,37.875,189600
2022-09-26,37.5,37.5,35.9375,36.0,368800
2022-09-27,36.0,36.4375,35.625,36.4375,117600
2022-09-28,36.4375,36.5,34.4375,34.5,352000
2022-09-29,35.25,35.6875,34.8125,35.3125,246400
2022-09-30,35.25,35.75,34.3125,35.75,131200
2022-10-03,35.0,36.0,35.0,35.875,191200
2022-10-04,36.375,37.5,36.375,37.4375,493600
2022-10-05,38.125,38.3125,37.75,38.0625,491200
2022-10-06,38.0625,38.5,37.5625,37.5625,295200
2022-10-07,37.9375,37.9375,37.1875,37.3125,172800
2022-10-11,36.6875,37.75,36.25,37.5,409600
2022-10-12,37.5,37.5,36.75,37.375,264000
2022-10-13,37.5,37.5,35.25,35.25,309600
2022-10-14,35.5625,35.9375,35.5625,35.6875,251200
2022-10-17,35.1875,35.1875,34.5,35.0625,216000
2022-10-18,35.375,35.375,34.8125,34.875,167200
2022-10-19,35.0,35.375,34.875,35.25,170880
2022-10-20,35.25,35.25,35.25,35.25,0
2022-10-21,35.25,35.25,35.25,35.25,0
2022-10-24,35.25,35.25,35.25,35.25,0
2022-10-25,35.25,35.25,35.25,35.25,0
2022-10-26,35.25,35.25,35.25,35.25,0
2022-10-27,35.25,35.25,35.25,35.25,0
2022-10-28,35.25,35.25,35.25,35.25,0
2022-10-31,32.75,33.20000076293945,31.649999618530273,31.899999618530273,218000
2022-11-01,31.700000762939453,31.700000762939453,31.25,31.450000762939453,286000
2022-11-02,31.399999618530273,31.700000762939453,31.100000381469727,31.600000381469727,175000
2022-11-03,31.149999618530273,32.75,31.149999618530273,32.349998474121094,290000
2022-11-04,32.29999923706055,32.75,32.099998474121094,32.099998474121094,264000
2022-11-07,32.25,34.5,32.150001525878906,34.29999923706055,877000
2022-11-08,34.29999923706055,34.29999923706055,33.29999923706055,33.349998474121094,782000
2022-11-09,34.20000076293945,34.20000076293945,33.400001525878906,33.45000076293945,266000
2022-11-10,32.650001525878906,32.900001525878906,32.349998474121094,32.349998474121094,448000
2022-11-11,33.400001525878906,33.5,32.20000076293945,32.25,384000
2022-11-14,32.400001525878906,33.79999923706055,32.29999923706055,32.54999923706055,773000
2022-11-15,32.54999923706055,33.099998474121094,32.54999923706055,32.70000076293945,294000
2022-11-16,32.79999923706055,34.29999923706055,32.599998474121094,32.599998474121094,709000
2022-11-17,32.54999923706055,33.599998474121094,32.349998474121094,33.29999923706055,448000
2022-11-18,33.29999923706055,33.54999923706055,32.650001525878906,32.650001525878906,297000
2022-11-21,32.75,32.75,32.20000076293945,32.400001525878906,151000
2022-11-22,32.20000076293945,32.599998474121094,32.0,32.599998474121094,78000
2022-11-23,32.70000076293945,32.75,32.099998474121094,32.45000076293945,77000
2022-11-24,32.29999923706055,32.54999923706055,32.25,32.400001525878906,90000
2022-11-25,32.45000076293945,32.599998474121094,32.400001525878906,32.54999923706055,82000
2022-11-28,32.54999923706055,32.54999923706055,32.400001525878906,32.45000076293945,105000
2022-11-29,32.0,32.599998474121094,32.0,32.599998474121094,84000
2022-11-30,32.650001525878906,32.75,32.04999923706055,32.45000076293945,280000
2022-12-01,32.95000076293945,32.95000076293945,32.599998474121094,32.79999923706055,136000
2022-12-02,33.599998474121094,34.599998474121094,33.150001525878906,33.20000076293945,725000
2022-12-05,33.29999923706055,34.400001525878906,33.0,34.400001525878906,599000
2022-12-06,34.45000076293945,35.79999923706055,34.45000076293945,34.849998474121094,1285000
2022-12-07,34.849998474121094,35.29999923706055,34.5,34.70000076293945,375000
2022-12-08,35.349998474121094,35.349998474121094,34.54999923706055,34.599998474121094,239000
2022-12-09,35.099998474121094,36.849998474121094,35.099998474121094,36.599998474121094,1144000
2022-12-12,37.04999923706055,37.150001525878906,36.0,36.5,759000
2022-12-13,36.79999923706055,37.0,36.20000076293945,36.29999923706055,309000
2022-12-14,36.54999923706055,37.5,36.54999923706055,36.79999923706055,570000
2022-12-15,36.849998474121094,37.20000076293945,36.79999923706055,36.79999923706055,273000
2022-12-16,36.5,36.5,36.04999923706055,36.349998474121094,339000
2022-12-19,36.5,37.75,36.349998474121094,37.54999923706055,958000
2022-12-20,37.650001525878906,39.599998474121094,37.04999923706055,37.099998474121094,1472000
2022-12-21,38.04999923706055,38.349998474121094,37.54999923706055,37.70000076293945,635000
2022-12-22,38.150001525878906,38.20000076293945,37.54999923706055,37.650001525878906,298000
2022-12-23,37.5,37.5,36.70000076293945,36.79999923706055,408000
2022-12-26,36.650001525878906,36.79999923706055,36.45000076293945,36.599998474121094,150000
2022-12-27,36.599998474121094,36.900001525878906,36.45000076293945,36.650001525878906,125000
2022-12-28,36.45000076293945,36.95000076293945,36.45000076293945,36.45000076293945,140000
2022-12-29,36.45000076293945,36.5,35.849998474121094,36.099998474121094,128000
2022-12-30,36.20000076293945,36.349998474121094,35.79999923706055,35.849998474121094,117000
2023-01-03,36.0,36.0,35.29999923706055,35.79999923706055,161000
2023-01-04,35.900001525878906,37.25,35.900001525878906,36.900001525878906,364000
2023-01-05,37.400001525878906,39.099998474121094,37.20000076293945,38.0,1901000
2023-01-06,38.599998474121094,38.599998474121094,37.099998474121094,37.5,661000
2023-01-09,38.0,38.0,37.25,37.5,263000
2023-01-10,37.150001525878906,37.70000076293945,36.75,36.75,353000
2023-01-11,36.75,36.79999923706055,36.0,36.20000076293945,311000
2023-01-12,36.5,37.099998474121094,36.25,36.25,299000
2023-01-13,36.5,36.70000076293945,36.349998474121094,36.54999923706055,194000
2023-01-16,36.599998474121094,38.29999923706055,36.599998474121094,37.45000076293945,979000
2023-01-17,37.45000076293945,37.70000076293945,37.04999923706055,37.099998474121094,286000
2023-01-30,37.25,37.29999923706055,36.900001525878906,37.099998474121094,264000
2023-01-31,37.25,37.70000076293945,37.25,37.45000076293945,206000
2023-02-01,37.599998474121094,37.70000076293945,37.25,37.400001525878906,223000
2023-02-02,37.849998474121094,38.650001525878906,37.849998474121094,38.04999923706055,504000
2023-02-03,37.900001525878906,37.900001525878906,37.54999923706055,37.54999923706055,239000
2023-02-06,37.099998474121094,37.29999923706055,36.849998474121094,36.900001525878906,199000
2023-02-07,36.900001525878906,36.900001525878906,36.400001525878906,36.54999923706055,249000
2023-02-08,36.70000076293945,36.900001525878906,36.54999923706055,36.54999923706055,126000
2023-02-09,37.150001525878906,37.25,36.79999923706055,36.849998474121094,164000
2023-02-10,36.849998474121094,36.849998474121094,36.20000076293945,36.25,229000
2023-02-13,36.5,36.5,35.900001525878906,36.20000076293945,133000
2023-02-14,36.25,36.54999923706055,36.20000076293945,36.400001525878906,149000
2023-02-15,36.599998474121094,36.79999923706055,36.349998474121094,36.45000076293945,222000
2023-02-16,36.5,36.75,36.400001525878906,36.5,121000
2023-02-17,36.45000076293945,36.650001525878906,36.099998474121094,36.54999923706055,105000
2023-02-20,36.900001525878906,37.29999923706055,36.650001525878906,37.20000076293945,235000
2023-02-21,37.04999923706055,37.650001525878906,37.0,37.400001525878906,287000
2023-02-22,37.29999923706055,39.29999923706055,37.150001525878906,38.75,3032000
2023-02-23,38.849998474121094,38.849998474121094,38.150001525878906,38.400001525878906,772000
2023-02-24,38.400001525878906,38.400001525878906,37.849998474121094,38.099998474121094,462000
2023-03-01,38.0,38.0,37.45000076293945,37.54999923706055,244000
2023-03-02,37.95000076293945,38.400001525878906,37.54999923706055,38.25,506000
2023-03-03,38.599998474121094,38.70000076293945,38.25,38.29999923706055,375000
2023-03-06,38.5,38.79999923706055,38.25,38.349998474121094,226000
2023-03-07,38.20000076293945,38.349998474121094,38.0,38.0,232000
2023-03-08,37.900001525878906,38.75,37.75,38.70000076293945,544000
2023-03-09,38.849998474121094,38.849998474121094,38.20000076293945,38.20000076293945,325000
2023-03-10,38.349998474121094,38.349998474121094,37.70000076293945,37.70000076293945,319000
2023-03-13,38.04999923706055,39.150001525878906,37.79999923706055,37.79999923706055,2204000
2023-03-14,40.45000076293945,41.29999923706055,38.29999923706055,38.400001525878906,5930000
2023-03-15,38.400001525878906,38.45000076293945,37.20000076293945,37.79999923706055,1286000
2023-03-16,38.79999923706055,40.150001525878906,38.599998474121094,38.849998474121094,9182000
2023-03-17,38.849998474121094,39.20000076293945,37.5,39.20000076293945,3250000
2023-03-20,40.400001525878906,40.650001525878906,38.900001525878906,39.54999923706055,2366000
2023-03-21,39.54999923706055,40.150001525878906,39.20000076293945,40.099998474121094,2042000
2023-03-22,39.650001525878906,39.70000076293945,39.0,39.20000076293945,1734000
2023-03-23,39.75,40.5,39.150001525878906,39.29999923706055,2004000
2023-03-24,39.5,39.54999923706055,39.04999923706055,39.25,554000
2023-03-27,39.25,39.45000076293945,38.75,39.04999923706055,428000
2023-03-28,39.25,39.25,38.400001525878906,38.45000076293945,595000
2023-03-29,38.5,38.75,38.150001525878906,38.25,199000
2023-03-30,38.45000076293945,38.95000076293945,38.04999923706055,38.79999923706055,457000
2023-03-31,39.04999923706055,39.400001525878906,38.900001525878906,39.20000076293945,604000
2023-04-06,40.5,41.849998474121094,40.04999923706055,40.599998474121094,4958000
2023-04-07,40.099998474121094,40.349998474121094,39.900001525878906,40.25,915000
2023-04-10,40.95000076293945,41.29999923706055,40.5,41.04999923706055,1986000
2023-04-11,41.04999923706055,41.400001525878906,40.79999923706055,41.400001525878906,946000
2023-04-12,41.5,42.5,41.5,42.400001525878906,1696000
2023-04-13,42.400001525878906,42.70000076293945,41.849998474121094,41.849998474121094,806000
2023-04-14,42.650001525878906,43.20000076293945,42.5,42.75,1153000
2023-04-17,42.5,42.599998474121094,41.900001525878906,42.0,1124000
2023-04-18,42.45000076293945,42.54999923706055,41.900001525878906,41.95000076293945,523000
2023-04-19,42.099998474121094,42.349998474121094,41.70000076293945,41.900001525878906,593000
2023-04-20,41.900001525878906,42.0,40.650001525878906,40.70000076293945,1079000
2023-04-21,40.70000076293945,40.900001525878906,40.0,40.650001525878906,602000
2023-04-24,40.45000076293945,41.70000076293945,40.099998474121094,41.20000076293945,710000
2023-04-25,41.70000076293945,41.70000076293945,40.54999923706055,40.75,478000
2023-04-26,40.849998474121094,42.099998474121094,40.54999923706055,41.29999923706055,1479000
2023-04-27,41.20000076293945,41.650001525878906,41.0,41.29999923706055,360000
2023-04-28,41.400001525878906,41.95000076293945,41.400001525878906,41.70000076293945,642000
2023-05-02,41.900001525878906,42.25,41.5,42.25,707000
2023-05-03,43.20000076293945,43.95000076293945,41.95000076293945,42.0,1462000
2023-05-04,43.0,43.54999923706055,42.5,43.099998474121094,1807000
2023-05-05,43.849998474121094,47.29999923706055,43.45000076293945,47.150001525878906,8410000
2023-05-08,46.099998474121094,46.099998474121094,43.54999923706055,43.599998474121094,4347000
2023-05-09,43.599998474121094,44.20000076293945,43.099998474121094,44.04999923706055,1590000
2023-05-10,44.79999923706055,45.70000076293945,43.650001525878906,45.70000076293945,2596000
2023-05-11,45.20000076293945,45.20000076293945,43.54999923706055,43.95000076293945,2449000
2023-05-12,43.900001525878906,44.599998474121094,43.29999923706055,44.25,1036000
2023-05-15,43.95000076293945,44.099998474121094,43.5,43.54999923706055,527000
2023-05-16,43.79999923706055,44.849998474121094,43.79999923706055,44.75,695000
2023-05-17,44.70000076293945,44.70000076293945,43.29999923706055,43.599998474121094,1470000
2023-05-18,43.400001525878906,43.70000076293945,43.0,43.099998474121094,928000
2023-05-19,42.650001525878906,43.099998474121094,42.349998474121094,42.599998474121094,971000
2023-05-22,43.29999923706055,44.0,43.099998474121094,43.79999923706055,713000
2023-05-23,43.650001525878906,43.849998474121094,43.29999923706055,43.849998474121094,421000
2023-05-24,43.900001525878906,44.70000076293945,43.900001525878906,44.150001525878906,720000
2023-05-25,44.04999923706055,44.5,43.650001525878906,44.0,578000
2023-05-26,43.900001525878906,43.95000076293945,43.45000076293945,43.54999923706055,541000
2023-05-29,43.900001525878906,44.349998474121094,43.650001525878906,44.150001525878906,705000
2023-05-30,44.150001525878906,44.54999923706055,43.849998474121094,43.95000076293945,376000
2023-05-31,44.54999923706055,44.599998474121094,44.150001525878906,44.25,452000
2023-06-01,44.25,44.45000076293945,44.04999923706055,44.25,321000
2023-06-02,44.650001525878906,44.70000076293945,44.150001525878906,44.45000076293945,500000
2023-06-05,44.25,44.400001525878906,43.79999923706055,44.20000076293945,371000
2023-06-06,44.349998474121094,44.900001525878906,44.099998474121094,44.900001525878906,601000
2023-06-07,45.099998474121094,45.29999923706055,44.75,44.900001525878906,605000
2023-06-08,44.79999923706055,44.79999923706055,44.29999923706055,44.349998474121094,493000
2023-06-09,44.95000076293945,44.95000076293945,44.25,44.29999923706055,346000
2023-06-12,44.5,44.5,43.75,43.75,465000
2023-06-13,43.75,43.79999923706055,43.20000076293945,43.400001525878906,563000
2023-06-14,43.400001525878906,44.099998474121094,43.349998474121094,43.849998474121094,268000
2023-06-15,44.29999923706055,44.29999923706055,43.5,43.54999923706055,335000
2023-06-16,43.54999923706055,43.79999923706055,43.20000076293945,43.5,223000
2023-06-19,43.45000076293945,43.599998474121094,43.099998474121094,43.150001525878906,308000
2023-06-20,43.099998474121094,43.20000076293945,42.849998474121094,43.099998474121094,252000
2023-06-21,43.400001525878906,43.599998474121094,42.849998474121094,43.54999923706055,362000
2023-06-26,43.650001525878906,43.650001525878906,43.150001525878906,43.29999923706055,213000
2023-06-27,43.29999923706055,43.29999923706055,42.70000076293945,42.75,372000
2023-06-28,42.900001525878906,43.29999923706055,42.900001525878906,43.150001525878906,151000
2023-06-29,43.25,43.400001525878906,43.099998474121094,43.150001525878906,94000
2023-06-30,43.20000076293945,43.650001525878906,43.04999923706055,43.45000076293945,374000
2023-07-03,43.900001525878906,43.900001525878906,43.20000076293945,43.25,272000
2023-07-04,43.54999923706055,44.099998474121094,43.5,44.04999923706055,447000
2023-07-05,44.099998474121094,44.70000076293945,44.099998474121094,44.54999923706055,561000
2023-07-06,44.599998474121094,45.29999923706055,44.599998474121094,44.599998474121094,659000
2023-07-07,44.650001525878906,44.650001525878906,43.900001525878906,44.04999923706055,467000
2023-07-10,43.79999923706055,43.79999923706055,43.349998474121094,43.400001525878906,464000
2023-07-11,43.5,43.5,43.0,43.20000076293945,213000
2023-07-12,43.54999923706055,43.54999923706055,42.79999923706055,42.849998474121094,303000
2023-07-13,43.5,43.5,43.04999923706055,43.099998474121094,271000
2023-07-14,43.5,44.0,43.400001525878906,43.70000076293945,239000
2023-07-17,43.95000076293945,44.349998474121094,43.75,44.0,433000
2023-07-18,44.099998474121094,44.70000076293945,43.599998474121094,44.70000076293945,751000
2023-07-19,45.29999923706055,48.400001525878906,45.20000076293945,45.79999923706055,2184000
2023-07-20,45.900001525878906,46.79999923706055,45.349998474121094,46.45000076293945,1098000
2023-07-21,46.45000076293945,46.45000076293945,45.400001525878906,45.900001525878906,827000
2023-07-24,45.900001525878906,46.29999923706055,44.75,46.0,960000
2023-07-25,47.0,47.79999923706055,46.79999923706055,47.45000076293945,2640000
2023-07-26,48.5,52.099998474121094,48.0,50.79999923706055,10151000
2023-07-27,49.400001525878906,53.79999923706055,47.70000076293945,53.0,15471000
2023-07-28,52.900001525878906,53.0,50.099998474121094,50.5,5792000
2023-07-31,51.5,51.5,49.20000076293945,49.45000076293945,3231000
2023-08-01,49.849998474121094,53.70000076293945,48.599998474121094,53.599998474121094,7054000
2023-08-02,58.400001525878906,58.900001525878906,58.400001525878906,58.900001525878906,4989000
2023-08-04,53.099998474121094,53.099998474121094,53.099998474121094,53.099998474121094,2548000
2023-08-07,49.0,50.400001525878906,47.79999923706055,48.599998474121094,9001000
2023-08-08,48.79999923706055,49.54999923706055,48.0,48.0,2929000
2023-08-09,47.5,47.5,45.650001525878906,46.400001525878906,2902000
2023-08-10,49.5,50.5,47.70000076293945,47.849998474121094,6901000
2023-08-11,48.599998474121094,49.400001525878906,47.79999923706055,47.95000076293945,2192000
2023-08-14,48.5,49.0,47.70000076293945,48.79999923706055,2409000
2023-08-15,48.5,49.45000076293945,48.5,49.150001525878906,1484000
2023-08-16,48.79999923706055,49.79999923706055,48.25,49.79999923706055,1429000
2023-08-17,49.099998474121094,50.5,48.900001525878906,49.650001525878906,1763000
2023-08-18,49.20000076293945,49.650001525878906,47.900001525878906,47.900001525878906,2223000
2023-08-21,47.900001525878906,48.400001525878906,47.5,47.5,1020000
2023-08-22,47.54999923706055,47.849998474121094,46.70000076293945,47.150001525878906,973000
2023-08-23,47.150001525878906,48.29999923706055,47.150001525878906,47.900001525878906,538000
2023-08-24,48.599998474121094,48.599998474121094,47.900001525878906,47.900001525878906,728000
2023-08-25,47.25,48.5,47.25,47.900001525878906,446000
2023-08-28,47.900001525878906,48.04999923706055,47.099998474121094,47.599998474121094,625000
2023-08-29,47.70000076293945,48.54999923706055,47.599998474121094,48.5,640000
2023-08-30,48.900001525878906,49.79999923706055,48.650001525878906,49.29999923706055,1082000
2023-08-31,49.599998474121094,51.0,49.400001525878906,50.099998474121094,1517000
2023-09-01,50.20000076293945,51.0,50.20000076293945,50.29999923706055,990000
2023-09-04,51.0,51.29999923706055,49.900001525878906,50.900001525878906,1269000
2023-09-05,51.29999923706055,52.79999923706055,50.900001525878906,52.5,1782000
2023-09-06,52.79999923706055,52.900001525878906,51.79999923706055,52.400001525878906,1139000
2023-09-07,52.20000076293945,52.599998474121094,52.0,52.400001525878906,823000
2023-09-08,52.400001525878906,53.400001525878906,50.70000076293945,50.79999923706055,2293000
2023-09-11,51.5,52.400001525878906,51.29999923706055,51.79999923706055,1226000
2023-09-12,51.70000076293945,52.29999923706055,51.29999923706055,52.20000076293945,680000
2023-09-13,52.79999923706055,52.79999923706055,51.900001525878906,52.29999923706055,709000
2023-09-14,52.5,52.70000076293945,51.70000076293945,52.400001525878906,906000
2023-09-15,52.70000076293945,53.5,52.400001525878906,53.5,1291000
2023-09-18,53.5,53.900001525878906,52.5,52.599998474121094,1112000
2023-09-19,53.0,53.20000076293945,51.0,51.20000076293945,1508000
2023-09-20,51.599998474121094,51.599998474121094,50.79999923706055,51.20000076293945,458000
2023-09-21,50.900001525878906,51.79999923706055,50.70000076293945,51.5,495000
2023-09-22,51.70000076293945,52.20000076293945,51.20000076293945,51.20000076293945,566000
2023-09-25,51.20000076293945,51.70000076293945,51.099998474121094,51.5,317000
2023-09-26,51.400001525878906,51.70000076293945,49.900001525878906,49.900001525878906,1165000
2023-09-27,49.5,50.099998474121094,49.25,50.0,336000
2023-09-28,50.0,50.70000076293945,49.900001525878906,50.400001525878906,249000
2023-10-02,50.400001525878906,51.0,50.29999923706055,50.29999923706055,340000
2023-10-03,50.0,50.5,49.5,49.5,723000
2023-10-04,49.099998474121094,49.54999923706055,49.099998474121094,49.349998474121094,272000
2023-10-05,49.599998474121094,51.099998474121094,49.599998474121094,50.0,326000
2023-10-06,50.0,50.79999923706055,49.900001525878906,50.099998474121094,309000
2023-10-11,52.0,53.29999923706055,50.20000076293945,50.29999923706055,3236000
2023-10-12,50.599998474121094,51.5,50.0,50.400001525878906,905000
2023-10-13,50.5,50.79999923706055,49.900001525878906,49.95000076293945,648000
2023-10-16,52.0,52.900001525878906,51.0,51.099998474121094,4342000
2023-10-17,50.70000076293945,51.0,49.75,50.29999923706055,1693000
2023-10-18,51.099998474121094,51.70000076293945,50.0,50.400001525878906,2501000
2023-10-19,51.0,51.5,50.20000076293945,50.900001525878906,1976000
2023-10-20,50.5,53.5,50.5,52.400001525878906,9339000
2023-10-23,52.79999923706055,53.29999923706055,51.599998474121094,52.70000076293945,3489000
2023-10-24,52.099998474121094,52.400001525878906,51.0,51.099998474121094,2051000
2023-10-25,51.0,51.599998474121094,50.900001525878906,50.900001525878906,809000
2023-10-26,51.5,52.900001525878906,50.29999923706055,50.29999923706055,3633000
2023-10-27,50.29999923706055,50.5,49.79999923706055,49.95000076293945,1198000
2023-10-30,50.79999923706055,51.70000076293945,50.099998474121094,51.5,1535000
2023-10-31,51.599998474121094,51.900001525878906,50.099998474121094,50.099998474121094,932000
2023-11-01,50.400001525878906,50.599998474121094,49.79999923706055,49.900001525878906,733000
2023-11-02,50.20000076293945,50.5,50.0,50.0,377000
2023-11-03,50.29999923706055,51.0,50.099998474121094,50.400001525878906,612000
2023-11-06,50.599998474121094,51.29999923706055,50.599998474121094,50.70000076293945,614000
2023-11-07,51.20000076293945,51.20000076293945,50.599998474121094,50.599998474121094,279000
2023-11-08,50.79999923706055,50.79999923706055,49.95000076293945,49.95000076293945,647000
2023-11-09,50.400001525878906,50.400001525878906,49.599998474121094,49.79999923706055,713000
2023-11-10,49.900001525878906,50.099998474121094,49.599998474121094,49.650001525878906,600000
2023-11-13,49.5,49.599998474121094,48.400001525878906,48.5,1433000
2023-11-14,48.599998474121094,49.099998474121094,48.599998474121094,48.70000076293945,382000
2023-11-15,48.95000076293945,49.650001525878906,48.75,49.20000076293945,477000
2023-11-16,49.20000076293945,49.5,48.849998474121094,49.20000076293945,285000
2023-11-17,49.20000076293945,49.79999923706055,49.04999923706055,49.349998474121094,384000
2023-11-20,49.349998474121094,49.5,49.04999923706055,49.04999923706055,457000
2023-11-21,49.150001525878906,49.45000076293945,49.099998474121094,49.25,356000
2023-11-22,49.5,50.0,49.25,50.0,676000
2023-11-23,50.5,51.0,49.79999923706055,49.79999923706055,1372000
2023-11-24,50.0,50.0,49.599998474121094,49.650001525878906,268000
2023-11-27,49.79999923706055,50.099998474121094,49.70000076293945,49.70000076293945,415000
2023-11-28,50.0,50.400001525878906,49.79999923706055,50.0,326000
2023-11-29,50.900001525878906,51.599998474121094,50.099998474121094,50.099998474121094,1447000
2023-11-30,50.20000076293945,50.5,49.900001525878906,50.0,462000
2023-12-01,50.099998474121094,50.5,50.0,50.0,369000
2023-12-04,51.599998474121094,55.0,51.20000076293945,54.0,9033000
2023-12-05,54.0,54.0,51.400001525878906,52.400001525878906,3690000
2023-12-06,52.099998474121094,52.599998474121094,51.400001525878906,52.099998474121094,1301000
2023-12-07,52.099998474121094,52.400001525878906,51.29999923706055,52.0,907000
2023-12-08,52.20000076293945,52.20000076293945,51.400001525878906,51.599998474121094,585000
2023-12-11,51.79999923706055,52.20000076293945,50.900001525878906,51.0,992000
2023-12-12,51.0,51.20000076293945,50.400001525878906,50.599998474121094,1198000
2023-12-13,50.900001525878906,51.599998474121094,50.900001525878906,51.099998474121094,591000
2023-12-14,52.5,52.599998474121094,51.5,51.5,1003000
2023-12-15,50.900001525878906,51.0,50.5,50.79999923706055,983000
2023-12-18,51.0,51.20000076293945,50.400001525878906,50.599998474121094,521000
2023-12-19,50.599998474121094,50.79999923706055,50.099998474121094,50.29999923706055,505000
2023-12-20,50.400001525878906,51.400001525878906,50.400001525878906,50.70000076293945,522000
2023-12-21,50.70000076293945,50.900001525878906,50.400001525878906,50.400001525878906,427000
2023-12-22,50.79999923706055,50.79999923706055,50.400001525878906,50.599998474121094,227000
2023-12-25,50.900001525878906,51.400001525878906,50.70000076293945,50.70000076293945,490000
2023-12-26,50.79999923706055,51.79999923706055,50.79999923706055,51.599998474121094,654000
2023-12-27,51.900001525878906,51.900001525878906,51.0,51.20000076293945,620000
2023-12-28,51.900001525878906,52.29999923706055,51.099998474121094,51.29999923706055,892000
2023-12-29,51.70000076293945,51.70000076293945,51.099998474121094,51.20000076293945,298000
2024-01-02,51.5,51.5,50.79999923706055,51.400001525878906,356000
2024-01-03,51.20000076293945,51.400001525878906,50.79999923706055,51.400001525878906,410000
2024-01-04,51.0,51.400001525878906,50.79999923706055,50.79999923706055,341000
2024-01-05,51.0,51.20000076293945,50.70000076293945,50.79999923706055,240000
2024-01-08,50.900001525878906,50.900001525878906,50.5,50.70000076293945,289000
2024-01-09,50.70000076293945,50.70000076293945,49.95000076293945,50.0,589000
2024-01-10,50.099998474121094,50.099998474121094,49.45000076293945,49.54999923706055,313000
2024-01-11,50.400001525878906,50.70000076293945,49.95000076293945,50.099998474121094,302000
2024-01-12,50.29999923706055,50.70000076293945,50.20000076293945,50.599998474121094,259000
2024-01-15,50.900001525878906,51.5,50.599998474121094,51.20000076293945,355500
2024-01-16,51.5,51.5,50.79999923706055,51.0,247000
2024-01-17,51.29999923706055,51.29999923706055,50.099998474121094,50.29999923706055,336000
2024-01-18,50.29999923706055,50.5,49.79999923706055,50.20000076293945,218000
2024-01-19,50.29999923706055,50.400001525878906,50.0,50.400001525878906,196000
2024-01-22,50.70000076293945,50.70000076293945,49.95000076293945,50.0,294000
2024-01-23,50.400001525878906,50.5,50.099998474121094,50.20000076293945,163000
2024-01-24,50.400001525878906,50.400001525878906,50.099998474121094,50.20000076293945,162000
2024-01-25,50.20000076293945,50.5,50.099998474121094,50.20000076293945,226000
2024-01-26,50.20000076293945,50.5,49.95000076293945,50.20000076293945,239000
2024-01-29,50.20000076293945,50.599998474121094,50.099998474121094,50.20000076293945,237000
2024-01-30,50.20000076293945,50.70000076293945,50.20000076293945,50.70000076293945,213000
2024-01-31,50.599998474121094,51.29999923706055,50.599998474121094,50.70000076293945,363000
2024-02-01,50.70000076293945,50.900001525878906,50.599998474121094,50.70000076293945,231000
2024-02-02,51.0,51.0,49.79999923706055,49.79999923706055,365000
2024-02-05,49.900001525878906,50.099998474121094,49.0,49.0,905000
2024-02-15,49.099998474121094,49.349998474121094,48.0,49.29999923706055,566000
2024-02-16,49.349998474121094,49.900001525878906,49.29999923706055,49.349998474121094,393000
2024-02-19,49.349998474121094,50.400001525878906,49.349998474121094,50.400001525878906,489000
2024-02-20,50.400001525878906,50.400001525878906,49.900001525878906,50.0,244000
2024-02-21,50.20000076293945,50.400001525878906,50.0,50.400001525878906,235000
2024-02-22,50.400001525878906,50.599998474121094,50.099998474121094,50.29999923706055,193000
2024-02-23,50.29999923706055,50.29999923706055,49.900001525878906,49.95000076293945,336000
2024-02-26,50.0,50.5,50.0,50.29999923706055,320000
2024-02-27,50.5,51.0,50.20000076293945,50.29999923706055,333000
2024-02-29,50.400001525878906,50.900001525878906,50.29999923706055,50.70000076293945,365000
2024-03-01,51.0,51.400001525878906,50.79999923706055,50.79999923706055,284000
2024-03-04,51.900001525878906,52.0,51.5,51.70000076293945,1149000
2024-03-05,52.20000076293945,52.70000076293945,51.599998474121094,51.70000076293945,680000
2024-03-06,52.29999923706055,53.099998474121094,52.29999923706055,52.599998474121094,1354000
2024-03-07,53.29999923706055,53.70000076293945,52.900001525878906,53.20000076293945,1976000
2024-03-08,54.0,54.70000076293945,53.0,53.79999923706055,2227000
2024-03-11,53.79999923706055,54.0,51.79999923706055,51.900001525878906,1776000
2024-03-12,52.0,52.599998474121094,51.900001525878906,52.29999923706055,547000
2024-03-13,52.599998474121094,52.599998474121094,51.099998474121094,51.599998474121094,710000
2024-03-14,52.099998474121094,53.20000076293945,51.70000076293945,52.20000076293945,898000
2024-03-15,52.20000076293945,52.20000076293945,51.599998474121094,51.79999923706055,263000
2024-03-18,52.20000076293945,52.79999923706055,51.900001525878906,52.70000076293945,602000
2024-03-19,52.70000076293945,53.20000076293945,52.5,52.5,531000
2024-03-20,52.5,52.5,52.5,52.5,0
2024-03-21,52.79999923706055,53.400001525878906,52.70000076293945,52.70000076293945,750000
2024-03-22,53.29999923706055,53.29999923706055,52.599998474121094,52.599998474121094,454000
2024-03-25,52.599998474121094,52.599998474121094,52.599998474121094,52.599998474121094,0
2024-03-26,53.099998474121094,53.29999923706055,52.29999923706055,52.70000076293945,641000
2024-03-27,53.20000076293945,54.900001525878906,53.099998474121094,54.599998474121094,1981000
2024-03-28,55.099998474121094,56.0,53.79999923706055,53.900001525878906,1534000
2024-03-29,55.400001525878906,58.400001525878906,55.0,56.79999923706055,3714000
2024-04-01,58.20000076293945,58.20000076293945,55.79999923706055,56.79999923706055,1936000
2024-04-02,57.0,57.5,55.900001525878906,56.5,1194000
2024-04-03,57.5,57.70000076293945,56.5,56.5,1136000
2024-04-08,57.599998474121094,61.5,57.599998474121094,61.20000076293945,4613000
2024-04-09,61.20000076293945,64.5,60.20000076293945,62.5,5639000
2024-04-10,63.099998474121094,64.0,62.0,62.400001525878906,2814000
2024-04-11,61.5,61.5,58.29999923706055,58.900001525878906,2849000
2024-04-12,60.900001525878906,61.5,59.5,59.599998474121094,1649000
2024-04-15,61.5,64.30000305175781,60.0,60.0,6609000
2024-04-16,63.099998474121094,63.900001525878906,60.20000076293945,60.400001525878906,9285000
2024-04-17,60.900001525878906,66.0,60.099998474121094,62.5,10163000
2024-04-18,62.599998474121094,63.70000076293945,60.70000076293945,61.29999923706055,5581000
2024-04-19,60.900001525878906,64.0,59.5,61.79999923706055,9501000
2024-04-22,62.29999923706055,63.70000076293945,57.900001525878906,58.0,4435000
2024-04-23,57.5,57.900001525878906,55.29999923706055,56.099998474121094,2864000
2024-04-24,56.900001525878906,57.5,56.099998474121094,56.599998474121094,873000
2024-04-25,56.599998474121094,56.599998474121094,55.400001525878906,55.400001525878906,1036000
2024-04-26,56.0,56.29999923706055,55.70000076293945,55.70000076293945,726000
2024-04-29,56.5,56.79999923706055,55.900001525878906,56.20000076293945,796000
2024-04-30,56.29999923706055,56.70000076293945,56.0,56.400001525878906,648000
2024-05-02,56.599998474121094,56.900001525878906,56.29999923706055,56.5,531000
2024-05-03,56.5,56.599998474121094,55.099998474121094,55.099998474121094,1190000
2024-05-06,55.20000076293945,55.599998474121094,54.5,55.599998474121094,540000
2024-05-07,55.79999923706055,56.29999923706055,55.400001525878906,55.79999923706055,406000
2024-05-08,56.0,56.5,55.29999923706055,56.099998474121094,513000
2024-05-09,56.70000076293945,56.70000076293945,55.099998474121094,55.20000076293945,479000
2024-05-10,55.70000076293945,55.900001525878906,55.29999923706055,55.900001525878906,402000
2024-05-13,56.5,57.0,55.70000076293945,56.400001525878906,667000
2024-05-14,56.400001525878906,56.400001525878906,55.79999923706055,55.79999923706055,360000
2024-05-15,56.29999923706055,57.599998474121094,56.099998474121094,57.099998474121094,999000
2024-05-16,58.5,59.29999923706055,57.79999923706055,58.70000076293945,1545000
2024-05-17,58.5,58.5,57.5,57.79999923706055,636000
2024-05-20,60.0,61.5,59.599998474121094,60.599998474121094,3354000
2024-05-21,61.5,64.69999694824219,61.099998474121094,61.900001525878906,7873000
2024-05-22,63.5,63.599998474121094,60.099998474121094,60.79999923706055,3020000
2024-05-23,59.20000076293945,59.400001525878906,57.79999923706055,58.20000076293945,1522000
2024-05-24,57.099998474121094,58.0,56.900001525878906,57.29999923706055,859000
2024-05-27,57.099998474121094,57.79999923706055,56.900001525878906,57.20000076293945,750000
2024-05-28,57.79999923706055,58.099998474121094,57.29999923706055,57.29999923706055,519000
2024-05-29,57.79999923706055,57.900001525878906,57.20000076293945,57.5,476000
2024-05-30,57.400001525878906,57.5,56.900001525878906,57.0,663000
2024-05-31,57.0,57.5,56.79999923706055,56.900001525878906,266000
2024-06-03,56.900001525878906,57.599998474121094,56.900001525878906,57.29999923706055,389000
2024-06-04,57.5,58.20000076293945,57.5,57.599998474121094,432000
2024-06-05,57.400001525878906,57.400001525878906,56.900001525878906,57.0,272000
2024-06-06,56.79999923706055,57.900001525878906,56.79999923706055,57.29999923706055,476000
2024-06-07,58.099998474121094,58.5,57.099998474121094,57.900001525878906,687000
2024-06-11,59.20000076293945,59.400001525878906,58.0,58.5,1265000
2024-06-12,58.900001525878906,58.900001525878906,57.900001525878906,58.79999923706055,503000
2024-06-13,59.099998474121094,60.79999923706055,59.0,60.5,1731000
2024-06-14,60.599998474121094,60.79999923706055,60.0,60.0,815000
2024-06-17,60.79999923706055,61.5,60.5,60.70000076293945,859000
2024-06-18,61.099998474121094,61.20000076293945,60.0,60.29999923706055,586000
2024-06-19,60.599998474121094,61.29999923706055,60.29999923706055,60.79999923706055,987000
2024-06-20,61.29999923706055,61.70000076293945,60.599998474121094,61.5,679000
2024-06-21,62.0,63.0,61.79999923706055,62.599998474121094,1805000
2024-06-24,62.29999923706055,63.099998474121094,61.70000076293945,62.0,859000
2024-06-25,62.0,62.400001525878906,60.900001525878906,62.29999923706055,882000
2024-06-26,62.900001525878906,63.20000076293945,62.400001525878906,62.79999923706055,818000
2024-06-27,63.099998474121094,63.599998474121094,62.400001525878906,62.599998474121094,719000
2024-06-28,63.0,63.5,62.900001525878906,63.20000076293945,484000
2024-07-01,64.0,64.5,63.400001525878906,63.79999923706055,937000
2024-07-02,64.0,65.5999984741211,63.099998474121094,65.5,1597000
2024-07-03,66.0,71.9000015258789,65.9000015258789,70.9000015258789,3086000
2024-07-04,72.0,75.80000305175781,71.4000015258789,74.9000015258789,5126000
2024-07-05,77.69999694824219,82.0,76.5,78.80000305175781,4201000
2024-07-08,78.19999694824219,85.0,78.0,78.5999984741211,3503000
2024-07-09,81.4000015258789,82.0,77.0,80.9000015258789,3546000
2024-07-10,82.5,85.0,80.19999694824219,83.9000015258789,2325000
2024-07-11,86.80000305175781,86.9000015258789,83.19999694824219,85.30000305175781,2468000
2024-07-12,88.0999984741211,92.4000015258789,85.30000305175781,85.80000305175781,6384000
2024-07-15,85.9000015258789,86.5999984741211,79.0,79.80000305175781,3786000
2024-07-16,82.0,85.19999694824219,80.30000305175781,81.5,2306000
2024-07-17,85.0,87.0,80.19999694824219,80.19999694824219,5497000
2024-07-18,80.30000305175781,83.0999984741211,77.0,78.0999984741211,4734000
2024-07-19,77.80000305175781,77.80000305175781,73.9000015258789,74.0999984741211,2342000
2024-07-22,74.19999694824219,74.69999694824219,69.80000305175781,69.9000015258789,2164000
2024-07-23,69.9000015258789,71.69999694824219,69.9000015258789,71.0,1252000
2024-07-26,67.80000305175781,70.9000015258789,66.5,69.69999694824219,1596000
2024-07-29,70.5,71.5999984741211,69.19999694824219,69.19999694824219,899000
2024-07-30,69.0,70.30000305175781,67.5999984741211,70.0,1088000
2024-07-31,71.0999984741211,73.5,69.5,72.5999984741211,2494000
2024-08-01,73.19999694824219,74.5999984741211,72.30000305175781,72.9000015258789,2242000
2024-08-02,73.0,74.5,72.19999694824219,73.80000305175781,2072000
2024-08-05,73.69999694824219,73.80000305175781,67.30000305175781,69.5,4841000
2024-08-06,68.5,71.19999694824219,65.80000305175781,69.30000305175781,1862000
2024-08-07,69.4000015258789,73.19999694824219,69.0,72.5,1511000
2024-08-08,72.0,74.30000305175781,71.5,73.80000305175781,1122000
2024-08-09,75.9000015258789,76.19999694824219,74.0999984741211,75.0,1728000
2024-08-12,72.9000015258789,73.69999694824219,70.69999694824219,71.4000015258789,1956000
2024-08-13,72.4000015258789,74.5999984741211,72.0999984741211,73.9000015258789,2179000
2024-08-14,75.19999694824219,76.4000015258789,74.69999694824219,75.5,2190000
2024-08-15,75.5,75.5999984741211,72.80000305175781,73.5,1842000
2024-08-16,74.5999984741211,75.0999984741211,74.19999694824219,74.5999984741211,983000
2024-08-19,77.0999984741211,78.30000305175781,76.0999984741211,78.19999694824219,2684000
2024-08-20,78.80000305175781,79.30000305175781,77.0,77.0999984741211,2015000
2024-08-21,78.0,80.80000305175781,77.19999694824219,78.19999694824219,5470000
2024-08-22,79.0,79.0999984741211,75.0,75.19999694824219,2134000
2024-08-23,74.0,74.5,72.4000015258789,74.19999694824219,1251000
2024-08-26,75.0,77.5999984741211,75.0,76.19999694824219,1905000
2024-08-27,76.19999694824219,76.80000305175781,74.69999694824219,75.0,924000
2024-08-28,76.5,76.5,74.4000015258789,74.4000015258789,574000
2024-08-29,74.69999694824219,74.69999694824219,73.0,73.5,683000
2024-08-30,74.5,74.9000015258789,72.80000305175781,72.80000305175781,736000
2024-09-02,72.80000305175781,72.80000305175781,71.69999694824219,71.69999694824219,669000
2024-09-03,71.69999694824219,72.4000015258789,71.69999694824219,71.9000015258789,443000
2024-09-04,68.69999694824219,70.80000305175781,68.0999984741211,69.80000305175781,781000
2024-09-05,70.5,70.69999694824219,69.4000015258789,69.5,401000
2024-09-06,70.0,70.0,68.5999984741211,69.5999984741211,422000
2024-09-09,68.30000305175781,68.9000015258789,67.9000015258789,68.0999984741211,532000
2024-09-10,70.0,71.0,69.5,70.30000305175781,786000
2024-09-11,71.30000305175781,71.30000305175781,69.69999694824219,70.0,409000
2024-09-12,70.0999984741211,71.0999984741211,70.0,70.9000015258789,358000
2024-09-13,73.5999984741211,76.80000305175781,73.5,76.5,3267000
2024-09-16,77.30000305175781,78.4000015258789,75.4000015258789,75.4000015258789,2189000
2024-09-18,75.5999984741211,76.19999694824219,74.5999984741211,74.9000015258789,609000
2024-09-19,75.69999694824219,76.5999984741211,74.0,74.0999984741211,1065000
2024-09-20,75.5999984741211,76.30000305175781,74.5999984741211,75.5999984741211,816000
2024-09-23,77.0999984741211,77.80000305175781,76.19999694824219,77.30000305175781,1562000
2024-09-24,77.80000305175781,78.9000015258789,77.0,78.0999984741211,1901000
2024-09-25,80.30000305175781,80.5,77.0999984741211,77.0999984741211,2153000
2024-09-26,77.80000305175781,78.80000305175781,76.5,76.5999984741211,1185000
2024-09-27,77.80000305175781,78.4000015258789,76.5,76.80000305175781,906000
2024-09-30,77.30000305175781,77.30000305175781,75.19999694824219,75.30000305175781,668000
2024-10-01,75.30000305175781,76.0999984741211,74.80000305175781,75.80000305175781,345000
2024-10-04,75.80000305175781,76.80000305175781,75.5999984741211,75.9000015258789,494000
2024-10-07,76.0,76.30000305175781,74.4000015258789,74.4000015258789,641000
2024-10-08,74.19999694824219,74.80000305175781,73.69999694824219,73.80000305175781,422000
2024-10-09,73.9000015258789,73.9000015258789,73.0,73.19999694824219,620000
2024-10-11,74.0,74.19999694824219,73.0999984741211,74.0999984741211,386000
2024-10-14,74.19999694824219,74.69999694824219,73.0999984741211,73.9000015258789,575000
2024-10-15,74.19999694824219,74.19999694824219,71.19999694824219,71.80000305175781,1132000
2024-10-16,71.80000305175781,73.0999984741211,71.80000305175781,72.5,434000
2024-10-17,72.9000015258789,74.69999694824219,72.9000015258789,74.4000015258789,605000
2024-10-18,75.30000305175781,75.9000015258789,74.5,75.0,829000
2024-10-21,76.0,76.9000015258789,75.0999984741211,76.9000015258789,1057000
2024-10-22,77.5,78.30000305175781,76.80000305175781,77.4000015258789,944000
2024-10-23,77.80000305175781,78.5,76.5999984741211,77.4000015258789,835000
2024-10-24,77.0,77.19999694824219,75.5,75.69999694824219,823000
2024-10-25,75.5,76.80000305175781,75.0999984741211,76.80000305175781,420000
2024-10-28,77.4000015258789,78.9000015258789,77.0,77.19999694824219,1548000
2024-10-29,77.4000015258789,78.80000305175781,77.30000305175781,77.5999984741211,1006000
2024-10-30,78.5,81.30000305175781,78.0999984741211,80.5,3110000
2024-11-01,79.5,81.4000015258789,77.0,77.0,3669000
2024-11-04,77.0,84.69999694824219,76.19999694824219,83.30000305175781,5569000
2024-11-05,83.69999694824219,83.80000305175781,80.69999694824219,80.9000015258789,3910000
2024-11-06,81.80000305175781,82.5,80.5,80.69999694824219,1472000
2024-11-07,77.9000015258789,78.0,75.19999694824219,75.9000015258789,3074000
2024-11-08,76.9000015258789,78.80000305175781,75.80000305175781,76.0,1681000
2024-11-11,73.4000015258789,74.30000305175781,72.5999984741211,72.80000305175781,1789000
2024-11-12,71.5999984741211,72.19999694824219,70.19999694824219,72.19999694824219,1613000
2024-11-13,72.0999984741211,72.5,71.0999984741211,71.80000305175781,647000
2024-11-14,72.0999984741211,72.30000305175781,70.30000305175781,70.30000305175781,755000
2024-11-15,70.0999984741211,71.19999694824219,70.0999984741211,70.80000305175781,432000
2024-11-18,71.5999984741211,71.80000305175781,70.5999984741211,70.5999984741211,490000
2024-11-19,71.5,72.4000015258789,70.9000015258789,72.30000305175781,339000
2024-11-20,72.5,73.0999984741211,71.19999694824219,71.80000305175781,498652
2024-11-21,72.30000305175781,72.69999694824219,71.5999984741211,71.5999984741211,347000
2024-11-22,72.0999984741211,72.4000015258789,72.0,72.30000305175781,184000
2024-11-25,73.0,73.9000015258789,72.30000305175781,72.5,358000
2024-11-26,72.0,72.0,70.80000305175781,71.0999984741211,436000
2024-11-27,70.80000305175781,71.30000305175781,70.30000305175781,70.4000015258789,332000
2024-11-28,70.0999984741211,70.80000305175781,69.5,70.4000015258789,370000
2024-11-29,70.0999984741211,71.19999694824219,69.9000015258789,71.0,123000
2024-12-02,70.4000015258789,71.0,70.4000015258789,70.5999984741211,166000
2024-12-03,70.4000015258789,71.30000305175781,70.4000015258789,70.5,176000
2024-12-04,70.69999694824219,70.80000305175781,70.0999984741211,70.19999694824219,247000
2024-12-05,70.5,71.19999694824219,70.5,70.5999984741211,220000
2024-12-06,70.5,71.5,70.5,70.5,260000
2024-12-09,70.5999984741211,71.19999694824219,70.0999984741211,71.0999984741211,168000
2024-12-10,72.0,72.30000305175781,70.80000305175781,70.80000305175781,467000
2024-12-11,71.80000305175781,72.19999694824219,70.30000305175781,70.5,568000
2024-12-12,71.0,71.19999694824219,67.0999984741211,67.4000015258789,1362000
2024-12-13,67.0999984741211,67.19999694824219,65.19999694824219,65.80000305175781,842000
2024-12-16,65.5999984741211,65.69999694824219,63.0,63.0,1168000
2024-12-17,63.20000076293945,63.900001525878906,62.70000076293945,63.29999923706055,457000
2024-12-18,63.599998474121094,63.599998474121094,62.900001525878906,63.5,199000
2024-12-19,62.099998474121094,62.79999923706055,61.099998474121094,62.29999923706055,310000
2024-12-20,62.29999923706055,62.79999923706055,61.79999923706055,61.900001525878906,191000
2024-12-23,62.5,63.0,61.900001525878906,62.0,206000
2024-12-24,62.599998474121094,62.79999923706055,61.5,61.5,293000
2024-12-25,61.5,62.099998474121094,61.5,61.70000076293945,168000
2024-12-26,62.099998474121094,63.0,61.5,62.20000076293945,402000
2024-12-27,62.70000076293945,64.0,62.29999923706055,62.599998474121094,717000
2024-12-30,62.70000076293945,62.900001525878906,61.599998474121094,61.599998474121094,250000
2024-12-31,61.70000076293945,61.900001525878906,61.099998474121094,61.400001525878906,193000
2025-01-02,61.20000076293945,62.29999923706055,61.20000076293945,61.70000076293945,242000
2025-01-03,62.0,62.5,61.099998474121094,61.400001525878906,232000
2025-01-06,62.0,63.20000076293945,61.400001525878906,62.099998474121094,396000
2025-01-07,62.5,62.5,61.599998474121094,61.79999923706055,152000
2025-01-08,61.79999923706055,62.0,61.29999923706055,61.400001525878906,157000
2025-01-09,62.099998474121094,62.099998474121094,59.79999923706055,60.0,415000
2025-01-10,59.70000076293945,60.70000076293945,59.70000076293945,60.29999923706055,265000
2025-01-13,60.5,60.5,58.900001525878906,59.099998474121094,334000
2025-01-14,59.29999923706055,60.20000076293945,59.20000076293945,60.0,120000
2025-01-15,60.0,60.599998474121094,59.5,59.5,117000
2025-01-16,60.099998474121094,60.70000076293945,59.900001525878906,60.099998474121094,187000
2025-01-17,60.70000076293945,61.0,60.5,60.5,206000
2025-01-20,60.79999923706055,60.79999923706055,59.400001525878906,60.20000076293945,296000
2025-01-21,60.20000076293945,60.79999923706055,60.20000076293945,60.599998474121094,109000
2025-01-22,61.0,61.5,60.900001525878906,61.400001525878906,212000
2025-02-03,65.0,66.5,62.599998474121094,63.79999923706055,3794712
2025-02-04,64.9000015258789,69.9000015258789,64.0,69.19999694824219,4365227
2025-02-05,69.80000305175781,72.69999694824219,68.5,71.30000305175781,8608709
2025-02-06,71.5999984741211,71.9000015258789,70.5999984741211,71.4000015258789,3309086
2025-02-07,71.5,71.9000015258789,69.5999984741211,69.9000015258789,2875551
2025-02-10,70.0,71.4000015258789,68.9000015258789,68.9000015258789,2109686
2025-02-11,70.5999984741211,71.4000015258789,68.80000305175781,68.80000305175781,2474206
2025-02-12,69.19999694824219,69.4000015258789,66.9000015258789,66.9000015258789,1308052
2025-02-13,67.4000015258789,68.0999984741211,67.19999694824219,67.5999984741211,640005
2025-02-14,67.9000015258789,68.19999694824219,67.19999694824219,67.69999694824219,606051
2025-02-17,66.80000305175781,67.0999984741211,65.5,66.4000015258789,1422499
2025-02-18,66.80000305175781,67.0,66.5999984741211,66.5999984741211,339801
2025-02-19,67.80000305175781,68.5,66.80000305175781,66.80000305175781,845501
2025-02-20,67.0999984741211,68.0999984741211,67.0999984741211,67.69999694824219,528142
2025-02-21,68.0,68.30000305175781,66.9000015258789,66.9000015258789,648600
2025-02-24,67.0,67.19999694824219,66.5,67.0,221007
2025-02-25,67.5,68.0,66.5,66.5,575401
2025-02-26,67.0999984741211,67.0999984741211,66.4000015258789,66.5,322010
2025-02-27,67.0,67.30000305175781,65.0999984741211,65.0999984741211,489100
2025-03-03,64.30000305175781,64.4000015258789,63.29999923706055,63.5,504119
2025-03-04,63.70000076293945,65.9000015258789,63.400001525878906,64.69999694824219,1269748
2025-03-05,64.69999694824219,65.4000015258789,64.69999694824219,65.0999984741211,263192
2025-03-06,66.0,66.19999694824219,65.0999984741211,65.0999984741211,319187
2025-03-07,65.0,65.19999694824219,64.4000015258789,64.5,317023
2025-03-10,64.5,65.0999984741211,64.5,64.69999694824219,144020
2025-03-11,64.0999984741211,65.4000015258789,62.5,65.4000015258789,471025
2025-03-12,65.5,65.69999694824219,65.0,65.19999694824219,225044
2025-03-13,65.4000015258789,66.30000305175781,65.4000015258789,65.9000015258789,301001
2025-03-14,67.9000015258789,69.0,67.19999694824219,67.9000015258789,1766018
2025-03-17,67.9000015258789,68.9000015258789,67.4000015258789,67.69999694824219,671786
2025-03-18,68.0999984741211,69.80000305175781,68.0999984741211,68.5999984741211,857197
2025-03-19,69.4000015258789,69.9000015258789,68.69999694824219,69.19999694824219,878001
2025-03-20,70.0999984741211,70.0999984741211,69.19999694824219,69.30000305175781,707437
2025-03-21,69.4000015258789,69.4000015258789,68.0,68.0999984741211,537140
2025-03-24,68.5,68.5,67.19999694824219,67.30000305175781,345335
2025-03-25,67.5999984741211,68.9000015258789,67.4000015258789,68.19999694824219,526800
2025-03-26,68.69999694824219,70.5,68.69999694824219,68.9000015258789,1031546
2025-03-27,69.0999984741211,71.0,68.5,68.5,1667050
2025-03-28,70.5,71.30000305175781,68.0999984741211,68.19999694824219,4734350
2025-03-31,67.5,69.4000015258789,65.30000305175781,65.4000015258789,2211810
2025-04-01,66.30000305175781,69.0,65.69999694824219,68.9000015258789,1257506
2025-04-02,68.0,69.0,67.5,68.0999984741211,432073
2025-04-07,61.29999923706055,61.29999923706055,61.29999923706055,61.29999923706055,201444
2025-04-08,55.20000076293945,56.0,55.20000076293945,55.20000076293945,1674900
2025-04-09,52.099998474121094,53.400001525878906,49.70000076293945,49.70000076293945,1838098
2025-04-10,54.599998474121094,54.599998474121094,54.0,54.599998474121094,407000
2025-04-11,54.29999923706055,57.400001525878906,53.70000076293945,57.400001525878906,1742805
2025-04-14,58.29999923706055,59.0,56.70000076293945,57.099998474121094,874224
2025-04-15,57.099998474121094,59.5,57.099998474121094,59.5,474175
2025-04-16,60.599998474121094,61.400001525878906,59.29999923706055,60.900001525878906,863146
2025-04-17,62.400001525878906,66.5,61.900001525878906,63.29999923706055,3845080
2025-04-18,64.19999694824219,65.5999984741211,61.400001525878906,63.5,2236072
2025-04-21,64.69999694824219,69.5,63.0,68.19999694824219,8718527
2025-04-22,70.19999694824219,75.0,70.19999694824219,75.0,20241499
2025-04-23,70.0,72.4000015258789,67.5,67.5,14327856
2025-04-24,67.4000015258789,70.19999694824219,65.5,66.69999694824219,14718749
2025-04-25,67.0999984741211,67.19999694824219,65.19999694824219,65.69999694824219,4360411
2025-04-28,64.80000305175781,65.4000015258789,63.5,64.80000305175781,2445691
2025-04-29,65.5,66.0,64.5999984741211,65.19999694824219,1189023
2025-04-30,65.5999984741211,65.9000015258789,63.599998474121094,64.19999694824219,1467711
2025-05-02,63.599998474121094,64.5,63.20000076293945,64.4000015258789,972940
2025-05-05,64.4000015258789,64.80000305175781,61.70000076293945,62.20000076293945,1306102
2025-05-06,63.79999923706055,65.80000305175781,63.79999923706055,64.9000015258789,2819451
2025-05-07,65.19999694824219,65.4000015258789,64.0999984741211,64.0999984741211,1199590
2025-05-08,64.9000015258789,65.5,64.0999984741211,64.0999984741211,1094322
2025-05-09,64.0999984741211,64.0999984741211,62.599998474121094,62.79999923706055,1023500
2025-05-12,62.20000076293945,62.900001525878906,61.79999923706055,62.599998474121094,541699
2025-05-13,62.20000076293945,62.900001525878906,61.79999923706055,62.599998474121094,749240
2025-05-14,62.79999923706055,63.20000076293945,62.70000076293945,63.20000076293945,489624
2025-05-15,63.20000076293945,63.29999923706055,62.29999923706055,62.5,408222
2025-05-16,63.20000076293945,63.599998474121094,62.599998474121094,63.20000076293945,389200
2025-05-19,64.30000305175781,64.5,62.0,62.0,673319
2025-05-20,62.29999923706055,62.5,61.900001525878906,61.900001525878906,311071
2025-05-21,63.29999923706055,63.599998474121094,62.900001525878906,63.0,458010
2025-05-22,64.19999694824219,64.5,62.900001525878906,62.900001525878906,968551
2025-05-23,62.900001525878906,62.900001525878906,62.0,62.400001525878906,134889
2025-05-26,62.70000076293945,63.400001525878906,62.70000076293945,63.099998474121094,287157
2025-05-27,63.5,63.5,61.79999923706055,61.79999923706055,329100
2025-05-28,62.099998474121094,62.20000076293945,61.0,61.20000076293945,367096
2025-05-29,61.20000076293945,61.20000076293945,60.5,60.70000076293945,348992
2025-06-02,61.0,62.0,60.70000076293945,62.0,330517
2025-06-03,63.70000076293945,64.5,62.5,62.79999923706055,1173147
2025-06-04,63.0,63.400001525878906,63.0,63.099998474121094,371312
2025-06-05,63.5,63.599998474121094,62.70000076293945,63.099998474121094,293975
2025-06-06,63.20000076293945,64.0999984741211,63.0,63.900001525878906,426332
2025-06-09,63.900001525878906,63.900001525878906,62.70000076293945,63.0,379097
2025-06-10,63.29999923706055,63.5,62.599998474121094,62.79999923706055,424036
2025-06-11,62.70000076293945,63.599998474121094,62.70000076293945,63.400001525878906,309015
2025-06-12,63.79999923706055,64.69999694824219,63.5,64.69999694824219,800366
2025-06-13,68.0,68.4000015258789,65.30000305175781,65.5999984741211,4800380
2025-06-16,66.5999984741211,68.5,64.0,64.0,4916424
2025-06-17,63.599998474121094,63.79999923706055,62.400001525878906,62.900001525878906,1256156
2025-06-18,63.70000076293945,63.79999923706055,62.70000076293945,63.099998474121094,560441
2025-06-19,63.5,63.599998474121094,62.900001525878906,63.0,407050
2025-06-20,63.5,63.5,60.900001525878906,62.099998474121094,871000
2025-06-23,63.0,65.0,61.099998474121094,61.099998474121094,3176116
2025-06-24,60.70000076293945,61.900001525878906,60.099998474121094,61.900001525878906,798844
2025-06-25,61.900001525878906,62.0,61.20000076293945,61.20000076293945,329434
2025-06-26,61.70000076293945,61.900001525878906,61.099998474121094,61.099998474121094,338360
2025-06-27,61.0,61.5,60.900001525878906,61.29999923706055,297600
2025-06-30,61.29999923706055,61.29999923706055,60.20000076293945,60.400001525878906,301200
2025-07-01,60.400001525878906,61.0,60.400001525878906,61.0,200023
2025-07-02,61.400001525878906,61.79999923706055,61.099998474121094,61.400001525878906,166052
2025-07-03,61.79999923706055,61.900001525878906,61.400001525878906,61.5,216197
2025-07-04,61.5,61.5,60.29999923706055,61.0,314718
2025-07-07,60.70000076293945,61.20000076293945,60.5,60.900001525878906,228284
2025-07-08,61.599998474121094,61.599998474121094,60.900001525878906,61.099998474121094,166478
2025-07-09,62.099998474121094,63.099998474121094,62.099998474121094,62.599998474121094,1015167
2025-07-10,62.20000076293945,62.5,61.5,61.5,476080
2025-07-11,61.70000076293945,62.70000076293945,61.29999923706055,62.29999923706055,324262
2025-07-14,62.900001525878906,63.599998474121094,62.5,63.29999923706055,585319
2025-07-15,63.29999923706055,63.70000076293945,62.900001525878906,63.099998474121094,317233
2025-07-16,63.29999923706055,63.70000076293945,63.099998474121094,63.599998474121094,466080
2025-07-17,63.5,64.4000015258789,63.0,64.19999694824219,547268
2025-07-18,64.5,64.80000305175781,64.0,64.19999694824219,357078
2025-07-21,64.4000015258789,64.80000305175781,64.4000015258789,64.5999984741211,396173
2025-07-22,65.0,65.0,63.400001525878906,63.5,650510
2025-07-23,64.4000015258789,64.5,64.0,64.0,422000
2025-07-24,64.19999694824219,64.5999984741211,64.0999984741211,64.5999984741211,810705
2025-07-25,61.599998474121094,62.400001525878906,61.599998474121094,62.0,487800
2025-07-28,61.900001525878906,62.29999923706055,61.599998474121094,62.0,239782
2025-07-29,62.0,62.099998474121094,60.79999923706055,61.099998474121094,565137
2025-07-30,61.099998474121094,61.5,60.79999923706055,61.20000076293945,235150
2025-07-31,61.20000076293945,61.29999923706055,60.79999923706055,61.0,248788
2025-08-04,61.29999923706055,62.900001525878906,61.29999923706055,62.70000076293945,591209
2025-08-05,63.099998474121094,63.29999923706055,62.70000076293945,62.79999923706055,402612
2025-08-06,63.29999923706055,63.29999923706055,62.5,62.900001525878906,235054
2025-08-07,63.29999923706055,63.29999923706055,62.5,62.79999923706055,342568
2025-08-08,64.0,65.0999984741211,64.0,64.69999694824219,1289472
2025-08-11,63.5,63.5,61.900001525878906,62.599998474121094,919519
2025-08-12,62.5,62.5,61.900001525878906,61.900001525878906,293301
2025-08-13,62.0,62.70000076293945,61.5,62.0,314000
2025-08-14,62.099998474121094,63.20000076293945,62.099998474121094,62.900001525878906,502100
2025-08-15,63.70000076293945,63.70000076293945,61.70000076293945,62.79999923706055,709185
2025-08-18,62.79999923706055,63.0,62.0,62.79999923706055,597364
2025-08-19,63.0,63.70000076293945,62.79999923706055,63.5,514200
2025-08-20,63.599998474121094,64.0999984741211,62.0,63.599998474121094,575065
2025-08-21,64.0,64.69999694824219,63.599998474121094,64.5999984741211,548810
2025-08-22,64.69999694824219,66.80000305175781,64.69999694824219,65.80000305175781,1445316
2025-08-25,67.0,67.80000305175781,66.4000015258789,67.0999984741211,1193737
2025-08-26,67.69999694824219,67.9000015258789,66.5999984741211,67.19999694824219,686055
2025-08-27,67.69999694824219,68.30000305175781,67.5,68.0,1118635
2025-08-28,68.5,70.4000015258789,68.30000305175781,69.80000305175781,1513348
2025-08-29,71.0,71.4000015258789,68.5,68.5999984741211,1366972
2025-09-01,70.0,71.5,68.0999984741211,70.19999694824219,1922743
2025-09-02,71.5,71.5999984741211,69.5,69.5,1346589
2025-09-03,70.5999984741211,71.30000305175781,69.5,69.5,1122295
2025-09-04,70.0,70.5,67.80000305175781,68.19999694824219,1165043
2025-09-05,68.80000305175781,69.80000305175781,68.19999694824219,68.69999694824219,669335
2025-09-08,68.80000305175781,69.0,67.0999984741211,68.5,850597
2025-09-09,69.80000305175781,70.9000015258789,68.5999984741211,69.0,897150
2025-09-10,68.0,68.0,65.5999984741211,66.69999694824219,1865780
2025-09-11,66.5999984741211,67.0999984741211,65.0999984741211,65.30000305175781,743518
2025-09-12,66.5,66.5,65.30000305175781,66.19999694824219,355517
2025-09-15,66.0,66.0,64.80000305175781,65.30000305175781,250001
2025-09-16,66.0,67.19999694824219,66.0,66.80000305175781,517100
2025-09-17,67.19999694824219,69.30000305175781,67.0,67.5999984741211,1458974
2025-09-18,66.9000015258789,67.30000305175781,66.0,66.5999984741211,588500
2025-09-19,66.5,66.69999694824219,65.5,66.4000015258789,375282
2025-09-22,66.9000015258789,67.5999984741211,66.5999984741211,66.80000305175781,356730
2025-09-23,67.80000305175781,68.30000305175781,67.0,67.5,816100
2025-09-24,68.30000305175781,68.30000305175781,67.0999984741211,67.19999694824219,326000
2025-09-25,68.5,71.19999694824219,67.80000305175781,67.9000015258789,2951091
2025-09-26,67.9000015258789,68.5,66.5,66.69999694824219,852621
2025-09-30,69.0,70.0999984741211,68.5,69.9000015258789,1886070
2025-10-01,70.80000305175781,71.4000015258789,68.5999984741211,71.0999984741211,1995490
2025-10-02,69.0999984741211,69.5999984741211,68.4000015258789,68.69999694824219,1669067
2025-10-03,68.69999694824219,68.80000305175781,68.0999984741211,68.30000305175781,407428
2025-10-07,69.5999984741211,70.80000305175781,69.30000305175781,70.69999694824219,1933802
2025-10-08,71.0,72.5,70.80000305175781,70.80000305175781,1363073
2025-10-09,70.9000015258789,71.19999694824219,70.0,70.5999984741211,1154600
2025-10-13,71.5,72.5,68.69999694824219,68.69999694824219,2649347
2025-10-14,70.0,70.19999694824219,67.80000305175781,68.0999984741211,1343004
2025-10-15,68.30000305175781,69.0999984741211,67.5999984741211,68.9000015258789,725600
2025-10-16,68.9000015258789,69.80000305175781,68.80000305175781,69.0999984741211,484053
2025-10-17,70.5,71.80000305175781,69.5999984741211,70.4000015258789,2069313
2025-10-20,69.30000305175781,69.69999694824219,68.0999984741211,69.19999694824219,1284056
2025-10-21,70.0999984741211,70.9000015258789,69.4000015258789,69.69999694824219,1133601
2025-10-22,68.5,68.5,66.69999694824219,67.0999984741211,1893631
2025-10-23,66.69999694824219,66.69999694824219,65.80000305175781,65.80000305175781,993828
2025-10-27,65.9000015258789,66.0999984741211,64.5999984741211,66.0,880010
2025-10-28,65.5,65.5999984741211,64.80000305175781,64.9000015258789,526047
2025-10-29,65.0,65.5,64.80000305175781,64.9000015258789,355351
2025-10-30,65.0999984741211,65.0999984741211,64.0,64.19999694824219,448002
2025-10-31,64.69999694824219,64.80000305175781,64.0999984741211,64.19999694824219,292400
2025-11-03,64.19999694824219,64.19999694824219,63.29999923706055,63.79999923706055,305001
2025-11-04,63.70000076293945,64.0,62.70000076293945,62.900001525878906,577409
2025-11-05,62.5,63.20000076293945,61.599998474121094,63.20000076293945,356120
2025-11-06,63.29999923706055,64.0,62.900001525878906,63.79999923706055,223013
2025-11-07,63.79999923706055,65.5999984741211,63.79999923706055,64.69999694824219,485131
2025-11-10,67.0,68.0999984741211,66.5,67.19999694824219,1344259
2025-11-11,67.5999984741211,69.19999694824219,67.5,68.5,1274682
2025-11-12,69.0,69.0,67.19999694824219,68.0,546924
2025-11-13,68.5,69.30000305175781,68.4000015258789,69.0,1096066
2025-11-14,69.0999984741211,71.0,68.69999694824219,69.69999694824219,1833067
2025-11-17,70.19999694824219,70.69999694824219,69.19999694824219,70.5,937277
2025-11-18,70.0,70.30000305175781,68.9000015258789,69.19999694824219,834627
2025-11-19,69.0999984741211,71.19999694824219,68.9000015258789,71.0,1450102
2025-11-20,71.0999984741211,78.0,70.69999694824219,77.30000305175781,4697445
2025-11-21,76.0,80.0,75.9000015258789,78.30000305175781,5018242
2025-11-24,79.0,82.80000305175781,78.4000015258789,82.69999694824219,4474922
2025-11-25,83.0,84.4000015258789,79.5999984741211,83.5,4882450
2025-11-26,84.0,87.9000015258789,83.5999984741211,85.9000015258789,3003652
2025-11-27,87.0,89.9000015258789,85.0999984741211,88.5999984741211,2994409
2025-11-28,89.0999984741211,89.4000015258789,86.5,86.5,1974369
2025-12-01,87.19999694824219,88.5,85.5,86.4000015258789,1599657
2025-12-02,87.19999694824219,87.19999694824219,83.9000015258789,84.0,1761024
2025-12-03,85.0,85.19999694824219,83.4000015258789,84.19999694824219,1104135
2025-12-04,84.69999694824219,84.69999694824219,81.19999694824219,81.4000015258789,1397280
2025-12-05,81.80000305175781,82.30000305175781,80.5,81.4000015258789,886041
2025-12-08,81.5999984741211,83.5,81.0999984741211,83.0,1069703
2025-12-09,83.0,84.5,82.19999694824219,83.80000305175781,883293
2025-12-10,84.4000015258789,85.5,83.80000305175781,84.0,854504
2025-12-11,84.5,88.0999984741211,84.5,86.19999694824219,2180770
2025-12-12,87.9000015258789,89.0,86.5,86.9000015258789,1680637
2025-12-15,85.5,92.0,85.5,91.19999694824219,2742103
2025-12-16,90.9000015258789,91.30000305175781,86.0,88.5999984741211,2267105
2025-12-17,89.19999694824219,97.4000015258789,88.69999694824219,97.4000015258789,2832546
2025-12-18,97.19999694824219,99.80000305175781,91.69999694824219,93.0,9545185
2025-12-19,92.5999984741211,93.5999984741211,84.80000305175781,86.0999984741211,4358935
2025-12-22,86.19999694824219,87.4000015258789,83.5999984741211,86.19999694824219,2448644
2025-12-23,88.4000015258789,89.9000015258789,87.69999694824219,87.9000015258789,2677556
2025-12-24,88.5999984741211,89.30000305175781,86.80000305175781,88.0,1293606
2025-12-26,89.30000305175781,92.0,88.9000015258789,91.30000305175781,2061162
2025-12-29,95.5999984741211,100.0,92.80000305175781,93.5999984741211,6906118
2025-12-30,91.19999694824219,91.19999694824219,88.19999694824219,91.19999694824219,2715813
2025-12-31,91.4000015258789,93.0999984741211,90.0,90.4000015258789,1567001
2026-01-02,91.69999694824219,93.5999984741211,91.0,92.19999694824219,1591099
2026-01-05,95.0,97.0999984741211,92.5999984741211,93.80000305175781,1989163
2026-01-06,95.19999694824219,97.19999694824219,93.80000305175781,96.4000015258789,1624823
2026-01-07,98.4000015258789,99.4000015258789,96.0,96.0,1955528
2026-01-08,95.5999984741211,95.9000015258789,93.4000015258789,94.19999694824219,1167200
2026-01-09,94.30000305175781,96.5,92.5,96.5,955918
2026-01-12,95.0,102.5,94.0,99.5,3647402
2026-01-13,100.5,108.0,98.69999694824219,103.5,6148968
2026-01-14,105.0,106.5,102.5,103.0,3385580
2026-01-15,104.0,104.5,98.5999984741211,99.80000305175781,2306653
2026-01-16,100.0,100.0,96.30000305175781,97.19999694824219,2133662
2026-01-19,98.5,100.0,95.4000015258789,96.0,2149980
2026-01-20,96.0999984741211,99.30000305175781,95.69999694824219,99.19999694824219,1150601
2026-01-21,101.0,104.0,95.4000015258789,95.80000305175781,5066754
2026-01-22,95.4000015258789,97.69999694824219,91.80000305175781,97.5,3657680
2026-01-23,99.0,102.5,95.9000015258789,96.69999694824219,2770522
2026-01-26,100.0,101.5,98.5999984741211,98.5999984741211,2226714
2026-01-27,100.0,102.5,99.69999694824219,100.5,2351485
2026-01-28,102.0,103.0,99.4000015258789,101.0,2579394
2026-01-29,104.5,107.0,102.5,104.0,3419281
2026-01-30,105.5,106.0,99.30000305175781,100.0,2769234
2026-02-02,93.5,94.80000305175781,90.5999984741211,94.0,3596603
2026-02-03,94.19999694824219,96.0999984741211,92.80000305175781,93.30000305175781,1686203
2026-02-04,95.0,95.0,93.4000015258789,94.69999694824219,670810
2026-02-05,92.5,95.5999984741211,91.30000305175781,92.4000015258789,1164062
2026-02-06,93.0999984741211,96.5,90.5,95.0999984741211,3273849
2026-02-09,96.5,101.0,96.5,100.0,2731296
2026-02-10,100.0,109.0,98.30000305175781,106.5,4716711
2026-02-11,107.5,108.0,102.0,103.5,2643998
2026-02-23,107.0,107.0,101.5,102.5,1969220
2026-02-24,101.5,103.5,99.5999984741211,102.0,1576025
2026-02-25,100.5,103.0,100.5,102.0,1014933
2026-02-26,102.0,104.0,101.5,103.0,1188352
2026-03-02,109.5,111.0,102.5,102.5,4198280
2026-03-03,103.0,105.0,100.0,101.0,1566218
2026-03-04,97.9000015258789,99.30000305175781,93.19999694824219,93.19999694824219,2243236
2026-03-05,95.5,99.4000015258789,94.69999694824219,98.0999984741211,1351337
2026-03-06,96.9000015258789,96.9000015258789,94.5999984741211,95.4000015258789,1041026
2026-03-09,91.0,92.9000015258789,88.19999694824219,92.5999984741211,1473296
2026-03-10,94.9000015258789,97.5999984741211,93.5999984741211,96.9000015258789,1179150
2026-03-11,99.0,105.0,98.30000305175781,103.5,2110726
2026-03-12,103.0,104.0,99.5999984741211,100.5,1057263
2026-03-13,98.5,100.5,98.5,100.0,545308
2026-03-16,98.9000015258789,101.5,98.0,98.5,896650
2026-03-17,99.19999694824219,100.5,98.9000015258789,99.0,820026
2026-03-18,99.9000015258789,100.5,98.5,98.5,768199
2026-03-19,97.4000015258789,97.4000015258789,94.5999984741211,94.80000305175781,1200093
2026-03-20,94.0,95.19999694824219,93.5,94.19999694824219,751433
2026-03-23,90.0,92.5,89.0,90.19999694824219,954368
2026-03-24,91.19999694824219,91.80000305175781,89.80000305175781,90.19999694824219,598254
2026-03-25,92.5,93.19999694824219,91.69999694824219,93.19999694824219,385200
2026-03-26,93.5,94.0999984741211,90.5,90.69999694824219,514156
2026-03-27,89.9000015258789,92.0,89.5,91.0999984741211,302100
2026-03-30,90.9000015258789,92.30000305175781,88.80000305175781,89.5999984741211,656126
2026-03-31,90.0,90.80000305175781,88.0999984741211,88.5,615797
2026-04-01,90.4000015258789,91.5,89.5,90.5999984741211,504395
2026-04-02,91.5999984741211,91.80000305175781,88.4000015258789,88.80000305175781,540100
2026-04-07,89.0999984741211,90.30000305175781,88.19999694824219,89.69999694824219,364204
2026-04-08,91.5,93.4000015258789,91.0,93.0,733422
2026-04-09,92.19999694824219,95.0,91.4000015258789,94.80000305175781,718265
2026-04-10,95.0999984741211,95.69999694824219,93.5999984741211,94.30000305175781,573467
2026-04-13,90.5,92.69999694824219,88.5,91.4000015258789,2427372
2026-04-14,90.80000305175781,92.9000015258789,90.80000305175781,91.30000305175781,769081
2026-04-15,91.9000015258789,92.5,91.0,91.4000015258789,587014
2026-04-16,91.4000015258789,92.19999694824219,91.0999984741211,91.5999984741211,384543
2026-04-17,92.0,92.0999984741211,89.9000015258789,90.0,654820
2026-04-20,90.5,90.69999694824219,88.19999694824219,88.4000015258789,808000
2026-04-21,89.4000015258789,89.4000015258789,86.19999694824219,86.5,951650
2026-04-22,86.5,87.30000305175781,85.80000305175781,86.30000305175781,764423
2026-04-23,86.30000305175781,86.30000305175781,82.19999694824219,84.69999694824219,1195184
2026-04-24,84.19999694824219,85.4000015258789,82.80000305175781,84.0,843135
2026-04-27,84.5,85.4000015258789,82.80000305175781,85.30000305175781,687271
2026-04-28,86.19999694824219,88.80000305175781,85.5,87.9000015258789,872003
2026-04-29,87.19999694824219,88.80000305175781,85.4000015258789,86.5999984741211,569500
2026-04-30,85.80000305175781,86.9000015258789,85.4000015258789,85.4000015258789,354074
2026-05-04,86.19999694824219,87.30000305175781,85.0999984741211,86.69999694824219,440026
2026-05-05,87.0,89.30000305175781,87.0,89.0999984741211,510110
2026-05-06,90.4000015258789,91.9000015258789,89.30000305175781,91.5999984741211,868834
2026-05-07,95.0,95.0,92.80000305175781,94.4000015258789,1111700
2026-05-08,94.80000305175781,95.0,92.9000015258789,94.0999984741211,734105
2026-05-11,100.0,103.5,99.69999694824219,103.5,3540352
2026-05-12,106.0,113.0,104.0,110.5,4370242
2026-05-13,111.0,116.0,108.0,114.0,2025990
2026-05-14,114.0,116.5,109.0,111.0,1712789
2026-05-15,112.5,122.0,111.5,119.5,3417444
2026-05-18,118.0,125.5,116.0,119.0,2476736
2026-05-19,120.5,120.5,111.0,114.5,2232627
2026-05-20,114.0,115.0,111.5,113.0,947375
2026-05-21,115.0,120.0,113.0,120.0,1382765
2026-05-22,124.0,124.0,117.5,120.0,1408237
2026-05-25,122.0,130.0,120.0,120.5,2308973
2026-05-26,122.5,126.0,120.0,120.5,1164355
2026-05-27,122.0,122.0,118.0,121.5,912600
2026-05-28,120.0,124.5,119.5,121.0,1343451
2026-05-29,126.0,126.0,121.0,121.5,854556
2026-06-01,123.0,123.5,119.5,120.5,770799
2026-06-02,121.0,121.0,114.5,120.0,1139208
2026-06-03,120.0,120.0,117.0,119.5,716304
2026-06-04,119.5,128.0,119.0,125.0,1980567
2026-06-05,123.0,127.5,122.5,125.0,1082121
2026-06-08,115.0,123.5,113.5,123.0,1074663
2026-06-09,124.0,131.0,124.0,129.5,1806841
2026-06-10,128.0,132.0,117.0,117.0,2908462
2026-06-11,113.0,113.0,107.0,110.5,1759320
2026-06-12,114.0,114.5,110.0,111.0,807021
2026-06-15,113.0,117.5,112.5,117.0,896010
2026-06-16,117.5,118.0,114.5,114.5,541129
2026-06-17,114.0,116.0,112.5,113.0,373047
2026-06-18,113.5,115.0,113.0,114.0,1035400
2026-06-22,115.5,119.0,115.0,116.0,806532
2026-06-23,116.5,116.5,113.0,113.5,512239
2026-06-24,111.0,112.0,106.0,108.5,1245157
2026-06-25,108.0,109.0,106.5,108.0,573708
2026-06-26,108.0,108.0,103.0,104.0,546802
2026-06-29,104.0,108.0,103.0,107.5,344619
2026-06-30,108.0,108.5,106.5,107.5,433120
2026-07-01,108.0,108.0,103.5,104.0,712907
2026-07-02,104.0,108.5,104.0,107.0,534334
2026-07-03,108.0,110.5,107.0,109.0,386613
2026-07-06,110.5,110.5,106.5,107.0,323534
2026-07-07,107.5,107.5,101.5,102.0,687113
2026-07-08,102.0,104.0,102.0,102.5,266010
2026-07-09,102.5,103.5,101.0,102.5,508603
2026-07-10,102.5,102.5,102.5,102.5,0
2026-07-13,105.0,105.0,101.0,102.5,682171
2026-07-14,103.0,103.0,99.19999694824219,100.5,630300
2026-07-15,102.5,103.5,101.0,102.0,262166
2026-07-16,103.0,104.0,101.5,102.5,359990
2026-07-17,98.69999694824219,98.69999694824219,93.69999694824219,94.19999694824219,884061
2026-07-20,94.30000305175781,95.19999694824219,91.80000305175781,92.69999694824219,406022
2026-07-21,93.0,95.80000305175781,93.0,95.30000305175781,238051
2026-07-22,96.0,97.19999694824219,95.9000015258789,96.19999694824219,277088
2026-07-23,96.30000305175781,96.30000305175781,93.9000015258789,94.80000305175781,342583
2026-07-24,93.0999984741211,96.0,93.0999984741211,94.0,212200
2026-07-27,94.0999984741211,95.0,91.69999694824219,93.0999984741211,560200
2026-07-28,92.0,93.0,90.80000305175781,91.5999984741211,301100
2026-07-29,90.5,92.0,85.5,88.9000015258789,1092031
2026-07-30,88.9000015258789,90.9000015258789,87.0,87.19999694824219,432150
2026-07-31,90.19999694824219,91.30000305175781,89.5,90.19999694824219,446013
2026-08-03,89.0,94.4000015258789,89.0,94.0999984741211,346001
2026-08-04,94.0,94.5,92.9000015258789,94.0999984741211,166399
2026-08-05,95.0999984741211,96.0999984741211,94.30000305175781,95.30000305175781,313268
2026-08-06,98.0999984741211,98.5,96.19999694824219,98.5,583060
2026-08-07,98.5,98.9000015258789,96.80000305175781,97.0,327836
2026-08-10,99.5,102.5,99.0,102.0,577649
2026-08-11,99.0,102.0,96.0,99.0999984741211,825534
2026-08-12,99.19999694824219,103.5,99.19999694824219,100.0,485128
2026-08-13,102.0,102.5,99.9000015258789,100.5,381148
2026-08-14,101.0,101.0,99.19999694824219,99.4000015258789,358101
2026-08-17,99.0,99.69999694824219,98.19999694824219,98.9000015258789,333075
2026-08-18,99.19999694824219,99.19999694824219,96.5,96.5999984741211,349010
2026-08-19,97.0,97.0,95.19999694824219,95.4000015258789,345731
2026-08-20,98.0999984741211,100.5,97.5,97.5,399600
2026-08-21,97.5,99.30000305175781,96.80000305175781,99.0,365679
2026-08-24,102.0,103.5,100.0,100.0,916220
2026-08-25,101.0,102.0,98.69999694824219,100.0,661071
2026-08-26,99.69999694824219,102.0,99.69999694824219,102.0,531112
2026-08-27,102.0,103.0,100.5,101.0,472300
2026-08-28,101.0,101.0,99.69999694824219,99.80000305175781,353550
2026-08-31,99.5,99.9000015258789,98.80000305175781,99.19999694824219,309100
2026-09-01,99.5,99.9000015258789,98.69999694824219,98.69999694824219,229655
2026-09-02,98.4000015258789,98.4000015258789,97.0999984741211,97.4000015258789,311051
2026-09-03,97.69999694824219,98.19999694824219,97.0999984741211,97.0999984741211,165001
2026-09-04,97.69999694824219,99.19999694824219,96.69999694824219,97.0,375050
2026-09-07,97.0,97.5,96.0999984741211,96.5999984741211,202000
2026-09-08,96.5999984741211,98.69999694824219,96.30000305175781,97.9000015258789,318080
2026-09-09,98.4000015258789,98.5999984741211,97.0,97.80000305175781,300031
2026-09-10,96.0,96.0,92.30000305175781,92.4000015258789,1263500
2026-09-11,90.69999694824219,92.0,90.5,91.19999694824219,358260
2026-09-14,91.0,91.19999694824219,90.0,90.4000015258789,221005
2026-09-15,90.4000015258789,91.0,90.0,90.30000305175781,186260
2026-09-16,91.5,92.80000305175781,91.0999984741211,92.30000305175781,203097
2026-09-17,92.4000015258789,92.5999984741211,91.69999694824219,92.30000305175781,118100
2026-09-18,92.9000015258789,92.9000015258789,91.30000305175781,91.80000305175781,198893
2026-09-21,92.5,92.69999694824219,91.69999694824219,91.80000305175781,130001
2026-09-22,90.5999984741211,91.30000305175781,90.0999984741211,90.4000015258789,463111
2026-09-23,90.4000015258789,91.0,90.19999694824219,90.4000015258789,193189
2026-09-24,91.4000015258789,91.4000015258789,89.80000305175781,90.0,282002
