Date,Open,High,Low,Close,Volume
2016-09-26,165.0,178.0,165.0,167.0,790070
2016-09-27,167.0,167.0,167.0,167.0,0
2016-09-28,167.0,167.0,167.0,167.0,0
2016-09-29,170.5,170.5,165.5,165.5,214059
2016-09-30,165.5,167.0,162.0,167.0,128001
2016-10-03,167.0,169.0,166.0,166.5,119250
2016-10-04,166.0,166.5,163.5,165.0,171000
2016-10-05,165.0,168.5,165.0,165.5,214050
2016-10-06,169.0,177.5,169.0,170.0,477100
2016-10-07,169.5,175.0,169.5,172.0,334000
2016-10-11,176.0,179.5,171.0,175.5,728188
2016-10-12,180.0,180.0,173.0,174.5,634732
2016-10-13,176.0,177.0,173.0,173.0,218720
2016-10-14,173.0,173.0,164.0,166.5,355120
2016-10-17,167.0,168.5,163.5,165.5,156030
2016-10-18,166.0,167.0,164.5,165.5,39030
2016-10-19,167.5,168.5,166.0,166.0,104130
2016-10-20,166.0,175.0,165.0,171.0,295040
2016-10-21,172.0,174.5,171.0,172.0,172800
2016-10-24,173.5,173.5,170.0,171.5,65092
2016-10-25,171.5,172.0,171.0,171.0,36010
2016-10-26,169.0,173.0,169.0,172.0,56054
2016-10-27,171.0,173.5,171.0,171.5,60843
2016-10-28,171.5,172.5,169.0,169.0,64800
2016-10-31,169.0,169.0,166.0,168.5,13020
2016-11-01,166.5,170.0,166.5,168.0,59000
2016-11-02,166.5,167.0,157.0,162.0,316255
2016-11-03,162.0,163.0,158.0,161.0,77050
2016-11-04,158.0,163.0,158.0,160.0,76200
2016-11-07,159.0,162.5,159.0,160.5,78216
2016-11-08,161.0,162.5,160.5,161.5,31300
2016-11-09,162.0,162.0,153.0,154.0,315282
2016-11-10,158.0,162.0,157.0,161.0,113200
2016-11-11,158.5,158.5,155.0,156.0,157000
2016-11-14,156.0,156.0,147.0,151.5,191246
2016-11-15,151.5,154.5,151.5,153.0,63130
2016-11-16,154.0,155.5,152.0,152.0,91050
2016-11-17,153.0,156.0,152.5,153.0,85718
2016-11-18,157.5,165.0,157.0,160.0,285158
2016-11-21,158.0,161.5,157.5,158.0,102200
2016-11-22,159.0,160.5,158.0,158.0,101603
2016-11-23,159.5,160.5,157.5,157.5,47000
2016-11-24,157.5,159.5,156.0,156.5,68000
2016-11-25,156.5,157.0,155.5,156.0,23060
2016-11-28,158.5,160.5,156.0,156.0,76200
2016-11-29,156.0,156.0,153.5,153.5,73000
2016-11-30,157.0,157.0,152.0,153.0,72171
2016-12-01,153.0,156.0,151.0,151.5,121000
2016-12-02,151.5,153.5,150.0,150.5,165000
2016-12-05,152.5,152.5,150.5,151.5,42000
2016-12-06,151.5,154.0,151.0,152.0,68003
2016-12-07,154.0,154.0,151.5,152.0,42100
2016-12-08,153.5,154.0,152.5,153.0,87000
2016-12-09,152.5,154.0,152.5,154.0,26186
2016-12-12,153.5,153.5,151.0,152.0,71000
2016-12-13,152.0,153.0,151.0,152.0,21000
2016-12-14,152.5,156.0,152.5,152.5,46000
2016-12-15,153.0,153.0,152.5,152.5,11000
2016-12-16,151.5,154.0,151.5,153.0,49300
2016-12-19,153.0,153.5,152.5,153.0,35000
2016-12-20,153.5,154.0,152.0,153.0,55100
2016-12-21,153.5,153.5,152.5,153.0,28000
2016-12-22,153.0,154.0,152.0,152.5,79500
2016-12-23,154.5,154.5,152.5,153.5,36000
2016-12-26,153.5,153.5,152.0,152.0,18550
2016-12-27,153.0,153.0,152.0,152.5,13010
2016-12-28,153.5,153.5,152.0,153.0,17200
2016-12-29,153.5,153.5,153.0,153.0,9000
2016-12-30,153.5,154.5,152.5,153.0,54000
2017-01-03,155.0,155.5,153.0,155.0,75790
2017-01-04,155.0,157.5,155.0,157.0,83000
2017-01-05,157.5,159.0,156.5,159.0,81100
2017-01-06,159.0,163.5,159.0,159.0,221100
2017-01-09,160.5,161.5,156.5,158.0,39019
2017-01-10,158.0,158.0,154.5,154.5,66131
2017-01-11,155.5,155.5,151.0,151.5,105048
2017-01-12,151.5,152.0,150.0,151.5,115074
2017-01-13,151.5,151.5,150.0,151.5,51000
2017-01-16,147.0,149.5,147.0,149.5,76001
2017-01-17,149.5,151.5,149.5,151.0,79020
2017-01-18,152.0,152.0,148.5,148.5,61000
2017-01-19,150.5,151.0,149.5,150.5,64100
2017-01-20,150.5,151.0,148.5,150.0,93000
2017-01-23,151.0,151.0,148.5,149.0,130145
2017-01-24,151.0,151.0,148.0,148.5,40001
2017-02-02,147.5,149.5,140.0,140.5,170845
2017-02-03,139.0,140.0,127.0,129.5,585622
2017-02-06,130.5,131.0,120.0,122.0,894100
2017-02-07,123.0,124.5,120.5,121.0,461262
2017-02-08,121.5,122.5,118.5,119.5,506750
2017-02-09,120.0,123.0,120.0,122.0,494850
2017-02-10,127.0,134.0,126.0,128.0,1363843
2017-02-13,130.0,130.5,126.5,128.0,510200
2017-02-14,129.5,129.5,126.5,127.0,240030
2017-02-15,128.0,128.0,125.0,126.0,198100
2017-02-16,126.5,127.0,122.5,123.0,201130
2017-02-17,123.0,123.5,115.0,116.5,1144408
2017-02-20,116.0,118.0,115.0,115.0,444500
2017-02-21,116.0,117.5,111.5,113.0,697054
2017-02-22,113.0,115.0,112.0,113.5,466206
2017-02-23,114.0,117.0,113.5,115.5,508416
2017-02-24,116.5,121.0,116.0,118.5,589051
2017-03-01,118.5,118.5,118.5,118.5,0
2017-03-02,118.0,118.5,116.0,116.5,157546
2017-03-03,116.5,117.0,115.0,115.0,214300
2017-03-06,115.5,116.5,114.5,115.0,229500
2017-03-07,115.5,116.0,114.5,116.0,165045
2017-03-08,116.5,116.5,115.0,116.0,67200
2017-03-09,116.0,116.0,115.0,115.5,122250
2017-03-10,115.5,118.5,115.0,118.5,252682
2017-03-13,120.0,122.5,118.0,122.0,891398
2017-03-14,122.0,123.5,122.0,123.0,390330
2017-03-15,122.0,122.0,121.0,121.5,175500
2017-03-16,121.5,122.0,119.5,120.0,221151
2017-03-17,121.0,121.0,119.0,120.5,107576
2017-03-20,121.0,121.5,119.5,121.5,144100
2017-03-21,121.5,121.5,119.5,119.5,113401
2017-03-22,119.5,120.0,117.5,118.5,106000
2017-03-23,118.5,119.5,117.5,119.5,122100
2017-03-24,119.5,120.0,119.0,119.0,34000
2017-03-27,118.5,120.5,118.0,119.0,153000
2017-03-28,119.5,119.5,118.0,119.0,96000
2017-03-29,119.5,119.5,118.0,119.0,117005
2017-03-30,118.5,119.0,118.0,118.0,32662
2017-03-31,117.5,119.0,116.5,119.0,200606
2017-04-05,120.5,122.5,118.0,119.0,185120
2017-04-06,119.0,119.0,117.0,118.0,76000
2017-04-07,118.0,119.0,116.0,117.5,128120
2017-04-10,118.0,118.0,116.0,117.0,43030
2017-04-11,118.0,118.0,115.0,115.0,78030
2017-04-12,115.0,116.5,113.5,116.0,101251
2017-04-13,116.5,116.5,113.0,113.0,40150
2017-04-14,113.0,113.0,109.0,109.0,137006
2017-04-17,108.5,109.5,98.0999984741211,98.9000015258789,868362
2017-04-18,101.0,102.5,98.69999694824219,101.0,275160
2017-04-19,100.5,101.0,99.80000305175781,99.80000305175781,97021
2017-04-20,100.5,101.5,99.5,100.0,100104
2017-04-21,100.5,108.5,100.5,106.0,286864
2017-04-24,107.5,108.0,105.5,106.0,102650
2017-04-25,107.5,107.5,106.0,106.0,63218
2017-04-26,106.0,111.0,106.0,109.0,149330
2017-04-27,109.0,115.0,109.0,115.0,177127
2017-04-28,113.5,118.0,113.5,114.0,225052
2017-05-02,114.0,114.0,112.0,113.0,84125
2017-05-03,115.0,115.0,111.0,111.0,40347
2017-05-04,111.0,111.0,108.5,109.5,75000
2017-05-05,111.5,111.5,105.0,105.0,102000
2017-05-08,105.5,107.0,105.5,107.0,38000
2017-05-09,109.0,109.0,107.0,108.5,36400
2017-05-10,109.5,109.5,108.0,108.5,43100
2017-05-11,110.0,117.5,110.0,116.0,383567
2017-05-12,118.5,119.0,113.0,113.5,307118
2017-05-15,115.0,119.0,115.0,117.5,365500
2017-05-16,120.0,120.0,116.0,116.0,178010
2017-05-17,118.0,118.5,115.0,117.0,103239
2017-05-18,115.0,116.5,113.5,116.0,132000
2017-05-19,116.0,118.0,116.0,118.0,95000
2017-05-22,119.0,119.5,117.5,118.0,107050
2017-05-23,118.0,119.5,118.0,118.5,76000
2017-05-24,119.5,124.0,119.5,123.0,365175
2017-05-25,125.0,126.5,123.0,125.0,389456
2017-05-26,125.5,126.0,123.0,123.5,199177
2017-05-31,123.5,124.0,122.0,122.5,94745
2017-06-01,122.5,124.0,122.0,122.5,65000
2017-06-02,124.0,124.0,122.0,122.0,48021
2017-06-05,122.0,124.0,122.0,124.0,93050
2017-06-06,124.0,124.0,122.5,123.5,30065
2017-06-07,123.0,124.0,122.5,123.5,46000
2017-06-08,123.5,123.5,122.5,122.5,53000
2017-06-09,122.5,123.5,122.5,123.0,71548
2017-06-12,123.0,123.5,120.5,121.5,91025
2017-06-13,122.0,122.0,119.5,120.0,64010
2017-06-14,120.0,120.0,114.5,114.5,186655
2017-06-15,114.5,114.5,111.0,111.5,157202
2017-06-16,113.5,113.5,111.5,112.0,83378
2017-06-19,112.0,113.5,108.0,109.5,228373
2017-06-20,110.5,112.5,110.0,112.5,99210
2017-06-21,111.0,113.0,111.0,111.5,75048
2017-06-22,112.0,112.5,111.0,112.0,86000
2017-06-23,112.0,112.0,111.0,111.0,57000
2017-06-26,112.0,112.0,110.0,111.0,72601
2017-06-27,111.5,113.0,111.5,112.0,82025
2017-06-28,112.5,112.5,110.0,110.0,99060
2017-06-29,110.0,111.0,110.0,111.0,52600
2017-06-30,110.0,111.0,108.5,111.0,104018
2017-07-03,111.0,111.0,110.0,104.0,123078
2017-07-04,105.5,108.5,104.0,107.0,245800
2017-07-05,106.5,107.0,105.5,107.0,51200
2017-07-06,106.5,106.5,104.0,104.0,85028
2017-07-07,104.0,104.0,101.0,101.5,73010
2017-07-10,101.5,102.0,100.0,100.5,87000
2017-07-11,100.0,100.0,97.0,97.5999984741211,313692
2017-07-12,98.0,99.9000015258789,98.0,99.19999694824219,115168
2017-07-13,100.5,104.0,99.9000015258789,103.0,183018
2017-07-14,104.0,104.0,102.0,103.0,46118
2017-07-17,103.5,103.5,102.0,103.0,21000
2017-07-18,103.0,103.0,101.5,101.5,54000
2017-07-19,101.5,101.5,98.4000015258789,99.69999694824219,118295
2017-07-20,99.30000305175781,99.30000305175781,98.0999984741211,99.0,95286
2017-07-21,99.5,99.9000015258789,99.4000015258789,99.80000305175781,13000
2017-07-24,99.19999694824219,99.69999694824219,98.0999984741211,99.0,43000
2017-07-25,98.5,99.80000305175781,98.30000305175781,99.0999984741211,30040
2017-07-26,99.5,99.5,98.80000305175781,99.0,35000
2017-07-27,98.5,99.5,98.19999694824219,98.30000305175781,57055
2017-07-28,98.30000305175781,99.0,98.30000305175781,98.4000015258789,60196
2017-07-31,98.4000015258789,98.4000015258789,97.19999694824219,97.19999694824219,75012
2017-08-01,97.19999694824219,97.5,94.4000015258789,94.5,281512
2017-08-02,95.5,95.5,93.30000305175781,93.5,161500
2017-08-03,94.0,97.0,93.5999984741211,94.30000305175781,179600
2017-08-04,94.30000305175781,94.30000305175781,92.0,92.0999984741211,167250
2017-08-07,91.19999694824219,91.19999694824219,88.5,89.4000015258789,306120
2017-08-08,89.0999984741211,89.30000305175781,87.0,87.5,339211
2017-08-09,90.4000015258789,96.19999694824219,90.0,96.19999694824219,966565
2017-08-10,99.0,99.5,90.0,90.0,934621
2017-08-11,90.0,92.5,89.5,89.5,244000
2017-08-14,90.69999694824219,91.5999984741211,87.0,87.0,138379
2017-08-15,90.30000305175781,93.5,89.9000015258789,90.80000305175781,270000
2017-08-16,91.0,91.69999694824219,90.69999694824219,91.5,42150
2017-08-17,91.5999984741211,92.9000015258789,91.5999984741211,92.0999984741211,72260
2017-08-18,92.5999984741211,92.9000015258789,90.80000305175781,91.19999694824219,88009
2017-08-21,91.19999694824219,91.5999984741211,90.0,90.0999984741211,53041
2017-08-22,91.0,91.0,89.4000015258789,89.69999694824219,113200
2017-08-23,89.69999694824219,90.9000015258789,89.5999984741211,89.69999694824219,53000
2017-08-24,89.5,90.4000015258789,88.69999694824219,89.9000015258789,21010
2017-08-25,89.5999984741211,90.30000305175781,89.5999984741211,90.0,34100
2017-08-28,89.69999694824219,90.0,89.5999984741211,89.5999984741211,38000
2017-08-29,89.30000305175781,91.0,88.0,90.30000305175781,111030
2017-08-30,91.69999694824219,91.69999694824219,90.5,90.69999694824219,23000
2017-08-31,91.5,91.5,90.69999694824219,91.0,28001
2017-09-01,91.5999984741211,91.5999984741211,91.0,91.30000305175781,49146
2017-09-04,91.30000305175781,91.30000305175781,89.80000305175781,89.80000305175781,34013
2017-09-05,89.69999694824219,90.19999694824219,89.30000305175781,89.4000015258789,22000
2017-09-06,90.0,90.0,88.5,88.5,37000
2017-09-07,89.0,89.0,88.5,88.5,22000
2017-09-08,88.80000305175781,89.69999694824219,88.5999984741211,88.9000015258789,11400
2017-09-11,88.0,88.0,85.0,85.0999984741211,329710
2017-09-12,85.0999984741211,86.5,84.69999694824219,84.69999694824219,79000
2017-09-13,84.80000305175781,84.80000305175781,83.0999984741211,83.0999984741211,193530
2017-09-14,83.80000305175781,85.80000305175781,83.80000305175781,84.0999984741211,186020
2017-09-15,84.30000305175781,86.5999984741211,83.80000305175781,84.4000015258789,161300
2017-09-18,84.5999984741211,84.5999984741211,82.5999984741211,82.80000305175781,166315
2017-09-19,82.69999694824219,83.0,81.5999984741211,81.9000015258789,115800
2017-09-20,81.9000015258789,82.0,81.19999694824219,81.19999694824219,69000
2017-09-21,81.19999694824219,83.30000305175781,81.19999694824219,83.19999694824219,81000
2017-09-22,84.0,84.30000305175781,83.0999984741211,83.0999984741211,51152
2017-09-25,83.19999694824219,83.19999694824219,80.0999984741211,81.0,63405
2017-09-26,80.5,81.9000015258789,80.5,81.5,25000
2017-09-27,82.9000015258789,82.9000015258789,81.19999694824219,81.4000015258789,29035
2017-09-28,81.4000015258789,81.4000015258789,80.80000305175781,80.80000305175781,69182
2017-09-29,81.0,81.80000305175781,80.5,80.5999984741211,37400
2017-10-02,81.30000305175781,82.5999984741211,81.30000305175781,82.0999984741211,102001
2017-10-03,82.69999694824219,84.19999694824219,82.69999694824219,83.5999984741211,105000
2017-10-05,83.30000305175781,85.5,83.30000305175781,84.80000305175781,208000
2017-10-06,85.0999984741211,85.5,84.69999694824219,85.19999694824219,79000
2017-10-11,88.0999984741211,90.0,86.19999694824219,86.69999694824219,416000
2017-10-12,87.5,87.5,84.0,84.19999694824219,131005
2017-10-13,84.19999694824219,84.19999694824219,83.0,83.0,62018
2017-10-16,82.5999984741211,82.80000305175781,82.0999984741211,82.4000015258789,65042
2017-10-17,82.0,82.0,81.0999984741211,81.4000015258789,106000
2017-10-18,81.5999984741211,81.5999984741211,80.69999694824219,80.80000305175781,76050
2017-10-19,81.4000015258789,82.30000305175781,81.19999694824219,82.0999984741211,23000
2017-10-20,82.0999984741211,82.0999984741211,81.0,81.69999694824219,34000
2017-10-23,82.0999984741211,82.0999984741211,81.0,81.69999694824219,43190
2017-10-24,81.0,81.9000015258789,81.0,81.0,68200
2017-10-25,81.19999694824219,81.69999694824219,80.5999984741211,80.9000015258789,63401
2017-10-26,80.9000015258789,81.5,80.80000305175781,81.0,69000
2017-10-27,81.80000305175781,81.80000305175781,80.69999694824219,80.80000305175781,69440
2017-10-30,81.0,81.0,80.19999694824219,80.19999694824219,49042
2017-10-31,81.4000015258789,81.4000015258789,80.30000305175781,80.4000015258789,48182
2017-11-01,81.0,81.5999984741211,80.5,80.5,43418
2017-11-02,80.69999694824219,81.30000305175781,80.5,80.5999984741211,45120
2017-11-03,81.0,83.9000015258789,81.0,82.5999984741211,136305
2017-11-06,82.5999984741211,82.5999984741211,81.4000015258789,81.4000015258789,61395
2017-11-07,81.5,82.0999984741211,80.69999694824219,80.69999694824219,55000
2017-11-08,80.5999984741211,80.9000015258789,80.0999984741211,80.30000305175781,105195
2017-11-09,80.5,80.9000015258789,80.0999984741211,80.19999694824219,67000
2017-11-10,80.0,80.0,76.0,78.0,191180
2017-11-13,76.0,76.4000015258789,74.5999984741211,74.9000015258789,348601
2017-11-14,75.0,76.0,75.0,75.80000305175781,58250
2017-11-15,75.80000305175781,76.5,75.80000305175781,76.4000015258789,43045
2017-11-16,76.9000015258789,76.9000015258789,76.0,76.30000305175781,27270
2017-11-17,76.0,76.0999984741211,75.0999984741211,75.0999984741211,80100
2017-11-20,75.0999984741211,76.0,75.0999984741211,75.69999694824219,41000
2017-11-21,75.69999694824219,77.30000305175781,75.69999694824219,76.30000305175781,59000
2017-11-22,76.5,77.0,76.4000015258789,76.5,58000
2017-11-23,77.5,77.5,76.19999694824219,76.5,34100
2017-11-24,76.5,76.5999984741211,75.5999984741211,76.0,51000
2017-11-27,76.0,76.0999984741211,75.19999694824219,75.19999694824219,68000
2017-11-28,75.80000305175781,75.80000305175781,74.5,74.69999694824219,44040
2017-11-29,74.69999694824219,74.69999694824219,74.5,74.5,41000
2017-11-30,74.5,74.5999984741211,73.30000305175781,73.4000015258789,76999
2017-12-01,73.4000015258789,73.4000015258789,71.80000305175781,72.0,126000
2017-12-04,71.80000305175781,71.80000305175781,70.19999694824219,70.5,103000
2017-12-05,70.5,71.69999694824219,69.69999694824219,70.0,97061
2017-12-06,70.0,70.19999694824219,68.0,68.30000305175781,218050
2017-12-07,68.30000305175781,68.5999984741211,68.0,68.5,80124
2017-12-08,68.4000015258789,68.5999984741211,67.5999984741211,68.0999984741211,52080
2017-12-11,68.80000305175781,71.19999694824219,68.80000305175781,70.30000305175781,146032
2017-12-12,70.5,72.0,70.5,71.0,71000
2017-12-13,71.30000305175781,71.80000305175781,71.19999694824219,71.69999694824219,84070
2017-12-14,71.9000015258789,72.4000015258789,71.5,71.69999694824219,80111
2017-12-15,71.69999694824219,72.19999694824219,71.69999694824219,72.19999694824219,29000
2017-12-18,72.19999694824219,72.5999984741211,72.19999694824219,72.4000015258789,51000
2017-12-19,73.80000305175781,73.80000305175781,72.5,72.5,21000
2017-12-20,72.19999694824219,72.19999694824219,71.69999694824219,71.80000305175781,27450
2017-12-21,72.0,72.30000305175781,72.0,72.19999694824219,17000
2017-12-22,72.0,72.0,70.69999694824219,71.0,45300
2017-12-25,71.19999694824219,71.19999694824219,70.5999984741211,70.5999984741211,27000
2017-12-26,70.5,70.5,69.30000305175781,69.30000305175781,41000
2017-12-27,70.19999694824219,71.19999694824219,69.9000015258789,70.0999984741211,34050
2017-12-28,70.0999984741211,70.5,69.9000015258789,70.5,53012
2017-12-29,71.0999984741211,71.69999694824219,70.5,71.69999694824219,142357
2018-01-02,74.0,77.69999694824219,73.30000305175781,76.9000015258789,641235
2018-01-03,76.19999694824219,77.0,75.5,76.0,205282
2018-01-04,76.9000015258789,78.0999984741211,76.9000015258789,77.4000015258789,211170
2018-01-05,77.4000015258789,77.4000015258789,76.30000305175781,76.69999694824219,87035
2018-01-08,77.80000305175781,78.0,76.4000015258789,77.30000305175781,267100
2018-01-09,77.30000305175781,77.30000305175781,76.19999694824219,76.19999694824219,40050
2018-01-10,76.19999694824219,76.19999694824219,74.5999984741211,74.5999984741211,88300
2018-01-11,73.80000305175781,74.9000015258789,73.0,73.5,63000
2018-01-12,73.69999694824219,74.0,73.0,73.0999984741211,62420
2018-01-15,73.0999984741211,73.0999984741211,71.5,72.0999984741211,83100
2018-01-16,74.80000305175781,74.80000305175781,72.5,72.80000305175781,24000
2018-01-17,73.0999984741211,73.19999694824219,72.19999694824219,72.30000305175781,36001
2018-01-18,72.30000305175781,73.0,72.30000305175781,72.5,67000
2018-01-19,72.5999984741211,72.9000015258789,72.0999984741211,72.0999984741211,53000
2018-01-22,72.0999984741211,72.19999694824219,71.5,71.5999984741211,63000
2018-01-23,71.5999984741211,73.5,71.5,71.5999984741211,54000
2018-01-24,72.0,72.19999694824219,71.5999984741211,72.0999984741211,48000
2018-01-25,72.0,72.0,71.69999694824219,71.69999694824219,47100
2018-01-26,71.5999984741211,72.0,71.0,71.0999984741211,66065
2018-01-29,71.30000305175781,71.30000305175781,70.5999984741211,70.9000015258789,103250
2018-01-30,71.0,71.0,70.5,70.5,33500
2018-01-31,69.5,70.9000015258789,69.5,69.80000305175781,122200
2018-02-01,70.0,70.5999984741211,69.80000305175781,70.19999694824219,66000
2018-02-02,70.5,71.5,70.5,70.69999694824219,91180
2018-02-05,70.0,71.0999984741211,69.69999694824219,71.0,56000
2018-02-06,70.0999984741211,70.69999694824219,68.5,70.0,141260
2018-02-07,70.0999984741211,71.5,70.0,70.69999694824219,88070
2018-02-08,70.30000305175781,71.5999984741211,70.30000305175781,71.5,44000
2018-02-09,71.5,71.5,71.5,71.5,0
2018-02-12,73.69999694824219,75.19999694824219,72.69999694824219,72.69999694824219,228120
2018-02-21,73.5,74.5,73.5,73.9000015258789,99150
2018-02-22,73.9000015258789,74.0999984741211,73.80000305175781,74.0,24133
2018-02-23,74.5,76.5999984741211,74.5,76.5,109300
2018-02-26,77.5,77.5,75.5,75.9000015258789,111010
2018-02-27,76.0,77.80000305175781,76.0,77.5,131450
2018-03-01,77.0,77.9000015258789,76.69999694824219,77.5999984741211,79095
2018-03-02,77.5999984741211,78.69999694824219,77.0,78.69999694824219,143245
2018-03-05,79.19999694824219,80.9000015258789,78.5,79.5,205450
2018-03-06,80.5,80.5,78.80000305175781,79.19999694824219,60539
2018-03-07,79.19999694824219,79.69999694824219,77.5,77.5,50050
2018-03-08,77.9000015258789,79.0,77.5,78.0,50227
2018-03-09,77.5999984741211,77.5999984741211,77.0999984741211,77.5,37500
2018-03-12,77.5,77.5999984741211,76.5999984741211,77.4000015258789,51082
2018-03-13,77.69999694824219,77.9000015258789,77.30000305175781,77.30000305175781,46202
2018-03-14,77.5999984741211,77.9000015258789,77.4000015258789,77.5999984741211,32000
2018-03-15,77.5999984741211,78.4000015258789,77.5,78.0,47179
2018-03-16,78.30000305175781,78.30000305175781,77.0,77.30000305175781,43052
2018-03-19,77.19999694824219,77.80000305175781,76.69999694824219,77.80000305175781,80800
2018-03-20,77.0,77.5,77.0,77.5,27000
2018-03-21,78.0,78.0,77.0999984741211,77.0999984741211,58400
2018-03-22,76.80000305175781,76.9000015258789,75.5999984741211,75.5999984741211,55010
2018-03-23,74.0999984741211,75.0,73.5,74.19999694824219,75150
2018-03-26,75.69999694824219,75.69999694824219,74.0999984741211,74.9000015258789,38000
2018-03-27,75.4000015258789,75.80000305175781,75.0999984741211,75.5,84051
2018-03-28,75.5,76.19999694824219,75.5,76.19999694824219,42128
2018-03-29,76.19999694824219,79.69999694824219,76.0999984741211,78.5,188000
2018-03-30,79.5,80.0999984741211,78.5999984741211,79.5999984741211,153234
2018-04-02,79.5999984741211,79.9000015258789,78.5,78.5,39319
2018-04-03,78.5,78.5,76.5,77.80000305175781,54031
2018-04-09,77.80000305175781,77.80000305175781,76.30000305175781,76.80000305175781,59000
2018-04-10,76.5999984741211,77.30000305175781,76.5999984741211,76.69999694824219,31000
2018-04-11,78.30000305175781,78.30000305175781,76.5,76.5999984741211,31230
2018-04-12,77.0,77.0,75.5999984741211,75.80000305175781,57000
2018-04-13,75.4000015258789,75.5999984741211,75.30000305175781,75.5,18000
2018-04-16,75.5,75.5,74.9000015258789,75.0999984741211,41000
2018-04-17,76.69999694824219,76.69999694824219,74.19999694824219,74.5,57284
2018-04-18,74.5,74.5999984741211,73.5,73.5999984741211,49000
2018-04-19,73.69999694824219,74.19999694824219,73.5999984741211,73.69999694824219,12300
2018-04-20,75.0,78.0,74.0,77.9000015258789,113059
2018-04-23,77.5,78.19999694824219,76.80000305175781,76.9000015258789,90261
2018-04-24,76.9000015258789,76.9000015258789,74.5,74.9000015258789,38620
2018-04-25,74.30000305175781,77.30000305175781,74.19999694824219,76.5,62300
2018-04-26,76.5,76.9000015258789,74.9000015258789,75.5999984741211,29000
2018-04-27,75.5999984741211,76.0,75.5,75.9000015258789,32550
2018-04-30,75.30000305175781,76.4000015258789,75.30000305175781,75.5999984741211,14300
2018-05-02,76.19999694824219,76.69999694824219,75.80000305175781,76.5,29369
2018-05-03,76.30000305175781,76.5,76.0,76.0,23100
2018-05-04,75.5,75.5,75.0,75.19999694824219,15051
2018-05-07,75.19999694824219,75.30000305175781,75.0,75.30000305175781,46219
2018-05-08,75.0,75.19999694824219,74.9000015258789,75.19999694824219,30000
2018-05-09,75.0,75.5,75.0,75.30000305175781,27150
2018-05-10,75.30000305175781,75.80000305175781,75.30000305175781,75.5999984741211,28000
2018-05-11,75.0,75.0,72.30000305175781,73.0,145418
2018-05-14,73.0,73.0,70.0,70.0,188533
2018-05-15,69.0,69.0,67.80000305175781,68.4000015258789,233777
2018-05-16,68.4000015258789,68.69999694824219,67.5,67.5999984741211,90270
2018-05-17,67.5999984741211,68.19999694824219,67.5,67.69999694824219,60000
2018-05-18,67.69999694824219,67.69999694824219,66.0,67.0,127550
2018-05-21,67.0,67.30000305175781,66.69999694824219,67.0999984741211,35200
2018-05-22,67.0999984741211,67.0999984741211,67.0,67.0,26000
2018-05-23,67.0,67.0,67.0,67.0,12000
2018-05-24,66.4000015258789,66.5,66.30000305175781,66.5,37010
2018-05-25,66.5999984741211,66.5999984741211,66.0,66.5,43000
2018-05-28,66.5,66.69999694824219,66.30000305175781,66.69999694824219,23132
2018-05-29,66.5,67.0,66.5,66.80000305175781,42135
2018-05-30,66.80000305175781,67.0999984741211,66.5,67.0999984741211,25001
2018-05-31,68.5,68.5,66.5999984741211,67.30000305175781,62036
2018-06-01,67.0,67.0999984741211,66.5,67.0,25004
2018-06-04,66.69999694824219,68.4000015258789,66.69999694824219,67.30000305175781,62293
2018-06-05,67.19999694824219,67.30000305175781,67.0999984741211,67.30000305175781,12000
2018-06-06,67.0999984741211,68.0,67.0999984741211,67.5999984741211,27000
2018-06-07,67.69999694824219,68.19999694824219,67.69999694824219,68.0999984741211,48000
2018-06-08,68.0999984741211,68.30000305175781,67.5,67.5,31000
2018-06-11,67.5,67.5999984741211,66.9000015258789,66.9000015258789,27535
2018-06-12,66.80000305175781,67.0,66.0,66.5,63000
2018-06-13,66.30000305175781,66.5,66.0,66.5,42500
2018-06-14,66.0,66.19999694824219,66.0,66.0,43033
2018-06-15,66.0,66.0,65.0,65.30000305175781,59200
2018-06-19,65.30000305175781,65.30000305175781,64.80000305175781,64.9000015258789,22100
2018-06-20,64.5,64.5,62.79999923706055,63.0,136500
2018-06-21,62.5,67.5,62.0,65.0,175683
2018-06-22,66.80000305175781,66.80000305175781,64.0,64.0,52000
2018-06-25,64.0,64.69999694824219,63.20000076293945,63.79999923706055,9089
2018-06-26,63.20000076293945,63.79999923706055,62.5,63.20000076293945,554200
2018-06-27,62.5,63.79999923706055,62.5,63.79999923706055,17078
2018-06-28,63.79999923706055,66.5999984741211,63.79999923706055,65.5999984741211,64000
2018-06-29,65.5,66.5,65.4000015258789,66.0,42000
2018-07-02,66.5,67.5,66.5,66.5999984741211,61004
2018-07-03,67.80000305175781,67.9000015258789,66.0999984741211,66.19999694824219,28500
2018-07-04,66.19999694824219,66.19999694824219,66.0999984741211,66.19999694824219,14005
2018-07-05,66.19999694824219,66.5999984741211,65.5,66.0,46005
2018-07-06,66.0,66.19999694824219,64.69999694824219,65.0,52175
2018-07-09,65.0999984741211,65.5,64.80000305175781,60.29999923706055,108095
2018-07-10,60.400001525878906,60.900001525878906,60.400001525878906,60.900001525878906,93005
2018-07-11,61.400001525878906,62.79999923706055,61.400001525878906,62.5,55332
2018-07-12,63.0,63.0,62.29999923706055,62.29999923706055,25028
2018-07-13,62.20000076293945,62.5,61.599998474121094,62.20000076293945,28100
2018-07-16,62.79999923706055,62.79999923706055,61.5,61.5,17005
2018-07-17,61.5,62.0,61.400001525878906,62.0,30085
2018-07-18,61.599998474121094,62.099998474121094,61.400001525878906,61.599998474121094,35205
2018-07-19,61.599998474121094,62.0,61.29999923706055,61.599998474121094,29115
2018-07-20,61.599998474121094,61.70000076293945,61.20000076293945,61.20000076293945,26005
2018-07-23,60.79999923706055,61.0,60.79999923706055,60.79999923706055,13005
2018-07-24,60.79999923706055,61.0,60.599998474121094,61.0,23395
2018-07-25,61.5,62.0,61.400001525878906,61.5,38000
2018-07-26,61.5,61.5,61.400001525878906,61.5,20005
2018-07-27,61.5,61.5,60.70000076293945,61.0,40172
2018-07-30,61.29999923706055,61.599998474121094,61.29999923706055,61.599998474121094,18035
2018-07-31,61.599998474121094,62.5,61.5,61.900001525878906,82105
2018-08-01,62.0,62.20000076293945,61.900001525878906,62.0,34068
2018-08-02,61.900001525878906,61.900001525878906,61.29999923706055,61.5,24005
2018-08-03,61.5,62.0,61.5,62.0,45005
2018-08-06,62.400001525878906,65.5,62.20000076293945,65.19999694824219,168093
2018-08-07,65.0,66.0,64.5,65.19999694824219,73041
2018-08-08,65.0,66.30000305175781,65.0,65.5,54200
2018-08-09,65.5,65.5,65.0,65.19999694824219,21237
2018-08-10,65.19999694824219,65.19999694824219,64.19999694824219,64.19999694824219,34306
2018-08-13,64.19999694824219,64.5,62.0,62.0,62005
2018-08-14,61.79999923706055,63.5,61.70000076293945,63.29999923706055,50005
2018-08-15,63.599998474121094,64.5999984741211,63.20000076293945,63.5,36200
2018-08-16,63.0,63.5,63.0,63.20000076293945,25005
2018-08-17,63.79999923706055,63.900001525878906,62.79999923706055,62.79999923706055,33005
2018-08-20,62.099998474121094,62.29999923706055,61.79999923706055,62.0,17005
2018-08-21,62.0,62.5,62.0,62.5,20340
2018-08-22,62.79999923706055,62.79999923706055,62.20000076293945,62.20000076293945,21192
2018-08-23,62.20000076293945,62.20000076293945,61.79999923706055,61.79999923706055,18110
2018-08-24,61.79999923706055,62.0,61.5,61.79999923706055,41740
2018-08-27,62.0,62.0,61.79999923706055,62.0,20175
2018-08-28,62.20000076293945,62.5,62.20000076293945,62.400001525878906,18000
2018-08-29,62.400001525878906,63.0,62.400001525878906,62.79999923706055,17000
2018-08-30,63.0,63.5,62.79999923706055,62.79999923706055,22180
2018-08-31,63.0,63.20000076293945,63.0,63.0,12288
2018-09-03,63.0,63.29999923706055,63.0,63.29999923706055,23000
2018-09-04,63.900001525878906,64.80000305175781,63.599998474121094,64.5,62100
2018-09-05,64.5,64.80000305175781,64.0999984741211,64.0999984741211,23150
2018-09-06,63.599998474121094,63.599998474121094,63.20000076293945,63.20000076293945,22000
2018-09-07,63.20000076293945,63.400001525878906,61.70000076293945,62.0,31001
2018-09-10,61.79999923706055,61.900001525878906,60.0,60.400001525878906,51223
2018-09-11,60.0,61.5,60.0,61.5,9159
2018-09-12,61.0,61.599998474121094,61.0,61.29999923706055,8121
2018-09-13,61.70000076293945,61.900001525878906,61.599998474121094,61.599998474121094,10100
2018-09-14,61.900001525878906,62.0,61.79999923706055,62.0,8250
2018-09-17,62.0,62.79999923706055,62.0,62.599998474121094,10010
2018-09-18,62.599998474121094,62.599998474121094,61.599998474121094,62.599998474121094,5700
2018-09-19,62.599998474121094,63.79999923706055,62.599998474121094,63.20000076293945,29000
2018-09-20,63.5,63.5,63.0,63.0,8020
2018-09-21,62.79999923706055,63.29999923706055,62.79999923706055,63.29999923706055,11000
2018-09-25,63.29999923706055,63.29999923706055,61.599998474121094,61.900001525878906,12250
2018-09-26,62.0,62.0,61.5,61.79999923706055,25302
2018-09-27,61.79999923706055,61.79999923706055,61.599998474121094,61.599998474121094,10016
2018-09-28,61.29999923706055,61.599998474121094,61.29999923706055,61.599998474121094,9200
2018-10-01,61.5,62.400001525878906,61.5,62.20000076293945,9078
2018-10-02,62.29999923706055,63.0,62.29999923706055,62.5,31358
2018-10-03,62.599998474121094,62.79999923706055,62.5,62.5,14000
2018-10-04,62.5,62.70000076293945,62.0,62.70000076293945,11010
2018-10-05,62.400001525878906,62.400001525878906,61.0,61.0,33000
2018-10-08,61.0,61.0,60.29999923706055,60.5,20004
2018-10-09,60.29999923706055,61.0,60.099998474121094,60.099998474121094,27005
2018-10-11,57.0,57.0,54.099998474121094,54.099998474121094,137200
2018-10-12,54.099998474121094,54.5,51.79999923706055,52.20000076293945,241130
2018-10-15,52.5,52.70000076293945,52.0,52.599998474121094,86030
2018-10-16,53.400001525878906,53.400001525878906,52.599998474121094,53.099998474121094,43548
2018-10-17,53.29999923706055,53.29999923706055,52.0,52.20000076293945,32300
2018-10-18,52.20000076293945,52.29999923706055,52.0,52.0,19100
2018-10-19,52.099998474121094,52.099998474121094,51.70000076293945,51.79999923706055,21050
2018-10-22,51.79999923706055,52.79999923706055,51.79999923706055,52.79999923706055,16050
2018-10-23,53.29999923706055,53.29999923706055,52.0,52.099998474121094,21000
2018-10-24,51.79999923706055,52.29999923706055,51.79999923706055,51.900001525878906,20200
2018-10-25,51.5,51.5,50.0,50.0,33003
2018-10-26,50.400001525878906,50.400001525878906,45.0,45.0,331030
2018-10-29,45.04999923706055,45.900001525878906,41.0,43.650001525878906,268007
2018-10-30,43.0,44.0,43.0,44.0,48300
2018-10-31,47.0,47.0,44.599998474121094,45.5,35700
2018-11-01,45.5,46.099998474121094,45.29999923706055,45.900001525878906,38000
2018-11-02,46.54999923706055,47.20000076293945,45.900001525878906,47.20000076293945,70019
2018-11-05,48.0,51.79999923706055,48.0,51.0,116300
2018-11-06,51.0,52.29999923706055,51.0,51.099998474121094,50120
2018-11-07,51.099998474121094,51.5,50.900001525878906,50.900001525878906,24030
2018-11-08,51.20000076293945,51.900001525878906,50.0,50.099998474121094,46250
2018-11-09,50.099998474121094,50.5,49.5,50.5,24069
2018-11-12,50.0,51.900001525878906,50.0,51.20000076293945,35020
2018-11-13,51.099998474121094,51.79999923706055,51.099998474121094,51.79999923706055,8000
2018-11-14,51.79999923706055,53.599998474121094,51.79999923706055,52.79999923706055,34000
2018-11-15,53.29999923706055,53.29999923706055,52.400001525878906,52.900001525878906,26206
2018-11-16,52.599998474121094,52.79999923706055,52.400001525878906,52.400001525878906,21038
2018-11-19,52.400001525878906,53.0,52.400001525878906,53.0,28302
2018-11-20,53.0,53.400001525878906,52.70000076293945,52.900001525878906,15240
2018-11-21,53.0,53.79999923706055,53.0,53.400001525878906,36300
2018-11-22,53.5,53.5,52.79999923706055,52.79999923706055,12000
2018-11-23,52.79999923706055,52.79999923706055,51.599998474121094,51.599998474121094,45100
2018-11-26,52.0,52.0,51.79999923706055,51.79999923706055,5000
2018-11-27,51.79999923706055,52.0,51.5,51.70000076293945,18007
2018-11-28,51.79999923706055,52.0,51.70000076293945,52.0,21200
2018-11-29,52.0,52.5,51.79999923706055,52.5,46000
2018-11-30,53.0,53.0,52.5,52.5,38000
2018-12-03,53.099998474121094,54.599998474121094,53.099998474121094,54.400001525878906,69060
2018-12-04,54.70000076293945,56.0,54.70000076293945,55.400001525878906,64040
2018-12-05,54.20000076293945,55.599998474121094,54.099998474121094,54.70000076293945,34000
2018-12-06,54.79999923706055,54.79999923706055,53.099998474121094,53.29999923706055,42372
2018-12-07,53.5,54.20000076293945,53.5,53.79999923706055,15150
2018-12-10,53.79999923706055,54.0,53.599998474121094,54.0,36010
2018-12-11,54.0,54.0,53.20000076293945,53.5,23000
2018-12-12,54.0,55.70000076293945,54.0,54.5,9050
2018-12-13,54.599998474121094,55.5,54.599998474121094,55.5,36053
2018-12-14,55.599998474121094,55.599998474121094,55.0,55.0,30090
2018-12-17,55.20000076293945,55.79999923706055,55.20000076293945,55.79999923706055,23000
2018-12-18,55.79999923706055,55.79999923706055,55.5,55.5,12135
2018-12-19,55.099998474121094,55.5,55.099998474121094,55.5,18000
2018-12-20,55.0,55.599998474121094,54.5,54.5,26000
2018-12-21,54.29999923706055,54.79999923706055,54.29999923706055,54.79999923706055,15000
2018-12-24,54.79999923706055,55.0,54.599998474121094,55.0,15062
2018-12-25,54.900001525878906,55.0,54.5,54.79999923706055,7208
2018-12-26,54.599998474121094,54.599998474121094,54.29999923706055,54.29999923706055,19000
2018-12-27,56.0,56.0,54.79999923706055,55.0,4000
2018-12-28,55.70000076293945,55.70000076293945,54.5,55.20000076293945,23000
2019-01-02,55.29999923706055,55.5,55.20000076293945,55.400001525878906,20000
2019-01-03,55.599998474121094,55.599998474121094,55.400001525878906,55.400001525878906,7000
2019-01-04,54.599998474121094,54.79999923706055,54.5,54.79999923706055,8124
2019-01-07,55.400001525878906,57.0,55.400001525878906,55.599998474121094,23208
2019-01-08,56.0,56.29999923706055,55.70000076293945,55.70000076293945,6000
2019-01-09,56.0,56.29999923706055,55.79999923706055,56.0,45000
2019-01-10,56.0,56.20000076293945,56.0,56.099998474121094,12060
2019-01-11,57.099998474121094,58.599998474121094,57.099998474121094,58.599998474121094,123000
2019-01-14,59.5,60.79999923706055,58.70000076293945,59.70000076293945,85360
2019-01-15,59.70000076293945,62.29999923706055,59.29999923706055,62.20000076293945,87300
2019-01-16,61.900001525878906,62.599998474121094,61.400001525878906,62.400001525878906,88009
2019-01-17,62.400001525878906,62.400001525878906,61.599998474121094,61.599998474121094,25000
2019-01-18,61.599998474121094,61.599998474121094,60.0,60.20000076293945,40050
2019-01-21,60.20000076293945,61.70000076293945,59.70000076293945,61.5,43438
2019-01-22,61.5,61.5,61.5,61.5,3075
2019-01-23,61.599998474121094,62.0,60.79999923706055,60.79999923706055,24016
2019-01-24,60.79999923706055,60.79999923706055,60.099998474121094,60.20000076293945,28016
2019-01-25,60.29999923706055,60.29999923706055,60.099998474121094,60.29999923706055,33000
2019-01-28,60.29999923706055,60.29999923706055,59.79999923706055,59.79999923706055,41200
2019-01-29,59.599998474121094,59.70000076293945,59.599998474121094,59.599998474121094,11016
2019-01-30,60.0,60.79999923706055,60.0,60.70000076293945,37030
2019-02-11,61.0,63.20000076293945,61.0,62.79999923706055,100352
2019-02-12,63.5,65.0,63.0,64.0999984741211,96386
2019-02-13,64.30000305175781,64.4000015258789,63.20000076293945,63.29999923706055,39000
2019-02-14,64.69999694824219,64.69999694824219,63.400001525878906,63.70000076293945,9200
2019-02-15,64.19999694824219,65.0999984741211,64.0,65.0,51000
2019-02-18,60.900001525878906,62.0,60.79999923706055,61.20000076293945,241519
2019-02-19,61.20000076293945,62.20000076293945,61.20000076293945,61.79999923706055,23049
2019-02-20,61.79999923706055,62.0,61.599998474121094,61.599998474121094,37416
2019-02-21,61.599998474121094,61.79999923706055,61.099998474121094,61.099998474121094,19150
2019-02-22,61.20000076293945,61.70000076293945,61.099998474121094,61.20000076293945,30048
2019-02-25,61.099998474121094,61.400001525878906,61.0,61.20000076293945,35000
2019-02-26,61.20000076293945,61.20000076293945,60.70000076293945,60.900001525878906,33180
2019-02-27,60.79999923706055,61.20000076293945,60.70000076293945,61.20000076293945,27750
2019-03-04,61.29999923706055,63.599998474121094,61.29999923706055,62.400001525878906,41146
2019-03-05,62.400001525878906,62.599998474121094,62.0,62.400001525878906,25000
2019-03-06,62.400001525878906,63.099998474121094,62.400001525878906,62.79999923706055,21000
2019-03-07,62.79999923706055,62.900001525878906,62.5,62.70000076293945,17350
2019-03-08,62.5,62.5,61.5,62.0,23436
2019-03-11,61.400001525878906,61.79999923706055,61.400001525878906,61.5,18027
2019-03-12,61.5,62.0,61.400001525878906,61.70000076293945,18000
2019-03-13,61.599998474121094,61.599998474121094,61.099998474121094,61.29999923706055,28000
2019-03-14,61.400001525878906,61.599998474121094,61.29999923706055,61.29999923706055,18000
2019-03-15,61.70000076293945,61.70000076293945,61.5,61.5,15000
2019-03-18,61.5,61.79999923706055,61.29999923706055,61.29999923706055,33000
2019-03-19,61.29999923706055,61.599998474121094,61.20000076293945,61.400001525878906,14000
2019-03-20,61.5,63.5,61.5,63.5,33000
2019-03-21,63.5,63.5,62.5,62.70000076293945,28000
2019-03-22,62.900001525878906,63.29999923706055,62.599998474121094,63.29999923706055,35047
2019-03-25,63.099998474121094,63.099998474121094,62.20000076293945,62.400001525878906,10022
2019-03-26,62.400001525878906,62.5,62.0,62.5,23000
2019-03-27,62.599998474121094,63.0,62.5,63.0,28010
2019-03-28,63.0,63.29999923706055,62.70000076293945,62.70000076293945,15000
2019-03-29,62.79999923706055,62.79999923706055,62.29999923706055,62.29999923706055,28113
2019-04-01,60.0,60.0,58.900001525878906,59.599998474121094,161486
2019-04-02,59.900001525878906,60.400001525878906,59.20000076293945,59.599998474121094,27846
2019-04-03,59.5,59.5,57.70000076293945,57.900001525878906,161350
2019-04-08,58.0,58.5,57.79999923706055,58.29999923706055,55336
2019-04-09,58.29999923706055,58.599998474121094,58.0,58.599998474121094,27144
2019-04-10,58.599998474121094,59.0,58.599998474121094,58.599998474121094,17050
2019-04-11,57.900001525878906,57.900001525878906,56.0,56.20000076293945,158125
2019-04-12,56.0,56.0,54.900001525878906,55.5,77650
2019-04-15,55.5,56.79999923706055,55.5,56.099998474121094,26150
2019-04-16,56.5,57.0,56.5,57.0,23200
2019-04-17,57.0,57.0,56.79999923706055,56.79999923706055,14340
2019-04-18,56.099998474121094,56.099998474121094,56.099998474121094,56.099998474121094,6000
2019-04-19,56.20000076293945,56.20000076293945,56.099998474121094,56.20000076293945,5200
2019-04-22,56.29999923706055,56.400001525878906,56.20000076293945,56.20000076293945,23200
2019-04-23,56.599998474121094,56.599998474121094,55.900001525878906,56.5,25299
2019-04-24,56.099998474121094,56.599998474121094,56.0,56.0,20468
2019-04-25,56.900001525878906,56.900001525878906,56.5,56.5,9235
2019-04-26,56.5,58.0,56.5,58.0,76275
2019-04-29,58.099998474121094,59.099998474121094,58.0,58.5,91030
2019-04-30,58.5,58.5,58.29999923706055,58.29999923706055,4000
2019-05-02,58.099998474121094,59.5,58.099998474121094,58.29999923706055,33008
2019-05-03,59.099998474121094,59.099998474121094,58.599998474121094,58.70000076293945,10000
2019-05-06,58.70000076293945,58.70000076293945,57.20000076293945,58.400001525878906,13500
2019-05-07,58.0,58.599998474121094,58.0,58.400001525878906,16226
2019-05-08,57.099998474121094,57.5,57.099998474121094,57.29999923706055,18309
2019-05-09,57.29999923706055,57.400001525878906,57.0,57.0,23225
2019-05-10,57.0,57.20000076293945,56.29999923706055,56.29999923706055,30000
2019-05-13,56.099998474121094,56.099998474121094,55.0,55.099998474121094,37189
2019-05-14,54.70000076293945,55.099998474121094,53.79999923706055,53.79999923706055,60092
2019-05-15,53.70000076293945,55.5,53.70000076293945,54.5,27072
2019-05-16,54.5,54.5,53.79999923706055,54.20000076293945,47164
2019-05-17,53.900001525878906,53.900001525878906,53.5,53.5,14200
2019-05-20,53.5,53.5,52.70000076293945,52.900001525878906,39093
2019-05-21,52.400001525878906,52.70000076293945,52.20000076293945,52.5,24500
2019-05-22,53.400001525878906,54.79999923706055,53.400001525878906,54.20000076293945,26001
2019-05-23,54.0,54.0,53.0,53.099998474121094,13100
2019-05-24,54.20000076293945,54.20000076293945,53.0,53.0,21022
2019-05-27,53.29999923706055,53.5,53.20000076293945,53.20000076293945,11000
2019-05-28,53.900001525878906,53.900001525878906,53.20000076293945,53.79999923706055,6000
2019-05-29,54.400001525878906,54.400001525878906,54.400001525878906,54.400001525878906,3000
2019-05-30,54.400001525878906,54.79999923706055,54.400001525878906,54.5,14000
2019-05-31,54.599998474121094,55.70000076293945,53.599998474121094,55.29999923706055,14000
2019-06-03,54.0,54.20000076293945,54.0,54.20000076293945,10020
2019-06-04,54.20000076293945,54.20000076293945,54.099998474121094,54.099998474121094,9020
2019-06-05,55.79999923706055,55.79999923706055,55.70000076293945,55.70000076293945,2617
2019-06-06,55.70000076293945,56.0,55.5,55.5,15000
2019-06-10,55.5,55.5,55.400001525878906,55.5,3000
2019-06-11,55.5,56.0,55.5,56.0,7000
2019-06-12,55.5,55.599998474121094,55.5,55.599998474121094,4000
2019-06-13,55.70000076293945,55.70000076293945,55.5,55.599998474121094,11000
2019-06-14,55.599998474121094,56.099998474121094,55.599998474121094,55.599998474121094,8454
2019-06-17,56.599998474121094,56.599998474121094,55.599998474121094,56.0,3172
2019-06-18,56.0,56.0,56.0,56.0,2059
2019-06-19,56.400001525878906,56.400001525878906,55.70000076293945,55.70000076293945,7000
2019-06-20,55.70000076293945,55.70000076293945,55.5,55.5,8080
2019-06-21,56.79999923706055,57.0,56.099998474121094,56.099998474121094,24000
2019-06-24,56.20000076293945,56.20000076293945,55.5,55.5,31100
2019-06-25,55.099998474121094,55.20000076293945,55.099998474121094,55.20000076293945,5150
2019-06-26,55.20000076293945,57.0,55.20000076293945,56.70000076293945,44000
2019-06-27,57.70000076293945,57.70000076293945,56.70000076293945,56.900001525878906,15100
2019-06-28,56.70000076293945,56.70000076293945,56.400001525878906,56.599998474121094,11000
2019-07-01,57.599998474121094,57.599998474121094,56.79999923706055,57.599998474121094,23045
2019-07-02,57.70000076293945,58.400001525878906,57.70000076293945,57.70000076293945,6000
2019-07-03,58.29999923706055,58.599998474121094,58.0,58.29999923706055,22000
2019-07-04,57.20000076293945,58.599998474121094,57.20000076293945,58.599998474121094,31000
2019-07-05,58.29999923706055,59.0,58.29999923706055,58.400001525878906,13000
2019-07-08,58.400001525878906,58.400001525878906,57.79999923706055,57.79999923706055,44000
2019-07-09,55.29999923706055,56.0,55.0,55.400001525878906,46000
2019-07-10,55.599998474121094,55.599998474121094,55.099998474121094,55.5,23000
2019-07-11,55.5,55.5,55.0,55.0,34000
2019-07-12,55.0,55.5,55.0,55.400001525878906,11133
2019-07-15,55.400001525878906,55.400001525878906,54.79999923706055,55.400001525878906,12200
2019-07-16,55.29999923706055,55.70000076293945,55.29999923706055,55.70000076293945,10203
2019-07-17,55.29999923706055,55.29999923706055,55.20000076293945,55.20000076293945,10300
2019-07-18,55.29999923706055,55.29999923706055,55.099998474121094,55.099998474121094,14000
2019-07-19,55.099998474121094,55.20000076293945,55.0,55.20000076293945,12797
2019-07-22,55.20000076293945,57.0,55.20000076293945,55.79999923706055,26290
2019-07-23,55.79999923706055,56.5,55.79999923706055,56.0,21528
2019-07-24,56.099998474121094,56.29999923706055,56.099998474121094,56.20000076293945,5000
2019-07-25,56.20000076293945,59.099998474121094,56.20000076293945,58.400001525878906,95035
2019-07-26,58.400001525878906,58.79999923706055,58.400001525878906,58.70000076293945,36040
2019-07-29,58.70000076293945,59.0,58.400001525878906,58.5,41000
2019-07-30,58.900001525878906,58.900001525878906,57.900001525878906,57.900001525878906,27020
2019-07-31,57.900001525878906,57.900001525878906,57.0,57.0,9140
2019-08-01,57.0,57.0,56.0,56.099998474121094,22278
2019-08-02,55.0,55.900001525878906,55.0,55.400001525878906,21200
2019-08-05,55.0,55.79999923706055,55.0,55.29999923706055,7290
2019-08-06,55.29999923706055,55.29999923706055,54.900001525878906,55.099998474121094,24052
2019-08-07,55.20000076293945,55.5,55.20000076293945,55.29999923706055,6230
2019-08-08,55.599998474121094,55.599998474121094,55.20000076293945,55.20000076293945,6050
2019-08-12,55.20000076293945,55.20000076293945,55.099998474121094,55.20000076293945,7013
2019-08-13,54.20000076293945,54.599998474121094,54.20000076293945,54.599998474121094,7000
2019-08-14,54.70000076293945,55.599998474121094,54.599998474121094,54.599998474121094,26417
2019-08-15,52.20000076293945,53.5,52.20000076293945,53.29999923706055,25600
2019-08-16,54.900001525878906,54.900001525878906,54.599998474121094,54.599998474121094,4000
2019-08-19,54.5,54.5,54.29999923706055,54.5,10000
2019-08-20,54.5,54.79999923706055,54.400001525878906,54.5,15260
2019-08-21,54.5,54.5,53.20000076293945,53.599998474121094,26060
2019-08-22,53.599998474121094,54.0,53.599998474121094,54.0,11080
2019-08-23,54.0,54.0,53.099998474121094,53.29999923706055,16140
2019-08-26,53.099998474121094,53.20000076293945,52.599998474121094,53.0,37048
2019-08-27,53.29999923706055,53.29999923706055,53.099998474121094,53.20000076293945,14012
2019-08-28,53.29999923706055,53.29999923706055,53.0,53.099998474121094,12007
2019-08-29,53.79999923706055,53.79999923706055,53.79999923706055,53.79999923706055,1004
2019-08-30,53.79999923706055,53.79999923706055,53.0,53.5,23050
2019-09-02,53.79999923706055,53.79999923706055,53.29999923706055,53.29999923706055,9350
2019-09-03,53.20000076293945,53.400001525878906,53.20000076293945,53.29999923706055,8000
2019-09-04,53.29999923706055,53.29999923706055,53.29999923706055,53.29999923706055,4000
2019-09-05,53.5,54.099998474121094,53.5,54.0,15000
2019-09-06,54.5,54.5,54.20000076293945,54.20000076293945,8031
2019-09-10,53.5,53.79999923706055,53.5,53.79999923706055,3120
2019-09-11,54.20000076293945,54.70000076293945,54.20000076293945,54.5,21200
2019-09-12,54.599998474121094,55.20000076293945,54.599998474121094,55.0,18000
2019-09-16,55.099998474121094,56.0,55.099998474121094,55.5,25100
2019-09-17,55.5,55.5,54.599998474121094,54.599998474121094,18000
2019-09-18,55.0,55.0,54.79999923706055,55.0,15000
2019-09-19,55.099998474121094,55.5,55.0,55.099998474121094,19017
2019-09-20,55.099998474121094,55.400001525878906,55.0,55.400001525878906,28100
2019-09-23,55.400001525878906,55.400001525878906,55.099998474121094,55.099998474121094,8046
2019-09-24,55.29999923706055,55.400001525878906,55.099998474121094,55.099998474121094,36230
2019-09-25,55.099998474121094,55.5,55.099998474121094,55.099998474121094,21017
2019-09-26,55.20000076293945,55.5,55.099998474121094,55.5,13443
2019-09-27,55.5,55.5,55.5,55.5,0
2019-10-01,55.5,55.5,55.0,55.20000076293945,15050
2019-10-02,55.20000076293945,55.20000076293945,55.0,55.20000076293945,12000
2019-10-03,54.5,54.70000076293945,54.5,54.599998474121094,12040
2019-10-04,54.20000076293945,54.400001525878906,54.20000076293945,54.400001525878906,4000
2019-10-07,54.400001525878906,54.400001525878906,54.099998474121094,54.29999923706055,14050
2019-10-08,54.29999923706055,54.79999923706055,54.29999923706055,54.79999923706055,11000
2019-10-09,54.599998474121094,54.599998474121094,54.400001525878906,54.400001525878906,7100
2019-10-14,54.0,54.0,53.0,53.5,39160
2019-10-15,53.5,53.5,53.0,53.5,30000
2019-10-16,53.5,53.5,52.79999923706055,53.5,28600
2019-10-17,53.5,53.5,53.400001525878906,53.5,22005
2019-10-18,53.5,53.5,52.900001525878906,53.29999923706055,36000
2019-10-21,53.29999923706055,53.400001525878906,53.29999923706055,53.400001525878906,10050
2019-10-22,53.400001525878906,53.599998474121094,53.400001525878906,53.5,9000
2019-10-23,53.70000076293945,54.29999923706055,53.70000076293945,53.79999923706055,17048
2019-10-24,54.0,54.0,53.70000076293945,54.0,17000
2019-10-25,54.099998474121094,54.099998474121094,53.5,54.099998474121094,20000
2019-10-28,54.0,54.099998474121094,53.5,54.099998474121094,15018
2019-10-29,54.099998474121094,54.099998474121094,53.79999923706055,54.099998474121094,19000
2019-10-30,54.0,54.0,53.70000076293945,54.0,11100
2019-10-31,53.599998474121094,54.29999923706055,53.5,54.29999923706055,30030
2019-11-01,54.099998474121094,54.099998474121094,54.0,54.099998474121094,7000
2019-11-04,54.099998474121094,54.099998474121094,53.70000076293945,54.099998474121094,18000
2019-11-05,54.0,54.29999923706055,54.0,54.0,23000
2019-11-06,53.5,54.0,53.5,54.0,16000
2019-11-07,53.70000076293945,54.0,53.70000076293945,54.0,30000
2019-11-08,54.0,54.0,53.79999923706055,53.79999923706055,19000
2019-11-11,53.79999923706055,54.29999923706055,53.79999923706055,54.29999923706055,17000
2019-11-12,54.29999923706055,55.5,54.29999923706055,55.400001525878906,30000
2019-11-13,55.29999923706055,58.400001525878906,55.29999923706055,58.400001525878906,162000
2019-11-14,58.79999923706055,63.400001525878906,58.79999923706055,62.5,514000
2019-11-15,62.0,62.0,60.5,62.0,100002
2019-11-18,63.20000076293945,66.0,62.0,64.5,359000
2019-11-19,64.0,64.19999694824219,62.900001525878906,63.5,106000
2019-11-20,63.5,64.0999984741211,62.79999923706055,62.79999923706055,68000
2019-11-21,62.099998474121094,62.599998474121094,62.099998474121094,62.599998474121094,37000
2019-11-22,62.70000076293945,62.70000076293945,60.900001525878906,61.099998474121094,79050
2019-11-25,60.70000076293945,61.79999923706055,60.70000076293945,61.400001525878906,49000
2019-11-26,61.5,61.5,60.400001525878906,60.5,52000
2019-11-27,60.20000076293945,66.5,60.20000076293945,62.0,141000
2019-11-28,62.599998474121094,64.5,62.5,63.599998474121094,114000
2019-11-29,63.79999923706055,63.79999923706055,62.900001525878906,62.900001525878906,33000
2019-12-02,62.70000076293945,62.70000076293945,61.79999923706055,61.79999923706055,23000
2019-12-03,61.79999923706055,61.79999923706055,61.20000076293945,61.29999923706055,5000
2019-12-04,61.20000076293945,61.20000076293945,60.70000076293945,61.0,27000
2019-12-05,61.099998474121094,61.400001525878906,61.0,61.29999923706055,26000
2019-12-06,61.29999923706055,62.20000076293945,61.29999923706055,61.79999923706055,20000
2019-12-09,62.0,62.0,62.0,62.0,9000
2019-12-10,62.0,62.0,62.0,62.0,9000
2019-12-11,61.599998474121094,61.79999923706055,59.599998474121094,60.0,44000
2019-12-12,60.0,60.599998474121094,59.79999923706055,59.79999923706055,19000
2019-12-13,60.20000076293945,60.20000076293945,58.79999923706055,59.79999923706055,15000
2019-12-16,58.900001525878906,59.400001525878906,58.5,58.79999923706055,34000
2019-12-17,58.900001525878906,58.900001525878906,58.0,58.900001525878906,29000
2019-12-18,58.900001525878906,58.900001525878906,58.70000076293945,58.79999923706055,13000
2019-12-19,58.5,58.70000076293945,57.70000076293945,58.0,41000
2019-12-20,57.70000076293945,58.79999923706055,57.70000076293945,58.5,15250
2019-12-23,58.79999923706055,58.79999923706055,57.900001525878906,57.900001525878906,13000
2019-12-24,57.79999923706055,58.0,57.79999923706055,58.0,4000
2019-12-25,58.0,58.79999923706055,57.400001525878906,58.0,19000
2019-12-26,58.70000076293945,59.0,58.599998474121094,59.0,24000
2019-12-27,59.400001525878906,59.400001525878906,58.5,58.900001525878906,20000
2019-12-30,58.900001525878906,59.0,58.400001525878906,58.5,15000
2019-12-31,58.20000076293945,58.599998474121094,58.20000076293945,58.20000076293945,19000
2020-01-02,58.20000076293945,58.599998474121094,58.0,58.20000076293945,18000
2020-01-03,58.20000076293945,58.20000076293945,57.599998474121094,57.599998474121094,12090
2020-01-06,57.5,57.5,56.900001525878906,56.900001525878906,15000
2020-01-07,56.70000076293945,56.79999923706055,56.400001525878906,56.70000076293945,20000
2020-01-08,56.70000076293945,57.400001525878906,56.70000076293945,57.400001525878906,4000
2020-01-09,56.70000076293945,57.400001525878906,56.70000076293945,57.400001525878906,4000
2020-01-10,57.0,57.5,57.0,57.5,8000
2020-01-13,56.599998474121094,57.20000076293945,56.20000076293945,56.900001525878906,33000
2020-01-14,56.20000076293945,56.29999923706055,55.900001525878906,55.900001525878906,28000
2020-01-15,57.099998474121094,57.099998474121094,56.0,56.79999923706055,19000
2020-01-16,57.099998474121094,57.099998474121094,56.099998474121094,56.599998474121094,13000
2020-01-17,56.5,56.599998474121094,56.20000076293945,56.20000076293945,23500
2020-01-20,56.5,56.5,55.79999923706055,56.0,21691
2020-01-30,54.79999923706055,54.79999923706055,52.0,52.099998474121094,102000
2020-01-31,53.0,53.0,52.20000076293945,52.5,32533
2020-02-03,52.0,52.400001525878906,51.20000076293945,51.599998474121094,19000
2020-02-04,52.0,52.400001525878906,51.20000076293945,51.599998474121094,19000
2020-02-05,51.599998474121094,52.599998474121094,51.599998474121094,52.5,10000
2020-02-06,52.900001525878906,52.900001525878906,52.20000076293945,52.5,18000
2020-02-07,52.900001525878906,52.900001525878906,52.20000076293945,52.5,18000
2020-02-10,52.0,52.70000076293945,52.0,52.70000076293945,13006
2020-02-11,52.099998474121094,52.099998474121094,51.900001525878906,52.0,17000
2020-02-12,52.099998474121094,52.099998474121094,51.900001525878906,52.0,17000
2020-02-13,53.79999923706055,53.900001525878906,52.5,53.70000076293945,29000
2020-02-14,53.79999923706055,53.900001525878906,52.5,53.70000076293945,29071
2020-02-17,53.0,53.0,52.70000076293945,52.79999923706055,16000
2020-02-18,52.900001525878906,52.900001525878906,52.79999923706055,52.79999923706055,5000
2020-02-19,52.900001525878906,52.900001525878906,52.79999923706055,52.79999923706055,5000
2020-02-20,53.099998474121094,53.099998474121094,53.0,53.0,11000
2020-02-21,53.099998474121094,53.099998474121094,53.0,53.0,11000
2020-02-24,52.099998474121094,52.5,52.0,52.5,22000
2020-02-25,52.29999923706055,52.400001525878906,52.099998474121094,52.29999923706055,8000
2020-02-26,52.099998474121094,52.29999923706055,52.0,52.29999923706055,7000
2020-02-27,52.0,52.20000076293945,51.099998474121094,51.20000076293945,43000
2020-03-02,50.79999923706055,51.099998474121094,50.79999923706055,50.79999923706055,34000
2020-03-03,51.5,52.20000076293945,51.29999923706055,51.599998474121094,18000
2020-03-04,51.20000076293945,51.20000076293945,51.099998474121094,51.20000076293945,19000
2020-03-05,51.400001525878906,51.400001525878906,51.400001525878906,51.400001525878906,9000
2020-03-06,51.70000076293945,51.79999923706055,51.599998474121094,51.79999923706055,5000
2020-03-09,51.79999923706055,51.79999923706055,51.79999923706055,51.79999923706055,0
2020-03-10,49.20000076293945,50.20000076293945,49.20000076293945,50.0,46000
2020-03-11,49.099998474121094,49.5,49.099998474121094,49.150001525878906,37000
2020-03-12,48.79999923706055,48.79999923706055,44.25,44.25,121000
2020-03-13,44.25,44.25,44.25,44.25,0
2020-03-16,41.0,41.5,39.20000076293945,39.599998474121094,49000
2020-03-17,36.5,39.0,36.400001525878906,37.79999923706055,75000
2020-03-18,37.79999923706055,37.79999923706055,37.79999923706055,37.79999923706055,0
2020-03-19,35.04999923706055,35.04999923706055,32.849998474121094,32.849998474121094,98000
2020-03-20,35.79999923706055,35.79999923706055,33.0,35.45000076293945,56000
2020-03-23,35.0,35.0,33.25,34.5,44000
2020-03-24,36.20000076293945,37.900001525878906,35.650001525878906,35.79999923706055,50000
2020-03-25,37.099998474121094,38.20000076293945,37.099998474121094,37.650001525878906,51000
2020-03-26,37.650001525878906,39.0,37.0,38.599998474121094,23000
2020-03-27,39.5,39.5,38.599998474121094,38.70000076293945,28000
2020-03-30,37.79999923706055,37.79999923706055,37.04999923706055,37.099998474121094,5000
2020-03-31,37.5,37.5,36.599998474121094,37.0,16000
2020-04-01,36.5,36.5,35.0,35.29999923706055,50000
2020-04-06,34.5,35.0,34.5,35.25,13000
2020-04-07,35.29999923706055,35.400001525878906,35.20000076293945,35.20000076293945,18000
2020-04-08,35.400001525878906,37.900001525878906,35.400001525878906,37.70000076293945,45000
2020-04-09,38.29999923706055,38.400001525878906,36.79999923706055,37.5,62000
2020-04-10,37.79999923706055,37.79999923706055,36.650001525878906,37.54999923706055,16000
2020-04-13,36.75,37.150001525878906,36.29999923706055,36.400001525878906,43000
2020-04-14,36.349998474121094,39.0,36.349998474121094,39.0,67000
2020-04-15,40.0,40.54999923706055,39.0,40.150001525878906,130000
2020-04-16,40.150001525878906,40.900001525878906,40.0,40.20000076293945,50000
2020-04-17,40.20000076293945,40.599998474121094,39.650001525878906,40.599998474121094,69000
2020-04-20,40.79999923706055,40.79999923706055,40.099998474121094,40.650001525878906,10000
2020-04-21,40.29999923706055,40.29999923706055,38.79999923706055,39.70000076293945,28000
2020-04-22,38.25,40.0,38.25,40.0,21000
2020-04-23,39.099998474121094,39.70000076293945,39.04999923706055,39.70000076293945,11000
2020-04-24,39.70000076293945,43.650001525878906,39.04999923706055,43.650001525878906,33000
2020-04-27,42.0,42.900001525878906,41.650001525878906,42.20000076293945,43000
2020-04-28,41.900001525878906,45.0,41.900001525878906,45.0,45000
2020-04-29,44.900001525878906,44.900001525878906,43.0,43.54999923706055,53000
2020-04-30,43.70000076293945,44.20000076293945,43.20000076293945,44.20000076293945,47000
2020-05-04,43.20000076293945,43.20000076293945,42.0,43.0,43000
2020-05-05,42.95000076293945,42.95000076293945,42.70000076293945,42.70000076293945,2000
2020-05-06,42.70000076293945,43.79999923706055,41.400001525878906,43.79999923706055,72000
2020-05-07,42.54999923706055,42.79999923706055,42.150001525878906,42.75,54000
2020-05-08,42.54999923706055,43.099998474121094,42.04999923706055,43.099998474121094,63000
2020-05-11,43.099998474121094,43.099998474121094,41.5,41.54999923706055,83000
2020-05-12,41.75,41.75,41.75,41.75,1000
2020-05-13,41.75,42.0,41.54999923706055,41.79999923706055,44000
2020-05-14,40.849998474121094,41.79999923706055,40.849998474121094,41.650001525878906,29000
2020-05-15,41.25,41.900001525878906,40.95000076293945,41.75,19000
2020-05-18,41.04999923706055,41.5,41.0,41.5,6000
2020-05-19,42.0,42.04999923706055,41.25,42.04999923706055,32000
2020-05-20,42.0,42.29999923706055,41.45000076293945,42.29999923706055,21000
2020-05-21,42.20000076293945,43.0,41.849998474121094,42.20000076293945,34000
2020-05-22,42.20000076293945,42.20000076293945,41.29999923706055,41.29999923706055,23000
2020-05-25,40.900001525878906,41.29999923706055,40.900001525878906,41.29999923706055,13000
2020-05-26,41.20000076293945,42.70000076293945,41.099998474121094,42.599998474121094,82000
2020-05-27,42.5,45.0,42.45000076293945,44.45000076293945,208000
2020-05-28,44.900001525878906,44.900001525878906,43.5,44.0,40000
2020-05-29,43.70000076293945,44.400001525878906,43.70000076293945,43.900001525878906,16000
2020-06-01,43.79999923706055,43.79999923706055,43.5,43.5,24000
2020-06-02,43.04999923706055,43.900001525878906,43.04999923706055,43.900001525878906,25000
2020-06-03,44.20000076293945,44.20000076293945,43.900001525878906,44.0,23000
2020-06-04,44.0,44.0,43.0,43.45000076293945,40000
2020-06-05,44.0,44.20000076293945,43.45000076293945,44.20000076293945,17000
2020-06-08,43.650001525878906,45.900001525878906,43.5,45.849998474121094,131000
2020-06-09,45.70000076293945,45.70000076293945,45.0,45.70000076293945,45000
2020-06-10,45.70000076293945,45.70000076293945,45.20000076293945,45.400001525878906,20000
2020-06-11,45.400001525878906,45.599998474121094,44.5,45.400001525878906,168000
2020-06-12,44.5,44.79999923706055,44.099998474121094,44.5,24000
2020-06-15,44.54999923706055,44.599998474121094,43.900001525878906,43.900001525878906,62000
2020-06-16,43.5,43.900001525878906,43.5,43.900001525878906,21000
2020-06-17,44.0,44.5,43.75,43.900001525878906,101000
2020-06-18,43.849998474121094,43.849998474121094,43.5,43.79999923706055,13000
2020-06-19,43.599998474121094,44.04999923706055,43.45000076293945,43.79999923706055,35000
2020-06-22,43.79999923706055,45.29999923706055,43.5,45.29999923706055,39000
2020-06-23,44.900001525878906,44.900001525878906,43.95000076293945,44.5,35000
2020-06-24,44.400001525878906,44.5,43.900001525878906,43.900001525878906,38000
2020-06-29,43.70000076293945,43.70000076293945,43.70000076293945,43.70000076293945,1000
2020-06-30,43.04999923706055,43.79999923706055,42.900001525878906,42.95000076293945,58000
2020-07-01,43.0,43.400001525878906,43.0,43.400001525878906,26000
2020-07-02,43.5,43.5,43.25,43.400001525878906,16000
2020-07-03,43.400001525878906,43.400001525878906,43.04999923706055,43.400001525878906,23000
2020-07-06,43.95000076293945,44.0,43.400001525878906,43.79999923706055,105000
2020-07-07,43.900001525878906,43.900001525878906,43.150001525878906,43.599998474121094,83000
2020-07-08,41.599998474121094,42.650001525878906,41.599998474121094,42.650001525878906,40000
2020-07-09,42.5,42.79999923706055,42.349998474121094,42.79999923706055,10000
2020-07-10,42.0,42.70000076293945,42.0,42.70000076293945,22000
2020-07-13,42.5,42.5,41.79999923706055,41.900001525878906,27000
2020-07-14,41.5,41.5,40.70000076293945,41.20000076293945,15000
2020-07-15,41.20000076293945,41.20000076293945,40.650001525878906,41.20000076293945,10000
2020-07-16,40.54999923706055,41.349998474121094,40.5,41.349998474121094,53000
2020-07-17,40.599998474121094,40.599998474121094,39.70000076293945,39.900001525878906,71000
2020-07-20,39.900001525878906,39.900001525878906,38.54999923706055,38.79999923706055,21000
2020-07-21,38.79999923706055,39.54999923706055,38.599998474121094,39.54999923706055,72000
2020-07-22,39.04999923706055,39.04999923706055,38.900001525878906,39.0,17000
2020-07-23,39.0,39.79999923706055,39.0,39.400001525878906,30000
2020-07-24,38.900001525878906,38.900001525878906,38.400001525878906,38.5,33000
2020-07-27,38.5,38.5,37.5,37.900001525878906,15000
2020-07-28,38.0,38.0,36.0,36.650001525878906,55000
2020-07-29,36.599998474121094,36.650001525878906,36.0,36.650001525878906,66000
2020-07-30,36.650001525878906,37.0,36.650001525878906,37.0,31000
2020-07-31,36.45000076293945,37.0,36.45000076293945,36.900001525878906,15000
2020-08-03,36.5,36.5,36.0,36.20000076293945,24000
2020-08-04,36.20000076293945,37.0,36.20000076293945,37.0,41000
2020-08-05,37.650001525878906,39.0,37.5,39.0,156000
2020-08-06,39.0,39.0,38.29999923706055,38.95000076293945,42000
2020-08-07,38.5,38.599998474121094,38.400001525878906,38.599998474121094,17000
2020-08-10,39.0,39.0,38.0,38.5,47000
2020-08-11,38.5,38.5,38.5,38.5,0
2020-08-12,38.0,38.349998474121094,37.79999923706055,38.349998474121094,8000
2020-08-13,37.599998474121094,38.5,37.400001525878906,38.5,49000
2020-08-14,38.0,38.5,37.79999923706055,38.5,20000
2020-08-17,38.0,38.45000076293945,37.79999923706055,38.45000076293945,33000
2020-08-18,37.900001525878906,40.349998474121094,37.79999923706055,40.29999923706055,42000
2020-08-19,40.0,40.0,38.79999923706055,39.04999923706055,40000
2020-08-20,38.54999923706055,38.54999923706055,37.70000076293945,37.70000076293945,35000
2020-08-21,37.75,38.79999923706055,37.75,38.79999923706055,14000
2020-08-24,38.79999923706055,39.29999923706055,37.900001525878906,39.29999923706055,16000
2020-08-25,39.29999923706055,39.29999923706055,39.20000076293945,39.20000076293945,2000
2020-08-26,39.20000076293945,40.099998474121094,38.400001525878906,40.099998474121094,47000
2020-08-27,40.400001525878906,40.400001525878906,39.400001525878906,39.5,27000
2020-08-28,39.0,39.70000076293945,39.0,39.0,19000
2020-08-31,38.599998474121094,40.29999923706055,38.400001525878906,40.29999923706055,16000
2020-09-01,39.5,40.25,39.5,39.95000076293945,145000
2020-09-02,39.900001525878906,41.20000076293945,39.79999923706055,39.95000076293945,100000
2020-09-03,39.95000076293945,39.95000076293945,39.0,39.79999923706055,18000
2020-09-04,39.150001525878906,39.150001525878906,39.099998474121094,39.099998474121094,8000
2020-09-07,39.099998474121094,39.849998474121094,39.099998474121094,39.79999923706055,9000
2020-09-08,39.20000076293945,39.25,38.900001525878906,39.0,32000
2020-09-09,38.95000076293945,39.45000076293945,38.95000076293945,39.45000076293945,18000
2020-09-10,39.5,39.79999923706055,39.099998474121094,39.5,17000
2020-09-11,39.5,39.5,38.79999923706055,39.20000076293945,19000
2020-09-14,39.0,39.25,38.75,39.25,19000
2020-09-15,39.25,39.5,38.79999923706055,39.29999923706055,15000
2020-09-16,39.0,39.0,39.0,39.0,7000
2020-09-17,39.0,39.0,38.54999923706055,39.0,11000
2020-09-18,39.0,39.099998474121094,38.599998474121094,39.099998474121094,26000
2020-09-21,39.099998474121094,39.099998474121094,39.099998474121094,39.099998474121094,6000
2020-09-22,38.79999923706055,38.79999923706055,38.5,38.5,26000
2020-09-23,38.29999923706055,38.29999923706055,38.099998474121094,38.099998474121094,17000
2020-09-24,38.099998474121094,39.099998474121094,37.900001525878906,37.900001525878906,8000
2020-09-25,37.95000076293945,38.70000076293945,37.79999923706055,38.70000076293945,20000
2020-09-28,38.70000076293945,38.70000076293945,38.0,38.20000076293945,24000
2020-09-29,38.0,38.29999923706055,37.70000076293945,38.29999923706055,16000
2020-09-30,38.29999923706055,38.650001525878906,38.29999923706055,38.650001525878906,9000
2020-10-05,38.650001525878906,38.650001525878906,38.150001525878906,38.650001525878906,11000
2020-10-06,38.25,40.0,38.150001525878906,40.0,30000
2020-10-07,39.79999923706055,39.79999923706055,39.0,39.04999923706055,32000
2020-10-08,39.0,39.599998474121094,39.0,39.599998474121094,14000
2020-10-12,39.599998474121094,39.849998474121094,39.0,39.54999923706055,31000
2020-10-13,39.5,39.5,38.70000076293945,38.70000076293945,19000
2020-10-14,39.0,39.0,38.29999923706055,38.599998474121094,44000
2020-10-15,38.349998474121094,38.349998474121094,38.0,38.0,40000
2020-10-16,38.0,38.0,37.5,37.70000076293945,32000
2020-10-19,38.20000076293945,38.20000076293945,38.20000076293945,38.20000076293945,1000
2020-10-20,37.599998474121094,38.0,37.599998474121094,38.0,10000
2020-10-21,38.0,38.0,37.900001525878906,37.900001525878906,15000
2020-10-22,38.20000076293945,38.349998474121094,38.20000076293945,38.349998474121094,2000
2020-10-23,38.20000076293945,38.20000076293945,38.20000076293945,38.20000076293945,1000
2020-10-26,38.20000076293945,38.20000076293945,37.70000076293945,37.75,9000
2020-10-27,38.20000076293945,38.45000076293945,37.95000076293945,38.45000076293945,16000
2020-10-28,37.900001525878906,38.20000076293945,37.70000076293945,38.099998474121094,11000
2020-10-29,38.0,38.0,37.5,37.599998474121094,14000
2020-10-30,37.650001525878906,37.650001525878906,37.54999923706055,37.54999923706055,7000
2020-11-02,37.099998474121094,37.75,37.099998474121094,37.75,4000
2020-11-03,37.400001525878906,37.400001525878906,37.349998474121094,37.349998474121094,7000
2020-11-04,37.29999923706055,38.0,37.20000076293945,37.75,12000
2020-11-05,37.75,37.95000076293945,37.29999923706055,37.95000076293945,29000
2020-11-06,37.95000076293945,37.95000076293945,37.95000076293945,37.95000076293945,0
2020-11-09,37.900001525878906,38.45000076293945,37.900001525878906,38.400001525878906,22000
2020-11-10,38.900001525878906,40.0,38.54999923706055,39.650001525878906,116000
2020-11-11,39.900001525878906,39.900001525878906,39.29999923706055,39.5,40000
2020-11-12,39.5,39.79999923706055,39.5,39.70000076293945,53000
2020-11-13,39.599998474121094,40.0,39.5,40.0,31000
2020-11-16,39.79999923706055,40.099998474121094,39.75,40.099998474121094,40000
2020-11-17,40.099998474121094,40.150001525878906,39.70000076293945,40.099998474121094,28000
2020-11-18,40.04999923706055,40.099998474121094,39.900001525878906,40.099998474121094,39000
2020-11-19,39.95000076293945,40.20000076293945,39.900001525878906,40.20000076293945,13000
2020-11-20,40.20000076293945,40.849998474121094,40.099998474121094,40.79999923706055,51000
2020-11-23,40.79999923706055,41.0,40.20000076293945,41.0,46000
2020-11-24,41.0,41.0,40.599998474121094,40.900001525878906,11000
2020-11-25,41.45000076293945,41.45000076293945,41.0,41.25,63000
2020-11-26,41.29999923706055,43.0,41.0,43.0,68000
2020-11-27,42.0,42.20000076293945,41.650001525878906,41.650001525878906,82000
2020-11-30,41.650001525878906,41.70000076293945,41.25,41.54999923706055,33000
2020-12-01,41.54999923706055,43.0,41.25,42.54999923706055,78000
2020-12-02,42.599998474121094,42.900001525878906,42.400001525878906,42.599998474121094,33000
2020-12-03,42.599998474121094,42.599998474121094,42.5,42.54999923706055,13000
2020-12-04,42.599998474121094,46.79999923706055,42.599998474121094,46.0,480000
2020-12-07,46.70000076293945,47.04999923706055,45.75,45.75,101000
2020-12-08,45.75,45.75,44.29999923706055,44.900001525878906,49000
2020-12-09,44.70000076293945,44.900001525878906,44.20000076293945,44.54999923706055,52000
2020-12-10,44.54999923706055,44.54999923706055,44.25,44.29999923706055,11000
2020-12-11,44.150001525878906,44.150001525878906,43.099998474121094,43.5,56000
2020-12-14,43.5,43.54999923706055,43.20000076293945,43.25,32000
2020-12-15,43.29999923706055,43.29999923706055,42.70000076293945,42.849998474121094,15000
2020-12-16,43.29999923706055,43.29999923706055,41.45000076293945,42.20000076293945,71000
2020-12-17,42.25,42.650001525878906,42.25,42.650001525878906,2000
2020-12-18,42.650001525878906,42.650001525878906,42.20000076293945,42.29999923706055,15000
2020-12-21,42.0,42.45000076293945,42.0,42.95000076293945,16000
2020-12-22,42.5,42.70000076293945,42.400001525878906,42.400001525878906,15000
2020-12-23,42.0,42.650001525878906,42.0,42.650001525878906,9000
2020-12-24,42.599998474121094,42.599998474121094,42.20000076293945,42.54999923706055,9000
2020-12-25,42.54999923706055,42.54999923706055,42.54999923706055,42.54999923706055,0
2020-12-28,42.79999923706055,42.79999923706055,42.54999923706055,42.79999923706055,16000
2020-12-29,42.20000076293945,42.29999923706055,42.20000076293945,42.29999923706055,9000
2020-12-30,43.150001525878906,43.150001525878906,42.650001525878906,42.849998474121094,10000
2020-12-31,42.099998474121094,43.0,42.099998474121094,42.70000076293945,28000
2021-01-04,42.70000076293945,42.95000076293945,42.25,42.95000076293945,31000
2021-01-05,42.400001525878906,42.5,42.29999923706055,42.400001525878906,26000
2021-01-06,42.400001525878906,42.400001525878906,42.0,42.04999923706055,45000
2021-01-07,41.849998474121094,42.5,41.79999923706055,42.5,37000
2021-01-08,42.150001525878906,43.099998474121094,42.099998474121094,43.099998474121094,7000
2021-01-11,42.0,42.650001525878906,41.5,42.20000076293945,47000
2021-01-12,42.20000076293945,42.20000076293945,40.75,40.75,34000
2021-01-13,40.75,41.5,40.75,41.5,17000
2021-01-14,40.849998474121094,41.400001525878906,40.79999923706055,41.400001525878906,12000
2021-01-15,41.400001525878906,41.400001525878906,40.70000076293945,40.75,32000
2021-01-18,40.25,40.75,40.25,40.75,8000
2021-01-19,40.70000076293945,40.79999923706055,40.29999923706055,40.650001525878906,19000
2021-01-20,40.349998474121094,40.349998474121094,39.70000076293945,40.0,31000
2021-01-21,39.79999923706055,41.0,39.75,40.70000076293945,33000
2021-01-22,40.20000076293945,40.70000076293945,40.0,40.70000076293945,13000
2021-01-25,40.0,40.75,39.79999923706055,40.75,19000
2021-01-26,40.29999923706055,40.70000076293945,40.0,40.45000076293945,23000
2021-01-27,40.400001525878906,42.0,40.0,42.0,39000
2021-01-28,41.849998474121094,41.849998474121094,41.849998474121094,41.849998474121094,1000
2021-01-29,41.79999923706055,41.79999923706055,40.5,40.5,17000
2021-02-01,40.5,41.0,40.099998474121094,41.0,16000
2021-02-02,40.599998474121094,41.400001525878906,40.599998474121094,41.400001525878906,8000
2021-02-03,40.70000076293945,40.70000076293945,40.599998474121094,40.599998474121094,16000
2021-02-04,40.599998474121094,40.599998474121094,40.29999923706055,40.29999923706055,18000
2021-02-05,40.29999923706055,41.0,40.099998474121094,41.0,35000
2021-02-17,41.75,41.75,41.0,41.5,62000
2021-02-18,41.5,42.25,41.20000076293945,42.25,15000
2021-02-19,42.599998474121094,42.599998474121094,41.5,42.0,32000
2021-02-22,42.20000076293945,42.599998474121094,42.099998474121094,42.45000076293945,29000
2021-02-23,42.099998474121094,42.54999923706055,42.0,42.5,40000
2021-02-24,42.54999923706055,42.650001525878906,42.099998474121094,42.54999923706055,69000
2021-02-25,42.75,42.95000076293945,42.5,42.95000076293945,45000
2021-02-26,42.349998474121094,42.5,42.349998474121094,42.5,20000
2021-03-02,42.54999923706055,42.54999923706055,42.20000076293945,42.20000076293945,22000
2021-03-03,42.0,42.650001525878906,42.0,42.54999923706055,11000
2021-03-04,42.099998474121094,42.099998474121094,41.900001525878906,41.95000076293945,20000
2021-03-05,41.95000076293945,42.0,41.95000076293945,41.95000076293945,14000
2021-03-08,42.04999923706055,42.20000076293945,41.900001525878906,42.0,20000
2021-03-09,42.150001525878906,43.79999923706055,42.04999923706055,43.400001525878906,35000
2021-03-10,43.54999923706055,43.900001525878906,42.849998474121094,43.29999923706055,35000
2021-03-11,43.25,43.25,42.599998474121094,42.650001525878906,67000
2021-03-12,42.599998474121094,42.849998474121094,42.0,42.04999923706055,105000
2021-03-15,42.20000076293945,42.650001525878906,42.099998474121094,42.20000076293945,35000
2021-03-16,42.20000076293945,43.400001525878906,42.099998474121094,43.20000076293945,54000
2021-03-17,43.20000076293945,43.20000076293945,42.400001525878906,42.75,15000
2021-03-18,42.599998474121094,43.29999923706055,42.54999923706055,43.29999923706055,15000
2021-03-19,43.95000076293945,44.70000076293945,43.75,44.5,143000
2021-03-22,45.900001525878906,48.95000076293945,45.29999923706055,48.95000076293945,485000
2021-03-23,50.400001525878906,51.79999923706055,48.0,48.150001525878906,300000
2021-03-24,48.04999923706055,49.0,47.900001525878906,47.900001525878906,58000
2021-03-25,47.5,47.5,46.45000076293945,46.70000076293945,71000
2021-03-26,46.04999923706055,49.20000076293945,45.099998474121094,48.900001525878906,226000
2021-03-29,49.0,49.099998474121094,47.650001525878906,47.70000076293945,101000
2021-03-30,47.70000076293945,49.0,47.650001525878906,48.5,76000
2021-03-31,48.0,48.5,48.0,48.0,32000
2021-04-01,48.0,48.849998474121094,47.95000076293945,48.54999923706055,55000
2021-04-07,49.95000076293945,49.95000076293945,49.650001525878906,49.79999923706055,35000
2021-04-08,50.099998474121094,50.20000076293945,49.150001525878906,49.400001525878906,50000
2021-04-09,50.099998474121094,50.29999923706055,48.20000076293945,48.900001525878906,97000
2021-04-12,48.900001525878906,48.900001525878906,47.150001525878906,47.349998474121094,112000
2021-04-13,47.349998474121094,48.79999923706055,47.349998474121094,47.70000076293945,418000
2021-04-14,47.5,47.54999923706055,46.79999923706055,46.900001525878906,50000
2021-04-15,47.0,47.45000076293945,46.900001525878906,47.150001525878906,19000
2021-04-16,47.0,47.349998474121094,47.0,47.150001525878906,6000
2021-04-19,47.25,47.70000076293945,46.29999923706055,46.849998474121094,36000
2021-04-20,46.75,47.349998474121094,46.75,47.150001525878906,35000
2021-04-21,47.0,47.29999923706055,46.900001525878906,47.0,31000
2021-04-22,47.0,47.0,46.45000076293945,46.45000076293945,48000
2021-04-23,46.45000076293945,47.150001525878906,45.20000076293945,46.45000076293945,65000
2021-04-26,46.45000076293945,47.04999923706055,46.04999923706055,46.20000076293945,33000
2021-04-27,46.20000076293945,46.20000076293945,46.20000076293945,46.20000076293945,4000
2021-04-28,46.099998474121094,46.79999923706055,46.04999923706055,46.04999923706055,14000
2021-04-29,46.0,46.0,45.650001525878906,45.75,48000
2021-05-03,45.29999923706055,45.29999923706055,44.349998474121094,44.349998474121094,47000
2021-05-04,44.349998474121094,44.349998474121094,42.099998474121094,42.650001525878906,29000
2021-05-05,43.5,43.5,43.0,45.0,7000
2021-05-06,42.5,43.70000076293945,42.400001525878906,43.0,73000
2021-05-07,43.04999923706055,43.79999923706055,43.04999923706055,46.0,10000
2021-05-10,43.099998474121094,43.54999923706055,43.099998474121094,43.400001525878906,32000
2021-05-11,43.29999923706055,43.29999923706055,41.70000076293945,41.70000076293945,49000
2021-05-12,41.29999923706055,41.29999923706055,38.900001525878906,39.29999923706055,56000
2021-05-13,40.0,40.0,38.0,39.400001525878906,26000
2021-05-14,39.20000076293945,40.70000076293945,38.599998474121094,38.650001525878906,51000
2021-05-17,38.04999923706055,38.04999923706055,36.5,37.400001525878906,39000
2021-05-18,39.150001525878906,39.150001525878906,37.0,38.5,53000
2021-05-19,38.5,38.900001525878906,38.0,38.900001525878906,13000
2021-05-20,38.900001525878906,38.900001525878906,38.900001525878906,38.900001525878906,1000
2021-05-21,39.5,39.599998474121094,39.45000076293945,39.599998474121094,30000
2021-05-24,39.599998474121094,39.599998474121094,39.599998474121094,39.599998474121094,26000
2021-05-25,39.599998474121094,41.0,39.599998474121094,40.0,47000
2021-05-26,39.75,40.0,39.599998474121094,39.599998474121094,23000
2021-05-27,39.70000076293945,39.900001525878906,39.70000076293945,39.849998474121094,7000
2021-05-28,40.54999923706055,42.0,40.5,41.900001525878906,49000
2021-05-31,42.0,42.0,41.20000076293945,41.20000076293945,5000
2021-06-01,41.099998474121094,41.20000076293945,41.099998474121094,41.20000076293945,5000
2021-06-02,41.20000076293945,41.20000076293945,40.70000076293945,40.900001525878906,14000
2021-06-03,41.0,41.25,40.95000076293945,41.25,10000
2021-06-04,41.099998474121094,41.099998474121094,40.349998474121094,41.0,15000
2021-06-07,41.0,41.95000076293945,40.54999923706055,40.75,15000
2021-06-08,40.75,41.04999923706055,40.650001525878906,40.650001525878906,26000
2021-06-09,40.650001525878906,40.650001525878906,39.5,40.650001525878906,36000
2021-06-10,41.45000076293945,41.45000076293945,41.099998474121094,41.349998474121094,43000
2021-06-11,41.75,41.75,41.0,41.70000076293945,17000
2021-06-15,41.04999923706055,41.70000076293945,41.04999923706055,41.70000076293945,10000
2021-06-16,41.79999923706055,41.79999923706055,41.04999923706055,41.79999923706055,22000
2021-06-17,41.95000076293945,42.650001525878906,41.95000076293945,42.400001525878906,10000
2021-06-18,42.849998474121094,44.20000076293945,42.54999923706055,43.400001525878906,45000
2021-06-21,42.95000076293945,45.150001525878906,42.95000076293945,45.099998474121094,125000
2021-06-22,45.0,45.099998474121094,44.400001525878906,44.849998474121094,18000
2021-06-23,44.849998474121094,45.349998474121094,44.150001525878906,44.79999923706055,31000
2021-06-24,45.45000076293945,45.45000076293945,44.400001525878906,44.79999923706055,9000
2021-06-25,45.349998474121094,45.349998474121094,42.45000076293945,43.29999923706055,61000
2021-06-28,43.5,43.5,42.150001525878906,42.650001525878906,57000
2021-06-29,42.29999923706055,42.400001525878906,42.20000076293945,42.400001525878906,23000
2021-06-30,42.400001525878906,42.400001525878906,42.0,42.400001525878906,42000
2021-07-01,42.5,43.0,42.400001525878906,42.5,29000
2021-07-02,43.099998474121094,43.099998474121094,42.599998474121094,42.599998474121094,8000
2021-07-05,42.099998474121094,42.650001525878906,42.099998474121094,42.650001525878906,17000
2021-07-06,42.5,42.79999923706055,42.25,42.79999923706055,26000
2021-07-07,42.5,42.79999923706055,42.5,42.650001525878906,14000
2021-07-08,42.599998474121094,42.599998474121094,42.20000076293945,42.400001525878906,13000
2021-07-09,42.20000076293945,42.95000076293945,42.0,42.70000076293945,22000
2021-07-12,42.70000076293945,42.900001525878906,42.54999923706055,42.849998474121094,31000
2021-07-13,43.349998474121094,43.70000076293945,42.900001525878906,42.900001525878906,44000
2021-07-14,42.900001525878906,43.70000076293945,42.900001525878906,43.0,54000
2021-07-15,43.79999923706055,43.79999923706055,43.04999923706055,43.650001525878906,27000
2021-07-16,43.900001525878906,43.900001525878906,43.29999923706055,43.900001525878906,32000
2021-07-19,44.79999923706055,47.900001525878906,44.29999923706055,46.79999923706055,241000
2021-07-20,45.150001525878906,46.29999923706055,45.150001525878906,45.79999923706055,86000
2021-07-21,45.54999923706055,45.54999923706055,44.79999923706055,44.79999923706055,64000
2021-07-22,45.5,45.5,44.599998474121094,44.70000076293945,36000
2021-07-23,45.400001525878906,45.400001525878906,44.79999923706055,45.29999923706055,12000
2021-07-26,45.29999923706055,45.5,45.0,45.400001525878906,24000
2021-07-27,45.70000076293945,45.79999923706055,44.20000076293945,44.54999923706055,49000
2021-07-28,44.0,44.900001525878906,43.20000076293945,43.79999923706055,38000
2021-07-29,44.150001525878906,44.25,44.099998474121094,44.099998474121094,14000
2021-07-30,44.95000076293945,44.95000076293945,44.099998474121094,44.099998474121094,13000
2021-08-02,44.0,45.400001525878906,43.79999923706055,44.29999923706055,13000
2021-08-03,44.900001525878906,44.900001525878906,44.29999923706055,44.29999923706055,7000
2021-08-04,44.75,44.75,44.099998474121094,44.650001525878906,13000
2021-08-05,44.95000076293945,44.95000076293945,44.5,44.5,14000
2021-08-06,44.5,44.5,43.599998474121094,44.20000076293945,39000
2021-08-09,42.5,42.5,41.45000076293945,41.849998474121094,143000
2021-08-10,40.0,41.29999923706055,40.0,40.150001525878906,45000
2021-08-11,41.099998474121094,41.45000076293945,38.599998474121094,39.70000076293945,43000
2021-08-12,41.0,41.0,40.29999923706055,40.75,13000
2021-08-13,40.5,40.650001525878906,39.849998474121094,40.54999923706055,32000
2021-08-16,39.5,39.900001525878906,39.5,39.70000076293945,12000
2021-08-17,39.70000076293945,39.70000076293945,39.70000076293945,39.70000076293945,1000
2021-08-18,39.599998474121094,39.599998474121094,39.29999923706055,39.45000076293945,18000
2021-08-19,39.45000076293945,39.45000076293945,39.45000076293945,39.45000076293945,1000
2021-08-20,39.45000076293945,39.45000076293945,39.45000076293945,39.45000076293945,1000
2021-08-23,38.79999923706055,40.0,38.79999923706055,39.900001525878906,13000
2021-08-24,40.0,40.0,40.0,40.0,1000
2021-08-25,40.5,40.5,39.900001525878906,39.900001525878906,5000
2021-08-26,40.400001525878906,40.45000076293945,39.54999923706055,39.900001525878906,13000
2021-08-27,39.20000076293945,39.650001525878906,39.20000076293945,39.349998474121094,33000
2021-08-30,39.0,39.75,38.95000076293945,39.75,12000
2021-08-31,39.599998474121094,39.599998474121094,39.099998474121094,39.20000076293945,10000
2021-09-01,39.099998474121094,39.099998474121094,38.75,39.04999923706055,7000
2021-09-02,39.0,39.099998474121094,38.849998474121094,39.04999923706055,8000
2021-09-03,39.099998474121094,39.099998474121094,38.95000076293945,39.099998474121094,5000
2021-09-06,38.95000076293945,39.29999923706055,38.599998474121094,38.70000076293945,27000
2021-09-07,38.70000076293945,39.0,38.599998474121094,39.0,5000
2021-09-08,39.0,39.0,39.0,39.0,13000
2021-09-09,39.5,39.5,39.5,39.5,2000
2021-09-10,42.0,42.5,41.04999923706055,41.099998474121094,114000
2021-09-13,40.45000076293945,41.70000076293945,40.45000076293945,40.79999923706055,25000
2021-09-14,41.5,41.5,41.0,41.099998474121094,20000
2021-09-15,40.45000076293945,41.849998474121094,40.45000076293945,40.95000076293945,41000
2021-09-16,40.95000076293945,40.95000076293945,40.95000076293945,40.95000076293945,0
2021-09-17,41.5,42.0,40.70000076293945,40.70000076293945,30000
2021-09-22,40.70000076293945,40.70000076293945,40.70000076293945,40.70000076293945,0
2021-09-23,40.5,40.5,40.099998474121094,40.5,13000
2021-09-24,40.29999923706055,40.5,40.25,40.5,6000
2021-09-27,40.599998474121094,40.599998474121094,40.599998474121094,40.599998474121094,4000
2021-09-28,40.650001525878906,41.45000076293945,40.650001525878906,41.45000076293945,12000
2021-09-29,40.650001525878906,41.099998474121094,40.650001525878906,41.099998474121094,6000
2021-09-30,41.0,41.400001525878906,41.0,41.400001525878906,12000
2021-10-01,40.79999923706055,40.79999923706055,40.599998474121094,40.75,13000
2021-10-04,40.79999923706055,40.79999923706055,40.599998474121094,41.5,11000
2021-10-05,41.5,41.5,41.5,41.5,0
2021-10-06,40.95000076293945,40.95000076293945,40.95000076293945,41.54999923706055,4000
2021-10-07,41.0,41.45000076293945,41.0,41.5,17000
2021-10-08,41.0,41.0,41.0,41.0,4000
2021-10-12,40.29999923706055,40.5,39.29999923706055,40.20000076293945,14000
2021-10-13,39.79999923706055,40.04999923706055,39.599998474121094,40.04999923706055,15000
2021-10-14,40.650001525878906,40.650001525878906,39.849998474121094,39.849998474121094,4000
2021-10-15,39.900001525878906,40.400001525878906,39.75,40.400001525878906,6000
2021-10-18,40.400001525878906,40.400001525878906,40.400001525878906,40.400001525878906,0
2021-10-19,40.400001525878906,40.400001525878906,39.900001525878906,40.20000076293945,4000
2021-10-20,39.70000076293945,40.0,39.70000076293945,40.0,13000
2021-10-21,39.79999923706055,40.0,39.54999923706055,39.95000076293945,15000
2021-10-22,39.95000076293945,39.95000076293945,39.95000076293945,39.95000076293945,0
2021-10-25,40.5,40.5,40.5,40.5,1000
2021-10-26,40.5,40.5,39.79999923706055,40.29999923706055,13000
2021-10-27,40.29999923706055,40.29999923706055,40.0,40.0,2000
2021-10-28,40.099998474121094,40.400001525878906,40.099998474121094,40.400001525878906,3000
2021-10-29,40.400001525878906,40.400001525878906,40.400001525878906,40.5,2000
2021-11-01,39.95000076293945,40.04999923706055,39.900001525878906,40.04999923706055,10000
2021-11-02,40.0,41.400001525878906,40.0,40.29999923706055,18000
2021-11-03,40.29999923706055,40.29999923706055,40.29999923706055,40.29999923706055,0
2021-11-04,40.54999923706055,40.54999923706055,40.45000076293945,40.45000076293945,7000
2021-11-05,40.599998474121094,40.599998474121094,40.45000076293945,40.599998474121094,13000
2021-11-08,40.5,40.5,40.25,40.25,3000
2021-11-09,40.5,40.95000076293945,40.5,40.95000076293945,22000
2021-11-10,40.70000076293945,40.900001525878906,40.70000076293945,40.900001525878906,2000
2021-11-11,41.0,42.5,41.0,41.95000076293945,69000
2021-11-12,41.900001525878906,42.0,41.75,42.95000076293945,31000
2021-11-15,42.29999923706055,43.45000076293945,42.29999923706055,43.0,55000
2021-11-16,43.0,43.099998474121094,42.95000076293945,42.95000076293945,5000
2021-11-17,43.04999923706055,43.099998474121094,42.099998474121094,42.599998474121094,18000
2021-11-18,43.0,43.20000076293945,42.849998474121094,43.20000076293945,11000
2021-11-19,43.150001525878906,43.150001525878906,43.04999923706055,42.79999923706055,5000
2021-11-22,42.0,42.599998474121094,42.0,42.599998474121094,2000
2021-11-23,42.599998474121094,42.599998474121094,42.599998474121094,42.599998474121094,0
2021-11-24,42.099998474121094,42.599998474121094,41.75,41.79999923706055,29000
2021-11-25,41.79999923706055,42.400001525878906,41.599998474121094,42.400001525878906,8000
2021-11-26,41.95000076293945,41.95000076293945,41.29999923706055,41.79999923706055,8000
2021-11-29,41.5,41.5,41.150001525878906,41.29999923706055,16000
2021-11-30,41.29999923706055,41.29999923706055,41.29999923706055,41.29999923706055,0
2021-12-01,41.25,41.29999923706055,41.099998474121094,41.099998474121094,13000
2021-12-02,41.099998474121094,41.150001525878906,40.95000076293945,40.95000076293945,16000
2021-12-03,41.79999923706055,41.79999923706055,41.79999923706055,41.79999923706055,1000
2021-12-06,41.29999923706055,42.5,41.099998474121094,42.400001525878906,15000
2021-12-07,42.349998474121094,42.349998474121094,42.04999923706055,42.099998474121094,4000
2021-12-08,42.54999923706055,42.599998474121094,42.29999923706055,42.54999923706055,31000
2021-12-09,42.5,42.5,42.0,42.0,11000
2021-12-10,42.349998474121094,43.099998474121094,42.349998474121094,43.0,40000
2021-12-13,43.20000076293945,43.20000076293945,42.650001525878906,43.20000076293945,32000
2021-12-14,43.20000076293945,43.20000076293945,42.79999923706055,42.79999923706055,3000
2021-12-15,43.75,43.75,42.79999923706055,43.150001525878906,13000
2021-12-16,43.70000076293945,43.70000076293945,42.75,42.75,10000
2021-12-17,42.70000076293945,43.400001525878906,42.20000076293945,42.5,15000
2021-12-20,42.5,42.5,42.5,42.5,5000
2021-12-21,42.54999923706055,43.099998474121094,42.54999923706055,43.099998474121094,11000
2021-12-22,43.29999923706055,44.20000076293945,43.29999923706055,43.599998474121094,81000
2021-12-23,43.599998474121094,44.400001525878906,43.599998474121094,44.25,22000
2021-12-24,44.54999923706055,45.349998474121094,44.099998474121094,44.349998474121094,91000
2021-12-27,44.75,44.75,44.099998474121094,44.349998474121094,8000
2021-12-28,43.400001525878906,45.0,43.29999923706055,44.20000076293945,34000
2021-12-29,43.599998474121094,44.150001525878906,43.599998474121094,44.150001525878906,3000
2021-12-30,43.599998474121094,44.150001525878906,43.599998474121094,43.75,9000
2022-01-03,43.70000076293945,43.70000076293945,43.20000076293945,43.29999923706055,6000
2022-01-04,43.29999923706055,43.70000076293945,42.650001525878906,43.70000076293945,28000
2022-01-05,42.20000076293945,43.25,42.20000076293945,42.75,37000
2022-01-06,42.29999923706055,42.75,42.29999923706055,42.5,7000
2022-01-07,42.5,43.04999923706055,42.099998474121094,42.29999923706055,32000
2022-01-10,46.5,46.5,46.400001525878906,46.5,158000
2022-01-11,50.900001525878906,51.099998474121094,48.20000076293945,48.349998474121094,989000
2022-01-12,47.79999923706055,48.5,46.650001525878906,47.650001525878906,220000
2022-01-13,47.650001525878906,47.650001525878906,46.650001525878906,47.5,62000
2022-01-14,47.0,47.0,45.599998474121094,46.20000076293945,104000
2022-01-17,46.20000076293945,46.70000076293945,46.20000076293945,46.25,17000
2022-01-18,45.599998474121094,46.29999923706055,45.5,46.0,33000
2022-01-19,45.75,45.95000076293945,45.5,45.75,52000
2022-01-20,45.75,47.29999923706055,45.0,47.29999923706055,51000
2022-01-21,46.25,46.70000076293945,45.95000076293945,45.95000076293945,41000
2022-01-24,45.04999923706055,45.900001525878906,44.900001525878906,45.900001525878906,27000
2022-01-25,45.20000076293945,45.400001525878906,45.20000076293945,45.349998474121094,25000
2022-01-26,45.349998474121094,45.400001525878906,45.29999923706055,45.29999923706055,10000
2022-02-07,45.0,45.75,44.75,45.29999923706055,44000
2022-02-08,45.0,45.20000076293945,44.849998474121094,45.20000076293945,15000
2022-02-09,45.0,45.150001525878906,45.0,45.95000076293945,20000
2022-02-10,45.04999923706055,47.0,45.0,46.70000076293945,49000
2022-02-11,46.0,46.900001525878906,46.0,46.20000076293945,28000
2022-02-14,46.70000076293945,46.70000076293945,46.099998474121094,46.099998474121094,5000
2022-02-15,44.29999923706055,44.79999923706055,43.900001525878906,44.150001525878906,189000
2022-02-16,43.79999923706055,44.650001525878906,43.79999923706055,44.400001525878906,47000
2022-02-17,44.650001525878906,44.650001525878906,44.099998474121094,44.400001525878906,36000
2022-02-18,44.20000076293945,44.900001525878906,43.599998474121094,44.04999923706055,35000
2022-02-21,43.79999923706055,44.599998474121094,43.75,44.29999923706055,14000
2022-02-22,44.29999923706055,44.29999923706055,43.79999923706055,44.29999923706055,12000
2022-02-23,44.5,44.5,44.04999923706055,44.25,6000
2022-02-24,44.25,44.25,43.349998474121094,43.54999923706055,33000
2022-02-25,43.54999923706055,44.400001525878906,43.45000076293945,43.5,8000
2022-03-01,43.599998474121094,44.349998474121094,43.599998474121094,44.25,7000
2022-03-02,44.5,44.5,44.5,48.599998474121094,2000
2022-03-03,44.349998474121094,44.349998474121094,44.25,44.25,3000
2022-03-04,43.75,44.45000076293945,43.75,43.95000076293945,4000
2022-03-07,43.95000076293945,43.95000076293945,43.04999923706055,43.04999923706055,20000
2022-03-08,43.349998474121094,43.75,42.54999923706055,43.70000076293945,12000
2022-03-09,43.70000076293945,44.20000076293945,43.70000076293945,44.20000076293945,6000
2022-03-10,43.95000076293945,45.29999923706055,43.95000076293945,45.0,66000
2022-03-11,45.0,45.099998474121094,44.099998474121094,45.0,19000
2022-03-14,43.70000076293945,44.45000076293945,43.54999923706055,44.45000076293945,7000
2022-03-15,45.099998474121094,45.099998474121094,44.099998474121094,44.099998474121094,3000
2022-03-16,44.099998474121094,44.099998474121094,43.900001525878906,44.0,31000
2022-03-17,44.20000076293945,44.400001525878906,44.04999923706055,44.349998474121094,14000
2022-03-18,44.20000076293945,44.599998474121094,44.20000076293945,44.400001525878906,11000
2022-03-21,44.599998474121094,44.900001525878906,44.599998474121094,44.900001525878906,14000
2022-03-22,44.900001525878906,45.20000076293945,44.900001525878906,45.150001525878906,28000
2022-03-23,45.20000076293945,45.5,45.20000076293945,45.25,19000
2022-03-24,45.20000076293945,45.20000076293945,44.5,44.75,28000
2022-03-25,44.70000076293945,45.150001525878906,44.599998474121094,44.95000076293945,14000
2022-03-28,44.0,44.650001525878906,43.79999923706055,44.650001525878906,8000
2022-03-29,44.599998474121094,45.0,44.5,44.79999923706055,19000
2022-03-30,44.79999923706055,45.150001525878906,44.599998474121094,44.75,64000
2022-03-31,44.54999923706055,44.599998474121094,44.54999923706055,44.599998474121094,9000
2022-04-01,45.29999923706055,45.349998474121094,44.70000076293945,44.79999923706055,18000
2022-04-06,44.79999923706055,44.79999923706055,44.70000076293945,44.70000076293945,7000
2022-04-07,44.70000076293945,44.79999923706055,44.70000076293945,44.70000076293945,9000
2022-04-08,44.29999923706055,44.900001525878906,44.29999923706055,44.75,13000
2022-04-11,44.79999923706055,44.79999923706055,44.54999923706055,44.650001525878906,34000
2022-04-12,44.599998474121094,44.75,44.54999923706055,44.650001525878906,25000
2022-04-13,44.79999923706055,45.04999923706055,44.70000076293945,45.04999923706055,15000
2022-04-14,45.04999923706055,45.04999923706055,44.650001525878906,44.70000076293945,19000
2022-04-15,44.70000076293945,44.95000076293945,44.599998474121094,44.849998474121094,16000
2022-04-18,44.79999923706055,45.04999923706055,44.599998474121094,44.849998474121094,22000
2022-04-19,44.150001525878906,45.0,44.150001525878906,44.599998474121094,14000
2022-04-20,44.75,44.75,44.45000076293945,44.599998474121094,21000
2022-04-21,44.29999923706055,45.0,44.29999923706055,44.650001525878906,60000
2022-04-22,44.20000076293945,44.5,44.20000076293945,44.25,19000
2022-04-25,44.25,44.25,43.5,43.650001525878906,19000
2022-04-26,43.5,43.599998474121094,43.400001525878906,43.45000076293945,18000
2022-04-27,42.0,42.95000076293945,42.0,42.70000076293945,17000
2022-04-28,42.5,44.0,42.5,42.79999923706055,51000
2022-04-29,42.70000076293945,43.400001525878906,42.70000076293945,42.75,24000
2022-05-03,42.75,43.0,42.599998474121094,42.79999923706055,15000
2022-05-04,42.70000076293945,43.349998474121094,42.70000076293945,43.0,11000
2022-05-05,43.0,43.400001525878906,43.0,43.400001525878906,14000
2022-05-06,43.099998474121094,43.099998474121094,42.5,42.79999923706055,11000
2022-05-09,44.349998474121094,44.5,43.25,43.25,62000
2022-05-10,43.25,45.400001525878906,42.400001525878906,44.150001525878906,41000
2022-05-11,45.20000076293945,48.54999923706055,44.349998474121094,48.54999923706055,435000
2022-05-12,49.0,49.45000076293945,47.20000076293945,47.849998474121094,380000
2022-05-13,48.0,51.0,47.79999923706055,49.54999923706055,188000
2022-05-16,50.70000076293945,50.70000076293945,49.099998474121094,49.79999923706055,108000
2022-05-17,50.0,50.20000076293945,49.150001525878906,49.349998474121094,119000
2022-05-18,49.79999923706055,50.400001525878906,49.20000076293945,49.29999923706055,67000
2022-05-19,48.5,48.849998474121094,48.04999923706055,48.599998474121094,53000
2022-05-20,48.29999923706055,48.5,48.0,48.29999923706055,31000
2022-05-23,48.75,48.75,47.5,48.0,39000
2022-05-24,48.5,50.79999923706055,48.25,49.79999923706055,157000
2022-05-25,50.29999923706055,50.599998474121094,49.0,49.79999923706055,62000
2022-05-26,49.79999923706055,50.0,49.29999923706055,49.75,25000
2022-05-27,50.0,54.29999923706055,50.0,51.20000076293945,794000
2022-05-30,51.79999923706055,52.20000076293945,51.400001525878906,51.79999923706055,195000
2022-05-31,53.0,56.70000076293945,53.0,56.70000076293945,1134000
2022-06-01,56.20000076293945,58.400001525878906,54.79999923706055,56.400001525878906,1116000
2022-06-02,56.29999923706055,57.70000076293945,55.900001525878906,56.20000076293945,227000
2022-06-06,56.900001525878906,57.400001525878906,54.0,54.0,387000
2022-06-07,54.20000076293945,55.0,53.79999923706055,54.70000076293945,57000
2022-06-08,55.099998474121094,55.099998474121094,53.5,53.5,97000
2022-06-09,53.400001525878906,53.79999923706055,52.29999923706055,53.29999923706055,97000
2022-06-10,53.599998474121094,55.900001525878906,53.5,54.29999923706055,304000
2022-06-13,53.5,56.0,53.5,55.70000076293945,222000
2022-06-14,55.70000076293945,55.79999923706055,53.0,53.5,195000
2022-06-15,53.70000076293945,55.0,53.70000076293945,54.70000076293945,103000
2022-06-16,55.0,55.20000076293945,52.70000076293945,53.20000076293945,116000
2022-06-17,53.20000076293945,53.29999923706055,52.20000076293945,53.0,76000
2022-06-20,52.70000076293945,52.70000076293945,48.29999923706055,49.900001525878906,175000
2022-06-21,50.0,50.0,47.95000076293945,49.70000076293945,209000
2022-06-22,50.0,50.5,49.04999923706055,49.04999923706055,77000
2022-06-23,49.29999923706055,51.0,49.150001525878906,50.70000076293945,163000
2022-06-24,51.0,51.20000076293945,50.70000076293945,50.900001525878906,34000
2022-06-27,51.599998474121094,51.70000076293945,50.79999923706055,50.79999923706055,59000
2022-06-28,50.79999923706055,50.900001525878906,50.599998474121094,50.599998474121094,23000
2022-06-29,50.20000076293945,50.70000076293945,49.29999923706055,50.70000076293945,72000
2022-06-30,50.70000076293945,50.70000076293945,50.0,50.400001525878906,58000
2022-07-01,50.29999923706055,51.79999923706055,50.29999923706055,50.79999923706055,112000
2022-07-04,51.099998474121094,51.099998474121094,49.900001525878906,50.79999923706055,55000
2022-07-05,50.79999923706055,52.0,50.599998474121094,52.0,115000
2022-07-06,52.0,52.0,51.29999923706055,52.0,66000
2022-07-07,52.5,53.5,51.599998474121094,53.0,137000
2022-07-08,53.099998474121094,54.79999923706055,52.599998474121094,53.79999923706055,236000
2022-07-11,57.0,57.900001525878906,54.400001525878906,55.70000076293945,558000
2022-07-12,54.0,54.5,52.099998474121094,52.099998474121094,152000
2022-07-13,52.599998474121094,53.70000076293945,52.599998474121094,53.599998474121094,121000
2022-07-14,53.900001525878906,53.900001525878906,53.0,53.599998474121094,92000
2022-07-15,53.900001525878906,54.0,53.20000076293945,53.5,60000
2022-07-18,54.0,58.79999923706055,54.0,58.400001525878906,694000
2022-07-19,58.70000076293945,58.79999923706055,55.70000076293945,56.79999923706055,380000
2022-07-20,57.29999923706055,58.0,56.400001525878906,56.79999923706055,139000
2022-07-21,57.29999923706055,62.400001525878906,57.29999923706055,62.400001525878906,1419000
2022-07-22,62.29999923706055,64.4000015258789,60.20000076293945,60.79999923706055,937000
2022-07-25,60.70000076293945,66.80000305175781,60.400001525878906,66.80000305175781,1473000
2022-07-26,66.5,66.69999694824219,63.70000076293945,65.19999694824219,944000
2022-07-27,65.0,66.69999694824219,64.30000305175781,64.80000305175781,448000
2022-07-28,66.19999694824219,68.4000015258789,62.20000076293945,62.5,660000
2022-07-29,62.900001525878906,63.79999923706055,61.599998474121094,62.79999923706055,413000
2022-08-01,63.0,65.0999984741211,62.099998474121094,64.4000015258789,198000
2022-08-02,64.0999984741211,65.0999984741211,62.5,63.400001525878906,181000
2022-08-03,63.79999923706055,64.0,62.099998474121094,62.79999923706055,138000
2022-08-04,62.79999923706055,65.0999984741211,62.5,64.5999984741211,152000
2022-08-05,65.0999984741211,66.5,64.5,66.4000015258789,288000
2022-08-08,69.30000305175781,70.4000015258789,64.69999694824219,65.0999984741211,779000
2022-08-09,65.0,65.0,62.599998474121094,62.900001525878906,350000
2022-08-10,64.0,65.5,63.099998474121094,64.30000305175781,274000
2022-08-11,64.0,65.5,63.599998474121094,64.19999694824219,239000
2022-08-12,64.5,70.5999984741211,64.19999694824219,70.5,1109000
2022-08-15,69.5999984741211,69.5999984741211,63.79999923706055,65.0999984741211,889000
2022-08-16,65.4000015258789,66.5,64.4000015258789,65.19999694824219,293000
2022-08-17,65.0999984741211,65.5,64.69999694824219,64.9000015258789,138000
2022-08-18,65.0,65.80000305175781,64.69999694824219,64.9000015258789,102000
2022-08-19,65.4000015258789,65.80000305175781,64.80000305175781,65.80000305175781,118000
2022-08-22,65.80000305175781,65.80000305175781,62.900001525878906,62.900001525878906,214000
2022-08-23,63.0,63.79999923706055,62.099998474121094,63.79999923706055,117000
2022-08-24,63.79999923706055,65.30000305175781,63.79999923706055,65.0,96000
2022-08-25,65.30000305175781,67.9000015258789,65.0999984741211,66.5,320000
2022-08-26,66.69999694824219,68.4000015258789,66.0,67.30000305175781,245000
2022-08-29,65.0999984741211,65.19999694824219,63.70000076293945,63.900001525878906,212000
2022-08-30,64.4000015258789,64.9000015258789,63.70000076293945,64.0999984741211,87000
2022-08-31,64.0999984741211,68.0999984741211,64.0,67.0,350000
2022-09-01,65.69999694824219,66.80000305175781,65.4000015258789,66.4000015258789,196000
2022-09-02,66.69999694824219,68.19999694824219,66.4000015258789,66.69999694824219,242000
2022-09-05,68.0999984741211,68.0999984741211,61.599998474121094,62.79999923706055,369000
2022-09-06,62.29999923706055,63.20000076293945,60.400001525878906,61.599998474121094,238000
2022-09-07,61.70000076293945,61.900001525878906,60.400001525878906,61.900001525878906,84000
2022-09-08,62.79999923706055,63.599998474121094,62.20000076293945,63.599998474121094,82000
2022-09-12,62.5,63.099998474121094,61.5,62.5,216000
2022-09-13,62.20000076293945,63.20000076293945,62.099998474121094,62.5,92000
2022-09-14,60.70000076293945,63.0,60.70000076293945,62.79999923706055,46000
2022-09-15,62.599998474121094,63.400001525878906,62.0,62.099998474121094,61000
2022-09-16,62.400001525878906,62.400001525878906,61.5,61.900001525878906,115000
2022-09-19,61.900001525878906,62.0,61.099998474121094,61.79999923706055,44000
2022-09-20,61.70000076293945,62.20000076293945,61.70000076293945,62.20000076293945,16000
2022-09-21,61.79999923706055,62.099998474121094,61.29999923706055,61.79999923706055,70000
2022-09-22,61.29999923706055,62.599998474121094,61.0,62.400001525878906,83000
2022-09-23,61.900001525878906,62.0,59.5,60.29999923706055,144000
2022-09-26,59.599998474121094,59.599998474121094,55.900001525878906,56.29999923706055,226000
2022-09-27,56.20000076293945,56.599998474121094,55.099998474121094,56.20000076293945,127000
2022-09-28,56.400001525878906,56.400001525878906,52.79999923706055,53.599998474121094,151000
2022-09-29,54.099998474121094,55.5,54.0,54.599998474121094,87000
2022-09-30,54.099998474121094,55.70000076293945,53.400001525878906,55.70000076293945,57000
2022-10-03,55.20000076293945,56.29999923706055,55.099998474121094,56.29999923706055,39000
2022-10-04,57.0,57.0,56.5,56.900001525878906,27000
2022-10-05,57.099998474121094,57.099998474121094,56.20000076293945,56.29999923706055,33000
2022-10-06,56.099998474121094,56.099998474121094,55.900001525878906,56.099998474121094,13000
2022-10-07,56.099998474121094,56.099998474121094,54.900001525878906,55.099998474121094,29000
2022-10-11,52.5,53.0,50.0,50.29999923706055,205000
2022-10-12,49.599998474121094,50.0,49.29999923706055,49.79999923706055,57000
2022-10-13,50.099998474121094,50.099998474121094,46.04999923706055,46.04999923706055,239000
2022-10-14,47.29999923706055,48.849998474121094,47.29999923706055,48.25,92000
2022-10-17,47.79999923706055,48.75,47.099998474121094,48.5,54000
2022-10-18,48.5,48.79999923706055,47.849998474121094,48.150001525878906,42000
2022-10-19,48.20000076293945,48.599998474121094,47.29999923706055,47.599998474121094,57000
2022-10-20,47.150001525878906,47.150001525878906,45.5,46.70000076293945,192000
2022-10-21,46.70000076293945,46.70000076293945,45.849998474121094,46.5,30000
2022-10-24,46.900001525878906,47.70000076293945,46.54999923706055,46.70000076293945,26000
2022-10-25,46.349998474121094,46.900001525878906,46.150001525878906,46.900001525878906,68000
2022-10-26,47.5,47.5,46.29999923706055,47.20000076293945,38000
2022-10-27,47.5,47.900001525878906,46.849998474121094,47.75,36000
2022-10-28,47.599998474121094,47.599998474121094,47.0,47.45000076293945,45000
2022-10-31,47.79999923706055,48.70000076293945,47.5,48.400001525878906,74000
2022-11-01,48.04999923706055,49.29999923706055,48.04999923706055,48.900001525878906,70000
2022-11-02,49.29999923706055,51.400001525878906,49.29999923706055,50.79999923706055,71000
2022-11-03,50.099998474121094,50.900001525878906,50.0,50.900001525878906,43000
2022-11-04,50.900001525878906,54.900001525878906,50.900001525878906,54.099998474121094,174000
2022-11-07,54.099998474121094,54.599998474121094,53.5,54.29999923706055,97000
2022-11-08,54.5,54.599998474121094,53.79999923706055,54.29999923706055,52000
2022-11-09,54.29999923706055,54.79999923706055,54.0,54.79999923706055,43000
2022-11-10,54.5,55.599998474121094,54.29999923706055,55.400001525878906,36000
2022-11-11,60.900001525878906,60.900001525878906,57.900001525878906,59.900001525878906,1713000
2022-11-14,60.70000076293945,60.900001525878906,59.5,60.20000076293945,443000
2022-11-15,60.79999923706055,60.79999923706055,58.70000076293945,60.29999923706055,203000
2022-11-16,60.5,61.20000076293945,59.79999923706055,60.099998474121094,244000
2022-11-17,60.70000076293945,63.099998474121094,60.0,63.099998474121094,299000
2022-11-18,65.5999984741211,66.0999984741211,64.4000015258789,65.69999694824219,742000
2022-11-21,65.80000305175781,65.80000305175781,62.70000076293945,63.0,360000
2022-11-22,63.099998474121094,63.099998474121094,60.79999923706055,61.29999923706055,273000
2022-11-23,62.099998474121094,62.5,61.400001525878906,61.599998474121094,85000
2022-11-24,62.5,64.0,61.900001525878906,62.5,159000
2022-11-25,63.20000076293945,63.20000076293945,61.29999923706055,62.0,119000
2022-11-28,62.0,63.79999923706055,61.599998474121094,62.400001525878906,134000
2022-11-29,63.099998474121094,63.099998474121094,61.599998474121094,62.70000076293945,181000
2022-11-30,62.900001525878906,68.9000015258789,62.900001525878906,68.9000015258789,1245000
2022-12-01,69.5,70.4000015258789,66.5,68.30000305175781,812000
2022-12-02,68.30000305175781,69.5,67.30000305175781,69.5,213000
2022-12-05,69.9000015258789,69.9000015258789,67.5999984741211,68.0,243000
2022-12-06,68.0,68.0,64.5,65.0,415000
2022-12-07,63.79999923706055,64.5,61.70000076293945,63.70000076293945,360000
2022-12-08,62.79999923706055,64.9000015258789,62.29999923706055,64.9000015258789,131000
2022-12-09,65.4000015258789,65.5999984741211,64.0999984741211,64.19999694824219,82000
2022-12-12,63.900001525878906,66.5,63.900001525878906,65.0,145000
2022-12-13,65.19999694824219,65.19999694824219,62.5,63.20000076293945,133000
2022-12-14,62.79999923706055,64.69999694824219,60.5,64.30000305175781,95000
2022-12-15,63.5,65.69999694824219,63.5,65.0,104000
2022-12-16,64.69999694824219,64.69999694824219,63.29999923706055,63.79999923706055,48000
2022-12-19,63.0,63.79999923706055,62.0,62.0,61000
2022-12-20,61.79999923706055,62.5,59.0,60.5,196000
2022-12-21,60.099998474121094,61.20000076293945,59.900001525878906,60.5,93000
2022-12-22,61.099998474121094,62.29999923706055,61.099998474121094,62.20000076293945,54000
2022-12-23,61.29999923706055,62.400001525878906,61.20000076293945,62.400001525878906,14000
2022-12-26,62.0,62.5,61.70000076293945,62.0,36000
2022-12-27,62.099998474121094,62.5,61.599998474121094,61.70000076293945,28000
2022-12-28,61.20000076293945,62.20000076293945,60.599998474121094,61.79999923706055,91000
2022-12-29,60.900001525878906,62.20000076293945,60.599998474121094,62.0,54000
2022-12-30,62.900001525878906,62.900001525878906,61.70000076293945,61.900001525878906,62000
2023-01-03,61.099998474121094,62.29999923706055,61.099998474121094,61.900001525878906,15000
2023-01-04,61.099998474121094,62.5,61.099998474121094,62.5,60000
2023-01-05,62.599998474121094,63.0,61.599998474121094,61.599998474121094,70000
2023-01-06,61.29999923706055,62.5,61.20000076293945,62.400001525878906,41000
2023-01-09,62.5,62.5,61.599998474121094,62.20000076293945,42000
2023-01-10,63.0,66.0999984741211,62.79999923706055,65.19999694824219,394000
2023-01-11,66.19999694824219,66.19999694824219,64.19999694824219,64.30000305175781,124000
2023-01-12,64.9000015258789,65.0999984741211,63.400001525878906,64.80000305175781,116000
2023-01-13,65.30000305175781,65.30000305175781,63.79999923706055,63.900001525878906,94000
2023-01-16,64.5999984741211,64.9000015258789,63.29999923706055,64.5,111000
2023-01-17,63.900001525878906,65.30000305175781,63.400001525878906,65.19999694824219,155000
2023-01-30,66.69999694824219,66.69999694824219,64.80000305175781,65.69999694824219,146000
2023-01-31,65.0,66.30000305175781,65.0,65.9000015258789,125000
2023-02-01,65.5,66.4000015258789,65.5,66.0,96000
2023-02-02,66.30000305175781,69.4000015258789,65.80000305175781,68.9000015258789,453000
2023-02-03,69.5,69.5,68.0,68.0,176000
2023-02-06,68.0,68.30000305175781,66.5999984741211,67.19999694824219,119000
2023-02-07,67.4000015258789,69.0,67.4000015258789,68.30000305175781,161000
2023-02-08,69.30000305175781,69.30000305175781,68.0,68.5,103000
2023-02-09,68.5,68.80000305175781,68.0,68.69999694824219,108000
2023-02-10,68.19999694824219,68.19999694824219,66.5999984741211,67.0,254000
2023-02-13,66.5,67.30000305175781,65.80000305175781,67.30000305175781,105000
2023-02-14,67.19999694824219,67.69999694824219,67.19999694824219,67.4000015258789,34000
2023-02-15,67.0999984741211,67.69999694824219,67.0999984741211,67.5,60000
2023-02-16,67.5,70.4000015258789,67.5,68.30000305175781,425000
2023-02-17,68.30000305175781,70.0,68.30000305175781,69.5999984741211,251000
2023-02-20,69.9000015258789,76.5,69.19999694824219,76.5,1147000
2023-02-21,80.0,80.0,75.30000305175781,76.0,1629000
2023-02-22,75.19999694824219,80.0,74.30000305175781,76.80000305175781,1432000
2023-02-23,77.19999694824219,78.0999984741211,76.69999694824219,78.0,517000
2023-02-24,79.0,79.0,76.0999984741211,77.0,315000
2023-03-01,77.0,78.9000015258789,76.9000015258789,77.0,328000
2023-03-02,77.19999694824219,80.80000305175781,77.19999694824219,80.80000305175781,579000
2023-03-03,82.5999984741211,83.0999984741211,80.4000015258789,81.5,668000
2023-03-06,82.0,89.4000015258789,82.0,86.5,1111000
2023-03-07,88.0999984741211,88.19999694824219,85.80000305175781,85.9000015258789,676000
2023-03-08,85.9000015258789,85.9000015258789,81.5999984741211,81.5999984741211,816000
2023-03-09,83.5999984741211,83.5999984741211,79.9000015258789,80.0999984741211,516000
2023-03-10,74.0,75.4000015258789,72.0999984741211,72.4000015258789,1391000
2023-03-13,72.4000015258789,72.5,68.5999984741211,70.69999694824219,446000
2023-03-14,70.80000305175781,71.80000305175781,70.0999984741211,70.4000015258789,181000
2023-03-15,70.9000015258789,71.9000015258789,70.9000015258789,70.9000015258789,186000
2023-03-16,71.0,71.80000305175781,68.30000305175781,68.69999694824219,372000
2023-03-17,68.69999694824219,72.0,68.69999694824219,71.9000015258789,202000
2023-03-20,72.69999694824219,75.0,71.0,73.0,413000
2023-03-21,73.0,74.4000015258789,73.0,73.0,152000
2023-03-22,73.0,75.0999984741211,73.0,73.5,204000
2023-03-23,73.0,73.5999984741211,72.5999984741211,73.0,102000
2023-03-24,73.0,73.0,70.5,71.19999694824219,241000
2023-03-27,71.4000015258789,73.0,70.80000305175781,71.0,129000
2023-03-28,70.80000305175781,70.80000305175781,69.4000015258789,70.0,102000
2023-03-29,70.0999984741211,70.4000015258789,69.4000015258789,69.5,75000
2023-03-30,69.80000305175781,70.69999694824219,69.69999694824219,70.69999694824219,91000
2023-03-31,70.80000305175781,70.80000305175781,69.69999694824219,70.5,73000
2023-04-06,69.9000015258789,69.9000015258789,67.69999694824219,67.69999694824219,274000
2023-04-07,67.80000305175781,69.9000015258789,67.80000305175781,69.0,139000
2023-04-10,70.30000305175781,70.80000305175781,69.69999694824219,70.0999984741211,131000
2023-04-11,70.0999984741211,72.80000305175781,70.0999984741211,71.80000305175781,191000
2023-04-12,72.4000015258789,72.69999694824219,71.5,71.5,137000
2023-04-13,71.0999984741211,72.5999984741211,70.5999984741211,71.5,140000
2023-04-14,72.30000305175781,73.0,71.69999694824219,72.5,132000
2023-04-17,73.19999694824219,74.5,72.80000305175781,73.69999694824219,220000
2023-04-18,74.4000015258789,74.9000015258789,72.0,72.4000015258789,159000
2023-04-19,72.5,73.4000015258789,72.0,72.5,117000
2023-04-20,72.30000305175781,72.30000305175781,70.5,70.80000305175781,166000
2023-04-21,70.5999984741211,72.0,69.80000305175781,70.69999694824219,151000
2023-04-24,71.0,71.9000015258789,70.80000305175781,71.0,70000
2023-04-25,71.0,71.0,68.0999984741211,68.69999694824219,157000
2023-04-26,68.0999984741211,69.4000015258789,67.5,69.0,78000
2023-04-27,69.30000305175781,70.4000015258789,69.19999694824219,69.4000015258789,61000
2023-04-28,70.0999984741211,70.69999694824219,69.5,70.69999694824219,48000
2023-05-02,70.69999694824219,71.5,69.9000015258789,70.69999694824219,62000
2023-05-03,69.9000015258789,70.19999694824219,69.5,70.0999984741211,49000
2023-05-04,70.0,70.19999694824219,69.0999984741211,70.0,72000
2023-05-05,70.0,71.0,70.0,71.0,61000
2023-05-08,71.0,72.4000015258789,71.0,71.4000015258789,97000
2023-05-09,71.80000305175781,71.80000305175781,69.80000305175781,70.0999984741211,70000
2023-05-10,70.0999984741211,70.0999984741211,68.9000015258789,69.0999984741211,70000
2023-05-11,68.5,69.0999984741211,66.30000305175781,66.9000015258789,245000
2023-05-12,66.9000015258789,68.5,66.0,67.30000305175781,92000
2023-05-15,67.5,67.80000305175781,66.19999694824219,66.5999984741211,92000
2023-05-16,67.0999984741211,68.9000015258789,67.0999984741211,68.4000015258789,109000
2023-05-17,68.5999984741211,71.4000015258789,68.5999984741211,71.30000305175781,242000
2023-05-18,72.69999694824219,73.30000305175781,71.5,71.5999984741211,277000
2023-05-19,72.0999984741211,72.19999694824219,70.5999984741211,71.0999984741211,105000
2023-05-22,71.69999694824219,71.69999694824219,70.4000015258789,70.9000015258789,72000
2023-05-23,70.9000015258789,71.5,70.9000015258789,71.4000015258789,58000
2023-05-24,71.0,71.4000015258789,70.4000015258789,71.19999694824219,44000
2023-05-25,70.9000015258789,71.4000015258789,70.4000015258789,71.0,59000
2023-05-26,71.0,71.0,70.0999984741211,70.0999984741211,71000
2023-05-29,70.4000015258789,71.69999694824219,70.4000015258789,71.4000015258789,72000
2023-05-30,71.0,71.0,70.4000015258789,70.5999984741211,44000
2023-05-31,70.5,71.30000305175781,70.5,70.80000305175781,54000
2023-06-01,70.80000305175781,71.69999694824219,70.5999984741211,70.9000015258789,110000
2023-06-02,70.80000305175781,70.80000305175781,70.30000305175781,70.30000305175781,97000
2023-06-05,70.5999984741211,71.80000305175781,70.4000015258789,71.19999694824219,93000
2023-06-06,71.5,72.0,70.5999984741211,70.80000305175781,121000
2023-06-07,70.80000305175781,71.9000015258789,70.4000015258789,71.69999694824219,85000
2023-06-08,71.80000305175781,72.0999984741211,71.0,71.0,63000
2023-06-09,71.5,73.5999984741211,71.0,73.5999984741211,168000
2023-06-12,77.0,79.9000015258789,74.5999984741211,77.69999694824219,1323000
2023-06-13,79.5999984741211,85.4000015258789,78.5999984741211,85.4000015258789,1286000
2023-06-14,92.80000305175781,93.5,88.0,88.5,3169000
2023-06-15,88.5,91.69999694824219,86.19999694824219,86.5999984741211,1754000
2023-06-16,87.69999694824219,89.4000015258789,86.69999694824219,87.0,631000
2023-06-19,87.19999694824219,88.5,83.0999984741211,84.30000305175781,732000
2023-06-20,84.4000015258789,84.5,80.30000305175781,80.69999694824219,627000
2023-06-21,80.80000305175781,81.69999694824219,78.80000305175781,79.80000305175781,300000
2023-06-26,80.4000015258789,80.4000015258789,79.0999984741211,79.69999694824219,121000
2023-06-27,80.0999984741211,81.19999694824219,79.0,79.0,256000
2023-06-28,79.69999694824219,82.0999984741211,79.0,81.80000305175781,299000
2023-06-29,81.5999984741211,81.80000305175781,80.69999694824219,81.19999694824219,108000
2023-06-30,80.5,81.30000305175781,80.19999694824219,80.5,117000
2023-07-03,81.0,84.4000015258789,80.5999984741211,84.4000015258789,251000
2023-07-04,85.0,85.0,82.0999984741211,83.19999694824219,287000
2023-07-05,83.0,84.0,82.4000015258789,83.4000015258789,130000
2023-07-06,83.0,85.5999984741211,82.9000015258789,84.5999984741211,300000
2023-07-07,83.9000015258789,84.69999694824219,81.9000015258789,81.9000015258789,315000
2023-07-10,89.5,89.5,86.5,87.9000015258789,1177000
2023-07-11,89.0,92.0999984741211,86.80000305175781,90.19999694824219,1179000
2023-07-12,91.0,91.0,87.0,88.69999694824219,440000
2023-07-13,88.80000305175781,89.0999984741211,85.19999694824219,86.30000305175781,515000
2023-07-14,86.30000305175781,87.9000015258789,86.19999694824219,86.69999694824219,189000
2023-07-17,86.69999694824219,86.69999694824219,83.9000015258789,84.5,394000
2023-07-18,85.0,85.0,82.5,83.0999984741211,209000
2023-07-19,82.9000015258789,85.4000015258789,82.5999984741211,83.4000015258789,239000
2023-07-20,83.4000015258789,85.19999694824219,83.30000305175781,84.69999694824219,194000
2023-07-21,84.69999694824219,86.69999694824219,83.9000015258789,86.0,190000
2023-07-24,86.5,88.5999984741211,86.0,88.5999984741211,444000
2023-07-25,89.30000305175781,89.30000305175781,86.80000305175781,87.4000015258789,318000
2023-07-26,87.0,88.5,84.5,87.5999984741211,460000
2023-07-27,84.9000015258789,88.9000015258789,84.9000015258789,88.30000305175781,1080000
2023-07-28,89.5,93.0,86.5999984741211,92.5,956000
2023-07-31,93.0,93.0999984741211,89.80000305175781,91.80000305175781,743000
2023-08-01,92.5,92.5,89.0999984741211,90.0,397000
2023-08-02,91.5,92.19999694824219,87.69999694824219,88.9000015258789,689000
2023-08-04,89.5,90.0,86.0,89.5999984741211,441000
2023-08-07,89.5999984741211,92.30000305175781,88.80000305175781,91.5,645000
2023-08-08,92.0999984741211,96.80000305175781,90.5,95.4000015258789,2096000
2023-08-09,95.0999984741211,97.30000305175781,94.0999984741211,97.30000305175781,712000
2023-08-10,93.5,94.19999694824219,87.5999984741211,87.69999694824219,1761000
2023-08-11,87.5999984741211,89.4000015258789,85.5999984741211,88.4000015258789,661000
2023-08-14,87.0999984741211,87.0999984741211,79.9000015258789,80.5999984741211,1313000
2023-08-15,81.4000015258789,81.69999694824219,80.0,80.69999694824219,385000
2023-08-16,78.5,82.0999984741211,77.69999694824219,82.0999984741211,459000
2023-08-17,81.9000015258789,82.5,81.0999984741211,82.0999984741211,208000
2023-08-18,81.69999694824219,81.69999694824219,79.0999984741211,79.4000015258789,385000
2023-08-21,78.19999694824219,79.0,77.69999694824219,77.80000305175781,363000
2023-08-22,77.80000305175781,78.0999984741211,76.0,76.0,361000
2023-08-23,76.0,77.80000305175781,76.0,76.5,269000
2023-08-24,76.5999984741211,78.30000305175781,75.9000015258789,77.5,378000
2023-08-25,76.5999984741211,78.0999984741211,76.5,77.0,155000
2023-08-28,76.80000305175781,77.5,74.0,74.0999984741211,313000
2023-08-29,74.19999694824219,75.0999984741211,73.5,74.69999694824219,176000
2023-08-30,75.0999984741211,76.69999694824219,75.0,76.5,198000
2023-08-31,76.5,76.5,75.5,76.0,105000
2023-09-01,75.80000305175781,78.0,75.5,77.5999984741211,189000
2023-09-04,77.80000305175781,78.69999694824219,77.5,78.5,130000
2023-09-05,78.30000305175781,78.9000015258789,78.0,78.9000015258789,79000
2023-09-06,78.5,79.30000305175781,77.5,77.9000015258789,112000
2023-09-07,77.30000305175781,78.5,76.80000305175781,78.19999694824219,71000
2023-09-08,77.30000305175781,77.9000015258789,76.80000305175781,77.69999694824219,66000
2023-09-11,77.0,77.0,75.19999694824219,75.5999984741211,232000
2023-09-12,75.69999694824219,76.5,75.0999984741211,76.4000015258789,104000
2023-09-13,75.9000015258789,77.0,75.80000305175781,76.0999984741211,137000
2023-09-14,76.4000015258789,78.0,76.4000015258789,78.0,142000
2023-09-15,77.69999694824219,79.19999694824219,77.69999694824219,78.5999984741211,93000
2023-09-18,78.4000015258789,79.30000305175781,77.4000015258789,78.5999984741211,45000
2023-09-19,78.30000305175781,79.19999694824219,77.5,79.0,113000
2023-09-20,78.5,78.69999694824219,77.69999694824219,77.69999694824219,79000
2023-09-21,77.0999984741211,77.30000305175781,76.5999984741211,77.0,83000
2023-09-22,76.0999984741211,78.30000305175781,75.80000305175781,78.30000305175781,97000
2023-09-25,78.19999694824219,78.9000015258789,78.19999694824219,78.5,58000
2023-09-26,78.0999984741211,80.9000015258789,78.0999984741211,79.30000305175781,172000
2023-09-27,79.5,80.5,79.30000305175781,80.0,61000
2023-09-28,79.80000305175781,81.5,79.80000305175781,81.19999694824219,123000
2023-10-02,82.0,82.30000305175781,80.5999984741211,80.69999694824219,124000
2023-10-03,81.0,81.0,79.80000305175781,80.5999984741211,82000
2023-10-04,79.9000015258789,80.0,79.4000015258789,79.4000015258789,65000
2023-10-05,79.30000305175781,80.69999694824219,79.30000305175781,80.5999984741211,92000
2023-10-06,80.30000305175781,80.9000015258789,79.5,79.5,69000
2023-10-11,80.4000015258789,80.5,78.0,78.4000015258789,199000
2023-10-12,78.5999984741211,82.5,78.5999984741211,82.19999694824219,388000
2023-10-13,82.19999694824219,82.19999694824219,81.0999984741211,81.5999984741211,77000
2023-10-16,81.69999694824219,81.80000305175781,80.69999694824219,80.80000305175781,38000
2023-10-17,81.0,81.5,80.9000015258789,80.9000015258789,59000
2023-10-18,81.5,83.5,81.0,82.0999984741211,268000
2023-10-19,82.30000305175781,84.19999694824219,81.0,82.19999694824219,323000
2023-10-20,82.30000305175781,83.0,80.4000015258789,83.0,176000
2023-10-23,83.0,84.5,82.30000305175781,82.4000015258789,217000
2023-10-24,82.4000015258789,82.69999694824219,81.80000305175781,82.5999984741211,74000
2023-10-25,83.19999694824219,85.0,83.19999694824219,84.80000305175781,324000
2023-10-26,84.0,85.30000305175781,83.5,84.80000305175781,154000
2023-10-27,85.0,85.80000305175781,84.19999694824219,84.4000015258789,163000
2023-10-30,85.19999694824219,85.30000305175781,83.80000305175781,84.0,93000
2023-10-31,84.5,84.5999984741211,81.80000305175781,81.9000015258789,218000
2023-11-01,82.69999694824219,84.0999984741211,82.0,83.5,141000
2023-11-02,84.0,84.30000305175781,83.69999694824219,83.80000305175781,53000
2023-11-03,84.0,87.80000305175781,84.0,87.5,594000
2023-11-06,87.9000015258789,89.30000305175781,86.5,89.0,464000
2023-11-07,88.0999984741211,90.19999694824219,88.0999984741211,89.0,176000
2023-11-08,88.80000305175781,89.0999984741211,88.4000015258789,89.0,129000
2023-11-09,89.0,90.0999984741211,89.0,90.0,169000
2023-11-10,90.4000015258789,92.80000305175781,89.5,89.9000015258789,457000
2023-11-13,89.80000305175781,89.80000305175781,85.0999984741211,85.5999984741211,763000
2023-11-14,86.5999984741211,87.69999694824219,86.30000305175781,86.69999694824219,216000
2023-11-15,87.19999694824219,87.4000015258789,85.5,85.5999984741211,329000
2023-11-16,85.69999694824219,86.5999984741211,85.0,85.9000015258789,91000
2023-11-17,86.0999984741211,86.19999694824219,85.4000015258789,85.5,104000
2023-11-20,85.5,86.5999984741211,85.0,86.5,189000
2023-11-21,86.5,87.9000015258789,86.5,86.9000015258789,193000
2023-11-22,86.80000305175781,88.9000015258789,86.80000305175781,88.5999984741211,261000
2023-11-23,89.4000015258789,89.5,87.69999694824219,87.80000305175781,165000
2023-11-24,88.0999984741211,88.19999694824219,87.30000305175781,87.30000305175781,97000
2023-11-27,87.4000015258789,87.9000015258789,87.0,87.0,159000
2023-11-28,87.0,87.69999694824219,86.80000305175781,86.9000015258789,164000
2023-11-29,87.5,87.5,86.5,86.5999984741211,121000
2023-11-30,86.5,87.19999694824219,86.30000305175781,86.80000305175781,117000
2023-12-01,86.80000305175781,88.19999694824219,86.80000305175781,87.5,121000
2023-12-04,87.5,89.69999694824219,87.5,88.4000015258789,279000
2023-12-05,88.5,89.0999984741211,87.5999984741211,88.9000015258789,115000
2023-12-06,88.9000015258789,88.9000015258789,88.5,88.80000305175781,57000
2023-12-07,89.0,89.80000305175781,88.5,88.9000015258789,179000
2023-12-08,89.4000015258789,91.5,88.69999694824219,91.0,279000
2023-12-11,92.69999694824219,92.69999694824219,89.0999984741211,89.80000305175781,488000
2023-12-12,90.0,90.9000015258789,88.80000305175781,89.5999984741211,320000
2023-12-13,90.0,90.69999694824219,88.9000015258789,89.0999984741211,157000
2023-12-14,90.0999984741211,92.0,89.80000305175781,90.5999984741211,435000
2023-12-15,91.0999984741211,94.0,91.0999984741211,92.30000305175781,617000
2023-12-18,92.5,92.5,91.30000305175781,92.5,120000
2023-12-19,93.80000305175781,93.9000015258789,91.69999694824219,92.0,338000
2023-12-20,92.5,92.9000015258789,92.0999984741211,92.69999694824219,93000
2023-12-21,92.69999694824219,94.80000305175781,92.5,94.4000015258789,280000
2023-12-22,94.69999694824219,94.69999694824219,92.69999694824219,93.30000305175781,271000
2023-12-25,94.5,94.5,89.69999694824219,90.0,425000
2023-12-26,90.0999984741211,92.4000015258789,89.80000305175781,92.30000305175781,374000
2023-12-27,93.0999984741211,93.0999984741211,91.5999984741211,91.9000015258789,99000
2023-12-28,92.0,92.19999694824219,91.5999984741211,91.5999984741211,69000
2023-12-29,91.5999984741211,92.30000305175781,91.4000015258789,91.4000015258789,54000
2024-01-02,91.0999984741211,92.9000015258789,91.0,92.4000015258789,117000
2024-01-03,92.4000015258789,92.4000015258789,91.5,92.30000305175781,60000
2024-01-04,92.30000305175781,92.30000305175781,90.69999694824219,91.0999984741211,180000
2024-01-05,90.9000015258789,91.0,90.0,90.30000305175781,201000
2024-01-08,90.30000305175781,91.4000015258789,90.30000305175781,90.80000305175781,84000
2024-01-09,90.80000305175781,91.19999694824219,89.69999694824219,91.19999694824219,163000
2024-01-10,92.5,93.69999694824219,90.80000305175781,91.30000305175781,309000
2024-01-11,91.5999984741211,94.5,91.5999984741211,93.80000305175781,491000
2024-01-12,93.80000305175781,93.80000305175781,92.0999984741211,92.5,153000
2024-01-15,93.5,93.5,91.80000305175781,92.69999694824219,58020
2024-01-16,92.30000305175781,92.30000305175781,90.19999694824219,90.30000305175781,188000
2024-01-17,90.80000305175781,90.80000305175781,87.80000305175781,87.80000305175781,546000
2024-01-18,88.5,89.0999984741211,88.0999984741211,88.80000305175781,132000
2024-01-19,89.19999694824219,90.4000015258789,89.19999694824219,89.9000015258789,109000
2024-01-22,90.0999984741211,90.5,89.69999694824219,89.80000305175781,90000
2024-01-23,89.80000305175781,90.0,88.5999984741211,88.80000305175781,181000
2024-01-24,88.80000305175781,90.0,88.5999984741211,89.0,66000
2024-01-25,88.69999694824219,90.19999694824219,88.69999694824219,89.69999694824219,86000
2024-01-26,89.69999694824219,90.4000015258789,89.69999694824219,89.9000015258789,62000
2024-01-29,89.5999984741211,90.0999984741211,88.9000015258789,89.30000305175781,67000
2024-01-30,89.9000015258789,90.0,89.0999984741211,89.0999984741211,46000
2024-01-31,89.0999984741211,89.69999694824219,89.0999984741211,89.69999694824219,26000
2024-02-01,89.69999694824219,89.80000305175781,89.30000305175781,89.4000015258789,29000
2024-02-02,89.30000305175781,89.5,89.0999984741211,89.30000305175781,27000
2024-02-05,89.30000305175781,89.30000305175781,88.5,88.5999984741211,59000
2024-02-15,88.80000305175781,89.9000015258789,87.19999694824219,89.5,85000
2024-02-16,89.5999984741211,90.5999984741211,89.0,90.30000305175781,191000
2024-02-19,90.9000015258789,91.0999984741211,90.0999984741211,90.19999694824219,50000
2024-02-20,90.19999694824219,91.0,90.0999984741211,90.4000015258789,91000
2024-02-21,90.4000015258789,92.19999694824219,90.30000305175781,92.0,219000
2024-02-22,92.0,92.4000015258789,91.5999984741211,92.4000015258789,117000
2024-02-23,92.80000305175781,92.80000305175781,91.5,92.30000305175781,94000
2024-02-26,92.0,92.4000015258789,90.69999694824219,91.4000015258789,112000
2024-02-27,91.69999694824219,93.0999984741211,91.19999694824219,92.9000015258789,217000
2024-02-29,93.0,94.5999984741211,92.5,94.4000015258789,251000
2024-03-01,94.30000305175781,95.80000305175781,94.30000305175781,95.0,223000
2024-03-04,95.5,95.5,93.80000305175781,94.0999984741211,191000
2024-03-05,94.69999694824219,94.80000305175781,93.4000015258789,94.80000305175781,135000
2024-03-06,94.9000015258789,96.4000015258789,94.9000015258789,95.69999694824219,159000
2024-03-07,95.69999694824219,96.0,94.0,94.30000305175781,111000
2024-03-08,95.30000305175781,95.4000015258789,93.5999984741211,93.9000015258789,165000
2024-03-11,92.4000015258789,93.5999984741211,91.9000015258789,92.0,289000
2024-03-12,92.4000015258789,93.5999984741211,92.0999984741211,93.30000305175781,81000
2024-03-13,94.30000305175781,94.5,92.0,93.19999694824219,292000
2024-03-14,92.69999694824219,94.5,92.30000305175781,94.0,170000
2024-03-15,94.30000305175781,95.0,93.5,94.0,94000
2024-03-18,96.0,96.0,94.19999694824219,94.5999984741211,335000
2024-03-19,94.9000015258789,96.19999694824219,94.5,95.5,403000
2024-03-20,95.5,95.5,95.5,95.5,0
2024-03-21,96.4000015258789,103.0,96.4000015258789,101.0,579000
2024-03-22,101.0,102.0,99.0,101.0,191000
2024-03-25,101.0,101.0,101.0,101.0,0
2024-03-26,103.0,103.0,99.5,101.0,219000
2024-03-27,101.0,106.5,101.0,105.5,305000
2024-03-28,106.0,106.5,103.5,105.5,292000
2024-03-29,106.0,107.5,105.5,107.0,190000
2024-04-01,107.0,108.0,105.5,108.0,189000
2024-04-02,108.0,108.5,106.5,107.0,203000
2024-04-03,107.0,107.0,102.5,102.5,368000
2024-04-08,103.5,107.0,102.0,103.0,457000
2024-04-09,102.5,103.0,100.5,102.0,397000
2024-04-10,102.0,103.0,101.5,102.5,240000
2024-04-11,102.5,103.0,101.5,102.5,223000
2024-04-12,103.0,104.5,102.5,103.5,200000
2024-04-15,103.0,103.0,101.5,102.0,189000
2024-04-16,101.5,101.5,98.0,98.5,661000
2024-04-17,99.0,102.0,99.0,101.5,230000
2024-04-18,102.0,105.5,101.5,105.0,673000
2024-04-19,98.0,98.4000015258789,93.19999694824219,95.4000015258789,1326000
2024-04-22,94.19999694824219,95.69999694824219,94.19999694824219,95.0999984741211,167000
2024-04-23,95.0999984741211,95.80000305175781,94.5,94.5999984741211,96000
2024-04-24,95.0999984741211,95.4000015258789,95.0,95.0,124000
2024-04-25,94.9000015258789,94.9000015258789,94.0,94.0999984741211,103000
2024-04-26,95.30000305175781,99.5,94.80000305175781,98.9000015258789,324000
2024-04-29,99.80000305175781,100.0,98.5,98.9000015258789,247000
2024-04-30,100.0,103.0,99.0999984741211,101.5,316000
2024-05-02,100.5,101.5,99.9000015258789,101.0,107000
2024-05-03,101.0,101.0,99.5999984741211,99.5999984741211,125000
2024-05-06,100.0,101.0,99.0999984741211,99.4000015258789,143000
2024-05-07,99.69999694824219,100.5,99.19999694824219,100.5,85000
2024-05-08,101.0,101.0,100.0,100.5,59000
2024-05-09,100.5,102.0,100.5,102.0,170000
2024-05-10,102.5,102.5,101.5,102.5,184000
2024-05-13,98.0,100.0,96.5,98.4000015258789,578000
2024-05-14,98.9000015258789,103.0,98.9000015258789,103.0,385000
2024-05-15,103.5,103.5,100.0,100.5,265000
2024-05-16,101.0,103.0,100.0,100.5,163000
2024-05-17,100.0,100.5,99.0999984741211,100.0,85000
2024-05-20,100.0,100.0,99.0999984741211,99.19999694824219,88000
2024-05-21,99.30000305175781,99.30000305175781,98.0999984741211,98.0999984741211,136000
2024-05-22,98.30000305175781,98.69999694824219,96.0999984741211,96.4000015258789,231000
2024-05-23,96.4000015258789,97.9000015258789,94.9000015258789,97.19999694824219,457000
2024-05-24,96.80000305175781,98.69999694824219,96.69999694824219,97.9000015258789,144000
2024-05-27,98.4000015258789,98.4000015258789,96.80000305175781,96.80000305175781,154000
2024-05-28,96.9000015258789,96.9000015258789,95.80000305175781,95.80000305175781,105000
2024-05-29,96.30000305175781,96.4000015258789,94.5999984741211,94.5999984741211,192000
2024-05-30,94.5999984741211,95.5,94.0,94.0,133000
2024-05-31,94.0,95.30000305175781,94.0,94.19999694824219,83000
2024-06-03,94.5,94.69999694824219,93.80000305175781,94.4000015258789,63000
2024-06-04,95.30000305175781,95.30000305175781,93.80000305175781,94.0,54000
2024-06-05,94.0,94.19999694824219,93.30000305175781,93.9000015258789,71000
2024-06-06,94.69999694824219,94.69999694824219,92.5999984741211,92.69999694824219,129000
2024-06-07,92.69999694824219,94.19999694824219,92.69999694824219,93.4000015258789,98000
2024-06-11,92.5999984741211,92.69999694824219,91.0999984741211,91.0999984741211,198000
2024-06-12,91.0,91.30000305175781,90.69999694824219,91.19999694824219,100000
2024-06-13,91.5999984741211,91.5999984741211,91.0,91.5,38000
2024-06-14,91.5999984741211,91.69999694824219,91.0,91.69999694824219,45000
2024-06-17,91.30000305175781,92.5,91.0,91.9000015258789,134000
2024-06-18,92.0999984741211,92.19999694824219,91.19999694824219,92.19999694824219,78000
2024-06-19,91.9000015258789,91.9000015258789,91.0,91.0,122000
2024-06-20,91.0,91.69999694824219,90.9000015258789,91.69999694824219,60000
2024-06-21,91.0999984741211,92.0,91.0999984741211,91.80000305175781,64000
2024-06-24,91.30000305175781,91.69999694824219,90.9000015258789,91.0,105000
2024-06-25,91.30000305175781,92.5999984741211,90.80000305175781,92.4000015258789,99000
2024-06-26,92.30000305175781,92.9000015258789,91.80000305175781,92.69999694824219,39000
2024-06-27,92.0999984741211,92.5999984741211,91.4000015258789,91.5999984741211,54000
2024-06-28,92.5999984741211,92.69999694824219,91.9000015258789,92.0999984741211,35000
2024-07-01,92.0999984741211,92.0999984741211,91.5999984741211,91.5999984741211,73000
2024-07-02,91.5999984741211,92.0,91.5,92.0,38000
2024-07-03,91.69999694824219,92.0,91.5,91.80000305175781,54000
2024-07-04,91.80000305175781,92.30000305175781,91.0,91.19999694824219,141000
2024-07-05,91.30000305175781,91.80000305175781,90.9000015258789,91.80000305175781,91000
2024-07-08,92.0,92.80000305175781,91.9000015258789,92.80000305175781,90000
2024-07-09,92.80000305175781,92.80000305175781,90.69999694824219,91.5999984741211,170000
2024-07-10,95.19999694824219,97.9000015258789,94.5999984741211,96.5999984741211,887000
2024-07-11,97.80000305175781,97.80000305175781,95.19999694824219,96.0999984741211,271000
2024-07-12,95.30000305175781,96.69999694824219,95.30000305175781,96.5999984741211,177000
2024-07-15,96.9000015258789,97.30000305175781,96.0999984741211,96.0999984741211,108000
2024-07-16,96.0999984741211,97.19999694824219,96.0999984741211,97.0999984741211,119000
2024-07-17,97.0999984741211,97.0999984741211,95.5,95.5,253000
2024-07-18,95.0,95.80000305175781,94.30000305175781,95.80000305175781,131000
2024-07-19,95.30000305175781,95.30000305175781,94.0,94.0,88000
2024-07-22,94.0,94.0,91.19999694824219,91.4000015258789,181000
2024-07-23,91.5,92.4000015258789,91.5,92.0999984741211,34000
2024-07-26,91.30000305175781,91.5999984741211,91.0,91.0999984741211,82000
2024-07-29,91.69999694824219,92.5,91.4000015258789,91.69999694824219,70000
2024-07-30,91.4000015258789,93.69999694824219,91.19999694824219,93.69999694824219,114000
2024-07-31,92.80000305175781,93.4000015258789,92.5,92.80000305175781,33000
2024-08-01,93.30000305175781,93.30000305175781,92.19999694824219,92.69999694824219,62000
2024-08-02,93.9000015258789,93.9000015258789,91.0,91.0,90000
2024-08-05,91.0,91.0,84.0,84.0,251000
2024-08-06,84.0,86.0,79.19999694824219,85.30000305175781,301000
2024-08-07,87.19999694824219,90.0,85.80000305175781,90.0,114000
2024-08-08,90.19999694824219,90.5,88.5,90.0,81000
2024-08-09,91.5,92.0999984741211,91.0,92.0,109000
2024-08-12,91.5,91.9000015258789,90.5999984741211,90.80000305175781,106000
2024-08-13,90.9000015258789,91.4000015258789,90.0,90.5,76000
2024-08-14,90.80000305175781,91.19999694824219,90.0,90.30000305175781,107000
2024-08-15,90.5,91.19999694824219,89.80000305175781,90.0999984741211,68000
2024-08-16,90.0999984741211,90.30000305175781,89.30000305175781,90.0999984741211,97000
2024-08-19,90.0999984741211,90.0999984741211,89.4000015258789,89.9000015258789,35000
2024-08-20,89.9000015258789,90.0999984741211,89.19999694824219,89.19999694824219,50000
2024-08-21,88.69999694824219,89.19999694824219,88.0,88.0,65000
2024-08-22,88.0,88.4000015258789,87.5,87.80000305175781,103000
2024-08-23,87.80000305175781,87.80000305175781,87.0,87.0999984741211,80000
2024-08-26,87.19999694824219,87.69999694824219,87.19999694824219,87.19999694824219,60000
2024-08-27,87.19999694824219,87.5999984741211,87.0,87.5,62000
2024-08-28,87.5,88.19999694824219,87.5,87.5999984741211,42000
2024-08-29,87.0,87.9000015258789,86.9000015258789,87.5,52000
2024-08-30,87.4000015258789,87.80000305175781,87.4000015258789,87.4000015258789,80000
2024-09-02,87.5999984741211,88.19999694824219,87.5999984741211,87.5999984741211,68000
2024-09-03,88.0,88.0,87.30000305175781,87.4000015258789,43000
2024-09-04,86.69999694824219,86.69999694824219,85.0999984741211,86.0,70000
2024-09-05,86.0999984741211,87.0999984741211,85.5,86.0,41000
2024-09-06,86.9000015258789,86.9000015258789,86.0999984741211,86.0999984741211,39000
2024-09-09,85.5999984741211,86.0,85.0999984741211,86.0,81000
2024-09-10,85.30000305175781,86.19999694824219,83.69999694824219,84.5999984741211,133000
2024-09-11,84.0999984741211,84.80000305175781,83.5,84.4000015258789,94000
2024-09-12,84.69999694824219,85.5,83.80000305175781,85.5,70000
2024-09-13,85.5999984741211,87.0,85.5,86.9000015258789,75000
2024-09-16,87.0,88.30000305175781,87.0,88.0,52000
2024-09-18,88.69999694824219,89.0999984741211,87.30000305175781,88.30000305175781,51000
2024-09-19,88.69999694824219,88.80000305175781,88.4000015258789,88.80000305175781,20000
2024-09-20,89.19999694824219,89.19999694824219,88.0,89.0,48000
2024-09-23,88.9000015258789,89.0,88.69999694824219,88.9000015258789,19000
2024-09-24,88.9000015258789,88.9000015258789,88.0999984741211,88.5999984741211,8000
2024-09-25,88.5999984741211,89.0,88.4000015258789,89.0,39000
2024-09-26,89.0999984741211,89.5,87.9000015258789,88.5999984741211,51000
2024-09-27,88.0,88.9000015258789,88.0,88.9000015258789,27000
2024-09-30,88.5,88.5,88.0,88.0,17000
2024-10-01,88.19999694824219,88.5,87.5,88.5,17000
2024-10-04,88.19999694824219,88.5,87.69999694824219,87.69999694824219,8000
2024-10-07,87.9000015258789,88.5999984741211,87.9000015258789,88.0,27000
2024-10-08,88.5999984741211,89.5999984741211,88.30000305175781,88.9000015258789,49000
2024-10-09,89.5,89.5999984741211,88.5,88.5,32000
2024-10-11,89.30000305175781,89.30000305175781,88.19999694824219,89.0,31000
2024-10-14,88.4000015258789,89.5999984741211,88.0,88.19999694824219,23000
2024-10-15,88.30000305175781,90.19999694824219,88.30000305175781,90.0999984741211,108000
2024-10-16,89.9000015258789,93.0,89.9000015258789,93.0,197000
2024-10-17,92.80000305175781,92.80000305175781,92.19999694824219,92.5,95000
2024-10-18,92.0,92.30000305175781,91.5999984741211,91.69999694824219,27000
2024-10-21,91.5,91.5999984741211,90.80000305175781,90.80000305175781,34000
2024-10-22,90.19999694824219,91.0,90.19999694824219,91.0,51000
2024-10-23,92.19999694824219,92.19999694824219,90.5999984741211,91.4000015258789,13000
2024-10-24,91.30000305175781,91.5999984741211,90.0,91.5,59000
2024-10-25,91.30000305175781,91.30000305175781,90.69999694824219,91.0,31000
2024-10-28,91.5999984741211,91.5999984741211,89.5,90.19999694824219,70000
2024-10-29,88.9000015258789,90.0,88.80000305175781,89.9000015258789,12000
2024-10-30,89.5999984741211,90.0,88.9000015258789,89.9000015258789,17000
2024-11-01,90.0,90.19999694824219,89.5,89.5999984741211,19000
2024-11-04,89.69999694824219,90.19999694824219,89.69999694824219,90.0999984741211,27000
2024-11-05,90.4000015258789,91.0,90.30000305175781,90.69999694824219,61000
2024-11-06,90.30000305175781,90.5999984741211,90.19999694824219,90.5999984741211,11000
2024-11-07,90.30000305175781,91.30000305175781,90.19999694824219,91.19999694824219,20000
2024-11-08,90.80000305175781,91.19999694824219,90.69999694824219,91.19999694824219,48000
2024-11-11,88.19999694824219,89.5,88.0,88.4000015258789,160000
2024-11-12,88.4000015258789,88.4000015258789,85.5999984741211,86.4000015258789,143000
2024-11-13,86.0999984741211,87.4000015258789,86.0999984741211,86.69999694824219,72000
2024-11-14,86.5,86.5,84.5999984741211,84.5999984741211,111000
2024-11-15,84.9000015258789,85.0,84.5,84.5,44000
2024-11-18,87.0,87.0,84.30000305175781,84.5999984741211,47000
2024-11-19,84.69999694824219,85.69999694824219,84.5,85.5,34000
2024-11-20,85.80000305175781,85.80000305175781,85.0999984741211,85.4000015258789,9358
2024-11-21,84.9000015258789,85.5999984741211,84.9000015258789,85.5999984741211,4000
2024-11-22,85.5999984741211,86.5,85.5,86.19999694824219,17000
2024-11-25,86.0,87.0,86.0,86.0,25000
2024-11-26,86.5999984741211,86.80000305175781,86.19999694824219,86.30000305175781,5000
2024-11-27,86.19999694824219,86.5,86.0,86.5,12000
2024-11-28,85.80000305175781,86.5999984741211,85.5,86.5999984741211,24000
2024-11-29,86.5,86.69999694824219,85.0,86.19999694824219,58000
2024-12-02,86.0999984741211,86.0999984741211,85.5999984741211,85.9000015258789,26000
2024-12-03,86.0999984741211,87.0,86.0999984741211,86.69999694824219,19000
2024-12-04,86.69999694824219,86.80000305175781,86.69999694824219,86.69999694824219,8000
2024-12-05,86.0,86.80000305175781,85.9000015258789,86.80000305175781,24000
2024-12-06,86.30000305175781,86.69999694824219,86.19999694824219,86.69999694824219,14000
2024-12-09,86.69999694824219,86.69999694824219,86.5,86.5,10000
2024-12-10,89.30000305175781,89.30000305175781,86.80000305175781,87.0999984741211,49000
2024-12-11,87.0999984741211,87.0999984741211,86.69999694824219,86.9000015258789,19000
2024-12-12,86.9000015258789,86.9000015258789,86.80000305175781,86.80000305175781,14000
2024-12-13,86.80000305175781,87.19999694824219,86.30000305175781,86.5999984741211,23000
2024-12-16,86.5999984741211,86.80000305175781,84.4000015258789,86.30000305175781,114000
2024-12-17,85.9000015258789,87.0,85.5999984741211,86.0,42000
2024-12-18,85.9000015258789,86.0,85.5,85.9000015258789,17000
2024-12-19,85.5999984741211,86.80000305175781,85.19999694824219,86.80000305175781,29000
2024-12-20,86.0999984741211,86.0999984741211,86.0999984741211,86.0999984741211,1000
2024-12-23,85.9000015258789,86.4000015258789,85.9000015258789,86.4000015258789,14000
2024-12-24,86.19999694824219,86.4000015258789,86.0,86.0,10000
2024-12-25,85.19999694824219,87.30000305175781,85.19999694824219,85.4000015258789,35000
2024-12-26,86.0,86.9000015258789,85.80000305175781,86.0999984741211,39000
2024-12-27,86.0999984741211,86.0999984741211,85.5,85.9000015258789,20000
2024-12-30,86.0,86.5999984741211,85.9000015258789,86.19999694824219,33000
2024-12-31,86.19999694824219,86.19999694824219,85.80000305175781,85.80000305175781,4000
2025-01-02,85.5,85.80000305175781,85.4000015258789,85.5999984741211,11000
2025-01-03,85.80000305175781,85.80000305175781,85.4000015258789,85.4000015258789,29000
2025-01-06,85.9000015258789,85.9000015258789,85.80000305175781,85.80000305175781,11000
2025-01-07,85.5999984741211,85.5999984741211,85.0,85.19999694824219,54000
2025-01-08,85.19999694824219,85.19999694824219,84.80000305175781,85.0,29000
2025-01-09,85.0,85.0,84.0999984741211,84.0999984741211,27000
2025-01-10,84.5,85.0,84.30000305175781,84.5999984741211,24000
2025-01-13,84.5,84.5,83.5,83.69999694824219,24000
2025-01-14,84.0,84.0999984741211,84.0,84.0,14000
2025-01-15,84.0,84.0,83.80000305175781,83.80000305175781,12000
2025-01-16,84.0,84.0,83.80000305175781,83.80000305175781,24000
2025-01-17,83.80000305175781,83.80000305175781,83.4000015258789,83.5999984741211,29000
2025-01-20,83.5999984741211,85.0,83.5999984741211,84.69999694824219,14000
2025-01-21,84.0,84.69999694824219,84.0,84.5999984741211,18000
2025-01-22,84.0999984741211,85.0,84.0999984741211,85.0,28000
2025-02-03,85.5,85.5,84.0,84.0,7003
2025-02-04,84.0,84.5999984741211,84.0,84.5999984741211,9000
2025-02-05,84.19999694824219,84.9000015258789,84.19999694824219,84.5,16034
2025-02-06,84.5,84.9000015258789,84.0999984741211,84.5,14018
2025-02-07,84.5,84.69999694824219,84.19999694824219,84.5999984741211,25100
2025-02-10,84.5999984741211,84.5999984741211,83.9000015258789,84.0,41000
2025-02-11,85.9000015258789,85.9000015258789,84.5999984741211,85.0999984741211,100060
2025-02-12,85.0999984741211,86.5,85.0999984741211,85.69999694824219,28000
2025-02-13,85.69999694824219,86.0,85.30000305175781,85.80000305175781,31000
2025-02-14,85.5,86.0,85.0,86.0,63000
2025-02-17,85.30000305175781,86.0999984741211,85.19999694824219,86.0,45000
2025-02-18,85.5999984741211,86.19999694824219,85.30000305175781,86.0999984741211,38000
2025-02-19,85.80000305175781,86.19999694824219,85.80000305175781,86.0999984741211,43000
2025-02-20,86.0999984741211,88.0999984741211,86.0,87.5999984741211,64386
2025-02-21,87.19999694824219,88.0,87.0,88.0,39000
2025-02-24,88.0,88.69999694824219,87.30000305175781,88.19999694824219,23188
2025-02-25,87.80000305175781,87.9000015258789,87.80000305175781,87.9000015258789,6005
2025-02-26,87.69999694824219,88.19999694824219,87.69999694824219,88.0,12001
2025-02-27,88.30000305175781,88.30000305175781,87.80000305175781,87.80000305175781,21000
2025-03-03,87.5999984741211,88.0,87.5,87.80000305175781,20010
2025-03-04,87.5,87.5,87.19999694824219,87.4000015258789,22000
2025-03-05,87.30000305175781,88.19999694824219,87.30000305175781,88.0999984741211,31000
2025-03-06,88.0999984741211,88.5,87.9000015258789,88.0999984741211,12003
2025-03-07,88.0,88.30000305175781,88.0,88.0,12255
2025-03-10,88.0,88.0999984741211,87.9000015258789,88.0999984741211,15000
2025-03-11,87.30000305175781,87.69999694824219,85.5999984741211,87.69999694824219,27000
2025-03-12,88.0999984741211,90.0,88.0999984741211,89.4000015258789,93003
2025-03-13,90.0,90.30000305175781,89.5,89.9000015258789,107100
2025-03-14,90.0,90.69999694824219,89.5,90.69999694824219,156110
2025-03-17,91.19999694824219,92.9000015258789,91.19999694824219,91.9000015258789,280012
2025-03-18,92.19999694824219,93.19999694824219,91.9000015258789,92.9000015258789,173000
2025-03-19,93.19999694824219,93.4000015258789,92.0999984741211,92.5999984741211,94210
2025-03-20,92.5999984741211,92.80000305175781,92.30000305175781,92.5,25192
2025-03-21,92.5,92.69999694824219,92.0,92.0,92042
2025-03-24,91.9000015258789,92.0,91.5,91.5,89104
2025-03-25,92.0,92.0,91.19999694824219,91.5,31020
2025-03-26,91.9000015258789,91.9000015258789,91.0999984741211,91.69999694824219,23000
2025-03-27,92.0999984741211,92.0999984741211,91.19999694824219,91.5999984741211,44100
2025-03-28,91.19999694824219,91.5,90.0,90.9000015258789,55001
2025-03-31,90.5999984741211,90.9000015258789,90.0,90.19999694824219,106648
2025-04-01,90.30000305175781,91.30000305175781,90.30000305175781,91.0999984741211,42016
2025-04-02,91.5,91.5,90.80000305175781,91.0999984741211,47009
2025-04-07,82.0,82.0,82.0,82.0,96003
2025-04-08,74.0,79.9000015258789,73.80000305175781,75.9000015258789,463002
2025-04-09,72.0,77.0999984741211,69.5999984741211,71.0,258205
2025-04-10,77.69999694824219,78.0999984741211,77.0999984741211,78.0999984741211,255000
2025-04-11,77.80000305175781,77.80000305175781,74.5999984741211,76.69999694824219,90000
2025-04-14,77.30000305175781,79.5,77.30000305175781,78.30000305175781,111010
2025-04-15,78.5,81.5,78.5,81.5,66002
2025-04-16,82.4000015258789,82.4000015258789,81.69999694824219,82.30000305175781,333026
2025-04-17,82.0,82.5,81.19999694824219,82.4000015258789,355031
2025-04-18,82.80000305175781,82.9000015258789,82.30000305175781,82.5,119300
2025-04-21,83.0,83.0,81.0999984741211,82.0999984741211,334012
2025-04-22,82.0,83.0,80.9000015258789,82.30000305175781,171020
2025-04-23,83.9000015258789,85.0,82.5999984741211,84.5,315111
2025-04-24,85.5,88.0,84.4000015258789,84.5999984741211,728024
2025-04-25,78.0,78.4000015258789,77.5,77.5,834070
2025-04-28,77.5,77.5,75.0,75.4000015258789,336035
2025-04-29,75.4000015258789,75.4000015258789,74.19999694824219,74.9000015258789,107234
2025-04-30,75.0,75.69999694824219,74.69999694824219,75.4000015258789,309130
2025-05-02,75.4000015258789,75.4000015258789,74.4000015258789,74.69999694824219,66013
2025-05-05,74.69999694824219,74.69999694824219,71.0,71.30000305175781,135010
2025-05-06,70.9000015258789,71.5,70.0,70.69999694824219,97104
2025-05-07,70.5999984741211,70.5999984741211,69.5999984741211,70.0,103025
2025-05-08,70.30000305175781,72.5999984741211,70.30000305175781,71.30000305175781,71002
2025-05-09,71.0999984741211,71.5,70.5999984741211,71.5,25000
2025-05-12,68.19999694824219,69.4000015258789,68.19999694824219,69.0,144035
2025-05-13,70.0,70.0,69.19999694824219,69.19999694824219,83000
2025-05-14,69.4000015258789,69.5999984741211,69.30000305175781,69.5,44010
2025-05-15,70.0999984741211,70.0999984741211,69.30000305175781,69.5,34319
2025-05-16,69.9000015258789,70.30000305175781,69.30000305175781,70.0999984741211,72050
2025-05-19,70.0,70.0,68.69999694824219,68.69999694824219,64019
2025-05-20,68.5,68.5,65.80000305175781,66.30000305175781,194000
2025-05-21,65.80000305175781,66.9000015258789,65.80000305175781,66.0999984741211,113521
2025-05-22,65.9000015258789,66.0999984741211,65.5999984741211,65.69999694824219,75000
2025-05-23,65.5,65.9000015258789,65.30000305175781,65.5999984741211,25100
2025-05-26,65.4000015258789,66.19999694824219,65.4000015258789,65.69999694824219,51000
2025-05-27,65.80000305175781,66.69999694824219,65.30000305175781,65.5999984741211,100025
2025-05-28,65.80000305175781,66.0,65.0,65.0,61000
2025-05-29,64.80000305175781,65.0999984741211,64.0999984741211,64.0999984741211,55000
2025-06-02,64.0,64.0,60.79999923706055,61.0,167484
2025-06-03,61.0,61.79999923706055,60.70000076293945,61.29999923706055,76107
2025-06-04,61.400001525878906,62.099998474121094,61.29999923706055,61.29999923706055,73100
2025-06-05,61.70000076293945,61.79999923706055,61.29999923706055,61.29999923706055,84071
2025-06-06,61.29999923706055,61.29999923706055,60.5,60.5,65800
2025-06-09,60.599998474121094,60.79999923706055,60.400001525878906,60.70000076293945,28641
2025-06-10,60.5,61.29999923706055,60.5,60.79999923706055,32192
2025-06-11,60.29999923706055,60.599998474121094,60.20000076293945,60.29999923706055,48000
2025-06-12,60.29999923706055,61.400001525878906,60.29999923706055,61.400001525878906,8090
2025-06-13,60.79999923706055,61.099998474121094,60.29999923706055,60.29999923706055,60045
2025-06-16,59.099998474121094,59.5,58.900001525878906,59.29999923706055,47073
2025-06-17,59.20000076293945,60.70000076293945,59.20000076293945,60.400001525878906,29000
2025-06-18,59.79999923706055,61.79999923706055,59.79999923706055,61.400001525878906,75050
2025-06-19,61.400001525878906,61.400001525878906,59.900001525878906,60.20000076293945,38060
2025-06-20,60.099998474121094,60.099998474121094,58.5,59.70000076293945,42020
2025-06-23,59.599998474121094,59.599998474121094,58.29999923706055,58.5,39000
2025-06-24,58.599998474121094,59.70000076293945,58.599998474121094,59.0,10000
2025-06-25,59.0,59.599998474121094,58.70000076293945,59.0,14000
2025-06-26,59.099998474121094,59.400001525878906,58.79999923706055,59.099998474121094,10000
2025-06-27,59.29999923706055,59.5,58.20000076293945,59.0,38000
2025-06-30,60.0,60.0,58.599998474121094,58.599998474121094,23015
2025-07-01,58.5,59.0,58.0,58.79999923706055,53000
2025-07-02,59.20000076293945,59.5,59.0,59.29999923706055,48000
2025-07-03,58.099998474121094,59.20000076293945,58.099998474121094,58.900001525878906,25010
2025-07-04,58.900001525878906,59.400001525878906,58.5,58.599998474121094,88010
2025-07-07,58.79999923706055,59.099998474121094,57.70000076293945,57.900001525878906,41000
2025-07-08,57.599998474121094,57.599998474121094,55.099998474121094,55.79999923706055,130000
2025-07-09,55.20000076293945,57.20000076293945,55.20000076293945,57.20000076293945,38062
2025-07-10,57.900001525878906,59.599998474121094,57.20000076293945,58.79999923706055,143060
2025-07-11,58.900001525878906,58.900001525878906,58.099998474121094,58.400001525878906,22199
2025-07-14,58.099998474121094,58.20000076293945,57.0,57.0,29000
2025-07-15,58.099998474121094,58.29999923706055,57.400001525878906,57.599998474121094,15000
2025-07-16,57.70000076293945,58.099998474121094,57.70000076293945,57.70000076293945,19010
2025-07-17,57.400001525878906,58.79999923706055,57.400001525878906,58.70000076293945,88000
2025-07-18,58.79999923706055,59.5,58.79999923706055,59.099998474121094,45000
2025-07-21,58.79999923706055,59.400001525878906,58.79999923706055,58.900001525878906,12000
2025-07-22,59.29999923706055,59.599998474121094,58.20000076293945,58.20000076293945,42060
2025-07-23,58.5,59.5,58.5,59.29999923706055,17163
2025-07-24,59.5,59.70000076293945,59.5,59.599998474121094,7000
2025-07-25,59.900001525878906,60.900001525878906,59.79999923706055,60.599998474121094,51000
2025-07-28,60.70000076293945,61.79999923706055,60.20000076293945,61.5,143010
2025-07-29,61.599998474121094,61.599998474121094,60.70000076293945,61.0,27000
2025-07-30,61.0,61.20000076293945,61.0,61.20000076293945,16270
2025-07-31,60.5,60.79999923706055,60.5,60.79999923706055,2000
2025-08-04,62.20000076293945,63.5,62.20000076293945,63.29999923706055,35100
2025-08-05,63.79999923706055,64.30000305175781,63.70000076293945,64.19999694824219,34060
2025-08-06,64.19999694824219,64.19999694824219,63.599998474121094,64.19999694824219,16058
2025-08-07,64.19999694824219,64.19999694824219,62.599998474121094,63.599998474121094,36080
2025-08-08,63.099998474121094,63.599998474121094,62.400001525878906,62.599998474121094,43005
2025-08-11,58.29999923706055,60.0,57.20000076293945,58.900001525878906,649100
2025-08-12,57.5,58.70000076293945,55.0,57.29999923706055,295020
2025-08-13,57.400001525878906,57.70000076293945,56.29999923706055,56.29999923706055,83041
2025-08-14,55.900001525878906,56.29999923706055,53.0,53.29999923706055,230107
2025-08-15,53.20000076293945,54.900001525878906,51.5,52.0,364200
2025-08-18,51.29999923706055,52.599998474121094,51.29999923706055,52.20000076293945,55200
2025-08-19,52.20000076293945,52.900001525878906,52.20000076293945,52.29999923706055,79010
2025-08-20,52.20000076293945,52.599998474121094,51.70000076293945,52.20000076293945,43055
2025-08-21,52.5,53.70000076293945,52.5,53.5,82005
2025-08-22,54.20000076293945,55.099998474121094,54.20000076293945,54.20000076293945,40020
2025-08-25,54.79999923706055,56.5,54.79999923706055,55.79999923706055,42038
2025-08-26,56.5,56.5,53.79999923706055,55.29999923706055,52010
2025-08-27,55.29999923706055,58.79999923706055,55.0,55.900001525878906,95400
2025-08-28,56.79999923706055,58.29999923706055,56.0,56.79999923706055,25095
2025-08-29,57.0,58.0,56.79999923706055,56.79999923706055,35300
2025-09-01,57.70000076293945,57.70000076293945,56.0,56.5,27020
2025-09-02,55.70000076293945,55.900001525878906,54.900001525878906,55.400001525878906,49019
2025-09-03,55.099998474121094,55.70000076293945,55.0,55.70000076293945,65000
2025-09-04,56.0,58.70000076293945,56.0,56.70000076293945,49110
2025-09-05,57.400001525878906,60.400001525878906,57.0,58.599998474121094,76078
2025-09-08,58.79999923706055,59.20000076293945,58.29999923706055,58.5,57240
2025-09-09,59.599998474121094,59.599998474121094,57.70000076293945,57.70000076293945,22000
2025-09-10,59.099998474121094,60.29999923706055,57.400001525878906,57.400001525878906,41202
2025-09-11,58.0,60.79999923706055,54.0,57.400001525878906,248020
2025-09-12,59.400001525878906,59.400001525878906,57.599998474121094,58.79999923706055,10200
2025-09-15,58.5,58.599998474121094,58.099998474121094,58.400001525878906,18028
2025-09-16,58.099998474121094,58.099998474121094,56.79999923706055,56.79999923706055,28210
2025-09-17,56.5,56.5,55.70000076293945,56.0,34017
2025-09-18,56.0,56.0,54.0,54.5,53274
2025-09-19,54.599998474121094,54.599998474121094,54.5,54.5,9063
2025-09-22,54.79999923706055,56.0,54.400001525878906,55.099998474121094,14239
2025-09-23,55.099998474121094,55.099998474121094,54.20000076293945,54.70000076293945,19010
2025-09-24,54.29999923706055,54.70000076293945,54.0,54.599998474121094,45043
2025-09-25,54.599998474121094,54.599998474121094,53.900001525878906,54.0,24000
2025-09-26,54.20000076293945,54.20000076293945,53.400001525878906,53.599998474121094,25000
2025-09-30,53.20000076293945,53.20000076293945,52.79999923706055,53.20000076293945,33000
2025-10-01,53.0,53.20000076293945,53.0,53.20000076293945,14000
2025-10-02,53.20000076293945,53.5,53.20000076293945,53.20000076293945,39000
2025-10-03,53.20000076293945,54.20000076293945,53.20000076293945,53.20000076293945,33000
2025-10-07,53.099998474121094,53.29999923706055,52.79999923706055,53.29999923706055,29000
2025-10-08,54.0,54.0,52.70000076293945,52.79999923706055,18019
2025-10-09,52.79999923706055,52.79999923706055,52.5,52.5,32000
2025-10-13,52.29999923706055,52.29999923706055,50.900001525878906,51.29999923706055,32018
2025-10-14,51.5,51.5,50.0,50.5,75055
2025-10-15,50.599998474121094,51.0,50.5,51.0,68012
2025-10-16,51.0,51.0,50.5,50.5,86065
2025-10-17,50.099998474121094,50.79999923706055,50.099998474121094,50.70000076293945,19000
2025-10-20,50.79999923706055,52.29999923706055,50.79999923706055,51.5,22648
2025-10-21,51.70000076293945,52.0,51.5,51.5,10000
2025-10-22,51.5,52.599998474121094,51.400001525878906,52.5,15000
2025-10-23,51.599998474121094,52.79999923706055,51.599998474121094,52.20000076293945,7000
2025-10-27,51.900001525878906,53.099998474121094,51.900001525878906,52.5,11000
2025-10-28,52.5,52.5,52.099998474121094,52.29999923706055,8091
2025-10-29,52.099998474121094,52.099998474121094,50.099998474121094,50.5,62050
2025-10-30,51.599998474121094,51.599998474121094,50.70000076293945,51.0,23000
2025-10-31,51.0,52.0,51.0,51.099998474121094,37000
2025-11-03,51.099998474121094,51.5,51.0,51.20000076293945,14010
2025-11-04,51.5,52.900001525878906,51.5,51.79999923706055,39030
2025-11-05,50.900001525878906,51.900001525878906,50.79999923706055,51.900001525878906,17000
2025-11-06,51.900001525878906,52.599998474121094,51.5,52.5,21040
2025-11-07,52.29999923706055,53.0,52.0,52.900001525878906,35000
2025-11-10,52.900001525878906,54.0,52.900001525878906,53.900001525878906,88025
2025-11-11,54.0,54.0,52.400001525878906,53.599998474121094,11000
2025-11-12,53.5,54.5,53.20000076293945,54.0,36100
2025-11-13,54.5,54.5,53.29999923706055,53.29999923706055,23033
2025-11-14,54.20000076293945,54.20000076293945,52.20000076293945,52.29999923706055,27156
2025-11-17,51.20000076293945,52.900001525878906,51.20000076293945,52.0,18000
2025-11-18,52.0,52.0,50.79999923706055,50.79999923706055,13000
2025-11-19,50.79999923706055,50.79999923706055,50.0,50.400001525878906,56029
2025-11-20,51.20000076293945,51.20000076293945,50.5,50.900001525878906,18000
2025-11-21,50.099998474121094,51.599998474121094,50.099998474121094,50.599998474121094,8000
2025-11-24,52.099998474121094,52.099998474121094,51.900001525878906,52.0,12000
2025-11-25,52.79999923706055,52.79999923706055,51.5,51.599998474121094,12000
2025-11-26,52.70000076293945,52.79999923706055,51.29999923706055,52.70000076293945,23000
2025-11-27,52.0,52.400001525878906,51.29999923706055,52.0,20061
2025-11-28,52.0,52.0,51.400001525878906,51.5,17006
2025-12-01,52.0,52.0,51.20000076293945,51.20000076293945,6025
2025-12-02,51.099998474121094,51.900001525878906,51.099998474121094,51.900001525878906,25000
2025-12-03,51.900001525878906,52.0,51.599998474121094,52.0,12000
2025-12-04,52.29999923706055,52.29999923706055,51.79999923706055,52.0,10000
2025-12-05,52.0,52.0,51.70000076293945,51.70000076293945,9005
2025-12-08,52.70000076293945,52.70000076293945,51.099998474121094,51.29999923706055,13239
2025-12-09,51.29999923706055,51.29999923706055,50.0,50.5,56026
2025-12-10,50.79999923706055,50.79999923706055,50.0,50.20000076293945,41074
2025-12-11,50.400001525878906,50.5,50.0,50.29999923706055,31000
2025-12-12,50.900001525878906,50.900001525878906,50.099998474121094,50.20000076293945,6015
2025-12-15,49.95000076293945,50.5,49.95000076293945,50.099998474121094,18000
2025-12-16,50.099998474121094,50.099998474121094,50.0,50.0,4010
2025-12-17,51.0,51.0,50.099998474121094,50.900001525878906,51000
2025-12-18,50.900001525878906,50.900001525878906,50.29999923706055,50.599998474121094,13000
2025-12-19,50.599998474121094,50.599998474121094,50.20000076293945,50.599998474121094,15000
2025-12-22,51.29999923706055,51.29999923706055,50.400001525878906,50.400001525878906,3000
2025-12-23,50.400001525878906,50.5,50.0,50.099998474121094,22000
2025-12-24,50.20000076293945,50.70000076293945,50.099998474121094,50.5,25100
2025-12-26,51.599998474121094,51.599998474121094,50.5,50.599998474121094,21000
2025-12-29,50.599998474121094,51.20000076293945,50.599998474121094,51.0,19000
2025-12-30,51.400001525878906,51.70000076293945,51.0,51.70000076293945,22000
2025-12-31,51.70000076293945,51.70000076293945,51.0,51.20000076293945,29000
2026-01-02,51.29999923706055,52.20000076293945,51.20000076293945,52.20000076293945,34000
2026-01-05,51.29999923706055,51.29999923706055,50.70000076293945,50.79999923706055,37000
2026-01-06,50.79999923706055,51.400001525878906,50.79999923706055,50.79999923706055,27030
2026-01-07,50.79999923706055,50.900001525878906,50.5,50.900001525878906,14000
2026-01-08,50.5,50.70000076293945,50.5,50.70000076293945,12000
2026-01-09,50.5,51.0,50.400001525878906,50.5,31060
2026-01-12,50.79999923706055,51.599998474121094,50.70000076293945,51.599998474121094,53000
2026-01-13,53.0,56.70000076293945,52.400001525878906,56.70000076293945,304005
2026-01-14,56.70000076293945,59.20000076293945,55.79999923706055,58.79999923706055,389004
2026-01-15,58.0,60.0,57.5,59.900001525878906,141020
2026-01-16,60.400001525878906,60.400001525878906,58.5,59.099998474121094,100050
2026-01-19,58.70000076293945,60.5,58.29999923706055,58.70000076293945,111000
2026-01-20,58.0,58.099998474121094,56.29999923706055,56.70000076293945,56005
2026-01-21,56.099998474121094,56.29999923706055,55.29999923706055,55.599998474121094,48010
2026-01-22,55.599998474121094,57.400001525878906,55.599998474121094,57.29999923706055,41020
2026-01-23,56.70000076293945,57.29999923706055,56.0,57.0,18050
2026-01-26,56.599998474121094,57.5,56.5,57.5,17120
2026-01-27,57.79999923706055,57.79999923706055,56.79999923706055,57.20000076293945,20000
2026-01-28,57.20000076293945,57.20000076293945,56.0,56.20000076293945,52055
2026-01-29,55.900001525878906,55.900001525878906,55.5,55.70000076293945,15055
2026-01-30,55.099998474121094,56.5,54.0,56.0,29000
2026-02-02,55.29999923706055,55.29999923706055,54.099998474121094,54.79999923706055,30007
2026-02-03,55.29999923706055,55.29999923706055,54.5,55.0,9083
2026-02-04,55.0,55.0,54.79999923706055,55.0,20000
2026-02-05,54.70000076293945,55.29999923706055,54.5,54.5,17000
2026-02-06,54.5,54.5,54.5,54.5,1000
2026-02-09,55.0,55.0,54.099998474121094,54.900001525878906,11050
2026-02-10,54.599998474121094,54.900001525878906,53.5,54.0,23000
2026-02-11,54.0,54.900001525878906,54.0,54.900001525878906,5000
2026-02-23,54.900001525878906,55.79999923706055,54.5,55.20000076293945,51000
2026-02-24,54.29999923706055,55.0,54.29999923706055,54.70000076293945,14000
2026-02-25,54.70000076293945,55.0,54.0,55.0,32002
2026-02-26,54.5,54.900001525878906,54.0,54.400001525878906,33009
2026-03-02,53.79999923706055,54.5,53.79999923706055,54.29999923706055,24011
2026-03-03,54.5,56.70000076293945,54.5,56.5,95000
2026-03-04,56.400001525878906,56.400001525878906,54.20000076293945,55.400001525878906,53009
2026-03-05,56.0,56.29999923706055,54.900001525878906,55.0,27000
2026-03-06,54.599998474121094,54.70000076293945,54.099998474121094,54.400001525878906,11319
2026-03-09,53.79999923706055,54.20000076293945,53.0,53.70000076293945,21000
2026-03-10,55.900001525878906,55.900001525878906,54.900001525878906,55.599998474121094,45000
2026-03-11,55.900001525878906,56.20000076293945,54.599998474121094,56.099998474121094,31000
2026-03-12,56.5,56.5,56.0,56.0,9000
2026-03-13,56.599998474121094,56.599998474121094,55.70000076293945,55.70000076293945,22085
2026-03-16,58.79999923706055,61.20000076293945,58.79999923706055,61.20000076293945,255250
2026-03-17,61.20000076293945,61.20000076293945,58.900001525878906,59.599998474121094,183500
2026-03-18,60.400001525878906,61.900001525878906,59.900001525878906,60.29999923706055,157050
2026-03-19,61.0,61.099998474121094,60.29999923706055,60.599998474121094,143100
2026-03-20,61.400001525878906,61.400001525878906,61.0,61.29999923706055,99004
2026-03-23,61.599998474121094,62.29999923706055,60.20000076293945,60.20000076293945,58060
2026-03-24,61.599998474121094,61.599998474121094,59.5,59.5,98136
2026-03-25,60.5,62.900001525878906,60.5,61.900001525878906,193070
2026-03-26,61.900001525878906,62.5,61.599998474121094,61.599998474121094,44070
2026-03-27,61.599998474121094,62.900001525878906,61.400001525878906,62.400001525878906,275100
2026-03-30,61.900001525878906,62.099998474121094,61.29999923706055,62.099998474121094,31800
2026-03-31,61.70000076293945,64.0,61.70000076293945,62.29999923706055,163021
2026-04-01,63.5,64.19999694824219,63.20000076293945,63.5,246020
2026-04-02,64.0,64.0,62.0,62.5,21000
2026-04-07,62.5,63.29999923706055,61.099998474121094,61.5,150000
2026-04-08,61.900001525878906,63.900001525878906,61.900001525878906,62.70000076293945,308020
2026-04-09,62.599998474121094,62.79999923706055,62.20000076293945,62.79999923706055,27087
2026-04-10,61.900001525878906,63.599998474121094,61.900001525878906,62.900001525878906,191150
2026-04-13,62.900001525878906,62.900001525878906,61.900001525878906,62.29999923706055,144006
2026-04-14,62.29999923706055,62.400001525878906,61.70000076293945,61.70000076293945,174100
2026-04-15,61.70000076293945,61.900001525878906,61.099998474121094,61.29999923706055,332012
2026-04-16,57.099998474121094,59.5,56.599998474121094,59.0,448010
2026-04-17,58.0,59.0,57.099998474121094,58.29999923706055,565000
2026-04-20,58.5,58.5,57.20000076293945,58.0,580000
2026-04-21,57.70000076293945,58.20000076293945,57.5,57.70000076293945,505040
2026-04-22,57.70000076293945,57.70000076293945,57.20000076293945,57.5,153000
2026-04-23,57.5,57.5,55.599998474121094,55.599998474121094,106001
2026-04-24,55.70000076293945,56.20000076293945,55.0,55.5,45000
2026-04-27,55.29999923706055,55.29999923706055,54.5,54.599998474121094,53000
2026-04-28,54.5,55.0,54.5,54.5,29352
2026-04-29,54.70000076293945,55.599998474121094,54.400001525878906,55.400001525878906,127000
2026-04-30,55.400001525878906,55.400001525878906,54.900001525878906,54.900001525878906,17200
2026-05-04,54.900001525878906,55.099998474121094,54.0,54.20000076293945,35254
2026-05-05,54.099998474121094,54.29999923706055,54.0,54.20000076293945,31000
2026-05-06,54.20000076293945,54.400001525878906,53.79999923706055,54.0,52110
2026-05-07,54.20000076293945,54.70000076293945,53.5,54.0,66020
2026-05-08,54.0,54.20000076293945,53.5,54.20000076293945,101090
2026-05-11,54.20000076293945,54.5,53.900001525878906,54.5,100000
2026-05-12,54.400001525878906,55.099998474121094,54.099998474121094,54.20000076293945,48050
2026-05-13,54.20000076293945,54.29999923706055,53.5,53.70000076293945,38070
2026-05-14,53.599998474121094,53.599998474121094,53.0,53.0,49022
2026-05-15,53.099998474121094,53.099998474121094,52.20000076293945,52.20000076293945,42000
2026-05-18,52.20000076293945,53.0,52.0,52.900001525878906,17000
2026-05-19,52.900001525878906,52.900001525878906,52.0,52.5,17000
2026-05-20,52.5,52.5,52.099998474121094,52.5,13000
2026-05-21,52.599998474121094,53.5,52.599998474121094,53.20000076293945,49000
2026-05-22,53.099998474121094,53.5,53.0,53.5,29000
2026-05-25,54.20000076293945,54.20000076293945,53.20000076293945,53.29999923706055,28000
2026-05-26,53.20000076293945,53.29999923706055,53.099998474121094,53.29999923706055,14015
2026-05-27,53.099998474121094,53.099998474121094,52.20000076293945,52.29999923706055,57000
2026-05-28,52.599998474121094,52.900001525878906,51.70000076293945,51.70000076293945,54000
2026-05-29,52.400001525878906,52.400001525878906,51.900001525878906,52.0,17000
2026-06-01,52.099998474121094,52.400001525878906,52.0,52.0,51050
2026-06-02,52.20000076293945,52.20000076293945,51.5,51.599998474121094,41000
2026-06-03,51.900001525878906,52.900001525878906,51.70000076293945,52.900001525878906,42000
2026-06-04,52.599998474121094,52.900001525878906,52.599998474121094,52.79999923706055,13000
2026-06-05,52.79999923706055,53.099998474121094,52.599998474121094,52.70000076293945,19000
2026-06-08,51.099998474121094,53.099998474121094,50.5,52.099998474121094,39010
2026-06-09,52.5,52.5,51.900001525878906,52.0,28100
2026-06-10,53.0,54.400001525878906,53.0,53.79999923706055,75010
2026-06-11,52.5,53.79999923706055,52.5,53.099998474121094,27001
2026-06-12,53.29999923706055,53.5,53.29999923706055,53.5,14000
2026-06-15,53.599998474121094,53.900001525878906,53.20000076293945,53.900001525878906,26000
2026-06-16,53.900001525878906,53.900001525878906,52.900001525878906,53.599998474121094,15000
2026-06-17,53.5,54.20000076293945,53.29999923706055,53.29999923706055,62000
2026-06-18,53.599998474121094,54.0,53.599998474121094,54.0,31000
2026-06-22,53.70000076293945,53.70000076293945,52.79999923706055,52.79999923706055,85027
2026-06-23,52.79999923706055,52.79999923706055,52.099998474121094,52.29999923706055,25000
2026-06-24,52.099998474121094,52.29999923706055,51.5,51.900001525878906,21000
2026-06-25,52.20000076293945,52.900001525878906,52.20000076293945,52.900001525878906,8000
2026-06-26,52.5,53.900001525878906,52.400001525878906,52.599998474121094,27000
2026-06-29,52.5,52.5,52.099998474121094,52.29999923706055,20005
2026-06-30,52.29999923706055,52.70000076293945,52.0,52.70000076293945,58000
2026-07-01,52.79999923706055,52.79999923706055,51.79999923706055,52.400001525878906,50000
2026-07-02,52.29999923706055,52.599998474121094,52.29999923706055,52.599998474121094,15070
2026-07-03,52.70000076293945,52.79999923706055,52.70000076293945,52.79999923706055,15000
2026-07-06,52.70000076293945,52.79999923706055,52.29999923706055,52.79999923706055,24000
2026-07-07,52.79999923706055,52.79999923706055,52.599998474121094,52.70000076293945,8000
2026-07-08,52.70000076293945,53.0,52.599998474121094,52.599998474121094,14000
2026-07-09,52.599998474121094,52.900001525878906,52.599998474121094,52.79999923706055,14000
2026-07-10,52.79999923706055,52.79999923706055,52.79999923706055,52.79999923706055,0
2026-07-13,53.20000076293945,57.900001525878906,53.20000076293945,55.79999923706055,212004
2026-07-14,54.099998474121094,54.5,53.70000076293945,54.5,19000
2026-07-15,54.5,55.29999923706055,54.400001525878906,55.29999923706055,7000
2026-07-16,55.0,55.5,54.70000076293945,55.5,19000
2026-07-17,55.0,55.0,53.70000076293945,53.70000076293945,27050
2026-07-20,54.0,54.0,53.400001525878906,53.79999923706055,8104
2026-07-21,53.79999923706055,54.400001525878906,53.79999923706055,54.400001525878906,16030
2026-07-22,54.400001525878906,54.599998474121094,54.099998474121094,54.099998474121094,6000
2026-07-23,54.0,54.099998474121094,53.900001525878906,54.099998474121094,9000
2026-07-24,53.900001525878906,53.900001525878906,53.70000076293945,53.900001525878906,6096
2026-07-27,53.70000076293945,54.20000076293945,53.70000076293945,54.0,22000
2026-07-28,53.900001525878906,53.900001525878906,52.70000076293945,52.900001525878906,29300
2026-07-29,52.79999923706055,52.79999923706055,51.5,52.20000076293945,44016
2026-07-30,52.29999923706055,52.70000076293945,52.20000076293945,52.599998474121094,19000
2026-07-31,52.79999923706055,53.0,52.599998474121094,52.599998474121094,16019
2026-08-03,53.599998474121094,53.599998474121094,53.29999923706055,53.29999923706055,5000
2026-08-04,53.29999923706055,53.599998474121094,53.29999923706055,53.599998474121094,5000
2026-08-05,53.70000076293945,53.79999923706055,53.5,53.79999923706055,5000
2026-08-06,53.79999923706055,53.900001525878906,53.79999923706055,53.900001525878906,7000
2026-08-07,54.099998474121094,54.900001525878906,54.099998474121094,54.900001525878906,11000
2026-08-10,55.0,55.79999923706055,54.79999923706055,55.099998474121094,77000
2026-08-11,55.5,55.599998474121094,55.099998474121094,55.5,20000
2026-08-12,55.400001525878906,55.400001525878906,55.20000076293945,55.20000076293945,8000
2026-08-13,55.5,55.5,54.599998474121094,54.599998474121094,45029
2026-08-14,54.70000076293945,55.0,54.5,54.79999923706055,15000
2026-08-17,54.599998474121094,54.900001525878906,54.0,54.5,9000
2026-08-18,54.599998474121094,55.0,54.099998474121094,54.29999923706055,13000
2026-08-19,54.5,54.79999923706055,54.20000076293945,54.400001525878906,15000
2026-08-20,54.400001525878906,54.70000076293945,54.400001525878906,54.70000076293945,8000
2026-08-21,54.79999923706055,56.29999923706055,54.79999923706055,55.900001525878906,50000
2026-08-24,56.29999923706055,56.29999923706055,56.0,56.29999923706055,11000
2026-08-25,56.099998474121094,56.29999923706055,56.0,56.29999923706055,15000
2026-08-26,56.099998474121094,56.099998474121094,56.0,56.099998474121094,7000
2026-08-27,55.900001525878906,55.900001525878906,55.0,55.5,26000
2026-08-28,55.20000076293945,55.29999923706055,55.20000076293945,55.29999923706055,3000
2026-08-31,55.5,55.5,55.5,55.5,6000
2026-09-01,55.29999923706055,55.400001525878906,55.29999923706055,55.400001525878906,9000
2026-09-02,55.099998474121094,55.20000076293945,55.099998474121094,55.20000076293945,2029
2026-09-03,55.20000076293945,55.20000076293945,54.5,54.70000076293945,17000
2026-09-04,54.70000076293945,54.70000076293945,54.599998474121094,54.599998474121094,5000
2026-09-07,54.70000076293945,54.70000076293945,54.5,54.5,10000
2026-09-08,54.599998474121094,54.599998474121094,54.20000076293945,54.29999923706055,10000
2026-09-09,54.29999923706055,54.29999923706055,54.099998474121094,54.099998474121094,5000
2026-09-10,54.0,54.0,53.70000076293945,53.900001525878906,23000
2026-09-11,53.5,53.5,52.20000076293945,53.29999923706055,15000
2026-09-14,53.29999923706055,53.29999923706055,53.29999923706055,53.29999923706055,0
2026-09-15,53.5,53.5,53.29999923706055,53.29999923706055,5000
2026-09-16,53.20000076293945,53.29999923706055,52.900001525878906,53.29999923706055,16000
2026-09-17,53.29999923706055,53.599998474121094,53.29999923706055,53.599998474121094,6000
2026-09-18,53.400001525878906,53.599998474121094,53.29999923706055,53.400001525878906,25000
2026-09-21,53.5,53.5,53.20000076293945,53.20000076293945,23000
2026-09-22,53.20000076293945,53.900001525878906,53.0,53.0,29000
2026-09-23,53.0,53.0,52.79999923706055,52.79999923706055,15000
2026-09-24,52.79999923706055,53.0,52.70000076293945,52.70000076293945,28000
